0
Yes
31 31
31 32
32 31
32 32
30 31
30 32
31 30
31 33
32 30
32 33
33 31
33 32
30 30
30 33
33 30
33 33
29 31
29 32
31 29
31 34
32 29
32 34
34 31
34 32
29 30
29 33
30 29
30 34
33 29
33 34
34 30
34 33
28 31
28 32
29 29
29 34
31 28
31 35
32 28
32 35
34 29
34 34
35 31
35 32
28 30
28 33
30 28
30 35
33 28
33 35
35 30
35 33
28 29
28 34
29 28
29 35
34 28
34 35
35 29
35 34
27 31
27 32
31 27
31 36
32 27
32 36
27 30
27 33
30 27
30 36
33 36
28 28
28 35
35 35
27 29
27 34
29 27
29 36
34 36
27 28
27 35
28 36
35 36
27 36
0
Yes
46 4
46 5
46 6
46 7
46 8
46 9
46 10
46 11
47 4
47 5
47 6
47 7
47 8
47 9
47 10
47 11
48 4
48 5
48 6
48 7
48 8
48 9
48 10
48 11
49 4
49 5
49 6
49 7
49 8
49 9
49 10
49 11
0
Yes
45 48
45 49
46 48
46 49
0
Yes
0 28
0 29
0 30
0 31
0 32
0 33
0 34
0 35
1 28
1 29
1 30
1 31
1 32
1 33
1 34
1 35
2 28
2 29
2 30
2 31
2 32
2 33
2 34
2 35
3 28
3 29
3 30
3 31
3 32
3 33
3 34
0
Yes
28 46
27 46
28 45
28 47
29 46
27 45
27 47
29 45
29 47
26 46
28 44
30 46
26 45
26 47
27 44
27 48
29 44
29 48
30 45
30 47
26 44
26 48
30 44
30 48
25 46
28 43
31 46
25 45
25 47
27 43
29 43
31 45
31 47
25 44
25 48
26 43
30 43
31 44
31 48
24 46
28 42
32 46
24 45
24 47
27 42
29 42
32 45
32 47
25 43
25 49
31 43
31 49
24 44
24 48
26 42
32 44
32 48
23 46
24 43
24 49
31 42
32 43
32 49
33 46
23 45
23 47
33 45
33 47
23 44
23 48
33 44
33 48
24 42
32 42
23 43
23 49
33 43
33 49
22 46
34 46
22 45
22 47
34 45
34 47
22 44
22 48
34 48
23 42
33 42
22 43
22 49
34 49
21 46
21 45
21 47
34 42
0
Yes
18 15
18 16
18 17
18 18
18 19
18 20
18 21
18 22
18 23
18 24
18 25
18 26
18 27
19 15
19 16
19 17
19 18
19 19
19 20
19 21
19 22
19 23
19 24
19 25
19 26
19 27
20 15
20 16
20 17
20 18
20 19
20 20
20 21
20 22
20 23
20 24
20 25
20 26
20 27
21 15
21 16
21 17
21 18
21 19
21 20
21 21
21 22
21 23
21 24
21 25
21 26
21 27
22 15
22 16
22 17
22 18
22 19
22 20
22 21
0
Yes
25 22
25 23
25 24
26 22
26 23
26 24
27 22
27 23
27 24
0
Yes
9 36
10 36
9 35
9 37
10 35
10 37
8 36
11 36
8 35
8 37
11 35
9 34
9 38
10 34
10 38
7 36
8 34
8 38
11 34
12 36
7 35
7 37
12 35
12 37
9 33
10 33
7 34
7 38
12 34
8 33
11 33
6 36
13 36
6 35
6 37
13 35
13 37
7 33
12 33
6 34
6 38
13 34
13 38
5 36
14 36
5 35
5 37
6 33
13 33
14 35
14 37
5 34
5 38
14 34
14 38
5 33
4 36
15 36
4 35
4 37
15 35
15 37
4 34
4 38
15 34
15 38
4 33
15 33
3 36
16 36
3 35
3 37
16 35
16 37
3 38
16 34
16 38
16 33
0
Yes
7 5
6 5
6 4
6 6
7 6
8 6
7 7
6 7
8 7
5 4
5 5
5 6
5 7
9 7
9 6
9 5
4 5
4 6
4 4
4 7
6 8
7 8
8 8
5 8
9 8
4 8
10 6
10 7
10 8
4 3
7 9
6 9
8 9
9 9
10 9
3 4
3 5
3 6
3 7
3 8
11 7
11 8
11 6
11 9
11 5
2 5
2 6
2 7
2 4
2 8
4 9
3 9
2 9
12 5
12 6
12 7
12 8
12 9
8 10
7 10
9 10
10 10
11 10
12 10
12 4
11 4
11 3
12 3
2 3
12 2
7 11
8 11
9 11
10 11
11 11
12 11
1 4
1 5
1 6
1 7
1 3
13 4
13 5
13 6
13 3
13 7
13 8
13 9
13 2
3 10
4 10
2 10
4 11
3 11
0 5
0 4
0 6
0 3
0 7
14 5
14 4
14 6
14 3
14 7
14 8
14 2
8 12
9 12
10 12
7 12
7 13
0
Yes
26 8
26 9
27 8
27 9
25 8
25 9
26 7
26 10
27 7
27 10
28 8
28 9
25 7
25 10
28 7
28 10
24 8
24 9
26 6
26 11
27 6
27 11
29 8
29 9
24 7
24 10
25 6
25 11
28 6
28 11
29 7
29 10
23 8
23 9
24 6
24 11
26 5
27 5
29 6
29 11
30 8
30 9
23 7
23 10
25 5
28 5
30 7
30 10
23 6
24 5
29 5
30 6
30 11
22 8
22 9
23 5
0
Yes
45 0
45 1
45 2
45 3
45 4
45 5
45 6
46 0
46 1
46 2
46 3
46 4
46 5
46 6
47 0
47 1
47 2
47 3
47 4
47 5
47 6
48 0
48 1
48 2
48 3
48 4
48 5
48 6
49 0
49 1
49 2
49 3
49 4
0
Yes
39 0
39 1
39 2
40 0
40 1
40 2
41 0
41 1
41 2
42 0
42 1
42 2
43 0
43 1
43 2
44 0
44 1
44 2
0
Yes
42 9
42 10
41 9
41 10
43 9
43 10
42 8
42 11
41 8
41 11
43 8
43 11
40 9
40 10
44 9
44 10
40 8
40 11
42 7
42 12
44 8
44 11
41 7
41 12
43 7
43 12
39 9
39 10
40 7
40 12
44 7
44 12
39 8
39 11
42 6
42 13
41 6
41 13
39 7
39 12
40 6
40 13
39 6
39 13
0
Yes
18 27
18 28
18 29
18 30
18 31
18 32
18 33
18 34
18 35
18 36
19 27
19 28
19 29
19 30
19 31
19 32
19 33
19 34
19 35
19 36
20 27
20 28
20 29
20 30
20 31
20 32
20 33
20 34
20 35
20 36
21 27
21 28
21 29
21 30
21 31
21 32
21 33
21 34
21 35
21 36
22 27
22 28
22 29
22 30
22 31
22 32
22 33
22 34
0
Yes
14 0
14 1
15 0
15 1
0
Yes
41 32
41 31
42 31
42 32
42 33
43 33
43 34
42 34
42 35
43 35
44 34
44 33
44 35
44 32
45 32
45 33
45 34
45 35
44 36
45 36
46 33
46 34
46 35
46 32
46 36
46 31
47 32
47 33
47 34
47 31
45 37
44 37
46 37
43 37
43 38
44 38
45 38
46 38
42 38
42 39
43 39
44 39
41 39
41 38
40 38
40 39
40 37
48 31
48 32
48 33
48 34
39 39
48 35
47 37
47 38
41 40
40 40
42 40
43 40
39 40
44 40
49 32
49 33
49 31
38 40
38 39
37 39
37 40
37 38
36 38
36 39
36 40
36 37
35 37
35 38
35 39
35 40
45 40
40 41
41 41
42 41
39 41
43 41
38 41
44 41
37 41
36 41
45 41
35 41
34 38
34 39
34 40
34 37
34 41
47 39
33 37
33 38
33 39
33 40
33 41
41 42
40 42
42 42
39 42
43 42
38 42
44 42
45 42
32 38
32 39
32 40
32 37
32 41
0
Yes
22 26
21 26
21 25
20 25
20 26
20 24
21 24
19 26
19 25
19 24
21 23
20 23
19 23
18 25
18 24
18 26
18 23
20 22
19 22
21 22
18 22
17 26
17 25
17 27
21 21
20 21
19 21
18 21
22 21
17 23
22 20
21 20
20 20
19 20
18 20
16 27
16 26
23 20
23 21
23 22
24 22
24 23
16 28
17 28
17 29
16 29
17 21
21 19
22 19
20 19
19 19
23 19
18 19
15 28
15 27
24 19
22 18
21 18
20 18
19 18
18 18
17 19
17 18
21 17
20 17
19 17
18 17
22 17
17 17
16 18
16 17
22 16
21 16
20 16
19 16
18 16
17 16
16 16
21 15
20 15
19 15
18 15
17 15
22 15
16 15
23 15
15 17
15 16
15 15
23 14
20 14
21 14
19 14
18 14
17 14
16 14
15 14
14 16
21 13
20 13
19 13
18 13
17 13
16 13
15 13
20 12
19 12
17 12
15 12
14 12
14 11
13 11
17 30
16 23
15 23
25 19
25 18
16 21
14 28
13 28
13 29
25 17
24 17
24 16
24 15
26 17
25 15
25 14
13 30
12 30
11 30
11 29
11 31
11 28
25 13
0
Yes
4 22
4 21
5 21
5 22
6 22
6 21
5 20
4 20
6 20
3 20
6 23
4 19
5 19
6 19
7 21
7 22
7 20
7 23
7 19
7 24
6 24
5 24
5 25
6 25
7 25
4 25
8 22
8 21
8 23
8 20
8 24
8 19
8 25
5 18
6 18
7 18
8 18
6 26
5 26
7 26
8 26
9 21
9 22
9 23
9 20
9 24
6 17
7 17
5 17
4 17
4 16
5 16
6 16
0
Yes
0 36
0 37
0 38
0 39
1 36
1 37
1 38
1 39
2 36
2 37
2 38
0
Yes
7 0
7 1
7 2
8 0
8 1
8 2
9 0
9 1
0
Yes
7 36
7 37
6 36
6 37
8 36
8 37
7 35
7 38
6 35
6 38
8 35
8 38
5 36
5 37
9 36
9 37
5 35
5 38
7 34
7 39
9 35
9 38
6 34
6 39
8 34
8 39
4 36
4 37
10 36
10 37
5 34
5 39
9 34
9 39
4 35
4 38
10 35
10 38
7 33
6 33
8 33
4 34
10 34
10 39
3 36
3 37
5 33
9 33
3 35
3 38
0
Yes
48 22
48 21
47 21
49 21
47 20
48 20
49 20
46 20
48 19
47 19
49 19
46 19
47 18
48 18
49 18
46 18
45 19
45 20
45 18
45 21
44 20
44 19
44 18
48 17
47 17
46 17
49 17
43 19
43 20
43 18
43 21
42 21
42 20
42 19
42 18
42 22
43 22
43 23
42 23
44 23
44 24
43 24
42 24
47 16
48 16
49 16
46 16
44 17
43 17
42 17
41 22
41 21
41 23
41 20
41 19
41 24
43 16
42 16
40 23
40 22
40 24
40 20
40 19
40 25
41 17
41 16
39 22
39 25
39 26
40 26
40 27
39 27
41 27
41 28
40 28
39 28
42 28
42 27
43 27
43 28
42 29
41 29
40 29
39 29
41 15
40 16
40 17
40 15
39 17
39 16
39 15
41 30
40 30
38 26
38 27
38 28
38 25
38 29
40 14
41 14
39 14
42 14
38 16
38 15
38 17
38 14
38 18
37 18
37 17
37 16
37 15
37 14
37 19
36 19
36 18
36 17
37 28
37 29
38 30
37 30
38 13
37 13
35 18
35 19
36 15
36 29
36 30
34 19
34 18
34 20
34 17
37 12
38 12
38 11
36 13
36 12
36 31
0
Yes
17 19
17 18
16 18
18 18
18 19
18 20
19 19
19 18
19 20
16 17
17 17
18 17
19 17
15 17
19 21
18 21
17 21
17 16
16 16
18 16
15 16
19 16
18 22
19 22
20 18
20 19
20 20
20 17
20 21
20 16
20 22
21 19
21 18
21 20
21 17
21 21
21 16
21 22
16 15
17 15
18 15
19 15
20 15
15 15
21 15
14 16
19 23
20 23
18 23
21 23
17 23
17 14
16 14
18 14
19 14
20 14
15 14
21 14
18 24
19 24
20 24
21 24
22 18
22 19
22 20
22 17
22 21
22 16
22 15
23 19
23 20
23 21
16 13
17 13
18 13
19 13
20 13
15 13
21 13
19 25
20 25
18 25
21 25
17 25
23 22
17 12
17 26
18 26
19 26
0
Yes
33 39
33 40
34 39
34 40
32 39
32 40
33 38
33 41
34 38
34 41
35 39
35 40
32 38
32 41
35 38
35 41
31 39
31 40
33 37
34 37
36 39
36 40
31 38
32 37
35 37
36 38
36 41
30 39
31 37
36 37
0
Yes
19 0
19 1
19 2
20 0
20 1
20 2
21 0
21 1
21 2
22 0
22 1
22 2
23 0
23 1
0
Yes
39 39
38 39
38 40
39 40
40 40
40 39
40 38
39 41
38 41
40 41
41 39
41 40
41 38
41 41
37 40
37 39
37 41
37 38
38 42
39 42
40 42
41 42
42 38
42 39
42 40
42 41
42 42
43 39
43 40
43 41
43 38
43 42
40 43
41 43
43 37
44 38
44 39
44 40
44 41
44 37
44 42
41 44
40 44
42 44
44 36
45 40
45 41
45 42
45 37
45 38
45 36
42 45
41 45
46 38
46 37
46 36
43 45
45 35
44 35
46 35
43 35
43 34
44 34
45 34
46 34
42 34
42 35
42 33
43 33
44 33
45 33
46 33
45 43
41 46
42 46
40 46
40 47
41 47
39 47
39 46
47 37
47 38
47 39
44 32
45 32
46 32
39 48
40 48
41 48
47 34
47 33
47 32
42 48
40 49
41 49
39 49
42 49
38 49
46 31
47 31
43 49
43 48
48 33
48 32
48 34
48 31
48 35
49 32
49 33
49 31
40 37
40 36
38 43
0
No
0
Yes
30 43
29 43
29 42
29 44
30 44
31 44
31 43
31 42
30 45
29 45
31 45
32 43
32 44
32 42
32 45
28 42
28 43
28 44
28 45
28 41
29 41
27 43
27 42
27 44
27 41
27 45
29 46
30 46
31 46
28 46
32 46
27 46
33 42
33 43
33 44
33 45
33 46
30 47
29 47
31 47
28 47
32 47
27 47
33 47
26 42
26 43
26 44
26 45
26 46
26 41
26 47
27 40
28 40
28 39
27 39
34 45
34 46
34 47
25 43
25 44
25 45
25 46
25 47
29 48
30 48
31 48
32 48
33 48
34 48
27 48
26 48
25 48
35 46
35 47
35 45
35 48
24 44
24 45
24 46
24 47
24 43
24 48
24 42
31 49
32 49
33 49
34 49
35 49
23 43
23 44
23 45
23 46
23 47
23 42
23 48
36 47
36 46
36 48
36 49
23 41
24 41
24 40
23 40
25 49
24 49
23 49
22 44
22 43
22 45
22 46
22 47
22 48
22 49
23 39
24 39
37 48
37 47
37 49
21 45
21 46
21 47
21 48
0
Yes
2 43
2 44
3 43
3 44
4 43
0
No
0
Yes
27 28
27 29
27 30
27 31
27 32
27 33
27 34
27 35
27 36
28 28
28 29
28 30
28 31
28 32
28 33
28 34
28 35
28 36
29 28
29 29
29 30
29 31
29 32
29 33
29 34
29 35
29 36
30 28
30 29
30 30
30 31
30 32
30 33
30 34
30 35
30 36
31 28
31 29
31 30
31 31
31 32
31 33
31 34
31 35
31 36
32 28
32 29
32 30
32 31
32 32
32 33
32 34
32 35
32 36
33 28
33 29
33 30
33 31
33 32
33 33
33 34
33 35
33 36
34 28
34 29
34 30
34 31
34 32
34 33
34 34
34 35
0
No
0
Yes
26 8
26 9
27 8
27 9
25 8
25 9
26 7
26 10
27 7
27 10
28 8
28 9
25 7
25 10
28 7
28 10
24 8
24 9
26 6
26 11
27 6
27 11
29 8
29 9
24 7
24 10
25 6
25 11
28 6
28 11
29 7
29 10
23 8
23 9
24 6
24 11
26 5
27 5
29 6
29 11
30 8
30 9
23 7
23 10
25 5
28 5
30 7
30 10
23 6
24 5
29 5
30 6
30 11
22 8
22 9
23 5
0
Yes
39 27
39 28
39 29
40 27
40 28
40 29
41 27
41 28
41 29
42 27
42 28
42 29
43 27
43 28
0
Yes
44 0
44 1
44 2
44 3
44 4
45 0
45 1
45 2
45 3
45 4
46 0
46 1
46 2
46 3
46 4
47 0
47 1
47 2
47 3
47 4
48 0
48 1
48 2
48 3
48 4
49 0
49 1
49 2
49 3
49 4
0
Yes
41 10
41 11
42 10
42 11
40 10
40 11
41 9
41 12
42 9
42 12
43 10
43 11
40 9
40 12
43 9
43 12
39 10
39 11
41 8
41 13
42 8
42 13
44 10
44 11
39 9
39 12
40 8
40 13
43 8
44 9
44 12
38 11
39 8
39 13
41 7
41 14
42 7
42 14
44 8
38 12
40 7
40 14
43 7
38 8
38 13
39 7
39 14
44 7
41 6
42 6
40 6
38 7
38 14
0
Yes
7 22
7 23
6 22
6 23
8 22
8 23
7 21
7 24
6 21
6 24
8 21
8 24
5 22
9 22
9 23
5 21
5 24
7 20
7 25
9 21
9 24
6 20
6 25
8 20
8 25
4 22
5 20
5 25
9 20
4 21
7 19
7 26
6 19
6 26
8 19
8 26
4 20
4 25
5 19
5 26
7 18
4 19
6 18
8 18
0
Yes
43 19
42 19
42 18
43 18
42 20
43 20
44 18
44 19
44 20
43 17
42 17
44 17
43 21
42 21
45 19
45 18
45 20
41 20
41 19
41 21
41 17
45 21
40 19
40 20
42 16
43 16
41 16
42 22
43 22
41 22
46 18
46 19
46 20
46 17
43 23
42 23
41 23
47 19
47 18
47 20
47 17
44 23
40 16
40 17
40 22
40 23
39 17
39 16
41 15
40 15
39 15
47 21
47 16
46 16
42 24
43 24
41 24
44 24
40 24
48 18
48 19
48 20
48 17
48 21
48 16
38 16
38 17
38 15
38 18
48 22
49 19
49 18
49 20
49 17
49 21
49 16
37 18
37 17
37 16
37 15
37 19
44 25
40 25
36 19
36 18
36 17
39 25
37 14
35 18
35 19
36 15
39 26
40 26
38 26
38 25
34 19
34 18
34 20
34 17
38 27
33 18
33 19
33 20
33 17
33 21
34 21
34 22
33 16
32 19
32 18
32 17
32 16
31 18
31 17
31 19
31 16
39 22
44 26
45 26
46 26
46 27
47 26
37 13
36 13
36 12
37 12
37 26
34 23
38 28
37 28
37 29
38 29
38 30
37 30
36 29
36 30
35 30
35 29
36 31
35 31
35 32
36 32
36 33
0
Yes
46 5
46 6
46 7
46 8
46 9
46 10
47 5
47 6
47 7
47 8
47 9
47 10
48 5
48 6
48 7
48 8
48 9
48 10
49 5
49 6
49 7
49 8
0
Yes
13 35
13 36
13 37
13 38
14 35
14 36
14 37
14 38
15 35
15 36
15 37
15 38
16 35
16 36
16 37
16 38
17 35
17 36
17 37
0
Yes
15 14
15 13
16 13
16 14
16 15
15 15
15 16
16 16
17 14
17 15
17 13
17 16
14 16
17 12
16 17
15 17
17 17
18 13
18 14
18 15
18 16
18 17
19 14
19 15
19 16
19 13
19 17
17 18
16 18
18 18
19 18
19 12
20 13
20 14
20 15
20 16
20 17
20 12
20 18
18 19
17 19
19 19
20 19
21 14
21 13
21 15
21 16
21 17
21 18
21 19
22 15
22 16
22 17
22 18
22 19
19 20
18 20
20 20
21 20
22 20
18 21
19 21
20 21
21 21
22 21
17 21
19 22
18 22
20 22
21 22
23 19
23 20
23 21
18 23
19 23
20 23
21 23
17 23
19 24
18 24
20 24
21 24
23 22
18 25
19 25
20 25
21 25
0
Yes
39 7
39 8
39 9
39 10
39 11
39 12
40 7
40 8
40 9
40 10
40 11
40 12
41 7
41 8
41 9
41 10
41 11
41 12
42 7
42 8
42 9
42 10
42 11
42 12
43 7
43 8
43 9
43 10
43 11
43 12
44 7
44 8
44 9
44 10
0
Yes
33 39
32 39
33 38
33 40
34 39
32 38
32 40
34 38
34 40
31 39
33 37
33 41
35 39
31 38
31 40
32 37
32 41
34 37
34 41
35 38
35 40
31 37
35 37
35 41
30 39
36 39
30 38
34 36
36 38
36 40
30 37
35 36
36 37
36 41
29 38
36 36
29 37
0
Yes
37 38
37 39
38 39
38 40
37 40
39 40
39 39
37 41
38 41
39 41
40 39
40 40
40 41
40 38
41 38
41 39
41 40
41 41
38 42
39 42
40 42
41 42
42 39
42 40
42 41
42 38
42 42
40 43
41 43
43 38
43 39
43 40
43 41
43 42
43 37
44 37
44 38
44 39
44 40
44 41
44 42
41 44
40 44
44 36
42 44
45 38
45 37
45 36
45 40
45 41
45 42
45 35
44 35
43 35
43 34
44 34
45 34
42 34
42 35
42 33
43 33
44 33
45 33
42 45
41 45
41 46
42 46
40 46
46 37
46 36
46 35
46 34
46 38
46 33
43 45
44 32
45 32
46 32
45 43
40 47
41 47
39 47
39 46
47 38
47 37
47 39
39 48
40 48
41 48
47 34
47 33
47 32
42 48
40 49
41 49
39 49
42 49
38 49
46 31
47 31
48 33
48 32
48 34
48 31
48 35
43 49
43 48
49 32
49 33
49 31
40 37
0
Yes
41 6
40 6
40 5
39 5
39 6
39 4
40 4
38 6
38 5
38 4
38 7
40 3
39 3
38 3
41 3
41 2
40 2
39 2
37 5
37 6
37 4
37 7
37 3
42 2
37 8
38 8
36 6
36 5
36 7
36 4
36 8
36 3
40 1
41 1
42 1
39 1
43 1
43 2
36 9
41 0
40 0
42 0
39 0
43 0
35 7
35 8
35 9
35 4
35 3
0
Yes
46 20
45 20
45 19
46 19
45 21
47 19
47 20
47 21
46 18
45 18
47 18
48 20
48 19
48 21
48 18
44 19
44 20
44 18
48 22
43 20
43 19
43 18
43 21
47 17
46 17
48 17
49 19
49 20
49 21
49 18
49 17
44 17
43 17
46 16
47 16
48 16
49 16
42 19
42 20
42 18
42 21
42 17
42 22
43 22
43 23
42 23
44 23
44 24
43 24
42 24
41 20
41 19
41 21
41 22
0
Yes
6 41
6 42
6 43
7 41
7 42
7 43
8 41
8 42
8 43
9 41
9 42
9 43
10 41
10 42
10 43
0
No
0
No
0
Yes
20 31
20 32
19 31
19 32
21 31
21 32
20 30
20 33
19 30
19 33
21 30
21 33
18 31
18 32
22 31
22 32
18 30
18 33
20 29
20 34
22 30
22 33
19 29
19 34
21 29
21 34
17 32
18 29
18 34
22 29
22 34
17 30
17 33
20 28
20 35
19 28
19 35
21 28
21 35
17 29
17 34
18 28
18 35
22 28
20 27
20 36
17 28
17 35
19 27
19 36
21 27
21 36
18 27
18 36
22 27
17 27
17 36
20 26
19 26
21 26
18 26
22 26
17 26
0
No
0
Yes
38 27
38 28
38 29
39 27
39 28
39 29
40 27
40 28
40 29
41 27
41 28
41 29
42 27
42 28
42 29
43 27
43 28
0
No
0
Yes
18 18
17 18
17 17
18 17
17 19
18 19
19 17
19 18
19 19
18 16
17 16
19 16
18 20
19 20
20 18
20 17
20 19
20 16
20 20
16 17
16 18
16 16
17 15
18 15
19 15
16 15
20 15
19 21
18 21
20 21
17 21
21 17
21 18
21 19
21 16
21 20
21 15
21 21
15 16
15 17
15 15
18 14
17 14
19 14
16 14
20 14
15 14
21 14
18 22
19 22
20 22
21 22
22 18
22 17
22 19
22 16
22 20
22 15
22 21
17 13
18 13
19 13
16 13
20 13
15 13
21 13
19 23
20 23
0
Yes
10 7
9 7
9 6
10 6
9 8
10 8
11 6
11 7
11 8
10 9
9 9
11 9
12 7
12 8
12 6
12 9
8 6
8 7
8 8
8 9
11 5
12 5
7 7
7 8
7 6
7 9
9 10
10 10
11 10
8 10
12 10
7 10
13 6
13 7
13 8
13 9
13 5
7 5
12 4
11 4
13 4
10 11
9 11
11 11
8 11
12 11
7 11
14 7
14 6
14 8
14 5
14 4
6 6
6 7
6 8
6 9
6 5
11 3
12 3
13 3
14 3
5 7
5 6
5 8
5 5
6 4
5 4
13 11
9 12
10 12
8 12
7 12
15 6
15 7
15 5
15 8
12 2
13 2
14 2
15 9
0
No
0
Yes
14 16
13 16
13 15
13 17
12 15
12 16
12 17
12 18
13 18
11 16
11 15
11 18
10 15
12 19
9 15
9 14
8 14
8 15
8 16
8 13
9 13
7 16
7 15
7 14
7 13
7 17
6 17
6 16
5 16
5 17
5 18
4 17
4 16
4 15
3 15
3 14
4 14
2 14
2 13
3 13
3 12
2 12
4 12
4 11
3 11
3 10
4 10
4 9
3 9
1 13
1 14
1 15
2 10
2 9
3 8
4 8
2 8
4 7
3 7
2 7
0 14
0 13
0 12
3 6
4 6
2 6
4 5
3 5
2 5
1 7
1 6
1 5
3 4
2 4
4 4
1 4
4 3
0 6
0 5
0 7
0 4
2 3
1 3
0 3
4 2
4 1
5 1
5 0
4 0
6 0
6 1
7 1
7 0
7 2
8 2
8 1
8 0
9 1
9 0
3 1
3 0
2 0
0
No
0
No
0
Yes
46 20
45 20
45 19
46 19
45 21
47 19
47 20
47 21
46 18
45 18
47 18
48 20
48 19
48 21
48 18
44 19
44 20
44 18
48 22
43 20
43 19
43 18
43 21
47 17
46 17
48 17
49 19
49 20
49 21
49 18
49 17
44 17
43 17
46 16
47 16
48 16
49 16
42 19
42 20
42 18
42 21
42 17
42 22
43 22
43 23
42 23
44 23
44 24
43 24
42 24
41 20
41 19
41 21
41 22
41 23
41 24
43 16
42 16
41 17
41 16
40 19
40 20
40 22
40 23
40 24
41 15
40 16
40 17
40 15
39 17
39 16
39 15
0
Yes
33 39
33 40
34 39
34 40
32 39
32 40
33 38
33 41
34 38
34 41
35 39
35 40
32 38
32 41
35 38
35 41
31 39
31 40
33 37
34 37
36 39
36 40
31 38
32 37
35 37
36 38
36 41
30 39
31 37
36 37
30 38
30 37
0
Yes
31 31
31 32
31 33
31 34
31 35
31 36
32 31
32 32
32 33
32 34
32 35
32 36
33 31
33 32
33 33
33 34
33 35
33 36
34 31
34 32
34 33
34 34
34 35
34 36
35 31
35 32
35 33
35 34
35 35
35 36
36 31
36 32
36 33
36 34
36 35
36 36
0
Yes
26 33
25 33
25 32
26 32
25 34
26 34
27 32
27 33
27 34
26 31
25 31
27 31
28 33
28 32
28 34
28 31
24 32
24 33
24 31
27 35
28 35
23 33
23 32
23 31
27 30
28 30
29 32
29 33
29 34
29 31
29 35
29 30
28 36
27 36
29 36
30 33
30 32
30 34
30 31
30 35
30 30
30 36
28 29
29 29
27 29
30 29
26 29
26 28
27 28
28 28
29 28
30 28
0
Yes
39 0
39 1
39 2
40 0
40 1
40 2
41 0
41 1
41 2
42 0
42 1
42 2
43 0
43 1
0
Yes
40 11
39 11
39 10
40 10
39 12
40 12
41 10
41 11
41 12
40 9
39 9
41 9
40 13
39 13
41 13
42 11
42 10
42 12
42 9
42 13
38 12
38 11
38 13
39 8
40 8
41 8
42 8
39 14
40 14
41 14
38 14
42 14
43 10
43 11
43 12
43 9
43 8
37 13
37 12
37 14
38 8
40 7
39 7
41 7
42 7
38 7
43 7
44 11
44 10
44 9
44 8
44 12
44 7
36 12
36 13
38 15
37 15
37 7
37 8
36 8
36 7
36 9
39 6
40 6
41 6
38 6
42 6
37 6
36 6
45 12
45 11
35 9
35 8
35 7
35 10
36 10
36 15
37 16
38 16
40 5
39 5
38 5
37 5
36 5
46 11
46 12
46 10
38 17
37 17
45 7
39 4
38 4
37 4
40 4
36 4
45 6
47 10
47 11
47 12
36 17
47 9
46 9
46 8
46 7
47 8
46 6
47 7
47 6
47 13
37 18
38 18
36 18
40 3
39 3
38 3
37 3
36 3
48 11
48 10
48 9
48 8
48 7
48 6
41 3
46 5
47 5
45 5
48 5
35 4
35 3
35 18
36 19
37 19
35 19
49 10
49 9
49 8
49 7
49 6
49 11
49 5
0
No
0
No
0
No
0
Yes
22 43
22 44
22 45
22 46
22 47
23 43
23 44
23 45
23 46
23 47
24 43
24 44
24 45
24 46
24 47
25 43
25 44
25 45
25 46
25 47
26 43
26 44
26 45
26 46
26 47
27 43
27 44
27 45
27 46
27 47
28 43
28 44
28 45
28 46
28 47
29 43
29 44
29 45
29 46
29 47
30 43
30 44
30 45
30 46
30 47
31 43
31 44
31 45
31 46
31 47
32 43
32 44
0
No
0
Yes
18 15
18 16
18 17
18 18
18 19
18 20
18 21
18 22
18 23
18 24
18 25
19 15
19 16
19 17
19 18
19 19
19 20
19 21
19 22
19 23
19 24
19 25
20 15
20 16
20 17
20 18
20 19
20 20
20 21
20 22
20 23
20 24
20 25
21 15
21 16
21 17
21 18
21 19
21 20
21 21
21 22
21 23
21 24
21 25
22 15
22 16
22 17
22 18
22 19
22 20
0
Yes
31 16
31 17
31 18
31 19
32 16
32 17
32 18
32 19
33 16
33 17
33 18
0
Yes
7 10
7 11
7 12
7 13
7 14
7 15
8 10
8 11
8 12
8 13
8 14
8 15
9 10
9 11
9 12
9 13
9 14
9 15
10 10
10 11
10 12
0
Yes
41 31
41 32
42 31
42 32
0
Yes
7 37
6 37
6 36
7 36
6 38
7 38
8 36
8 37
8 38
7 35
6 35
8 35
7 39
6 39
8 39
9 37
9 36
9 38
9 35
9 39
5 36
5 37
5 38
5 35
5 39
4 37
4 36
4 38
4 35
6 34
7 34
8 34
5 34
9 34
4 34
8 40
7 40
9 40
10 36
10 37
10 38
10 35
10 39
10 34
10 40
7 33
6 33
8 33
5 33
9 33
4 33
10 33
7 41
8 41
9 41
10 41
3 36
3 37
3 35
3 38
6 41
3 39
11 35
11 36
11 34
11 33
11 40
6 32
5 32
4 32
6 42
7 42
8 42
9 42
10 42
12 36
12 35
12 34
12 33
12 37
7 43
8 43
9 43
6 43
10 43
13 37
13 36
13 35
13 34
13 33
0
Yes
23 39
23 40
23 41
24 39
24 40
24 41
0
Yes
43 7
42 7
42 6
42 8
43 8
44 8
44 7
43 9
42 9
44 9
45 7
41 6
41 7
41 8
41 9
45 6
40 7
40 8
40 6
40 9
42 10
43 10
41 10
44 10
40 10
46 6
46 7
46 8
40 5
46 5
45 5
43 11
42 11
41 11
44 11
40 11
47 7
47 6
47 8
47 5
39 6
39 7
39 8
39 9
39 10
39 5
39 11
45 11
47 9
46 9
46 10
47 10
46 11
47 11
38 7
38 6
38 8
38 5
39 4
40 4
38 4
40 3
39 3
38 3
41 3
42 12
43 12
44 12
41 12
45 12
40 12
46 12
39 12
47 12
48 6
48 7
48 8
48 9
48 10
48 11
48 5
49 7
49 6
49 8
49 9
49 10
49 5
49 11
37 6
37 7
37 5
37 4
37 8
37 3
41 13
42 13
40 13
39 13
38 11
38 12
38 13
36 7
36 6
36 5
36 4
36 8
36 3
42 14
41 14
40 14
39 14
38 14
0
Yes
0 3
0 4
0 5
0 6
0 7
1 3
1 4
1 5
1 6
1 7
2 3
2 4
2 5
2 6
2 7
0
Yes
15 16
14 16
15 15
16 15
16 16
16 17
15 17
17 16
17 15
17 17
16 14
15 14
17 14
17 18
16 18
15 13
16 13
17 13
18 15
18 16
18 17
18 14
18 18
18 13
19 16
19 15
19 17
19 14
19 18
19 13
18 19
17 19
19 19
17 12
20 15
20 16
20 17
20 14
20 18
20 13
20 19
19 12
20 12
19 20
18 20
20 20
18 21
19 21
20 21
17 21
21 16
21 15
21 17
21 14
21 18
21 13
21 19
21 20
21 21
22 15
22 16
22 17
22 18
22 19
22 20
22 21
19 22
18 22
20 22
21 22
18 23
19 23
20 23
21 23
17 23
23 19
23 20
23 21
19 24
18 24
20 24
21 24
18 25
19 25
20 25
0
Yes
39 9
39 8
38 8
40 8
40 9
40 10
39 10
39 11
40 11
41 9
41 10
41 8
41 11
38 7
39 7
40 7
41 7
38 11
37 7
37 8
39 6
38 6
40 6
37 6
41 6
36 8
36 7
36 6
36 9
38 12
39 12
40 12
41 12
42 8
42 9
42 10
42 7
42 11
42 6
42 12
37 12
35 9
35 8
35 7
39 13
38 13
40 13
41 13
37 13
42 13
43 9
43 8
43 10
43 7
43 11
43 12
35 10
36 10
38 5
39 5
40 5
37 5
36 5
36 13
36 12
39 4
38 4
37 4
40 4
36 4
38 14
39 14
40 14
37 14
41 14
42 14
44 8
44 9
44 10
44 11
44 7
44 12
38 3
39 3
0
Yes
5 33
5 34
5 35
5 36
5 37
5 38
5 39
6 33
6 34
6 35
6 36
6 37
6 38
6 39
7 33
7 34
7 35
7 36
7 37
7 38
7 39
8 33
8 34
8 35
8 36
8 37
8 38
8 39
9 33
9 34
9 35
9 36
9 37
9 38
9 39
10 33
10 34
10 35
10 36
10 37
10 38
10 39
11 33
11 34
11 35
0
Yes
6 4
5 4
5 5
6 5
7 5
6 6
5 6
7 6
4 5
4 4
4 6
4 3
8 6
3 4
3 5
3 6
5 7
6 7
7 7
4 7
8 7
3 7
6 8
5 8
7 8
4 8
8 8
3 8
9 7
9 6
9 8
9 5
10 6
10 7
10 8
7 9
6 9
8 9
9 9
10 9
4 9
3 9
2 8
2 9
11 7
11 8
11 6
11 9
11 5
12 5
12 6
12 7
12 8
12 9
12 4
11 4
11 3
12 3
8 10
7 10
9 10
10 10
11 10
12 10
12 2
3 10
4 10
2 10
13 4
13 3
13 5
13 6
13 7
13 8
13 9
13 2
7 11
8 11
9 11
10 11
11 11
12 11
4 11
3 11
14 3
14 4
14 5
14 6
14 7
14 8
14 2
8 12
9 12
10 12
7 12
3 12
4 12
2 12
7 13
8 13
9 13
15 5
15 6
15 7
15 8
15 2
15 3
2 13
3 13
13 11
16 3
8 14
7 14
9 14
16 6
16 7
16 5
16 8
1 13
15 9
3 14
2 14
1 14
4 14
7 15
8 15
9 15
4 15
3 15
0 14
0 13
0
Yes
25 22
25 23
25 24
26 22
26 23
26 24
27 22
27 23
27 24
0
Yes
23 31
23 32
23 33
24 31
24 32
24 33
25 31
25 32
25 33
0
Yes
41 31
41 32
42 31
42 32
0
Yes
29 32
29 33
28 32
28 33
30 32
30 33
29 31
29 34
28 31
28 34
30 31
30 34
27 32
27 33
27 31
27 34
29 30
29 35
28 30
28 35
30 30
30 35
26 32
26 33
27 30
27 35
31 30
26 31
26 34
29 29
29 36
28 29
28 36
30 29
30 36
27 29
27 36
31 29
29 28
29 37
26 29
28 28
28 37
30 28
30 37
27 28
31 28
31 37
26 28
29 27
30 27
31 27
26 27
0
Yes
28 7
27 7
27 6
28 6
27 8
28 8
29 6
29 7
29 8
28 5
27 5
29 5
28 9
27 9
29 9
30 7
30 6
30 8
30 5
30 9
26 6
26 7
26 8
26 5
26 9
25 7
25 6
25 8
25 5
25 9
27 4
27 10
28 10
29 10
26 10
30 10
25 10
29 4
30 4
31 6
31 7
31 5
31 4
31 9
31 10
28 11
27 11
29 11
26 11
30 11
25 11
32 7
24 6
24 7
24 8
24 9
24 10
24 5
24 11
25 4
24 4
30 3
31 3
23 7
23 6
23 8
23 5
23 9
23 10
23 4
32 4
32 3
27 12
28 12
29 12
26 12
25 12
31 2
30 2
32 2
28 13
27 13
26 13
29 13
25 13
22 6
22 5
22 4
22 8
22 9
30 13
23 3
22 3
33 3
33 2
27 14
32 1
31 1
33 1
21 5
21 4
21 3
25 14
22 2
21 2
34 2
34 3
34 1
35 3
35 4
20 4
21 1
22 1
23 1
23 0
22 0
21 0
34 0
20 2
20 1
20 0
19 1
19 2
19 0
18 2
18 1
18 0
18 3
17 1
17 0
27 3
31 13
31 14
24 1
25 1
25 2
32 13
33 13
0
Yes
34 39
33 39
34 38
34 40
35 39
33 38
33 40
35 38
35 40
32 39
34 37
34 41
36 39
32 38
32 40
33 37
33 41
35 37
35 41
36 38
36 40
32 37
32 41
36 37
36 41
31 39
37 39
31 38
31 40
37 38
37 40
37 41
30 39
30 38
0
No
0
No
0
Yes
41 38
40 38
40 37
40 39
41 39
42 39
42 38
41 40
40 40
42 40
43 38
43 39
43 40
39 39
39 40
43 37
40 41
41 41
42 41
39 41
43 41
44 37
44 38
44 39
44 40
44 41
38 40
38 39
38 41
44 36
41 42
40 42
42 42
39 42
43 42
38 42
44 42
45 38
45 37
45 36
45 40
45 41
45 42
45 35
44 35
43 35
43 34
44 34
45 34
42 34
42 35
40 43
41 43
42 33
43 33
44 33
45 33
46 37
46 36
46 35
46 34
46 38
46 33
0
Yes
47 8
48 8
47 7
47 9
48 7
48 9
46 8
49 8
46 7
46 9
49 7
49 9
47 6
47 10
48 6
48 10
46 6
46 10
49 6
49 10
45 7
47 5
47 11
48 5
48 11
45 6
46 5
46 11
49 5
49 11
0
Yes
7 23
6 23
7 22
7 24
8 23
6 22
6 24
8 22
8 24
7 21
7 25
9 23
5 22
5 24
6 21
6 25
8 21
8 25
9 22
9 24
5 21
5 25
9 21
7 20
7 26
4 22
6 20
6 26
8 20
8 26
4 21
4 25
5 20
5 26
9 20
7 19
6 19
8 19
4 20
5 19
4 19
0
No
0
Yes
42 46
41 46
41 45
42 45
41 47
43 45
42 44
41 44
40 47
40 46
40 44
40 48
41 48
42 48
39 46
39 47
39 48
42 49
41 49
40 49
39 49
43 49
43 48
38 49
44 45
44 44
45 45
45 46
46 46
46 45
47 45
37 49
37 48
36 48
36 49
36 47
37 47
35 47
35 48
35 49
35 46
36 46
34 46
34 47
34 48
34 49
34 45
35 45
33 45
33 46
33 47
33 48
33 49
33 44
32 46
32 45
32 47
32 48
32 49
31 48
31 49
48 45
48 46
49 46
49 45
49 47
48 47
48 48
49 48
47 48
47 49
48 49
49 49
0
No
0
Yes
25 22
25 23
25 24
26 22
26 23
26 24
27 22
27 23
27 24
0
No
0
Yes
19 32
18 32
19 31
19 33
20 32
18 31
18 33
20 31
20 33
17 32
19 30
19 34
21 32
17 33
18 30
18 34
20 30
20 34
21 31
21 33
17 30
17 34
21 30
21 34
19 29
19 35
22 32
16 33
18 29
18 35
20 29
20 35
22 31
22 33
16 34
17 29
17 35
21 29
21 35
22 30
22 34
19 28
19 36
15 33
15 32
18 28
18 36
20 28
20 36
16 29
16 35
22 29
15 34
17 28
17 36
21 28
21 36
15 35
16 28
16 36
19 27
19 37
22 28
18 27
18 37
20 27
20 37
17 27
17 37
21 27
15 28
15 36
16 27
16 37
22 27
19 26
18 26
20 26
17 26
21 26
15 27
15 37
0
Yes
25 5
25 6
25 7
25 8
25 9
25 10
25 11
25 12
25 13
26 5
26 6
26 7
26 8
26 9
26 10
26 11
26 12
26 13
27 5
27 6
27 7
27 8
27 9
27 10
27 11
27 12
27 13
28 5
28 6
28 7
28 8
28 9
28 10
28 11
28 12
28 13
29 5
29 6
29 7
29 8
29 9
29 10
29 11
29 12
29 13
30 5
30 6
30 7
30 8
30 9
0
Yes
23 31
23 32
23 33
24 31
24 32
24 33
25 31
25 32
25 33
0
Yes
8 40
8 41
8 42
8 43
9 40
9 41
9 42
9 43
10 40
10 41
10 42
10 43
11 40
0
Yes
18 0
18 1
18 2
19 0
19 1
19 2
20 0
20 1
20 2
21 0
21 1
21 2
22 0
22 1
22 2
23 0
23 1
0
No
0
Yes
38 8
37 8
37 7
38 7
39 7
39 8
39 9
38 6
37 6
39 6
40 8
40 7
40 9
40 6
36 7
36 8
36 6
36 9
40 10
39 10
35 8
35 7
35 9
37 5
38 5
39 5
36 5
40 5
39 11
40 11
38 11
41 7
41 8
41 9
41 6
41 10
41 11
35 10
36 10
38 4
37 4
39 4
36 4
40 4
38 12
39 12
40 12
41 12
42 8
42 7
42 9
42 10
42 11
42 6
42 12
37 12
35 4
37 3
38 3
39 3
36 3
40 3
35 3
37 13
38 13
39 13
40 13
41 13
42 13
43 7
43 8
43 9
43 10
43 11
43 12
36 13
36 12
41 3
38 14
37 14
39 14
40 14
41 14
42 14
44 8
44 9
44 10
44 11
44 7
44 12
36 2
0
Yes
44 0
44 1
44 2
45 0
45 1
45 2
46 0
46 1
46 2
47 0
47 1
47 2
48 0
48 1
48 2
49 0
49 1
0
Yes
18 0
18 1
18 2
19 0
19 1
19 2
20 0
20 1
20 2
21 0
21 1
21 2
22 0
22 1
22 2
23 0
23 1
0
Yes
9 36
9 37
10 36
10 37
8 36
8 37
9 35
9 38
10 35
10 38
11 36
8 35
8 38
11 35
7 36
7 37
9 34
9 39
10 34
10 39
12 36
12 37
7 35
7 38
8 34
8 39
11 34
12 35
6 36
6 37
7 34
7 39
9 33
10 33
12 34
13 36
13 37
6 35
6 38
8 33
11 33
13 35
13 38
6 34
6 39
7 33
12 33
13 34
5 36
5 37
14 36
14 37
5 35
5 38
14 35
14 38
6 33
13 33
5 34
5 39
14 34
4 36
4 37
4 35
4 38
5 33
4 34
0
No
0
Yes
6 4
5 4
5 5
6 5
7 5
6 6
5 6
7 6
4 5
4 4
4 6
4 3
8 6
3 4
3 5
3 6
5 7
6 7
7 7
4 7
8 7
3 7
6 8
5 8
7 8
4 8
8 8
3 8
2 5
2 6
2 7
2 4
2 8
2 3
9 7
9 6
9 8
9 5
10 6
10 7
10 8
1 4
1 5
1 6
1 7
1 3
7 9
6 9
8 9
9 9
10 9
4 9
3 9
2 9
11 7
11 8
11 6
11 9
11 5
0 3
0 4
0 5
0 6
0 7
12 5
12 6
12 7
12 8
12 9
12 4
11 4
11 3
12 3
8 10
7 10
9 10
10 10
11 10
12 10
12 2
3 10
4 10
2 10
13 4
13 3
13 5
13 6
13 7
13 8
13 9
13 2
7 11
8 11
9 11
10 11
11 11
12 11
4 11
3 11
14 3
14 4
14 5
14 6
14 7
14 8
14 2
8 12
9 12
10 12
7 12
3 12
4 12
2 12
7 13
8 13
9 13
15 5
15 6
15 7
15 8
15 2
15 3
2 13
3 13
13 11
0
Yes
18 17
17 17
17 16
18 16
17 18
18 18
19 16
19 17
19 18
18 15
17 15
19 15
18 19
17 19
19 19
20 17
20 16
20 18
20 15
20 19
16 16
16 17
16 18
16 15
15 17
15 16
15 15
17 14
18 14
19 14
16 14
20 14
15 14
19 20
18 20
20 20
21 16
21 17
21 18
21 15
21 19
21 14
21 20
18 13
17 13
19 13
16 13
20 13
15 13
21 13
18 21
19 21
20 21
21 21
22 17
22 16
22 18
22 15
22 19
22 20
22 21
14 16
17 21
17 12
19 12
20 12
19 22
18 22
20 22
21 22
23 15
23 19
23 20
23 21
15 12
23 14
18 23
19 23
20 23
21 23
17 23
14 12
19 24
18 24
20 24
21 24
23 22
14 11
24 22
18 25
19 25
20 25
21 25
17 25
24 23
16 21
13 16
13 17
13 15
12 17
12 16
12 15
12 18
13 18
11 16
11 15
11 18
10 15
12 19
16 23
24 15
24 16
24 17
25 17
25 18
24 19
25 19
15 23
25 15
25 14
26 17
9 15
9 14
8 14
8 15
8 16
7 16
7 15
7 14
7 17
6 17
6 16
6 18
7 18
8 18
0
Yes
23 39
23 40
23 41
23 42
24 39
24 40
24 41
0
Yes
23 48
23 49
24 48
24 49
25 48
25 49
26 48
0
Yes
20 19
19 19
19 18
20 18
19 20
20 20
21 18
21 19
21 20
20 17
19 17
21 17
20 21
19 21
21 21
22 19
22 18
22 20
22 17
22 21
18 18
18 19
18 20
18 17
18 21
17 19
17 18
17 17
19 16
20 16
21 16
18 16
22 16
17 16
19 22
20 22
21 22
18 22
23 20
23 19
23 21
17 21
20 15
19 15
21 15
18 15
22 15
17 15
20 23
19 23
21 23
18 23
24 19
16 18
16 17
16 16
16 15
23 22
17 23
23 15
24 22
19 14
20 14
21 14
18 14
17 14
16 14
19 24
20 24
18 24
21 24
15 17
15 16
15 15
15 14
24 23
23 14
20 13
19 13
18 13
17 13
16 13
21 13
15 13
20 25
19 25
21 25
18 25
14 16
17 25
19 12
20 12
17 12
15 12
14 12
14 11
16 21
25 19
25 18
25 17
24 17
24 16
24 15
26 17
25 15
25 14
16 23
15 23
0
Yes
25 46
25 47
24 46
24 47
26 46
26 47
25 45
25 48
24 45
24 48
26 45
26 48
23 46
23 47
27 46
27 47
23 45
23 48
25 44
25 49
27 45
27 48
24 44
24 49
26 44
22 46
22 47
28 46
28 47
23 44
23 49
27 44
22 45
22 48
28 45
25 43
24 43
26 43
22 44
22 49
28 44
21 46
21 47
23 43
27 43
29 46
29 47
21 45
21 48
29 45
29 48
22 43
28 43
21 49
29 44
0
Yes
45 48
45 49
46 48
46 49
0
Yes
15 33
15 34
15 35
15 36
15 37
16 33
16 34
16 35
16 36
16 37
17 33
17 34
17 35
17 36
17 37
18 33
18 34
18 35
18 36
18 37
19 33
19 34
19 35
19 36
19 37
20 33
20 34
20 35
20 36
20 37
21 33
21 34
21 35
21 36
0
Yes
25 22
25 23
25 24
26 22
26 23
26 24
27 22
0
Yes
10 9
9 9
10 8
10 10
11 9
9 8
9 10
11 8
11 10
8 9
10 7
10 11
12 9
8 8
8 10
9 7
9 11
11 7
11 11
12 8
12 10
8 7
8 11
12 7
12 11
7 9
10 6
10 12
13 9
7 8
7 10
9 6
9 12
11 6
13 8
7 7
7 11
8 6
8 12
12 6
13 7
13 11
6 9
6 8
9 5
11 5
7 6
7 12
13 6
6 7
12 5
6 6
7 5
13 5
0
Yes
7 0
7 1
7 2
8 0
8 1
8 2
9 0
9 1
0
Yes
12 16
12 17
12 18
12 19
13 16
13 17
13 18
0
Yes
19 29
19 30
20 29
20 30
18 29
18 30
19 28
19 31
20 28
20 31
21 29
21 30
18 28
18 31
21 28
21 31
17 29
17 30
19 27
19 32
20 27
20 32
22 29
22 30
17 28
18 27
18 32
21 27
21 32
22 28
22 31
16 29
17 27
17 32
19 26
20 26
22 27
22 32
16 28
18 26
21 26
23 28
16 27
17 26
22 26
23 27
15 28
16 26
15 27
0
Yes
9 21
8 21
8 20
9 20
8 22
9 22
10 22
9 23
8 23
7 20
7 21
7 22
7 23
7 19
8 19
6 21
6 20
6 22
6 19
6 23
8 18
7 18
6 18
9 18
8 24
7 24
9 24
6 24
5 20
5 21
5 22
5 19
5 18
7 17
6 17
5 17
7 25
8 25
6 25
4 21
4 20
4 19
4 22
5 24
5 25
8 26
7 26
6 26
5 26
6 16
7 16
5 16
8 16
3 20
8 15
7 15
9 15
4 17
4 16
4 25
9 14
8 14
7 14
4 15
8 13
9 13
7 13
3 15
3 14
4 14
2 14
2 13
3 13
3 12
2 12
4 12
4 11
3 11
1 13
1 14
1 15
0 14
0 13
3 10
4 10
0 12
4 9
3 9
2 10
2 9
3 8
4 8
2 8
5 8
5 7
4 7
3 7
2 7
4 6
3 6
5 6
2 6
1 7
1 6
5 5
4 5
3 5
2 5
1 5
6 5
6 4
5 4
4 4
3 4
2 4
1 4
0 6
0 5
0 7
0 4
4 3
2 3
1 3
0 3
11 22
8 27
9 27
10 15
10 27
11 15
11 16
0
Yes
47 7
48 7
47 6
47 8
48 6
48 8
46 7
49 7
46 6
46 8
49 6
49 8
47 5
47 9
48 5
48 9
45 7
46 5
46 9
49 5
49 9
45 6
47 4
47 10
48 4
48 10
45 5
46 4
46 10
49 4
49 10
45 4
47 3
48 3
46 3
49 3
45 3
0
Yes
37 40
36 40
36 39
37 39
36 41
37 41
38 39
38 40
38 41
37 38
36 38
39 40
39 39
39 41
35 39
35 40
35 41
35 38
38 42
39 42
34 40
34 39
34 41
34 38
36 37
35 37
34 37
40 39
40 40
40 41
40 42
34 42
40 38
41 40
41 39
41 41
41 38
41 42
33 39
33 40
33 41
33 38
33 42
33 37
40 43
41 43
32 40
32 39
32 41
32 38
32 42
32 37
33 43
32 43
42 39
42 40
42 41
42 42
42 38
43 40
43 39
43 41
43 38
0
Yes
0 22
0 23
1 23
1 24
0 24
0 25
1 25
2 25
1 26
0 26
2 26
0 27
1 27
2 27
3 26
3 25
4 25
1 28
0 28
2 28
3 28
0 29
1 29
2 29
3 29
1 30
2 30
0 30
3 30
4 30
0 31
1 31
2 31
3 31
4 31
1 32
2 32
3 32
0 32
4 32
5 31
5 30
5 32
0 33
1 33
2 33
3 33
4 33
6 32
1 34
2 34
3 34
0 34
0 35
1 35
2 35
3 35
3 36
2 23
5 25
5 24
6 24
6 25
6 23
5 26
6 26
7 23
7 24
7 25
7 26
7 22
6 22
5 22
5 21
6 21
7 21
4 21
4 22
4 20
5 20
6 20
7 20
3 20
5 19
4 19
6 19
7 19
6 18
5 18
7 18
5 17
6 17
7 17
4 17
4 16
5 16
6 16
7 16
8 22
8 21
8 23
8 20
8 24
8 19
8 25
8 18
8 26
9 21
9 22
9 23
9 20
9 24
0
Yes
0 4
0 5
0 6
0 7
1 4
1 5
1 6
1 7
2 4
2 5
2 6
2 7
3 4
3 5
3 6
3 7
4 4
4 5
4 6
0
No
0
Yes
34 42
33 42
33 41
34 41
33 43
35 41
34 40
33 40
35 40
32 41
32 42
32 43
32 40
32 44
33 44
36 40
36 41
31 42
31 43
31 44
33 39
34 39
35 39
32 39
36 39
33 45
32 45
31 45
34 45
37 41
37 40
37 39
31 40
31 39
34 38
33 38
35 38
32 38
36 38
31 38
37 38
34 46
33 46
32 46
31 46
30 43
30 44
30 45
30 46
35 46
35 45
38 40
38 39
38 41
38 42
30 39
30 38
39 42
39 41
39 40
39 39
33 37
34 37
35 37
32 37
36 37
33 47
34 47
32 47
31 47
35 47
30 47
36 47
36 46
34 48
33 48
35 48
32 48
31 48
36 48
30 48
40 41
40 40
40 42
40 39
40 43
29 38
37 48
37 47
41 42
41 41
41 40
41 43
41 39
33 49
34 49
35 49
32 49
36 49
31 49
0
Yes
2 31
3 31
2 30
2 32
3 30
3 32
1 31
4 31
1 30
1 32
4 30
4 32
2 29
2 33
3 29
3 33
0 31
1 29
1 33
4 33
0 30
0 32
2 28
2 34
3 28
3 34
0 29
0 33
1 28
1 34
4 28
0 28
0 34
2 27
2 35
3 35
1 27
1 35
0 27
0 35
2 26
3 26
1 26
0 26
0
Yes
47 16
47 17
47 18
47 19
47 20
47 21
48 16
48 17
48 18
48 19
48 20
48 21
49 16
49 17
49 18
49 19
49 20
49 21
0
Yes
25 22
25 23
25 24
26 22
26 23
26 24
27 22
27 23
27 24
0
Yes
32 29
32 30
32 31
32 32
32 33
32 34
32 35
32 36
32 37
33 29
33 30
33 31
33 32
33 33
33 34
33 35
33 36
33 37
34 29
34 30
34 31
34 32
34 33
34 34
34 35
34 36
34 37
35 29
35 30
35 31
35 32
35 33
35 34
35 35
35 36
35 37
36 29
36 30
36 31
36 32
36 33
36 34
36 35
36 36
0
Yes
5 24
5 25
4 25
6 25
6 24
6 23
7 24
7 23
7 25
6 26
5 26
7 26
7 22
6 22
5 22
5 21
6 21
7 21
4 21
4 22
8 23
8 24
8 25
8 22
8 26
8 21
9 24
9 23
9 22
9 21
4 20
5 20
6 20
7 20
8 20
9 20
8 27
3 20
5 19
4 19
6 19
7 19
8 19
9 27
10 22
6 18
5 18
7 18
8 18
5 17
6 17
7 17
4 17
9 18
4 16
5 16
6 16
7 16
8 16
7 15
8 15
9 15
8 14
7 14
9 14
7 13
8 13
9 13
3 25
2 25
1 25
1 24
0 24
0 25
0 23
1 23
2 23
0 22
10 27
11 22
4 15
3 15
3 14
4 14
2 14
2 13
3 13
1 13
1 14
1 15
0 14
0 13
3 12
2 12
4 12
0 12
4 11
3 11
3 10
4 10
2 10
4 9
3 9
2 9
3 8
4 8
2 8
5 8
5 7
4 7
3 7
2 7
1 7
4 6
3 6
2 6
5 6
1 6
0 6
0 7
5 5
4 5
3 5
2 5
1 5
0 5
6 5
4 4
5 4
3 4
2 4
1 4
6 4
0 4
2 3
1 3
0 3
10 15
0
Yes
31 16
31 17
31 18
31 19
32 16
32 17
32 18
32 19
33 16
33 17
33 18
0
Yes
28 46
27 46
28 45
28 47
29 46
27 45
27 47
29 45
29 47
26 46
28 44
30 46
26 45
26 47
27 44
27 48
29 44
29 48
30 45
30 47
26 44
26 48
30 44
30 48
25 46
28 43
31 46
25 45
25 47
27 43
29 43
31 45
31 47
25 44
25 48
26 43
30 43
31 44
31 48
24 46
28 42
32 46
24 45
24 47
27 42
29 42
32 45
32 47
25 43
25 49
31 43
31 49
24 44
24 48
26 42
32 44
32 48
23 46
24 43
24 49
31 42
32 43
32 49
33 46
23 45
23 47
33 45
33 47
23 44
23 48
33 44
33 48
24 42
32 42
23 43
23 49
33 43
33 49
22 46
34 46
22 45
22 47
34 45
34 47
22 44
22 48
34 48
33 42
22 43
22 49
34 49
21 46
21 45
21 47
34 42
21 48
0
Yes
17 8
17 9
17 10
18 8
18 9
18 10
19 8
19 9
0
Yes
35 7
35 8
35 9
35 10
36 7
36 8
36 9
36 10
37 7
37 8
0
Yes
30 31
30 32
30 33
30 34
30 35
30 36
30 37
30 38
30 39
31 31
31 32
31 33
31 34
31 35
31 36
31 37
31 38
31 39
32 31
32 32
32 33
32 34
32 35
32 36
32 37
32 38
32 39
33 31
33 32
33 33
33 34
33 35
33 36
33 37
33 38
33 39
34 31
34 32
34 33
34 34
34 35
34 36
34 37
34 38
34 39
35 31
35 32
35 33
35 34
35 35
35 36
35 37
35 38
35 39
36 31
36 32
36 33
36 34
36 35
36 36
36 37
36 38
0
Yes
5 33
5 34
5 35
5 36
5 37
5 38
5 39
6 33
6 34
6 35
6 36
6 37
6 38
6 39
7 33
7 34
7 35
7 36
7 37
7 38
7 39
8 33
8 34
8 35
8 36
8 37
8 38
8 39
9 33
9 34
9 35
9 36
9 37
9 38
9 39
10 33
10 34
10 35
10 36
10 37
10 38
10 39
11 33
11 34
11 35
0
Yes
46 4
46 5
46 6
46 7
46 8
46 9
46 10
46 11
47 4
47 5
47 6
47 7
47 8
47 9
47 10
47 11
48 4
48 5
48 6
48 7
48 8
48 9
48 10
48 11
49 4
49 5
49 6
49 7
49 8
49 9
49 10
49 11
0
Yes
15 14
15 13
16 13
16 14
16 15
15 15
15 16
16 16
17 14
17 15
17 13
17 16
14 16
17 12
16 17
15 17
17 17
18 13
18 14
18 15
18 16
18 17
19 14
19 15
19 16
19 13
19 17
17 18
16 18
18 18
19 18
19 12
20 13
20 14
20 15
20 16
20 17
20 12
20 18
18 19
17 19
19 19
20 19
21 14
21 13
21 15
21 16
21 17
21 18
21 19
22 15
22 16
22 17
22 18
22 19
19 20
18 20
20 20
21 20
22 20
18 21
19 21
20 21
21 21
22 21
17 21
19 22
18 22
20 22
21 22
23 19
23 20
23 21
18 23
19 23
20 23
21 23
17 23
19 24
18 24
20 24
21 24
23 22
18 25
19 25
20 25
21 25
0
Yes
40 12
40 13
41 12
41 13
39 12
39 13
40 11
40 14
41 11
41 14
42 12
42 13
39 11
39 14
42 11
42 14
38 12
38 13
40 10
40 15
41 10
41 15
43 12
38 11
38 14
39 10
39 15
42 10
43 11
37 12
37 13
38 15
40 9
40 16
41 9
41 16
43 10
37 14
39 9
39 16
42 9
42 16
37 15
38 16
43 9
43 16
40 8
40 17
41 8
41 17
39 8
39 17
42 8
42 17
37 16
38 8
38 17
43 8
43 17
40 7
41 7
37 17
39 7
42 7
38 7
43 7
0
No
0
Yes
9 48
9 49
10 48
10 49
11 48
11 49
12 48
12 49
13 48
13 49
0
Yes
46 31
46 32
46 33
46 34
47 31
47 32
47 33
47 34
48 31
48 32
48 33
48 34
49 31
49 32
49 33
0
Yes
18 27
18 28
18 29
18 30
18 31
18 32
18 33
18 34
19 27
19 28
19 29
19 30
19 31
19 32
19 33
19 34
20 27
20 28
20 29
20 30
20 31
20 32
20 33
20 34
21 27
21 28
21 29
21 30
21 31
21 32
21 33
21 34
22 27
22 28
22 29
22 30
22 31
22 32
22 33
22 34
23 27
23 28
0
Yes
46 0
46 1
46 2
46 3
47 0
47 1
47 2
47 3
48 0
48 1
48 2
48 3
49 0
49 1
49 2
49 3
0
Yes
9 10
10 10
9 9
9 11
10 9
10 11
8 10
11 10
8 9
8 11
11 9
11 11
9 8
9 12
10 8
10 12
7 10
8 8
8 12
11 8
12 10
7 9
7 11
12 9
12 11
9 7
9 13
10 7
7 8
7 12
12 8
8 7
8 13
11 7
6 9
7 7
7 13
12 7
6 8
9 6
10 6
8 6
11 6
6 7
7 6
12 6
6 6
0
Yes
35 18
35 19
36 18
36 19
37 18
37 19
38 18
0
Yes
0 30
0 31
0 32
0 33
0 34
0 35
1 30
1 31
1 32
1 33
1 34
1 35
2 30
2 31
2 32
2 33
2 34
2 35
3 30
3 31
3 32
3 33
3 34
3 35
4 30
4 31
4 32
4 33
4 34
4 35
5 30
5 31
5 32
0
Yes
40 36
40 37
40 38
41 38
41 39
40 39
39 39
42 39
42 38
43 38
43 39
43 37
40 40
41 40
42 40
39 40
43 40
44 37
44 38
44 39
44 40
44 36
38 40
38 39
37 39
37 40
37 38
45 36
45 37
45 38
39 41
40 41
41 41
38 41
42 41
43 41
37 41
44 41
45 35
44 35
43 35
43 34
44 34
45 34
42 34
42 35
42 33
43 33
44 33
45 33
36 40
36 39
36 41
44 32
45 32
40 42
39 42
41 42
38 42
42 42
43 42
44 42
46 35
46 36
46 37
46 38
45 40
45 41
45 42
0
Yes
35 47
35 48
35 49
36 47
36 48
36 49
37 47
37 48
37 49
0
Yes
36 3
36 4
36 5
36 6
37 3
37 4
37 5
37 6
38 3
38 4
38 5
38 6
39 3
39 4
39 5
39 6
40 3
40 4
40 5
0
Yes
8 21
7 21
7 20
8 20
7 22
8 22
9 20
9 21
9 22
8 19
7 19
8 23
7 23
9 23
6 20
6 21
6 22
6 19
6 23
10 22
5 21
5 20
5 22
5 19
7 18
6 18
8 18
5 18
7 24
8 24
9 24
6 24
9 18
8 25
7 25
6 25
4 20
4 21
4 19
4 22
5 24
5 25
6 17
7 17
5 17
7 16
6 16
5 16
8 16
7 26
6 26
8 26
5 26
4 17
4 16
4 25
8 15
7 15
8 27
9 15
9 27
7 14
8 14
9 14
4 15
3 15
3 14
4 14
2 14
2 13
3 13
3 12
2 12
4 12
1 13
1 14
1 15
0 14
0 13
4 11
3 11
0 12
3 10
4 10
2 10
4 9
3 9
2 9
3 8
4 8
2 8
5 8
5 7
4 7
3 7
2 7
4 6
3 6
5 6
2 6
1 7
1 6
5 5
4 5
3 5
2 5
1 5
6 5
0 6
0 7
0 5
6 4
5 4
4 4
3 4
2 4
1 4
0 4
4 3
2 3
1 3
0 3
11 22
3 20
10 15
10 27
3 25
3 26
2 26
2 25
0
Yes
17 32
17 33
16 33
18 33
18 32
18 31
19 32
19 31
19 33
16 34
17 34
18 34
19 34
15 34
15 33
15 32
19 30
18 30
17 30
17 29
18 29
19 29
17 35
16 35
18 35
15 35
19 35
16 29
20 31
20 32
20 33
20 30
20 34
20 29
20 35
21 32
21 31
21 33
21 30
21 34
21 29
21 35
16 28
17 28
18 28
19 28
20 28
21 28
16 36
17 36
18 36
19 36
20 36
15 36
21 36
14 35
14 34
14 36
13 34
13 35
13 36
13 33
15 28
17 27
16 27
18 27
19 27
20 27
15 27
21 27
17 37
16 37
18 37
15 37
19 37
14 37
20 37
13 37
12 33
12 34
12 35
12 36
12 37
22 31
22 32
22 33
22 30
22 34
22 29
22 28
22 27
23 32
23 31
23 33
16 26
17 26
18 26
0
Yes
29 38
29 37
28 37
28 36
29 36
27 36
29 35
28 35
27 35
28 34
29 34
27 34
26 34
29 33
28 33
27 33
26 33
28 32
27 32
29 32
26 32
25 33
25 34
25 32
25 35
24 35
29 31
28 31
27 31
26 31
25 31
24 32
24 33
24 31
28 30
27 30
29 30
30 30
29 29
28 29
30 29
27 29
31 29
31 30
32 30
32 29
26 29
33 29
33 30
34 30
34 29
28 28
29 28
30 28
27 28
31 28
32 28
33 28
26 28
34 28
25 28
35 29
35 30
36 30
36 29
29 27
30 27
31 27
32 27
26 27
25 27
37 29
37 30
38 30
38 29
24 27
25 26
24 26
37 28
38 28
39 29
39 28
38 27
39 27
40 28
40 29
40 27
40 30
41 30
41 29
41 28
41 27
41 31
42 31
42 32
41 32
39 26
40 26
38 26
37 26
38 25
39 25
40 25
42 29
42 28
42 27
43 28
43 27
0
Yes
42 21
42 22
43 21
43 22
41 21
41 22
42 20
42 23
43 20
43 23
41 20
41 23
44 20
44 23
40 22
42 19
42 24
43 19
43 24
40 20
40 23
41 19
41 24
44 19
44 24
40 19
40 24
0
Yes
9 48
9 49
10 48
10 49
11 48
11 49
12 48
12 49
13 48
13 49
0
No
0
Yes
41 48
40 48
40 47
41 47
40 49
41 49
42 49
42 48
41 46
40 46
43 48
43 49
39 47
39 48
39 49
39 46
42 46
38 49
42 45
41 45
43 45
41 44
42 44
40 44
40 43
41 43
37 49
37 48
36 48
36 49
36 47
37 47
35 47
35 48
35 49
35 46
36 46
44 45
44 44
45 45
45 46
46 46
46 45
47 45
35 45
48 45
48 46
49 46
49 45
49 47
48 47
48 48
49 48
47 48
47 49
48 49
49 49
46 49
46 48
45 48
45 49
0
Yes
33 19
33 20
33 21
34 19
34 20
0
No
0
No
0
Yes
25 48
24 48
24 47
25 47
24 49
25 49
26 47
26 48
25 46
24 46
26 46
27 48
27 47
27 46
23 47
23 48
23 49
23 46
22 48
22 47
22 49
22 46
24 45
25 45
26 45
23 45
27 45
22 45
28 47
28 46
28 45
25 44
24 44
26 44
23 44
27 44
22 44
28 44
21 47
21 48
21 46
21 45
21 49
29 46
29 45
29 47
29 44
29 48
20 48
20 47
20 49
30 48
30 47
30 46
30 45
30 44
24 43
25 43
26 43
23 43
27 43
28 43
29 43
22 43
30 43
19 47
19 48
19 49
26 42
27 42
28 42
29 42
31 47
31 46
31 45
31 44
31 48
31 43
31 49
19 46
18 48
18 47
18 49
32 48
32 47
32 46
32 45
32 44
32 49
32 43
27 41
28 41
26 41
29 41
17 47
17 48
17 49
33 47
33 48
33 46
33 45
33 44
33 49
33 43
17 46
31 42
32 42
33 42
28 40
27 40
16 48
16 49
34 48
34 47
34 46
34 45
34 49
16 46
27 39
28 39
16 45
32 41
33 41
15 49
15 48
34 42
34 41
33 40
32 40
34 40
0
No
0
Yes
20 32
19 32
20 31
20 33
21 32
19 31
19 33
21 31
21 33
18 32
20 30
20 34
22 32
18 31
18 33
19 30
19 34
21 30
21 34
22 31
22 33
18 30
18 34
22 30
22 34
17 32
20 29
20 35
23 32
17 33
19 29
19 35
21 29
21 35
23 31
23 33
17 30
17 34
18 29
18 35
22 29
20 28
20 36
16 33
19 28
19 36
21 28
21 36
17 29
17 35
16 34
18 28
18 36
22 28
16 29
16 35
17 28
17 36
20 27
20 37
23 28
19 27
19 37
21 27
18 27
18 37
22 27
16 28
16 36
17 27
17 37
23 27
20 26
19 26
21 26
18 26
22 26
16 27
16 37
17 26
0
No
0
No
0
No
0
Yes
8 13
7 13
7 12
8 12
9 12
9 13
8 11
7 11
9 11
10 11
10 12
7 10
8 10
9 10
10 10
8 9
9 9
7 9
10 9
11 10
11 11
11 9
6 9
12 11
12 10
12 9
7 8
8 8
9 8
10 8
11 8
6 8
12 8
8 7
7 7
9 7
10 7
11 7
6 7
12 7
13 9
13 8
13 7
7 6
8 6
9 6
10 6
11 6
12 6
6 6
13 6
14 8
14 7
14 6
9 5
11 5
12 5
13 5
14 5
15 7
15 6
15 8
15 5
15 9
16 8
16 7
16 6
16 5
12 4
13 4
14 4
11 4
11 3
12 3
13 3
14 3
12 2
13 2
0
Yes
6 34
5 34
5 33
6 33
5 35
6 35
7 33
7 34
7 35
6 32
5 32
6 36
5 36
7 36
8 34
8 35
8 33
8 36
4 33
4 34
4 35
4 32
4 36
3 34
3 33
3 35
3 32
3 36
5 31
4 31
3 31
5 37
6 37
7 37
4 37
8 37
3 37
9 33
9 34
9 35
9 36
9 37
6 38
5 38
7 38
4 38
8 38
3 38
9 38
10 34
10 35
10 36
10 37
10 33
10 38
2 33
2 34
2 35
2 32
2 36
2 37
2 31
2 38
4 30
3 30
5 30
2 30
1 34
1 33
1 35
1 32
1 36
1 31
1 37
1 30
1 38
5 39
6 39
7 39
8 39
9 39
10 39
11 33
11 34
11 35
11 36
3 29
2 29
1 29
3 39
12 34
12 35
12 33
12 36
0 33
0 34
0 35
0 32
0 36
0 31
0 37
0 30
0 38
0 29
7 40
8 40
9 40
10 40
12 37
1 39
0 39
13 33
13 34
13 35
13 36
13 37
2 28
1 28
3 28
0 28
0
Yes
46 8
46 9
46 10
46 11
47 8
47 9
47 10
47 11
48 8
48 9
48 10
48 11
49 8
49 9
49 10
49 11
0
Yes
35 7
35 8
35 9
35 10
36 7
36 8
36 9
36 10
37 7
37 8
0
Yes
37 3
37 4
37 5
37 6
38 3
38 4
38 5
38 6
39 3
39 4
39 5
39 6
40 3
40 4
40 5
40 6
41 3
0
Yes
30 31
30 32
30 33
30 34
30 35
30 36
31 31
31 32
31 33
31 34
31 35
31 36
32 31
32 32
32 33
32 34
32 35
32 36
33 31
33 32
33 33
33 34
33 35
33 36
34 31
34 32
34 33
34 34
34 35
34 36
35 31
35 32
35 33
35 34
35 35
35 36
36 31
36 32
36 33
0
Yes
38 42
38 41
37 41
39 41
39 42
40 42
40 41
37 40
38 40
39 40
40 40
36 40
36 41
38 39
37 39
39 39
36 39
40 39
35 41
35 40
35 39
41 41
41 40
41 42
41 39
42 42
42 41
42 40
42 39
37 38
36 38
35 38
40 38
41 38
42 38
34 39
34 38
43 41
43 40
43 39
43 42
43 38
36 37
35 37
34 37
44 42
44 41
44 40
44 39
44 38
33 38
33 39
33 37
0
No
0
Yes
46 34
45 34
46 33
46 35
47 34
45 33
45 35
47 33
44 34
46 32
46 36
48 34
44 33
44 35
45 32
45 36
47 32
48 33
48 35
44 32
44 36
48 32
43 34
46 31
43 33
43 35
47 31
49 33
48 31
49 32
42 34
42 33
42 35
49 31
0
No
0
Yes
2 43
2 44
3 43
3 44
4 43
0
Yes
42 2
43 2
42 1
43 1
41 2
44 2
41 1
44 1
44 3
42 0
43 0
40 2
41 0
44 0
45 2
40 1
45 1
45 3
40 0
45 0
39 2
39 1
0
No
0
No
0
Yes
0 30
0 31
0 32
0 33
0 34
0 35
0 36
1 30
1 31
1 32
1 33
1 34
1 35
1 36
2 30
2 31
2 32
2 33
2 34
2 35
2 36
3 30
3 31
3 32
3 33
3 34
3 35
3 36
4 30
4 31
4 32
4 33
4 34
4 35
4 36
5 30
5 31
5 32
5 33
5 34
5 35
5 36
0
Yes
12 19
12 18
11 18
13 18
13 17
12 17
12 16
13 16
11 16
14 16
11 15
12 15
13 15
15 16
15 17
16 17
16 16
16 18
15 15
16 15
17 18
17 17
17 16
17 15
17 19
18 19
18 18
18 17
18 16
18 15
18 20
16 14
17 14
15 14
18 14
15 13
16 13
17 13
18 13
19 18
19 19
19 17
19 16
19 15
19 14
19 20
19 13
19 21
18 21
17 21
18 22
19 22
20 19
20 18
20 20
20 17
20 21
20 16
20 15
20 14
20 22
20 13
19 23
18 23
20 23
17 23
18 24
19 24
20 24
17 12
21 18
21 19
21 20
21 17
21 21
21 16
21 22
21 15
21 23
21 14
21 24
21 13
19 25
20 25
18 25
21 25
17 25
19 12
20 12
22 19
22 18
22 20
22 17
22 21
22 16
22 15
23 20
23 19
23 21
23 22
23 15
24 19
23 14
24 22
24 23
25 23
25 22
25 24
26 22
26 23
26 24
27 23
27 22
27 24
16 21
16 23
15 23
0
Yes
22 17
21 17
21 16
22 16
21 18
22 18
22 15
21 15
22 19
21 19
20 16
20 17
20 18
20 15
20 19
23 15
23 19
19 17
19 16
19 18
19 15
19 19
21 14
20 14
19 14
21 20
22 20
20 20
23 20
19 20
23 14
22 21
21 21
20 21
23 21
19 21
18 16
18 17
18 18
18 15
18 19
18 20
18 14
18 21
20 13
19 13
21 13
18 13
17 17
17 16
17 18
17 15
17 19
17 14
17 13
21 22
20 22
19 22
18 22
23 22
24 22
19 12
20 12
16 16
16 17
16 18
16 15
16 14
16 13
20 23
19 23
21 23
18 23
24 23
17 21
25 23
25 22
26 22
26 23
15 17
15 16
15 15
15 14
15 13
17 12
21 24
20 24
19 24
18 24
25 24
26 24
17 23
27 23
27 22
27 24
0
Yes
14 0
14 1
14 2
15 0
15 1
15 2
0
No
0
No
0
Yes
6 33
6 34
6 35
6 36
6 37
6 38
6 39
7 33
7 34
7 35
7 36
7 37
7 38
7 39
8 33
8 34
8 35
8 36
8 37
8 38
8 39
9 33
9 34
9 35
9 36
9 37
9 38
9 39
10 33
10 34
10 35
10 36
10 37
10 38
10 39
0
Yes
39 9
39 8
38 8
40 8
40 9
40 10
39 10
39 11
40 11
41 9
41 10
41 8
41 11
38 7
39 7
40 7
41 7
38 11
37 7
37 8
39 6
38 6
40 6
37 6
41 6
36 8
36 7
36 6
36 9
38 12
39 12
40 12
41 12
42 8
42 9
42 10
42 7
42 11
42 6
42 12
37 12
35 9
35 8
35 7
39 13
38 13
40 13
41 13
37 13
42 13
43 9
43 8
43 10
43 7
43 11
43 12
35 10
36 10
38 5
39 5
40 5
37 5
36 5
36 13
36 12
39 4
38 4
37 4
40 4
36 4
38 14
39 14
40 14
37 14
41 14
42 14
44 8
44 9
44 10
44 11
44 7
44 12
39 15
38 15
40 15
41 15
37 15
38 3
39 3
37 3
40 3
36 3
0
Yes
7 22
6 22
7 21
7 23
8 22
6 21
6 23
8 21
8 23
5 22
7 20
7 24
9 22
5 21
6 20
6 24
8 20
8 24
9 21
9 23
5 20
5 24
9 20
9 24
4 22
7 19
7 25
4 21
6 19
6 25
8 19
8 25
4 20
5 19
5 25
7 18
7 26
6 18
6 26
8 18
8 26
4 19
4 25
5 18
5 26
9 18
0
Yes
41 40
41 41
42 40
42 41
40 40
40 41
41 39
41 42
42 39
42 42
43 40
43 41
40 39
40 42
43 39
43 42
39 40
39 41
41 38
42 38
44 40
44 41
39 39
39 42
40 38
43 38
44 39
44 42
38 40
38 41
44 38
45 40
45 41
38 39
38 42
45 42
0
No
0
Yes
30 37
30 38
30 39
31 37
31 38
31 39
32 37
32 38
32 39
33 37
33 38
33 39
34 37
34 38
34 39
35 37
35 38
35 39
36 37
36 38
36 39
0
Yes
48 20
47 20
47 19
48 19
47 21
48 21
49 19
49 20
49 21
48 18
47 18
49 18
48 22
46 19
46 20
46 18
45 20
45 19
45 18
45 21
47 17
48 17
46 17
49 17
48 16
47 16
49 16
46 16
44 19
44 20
44 18
43 20
43 19
43 18
44 17
43 17
43 21
42 19
42 20
42 18
42 21
42 17
42 22
43 22
43 23
42 23
44 23
44 24
43 24
42 24
43 16
42 16
41 20
41 19
41 21
41 22
41 23
41 24
41 17
41 16
40 19
40 20
40 22
40 23
40 24
40 16
40 17
39 17
39 16
38 16
38 17
38 18
37 18
37 17
37 16
37 19
36 19
36 18
36 17
35 18
35 19
34 19
34 18
34 20
34 17
33 20
33 19
33 18
33 17
0
No
0
Yes
5 30
4 30
4 31
5 31
5 32
4 32
3 31
3 30
3 32
3 29
6 32
2 30
2 31
2 29
2 32
4 33
5 33
3 33
2 33
2 28
3 28
4 28
5 34
4 34
3 34
2 34
1 29
1 30
1 31
1 32
1 33
1 28
1 34
0 30
0 29
0 31
0 32
0 33
0 28
0 34
1 27
2 27
0 27
2 26
1 26
0 26
3 26
4 35
3 35
2 35
1 35
5 35
0 35
3 25
2 25
1 25
0 25
4 25
5 36
4 36
3 36
2 36
1 36
0 36
4 37
3 37
2 37
1 37
5 37
0 37
1 24
0 24
5 38
4 38
3 38
2 38
1 38
0 38
0 23
1 23
2 23
3 39
1 39
0 39
0 40
5 25
5 26
6 26
6 25
7 25
7 26
8 26
8 25
8 27
9 27
5 24
6 24
7 24
8 24
6 23
7 23
8 23
9 24
9 23
7 22
8 22
6 22
9 22
5 22
5 21
6 21
7 21
8 21
0
Yes
38 11
38 12
37 12
39 12
39 11
39 10
40 11
40 10
40 12
37 13
38 13
39 13
40 13
36 13
36 12
40 9
39 9
38 14
37 14
39 14
40 14
39 8
40 8
38 8
41 10
41 11
41 12
41 9
41 13
41 8
41 14
38 7
39 7
40 7
41 7
42 11
42 10
42 12
42 9
42 13
42 8
42 14
42 7
37 7
37 8
36 8
36 7
36 9
35 9
35 8
35 7
35 10
36 10
37 15
38 15
39 15
40 15
41 15
36 15
37 6
38 6
39 6
36 6
40 6
41 6
42 6
43 10
43 11
43 12
43 9
43 8
43 7
38 5
37 5
39 5
40 5
36 5
44 11
44 10
44 9
44 8
44 12
44 7
0
Yes
10 27
9 27
8 27
8 26
7 26
7 25
8 25
8 24
7 24
9 24
9 23
8 23
7 23
6 25
6 24
6 26
6 23
5 26
5 25
5 24
8 22
7 22
9 22
6 22
10 22
9 21
8 21
7 21
6 21
4 25
5 22
5 21
8 20
7 20
6 20
9 20
5 20
4 21
4 22
4 20
7 19
8 19
6 19
5 19
4 19
8 18
7 18
6 18
5 18
9 18
3 20
7 17
6 17
5 17
4 17
6 16
5 16
7 16
4 16
8 16
8 15
7 15
9 15
9 14
8 14
7 14
4 15
3 15
3 14
4 14
2 14
2 13
3 13
3 12
2 12
4 12
1 13
1 14
1 15
0 14
0 13
4 11
3 11
0 12
3 10
4 10
2 10
4 9
3 9
2 9
3 8
4 8
2 8
5 8
5 7
4 7
3 7
2 7
4 6
3 6
5 6
2 6
1 7
1 6
5 5
4 5
3 5
2 5
1 5
6 5
0 6
0 7
0 5
6 4
5 4
4 4
3 4
2 4
1 4
0 4
4 3
2 3
1 3
0 3
11 22
3 25
3 26
0
Yes
23 39
23 40
23 41
23 42
24 39
24 40
24 41
0
Yes
0 30
0 31
0 32
0 33
0 34
0 35
0 36
1 30
1 31
1 32
1 33
1 34
1 35
1 36
2 30
2 31
2 32
2 33
2 34
2 35
2 36
3 30
3 31
3 32
3 33
3 34
3 35
3 36
4 30
4 31
4 32
4 33
4 34
4 35
4 36
5 30
5 31
5 32
5 33
5 34
5 35
5 36
0
Yes
45 45
45 46
46 45
46 46
47 45
0
Yes
22 43
22 44
22 45
22 46
22 47
23 43
23 44
23 45
23 46
23 47
24 43
24 44
24 45
24 46
24 47
25 43
25 44
25 45
25 46
25 47
26 43
26 44
26 45
26 46
26 47
27 43
27 44
27 45
27 46
27 47
28 43
28 44
28 45
28 46
28 47
29 43
29 44
29 45
29 46
29 47
30 43
30 44
30 45
30 46
30 47
31 43
31 44
31 45
31 46
31 47
32 43
32 44
32 45
32 46
32 47
0
No
0
No
0
Yes
36 3
36 4
36 5
36 6
36 7
36 8
37 3
37 4
37 5
37 6
37 7
37 8
38 3
38 4
38 5
38 6
38 7
38 8
39 3
39 4
39 5
39 6
39 7
39 8
40 3
40 4
40 5
40 6
40 7
40 8
41 3
0
No
0
Yes
46 0
46 1
46 2
46 3
46 4
46 5
46 6
47 0
47 1
47 2
47 3
47 4
47 5
47 6
48 0
48 1
48 2
48 3
48 4
48 5
48 6
49 0
49 1
49 2
49 3
49 4
49 5
0
Yes
23 28
22 28
22 27
23 27
22 29
24 27
21 27
21 28
21 29
24 26
21 26
22 26
21 30
22 30
25 26
25 27
25 28
20 28
20 27
20 29
20 26
20 30
26 28
26 27
22 31
21 31
20 31
23 31
26 29
23 32
22 32
21 32
20 32
19 27
19 28
19 29
19 30
19 31
19 26
19 32
24 32
24 31
25 31
25 32
27 29
27 28
20 25
21 25
19 25
21 24
20 24
19 24
27 30
18 28
18 27
18 29
18 26
18 30
18 25
18 31
18 24
18 32
26 32
26 31
27 31
27 32
28 28
28 29
28 30
28 31
28 32
22 33
23 33
24 33
21 33
25 33
20 33
26 33
19 33
27 33
18 33
28 33
20 23
19 23
21 23
18 23
17 27
17 28
17 29
17 26
17 30
17 25
29 29
29 30
29 31
29 32
29 28
29 33
29 27
21 22
20 22
19 22
18 22
21 34
22 34
20 34
19 34
18 34
25 34
26 34
27 34
28 34
29 34
16 28
16 27
16 29
16 26
30 28
30 29
30 30
30 27
17 32
0
Yes
0 32
0 33
0 34
0 35
0 36
0 37
1 32
1 33
1 34
1 35
1 36
1 37
2 32
2 33
2 34
2 35
2 36
2 37
3 32
3 33
3 34
3 35
3 36
3 37
4 32
4 33
4 34
4 35
4 36
4 37
5 32
5 33
5 34
5 35
5 36
5 37
6 32
0
Yes
26 5
26 6
26 7
26 8
26 9
26 10
26 11
26 12
26 13
27 5
27 6
27 7
27 8
27 9
27 10
27 11
27 12
27 13
28 5
28 6
28 7
28 8
28 9
28 10
28 11
28 12
28 13
29 5
29 6
29 7
29 8
29 9
29 10
29 11
29 12
29 13
30 5
30 6
30 7
30 8
30 9
30 10
30 11
0
Yes
19 17
18 17
19 16
19 18
20 17
18 16
18 18
20 16
20 18
17 17
19 15
19 19
21 17
17 16
17 18
18 15
18 19
20 15
20 19
21 16
21 18
17 15
17 19
21 15
21 19
16 17
19 14
19 20
22 17
16 16
16 18
18 14
18 20
20 14
20 20
22 16
22 18
16 15
17 14
21 14
21 20
22 15
22 19
15 17
19 13
19 21
15 16
18 13
18 21
20 13
20 21
16 14
22 20
15 15
17 13
17 21
21 13
21 21
15 14
16 13
16 21
19 12
22 21
20 12
17 12
0
No
0
Yes
42 34
42 33
43 33
43 34
43 35
42 35
44 34
44 33
44 35
44 32
44 36
45 33
45 34
45 35
45 32
45 36
46 34
46 33
46 35
46 32
46 36
45 37
44 37
46 37
43 37
43 38
44 38
45 38
46 38
42 38
42 39
43 39
44 39
46 31
41 39
41 38
40 38
40 39
40 37
47 33
47 34
47 32
47 31
39 39
47 37
47 38
48 34
48 33
48 32
48 31
41 40
42 40
43 40
40 40
44 40
39 40
48 35
45 40
42 41
41 41
43 41
40 41
44 41
39 41
45 41
47 39
49 33
49 32
49 31
38 40
38 39
38 41
37 39
37 40
37 41
37 38
36 38
36 39
36 40
36 41
36 37
35 37
35 38
35 39
35 40
35 41
41 42
42 42
43 42
40 42
44 42
39 42
38 42
45 42
34 38
34 39
34 40
34 37
34 41
40 43
41 43
33 37
33 38
33 39
0
Yes
45 48
45 49
46 48
46 49
0
Yes
41 11
40 11
41 10
41 12
42 11
40 10
40 12
42 10
42 12
39 11
41 9
41 13
43 11
39 10
39 12
40 9
40 13
42 9
42 13
43 10
43 12
39 9
39 13
43 9
38 11
41 8
41 14
44 11
38 12
40 8
40 14
42 8
42 14
44 10
44 12
38 13
39 8
39 14
43 8
44 9
41 7
41 15
37 12
40 7
40 15
42 7
38 8
38 14
44 8
37 13
39 7
39 15
43 7
37 8
37 14
38 7
38 15
41 6
44 7
40 6
42 6
39 6
37 7
37 15
0
Yes
5 44
6 44
6 43
7 43
7 44
7 42
6 42
6 41
7 41
8 42
8 43
8 41
9 43
9 42
9 41
7 40
8 40
9 40
10 42
10 41
10 43
10 40
8 39
9 39
7 39
10 39
6 39
6 38
7 38
8 38
9 38
10 38
5 38
5 39
11 40
7 37
6 37
8 37
9 37
10 37
6 36
7 36
8 36
9 36
10 36
7 35
8 35
9 35
6 35
10 35
11 36
11 35
6 34
7 34
8 34
9 34
10 34
11 34
7 33
8 33
9 33
10 33
6 33
11 33
12 35
12 34
12 36
12 33
12 37
13 37
13 36
13 35
13 34
13 33
13 38
14 38
14 37
14 36
14 35
14 34
15 37
15 36
15 35
15 38
15 34
15 39
16 38
16 37
16 36
16 35
16 34
17 37
17 36
17 35
17 34
15 33
16 33
0
Yes
7 0
7 1
7 2
8 0
8 1
8 2
9 0
0
Yes
41 30
40 30
40 29
41 29
42 29
41 28
40 28
42 28
39 29
39 28
43 28
40 27
41 27
42 27
39 27
43 27
38 28
38 29
38 27
38 30
37 30
37 29
37 28
39 26
40 26
38 26
36 29
36 30
36 31
40 25
39 25
38 25
37 26
35 30
35 29
35 31
35 32
36 32
36 33
35 33
34 29
34 30
34 31
34 32
34 33
35 34
36 34
34 34
37 34
36 35
35 35
34 35
34 28
33 30
33 29
33 31
33 32
33 33
33 34
33 28
33 35
35 36
34 36
36 36
33 36
32 29
32 30
32 31
32 32
32 33
32 34
32 35
32 28
32 36
32 27
31 30
31 29
31 31
31 28
31 32
31 33
31 34
31 35
31 27
31 36
30 31
30 32
30 33
30 34
30 35
30 36
32 37
31 37
30 37
31 38
32 38
30 38
0
No
0
Yes
35 7
35 8
35 9
35 10
36 7
36 8
36 9
36 10
0
No
0
No
0
Yes
39 10
39 9
40 9
40 10
40 11
39 11
38 11
39 12
38 12
40 12
41 10
41 11
41 9
41 12
40 8
39 8
41 8
38 8
37 12
39 7
40 7
38 7
41 7
38 13
39 13
40 13
37 13
41 13
42 9
42 10
42 11
42 8
42 12
42 7
42 13
37 7
37 8
39 14
38 14
40 14
41 14
37 14
42 14
43 10
43 9
43 11
43 8
43 12
43 7
38 6
39 6
40 6
41 6
42 6
37 6
36 13
36 12
36 6
39 5
38 5
40 5
37 5
36 5
38 15
39 15
40 15
41 15
37 15
44 9
44 10
44 11
44 8
44 12
44 7
36 15
39 16
38 16
40 16
37 16
41 16
38 4
39 4
37 4
40 4
36 4
45 11
45 12
42 16
45 7
39 3
38 3
37 3
40 3
36 3
38 17
39 17
40 17
41 17
37 17
42 17
35 4
35 3
45 6
41 3
0
Yes
14 0
14 1
14 2
15 0
15 1
15 2
0
No
0
Yes
31 16
31 17
31 18
31 19
32 16
32 17
32 18
32 19
33 16
33 17
33 18
0
Yes
48 45
48 46
48 47
48 48
48 49
49 45
49 46
49 47
49 48
49 49
0
Yes
41 12
40 12
41 11
41 13
42 12
40 11
40 13
42 11
42 13
39 12
41 10
41 14
43 12
39 11
39 13
40 10
40 14
42 10
42 14
43 11
39 10
39 14
43 10
38 12
41 9
41 15
44 12
38 11
38 13
40 9
40 15
42 9
44 11
38 14
39 9
39 15
43 9
44 10
37 12
41 8
41 16
37 13
40 8
40 16
42 8
42 16
38 15
44 9
37 14
39 8
39 16
43 8
43 16
37 15
38 8
38 16
41 7
41 17
44 8
40 7
40 17
42 7
42 17
39 7
39 17
43 7
43 17
37 8
37 16
38 7
38 17
44 7
44 17
41 6
40 6
42 6
39 6
37 7
37 17
38 6
37 6
0
No
0
Yes
14 16
13 16
13 15
13 17
12 15
12 16
12 17
12 18
13 18
11 16
11 15
11 18
10 15
15 16
15 15
15 17
16 15
16 16
16 17
16 14
15 14
16 18
17 16
17 15
17 17
17 14
17 18
15 13
16 13
17 13
18 15
18 16
18 17
18 14
18 18
18 13
17 19
18 19
17 12
19 16
19 15
19 17
19 14
19 18
19 13
19 19
18 20
19 20
20 15
20 16
20 17
20 14
20 18
20 19
20 13
20 20
19 12
20 12
21 16
21 15
21 17
21 14
21 18
21 13
21 19
21 20
19 21
20 21
18 21
21 21
17 21
22 15
22 16
22 17
22 18
22 19
22 20
22 21
23 19
23 20
23 21
23 22
24 22
24 23
25 23
25 22
26 22
26 23
25 24
26 24
27 23
27 22
27 24
12 19
15 12
0
No
0
Yes
0 3
0 4
0 5
0 6
0 7
1 3
1 4
1 5
1 6
1 7
2 3
2 4
2 5
2 6
2 7
0
Yes
18 31
18 30
17 30
19 30
19 31
19 32
18 32
17 32
18 33
17 33
19 33
20 31
20 32
20 30
20 33
17 29
18 29
19 29
20 29
16 29
18 28
17 28
19 28
16 28
20 28
19 34
18 34
20 34
21 30
21 31
21 32
21 29
21 33
21 28
21 34
18 35
19 35
20 35
21 35
22 31
22 30
22 32
22 29
22 33
22 34
22 28
17 27
18 27
19 27
20 27
21 27
16 27
22 27
15 28
15 27
18 26
17 26
19 26
16 26
20 26
21 26
22 26
19 36
20 36
18 36
21 36
23 32
23 31
23 33
23 28
23 27
18 37
19 37
20 37
24 31
24 32
24 33
17 25
18 25
19 25
20 25
0
Yes
44 18
43 18
43 19
44 19
45 19
45 18
44 20
43 20
45 20
46 18
46 19
46 20
42 19
42 18
42 20
46 17
43 21
42 21
45 21
47 17
47 18
47 19
47 20
41 20
41 19
41 21
47 16
46 16
48 18
48 17
48 19
48 16
48 20
40 19
40 20
47 21
48 21
42 22
43 22
41 22
43 23
42 23
41 23
44 23
49 17
49 18
49 19
49 20
49 16
49 21
40 22
40 23
48 22
44 24
43 24
42 24
41 24
40 24
39 22
0
Yes
6 19
5 19
5 18
6 18
5 20
6 20
7 18
7 19
7 20
6 17
5 17
7 17
6 21
5 21
7 21
8 19
8 18
8 20
8 21
4 20
4 19
4 21
4 17
5 16
6 16
7 16
4 16
5 22
6 22
7 22
4 22
8 22
9 18
9 20
9 21
9 22
8 16
6 23
7 23
8 23
9 23
7 15
8 15
4 15
3 15
9 15
10 22
7 24
8 24
6 24
9 24
5 24
8 14
7 14
9 14
3 14
4 14
6 25
7 25
8 25
5 25
4 25
2 14
5 26
6 26
7 26
8 26
2 13
3 13
3 12
2 12
4 12
1 13
1 14
1 15
0 14
0 13
0
Yes
39 40
39 41
40 40
40 41
38 40
38 41
39 39
39 42
40 39
40 42
41 40
41 41
38 39
38 42
41 39
41 42
37 40
37 41
40 38
42 40
42 41
37 39
41 38
42 39
42 42
36 40
36 41
37 38
42 38
43 40
43 41
36 39
43 39
43 42
36 38
43 38
35 40
35 41
44 40
44 41
35 39
44 39
44 42
35 38
44 38
0
No
0
Yes
6 33
6 34
6 35
6 36
6 37
7 33
7 34
7 35
7 36
7 37
8 33
8 34
8 35
8 36
8 37
9 33
9 34
9 35
9 36
9 37
10 33
10 34
10 35
10 36
10 37
0
Yes
19 31
18 31
18 30
19 30
18 32
19 32
20 30
20 31
20 32
19 29
18 29
20 29
19 33
18 33
20 33
21 31
21 30
21 32
21 29
21 33
17 30
17 29
17 32
17 33
18 28
19 28
20 28
17 28
21 28
18 34
19 34
20 34
17 34
21 34
22 30
22 31
22 32
22 29
22 33
22 28
22 34
16 29
16 28
16 33
16 34
19 27
18 27
20 27
17 27
21 27
16 27
22 27
19 35
18 35
20 35
17 35
21 35
16 35
23 31
23 32
23 33
15 28
15 27
15 34
15 33
15 35
15 32
23 28
23 27
18 26
19 26
20 26
17 26
21 26
16 26
22 26
18 36
19 36
20 36
17 36
16 36
21 36
15 36
24 32
24 31
24 33
19 25
18 25
20 25
17 25
21 25
19 37
18 37
20 37
17 37
0
Yes
3 25
2 25
2 26
3 26
1 26
1 25
1 24
1 27
2 27
0 25
0 26
0 24
0 27
2 28
1 28
0 28
3 28
0 23
1 23
2 23
3 29
2 29
1 29
0 29
2 30
1 30
3 30
0 30
4 30
3 31
2 31
1 31
4 31
0 31
5 31
5 30
4 25
5 25
5 24
5 26
6 24
6 25
6 26
6 23
7 25
7 24
7 26
7 23
7 22
6 22
5 22
5 21
6 21
7 21
4 21
4 22
4 20
5 20
6 20
7 20
3 20
8 24
8 25
8 23
8 22
8 21
8 26
8 20
8 27
5 19
4 19
6 19
7 19
8 19
9 23
9 24
9 22
9 21
0
Yes
23 39
23 40
23 41
23 42
24 39
24 40
24 41
24 42
0
Yes
36 3
35 3
35 4
36 4
37 4
37 3
36 5
37 5
38 3
38 4
38 5
39 4
39 3
39 5
39 2
40 3
40 4
40 2
40 5
40 1
39 1
39 0
40 0
41 2
41 3
41 1
41 0
42 1
42 2
42 0
43 2
43 1
43 0
44 1
44 2
44 0
44 3
45 3
45 2
45 1
45 0
45 4
44 4
43 4
46 2
46 3
46 1
46 4
46 0
46 5
45 5
45 6
46 6
46 7
45 7
47 3
47 2
47 4
47 1
47 5
47 6
47 0
47 7
48 2
48 3
48 4
48 1
48 5
48 6
48 0
48 7
49 3
49 2
49 4
49 1
49 5
49 6
49 0
49 7
36 2
34 3
34 2
33 2
33 3
0
Yes
22 4
21 4
21 3
22 3
21 5
22 5
23 3
23 4
23 5
22 2
21 2
22 6
23 6
24 4
24 5
24 6
20 2
21 1
22 1
20 1
23 1
23 7
24 7
25 5
25 6
25 4
25 7
22 0
21 0
23 0
20 0
19 1
19 2
19 0
18 2
18 1
18 0
18 3
24 8
23 8
25 8
22 8
22 9
23 9
24 9
25 9
17 1
17 0
23 10
24 10
25 10
0
Yes
46 31
46 32
46 33
46 34
47 31
47 32
47 33
47 34
48 31
48 32
48 33
48 34
49 31
49 32
49 33
0
Yes
18 18
17 18
17 17
18 17
17 19
18 19
19 17
19 18
19 19
18 16
17 16
19 16
18 20
19 20
20 18
20 17
20 19
20 16
20 20
16 17
16 18
16 16
17 15
18 15
19 15
16 15
20 15
19 21
18 21
20 21
17 21
21 17
21 18
21 19
21 16
21 20
21 15
21 21
15 16
15 17
15 15
18 14
17 14
19 14
16 14
20 14
15 14
21 14
18 22
19 22
20 22
21 22
22 18
22 17
22 19
22 16
22 20
22 15
22 21
17 13
18 13
19 13
16 13
20 13
15 13
21 13
19 23
20 23
18 23
21 23
17 23
23 19
23 20
0
Yes
3 4
3 5
3 6
3 7
3 8
4 4
4 5
4 6
4 7
4 8
5 4
5 5
5 6
5 7
5 8
0
Yes
25 31
25 32
25 33
25 34
26 31
26 32
26 33
26 34
27 31
27 32
27 33
27 34
28 31
28 32
28 33
28 34
29 31
29 32
29 33
0
Yes
28 9
28 10
27 9
27 10
29 9
29 10
28 8
28 11
27 8
27 11
29 8
29 11
26 9
26 10
30 9
30 10
26 8
26 11
28 7
28 12
30 8
30 11
27 7
27 12
29 7
29 12
26 7
26 12
30 7
25 11
28 6
28 13
27 6
27 13
29 6
29 13
25 12
26 6
26 13
30 6
30 13
28 5
25 13
27 5
29 5
26 5
30 5
0
Yes
40 48
39 48
39 47
40 47
39 49
40 49
41 47
41 48
41 49
40 46
39 46
41 46
42 48
42 49
38 49
42 46
41 45
42 45
43 49
43 48
43 45
42 44
41 44
40 44
40 43
41 43
37 49
37 48
36 48
36 49
36 47
37 47
35 47
35 48
35 49
35 46
36 46
34 48
34 47
34 49
34 46
34 45
35 45
33 47
33 48
33 46
33 49
33 45
32 48
32 49
33 44
31 49
31 48
30 48
44 45
44 44
45 45
45 46
46 46
46 45
47 45
33 43
33 42
34 42
34 41
33 41
32 42
32 41
33 40
34 40
32 40
34 39
33 39
32 39
31 40
31 39
33 38
34 38
34 37
33 37
0
Yes
7 38
7 39
7 40
7 41
8 38
8 39
8 40
8 41
9 38
9 39
9 40
9 41
10 38
10 39
10 40
10 41
0
No
0
Yes
15 13
15 14
15 15
15 16
15 17
16 13
16 14
16 15
16 16
16 17
17 13
17 14
17 15
17 16
17 17
18 13
18 14
18 15
18 16
18 17
19 13
19 14
19 15
19 16
19 17
20 13
20 14
20 15
20 16
20 17
21 13
21 14
21 15
21 16
21 17
0
Yes
33 31
33 32
34 31
34 32
32 31
32 32
33 30
33 33
34 30
34 33
35 31
35 32
32 30
32 33
35 30
35 33
31 31
31 32
33 29
33 34
34 29
34 34
36 31
36 32
31 30
31 33
32 29
32 34
35 29
35 34
36 30
36 33
30 31
30 32
31 29
31 34
33 28
33 35
34 28
34 35
36 29
36 34
30 30
30 33
32 28
32 35
35 35
30 29
30 34
31 28
31 35
36 35
33 36
34 36
32 27
32 36
35 36
30 28
30 35
31 27
31 36
36 36
30 27
0
Yes
24 26
24 27
25 26
25 27
0
Yes
18 20
18 21
18 22
18 23
18 24
19 20
19 21
19 22
19 23
19 24
20 20
20 21
20 22
20 23
20 24
21 20
21 21
21 22
21 23
21 24
22 20
0
No
0
Yes
25 5
25 6
25 7
25 8
25 9
25 10
25 11
25 12
26 5
26 6
26 7
26 8
26 9
26 10
26 11
26 12
27 5
27 6
27 7
27 8
27 9
27 10
27 11
27 12
28 5
28 6
28 7
28 8
28 9
28 10
28 11
28 12
29 5
29 6
29 7
29 8
29 9
29 10
29 11
29 12
30 5
30 6
30 7
30 8
30 9
30 10
30 11
0
Yes
23 39
23 40
23 41
23 42
24 39
24 40
24 41
0
Yes
12 37
12 36
11 36
13 36
13 37
13 38
14 37
14 36
14 38
11 35
12 35
13 35
14 35
10 35
10 36
10 37
9 37
9 36
9 35
12 34
11 34
13 34
10 34
14 34
9 34
15 38
15 37
15 39
16 37
16 38
8 36
8 35
8 37
8 34
11 33
12 33
13 33
10 33
9 33
8 33
7 37
7 36
7 35
7 34
7 33
6 36
6 35
6 34
6 37
6 33
6 38
5 38
5 39
6 39
0
Yes
18 0
18 1
18 2
19 0
19 1
19 2
20 0
20 1
20 2
21 0
21 1
21 2
22 0
22 1
22 2
0
No
0
Yes
35 18
35 19
36 18
36 19
37 18
37 19
38 18
0
No
0
Yes
29 13
28 13
28 12
29 12
29 11
28 11
27 12
27 13
27 11
27 14
30 11
26 13
26 12
26 11
28 10
29 10
27 10
30 10
26 10
31 10
29 9
28 9
30 9
27 9
31 9
26 9
25 12
25 11
25 10
25 13
25 9
25 14
28 8
29 8
30 8
27 8
26 8
25 8
24 11
24 10
24 9
24 8
29 7
28 7
27 7
26 7
25 7
30 7
24 7
31 7
23 10
23 9
23 8
23 7
28 6
29 6
30 6
27 6
26 6
25 6
24 6
31 6
23 6
29 5
28 5
30 5
27 5
26 5
25 5
24 5
31 5
23 5
22 9
22 8
30 4
29 4
31 4
27 4
32 4
25 4
24 4
23 4
22 6
22 5
22 4
31 3
30 3
32 3
30 2
31 2
32 2
21 5
21 4
23 3
22 3
21 3
31 1
32 1
0
Yes
26 22
26 23
26 24
27 22
27 23
27 24
0
Yes
9 6
8 6
8 7
9 7
10 7
10 6
9 8
8 8
10 8
11 6
11 7
11 8
7 7
7 6
7 8
7 5
11 5
6 6
6 7
6 5
6 8
8 9
9 9
10 9
7 9
11 9
6 9
12 5
12 6
12 7
12 8
12 9
6 4
12 4
11 4
11 3
12 3
9 10
8 10
10 10
7 10
11 10
12 10
13 6
13 5
13 7
13 4
13 8
13 9
13 3
5 5
5 6
5 7
5 8
5 4
4 6
4 5
4 7
4 4
4 8
12 2
13 2
8 11
9 11
10 11
11 11
7 11
12 11
14 5
14 6
14 7
14 4
14 8
14 3
0
No
0
Yes
47 41
47 40
48 40
48 41
48 42
49 41
49 40
49 42
49 39
49 43
47 39
47 38
46 38
46 37
47 37
45 37
45 38
45 36
46 36
44 36
44 37
43 37
46 35
45 35
44 35
43 35
45 34
44 34
43 34
44 33
45 33
43 33
42 34
42 35
42 33
45 32
44 32
42 32
41 32
41 31
42 31
49 44
49 45
48 45
48 46
49 46
49 47
48 47
48 48
49 48
47 48
47 49
48 49
49 49
47 45
46 45
46 46
45 46
45 45
44 45
44 44
43 45
42 45
42 44
41 44
41 45
41 43
42 46
41 46
40 43
40 44
41 47
40 46
40 47
40 48
41 48
42 48
42 49
41 49
40 49
43 49
43 48
39 47
39 48
39 46
39 49
38 49
41 30
40 30
40 29
41 29
42 29
42 28
41 28
40 28
43 28
39 29
39 28
43 27
42 27
41 27
40 27
39 27
38 28
38 29
38 27
38 30
37 30
37 29
37 28
40 26
39 26
38 26
39 25
40 25
38 25
37 26
40 24
41 24
41 23
40 23
42 23
42 24
43 24
43 23
44 23
44 24
44 25
44 26
45 26
0
Yes
34 41
33 41
33 40
34 40
33 42
34 42
34 39
33 39
32 40
32 41
32 42
32 39
31 42
33 38
34 38
32 38
31 39
31 40
31 38
34 37
33 37
32 37
31 37
35 37
30 38
30 39
30 37
29 37
29 38
30 36
29 36
28 36
28 37
29 35
28 35
27 35
27 36
33 43
33 44
33 45
34 45
34 46
33 46
35 46
35 45
33 47
34 47
35 47
36 47
36 46
34 48
35 48
33 48
36 48
32 48
37 48
37 47
33 49
34 49
35 49
36 49
32 49
37 49
0
No
0
Yes
0 32
0 33
0 34
0 35
0 36
1 32
1 33
1 34
1 35
1 36
2 32
2 33
2 34
2 35
2 36
3 32
3 33
3 34
3 35
3 36
4 32
4 33
4 34
4 35
4 36
5 32
5 33
5 34
5 35
5 36
0
Yes
39 46
39 47
39 48
39 49
40 46
40 47
40 48
40 49
41 46
41 47
41 48
41 49
42 46
0
Yes
45 19
46 19
45 18
45 20
46 18
46 20
44 19
47 19
44 18
44 20
47 18
47 20
45 21
46 17
43 19
47 17
47 21
48 19
43 18
43 20
48 18
48 20
46 16
43 21
48 17
48 21
47 16
42 19
49 19
42 18
42 20
49 18
49 20
48 16
42 21
49 17
49 21
41 19
41 20
49 16
41 21
0
No
0
Yes
10 8
9 8
9 7
10 7
9 9
10 9
11 7
11 8
11 9
10 6
9 6
11 6
10 10
9 10
11 10
12 8
12 7
12 9
12 6
12 10
8 7
8 8
8 9
8 6
8 10
7 8
7 7
7 9
7 6
7 10
9 5
9 11
10 11
11 11
8 11
12 11
7 11
11 5
12 5
13 7
13 8
13 9
13 6
13 5
10 12
9 12
8 12
7 12
14 8
14 7
14 6
14 5
6 7
6 8
6 9
6 6
7 5
6 5
13 11
12 4
13 4
11 4
14 4
5 8
5 7
5 6
5 5
9 13
8 13
7 13
11 3
12 3
13 3
14 3
15 7
15 6
15 5
15 8
15 9
6 4
5 4
16 8
16 7
16 6
16 5
4 7
4 6
4 5
4 8
4 4
4 9
8 14
9 14
7 14
12 2
13 2
14 2
3 8
3 7
3 6
3 5
3 9
3 4
9 15
8 15
7 15
10 15
15 3
15 2
0
Yes
45 0
45 1
45 2
45 3
45 4
45 5
45 6
46 0
46 1
46 2
46 3
46 4
46 5
46 6
47 0
47 1
47 2
47 3
47 4
47 5
47 6
48 0
48 1
48 2
48 3
48 4
48 5
48 6
49 0
49 1
49 2
49 3
49 4
49 5
49 6
0
Yes
46 7
46 8
46 9
46 10
46 11
47 7
47 8
47 9
47 10
47 11
48 7
48 8
48 9
48 10
48 11
49 7
49 8
49 9
49 10
0
Yes
38 3
37 3
37 4
38 4
39 4
39 3
39 2
38 5
37 5
39 5
40 3
40 4
40 2
40 5
36 4
36 3
36 5
36 2
40 1
39 1
35 3
35 4
37 6
38 6
39 6
36 6
40 6
39 0
40 0
41 2
41 3
41 1
41 0
38 7
37 7
39 7
36 7
40 7
41 6
41 7
42 1
42 2
42 0
35 7
37 8
38 8
39 8
36 8
40 8
35 8
41 8
43 2
43 1
43 0
42 7
42 6
42 8
39 9
40 9
41 9
42 9
36 9
35 9
44 1
44 2
44 0
44 3
43 8
43 7
43 9
44 7
44 8
44 9
40 10
41 10
42 10
43 10
39 10
44 10
35 10
36 10
39 11
40 11
41 11
42 11
43 11
44 11
38 11
38 12
39 12
40 12
41 12
42 12
43 12
44 12
37 12
37 13
38 13
39 13
40 13
41 13
42 13
36 13
36 12
45 11
45 12
38 14
37 14
39 14
40 14
41 14
42 14
37 15
38 15
39 15
40 15
41 15
46 12
36 15
38 16
37 16
39 16
40 16
41 16
42 16
37 17
38 17
39 17
40 17
41 17
42 17
36 17
43 17
43 16
36 1
0
Yes
45 37
44 37
44 36
45 36
46 36
46 37
46 38
45 38
45 35
44 35
46 35
47 37
47 38
43 35
47 39
44 34
45 34
43 34
45 33
44 33
43 33
42 34
42 35
42 33
44 32
45 32
42 32
41 32
41 31
42 31
43 37
47 40
48 40
48 41
47 41
49 41
49 40
49 39
49 42
48 42
49 43
41 30
40 30
40 29
41 29
42 29
42 28
41 28
40 28
43 28
39 29
39 28
43 27
42 27
41 27
40 27
39 27
38 28
38 29
38 27
38 30
37 30
37 29
37 28
40 26
39 26
38 26
39 25
40 25
38 25
37 26
40 24
0
No
0
No
0
Yes
47 48
47 49
48 48
48 49
49 48
49 49
0
No
0
Yes
31 16
31 17
31 18
31 19
32 16
32 17
32 18
32 19
33 16
33 17
33 18
33 19
0
Yes
32 29
32 30
32 31
32 32
32 33
32 34
32 35
32 36
32 37
33 29
33 30
33 31
33 32
33 33
33 34
33 35
33 36
33 37
34 29
34 30
34 31
34 32
34 33
34 34
34 35
34 36
34 37
35 29
35 30
35 31
35 32
35 33
35 34
35 35
35 36
35 37
36 29
36 30
36 31
36 32
36 33
36 34
36 35
36 36
0
Yes
5 0
5 1
6 0
6 1
7 0
7 1
8 0
8 1
9 0
9 1
0
No
0
Yes
45 0
45 1
45 2
45 3
45 4
45 5
45 6
46 0
46 1
46 2
46 3
46 4
46 5
46 6
47 0
47 1
47 2
47 3
47 4
47 5
47 6
48 0
48 1
48 2
48 3
48 4
48 5
48 6
49 0
49 1
49 2
49 3
49 4
49 5
49 6
0
Yes
32 49
31 49
31 48
32 48
33 48
33 49
34 49
34 48
30 48
33 47
34 47
35 48
35 49
35 47
34 46
33 46
35 46
36 49
36 48
36 47
36 46
33 45
34 45
35 45
37 48
37 47
37 49
38 49
29 48
33 44
33 43
33 42
32 42
34 42
32 41
33 41
34 41
33 40
32 40
34 40
31 40
32 39
33 39
31 39
34 39
30 39
31 38
32 38
33 38
30 38
34 38
29 38
30 37
31 37
29 37
28 37
31 36
30 36
29 36
28 36
27 36
30 35
29 35
28 35
31 35
27 35
31 34
30 34
29 34
30 33
31 33
31 32
30 32
30 31
31 31
31 30
30 30
29 30
30 29
31 29
29 29
28 29
28 30
27 30
27 29
26 29
31 28
30 28
29 28
28 28
27 28
26 28
32 28
32 27
31 27
30 27
29 27
0
No
0
Yes
40 22
39 22
40 23
41 23
41 22
41 21
42 22
42 21
42 23
41 24
42 24
42 20
41 20
40 20
40 19
41 19
42 19
43 21
43 22
43 23
43 20
43 24
43 19
44 23
44 24
42 18
43 18
44 20
44 19
44 18
44 25
45 19
45 20
45 18
45 21
46 20
46 19
46 18
44 17
47 19
47 20
47 18
47 21
46 17
47 17
48 21
48 20
48 19
48 18
48 17
48 22
47 16
46 16
48 16
49 20
49 21
49 19
49 18
49 17
49 16
44 26
0
Yes
16 21
17 21
18 21
18 20
18 22
19 20
19 21
19 22
19 19
18 19
17 19
17 18
18 18
19 18
16 18
19 23
18 23
17 23
18 24
19 24
20 21
20 20
20 22
20 19
20 23
20 18
20 24
21 20
21 21
21 22
21 19
21 23
21 18
21 24
22 21
22 20
22 19
22 18
23 20
23 19
23 21
23 22
22 17
24 22
24 19
24 23
25 23
25 22
25 24
26 22
26 23
26 24
27 23
27 22
27 24
0
Yes
0 32
0 33
0 34
0 35
0 36
0 37
0 38
1 32
1 33
1 34
1 35
1 36
1 37
1 38
2 32
2 33
2 34
2 35
2 36
2 37
2 38
3 32
3 33
3 34
3 35
3 36
3 37
3 38
4 32
4 33
4 34
4 35
4 36
4 37
4 38
5 32
5 33
5 34
5 35
5 36
0
Yes
31 16
31 17
31 18
31 19
32 16
32 17
32 18
32 19
33 16
33 17
33 18
33 19
0
Yes
27 29
27 30
27 31
27 32
27 33
27 34
27 35
27 36
28 29
28 30
28 31
28 32
28 33
28 34
28 35
28 36
29 29
29 30
29 31
29 32
29 33
29 34
29 35
29 36
30 29
30 30
30 31
30 32
30 33
30 34
30 35
30 36
31 29
31 30
31 31
31 32
31 33
31 34
31 35
31 36
32 29
32 30
32 31
32 32
32 33
32 34
32 35
32 36
33 29
33 30
33 31
33 32
33 33
33 34
33 35
33 36
34 29
34 30
34 31
34 32
34 33
34 34
34 35
34 36
35 29
35 30
35 31
35 32
35 33
35 34
35 35
35 36
36 29
36 30
36 31
36 32
36 33
0
Yes
27 9
27 10
26 9
26 10
28 9
28 10
27 8
27 11
26 8
26 11
28 8
28 11
25 9
25 10
29 9
29 10
25 8
25 11
27 7
27 12
29 8
29 11
26 7
26 12
28 7
28 12
24 9
24 10
30 9
30 10
25 7
25 12
29 7
29 12
24 8
24 11
30 8
30 11
27 6
27 13
26 6
26 13
28 6
28 13
24 7
30 7
23 9
23 10
25 6
25 13
29 6
29 13
31 9
31 10
23 8
27 5
24 6
26 5
28 5
30 6
30 13
23 7
31 7
25 5
29 5
22 9
22 8
23 6
31 6
31 13
24 5
30 5
23 5
31 5
0
Yes
13 18
12 18
12 17
13 17
12 19
13 16
12 16
14 16
11 16
12 15
13 15
11 15
11 18
15 16
15 17
16 17
16 16
15 15
16 15
17 16
17 17
17 15
16 14
15 14
17 14
18 17
18 16
18 15
18 14
15 13
16 13
17 13
18 13
19 16
19 15
19 14
19 17
19 13
20 17
20 16
20 15
20 14
20 13
17 12
21 16
21 15
21 14
21 17
21 13
19 12
20 12
22 15
22 16
15 12
14 12
14 11
23 15
23 14
24 15
0
No
0
No
0
Yes
25 8
25 9
25 10
25 11
25 12
25 13
26 8
26 9
26 10
26 11
26 12
26 13
27 8
27 9
27 10
27 11
27 12
27 13
28 8
28 9
28 10
28 11
28 12
28 13
29 8
29 9
29 10
29 11
29 12
29 13
30 8
30 9
30 10
30 11
0
Yes
32 32
31 32
32 31
32 33
33 32
31 31
31 33
33 31
33 33
30 32
32 30
32 34
34 32
30 31
30 33
31 30
31 34
33 30
33 34
34 31
34 33
30 30
30 34
34 30
34 34
29 32
32 29
32 35
35 32
29 31
29 33
31 29
31 35
33 29
33 35
35 31
35 33
29 30
29 34
30 29
30 35
34 29
34 35
35 30
35 34
28 32
32 28
32 36
36 32
28 31
28 33
31 28
31 36
33 28
33 36
36 31
36 33
29 29
29 35
35 29
35 35
28 30
28 34
30 28
30 36
34 28
34 36
36 30
36 34
27 32
28 29
28 35
29 28
29 36
32 27
35 36
36 29
36 35
27 31
27 33
31 27
27 30
27 34
30 27
28 28
28 36
36 36
27 29
27 35
29 27
0
Yes
27 7
26 7
26 6
27 6
28 6
28 7
27 5
26 5
28 5
29 7
29 6
29 5
25 6
25 7
25 5
24 7
24 6
24 5
24 8
30 6
30 7
30 5
25 4
24 4
29 4
30 4
31 7
31 6
31 5
31 4
23 6
23 7
23 5
23 8
23 4
23 9
24 9
24 10
23 10
30 3
31 3
22 8
22 9
22 5
22 6
22 4
23 3
22 3
32 4
32 3
31 2
30 2
32 2
21 4
21 5
21 3
22 2
21 2
33 3
33 2
32 1
31 1
33 1
21 1
22 1
23 1
23 0
22 0
21 0
20 2
20 1
20 0
34 2
34 3
34 1
34 0
19 1
19 2
19 0
18 2
18 1
18 0
18 3
17 1
17 0
27 4
27 3
24 11
32 7
24 1
25 1
25 2
0
Yes
30 48
29 48
29 47
30 47
31 47
31 48
31 49
30 46
29 46
31 46
32 48
32 47
32 49
32 46
28 47
28 46
29 45
30 45
31 45
28 45
32 45
33 47
33 48
33 46
33 49
33 45
27 46
27 47
27 45
27 48
26 48
26 47
26 46
26 45
30 44
29 44
31 44
28 44
32 44
27 44
33 44
26 44
34 48
34 47
34 46
34 45
34 49
25 47
25 46
25 45
25 48
25 44
25 49
29 43
30 43
31 43
28 43
32 43
27 43
26 43
33 43
25 43
35 47
35 48
35 46
35 49
35 45
24 48
24 47
24 46
24 45
24 44
24 49
24 43
36 48
36 47
36 46
36 49
31 42
32 42
33 42
28 42
29 42
27 42
26 42
23 47
23 48
23 46
23 45
23 44
23 49
23 43
29 41
28 41
27 41
26 41
37 47
37 48
37 49
34 42
32 41
33 41
34 41
22 48
22 47
22 46
22 45
22 44
22 49
22 43
0
No
0
Yes
17 29
16 29
16 28
17 28
18 28
18 29
18 30
17 30
17 27
16 27
18 27
19 29
19 28
19 30
19 27
15 28
15 27
19 31
18 31
16 26
17 26
18 26
19 26
18 32
19 32
17 32
20 28
20 29
20 30
20 27
20 31
20 26
20 32
17 25
18 25
19 25
20 25
17 33
18 33
19 33
20 33
21 29
21 28
21 30
21 27
21 31
21 26
21 32
21 25
21 33
16 33
16 34
17 34
18 34
19 34
20 34
21 34
18 24
19 24
20 24
21 24
22 28
22 29
22 30
22 27
22 31
22 26
22 32
22 33
22 34
15 34
15 33
15 32
17 35
16 35
18 35
19 35
20 35
21 35
15 35
19 23
20 23
18 23
21 23
17 23
23 27
23 28
23 31
23 32
23 33
16 36
17 36
18 36
19 36
20 36
15 36
21 36
18 22
19 22
20 22
21 22
24 32
24 31
24 33
17 37
18 37
19 37
20 37
19 21
20 21
18 21
21 21
17 21
25 31
25 32
25 33
0
No
0
Yes
26 48
25 48
25 47
26 47
25 49
27 47
27 48
26 46
25 46
27 46
24 47
24 48
24 49
24 46
28 46
28 47
23 48
23 47
23 49
23 46
25 45
26 45
27 45
24 45
28 45
23 45
29 47
29 46
29 45
29 48
26 44
25 44
27 44
24 44
28 44
23 44
29 44
30 48
30 47
30 46
30 45
30 44
22 47
22 48
22 46
22 45
22 49
22 44
21 48
21 47
21 46
21 45
21 49
25 43
26 43
27 43
24 43
28 43
23 43
29 43
22 43
30 43
31 47
31 46
31 45
31 44
31 48
31 43
31 49
26 42
27 42
28 42
29 42
32 48
32 47
32 46
32 45
32 44
32 49
32 43
20 47
20 48
20 49
24 42
23 42
19 48
19 47
19 49
27 41
28 41
26 41
29 41
33 47
33 48
33 46
33 45
33 44
33 49
33 43
19 46
23 41
24 41
31 42
32 42
33 42
34 48
34 47
34 46
34 45
34 49
18 47
18 48
18 49
24 40
23 40
28 40
27 40
17 48
17 47
17 49
27 39
28 39
35 47
35 48
35 46
35 49
35 45
17 46
32 41
33 41
23 39
24 39
34 42
34 41
36 48
36 47
36 46
36 49
16 49
0
No
0
Yes
46 31
46 32
46 33
46 34
47 31
47 32
47 33
47 34
48 31
48 32
48 33
48 34
49 31
49 32
0
Yes
37 38
36 38
36 37
36 39
37 39
38 39
37 40
36 40
38 40
35 37
35 38
35 39
35 40
39 40
39 39
34 38
34 39
34 37
34 40
36 41
37 41
38 41
35 41
39 41
40 39
40 40
40 41
40 38
41 38
41 39
41 40
41 41
33 37
33 38
33 39
33 40
38 42
39 42
40 42
41 42
32 38
32 39
32 37
32 40
42 39
42 40
42 41
42 38
42 42
40 43
41 43
43 38
43 39
43 40
43 41
43 42
31 37
31 38
31 39
31 40
30 38
30 39
30 37
44 39
44 40
44 41
44 38
0
No
0
No
0
Yes
6 4
5 4
5 5
6 5
7 5
6 6
5 6
7 6
4 5
4 4
4 6
4 3
8 6
3 4
3 5
3 6
5 7
6 7
7 7
4 7
8 7
3 7
6 8
5 8
7 8
4 8
8 8
3 8
2 5
2 6
2 7
2 4
2 8
2 3
9 7
9 6
9 8
9 5
10 6
10 7
10 8
1 4
1 5
1 6
1 7
1 3
7 9
6 9
8 9
9 9
10 9
4 9
3 9
2 9
11 7
11 8
11 6
11 9
11 5
0 3
0 4
0 5
0 6
0 7
12 5
12 6
12 7
12 8
12 9
12 4
11 4
11 3
12 3
8 10
7 10
9 10
10 10
11 10
12 10
12 2
3 10
4 10
2 10
13 4
13 3
13 5
13 6
13 7
13 8
13 9
13 2
7 11
8 11
9 11
10 11
11 11
12 11
4 11
3 11
14 3
14 4
14 5
14 6
14 7
14 8
14 2
8 12
9 12
10 12
7 12
3 12
4 12
0
Yes
7 38
7 39
7 40
7 41
7 42
7 43
8 38
8 39
8 40
8 41
8 42
8 43
9 38
9 39
9 40
9 41
9 42
9 43
10 38
10 39
10 40
10 41
10 42
10 43
0
Yes
44 0
44 1
44 2
44 3
45 0
45 1
45 2
45 3
46 0
46 1
46 2
46 3
47 0
47 1
47 2
47 3
48 0
48 1
48 2
48 3
49 0
49 1
49 2
0
Yes
30 22
30 23
30 24
31 22
31 23
0
Yes
7 13
7 14
7 15
7 16
8 13
8 14
8 15
8 16
9 13
9 14
9 15
0
Yes
26 22
26 23
26 24
27 22
27 23
27 24
0
Yes
7 38
7 39
7 40
7 41
7 42
7 43
8 38
8 39
8 40
8 41
8 42
8 43
9 38
9 39
9 40
9 41
9 42
9 43
10 38
10 39
10 40
10 41
0
Yes
19 0
19 1
19 2
20 0
20 1
20 2
21 0
21 1
21 2
22 0
22 1
22 2
23 0
23 1
0
Yes
32 35
31 35
31 34
32 34
31 36
32 36
33 34
33 35
33 36
32 33
31 33
33 33
32 37
31 37
33 37
34 35
34 34
34 36
34 33
34 37
30 34
30 35
30 36
30 33
30 37
29 35
29 34
29 36
29 33
29 37
31 32
32 32
33 32
30 32
34 32
29 32
31 38
32 38
33 38
30 38
34 38
29 38
35 34
35 35
35 36
35 33
35 37
35 32
35 38
32 31
31 31
33 31
30 31
34 31
29 31
35 31
32 39
31 39
33 39
30 39
34 39
35 39
36 35
36 34
36 36
36 33
36 37
36 32
36 38
36 31
36 39
28 34
28 35
28 36
28 33
28 37
28 32
28 31
27 35
27 34
27 36
27 33
27 32
27 31
31 30
32 30
33 30
30 30
34 30
29 30
35 30
28 30
36 30
27 30
31 40
32 40
33 40
34 40
35 40
36 40
37 34
37 38
37 39
37 40
32 29
31 29
33 29
30 29
34 29
29 29
35 29
28 29
36 29
27 29
26 34
26 33
26 32
26 31
35 41
36 41
37 41
31 28
32 28
33 28
30 28
34 28
29 28
28 28
27 28
38 39
38 40
38 41
32 27
31 27
30 27
29 27
0
Yes
38 11
38 12
37 12
39 12
39 11
39 10
40 11
40 10
40 12
37 13
38 13
39 13
40 13
36 13
36 12
40 9
39 9
38 14
37 14
39 14
40 14
39 8
40 8
38 8
41 10
41 11
41 12
41 9
41 13
41 8
41 14
38 7
39 7
40 7
41 7
42 11
42 10
42 12
42 9
42 13
42 8
42 14
42 7
37 7
37 8
36 8
36 7
36 9
35 9
35 8
35 7
35 10
36 10
37 15
38 15
39 15
40 15
41 15
36 15
38 16
37 16
39 16
40 16
41 16
37 6
38 6
39 6
36 6
40 6
41 6
42 6
43 10
43 11
43 12
43 9
43 8
43 7
38 5
37 5
39 5
40 5
36 5
44 11
44 10
44 9
44 8
44 12
44 7
37 17
38 17
39 17
40 17
41 17
36 17
42 16
42 17
38 18
37 18
36 18
37 4
38 4
39 4
36 4
40 4
45 12
45 11
0
Yes
42 40
43 40
42 39
42 41
43 39
43 41
41 40
44 40
41 39
41 41
44 39
44 41
42 38
42 42
43 38
43 42
40 40
41 38
41 42
44 38
44 42
45 40
40 39
40 41
45 41
40 38
40 42
45 42
39 40
39 39
39 41
40 37
39 42
0
Yes
25 5
25 6
25 7
26 5
26 6
26 7
27 5
27 6
27 7
28 5
28 6
28 7
29 5
29 6
29 7
30 5
30 6
30 7
31 5
31 6
0
No
0
Yes
39 46
39 47
39 48
39 49
40 46
40 47
40 48
40 49
41 46
41 47
41 48
41 49
42 46
0
Yes
22 43
22 44
22 45
22 46
22 47
23 43
23 44
23 45
23 46
23 47
24 43
24 44
24 45
24 46
24 47
25 43
25 44
25 45
25 46
25 47
26 43
26 44
26 45
26 46
26 47
27 43
27 44
27 45
27 46
27 47
28 43
28 44
28 45
28 46
28 47
29 43
29 44
29 45
29 46
29 47
30 43
30 44
30 45
30 46
30 47
31 43
31 44
31 45
0
Yes
47 9
47 10
48 9
48 10
46 9
46 10
47 8
47 11
48 8
48 11
49 9
49 10
46 8
46 11
49 8
49 11
47 7
47 12
48 7
46 7
46 12
49 7
45 7
47 6
47 13
48 6
46 6
49 6
45 6
47 5
47 14
48 5
48 14
46 5
46 14
49 5
45 5
47 4
48 4
46 4
49 4
45 4
0
No
0
No
0
No
0
No
0
Yes
47 45
46 45
46 46
45 46
45 45
44 45
44 44
48 45
48 46
49 46
49 45
49 44
49 47
48 47
43 45
42 45
42 44
42 46
41 44
41 45
41 46
41 43
41 47
40 46
40 47
40 43
40 44
40 42
41 42
42 42
42 41
41 41
40 41
43 41
43 42
44 42
44 41
45 41
45 42
45 43
45 40
44 40
43 40
42 40
41 40
40 40
44 39
43 39
42 39
41 39
40 39
40 48
41 48
42 48
42 49
41 49
40 49
43 49
43 48
43 38
42 38
41 38
44 38
40 38
39 47
39 48
39 46
39 49
39 42
39 41
39 40
39 39
38 49
40 37
38 42
38 43
38 44
37 49
37 48
36 48
36 49
36 47
37 47
35 47
35 48
35 49
35 46
36 46
34 46
34 47
34 48
34 49
34 45
35 45
33 45
33 46
33 47
33 48
33 49
33 44
32 44
32 45
32 46
32 47
32 48
32 49
32 43
33 43
33 42
32 42
34 42
34 41
33 41
32 41
31 46
31 47
31 48
31 49
0
No
0
No
0
No
0
Yes
22 43
22 44
22 45
22 46
22 47
23 43
23 44
23 45
23 46
23 47
24 43
24 44
24 45
24 46
24 47
25 43
25 44
25 45
25 46
25 47
26 43
26 44
26 45
26 46
26 47
27 43
27 44
27 45
27 46
27 47
28 43
28 44
28 45
28 46
28 47
29 43
29 44
29 45
29 46
29 47
30 43
30 44
30 45
30 46
30 47
31 43
31 44
0
Yes
7 33
7 34
7 35
7 36
7 37
7 38
7 39
7 40
7 41
7 42
7 43
8 33
8 34
8 35
8 36
8 37
8 38
8 39
8 40
8 41
8 42
8 43
9 33
9 34
9 35
9 36
9 37
9 38
9 39
9 40
9 41
9 42
9 43
10 33
10 34
10 35
10 36
10 37
10 38
10 39
10 40
10 41
10 42
10 43
11 33
11 34
11 35
11 36
0
Yes
25 13
25 12
26 12
26 13
27 13
27 12
26 11
25 11
27 11
24 11
27 14
25 10
26 10
24 10
27 10
28 12
28 13
28 11
28 10
23 10
29 13
29 12
29 11
29 10
24 9
25 9
26 9
27 9
28 9
23 9
29 9
22 9
25 8
24 8
26 8
23 8
27 8
28 8
22 8
29 8
30 11
30 10
30 9
30 8
24 7
23 7
31 10
31 9
23 6
24 6
22 6
24 5
23 5
22 5
21 5
23 4
22 4
24 4
21 4
25 4
20 4
22 3
23 3
21 3
21 2
22 2
20 2
22 1
21 1
20 1
23 1
23 0
22 0
21 0
20 0
19 1
19 2
19 0
18 2
18 1
18 0
18 3
17 1
17 0
25 14
25 15
0
No
0
No
0
Yes
23 39
23 40
23 41
23 42
24 39
24 40
24 41
24 42
0
No
0
Yes
27 28
27 29
27 30
27 31
27 32
27 33
27 34
27 35
27 36
28 28
28 29
28 30
28 31
28 32
28 33
28 34
28 35
28 36
29 28
29 29
29 30
29 31
29 32
29 33
29 34
29 35
29 36
30 28
30 29
30 30
30 31
30 32
30 33
30 34
30 35
30 36
31 28
31 29
31 30
31 31
31 32
31 33
31 34
31 35
31 36
32 28
32 29
32 30
32 31
32 32
32 33
32 34
32 35
32 36
33 28
33 29
33 30
33 31
33 32
33 33
33 34
33 35
33 36
34 28
34 29
34 30
34 31
0
No
0
No
0
Yes
6 36
5 36
6 35
6 37
7 36
5 35
5 37
7 35
7 37
4 36
6 34
6 38
8 36
4 35
4 37
5 34
5 38
7 34
7 38
8 35
8 37
4 34
4 38
8 34
8 38
3 36
6 33
6 39
9 36
3 35
3 37
5 33
5 39
7 33
7 39
9 35
9 37
3 34
3 38
4 33
8 33
8 39
9 34
9 38
2 36
6 32
10 36
2 35
2 37
5 32
10 35
10 37
3 33
3 39
9 33
9 39
2 34
2 38
4 32
10 34
10 38
1 36
2 33
3 32
10 33
10 39
11 36
1 35
1 37
11 35
1 34
1 38
11 34
2 32
1 33
1 39
11 33
0 36
0 35
0 37
0 34
0 38
1 32
0 33
0 39
0 32
0
No
0
Yes
26 46
26 47
25 46
25 47
27 46
27 47
26 45
26 48
25 45
25 48
27 45
27 48
24 46
24 47
28 46
28 47
24 45
24 48
26 44
28 45
25 44
25 49
27 44
23 46
23 47
29 46
29 47
24 44
24 49
28 44
23 45
23 48
29 45
29 48
26 43
25 43
27 43
23 44
23 49
29 44
22 46
22 47
24 43
28 43
30 46
30 47
22 45
22 48
30 45
30 48
23 43
29 43
22 44
22 49
30 44
21 46
21 47
21 45
21 48
31 45
22 43
30 43
21 49
31 44
20 47
31 43
20 48
20 49
0
No
0
Yes
26 10
26 11
27 10
27 11
25 10
25 11
26 9
26 12
27 9
27 12
28 10
28 11
25 9
25 12
28 9
28 12
24 10
24 11
26 8
26 13
27 8
27 13
29 10
29 11
24 9
25 8
25 13
28 8
28 13
29 9
29 12
23 10
24 8
29 8
29 13
23 9
23 8
0
No
0
Yes
32 33
31 33
32 32
32 34
33 33
31 32
31 34
33 32
33 34
30 33
32 31
32 35
34 33
30 32
30 34
31 31
31 35
33 31
33 35
34 32
34 34
30 31
30 35
34 31
34 35
29 33
32 30
32 36
35 33
29 32
29 34
31 30
31 36
33 30
33 36
35 32
35 34
29 31
29 35
30 30
30 36
34 30
34 36
35 31
35 35
28 33
32 29
32 37
36 33
28 32
28 34
31 29
31 37
33 29
33 37
36 32
36 34
29 30
29 36
35 30
35 36
28 31
28 35
30 29
30 37
34 29
34 37
36 31
36 35
27 33
28 30
28 36
29 29
29 37
32 28
35 29
35 37
36 30
36 36
27 32
27 34
31 28
33 28
27 31
27 35
30 28
34 28
28 29
28 37
36 29
36 37
27 30
27 36
29 28
27 29
0
Yes
12 11
11 11
11 10
12 10
12 9
11 9
10 10
10 11
10 9
10 12
13 9
9 11
9 10
9 12
9 9
11 8
12 8
10 8
13 8
9 8
9 13
14 8
12 7
11 7
13 7
10 7
14 7
9 7
8 10
8 11
8 12
8 9
8 8
8 13
8 7
7 11
7 10
7 12
7 9
7 8
7 13
7 7
8 14
9 14
7 14
9 15
8 15
7 15
10 15
15 7
15 8
15 9
16 8
16 7
11 6
12 6
13 6
10 6
14 6
9 6
15 6
8 6
16 6
7 6
12 5
11 5
13 5
14 5
15 5
16 5
0
Yes
47 41
47 40
48 40
48 41
48 42
49 41
49 40
49 42
49 39
49 43
47 39
47 38
46 38
46 37
47 37
45 37
45 38
44 38
44 37
44 39
43 39
43 38
43 37
43 40
44 40
45 40
45 41
44 41
43 41
44 42
45 42
43 42
45 43
42 41
42 40
42 39
42 38
42 42
45 36
46 36
44 36
41 40
41 41
41 39
41 42
41 38
46 35
45 35
44 35
41 43
40 41
40 40
40 42
40 39
40 43
40 38
43 35
45 34
44 34
46 34
43 34
47 34
40 44
41 44
42 44
42 45
41 45
43 45
41 46
42 46
47 33
46 33
45 33
44 33
43 33
39 40
39 41
39 42
39 39
40 37
48 33
48 34
48 35
40 46
42 34
42 35
42 33
38 41
38 40
38 42
38 39
46 32
47 32
45 32
44 32
48 32
38 43
40 47
41 47
41 48
40 48
42 48
49 32
49 33
42 49
41 49
40 49
43 49
43 48
39 47
39 48
39 46
39 49
47 31
46 31
48 31
49 31
37 40
37 41
37 39
0
Yes
3 6
4 6
3 5
3 7
4 5
4 7
2 6
5 6
2 5
2 7
5 5
5 7
3 4
3 8
4 4
4 8
1 6
2 4
2 8
5 4
5 8
6 6
1 5
1 7
6 5
6 7
4 3
1 4
6 4
6 8
2 3
0 6
0 5
0 7
1 3
0 4
0
Yes
36 38
35 38
35 39
36 39
36 40
35 40
34 39
34 38
34 40
33 38
33 39
33 40
35 41
34 41
36 41
33 41
32 39
32 40
32 38
32 41
34 42
33 42
32 42
31 38
31 39
31 40
33 43
32 43
30 39
30 38
31 42
29 38
32 44
33 44
33 45
32 45
34 45
34 46
33 46
32 46
35 46
35 45
35 47
34 47
33 47
32 47
36 47
36 46
31 46
31 47
36 48
35 48
34 48
33 48
32 48
31 48
37 48
37 47
35 49
36 49
34 49
33 49
32 49
37 49
31 49
38 49
37 38
0
Yes
39 9
39 8
38 8
40 8
40 9
40 10
39 10
39 11
40 11
41 9
41 10
41 8
41 11
38 7
39 7
40 7
41 7
38 11
37 7
37 8
39 6
38 6
40 6
37 6
41 6
36 8
36 7
36 6
36 9
38 12
39 12
40 12
41 12
42 8
42 9
42 10
42 7
42 11
42 6
42 12
37 12
35 9
35 8
35 7
39 13
38 13
40 13
41 13
37 13
42 13
43 9
43 8
43 10
43 7
43 11
43 12
35 10
36 10
38 5
39 5
40 5
37 5
36 5
36 13
36 12
39 4
38 4
37 4
40 4
36 4
38 14
39 14
40 14
37 14
41 14
42 14
44 8
44 9
44 10
44 11
44 7
44 12
39 15
38 15
40 15
41 15
37 15
38 3
39 3
37 3
40 3
36 3
0
Yes
45 2
46 2
45 1
45 3
46 1
46 3
44 2
47 2
44 1
44 3
47 1
47 3
45 0
46 0
43 2
44 0
47 0
48 2
43 1
48 1
48 3
43 0
48 0
42 2
49 2
42 1
49 1
49 3
42 0
49 0
41 2
41 1
0
Yes
15 10
15 9
15 8
14 8
16 8
14 7
15 7
16 7
13 7
13 8
13 9
12 9
12 8
12 7
12 10
11 10
11 9
11 8
11 7
15 6
14 6
13 6
12 6
16 6
11 6
11 11
12 11
13 11
10 9
10 10
10 8
10 7
10 11
10 6
14 5
15 5
13 5
12 5
11 5
16 5
10 12
9 10
9 9
9 11
9 8
9 7
9 12
9 6
13 4
14 4
12 4
11 4
9 13
8 9
8 10
8 11
8 8
8 12
8 7
8 13
8 6
14 3
13 3
12 3
11 3
15 3
9 5
7 10
7 9
7 11
7 8
7 12
7 7
7 13
7 6
15 2
14 2
13 2
12 2
8 14
9 14
7 14
9 15
8 15
7 15
10 15
6 9
14 1
15 1
8 16
7 16
7 5
15 0
14 0
0
Yes
46 18
46 19
45 18
45 19
47 18
47 19
46 17
46 20
45 20
47 17
47 20
44 18
44 19
48 18
48 19
44 17
44 20
46 16
48 17
48 20
45 21
47 16
47 21
43 18
43 19
49 18
49 19
48 16
48 21
43 17
43 20
49 17
49 20
43 16
43 21
49 16
49 21
42 18
42 19
42 17
42 20
42 16
42 21
0
Yes
22 0
21 0
21 1
22 1
23 1
23 0
22 2
21 2
20 1
20 0
20 2
19 0
19 1
19 2
21 3
22 3
23 3
22 4
21 4
23 4
18 1
18 0
18 2
20 4
24 4
17 0
17 1
18 3
21 5
22 5
23 5
24 5
22 6
23 6
24 6
23 7
24 7
24 8
23 8
22 8
25 8
22 9
23 9
24 9
25 9
26 9
26 8
27 8
27 9
23 10
24 10
25 10
26 10
27 10
28 9
28 8
28 10
29 8
29 9
29 10
24 11
25 11
26 11
27 11
28 11
29 11
30 9
30 10
30 8
30 11
25 12
26 12
27 12
28 12
29 12
31 10
31 9
26 13
27 13
28 13
25 13
29 13
25 14
27 14
30 13
24 1
25 1
25 2
19 4
19 5
18 5
25 4
0
No
0
No
0
No
0
Yes
45 0
45 1
45 2
45 3
46 0
46 1
46 2
46 3
47 0
47 1
47 2
47 3
48 0
48 1
48 2
48 3
49 0
49 1
49 2
0
No
0
No
0
Yes
31 34
31 35
31 36
31 37
31 38
31 39
31 40
32 34
32 35
32 36
32 37
32 38
32 39
32 40
33 34
33 35
33 36
33 37
33 38
33 39
33 40
34 34
34 35
34 36
34 37
34 38
34 39
34 40
35 34
35 35
35 36
35 37
35 38
35 39
35 40
36 34
36 35
36 36
36 37
36 38
36 39
36 40
37 34
0
Yes
29 28
28 28
28 29
29 29
30 29
30 28
30 27
29 27
29 30
28 30
30 30
31 28
31 29
31 27
31 30
27 29
27 28
27 30
26 28
26 29
26 27
28 31
29 31
30 31
27 31
31 31
32 27
32 28
32 29
32 30
32 31
29 32
28 32
30 32
31 32
27 32
32 32
33 28
33 29
33 30
33 31
33 32
25 27
25 28
26 31
26 32
25 26
28 33
29 33
30 33
27 33
31 33
32 33
26 33
33 33
34 29
34 30
34 31
34 32
34 28
34 33
24 26
24 27
29 34
28 34
30 34
27 34
26 34
35 30
35 29
35 31
35 32
35 33
28 35
29 35
27 35
30 35
36 29
36 30
36 31
36 32
36 33
25 34
29 36
28 36
30 36
27 36
25 35
37 30
37 29
37 28
24 35
38 28
38 29
38 30
28 37
29 37
30 37
38 27
29 38
30 38
39 27
39 28
39 29
39 26
38 26
37 26
38 25
39 25
40 28
40 27
40 26
40 29
40 25
30 39
40 30
40 24
41 27
41 28
41 29
41 30
41 31
41 24
41 23
40 23
40 22
41 22
39 22
42 28
42 29
42 27
42 31
42 32
41 32
41 21
42 23
42 22
42 24
43 27
43 28
43 24
43 23
43 22
44 23
44 24
0
No
0
No
0
Yes
21 31
20 31
20 30
21 30
20 32
21 32
22 30
22 31
22 32
21 29
20 29
22 29
21 33
20 33
22 33
23 31
23 32
23 33
19 30
19 31
19 32
19 29
19 33
18 31
18 30
18 32
18 29
18 33
20 28
21 28
19 28
22 28
18 28
20 34
21 34
22 34
19 34
18 34
24 32
24 31
24 33
23 28
21 27
20 27
22 27
19 27
23 27
18 27
21 35
20 35
19 35
18 35
25 31
25 32
25 33
17 30
17 29
17 28
17 27
17 32
17 33
17 34
17 35
20 26
21 26
22 26
19 26
18 26
17 26
20 36
19 36
18 36
21 36
17 36
16 29
16 28
16 27
16 26
16 33
16 34
16 35
16 36
21 25
20 25
19 25
18 25
17 25
19 37
20 37
18 37
17 37
16 37
15 28
15 27
0
No
0
No
0
Yes
46 8
46 9
46 10
46 11
47 8
47 9
47 10
47 11
48 8
48 9
48 10
48 11
49 8
49 9
49 10
49 11
0
Yes
32 41
32 42
33 41
33 42
34 41
34 42
35 41
0
Yes
30 48
29 48
29 47
30 47
31 47
31 48
31 49
30 46
29 46
31 46
32 48
32 47
32 49
32 46
28 47
28 46
29 45
30 45
31 45
28 45
32 45
33 47
33 48
33 46
33 49
33 45
27 46
27 47
27 45
27 48
26 48
26 47
26 46
26 45
30 44
29 44
31 44
28 44
32 44
27 44
33 44
26 44
34 48
34 47
34 46
34 45
34 49
25 47
25 46
25 45
25 48
25 44
25 49
29 43
30 43
31 43
28 43
32 43
27 43
26 43
33 43
25 43
35 47
35 48
35 46
35 49
35 45
24 48
24 47
24 46
24 45
24 44
24 49
24 43
36 48
36 47
36 46
36 49
31 42
28 42
29 42
27 42
26 42
23 47
23 48
23 46
23 45
23 44
23 49
23 43
29 41
28 41
27 41
26 41
37 47
37 48
37 49
22 48
22 47
22 46
22 45
22 44
22 49
22 43
0
Yes
18 18
18 19
18 20
18 21
18 22
19 18
19 19
19 20
19 21
19 22
20 18
20 19
20 20
20 21
20 22
21 18
21 19
21 20
21 21
21 22
22 18
22 19
22 20
22 21
0
Yes
20 29
21 29
20 28
20 30
21 28
21 30
19 29
22 29
19 28
19 30
22 28
22 30
20 27
20 31
21 27
21 31
18 29
19 27
19 31
22 27
22 31
18 28
18 30
20 26
20 32
21 26
21 32
18 27
18 31
19 26
19 32
22 26
22 32
18 26
18 32
20 25
20 33
21 25
21 33
19 25
19 33
22 33
18 25
18 33
20 24
20 34
21 24
21 34
19 24
19 34
22 34
18 24
18 34
20 23
21 23
19 23
18 23
0
No
0
No
0
Yes
45 4
45 5
45 6
45 7
46 4
46 5
46 6
46 7
47 4
47 5
47 6
47 7
48 4
48 5
48 6
48 7
49 4
49 5
49 6
0
No
0
Yes
8 2
7 2
7 1
8 1
9 1
8 0
7 0
9 0
6 1
6 0
5 0
5 1
4 1
4 0
4 2
3 0
3 1
4 3
4 4
5 4
5 5
4 5
6 5
6 4
6 6
5 6
4 6
3 4
3 5
3 6
5 7
4 7
6 7
3 7
6 8
5 8
4 8
3 8
2 5
2 6
2 7
2 4
2 8
2 3
1 3
1 4
1 5
1 6
1 7
4 9
3 9
2 9
0 4
0 5
0 6
0 3
0 7
3 10
4 10
2 10
4 11
3 11
3 12
4 12
2 12
0
Yes
15 36
14 36
15 35
15 37
16 36
14 35
14 37
16 35
16 37
13 36
15 34
15 38
17 36
13 35
13 37
14 34
14 38
16 34
16 38
17 35
17 37
13 34
13 38
17 34
12 36
15 33
12 35
12 37
16 33
12 34
0
No
0
Yes
14 16
13 16
13 15
13 17
12 15
12 16
12 17
12 18
13 18
11 16
11 15
11 18
15 16
15 15
15 17
16 15
16 16
16 17
16 14
15 14
16 18
17 16
17 15
17 17
17 14
17 18
15 13
16 13
17 13
18 15
18 16
18 17
18 14
18 18
18 13
17 19
18 19
17 12
19 16
19 15
19 17
19 14
19 18
19 13
19 19
18 20
19 20
20 15
20 16
20 17
20 14
20 18
20 19
20 13
20 20
19 12
20 12
21 16
21 15
21 17
21 14
21 18
21 13
21 19
21 20
19 21
20 21
18 21
21 21
17 21
18 22
19 22
20 22
21 22
22 15
22 16
22 17
22 18
22 19
22 20
22 21
23 19
23 20
23 21
23 22
24 22
24 23
25 23
25 22
26 22
26 23
25 24
26 24
27 23
27 22
27 24
12 19
0
No
0
No
0
Yes
25 5
25 6
25 7
26 5
26 6
26 7
27 5
27 6
27 7
28 5
28 6
28 7
29 5
29 6
29 7
30 5
30 6
30 7
31 5
31 6
31 7
0
No
0
No
0
Yes
3 1
3 0
2 0
4 0
4 1
4 2
5 1
5 0
6 0
6 1
7 1
7 0
7 2
8 0
8 1
8 2
9 1
9 0
1 0
4 3
0 0
0 1
4 4
3 4
5 4
3 5
4 5
5 5
2 5
2 4
2 3
1 3
1 4
1 5
0 4
0 3
0 5
6 5
6 4
2 6
3 6
4 6
1 6
5 6
0 6
6 6
3 7
2 7
4 7
1 7
5 7
0 7
6 7
2 8
3 8
4 8
5 8
6 8
3 9
4 9
2 9
2 10
3 10
4 10
3 11
4 11
4 12
3 12
2 12
3 13
2 13
1 13
2 14
3 14
1 14
4 14
0 14
0 13
0 12
3 15
4 15
0
No
0
No
0
No
0
No
0
Yes
44 0
44 1
44 2
44 3
45 0
45 1
45 2
45 3
46 0
46 1
46 2
46 3
47 0
47 1
47 2
47 3
48 0
48 1
48 2
48 3
49 0
49 1
49 2
49 3
0
Yes
40 19
40 20
41 19
41 20
0
No
0
No
0
Yes
45 45
45 46
46 45
46 46
47 45
0
Yes
16 35
16 36
17 35
17 36
15 35
15 36
16 34
16 37
17 34
17 37
18 35
18 36
15 34
15 37
18 37
14 35
14 36
16 33
17 33
19 35
19 36
14 34
14 37
15 33
19 37
13 35
13 36
20 35
20 36
13 34
13 37
20 37
13 33
12 35
12 36
12 34
12 37
12 33
0
Yes
39 0
39 1
39 2
40 0
40 1
40 2
41 0
41 1
41 2
42 0
42 1
42 2
43 0
43 1
0
Yes
37 16
37 17
36 17
38 17
38 16
39 16
39 17
36 18
37 18
38 18
35 18
37 19
36 19
35 19
40 17
40 16
41 16
41 17
34 19
34 18
34 17
33 17
33 18
33 19
33 16
32 16
32 17
32 18
32 19
34 20
33 20
31 17
31 18
31 16
31 19
0
Yes
27 28
27 29
27 30
27 31
27 32
28 28
28 29
28 30
28 31
28 32
29 28
29 29
29 30
29 31
29 32
30 28
30 29
30 30
30 31
30 32
31 28
31 29
31 30
31 31
31 32
32 28
32 29
32 30
32 31
32 32
33 28
33 29
33 30
33 31
33 32
34 28
34 29
34 30
34 31
0
Yes
33 38
34 38
33 37
33 39
34 37
34 39
32 38
35 38
32 37
32 39
35 37
35 39
33 36
33 40
34 36
34 40
31 38
32 36
32 40
35 36
35 40
36 38
31 37
31 39
36 37
36 39
33 35
33 41
34 35
34 41
31 36
31 40
36 36
36 40
32 35
32 41
35 35
35 41
30 38
30 37
30 39
31 35
36 35
36 41
30 36
33 34
33 42
34 34
34 42
32 34
32 42
35 34
30 35
31 34
36 34
33 33
34 33
32 33
35 33
30 34
31 33
36 33
0
Yes
41 10
41 11
40 10
40 11
42 10
42 11
41 9
41 12
40 9
40 12
42 9
42 12
39 10
39 11
43 10
43 11
39 9
39 12
41 8
41 13
43 9
43 12
40 8
40 13
42 8
42 13
38 11
44 10
44 11
39 8
39 13
43 8
38 12
44 9
44 12
41 7
41 14
40 7
40 14
42 7
42 14
38 8
38 13
44 8
39 7
39 14
43 7
37 12
41 6
38 7
38 14
40 6
42 6
44 7
37 8
37 13
39 6
37 7
37 14
38 6
0
Yes
23 39
23 40
23 41
23 42
24 39
24 40
24 41
0
Yes
35 7
35 8
35 9
35 10
36 7
36 8
36 9
36 10
0
Yes
40 38
40 37
40 39
39 39
41 39
41 38
42 38
42 39
39 40
40 40
41 40
42 40
38 40
38 39
40 41
39 41
41 41
38 41
42 41
37 39
37 40
37 41
37 38
43 39
43 40
43 38
43 41
43 37
44 38
44 39
44 40
44 37
44 41
39 42
40 42
41 42
38 42
42 42
43 42
44 42
44 36
40 43
41 43
45 37
45 38
45 36
38 43
45 40
45 41
45 42
45 35
44 35
43 35
43 34
44 34
45 34
42 34
42 35
42 33
43 33
44 33
45 33
46 38
46 37
46 36
46 35
46 34
46 33
41 44
40 44
42 44
45 43
47 37
47 38
47 39
44 32
45 32
46 32
42 45
41 45
43 45
41 46
42 46
40 46
47 34
47 33
47 32
40 47
41 47
39 47
39 46
46 31
47 31
48 33
48 32
48 34
48 31
48 35
39 48
40 48
41 48
42 48
49 32
49 33
49 31
40 49
41 49
39 49
42 49
38 49
43 49
43 48
40 36
38 44
42 32
41 32
41 31
42 31
47 40
48 40
48 41
47 41
49 41
49 40
49 39
0
Yes
45 20
44 20
44 19
45 19
46 19
46 20
45 18
44 18
46 18
47 20
47 19
47 18
43 19
43 20
43 18
43 21
47 21
42 20
42 19
42 21
42 18
44 17
43 17
42 17
46 17
47 17
48 19
48 20
48 18
48 21
48 17
42 22
43 22
43 23
42 23
44 23
48 22
49 20
49 19
49 21
49 18
49 17
41 19
41 20
41 21
41 22
41 23
44 24
43 24
42 24
41 24
43 16
42 16
47 16
48 16
46 16
49 16
40 20
40 19
41 17
41 16
40 22
40 23
40 24
40 16
40 17
41 15
40 15
0
No
0
Yes
31 16
31 17
31 18
31 19
32 16
32 17
32 18
32 19
33 16
33 17
33 18
0
Yes
15 32
15 33
16 33
16 34
15 34
14 34
17 34
17 33
17 32
15 35
16 35
14 35
17 35
18 32
18 33
18 34
18 35
18 31
13 35
13 34
13 33
12 33
12 34
12 35
14 36
15 36
16 36
13 36
17 36
12 36
18 36
19 31
19 32
19 33
19 34
19 35
19 36
19 30
18 30
17 30
17 29
18 29
19 29
16 29
16 28
17 28
18 28
19 28
15 28
15 27
16 27
17 27
18 27
19 27
15 37
14 37
16 37
13 37
17 37
18 37
12 37
19 37
20 32
20 31
20 33
20 30
20 34
20 29
20 35
20 28
20 36
20 27
20 37
14 38
15 38
16 38
13 38
16 26
17 26
18 26
19 26
20 26
21 31
21 32
21 33
21 30
21 34
21 29
21 35
21 28
21 36
21 27
21 26
18 38
15 39
22 32
22 31
22 33
22 30
22 34
22 29
22 28
22 27
22 26
17 25
18 25
19 25
20 25
0
No
0
Yes
5 24
5 25
5 26
6 24
6 25
6 26
7 24
7 25
7 26
8 24
8 25
8 26
0
No
0
Yes
6 32
5 32
5 31
5 33
6 33
7 33
6 34
5 34
7 34
4 31
4 32
4 33
4 34
4 30
5 30
8 34
8 33
3 32
3 31
3 33
3 30
3 34
5 35
6 35
7 35
4 35
8 35
3 35
9 33
9 34
9 35
6 36
5 36
7 36
4 36
8 36
3 36
9 36
2 31
2 32
2 33
2 34
2 35
2 30
2 36
3 29
2 29
10 34
10 35
10 33
10 36
1 32
1 31
1 33
1 30
1 34
1 35
1 29
1 36
5 37
6 37
7 37
4 37
8 37
3 37
9 37
2 37
10 37
1 37
11 33
11 34
11 35
11 36
2 28
3 28
1 28
4 28
6 38
5 38
7 38
4 38
8 38
3 38
9 38
2 38
10 38
1 38
0 31
0 32
0 33
0 30
0 34
0 29
0 35
0 36
0 37
0 28
0 38
12 34
12 35
12 33
12 36
1 27
2 27
0 27
5 39
6 39
7 39
8 39
9 39
10 39
13 33
13 34
13 35
0
Yes
7 40
7 41
7 42
7 43
8 40
8 41
8 42
8 43
9 40
9 41
9 42
9 43
10 40
10 41
10 42
10 43
11 40
0
Yes
22 43
22 44
22 45
22 46
22 47
23 43
23 44
23 45
23 46
23 47
24 43
24 44
24 45
24 46
24 47
25 43
25 44
25 45
25 46
25 47
26 43
26 44
26 45
26 46
26 47
27 43
27 44
27 45
27 46
27 47
28 43
28 44
28 45
28 46
28 47
29 43
29 44
29 45
29 46
29 47
30 43
30 44
30 45
30 46
30 47
31 43
31 44
31 45
31 46
31 47
32 43
32 44
32 45
32 46
32 47
33 43
33 44
0
Yes
18 15
18 16
18 17
18 18
18 19
18 20
18 21
18 22
18 23
18 24
18 25
18 26
18 27
19 15
19 16
19 17
19 18
19 19
19 20
19 21
19 22
19 23
19 24
19 25
19 26
19 27
20 15
20 16
20 17
20 18
20 19
20 20
20 21
20 22
20 23
20 24
20 25
20 26
20 27
21 15
21 16
21 17
21 18
21 19
21 20
21 21
21 22
21 23
21 24
21 25
21 26
21 27
22 15
22 16
22 17
22 18
22 19
22 20
22 21
0
Yes
32 30
32 31
33 30
33 31
31 30
31 31
32 29
32 32
33 29
33 32
34 30
34 31
31 29
31 32
34 29
34 32
30 30
30 31
32 28
33 28
35 30
35 31
30 29
30 32
31 28
34 28
35 29
35 32
29 30
29 31
30 28
30 33
32 27
36 30
36 31
29 29
29 32
31 27
36 29
36 32
29 28
29 33
30 27
28 30
28 31
28 29
28 32
29 27
28 28
28 33
0
No
0
Yes
40 9
39 9
39 8
40 8
39 10
40 10
41 8
41 9
41 10
40 7
39 7
41 7
40 11
39 11
41 11
42 9
42 8
42 10
42 7
42 11
38 8
38 7
38 11
39 6
40 6
41 6
38 6
42 6
39 12
40 12
41 12
38 12
42 12
43 8
43 9
43 10
43 7
43 11
43 12
37 7
37 8
37 6
40 5
39 5
38 5
37 5
40 13
39 13
41 13
42 13
38 13
44 9
44 8
44 10
44 11
44 7
44 12
37 12
37 13
36 6
36 5
39 4
38 4
37 4
40 4
36 4
39 14
40 14
41 14
38 14
42 14
37 14
45 11
45 12
36 13
36 12
0
No
0
No
0
Yes
18 28
18 29
18 30
18 31
18 32
18 33
18 34
18 35
18 36
19 28
19 29
19 30
19 31
19 32
19 33
19 34
19 35
19 36
20 28
20 29
20 30
20 31
20 32
20 33
20 34
20 35
20 36
21 28
21 29
21 30
21 31
21 32
21 33
21 34
21 35
21 36
22 28
22 29
22 30
22 31
22 32
0
Yes
8 18
7 18
7 17
7 19
8 19
8 20
7 20
6 17
6 18
6 19
6 20
9 20
6 16
7 16
8 16
5 18
5 17
5 19
5 16
5 20
8 15
7 15
7 21
8 21
6 21
9 21
5 21
9 15
8 22
7 22
6 22
9 22
5 22
4 17
4 16
4 19
4 20
4 21
4 22
7 14
8 14
9 14
10 22
8 13
7 13
9 13
7 23
8 23
9 23
6 23
3 20
8 24
7 24
9 24
6 24
7 12
8 12
9 12
10 12
5 24
8 11
9 11
7 11
10 11
7 25
8 25
6 25
5 25
11 11
8 26
7 26
6 26
5 26
4 25
7 10
8 10
9 10
10 10
11 10
12 10
12 11
13 11
8 9
9 9
10 9
11 9
7 9
12 9
6 9
7 8
8 8
9 8
10 8
11 8
12 8
13 9
13 8
8 7
9 7
10 7
11 7
12 7
7 7
13 7
14 8
14 7
7 6
8 6
9 6
10 6
11 6
12 6
13 6
14 6
9 5
15 7
15 8
15 6
15 9
16 8
16 7
16 6
11 5
12 5
13 5
14 5
15 5
16 5
12 4
13 4
14 4
11 4
11 3
12 3
13 3
14 3
12 2
13 2
14 2
0
Yes
47 3
46 3
47 2
48 3
46 2
48 2
45 3
47 1
49 3
45 2
46 1
48 1
49 2
45 1
49 1
44 3
47 0
44 2
44 4
46 0
48 0
44 1
45 0
49 0
44 0
0
Yes
21 38
20 38
20 37
19 37
19 36
20 36
21 36
21 35
20 35
19 35
18 36
18 37
18 35
18 38
17 37
17 36
17 35
20 34
19 34
18 34
21 34
17 34
22 34
21 33
20 33
19 33
18 33
22 33
17 33
16 36
16 35
16 34
16 37
16 33
16 38
23 33
15 38
15 37
15 36
15 35
15 34
15 33
15 39
20 32
21 32
22 32
19 32
18 32
17 32
23 32
24 32
24 33
25 33
25 32
25 34
26 34
26 33
26 32
21 31
20 31
22 31
19 31
23 31
18 31
24 31
25 31
26 31
14 37
14 38
14 36
14 35
14 34
27 33
27 32
27 34
27 31
27 35
28 35
28 34
28 36
27 36
13 38
13 37
13 36
20 30
21 30
22 30
19 30
18 30
29 36
29 35
29 34
29 37
28 37
15 32
17 30
21 29
20 29
19 29
18 29
22 29
17 29
12 37
27 30
20 28
21 28
19 28
18 28
22 28
17 28
23 28
16 29
16 28
22 27
23 27
24 27
15 28
17 27
16 27
15 27
24 26
25 26
25 27
25 28
26 28
26 27
26 29
27 29
27 28
16 26
17 26
17 25
21 39
25 35
24 35
15 40
29 38
22 26
0
Yes
39 0
39 1
39 2
40 0
40 1
40 2
41 0
41 1
41 2
42 0
42 1
42 2
43 0
43 1
43 2
0
Yes
7 6
7 7
7 8
7 9
7 10
7 11
8 6
8 7
8 8
8 9
8 10
8 11
9 6
9 7
9 8
9 9
9 10
9 11
10 6
10 7
10 8
10 9
10 10
10 11
11 6
11 7
11 8
11 9
11 10
11 11
12 6
12 7
12 8
12 9
12 10
12 11
13 6
0
Yes
40 40
39 40
39 39
40 39
39 41
40 41
41 39
41 40
41 41
40 38
41 38
40 42
39 42
41 42
42 40
42 39
42 41
42 38
42 42
38 39
38 40
38 41
38 42
37 40
37 41
37 39
41 43
40 43
43 39
43 40
43 41
43 38
43 42
37 38
38 43
40 44
41 44
44 40
44 39
44 41
44 38
44 42
43 37
44 37
42 44
41 45
42 45
45 41
45 40
45 42
45 38
45 37
44 36
45 36
43 45
45 43
42 46
41 46
40 46
46 37
46 38
46 36
40 47
41 47
39 47
39 46
45 35
44 35
46 35
43 35
43 34
44 34
45 34
46 34
42 34
42 35
42 33
43 33
44 33
45 33
46 33
47 38
47 37
47 39
39 48
40 48
41 48
42 48
44 32
45 32
46 32
40 49
41 49
39 49
42 49
38 49
47 34
47 33
47 32
43 49
43 48
48 33
48 34
48 32
48 35
46 31
47 31
48 31
49 32
49 33
49 31
40 37
40 36
38 44
44 45
44 44
47 40
48 40
48 41
47 41
49 41
49 40
49 39
49 42
48 42
45 45
45 46
46 46
46 45
47 45
42 32
41 32
41 31
42 31
48 45
48 46
49 46
49 45
49 44
49 43
49 47
0
Yes
39 7
39 8
39 9
39 10
39 11
39 12
40 7
40 8
40 9
40 10
40 11
40 12
41 7
41 8
41 9
41 10
41 11
41 12
42 7
42 8
42 9
42 10
42 11
42 12
43 7
43 8
43 9
43 10
43 11
43 12
44 7
44 8
44 9
44 10
44 11
44 12
0
Yes
32 30
32 31
33 30
33 31
31 30
31 31
32 29
32 32
33 29
33 32
34 30
34 31
31 29
31 32
34 29
34 32
30 30
30 31
32 28
33 28
35 30
35 31
30 29
30 32
31 28
34 28
35 29
35 32
29 30
29 31
30 28
30 33
32 27
36 30
36 31
29 29
29 32
31 27
36 29
36 32
29 28
29 33
30 27
28 30
28 31
28 29
28 32
29 27
28 28
0
Yes
11 22
10 22
9 22
9 21
9 23
8 21
8 22
8 23
8 20
9 20
8 24
9 24
7 22
7 21
7 23
7 20
7 24
7 19
8 19
7 25
8 25
8 18
7 18
9 18
8 26
7 26
6 21
6 22
6 23
6 20
6 24
6 19
6 25
6 18
6 26
5 22
5 21
5 20
5 19
5 18
5 24
5 25
5 26
7 17
6 17
5 17
4 21
4 20
4 19
4 22
4 25
6 16
7 16
5 16
8 16
8 15
7 15
9 15
3 20
9 14
8 14
7 14
4 17
4 16
8 13
9 13
7 13
4 15
9 12
8 12
7 12
10 12
3 15
3 14
4 14
2 14
2 13
3 13
3 12
2 12
0
No
0
Yes
45 48
45 49
46 48
46 49
47 48
47 49
48 48
48 49
49 48
49 49
0
Yes
0 25
0 26
0 27
0 28
0 29
1 25
1 26
1 27
1 28
1 29
2 25
2 26
2 27
2 28
2 29
3 25
3 26
0
Yes
7 36
6 36
6 35
7 35
6 37
7 37
8 35
8 36
8 37
7 34
6 34
8 34
7 38
6 38
8 38
9 36
9 35
9 37
9 34
9 38
5 35
5 36
5 37
5 34
5 38
4 36
4 35
4 37
4 34
4 38
6 33
7 33
8 33
5 33
9 33
4 33
6 39
7 39
8 39
5 39
9 39
10 35
10 36
10 37
10 34
10 38
10 33
10 39
7 40
8 40
9 40
10 40
11 36
11 35
11 34
11 33
3 35
3 36
3 37
3 34
3 38
3 33
5 32
6 32
4 32
3 32
2 36
2 35
2 37
2 34
2 33
2 38
2 32
3 39
8 41
9 41
7 41
10 41
6 41
12 35
12 34
12 36
12 33
11 40
4 31
5 31
3 31
2 31
7 42
8 42
9 42
6 42
10 42
1 35
1 36
1 37
1 34
1 33
1 32
1 38
1 31
5 30
4 30
3 30
2 30
1 30
13 34
13 35
13 33
1 39
0 36
0 35
0 37
0 34
0 38
0 33
0 32
0 31
0 39
0 30
6 43
7 43
8 43
9 43
10 43
11 42
7 44
6 44
0
No
0
Yes
22 43
22 44
22 45
22 46
22 47
23 43
23 44
23 45
23 46
23 47
24 43
24 44
24 45
24 46
24 47
25 43
25 44
25 45
25 46
25 47
26 43
26 44
26 45
26 46
26 47
27 43
27 44
27 45
27 46
27 47
28 43
28 44
28 45
28 46
28 47
29 43
29 44
29 45
29 46
29 47
30 43
30 44
30 45
30 46
30 47
31 43
31 44
31 45
31 46
31 47
32 43
32 44
32 45
32 46
32 47
33 43
33 44
33 45
0
No
0
Yes
0 23
0 24
1 23
1 24
2 23
0
Yes
25 5
25 6
25 7
26 5
26 6
26 7
27 5
27 6
27 7
28 5
0
Yes
4 37
3 37
3 36
4 36
3 38
4 38
5 36
5 37
5 38
4 35
3 35
5 35
6 37
6 36
6 38
6 35
2 36
2 37
2 38
2 35
5 39
6 39
1 37
1 36
1 38
1 35
3 34
4 34
5 34
2 34
6 34
1 34
7 36
7 37
7 38
7 35
7 39
7 34
1 39
4 33
3 33
5 33
2 33
6 33
1 33
7 33
8 37
8 36
8 38
8 35
8 34
8 39
8 33
0 36
0 37
0 38
0 35
0 34
0 39
0 33
7 40
8 40
0 40
3 32
4 32
5 32
2 32
6 32
1 32
0 32
9 36
9 37
9 38
9 35
9 39
9 34
9 40
9 33
8 41
7 41
9 41
6 41
6 42
7 42
8 42
9 42
4 31
3 31
5 31
2 31
1 31
0 31
10 37
10 36
10 38
10 35
10 39
10 34
10 40
10 41
10 33
10 42
7 43
8 43
9 43
6 43
10 43
3 30
4 30
2 30
1 30
5 30
0 30
11 36
11 35
0
Yes
39 10
39 9
40 9
40 10
40 11
39 11
38 11
39 12
38 12
40 12
41 10
41 11
41 9
41 12
40 8
39 8
41 8
38 8
37 12
39 7
40 7
38 7
41 7
38 13
39 13
40 13
37 13
41 13
42 9
42 10
42 11
42 8
42 12
42 7
42 13
37 7
37 8
36 8
36 7
36 9
39 14
38 14
40 14
41 14
37 14
42 14
43 10
43 9
43 11
43 8
43 12
43 7
35 9
35 8
35 7
35 10
36 10
38 6
39 6
40 6
37 6
41 6
36 6
42 6
36 13
36 12
39 5
38 5
40 5
37 5
36 5
38 15
39 15
37 15
44 9
44 10
44 11
44 8
44 12
44 7
36 15
39 16
38 16
37 16
38 4
39 4
37 4
40 4
36 4
45 11
45 12
39 3
38 3
37 3
40 3
36 3
38 17
39 17
0
Yes
31 16
31 17
31 18
31 19
32 16
32 17
32 18
32 19
33 16
33 17
0
No
0
Yes
45 48
45 49
46 48
46 49
47 48
47 49
48 48
48 49
49 48
49 49
0
No
0
Yes
10 6
9 6
9 5
9 7
10 7
11 7
11 6
11 5
10 8
9 8
11 8
12 6
12 7
12 5
12 8
8 7
8 6
8 8
12 4
11 4
7 6
7 7
7 8
7 5
9 9
10 9
11 9
8 9
12 9
7 9
11 3
12 3
13 5
13 6
13 7
13 4
13 8
13 3
13 9
10 10
9 10
11 10
8 10
12 10
7 10
14 6
14 5
14 7
14 4
14 8
14 3
6 5
6 6
6 7
6 8
6 9
6 4
12 2
13 2
14 2
5 6
5 5
5 7
5 8
5 4
9 11
10 11
11 11
8 11
12 11
7 11
15 5
15 6
15 7
15 8
13 11
15 3
15 2
15 9
10 12
9 12
8 12
7 12
16 6
16 7
16 8
16 5
4 5
4 6
4 7
4 4
4 8
0
Yes
30 31
31 31
30 30
30 32
31 30
31 32
29 31
32 31
29 30
29 32
32 30
32 32
30 29
30 33
31 29
28 31
29 29
29 33
32 29
33 31
28 30
28 32
33 30
33 32
30 28
31 28
28 29
28 33
33 29
29 28
29 34
32 28
27 31
34 31
27 30
27 32
34 30
34 32
28 28
28 34
33 28
27 29
27 33
30 27
31 27
34 29
29 27
32 27
26 31
26 32
27 28
27 34
34 28
26 29
26 33
26 28
26 34
0
Yes
45 40
44 40
44 39
44 41
45 41
45 42
44 42
43 39
43 40
43 41
43 42
43 38
44 38
45 38
42 40
42 39
42 41
42 38
42 42
45 37
44 37
43 37
46 37
46 38
47 38
47 37
47 39
41 39
41 40
41 41
41 38
41 42
44 36
45 36
46 36
40 40
40 39
40 41
40 38
40 42
41 43
40 43
45 35
44 35
46 35
43 35
40 37
39 39
39 40
39 41
39 42
44 34
45 34
46 34
43 34
47 34
40 44
41 44
42 44
42 45
41 45
43 45
42 34
42 35
38 40
38 41
38 39
38 42
45 33
44 33
46 33
43 33
47 33
42 33
41 46
42 46
38 43
48 33
48 34
48 35
40 46
37 39
37 40
37 41
44 32
45 32
46 32
47 32
48 32
37 38
42 32
40 47
41 47
41 32
41 48
40 48
42 48
49 32
49 33
46 31
47 31
48 31
49 31
39 47
39 46
39 48
42 49
41 49
40 49
39 49
43 49
43 48
41 31
42 31
38 49
47 40
48 40
48 41
47 41
49 41
49 40
49 39
49 42
48 42
45 43
49 43
44 45
44 44
45 45
45 46
46 46
46 45
47 45
49 44
48 45
49 45
48 46
49 46
49 47
48 47
40 36
38 44
41 30
0
No
0
Yes
17 32
17 33
16 33
18 33
18 32
18 31
19 32
19 31
19 33
16 34
17 34
18 34
19 34
15 34
15 33
15 32
19 30
18 30
17 30
17 29
18 29
19 29
17 35
16 35
18 35
15 35
19 35
16 29
20 31
20 32
20 33
20 30
20 34
20 29
20 35
21 32
21 31
21 33
21 30
21 34
21 29
21 35
16 28
17 28
18 28
19 28
20 28
21 28
16 36
17 36
18 36
19 36
20 36
15 36
21 36
14 35
14 34
14 36
13 34
13 35
13 36
13 33
15 28
17 27
16 27
15 27
17 37
16 37
18 37
15 37
19 37
14 37
20 37
13 37
12 33
12 34
12 35
12 36
12 37
22 31
22 32
22 33
22 30
22 34
22 29
22 28
23 32
23 31
23 33
16 26
17 26
16 38
15 38
14 38
13 38
0
Yes
4 22
4 21
5 21
5 22
6 22
6 21
5 20
4 20
6 20
3 20
6 23
4 19
5 19
6 19
7 21
7 22
7 20
7 23
7 19
7 24
6 24
5 24
5 25
6 25
7 25
4 25
8 22
8 21
8 23
8 20
8 24
8 19
8 25
5 18
6 18
7 18
8 18
6 26
5 26
7 26
8 26
9 21
9 22
9 23
9 20
9 24
6 17
7 17
5 17
4 17
4 16
5 16
6 16
7 16
0
Yes
45 2
46 2
45 1
45 3
46 1
46 3
44 2
47 2
44 1
44 3
47 1
47 3
45 0
46 0
43 2
44 0
47 0
48 2
43 1
48 1
48 3
43 0
48 0
42 2
49 2
42 1
49 1
49 3
42 0
49 0
41 2
41 1
0
No
0
Yes
40 27
40 28
40 29
41 27
41 28
41 29
42 27
42 28
42 29
43 27
43 28
0
Yes
48 22
48 21
47 21
49 21
47 20
48 20
49 20
46 20
48 19
47 19
49 19
46 19
47 18
48 18
49 18
46 18
45 19
45 20
45 18
45 21
44 20
44 19
44 18
48 17
47 17
46 17
49 17
43 19
43 20
43 18
43 21
42 21
42 20
42 19
42 18
42 22
43 22
43 23
42 23
44 23
44 24
43 24
42 24
47 16
48 16
49 16
46 16
44 17
43 17
42 17
41 22
41 21
41 23
41 20
41 19
41 24
43 16
42 16
40 23
40 22
40 24
40 20
40 19
40 25
41 17
41 16
39 22
39 25
39 26
40 26
41 15
40 16
40 17
40 15
38 26
38 25
38 27
39 27
39 28
38 28
38 29
39 29
37 28
37 29
37 30
38 30
0
Yes
3 5
2 5
2 4
3 4
2 6
3 6
3 7
2 7
1 4
1 5
1 6
1 7
1 3
2 3
0 5
0 4
0 6
0 3
0 7
2 8
3 8
3 9
2 9
4 9
2 10
3 10
4 10
3 11
4 11
4 12
3 12
2 12
3 13
2 13
1 13
2 14
3 14
1 14
4 14
0
No
0
Yes
46 8
46 9
46 10
46 11
47 8
47 9
47 10
47 11
48 8
48 9
48 10
48 11
49 8
49 9
49 10
0
No
0
No
0
Yes
42 34
42 33
43 33
43 34
43 35
42 35
44 34
44 33
44 35
44 32
44 36
45 33
45 34
45 35
45 32
45 36
46 34
46 33
46 35
46 32
46 36
45 37
44 37
46 37
43 37
43 38
44 38
45 38
46 38
42 38
42 39
43 39
44 39
46 31
41 39
41 38
40 38
40 39
40 37
47 33
47 34
47 32
47 31
39 39
47 37
47 38
48 34
48 33
48 32
48 31
41 40
42 40
43 40
40 40
44 40
39 40
48 35
45 40
42 41
41 41
43 41
40 41
44 41
39 41
45 41
47 39
49 33
49 32
49 31
38 40
38 39
38 41
37 39
37 40
37 41
37 38
41 42
42 42
43 42
40 42
44 42
39 42
38 42
45 42
40 43
41 43
0
Yes
32 33
32 34
31 33
31 34
33 33
33 34
32 32
32 35
31 32
31 35
33 32
33 35
30 33
30 34
34 33
34 34
30 32
30 35
32 31
32 36
34 32
34 35
31 31
31 36
33 31
33 36
29 33
29 34
35 33
35 34
30 31
30 36
34 31
34 36
29 32
29 35
35 32
35 35
32 30
32 37
31 30
31 37
33 30
33 37
29 31
29 36
35 31
35 36
28 33
28 34
30 30
30 37
34 30
34 37
36 33
36 34
28 32
28 35
36 32
36 35
32 29
32 38
29 30
29 37
31 29
31 38
33 29
33 38
35 30
35 37
28 31
28 36
36 31
36 36
30 29
30 38
34 29
34 38
27 33
27 34
27 32
27 35
28 30
28 37
36 30
36 37
29 29
29 38
35 29
35 38
32 28
32 39
27 31
27 36
31 28
31 39
33 28
33 39
30 28
30 39
34 28
34 39
28 29
36 29
36 38
27 30
29 28
35 39
32 27
31 27
27 29
28 28
30 27
36 39
0
Yes
23 40
23 41
23 42
24 40
24 41
24 42
0
Yes
45 21
45 20
44 20
46 20
44 19
45 19
46 19
43 19
43 20
43 21
47 19
47 20
47 21
42 21
42 20
42 19
45 18
44 18
46 18
43 18
47 18
42 18
48 21
48 20
48 19
48 18
42 22
43 22
43 23
42 23
44 23
44 24
43 24
42 24
48 22
41 20
41 21
41 22
41 19
41 23
41 24
44 17
43 17
42 17
46 17
47 17
48 17
49 20
49 21
49 19
49 18
49 17
40 22
40 23
40 24
40 19
40 20
43 16
42 16
47 16
48 16
46 16
49 16
41 17
41 16
0
Yes
42 44
41 44
41 45
42 45
43 45
42 46
41 46
40 46
41 47
40 47
39 47
39 46
40 48
41 48
39 48
42 48
42 49
41 49
40 49
39 49
43 49
43 48
38 49
40 44
44 45
44 44
45 45
45 46
46 46
46 45
47 45
48 45
48 46
49 46
49 45
49 44
49 47
48 47
37 49
37 48
36 48
36 49
36 47
37 47
35 47
35 48
35 49
35 46
36 46
34 46
34 47
34 48
34 49
34 45
35 45
33 47
33 46
33 48
33 49
0
No
0
No
0
Yes
0 28
0 29
0 30
0 31
0 32
0 33
0 34
1 28
1 29
1 30
1 31
1 32
1 33
1 34
2 28
2 29
2 30
2 31
2 32
2 33
2 34
3 28
3 29
3 30
3 31
3 32
3 33
0
Yes
3 34
3 35
2 35
4 35
4 34
4 33
5 34
5 33
5 35
2 36
3 36
4 36
5 36
1 36
1 35
5 32
4 32
3 37
2 37
4 37
1 37
5 37
0 35
0 36
0 37
4 31
5 31
6 33
6 34
6 35
6 32
6 36
6 37
7 34
7 33
7 35
7 36
7 37
2 38
3 38
4 38
1 38
5 38
6 38
0 38
7 38
5 30
4 30
3 39
8 33
8 34
8 35
8 36
8 37
8 38
1 39
0 39
5 39
6 39
7 39
8 39
9 34
9 35
9 36
9 37
9 38
9 33
9 39
0 40
10 33
10 34
10 35
10 36
10 37
10 38
10 39
7 40
8 40
9 40
10 40
11 34
11 35
11 36
11 33
8 41
9 41
7 41
10 41
6 41
6 42
7 42
8 42
9 42
10 42
12 33
12 34
12 35
12 36
12 37
7 43
8 43
9 43
6 43
10 43
11 40
13 34
13 35
13 36
13 33
13 37
0
Yes
18 28
18 29
18 30
18 31
18 32
18 33
18 34
18 35
19 28
19 29
19 30
19 31
19 32
19 33
19 34
19 35
20 28
20 29
20 30
20 31
20 32
20 33
20 34
20 35
21 28
21 29
21 30
21 31
21 32
21 33
21 34
21 35
22 28
22 29
22 30
22 31
22 32
0
Yes
46 48
46 49
47 48
47 49
48 48
48 49
49 48
49 49
0
Yes
9 40
8 40
8 39
9 39
8 41
9 41
10 39
10 40
10 41
9 38
8 38
10 38
9 42
8 42
10 42
11 40
7 39
7 40
7 41
7 38
7 42
11 42
6 41
6 42
8 37
9 37
10 37
7 37
8 43
9 43
10 43
7 43
6 43
6 38
6 39
6 37
9 36
8 36
7 36
10 36
6 36
5 39
5 38
5 37
5 36
7 44
6 44
11 36
8 35
9 35
10 35
7 35
6 35
11 35
5 35
4 38
4 37
4 36
4 35
5 44
12 35
12 36
12 37
13 37
13 36
13 35
13 38
14 38
14 37
14 36
14 35
9 34
8 34
10 34
7 34
11 34
6 34
12 34
5 34
13 34
4 34
14 34
3 37
3 36
3 35
3 38
3 34
3 39
15 37
15 36
15 35
15 38
15 34
15 39
8 33
9 33
10 33
7 33
11 33
6 33
12 33
5 33
13 33
4 33
2 38
2 37
2 36
2 35
16 38
16 37
16 36
16 35
16 34
1 37
1 36
1 38
1 35
1 39
6 32
5 32
4 32
17 37
17 36
17 35
17 34
0 39
0 38
0 37
0 36
0 35
0
Yes
25 7
25 8
25 9
25 10
25 11
25 12
25 13
26 7
26 8
26 9
26 10
26 11
26 12
26 13
27 7
27 8
27 9
27 10
27 11
27 12
27 13
28 7
28 8
28 9
28 10
28 11
28 12
28 13
29 7
29 8
29 9
29 10
29 11
29 12
29 13
30 7
30 8
0
No
0
No
0
No
0
No
0
Yes
45 45
45 46
46 45
46 46
47 45
0
No
0
Yes
30 22
30 23
30 24
31 22
31 23
0
Yes
24 6
24 7
24 8
24 9
24 10
24 11
25 6
25 7
25 8
25 9
25 10
25 11
26 6
26 7
26 8
26 9
26 10
26 11
27 6
27 7
27 8
27 9
27 10
27 11
28 6
28 7
28 8
28 9
28 10
28 11
29 6
29 7
29 8
29 9
29 10
29 11
30 6
30 7
30 8
30 9
30 10
30 11
0
Yes
45 48
45 49
46 48
46 49
47 48
47 49
0
Yes
27 28
27 29
27 30
27 31
27 32
27 33
27 34
28 28
28 29
28 30
28 31
28 32
28 33
28 34
29 28
29 29
29 30
29 31
29 32
29 33
29 34
30 28
30 29
30 30
30 31
30 32
30 33
30 34
31 28
31 29
31 30
31 31
31 32
31 33
31 34
32 28
32 29
32 30
32 31
32 32
32 33
32 34
33 28
33 29
33 30
33 31
33 32
33 33
33 34
34 28
34 29
34 30
34 31
34 32
34 33
34 34
0
Yes
17 8
17 9
17 10
18 8
18 9
18 10
0
Yes
43 34
42 34
42 33
43 33
42 35
43 35
44 33
44 34
44 35
45 34
45 33
45 35
44 32
45 32
44 36
45 36
46 33
46 34
46 35
46 32
46 36
45 37
44 37
46 37
43 37
43 38
44 38
45 38
46 38
47 34
47 33
47 32
42 38
46 31
47 31
47 37
47 38
42 39
43 39
44 39
48 33
48 32
48 34
48 31
48 35
41 39
41 38
40 38
40 39
40 37
43 40
42 40
41 40
44 40
40 40
45 40
49 32
49 33
49 31
39 39
39 40
47 39
42 41
43 41
44 41
41 41
40 41
45 41
39 41
38 40
38 39
38 41
37 39
37 40
37 41
37 38
43 42
42 42
44 42
41 42
40 42
39 42
38 42
45 42
0
Yes
25 12
25 13
26 12
26 13
27 12
27 13
28 12
28 13
29 12
29 13
0
Yes
39 46
39 47
39 48
39 49
40 46
40 47
40 48
40 49
41 46
41 47
41 48
41 49
42 46
0
Yes
33 35
33 36
32 35
32 36
34 35
34 36
33 34
33 37
32 34
32 37
34 34
34 37
31 35
31 36
35 35
35 36
31 34
31 37
33 33
33 38
35 34
35 37
32 33
32 38
34 33
34 38
30 35
30 36
36 35
36 36
31 33
31 38
35 33
35 38
30 34
30 37
36 34
36 37
33 32
33 39
32 32
32 39
34 32
34 39
30 33
30 38
36 33
36 38
29 35
29 36
31 32
31 39
35 32
35 39
29 34
29 37
33 31
33 40
30 32
30 39
32 31
32 40
34 31
34 40
36 32
36 39
29 33
29 38
31 31
31 40
35 31
35 40
29 32
30 31
36 31
36 40
33 30
32 30
34 30
31 30
35 30
29 31
30 30
36 30
29 30
0
Yes
7 0
7 1
7 2
8 0
8 1
8 2
9 0
9 1
0
Yes
8 36
8 37
7 36
7 37
9 36
9 37
8 35
8 38
7 35
7 38
9 35
9 38
6 36
6 37
10 36
10 37
6 35
6 38
8 34
8 39
10 35
10 38
7 34
7 39
9 34
9 39
5 36
5 37
11 36
6 34
6 39
10 34
10 39
5 35
5 38
11 35
8 33
7 33
9 33
5 34
5 39
11 34
4 36
4 37
6 33
10 33
12 36
12 37
4 35
4 38
12 35
5 33
11 33
4 34
12 34
3 36
3 37
13 36
13 37
3 35
3 38
13 35
13 38
4 33
12 33
3 34
3 39
13 34
2 36
2 37
14 36
14 37
13 33
2 35
2 38
14 35
14 38
14 34
1 36
1 37
1 35
0
Yes
46 16
46 17
46 18
46 19
46 20
47 16
47 17
47 18
47 19
47 20
48 16
48 17
48 18
48 19
48 20
49 16
49 17
49 18
49 19
0
Yes
29 4
29 5
28 5
30 5
30 4
30 3
31 4
31 3
31 5
28 6
29 6
30 6
31 6
27 6
27 5
27 4
31 2
30 2
29 7
28 7
30 7
27 7
31 7
26 5
26 6
26 7
32 3
32 4
32 2
28 8
29 8
30 8
27 8
26 8
32 1
31 1
32 7
25 6
25 7
25 5
25 8
25 4
33 2
33 3
33 1
24 4
24 5
24 6
24 7
24 8
29 9
28 9
27 9
26 9
25 9
30 9
24 9
34 3
34 2
34 1
31 9
23 5
23 6
23 7
23 8
23 4
23 9
23 3
28 10
29 10
30 10
27 10
26 10
25 10
24 10
31 10
23 10
34 0
22 4
22 5
22 6
22 3
29 11
28 11
30 11
27 11
26 11
25 11
24 11
22 2
21 3
21 4
21 5
21 2
22 8
22 9
28 12
29 12
27 12
26 12
25 12
21 1
22 1
23 1
23 0
22 0
21 0
20 4
29 13
28 13
27 13
26 13
25 13
30 13
20 2
20 1
20 0
27 14
19 1
19 2
19 0
25 14
18 2
18 1
18 0
18 3
17 1
17 0
27 3
0
Yes
44 0
44 1
44 2
44 3
45 0
45 1
45 2
45 3
46 0
46 1
46 2
46 3
47 0
47 1
47 2
47 3
48 0
48 1
48 2
48 3
49 0
49 1
49 2
49 3
0
Yes
27 48
26 48
26 47
27 47
28 47
27 46
26 46
28 46
25 47
25 48
25 46
25 49
29 46
29 47
29 48
24 48
24 47
24 49
24 46
30 48
30 47
30 46
26 45
27 45
28 45
25 45
29 45
24 45
30 45
27 44
26 44
28 44
25 44
29 44
24 44
30 44
23 47
23 48
23 46
23 45
23 49
23 44
31 47
31 46
31 45
31 48
31 44
31 49
22 48
22 47
22 46
22 45
22 49
22 44
32 48
32 47
32 46
32 45
32 49
32 44
26 43
27 43
28 43
25 43
29 43
24 43
30 43
23 43
31 43
22 43
32 43
27 42
26 42
28 42
29 42
21 47
21 48
21 46
21 45
21 49
33 47
33 48
33 46
33 45
33 44
33 49
33 43
24 42
23 42
20 48
20 47
20 49
34 48
34 47
34 46
34 45
34 49
26 41
27 41
28 41
29 41
31 42
32 42
33 42
27 40
28 40
19 47
19 48
19 49
23 41
24 41
35 47
35 48
35 46
35 49
35 45
19 46
24 40
23 40
32 41
33 41
18 48
18 47
18 49
36 48
36 47
36 46
36 49
28 39
27 39
34 42
34 41
23 39
24 39
17 47
17 48
17 49
0
Yes
0 3
0 4
0 5
0 6
0 7
1 3
1 4
1 5
1 6
1 7
2 3
2 4
2 5
2 6
0
Yes
40 36
40 37
40 38
41 38
41 39
40 39
39 39
42 39
42 38
43 38
43 39
43 37
40 40
41 40
42 40
39 40
43 40
44 37
44 38
44 39
44 40
44 36
38 40
38 39
37 39
37 40
37 38
45 36
45 37
45 38
39 41
40 41
41 41
38 41
42 41
43 41
37 41
44 41
45 35
44 35
43 35
43 34
44 34
45 34
42 34
42 35
42 33
43 33
44 33
45 33
44 32
45 32
40 42
39 42
41 42
38 42
42 42
43 42
44 42
46 35
46 36
46 37
46 34
46 33
46 38
46 32
36 41
45 40
45 41
45 42
41 43
40 43
47 37
47 38
38 43
47 34
47 33
47 32
47 39
46 31
47 31
40 44
41 44
42 44
48 33
48 32
48 34
48 31
48 35
45 43
41 45
42 45
43 45
49 32
49 33
49 31
42 32
41 32
41 31
42 31
41 30
40 30
40 29
41 29
39 29
42 29
39 28
40 28
41 28
42 28
38 28
38 29
38 30
37 30
37 29
37 28
36 29
43 28
40 27
39 27
41 27
38 27
42 27
43 27
39 26
40 26
38 26
37 26
40 25
39 25
38 25
35 41
47 40
48 40
48 41
47 41
0
Yes
15 33
15 34
15 35
15 36
15 37
16 33
16 34
16 35
16 36
16 37
17 33
17 34
17 35
17 36
17 37
18 33
18 34
18 35
18 36
18 37
19 33
19 34
19 35
19 36
19 37
20 33
20 34
20 35
20 36
20 37
21 33
21 34
0
Yes
10 9
9 9
10 8
10 10
11 9
9 8
9 10
11 8
11 10
8 9
10 7
10 11
12 9
8 8
8 10
9 7
9 11
11 7
11 11
12 8
12 10
8 7
8 11
12 7
12 11
7 9
10 6
10 12
13 9
7 8
7 10
9 6
9 12
11 6
13 8
7 7
7 11
8 6
8 12
12 6
13 7
13 11
6 9
6 8
9 5
11 5
7 6
7 12
13 6
6 7
12 5
6 6
7 5
13 5
0
Yes
11 18
12 18
12 17
12 19
13 17
13 18
13 16
12 16
11 16
11 15
12 15
13 15
10 15
14 16
9 15
9 14
8 14
8 15
8 16
7 16
7 15
7 14
7 17
6 17
6 16
6 18
7 18
8 18
8 19
7 19
6 19
7 20
8 20
6 20
9 20
9 21
8 21
7 21
6 21
8 22
7 22
9 22
6 22
10 22
9 23
8 23
7 23
6 23
8 13
9 13
7 13
5 18
5 17
5 19
5 20
5 21
5 22
5 16
8 24
7 24
9 24
6 24
4 17
4 16
4 19
4 20
4 21
4 22
4 15
7 25
8 25
6 25
3 20
5 24
5 25
3 15
8 26
7 26
6 26
5 26
0
No
0
Yes
39 46
39 47
39 48
39 49
40 46
40 47
40 48
40 49
41 46
41 47
41 48
41 49
42 46
0
No
0
Yes
20 30
21 30
20 29
20 31
21 29
21 31
19 30
22 30
19 29
19 31
22 29
22 31
20 28
20 32
21 28
21 32
18 30
19 28
19 32
22 28
22 32
18 29
18 31
23 31
18 28
18 32
23 28
23 32
22 27
17 30
17 29
23 27
17 28
0
Yes
26 22
26 23
26 24
27 22
27 23
27 24
0
Yes
39 0
39 1
39 2
40 0
40 1
40 2
41 0
41 1
41 2
42 0
42 1
42 2
43 0
0
Yes
48 46
48 47
48 48
48 49
49 46
49 47
49 48
49 49
0
No
0
Yes
46 4
47 4
46 3
46 5
47 3
47 5
45 4
48 4
45 3
45 5
48 3
48 5
46 2
46 6
47 2
47 6
44 4
45 2
45 6
48 2
48 6
49 4
44 3
49 3
49 5
46 1
46 7
47 1
47 7
44 2
49 2
49 6
45 1
45 7
48 1
48 7
43 4
44 1
49 1
49 7
43 2
46 0
47 0
45 0
48 0
43 1
0
Yes
43 37
43 38
42 38
44 38
44 37
44 36
45 37
45 36
45 38
42 39
43 39
44 39
41 39
41 38
45 35
44 35
43 35
43 34
44 34
45 34
43 40
42 40
44 40
41 40
40 38
40 39
40 40
40 37
42 34
42 35
46 36
46 37
46 35
46 38
46 34
45 40
47 37
47 38
42 33
43 33
44 33
45 33
46 33
42 41
43 41
44 41
41 41
45 41
40 41
39 39
39 40
39 41
47 39
43 42
42 42
44 42
41 42
40 42
45 42
39 42
47 34
47 33
44 32
45 32
46 32
47 32
38 40
38 41
38 39
38 42
37 39
37 40
37 41
0
No
0
Yes
20 32
20 33
19 32
19 33
21 32
21 33
20 31
20 34
19 31
19 34
21 31
21 34
18 32
18 33
22 32
22 33
18 31
18 34
20 30
20 35
22 31
22 34
19 30
19 35
21 30
21 35
17 32
17 33
18 30
18 35
22 30
17 34
20 29
20 36
19 29
19 36
21 29
21 36
17 30
17 35
18 29
18 36
22 29
20 28
17 29
17 36
19 28
21 28
18 28
22 28
17 28
0
Yes
2 29
2 30
1 29
1 30
3 29
3 30
2 28
2 31
1 28
1 31
3 28
3 31
0 29
0 30
0 28
0 31
2 27
2 32
1 27
1 32
3 32
0 27
0 32
2 26
2 33
1 26
1 33
3 26
3 33
0 26
0 33
2 25
2 34
1 25
1 34
3 25
0 25
0 34
1 24
0 24
0
No
0
Yes
31 16
31 17
31 18
31 19
32 16
32 17
32 18
32 19
33 16
33 17
33 18
33 19
0
Yes
9 5
9 6
8 6
10 6
8 7
9 7
10 7
7 7
7 6
7 5
11 7
11 6
11 5
6 5
6 6
6 7
9 8
8 8
10 8
7 8
11 8
6 8
12 5
12 6
12 7
12 8
6 4
12 4
11 4
11 3
12 3
5 4
5 5
5 6
5 7
5 8
8 9
9 9
10 9
7 9
11 9
6 9
12 9
13 4
13 5
13 6
13 7
13 8
13 3
13 9
12 2
13 2
4 5
4 6
4 7
4 4
4 8
9 10
8 10
10 10
7 10
11 10
12 10
14 5
14 4
14 6
14 3
14 7
14 8
14 2
4 3
3 4
3 5
3 6
3 7
3 8
8 11
9 11
10 11
11 11
7 11
12 11
15 6
15 5
15 7
15 8
15 3
15 2
4 9
3 9
14 1
15 1
9 12
8 12
10 12
7 12
16 5
16 6
16 7
16 8
0
Yes
7 20
8 20
7 19
7 21
8 19
8 21
6 20
9 20
6 19
6 21
9 21
7 18
7 22
8 18
8 22
5 20
6 18
6 22
9 18
9 22
5 19
5 21
7 17
7 23
8 23
5 18
5 22
6 17
6 23
9 23
5 17
7 16
7 24
8 16
8 24
6 16
6 24
9 24
5 16
5 24
7 15
7 25
8 15
8 25
6 25
9 15
5 25
7 14
7 26
8 14
8 26
6 26
9 14
5 26
7 13
8 13
9 13
0
Yes
45 0
45 1
45 2
45 3
45 4
45 5
45 6
45 7
46 0
46 1
46 2
46 3
46 4
46 5
46 6
46 7
47 0
47 1
47 2
47 3
47 4
47 5
47 6
47 7
48 0
48 1
48 2
48 3
48 4
48 5
48 6
48 7
49 0
49 1
49 2
49 3
49 4
49 5
0
Yes
25 22
25 23
25 24
26 22
26 23
26 24
27 22
27 23
27 24
0
Yes
23 49
22 49
22 48
23 48
24 48
24 49
23 47
22 47
24 47
25 49
25 48
25 47
21 48
21 49
21 47
20 49
20 48
20 47
22 46
23 46
24 46
21 46
25 46
26 48
26 47
26 46
23 45
22 45
24 45
25 45
21 45
26 45
19 48
19 49
19 47
27 47
27 46
27 48
27 45
18 49
18 48
18 47
19 46
22 44
23 44
24 44
25 44
26 44
27 44
28 46
28 47
28 45
28 44
23 43
24 43
25 43
26 43
27 43
22 43
28 43
17 48
17 49
17 47
29 47
29 46
29 45
29 44
29 43
29 48
17 46
16 49
16 48
24 42
23 42
30 48
30 47
30 46
30 45
30 44
30 43
16 46
26 42
27 42
28 42
29 42
23 41
24 41
15 48
15 49
16 45
31 47
31 46
31 45
31 44
31 48
31 43
31 49
27 41
28 41
26 41
29 41
32 49
32 48
32 47
32 46
32 45
32 44
32 43
24 40
23 40
23 39
24 39
33 48
33 47
33 46
33 45
33 44
33 49
33 43
28 40
27 40
31 42
32 42
33 42
27 39
28 39
34 49
34 48
34 47
34 46
34 45
32 41
33 41
35 48
35 47
35 46
35 49
35 45
36 49
36 48
36 47
36 46
34 42
34 41
37 48
37 47
0
Yes
6 42
6 41
7 41
7 42
7 43
6 43
6 44
7 44
8 42
8 43
8 41
5 44
7 40
8 40
9 41
9 42
9 43
9 40
8 39
7 39
9 39
6 39
6 38
7 38
8 38
9 38
10 42
10 41
10 40
10 39
10 43
10 38
5 38
5 39
5 37
6 37
7 37
8 37
9 37
10 37
4 37
4 38
3 38
3 37
3 39
11 40
6 36
5 36
7 36
4 36
8 36
9 36
3 36
10 36
2 37
2 38
2 36
1 38
1 37
1 36
1 39
0 39
0 38
0 37
0 36
0 40
5 35
6 35
7 35
4 35
8 35
3 35
9 35
2 35
1 35
10 35
0 35
11 36
11 35
6 34
5 34
7 34
4 34
8 34
3 34
9 34
10 34
11 34
5 33
6 33
7 33
4 33
8 33
9 33
10 33
11 33
12 35
12 34
12 36
12 33
12 37
13 37
13 36
13 35
13 34
13 33
13 38
14 38
14 37
14 36
14 35
14 34
6 32
5 32
4 32
15 37
15 36
15 35
15 38
15 34
15 39
16 38
16 37
16 36
16 35
16 34
0
No
0
Yes
32 33
32 34
31 33
31 34
33 33
33 34
32 32
32 35
31 32
31 35
33 32
33 35
30 33
30 34
34 33
34 34
30 32
30 35
32 31
32 36
34 32
34 35
31 31
31 36
33 31
33 36
29 33
29 34
35 33
35 34
30 31
30 36
34 31
34 36
29 32
29 35
35 32
35 35
32 30
32 37
31 30
31 37
33 30
33 37
29 31
29 36
35 31
35 36
28 33
28 34
30 30
30 37
34 30
34 37
36 33
36 34
28 32
28 35
36 32
36 35
32 29
32 38
29 30
29 37
31 29
31 38
33 29
33 38
35 30
35 37
28 31
28 36
36 31
36 36
30 29
30 38
34 29
34 38
27 33
27 34
27 32
27 35
28 30
28 37
36 30
36 37
29 29
29 38
35 29
35 38
32 28
27 31
27 36
31 28
33 28
30 28
34 28
28 29
36 29
36 38
27 30
29 28
27 29
28 28
27 28
0
Yes
19 5
18 5
19 4
20 4
21 4
21 5
21 3
22 5
22 4
22 3
22 6
23 4
23 5
23 6
23 3
22 2
21 2
20 2
20 1
21 1
22 1
19 1
19 2
18 2
18 1
18 3
17 1
23 7
19 0
18 0
20 0
21 0
17 0
22 0
24 5
24 4
24 6
24 7
23 1
23 0
24 8
23 8
22 8
22 9
23 9
24 9
25 4
25 5
25 6
25 7
25 8
25 9
23 10
24 10
25 10
26 5
26 6
26 7
26 8
26 9
26 10
24 11
25 11
26 11
27 6
27 7
27 8
27 9
27 10
27 5
27 11
27 4
28 5
28 6
28 7
28 8
28 9
28 10
28 11
25 12
26 12
27 12
28 12
29 6
29 7
29 8
29 9
29 10
29 11
29 5
29 12
29 4
26 13
27 13
28 13
25 13
29 13
25 14
30 5
30 6
30 7
30 8
30 9
30 10
30 11
30 4
30 3
27 14
31 4
31 5
31 6
31 7
31 3
31 2
30 2
31 9
31 10
32 3
32 4
32 2
32 7
30 13
32 1
31 1
33 2
33 3
33 1
34 3
34 2
34 1
34 0
24 1
25 1
25 2
27 3
0
No
0
No
0
Yes
45 20
44 20
44 19
45 19
45 18
44 18
43 19
43 20
43 18
43 21
42 20
42 19
42 21
42 18
44 17
43 17
42 17
42 22
43 22
43 23
42 23
44 23
41 19
41 20
41 21
41 22
41 23
44 24
43 24
42 24
41 24
43 16
42 16
40 20
40 19
41 17
41 16
40 22
40 23
40 24
40 16
40 17
41 15
40 15
40 25
39 25
39 26
40 26
40 27
39 27
41 27
41 28
40 28
39 28
42 28
42 27
43 27
43 28
38 26
38 27
38 25
38 28
42 29
41 29
40 29
39 29
38 29
41 30
40 30
37 28
37 29
0
No
0
Yes
48 31
48 32
48 33
48 34
49 31
49 32
49 33
0
Yes
12 10
11 10
11 9
12 9
11 11
12 11
13 9
13 11
12 8
11 8
13 8
10 9
10 10
10 11
10 8
10 12
14 8
9 10
9 9
9 11
9 8
9 12
11 7
12 7
13 7
10 7
14 7
9 7
12 6
11 6
13 6
10 6
14 6
9 6
8 9
8 10
8 11
8 8
8 7
8 12
8 6
15 7
15 8
15 6
15 9
16 8
16 7
16 6
7 10
7 9
7 11
7 8
7 7
7 12
7 6
11 5
12 5
13 5
14 5
15 5
16 5
9 5
12 4
13 4
14 4
11 4
6 9
6 8
6 7
6 6
7 5
6 5
11 3
12 3
13 3
14 3
5 8
5 7
5 6
5 5
15 3
12 2
13 2
14 2
15 2
6 4
0
No
0
No
0
No
0
No
0
Yes
17 8
17 9
17 10
18 8
18 9
18 10
19 8
19 9
0
Yes
15 13
15 14
15 15
15 16
15 17
16 13
16 14
16 15
16 16
16 17
17 13
17 14
17 15
17 16
17 17
18 13
18 14
18 15
18 16
18 17
19 13
19 14
19 15
19 16
19 17
20 13
20 14
20 15
20 16
20 17
21 13
21 14
21 15
21 16
0
Yes
39 0
39 1
39 2
40 0
40 1
40 2
41 0
41 1
41 2
42 0
42 1
42 2
43 0
43 1
43 2
44 0
44 1
44 2
0
Yes
7 33
6 33
6 32
6 34
7 34
8 34
8 33
7 35
6 35
8 35
9 33
9 34
9 35
5 32
5 33
5 34
5 35
5 31
4 33
4 32
4 34
4 31
4 35
6 36
7 36
8 36
5 36
9 36
4 36
10 34
10 35
10 33
10 36
7 37
6 37
8 37
5 37
9 37
4 37
10 37
11 33
11 34
11 35
11 36
3 32
3 33
3 34
3 35
3 36
3 31
3 37
4 30
5 30
3 30
2 33
2 32
2 34
2 31
2 35
2 36
2 30
2 37
6 38
7 38
8 38
5 38
9 38
4 38
3 38
10 38
2 38
12 34
12 35
12 33
12 36
3 29
2 29
7 39
6 39
8 39
5 39
9 39
10 39
13 33
13 34
13 35
13 36
1 32
1 33
1 34
1 31
1 35
1 30
1 36
1 37
1 29
1 38
12 37
13 37
0 33
0 32
0 34
0 31
0 35
0 30
0 36
0 37
0 29
0 38
2 28
1 28
3 28
0 28
4 28
8 40
7 40
9 40
10 40
14 34
14 35
14 36
14 37
3 39
13 38
14 38
7 41
8 41
9 41
10 41
0
No
0
Yes
38 11
38 12
37 12
39 12
39 11
39 10
40 11
40 10
40 12
37 13
38 13
39 13
40 13
36 13
36 12
40 9
39 9
38 14
37 14
39 14
40 14
39 8
40 8
38 8
41 10
41 11
41 12
41 9
41 13
41 8
41 14
38 7
39 7
40 7
41 7
42 11
42 10
42 12
42 9
42 13
42 8
42 14
42 7
37 7
37 8
36 8
36 7
36 9
35 9
35 8
35 7
35 10
36 10
37 15
38 15
39 15
40 15
41 15
36 15
38 16
37 16
39 16
40 16
41 16
37 6
38 6
39 6
36 6
40 6
41 6
42 6
43 10
43 11
43 12
43 9
43 8
43 7
38 5
37 5
39 5
40 5
36 5
44 11
44 10
44 9
44 8
44 12
44 7
37 17
38 17
39 17
40 17
41 17
36 17
42 16
42 17
38 18
37 18
36 18
37 4
38 4
39 4
36 4
40 4
45 12
45 11
35 4
35 18
43 17
43 16
38 3
37 3
39 3
36 3
40 3
0
Yes
18 20
18 21
18 22
18 23
18 24
18 25
18 26
18 27
19 20
19 21
19 22
19 23
19 24
19 25
19 26
19 27
20 20
20 21
20 22
20 23
20 24
20 25
20 26
20 27
21 20
21 21
21 22
21 23
21 24
21 25
21 26
0
No
0
No
0
Yes
25 5
25 6
25 7
25 8
26 5
26 6
26 7
26 8
27 5
27 6
27 7
27 8
28 5
28 6
28 7
28 8
29 5
29 6
29 7
29 8
30 5
30 6
30 7
30 8
31 5
31 6
31 7
0
Yes
24 6
23 6
23 5
24 5
23 7
24 7
24 4
23 4
24 8
23 8
22 5
22 6
22 4
25 4
22 8
23 3
22 3
23 9
24 9
22 9
25 9
21 4
21 5
21 3
24 10
23 10
25 10
22 2
21 2
26 10
26 9
27 9
27 10
25 11
24 11
26 11
27 11
20 2
28 10
28 9
28 11
21 1
22 1
20 1
23 1
29 9
29 10
29 11
23 0
22 0
21 0
20 0
26 12
25 12
27 12
28 12
29 12
19 1
19 2
19 0
25 13
26 13
27 13
28 13
29 13
18 2
18 1
18 0
18 3
30 10
30 11
30 9
31 9
31 10
27 14
17 1
17 0
30 13
20 4
19 4
19 5
18 5
24 1
25 1
25 2
0
No
0
No
0
No
0
Yes
46 16
46 17
46 18
46 19
47 16
47 17
47 18
47 19
48 16
48 17
48 18
48 19
49 16
49 17
49 18
49 19
0
No
0
Yes
25 5
25 6
25 7
25 8
26 5
26 6
26 7
26 8
27 5
27 6
27 7
27 8
28 5
28 6
28 7
28 8
29 5
29 6
29 7
29 8
30 5
30 6
30 7
30 8
31 5
0
Yes
0 41
0 40
0 39
1 39
1 38
0 38
2 38
0 37
1 37
2 37
3 37
3 38
3 39
4 38
4 37
1 36
2 36
3 36
0 36
4 36
0 35
1 35
2 35
3 35
4 35
5 37
5 36
5 38
5 35
5 39
6 39
6 38
6 37
6 36
6 35
1 34
2 34
3 34
4 34
5 34
0 34
6 34
7 38
7 37
7 36
7 35
7 39
7 34
7 40
0 33
1 33
2 33
3 33
4 33
5 33
6 33
7 33
8 40
8 39
8 38
8 37
8 36
8 35
8 34
8 33
8 41
7 41
6 41
6 42
7 42
8 42
7 43
6 43
8 43
6 44
7 44
5 44
9 41
9 40
9 42
9 39
9 38
9 37
9 36
9 35
9 34
9 43
9 33
1 32
2 32
3 32
4 32
5 32
6 32
0 32
0 31
1 31
2 31
3 31
4 31
5 31
10 40
10 41
10 42
10 39
10 38
10 37
10 36
10 35
10 34
10 43
10 33
1 30
2 30
3 30
4 30
0 30
5 30
11 42
0 29
1 29
2 29
3 29
11 36
11 35
11 34
11 33
1 28
2 28
0 28
3 28
0
Yes
14 0
14 1
15 0
15 1
0
Yes
40 38
40 39
40 40
40 41
40 42
41 38
41 39
41 40
41 41
41 42
42 38
42 39
42 40
42 41
42 42
43 38
43 39
43 40
43 41
43 42
44 38
44 39
44 40
0
Yes
2 43
2 44
3 43
3 44
4 43
0
Yes
42 33
42 32
41 32
41 31
42 31
42 34
43 34
43 33
44 33
44 34
43 35
42 35
44 35
44 32
45 32
45 33
45 34
45 35
44 36
45 36
46 33
46 34
46 35
46 32
46 36
46 31
45 37
44 37
46 37
43 37
47 32
47 33
47 34
47 31
46 38
45 38
47 37
47 38
47 39
41 30
40 30
40 29
41 29
42 29
39 29
42 28
41 28
40 28
39 28
43 28
41 27
42 27
40 27
43 27
39 27
38 28
38 29
38 27
38 30
37 30
37 29
37 28
40 26
39 26
38 26
39 25
40 25
38 25
37 26
40 24
41 24
41 23
40 23
42 23
42 24
43 24
43 23
44 23
44 24
44 25
44 26
45 26
42 22
41 22
43 22
40 22
39 22
41 21
42 21
43 21
42 20
41 20
43 20
40 20
44 20
41 19
42 19
43 19
40 19
44 19
45 19
45 20
45 21
46 20
42 18
43 18
44 18
45 18
44 17
46 26
46 27
47 26
47 40
48 40
48 41
47 41
49 41
49 40
49 39
49 42
48 42
49 43
49 44
49 45
48 45
48 46
49 46
49 47
48 47
48 48
49 48
47 48
47 49
48 49
49 49
46 49
46 48
0
No
0
Yes
25 5
25 6
25 7
25 8
26 5
26 6
26 7
26 8
27 5
27 6
27 7
27 8
28 5
28 6
28 7
28 8
29 5
29 6
29 7
29 8
30 5
30 6
30 7
30 8
31 5
31 6
31 7
0
No
0
No
0
Yes
37 34
36 34
36 33
36 35
35 33
35 34
35 35
35 32
36 32
35 36
36 36
34 34
34 33
34 35
34 32
34 36
36 31
35 31
34 31
36 37
35 37
34 37
33 33
33 34
33 35
33 32
33 36
33 31
33 37
35 30
34 30
36 30
33 30
35 38
34 38
36 38
33 38
37 38
32 34
32 33
32 35
32 32
32 36
32 31
32 37
32 30
32 38
37 39
36 39
35 39
34 39
33 39
32 39
36 29
35 29
34 29
33 29
32 29
38 39
31 33
31 34
31 35
31 32
31 36
31 31
31 37
31 30
31 38
31 29
31 39
36 40
37 40
35 40
34 40
33 40
32 40
38 40
31 40
39 40
39 39
34 28
33 28
32 28
31 28
30 34
30 33
30 35
30 32
30 36
30 31
30 37
30 30
30 38
30 29
30 39
30 28
37 41
36 41
38 41
35 41
34 41
33 41
32 41
39 41
29 33
29 34
29 35
29 32
29 36
29 31
29 37
29 30
29 38
29 29
29 28
38 42
39 42
34 42
33 42
32 42
32 27
31 27
30 27
29 27
28 34
28 33
28 35
28 32
28 36
28 31
28 37
28 30
28 29
28 28
33 43
32 43
0
No
0
No
0
Yes
18 26
18 27
18 28
18 29
18 30
18 31
18 32
18 33
18 34
18 35
19 26
19 27
19 28
19 29
19 30
19 31
19 32
19 33
19 34
19 35
20 26
20 27
20 28
20 29
20 30
20 31
20 32
20 33
20 34
20 35
21 26
21 27
21 28
21 29
21 30
21 31
21 32
21 33
21 34
21 35
22 26
22 27
22 28
22 29
22 30
22 31
22 32
22 33
22 34
0
Yes
47 16
47 17
47 18
47 19
47 20
47 21
48 16
48 17
48 18
48 19
48 20
48 21
49 16
49 17
49 18
49 19
49 20
49 21
0
Yes
27 48
26 48
26 47
27 47
28 47
27 46
26 46
28 46
25 47
25 48
25 46
25 49
29 46
29 47
29 48
24 48
24 47
24 49
24 46
30 48
30 47
30 46
26 45
27 45
28 45
25 45
29 45
24 45
30 45
27 44
26 44
28 44
25 44
29 44
24 44
30 44
23 47
23 48
23 46
23 45
23 49
23 44
31 47
31 46
31 45
31 48
31 44
31 49
22 48
22 47
22 46
22 45
22 49
22 44
32 48
32 47
32 46
32 45
32 49
32 44
26 43
27 43
28 43
25 43
29 43
24 43
30 43
23 43
31 43
22 43
27 42
26 42
28 42
29 42
21 47
21 48
21 46
21 45
21 49
33 47
33 48
33 46
33 45
33 49
33 44
24 42
23 42
0
Yes
19 16
19 17
18 16
18 17
20 16
20 17
19 15
19 18
18 15
18 18
20 15
20 18
17 16
17 17
21 16
21 17
17 15
17 18
19 14
19 19
21 15
21 18
18 14
18 19
20 14
20 19
16 16
16 17
22 16
22 17
17 14
17 19
21 14
21 19
16 15
16 18
22 15
22 18
19 13
19 20
18 13
18 20
20 13
20 20
16 14
22 19
15 16
15 17
17 13
21 13
21 20
15 15
19 12
16 13
20 12
22 20
15 14
17 12
0
No
0
Yes
0 3
0 4
0 5
0 6
0 7
1 3
1 4
1 5
1 6
1 7
2 3
2 4
2 5
0
No
0
No
0
Yes
12 10
11 10
11 9
12 9
11 11
12 11
13 9
13 11
12 8
11 8
13 8
10 9
10 10
10 11
10 8
10 12
14 8
9 10
9 9
9 11
9 8
9 12
11 7
12 7
13 7
10 7
14 7
9 7
12 6
11 6
13 6
10 6
14 6
9 6
8 9
8 10
8 11
8 8
8 7
8 12
8 6
15 7
15 8
15 6
15 9
16 8
16 7
16 6
7 10
7 9
7 11
7 8
7 7
7 12
7 6
11 5
12 5
13 5
14 5
15 5
16 5
9 5
12 4
13 4
14 4
11 4
6 9
6 8
6 7
6 6
7 5
6 5
11 3
12 3
13 3
14 3
5 8
5 7
5 6
5 5
15 3
12 2
13 2
14 2
15 2
6 4
5 4
4 7
4 6
4 5
4 8
4 4
4 9
3 9
3 8
3 7
3 6
3 5
3 4
3 10
4 10
4 11
3 11
3 12
4 12
14 1
15 1
2 10
2 9
2 8
2 7
2 6
0
Yes
47 37
46 37
46 36
46 38
47 38
47 39
45 36
45 37
45 38
45 35
46 35
44 37
44 36
44 35
46 34
45 34
44 34
47 34
47 33
46 33
45 33
44 33
48 33
48 34
48 35
43 35
43 34
43 33
46 32
47 32
45 32
44 32
48 32
49 32
49 33
42 34
42 35
42 33
47 31
46 31
48 31
49 31
42 32
41 32
41 31
42 31
47 40
48 40
48 41
47 41
49 41
49 40
49 39
49 42
48 42
43 37
49 43
49 44
49 45
48 45
48 46
49 46
49 47
48 47
48 48
49 48
47 48
47 49
48 49
49 49
46 49
46 48
45 48
45 49
41 30
40 30
40 29
41 29
42 29
42 28
41 28
40 28
43 28
43 27
42 27
41 27
40 27
39 29
39 28
39 27
38 28
38 29
38 27
38 30
37 30
37 29
37 28
40 26
39 26
38 26
39 25
40 25
38 25
40 24
41 24
37 26
41 23
40 23
42 23
42 24
43 24
43 23
44 23
44 24
44 25
44 26
45 26
43 22
42 22
41 22
40 22
42 21
41 21
43 21
39 22
43 20
42 20
41 20
0
No
0
Yes
23 31
23 32
23 33
24 31
24 32
24 33
25 31
25 32
25 33
26 31
26 32
26 33
27 31
27 32
0
No
0
No
0
Yes
22 43
22 44
22 45
22 46
22 47
22 48
23 43
23 44
23 45
23 46
23 47
23 48
24 43
24 44
24 45
24 46
24 47
24 48
25 43
25 44
25 45
25 46
25 47
25 48
26 43
26 44
26 45
26 46
26 47
26 48
27 43
27 44
27 45
27 46
27 47
27 48
28 43
28 44
0
No
0
Yes
32 35
32 36
32 37
32 38
32 39
32 40
32 41
33 35
33 36
33 37
33 38
33 39
33 40
33 41
34 35
34 36
34 37
34 38
34 39
34 40
34 41
35 35
35 36
35 37
35 38
35 39
35 40
35 41
36 35
36 36
36 37
36 38
36 39
36 40
36 41
0
Yes
39 0
39 1
39 2
40 0
40 1
40 2
41 0
41 1
41 2
42 0
42 1
42 2
43 0
43 1
43 2
44 0
44 1
0
Yes
29 43
29 44
29 45
29 46
29 47
29 48
30 43
30 44
30 45
30 46
30 47
30 48
31 43
31 44
31 45
31 46
31 47
31 48
32 43
32 44
32 45
32 46
32 47
32 48
33 43
33 44
0
No
0
No
0
No
0
Yes
31 16
31 17
31 18
31 19
32 16
32 17
32 18
32 19
33 16
33 17
0
Yes
25 22
25 23
25 24
26 22
26 23
26 24
27 22
27 23
27 24
0
Yes
46 16
46 17
46 18
47 16
47 17
47 18
48 16
48 17
48 18
49 16
49 17
49 18
0
Yes
39 0
39 1
39 2
40 0
40 1
40 2
41 0
41 1
41 2
42 0
42 1
42 2
43 0
43 1
43 2
44 0
44 1
0
Yes
45 45
45 46
46 45
46 46
47 45
0
Yes
18 0
18 1
18 2
19 0
19 1
19 2
20 0
20 1
20 2
21 0
21 1
21 2
22 0
22 1
22 2
23 0
23 1
0
Yes
30 31
30 32
30 33
30 34
30 35
30 36
30 37
30 38
30 39
31 31
31 32
31 33
31 34
31 35
31 36
31 37
31 38
31 39
32 31
32 32
32 33
32 34
32 35
32 36
32 37
32 38
32 39
33 31
33 32
33 33
33 34
33 35
33 36
33 37
33 38
33 39
34 31
34 32
34 33
34 34
34 35
34 36
34 37
34 38
34 39
35 31
35 32
35 33
35 34
35 35
35 36
35 37
35 38
35 39
36 31
36 32
36 33
36 34
36 35
36 36
36 37
0
No
0
Yes
16 13
16 14
16 15
16 16
16 17
16 18
17 13
17 14
17 15
17 16
17 17
17 18
18 13
18 14
18 15
18 16
18 17
18 18
19 13
19 14
19 15
19 16
19 17
19 18
20 13
20 14
20 15
20 16
20 17
20 18
21 13
21 14
21 15
21 16
21 17
21 18
0
Yes
6 21
6 22
6 23
6 24
6 25
6 26
7 21
7 22
7 23
7 24
7 25
7 26
8 21
8 22
8 23
8 24
8 25
8 26
9 21
9 22
9 23
9 24
0
Yes
25 13
25 12
26 12
26 13
27 13
27 12
26 11
25 11
27 11
24 11
27 14
25 10
26 10
24 10
27 10
28 12
28 13
28 11
28 10
23 10
29 13
29 12
29 11
29 10
24 9
25 9
26 9
27 9
28 9
23 9
29 9
22 9
25 8
24 8
26 8
23 8
27 8
28 8
22 8
29 8
30 11
30 10
30 9
30 8
24 7
25 7
26 7
23 7
27 7
28 7
29 7
30 7
31 10
31 9
25 6
24 6
26 6
27 6
28 6
29 6
23 6
30 6
22 6
24 5
25 5
26 5
23 5
27 5
28 5
29 5
22 5
30 5
31 7
31 6
31 5
21 5
25 4
24 4
23 4
22 4
21 4
27 4
0
No
0
Yes
33 49
32 49
32 48
33 48
34 48
34 49
33 47
32 47
34 47
35 49
35 48
35 47
31 48
31 49
31 47
32 46
33 46
34 46
31 46
35 46
36 48
36 47
36 49
36 46
30 47
30 48
30 46
33 45
32 45
34 45
31 45
35 45
30 45
37 49
37 48
37 47
29 48
29 47
29 46
29 45
32 44
33 44
31 44
30 44
29 44
28 47
28 46
28 45
33 43
32 43
31 43
30 43
29 43
32 42
31 42
33 42
34 42
33 41
32 41
34 41
29 42
35 41
28 42
32 40
33 40
34 40
35 40
31 40
28 41
29 41
36 40
36 41
37 41
37 40
27 41
27 42
26 42
26 41
38 40
38 41
38 42
39 42
39 41
39 40
36 39
37 39
38 39
39 39
0
Yes
30 30
29 30
29 29
30 29
29 31
31 29
31 30
30 28
29 28
31 28
32 30
32 29
32 28
28 29
28 30
28 31
28 28
28 32
29 32
27 30
27 29
27 28
29 27
30 27
31 27
32 27
29 33
28 33
33 29
33 28
33 30
34 30
34 29
34 28
26 29
26 28
27 33
28 34
29 34
27 34
26 27
29 35
28 35
27 35
35 29
35 30
25 28
25 27
26 34
36 30
36 29
28 36
29 36
27 36
25 26
24 27
24 26
0
No
0
No
0
No
0
No
0
Yes
18 27
18 28
18 29
18 30
18 31
18 32
18 33
19 27
19 28
19 29
19 30
19 31
19 32
19 33
20 27
20 28
20 29
20 30
20 31
20 32
20 33
21 27
21 28
21 29
21 30
21 31
21 32
21 33
22 27
22 28
22 29
22 30
22 31
22 32
22 33
23 27
23 28
0
Yes
27 8
27 9
26 8
26 9
28 8
28 9
27 7
27 10
26 7
26 10
28 7
28 10
25 8
25 9
29 8
29 9
25 7
25 10
27 6
27 11
29 7
29 10
26 6
26 11
28 6
28 11
24 8
24 9
30 8
30 9
25 6
25 11
29 6
29 11
24 7
24 10
30 7
30 10
27 5
27 12
26 5
26 12
28 5
28 12
24 6
24 11
30 6
30 11
23 8
23 9
25 5
25 12
29 5
29 12
31 9
23 7
23 10
31 7
31 10
27 4
24 5
30 5
23 6
31 6
25 4
29 4
22 8
22 9
23 5
31 5
24 4
30 4
22 6
23 4
31 4
22 5
22 4
0
No
0
Yes
31 16
31 17
31 18
31 19
32 16
32 17
32 18
32 19
33 16
33 17
33 18
0
Yes
39 46
39 47
39 48
39 49
40 46
40 47
40 48
40 49
41 46
41 47
41 48
41 49
0
No
0
Yes
46 31
46 32
46 33
46 34
47 31
47 32
47 33
47 34
48 31
48 32
48 33
48 34
49 31
49 32
49 33
0
Yes
19 0
19 1
19 2
20 0
20 1
20 2
21 0
21 1
21 2
22 0
22 1
22 2
23 0
23 1
0
Yes
46 16
46 17
46 18
47 16
47 17
47 18
48 16
48 17
48 18
49 16
49 17
49 18
0
Yes
27 28
27 29
27 30
27 31
27 32
27 33
27 34
27 35
27 36
28 28
28 29
28 30
28 31
28 32
28 33
28 34
28 35
28 36
29 28
29 29
29 30
29 31
29 32
29 33
29 34
29 35
29 36
30 28
30 29
30 30
30 31
30 32
30 33
30 34
30 35
30 36
31 28
31 29
31 30
31 31
31 32
31 33
31 34
31 35
31 36
32 28
32 29
32 30
32 31
32 32
32 33
32 34
32 35
32 36
33 28
33 29
33 30
33 31
33 32
33 33
33 34
33 35
33 36
34 28
34 29
34 30
0
No
0
Yes
23 19
22 19
22 18
22 20
23 20
23 21
22 21
21 20
21 19
21 21
20 19
20 20
20 21
21 22
20 22
19 20
19 21
19 19
19 22
18 19
18 20
18 21
18 22
20 23
19 23
21 23
18 23
21 24
20 24
19 24
18 24
17 21
20 25
19 25
21 25
18 25
17 23
21 26
20 26
19 26
18 26
22 26
22 27
21 27
20 27
19 27
18 27
23 27
17 25
17 26
17 27
23 28
22 28
21 28
20 28
19 28
18 28
17 28
16 26
16 27
16 28
22 29
21 29
20 29
19 29
18 29
17 29
16 29
21 30
20 30
19 30
18 30
17 30
22 30
15 27
15 28
22 31
21 31
20 31
19 31
18 31
23 31
14 28
23 32
22 32
21 32
20 32
19 32
18 32
24 32
24 31
25 31
25 32
26 32
26 31
22 33
23 33
24 33
21 33
25 33
20 33
19 33
26 33
18 33
17 32
17 33
21 34
22 34
20 34
19 34
18 34
17 34
25 34
26 34
16 33
16 34
20 35
21 35
19 35
18 35
17 35
16 35
15 34
15 33
15 35
15 32
21 36
20 36
19 36
18 36
17 36
16 36
15 36
20 37
19 37
18 37
17 37
16 37
15 37
14 35
14 34
0
Yes
27 5
27 6
27 7
27 8
27 9
27 10
27 11
28 5
28 6
28 7
28 8
28 9
28 10
28 11
29 5
29 6
29 7
29 8
29 9
29 10
29 11
30 5
30 6
30 7
30 8
30 9
30 10
30 11
31 5
31 6
31 7
0
Yes
4 34
4 35
5 34
5 35
3 34
3 35
4 33
4 36
5 33
5 36
6 34
6 35
3 33
3 36
6 33
6 36
2 34
2 35
4 32
4 37
5 32
5 37
7 34
7 35
2 33
2 36
3 32
3 37
6 32
6 37
7 33
7 36
1 34
1 35
2 32
2 37
4 31
4 38
5 31
5 38
7 37
8 34
8 35
1 33
1 36
3 31
3 38
6 38
8 33
8 36
1 32
1 37
2 31
2 38
7 38
8 37
0 34
0 35
4 30
5 30
0 33
0 36
3 30
1 31
1 38
8 38
0 32
0 37
2 30
0 31
0 38
1 30
0 30
0
No
0
No
0
No
0
Yes
22 43
22 44
22 45
22 46
22 47
23 43
23 44
23 45
23 46
23 47
24 43
24 44
24 45
24 46
24 47
25 43
25 44
25 45
25 46
25 47
26 43
26 44
26 45
26 46
26 47
27 43
27 44
27 45
27 46
27 47
28 43
28 44
28 45
28 46
28 47
29 43
29 44
29 45
29 46
29 47
30 43
30 44
30 45
30 46
30 47
31 43
31 44
0
Yes
49 9
48 9
48 8
49 8
48 10
49 10
49 7
48 7
49 11
48 11
47 8
47 9
47 10
47 7
47 11
46 9
46 8
46 10
46 7
46 11
48 6
47 6
49 6
46 6
47 12
46 12
49 5
48 5
47 5
46 5
45 7
45 6
45 5
48 4
47 4
46 4
49 4
45 4
49 3
48 3
47 3
46 3
45 3
44 4
44 3
48 2
47 2
46 2
45 2
49 2
44 2
49 1
48 1
47 1
46 1
45 1
44 1
48 0
47 0
46 0
45 0
49 0
44 0
0
No
0
Yes
38 43
38 42
39 42
39 41
38 41
37 41
38 40
37 40
39 40
36 40
36 41
35 41
35 40
37 39
38 39
36 39
39 39
35 39
34 40
34 41
34 39
34 42
33 42
33 41
33 40
33 39
33 43
36 38
37 38
35 38
34 38
33 38
32 43
32 42
32 41
32 40
32 39
32 38
32 44
33 44
33 45
32 45
34 45
34 46
33 46
32 46
35 46
35 45
35 47
34 47
33 47
32 47
36 47
36 46
36 48
35 48
34 48
33 48
32 48
37 48
37 47
37 49
36 49
35 49
34 49
33 49
32 49
38 49
35 37
36 37
34 37
33 37
32 37
31 42
31 45
31 46
31 47
31 48
31 49
0
Yes
37 38
36 38
36 37
36 39
37 39
38 39
37 40
36 40
38 40
35 37
35 38
35 39
35 40
35 36
36 36
39 40
39 39
34 38
34 37
34 39
34 36
34 40
36 35
35 35
34 35
36 41
37 41
38 41
35 41
39 41
34 41
33 37
33 38
33 39
33 40
33 41
38 42
39 42
35 34
36 34
34 34
37 34
32 38
32 39
32 40
32 37
32 41
34 42
33 42
32 42
36 33
35 33
34 33
31 37
31 38
31 39
31 40
0
Yes
8 19
7 19
7 18
8 18
7 20
8 20
9 18
9 20
8 21
7 21
9 21
6 18
6 19
6 20
6 21
6 17
7 17
5 19
5 18
5 20
5 17
5 21
7 16
6 16
5 16
8 16
7 22
8 22
6 22
9 22
5 22
10 22
8 15
7 15
8 23
7 23
9 23
6 23
4 20
4 19
4 21
4 22
9 15
4 17
4 16
7 14
8 14
9 14
7 24
8 24
9 24
6 24
4 15
5 24
8 13
7 13
9 13
8 25
7 25
6 25
5 25
3 15
3 14
4 14
7 26
6 26
8 26
5 26
0
No
0
Yes
15 13
15 14
15 15
15 16
15 17
16 13
16 14
16 15
16 16
16 17
17 13
17 14
17 15
17 16
17 17
18 13
18 14
18 15
18 16
18 17
19 13
19 14
19 15
19 16
19 17
20 13
20 14
20 15
20 16
20 17
21 13
0
No
0
Yes
45 38
45 37
44 37
46 37
46 38
47 38
47 37
44 36
45 36
46 36
47 39
45 35
44 35
46 35
43 35
44 34
45 34
46 34
43 34
47 34
42 34
42 35
45 33
44 33
46 33
43 33
47 33
42 33
48 33
48 34
48 35
44 32
45 32
46 32
47 32
48 32
42 32
46 31
47 31
48 31
41 32
49 32
49 33
49 31
41 31
42 31
43 37
47 40
48 40
48 41
47 41
49 41
49 40
49 39
49 42
48 42
49 43
49 44
49 45
48 45
48 46
49 46
49 47
48 47
48 48
49 48
47 48
47 49
48 49
49 49
46 49
46 48
45 48
45 49
47 45
46 45
46 46
45 46
45 45
44 45
44 44
43 45
42 45
42 44
41 44
41 45
41 43
40 43
40 44
42 46
41 30
40 30
40 29
41 29
42 29
42 28
41 28
40 28
43 28
39 29
39 28
43 27
42 27
41 27
40 27
39 27
38 28
38 29
38 27
38 30
37 30
37 29
37 28
36 29
36 30
36 31
35 31
35 30
35 29
35 32
36 32
34 32
34 31
40 26
39 26
38 26
39 25
40 25
38 25
37 26
40 24
41 24
41 23
40 23
42 23
42 24
43 24
43 23
44 23
44 24
44 25
44 26
45 26
43 22
42 22
41 22
40 22
0
Yes
36 12
36 13
37 13
37 12
38 12
38 13
37 14
38 14
38 11
39 11
39 12
39 13
39 14
38 15
37 15
39 15
36 15
39 10
40 12
40 11
40 13
40 14
40 10
40 15
37 16
38 16
39 16
40 16
40 9
39 9
39 8
40 8
38 8
41 11
41 12
41 13
41 10
41 14
41 9
41 15
41 8
41 16
38 7
39 7
40 7
41 7
37 7
37 8
36 8
36 7
36 9
35 9
35 8
35 7
35 10
36 10
38 17
39 17
40 17
37 17
41 17
36 17
36 6
37 6
38 6
39 6
40 6
41 6
36 18
37 18
38 18
42 12
42 11
42 13
42 10
42 14
42 9
42 8
42 7
42 6
35 18
35 19
36 19
37 19
37 5
38 5
39 5
40 5
36 5
43 11
43 12
43 10
43 9
43 8
43 7
42 16
42 17
34 19
34 18
34 17
33 17
33 18
33 19
33 16
32 16
32 17
32 18
32 19
31 17
31 18
31 16
31 19
36 4
37 4
38 4
39 4
40 4
44 12
44 11
44 10
44 9
44 8
44 7
35 4
34 20
33 20
42 18
43 17
43 16
43 18
35 3
36 3
37 3
38 3
39 3
40 3
0
Yes
23 39
23 40
23 41
23 42
24 39
24 40
24 41
0
No
0
No
0
No
0
Yes
6 36
5 36
5 35
6 35
5 37
6 37
7 35
7 36
7 37
6 34
5 34
7 34
6 38
5 38
7 38
8 36
8 35
8 37
8 34
8 38
4 35
4 36
4 37
4 34
4 38
3 36
3 35
3 37
3 34
3 38
5 33
6 33
7 33
4 33
8 33
3 33
5 39
6 39
7 39
8 39
9 35
9 36
9 37
9 34
9 38
9 33
9 39
6 32
5 32
4 32
3 32
10 36
10 35
10 37
10 34
10 38
10 33
10 39
2 35
2 36
2 37
2 34
2 33
2 38
2 32
7 40
8 40
9 40
10 40
3 39
1 36
1 35
1 37
1 34
1 33
1 38
1 32
5 31
4 31
3 31
2 31
1 31
11 35
11 36
11 34
11 33
8 41
9 41
7 41
10 41
6 41
1 39
6 42
7 42
8 42
9 42
10 42
12 36
12 35
12 34
12 33
0 35
0 36
0 37
0 34
0 38
0 33
0 32
0 39
0 31
12 37
4 30
3 30
2 30
1 30
5 30
0 30
11 40
7 43
8 43
9 43
6 43
10 43
13 35
13 36
13 34
13 37
0
Yes
25 22
25 23
25 24
26 22
26 23
26 24
27 22
27 23
27 24
0
Yes
31 16
31 17
31 18
31 19
32 16
32 17
32 18
32 19
33 16
33 17
33 18
0
No
0
Yes
29 48
29 47
28 47
30 47
30 48
31 48
31 47
28 46
29 46
30 46
31 46
31 49
27 46
27 47
27 48
26 48
26 47
26 46
29 45
28 45
30 45
27 45
31 45
26 45
32 47
32 48
32 46
32 49
32 45
33 48
33 47
33 46
33 49
33 45
25 47
25 46
25 48
25 45
25 49
28 44
29 44
30 44
27 44
31 44
26 44
32 44
25 44
33 44
24 48
24 47
24 46
24 45
24 49
24 44
29 43
28 43
30 43
27 43
31 43
26 43
32 43
25 43
33 43
24 43
34 47
34 48
34 46
34 45
34 49
35 48
35 47
35 46
35 49
35 45
23 47
23 48
23 46
23 45
23 44
23 49
23 43
28 42
29 42
27 42
26 42
31 42
32 42
33 42
22 48
22 47
22 46
22 45
22 44
22 49
22 43
29 41
28 41
27 41
26 41
36 47
36 48
36 46
36 49
0
Yes
39 0
39 1
39 2
40 0
40 1
40 2
41 0
41 1
41 2
42 0
42 1
42 2
43 0
43 1
43 2
44 0
44 1
44 2
45 0
45 1
45 2
0
Yes
23 39
23 40
23 41
24 39
24 40
24 41
0
Yes
27 39
27 40
28 39
28 40
0
Yes
27 9
27 10
26 9
26 10
28 9
28 10
27 8
27 11
26 8
26 11
28 8
28 11
25 9
25 10
29 9
29 10
25 8
25 11
27 7
27 12
29 8
29 11
26 7
26 12
28 7
28 12
24 9
24 10
30 9
30 10
25 7
25 12
29 7
29 12
24 8
24 11
30 8
30 11
27 6
27 13
26 6
26 13
28 6
28 13
24 7
30 7
23 9
23 10
25 6
25 13
29 6
29 13
23 8
27 5
24 6
26 5
28 5
30 6
30 13
23 7
25 5
29 5
23 6
24 5
30 5
23 5
0
Yes
31 16
31 17
31 18
31 19
32 16
32 17
32 18
32 19
33 16
33 17
33 18
0
Yes
39 10
39 9
40 9
40 10
40 11
39 11
38 11
39 12
38 12
40 12
41 10
41 11
41 9
41 12
40 8
39 8
41 8
38 8
37 12
39 7
40 7
38 7
41 7
38 13
39 13
40 13
37 13
41 13
42 9
42 10
42 11
42 8
42 12
42 7
42 13
37 7
37 8
36 8
36 7
36 9
39 14
38 14
40 14
41 14
37 14
42 14
43 10
43 9
43 11
43 8
43 12
43 7
35 9
35 8
35 7
35 10
36 10
38 6
39 6
40 6
37 6
41 6
36 6
42 6
36 13
36 12
39 5
38 5
40 5
37 5
36 5
38 15
39 15
40 15
41 15
37 15
44 9
44 10
44 11
44 8
44 12
44 7
36 15
39 16
38 16
40 16
37 16
41 16
38 4
39 4
37 4
40 4
36 4
45 11
45 12
42 16
45 7
39 3
38 3
37 3
40 3
36 3
38 17
39 17
40 17
41 17
37 17
42 17
35 4
35 3
45 6
0
Yes
27 14
27 13
26 13
28 13
26 12
27 12
28 12
25 12
25 13
25 14
29 12
29 13
27 11
26 11
28 11
25 11
29 11
30 13
26 10
27 10
28 10
25 10
29 10
24 11
24 10
30 11
30 10
27 9
26 9
28 9
25 9
29 9
24 9
30 9
23 10
23 9
31 10
31 9
26 8
27 8
28 8
25 8
29 8
24 8
30 8
23 8
27 7
26 7
28 7
25 7
29 7
24 7
30 7
23 7
22 9
22 8
26 6
27 6
28 6
25 6
29 6
24 6
30 6
23 6
31 7
31 6
27 5
26 5
28 5
25 5
29 5
24 5
30 5
23 5
31 5
22 6
22 5
25 4
24 4
23 4
22 4
29 4
30 4
31 4
21 5
21 4
32 4
30 3
31 3
32 3
23 3
22 3
21 3
20 4
33 3
31 2
32 2
30 2
33 2
0
Yes
46 16
46 17
46 18
46 19
46 20
47 16
47 17
47 18
47 19
47 20
48 16
48 17
48 18
48 19
48 20
49 16
49 17
49 18
49 19
0
No
0
No
0
Yes
0 30
0 31
0 32
0 33
0 34
0 35
0 36
0 37
0 38
1 30
1 31
1 32
1 33
1 34
1 35
1 36
1 37
1 38
2 30
2 31
2 32
2 33
2 34
2 35
2 36
2 37
2 38
3 30
3 31
3 32
3 33
3 34
3 35
3 36
3 37
3 38
4 30
4 31
4 32
4 33
4 34
4 35
4 36
4 37
4 38
5 30
5 31
5 32
5 33
5 34
0
Yes
0 3
0 4
0 5
0 6
0 7
1 3
1 4
1 5
1 6
1 7
2 3
2 4
2 5
0
Yes
31 16
31 17
31 18
31 19
32 16
32 17
32 18
32 19
33 16
33 17
33 18
0
No
0
No
0
Yes
26 9
26 10
27 9
27 10
25 9
25 10
26 8
26 11
27 8
27 11
28 9
28 10
25 8
25 11
28 8
28 11
24 9
24 10
26 7
26 12
27 7
27 12
29 9
29 10
24 8
24 11
25 7
25 12
28 7
28 12
29 8
29 11
23 9
23 10
24 7
26 6
26 13
27 6
27 13
29 7
29 12
30 9
30 10
23 8
25 6
25 13
28 6
28 13
30 8
30 11
23 7
24 6
29 6
29 13
30 7
22 9
26 5
27 5
22 8
25 5
28 5
23 6
30 6
30 13
24 5
29 5
22 6
23 5
30 5
22 5
0
No
0
Yes
39 10
39 9
40 9
40 10
40 11
39 11
38 11
39 12
38 12
40 12
41 10
41 11
41 9
41 12
40 8
39 8
41 8
38 8
37 12
39 7
40 7
38 7
41 7
38 13
39 13
40 13
37 13
41 13
42 9
42 10
42 11
42 8
42 12
42 7
42 13
37 7
37 8
36 8
36 7
36 9
39 14
38 14
40 14
41 14
37 14
42 14
43 10
43 9
43 11
43 8
43 12
43 7
35 9
35 8
35 7
35 10
36 10
38 6
39 6
40 6
37 6
41 6
36 6
42 6
36 13
36 12
39 5
38 5
40 5
37 5
36 5
38 15
39 15
40 15
41 15
37 15
44 9
44 10
44 11
44 8
44 12
44 7
36 15
39 16
38 16
40 16
37 16
41 16
38 4
39 4
37 4
40 4
36 4
45 11
45 12
42 16
45 7
39 3
38 3
37 3
40 3
36 3
38 17
39 17
40 17
41 17
37 17
42 17
35 4
0
Yes
16 21
17 21
18 21
18 20
18 22
19 20
19 21
19 22
19 19
18 19
17 19
17 18
18 18
19 18
16 18
19 23
18 23
17 23
18 24
19 24
16 17
17 17
18 17
19 17
20 21
20 20
20 22
20 19
20 23
20 18
20 24
20 17
15 17
19 25
18 25
20 25
17 25
15 16
16 16
17 16
18 16
19 16
20 16
17 26
18 26
19 26
20 26
16 26
21 20
21 21
21 22
21 19
21 23
21 18
21 24
21 17
21 25
21 16
21 26
14 16
16 15
15 15
17 15
18 15
19 15
20 15
21 15
16 27
17 27
18 27
19 27
20 27
21 27
22 21
22 20
22 19
22 18
22 17
22 16
22 15
15 27
15 14
16 14
17 14
18 14
19 14
20 14
21 14
15 28
16 28
17 28
18 28
19 28
20 28
21 28
23 20
23 19
23 21
23 22
14 28
22 26
22 27
22 28
16 13
17 13
18 13
19 13
20 13
15 13
21 13
16 29
17 29
18 29
19 29
20 29
21 29
22 29
24 22
24 19
24 23
15 12
17 12
17 30
18 30
19 30
20 30
21 30
22 30
14 12
23 15
23 27
23 28
0
Yes
46 0
46 1
46 2
46 3
46 4
46 5
46 6
46 7
47 0
47 1
47 2
47 3
47 4
47 5
47 6
47 7
48 0
48 1
48 2
48 3
48 4
48 5
48 6
48 7
49 0
49 1
49 2
49 3
49 4
49 5
49 6
49 7
0
Yes
7 33
7 34
7 35
7 36
7 37
7 38
7 39
7 40
7 41
7 42
7 43
8 33
8 34
8 35
8 36
8 37
8 38
8 39
8 40
8 41
8 42
8 43
9 33
9 34
9 35
9 36
9 37
9 38
9 39
9 40
9 41
9 42
9 43
10 33
10 34
10 35
10 36
10 37
10 38
10 39
10 40
10 41
10 42
10 43
0
Yes
41 48
41 49
42 48
42 49
43 48
43 49
0
No
0
Yes
30 22
30 23
30 24
31 22
31 23
0
Yes
7 5
6 5
6 4
6 6
7 6
8 6
7 7
6 7
8 7
5 4
5 5
5 6
5 7
9 7
9 6
9 5
4 5
4 6
4 4
4 7
6 8
7 8
8 8
5 8
9 8
4 8
10 6
10 7
10 8
4 3
7 9
6 9
8 9
9 9
10 9
3 4
3 5
3 6
3 7
3 8
11 7
11 8
11 6
11 9
11 5
2 5
2 6
2 7
2 4
2 8
4 9
3 9
2 9
12 5
12 6
12 7
12 8
12 9
8 10
7 10
9 10
10 10
11 10
12 10
12 4
11 4
11 3
12 3
2 3
12 2
7 11
8 11
9 11
10 11
11 11
12 11
1 4
1 5
1 6
1 7
1 3
13 4
13 5
13 6
13 3
13 7
13 8
13 9
13 2
3 10
4 10
2 10
4 11
3 11
0 5
0 4
0 6
0 3
0 7
14 5
14 4
14 6
14 3
14 7
14 8
14 2
8 12
9 12
10 12
7 12
7 13
8 13
9 13
3 12
4 12
14 1
15 6
15 5
15 7
15 8
15 3
15 2
15 1
13 11
2 12
15 9
0
Yes
14 34
14 35
14 36
14 37
15 34
15 35
15 36
15 37
16 34
16 35
16 36
16 37
17 34
17 35
17 36
17 37
18 34
18 35
18 36
18 37
19 34
19 35
19 36
19 37
20 34
20 35
20 36
20 37
21 34
21 35
21 36
0
Yes
1 23
0 23
0 22
0 24
1 24
1 25
0 25
2 25
0 26
1 26
2 26
3 26
3 25
4 25
1 27
2 27
0 27
0 28
1 28
2 28
3 28
1 29
2 29
0 29
3 29
2 23
5 25
5 24
5 26
6 24
6 25
6 26
6 23
7 23
7 24
7 25
7 26
7 22
6 22
5 22
5 21
6 21
7 21
4 21
4 22
4 20
5 20
6 20
7 20
3 20
5 19
4 19
6 19
7 19
6 18
5 18
7 18
8 22
8 23
8 24
8 21
8 25
8 20
8 19
8 26
8 18
5 17
6 17
7 17
4 17
4 16
5 16
6 16
7 16
9 23
9 22
9 24
9 21
0
No
0
Yes
7 0
7 1
7 2
8 0
8 1
8 2
9 0
9 1
0
No
0
Yes
39 0
39 1
39 2
40 0
40 1
40 2
41 0
41 1
41 2
42 0
42 1
42 2
43 0
43 1
43 2
44 0
44 1
0
No
0
No
0
No
0
Yes
7 33
7 34
7 35
7 36
8 33
8 34
8 35
8 36
9 33
9 34
9 35
9 36
10 33
10 34
10 35
10 36
11 33
11 34
11 35
11 36
12 33
12 34
12 35
12 36
13 33
13 34
0
Yes
39 7
39 8
39 9
39 10
39 11
39 12
40 7
40 8
40 9
40 10
40 11
40 12
41 7
41 8
41 9
41 10
41 11
41 12
42 7
42 8
42 9
42 10
42 11
42 12
43 7
43 8
43 9
43 10
43 11
43 12
44 7
44 8
44 9
44 10
44 11
44 12
45 7
0
Yes
0 30
0 31
0 32
0 33
0 34
0 35
0 36
0 37
1 30
1 31
1 32
1 33
1 34
1 35
1 36
1 37
2 30
2 31
2 32
2 33
2 34
2 35
2 36
2 37
3 30
3 31
3 32
3 33
3 34
3 35
3 36
3 37
4 30
4 31
4 32
4 33
4 34
4 35
4 36
4 37
5 30
5 31
5 32
5 33
5 34
5 35
0
Yes
38 40
38 41
37 40
37 41
39 40
39 41
38 39
38 42
37 39
39 39
39 42
36 40
36 41
40 40
40 41
36 39
40 39
40 42
37 38
35 40
35 41
41 40
41 41
36 38
40 38
35 39
41 39
41 42
35 38
41 38
34 40
34 41
42 40
42 41
34 39
34 42
42 39
42 42
34 38
42 38
33 40
33 41
43 40
43 41
33 39
43 39
43 42
33 38
43 38
32 40
32 41
44 40
44 41
32 39
44 39
44 42
32 38
44 38
31 40
0
No
0
No
0
Yes
48 22
48 21
47 21
49 21
47 20
48 20
49 20
46 20
48 19
47 19
49 19
46 19
47 18
48 18
49 18
46 18
45 19
45 20
45 18
45 21
44 20
44 19
44 18
48 17
47 17
46 17
49 17
43 19
43 20
43 18
43 21
42 21
42 20
42 19
42 18
42 22
43 22
43 23
42 23
44 23
44 24
43 24
42 24
47 16
48 16
49 16
46 16
44 17
43 17
42 17
41 22
41 21
41 23
41 20
41 19
41 24
43 16
42 16
40 23
40 22
40 24
40 20
40 19
40 25
41 17
41 16
39 22
0
No
0
No
0
Yes
29 48
29 47
28 47
30 47
30 48
31 48
31 47
28 46
29 46
30 46
31 46
31 49
27 46
27 47
27 48
26 48
26 47
26 46
29 45
28 45
30 45
27 45
31 45
26 45
32 47
32 48
32 46
32 49
32 45
33 48
33 47
33 46
33 49
33 45
25 47
25 46
25 48
25 45
25 49
28 44
29 44
30 44
27 44
31 44
26 44
32 44
25 44
33 44
24 48
24 47
24 46
24 45
24 49
24 44
29 43
28 43
30 43
27 43
31 43
26 43
32 43
25 43
33 43
24 43
34 47
34 48
34 46
34 45
34 49
35 48
35 47
35 46
35 49
35 45
23 47
23 48
23 46
23 45
23 44
23 49
23 43
28 42
29 42
27 42
26 42
31 42
32 42
33 42
22 48
22 47
22 46
22 45
22 44
22 49
22 43
29 41
28 41
27 41
26 41
36 47
36 48
36 46
36 49
24 42
0
Yes
9 18
8 18
8 19
7 19
7 18
7 17
7 20
8 20
9 20
6 18
6 19
6 17
6 20
9 21
8 21
7 21
6 21
6 16
7 16
8 16
8 15
7 15
9 15
9 14
8 14
7 14
5 17
5 18
5 19
5 20
5 16
5 21
8 22
7 22
6 22
9 22
5 22
10 22
9 23
8 23
7 23
6 23
4 19
4 20
4 21
4 22
4 16
4 17
4 15
8 24
7 24
9 24
6 24
3 20
3 15
3 14
4 14
5 24
7 25
8 25
6 25
5 25
2 14
8 26
7 26
6 26
5 26
2 13
3 13
4 25
1 13
1 14
1 15
0 14
0 13
0 12
10 15
11 15
11 16
12 16
12 15
12 17
13 17
13 16
13 15
13 18
12 18
11 18
12 19
11 22
8 27
9 27
10 27
3 25
3 26
2 26
2 25
1 25
1 26
1 24
0 24
0 25
0 26
0 23
1 23
2 23
2 27
1 27
0 27
1 28
2 28
0 28
3 28
3 29
2 29
1 29
0 29
0
Yes
34 38
35 38
34 37
34 39
35 37
35 39
33 38
36 38
33 37
33 39
36 37
36 39
34 36
34 40
35 36
35 40
32 38
33 40
36 36
36 40
37 38
32 37
32 39
37 39
34 35
34 41
35 35
35 41
32 40
37 40
33 41
36 35
36 41
31 38
31 37
31 39
32 41
37 41
31 40
34 34
35 34
36 34
37 34
0
Yes
43 37
43 38
42 38
44 38
44 37
44 36
45 37
45 36
45 38
42 39
43 39
44 39
41 39
41 38
45 35
44 35
43 35
43 34
44 34
45 34
43 40
42 40
44 40
41 40
40 38
40 39
40 40
40 37
42 34
42 35
46 36
46 37
46 35
46 38
46 34
45 40
47 37
47 38
42 33
43 33
44 33
45 33
46 33
42 41
43 41
44 41
41 41
45 41
40 41
39 39
39 40
39 41
47 39
43 42
42 42
44 42
41 42
40 42
45 42
39 42
47 34
47 33
44 32
45 32
46 32
47 32
38 40
38 41
38 39
38 42
41 43
40 43
45 43
48 33
48 34
48 32
48 35
46 31
47 31
48 31
40 44
41 44
42 44
38 43
49 32
49 33
49 31
42 45
41 45
43 45
41 46
42 46
40 46
40 47
41 47
39 47
39 46
0
No
0
Yes
46 0
46 1
46 2
46 3
46 4
46 5
46 6
46 7
47 0
47 1
47 2
47 3
47 4
47 5
47 6
47 7
48 0
48 1
48 2
48 3
48 4
48 5
48 6
48 7
49 0
49 1
49 2
49 3
49 4
49 5
49 6
0
Yes
45 48
45 49
46 48
46 49
47 48
47 49
48 48
48 49
49 48
49 49
0
Yes
18 0
18 1
18 2
19 0
19 1
19 2
20 0
20 1
20 2
21 0
21 1
21 2
22 0
22 1
22 2
23 0
23 1
0
No
0
No
0
Yes
38 40
38 39
39 39
39 40
39 41
38 41
38 42
39 42
40 40
40 41
40 39
40 42
40 38
41 39
41 40
41 41
41 38
41 42
40 43
41 43
42 40
42 39
42 41
42 42
42 38
41 44
40 44
43 39
43 40
43 41
43 38
43 42
42 44
43 37
44 40
44 39
44 41
44 38
44 42
44 37
42 45
41 45
41 46
42 46
40 46
43 45
45 41
45 40
45 42
44 36
40 47
41 47
39 47
39 46
45 38
45 37
45 36
45 43
39 48
40 48
46 37
46 38
46 36
45 35
44 35
46 35
43 35
43 34
44 34
45 34
46 34
42 34
42 35
42 33
43 33
44 33
45 33
46 33
40 49
39 49
38 49
47 38
47 37
47 39
44 32
45 32
46 32
47 34
47 33
47 32
46 31
47 31
48 33
48 32
48 34
48 31
48 35
49 32
49 33
49 31
38 43
40 37
38 44
40 36
44 45
44 44
45 45
45 46
46 46
46 45
47 45
42 32
41 32
41 31
42 31
0
Yes
36 3
36 4
36 5
36 6
36 7
36 8
37 3
37 4
37 5
37 6
37 7
37 8
38 3
38 4
38 5
38 6
38 7
38 8
39 3
39 4
39 5
39 6
0
No
0
Yes
23 39
23 40
23 41
24 39
24 40
24 41
0
No
0
No
0
Yes
31 16
31 17
31 18
31 19
32 16
32 17
32 18
32 19
33 16
33 17
33 18
33 19
0
Yes
31 1
31 2
31 3
32 1
32 2
32 3
33 1
33 2
33 3
34 1
34 2
34 3
0
Yes
25 22
25 23
25 24
26 22
26 23
26 24
27 22
27 23
0
Yes
6 39
5 39
5 38
6 38
7 38
7 39
7 40
6 37
5 37
7 37
8 39
8 38
8 40
8 37
4 38
4 37
8 41
7 41
6 41
6 42
7 42
8 42
5 36
6 36
7 36
4 36
8 36
9 38
9 39
9 40
9 37
9 41
9 36
9 42
3 37
3 38
3 36
3 39
6 35
5 35
7 35
4 35
8 35
3 35
9 35
10 39
10 38
10 40
10 37
10 41
10 36
10 42
10 35
2 38
2 37
2 36
2 35
7 43
8 43
9 43
6 43
10 43
6 44
7 44
5 34
6 34
7 34
4 34
8 34
3 34
9 34
2 34
10 34
5 44
11 40
1 37
1 36
1 35
1 38
1 34
1 39
11 36
11 35
11 34
11 42
0 39
0 38
0 37
0 36
0 35
0 34
6 33
5 33
7 33
4 33
8 33
3 33
9 33
2 33
10 33
1 33
11 33
0 33
0 40
5 32
6 32
4 32
3 32
2 32
1 32
0 32
12 35
12 34
12 36
12 33
12 37
13 37
13 36
13 35
13 34
13 33
13 38
14 38
14 37
14 36
14 35
14 34
4 31
5 31
3 31
2 31
1 31
0 31
5 30
4 30
3 30
2 30
1 30
0 30
15 37
15 36
15 35
15 38
15 34
0
Yes
45 48
45 49
46 48
46 49
47 48
47 49
48 48
48 49
49 48
49 49
0
No
0
No
0
Yes
23 22
23 21
22 21
22 20
23 20
21 20
21 21
21 22
20 22
20 21
20 20
23 19
22 19
21 19
20 19
20 23
21 23
21 24
20 24
24 19
19 21
19 22
19 23
19 20
19 24
19 19
22 18
21 18
20 18
19 18
20 25
21 25
19 25
21 26
20 26
19 26
22 26
18 22
18 21
18 23
18 20
18 24
18 19
18 25
18 18
18 26
22 27
21 27
20 27
19 27
18 27
23 27
21 17
20 17
19 17
22 17
18 17
23 28
22 28
21 28
20 28
19 28
18 28
17 21
17 23
22 16
21 16
20 16
19 16
18 16
17 19
17 18
17 17
17 16
17 25
17 26
17 27
17 28
22 29
21 29
20 29
19 29
18 29
17 29
21 15
20 15
19 15
18 15
22 15
17 15
23 15
23 14
16 18
16 17
16 16
16 15
16 26
16 27
16 28
16 29
21 30
20 30
19 30
18 30
17 30
22 30
20 14
21 14
19 14
18 14
17 14
16 14
22 31
21 31
20 31
19 31
18 31
23 31
21 13
20 13
19 13
18 13
17 13
16 13
15 17
15 16
15 15
15 14
15 13
15 27
15 28
23 32
22 32
21 32
20 32
19 32
18 32
0
Yes
22 43
22 44
22 45
22 46
22 47
23 43
23 44
23 45
23 46
23 47
24 43
24 44
24 45
24 46
24 47
25 43
25 44
25 45
25 46
25 47
26 43
26 44
26 45
26 46
26 47
27 43
27 44
27 45
27 46
27 47
28 43
28 44
28 45
28 46
28 47
29 43
29 44
29 45
29 46
29 47
30 43
30 44
30 45
30 46
30 47
31 43
31 44
31 45
31 46
31 47
32 43
0
Yes
39 7
39 8
39 9
39 10
39 11
39 12
40 7
40 8
40 9
40 10
40 11
40 12
41 7
41 8
41 9
41 10
41 11
41 12
42 7
42 8
42 9
42 10
42 11
42 12
43 7
43 8
43 9
43 10
43 11
43 12
44 7
44 8
44 9
44 10
44 11
44 12
0
Yes
19 35
18 35
19 34
19 36
20 35
18 34
18 36
20 34
20 36
17 35
19 33
19 37
21 35
17 34
17 36
18 33
18 37
20 33
20 37
21 34
21 36
17 33
17 37
21 33
16 35
16 34
16 36
16 33
16 37
17 32
0
Yes
9 18
8 18
8 19
7 19
7 18
7 17
7 20
8 20
9 20
6 18
6 19
6 17
6 20
9 21
8 21
7 21
6 21
6 16
7 16
8 16
8 15
7 15
9 15
9 14
8 14
7 14
5 17
5 18
5 19
5 20
5 16
5 21
8 22
7 22
6 22
9 22
5 22
10 22
9 23
8 23
7 23
6 23
4 19
4 20
4 21
4 22
4 16
4 17
4 15
8 24
7 24
9 24
6 24
3 20
3 15
3 14
4 14
5 24
7 25
8 25
6 25
5 25
2 14
8 26
7 26
6 26
5 26
2 13
3 13
4 25
1 13
1 14
1 15
0 14
0 13
0 12
10 15
11 15
11 16
12 16
12 15
12 17
13 17
13 16
13 15
13 18
12 18
11 18
12 19
14 16
11 22
8 27
9 27
10 27
3 25
3 26
2 26
2 25
1 25
1 26
1 24
0 24
0 25
0 26
0 23
1 23
2 23
2 27
1 27
0 27
0
Yes
40 27
40 28
40 29
41 27
41 28
41 29
42 27
42 28
42 29
43 27
43 28
0
No
0
Yes
41 48
41 49
42 48
42 49
43 48
43 49
0
No
0
No
0
Yes
39 0
39 1
39 2
40 0
40 1
40 2
41 0
41 1
41 2
42 0
42 1
42 2
43 0
43 1
0
Yes
22 43
22 44
22 45
22 46
22 47
22 48
23 43
23 44
23 45
23 46
23 47
23 48
24 43
24 44
24 45
24 46
24 47
24 48
25 43
25 44
25 45
25 46
25 47
25 48
26 43
26 44
26 45
26 46
26 47
26 48
27 43
27 44
27 45
27 46
27 47
27 48
28 43
28 44
28 45
28 46
28 47
0
Yes
4 34
5 34
4 33
4 35
5 33
5 35
3 34
6 34
3 33
3 35
6 33
6 35
4 32
4 36
5 32
5 36
2 34
3 32
3 36
6 32
6 36
7 34
2 33
2 35
7 33
7 35
4 31
4 37
5 31
5 37
2 32
2 36
7 36
3 31
3 37
6 37
1 34
8 34
1 33
1 35
8 33
8 35
2 31
2 37
7 37
1 32
1 36
4 30
4 38
5 30
5 38
8 36
3 30
3 38
6 38
0 34
0 33
0 35
1 31
1 37
8 37
2 30
2 38
7 38
0 32
0 36
3 29
1 30
1 38
8 38
0 31
0 37
2 29
0 30
0
Yes
37 38
36 38
36 37
36 39
37 39
37 40
36 40
35 37
35 38
35 39
35 40
35 36
36 36
34 38
34 37
34 39
34 36
34 40
36 35
35 35
34 35
36 41
35 41
37 41
34 41
33 37
33 38
33 39
33 40
33 41
35 34
36 34
34 34
37 34
32 38
32 39
32 40
32 37
32 41
34 42
33 42
32 42
36 33
35 33
34 33
31 37
31 38
31 39
31 40
35 32
36 32
34 32
33 43
32 43
30 38
30 39
30 37
36 31
35 31
34 31
31 42
31 43
32 44
33 44
31 44
29 37
29 38
33 45
32 45
31 45
34 45
35 30
36 30
37 30
34 46
33 46
32 46
31 46
35 46
35 45
30 43
30 44
30 45
30 46
37 29
36 29
35 29
38 29
38 30
35 47
34 47
33 47
32 47
31 47
30 47
36 47
36 46
29 44
29 45
29 46
29 43
29 47
29 42
28 42
28 41
29 41
36 48
35 48
34 48
33 48
32 48
31 48
30 48
29 48
37 48
37 47
38 28
37 28
39 28
39 29
40 29
40 28
40 30
41 30
41 29
41 28
42 29
42 28
27 41
27 42
27 40
28 40
28 39
27 39
37 49
36 49
35 49
34 49
33 49
32 49
31 49
39 27
38 27
40 27
41 27
42 27
43 28
43 27
0
Yes
37 14
37 13
36 13
38 13
38 14
38 15
37 15
36 15
37 16
38 16
39 14
39 15
39 13
39 16
36 12
37 12
38 12
39 12
38 11
39 11
38 17
37 17
39 17
36 17
40 13
40 14
40 15
40 12
40 16
40 11
40 17
37 18
38 18
36 18
41 14
41 13
41 15
41 12
41 11
35 18
39 10
40 10
41 10
36 19
37 19
35 19
42 13
42 14
42 12
42 11
42 10
34 19
34 18
34 17
40 9
41 9
39 9
42 9
39 8
40 8
41 8
42 8
43 12
43 11
43 10
43 9
43 8
34 20
33 20
40 7
41 7
42 7
39 7
43 7
44 11
44 10
44 9
44 8
44 12
44 7
33 21
34 21
45 12
45 11
34 22
41 6
40 6
42 6
40 5
46 11
46 12
46 10
47 12
47 11
47 10
47 13
45 7
47 9
46 9
46 8
47 8
45 6
48 11
48 10
48 9
48 8
49 10
49 9
49 11
49 8
49 7
34 23
47 14
46 14
48 14
40 4
40 3
41 3
45 5
0
Yes
19 0
19 1
19 2
20 0
20 1
20 2
21 0
21 1
21 2
22 0
22 1
22 2
23 0
23 1
0
Yes
17 35
17 36
16 35
16 36
18 35
18 36
17 34
17 37
16 34
16 37
18 34
18 37
15 35
15 36
19 35
19 36
15 34
15 37
17 33
19 34
19 37
16 33
18 33
14 35
14 36
20 35
20 36
15 33
19 33
14 34
14 37
20 34
20 37
20 33
13 35
13 36
21 35
21 36
13 34
13 37
21 34
13 33
21 33
12 35
12 36
12 34
12 37
0
Yes
38 39
38 40
38 41
38 42
39 39
39 40
39 41
39 42
40 39
40 40
40 41
40 42
41 39
41 40
41 41
41 42
42 39
42 40
42 41
42 42
43 39
43 40
43 41
43 42
44 39
44 40
0
No
0
No
0
Yes
15 9
15 8
14 8
16 8
14 7
15 7
16 7
13 7
13 8
13 9
12 9
12 8
12 7
15 6
14 6
13 6
16 6
12 6
12 10
11 8
11 9
11 7
11 10
11 6
14 5
15 5
13 5
12 5
16 5
11 5
11 11
12 11
13 11
10 9
10 8
10 10
10 7
10 6
10 11
13 4
14 4
12 4
11 4
10 12
9 8
9 9
9 10
9 7
9 11
9 6
9 12
14 3
13 3
12 3
11 3
15 3
8 9
8 8
8 10
8 7
8 11
8 6
8 12
15 2
14 2
13 2
12 2
9 5
9 13
8 13
7 8
7 9
7 10
7 7
7 11
7 12
7 6
7 13
14 1
15 1
7 5
6 9
6 8
6 7
6 6
6 5
15 0
14 0
5 8
5 7
5 6
5 5
6 4
5 4
4 7
4 6
4 5
4 8
4 4
4 9
3 9
3 8
3 7
3 6
3 5
3 4
3 10
4 10
4 11
3 11
3 12
4 12
4 3
2 8
2 9
2 10
2 7
2 6
2 5
2 4
2 12
1 7
1 6
1 5
1 4
2 3
1 3
0 6
0 5
0 4
0 7
0 3
15 10
14 11
14 12
0
No
0
Yes
22 43
22 44
22 45
22 46
22 47
22 48
23 43
23 44
23 45
23 46
23 47
23 48
24 43
24 44
24 45
24 46
24 47
24 48
25 43
25 44
25 45
25 46
25 47
25 48
26 43
26 44
26 45
26 46
26 47
26 48
27 43
27 44
27 45
27 46
27 47
27 48
28 43
28 44
0
Yes
12 34
12 35
12 36
12 37
13 34
13 35
13 36
13 37
14 34
14 35
14 36
14 37
15 34
15 35
15 36
15 37
16 34
16 35
16 36
16 37
17 34
17 35
17 36
17 37
18 34
18 35
18 36
18 37
19 34
19 35
19 36
19 37
20 34
20 35
20 36
20 37
21 34
0
Yes
23 39
23 40
23 41
24 39
24 40
24 41
0
No
0
No
0
Yes
46 38
45 38
45 37
46 37
47 37
47 38
47 39
46 36
45 36
44 37
44 38
44 36
43 38
43 37
45 35
46 35
44 35
46 34
45 34
44 34
47 34
43 35
43 34
45 33
46 33
44 33
47 33
43 33
48 33
48 34
48 35
42 34
42 35
42 33
46 32
45 32
47 32
44 32
48 32
49 32
49 33
47 31
46 31
48 31
49 31
42 32
41 32
41 31
42 31
47 40
48 40
48 41
47 41
49 41
49 40
49 39
49 42
48 42
42 38
41 38
49 43
40 38
40 37
40 36
49 44
0
No
0
No
0
No
0
No
0
Yes
15 49
15 48
16 48
16 49
17 49
17 48
17 47
18 48
18 49
18 47
19 49
19 48
19 47
19 46
20 48
20 47
20 49
21 49
21 48
21 47
21 46
22 48
22 47
22 49
22 46
23 49
23 48
23 47
23 46
22 45
21 45
23 45
24 48
24 47
24 46
24 49
24 45
23 44
22 44
24 44
22 43
23 43
24 43
25 49
25 48
25 47
25 46
25 45
25 44
25 43
23 42
24 42
26 48
26 47
26 46
26 45
26 44
26 43
27 47
27 46
27 45
27 44
27 48
27 43
26 42
28 46
28 47
28 45
28 44
28 43
0
Yes
49 39
49 40
48 40
48 41
49 41
47 41
47 40
47 39
49 42
48 42
47 38
46 38
46 37
47 37
45 37
45 38
45 36
46 36
46 35
45 35
44 38
44 37
44 36
44 35
43 37
43 38
45 34
46 34
44 34
47 34
47 33
46 33
45 33
44 33
48 33
48 34
48 35
42 38
48 32
47 32
46 32
45 32
44 32
49 32
49 33
43 35
43 34
43 33
49 31
48 31
47 31
46 31
42 34
42 35
0
No
0
No
0
No
0
No
0
Yes
23 46
23 47
24 46
24 47
22 46
22 47
23 45
23 48
24 45
24 48
25 46
25 47
22 45
22 48
25 45
25 48
21 46
21 47
23 44
23 49
24 44
24 49
26 46
26 47
21 45
21 48
22 44
22 49
25 44
25 49
26 45
26 48
20 47
21 49
23 43
24 43
26 44
27 46
27 47
20 48
22 43
25 43
27 45
27 48
20 49
26 43
27 44
19 47
19 46
19 45
19 48
27 43
19 44
19 49
0
No
0
Yes
45 48
45 49
46 48
46 49
47 48
47 49
0
Yes
9 42
8 42
9 41
9 43
10 42
8 41
8 43
10 41
10 43
7 42
9 40
11 42
7 41
7 43
8 40
10 40
7 40
7 44
11 40
6 42
9 39
6 41
6 43
8 39
10 39
6 44
7 39
0
Yes
0 1
0 0
1 0
2 0
3 0
3 1
4 1
4 0
4 2
5 0
5 1
6 1
6 0
7 0
7 1
7 2
8 1
8 0
8 2
9 0
9 1
0
No
0
Yes
9 33
9 34
9 35
9 36
9 37
9 38
10 33
10 34
10 35
10 36
10 37
10 38
11 33
11 34
11 35
0
No
0
No
0
Yes
48 48
48 47
49 47
49 48
49 49
48 49
49 46
48 46
48 45
49 45
47 45
49 44
46 45
46 46
45 46
45 45
44 45
44 44
49 43
43 45
42 45
42 46
42 44
41 46
41 45
41 44
41 47
40 47
40 46
0
No
0
No
0
Yes
31 16
31 17
31 18
31 19
32 16
32 17
32 18
32 19
33 16
33 17
33 18
33 19
0
Yes
25 5
25 6
25 7
25 8
25 9
25 10
25 11
25 12
25 13
26 5
26 6
26 7
26 8
26 9
26 10
26 11
26 12
26 13
27 5
27 6
27 7
27 8
27 9
27 10
27 11
27 12
27 13
28 5
28 6
28 7
28 8
28 9
28 10
28 11
28 12
28 13
29 5
29 6
29 7
29 8
29 9
29 10
29 11
29 12
29 13
30 5
30 6
30 7
30 8
30 9
30 10
30 11
0
No
0
Yes
27 46
27 47
28 46
28 47
26 46
26 47
27 45
27 48
28 45
29 46
29 47
26 45
26 48
29 45
29 48
25 46
25 47
27 44
28 44
30 46
30 47
25 45
25 48
26 44
29 44
30 45
30 48
24 46
24 47
25 44
25 49
27 43
28 43
30 44
31 46
31 47
24 45
24 48
26 43
29 43
31 45
31 48
24 44
24 49
25 43
30 43
31 44
31 49
23 46
23 47
32 46
32 47
23 45
23 48
32 45
32 48
24 43
31 43
23 44
23 49
32 44
32 49
22 46
22 47
33 46
33 47
22 45
22 48
23 43
32 43
33 45
33 48
22 44
22 49
33 44
33 49
21 46
21 47
22 43
33 43
34 46
34 47
21 45
21 48
34 45
34 48
21 49
34 49
20 47
20 48
0
No
0
Yes
7 0
7 1
7 2
8 0
8 1
8 2
9 0
9 1
0
Yes
39 0
39 1
39 2
40 0
40 1
40 2
41 0
41 1
41 2
42 0
42 1
42 2
43 0
43 1
43 2
44 0
44 1
44 2
0
No
0
Yes
24 31
24 32
24 33
25 31
25 32
25 33
26 31
26 32
26 33
0
No
0
Yes
7 12
7 11
8 11
8 12
8 13
7 13
9 12
9 11
9 13
8 10
7 10
9 10
7 9
8 9
9 9
6 9
10 11
10 12
10 10
10 9
6 8
7 8
8 8
9 8
10 8
5 8
11 10
11 11
11 9
11 8
7 7
6 7
8 7
9 7
10 7
5 7
11 7
12 11
12 10
12 9
12 8
12 7
4 7
4 8
4 9
3 9
3 8
3 7
3 10
4 10
4 11
3 11
3 12
4 12
2 12
2 10
2 9
2 8
2 7
6 6
7 6
8 6
5 6
9 6
4 6
10 6
3 6
11 6
2 6
12 6
13 9
13 8
13 7
13 6
7 5
6 5
5 5
4 5
3 5
2 5
9 5
1 7
1 6
1 5
6 4
5 4
4 4
3 4
2 4
1 4
11 5
12 5
13 5
14 8
14 7
14 6
14 5
0 6
0 5
0 7
0 4
12 4
13 4
11 4
14 4
15 7
15 6
15 5
15 8
15 9
4 3
11 3
12 3
13 3
14 3
16 8
16 7
16 6
16 5
2 3
1 3
0 3
12 2
13 2
14 2
15 3
15 2
14 1
15 1
15 0
14 0
13 11
14 11
14 12
15 12
15 10
0
Yes
39 48
39 49
40 48
40 49
41 48
41 49
42 48
42 49
43 48
43 49
0
No
0
Yes
36 9
35 9
35 8
36 8
35 10
36 10
37 8
36 7
35 7
37 7
38 7
38 8
37 6
36 6
38 6
39 8
39 7
39 6
39 9
36 5
37 5
38 5
39 5
40 9
40 8
40 7
40 6
40 5
40 10
39 10
39 11
40 11
38 11
38 12
39 12
40 12
37 12
37 13
38 13
39 13
40 13
36 13
36 12
37 4
38 4
39 4
36 4
40 4
35 4
41 8
41 9
41 10
41 7
41 11
41 6
41 12
41 13
38 14
37 14
39 14
40 14
41 14
36 3
37 3
38 3
39 3
35 3
40 3
42 9
42 8
42 10
42 7
42 11
42 12
42 13
42 6
42 14
0
Yes
38 39
38 40
38 41
38 42
39 39
39 40
39 41
39 42
40 39
40 40
40 41
40 42
41 39
41 40
41 41
41 42
42 39
42 40
42 41
0
No
0
No
0
No
0
Yes
33 38
33 39
33 40
33 41
34 38
34 39
34 40
34 41
35 38
35 39
35 40
35 41
36 38
36 39
36 40
36 41
37 38
37 39
37 40
0
Yes
23 39
23 40
23 41
23 42
24 39
24 40
24 41
0
No
0
Yes
39 25
38 25
38 26
39 26
40 26
39 27
38 27
40 27
37 26
41 27
38 28
39 28
40 28
41 28
37 28
39 29
38 29
40 29
37 29
41 29
42 28
42 27
42 29
43 27
43 28
36 29
38 30
37 30
36 30
40 30
41 30
41 31
35 30
35 29
36 31
35 31
42 31
42 32
41 32
34 31
35 32
36 32
34 32
36 33
35 33
34 33
35 34
36 34
34 34
37 34
36 35
35 35
34 35
35 36
36 36
34 36
36 37
35 37
34 37
33 37
42 33
32 37
32 38
31 38
31 37
30 37
30 38
31 39
32 39
30 39
29 38
29 37
28 37
32 40
31 40
0
Yes
18 31
18 30
17 30
19 30
19 31
19 32
18 32
17 32
18 33
17 33
19 33
20 31
20 32
20 30
20 33
17 29
18 29
19 29
20 29
16 29
16 33
18 28
17 28
19 28
16 28
20 28
17 34
18 34
19 34
16 34
20 34
21 30
21 31
21 32
21 29
21 33
21 28
21 34
18 35
17 35
19 35
20 35
16 35
21 35
22 31
22 30
22 32
22 29
22 33
22 34
22 28
17 27
18 27
19 27
20 27
21 27
16 27
22 27
15 28
15 27
15 34
15 33
15 35
15 32
18 26
17 26
19 26
16 26
20 26
21 26
22 26
17 36
18 36
19 36
16 36
20 36
15 36
21 36
23 32
23 31
23 33
14 35
14 34
14 36
13 34
13 35
13 36
13 33
23 28
23 27
18 37
17 37
19 37
16 37
20 37
15 37
14 37
13 37
24 31
24 32
24 33
17 25
18 25
19 25
20 25
21 25
12 33
12 34
12 35
12 36
12 37
18 24
19 24
20 24
21 24
25 32
25 31
0
No
0
Yes
15 13
15 14
15 15
15 16
15 17
16 13
16 14
16 15
16 16
16 17
17 13
17 14
17 15
17 16
17 17
18 13
18 14
18 15
18 16
18 17
19 13
19 14
19 15
19 16
19 17
20 13
20 14
20 15
20 16
20 17
21 13
21 14
0
Yes
18 18
18 19
18 20
18 21
18 22
18 23
19 18
19 19
19 20
19 21
19 22
19 23
20 18
20 19
20 20
20 21
20 22
20 23
21 18
21 19
21 20
21 21
21 22
21 23
0
Yes
34 35
33 35
33 34
34 34
33 36
34 36
35 34
35 35
35 36
34 33
33 33
35 33
34 37
33 37
35 37
36 35
36 34
36 36
36 33
36 37
32 34
32 35
32 36
32 33
32 37
31 35
31 34
31 36
31 33
31 37
33 32
34 32
35 32
32 32
36 32
31 32
33 38
34 38
35 38
32 38
36 38
31 38
37 34
34 31
33 31
35 31
32 31
36 31
31 31
34 39
33 39
35 39
32 39
36 39
31 39
30 34
30 35
30 36
30 33
30 37
30 32
30 38
30 31
30 39
37 38
37 39
29 35
29 34
29 36
29 33
29 37
29 32
29 38
29 31
33 30
34 30
35 30
32 30
31 30
30 30
36 30
29 30
33 40
34 40
35 40
32 40
36 40
31 40
37 40
38 39
38 40
37 30
34 29
33 29
35 29
32 29
36 29
31 29
30 29
37 29
29 29
34 41
33 41
35 41
32 41
36 41
37 41
38 41
28 34
28 35
28 36
28 33
28 37
28 32
28 31
28 30
28 29
27 35
27 34
27 36
27 33
27 32
27 31
27 30
27 29
33 28
34 28
0
Yes
3 25
2 25
2 26
3 26
1 26
1 25
1 24
1 27
2 27
0 25
0 26
0 24
0 27
2 28
1 28
0 28
3 28
0 23
1 23
2 23
1 29
0 29
4 25
5 25
5 24
5 26
6 24
6 25
6 26
6 23
7 25
7 24
7 26
7 23
7 22
6 22
5 22
5 21
6 21
7 21
4 21
4 22
4 20
5 20
6 20
7 20
3 20
8 24
8 25
8 23
8 22
8 21
8 26
8 20
8 27
5 19
4 19
6 19
7 19
8 19
9 23
9 24
9 22
9 21
9 20
9 27
6 18
5 18
7 18
8 18
10 22
5 17
6 17
7 17
4 17
4 16
5 16
6 16
7 16
9 18
8 16
7 15
8 15
9 15
8 14
7 14
9 14
4 28
0 22
10 27
11 22
4 15
3 15
3 14
4 14
2 14
2 13
3 13
1 13
1 14
1 15
0 14
0 13
0 12
10 15
11 15
11 16
12 16
12 15
12 17
13 17
13 16
13 15
13 18
12 18
11 18
0
Yes
42 40
42 41
41 40
41 41
43 40
43 41
42 39
42 42
41 39
41 42
43 39
43 42
40 40
40 41
44 40
44 41
40 39
40 42
44 39
44 42
41 38
39 40
39 41
45 40
45 41
40 38
39 39
39 42
0
No
0
No
0
Yes
15 13
15 14
15 15
15 16
15 17
16 13
16 14
16 15
16 16
16 17
17 13
17 14
17 15
17 16
17 17
18 13
18 14
18 15
18 16
18 17
19 13
19 14
19 15
0
Yes
0 30
0 31
0 32
0 33
0 34
0 35
0 36
1 30
1 31
1 32
1 33
1 34
1 35
1 36
2 30
2 31
2 32
2 33
2 34
2 35
2 36
3 30
3 31
3 32
3 33
3 34
3 35
3 36
4 30
4 31
4 32
4 33
0
Yes
41 10
41 11
42 10
42 11
40 10
40 11
41 9
41 12
42 9
42 12
43 10
43 11
40 9
40 12
43 9
43 12
39 10
39 11
41 8
41 13
42 8
42 13
44 10
44 11
39 9
39 12
40 8
40 13
43 8
44 9
44 12
38 11
39 8
39 13
41 7
41 14
42 7
42 14
44 8
38 12
40 7
40 14
43 7
38 8
38 13
39 7
39 14
44 7
41 6
42 6
40 6
38 7
0
Yes
47 16
47 17
47 18
47 19
47 20
47 21
48 16
48 17
48 18
48 19
48 20
48 21
49 16
49 17
49 18
49 19
49 20
49 21
0
Yes
46 27
46 26
45 26
47 26
44 26
44 25
44 24
43 24
43 23
44 23
42 23
42 24
41 24
41 23
42 22
43 22
41 22
43 21
42 21
41 21
40 23
40 22
40 24
40 25
39 25
39 26
40 26
40 27
39 27
41 27
41 28
40 28
39 28
42 28
42 27
43 27
43 28
42 29
41 29
40 29
39 29
41 30
40 30
38 27
38 26
38 28
38 25
38 29
42 20
43 20
41 20
44 20
44 19
43 19
42 19
41 19
45 19
45 20
45 21
46 20
46 19
38 30
39 22
46 18
45 18
44 18
43 18
42 18
37 26
37 28
40 20
40 19
44 17
43 17
42 17
41 17
43 16
42 16
41 16
40 16
40 17
39 17
39 16
41 15
40 15
39 15
38 16
38 17
38 15
38 18
37 18
37 17
37 16
37 15
37 19
36 19
36 18
36 17
35 18
35 19
34 19
34 18
34 20
33 20
33 21
34 21
34 22
0
No
0
Yes
6 33
6 34
6 35
6 36
6 37
6 38
7 33
7 34
7 35
7 36
7 37
7 38
8 33
8 34
8 35
8 36
8 37
8 38
9 33
9 34
9 35
9 36
9 37
9 38
10 33
10 34
10 35
10 36
10 37
10 38
11 33
11 34
11 35
11 36
0
No
0
Yes
36 1
36 2
36 3
35 3
37 3
35 4
36 4
37 4
38 4
38 3
39 3
39 4
39 2
36 5
37 5
38 5
39 5
40 2
40 3
40 4
40 5
40 1
39 1
39 0
40 0
41 1
41 2
41 3
41 0
37 6
38 6
39 6
36 6
40 6
36 7
37 7
38 7
39 7
40 7
35 7
42 0
42 1
42 2
43 1
43 0
43 2
35 8
36 8
37 8
38 8
39 8
40 8
41 6
41 7
41 8
36 9
35 9
44 0
44 1
44 2
44 3
42 7
42 6
42 8
39 9
40 9
41 9
42 9
45 1
45 2
45 0
45 3
35 10
36 10
45 4
44 4
43 4
40 10
41 10
39 10
42 10
43 8
43 7
43 9
43 10
44 7
44 8
44 9
44 10
39 11
40 11
41 11
42 11
43 11
44 11
38 11
38 12
39 12
40 12
41 12
42 12
43 12
44 12
37 12
37 13
38 13
39 13
40 13
41 13
42 13
36 13
36 12
38 14
37 14
39 14
40 14
41 14
42 14
45 11
45 12
0
No
0
Yes
21 14
20 14
20 13
21 13
20 15
21 15
22 15
21 16
20 16
22 16
19 13
19 14
19 15
19 16
19 12
20 12
18 14
18 13
18 15
18 16
20 17
21 17
19 17
22 17
18 17
21 18
20 18
19 18
22 18
18 18
17 13
17 14
17 15
17 16
17 17
17 18
17 12
16 14
16 13
16 15
16 16
16 17
16 18
20 19
21 19
19 19
18 19
17 19
22 19
23 19
21 20
20 20
22 20
19 20
18 20
23 20
15 13
15 14
15 15
15 16
15 17
20 21
21 21
22 21
19 21
23 21
18 21
14 16
21 22
20 22
19 22
18 22
0
No
0
No
0
No
0
Yes
23 39
23 40
23 41
23 42
24 39
24 40
24 41
0
No
0
Yes
31 16
31 17
31 18
31 19
32 16
32 17
32 18
32 19
33 16
33 17
33 18
0
Yes
25 33
25 34
25 35
26 33
26 34
0
Yes
30 22
30 23
30 24
31 22
31 23
0
Yes
28 47
27 47
27 46
28 46
27 48
29 46
29 47
29 48
28 45
27 45
29 45
30 47
30 46
30 48
30 45
26 46
26 47
26 48
26 45
25 47
25 46
25 48
25 45
27 44
28 44
29 44
26 44
30 44
25 44
31 46
31 47
31 45
31 48
31 44
25 49
31 49
28 43
27 43
29 43
26 43
30 43
25 43
31 43
32 47
32 46
32 48
32 45
32 44
32 49
32 43
24 46
24 47
24 48
24 45
24 44
24 49
24 43
23 47
23 46
23 48
23 45
23 44
23 49
23 43
27 42
28 42
29 42
26 42
33 46
33 47
33 48
33 45
33 44
33 49
33 43
31 42
32 42
33 42
28 41
27 41
29 41
26 41
34 47
34 46
34 48
34 45
34 49
22 46
22 47
22 48
22 45
22 44
22 49
22 43
24 42
23 42
21 47
21 46
21 48
21 45
21 49
27 40
28 40
35 46
35 47
35 48
35 45
35 49
0
No
0
Yes
18 15
18 16
18 17
18 18
18 19
18 20
18 21
18 22
18 23
19 15
19 16
19 17
19 18
19 19
19 20
19 21
19 22
19 23
20 15
20 16
20 17
20 18
20 19
20 20
20 21
20 22
20 23
21 15
21 16
21 17
21 18
21 19
21 20
21 21
21 22
21 23
22 15
22 16
22 17
22 18
22 19
0
No
0
Yes
0 3
0 4
0 5
0 6
1 3
1 4
1 5
1 6
2 3
2 4
2 5
0
Yes
46 0
46 1
46 2
46 3
46 4
46 5
47 0
47 1
47 2
47 3
47 4
47 5
48 0
48 1
48 2
48 3
48 4
48 5
49 0
49 1
49 2
49 3
49 4
49 5
0
Yes
29 48
29 47
28 47
30 47
30 48
31 48
31 47
28 46
29 46
30 46
31 46
31 49
27 46
27 47
27 48
26 48
26 47
26 46
29 45
28 45
30 45
27 45
31 45
26 45
32 47
32 48
32 46
32 49
32 45
33 48
33 47
33 46
33 49
33 45
25 47
25 46
25 48
25 45
25 49
28 44
29 44
30 44
27 44
31 44
26 44
32 44
25 44
33 44
24 48
24 47
24 46
24 45
24 49
24 44
29 43
28 43
30 43
27 43
31 43
26 43
32 43
25 43
33 43
24 43
34 47
34 48
34 46
34 45
34 49
35 48
35 47
35 46
35 49
35 45
23 47
23 48
23 46
23 45
23 44
23 49
23 43
28 42
29 42
27 42
26 42
31 42
32 42
33 42
22 48
22 47
22 46
22 45
22 44
22 49
22 43
29 41
28 41
27 41
26 41
36 47
36 48
36 46
36 49
24 42
23 42
34 42
37 48
37 47
37 49
21 47
21 48
21 46
21 45
0
Yes
12 10
11 10
11 9
12 9
11 11
12 11
13 9
13 11
12 8
11 8
13 8
10 9
10 10
10 11
10 8
10 12
14 8
9 10
9 9
9 11
9 8
9 12
11 7
12 7
13 7
10 7
14 7
9 7
12 6
11 6
13 6
10 6
14 6
9 6
8 9
8 10
8 11
8 8
8 7
8 12
8 6
9 13
8 13
15 7
15 8
15 6
15 9
16 8
16 7
16 6
7 10
7 9
7 11
7 8
7 12
7 7
7 13
7 6
11 5
12 5
13 5
14 5
15 5
16 5
9 5
12 4
13 4
14 4
11 4
6 9
6 8
6 7
6 6
7 5
6 5
11 3
12 3
13 3
14 3
5 8
5 7
5 6
5 5
15 3
12 2
13 2
14 2
15 2
6 4
5 4
4 7
4 6
4 5
4 8
4 4
4 9
3 9
3 8
3 7
3 6
3 5
3 4
0
Yes
17 8
17 9
17 10
18 8
18 9
18 10
19 8
19 9
0
Yes
0 30
0 31
0 32
0 33
0 34
0 35
0 36
0 37
0 38
1 30
1 31
1 32
1 33
1 34
1 35
1 36
1 37
1 38
2 30
2 31
2 32
2 33
2 34
2 35
2 36
2 37
2 38
3 30
3 31
3 32
3 33
3 34
3 35
3 36
3 37
3 38
4 30
4 31
4 32
4 33
4 34
4 35
4 36
4 37
4 38
5 30
5 31
5 32
5 33
5 34
5 35
0
Yes
7 0
7 1
7 2
8 0
8 1
8 2
9 0
9 1
0
No
0
Yes
20 30
19 30
20 29
20 31
21 30
19 29
19 31
21 29
21 31
18 30
20 28
20 32
22 30
18 29
18 31
19 28
19 32
21 28
21 32
22 29
22 31
18 28
18 32
22 28
22 32
17 30
20 27
20 33
17 29
19 27
19 33
21 27
21 33
17 28
17 32
18 27
18 33
22 27
22 33
20 26
20 34
19 26
19 34
21 26
21 34
17 27
17 33
18 26
18 34
22 26
22 34
17 26
17 34
20 25
20 35
19 25
19 35
21 25
21 35
18 25
18 35
17 25
17 35
0
Yes
6 33
6 34
6 35
6 36
6 37
6 38
6 39
7 33
7 34
7 35
7 36
7 37
7 38
7 39
8 33
8 34
8 35
8 36
8 37
8 38
8 39
9 33
9 34
9 35
9 36
9 37
9 38
9 39
10 33
10 34
10 35
10 36
10 37
10 38
10 39
11 33
11 34
0
No
0
Yes
39 46
39 47
39 48
39 49
40 46
40 47
40 48
40 49
41 46
41 47
41 48
41 49
0
Yes
38 11
38 12
37 12
39 12
39 11
39 10
40 11
40 10
40 12
37 13
38 13
39 13
40 13
36 13
36 12
40 9
39 9
38 14
37 14
39 14
40 14
39 8
40 8
38 8
41 10
41 11
41 12
41 9
41 13
41 8
41 14
38 7
39 7
40 7
41 7
42 11
42 10
42 12
42 9
42 13
42 8
42 14
42 7
37 7
37 8
36 8
36 7
36 9
35 9
35 8
35 7
35 10
36 10
37 15
38 15
39 15
40 15
41 15
36 15
38 16
37 16
39 16
40 16
41 16
37 6
38 6
39 6
36 6
40 6
41 6
42 6
43 10
43 11
43 12
43 9
43 8
43 7
38 5
37 5
39 5
40 5
36 5
44 11
44 10
44 9
44 8
44 12
44 7
37 17
38 17
39 17
40 17
41 17
36 17
42 16
42 17
38 18
37 18
36 18
37 4
38 4
39 4
36 4
40 4
45 12
45 11
35 4
35 18
43 17
43 16
38 3
37 3
39 3
36 3
40 3
35 3
46 11
46 12
37 19
36 19
35 19
42 18
43 18
0
No
0
Yes
40 36
40 37
40 38
41 38
41 39
40 39
39 39
42 39
42 38
43 38
43 39
43 37
40 40
41 40
42 40
39 40
43 40
44 37
44 38
44 39
44 40
44 36
45 36
45 37
45 38
39 41
40 41
41 41
42 41
43 41
44 41
45 35
44 35
43 35
43 34
44 34
45 34
42 34
42 35
42 33
43 33
44 33
45 33
44 32
45 32
40 42
41 42
42 42
43 42
39 42
44 42
46 35
46 36
46 37
46 34
46 33
46 38
46 32
38 42
45 40
45 41
45 42
41 43
40 43
47 37
47 38
38 43
47 34
47 33
47 32
47 39
46 31
47 31
40 44
41 44
42 44
48 33
48 32
48 34
48 31
48 35
45 43
41 45
42 45
43 45
49 32
49 33
49 31
42 46
42 32
41 32
41 31
42 31
41 30
40 30
40 29
41 29
39 29
42 29
39 28
40 28
41 28
42 28
38 28
38 29
38 30
43 28
40 27
39 27
41 27
42 27
38 27
43 27
39 26
40 26
38 26
37 26
40 25
39 25
38 25
47 40
48 40
48 41
47 41
49 41
49 40
49 39
49 42
48 42
38 44
37 28
44 45
44 44
0
Yes
46 16
46 17
46 18
46 19
47 16
47 17
47 18
47 19
48 16
48 17
48 18
48 19
49 16
49 17
49 18
49 19
0
Yes
39 0
39 1
39 2
40 0
40 1
40 2
41 0
41 1
41 2
42 0
42 1
42 2
43 0
43 1
43 2
44 0
44 1
44 2
45 0
45 1
45 2
0
Yes
30 22
30 23
30 24
31 22
31 23
0
Yes
0 30
0 31
0 32
0 33
0 34
0 35
0 36
0 37
1 30
1 31
1 32
1 33
1 34
1 35
1 36
1 37
2 30
2 31
2 32
2 33
2 34
2 35
2 36
2 37
3 30
3 31
3 32
3 33
3 34
3 35
3 36
3 37
4 30
4 31
4 32
4 33
4 34
4 35
4 36
4 37
5 30
5 31
5 32
5 33
5 34
5 35
5 36
0
Yes
13 34
13 35
13 36
13 37
13 38
14 34
14 35
14 36
14 37
14 38
15 34
15 35
15 36
15 37
15 38
16 34
16 35
16 36
16 37
16 38
0
Yes
48 0
47 0
47 1
48 1
49 1
49 0
48 2
47 2
49 2
46 1
46 0
46 2
45 0
45 1
45 2
47 3
48 3
46 3
49 3
45 3
48 4
47 4
46 4
49 4
45 4
44 1
44 2
44 3
44 0
44 4
43 0
43 1
43 2
47 5
48 5
46 5
45 5
49 5
48 6
47 6
46 6
49 6
45 6
42 1
42 0
42 2
43 4
41 0
41 1
41 2
47 7
48 7
46 7
49 7
45 7
41 3
48 8
47 8
46 8
49 8
40 1
40 2
40 0
39 0
39 1
39 2
47 9
48 9
49 9
46 9
48 10
47 10
49 10
46 10
47 11
48 11
49 11
0
Yes
45 48
45 49
46 48
46 49
47 48
47 49
48 48
48 49
49 48
49 49
0
Yes
9 48
9 49
10 48
10 49
11 48
11 49
12 48
12 49
13 48
13 49
0
No
0
Yes
45 0
45 1
45 2
45 3
45 4
45 5
45 6
46 0
46 1
46 2
46 3
46 4
46 5
46 6
47 0
47 1
47 2
47 3
47 4
47 5
47 6
48 0
48 1
48 2
48 3
48 4
48 5
48 6
49 0
49 1
49 2
49 3
49 4
0
No
0
Yes
17 32
17 33
17 34
17 35
17 36
17 37
18 32
18 33
18 34
18 35
18 36
18 37
19 32
19 33
19 34
19 35
19 36
19 37
20 32
20 33
20 34
20 35
20 36
20 37
21 32
21 33
21 34
21 35
21 36
0
Yes
42 48
42 49
43 48
43 49
0
Yes
27 45
26 45
26 44
27 44
26 46
27 46
28 44
28 45
28 46
27 43
26 43
28 43
27 47
26 47
28 47
29 45
29 44
29 46
29 43
29 47
25 44
25 45
25 46
25 43
25 47
24 45
24 44
24 46
24 43
24 47
26 42
27 42
28 42
29 42
26 48
27 48
25 48
24 48
30 44
30 45
30 46
30 43
30 47
29 48
30 48
27 41
28 41
26 41
29 41
31 45
31 44
31 46
31 47
31 43
31 48
23 44
23 45
23 46
23 47
23 43
23 48
24 42
23 42
25 49
24 49
23 49
22 45
22 44
22 46
22 43
22 47
22 48
22 49
31 42
28 40
27 40
32 44
32 45
32 46
32 43
32 47
32 42
32 48
23 41
24 41
31 49
32 49
24 40
23 40
27 39
28 39
33 45
33 44
33 46
33 43
33 47
33 48
33 42
33 49
21 46
21 45
21 47
21 48
21 49
34 46
34 45
34 47
34 48
34 49
23 39
24 39
20 47
20 48
20 49
34 42
35 45
35 46
35 47
35 48
35 49
19 48
19 47
19 49
19 46
36 46
36 47
36 48
36 49
18 47
18 48
18 49
37 47
37 48
0
Yes
0 30
0 31
0 32
0 33
0 34
0 35
0 36
1 30
1 31
1 32
1 33
1 34
1 35
1 36
2 30
2 31
2 32
2 33
2 34
2 35
2 36
3 30
3 31
3 32
3 33
3 34
3 35
3 36
4 30
4 31
4 32
4 33
4 34
4 35
4 36
5 30
5 31
5 32
0
Yes
29 27
29 28
30 27
30 28
31 27
31 28
32 27
32 28
0
No
0
Yes
22 43
22 44
22 45
22 46
22 47
23 43
23 44
23 45
23 46
23 47
24 43
24 44
24 45
24 46
24 47
25 43
25 44
25 45
25 46
25 47
26 43
26 44
26 45
26 46
26 47
27 43
27 44
27 45
27 46
27 47
28 43
28 44
28 45
28 46
28 47
29 43
29 44
29 45
29 46
29 47
30 43
30 44
30 45
30 46
30 47
31 43
31 44
31 45
31 46
31 47
32 43
32 44
32 45
32 46
32 47
0
Yes
16 5
15 5
15 6
16 6
16 7
15 7
14 6
14 5
14 7
14 4
13 5
13 6
13 4
13 7
15 8
14 8
16 8
13 8
17 8
13 3
14 3
15 3
15 2
14 2
13 2
12 4
12 5
12 6
12 3
12 7
12 2
12 8
17 9
14 1
15 1
18 9
18 8
19 8
19 9
19 7
11 5
11 4
11 6
11 3
11 7
11 8
13 9
12 9
11 9
15 0
14 0
18 10
17 10
20 9
10 6
10 7
10 8
10 9
12 10
11 10
10 10
20 10
9 7
9 8
9 9
9 6
9 10
9 5
11 11
10 11
12 11
9 11
13 11
8 6
8 7
8 8
8 9
8 10
8 11
7 7
7 8
7 9
7 10
7 6
7 11
7 5
10 12
9 12
8 12
7 12
6 5
6 6
6 7
6 8
6 9
6 4
9 13
8 13
7 13
5 4
5 5
5 6
5 7
5 8
4 5
4 6
4 7
4 4
4 8
4 3
4 9
3 4
3 5
3 6
3 7
3 8
3 9
3 10
4 10
4 11
3 11
2 6
2 7
2 8
2 9
2 10
3 12
4 12
0
Yes
46 16
46 17
46 18
46 19
46 20
47 16
47 17
47 18
47 19
47 20
48 16
48 17
48 18
48 19
48 20
49 16
49 17
49 18
49 19
0
No
0
Yes
31 29
31 30
31 31
31 32
31 33
31 34
31 35
31 36
32 29
32 30
32 31
32 32
32 33
32 34
32 35
32 36
33 29
33 30
33 31
33 32
33 33
33 34
33 35
33 36
34 29
34 30
34 31
34 32
34 33
34 34
34 35
34 36
35 29
35 30
35 31
35 32
35 33
35 34
35 35
35 36
36 29
36 30
36 31
36 32
36 33
36 34
36 35
36 36
37 29
37 30
0
Yes
18 16
18 17
18 18
18 19
18 20
18 21
18 22
18 23
19 16
19 17
19 18
19 19
19 20
19 21
19 22
19 23
20 16
20 17
20 18
20 19
20 20
20 21
20 22
20 23
21 16
21 17
21 18
21 19
21 20
21 21
21 22
21 23
22 16
22 17
22 18
22 19
22 20
22 21
0
Yes
16 8
15 8
15 7
16 7
15 9
16 6
15 6
14 7
14 8
14 6
13 8
13 7
13 6
13 9
15 5
14 5
16 5
13 5
12 7
12 8
12 6
12 9
12 5
12 10
14 4
13 4
12 4
11 8
11 7
11 9
11 6
11 5
11 10
11 4
11 11
12 11
13 11
13 3
12 3
14 3
11 3
15 3
10 7
10 8
10 9
10 6
10 10
10 11
15 2
14 2
13 2
12 2
9 8
9 7
9 9
9 10
9 6
9 11
10 12
9 12
14 1
15 1
9 5
8 7
8 8
8 9
8 6
8 10
8 11
8 12
15 0
14 0
9 13
8 13
7 8
7 7
7 9
7 10
7 11
7 12
7 6
7 13
7 5
6 7
6 8
6 9
6 6
6 5
6 4
5 8
5 7
5 6
5 5
5 4
4 7
4 6
4 5
4 8
4 4
0
Yes
37 38
36 38
36 37
36 39
37 39
38 39
37 40
36 40
38 40
35 37
35 38
35 39
35 40
39 40
39 39
34 38
34 39
34 37
34 40
36 41
37 41
38 41
35 41
39 41
34 41
40 39
40 40
40 41
40 38
41 38
41 39
41 40
41 41
33 37
33 38
33 39
33 40
33 41
38 42
39 42
40 42
41 42
32 38
32 39
32 40
32 37
32 41
34 42
33 42
32 42
42 39
42 40
42 41
42 38
42 42
40 43
41 43
43 38
43 39
43 40
43 41
43 42
31 37
31 38
31 39
31 40
0
No
0
No
0
Yes
23 32
22 32
22 31
23 31
22 33
23 33
24 31
24 32
24 33
25 32
25 31
25 33
21 31
21 30
22 30
25 34
22 29
21 29
26 31
26 32
26 33
26 34
20 30
20 31
20 29
27 32
27 33
27 31
27 34
19 31
19 30
19 29
21 28
20 28
22 28
19 28
23 28
27 30
23 27
22 27
21 27
20 27
19 27
27 35
24 27
28 31
28 32
28 33
28 34
28 30
28 35
18 30
18 29
18 28
18 31
18 27
28 29
27 29
26 29
26 28
27 28
28 28
25 28
25 27
26 27
29 32
29 31
29 33
29 30
29 34
29 29
29 35
29 28
22 26
21 26
20 26
19 26
18 26
24 26
25 26
28 36
27 36
29 36
17 29
17 30
17 28
17 27
17 26
30 31
30 32
30 33
30 30
30 34
30 29
30 35
30 28
30 36
21 25
20 25
19 25
18 25
17 25
29 27
30 27
29 37
28 37
30 37
16 28
16 29
16 27
16 26
20 24
19 24
18 24
21 24
31 28
31 27
30 38
29 38
15 27
15 28
0
No
0
Yes
23 39
23 40
24 39
24 40
0
Yes
27 39
27 40
28 39
28 40
0
No
0
Yes
27 46
27 47
26 46
26 47
28 46
28 47
27 45
27 48
26 45
26 48
28 45
25 46
25 47
29 46
29 47
25 45
25 48
27 44
29 45
29 48
26 44
28 44
24 46
24 47
30 46
30 47
25 44
25 49
29 44
24 45
24 48
30 45
30 48
27 43
26 43
28 43
24 44
24 49
30 44
23 46
23 47
25 43
29 43
31 46
31 47
23 45
23 48
31 45
31 48
24 43
30 43
23 44
23 49
31 44
31 49
22 46
22 47
32 46
32 47
22 45
22 48
32 45
32 48
23 43
31 43
22 44
22 49
32 44
32 49
21 46
21 47
33 46
33 47
22 43
32 43
21 45
21 48
33 45
33 48
21 49
33 44
33 49
33 43
20 47
0
Yes
0 30
0 31
0 32
0 33
0 34
0 35
0 36
0 37
0 38
1 30
1 31
1 32
1 33
1 34
1 35
1 36
1 37
1 38
2 30
2 31
2 32
2 33
2 34
2 35
2 36
2 37
2 38
3 30
3 31
3 32
3 33
3 34
3 35
3 36
3 37
3 38
4 30
4 31
4 32
4 33
4 34
4 35
4 36
4 37
4 38
5 30
5 31
5 32
5 33
5 34
5 35
5 36
5 37
5 38
0
Yes
40 11
40 12
39 11
39 12
41 11
41 12
40 10
40 13
39 10
39 13
41 10
41 13
38 11
38 12
42 11
42 12
38 13
40 9
40 14
42 10
42 13
39 9
39 14
41 9
41 14
37 12
38 14
42 9
42 14
37 13
40 8
40 15
39 8
39 15
41 8
41 15
37 14
38 8
38 15
42 8
40 7
40 16
37 8
37 15
39 7
39 16
41 7
41 16
38 7
38 16
42 7
42 16
37 7
37 16
40 6
40 17
39 6
39 17
41 6
41 17
38 6
38 17
42 6
42 17
37 6
37 17
40 5
39 5
38 5
37 5
0
No
0
Yes
45 0
45 1
45 2
45 3
45 4
46 0
46 1
46 2
46 3
46 4
47 0
47 1
47 2
47 3
47 4
48 0
48 1
48 2
48 3
48 4
49 0
49 1
49 2
49 3
49 4
0
Yes
29 46
29 47
28 46
28 47
30 46
30 47
29 45
29 48
28 45
30 45
30 48
27 46
27 47
31 46
31 47
27 45
27 48
29 44
31 45
31 48
28 44
30 44
26 46
26 47
32 46
32 47
27 44
31 44
31 49
26 45
26 48
32 45
32 48
29 43
28 43
30 43
26 44
32 44
32 49
25 46
25 47
27 43
31 43
33 46
33 47
25 45
25 48
33 45
33 48
26 43
32 43
25 44
25 49
33 44
33 49
24 46
24 47
34 46
34 47
24 45
24 48
34 45
34 48
25 43
33 43
24 44
24 49
34 49
23 46
23 47
35 46
35 47
24 43
23 45
23 48
35 45
35 48
23 44
23 49
35 49
23 43
22 46
22 47
36 46
36 47
22 45
22 48
36 48
22 44
22 49
36 49
22 43
21 46
21 47
21 45
21 48
21 49
0
Yes
46 5
46 6
46 7
46 8
46 9
46 10
47 5
47 6
47 7
47 8
47 9
47 10
48 5
48 6
48 7
48 8
48 9
48 10
49 5
49 6
49 7
49 8
49 9
0
No
0
Yes
31 29
31 30
31 31
31 32
31 33
31 34
31 35
31 36
31 37
31 38
32 29
32 30
32 31
32 32
32 33
32 34
32 35
32 36
32 37
32 38
33 29
33 30
33 31
33 32
33 33
33 34
33 35
33 36
33 37
33 38
34 29
34 30
34 31
34 32
34 33
34 34
34 35
34 36
34 37
34 38
35 29
35 30
35 31
35 32
35 33
35 34
35 35
35 36
35 37
35 38
36 29
36 30
36 31
36 32
36 33
36 34
36 35
36 36
0
Yes
25 22
25 23
25 24
26 22
26 23
26 24
27 22
27 23
27 24
0
Yes
29 22
29 23
30 22
30 23
31 22
31 23
0
Yes
27 39
27 40
28 39
28 40
0
Yes
41 40
41 41
40 40
40 41
42 40
42 41
41 39
41 42
40 39
40 42
42 39
42 42
39 40
39 41
43 40
43 41
39 39
39 42
41 38
43 39
43 42
40 38
42 38
38 40
38 41
44 40
44 41
43 38
38 39
38 42
44 39
44 42
44 38
37 40
37 41
45 40
45 41
37 39
45 42
0
Yes
46 38
45 38
45 37
46 37
47 37
47 38
47 39
46 36
45 36
44 37
44 36
45 35
46 35
44 35
46 34
45 34
44 34
47 34
43 35
43 34
45 33
46 33
44 33
47 33
43 33
48 33
48 34
48 35
42 34
42 35
42 33
46 32
45 32
47 32
44 32
48 32
49 32
49 33
47 31
46 31
48 31
49 31
42 32
41 32
41 31
42 31
47 40
48 40
48 41
47 41
49 41
49 40
49 39
49 42
48 42
43 37
49 43
49 44
49 45
48 45
48 46
49 46
49 47
48 47
47 45
46 45
46 46
45 46
45 45
44 45
44 44
43 45
42 45
42 44
41 44
41 45
41 43
40 43
40 44
42 46
41 46
40 46
41 47
40 47
39 47
39 46
40 48
41 48
39 48
41 49
40 49
39 49
38 49
41 30
40 30
40 29
41 29
42 29
42 28
41 28
40 28
43 28
39 29
39 28
43 27
42 27
41 27
40 27
39 27
38 28
38 29
38 27
38 30
37 30
37 29
37 28
40 26
39 26
38 26
39 25
40 25
38 25
0
Yes
17 8
17 9
17 10
18 8
18 9
18 10
19 8
0
No
0
Yes
32 29
32 30
32 31
32 32
32 33
32 34
32 35
32 36
32 37
33 29
33 30
33 31
33 32
33 33
33 34
33 35
33 36
33 37
34 29
34 30
34 31
34 32
34 33
34 34
34 35
34 36
34 37
35 29
35 30
35 31
35 32
35 33
35 34
35 35
35 36
35 37
36 29
36 30
36 31
36 32
36 33
36 34
36 35
36 36
0
Yes
13 34
13 35
13 36
13 37
13 38
14 34
14 35
14 36
14 37
14 38
15 34
15 35
15 36
15 37
15 38
16 34
16 35
16 36
16 37
16 38
0
No
0
No
0
Yes
29 38
29 37
28 37
30 37
30 38
30 39
31 38
31 37
31 39
28 36
29 36
30 36
31 36
27 36
31 40
29 35
28 35
30 35
27 35
31 35
32 37
32 38
32 39
32 36
32 40
32 35
33 38
33 37
33 39
33 36
33 40
33 35
28 34
29 34
30 34
31 34
32 34
27 34
33 34
32 41
33 41
26 34
29 33
28 33
30 33
27 33
31 33
32 33
26 33
33 33
34 37
34 38
34 39
34 36
34 40
34 35
34 34
34 41
34 33
33 42
32 42
34 42
31 42
35 38
35 37
35 39
35 36
35 40
35 35
35 41
35 34
35 33
28 32
29 32
30 32
27 32
31 32
32 32
33 32
34 32
26 32
35 32
25 33
25 34
25 32
25 35
24 35
29 31
28 31
30 31
27 31
31 31
26 31
32 31
33 31
34 31
25 31
35 31
36 37
36 38
36 39
36 36
36 40
36 35
36 34
36 33
36 32
36 41
36 31
24 32
24 33
24 31
23 33
23 32
23 31
37 38
28 30
29 30
30 30
27 30
31 30
32 30
33 30
34 30
35 30
36 30
0
Yes
19 31
20 31
19 30
19 32
20 30
20 32
18 31
21 31
18 30
18 32
21 30
21 32
19 29
19 33
20 29
20 33
18 29
18 33
21 29
21 33
22 31
17 30
17 32
22 30
22 32
19 28
19 34
20 28
20 34
17 29
17 33
22 29
22 33
18 28
18 34
21 28
21 34
17 28
17 34
22 28
22 34
16 29
16 33
19 27
19 35
20 27
20 35
18 27
18 35
21 27
21 35
16 28
17 27
17 35
22 27
19 26
19 36
20 26
20 36
18 26
18 36
21 26
21 36
16 27
17 26
17 36
22 26
19 25
19 37
20 25
20 37
16 26
18 25
18 37
21 25
17 25
17 37
19 24
20 24
18 24
21 24
0
Yes
0 30
0 31
0 32
0 33
0 34
0 35
0 36
1 30
1 31
1 32
1 33
1 34
1 35
1 36
2 30
2 31
2 32
2 33
2 34
2 35
2 36
3 30
3 31
3 32
3 33
3 34
3 35
3 36
4 30
4 31
4 32
4 33
4 34
4 35
4 36
5 30
5 31
5 32
5 33
0
No
0
Yes
7 9
7 10
7 11
7 12
7 13
7 14
8 9
8 10
8 11
8 12
8 13
8 14
9 9
9 10
9 11
9 12
9 13
9 14
10 9
10 10
10 11
10 12
0
Yes
27 29
27 30
27 31
27 32
27 33
27 34
27 35
27 36
28 29
28 30
28 31
28 32
28 33
28 34
28 35
28 36
29 29
29 30
29 31
29 32
29 33
29 34
29 35
29 36
30 29
30 30
30 31
30 32
30 33
30 34
30 35
30 36
31 29
31 30
31 31
31 32
31 33
31 34
31 35
31 36
32 29
32 30
32 31
32 32
32 33
32 34
32 35
32 36
33 29
33 30
33 31
33 32
33 33
33 34
33 35
33 36
34 29
34 30
34 31
34 32
34 33
34 34
34 35
34 36
35 29
35 30
35 31
35 32
35 33
35 34
35 35
35 36
36 29
36 30
36 31
36 32
36 33
36 34
36 35
36 36
0
Yes
28 47
27 47
27 46
28 46
27 48
29 46
29 47
29 48
28 45
27 45
29 45
30 47
30 46
30 48
30 45
26 46
26 47
26 48
26 45
25 47
25 46
25 48
25 45
27 44
28 44
29 44
26 44
30 44
25 44
31 46
31 47
31 45
31 48
31 44
25 49
31 49
28 43
27 43
29 43
26 43
30 43
25 43
31 43
32 47
32 46
32 48
32 45
32 44
32 49
32 43
24 46
24 47
24 48
24 45
24 44
24 49
24 43
23 47
23 46
23 48
23 45
23 44
23 49
23 43
27 42
28 42
29 42
26 42
33 46
33 47
33 48
33 45
33 44
33 49
33 43
31 42
32 42
33 42
28 41
27 41
29 41
26 41
34 47
34 46
34 48
34 45
34 49
22 46
22 47
22 48
22 45
22 44
22 49
22 43
24 42
23 42
21 47
21 46
21 48
21 45
21 49
27 40
28 40
35 46
35 47
35 48
35 45
35 49
32 41
33 41
23 41
24 41
34 42
34 41
28 39
27 39
36 47
36 46
36 48
36 49
20 48
20 47
20 49
0
Yes
15 13
15 14
15 15
15 16
15 17
16 13
16 14
16 15
16 16
16 17
17 13
17 14
17 15
17 16
17 17
18 13
18 14
18 15
18 16
18 17
19 13
19 14
19 15
19 16
19 17
20 13
20 14
20 15
20 16
20 17
21 13
21 14
21 15
21 16
0
Yes
0 3
0 4
0 5
0 6
0 7
1 3
1 4
1 5
1 6
1 7
2 3
2 4
2 5
2 6
2 7
0
Yes
35 18
35 19
36 18
36 19
37 18
37 19
38 18
0
Yes
23 5
23 6
23 7
23 8
23 9
23 10
24 5
24 6
24 7
24 8
24 9
24 10
25 5
25 6
25 7
25 8
25 9
25 10
26 5
26 6
26 7
26 8
26 9
26 10
27 5
27 6
27 7
27 8
27 9
27 10
28 5
28 6
28 7
28 8
28 9
28 10
29 5
29 6
29 7
29 8
29 9
29 10
30 5
30 6
30 7
30 8
30 9
30 10
0
Yes
27 46
27 47
26 46
26 47
28 46
28 47
27 45
27 48
26 45
26 48
28 45
25 46
25 47
29 46
29 47
25 45
25 48
27 44
29 45
29 48
26 44
28 44
24 46
24 47
30 46
30 47
25 44
25 49
29 44
24 45
24 48
30 45
30 48
27 43
26 43
28 43
24 44
24 49
30 44
23 46
23 47
25 43
29 43
31 46
31 47
23 45
23 48
31 45
31 48
24 43
30 43
23 44
23 49
31 44
31 49
22 46
22 47
32 46
32 47
22 45
22 48
32 45
32 48
23 43
31 43
22 44
22 49
32 44
32 49
21 46
21 47
33 46
33 47
22 43
32 43
21 45
21 48
33 45
33 48
21 49
33 44
33 49
33 43
20 47
20 48
20 49
0
Yes
19 31
20 31
19 30
19 32
20 30
20 32
18 31
21 31
18 30
18 32
21 30
21 32
19 29
19 33
20 29
20 33
18 29
18 33
21 29
21 33
22 31
17 30
17 32
22 30
22 32
19 28
19 34
20 28
20 34
17 29
17 33
22 29
22 33
18 28
18 34
21 28
21 34
17 28
17 34
22 28
22 34
16 29
16 33
19 27
19 35
20 27
20 35
18 27
18 35
21 27
21 35
16 28
17 27
17 35
22 27
19 26
19 36
20 26
20 36
18 26
18 36
21 26
21 36
16 27
17 26
17 36
22 26
19 25
20 25
16 26
18 25
21 25
17 25
0
Yes
13 9
12 9
12 8
13 8
12 10
14 8
13 7
12 7
14 7
11 8
11 9
11 10
11 7
11 11
12 11
13 11
15 7
15 8
15 9
12 6
13 6
14 6
11 6
15 6
16 8
16 7
16 6
10 7
10 8
10 6
13 5
12 5
14 5
11 5
15 5
16 5
9 8
9 7
9 6
12 4
13 4
14 4
11 4
8 7
8 8
8 6
9 5
13 3
12 3
14 3
11 3
7 8
7 7
7 6
15 3
12 2
13 2
14 2
15 2
7 5
6 7
6 6
6 8
6 5
6 9
5 8
5 7
5 6
5 5
14 1
15 1
6 4
5 4
4 7
4 6
4 5
4 8
4 4
4 9
15 0
14 0
3 9
3 8
3 7
3 6
3 5
3 4
3 10
4 10
4 11
3 11
3 12
4 12
4 3
2 8
2 9
2 10
2 12
2 13
3 13
3 14
2 14
4 14
4 15
3 15
1 13
1 14
1 15
0 14
0 13
0 12
14 11
14 12
15 12
15 10
17 8
17 9
18 9
18 8
18 10
17 10
19 8
19 9
19 7
20 9
20 10
16 3
4 2
4 16
5 16
5 17
4 17
0
Yes
38 40
37 40
37 39
38 39
37 41
38 41
39 39
39 40
39 41
38 42
39 42
40 40
40 41
40 39
40 42
36 39
36 40
36 41
36 38
37 38
40 38
35 40
35 39
35 41
35 38
41 39
41 40
41 41
41 38
41 42
42 40
42 39
42 41
42 38
42 42
34 39
34 40
34 41
34 38
35 37
36 37
34 37
34 42
33 40
33 39
33 41
33 38
33 42
33 37
43 39
43 40
43 41
43 38
43 42
44 40
44 39
44 41
44 38
44 42
32 39
32 40
32 41
32 38
32 42
32 37
31 40
31 39
31 38
31 37
45 41
45 40
0
Yes
31 34
31 35
32 34
32 35
30 34
30 35
31 33
31 36
32 33
32 36
33 34
33 35
30 33
30 36
33 33
33 36
29 34
29 35
31 32
31 37
32 32
32 37
34 34
34 35
29 33
29 36
30 32
30 37
33 32
33 37
34 33
34 36
28 34
28 35
29 32
29 37
31 31
31 38
32 31
32 38
34 32
34 37
35 34
35 35
28 33
28 36
30 31
30 38
33 31
33 38
35 33
35 36
28 32
28 37
29 31
29 38
34 31
34 38
35 32
35 37
27 34
27 35
31 30
31 39
32 30
32 39
36 34
36 35
27 33
27 36
30 30
30 39
33 30
33 39
36 33
36 36
28 31
35 31
35 38
27 32
29 30
34 30
34 39
36 32
36 37
26 34
31 29
31 40
32 29
32 40
26 33
27 31
28 30
30 29
33 29
33 40
35 30
35 39
36 31
36 38
26 32
29 29
34 29
34 40
27 30
36 30
36 39
26 31
28 29
31 28
32 28
35 29
35 40
30 28
33 28
29 28
34 28
27 29
36 29
36 40
28 28
26 29
27 28
26 28
0
Yes
7 26
6 26
6 25
7 25
8 25
8 26
8 27
7 24
6 24
8 24
5 25
5 26
5 24
9 27
9 24
6 23
7 23
8 23
9 23
7 22
8 22
6 22
9 22
5 22
10 22
6 21
7 21
8 21
9 21
5 21
4 21
4 22
7 20
6 20
8 20
5 20
9 20
4 20
6 19
7 19
8 19
5 19
4 19
3 20
7 18
6 18
5 18
8 18
9 18
6 17
7 17
7 16
6 16
8 16
8 15
7 15
9 15
4 25
10 27
3 25
3 26
2 26
2 25
2 27
1 25
1 26
1 27
1 24
1 28
2 28
3 28
3 29
2 29
1 29
0 26
0 25
0 27
0 28
0 24
0 29
0 23
1 23
2 23
4 28
11 22
0 22
10 15
11 15
11 16
12 16
12 15
12 17
13 17
13 16
13 15
13 18
12 18
12 19
11 18
0
Yes
22 8
22 9
23 9
23 8
23 7
24 8
24 7
24 9
23 10
24 10
24 6
23 6
22 6
22 5
23 5
24 5
21 5
25 7
25 8
25 9
25 6
25 10
25 5
24 11
25 11
26 8
26 7
26 9
26 6
26 10
26 5
26 11
21 4
22 4
23 4
24 4
25 4
20 4
22 3
21 3
23 3
25 12
26 12
27 7
27 8
27 9
27 6
27 10
27 11
27 5
27 12
28 8
28 7
28 9
28 6
28 10
28 11
28 5
28 12
21 2
22 2
20 2
26 13
27 13
25 13
28 13
27 4
25 14
22 1
21 1
20 1
23 1
29 7
29 8
29 9
29 6
29 10
29 11
29 12
29 5
29 13
19 1
19 2
18 2
18 1
18 3
27 14
30 8
30 7
30 9
30 6
30 10
30 11
30 5
21 0
22 0
20 0
19 0
23 0
18 0
29 4
30 4
17 1
17 0
31 7
31 6
31 5
31 4
31 9
31 10
0
No
0
Yes
8 39
7 39
8 38
8 40
9 39
7 38
7 40
9 38
9 40
6 39
8 37
8 41
10 39
6 38
7 37
7 41
9 37
9 41
10 38
10 40
6 37
6 41
10 37
10 41
5 39
8 36
8 42
5 38
7 36
7 42
9 36
9 42
5 37
6 36
6 42
10 36
10 42
8 35
8 43
7 35
7 43
9 35
9 43
5 36
6 35
6 43
10 35
10 43
5 35
8 34
7 34
9 34
6 34
10 34
5 34
0
Yes
45 48
45 49
46 48
46 49
0
Yes
18 0
18 1
18 2
19 0
19 1
19 2
20 0
20 1
20 2
21 0
21 1
21 2
22 0
22 1
22 2
23 0
23 1
0
Yes
39 46
39 47
39 48
39 49
40 46
40 47
40 48
40 49
41 46
41 47
41 48
41 49
42 46
0
Yes
32 33
31 33
32 32
32 34
33 33
31 32
31 34
33 32
33 34
30 33
32 31
32 35
34 33
30 32
30 34
31 31
31 35
33 31
33 35
34 32
34 34
30 31
30 35
34 31
34 35
29 33
32 30
32 36
35 33
29 32
29 34
31 30
31 36
33 30
33 36
35 32
35 34
29 31
29 35
30 30
30 36
34 30
34 36
35 31
35 35
28 33
32 29
32 37
36 33
28 32
28 34
31 29
31 37
33 29
33 37
36 32
36 34
29 30
29 36
35 30
35 36
28 31
28 35
30 29
30 37
34 29
34 37
36 31
36 35
27 33
28 30
28 36
29 29
29 37
32 28
35 29
35 37
36 30
36 36
27 32
27 34
31 28
33 28
27 31
27 35
30 28
34 28
28 29
28 37
36 29
36 37
27 30
27 36
0
Yes
37 28
37 29
37 30
38 28
38 29
38 30
0
No
0
Yes
48 45
48 46
48 47
48 48
48 49
49 45
49 46
49 47
49 48
49 49
0
Yes
28 39
27 39
27 40
28 40
28 41
27 41
29 41
26 41
27 42
28 42
29 42
26 42
28 43
27 43
29 43
26 43
30 43
25 43
27 44
28 44
29 44
26 44
30 44
25 44
31 44
31 43
31 42
32 42
32 43
32 44
32 41
33 41
33 42
33 43
33 44
33 40
32 40
31 40
31 39
32 39
33 39
30 39
30 38
31 38
32 38
33 38
29 38
28 45
27 45
29 45
26 45
30 45
31 45
32 45
25 45
33 45
34 39
34 40
34 41
34 42
34 38
24 44
24 43
24 45
24 42
23 42
23 43
23 44
23 45
23 41
24 41
24 40
23 40
23 39
24 39
27 46
28 46
29 46
26 46
30 46
25 46
31 46
24 46
32 46
23 46
33 46
35 38
35 39
35 40
35 41
22 43
22 44
22 45
22 46
28 47
27 47
29 47
26 47
30 47
25 47
31 47
24 47
32 47
23 47
33 47
22 47
36 39
36 40
36 38
36 41
34 45
34 46
34 47
27 48
26 48
25 48
24 48
23 48
22 48
29 48
30 48
31 48
32 48
33 48
34 48
37 38
37 39
37 40
37 41
21 45
21 46
21 47
0
Yes
46 16
46 17
46 18
46 19
46 20
47 16
47 17
47 18
47 19
47 20
48 16
48 17
48 18
48 19
48 20
49 16
49 17
49 18
49 19
49 20
0
No
0
Yes
46 0
46 1
46 2
46 3
46 4
47 0
47 1
47 2
47 3
47 4
48 0
48 1
48 2
48 3
48 4
49 0
49 1
49 2
49 3
49 4
0
Yes
7 0
7 1
7 2
8 0
8 1
8 2
9 0
9 1
0
No
0
Yes
27 46
27 47
26 46
26 47
28 46
28 47
27 45
27 48
26 45
26 48
28 45
25 46
25 47
29 46
29 47
25 45
25 48
27 44
29 45
29 48
26 44
28 44
24 46
24 47
30 46
30 47
25 44
25 49
29 44
24 45
24 48
30 45
30 48
27 43
26 43
28 43
24 44
24 49
30 44
23 46
23 47
25 43
29 43
31 46
31 47
23 45
23 48
31 45
31 48
24 43
30 43
23 44
23 49
31 44
31 49
22 46
22 47
32 46
32 47
22 45
22 48
32 45
32 48
23 43
31 43
22 44
22 49
32 44
32 49
21 46
21 47
33 46
33 47
22 43
32 43
21 45
21 48
33 45
33 48
21 49
33 44
33 49
33 43
20 47
20 48
20 49
0
Yes
23 39
23 40
24 39
24 40
0
Yes
35 18
35 19
36 18
36 19
37 18
37 19
38 18
0
Yes
38 39
38 40
38 41
38 42
39 39
39 40
39 41
39 42
40 39
40 40
40 41
40 42
41 39
41 40
41 41
41 42
42 39
42 40
42 41
42 42
43 39
43 40
43 41
43 42
44 39
44 40
44 41
44 42
0
Yes
23 21
22 21
22 20
23 20
23 19
22 19
21 20
21 21
21 19
21 22
24 19
20 21
20 20
20 22
20 19
22 18
21 18
20 18
20 23
21 23
21 24
20 24
19 20
19 21
19 22
19 19
19 23
19 18
19 24
21 17
20 17
22 17
19 17
18 21
18 20
18 22
18 19
18 23
18 18
18 24
18 17
20 25
19 25
21 25
18 25
22 16
21 16
20 16
19 16
18 16
21 26
20 26
19 26
18 26
22 26
22 27
21 27
20 27
19 27
18 27
23 27
17 19
17 18
17 17
17 16
17 23
21 15
20 15
19 15
18 15
22 15
17 15
23 15
23 14
23 28
22 28
21 28
20 28
19 28
18 28
17 25
17 26
17 27
17 28
16 18
16 17
16 16
16 15
20 14
21 14
19 14
18 14
17 14
16 14
22 29
21 29
20 29
19 29
18 29
17 29
21 13
20 13
19 13
18 13
17 13
16 13
16 26
16 27
16 28
16 29
15 17
15 16
15 15
15 14
15 13
21 30
20 30
19 30
18 30
17 30
22 30
20 12
19 12
15 27
15 28
22 31
21 31
20 31
19 31
18 31
23 31
14 16
0
Yes
31 29
31 30
31 31
31 32
31 33
31 34
31 35
31 36
31 37
32 29
32 30
32 31
32 32
32 33
32 34
32 35
32 36
32 37
33 29
33 30
33 31
33 32
33 33
33 34
33 35
33 36
33 37
34 29
34 30
34 31
34 32
34 33
34 34
34 35
34 36
34 37
35 29
35 30
35 31
35 32
35 33
35 34
35 35
35 36
35 37
36 29
36 30
36 31
36 32
36 33
36 34
36 35
36 36
36 37
0
Yes
30 29
30 30
30 31
30 32
30 33
30 34
30 35
30 36
30 37
31 29
31 30
31 31
31 32
31 33
31 34
31 35
31 36
31 37
32 29
32 30
32 31
32 32
32 33
32 34
32 35
32 36
32 37
33 29
33 30
33 31
33 32
33 33
33 34
33 35
33 36
33 37
34 29
34 30
34 31
34 32
34 33
34 34
34 35
34 36
34 37
35 29
35 30
35 31
35 32
35 33
35 34
35 35
35 36
35 37
36 29
36 30
36 31
36 32
36 33
36 34
36 35
36 36
36 37
0
Yes
24 5
24 6
24 7
24 8
24 9
24 10
24 11
25 5
25 6
25 7
25 8
25 9
25 10
25 11
26 5
26 6
26 7
26 8
26 9
26 10
26 11
27 5
27 6
27 7
27 8
27 9
27 10
27 11
28 5
28 6
28 7
28 8
28 9
28 10
28 11
29 5
29 6
29 7
29 8
29 9
29 10
29 11
30 5
30 6
30 7
30 8
30 9
30 10
30 11
0
Yes
32 33
32 34
31 33
31 34
33 33
33 34
32 32
32 35
31 32
31 35
33 32
33 35
30 33
30 34
34 33
34 34
30 32
30 35
32 31
32 36
34 32
34 35
31 31
31 36
33 31
33 36
29 33
29 34
35 33
35 34
30 31
30 36
34 31
34 36
29 32
29 35
35 32
35 35
32 30
32 37
31 30
31 37
33 30
33 37
29 31
29 36
35 31
35 36
28 33
28 34
30 30
30 37
34 30
34 37
36 33
36 34
28 32
28 35
36 32
36 35
32 29
32 38
29 30
29 37
31 29
31 38
33 29
33 38
35 30
35 37
28 31
28 36
36 31
36 36
30 29
30 38
34 29
34 38
27 33
27 34
27 32
27 35
28 30
28 37
36 30
36 37
29 29
29 38
35 29
35 38
32 28
27 31
27 36
31 28
33 28
30 28
34 28
28 29
36 29
36 38
27 30
29 28
27 29
0
Yes
18 0
18 1
18 2
19 0
19 1
19 2
20 0
20 1
20 2
21 0
21 1
21 2
22 0
22 1
22 2
23 0
23 1
0
Yes
17 34
16 34
16 33
17 33
16 35
17 35
18 33
18 34
18 35
17 32
18 32
17 36
16 36
18 36
19 34
19 33
19 35
19 32
19 36
15 33
15 34
15 35
15 36
15 32
14 34
14 35
14 36
16 37
17 37
18 37
15 37
19 37
14 37
20 33
20 34
20 35
20 36
20 32
20 37
21 34
21 33
21 35
21 36
21 32
13 35
13 36
13 34
13 37
13 33
18 38
15 38
16 38
14 38
13 38
12 34
12 35
12 36
12 37
12 33
20 38
22 33
22 34
22 32
21 38
11 33
11 34
11 35
11 36
23 32
23 33
0
Yes
7 6
7 7
7 8
7 9
7 10
7 11
7 12
8 6
8 7
8 8
8 9
8 10
8 11
8 12
9 6
9 7
9 8
9 9
9 10
9 11
9 12
10 6
10 7
10 8
10 9
10 10
10 11
10 12
0
Yes
42 0
42 1
42 2
43 0
43 1
43 2
44 0
44 1
44 2
45 0
45 1
45 2
0
Yes
3 11
3 10
2 10
4 10
4 11
4 12
3 12
2 12
3 13
2 13
2 9
3 9
4 9
1 13
3 8
2 8
4 8
2 14
3 14
1 14
4 14
5 8
3 15
4 15
4 7
3 7
5 7
0 14
0 13
0 12
1 15
3 6
4 6
5 6
6 7
6 8
6 6
6 9
4 16
5 16
4 5
5 5
3 5
6 5
5 17
4 17
6 17
6 16
7 16
7 17
7 15
8 15
8 16
8 14
7 14
7 13
8 13
9 13
9 14
9 15
3 4
4 4
5 4
6 4
7 5
6 18
5 18
7 18
4 3
10 15
5 19
6 19
7 19
4 19
8 18
8 19
4 20
5 20
6 20
7 20
8 20
3 20
5 21
4 21
6 21
7 21
8 21
9 20
9 21
4 22
5 22
6 22
7 22
8 22
9 22
6 23
7 23
8 23
9 23
10 22
7 24
8 24
6 24
9 24
5 24
5 25
6 25
7 25
8 25
4 25
6 26
5 26
7 26
8 26
8 27
9 27
11 15
11 16
12 16
12 15
13 15
13 16
12 17
13 17
13 18
12 18
11 18
12 19
4 2
9 18
4 1
3 1
5 1
3 0
4 0
5 0
2 0
6 0
6 1
1 0
0 0
0 1
11 22
3 25
0
No
0
Yes
11 3
11 4
12 4
12 3
12 2
13 3
13 2
13 4
12 5
11 5
13 5
11 6
12 6
13 6
14 2
14 3
14 4
14 5
14 6
14 1
15 3
15 2
15 1
12 7
13 7
11 7
14 7
15 5
15 6
15 7
11 8
12 8
13 8
14 8
15 8
15 0
14 0
16 6
16 7
16 5
16 8
12 9
13 9
11 9
0
Yes
49 33
48 33
48 32
49 32
48 34
49 31
48 31
47 32
47 33
47 34
47 31
46 33
46 32
46 34
46 31
46 35
45 32
45 33
45 34
45 35
44 33
44 34
44 32
44 35
45 36
46 36
44 36
46 37
45 37
44 37
47 37
47 38
46 38
45 38
44 38
43 34
43 33
43 35
42 33
42 34
42 35
42 32
43 37
43 38
41 32
41 31
42 31
42 38
48 35
47 39
47 40
48 40
48 41
47 41
49 41
49 40
49 39
49 42
48 42
41 30
40 30
40 29
41 29
42 29
42 28
41 28
40 28
43 28
43 27
42 27
41 27
40 27
39 29
39 28
39 27
40 26
39 26
38 28
38 27
38 29
38 26
38 30
37 30
37 29
37 28
39 25
40 25
38 25
40 24
0
No
0
Yes
23 39
23 40
23 41
23 42
24 39
24 40
24 41
0
No
0
Yes
45 45
45 46
46 45
46 46
47 45
0
Yes
46 9
47 9
46 8
46 10
47 8
47 10
48 9
48 8
48 10
46 7
46 11
47 7
47 11
45 7
45 11
48 7
48 11
49 9
49 8
49 10
46 6
46 12
47 6
47 12
44 7
44 8
44 9
44 10
44 11
49 7
49 11
45 6
45 12
48 6
43 9
43 8
43 10
44 12
49 6
43 7
43 11
46 5
47 5
45 5
48 5
43 12
0
No
0
No
0
Yes
39 0
39 1
39 2
39 3
39 4
40 0
40 1
40 2
40 3
40 4
41 0
41 1
41 2
41 3
0
No
0
No
0
No
0
Yes
15 2
14 2
14 1
15 1
14 3
15 3
16 3
15 0
14 0
13 3
13 2
13 4
14 4
12 2
12 3
12 4
14 5
13 5
12 5
15 5
15 6
14 6
13 6
12 6
11 3
11 4
11 5
11 6
16 6
16 5
14 7
15 7
13 7
12 7
16 7
11 7
15 8
14 8
13 8
12 8
16 8
11 8
17 8
13 9
12 9
11 9
17 9
18 9
18 8
19 8
19 9
19 7
12 10
11 10
18 10
17 10
0
Yes
45 45
45 46
46 45
46 46
47 45
0
Yes
46 27
46 26
45 26
47 26
44 26
44 25
44 24
43 24
43 23
44 23
42 23
42 24
41 24
41 23
42 22
43 22
41 22
43 21
42 21
41 21
40 23
40 22
40 24
40 25
39 25
39 26
40 26
40 27
39 27
41 27
41 28
40 28
39 28
42 28
42 27
43 27
43 28
42 29
41 29
40 29
39 29
41 30
40 30
38 27
38 26
38 28
38 25
38 29
42 20
43 20
41 20
44 20
44 19
43 19
42 19
41 19
45 19
45 20
45 21
38 30
39 22
37 26
37 28
37 29
37 30
45 18
44 18
43 18
42 18
40 20
40 19
44 17
43 17
43 16
41 31
42 31
42 32
41 32
42 33
43 33
43 34
42 34
44 34
44 33
44 32
45 32
45 33
45 34
46 33
46 32
46 34
46 31
47 31
47 32
47 33
47 34
48 32
48 33
48 31
48 34
49 31
49 32
49 33
46 35
45 35
44 35
43 35
42 35
48 35
45 36
44 36
46 36
0
No
0
Yes
25 22
25 23
25 24
26 22
26 23
26 24
27 22
27 23
27 24
0
Yes
28 46
28 47
27 46
27 47
29 46
29 47
28 45
27 45
27 48
29 45
29 48
26 46
26 47
30 46
30 47
26 45
26 48
28 44
30 45
30 48
27 44
29 44
25 46
25 47
31 46
31 47
26 44
30 44
25 45
25 48
31 45
31 48
28 43
27 43
29 43
25 44
25 49
31 44
31 49
24 46
24 47
26 43
30 43
32 46
32 47
24 45
24 48
32 45
32 48
25 43
31 43
24 44
24 49
32 44
32 49
23 46
23 47
33 46
33 47
23 45
23 48
33 45
33 48
24 43
32 43
23 44
23 49
33 44
33 49
22 46
22 47
34 46
34 47
23 43
33 43
22 45
22 48
34 45
34 48
22 44
22 49
34 49
22 43
21 46
21 47
21 45
21 48
0
No
0
No
0
No
0
Yes
35 47
35 48
35 49
36 47
36 48
36 49
37 47
37 48
37 49
0
Yes
35 18
35 19
36 18
36 19
37 18
37 19
38 18
0
Yes
2 4
2 5
2 6
2 7
2 8
3 4
3 5
3 6
3 7
3 8
4 4
4 5
4 6
4 7
4 8
5 4
5 5
5 6
5 7
5 8
6 4
6 5
6 6
6 7
6 8
0
Yes
35 39
35 40
35 41
36 39
36 40
36 41
37 39
37 40
37 41
0
Yes
23 5
23 6
23 7
23 8
23 9
23 10
24 5
24 6
24 7
24 8
24 9
24 10
25 5
25 6
25 7
25 8
25 9
25 10
26 5
26 6
26 7
26 8
26 9
26 10
27 5
27 6
27 7
27 8
27 9
27 10
28 5
28 6
28 7
28 8
28 9
28 10
29 5
29 6
29 7
29 8
29 9
29 10
30 5
30 6
30 7
30 8
30 9
30 10
0
Yes
31 16
31 17
31 18
32 16
32 17
32 18
33 16
33 17
33 18
0
Yes
29 32
28 32
28 31
29 31
28 33
29 33
30 31
30 32
30 33
29 30
28 30
30 30
29 34
28 34
30 34
31 32
31 31
31 33
31 30
31 34
27 31
27 32
27 33
27 30
27 34
26 32
26 31
26 33
26 34
28 29
29 29
30 29
27 29
31 29
28 35
29 35
30 35
27 35
31 35
32 31
32 32
32 33
32 30
32 34
32 29
32 35
29 28
28 28
30 28
31 28
27 28
32 28
29 36
28 36
30 36
31 36
27 36
32 36
33 32
33 31
33 33
33 30
33 34
33 29
33 35
33 28
33 36
25 31
25 32
25 33
25 34
26 29
26 28
24 32
24 33
24 31
25 35
28 37
29 37
30 37
31 37
32 37
33 37
30 27
29 27
31 27
32 27
34 31
34 32
34 33
34 30
34 34
34 29
34 35
34 36
34 28
34 37
25 28
24 35
26 27
25 27
29 38
30 38
31 38
32 38
33 38
34 38
35 32
35 31
35 33
35 30
35 34
35 29
35 35
35 36
35 37
35 38
23 33
23 32
22 32
22 33
24 27
30 39
31 39
32 39
33 39
34 39
36 31
36 32
36 33
36 30
36 34
36 35
36 36
36 37
36 29
36 38
25 26
24 26
22 34
21 33
21 32
21 34
31 40
32 40
33 40
34 40
37 30
37 29
0
Yes
47 31
47 32
47 33
48 31
48 32
48 33
49 31
49 32
49 33
0
Yes
12 36
12 37
13 36
13 37
11 36
12 35
13 35
13 38
14 36
14 37
11 35
14 35
14 38
10 36
10 37
12 34
13 34
15 36
15 37
10 35
10 38
11 34
14 34
15 35
15 38
9 36
9 37
10 34
10 39
12 33
13 33
15 34
15 39
16 36
16 37
9 35
9 38
11 33
16 35
16 38
9 34
9 39
10 33
15 33
16 34
8 36
8 37
17 36
17 37
8 35
8 38
17 35
9 33
16 33
8 34
8 39
17 34
7 36
7 37
18 36
18 37
7 35
7 38
8 33
17 33
18 35
18 38
7 34
7 39
18 34
6 36
6 37
7 33
18 33
19 36
19 37
6 35
6 38
19 35
6 34
6 39
19 34
6 33
19 33
5 36
5 37
5 35
5 38
5 34
5 39
0
Yes
15 14
15 13
16 13
16 14
16 15
15 15
15 16
16 16
17 14
17 15
17 13
17 16
14 16
17 12
16 17
15 17
17 17
18 13
18 14
18 15
18 16
18 17
19 14
19 15
19 16
19 13
19 17
17 18
16 18
18 18
19 18
19 12
20 13
20 14
20 15
20 16
20 17
20 12
20 18
18 19
17 19
19 19
20 19
21 14
21 13
21 15
21 16
21 17
21 18
21 19
22 15
22 16
22 17
22 18
22 19
19 20
18 20
20 20
21 20
22 20
18 21
19 21
20 21
21 21
22 21
17 21
19 22
18 22
20 22
21 22
23 19
23 20
23 21
18 23
19 23
20 23
21 23
17 23
19 24
18 24
20 24
21 24
23 22
18 25
19 25
20 25
21 25
17 25
24 22
17 26
18 26
19 26
20 26
21 26
16 26
24 23
16 27
17 27
18 27
19 27
20 27
21 27
15 27
22 26
22 27
15 28
16 28
17 28
18 28
19 28
20 28
21 28
22 28
14 28
16 29
17 29
18 29
19 29
20 29
21 29
22 29
23 27
23 28
17 30
18 30
19 30
20 30
21 30
22 30
0
Yes
8 6
8 7
8 8
8 9
8 10
9 6
9 7
9 8
9 9
9 10
10 6
10 7
10 8
10 9
10 10
0
Yes
3 20
4 20
4 19
4 21
5 19
5 20
5 21
5 18
5 22
4 22
6 20
6 19
6 21
6 18
6 22
7 19
7 20
7 21
7 18
7 22
6 17
5 17
7 17
4 17
4 16
5 16
6 16
7 16
6 23
7 23
8 20
8 19
8 21
8 18
8 22
8 23
7 24
6 24
8 24
5 24
5 25
6 25
7 25
8 25
4 25
9 21
9 20
9 22
9 23
9 24
9 18
7 15
8 16
8 15
6 26
5 26
7 26
8 26
10 22
0
Yes
37 28
38 28
38 27
38 29
39 27
39 28
39 29
39 26
38 26
37 26
40 28
40 27
40 29
40 26
38 25
39 25
40 25
40 30
41 27
41 28
41 29
41 30
40 24
41 31
42 28
42 29
42 27
41 24
42 31
43 27
43 28
41 23
40 23
42 32
41 32
40 22
41 22
39 22
42 23
42 24
42 22
43 24
43 23
43 22
41 21
42 21
43 21
44 23
44 24
44 25
44 26
45 26
42 20
41 20
43 20
40 20
40 19
41 19
42 19
43 19
44 20
44 19
42 18
43 18
44 18
45 19
45 20
45 18
45 21
46 20
46 19
46 18
43 17
44 17
47 19
47 20
47 18
47 21
48 21
48 20
48 19
48 18
48 22
46 17
47 17
48 17
49 20
49 21
49 19
49 18
49 17
47 16
48 16
46 16
49 16
38 30
42 33
43 33
43 34
42 34
42 35
43 35
44 34
44 33
44 35
44 32
45 32
45 33
45 34
0
Yes
45 42
44 42
44 41
45 41
45 40
44 40
43 41
43 42
43 40
42 42
42 41
42 40
44 39
43 39
42 39
41 41
41 40
41 42
41 39
41 43
43 38
42 38
44 38
41 38
45 38
40 42
40 41
40 40
40 39
40 43
40 38
45 37
44 37
43 37
46 37
46 38
47 38
47 37
47 39
40 44
41 44
42 44
42 45
41 45
43 45
41 46
42 46
39 41
39 42
39 40
39 39
44 36
45 36
46 36
40 46
38 42
38 41
38 40
38 39
45 35
46 35
38 43
40 37
40 47
41 47
41 48
40 48
42 48
42 49
41 49
40 49
43 49
43 48
39 47
39 48
39 46
39 49
37 41
37 40
37 39
46 34
47 34
37 38
36 40
36 39
36 41
47 33
46 33
48 33
48 34
48 35
38 49
35 41
35 40
35 39
46 32
47 32
48 32
49 32
49 33
47 31
48 31
46 31
49 31
45 43
47 40
48 40
48 41
47 41
49 41
49 40
49 42
48 42
49 39
44 45
44 44
49 43
49 44
49 45
48 45
48 46
49 46
49 47
48 47
48 48
49 48
47 48
47 49
48 49
49 49
46 49
46 48
45 48
45 49
38 44
40 36
34 41
34 42
33 42
33 41
32 41
0
Yes
27 8
27 9
28 8
28 9
26 8
26 9
27 7
27 10
28 7
28 10
29 8
29 9
26 7
26 10
29 7
29 10
25 8
25 9
27 6
27 11
28 6
28 11
30 8
30 9
25 7
25 10
26 6
26 11
29 6
29 11
30 7
30 10
24 8
24 9
25 6
25 11
27 5
27 12
28 5
28 12
30 6
30 11
31 9
24 7
24 10
26 5
26 12
29 5
29 12
31 7
31 10
24 6
24 11
25 5
25 12
30 5
31 6
23 8
23 9
27 4
23 7
23 10
29 4
24 5
31 5
23 6
25 4
30 4
23 5
24 4
31 4
0
Yes
19 17
18 17
19 16
19 18
20 17
18 16
18 18
20 16
20 18
17 17
19 15
19 19
21 17
17 16
17 18
18 15
18 19
20 15
20 19
21 16
21 18
17 15
17 19
21 15
21 19
16 17
19 14
19 20
22 17
16 16
16 18
18 14
18 20
20 14
20 20
22 16
22 18
16 15
17 14
21 14
21 20
22 15
22 19
15 17
19 13
19 21
15 16
18 13
18 21
20 13
20 21
16 14
22 20
15 15
17 13
17 21
21 13
21 21
15 14
16 13
16 21
19 12
22 21
20 12
0
Yes
42 13
41 13
41 12
42 12
41 14
42 14
42 11
41 11
40 12
40 13
40 14
40 11
40 15
41 15
39 13
39 12
39 14
39 11
39 15
41 10
40 10
42 10
39 10
41 16
40 16
39 16
42 16
42 9
41 9
40 9
39 9
42 17
41 17
40 17
39 17
38 12
38 13
38 14
38 11
38 15
38 16
38 17
37 13
37 12
37 14
37 15
37 16
37 17
41 8
40 8
42 8
39 8
42 7
41 7
40 7
39 7
36 12
36 13
36 15
38 8
38 7
38 18
37 18
41 6
40 6
39 6
42 6
38 6
36 17
36 18
37 7
37 8
37 6
36 8
36 7
36 6
36 9
37 19
36 19
35 9
35 8
35 7
35 10
36 10
40 5
39 5
38 5
37 5
36 5
35 18
35 19
38 4
37 4
36 4
34 19
34 18
34 17
33 17
33 18
33 19
33 16
32 16
32 17
32 18
32 19
34 20
33 20
37 3
38 3
36 3
35 4
35 3
31 17
31 18
31 16
31 19
33 21
34 21
34 22
0
Yes
18 27
18 28
18 29
18 30
18 31
19 27
19 28
19 29
19 30
19 31
20 27
20 28
20 29
20 30
20 31
21 27
21 28
21 29
21 30
21 31
22 27
22 28
22 29
22 30
22 31
23 27
23 28
0
Yes
15 14
15 13
16 13
16 14
16 15
15 15
15 16
16 16
17 14
17 15
17 13
17 16
14 16
17 12
16 17
15 17
17 17
18 13
18 14
18 15
18 16
18 17
19 14
19 15
19 16
19 13
19 17
17 18
16 18
18 18
19 18
19 12
20 13
20 14
20 15
20 16
20 17
20 12
20 18
18 19
17 19
19 19
20 19
21 14
21 13
21 15
21 16
21 17
21 18
21 19
22 15
22 16
22 17
22 18
22 19
19 20
18 20
20 20
21 20
22 20
18 21
19 21
20 21
21 21
22 21
17 21
19 22
18 22
20 22
21 22
23 19
23 20
23 21
18 23
19 23
20 23
21 23
17 23
19 24
18 24
20 24
21 24
23 22
18 25
19 25
20 25
21 25
17 25
24 22
17 26
18 26
19 26
20 26
21 26
16 26
0
Yes
18 0
18 1
18 2
19 0
19 1
19 2
20 0
20 1
20 2
21 0
21 1
21 2
22 0
22 1
22 2
23 0
23 1
0
No
0
No
0
Yes
46 0
46 1
46 2
46 3
46 4
46 5
47 0
47 1
47 2
47 3
47 4
47 5
48 0
48 1
48 2
48 3
48 4
48 5
49 0
49 1
49 2
49 3
49 4
49 5
0
No
0
No
0
Yes
31 1
31 2
31 3
32 1
32 2
32 3
33 1
33 2
33 3
34 1
34 2
34 3
0
Yes
47 19
48 19
47 18
47 20
48 18
48 20
46 19
49 19
46 18
46 20
49 18
49 20
47 17
47 21
48 17
48 21
45 19
46 17
49 17
49 21
45 18
45 20
47 16
48 16
45 21
46 16
49 16
0
Yes
46 6
45 6
45 5
45 7
46 7
47 7
47 6
46 8
47 8
48 6
48 7
48 8
44 7
44 8
47 9
46 9
48 9
49 7
49 8
49 6
49 9
43 8
43 7
46 10
47 10
48 10
49 10
43 9
44 9
44 10
43 10
47 11
48 11
46 11
49 11
45 11
44 11
43 11
46 12
45 12
47 12
44 12
43 12
47 13
45 4
44 4
44 3
45 3
45 2
44 2
43 2
44 1
45 1
43 1
45 0
44 0
43 0
42 1
42 2
42 0
0
No
0
Yes
12 36
11 36
11 35
12 35
13 35
13 36
13 37
12 37
12 34
11 34
13 34
14 36
14 35
14 37
14 34
10 35
10 36
10 34
10 37
14 38
13 38
9 36
9 35
9 37
9 34
11 33
12 33
13 33
10 33
9 33
15 35
15 36
15 37
15 34
15 38
9 38
10 38
10 39
9 39
16 36
16 35
16 37
16 34
16 38
8 35
8 36
8 37
8 34
8 38
8 33
8 39
15 33
16 33
15 39
7 36
7 35
7 37
7 34
7 38
7 33
7 39
9 40
8 40
10 40
7 40
11 40
17 35
17 36
17 37
17 34
17 33
10 41
9 41
8 41
7 41
18 36
18 35
18 34
18 37
18 33
6 35
6 36
6 37
6 34
6 38
6 39
6 33
18 38
17 32
18 32
9 42
8 42
10 42
7 42
11 42
5 36
5 35
5 37
5 34
5 38
5 39
19 35
19 36
19 37
19 34
19 33
19 32
6 32
10 43
9 43
8 43
7 43
6 41
6 42
6 43
0
Yes
39 0
39 1
39 2
40 0
40 1
40 2
41 0
41 1
41 2
42 0
42 1
42 2
43 0
43 1
43 2
44 0
44 1
44 2
45 0
45 1
45 2
0
Yes
31 16
31 17
31 18
31 19
32 16
32 17
32 18
32 19
33 16
33 17
33 18
0
Yes
0 3
0 4
0 5
0 6
0 7
1 3
1 4
1 5
1 6
1 7
0
Yes
42 10
41 10
42 9
42 11
43 10
41 9
41 11
43 9
43 11
40 10
42 8
42 12
44 10
40 9
40 11
41 8
41 12
43 8
43 12
44 9
44 11
40 8
40 12
44 8
44 12
39 10
42 7
42 13
39 9
39 11
41 7
41 13
43 7
39 8
39 12
40 7
40 13
44 7
42 6
42 14
41 6
41 14
39 7
39 13
40 6
0
Yes
29 41
28 41
28 40
28 42
29 42
29 43
28 43
27 40
27 41
27 42
27 43
30 43
27 39
28 39
26 41
26 42
26 43
28 44
29 44
27 44
30 44
26 44
31 44
31 43
31 42
32 42
32 43
32 44
29 45
28 45
30 45
27 45
31 45
26 45
32 45
25 43
25 44
25 45
33 43
33 44
33 45
28 46
29 46
30 46
27 46
31 46
26 46
32 46
25 46
33 46
24 44
24 45
24 43
24 46
24 42
29 47
28 47
30 47
27 47
31 47
26 47
32 47
25 47
33 47
24 47
23 42
23 43
23 44
23 45
23 46
23 47
23 41
24 41
24 40
23 40
23 39
24 39
34 45
34 46
34 47
30 48
29 48
31 48
32 48
33 48
34 48
22 43
22 44
22 45
22 46
22 47
27 48
26 48
25 48
24 48
23 48
22 48
35 46
35 47
35 45
35 48
31 49
32 49
33 49
34 49
35 49
21 45
21 46
21 47
21 48
25 49
24 49
23 49
22 49
21 49
36 47
36 46
36 48
36 49
37 48
37 47
37 49
20 47
20 48
20 49
19 48
19 47
19 49
19 46
18 47
18 48
18 49
0
Yes
36 3
36 4
36 5
36 6
36 7
36 8
37 3
37 4
37 5
37 6
37 7
37 8
38 3
38 4
38 5
38 6
38 7
38 8
39 3
39 4
39 5
39 6
39 7
39 8
40 3
40 4
40 5
40 6
40 7
40 8
0
Yes
15 14
15 13
16 13
16 14
16 15
15 15
15 16
16 16
17 14
17 15
17 13
17 16
14 16
17 12
16 17
15 17
17 17
18 13
18 14
18 15
18 16
18 17
19 14
19 15
19 16
19 13
19 17
17 18
16 18
18 18
19 18
19 12
20 13
20 14
20 15
20 16
20 17
20 12
20 18
18 19
17 19
19 19
20 19
21 14
21 13
21 15
21 16
21 17
21 18
21 19
22 15
22 16
22 17
22 18
22 19
19 20
18 20
20 20
21 20
22 20
18 21
19 21
20 21
21 21
22 21
17 21
19 22
18 22
20 22
21 22
23 19
23 20
23 21
18 23
19 23
20 23
21 23
17 23
19 24
18 24
20 24
21 24
23 22
18 25
19 25
20 25
21 25
17 25
24 22
17 26
18 26
19 26
20 26
21 26
16 26
24 23
0
Yes
0 3
0 4
0 5
0 6
0 7
1 3
1 4
1 5
1 6
1 7
2 3
2 4
2 5
2 6
0
Yes
45 0
45 1
45 2
45 3
45 4
45 5
45 6
46 0
46 1
46 2
46 3
46 4
46 5
46 6
47 0
47 1
47 2
47 3
47 4
47 5
47 6
48 0
48 1
48 2
48 3
48 4
48 5
48 6
49 0
49 1
49 2
49 3
49 4
49 5
0
Yes
8 35
8 36
7 35
7 36
9 35
9 36
8 34
8 37
7 34
7 37
9 34
9 37
6 35
6 36
10 35
10 36
6 34
6 37
8 33
8 38
10 34
10 37
7 33
7 38
9 33
9 38
5 35
5 36
11 35
11 36
6 33
6 38
10 33
10 38
5 34
5 37
11 34
5 33
5 38
11 33
4 35
4 36
6 32
12 35
12 36
4 34
4 37
12 34
12 37
5 32
4 33
4 38
12 33
3 35
3 36
13 35
13 36
3 34
3 37
13 34
13 37
4 32
3 33
3 38
13 33
13 38
2 35
2 36
14 35
14 36
3 32
2 34
2 37
14 34
14 37
2 33
2 38
14 38
2 32
1 35
1 36
15 35
15 36
1 34
1 37
15 34
15 37
1 33
1 38
15 33
15 38
1 32
15 32
0 35
0 36
0 34
0 37
0 33
0 38
0
Yes
45 0
45 1
45 2
45 3
45 4
45 5
45 6
45 7
46 0
46 1
46 2
46 3
46 4
46 5
46 6
46 7
47 0
47 1
47 2
47 3
47 4
47 5
47 6
47 7
48 0
48 1
48 2
48 3
48 4
48 5
48 6
48 7
49 0
49 1
49 2
49 3
49 4
49 5
49 6
0
Yes
32 31
32 32
31 31
31 32
33 31
33 32
32 30
32 33
31 30
31 33
33 30
33 33
30 31
30 32
34 31
34 32
30 30
30 33
32 29
32 34
34 30
34 33
31 29
31 34
33 29
33 34
29 31
29 32
35 31
35 32
30 29
30 34
34 29
34 34
29 30
29 33
35 30
35 33
32 28
32 35
31 28
31 35
33 28
33 35
29 29
29 34
35 29
35 34
28 31
28 32
30 28
30 35
34 28
34 35
36 31
36 32
28 30
28 33
36 30
36 33
32 27
32 36
29 28
29 35
31 27
31 36
33 36
35 35
28 29
28 34
36 29
36 34
30 27
30 36
34 36
27 31
27 32
27 30
27 33
28 28
28 35
36 35
29 27
29 36
35 36
27 29
27 34
28 36
36 36
27 28
27 35
0
Yes
32 33
32 34
31 33
31 34
33 33
33 34
32 32
32 35
31 32
31 35
33 32
33 35
30 33
30 34
34 33
34 34
30 32
30 35
32 31
32 36
34 32
34 35
31 31
31 36
33 31
33 36
29 33
29 34
35 33
35 34
30 31
30 36
34 31
34 36
29 32
29 35
35 32
35 35
32 30
32 37
31 30
31 37
33 30
33 37
29 31
29 36
35 31
35 36
28 33
28 34
30 30
30 37
34 30
34 37
36 33
36 34
28 32
28 35
36 32
36 35
32 29
32 38
29 30
29 37
31 29
31 38
33 29
33 38
35 30
35 37
28 31
28 36
36 31
36 36
30 29
30 38
34 29
34 38
27 33
27 34
27 32
27 35
28 30
28 37
36 30
36 37
29 29
29 38
35 29
35 38
32 28
32 39
27 31
27 36
31 28
31 39
33 28
33 39
30 28
30 39
34 28
34 39
28 29
36 29
36 38
27 30
29 28
35 39
32 27
31 27
27 29
28 28
30 27
36 39
29 27
27 28
