0
Yes
0 10
0 11
0 12
0 13
1 10
1 11
1 12
1 13
2 10
2 11
2 12
2 13
3 10
3 11
0
Yes
0 29
0 30
0 31
0 32
0 33
0 34
0 35
0 36
1 29
1 30
1 31
1 32
1 33
1 34
1 35
1 36
2 29
2 30
2 31
2 32
2 33
2 34
2 35
2 36
3 29
3 30
3 31
3 32
3 33
3 34
3 35
3 36
4 29
4 30
4 31
4 32
4 33
4 34
4 35
4 36
5 29
5 30
5 31
5 32
5 33
5 34
5 35
5 36
6 29
6 30
6 31
6 32
6 33
6 34
6 35
6 36
7 29
7 30
7 31
7 32
7 33
0
Yes
21 0
21 1
21 2
21 3
21 4
21 5
21 6
22 0
22 1
22 2
22 3
22 4
22 5
22 6
23 0
23 1
23 2
23 3
23 4
23 5
23 6
24 0
24 1
24 2
24 3
24 4
24 5
24 6
25 0
25 1
25 2
25 3
25 4
25 5
25 6
26 0
26 1
26 2
26 3
26 4
26 5
26 6
27 0
27 1
27 2
27 3
27 4
0
Yes
20 42
20 43
20 44
20 45
20 46
20 47
20 48
20 49
21 42
21 43
21 44
21 45
21 46
21 47
21 48
21 49
22 42
22 43
22 44
22 45
22 46
22 47
22 48
22 49
23 42
23 43
23 44
23 45
23 46
23 47
23 48
23 49
24 42
24 43
24 44
24 45
24 46
24 47
24 48
24 49
25 42
25 43
25 44
25 45
25 46
25 47
25 48
25 49
26 42
26 43
26 44
26 45
26 46
26 47
26 48
26 49
27 42
27 43
27 44
27 45
27 46
27 47
0
Yes
28 0
28 1
28 2
29 0
29 1
0
Yes
21 31
21 32
21 33
21 34
21 35
21 36
21 37
21 38
21 39
22 31
22 32
22 33
22 34
22 35
22 36
22 37
22 38
22 39
23 31
23 32
23 33
23 34
23 35
23 36
23 37
23 38
23 39
24 31
24 32
24 33
24 34
24 35
24 36
24 37
24 38
24 39
25 31
25 32
25 33
25 34
25 35
25 36
25 37
25 38
25 39
26 31
26 32
26 33
26 34
26 35
26 36
26 37
26 38
26 39
27 31
27 32
27 33
27 34
27 35
27 36
27 37
27 38
27 39
28 31
28 32
28 33
28 34
28 35
28 36
28 37
28 38
28 39
29 31
29 32
29 33
29 34
29 35
29 36
29 37
0
Yes
27 25
28 25
27 24
27 26
28 24
28 26
26 25
29 25
26 24
26 26
29 26
27 23
27 27
28 23
28 27
25 25
26 23
26 27
29 23
29 27
30 25
25 24
25 26
30 24
30 26
27 22
27 28
28 22
28 28
25 23
25 27
30 23
30 27
26 22
26 28
29 22
29 28
24 25
31 25
24 24
24 26
31 24
31 26
25 22
25 28
30 22
30 28
24 23
24 27
27 21
27 29
28 21
28 29
31 23
31 27
26 21
26 29
29 21
29 29
23 25
32 25
23 24
23 26
24 22
24 28
31 22
31 28
32 24
32 26
25 21
25 29
30 21
30 29
23 23
23 27
32 23
32 27
27 20
28 20
26 20
29 20
24 21
24 29
31 21
31 29
23 22
23 28
32 22
32 28
22 25
33 25
22 24
22 26
25 20
30 20
33 24
33 26
22 23
22 27
33 23
33 27
23 21
23 29
32 21
32 29
24 20
31 20
22 22
22 28
33 22
33 28
21 25
34 25
21 24
21 26
34 24
34 26
23 20
32 20
21 23
21 27
22 21
22 29
33 21
33 29
34 23
34 27
21 22
34 22
34 28
22 20
33 20
20 25
20 24
20 26
21 21
34 21
34 29
20 23
20 27
20 22
21 20
34 20
20 21
20 20
0
Yes
29 13
29 14
29 15
29 16
29 17
29 18
29 19
30 13
30 14
30 15
30 16
30 17
30 18
30 19
31 13
31 14
31 15
31 16
31 17
31 18
31 19
32 13
32 14
32 15
32 16
32 17
32 18
32 19
33 13
33 14
33 15
33 16
33 17
33 18
33 19
34 13
34 14
34 15
34 16
34 17
34 18
34 19
35 13
35 14
35 15
35 16
0
Yes
5 45
5 46
5 47
5 48
5 49
6 45
6 46
6 47
6 48
6 49
7 45
7 46
7 47
7 48
7 49
8 45
8 46
8 47
8 48
8 49
9 45
9 46
9 47
9 48
9 49
10 45
0
Yes
23 7
23 8
23 9
23 10
23 11
23 12
23 13
23 14
23 15
23 16
23 17
23 18
23 19
24 7
24 8
24 9
24 10
24 11
24 12
24 13
24 14
24 15
24 16
24 17
24 18
24 19
25 7
25 8
25 9
25 10
25 11
25 12
25 13
25 14
25 15
25 16
25 17
25 18
25 19
26 7
26 8
26 9
26 10
26 11
26 12
26 13
26 14
26 15
26 16
26 17
26 18
26 19
27 7
27 8
27 9
27 10
27 11
27 12
27 13
27 14
27 15
27 16
27 17
27 18
27 19
28 7
28 8
28 9
28 10
28 11
28 12
28 13
28 14
28 15
28 16
28 17
28 18
28 19
0
Yes
32 6
32 7
32 8
32 9
32 10
32 11
32 12
33 6
33 7
33 8
33 9
33 10
33 11
33 12
34 6
34 7
34 8
34 9
34 10
34 11
34 12
35 6
35 7
35 8
35 9
35 10
35 11
35 12
36 6
36 7
36 8
36 9
36 10
36 11
36 12
37 6
37 7
37 8
37 9
37 10
37 11
37 12
38 6
38 7
38 8
38 9
38 10
38 11
38 12
39 6
39 7
39 8
39 9
39 10
39 11
39 12
40 6
40 7
40 8
40 9
40 10
40 11
40 12
41 6
41 7
0
Yes
42 2
42 3
42 4
42 5
42 6
43 2
43 3
43 4
43 5
43 6
44 2
44 3
44 4
44 5
44 6
45 2
45 3
45 4
45 5
45 6
46 2
46 3
46 4
46 5
46 6
47 2
47 3
0
Yes
32 6
32 7
32 8
32 9
32 10
32 11
32 12
33 6
33 7
33 8
33 9
33 10
33 11
33 12
34 6
34 7
34 8
34 9
34 10
34 11
34 12
35 6
35 7
35 8
35 9
35 10
35 11
35 12
36 6
36 7
36 8
36 9
36 10
36 11
36 12
37 6
37 7
37 8
37 9
37 10
37 11
37 12
38 6
38 7
38 8
38 9
38 10
38 11
38 12
39 6
39 7
39 8
39 9
39 10
39 11
39 12
40 6
40 7
40 8
40 9
40 10
40 11
40 12
41 6
41 7
41 8
41 9
0
Yes
15 30
16 30
15 29
16 29
16 31
14 30
17 30
14 29
14 31
17 29
17 31
15 28
16 28
16 32
13 30
14 28
14 32
17 28
17 32
18 30
13 29
13 31
18 29
18 31
15 27
16 27
16 33
13 28
13 32
18 28
18 32
14 27
14 33
17 27
17 33
12 30
19 30
12 29
12 31
19 29
19 31
13 27
13 33
18 27
18 33
12 28
12 32
15 26
16 26
16 34
15 34
19 28
19 32
14 26
14 34
17 26
17 34
11 30
11 29
11 31
12 27
12 33
19 27
19 33
13 26
13 34
18 26
18 34
11 28
11 32
15 25
15 35
16 25
16 35
14 25
14 35
17 25
17 35
12 26
12 34
19 26
19 34
11 27
11 33
13 25
13 35
18 25
18 35
11 34
15 24
16 24
12 25
12 35
19 25
19 35
14 24
17 24
13 24
18 24
11 35
12 24
19 24
0
Yes
30 0
30 1
30 2
30 3
30 4
31 0
31 1
31 2
31 3
31 4
32 0
32 1
32 2
32 3
32 4
33 0
33 1
33 2
33 3
33 4
34 0
34 1
34 2
0
Yes
39 29
38 29
39 28
38 28
39 30
38 30
40 29
40 28
37 29
37 28
37 30
39 27
38 27
40 27
37 27
39 31
41 29
41 28
41 27
41 30
37 31
36 29
36 28
36 30
36 27
36 31
39 26
38 26
40 26
37 26
41 26
36 26
42 29
42 28
42 30
42 27
42 26
37 32
36 32
42 31
35 29
35 28
35 30
35 27
35 31
35 26
35 32
39 25
38 25
40 25
37 25
41 25
36 25
42 25
35 25
43 29
43 30
43 31
42 32
43 32
41 32
40 32
40 33
41 33
42 33
43 33
39 33
37 33
36 33
35 33
43 27
43 26
39 24
38 24
40 24
37 24
41 24
36 24
42 24
35 24
39 34
40 34
44 29
44 30
44 31
44 32
44 33
34 30
34 31
34 32
34 33
38 34
37 34
36 34
35 34
34 34
42 34
43 34
44 34
39 23
38 23
40 23
37 23
41 23
36 23
42 23
35 23
39 35
38 35
40 35
37 35
36 35
35 35
34 35
45 29
45 30
45 31
45 32
45 33
45 34
45 28
45 27
43 24
43 23
33 32
33 33
33 34
33 35
39 22
40 22
41 22
42 22
43 22
39 36
38 36
40 36
37 36
36 36
35 36
46 30
46 31
46 32
0
Yes
22 44
22 45
23 44
23 45
21 44
21 45
22 43
22 46
23 43
23 46
24 44
24 45
21 43
21 46
24 43
24 46
20 44
20 45
22 42
22 47
23 42
23 47
25 44
25 45
20 43
20 46
21 42
21 47
24 42
24 47
25 43
25 46
19 44
19 45
20 42
20 47
22 41
22 48
23 41
23 48
25 42
25 47
26 44
26 45
19 43
19 46
21 41
21 48
24 41
24 48
26 43
26 46
19 42
19 47
20 41
20 48
25 48
26 42
26 47
18 44
18 45
22 40
22 49
23 40
23 49
27 44
27 45
18 43
18 46
21 40
21 49
24 40
24 49
27 43
27 46
19 41
19 48
26 48
18 42
18 47
20 40
20 49
25 49
27 42
27 47
17 44
17 45
28 44
28 45
17 43
17 46
18 41
18 48
19 40
19 49
26 49
27 41
27 48
28 43
28 46
17 42
17 47
20 39
28 42
18 40
18 49
27 40
27 49
16 44
16 45
17 41
17 48
19 39
28 48
16 46
16 42
16 47
17 40
17 49
18 39
28 40
28 49
16 48
17 39
16 40
16 49
16 39
0
Yes
43 38
43 39
43 40
43 41
43 42
43 43
44 38
44 39
44 40
44 41
44 42
44 43
45 38
45 39
45 40
45 41
45 42
45 43
46 38
46 39
46 40
46 41
46 42
46 43
47 38
47 39
47 40
47 41
47 42
47 43
48 38
48 39
48 40
48 41
48 42
48 43
49 38
49 39
49 40
49 41
49 42
49 43
0
Yes
40 37
40 38
41 37
41 38
42 37
42 38
43 37
0
Yes
18 36
18 37
18 38
19 36
19 37
19 38
20 36
20 37
20 38
0
Yes
38 9
38 10
39 9
39 10
37 9
37 10
38 8
38 11
39 8
39 11
40 9
40 10
37 8
37 11
40 8
40 11
36 9
36 10
38 7
38 12
39 7
39 12
41 9
41 10
36 8
36 11
37 7
37 12
40 7
40 12
41 8
41 11
35 9
35 10
36 7
36 12
38 6
38 13
39 6
39 13
41 7
41 12
42 9
42 10
35 8
35 11
37 6
40 6
40 13
42 8
42 11
35 7
35 12
36 6
36 13
41 6
41 13
42 7
42 12
34 9
34 10
38 5
43 9
43 10
34 8
34 11
37 5
40 5
43 8
43 11
35 6
35 13
42 13
34 7
34 12
36 5
43 7
43 12
33 9
33 10
44 9
44 10
33 8
33 11
34 6
34 13
35 5
43 13
44 8
44 11
33 7
33 12
44 7
44 12
34 5
32 9
32 10
33 6
33 13
44 13
32 8
32 11
32 7
32 12
33 5
32 6
32 13
32 5
0
Yes
34 38
34 39
35 38
35 39
33 38
33 39
34 40
35 40
36 38
36 39
33 37
33 40
36 37
36 40
32 38
32 39
34 41
35 41
37 38
37 39
32 37
32 40
33 41
36 36
35 36
36 41
37 37
37 40
31 38
31 39
32 36
32 41
34 42
35 35
34 35
35 42
37 36
37 41
38 38
31 37
31 40
33 35
33 42
36 35
36 42
38 37
38 40
31 36
31 41
32 35
32 42
37 35
37 42
38 36
38 41
30 38
30 39
34 34
34 43
35 34
35 43
30 37
30 40
33 34
33 43
36 34
36 43
31 35
31 42
38 35
30 36
30 41
32 34
32 43
37 34
37 43
34 33
34 44
35 33
35 44
30 35
30 42
31 34
31 43
33 33
33 44
36 33
36 44
38 34
38 43
32 33
37 33
37 44
30 34
30 43
31 33
31 44
34 32
34 45
35 32
35 45
38 44
33 32
33 45
36 32
36 45
32 32
32 45
37 32
37 45
30 33
30 44
31 32
31 45
38 45
34 31
35 31
36 31
30 32
30 45
37 31
0
Yes
35 23
35 24
35 25
35 26
35 27
35 28
35 29
36 23
36 24
36 25
36 26
36 27
36 28
36 29
37 23
37 24
37 25
37 26
37 27
37 28
37 29
38 23
38 24
38 25
38 26
38 27
38 28
38 29
39 23
39 24
39 25
39 26
39 27
39 28
39 29
40 23
40 24
40 25
40 26
40 27
40 28
40 29
41 23
41 24
41 25
41 26
41 27
41 28
41 29
42 23
42 24
0
Yes
0 15
0 16
0 17
0 18
1 15
1 16
1 17
1 18
2 15
2 16
2 17
2 18
3 15
3 16
0
Yes
21 7
21 8
21 9
21 10
22 7
22 8
22 9
22 10
0
No
0
No
0
No
0
No
0
Yes
22 30
22 31
22 32
22 33
22 34
22 35
22 36
22 37
22 38
23 30
23 31
23 32
23 33
23 34
23 35
23 36
23 37
23 38
24 30
24 31
24 32
24 33
24 34
24 35
24 36
24 37
24 38
25 30
25 31
25 32
25 33
25 34
25 35
25 36
25 37
25 38
26 30
26 31
26 32
26 33
26 34
26 35
26 36
26 37
26 38
27 30
27 31
27 32
27 33
27 34
27 35
27 36
27 37
27 38
28 30
28 31
28 32
28 33
28 34
28 35
28 36
28 37
28 38
29 30
29 31
29 32
29 33
29 34
29 35
29 36
29 37
29 38
30 30
30 31
30 32
30 33
30 34
30 35
30 36
30 37
30 38
31 30
31 31
31 32
31 33
31 34
0
Yes
29 5
29 6
29 7
29 8
30 5
30 6
30 7
30 8
31 5
31 6
31 7
31 8
0
Yes
23 9
23 10
23 11
23 12
23 13
23 14
23 15
23 16
23 17
23 18
23 19
24 9
24 10
24 11
24 12
24 13
24 14
24 15
24 16
24 17
24 18
24 19
25 9
25 10
25 11
25 12
25 13
25 14
25 15
25 16
25 17
25 18
25 19
26 9
26 10
26 11
26 12
26 13
26 14
26 15
26 16
26 17
26 18
26 19
27 9
27 10
27 11
27 12
27 13
27 14
27 15
27 16
27 17
27 18
27 19
28 9
28 10
28 11
28 12
28 13
28 14
28 15
28 16
28 17
28 18
28 19
29 9
0
No
0
Yes
29 15
29 16
29 17
29 18
29 19
30 15
30 16
30 17
30 18
30 19
31 15
31 16
31 17
31 18
31 19
32 15
32 16
32 17
32 18
32 19
33 15
33 16
33 17
33 18
33 19
34 15
34 16
34 17
34 18
34 19
0
Yes
0 15
0 16
0 17
0 18
1 15
1 16
1 17
1 18
2 15
2 16
2 17
2 18
3 15
3 16
0
Yes
16 30
16 31
15 30
17 30
17 31
16 29
16 32
15 29
17 29
17 32
14 30
14 31
18 30
18 31
14 29
14 32
16 28
16 33
18 29
18 32
15 28
17 28
17 33
13 30
13 31
19 30
19 31
14 28
14 33
18 28
18 33
13 29
13 32
19 29
19 32
16 27
16 34
15 27
15 34
17 27
17 34
13 28
13 33
19 28
19 33
12 30
12 31
14 27
14 34
18 27
18 34
20 30
20 31
12 29
12 32
20 29
20 32
16 26
16 35
13 27
13 34
15 26
15 35
17 26
17 35
19 27
19 34
12 28
12 33
14 26
14 35
18 26
18 35
11 30
11 31
11 29
11 32
12 27
12 34
13 26
13 35
19 26
19 35
16 25
16 36
11 28
11 33
15 25
15 36
17 25
17 36
14 25
14 36
18 25
18 36
12 26
12 35
20 35
11 27
11 34
13 25
13 36
19 25
19 36
16 24
15 24
17 24
11 35
12 25
12 36
14 24
18 24
20 36
13 24
19 24
11 36
0
Yes
34 42
33 42
34 41
34 43
35 42
33 41
33 43
35 41
35 43
32 42
34 40
34 44
36 42
32 41
32 43
33 40
33 44
35 40
35 44
36 41
36 43
32 40
36 40
36 44
31 42
34 39
34 45
37 42
31 41
31 43
33 39
33 45
35 39
35 45
37 41
37 43
31 40
31 44
32 39
32 45
36 39
36 45
37 40
37 44
30 42
34 38
30 41
30 43
33 38
33 46
35 38
38 41
38 43
31 39
31 45
37 39
37 45
30 40
30 44
32 38
32 46
36 38
36 46
38 40
38 44
30 39
30 45
31 38
31 46
37 38
37 46
38 45
29 43
33 37
29 40
29 44
32 37
36 37
30 46
38 38
38 46
29 39
29 45
31 37
37 37
29 46
38 37
0
Yes
5 30
6 30
5 29
5 31
6 29
6 31
4 30
7 30
4 29
4 31
7 29
7 31
5 28
5 32
6 28
6 32
3 30
4 28
4 32
7 28
7 32
8 30
3 29
3 31
8 29
8 31
5 27
5 33
6 27
6 33
3 28
3 32
8 28
8 32
4 27
4 33
7 27
7 33
2 30
2 29
2 31
9 29
9 31
3 27
3 33
8 27
8 33
2 28
2 32
5 26
5 34
6 26
6 34
9 28
9 32
4 26
4 34
7 26
1 30
1 29
1 31
2 27
2 33
9 27
9 33
10 29
10 30
10 31
3 26
3 34
8 26
1 28
1 32
10 28
10 32
5 25
5 35
6 35
4 25
4 35
7 25
2 26
2 34
9 26
9 34
1 33
10 27
10 33
0 30
0 29
0 31
3 25
3 35
8 25
0 28
0 32
1 26
1 34
5 24
5 36
6 24
6 36
10 26
10 34
2 25
2 35
9 25
9 35
4 24
4 36
7 24
0 27
0 33
3 36
8 24
1 25
1 35
10 25
10 35
0 26
0 34
2 36
9 24
9 36
5 23
6 23
4 23
7 23
0 25
0 35
8 23
1 24
1 36
10 24
10 36
9 23
0 24
0 36
1 23
2 23
10 23
0 23
0
Yes
22 5
21 5
22 4
22 6
23 5
21 4
21 6
23 4
23 6
22 3
22 7
24 5
20 4
21 3
21 7
23 3
23 7
24 4
24 6
20 3
24 3
24 7
22 2
22 8
25 5
19 4
19 5
21 2
21 8
23 2
23 8
25 4
25 6
19 3
24 2
24 8
25 3
25 7
18 5
22 1
22 9
26 5
18 4
18 6
21 1
21 9
23 1
26 4
26 6
19 2
25 2
25 8
18 3
18 7
20 9
24 1
26 3
26 7
17 5
18 2
18 8
19 8
19 9
22 0
25 1
26 2
26 8
17 4
17 6
21 0
23 0
27 4
27 6
17 3
17 7
20 0
24 0
27 3
27 7
18 9
26 1
17 2
17 8
19 0
25 0
27 2
27 8
16 5
16 4
16 6
28 4
28 6
16 3
16 7
28 3
28 7
17 9
18 0
26 0
27 1
16 2
16 8
28 2
28 8
15 5
15 4
15 6
17 0
27 0
16 1
16 9
28 1
15 3
15 7
15 2
15 8
16 0
28 0
15 1
15 9
15 0
0
No
0
No
0
No
0
Yes
22 46
23 46
22 45
22 47
23 45
23 47
21 46
24 46
21 45
21 47
24 45
24 47
22 44
22 48
23 44
23 48
20 46
21 44
21 48
24 44
24 48
25 46
20 45
20 47
25 45
25 47
22 43
22 49
23 43
23 49
20 44
20 48
25 44
25 48
21 43
21 49
24 43
24 49
19 46
26 46
19 45
19 47
26 45
26 47
20 43
20 49
25 43
25 49
19 44
19 48
22 42
23 42
26 44
26 48
21 42
24 42
18 46
27 46
18 45
18 47
19 43
19 49
26 43
26 49
27 45
27 47
20 42
25 42
18 44
18 48
27 44
27 48
19 42
26 42
18 43
18 49
27 43
27 49
17 46
28 46
17 45
17 47
28 45
17 44
17 48
28 44
28 48
18 42
27 42
17 43
17 49
28 43
28 49
16 46
16 45
16 47
16 44
16 48
17 42
28 42
16 49
16 42
0
Yes
5 45
5 46
5 47
5 48
5 49
6 45
6 46
6 47
6 48
6 49
7 45
7 46
7 47
7 48
7 49
8 45
8 46
8 47
8 48
8 49
9 45
9 46
9 47
9 48
9 49
0
No
0
No
0
Yes
46 44
45 44
46 43
46 45
47 44
45 43
45 45
47 43
47 45
44 44
46 42
46 46
48 44
44 43
44 45
45 42
45 46
47 42
47 46
48 43
48 45
44 42
44 46
48 42
48 46
46 41
46 47
49 44
43 43
43 45
45 41
45 47
47 41
47 47
49 43
49 45
43 42
44 41
48 41
48 47
49 42
49 46
46 40
46 48
42 43
42 44
42 45
45 40
45 48
47 40
47 48
43 41
49 41
49 47
42 42
42 46
44 40
44 48
48 40
48 48
42 41
42 47
43 40
46 39
46 49
49 40
49 48
45 39
45 49
47 39
47 49
44 39
44 49
48 39
48 49
42 40
42 48
43 39
43 49
49 39
49 49
46 38
45 38
47 38
44 38
48 38
42 39
0
No
0
No
0
Yes
35 23
35 24
35 25
35 26
35 27
35 28
35 29
36 23
36 24
36 25
36 26
36 27
36 28
36 29
37 23
37 24
37 25
37 26
37 27
37 28
37 29
38 23
38 24
38 25
38 26
38 27
38 28
38 29
39 23
39 24
39 25
39 26
39 27
39 28
39 29
40 23
40 24
40 25
40 26
40 27
40 28
40 29
41 23
41 24
41 25
41 26
0
No
0
Yes
42 2
42 3
42 4
42 5
42 6
43 2
43 3
43 4
43 5
43 6
44 2
44 3
44 4
44 5
44 6
45 2
45 3
45 4
45 5
45 6
46 2
46 3
46 4
46 5
46 6
47 2
47 3
47 4
47 5
47 6
48 2
48 3
48 4
0
Yes
38 47
38 48
38 49
39 47
39 48
39 49
40 47
40 48
40 49
41 47
41 48
0
No
0
No
0
Yes
31 36
31 35
31 37
32 36
32 35
32 37
31 38
32 38
32 34
33 35
33 34
33 37
33 38
31 39
32 39
33 39
30 39
32 33
33 33
34 35
34 34
34 33
29 39
34 38
34 39
31 40
30 40
32 40
29 40
33 40
34 40
32 32
33 32
34 32
35 35
35 34
35 33
35 32
35 36
28 39
28 40
35 38
35 39
35 40
27 39
27 40
31 41
30 41
32 41
33 41
34 41
35 41
36 36
36 35
36 34
36 33
36 32
36 37
36 38
36 39
36 40
36 41
26 39
34 31
35 31
36 31
31 42
30 42
32 42
33 42
34 42
35 42
36 42
37 36
37 35
37 37
37 34
37 38
37 33
37 39
37 32
37 40
37 31
37 41
37 42
27 41
25 39
34 30
35 30
36 30
37 30
31 43
30 43
32 43
33 43
34 43
35 43
36 43
37 43
38 36
38 35
38 37
38 34
38 38
29 43
24 39
31 44
30 44
29 44
39 36
39 35
39 34
24 40
38 40
38 41
33 44
34 44
35 44
36 44
37 44
23 39
23 40
39 33
24 41
23 41
39 40
39 41
31 45
30 45
29 45
40 36
40 35
40 34
40 33
32 45
33 45
34 45
35 45
36 45
0
No
0
No
0
No
0
Yes
42 17
42 18
42 19
42 20
42 21
43 17
43 18
43 19
43 20
43 21
44 17
44 18
44 19
44 20
44 21
45 17
45 18
45 19
45 20
45 21
46 17
46 18
46 19
46 20
46 21
47 17
47 18
47 19
47 20
47 21
48 17
48 18
48 19
48 20
0
No
0
No
0
No
0
Yes
17 37
17 38
17 39
17 40
17 41
18 37
18 38
18 39
18 40
18 41
19 37
19 38
19 39
19 40
19 41
20 37
20 38
20 39
20 40
20 41
21 37
21 38
21 39
21 40
21 41
0
Yes
4 31
5 31
4 30
4 32
5 30
5 32
3 31
6 31
3 30
3 32
6 30
6 32
4 29
4 33
5 29
5 33
2 31
3 29
3 33
6 29
6 33
7 31
2 30
2 32
7 30
7 32
4 28
4 34
5 28
5 34
2 29
2 33
7 29
7 33
3 28
3 34
6 28
6 34
1 31
8 31
1 30
1 32
8 30
8 32
2 28
2 34
7 28
1 29
1 33
4 27
4 35
5 27
5 35
8 29
8 33
3 27
3 35
6 27
6 35
0 31
0 30
0 32
1 28
1 34
8 28
2 27
2 35
7 27
0 29
0 33
4 26
4 36
5 26
5 36
3 26
3 36
6 26
6 36
1 35
8 27
0 28
0 34
2 26
2 36
7 26
0 27
0 35
4 25
5 25
1 26
1 36
8 26
3 25
2 25
7 25
0 26
0 36
1 25
0
Yes
24 4
24 5
25 4
25 5
23 4
23 5
24 3
24 6
25 3
25 6
26 4
26 5
23 3
23 6
26 3
26 6
22 4
22 5
24 2
24 7
25 2
25 7
27 4
22 3
22 6
23 2
23 7
26 2
26 7
27 3
27 6
21 4
21 5
22 2
22 7
24 1
24 8
25 1
25 8
27 2
27 7
28 4
21 3
21 6
23 1
23 8
26 1
26 8
28 3
28 6
21 2
21 7
22 1
22 8
27 1
27 8
28 2
28 7
20 4
24 0
25 0
20 3
23 0
26 0
21 1
21 8
28 1
28 8
22 0
27 0
21 0
0
Yes
15 15
15 16
14 15
14 16
16 15
16 16
15 14
15 17
14 14
14 17
16 14
16 17
13 15
13 16
17 15
17 16
13 14
13 17
15 13
15 18
17 14
17 17
14 13
16 13
16 18
12 15
12 16
13 13
13 18
17 13
17 18
12 14
12 17
15 12
15 19
14 12
14 19
16 19
12 13
12 18
13 12
13 19
17 12
17 19
15 11
15 20
12 12
12 19
14 11
14 20
16 11
16 20
13 11
13 20
17 11
17 20
12 11
12 20
15 10
15 21
14 10
14 21
16 10
16 21
13 10
13 21
17 10
17 21
12 10
12 21
15 9
14 9
16 9
13 9
17 9
0
No
0
Yes
4 14
5 14
4 13
4 15
5 13
5 15
3 14
6 14
3 15
6 13
6 15
4 12
4 16
5 12
3 16
6 12
6 16
7 14
2 15
7 13
7 15
4 11
4 17
5 11
2 16
7 12
7 16
3 11
3 17
6 11
8 14
1 15
8 13
8 15
2 11
2 12
2 13
1 13
2 17
7 11
7 17
1 12
1 16
4 10
4 18
5 10
5 18
8 16
3 10
6 10
0 13
0 15
1 11
1 17
8 17
2 10
2 18
7 10
7 18
0 12
0 16
4 9
4 19
5 9
5 19
3 9
3 19
6 9
6 19
1 10
1 18
8 10
8 18
0 11
0 17
2 9
2 19
7 9
7 19
0 10
0 18
4 8
1 9
8 9
8 19
3 8
2 8
7 8
0 9
1 8
8 8
0 8
0
Yes
46 20
45 20
46 19
46 21
47 20
45 19
45 21
47 19
47 21
44 20
46 18
46 22
48 20
44 19
44 21
45 18
47 18
47 22
48 19
48 21
44 18
48 18
48 22
43 20
46 17
49 20
43 19
43 21
45 17
47 17
49 19
49 21
43 18
43 22
44 17
48 17
49 18
49 22
42 20
42 19
42 21
43 17
42 18
42 22
0
No
0
Yes
46 32
46 33
45 32
45 33
47 32
47 33
46 31
46 34
45 31
45 34
47 31
47 34
44 32
44 33
48 32
48 33
44 31
44 34
46 30
46 35
48 31
48 34
45 30
45 35
47 30
47 35
43 32
43 33
49 32
49 33
44 30
48 30
48 35
43 31
43 34
49 31
49 34
45 29
47 29
43 30
43 35
49 30
49 35
42 32
42 33
44 29
48 29
42 31
42 34
43 29
49 29
42 30
42 29
0
Yes
14 6
15 6
15 5
15 7
16 6
16 5
16 7
15 4
16 4
15 8
16 8
14 8
13 8
13 7
12 7
12 8
12 6
12 5
13 5
13 4
12 4
11 6
11 5
11 7
11 8
17 6
17 5
17 7
17 4
17 8
13 3
14 3
15 3
16 3
17 3
10 6
10 5
10 7
14 2
13 2
15 2
16 2
17 2
18 6
18 5
18 7
18 4
18 8
18 3
18 2
10 4
12 2
9 6
9 5
9 7
9 4
10 3
11 2
10 2
14 1
13 1
15 1
16 1
18 9
19 5
19 4
19 3
19 2
9 8
19 8
19 9
18 10
19 10
9 9
10 9
10 10
11 10
11 11
10 11
8 6
8 5
8 7
14 0
13 0
15 0
0
Yes
8 37
7 37
7 38
6 37
6 38
7 39
6 39
8 39
9 39
10 39
10 38
10 37
10 36
9 36
9 35
10 35
5 37
5 38
5 39
8 40
7 40
9 40
10 40
11 37
11 38
11 39
11 40
9 34
10 34
4 37
4 38
4 39
8 41
7 41
9 41
10 41
11 41
12 37
12 38
12 39
12 40
12 41
9 33
10 33
5 40
4 40
3 37
3 38
3 39
8 42
7 42
9 42
9 32
10 32
6 42
11 42
12 42
2 37
8 43
7 43
6 43
9 31
10 31
5 43
1 37
0
No
0
Yes
45 44
44 44
45 43
45 45
46 44
44 43
44 45
46 43
46 45
45 42
45 46
47 44
43 43
43 45
44 42
44 46
46 42
46 46
47 43
47 45
43 42
47 42
47 46
45 41
45 47
48 44
42 43
42 44
42 45
44 41
46 41
46 47
48 43
48 45
42 42
42 46
43 41
47 41
47 47
48 42
48 46
45 40
45 48
49 44
41 43
44 40
44 48
46 40
46 48
49 43
49 45
42 41
42 47
48 41
48 47
41 42
41 46
43 40
47 40
47 48
49 42
49 46
41 41
42 40
42 48
45 39
45 49
48 40
48 48
49 41
49 47
40 43
44 39
44 49
46 39
46 49
40 42
40 46
40 45
43 39
43 49
47 39
47 49
41 40
49 40
49 48
40 41
42 39
42 49
48 39
48 49
45 38
44 38
46 38
43 38
47 38
40 40
49 39
49 49
42 38
48 38
41 38
49 38
40 38
0
Yes
29 5
29 6
29 7
29 8
30 5
30 6
30 7
30 8
31 5
31 6
31 7
31 8
0
Yes
45 12
45 13
45 14
45 15
46 12
46 13
46 14
0
No
0
No
0
No
0
Yes
45 37
45 38
46 37
46 38
44 38
45 36
45 39
46 36
46 39
47 38
44 39
47 36
47 39
43 38
43 37
45 35
45 40
46 35
46 40
48 38
43 39
44 40
47 35
47 40
48 39
42 37
42 38
43 40
45 34
45 41
46 34
46 41
48 35
48 40
49 38
42 39
44 34
44 41
47 34
47 41
49 39
42 40
43 34
43 35
43 41
48 34
48 41
49 35
49 40
41 37
41 38
45 33
45 42
46 33
46 42
41 36
44 33
44 42
47 33
47 42
42 34
42 41
49 34
49 41
41 40
43 33
43 42
48 33
48 42
45 32
45 43
46 32
46 43
41 41
42 33
42 42
44 32
44 43
47 32
47 43
49 33
49 42
43 32
43 43
48 32
48 43
41 33
41 42
42 32
42 43
45 31
45 44
46 31
46 44
49 32
49 43
44 31
44 44
47 31
47 44
43 31
48 31
48 44
41 32
41 43
42 31
42 44
49 31
49 44
45 30
45 45
46 30
46 45
44 30
44 45
47 30
47 45
43 30
43 45
48 30
48 45
42 30
42 45
49 30
49 45
45 29
44 29
47 29
41 30
43 29
48 29
42 29
49 29
0
Yes
35 23
35 24
35 25
35 26
35 27
35 28
35 29
36 23
36 24
36 25
36 26
36 27
36 28
36 29
37 23
37 24
37 25
37 26
37 27
37 28
37 29
38 23
38 24
38 25
38 26
38 27
38 28
38 29
39 23
39 24
39 25
39 26
39 27
39 28
39 29
40 23
40 24
40 25
40 26
40 27
40 28
40 29
41 23
41 24
41 25
41 26
41 27
41 28
41 29
42 23
42 24
42 25
42 26
42 27
42 28
0
Yes
4 31
4 32
5 31
5 32
3 31
3 32
4 30
4 33
5 30
5 33
6 31
6 32
3 30
3 33
6 30
6 33
2 31
2 32
4 29
4 34
5 29
5 34
7 31
7 32
2 30
2 33
3 29
3 34
6 29
6 34
7 30
7 33
1 31
1 32
2 29
2 34
4 28
4 35
5 28
5 35
7 29
8 31
8 32
1 30
1 33
3 28
3 35
6 28
6 35
8 30
8 33
1 29
1 34
2 28
2 35
7 28
8 29
0 31
0 32
4 27
4 36
5 27
5 36
0 30
0 33
3 27
3 36
6 27
6 36
1 28
1 35
8 28
0 29
0 34
2 27
2 36
7 27
4 26
5 26
0 28
0 35
1 36
3 26
6 26
8 27
2 26
7 26
0 27
0 36
1 26
8 26
0 26
0
Yes
39 26
39 27
40 26
40 27
38 26
38 27
39 25
39 28
40 25
40 28
41 26
41 27
38 25
38 28
41 25
41 28
37 26
37 27
39 24
39 29
40 24
40 29
42 26
42 27
37 25
37 28
38 24
38 29
41 24
41 29
42 25
42 28
36 26
36 27
37 24
37 29
39 23
40 23
42 24
43 26
43 27
36 25
36 28
38 23
41 23
36 24
36 29
37 23
42 23
43 24
35 26
35 27
35 25
35 28
36 23
43 23
35 24
35 29
35 23
0
No
0
Yes
45 4
44 4
45 3
44 3
45 5
44 5
46 4
46 3
46 5
43 4
43 3
43 5
45 2
44 2
46 2
43 2
45 6
44 6
46 6
43 6
47 4
47 3
47 5
47 2
47 6
42 4
42 3
42 5
42 2
42 6
45 7
46 7
47 7
48 4
48 3
48 5
48 2
48 6
48 7
47 1
48 1
49 4
49 3
49 5
49 2
49 6
49 1
49 7
42 1
41 2
41 1
47 0
48 0
49 0
46 0
45 0
44 0
43 0
42 0
41 0
47 8
48 8
49 8
0
Yes
9 25
9 26
9 27
9 28
9 29
10 25
10 26
10 27
10 28
10 29
0
Yes
0 2
0 3
0 4
0 5
1 2
1 3
1 4
0
No
0
No
0
No
0
No
0
No
0
Yes
45 39
45 40
45 41
45 42
45 43
45 44
45 45
45 46
45 47
45 48
45 49
46 39
46 40
46 41
46 42
46 43
46 44
46 45
46 46
46 47
46 48
46 49
47 39
47 40
47 41
47 42
47 43
47 44
47 45
47 46
47 47
47 48
47 49
48 39
48 40
48 41
48 42
48 43
48 44
48 45
48 46
48 47
48 48
48 49
49 39
49 40
49 41
49 42
49 43
49 44
49 45
49 46
49 47
49 48
49 49
0
Yes
25 14
25 15
26 14
26 15
24 14
24 15
25 13
25 16
26 13
26 16
27 14
27 15
24 13
24 16
27 13
27 16
23 14
23 15
25 12
25 17
26 12
26 17
28 14
28 15
23 13
23 16
24 12
24 17
27 12
27 17
28 13
28 16
22 14
22 15
23 12
23 17
25 11
25 18
26 11
26 18
28 12
28 17
29 14
22 13
22 16
24 11
24 18
27 11
27 18
29 13
22 17
23 11
23 18
28 11
28 18
29 12
21 14
21 15
25 10
25 19
26 10
26 19
21 13
21 16
24 10
24 19
27 10
27 19
22 18
21 12
21 17
23 10
23 19
28 10
28 19
25 9
26 9
21 11
22 10
24 9
27 9
29 10
23 9
28 9
21 10
22 9
29 9
0
Yes
0 32
0 33
0 34
0 35
0 36
1 32
1 33
1 34
1 35
1 36
2 32
2 33
2 34
2 35
2 36
3 32
3 33
3 34
3 35
3 36
4 32
4 33
4 34
4 35
4 36
5 32
5 33
5 34
5 35
5 36
6 32
6 33
6 34
6 35
6 36
0
No
0
Yes
45 37
46 37
45 36
45 38
46 36
46 38
44 38
47 36
47 38
45 35
45 39
46 35
46 39
44 39
47 35
47 39
43 38
43 37
48 38
45 34
45 40
46 34
46 40
43 39
48 35
48 39
44 34
44 40
47 34
47 40
42 37
42 38
49 38
43 34
43 35
43 40
48 34
48 40
42 39
45 33
45 41
46 33
46 41
49 35
49 39
44 33
44 41
47 33
47 41
41 37
41 36
41 38
42 34
42 40
49 34
49 40
43 33
43 41
48 33
48 41
45 32
45 42
46 32
46 42
44 32
44 42
47 32
47 42
42 33
42 41
49 33
49 41
41 40
43 32
43 42
48 32
48 42
41 33
41 41
45 31
45 43
46 31
46 43
42 32
42 42
49 32
49 42
44 31
44 43
47 31
47 43
43 31
43 43
48 31
48 43
41 32
41 42
42 31
42 43
49 31
49 43
45 30
46 30
44 30
47 30
43 30
48 30
41 43
42 30
0
Yes
43 21
42 21
43 20
42 20
43 22
42 22
44 21
44 20
41 21
41 20
41 22
43 19
42 19
44 19
45 21
45 20
45 19
40 21
40 20
40 22
43 18
42 18
44 18
45 18
46 21
46 20
46 19
46 18
46 22
40 19
46 23
43 17
42 17
44 17
45 17
46 17
47 21
47 20
47 22
47 19
47 18
47 17
39 20
39 19
39 22
40 18
39 18
46 24
40 17
39 17
43 16
42 16
44 16
46 25
45 25
48 21
48 20
48 22
48 19
48 18
48 17
38 20
41 16
40 16
39 16
48 23
47 25
46 26
47 26
48 24
48 25
48 26
49 21
49 20
49 22
49 19
49 23
49 18
49 24
49 25
49 26
37 20
37 21
42 15
41 15
40 15
39 15
38 17
38 16
38 15
47 16
48 16
36 21
36 20
36 22
42 14
41 14
40 14
39 14
38 14
43 14
47 27
48 27
49 27
36 19
37 16
37 15
49 16
35 21
35 20
35 22
35 19
47 28
48 28
49 28
49 15
35 18
47 29
48 29
49 29
0
No
0
Yes
16 22
16 23
17 22
17 23
18 22
18 23
19 22
19 23
0
Yes
46 37
46 38
45 37
45 38
47 38
46 36
46 39
45 36
45 39
47 36
47 39
44 38
48 38
44 39
46 35
46 40
48 39
45 35
45 40
47 35
47 40
43 38
43 37
49 38
44 40
48 35
48 40
43 39
49 39
46 34
46 41
45 34
45 41
47 34
47 41
43 40
49 35
49 40
42 37
42 38
44 34
44 41
48 34
48 41
42 39
46 33
46 42
43 34
43 35
43 41
45 33
45 42
47 33
47 42
49 34
49 41
42 40
44 33
44 42
48 33
48 42
42 34
42 41
43 33
43 42
49 33
49 42
46 32
46 43
45 32
45 43
47 32
47 43
44 32
44 43
48 32
48 43
42 33
42 42
43 32
43 43
49 32
49 43
46 31
46 44
45 31
45 44
47 31
47 44
42 32
42 43
44 31
44 44
48 31
48 44
43 31
49 31
49 44
46 30
45 30
47 30
42 31
42 44
44 30
48 30
43 30
49 30
42 30
0
Yes
22 30
22 31
22 32
22 33
22 34
22 35
22 36
22 37
22 38
23 30
23 31
23 32
23 33
23 34
23 35
23 36
23 37
23 38
24 30
24 31
24 32
24 33
24 34
24 35
24 36
24 37
24 38
25 30
25 31
25 32
25 33
25 34
25 35
25 36
25 37
25 38
26 30
26 31
26 32
26 33
26 34
26 35
26 36
26 37
26 38
27 30
27 31
27 32
27 33
27 34
27 35
27 36
27 37
27 38
28 30
28 31
28 32
28 33
28 34
28 35
28 36
28 37
28 38
29 30
29 31
29 32
29 33
29 34
29 35
29 36
29 37
29 38
30 30
30 31
30 32
30 33
30 34
30 35
30 36
30 37
30 38
31 30
0
Yes
2 26
2 27
2 28
2 29
2 30
2 31
3 26
3 27
3 28
3 29
3 30
3 31
4 26
4 27
4 28
4 29
4 30
4 31
5 26
5 27
5 28
5 29
5 30
5 31
6 26
6 27
6 28
6 29
6 30
6 31
7 26
7 27
7 28
7 29
7 30
7 31
8 26
8 27
8 28
8 29
8 30
0
Yes
7 32
7 33
8 32
8 33
0
Yes
27 25
26 25
27 24
27 26
28 25
26 24
26 26
28 24
28 26
25 25
27 23
27 27
29 25
25 24
25 26
26 23
26 27
28 23
28 27
29 26
25 23
25 27
29 23
29 27
24 25
27 22
27 28
30 25
24 24
24 26
26 22
26 28
28 22
28 28
30 24
30 26
24 23
24 27
25 22
25 28
29 22
29 28
30 23
30 27
23 25
27 21
27 29
31 25
23 24
23 26
26 21
26 29
28 21
28 29
31 24
31 26
24 22
24 28
30 22
30 28
23 23
23 27
25 21
25 29
29 21
29 29
31 23
31 27
22 25
23 22
23 28
24 21
24 29
27 20
30 21
30 29
31 22
31 28
32 25
22 24
22 26
26 20
28 20
32 24
32 26
22 23
22 27
25 20
29 20
32 23
32 27
23 21
23 29
31 21
31 29
22 22
22 28
24 20
30 20
32 22
32 28
21 25
33 25
21 24
21 26
33 24
33 26
21 23
21 27
33 23
33 27
22 21
22 29
23 20
31 20
32 21
32 29
21 22
33 22
33 28
20 25
34 25
20 24
20 26
22 20
32 20
34 24
34 26
21 21
33 21
33 29
20 23
20 27
34 23
34 27
20 22
34 22
34 28
21 20
33 20
20 21
34 21
34 29
20 20
34 20
19 21
19 20
0
Yes
24 14
24 15
23 14
23 15
25 14
25 15
24 13
24 16
23 13
23 16
25 13
25 16
22 14
22 15
26 14
26 15
22 13
22 16
24 12
24 17
26 13
26 16
23 12
23 17
25 12
25 17
21 14
21 15
27 14
27 15
22 17
26 12
26 17
21 13
21 16
27 13
27 16
24 11
24 18
23 11
23 18
25 11
25 18
21 12
21 17
27 12
27 17
20 14
20 15
22 18
26 11
26 18
28 14
28 15
20 13
20 16
28 13
28 16
24 10
24 19
21 11
23 10
23 19
25 10
25 19
27 11
27 18
20 12
20 17
28 12
28 17
22 10
26 10
26 19
19 14
19 15
19 13
19 16
20 18
28 11
28 18
21 10
27 10
27 19
24 9
19 12
19 17
23 9
25 9
22 9
26 9
20 19
28 10
28 19
19 11
19 18
21 9
27 9
0
Yes
0 10
0 11
0 12
0 13
1 10
1 11
1 12
1 13
2 10
2 11
2 12
2 13
3 10
3 11
0
Yes
33 42
33 43
34 42
34 43
32 42
32 43
33 41
33 44
34 41
34 44
35 42
35 43
32 41
35 41
35 44
31 42
31 43
33 40
33 45
34 40
34 45
36 42
36 43
31 41
31 44
32 40
32 45
35 40
35 45
36 41
36 44
30 42
30 43
31 40
31 45
33 39
33 46
34 39
36 40
36 45
37 42
37 43
30 41
30 44
32 39
32 46
35 39
37 41
37 44
30 40
30 45
31 39
31 46
36 39
36 46
37 40
37 45
29 43
33 38
34 38
29 44
32 38
35 38
30 39
30 46
37 39
37 46
29 40
29 45
31 38
36 38
29 39
29 46
0
Yes
3 0
3 1
3 2
3 3
3 4
4 0
4 1
4 2
4 3
4 4
0
Yes
24 30
24 31
24 32
24 33
24 34
24 35
24 36
24 37
25 30
25 31
25 32
25 33
25 34
25 35
25 36
25 37
26 30
26 31
26 32
26 33
26 34
26 35
26 36
26 37
27 30
27 31
27 32
27 33
27 34
27 35
27 36
27 37
28 30
28 31
28 32
28 33
28 34
28 35
28 36
28 37
29 30
29 31
29 32
29 33
29 34
29 35
29 36
29 37
30 30
30 31
30 32
30 33
30 34
30 35
30 36
30 37
31 30
31 31
0
Yes
29 3
29 4
29 5
29 6
29 7
29 8
30 3
30 4
30 5
30 6
30 7
30 8
31 3
31 4
31 5
31 6
31 7
31 8
0
Yes
17 38
17 39
17 40
17 41
17 42
17 43
17 44
17 45
17 46
17 47
17 48
17 49
18 38
18 39
18 40
18 41
18 42
18 43
18 44
18 45
18 46
18 47
18 48
18 49
19 38
19 39
19 40
19 41
19 42
19 43
19 44
19 45
19 46
19 47
19 48
19 49
20 38
20 39
20 40
20 41
20 42
20 43
20 44
20 45
20 46
20 47
20 48
20 49
21 38
21 39
21 40
21 41
21 42
21 43
21 44
21 45
21 46
21 47
21 48
21 49
22 38
22 39
22 40
22 41
22 42
22 43
22 44
22 45
22 46
22 47
22 48
22 49
23 38
23 39
23 40
23 41
23 42
23 43
23 44
23 45
23 46
23 47
23 48
23 49
24 38
24 39
24 40
24 41
24 42
24 43
24 44
24 45
24 46
24 47
24 48
24 49
0
Yes
25 42
25 43
25 44
25 45
26 42
26 43
26 44
26 45
27 42
27 43
27 44
27 45
28 42
28 43
28 44
28 45
0
No
0
Yes
24 13
24 14
24 15
24 16
24 17
24 18
24 19
25 13
25 14
25 15
25 16
25 17
25 18
25 19
26 13
26 14
26 15
26 16
26 17
26 18
26 19
27 13
27 14
27 15
27 16
27 17
27 18
27 19
28 13
28 14
28 15
28 16
28 17
28 18
28 19
29 13
29 14
29 15
29 16
29 17
29 18
29 19
30 13
30 14
30 15
30 16
30 17
30 18
30 19
31 13
31 14
31 15
0
No
0
Yes
23 7
23 8
23 9
23 10
23 11
23 12
24 7
24 8
24 9
24 10
24 11
24 12
25 7
25 8
25 9
25 10
25 11
25 12
26 7
26 8
26 9
26 10
26 11
26 12
27 7
27 8
27 9
27 10
27 11
27 12
28 7
28 8
28 9
28 10
28 11
28 12
0
No
0
Yes
31 16
31 17
31 18
31 19
32 16
32 17
32 18
32 19
33 16
33 17
33 18
33 19
34 16
34 17
34 18
34 19
35 16
0
Yes
22 4
21 4
22 3
22 5
23 4
21 3
21 5
23 3
23 5
20 4
22 2
22 6
24 4
20 3
21 2
21 6
23 2
23 6
24 3
24 5
24 2
24 6
19 4
22 1
25 4
19 3
19 5
21 1
23 1
25 3
25 5
19 2
24 1
25 2
25 6
18 4
26 4
18 3
18 5
26 3
26 5
25 1
18 2
18 6
26 2
26 6
17 4
26 1
27 4
17 3
17 5
27 3
17 2
17 6
27 2
27 6
27 1
16 4
28 4
16 3
16 5
28 3
16 2
16 6
28 2
28 6
16 1
28 1
15 4
15 3
15 5
15 2
15 6
0
Yes
0 32
0 33
0 34
0 35
0 36
1 32
1 33
1 34
1 35
1 36
2 32
2 33
2 34
2 35
2 36
3 32
3 33
3 34
3 35
3 36
4 32
4 33
4 34
4 35
4 36
5 32
5 33
5 34
5 35
5 36
6 32
6 33
6 34
6 35
0
Yes
35 47
35 48
35 49
36 47
36 48
36 49
37 47
0
Yes
5 0
5 1
5 2
6 0
6 1
6 2
7 0
7 1
7 2
8 0
8 1
0
No
0
Yes
32 7
32 8
32 9
32 10
32 11
32 12
33 7
33 8
33 9
33 10
33 11
33 12
34 7
34 8
34 9
34 10
34 11
34 12
35 7
35 8
35 9
35 10
35 11
35 12
36 7
36 8
36 9
36 10
36 11
36 12
37 7
37 8
37 9
37 10
37 11
37 12
38 7
38 8
38 9
38 10
38 11
38 12
39 7
39 8
39 9
39 10
39 11
39 12
40 7
40 8
40 9
40 10
40 11
40 12
41 7
41 8
41 9
41 10
41 11
41 12
42 7
42 8
42 9
42 10
42 11
42 12
43 7
43 8
43 9
43 10
43 11
43 12
44 7
44 8
44 9
44 10
44 11
44 12
0
Yes
35 23
35 24
35 25
35 26
35 27
35 28
35 29
36 23
36 24
36 25
36 26
36 27
36 28
36 29
37 23
37 24
37 25
37 26
37 27
37 28
37 29
38 23
38 24
38 25
38 26
38 27
38 28
38 29
39 23
39 24
39 25
39 26
39 27
39 28
39 29
40 23
40 24
40 25
40 26
40 27
40 28
40 29
41 23
41 24
41 25
41 26
41 27
41 28
41 29
42 23
42 24
42 25
42 26
0
No
0
Yes
5 46
5 47
5 48
5 49
6 46
6 47
6 48
6 49
7 46
7 47
7 48
7 49
8 46
8 47
8 48
8 49
9 46
9 47
9 48
9 49
0
Yes
22 18
22 17
23 18
23 17
21 17
23 19
22 16
21 16
23 16
20 17
20 16
20 18
20 19
19 18
19 17
19 19
19 16
22 15
21 15
23 15
20 15
19 15
22 14
21 14
23 14
20 14
19 14
18 17
18 16
18 15
18 14
22 13
21 13
23 13
20 13
19 13
21 12
20 12
19 12
23 12
24 12
25 12
21 11
23 11
24 11
25 11
18 12
26 12
26 11
19 11
27 12
27 11
21 10
22 10
23 10
24 10
25 10
26 10
27 10
28 12
28 11
28 10
19 10
18 10
22 9
21 9
23 9
24 9
25 9
26 9
27 9
28 9
20 9
19 9
18 9
29 12
22 8
21 8
23 8
24 8
25 8
26 8
27 8
28 8
30 12
19 8
18 8
29 10
29 9
30 11
22 7
21 7
23 7
24 7
25 7
26 7
27 7
28 7
17 8
16 8
18 7
17 7
16 7
22 6
21 6
23 6
24 6
25 6
26 6
27 6
28 6
15 8
15 7
18 6
17 6
16 6
15 6
14 8
22 5
21 5
23 5
24 5
25 5
26 5
13 8
18 5
17 5
16 5
15 5
19 5
22 4
21 4
23 4
24 4
25 4
26 4
12 8
20 4
19 4
18 4
17 4
16 4
15 4
13 7
12 7
14 6
0
Yes
22 30
22 31
22 32
22 33
22 34
22 35
22 36
22 37
23 30
23 31
23 32
23 33
23 34
23 35
23 36
23 37
24 30
24 31
24 32
24 33
24 34
24 35
24 36
24 37
25 30
25 31
25 32
25 33
25 34
25 35
25 36
25 37
26 30
26 31
26 32
26 33
26 34
26 35
26 36
26 37
27 30
27 31
27 32
27 33
27 34
27 35
27 36
27 37
28 30
28 31
28 32
28 33
28 34
28 35
28 36
28 37
29 30
29 31
29 32
29 33
29 34
29 35
29 36
29 37
30 30
30 31
0
Yes
35 23
35 24
35 25
35 26
35 27
35 28
36 23
36 24
36 25
36 26
36 27
36 28
37 23
37 24
37 25
37 26
37 27
37 28
38 23
38 24
38 25
38 26
38 27
38 28
39 23
39 24
39 25
39 26
39 27
39 28
40 23
40 24
40 25
40 26
40 27
40 28
41 23
41 24
41 25
41 26
41 27
41 28
0
Yes
31 17
31 18
31 19
32 17
32 18
32 19
33 17
33 18
33 19
34 17
34 18
0
No
0
No
0
No
0
Yes
4 32
4 33
5 32
5 33
3 32
3 33
4 31
4 34
5 31
5 34
6 32
6 33
3 31
3 34
6 31
6 34
2 32
2 33
4 30
4 35
5 30
5 35
7 32
7 33
2 31
2 34
3 30
3 35
6 30
6 35
7 31
1 32
1 33
2 30
2 35
4 29
4 36
5 29
5 36
7 30
8 32
8 33
1 31
1 34
3 29
3 36
6 29
6 36
8 31
1 30
1 35
2 29
2 36
7 29
8 30
0 32
0 33
4 28
4 37
5 28
5 37
0 31
0 34
3 28
3 37
6 28
6 37
1 29
1 36
8 29
0 30
0 35
2 28
2 37
7 28
7 37
4 27
4 38
5 27
5 38
0 29
0 36
1 28
1 37
3 27
3 38
6 27
6 38
8 28
8 37
2 27
7 27
7 38
0 28
1 38
4 26
5 26
8 27
3 26
6 26
2 26
7 26
0
No
0
No
0
No
0
Yes
43 2
43 3
43 4
43 5
43 6
44 2
44 3
44 4
44 5
44 6
45 2
45 3
45 4
45 5
45 6
46 2
46 3
46 4
46 5
46 6
47 2
47 3
47 4
47 5
47 6
48 2
48 3
48 4
48 5
48 6
49 2
49 3
49 4
49 5
49 6
0
Yes
45 45
45 46
45 47
45 48
45 49
46 45
46 46
46 47
46 48
46 49
47 45
47 46
47 47
47 48
47 49
48 45
48 46
48 47
48 48
48 49
49 45
49 46
0
Yes
34 33
33 33
34 32
33 32
34 34
33 34
35 33
35 32
35 34
32 33
32 32
32 34
34 31
35 31
34 35
33 35
35 35
32 35
36 33
36 32
36 34
36 31
36 35
31 33
31 32
31 34
31 35
34 30
35 30
36 30
37 33
37 32
37 34
37 31
37 35
37 30
35 36
36 36
37 36
31 31
32 36
31 36
30 33
30 32
30 34
30 35
30 36
35 29
36 29
37 29
38 34
38 35
38 36
31 30
32 37
31 37
30 37
33 37
36 37
37 37
38 37
38 30
38 29
39 34
39 35
39 36
39 33
37 38
38 38
39 30
39 29
39 31
40 33
40 34
40 35
40 36
40 32
30 38
41 33
41 32
29 38
40 29
40 37
41 36
41 37
28 38
40 38
41 38
41 29
41 30
28 39
27 38
27 39
42 29
28 40
27 40
26 38
26 39
42 28
43 29
42 27
25 38
25 39
27 41
0
Yes
42 23
42 24
43 23
43 24
44 23
0
Yes
47 0
47 1
48 0
48 1
49 0
49 1
0
Yes
10 16
9 16
11 16
9 15
8 16
8 15
8 17
9 14
8 14
10 14
11 14
8 18
9 18
10 18
11 18
7 16
7 15
7 17
7 14
7 18
10 13
9 13
11 13
8 13
7 13
10 19
9 19
11 19
8 19
7 19
6 16
6 15
6 14
6 13
10 20
9 20
11 20
11 12
6 19
7 12
6 12
5 15
5 14
5 13
5 12
11 11
10 11
11 21
6 20
5 19
5 18
7 11
6 11
5 11
10 10
11 10
4 15
4 14
4 13
4 12
4 11
4 16
4 17
4 18
4 19
11 22
12 22
6 21
7 21
7 10
6 10
5 10
4 10
8 10
13 22
3 16
3 15
3 17
3 14
10 9
5 21
9 9
8 9
7 9
6 9
5 9
0
Yes
42 23
42 24
43 23
43 24
44 23
0
No
0
Yes
30 0
30 1
30 2
31 0
31 1
31 2
32 0
32 1
32 2
33 0
33 1
33 2
34 0
34 1
34 2
35 0
35 1
35 2
36 0
36 1
36 2
0
No
0
No
0
Yes
0 10
0 11
0 12
0 13
1 10
1 11
1 12
1 13
2 10
2 11
2 12
2 13
3 10
3 11
0
Yes
15 39
15 38
15 40
16 39
16 38
16 40
14 38
14 40
15 37
16 37
15 41
14 41
17 39
17 38
17 40
17 37
17 41
15 42
14 42
18 39
18 38
18 40
18 37
18 41
16 42
17 42
18 42
13 42
15 43
14 43
19 39
19 38
19 40
19 37
19 41
19 42
12 42
12 41
12 40
12 39
12 38
12 37
11 39
11 38
11 40
11 37
11 41
11 42
17 43
18 43
19 43
10 39
10 38
10 40
10 37
10 41
12 43
15 44
14 44
20 39
20 38
20 40
20 37
20 41
20 42
20 43
16 44
17 44
18 44
19 44
20 44
10 36
9 39
9 40
9 41
15 45
14 45
16 45
17 45
18 45
19 45
20 45
21 39
21 38
21 40
21 37
21 41
21 42
21 43
21 44
21 45
13 45
10 35
9 36
9 35
9 42
21 36
8 39
8 40
8 41
8 42
22 39
22 38
22 40
22 41
22 42
22 43
22 44
22 45
10 34
9 34
14 46
13 46
16 46
17 46
18 46
19 46
20 46
21 46
22 46
21 35
10 33
9 33
21 34
7 39
7 40
7 41
7 42
23 39
23 38
23 40
23 41
23 42
23 43
23 44
23 45
23 46
8 43
7 43
16 47
17 47
18 47
19 47
0
Yes
0 29
0 30
0 31
0 32
0 33
0 34
0 35
0 36
1 29
1 30
1 31
1 32
1 33
1 34
1 35
1 36
2 29
2 30
2 31
2 32
2 33
2 34
2 35
2 36
3 29
3 30
3 31
3 32
3 33
3 34
3 35
3 36
4 29
4 30
4 31
4 32
4 33
4 34
4 35
4 36
5 29
5 30
5 31
5 32
5 33
5 34
5 35
5 36
6 29
6 30
6 31
6 32
6 33
6 34
6 35
6 36
7 29
7 30
7 31
0
Yes
15 28
15 29
16 28
16 29
14 28
14 29
15 27
15 30
16 27
16 30
17 28
17 29
14 27
14 30
17 27
17 30
13 28
13 29
15 26
16 26
16 31
18 28
18 29
13 27
13 30
14 26
14 31
17 26
17 31
18 27
18 30
12 28
12 29
13 26
13 31
15 25
16 25
16 32
18 26
18 31
19 28
19 29
12 27
12 30
14 25
14 32
17 25
17 32
19 27
19 30
12 26
12 31
13 25
13 32
18 25
18 32
19 26
19 31
11 28
11 29
15 24
16 24
20 29
11 27
11 30
14 24
17 24
20 30
12 25
12 32
19 25
19 32
11 31
13 24
18 24
20 31
10 28
10 29
10 27
10 30
11 32
12 24
19 24
20 32
0
Yes
24 13
24 14
24 15
24 16
24 17
24 18
24 19
25 13
25 14
25 15
25 16
25 17
25 18
25 19
26 13
26 14
26 15
26 16
26 17
26 18
26 19
27 13
27 14
27 15
27 16
27 17
27 18
27 19
28 13
28 14
28 15
28 16
28 17
28 18
28 19
29 13
29 14
29 15
29 16
29 17
29 18
29 19
30 13
30 14
30 15
30 16
30 17
30 18
30 19
31 13
31 14
31 15
31 16
31 17
31 18
31 19
32 13
32 14
32 15
32 16
32 17
32 18
32 19
33 13
33 14
33 15
33 16
33 17
33 18
33 19
34 13
34 14
34 15
34 16
34 17
34 18
0
No
0
Yes
45 45
45 46
45 47
45 48
45 49
46 45
46 46
46 47
46 48
46 49
47 45
47 46
47 47
47 48
47 49
48 45
48 46
48 47
48 48
48 49
49 45
49 46
49 47
49 48
49 49
0
Yes
24 13
24 14
24 15
24 16
24 17
24 18
24 19
25 13
25 14
25 15
25 16
25 17
25 18
25 19
26 13
26 14
26 15
26 16
26 17
26 18
26 19
27 13
27 14
27 15
27 16
27 17
27 18
27 19
28 13
28 14
28 15
28 16
28 17
28 18
28 19
29 13
29 14
29 15
29 16
29 17
29 18
29 19
30 13
30 14
30 15
0
Yes
38 10
38 11
39 10
39 11
37 10
37 11
38 9
38 12
39 9
39 12
40 10
40 11
37 9
37 12
40 9
40 12
36 10
36 11
38 8
38 13
39 8
39 13
41 10
41 11
36 9
36 12
37 8
40 8
40 13
41 9
41 12
35 10
35 11
36 8
36 13
38 7
39 7
41 8
41 13
42 10
42 11
35 9
35 12
37 7
40 7
42 9
42 12
35 8
35 13
36 7
36 14
41 7
42 8
42 13
34 10
34 11
38 6
39 6
43 10
43 11
34 9
34 12
37 6
40 6
43 9
43 12
35 7
35 14
42 7
34 8
34 13
36 6
41 6
43 8
43 13
33 10
33 11
44 10
44 11
33 9
33 12
34 7
34 14
35 6
42 6
43 7
44 9
44 12
33 8
33 13
44 8
44 13
34 6
43 6
32 10
32 11
33 7
33 14
44 7
32 9
32 12
32 8
32 13
33 6
44 6
32 7
32 14
32 6
0
Yes
24 36
23 36
24 35
23 35
24 37
23 37
25 36
25 35
25 37
22 36
22 35
22 37
24 34
23 34
25 34
22 34
24 38
26 36
26 35
26 37
26 34
24 33
23 33
25 33
22 33
26 33
24 39
27 36
27 35
27 37
27 34
27 33
24 32
23 32
25 32
22 32
26 32
27 32
24 40
28 36
28 35
28 37
28 34
28 33
28 32
21 33
21 32
24 31
23 31
25 31
22 31
26 31
21 31
27 31
28 31
24 41
29 36
29 35
29 37
29 34
29 33
29 32
29 31
24 30
23 30
25 30
22 30
26 30
27 30
28 30
29 30
0
No
0
Yes
14 15
13 15
14 14
13 14
14 16
13 16
15 15
15 14
15 16
12 15
12 14
12 16
14 13
13 13
15 13
12 13
14 17
13 17
15 17
12 17
16 15
16 14
16 16
16 13
16 17
14 12
13 12
15 12
12 12
17 15
17 14
17 16
17 13
17 17
13 18
12 18
15 18
16 18
17 18
14 11
13 11
15 11
12 11
13 19
12 19
14 19
15 19
16 19
17 19
17 12
16 11
17 11
14 10
13 10
15 10
12 10
16 10
17 10
14 20
13 20
15 20
12 20
16 20
17 20
14 9
13 9
15 9
16 9
17 9
14 21
13 21
15 21
12 21
16 21
0
No
0
No
0
No
0
Yes
26 5
26 6
25 5
25 6
27 6
26 4
26 7
25 4
25 7
27 4
27 7
24 5
24 6
28 6
24 4
24 7
26 3
26 8
28 4
28 7
25 3
25 8
27 3
27 8
23 5
23 6
29 6
29 5
24 3
24 8
28 3
28 8
23 4
23 7
29 4
29 7
26 2
26 9
25 2
25 9
27 2
27 9
23 3
23 8
29 3
29 8
22 5
22 6
24 2
24 9
28 2
28 9
30 5
30 6
22 4
22 7
30 4
30 7
26 1
26 10
23 2
23 9
25 1
25 10
27 1
27 10
29 9
22 3
22 8
30 3
30 8
24 1
24 10
28 1
28 10
21 5
21 6
21 4
21 7
22 2
22 9
23 1
23 10
29 1
29 10
26 0
21 3
21 8
25 0
27 0
24 0
28 0
22 1
22 10
21 2
21 9
23 0
29 0
21 1
21 10
22 0
0
Yes
13 24
13 25
13 26
13 27
13 28
13 29
14 24
14 25
14 26
14 27
14 28
14 29
15 24
15 25
15 26
15 27
15 28
15 29
16 24
16 25
16 26
16 27
16 28
16 29
17 24
17 25
17 26
17 27
17 28
17 29
18 24
18 25
18 26
18 27
18 28
18 29
19 24
19 25
19 26
19 27
19 28
19 29
0
Yes
15 15
14 15
15 14
15 16
16 15
14 14
14 16
16 14
16 16
13 15
15 13
15 17
17 15
13 14
13 16
14 13
14 17
16 13
16 17
17 14
17 16
13 13
13 17
17 13
17 17
12 15
15 12
15 18
12 14
12 16
14 12
16 18
12 13
12 17
13 12
13 18
17 12
17 18
15 11
15 19
14 11
14 19
16 11
16 19
12 12
12 18
13 11
13 19
17 11
17 19
12 11
12 19
15 10
15 20
14 10
14 20
16 10
16 20
13 10
13 20
17 10
17 20
12 10
12 20
15 9
15 21
14 9
14 21
16 9
16 21
13 9
13 21
17 9
17 21
12 21
15 8
14 8
16 8
13 8
17 8
12 8
0
Yes
7 27
6 27
7 26
6 26
7 28
6 28
8 27
8 26
8 28
5 27
5 26
5 28
7 25
8 25
9 27
9 26
9 28
9 25
8 29
9 29
5 25
4 27
4 26
4 28
4 25
7 24
8 24
9 24
10 27
10 26
10 28
10 25
10 29
10 24
6 24
5 24
4 24
8 30
3 27
3 26
3 28
3 25
7 23
6 23
8 23
5 23
9 23
4 23
10 23
11 27
11 28
11 29
8 31
10 30
11 30
9 31
10 31
11 31
2 27
2 26
2 28
2 25
11 24
11 23
12 27
12 28
12 29
12 30
12 31
8 32
9 32
10 32
11 32
12 32
7 32
12 26
5 22
4 22
9 22
12 25
12 24
7 33
8 33
0
No
0
No
0
Yes
3 0
3 1
3 2
4 0
4 1
4 2
0
No
0
Yes
20 43
19 43
20 42
20 44
21 43
19 42
19 44
21 42
21 44
18 43
20 41
20 45
22 43
18 42
18 44
19 41
19 45
21 41
21 45
22 42
22 44
18 41
18 45
22 41
22 45
17 43
20 40
20 46
23 43
17 42
17 44
19 40
19 46
21 40
21 46
23 42
23 44
17 41
17 45
18 40
18 46
22 40
22 46
23 41
23 45
20 39
20 47
16 42
16 44
19 39
19 47
21 39
21 47
17 40
17 46
23 40
23 46
16 45
18 39
18 47
22 39
22 47
16 40
16 46
17 39
17 47
20 38
20 48
23 39
23 47
19 38
19 48
21 38
21 48
18 38
18 48
22 38
22 48
16 39
16 47
17 38
17 48
23 38
23 48
20 37
20 49
19 37
19 49
21 37
21 49
18 37
18 49
22 49
16 38
16 48
17 37
17 49
23 49
20 36
19 36
21 36
16 37
16 49
18 36
17 36
16 36
0
Yes
24 42
24 43
24 44
24 45
24 46
24 47
24 48
24 49
25 42
25 43
25 44
25 45
25 46
25 47
25 48
25 49
26 42
26 43
26 44
26 45
26 46
26 47
26 48
26 49
27 42
27 43
27 44
27 45
27 46
27 47
27 48
27 49
28 42
28 43
28 44
28 45
28 46
0
No
0
Yes
43 3
42 3
43 2
42 2
43 4
42 4
44 3
44 2
44 4
43 5
42 5
44 5
45 3
45 2
45 4
45 5
41 2
42 1
41 1
46 3
46 2
46 4
46 5
40 2
40 1
40 3
40 4
42 0
41 0
40 0
43 0
44 0
40 5
45 0
45 6
46 6
39 3
39 2
39 1
39 0
47 3
47 2
47 4
47 5
47 6
46 0
45 7
46 7
47 7
47 1
47 0
38 3
38 2
38 1
38 0
48 3
48 2
48 4
48 1
48 5
48 0
48 6
48 7
38 4
38 5
37 3
37 2
37 4
37 1
37 5
37 0
49 3
49 2
49 4
49 1
49 5
49 0
49 6
0
Yes
8 39
7 39
8 40
7 40
9 39
9 40
7 38
6 39
6 38
8 41
7 41
9 41
10 39
10 40
10 41
7 37
6 37
8 37
10 38
10 37
5 39
5 38
5 37
8 42
7 42
9 42
11 39
11 38
11 40
11 37
11 41
5 40
6 42
10 36
11 36
9 36
4 39
4 38
4 40
4 37
8 43
7 43
6 43
12 39
12 38
12 40
12 37
12 41
12 36
9 35
10 35
11 35
12 35
11 42
12 42
3 39
3 38
3 37
5 43
9 34
10 34
11 34
12 34
6 44
5 44
4 43
4 44
12 43
13 36
13 35
13 34
13 42
9 33
10 33
11 33
12 33
0
Yes
29 26
30 26
29 25
29 27
30 25
30 27
28 26
31 26
28 25
28 27
31 25
31 27
29 28
30 24
30 28
27 26
28 24
28 28
31 24
31 28
32 26
27 25
27 27
32 25
32 27
29 29
30 23
29 23
30 29
27 24
27 28
32 24
32 28
28 23
28 29
31 23
31 29
26 26
33 26
26 25
26 27
33 25
33 27
27 23
27 29
32 23
32 29
26 24
26 28
29 22
30 22
33 24
33 28
28 22
31 22
25 26
34 26
25 25
25 27
26 23
26 29
33 23
33 29
34 25
34 27
27 22
32 22
25 24
25 28
34 24
34 28
26 22
33 22
25 23
25 29
34 23
34 29
24 26
24 25
24 27
24 24
24 28
25 22
34 22
24 23
24 29
0
Yes
34 43
33 43
34 42
33 42
34 44
33 44
35 43
35 42
35 44
32 43
32 42
34 41
33 41
35 41
32 41
34 45
33 45
35 45
36 43
36 42
36 44
36 41
36 45
32 45
31 43
31 42
31 41
34 40
33 40
35 40
32 40
36 40
31 40
37 43
37 42
37 44
37 41
37 45
37 40
31 44
31 45
33 46
32 46
31 46
36 46
37 46
30 43
30 42
30 44
30 41
30 45
30 40
30 46
34 39
33 39
35 39
32 39
36 39
31 39
37 39
30 39
38 43
38 44
38 45
38 46
33 47
32 47
36 47
37 47
38 47
35 47
38 41
38 40
29 43
29 44
29 45
29 46
34 38
33 38
35 38
32 38
36 38
31 38
39 43
33 48
32 48
35 48
0
Yes
21 23
20 23
21 22
21 24
22 23
20 22
20 24
22 22
22 24
19 23
21 21
21 25
23 23
19 22
20 21
20 25
22 21
22 25
23 22
23 24
19 21
23 21
23 25
18 23
21 20
21 26
18 22
20 20
20 26
22 20
22 26
18 21
19 20
23 20
23 26
21 27
20 19
20 27
22 27
19 19
23 19
23 27
20 18
19 18
23 18
0
No
0
Yes
4 13
4 14
5 13
5 14
3 14
4 12
4 15
5 12
5 15
6 13
6 14
3 15
6 12
6 15
4 11
4 16
5 11
7 13
7 14
2 15
3 11
3 16
6 11
6 16
7 12
7 15
2 11
2 12
2 13
1 13
2 16
4 10
4 17
5 10
7 11
7 16
8 13
8 14
1 12
1 15
3 10
3 17
6 10
8 15
1 11
1 16
2 10
2 17
7 10
7 17
8 16
0 13
4 9
4 18
5 9
5 18
0 12
0 15
3 9
6 9
1 10
1 17
8 10
8 17
0 11
0 16
2 9
2 18
7 9
7 18
4 8
0 10
0 17
1 9
1 18
3 8
8 9
8 18
2 8
7 8
0 9
0 18
1 8
8 8
0 8
0
No
0
Yes
17 5
16 5
17 4
16 4
17 6
16 6
18 5
18 4
18 6
15 5
15 4
15 6
17 3
16 3
18 3
15 3
17 7
16 7
18 7
15 7
19 5
19 4
19 3
17 2
16 2
18 2
15 2
19 2
14 6
18 8
20 4
20 3
14 3
14 2
19 8
16 1
15 1
14 1
18 9
19 9
13 3
13 2
13 1
13 4
13 5
12 5
12 4
20 9
12 6
16 0
15 0
14 0
13 0
0
No
0
No
0
No
0
No
0
No
0
Yes
9 45
8 45
9 44
9 46
8 46
10 45
10 44
7 45
7 46
9 47
8 47
7 47
11 45
11 46
11 47
6 45
6 46
6 47
9 48
8 48
7 48
6 48
12 47
5 45
5 46
5 47
5 48
9 49
8 49
7 49
6 49
5 49
10 49
12 48
13 47
13 48
13 46
13 45
4 45
12 49
13 49
14 45
14 46
14 44
14 43
14 42
14 48
14 49
3 45
15 45
15 44
15 43
15 42
3 44
3 46
3 43
4 49
14 41
15 41
3 42
2 45
2 44
2 46
14 40
15 40
3 41
3 49
2 47
2 48
2 49
1 45
1 44
1 46
1 47
0
No
0
Yes
32 19
31 19
32 18
31 18
32 20
31 20
33 19
33 18
33 20
30 19
30 18
30 20
32 17
31 17
33 17
30 17
32 21
31 21
33 21
30 21
34 19
34 18
34 20
34 17
34 21
32 16
31 16
33 16
30 16
34 16
29 20
29 21
32 15
31 15
33 15
34 15
28 20
28 21
35 16
35 15
0
Yes
21 0
21 1
21 2
21 3
21 4
21 5
21 6
21 7
21 8
21 9
21 10
22 0
22 1
22 2
22 3
22 4
22 5
22 6
22 7
22 8
22 9
22 10
23 0
23 1
23 2
23 3
23 4
23 5
23 6
23 7
23 8
23 9
23 10
24 0
24 1
24 2
24 3
24 4
24 5
24 6
24 7
24 8
24 9
24 10
25 0
25 1
25 2
25 3
25 4
25 5
25 6
25 7
25 8
25 9
25 10
26 0
26 1
26 2
26 3
26 4
26 5
26 6
26 7
26 8
26 9
26 10
27 0
27 1
27 2
27 3
27 4
0
No
0
Yes
33 43
32 43
33 42
32 42
33 44
34 43
34 42
34 44
31 43
31 42
33 41
32 41
34 41
31 41
33 45
34 45
35 43
35 42
35 44
35 41
35 45
31 44
32 45
31 45
30 43
30 42
30 44
30 41
30 45
33 40
32 40
34 40
31 40
35 40
30 40
33 46
32 46
31 46
30 46
36 43
36 42
36 44
36 41
36 45
36 40
29 43
29 44
29 45
29 46
33 39
32 39
34 39
31 39
35 39
30 39
36 39
33 47
32 47
37 43
37 42
37 44
37 41
37 45
37 40
37 39
36 46
37 46
28 43
28 44
28 45
28 46
29 40
29 39
33 38
32 38
34 38
31 38
35 38
36 38
33 48
32 48
36 47
37 47
35 47
38 43
38 44
38 45
38 46
38 47
28 42
35 48
36 48
38 41
38 40
27 43
27 42
27 44
27 45
27 46
33 49
32 49
0
No
0
No
0
Yes
0 6
0 7
1 6
1 7
2 6
2 7
3 6
0
No
0
No
0
No
0
No
0
No
0
Yes
35 24
35 25
35 26
35 27
35 28
36 24
36 25
36 26
36 27
36 28
37 24
37 25
37 26
37 27
37 28
38 24
38 25
38 26
38 27
38 28
39 24
39 25
39 26
39 27
39 28
0
Yes
39 40
39 41
40 40
40 41
41 40
41 41
0
Yes
24 16
24 17
24 18
24 19
24 20
24 21
25 16
25 17
25 18
25 19
25 20
25 21
26 16
26 17
26 18
26 19
26 20
26 21
27 16
27 17
27 18
27 19
27 20
27 21
28 16
28 17
28 18
28 19
28 20
28 21
29 16
29 17
29 18
29 19
29 20
29 21
30 16
30 17
30 18
30 19
30 20
30 21
31 16
31 17
31 18
31 19
31 20
31 21
32 16
32 17
32 18
32 19
32 20
32 21
33 16
33 17
33 18
33 19
33 20
33 21
0
Yes
24 15
23 15
24 14
23 14
25 15
25 14
23 16
22 15
22 14
22 16
24 13
23 13
25 13
22 13
26 15
26 14
26 13
23 17
22 17
21 15
21 14
21 16
21 13
21 17
24 12
23 12
25 12
26 12
27 15
27 14
27 13
27 12
22 18
20 15
20 14
20 16
20 13
20 17
24 11
23 11
25 11
26 11
27 11
28 15
28 14
28 13
28 12
28 11
21 12
20 12
19 15
19 14
19 16
19 13
19 17
19 12
21 11
29 15
29 14
29 13
29 12
27 10
28 10
18 15
18 14
18 16
18 17
30 15
30 14
30 13
30 12
0
No
0
No
0
No
0
No
0
Yes
8 32
7 32
8 31
8 33
9 32
7 31
7 33
9 31
9 33
6 32
8 30
10 32
6 31
6 33
7 30
9 34
10 31
10 33
6 30
6 34
10 30
10 34
5 32
8 29
11 32
5 31
5 33
7 29
9 29
9 35
11 31
11 33
5 30
5 34
6 29
6 35
10 29
10 35
11 30
11 34
4 32
8 28
12 32
4 31
4 33
7 28
9 28
9 36
12 31
12 33
5 29
5 35
11 29
11 35
4 30
4 34
6 28
6 36
10 28
10 36
12 30
12 34
3 32
4 29
4 35
5 28
5 36
8 27
11 28
11 36
12 29
12 35
13 32
3 31
3 33
7 27
9 27
13 31
13 33
3 30
3 34
6 27
10 27
13 30
13 34
4 28
4 36
12 28
12 36
3 29
3 35
5 27
11 27
13 35
2 32
14 32
2 31
2 33
14 31
14 33
2 30
2 34
14 30
14 34
3 28
3 36
4 27
12 27
13 36
2 29
2 35
14 35
1 32
1 31
1 33
3 27
2 28
2 36
14 36
1 30
1 34
15 30
15 34
1 29
1 35
15 35
2 27
0 32
0 31
0 33
1 28
1 36
15 36
0 30
0 34
0 29
0 35
0 28
0 36
0
Yes
16 44
16 45
16 46
16 47
16 48
16 49
17 44
17 45
17 46
17 47
17 48
17 49
18 44
18 45
18 46
18 47
18 48
18 49
19 44
19 45
19 46
19 47
19 48
19 49
20 44
20 45
20 46
20 47
20 48
20 49
21 44
21 45
21 46
21 47
21 48
21 49
22 44
22 45
0
Yes
19 42
19 43
19 44
19 45
19 46
19 47
19 48
19 49
20 42
20 43
20 44
20 45
20 46
20 47
20 48
20 49
21 42
21 43
21 44
21 45
21 46
21 47
21 48
21 49
22 42
22 43
22 44
22 45
22 46
22 47
22 48
22 49
23 42
23 43
23 44
23 45
23 46
23 47
23 48
23 49
24 42
24 43
24 44
24 45
24 46
24 47
24 48
24 49
25 42
25 43
25 44
25 45
25 46
25 47
25 48
25 49
26 42
26 43
26 44
26 45
26 46
26 47
26 48
26 49
0
No
0
Yes
16 46
16 47
16 48
16 49
17 46
17 47
17 48
17 49
18 46
18 47
18 48
18 49
0
Yes
27 23
26 23
27 22
26 22
27 24
26 24
28 23
28 22
28 24
25 23
25 22
25 24
27 25
26 25
28 25
25 25
29 23
29 22
29 25
24 23
24 22
24 24
24 25
27 26
26 26
28 26
25 26
29 26
24 26
30 23
30 22
30 24
30 25
30 26
23 23
23 22
23 24
23 25
23 26
27 27
26 27
28 27
25 27
29 27
24 27
30 27
23 27
31 23
31 22
31 24
31 25
31 26
31 27
23 21
22 23
22 22
22 24
22 21
22 25
22 26
22 27
23 20
22 20
27 28
26 28
28 28
25 28
29 28
24 28
30 28
23 28
31 28
22 28
32 23
32 22
32 24
32 25
32 26
32 27
32 28
23 19
21 23
21 22
21 24
21 21
21 25
21 20
21 26
21 27
27 29
26 29
28 29
25 29
29 29
24 29
30 29
23 29
31 29
22 29
32 29
33 23
33 22
33 24
33 25
33 26
33 27
33 28
33 29
23 18
20 23
20 22
20 24
20 21
20 25
20 20
20 26
20 27
34 23
34 22
34 24
34 25
34 26
34 27
34 28
34 29
22 18
23 17
22 17
34 21
30 30
0
Yes
16 30
16 31
16 32
16 33
17 30
17 31
17 32
17 33
18 30
18 31
18 32
18 33
19 30
19 31
19 32
19 33
20 30
20 31
20 32
0
No
0
Yes
34 39
35 39
34 38
34 40
35 38
35 40
33 39
36 39
33 38
33 40
36 38
36 40
34 41
35 41
32 39
33 37
33 41
36 37
36 41
37 39
32 38
32 40
37 38
37 40
34 42
35 42
32 37
32 41
37 37
37 41
33 42
36 36
35 36
36 42
31 39
31 38
31 40
38 38
38 40
32 36
32 42
37 36
37 42
31 37
31 41
34 43
35 35
34 35
35 43
38 37
38 41
33 35
33 43
36 35
36 43
30 39
30 38
30 40
31 36
31 42
38 36
32 35
32 43
37 35
37 43
30 37
30 41
34 34
34 44
35 34
35 44
33 34
33 44
36 34
36 44
31 35
31 43
38 35
38 43
30 36
30 42
32 34
37 34
37 44
30 35
30 43
34 33
34 45
35 33
35 45
31 34
31 44
38 34
38 44
33 33
33 45
36 33
36 45
32 33
32 45
37 33
37 45
30 34
30 44
31 33
31 45
38 45
34 32
35 32
33 32
36 32
32 32
37 32
30 33
30 45
0
Yes
45 44
46 44
45 43
45 45
46 43
46 45
44 44
47 44
44 43
44 45
47 43
47 45
45 42
45 46
46 42
46 46
44 42
44 46
47 42
47 46
48 44
43 43
43 45
48 43
48 45
45 41
45 47
46 41
46 47
43 42
48 42
48 46
44 41
47 41
47 47
49 44
42 43
42 44
42 45
49 43
49 45
43 41
48 41
48 47
42 42
42 46
45 40
45 48
46 40
46 48
49 42
49 46
44 40
44 48
47 40
47 48
41 43
42 41
42 47
49 41
49 47
43 40
48 40
48 48
41 42
41 46
45 39
45 49
46 39
46 49
44 39
44 49
47 39
47 49
42 40
42 48
49 40
49 48
41 47
43 39
43 49
48 39
48 49
41 48
45 38
46 38
42 39
42 49
49 39
49 49
44 38
47 38
43 38
48 38
42 38
49 38
0
No
0
Yes
10 37
10 38
10 39
11 37
11 38
11 39
12 37
12 38
12 39
0
Yes
19 38
19 39
19 40
19 41
20 38
20 39
20 40
20 41
21 38
21 39
21 40
21 41
22 38
22 39
22 40
22 41
23 38
23 39
23 40
23 41
0
Yes
0 15
0 16
0 17
0 18
1 15
1 16
1 17
1 18
2 15
2 16
2 17
2 18
3 15
0
Yes
47 44
46 44
47 43
47 45
48 44
46 43
46 45
48 43
48 45
45 44
47 42
47 46
49 44
45 43
45 45
46 42
46 46
48 42
48 46
49 43
49 45
45 42
45 46
49 42
49 46
44 44
47 41
47 47
44 43
44 45
46 41
46 47
48 41
48 47
44 42
44 46
45 41
45 47
49 41
49 47
47 40
47 48
46 40
46 48
48 40
48 48
44 41
45 40
45 48
49 40
49 48
44 40
44 48
47 39
47 49
46 39
46 49
48 39
48 49
45 39
45 49
49 39
49 49
44 39
44 49
47 38
46 38
48 38
45 38
0
Yes
30 38
30 39
30 40
30 41
30 42
30 43
31 38
31 39
31 40
31 41
31 42
31 43
32 38
32 39
32 40
32 41
32 42
32 43
33 38
33 39
33 40
33 41
33 42
33 43
34 38
34 39
34 40
34 41
34 42
34 43
35 38
35 39
35 40
0
No
0
Yes
27 38
27 39
27 40
28 38
28 39
28 40
29 38
29 39
29 40
0
Yes
5 0
5 1
5 2
5 3
6 0
6 1
6 2
6 3
7 0
7 1
7 2
7 3
8 0
0
Yes
24 15
24 16
24 17
24 18
24 19
24 20
24 21
25 15
25 16
25 17
25 18
25 19
25 20
25 21
26 15
26 16
26 17
26 18
26 19
26 20
26 21
27 15
27 16
27 17
27 18
27 19
27 20
27 21
28 15
28 16
28 17
28 18
28 19
28 20
28 21
29 15
29 16
29 17
29 18
29 19
29 20
29 21
30 15
30 16
30 17
30 18
30 19
0
No
0
No
0
Yes
10 37
10 38
10 39
11 37
11 38
11 39
12 37
12 38
12 39
0
No
0
No
0
No
0
Yes
32 6
32 7
32 8
32 9
32 10
32 11
32 12
33 6
33 7
33 8
33 9
33 10
33 11
33 12
34 6
34 7
34 8
34 9
34 10
34 11
34 12
35 6
35 7
35 8
35 9
35 10
35 11
35 12
36 6
36 7
36 8
36 9
36 10
36 11
36 12
37 6
37 7
37 8
37 9
37 10
37 11
37 12
38 6
38 7
38 8
38 9
38 10
38 11
38 12
0
Yes
21 0
21 1
21 2
21 3
21 4
21 5
22 0
22 1
22 2
22 3
22 4
22 5
23 0
23 1
23 2
23 3
23 4
23 5
24 0
24 1
24 2
24 3
24 4
24 5
25 0
25 1
25 2
25 3
25 4
25 5
26 0
0
No
0
No
0
Yes
27 34
26 34
27 33
27 35
28 34
26 33
26 35
28 33
28 35
25 34
27 32
27 36
29 34
25 33
25 35
26 32
26 36
28 32
28 36
29 33
29 35
25 32
25 36
29 32
29 36
24 34
27 31
27 37
30 34
24 33
24 35
26 31
26 37
28 31
28 37
30 33
30 35
24 32
24 36
25 31
25 37
29 31
29 37
30 32
30 36
23 34
27 30
31 34
23 33
23 35
26 30
28 30
31 33
31 35
24 31
24 37
30 31
30 37
23 32
23 36
25 30
29 30
31 32
31 36
22 34
23 31
23 37
24 30
31 31
31 37
32 34
22 33
22 35
32 33
32 35
22 32
22 36
32 32
32 36
23 30
31 30
22 31
22 37
32 37
21 34
21 33
21 35
21 32
21 36
22 30
0
Yes
7 23
7 24
7 25
7 26
8 23
8 24
8 25
8 26
9 23
9 24
9 25
9 26
10 23
10 24
10 25
10 26
11 23
0
Yes
0 11
0 12
0 13
1 11
1 12
1 13
2 11
2 12
2 13
0
Yes
15 15
15 16
14 15
14 16
16 15
16 16
15 14
15 17
14 14
14 17
16 14
16 17
13 15
13 16
17 15
17 16
13 14
13 17
15 13
15 18
17 14
17 17
14 13
16 13
16 18
12 15
12 16
18 15
18 16
13 13
13 18
17 13
17 18
12 14
12 17
18 14
18 17
15 12
15 19
14 12
14 19
16 19
12 13
12 18
11 16
13 12
13 19
17 12
17 19
11 14
15 11
15 20
12 12
12 19
14 11
14 20
16 11
16 20
18 12
11 13
11 18
13 11
13 20
17 11
17 20
11 12
11 19
12 11
12 20
15 10
15 21
14 10
14 21
16 10
16 21
13 10
13 21
17 10
17 21
11 11
11 20
12 10
12 21
18 10
18 21
15 9
14 9
14 22
16 9
16 22
11 10
11 21
13 9
13 22
17 9
17 22
12 22
18 9
18 22
15 8
14 8
16 8
11 22
13 8
17 8
0
Yes
23 6
23 7
23 8
23 9
23 10
23 11
23 12
23 13
23 14
24 6
24 7
24 8
24 9
24 10
24 11
24 12
24 13
24 14
25 6
25 7
25 8
25 9
25 10
25 11
25 12
25 13
25 14
26 6
26 7
26 8
26 9
26 10
26 11
26 12
26 13
26 14
27 6
27 7
27 8
27 9
27 10
27 11
27 12
27 13
27 14
28 6
28 7
28 8
28 9
28 10
28 11
28 12
28 13
28 14
29 6
29 7
0
Yes
38 20
37 20
39 20
37 21
39 19
36 20
36 21
40 20
40 19
36 19
39 18
40 18
40 21
36 22
40 22
39 22
35 20
35 19
35 21
35 22
41 20
41 21
41 22
39 17
40 17
38 17
39 23
40 23
41 23
38 23
37 23
36 23
35 23
35 18
34 20
34 19
34 18
38 16
39 16
40 16
42 20
42 21
42 22
42 23
37 16
42 19
40 24
41 24
42 24
42 18
33 20
33 19
33 18
34 17
33 17
38 15
37 15
39 15
40 15
41 16
41 15
42 17
42 16
42 15
43 20
43 19
43 21
43 18
43 22
43 17
43 23
43 16
43 24
33 21
36 15
40 25
41 25
42 25
34 16
33 16
35 16
35 15
34 15
33 15
32 20
32 19
32 21
32 18
32 17
32 16
32 15
38 14
39 14
40 14
41 14
42 14
44 20
44 19
44 21
44 18
44 17
44 16
36 14
35 14
34 14
33 14
32 14
40 26
41 26
42 26
44 23
31 20
31 19
31 21
31 18
31 17
31 16
31 15
31 14
38 13
39 13
40 13
41 13
42 13
45 20
45 19
45 21
45 18
45 17
36 13
0
Yes
21 6
21 7
21 8
21 9
21 10
22 6
22 7
22 8
22 9
22 10
0
Yes
37 8
37 9
38 8
38 9
36 8
36 9
37 7
37 10
38 7
38 10
39 8
39 9
36 7
36 10
39 7
39 10
35 8
35 9
37 6
37 11
38 6
38 11
40 8
40 9
35 7
35 10
36 6
36 11
39 6
39 11
40 7
40 10
34 8
34 9
35 6
35 11
37 5
37 12
38 5
38 12
40 6
40 11
41 8
41 9
34 7
34 10
36 5
36 12
39 12
41 7
41 10
34 6
34 11
35 5
35 12
40 5
40 12
41 6
41 11
33 8
33 9
37 4
38 4
42 8
42 9
33 7
33 10
36 4
42 7
42 10
34 5
34 12
41 12
33 6
33 11
40 4
42 6
42 11
32 8
32 9
43 8
43 9
32 7
32 10
33 5
33 12
34 4
42 5
42 12
43 7
43 10
32 6
32 11
43 6
43 11
33 4
42 4
31 8
32 5
32 12
43 5
43 12
44 8
44 9
31 7
31 10
44 7
44 10
31 6
44 6
44 11
32 4
43 4
31 5
44 5
44 12
30 8
30 7
30 6
31 4
44 4
30 5
0
Yes
25 11
24 11
25 10
25 12
26 11
24 10
24 12
26 10
26 12
23 11
25 9
25 13
27 11
23 10
23 12
24 9
24 13
26 9
26 13
27 10
27 12
23 9
23 13
27 9
27 13
25 8
25 14
28 11
24 8
24 14
26 8
26 14
28 10
28 12
22 13
23 8
23 14
27 8
27 14
28 9
28 13
25 7
24 7
26 7
29 10
29 12
22 14
28 8
28 14
21 13
21 12
21 11
23 7
27 7
29 9
29 13
21 14
28 7
29 8
29 14
20 12
30 12
30 11
20 13
30 13
29 7
20 14
30 14
19 12
19 11
19 10
19 9
20 9
19 13
19 8
19 14
0
No
0
No
0
No
0
No
0
No
0
No
0
No
0
Yes
0 39
0 40
0 41
0 42
0 43
1 39
1 40
1 41
1 42
1 43
0
Yes
38 9
38 10
37 9
37 10
39 9
39 10
38 8
38 11
37 8
37 11
39 8
39 11
36 9
36 10
40 9
40 10
36 8
36 11
38 7
38 12
40 8
40 11
37 7
37 12
39 7
39 12
35 9
35 10
41 9
41 10
36 7
36 12
40 7
40 12
35 8
35 11
41 8
41 11
38 6
37 6
39 6
35 7
35 12
41 7
41 12
34 9
34 10
36 6
40 6
42 9
42 10
34 8
34 11
42 8
42 11
38 5
35 6
35 13
37 5
41 6
34 7
34 12
42 7
42 12
36 5
40 5
33 9
33 10
43 9
43 10
33 8
33 11
43 8
43 11
34 6
34 13
42 6
35 5
33 7
33 12
43 7
43 12
32 9
32 10
34 5
42 5
44 9
44 10
33 6
33 13
43 6
43 13
32 8
32 11
44 8
44 11
32 7
32 12
44 7
44 12
33 5
43 5
32 6
32 13
44 6
44 13
31 10
31 8
31 7
32 5
44 5
31 6
31 13
31 5
0
No
0
Yes
37 43
36 43
37 42
37 44
38 43
36 42
36 44
38 44
35 43
37 41
37 45
39 43
35 42
35 44
36 41
36 45
38 41
38 45
35 41
35 45
39 41
39 45
34 43
37 40
37 46
40 43
34 42
34 44
36 40
36 46
38 40
38 46
40 42
34 41
34 45
35 40
39 40
39 46
40 41
40 45
33 43
37 39
41 43
33 42
33 44
36 39
41 42
34 40
40 40
40 46
33 41
33 45
35 39
41 41
32 43
33 40
33 46
34 39
41 40
41 46
42 43
32 42
42 42
42 44
32 41
32 45
42 41
42 45
33 39
32 40
32 46
42 40
42 46
31 43
43 43
31 42
31 44
43 42
31 41
31 45
43 41
43 45
32 39
42 39
31 40
31 46
43 40
30 43
30 42
30 44
31 39
43 39
30 41
30 45
30 40
30 46
0
No
0
No
0
Yes
42 29
41 29
42 28
41 28
42 30
41 30
43 29
43 30
40 29
40 28
42 27
41 27
40 27
42 31
43 31
44 29
44 30
44 31
43 27
39 29
39 28
39 27
42 32
43 32
44 32
45 29
45 30
45 31
45 32
39 30
41 32
43 26
45 28
39 31
40 32
45 27
38 29
38 28
38 30
38 27
42 33
41 33
43 33
40 33
44 33
45 33
46 30
46 31
46 32
46 33
39 26
38 26
37 29
37 28
37 30
37 27
37 26
39 25
38 25
37 25
39 33
42 34
43 34
44 34
45 34
46 34
47 30
47 31
47 32
47 33
47 34
47 29
47 28
37 31
40 34
39 34
47 27
37 32
39 24
38 24
37 24
47 26
46 26
46 25
47 25
45 25
36 29
36 28
36 30
36 27
36 31
36 26
36 32
36 25
36 24
48 29
48 28
48 30
48 27
48 31
48 26
48 32
48 25
48 33
48 34
43 35
40 35
39 35
37 33
36 33
38 34
37 34
38 35
36 34
37 35
36 35
46 24
45 35
46 35
47 35
48 35
35 29
35 28
35 30
35 27
35 31
35 26
35 32
35 25
35 33
35 24
35 34
35 35
49 29
49 28
49 30
49 27
49 31
49 26
49 32
49 25
49 33
49 34
0
Yes
22 3
22 4
21 3
21 4
23 3
23 4
22 2
22 5
21 2
21 5
23 2
23 5
20 3
20 4
24 3
24 4
22 1
24 2
24 5
21 1
23 1
23 6
19 3
19 4
25 3
25 4
24 1
24 6
19 2
19 5
25 2
25 5
22 0
21 0
23 0
25 1
25 6
18 3
18 4
20 0
24 0
26 3
26 4
18 2
18 5
26 2
26 5
19 0
25 0
18 6
26 1
26 6
17 3
17 4
27 3
27 4
17 2
17 5
27 2
18 0
26 0
17 6
27 1
27 6
16 3
16 4
28 3
28 4
17 0
27 0
16 2
16 5
28 2
16 1
16 6
28 1
28 6
16 0
28 0
15 3
15 4
15 2
15 5
15 1
15 6
15 0
0
Yes
33 33
33 34
33 35
34 33
34 34
34 35
0
Yes
41 2
40 2
41 1
40 1
42 2
42 1
40 3
42 3
39 2
39 1
39 3
41 0
40 0
42 0
39 0
43 2
43 3
40 4
42 4
43 4
43 0
38 2
38 1
38 3
38 0
44 2
44 3
44 4
38 4
44 0
37 2
37 1
37 3
37 0
37 4
45 2
45 3
45 4
45 0
36 2
36 1
36 3
36 0
36 4
45 5
46 2
46 3
46 4
46 5
46 0
45 6
46 6
35 2
35 1
35 0
47 2
47 3
47 4
47 5
47 6
47 1
47 0
45 7
46 7
47 7
34 2
34 1
34 0
48 2
48 1
48 3
48 0
48 4
48 5
48 6
48 7
33 2
33 1
33 0
49 2
49 1
49 3
49 0
49 4
49 5
49 6
49 7
33 3
33 4
34 4
47 8
48 8
49 8
32 2
32 1
32 3
32 0
32 4
0
No
0
No
0
Yes
38 47
38 48
38 49
39 47
39 48
39 49
40 47
40 48
40 49
41 47
41 48
0
Yes
19 15
19 16
19 17
20 15
20 16
20 17
21 15
21 16
21 17
22 15
22 16
0
Yes
0 15
0 16
0 17
0 18
1 15
1 16
1 17
1 18
2 15
2 16
2 17
2 18
3 15
3 16
3 17
0
Yes
24 15
24 16
24 17
24 18
24 19
24 20
24 21
25 15
25 16
25 17
25 18
25 19
25 20
25 21
26 15
26 16
26 17
26 18
26 19
26 20
26 21
27 15
27 16
27 17
27 18
27 19
27 20
27 21
28 15
28 16
28 17
28 18
28 19
28 20
28 21
29 15
29 16
29 17
29 18
29 19
29 20
29 21
30 15
30 16
30 17
30 18
30 19
30 20
30 21
31 15
31 16
31 17
31 18
31 19
31 20
31 21
32 15
32 16
32 17
32 18
32 19
32 20
32 21
33 15
33 16
33 17
33 18
33 19
33 20
33 21
34 15
34 16
0
Yes
16 30
16 31
16 32
16 33
16 34
17 30
17 31
17 32
17 33
17 34
18 30
18 31
18 32
18 33
18 34
19 30
19 31
19 32
19 33
19 34
20 30
20 31
20 32
0
No
0
Yes
42 20
41 20
42 19
42 21
41 21
43 20
43 19
43 21
40 20
40 21
42 18
43 18
42 22
41 22
43 22
40 22
44 20
44 19
44 21
44 18
40 19
40 18
39 20
39 19
39 18
42 17
43 17
44 17
42 23
41 23
43 23
40 23
45 20
45 19
45 21
45 18
45 17
39 22
39 23
40 17
39 17
44 23
38 20
42 16
43 16
44 16
42 24
41 24
43 24
40 24
46 20
46 19
46 21
46 18
46 17
41 16
40 16
39 16
46 22
37 20
38 17
38 16
38 23
42 15
41 15
40 15
39 15
38 15
42 25
41 25
40 25
46 23
47 20
47 19
47 21
47 18
47 22
47 17
37 21
37 23
36 20
36 21
42 14
41 14
40 14
39 14
38 14
42 26
41 26
40 26
48 20
48 19
48 21
48 18
48 22
48 17
36 19
43 14
36 22
36 23
37 16
37 15
47 16
48 16
48 23
35 20
35 19
35 21
35 22
35 23
42 13
41 13
40 13
39 13
38 13
49 20
49 19
49 21
49 18
49 22
49 23
48 24
49 24
35 18
36 15
34 20
34 19
34 18
49 16
0
Yes
4 12
4 11
4 13
5 12
5 11
5 13
3 11
4 10
3 10
5 10
4 14
5 14
6 12
6 11
6 13
6 10
6 14
2 11
2 10
2 12
2 13
3 14
1 12
1 11
1 13
1 10
4 9
3 9
5 9
2 9
6 9
1 9
4 15
5 15
6 15
7 12
7 11
7 13
7 10
7 14
7 9
7 15
0 12
0 11
0 13
0 10
0 9
4 8
3 8
2 8
1 8
0 8
4 16
8 13
8 14
8 15
6 16
7 16
0
No
0
Yes
14 40
14 41
15 40
15 41
15 39
14 42
15 42
16 40
16 39
13 42
15 38
16 38
14 38
12 42
12 41
12 40
12 39
12 38
16 42
11 40
11 39
11 41
11 38
11 42
14 43
15 43
17 40
17 39
17 38
15 37
16 37
17 37
17 41
17 42
12 37
11 37
12 43
10 40
10 39
10 41
10 38
10 37
14 44
15 44
18 40
18 39
18 41
18 38
18 42
18 37
17 43
18 43
16 36
17 36
18 36
16 44
17 44
18 44
9 40
9 39
9 41
14 45
15 45
16 45
17 45
18 45
19 40
19 39
19 41
19 38
19 37
19 36
13 45
9 42
16 35
17 35
18 35
19 35
8 40
8 39
8 41
8 42
14 46
13 46
20 40
20 39
20 41
20 38
20 37
20 36
20 35
16 34
17 34
18 34
19 34
16 46
17 46
18 46
8 43
7 40
7 39
7 41
7 42
7 43
21 40
21 39
0
Yes
7 13
6 13
7 12
6 12
7 14
6 14
8 13
8 14
5 13
5 12
5 14
7 11
6 11
5 11
7 15
6 15
8 15
5 15
9 13
9 14
9 15
4 13
4 12
4 14
4 11
4 15
7 10
6 10
5 10
4 10
7 16
6 16
8 16
9 16
10 13
10 14
8 10
7 9
6 9
8 9
5 9
4 9
7 17
8 17
3 14
4 16
10 16
3 11
3 10
3 9
9 9
4 17
7 8
8 8
9 8
7 18
8 18
10 9
10 10
10 11
2 11
2 10
2 9
2 12
2 13
9 18
4 8
3 8
2 8
4 18
5 18
10 18
1 13
1 12
1 11
1 10
1 9
1 8
7 7
8 7
9 7
7 19
8 19
9 19
10 19
6 19
5 19
4 19
4 7
10 7
0 13
0 12
0 11
0 10
0 9
0 8
7 6
8 6
9 6
10 6
6 6
6 20
3 19
11 7
11 6
11 8
12 8
12 7
12 6
5 6
9 20
10 20
2 7
1 7
0 7
2 19
7 5
6 5
8 5
5 5
9 5
10 5
11 5
12 5
3 20
2 20
6 21
7 21
5 21
13 7
4 21
3 21
2 21
2 6
1 6
0 6
3 6
7 4
6 4
5 22
4 22
9 4
10 4
2 5
1 5
0
No
0
Yes
5 45
5 46
5 47
5 48
5 49
6 45
6 46
6 47
6 48
6 49
7 45
7 46
7 47
7 48
7 49
8 45
8 46
8 47
8 48
8 49
9 45
9 46
9 47
9 48
9 49
0
No
0
No
0
Yes
21 0
21 1
21 2
21 3
21 4
21 5
22 0
22 1
22 2
22 3
22 4
22 5
23 0
23 1
23 2
23 3
23 4
23 5
24 0
24 1
24 2
24 3
24 4
24 5
25 0
25 1
25 2
25 3
25 4
25 5
26 0
26 1
26 2
26 3
26 4
26 5
27 0
0
Yes
23 15
23 16
23 17
23 18
23 19
23 20
23 21
24 15
24 16
24 17
24 18
24 19
24 20
24 21
25 15
25 16
25 17
25 18
25 19
25 20
25 21
26 15
26 16
26 17
26 18
26 19
26 20
26 21
27 15
27 16
27 17
27 18
27 19
27 20
27 21
28 15
28 16
28 17
28 18
28 19
28 20
28 21
29 15
29 16
29 17
29 18
29 19
29 20
29 21
30 15
30 16
30 17
0
Yes
22 46
23 46
22 45
22 47
23 45
23 47
21 46
24 46
21 45
21 47
24 45
24 47
22 44
22 48
23 44
23 48
20 46
21 44
21 48
24 44
24 48
25 46
20 45
20 47
25 45
25 47
22 43
22 49
23 43
23 49
20 44
20 48
25 44
25 48
21 43
21 49
24 43
24 49
19 46
26 46
19 45
19 47
26 45
26 47
20 43
20 49
25 43
25 49
19 44
19 48
22 42
23 42
26 44
26 48
21 42
24 42
18 46
27 46
18 45
18 47
19 43
19 49
26 43
26 49
27 45
27 47
20 42
25 42
18 44
18 48
27 44
27 48
19 42
26 42
18 43
18 49
27 43
27 49
17 46
28 46
17 45
17 47
28 45
17 44
17 48
28 44
28 48
18 42
27 42
17 43
17 49
28 43
28 49
16 46
16 45
16 47
16 44
16 48
17 42
28 42
16 49
0
No
0
Yes
33 32
33 33
33 34
33 35
34 32
34 33
34 34
34 35
0
No
0
Yes
44 38
44 39
44 40
44 41
44 42
44 43
45 38
45 39
45 40
45 41
45 42
45 43
46 38
46 39
46 40
46 41
46 42
46 43
47 38
47 39
47 40
47 41
47 42
47 43
48 38
48 39
48 40
48 41
48 42
48 43
49 38
49 39
49 40
49 41
49 42
0
Yes
26 26
27 26
26 25
26 27
27 25
27 27
25 26
28 26
25 25
25 27
28 25
28 27
26 24
26 28
27 24
27 28
24 26
25 24
25 28
28 24
28 28
29 26
24 25
24 27
29 25
29 27
26 23
26 29
27 23
27 29
24 24
24 28
29 28
25 23
25 29
28 23
28 29
23 26
30 26
23 25
23 27
30 25
30 27
24 23
24 29
29 23
29 29
23 24
23 28
26 22
27 22
30 24
30 28
25 22
28 22
22 26
22 25
22 27
23 23
23 29
30 23
30 29
24 22
29 22
22 24
22 28
23 22
30 22
22 23
22 29
0
Yes
34 21
34 22
33 21
33 22
35 21
35 22
34 20
34 23
33 20
33 23
35 20
35 23
32 21
32 22
36 21
36 22
32 20
32 23
34 19
34 24
36 20
36 23
33 19
33 24
35 19
31 21
31 22
32 19
32 24
36 19
31 20
31 23
34 18
34 25
33 18
33 25
35 18
31 19
31 24
32 18
32 25
34 17
34 26
31 18
31 25
33 17
33 26
32 17
32 26
31 17
31 26
34 16
34 27
33 16
33 27
35 16
32 16
32 27
31 16
31 27
34 15
34 28
33 15
33 28
35 15
32 15
32 28
36 15
31 15
31 28
34 14
33 14
35 14
32 14
36 14
31 14
0
Yes
17 33
16 33
17 32
16 32
17 34
16 34
18 33
18 32
18 34
17 31
16 31
18 31
17 35
16 35
18 35
19 33
19 32
19 34
19 31
19 35
17 30
16 30
18 30
19 30
17 36
16 36
18 36
19 36
20 32
20 31
20 30
20 35
20 36
17 29
16 29
18 29
19 29
20 29
17 37
16 37
18 37
19 37
20 37
15 29
15 37
21 31
14 29
17 28
16 28
18 28
15 28
19 28
14 28
17 38
16 38
18 38
15 38
19 38
20 38
13 29
13 28
21 37
21 38
14 38
17 27
16 27
18 27
15 27
19 27
14 27
13 27
17 39
16 39
18 39
15 39
19 39
20 39
21 39
20 27
17 26
16 26
18 26
15 26
19 26
14 26
20 26
13 26
17 40
16 40
18 40
15 40
19 40
20 40
21 40
22 38
22 39
22 40
21 27
21 26
14 40
23 38
23 39
23 40
17 25
16 25
18 25
15 25
19 25
14 25
20 25
13 25
21 25
17 41
18 41
19 41
20 41
21 41
22 41
23 41
15 41
14 41
12 26
12 25
24 38
24 39
24 40
24 41
17 24
16 24
18 24
15 24
19 24
14 24
20 24
13 24
21 24
12 24
15 42
14 42
16 42
25 38
25 39
13 42
17 23
16 23
18 23
19 23
0
No
0
No
0
No
0
Yes
25 6
24 6
25 5
25 7
26 6
24 5
24 7
26 5
26 7
23 6
25 4
25 8
27 6
23 5
23 7
24 4
24 8
26 4
26 8
27 7
23 4
23 8
27 4
27 8
22 6
25 3
25 9
28 6
22 5
22 7
24 3
24 9
26 3
26 9
28 7
22 4
22 8
23 3
23 9
27 3
27 9
28 4
28 8
21 6
25 2
25 10
21 5
21 7
24 2
24 10
26 2
26 10
22 3
22 9
28 3
28 9
21 4
21 8
23 2
23 10
27 2
27 10
21 3
21 9
22 2
22 10
25 1
25 11
28 2
28 10
24 1
24 11
26 1
26 11
23 1
23 11
27 1
27 11
21 2
21 10
22 1
28 1
28 11
25 0
24 0
26 0
23 0
27 0
21 1
21 11
22 0
28 0
21 0
0
Yes
45 40
44 40
45 39
44 39
45 41
44 41
46 40
46 39
46 41
45 38
44 38
46 38
45 42
44 42
46 42
47 40
47 39
47 41
47 38
47 42
43 38
45 37
46 37
45 43
44 43
46 43
47 43
48 40
48 39
48 41
48 38
48 42
48 43
42 38
43 37
42 37
45 36
46 36
45 44
44 44
46 44
47 44
48 44
49 40
49 39
49 41
49 38
49 42
49 43
49 44
41 38
41 37
47 36
45 45
44 45
46 45
47 45
48 45
49 45
40 38
40 37
41 36
40 36
45 46
44 46
46 46
47 46
48 46
49 46
45 47
46 47
47 47
48 47
49 47
39 36
45 48
46 48
47 48
48 48
49 48
38 36
38 37
38 38
44 48
37 38
37 37
37 36
45 49
44 49
46 49
47 49
48 49
49 49
36 38
36 37
0
Yes
0 2
0 3
0 4
1 2
1 3
1 4
0
Yes
38 10
39 10
38 9
38 11
39 9
39 11
37 10
40 10
37 9
37 11
40 9
40 11
38 8
38 12
39 8
39 12
36 10
37 8
37 12
40 8
40 12
41 10
36 9
36 11
41 9
41 11
38 7
38 13
39 7
39 13
36 8
36 12
41 8
41 12
37 7
40 7
40 13
35 10
42 10
35 9
35 11
42 9
42 11
36 7
36 13
41 7
41 13
35 8
35 12
38 6
38 14
39 6
39 14
42 8
42 12
37 6
40 6
40 14
34 10
43 10
34 9
34 11
35 7
35 13
42 7
42 13
43 9
43 11
36 6
36 14
41 6
41 14
34 8
34 12
43 8
43 12
38 5
38 15
39 15
37 5
37 15
40 5
40 15
35 6
35 14
42 6
42 14
34 7
34 13
43 7
43 13
33 10
44 10
33 9
33 11
36 5
36 15
41 15
44 9
44 11
33 8
33 12
44 8
44 12
34 6
34 14
43 6
43 14
35 5
35 15
42 5
42 15
33 7
33 13
44 7
44 13
32 10
32 9
32 11
34 5
34 15
43 5
32 8
32 12
33 6
33 14
44 6
32 7
32 13
33 5
33 15
44 5
32 6
32 14
32 5
0
No
0
Yes
22 30
22 31
22 32
22 33
22 34
22 35
23 30
23 31
23 32
23 33
23 34
23 35
24 30
24 31
24 32
24 33
24 34
24 35
25 30
25 31
25 32
25 33
25 34
25 35
26 30
26 31
26 32
26 33
26 34
26 35
27 30
27 31
27 32
27 33
27 34
27 35
28 30
0
Yes
31 20
31 21
31 22
31 23
31 24
31 25
31 26
31 27
31 28
31 29
32 20
32 21
32 22
32 23
32 24
32 25
32 26
32 27
32 28
32 29
33 20
33 21
33 22
33 23
33 24
33 25
33 26
33 27
33 28
33 29
34 20
34 21
34 22
34 23
34 24
34 25
34 26
34 27
34 28
34 29
35 20
35 21
35 22
35 23
0
No
0
Yes
15 3
15 4
15 5
15 6
15 7
16 3
16 4
16 5
16 6
16 7
17 3
17 4
17 5
17 6
17 7
18 3
18 4
18 5
18 6
18 7
19 3
19 4
19 5
0
No
0
No
0
No
0
Yes
28 27
27 27
28 26
27 26
28 28
27 28
29 27
29 26
29 28
26 27
26 26
26 28
28 25
27 25
29 25
26 25
28 29
27 29
29 29
26 29
30 27
30 26
30 28
30 25
30 29
25 27
25 26
25 28
25 25
25 29
28 24
27 24
26 24
25 24
29 30
30 30
30 24
24 27
24 26
24 28
24 25
24 29
24 24
28 23
27 23
26 23
25 23
24 23
29 23
30 23
29 31
30 31
28 31
31 30
31 31
23 27
23 26
23 28
23 25
23 29
23 24
23 23
28 22
27 22
29 22
26 22
30 22
25 22
24 22
23 22
28 32
29 32
30 32
31 32
22 27
22 26
22 28
22 25
22 29
22 24
22 23
22 22
28 33
29 33
30 33
31 33
30 21
32 32
32 33
28 34
29 34
30 34
31 34
0
Yes
14 15
14 16
15 15
15 16
13 15
13 16
14 14
14 17
15 14
15 17
16 15
16 16
13 14
13 17
16 14
16 17
12 15
12 16
14 13
15 13
15 18
17 15
17 16
12 14
12 17
13 13
13 18
16 13
16 18
17 14
17 17
11 16
12 13
12 18
14 12
15 12
15 19
14 19
17 13
17 18
11 14
13 12
13 19
16 19
11 13
11 18
12 12
12 19
17 12
17 19
14 11
14 20
15 11
15 20
13 11
13 20
16 11
16 20
11 12
11 19
12 11
12 20
17 11
17 20
14 10
14 21
15 10
15 21
11 11
11 20
13 10
13 21
16 10
16 21
12 10
12 21
17 10
17 21
11 10
11 21
14 9
14 22
15 9
13 9
13 22
16 9
16 22
12 22
17 9
17 22
11 22
14 8
15 8
13 8
16 8
17 8
0
No
0
Yes
3 0
3 1
3 2
3 3
4 0
4 1
4 2
4 3
5 0
5 1
5 2
5 3
6 0
6 1
6 2
6 3
0
Yes
18 36
18 37
18 38
18 39
18 40
18 41
19 36
19 37
19 38
19 39
19 40
19 41
20 36
20 37
20 38
20 39
20 40
20 41
21 36
21 37
21 38
21 39
21 40
21 41
22 36
22 37
22 38
22 39
22 40
22 41
23 36
23 37
23 38
23 39
23 40
23 41
24 36
24 37
24 38
24 39
24 40
24 41
25 36
0
Yes
31 16
31 17
31 18
31 19
32 16
32 17
32 18
32 19
33 16
33 17
33 18
33 19
34 16
34 17
34 18
34 19
35 16
0
Yes
12 48
12 49
13 48
13 49
14 48
14 49
0
Yes
34 41
33 41
34 40
33 40
34 42
33 42
35 41
35 40
35 42
32 41
32 40
32 42
34 39
33 39
35 39
32 39
34 43
33 43
35 43
32 43
36 41
36 40
36 42
36 39
36 43
31 41
31 40
31 42
31 39
31 43
34 38
33 38
35 38
32 38
31 38
34 44
33 44
35 44
36 44
37 41
37 40
37 42
37 39
37 43
37 44
30 41
30 40
30 42
30 39
30 43
30 38
34 45
33 45
35 45
36 45
37 45
38 41
38 40
33 37
32 37
31 37
30 37
31 44
30 44
32 45
31 45
30 45
38 43
38 44
38 45
39 41
39 40
33 46
32 46
31 46
30 46
29 43
29 44
29 45
29 46
32 36
31 36
30 36
36 46
37 46
38 46
39 43
40 41
40 40
33 47
32 47
40 42
40 43
32 35
31 35
30 35
36 47
37 47
35 47
29 37
29 36
29 35
39 45
39 46
41 41
41 40
41 42
41 43
33 48
32 48
35 48
36 48
28 37
28 36
28 35
0
Yes
16 25
16 26
16 27
16 28
16 29
16 30
16 31
16 32
16 33
16 34
16 35
17 25
17 26
17 27
17 28
17 29
17 30
17 31
17 32
17 33
17 34
17 35
18 25
18 26
18 27
18 28
18 29
18 30
18 31
18 32
18 33
18 34
18 35
19 25
19 26
19 27
19 28
19 29
19 30
19 31
19 32
19 33
19 34
19 35
20 25
20 26
20 27
0
No
0
No
0
Yes
8 40
7 40
8 39
7 39
8 41
7 41
9 40
9 39
9 41
8 42
7 42
9 42
10 40
10 39
10 41
6 39
7 38
6 38
6 42
10 38
8 43
7 43
6 43
11 40
11 39
11 41
11 38
5 39
5 38
5 40
7 37
6 37
5 37
8 37
10 37
11 37
11 42
4 40
4 39
4 38
4 37
12 40
12 39
12 41
12 38
12 42
12 37
5 43
6 44
5 44
4 43
4 44
12 43
3 39
3 38
3 37
6 45
5 45
4 45
7 45
8 45
9 45
9 44
10 44
10 45
13 42
3 43
3 44
3 45
3 42
3 41
11 45
8 46
7 46
9 46
6 46
5 46
2 41
14 42
14 41
14 40
2 37
11 46
14 43
8 47
7 47
9 47
6 47
5 47
15 40
15 41
15 42
15 43
15 39
2 44
2 45
14 44
15 44
15 38
14 38
1 37
1 38
11 47
15 37
3 46
2 46
14 45
15 45
13 45
13 46
14 46
8 48
7 48
9 48
6 48
5 48
16 40
16 39
16 38
16 37
1 44
1 45
1 46
12 47
13 47
16 42
0 44
0 45
0 46
16 36
8 49
7 49
9 49
6 49
5 49
17 40
17 39
17 38
17 37
17 36
17 41
0
No
0
Yes
0 28
0 29
0 30
0 31
0 32
0 33
0 34
0 35
0 36
1 28
1 29
1 30
1 31
1 32
1 33
1 34
1 35
1 36
2 28
2 29
2 30
2 31
2 32
2 33
2 34
2 35
2 36
3 28
3 29
3 30
3 31
3 32
3 33
3 34
3 35
3 36
4 28
4 29
4 30
4 31
4 32
4 33
4 34
4 35
4 36
0
Yes
10 32
9 32
10 31
10 33
11 32
9 31
9 33
11 31
11 33
8 32
10 30
10 34
12 32
8 31
8 33
9 34
11 30
11 34
12 31
12 33
8 30
12 30
12 34
7 32
10 29
10 35
13 32
7 31
7 33
9 29
9 35
11 29
11 35
13 31
13 33
7 30
8 29
12 29
12 35
13 30
13 34
6 32
10 28
10 36
14 32
6 31
6 33
9 28
9 36
11 28
11 36
14 31
14 33
7 29
13 29
13 35
6 30
6 34
8 28
12 28
12 36
14 30
14 34
5 32
6 29
6 35
7 28
10 27
13 28
13 36
14 29
14 35
5 31
5 33
9 27
11 27
5 30
5 34
8 27
12 27
6 28
6 36
14 28
14 36
5 29
5 35
7 27
13 27
5 28
5 36
6 27
14 27
5 27
0
No
0
Yes
9 31
10 31
9 32
10 30
10 32
8 31
11 31
8 30
8 32
11 30
11 32
9 33
10 29
9 29
10 33
7 31
8 29
8 33
11 29
11 33
12 31
7 30
7 32
12 30
12 32
9 28
9 34
10 28
10 34
7 29
7 33
12 29
12 33
8 28
11 28
11 34
6 31
13 31
6 30
6 32
13 30
13 32
7 28
12 28
12 34
6 29
6 33
9 27
10 27
13 29
13 33
8 27
11 27
5 31
14 31
5 30
5 32
6 28
6 34
13 28
13 34
14 30
14 32
7 27
12 27
5 29
5 33
14 29
14 33
6 27
13 27
5 28
5 34
14 28
14 34
0
Yes
17 42
17 43
17 44
17 45
17 46
17 47
17 48
17 49
18 42
18 43
18 44
18 45
18 46
18 47
18 48
18 49
19 42
19 43
19 44
19 45
19 46
19 47
19 48
19 49
20 42
20 43
20 44
20 45
20 46
20 47
20 48
20 49
21 42
21 43
21 44
21 45
21 46
21 47
21 48
21 49
22 42
22 43
22 44
22 45
22 46
22 47
22 48
22 49
23 42
23 43
23 44
23 45
23 46
23 47
23 48
23 49
24 42
24 43
24 44
24 45
24 46
24 47
24 48
24 49
25 42
25 43
25 44
25 45
25 46
25 47
25 48
25 49
26 42
26 43
26 44
26 45
26 46
26 47
26 48
26 49
27 42
27 43
27 44
27 45
27 46
27 47
27 48
27 49
28 42
0
Yes
38 10
38 11
39 10
39 11
37 10
37 11
38 9
38 12
39 9
39 12
40 10
40 11
37 9
37 12
40 9
40 12
36 10
36 11
38 8
38 13
39 8
39 13
41 10
41 11
36 9
36 12
37 8
40 8
40 13
41 9
41 12
35 10
35 11
36 8
36 13
38 7
38 14
39 7
39 14
41 8
41 13
42 10
42 11
35 9
35 12
37 7
40 7
40 14
42 9
42 12
35 8
35 13
36 7
36 14
41 7
41 14
42 8
42 13
34 10
34 11
38 6
39 6
43 10
43 11
34 9
34 12
37 6
40 6
43 9
43 12
35 7
35 14
42 7
42 14
34 8
34 13
36 6
41 6
43 8
43 13
33 10
33 11
44 10
44 11
33 9
33 12
34 7
34 14
35 6
42 6
43 7
43 14
44 9
44 12
33 8
33 13
44 8
44 13
34 6
43 6
32 10
32 11
33 7
33 14
44 7
32 9
32 12
32 8
32 13
0
No
0
Yes
21 0
21 1
21 2
21 3
21 4
21 5
21 6
21 7
22 0
22 1
22 2
22 3
22 4
22 5
22 6
22 7
23 0
23 1
23 2
23 3
23 4
23 5
23 6
23 7
24 0
24 1
24 2
24 3
24 4
24 5
24 6
24 7
25 0
25 1
25 2
25 3
25 4
25 5
25 6
25 7
26 0
26 1
26 2
26 3
26 4
26 5
26 6
26 7
27 0
27 1
27 2
0
Yes
31 22
31 23
31 24
31 25
31 26
31 27
31 28
31 29
32 22
32 23
32 24
32 25
32 26
32 27
32 28
32 29
33 22
33 23
33 24
33 25
33 26
33 27
33 28
33 29
34 22
34 23
34 24
34 25
34 26
34 27
34 28
34 29
0
Yes
25 11
24 11
25 10
24 10
25 12
24 12
26 11
26 10
26 12
23 11
23 10
23 12
25 9
24 9
26 9
23 9
25 13
24 13
26 13
23 13
27 11
27 10
27 12
27 9
27 13
25 8
24 8
26 8
23 8
27 8
25 14
24 14
26 14
23 14
27 14
28 11
28 10
28 12
28 9
28 13
28 8
28 14
22 10
22 9
22 8
22 13
22 14
21 10
21 9
21 8
21 11
21 12
21 13
21 14
29 10
29 9
29 8
29 12
29 13
29 14
27 7
28 7
29 7
22 15
21 15
20 12
20 13
20 14
20 15
30 12
30 13
30 14
30 11
20 9
27 6
28 6
29 6
22 16
21 16
20 16
30 8
30 7
30 6
19 12
19 13
19 14
19 15
19 16
19 11
19 10
19 9
31 13
31 14
19 8
22 17
21 17
20 17
19 17
31 8
31 7
31 6
18 10
18 9
18 8
18 12
29 5
30 5
31 5
31 15
18 14
18 15
18 16
18 17
22 18
32 14
32 15
31 16
32 16
29 4
30 4
31 4
28 4
27 4
32 7
32 6
32 5
32 4
27 3
28 3
29 3
30 3
31 3
32 3
31 17
32 17
20 18
19 18
33 15
33 16
33 17
0
No
0
Yes
38 11
37 11
38 10
37 10
38 12
37 12
39 11
39 10
39 12
36 11
36 10
36 12
38 9
37 9
39 9
36 9
38 13
39 13
40 11
40 10
40 12
40 9
40 13
36 13
35 11
35 10
35 12
35 9
35 13
38 8
37 8
39 8
36 8
40 8
35 8
38 14
39 14
40 14
41 11
41 10
41 12
41 9
41 13
41 8
41 14
36 14
35 14
34 11
34 10
34 12
34 9
34 13
34 8
34 14
38 7
37 7
39 7
36 7
40 7
35 7
41 7
34 7
38 15
39 15
40 15
41 15
42 11
42 10
42 12
42 9
42 13
42 8
42 14
42 7
42 15
37 15
36 15
35 15
34 15
33 11
33 10
33 12
33 9
33 13
33 8
33 14
33 7
38 6
37 6
39 6
36 6
40 6
35 6
41 6
34 6
42 6
33 6
38 16
37 16
39 16
40 16
41 16
42 16
43 11
43 10
43 12
43 9
43 13
43 8
43 14
43 7
43 6
35 16
34 16
32 11
32 10
32 12
32 9
32 13
32 8
38 5
37 5
36 5
35 5
34 5
33 5
38 17
39 17
40 17
44 11
44 10
44 12
44 9
44 13
44 8
44 7
44 6
40 5
38 4
37 4
36 4
0
No
0
Yes
45 43
45 44
46 43
46 44
44 43
44 44
45 42
45 45
46 42
46 45
47 43
47 44
44 42
44 45
47 42
47 45
43 43
45 41
45 46
46 41
46 46
48 43
48 44
43 42
43 45
44 41
44 46
47 41
47 46
48 42
48 45
42 43
42 44
43 41
45 40
45 47
46 40
46 47
48 41
48 46
49 43
49 44
42 42
42 45
44 40
47 40
47 47
49 42
49 45
42 41
42 46
43 40
48 40
48 47
49 41
49 46
45 39
45 48
46 39
46 48
44 39
44 48
47 39
47 48
42 40
42 47
49 40
49 47
41 46
43 39
48 39
48 48
45 38
45 49
46 38
46 49
41 47
42 39
42 48
44 38
44 49
47 38
47 49
49 39
49 48
43 38
43 49
48 38
48 49
41 48
42 38
42 49
45 37
46 37
49 38
49 49
43 37
0
Yes
40 19
39 19
40 18
39 18
40 20
39 20
41 20
40 21
41 21
38 20
42 20
42 21
42 19
42 18
42 17
40 22
41 22
42 22
43 19
43 18
43 20
43 17
43 21
43 22
37 20
39 22
37 21
40 23
39 23
41 23
42 23
43 23
44 19
44 18
44 20
44 17
44 21
36 20
36 21
36 19
43 16
44 16
38 23
35 19
35 20
35 21
36 22
35 22
37 23
36 23
35 23
40 24
41 24
42 24
43 24
45 19
45 18
45 20
45 17
45 21
35 18
44 23
34 19
34 18
34 20
34 21
40 25
41 25
42 25
46 19
46 18
46 20
46 17
46 21
34 17
46 22
33 19
33 18
33 20
33 21
40 26
41 26
42 26
47 19
47 18
47 20
47 17
47 21
47 22
46 23
47 16
32 19
32 18
32 20
32 21
48 19
48 18
48 20
48 17
48 21
48 16
48 22
48 23
31 19
31 18
31 20
31 21
49 19
49 18
49 20
49 21
49 22
49 23
48 24
49 24
49 16
49 15
30 19
30 18
30 20
0
Yes
25 34
24 34
25 33
24 33
25 35
24 35
26 34
26 33
26 35
23 34
23 33
23 35
25 32
24 32
26 32
23 32
27 34
27 33
27 35
27 32
26 36
27 36
22 34
22 33
22 35
22 32
25 31
24 31
26 31
23 31
27 31
22 31
26 37
27 37
25 37
21 34
21 33
21 35
21 32
21 31
25 30
24 30
26 30
23 30
27 30
22 30
25 38
26 38
27 38
25 39
26 39
27 39
28 30
0
Yes
14 15
15 15
14 14
14 16
15 14
15 16
13 15
16 15
13 14
13 16
16 14
16 16
14 13
14 17
15 13
15 17
12 15
13 13
13 17
16 13
16 17
17 15
12 14
12 16
17 14
17 16
14 12
15 12
15 18
12 13
12 17
17 13
17 17
13 12
13 18
16 18
11 14
11 16
12 12
12 18
17 12
17 18
11 13
14 11
15 11
15 19
14 19
13 11
13 19
16 11
16 19
11 12
11 18
12 11
12 19
17 11
17 19
14 10
14 20
15 10
15 20
13 10
13 20
16 10
16 20
11 11
11 19
12 10
12 20
17 10
17 20
14 9
14 21
15 9
15 21
11 10
11 20
13 9
13 21
16 9
16 21
12 21
17 9
17 21
11 21
14 8
14 22
15 8
13 8
13 22
16 8
16 22
12 8
12 22
17 8
17 22
11 8
11 22
13 7
12 7
11 7
0
Yes
40 37
40 38
41 37
41 38
42 37
0
Yes
42 32
41 32
42 31
42 33
41 33
43 32
43 31
43 33
40 32
40 33
42 30
43 30
42 34
43 34
44 32
44 31
44 33
44 30
44 34
41 30
40 34
42 29
41 29
43 29
44 29
45 32
45 31
45 33
45 30
45 34
45 29
39 33
39 34
43 35
40 29
40 35
39 35
42 28
41 28
40 28
46 32
46 31
46 33
46 30
46 34
39 29
39 28
39 30
39 31
45 35
46 35
38 30
38 29
38 28
38 34
38 35
40 36
39 36
38 36
41 36
42 27
41 27
40 27
39 27
38 27
45 28
45 36
46 36
47 32
47 31
47 33
47 30
47 34
47 35
47 36
43 27
37 30
37 29
37 28
37 27
37 31
37 32
37 33
37 34
37 35
37 36
45 27
47 29
36 32
36 31
36 33
36 30
36 34
36 29
36 35
36 28
36 36
36 27
48 32
48 31
48 33
48 30
48 34
48 29
48 35
43 26
38 37
37 37
36 37
47 28
48 28
39 26
38 26
37 26
36 26
35 32
35 31
35 33
35 30
35 34
35 29
35 35
35 28
35 36
35 27
35 26
49 32
49 31
49 33
49 30
49 34
49 29
49 35
49 28
47 27
48 27
49 27
38 38
37 38
36 38
39 25
38 25
37 25
36 25
35 25
0
Yes
21 4
21 5
21 6
21 7
22 4
22 5
22 6
22 7
23 4
23 5
23 6
23 7
24 4
24 5
24 6
24 7
25 4
25 5
25 6
25 7
26 4
26 5
26 6
26 7
0
Yes
23 0
23 1
23 2
23 3
24 0
24 1
24 2
24 3
25 0
25 1
25 2
25 3
26 0
26 1
26 2
26 3
27 0
27 1
27 2
0
Yes
38 10
38 11
39 10
39 11
37 10
37 11
38 9
38 12
39 9
39 12
40 10
40 11
37 9
37 12
40 9
40 12
36 10
36 11
38 8
38 13
39 8
39 13
41 10
41 11
36 9
36 12
37 8
40 8
40 13
41 9
41 12
35 10
35 11
36 8
36 13
38 7
38 14
39 7
39 14
41 8
41 13
42 10
42 11
35 9
35 12
37 7
40 7
40 14
42 9
42 12
35 8
35 13
36 7
36 14
41 7
41 14
42 8
42 13
34 10
34 11
38 6
39 6
43 10
43 11
34 9
34 12
37 6
40 6
43 9
43 12
35 7
35 14
42 7
42 14
34 8
34 13
36 6
41 6
43 8
43 13
33 10
33 11
44 10
44 11
33 9
33 12
34 7
34 14
35 6
42 6
43 7
43 14
44 9
44 12
33 8
33 13
44 8
44 13
34 6
43 6
32 10
32 11
33 7
33 14
44 7
32 9
32 12
32 8
32 13
33 6
0
Yes
46 19
46 20
45 19
45 20
47 19
47 20
46 18
46 21
45 18
45 21
47 18
47 21
44 19
44 20
48 19
48 20
44 18
44 21
46 17
46 22
48 18
48 21
45 17
47 17
47 22
43 19
43 20
49 19
49 20
44 17
48 17
48 22
43 18
43 21
49 18
49 21
47 16
43 17
43 22
49 22
42 19
42 20
44 16
48 16
42 18
42 21
43 16
49 16
42 17
42 22
42 16
0
No
0
No
0
Yes
47 44
46 44
47 43
47 45
48 44
46 43
46 45
48 43
48 45
45 44
47 42
47 46
49 44
45 43
45 45
46 42
46 46
48 42
48 46
49 43
49 45
45 42
45 46
49 42
49 46
44 44
47 41
47 47
44 43
44 45
46 41
46 47
48 41
48 47
44 42
44 46
45 41
45 47
49 41
49 47
47 40
47 48
46 40
46 48
48 40
48 48
44 41
45 40
45 48
49 40
49 48
44 40
44 48
47 39
47 49
46 39
46 49
48 39
48 49
45 39
45 49
49 39
49 49
44 39
44 49
47 38
46 38
48 38
45 38
0
No
0
Yes
21 31
21 32
21 33
21 34
21 35
22 31
22 32
22 33
22 34
22 35
23 31
23 32
23 33
23 34
23 35
24 31
24 32
24 33
24 34
24 35
25 31
25 32
25 33
25 34
25 35
26 31
26 32
0
No
0
No
0
Yes
19 20
19 19
19 21
20 20
20 19
20 21
18 21
19 22
18 22
20 22
21 20
21 21
21 22
19 23
18 23
20 23
21 23
22 20
22 21
17 23
19 24
18 24
20 24
17 24
21 24
16 23
16 24
21 25
15 24
21 26
14 24
15 25
14 25
13 24
13 25
15 26
14 26
13 26
21 27
12 24
12 25
12 26
15 27
14 27
11 24
11 23
15 28
10 23
10 24
15 29
10 25
9 23
9 24
9 25
9 22
15 30
10 26
9 26
8 23
8 24
8 25
8 26
7 23
7 24
7 25
7 26
6 23
6 24
5 23
5 24
5 22
5 21
6 21
7 21
6 20
6 19
7 19
8 19
9 19
10 19
10 20
9 20
10 18
9 18
8 18
7 18
8 17
7 17
8 16
7 16
0
Yes
2 32
2 33
3 32
3 33
1 32
1 33
2 31
2 34
3 31
3 34
4 32
4 33
1 31
1 34
4 31
4 34
0 32
0 33
2 30
2 35
3 30
3 35
0 31
0 34
1 30
1 35
4 30
4 35
0 30
0 35
2 29
2 36
3 29
3 36
1 29
1 36
4 29
4 36
0 29
0 36
2 28
2 37
3 28
3 37
1 28
1 37
4 28
4 37
0 28
2 27
0
Yes
43 3
43 4
42 3
42 4
44 3
44 4
43 2
43 5
42 2
42 5
44 2
44 5
45 3
45 4
41 2
45 2
45 5
42 1
44 6
46 3
46 4
41 1
45 6
40 2
40 3
40 4
40 5
46 2
46 5
42 0
43 0
44 0
40 1
46 6
39 3
41 0
45 0
47 3
47 4
39 2
47 2
47 5
40 0
46 0
39 1
47 1
47 6
38 3
38 4
48 3
48 4
38 2
38 5
48 2
48 5
39 0
47 0
38 1
48 1
48 6
37 3
37 4
49 3
49 4
38 0
48 0
37 2
37 5
49 2
49 5
37 1
49 1
49 6
37 0
49 0
36 3
36 4
36 2
36 5
36 1
36 0
0
Yes
4 12
4 11
4 13
5 12
3 11
5 11
5 13
4 10
4 14
6 12
2 11
2 12
2 13
3 10
3 14
5 10
5 14
6 11
6 13
2 10
6 10
6 14
1 12
4 9
4 15
7 12
1 11
1 13
3 9
5 9
5 15
7 11
7 13
1 10
2 9
6 9
6 15
7 10
7 14
0 12
4 8
0 11
0 13
3 8
1 9
7 9
7 15
0 10
2 8
0 9
1 8
7 8
0 8
0
Yes
21 3
20 3
21 2
22 3
22 2
20 4
21 1
22 1
23 3
23 2
23 1
21 0
22 0
23 0
24 3
24 2
24 1
24 0
20 0
19 0
25 3
25 2
25 1
25 0
18 0
17 0
26 3
26 2
26 1
26 0
16 0
16 1
16 2
17 2
18 2
19 2
15 2
15 1
15 0
27 2
27 1
27 0
14 2
14 1
14 0
14 3
28 2
28 1
28 0
13 3
13 2
13 1
13 0
13 4
13 5
29 1
29 0
12 2
12 4
12 5
30 1
30 0
30 2
12 0
12 6
11 2
31 2
31 1
31 0
11 5
11 6
11 0
10 2
10 3
10 4
10 5
10 6
32 2
32 1
32 0
10 1
10 0
10 7
9 4
9 5
9 6
9 7
33 2
33 1
33 0
33 3
33 4
9 1
9 0
33 5
9 8
34 2
34 1
34 0
34 4
34 5
8 1
8 0
8 5
8 6
8 7
8 8
9 9
8 9
10 9
10 10
10 11
35 2
35 1
35 0
7 1
7 0
7 2
7 3
7 4
7 5
7 6
7 7
35 5
0
Yes
40 37
40 38
41 37
41 38
42 37
42 38
43 37
0
No
0
No
0
Yes
40 23
40 24
40 25
40 26
41 23
41 24
41 25
41 26
42 23
42 24
42 25
42 26
43 23
43 24
0
Yes
17 36
17 37
17 38
17 39
17 40
17 41
18 36
18 37
18 38
18 39
18 40
18 41
19 36
19 37
19 38
19 39
19 40
19 41
20 36
20 37
20 38
20 39
20 40
20 41
21 36
21 37
21 38
21 39
21 40
21 41
22 36
22 37
22 38
22 39
22 40
0
No
0
Yes
5 45
5 46
5 47
5 48
5 49
6 45
6 46
6 47
6 48
6 49
7 45
7 46
7 47
7 48
7 49
8 45
8 46
8 47
8 48
8 49
9 45
9 46
9 47
9 48
9 49
0
No
0
No
0
Yes
4 32
3 32
4 31
3 31
4 33
3 33
2 32
2 31
2 33
4 30
3 30
2 30
4 34
3 34
2 34
1 32
1 31
1 33
1 30
1 34
4 29
3 29
2 29
1 29
4 35
3 35
2 35
1 35
5 35
6 35
0 32
0 31
0 33
0 30
0 34
0 29
0 35
4 28
3 28
2 28
1 28
0 28
4 36
3 36
5 36
2 36
6 36
1 36
0 36
4 27
3 27
2 27
4 37
3 37
5 37
2 37
6 37
1 37
5 27
7 37
4 26
3 26
5 26
2 26
4 38
3 38
5 38
6 38
7 38
6 26
0 27
8 37
1 26
0 26
1 38
4 25
3 25
5 25
2 25
1 25
0 25
4 39
3 39
5 39
6 39
7 39
4 24
4 40
5 40
8 39
1 24
0 24
7 40
8 40
9 39
9 40
4 23
10 39
10 40
10 38
10 37
10 36
9 36
9 35
10 35
11 35
11 36
11 37
11 38
11 39
11 40
12 35
12 36
12 37
12 38
12 39
12 40
1 23
0 23
0
No
0
Yes
38 20
37 20
39 20
37 21
39 19
36 20
36 21
40 20
40 19
36 19
39 18
40 18
40 21
36 22
40 22
39 22
35 20
35 19
35 21
35 22
41 20
41 21
41 22
39 17
40 17
38 17
39 23
38 23
37 23
36 23
35 23
35 18
34 20
34 19
34 21
34 18
34 22
34 23
38 16
39 16
40 16
38 24
37 24
39 24
36 24
35 24
34 24
42 20
42 21
42 22
37 16
42 19
42 18
33 20
33 19
33 21
33 18
33 22
33 23
33 24
34 17
38 15
37 15
39 15
40 15
41 16
41 15
42 17
42 16
42 15
43 20
43 19
43 21
43 18
43 22
43 17
43 16
36 15
34 16
35 16
35 15
34 15
32 20
32 19
32 21
32 18
32 22
32 23
32 24
44 20
44 19
44 21
44 18
44 17
44 16
34 25
33 25
32 25
31 20
31 19
31 21
31 18
31 22
31 23
31 24
31 25
0
Yes
46 4
46 5
45 4
45 5
47 4
47 5
46 3
46 6
45 3
45 6
47 3
47 6
44 4
44 5
48 4
48 5
44 3
44 6
46 2
46 7
48 3
48 6
45 2
45 7
47 2
47 7
43 4
43 5
49 4
49 5
44 2
48 2
48 7
43 3
49 3
49 6
47 1
43 2
49 2
49 7
42 4
42 5
48 1
42 3
49 1
42 2
42 1
0
Yes
31 26
31 27
31 28
31 29
32 26
32 27
32 28
32 29
33 26
33 27
33 28
33 29
34 26
34 27
34 28
0
Yes
39 19
39 18
39 20
40 19
40 18
40 20
38 20
39 17
40 17
37 20
38 17
40 21
41 20
41 21
37 21
39 16
38 16
40 16
36 20
36 21
36 19
40 22
41 22
39 22
42 20
42 21
42 22
42 19
42 18
37 16
41 16
42 17
42 16
35 19
35 20
35 21
39 15
38 15
40 15
37 15
41 15
42 15
39 23
43 19
43 18
43 20
43 17
43 21
43 16
43 22
35 18
38 23
36 22
35 22
37 23
36 23
35 23
34 19
34 18
34 20
34 21
34 22
34 23
36 15
39 24
38 24
37 24
36 24
35 24
34 24
44 19
44 18
44 20
44 17
44 21
44 16
34 17
35 15
35 16
34 16
34 15
33 19
33 18
33 20
33 21
33 22
33 23
33 24
45 19
45 18
45 20
45 17
45 21
32 19
32 18
32 20
32 21
32 22
32 23
32 24
46 19
46 18
46 20
46 17
0
No
0
Yes
23 36
23 37
23 38
23 39
24 36
24 37
24 38
24 39
25 36
25 37
25 38
25 39
26 36
26 37
26 38
26 39
27 36
27 37
27 38
0
Yes
4 10
3 10
4 9
3 9
4 11
3 11
5 10
5 9
5 11
2 10
2 9
2 11
4 8
3 8
2 8
4 12
5 12
6 10
6 9
6 11
6 12
2 12
1 10
1 9
1 11
1 8
1 12
4 7
4 13
5 13
6 13
7 10
7 9
7 11
7 12
7 13
2 7
1 7
2 13
1 13
7 8
0 10
0 9
0 11
0 8
0 12
0 7
0 13
4 14
5 14
6 14
7 14
8 10
3 14
2 6
1 6
0 6
3 6
4 15
5 15
6 15
7 15
8 13
8 14
8 15
2 5
1 5
0 5
9 13
9 14
9 15
4 16
6 16
0
Yes
27 19
26 19
27 18
26 18
27 20
26 20
28 19
28 18
28 20
25 19
25 18
25 20
27 17
26 17
28 17
25 17
27 21
26 21
28 21
25 21
29 19
29 18
29 20
29 17
29 21
24 19
24 18
24 20
24 17
24 21
27 16
26 16
28 16
25 16
29 16
24 16
30 19
30 18
30 20
30 17
30 16
23 19
23 18
23 20
23 17
23 21
23 16
27 15
26 15
28 15
25 15
29 15
24 15
30 15
23 15
31 19
31 18
31 20
31 21
31 22
31 23
31 24
31 25
0
Yes
42 40
42 41
42 42
42 43
43 40
43 41
43 42
43 43
0
No
0
Yes
8 42
7 42
8 41
7 41
8 43
7 43
9 42
9 41
6 42
6 43
10 41
6 44
5 43
5 44
11 41
11 42
12 42
12 41
4 43
4 44
12 43
4 45
13 42
3 43
3 44
3 45
3 42
3 41
14 42
2 41
14 41
14 43
2 44
2 45
14 40
14 44
3 46
2 46
14 45
13 45
13 46
14 46
15 42
15 41
15 43
15 40
15 44
15 45
13 47
12 47
11 47
11 46
11 45
10 45
10 44
9 44
1 44
1 45
1 46
15 39
2 47
1 47
16 42
15 38
14 38
0 44
0 45
0 46
16 40
16 39
16 38
0
No
0
Yes
35 42
34 42
35 41
34 41
35 43
34 43
36 42
36 41
36 43
33 42
33 41
33 43
35 40
34 40
36 40
33 40
35 44
34 44
36 44
33 44
37 42
37 41
37 43
37 40
37 44
32 42
32 41
32 43
32 40
35 39
34 39
36 39
33 39
37 39
32 39
35 45
34 45
36 45
33 45
37 45
38 41
38 40
38 43
38 44
38 45
31 42
31 41
31 43
31 40
31 39
35 38
34 38
33 38
32 38
31 38
36 46
37 46
38 46
39 41
39 40
39 43
32 45
31 44
31 45
33 46
32 46
31 46
30 42
30 41
30 43
30 40
30 44
30 39
30 45
30 38
30 46
39 45
39 46
36 47
37 47
38 47
39 47
35 47
40 41
40 40
40 42
40 43
33 37
32 37
31 37
30 37
33 47
32 47
40 45
40 46
40 47
35 48
36 48
41 42
41 41
41 43
41 40
29 43
29 44
29 45
29 46
29 40
29 39
29 38
29 37
33 48
32 48
32 36
31 36
30 36
29 36
38 48
39 48
40 48
35 49
36 49
28 43
28 44
28 45
28 46
34 49
33 49
32 49
41 46
41 47
41 48
28 40
28 39
28 38
28 37
28 36
37 49
38 49
39 49
40 49
0
No
0
No
0
No
0
No
0
No
0
No
0
Yes
2 12
1 12
2 11
1 11
2 13
1 13
3 11
0 12
0 11
0 13
2 10
1 10
3 10
0 10
4 11
4 10
4 12
4 13
4 14
3 14
2 9
1 9
3 9
0 9
4 9
5 12
5 11
5 13
5 10
5 14
5 9
3 15
4 15
5 15
2 15
1 15
0 15
2 8
1 8
3 8
0 8
4 8
2 16
1 16
3 16
0 16
4 16
6 12
6 11
6 13
6 10
6 14
6 9
6 15
2 7
1 7
0 7
2 17
1 17
3 17
0 17
4 17
7 12
7 11
7 13
7 10
7 14
7 9
7 15
4 7
6 16
2 6
1 6
0 6
2 18
1 18
0 18
3 6
8 13
8 14
8 15
4 18
8 10
7 8
5 18
2 5
1 5
0 5
2 19
3 19
4 19
5 19
9 13
9 14
9 15
2 20
3 20
1 4
0 4
0
No
0
Yes
10 31
11 31
10 30
10 32
11 30
11 32
9 31
12 31
9 32
12 30
12 32
10 29
10 33
11 29
11 33
8 31
9 29
9 33
12 29
12 33
13 31
8 30
8 32
13 30
13 32
10 28
10 34
11 28
11 34
8 29
8 33
13 29
13 33
9 28
9 34
12 28
12 34
7 31
14 31
7 30
7 32
14 30
14 32
8 28
13 28
13 34
7 29
7 33
10 27
11 27
14 29
14 33
9 27
12 27
6 31
6 30
6 32
7 28
14 28
14 34
8 27
13 27
6 29
0
No
0
No
0
Yes
26 33
26 34
26 35
27 33
27 34
27 35
28 33
28 34
28 35
29 33
29 34
29 35
30 33
30 34
30 35
31 33
31 34
31 35
32 33
32 34
32 35
0
No
0
No
0
Yes
16 25
16 26
16 27
16 28
17 25
17 26
17 27
17 28
18 25
18 26
18 27
18 28
19 25
19 26
19 27
19 28
20 25
0
No
0
Yes
22 22
22 23
22 24
22 25
22 26
22 27
22 28
22 29
22 30
23 22
23 23
23 24
23 25
23 26
23 27
23 28
23 29
23 30
24 22
24 23
24 24
24 25
24 26
24 27
24 28
24 29
24 30
25 22
25 23
25 24
25 25
25 26
25 27
25 28
25 29
25 30
26 22
26 23
26 24
26 25
26 26
26 27
26 28
26 29
26 30
27 22
27 23
27 24
27 25
27 26
27 27
27 28
27 29
27 30
28 22
28 23
28 24
28 25
28 26
28 27
28 28
28 29
28 30
0
No
0
No
0
Yes
23 40
23 41
24 40
24 41
0
Yes
23 3
22 3
23 2
22 2
23 4
22 4
24 3
24 2
24 4
21 3
21 2
21 4
23 1
22 1
24 1
21 1
23 5
22 5
24 5
21 5
25 3
25 2
25 4
25 1
25 5
20 3
20 4
23 0
22 0
24 0
21 0
25 0
23 6
22 6
24 6
21 6
25 6
26 3
26 2
26 4
26 1
26 5
26 0
26 6
19 3
19 4
23 7
22 7
24 7
21 7
25 7
26 7
19 2
27 2
27 1
27 0
20 0
19 5
18 3
18 2
18 4
18 5
0
Yes
40 28
39 28
40 27
39 27
40 29
39 29
41 28
41 27
41 29
38 28
38 27
38 29
42 28
42 27
42 29
39 26
38 26
39 30
38 30
41 30
42 30
37 28
37 27
37 29
37 26
37 30
39 25
38 25
37 25
39 31
43 27
43 29
43 30
42 31
43 31
43 26
36 28
36 27
36 29
36 26
36 30
36 25
44 29
44 30
44 31
37 31
36 31
42 32
43 32
44 32
41 32
40 32
35 28
35 27
35 29
35 26
35 30
35 25
35 31
37 32
36 32
35 32
40 33
41 33
42 33
43 33
44 33
39 33
45 29
45 30
45 31
45 32
45 33
45 28
45 27
37 33
36 33
35 33
40 34
39 34
34 29
34 30
34 31
38 34
37 34
36 34
35 34
42 34
43 34
44 34
45 34
46 30
46 31
46 32
46 33
46 34
34 25
40 35
39 35
38 35
37 35
36 35
35 35
47 30
47 31
47 32
47 33
47 34
47 29
47 28
47 27
47 26
46 26
46 25
47 25
45 25
46 24
33 25
43 35
46 23
40 36
39 36
38 36
37 36
36 36
35 36
48 28
48 27
48 29
48 26
48 30
48 25
48 31
48 32
48 33
48 34
0
No
0
Yes
4 32
4 33
5 32
5 33
3 32
3 33
4 31
4 34
5 31
5 34
6 32
6 33
3 31
3 34
6 31
6 34
2 32
2 33
4 30
4 35
5 30
5 35
7 32
7 33
2 31
2 34
3 30
3 35
6 30
6 35
7 31
1 32
1 33
2 30
2 35
4 29
4 36
5 29
5 36
7 30
8 32
8 33
1 31
1 34
3 29
3 36
6 29
6 36
8 31
1 30
1 35
2 29
2 36
7 29
8 30
0 32
0 33
4 28
4 37
5 28
5 37
0 31
0 34
3 28
3 37
6 28
6 37
1 29
1 36
8 29
0 30
0 35
2 28
2 37
7 28
7 37
4 27
5 27
0 29
0 36
1 28
1 37
3 27
6 27
8 28
8 37
2 27
7 27
0 28
8 27
0
Yes
12 36
11 36
12 35
11 35
12 37
11 37
13 36
13 35
10 36
10 35
10 37
12 34
11 34
13 34
10 34
12 38
11 38
10 38
14 36
14 35
14 34
9 36
9 35
9 34
12 33
11 33
13 33
10 33
14 33
9 33
12 39
11 39
10 39
15 36
15 35
15 34
15 37
15 38
14 38
12 32
11 32
13 32
10 32
14 32
9 32
12 40
11 40
10 40
16 36
16 35
16 37
16 34
16 38
9 39
9 40
15 39
16 39
8 39
8 40
12 31
11 31
13 31
10 31
14 31
9 31
12 41
11 41
10 41
9 41
8 41
15 40
16 40
14 40
16 33
17 35
17 34
17 33
14 41
15 41
16 32
17 32
7 39
7 40
7 41
7 38
12 30
11 30
13 30
10 30
14 30
12 42
11 42
13 42
14 42
15 42
18 35
18 34
18 33
18 32
6 38
6 39
16 31
17 31
18 31
9 42
8 42
7 42
12 29
11 29
13 29
10 29
14 29
12 43
19 35
19 34
19 33
19 32
0
Yes
14 8
13 8
14 9
13 9
15 8
15 9
13 7
15 7
12 8
12 7
14 10
13 10
15 10
16 8
16 7
16 9
16 10
15 6
16 6
14 6
12 6
12 10
11 8
11 7
11 6
14 11
13 11
15 11
12 11
16 11
17 8
17 7
17 9
17 6
17 10
17 11
15 5
16 5
17 5
11 10
11 11
12 5
11 5
13 5
14 12
13 12
15 12
12 12
11 12
10 7
10 6
10 5
13 4
12 4
15 4
16 4
17 4
18 7
18 6
10 10
10 11
10 9
14 13
13 13
15 13
12 13
11 13
17 12
9 7
9 6
9 5
9 8
9 9
13 3
14 3
15 3
16 3
17 3
16 13
17 13
10 4
9 4
8 8
8 7
8 9
8 6
8 5
14 2
13 2
15 2
16 2
17 2
14 14
13 14
15 14
12 14
16 14
11 14
17 14
12 2
10 3
10 13
10 14
11 2
10 2
14 1
13 1
15 1
16 1
14 15
13 15
15 15
12 15
16 15
17 15
7 7
7 6
7 5
14 0
13 0
15 0
16 0
0
No
0
Yes
23 17
23 18
23 19
23 20
23 21
24 17
24 18
24 19
24 20
24 21
25 17
25 18
25 19
25 20
25 21
26 17
26 18
26 19
26 20
26 21
27 17
27 18
27 19
27 20
27 21
28 17
28 18
28 19
28 20
28 21
0
Yes
30 0
30 1
30 2
31 0
31 1
31 2
32 0
32 1
32 2
33 0
33 1
33 2
34 0
34 1
34 2
35 0
35 1
35 2
36 0
36 1
36 2
0
No
0
Yes
5 45
5 46
5 47
5 48
5 49
6 45
6 46
6 47
6 48
6 49
7 45
7 46
7 47
7 48
7 49
8 45
8 46
8 47
8 48
8 49
9 45
9 46
0
No
0
Yes
37 0
37 1
37 2
38 0
38 1
38 2
39 0
39 1
39 2
40 0
40 1
40 2
41 0
41 1
41 2
0
No
0
Yes
15 24
14 24
15 25
14 25
16 24
16 25
16 23
13 24
13 25
15 26
14 26
16 26
13 26
17 24
17 23
17 25
17 26
16 22
17 22
12 24
12 25
12 26
15 27
14 27
16 27
13 27
17 27
12 27
18 24
18 23
18 25
18 22
18 26
18 27
16 21
17 21
18 21
15 21
14 21
14 22
13 22
13 21
12 22
12 21
11 24
15 20
14 20
16 20
13 20
17 20
12 20
15 28
14 28
16 28
13 28
17 28
12 28
18 28
19 24
19 23
19 25
19 22
19 26
19 21
19 27
19 28
11 23
11 22
11 21
11 20
10 24
10 23
11 27
11 28
15 19
14 19
16 19
13 19
17 19
12 19
11 19
15 29
16 29
17 29
18 29
19 29
20 24
20 23
20 25
20 22
20 26
20 21
20 27
10 25
10 26
10 27
10 28
19 20
20 20
9 24
9 23
9 25
9 26
9 27
9 28
15 18
16 18
17 18
15 30
16 30
17 30
18 30
19 30
21 24
21 23
21 25
21 22
21 26
21 21
21 27
21 20
0
Yes
23 36
23 37
23 38
23 39
24 36
24 37
24 38
24 39
25 36
25 37
25 38
25 39
0
No
0
Yes
21 2
21 3
21 4
21 5
21 6
21 7
22 2
22 3
22 4
22 5
22 6
22 7
23 2
23 3
23 4
23 5
23 6
23 7
24 2
24 3
24 4
24 5
24 6
24 7
25 2
25 3
25 4
25 5
25 6
25 7
26 2
26 3
26 4
26 5
26 6
26 7
27 2
0
Yes
30 23
29 23
30 22
29 22
30 24
31 23
31 22
31 24
30 21
29 21
31 21
30 25
31 25
29 25
28 21
32 25
30 20
29 20
31 20
28 20
30 26
29 26
31 26
32 26
27 21
27 20
30 19
29 19
31 19
28 19
27 19
30 27
29 27
31 27
32 27
33 26
33 27
26 21
26 20
26 19
30 18
29 18
31 18
28 18
27 18
26 18
30 28
29 28
31 28
32 28
33 28
34 26
34 27
34 28
25 21
25 20
25 19
25 18
30 17
29 17
28 17
27 17
26 17
25 17
30 29
29 29
31 29
32 29
33 29
24 21
24 20
24 19
24 18
24 17
30 16
29 16
28 16
27 16
26 16
25 16
24 16
30 30
29 30
31 30
23 21
23 20
23 19
23 18
23 17
23 16
30 15
29 15
28 15
27 15
26 15
25 15
24 15
0
No
0
Yes
27 31
27 32
27 33
27 34
27 35
28 31
28 32
28 33
28 34
28 35
29 31
29 32
29 33
29 34
29 35
30 31
30 32
30 33
30 34
30 35
31 31
31 32
31 33
31 34
31 35
0
No
0
No
0
No
0
Yes
39 27
38 27
39 26
39 28
40 27
38 26
38 28
40 26
40 28
37 27
39 25
39 29
41 27
37 26
37 28
38 25
38 29
40 25
40 29
41 26
41 28
37 25
37 29
41 25
41 29
36 27
39 24
39 30
42 27
36 26
36 28
38 24
38 30
40 24
42 26
42 28
36 25
36 29
37 24
37 30
41 24
41 30
42 25
42 29
35 27
39 23
35 26
35 28
38 23
40 23
36 24
36 30
42 24
42 30
35 25
35 29
37 23
41 23
35 24
35 30
36 23
42 23
0
Yes
18 36
18 37
18 38
18 39
18 40
18 41
19 36
19 37
19 38
19 39
19 40
19 41
20 36
20 37
20 38
20 39
20 40
20 41
21 36
21 37
21 38
21 39
21 40
21 41
22 36
22 37
22 38
22 39
22 40
22 41
23 36
23 37
23 38
23 39
23 40
23 41
24 36
24 37
24 38
24 39
24 40
24 41
0
Yes
12 33
11 33
12 32
12 34
13 33
11 32
11 34
13 32
13 34
10 33
12 31
12 35
14 33
10 32
10 34
11 31
11 35
13 31
13 35
14 32
14 34
10 31
10 35
14 31
14 35
9 33
12 30
12 36
9 32
9 34
11 30
11 36
13 30
13 36
9 31
9 35
10 30
10 36
14 30
14 36
12 29
11 29
13 29
9 36
10 29
14 29
0
Yes
25 14
24 14
25 13
24 13
26 14
26 13
23 14
23 13
25 12
24 12
26 12
23 12
27 14
27 13
27 12
23 15
22 14
22 13
22 15
25 11
24 11
26 11
23 11
27 11
28 14
28 13
28 12
28 11
22 16
21 14
21 13
21 15
21 16
25 10
24 10
26 10
23 10
27 10
28 10
29 14
29 13
29 12
22 17
21 17
21 12
20 14
20 13
20 15
20 12
20 16
20 17
21 11
22 10
21 10
22 18
25 9
24 9
26 9
23 9
27 9
22 9
28 9
21 9
30 14
30 13
30 12
29 10
29 9
30 11
19 14
19 13
19 15
19 12
19 16
19 17
25 8
24 8
26 8
23 8
27 8
22 8
28 8
0
No
0
Yes
35 23
35 24
35 25
35 26
35 27
35 28
36 23
36 24
36 25
36 26
36 27
36 28
37 23
37 24
37 25
37 26
37 27
37 28
38 23
38 24
38 25
38 26
38 27
38 28
39 23
39 24
39 25
39 26
39 27
39 28
40 23
0
Yes
44 2
44 3
44 4
44 5
44 6
45 2
45 3
45 4
45 5
45 6
46 2
46 3
46 4
46 5
46 6
47 2
47 3
47 4
47 5
47 6
48 2
48 3
48 4
48 5
48 6
49 2
49 3
49 4
49 5
49 6
0
No
0
No
0
Yes
47 0
47 1
48 0
48 1
49 0
49 1
0
No
0
Yes
45 41
45 42
45 43
45 44
45 45
45 46
45 47
45 48
45 49
46 41
46 42
46 43
46 44
46 45
46 46
46 47
46 48
46 49
47 41
47 42
47 43
47 44
47 45
47 46
47 47
47 48
47 49
48 41
48 42
48 43
48 44
48 45
48 46
48 47
48 48
48 49
49 41
49 42
49 43
49 44
49 45
49 46
49 47
49 48
49 49
0
Yes
29 19
29 20
30 19
30 20
28 19
28 20
29 18
29 21
30 18
30 21
31 19
31 20
28 18
28 21
31 18
31 21
27 19
27 20
29 17
29 22
30 17
30 22
32 19
32 20
27 18
27 21
28 17
28 22
31 17
31 22
32 18
32 21
26 19
26 20
27 17
27 22
29 16
29 23
30 16
30 23
32 17
32 22
33 19
33 20
26 18
26 21
28 16
28 23
31 16
31 23
33 18
33 21
26 17
26 22
27 16
27 23
32 16
32 23
33 17
33 22
25 19
25 20
29 15
30 15
34 19
34 20
25 18
25 21
28 15
31 15
34 18
34 21
26 16
26 23
33 16
33 23
25 17
25 22
27 15
32 15
34 17
34 22
24 19
24 20
35 19
35 20
24 18
24 21
25 16
25 23
26 15
33 15
34 16
34 23
35 18
35 21
24 17
24 22
35 22
25 15
34 15
23 19
23 20
24 16
24 23
35 16
23 18
23 21
23 17
23 22
24 15
35 15
23 16
23 23
0
Yes
22 24
22 25
22 26
22 27
22 28
22 29
22 30
23 24
23 25
23 26
23 27
23 28
23 29
23 30
24 24
24 25
24 26
24 27
24 28
24 29
24 30
25 24
25 25
25 26
25 27
25 28
25 29
25 30
26 24
26 25
26 26
26 27
26 28
26 29
26 30
27 24
27 25
27 26
27 27
27 28
27 29
27 30
28 24
0
No
0
Yes
42 2
42 3
42 4
42 5
43 2
43 3
43 4
43 5
44 2
44 3
44 4
44 5
45 2
45 3
45 4
45 5
46 2
46 3
46 4
46 5
47 2
47 3
47 4
47 5
48 2
48 3
48 4
48 5
49 2
49 3
49 4
49 5
0
Yes
10 37
10 38
10 39
10 40
10 41
11 37
11 38
11 39
11 40
11 41
12 37
12 38
12 39
12 40
12 41
0
Yes
0 10
0 11
0 12
0 13
1 10
1 11
1 12
1 13
2 10
2 11
2 12
2 13
3 10
3 11
0
Yes
29 18
28 18
29 17
29 19
30 18
28 17
28 19
30 17
30 19
27 18
29 16
29 20
31 18
27 17
27 19
28 16
28 20
30 16
30 20
31 17
31 19
27 16
27 20
31 16
31 20
26 18
29 15
29 21
32 18
26 17
26 19
28 15
28 21
30 15
30 21
32 17
32 19
26 16
26 20
27 15
27 21
31 15
31 21
32 16
32 20
25 18
29 14
29 22
33 18
25 17
25 19
28 14
28 22
30 14
30 22
33 17
33 19
26 15
26 21
32 15
32 21
25 16
25 20
27 14
27 22
31 14
31 22
33 16
33 20
24 18
25 15
25 21
26 14
26 22
29 13
32 14
32 22
33 15
33 21
34 18
24 17
24 19
28 13
30 13
34 17
34 19
24 16
24 20
27 13
31 13
34 16
34 20
25 14
25 22
33 14
33 22
24 15
24 21
26 13
32 13
34 15
34 21
23 18
35 18
23 17
23 19
35 19
23 16
23 20
35 16
35 20
24 14
24 22
25 13
33 13
34 14
34 22
23 15
23 21
35 15
35 21
22 18
22 17
24 13
34 13
23 14
23 22
35 14
35 22
22 16
22 20
22 15
22 21
23 13
35 13
22 14
22 22
22 13
0
No
0
No
0
Yes
27 4
28 4
26 4
26 5
26 6
27 6
28 6
29 4
29 5
29 6
27 3
27 7
28 3
28 7
25 5
26 3
26 7
29 3
29 7
30 5
25 4
25 6
30 4
30 6
27 2
27 8
28 2
28 8
25 3
25 7
30 3
30 7
26 2
26 8
29 8
24 5
31 5
24 4
24 6
31 4
31 6
25 2
25 8
30 2
30 8
24 3
24 7
27 1
27 9
28 1
28 9
31 3
31 7
26 1
26 9
29 1
29 9
23 5
32 5
23 4
23 6
24 2
24 8
31 2
31 8
32 4
32 6
25 1
25 9
30 1
23 3
23 7
32 3
32 7
27 0
28 0
26 0
29 0
24 1
24 9
31 1
23 2
23 8
32 2
32 8
22 5
33 5
22 4
22 6
25 0
30 0
33 4
33 6
22 3
22 7
33 3
33 7
23 1
23 9
32 1
32 9
24 0
31 0
22 2
22 8
33 2
33 8
21 5
34 5
21 4
21 6
34 4
34 6
23 0
32 0
21 3
21 7
22 1
22 9
33 1
33 9
34 7
21 2
21 8
34 2
34 8
22 0
33 0
20 4
21 1
21 9
34 1
34 9
20 3
21 0
34 0
0
Yes
40 7
39 7
40 6
40 8
41 7
39 6
39 8
41 6
41 8
38 7
40 5
40 9
42 7
38 6
38 8
39 9
41 9
42 6
42 8
38 5
38 9
42 5
42 9
37 7
40 4
40 10
43 7
37 6
37 8
39 10
41 10
43 6
43 8
37 5
37 9
38 4
38 10
42 4
42 10
43 5
43 9
36 7
40 3
40 11
44 7
36 6
36 8
39 3
39 11
41 11
44 6
44 8
37 4
37 10
43 4
43 10
36 5
36 9
38 3
38 11
42 3
42 11
44 5
44 9
35 7
36 4
36 10
37 3
37 11
40 2
40 12
43 3
43 11
44 4
44 10
35 6
35 8
39 2
39 12
41 2
41 12
35 5
35 9
38 2
38 12
42 2
42 12
36 3
36 11
44 3
44 11
35 10
37 2
37 12
43 2
43 12
40 1
40 13
39 1
39 13
41 1
41 13
38 1
38 13
42 1
42 13
35 11
36 2
36 12
44 2
44 12
37 1
43 13
40 0
35 2
35 12
39 0
41 0
36 1
36 13
44 13
38 0
42 0
37 0
43 0
0
No
0
No
0
Yes
9 31
9 32
9 33
9 34
9 35
9 36
10 31
10 32
10 33
10 34
10 35
10 36
11 31
11 32
11 33
11 34
11 35
11 36
12 31
12 32
12 33
12 34
12 35
12 36
13 31
13 32
13 33
13 34
13 35
13 36
14 31
14 32
14 33
14 34
14 35
14 36
0
Yes
15 10
16 10
15 9
15 11
16 9
16 11
14 10
17 10
14 9
14 11
17 9
17 11
15 8
15 12
16 8
13 10
14 8
14 12
17 8
17 12
18 10
13 9
13 11
18 9
15 7
15 13
16 7
16 13
13 8
13 12
18 8
18 12
14 13
17 7
17 13
12 10
19 10
12 11
19 9
19 11
13 7
13 13
18 7
12 8
12 12
15 6
15 14
16 6
16 14
19 8
19 12
14 6
14 14
17 6
17 14
11 10
11 11
12 7
12 13
19 13
13 14
18 6
18 14
11 8
11 12
15 5
15 15
16 5
16 15
14 15
17 5
17 15
12 6
12 14
19 14
11 7
11 13
13 15
18 5
18 15
11 6
11 14
15 4
15 16
16 4
16 16
12 5
13 5
12 15
19 5
19 15
14 16
17 4
17 16
13 4
13 16
18 4
18 16
11 5
12 4
12 16
19 4
19 16
15 3
15 17
16 3
16 17
14 3
14 17
17 3
17 17
13 3
13 17
18 3
18 17
11 16
12 17
19 3
19 17
15 2
16 2
14 2
17 2
13 2
18 2
12 2
19 2
0
Yes
45 38
45 39
45 40
45 41
45 42
45 43
45 44
45 45
45 46
45 47
45 48
45 49
46 38
46 39
46 40
46 41
46 42
46 43
46 44
46 45
46 46
46 47
46 48
46 49
47 38
47 39
47 40
47 41
47 42
47 43
47 44
47 45
47 46
47 47
47 48
47 49
48 38
48 39
48 40
48 41
48 42
48 43
48 44
48 45
48 46
48 47
48 48
48 49
49 38
49 39
49 40
49 41
49 42
49 43
49 44
49 45
49 46
0
Yes
31 29
31 30
32 29
30 29
30 30
31 28
31 31
32 28
33 29
30 28
30 31
33 28
29 29
29 30
31 27
31 32
32 27
32 32
34 29
34 30
29 28
29 31
30 27
30 32
33 27
33 32
34 28
34 31
28 29
28 30
29 27
29 32
31 26
31 33
32 26
32 33
34 27
34 32
28 28
28 31
30 26
30 33
33 26
33 33
28 27
28 32
29 26
29 33
34 26
34 33
31 25
31 34
32 25
32 34
30 25
30 34
33 25
33 34
28 26
28 33
29 25
29 34
34 25
34 34
31 24
31 35
32 24
32 35
28 25
28 34
30 24
30 35
33 24
33 35
29 35
34 24
34 35
28 35
31 23
32 23
30 23
33 23
0
Yes
42 33
43 33
42 32
42 34
43 32
43 34
41 33
44 33
41 32
44 32
44 34
42 31
43 31
43 35
40 33
44 31
45 33
40 32
40 34
45 32
45 34
42 30
43 30
40 35
45 31
45 35
41 30
44 30
39 33
46 33
39 34
46 32
46 34
40 36
41 36
45 30
45 36
39 35
42 29
43 29
46 31
46 35
41 29
44 29
47 33
38 34
39 36
46 30
46 36
47 32
47 34
40 29
45 29
38 35
47 31
47 35
39 29
39 30
39 31
38 30
38 36
47 30
47 36
48 33
37 34
37 33
37 32
48 32
48 34
37 31
37 35
48 31
48 35
38 29
47 29
37 30
37 36
48 30
36 33
49 33
36 32
36 34
49 32
49 34
36 31
36 35
37 29
48 29
49 31
49 35
36 30
36 36
49 30
35 33
35 32
35 34
36 29
49 29
35 31
35 35
35 30
35 36
35 29
0
Yes
36 37
36 38
37 37
37 38
38 37
38 38
0
No
0
Yes
12 29
12 30
13 29
13 30
14 29
14 30
0
Yes
22 25
22 26
22 27
22 28
22 29
22 30
23 25
23 26
23 27
23 28
23 29
23 30
24 25
24 26
24 27
24 28
24 29
24 30
25 25
25 26
25 27
25 28
25 29
25 30
26 25
26 26
26 27
26 28
26 29
26 30
27 25
27 26
27 27
27 28
27 29
27 30
0
Yes
4 31
5 31
4 30
4 32
5 30
5 32
3 31
6 31
3 30
3 32
6 30
6 32
4 29
4 33
5 29
5 33
2 31
3 29
3 33
6 29
6 33
7 31
2 30
2 32
7 30
7 32
4 28
4 34
5 28
5 34
2 29
2 33
7 29
7 33
3 28
3 34
6 28
6 34
1 31
8 31
1 30
1 32
8 30
8 32
2 28
2 34
7 28
1 29
1 33
4 27
4 35
5 27
5 35
8 29
8 33
3 27
3 35
6 27
6 35
0 31
0 30
0 32
1 28
1 34
8 28
2 27
2 35
7 27
0 29
0 33
4 26
4 36
5 26
5 36
3 26
3 36
6 26
6 36
1 35
8 27
0 28
0 34
2 26
2 36
7 26
0 27
0 35
4 25
4 37
5 25
5 37
1 26
1 36
8 26
3 25
3 37
6 37
2 25
2 37
7 25
7 37
0 26
0 36
1 25
1 37
8 25
8 37
4 24
4 38
5 24
5 38
3 38
6 24
6 38
7 24
7 38
0 25
1 24
1 38
8 24
4 23
5 23
6 23
0 24
7 23
0
Yes
39 10
39 11
38 10
38 11
40 10
40 11
39 9
39 12
38 9
38 12
40 9
40 12
37 10
37 11
41 10
41 11
37 9
37 12
39 8
39 13
41 9
41 12
38 8
38 13
40 8
40 13
36 10
36 11
42 10
42 11
37 8
41 8
41 13
36 9
36 12
42 9
42 12
39 7
39 14
38 7
38 14
40 7
40 14
36 8
36 13
42 8
42 13
35 10
35 11
37 7
41 7
41 14
43 10
43 11
35 9
35 12
43 9
43 12
39 6
36 7
36 14
38 6
40 6
42 7
42 14
35 8
43 8
43 13
37 6
41 6
34 10
34 11
44 10
44 11
34 12
44 9
44 12
35 7
43 7
43 14
36 6
42 6
44 8
44 13
33 10
33 11
35 6
43 6
44 7
33 12
44 6
0
Yes
3 0
3 1
3 2
3 3
4 0
4 1
4 2
4 3
5 0
5 1
5 2
5 3
6 0
6 1
6 2
6 3
7 0
7 1
7 2
0
Yes
42 3
42 2
42 4
43 3
43 2
43 4
41 2
42 1
41 1
42 5
43 5
44 3
44 2
44 4
44 5
40 2
40 1
40 3
40 4
40 5
39 3
39 2
39 1
42 0
41 0
40 0
39 0
45 3
45 2
45 4
45 5
43 0
44 0
38 3
38 2
38 1
38 0
46 3
46 2
46 4
46 5
38 4
45 0
45 6
46 6
38 5
37 3
37 2
37 4
37 1
37 5
37 0
45 7
46 7
46 0
47 3
47 2
47 4
47 5
47 6
47 7
36 3
36 2
36 4
36 1
36 5
36 0
48 3
48 2
48 4
48 5
48 6
48 7
49 3
49 2
49 4
49 5
49 6
49 7
35 2
35 1
35 0
47 8
48 8
0
Yes
22 23
22 24
23 23
23 24
24 23
24 24
0
No
0
No
0
Yes
40 27
39 27
40 26
39 26
40 28
39 28
41 27
41 26
41 28
38 27
38 26
38 28
40 25
39 25
41 25
38 25
40 29
39 29
41 29
38 29
42 27
42 26
42 28
42 25
42 29
37 27
37 26
37 28
37 25
37 29
40 24
39 24
41 24
38 24
42 24
37 24
43 27
43 26
39 30
38 30
37 30
41 30
42 30
43 29
43 30
36 27
36 26
36 28
36 25
36 29
36 24
36 30
40 23
39 23
41 23
38 23
42 23
37 23
36 23
39 31
43 24
43 23
42 31
43 31
44 29
44 30
44 31
35 27
35 26
35 28
35 25
35 29
35 24
35 30
35 23
37 31
36 31
35 31
40 22
39 22
41 22
42 22
43 22
42 32
43 32
44 32
41 32
40 32
45 29
45 30
45 31
45 32
45 28
45 27
44 23
37 32
36 32
35 32
40 21
41 21
42 21
43 21
40 33
41 33
42 33
43 33
44 33
45 33
39 33
36 22
37 33
36 33
35 33
46 30
46 31
46 32
46 33
40 20
41 20
42 20
43 20
40 34
39 34
39 20
34 23
36 21
37 21
44 21
44 20
38 20
37 20
36 20
38 34
37 34
36 34
35 34
0
No
0
Yes
6 12
5 12
6 11
5 11
6 13
5 13
7 12
7 11
7 13
4 12
4 11
4 13
6 10
5 10
7 10
4 10
6 14
5 14
7 14
4 14
8 13
8 14
8 10
6 9
5 9
7 9
4 9
8 9
6 15
5 15
7 15
4 15
8 15
9 13
9 14
9 15
3 14
3 15
6 16
7 16
8 16
9 16
7 8
8 8
10 13
10 14
3 9
9 9
9 8
4 8
3 8
4 16
3 16
2 9
2 8
2 15
2 16
10 9
10 10
10 11
7 7
8 7
9 7
7 17
8 17
4 7
4 17
3 17
2 17
10 16
1 9
1 8
1 15
1 16
1 17
7 6
8 6
9 6
6 6
5 6
7 18
8 18
4 18
5 18
2 7
1 7
10 7
10 6
0 9
0 8
0 7
0 15
0 16
0 17
9 18
6 5
5 5
7 5
8 5
9 5
10 5
5 19
4 19
6 19
7 19
8 19
9 19
2 6
1 6
0 6
3 6
2 18
1 18
0 18
10 18
10 19
3 19
2 19
11 18
6 4
7 4
6 20
2 5
1 5
0 5
12 18
3 20
2 20
9 4
10 4
9 20
10 20
6 21
5 21
7 3
7 21
4 21
3 21
2 21
13 18
1 4
0 4
10 3
5 22
4 22
1 3
0 3
0
Yes
35 35
35 36
36 35
36 36
37 35
37 36
38 35
38 36
39 35
39 36
0
Yes
46 20
45 20
46 19
46 21
47 20
45 19
45 21
47 19
47 21
46 18
46 22
48 20
44 19
45 18
47 18
47 22
48 19
48 21
44 18
48 18
48 22
46 17
49 20
43 19
45 17
47 17
49 19
49 21
43 18
44 17
48 17
49 18
49 22
42 19
43 17
42 18
42 17
0
Yes
5 45
5 46
5 47
5 48
5 49
6 45
6 46
6 47
6 48
6 49
7 45
7 46
7 47
7 48
7 49
8 45
8 46
8 47
8 48
8 49
9 45
9 46
9 47
9 48
0
Yes
0 32
0 33
0 34
0 35
0 36
1 32
1 33
1 34
1 35
1 36
2 32
2 33
2 34
2 35
2 36
3 32
3 33
3 34
3 35
3 36
4 32
4 33
4 34
4 35
4 36
5 32
5 33
5 34
5 35
0
No
0
Yes
23 10
23 11
23 12
24 10
24 11
24 12
25 10
25 11
25 12
26 10
26 11
0
No
0
Yes
40 11
39 11
40 10
39 10
40 12
39 12
41 11
41 10
41 12
38 11
38 10
38 12
40 9
39 9
41 9
38 9
40 13
39 13
41 13
38 13
42 11
42 10
42 12
42 9
42 13
37 11
37 10
37 12
37 9
40 8
39 8
41 8
38 8
42 8
37 8
40 14
39 14
41 14
38 14
42 14
43 11
43 10
43 12
43 9
43 13
43 8
43 14
36 11
36 10
36 12
36 9
36 8
40 7
39 7
41 7
38 7
42 7
37 7
43 7
36 7
40 15
39 15
41 15
38 15
42 15
44 11
44 10
44 12
44 9
44 13
44 8
44 7
36 13
35 11
35 10
35 12
35 9
35 8
35 7
36 14
37 15
36 15
40 6
39 6
41 6
38 6
42 6
37 6
43 6
36 6
44 6
35 6
40 16
39 16
41 16
38 16
42 16
37 16
45 10
45 9
45 12
45 13
43 16
45 14
34 11
34 10
34 12
40 17
39 17
38 17
46 10
46 11
46 12
46 13
46 14
44 16
45 15
33 11
33 10
33 12
40 18
39 18
47 11
47 12
47 13
35 5
32 11
32 10
32 12
40 19
39 19
48 11
48 12
48 13
48 10
48 14
31 10
49 12
49 13
49 14
49 15
49 16
48 16
0
No
0
No
0
No
0
Yes
8 33
7 33
8 32
7 32
6 33
6 32
8 31
7 31
6 31
6 34
6 35
8 30
7 30
6 30
5 31
5 30
6 36
8 29
7 29
6 29
5 29
9 29
5 36
4 31
4 30
4 29
6 37
5 37
7 37
8 37
10 29
10 30
11 30
11 29
8 28
7 28
6 28
5 28
4 28
7 38
6 38
5 38
3 31
3 30
3 29
3 28
4 37
4 38
8 27
7 27
6 27
5 27
4 27
3 27
7 39
6 39
5 39
4 39
8 39
9 39
2 31
2 30
2 29
2 28
2 27
10 39
10 38
10 37
11 37
11 38
11 39
12 37
12 38
12 39
3 37
3 38
3 39
8 26
7 26
6 26
5 26
4 26
3 26
0
Yes
14 38
15 38
15 37
15 39
16 38
16 37
16 39
15 36
16 36
15 40
16 40
14 40
14 41
15 41
17 38
17 37
17 39
17 36
17 40
15 35
16 35
17 35
14 42
15 42
13 42
15 34
16 34
17 34
17 41
12 42
12 41
12 40
11 40
11 41
11 42
10 40
10 41
16 42
14 43
15 43
18 35
18 34
9 40
9 41
12 43
16 33
17 33
18 33
19 35
19 34
19 33
14 44
15 44
8 40
8 41
16 32
17 32
18 32
19 32
16 44
9 42
8 42
20 35
14 45
15 45
16 45
13 45
7 40
7 41
7 42
16 31
17 31
18 31
19 31
21 35
8 43
7 43
14 46
13 46
21 34
16 46
20 32
20 31
22 35
22 34
21 33
21 32
22 33
21 31
22 32
22 31
6 42
6 43
13 47
12 47
16 47
11 47
11 46
11 45
10 45
10 44
9 44
23 35
23 34
23 33
23 32
23 31
6 44
20 30
13 48
12 48
14 48
16 48
5 43
5 44
24 35
24 34
24 33
24 32
24 31
20 29
14 49
13 49
12 49
4 43
4 44
16 49
25 35
25 34
25 33
25 32
25 31
25 36
25 37
0
Yes
22 23
22 24
22 25
22 26
22 27
22 28
22 29
23 23
23 24
23 25
23 26
23 27
23 28
23 29
24 23
24 24
24 25
24 26
24 27
24 28
24 29
25 23
25 24
25 25
25 26
25 27
25 28
25 29
26 23
26 24
26 25
26 26
26 27
26 28
26 29
27 23
27 24
27 25
27 26
0
Yes
47 28
47 29
47 30
47 31
47 32
47 33
47 34
47 35
48 28
48 29
48 30
48 31
48 32
48 33
48 34
48 35
49 28
49 29
49 30
49 31
49 32
49 33
49 34
49 35
0
No
0
No
0
Yes
30 13
30 14
30 15
30 16
30 17
31 13
31 14
31 15
31 16
31 17
32 13
32 14
32 15
32 16
32 17
33 13
33 14
33 15
33 16
33 17
34 13
34 14
34 15
34 16
34 17
35 13
35 14
35 15
35 16
0
No
0
Yes
26 17
26 18
27 17
27 18
25 17
25 18
26 16
26 19
27 16
27 19
28 17
28 18
25 16
25 19
28 16
28 19
24 17
24 18
26 15
26 20
27 15
27 20
29 17
29 18
24 16
24 19
25 15
25 20
28 15
28 20
29 16
29 19
23 17
23 18
24 15
24 20
26 14
26 21
27 14
27 21
29 15
29 20
30 18
23 16
23 19
25 14
25 21
28 14
28 21
30 19
23 15
23 20
24 14
24 21
29 14
29 21
30 20
22 17
22 18
26 13
26 22
27 13
27 22
22 16
25 13
25 22
28 13
28 22
23 14
23 21
30 21
22 15
22 20
24 13
24 22
29 13
29 22
26 12
27 12
22 14
22 21
23 13
23 22
28 12
30 22
29 12
22 13
22 22
0
Yes
2 26
2 27
2 28
2 29
2 30
2 31
3 26
3 27
3 28
3 29
3 30
3 31
4 26
4 27
4 28
4 29
4 30
4 31
5 26
5 27
5 28
5 29
5 30
5 31
6 26
6 27
6 28
6 29
6 30
6 31
7 26
7 27
7 28
7 29
7 30
7 31
8 26
8 27
8 28
0
Yes
20 12
20 13
20 14
20 15
20 16
21 12
21 13
21 14
21 15
21 16
0
Yes
35 23
35 24
35 25
35 26
35 27
35 28
35 29
36 23
36 24
36 25
36 26
36 27
36 28
36 29
37 23
37 24
37 25
37 26
37 27
37 28
37 29
38 23
38 24
38 25
38 26
38 27
38 28
38 29
39 23
39 24
39 25
39 26
39 27
39 28
39 29
40 23
40 24
40 25
40 26
40 27
40 28
40 29
41 23
41 24
41 25
41 26
41 27
41 28
41 29
42 23
42 24
0
Yes
0 28
0 29
0 30
0 31
1 28
1 29
1 30
1 31
0
Yes
42 26
42 27
42 28
43 26
43 27
0
Yes
47 0
47 1
48 0
48 1
49 0
0
Yes
8 0
8 1
9 0
9 1
10 0
0
Yes
30 0
30 1
30 2
30 3
30 4
31 0
31 1
31 2
31 3
31 4
32 0
32 1
32 2
32 3
32 4
33 0
33 1
33 2
33 3
33 4
34 0
34 1
34 2
0
No
0
Yes
25 5
24 5
25 4
24 4
25 6
24 6
26 5
26 4
26 6
23 5
23 4
23 6
25 3
24 3
26 3
23 3
25 7
24 7
26 7
23 7
27 4
27 3
27 6
27 7
22 5
22 4
22 6
22 3
22 7
25 2
24 2
26 2
23 2
27 2
22 2
25 8
24 8
26 8
23 8
27 8
22 8
28 4
28 3
28 2
28 6
28 7
28 8
21 5
21 4
21 6
21 3
21 7
21 2
21 8
25 1
24 1
26 1
23 1
27 1
22 1
28 1
21 1
25 9
24 9
26 9
23 9
27 9
22 9
28 9
21 9
29 4
29 3
29 5
29 6
29 7
29 8
29 9
25 0
24 0
26 0
23 0
27 0
22 0
28 0
21 0
30 5
30 6
30 7
30 8
20 4
20 3
27 10
28 10
29 10
29 1
29 0
22 10
21 10
31 5
31 6
31 7
31 8
27 11
28 11
20 9
32 5
32 6
32 7
32 8
20 0
21 11
19 0
33 5
33 6
33 7
33 8
32 9
33 9
18 0
34 5
34 6
34 7
34 8
34 9
34 4
17 0
16 0
16 1
15 1
15 0
14 1
14 0
13 1
13 0
0
Yes
31 18
31 19
31 20
31 21
31 22
32 18
32 19
32 20
32 21
32 22
33 18
33 19
33 20
33 21
33 22
34 18
34 19
34 20
34 21
34 22
35 18
35 19
35 20
35 21
35 22
0
Yes
28 43
28 44
28 45
28 46
29 43
29 44
29 45
29 46
30 43
30 44
30 45
30 46
31 43
31 44
31 45
31 46
0
Yes
3 0
3 1
3 2
3 3
4 0
4 1
4 2
4 3
5 0
5 1
5 2
5 3
6 0
6 1
6 2
6 3
7 0
7 1
0
Yes
18 36
18 37
18 38
18 39
19 36
19 37
19 38
19 39
20 36
20 37
20 38
20 39
21 36
21 37
0
Yes
46 43
46 44
45 43
45 44
47 43
47 44
46 42
46 45
45 42
45 45
47 42
47 45
44 43
44 44
48 43
48 44
44 42
44 45
46 41
46 46
48 42
48 45
45 41
45 46
47 41
47 46
43 43
49 43
49 44
44 41
44 46
48 41
48 46
43 42
43 45
49 42
49 45
46 40
46 47
45 40
45 47
47 40
47 47
43 41
49 41
49 46
42 43
42 44
44 40
48 40
48 47
42 42
42 45
46 39
46 48
43 40
45 39
45 48
47 39
47 48
49 40
49 47
42 41
42 46
44 39
44 48
48 39
48 48
42 40
42 47
43 39
49 39
49 48
46 38
46 49
45 38
45 49
47 38
47 49
44 38
44 49
48 38
48 49
42 39
42 48
43 38
43 49
49 38
49 49
46 37
45 37
42 38
0
Yes
36 20
36 21
36 22
37 20
37 21
0
Yes
38 47
38 48
38 49
39 47
39 48
39 49
40 47
40 48
40 49
41 47
41 48
0
Yes
35 30
35 31
35 32
35 33
36 30
36 31
36 32
36 33
37 30
37 31
37 32
37 33
0
Yes
23 13
23 14
23 15
23 16
23 17
23 18
23 19
23 20
23 21
23 22
24 13
24 14
24 15
24 16
24 17
24 18
24 19
24 20
24 21
24 22
25 13
25 14
25 15
25 16
25 17
25 18
25 19
25 20
25 21
25 22
26 13
26 14
26 15
26 16
26 17
26 18
26 19
26 20
26 21
26 22
27 13
27 14
27 15
27 16
27 17
27 18
27 19
27 20
27 21
27 22
28 13
28 14
28 15
28 16
28 17
28 18
28 19
28 20
28 21
28 22
29 13
29 14
29 15
29 16
29 17
29 18
29 19
29 20
29 21
29 22
30 13
30 14
30 15
30 16
30 17
30 18
30 19
30 20
30 21
30 22
31 13
31 14
31 15
31 16
31 17
0
Yes
33 40
33 41
34 40
34 41
32 40
32 41
33 39
33 42
34 39
34 42
35 40
35 41
32 39
32 42
35 39
35 42
31 40
31 41
33 38
33 43
34 38
34 43
36 40
36 41
31 39
31 42
32 38
32 43
35 38
35 43
36 39
36 42
30 40
30 41
31 38
33 37
36 38
36 43
37 40
37 41
30 39
30 42
32 37
37 39
37 42
30 38
31 37
36 37
37 38
37 43
29 40
29 39
30 37
37 37
29 38
0
Yes
12 33
11 33
12 32
12 34
13 33
11 32
11 34
13 32
13 34
10 33
12 31
12 35
14 33
10 32
10 34
11 31
11 35
13 31
13 35
14 32
14 34
10 31
10 35
14 31
14 35
9 33
12 30
12 36
9 32
9 34
11 30
11 36
13 30
13 36
9 31
9 35
10 30
10 36
14 30
14 36
12 29
11 29
13 29
9 36
10 29
14 29
9 29
0
No
0
Yes
36 6
36 7
36 8
36 9
36 10
36 11
37 6
37 7
37 8
37 9
37 10
37 11
38 6
38 7
38 8
38 9
38 10
38 11
39 6
39 7
39 8
39 9
39 10
39 11
40 6
40 7
40 8
40 9
40 10
40 11
41 6
41 7
41 8
41 9
41 10
41 11
42 6
42 7
42 8
42 9
42 10
42 11
43 6
43 7
43 8
43 9
43 10
43 11
44 6
44 7
44 8
44 9
44 10
44 11
0
No
0
Yes
16 11
15 11
16 10
15 10
17 11
17 10
15 12
17 12
14 11
14 10
14 12
16 9
15 9
17 9
14 9
15 13
14 13
16 13
17 13
18 10
18 9
18 12
13 11
13 10
13 12
13 9
13 13
16 8
15 8
17 8
14 8
18 8
13 8
16 14
15 14
17 14
14 14
13 14
19 10
19 9
19 8
19 11
19 12
18 14
19 13
19 14
12 11
12 10
12 12
12 13
12 14
16 7
15 7
17 7
18 7
16 15
15 15
17 15
14 15
18 15
13 15
19 15
12 15
11 11
11 10
11 12
11 13
11 14
12 8
13 7
12 7
16 6
15 6
17 6
18 6
16 16
15 16
17 16
14 16
18 16
13 16
19 16
12 16
14 6
11 8
11 7
16 5
15 5
17 5
18 5
16 17
15 17
17 17
14 17
18 17
13 17
19 17
12 17
12 6
11 6
19 5
16 4
15 4
17 4
18 4
19 4
11 16
0
Yes
22 35
22 36
21 35
23 35
23 36
22 34
22 37
21 34
23 34
23 37
20 35
24 35
24 36
22 33
22 38
24 34
24 37
21 33
21 38
23 33
23 38
19 35
25 35
25 36
24 33
24 38
19 34
25 34
25 37
22 32
22 39
21 32
21 39
23 32
23 39
19 33
25 33
25 38
18 35
20 32
24 32
24 39
26 35
26 36
18 34
26 34
26 37
22 31
19 32
21 31
23 31
25 32
25 39
18 33
26 33
26 38
20 31
24 31
17 35
17 36
27 35
27 36
17 34
17 37
27 34
27 37
18 32
26 32
26 39
19 31
25 31
17 33
17 38
27 33
27 38
16 35
16 36
18 31
26 31
17 32
17 39
27 32
27 39
16 34
16 37
16 33
16 38
17 31
27 31
16 32
16 39
16 31
0
Yes
32 12
32 13
32 14
32 15
32 16
33 12
33 13
33 14
33 15
33 16
34 12
34 13
34 14
34 15
34 16
35 12
35 13
35 14
35 15
35 16
36 12
36 13
36 14
36 15
0
Yes
36 20
36 21
36 22
37 20
37 21
0
No
0
Yes
35 34
35 35
35 36
36 34
36 35
36 36
37 34
37 35
37 36
38 34
38 35
0
Yes
31 30
31 31
30 30
30 31
31 29
31 32
32 29
32 32
30 29
30 32
33 29
33 32
29 30
29 31
31 28
31 33
32 28
32 33
29 29
29 32
30 28
30 33
33 28
33 33
34 29
34 30
34 31
34 32
28 30
28 31
29 28
29 33
31 27
31 34
32 27
32 34
34 28
34 33
28 29
28 32
30 27
30 34
33 27
33 34
28 28
28 33
29 27
29 34
34 27
34 34
31 26
31 35
32 26
32 35
30 26
30 35
33 26
33 35
28 27
28 34
29 26
29 35
34 26
34 35
31 25
31 36
32 25
32 36
28 26
28 35
30 25
30 36
33 25
29 25
29 36
34 25
28 25
28 36
31 24
32 24
30 24
33 24
29 37
34 24
28 24
28 37
31 23
32 23
30 23
33 23
29 23
34 23
0
Yes
46 20
45 20
46 19
46 21
47 20
45 19
45 21
47 19
47 21
44 20
46 18
46 22
48 20
44 19
44 21
45 18
47 18
47 22
48 19
48 21
44 18
48 18
48 22
43 20
46 17
49 20
43 19
43 21
45 17
47 17
49 19
49 21
43 18
43 22
44 17
48 17
49 18
49 22
42 20
42 19
42 21
43 17
42 18
42 22
42 17
0
No
0
Yes
40 12
40 13
41 12
41 13
39 12
39 13
40 11
40 14
41 11
41 14
42 12
42 13
39 11
39 14
42 11
42 14
38 12
38 13
40 10
40 15
41 10
41 15
43 12
43 13
38 11
38 14
39 10
39 15
42 10
42 15
43 11
43 14
37 12
38 10
38 15
40 9
40 16
41 9
41 16
43 10
44 12
44 13
37 11
39 9
39 16
42 9
42 16
44 11
37 10
37 15
38 9
38 16
43 9
43 16
44 10
40 8
40 17
41 8
36 11
39 8
39 17
42 8
42 17
37 9
37 16
44 9
44 16
36 10
38 8
38 17
43 8
43 17
40 7
40 18
41 7
36 9
37 8
39 7
39 18
42 7
42 18
44 8
44 17
38 7
43 7
43 18
36 8
37 7
40 6
41 6
44 7
44 18
39 6
42 6
38 6
43 6
36 7
37 6
0
Yes
19 18
19 19
20 18
20 19
0
Yes
30 1
30 2
30 3
30 4
31 1
31 2
31 3
31 4
32 1
32 2
32 3
32 4
33 1
33 2
33 3
33 4
34 1
34 2
0
No
0
No
0
No
0
No
0
Yes
21 45
22 45
21 44
21 46
22 44
22 46
20 45
23 45
20 44
20 46
23 44
23 46
21 43
21 47
22 43
22 47
19 45
20 43
20 47
23 43
23 47
24 45
19 44
19 46
24 44
24 46
21 42
21 48
22 42
22 48
19 43
19 47
24 43
24 47
20 42
20 48
23 42
23 48
18 45
25 45
18 44
18 46
25 44
25 46
19 42
19 48
24 42
24 48
18 43
18 47
21 41
21 49
22 41
22 49
25 43
25 47
20 41
20 49
23 41
23 49
17 45
26 45
17 44
17 46
18 42
18 48
25 42
25 48
26 44
26 46
19 41
19 49
24 41
24 49
17 43
17 47
26 43
26 47
21 40
22 40
20 40
23 40
18 41
18 49
25 49
17 42
17 48
26 42
26 48
16 45
27 45
16 44
16 46
19 40
24 40
27 44
27 46
16 47
27 43
27 47
17 41
17 49
26 49
18 40
16 42
16 48
27 42
27 48
15 45
28 45
15 44
28 44
28 46
17 40
15 43
16 49
27 41
27 49
28 43
15 42
28 42
28 48
16 40
27 40
14 45
14 44
14 46
15 41
28 49
14 43
14 42
15 40
28 40
0
Yes
31 19
31 20
31 21
31 22
32 19
32 20
32 21
32 22
33 19
33 20
33 21
33 22
34 19
34 20
34 21
34 22
35 19
35 20
35 21
35 22
0
No
0
No
0
No
0
No
0
Yes
36 22
35 22
36 21
35 21
36 23
35 23
37 21
37 23
34 22
34 21
36 20
35 20
37 20
34 20
36 24
35 24
37 24
38 23
38 24
38 20
33 22
33 21
33 20
36 19
35 19
34 19
33 19
36 25
35 25
37 25
38 25
39 23
39 24
39 25
39 22
39 20
32 22
32 21
32 20
32 19
36 26
35 26
37 26
38 26
39 26
40 22
40 23
40 24
40 25
40 26
35 18
34 18
33 18
32 18
40 21
40 20
39 19
40 19
31 22
31 21
31 20
31 19
31 18
36 27
35 27
37 27
38 27
39 27
40 27
39 18
40 18
41 22
41 21
41 23
41 20
41 24
41 25
41 26
41 27
34 17
33 17
32 17
31 17
39 17
40 17
38 17
30 22
30 21
30 20
30 19
30 18
30 17
36 28
35 28
37 28
38 28
39 28
40 28
41 28
42 22
42 21
42 23
42 20
42 24
42 25
42 26
42 27
42 28
38 16
39 16
40 16
37 16
42 19
29 22
29 21
29 20
29 19
29 18
29 17
36 29
35 29
37 29
38 29
39 29
40 29
41 29
42 29
43 22
43 21
43 23
43 20
43 24
43 19
37 15
38 15
39 15
40 15
42 18
0
No
0
No
0
Yes
30 0
30 1
30 2
31 0
31 1
31 2
32 0
32 1
32 2
33 0
33 1
33 2
34 0
34 1
34 2
0
Yes
45 45
45 46
45 47
45 48
45 49
46 45
46 46
46 47
46 48
46 49
47 45
47 46
47 47
47 48
47 49
48 45
48 46
48 47
48 48
48 49
49 45
49 46
49 47
49 48
49 49
0
Yes
35 30
35 31
35 32
35 33
36 30
36 31
36 32
36 33
37 30
37 31
37 32
37 33
38 30
0
Yes
48 0
48 1
49 0
49 1
0
Yes
26 17
25 17
26 16
25 16
26 18
25 18
27 17
27 16
27 18
24 17
24 16
24 18
26 15
25 15
27 15
24 15
26 19
25 19
27 19
24 19
28 17
28 16
28 18
28 15
28 19
23 17
23 16
23 18
23 15
23 19
26 14
25 14
27 14
24 14
28 14
23 14
26 20
25 20
27 20
24 20
28 20
23 20
29 16
29 15
29 14
22 17
22 16
22 18
22 15
22 14
26 13
25 13
27 13
24 13
28 13
23 13
29 13
22 13
26 21
25 21
27 21
24 21
28 21
23 21
30 16
30 15
30 14
30 13
21 17
21 16
21 15
21 14
21 13
22 20
22 21
26 12
25 12
27 12
24 12
28 12
23 12
29 12
30 12
26 22
25 22
27 22
24 22
28 22
23 22
22 22
31 16
31 15
31 14
31 13
0
Yes
38 6
38 7
38 8
38 9
38 10
38 11
38 12
38 13
38 14
39 6
39 7
39 8
39 9
39 10
39 11
39 12
39 13
39 14
40 6
40 7
40 8
40 9
40 10
40 11
40 12
40 13
40 14
41 6
41 7
41 8
41 9
41 10
41 11
41 12
41 13
41 14
42 6
42 7
42 8
42 9
42 10
42 11
42 12
42 13
42 14
43 6
43 7
43 8
43 9
43 10
43 11
43 12
43 13
43 14
44 6
44 7
44 8
44 9
44 10
44 11
44 12
0
Yes
3 0
3 1
3 2
3 3
4 0
4 1
4 2
4 3
5 0
5 1
5 2
5 3
6 0
6 1
6 2
6 3
7 0
7 1
7 2
0
Yes
33 42
34 42
33 41
33 43
34 41
34 43
32 42
35 42
32 41
32 43
35 41
35 43
33 40
33 44
34 40
34 44
31 42
32 40
35 40
35 44
36 42
31 41
31 43
36 41
36 43
33 39
33 45
34 39
34 45
31 40
31 44
36 40
36 44
32 39
32 45
35 39
35 45
30 42
37 42
30 41
30 43
37 41
37 43
31 39
31 45
36 39
36 45
30 40
30 44
33 38
33 46
34 38
37 40
37 44
32 38
32 46
35 38
29 43
30 39
30 45
37 39
37 45
31 38
31 46
36 38
36 46
29 40
29 44
33 37
32 37
30 38
30 46
37 38
37 46
29 39
29 45
31 37
36 37
29 38
29 46
30 37
37 37
0
No
0
Yes
44 40
44 41
44 42
44 43
44 44
45 40
45 41
45 42
45 43
45 44
46 40
46 41
46 42
46 43
46 44
47 40
47 41
47 42
47 43
47 44
48 40
48 41
48 42
48 43
48 44
49 40
49 41
49 42
49 43
49 44
0
Yes
29 43
29 44
29 45
29 46
30 43
30 44
30 45
30 46
31 43
31 44
31 45
31 46
32 43
0
Yes
31 36
31 37
30 36
30 37
32 36
32 37
31 35
31 38
30 35
30 38
32 35
32 38
29 36
29 37
33 37
29 35
29 38
31 34
31 39
33 35
33 38
30 34
30 39
32 34
32 39
28 36
28 37
29 34
29 39
33 34
33 39
28 35
28 38
31 33
31 40
30 33
30 40
32 33
32 40
28 34
28 39
29 33
29 40
33 33
33 40
31 32
31 41
28 33
30 32
30 41
32 32
32 41
29 32
33 32
33 41
28 32
31 31
31 42
30 31
30 42
32 42
29 31
33 42
28 31
31 30
30 30
29 30
28 30
0
No
0
No
0
No
0
Yes
10 32
10 33
9 32
9 33
11 32
11 33
10 31
10 34
9 31
9 34
11 31
11 34
8 32
8 33
12 32
12 33
8 31
10 30
10 35
12 31
12 34
9 35
11 30
11 35
7 32
7 33
13 32
13 33
8 30
12 30
12 35
7 31
13 31
13 34
10 29
10 36
9 29
9 36
11 29
11 36
7 30
13 30
13 35
6 32
6 33
8 29
12 29
12 36
14 32
14 33
6 31
6 34
14 31
14 34
7 29
13 29
13 36
6 30
6 35
14 30
14 35
8 28
5 31
6 29
6 36
14 29
14 36
7 28
5 30
6 28
5 29
5 36
5 28
0
Yes
42 32
41 32
42 31
42 33
41 33
43 32
43 31
43 33
40 32
40 33
42 30
43 30
42 34
43 34
44 32
44 31
44 33
44 30
44 34
41 30
40 34
45 32
45 31
45 33
45 30
45 34
39 33
39 34
43 29
44 29
45 29
43 35
40 35
39 35
46 32
46 31
46 33
46 30
46 34
45 35
46 35
38 34
38 35
40 36
39 36
38 36
41 36
45 28
45 36
46 36
47 32
47 31
47 33
47 30
47 34
47 35
47 36
41 37
40 37
42 37
43 37
37 34
37 35
37 36
37 33
37 32
37 31
37 30
38 30
39 30
39 31
45 27
45 37
46 37
47 29
36 32
36 31
36 33
36 30
36 34
36 35
36 36
42 38
41 38
43 38
40 38
48 32
48 31
48 33
48 30
48 34
48 29
48 35
44 38
45 38
46 38
38 37
37 37
36 37
47 28
48 28
35 32
35 31
35 33
35 30
35 34
35 35
35 36
42 39
43 39
44 39
45 39
46 39
49 32
49 31
49 33
49 30
49 34
49 29
49 35
49 28
47 27
48 27
49 27
38 38
37 38
36 38
47 26
48 26
49 26
46 26
47 38
47 39
34 32
34 31
34 33
34 30
34 34
34 35
42 40
43 40
41 40
46 25
47 25
48 25
49 25
45 25
40 40
48 38
48 39
0
Yes
2 28
2 29
2 30
2 31
3 28
3 29
3 30
3 31
4 28
4 29
4 30
4 31
0
Yes
25 17
26 17
25 16
25 18
26 16
26 18
24 17
27 17
24 16
24 18
27 16
27 18
25 15
25 19
26 15
26 19
23 17
24 15
24 19
27 15
27 19
28 17
23 16
23 18
28 16
28 18
25 14
25 20
26 14
26 20
23 15
23 19
28 15
28 19
24 14
24 20
27 14
27 20
22 17
22 16
22 18
23 14
23 20
28 14
28 20
22 15
25 13
25 21
26 13
26 21
24 13
24 21
27 13
27 21
22 14
22 20
23 13
23 21
28 13
28 21
25 12
25 22
26 12
26 22
24 12
24 22
27 12
27 22
22 13
22 21
23 12
23 22
28 12
28 22
25 11
26 11
22 22
24 11
23 11
0
No
0
Yes
4 12
4 11
4 13
5 12
5 11
5 13
3 11
4 10
3 10
5 10
4 14
5 14
6 12
6 11
6 13
6 10
6 14
2 11
2 10
2 12
2 13
3 14
1 12
1 11
1 13
1 10
4 9
3 9
5 9
2 9
6 9
1 9
4 15
3 15
5 15
6 15
7 12
7 11
7 13
7 10
7 14
7 9
7 15
2 15
0 12
0 11
0 13
0 10
0 9
4 8
3 8
2 8
1 8
0 8
4 16
3 16
2 16
8 13
8 14
8 15
1 15
1 16
6 16
7 16
8 16
8 10
8 9
0 15
0 16
4 7
4 17
3 17
2 17
1 17
0 17
7 8
8 8
9 13
9 14
9 15
9 16
2 7
1 7
0 7
7 7
8 7
0
No
0
Yes
28 25
28 26
28 27
28 28
28 29
29 25
29 26
29 27
29 28
29 29
30 25
30 26
30 27
30 28
30 29
31 25
31 26
31 27
31 28
31 29
32 25
32 26
32 27
32 28
32 29
33 25
33 26
33 27
33 28
33 29
34 25
34 26
34 27
34 28
34 29
35 25
35 26
35 27
35 28
35 29
36 25
36 26
36 27
36 28
36 29
37 25
37 26
37 27
37 28
37 29
0
Yes
37 21
36 21
37 20
36 20
36 22
38 20
35 21
35 20
35 22
36 19
35 19
36 23
35 23
37 23
38 23
39 20
39 19
39 23
39 22
34 21
34 20
34 22
34 19
34 23
37 24
36 24
38 24
35 24
39 24
34 24
40 20
40 19
40 21
40 22
40 23
40 24
35 18
34 18
39 18
40 18
33 21
33 20
33 22
33 19
33 23
33 18
33 24
41 21
41 20
41 22
41 23
41 24
38 25
39 25
40 25
41 25
39 17
40 17
38 17
32 21
32 20
32 22
32 19
32 23
32 18
32 24
34 17
33 17
32 17
42 21
42 20
42 22
42 23
42 24
42 25
38 16
39 16
40 16
37 16
38 26
39 26
40 26
41 26
42 26
42 19
42 18
31 21
31 20
31 22
31 19
31 23
31 18
31 24
31 17
37 15
38 15
39 15
40 15
43 21
43 20
43 22
43 19
43 23
43 18
43 24
38 27
39 27
40 27
41 27
42 27
41 16
41 15
42 17
42 16
43 17
42 15
43 16
30 21
30 20
30 22
30 19
30 23
30 18
30 24
30 17
44 21
44 20
44 19
44 18
44 17
44 16
38 28
39 28
40 28
41 28
42 28
44 23
31 16
30 16
43 26
43 27
29 21
29 20
29 22
29 19
29 23
29 18
0
No
0
Yes
40 2
39 2
40 1
39 1
40 3
39 3
41 2
41 1
38 2
38 1
38 3
40 0
39 0
41 0
38 0
40 4
42 2
42 1
42 0
42 3
38 4
42 4
37 2
37 1
37 3
37 0
37 4
40 5
43 2
43 3
43 4
38 5
37 5
42 5
43 5
43 0
36 2
36 1
36 3
36 0
36 4
36 5
44 2
44 3
44 4
44 5
44 0
35 2
35 1
35 0
37 6
36 6
45 2
45 3
45 4
45 5
45 0
35 5
35 6
37 7
36 7
35 7
34 2
34 1
34 0
46 2
46 3
46 4
46 5
46 0
45 6
46 6
37 8
36 8
35 8
33 2
33 1
33 0
47 2
47 3
47 4
47 5
47 6
33 3
45 7
46 7
47 7
47 1
47 0
33 4
37 9
36 9
35 9
32 2
32 1
32 3
32 0
32 4
48 2
48 3
48 4
48 5
48 6
48 7
37 10
36 10
35 10
31 2
31 1
31 3
31 0
31 4
49 2
49 3
49 4
49 5
49 6
49 7
0
Yes
29 13
29 14
29 15
30 13
30 14
30 15
31 13
31 14
31 15
0
No
0
No
0
Yes
34 38
33 38
34 39
33 39
35 38
35 39
33 37
32 38
32 37
32 39
34 40
33 40
35 40
32 40
36 39
36 40
32 36
31 38
31 37
31 39
31 36
31 40
34 41
33 41
35 41
32 41
36 41
31 41
37 39
37 40
37 41
32 35
31 35
33 35
30 38
30 37
30 39
30 36
30 40
30 35
30 41
34 42
33 42
35 42
32 42
36 42
31 42
37 42
30 42
33 34
32 34
31 34
30 34
38 40
38 41
29 38
29 37
29 39
29 36
29 40
29 35
29 34
34 43
33 43
35 43
36 43
37 43
33 33
32 33
31 33
30 33
29 33
39 40
39 41
28 38
28 37
28 39
28 36
28 35
28 34
28 33
34 44
33 44
35 44
36 44
37 44
33 32
32 32
31 32
30 32
29 32
28 32
38 43
38 44
40 41
0
No
0
No
0
Yes
0 32
0 33
0 34
0 35
0 36
1 32
1 33
1 34
1 35
1 36
2 32
2 33
2 34
2 35
2 36
3 32
3 33
3 34
3 35
3 36
4 32
4 33
4 34
4 35
4 36
5 32
0
Yes
21 0
21 1
21 2
21 3
21 4
21 5
21 6
21 7
21 8
22 0
22 1
22 2
22 3
22 4
22 5
22 6
22 7
22 8
23 0
23 1
23 2
23 3
23 4
23 5
23 6
23 7
23 8
24 0
24 1
24 2
24 3
24 4
24 5
24 6
24 7
24 8
25 0
25 1
25 2
25 3
25 4
25 5
25 6
25 7
25 8
26 0
26 1
26 2
26 3
26 4
26 5
26 6
26 7
26 8
27 0
27 1
0
Yes
18 25
18 26
17 25
17 26
19 25
19 26
18 24
18 27
17 24
17 27
19 24
19 27
16 25
16 26
20 25
20 26
16 24
16 27
18 23
18 28
20 24
20 27
17 23
17 28
19 23
19 28
15 25
15 26
21 25
21 26
16 23
16 28
20 23
15 24
15 27
21 24
21 27
18 22
18 29
17 22
17 29
19 22
19 29
15 28
21 23
14 25
14 26
16 22
16 29
20 22
20 29
14 24
14 27
18 21
18 30
15 29
17 21
17 30
19 21
19 30
21 22
14 28
16 21
16 30
20 21
20 30
15 21
15 30
21 21
17 20
19 20
16 20
20 20
14 21
14 22
15 20
21 20
14 20
0
Yes
32 25
32 26
32 27
32 28
32 29
33 25
33 26
33 27
33 28
33 29
34 25
34 26
34 27
34 28
34 29
35 25
35 26
35 27
35 28
35 29
36 25
36 26
36 27
36 28
36 29
37 25
37 26
0
Yes
44 45
44 46
45 45
45 46
43 45
44 44
45 44
45 47
46 45
46 46
46 44
46 47
42 45
42 46
44 43
45 43
45 48
44 48
47 45
47 46
42 44
42 47
43 43
46 43
46 48
47 44
47 47
41 46
42 43
42 48
44 42
44 49
45 42
45 49
47 43
47 48
48 45
48 46
41 47
43 42
43 49
46 42
46 49
48 44
48 47
41 43
41 48
42 42
42 49
47 42
47 49
48 43
48 48
40 46
40 45
44 41
45 41
49 45
49 46
40 47
43 41
46 41
49 44
49 47
41 42
48 42
48 49
40 43
40 48
42 41
47 41
49 43
49 48
39 45
39 46
39 47
40 42
40 49
41 41
48 41
49 42
49 49
39 43
39 48
0
Yes
33 37
32 37
33 38
32 38
32 36
34 38
31 37
31 36
31 38
33 39
32 39
34 39
31 39
32 35
31 35
33 35
35 38
35 39
30 37
30 36
30 38
30 35
30 39
33 34
32 34
31 34
30 34
33 40
32 40
34 40
31 40
35 40
30 40
36 39
36 40
29 37
29 36
29 38
29 35
29 39
29 34
29 40
33 33
32 33
31 33
30 33
29 33
33 41
32 41
34 41
31 41
35 41
30 41
36 41
37 39
37 40
37 41
28 37
28 36
28 38
28 35
28 39
28 34
28 33
33 32
32 32
31 32
30 32
29 32
28 32
33 42
32 42
34 42
31 42
35 42
30 42
36 42
37 42
38 40
38 41
33 43
32 43
34 43
31 43
35 43
30 43
36 43
37 43
31 31
30 31
29 31
28 31
39 40
39 41
33 44
34 44
35 44
36 44
37 44
29 43
31 30
30 30
29 30
28 30
31 44
30 44
29 44
38 43
38 44
33 45
34 45
35 45
36 45
37 45
38 45
32 45
31 45
30 45
29 45
40 41
31 29
30 29
29 29
28 29
33 46
32 46
31 46
30 46
29 46
27 30
27 29
31 28
30 28
29 28
28 28
27 28
36 46
37 46
38 46
26 30
33 47
32 47
31 27
30 27
29 27
28 27
27 27
36 47
37 47
0
Yes
22 45
21 45
22 44
22 46
23 45
21 44
21 46
23 44
23 46
20 45
22 43
22 47
24 45
20 44
20 46
21 43
21 47
23 43
23 47
24 44
24 46
20 43
20 47
24 43
24 47
19 45
22 42
22 48
25 45
19 44
19 46
21 42
21 48
23 42
23 48
25 44
25 46
19 43
19 47
20 42
20 48
24 42
24 48
25 43
25 47
18 45
22 41
22 49
26 45
18 44
18 46
21 41
21 49
23 41
23 49
26 44
26 46
19 42
19 48
25 42
25 48
18 43
18 47
20 41
20 49
24 41
24 49
26 43
26 47
17 45
18 42
18 48
19 41
19 49
22 40
25 49
26 42
26 48
27 45
17 44
17 46
21 40
23 40
27 44
27 46
17 43
17 47
20 40
24 40
27 43
27 47
18 41
18 49
26 49
17 42
17 48
19 40
27 42
27 48
16 45
28 45
16 44
16 46
28 44
28 46
16 47
28 43
17 41
17 49
18 40
27 41
27 49
16 42
16 48
28 42
28 48
15 45
15 44
17 40
27 40
16 49
28 49
15 43
15 42
16 40
28 40
15 41
15 40
0
Yes
5 45
5 46
5 47
5 48
5 49
6 45
6 46
6 47
6 48
6 49
7 45
7 46
7 47
7 48
7 49
8 45
8 46
8 47
8 48
8 49
9 45
9 46
9 47
9 48
9 49
0
Yes
16 19
15 19
16 18
15 18
16 20
15 20
17 19
17 18
17 20
14 19
14 20
16 21
15 21
17 21
14 21
18 21
13 19
13 20
13 21
16 22
17 22
18 22
13 18
14 22
13 22
19 21
19 22
19 20
19 19
19 18
12 19
12 18
12 20
12 21
12 22
16 23
17 23
18 23
19 23
20 19
20 18
20 20
20 21
20 22
20 23
20 17
11 19
11 18
11 20
11 21
11 22
16 24
17 24
18 24
19 24
20 24
20 16
15 24
21 20
21 21
21 22
21 23
21 24
14 24
21 17
21 16
20 15
21 15
13 24
10 19
10 18
10 20
16 25
15 25
17 25
14 25
18 25
13 25
19 25
20 25
21 25
11 23
12 24
11 24
12 25
20 14
21 14
9 19
9 18
9 20
16 26
15 26
17 26
14 26
18 26
13 26
19 26
12 26
20 26
21 26
10 23
10 24
20 13
21 13
8 19
8 18
16 27
15 27
17 27
14 27
18 27
13 27
19 27
12 27
20 27
21 27
9 23
9 24
9 22
20 12
21 12
8 17
10 25
9 25
8 23
8 24
8 25
7 19
7 18
7 17
16 28
15 28
17 28
14 28
18 28
13 28
19 28
0
No
0
Yes
38 6
38 7
38 8
38 9
38 10
38 11
38 12
38 13
38 14
39 6
39 7
39 8
39 9
39 10
39 11
39 12
39 13
39 14
40 6
40 7
40 8
40 9
40 10
40 11
40 12
40 13
40 14
41 6
41 7
41 8
41 9
41 10
41 11
41 12
41 13
41 14
42 6
42 7
42 8
42 9
42 10
42 11
42 12
42 13
42 14
43 6
43 7
43 8
43 9
43 10
43 11
43 12
43 13
43 14
44 6
44 7
44 8
44 9
0
Yes
18 37
18 38
18 39
19 37
19 38
19 39
20 37
20 38
20 39
0
Yes
13 0
13 1
13 2
13 3
14 0
14 1
14 2
14 3
15 0
15 1
15 2
15 3
16 0
16 1
16 2
16 3
17 0
0
Yes
12 24
12 25
12 26
12 27
12 28
13 24
13 25
13 26
13 27
13 28
14 24
14 25
14 26
14 27
14 28
15 24
15 25
15 26
15 27
15 28
16 24
16 25
16 26
0
Yes
0 32
0 33
0 34
0 35
0 36
1 32
1 33
1 34
1 35
1 36
2 32
2 33
2 34
2 35
2 36
3 32
3 33
3 34
3 35
3 36
4 32
4 33
4 34
4 35
4 36
5 32
5 33
0
Yes
29 21
29 20
29 22
30 21
30 20
30 22
29 19
30 19
29 23
30 23
31 21
31 20
31 22
31 19
31 23
28 23
29 18
30 18
31 18
32 21
32 20
32 22
32 19
32 23
32 18
28 24
30 24
31 24
32 24
29 17
30 17
31 17
32 17
33 21
33 20
33 22
33 19
33 23
33 18
33 24
33 17
28 25
29 25
30 25
31 25
29 16
30 16
31 16
32 16
33 16
29 26
28 26
30 26
31 26
34 21
34 20
34 22
34 19
34 23
34 18
34 24
34 17
34 16
29 15
30 15
31 15
32 15
33 15
34 15
29 27
28 27
30 27
31 27
35 21
35 20
35 22
35 19
35 23
35 18
35 24
27 27
29 14
30 14
31 14
32 14
33 14
34 14
29 28
28 28
30 28
27 28
31 28
36 21
36 20
36 22
36 19
36 23
36 24
35 16
35 15
35 14
29 13
30 13
31 13
32 13
33 13
34 13
35 13
29 29
28 29
30 29
27 29
31 29
37 21
37 20
37 23
37 24
29 12
30 12
29 30
28 30
30 30
27 30
31 30
38 20
36 15
36 14
36 13
38 23
38 24
0
No
0
Yes
21 0
21 1
21 2
21 3
21 4
21 5
22 0
22 1
22 2
22 3
22 4
22 5
23 0
23 1
23 2
23 3
23 4
23 5
24 0
24 1
24 2
24 3
24 4
24 5
25 0
25 1
25 2
25 3
25 4
25 5
26 0
26 1
26 2
26 3
26 4
26 5
27 0
27 1
0
No
0
Yes
33 38
32 38
33 37
33 39
34 38
32 37
32 39
34 39
31 38
33 40
35 38
31 37
31 39
32 36
32 40
34 40
35 39
31 36
31 40
35 40
30 38
33 41
36 38
30 37
30 39
32 35
33 35
32 41
34 35
34 41
36 37
36 39
30 36
30 40
31 35
31 41
35 35
35 36
35 41
36 36
36 40
29 38
33 34
33 42
37 38
29 37
29 39
32 34
32 42
34 34
34 42
37 37
37 39
30 35
30 41
36 35
36 41
29 36
29 40
31 34
31 42
35 34
35 42
37 36
37 40
28 38
29 35
30 34
30 42
33 33
33 43
36 34
36 42
37 35
37 41
28 37
28 39
32 33
32 43
34 33
34 43
28 36
31 33
31 43
35 33
35 43
29 34
37 34
37 42
28 35
30 33
30 43
36 33
36 43
33 32
32 32
34 32
31 32
35 32
28 34
29 33
29 43
37 33
37 43
30 32
36 32
28 33
29 32
37 32
28 32
0
No
0
Yes
16 19
15 19
16 18
15 18
16 20
15 20
17 19
17 18
17 20
14 19
14 20
16 17
15 17
17 17
16 21
15 21
17 21
14 21
14 17
18 17
18 21
13 19
13 20
13 21
16 16
15 16
17 16
14 16
18 16
16 22
17 22
18 22
13 18
13 17
13 16
14 22
13 22
19 17
19 16
19 18
19 19
19 20
19 21
19 22
12 19
12 18
12 20
12 17
12 21
12 16
12 22
16 15
15 15
17 15
14 15
18 15
13 15
19 15
12 15
16 23
17 23
18 23
19 23
20 19
20 18
20 20
20 17
20 21
20 16
20 22
20 15
20 23
11 19
11 18
11 20
11 21
11 22
16 14
15 14
17 14
14 14
18 14
13 14
19 14
12 14
20 14
17 24
18 24
19 24
20 24
21 20
21 21
21 22
21 23
21 24
21 17
21 16
21 15
21 14
11 16
10 19
10 18
10 20
16 13
15 13
17 13
14 13
13 13
12 13
17 25
18 25
19 25
20 25
21 25
11 23
10 16
19 13
20 13
21 13
9 19
9 18
9 20
11 14
11 13
11 24
15 12
14 12
13 12
12 12
11 12
17 12
17 26
18 26
19 26
20 26
21 26
10 23
10 24
22 23
22 24
22 25
22 26
18 12
0
Yes
44 38
44 39
44 40
44 41
44 42
44 43
44 44
44 45
44 46
45 38
45 39
45 40
45 41
45 42
45 43
45 44
45 45
45 46
46 38
46 39
46 40
46 41
46 42
46 43
46 44
46 45
46 46
47 38
47 39
47 40
47 41
47 42
47 43
47 44
47 45
47 46
48 38
48 39
48 40
48 41
48 42
48 43
48 44
48 45
48 46
49 38
49 39
49 40
49 41
49 42
49 43
49 44
49 45
0
No
0
Yes
22 6
21 6
22 7
21 7
23 6
23 7
22 8
21 8
23 8
24 6
24 7
24 8
22 9
21 9
23 9
24 9
25 6
25 7
25 8
25 9
20 9
22 10
21 10
23 10
24 10
25 10
26 6
26 7
26 8
26 9
26 10
19 9
19 8
18 8
18 9
18 7
18 6
18 5
19 5
19 4
18 4
20 4
20 3
19 3
18 3
17 6
17 5
17 7
17 4
17 8
17 3
17 9
19 2
18 2
17 2
19 10
18 10
17 10
27 6
27 7
27 8
27 9
27 10
21 11
19 11
16 6
16 5
16 7
16 4
16 8
16 3
16 9
16 2
16 10
28 6
28 7
28 8
28 9
28 10
21 12
20 12
19 12
15 6
15 5
15 7
15 4
15 8
15 3
15 9
15 2
15 10
29 6
29 7
29 8
29 9
29 10
0
Yes
45 47
45 48
45 49
46 47
46 48
46 49
47 47
47 48
47 49
48 47
48 48
48 49
49 47
49 48
49 49
0
Yes
0 32
0 33
0 34
0 35
0 36
1 32
1 33
1 34
1 35
1 36
2 32
2 33
2 34
2 35
2 36
3 32
3 33
3 34
3 35
3 36
4 32
4 33
4 34
4 35
4 36
5 32
5 33
5 34
5 35
0
No
0
Yes
45 31
46 31
45 30
45 32
46 30
46 32
44 31
47 31
44 30
44 32
47 30
47 32
45 29
45 33
46 33
43 31
44 29
44 33
47 29
47 33
48 31
43 30
43 32
48 30
48 32
45 28
45 34
46 34
43 29
43 33
48 29
48 33
44 34
47 28
47 34
42 31
49 31
42 30
42 32
49 30
49 32
43 34
48 28
48 34
42 29
42 33
45 27
45 35
46 35
49 29
49 33
47 27
47 35
41 30
41 32
42 28
42 34
49 28
49 34
43 35
48 27
48 35
41 29
41 33
47 26
46 26
42 27
43 27
49 27
49 35
41 28
43 26
48 26
41 27
42 26
49 26
41 26
0
No
0
Yes
32 25
32 26
32 27
32 28
32 29
33 25
33 26
33 27
33 28
33 29
34 25
34 26
34 27
34 28
34 29
35 25
35 26
35 27
35 28
35 29
36 25
36 26
36 27
36 28
36 29
37 25
37 26
37 27
37 28
37 29
38 25
38 26
38 27
38 28
38 29
39 25
39 26
39 27
39 28
39 29
40 25
40 26
40 27
40 28
40 29
41 25
0
Yes
23 23
23 24
23 25
23 26
23 27
23 28
23 29
23 30
24 23
24 24
24 25
24 26
24 27
24 28
24 29
24 30
25 23
25 24
25 25
25 26
25 27
25 28
25 29
25 30
26 23
26 24
26 25
26 26
26 27
26 28
26 29
26 30
0
Yes
42 30
42 31
42 32
42 33
42 34
43 30
43 31
43 32
43 33
43 34
44 30
44 31
44 32
44 33
44 34
45 30
45 31
45 32
45 33
45 34
46 30
46 31
46 32
46 33
46 34
47 30
47 31
47 32
47 33
47 34
48 30
48 31
48 32
48 33
48 34
49 30
49 31
0
Yes
16 27
16 28
16 29
16 30
17 27
17 28
17 29
17 30
18 27
18 28
18 29
18 30
19 27
19 28
19 29
19 30
20 27
0
Yes
42 20
41 20
42 19
42 21
41 21
43 20
43 19
43 21
40 20
40 21
42 18
43 18
42 22
41 22
43 22
40 22
44 20
44 19
44 21
44 18
40 19
40 18
39 20
39 19
39 18
42 17
43 17
44 17
42 23
41 23
43 23
40 23
45 20
45 19
45 21
45 18
45 17
39 22
39 23
40 17
39 17
44 23
42 16
43 16
44 16
42 24
41 24
43 24
40 24
39 24
46 20
46 19
46 21
46 18
46 17
41 16
40 16
39 16
46 22
38 17
38 16
42 15
41 15
40 15
39 15
38 15
42 25
46 23
47 20
47 19
47 21
47 18
47 22
47 17
46 24
42 26
48 20
48 19
48 21
48 18
48 22
48 17
41 26
43 26
37 16
37 15
46 25
45 25
47 16
48 16
48 23
42 27
41 27
43 27
49 20
49 19
49 21
49 18
49 22
49 23
47 25
46 26
47 26
48 24
48 25
49 24
48 26
49 25
49 26
42 28
41 28
0
Yes
3 26
2 26
3 25
2 25
3 27
2 27
4 26
4 25
4 27
1 26
1 25
3 28
2 28
4 28
5 26
5 25
5 27
4 24
5 24
1 24
1 28
0 26
0 25
0 24
3 29
2 29
4 29
1 29
6 26
6 27
0 27
0 28
0 29
4 23
5 23
1 23
0 23
2 23
6 24
6 23
3 30
2 30
4 30
1 30
0 30
7 26
7 27
2 22
1 22
0 22
4 22
5 22
7 25
7 24
7 23
3 31
2 31
4 31
1 31
0 31
8 26
8 25
8 27
8 24
8 23
2 21
1 21
0 21
3 21
0
No
0
Yes
18 36
18 37
18 38
18 39
19 36
19 37
19 38
19 39
20 36
20 37
20 38
20 39
21 36
21 37
0
No
0
Yes
33 38
32 38
33 37
33 39
34 38
32 37
32 39
34 39
31 38
33 40
35 38
31 37
31 39
32 36
32 40
34 40
35 39
31 36
31 40
35 40
30 38
33 41
36 38
30 37
30 39
32 35
33 35
32 41
34 35
34 41
36 37
36 39
30 36
30 40
31 35
31 41
35 35
35 36
35 41
36 36
36 40
29 38
33 34
33 42
37 38
29 37
29 39
32 34
32 42
34 34
34 42
37 37
37 39
30 35
30 41
36 35
36 41
29 36
29 40
31 34
31 42
35 34
35 42
37 36
37 40
28 38
29 35
30 34
30 42
33 33
33 43
36 34
36 42
37 35
37 41
28 37
28 39
32 33
32 43
34 33
34 43
28 36
31 33
31 43
35 33
35 43
29 34
37 34
37 42
28 35
30 33
30 43
36 33
36 43
33 32
33 44
32 32
34 32
34 44
31 32
31 44
35 32
35 44
28 34
29 33
29 43
37 33
37 43
30 32
30 44
36 32
36 44
33 45
28 33
32 45
34 31
34 45
29 32
29 44
37 32
37 44
31 31
31 45
35 31
35 45
30 31
30 45
36 31
36 45
28 32
29 31
29 45
34 30
37 31
37 45
31 30
35 30
30 30
36 30
28 31
29 30
37 30
28 30
0
No
0
No
0
Yes
21 12
20 12
21 11
19 12
21 10
19 11
22 10
19 10
23 10
21 9
22 9
23 9
20 9
19 9
18 10
18 9
24 10
24 9
21 8
22 8
23 8
24 8
17 10
17 9
17 11
19 8
18 8
17 8
25 10
25 9
25 8
21 7
22 7
23 7
24 7
25 7
16 11
16 10
16 9
16 8
26 10
26 9
26 8
26 7
18 7
17 7
16 7
21 6
22 6
23 6
24 6
25 6
26 6
15 11
15 10
15 9
15 8
15 7
27 10
27 9
27 8
27 7
27 6
27 11
18 6
17 6
16 6
15 6
14 11
14 10
14 9
14 8
28 11
28 10
28 9
28 8
28 7
28 6
18 5
17 5
16 5
15 5
19 5
13 11
13 10
13 9
13 8
19 4
18 4
17 4
16 4
15 4
20 4
29 10
29 9
29 8
29 7
29 6
12 11
12 10
20 3
19 3
18 3
17 3
16 3
15 3
14 6
13 7
12 8
12 7
30 8
30 7
30 6
11 11
11 10
19 2
18 2
17 2
16 2
15 2
29 5
30 5
11 8
11 7
0
Yes
29 15
29 16
29 17
29 18
29 19
29 20
30 15
30 16
30 17
30 18
30 19
30 20
31 15
31 16
31 17
31 18
31 19
31 20
32 15
32 16
32 17
32 18
32 19
32 20
33 15
33 16
33 17
33 18
33 19
33 20
34 15
34 16
34 17
34 18
34 19
34 20
35 15
35 16
0
No
0
No
0
Yes
6 12
6 13
7 12
7 13
5 12
5 13
6 11
6 14
7 11
7 14
8 13
5 11
5 14
8 14
4 12
4 13
6 10
6 15
7 10
7 15
4 11
4 14
5 10
5 15
8 10
8 15
4 10
4 15
6 9
6 16
7 9
7 16
5 9
8 9
8 16
4 9
0
Yes
0 11
0 12
0 13
1 11
1 12
1 13
2 11
2 12
2 13
3 11
0
Yes
38 6
38 7
38 8
38 9
38 10
38 11
38 12
38 13
39 6
39 7
39 8
39 9
39 10
39 11
39 12
39 13
40 6
40 7
40 8
40 9
40 10
40 11
40 12
40 13
41 6
41 7
41 8
41 9
41 10
41 11
41 12
41 13
42 6
42 7
42 8
42 9
42 10
42 11
42 12
42 13
43 6
43 7
43 8
43 9
43 10
43 11
43 12
43 13
44 6
44 7
44 8
44 9
44 10
44 11
44 12
44 13
0
Yes
22 31
22 32
22 33
22 34
22 35
22 36
22 37
22 38
22 39
23 31
23 32
23 33
23 34
23 35
23 36
23 37
23 38
23 39
24 31
24 32
24 33
24 34
24 35
24 36
24 37
24 38
24 39
25 31
25 32
25 33
25 34
25 35
25 36
25 37
25 38
25 39
26 31
26 32
26 33
26 34
26 35
26 36
26 37
26 38
26 39
27 31
27 32
27 33
27 34
27 35
27 36
27 37
27 38
27 39
0
Yes
7 17
7 18
7 19
8 17
8 18
8 19
0
Yes
31 25
30 25
31 24
30 24
31 26
30 26
32 24
29 25
29 26
31 23
30 23
32 23
31 27
30 27
29 27
33 24
33 23
29 23
28 25
28 26
28 27
31 22
30 22
32 22
29 22
33 22
31 28
30 28
29 28
28 28
28 24
28 23
34 24
34 23
34 22
27 25
27 24
27 26
27 23
27 27
27 28
31 21
30 21
32 21
29 21
33 21
34 21
31 29
30 29
29 29
28 29
27 29
35 24
35 23
35 22
35 21
36 24
36 23
36 22
36 21
37 24
37 23
27 30
35 20
36 20
0
Yes
31 5
31 6
31 7
32 5
32 6
32 7
33 5
33 6
33 7
34 5
34 6
0
Yes
28 32
28 33
28 34
28 35
28 36
29 32
29 33
29 34
29 35
29 36
30 32
30 33
30 34
30 35
30 36
31 32
31 33
31 34
31 35
31 36
32 32
32 33
32 34
32 35
32 36
33 32
33 33
33 34
33 35
0
Yes
28 30
28 31
29 30
29 31
30 30
30 31
31 30
0
Yes
33 41
33 42
32 41
32 42
34 41
34 42
33 40
33 43
32 40
32 43
34 40
34 43
31 41
31 42
35 41
35 42
31 40
31 43
33 39
33 44
35 40
35 43
32 39
34 39
34 44
30 41
30 42
36 41
36 42
31 39
31 44
35 39
35 44
30 40
30 43
36 40
36 43
33 38
33 45
32 38
32 45
34 38
34 45
30 39
30 44
36 39
36 44
31 38
31 45
35 38
35 45
37 41
37 42
29 40
29 43
37 40
37 43
33 37
30 38
30 45
32 37
36 38
36 45
29 39
29 44
37 39
37 44
31 37
29 38
29 45
37 38
37 45
30 37
0
Yes
30 6
29 6
30 5
29 5
30 7
29 7
28 6
28 7
30 4
29 4
30 8
29 8
28 8
31 4
31 8
28 4
32 4
32 8
27 6
27 7
27 8
30 3
29 3
31 3
28 3
32 3
29 9
28 9
27 9
27 4
27 3
32 9
33 4
33 3
33 8
33 9
26 6
26 7
26 8
26 9
30 2
31 2
32 2
33 2
29 10
28 10
27 10
26 10
28 2
27 2
32 10
33 10
31 10
34 4
34 8
34 9
34 10
34 7
25 6
25 7
25 8
25 9
25 10
30 1
31 1
32 1
33 1
29 1
28 1
35 7
35 8
35 9
35 10
35 6
35 5
28 11
27 11
32 11
33 11
34 11
35 11
34 2
34 1
24 6
24 7
24 8
24 9
24 10
30 0
29 0
31 0
28 0
32 0
33 0
34 0
36 6
36 5
36 7
36 8
36 9
36 10
36 11
32 12
33 12
34 12
35 12
36 12
36 4
35 2
35 1
35 0
36 3
36 2
36 1
36 0
23 6
23 7
23 8
23 9
23 10
37 6
37 5
37 7
37 4
37 8
37 3
37 9
37 2
37 10
37 1
37 11
37 0
37 12
0
No
0
Yes
46 5
45 5
46 4
45 4
46 6
45 6
47 5
47 4
47 6
44 5
44 4
46 3
45 3
47 3
44 3
46 7
45 7
47 7
48 5
48 4
48 6
48 3
48 7
43 5
43 4
43 3
46 2
45 2
47 2
44 2
48 2
43 2
49 5
49 4
49 6
49 3
49 7
49 2
47 8
48 8
49 8
42 5
42 4
42 3
42 2
47 1
48 1
49 1
49 9
47 0
0
No
0
No
0
Yes
24 42
23 42
24 41
23 41
24 43
23 43
25 42
25 43
22 42
22 41
22 43
24 40
23 40
22 40
24 44
23 44
25 44
22 44
26 42
26 43
26 44
21 42
21 41
21 43
21 40
21 44
24 45
23 45
25 45
22 45
26 45
21 45
27 42
27 43
27 44
27 45
27 41
27 40
20 42
20 41
20 43
20 40
20 44
20 45
24 46
23 46
25 46
22 46
26 46
21 46
27 46
20 46
28 42
28 43
28 44
28 45
28 46
21 39
28 40
19 42
19 41
19 43
19 40
19 44
19 45
19 46
21 38
24 47
23 47
25 47
22 47
26 47
21 47
27 47
20 47
19 47
28 39
29 43
29 44
29 45
29 46
29 40
29 39
28 38
29 38
18 42
18 41
18 43
18 40
18 44
18 45
18 46
18 47
24 48
23 48
25 48
22 48
26 48
21 48
27 48
20 48
19 48
18 48
30 43
30 44
30 45
30 46
30 42
30 41
30 40
30 39
30 38
28 37
29 37
30 37
17 42
17 41
17 43
17 40
17 44
17 45
17 46
17 47
17 48
24 49
23 49
25 49
22 49
26 49
21 49
27 49
20 49
19 49
18 49
17 49
31 42
31 41
31 43
31 40
31 44
31 39
31 45
31 38
31 46
0
No
0
Yes
23 12
23 13
23 14
23 15
23 16
23 17
23 18
23 19
23 20
23 21
23 22
24 12
24 13
24 14
24 15
24 16
24 17
24 18
24 19
24 20
24 21
24 22
25 12
25 13
25 14
25 15
25 16
25 17
25 18
25 19
25 20
25 21
25 22
26 12
26 13
26 14
26 15
26 16
26 17
26 18
26 19
26 20
26 21
26 22
27 12
27 13
27 14
27 15
27 16
27 17
27 18
27 19
27 20
27 21
27 22
28 12
28 13
28 14
28 15
28 16
28 17
28 18
28 19
28 20
28 21
28 22
29 12
29 13
0
Yes
35 42
34 42
35 41
35 43
36 42
34 41
34 43
36 41
36 43
33 42
35 40
35 44
37 42
33 41
33 43
34 40
34 44
36 40
36 44
37 41
37 43
33 40
33 44
37 40
37 44
32 42
35 39
35 45
32 41
32 43
34 39
34 45
36 39
36 45
32 40
33 39
33 45
37 39
37 45
35 38
34 38
36 38
32 39
32 45
33 38
37 38
0
Yes
5 46
5 47
5 48
5 49
6 46
6 47
6 48
6 49
7 46
7 47
7 48
7 49
8 46
8 47
8 48
8 49
9 46
9 47
9 48
9 49
0
Yes
28 30
28 31
29 30
29 31
30 30
30 31
31 30
0
Yes
15 2
15 3
15 4
15 5
15 6
15 7
15 8
15 9
15 10
15 11
16 2
16 3
16 4
16 5
16 6
16 7
16 8
16 9
16 10
16 11
17 2
17 3
17 4
17 5
17 6
17 7
17 8
17 9
17 10
17 11
18 2
18 3
18 4
18 5
18 6
18 7
18 8
18 9
18 10
0
Yes
12 6
11 6
12 5
11 5
12 7
11 7
13 5
13 7
10 6
10 5
10 7
12 4
13 4
12 8
11 8
13 8
10 4
14 8
9 6
9 5
9 7
9 4
13 3
13 9
14 9
9 8
10 3
14 3
15 8
15 9
15 7
15 6
14 6
15 5
15 4
15 3
8 6
8 5
8 7
8 8
16 6
16 5
16 7
16 4
16 8
16 3
16 9
13 2
14 2
15 2
16 2
12 2
11 2
10 2
13 10
14 10
15 10
16 10
12 10
11 10
9 9
10 9
10 10
7 6
7 5
7 7
7 8
12 11
11 11
13 11
10 11
14 11
15 11
16 11
17 6
17 5
17 7
17 4
17 8
17 3
17 9
17 2
17 10
17 11
13 1
14 1
15 1
16 1
7 4
10 1
7 3
9 1
6 6
6 5
6 4
18 6
18 5
18 7
18 4
18 8
18 3
18 9
18 2
18 10
13 0
14 0
15 0
16 0
12 0
11 0
10 0
9 0
8 1
8 0
5 6
5 5
19 5
19 4
19 3
19 2
19 8
19 9
19 10
17 0
20 4
20 3
18 0
0
Yes
22 32
22 33
22 34
22 35
22 36
22 37
22 38
22 39
23 32
23 33
23 34
23 35
23 36
23 37
23 38
23 39
24 32
24 33
24 34
24 35
24 36
24 37
24 38
24 39
25 32
25 33
25 34
25 35
25 36
25 37
25 38
25 39
26 32
26 33
26 34
26 35
26 36
26 37
26 38
26 39
27 32
27 33
27 34
27 35
0
Yes
26 17
25 17
26 16
26 18
27 17
25 16
25 18
27 16
27 18
24 17
26 15
26 19
28 17
24 16
24 18
25 15
25 19
27 15
27 19
28 16
28 18
24 15
24 19
28 15
28 19
23 17
26 14
26 20
23 16
23 18
25 14
25 20
27 14
27 20
23 15
23 19
24 14
24 20
28 14
28 20
26 13
26 21
25 13
25 21
27 13
27 21
23 14
23 20
24 13
24 21
28 13
28 21
23 13
23 21
26 12
26 22
25 12
25 22
27 12
27 22
24 12
24 22
28 12
28 22
23 12
23 22
26 11
25 11
24 11
23 11
0
No
0
No
0
No
0
No
0
No
0
No
0
Yes
27 36
27 37
27 38
27 39
27 40
28 36
28 37
28 38
28 39
28 40
29 36
29 37
29 38
29 39
29 40
30 36
30 37
30 38
30 39
30 40
31 36
31 37
31 38
31 39
31 40
32 36
32 37
32 38
0
No
0
No
0
Yes
45 36
45 37
46 36
46 37
47 36
0
Yes
21 42
21 43
21 44
21 45
21 46
21 47
21 48
21 49
22 42
22 43
22 44
22 45
22 46
22 47
22 48
22 49
23 42
23 43
23 44
23 45
23 46
23 47
23 48
23 49
24 42
24 43
24 44
24 45
24 46
24 47
24 48
24 49
25 42
25 43
25 44
25 45
25 46
25 47
25 48
25 49
26 42
26 43
26 44
26 45
26 46
26 47
26 48
26 49
27 42
27 43
27 44
27 45
27 46
27 47
27 48
27 49
28 42
0
No
0
Yes
28 43
28 44
28 45
28 46
29 43
29 44
29 45
29 46
30 43
30 44
30 45
30 46
31 43
31 44
31 45
31 46
32 43
0
No
0
No
0
Yes
23 25
23 26
23 27
23 28
23 29
23 30
23 31
24 25
24 26
24 27
24 28
24 29
24 30
24 31
25 25
25 26
25 27
25 28
25 29
25 30
25 31
26 25
26 26
26 27
26 28
26 29
26 30
26 31
27 25
27 26
27 27
27 28
27 29
27 30
27 31
28 25
28 26
28 27
28 28
28 29
28 30
28 31
29 25
29 26
29 27
29 28
29 29
29 30
29 31
30 25
30 26
30 27
30 28
30 29
30 30
30 31
31 25
31 26
31 27
31 28
31 29
0
Yes
16 21
16 22
16 23
16 24
16 25
16 26
16 27
17 21
17 22
17 23
17 24
17 25
17 26
17 27
18 21
18 22
18 23
18 24
18 25
18 26
18 27
19 21
19 22
19 23
19 24
19 25
19 26
19 27
20 21
20 22
20 23
20 24
20 25
20 26
20 27
21 21
21 22
21 23
21 24
21 25
21 26
21 27
22 21
22 22
22 23
22 24
22 25
22 26
22 27
0
Yes
28 32
28 33
28 34
28 35
29 32
29 33
29 34
29 35
30 32
30 33
30 34
30 35
31 32
31 33
31 34
31 35
32 32
32 33
32 34
32 35
0
Yes
21 6
21 7
21 8
22 6
22 7
0
Yes
23 12
23 13
23 14
23 15
23 16
23 17
23 18
23 19
23 20
23 21
23 22
23 23
23 24
24 12
24 13
24 14
24 15
24 16
24 17
24 18
24 19
24 20
24 21
24 22
24 23
24 24
25 12
25 13
25 14
25 15
25 16
25 17
25 18
25 19
25 20
25 21
25 22
25 23
25 24
26 12
26 13
26 14
26 15
26 16
26 17
26 18
26 19
26 20
26 21
26 22
26 23
26 24
27 12
27 13
27 14
27 15
27 16
27 17
27 18
27 19
27 20
27 21
27 22
27 23
27 24
28 12
28 13
28 14
28 15
28 16
28 17
28 18
28 19
28 20
28 21
28 22
28 23
0
Yes
22 40
22 41
23 40
23 41
24 40
24 41
0
Yes
12 32
13 32
12 31
12 33
13 31
13 33
11 32
14 32
11 31
11 33
14 31
14 33
12 30
12 34
13 30
13 34
10 32
11 30
11 34
14 30
14 34
10 31
10 33
12 29
12 35
13 29
13 35
10 30
10 34
15 30
15 34
11 29
11 35
14 29
14 35
9 32
9 31
9 33
10 29
10 35
15 29
15 35
9 34
12 28
12 36
13 28
13 36
11 28
11 36
14 28
14 36
9 29
9 35
10 28
10 36
15 28
15 36
12 27
13 27
11 27
14 27
9 28
9 36
10 27
15 27
9 27
0
Yes
12 14
11 14
12 13
11 13
12 15
13 14
13 13
13 15
10 14
10 13
12 12
11 12
13 12
12 16
13 16
14 14
14 13
14 15
14 12
14 16
11 16
10 16
9 14
9 13
12 17
13 17
14 17
15 14
15 13
15 15
15 12
15 16
15 17
9 15
9 16
8 14
8 13
8 15
8 16
12 18
13 18
16 14
16 13
16 15
16 16
16 17
11 18
10 18
7 14
7 13
7 15
7 16
8 17
7 17
9 18
8 18
7 18
12 19
11 19
13 19
10 19
9 19
8 19
7 19
15 18
16 18
17 14
17 13
17 15
17 16
17 17
17 18
7 12
14 19
15 19
16 19
17 19
17 12
7 11
6 14
6 13
6 15
6 12
6 16
6 11
12 20
11 20
13 20
10 20
14 20
9 20
15 20
16 20
17 20
18 14
18 15
18 16
18 17
18 12
7 10
6 10
8 10
8 9
7 9
6 9
5 14
5 13
5 15
5 12
5 11
5 10
5 9
12 21
11 21
13 21
14 21
15 21
19 14
19 15
19 16
19 17
19 13
19 12
19 11
6 19
4 14
4 13
4 15
4 12
4 11
4 10
4 9
12 22
11 22
13 22
14 22
20 14
20 13
20 15
20 12
0
No
0
Yes
17 42
17 43
17 44
17 45
17 46
17 47
17 48
17 49
18 42
18 43
18 44
18 45
18 46
18 47
18 48
18 49
19 42
19 43
19 44
19 45
19 46
19 47
19 48
19 49
20 42
20 43
20 44
20 45
20 46
20 47
20 48
20 49
21 42
21 43
21 44
21 45
21 46
21 47
21 48
21 49
22 42
22 43
22 44
22 45
22 46
22 47
22 48
22 49
23 42
23 43
23 44
23 45
23 46
23 47
23 48
23 49
24 42
24 43
24 44
24 45
24 46
24 47
24 48
24 49
25 42
25 43
25 44
25 45
25 46
25 47
25 48
25 49
26 42
26 43
26 44
26 45
26 46
26 47
26 48
26 49
27 42
27 43
27 44
27 45
27 46
27 47
27 48
27 49
28 42
28 43
28 44
0
Yes
21 1
21 2
21 3
21 4
21 5
22 1
22 2
22 3
22 4
22 5
23 1
23 2
23 3
23 4
23 5
24 1
24 2
24 3
24 4
24 5
25 1
25 2
25 3
25 4
25 5
26 1
26 2
26 3
26 4
0
Yes
21 37
21 38
22 37
22 38
20 37
20 38
21 36
21 39
22 36
22 39
23 37
23 38
20 36
20 39
23 36
23 39
19 37
19 38
21 35
21 40
22 35
22 40
24 37
24 38
19 36
19 39
20 35
20 40
23 35
23 40
24 36
24 39
18 37
18 38
19 35
19 40
21 34
21 41
22 34
22 41
24 35
24 40
25 37
25 38
18 36
18 39
20 41
23 34
23 41
25 36
25 39
18 35
18 40
19 34
19 41
24 34
24 41
25 35
17 37
17 38
21 33
22 33
26 37
26 38
17 36
17 39
23 33
26 36
26 39
18 34
18 41
25 34
17 35
17 40
19 33
24 33
26 35
16 37
16 38
16 36
16 39
17 34
17 41
18 33
25 33
26 34
16 35
16 40
17 33
26 33
16 34
16 33
0
No
0
No
0
No
0
Yes
32 23
32 24
32 25
32 26
32 27
32 28
32 29
33 23
33 24
33 25
33 26
33 27
33 28
33 29
34 23
34 24
34 25
34 26
34 27
34 28
34 29
35 23
35 24
35 25
35 26
35 27
35 28
35 29
36 23
36 24
36 25
36 26
36 27
36 28
36 29
37 23
37 24
37 25
37 26
37 27
37 28
37 29
38 23
38 24
38 25
38 26
38 27
38 28
38 29
39 23
39 24
39 25
39 26
39 27
39 28
39 29
40 23
40 24
40 25
40 26
40 27
0
No
0
Yes
26 32
25 32
27 32
27 33
24 32
28 32
28 33
27 34
28 34
23 32
29 32
29 33
29 34
27 35
28 35
29 35
22 32
30 32
30 33
30 34
30 35
22 31
22 30
21 32
21 31
22 29
31 32
31 33
31 34
31 35
31 31
31 30
22 28
20 32
20 31
32 32
32 33
32 34
32 35
20 30
22 27
20 29
19 32
19 31
19 30
19 29
33 32
33 33
33 34
33 35
21 27
22 26
21 26
20 27
20 26
18 32
18 31
18 30
18 29
34 32
34 33
34 34
34 35
19 28
19 27
18 28
19 26
18 27
18 26
22 25
21 25
20 25
19 25
18 25
34 31
34 30
22 24
21 24
20 24
19 24
18 24
17 32
17 31
17 30
17 29
17 28
17 27
17 26
17 25
17 24
35 32
35 31
35 33
35 30
35 34
35 35
22 23
21 23
20 23
19 23
18 23
17 23
35 36
16 32
16 31
16 30
16 29
16 28
16 27
16 26
16 25
16 24
16 23
36 32
36 31
36 33
36 30
36 34
36 35
36 36
22 22
21 22
20 22
19 22
18 22
17 22
16 22
37 32
37 31
37 33
37 30
37 34
37 35
37 36
15 30
15 29
15 28
15 27
15 26
15 25
15 24
36 37
37 37
36 38
37 38
35 38
34 38
33 38
33 37
33 39
0
Yes
33 20
32 20
33 19
33 21
34 20
32 19
32 21
34 19
34 21
31 20
33 18
33 22
35 20
31 19
31 21
32 18
32 22
34 18
34 22
35 19
35 21
31 18
31 22
35 18
35 22
30 20
33 17
33 23
36 20
30 19
30 21
32 17
32 23
34 17
34 23
36 19
36 21
30 18
30 22
31 17
31 23
35 23
36 22
29 20
33 16
33 24
29 19
29 21
32 16
32 24
34 16
34 24
30 17
30 23
36 23
29 18
29 22
31 16
31 24
35 16
35 24
29 17
29 23
30 16
30 24
33 15
33 25
36 24
32 15
32 25
34 15
34 25
31 15
35 15
35 25
29 16
30 15
36 15
36 25
33 14
33 26
32 14
32 26
34 14
34 26
31 14
35 14
35 26
29 15
30 14
36 14
36 26
33 13
32 13
34 13
29 14
31 13
35 13
30 13
36 13
29 13
0
Yes
45 31
45 32
45 33
45 34
45 35
46 31
46 32
46 33
46 34
46 35
47 31
47 32
47 33
47 34
47 35
48 31
48 32
48 33
48 34
48 35
49 31
49 32
49 33
49 34
49 35
0
Yes
12 32
12 33
11 32
11 33
13 32
13 33
12 31
12 34
11 31
11 34
13 31
13 34
10 32
10 33
14 32
14 33
10 31
10 34
12 30
12 35
14 31
14 34
11 30
11 35
13 30
13 35
9 32
9 33
10 30
10 35
14 30
14 35
9 31
9 34
12 29
12 36
11 29
11 36
13 29
13 36
9 35
10 29
10 36
14 29
14 36
12 28
9 29
9 36
11 28
13 28
10 28
0
Yes
4 31
4 32
5 31
5 32
3 31
3 32
4 30
4 33
5 30
5 33
6 31
6 32
3 30
3 33
6 30
6 33
2 31
2 32
4 29
4 34
5 29
5 34
7 31
7 32
2 30
2 33
3 29
3 34
6 29
6 34
7 30
7 33
1 31
1 32
2 29
2 34
4 28
4 35
5 28
5 35
7 29
8 31
8 32
1 30
1 33
3 28
3 35
6 28
6 35
8 30
8 33
1 29
1 34
2 28
2 35
7 28
8 29
0 31
0 32
4 27
4 36
5 27
5 36
0 30
0 33
3 27
3 36
6 27
6 36
1 28
1 35
8 28
0 29
0 34
2 27
2 36
7 27
4 26
5 26
0 28
0 35
1 36
3 26
6 26
8 27
2 26
7 26
0 27
0 36
1 26
8 26
0
No
0
No
0
Yes
31 5
31 6
31 7
32 5
32 6
32 7
33 5
33 6
33 7
34 5
34 6
0
No
0
No
0
Yes
12 48
12 49
13 48
13 49
14 48
14 49
0
No
0
Yes
43 38
43 39
43 40
43 41
43 42
43 43
44 38
44 39
44 40
44 41
44 42
44 43
45 38
45 39
45 40
45 41
45 42
45 43
46 38
46 39
46 40
46 41
46 42
46 43
47 38
47 39
47 40
47 41
47 42
47 43
48 38
48 39
48 40
48 41
48 42
48 43
49 38
49 39
49 40
49 41
49 42
0
Yes
32 27
32 28
32 29
33 27
33 28
33 29
34 27
34 28
34 29
35 27
35 28
35 29
0
Yes
5 31
4 31
5 30
5 32
6 31
4 30
4 32
6 30
6 32
3 31
5 29
5 33
7 31
3 30
3 32
4 29
4 33
6 29
6 33
7 30
7 32
3 29
3 33
7 29
7 33
2 31
5 28
5 34
8 31
2 30
2 32
4 28
4 34
6 28
6 34
8 30
8 32
2 29
2 33
3 28
3 34
7 28
8 29
8 33
1 31
5 27
5 35
1 30
1 32
4 27
4 35
6 27
6 35
2 28
2 34
8 28
1 29
1 33
3 27
3 35
7 27
0 31
1 28
1 34
2 27
2 35
5 26
5 36
8 27
9 28
0 30
0 32
4 26
4 36
6 26
6 36
0 29
0 33
3 26
3 36
7 26
1 35
9 27
0 28
0 34
2 26
2 36
8 26
5 25
4 25
3 25
7 25
0 27
0 35
1 26
1 36
9 26
2 25
8 25
0 26
0 36
0
No
0
No
0
No
0
Yes
13 45
13 46
13 47
14 45
14 46
0
Yes
20 20
20 21
21 20
21 21
22 20
22 21
0
Yes
37 28
36 28
37 27
36 27
37 29
36 29
38 28
38 27
38 29
37 26
36 26
38 26
39 28
39 27
39 29
39 26
38 30
39 30
35 26
37 25
36 25
38 25
35 25
39 25
40 28
40 27
40 29
40 26
40 25
34 26
34 25
39 31
37 24
36 24
38 24
35 24
39 24
34 24
40 24
41 28
41 27
41 29
41 26
41 25
41 24
33 26
33 25
33 24
41 30
37 23
36 23
38 23
35 23
39 23
34 23
40 23
33 23
41 23
42 28
42 27
42 29
42 26
42 30
42 25
42 24
42 23
32 26
32 25
32 24
32 23
42 31
36 22
35 22
34 22
33 22
32 22
43 27
43 26
43 29
43 30
43 31
39 22
40 22
41 22
42 22
42 32
43 32
41 32
40 32
40 33
41 33
42 33
43 33
39 33
39 34
40 34
38 34
36 21
35 21
34 21
33 21
32 21
37 21
38 35
39 35
40 35
44 29
44 30
44 31
44 32
44 33
31 24
31 23
31 22
31 21
43 24
43 23
43 22
40 21
41 21
42 21
43 21
42 34
43 34
44 34
37 20
36 20
35 20
34 20
33 20
32 20
31 20
30 24
30 23
30 22
30 21
0
Yes
37 42
36 42
37 41
36 41
37 43
36 43
38 41
38 43
35 42
35 41
35 43
37 40
36 40
38 40
35 40
37 44
36 44
38 44
35 44
39 41
39 40
39 43
34 42
34 41
34 43
34 40
34 44
37 39
36 39
35 39
34 39
37 45
36 45
38 45
35 45
34 45
40 41
40 40
40 42
40 43
39 45
33 42
33 41
33 43
33 40
33 44
33 45
37 46
36 46
38 46
39 46
41 42
41 41
41 43
41 40
40 45
40 46
32 42
32 41
32 43
32 40
37 47
36 47
38 47
39 47
40 47
42 42
42 41
42 43
42 40
0
No
0
No
0
No
0
Yes
12 24
12 25
12 26
13 24
13 25
13 26
14 24
14 25
14 26
0
Yes
21 2
21 3
21 4
21 5
22 2
22 3
22 4
22 5
23 2
23 3
23 4
23 5
24 2
24 3
24 4
24 5
25 2
25 3
25 4
25 5
26 2
26 3
26 4
26 5
0
Yes
3 0
3 1
3 2
3 3
4 0
4 1
4 2
4 3
5 0
5 1
5 2
5 3
6 0
6 1
6 2
6 3
7 0
0
No
0
Yes
29 13
29 14
29 15
29 16
29 17
29 18
29 19
29 20
29 21
29 22
29 23
30 13
30 14
30 15
30 16
30 17
30 18
30 19
30 20
30 21
30 22
30 23
31 13
31 14
31 15
31 16
31 17
31 18
31 19
31 20
31 21
31 22
31 23
32 13
32 14
32 15
32 16
32 17
32 18
32 19
32 20
32 21
32 22
32 23
33 13
33 14
33 15
33 16
33 17
33 18
33 19
33 20
33 21
33 22
33 23
34 13
34 14
34 15
34 16
34 17
34 18
34 19
34 20
34 21
34 22
34 23
35 13
0
Yes
42 44
42 45
43 45
42 43
42 46
43 43
44 45
44 44
41 43
41 46
44 43
44 46
42 42
42 47
43 42
45 44
45 45
40 43
40 46
40 45
41 42
41 47
44 42
45 43
45 46
39 45
40 42
40 47
42 41
42 48
43 41
45 42
45 47
46 44
46 45
39 43
39 46
41 41
41 48
44 41
46 43
46 46
39 47
40 41
40 48
45 41
45 48
44 48
46 42
46 47
38 45
38 44
42 40
42 49
43 40
43 49
47 44
47 45
38 43
38 46
41 40
44 40
44 49
47 43
47 46
39 41
39 48
46 41
46 48
38 47
40 40
40 49
45 40
45 49
47 42
47 47
37 44
37 45
42 39
43 39
48 44
48 45
37 43
37 46
38 41
38 48
39 40
39 49
44 39
46 40
46 49
47 41
47 48
48 43
48 46
37 42
37 47
45 39
48 42
48 47
38 40
38 49
47 40
47 49
36 44
36 45
37 41
46 39
48 41
48 48
49 44
49 45
36 43
36 46
49 43
49 46
36 42
36 47
49 42
49 47
37 40
37 49
47 39
48 40
48 49
36 41
36 48
49 41
49 48
35 44
35 45
35 43
37 39
48 39
35 42
35 47
36 40
36 49
49 40
49 49
35 41
35 48
36 39
49 39
35 40
0
Yes
39 26
39 27
40 26
40 27
38 26
38 27
39 25
39 28
40 25
40 28
41 26
41 27
38 25
38 28
41 25
41 28
37 26
37 27
39 24
39 29
40 24
40 29
42 26
42 27
37 25
37 28
38 24
38 29
41 24
41 29
42 25
42 28
36 26
36 27
37 24
37 29
39 23
39 30
40 23
42 24
42 29
43 26
43 27
36 25
36 28
38 23
38 30
41 23
41 30
36 24
36 29
37 23
42 23
42 30
43 24
43 29
35 26
39 22
40 22
35 25
41 22
36 23
43 23
43 30
35 24
42 22
35 23
36 22
43 22
0
No
0
Yes
23 25
23 26
23 27
23 28
23 29
23 30
24 25
24 26
24 27
24 28
24 29
24 30
25 25
25 26
25 27
25 28
25 29
25 30
26 25
26 26
26 27
26 28
26 29
26 30
27 25
27 26
27 27
27 28
27 29
27 30
28 25
28 26
28 27
28 28
28 29
28 30
29 25
29 26
0
No
0
No
0
No
0
No
0
No
0
Yes
23 22
23 23
23 24
24 22
24 23
24 24
25 22
25 23
25 24
26 22
26 23
26 24
27 22
27 23
27 24
28 22
28 23
28 24
0
Yes
21 6
21 7
21 8
21 9
21 10
22 6
22 7
22 8
22 9
22 10
0
No
0
Yes
17 43
17 44
17 45
17 46
17 47
17 48
17 49
18 43
18 44
18 45
18 46
18 47
18 48
18 49
19 43
19 44
19 45
19 46
19 47
19 48
19 49
20 43
20 44
20 45
20 46
20 47
20 48
20 49
21 43
21 44
21 45
21 46
21 47
21 48
21 49
22 43
22 44
22 45
22 46
22 47
22 48
22 49
23 43
23 44
23 45
23 46
23 47
23 48
23 49
24 43
24 44
24 45
24 46
24 47
24 48
24 49
25 43
25 44
25 45
25 46
25 47
25 48
25 49
0
No
0
Yes
4 31
5 31
4 30
4 32
5 30
5 32
3 31
6 31
3 30
3 32
6 30
6 32
4 29
4 33
5 29
5 33
2 31
3 29
3 33
6 29
6 33
7 31
2 30
2 32
7 30
7 32
4 28
4 34
5 28
5 34
2 29
2 33
7 29
7 33
3 28
3 34
6 28
6 34
1 31
8 31
1 30
1 32
8 30
8 32
2 28
2 34
7 28
1 29
1 33
4 27
4 35
5 27
5 35
8 29
8 33
3 27
3 35
6 27
6 35
0 31
0 30
0 32
1 28
1 34
8 28
2 27
2 35
7 27
0 29
0 33
4 26
4 36
5 26
5 36
3 26
3 36
6 26
6 36
1 35
8 27
0 28
0 34
2 26
2 36
7 26
0 27
0 35
4 25
4 37
5 25
5 37
1 26
1 36
8 26
3 25
3 37
6 37
2 25
2 37
7 25
7 37
0 26
0 36
1 25
1 37
8 25
8 37
4 24
4 38
5 24
5 38
3 38
6 24
6 38
7 24
7 38
0 25
1 24
1 38
8 24
4 23
5 23
6 23
0 24
7 23
1 23
2 23
8 23
0 23
0
No
0
No
0
No
0
No
0
Yes
0 15
0 16
0 17
0 18
1 15
1 16
1 17
1 18
2 15
2 16
2 17
2 18
3 15
3 16
3 17
0
No
0
Yes
23 13
23 14
23 15
23 16
23 17
23 18
23 19
23 20
23 21
23 22
23 23
24 13
24 14
24 15
24 16
24 17
24 18
24 19
24 20
24 21
24 22
24 23
25 13
25 14
25 15
25 16
25 17
25 18
25 19
25 20
25 21
25 22
25 23
26 13
26 14
26 15
26 16
26 17
26 18
26 19
26 20
26 21
26 22
26 23
27 13
27 14
27 15
27 16
27 17
27 18
27 19
27 20
27 21
27 22
27 23
28 13
28 14
28 15
28 16
28 17
28 18
28 19
28 20
28 21
28 22
28 23
29 13
29 14
29 15
29 16
29 17
29 18
29 19
29 20
29 21
29 22
29 23
30 13
30 14
30 15
30 16
30 17
30 18
30 19
30 20
30 21
30 22
30 23
31 13
31 14
31 15
31 16
31 17
31 18
31 19
31 20
31 21
31 22
31 23
32 13
32 14
32 15
32 16
32 17
32 18
32 19
32 20
32 21
32 22
32 23
33 13
33 14
33 15
33 16
33 17
33 18
0
Yes
21 1
21 2
21 3
21 4
21 5
22 1
22 2
22 3
22 4
22 5
23 1
23 2
23 3
23 4
23 5
24 1
24 2
24 3
24 4
24 5
25 1
25 2
25 3
25 4
25 5
26 1
26 2
26 3
26 4
26 5
0
No
0
No
0
No
0
No
0
Yes
33 23
33 24
33 25
33 26
33 27
33 28
33 29
34 23
34 24
34 25
34 26
34 27
34 28
34 29
35 23
35 24
35 25
35 26
35 27
35 28
35 29
36 23
36 24
36 25
36 26
36 27
36 28
36 29
37 23
37 24
37 25
37 26
37 27
37 28
37 29
38 23
38 24
38 25
38 26
38 27
38 28
38 29
39 23
39 24
39 25
39 26
39 27
0
Yes
23 11
23 12
24 11
24 12
25 11
25 12
26 11
26 12
0
Yes
21 33
21 34
21 35
21 36
21 37
22 33
22 34
22 35
22 36
22 37
23 33
23 34
23 35
23 36
23 37
24 33
24 34
24 35
24 36
24 37
25 33
25 34
25 35
25 36
25 37
26 33
26 34
26 35
26 36
26 37
0
Yes
28 13
28 14
28 15
28 16
28 17
28 18
28 19
28 20
29 13
29 14
29 15
29 16
29 17
29 18
29 19
29 20
30 13
30 14
30 15
30 16
30 17
30 18
30 19
30 20
31 13
31 14
31 15
31 16
31 17
31 18
31 19
31 20
32 13
32 14
32 15
32 16
32 17
32 18
32 19
32 20
33 13
33 14
33 15
33 16
33 17
33 18
33 19
33 20
34 13
34 14
34 15
34 16
34 17
34 18
34 19
34 20
35 13
0
No
0
Yes
27 26
27 27
26 26
26 27
28 26
28 27
27 25
27 28
26 25
26 28
28 25
28 28
25 26
25 27
29 26
29 27
25 25
25 28
27 24
27 29
29 25
29 28
26 24
26 29
28 24
28 29
24 26
24 27
30 26
30 27
25 24
25 29
29 29
24 25
24 28
30 25
30 28
27 23
27 30
26 23
26 30
28 23
28 30
24 24
24 29
30 24
30 29
23 26
23 27
25 23
25 30
29 23
29 30
23 25
23 28
27 22
27 31
24 23
24 30
26 22
26 31
28 22
28 31
30 23
30 30
23 24
23 29
25 22
25 31
29 22
29 31
23 23
23 30
24 22
24 31
30 22
30 31
27 21
26 21
28 21
25 21
29 21
23 22
23 31
24 21
0
Yes
5 46
5 47
5 48
5 49
6 46
6 47
6 48
6 49
7 46
7 47
7 48
7 49
8 46
8 47
8 48
8 49
9 46
9 47
9 48
9 49
0
Yes
15 38
14 38
15 37
15 39
16 38
16 37
16 39
15 36
15 40
17 38
14 36
14 40
16 36
16 40
17 37
17 39
13 36
17 36
17 40
15 35
15 41
18 38
14 35
14 41
16 35
18 37
18 39
12 36
12 37
12 38
12 39
12 40
13 35
17 35
17 41
18 36
18 40
11 38
15 34
15 42
19 38
11 37
11 39
14 34
14 42
16 34
16 42
19 37
19 39
12 35
12 41
18 35
18 41
11 36
11 40
13 34
13 42
17 34
17 42
19 36
19 40
10 38
11 35
11 41
12 34
12 42
18 34
18 42
19 35
19 41
20 38
10 37
10 39
14 33
16 33
20 37
20 39
10 36
10 40
13 33
17 33
20 36
20 40
11 34
11 42
19 34
19 42
10 35
10 41
12 33
18 33
20 35
20 41
9 39
9 36
9 40
10 34
11 33
19 33
20 42
9 35
9 41
10 33
9 34
0
Yes
28 16
28 17
29 16
29 17
27 16
27 17
28 15
28 18
29 15
29 18
30 16
30 17
27 15
27 18
30 15
30 18
26 16
26 17
28 14
28 19
29 14
29 19
31 16
31 17
26 15
26 18
27 14
27 19
30 14
30 19
31 15
31 18
25 16
25 17
26 14
26 19
28 13
28 20
29 13
29 20
31 14
31 19
32 16
32 17
25 15
25 18
27 13
27 20
30 13
30 20
32 15
32 18
25 14
25 19
26 13
26 20
31 13
31 20
32 14
32 19
24 16
24 17
28 12
29 12
33 16
33 17
24 15
24 18
27 12
30 12
33 15
33 18
25 13
25 20
32 13
32 20
24 14
24 19
26 12
33 14
33 19
23 16
23 17
34 16
34 17
23 15
23 18
24 13
24 20
25 12
33 13
33 20
34 15
34 18
23 14
23 19
34 14
34 19
24 12
22 16
22 17
23 13
23 20
34 13
34 20
35 16
22 15
22 18
35 15
35 18
22 14
35 14
35 19
23 12
22 13
22 20
35 13
35 20
21 16
21 17
21 15
21 14
21 13
0
Yes
46 33
46 34
45 33
45 34
47 33
47 34
46 32
46 35
45 32
45 35
47 32
47 35
44 33
44 34
48 33
48 34
44 32
46 31
46 36
48 32
48 35
45 31
45 36
47 31
47 36
43 33
43 34
49 33
49 34
44 31
48 31
43 32
43 35
49 32
49 35
46 30
46 37
45 30
45 37
47 30
43 31
49 31
42 33
42 34
44 30
48 30
42 32
43 30
45 29
47 29
49 30
42 31
44 29
48 29
42 30
43 29
49 29
0
No
0
Yes
21 33
21 34
21 35
21 36
21 37
22 33
22 34
22 35
22 36
22 37
23 33
23 34
23 35
23 36
23 37
24 33
24 34
24 35
24 36
24 37
25 33
25 34
25 35
25 36
25 37
26 33
26 34
26 35
0
No
0
Yes
0 15
0 16
0 17
0 18
1 15
1 16
1 17
1 18
2 15
2 16
2 17
2 18
3 15
3 16
3 17
0
No
0
Yes
10 29
10 30
10 31
10 32
11 29
11 30
11 31
11 32
12 29
12 30
12 31
12 32
13 29
13 30
13 31
13 32
14 29
14 30
14 31
14 32
0
No
0
Yes
45 44
44 44
45 43
45 45
46 44
44 43
44 45
46 43
46 45
45 42
45 46
47 44
43 43
43 45
44 42
44 46
46 42
46 46
47 43
47 45
43 42
47 42
47 46
45 41
45 47
48 44
42 43
42 44
42 45
44 41
46 41
46 47
48 43
48 45
42 42
42 46
43 41
47 41
47 47
48 42
48 46
45 40
45 48
49 44
41 43
44 40
44 48
46 40
46 48
49 43
49 45
42 41
42 47
48 41
48 47
41 42
41 46
43 40
47 40
47 48
49 42
49 46
41 41
41 47
42 40
42 48
45 39
45 49
48 40
48 48
49 41
49 47
40 43
44 39
44 49
46 39
46 49
40 42
40 46
40 45
43 39
43 49
47 39
47 49
41 40
41 48
49 40
49 48
40 41
40 47
42 39
42 49
48 39
48 49
45 38
44 38
46 38
43 38
47 38
40 40
40 48
49 39
49 49
42 38
48 38
40 49
41 38
49 38
0
Yes
33 42
32 42
33 41
32 41
33 43
32 43
34 42
34 41
34 43
31 42
31 41
31 43
33 40
32 40
34 40
31 40
33 44
34 44
35 42
35 41
35 43
35 40
35 44
31 44
30 42
30 41
30 43
30 40
30 44
33 45
34 45
35 45
36 42
36 41
36 43
36 40
36 44
36 45
32 39
31 39
30 39
32 45
31 45
30 45
34 39
35 39
36 39
33 46
32 46
31 46
30 46
37 42
37 41
37 43
37 40
37 44
37 39
37 45
29 43
29 44
29 45
29 46
32 38
31 38
30 38
29 40
29 39
29 38
33 47
32 47
36 46
37 46
28 43
28 44
28 45
28 46
28 42
32 37
31 37
30 37
29 37
38 41
38 40
38 43
38 44
38 45
38 46
28 40
28 39
28 38
28 37
36 47
37 47
38 47
35 47
27 42
27 43
27 44
27 45
27 46
33 48
32 48
27 41
27 40
27 39
27 38
27 37
32 36
31 36
30 36
29 36
28 36
27 36
39 41
39 40
39 43
35 48
36 48
39 45
39 46
39 47
26 42
26 43
26 44
26 45
26 46
33 49
32 49
34 49
35 49
36 49
31 49
26 39
26 38
26 37
26 36
27 47
26 47
38 48
39 48
25 42
37 49
38 49
0
Yes
45 30
45 31
46 30
46 31
44 30
44 31
45 29
45 32
46 32
47 30
47 31
44 29
44 32
47 29
47 32
43 30
43 31
45 28
45 33
46 33
48 30
48 31
43 29
43 32
44 33
47 28
47 33
48 29
48 32
42 30
42 31
43 33
45 27
45 34
46 34
48 28
48 33
49 30
49 31
42 29
42 32
44 34
47 27
47 34
49 29
49 32
42 28
42 33
43 34
48 27
48 34
49 28
49 33
41 30
45 35
46 35
41 29
41 32
47 26
46 26
47 35
42 27
43 27
42 34
49 27
49 34
41 28
41 33
43 26
43 35
48 26
48 35
46 25
45 25
41 27
42 26
47 25
49 26
49 35
48 25
41 26
42 25
49 25
0
Yes
31 5
31 6
31 7
32 5
32 6
32 7
33 5
33 6
33 7
34 5
34 6
0
Yes
45 19
45 20
46 19
46 20
44 19
44 20
45 18
45 21
46 18
46 21
47 19
47 20
44 18
44 21
47 18
47 21
43 19
43 20
45 17
46 17
46 22
48 19
48 20
43 18
43 21
44 17
47 17
47 22
48 18
48 21
42 19
42 20
43 17
43 22
48 17
48 22
49 19
49 20
42 18
42 21
44 16
47 16
49 18
49 21
42 17
42 22
43 16
48 16
49 22
0
Yes
21 39
21 40
21 41
21 42
22 39
22 40
22 41
22 42
23 39
23 40
23 41
23 42
24 39
24 40
24 41
24 42
0
Yes
42 2
42 3
42 4
42 5
43 2
43 3
43 4
43 5
44 2
44 3
44 4
44 5
45 2
45 3
45 4
45 5
46 2
46 3
46 4
46 5
47 2
47 3
47 4
47 5
0
Yes
4 43
3 43
4 44
3 44
5 43
5 44
3 42
4 45
3 45
5 45
6 43
6 44
6 45
2 44
2 45
3 41
6 42
2 41
7 43
7 42
1 44
1 45
1 43
1 42
1 41
3 46
2 46
1 46
7 41
7 45
0 43
0 42
0 44
0 41
0 45
0 46
8 43
8 42
8 41
1 40
0 40
7 40
8 40
0
No
0
Yes
31 26
31 27
31 28
31 29
32 26
32 27
32 28
32 29
0
Yes
4 32
5 32
4 31
4 33
5 31
5 33
3 32
6 32
3 31
3 33
6 31
6 33
4 30
4 34
5 30
5 34
2 32
3 30
3 34
6 30
6 34
7 32
2 31
2 33
7 31
7 33
4 29
4 35
5 29
5 35
2 30
2 34
7 30
3 29
3 35
6 29
6 35
1 32
8 32
1 31
1 33
8 31
8 33
2 29
2 35
7 29
1 30
1 34
4 28
4 36
5 28
5 36
8 30
3 28
3 36
6 28
6 36
0 32
0 31
0 33
1 29
1 35
8 29
2 28
2 36
7 28
0 30
0 34
4 27
4 37
5 27
5 37
3 27
3 37
6 27
6 37
1 28
1 36
8 28
0 29
0 35
2 27
2 37
7 27
7 37
0 28
0 36
4 26
5 26
1 37
8 27
8 37
3 26
6 26
2 26
7 26
0
No
0
No
0
No
0
Yes
16 28
15 28
16 27
16 29
17 28
15 27
15 29
17 27
17 29
14 28
16 26
16 30
18 28
14 27
14 29
15 26
15 30
17 26
17 30
18 27
18 29
14 26
14 30
18 26
18 30
13 28
16 25
16 31
19 28
13 27
13 29
15 25
17 25
17 31
19 27
19 29
13 26
13 30
14 25
14 31
18 25
18 31
19 26
19 30
12 28
16 24
12 27
12 29
15 24
17 24
13 25
13 31
19 25
19 31
12 26
12 30
14 24
18 24
12 25
12 31
13 24
19 24
12 24
0
No
0
No
0
Yes
0 15
0 16
0 17
0 18
1 15
1 16
1 17
1 18
2 15
2 16
2 17
2 18
0
No
0
No
0
Yes
31 5
31 6
31 7
32 5
32 6
32 7
33 5
33 6
33 7
0
Yes
9 32
9 33
9 34
9 35
9 36
10 32
10 33
10 34
10 35
10 36
11 32
11 33
11 34
11 35
11 36
12 32
12 33
12 34
12 35
12 36
13 32
13 33
13 34
13 35
13 36
14 32
0
Yes
16 21
16 22
16 23
17 21
17 22
17 23
18 21
18 22
18 23
19 21
19 22
0
No
0
Yes
31 29
31 28
31 30
32 29
32 28
31 27
32 27
31 31
31 26
32 26
31 32
30 32
32 32
29 32
33 32
31 25
32 25
31 33
30 33
32 33
29 33
33 33
28 32
28 33
34 32
34 33
34 31
34 30
35 30
35 31
35 32
35 33
27 32
27 33
31 24
32 24
31 34
30 34
32 34
29 34
33 34
28 34
34 34
27 34
35 34
36 30
36 31
36 32
36 33
36 34
26 32
31 23
32 23
31 35
30 35
32 35
29 35
33 35
28 35
34 35
27 35
35 35
36 35
37 30
37 31
37 32
37 33
37 34
37 35
25 32
31 22
32 22
38 30
33 22
24 32
34 22
31 21
32 21
33 21
34 21
30 21
35 22
35 21
35 36
36 36
37 36
39 30
39 29
39 28
39 31
23 32
36 22
36 21
38 34
38 35
38 36
0
No
0
Yes
4 31
4 32
5 31
5 32
3 31
3 32
4 30
4 33
5 30
5 33
6 31
6 32
3 30
3 33
6 30
6 33
2 31
2 32
4 29
4 34
5 29
5 34
7 31
7 32
2 30
2 33
3 29
3 34
6 29
6 34
7 30
7 33
1 31
1 32
2 29
2 34
4 28
4 35
5 28
5 35
7 29
8 31
8 32
1 30
1 33
3 28
3 35
6 28
6 35
8 30
8 33
1 29
1 34
2 28
2 35
7 28
8 29
0 31
0 32
4 27
4 36
5 27
5 36
0 30
0 33
3 27
3 36
6 27
6 36
1 28
1 35
8 28
0 29
0 34
2 27
2 36
7 27
4 26
4 37
5 26
5 37
0 28
0 35
1 36
3 26
3 37
6 26
6 37
8 27
2 26
2 37
7 26
7 37
0 27
0 36
1 26
1 37
4 25
4 38
5 25
5 38
8 26
8 37
3 25
3 38
6 38
2 25
7 25
7 38
0 26
1 25
1 38
8 25
4 24
4 39
5 24
5 39
3 39
6 24
6 39
0 25
7 24
7 39
1 24
1 39
8 24
8 39
4 23
5 23
6 23
0 24
0 39
7 23
0
No
0
Yes
41 14
41 15
41 16
42 14
42 15
42 16
43 14
0
Yes
40 26
40 27
40 28
40 29
41 26
41 27
41 28
41 29
42 26
42 27
42 28
42 29
43 26
43 27
0
Yes
12 24
12 25
12 26
12 27
12 28
12 29
12 30
13 24
13 25
13 26
13 27
13 28
13 29
13 30
14 24
14 25
14 26
14 27
14 28
14 29
14 30
15 24
15 25
15 26
15 27
15 28
15 29
15 30
16 24
16 25
16 26
16 27
16 28
16 29
16 30
17 24
17 25
17 26
17 27
17 28
17 29
17 30
18 24
18 25
18 26
18 27
18 28
18 29
18 30
19 24
19 25
0
Yes
28 6
27 6
28 7
29 6
27 7
29 5
29 7
26 6
28 8
30 6
26 5
26 7
27 8
29 4
28 4
27 4
29 8
30 5
30 7
26 4
26 8
30 4
30 8
25 6
28 3
28 9
25 5
25 7
27 3
27 9
29 3
29 9
25 4
25 8
26 3
26 9
30 3
31 4
31 8
24 6
28 2
28 10
24 5
24 7
27 2
27 10
29 10
25 3
25 9
31 3
24 4
24 8
26 2
26 10
30 2
32 4
32 8
23 6
24 3
24 9
25 2
25 10
28 1
28 11
31 2
32 3
32 9
23 5
23 7
27 1
27 11
29 1
23 4
23 8
26 1
26 11
30 1
33 4
33 8
24 2
24 10
32 2
32 10
31 10
23 3
23 9
25 1
25 11
31 1
33 3
33 9
22 6
28 0
22 5
22 7
27 0
29 0
22 4
22 8
26 0
30 0
34 4
34 5
34 6
34 7
34 8
23 2
23 10
24 1
24 11
32 1
32 11
33 2
33 10
22 3
22 9
25 0
31 0
34 9
21 6
21 5
21 7
23 1
23 11
33 1
33 11
22 2
22 10
24 0
32 0
34 2
34 10
21 4
21 8
21 3
21 9
22 1
23 0
33 0
34 1
34 11
21 2
21 10
22 0
34 0
0
Yes
22 22
21 22
22 21
21 21
22 23
21 23
23 21
20 22
20 21
20 23
22 24
21 24
20 24
21 20
20 20
22 25
21 25
20 25
19 23
19 20
20 19
19 19
22 26
21 26
20 26
20 18
19 18
19 26
22 27
21 27
20 27
19 27
20 17
19 17
22 28
20 16
19 16
18 17
18 16
19 28
22 29
17 17
17 16
17 18
17 19
17 20
16 20
16 19
16 18
16 17
16 16
15 20
15 19
15 18
15 17
15 16
15 21
20 15
19 15
18 15
17 15
16 15
15 15
19 29
20 29
22 30
14 21
14 20
14 19
14 22
20 14
19 14
18 14
17 14
16 14
15 14
20 30
19 30
13 22
13 21
13 20
13 19
22 31
21 31
20 31
19 31
20 13
19 13
14 17
14 16
14 15
14 14
13 18
13 17
13 16
13 15
13 14
18 31
12 22
12 21
12 20
12 19
12 18
12 17
12 16
12 15
12 14
22 32
21 32
20 32
19 32
18 32
23 32
20 12
19 12
21 12
24 32
17 13
16 13
15 13
14 13
13 13
12 13
17 31
17 32
25 32
18 12
17 12
26 32
16 31
16 32
11 22
11 21
11 20
11 19
11 18
11 23
21 11
11 24
27 32
19 11
19 33
18 33
17 33
0
No
0
Yes
5 11
4 11
5 10
4 10
5 12
4 12
6 11
6 10
6 12
3 11
3 10
5 9
4 9
6 9
3 9
5 13
4 13
6 13
7 11
7 10
7 12
7 9
7 13
2 11
2 10
2 9
5 14
4 14
6 14
7 14
2 12
4 8
3 8
2 8
8 10
8 9
2 13
3 14
8 13
8 14
1 11
1 10
1 12
1 9
1 13
1 8
5 15
4 15
6 15
3 15
7 15
8 15
4 7
9 13
9 14
9 15
0 11
0 10
0 12
0 9
0 13
0 8
2 7
1 7
0 7
4 16
3 16
6 16
7 16
8 16
9 16
10 13
10 14
2 6
1 6
0 6
3 6
4 17
3 17
7 17
8 17
11 13
11 14
11 12
2 5
1 5
0 5
4 18
5 18
10 16
12 12
7 18
8 18
11 16
5 19
4 19
1 4
0 4
6 19
7 19
0
Yes
10 37
10 38
10 39
10 40
10 41
11 37
11 38
11 39
11 40
11 41
12 37
12 38
12 39
12 40
12 41
0
No
0
Yes
17 39
17 40
17 41
17 42
18 39
18 40
18 41
18 42
19 39
19 40
19 41
19 42
20 39
20 40
20 41
20 42
0
No
0
Yes
14 24
14 25
14 26
14 27
14 28
14 29
14 30
15 24
15 25
15 26
15 27
15 28
15 29
15 30
16 24
16 25
16 26
16 27
16 28
16 29
16 30
17 24
17 25
17 26
17 27
17 28
17 29
17 30
18 24
18 25
18 26
18 27
18 28
18 29
18 30
0
Yes
37 26
36 26
37 25
37 27
38 26
36 25
36 27
38 25
38 27
35 26
37 24
37 28
39 26
35 25
35 27
36 24
36 28
38 24
38 28
39 25
39 27
35 24
35 28
39 24
39 28
34 26
37 23
37 29
34 25
34 27
36 23
36 29
38 23
38 29
40 25
34 24
34 28
35 23
35 29
39 23
39 29
40 24
33 26
37 30
33 25
33 27
36 22
36 30
38 30
41 25
34 23
34 29
40 23
33 24
33 28
35 22
35 30
39 22
39 30
41 24
32 26
33 23
33 29
34 22
34 30
40 22
41 23
32 25
32 27
36 21
37 21
42 25
32 24
32 28
35 21
42 24
33 22
41 22
32 23
32 29
34 21
40 21
42 23
31 26
31 25
31 27
31 24
31 28
32 22
33 21
41 21
42 22
31 23
31 29
32 21
42 21
31 22
31 30
31 21
0
Yes
40 10
39 10
40 9
40 11
41 10
39 9
39 11
41 9
41 11
38 10
40 8
40 12
42 10
38 9
38 11
39 8
39 12
41 8
41 12
42 9
42 11
38 8
38 12
42 8
42 12
37 10
40 7
40 13
43 10
37 9
37 11
39 7
39 13
41 7
41 13
43 9
43 11
37 8
37 12
38 7
38 13
42 7
42 13
43 8
43 12
36 10
40 6
40 14
44 10
36 9
36 11
39 6
39 14
41 6
41 14
44 9
44 11
37 7
43 7
43 13
36 8
36 12
38 6
38 14
42 6
42 14
44 8
44 12
35 10
36 7
36 13
37 6
40 5
43 6
43 14
44 7
44 13
35 9
35 11
35 8
35 12
38 5
36 6
36 14
44 6
35 7
37 5
35 6
36 5
0
No
0
No
0
Yes
46 44
47 44
46 43
46 45
47 43
47 45
45 44
48 44
45 43
45 45
48 43
48 45
46 42
46 46
47 42
47 46
44 44
45 42
45 46
48 42
48 46
49 44
44 43
44 45
49 43
49 45
46 41
46 47
47 41
47 47
44 42
44 46
49 42
49 46
45 41
45 47
48 41
48 47
43 43
43 45
44 41
49 41
49 47
43 42
46 40
46 48
47 40
47 48
45 40
45 48
48 40
48 48
43 41
44 40
44 48
49 40
49 48
46 39
46 49
47 39
47 49
45 39
45 49
48 39
48 49
43 40
44 39
44 49
49 39
49 49
46 38
47 38
43 39
43 49
45 38
48 38
44 38
49 38
43 38
0
No
0
No
0
Yes
28 34
27 34
28 33
27 33
28 35
27 35
29 34
29 33
29 35
26 34
26 33
26 35
28 32
29 32
30 34
30 33
30 35
30 32
25 34
25 33
25 35
31 34
31 33
31 35
31 32
25 36
24 34
24 33
24 35
24 36
32 34
32 33
32 35
32 32
25 37
24 37
31 31
23 34
23 33
23 35
23 36
23 37
25 38
24 38
23 38
33 34
33 33
33 35
33 32
25 39
24 39
23 39
22 34
22 33
22 35
22 36
22 37
22 38
22 39
34 34
34 33
34 35
34 32
34 31
21 34
21 33
21 35
21 36
21 37
21 38
21 39
35 34
35 33
35 35
35 32
35 31
24 40
23 40
22 40
21 40
35 36
36 34
36 33
36 35
36 32
36 36
36 31
20 35
20 36
20 37
20 38
24 41
23 41
22 41
21 41
36 37
24 42
23 42
22 42
21 42
36 38
35 38
34 38
33 38
33 37
33 39
37 34
37 33
37 35
37 32
37 36
37 31
37 37
37 38
19 35
19 36
19 37
19 38
19 34
18 34
18 35
18 36
18 37
18 38
0
Yes
26 48
26 49
27 48
27 49
28 48
0
Yes
31 5
31 6
31 7
32 5
32 6
32 7
33 5
33 6
33 7
0
Yes
46 33
46 34
45 33
45 34
47 33
47 34
46 32
46 35
45 32
45 35
47 32
47 35
44 33
44 34
48 33
48 34
44 32
46 31
46 36
48 32
48 35
45 31
45 36
47 31
47 36
43 33
43 34
49 33
49 34
44 31
48 31
43 32
43 35
49 32
49 35
46 30
46 37
45 30
45 37
47 30
43 31
49 31
42 33
42 34
44 30
48 30
42 32
43 30
45 29
47 29
49 30
42 31
44 29
48 29
42 30
43 29
49 29
0
Yes
3 0
3 1
3 2
3 3
4 0
4 1
4 2
4 3
5 0
5 1
5 2
5 3
6 0
6 1
6 2
6 3
0
Yes
26 48
26 49
27 48
27 49
28 48
28 49
0
Yes
17 6
16 6
17 5
17 7
18 6
16 5
16 7
18 5
18 7
15 6
17 4
17 8
15 5
15 7
16 4
16 8
18 4
18 8
19 5
15 4
15 8
19 4
19 8
14 6
17 3
17 9
16 3
16 9
18 3
18 9
14 8
15 3
15 9
19 3
19 9
17 2
17 10
16 2
16 10
18 2
18 10
14 3
14 9
15 2
15 10
19 2
19 10
14 2
14 10
17 11
16 1
16 11
15 1
15 11
14 1
14 11
16 0
17 0
18 0
15 0
19 0
0
Yes
46 19
46 20
45 19
45 20
47 19
47 20
46 18
46 21
45 18
45 21
47 18
47 21
44 19
44 20
48 19
48 20
44 18
44 21
46 17
48 18
48 21
45 17
47 17
43 19
43 20
49 19
49 20
44 17
48 17
43 18
43 21
49 18
49 21
43 17
42 19
42 20
42 18
0
No
0
No
0
No
0
No
0
Yes
20 43
20 44
20 45
20 46
20 47
21 43
21 44
21 45
21 46
21 47
22 43
22 44
22 45
22 46
22 47
23 43
23 44
23 45
23 46
23 47
24 43
24 44
24 45
24 46
24 47
25 43
25 44
25 45
25 46
0
Yes
46 19
46 20
47 19
47 20
45 19
45 20
46 18
46 21
47 18
47 21
48 19
48 20
45 18
45 21
48 18
48 21
44 19
44 20
46 17
46 22
47 17
47 22
49 19
49 20
44 18
44 21
45 17
48 17
48 22
49 18
49 21
43 19
43 20
44 17
47 16
49 22
43 18
43 21
48 16
43 17
0
No
0
No
0
Yes
29 16
29 17
28 16
28 17
30 16
30 17
29 15
29 18
28 15
28 18
30 15
30 18
27 16
27 17
31 16
31 17
27 15
27 18
29 14
29 19
31 15
31 18
28 14
28 19
30 14
30 19
26 16
26 17
32 16
32 17
27 14
27 19
31 14
31 19
26 15
26 18
32 15
32 18
29 13
29 20
28 13
28 20
30 13
30 20
26 14
26 19
32 14
32 19
25 16
25 17
27 13
27 20
31 13
31 20
33 16
33 17
25 15
25 18
33 15
33 18
29 12
26 13
26 20
28 12
30 12
32 13
32 20
25 14
25 19
33 14
33 19
27 12
24 16
24 17
34 16
34 17
24 15
24 18
34 15
34 18
25 13
25 20
33 13
33 20
26 12
32 12
24 14
24 19
34 14
34 19
23 16
23 17
25 12
33 12
24 13
24 20
34 13
34 20
23 15
23 18
23 14
23 19
24 12
34 12
23 13
23 20
23 12
0
No
0
No
0
Yes
9 32
9 33
9 34
9 35
9 36
10 32
10 33
10 34
10 35
10 36
11 32
11 33
11 34
11 35
11 36
12 32
12 33
12 34
12 35
12 36
13 32
13 33
13 34
13 35
13 36
14 32
14 33
0
Yes
16 46
16 47
17 46
17 47
16 45
16 48
15 45
17 45
17 48
18 46
18 47
14 45
14 46
16 44
16 49
18 45
18 48
15 44
17 44
17 49
13 46
13 47
19 46
19 47
14 44
18 44
18 49
13 45
13 48
14 48
14 49
19 45
19 48
15 43
17 43
13 49
19 44
19 49
12 47
14 43
18 43
12 48
19 43
12 49
0
Yes
8 43
7 43
8 42
7 42
9 42
6 43
6 42
8 41
7 41
9 41
6 44
6 45
7 45
8 45
9 45
9 44
10 44
10 45
10 41
5 43
5 44
5 45
8 40
7 40
9 40
10 40
8 46
7 46
9 46
6 46
5 46
11 41
11 40
11 42
11 45
4 43
4 44
4 45
8 47
7 47
9 47
6 47
5 47
9 39
10 39
11 39
12 42
12 41
12 40
12 39
12 43
11 46
3 43
3 44
3 45
8 48
7 48
9 48
6 48
5 48
11 47
3 42
13 42
3 41
10 38
11 38
12 38
3 46
8 49
7 49
9 49
6 49
5 49
2 44
2 45
2 46
14 42
2 41
10 37
11 37
12 37
10 49
14 41
14 40
1 44
1 45
1 46
1 43
1 42
1 41
15 42
15 41
15 40
2 47
1 47
4 49
1 40
2 48
3 49
2 49
0 43
0 42
0 44
0 41
0 45
0 40
0 46
15 39
16 42
16 40
16 39
15 38
16 38
0
Yes
39 2
39 3
38 2
38 3
40 2
40 3
39 1
38 1
38 4
40 1
40 4
37 2
37 3
41 2
37 1
37 4
39 0
41 1
38 0
40 0
36 2
36 3
37 0
41 0
36 1
36 4
42 1
36 0
42 0
35 2
35 1
0
No
0
No
0
Yes
37 26
37 27
38 26
38 27
36 26
36 27
37 25
37 28
38 25
38 28
39 26
39 27
36 25
36 28
39 25
39 28
35 26
35 27
37 24
37 29
38 24
38 29
40 26
40 27
35 25
35 28
36 24
36 29
39 24
39 29
40 25
40 28
34 26
34 27
35 24
35 29
37 23
38 23
40 24
40 29
41 26
41 27
34 25
34 28
36 23
39 23
41 25
41 28
34 24
34 29
35 23
40 23
41 24
41 29
33 26
33 27
42 26
42 27
33 25
33 28
42 25
42 28
34 23
41 23
33 24
33 29
42 24
42 29
32 26
32 27
43 26
43 27
32 25
32 28
33 23
42 23
32 24
32 29
43 24
31 26
31 27
32 23
43 23
31 25
31 28
31 24
31 29
0
Yes
3 0
3 1
3 2
3 3
4 0
4 1
4 2
4 3
5 0
5 1
5 2
5 3
6 0
6 1
6 2
6 3
7 0
7 1
7 2
0
Yes
30 0
30 1
30 2
30 3
30 4
31 0
31 1
31 2
31 3
31 4
32 0
32 1
32 2
32 3
32 4
33 0
33 1
33 2
33 3
33 4
34 0
34 1
34 2
0
No
0
Yes
12 24
12 25
12 26
12 27
12 28
12 29
12 30
13 24
13 25
13 26
13 27
13 28
13 29
13 30
14 24
14 25
14 26
14 27
14 28
14 29
14 30
15 24
15 25
15 26
15 27
15 28
15 29
15 30
16 24
16 25
16 26
16 27
16 28
16 29
16 30
17 24
17 25
17 26
17 27
17 28
17 29
17 30
18 24
18 25
18 26
18 27
0
Yes
8 0
8 1
9 0
9 1
10 0
10 1
11 0
0
Yes
26 6
25 6
26 5
25 5
26 7
25 7
27 6
27 7
24 6
24 5
24 7
26 4
25 4
24 4
26 8
25 8
27 8
24 8
28 6
28 7
28 8
27 4
28 4
23 6
23 5
23 7
23 4
23 8
26 3
25 3
27 3
24 3
28 3
23 3
26 9
25 9
27 9
24 9
28 9
23 9
29 6
29 7
29 8
29 9
29 5
29 4
29 3
22 6
22 5
22 7
22 4
22 8
22 3
22 9
26 2
25 2
27 2
24 2
28 2
23 2
22 2
26 10
25 10
27 10
24 10
28 10
23 10
29 10
22 10
30 6
30 5
30 7
30 8
21 6
21 5
21 7
21 4
21 8
21 3
21 9
21 2
21 10
26 1
25 1
27 1
24 1
28 1
23 1
22 1
21 1
26 11
25 11
27 11
24 11
28 11
23 11
31 6
31 5
31 7
31 8
29 1
26 0
25 0
27 0
24 0
28 0
23 0
29 0
22 0
21 0
32 6
32 5
32 7
32 8
20 4
20 3
20 9
32 9
33 6
33 5
33 7
33 8
33 9
0
Yes
21 33
21 34
21 35
21 36
21 37
21 38
21 39
22 33
22 34
22 35
22 36
22 37
22 38
22 39
23 33
23 34
23 35
23 36
23 37
23 38
23 39
24 33
24 34
24 35
24 36
24 37
24 38
24 39
25 33
25 34
25 35
25 36
25 37
25 38
25 39
0
Yes
26 33
26 34
26 35
26 36
26 37
26 38
26 39
27 33
27 34
27 35
27 36
27 37
27 38
27 39
28 33
28 34
28 35
28 36
28 37
28 38
28 39
29 33
29 34
29 35
29 36
29 37
29 38
29 39
30 33
30 34
30 35
30 36
30 37
30 38
30 39
31 33
31 34
31 35
31 36
31 37
31 38
31 39
32 33
32 34
32 35
0
Yes
32 38
32 39
32 40
32 41
32 42
32 43
33 38
33 39
33 40
33 41
33 42
33 43
34 38
34 39
34 40
34 41
34 42
34 43
35 38
35 39
35 40
35 41
35 42
35 43
36 38
36 39
36 40
36 41
36 42
36 43
37 38
37 39
37 40
37 41
37 42
0
Yes
17 36
17 37
18 36
18 37
16 36
16 37
17 35
17 38
18 35
18 38
19 36
19 37
16 35
19 35
19 38
15 36
15 37
17 34
18 34
20 36
20 37
15 35
16 34
19 34
20 35
20 38
14 36
15 34
14 35
14 34
0
Yes
23 22
23 23
23 24
23 25
23 26
23 27
23 28
23 29
23 30
23 31
24 22
24 23
24 24
24 25
24 26
24 27
24 28
24 29
24 30
24 31
25 22
25 23
25 24
25 25
25 26
25 27
25 28
25 29
25 30
25 31
26 22
26 23
26 24
26 25
26 26
26 27
26 28
26 29
26 30
26 31
27 22
27 23
27 24
27 25
27 26
27 27
27 28
27 29
27 30
27 31
28 22
28 23
28 24
28 25
28 26
28 27
28 28
28 29
28 30
28 31
0
Yes
33 32
32 32
33 33
34 32
34 33
34 31
31 32
33 34
34 34
35 32
35 31
35 33
35 34
31 31
34 30
35 30
31 30
30 32
30 31
30 30
33 35
34 35
35 35
36 32
36 31
36 33
36 30
36 34
36 35
29 32
29 31
29 30
37 32
37 31
37 33
37 30
37 34
37 35
30 29
29 29
35 36
36 36
37 36
28 32
30 28
29 28
38 30
38 34
38 35
38 36
30 27
29 27
36 37
37 37
38 37
39 30
39 31
39 34
39 35
39 36
39 33
30 26
29 26
40 33
40 34
40 35
40 36
40 32
30 25
29 25
38 38
41 32
41 33
30 24
40 37
41 36
41 37
40 38
41 38
30 23
31 23
29 23
31 22
30 22
29 22
32 22
33 22
34 22
35 22
42 37
42 38
36 22
33 21
32 21
34 21
31 21
35 21
30 21
36 21
29 21
43 37
42 39
37 21
42 40
41 40
40 40
39 40
38 40
38 41
39 41
40 41
41 41
42 41
28 21
35 20
36 20
37 20
40 42
41 42
42 42
0
Yes
8 0
8 1
9 0
9 1
10 0
0
No
0
No
0
No
0
Yes
16 31
16 32
16 33
17 31
17 32
17 33
0
Yes
32 5
32 6
32 7
32 8
32 9
32 10
32 11
33 5
33 6
33 7
33 8
33 9
33 10
33 11
34 5
34 6
34 7
34 8
34 9
34 10
34 11
0
Yes
21 40
21 41
21 42
21 43
22 40
22 41
22 42
22 43
23 40
23 41
23 42
23 43
24 40
0
No
0
No
0
No
0
Yes
5 30
5 31
6 30
6 31
4 30
4 31
5 29
5 32
6 29
6 32
7 30
7 31
4 29
4 32
7 29
7 32
3 30
3 31
5 28
5 33
6 28
6 33
8 30
8 31
3 29
3 32
4 28
4 33
7 28
7 33
8 29
8 32
2 30
2 31
3 28
3 33
5 27
5 34
6 27
6 34
8 28
8 33
9 31
2 29
2 32
4 27
4 34
7 27
9 29
2 28
2 33
3 27
3 34
8 27
9 28
1 30
1 31
5 26
5 35
6 26
6 35
10 31
10 30
1 29
1 32
4 26
4 35
7 26
10 29
2 27
2 34
9 27
1 28
1 33
3 26
3 35
8 26
10 28
0 30
0 31
5 25
5 36
6 36
0 29
0 32
1 34
2 26
2 35
4 25
4 36
7 25
9 26
10 27
0 28
0 33
3 25
3 36
8 25
1 26
1 35
10 26
0 27
0 34
2 25
2 36
5 24
6 24
9 25
4 24
7 24
8 24
0 26
0 35
1 25
1 36
10 25
9 24
0 25
0 36
1 24
10 24
0 24
0
No
0
No
0
Yes
34 23
34 24
34 25
34 26
34 27
34 28
34 29
35 23
35 24
35 25
35 26
35 27
35 28
35 29
36 23
36 24
36 25
36 26
36 27
36 28
36 29
37 23
37 24
37 25
37 26
37 27
37 28
37 29
38 23
38 24
38 25
38 26
38 27
38 28
38 29
39 23
39 24
39 25
39 26
39 27
39 28
39 29
40 23
40 24
40 25
40 26
40 27
40 28
40 29
41 23
41 24
41 25
41 26
41 27
41 28
41 29
42 23
42 24
42 25
42 26
42 27
42 28
42 29
43 23
43 24
0
No
0
Yes
25 6
26 6
25 5
25 7
26 5
26 7
24 6
27 6
24 5
24 7
27 7
25 4
25 8
26 4
26 8
23 6
24 4
24 8
27 4
27 8
28 6
23 5
23 7
28 7
25 3
25 9
26 3
26 9
23 4
23 8
28 4
28 8
24 3
24 9
27 3
27 9
22 6
29 6
22 5
22 7
29 5
29 7
23 3
23 9
28 3
28 9
22 4
22 8
25 2
25 10
26 2
26 10
29 4
29 8
24 2
24 10
27 2
27 10
21 6
21 5
21 7
22 3
22 9
29 3
29 9
23 2
23 10
28 2
28 10
21 4
21 8
25 1
25 11
26 1
26 11
24 1
24 11
27 1
27 11
22 2
22 10
29 10
21 3
21 9
23 1
23 11
28 1
28 11
21 2
21 10
25 0
26 0
22 1
29 1
24 0
27 0
23 0
28 0
21 1
21 11
22 0
29 0
0
No
0
Yes
20 44
20 45
20 46
20 47
20 48
20 49
21 44
21 45
21 46
21 47
21 48
21 49
22 44
22 45
22 46
22 47
22 48
22 49
23 44
23 45
23 46
23 47
23 48
23 49
24 44
24 45
24 46
24 47
24 48
24 49
25 44
25 45
25 46
25 47
25 48
25 49
0
No
0
No
0
No
0
No
0
Yes
10 10
10 11
11 10
11 11
12 10
12 11
0
Yes
45 13
45 14
45 15
46 13
46 14
0
No
0
No
0
Yes
21 40
21 41
21 42
22 40
22 41
22 42
23 40
23 41
23 42
24 40
24 41
0
No
0
No
0
No
0
Yes
3 0
3 1
3 2
4 0
4 1
4 2
5 0
5 1
5 2
6 0
6 1
6 2
7 0
7 1
7 2
0
Yes
30 21
30 22
30 23
30 24
30 25
30 26
30 27
30 28
30 29
31 21
31 22
31 23
31 24
31 25
31 26
31 27
31 28
31 29
32 21
32 22
32 23
32 24
32 25
32 26
32 27
32 28
32 29
33 21
33 22
33 23
33 24
33 25
33 26
33 27
33 28
33 29
34 21
34 22
34 23
34 24
34 25
34 26
34 27
34 28
34 29
35 21
35 22
35 23
35 24
35 25
35 26
35 27
35 28
35 29
36 21
36 22
36 23
36 24
36 25
36 26
36 27
36 28
36 29
37 21
0
Yes
17 19
16 19
17 18
17 20
16 18
16 20
15 19
17 17
17 21
15 18
15 20
16 17
16 21
18 17
18 21
15 17
15 21
19 17
19 18
19 19
19 20
19 21
14 19
17 16
17 22
20 19
14 20
16 16
16 22
18 16
18 22
20 18
20 20
14 17
14 21
15 16
19 16
19 22
20 17
20 21
13 19
17 15
17 23
13 18
13 20
16 15
16 23
18 15
18 23
21 20
14 16
14 22
20 16
20 22
13 17
13 21
15 15
19 15
19 23
21 17
21 21
12 19
13 16
13 22
14 15
17 14
20 15
20 23
21 16
21 22
12 18
12 20
16 14
18 14
22 20
12 17
12 21
15 14
19 14
22 17
22 18
22 21
13 15
21 15
21 23
12 16
12 22
14 14
20 14
22 16
22 22
11 19
11 18
11 20
11 21
12 15
13 14
21 14
22 15
22 23
11 22
12 14
22 14
0
Yes
45 12
45 13
45 14
45 15
46 12
46 13
46 14
0
Yes
45 3
45 4
45 5
45 6
45 7
46 3
46 4
46 5
46 6
46 7
47 3
47 4
47 5
47 6
47 7
48 3
48 4
48 5
48 6
48 7
49 3
49 4
49 5
0
No
0
No
0
Yes
23 12
23 13
23 14
23 15
23 16
23 17
23 18
24 12
24 13
24 14
24 15
24 16
24 17
24 18
25 12
25 13
25 14
25 15
25 16
25 17
25 18
26 12
26 13
26 14
26 15
26 16
26 17
26 18
27 12
27 13
27 14
27 15
27 16
27 17
27 18
28 12
28 13
28 14
28 15
28 16
28 17
28 18
29 12
29 13
29 14
29 15
0
Yes
0 15
0 16
0 17
0 18
1 15
1 16
1 17
1 18
2 15
2 16
2 17
2 18
0
Yes
23 19
23 20
23 21
24 19
24 20
24 21
25 19
25 20
25 21
26 19
26 20
0
Yes
30 5
30 6
30 7
30 8
31 5
31 6
31 7
31 8
32 5
32 6
32 7
32 8
33 5
33 6
33 7
33 8
34 5
34 6
34 7
0
Yes
45 45
45 46
45 47
45 48
45 49
46 45
46 46
46 47
46 48
46 49
47 45
47 46
47 47
47 48
47 49
48 45
48 46
48 47
48 48
48 49
49 45
49 46
49 47
49 48
49 49
0
Yes
20 46
20 47
20 48
20 49
21 46
21 47
21 48
21 49
22 46
22 47
22 48
22 49
23 46
23 47
23 48
23 49
24 46
24 47
24 48
24 49
0
Yes
5 46
5 47
5 48
5 49
6 46
6 47
6 48
6 49
7 46
7 47
7 48
7 49
8 46
8 47
8 48
8 49
9 46
9 47
9 48
0
Yes
32 38
31 38
32 37
32 39
33 38
31 37
31 39
33 37
33 39
30 38
32 36
32 40
34 38
30 37
30 39
31 36
31 40
33 40
34 39
30 36
30 40
34 40
29 38
32 35
32 41
35 38
29 37
29 39
31 35
31 41
33 35
33 41
35 39
29 36
29 40
30 35
30 41
34 35
34 41
35 40
28 38
32 34
32 42
36 38
28 37
28 39
31 34
31 42
33 34
33 42
36 37
36 39
29 35
35 35
35 36
35 41
28 36
28 40
30 34
30 42
34 34
34 42
36 36
36 40
27 38
28 35
29 34
32 33
32 43
35 34
35 42
36 35
36 41
37 38
27 37
27 39
31 33
31 43
33 33
33 43
37 37
37 39
27 36
27 40
30 33
30 43
34 33
34 43
37 36
37 40
28 34
36 34
36 42
27 35
27 41
29 33
29 43
35 33
35 43
37 35
37 41
26 38
32 32
26 37
26 39
31 32
33 32
26 36
30 32
34 32
27 34
27 42
28 42
28 33
28 43
36 33
36 43
37 34
37 42
26 35
29 32
35 32
27 33
27 43
37 33
37 43
26 34
26 42
28 32
36 32
26 33
0
No
0
Yes
45 38
45 39
45 40
45 41
45 42
45 43
45 44
46 38
46 39
46 40
46 41
46 42
46 43
46 44
47 38
47 39
47 40
47 41
47 42
47 43
47 44
48 38
48 39
48 40
48 41
48 42
48 43
48 44
49 38
49 39
49 40
49 41
49 42
49 43
49 44
0
Yes
22 45
21 45
22 44
22 46
23 45
21 44
21 46
23 44
23 46
20 45
22 43
22 47
24 45
20 44
20 46
21 43
21 47
23 43
23 47
24 44
24 46
20 43
20 47
24 43
24 47
19 45
22 42
22 48
25 45
19 44
19 46
21 42
21 48
23 42
23 48
25 44
25 46
19 43
19 47
20 42
20 48
24 42
24 48
25 43
25 47
18 45
22 41
22 49
26 45
18 44
18 46
21 41
21 49
23 41
23 49
26 44
26 46
19 42
19 48
25 42
25 48
18 43
18 47
20 41
20 49
24 41
24 49
26 43
26 47
17 45
18 42
18 48
19 41
19 49
22 40
25 49
26 48
27 45
17 44
17 46
21 40
23 40
27 44
27 46
17 43
17 47
20 40
24 40
27 47
18 41
18 49
26 49
17 42
17 48
19 40
27 48
16 45
16 44
16 46
16 47
17 41
17 49
18 40
27 49
16 42
16 48
17 40
16 49
0
Yes
19 24
19 25
19 26
19 27
20 24
20 25
20 26
20 27
21 24
21 25
21 26
21 27
22 24
22 25
22 26
22 27
0
No
0
No
0
Yes
16 19
15 19
16 18
16 20
17 19
15 18
15 20
17 18
17 20
14 19
16 17
16 21
14 20
15 17
15 21
17 17
17 21
14 17
14 21
18 17
18 21
13 19
16 16
16 22
13 18
13 20
15 16
17 16
17 22
13 17
13 21
14 16
14 22
18 16
18 22
19 17
19 18
19 19
19 20
19 21
12 19
16 15
16 23
20 19
12 18
12 20
15 15
17 15
17 23
20 18
20 20
13 16
13 22
19 16
19 22
12 17
12 21
14 15
18 15
18 23
20 17
20 21
11 19
12 16
12 22
13 15
16 14
19 15
19 23
20 16
20 22
11 18
11 20
15 14
17 14
11 21
14 14
18 14
12 15
20 15
20 23
11 22
13 14
19 14
11 23
12 14
20 14
0
No
0
Yes
5 45
5 46
5 47
5 48
5 49
6 45
6 46
6 47
6 48
6 49
7 45
7 46
7 47
7 48
7 49
8 45
8 46
8 47
8 48
8 49
9 45
9 46
9 47
9 48
0
Yes
21 36
21 37
22 36
22 37
20 36
20 37
21 35
21 38
22 35
22 38
23 36
23 37
20 35
20 38
23 35
23 38
19 36
19 37
21 34
21 39
22 34
22 39
24 36
24 37
19 35
19 38
20 39
23 34
23 39
24 35
24 38
18 36
18 37
19 34
19 39
21 33
22 33
24 34
24 39
25 36
25 37
18 35
18 38
23 33
25 35
25 38
18 34
18 39
19 33
24 33
25 34
25 39
17 36
17 37
17 35
17 38
18 33
25 33
17 34
17 39
17 33
0
Yes
32 16
32 17
33 16
33 17
31 16
31 17
32 15
32 18
33 15
33 18
34 16
34 17
31 15
31 18
34 15
34 18
30 16
30 17
32 14
32 19
33 14
33 19
35 16
30 15
30 18
31 14
31 19
34 14
34 19
35 15
35 18
29 16
29 17
30 14
30 19
32 13
32 20
33 13
33 20
35 14
35 19
29 18
31 13
31 20
34 13
34 20
29 19
30 13
30 20
35 13
35 20
32 12
33 12
34 12
29 20
0
Yes
37 23
37 24
37 25
37 26
37 27
37 28
37 29
38 23
38 24
38 25
38 26
38 27
38 28
38 29
39 23
39 24
39 25
39 26
39 27
39 28
39 29
40 23
40 24
40 25
40 26
40 27
40 28
40 29
41 23
41 24
41 25
41 26
41 27
41 28
41 29
42 23
42 24
42 25
42 26
42 27
42 28
42 29
43 23
0
Yes
42 34
42 33
43 34
43 33
41 33
43 35
42 32
41 32
43 32
44 34
44 33
44 32
40 33
40 32
40 34
40 35
40 36
41 36
39 34
39 33
39 35
39 36
42 31
43 31
44 31
45 34
45 33
45 32
45 31
41 37
40 37
42 37
43 37
45 35
45 36
38 34
38 35
38 36
42 30
43 30
44 30
45 30
42 38
41 38
43 38
40 38
46 34
46 33
46 35
46 32
46 36
46 31
46 30
41 30
45 37
46 37
44 38
38 37
42 39
43 39
44 39
47 34
47 33
47 35
47 32
47 36
47 31
47 30
43 29
44 29
45 29
38 38
42 40
43 40
44 40
48 34
48 33
48 35
48 32
48 31
48 30
41 40
40 40
39 40
45 28
42 41
41 41
43 41
40 41
44 41
39 41
49 34
49 33
49 35
49 32
49 31
49 30
47 29
48 29
49 29
38 40
38 41
45 27
47 28
48 28
49 28
42 42
41 42
43 42
40 42
44 42
47 27
48 27
49 27
42 43
41 43
43 43
40 43
0
No
0
Yes
0 31
0 32
0 33
0 34
0 35
0 36
1 31
1 32
1 33
1 34
1 35
1 36
2 31
2 32
2 33
2 34
2 35
2 36
3 31
3 32
3 33
3 34
3 35
3 36
4 31
4 32
4 33
4 34
4 35
4 36
5 31
5 32
5 33
5 34
5 35
5 36
6 31
6 32
6 33
6 34
6 35
0
Yes
31 22
31 23
31 24
31 25
31 26
31 27
31 28
31 29
32 22
32 23
32 24
32 25
32 26
32 27
32 28
32 29
33 22
33 23
33 24
33 25
33 26
33 27
33 28
33 29
34 22
34 23
34 24
34 25
34 26
34 27
34 28
34 29
35 22
35 23
35 24
35 25
35 26
35 27
35 28
35 29
36 22
36 23
36 24
36 25
36 26
36 27
36 28
36 29
0
No
0
Yes
47 0
47 1
47 2
48 0
48 1
48 2
49 0
49 1
49 2
0
Yes
19 19
19 18
19 20
20 19
20 18
20 20
19 17
20 17
19 21
20 21
18 17
18 21
21 20
21 21
17 17
17 18
17 19
17 20
17 21
21 17
16 19
16 18
16 20
16 17
16 21
19 16
18 16
20 16
17 16
21 16
16 16
19 22
18 22
20 22
17 22
21 22
16 22
22 20
22 21
22 22
22 17
22 16
22 18
15 19
15 18
15 20
15 17
15 21
15 16
19 15
18 15
20 15
17 15
21 15
16 15
22 15
15 15
19 23
18 23
20 23
17 23
21 23
16 23
22 23
23 20
23 21
23 19
14 19
14 20
14 21
19 14
18 14
20 14
17 14
21 14
16 14
22 14
15 14
19 24
20 24
21 24
22 24
24 19
24 20
24 21
14 17
14 16
14 15
14 14
14 22
13 19
13 20
13 21
13 22
19 13
20 13
21 13
22 13
19 25
20 25
21 25
22 25
25 19
25 20
25 21
13 18
13 17
13 16
13 15
13 14
17 13
16 13
15 13
14 13
13 13
12 19
12 18
12 20
12 17
12 21
12 16
12 22
12 15
12 14
12 13
19 12
20 12
21 12
19 26
20 26
21 26
22 26
26 19
26 20
26 21
18 12
17 12
11 19
11 18
11 20
11 21
11 22
0
Yes
35 18
34 18
35 19
34 19
34 17
36 19
33 18
33 17
33 19
35 20
34 20
36 20
33 20
34 16
33 16
35 16
37 20
32 18
32 17
32 19
32 16
32 20
35 15
34 15
33 15
32 15
35 21
34 21
36 21
33 21
37 21
32 21
36 15
37 15
37 16
38 16
38 15
38 17
38 20
31 18
31 17
31 19
31 16
31 20
31 15
31 21
35 14
34 14
33 14
32 14
31 14
39 17
39 16
39 15
39 18
39 19
39 20
30 18
30 17
30 19
30 16
30 20
30 15
30 21
30 14
35 13
34 13
33 13
32 13
31 13
30 13
40 18
40 17
40 19
40 16
40 20
40 15
40 21
29 18
29 17
29 19
29 16
29 20
29 21
34 12
33 12
32 12
41 16
41 15
41 20
41 21
30 22
29 22
40 22
41 22
39 22
28 19
28 20
28 21
30 23
29 23
34 11
33 11
32 11
42 16
42 15
0
No
0
No
0
Yes
29 25
29 26
29 27
29 28
29 29
30 25
30 26
30 27
30 28
30 29
0
Yes
7 26
7 27
6 26
6 27
8 26
8 27
7 25
7 28
6 28
8 25
8 28
5 26
5 27
9 26
9 27
5 25
5 28
7 24
7 29
9 25
9 28
6 24
6 29
8 24
8 29
4 26
4 27
10 26
10 27
5 24
5 29
9 24
9 29
4 25
4 28
10 25
10 28
7 23
6 23
8 23
4 24
4 29
10 24
10 29
3 26
3 27
5 23
9 23
11 27
3 25
3 28
11 28
4 23
10 23
3 29
11 24
11 29
2 26
2 27
2 25
2 28
11 23
0
Yes
17 7
17 8
16 7
16 8
18 7
18 8
17 6
17 9
16 6
16 9
18 6
18 9
15 7
15 8
19 8
15 6
15 9
17 5
17 10
19 9
16 5
16 10
18 5
18 10
14 8
15 5
15 10
19 5
19 10
14 6
14 9
17 4
17 11
16 4
16 11
18 4
14 10
15 4
15 11
19 4
19 11
17 3
14 11
16 3
18 3
15 3
15 12
19 3
14 3
14 12
17 2
16 2
18 2
15 2
19 2
14 2
0
Yes
28 44
28 45
28 46
29 44
29 45
29 46
30 44
30 45
30 46
31 44
0
Yes
31 23
31 24
31 25
31 26
31 27
31 28
31 29
32 23
32 24
32 25
32 26
32 27
32 28
32 29
33 23
33 24
33 25
33 26
33 27
33 28
33 29
34 23
34 24
34 25
34 26
34 27
34 28
34 29
35 23
35 24
35 25
35 26
35 27
35 28
35 29
36 23
36 24
36 25
36 26
36 27
36 28
36 29
37 23
37 24
37 25
37 26
37 27
37 28
37 29
38 23
38 24
38 25
38 26
38 27
38 28
38 29
39 23
39 24
39 25
39 26
39 27
0
No
0
Yes
42 17
42 18
42 19
42 20
42 21
43 17
43 18
43 19
43 20
43 21
44 17
44 18
44 19
44 20
44 21
45 17
45 18
45 19
45 20
45 21
46 17
46 18
46 19
46 20
46 21
47 17
47 18
47 19
47 20
47 21
0
Yes
23 14
23 15
23 16
23 17
23 18
24 14
24 15
24 16
24 17
24 18
25 14
25 15
25 16
25 17
25 18
26 14
26 15
26 16
26 17
26 18
27 14
27 15
27 16
0
Yes
27 36
27 37
28 36
28 37
26 36
26 37
27 35
27 38
28 35
28 38
29 36
29 37
26 35
26 38
29 35
29 38
25 36
25 37
27 34
27 39
28 34
28 39
30 36
30 37
25 35
25 38
26 34
26 39
29 34
29 39
30 35
30 38
24 36
24 37
25 34
25 39
27 33
27 40
28 33
28 40
30 34
30 39
31 36
31 37
24 35
24 38
26 33
29 33
29 40
31 35
31 38
24 34
24 39
25 33
30 33
30 40
31 34
31 39
23 36
23 37
27 32
28 32
32 36
32 37
23 35
23 38
26 32
29 32
32 35
32 38
24 33
31 33
31 40
23 34
23 39
25 32
30 32
32 34
32 39
22 36
22 37
33 37
22 35
22 38
23 33
24 32
31 32
32 33
32 40
33 35
33 38
22 34
22 39
33 34
33 39
23 32
32 32
21 36
21 37
22 33
33 33
33 40
21 35
21 38
34 35
34 38
21 34
21 39
34 34
34 39
22 32
33 32
21 33
34 33
34 40
20 36
20 37
20 35
20 38
20 39
21 32
34 32
0
Yes
35 30
35 31
35 32
35 33
35 34
35 35
36 30
36 31
36 32
36 33
36 34
36 35
37 30
37 31
37 32
37 33
37 34
37 35
0
Yes
21 0
21 1
21 2
21 3
21 4
21 5
22 0
22 1
22 2
22 3
22 4
22 5
23 0
23 1
23 2
23 3
23 4
23 5
24 0
24 1
24 2
24 3
24 4
24 5
25 0
25 1
25 2
25 3
25 4
25 5
26 0
26 1
26 2
0
Yes
21 6
21 7
21 8
21 9
21 10
22 6
22 7
22 8
22 9
22 10
23 6
23 7
23 8
23 9
23 10
24 6
24 7
24 8
24 9
24 10
25 6
25 7
25 8
25 9
25 10
26 6
26 7
26 8
26 9
26 10
27 6
27 7
27 8
27 9
27 10
28 6
28 7
28 8
28 9
28 10
0
Yes
29 5
29 6
29 7
29 8
30 5
30 6
30 7
30 8
31 5
31 6
31 7
31 8
32 5
32 6
32 7
32 8
33 5
33 6
33 7
33 8
34 5
34 6
34 7
34 8
0
No
0
No
0
No
0
Yes
5 30
5 31
4 30
4 31
6 30
6 31
5 29
5 32
4 29
4 32
6 29
6 32
3 30
3 31
7 30
7 31
3 29
3 32
5 28
5 33
7 29
7 32
4 28
4 33
6 28
6 33
2 30
2 31
8 30
8 31
3 28
3 33
7 28
7 33
2 29
2 32
8 29
8 32
5 27
5 34
4 27
4 34
6 27
6 34
2 28
2 33
8 28
8 33
1 30
1 31
3 27
3 34
7 27
9 31
1 29
1 32
9 29
5 26
5 35
2 27
2 34
4 26
4 35
6 26
6 35
8 27
1 28
1 33
9 28
3 26
3 35
7 26
0 30
0 31
0 29
0 32
1 34
9 27
2 26
2 35
8 26
5 25
5 36
0 28
0 33
4 25
4 36
6 36
3 25
3 36
7 25
1 26
1 35
9 26
0 27
0 34
2 25
2 36
8 25
5 24
5 37
4 24
4 37
6 24
6 37
0 26
0 35
1 25
1 36
3 37
7 24
7 37
9 25
2 37
8 24
8 37
0 25
0 36
5 23
4 23
6 23
1 24
1 37
9 24
7 23
8 23
0 24
1 23
2 23
9 23
0 23
0
Yes
5 11
4 11
5 10
4 10
5 12
4 12
6 11
6 10
6 12
3 11
3 10
5 9
4 9
6 9
3 9
5 13
4 13
6 13
7 11
7 10
7 12
7 9
7 13
2 11
2 10
2 9
5 14
4 14
6 14
7 14
2 12
4 8
3 8
2 8
8 10
8 9
2 13
3 14
7 8
8 8
8 13
8 14
1 11
1 10
1 12
1 9
1 13
1 8
5 15
4 15
6 15
3 15
7 15
8 15
4 7
7 7
8 7
9 9
9 8
9 7
9 13
9 14
9 15
0 11
0 10
0 12
0 9
0 13
0 8
2 7
1 7
0 7
2 15
4 16
3 16
2 16
6 16
7 16
8 16
9 16
7 6
8 6
9 6
6 6
5 6
10 9
10 10
10 11
10 13
10 14
1 15
1 16
2 6
1 6
0 6
3 6
5 5
6 5
7 5
8 5
9 5
11 11
11 10
4 17
3 17
2 17
1 17
11 12
11 13
11 14
7 17
8 17
0 15
0 16
0 17
10 7
10 6
10 5
2 5
1 5
0 5
12 11
12 10
0
No
0
Yes
12 42
11 42
12 41
11 41
12 43
13 42
12 40
11 40
14 42
10 41
10 40
14 41
14 43
14 40
14 44
12 39
11 39
10 39
15 42
15 41
15 43
15 40
15 44
9 41
9 40
9 39
9 42
14 45
15 45
13 45
8 42
8 41
8 40
8 39
12 38
11 38
10 38
8 43
13 46
14 46
15 39
16 40
16 39
7 42
7 41
7 43
7 40
7 39
12 37
11 37
10 37
15 38
16 38
14 38
13 47
12 47
11 47
11 46
11 45
10 45
10 44
9 44
9 45
8 45
9 46
8 46
7 45
7 46
9 47
8 47
7 47
15 37
16 37
17 39
17 38
17 37
6 42
6 43
12 48
13 48
6 44
6 45
6 46
6 47
14 48
7 38
6 39
6 38
9 48
8 48
7 48
6 48
15 36
16 36
17 36
14 36
18 39
18 38
18 37
18 36
12 49
13 49
14 49
5 43
5 44
5 45
5 46
5 47
5 48
14 35
15 35
16 35
17 35
18 35
5 39
5 38
5 40
9 49
8 49
7 49
6 49
5 49
10 49
19 39
19 38
19 37
19 36
19 35
4 43
4 44
4 45
4 40
4 39
4 38
14 34
0
Yes
23 12
23 13
23 14
23 15
23 16
23 17
23 18
24 12
24 13
24 14
24 15
24 16
24 17
24 18
25 12
25 13
25 14
25 15
25 16
25 17
25 18
26 12
26 13
26 14
26 15
26 16
26 17
26 18
27 12
27 13
27 14
27 15
27 16
27 17
27 18
28 12
28 13
28 14
28 15
28 16
28 17
28 18
29 12
0
Yes
10 23
10 24
11 23
11 24
0
Yes
13 0
13 1
14 0
14 1
15 0
15 1
16 0
16 1
0
No
0
Yes
31 22
31 23
31 24
31 25
31 26
32 22
32 23
32 24
32 25
32 26
33 22
33 23
33 24
33 25
33 26
34 22
34 23
34 24
34 25
34 26
35 22
35 23
35 24
35 25
35 26
36 22
36 23
0
Yes
32 23
32 24
32 25
32 26
32 27
32 28
32 29
33 23
33 24
33 25
33 26
33 27
33 28
33 29
34 23
34 24
34 25
34 26
34 27
34 28
34 29
35 23
35 24
35 25
35 26
35 27
35 28
35 29
36 23
36 24
36 25
36 26
36 27
36 28
36 29
37 23
37 24
37 25
37 26
37 27
37 28
37 29
38 23
38 24
38 25
38 26
38 27
38 28
38 29
39 23
39 24
39 25
39 26
39 27
39 28
39 29
40 23
40 24
40 25
40 26
40 27
40 28
40 29
41 23
41 24
41 25
41 26
41 27
41 28
41 29
42 23
42 24
42 25
42 26
42 27
42 28
42 29
0
No
0
No
0
Yes
0 15
0 16
0 17
0 18
1 15
1 16
1 17
1 18
2 15
2 16
2 17
2 18
3 15
3 16
0
Yes
17 18
16 18
17 17
16 17
17 19
16 19
18 17
15 18
15 17
15 19
17 16
16 16
18 16
15 16
17 20
16 20
15 20
19 17
19 16
19 18
19 19
19 20
17 15
16 15
18 15
15 15
19 15
17 21
16 21
15 21
20 18
20 17
20 19
20 16
20 20
20 15
14 17
14 16
14 15
14 19
14 20
14 21
18 21
19 21
20 21
17 14
16 14
18 14
15 14
19 14
14 14
20 14
17 22
16 22
18 22
19 22
20 22
13 17
13 16
13 15
13 14
13 18
13 19
13 20
13 21
21 17
21 16
21 15
21 14
21 20
21 21
21 22
12 18
12 17
12 19
12 16
12 20
12 15
12 21
12 14
14 22
13 22
12 22
17 13
16 13
15 13
14 13
13 13
12 13
17 23
16 23
18 23
19 23
20 23
21 23
22 17
22 16
22 15
22 14
22 18
19 13
20 13
21 13
22 13
22 20
22 21
22 22
22 23
11 18
11 19
11 20
11 21
11 22
17 12
18 12
19 12
20 12
21 12
11 16
19 24
20 24
21 24
0
Yes
29 25
29 26
29 27
29 28
29 29
29 30
29 31
30 25
30 26
30 27
30 28
30 29
30 30
30 31
31 25
31 26
31 27
31 28
31 29
31 30
31 31
0
Yes
31 18
30 18
31 17
30 17
31 19
30 19
32 18
32 17
32 19
29 18
29 17
29 19
31 16
30 16
32 16
29 16
31 20
30 20
32 20
29 20
33 18
33 17
33 19
33 16
33 20
31 15
30 15
32 15
29 15
33 15
31 21
30 21
32 21
29 21
33 21
34 18
34 17
34 19
34 16
34 20
34 15
34 21
28 19
28 20
28 21
31 14
30 14
32 14
29 14
33 14
34 14
31 22
30 22
32 22
29 22
33 22
34 22
35 18
35 19
35 20
35 21
35 22
27 19
27 20
27 21
35 16
35 15
35 14
31 13
30 13
32 13
29 13
33 13
34 13
35 13
31 23
30 23
29 23
26 19
26 20
26 21
36 19
36 20
36 21
36 22
36 15
31 24
30 24
25 19
25 20
25 21
0
Yes
46 4
46 5
47 4
47 5
45 4
45 5
46 3
46 6
47 3
47 6
48 4
48 5
45 3
45 6
48 3
48 6
44 4
44 5
46 2
46 7
47 2
47 7
49 4
49 5
44 3
45 2
45 7
48 2
48 7
49 3
49 6
43 4
43 5
44 2
47 1
47 8
49 2
49 7
43 3
48 1
48 8
43 2
49 1
49 8
47 0
46 0
45 0
48 0
44 0
49 0
0
Yes
32 45
31 45
31 44
33 45
33 44
32 46
31 43
32 43
31 46
33 43
33 46
30 44
30 45
34 44
34 45
30 43
30 46
32 42
32 47
34 43
31 42
33 42
33 47
29 44
29 45
35 44
35 45
30 42
34 42
29 43
29 46
35 43
32 41
31 41
33 41
35 42
28 44
28 45
30 41
34 41
28 43
28 46
35 41
0
Yes
5 29
5 30
4 29
4 30
6 29
6 30
5 28
5 31
4 28
4 31
6 28
6 31
3 29
3 30
7 29
7 30
3 28
3 31
5 27
5 32
7 28
7 31
4 27
4 32
6 27
6 32
2 29
2 30
8 29
8 30
3 27
3 32
7 27
7 32
2 28
2 31
8 28
8 31
5 26
5 33
4 26
4 33
6 26
6 33
2 27
2 32
8 27
8 32
1 29
1 30
3 26
3 33
7 26
7 33
9 29
1 28
1 31
9 28
9 31
5 25
5 34
2 26
2 33
4 25
4 34
6 34
8 26
8 33
1 32
9 27
3 25
3 34
7 25
0 29
0 30
0 28
0 31
1 26
1 33
9 26
2 25
2 34
8 25
5 24
5 35
0 27
0 32
4 24
4 35
6 24
6 35
3 35
7 24
1 25
1 34
9 25
0 26
0 33
2 35
8 24
5 23
5 36
4 23
4 36
6 23
6 36
0 25
0 34
1 24
1 35
3 36
7 23
9 24
2 36
8 23
0 24
0 35
5 22
5 37
4 22
4 37
6 37
1 23
2 23
1 36
9 23
3 37
7 37
2 22
2 37
8 37
0 23
0 36
1 22
1 37
5 21
9 22
4 21
6 21
3 21
7 21
0 22
2 21
1 21
0 21
0
Yes
6 9
5 9
6 10
5 10
7 9
7 10
7 8
4 9
4 10
6 11
5 11
7 11
4 11
8 9
8 8
8 10
4 8
7 7
8 7
4 7
3 9
3 8
3 10
3 11
6 12
5 12
7 12
4 12
9 9
9 8
9 7
7 6
8 6
9 6
6 6
5 6
2 9
2 8
2 10
2 11
6 5
5 5
7 5
8 5
9 5
6 13
5 13
7 13
4 13
10 9
10 10
2 7
8 13
10 7
10 6
10 5
10 11
1 9
1 8
1 10
1 7
1 11
2 6
1 6
3 6
2 12
1 12
6 4
7 4
6 14
5 14
7 14
4 14
8 14
9 13
9 14
11 10
11 11
11 7
11 6
11 5
11 8
2 5
1 5
2 13
1 13
10 13
10 14
3 14
9 4
10 4
11 12
11 13
11 14
0 9
0 8
0 10
0 7
0 11
0 6
0 12
0 5
0 13
6 3
7 3
6 15
5 15
7 15
4 15
8 15
9 15
5 3
12 8
12 7
12 6
12 5
12 10
12 11
12 12
4 3
4 4
3 4
3 3
6 2
5 2
7 2
4 2
3 2
6 16
7 16
8 16
9 16
1 4
0 4
13 8
13 7
13 9
13 10
13 11
13 12
10 3
4 16
1 3
0 3
12 4
6 1
5 1
7 1
4 1
0
Yes
17 31
17 32
17 33
17 34
18 31
18 32
18 33
18 34
19 31
19 32
19 33
19 34
20 31
20 32
0
No
0
No
0
Yes
28 36
28 37
29 36
29 37
27 36
27 37
28 35
28 38
29 35
29 38
30 36
30 37
27 35
27 38
30 35
30 38
26 36
26 37
28 34
28 39
29 34
29 39
31 36
31 37
26 35
26 38
27 34
27 39
30 34
30 39
31 35
31 38
25 36
25 37
26 34
26 39
28 33
28 40
29 33
29 40
31 34
31 39
32 36
32 37
25 35
25 38
27 33
27 40
30 33
30 40
32 35
32 38
25 34
25 39
26 33
31 33
31 40
32 34
32 39
24 36
24 37
28 32
29 32
33 37
24 35
24 38
27 32
30 32
33 35
33 38
25 33
32 33
32 40
24 34
24 39
26 32
31 32
33 34
33 39
23 36
23 37
23 35
23 38
24 33
25 32
32 32
33 33
33 40
34 35
34 38
23 34
23 39
34 34
34 39
24 32
33 32
22 36
22 37
23 33
34 33
34 40
22 35
22 38
35 35
35 36
35 38
22 34
22 39
35 34
35 39
23 32
34 32
22 33
35 33
35 40
21 36
21 37
21 35
21 38
21 34
21 39
22 32
35 32
21 33
0
Yes
21 0
21 1
21 2
21 3
21 4
21 5
22 0
22 1
22 2
22 3
22 4
22 5
23 0
23 1
23 2
23 3
23 4
23 5
24 0
24 1
24 2
24 3
24 4
24 5
25 0
25 1
25 2
25 3
25 4
25 5
26 0
26 1
26 2
26 3
26 4
26 5
27 0
27 1
0
No
0
No
0
Yes
23 11
23 12
23 13
23 14
23 15
23 16
24 11
24 12
24 13
24 14
24 15
24 16
25 11
25 12
25 13
25 14
25 15
25 16
26 11
26 12
26 13
26 14
26 15
26 16
27 11
27 12
27 13
27 14
27 15
27 16
28 11
28 12
28 13
0
Yes
45 41
44 41
45 40
45 42
46 41
44 40
44 42
46 40
46 42
43 41
45 39
45 43
47 41
43 40
43 42
44 39
44 43
46 39
46 43
47 40
47 42
43 39
43 43
47 39
47 43
42 41
45 38
45 44
48 41
42 40
42 42
44 38
44 44
46 38
46 44
48 40
48 42
42 39
42 43
43 38
47 38
47 44
48 39
48 43
41 41
45 37
49 41
41 40
41 42
46 37
49 40
49 42
42 38
42 44
48 38
48 44
41 43
43 37
49 39
49 43
40 41
41 38
42 37
49 38
49 44
40 40
40 42
40 43
41 37
40 38
0
Yes
38 1
37 1
38 0
37 0
38 2
37 2
39 1
39 0
39 2
36 1
36 0
36 2
38 3
37 3
39 3
36 3
40 1
40 0
40 2
40 3
35 1
35 0
35 2
38 4
37 4
36 4
41 1
41 0
41 2
40 4
34 1
34 0
34 2
42 1
42 0
42 2
42 3
33 1
33 0
33 2
42 4
43 0
43 2
43 3
43 4
33 3
42 5
43 5
33 4
34 4
32 1
32 0
32 2
32 3
32 4
44 0
44 2
44 3
44 4
44 5
31 1
31 0
31 2
31 3
31 4
45 0
45 2
45 3
45 4
45 5
30 1
30 0
30 2
30 3
30 4
46 0
46 2
46 3
46 4
46 5
45 6
46 6
29 1
29 0
47 0
47 1
47 2
47 3
47 4
47 5
47 6
29 3
29 4
45 7
46 7
47 7
28 1
28 0
48 1
48 0
48 2
48 3
48 4
48 5
48 6
48 7
28 2
28 3
28 4
49 1
49 0
49 2
49 3
49 4
49 5
49 6
49 7
27 2
27 3
27 4
0
Yes
42 33
41 33
42 32
41 32
42 34
43 33
43 32
43 34
40 33
40 32
42 31
43 31
44 33
44 32
44 34
44 31
40 34
43 35
40 35
39 33
39 34
39 35
42 30
43 30
44 30
45 33
45 32
45 34
45 31
45 30
41 30
40 36
39 36
41 36
45 35
46 33
46 32
46 34
46 31
46 35
46 30
38 34
38 35
38 36
43 29
44 29
45 29
45 36
46 36
40 37
47 33
47 32
47 34
47 31
47 35
47 30
47 36
37 34
37 35
37 36
37 33
37 32
37 31
38 37
37 37
37 30
38 30
39 30
39 31
45 28
36 33
36 32
36 34
36 31
36 35
36 30
36 36
36 37
48 33
48 32
48 34
48 31
48 35
48 30
38 38
37 38
36 38
47 29
48 29
45 27
49 33
49 32
49 34
49 31
49 35
49 30
49 29
47 28
48 28
49 28
35 31
35 30
37 39
36 39
0
Yes
46 20
45 20
46 19
46 21
47 20
45 19
45 21
47 19
47 21
44 20
46 18
46 22
48 20
44 19
44 21
45 18
47 18
47 22
48 19
48 21
44 18
48 18
48 22
43 20
46 17
49 20
43 19
43 21
45 17
47 17
49 19
49 21
43 18
43 22
44 17
48 17
49 18
49 22
42 20
42 19
42 21
43 17
42 18
42 22
0
Yes
40 36
39 36
40 35
39 35
40 37
41 36
38 36
38 35
40 34
39 34
38 34
38 37
38 38
37 36
37 35
37 37
37 34
37 38
40 33
39 33
41 33
42 33
42 34
43 34
43 33
43 35
36 36
36 35
36 37
36 34
36 38
40 32
41 32
42 32
43 32
37 33
36 33
37 39
36 39
44 34
44 33
44 32
37 32
36 32
37 40
36 40
38 40
39 40
39 41
38 41
37 41
36 41
42 31
43 31
44 31
45 34
45 33
45 32
45 31
45 35
45 36
37 31
36 31
46 36
46 35
46 34
46 33
46 32
46 31
42 30
43 30
44 30
45 30
46 30
41 30
37 30
36 30
38 30
39 30
39 31
37 42
36 42
47 36
47 35
47 34
47 33
47 32
47 31
47 30
35 31
35 30
35 41
35 42
37 43
36 43
35 43
38 43
39 43
43 29
44 29
45 29
34 31
34 30
34 41
34 42
34 43
48 35
48 34
48 33
48 32
48 31
48 30
38 44
37 44
36 44
35 44
34 44
33 41
33 42
33 43
33 44
49 35
49 34
49 33
49 32
49 31
49 30
38 45
37 45
0
No
0
No
0
No
0
No
0
Yes
30 41
30 42
30 43
31 41
31 42
31 43
32 41
32 42
32 43
0
No
0
No
0
Yes
20 42
20 43
20 44
20 45
20 46
20 47
20 48
20 49
21 42
21 43
21 44
21 45
21 46
21 47
21 48
21 49
22 42
22 43
22 44
22 45
22 46
22 47
22 48
22 49
23 42
23 43
23 44
23 45
23 46
23 47
23 48
23 49
24 42
24 43
24 44
24 45
24 46
24 47
24 48
24 49
25 42
25 43
25 44
25 45
25 46
25 47
25 48
25 49
26 42
26 43
26 44
26 45
26 46
26 47
26 48
26 49
27 42
27 43
27 44
27 45
27 46
27 47
27 48
27 49
28 42
28 43
28 44
28 45
0
No
0
Yes
17 42
17 43
17 44
17 45
17 46
17 47
17 48
17 49
18 42
18 43
18 44
18 45
18 46
18 47
18 48
18 49
19 42
19 43
19 44
19 45
19 46
19 47
19 48
19 49
20 42
20 43
20 44
20 45
20 46
20 47
20 48
20 49
21 42
21 43
21 44
21 45
21 46
21 47
21 48
21 49
22 42
22 43
22 44
22 45
22 46
22 47
22 48
22 49
23 42
23 43
23 44
23 45
23 46
23 47
23 48
23 49
24 42
24 43
24 44
24 45
24 46
24 47
24 48
24 49
25 42
25 43
25 44
25 45
25 46
25 47
25 48
25 49
26 42
26 43
26 44
26 45
26 46
26 47
26 48
26 49
27 42
27 43
27 44
27 45
27 46
27 47
0
No
0
No
0
Yes
40 11
39 11
40 10
40 12
41 11
39 10
39 12
41 10
41 12
38 11
40 9
40 13
42 11
38 10
38 12
39 9
39 13
41 9
41 13
42 10
42 12
38 9
38 13
42 9
42 13
37 11
40 8
40 14
43 11
37 10
37 12
39 8
39 14
41 8
41 14
43 10
43 12
37 9
38 8
38 14
42 8
42 14
43 9
43 13
36 11
40 7
40 15
44 11
36 10
36 12
39 7
39 15
41 7
41 15
44 10
44 12
37 8
43 8
43 14
36 9
36 13
38 7
38 15
42 7
42 15
44 9
44 13
35 11
36 8
36 14
37 7
37 15
40 6
40 16
43 7
44 8
35 10
35 12
39 6
39 16
41 6
41 16
35 9
38 6
38 16
42 6
42 16
36 7
44 7
35 8
37 6
37 16
43 6
43 16
40 5
38 5
35 7
36 6
44 6
44 16
37 5
35 6
36 5
35 5
0
Yes
32 23
32 24
32 25
32 26
32 27
32 28
32 29
33 23
33 24
33 25
33 26
33 27
33 28
33 29
34 23
34 24
34 25
34 26
34 27
34 28
34 29
35 23
35 24
35 25
35 26
35 27
35 28
35 29
36 23
36 24
36 25
36 26
36 27
36 28
36 29
37 23
37 24
37 25
37 26
37 27
37 28
37 29
38 23
38 24
38 25
38 26
38 27
38 28
38 29
39 23
39 24
39 25
39 26
39 27
39 28
39 29
40 23
40 24
40 25
40 26
40 27
40 28
40 29
41 23
41 24
41 25
41 26
41 27
41 28
41 29
0
Yes
23 13
23 14
23 15
23 16
23 17
23 18
23 19
23 20
23 21
24 13
24 14
24 15
24 16
24 17
24 18
24 19
24 20
24 21
25 13
25 14
25 15
25 16
25 17
25 18
25 19
25 20
25 21
26 13
26 14
26 15
26 16
26 17
26 18
26 19
26 20
26 21
27 13
27 14
27 15
27 16
27 17
27 18
27 19
27 20
27 21
28 13
28 14
28 15
28 16
28 17
28 18
28 19
28 20
28 21
29 13
29 14
29 15
29 16
29 17
29 18
29 19
29 20
29 21
30 13
30 14
30 15
30 16
30 17
30 18
30 19
30 20
30 21
31 13
31 14
31 15
31 16
31 17
31 18
31 19
0
Yes
14 35
14 36
15 35
15 36
13 35
13 36
14 34
15 34
15 37
16 35
16 36
13 34
16 34
16 37
12 35
12 36
14 33
15 38
14 38
17 35
17 36
12 34
12 37
13 33
16 33
16 38
17 34
17 37
11 35
11 36
12 33
12 38
14 32
15 39
17 33
17 38
18 35
18 36
11 34
11 37
13 32
16 32
16 39
18 34
18 37
11 33
11 38
12 32
12 39
17 32
17 39
18 33
18 38
10 35
10 36
14 31
19 35
19 36
10 34
10 37
13 31
16 31
19 34
19 37
11 32
11 39
18 32
18 39
10 33
10 38
12 31
17 31
19 33
19 38
9 35
9 36
9 34
10 32
10 39
11 31
18 31
19 32
19 39
9 33
10 31
19 31
9 32
9 39
0
Yes
23 13
23 14
23 15
23 16
23 17
23 18
23 19
23 20
23 21
24 13
24 14
24 15
24 16
24 17
24 18
24 19
24 20
24 21
25 13
25 14
25 15
25 16
25 17
25 18
25 19
25 20
25 21
26 13
26 14
26 15
26 16
26 17
26 18
26 19
26 20
26 21
27 13
27 14
27 15
27 16
27 17
27 18
27 19
27 20
27 21
28 13
28 14
28 15
28 16
28 17
28 18
28 19
28 20
28 21
29 13
29 14
29 15
29 16
29 17
29 18
29 19
29 20
29 21
30 13
30 14
30 15
30 16
30 17
30 18
30 19
30 20
30 21
31 13
31 14
31 15
31 16
31 17
31 18
31 19
31 20
31 21
32 13
32 14
32 15
32 16
32 17
32 18
32 19
32 20
32 21
33 13
0
No
0
Yes
23 13
23 14
23 15
23 16
23 17
23 18
23 19
23 20
23 21
24 13
24 14
24 15
24 16
24 17
24 18
24 19
24 20
24 21
25 13
25 14
25 15
25 16
25 17
25 18
25 19
25 20
25 21
26 13
26 14
26 15
26 16
26 17
26 18
26 19
26 20
26 21
27 13
27 14
27 15
27 16
27 17
27 18
27 19
27 20
27 21
28 13
28 14
28 15
28 16
28 17
28 18
28 19
28 20
28 21
29 13
29 14
29 15
29 16
29 17
29 18
29 19
29 20
29 21
30 13
30 14
30 15
30 16
30 17
30 18
30 19
30 20
30 21
31 13
31 14
31 15
31 16
31 17
31 18
31 19
31 20
31 21
32 13
32 14
32 15
32 16
32 17
32 18
32 19
32 20
32 21
33 13
33 14
0
No
0
Yes
40 10
39 10
40 9
40 11
41 10
39 9
39 11
41 9
41 11
38 10
40 8
40 12
42 10
38 9
38 11
39 8
39 12
41 8
41 12
42 9
42 11
38 8
38 12
42 8
42 12
37 10
40 7
40 13
43 10
37 9
37 11
39 7
39 13
41 7
41 13
43 9
43 11
37 8
37 12
38 7
38 13
42 7
42 13
43 8
43 12
36 10
40 6
44 10
36 9
36 11
39 6
41 6
44 9
44 11
37 7
43 7
43 13
36 8
36 12
38 6
42 6
44 8
44 12
35 10
36 7
36 13
37 6
43 6
44 7
44 13
35 9
35 11
35 8
35 12
36 6
44 6
35 7
35 13
35 6
0
Yes
20 42
20 43
20 44
20 45
20 46
20 47
20 48
20 49
21 42
21 43
21 44
21 45
21 46
21 47
21 48
21 49
22 42
22 43
22 44
22 45
22 46
22 47
22 48
22 49
23 42
23 43
23 44
23 45
23 46
23 47
23 48
23 49
24 42
24 43
24 44
24 45
24 46
24 47
24 48
24 49
25 42
25 43
25 44
25 45
25 46
25 47
25 48
25 49
26 42
26 43
26 44
26 45
26 46
26 47
26 48
26 49
27 42
27 43
27 44
27 45
27 46
27 47
27 48
27 49
28 42
28 43
28 44
28 45
28 46
0
Yes
37 24
37 25
38 24
38 25
36 24
36 25
37 23
37 26
38 23
38 26
39 24
39 25
36 23
36 26
39 23
39 26
35 24
35 25
37 27
38 27
40 24
40 25
35 23
35 26
36 22
36 27
39 22
39 27
40 23
40 26
34 24
34 25
35 22
35 27
37 28
38 28
40 22
40 27
41 24
41 25
34 23
34 26
36 21
37 21
36 28
39 28
41 23
41 26
34 22
34 27
35 21
35 28
40 21
40 28
41 22
41 27
33 24
33 25
37 20
37 29
38 20
38 29
42 24
42 25
33 23
33 26
36 20
36 29
39 20
39 29
42 23
42 26
34 21
34 28
41 21
41 28
33 22
33 27
35 20
35 29
40 20
40 29
42 27
32 24
32 25
32 23
32 26
33 21
33 28
34 20
34 29
36 19
39 19
41 20
41 29
42 28
32 22
32 27
35 19
40 19
33 20
33 29
42 29
32 28
34 19
32 29
33 19
0
Yes
10 27
10 28
10 29
10 30
11 27
11 28
11 29
11 30
0
Yes
30 23
30 24
30 25
30 26
30 27
30 28
30 29
31 23
31 24
31 25
31 26
31 27
31 28
31 29
32 23
32 24
32 25
32 26
32 27
32 28
32 29
33 23
33 24
33 25
33 26
33 27
33 28
33 29
34 23
34 24
34 25
34 26
34 27
34 28
34 29
35 23
35 24
35 25
35 26
35 27
35 28
35 29
36 23
36 24
36 25
36 26
36 27
36 28
36 29
37 23
37 24
37 25
37 26
37 27
37 28
37 29
38 23
38 24
38 25
38 26
38 27
0
Yes
17 27
17 28
16 27
16 28
18 27
18 28
17 26
17 29
16 26
16 29
18 26
18 29
15 27
15 28
19 27
19 28
15 26
15 29
17 25
17 30
19 26
19 29
16 25
16 30
18 25
18 30
14 27
14 28
20 27
15 25
15 30
19 25
19 30
14 26
14 29
20 26
20 29
17 24
16 24
18 24
14 25
14 30
20 25
20 30
13 27
13 28
15 24
19 24
21 27
13 26
13 29
21 26
14 24
20 24
13 25
13 30
21 25
12 27
12 28
12 26
12 29
13 24
21 24
12 25
12 30
0
No
0
Yes
44 41
45 41
44 40
44 42
45 40
45 42
43 41
46 41
43 40
43 42
46 40
46 42
44 39
44 43
45 39
45 43
42 41
43 39
43 43
46 39
46 43
47 41
42 40
42 42
47 40
47 42
44 38
44 44
45 38
45 44
42 39
42 43
47 39
47 43
43 38
46 38
46 44
41 41
48 41
41 40
41 42
48 40
48 42
42 38
42 44
47 38
47 44
41 43
45 37
48 39
48 43
43 37
46 37
40 41
49 41
40 40
40 42
41 38
48 38
48 44
49 40
49 42
42 37
40 43
49 39
49 43
41 37
40 38
49 38
49 44
39 41
39 40
39 43
40 37
0
No
0
Yes
0 29
0 30
0 31
0 32
0 33
0 34
0 35
0 36
1 29
1 30
1 31
1 32
1 33
1 34
1 35
1 36
2 29
2 30
2 31
2 32
2 33
2 34
2 35
2 36
3 29
3 30
3 31
3 32
3 33
3 34
3 35
3 36
4 29
4 30
4 31
4 32
4 33
4 34
4 35
4 36
5 29
5 30
5 31
5 32
5 33
5 34
5 35
5 36
6 29
6 30
6 31
6 32
6 33
6 34
6 35
6 36
7 29
7 30
0
No
0
Yes
0 30
0 31
0 32
0 33
0 34
0 35
0 36
1 30
1 31
1 32
1 33
1 34
1 35
1 36
2 30
2 31
2 32
2 33
2 34
2 35
2 36
3 30
3 31
3 32
3 33
3 34
3 35
3 36
4 30
4 31
4 32
4 33
4 34
4 35
4 36
5 30
5 31
5 32
5 33
5 34
5 35
5 36
6 30
6 31
6 32
6 33
6 34
6 35
6 36
0
Yes
29 26
29 27
29 28
29 29
29 30
29 31
30 26
30 27
30 28
30 29
30 30
30 31
31 26
31 27
31 28
31 29
31 30
31 31
0
Yes
23 11
23 12
24 11
24 12
25 11
25 12
26 11
26 12
0
No
0
Yes
21 42
21 43
21 44
21 45
21 46
21 47
21 48
21 49
22 42
22 43
22 44
22 45
22 46
22 47
22 48
22 49
23 42
23 43
23 44
23 45
23 46
23 47
23 48
23 49
24 42
24 43
24 44
24 45
24 46
24 47
24 48
24 49
25 42
25 43
25 44
25 45
25 46
25 47
25 48
25 49
26 42
26 43
26 44
26 45
26 46
26 47
26 48
26 49
27 42
27 43
27 44
27 45
27 46
27 47
27 48
27 49
28 42
0
No
0
Yes
20 42
20 43
20 44
20 45
20 46
20 47
20 48
20 49
21 42
21 43
21 44
21 45
21 46
21 47
21 48
21 49
22 42
22 43
22 44
22 45
22 46
22 47
22 48
22 49
23 42
23 43
23 44
23 45
23 46
23 47
23 48
23 49
24 42
24 43
24 44
24 45
24 46
24 47
24 48
24 49
25 42
25 43
25 44
25 45
25 46
25 47
25 48
25 49
26 42
26 43
26 44
26 45
26 46
26 47
26 48
26 49
27 42
27 43
27 44
27 45
27 46
27 47
0
Yes
5 45
5 46
5 47
5 48
5 49
6 45
6 46
6 47
6 48
6 49
7 45
7 46
7 47
7 48
7 49
8 45
8 46
8 47
8 48
8 49
9 45
9 46
9 47
9 48
9 49
10 45
0
Yes
36 26
36 27
37 26
37 27
35 26
35 27
36 25
36 28
37 25
37 28
38 26
38 27
35 25
35 28
38 25
38 28
34 26
34 27
36 24
36 29
37 24
37 29
39 26
39 27
34 25
34 28
35 24
35 29
38 24
38 29
39 25
39 28
33 26
33 27
34 24
34 29
36 23
36 30
37 23
37 30
39 24
39 29
40 26
40 27
33 25
33 28
35 23
35 30
38 23
38 30
40 25
40 28
33 24
33 29
34 23
34 30
39 23
39 30
40 24
40 29
32 26
32 27
36 22
41 26
41 27
32 25
32 28
35 22
41 25
41 28
33 23
40 23
32 24
32 29
34 22
39 22
41 24
41 29
42 26
42 27
31 25
32 23
33 22
40 22
41 23
41 30
42 25
42 28
31 24
42 24
42 29
32 22
41 22
31 23
42 23
42 30
30 25
30 24
31 22
42 22
30 23
30 22
0
No
0
Yes
16 22
16 23
16 24
16 25
16 26
16 27
17 22
17 23
17 24
17 25
17 26
17 27
18 22
18 23
18 24
18 25
18 26
18 27
19 22
19 23
19 24
19 25
19 26
19 27
20 22
20 23
20 24
20 25
20 26
20 27
21 22
21 23
21 24
21 25
21 26
21 27
22 22
22 23
22 24
22 25
22 26
0
Yes
21 0
21 1
21 2
21 3
21 4
21 5
22 0
22 1
22 2
22 3
22 4
22 5
23 0
23 1
23 2
23 3
23 4
23 5
24 0
24 1
24 2
24 3
24 4
24 5
25 0
25 1
25 2
25 3
25 4
25 5
26 0
26 1
26 2
26 3
26 4
0
No
0
Yes
18 34
18 35
17 34
17 35
19 34
19 35
18 33
18 36
17 33
17 36
19 33
19 36
16 34
16 35
20 35
16 33
16 36
18 32
18 37
20 36
17 32
17 37
19 32
19 37
15 34
15 35
16 32
16 37
20 32
20 37
15 36
18 31
18 38
17 31
17 38
19 31
19 38
15 37
16 31
16 38
20 31
20 38
18 30
18 39
15 38
17 30
17 39
19 30
19 39
16 30
16 39
20 30
20 39
15 30
15 39
18 29
18 40
17 29
17 40
19 29
19 40
16 29
16 40
20 29
20 40
15 29
15 40
18 28
17 28
0
Yes
22 25
22 26
22 27
22 28
22 29
22 30
22 31
23 25
23 26
23 27
23 28
23 29
23 30
23 31
24 25
24 26
24 27
24 28
24 29
24 30
24 31
25 25
25 26
25 27
25 28
25 29
25 30
25 31
26 25
26 26
26 27
26 28
26 29
26 30
26 31
27 25
27 26
27 27
27 28
27 29
27 30
27 31
28 25
28 26
28 27
28 28
28 29
28 30
28 31
29 25
29 26
29 27
29 28
29 29
29 30
29 31
0
Yes
21 43
21 44
21 45
21 46
21 47
21 48
21 49
22 43
22 44
22 45
22 46
22 47
22 48
22 49
23 43
23 44
23 45
23 46
23 47
23 48
23 49
24 43
24 44
24 45
24 46
24 47
24 48
24 49
25 43
25 44
25 45
25 46
25 47
25 48
25 49
26 43
26 44
26 45
26 46
26 47
26 48
26 49
27 43
27 44
27 45
27 46
27 47
27 48
27 49
0
Yes
12 24
12 25
12 26
12 27
12 28
12 29
13 24
13 25
13 26
13 27
13 28
13 29
14 24
14 25
14 26
14 27
14 28
14 29
15 24
15 25
15 26
15 27
15 28
15 29
16 24
16 25
16 26
16 27
16 28
16 29
17 24
0
Yes
16 45
16 46
16 47
16 48
16 49
17 45
17 46
17 47
17 48
17 49
18 45
18 46
18 47
18 48
18 49
19 45
19 46
19 47
19 48
19 49
20 45
20 46
20 47
20 48
20 49
