0
Yes
35 43
35 44
35 45
35 46
35 47
35 48
35 49
36 43
36 44
36 45
36 46
36 47
36 48
36 49
37 43
37 44
37 45
37 46
37 47
37 48
37 49
38 43
38 44
38 45
38 46
38 47
38 48
38 49
39 43
39 44
39 45
39 46
39 47
39 48
39 49
40 43
40 44
40 45
40 46
40 47
40 48
40 49
41 43
41 44
41 45
41 46
41 47
41 48
41 49
42 43
42 44
42 45
42 46
42 47
42 48
0
Yes
26 16
26 17
26 18
26 19
26 20
26 21
26 22
27 16
27 17
27 18
27 19
27 20
27 21
27 22
28 16
28 17
28 18
28 19
28 20
28 21
28 22
29 16
29 17
29 18
29 19
29 20
29 21
29 22
30 16
30 17
30 18
30 19
30 20
30 21
30 22
31 16
31 17
31 18
31 19
31 20
31 21
31 22
32 16
0
Yes
8 0
8 1
8 2
8 3
8 4
8 5
8 6
8 7
8 8
8 9
8 10
9 0
9 1
9 2
9 3
9 4
9 5
9 6
9 7
9 8
9 9
9 10
10 0
10 1
10 2
10 3
10 4
10 5
10 6
10 7
10 8
10 9
10 10
11 0
11 1
11 2
11 3
11 4
11 5
11 6
11 7
11 8
11 9
11 10
12 0
12 1
12 2
12 3
12 4
12 5
12 6
12 7
12 8
12 9
12 10
13 0
13 1
13 2
13 3
13 4
13 5
13 6
13 7
13 8
13 9
13 10
14 0
14 1
14 2
14 3
14 4
14 5
14 6
14 7
14 8
14 9
14 10
15 0
15 1
15 2
15 3
15 4
15 5
15 6
15 7
15 8
15 9
15 10
16 0
16 1
16 2
16 3
16 4
16 5
16 6
16 7
16 8
16 9
16 10
17 0
17 1
17 2
17 3
17 4
17 5
17 6
17 7
17 8
17 9
17 10
18 0
18 1
18 2
18 3
18 4
0
Yes
19 0
19 1
19 2
19 3
19 4
19 5
20 0
20 1
20 2
20 3
20 4
20 5
21 0
21 1
21 2
21 3
21 4
21 5
22 0
22 1
22 2
22 3
22 4
22 5
23 0
23 1
23 2
23 3
23 4
23 5
24 0
0
Yes
46 22
46 23
46 24
46 25
47 22
47 23
47 24
47 25
48 22
48 23
48 24
48 25
49 22
49 23
49 24
49 25
0
Yes
43 0
43 1
43 2
43 3
43 4
43 5
44 0
44 1
44 2
44 3
44 4
44 5
45 0
45 1
45 2
45 3
45 4
45 5
46 0
46 1
46 2
46 3
46 4
46 5
47 0
47 1
47 2
47 3
47 4
47 5
48 0
48 1
48 2
48 3
48 4
48 5
49 0
49 1
49 2
49 3
49 4
0
Yes
25 40
25 41
25 42
25 43
25 44
25 45
25 46
25 47
25 48
25 49
26 40
26 41
26 42
26 43
26 44
26 45
26 46
26 47
26 48
26 49
27 40
27 41
27 42
27 43
27 44
27 45
27 46
27 47
27 48
27 49
28 40
28 41
28 42
28 43
28 44
28 45
28 46
28 47
28 48
28 49
29 40
29 41
29 42
29 43
29 44
29 45
29 46
29 47
29 48
29 49
30 40
30 41
30 42
30 43
30 44
30 45
30 46
30 47
30 48
30 49
31 40
31 41
31 42
31 43
31 44
31 45
31 46
31 47
31 48
31 49
32 40
32 41
32 42
32 43
32 44
32 45
32 46
32 47
32 48
32 49
33 40
33 41
33 42
33 43
33 44
33 45
33 46
33 47
33 48
33 49
34 40
34 41
34 42
34 43
34 44
34 45
34 46
34 47
34 48
34 49
35 40
35 41
0
Yes
28 11
28 12
28 13
28 14
28 15
29 11
29 12
29 13
29 14
29 15
30 11
30 12
30 13
30 14
30 15
31 11
31 12
31 13
31 14
31 15
32 11
32 12
32 13
32 14
32 15
33 11
33 12
0
Yes
7 47
7 48
8 47
8 48
9 47
9 48
10 47
10 48
0
Yes
13 38
13 39
13 40
13 41
13 42
13 43
13 44
13 45
13 46
13 47
13 48
13 49
14 38
14 39
14 40
14 41
14 42
14 43
14 44
14 45
14 46
14 47
14 48
14 49
15 38
15 39
15 40
15 41
15 42
15 43
15 44
15 45
15 46
15 47
15 48
15 49
16 38
16 39
16 40
16 41
16 42
16 43
16 44
16 45
16 46
16 47
16 48
16 49
17 38
17 39
17 40
17 41
17 42
17 43
17 44
17 45
17 46
17 47
17 48
17 49
18 38
18 39
18 40
18 41
18 42
18 43
18 44
18 45
18 46
18 47
18 48
18 49
19 38
19 39
19 40
19 41
19 42
19 43
19 44
19 45
19 46
19 47
19 48
19 49
20 38
20 39
20 40
20 41
20 42
20 43
20 44
20 45
20 46
20 47
20 48
20 49
21 38
21 39
21 40
21 41
21 42
21 43
21 44
21 45
21 46
21 47
21 48
21 49
22 38
22 39
22 40
22 41
22 42
22 43
22 44
22 45
22 46
22 47
22 48
22 49
23 38
23 39
23 40
23 41
23 42
23 43
23 44
23 45
23 46
23 47
23 48
23 49
24 38
24 39
24 40
24 41
24 42
0
Yes
0 11
0 12
0 13
0 14
0 15
0 16
0 17
1 11
1 12
1 13
1 14
1 15
1 16
1 17
2 11
2 12
2 13
2 14
2 15
2 16
2 17
3 11
3 12
3 13
3 14
3 15
3 16
3 17
4 11
4 12
4 13
4 14
4 15
4 16
4 17
5 11
5 12
5 13
5 14
5 15
5 16
5 17
6 11
6 12
6 13
6 14
6 15
6 16
6 17
7 11
7 12
7 13
7 14
7 15
7 16
7 17
8 11
8 12
8 13
8 14
8 15
8 16
8 17
9 11
9 12
9 13
9 14
9 15
9 16
9 17
10 11
10 12
10 13
10 14
10 15
10 16
10 17
11 11
11 12
11 13
11 14
11 15
11 16
11 17
12 11
12 12
12 13
12 14
12 15
12 16
12 17
13 11
13 12
13 13
13 14
13 15
13 16
13 17
14 11
14 12
14 13
14 14
14 15
14 16
14 17
15 11
15 12
15 13
15 14
15 15
15 16
15 17
16 11
16 12
16 13
16 14
16 15
16 16
16 17
17 11
17 12
17 13
17 14
17 15
17 16
17 17
18 11
18 12
18 13
0
Yes
23 11
23 12
22 11
22 12
24 11
24 12
23 10
23 13
22 10
22 13
24 10
24 13
21 11
21 12
25 11
25 12
21 10
21 13
23 9
23 14
25 10
25 13
22 9
22 14
24 9
24 14
20 11
20 12
26 11
26 12
21 9
21 14
25 9
25 14
20 10
20 13
26 10
26 13
23 8
23 15
22 8
22 15
24 8
24 15
20 9
20 14
26 9
26 14
19 11
19 12
21 8
21 15
25 8
25 15
27 11
27 12
19 10
19 13
27 13
23 7
23 16
20 8
20 15
22 7
22 16
24 7
24 16
26 8
26 15
19 9
19 14
27 9
27 14
21 7
21 16
25 7
25 16
18 10
19 8
19 15
27 8
27 15
20 7
20 16
26 7
23 6
23 17
18 9
18 14
22 6
22 17
24 6
24 17
21 6
21 17
25 6
25 17
19 7
19 16
27 7
18 8
18 15
20 6
20 17
26 6
24 5
18 7
18 16
19 6
19 17
25 5
27 6
26 5
18 6
0
Yes
13 32
13 33
13 34
13 35
13 36
13 37
14 32
14 33
14 34
14 35
14 36
14 37
15 32
15 33
15 34
15 35
15 36
15 37
16 32
16 33
16 34
16 35
16 36
16 37
17 32
17 33
17 34
17 35
17 36
17 37
18 32
18 33
18 34
18 35
18 36
18 37
19 32
19 33
19 34
0
Yes
45 17
45 18
45 19
45 20
45 21
46 17
46 18
46 19
46 20
46 21
47 17
47 18
47 19
47 20
47 21
48 17
48 18
48 19
48 20
48 21
49 17
49 18
49 19
49 20
0
Yes
9 35
8 35
9 34
9 36
10 35
8 34
8 36
10 34
10 36
7 35
9 33
9 37
11 35
7 34
7 36
8 33
8 37
10 33
10 37
11 34
11 36
7 33
7 37
11 33
11 37
6 35
9 32
9 38
12 35
6 34
6 36
8 32
8 38
10 32
10 38
12 34
12 36
6 33
7 32
7 38
11 32
11 38
12 33
12 37
5 35
9 31
9 39
5 34
5 36
8 31
8 39
10 31
10 39
6 32
12 32
12 38
5 33
5 37
7 31
11 31
11 39
5 32
6 31
9 30
12 31
12 39
8 30
10 30
7 30
11 30
5 31
6 30
0
Yes
32 17
32 18
32 19
32 20
33 17
33 18
33 19
0
Yes
47 10
46 10
47 9
46 9
47 11
46 11
48 10
48 9
48 11
45 10
45 9
45 11
47 8
46 8
48 8
45 8
47 12
46 12
48 12
45 12
49 10
49 9
49 11
49 8
49 12
44 10
44 9
44 8
47 7
46 7
48 7
45 7
49 7
44 7
47 13
46 13
48 13
45 13
49 13
47 6
46 6
48 6
45 6
49 6
44 6
47 14
46 14
48 14
45 14
49 14
43 9
43 8
43 7
43 6
44 13
44 14
47 15
46 15
48 15
45 15
49 15
44 15
42 9
42 8
42 7
42 6
49 5
43 14
47 16
46 16
48 16
45 16
49 16
41 8
41 7
41 6
42 14
42 13
0
Yes
20 33
20 34
20 35
20 36
20 37
21 33
21 34
21 35
21 36
21 37
22 33
22 34
22 35
22 36
22 37
23 33
23 34
23 35
23 36
23 37
24 33
24 34
24 35
24 36
24 37
25 33
25 34
0
Yes
13 39
13 40
13 41
13 42
13 43
13 44
13 45
13 46
13 47
13 48
13 49
14 39
14 40
14 41
14 42
14 43
14 44
14 45
14 46
14 47
14 48
14 49
15 39
15 40
15 41
15 42
15 43
15 44
15 45
15 46
15 47
15 48
15 49
16 39
16 40
16 41
16 42
16 43
16 44
16 45
16 46
16 47
16 48
16 49
17 39
17 40
17 41
17 42
17 43
17 44
17 45
17 46
17 47
17 48
17 49
18 39
18 40
18 41
18 42
18 43
18 44
18 45
18 46
18 47
18 48
18 49
19 39
19 40
19 41
19 42
19 43
19 44
19 45
19 46
19 47
19 48
19 49
20 39
20 40
20 41
20 42
20 43
20 44
20 45
20 46
20 47
20 48
20 49
21 39
21 40
21 41
21 42
21 43
21 44
21 45
21 46
21 47
21 48
21 49
22 39
22 40
22 41
22 42
22 43
22 44
22 45
22 46
22 47
22 48
22 49
23 39
23 40
23 41
23 42
23 43
23 44
23 45
23 46
23 47
23 48
23 49
24 39
24 40
24 41
24 42
24 43
24 44
24 45
24 46
24 47
24 48
24 49
0
Yes
45 17
45 18
45 19
45 20
45 21
46 17
46 18
46 19
46 20
46 21
47 17
47 18
47 19
47 20
47 21
48 17
48 18
48 19
48 20
48 21
49 17
49 18
49 19
49 20
49 21
0
Yes
8 18
8 19
9 18
9 19
10 18
10 19
11 18
11 19
12 18
12 19
0
No
0
Yes
25 41
25 42
25 43
25 44
25 45
25 46
25 47
25 48
25 49
26 41
26 42
26 43
26 44
26 45
26 46
26 47
26 48
26 49
27 41
27 42
27 43
27 44
27 45
27 46
27 47
27 48
27 49
28 41
28 42
28 43
28 44
28 45
28 46
28 47
28 48
28 49
29 41
29 42
29 43
29 44
29 45
29 46
29 47
29 48
29 49
30 41
30 42
30 43
30 44
30 45
30 46
30 47
30 48
30 49
31 41
31 42
31 43
31 44
31 45
31 46
31 47
31 48
31 49
32 41
32 42
32 43
32 44
32 45
32 46
32 47
32 48
32 49
33 41
33 42
33 43
33 44
33 45
33 46
33 47
33 48
33 49
0
Yes
45 11
45 12
45 13
45 14
45 15
45 16
45 17
45 18
45 19
45 20
45 21
46 11
46 12
46 13
46 14
46 15
46 16
46 17
46 18
46 19
46 20
46 21
47 11
47 12
47 13
47 14
47 15
47 16
47 17
47 18
47 19
47 20
47 21
48 11
48 12
48 13
48 14
48 15
48 16
48 17
48 18
48 19
48 20
48 21
49 11
49 12
49 13
49 14
49 15
49 16
49 17
49 18
0
No
0
No
0
Yes
29 17
28 17
29 16
28 16
29 18
28 18
30 17
30 16
30 18
27 17
27 16
27 18
29 15
28 15
30 15
29 19
28 19
30 19
27 19
31 17
31 16
31 18
31 15
31 19
26 17
26 16
26 18
26 19
29 14
28 14
30 14
31 14
29 20
28 20
30 20
27 20
31 20
26 20
32 16
32 15
32 14
29 13
28 13
30 13
31 13
32 13
29 21
28 21
30 21
27 21
31 21
26 21
33 16
33 15
33 14
33 13
25 20
25 21
29 12
28 12
30 12
31 12
32 12
33 12
29 22
28 22
30 22
27 22
31 22
26 22
34 15
24 20
29 11
28 11
30 11
31 11
32 11
33 11
28 23
30 23
34 13
35 13
32 10
0
Yes
3 7
3 8
3 9
3 10
4 7
4 8
4 9
4 10
5 7
5 8
5 9
5 10
6 7
6 8
6 9
6 10
7 7
0
Yes
44 6
44 7
44 8
44 9
44 10
45 6
45 7
45 8
45 9
45 10
46 6
46 7
46 8
46 9
46 10
47 6
47 7
47 8
47 9
47 10
48 6
48 7
48 8
48 9
48 10
49 6
49 7
0
Yes
0 35
0 36
0 37
0 38
0 39
0 40
0 41
1 35
1 36
1 37
1 38
1 39
1 40
1 41
2 35
2 36
2 37
2 38
2 39
2 40
2 41
0
Yes
19 6
19 7
19 8
19 9
19 10
19 11
19 12
19 13
20 6
20 7
20 8
20 9
20 10
20 11
20 12
20 13
21 6
21 7
21 8
21 9
21 10
21 11
21 12
21 13
22 6
22 7
22 8
22 9
22 10
22 11
22 12
22 13
23 6
23 7
23 8
23 9
23 10
23 11
23 12
23 13
24 6
24 7
24 8
24 9
24 10
24 11
24 12
24 13
25 6
25 7
25 8
25 9
25 10
25 11
25 12
25 13
26 6
26 7
26 8
26 9
26 10
26 11
26 12
26 13
0
Yes
13 33
13 34
13 35
13 36
13 37
13 38
14 33
14 34
14 35
14 36
14 37
14 38
15 33
15 34
15 35
15 36
15 37
15 38
16 33
16 34
16 35
16 36
16 37
16 38
17 33
17 34
17 35
17 36
17 37
17 38
18 33
18 34
18 35
18 36
18 37
18 38
19 33
19 34
19 35
19 36
0
No
0
No
0
No
0
Yes
30 29
30 30
31 29
31 30
0
Yes
18 19
17 19
18 18
17 18
18 20
17 20
19 19
16 19
16 18
16 20
18 17
18 21
17 21
16 21
19 17
19 21
20 17
20 21
15 19
15 18
15 20
15 21
18 16
19 16
20 16
18 22
17 22
19 22
16 22
15 22
21 17
21 16
21 18
14 19
14 18
14 20
14 21
14 22
18 15
19 15
20 15
21 15
18 23
17 23
19 23
16 23
15 23
14 23
22 18
22 17
22 16
22 15
13 19
13 18
13 20
13 21
13 22
18 14
19 14
20 14
21 14
22 14
18 24
17 24
16 24
15 24
23 18
23 17
23 16
23 15
23 14
12 19
12 18
12 20
12 21
17 25
16 25
24 18
24 17
24 16
24 15
24 14
11 19
11 18
17 26
16 26
0
Yes
19 0
19 1
19 2
19 3
19 4
19 5
20 0
20 1
20 2
20 3
20 4
20 5
21 0
21 1
21 2
21 3
21 4
21 5
22 0
22 1
22 2
22 3
22 4
22 5
0
No
0
Yes
27 6
27 7
27 8
28 6
28 7
28 8
29 6
29 7
29 8
30 6
30 7
0
Yes
8 11
8 12
8 13
8 14
8 15
8 16
8 17
8 18
8 19
9 11
9 12
9 13
9 14
9 15
9 16
9 17
9 18
9 19
10 11
10 12
10 13
10 14
10 15
10 16
10 17
10 18
10 19
11 11
11 12
11 13
11 14
11 15
11 16
11 17
11 18
11 19
12 11
12 12
12 13
12 14
12 15
12 16
12 17
12 18
12 19
13 11
13 12
13 13
13 14
13 15
13 16
13 17
13 18
13 19
14 11
14 12
14 13
14 14
14 15
14 16
14 17
14 18
14 19
15 11
15 12
15 13
15 14
15 15
15 16
15 17
15 18
15 19
16 11
16 12
16 13
16 14
16 15
16 16
16 17
16 18
16 19
17 11
17 12
17 13
17 14
17 15
17 16
17 17
17 18
17 19
18 11
18 12
18 13
18 14
18 15
18 16
18 17
18 18
18 19
0
No
0
No
0
No
0
No
0
Yes
23 0
23 1
23 2
23 3
23 4
23 5
24 0
24 1
24 2
24 3
24 4
24 5
25 0
25 1
25 2
25 3
25 4
25 5
26 0
26 1
26 2
26 3
26 4
26 5
27 0
27 1
27 2
27 3
27 4
27 5
28 0
28 1
28 2
0
Yes
0 11
0 12
0 13
0 14
0 15
0 16
0 17
1 11
1 12
1 13
1 14
1 15
1 16
1 17
2 11
2 12
2 13
2 14
2 15
2 16
2 17
3 11
3 12
3 13
3 14
3 15
3 16
3 17
4 11
4 12
4 13
4 14
4 15
4 16
4 17
5 11
5 12
5 13
5 14
5 15
5 16
5 17
6 11
6 12
6 13
6 14
6 15
6 16
6 17
7 11
7 12
7 13
7 14
7 15
7 16
7 17
8 11
8 12
8 13
8 14
8 15
8 16
8 17
9 11
9 12
9 13
9 14
9 15
9 16
9 17
10 11
10 12
10 13
10 14
10 15
10 16
10 17
11 11
11 12
11 13
11 14
11 15
11 16
11 17
12 11
12 12
12 13
12 14
12 15
12 16
12 17
0
No
0
Yes
13 33
13 34
13 35
13 36
13 37
13 38
14 33
14 34
14 35
14 36
14 37
14 38
15 33
15 34
15 35
15 36
15 37
15 38
16 33
16 34
16 35
16 36
16 37
16 38
17 33
17 34
17 35
17 36
17 37
17 38
18 33
18 34
18 35
18 36
18 37
18 38
19 33
19 34
0
Yes
45 6
45 7
46 6
46 7
44 6
44 7
45 5
45 8
46 5
46 8
47 6
47 7
44 5
44 8
47 5
47 8
43 6
43 7
45 4
45 9
46 4
46 9
48 6
48 7
43 5
43 8
44 4
44 9
47 4
47 9
48 5
48 8
42 6
42 7
43 4
43 9
45 3
45 10
46 3
46 10
48 4
48 9
49 6
49 7
42 8
44 3
44 10
47 3
47 10
49 5
49 8
42 4
42 9
43 3
48 3
48 10
49 4
49 9
41 6
41 7
45 2
45 11
46 2
46 11
41 8
44 2
47 2
47 11
42 3
49 3
49 10
43 2
48 2
48 11
45 1
45 12
46 1
46 12
41 3
42 2
44 1
47 1
47 12
49 2
49 11
43 1
48 1
48 12
41 2
42 1
45 0
46 0
49 1
49 12
44 0
47 0
43 0
48 0
0
Yes
34 43
34 44
34 45
34 46
34 47
34 48
34 49
35 43
35 44
35 45
35 46
35 47
35 48
35 49
36 43
36 44
36 45
36 46
36 47
36 48
36 49
37 43
37 44
37 45
37 46
37 47
37 48
37 49
38 43
38 44
38 45
38 46
38 47
38 48
38 49
39 43
39 44
39 45
39 46
39 47
39 48
39 49
40 43
40 44
40 45
40 46
40 47
40 48
40 49
41 43
41 44
41 45
41 46
41 47
41 48
41 49
42 43
42 44
0
Yes
13 14
13 15
13 16
13 17
13 18
13 19
13 20
13 21
13 22
14 14
14 15
14 16
14 17
14 18
14 19
14 20
14 21
14 22
15 14
15 15
15 16
15 17
15 18
15 19
15 20
15 21
15 22
16 14
16 15
16 16
16 17
16 18
16 19
16 20
16 21
16 22
17 14
17 15
17 16
17 17
17 18
17 19
17 20
17 21
17 22
18 14
18 15
18 16
18 17
18 18
18 19
18 20
18 21
18 22
19 14
19 15
19 16
0
No
0
Yes
13 11
13 12
13 13
14 11
14 12
14 13
15 11
15 12
15 13
0
Yes
21 15
21 16
21 17
21 18
22 15
22 16
22 17
22 18
23 15
23 16
23 17
23 18
24 15
24 16
24 17
24 18
25 15
25 16
25 17
0
Yes
45 13
45 14
45 15
45 16
46 13
46 14
46 15
46 16
47 13
47 14
47 15
47 16
48 13
48 14
48 15
48 16
49 13
49 14
49 15
0
Yes
15 34
15 35
14 34
14 35
16 34
16 35
15 33
15 36
14 33
14 36
16 33
16 36
13 34
13 35
17 34
17 35
13 33
13 36
15 32
15 37
17 33
17 36
14 32
14 37
16 32
16 37
12 34
12 35
18 34
18 35
13 32
13 37
17 32
17 37
12 33
12 36
18 33
18 36
15 31
15 38
14 38
16 31
16 38
12 32
12 37
18 32
18 37
11 34
11 35
13 31
13 38
17 31
17 38
19 34
19 35
11 33
11 36
19 33
19 36
15 30
12 31
12 38
16 30
18 31
18 38
11 32
11 37
19 32
19 37
17 30
10 34
10 35
20 34
20 35
10 33
10 36
20 33
20 36
11 31
11 38
19 31
19 38
12 30
18 30
10 32
10 37
20 37
9 34
9 35
11 30
21 34
21 35
10 31
10 38
20 38
9 33
9 36
21 33
21 36
9 32
9 37
21 37
10 30
9 31
9 38
21 38
8 34
8 35
22 34
22 35
8 33
8 36
22 33
22 36
8 32
8 37
22 37
9 30
8 31
8 38
22 38
7 34
7 35
23 34
23 35
7 33
7 36
23 33
23 36
8 30
7 32
7 37
23 37
7 31
7 38
23 38
6 34
6 35
6 33
6 36
7 30
6 32
0
No
0
Yes
25 35
25 36
25 37
25 38
25 39
25 40
26 35
26 36
26 37
26 38
26 39
26 40
27 35
27 36
27 37
27 38
27 39
27 40
28 35
28 36
28 37
28 38
28 39
28 40
29 35
29 36
29 37
29 38
29 39
29 40
30 35
30 36
30 37
30 38
30 39
0
Yes
34 39
34 40
34 41
34 42
35 39
35 40
35 41
35 42
36 39
36 40
36 41
36 42
37 39
37 40
37 41
37 42
38 39
0
No
0
No
0
Yes
22 12
22 13
23 12
23 13
21 12
21 13
22 11
22 14
23 11
23 14
24 12
24 13
21 11
21 14
24 11
24 14
20 12
20 13
22 10
22 15
23 10
23 15
25 12
25 13
20 11
20 14
21 10
21 15
24 10
24 15
25 11
25 14
19 12
19 13
20 10
20 15
22 9
22 16
23 9
23 16
25 10
25 15
26 12
26 13
19 11
21 9
21 16
24 9
24 16
26 11
26 14
19 10
20 9
20 16
25 9
25 16
26 10
26 15
18 12
18 13
22 8
22 17
23 8
23 17
18 11
21 8
21 17
24 8
24 17
19 9
26 9
18 10
20 8
20 17
25 8
25 17
22 7
22 18
23 7
23 18
18 9
19 8
19 17
21 7
21 18
24 7
24 18
26 8
20 7
25 7
18 8
19 7
22 6
23 6
26 7
21 6
24 6
20 6
25 6
18 7
19 6
0
No
0
Yes
29 45
30 45
29 44
29 46
30 44
30 46
28 45
31 45
28 44
28 46
31 44
31 46
29 43
29 47
30 43
30 47
27 45
28 43
28 47
31 43
31 47
32 45
27 44
27 46
32 44
32 46
29 42
29 48
30 42
30 48
27 43
27 47
32 43
32 47
28 42
28 48
31 42
31 48
26 45
33 45
26 44
26 46
33 44
33 46
27 42
27 48
32 42
32 48
26 43
26 47
29 41
29 49
30 41
30 49
33 43
33 47
28 41
28 49
31 41
31 49
25 45
25 44
25 46
26 42
26 48
33 42
33 48
27 41
27 49
32 41
32 49
25 43
25 47
30 40
31 40
26 41
26 49
33 41
33 49
25 42
25 48
32 40
25 41
25 49
0
No
0
Yes
0 18
0 19
0 20
0 21
0 22
1 18
1 19
1 20
1 21
1 22
2 18
2 19
2 20
2 21
2 22
0
Yes
11 0
11 1
11 2
11 3
11 4
11 5
11 6
11 7
12 0
12 1
12 2
12 3
12 4
12 5
12 6
12 7
13 0
13 1
13 2
13 3
13 4
13 5
13 6
13 7
14 0
14 1
14 2
14 3
14 4
14 5
14 6
14 7
15 0
15 1
15 2
15 3
15 4
15 5
15 6
15 7
16 0
16 1
16 2
16 3
16 4
16 5
16 6
16 7
17 0
17 1
17 2
17 3
17 4
17 5
17 6
17 7
18 0
18 1
18 2
18 3
18 4
18 5
0
No
0
No
0
Yes
13 8
12 8
13 9
12 9
14 8
14 9
11 8
11 9
13 10
12 10
14 10
11 10
15 8
15 9
15 10
10 8
10 9
10 10
13 11
14 11
15 11
16 8
16 9
16 10
16 11
10 7
10 6
9 8
9 7
9 9
9 6
9 10
13 12
14 12
15 12
16 12
17 8
17 9
17 10
17 11
17 12
10 5
9 5
8 8
8 7
8 9
8 6
8 10
8 5
10 4
9 4
8 4
13 13
14 13
15 13
16 13
17 13
10 3
9 3
8 3
7 8
7 9
7 10
7 6
7 5
7 4
10 2
9 2
8 2
6 6
6 5
10 1
9 1
8 1
0
No
0
Yes
42 0
42 1
42 2
42 3
42 4
43 0
43 1
43 2
43 3
43 4
44 0
44 1
44 2
44 3
44 4
45 0
45 1
45 2
45 3
45 4
46 0
46 1
0
Yes
45 9
45 10
45 11
45 12
45 13
45 14
45 15
45 16
45 17
45 18
45 19
45 20
45 21
46 9
46 10
46 11
46 12
46 13
46 14
46 15
46 16
46 17
46 18
46 19
46 20
46 21
47 9
47 10
47 11
47 12
47 13
47 14
47 15
47 16
47 17
47 18
47 19
47 20
47 21
48 9
48 10
48 11
48 12
48 13
48 14
48 15
48 16
48 17
48 18
48 19
48 20
48 21
49 9
49 10
49 11
49 12
49 13
49 14
49 15
49 16
49 17
49 18
49 19
0
No
0
No
0
No
0
Yes
18 6
18 7
18 8
18 9
18 10
18 11
18 12
19 6
19 7
19 8
19 9
19 10
19 11
19 12
20 6
20 7
20 8
20 9
20 10
20 11
20 12
21 6
21 7
21 8
21 9
21 10
21 11
21 12
22 6
22 7
22 8
22 9
22 10
22 11
22 12
23 6
23 7
23 8
23 9
23 10
23 11
23 12
24 6
24 7
24 8
24 9
24 10
24 11
24 12
25 6
25 7
0
Yes
9 32
9 33
9 34
9 35
9 36
9 37
9 38
10 32
10 33
10 34
10 35
10 36
10 37
10 38
11 32
11 33
11 34
11 35
11 36
11 37
11 38
12 32
12 33
12 34
12 35
12 36
12 37
12 38
13 32
13 33
13 34
13 35
13 36
13 37
13 38
14 32
14 33
14 34
14 35
14 36
14 37
14 38
15 32
15 33
15 34
15 35
15 36
15 37
15 38
16 32
16 33
16 34
16 35
16 36
16 37
16 38
17 32
17 33
17 34
17 35
17 36
17 37
17 38
18 32
18 33
18 34
18 35
18 36
18 37
18 38
19 32
19 33
19 34
19 35
0
Yes
8 36
7 36
8 35
7 35
8 37
7 37
6 36
6 35
8 34
7 34
6 34
8 38
7 38
5 36
5 35
5 34
8 33
7 33
6 33
5 33
8 39
5 37
9 39
10 39
4 36
4 35
4 37
4 34
4 33
8 32
7 32
6 32
5 32
4 32
8 40
9 40
10 40
11 39
11 40
4 38
3 36
3 35
3 34
3 33
8 31
7 31
6 31
5 31
4 31
12 39
12 40
9 31
9 41
10 41
11 41
12 41
10 31
11 31
8 30
7 30
9 30
6 30
10 30
11 30
0
Yes
19 0
19 1
19 2
19 3
20 0
20 1
20 2
20 3
21 0
21 1
21 2
21 3
22 0
22 1
0
No
0
No
0
Yes
16 42
16 43
16 44
16 45
16 46
16 47
16 48
16 49
17 42
17 43
17 44
17 45
17 46
17 47
17 48
17 49
18 42
18 43
18 44
18 45
18 46
18 47
18 48
18 49
19 42
19 43
19 44
19 45
19 46
19 47
19 48
19 49
20 42
20 43
20 44
20 45
20 46
20 47
20 48
20 49
21 42
21 43
21 44
21 45
21 46
21 47
21 48
21 49
22 42
22 43
22 44
22 45
22 46
22 47
22 48
22 49
23 42
23 43
23 44
23 45
23 46
23 47
23 48
23 49
24 42
24 43
24 44
24 45
24 46
24 47
24 48
24 49
0
Yes
19 3
19 4
19 5
20 3
20 4
20 5
21 3
21 4
21 5
22 3
22 4
22 5
0
No
0
Yes
25 42
25 43
25 44
25 45
25 46
25 47
25 48
25 49
26 42
26 43
26 44
26 45
26 46
26 47
26 48
26 49
27 42
27 43
27 44
27 45
27 46
27 47
27 48
27 49
28 42
28 43
28 44
28 45
28 46
28 47
28 48
28 49
29 42
29 43
29 44
29 45
29 46
29 47
29 48
29 49
30 42
30 43
30 44
30 45
30 46
30 47
30 48
30 49
31 42
31 43
31 44
31 45
31 46
31 47
31 48
31 49
32 42
0
Yes
13 10
13 11
13 12
13 13
14 10
14 11
14 12
14 13
15 10
15 11
15 12
15 13
16 10
16 11
16 12
16 13
17 10
17 11
17 12
17 13
0
Yes
18 40
17 40
18 39
17 39
18 41
17 41
19 40
19 39
19 41
16 40
16 39
16 41
20 40
20 39
20 41
19 38
20 38
15 40
15 39
15 41
21 40
21 39
21 41
21 38
19 37
20 37
21 37
15 42
14 40
14 39
14 41
14 42
22 40
22 39
22 41
22 38
22 37
19 36
20 36
21 36
22 36
15 43
14 43
13 40
13 39
13 41
13 42
13 43
15 44
14 44
13 44
23 40
23 39
23 41
23 38
23 37
23 36
20 35
21 35
22 35
23 35
15 45
14 45
13 45
24 40
24 39
24 41
24 38
24 37
24 36
24 35
12 42
12 43
12 44
12 45
20 34
21 34
22 34
23 34
24 34
15 46
14 46
13 46
12 46
25 41
11 42
11 43
11 44
11 45
11 46
20 33
21 33
22 33
23 33
24 33
15 47
14 47
13 47
12 47
11 47
26 41
10 42
10 43
10 44
10 45
15 48
14 48
13 48
12 48
11 48
27 41
25 34
25 33
15 49
14 49
13 49
12 49
11 49
9 44
9 45
24 32
25 32
26 34
26 33
28 41
10 47
10 48
10 49
8 44
8 45
0
No
0
No
0
No
0
Yes
15 0
15 1
15 2
15 3
15 4
16 0
16 1
16 2
16 3
16 4
17 0
17 1
17 2
17 3
17 4
18 0
18 1
18 2
18 3
18 4
19 0
19 1
19 2
19 3
19 4
20 0
20 1
20 2
20 3
20 4
21 0
21 1
21 2
21 3
21 4
22 0
22 1
22 2
22 3
22 4
0
Yes
21 15
21 16
21 17
21 18
22 15
22 16
22 17
22 18
23 15
23 16
23 17
23 18
24 15
24 16
24 17
24 18
25 15
25 16
25 17
0
No
0
No
0
No
0
No
0
No
0
Yes
9 39
9 40
9 41
10 39
10 40
10 41
11 39
11 40
11 41
12 39
12 40
0
Yes
16 42
16 43
16 44
16 45
16 46
16 47
17 42
17 43
17 44
17 45
17 46
17 47
18 42
18 43
18 44
18 45
18 46
18 47
19 42
19 43
19 44
19 45
19 46
19 47
20 42
20 43
20 44
20 45
20 46
20 47
21 42
0
Yes
22 42
22 43
22 44
22 45
22 46
22 47
22 48
22 49
23 42
23 43
23 44
23 45
23 46
23 47
23 48
23 49
24 42
24 43
24 44
24 45
24 46
24 47
24 48
24 49
25 42
25 43
25 44
25 45
25 46
25 47
25 48
25 49
26 42
26 43
26 44
26 45
26 46
26 47
26 48
26 49
27 42
27 43
27 44
27 45
27 46
27 47
27 48
27 49
28 42
28 43
28 44
28 45
28 46
28 47
28 48
28 49
29 42
29 43
29 44
29 45
29 46
29 47
29 48
29 49
30 42
30 43
0
Yes
47 0
47 1
47 2
47 3
47 4
47 5
47 6
48 0
48 1
48 2
48 3
48 4
48 5
48 6
49 0
49 1
49 2
49 3
49 4
49 5
49 6
0
Yes
8 16
8 17
8 18
8 19
9 16
9 17
9 18
9 19
10 16
10 17
10 18
10 19
11 16
11 17
11 18
11 19
12 16
12 17
12 18
0
No
0
Yes
30 45
30 46
30 47
30 48
30 49
31 45
31 46
31 47
31 48
31 49
32 45
32 46
32 47
32 48
32 49
33 45
33 46
33 47
33 48
33 49
34 45
34 46
34 47
0
Yes
8 0
8 1
8 2
8 3
8 4
8 5
9 0
9 1
9 2
9 3
9 4
9 5
10 0
10 1
10 2
10 3
10 4
10 5
11 0
11 1
11 2
11 3
11 4
11 5
12 0
12 1
12 2
12 3
12 4
12 5
13 0
13 1
13 2
13 3
13 4
13 5
14 0
14 1
14 2
14 3
14 4
0
Yes
14 7
14 8
14 9
14 10
14 11
14 12
14 13
15 7
15 8
15 9
15 10
15 11
15 12
15 13
16 7
16 8
16 9
16 10
16 11
16 12
16 13
17 7
17 8
17 9
17 10
17 11
17 12
17 13
18 7
18 8
18 9
18 10
18 11
18 12
18 13
19 7
19 8
19 9
19 10
19 11
19 12
19 13
20 7
20 8
20 9
20 10
20 11
20 12
20 13
21 7
21 8
21 9
21 10
21 11
21 12
21 13
22 7
22 8
22 9
22 10
22 11
22 12
22 13
23 7
23 8
23 9
23 10
23 11
23 12
23 13
24 7
24 8
24 9
24 10
24 11
24 12
24 13
25 7
25 8
25 9
25 10
25 11
25 12
25 13
26 7
26 8
26 9
26 10
26 11
26 12
26 13
0
No
0
Yes
46 22
46 23
46 24
46 25
47 22
47 23
47 24
47 25
48 22
48 23
48 24
48 25
49 22
49 23
49 24
49 25
0
Yes
43 0
43 1
43 2
43 3
44 0
44 1
44 2
44 3
45 0
45 1
45 2
45 3
46 0
46 1
46 2
46 3
0
Yes
8 11
8 12
7 11
7 12
9 11
9 12
8 10
8 13
7 10
7 13
9 10
9 13
6 11
6 12
10 11
10 12
6 10
6 13
8 9
8 14
10 10
10 13
7 9
7 14
9 9
9 14
5 11
5 12
11 11
11 12
6 9
6 14
10 9
10 14
5 10
5 13
11 10
11 13
8 8
8 15
7 8
7 15
9 8
9 15
5 9
5 14
11 9
11 14
4 11
4 12
6 8
6 15
10 8
10 15
12 11
12 12
4 10
4 13
12 10
12 13
8 7
5 8
5 15
7 7
9 7
11 8
11 15
4 9
4 14
12 9
12 14
6 7
10 7
3 11
3 12
13 11
13 12
3 10
3 13
13 10
13 13
4 8
4 15
12 8
12 15
5 7
11 7
3 9
3 14
13 9
2 11
2 12
4 7
12 7
3 8
3 15
13 8
2 10
2 13
2 14
3 7
0
Yes
10 32
10 33
10 34
10 35
10 36
10 37
10 38
11 32
11 33
11 34
11 35
11 36
11 37
11 38
12 32
12 33
12 34
12 35
12 36
12 37
12 38
13 32
13 33
13 34
13 35
13 36
13 37
13 38
14 32
14 33
14 34
14 35
14 36
14 37
14 38
15 32
15 33
15 34
15 35
15 36
15 37
15 38
16 32
16 33
16 34
16 35
16 36
16 37
16 38
17 32
17 33
17 34
17 35
17 36
17 37
17 38
18 32
18 33
18 34
18 35
18 36
18 37
18 38
19 32
19 33
0
No
0
No
0
No
0
No
0
No
0
No
0
Yes
8 11
7 11
8 10
8 12
9 11
7 10
7 12
9 10
9 12
6 11
8 9
8 13
10 11
6 10
6 12
7 9
7 13
9 9
9 13
10 10
10 12
6 9
6 13
10 9
10 13
5 11
8 8
8 14
11 11
5 10
5 12
7 8
7 14
9 8
9 14
11 10
11 12
5 9
5 13
6 8
6 14
10 8
10 14
11 9
11 13
4 11
8 7
8 15
12 11
4 10
4 12
7 7
7 15
9 7
9 15
12 10
12 12
5 8
5 14
11 8
11 14
4 9
4 13
6 7
6 15
10 7
10 15
12 9
12 13
3 11
4 8
4 14
5 7
5 15
8 6
11 7
11 15
12 8
12 14
13 11
3 10
3 12
7 6
9 6
13 10
13 12
3 9
3 13
6 6
10 6
13 9
13 13
4 7
4 15
12 7
12 15
3 8
3 14
5 6
11 6
13 8
2 11
2 10
2 12
2 13
3 7
3 15
12 6
13 7
2 14
3 6
0
Yes
27 11
27 12
27 13
27 14
27 15
27 16
27 17
27 18
27 19
27 20
28 11
28 12
28 13
28 14
28 15
28 16
28 17
28 18
28 19
28 20
29 11
29 12
29 13
29 14
29 15
29 16
29 17
29 18
29 19
29 20
30 11
30 12
30 13
30 14
30 15
30 16
30 17
30 18
30 19
30 20
31 11
31 12
31 13
31 14
31 15
31 16
31 17
31 18
31 19
31 20
32 11
32 12
32 13
32 14
32 15
32 16
32 17
32 18
32 19
32 20
33 11
33 12
33 13
33 14
33 15
33 16
33 17
33 18
0
No
0
No
0
Yes
35 43
35 44
35 45
35 46
35 47
35 48
35 49
36 43
36 44
36 45
36 46
36 47
36 48
36 49
37 43
37 44
37 45
37 46
37 47
37 48
37 49
38 43
38 44
38 45
38 46
38 47
38 48
38 49
39 43
39 44
39 45
39 46
39 47
39 48
39 49
40 43
40 44
40 45
40 46
40 47
40 48
40 49
41 43
41 44
41 45
41 46
41 47
41 48
41 49
42 43
42 44
42 45
42 46
42 47
42 48
42 49
0
Yes
20 14
20 15
20 16
20 17
21 14
21 15
21 16
21 17
22 14
22 15
22 16
22 17
23 14
23 15
23 16
23 17
24 14
24 15
24 16
0
Yes
8 11
9 11
8 10
8 12
9 10
9 12
7 11
10 11
7 10
7 12
10 10
10 12
8 9
8 13
9 9
9 13
6 11
7 9
7 13
10 9
10 13
11 11
6 10
6 12
11 10
11 12
8 8
8 14
9 8
9 14
6 9
6 13
11 9
11 13
7 8
7 14
10 8
10 14
5 11
12 11
5 10
5 12
12 10
12 12
6 8
6 14
11 8
11 14
5 9
5 13
8 7
8 15
9 7
9 15
12 9
12 13
7 7
7 15
10 7
10 15
4 11
13 11
4 10
4 12
5 8
5 14
12 8
12 14
13 10
13 12
6 7
6 15
11 7
11 15
4 9
4 13
13 9
13 13
8 6
9 6
7 6
10 6
5 7
5 15
12 7
12 15
4 8
4 14
13 8
3 11
3 10
3 12
6 6
11 6
3 9
3 13
4 7
4 15
13 7
5 6
12 6
3 8
3 14
13 6
3 7
3 15
0
Yes
30 16
30 17
29 16
29 17
31 16
31 17
30 15
30 18
29 15
29 18
31 15
31 18
28 16
28 17
32 16
32 17
28 15
28 18
30 14
30 19
32 15
32 18
29 14
29 19
31 14
31 19
27 16
27 17
33 16
33 17
28 14
28 19
32 14
32 19
27 15
27 18
33 15
33 18
30 13
30 20
29 13
29 20
31 13
31 20
27 14
27 19
33 14
33 19
26 16
26 17
28 13
28 20
32 13
32 20
26 15
26 18
30 12
30 21
27 13
27 20
29 12
29 21
31 12
31 21
33 13
26 14
26 19
28 12
28 21
32 12
26 20
27 12
27 21
33 12
30 11
30 22
29 11
29 22
31 11
31 22
28 11
28 22
32 11
26 21
27 11
27 22
33 11
26 22
32 10
0
Yes
6 0
6 1
6 2
7 0
7 1
0
No
0
Yes
16 14
16 15
16 16
16 17
17 14
17 15
17 16
17 17
18 14
18 15
18 16
18 17
19 14
19 15
19 16
19 17
0
No
0
Yes
9 32
9 33
9 34
9 35
9 36
9 37
9 38
9 39
9 40
9 41
10 32
10 33
10 34
10 35
10 36
10 37
10 38
10 39
10 40
10 41
11 32
11 33
11 34
11 35
11 36
11 37
11 38
11 39
11 40
11 41
12 32
12 33
12 34
12 35
12 36
12 37
12 38
12 39
12 40
12 41
13 32
13 33
13 34
13 35
13 36
13 37
13 38
13 39
13 40
13 41
14 32
14 33
14 34
14 35
14 36
14 37
14 38
14 39
14 40
14 41
15 32
15 33
15 34
15 35
15 36
15 37
15 38
15 39
15 40
15 41
16 32
16 33
16 34
16 35
16 36
16 37
16 38
16 39
16 40
16 41
17 32
17 33
17 34
17 35
17 36
17 37
17 38
17 39
17 40
17 41
18 32
18 33
18 34
18 35
18 36
18 37
18 38
18 39
18 40
18 41
19 32
0
Yes
30 17
29 17
30 16
30 18
31 17
29 16
29 18
31 16
31 18
28 17
30 15
30 19
32 17
28 16
28 18
29 15
29 19
31 15
31 19
32 16
32 18
28 15
28 19
32 15
32 19
27 17
30 14
30 20
33 17
27 16
27 18
29 14
29 20
31 14
31 20
33 16
33 18
27 15
27 19
28 14
28 20
32 14
32 20
33 15
33 19
26 17
30 13
30 21
26 16
26 18
29 13
29 21
31 13
31 21
27 14
27 20
33 14
26 15
26 19
28 13
28 21
32 13
26 14
26 20
27 13
27 21
30 12
30 22
33 13
29 12
29 22
31 12
31 22
28 12
28 22
32 12
26 21
27 12
27 22
33 12
30 11
29 11
31 11
28 11
32 11
26 22
27 11
0
Yes
19 35
19 36
19 37
19 38
19 39
19 40
19 41
20 35
20 36
20 37
20 38
20 39
20 40
20 41
21 35
21 36
21 37
21 38
21 39
21 40
21 41
22 35
22 36
22 37
22 38
22 39
22 40
22 41
23 35
23 36
23 37
23 38
23 39
23 40
23 41
24 35
24 36
24 37
24 38
24 39
24 40
24 41
0
Yes
22 9
22 10
21 9
21 10
23 9
23 10
22 8
22 11
21 8
21 11
23 8
23 11
20 9
20 10
24 9
24 10
20 8
20 11
22 7
22 12
24 8
24 11
21 7
21 12
23 7
23 12
19 9
19 10
25 9
25 10
20 7
20 12
24 7
24 12
19 8
19 11
25 8
25 11
22 6
22 13
21 6
21 13
23 6
23 13
19 7
19 12
25 7
25 12
18 9
18 10
20 6
20 13
24 6
24 13
26 9
26 10
18 8
18 11
26 8
26 11
22 5
19 6
19 13
21 5
23 5
25 6
25 13
18 7
18 12
26 7
26 12
20 5
24 5
17 9
17 10
27 9
17 8
17 11
27 8
18 6
18 13
26 6
26 13
19 5
25 5
17 7
17 12
27 7
16 9
16 10
18 5
26 5
17 6
17 13
27 6
16 8
16 11
28 8
16 7
16 12
28 7
17 5
27 5
16 6
16 13
28 6
15 9
15 10
15 8
15 11
29 8
15 7
15 12
29 7
16 5
28 5
15 6
15 13
29 6
14 9
14 10
14 8
14 11
15 5
29 5
14 7
14 12
14 6
14 13
14 5
0
Yes
45 11
45 12
45 13
45 14
45 15
45 16
45 17
45 18
45 19
45 20
45 21
46 11
46 12
46 13
46 14
46 15
46 16
46 17
46 18
46 19
46 20
46 21
47 11
47 12
47 13
47 14
47 15
47 16
47 17
47 18
47 19
47 20
47 21
48 11
48 12
48 13
48 14
48 15
48 16
48 17
48 18
48 19
48 20
48 21
49 11
49 12
49 13
49 14
49 15
49 16
49 17
49 18
49 19
49 20
49 21
0
No
0
No
0
No
0
Yes
12 21
12 20
13 21
13 20
13 22
12 19
13 19
14 21
14 20
14 22
14 19
11 19
10 19
14 23
12 18
11 18
13 18
10 18
14 18
15 21
15 20
15 22
15 19
15 23
15 18
9 19
9 18
12 17
11 17
13 17
10 17
14 17
9 17
15 17
16 21
16 20
16 22
16 19
16 23
16 18
15 24
16 24
8 19
8 18
8 17
8 20
8 21
12 16
11 16
13 16
10 16
14 16
9 16
15 16
8 16
17 21
17 20
17 22
17 19
17 23
17 18
17 24
16 25
17 25
18 21
18 20
18 22
18 19
18 23
18 18
18 24
13 15
14 15
15 15
7 17
7 16
16 26
17 26
19 21
19 22
19 23
13 14
14 14
15 14
0
No
0
No
0
No
0
Yes
27 11
27 12
27 13
27 14
27 15
27 16
27 17
28 11
28 12
28 13
28 14
28 15
28 16
28 17
29 11
29 12
29 13
29 14
29 15
29 16
29 17
30 11
30 12
30 13
30 14
30 15
30 16
30 17
31 11
31 12
31 13
31 14
31 15
31 16
31 17
32 11
32 12
32 13
32 14
32 15
32 16
32 17
33 11
33 12
33 13
33 14
33 15
33 16
33 17
0
No
0
Yes
19 33
19 34
20 33
20 34
21 33
21 34
22 33
22 34
23 33
23 34
0
Yes
25 43
24 43
25 42
24 42
25 44
24 44
26 43
26 42
26 44
23 43
23 42
23 44
25 41
26 41
25 45
24 45
26 45
23 45
27 43
27 42
27 44
27 41
27 45
22 43
22 42
22 44
22 45
25 46
24 46
26 46
23 46
27 46
22 46
28 43
28 42
28 44
28 41
28 45
28 46
21 43
21 44
21 45
21 46
25 47
24 47
26 47
23 47
27 47
22 47
28 47
21 47
29 43
29 42
29 44
29 41
29 45
29 46
29 47
25 48
24 48
26 48
23 48
27 48
22 48
28 48
21 48
29 48
30 43
30 42
30 44
30 41
30 40
25 49
24 49
26 49
23 49
27 49
22 49
28 49
21 49
29 49
31 43
31 42
31 44
31 41
0
Yes
8 0
8 1
8 2
8 3
8 4
8 5
9 0
9 1
9 2
9 3
9 4
9 5
10 0
10 1
10 2
10 3
10 4
10 5
11 0
11 1
11 2
11 3
11 4
11 5
12 0
12 1
12 2
12 3
12 4
12 5
13 0
13 1
13 2
13 3
13 4
13 5
14 0
14 1
14 2
14 3
14 4
0
No
0
Yes
25 45
24 45
25 44
24 44
25 46
24 46
26 45
26 44
26 46
23 45
23 44
23 46
25 43
24 43
26 43
23 43
25 47
24 47
26 47
23 47
27 45
27 44
27 46
27 43
27 47
22 45
22 44
22 46
22 43
22 47
25 42
24 42
26 42
23 42
27 42
22 42
25 48
24 48
26 48
23 48
27 48
22 48
28 45
28 44
28 46
28 43
28 47
28 42
28 48
21 45
21 44
21 46
21 43
21 47
21 48
25 41
26 41
27 41
28 41
25 49
24 49
26 49
23 49
27 49
22 49
28 49
21 49
29 45
29 44
29 46
29 43
29 47
29 42
29 48
29 41
29 49
30 44
30 43
30 42
30 41
20 48
20 49
31 44
31 43
31 42
31 41
19 48
19 49
30 40
31 40
32 44
32 43
32 42
32 41
32 40
18 48
18 49
33 44
33 43
33 42
33 41
33 40
31 39
32 39
33 39
17 48
17 49
34 44
34 43
34 42
34 41
0
Yes
44 5
43 5
44 4
43 4
44 6
43 6
45 5
45 4
45 6
44 3
43 3
45 3
44 7
43 7
45 7
46 5
46 4
46 6
46 3
46 7
42 4
42 3
42 6
42 7
44 2
43 2
45 2
42 2
46 2
44 8
43 8
45 8
42 8
46 8
41 6
41 7
41 8
41 3
41 2
47 7
47 8
44 1
43 1
45 1
42 1
46 1
41 1
44 9
43 9
45 9
42 9
46 9
47 9
48 7
48 8
48 9
40 2
40 1
44 0
43 0
45 0
42 0
46 0
41 0
40 0
44 10
45 10
46 10
47 10
48 10
49 7
49 8
49 9
49 10
39 2
39 1
38 1
37 1
0
No
0
No
0
No
0
No
0
Yes
13 46
12 46
13 45
13 47
14 46
12 45
12 47
14 45
14 47
11 46
13 44
13 48
15 46
11 45
11 47
12 44
12 48
14 44
14 48
15 45
15 47
11 44
11 48
15 44
15 48
13 43
13 49
10 45
10 47
12 43
12 49
14 43
14 49
10 44
10 48
11 43
11 49
15 43
15 49
13 42
12 42
14 42
10 43
10 49
11 42
15 42
0
No
0
No
0
Yes
8 16
8 17
8 18
8 19
9 16
9 17
9 18
9 19
10 16
10 17
10 18
10 19
11 16
11 17
11 18
11 19
12 16
0
No
0
Yes
30 45
30 46
30 47
30 48
30 49
31 45
31 46
31 47
31 48
31 49
32 45
32 46
32 47
32 48
32 49
33 45
33 46
33 47
33 48
33 49
34 45
34 46
34 47
34 48
0
Yes
16 21
15 21
16 20
15 20
16 22
15 22
17 21
17 20
17 22
14 21
14 20
14 22
16 19
15 19
17 19
14 19
16 23
15 23
17 23
14 23
18 21
18 20
18 22
18 19
18 23
13 21
13 20
13 22
13 19
16 18
15 18
17 18
14 18
18 18
13 18
16 24
15 24
17 24
18 24
19 21
19 22
19 23
19 19
12 21
12 20
12 19
12 18
16 17
15 17
17 17
14 17
18 17
13 17
12 17
16 25
17 25
20 21
16 16
15 16
17 16
14 16
18 16
13 16
16 26
17 26
19 17
19 16
18 26
19 26
16 15
15 15
17 15
14 15
18 15
13 15
19 15
16 27
17 27
18 27
19 27
15 27
20 26
20 27
16 14
15 14
17 14
14 14
18 14
13 14
19 14
17 28
18 28
21 27
17 29
18 29
19 29
17 30
18 30
16 30
15 30
15 29
14 29
0
No
0
No
0
No
0
Yes
47 18
47 19
46 18
46 19
48 18
48 19
47 17
47 20
46 17
46 20
48 17
48 20
45 18
45 19
49 18
49 19
45 17
45 20
47 16
47 21
49 17
49 20
46 16
46 21
48 16
48 21
44 19
45 16
45 21
49 16
49 21
44 20
47 15
47 22
46 15
46 22
48 15
48 22
45 15
49 15
49 22
47 14
47 23
44 15
46 14
46 23
48 14
48 23
45 14
45 23
49 14
49 23
44 14
44 23
47 13
47 24
46 13
46 24
48 13
48 24
45 13
49 13
49 24
44 13
47 12
47 25
46 12
46 25
48 12
48 25
45 12
49 12
49 25
47 11
46 11
48 11
0
No
0
No
0
No
0
No
0
Yes
0 10
0 11
0 12
0 13
0 14
1 10
1 11
1 12
1 13
1 14
2 10
2 11
2 12
2 13
2 14
0
No
0
Yes
19 33
19 34
20 33
20 34
21 33
21 34
22 33
22 34
23 33
23 34
0
Yes
21 44
21 45
21 46
21 47
21 48
21 49
22 44
22 45
22 46
22 47
22 48
22 49
23 44
23 45
23 46
23 47
23 48
23 49
24 44
24 45
24 46
24 47
24 48
24 49
25 44
25 45
25 46
25 47
25 48
25 49
26 44
26 45
26 46
26 47
26 48
26 49
27 44
27 45
27 46
27 47
27 48
27 49
0
Yes
35 45
34 45
35 44
34 44
35 46
34 46
36 45
36 44
36 46
33 45
33 44
33 46
35 43
34 43
36 43
33 43
35 47
34 47
36 47
33 47
37 45
37 44
37 46
37 43
37 47
32 45
32 44
32 46
32 43
32 47
35 42
34 42
36 42
33 42
37 42
32 42
35 48
34 48
36 48
33 48
37 48
32 48
38 45
38 44
38 46
38 43
38 47
38 48
31 45
31 44
31 46
31 43
31 47
31 42
31 48
35 41
34 41
36 41
33 41
37 41
32 41
31 41
35 49
34 49
36 49
33 49
37 49
32 49
38 49
31 49
39 45
39 44
39 46
39 43
39 47
39 48
39 49
30 45
30 44
30 46
30 43
30 47
30 42
30 48
30 41
30 49
35 40
34 40
36 40
33 40
37 40
32 40
31 40
30 40
40 45
40 44
40 46
40 43
40 47
40 48
40 49
38 40
29 45
29 44
29 46
29 43
29 47
29 42
29 48
29 41
29 49
35 39
34 39
36 39
33 39
37 39
32 39
38 39
31 39
41 45
41 44
41 46
41 43
41 47
41 48
41 49
39 40
28 45
28 44
28 46
28 43
28 47
28 42
28 48
28 41
28 49
35 38
34 38
33 38
32 38
31 38
42 45
42 44
42 46
42 43
0
Yes
9 16
9 17
9 18
9 19
10 16
10 17
10 18
10 19
11 16
11 17
11 18
11 19
12 16
0
No
0
Yes
15 0
15 1
15 2
15 3
15 4
16 0
16 1
16 2
16 3
16 4
17 0
17 1
17 2
17 3
17 4
18 0
18 1
18 2
18 3
18 4
19 0
0
Yes
7 47
7 48
8 47
8 48
9 47
9 48
0
Yes
24 2
24 3
25 2
25 3
23 2
23 3
24 1
24 4
25 1
25 4
26 2
26 3
23 1
23 4
26 1
26 4
22 2
22 3
24 0
25 0
27 2
27 3
22 1
22 4
23 0
26 0
27 1
27 4
21 2
21 3
22 0
27 0
28 2
21 1
21 4
28 1
28 4
21 0
28 0
20 2
20 3
20 1
20 4
29 1
20 0
29 0
19 2
19 3
19 1
19 4
30 1
0
Yes
8 44
8 45
9 44
9 45
0
Yes
4 34
4 35
5 34
5 35
3 34
3 35
4 33
4 36
5 33
5 36
6 34
6 35
3 33
3 36
6 33
6 36
2 34
2 35
4 32
5 32
7 34
7 35
2 33
2 36
6 32
7 33
7 36
1 34
1 35
2 32
7 32
8 34
8 35
1 33
1 36
8 33
8 36
8 32
0 34
0 35
0 33
0
Yes
4 18
3 18
4 17
3 17
4 19
3 19
5 18
5 17
2 18
2 17
2 19
4 16
3 16
5 16
2 16
6 18
6 17
6 16
3 20
2 20
6 19
1 18
1 17
1 19
1 16
1 20
7 17
7 16
2 15
1 15
2 21
1 21
0 18
0 17
0 19
0 16
0 20
0 15
0 21
8 17
8 16
8 18
8 19
2 22
1 22
0 22
8 20
8 21
0
Yes
15 0
15 1
15 2
15 3
16 0
16 1
16 2
16 3
17 0
17 1
17 2
17 3
18 0
18 1
18 2
18 3
19 0
0
Yes
26 18
26 19
26 20
26 21
26 22
27 18
27 19
27 20
27 21
27 22
28 18
28 19
28 20
28 21
28 22
29 18
29 19
29 20
29 21
29 22
30 18
30 19
30 20
30 21
30 22
0
Yes
28 43
28 44
28 45
28 46
28 47
28 48
28 49
29 43
29 44
29 45
29 46
29 47
29 48
29 49
30 43
30 44
30 45
30 46
30 47
30 48
30 49
31 43
31 44
31 45
31 46
31 47
31 48
31 49
32 43
32 44
32 45
32 46
32 47
32 48
32 49
33 43
33 44
33 45
33 46
33 47
33 48
33 49
34 43
34 44
34 45
34 46
34 47
34 48
34 49
35 43
35 44
35 45
35 46
35 47
35 48
35 49
36 43
36 44
36 45
36 46
36 47
36 48
36 49
37 43
37 44
37 45
37 46
37 47
37 48
37 49
38 43
38 44
38 45
38 46
38 47
38 48
38 49
39 43
39 44
39 45
39 46
39 47
39 48
39 49
40 43
40 44
40 45
40 46
40 47
40 48
40 49
41 43
0
Yes
27 42
26 42
27 41
26 41
27 43
26 43
28 42
28 41
25 42
25 41
25 43
29 42
29 41
24 42
24 41
24 43
30 42
30 41
24 40
30 40
23 42
23 41
23 43
23 40
31 42
31 41
31 40
24 39
23 39
22 42
22 41
22 43
22 40
22 39
24 38
23 38
22 38
31 39
32 42
32 41
32 40
32 39
31 38
32 38
24 37
23 37
22 37
33 42
33 41
33 40
33 39
33 38
21 41
21 40
21 39
21 38
21 37
21 43
31 37
32 37
24 36
23 36
22 36
21 36
34 42
34 41
34 40
34 39
34 38
20 41
20 40
20 39
20 38
20 37
20 36
24 35
23 35
22 35
21 35
20 35
35 42
35 41
35 40
35 39
35 38
19 41
19 40
19 39
19 38
19 37
19 36
19 35
24 34
25 34
26 34
27 34
28 34
29 34
36 42
36 41
36 40
36 39
26 33
0
Yes
6 8
6 9
6 10
6 11
6 12
6 13
6 14
6 15
7 8
7 9
7 10
7 11
7 12
7 13
7 14
7 15
8 8
8 9
8 10
8 11
8 12
8 13
8 14
8 15
9 8
9 9
9 10
9 11
9 12
9 13
9 14
9 15
10 8
10 9
10 10
10 11
10 12
10 13
10 14
10 15
11 8
11 9
11 10
11 11
11 12
11 13
11 14
11 15
12 8
12 9
12 10
12 11
12 12
12 13
12 14
12 15
13 8
13 9
13 10
13 11
13 12
13 13
0
No
0
No
0
No
0
No
0
Yes
27 11
27 12
27 13
27 14
27 15
27 16
27 17
28 11
28 12
28 13
28 14
28 15
28 16
28 17
29 11
29 12
29 13
29 14
29 15
29 16
29 17
30 11
30 12
30 13
30 14
30 15
30 16
30 17
31 11
31 12
31 13
31 14
31 15
31 16
31 17
32 11
32 12
32 13
32 14
32 15
32 16
32 17
33 11
33 12
0
No
0
No
0
No
0
Yes
16 46
16 47
16 48
16 49
17 46
17 47
17 48
17 49
18 46
18 47
18 48
18 49
19 46
19 47
19 48
19 49
20 46
20 47
20 48
20 49
0
Yes
16 42
16 43
16 44
16 45
17 42
17 43
17 44
17 45
18 42
18 43
18 44
18 45
0
No
0
Yes
5 11
4 11
5 10
4 10
5 12
4 12
3 11
3 10
3 12
5 9
4 9
3 9
5 13
4 13
3 13
5 8
4 8
3 8
5 14
4 14
3 14
5 7
4 7
3 7
5 15
4 15
3 15
6 7
7 7
2 15
5 6
6 6
7 6
5 16
4 16
3 16
2 16
8 7
8 6
6 16
3 6
7 16
1 15
1 16
9 7
9 6
8 16
5 17
4 17
6 17
3 17
7 17
2 17
8 17
1 17
6 5
7 5
8 5
9 5
0 15
0 16
0 17
10 7
10 6
10 5
5 18
4 18
6 18
3 18
2 18
1 18
0 18
11 7
11 6
11 5
7 4
8 4
9 4
10 4
11 4
8 18
4 19
3 19
2 19
1 19
0 19
6 19
12 7
12 6
12 5
12 4
8 3
9 3
10 3
11 3
12 3
8 19
13 7
13 6
13 5
13 4
13 3
3 20
2 20
1 20
0 20
8 2
9 2
10 2
11 2
12 2
13 2
8 20
2 21
1 21
0 21
8 1
9 1
10 1
11 1
12 1
13 1
7 1
6 1
6 2
8 21
6 0
7 0
8 0
9 0
10 0
11 0
12 0
13 0
5 0
2 22
1 22
0 22
14 4
14 3
14 2
14 1
14 0
0
Yes
31 18
31 19
31 20
31 21
32 18
32 19
32 20
0
No
0
Yes
43 0
43 1
43 2
43 3
43 4
43 5
43 6
43 7
44 0
44 1
44 2
44 3
44 4
44 5
44 6
44 7
45 0
45 1
45 2
45 3
45 4
45 5
45 6
45 7
46 0
46 1
46 2
46 3
46 4
46 5
46 6
46 7
47 0
47 1
47 2
47 3
47 4
47 5
47 6
47 7
48 0
48 1
48 2
48 3
48 4
48 5
48 6
48 7
49 0
49 1
49 2
49 3
49 4
49 5
49 6
49 7
0
No
0
Yes
27 41
26 41
27 42
26 42
28 41
28 42
25 41
25 42
27 43
26 43
25 43
29 41
29 42
24 41
24 42
24 43
30 41
30 42
24 40
30 40
24 39
23 41
23 40
23 42
23 39
23 43
31 41
31 40
31 42
24 38
23 38
31 39
22 41
22 40
22 42
22 39
22 43
22 38
24 37
23 37
22 37
31 38
32 41
32 40
32 42
32 39
32 38
31 37
32 37
24 36
23 36
22 36
21 41
21 40
21 42
21 39
21 43
21 38
21 37
21 36
33 41
33 40
33 42
33 39
33 38
24 35
23 35
22 35
21 35
20 41
20 40
20 42
20 39
20 43
20 38
20 37
20 36
20 35
34 41
34 40
34 42
34 39
34 38
20 44
24 34
23 34
22 34
21 34
20 34
25 34
26 34
27 34
28 34
29 34
19 41
19 40
19 42
19 39
19 43
19 38
19 44
19 37
19 36
19 35
19 34
35 41
35 40
35 42
35 39
35 38
20 45
19 45
26 33
25 33
24 33
23 33
22 33
21 33
20 33
19 33
28 33
0
Yes
25 14
25 15
25 16
25 17
26 14
26 15
26 16
26 17
0
No
0
Yes
16 46
16 47
16 48
16 49
17 46
17 47
17 48
17 49
18 46
18 47
18 48
18 49
19 46
19 47
19 48
19 49
20 46
20 47
20 48
0
No
0
Yes
9 30
9 31
10 30
10 31
11 30
11 31
12 30
12 31
0
Yes
8 30
8 31
9 30
9 31
10 30
10 31
11 30
11 31
12 30
12 31
0
No
0
No
0
Yes
25 36
25 37
25 38
25 39
25 40
26 36
26 37
26 38
26 39
26 40
27 36
27 37
27 38
27 39
27 40
28 36
28 37
28 38
28 39
28 40
29 36
29 37
29 38
29 39
29 40
30 36
30 37
30 38
30 39
0
Yes
11 42
11 43
11 44
11 45
11 46
11 47
12 42
12 43
12 44
12 45
12 46
12 47
13 42
13 43
13 44
13 45
13 46
13 47
14 42
14 43
14 44
14 45
14 46
14 47
15 42
15 43
15 44
15 45
15 46
15 47
16 42
16 43
16 44
16 45
0
No
0
No
0
Yes
36 45
35 45
36 44
35 44
36 46
35 46
37 45
37 44
37 46
34 45
34 44
34 46
36 43
35 43
37 43
34 43
36 47
35 47
37 47
34 47
38 45
38 44
38 46
38 43
38 47
33 45
33 44
33 46
33 43
33 47
36 42
37 42
36 48
35 48
37 48
34 48
38 48
33 48
39 45
39 44
39 46
39 43
39 47
39 48
32 45
32 44
32 46
32 43
32 47
32 48
36 41
37 41
36 49
35 49
37 49
34 49
38 49
33 49
39 49
32 49
40 45
40 44
40 46
40 43
40 47
40 48
40 49
31 45
31 44
31 46
31 43
31 47
31 48
31 49
36 40
37 40
41 45
41 44
41 46
41 43
41 47
41 48
41 49
38 40
39 40
30 45
30 44
30 46
30 43
30 47
30 48
30 49
36 39
37 39
38 39
42 45
42 44
42 46
42 43
42 47
42 48
42 49
29 45
29 44
29 46
29 43
29 47
29 48
29 49
37 38
38 38
43 46
43 47
43 48
43 49
39 38
28 45
28 44
28 46
28 43
28 47
28 48
28 49
37 37
38 37
39 37
44 48
44 49
40 37
38 36
45 48
45 49
0
No
0
No
0
No
0
Yes
48 18
47 18
48 17
47 17
48 19
47 19
49 18
49 17
49 19
46 18
46 17
46 19
48 16
47 16
49 16
46 16
48 20
47 20
49 20
46 20
45 18
45 17
45 19
45 16
45 20
48 15
47 15
49 15
46 15
45 15
48 21
47 21
49 21
46 21
45 21
48 14
47 14
49 14
46 14
45 14
48 22
47 22
49 22
46 22
44 19
44 20
44 15
44 14
48 13
47 13
49 13
46 13
45 13
44 13
48 23
47 23
49 23
46 23
43 19
43 20
43 18
43 17
43 21
45 23
48 12
47 12
49 12
46 12
45 12
48 24
47 24
49 24
46 24
42 17
42 19
42 20
42 21
43 14
44 23
48 11
47 11
49 11
46 11
45 11
48 25
47 25
49 25
46 25
41 19
42 14
42 15
41 15
41 14
42 13
41 13
48 10
47 10
49 10
46 10
0
Yes
11 32
11 33
11 34
11 35
11 36
11 37
11 38
11 39
12 32
12 33
12 34
12 35
12 36
12 37
12 38
12 39
13 32
13 33
13 34
13 35
13 36
13 37
13 38
13 39
14 32
14 33
14 34
14 35
14 36
14 37
14 38
14 39
15 32
15 33
15 34
15 35
15 36
15 37
15 38
15 39
16 32
16 33
16 34
16 35
16 36
16 37
16 38
16 39
17 32
17 33
17 34
17 35
17 36
17 37
17 38
17 39
18 32
18 33
18 34
18 35
18 36
18 37
18 38
18 39
19 32
0
Yes
14 14
14 15
14 16
14 17
14 18
14 19
15 14
15 15
15 16
15 17
15 18
15 19
16 14
16 15
16 16
16 17
16 18
16 19
17 14
17 15
17 16
17 17
17 18
17 19
18 14
18 15
18 16
18 17
18 18
18 19
19 14
19 15
19 16
19 17
0
No
0
Yes
27 11
27 12
27 13
27 14
27 15
28 11
28 12
28 13
28 14
28 15
29 11
29 12
29 13
29 14
29 15
30 11
30 12
30 13
30 14
30 15
31 11
31 12
31 13
31 14
31 15
32 11
32 12
32 13
32 14
0
Yes
14 40
14 41
14 42
14 43
14 44
15 40
15 41
15 42
15 43
15 44
16 40
16 41
16 42
16 43
16 44
17 40
17 41
17 42
17 43
17 44
18 40
18 41
18 42
18 43
18 44
0
Yes
27 16
27 17
27 18
27 19
27 20
27 21
27 22
28 16
28 17
28 18
28 19
28 20
28 21
28 22
29 16
29 17
29 18
29 19
29 20
29 21
29 22
30 16
30 17
30 18
30 19
30 20
30 21
30 22
31 16
31 17
31 18
31 19
31 20
31 21
31 22
32 16
32 17
32 18
32 19
32 20
0
No
0
No
0
Yes
41 6
41 7
41 8
42 6
42 7
0
No
0
No
0
No
0
No
0
Yes
9 32
9 33
9 34
9 35
9 36
9 37
10 32
10 33
10 34
10 35
10 36
10 37
11 32
11 33
11 34
11 35
11 36
11 37
12 32
12 33
12 34
12 35
12 36
12 37
13 32
13 33
13 34
13 35
13 36
13 37
14 32
14 33
14 34
14 35
14 36
14 37
15 32
15 33
0
Yes
30 29
30 30
31 29
31 30
0
Yes
9 16
9 17
9 18
9 19
10 16
10 17
10 18
10 19
11 16
11 17
11 18
11 19
12 16
12 17
0
No
0
Yes
48 20
47 20
48 19
47 19
48 21
47 21
49 20
49 19
49 21
46 20
46 19
46 21
48 18
47 18
49 18
46 18
48 22
47 22
49 22
46 22
45 20
45 19
45 21
45 18
48 17
47 17
49 17
46 17
45 17
48 23
47 23
49 23
46 23
44 20
44 19
48 16
47 16
49 16
46 16
45 16
48 24
47 24
49 24
46 24
45 23
43 20
43 19
44 23
48 15
47 15
49 15
46 15
45 15
48 25
47 25
49 25
46 25
43 21
43 18
43 17
42 20
42 19
42 21
48 14
47 14
49 14
46 14
45 14
48 26
47 26
49 26
44 15
44 14
42 17
48 13
47 13
49 13
46 13
45 13
44 13
48 27
47 27
49 27
41 19
43 14
48 12
47 12
49 12
46 12
45 12
48 28
47 28
49 28
46 28
42 14
42 15
41 15
41 14
48 11
47 11
49 11
46 11
45 11
48 29
47 29
49 29
46 29
42 13
41 13
48 10
47 10
49 10
46 10
45 10
48 30
47 30
49 30
46 30
45 30
44 10
48 9
47 9
49 9
46 9
45 9
44 9
47 31
46 31
45 31
49 31
44 31
48 8
47 8
49 8
46 8
45 8
44 8
47 32
46 32
45 32
49 32
0
Yes
11 42
10 42
11 41
11 43
12 42
10 41
10 43
12 41
12 43
11 40
11 44
13 42
9 41
10 40
10 44
12 40
12 44
13 41
13 43
9 40
9 44
13 40
13 44
11 39
11 45
10 39
10 45
12 39
12 45
8 40
8 44
9 39
9 45
13 39
13 45
11 38
10 38
12 38
8 39
8 45
9 38
13 38
8 38
0
No
0
No
0
No
0
Yes
11 46
11 47
11 48
11 49
12 46
12 47
12 48
12 49
13 46
13 47
13 48
13 49
14 46
14 47
14 48
14 49
15 46
15 47
15 48
15 49
16 46
16 47
16 48
16 49
17 46
17 47
17 48
17 49
18 46
18 47
18 48
18 49
19 46
19 47
19 48
19 49
20 46
20 47
0
Yes
27 11
27 12
27 13
27 14
27 15
28 11
28 12
28 13
28 14
28 15
29 11
29 12
29 13
29 14
29 15
30 11
30 12
30 13
30 14
30 15
31 11
31 12
31 13
31 14
31 15
32 11
32 12
32 13
0
Yes
6 8
6 9
6 10
6 11
6 12
6 13
7 8
7 9
7 10
7 11
7 12
7 13
8 8
8 9
8 10
8 11
8 12
8 13
9 8
9 9
9 10
9 11
9 12
9 13
10 8
10 9
10 10
10 11
10 12
10 13
11 8
11 9
11 10
11 11
11 12
11 13
12 8
0
Yes
15 21
15 22
15 23
15 24
16 21
16 22
16 23
16 24
17 21
17 22
17 23
17 24
18 21
18 22
18 23
18 24
19 21
19 22
19 23
0
No
0
Yes
25 38
25 39
24 38
24 39
26 38
26 39
25 37
25 40
24 37
24 40
26 37
26 40
23 38
23 39
27 38
27 39
23 37
23 40
25 36
25 41
27 37
27 40
24 36
24 41
26 36
26 41
22 38
22 39
28 38
28 39
23 36
23 41
27 36
27 41
22 37
22 40
28 37
28 40
25 35
25 42
24 35
24 42
26 35
26 42
22 36
22 41
28 36
28 41
21 38
21 39
23 35
23 42
27 35
27 42
29 38
29 39
21 37
21 40
29 37
29 40
25 34
25 43
22 35
22 42
24 34
24 43
26 34
26 43
28 35
28 42
21 36
21 41
29 36
29 41
23 34
23 43
27 34
27 43
20 38
20 39
30 38
30 39
20 37
20 40
30 37
30 40
21 35
21 42
29 35
29 42
22 34
22 43
28 34
25 33
20 36
20 41
24 33
26 33
30 36
30 41
23 33
19 38
19 39
21 34
21 43
29 34
20 35
20 42
30 35
30 42
19 37
19 40
22 33
28 33
19 36
19 41
20 34
20 43
21 33
19 35
19 42
20 33
19 34
19 43
19 33
0
No
0
Yes
14 45
14 46
14 47
14 48
14 49
15 45
15 46
15 47
15 48
15 49
16 45
16 46
16 47
16 48
16 49
17 45
17 46
17 47
17 48
17 49
18 45
18 46
18 47
18 48
18 49
19 45
19 46
19 47
19 48
19 49
20 45
20 46
20 47
20 48
20 49
0
Yes
6 14
6 15
7 14
7 15
8 14
8 15
9 14
0
Yes
6 8
6 9
6 10
6 11
6 12
6 13
7 8
7 9
7 10
7 11
7 12
7 13
8 8
8 9
8 10
8 11
8 12
8 13
9 8
9 9
9 10
9 11
9 12
9 13
10 8
10 9
10 10
10 11
10 12
10 13
11 8
0
Yes
7 47
7 48
8 47
8 48
9 47
9 48
10 47
10 48
0
Yes
43 0
43 1
43 2
43 3
43 4
43 5
43 6
43 7
43 8
44 0
44 1
44 2
44 3
44 4
44 5
44 6
44 7
44 8
45 0
45 1
45 2
45 3
45 4
45 5
45 6
45 7
45 8
46 0
46 1
46 2
46 3
46 4
46 5
46 6
46 7
46 8
47 0
47 1
47 2
47 3
47 4
47 5
47 6
47 7
47 8
48 0
48 1
48 2
48 3
48 4
48 5
48 6
48 7
48 8
49 0
49 1
49 2
49 3
49 4
0
No
0
Yes
31 28
31 29
32 28
32 29
33 28
33 29
34 28
0
No
0
No
0
Yes
11 38
11 39
11 40
11 41
11 42
11 43
11 44
12 38
12 39
12 40
12 41
12 42
12 43
12 44
13 38
13 39
13 40
13 41
13 42
13 43
13 44
14 38
14 39
14 40
14 41
14 42
14 43
14 44
15 38
15 39
15 40
15 41
15 42
15 43
15 44
16 38
16 39
16 40
16 41
16 42
16 43
16 44
17 38
17 39
17 40
17 41
17 42
17 43
17 44
18 38
18 39
18 40
18 41
18 42
18 43
18 44
0
No
0
Yes
43 0
43 1
43 2
43 3
43 4
43 5
43 6
44 0
44 1
44 2
44 3
44 4
44 5
44 6
45 0
45 1
45 2
45 3
45 4
45 5
45 6
46 0
46 1
46 2
46 3
46 4
46 5
46 6
47 0
47 1
47 2
47 3
47 4
47 5
47 6
48 0
48 1
48 2
48 3
48 4
48 5
48 6
49 0
49 1
49 2
49 3
49 4
0
Yes
47 16
48 16
47 15
47 17
48 15
48 17
46 16
49 16
46 15
46 17
49 15
49 17
47 14
47 18
48 14
48 18
45 16
46 14
46 18
49 14
49 18
45 15
45 17
47 13
47 19
48 13
48 19
45 14
45 18
46 13
46 19
49 13
49 19
45 13
45 19
47 12
47 20
48 12
48 20
46 12
46 20
49 12
49 20
45 12
45 20
47 11
47 21
48 11
48 21
46 11
46 21
49 11
49 21
45 11
45 21
47 10
47 22
48 10
48 22
46 10
46 22
49 10
49 22
45 10
47 9
48 9
46 9
49 9
0
No
0
No
0
Yes
28 43
28 44
28 45
28 46
28 47
28 48
28 49
29 43
29 44
29 45
29 46
29 47
29 48
29 49
30 43
30 44
30 45
30 46
30 47
30 48
30 49
31 43
31 44
31 45
31 46
31 47
31 48
31 49
32 43
32 44
32 45
32 46
32 47
32 48
32 49
33 43
33 44
33 45
33 46
33 47
33 48
33 49
34 43
34 44
34 45
34 46
34 47
34 48
34 49
35 43
35 44
35 45
35 46
35 47
35 48
35 49
36 43
36 44
36 45
36 46
36 47
36 48
36 49
37 43
37 44
37 45
37 46
37 47
37 48
37 49
38 43
38 44
38 45
38 46
38 47
38 48
38 49
39 43
39 44
39 45
39 46
39 47
39 48
39 49
40 43
40 44
40 45
40 46
40 47
40 48
40 49
41 43
41 44
41 45
41 46
41 47
41 48
41 49
42 43
42 44
42 45
42 46
42 47
42 48
0
No
0
Yes
6 8
6 9
6 10
6 11
6 12
6 13
7 8
7 9
7 10
7 11
7 12
7 13
8 8
8 9
8 10
8 11
8 12
8 13
9 8
9 9
9 10
9 11
9 12
9 13
10 8
10 9
10 10
10 11
10 12
10 13
11 8
11 9
11 10
11 11
11 12
11 13
12 8
12 9
0
No
0
Yes
31 39
31 40
31 41
31 42
32 39
32 40
32 41
32 42
33 39
33 40
33 41
33 42
34 39
34 40
34 41
34 42
35 39
35 40
35 41
35 42
36 39
36 40
36 41
36 42
37 39
37 40
37 41
37 42
0
Yes
14 14
14 15
14 16
14 17
14 18
14 19
15 14
15 15
15 16
15 17
15 18
15 19
16 14
16 15
16 16
16 17
16 18
16 19
17 14
17 15
17 16
17 17
17 18
17 19
18 14
18 15
18 16
18 17
18 18
18 19
19 14
0
Yes
37 37
37 38
38 37
38 38
39 37
39 38
40 37
0
Yes
27 11
27 12
27 13
27 14
27 15
27 16
27 17
27 18
27 19
28 11
28 12
28 13
28 14
28 15
28 16
28 17
28 18
28 19
29 11
29 12
29 13
29 14
29 15
29 16
29 17
29 18
29 19
30 11
30 12
30 13
30 14
30 15
30 16
30 17
30 18
30 19
31 11
31 12
31 13
31 14
31 15
31 16
31 17
31 18
31 19
32 11
32 12
32 13
32 14
32 15
32 16
32 17
32 18
32 19
0
Yes
0 11
0 12
0 13
0 14
1 11
1 12
1 13
1 14
2 11
2 12
2 13
2 14
0
No
0
No
0
Yes
45 30
45 31
45 32
46 30
46 31
46 32
47 30
47 31
47 32
0
No
0
No
0
No
0
No
0
Yes
15 34
15 35
15 36
15 37
15 38
15 39
15 40
15 41
15 42
15 43
15 44
16 34
16 35
16 36
16 37
16 38
16 39
16 40
16 41
16 42
16 43
16 44
17 34
17 35
17 36
17 37
17 38
17 39
17 40
17 41
17 42
17 43
17 44
18 34
18 35
18 36
18 37
18 38
18 39
18 40
18 41
18 42
18 43
18 44
19 34
19 35
19 36
19 37
19 38
19 39
19 40
19 41
19 42
19 43
19 44
20 34
20 35
20 36
20 37
20 38
20 39
20 40
20 41
20 42
20 43
20 44
21 34
21 35
21 36
21 37
21 38
21 39
21 40
21 41
21 42
21 43
21 44
22 34
22 35
22 36
22 37
22 38
22 39
22 40
22 41
22 42
22 43
22 44
23 34
23 35
23 36
23 37
23 38
23 39
23 40
23 41
23 42
23 43
23 44
24 34
24 35
24 36
24 37
24 38
24 39
24 40
24 41
24 42
24 43
24 44
25 34
25 35
25 36
25 37
25 38
25 39
25 40
25 41
25 42
25 43
25 44
26 34
26 35
26 36
26 37
26 38
26 39
26 40
26 41
26 42
26 43
26 44
27 34
27 35
27 36
27 37
27 38
27 39
27 40
27 41
27 42
27 43
27 44
0
Yes
15 0
15 1
15 2
15 3
15 4
15 5
15 6
15 7
16 0
16 1
16 2
16 3
16 4
16 5
16 6
16 7
17 0
17 1
17 2
17 3
17 4
17 5
17 6
17 7
18 0
18 1
18 2
18 3
18 4
18 5
18 6
18 7
19 0
19 1
19 2
19 3
19 4
19 5
19 6
19 7
20 0
20 1
20 2
20 3
20 4
20 5
20 6
20 7
21 0
21 1
21 2
21 3
21 4
21 5
21 6
21 7
22 0
22 1
22 2
22 3
22 4
22 5
22 6
22 7
23 0
23 1
23 2
0
No
0
Yes
43 0
43 1
43 2
43 3
43 4
43 5
44 0
44 1
44 2
44 3
44 4
44 5
45 0
45 1
45 2
45 3
45 4
45 5
46 0
46 1
46 2
46 3
46 4
46 5
47 0
47 1
47 2
47 3
47 4
47 5
48 0
48 1
48 2
48 3
48 4
48 5
49 0
49 1
49 2
0
No
0
Yes
17 8
17 9
17 10
17 11
17 12
17 13
18 8
18 9
18 10
18 11
18 12
18 13
19 8
19 9
19 10
19 11
19 12
19 13
20 8
20 9
20 10
20 11
20 12
20 13
21 8
21 9
21 10
21 11
21 12
21 13
22 8
22 9
22 10
22 11
22 12
22 13
23 8
23 9
23 10
23 11
23 12
23 13
24 8
24 9
24 10
24 11
24 12
24 13
25 8
25 9
25 10
25 11
25 12
25 13
26 8
26 9
26 10
26 11
26 12
26 13
0
Yes
18 45
18 46
18 47
18 48
18 49
19 45
19 46
19 47
19 48
19 49
20 45
20 46
20 47
20 48
20 49
21 45
21 46
21 47
21 48
21 49
22 45
22 46
22 47
22 48
22 49
23 45
23 46
23 47
23 48
23 49
24 45
24 46
24 47
24 48
24 49
25 45
25 46
25 47
25 48
25 49
26 45
26 46
26 47
26 48
26 49
27 45
27 46
27 47
27 48
27 49
0
Yes
28 38
28 39
28 40
28 41
28 42
29 38
29 39
29 40
29 41
29 42
30 38
30 39
30 40
30 41
30 42
31 38
31 39
31 40
31 41
31 42
32 38
32 39
32 40
32 41
32 42
33 38
0
Yes
18 45
17 45
18 46
17 46
19 45
19 46
16 45
16 46
18 47
17 47
19 47
16 47
20 45
20 46
20 47
15 45
15 46
15 47
18 48
17 48
19 48
16 48
20 48
15 48
21 45
21 46
21 47
21 48
14 45
14 46
14 47
14 48
18 49
17 49
19 49
16 49
20 49
15 49
21 49
14 49
22 45
22 46
22 47
22 48
22 49
14 44
14 43
13 45
13 44
13 46
13 43
13 47
13 48
13 49
14 42
13 42
23 45
23 46
23 47
23 48
23 49
14 41
13 41
12 45
12 44
12 46
12 43
12 47
12 42
12 48
12 41
12 49
24 45
24 46
24 47
24 48
24 49
14 40
13 40
12 40
11 45
11 44
11 46
11 43
11 47
11 42
11 48
11 41
11 49
11 40
25 45
25 46
25 47
25 48
25 49
14 39
13 39
12 39
11 39
10 45
10 44
10 43
10 42
10 41
10 40
10 39
26 45
26 46
26 47
26 48
26 49
14 38
13 38
12 38
11 38
10 38
10 49
9 45
9 44
27 45
27 46
27 47
27 48
27 49
9 41
9 40
9 39
9 38
0
Yes
46 16
45 16
46 15
45 15
46 17
45 17
47 16
47 15
47 17
46 14
45 14
47 14
46 18
45 18
47 18
48 16
48 15
48 17
48 14
48 18
44 15
44 14
46 13
45 13
47 13
44 13
48 13
46 19
45 19
47 19
48 19
49 16
49 15
49 17
49 14
49 18
49 13
49 19
43 14
44 19
46 12
45 12
47 12
48 12
49 12
46 20
45 20
47 20
44 20
48 20
49 20
43 19
43 20
43 18
43 17
42 17
42 14
42 15
42 13
42 19
42 20
46 11
45 11
47 11
48 11
49 11
46 21
45 21
47 21
48 21
49 21
41 15
41 14
41 13
41 19
43 21
42 21
46 10
45 10
47 10
48 10
49 10
46 22
47 22
48 22
49 22
44 10
46 9
45 9
47 9
44 9
48 9
49 9
46 23
47 23
48 23
49 23
45 23
44 23
43 9
46 8
45 8
47 8
44 8
48 8
43 8
49 8
46 24
47 24
48 24
49 24
42 9
42 8
46 7
45 7
47 7
44 7
48 7
43 7
49 7
42 7
46 25
47 25
48 25
49 25
41 8
41 7
46 6
45 6
47 6
44 6
48 6
43 6
49 6
42 6
41 6
47 26
48 26
49 26
0
Yes
7 37
7 38
8 37
8 38
0
Yes
30 29
30 30
31 29
31 30
32 29
0
Yes
13 15
13 16
13 17
13 18
13 19
13 20
13 21
13 22
14 15
14 16
14 17
14 18
14 19
14 20
14 21
14 22
15 15
15 16
15 17
15 18
15 19
15 20
15 21
15 22
16 15
16 16
16 17
16 18
16 19
16 20
16 21
16 22
17 15
17 16
17 17
17 18
17 19
17 20
17 21
17 22
18 15
18 16
18 17
18 18
18 19
18 20
18 21
18 22
19 15
19 16
19 17
0
Yes
6 14
6 15
7 14
7 15
8 14
8 15
9 14
0
Yes
33 39
33 40
33 41
33 42
34 39
34 40
34 41
34 42
35 39
35 40
35 41
35 42
36 39
36 40
36 41
36 42
37 39
0
No
0
No
0
No
0
No
0
Yes
14 45
14 46
14 47
14 48
14 49
15 45
15 46
15 47
15 48
15 49
16 45
16 46
16 47
16 48
16 49
17 45
17 46
17 47
17 48
17 49
18 45
18 46
18 47
18 48
18 49
19 45
19 46
19 47
19 48
19 49
20 45
20 46
20 47
20 48
20 49
21 45
21 46
21 47
21 48
21 49
22 45
22 46
22 47
22 48
22 49
23 45
23 46
23 47
23 48
23 49
24 45
24 46
24 47
24 48
24 49
25 45
25 46
25 47
25 48
25 49
26 45
26 46
26 47
26 48
26 49
27 45
27 46
27 47
27 48
27 49
0
No
0
No
0
No
0
Yes
20 6
19 6
20 5
19 5
20 7
19 7
21 6
21 5
21 7
18 6
18 5
18 7
20 4
19 4
21 4
18 4
22 6
22 5
22 7
22 4
17 6
17 5
17 7
17 4
20 3
19 3
21 3
18 3
22 3
17 3
23 6
23 5
23 7
23 4
23 3
16 6
16 5
16 7
16 4
16 3
20 2
19 2
21 2
18 2
22 2
17 2
23 2
16 2
24 6
24 5
24 7
24 4
24 3
24 2
16 8
15 6
15 5
15 7
15 4
15 8
15 3
15 2
16 9
15 9
20 1
19 1
21 1
18 1
22 1
17 1
23 1
16 1
24 1
15 1
25 6
25 5
25 7
25 4
25 3
25 2
25 1
16 10
15 10
14 6
14 5
14 7
14 8
14 9
14 10
20 0
19 0
21 0
18 0
22 0
17 0
23 0
16 0
24 0
15 0
25 0
26 6
26 5
26 7
26 4
26 3
26 2
26 1
26 0
16 11
15 11
14 11
27 6
27 5
27 7
27 4
27 3
27 2
27 1
27 0
16 12
15 12
14 12
13 8
13 9
13 10
13 11
13 12
27 8
27 9
28 6
28 5
28 7
28 4
28 8
16 13
15 13
14 13
13 13
12 10
12 11
12 12
12 13
16 14
15 14
14 14
13 14
12 14
17 14
0
Yes
17 46
16 46
17 45
16 45
17 47
16 47
18 46
18 45
18 47
15 46
15 45
15 47
17 48
16 48
18 48
15 48
19 46
19 45
19 47
19 48
14 46
14 45
14 47
14 48
17 49
16 49
18 49
15 49
19 49
14 49
20 46
20 45
20 47
20 48
20 49
14 44
13 46
13 45
13 47
13 44
13 48
13 49
21 46
21 45
21 47
21 48
21 49
14 43
13 43
12 46
12 45
12 47
12 44
12 48
12 43
12 49
14 42
13 42
12 42
22 46
22 45
22 47
22 48
22 49
14 41
13 41
12 41
11 46
11 45
11 47
11 44
11 48
11 43
11 49
11 42
11 41
23 46
23 45
23 47
23 48
23 49
14 40
13 40
12 40
11 40
24 46
24 45
24 47
24 48
24 49
10 45
10 44
10 43
10 42
10 41
10 40
0
No
0
No
0
No
0
No
0
Yes
11 17
11 18
10 17
10 18
12 17
12 18
11 16
11 19
10 16
10 19
12 16
12 19
9 17
9 18
9 16
9 19
11 15
10 15
12 15
12 20
9 15
11 14
10 14
0
Yes
28 21
28 22
29 21
29 22
27 21
27 22
28 20
29 20
30 21
30 22
27 20
30 20
26 21
26 22
31 21
31 22
26 20
31 20
25 21
25 20
0
Yes
15 38
15 39
15 40
15 41
15 42
15 43
15 44
16 38
16 39
16 40
16 41
16 42
16 43
16 44
17 38
17 39
17 40
17 41
17 42
17 43
17 44
18 38
18 39
18 40
18 41
18 42
18 43
18 44
19 38
19 39
19 40
19 41
19 42
19 43
19 44
20 38
20 39
20 40
20 41
20 42
20 43
20 44
21 38
21 39
21 40
21 41
21 42
21 43
21 44
22 38
22 39
22 40
22 41
22 42
22 43
22 44
23 38
23 39
23 40
23 41
23 42
23 43
23 44
0
Yes
21 35
20 35
21 34
20 34
21 36
20 36
22 35
22 34
22 36
19 35
19 34
19 36
21 33
20 33
22 33
19 33
21 37
20 37
22 37
19 37
23 35
23 34
23 36
23 33
23 37
18 35
18 34
18 36
18 33
18 37
24 35
24 34
24 36
24 33
24 37
19 32
18 32
17 35
17 34
17 36
17 33
17 37
17 32
25 35
25 34
25 36
25 33
25 37
24 32
25 32
24 38
25 38
19 31
18 31
17 31
16 35
16 34
16 36
16 33
16 37
16 32
16 31
24 31
24 39
25 39
26 35
26 34
26 36
26 33
26 37
26 38
26 39
18 30
17 30
16 30
24 40
25 40
26 40
15 35
15 34
15 36
15 37
27 35
27 34
27 36
27 37
27 38
27 39
27 40
18 29
17 29
19 29
24 41
25 41
26 41
27 41
28 35
28 34
28 36
28 37
15 31
15 30
28 33
18 28
17 28
24 42
25 42
26 42
27 42
28 32
29 35
29 34
29 36
29 37
28 31
15 29
18 27
17 27
19 27
20 27
21 27
24 43
25 43
26 43
27 43
29 31
30 35
30 36
30 37
20 26
19 26
18 26
17 26
14 29
16 27
16 26
24 44
25 44
26 44
27 44
0
No
0
No
0
Yes
30 15
30 16
29 15
29 16
31 15
31 16
30 14
30 17
29 14
29 17
31 14
31 17
28 15
28 16
32 15
32 16
28 14
28 17
30 13
30 18
32 14
32 17
29 13
29 18
31 13
31 18
27 15
27 16
33 15
33 16
28 13
28 18
32 13
32 18
27 14
27 17
33 14
33 17
30 12
30 19
29 12
29 19
31 12
31 19
27 13
27 18
33 13
33 18
28 12
28 19
32 12
32 19
30 11
27 12
27 19
29 11
31 11
33 12
33 19
26 18
28 11
32 11
26 19
27 11
33 11
0
No
0
Yes
28 38
28 39
28 40
28 41
29 38
29 39
29 40
29 41
30 38
30 39
30 40
30 41
31 38
31 39
0
No
0
No
0
No
0
Yes
48 34
48 35
48 36
49 34
49 35
49 36
0
No
0
Yes
26 37
26 38
26 39
26 40
26 41
26 42
27 37
27 38
27 39
27 40
27 41
27 42
28 37
28 38
28 39
28 40
28 41
28 42
29 37
29 38
29 39
29 40
29 41
29 42
30 37
30 38
30 39
30 40
30 41
30 42
31 37
31 38
31 39
31 40
31 41
31 42
32 37
32 38
0
Yes
21 35
21 36
20 35
20 36
22 35
22 36
21 34
21 37
20 34
20 37
22 34
22 37
19 35
19 36
23 35
23 36
19 34
19 37
21 33
23 34
23 37
20 33
22 33
18 35
18 36
24 35
24 36
19 33
23 33
18 34
18 37
24 34
24 37
18 33
24 33
17 35
17 36
25 35
25 36
17 34
17 37
25 34
25 37
17 33
25 33
16 35
16 36
26 35
26 36
16 34
16 37
26 34
16 33
26 33
15 35
15 36
15 34
0
Yes
20 35
19 35
20 34
19 34
20 36
19 36
21 35
21 34
21 36
18 35
18 34
18 36
20 33
19 33
21 33
18 33
20 37
19 37
21 37
18 37
22 35
22 34
22 36
22 33
22 37
17 35
17 34
17 36
17 33
17 37
23 35
23 34
23 36
23 33
23 37
19 32
18 32
17 32
16 35
16 34
16 36
16 33
16 37
16 32
24 35
24 34
24 36
24 33
24 37
19 31
18 31
17 31
16 31
15 35
15 34
15 36
15 37
24 32
24 38
25 35
25 34
25 36
25 33
25 37
25 32
25 38
18 30
17 30
16 30
24 31
24 39
25 39
26 35
26 34
26 36
26 33
0
No
0
No
0
Yes
6 8
6 9
6 10
6 11
6 12
6 13
7 8
7 9
7 10
7 11
7 12
7 13
8 8
8 9
8 10
8 11
8 12
8 13
9 8
9 9
9 10
9 11
9 12
9 13
10 8
10 9
10 10
10 11
10 12
10 13
11 8
0
No
0
No
0
Yes
15 0
15 1
15 2
15 3
15 4
15 5
15 6
15 7
16 0
16 1
16 2
16 3
16 4
16 5
16 6
16 7
17 0
17 1
17 2
17 3
17 4
17 5
17 6
17 7
18 0
18 1
18 2
18 3
18 4
18 5
18 6
18 7
19 0
19 1
19 2
19 3
19 4
19 5
19 6
19 7
20 0
20 1
20 2
20 3
20 4
20 5
20 6
20 7
21 0
21 1
21 2
21 3
21 4
21 5
21 6
21 7
22 0
22 1
22 2
22 3
22 4
22 5
22 6
22 7
23 0
23 1
23 2
23 3
23 4
23 5
23 6
23 7
24 0
24 1
24 2
24 3
24 4
24 5
24 6
24 7
25 0
25 1
25 2
25 3
25 4
25 5
25 6
25 7
26 0
26 1
26 2
26 3
26 4
26 5
26 6
26 7
0
Yes
27 6
27 7
27 8
28 6
28 7
28 8
29 6
29 7
29 8
30 6
30 7
0
No
0
No
0
Yes
16 45
15 45
16 46
15 46
17 45
17 46
14 45
14 46
16 47
15 47
17 47
14 47
18 45
18 46
18 47
14 44
14 43
13 45
13 44
13 46
13 43
13 47
16 48
15 48
17 48
14 48
18 48
13 48
19 45
19 46
19 47
19 48
14 42
13 42
12 45
12 44
12 46
12 43
12 47
12 42
12 48
16 49
15 49
17 49
14 49
18 49
13 49
19 49
12 49
20 45
20 46
20 47
20 48
20 49
14 41
13 41
12 41
11 45
11 44
11 46
11 43
11 47
11 42
11 48
11 41
11 49
21 45
21 46
21 47
21 48
21 49
14 40
13 40
12 40
11 40
10 45
10 44
10 43
10 42
10 41
10 40
22 45
22 46
22 47
22 48
22 49
14 39
13 39
12 39
11 39
10 39
9 45
9 44
23 45
23 46
23 47
23 48
23 49
10 49
14 38
13 38
12 38
11 38
10 38
8 45
8 44
0
Yes
13 8
13 9
13 10
13 11
13 12
13 13
13 14
13 15
13 16
13 17
14 8
14 9
14 10
14 11
14 12
14 13
14 14
14 15
14 16
14 17
15 8
15 9
15 10
15 11
15 12
15 13
15 14
15 15
15 16
15 17
16 8
16 9
16 10
16 11
16 12
16 13
16 14
16 15
16 16
16 17
17 8
17 9
17 10
17 11
17 12
17 13
17 14
17 15
17 16
17 17
18 8
18 9
18 10
18 11
18 12
18 13
18 14
18 15
18 16
18 17
19 8
19 9
19 10
19 11
19 12
19 13
19 14
19 15
19 16
19 17
20 8
20 9
20 10
20 11
20 12
20 13
20 14
20 15
20 16
20 17
21 8
21 9
21 10
21 11
21 12
21 13
21 14
21 15
21 16
21 17
22 8
22 9
22 10
22 11
22 12
22 13
22 14
22 15
22 16
22 17
23 8
23 9
23 10
23 11
23 12
23 13
23 14
23 15
23 16
23 17
24 8
24 9
24 10
24 11
24 12
24 13
24 14
24 15
24 16
24 17
25 8
25 9
25 10
25 11
25 12
25 13
25 14
25 15
25 16
25 17
26 8
26 9
26 10
26 11
26 12
26 13
0
Yes
27 34
27 35
27 36
28 34
28 35
28 36
29 34
29 35
29 36
0
No
0
Yes
20 41
20 42
21 41
21 42
19 41
19 42
20 40
20 43
21 40
21 43
22 41
22 42
19 40
19 43
22 40
22 43
18 41
18 42
20 39
20 44
21 39
21 44
23 41
23 42
18 40
18 43
19 39
19 44
22 39
22 44
23 40
23 43
17 41
17 42
18 39
18 44
20 38
21 38
23 39
23 44
24 41
24 42
17 40
17 43
19 38
22 38
24 40
24 43
17 39
17 44
18 38
23 38
24 44
16 41
16 42
25 41
25 42
16 40
16 43
25 40
25 43
17 38
16 39
16 44
25 44
15 41
15 42
15 40
15 43
16 38
0
No
0
No
0
No
0
No
0
No
0
No
0
No
0
Yes
35 46
36 46
35 45
35 47
36 45
36 47
34 46
37 46
34 45
34 47
37 45
37 47
35 44
35 48
36 44
36 48
33 46
34 44
34 48
37 44
37 48
38 46
33 45
33 47
38 45
38 47
35 43
35 49
36 43
36 49
33 44
33 48
38 44
38 48
34 43
34 49
37 43
37 49
32 46
39 46
32 45
32 47
39 45
39 47
33 43
33 49
38 43
38 49
32 44
32 48
35 42
36 42
39 44
39 48
34 42
37 42
31 46
40 46
31 45
31 47
32 43
32 49
39 43
39 49
40 45
40 47
33 42
31 44
31 48
40 44
40 48
32 42
31 43
31 49
40 43
40 49
30 46
41 46
30 45
30 47
41 45
41 47
30 44
30 48
41 44
41 48
30 43
30 49
41 43
41 49
29 46
42 46
29 45
29 47
42 45
42 47
29 44
29 48
42 44
42 48
29 43
29 49
42 43
42 49
28 46
43 46
28 45
28 47
43 47
28 44
28 48
43 48
28 43
28 49
43 49
27 46
27 45
27 47
27 44
27 48
27 43
27 49
0
Yes
26 43
26 44
26 45
26 46
26 47
26 48
26 49
27 43
27 44
27 45
27 46
27 47
27 48
27 49
28 43
28 44
28 45
28 46
28 47
28 48
28 49
29 43
29 44
29 45
29 46
29 47
29 48
29 49
30 43
30 44
30 45
30 46
30 47
30 48
30 49
31 43
31 44
31 45
31 46
31 47
31 48
31 49
32 43
32 44
32 45
32 46
32 47
32 48
32 49
33 43
33 44
33 45
33 46
33 47
33 48
33 49
34 43
34 44
34 45
34 46
34 47
34 48
34 49
35 43
35 44
35 45
35 46
35 47
35 48
35 49
36 43
36 44
36 45
36 46
36 47
36 48
36 49
37 43
37 44
37 45
37 46
37 47
37 48
37 49
38 43
38 44
38 45
38 46
38 47
38 48
38 49
39 43
39 44
39 45
39 46
39 47
39 48
39 49
40 43
40 44
40 45
40 46
40 47
40 48
40 49
41 43
41 44
41 45
41 46
41 47
41 48
41 49
42 43
42 44
42 45
0
No
0
No
0
No
0
Yes
30 29
30 30
31 29
31 30
32 29
0
Yes
30 17
29 17
30 16
30 18
31 17
29 16
29 18
31 16
31 18
28 17
30 15
30 19
32 17
28 16
28 18
29 15
29 19
31 15
31 19
32 16
32 18
28 15
28 19
32 15
32 19
27 17
30 14
30 20
33 17
27 16
27 18
29 14
29 20
31 14
31 20
33 16
33 18
27 15
27 19
28 14
28 20
32 14
32 20
33 15
33 19
26 17
30 13
30 21
26 16
26 18
29 13
29 21
31 13
31 21
27 14
27 20
33 14
26 15
26 19
28 13
28 21
32 13
26 14
26 20
27 13
27 21
30 12
30 22
33 13
29 12
29 22
31 12
31 22
28 12
28 22
32 12
26 21
27 12
27 22
33 12
30 11
29 11
31 11
28 11
32 11
0
Yes
12 40
11 40
12 39
11 39
12 41
11 41
13 40
13 39
13 41
10 40
10 39
10 41
12 38
11 38
13 38
10 38
12 42
11 42
13 42
10 42
14 40
14 39
14 41
14 38
14 42
9 40
9 39
9 41
9 38
12 37
11 37
13 37
10 37
14 37
9 37
12 43
11 43
13 43
10 43
14 43
15 39
15 38
8 40
8 39
8 38
8 37
12 36
11 36
13 36
10 36
14 36
9 36
12 44
11 44
13 44
10 44
14 44
9 44
12 35
11 35
13 35
10 35
14 35
9 35
12 45
11 45
13 45
10 45
14 45
9 45
15 44
15 45
7 38
7 37
8 44
8 45
12 34
11 34
13 34
10 34
14 34
9 34
12 46
11 46
13 46
14 46
15 46
16 45
16 46
12 33
11 33
13 33
10 33
14 33
9 33
12 47
11 47
13 47
14 47
15 47
16 47
7 45
17 45
17 46
17 47
15 33
18 45
18 46
18 47
12 32
11 32
13 32
10 32
14 32
9 32
15 32
12 48
11 48
13 48
14 48
15 48
16 48
17 48
18 48
19 45
19 46
19 47
19 48
12 31
11 31
13 31
10 31
9 31
12 49
11 49
13 49
14 49
15 49
16 49
17 49
18 49
0
Yes
0 12
0 13
0 14
1 12
1 13
1 14
2 12
2 13
2 14
0
Yes
15 18
14 18
15 19
14 19
16 18
16 19
13 18
13 19
15 20
14 20
16 20
13 20
17 18
17 19
17 20
12 18
12 19
12 20
15 21
14 21
16 21
13 21
17 21
12 21
18 18
18 19
18 20
18 21
12 17
12 16
11 18
11 17
11 19
11 16
15 22
14 22
16 22
13 22
17 22
18 22
19 19
12 15
11 15
10 18
10 17
10 19
10 16
10 15
12 14
11 14
10 14
15 23
14 23
16 23
17 23
18 23
19 21
19 22
19 23
12 13
11 13
10 13
20 21
9 18
9 17
9 19
9 16
9 15
9 14
9 13
15 24
16 24
17 24
18 24
12 12
11 12
10 12
9 12
16 25
17 25
8 15
8 14
8 13
8 12
12 11
11 11
10 11
9 11
8 11
16 26
17 26
7 15
7 14
7 13
7 12
7 11
12 10
11 10
10 10
9 10
8 10
7 10
18 26
19 26
16 27
17 27
18 27
19 27
15 27
20 26
20 27
6 15
6 14
6 13
6 12
6 11
6 10
12 9
11 9
10 9
9 9
8 9
7 9
6 9
17 28
18 28
12 8
11 8
10 8
9 8
8 8
7 8
6 8
21 27
0
Yes
46 0
46 1
46 2
46 3
46 4
46 5
47 0
47 1
47 2
47 3
47 4
47 5
48 0
48 1
48 2
48 3
48 4
48 5
49 0
49 1
49 2
49 3
49 4
49 5
0
No
0
No
0
No
0
No
0
No
0
Yes
45 15
44 15
45 14
44 14
45 16
46 15
46 14
46 16
45 13
44 13
46 13
45 17
46 17
47 15
47 14
47 16
47 13
47 17
43 14
45 12
46 12
47 12
45 18
46 18
47 18
48 15
48 14
48 16
48 13
48 17
48 12
48 18
42 14
42 15
42 13
41 15
41 14
41 13
45 11
46 11
47 11
48 11
45 19
46 19
47 19
48 19
49 15
49 14
49 16
49 13
49 17
49 12
49 18
49 11
49 19
44 19
43 19
43 18
43 17
42 17
42 19
45 10
46 10
47 10
48 10
49 10
45 20
44 20
46 20
43 20
47 20
42 20
48 20
49 20
44 10
41 19
45 9
44 9
46 9
47 9
48 9
49 9
45 21
46 21
47 21
48 21
49 21
43 9
43 21
42 21
42 9
45 8
44 8
46 8
43 8
47 8
42 8
48 8
49 8
46 22
47 22
48 22
49 22
45 7
44 7
46 7
43 7
47 7
42 7
48 7
49 7
41 8
41 7
46 23
47 23
48 23
49 23
45 23
44 23
45 6
44 6
46 6
43 6
47 6
42 6
48 6
41 6
49 6
46 24
47 24
48 24
49 24
45 5
44 5
43 5
46 25
47 25
48 25
49 25
45 4
44 4
43 4
47 26
48 26
49 26
42 4
45 3
44 3
43 3
42 3
0
No
0
No
0
Yes
36 40
35 40
36 39
35 39
36 41
35 41
37 40
37 39
37 41
34 40
34 39
34 41
36 42
35 42
37 42
34 42
38 40
38 39
35 38
34 38
37 38
38 38
33 40
33 39
33 41
33 38
33 42
39 40
35 37
37 37
38 37
39 38
39 37
32 40
32 39
32 41
32 42
35 36
38 36
40 37
0
No
0
Yes
13 8
13 9
13 10
13 11
13 12
13 13
13 14
13 15
13 16
14 8
14 9
14 10
14 11
14 12
14 13
14 14
14 15
14 16
15 8
15 9
15 10
15 11
15 12
15 13
15 14
15 15
15 16
16 8
16 9
16 10
16 11
16 12
16 13
16 14
16 15
16 16
17 8
17 9
17 10
17 11
17 12
17 13
17 14
17 15
17 16
18 8
18 9
18 10
18 11
18 12
18 13
18 14
18 15
18 16
19 8
19 9
19 10
19 11
19 12
19 13
19 14
19 15
19 16
20 8
20 9
20 10
20 11
20 12
20 13
20 14
20 15
20 16
21 8
21 9
21 10
21 11
21 12
21 13
21 14
21 15
21 16
22 8
0
No
0
Yes
26 43
26 44
26 45
26 46
26 47
26 48
26 49
27 43
27 44
27 45
27 46
27 47
27 48
27 49
28 43
28 44
28 45
28 46
28 47
28 48
28 49
29 43
29 44
29 45
29 46
29 47
29 48
29 49
30 43
30 44
30 45
30 46
30 47
30 48
30 49
31 43
31 44
31 45
31 46
31 47
31 48
31 49
32 43
0
No
0
No
0
No
0
No
0
No
0
No
0
Yes
20 45
20 46
20 47
20 48
21 45
21 46
21 47
21 48
22 45
22 46
22 47
22 48
23 45
23 46
23 47
23 48
24 45
24 46
24 47
0
No
0
No
0
No
0
Yes
38 46
38 47
39 46
39 47
37 46
37 47
38 45
38 48
39 45
39 48
40 46
40 47
37 45
37 48
40 45
40 48
36 46
36 47
38 44
38 49
39 44
39 49
41 46
41 47
36 45
36 48
37 44
37 49
40 44
40 49
41 45
41 48
35 46
35 47
36 44
36 49
38 43
39 43
41 44
41 49
42 46
42 47
35 45
35 48
37 43
40 43
42 45
42 48
35 44
35 49
36 43
41 43
42 44
42 49
34 46
34 47
43 46
43 47
34 45
34 48
43 48
35 43
42 43
34 44
34 49
43 49
33 46
33 47
33 45
33 48
34 43
44 48
33 44
33 49
44 49
32 46
32 47
33 43
32 45
32 48
32 44
32 49
0
Yes
26 37
26 38
26 39
26 40
26 41
26 42
27 37
27 38
27 39
27 40
27 41
27 42
28 37
28 38
28 39
28 40
28 41
28 42
29 37
29 38
29 39
29 40
29 41
29 42
30 37
30 38
30 39
30 40
30 41
30 42
31 37
31 38
31 39
31 40
31 41
31 42
0
Yes
27 34
27 35
27 36
28 34
28 35
28 36
29 34
29 35
29 36
0
Yes
47 13
46 13
47 12
46 12
47 14
46 14
48 13
48 12
48 14
45 13
45 12
45 14
47 11
46 11
48 11
45 11
47 15
46 15
48 15
45 15
49 13
49 12
49 14
49 11
49 15
44 13
44 14
44 15
47 10
46 10
48 10
45 10
49 10
47 16
46 16
48 16
45 16
49 16
47 9
46 9
48 9
45 9
49 9
47 17
46 17
48 17
45 17
49 17
43 14
44 10
44 9
47 8
46 8
48 8
45 8
49 8
44 8
47 18
46 18
48 18
45 18
49 18
42 14
42 13
42 15
43 9
43 8
41 13
41 14
41 15
47 7
46 7
48 7
45 7
49 7
44 7
43 7
47 19
46 19
48 19
45 19
49 19
42 9
42 8
42 7
44 19
47 6
46 6
48 6
45 6
49 6
44 6
43 6
42 6
47 20
46 20
48 20
45 20
49 20
44 20
43 19
43 20
0
No
0
Yes
7 47
7 48
8 47
8 48
9 47
9 48
10 47
0
No
0
No
0
No
0
No
0
No
0
No
0
Yes
11 0
11 1
11 2
11 3
11 4
11 5
11 6
11 7
12 0
12 1
12 2
12 3
12 4
12 5
12 6
12 7
13 0
13 1
13 2
13 3
13 4
13 5
13 6
13 7
14 0
14 1
14 2
14 3
14 4
14 5
14 6
14 7
0
No
0
Yes
14 45
14 46
14 47
14 48
14 49
15 45
15 46
15 47
15 48
15 49
16 45
16 46
16 47
16 48
16 49
17 45
17 46
17 47
17 48
17 49
18 45
18 46
18 47
18 48
18 49
19 45
19 46
19 47
0
No
0
Yes
9 8
9 9
9 10
9 11
9 12
9 13
9 14
9 15
9 16
9 17
9 18
10 8
10 9
10 10
10 11
10 12
10 13
10 14
10 15
10 16
10 17
10 18
11 8
11 9
11 10
11 11
11 12
11 13
11 14
11 15
11 16
11 17
11 18
12 8
12 9
12 10
12 11
12 12
12 13
12 14
12 15
12 16
12 17
12 18
13 8
13 9
13 10
13 11
13 12
13 13
13 14
13 15
13 16
13 17
13 18
14 8
14 9
14 10
14 11
14 12
14 13
14 14
14 15
14 16
14 17
14 18
15 8
15 9
15 10
15 11
15 12
15 13
15 14
15 15
15 16
15 17
15 18
16 8
16 9
16 10
16 11
16 12
16 13
16 14
16 15
16 16
16 17
16 18
17 8
17 9
17 10
17 11
17 12
17 13
17 14
17 15
17 16
17 17
17 18
18 8
18 9
18 10
18 11
18 12
18 13
18 14
18 15
18 16
18 17
18 18
19 8
19 9
19 10
19 11
0
No
0
No
0
No
0
No
0
Yes
20 8
20 9
20 10
20 11
20 12
20 13
21 8
21 9
21 10
21 11
21 12
21 13
22 8
22 9
22 10
22 11
22 12
22 13
23 8
23 9
23 10
23 11
23 12
23 13
24 8
24 9
24 10
24 11
24 12
24 13
25 8
25 9
25 10
25 11
25 12
25 13
26 8
26 9
26 10
26 11
26 12
26 13
0
No
0
Yes
36 43
36 44
36 45
36 46
36 47
36 48
36 49
37 43
37 44
37 45
37 46
37 47
37 48
37 49
38 43
38 44
38 45
38 46
38 47
38 48
38 49
39 43
39 44
39 45
39 46
39 47
39 48
39 49
40 43
40 44
40 45
40 46
40 47
40 48
40 49
41 43
41 44
41 45
41 46
41 47
41 48
41 49
42 43
0
No
0
Yes
21 15
21 16
21 17
21 18
22 15
22 16
22 17
22 18
23 15
23 16
23 17
23 18
24 15
24 16
24 17
24 18
25 15
25 16
25 17
0
No
0
Yes
6 8
6 9
6 10
6 11
6 12
6 13
6 14
6 15
7 8
7 9
7 10
7 11
7 12
7 13
7 14
7 15
8 8
8 9
8 10
8 11
8 12
8 13
8 14
8 15
9 8
9 9
9 10
9 11
9 12
9 13
9 14
9 15
10 8
10 9
10 10
10 11
10 12
10 13
10 14
10 15
11 8
11 9
11 10
11 11
11 12
11 13
11 14
11 15
12 8
12 9
12 10
12 11
12 12
12 13
12 14
12 15
13 8
13 9
13 10
13 11
13 12
13 13
13 14
13 15
14 8
14 9
14 10
14 11
14 12
14 13
14 14
14 15
15 8
15 9
15 10
15 11
15 12
15 13
15 14
15 15
16 8
16 9
16 10
16 11
16 12
16 13
16 14
16 15
17 8
17 9
17 10
17 11
17 12
17 13
17 14
17 15
18 8
18 9
18 10
18 11
18 12
18 13
18 14
18 15
19 8
19 9
19 10
19 11
19 12
19 13
19 14
19 15
0
No
0
No
0
Yes
27 43
27 44
27 45
27 46
27 47
27 48
27 49
28 43
28 44
28 45
28 46
28 47
28 48
28 49
29 43
29 44
29 45
29 46
29 47
29 48
29 49
30 43
30 44
30 45
30 46
30 47
30 48
30 49
31 43
31 44
31 45
31 46
31 47
31 48
31 49
32 43
32 44
32 45
32 46
32 47
32 48
32 49
33 43
33 44
33 45
33 46
33 47
33 48
33 49
34 43
34 44
34 45
34 46
34 47
34 48
34 49
35 43
35 44
35 45
35 46
35 47
35 48
35 49
0
Yes
27 0
27 1
27 2
28 0
28 1
28 2
29 0
29 1
0
No
0
Yes
15 3
15 4
15 5
15 6
15 7
16 3
16 4
16 5
16 6
16 7
17 3
17 4
17 5
17 6
17 7
18 3
18 4
18 5
18 6
18 7
19 3
19 4
19 5
19 6
19 7
20 3
20 4
20 5
20 6
20 7
21 3
21 4
21 5
21 6
21 7
22 3
22 4
22 5
22 6
22 7
23 3
23 4
23 5
23 6
23 7
24 3
24 4
24 5
24 6
24 7
0
Yes
48 34
48 35
48 36
49 34
49 35
49 36
0
Yes
27 37
27 38
27 39
27 40
27 41
27 42
28 37
28 38
28 39
28 40
28 41
28 42
29 37
29 38
29 39
29 40
29 41
29 42
30 37
30 38
30 39
30 40
30 41
30 42
31 37
31 38
31 39
31 40
31 41
31 42
32 37
32 38
0
Yes
12 35
11 35
12 34
12 36
13 35
11 34
11 36
13 34
13 36
10 35
12 33
12 37
14 35
10 34
10 36
11 33
11 37
13 33
13 37
14 34
14 36
10 33
10 37
14 33
14 37
9 35
12 32
12 38
15 35
9 34
9 36
11 32
11 38
13 32
13 38
15 34
15 36
9 33
9 37
10 32
10 38
14 32
14 38
15 33
15 37
8 35
12 31
12 39
16 35
8 34
8 36
11 31
11 39
13 31
13 39
16 34
16 36
9 32
9 38
15 32
15 38
8 33
8 37
10 31
10 39
14 39
16 33
16 37
7 35
8 32
8 38
9 31
9 39
12 30
15 31
15 39
16 32
17 35
7 34
7 36
11 30
17 34
17 36
7 33
7 37
10 30
17 33
17 37
8 31
8 39
16 31
7 32
7 38
9 30
15 30
17 32
6 35
18 35
6 34
6 36
18 34
18 36
6 33
18 33
18 37
7 31
8 30
16 30
17 31
6 32
18 32
5 35
19 35
5 34
5 36
7 30
17 30
19 34
19 36
6 31
18 31
5 33
5 37
19 33
19 37
5 32
19 32
6 30
18 30
4 35
4 34
4 36
5 31
19 31
4 33
4 37
4 32
0
No
0
No
0
Yes
20 0
20 1
20 2
20 3
20 4
20 5
20 6
20 7
20 8
20 9
21 0
21 1
21 2
21 3
21 4
21 5
21 6
21 7
21 8
21 9
22 0
22 1
22 2
22 3
22 4
22 5
22 6
22 7
22 8
22 9
23 0
23 1
23 2
23 3
23 4
23 5
23 6
23 7
23 8
23 9
24 0
24 1
24 2
24 3
24 4
24 5
24 6
24 7
24 8
24 9
25 0
25 1
25 2
25 3
25 4
25 5
25 6
25 7
25 8
25 9
26 0
26 1
26 2
26 3
26 4
26 5
26 6
26 7
26 8
26 9
27 0
27 1
27 2
27 3
27 4
27 5
27 6
27 7
27 8
27 9
28 0
28 1
0
Yes
44 0
44 1
44 2
44 3
44 4
44 5
45 0
45 1
45 2
45 3
45 4
45 5
46 0
46 1
46 2
46 3
46 4
46 5
47 0
47 1
47 2
47 3
47 4
47 5
48 0
48 1
48 2
48 3
48 4
48 5
49 0
0
Yes
12 16
12 17
12 18
12 19
12 20
12 21
13 16
13 17
13 18
13 19
13 20
13 21
14 16
14 17
14 18
14 19
14 20
14 21
15 16
15 17
15 18
15 19
15 20
15 21
16 16
16 17
16 18
16 19
16 20
16 21
17 16
17 17
17 18
17 19
17 20
17 21
18 16
18 17
18 18
18 19
18 20
0
Yes
0 10
0 11
0 12
0 13
0 14
0 15
1 10
1 11
1 12
1 13
1 14
1 15
2 10
2 11
2 12
2 13
2 14
2 15
3 10
3 11
3 12
3 13
3 14
3 15
4 10
4 11
4 12
4 13
4 14
4 15
5 10
5 11
5 12
5 13
0
Yes
3 7
3 8
3 9
4 7
4 8
4 9
5 7
5 8
5 9
0
No
0
No
0
No
0
Yes
20 10
20 11
20 12
20 13
20 14
21 10
21 11
21 12
21 13
21 14
22 10
22 11
22 12
22 13
22 14
23 10
23 11
23 12
23 13
23 14
24 10
24 11
24 12
24 13
24 14
25 10
25 11
25 12
25 13
25 14
0
Yes
26 43
26 44
26 45
26 46
26 47
26 48
26 49
27 43
27 44
27 45
27 46
27 47
27 48
27 49
28 43
28 44
28 45
28 46
28 47
28 48
28 49
29 43
29 44
29 45
29 46
29 47
29 48
29 49
30 43
30 44
30 45
30 46
30 47
30 48
30 49
31 43
31 44
31 45
31 46
31 47
31 48
31 49
32 43
32 44
32 45
32 46
32 47
32 48
32 49
33 43
33 44
33 45
33 46
33 47
33 48
33 49
34 43
34 44
34 45
34 46
34 47
34 48
34 49
35 43
35 44
35 45
35 46
35 47
35 48
35 49
36 43
36 44
36 45
36 46
36 47
36 48
36 49
37 43
37 44
37 45
37 46
37 47
37 48
37 49
38 43
38 44
38 45
38 46
38 47
38 48
38 49
39 43
39 44
39 45
39 46
39 47
39 48
39 49
40 43
40 44
40 45
40 46
40 47
40 48
40 49
41 43
41 44
41 45
41 46
41 47
41 48
41 49
42 43
42 44
42 45
42 46
42 47
42 48
42 49
0
Yes
12 0
12 1
12 2
12 3
12 4
12 5
12 6
12 7
13 0
13 1
13 2
13 3
13 4
13 5
13 6
13 7
14 0
14 1
14 2
14 3
14 4
14 5
14 6
14 7
15 0
15 1
15 2
15 3
15 4
15 5
15 6
15 7
16 0
16 1
16 2
16 3
16 4
16 5
16 6
16 7
17 0
17 1
17 2
17 3
17 4
17 5
17 6
17 7
18 0
18 1
18 2
18 3
18 4
18 5
18 6
18 7
19 0
19 1
19 2
19 3
19 4
19 5
19 6
19 7
0
Yes
9 16
9 17
9 18
9 19
10 16
10 17
10 18
10 19
11 16
11 17
11 18
11 19
0
Yes
26 11
26 12
26 13
26 14
26 15
26 16
26 17
27 11
27 12
27 13
27 14
27 15
27 16
27 17
28 11
28 12
28 13
28 14
28 15
28 16
28 17
29 11
29 12
29 13
29 14
29 15
29 16
29 17
30 11
30 12
30 13
30 14
30 15
30 16
30 17
31 11
31 12
31 13
31 14
31 15
31 16
31 17
32 11
32 12
32 13
32 14
0
Yes
26 18
26 19
26 20
26 21
26 22
27 18
27 19
27 20
27 21
27 22
28 18
28 19
28 20
28 21
28 22
29 18
29 19
29 20
29 21
29 22
30 18
30 19
30 20
30 21
30 22
31 18
31 19
0
No
0
Yes
20 34
20 35
20 36
20 37
20 38
20 39
20 40
20 41
20 42
21 34
21 35
21 36
21 37
21 38
21 39
21 40
21 41
21 42
22 34
22 35
22 36
22 37
22 38
22 39
22 40
22 41
22 42
23 34
23 35
23 36
23 37
23 38
23 39
23 40
23 41
23 42
24 34
24 35
24 36
24 37
24 38
24 39
24 40
24 41
24 42
25 34
25 35
25 36
25 37
25 38
25 39
25 40
25 41
25 42
26 34
26 35
26 36
26 37
26 38
26 39
26 40
26 41
26 42
27 34
27 35
27 36
27 37
27 38
27 39
27 40
27 41
27 42
28 34
28 35
28 36
28 37
28 38
28 39
28 40
28 41
28 42
29 34
29 35
29 36
29 37
0
Yes
18 42
17 42
18 41
17 41
18 43
17 43
19 42
19 41
19 43
16 42
16 41
16 43
18 40
17 40
19 40
16 40
18 44
17 44
19 44
16 44
20 43
20 44
15 42
15 41
15 43
15 40
15 44
18 39
17 39
19 39
16 39
21 43
21 44
20 45
21 45
14 42
14 41
14 43
14 40
14 44
18 38
17 38
19 38
16 38
22 43
22 44
22 45
20 46
21 46
22 46
13 42
13 41
13 43
13 40
13 44
23 43
23 44
23 45
23 46
20 47
21 47
22 47
23 47
13 45
12 42
12 41
12 43
12 40
12 44
12 45
24 43
24 44
24 45
24 46
24 47
20 48
21 48
22 48
23 48
24 48
19 48
13 46
12 46
11 42
11 41
11 43
11 40
11 44
11 45
11 46
13 47
12 47
11 47
19 49
20 49
21 49
22 49
23 49
24 49
25 43
25 44
25 45
25 46
25 47
25 48
25 49
13 48
12 48
11 48
10 42
10 41
10 43
10 40
10 44
10 45
13 49
12 49
11 49
9 41
0
Yes
7 4
7 5
7 6
7 7
8 4
8 5
8 6
8 7
9 4
9 5
9 6
9 7
10 4
10 5
10 6
10 7
11 4
11 5
11 6
0
Yes
45 6
45 7
45 8
45 9
45 10
45 11
45 12
45 13
45 14
45 15
45 16
45 17
45 18
46 6
46 7
46 8
46 9
46 10
46 11
46 12
46 13
46 14
46 15
46 16
46 17
46 18
47 6
47 7
47 8
47 9
47 10
47 11
47 12
47 13
47 14
47 15
47 16
47 17
47 18
48 6
48 7
48 8
48 9
48 10
48 11
48 12
48 13
48 14
48 15
48 16
48 17
48 18
49 6
49 7
49 8
49 9
49 10
49 11
49 12
49 13
49 14
49 15
49 16
49 17
0
No
0
Yes
29 38
29 39
29 40
29 41
29 42
30 38
30 39
30 40
30 41
30 42
31 38
31 39
31 40
31 41
31 42
32 38
32 39
32 40
32 41
32 42
33 38
33 39
33 40
33 41
33 42
34 38
0
Yes
8 0
8 1
8 2
8 3
9 0
9 1
9 2
9 3
10 0
10 1
10 2
10 3
11 0
11 1
11 2
0
Yes
12 16
12 17
12 18
12 19
12 20
13 16
13 17
13 18
13 19
13 20
14 16
14 17
14 18
14 19
14 20
15 16
15 17
15 18
15 19
15 20
16 16
16 17
16 18
16 19
16 20
17 16
17 17
17 18
17 19
17 20
18 16
18 17
18 18
18 19
18 20
0
Yes
20 0
20 1
20 2
20 3
20 4
20 5
20 6
20 7
20 8
20 9
21 0
21 1
21 2
21 3
21 4
21 5
21 6
21 7
21 8
21 9
22 0
22 1
22 2
22 3
22 4
22 5
22 6
22 7
22 8
22 9
23 0
23 1
23 2
23 3
23 4
23 5
23 6
23 7
23 8
23 9
24 0
24 1
24 2
24 3
24 4
24 5
24 6
24 7
24 8
24 9
25 0
25 1
25 2
25 3
25 4
25 5
25 6
25 7
25 8
25 9
26 0
26 1
26 2
26 3
26 4
26 5
26 6
26 7
26 8
26 9
27 0
27 1
27 2
27 3
27 4
27 5
27 6
27 7
27 8
27 9
28 0
0
No
0
No
0
Yes
19 44
18 44
19 43
18 43
20 44
20 43
20 45
17 44
17 43
19 42
18 42
17 42
21 44
21 43
21 45
20 46
21 46
16 44
16 43
16 42
19 41
18 41
17 41
16 41
22 44
22 43
22 45
22 46
20 47
21 47
22 47
15 44
15 43
15 42
15 41
19 40
18 40
17 40
16 40
15 40
23 44
23 43
23 45
23 46
23 47
20 48
21 48
22 48
23 48
19 48
14 44
14 43
14 42
14 41
14 40
19 39
18 39
17 39
16 39
19 49
20 49
21 49
22 49
23 49
24 44
24 43
24 45
24 46
24 47
24 48
24 49
13 44
13 43
13 42
13 41
13 40
19 38
18 38
17 38
16 38
25 44
25 43
25 45
25 46
25 47
25 48
25 49
13 45
13 46
13 47
12 44
12 43
12 45
12 42
12 46
12 41
12 47
12 40
0
Yes
46 13
45 13
46 12
45 12
46 14
45 14
47 13
47 12
47 14
44 13
44 14
46 11
45 11
47 11
46 15
45 15
47 15
44 15
48 13
48 12
48 14
48 11
48 15
46 10
45 10
47 10
48 10
46 16
45 16
47 16
48 16
49 13
49 12
49 14
49 11
49 15
49 10
49 16
43 14
44 10
46 9
45 9
47 9
44 9
48 9
49 9
46 17
45 17
47 17
48 17
49 17
42 14
42 13
42 15
41 13
41 14
41 15
43 9
46 8
45 8
47 8
44 8
48 8
43 8
49 8
46 18
45 18
47 18
48 18
49 18
42 9
42 8
46 7
45 7
47 7
44 7
48 7
43 7
49 7
42 7
46 19
45 19
47 19
48 19
49 19
44 19
43 19
43 18
43 17
42 17
46 6
45 6
47 6
44 6
48 6
43 6
49 6
42 6
46 20
45 20
47 20
0
No
0
Yes
47 15
47 16
46 15
46 16
48 15
48 16
47 14
47 17
46 14
46 17
48 14
48 17
45 15
45 16
49 15
49 16
45 14
45 17
47 13
47 18
49 14
49 17
46 13
46 18
48 13
48 18
44 15
45 13
45 18
49 13
49 18
44 14
47 12
47 19
46 12
46 19
48 12
48 19
44 13
45 12
45 19
49 12
49 19
47 11
47 20
44 19
46 11
46 20
48 11
48 20
45 11
45 20
49 11
49 20
44 20
47 10
47 21
46 10
46 21
48 10
48 21
45 10
45 21
49 10
49 21
44 10
47 9
47 22
46 9
46 22
48 9
48 22
45 9
49 9
49 22
44 9
47 8
46 8
48 8
45 8
49 8
0
No
0
Yes
0 19
0 20
0 21
0 22
1 19
1 20
1 21
1 22
2 19
2 20
2 21
2 22
3 19
3 20
0
Yes
6 0
6 1
6 2
7 0
7 1
0
No
0
No
0
Yes
13 34
14 34
13 33
13 35
14 33
14 35
12 34
15 34
12 33
12 35
15 33
15 35
13 32
13 36
14 32
14 36
11 34
12 32
12 36
15 32
15 36
16 34
11 33
11 35
16 33
16 35
13 31
13 37
14 37
11 32
11 36
16 32
16 36
12 31
12 37
15 31
15 37
10 34
17 34
10 33
10 35
17 33
17 35
11 31
11 37
16 31
16 37
10 32
10 36
17 32
17 36
12 30
15 30
9 34
18 34
9 33
9 35
10 31
10 37
17 31
17 37
18 33
18 35
11 30
16 30
9 32
9 36
18 32
18 36
10 30
17 30
9 31
9 37
18 31
18 37
8 34
19 34
8 33
8 35
19 33
19 35
8 32
8 36
19 32
19 36
9 30
18 30
8 31
8 37
19 31
19 37
7 34
7 33
7 35
7 32
7 36
8 30
7 31
7 37
7 30
0
Yes
47 14
46 14
47 13
46 13
47 15
46 15
48 14
48 13
48 15
45 14
45 13
45 15
47 12
46 12
48 12
45 12
47 16
46 16
48 16
45 16
49 14
49 13
49 15
49 12
49 16
44 14
44 13
44 15
47 11
46 11
48 11
45 11
49 11
47 17
46 17
48 17
45 17
49 17
43 14
47 10
46 10
48 10
45 10
49 10
47 18
46 18
48 18
45 18
49 18
42 14
44 10
47 9
46 9
48 9
45 9
49 9
44 9
47 19
46 19
48 19
45 19
49 19
42 13
42 15
44 19
41 14
41 13
41 15
47 8
46 8
48 8
45 8
49 8
44 8
47 20
46 20
48 20
45 20
49 20
44 20
43 9
43 8
43 19
43 20
43 18
43 17
42 17
47 7
46 7
48 7
45 7
49 7
44 7
43 7
47 21
46 21
48 21
45 21
49 21
42 9
42 8
42 7
42 19
42 20
41 19
47 6
46 6
48 6
45 6
49 6
44 6
43 6
42 6
47 22
46 22
48 22
49 22
43 21
42 21
0
No
0
Yes
24 38
25 38
24 37
24 39
25 37
25 39
23 38
26 38
23 37
23 39
26 37
26 39
24 36
24 40
25 36
25 40
22 38
23 36
23 40
26 36
26 40
27 38
22 37
22 39
27 37
27 39
24 35
24 41
25 35
25 41
22 36
22 40
27 36
27 40
23 35
23 41
26 35
26 41
21 38
28 38
21 37
21 39
28 37
28 39
22 35
22 41
27 35
27 41
21 36
21 40
24 34
24 42
25 34
25 42
28 36
28 40
23 34
23 42
26 34
26 42
20 38
20 37
20 39
21 35
21 41
28 35
28 41
22 34
22 42
27 34
27 42
20 36
20 40
24 33
25 33
23 33
26 33
21 34
21 42
28 34
28 42
20 35
20 41
22 33
20 34
20 42
21 33
0
No
0
No
0
Yes
18 44
17 44
18 43
17 43
19 44
19 43
16 44
16 43
18 42
17 42
19 42
16 42
20 44
20 43
20 45
20 46
15 44
15 43
15 42
18 41
17 41
19 41
16 41
15 41
21 44
21 43
21 45
21 46
20 47
21 47
14 44
14 43
14 42
14 41
18 40
17 40
19 40
16 40
15 40
14 40
22 44
22 43
22 45
22 46
22 47
20 48
21 48
22 48
19 48
13 44
13 43
13 42
13 41
13 40
18 39
17 39
19 39
16 39
15 39
14 39
13 39
23 44
23 43
23 45
23 46
23 47
23 48
13 45
19 49
20 49
21 49
22 49
23 49
13 46
13 47
12 44
12 43
12 45
12 42
12 46
12 41
12 47
12 40
12 39
18 38
17 38
19 38
16 38
15 38
14 38
13 38
12 38
24 44
24 43
24 45
24 46
24 47
24 48
24 49
13 48
12 48
11 44
11 43
11 45
11 42
11 46
11 41
11 47
11 40
11 48
11 39
11 38
25 44
25 43
25 45
25 46
25 47
25 48
25 49
13 49
12 49
11 49
10 44
10 43
10 45
10 42
10 41
10 40
10 39
10 38
10 47
0
No
0
Yes
46 23
46 24
46 25
47 23
47 24
47 25
48 23
48 24
48 25
49 23
49 24
49 25
0
No
0
No
0
No
0
No
0
Yes
26 18
26 19
26 20
26 21
26 22
27 18
27 19
27 20
27 21
27 22
28 18
28 19
28 20
28 21
28 22
29 18
29 19
29 20
29 21
29 22
30 18
30 19
30 20
30 21
30 22
0
No
0
Yes
0 10
0 11
0 12
0 13
0 14
0 15
0 16
0 17
0 18
1 10
1 11
1 12
1 13
1 14
1 15
1 16
1 17
1 18
2 10
2 11
2 12
2 13
2 14
2 15
2 16
2 17
2 18
3 10
3 11
3 12
3 13
3 14
3 15
3 16
3 17
3 18
4 10
4 11
4 12
4 13
4 14
4 15
4 16
4 17
4 18
5 10
5 11
5 12
5 13
5 14
5 15
5 16
5 17
5 18
0
No
0
No
0
No
0
Yes
22 14
22 15
23 14
23 15
21 14
21 15
22 13
22 16
23 13
23 16
24 14
24 15
21 13
21 16
24 13
24 16
20 14
20 15
22 12
22 17
23 12
23 17
25 14
25 15
20 13
20 16
21 12
21 17
24 12
24 17
25 13
25 16
20 12
20 17
22 11
22 18
23 11
23 18
25 12
25 17
19 16
21 11
21 18
24 11
24 18
19 17
20 11
25 11
22 10
23 10
21 10
24 10
20 10
25 10
0
Yes
3 7
3 8
3 9
4 7
4 8
4 9
5 7
5 8
5 9
6 7
0
No
0
No
0
No
0
No
0
Yes
32 15
32 16
32 17
33 15
33 16
33 17
34 15
0
Yes
26 43
26 44
26 45
26 46
26 47
26 48
26 49
27 43
27 44
27 45
27 46
27 47
27 48
27 49
28 43
28 44
28 45
28 46
28 47
28 48
28 49
29 43
29 44
29 45
29 46
29 47
29 48
29 49
30 43
30 44
30 45
30 46
30 47
30 48
30 49
31 43
31 44
31 45
31 46
31 47
31 48
31 49
32 43
32 44
32 45
32 46
32 47
32 48
32 49
33 43
33 44
33 45
33 46
33 47
33 48
33 49
34 43
34 44
34 45
34 46
34 47
0
No
0
Yes
23 10
23 11
23 12
23 13
24 10
24 11
24 12
24 13
25 10
25 11
25 12
25 13
26 10
0
Yes
44 0
44 1
44 2
44 3
44 4
44 5
45 0
45 1
45 2
45 3
45 4
45 5
46 0
46 1
46 2
46 3
46 4
46 5
47 0
47 1
47 2
47 3
47 4
47 5
48 0
48 1
48 2
48 3
48 4
48 5
49 0
49 1
0
Yes
6 8
6 9
6 10
6 11
6 12
6 13
6 14
6 15
7 8
7 9
7 10
7 11
7 12
7 13
7 14
7 15
8 8
8 9
8 10
8 11
8 12
8 13
8 14
8 15
9 8
9 9
9 10
9 11
9 12
9 13
9 14
9 15
10 8
10 9
10 10
10 11
10 12
10 13
10 14
10 15
11 8
11 9
11 10
11 11
11 12
11 13
11 14
11 15
12 8
12 9
12 10
12 11
12 12
12 13
12 14
12 15
13 8
13 9
13 10
13 11
13 12
13 13
13 14
13 15
14 8
14 9
14 10
14 11
14 12
14 13
14 14
14 15
15 8
15 9
15 10
15 11
15 12
15 13
15 14
15 15
16 8
16 9
16 10
16 11
16 12
16 13
16 14
16 15
17 8
17 9
17 10
17 11
17 12
17 13
17 14
17 15
18 8
18 9
18 10
18 11
18 12
18 13
18 14
18 15
19 8
19 9
19 10
19 11
19 12
19 13
19 14
19 15
20 8
20 9
20 10
20 11
20 12
20 13
20 14
20 15
21 8
21 9
21 10
21 11
21 12
21 13
21 14
21 15
22 8
22 9
22 10
22 11
0
No
0
Yes
28 16
27 16
28 15
28 17
29 16
27 15
27 17
29 15
29 17
26 16
28 14
28 18
30 16
26 15
26 17
27 14
27 18
29 14
29 18
30 15
30 17
26 14
26 18
30 14
30 18
25 16
28 13
28 19
31 16
25 15
25 17
27 13
27 19
29 13
29 19
31 15
31 17
25 14
26 13
26 19
30 13
30 19
31 14
31 18
24 16
28 12
28 20
32 16
24 15
24 17
27 12
27 20
29 12
29 20
32 15
32 17
25 13
31 13
31 19
24 14
24 18
26 12
26 20
30 12
30 20
32 14
32 18
23 16
24 13
25 12
25 20
28 11
31 12
31 20
32 13
32 19
33 16
23 15
23 17
27 11
29 11
33 15
33 17
23 14
23 18
26 11
30 11
33 14
33 18
24 12
24 20
32 12
32 20
23 13
25 11
31 11
33 13
33 19
22 16
22 15
22 17
22 14
22 18
23 12
24 11
32 11
33 12
22 13
23 11
33 11
0
Yes
0 10
0 11
0 12
0 13
0 14
0 15
1 10
1 11
1 12
1 13
1 14
1 15
2 10
2 11
2 12
2 13
2 14
2 15
3 10
3 11
3 12
3 13
3 14
3 15
4 10
4 11
4 12
4 13
4 14
4 15
5 10
5 11
5 12
5 13
5 14
5 15
0
No
0
Yes
41 45
40 45
41 44
40 44
41 46
40 46
42 45
42 44
42 46
39 45
39 44
39 46
41 43
40 43
42 43
39 43
41 47
40 47
42 47
39 47
43 46
43 47
38 45
38 44
38 46
38 43
38 47
41 48
40 48
42 48
39 48
43 48
38 48
37 45
37 44
37 46
37 43
37 47
37 48
41 49
40 49
42 49
39 49
43 49
38 49
37 49
44 48
44 49
36 45
36 44
36 46
36 43
36 47
36 48
36 49
37 42
36 42
45 48
45 49
45 47
45 46
46 47
46 48
46 49
37 41
36 41
35 45
35 44
35 46
35 43
35 47
35 42
35 48
35 41
35 49
47 47
47 48
47 49
37 40
36 40
35 40
38 40
39 40
38 39
37 39
36 39
35 39
48 47
48 48
48 49
48 46
48 45
34 42
34 41
34 40
34 39
34 48
34 49
38 38
37 38
39 38
49 45
49 46
49 47
49 48
49 49
49 44
0
No
0
Yes
20 0
20 1
20 2
20 3
20 4
20 5
20 6
20 7
21 0
21 1
21 2
21 3
21 4
21 5
21 6
21 7
22 0
22 1
22 2
22 3
22 4
22 5
22 6
22 7
23 0
23 1
23 2
23 3
23 4
23 5
23 6
23 7
24 0
24 1
24 2
24 3
24 4
24 5
24 6
24 7
25 0
25 1
25 2
25 3
25 4
25 5
25 6
25 7
26 0
26 1
26 2
26 3
26 4
26 5
26 6
26 7
27 0
27 1
27 2
27 3
27 4
0
Yes
0 10
0 11
0 12
0 13
0 14
0 15
1 10
1 11
1 12
1 13
1 14
1 15
2 10
2 11
2 12
2 13
2 14
2 15
3 10
3 11
3 12
3 13
3 14
3 15
4 10
4 11
4 12
4 13
4 14
4 15
5 10
0
No
0
No
0
No
0
No
0
Yes
0 16
0 17
0 18
1 16
1 17
1 18
2 16
2 17
2 18
3 16
3 17
3 18
4 16
4 17
4 18
0
Yes
11 38
11 39
11 40
11 41
11 42
11 43
11 44
11 45
11 46
11 47
11 48
11 49
12 38
12 39
12 40
12 41
12 42
12 43
12 44
12 45
12 46
12 47
12 48
12 49
13 38
13 39
13 40
13 41
13 42
13 43
13 44
13 45
13 46
13 47
13 48
13 49
14 38
14 39
14 40
14 41
14 42
14 43
14 44
14 45
14 46
14 47
14 48
14 49
15 38
15 39
15 40
15 41
15 42
15 43
15 44
15 45
15 46
15 47
15 48
15 49
16 38
16 39
16 40
16 41
16 42
16 43
16 44
16 45
16 46
16 47
16 48
16 49
17 38
17 39
17 40
17 41
17 42
17 43
17 44
17 45
17 46
17 47
17 48
17 49
18 38
18 39
18 40
18 41
18 42
18 43
18 44
18 45
18 46
18 47
18 48
18 49
0
Yes
19 42
19 43
19 44
19 45
19 46
19 47
19 48
19 49
20 42
20 43
20 44
20 45
20 46
20 47
20 48
20 49
21 42
21 43
21 44
21 45
21 46
21 47
21 48
21 49
22 42
22 43
22 44
22 45
22 46
22 47
22 48
22 49
23 42
23 43
23 44
23 45
23 46
23 47
23 48
23 49
24 42
24 43
24 44
24 45
24 46
24 47
24 48
24 49
25 42
25 43
25 44
25 45
25 46
25 47
25 48
25 49
26 42
26 43
26 44
26 45
26 46
26 47
26 48
26 49
27 42
27 43
27 44
27 45
27 46
27 47
27 48
0
No
0
No
0
Yes
27 40
26 40
27 39
26 39
27 41
26 41
28 40
28 39
28 41
25 40
25 39
25 41
27 38
26 38
28 38
25 38
29 40
29 39
29 41
29 38
28 42
29 42
24 40
24 39
24 41
24 38
27 37
26 37
28 37
25 37
29 37
24 37
30 40
30 39
30 41
30 38
30 42
30 37
28 43
29 43
30 43
23 40
23 39
23 41
23 38
23 37
27 36
26 36
28 36
25 36
29 36
24 36
30 36
23 36
31 40
31 39
31 41
31 38
31 42
31 37
31 43
28 44
29 44
30 44
31 44
22 40
22 39
22 41
22 38
22 37
22 36
27 35
26 35
28 35
25 35
29 35
24 35
30 35
23 35
22 35
32 40
32 39
32 41
32 38
32 42
32 37
32 43
32 44
28 45
29 45
30 45
31 45
32 45
21 40
21 39
21 41
21 38
21 37
21 36
21 35
27 34
26 34
28 34
25 34
29 34
24 34
23 34
22 34
21 34
33 40
33 39
33 41
33 38
33 42
33 43
33 44
33 45
28 46
29 46
30 46
31 46
32 46
33 46
20 40
20 39
20 41
20 38
20 37
20 36
20 35
20 34
26 33
25 33
24 33
23 33
0
Yes
9 0
9 1
9 2
9 3
9 4
9 5
9 6
9 7
10 0
10 1
10 2
10 3
10 4
10 5
10 6
10 7
11 0
11 1
11 2
11 3
11 4
11 5
11 6
11 7
12 0
12 1
12 2
12 3
12 4
12 5
12 6
12 7
13 0
13 1
13 2
13 3
13 4
13 5
13 6
13 7
14 0
14 1
14 2
14 3
14 4
14 5
14 6
14 7
15 0
15 1
15 2
15 3
15 4
15 5
15 6
15 7
16 0
16 1
16 2
16 3
16 4
16 5
16 6
16 7
17 0
17 1
17 2
17 3
17 4
17 5
17 6
17 7
18 0
18 1
18 2
18 3
18 4
18 5
18 6
18 7
19 0
19 1
19 2
19 3
19 4
19 5
19 6
0
No
0
No
0
No
0
No
0
No
0
No
0
No
0
Yes
30 21
30 22
30 23
31 21
31 22
0
No
0
Yes
27 21
27 22
28 21
28 22
29 21
29 22
30 21
30 22
31 21
31 22
0
No
0
Yes
20 0
20 1
20 2
20 3
20 4
20 5
20 6
20 7
21 0
21 1
21 2
21 3
21 4
21 5
21 6
21 7
22 0
22 1
22 2
22 3
22 4
22 5
22 6
22 7
23 0
23 1
23 2
23 3
23 4
23 5
23 6
23 7
24 0
24 1
24 2
24 3
24 4
24 5
24 6
24 7
25 0
25 1
25 2
25 3
25 4
25 5
25 6
25 7
26 0
26 1
26 2
26 3
26 4
26 5
26 6
26 7
27 0
27 1
27 2
27 3
27 4
27 5
27 6
27 7
0
Yes
28 47
28 48
28 49
29 47
29 48
29 49
30 47
30 48
30 49
31 47
31 48
31 49
32 47
32 48
32 49
33 47
33 48
33 49
0
Yes
0 16
0 17
0 18
1 16
1 17
1 18
2 16
2 17
2 18
3 16
3 17
3 18
4 16
4 17
4 18
5 16
5 17
5 18
6 16
6 17
6 18
0
No
0
No
0
No
0
No
0
No
0
Yes
20 0
20 1
20 2
20 3
20 4
20 5
20 6
20 7
21 0
21 1
21 2
21 3
21 4
21 5
21 6
21 7
22 0
22 1
22 2
22 3
22 4
22 5
22 6
22 7
23 0
23 1
23 2
23 3
23 4
23 5
23 6
23 7
24 0
24 1
24 2
24 3
24 4
24 5
24 6
24 7
25 0
25 1
25 2
25 3
25 4
25 5
25 6
25 7
26 0
26 1
26 2
26 3
26 4
26 5
26 6
26 7
27 0
27 1
27 2
27 3
27 4
27 5
0
No
0
No
0
No
0
Yes
28 42
28 43
28 44
28 45
28 46
29 42
29 43
29 44
29 45
29 46
30 42
30 43
30 44
30 45
30 46
31 42
31 43
31 44
31 45
31 46
32 42
32 43
32 44
32 45
32 46
33 42
0
Yes
20 34
20 35
20 36
20 37
20 38
20 39
20 40
20 41
21 34
21 35
21 36
21 37
21 38
21 39
21 40
21 41
22 34
22 35
22 36
22 37
22 38
22 39
22 40
22 41
23 34
23 35
23 36
23 37
23 38
23 39
23 40
23 41
24 34
24 35
24 36
24 37
24 38
24 39
24 40
24 41
25 34
25 35
25 36
25 37
25 38
25 39
25 40
25 41
26 34
26 35
26 36
26 37
26 38
26 39
26 40
26 41
27 34
27 35
27 36
27 37
27 38
0
No
0
Yes
7 47
7 48
8 47
8 48
0
No
0
No
0
Yes
19 16
19 17
20 16
20 17
21 16
21 17
0
Yes
3 34
3 35
4 34
4 35
2 34
2 35
3 33
3 36
4 33
4 36
5 34
5 35
2 33
2 36
5 33
5 36
1 34
1 35
4 32
4 37
6 34
6 35
1 33
1 36
2 32
2 37
5 32
5 37
6 33
6 36
0 34
0 35
1 37
4 31
6 32
0 33
0 36
5 31
0 32
0 37
6 31
0
No
0
No
0
No
0
Yes
19 45
19 46
19 47
19 48
19 49
20 45
20 46
20 47
20 48
20 49
21 45
21 46
21 47
21 48
21 49
22 45
22 46
22 47
22 48
22 49
23 45
23 46
23 47
0
No
0
Yes
27 43
26 43
27 42
26 42
27 44
26 44
25 43
25 42
25 44
27 41
27 45
26 45
25 45
28 41
29 41
24 43
24 42
24 44
24 45
27 40
28 40
29 40
27 46
26 46
25 46
24 46
30 41
30 40
23 43
23 42
23 44
27 39
28 39
29 39
30 39
27 47
26 47
25 47
24 47
28 47
29 47
31 41
31 40
31 39
22 43
22 42
22 44
27 48
26 48
28 48
25 48
29 48
24 48
30 47
30 48
28 38
29 38
30 38
31 38
32 41
32 40
32 39
32 38
31 47
31 48
21 43
21 42
21 44
27 49
26 49
28 49
25 49
29 49
24 49
30 49
31 49
0
Yes
14 43
13 43
14 42
13 42
14 44
13 44
15 43
15 42
15 44
12 43
12 42
12 44
14 41
13 41
15 41
12 41
14 45
13 45
15 45
12 45
16 43
16 42
16 44
16 41
16 45
11 43
11 42
11 44
11 41
11 45
14 40
13 40
15 40
12 40
16 40
11 40
14 46
13 46
15 46
12 46
16 46
11 46
17 43
17 42
17 44
17 41
17 45
17 40
17 46
10 43
10 42
10 44
10 41
10 45
10 40
14 39
13 39
15 39
12 39
16 39
11 39
17 39
10 39
14 47
13 47
15 47
12 47
16 47
11 47
17 47
18 43
18 42
18 44
18 41
18 45
18 40
18 46
18 39
18 47
14 38
13 38
15 38
12 38
16 38
11 38
17 38
10 38
18 38
14 48
13 48
15 48
12 48
16 48
11 48
17 48
18 48
19 43
19 42
19 44
19 41
19 40
19 39
19 38
9 44
9 45
9 41
9 40
9 39
9 38
10 47
10 48
14 49
13 49
15 49
12 49
16 49
11 49
17 49
10 49
18 49
20 43
20 42
20 44
8 44
8 45
9 47
9 48
8 40
8 39
8 38
7 45
7 38
0
Yes
48 26
48 27
47 26
47 27
49 26
49 27
48 25
48 28
47 25
47 28
49 25
49 28
46 25
46 28
48 24
48 29
47 24
47 29
49 24
49 29
46 24
46 29
48 23
48 30
47 23
47 30
49 23
49 30
46 23
0
No
0
Yes
14 44
15 44
14 43
14 45
15 43
15 45
13 44
16 44
13 43
13 45
16 43
16 45
14 42
14 46
15 42
15 46
12 44
13 42
13 46
16 42
16 46
17 44
12 43
12 45
17 43
17 45
14 41
14 47
15 41
15 47
12 42
12 46
17 42
17 46
13 41
13 47
16 41
16 47
11 44
18 44
11 43
11 45
18 43
18 45
12 41
12 47
17 41
17 47
11 42
11 46
14 40
14 48
15 40
15 48
18 42
18 46
13 40
13 48
16 40
16 48
10 44
10 43
10 45
11 41
11 47
18 41
18 47
12 40
12 48
17 40
17 48
10 42
14 39
14 49
15 39
15 49
13 39
13 49
16 39
16 49
11 40
11 48
18 40
18 48
10 41
10 47
12 39
12 49
17 39
17 49
10 40
10 48
14 38
15 38
11 39
11 49
18 39
18 49
13 38
16 38
12 38
17 38
10 39
10 49
11 38
18 38
10 38
0
No
0
Yes
8 16
8 17
8 18
8 19
9 16
9 17
9 18
9 19
10 16
10 17
10 18
10 19
11 16
11 17
11 18
11 19
0
Yes
13 34
13 35
12 34
12 35
14 34
14 35
13 33
13 36
12 33
12 36
14 33
14 36
11 34
11 35
15 34
15 35
11 33
11 36
13 32
13 37
15 33
15 36
12 32
12 37
14 32
14 37
10 34
10 35
16 34
16 35
11 32
11 37
15 32
15 37
10 33
10 36
16 33
16 36
13 31
12 31
10 32
10 37
16 32
16 37
9 34
9 35
11 31
15 31
17 34
17 35
9 33
9 36
17 33
17 36
10 31
16 31
9 32
9 37
17 32
17 37
8 34
8 35
18 34
18 35
8 33
8 36
18 33
18 36
9 31
17 31
8 32
8 37
18 32
18 37
7 34
7 35
8 31
18 31
7 33
7 36
7 32
7 37
0
Yes
16 21
16 22
16 23
16 24
17 21
17 22
17 23
17 24
18 21
18 22
18 23
18 24
19 21
19 22
19 23
0
Yes
19 33
19 34
19 35
19 36
19 37
19 38
19 39
19 40
20 33
20 34
20 35
20 36
20 37
20 38
20 39
20 40
21 33
21 34
21 35
21 36
21 37
21 38
21 39
21 40
22 33
22 34
22 35
22 36
22 37
22 38
22 39
22 40
23 33
23 34
23 35
23 36
23 37
23 38
23 39
23 40
24 33
24 34
24 35
24 36
24 37
24 38
24 39
24 40
25 33
25 34
25 35
25 36
25 37
25 38
25 39
25 40
26 33
26 34
0
Yes
1 11
1 12
1 13
1 14
1 15
2 11
2 12
2 13
2 14
2 15
3 11
3 12
3 13
3 14
3 15
4 11
4 12
4 13
4 14
4 15
5 11
5 12
5 13
5 14
5 15
0
Yes
26 15
25 15
26 14
25 14
26 16
25 16
27 15
27 14
27 16
24 15
24 14
24 16
26 13
25 13
27 13
24 13
26 17
25 17
27 17
24 17
28 15
28 14
28 16
28 13
28 17
23 15
23 14
23 16
23 13
23 17
26 12
25 12
27 12
24 12
28 12
23 12
26 18
27 18
28 18
29 15
29 14
29 16
29 13
29 17
29 12
29 18
24 18
23 18
22 15
22 14
22 16
22 13
22 17
22 12
22 18
26 11
25 11
27 11
24 11
28 11
23 11
29 11
26 19
27 19
28 19
29 19
30 15
30 14
30 16
30 13
30 17
30 12
30 18
30 11
30 19
26 10
25 10
24 10
23 10
26 20
27 20
28 20
29 20
30 20
31 15
31 14
31 16
31 13
31 17
31 12
31 18
31 11
31 19
31 20
21 16
21 17
21 18
25 20
24 20
26 9
25 9
24 9
23 9
26 21
25 21
27 21
28 21
29 21
30 21
31 21
32 15
32 14
32 16
32 13
32 17
32 12
32 18
32 11
32 19
32 20
20 16
20 17
27 9
26 8
25 8
27 8
24 8
23 8
26 22
27 22
28 22
29 22
30 22
31 22
33 15
33 14
33 16
33 13
33 17
33 12
33 18
33 11
33 19
0
No
0
No
0
No
0
No
0
No
0
No
0
Yes
9 0
9 1
9 2
9 3
9 4
9 5
9 6
9 7
10 0
10 1
10 2
10 3
10 4
10 5
10 6
10 7
11 0
11 1
11 2
11 3
11 4
11 5
11 6
11 7
12 0
12 1
12 2
12 3
12 4
12 5
12 6
12 7
13 0
13 1
13 2
13 3
13 4
13 5
13 6
13 7
14 0
14 1
14 2
14 3
14 4
14 5
14 6
14 7
15 0
15 1
15 2
15 3
15 4
15 5
15 6
15 7
16 0
16 1
16 2
16 3
16 4
16 5
16 6
16 7
17 0
17 1
17 2
17 3
17 4
17 5
17 6
17 7
18 0
18 1
18 2
18 3
18 4
18 5
18 6
18 7
19 0
19 1
19 2
19 3
19 4
19 5
19 6
0
No
0
No
0
Yes
28 42
28 43
28 44
28 45
28 46
29 42
29 43
29 44
29 45
29 46
30 42
30 43
30 44
30 45
30 46
31 42
31 43
31 44
31 45
31 46
32 42
32 43
32 44
32 45
32 46
33 42
0
No
0
No
0
Yes
17 42
16 42
17 41
16 41
17 43
16 43
18 42
18 41
18 43
15 42
15 41
15 43
17 40
16 40
18 40
15 40
17 44
16 44
18 44
15 44
19 42
19 41
19 43
19 44
14 42
14 41
14 43
14 40
14 44
17 39
16 39
18 39
15 39
14 39
17 45
16 45
18 45
15 45
14 45
20 42
20 41
20 43
20 44
13 42
13 41
13 43
13 40
13 44
13 39
13 45
17 38
16 38
18 38
15 38
14 38
13 38
17 46
16 46
18 46
15 46
14 46
13 46
21 41
12 42
12 41
12 43
12 40
12 44
12 39
12 45
12 38
12 46
17 47
16 47
18 47
15 47
14 47
13 47
12 47
22 41
11 42
11 41
11 43
11 40
11 44
11 39
11 45
11 38
11 46
11 47
17 48
16 48
18 48
15 48
14 48
13 48
12 48
11 48
23 41
10 42
10 41
10 43
10 40
10 44
10 39
10 45
10 38
17 49
16 49
18 49
15 49
14 49
13 49
12 49
11 49
24 41
9 41
9 40
9 39
9 38
25 41
9 44
9 45
10 47
10 48
10 49
26 41
8 40
8 39
8 38
8 44
8 45
26 40
9 47
9 48
26 39
26 38
26 37
7 45
7 38
27 38
27 37
26 36
27 36
26 35
27 35
28 37
28 36
28 35
0
No
0
Yes
28 15
28 16
27 15
27 16
29 15
29 16
28 14
28 17
27 14
27 17
29 14
29 17
26 15
26 16
30 15
30 16
26 14
26 17
28 13
28 18
30 14
30 17
27 13
27 18
29 13
29 18
25 15
25 16
31 15
31 16
26 13
26 18
30 13
30 18
25 14
25 17
31 14
31 17
28 12
28 19
27 12
27 19
29 12
29 19
25 13
31 13
31 18
24 15
24 16
26 12
26 19
30 12
30 19
32 15
32 16
24 14
24 17
32 14
32 17
28 11
25 12
27 11
29 11
31 12
31 19
24 13
24 18
32 13
32 18
26 11
30 11
23 15
23 16
33 15
33 16
23 14
23 17
33 14
33 17
24 12
32 12
32 19
25 11
31 11
23 13
23 18
33 13
33 18
22 15
22 16
24 11
32 11
23 12
33 12
33 19
22 14
22 17
22 13
0
No
0
No
0
No
0
No
0
Yes
15 20
16 20
15 19
15 21
16 19
14 20
17 20
14 19
14 21
17 19
15 18
15 22
16 18
13 20
14 18
14 22
17 18
18 20
13 19
13 21
18 19
15 17
15 23
16 17
13 18
13 22
18 18
14 17
14 23
17 17
12 20
12 19
12 21
13 17
18 17
12 18
15 16
16 16
14 16
17 16
12 17
13 16
18 16
12 16
0
Yes
11 41
11 42
11 43
11 44
11 45
11 46
11 47
11 48
11 49
12 41
12 42
12 43
12 44
12 45
12 46
12 47
12 48
12 49
13 41
13 42
13 43
13 44
13 45
13 46
13 47
13 48
13 49
14 41
14 42
14 43
14 44
14 45
14 46
14 47
14 48
14 49
15 41
15 42
15 43
15 44
15 45
15 46
15 47
15 48
15 49
16 41
16 42
16 43
16 44
16 45
16 46
16 47
16 48
16 49
17 41
17 42
17 43
17 44
17 45
17 46
17 47
17 48
17 49
18 41
18 42
18 43
18 44
18 45
18 46
18 47
18 48
18 49
19 41
19 42
19 43
19 44
0
No
0
Yes
3 11
3 12
2 11
2 12
4 11
4 12
3 10
3 13
2 10
2 13
4 10
4 13
1 11
1 12
5 11
5 12
1 10
1 13
3 9
3 14
5 10
5 13
2 14
4 9
4 14
0 11
0 12
1 9
1 14
5 9
5 14
0 10
0 13
3 8
3 15
2 15
4 8
4 15
0 14
1 15
5 8
5 15
3 7
0 15
4 7
0
No
0
No
0
No
0
No
0
Yes
20 41
20 42
20 43
20 44
21 41
21 42
21 43
21 44
22 41
22 42
22 43
22 44
23 41
23 42
23 43
23 44
24 41
24 42
24 43
24 44
0
Yes
44 0
44 1
44 2
44 3
44 4
45 0
45 1
45 2
45 3
45 4
46 0
46 1
46 2
46 3
46 4
47 0
47 1
47 2
47 3
47 4
48 0
48 1
48 2
48 3
48 4
49 0
49 1
49 2
49 3
0
No
0
Yes
27 41
26 41
27 40
26 40
27 42
26 42
28 41
28 40
25 41
25 42
27 39
26 39
28 39
27 43
26 43
25 43
29 41
29 40
29 39
27 38
26 38
28 38
29 38
27 44
26 44
25 44
30 41
30 40
30 39
30 38
27 37
26 37
28 37
29 37
30 37
27 45
26 45
25 45
31 41
31 40
31 39
31 38
31 37
24 45
27 36
26 36
28 36
29 36
30 36
27 46
26 46
25 46
24 46
32 41
32 40
32 39
32 38
32 37
27 35
26 35
28 35
29 35
30 35
27 47
26 47
25 47
24 47
33 41
33 40
33 39
33 38
28 47
29 47
30 47
27 34
28 34
29 34
27 48
26 48
28 48
25 48
29 48
24 48
30 48
31 47
31 48
34 38
32 47
32 48
27 49
26 49
28 49
25 49
29 49
24 49
30 49
31 49
32 49
23 48
23 49
28 33
33 47
33 48
33 49
33 46
33 45
0
No
0
Yes
46 12
47 12
46 11
46 13
47 11
47 13
45 12
48 12
45 11
45 13
48 11
48 13
46 10
46 14
47 10
47 14
45 10
45 14
48 10
48 14
49 12
44 13
49 11
49 13
46 9
46 15
47 9
47 15
44 10
44 14
49 10
49 14
45 9
45 15
48 9
48 15
44 9
44 15
49 9
49 15
43 14
46 8
46 16
47 8
47 16
45 8
45 16
48 8
48 16
43 9
44 8
49 8
49 16
46 7
46 17
47 7
47 17
45 7
45 17
48 7
48 17
43 8
44 7
49 7
49 17
46 6
46 18
47 6
47 18
43 7
45 6
45 18
48 6
48 18
44 6
49 6
49 18
43 6
46 5
47 5
45 5
48 5
44 5
0
No
0
Yes
16 20
15 20
16 19
16 21
17 20
15 19
15 21
17 19
17 21
14 20
16 18
16 22
18 20
14 19
14 21
15 18
15 22
17 18
17 22
18 19
18 21
14 18
14 22
18 18
18 22
13 20
16 17
16 23
13 19
13 21
15 17
15 23
17 17
17 23
13 18
13 22
14 17
14 23
18 17
18 23
16 16
15 16
17 16
13 17
14 16
18 16
0
No
0
Yes
14 38
14 39
14 40
15 38
15 39
15 40
16 38
16 39
16 40
17 38
17 39
17 40
18 38
18 39
18 40
0
Yes
6 8
6 9
6 10
6 11
6 12
6 13
6 14
6 15
7 8
7 9
7 10
7 11
7 12
7 13
7 14
7 15
8 8
8 9
8 10
8 11
8 12
8 13
8 14
8 15
9 8
9 9
9 10
9 11
9 12
9 13
9 14
9 15
10 8
10 9
10 10
10 11
10 12
10 13
10 14
10 15
11 8
11 9
11 10
11 11
11 12
11 13
11 14
11 15
12 8
12 9
12 10
12 11
12 12
12 13
12 14
12 15
13 8
13 9
13 10
13 11
13 12
13 13
13 14
13 15
14 8
14 9
0
Yes
11 45
11 46
11 47
11 48
11 49
12 45
12 46
12 47
12 48
12 49
13 45
13 46
13 47
13 48
13 49
14 45
14 46
14 47
14 48
14 49
15 45
15 46
15 47
15 48
15 49
16 45
16 46
16 47
16 48
16 49
17 45
17 46
17 47
17 48
17 49
18 45
18 46
18 47
18 48
18 49
0
No
0
No
0
Yes
14 10
14 11
14 12
14 13
14 14
14 15
15 10
15 11
15 12
15 13
15 14
15 15
16 10
16 11
16 12
16 13
16 14
16 15
17 10
17 11
17 12
17 13
17 14
17 15
18 10
18 11
18 12
18 13
18 14
18 15
19 10
19 11
19 12
19 13
19 14
19 15
20 10
20 11
20 12
20 13
20 14
0
No
0
No
0
Yes
26 20
26 21
26 22
27 20
27 21
27 22
28 20
28 21
28 22
29 20
29 21
29 22
30 20
30 21
30 22
31 20
31 21
31 22
0
Yes
24 42
24 43
24 44
24 45
24 46
24 47
24 48
24 49
25 42
25 43
25 44
25 45
25 46
25 47
25 48
25 49
26 42
26 43
26 44
26 45
26 46
26 47
26 48
26 49
27 42
27 43
27 44
27 45
27 46
27 47
27 48
27 49
28 42
28 43
28 44
28 45
28 46
28 47
28 48
28 49
29 42
29 43
29 44
29 45
29 46
29 47
29 48
29 49
30 42
30 43
30 44
30 45
30 46
30 47
30 48
30 49
31 42
31 43
31 44
31 45
31 46
0
Yes
32 43
32 42
32 44
33 43
33 42
33 44
32 41
33 41
32 45
33 45
34 43
34 42
34 44
34 41
34 45
31 41
30 41
32 40
31 40
33 40
30 40
34 40
32 46
33 46
34 46
35 43
35 42
35 44
35 41
35 45
35 40
35 46
29 41
29 40
32 39
31 39
33 39
30 39
34 39
29 39
35 39
32 47
33 47
34 47
35 47
36 43
36 42
36 44
36 41
36 45
36 40
36 46
36 39
36 47
31 47
28 41
28 40
28 39
32 38
31 38
33 38
30 38
34 38
29 38
35 38
28 38
32 48
31 48
33 48
34 48
35 48
36 48
37 43
37 42
37 44
37 41
37 45
37 40
37 46
37 39
37 47
37 48
27 41
27 40
27 39
27 38
32 37
31 37
30 37
29 37
28 37
27 37
32 49
31 49
33 49
34 49
35 49
36 49
0
Yes
13 41
13 42
13 43
13 44
14 41
14 42
14 43
14 44
15 41
15 42
15 43
15 44
16 41
16 42
16 43
16 44
17 41
17 42
17 43
17 44
18 41
18 42
18 43
18 44
19 41
19 42
19 43
19 44
20 41
20 42
20 43
20 44
21 41
21 42
21 43
21 44
22 41
22 42
22 43
22 44
23 41
23 42
23 43
23 44
0
Yes
0 16
0 17
0 18
0 19
0 20
1 16
1 17
1 18
1 19
1 20
2 16
2 17
2 18
2 19
2 20
3 16
3 17
3 18
3 19
3 20
4 16
4 17
4 18
4 19
0
Yes
32 44
32 45
32 46
32 47
32 48
32 49
33 44
33 45
33 46
33 47
33 48
33 49
34 44
34 45
34 46
34 47
34 48
34 49
35 44
35 45
35 46
35 47
35 48
35 49
36 44
36 45
36 46
36 47
36 48
36 49
37 44
37 45
37 46
37 47
37 48
37 49
38 44
38 45
0
Yes
26 35
26 36
26 37
26 38
26 39
27 35
27 36
27 37
27 38
27 39
28 35
28 36
28 37
28 38
28 39
29 35
29 36
29 37
29 38
29 39
30 35
30 36
0
Yes
16 38
16 39
16 40
17 38
17 39
17 40
18 38
18 39
18 40
0
Yes
10 16
10 17
10 18
10 19
11 16
11 17
11 18
11 19
12 16
12 17
12 18
12 19
13 16
0
Yes
36 44
36 45
37 44
37 45
35 44
35 45
36 43
36 46
37 43
37 46
38 44
38 45
35 43
35 46
38 43
38 46
34 44
34 45
36 42
36 47
37 42
37 47
39 44
39 45
34 43
34 46
35 42
35 47
38 47
39 43
39 46
33 44
33 45
34 42
34 47
36 41
36 48
37 41
37 48
39 47
40 44
40 45
33 43
33 46
35 41
35 48
38 48
40 43
40 46
33 42
33 47
34 41
34 48
39 48
40 47
32 44
32 45
36 40
36 49
37 40
37 49
32 43
32 46
35 40
35 49
38 40
38 49
33 41
33 48
40 48
32 42
32 47
34 40
34 49
39 40
39 49
36 39
37 39
32 41
32 48
33 40
33 49
35 39
38 39
40 49
34 39
32 40
32 49
33 39
0
No
0
No
0
No
0
No
0
No
0
Yes
0 10
0 11
0 12
0 13
0 14
0 15
1 10
1 11
1 12
1 13
1 14
1 15
2 10
2 11
2 12
2 13
2 14
2 15
3 10
3 11
3 12
3 13
3 14
3 15
4 10
4 11
4 12
4 13
4 14
4 15
5 10
5 11
5 12
0
Yes
13 0
13 1
13 2
13 3
13 4
13 5
14 0
14 1
14 2
14 3
14 4
14 5
15 0
15 1
15 2
15 3
15 4
15 5
16 0
16 1
16 2
16 3
16 4
16 5
17 0
17 1
17 2
17 3
17 4
17 5
18 0
18 1
18 2
18 3
18 4
18 5
19 0
19 1
19 2
19 3
19 4
19 5
0
No
0
No
0
No
0
Yes
15 6
15 7
15 8
15 9
16 6
16 7
16 8
16 9
17 6
17 7
17 8
17 9
18 6
18 7
18 8
18 9
19 6
19 7
19 8
0
Yes
21 8
21 9
21 10
21 11
21 12
21 13
21 14
22 8
22 9
22 10
22 11
22 12
22 13
22 14
23 8
23 9
23 10
23 11
23 12
23 13
23 14
24 8
24 9
24 10
24 11
24 12
24 13
24 14
25 8
25 9
25 10
25 11
25 12
25 13
25 14
26 8
26 9
26 10
26 11
26 12
26 13
26 14
27 8
27 9
0
Yes
9 32
9 33
9 34
9 35
9 36
9 37
9 38
9 39
9 40
10 32
10 33
10 34
10 35
10 36
10 37
10 38
10 39
10 40
11 32
11 33
11 34
11 35
11 36
11 37
11 38
11 39
11 40
12 32
12 33
12 34
12 35
12 36
12 37
12 38
12 39
12 40
13 32
13 33
13 34
13 35
13 36
13 37
13 38
13 39
13 40
14 32
14 33
14 34
14 35
14 36
14 37
14 38
14 39
14 40
15 32
15 33
15 34
15 35
15 36
15 37
15 38
15 39
15 40
16 32
16 33
16 34
16 35
16 36
16 37
16 38
16 39
16 40
17 32
17 33
17 34
17 35
17 36
17 37
17 38
17 39
17 40
18 32
18 33
18 34
18 35
0
Yes
27 11
27 12
27 13
27 14
27 15
27 16
28 11
28 12
28 13
28 14
28 15
28 16
29 11
29 12
29 13
29 14
29 15
29 16
30 11
30 12
30 13
30 14
30 15
30 16
31 11
31 12
31 13
31 14
31 15
31 16
32 11
32 12
32 13
32 14
32 15
32 16
33 11
33 12
0
Yes
35 44
34 44
35 43
34 43
35 45
34 45
36 44
36 43
36 45
33 44
33 43
33 45
35 42
34 42
36 42
33 42
35 46
34 46
36 46
33 46
37 44
37 43
37 45
37 42
37 46
32 44
32 43
32 45
32 42
32 46
35 41
34 41
36 41
33 41
37 41
32 41
35 47
34 47
36 47
33 47
37 47
32 47
38 44
38 43
38 45
38 46
38 47
35 40
34 40
36 40
33 40
37 40
32 40
35 48
34 48
36 48
33 48
37 48
32 48
38 48
39 44
39 43
39 45
39 46
39 47
39 48
31 41
31 40
31 47
31 48
35 39
34 39
36 39
33 39
37 39
32 39
31 39
35 49
34 49
36 49
33 49
37 49
32 49
38 49
31 49
39 49
38 40
38 39
40 44
40 43
40 45
40 46
40 47
40 48
40 49
39 40
30 41
30 40
30 39
35 38
34 38
33 38
32 38
31 38
30 38
41 44
41 43
41 45
41 46
41 47
41 48
41 49
37 38
38 38
29 41
29 40
29 39
29 38
35 37
42 44
42 43
42 45
42 46
42 47
42 48
42 49
39 38
37 37
38 37
39 37
28 41
28 40
28 39
28 38
32 37
31 37
30 37
29 37
28 37
0
Yes
46 15
45 15
46 14
45 14
46 16
45 16
47 15
47 14
47 16
44 15
44 14
46 13
45 13
47 13
44 13
46 17
45 17
47 17
48 15
48 14
48 16
48 13
48 17
46 12
45 12
47 12
48 12
46 18
45 18
47 18
48 18
49 15
49 14
49 16
49 13
49 17
49 12
49 18
43 14
46 11
45 11
47 11
48 11
49 11
46 19
45 19
47 19
48 19
49 19
42 14
42 15
42 13
44 19
41 15
41 14
41 13
43 19
43 18
43 17
42 17
46 10
45 10
47 10
48 10
49 10
46 20
45 20
47 20
44 20
48 20
43 20
49 20
44 10
42 19
42 20
46 9
45 9
47 9
44 9
48 9
49 9
46 21
45 21
47 21
48 21
49 21
41 19
43 9
43 21
42 21
46 8
45 8
47 8
44 8
48 8
43 8
49 8
46 22
47 22
48 22
49 22
42 9
42 8
46 7
45 7
47 7
44 7
48 7
43 7
49 7
42 7
46 23
47 23
48 23
49 23
45 23
44 23
41 8
41 7
46 6
45 6
47 6
44 6
48 6
43 6
49 6
42 6
41 6
46 24
47 24
48 24
49 24
46 5
45 5
47 5
44 5
48 5
43 5
0
Yes
20 0
20 1
20 2
20 3
20 4
20 5
20 6
20 7
20 8
20 9
21 0
21 1
21 2
21 3
21 4
21 5
21 6
21 7
21 8
21 9
22 0
22 1
22 2
22 3
22 4
22 5
22 6
22 7
22 8
22 9
23 0
23 1
23 2
23 3
23 4
23 5
23 6
23 7
23 8
23 9
24 0
24 1
24 2
24 3
24 4
24 5
24 6
24 7
24 8
24 9
25 0
25 1
25 2
25 3
25 4
25 5
25 6
25 7
25 8
25 9
26 0
26 1
26 2
26 3
26 4
26 5
26 6
26 7
26 8
26 9
27 0
27 1
27 2
27 3
27 4
27 5
27 6
27 7
27 8
27 9
28 0
28 1
0
No
0
Yes
9 0
9 1
9 2
9 3
10 0
10 1
10 2
10 3
11 0
11 1
11 2
11 3
12 0
12 1
12 2
12 3
0
Yes
20 17
19 17
20 16
19 16
21 17
21 16
21 18
18 17
18 16
20 15
21 15
22 17
22 16
22 18
22 15
18 18
18 19
19 19
17 17
17 16
17 18
17 19
23 17
23 16
23 18
23 15
21 14
22 14
23 14
18 20
17 20
16 17
16 16
16 18
16 19
16 20
24 17
24 16
24 18
24 15
24 14
21 13
22 13
23 13
24 13
18 21
17 21
16 21
19 21
20 21
15 17
15 16
15 18
15 19
15 20
15 21
25 17
25 16
25 15
25 14
25 13
19 22
18 22
17 22
16 22
15 22
21 12
22 12
23 12
24 12
25 12
14 17
14 16
14 18
14 19
14 20
14 21
14 22
26 17
26 16
26 15
26 14
26 13
26 12
19 23
18 23
17 23
16 23
15 23
14 23
21 11
22 11
23 11
24 11
25 11
26 11
26 18
26 19
26 20
25 20
24 20
25 21
26 21
13 17
13 18
13 19
13 20
13 21
13 22
27 17
27 18
27 19
27 20
27 21
21 10
22 10
23 10
24 10
25 10
26 10
18 24
17 24
16 24
15 24
0
Yes
26 43
25 43
26 42
25 42
26 44
25 44
27 43
27 42
27 44
24 43
24 42
24 44
26 41
25 41
27 41
24 41
26 45
25 45
27 45
24 45
28 43
28 42
28 44
28 45
26 40
27 40
26 46
25 46
27 46
24 46
28 46
29 43
29 42
29 44
29 45
29 46
23 45
23 46
26 39
27 39
26 47
25 47
27 47
24 47
28 47
23 47
29 47
30 43
30 42
30 44
30 45
30 46
30 47
22 45
22 46
22 47
26 38
27 38
26 48
25 48
27 48
24 48
28 48
23 48
29 48
22 48
30 48
31 43
31 42
31 44
31 45
31 46
21 45
21 46
21 47
21 48
26 37
27 37
26 49
25 49
27 49
24 49
28 49
23 49
29 49
22 49
30 49
21 49
20 45
20 46
20 47
20 48
20 49
26 36
27 36
19 45
19 46
19 47
19 48
19 49
0
Yes
28 6
28 7
28 8
29 6
29 7
29 8
30 6
30 7
0
No
0
Yes
11 37
11 38
11 39
11 40
11 41
11 42
11 43
11 44
12 37
12 38
12 39
12 40
12 41
12 42
12 43
12 44
13 37
13 38
13 39
13 40
13 41
13 42
13 43
13 44
14 37
14 38
14 39
14 40
14 41
14 42
14 43
14 44
15 37
15 38
15 39
15 40
15 41
15 42
15 43
15 44
16 37
16 38
16 39
16 40
16 41
16 42
16 43
16 44
17 37
17 38
17 39
17 40
17 41
17 42
17 43
17 44
18 37
18 38
18 39
0
Yes
6 32
6 33
6 34
6 35
6 36
7 32
7 33
7 34
7 35
7 36
8 32
8 33
8 34
8 35
8 36
9 32
9 33
9 34
9 35
9 36
10 32
10 33
10 34
10 35
10 36
11 32
11 33
11 34
11 35
11 36
12 32
12 33
12 34
12 35
12 36
13 32
13 33
13 34
13 35
13 36
14 32
14 33
14 34
14 35
14 36
15 32
15 33
15 34
15 35
15 36
16 32
16 33
16 34
16 35
16 36
17 32
17 33
17 34
17 35
17 36
18 32
18 33
18 34
18 35
18 36
0
Yes
19 33
19 34
19 35
19 36
19 37
19 38
19 39
19 40
20 33
20 34
20 35
20 36
20 37
20 38
20 39
20 40
21 33
21 34
21 35
21 36
21 37
21 38
21 39
21 40
22 33
22 34
22 35
22 36
22 37
22 38
22 39
22 40
23 33
23 34
23 35
23 36
23 37
23 38
23 39
23 40
24 33
24 34
24 35
24 36
24 37
24 38
24 39
24 40
25 33
25 34
25 35
25 36
25 37
25 38
25 39
25 40
26 33
26 34
26 35
0
No
0
Yes
28 11
28 12
28 13
28 14
28 15
28 16
28 17
28 18
29 11
29 12
29 13
29 14
29 15
29 16
29 17
29 18
30 11
30 12
30 13
30 14
30 15
30 16
30 17
30 18
31 11
31 12
31 13
31 14
31 15
31 16
31 17
31 18
32 11
32 12
32 13
32 14
32 15
32 16
32 17
32 18
33 11
33 12
33 13
33 14
33 15
33 16
0
Yes
0 21
0 22
1 21
1 22
2 21
2 22
0
Yes
18 41
18 42
18 43
18 44
19 41
19 42
19 43
19 44
20 41
20 42
20 43
20 44
21 41
0
No
0
No
0
No
0
No
0
Yes
27 11
27 12
27 13
27 14
27 15
28 11
28 12
28 13
28 14
28 15
29 11
29 12
29 13
29 14
29 15
30 11
30 12
30 13
30 14
30 15
31 11
31 12
31 13
31 14
31 15
32 11
32 12
0
Yes
40 0
40 1
40 2
41 0
41 1
41 2
42 0
42 1
42 2
43 0
43 1
0
Yes
45 5
45 6
45 7
45 8
45 9
45 10
45 11
45 12
45 13
46 5
46 6
46 7
46 8
46 9
46 10
46 11
46 12
46 13
47 5
47 6
47 7
47 8
47 9
47 10
47 11
47 12
47 13
48 5
48 6
48 7
48 8
48 9
48 10
48 11
48 12
48 13
49 5
49 6
49 7
49 8
49 9
49 10
49 11
49 12
49 13
0
Yes
9 4
9 5
9 6
9 7
10 4
10 5
10 6
10 7
11 4
11 5
11 6
11 7
12 4
12 5
12 6
12 7
0
Yes
0 36
0 37
0 38
0 39
0 40
0 41
1 36
1 37
1 38
1 39
1 40
1 41
2 36
2 37
2 38
2 39
2 40
2 41
0
Yes
32 43
32 44
32 45
32 46
32 47
32 48
32 49
33 43
33 44
33 45
33 46
33 47
33 48
33 49
34 43
34 44
34 45
34 46
34 47
34 48
34 49
35 43
35 44
35 45
35 46
35 47
35 48
35 49
36 43
36 44
36 45
36 46
36 47
36 48
36 49
37 43
37 44
37 45
37 46
37 47
37 48
37 49
38 43
38 44
38 45
38 46
38 47
38 48
38 49
39 43
39 44
39 45
39 46
39 47
39 48
39 49
40 43
40 44
40 45
40 46
40 47
40 48
40 49
41 43
41 44
41 45
41 46
41 47
41 48
41 49
42 43
42 44
42 45
42 46
42 47
0
Yes
20 39
19 39
20 38
19 38
20 40
19 40
21 39
21 38
21 40
18 39
18 38
18 40
20 37
19 37
21 37
18 37
22 39
22 38
22 40
22 37
22 41
17 39
17 38
17 40
17 37
20 36
19 36
21 36
22 36
23 39
23 38
23 40
23 37
23 41
23 36
17 41
22 42
23 42
21 42
16 39
16 38
16 40
16 37
16 41
20 35
19 35
21 35
22 35
23 35
24 39
24 38
24 40
24 37
24 36
24 35
21 43
22 43
23 43
17 42
16 42
15 39
15 38
15 40
15 37
15 41
15 42
17 43
16 43
15 43
20 34
19 34
21 34
22 34
23 34
24 34
25 39
25 38
25 40
25 37
25 36
25 35
25 34
21 44
22 44
23 44
17 44
16 44
15 44
14 39
14 38
14 40
14 37
14 41
14 42
14 43
14 44
20 33
19 33
21 33
22 33
23 33
24 33
25 33
13 39
13 38
13 40
13 37
13 41
13 42
13 43
0
No
0
Yes
28 16
28 17
28 18
28 19
28 20
28 21
28 22
29 16
29 17
29 18
29 19
29 20
29 21
29 22
30 16
30 17
30 18
30 19
30 20
30 21
30 22
31 16
31 17
31 18
31 19
31 20
31 21
31 22
32 16
32 17
32 18
32 19
32 20
0
Yes
29 43
28 43
29 42
28 42
29 44
28 44
30 43
30 42
30 44
27 43
27 42
27 44
29 41
28 41
30 41
27 41
29 45
28 45
30 45
27 45
31 43
31 42
31 44
31 41
31 45
26 43
26 42
26 44
26 41
26 45
29 40
28 40
30 40
27 40
31 40
26 40
29 46
28 46
30 46
27 46
31 46
26 46
32 42
32 41
32 40
25 43
25 42
25 44
25 41
25 45
25 46
29 39
28 39
30 39
27 39
31 39
26 39
32 39
29 47
28 47
30 47
27 47
31 47
26 47
25 47
33 42
33 41
33 40
33 39
24 43
24 42
24 44
24 41
24 45
24 46
24 47
29 38
28 38
30 38
27 38
31 38
26 38
32 38
33 38
29 48
28 48
30 48
27 48
31 48
26 48
25 48
24 48
34 42
34 41
34 40
34 39
34 38
29 37
28 37
30 37
27 37
31 37
26 37
32 37
29 49
28 49
30 49
27 49
31 49
26 49
25 49
24 49
35 42
35 41
35 40
35 39
35 38
23 45
23 46
23 47
23 48
23 49
0
Yes
9 4
9 5
9 6
9 7
10 4
10 5
10 6
10 7
11 4
11 5
11 6
11 7
12 4
12 5
12 6
12 7
0
No
0
No
0
Yes
20 0
20 1
20 2
20 3
20 4
20 5
20 6
20 7
20 8
20 9
21 0
21 1
21 2
21 3
21 4
21 5
21 6
21 7
21 8
21 9
22 0
22 1
22 2
22 3
22 4
22 5
22 6
22 7
22 8
22 9
23 0
23 1
23 2
23 3
23 4
23 5
23 6
23 7
23 8
23 9
24 0
24 1
24 2
24 3
24 4
24 5
24 6
24 7
24 8
24 9
25 0
25 1
25 2
25 3
25 4
25 5
25 6
25 7
25 8
25 9
26 0
26 1
26 2
26 3
26 4
26 5
26 6
26 7
26 8
26 9
27 0
27 1
27 2
27 3
27 4
27 5
27 6
27 7
27 8
27 9
28 0
28 1
0
Yes
0 17
0 18
0 19
0 20
1 17
1 18
1 19
1 20
2 17
2 18
2 19
2 20
3 17
3 18
3 19
3 20
4 17
4 18
4 19
0
Yes
11 45
11 46
11 47
11 48
11 49
12 45
12 46
12 47
12 48
12 49
13 45
13 46
13 47
13 48
13 49
14 45
14 46
14 47
14 48
14 49
15 45
15 46
15 47
15 48
15 49
16 45
16 46
16 47
16 48
16 49
17 45
17 46
17 47
17 48
17 49
18 45
18 46
18 47
18 48
18 49
19 45
19 46
19 47
19 48
19 49
20 45
20 46
20 47
20 48
20 49
21 45
21 46
21 47
21 48
21 49
22 45
22 46
22 47
22 48
22 49
0
Yes
48 21
47 21
48 20
47 20
48 22
47 22
49 21
49 20
49 22
46 21
46 20
46 22
48 19
47 19
49 19
46 19
48 23
47 23
49 23
46 23
45 21
45 20
45 19
48 18
47 18
49 18
46 18
45 18
48 24
47 24
49 24
46 24
45 23
48 17
47 17
49 17
46 17
45 17
48 25
47 25
49 25
46 25
44 20
44 19
44 23
48 16
47 16
49 16
46 16
45 16
48 26
47 26
49 26
43 20
43 19
43 21
43 18
42 21
42 20
42 19
48 15
47 15
49 15
46 15
45 15
48 27
47 27
49 27
43 17
48 14
47 14
49 14
46 14
45 14
48 28
47 28
49 28
0
Yes
5 13
4 13
5 12
4 12
5 14
4 14
3 13
3 12
3 14
5 11
4 11
3 11
5 15
4 15
3 15
2 13
2 12
2 14
2 11
2 15
5 10
4 10
3 10
2 10
5 16
4 16
3 16
2 16
6 16
7 16
1 13
1 12
1 14
1 11
1 15
1 10
1 16
5 9
4 9
3 9
5 17
6 17
7 17
8 16
8 17
0 13
0 12
0 14
0 11
0 15
0 10
0 16
5 8
4 8
3 8
5 18
6 18
9 16
9 17
1 9
8 18
9 18
5 7
4 7
3 7
0
Yes
14 10
14 11
14 12
14 13
14 14
14 15
15 10
15 11
15 12
15 13
15 14
15 15
16 10
16 11
16 12
16 13
16 14
16 15
17 10
17 11
17 12
17 13
17 14
17 15
18 10
18 11
18 12
18 13
18 14
18 15
19 10
19 11
19 12
19 13
19 14
19 15
0
Yes
5 34
4 34
5 33
4 33
5 35
4 35
3 34
3 33
3 35
5 32
4 32
5 36
4 36
3 36
2 34
2 33
2 35
2 36
5 31
4 31
5 37
4 37
6 31
2 32
7 31
1 34
1 33
1 35
1 36
4 38
6 30
7 30
2 37
1 37
8 31
8 30
0 34
0 33
0 35
0 36
0 37
2 38
1 38
0 38
9 31
9 30
0 32
7 29
0 31
2 39
1 39
0 39
10 31
10 30
2 40
1 40
0 40
11 31
11 30
2 41
1 41
0 41
3 41
12 31
12 30
3 42
2 42
0
No
0
No
0
No
0
Yes
45 47
45 48
45 49
46 47
46 48
46 49
47 47
47 48
47 49
48 47
48 48
48 49
49 47
49 48
49 49
0
No
0
No
0
Yes
14 5
13 5
14 4
13 4
14 6
13 6
15 5
15 4
12 5
12 4
12 6
14 3
13 3
15 3
14 7
13 7
12 7
16 5
16 4
16 3
11 5
11 4
11 6
11 7
14 2
13 2
15 2
16 2
17 5
17 4
17 3
17 2
10 5
10 4
10 6
10 7
14 1
13 1
15 1
16 1
17 1
18 5
18 4
18 3
18 2
18 1
9 5
9 4
9 6
9 7
14 0
13 0
15 0
16 0
17 0
18 0
19 5
19 4
19 3
19 2
19 1
19 0
8 5
0
No
0
No
0
Yes
4 36
3 36
4 35
3 35
4 37
5 36
5 35
5 37
2 36
2 35
4 34
3 34
5 34
2 34
4 38
2 37
2 38
1 36
1 35
1 37
1 34
1 38
4 33
3 33
5 33
2 33
1 33
2 39
1 39
0 36
0 35
0 37
0 34
0 38
0 33
0 39
4 32
5 32
2 32
2 40
1 40
0 40
4 31
5 31
2 41
1 41
0 41
3 41
6 31
0 32
7 31
3 42
2 42
1 42
6 30
7 30
0 31
8 31
8 30
9 31
9 30
0
No
0
No
0
Yes
32 43
32 44
32 45
32 46
32 47
32 48
32 49
33 43
33 44
33 45
33 46
33 47
33 48
33 49
34 43
34 44
34 45
34 46
34 47
34 48
34 49
35 43
35 44
35 45
35 46
35 47
35 48
35 49
36 43
36 44
36 45
36 46
36 47
36 48
36 49
37 43
37 44
37 45
37 46
37 47
37 48
37 49
38 43
38 44
38 45
38 46
38 47
38 48
38 49
39 43
39 44
39 45
39 46
39 47
39 48
39 49
40 43
40 44
40 45
40 46
40 47
40 48
40 49
41 43
41 44
41 45
41 46
41 47
41 48
41 49
42 43
42 44
42 45
42 46
42 47
0
No
0
No
0
No
0
No
0
Yes
10 40
10 41
9 40
9 41
11 40
11 41
10 39
10 42
9 39
11 39
11 42
8 40
12 40
12 41
8 39
10 38
10 43
12 39
12 42
9 38
11 38
11 43
8 38
12 38
12 43
10 37
9 37
11 37
7 38
8 37
12 37
0
No
0
No
0
No
0
Yes
8 44
8 45
9 44
9 45
10 44
10 45
11 44
0
Yes
30 42
29 42
30 41
29 41
30 43
29 43
31 42
31 41
31 43
28 42
28 41
28 43
30 40
29 40
31 40
28 40
30 44
29 44
31 44
28 44
32 42
32 41
32 40
27 42
27 41
27 43
27 40
27 44
30 39
29 39
31 39
28 39
32 39
27 39
30 45
29 45
31 45
28 45
27 45
33 42
33 41
33 40
33 39
26 42
26 41
26 43
26 40
26 44
26 39
26 45
30 38
29 38
31 38
28 38
32 38
27 38
33 38
26 38
30 46
29 46
31 46
28 46
27 46
26 46
34 42
34 41
34 40
34 39
34 38
25 42
25 41
25 43
25 44
25 45
25 46
30 37
29 37
31 37
28 37
32 37
27 37
26 37
30 47
29 47
31 47
28 47
27 47
26 47
25 47
35 42
35 41
35 40
35 39
35 38
24 42
24 41
24 43
24 44
24 45
24 46
24 47
30 36
29 36
28 36
27 36
26 36
30 48
29 48
31 48
28 48
27 48
26 48
25 48
24 48
36 42
36 41
36 40
36 39
30 35
29 35
28 35
27 35
26 35
30 49
29 49
31 49
28 49
27 49
26 49
25 49
24 49
37 42
37 41
37 40
37 39
35 37
23 45
23 46
23 47
23 48
23 49
35 36
29 34
28 34
27 34
26 34
37 38
38 40
38 39
0
Yes
20 3
20 4
20 5
20 6
20 7
20 8
20 9
21 3
21 4
21 5
21 6
21 7
21 8
21 9
22 3
22 4
22 5
22 6
22 7
22 8
22 9
23 3
23 4
23 5
23 6
23 7
23 8
23 9
24 3
24 4
24 5
24 6
24 7
24 8
24 9
25 3
25 4
25 5
25 6
25 7
25 8
25 9
26 3
26 4
26 5
26 6
26 7
26 8
26 9
27 3
27 4
27 5
27 6
27 7
27 8
27 9
0
Yes
12 10
11 10
12 9
11 9
12 11
11 11
13 10
13 9
13 11
10 10
10 9
10 11
12 8
11 8
13 8
10 8
12 12
11 12
13 12
10 12
14 10
14 9
14 11
14 8
14 12
9 10
9 9
9 11
9 8
9 12
12 13
11 13
13 13
10 13
14 13
9 13
15 10
15 11
15 12
15 13
8 10
8 9
8 11
8 8
8 12
8 13
12 14
11 14
13 14
10 14
14 14
9 14
15 14
8 14
16 10
16 11
16 12
16 13
16 14
7 10
7 9
7 11
7 8
7 12
7 13
7 14
8 7
7 7
12 15
11 15
13 15
10 15
14 15
9 15
15 15
8 15
16 15
7 15
17 10
17 11
17 12
17 13
17 14
17 15
8 6
7 6
6 10
6 9
6 11
6 8
6 12
6 7
6 13
6 6
6 14
6 15
18 10
18 11
18 12
18 13
18 14
18 15
19 10
19 11
19 12
19 13
19 14
19 15
7 5
6 5
19 9
7 4
8 4
20 10
20 11
20 12
20 13
20 14
5 6
8 3
8 2
8 1
7 1
8 0
7 0
6 1
0
No
0
No
0
Yes
43 0
43 1
43 2
43 3
43 4
43 5
44 0
44 1
44 2
44 3
44 4
44 5
45 0
45 1
45 2
45 3
45 4
45 5
46 0
46 1
46 2
46 3
46 4
46 5
47 0
47 1
47 2
47 3
47 4
47 5
48 0
48 1
48 2
48 3
48 4
48 5
49 0
49 1
49 2
49 3
49 4
49 5
0
No
0
Yes
13 37
13 38
13 39
13 40
14 37
14 38
14 39
14 40
15 37
15 38
15 39
15 40
16 37
16 38
16 39
16 40
0
No
0
No
0
Yes
45 8
46 8
45 7
45 9
46 7
46 9
44 8
47 8
44 7
44 9
47 7
47 9
45 6
45 10
46 6
46 10
43 8
44 6
44 10
47 6
47 10
48 8
43 7
43 9
48 7
48 9
45 5
45 11
46 5
46 11
43 6
48 6
48 10
44 5
47 5
47 11
42 8
49 8
42 7
42 9
49 7
49 9
43 5
48 5
48 11
42 6
45 4
45 12
46 4
46 12
49 6
49 10
44 4
47 4
47 12
41 8
41 7
49 5
49 11
43 4
48 4
48 12
41 6
45 3
45 13
46 3
46 13
44 3
44 13
47 3
47 13
42 4
49 4
49 12
43 3
48 3
48 13
45 2
45 14
46 2
46 14
42 3
49 3
49 13
44 2
44 14
47 2
47 14
43 2
43 14
48 2
48 14
41 3
42 2
42 14
42 13
41 13
49 2
49 14
45 1
45 15
46 1
46 15
44 1
44 15
47 1
47 15
43 1
48 1
48 15
41 2
41 14
42 1
42 15
49 1
49 15
45 0
46 0
44 0
47 0
41 1
41 15
43 0
48 0
42 0
49 0
41 0
0
No
0
Yes
20 0
20 1
20 2
21 0
21 1
21 2
22 0
22 1
22 2
23 0
23 1
0
Yes
14 45
14 46
14 47
14 48
14 49
15 45
15 46
15 47
15 48
15 49
16 45
16 46
16 47
16 48
16 49
17 45
17 46
17 47
17 48
17 49
18 45
18 46
18 47
18 48
18 49
19 45
19 46
19 47
19 48
19 49
20 45
20 46
20 47
20 48
20 49
21 45
21 46
21 47
21 48
21 49
22 45
22 46
22 47
22 48
22 49
0
No
0
No
0
Yes
46 5
45 5
46 4
46 6
47 5
45 4
45 6
47 4
47 6
44 5
46 3
46 7
48 5
44 4
44 6
45 3
45 7
47 3
47 7
48 4
48 6
44 3
44 7
48 3
48 7
43 5
46 2
46 8
49 5
43 4
43 6
45 2
45 8
47 2
47 8
49 4
49 6
43 3
43 7
44 2
44 8
48 2
48 8
49 3
49 7
46 1
46 9
42 4
42 6
45 1
45 9
47 1
47 9
43 2
43 8
49 2
49 8
42 3
42 7
44 1
44 9
48 1
48 9
42 2
42 8
43 1
43 9
46 0
49 1
49 9
45 0
47 0
44 0
48 0
42 1
42 9
43 0
49 0
42 0
0
No
0
Yes
21 10
21 11
21 12
21 13
21 14
22 10
22 11
22 12
22 13
22 14
23 10
23 11
23 12
23 13
23 14
24 10
24 11
24 12
24 13
24 14
25 10
25 11
25 12
25 13
25 14
26 10
26 11
26 12
0
Yes
30 29
30 30
31 29
31 30
0
Yes
12 34
13 34
12 33
12 35
13 33
13 35
11 34
14 34
11 33
11 35
14 33
14 35
12 32
12 36
13 32
13 36
10 34
11 32
11 36
14 32
14 36
15 34
10 33
10 35
15 33
15 35
12 31
13 31
10 32
10 36
15 32
15 36
11 31
9 34
16 34
9 33
9 35
16 33
16 35
10 31
15 31
9 32
9 36
16 32
16 36
8 34
17 34
8 33
8 35
9 31
16 31
17 33
17 35
8 32
8 36
17 32
17 36
8 31
17 31
7 34
18 34
7 33
7 35
18 33
18 35
7 32
7 36
18 32
18 36
7 31
18 31
6 34
19 34
6 33
6 35
19 33
19 35
6 32
6 36
19 32
19 36
6 31
19 31
5 34
5 33
5 35
5 32
5 36
5 31
0
Yes
20 33
20 34
20 35
20 36
20 37
20 38
21 33
21 34
21 35
21 36
21 37
21 38
22 33
22 34
22 35
22 36
22 37
22 38
23 33
23 34
23 35
23 36
23 37
23 38
24 33
24 34
24 35
24 36
24 37
24 38
25 33
25 34
25 35
25 36
25 37
25 38
0
No
0
No
0
Yes
9 0
9 1
9 2
9 3
9 4
9 5
10 0
10 1
10 2
10 3
10 4
10 5
11 0
11 1
11 2
11 3
11 4
11 5
12 0
12 1
12 2
12 3
12 4
12 5
13 0
13 1
13 2
13 3
13 4
13 5
14 0
14 1
14 2
14 3
14 4
14 5
15 0
0
No
0
Yes
11 42
11 43
11 44
11 45
11 46
11 47
11 48
11 49
12 42
12 43
12 44
12 45
12 46
12 47
12 48
12 49
13 42
13 43
13 44
13 45
13 46
13 47
13 48
13 49
14 42
14 43
14 44
14 45
14 46
14 47
14 48
14 49
15 42
15 43
15 44
15 45
15 46
15 47
15 48
15 49
16 42
16 43
16 44
16 45
16 46
16 47
16 48
16 49
17 42
17 43
17 44
0
Yes
24 39
24 40
25 39
25 40
0
No
0
Yes
47 16
47 17
46 16
46 17
48 16
48 17
47 15
47 18
46 15
46 18
48 15
48 18
45 16
45 17
49 16
49 17
45 15
45 18
47 14
47 19
49 15
49 18
46 14
46 19
48 14
48 19
45 14
45 19
49 14
49 19
44 15
47 13
47 20
46 13
46 20
48 13
48 20
44 14
44 19
45 13
45 20
49 13
49 20
47 12
47 21
44 13
44 20
46 12
46 21
48 12
48 21
45 12
45 21
49 12
49 21
47 11
47 22
46 11
46 22
48 11
48 22
45 11
49 11
49 22
47 10
46 10
48 10
45 10
49 10
0
No
0
No
0
Yes
21 18
21 17
22 18
22 17
20 17
21 16
20 16
22 16
23 18
23 17
23 16
19 17
19 16
21 15
20 15
22 15
23 15
24 18
24 17
24 16
24 15
18 17
18 16
18 18
18 19
19 19
18 20
17 18
17 17
17 19
17 16
17 20
25 17
25 16
25 15
18 21
17 21
19 21
20 21
19 22
18 22
17 22
16 18
16 17
16 19
16 16
16 20
16 21
16 22
26 17
26 16
26 15
26 18
26 19
19 23
18 23
17 23
16 23
26 20
25 20
24 20
25 21
26 21
15 18
15 17
15 19
15 16
15 20
15 21
15 22
15 23
27 18
27 17
27 19
27 16
27 20
27 21
26 14
26 22
27 22
18 24
17 24
16 24
15 24
14 18
14 17
14 19
14 16
14 20
14 21
14 22
14 23
28 18
28 17
28 19
28 16
28 20
28 21
28 22
26 13
13 18
13 17
0
Yes
24 0
24 1
24 2
25 0
25 1
25 2
26 0
26 1
26 2
27 0
27 1
27 2
28 0
28 1
28 2
0
Yes
18 39
17 39
18 38
17 38
18 40
17 40
19 39
19 38
19 40
18 37
17 37
19 37
20 39
20 40
17 41
16 41
21 39
21 40
15 41
22 39
22 40
14 41
22 41
22 42
21 42
21 43
22 43
23 39
23 40
23 41
23 42
23 43
13 41
21 44
22 44
23 44
12 41
12 40
12 39
12 38
12 37
21 45
22 45
20 45
19 45
18 45
17 45
11 39
11 38
11 40
11 37
11 41
18 46
17 46
19 46
20 46
21 46
22 46
10 39
10 38
10 40
10 37
10 41
18 47
17 47
19 47
20 47
21 47
22 47
10 42
10 43
9 39
9 38
9 40
9 37
9 41
18 48
17 48
19 48
20 48
21 48
22 48
10 44
8 39
8 38
8 40
8 37
10 45
18 49
17 49
19 49
20 49
21 49
22 49
0
Yes
29 16
29 17
29 18
29 19
29 20
30 16
30 17
30 18
30 19
30 20
31 16
31 17
31 18
31 19
31 20
32 16
32 17
32 18
32 19
32 20
33 16
33 17
33 18
33 19
0
No
0
No
0
Yes
32 43
32 44
32 45
32 46
33 43
33 44
33 45
33 46
34 43
34 44
34 45
34 46
35 43
0
Yes
36 43
36 44
36 45
36 46
36 47
36 48
36 49
37 43
37 44
37 45
37 46
37 47
37 48
37 49
38 43
38 44
38 45
38 46
38 47
38 48
38 49
39 43
39 44
39 45
39 46
39 47
39 48
39 49
40 43
40 44
40 45
40 46
40 47
40 48
40 49
41 43
41 44
41 45
41 46
41 47
41 48
41 49
42 43
42 44
0
Yes
45 11
45 10
45 12
46 11
46 10
46 12
44 10
45 9
44 9
46 9
45 13
46 13
47 11
47 10
47 12
47 9
47 13
44 13
43 9
45 8
44 8
46 8
43 8
47 8
45 14
44 14
46 14
47 14
48 11
48 10
48 12
48 9
48 13
48 8
48 14
42 9
42 8
43 14
45 7
44 7
46 7
43 7
47 7
42 7
48 7
45 15
44 15
46 15
47 15
48 15
49 11
49 10
49 12
49 9
49 13
49 8
49 14
49 7
49 15
42 14
42 13
41 13
41 14
41 8
41 7
42 15
41 15
45 6
44 6
46 6
43 6
47 6
42 6
48 6
41 6
49 6
45 16
46 16
47 16
48 16
49 16
45 5
44 5
46 5
43 5
47 5
48 5
49 5
45 17
46 17
47 17
48 17
49 17
45 4
44 4
46 4
43 4
47 4
48 4
49 4
45 18
46 18
47 18
48 18
49 18
42 4
45 3
44 3
46 3
43 3
47 3
42 3
48 3
49 3
45 19
46 19
47 19
48 19
49 19
44 19
43 19
43 18
43 17
42 17
42 19
41 3
41 19
45 2
44 2
46 2
43 2
47 2
42 2
48 2
41 2
49 2
45 20
44 20
46 20
43 20
47 20
42 20
48 20
49 20
45 1
44 1
46 1
43 1
47 1
42 1
0
No
0
No
0
Yes
29 21
29 22
30 21
30 22
31 21
31 22
0
Yes
19 33
19 34
19 35
19 36
19 37
19 38
20 33
20 34
20 35
20 36
20 37
20 38
21 33
21 34
21 35
21 36
21 37
21 38
22 33
22 34
22 35
22 36
22 37
22 38
23 33
23 34
23 35
23 36
23 37
23 38
24 33
24 34
24 35
24 36
24 37
24 38
25 33
25 34
25 35
25 36
25 37
25 38
0
Yes
26 44
26 45
26 46
26 47
26 48
26 49
27 44
27 45
27 46
27 47
27 48
27 49
28 44
28 45
28 46
28 47
28 48
28 49
29 44
29 45
29 46
29 47
29 48
29 49
30 44
30 45
30 46
30 47
30 48
30 49
31 44
31 45
31 46
31 47
31 48
31 49
0
Yes
10 32
10 33
10 34
10 35
10 36
10 37
10 38
10 39
11 32
11 33
11 34
11 35
11 36
11 37
11 38
11 39
12 32
12 33
12 34
12 35
12 36
12 37
12 38
12 39
13 32
13 33
13 34
13 35
13 36
13 37
13 38
13 39
14 32
14 33
14 34
14 35
14 36
14 37
14 38
14 39
15 32
15 33
15 34
15 35
15 36
15 37
15 38
15 39
16 32
16 33
16 34
16 35
16 36
16 37
16 38
16 39
17 32
17 33
17 34
17 35
17 36
17 37
17 38
17 39
18 32
18 33
18 34
18 35
18 36
18 37
18 38
0
Yes
15 45
14 45
15 44
15 46
16 45
14 44
14 46
16 44
16 46
13 45
15 43
15 47
17 45
13 44
13 46
14 43
14 47
16 43
16 47
17 44
17 46
13 43
13 47
17 43
17 47
12 45
15 42
15 48
18 45
12 44
12 46
14 42
14 48
16 42
16 48
18 46
12 43
12 47
13 42
13 48
17 42
17 48
18 47
11 45
15 41
15 49
19 45
11 44
11 46
14 41
14 49
16 41
16 49
19 46
12 42
12 48
18 48
11 43
11 47
13 41
13 49
17 41
17 49
19 47
10 45
11 42
11 48
12 41
12 49
15 40
18 49
19 48
10 44
14 40
16 40
10 43
10 47
13 40
17 40
11 41
11 49
19 49
10 42
10 48
12 40
18 40
10 41
10 49
0
Yes
27 42
26 42
27 41
26 41
27 43
26 43
28 42
28 41
28 43
25 42
25 41
25 43
27 40
26 40
28 40
29 42
29 41
29 43
29 40
25 44
24 42
24 41
24 43
24 44
27 39
26 39
28 39
29 39
30 42
30 41
30 43
30 40
30 39
25 45
24 45
23 42
23 41
23 43
23 44
23 45
27 38
26 38
28 38
29 38
30 38
31 42
31 41
31 43
31 40
31 39
31 38
23 40
25 46
24 46
23 46
22 42
22 41
22 43
22 40
22 44
22 45
22 46
23 39
22 39
27 37
26 37
28 37
29 37
30 37
31 37
32 42
32 41
32 40
32 39
32 38
32 37
25 47
24 47
23 47
22 47
21 42
21 43
21 44
21 45
21 46
21 47
27 36
26 36
28 36
29 36
30 36
33 42
33 41
33 40
33 39
33 38
21 40
21 39
25 48
24 48
23 48
22 48
21 48
27 35
26 35
28 35
29 35
30 35
34 42
34 41
34 40
34 39
34 38
20 40
20 39
25 49
24 49
23 49
22 49
21 49
20 45
20 46
20 47
20 48
20 49
0
Yes
15 1
15 2
15 3
15 4
16 1
16 2
16 3
16 4
17 1
17 2
17 3
17 4
18 1
18 2
18 3
18 4
19 1
19 2
19 3
19 4
0
No
0
No
0
Yes
43 0
43 1
43 2
43 3
43 4
43 5
43 6
44 0
44 1
44 2
44 3
44 4
44 5
44 6
45 0
45 1
45 2
45 3
45 4
45 5
45 6
46 0
46 1
46 2
46 3
46 4
46 5
46 6
47 0
47 1
47 2
47 3
47 4
47 5
47 6
48 0
48 1
48 2
48 3
48 4
48 5
48 6
49 0
49 1
0
Yes
0 17
0 18
0 19
0 20
1 17
1 18
1 19
1 20
2 17
2 18
2 19
2 20
3 17
3 18
3 19
3 20
4 17
4 18
4 19
0
Yes
4 31
4 32
4 33
4 34
4 35
4 36
5 31
5 32
5 33
5 34
5 35
5 36
6 31
6 32
6 33
6 34
6 35
6 36
7 31
7 32
7 33
7 34
7 35
7 36
8 31
8 32
8 33
8 34
8 35
8 36
9 31
9 32
9 33
9 34
9 35
9 36
10 31
0
Yes
48 45
48 46
48 47
48 48
48 49
49 45
49 46
49 47
49 48
49 49
0
No
0
No
0
No
0
Yes
20 0
20 1
20 2
20 3
21 0
21 1
21 2
21 3
22 0
22 1
22 2
22 3
23 0
23 1
23 2
0
Yes
32 13
32 14
32 15
33 13
33 14
33 15
34 13
0
Yes
6 7
6 8
6 9
6 10
6 11
6 12
6 13
6 14
6 15
7 7
7 8
7 9
7 10
7 11
7 12
7 13
7 14
7 15
8 7
8 8
8 9
8 10
8 11
8 12
8 13
8 14
8 15
9 7
9 8
9 9
9 10
9 11
9 12
9 13
9 14
9 15
10 7
10 8
10 9
10 10
10 11
10 12
10 13
10 14
10 15
11 7
11 8
11 9
11 10
11 11
11 12
11 13
11 14
11 15
12 7
12 8
12 9
12 10
12 11
12 12
12 13
12 14
12 15
13 7
13 8
13 9
13 10
13 11
13 12
13 13
13 14
13 15
14 7
14 8
14 9
14 10
14 11
14 12
14 13
14 14
14 15
15 7
15 8
15 9
15 10
15 11
15 12
15 13
15 14
15 15
16 7
16 8
16 9
16 10
16 11
16 12
16 13
16 14
16 15
17 7
17 8
17 9
17 10
17 11
17 12
17 13
17 14
17 15
18 7
18 8
18 9
18 10
18 11
18 12
18 13
18 14
18 15
19 7
19 8
19 9
19 10
19 11
19 12
19 13
19 14
19 15
20 7
20 8
20 9
20 10
20 11
20 12
20 13
20 14
20 15
0
No
0
Yes
35 43
35 44
35 45
35 46
35 47
35 48
35 49
36 43
36 44
36 45
36 46
36 47
36 48
36 49
37 43
37 44
37 45
37 46
37 47
37 48
37 49
38 43
38 44
38 45
38 46
38 47
38 48
38 49
39 43
39 44
39 45
39 46
39 47
39 48
39 49
40 43
40 44
40 45
40 46
40 47
40 48
40 49
41 43
41 44
41 45
41 46
41 47
41 48
41 49
42 43
42 44
42 45
0
No
0
Yes
26 37
26 38
26 39
26 40
26 41
26 42
26 43
27 37
27 38
27 39
27 40
27 41
27 42
27 43
28 37
28 38
28 39
28 40
28 41
28 42
28 43
29 37
29 38
29 39
29 40
29 41
29 42
29 43
30 37
30 38
30 39
30 40
30 41
30 42
30 43
31 37
31 38
31 39
31 40
31 41
31 42
31 43
32 37
0
No
0
Yes
11 40
11 41
11 42
11 43
11 44
11 45
11 46
12 40
12 41
12 42
12 43
12 44
12 45
12 46
13 40
13 41
13 42
13 43
13 44
13 45
13 46
14 40
14 41
14 42
14 43
14 44
14 45
14 46
15 40
15 41
15 42
15 43
15 44
15 45
15 46
16 40
16 41
16 42
16 43
16 44
16 45
16 46
17 40
17 41
17 42
17 43
17 44
17 45
17 46
0
Yes
32 46
32 47
32 48
32 49
33 46
33 47
33 48
33 49
34 46
34 47
34 48
34 49
0
Yes
45 7
45 8
45 9
45 10
45 11
45 12
45 13
45 14
45 15
45 16
46 7
46 8
46 9
46 10
46 11
46 12
46 13
46 14
46 15
46 16
47 7
47 8
47 9
47 10
47 11
47 12
47 13
47 14
47 15
47 16
48 7
48 8
48 9
48 10
48 11
48 12
48 13
48 14
48 15
48 16
49 7
49 8
49 9
49 10
49 11
49 12
49 13
49 14
49 15
49 16
0
Yes
15 35
14 35
15 34
15 36
16 35
14 34
14 36
16 34
16 36
13 35
15 33
15 37
17 35
13 34
13 36
14 33
14 37
16 33
16 37
17 34
17 36
13 33
13 37
17 33
17 37
12 35
15 32
15 38
18 35
12 34
12 36
14 32
14 38
16 32
16 38
18 34
18 36
12 33
12 37
13 32
13 38
17 32
17 38
18 33
18 37
11 35
15 31
15 39
11 34
11 36
14 39
16 31
16 39
12 32
12 38
18 32
18 38
11 33
11 37
13 31
13 39
17 31
17 39
10 35
11 32
11 38
12 31
12 39
15 30
18 31
18 39
19 32
10 34
10 36
16 30
10 33
10 37
17 30
11 31
11 39
19 31
19 39
10 32
10 38
12 30
18 30
10 39
11 30
0
No
0
Yes
18 39
18 40
18 41
18 42
18 43
18 44
18 45
18 46
18 47
18 48
18 49
19 39
19 40
19 41
19 42
19 43
19 44
19 45
19 46
19 47
19 48
19 49
20 39
20 40
20 41
20 42
20 43
20 44
20 45
20 46
20 47
20 48
20 49
21 39
21 40
21 41
21 42
21 43
21 44
21 45
21 46
21 47
21 48
21 49
22 39
22 40
22 41
22 42
22 43
22 44
22 45
22 46
22 47
22 48
22 49
23 39
23 40
23 41
23 42
23 43
23 44
23 45
23 46
23 47
23 48
23 49
24 39
24 40
24 41
24 42
24 43
24 44
24 45
24 46
24 47
24 48
24 49
25 39
25 40
25 41
25 42
25 43
25 44
25 45
25 46
25 47
0
Yes
10 32
10 33
10 34
10 35
10 36
10 37
10 38
10 39
11 32
11 33
11 34
11 35
11 36
11 37
11 38
11 39
12 32
12 33
12 34
12 35
12 36
12 37
12 38
12 39
13 32
13 33
13 34
13 35
13 36
13 37
13 38
13 39
14 32
14 33
14 34
14 35
14 36
14 37
14 38
14 39
15 32
15 33
15 34
15 35
15 36
15 37
15 38
15 39
16 32
16 33
16 34
16 35
16 36
16 37
16 38
16 39
17 32
17 33
17 34
17 35
0
No
0
No
0
Yes
18 33
18 34
18 35
18 36
18 37
18 38
19 33
19 34
19 35
19 36
19 37
19 38
20 33
20 34
20 35
20 36
20 37
20 38
21 33
21 34
21 35
21 36
21 37
21 38
22 33
22 34
22 35
22 36
22 37
22 38
23 33
23 34
23 35
23 36
23 37
23 38
24 33
24 34
24 35
24 36
24 37
0
No
0
No
0
Yes
42 46
42 47
42 48
42 49
43 46
43 47
43 48
43 49
0
No
0
Yes
21 44
20 44
21 43
20 43
21 45
20 45
22 44
22 43
22 45
19 44
19 43
19 45
21 42
20 42
22 42
19 42
21 46
20 46
22 46
19 46
23 44
23 43
23 45
23 42
23 46
18 44
18 43
18 45
18 42
18 46
21 41
20 41
22 41
19 41
23 41
18 41
21 47
20 47
22 47
19 47
23 47
18 47
24 44
24 43
24 45
24 42
24 46
24 41
24 47
21 40
20 40
22 40
19 40
23 40
18 40
24 40
21 48
20 48
22 48
19 48
23 48
18 48
24 48
25 44
25 43
25 45
25 42
25 46
25 41
25 47
25 40
25 48
17 47
17 48
21 39
20 39
22 39
19 39
23 39
18 39
24 39
25 39
21 49
20 49
22 49
19 49
23 49
18 49
24 49
17 49
25 49
16 47
16 48
16 49
17 39
15 47
15 48
15 49
24 38
25 38
17 38
14 47
14 48
14 49
17 37
25 37
13 47
13 48
13 49
17 36
25 36
26 36
12 47
12 48
12 49
25 35
26 35
27 36
27 35
11 47
11 48
11 49
28 36
28 35
25 34
26 34
27 34
28 34
29 36
29 35
29 34
10 47
10 48
10 49
0
No
0
No
0
No
0
No
0
No
0
No
0
Yes
26 38
26 39
26 40
26 41
26 42
26 43
27 38
27 39
27 40
27 41
27 42
27 43
28 38
28 39
28 40
28 41
28 42
28 43
29 38
29 39
29 40
29 41
29 42
29 43
30 38
30 39
30 40
30 41
30 42
30 43
31 38
31 39
31 40
31 41
31 42
31 43
32 38
32 39
32 40
32 41
32 42
32 43
33 38
33 39
33 40
33 41
33 42
33 43
34 38
34 39
34 40
34 41
34 42
34 43
35 38
35 39
35 40
35 41
0
Yes
11 40
11 41
11 42
11 43
11 44
11 45
11 46
12 40
12 41
12 42
12 43
12 44
12 45
12 46
13 40
13 41
13 42
13 43
13 44
13 45
13 46
14 40
14 41
14 42
14 43
14 44
14 45
14 46
15 40
15 41
15 42
15 43
15 44
15 45
15 46
16 40
16 41
16 42
16 43
16 44
16 45
16 46
17 40
17 41
17 42
17 43
17 44
17 45
17 46
0
Yes
20 0
20 1
20 2
21 0
21 1
21 2
22 0
22 1
22 2
23 0
23 1
23 2
0
Yes
21 15
21 16
21 17
21 18
22 15
22 16
22 17
22 18
23 15
23 16
23 17
23 18
24 15
0
No
0
Yes
21 6
21 7
21 8
21 9
22 6
22 7
22 8
22 9
23 6
23 7
23 8
23 9
24 6
24 7
24 8
24 9
25 6
25 7
25 8
25 9
26 6
26 7
26 8
26 9
27 6
27 7
27 8
27 9
0
No
0
Yes
0 17
0 18
0 19
0 20
1 17
1 18
1 19
1 20
2 17
2 18
2 19
2 20
3 17
3 18
3 19
3 20
4 17
4 18
4 19
0
No
0
Yes
10 16
10 17
10 18
10 19
11 16
11 17
11 18
11 19
12 16
12 17
12 18
12 19
13 16
13 17
13 18
13 19
14 16
14 17
14 18
14 19
15 16
15 17
15 18
15 19
16 16
16 17
16 18
16 19
0
Yes
26 38
26 39
26 40
26 41
26 42
26 43
26 44
27 38
27 39
27 40
27 41
27 42
27 43
27 44
28 38
28 39
28 40
28 41
28 42
28 43
28 44
29 38
29 39
29 40
29 41
29 42
29 43
29 44
30 38
30 39
30 40
30 41
30 42
30 43
30 44
31 38
31 39
31 40
31 41
31 42
31 43
31 44
32 38
32 39
32 40
32 41
32 42
32 43
32 44
33 38
33 39
33 40
0
No
0
No
0
No
0
Yes
14 3
14 4
13 3
13 4
15 3
15 4
14 2
14 5
13 2
13 5
15 2
15 5
12 3
12 4
16 3
16 4
12 2
12 5
14 1
14 6
16 2
16 5
13 1
13 6
15 1
15 6
11 3
11 4
17 3
17 4
12 1
12 6
16 1
16 6
11 2
11 5
17 2
17 5
14 0
13 0
15 0
11 1
11 6
17 1
17 6
10 3
10 4
12 0
16 0
18 3
18 4
10 2
10 5
18 2
18 5
11 0
17 0
10 1
10 6
18 1
18 6
9 3
9 4
19 3
19 4
9 2
9 5
19 2
19 5
10 0
18 0
9 1
9 6
19 1
19 6
8 3
8 4
20 3
20 4
9 0
19 0
8 2
8 5
20 5
8 1
8 6
20 6
8 0
7 4
7 5
7 1
7 6
7 0
0
Yes
7 47
7 48
8 47
8 48
9 47
9 48
0
Yes
21 9
21 10
21 11
21 12
21 13
21 14
22 9
22 10
22 11
22 12
22 13
22 14
23 9
23 10
23 11
23 12
23 13
23 14
24 9
24 10
24 11
24 12
24 13
24 14
25 9
25 10
25 11
25 12
25 13
25 14
26 9
0
Yes
48 16
47 16
48 15
47 15
48 17
47 17
49 16
49 15
49 17
46 16
46 15
46 17
48 14
47 14
49 14
46 14
48 18
47 18
49 18
46 18
45 16
45 15
45 17
45 14
45 18
48 13
47 13
49 13
46 13
45 13
48 19
47 19
49 19
46 19
45 19
48 12
47 12
49 12
46 12
45 12
48 20
47 20
49 20
46 20
45 20
44 15
44 14
44 13
44 19
44 20
48 11
47 11
49 11
46 11
45 11
48 21
47 21
49 21
46 21
45 21
43 14
43 19
43 20
43 18
43 17
48 10
47 10
49 10
46 10
45 10
48 22
47 22
49 22
46 22
42 17
42 14
42 15
42 13
42 19
42 20
48 9
47 9
49 9
46 9
45 9
48 23
47 23
49 23
46 23
41 15
41 14
41 13
43 21
42 21
44 10
44 9
41 19
45 23
48 8
47 8
49 8
46 8
45 8
44 8
0
No
0
No
0
Yes
26 45
26 46
26 47
26 48
26 49
27 45
27 46
27 47
27 48
27 49
28 45
28 46
28 47
28 48
28 49
29 45
29 46
29 47
29 48
29 49
30 45
0
No
0
Yes
17 4
16 4
17 3
16 3
17 5
16 5
18 4
18 3
18 5
15 4
15 3
15 5
17 2
16 2
18 2
15 2
17 6
16 6
18 6
15 6
19 4
19 3
19 5
19 2
19 6
14 4
14 3
14 5
14 2
14 6
17 1
16 1
18 1
15 1
19 1
14 1
20 4
20 3
20 5
20 6
13 4
13 3
13 5
13 2
13 6
13 1
17 0
16 0
18 0
15 0
19 0
14 0
13 0
21 4
21 3
21 5
21 6
12 4
12 3
12 5
12 2
12 6
12 1
12 0
21 7
22 4
22 3
22 5
22 6
22 7
21 8
22 8
11 4
11 3
11 5
11 2
11 6
11 1
11 0
23 4
23 3
23 5
23 6
23 7
23 8
10 4
10 3
10 5
10 2
10 6
10 1
10 0
24 4
24 3
24 5
24 6
24 7
24 8
24 2
24 1
9 4
9 3
9 5
9 2
9 6
9 1
9 0
25 4
25 3
25 5
25 2
25 6
25 1
25 7
25 8
24 0
25 0
8 4
8 3
8 5
8 2
8 6
8 1
0
No
0
Yes
21 15
21 16
21 17
21 18
22 15
22 16
22 17
22 18
23 15
23 16
23 17
23 18
24 15
24 16
24 17
24 18
25 15
25 16
0
Yes
46 4
46 5
45 4
45 5
47 4
47 5
46 3
46 6
45 3
45 6
47 3
47 6
44 4
44 5
48 4
48 5
44 3
44 6
46 2
46 7
48 3
48 6
45 2
45 7
47 2
47 7
43 4
43 5
49 4
49 5
44 2
44 7
48 2
48 7
43 3
43 6
49 3
49 6
46 1
45 1
47 1
43 2
43 7
49 2
49 7
42 4
44 1
48 1
42 3
42 6
46 0
43 1
43 8
45 0
47 0
49 1
42 2
42 7
44 0
48 0
42 1
42 8
43 0
49 0
0
Yes
47 24
47 25
47 26
47 27
47 28
47 29
48 24
48 25
48 26
48 27
48 28
48 29
49 24
49 25
49 26
49 27
49 28
49 29
0
Yes
13 18
12 18
13 17
12 17
13 19
12 19
14 18
14 17
14 19
11 18
11 17
11 19
13 16
12 16
14 16
11 16
13 20
12 20
14 20
15 18
15 17
15 19
15 16
15 20
10 18
10 17
10 19
10 16
13 21
12 21
14 21
15 21
16 18
16 17
16 19
16 16
16 20
16 21
9 18
9 17
9 19
9 16
13 22
14 22
15 22
16 22
17 18
17 17
17 19
17 16
17 20
17 21
17 22
8 18
8 17
8 19
8 16
18 18
18 17
18 19
18 16
18 20
18 21
18 22
14 23
15 23
16 23
17 23
18 23
8 20
8 21
7 17
7 16
19 17
19 16
19 19
15 24
16 24
17 24
18 24
19 21
19 22
19 23
0
No
0
No
0
No
0
Yes
48 15
47 15
48 14
47 14
48 16
47 16
49 15
49 14
49 16
46 15
46 14
46 16
48 13
47 13
49 13
46 13
48 17
47 17
49 17
46 17
45 15
45 14
45 16
45 13
45 17
48 12
47 12
49 12
46 12
45 12
48 18
47 18
49 18
46 18
45 18
44 15
44 14
44 13
48 11
47 11
49 11
46 11
45 11
48 19
47 19
49 19
46 19
45 19
48 10
47 10
49 10
46 10
45 10
48 20
47 20
49 20
46 20
45 20
43 14
44 19
44 20
48 9
47 9
49 9
46 9
45 9
48 21
47 21
49 21
46 21
45 21
42 14
42 15
42 13
43 19
43 20
43 18
43 17
42 17
44 10
44 9
41 15
41 14
41 13
48 8
47 8
49 8
46 8
45 8
44 8
48 22
47 22
49 22
46 22
0
Yes
4 35
3 35
4 34
3 34
4 36
3 36
5 35
5 34
5 36
2 35
2 34
2 36
4 33
3 33
5 33
2 33
4 37
5 37
6 35
6 34
6 36
6 33
2 37
1 35
1 34
1 36
1 33
1 37
4 32
5 32
6 32
4 38
7 35
7 34
7 36
7 33
7 32
2 32
2 38
1 38
7 37
0 35
0 34
0 36
0 33
0 37
0 38
4 31
5 31
6 31
7 31
8 35
8 34
8 36
8 33
8 37
8 32
8 31
7 38
8 38
2 39
1 39
0 39
0 32
9 35
9 34
9 36
9 33
9 37
9 32
9 38
9 31
2 40
1 40
0 40
6 30
7 30
8 30
9 30
0 31
8 39
9 39
2 41
1 41
0 41
3 41
8 40
9 40
7 29
3 42
2 42
1 42
0
No
0
No
0
No
0
No
0
Yes
26 16
26 17
26 18
26 19
26 20
27 16
27 17
27 18
27 19
27 20
28 16
28 17
28 18
28 19
28 20
0
No
0
Yes
47 15
48 15
47 14
47 16
48 14
48 16
46 15
49 15
46 14
46 16
49 14
49 16
47 13
47 17
48 13
48 17
45 15
46 13
46 17
49 13
49 17
45 14
45 16
47 12
47 18
48 12
48 18
45 13
45 17
46 12
46 18
49 12
49 18
45 12
45 18
47 11
47 19
48 11
48 19
46 11
46 19
49 11
49 19
45 11
45 19
47 10
47 20
48 10
48 20
46 10
46 20
49 10
49 20
45 10
45 20
47 9
47 21
48 9
48 21
46 9
46 21
49 9
49 21
45 9
45 21
47 8
0
No
0
Yes
11 40
11 41
11 42
11 43
11 44
11 45
11 46
12 40
12 41
12 42
12 43
12 44
12 45
12 46
13 40
13 41
13 42
13 43
13 44
13 45
13 46
14 40
14 41
14 42
14 43
14 44
14 45
14 46
15 40
15 41
15 42
15 43
15 44
15 45
15 46
16 40
16 41
16 42
16 43
16 44
16 45
16 46
17 40
17 41
17 42
17 43
0
No
0
Yes
0 10
0 11
0 12
0 13
0 14
0 15
0 16
0 17
0 18
0 19
1 10
1 11
1 12
1 13
1 14
1 15
1 16
1 17
1 18
1 19
2 10
2 11
2 12
2 13
2 14
2 15
2 16
2 17
2 18
2 19
3 10
3 11
3 12
3 13
3 14
3 15
3 16
3 17
3 18
3 19
4 10
4 11
4 12
4 13
4 14
4 15
4 16
4 17
4 18
4 19
5 10
5 11
5 12
5 13
5 14
5 15
5 16
5 17
0
No
0
Yes
18 33
18 34
18 35
18 36
18 37
18 38
19 33
19 34
19 35
19 36
19 37
19 38
20 33
20 34
20 35
20 36
20 37
20 38
21 33
21 34
21 35
21 36
21 37
21 38
22 33
22 34
22 35
22 36
22 37
22 38
23 33
23 34
23 35
0
Yes
7 47
7 48
8 47
8 48
0
Yes
35 43
35 44
35 45
35 46
35 47
35 48
35 49
36 43
36 44
36 45
36 46
36 47
36 48
36 49
37 43
37 44
37 45
37 46
37 47
37 48
37 49
38 43
38 44
38 45
38 46
38 47
38 48
38 49
39 43
39 44
39 45
39 46
39 47
39 48
39 49
40 43
40 44
40 45
40 46
40 47
40 48
40 49
41 43
41 44
41 45
41 46
41 47
41 48
41 49
42 43
42 44
42 45
0
Yes
13 33
12 33
13 32
12 32
13 34
12 34
14 33
14 32
14 34
11 33
11 32
11 34
13 31
12 31
11 31
13 35
12 35
14 35
11 35
15 33
15 32
15 34
15 35
15 31
10 33
10 32
10 34
10 31
10 35
13 36
12 36
14 36
11 36
15 36
10 36
16 33
16 32
16 34
16 31
16 35
16 36
12 30
11 30
10 30
15 30
16 30
13 37
12 37
14 37
11 37
15 37
10 37
16 37
17 33
17 32
17 34
17 31
17 35
17 30
15 29
14 29
13 38
12 38
14 38
11 38
15 38
10 38
16 38
18 32
18 31
18 30
17 29
18 29
13 39
12 39
14 39
11 39
15 39
10 39
16 39
19 32
19 31
17 28
18 28
13 40
12 40
14 40
11 40
15 40
10 40
16 40
17 27
18 27
16 27
15 27
19 29
16 26
17 26
18 26
13 41
12 41
14 41
11 41
15 41
10 41
16 41
17 40
17 41
19 27
19 26
16 25
17 25
9 41
13 42
12 42
14 42
11 42
15 42
10 42
16 42
17 42
20 27
20 26
16 24
17 24
15 24
13 43
12 43
14 43
11 43
0
Yes
32 43
31 43
32 42
31 42
32 44
31 44
33 43
33 42
33 44
30 43
30 42
30 44
32 41
31 41
33 41
30 41
32 45
31 45
33 45
30 45
34 43
34 42
34 44
34 41
34 45
29 43
29 42
29 44
29 41
29 45
32 40
31 40
33 40
30 40
34 40
29 40
31 46
30 46
29 46
35 42
35 41
35 40
28 43
28 42
28 44
28 41
28 45
28 40
28 46
32 39
31 39
33 39
30 39
34 39
29 39
35 39
28 39
31 47
30 47
29 47
28 47
36 42
36 41
36 40
36 39
27 43
27 42
27 44
27 41
27 45
27 40
27 46
27 39
27 47
32 38
31 38
33 38
30 38
34 38
29 38
35 38
28 38
27 38
31 48
30 48
29 48
28 48
27 48
37 42
37 41
37 40
37 39
26 43
26 42
26 44
26 41
26 45
26 40
26 46
26 39
26 47
26 38
26 48
32 37
31 37
30 37
29 37
28 37
27 37
26 37
31 49
30 49
29 49
28 49
27 49
26 49
35 37
38 40
38 39
37 38
38 38
0
No
0
Yes
12 16
12 17
12 18
12 19
12 20
12 21
13 16
13 17
13 18
13 19
13 20
13 21
14 16
14 17
14 18
14 19
14 20
14 21
15 16
15 17
15 18
15 19
15 20
15 21
16 16
16 17
16 18
16 19
16 20
16 21
17 16
17 17
17 18
17 19
17 20
17 21
18 16
18 17
18 18
0
No
0
Yes
42 19
42 20
42 21
43 19
43 20
43 21
44 19
44 20
0
No
0
Yes
17 7
17 8
17 9
17 10
17 11
17 12
17 13
17 14
18 7
18 8
18 9
18 10
18 11
18 12
18 13
18 14
19 7
19 8
19 9
19 10
19 11
19 12
19 13
19 14
20 7
20 8
20 9
20 10
20 11
20 12
20 13
20 14
0
No
0
No
0
No
0
Yes
7 7
7 8
7 9
7 10
7 11
7 12
7 13
7 14
7 15
8 7
8 8
8 9
8 10
8 11
8 12
8 13
8 14
8 15
9 7
9 8
9 9
9 10
9 11
9 12
9 13
9 14
9 15
10 7
10 8
10 9
10 10
10 11
10 12
10 13
10 14
10 15
11 7
11 8
11 9
11 10
11 11
11 12
11 13
11 14
11 15
12 7
12 8
12 9
12 10
12 11
12 12
12 13
12 14
12 15
13 7
13 8
13 9
13 10
13 11
13 12
13 13
13 14
13 15
14 7
14 8
14 9
14 10
14 11
14 12
14 13
14 14
14 15
15 7
15 8
15 9
15 10
15 11
15 12
15 13
15 14
15 15
16 7
16 8
16 9
16 10
16 11
0
No
0
No
0
Yes
8 0
8 1
8 2
8 3
8 4
8 5
8 6
9 0
9 1
9 2
9 3
9 4
9 5
9 6
10 0
10 1
10 2
10 3
10 4
10 5
10 6
11 0
11 1
11 2
11 3
11 4
11 5
11 6
12 0
12 1
12 2
12 3
12 4
12 5
12 6
13 0
13 1
13 2
13 3
13 4
13 5
13 6
14 0
14 1
14 2
14 3
14 4
14 5
14 6
15 0
15 1
15 2
15 3
15 4
15 5
15 6
0
No
0
No
0
No
0
Yes
18 44
17 44
18 43
17 43
18 45
17 45
19 44
19 43
19 45
16 44
16 43
16 45
18 42
19 42
18 46
17 46
19 46
16 46
20 44
20 43
20 45
20 42
20 46
15 44
15 43
15 45
15 46
18 41
19 41
20 41
18 47
17 47
19 47
16 47
20 47
15 47
21 44
21 43
21 45
21 42
21 46
21 41
21 47
14 44
14 45
14 46
14 47
18 40
19 40
20 40
21 40
18 48
17 48
19 48
16 48
20 48
15 48
21 48
14 48
22 44
22 43
22 45
22 42
22 46
22 41
22 47
22 40
22 48
13 44
13 45
13 46
13 47
13 48
18 39
19 39
20 39
21 39
22 39
18 49
17 49
19 49
16 49
20 49
15 49
21 49
14 49
22 49
13 49
23 44
23 43
23 45
23 42
23 46
23 41
23 47
23 40
23 48
23 39
23 49
17 39
12 44
12 45
12 46
12 47
12 48
12 49
24 44
24 43
24 45
24 42
24 46
24 41
24 47
24 40
24 48
24 39
24 49
17 38
11 44
11 45
11 46
11 47
11 48
11 49
25 44
25 43
25 45
25 42
25 46
25 41
25 47
25 40
25 48
25 39
25 49
17 37
23 38
24 38
25 38
10 44
10 45
10 43
17 36
10 47
10 48
10 49
23 37
24 37
25 37
0
Yes
16 0
16 1
16 2
16 3
16 4
16 5
16 6
17 0
17 1
17 2
17 3
17 4
17 5
17 6
18 0
18 1
18 2
18 3
18 4
18 5
18 6
19 0
19 1
19 2
19 3
19 4
19 5
19 6
20 0
20 1
20 2
20 3
20 4
20 5
20 6
21 0
21 1
21 2
21 3
21 4
21 5
21 6
22 0
22 1
22 2
22 3
22 4
22 5
22 6
23 0
23 1
23 2
23 3
23 4
23 5
23 6
24 0
24 1
24 2
24 3
24 4
0
No
0
Yes
17 13
16 13
17 12
16 12
17 14
16 14
18 13
18 12
18 14
17 11
18 11
17 15
16 15
18 15
19 13
19 12
19 14
19 11
19 15
17 10
18 10
19 10
17 16
16 16
18 16
19 16
20 13
20 12
20 14
20 11
20 15
20 10
20 16
15 16
17 9
18 9
19 9
20 9
17 17
16 17
18 17
15 17
19 17
20 17
14 16
14 17
13 16
13 17
17 8
18 8
19 8
20 8
17 18
16 18
18 18
15 18
14 18
13 18
12 16
12 17
12 18
17 7
18 7
19 7
20 7
17 19
16 19
18 19
15 19
14 19
13 19
12 19
19 19
21 8
21 7
11 16
11 17
11 18
11 19
17 20
16 20
18 20
15 20
14 20
13 20
12 20
22 8
22 7
10 16
10 17
10 18
10 19
23 8
23 7
17 21
16 21
18 21
15 21
14 21
13 21
12 21
19 21
9 16
9 17
9 18
9 19
20 21
24 8
24 7
17 22
16 22
18 22
15 22
19 22
14 22
13 22
25 8
25 7
8 16
8 17
8 18
8 19
24 6
25 6
17 23
16 23
18 23
15 23
19 23
14 23
26 8
26 7
26 6
7 16
7 17
24 5
25 5
26 5
18 24
27 8
27 7
27 6
0
Yes
47 22
47 23
47 24
47 25
47 26
47 27
47 28
48 22
48 23
48 24
48 25
48 26
48 27
48 28
49 22
49 23
49 24
49 25
49 26
49 27
49 28
0
No
0
No
0
Yes
0 10
0 11
0 12
0 13
0 14
1 10
1 11
1 12
1 13
1 14
2 10
2 11
2 12
2 13
2 14
3 10
3 11
3 12
3 13
3 14
4 10
4 11
4 12
4 13
4 14
5 10
0
No
0
Yes
11 7
11 8
11 9
11 10
11 11
12 7
12 8
12 9
12 10
12 11
13 7
13 8
13 9
13 10
13 11
14 7
14 8
14 9
14 10
14 11
15 7
15 8
15 9
15 10
15 11
16 7
16 8
16 9
16 10
16 11
0
Yes
6 12
5 12
6 11
5 11
6 13
5 13
7 12
7 11
7 13
6 10
7 10
6 14
5 14
7 14
8 12
8 11
8 13
8 10
8 14
6 9
7 9
8 9
6 15
5 15
7 15
8 15
9 12
9 11
9 13
9 10
9 14
9 9
9 15
5 9
4 9
4 15
6 8
5 8
7 8
4 8
8 8
9 8
6 16
5 16
4 16
10 12
10 11
10 13
10 10
10 14
10 9
10 15
10 8
3 9
3 8
3 15
3 16
2 15
2 16
6 7
5 7
7 7
4 7
8 7
3 7
9 7
10 7
6 17
5 17
4 17
3 17
2 17
11 12
11 13
11 14
11 15
1 15
1 16
1 17
6 6
5 6
7 6
6 18
5 18
4 18
3 18
2 18
1 18
12 12
12 13
12 14
12 15
0 15
0 16
0 17
0 18
3 6
0
Yes
30 19
29 19
30 18
29 18
30 20
29 20
31 19
31 18
31 20
30 17
29 17
31 17
30 21
29 21
31 21
32 19
32 18
32 20
32 17
28 21
30 16
29 16
31 16
32 16
30 22
29 22
31 22
28 22
33 19
33 18
33 17
33 16
27 21
27 22
30 23
0
No
0
No
0
No
0
Yes
0 19
0 20
0 21
0 22
1 19
1 20
1 21
1 22
2 19
2 20
2 21
2 22
3 19
3 20
0
No
0
Yes
6 0
6 1
6 2
7 0
7 1
0
Yes
30 29
30 30
31 29
31 30
32 29
0
No
0
No
0
No
0
Yes
45 8
45 9
45 10
45 11
45 12
45 13
45 14
45 15
45 16
45 17
45 18
45 19
45 20
45 21
46 8
46 9
46 10
46 11
46 12
46 13
46 14
46 15
46 16
46 17
46 18
46 19
46 20
46 21
47 8
47 9
47 10
47 11
47 12
47 13
47 14
47 15
47 16
47 17
47 18
47 19
47 20
47 21
48 8
48 9
48 10
48 11
48 12
48 13
48 14
48 15
48 16
48 17
48 18
48 19
48 20
48 21
49 8
49 9
49 10
49 11
49 12
49 13
49 14
49 15
49 16
49 17
49 18
49 19
49 20
49 21
0
Yes
23 1
22 1
23 0
22 0
23 2
22 2
24 1
24 0
24 2
21 1
21 0
21 2
23 3
22 3
24 3
21 3
25 1
25 0
25 2
25 3
20 1
20 0
20 2
20 3
23 4
22 4
24 4
21 4
25 4
20 4
26 1
26 0
26 2
26 3
26 4
19 1
19 0
19 2
19 3
19 4
23 5
22 5
21 5
20 5
19 5
27 1
27 0
27 2
27 3
27 4
18 1
18 0
18 2
18 3
18 4
18 5
23 6
22 6
21 6
20 6
19 6
18 6
28 1
28 0
28 2
27 5
28 4
28 5
17 1
17 0
17 2
17 3
17 4
17 5
17 6
29 1
29 0
16 1
16 0
16 2
16 3
16 4
16 5
16 6
30 1
30 0
0
No
0
Yes
0 15
0 16
0 17
0 18
1 15
1 16
1 17
1 18
2 15
2 16
2 17
2 18
3 15
3 16
3 17
0
Yes
23 9
23 10
23 11
23 12
24 9
24 10
24 11
24 12
25 9
25 10
25 11
25 12
26 9
26 10
26 11
26 12
27 9
0
Yes
8 10
8 11
7 10
7 11
9 10
9 11
8 9
8 12
7 9
7 12
9 9
9 12
6 10
6 11
10 10
10 11
6 9
6 12
8 8
8 13
10 9
10 12
7 8
7 13
9 8
9 13
5 11
6 8
6 13
10 8
10 13
5 9
5 12
8 7
8 14
7 7
7 14
9 7
9 14
5 8
5 13
6 7
6 14
10 7
10 14
5 7
5 14
7 6
6 6
5 6
3
865
11 12
11 13
11 14
11 15
12 12
12 13
12 14
12 15
13 12
13 13
13 14
13 15
14 12
14 13
14 14
14 15
15 12
850
26 17
26 18
26 19
26 20
26 21
26 22
27 17
27 18
27 19
27 20
27 21
27 22
28 17
28 18
28 19
28 20
28 21
28 22
29 17
29 18
29 19
29 20
29 21
29 22
30 17
30 18
30 19
30 20
30 21
30 22
31 17
31 18
31 19
31 20
31 21
643
18 34
18 35
18 36
18 37
18 38
19 34
19 35
19 36
19 37
19 38
20 34
20 35
20 36
20 37
20 38
21 34
21 35
21 36
21 37
21 38
22 34
22 35
22 36
22 37
22 38
23 34
23 35
Yes
21 11
21 12
21 13
21 14
21 15
21 16
22 11
22 12
22 13
22 14
22 15
22 16
23 11
23 12
23 13
23 14
23 15
23 16
24 11
24 12
24 13
24 14
24 15
24 16
25 11
25 12
25 13
25 14
25 15
25 16
26 11
26 12
26 13
26 14
26 15
26 16
27 11
27 12
27 13
27 14
27 15
27 16
28 11
28 12
28 13
28 14
28 15
28 16
29 11
29 12
29 13
29 14
29 15
29 16
30 11
30 12
30 13
30 14
30 15
30 16
31 11
31 12
31 13
31 14
31 15
31 16
32 11
32 12
32 13
32 14
32 15
32 16
33 11
33 12
33 13
33 14
0
No
0
Yes
4 15
4 16
4 17
4 18
5 15
5 16
5 17
5 18
6 15
6 16
6 17
6 18
7 15
0
No
0
Yes
35 43
35 44
35 45
35 46
35 47
36 43
36 44
36 45
36 46
36 47
37 43
37 44
37 45
37 46
37 47
38 43
38 44
38 45
38 46
38 47
39 43
39 44
39 45
39 46
39 47
40 43
40 44
40 45
40 46
0
Yes
25 34
25 35
25 36
26 34
26 35
26 36
27 34
27 35
27 36
28 34
28 35
28 36
29 34
0
Yes
38 48
37 48
38 49
37 49
39 48
39 49
36 48
36 49
40 48
40 49
40 47
35 48
35 49
41 48
41 47
41 49
41 46
34 48
34 49
42 48
42 47
42 49
42 46
34 47
41 45
42 45
34 46
33 48
33 47
33 49
33 46
41 44
42 44
43 48
43 47
43 49
43 46
41 43
42 43
32 48
32 47
32 49
0
No
0
Yes
26 44
26 45
26 46
26 47
26 48
26 49
27 44
27 45
27 46
27 47
27 48
27 49
28 44
28 45
28 46
28 47
28 48
28 49
29 44
29 45
29 46
29 47
29 48
29 49
30 44
30 45
30 46
30 47
30 48
30 49
31 44
31 45
31 46
31 47
31 48
31 49
0
Yes
22 12
22 13
23 12
23 13
21 12
21 13
22 11
22 14
23 11
23 14
24 12
24 13
21 11
21 14
24 11
24 14
20 12
20 13
22 10
22 15
23 10
23 15
25 12
25 13
20 11
20 14
21 10
21 15
24 10
24 15
25 11
25 14
19 12
19 13
20 10
20 15
22 9
22 16
23 9
23 16
25 10
25 15
26 12
26 13
19 11
19 14
21 9
21 16
24 9
24 16
26 11
26 14
19 10
19 15
20 9
20 16
25 9
25 16
26 10
26 15
18 12
18 13
22 8
22 17
23 8
23 17
27 12
27 13
18 11
18 14
21 8
21 17
24 8
24 17
27 11
27 14
19 9
19 16
26 9
26 16
18 10
18 15
20 8
20 17
25 8
25 17
27 15
17 12
17 13
22 7
23 7
17 11
17 14
18 9
18 16
19 8
19 17
21 7
24 7
26 8
26 17
27 9
27 16
17 10
17 15
20 7
25 7
18 8
18 17
27 8
27 17
17 9
17 16
19 7
26 7
17 8
17 17
18 7
27 7
17 7
0
Yes
26 37
26 38
26 39
26 40
26 41
26 42
26 43
27 37
27 38
27 39
27 40
27 41
27 42
27 43
28 37
28 38
28 39
28 40
28 41
28 42
28 43
0
Yes
3 7
3 8
3 9
4 7
4 8
4 9
0
No
0
No
0
No
0
No
0
No
0
No
0
Yes
13 37
14 37
13 36
13 38
14 36
14 38
12 37
15 37
12 36
12 38
15 36
15 38
13 35
13 39
14 35
14 39
11 37
12 35
12 39
15 35
15 39
16 37
11 36
11 38
16 36
16 38
13 34
13 40
14 34
14 40
11 35
11 39
16 35
16 39
12 34
12 40
15 34
15 40
10 37
10 36
10 38
11 34
11 40
16 34
16 40
10 35
10 39
13 33
13 41
14 33
14 41
12 33
12 41
15 33
15 41
10 34
10 40
11 33
11 41
16 33
16 41
13 32
13 42
14 32
14 42
12 32
12 42
15 32
15 42
10 33
10 41
11 32
11 42
16 32
16 42
13 31
13 43
14 43
10 32
10 42
12 31
12 43
15 31
11 31
11 43
16 31
10 31
12 30
15 30
11 30
16 30
10 30
0
Yes
28 11
28 12
28 13
28 14
28 15
28 16
28 17
28 18
28 19
28 20
29 11
29 12
29 13
29 14
29 15
29 16
29 17
29 18
29 19
29 20
30 11
30 12
30 13
30 14
30 15
30 16
30 17
30 18
30 19
30 20
31 11
31 12
31 13
31 14
31 15
31 16
31 17
31 18
31 19
31 20
32 11
32 12
32 13
32 14
32 15
32 16
32 17
32 18
32 19
32 20
0
Yes
8 10
8 11
7 10
7 11
9 10
9 11
8 9
8 12
7 9
7 12
9 9
9 12
6 10
6 11
10 10
10 11
6 9
6 12
8 8
8 13
10 9
10 12
7 8
7 13
9 8
9 13
5 11
6 8
6 13
10 8
10 13
5 9
5 12
8 7
8 14
7 7
7 14
9 7
9 14
5 8
5 13
6 7
6 14
10 7
10 14
5 7
5 14
7 6
6 6
5 6
0
No
0
No
0
Yes
36 43
36 44
36 45
36 46
36 47
37 43
37 44
37 45
37 46
37 47
38 43
38 44
38 45
38 46
38 47
39 43
39 44
39 45
39 46
39 47
40 43
40 44
40 45
40 46
0
Yes
29 39
29 40
29 41
29 42
29 43
30 39
30 40
30 41
30 42
30 43
31 39
31 40
31 41
31 42
31 43
32 39
32 40
32 41
32 42
32 43
33 39
33 40
33 41
33 42
33 43
34 39
34 40
34 41
34 42
0
Yes
13 18
12 18
13 17
12 17
13 19
12 19
14 18
14 17
14 19
11 18
11 17
11 19
13 16
12 16
14 16
11 16
13 20
12 20
14 20
15 18
15 17
15 19
15 16
15 20
10 18
10 17
10 19
10 16
13 21
12 21
14 21
15 21
16 18
16 17
16 19
16 16
16 20
16 21
15 15
16 15
9 18
9 17
9 19
9 16
13 22
14 22
15 22
16 22
17 18
17 19
17 20
17 21
17 22
10 15
9 15
15 14
16 14
8 18
8 17
8 19
8 16
8 15
10 14
9 14
8 14
18 18
18 19
18 20
18 21
18 22
14 23
15 23
16 23
17 23
18 23
0
Yes
46 22
46 23
46 24
46 25
47 22
47 23
47 24
47 25
48 22
48 23
48 24
48 25
49 22
49 23
49 24
0
Yes
0 10
0 11
0 12
0 13
0 14
1 10
1 11
1 12
1 13
1 14
2 10
2 11
2 12
2 13
2 14
3 10
3 11
3 12
3 13
3 14
4 10
4 11
4 12
0
Yes
46 22
46 23
46 24
47 22
47 23
47 24
48 22
48 23
48 24
49 22
49 23
0
Yes
35 39
35 40
35 41
35 42
36 39
36 40
36 41
36 42
37 39
37 40
37 41
37 42
38 39
0
No
0
Yes
17 7
17 8
17 9
17 10
18 7
18 8
18 9
18 10
19 7
19 8
19 9
19 10
20 7
20 8
20 9
20 10
21 7
21 8
21 9
21 10
0
No
0
No
0
Yes
35 39
35 40
35 41
35 42
36 39
36 40
36 41
36 42
37 39
37 40
37 41
37 42
38 39
38 40
0
Yes
26 44
26 45
26 46
26 47
26 48
26 49
27 44
27 45
27 46
27 47
27 48
27 49
28 44
28 45
28 46
28 47
28 48
28 49
29 44
29 45
29 46
29 47
29 48
29 49
30 44
30 45
30 46
30 47
30 48
30 49
31 44
31 45
31 46
31 47
31 48
0
No
0
Yes
48 45
48 46
48 47
48 48
48 49
49 45
49 46
49 47
49 48
49 49
0
Yes
12 12
12 13
12 14
12 15
13 12
13 13
13 14
13 15
14 12
14 13
14 14
14 15
15 12
15 13
0
Yes
24 13
23 13
24 12
23 12
24 14
23 14
25 13
25 12
25 14
22 13
22 12
22 14
24 11
23 11
25 11
22 11
24 15
23 15
25 15
22 15
26 13
26 12
26 14
26 11
26 15
21 13
21 12
21 14
21 11
21 15
24 10
23 10
25 10
22 10
26 10
24 16
23 16
25 16
22 16
26 16
21 16
27 13
27 12
27 14
27 11
27 15
27 16
20 13
20 12
20 14
20 11
20 15
20 16
24 9
23 9
25 9
22 9
26 9
24 17
23 17
25 17
22 17
26 17
21 17
27 17
20 17
19 13
19 12
19 14
19 11
19 15
19 16
19 17
24 8
23 8
25 8
22 8
26 8
24 18
23 18
22 18
21 18
27 9
27 8
26 18
27 18
18 13
18 12
18 14
18 11
18 15
18 16
18 17
24 7
23 7
25 7
22 7
26 7
27 7
26 19
27 19
28 8
28 7
17 13
17 12
17 14
17 11
17 15
17 16
17 17
24 6
25 6
26 6
27 6
28 6
29 8
29 7
29 6
26 20
27 20
25 20
24 20
16 13
16 12
24 5
25 5
26 5
25 21
26 21
27 21
30 7
30 6
0
Yes
0 10
0 11
0 12
0 13
0 14
0 15
0 16
0 17
1 10
1 11
1 12
1 13
1 14
1 15
1 16
1 17
2 10
2 11
2 12
2 13
2 14
2 15
2 16
2 17
3 10
3 11
3 12
3 13
3 14
3 15
3 16
3 17
4 10
4 11
4 12
4 13
4 14
4 15
4 16
4 17
5 10
5 11
5 12
5 13
5 14
5 15
5 16
5 17
6 10
6 11
6 12
6 13
6 14
6 15
6 16
6 17
7 10
0
Yes
45 18
45 19
45 20
45 21
46 18
46 19
46 20
46 21
47 18
47 19
47 20
47 21
48 18
48 19
48 20
48 21
49 18
49 19
49 20
49 21
0
No
0
No
0
No
0
Yes
7 47
7 48
8 47
8 48
9 47
9 48
0
Yes
8 7
8 8
8 9
8 10
8 11
8 12
8 13
8 14
9 7
9 8
9 9
9 10
9 11
9 12
9 13
9 14
10 7
10 8
10 9
10 10
10 11
10 12
10 13
10 14
11 7
11 8
11 9
11 10
11 11
11 12
11 13
11 14
12 7
12 8
12 9
12 10
12 11
12 12
12 13
12 14
13 7
13 8
13 9
13 10
13 11
13 12
13 13
13 14
14 7
14 8
14 9
14 10
14 11
14 12
14 13
14 14
15 7
15 8
15 9
15 10
15 11
15 12
15 13
15 14
16 7
16 8
16 9
16 10
16 11
0
Yes
10 31
9 31
10 30
9 30
10 32
9 32
11 31
11 30
11 32
8 31
8 30
8 32
10 33
9 33
11 33
8 33
12 31
12 30
12 32
12 33
7 31
7 30
7 32
7 33
10 34
9 34
11 34
8 34
12 34
7 34
13 31
13 32
13 33
13 34
7 29
6 31
6 30
6 32
6 33
6 34
10 35
9 35
11 35
8 35
12 35
7 35
13 35
6 35
14 32
14 33
14 34
14 35
5 31
5 32
5 33
5 34
5 35
10 36
9 36
11 36
8 36
12 36
7 36
13 36
6 36
14 36
5 36
15 32
15 33
15 34
15 35
15 36
15 31
15 30
15 29
14 29
4 31
4 32
4 33
4 34
4 35
4 36
10 37
9 37
11 37
8 37
12 37
7 37
13 37
14 37
15 37
16 31
16 30
16 32
16 33
16 34
16 35
16 36
16 37
10 38
9 38
11 38
8 38
12 38
7 38
13 38
14 38
15 38
16 38
17 31
17 30
17 32
17 33
17 34
17 35
3 33
3 34
3 35
3 36
17 29
17 28
5 37
4 37
10 39
9 39
11 39
8 39
12 39
13 39
14 39
15 39
16 39
18 31
18 30
18 32
18 29
18 33
18 28
0
No
0
No
0
Yes
32 44
31 44
32 43
31 43
32 45
31 45
33 44
33 43
33 45
30 44
30 43
30 45
32 42
31 42
33 42
30 42
32 46
31 46
33 46
30 46
34 44
34 43
34 45
34 42
34 46
29 44
29 43
29 45
29 42
29 46
32 41
31 41
33 41
30 41
34 41
29 41
32 47
31 47
33 47
30 47
34 47
29 47
35 44
35 43
35 45
35 42
35 46
35 41
35 47
28 44
28 45
28 46
28 47
32 40
31 40
33 40
30 40
34 40
29 40
35 40
32 48
31 48
33 48
30 48
34 48
29 48
35 48
28 48
36 42
36 41
36 40
27 44
27 45
27 46
27 47
27 48
32 39
31 39
33 39
30 39
34 39
29 39
35 39
36 39
32 49
31 49
33 49
30 49
34 49
29 49
35 49
28 49
27 49
37 42
37 41
37 40
37 39
36 48
36 49
26 44
26 45
26 46
26 47
26 48
26 49
0
Yes
29 35
29 36
29 37
29 38
30 35
30 36
30 37
30 38
0
Yes
0 10
0 11
0 12
0 13
0 14
0 15
1 10
1 11
1 12
1 13
1 14
1 15
2 10
2 11
2 12
2 13
2 14
2 15
3 10
3 11
3 12
3 13
3 14
3 15
4 10
4 11
4 12
4 13
4 14
4 15
5 10
5 11
5 12
5 13
5 14
5 15
6 10
6 11
6 12
0
No
0
No
0
Yes
18 34
18 35
18 36
18 37
18 38
19 34
19 35
19 36
19 37
19 38
20 34
20 35
20 36
20 37
20 38
21 34
21 35
21 36
21 37
21 38
22 34
22 35
22 36
22 37
22 38
23 34
23 35
0
Yes
13 16
12 16
13 15
12 15
13 17
12 17
14 16
14 15
14 17
11 16
11 15
11 17
13 18
12 18
14 18
11 18
15 16
15 15
15 17
15 18
10 16
10 15
10 17
10 18
13 19
12 19
14 19
11 19
15 19
10 19
16 16
16 15
16 17
16 18
16 19
16 14
9 16
9 15
9 17
9 18
9 19
13 20
12 20
14 20
15 20
16 20
17 18
17 19
17 20
8 16
8 15
8 17
8 18
8 19
13 21
12 21
14 21
15 21
16 21
17 21
18 18
18 19
18 20
18 21
7 16
7 15
7 17
13 22
14 22
15 22
16 22
17 22
18 22
7 14
8 20
7 13
19 19
6 16
6 15
6 17
6 14
6 13
8 21
14 23
15 23
16 23
17 23
18 23
7 12
6 18
6 19
7 11
19 21
19 22
19 23
5 16
5 17
5 18
0
No
0
No
0
Yes
45 9
45 10
45 11
45 12
45 13
45 14
45 15
45 16
45 17
45 18
45 19
45 20
45 21
46 9
46 10
46 11
46 12
46 13
46 14
46 15
46 16
46 17
46 18
46 19
46 20
46 21
47 9
47 10
47 11
47 12
47 13
47 14
47 15
47 16
47 17
47 18
47 19
47 20
47 21
48 9
48 10
48 11
48 12
48 13
48 14
48 15
48 16
48 17
48 18
48 19
48 20
48 21
49 9
49 10
49 11
49 12
49 13
49 14
49 15
49 16
49 17
49 18
49 19
49 20
49 21
0
No
0
Yes
8 0
8 1
8 2
8 3
8 4
8 5
8 6
8 7
9 0
9 1
9 2
9 3
9 4
9 5
9 6
9 7
10 0
10 1
10 2
10 3
10 4
10 5
10 6
10 7
11 0
11 1
11 2
11 3
11 4
11 5
11 6
11 7
12 0
12 1
12 2
12 3
12 4
12 5
12 6
12 7
13 0
13 1
13 2
13 3
13 4
13 5
13 6
13 7
14 0
14 1
14 2
14 3
14 4
14 5
14 6
14 7
15 0
15 1
15 2
15 3
15 4
0
No
0
No
0
No
0
No
0
No
0
Yes
0 10
0 11
0 12
0 13
0 14
0 15
0 16
0 17
1 10
1 11
1 12
1 13
1 14
1 15
1 16
1 17
2 10
2 11
2 12
2 13
2 14
2 15
2 16
2 17
3 10
3 11
3 12
3 13
3 14
3 15
3 16
3 17
4 10
4 11
4 12
4 13
4 14
4 15
4 16
4 17
5 10
5 11
5 12
5 13
5 14
5 15
5 16
5 17
6 10
6 11
6 12
6 13
6 14
6 15
6 16
6 17
7 10
7 11
7 12
7 13
7 14
7 15
7 16
7 17
8 10
8 11
8 12
8 13
8 14
8 15
0
Yes
46 8
46 9
46 10
46 11
46 12
46 13
46 14
46 15
47 8
47 9
47 10
47 11
47 12
47 13
47 14
47 15
48 8
48 9
48 10
48 11
48 12
48 13
48 14
48 15
49 8
49 9
49 10
49 11
49 12
49 13
49 14
49 15
0
No
0
No
0
Yes
45 16
45 17
45 18
45 19
46 16
46 17
46 18
46 19
47 16
47 17
47 18
47 19
48 16
48 17
48 18
48 19
49 16
49 17
49 18
0
Yes
26 37
26 38
26 39
26 40
27 37
27 38
27 39
27 40
28 37
28 38
28 39
28 40
29 37
0
No
0
Yes
37 48
37 49
38 48
38 49
39 48
39 49
40 48
40 49
41 48
41 49
0
Yes
41 43
41 44
41 45
41 46
41 47
42 43
42 44
42 45
42 46
42 47
0
Yes
8 8
8 9
8 10
8 11
8 12
8 13
8 14
8 15
8 16
8 17
8 18
8 19
9 8
9 9
9 10
9 11
9 12
9 13
9 14
9 15
9 16
9 17
9 18
9 19
10 8
10 9
10 10
10 11
10 12
10 13
10 14
10 15
10 16
10 17
10 18
10 19
11 8
11 9
11 10
11 11
11 12
11 13
11 14
11 15
11 16
11 17
11 18
11 19
12 8
12 9
12 10
12 11
12 12
12 13
12 14
12 15
12 16
12 17
12 18
12 19
13 8
13 9
13 10
13 11
13 12
13 13
13 14
13 15
13 16
13 17
13 18
13 19
14 8
14 9
14 10
14 11
14 12
14 13
14 14
14 15
14 16
14 17
14 18
14 19
15 8
15 9
15 10
15 11
15 12
15 13
15 14
15 15
15 16
15 17
15 18
15 19
16 8
16 9
16 10
16 11
16 12
16 13
16 14
16 15
16 16
16 17
16 18
16 19
17 8
17 9
17 10
17 11
17 12
17 13
17 14
17 15
17 16
17 17
17 18
17 19
18 8
18 9
18 10
18 11
18 12
18 13
18 14
18 15
18 16
18 17
18 18
18 19
19 8
19 9
19 10
19 11
19 12
19 13
0
No
0
Yes
8 32
8 33
8 34
8 35
8 36
8 37
8 38
8 39
8 40
9 32
9 33
9 34
9 35
9 36
9 37
9 38
9 39
9 40
10 32
10 33
10 34
10 35
10 36
10 37
10 38
10 39
10 40
11 32
11 33
11 34
11 35
11 36
11 37
11 38
11 39
11 40
12 32
12 33
12 34
12 35
12 36
12 37
12 38
12 39
12 40
13 32
13 33
13 34
13 35
13 36
13 37
13 38
13 39
13 40
14 32
14 33
14 34
14 35
14 36
14 37
14 38
14 39
14 40
15 32
15 33
15 34
15 35
15 36
15 37
15 38
15 39
15 40
16 32
16 33
16 34
16 35
16 36
16 37
16 38
16 39
16 40
17 32
17 33
17 34
17 35
0
Yes
0 10
0 11
0 12
0 13
0 14
0 15
0 16
0 17
1 10
1 11
1 12
1 13
1 14
1 15
1 16
1 17
2 10
2 11
2 12
2 13
2 14
2 15
2 16
2 17
3 10
3 11
3 12
3 13
3 14
3 15
3 16
3 17
4 10
4 11
4 12
4 13
4 14
4 15
4 16
4 17
5 10
5 11
5 12
5 13
5 14
5 15
5 16
5 17
6 10
6 11
6 12
6 13
6 14
6 15
6 16
6 17
7 10
7 11
7 12
7 13
7 14
7 15
7 16
7 17
8 10
8 11
8 12
8 13
8 14
8 15
8 16
8 17
9 10
9 11
9 12
9 13
9 14
9 15
9 16
9 17
0
Yes
15 7
15 8
15 9
15 10
15 11
15 12
15 13
15 14
15 15
15 16
15 17
16 7
16 8
16 9
16 10
16 11
16 12
16 13
16 14
16 15
16 16
16 17
17 7
17 8
17 9
17 10
17 11
17 12
17 13
17 14
17 15
17 16
17 17
18 7
18 8
18 9
18 10
18 11
18 12
18 13
18 14
18 15
18 16
18 17
19 7
19 8
19 9
19 10
19 11
19 12
19 13
19 14
19 15
19 16
19 17
20 7
20 8
20 9
20 10
20 11
20 12
20 13
20 14
20 15
20 16
20 17
21 7
21 8
21 9
21 10
21 11
21 12
21 13
21 14
21 15
21 16
21 17
22 7
22 8
22 9
22 10
22 11
22 12
22 13
22 14
22 15
22 16
22 17
23 7
23 8
23 9
23 10
23 11
23 12
23 13
23 14
23 15
23 16
23 17
24 7
24 8
24 9
24 10
24 11
24 12
24 13
24 14
24 15
24 16
24 17
25 7
25 8
25 9
25 10
25 11
25 12
25 13
25 14
25 15
25 16
25 17
26 7
26 8
26 9
26 10
0
Yes
0 18
0 19
0 20
0 21
1 18
1 19
1 20
1 21
2 18
2 19
2 20
2 21
3 18
0
No
0
No
0
No
0
No
0
No
0
Yes
17 22
16 22
17 21
16 21
17 23
16 23
18 22
18 21
18 23
15 22
15 21
15 23
17 20
16 20
18 20
15 20
17 24
16 24
18 24
15 24
19 22
19 21
19 23
14 22
14 21
14 23
14 20
17 19
16 19
18 19
15 19
14 19
17 25
16 25
20 21
19 19
13 22
13 21
13 20
13 19
17 18
16 18
18 18
15 18
14 18
13 18
17 26
16 26
18 26
19 26
17 27
16 27
18 27
19 27
20 26
20 27
12 21
12 20
12 19
12 18
15 27
14 17
13 17
12 17
17 28
18 28
21 27
11 19
11 18
11 17
14 16
13 16
12 16
11 16
17 29
18 29
19 29
10 19
10 18
10 17
10 16
14 15
13 15
12 15
11 15
10 15
17 30
18 30
16 30
15 30
15 29
14 29
9 19
9 18
14 14
13 14
12 14
11 14
10 14
17 31
16 31
18 31
15 31
19 31
8 19
8 18
8 20
8 21
14 13
13 13
12 13
11 13
10 13
18 32
19 32
14 12
13 12
12 12
11 12
10 12
18 33
19 33
14 11
13 11
12 11
11 11
10 11
20 33
21 33
18 34
19 34
20 34
21 34
22 33
22 34
14 10
13 10
12 10
11 10
10 10
23 33
23 34
18 35
19 35
20 35
21 35
22 35
0
Yes
28 16
27 16
28 15
27 15
28 17
27 17
29 16
29 15
29 17
26 16
26 15
26 17
28 14
27 14
29 14
26 14
28 18
27 18
29 18
26 18
30 16
30 15
30 17
30 14
30 18
28 13
27 13
29 13
26 13
30 13
28 19
27 19
29 19
26 19
30 19
31 16
31 15
31 17
31 14
31 18
31 13
31 19
28 12
27 12
29 12
26 12
30 12
31 12
28 20
27 20
29 20
26 20
30 20
31 20
32 16
32 15
32 17
32 14
32 18
32 13
32 19
32 12
32 20
25 20
28 11
27 11
29 11
26 11
30 11
31 11
32 11
28 21
27 21
29 21
26 21
30 21
25 21
31 21
33 16
33 15
33 17
33 14
33 18
33 13
33 19
33 12
33 11
24 20
28 22
27 22
29 22
26 22
30 22
31 22
34 15
34 13
34 19
28 23
32 10
30 23
35 13
0
No
0
No
0
Yes
33 43
32 43
33 42
32 42
33 44
32 44
34 43
34 42
34 44
31 43
31 42
31 44
33 41
32 41
34 41
31 41
33 45
32 45
34 45
31 45
35 43
35 42
35 44
35 41
35 45
30 43
30 42
30 44
30 41
30 45
33 40
32 40
34 40
31 40
35 40
30 40
33 46
32 46
34 46
31 46
35 46
30 46
36 42
36 41
36 40
29 43
29 42
29 44
29 41
29 45
29 40
29 46
33 39
32 39
34 39
31 39
35 39
30 39
36 39
29 39
33 47
32 47
34 47
31 47
35 47
30 47
29 47
37 42
37 41
37 40
37 39
28 43
28 42
28 44
28 41
28 45
28 46
28 47
33 38
32 38
34 38
31 38
35 38
30 38
29 38
33 48
32 48
34 48
31 48
35 48
30 48
29 48
28 48
36 48
38 40
38 39
27 43
27 42
27 44
27 41
27 45
27 46
27 47
27 48
33 49
32 49
34 49
31 49
35 49
30 49
36 49
29 49
28 49
27 49
32 37
31 37
30 37
35 37
37 38
38 38
37 48
37 49
39 40
26 43
26 42
26 44
26 41
26 45
26 46
26 47
26 48
26 49
38 48
38 49
37 37
38 37
35 36
30 36
39 38
39 37
39 48
39 49
0
No
0
Yes
16 0
16 1
16 2
16 3
16 4
16 5
16 6
17 0
17 1
17 2
17 3
17 4
17 5
17 6
18 0
18 1
18 2
18 3
18 4
18 5
18 6
19 0
19 1
19 2
19 3
19 4
19 5
19 6
20 0
20 1
20 2
20 3
20 4
20 5
20 6
21 0
21 1
21 2
21 3
21 4
21 5
21 6
22 0
22 1
22 2
22 3
22 4
22 5
22 6
23 0
23 1
23 2
23 3
23 4
23 5
23 6
24 0
24 1
24 2
24 3
24 4
24 5
24 6
25 0
25 1
25 2
25 3
25 4
25 5
25 6
0
Yes
15 7
15 8
15 9
15 10
15 11
15 12
15 13
15 14
15 15
15 16
16 7
16 8
16 9
16 10
16 11
16 12
16 13
16 14
16 15
16 16
17 7
17 8
17 9
17 10
17 11
17 12
17 13
17 14
17 15
17 16
18 7
18 8
18 9
18 10
18 11
18 12
18 13
18 14
18 15
18 16
19 7
19 8
19 9
19 10
19 11
19 12
19 13
19 14
19 15
19 16
20 7
20 8
20 9
20 10
20 11
20 12
20 13
20 14
20 15
20 16
21 7
21 8
21 9
21 10
21 11
21 12
21 13
21 14
21 15
21 16
22 7
22 8
22 9
22 10
22 11
22 12
22 13
22 14
22 15
22 16
23 7
23 8
23 9
23 10
23 11
23 12
23 13
23 14
23 15
23 16
24 7
24 8
24 9
24 10
24 11
24 12
24 13
24 14
24 15
24 16
25 7
25 8
25 9
25 10
25 11
25 12
25 13
25 14
0
Yes
30 17
29 17
30 16
30 18
31 17
29 16
29 18
31 16
31 18
28 17
30 15
30 19
32 17
28 16
28 18
29 15
29 19
31 15
31 19
32 16
32 18
28 15
28 19
32 15
32 19
27 17
30 14
30 20
33 17
27 16
27 18
29 14
29 20
31 14
31 20
33 16
33 18
27 15
27 19
28 14
28 20
32 14
32 20
33 15
33 19
26 17
30 13
30 21
26 16
26 18
29 13
29 21
31 13
31 21
27 14
27 20
33 14
26 15
26 19
28 13
28 21
32 13
26 14
26 20
27 13
27 21
30 12
30 22
33 13
29 12
29 22
31 12
31 22
28 12
28 22
32 12
26 13
26 21
27 12
27 22
33 12
30 11
29 11
31 11
28 11
32 11
26 12
26 22
27 11
33 11
0
Yes
45 12
45 11
45 13
44 13
45 10
45 14
44 14
44 10
43 14
45 9
44 9
45 15
44 15
42 14
42 13
43 9
45 8
44 8
43 8
45 16
41 13
41 14
46 16
42 9
42 8
42 15
41 15
47 16
45 7
44 7
43 7
42 7
45 17
46 17
47 17
48 16
48 17
46 7
47 7
41 8
41 7
49 16
49 17
48 7
45 6
44 6
46 6
43 6
47 6
42 6
48 6
41 6
45 18
46 18
47 18
48 18
49 18
49 7
49 6
45 5
44 5
46 5
43 5
47 5
48 5
49 5
45 19
46 19
47 19
48 19
49 19
44 19
43 19
43 18
43 17
42 17
42 19
45 4
44 4
46 4
43 4
47 4
48 4
49 4
45 20
44 20
46 20
43 20
47 20
42 20
48 20
49 20
41 19
42 4
45 3
44 3
46 3
43 3
47 3
42 3
48 3
49 3
45 21
46 21
47 21
48 21
49 21
43 21
0
Yes
21 17
21 18
22 17
22 18
23 17
23 18
24 17
24 18
0
No
0
Yes
41 43
41 44
41 45
41 46
42 43
42 44
42 45
42 46
0
Yes
13 37
12 37
13 36
13 38
14 37
12 36
12 38
14 36
14 38
11 37
13 35
13 39
15 37
11 36
11 38
12 35
12 39
14 35
14 39
15 36
15 38
11 35
11 39
15 35
15 39
10 37
13 34
13 40
16 37
10 36
10 38
12 34
12 40
14 34
14 40
16 36
16 38
10 35
10 39
11 34
11 40
15 34
15 40
16 35
16 39
9 37
13 33
13 41
9 36
9 38
12 33
12 41
14 33
14 41
10 34
10 40
16 34
16 40
9 35
9 39
11 33
11 41
15 33
15 41
9 34
9 40
10 33
10 41
13 32
13 42
16 33
16 41
12 32
12 42
14 32
14 42
11 32
11 42
15 32
15 42
9 33
9 41
10 32
10 42
16 32
16 42
13 31
12 31
11 31
9 32
10 31
9 31
0
No
0
No
0
Yes
8 1
8 2
8 3
8 4
8 5
8 6
8 7
8 8
8 9
9 1
9 2
9 3
9 4
9 5
9 6
9 7
9 8
9 9
10 1
10 2
10 3
10 4
10 5
10 6
10 7
10 8
10 9
11 1
11 2
11 3
11 4
11 5
11 6
11 7
11 8
11 9
12 1
12 2
12 3
12 4
12 5
12 6
12 7
12 8
12 9
13 1
13 2
13 3
13 4
13 5
13 6
13 7
13 8
13 9
14 1
14 2
14 3
14 4
14 5
14 6
14 7
14 8
14 9
15 1
15 2
15 3
15 4
15 5
15 6
0
No
0
Yes
30 17
29 17
30 16
30 18
31 17
29 16
29 18
31 16
31 18
28 17
30 15
30 19
32 17
28 16
28 18
29 15
29 19
31 15
31 19
32 16
32 18
28 15
28 19
32 15
32 19
27 17
30 14
30 20
33 17
27 16
27 18
29 14
29 20
31 14
31 20
33 16
33 18
27 15
27 19
28 14
28 20
32 14
32 20
33 15
33 19
26 17
30 13
30 21
26 16
26 18
29 13
29 21
31 13
31 21
27 14
27 20
33 14
26 15
26 19
28 13
28 21
32 13
26 14
26 20
27 13
27 21
30 12
30 22
33 13
29 12
29 22
31 12
31 22
28 12
28 22
32 12
26 13
26 21
27 12
27 22
33 12
30 11
29 11
31 11
28 11
32 11
26 12
26 22
27 11
0
No
0
Yes
4 35
3 35
4 34
3 34
4 36
3 36
5 35
5 34
5 36
2 35
2 34
2 36
4 33
3 33
5 33
2 33
4 37
5 37
6 35
6 34
6 36
6 33
2 37
1 35
1 34
1 36
1 33
1 37
4 32
5 32
6 32
4 38
7 35
7 34
7 36
7 33
7 32
2 32
2 38
1 38
7 37
0 35
0 34
0 36
0 33
0 37
0 38
4 31
5 31
6 31
7 31
8 35
8 34
8 36
8 33
8 37
8 32
8 31
7 38
8 38
2 39
1 39
0 39
0 32
2 40
1 40
0 40
6 30
7 30
8 30
0 31
8 39
2 41
1 41
0 41
3 41
8 40
7 29
3 42
2 42
1 42
9 30
0
Yes
45 11
45 10
45 12
44 10
45 9
44 9
45 13
44 13
43 9
45 8
44 8
43 8
45 14
44 14
42 9
42 8
43 14
45 7
44 7
43 7
42 7
45 15
44 15
46 7
42 14
42 13
41 13
41 14
47 7
41 8
41 7
42 15
41 15
45 6
44 6
46 6
43 6
47 6
42 6
41 6
45 16
48 7
48 6
46 16
47 16
49 7
49 6
48 16
45 5
44 5
46 5
43 5
47 5
48 5
49 5
45 17
46 17
47 17
48 17
49 16
49 17
45 4
44 4
46 4
43 4
47 4
48 4
49 4
45 18
46 18
47 18
48 18
49 18
42 4
45 3
44 3
46 3
43 3
47 3
42 3
48 3
49 3
45 19
46 19
47 19
48 19
49 19
44 19
43 19
0
No
0
No
0
Yes
29 13
28 13
29 12
28 12
29 14
28 14
30 13
30 12
30 14
27 13
27 12
27 14
29 11
28 11
30 11
27 11
29 15
28 15
30 15
27 15
31 13
31 12
31 14
31 11
31 15
26 13
26 12
26 14
26 11
26 15
29 16
28 16
30 16
27 16
31 16
26 16
32 13
32 12
32 14
32 11
32 15
32 16
29 17
28 17
30 17
27 17
31 17
26 17
32 17
33 13
33 12
33 14
33 11
33 15
33 16
33 17
26 10
32 10
25 15
25 16
25 17
26 9
27 9
29 18
28 18
30 18
27 18
31 18
26 18
32 18
33 18
34 13
27 8
26 8
28 8
29 8
34 15
29 7
28 7
27 7
26 7
29 19
28 19
30 19
27 19
31 19
26 19
32 19
33 19
35 13
30 7
29 6
28 6
30 6
27 6
26 6
29 20
28 20
30 20
27 20
31 20
26 20
32 20
34 19
29 5
28 5
27 5
26 5
29 21
28 21
30 21
27 21
31 21
26 21
25 20
25 21
35 19
24 20
29 22
28 22
30 22
27 22
31 22
26 22
28 4
27 4
26 4
35 20
36 20
35 21
36 21
28 23
30 23
27 3
26 3
35 22
36 22
34 22
0
Yes
10 10
10 11
10 12
10 13
11 10
11 11
11 12
11 13
12 10
12 11
12 12
12 13
13 10
13 11
13 12
13 13
14 10
0
No
0
No
0
Yes
43 0
43 1
43 2
44 0
44 1
44 2
45 0
45 1
45 2
46 0
46 1
46 2
47 0
47 1
47 2
48 0
48 1
48 2
49 0
49 1
49 2
0
Yes
26 0
26 1
26 2
27 0
27 1
27 2
28 0
28 1
28 2
29 0
29 1
0
No
0
Yes
11 7
12 7
11 6
11 8
12 6
12 8
10 7
13 7
10 6
10 8
13 6
13 8
11 5
11 9
12 5
12 9
9 7
10 5
10 9
13 5
13 9
14 7
9 6
9 8
14 6
14 8
11 4
11 10
12 4
12 10
9 5
9 9
14 5
14 9
10 4
10 10
13 4
13 10
8 7
8 6
8 8
9 4
14 4
14 10
8 5
8 9
11 3
11 11
12 3
12 11
10 3
10 11
13 3
13 11
8 4
9 3
14 3
14 11
11 2
11 12
12 2
12 12
10 2
10 12
13 2
13 12
8 3
9 2
14 2
14 12
11 1
11 13
12 1
12 13
8 2
10 1
10 13
13 1
13 13
9 1
14 1
14 13
8 1
11 0
12 0
10 0
13 0
9 0
14 0
0
Yes
17 19
16 19
17 18
16 18
17 20
16 20
18 19
18 18
18 20
15 19
15 18
15 20
17 17
16 17
18 17
15 17
17 21
16 21
18 21
15 21
19 19
19 17
19 21
14 19
14 18
14 20
14 17
14 21
17 16
16 16
18 16
15 16
19 16
14 16
17 22
16 22
18 22
15 22
19 22
14 22
20 17
20 16
20 21
13 19
13 18
13 20
13 17
13 21
13 16
13 22
17 15
16 15
18 15
15 15
19 15
14 15
20 15
13 15
17 23
16 23
18 23
15 23
19 23
14 23
12 19
12 18
12 20
12 17
12 21
12 16
12 15
17 14
16 14
18 14
15 14
19 14
14 14
20 14
13 14
12 14
17 24
16 24
18 24
15 24
21 16
21 15
21 14
22 16
22 15
22 14
11 19
11 18
11 17
11 16
11 15
11 14
17 13
16 13
18 13
15 13
19 13
20 13
21 13
22 13
17 25
16 25
23 16
23 15
23 14
23 13
10 19
10 18
10 17
10 16
10 15
10 14
17 12
16 12
18 12
15 12
19 12
20 12
21 12
22 12
23 12
17 26
16 26
18 26
19 26
20 26
24 16
24 15
0
No
0
Yes
15 3
15 4
15 5
15 6
15 7
15 8
15 9
15 10
15 11
16 3
16 4
16 5
16 6
16 7
16 8
16 9
16 10
16 11
17 3
17 4
17 5
17 6
17 7
17 8
17 9
17 10
17 11
18 3
18 4
18 5
18 6
18 7
18 8
18 9
18 10
18 11
19 3
19 4
19 5
19 6
19 7
19 8
19 9
19 10
19 11
20 3
20 4
20 5
20 6
20 7
20 8
20 9
20 10
20 11
21 3
21 4
21 5
21 6
21 7
21 8
21 9
21 10
21 11
22 3
22 4
22 5
22 6
22 7
22 8
22 9
22 10
22 11
23 3
23 4
23 5
23 6
23 7
23 8
23 9
23 10
23 11
0
Yes
9 35
9 36
9 37
9 38
9 39
9 40
9 41
10 35
10 36
10 37
10 38
10 39
10 40
10 41
11 35
11 36
11 37
11 38
11 39
11 40
11 41
12 35
12 36
12 37
12 38
12 39
12 40
12 41
13 35
13 36
13 37
13 38
13 39
13 40
13 41
14 35
14 36
14 37
14 38
14 39
14 40
14 41
15 35
15 36
15 37
15 38
15 39
15 40
15 41
16 35
16 36
16 37
0
No
0
No
0
Yes
8 18
8 19
9 18
9 19
0
No
0
Yes
24 12
24 11
24 13
25 12
25 11
25 13
24 10
25 10
24 14
25 14
26 12
26 11
26 13
26 10
26 14
24 9
25 9
26 9
27 12
27 11
27 13
27 14
25 15
26 15
27 15
24 8
25 8
26 8
28 12
28 11
28 13
28 14
28 15
25 16
26 16
27 16
28 16
27 9
27 8
24 7
25 7
26 7
27 7
29 12
29 11
29 13
29 14
29 15
29 16
25 17
26 17
27 17
28 17
29 17
28 8
28 7
24 6
25 6
26 6
27 6
28 6
30 12
30 11
30 13
30 14
30 15
30 16
30 17
26 18
27 18
28 18
29 18
30 18
29 8
29 7
29 6
24 5
25 5
26 5
27 5
28 5
29 5
31 12
31 11
31 13
31 14
31 15
31 16
31 17
31 18
26 19
27 19
28 19
29 19
30 19
31 19
30 7
30 6
24 4
25 4
26 4
27 4
28 4
32 12
32 11
32 13
32 14
32 15
32 16
32 17
32 18
0
Yes
7 47
7 48
8 47
8 48
9 47
9 48
0
Yes
29 17
30 17
29 16
29 18
30 16
30 18
28 17
31 17
28 16
28 18
31 16
31 18
29 15
29 19
30 15
30 19
27 17
28 15
28 19
31 15
31 19
32 17
27 16
27 18
32 16
32 18
29 14
29 20
30 14
30 20
27 15
27 19
32 15
32 19
28 14
28 20
31 14
31 20
26 17
33 17
26 16
26 18
33 16
33 18
27 14
27 20
32 14
32 20
26 15
26 19
29 13
29 21
30 13
30 21
33 15
33 19
28 13
28 21
31 13
31 21
25 17
25 16
26 14
26 20
33 14
27 13
27 21
32 13
25 15
29 12
29 22
30 12
30 22
28 12
28 22
31 12
31 22
26 13
26 21
33 13
25 14
25 20
27 12
27 22
32 12
25 13
25 21
29 11
30 11
26 12
26 22
33 12
28 11
31 11
27 11
32 11
25 12
26 11
33 11
0
Yes
19 0
19 1
19 2
20 0
20 1
20 2
21 0
21 1
21 2
22 0
22 1
22 2
23 0
23 1
23 2
24 0
24 1
24 2
25 0
25 1
25 2
0
Yes
15 0
15 1
15 2
15 3
15 4
15 5
15 6
15 7
16 0
16 1
16 2
16 3
16 4
16 5
16 6
16 7
17 0
17 1
17 2
17 3
17 4
17 5
17 6
17 7
18 0
18 1
18 2
18 3
18 4
18 5
18 6
18 7
19 0
19 1
19 2
19 3
19 4
19 5
19 6
19 7
20 0
20 1
20 2
20 3
20 4
20 5
20 6
20 7
21 0
21 1
21 2
21 3
21 4
21 5
21 6
21 7
22 0
22 1
22 2
22 3
22 4
22 5
22 6
22 7
23 0
23 1
23 2
23 3
23 4
23 5
23 6
23 7
24 0
24 1
24 2
24 3
24 4
24 5
24 6
24 7
25 0
25 1
25 2
25 3
25 4
25 5
25 6
25 7
0
No
