0
Yes
32 29
31 29
32 28
32 30
33 29
31 28
31 30
33 28
33 30
30 29
32 27
32 31
34 29
30 28
30 30
31 27
31 31
33 27
33 31
34 28
34 30
30 27
30 31
34 27
34 31
29 29
32 26
32 32
35 29
29 28
29 30
31 26
31 32
33 26
33 32
35 28
35 30
29 27
29 31
30 32
34 26
34 32
35 27
35 31
28 29
32 25
36 29
28 28
28 30
33 25
36 28
29 26
29 32
35 26
35 32
28 27
28 31
34 25
36 27
36 31
27 29
28 32
36 26
36 32
37 29
27 28
27 30
37 28
27 27
27 31
37 27
27 26
27 32
37 32
26 29
26 28
26 27
27 25
26 26
0
Yes
47 45
47 46
47 47
47 48
47 49
48 45
48 46
48 47
48 48
48 49
0
Yes
6 25
6 26
6 27
6 28
6 29
7 25
7 26
7 27
7 28
7 29
8 25
8 26
8 27
8 28
8 29
9 25
9 26
9 27
9 28
9 29
10 25
10 26
0
Yes
0 31
0 32
0 33
0 34
0 35
0 36
1 31
1 32
1 33
1 34
1 35
1 36
2 31
2 32
2 33
2 34
2 35
2 36
3 31
3 32
3 33
3 34
3 35
3 36
4 31
4 32
4 33
4 34
4 35
4 36
5 31
5 32
5 33
5 34
5 35
5 36
6 31
6 32
6 33
6 34
6 35
0
Yes
27 27
27 28
27 29
27 30
27 31
27 32
28 27
28 28
28 29
28 30
28 31
28 32
29 27
29 28
29 29
29 30
29 31
29 32
30 27
30 28
30 29
30 30
30 31
30 32
31 27
31 28
31 29
31 30
31 31
31 32
32 27
32 28
32 29
32 30
32 31
32 32
33 27
33 28
33 29
33 30
33 31
33 32
34 27
34 28
34 29
34 30
34 31
0
Yes
18 12
18 13
18 14
18 15
18 16
19 12
19 13
19 14
19 15
19 16
20 12
20 13
20 14
20 15
20 16
21 12
21 13
21 14
21 15
21 16
22 12
22 13
22 14
22 15
22 16
23 12
23 13
23 14
23 15
23 16
24 12
24 13
24 14
24 15
24 16
25 12
25 13
0
Yes
8 5
8 6
9 5
9 6
7 6
9 4
8 7
7 7
9 7
10 5
10 4
10 6
10 7
6 6
9 3
10 3
8 3
7 3
6 3
8 2
7 2
9 2
6 2
10 2
8 8
9 8
10 8
11 5
11 6
11 7
11 8
5 3
5 2
5 4
8 1
7 1
9 1
6 1
10 1
5 1
12 5
12 6
12 7
12 8
9 9
10 9
11 9
12 9
4 2
4 1
8 0
7 0
9 0
6 0
10 0
5 0
4 0
11 1
11 0
9 10
10 10
11 10
8 10
13 6
13 7
13 8
13 9
12 1
12 0
3 2
3 1
3 0
8 11
9 11
7 11
14 6
14 7
0
Yes
0 27
0 28
0 29
0 30
1 27
1 28
1 29
1 30
2 27
2 28
2 29
2 30
3 27
0
Yes
31 26
32 26
32 25
33 26
33 25
32 24
33 24
31 24
30 24
31 23
30 23
32 23
33 23
34 26
34 25
34 24
31 22
30 22
32 22
33 22
35 26
35 27
35 28
31 21
32 21
33 21
35 29
36 26
36 27
36 28
36 29
35 30
31 20
32 20
33 20
30 20
37 27
37 28
37 29
35 31
34 20
31 19
30 19
32 19
36 31
38 27
35 32
36 32
34 32
29 19
38 29
31 18
30 18
32 18
29 18
38 30
33 18
37 32
28 18
36 33
37 33
27 18
31 17
30 17
32 17
29 17
33 17
28 17
27 17
38 32
38 33
36 34
37 34
38 34
35 34
35 35
36 35
37 35
38 35
34 35
31 16
30 16
32 16
29 16
28 16
27 16
39 32
39 33
39 34
34 36
35 36
36 36
37 36
38 36
33 36
31 15
30 15
32 15
29 15
28 15
27 15
34 37
35 37
36 37
37 37
38 37
40 33
40 34
31 14
32 14
29 14
28 14
27 14
33 14
41 33
41 34
41 32
34 14
34 38
35 38
36 38
37 38
38 38
42 32
42 33
0
Yes
22 46
22 47
22 48
22 49
23 46
23 47
23 48
23 49
24 46
24 47
24 48
24 49
25 46
25 47
25 48
25 49
0
Yes
38 41
37 41
38 40
37 40
38 42
37 42
39 41
36 41
36 40
36 42
38 43
40 41
37 39
36 39
40 40
40 42
40 39
40 43
41 41
41 40
41 42
41 39
41 43
35 40
35 39
35 42
35 43
42 41
42 40
42 42
42 39
42 43
34 42
34 43
35 44
36 44
41 44
42 44
34 39
36 45
35 45
37 45
38 45
38 46
37 46
36 46
35 46
42 38
43 41
43 40
43 42
43 43
43 44
33 42
33 43
39 46
40 46
40 45
33 44
32 42
32 43
32 44
32 41
32 40
39 47
40 47
44 40
44 42
44 43
44 44
32 39
36 47
35 47
44 39
33 45
34 46
33 46
34 47
33 47
41 47
31 41
31 40
31 42
31 39
31 43
31 44
45 42
45 43
45 44
42 47
42 46
43 46
43 47
44 45
40 48
41 48
42 48
43 48
45 39
35 48
34 48
33 48
45 38
32 46
32 47
32 48
30 41
30 40
30 42
30 39
30 43
30 44
45 37
46 42
46 43
46 44
46 41
40 49
41 49
42 49
43 49
39 49
38 49
37 49
37 48
36 49
35 49
34 49
33 49
32 49
44 47
46 38
46 37
46 45
29 41
29 40
47 41
47 42
47 43
47 44
29 43
0
Yes
0 31
0 32
0 33
0 34
0 35
1 31
1 32
1 33
1 34
1 35
2 31
2 32
2 33
2 34
2 35
3 31
3 32
3 33
3 34
3 35
4 31
4 32
4 33
4 34
4 35
5 31
5 32
5 33
5 34
0
Yes
36 45
35 45
36 44
35 44
36 46
35 46
37 45
37 46
36 47
35 47
38 45
38 46
34 46
34 47
35 43
34 43
33 46
33 47
33 45
33 44
33 43
35 42
34 42
33 42
36 42
35 48
34 48
33 48
37 42
39 46
38 42
38 43
39 47
36 41
37 41
38 41
32 44
32 43
32 42
32 46
32 47
32 48
35 49
34 49
33 49
32 49
36 49
37 49
37 48
40 46
40 47
40 45
38 49
36 40
37 40
38 40
39 41
39 49
40 48
40 49
31 44
31 43
31 42
35 40
31 47
31 48
31 49
41 47
41 48
41 49
32 41
31 41
40 41
40 42
40 43
41 43
41 42
41 41
41 44
36 39
35 39
37 39
30 44
30 43
30 42
30 41
42 44
42 43
42 42
42 41
30 47
30 48
30 49
30 46
34 39
42 47
42 48
42 49
42 46
32 40
31 40
30 40
40 40
41 40
42 40
29 46
29 47
29 48
29 49
43 44
43 43
43 42
43 41
43 40
43 46
43 47
43 48
43 49
32 39
31 39
30 39
40 39
41 39
42 39
29 43
28 46
28 47
28 48
28 49
29 41
29 40
44 44
44 43
0
Yes
43 12
43 13
44 13
42 13
43 14
42 14
43 15
44 15
42 15
41 15
40 15
40 14
40 13
40 12
41 12
41 11
41 10
42 10
43 10
44 10
44 11
45 10
46 10
46 11
46 12
46 13
44 9
47 12
43 9
45 9
47 11
47 13
42 9
46 9
47 10
47 14
44 8
48 12
40 11
43 8
45 8
48 11
48 13
41 9
47 9
47 15
40 10
42 8
46 8
48 10
48 14
39 12
40 9
41 8
47 8
48 9
49 12
39 11
39 13
49 11
49 13
39 10
39 14
49 10
49 14
40 8
48 8
39 9
39 15
49 9
49 15
38 12
38 11
38 13
38 10
38 14
39 8
49 8
38 9
38 15
38 8
0
Yes
5 0
5 1
5 2
5 3
6 0
6 1
6 2
6 3
7 0
7 1
7 2
7 3
8 0
8 1
8 2
8 3
9 0
9 1
9 2
9 3
10 0
10 1
10 2
10 3
0
Yes
43 32
43 33
43 34
43 35
44 32
44 33
44 34
44 35
45 32
45 33
45 34
45 35
46 32
46 33
46 34
46 35
0
Yes
10 33
11 33
10 34
11 34
9 33
12 33
9 32
9 34
12 32
12 34
10 35
11 35
8 33
9 35
12 31
11 31
10 31
12 35
13 33
8 34
13 32
13 34
10 30
10 36
11 30
11 36
8 35
13 31
13 35
9 30
9 36
7 33
14 33
7 32
7 34
14 32
14 34
8 30
8 36
13 30
13 36
7 31
7 35
10 37
11 37
14 31
14 35
9 29
9 37
12 37
6 33
6 32
6 34
7 30
7 36
14 30
14 36
8 29
13 29
13 37
6 31
6 35
9 28
7 29
14 29
14 37
6 30
8 28
13 28
12 28
11 28
6 29
7 28
14 28
6 28
0
Yes
43 24
42 24
43 23
42 23
43 25
42 25
44 24
44 25
41 24
41 23
41 25
42 22
41 22
42 26
41 26
44 26
45 25
45 26
40 24
40 23
40 22
42 21
41 21
40 21
42 27
44 27
45 27
46 25
46 26
46 27
46 24
46 23
40 26
47 24
47 23
47 25
47 26
47 27
44 28
45 28
46 28
47 28
43 28
40 27
39 22
39 21
41 20
40 20
47 22
40 28
48 24
48 23
48 25
48 22
48 26
48 27
48 28
44 29
45 29
46 29
47 29
38 22
38 21
41 19
42 19
43 19
44 19
44 20
45 20
45 19
46 20
46 19
40 29
49 24
49 23
49 25
49 22
49 26
49 27
44 18
45 18
41 18
47 19
40 30
0
Yes
11 8
12 8
11 7
11 9
12 7
12 9
10 8
13 8
10 7
10 9
13 7
13 9
11 6
11 10
12 6
9 8
10 6
10 10
13 6
13 10
14 8
9 7
9 9
14 7
14 9
11 5
12 5
9 6
9 10
14 6
14 10
10 5
8 8
15 8
8 7
15 9
9 5
14 5
8 6
8 10
15 6
15 10
7 7
8 5
15 5
7 6
0
Yes
44 24
43 24
44 25
43 25
43 23
45 25
42 24
42 23
42 25
44 26
45 26
46 25
46 26
46 24
46 23
42 22
42 26
41 24
41 23
41 25
41 22
41 26
44 27
45 27
46 27
47 24
47 23
47 25
47 26
47 27
42 21
41 21
42 27
47 22
40 24
40 23
40 22
40 21
44 28
45 28
46 28
47 28
48 24
48 23
48 25
48 22
48 26
48 27
48 28
43 28
40 26
40 27
41 20
40 20
44 29
45 29
46 29
47 29
49 24
49 23
49 25
49 22
49 26
49 27
39 22
39 21
0
No
0
No
0
No
0
Yes
2 33
2 34
1 33
1 34
3 33
3 34
2 32
2 35
1 32
1 35
3 32
3 35
0 33
0 34
0 32
0 35
2 31
2 36
1 31
1 36
3 31
3 36
0 31
0 36
2 30
2 37
1 30
1 37
3 30
3 37
0 30
2 29
2 38
1 29
1 38
3 29
3 38
0 29
2 28
1 28
0 28
0
Yes
32 46
33 46
32 47
33 45
33 47
34 46
31 47
34 47
32 48
33 44
32 44
33 48
31 44
31 48
34 48
35 46
30 47
30 46
35 45
35 47
32 43
32 49
33 43
33 49
30 44
30 48
35 44
35 48
31 43
31 49
34 43
34 49
29 46
36 46
29 47
36 45
36 47
30 43
30 49
35 43
35 49
29 48
32 42
33 42
36 44
31 42
34 42
28 46
28 47
29 43
29 49
36 49
30 42
35 42
28 48
36 42
28 49
0
Yes
4 31
4 32
4 33
4 34
4 35
5 31
5 32
5 33
5 34
5 35
0
Yes
24 10
23 10
24 9
23 9
24 11
23 11
25 11
23 8
26 11
26 10
26 9
26 12
27 10
27 9
27 11
27 12
23 7
24 7
26 13
27 13
24 6
25 6
28 11
28 12
26 14
25 14
24 5
25 5
23 5
25 15
29 11
29 12
24 4
25 4
25 16
30 11
30 12
24 3
25 3
25 17
26 3
27 3
27 4
28 4
28 3
28 5
28 6
27 6
28 7
29 5
24 2
25 2
26 2
27 2
28 2
23 2
25 18
24 18
23 18
22 2
22 18
21 2
20 2
24 1
23 1
25 1
22 1
26 1
21 1
27 1
20 1
28 1
24 19
23 19
25 19
22 19
19 2
19 1
29 2
29 1
21 19
20 19
20 18
20 17
19 18
19 19
18 18
18 19
24 0
23 0
25 0
22 0
21 0
20 0
19 0
24 20
23 20
25 20
30 2
30 1
26 20
31 2
31 1
31 3
32 3
32 2
20 20
19 20
18 20
28 0
29 0
30 0
31 0
18 1
18 0
24 21
23 21
22 21
17 1
17 0
17 2
17 3
17 4
18 4
18 5
17 5
19 5
19 4
19 6
18 6
17 6
20 6
20 5
20 7
21 7
21 6
21 5
18 7
17 7
21 4
16 2
16 1
16 0
0
Yes
0 2
0 3
0 4
0 5
0 6
0 7
0 8
1 2
1 3
1 4
1 5
1 6
1 7
1 8
2 2
2 3
2 4
2 5
2 6
2 7
2 8
0
No
0
Yes
4 38
3 38
4 37
3 37
4 39
3 39
5 38
5 39
2 38
2 37
4 36
3 36
2 36
6 38
6 39
5 36
6 40
1 38
1 37
1 36
3 35
2 35
1 35
6 41
5 41
3 34
2 34
1 34
5 42
6 42
4 42
3 42
3 41
2 41
2 42
2 40
1 41
1 42
0 36
0 35
0 34
0 41
0 42
0 40
7 42
3 33
2 33
1 33
0 33
3 43
2 43
5 43
6 43
7 43
8 42
8 43
3 32
2 32
1 32
0 32
2 44
6 44
7 44
8 44
0 43
9 42
9 43
9 44
9 41
1 44
0 44
10 41
10 42
10 43
10 44
3 31
2 31
1 31
0 31
2 45
1 45
0 45
6 45
7 45
8 45
9 45
10 45
5 45
3 30
2 30
1 30
0 30
6 46
7 46
8 46
9 46
10 46
1 46
0 46
11 43
11 44
3 29
2 29
1 29
0 29
0
Yes
11 7
10 7
11 6
10 6
11 8
10 8
12 7
12 6
12 8
9 7
9 6
9 8
11 5
10 5
12 5
9 5
11 9
10 9
12 9
9 9
13 7
13 6
13 8
13 9
8 7
8 6
8 8
8 5
11 10
10 10
9 10
14 7
14 6
14 8
14 9
10 4
9 4
13 10
14 10
14 5
7 7
7 6
15 6
15 5
15 8
15 9
15 10
0
No
0
No
0
Yes
6 25
6 26
6 27
6 28
6 29
7 25
7 26
7 27
7 28
7 29
8 25
8 26
8 27
8 28
8 29
9 25
9 26
9 27
9 28
9 29
10 25
10 26
0
Yes
30 39
30 40
30 41
31 39
31 40
31 41
32 39
32 40
32 41
0
Yes
24 23
24 24
24 25
24 26
25 23
25 24
25 25
25 26
26 23
26 24
26 25
26 26
27 23
27 24
27 25
27 26
28 23
28 24
0
Yes
27 27
27 28
27 29
27 30
27 31
27 32
28 27
28 28
28 29
28 30
28 31
28 32
29 27
29 28
29 29
29 30
29 31
29 32
30 27
30 28
30 29
30 30
30 31
30 32
31 27
31 28
31 29
31 30
31 31
31 32
32 27
0
Yes
47 22
47 23
47 24
47 25
47 26
47 27
48 22
48 23
48 24
48 25
48 26
48 27
49 22
49 23
49 24
49 25
49 26
49 27
0
Yes
17 10
17 11
18 10
18 11
19 10
19 11
20 10
20 11
21 10
21 11
0
Yes
20 17
20 16
20 18
19 16
19 18
21 16
20 15
20 19
18 16
18 18
19 15
19 19
21 15
21 19
22 16
18 15
18 19
22 15
22 19
22 18
20 14
20 20
17 16
19 14
19 20
21 14
23 16
23 18
17 15
17 19
18 14
18 20
22 14
23 15
23 19
20 13
20 21
16 16
16 17
16 18
19 13
19 21
21 13
24 16
24 18
17 14
17 20
23 14
23 20
16 15
16 19
18 13
18 21
22 13
24 15
24 19
15 17
16 14
16 20
17 13
17 21
20 12
23 13
23 21
22 21
24 14
24 20
15 16
15 18
19 12
21 12
25 16
25 17
25 18
15 15
15 19
18 12
22 12
25 15
25 19
16 13
16 21
24 13
24 21
15 14
15 20
23 12
25 14
25 20
14 17
14 16
14 15
15 21
24 12
25 13
14 14
14 20
25 12
14 13
0
No
0
Yes
47 10
48 10
47 9
47 11
48 9
48 11
46 10
49 10
46 9
46 11
49 9
49 11
47 8
47 12
48 8
48 12
45 10
46 8
46 12
49 8
49 12
45 9
47 7
47 13
48 7
48 13
45 8
46 7
46 13
49 7
49 13
47 14
48 6
48 14
49 6
49 14
48 5
49 5
0
Yes
40 40
40 41
40 42
40 43
41 40
41 41
41 42
41 43
42 40
42 41
42 42
42 43
43 40
43 41
43 42
43 43
44 40
0
No
0
Yes
28 28
27 28
28 27
27 27
28 29
27 29
29 28
29 27
29 29
26 28
26 27
26 29
28 30
27 30
29 30
30 28
30 27
30 29
30 30
27 26
26 26
29 26
28 31
27 31
29 31
30 31
31 28
31 27
31 29
31 30
31 31
25 27
25 26
25 29
27 25
26 25
25 25
25 30
28 32
27 32
29 32
30 32
31 32
32 28
32 27
32 29
32 30
32 31
32 32
27 24
26 24
25 24
28 24
24 26
24 25
24 24
26 32
25 32
28 23
27 23
26 23
25 23
24 23
33 28
33 27
33 29
33 30
33 31
33 32
29 33
30 33
31 33
23 26
23 25
23 24
23 23
23 27
26 33
24 32
34 28
34 27
34 29
34 30
0
Yes
37 8
37 9
37 10
37 11
37 12
38 8
38 9
38 10
38 11
38 12
39 8
39 9
39 10
39 11
39 12
40 8
40 9
40 10
40 11
40 12
41 8
41 9
41 10
41 11
41 12
0
No
0
Yes
7 35
8 35
7 34
7 36
8 34
8 36
6 35
9 35
6 34
9 34
9 36
7 33
8 33
5 35
6 33
9 33
9 37
10 35
5 34
5 36
10 34
10 36
7 32
5 33
10 33
10 37
6 32
9 32
4 35
11 35
4 34
4 36
11 34
11 36
5 32
4 33
4 37
7 31
11 33
11 37
6 31
3 35
12 35
3 34
3 36
4 32
4 38
5 38
6 38
11 38
12 34
5 31
3 33
3 37
12 33
12 37
4 31
3 32
3 38
12 32
12 38
2 35
13 35
2 34
2 36
13 34
13 36
2 33
2 37
13 33
13 37
3 31
12 31
11 31
10 31
2 32
2 38
13 32
13 38
1 35
14 35
1 34
1 36
14 34
14 36
1 33
1 37
2 31
13 31
14 33
14 37
1 32
1 38
14 32
14 38
0 35
0 34
0 36
1 31
14 31
0 33
0 32
0
No
0
Yes
6 42
6 43
6 44
6 45
6 46
7 42
7 43
7 44
7 45
7 46
8 42
8 43
8 44
8 45
8 46
9 42
9 43
9 44
9 45
9 46
10 42
10 43
10 44
10 45
10 46
0
No
0
Yes
6 32
5 32
6 31
5 31
6 33
5 33
7 32
7 31
7 33
4 32
4 31
4 33
6 30
7 30
6 34
5 34
7 34
4 34
8 33
8 34
8 30
3 32
3 31
3 33
3 34
6 35
5 35
7 35
4 35
8 35
3 35
9 33
9 34
9 35
9 32
3 30
9 30
2 32
2 31
2 33
2 30
2 34
2 35
5 36
4 36
3 36
2 36
7 36
8 36
9 36
10 33
10 34
10 35
10 36
3 29
2 29
10 30
10 31
1 32
1 31
1 33
1 30
1 34
1 29
1 35
1 36
11 31
11 30
11 33
11 34
11 35
11 36
4 37
3 37
2 37
1 37
2 28
1 28
9 37
10 37
11 37
0 32
0 31
0 33
0 30
0 34
0 29
0 35
0 28
0 36
0
Yes
43 32
43 33
43 34
43 35
44 32
44 33
44 34
44 35
45 32
45 33
45 34
45 35
46 32
46 33
46 34
46 35
0
Yes
36 12
37 12
37 11
38 12
38 11
37 10
38 10
38 13
38 14
39 12
39 11
39 13
39 10
39 14
37 9
38 9
39 9
36 9
35 9
35 10
35 11
34 10
34 9
38 15
39 15
36 8
35 8
37 8
34 8
38 8
39 8
40 12
40 11
40 13
40 10
40 14
40 9
40 15
40 8
39 16
40 16
41 12
41 11
41 10
41 9
41 8
39 7
40 7
41 7
39 17
40 17
38 17
41 15
38 18
39 18
42 10
42 9
42 8
39 6
40 6
42 15
42 14
42 13
43 13
43 14
43 15
43 12
42 16
43 16
38 19
37 19
43 10
43 9
43 8
44 13
44 10
44 9
44 8
44 11
44 15
44 16
43 7
44 7
43 6
44 6
44 17
45 16
45 17
43 5
44 5
0
No
0
Yes
45 28
44 28
45 27
44 27
45 29
44 29
46 28
46 27
46 29
43 28
45 26
44 26
46 26
47 28
47 27
47 29
47 26
46 30
45 25
44 25
46 25
47 25
48 28
48 27
48 26
48 25
46 31
43 25
44 24
43 24
46 24
47 24
48 24
46 32
45 32
44 32
44 31
43 31
43 32
43 30
49 27
49 26
49 25
49 24
42 25
42 24
42 26
42 27
41 26
41 25
41 24
45 33
44 33
46 33
43 33
46 23
47 23
48 23
49 23
40 26
40 27
40 28
40 29
40 30
43 23
42 23
41 23
47 33
45 34
44 34
46 34
43 34
47 22
48 22
49 22
40 24
40 23
42 22
41 22
40 22
42 34
45 35
44 35
46 35
43 35
42 35
47 35
0
No
0
No
0
Yes
12 27
12 28
13 27
13 28
11 28
13 26
14 27
14 26
14 28
13 25
14 25
12 25
13 29
14 29
12 24
13 24
14 24
15 27
15 26
15 28
15 25
15 29
13 30
14 30
15 30
16 27
16 26
16 28
16 25
13 31
14 31
12 31
14 23
12 32
13 32
14 32
15 23
17 27
17 28
14 22
15 22
15 32
12 33
13 33
14 33
14 21
13 21
12 21
11 21
11 22
10 22
10 21
10 23
9 23
9 22
9 21
8 23
7 23
7 24
7 25
8 25
9 25
10 25
10 26
9 26
8 26
7 26
9 27
8 27
7 27
9 28
8 28
7 28
9 29
8 29
7 29
6 27
6 26
6 28
6 25
6 29
6 24
6 23
12 20
11 20
13 20
12 34
13 34
14 34
5 26
5 25
5 24
0
No
0
No
0
Yes
9 5
8 5
9 4
9 6
8 6
10 5
10 4
10 6
9 3
10 3
9 7
8 7
10 7
11 5
11 6
11 7
7 6
7 7
8 3
7 3
9 2
8 2
10 2
7 2
9 8
8 8
10 8
11 8
12 5
12 6
12 7
12 8
6 6
6 3
6 2
9 1
8 1
10 1
7 1
6 1
9 9
10 9
11 9
12 9
13 6
13 7
13 8
13 9
5 3
5 2
5 1
5 4
11 1
9 0
8 0
10 0
7 0
11 0
6 0
5 0
0
Yes
6 10
6 11
7 11
8 11
8 10
8 12
9 10
9 11
9 12
8 13
9 13
7 13
10 10
7 14
8 14
6 14
5 14
5 13
4 14
10 12
3 14
6 15
5 15
7 15
11 10
11 12
2 14
6 16
7 16
12 12
1 14
1 13
1 12
1 11
1 10
2 10
2 9
1 9
2 8
1 8
3 8
3 7
2 7
1 7
3 6
2 6
1 6
4 6
4 5
3 5
2 5
1 5
0 10
0 9
0 11
0 8
0 12
0 7
0 6
0 5
3 4
2 4
1 4
0 4
1 15
2 3
1 3
0 3
2 2
1 2
0 2
3 2
4 2
4 1
3 1
4 0
3 0
0
Yes
42 41
41 41
42 40
41 40
42 42
41 42
43 41
43 40
43 42
40 41
40 40
40 42
42 39
41 39
40 39
42 43
41 43
43 43
40 43
44 40
44 42
44 43
44 39
39 41
42 38
42 44
41 44
43 44
44 44
45 42
45 43
45 44
45 39
38 41
38 40
38 42
46 42
46 43
46 44
46 41
45 38
38 43
44 45
37 41
37 40
37 42
45 37
46 38
46 37
47 41
47 42
47 43
47 44
37 39
46 45
47 45
36 41
36 40
36 39
0
No
0
Yes
19 0
19 1
19 2
20 0
20 1
20 2
21 0
21 1
21 2
22 0
22 1
0
No
0
No
0
Yes
38 9
37 9
38 8
37 8
38 10
37 10
39 9
39 8
39 10
36 9
36 8
38 11
37 11
39 11
40 9
40 8
40 10
40 11
39 7
40 7
35 9
35 8
38 12
37 12
39 12
40 12
41 9
41 8
41 10
41 7
41 11
41 12
35 10
39 6
40 6
35 11
36 12
34 9
34 8
34 10
38 13
39 13
40 13
42 9
42 8
42 10
38 14
39 14
40 14
43 9
43 8
43 10
43 7
43 6
38 15
39 15
40 15
44 9
44 8
44 10
44 7
44 6
44 11
43 5
44 5
41 15
45 9
45 8
45 10
39 16
40 16
0
No
0
No
0
Yes
47 0
47 1
47 2
47 3
47 4
48 0
48 1
48 2
48 3
48 4
49 0
49 1
49 2
49 3
49 4
0
Yes
6 6
7 6
7 7
8 6
8 7
8 5
8 8
9 6
9 5
9 7
9 8
9 4
10 6
10 5
10 7
10 4
10 8
9 3
10 3
8 3
7 3
6 3
5 3
5 4
6 2
5 2
7 2
8 2
9 2
10 2
9 9
10 9
4 2
3 2
6 1
5 1
7 1
4 1
8 1
3 1
9 1
10 1
9 10
10 10
8 10
11 6
11 5
11 7
11 8
11 9
11 10
8 11
9 11
7 11
6 11
6 10
2 2
2 3
2 4
3 4
3 5
2 5
4 5
4 6
3 6
2 6
3 7
2 7
3 8
2 8
1 6
1 5
1 7
1 4
1 8
1 3
1 2
2 9
1 9
2 10
1 10
0 6
0 5
0 7
0 4
0 8
0 3
0 9
0 2
0 10
6 0
5 0
7 0
4 0
8 0
3 0
9 0
10 0
12 6
12 5
12 7
12 8
12 9
8 12
9 12
13 6
13 7
13 8
13 9
1 11
0 11
11 1
11 0
0
No
0
Yes
31 28
30 28
31 27
30 27
31 29
30 29
32 28
32 27
32 29
29 28
29 27
29 29
31 26
32 26
31 30
30 30
32 30
29 30
33 28
33 27
33 29
33 26
33 30
29 26
28 28
28 27
28 29
28 30
31 31
30 31
32 31
29 31
33 31
28 31
34 28
34 27
34 29
34 26
34 30
34 31
32 25
33 25
34 25
27 28
27 27
27 29
27 30
27 31
31 32
30 32
32 32
29 32
33 32
28 32
34 32
27 32
35 28
35 27
35 29
35 26
35 30
35 31
35 32
32 24
33 24
34 24
31 24
30 24
27 26
26 28
26 27
26 29
26 26
27 25
26 25
31 23
30 23
32 23
33 23
31 33
30 33
29 33
36 28
36 27
36 29
36 26
0
No
0
No
0
Yes
38 17
38 18
39 17
39 18
40 17
0
No
0
Yes
3 38
3 39
4 38
4 39
5 38
5 39
6 38
6 39
0
No
0
Yes
28 46
28 47
28 48
28 49
29 46
29 47
29 48
29 49
30 46
30 47
30 48
30 49
0
No
0
Yes
6 25
6 26
6 27
6 28
6 29
7 25
7 26
7 27
7 28
7 29
8 25
8 26
8 27
8 28
8 29
9 25
9 26
9 27
9 28
9 29
10 25
10 26
0
No
0
No
0
Yes
30 39
30 40
30 41
30 42
30 43
30 44
31 39
31 40
31 41
31 42
31 43
31 44
32 39
32 40
32 41
32 42
32 43
32 44
0
Yes
19 0
19 1
19 2
20 0
20 1
20 2
21 0
21 1
21 2
22 0
22 1
22 2
23 0
23 1
23 2
0
Yes
37 36
37 37
36 36
36 37
38 36
38 37
37 35
37 38
36 35
36 38
38 35
38 38
35 36
35 37
35 35
35 38
37 34
37 39
39 38
36 34
36 39
38 34
34 36
34 37
35 34
35 39
39 34
34 35
34 38
37 33
37 40
36 33
36 40
38 33
38 40
34 39
35 40
39 33
37 32
36 32
38 32
39 32
0
Yes
48 9
47 9
48 8
48 10
49 9
47 8
47 10
49 8
49 10
46 9
48 7
48 11
46 8
46 10
47 7
47 11
49 7
49 11
46 7
46 11
48 6
48 12
47 12
49 6
49 12
46 12
48 5
48 13
47 13
49 5
49 13
46 13
48 4
48 14
47 4
47 14
49 4
49 14
48 3
47 3
0
Yes
31 28
30 28
31 27
30 27
31 29
30 29
32 28
32 27
32 29
29 28
29 27
29 29
31 26
32 26
31 30
30 30
32 30
29 30
33 28
33 27
33 29
33 26
33 30
29 26
28 28
28 27
28 29
28 30
31 31
30 31
32 31
29 31
33 31
28 31
34 28
34 27
34 29
34 26
34 30
34 31
32 25
33 25
34 25
27 28
27 27
27 29
27 30
27 31
31 32
30 32
32 32
29 32
33 32
28 32
34 32
27 32
35 28
35 27
35 29
35 26
35 30
35 31
35 32
32 24
33 24
34 24
31 24
30 24
27 26
26 28
26 27
26 29
26 26
27 25
26 25
31 23
30 23
32 23
33 23
31 33
30 33
29 33
36 28
36 27
36 29
36 26
27 24
26 24
28 24
28 23
27 23
26 23
36 31
31 22
30 22
32 22
33 22
31 34
30 34
29 34
37 28
37 27
37 29
25 27
25 26
25 25
25 24
25 23
0
Yes
28 46
28 47
28 48
28 49
29 46
29 47
29 48
29 49
30 46
30 47
30 48
30 49
0
No
0
Yes
45 37
45 38
45 39
46 37
46 38
0
Yes
31 26
31 27
32 26
32 27
30 27
32 25
31 28
30 28
32 28
33 26
33 25
33 27
33 28
29 27
29 28
29 26
32 24
33 24
31 24
30 24
31 23
30 23
32 23
33 23
31 29
30 29
32 29
29 29
33 29
34 26
34 25
34 27
34 24
34 28
34 29
28 27
28 28
28 29
31 22
30 22
32 22
33 22
31 30
30 30
32 30
29 30
33 30
28 30
34 30
35 26
35 27
35 28
35 29
35 30
27 27
27 28
27 29
27 30
27 26
27 25
27 24
28 24
28 23
27 23
26 26
26 25
26 27
26 24
26 28
26 23
26 29
31 21
32 21
33 21
31 31
30 31
32 31
29 31
33 31
28 31
34 31
27 31
35 31
36 26
36 27
36 28
36 29
25 26
25 25
25 27
25 24
25 23
31 20
32 20
33 20
31 32
30 32
32 32
29 32
33 32
28 32
34 32
27 32
35 32
30 20
37 27
0
Yes
11 8
11 9
12 8
12 9
10 8
10 9
11 7
11 10
12 7
13 8
13 9
10 7
10 10
13 7
13 10
9 8
9 9
11 6
12 6
14 8
14 9
9 7
9 10
10 6
13 6
13 11
14 7
14 10
8 8
9 6
9 11
11 5
12 5
14 6
14 11
15 8
15 9
8 7
8 10
10 5
15 10
8 6
8 11
9 5
14 5
15 6
7 7
8 5
15 5
7 6
0
Yes
30 17
29 17
30 16
30 18
31 17
29 16
29 18
31 16
31 18
28 17
30 15
30 19
32 17
28 16
28 18
29 15
29 19
31 15
31 19
32 16
32 18
28 15
32 15
32 19
27 17
33 17
27 16
27 18
29 14
31 14
33 18
27 15
28 14
32 14
27 14
0
Yes
12 32
12 33
12 34
12 35
13 32
13 33
13 34
13 35
14 32
14 33
14 34
14 35
15 32
0
Yes
5 3
5 2
5 4
6 3
6 2
4 2
5 1
4 1
6 1
7 3
7 2
7 1
3 2
3 1
5 0
4 0
6 0
3 0
7 0
8 3
8 2
8 1
8 0
2 2
2 3
2 4
3 4
3 5
2 5
4 5
4 6
3 6
2 6
1 3
1 2
1 4
1 5
1 6
9 3
9 2
9 1
9 0
9 4
2 0
3 7
2 7
1 7
0 3
0 2
0 4
0 5
0 6
0 7
1 0
10 3
10 2
10 4
10 1
10 0
3 8
2 8
1 8
0 8
11 1
11 0
2 9
1 9
0 9
12 1
12 0
2 10
1 10
0
No
0
No
0
No
0
Yes
38 41
37 41
38 42
37 42
39 41
36 41
36 42
38 43
40 41
40 40
40 42
40 39
40 43
41 41
41 40
41 42
41 39
41 43
35 42
35 43
42 41
42 40
42 42
42 39
42 43
34 42
34 43
35 44
36 44
41 44
42 44
36 45
35 45
37 45
38 45
38 46
37 46
36 46
35 46
42 38
43 41
43 40
43 42
43 43
43 44
33 42
33 43
39 46
40 46
40 45
33 44
32 42
32 43
32 44
32 41
32 40
39 47
40 47
44 40
44 42
44 43
44 44
32 39
36 47
35 47
44 39
33 45
34 46
33 46
34 47
33 47
41 47
31 41
31 40
31 42
31 39
31 43
31 44
45 42
45 43
45 44
42 47
42 46
43 46
43 47
44 45
40 48
41 48
42 48
43 48
35 48
34 48
33 48
32 46
32 47
32 48
30 41
30 40
30 42
30 39
30 43
30 44
46 42
46 43
46 44
46 41
40 49
41 49
42 49
43 49
39 49
38 49
37 49
37 48
36 49
35 49
34 49
33 49
32 49
44 47
46 45
29 41
29 40
47 41
47 42
47 43
47 44
47 45
29 43
31 47
31 48
31 49
45 47
28 41
28 40
28 42
48 42
47 46
48 45
48 46
0
No
0
No
0
Yes
27 28
27 29
27 30
27 31
27 32
28 28
28 29
28 30
28 31
28 32
29 28
29 29
29 30
29 31
29 32
30 28
30 29
30 30
30 31
30 32
31 28
31 29
31 30
31 31
31 32
32 28
32 29
32 30
32 31
32 32
0
No
0
Yes
32 29
32 30
31 29
31 30
33 29
33 30
32 28
32 31
31 28
31 31
33 28
33 31
30 29
30 30
34 29
34 30
30 28
30 31
32 27
32 32
34 28
34 31
31 27
31 32
33 27
33 32
29 29
29 30
35 29
35 30
30 27
30 32
34 27
34 32
29 28
29 31
35 28
35 31
32 26
31 26
33 26
29 27
29 32
35 27
35 32
28 29
28 30
34 26
36 29
28 28
28 31
36 28
36 31
29 26
35 26
28 27
28 32
36 27
36 32
27 29
27 30
37 29
27 28
27 31
37 28
36 26
27 27
27 32
37 27
37 32
26 29
27 26
26 28
26 27
0
No
0
Yes
25 23
25 24
25 25
26 23
26 24
26 25
27 23
27 24
27 25
28 23
28 24
0
Yes
47 26
46 26
47 25
47 27
48 26
46 25
46 27
48 25
48 27
45 26
47 24
47 28
49 26
45 25
45 27
46 24
46 28
48 24
48 28
49 25
49 27
45 28
49 24
44 26
47 23
47 29
44 25
44 27
46 23
46 29
48 23
44 24
44 28
45 29
49 23
47 22
48 22
44 29
0
Yes
37 8
37 9
37 10
37 11
37 12
38 8
38 9
38 10
38 11
38 12
39 8
39 9
39 10
39 11
39 12
40 8
40 9
40 10
40 11
40 12
41 8
41 9
41 10
41 11
41 12
42 8
42 9
42 10
0
No
0
No
0
Yes
44 26
44 27
44 28
44 29
45 26
45 27
45 28
45 29
46 26
46 27
46 28
46 29
47 26
47 27
47 28
47 29
48 26
48 27
48 28
0
Yes
34 20
33 20
33 21
32 20
32 21
32 19
33 22
32 22
32 18
33 18
31 20
31 19
31 21
31 18
31 22
33 17
32 17
31 17
33 23
32 23
31 23
30 20
30 19
30 18
30 17
33 24
32 24
31 24
34 24
30 22
30 23
30 24
32 16
31 16
30 16
34 25
33 25
32 25
29 19
29 18
29 17
29 16
32 15
31 15
30 15
29 15
34 26
33 26
32 26
35 26
28 18
28 17
28 16
28 15
32 14
31 14
33 14
34 14
35 14
36 14
36 15
36 26
31 26
34 27
33 27
35 27
32 27
36 27
31 27
27 18
27 17
27 16
27 15
37 27
29 14
28 14
27 14
34 28
33 28
35 28
32 28
36 28
31 28
37 28
30 27
30 28
38 27
29 27
29 28
29 26
34 29
33 29
35 29
32 29
36 29
31 29
37 29
30 29
29 29
28 27
28 28
28 29
38 29
27 13
27 27
27 28
27 29
27 26
26 14
26 13
26 26
26 27
26 28
26 29
34 30
33 30
35 30
32 30
31 30
30 30
29 30
28 30
27 30
27 12
26 12
28 12
29 12
30 12
30 11
29 11
28 11
27 11
26 11
38 30
25 26
25 27
34 31
33 31
35 31
0
No
0
No
0
No
0
Yes
3 38
3 39
4 38
4 39
5 38
5 39
6 38
6 39
0
Yes
37 35
36 35
37 34
36 34
37 36
36 36
38 35
38 34
38 36
35 35
35 34
35 36
37 33
36 33
38 33
37 37
36 37
38 37
35 37
39 34
39 33
34 35
34 36
34 37
37 32
36 32
38 32
39 32
37 38
36 38
38 38
35 38
34 38
40 34
40 33
40 35
40 36
35 32
39 38
37 39
36 39
35 39
34 39
41 35
41 34
41 33
33 36
36 31
34 32
33 32
37 40
36 40
35 40
41 32
42 35
42 34
42 33
42 32
38 40
32 32
43 35
43 34
43 33
43 32
32 31
31 32
31 31
31 33
31 34
32 34
44 35
44 34
44 33
44 32
30 34
30 33
30 32
30 31
43 31
44 31
43 30
45 35
45 34
45 33
45 32
29 34
29 33
29 32
29 31
46 35
46 34
46 33
46 32
28 32
28 31
46 31
47 35
47 33
46 30
27 32
27 31
26 32
26 33
26 34
27 34
27 35
27 36
27 37
28 37
0
No
0
No
0
Yes
9 5
8 5
9 4
9 6
8 6
10 5
10 4
10 6
9 3
10 3
9 7
8 7
10 7
11 5
11 6
11 7
7 6
7 7
8 3
7 3
9 2
8 2
10 2
7 2
9 8
8 8
10 8
11 8
12 5
12 6
12 7
12 8
6 6
6 3
6 2
9 1
8 1
10 1
7 1
6 1
9 9
10 9
11 9
12 9
13 6
13 7
13 8
13 9
5 3
5 2
5 1
5 4
11 1
9 0
8 0
10 0
7 0
11 0
6 0
5 0
9 10
10 10
11 10
12 1
0
Yes
40 10
39 10
40 9
40 11
41 10
39 9
39 11
41 9
41 11
38 10
40 8
40 12
42 10
38 9
38 11
39 8
39 12
41 8
41 12
42 9
38 8
38 12
42 8
37 10
40 7
40 13
37 9
37 11
39 7
39 13
41 7
37 8
37 12
38 13
40 6
0
No
0
Yes
32 25
32 24
32 26
33 25
33 24
33 26
31 24
31 26
32 23
31 23
33 23
32 27
31 27
33 27
34 25
34 24
34 26
34 27
30 24
30 23
30 27
32 22
31 22
33 22
30 22
32 28
31 28
33 28
30 28
34 28
35 26
35 27
35 28
29 27
29 28
29 26
32 21
31 21
33 21
32 29
31 29
33 29
30 29
34 29
29 29
35 29
36 26
36 27
36 28
36 29
28 27
28 28
28 29
32 20
31 20
33 20
32 30
31 30
33 30
30 30
34 30
29 30
35 30
28 30
27 27
27 28
27 29
27 30
27 26
27 25
27 24
28 24
28 23
27 23
30 20
34 20
37 27
37 28
37 29
26 25
26 24
26 26
26 23
26 27
26 28
26 29
32 19
31 19
30 19
32 31
31 31
33 31
30 31
34 31
29 31
35 31
28 31
27 31
38 27
29 19
25 25
25 24
25 26
25 23
25 27
32 18
31 18
30 18
29 18
32 32
31 32
33 32
30 32
34 32
29 32
35 32
28 32
27 32
33 18
36 31
36 32
38 29
38 30
24 25
24 24
24 26
24 23
32 17
31 17
33 17
30 17
29 17
0
No
0
Yes
12 31
12 32
13 31
13 32
13 30
12 33
13 33
14 31
14 30
14 32
14 33
13 29
14 29
12 34
13 34
14 34
13 28
14 28
12 28
11 28
15 30
15 29
15 28
15 32
12 27
13 27
14 27
15 27
12 35
13 35
14 35
15 35
16 28
16 27
13 26
14 26
15 26
16 26
13 36
14 36
15 36
16 35
16 36
17 28
17 27
13 25
14 25
15 25
16 25
12 25
13 37
14 37
15 37
16 37
0
Yes
6 35
5 35
6 34
5 34
7 35
7 34
5 36
7 36
4 35
4 34
4 36
6 33
5 33
7 33
4 33
8 35
8 34
8 36
8 33
4 37
3 35
3 34
3 36
3 33
3 37
6 32
5 32
7 32
4 32
3 32
9 35
9 34
9 36
9 33
4 38
3 38
5 38
6 38
9 37
2 35
2 34
2 36
2 33
2 37
2 32
2 38
6 31
5 31
7 31
4 31
3 31
2 31
6 39
5 39
4 39
3 39
10 35
10 34
10 36
10 33
10 37
9 32
1 35
1 34
1 36
1 33
1 37
1 32
1 38
1 31
6 30
7 30
6 40
11 35
11 34
11 36
11 33
11 37
8 30
3 30
2 30
1 30
9 30
11 38
0 35
0 34
0 36
0 33
0 32
0 31
0
Yes
11 30
10 30
11 31
10 31
12 31
12 32
13 31
13 32
13 30
13 29
13 28
12 28
11 28
14 30
14 29
14 31
14 28
14 32
12 27
13 27
14 27
12 33
13 33
14 33
15 30
15 29
15 28
15 27
12 34
13 34
14 34
13 26
14 26
15 26
15 32
12 35
13 35
14 35
13 25
14 25
15 25
12 25
16 28
16 27
16 26
16 25
12 24
13 24
14 24
13 36
14 36
17 28
17 27
15 35
15 36
16 35
16 36
13 37
14 37
15 37
0
Yes
28 7
28 6
27 6
28 5
29 5
28 4
27 4
28 3
27 3
26 3
25 3
25 4
25 5
25 6
24 6
24 5
24 4
24 3
24 7
23 7
28 2
27 2
26 2
25 2
24 2
23 8
29 2
23 5
23 9
24 9
24 10
23 10
30 2
24 11
23 11
25 11
26 11
26 10
26 9
27 9
27 10
27 11
28 11
29 11
30 11
28 12
27 12
29 12
26 12
30 12
31 2
31 3
32 3
32 2
28 1
27 1
29 1
26 1
30 1
25 1
31 1
24 1
27 13
26 13
33 3
33 4
33 5
32 5
31 5
31 6
31 7
33 6
33 7
34 6
34 5
28 0
29 0
30 0
31 0
23 2
23 1
27 14
26 14
28 14
29 14
35 6
35 5
25 0
24 0
23 0
22 2
22 1
22 0
28 15
27 15
29 15
32 0
30 15
36 5
31 15
31 14
32 14
32 15
21 2
21 1
21 0
33 0
33 14
28 16
27 16
29 16
30 16
31 16
32 16
34 14
37 5
37 6
20 2
20 1
20 0
37 4
35 14
28 17
27 17
19 2
19 1
19 0
38 4
36 14
28 18
27 18
0
Yes
34 42
33 42
34 43
33 43
35 42
35 43
32 42
32 43
36 42
32 41
33 44
32 44
35 44
36 41
32 40
36 40
35 40
36 44
31 42
31 41
31 43
31 40
31 44
37 42
37 41
37 40
33 45
35 39
36 39
37 39
34 39
35 45
36 45
32 39
31 39
30 42
30 41
30 43
30 40
30 44
30 39
34 38
35 38
36 38
37 38
38 42
38 41
38 40
33 46
34 46
35 46
36 46
38 43
37 45
37 46
32 46
34 37
35 37
36 37
37 37
34 47
33 47
35 47
32 47
36 47
38 45
38 46
29 41
29 40
29 43
39 41
38 38
38 37
31 47
34 36
35 36
36 36
37 36
38 36
34 48
33 48
35 48
32 48
31 48
28 41
28 40
28 42
33 36
40 41
40 42
40 43
40 40
30 47
30 48
30 46
29 46
29 47
29 48
39 38
39 46
40 39
34 35
35 35
36 35
37 35
38 35
34 49
33 49
35 49
32 49
31 49
30 49
29 49
41 42
41 41
41 43
41 40
41 39
27 41
27 40
39 47
28 46
28 47
28 48
28 49
0
No
0
No
0
Yes
8 23
7 23
9 23
7 22
7 24
9 22
6 23
6 22
6 24
10 23
10 22
7 25
6 25
8 25
9 21
10 21
9 25
6 21
10 25
5 23
5 22
5 24
5 25
8 26
7 26
9 26
6 26
10 26
5 26
11 22
11 21
6 20
7 20
8 20
4 23
4 22
4 24
4 25
8 27
7 27
9 27
6 27
11 20
4 21
6 19
12 21
12 20
3 23
3 24
5 19
8 28
7 28
9 28
6 28
11 19
6 18
5 18
13 21
13 20
2 23
8 29
7 29
9 29
0
Yes
3 7
2 7
3 6
2 6
3 8
2 8
4 6
1 7
1 6
1 8
3 5
2 5
4 5
1 5
2 9
1 9
0 7
0 6
0 8
0 5
0 9
3 4
2 4
1 4
0 4
2 10
1 10
0 10
2 3
1 3
0 3
1 11
0 11
2 2
1 2
0 2
3 2
4 2
1 12
0 12
0
Yes
22 46
22 47
22 48
22 49
23 46
23 47
23 48
23 49
24 46
24 47
24 48
24 49
25 46
25 47
0
Yes
42 21
41 21
42 22
41 22
41 20
40 21
40 20
40 22
42 23
41 23
40 23
41 19
42 19
43 19
43 23
44 19
44 20
39 21
39 22
42 24
41 24
43 24
40 24
41 18
45 20
45 19
44 18
45 18
44 24
38 21
38 22
42 25
41 25
43 25
44 25
46 20
46 19
44 17
45 17
42 26
41 26
45 25
40 26
44 16
45 16
43 16
42 16
47 19
46 17
46 16
46 25
46 24
46 23
47 23
47 24
47 25
47 22
42 15
43 15
44 15
42 27
41 15
48 22
48 23
48 24
48 25
40 15
40 16
40 17
39 17
39 16
39 15
39 18
38 18
38 17
38 19
37 19
40 27
47 17
47 16
42 14
43 14
49 22
49 23
49 24
49 25
49 21
49 20
48 20
38 15
40 14
39 14
38 14
40 28
47 15
42 13
43 13
40 29
44 13
49 26
43 12
40 30
0
Yes
14 34
13 34
14 33
13 33
14 35
13 35
15 35
12 34
12 33
12 35
14 32
13 32
12 32
14 36
13 36
15 36
15 32
16 35
16 36
14 31
13 31
12 31
14 37
13 37
15 37
16 37
17 35
17 34
17 33
12 37
14 30
13 30
14 38
13 38
15 38
12 38
18 34
15 30
11 31
10 31
11 30
10 30
14 29
13 29
15 29
14 39
13 39
12 39
19 34
14 28
13 28
15 28
14 40
13 40
12 28
16 28
11 28
17 28
14 27
13 27
15 27
12 27
16 27
17 27
14 41
14 26
13 26
15 26
16 26
14 42
13 42
15 42
12 42
16 42
17 42
18 42
14 25
13 25
15 25
16 25
14 43
15 43
16 43
17 43
18 43
12 25
19 42
19 43
14 24
13 24
12 24
14 44
20 42
20 43
21 42
18 44
19 44
14 23
14 45
13 45
15 23
15 45
16 45
14 22
15 22
15 46
16 46
0
No
0
No
0
Yes
10 30
10 31
11 30
11 31
12 31
12 32
13 31
13 32
13 30
13 29
12 33
13 33
13 28
12 28
11 28
12 27
13 27
14 30
14 29
14 31
14 28
14 32
14 27
14 33
12 34
13 34
14 34
13 26
14 26
15 30
15 29
15 28
15 27
15 26
12 35
13 35
14 35
15 32
13 25
14 25
15 25
12 25
12 24
13 24
14 24
16 28
16 27
16 26
16 25
13 36
14 36
15 35
15 36
17 28
17 27
13 37
14 37
15 37
12 37
16 35
16 36
16 37
14 23
12 38
13 38
14 38
15 38
15 23
0
Yes
41 10
42 10
41 9
41 11
42 9
40 10
43 10
40 9
40 11
43 9
41 8
41 12
42 8
39 10
40 8
40 12
43 8
44 10
39 9
39 11
44 9
44 11
41 7
39 8
39 12
44 8
40 7
43 7
38 10
45 10
38 9
38 11
45 9
39 7
44 7
38 8
38 12
45 8
37 10
37 9
37 11
37 8
37 12
0
Yes
7 26
7 27
7 28
7 29
8 26
8 27
8 28
8 29
9 26
9 27
9 28
9 29
10 26
0
Yes
14 4
14 5
14 6
14 7
15 4
15 5
15 6
0
Yes
6 27
6 28
6 29
7 27
7 28
7 29
8 27
8 28
8 29
9 27
9 28
9 29
0
No
0
No
0
Yes
45 25
44 25
45 26
44 26
46 25
46 26
44 24
46 24
43 25
43 24
45 27
44 27
46 27
47 25
47 24
47 26
47 27
46 23
47 23
43 23
42 25
42 24
42 23
45 28
44 28
46 28
47 28
48 25
48 24
48 26
48 23
48 27
48 28
42 26
42 27
43 28
47 22
48 22
41 25
41 24
41 26
41 23
45 29
44 29
46 29
47 29
49 25
49 24
49 26
49 23
49 27
49 22
42 22
41 22
42 21
41 21
40 24
40 23
40 22
0
No
0
No
0
Yes
12 32
12 33
12 34
12 35
13 32
13 33
13 34
13 35
14 32
14 33
14 34
14 35
15 32
0
No
0
No
0
Yes
23 13
23 14
24 13
24 14
22 13
22 14
23 12
23 15
24 12
24 15
25 13
25 14
22 12
22 15
25 12
25 15
21 13
21 14
23 11
23 16
24 11
24 16
26 13
26 14
21 12
21 15
22 16
25 11
25 16
26 12
20 13
20 14
21 11
21 16
23 10
24 10
26 11
27 13
27 14
20 12
20 15
27 12
27 15
20 11
20 16
21 10
26 10
27 11
27 16
19 13
19 14
28 14
19 12
19 15
28 12
28 15
20 10
27 10
19 11
19 16
28 11
28 16
18 13
18 14
29 14
18 12
18 15
19 10
29 12
29 15
18 11
18 16
29 11
29 16
17 13
17 14
18 10
17 15
30 12
30 15
17 11
17 16
30 11
30 16
17 10
16 13
16 14
16 15
16 16
16 10
0
Yes
32 29
31 29
32 28
32 30
33 29
31 28
31 30
33 28
33 30
30 29
32 27
32 31
34 29
30 28
30 30
31 27
31 31
33 27
33 31
34 28
34 30
30 27
30 31
34 27
34 31
29 29
32 26
32 32
35 29
29 28
29 30
31 26
31 32
33 26
33 32
35 28
35 30
29 27
29 31
30 32
34 26
34 32
35 27
35 31
28 29
32 25
36 29
28 28
28 30
33 25
36 28
29 26
29 32
35 26
35 32
28 27
28 31
34 25
36 27
36 31
27 29
28 32
36 26
36 32
37 29
27 28
27 30
37 28
27 27
27 31
37 27
27 26
27 32
37 32
26 29
26 28
0
No
0
Yes
0 44
0 45
0 46
0 47
1 44
1 45
1 46
1 47
0
No
0
Yes
40 29
40 28
40 30
40 27
40 26
41 26
42 26
42 27
41 25
42 25
43 25
41 24
42 24
43 24
40 24
44 25
44 24
44 26
44 27
44 28
43 28
44 29
45 29
45 28
45 27
45 26
45 25
40 23
41 23
42 23
43 23
46 29
46 28
46 27
46 26
46 25
46 30
46 31
46 32
45 32
44 32
43 32
42 32
41 32
43 31
44 31
43 30
41 33
42 33
43 33
44 33
45 33
46 33
40 33
39 33
39 32
38 32
38 33
37 33
40 34
39 34
41 34
38 34
42 34
37 34
43 34
44 34
45 34
46 34
36 33
36 34
40 35
41 35
42 35
43 35
44 35
45 35
46 35
38 35
37 35
36 35
40 22
41 22
42 22
40 36
47 29
47 28
47 27
47 26
47 25
35 34
35 35
39 22
38 22
38 36
37 36
36 36
35 36
46 24
47 24
40 21
39 21
41 21
38 21
42 21
47 33
48 28
48 27
48 26
48 25
48 24
38 37
37 37
36 37
35 37
34 35
34 36
34 37
46 23
47 23
48 23
40 20
41 20
38 38
37 38
36 38
35 38
34 38
39 38
47 35
49 27
49 26
49 25
49 24
49 23
33 36
47 22
48 22
49 22
41 19
42 19
37 39
36 39
35 39
34 39
43 19
44 19
44 20
45 20
45 19
0
No
0
Yes
8 5
8 6
9 5
9 6
7 6
9 4
8 7
7 7
9 7
10 5
10 4
10 6
10 7
6 6
9 3
10 3
8 3
7 3
6 3
8 2
7 2
9 2
6 2
10 2
8 8
9 8
10 8
11 5
11 6
11 7
11 8
5 3
5 2
5 4
8 1
7 1
9 1
6 1
10 1
5 1
12 5
12 6
12 7
12 8
9 9
10 9
11 9
12 9
8 0
7 0
9 0
6 0
10 0
5 0
11 1
11 0
9 10
10 10
11 10
8 10
13 6
13 7
13 8
13 9
4 1
4 0
12 1
12 0
8 11
9 11
7 11
6 11
6 10
3 1
3 0
14 8
14 9
8 12
9 12
13 10
14 10
10 12
11 12
15 8
15 9
15 10
2 0
13 11
14 11
8 13
9 13
7 13
12 12
0
No
0
Yes
48 10
47 10
48 9
48 11
49 10
47 9
47 11
49 9
49 11
46 10
48 8
48 12
46 9
46 11
47 8
47 12
49 8
49 12
46 8
46 12
48 7
48 13
47 7
47 13
49 7
49 13
46 7
46 13
48 6
48 14
47 14
49 6
49 14
48 5
49 5
0
Yes
47 0
47 1
47 2
47 3
47 4
48 0
48 1
48 2
48 3
48 4
49 0
49 1
49 2
49 3
49 4
0
Yes
9 21
9 22
9 23
10 21
10 22
10 23
11 21
11 22
0
Yes
4 34
5 34
4 33
4 35
5 33
5 35
3 34
6 34
3 33
3 35
6 33
6 35
4 32
4 36
5 32
5 36
2 34
3 32
3 36
6 32
7 34
2 33
2 35
7 33
7 35
4 31
5 31
2 32
2 36
7 32
7 36
3 31
6 31
1 34
8 34
1 33
1 35
8 33
8 35
2 31
7 31
1 32
1 36
8 36
0 34
0 33
0 35
1 31
0 32
0 36
0
No
0
Yes
40 28
40 27
40 29
40 26
40 30
41 26
42 26
42 27
41 25
42 25
41 24
42 24
40 24
43 25
43 24
40 23
41 23
42 23
43 23
44 25
44 24
44 26
44 27
44 28
43 28
44 29
45 28
45 27
45 29
45 26
45 25
40 22
41 22
42 22
46 28
46 27
46 29
46 26
46 25
39 22
38 22
46 30
46 31
40 21
39 21
41 21
38 21
42 21
47 28
47 27
47 29
47 26
47 25
46 24
47 24
46 32
45 32
44 32
43 32
43 31
44 31
43 30
42 32
41 32
41 33
42 33
43 33
44 33
45 33
46 33
40 33
39 33
39 32
38 32
38 33
37 33
40 34
39 34
41 34
38 34
42 34
37 34
43 34
44 34
45 34
46 34
36 33
36 34
40 35
41 35
42 35
43 35
44 35
45 35
46 35
38 35
37 35
36 35
35 34
35 35
46 23
47 23
40 20
41 20
40 36
48 28
48 27
48 26
48 25
48 24
48 23
38 36
37 36
36 36
35 36
47 33
41 19
49 27
49 26
49 25
49 24
49 23
34 35
0
Yes
35 43
34 43
35 42
34 42
35 44
36 42
36 44
33 43
33 42
35 45
36 45
33 44
36 41
37 42
37 41
33 45
37 45
32 43
32 42
32 44
35 46
36 46
37 46
34 46
33 46
36 40
37 40
35 40
38 42
38 41
38 40
38 43
32 41
38 45
38 46
31 43
31 42
31 44
31 41
35 39
36 39
37 39
35 47
34 47
36 47
33 47
34 39
32 40
31 40
32 46
32 47
39 41
30 43
30 42
30 44
30 41
30 40
32 39
31 39
30 39
35 38
34 38
36 38
37 38
35 48
34 48
33 48
32 48
39 46
40 41
40 42
40 43
31 47
31 48
39 47
38 38
40 40
40 46
40 47
40 45
29 43
35 37
34 37
36 37
37 37
38 37
35 49
34 49
33 49
32 49
31 49
41 43
41 42
41 41
41 40
36 49
41 44
29 41
29 40
37 49
37 48
30 47
30 48
30 49
30 46
39 38
40 39
41 39
29 46
29 47
29 48
29 49
38 49
42 43
42 42
42 44
42 41
42 40
42 39
34 36
40 48
39 49
40 49
41 47
41 48
41 49
28 41
28 40
28 42
33 36
28 46
28 47
28 48
28 49
0
No
0
No
0
No
0
No
0
Yes
46 10
47 10
46 9
46 11
47 9
47 11
45 10
48 10
45 9
48 9
48 11
46 8
46 12
47 8
47 12
44 10
45 8
48 8
48 12
49 10
44 9
44 11
49 9
49 11
46 7
46 13
47 7
47 13
44 8
49 8
49 12
48 7
48 13
43 10
43 9
44 7
49 7
49 13
43 8
48 6
43 7
44 6
49 6
43 6
0
No
0
No
0
Yes
27 2
26 2
27 1
26 1
27 3
26 3
28 2
28 1
28 3
25 2
25 1
25 3
27 4
28 4
29 2
29 1
28 0
29 0
25 0
25 4
24 2
24 1
24 3
24 0
24 4
30 2
30 1
30 0
28 5
25 5
24 5
29 5
23 2
23 1
23 0
31 2
31 1
31 0
28 6
27 6
31 3
25 6
24 6
22 2
22 1
22 0
23 5
32 2
32 3
28 7
32 0
24 7
21 2
21 1
21 0
33 3
33 0
33 4
23 7
33 5
32 5
31 5
31 6
31 7
20 2
20 1
20 0
23 8
33 6
34 5
34 6
33 7
19 2
19 1
19 0
23 9
24 9
35 5
35 6
18 1
18 0
36 5
17 1
17 0
17 2
17 3
17 4
18 4
19 4
19 5
18 5
17 5
20 5
21 5
21 4
21 6
20 6
19 6
18 6
17 6
21 7
20 7
18 7
17 7
37 5
37 4
37 6
16 2
16 1
16 0
38 4
15 1
15 0
0
No
0
No
0
Yes
13 25
12 25
13 24
12 24
13 26
14 25
14 24
14 26
13 27
14 27
15 25
15 26
15 27
12 27
14 23
15 23
13 28
12 28
14 28
15 28
16 25
16 26
16 27
16 28
14 22
15 22
11 28
13 29
14 29
15 29
14 21
15 21
13 21
12 21
11 21
11 22
10 22
10 21
10 23
9 23
9 22
9 21
17 27
17 28
13 20
12 20
14 20
11 20
15 20
13 30
14 30
15 30
16 21
16 20
0
No
0
Yes
32 30
32 31
33 30
33 31
31 30
31 31
32 29
32 32
33 29
33 32
34 30
34 31
31 29
31 32
34 29
34 32
30 30
30 31
32 28
33 28
35 30
35 31
30 29
30 32
31 28
31 33
34 28
35 29
35 32
29 30
29 31
30 28
30 33
32 27
33 27
35 28
36 31
29 29
29 32
31 27
31 34
32 34
34 27
36 29
36 32
29 28
29 33
30 27
30 34
35 27
36 28
36 33
28 30
28 31
32 26
33 26
28 29
28 32
31 26
34 26
37 29
37 32
29 27
29 34
36 27
36 34
35 34
28 28
35 26
37 28
37 33
27 30
27 31
27 29
27 32
28 27
29 26
36 26
37 27
37 34
27 28
27 27
0
Yes
21 13
21 14
22 13
22 14
20 13
20 14
21 12
21 15
22 12
22 15
23 13
23 14
20 12
20 15
23 12
23 15
19 13
19 14
21 11
21 16
22 16
24 13
24 14
19 12
19 15
20 11
20 16
23 11
23 16
24 12
24 15
18 13
18 14
19 11
19 16
21 10
24 11
24 16
25 13
25 14
18 12
18 15
20 10
23 10
25 12
25 15
18 11
18 16
19 10
24 10
25 11
25 16
17 13
17 14
26 13
26 14
17 15
26 12
18 10
17 11
17 16
26 11
16 13
16 14
27 13
27 14
16 15
17 10
26 10
27 12
27 15
16 16
27 11
27 16
15 14
16 10
27 10
15 15
15 16
0
No
0
No
0
Yes
9 6
8 6
9 5
8 5
9 7
8 7
10 6
10 5
10 7
7 6
7 7
9 4
10 4
9 8
8 8
10 8
11 6
11 5
11 7
11 8
6 6
9 3
10 3
9 9
10 9
11 9
12 6
12 5
12 7
12 8
12 9
8 3
7 3
9 2
8 2
10 2
7 2
9 10
10 10
11 10
13 6
13 7
13 8
13 9
8 10
6 3
6 2
5 3
5 2
5 4
9 1
8 1
10 1
7 1
6 1
5 1
9 11
8 11
7 11
11 1
14 8
14 9
13 10
14 10
6 11
6 10
12 1
9 0
8 0
10 0
7 0
11 0
6 0
12 0
5 0
9 12
8 12
10 12
11 12
15 8
15 9
15 10
13 11
14 11
12 12
9 13
8 13
4 1
4 0
7 13
16 9
3 1
3 0
8 14
7 14
6 14
0
Yes
24 23
24 24
24 25
24 26
25 23
25 24
25 25
25 26
26 23
26 24
26 25
26 26
27 23
27 24
27 25
27 26
28 23
28 24
0
Yes
44 26
44 27
44 28
44 29
45 26
45 27
45 28
45 29
46 26
46 27
46 28
46 29
47 26
47 27
47 28
47 29
48 26
48 27
48 28
0
Yes
9 33
9 34
9 35
9 36
9 37
10 33
10 34
10 35
10 36
10 37
11 33
11 34
11 35
11 36
11 37
0
No
0
Yes
39 11
38 11
39 10
38 10
39 12
38 12
40 11
40 10
40 12
37 11
37 10
37 12
39 9
38 9
40 9
37 9
39 13
38 13
40 13
41 11
41 10
41 12
41 9
39 8
38 8
40 8
37 8
41 8
39 14
38 14
40 14
36 12
42 10
42 9
42 8
36 9
36 8
39 7
40 7
41 7
39 15
38 15
40 15
43 10
43 9
43 8
35 9
35 8
0
Yes
10 31
10 30
11 31
11 30
9 30
12 31
8 30
9 29
8 29
13 31
7 30
7 29
7 31
7 32
9 28
8 28
7 28
13 30
7 33
8 33
8 34
7 34
13 29
6 31
6 30
6 32
6 29
6 33
6 28
6 34
14 31
14 30
14 29
9 27
8 27
7 27
6 27
13 28
14 28
12 28
11 28
8 35
7 35
6 35
12 27
13 27
14 27
5 31
5 32
5 33
5 34
5 35
9 26
8 26
7 26
6 26
10 26
15 30
15 29
15 28
15 27
5 29
8 36
7 36
13 26
14 26
15 26
4 31
4 32
4 33
4 34
4 35
10 25
9 25
8 25
7 25
6 25
13 25
14 25
15 25
12 25
16 28
16 27
16 26
16 25
3 31
3 32
3 33
3 34
3 35
3 30
5 26
5 25
5 36
4 36
3 36
3 29
12 24
13 24
14 24
7 24
6 24
5 24
17 28
17 27
2 31
2 30
2 32
2 29
2 33
2 34
2 35
2 36
4 25
4 24
4 37
3 37
2 37
2 28
7 23
6 23
5 23
4 23
8 23
9 23
0
No
0
No
0
No
0
Yes
46 7
46 8
46 9
46 10
46 11
46 12
46 13
47 7
47 8
47 9
47 10
47 11
47 12
47 13
48 7
48 8
48 9
48 10
48 11
48 12
48 13
49 7
49 8
49 9
49 10
49 11
49 12
49 13
0
Yes
27 27
27 28
27 29
27 30
27 31
27 32
28 27
28 28
28 29
28 30
28 31
28 32
29 27
29 28
29 29
29 30
29 31
29 32
30 27
30 28
30 29
30 30
30 31
30 32
31 27
31 28
31 29
31 30
31 31
31 32
32 27
32 28
32 29
32 30
32 31
32 32
33 27
33 28
33 29
33 30
33 31
33 32
34 27
34 28
34 29
34 30
34 31
34 32
35 27
35 28
35 29
35 30
35 31
35 32
36 27
0
No
0
Yes
36 37
36 38
37 37
37 38
35 37
35 38
36 36
36 39
37 36
37 39
38 37
38 38
35 36
35 39
38 36
34 37
34 38
36 35
36 40
37 35
37 40
34 36
34 39
35 35
35 40
38 35
38 40
34 35
36 34
37 34
35 34
38 34
0
No
0
Yes
6 6
7 6
7 7
8 6
8 7
8 5
8 8
9 6
9 5
9 7
9 8
9 4
10 6
10 5
10 7
10 4
10 8
9 3
10 3
8 3
7 3
6 3
5 3
5 4
6 2
5 2
7 2
8 2
9 2
10 2
9 9
10 9
4 2
3 2
6 1
5 1
7 1
4 1
8 1
3 1
9 1
10 1
9 10
10 10
8 10
11 6
11 5
11 7
11 8
11 9
11 10
8 11
9 11
7 11
6 11
6 10
2 2
2 3
2 4
3 4
3 5
2 5
4 5
4 6
3 6
2 6
3 7
2 7
3 8
2 8
1 6
1 5
1 7
1 4
1 8
1 3
1 2
2 9
1 9
2 10
1 10
0 6
0 5
0 7
0 4
0 8
0 3
0 9
0 2
0 10
6 0
5 0
7 0
4 0
8 0
3 0
9 0
10 0
12 6
12 5
12 7
12 8
12 9
8 12
9 12
0
Yes
8 5
8 6
9 5
9 6
7 6
9 4
8 7
7 7
9 7
10 5
10 4
10 6
10 7
6 6
9 3
10 3
8 3
7 3
6 3
8 2
7 2
9 2
6 2
10 2
8 8
9 8
10 8
11 5
11 6
11 7
11 8
5 3
5 2
5 4
8 1
7 1
9 1
6 1
10 1
5 1
12 5
12 6
12 7
12 8
9 9
10 9
11 9
12 9
4 2
4 1
8 0
7 0
9 0
6 0
10 0
5 0
4 0
11 1
11 0
9 10
10 10
11 10
8 10
13 6
13 7
13 8
13 9
12 1
12 0
3 2
3 1
3 0
8 11
9 11
7 11
14 6
14 7
0
Yes
5 18
5 19
6 18
6 19
0
No
0
Yes
33 43
32 43
33 42
32 42
33 44
32 44
34 43
34 42
31 43
31 42
31 44
33 45
35 43
35 42
32 41
31 41
35 44
35 45
30 43
30 42
30 44
30 41
33 46
32 40
31 40
30 40
32 46
34 46
35 46
36 42
36 44
36 45
36 46
36 41
29 43
33 47
32 47
34 47
35 47
36 47
32 39
31 39
30 39
37 42
37 41
29 41
29 40
31 47
37 45
37 46
30 47
30 46
29 46
29 47
33 48
32 48
34 48
31 48
35 48
30 48
29 48
38 42
38 41
38 43
28 41
28 40
28 42
38 45
38 46
28 46
28 47
28 48
33 49
32 49
34 49
31 49
35 49
30 49
29 49
28 49
0
Yes
21 22
20 22
21 23
20 23
22 22
22 23
20 21
22 21
19 22
19 21
19 23
23 22
23 21
23 23
20 20
19 20
22 24
23 24
19 24
23 20
18 22
18 21
18 20
20 19
19 19
18 19
21 19
22 19
23 19
22 25
23 25
21 25
24 21
24 20
24 19
24 23
24 24
24 25
18 24
19 25
21 26
22 26
23 26
24 26
17 21
17 20
17 19
20 18
19 18
18 18
20 26
22 18
23 18
24 18
25 23
25 24
25 25
25 26
17 24
25 20
25 19
25 18
21 27
22 27
23 27
16 21
16 20
16 19
20 17
26 23
26 24
26 25
26 26
26 20
15 21
15 20
15 19
15 22
15 23
27 23
27 24
27 25
27 26
16 18
15 18
25 17
25 27
26 27
14 22
14 21
14 23
14 20
16 17
15 17
28 23
28 24
26 28
0
No
0
No
0
Yes
9 4
9 3
9 5
10 4
10 3
10 5
8 3
8 5
9 2
8 2
10 2
9 6
8 6
10 6
7 3
7 2
11 5
11 6
7 6
9 1
8 1
10 1
7 1
9 7
8 7
10 7
7 7
11 7
6 3
6 2
6 1
12 5
12 6
12 7
6 6
11 1
9 0
8 0
10 0
7 0
11 0
6 0
9 8
8 8
10 8
11 8
12 8
5 3
5 2
5 1
5 0
5 4
12 1
12 0
13 6
13 7
13 8
9 9
10 9
11 9
12 9
13 9
4 2
4 1
4 0
14 6
14 7
14 8
14 9
14 5
14 4
13 4
13 3
12 3
9 10
10 10
11 10
15 4
15 5
15 6
8 10
3 2
3 1
3 0
0
No
0
Yes
31 20
30 20
31 19
30 19
31 21
32 20
32 19
32 21
31 18
30 18
32 18
31 22
32 22
33 20
33 21
33 22
29 19
29 18
30 22
33 18
31 17
30 17
32 17
29 17
33 17
31 23
30 23
32 23
33 23
34 20
28 18
28 17
31 16
30 16
32 16
29 16
28 16
31 24
30 24
32 24
33 24
27 18
27 17
31 15
30 15
32 15
29 15
28 15
34 24
32 25
33 25
34 25
31 14
32 14
32 26
33 26
34 26
31 26
0
No
0
Yes
4 34
4 35
5 34
5 35
3 34
3 35
4 33
4 36
5 33
5 36
6 34
6 35
3 33
3 36
6 33
2 34
2 35
4 32
4 37
5 32
7 34
7 35
2 33
2 36
3 32
3 37
6 32
7 33
7 36
1 34
1 35
2 32
2 37
4 31
5 31
7 32
8 34
8 35
1 33
1 36
3 31
6 31
8 33
8 36
1 32
1 37
2 31
7 31
0 34
0 35
0 33
0 36
1 31
0 32
0
No
0
Yes
38 11
37 11
38 10
37 10
38 12
37 12
39 11
39 10
39 12
38 9
37 9
39 9
38 13
39 13
40 11
40 10
40 12
40 9
40 13
36 12
36 9
38 8
37 8
39 8
36 8
40 8
38 14
39 14
40 14
41 11
41 10
41 12
41 9
41 8
35 9
35 8
35 10
35 11
38 15
39 15
40 15
34 10
34 9
34 8
39 7
40 7
41 7
42 10
42 9
42 8
41 15
39 6
40 6
39 16
40 16
43 10
43 9
43 8
42 15
42 14
42 13
43 13
43 14
43 15
43 12
39 17
40 17
38 17
44 10
44 9
44 8
44 11
44 13
42 16
43 16
43 7
44 7
38 18
39 18
43 6
44 6
45 10
45 9
45 8
44 15
44 16
43 5
44 5
38 19
37 19
44 17
43 4
42 4
45 16
45 17
42 3
43 3
44 18
45 18
46 16
46 17
42 2
43 2
41 2
40 2
39 2
39 3
39 4
38 4
0
Yes
24 23
24 24
24 25
24 26
25 23
25 24
25 25
25 26
26 23
26 24
26 25
26 26
27 23
27 24
27 25
27 26
28 23
28 24
0
No
0
No
0
Yes
40 36
40 35
41 35
40 34
41 34
39 34
42 35
42 34
38 34
38 35
38 36
38 37
38 38
39 38
37 36
37 35
37 37
37 34
37 38
40 33
39 33
41 33
38 33
42 33
37 33
43 35
43 34
43 33
36 36
36 35
36 37
36 34
36 38
36 33
39 32
38 32
37 32
36 32
41 32
42 32
43 32
44 35
44 34
44 33
44 32
37 39
36 39
35 36
35 35
35 37
35 34
35 38
35 39
37 40
36 40
35 40
38 40
45 35
45 34
45 33
45 32
43 31
44 31
34 36
34 35
34 37
34 38
34 39
46 35
46 34
46 33
46 32
36 31
43 30
33 36
47 35
47 33
0
Yes
47 45
47 46
47 47
47 48
47 49
48 45
48 46
48 47
48 48
48 49
0
Yes
0 31
0 32
0 33
0 34
0 35
1 31
1 32
1 33
1 34
1 35
2 31
2 32
2 33
2 34
2 35
3 31
3 32
3 33
3 34
3 35
4 31
4 32
4 33
4 34
4 35
5 31
5 32
5 33
5 34
0
No
0
Yes
13 10
13 11
14 10
14 11
15 10
0
No
0
No
0
Yes
44 28
43 28
44 27
44 29
45 28
45 27
45 29
44 26
45 26
46 28
46 27
46 29
46 26
46 30
44 25
45 25
46 25
47 28
47 27
47 29
47 26
47 25
43 25
42 25
42 26
42 27
41 26
41 25
46 31
44 24
43 24
42 24
41 24
48 28
48 27
48 26
48 25
40 26
40 27
40 28
40 29
40 30
46 24
47 24
48 24
46 32
45 32
44 32
44 31
43 31
43 32
43 30
42 32
41 32
44 33
43 33
45 33
42 33
46 33
41 33
43 23
42 23
41 23
49 27
49 26
49 25
49 24
46 23
47 23
48 23
49 23
40 24
40 23
47 33
44 34
43 34
45 34
42 34
46 34
41 34
42 22
41 22
40 22
40 33
40 34
47 22
48 22
49 22
44 35
43 35
45 35
42 35
46 35
41 35
40 35
39 33
39 34
39 32
38 32
38 33
38 34
42 21
41 21
40 21
47 35
0
No
0
No
0
No
0
Yes
9 30
8 30
9 29
8 29
10 30
10 31
7 30
7 29
9 28
8 28
7 28
11 30
11 31
7 31
7 32
6 30
6 29
6 31
6 28
6 32
9 27
8 27
7 27
6 27
12 31
7 33
6 33
8 33
12 32
9 26
8 26
7 26
6 26
5 29
5 31
5 32
5 33
8 34
7 34
6 34
5 34
10 26
13 31
13 32
13 30
13 29
12 33
13 33
13 28
12 28
11 28
12 27
13 27
9 25
8 25
10 25
7 25
6 25
12 34
13 34
14 30
14 29
14 31
14 28
14 32
14 27
14 33
14 34
4 31
4 32
4 33
4 34
8 35
7 35
6 35
5 35
4 35
5 26
5 25
13 26
14 26
12 35
13 35
14 35
15 30
15 29
15 28
15 27
15 26
3 31
3 32
3 33
3 34
0
No
0
No
0
Yes
0 44
0 45
0 46
0 47
1 44
1 45
1 46
1 47
0
No
0
No
0
Yes
27 27
27 28
27 29
27 30
27 31
27 32
28 27
28 28
28 29
28 30
28 31
28 32
29 27
29 28
29 29
29 30
29 31
29 32
30 27
30 28
30 29
30 30
30 31
30 32
31 27
31 28
31 29
31 30
31 31
31 32
32 27
32 28
32 29
32 30
32 31
32 32
33 27
33 28
33 29
33 30
33 31
33 32
34 27
34 28
34 29
34 30
34 31
34 32
35 27
35 28
35 29
35 30
35 31
0
Yes
44 10
44 11
43 10
45 10
44 9
43 9
45 9
42 10
46 10
46 11
42 9
44 8
46 9
46 12
43 8
45 8
41 10
41 11
47 10
47 11
42 8
46 8
41 9
41 12
47 9
47 12
41 8
47 8
40 10
40 11
48 10
48 11
40 9
40 12
48 9
48 12
40 8
48 8
39 10
39 11
49 10
49 11
39 9
39 12
49 9
49 12
39 8
49 8
38 10
38 11
38 9
38 12
0
No
0
No
0
Yes
36 27
36 28
36 29
37 27
37 28
37 29
38 27
0
No
0
Yes
45 37
45 38
45 39
46 37
46 38
0
Yes
0 31
0 32
0 33
0 34
0 35
0 36
1 31
1 32
1 33
1 34
1 35
1 36
2 31
2 32
2 33
2 34
2 35
2 36
3 31
3 32
3 33
3 34
3 35
3 36
4 31
4 32
4 33
4 34
4 35
4 36
5 31
5 32
5 33
5 34
5 35
5 36
6 31
6 32
0
No
0
Yes
24 23
24 24
24 25
24 26
25 23
25 24
25 25
25 26
26 23
26 24
26 25
26 26
27 23
27 24
27 25
27 26
28 23
28 24
0
No
0
Yes
21 12
21 13
21 14
21 15
21 16
22 12
22 13
22 14
22 15
22 16
23 12
23 13
23 14
23 15
23 16
24 12
24 13
24 14
24 15
24 16
25 12
25 13
25 14
25 15
25 16
26 12
0
Yes
34 6
33 6
34 5
33 5
35 6
35 5
33 7
32 5
33 4
36 5
31 5
31 6
31 7
33 3
37 5
37 6
32 3
37 4
31 3
32 2
31 2
38 4
39 4
30 2
31 1
30 1
39 3
40 4
29 2
29 1
39 2
38 2
37 2
36 2
36 1
35 1
34 1
31 0
30 0
29 0
32 0
33 0
28 2
28 1
28 0
28 3
28 4
28 5
29 5
28 6
28 7
27 6
40 2
27 4
27 3
27 2
27 1
40 1
41 2
41 1
40 0
41 0
39 0
26 3
26 2
26 1
42 2
42 1
42 0
42 3
42 4
43 4
43 3
43 2
43 1
43 0
43 5
43 6
43 7
25 3
25 2
25 1
25 4
25 5
25 6
24 6
24 5
24 4
24 3
24 2
24 1
44 6
44 5
44 7
24 7
44 2
44 1
44 0
25 0
24 0
23 5
23 7
23 8
23 9
24 9
24 10
23 10
24 11
23 11
25 11
26 11
27 11
28 11
29 11
30 11
30 12
29 12
28 12
27 12
27 10
26 10
27 9
26 9
27 13
26 13
0
No
0
Yes
31 26
31 27
31 28
31 29
31 30
32 26
32 27
32 28
32 29
32 30
33 26
33 27
33 28
33 29
33 30
34 26
34 27
34 28
34 29
34 30
35 26
35 27
35 28
35 29
35 30
36 26
0
Yes
10 46
10 47
11 46
11 47
12 46
0
No
0
Yes
6 25
6 26
6 27
6 28
6 29
6 30
7 25
7 26
7 27
7 28
7 29
7 30
8 25
8 26
8 27
8 28
8 29
8 30
9 25
9 26
9 27
9 28
9 29
9 30
10 25
0
Yes
20 0
20 1
20 2
21 0
21 1
21 2
22 0
22 1
22 2
23 0
23 1
0
Yes
16 18
16 17
16 19
17 19
15 18
15 17
15 19
18 19
18 18
16 16
16 20
17 16
17 20
15 16
15 20
18 16
18 20
19 18
14 17
19 19
16 15
16 21
17 15
17 21
14 16
14 20
19 16
19 20
15 15
15 21
18 15
18 21
20 18
13 17
13 18
13 19
20 17
20 19
14 15
14 21
19 15
19 21
13 16
13 20
16 14
17 14
20 16
20 20
15 14
15 22
18 14
18 22
12 17
13 15
13 21
20 15
20 21
14 14
14 22
19 14
19 22
12 16
12 20
16 13
17 13
18 13
20 14
20 22
12 15
12 21
14 13
19 13
12 14
20 13
0
Yes
30 16
30 17
29 16
29 17
31 16
31 17
30 15
30 18
29 15
29 18
31 15
31 18
28 16
28 17
32 16
32 17
28 15
28 18
32 15
32 18
29 14
31 14
27 16
27 17
28 14
32 14
27 15
27 18
27 14
0
Yes
31 26
31 27
31 28
31 29
31 30
32 26
32 27
32 28
32 29
32 30
33 26
33 27
33 28
33 29
33 30
34 26
34 27
34 28
34 29
34 30
35 26
35 27
35 28
35 29
35 30
36 26
36 27
36 28
36 29
0
Yes
29 17
29 18
30 17
30 18
28 17
28 18
29 16
29 19
30 16
30 19
31 17
31 18
28 16
31 16
31 19
27 17
27 18
29 15
30 15
30 20
32 17
32 18
27 16
28 15
31 15
31 20
32 16
32 19
27 15
29 14
32 15
32 20
28 14
31 14
27 14
32 14
26 14
0
Yes
0 45
0 46
0 47
1 45
1 46
1 47
2 45
0
Yes
16 18
16 17
16 19
17 19
15 18
15 17
15 19
18 19
18 18
16 16
16 20
17 16
17 20
15 16
15 20
18 16
18 20
19 18
14 17
19 19
16 15
16 21
17 15
17 21
14 16
14 20
19 16
19 20
15 15
15 21
18 15
18 21
20 18
13 17
13 18
13 19
20 17
20 19
14 15
14 21
19 15
19 21
13 16
13 20
16 14
17 14
20 16
20 20
15 14
15 22
18 14
18 22
12 17
13 15
13 21
20 15
20 21
14 14
14 22
19 14
19 22
12 16
12 20
16 13
17 13
18 13
20 14
20 22
12 15
12 21
14 13
19 13
12 14
20 13
0
Yes
7 2
6 2
7 1
7 3
8 2
6 1
6 3
8 1
8 3
5 2
7 0
9 2
5 1
5 3
6 0
8 0
9 1
9 3
5 0
9 0
4 2
10 2
4 1
10 1
10 3
4 0
10 0
3 2
3 1
3 0
0
Yes
33 31
32 31
33 32
32 32
34 31
34 32
31 31
31 32
35 31
35 32
31 33
30 31
30 32
30 33
36 31
36 32
30 30
30 29
31 34
30 34
32 34
36 33
29 31
29 30
29 32
29 29
29 33
29 34
37 32
37 33
30 28
29 28
36 34
37 34
35 34
35 35
36 35
37 35
34 35
28 31
28 30
28 32
28 29
28 28
30 27
29 27
28 27
34 36
35 36
36 36
37 36
33 36
38 32
38 33
38 34
38 35
38 36
27 31
27 30
27 32
27 29
27 28
27 27
34 37
35 37
36 37
37 37
38 37
39 32
39 33
39 34
29 26
26 32
34 38
35 38
36 38
37 38
38 38
26 29
26 28
0
Yes
11 36
10 36
11 35
10 35
11 37
10 37
12 35
12 37
9 36
9 35
9 37
11 34
10 34
12 34
9 34
11 38
12 38
13 35
13 34
13 36
13 37
13 38
8 36
8 35
8 34
11 33
10 33
12 33
9 33
13 33
8 33
14 36
14 35
14 37
14 34
14 38
14 33
12 39
13 39
14 39
7 36
7 35
7 34
7 33
15 36
15 35
15 37
15 38
12 32
13 32
14 32
9 32
13 40
14 40
0
Yes
21 12
21 13
21 14
21 15
21 16
22 12
22 13
22 14
22 15
22 16
23 12
23 13
23 14
23 15
23 16
24 12
24 13
24 14
24 15
24 16
25 12
25 13
25 14
25 15
25 16
0
No
0
Yes
45 37
45 38
46 37
46 38
0
Yes
8 5
8 6
9 5
9 6
7 6
9 4
8 7
7 7
9 7
10 5
10 4
10 6
10 7
6 6
9 3
10 3
8 3
7 3
6 3
8 2
7 2
9 2
6 2
10 2
8 8
9 8
10 8
11 5
11 6
11 7
11 8
5 3
5 2
5 4
8 1
7 1
9 1
6 1
10 1
5 1
12 5
12 6
12 7
12 8
9 9
10 9
11 9
12 9
4 2
4 1
8 0
7 0
9 0
6 0
10 0
5 0
4 0
11 1
11 0
9 10
10 10
11 10
8 10
13 6
13 7
13 8
13 9
12 1
12 0
0
Yes
6 6
7 6
7 7
8 6
8 7
8 5
8 8
9 6
9 5
9 7
9 8
9 4
10 6
10 5
10 7
10 4
10 8
9 3
10 3
8 3
7 3
6 3
5 3
5 4
6 2
5 2
7 2
8 2
9 2
10 2
9 9
10 9
4 2
3 2
6 1
5 1
7 1
4 1
8 1
3 1
9 1
10 1
9 10
10 10
8 10
11 6
11 5
11 7
11 8
11 9
11 10
8 11
9 11
7 11
6 11
6 10
2 2
2 3
2 4
3 4
3 5
2 5
4 5
4 6
3 6
2 6
3 7
2 7
3 8
2 8
1 6
1 5
1 7
1 4
1 8
1 3
1 2
2 9
1 9
2 10
1 10
0 6
0 5
0 7
0 4
0 8
0 3
0 9
0 2
0 10
6 0
5 0
7 0
4 0
8 0
3 0
9 0
10 0
12 6
12 5
12 7
12 8
12 9
8 12
9 12
13 6
13 7
13 8
13 9
0
No
0
No
0
No
0
Yes
18 12
18 13
18 14
18 15
18 16
19 12
19 13
19 14
19 15
19 16
20 12
20 13
20 14
20 15
20 16
21 12
21 13
21 14
21 15
21 16
22 12
22 13
22 14
22 15
22 16
23 12
23 13
23 14
23 15
23 16
24 12
24 13
24 14
24 15
24 16
25 12
25 13
25 14
25 15
25 16
26 12
26 13
26 14
0
Yes
34 5
33 5
34 6
33 6
35 5
35 6
33 4
32 5
36 5
33 3
33 7
32 3
31 5
37 5
31 6
37 4
37 6
31 3
31 7
32 2
31 2
38 4
30 2
31 1
30 1
39 4
39 3
29 2
29 1
31 0
30 0
29 0
32 0
33 0
39 2
38 2
37 2
36 2
36 1
35 1
34 1
40 4
28 2
28 1
28 0
28 3
28 4
28 5
29 5
28 6
28 7
40 2
27 4
27 3
27 2
27 1
27 6
40 1
41 2
41 1
40 0
41 0
39 0
26 3
26 2
26 1
42 2
42 1
42 0
42 3
42 4
43 4
43 3
43 2
43 1
43 0
43 5
43 6
25 3
25 2
25 1
25 4
25 5
25 6
43 7
24 5
24 4
24 6
24 3
24 2
24 1
44 5
44 6
44 7
24 7
25 0
24 0
44 2
44 1
44 0
23 5
23 7
23 2
23 1
23 0
23 8
23 9
24 9
24 10
23 10
24 11
23 11
25 11
26 11
27 11
28 11
29 11
30 11
30 12
29 12
28 12
27 12
27 10
26 10
27 9
26 9
27 13
27 14
28 14
29 14
29 15
28 15
27 15
30 15
0
Yes
22 46
22 47
22 48
22 49
23 46
23 47
23 48
23 49
24 46
24 47
24 48
24 49
25 46
25 47
25 48
25 49
0
Yes
13 36
13 37
12 37
14 36
14 37
13 35
13 38
12 35
12 38
14 35
14 38
11 37
11 36
15 36
15 37
11 35
11 38
13 34
13 39
15 35
15 38
12 34
12 39
14 34
14 39
10 36
10 37
16 36
16 37
11 34
10 35
16 35
13 33
12 33
14 33
10 34
9 36
9 37
11 33
9 35
10 33
9 34
9 33
0
No
0
Yes
26 25
25 25
26 24
25 24
26 26
25 26
27 25
27 24
27 26
24 25
24 24
24 26
26 23
25 23
27 23
24 23
26 27
25 27
27 27
28 24
28 23
28 27
23 25
23 24
23 26
23 23
26 28
27 28
28 28
23 27
29 27
29 28
29 26
22 25
22 24
22 26
22 23
22 27
26 29
27 29
28 29
29 29
25 29
23 22
22 22
30 27
30 28
30 29
21 25
21 26
21 27
23 21
22 21
24 21
25 30
27 30
28 30
29 30
30 30
21 23
21 22
24 20
23 20
25 20
26 20
20 26
25 19
24 19
23 19
27 31
28 31
29 31
30 31
20 23
20 22
25 18
24 18
23 18
27 32
28 32
29 32
30 32
26 32
25 32
20 21
22 19
22 18
19 23
19 22
19 21
19 24
19 25
24 32
20 20
19 20
21 19
20 19
19 19
31 31
31 32
26 33
18 24
25 17
32 31
32 32
18 22
18 21
18 20
18 19
29 33
30 33
31 33
26 34
17 24
25 34
27 34
20 18
19 18
18 18
33 31
33 32
29 34
30 34
31 34
17 21
17 20
17 19
20 17
34 31
34 32
0
Yes
7 13
7 14
8 13
8 14
9 13
0
Yes
47 26
46 26
47 25
47 27
48 26
46 25
46 27
48 25
48 27
45 26
47 24
47 28
49 26
45 25
45 27
46 24
46 28
48 24
48 28
49 25
49 27
45 28
49 24
44 26
47 23
47 29
44 25
44 27
46 23
46 29
48 23
44 24
44 28
45 29
49 23
47 22
48 22
44 29
0
No
0
Yes
22 25
21 25
22 24
22 26
21 26
23 25
23 24
23 26
22 23
23 23
22 27
21 27
23 27
24 25
24 24
24 26
24 23
20 26
21 23
20 23
22 22
21 22
23 22
20 22
25 25
25 24
25 26
25 23
19 23
19 22
19 24
19 25
25 27
22 21
23 21
26 25
26 24
26 26
26 23
26 27
18 24
20 21
19 21
24 21
18 22
18 21
26 28
27 25
27 24
27 26
27 23
27 27
27 28
17 24
23 20
24 20
20 20
19 20
18 20
26 29
27 29
25 29
25 20
25 30
23 19
24 19
25 19
22 19
21 19
20 19
19 19
18 19
28 24
28 23
28 27
28 28
28 29
17 21
17 20
17 19
26 20
22 18
23 18
24 18
25 18
27 30
28 30
16 21
16 20
16 19
20 18
19 18
18 18
0
Yes
30 20
30 19
31 20
31 19
29 19
31 21
30 18
29 18
31 18
32 20
32 19
32 21
32 18
31 22
32 22
30 22
28 18
30 17
29 17
31 17
28 17
32 17
30 23
31 23
32 23
33 20
33 21
33 22
33 23
27 18
27 17
33 18
33 17
30 16
29 16
31 16
28 16
32 16
27 16
30 24
31 24
32 24
33 24
0
Yes
6 25
6 26
6 27
6 28
7 25
7 26
7 27
7 28
8 25
8 26
8 27
8 28
9 25
9 26
9 27
9 28
10 25
10 26
0
No
0
Yes
32 31
32 32
33 31
33 32
34 31
34 32
35 31
35 32
36 31
36 32
0
Yes
19 0
19 1
19 2
20 0
20 1
20 2
21 0
21 1
21 2
22 0
22 1
0
No
0
Yes
7 32
6 32
7 31
6 31
7 33
6 33
8 33
5 32
5 31
5 33
7 30
6 30
7 34
6 34
8 34
5 34
8 30
9 33
9 34
9 32
9 30
4 32
4 31
4 33
4 34
7 29
6 29
8 29
9 29
7 35
6 35
8 35
5 35
9 35
4 35
10 33
10 34
10 35
5 29
10 30
10 31
3 32
3 31
3 33
3 34
3 35
7 36
8 36
9 36
10 36
11 31
11 30
11 33
11 34
11 35
11 36
3 30
5 36
4 36
3 36
2 32
2 31
2 33
2 30
2 34
2 35
2 36
3 29
2 29
12 31
12 32
12 33
12 34
12 35
9 37
10 37
11 37
4 37
3 37
2 37
1 32
1 31
1 33
1 30
1 34
1 29
1 35
1 36
1 37
13 32
13 31
13 33
13 34
13 35
13 30
2 28
1 28
4 38
3 38
2 38
1 38
5 38
6 38
13 29
0 32
0 31
0 33
0 30
0 34
0 29
0 35
0 28
0 36
14 32
14 31
14 33
14 30
14 34
14 29
14 35
0
Yes
43 25
42 25
43 24
42 24
44 25
44 24
42 26
44 26
41 25
41 24
41 26
43 23
42 23
41 23
45 25
45 26
42 27
44 27
45 27
46 25
46 26
46 27
40 24
40 23
40 26
42 22
41 22
40 22
44 28
45 28
46 28
43 28
46 24
40 27
46 23
47 25
47 24
47 26
47 23
47 27
47 28
42 21
41 21
40 21
44 29
45 29
46 29
47 29
40 28
39 22
39 21
40 29
47 22
48 25
48 24
48 26
48 23
48 27
48 22
48 28
41 20
40 20
38 22
38 21
40 30
46 30
49 25
49 24
49 26
49 23
49 27
0
Yes
47 0
47 1
47 2
47 3
47 4
48 0
48 1
48 2
48 3
48 4
49 0
49 1
49 2
49 3
49 4
0
Yes
38 37
37 37
38 36
37 36
38 38
37 38
39 38
36 37
36 36
36 38
38 35
37 35
36 35
37 39
36 39
35 37
35 36
35 38
35 35
35 39
38 34
37 34
36 34
35 34
37 40
36 40
35 40
38 40
39 34
40 34
40 35
40 36
41 35
41 34
34 37
34 36
34 38
34 35
34 39
38 33
37 33
39 33
36 33
40 33
41 33
38 41
37 41
36 41
39 41
40 41
40 40
40 39
41 39
41 40
41 41
42 35
42 34
42 33
42 39
42 40
42 41
42 38
38 32
37 32
39 32
38 42
37 42
36 42
33 36
40 42
41 42
42 42
43 35
43 34
43 33
35 42
41 32
42 32
43 32
43 40
43 41
43 42
38 43
40 43
41 43
42 43
43 43
44 35
44 34
44 33
44 32
34 42
35 43
34 43
44 40
44 39
33 42
33 43
45 35
45 34
45 33
45 32
45 39
35 44
36 44
41 44
42 44
43 44
32 42
32 43
32 41
32 40
32 39
31 39
31 40
31 41
31 42
31 43
43 31
44 31
44 42
44 43
44 44
30 39
30 40
30 41
30 42
30 43
36 45
35 45
37 45
38 45
46 35
46 34
46 33
46 32
33 44
32 44
31 44
30 44
43 30
45 42
45 43
45 44
38 46
37 46
36 46
35 46
39 46
40 46
0
No
0
Yes
31 14
31 15
32 14
32 15
33 14
0
Yes
8 34
7 34
8 33
8 35
9 34
7 33
7 35
9 33
9 35
6 34
8 36
10 34
6 33
6 35
7 32
7 36
9 32
9 36
10 33
10 35
6 32
10 36
5 34
11 34
5 33
5 35
7 31
9 37
11 33
11 35
5 32
5 36
6 31
10 37
11 36
4 34
12 34
4 33
4 35
7 30
8 30
9 30
12 33
12 35
5 31
11 37
4 32
4 36
6 30
10 30
10 31
11 31
12 32
3 34
4 31
4 37
11 30
12 31
12 37
13 34
3 33
3 35
13 33
13 35
3 32
3 36
13 32
13 36
3 31
3 37
13 31
13 37
2 34
14 34
2 33
2 35
14 33
14 35
2 32
2 36
14 32
14 36
3 30
13 30
2 31
2 37
14 31
14 37
1 34
1 33
1 35
15 35
2 30
14 30
1 32
1 36
15 32
15 36
1 31
1 37
15 37
0 34
0 33
0 35
1 30
15 30
0 32
0 36
0 31
0
Yes
3 38
3 39
4 38
4 39
5 38
5 39
6 38
6 39
0
No
0
No
0
No
0
Yes
32 5
31 5
33 5
31 6
33 4
33 6
34 5
34 6
31 7
33 3
32 3
31 3
33 7
32 2
31 2
35 5
35 6
30 2
36 5
31 1
30 1
29 2
29 1
28 2
28 1
28 3
28 4
28 5
29 5
28 6
28 7
37 5
27 4
27 3
27 2
27 1
27 6
31 0
30 0
29 0
28 0
32 0
33 0
37 4
37 6
38 4
26 3
26 2
26 1
39 4
25 3
25 2
25 1
25 4
25 5
25 6
39 3
39 2
38 2
37 2
36 2
36 1
35 1
34 1
24 5
24 4
24 6
24 3
24 2
24 1
40 4
24 7
40 2
25 0
24 0
40 1
23 5
23 7
40 0
39 0
23 2
23 1
23 0
23 8
41 2
41 1
41 0
23 9
24 9
24 10
23 10
24 11
23 11
25 11
26 11
26 10
27 10
27 11
27 9
26 9
28 11
29 11
30 11
30 12
29 12
28 12
27 12
27 13
27 14
28 14
29 14
22 2
29 15
28 15
27 15
30 15
42 2
42 1
42 0
42 3
42 4
43 4
43 3
43 2
43 1
43 0
43 5
43 6
43 7
44 5
44 6
44 7
44 2
44 1
44 0
45 1
45 0
46 0
0
No
0
No
0
Yes
47 48
47 49
48 48
48 49
49 48
49 49
0
Yes
7 33
7 34
8 33
8 34
6 33
6 34
7 32
7 35
8 35
9 33
9 34
6 32
6 35
9 32
9 35
5 33
5 34
7 31
7 36
8 36
10 33
10 34
5 32
5 35
6 31
9 36
10 35
4 33
4 34
5 31
5 36
7 30
8 30
10 36
11 33
11 34
4 32
4 35
6 30
9 30
9 37
11 35
4 31
4 36
10 30
10 31
10 37
11 31
11 36
3 33
3 34
7 29
8 29
12 33
12 34
3 32
3 35
6 29
9 29
12 32
12 35
4 37
11 30
11 37
3 31
3 36
5 29
12 31
2 33
2 34
13 33
13 34
2 32
2 35
3 30
3 37
12 37
13 32
13 35
2 31
2 36
13 31
13 36
3 29
1 33
1 34
2 30
2 37
13 30
13 37
14 33
14 34
1 32
1 35
14 32
14 35
1 31
1 36
14 31
14 36
2 29
13 29
1 30
1 37
14 30
14 37
0 33
0 34
0 32
0 35
0 31
0 36
1 29
14 29
0 30
0
Yes
41 32
41 33
41 34
41 35
42 32
42 33
42 34
42 35
43 32
43 33
43 34
43 35
44 32
44 33
44 34
44 35
45 32
45 33
45 34
45 35
46 32
46 33
46 34
46 35
0
Yes
30 39
30 40
30 41
30 42
30 43
30 44
31 39
31 40
31 41
31 42
31 43
31 44
32 39
32 40
32 41
32 42
32 43
32 44
0
No
0
Yes
43 10
42 10
43 9
42 9
44 10
44 9
44 11
41 10
41 9
43 8
42 8
44 8
41 8
45 10
45 9
45 8
41 11
41 12
40 10
40 9
40 11
40 8
40 12
46 10
46 9
46 8
46 11
41 7
40 7
46 12
39 10
39 9
39 11
39 8
39 12
39 7
47 10
47 9
47 11
47 8
47 12
40 13
39 13
46 7
47 7
46 13
47 13
38 10
38 9
38 11
38 8
38 12
38 13
40 6
39 6
40 14
39 14
38 14
48 10
48 9
48 11
48 8
48 12
48 7
48 13
47 14
48 14
40 15
39 15
38 15
41 15
42 15
42 14
42 13
43 13
43 14
43 15
43 12
44 13
44 15
37 10
37 9
37 11
37 8
37 12
43 16
42 16
44 16
49 10
49 9
49 11
49 8
49 12
49 7
49 13
49 14
45 16
47 15
48 6
49 6
40 16
39 16
46 16
47 16
36 9
36 8
44 17
45 17
46 17
47 17
48 5
49 5
36 12
40 17
39 17
49 15
0
No
0
Yes
22 12
22 13
22 14
22 15
22 16
23 12
23 13
23 14
23 15
23 16
24 12
24 13
24 14
24 15
24 16
25 12
25 13
25 14
25 15
25 16
26 12
26 13
26 14
0
No
0
Yes
29 28
28 28
29 27
28 27
29 29
28 29
30 28
30 27
30 29
27 28
27 27
27 29
29 26
29 30
28 30
30 30
27 30
31 28
31 27
31 29
31 30
27 26
31 26
26 28
26 27
26 29
26 26
29 31
28 31
30 31
27 31
31 31
32 28
32 27
32 29
32 26
32 30
32 31
27 25
26 25
29 32
28 32
30 32
27 32
31 32
32 32
33 28
33 27
33 29
33 26
33 30
33 31
33 32
25 27
25 26
25 25
25 29
32 25
33 25
25 30
27 24
26 24
25 24
28 24
26 32
29 33
30 33
31 33
32 24
33 24
31 24
30 24
34 28
34 27
34 29
34 26
34 30
34 25
34 31
34 24
34 32
28 23
27 23
26 23
25 23
30 23
31 23
32 23
33 23
24 26
24 25
24 24
24 23
25 32
26 33
29 34
30 34
31 34
35 28
35 27
35 29
35 26
35 30
35 31
35 32
30 22
31 22
32 22
33 22
0
Yes
28 46
28 47
28 48
28 49
29 46
29 47
29 48
29 49
30 46
30 47
30 48
30 49
0
Yes
38 12
38 13
38 14
38 15
39 12
39 13
39 14
39 15
40 12
40 13
40 14
40 15
41 12
0
No
0
Yes
36 39
35 39
36 38
35 38
36 40
35 40
37 39
37 38
37 40
34 39
34 38
36 37
35 37
37 37
34 37
36 41
37 41
38 38
38 37
38 40
38 41
36 36
35 36
37 36
34 36
38 36
36 42
37 42
38 42
35 42
39 38
34 42
39 41
36 35
35 35
37 35
34 35
38 35
35 43
34 43
33 36
33 42
33 43
38 43
40 41
40 40
40 39
32 42
32 43
32 41
32 40
32 39
31 39
31 40
31 41
31 42
31 43
36 34
35 34
37 34
38 34
40 42
41 39
41 40
41 41
41 42
35 44
36 44
40 43
41 43
33 44
32 44
31 44
39 34
30 39
30 40
30 41
30 42
30 43
30 44
36 33
37 33
38 33
39 33
36 45
35 45
42 39
42 40
42 41
42 42
42 43
37 45
42 38
38 45
40 34
40 33
40 35
40 36
33 45
36 32
37 32
38 32
39 32
36 46
35 46
37 46
38 46
29 40
29 41
41 44
42 44
43 40
43 41
43 42
43 43
43 44
34 46
33 46
0
Yes
31 47
31 48
31 49
32 47
32 48
32 49
33 47
33 48
33 49
34 47
34 48
34 49
0
No
0
Yes
3 38
3 39
4 38
4 39
5 38
5 39
6 38
6 39
0
Yes
14 17
13 17
14 16
13 16
15 17
15 16
13 18
15 18
12 17
12 16
14 15
13 15
15 15
12 15
16 17
16 16
16 18
16 15
13 19
15 19
16 19
11 17
14 14
15 14
16 14
13 20
14 20
15 20
16 20
17 16
17 15
17 14
11 15
12 14
11 14
12 20
17 19
17 20
10 17
14 13
14 21
13 21
15 21
12 21
16 21
17 21
10 18
18 16
18 15
18 14
11 20
11 21
11 19
10 15
16 13
17 13
18 13
18 19
18 20
18 21
18 18
14 22
15 22
19 16
19 15
19 14
19 13
19 18
19 19
19 20
19 21
10 21
11 22
10 22
14 23
15 23
20 16
20 15
20 14
20 13
20 17
20 18
20 19
20 20
20 21
9 21
9 22
18 12
19 12
20 12
18 22
19 22
20 22
14 24
13 24
21 16
21 15
21 14
21 13
21 12
10 23
9 23
18 11
19 11
20 11
21 11
17 11
12 24
21 19
17 10
18 10
19 10
20 10
21 10
16 10
15 10
14 10
14 11
13 11
13 10
19 23
20 23
14 9
15 9
16 9
17 9
18 9
14 25
13 25
12 25
15 25
16 25
22 19
0
No
0
Yes
46 10
46 11
46 12
46 13
47 10
47 11
47 12
47 13
48 10
48 11
48 12
48 13
49 10
49 11
49 12
49 13
0
Yes
30 17
29 17
30 16
30 18
31 17
29 16
29 18
31 16
31 18
28 17
30 15
30 19
32 17
28 16
28 18
29 15
29 19
31 15
31 19
32 16
32 18
28 15
32 15
32 19
27 17
27 16
27 18
29 14
31 14
27 15
28 14
32 14
0
Yes
37 6
37 5
36 5
37 4
35 5
35 6
38 4
39 4
34 6
34 5
39 3
40 4
33 6
33 5
33 7
33 4
39 2
38 2
37 2
36 2
33 3
40 2
32 5
36 1
35 1
41 2
32 3
34 1
40 1
41 1
31 5
31 6
31 7
32 2
42 2
42 1
42 3
42 4
43 4
43 3
43 2
43 1
43 5
43 6
43 7
43 8
42 8
41 8
40 8
39 8
38 8
37 8
36 8
39 7
40 7
41 7
39 6
40 6
35 8
37 9
36 9
38 9
35 9
39 9
40 9
41 9
42 9
43 9
34 8
34 9
37 10
38 10
39 10
40 10
41 10
42 10
43 10
35 10
34 10
37 11
38 11
39 11
40 11
41 11
35 11
37 12
38 12
39 12
40 12
41 12
36 12
31 3
31 2
40 0
41 0
42 0
43 0
39 0
44 6
44 5
44 7
44 8
44 9
44 10
38 13
39 13
40 13
31 1
30 2
30 1
38 14
39 14
40 14
44 2
44 1
44 0
45 8
45 9
45 10
31 0
30 0
32 0
33 0
44 11
29 2
29 1
29 0
38 15
39 15
40 15
46 8
46 9
46 7
45 1
45 0
28 2
28 1
28 0
28 3
0
No
0
No
0
No
0
Yes
30 17
30 18
29 17
29 18
31 17
31 18
30 16
30 19
29 16
29 19
31 16
31 19
28 17
28 18
32 17
32 18
28 16
30 15
30 20
32 16
32 19
29 15
31 15
31 20
27 17
27 18
28 15
32 15
32 20
27 16
29 14
31 14
27 15
28 14
32 14
27 14
0
Yes
19 0
19 1
19 2
20 0
20 1
20 2
21 0
21 1
21 2
22 0
22 1
22 2
23 0
23 1
23 2
24 0
24 1
24 2
25 0
25 1
25 2
0
No
0
No
0
No
0
No
0
Yes
0 7
0 8
0 9
0 10
1 7
1 8
1 9
1 10
2 7
2 8
2 9
2 10
3 7
3 8
0
Yes
47 7
47 8
47 9
48 7
48 8
48 9
49 7
49 8
49 9
0
No
0
Yes
27 27
27 28
27 29
27 30
27 31
27 32
28 27
28 28
28 29
28 30
28 31
28 32
29 27
29 28
29 29
29 30
29 31
29 32
30 27
30 28
30 29
30 30
30 31
30 32
31 27
31 28
31 29
31 30
31 31
31 32
32 27
32 28
32 29
32 30
32 31
32 32
33 27
33 28
33 29
33 30
33 31
33 32
34 27
34 28
34 29
34 30
34 31
34 32
35 27
35 28
35 29
35 30
35 31
0
No
0
No
0
Yes
0 31
0 32
0 33
0 34
0 35
0 36
1 31
1 32
1 33
1 34
1 35
1 36
2 31
2 32
2 33
2 34
2 35
2 36
3 31
3 32
3 33
3 34
3 35
3 36
4 31
4 32
4 33
4 34
4 35
4 36
5 31
5 32
5 33
5 34
5 35
5 36
6 31
6 32
6 33
6 34
0
No
0
Yes
6 0
6 1
6 2
6 3
7 0
7 1
7 2
7 3
8 0
8 1
8 2
8 3
9 0
9 1
9 2
9 3
10 0
10 1
10 2
10 3
0
Yes
36 39
35 39
36 38
35 38
36 40
35 40
37 39
37 38
37 40
34 39
34 38
36 37
35 37
37 37
34 37
36 41
37 41
38 38
38 37
38 40
38 41
36 36
35 36
37 36
34 36
38 36
36 42
37 42
38 42
35 42
39 38
34 42
39 41
36 35
35 35
37 35
34 35
38 35
35 43
34 43
33 36
33 42
33 43
38 43
40 41
40 40
40 39
32 42
32 43
32 41
32 40
32 39
31 39
31 40
31 41
31 42
31 43
36 34
35 34
37 34
38 34
40 42
41 39
41 40
41 41
41 42
35 44
36 44
40 43
41 43
33 44
32 44
31 44
39 34
30 39
30 40
30 41
30 42
30 43
30 44
36 33
37 33
38 33
39 33
36 45
35 45
42 39
42 40
42 41
42 42
42 43
37 45
42 38
38 45
40 34
40 33
40 35
40 36
33 45
36 32
37 32
38 32
39 32
36 46
35 46
37 46
38 46
29 40
29 41
35 32
41 44
42 44
43 40
43 41
43 42
43 43
43 44
34 46
33 46
39 46
36 31
36 47
35 47
28 40
28 41
29 43
32 46
40 46
40 45
44 40
0
Yes
22 14
23 14
22 13
22 15
23 13
23 15
21 14
24 14
21 13
21 15
24 13
24 15
22 12
22 16
23 12
23 16
20 14
21 12
21 16
24 12
24 16
25 14
20 13
20 15
25 13
25 15
23 11
20 12
20 16
25 12
25 16
21 11
24 11
19 14
26 14
19 13
19 15
26 13
20 11
25 11
19 12
19 16
26 12
18 14
18 13
18 15
19 11
26 11
18 12
18 16
18 11
0
Yes
39 11
38 11
39 10
38 10
39 12
38 12
40 11
40 10
40 12
37 11
37 10
37 12
39 9
38 9
40 9
37 9
39 13
38 13
40 13
41 11
41 10
41 12
41 9
39 8
38 8
40 8
37 8
41 8
39 14
38 14
40 14
36 12
42 10
42 9
42 8
36 9
36 8
39 7
40 7
41 7
39 15
38 15
40 15
43 10
43 9
43 8
35 9
35 8
35 10
35 11
41 15
39 6
40 6
39 16
40 16
42 15
42 14
42 13
43 13
43 14
43 15
43 12
34 10
34 9
34 8
44 10
44 9
44 8
44 11
44 13
43 7
44 7
42 16
43 16
39 17
40 17
38 17
45 10
45 9
45 8
43 6
44 6
44 15
44 16
39 18
38 18
43 5
44 5
46 9
46 8
44 17
45 16
45 17
38 19
43 4
42 4
46 7
37 19
42 3
43 3
44 18
45 18
46 16
46 17
44 19
45 19
43 19
42 19
41 19
41 18
41 20
40 20
47 16
47 17
47 15
47 14
42 2
0
Yes
22 46
22 47
22 48
22 49
23 46
23 47
23 48
23 49
24 46
24 47
24 48
24 49
25 46
25 47
25 48
25 49
0
No
0
Yes
13 29
13 28
13 30
14 29
14 28
14 30
12 28
13 27
12 27
14 27
13 31
14 31
15 29
15 28
15 30
15 27
11 28
12 31
11 31
11 30
13 26
14 26
15 26
13 32
12 32
14 32
10 30
10 31
16 28
16 27
16 26
15 32
13 25
14 25
15 25
16 25
13 33
12 33
14 33
9 30
9 29
12 25
17 28
17 27
11 33
8 29
8 30
10 33
13 24
12 24
14 24
13 34
12 34
14 34
11 34
10 34
9 33
9 34
9 32
7 29
7 30
13 35
12 35
14 35
11 35
10 35
9 35
14 23
7 31
15 23
15 35
8 33
8 34
8 35
7 32
7 33
7 34
7 35
16 35
6 29
6 30
13 36
14 36
15 36
16 36
14 22
15 22
17 35
17 34
17 33
18 34
11 36
10 36
9 36
8 36
7 36
19 34
5 29
0
Yes
29 33
29 34
30 33
30 34
31 33
31 34
0
No
0
Yes
20 12
20 13
20 14
20 15
20 16
21 12
21 13
21 14
21 15
21 16
22 12
22 13
22 14
22 15
22 16
23 12
23 13
23 14
23 15
23 16
24 12
24 13
24 14
24 15
24 16
25 12
25 13
25 14
25 15
25 16
0
No
0
No
0
No
0
Yes
23 23
23 24
23 25
23 26
24 23
24 24
24 25
24 26
25 23
25 24
25 25
25 26
26 23
26 24
26 25
26 26
27 23
27 24
27 25
27 26
0
Yes
27 27
27 28
27 29
27 30
27 31
27 32
28 27
28 28
28 29
28 30
28 31
28 32
29 27
29 28
29 29
29 30
29 31
29 32
30 27
30 28
30 29
30 30
30 31
30 32
31 27
31 28
31 29
31 30
31 31
31 32
32 27
32 28
32 29
32 30
32 31
32 32
33 27
33 28
33 29
33 30
33 31
33 32
34 27
34 28
34 29
34 30
34 31
34 32
35 27
35 28
35 29
35 30
35 31
0
No
0
Yes
20 16
19 16
20 15
19 15
20 17
21 16
21 15
18 16
18 15
20 14
19 14
21 14
18 14
20 18
22 16
22 15
22 14
19 18
18 18
17 16
17 15
17 14
20 13
19 13
21 13
18 13
22 13
17 13
20 19
19 19
18 19
23 16
23 15
23 14
23 13
21 19
22 19
22 18
23 18
23 19
16 16
16 15
16 14
16 13
20 12
19 12
21 12
18 12
22 12
23 12
20 20
19 20
18 20
24 16
24 15
24 14
24 13
24 12
16 17
17 19
17 20
16 18
16 19
16 20
24 18
24 19
15 16
15 15
15 17
15 14
15 18
15 19
15 20
20 11
19 11
21 11
18 11
20 21
19 21
18 21
17 21
16 21
15 21
23 20
24 20
25 16
25 15
25 14
25 13
25 12
25 17
25 18
25 19
25 20
17 11
23 11
24 11
25 11
23 21
24 21
22 21
14 16
14 15
14 17
14 14
20 10
19 10
21 10
18 10
17 10
20 22
19 22
18 22
21 22
22 22
23 22
26 14
26 13
26 12
26 11
14 13
23 10
24 10
0
Yes
47 27
46 27
47 26
47 28
48 27
46 26
46 28
48 26
48 28
45 27
47 25
47 29
49 27
45 26
45 28
46 25
46 29
48 25
49 26
45 25
45 29
49 25
44 27
47 24
44 26
44 28
46 24
46 30
48 24
44 25
44 29
49 24
47 23
46 23
48 23
44 24
49 23
0
No
0
No
0
No
0
Yes
5 18
5 19
6 18
6 19
0
Yes
41 32
41 33
41 34
41 35
42 32
42 33
42 34
42 35
43 32
43 33
43 34
43 35
44 32
44 33
44 34
44 35
45 32
45 33
45 34
0
No
0
Yes
20 16
19 16
20 15
19 15
20 17
21 16
21 15
18 16
18 15
20 14
19 14
21 14
18 14
20 18
22 16
22 15
22 14
19 18
18 18
17 16
17 15
17 14
20 13
19 13
21 13
18 13
22 13
17 13
20 19
19 19
18 19
23 16
23 15
23 14
23 13
21 19
22 19
22 18
23 18
23 19
16 16
16 15
16 14
16 13
20 12
19 12
21 12
18 12
22 12
23 12
20 20
19 20
18 20
24 16
24 15
24 14
24 13
24 12
16 17
17 19
17 20
16 18
16 19
16 20
24 18
24 19
15 16
15 15
15 17
15 14
15 18
15 19
15 20
20 11
19 11
21 11
18 11
20 21
19 21
18 21
17 21
16 21
15 21
23 20
24 20
25 16
25 15
25 14
25 13
25 12
25 17
25 18
25 19
25 20
17 11
23 11
24 11
25 11
23 21
24 21
22 21
14 16
14 15
14 17
14 14
20 10
19 10
21 10
18 10
17 10
20 22
19 22
18 22
21 22
22 22
23 22
26 14
26 13
26 12
26 11
14 13
23 10
24 10
13 16
13 15
13 17
20 9
20 23
19 23
21 23
22 23
23 23
14 20
14 21
16 10
26 20
13 18
18 9
17 9
16 9
13 19
13 20
13 21
23 9
24 9
27 13
27 12
27 11
0
Yes
30 2
29 2
30 1
29 1
31 2
31 1
31 3
28 2
28 1
30 0
29 0
31 0
28 0
32 2
32 3
28 3
28 4
32 0
27 2
27 1
27 3
27 4
33 3
28 5
29 5
33 0
33 4
26 2
26 1
26 3
33 5
32 5
31 5
31 6
28 6
25 2
25 1
25 3
27 6
33 6
34 5
34 6
31 7
25 0
25 4
28 7
25 5
33 7
35 5
35 6
24 2
24 1
24 3
24 0
24 4
24 5
25 6
24 6
36 5
23 2
23 1
23 0
23 5
37 5
37 4
24 7
22 2
22 1
22 0
37 6
38 4
23 7
21 2
21 1
21 0
23 8
39 4
39 3
39 2
38 2
37 2
36 2
36 1
35 1
34 1
20 2
20 1
20 0
40 2
40 1
40 0
39 0
40 4
19 2
19 1
19 0
41 2
41 1
41 0
18 1
18 0
42 1
42 0
17 1
17 0
17 2
17 3
43 1
43 0
43 2
17 4
18 4
19 4
19 5
18 5
17 5
20 5
21 5
21 4
21 6
20 6
19 6
18 6
17 6
21 7
20 7
18 7
17 7
16 2
16 1
16 0
44 2
44 1
44 0
15 1
15 0
45 1
45 0
14 1
46 0
47 0
47 1
47 2
46 2
0
Yes
0 27
0 28
0 29
0 30
1 27
1 28
1 29
1 30
2 27
2 28
2 29
2 30
3 27
0
Yes
8 5
8 6
9 5
9 6
7 6
9 4
8 7
7 7
9 7
10 5
10 4
10 6
10 7
6 6
9 3
10 3
8 3
7 3
6 3
8 2
7 2
9 2
6 2
10 2
8 8
9 8
10 8
11 5
11 6
11 7
11 8
5 3
5 2
5 4
8 1
7 1
9 1
6 1
10 1
5 1
12 5
12 6
12 7
12 8
9 9
10 9
11 9
12 9
4 2
4 1
8 0
7 0
9 0
6 0
10 0
5 0
4 0
11 1
11 0
9 10
10 10
11 10
8 10
13 6
13 7
13 8
13 9
12 1
12 0
3 2
3 1
3 0
8 11
9 11
7 11
14 6
14 7
14 8
14 9
14 5
14 4
13 4
13 3
12 3
6 11
6 10
2 2
2 3
2 4
3 4
3 5
2 5
4 5
4 6
3 6
2 6
1 5
1 4
1 6
1 3
1 2
8 12
9 12
15 5
15 4
15 6
13 10
14 10
10 12
11 12
15 8
15 9
15 10
2 0
13 11
14 11
0 5
0 4
0 6
0 3
0 2
8 13
9 13
7 13
12 12
1 0
8 14
7 14
6 14
0
No
0
Yes
13 33
12 33
13 32
12 32
13 34
12 34
14 33
14 32
14 34
11 33
11 34
13 31
12 31
14 31
13 35
12 35
14 35
11 35
15 32
11 31
15 35
10 33
10 34
10 35
13 30
14 30
13 36
14 36
15 36
10 31
11 30
10 30
11 36
10 36
15 30
16 35
16 36
9 33
9 34
9 35
9 36
13 29
14 29
15 29
13 37
14 37
15 37
16 37
9 32
12 37
11 37
10 37
9 37
17 35
17 34
17 33
8 33
8 34
8 35
8 36
9 30
13 28
14 28
15 28
13 38
12 38
14 38
11 38
15 38
12 28
18 34
11 28
9 29
8 30
8 29
16 28
7 33
7 34
7 35
7 36
13 27
12 27
14 27
15 27
16 27
13 39
12 39
14 39
7 32
19 34
7 31
7 30
7 29
17 28
17 27
13 26
14 26
15 26
16 26
13 40
14 40
6 35
6 30
6 29
13 25
14 25
15 25
16 25
12 25
14 41
5 29
13 24
12 24
14 24
14 42
13 42
12 42
15 42
0
Yes
44 28
43 28
44 27
44 29
45 28
45 27
45 29
44 26
45 26
46 28
46 27
46 29
46 26
46 30
44 25
45 25
46 25
47 28
47 27
47 29
47 26
47 25
43 25
42 25
42 26
42 27
41 26
41 25
46 31
44 24
43 24
42 24
41 24
48 28
48 27
48 26
48 25
40 26
40 27
40 28
40 29
40 30
46 24
47 24
48 24
46 32
43 23
42 23
41 23
49 27
49 26
49 25
49 24
46 23
47 23
48 23
49 23
46 33
40 24
40 23
47 33
42 22
41 22
40 22
46 34
47 22
48 22
49 22
42 21
41 21
40 21
46 35
45 35
47 35
39 22
39 21
38 22
38 21
0
Yes
35 9
34 9
35 8
34 8
35 10
34 10
36 9
36 8
35 11
37 9
37 8
37 10
37 11
38 9
38 8
38 10
38 11
37 12
38 12
36 12
39 9
39 8
39 10
39 11
39 12
39 7
38 13
39 13
39 6
40 9
40 8
40 10
40 7
40 11
40 6
40 12
40 13
38 14
39 14
40 14
41 9
41 8
41 10
41 7
41 11
41 12
38 15
39 15
40 15
42 9
42 8
42 10
43 9
43 8
43 10
39 16
40 16
0
Yes
28 11
28 12
29 11
29 12
30 11
30 12
0
No
0
No
0
Yes
38 8
37 8
38 9
37 9
39 8
39 9
39 7
36 8
36 9
38 10
37 10
39 10
40 8
40 7
40 9
40 10
39 6
40 6
35 8
35 9
38 11
37 11
39 11
40 11
41 8
41 7
41 9
41 10
41 11
35 10
34 8
34 9
34 10
38 12
37 12
39 12
40 12
41 12
42 8
42 9
42 10
35 11
36 12
38 13
39 13
40 13
43 8
43 9
43 10
43 7
43 6
43 5
38 14
39 14
40 14
44 8
44 7
44 9
44 6
44 10
44 5
43 4
42 4
42 3
43 3
44 11
38 15
39 15
40 15
45 8
45 9
45 10
42 2
43 2
41 2
40 2
39 2
39 3
39 4
38 4
37 4
37 5
37 6
36 5
35 5
35 6
34 6
34 5
40 4
33 6
33 5
33 7
38 2
37 2
36 2
33 4
32 5
33 3
36 1
40 1
41 1
42 1
43 1
31 5
31 6
31 7
35 1
41 15
32 3
46 8
46 9
34 1
39 16
40 16
42 15
42 14
42 13
43 13
43 14
43 15
43 12
44 13
46 7
40 0
41 0
42 0
43 0
39 0
32 2
44 2
44 1
44 0
31 3
31 2
42 16
43 16
47 8
47 7
47 9
0
Yes
31 22
30 22
31 21
31 23
30 23
32 22
32 21
32 23
31 20
32 20
31 24
30 24
32 24
33 22
33 21
33 23
33 20
33 24
30 20
31 19
30 19
32 19
32 25
33 25
29 19
34 20
34 24
34 25
31 18
30 18
32 18
29 18
32 26
33 26
34 26
31 26
33 18
28 18
31 17
30 17
32 17
29 17
33 17
28 17
27 18
27 17
35 26
31 16
30 16
32 16
29 16
28 16
27 16
36 26
31 15
30 15
32 15
29 15
28 15
27 15
36 27
36 28
37 27
37 28
31 14
32 14
29 14
28 14
27 14
33 14
34 14
0
No
0
No
0
Yes
21 1
20 1
21 0
20 0
21 2
20 2
22 1
22 0
22 2
19 1
19 0
19 2
23 1
23 0
23 2
18 1
18 0
24 1
24 0
24 2
24 3
17 1
17 0
25 1
25 0
25 2
25 3
17 2
24 4
25 4
17 3
16 1
16 0
16 2
17 4
18 4
19 4
19 5
18 5
17 5
20 5
21 5
21 4
21 6
20 6
19 6
18 6
17 6
24 5
25 5
23 5
26 1
26 2
26 3
24 6
25 6
15 1
15 0
21 7
20 7
27 1
27 2
27 3
18 7
17 7
0
No
0
Yes
3 35
2 35
3 34
3 36
4 35
2 34
2 36
4 34
4 36
1 35
3 33
3 37
5 35
1 34
1 36
2 33
2 37
4 33
4 37
5 34
5 36
1 33
1 37
5 33
0 35
3 32
3 38
0 34
0 36
2 32
2 38
4 32
4 38
0 33
1 32
1 38
5 32
5 38
3 31
2 31
4 31
0 32
1 31
5 31
0
Yes
44 19
44 20
45 19
45 20
46 19
46 20
47 19
0
No
0
Yes
5 0
5 1
5 2
5 3
6 0
6 1
6 2
6 3
7 0
7 1
7 2
7 3
8 0
8 1
8 2
8 3
9 0
9 1
9 2
9 3
10 0
10 1
10 2
10 3
0
No
0
Yes
27 27
27 28
27 29
27 30
27 31
27 32
28 27
28 28
28 29
28 30
28 31
28 32
29 27
29 28
29 29
29 30
29 31
29 32
30 27
30 28
30 29
30 30
30 31
30 32
31 27
31 28
31 29
31 30
31 31
31 32
32 27
32 28
32 29
32 30
32 31
32 32
33 27
33 28
33 29
33 30
33 31
33 32
34 27
34 28
34 29
34 30
34 31
34 32
35 27
35 28
35 29
35 30
35 31
0
No
0
No
0
Yes
10 35
11 35
10 34
10 36
11 34
11 36
9 35
12 35
9 34
9 36
12 34
10 33
10 37
11 33
11 37
8 35
9 33
9 37
12 33
12 37
13 35
8 34
8 36
13 34
13 36
11 38
8 33
13 33
13 37
9 32
12 32
12 38
7 35
14 35
7 34
7 36
14 34
14 36
13 32
13 38
7 33
14 33
14 37
12 31
11 31
10 31
6 35
6 34
7 32
14 32
14 38
13 31
6 33
7 31
14 31
6 32
6 31
0
Yes
25 23
25 24
25 25
25 26
26 23
26 24
26 25
26 26
27 23
27 24
27 25
27 26
28 23
28 24
0
Yes
47 26
47 27
46 26
46 27
48 26
48 27
47 25
47 28
46 25
46 28
48 25
48 28
45 26
45 27
49 26
49 27
45 25
45 28
47 24
47 29
49 25
46 24
46 29
48 24
44 26
44 27
45 29
49 24
44 25
44 28
47 23
46 23
48 23
44 24
44 29
49 23
0
Yes
11 8
10 8
11 7
10 7
11 9
10 9
12 8
12 7
12 9
9 8
9 7
9 9
11 6
10 6
12 6
9 6
11 10
10 10
9 10
13 8
13 7
13 9
13 6
13 10
8 8
8 7
8 6
11 5
10 5
12 5
9 5
8 5
14 8
14 7
14 9
14 6
14 10
8 10
9 11
8 11
13 11
14 11
15 8
15 9
15 10
7 7
7 6
10 4
9 4
0
Yes
0 2
0 3
0 4
0 5
0 6
1 2
1 3
1 4
1 5
1 6
2 2
2 3
2 4
2 5
2 6
0
No
0
Yes
3 36
2 36
3 35
2 35
3 37
2 37
4 36
4 35
4 37
1 36
1 35
1 37
3 34
2 34
4 34
1 34
3 38
2 38
4 38
1 38
5 36
5 35
5 34
5 38
0 36
0 35
0 34
3 33
2 33
4 33
1 33
5 33
0 33
3 39
4 39
5 39
6 38
6 39
3 32
2 32
4 32
1 32
5 32
0 32
3 31
2 31
4 31
1 31
5 31
0 31
6 40
6 41
5 41
3 30
2 30
1 30
0 30
5 42
6 42
4 42
3 42
3 41
2 41
2 42
2 40
1 41
1 42
0 41
0 42
0 40
3 29
2 29
1 29
0
Yes
38 17
38 18
39 17
39 18
40 17
0
Yes
6 25
6 26
6 27
6 28
6 29
6 30
7 25
7 26
7 27
7 28
7 29
7 30
8 25
8 26
8 27
8 28
8 29
8 30
9 25
9 26
9 27
9 28
9 29
9 30
10 25
0
No
0
Yes
24 3
24 2
24 4
25 3
25 2
25 4
23 2
24 1
23 1
25 1
24 5
25 5
26 3
26 2
26 1
22 2
22 1
23 5
24 0
23 0
25 0
22 0
24 6
25 6
27 3
27 2
27 1
21 2
21 1
21 0
27 4
24 7
28 3
28 2
28 4
28 1
20 2
20 1
20 0
23 7
28 5
28 0
28 6
27 6
19 2
19 1
19 0
23 8
29 2
29 1
29 0
29 5
28 7
30 2
30 1
30 0
18 1
18 0
17 1
17 0
17 2
17 3
17 4
18 4
19 4
19 5
18 5
17 5
20 5
21 5
21 4
21 6
20 6
19 6
18 6
17 6
21 7
20 7
18 7
17 7
31 1
31 0
16 2
16 1
16 0
32 0
15 1
15 0
33 0
0
Yes
39 38
38 38
38 37
38 36
37 37
37 38
37 36
37 39
38 35
36 37
36 38
37 35
37 40
38 40
36 36
36 39
38 34
39 34
38 41
39 41
40 34
40 35
40 36
41 35
40 41
40 40
40 39
41 39
41 40
42 39
42 38
36 35
36 40
42 35
42 40
35 37
35 38
37 34
37 41
41 34
41 41
35 36
35 39
39 33
36 34
36 41
38 33
38 42
40 33
40 42
42 34
42 41
35 35
35 40
37 33
37 42
41 33
41 42
35 34
36 33
36 42
42 33
42 42
39 32
38 32
37 32
41 32
35 42
36 32
42 32
35 32
0
No
0
Yes
20 12
20 13
20 14
20 15
20 16
21 12
21 13
21 14
21 15
21 16
22 12
22 13
22 14
22 15
22 16
23 12
23 13
23 14
23 15
23 16
24 12
24 13
24 14
24 15
24 16
25 12
25 13
25 14
25 15
0
Yes
5 0
5 1
5 2
5 3
6 0
6 1
6 2
6 3
7 0
7 1
7 2
7 3
8 0
8 1
8 2
8 3
9 0
9 1
9 2
9 3
10 0
10 1
10 2
10 3
11 0
11 1
0
Yes
24 25
25 25
24 24
24 26
25 24
25 26
23 25
26 25
23 24
23 26
26 24
26 26
24 23
25 23
25 27
22 25
23 23
23 27
26 23
26 27
27 25
22 24
22 26
27 24
27 26
22 23
22 27
27 23
23 22
21 25
21 26
22 22
21 23
21 27
21 22
0
No
0
No
0
Yes
16 17
16 18
16 16
17 16
16 19
17 19
18 16
18 19
18 18
15 17
15 18
19 18
15 16
15 19
17 15
17 20
19 16
19 19
16 15
16 20
18 15
18 20
14 17
15 15
15 20
19 15
19 20
14 16
17 14
17 21
16 14
16 21
18 14
18 21
14 15
14 20
15 14
15 21
19 14
19 21
17 13
14 14
14 21
16 13
18 13
19 13
0
Yes
31 48
32 48
31 47
31 49
32 47
32 49
30 48
33 48
30 47
30 49
33 47
33 49
32 46
29 48
30 46
33 46
34 48
29 47
29 49
34 47
34 49
29 46
34 46
28 48
35 48
28 47
28 49
35 47
35 49
28 46
0
No
0
No
0
No
0
Yes
16 15
15 15
16 14
15 14
16 16
15 16
17 15
17 14
17 16
14 15
14 14
14 16
16 13
17 13
16 17
15 17
14 17
18 15
18 14
18 16
18 13
14 13
13 15
13 16
13 17
16 18
15 18
19 15
19 14
19 16
19 13
18 12
19 12
12 15
12 16
12 17
16 19
15 19
20 15
20 14
20 16
20 13
20 12
12 14
17 19
13 18
18 11
19 11
20 11
17 11
18 19
18 18
19 18
19 19
20 17
20 18
20 19
11 15
11 14
13 19
16 20
15 20
17 20
18 20
19 20
20 20
21 15
21 14
21 16
21 13
21 12
21 11
17 10
18 10
19 10
20 10
21 10
16 10
15 10
11 17
14 10
14 11
13 11
13 10
14 20
13 20
10 15
16 9
15 9
17 9
14 9
18 9
13 9
16 21
15 21
17 21
14 21
18 21
13 21
19 21
20 21
22 15
22 14
22 16
22 13
22 12
10 17
12 20
12 21
21 19
10 18
23 15
23 14
23 16
23 13
23 12
11 20
11 21
0
Yes
10 5
9 5
10 4
10 6
11 5
9 4
9 6
11 6
8 5
10 3
10 7
12 5
8 6
9 3
9 7
11 7
12 6
8 3
8 7
12 7
10 2
10 8
7 6
9 2
9 8
11 8
7 3
7 7
8 2
8 8
12 8
10 1
10 9
9 1
9 9
11 1
11 9
7 2
8 1
12 1
12 9
7 1
10 0
9 0
11 0
8 0
12 0
7 0
0
Yes
45 17
44 17
45 16
44 16
45 18
44 18
46 17
46 16
45 19
44 19
47 17
47 16
44 15
46 19
43 19
47 15
47 19
45 20
44 20
46 20
42 19
47 14
48 14
41 19
41 18
47 13
48 13
46 13
41 20
49 14
49 13
49 15
49 16
49 17
49 18
46 12
47 12
48 12
49 12
41 21
42 21
40 20
40 21
42 22
41 22
40 22
46 11
47 11
48 11
49 11
42 23
41 23
40 23
43 23
46 10
47 10
48 10
49 10
39 21
39 22
43 24
42 24
41 24
40 24
44 24
38 21
38 22
44 25
43 25
42 25
41 25
45 25
46 25
46 24
46 23
47 23
47 24
47 25
47 22
48 22
48 23
48 24
48 25
49 22
49 23
49 24
49 25
49 21
49 20
48 20
48 9
49 9
45 26
44 26
46 26
47 26
48 26
49 26
42 26
41 26
48 8
49 8
45 27
44 27
46 27
47 27
48 27
49 27
40 26
42 27
48 7
49 7
45 28
44 28
46 28
47 28
48 28
40 27
43 28
48 6
49 6
45 29
44 29
46 29
47 29
40 28
48 5
49 5
40 29
46 30
48 4
49 4
47 4
40 30
46 31
47 3
48 3
49 3
0
Yes
1 7
0 7
1 6
0 6
1 8
0 8
2 7
2 6
2 8
1 5
0 5
2 5
1 9
0 9
2 9
3 7
3 6
3 8
3 5
1 4
0 4
2 4
3 4
1 10
0 10
2 10
4 6
4 5
1 3
0 3
2 3
1 11
0 11
1 2
0 2
2 2
1 12
0 12
3 2
4 2
1 13
3 1
4 1
5 2
0
Yes
24 23
24 24
24 25
24 26
25 23
25 24
25 25
25 26
26 23
26 24
26 25
26 26
27 23
27 24
27 25
27 26
28 23
0
Yes
42 32
42 33
42 34
42 35
43 32
43 33
43 34
43 35
44 32
44 33
44 34
44 35
45 32
45 33
45 34
45 35
46 32
46 33
46 34
46 35
0
Yes
31 30
31 31
30 30
30 31
32 30
32 31
31 29
31 32
30 29
30 32
32 29
32 32
29 30
29 31
33 30
33 31
29 29
29 32
31 28
31 33
33 29
33 32
30 28
30 33
32 28
28 30
28 31
34 30
34 31
29 28
29 33
33 28
28 29
28 32
34 29
34 32
31 27
30 27
32 27
28 28
34 28
27 30
27 31
29 27
33 27
35 30
35 31
27 29
27 32
35 29
35 32
28 27
34 27
27 28
35 28
26 29
26 32
27 27
35 27
26 28
26 33
26 27
0
No
0
Yes
37 39
36 39
37 38
36 38
37 40
36 40
38 38
38 40
35 39
35 38
35 40
37 37
36 37
38 37
35 37
37 41
36 41
38 41
39 38
39 41
34 39
34 38
34 37
37 36
36 36
38 36
35 36
34 36
37 42
36 42
38 42
35 42
40 41
40 40
40 39
37 35
36 35
38 35
35 35
34 35
41 39
41 40
41 41
38 43
34 42
40 42
41 42
35 43
34 43
33 36
33 42
33 43
37 34
36 34
38 34
35 34
40 43
41 43
42 39
42 40
42 41
42 42
42 43
42 38
35 44
36 44
39 34
32 42
32 43
32 41
32 40
32 39
40 34
40 35
40 36
41 35
41 34
31 39
31 40
31 41
31 42
31 43
37 33
36 33
38 33
39 33
40 33
41 33
36 45
35 45
37 45
38 45
43 40
43 41
43 42
43 43
33 44
32 44
31 44
41 44
42 44
43 44
30 39
30 40
30 41
30 42
30 43
30 44
37 32
36 32
38 32
39 32
0
No
0
No
0
Yes
20 13
20 14
21 13
21 14
19 13
19 14
20 12
20 15
21 12
21 15
22 13
22 14
19 12
19 15
22 12
22 15
18 13
18 14
20 11
20 16
21 11
21 16
23 13
23 14
18 12
18 15
19 11
19 16
22 16
23 12
23 15
17 13
17 14
18 11
18 16
20 10
21 10
23 11
23 16
24 13
24 14
17 15
19 10
24 12
24 15
17 11
17 16
18 10
23 10
24 11
24 16
16 13
16 14
25 13
25 14
16 15
25 12
25 15
17 10
24 10
16 16
25 11
25 16
15 14
15 15
0
No
0
No
0
No
0
No
0
No
0
No
0
Yes
45 37
45 38
45 39
46 37
46 38
0
No
0
Yes
43 10
44 10
43 9
44 9
44 11
42 10
45 10
42 9
45 9
43 8
44 8
41 10
42 8
45 8
46 10
41 9
41 11
46 9
46 11
43 7
44 7
41 8
41 12
46 8
46 12
40 10
47 10
40 9
40 11
47 9
47 11
41 7
46 7
40 8
40 12
47 8
47 12
39 10
48 10
39 9
39 11
40 7
47 7
48 9
48 11
39 8
39 12
48 8
48 12
39 7
48 7
38 10
49 10
38 9
38 11
49 9
49 11
38 8
38 12
49 8
49 12
49 7
37 10
37 9
37 11
37 8
0
No
0
No
0
No
0
Yes
28 46
28 47
28 48
28 49
29 46
29 47
29 48
29 49
30 46
30 47
30 48
30 49
0
No
0
Yes
34 8
34 9
34 10
35 8
35 9
35 10
36 8
36 9
0
Yes
4 34
5 34
4 33
4 35
5 33
5 35
3 34
6 34
3 33
3 35
6 33
6 35
4 32
4 36
5 32
5 36
2 34
3 32
3 36
6 32
7 34
2 33
2 35
7 33
7 35
4 31
5 31
2 32
2 36
7 32
7 36
3 31
6 31
1 34
8 34
1 33
1 35
8 33
8 35
2 31
7 31
1 32
1 36
8 36
0 34
0 33
0 35
1 31
0 32
0 36
0
Yes
31 19
30 19
31 18
30 18
31 20
30 20
32 19
32 18
32 20
29 19
29 18
31 17
30 17
32 17
29 17
31 21
32 21
33 18
33 17
33 20
33 21
31 16
30 16
32 16
29 16
31 22
32 22
33 22
28 18
28 17
28 16
30 22
34 20
31 15
30 15
32 15
29 15
28 15
31 23
30 23
32 23
33 23
27 18
27 17
27 16
27 15
31 14
32 14
31 24
30 24
32 24
33 24
29 14
28 14
27 14
0
No
0
Yes
19 0
19 1
19 2
20 0
20 1
20 2
21 0
21 1
21 2
22 0
22 1
22 2
23 0
23 1
23 2
24 0
24 1
24 2
25 0
25 1
25 2
0
Yes
10 46
10 47
11 46
11 47
12 46
0
No
0
Yes
7 33
7 34
8 33
8 34
6 33
6 34
7 32
7 35
8 35
9 33
9 34
6 32
6 35
9 32
9 35
5 33
5 34
7 31
7 36
8 36
10 33
10 34
5 32
5 35
6 31
9 36
10 35
4 33
4 34
5 31
5 36
7 30
8 30
10 36
11 33
11 34
4 32
4 35
6 30
9 30
9 37
11 35
4 31
4 36
10 30
10 31
10 37
11 31
11 36
3 33
3 34
7 29
8 29
12 33
12 34
3 32
3 35
6 29
9 29
12 32
12 35
4 37
11 30
11 37
3 31
3 36
5 29
12 31
2 33
2 34
13 33
13 34
2 32
2 35
3 30
3 37
12 37
13 32
13 35
2 31
2 36
13 31
13 36
3 29
1 33
1 34
2 30
2 37
13 30
13 37
14 33
14 34
1 32
1 35
14 32
14 35
1 31
1 36
14 31
14 36
2 29
13 29
1 30
1 37
14 30
14 37
0 33
0 34
0 32
0 35
0 31
0 36
1 29
14 29
0 30
0 29
0
Yes
21 13
21 14
22 13
22 14
20 13
20 14
21 12
21 15
22 12
22 15
23 13
23 14
20 12
20 15
23 12
23 15
19 13
19 14
21 11
21 16
22 16
24 13
24 14
19 12
19 15
20 11
20 16
23 11
23 16
24 12
24 15
18 13
18 14
19 11
19 16
21 10
24 11
24 16
25 13
25 14
18 12
18 15
20 10
23 10
25 12
25 15
18 11
18 16
19 10
24 10
25 11
25 16
17 13
17 14
17 15
18 10
17 11
17 16
0
Yes
36 37
36 38
37 37
37 38
35 37
35 38
36 36
36 39
37 36
37 39
38 37
38 38
35 36
35 39
38 36
34 37
34 38
36 35
36 40
37 35
37 40
34 36
34 39
35 35
35 40
38 35
38 40
34 35
36 34
37 34
35 34
38 34
0
Yes
44 26
44 27
44 28
44 29
45 26
45 27
45 28
45 29
46 26
46 27
46 28
46 29
47 26
47 27
47 28
47 29
48 26
48 27
48 28
0
Yes
7 6
6 6
7 7
8 6
8 7
8 5
9 6
9 5
9 7
8 8
9 8
9 4
10 6
10 5
10 7
10 4
10 8
9 3
10 3
8 3
7 3
6 3
5 3
5 4
9 9
10 9
7 2
6 2
8 2
5 2
9 2
10 2
11 6
11 5
11 7
11 8
11 9
9 10
10 10
11 10
8 10
4 2
7 1
6 1
8 1
5 1
9 1
4 1
10 1
12 6
12 5
12 7
12 8
12 9
8 11
9 11
7 11
6 11
6 10
3 2
3 1
7 0
6 0
8 0
5 0
9 0
4 0
10 0
3 0
13 6
13 7
13 8
13 9
8 12
9 12
2 2
2 3
2 4
3 4
3 5
2 5
4 5
4 6
3 6
2 6
3 7
2 7
3 8
2 8
2 9
1 6
1 5
1 7
1 4
1 8
1 3
1 9
1 2
2 10
1 10
11 1
11 0
10 12
0 6
0 5
0 7
0 4
0 8
0 3
0 9
0 2
0 10
14 6
14 7
14 8
14 9
8 13
9 13
7 13
12 1
12 0
0
No
0
Yes
4 33
4 34
5 33
5 34
3 33
3 34
4 32
4 35
5 32
5 35
6 33
6 34
3 32
3 35
6 32
6 35
2 33
2 34
4 31
4 36
5 31
5 36
7 33
7 34
2 32
2 35
3 31
3 36
6 31
7 32
7 35
1 33
1 34
2 31
2 36
4 37
7 31
7 36
8 33
8 34
1 32
1 35
3 30
3 37
6 30
8 35
1 31
1 36
2 30
2 37
7 30
8 36
0 33
0 34
4 38
5 38
0 32
0 35
3 29
3 38
6 29
5 29
6 38
1 30
1 37
8 30
0 31
0 36
2 29
2 38
7 29
0 30
1 29
1 38
6 28
8 29
2 28
7 28
0 29
1 28
8 28
0 28
0
Yes
40 10
39 10
40 9
39 9
40 11
39 11
41 10
41 9
41 11
38 10
38 9
38 11
40 8
39 8
41 8
38 8
40 12
39 12
41 12
38 12
42 10
42 9
42 8
37 10
37 9
37 11
37 8
37 12
40 7
39 7
41 7
40 13
39 13
38 13
43 10
43 9
43 8
40 6
39 6
40 14
39 14
38 14
44 10
44 9
44 8
44 11
43 7
44 7
36 12
40 15
39 15
38 15
43 6
44 6
45 10
45 9
45 8
41 15
42 15
42 14
42 13
43 13
43 14
43 15
43 12
44 13
43 5
44 5
40 16
39 16
46 10
46 9
46 8
46 11
42 16
43 16
46 12
44 15
44 16
43 4
42 4
46 7
46 13
40 17
39 17
47 10
47 9
47 11
47 8
47 12
47 7
47 13
38 17
42 3
43 3
45 16
48 10
48 9
48 11
48 8
48 12
48 7
48 13
0
Yes
26 9
26 10
26 11
26 12
27 9
27 10
27 11
27 12
0
Yes
32 19
31 19
32 18
31 18
32 20
31 20
33 18
33 20
30 19
30 18
30 20
32 17
31 17
33 17
30 17
32 21
31 21
33 21
34 20
29 19
29 18
29 17
32 16
31 16
30 16
29 16
32 22
31 22
33 22
30 22
32 15
31 15
30 15
29 15
32 23
31 23
33 23
30 23
28 18
28 17
28 16
28 15
32 14
31 14
32 24
31 24
33 24
30 24
27 18
27 17
27 16
27 15
33 14
34 14
34 24
29 14
28 14
27 14
35 14
32 25
33 25
34 25
36 14
36 15
32 26
33 26
34 26
31 26
35 26
26 14
27 13
26 13
0
Yes
13 36
13 35
13 37
14 36
12 35
12 37
14 35
14 37
13 34
13 38
15 36
11 35
11 36
11 37
12 34
12 38
14 34
14 38
15 35
15 37
11 34
11 38
15 38
10 36
13 33
16 36
10 35
10 37
12 33
14 33
16 35
16 37
10 34
11 33
9 36
9 35
9 37
10 33
9 34
9 33
0
No
0
Yes
22 46
22 47
22 48
22 49
23 46
23 47
23 48
23 49
24 46
24 47
24 48
24 49
25 46
0
Yes
22 14
21 14
22 13
22 15
23 14
21 13
21 15
23 13
23 15
20 14
22 12
22 16
24 14
20 13
20 15
21 12
21 16
23 12
23 16
24 13
24 15
20 12
20 16
24 12
24 16
19 14
25 14
19 13
19 15
21 11
23 11
25 13
25 15
19 12
19 16
20 11
24 11
25 12
25 16
18 14
18 13
18 15
19 11
25 11
18 12
18 16
18 11
0
No
0
Yes
40 11
41 11
40 10
40 12
41 10
41 12
39 11
39 10
39 12
42 10
40 9
40 13
41 9
38 11
39 9
39 13
42 9
38 10
38 12
43 10
40 8
40 14
41 8
38 9
38 13
43 9
39 8
39 14
42 8
37 11
37 10
37 12
38 8
38 14
43 8
37 9
40 7
41 7
39 7
37 8
43 7
0
No
0
Yes
24 23
24 24
24 25
24 26
25 23
25 24
25 25
25 26
26 23
26 24
26 25
26 26
27 23
27 24
27 25
27 26
28 23
0
Yes
27 15
27 16
27 17
27 18
28 15
28 16
28 17
28 18
29 15
29 16
29 17
29 18
30 15
30 16
0
No
0
No
0
No
0
Yes
48 6
48 7
47 7
49 6
49 7
48 5
48 8
47 8
49 5
49 8
46 7
46 8
48 4
48 9
47 4
47 9
49 4
49 9
46 9
48 3
48 10
47 3
47 10
49 3
49 10
46 3
46 10
48 2
48 11
47 2
47 11
49 2
49 11
46 2
46 11
48 1
48 12
47 1
47 12
49 1
49 12
46 12
48 0
47 0
49 0
0
Yes
33 46
32 46
33 45
33 47
34 46
32 47
34 47
33 44
33 48
35 46
31 47
32 44
32 48
34 48
35 45
35 47
31 44
31 48
35 44
35 48
33 43
33 49
36 46
30 47
30 46
32 43
32 49
34 43
34 49
36 45
36 47
30 44
30 48
31 43
31 49
35 43
35 49
36 44
29 46
33 42
29 47
32 42
34 42
30 43
30 49
36 49
29 48
31 42
35 42
29 43
29 49
30 42
0
Yes
28 3
27 3
28 2
27 2
28 4
27 4
29 2
26 3
26 2
28 1
27 1
29 1
26 1
28 5
29 5
30 2
30 1
25 3
25 2
25 1
28 0
29 0
30 0
28 6
25 4
27 6
31 2
31 1
31 0
31 3
25 5
24 3
24 2
24 4
24 1
24 5
28 7
32 3
32 2
25 0
24 0
25 6
24 6
32 0
33 3
23 2
23 1
23 0
33 4
23 5
33 5
32 5
31 5
31 6
31 7
24 7
33 0
33 6
22 2
22 1
22 0
34 5
34 6
23 7
33 7
21 2
21 1
21 0
23 8
35 5
35 6
23 9
24 9
20 2
20 1
20 0
24 10
23 10
36 5
19 2
19 1
19 0
37 5
37 4
37 6
38 4
18 1
18 0
39 4
39 3
39 2
38 2
37 2
36 2
36 1
35 1
34 1
17 1
17 0
17 2
17 3
17 4
18 4
19 4
19 5
18 5
17 5
20 5
21 5
21 4
21 6
20 6
19 6
18 6
17 6
21 7
20 7
18 7
17 7
16 2
16 1
16 0
40 2
40 4
40 1
40 0
39 0
41 2
41 1
41 0
15 1
15 0
42 2
42 1
42 0
42 3
42 4
14 1
43 3
43 2
43 4
43 1
43 0
43 5
0
Yes
21 13
21 14
20 13
20 14
22 13
22 14
21 12
21 15
20 12
20 15
22 12
22 15
19 13
19 14
23 13
23 14
19 12
19 15
21 11
21 16
23 12
23 15
20 11
20 16
22 16
18 13
18 14
24 13
24 14
19 11
19 16
23 11
23 16
18 12
18 15
24 12
24 15
21 10
20 10
18 11
18 16
24 11
24 16
17 13
17 14
19 10
25 13
25 14
17 15
25 12
25 15
18 10
17 11
17 16
25 11
25 16
16 13
16 14
16 15
17 10
0
No
0
Yes
47 45
47 46
47 47
47 48
47 49
48 45
48 46
48 47
48 48
48 49
0
No
0
Yes
28 11
28 12
29 11
29 12
30 11
30 12
0
Yes
14 20
13 20
14 21
13 21
15 20
15 21
13 19
15 19
12 20
12 21
14 22
15 22
16 20
16 19
16 21
13 18
15 18
16 18
11 20
11 21
14 23
15 23
17 20
17 19
17 21
11 19
13 17
14 17
15 17
16 17
11 22
12 17
14 16
13 16
15 16
12 16
16 16
14 24
18 20
18 19
18 21
10 21
10 22
13 24
11 17
12 24
18 18
18 22
10 17
10 18
10 23
14 15
13 15
15 15
12 15
16 15
14 25
13 25
12 25
17 16
17 15
19 20
19 19
19 21
19 18
19 22
9 21
9 22
9 23
15 25
16 25
18 16
18 15
11 15
19 23
14 14
15 14
16 14
17 14
18 14
14 26
13 26
15 26
16 26
20 20
20 19
20 21
20 18
20 22
20 23
12 14
11 14
10 15
19 16
19 15
19 14
19 24
18 24
17 24
8 23
20 17
20 16
20 15
20 14
14 13
14 27
13 27
15 27
16 27
19 25
21 19
12 27
16 13
17 13
18 13
19 13
20 13
21 22
21 23
7 23
7 22
17 27
14 28
13 28
15 28
12 28
16 28
17 28
7 24
21 16
21 15
21 14
21 13
0
No
0
Yes
9 44
9 45
8 44
8 45
10 44
10 45
9 43
9 46
8 43
8 46
10 43
10 46
7 44
7 45
11 44
7 43
7 46
9 42
11 43
11 46
8 42
10 42
10 47
6 44
6 45
7 42
11 47
6 43
6 46
9 41
10 41
6 42
6 41
0
Yes
4 33
3 33
4 32
3 32
4 34
3 34
5 33
5 32
5 34
2 33
2 32
2 34
4 31
3 31
5 31
2 31
4 35
3 35
5 35
2 35
6 33
6 32
6 34
6 31
6 35
1 33
1 32
1 34
1 31
1 35
4 36
3 36
5 36
2 36
1 36
7 33
7 32
7 34
7 31
7 35
3 30
2 30
1 30
6 30
7 30
0 33
0 32
0 34
0 31
0 35
0 30
0 36
4 37
3 37
2 37
1 37
8 33
8 34
8 35
3 29
2 29
1 29
0 29
7 36
8 36
6 29
7 29
5 29
4 38
3 38
2 38
1 38
8 30
8 29
5 38
2 28
1 28
0 28
6 28
7 28
8 28
6 38
9 30
9 29
9 28
4 39
3 39
5 39
6 39
2 27
1 27
0 27
3 27
4 27
0
Yes
6 42
6 43
6 44
6 45
6 46
7 42
7 43
7 44
7 45
7 46
8 42
8 43
8 44
8 45
8 46
9 42
9 43
9 44
9 45
9 46
10 42
10 43
10 44
0
Yes
41 32
41 33
41 34
41 35
42 32
42 33
42 34
42 35
43 32
43 33
43 34
43 35
44 32
44 33
44 34
44 35
45 32
0
Yes
45 20
44 20
45 19
44 19
46 20
46 19
45 18
44 18
43 19
47 19
45 17
44 17
42 19
46 17
47 17
45 16
44 16
46 16
47 16
41 19
41 20
41 21
42 21
42 22
41 22
42 23
41 23
43 23
41 18
43 16
43 24
42 24
41 24
44 24
40 20
40 21
40 22
40 23
40 24
42 16
44 15
43 15
42 15
44 25
43 25
42 25
41 25
45 25
46 25
46 24
46 23
47 23
47 24
47 25
47 22
48 22
48 23
48 24
48 25
49 22
49 23
49 24
49 25
49 21
49 20
48 20
47 15
45 26
44 26
46 26
47 26
48 26
49 26
39 21
39 22
43 14
42 14
47 14
41 15
42 26
41 26
48 14
45 27
44 27
46 27
47 27
48 27
49 27
38 21
38 22
40 15
40 16
40 17
39 17
39 16
39 15
39 18
49 14
49 15
49 16
49 17
49 18
38 18
38 17
38 19
43 13
42 13
44 13
47 13
48 13
49 13
46 13
42 27
40 14
39 14
40 26
45 28
44 28
46 28
47 28
48 28
37 19
43 12
43 28
38 15
38 14
40 13
39 13
38 13
40 27
45 29
44 29
46 29
47 29
40 12
39 12
0
Yes
27 27
27 28
27 29
27 30
27 31
27 32
28 27
28 28
28 29
28 30
28 31
28 32
29 27
29 28
29 29
29 30
29 31
29 32
30 27
30 28
30 29
30 30
30 31
30 32
31 27
31 28
31 29
31 30
31 31
31 32
32 27
32 28
32 29
32 30
32 31
32 32
33 27
0
No
0
Yes
17 13
17 14
17 15
17 16
18 13
18 14
18 15
18 16
19 13
19 14
19 15
19 16
20 13
20 14
20 15
20 16
21 13
21 14
21 15
21 16
22 13
22 14
22 15
22 16
23 13
23 14
23 15
23 16
24 13
24 14
24 15
24 16
25 13
25 14
25 15
25 16
0
Yes
0 31
0 32
0 33
0 34
0 35
0 36
1 31
1 32
1 33
1 34
1 35
1 36
2 31
2 32
2 33
2 34
2 35
2 36
3 31
3 32
3 33
3 34
3 35
3 36
4 31
4 32
4 33
4 34
4 35
4 36
5 31
5 32
5 33
5 34
5 35
5 36
6 31
0
No
0
Yes
5 4
5 3
6 3
7 3
6 2
5 2
7 2
8 3
4 2
8 2
6 1
5 1
7 1
9 3
9 4
9 5
8 5
8 6
7 6
6 6
7 7
3 2
4 1
8 1
8 7
9 2
9 6
6 0
10 4
5 0
7 0
10 3
10 5
3 1
9 1
9 7
2 2
2 3
2 4
3 4
3 5
4 5
4 6
3 6
2 5
3 7
2 6
4 0
8 0
10 2
10 6
1 4
2 7
3 0
9 0
10 1
10 7
1 3
1 5
11 5
1 2
1 6
11 6
2 0
10 0
1 7
11 1
11 7
0 4
0 3
0 5
0 2
0 6
1 0
11 0
0 7
0
Yes
19 0
19 1
19 2
20 0
20 1
20 2
21 0
21 1
21 2
22 0
22 1
22 2
23 0
23 1
23 2
0
Yes
36 44
35 44
36 45
35 45
35 43
37 45
36 46
35 46
37 46
34 43
35 42
34 42
36 42
37 42
38 45
38 46
34 46
38 42
38 43
36 41
37 41
38 41
36 47
35 47
34 47
33 43
33 42
33 44
33 45
33 46
33 47
39 46
32 44
32 43
32 42
35 48
34 48
33 48
39 41
39 47
32 46
32 47
32 48
40 46
40 47
40 45
31 44
31 43
31 42
32 41
31 41
40 41
40 42
40 43
35 49
34 49
33 49
32 49
36 49
37 49
37 48
41 43
41 42
41 41
41 44
38 49
32 40
31 40
40 40
41 40
40 48
31 47
31 48
31 49
39 49
40 49
41 47
41 48
41 49
30 44
30 43
30 42
30 41
30 40
42 44
42 43
42 42
42 41
42 40
32 39
31 39
30 39
40 39
41 39
42 39
30 47
30 48
30 49
30 46
42 47
42 48
42 49
42 46
43 44
43 43
43 42
43 41
43 40
29 43
29 46
29 47
29 48
29 49
43 46
43 47
43 48
43 49
29 41
29 40
44 44
44 43
44 42
44 45
28 46
28 47
28 48
28 49
42 38
0
Yes
5 4
5 3
6 3
7 3
5 2
6 2
4 2
7 2
8 3
5 1
6 1
3 2
8 2
4 1
7 1
9 3
9 4
9 5
8 5
8 6
7 6
6 6
7 7
3 1
8 1
8 7
2 2
2 3
2 4
3 4
3 5
4 5
4 6
3 6
2 5
3 7
2 6
5 0
6 0
9 2
9 6
4 0
7 0
1 4
10 4
1 3
1 5
2 7
9 1
9 7
10 3
10 5
3 0
8 0
1 2
1 6
10 2
10 6
2 0
9 0
1 7
10 1
10 7
0 4
0 3
0 5
0 2
0 6
1 0
10 0
0 7
0
Yes
11 36
11 35
12 35
11 37
12 37
13 35
13 36
13 37
10 36
12 34
12 38
14 36
10 35
10 37
11 34
11 38
13 34
13 38
14 35
14 37
10 34
14 34
14 38
9 36
12 33
15 36
9 35
9 37
11 33
13 33
15 35
15 37
9 34
10 33
14 33
15 38
8 36
16 36
8 35
16 35
16 37
9 33
8 34
7 36
8 33
7 35
7 34
7 33
0
Yes
41 12
41 11
40 12
40 11
40 13
41 10
42 10
39 12
40 10
40 14
43 10
39 11
39 13
41 9
42 9
39 10
39 14
44 10
44 11
40 9
40 15
41 15
42 15
42 14
42 13
43 13
43 12
43 14
44 13
43 9
43 15
38 12
38 11
38 13
39 9
39 15
44 9
44 15
38 10
38 14
41 8
42 8
45 10
40 8
43 8
37 12
37 11
38 9
38 15
45 9
39 8
44 8
37 10
38 8
45 8
37 9
37 8
0
Yes
32 18
31 18
32 17
31 17
32 19
31 19
33 18
33 17
30 18
30 17
30 19
32 16
31 16
30 16
32 20
31 20
30 20
33 20
34 20
29 18
29 17
29 19
29 16
32 15
31 15
30 15
29 15
32 21
31 21
33 21
28 18
28 17
28 16
28 15
32 14
31 14
32 22
31 22
33 22
33 14
30 22
34 14
27 18
27 17
27 16
27 15
29 14
28 14
27 14
32 23
31 23
33 23
30 23
35 14
36 14
0
Yes
27 26
26 26
27 25
26 25
27 27
26 27
28 27
25 26
25 25
25 27
27 24
26 24
25 24
27 28
26 28
28 28
28 24
29 27
29 28
29 26
24 26
24 25
24 24
27 23
26 23
28 23
25 23
24 23
27 29
26 29
28 29
29 29
30 27
30 28
30 29
25 29
23 26
23 25
23 24
23 23
27 30
28 30
29 30
30 30
23 27
31 27
31 28
31 29
31 30
31 26
25 30
22 26
22 25
22 27
22 24
22 23
27 31
28 31
29 31
30 31
31 31
32 26
32 27
32 28
32 29
32 30
32 31
32 25
32 24
31 24
30 24
23 22
22 22
21 26
21 25
21 27
27 32
28 32
29 32
30 32
31 32
32 32
33 26
33 25
33 27
33 24
33 28
33 29
33 30
33 31
0
No
0
Yes
4 34
3 34
4 33
4 35
5 34
3 33
3 35
5 33
5 35
2 34
4 32
4 36
6 34
2 33
2 35
3 32
3 36
5 32
5 36
6 33
6 35
2 32
2 36
6 32
1 34
4 31
4 37
7 34
1 33
1 35
3 31
3 37
5 31
7 33
7 35
1 32
1 36
2 31
2 37
6 31
7 32
7 36
0 34
0 33
0 35
3 30
1 31
1 37
7 31
0 32
0 36
2 30
6 30
0 31
1 30
7 30
0 30
0
Yes
45 26
44 26
45 25
44 25
45 27
44 27
46 26
46 25
46 27
45 28
44 28
46 28
47 26
47 25
47 27
47 28
43 25
44 24
43 24
46 24
47 24
43 28
45 29
44 29
46 29
47 29
48 26
48 25
48 27
48 24
48 28
42 25
42 24
42 26
42 27
46 23
47 23
48 23
43 23
42 23
41 26
41 25
41 24
41 23
49 26
49 25
49 27
49 24
49 23
46 30
47 22
48 22
49 22
0
No
0
Yes
0 8
0 9
0 10
1 8
1 9
1 10
2 8
2 9
2 10
3 8
0
No
0
Yes
45 37
45 38
45 39
46 37
46 38
0
Yes
32 30
32 31
33 30
33 31
31 30
31 31
32 29
32 32
33 29
33 32
34 30
34 31
31 29
31 32
34 29
34 32
30 30
30 31
32 28
33 28
35 30
35 31
30 29
30 32
31 28
31 33
34 28
35 29
35 32
29 30
29 31
30 28
30 33
32 27
33 27
35 28
36 31
29 29
29 32
31 27
31 34
32 34
34 27
36 29
36 32
29 28
29 33
30 27
30 34
35 27
36 28
36 33
28 30
28 31
32 26
33 26
28 29
28 32
31 26
34 26
37 29
37 32
29 27
29 34
36 27
36 34
35 34
28 28
35 26
37 28
37 33
27 30
27 31
27 29
27 32
28 27
29 26
36 26
37 27
37 34
27 28
27 27
27 26
0
No
0
No
0
No
0
Yes
8 33
8 34
8 35
8 36
9 33
9 34
9 35
9 36
10 33
10 34
10 35
10 36
11 33
11 34
0
Yes
23 13
23 14
22 13
22 14
24 13
24 14
23 12
23 15
22 12
22 15
24 12
24 15
21 13
21 14
25 13
25 14
21 12
21 15
23 11
23 16
25 12
25 15
22 16
24 11
24 16
20 13
20 14
26 13
26 14
21 11
21 16
25 11
25 16
20 12
20 15
26 12
23 10
24 10
20 11
20 16
26 11
19 13
19 14
21 10
27 13
19 12
19 15
27 12
20 10
26 10
19 11
19 16
27 11
18 13
18 14
18 12
18 15
19 10
27 10
18 11
18 16
0
No
0
No
0
Yes
24 20
23 20
24 19
23 19
24 21
23 21
25 20
25 19
24 18
23 18
25 18
26 20
22 19
22 18
22 21
23 22
22 22
21 19
23 23
22 23
24 23
25 17
25 23
21 22
21 23
26 23
24 24
23 24
25 24
22 24
26 24
20 19
20 20
20 21
20 22
20 23
25 16
24 16
23 16
27 23
27 24
20 18
22 16
19 20
19 19
19 21
19 18
19 22
19 23
20 17
21 16
20 16
24 15
23 15
25 15
22 15
21 15
20 15
24 25
23 25
25 25
22 25
26 25
27 25
28 23
28 24
21 25
18 20
18 19
18 21
18 18
18 22
24 14
23 14
25 14
22 14
21 14
20 14
24 26
23 26
25 26
22 26
26 26
21 26
26 14
19 16
19 15
19 14
19 24
17 20
17 19
17 21
24 13
23 13
25 13
22 13
26 13
21 13
20 13
19 13
19 25
23 27
22 27
21 27
25 27
26 27
18 16
18 15
18 14
18 13
18 24
20 26
27 13
16 20
16 19
16 21
24 12
23 12
25 12
22 12
26 12
21 12
27 12
20 12
19 12
18 12
17 16
17 15
17 14
17 13
0
Yes
34 35
34 36
34 37
34 38
35 35
35 36
35 37
35 38
36 35
36 36
36 37
36 38
37 35
37 36
37 37
37 38
38 35
38 36
38 37
38 38
0
Yes
6 31
5 31
6 30
6 32
5 32
7 31
7 30
7 32
4 31
4 32
6 29
7 29
6 33
5 33
7 33
4 33
5 29
8 30
8 29
3 31
3 32
3 33
6 28
7 28
8 28
6 34
5 34
7 34
4 34
3 34
3 30
9 30
9 29
9 28
3 29
2 31
2 30
2 32
2 29
2 33
2 34
6 27
7 27
8 27
9 27
6 35
5 35
7 35
4 35
3 35
2 35
10 30
10 31
1 31
1 30
1 32
1 29
1 33
1 34
1 35
2 28
1 28
6 26
7 26
8 26
9 26
11 31
11 30
5 26
5 36
4 36
3 36
2 36
1 36
7 36
2 27
1 27
3 27
4 27
0 31
0 30
0 32
0 29
0 33
0 28
0 34
0 27
0 35
0 36
6 25
5 25
7 25
8 25
9 25
12 31
12 32
4 25
4 37
3 37
2 37
1 37
12 33
2 26
1 26
10 26
10 25
12 34
6 24
5 24
7 24
4 24
13 31
13 32
13 33
13 34
13 30
12 35
0
Yes
6 6
7 6
7 7
8 6
8 7
8 5
8 8
9 6
9 5
9 7
9 8
9 4
10 6
10 5
10 7
10 4
10 8
9 3
10 3
8 3
7 3
6 3
5 3
5 4
6 2
5 2
7 2
8 2
9 2
10 2
9 9
10 9
4 2
3 2
6 1
5 1
7 1
4 1
8 1
3 1
9 1
10 1
9 10
10 10
8 10
11 6
11 5
11 7
11 8
11 9
11 10
8 11
9 11
7 11
6 11
6 10
2 2
2 3
2 4
3 4
3 5
2 5
4 5
4 6
3 6
2 6
3 7
2 7
3 8
2 8
1 6
1 5
1 7
1 4
1 8
1 3
1 2
2 9
1 9
2 10
1 10
0 6
0 5
0 7
0 4
0 8
0 3
0 9
0 2
0 10
6 0
5 0
7 0
4 0
8 0
3 0
9 0
10 0
12 6
12 5
12 7
12 8
12 9
8 12
9 12
13 6
13 7
13 8
13 9
1 11
0 11
11 1
11 0
2 0
10 12
8 13
9 13
0
Yes
46 7
47 7
46 8
48 7
48 6
48 5
48 4
47 4
45 8
47 3
46 3
45 3
47 8
49 5
49 6
44 8
44 7
44 6
44 5
43 5
43 6
48 3
48 8
43 4
43 7
49 4
49 7
46 2
46 9
45 9
47 2
47 9
43 3
43 8
49 3
49 8
44 9
48 2
48 9
42 4
46 10
43 2
44 2
43 9
45 10
47 1
47 10
49 2
49 9
42 3
42 8
44 1
45 1
44 10
48 1
48 10
42 2
42 9
43 1
43 10
49 1
49 10
45 0
46 0
47 0
44 0
48 0
42 1
42 10
43 0
49 0
0
No
0
No
0
Yes
27 4
27 3
28 4
28 3
26 3
28 5
27 2
26 2
28 2
25 3
25 2
25 4
25 5
28 6
27 6
29 5
25 6
29 2
24 4
24 3
24 5
24 2
24 6
27 1
26 1
28 1
25 1
29 1
24 1
28 7
30 2
30 1
23 5
28 0
29 0
30 0
24 7
23 2
23 1
25 0
24 0
23 0
31 2
31 1
31 0
31 3
23 7
32 3
32 2
22 2
22 1
22 0
23 8
33 3
33 4
33 5
32 5
31 5
31 6
31 7
21 2
21 1
21 0
33 6
23 9
24 9
32 0
24 10
23 10
33 7
34 5
34 6
33 0
20 2
20 1
20 0
24 11
23 11
25 11
26 11
26 10
26 9
27 9
27 10
27 11
35 5
35 6
19 2
19 1
19 0
36 5
18 1
18 0
37 5
37 4
37 6
17 1
17 0
17 2
17 3
17 4
18 4
19 4
19 5
18 5
17 5
20 5
21 5
21 4
21 6
20 6
19 6
18 6
17 6
21 7
20 7
18 7
17 7
38 4
16 2
16 1
16 0
39 4
39 3
39 2
38 2
37 2
36 2
36 1
35 1
34 1
15 1
15 0
40 4
40 2
14 1
40 1
40 0
39 0
41 2
41 1
0
No
0
No
0
Yes
46 26
46 27
45 26
45 27
47 26
47 27
46 25
46 28
45 25
45 28
47 25
47 28
44 26
44 27
48 26
48 27
44 25
44 28
46 24
46 29
48 25
48 28
45 29
47 24
47 29
49 26
49 27
44 24
44 29
48 24
43 25
43 28
49 25
46 23
47 23
43 24
49 24
48 23
42 25
42 26
42 27
43 23
49 23
42 24
0
No
0
Yes
46 11
46 12
46 13
47 11
47 12
47 13
48 11
48 12
48 13
49 11
49 12
49 13
0
Yes
40 13
39 13
40 12
39 12
40 14
39 14
41 12
38 13
38 12
38 14
40 11
39 11
41 11
38 11
40 15
39 15
38 15
41 15
42 15
42 14
42 13
40 10
39 10
41 10
38 10
40 16
39 16
43 13
43 14
43 15
37 12
37 11
37 10
43 12
42 16
43 16
40 9
39 9
41 9
38 9
37 9
40 17
39 17
44 13
36 12
38 17
44 15
44 16
40 8
39 8
41 8
38 8
37 8
39 18
38 18
36 9
0
No
0
No
0
No
0
Yes
30 17
30 18
31 17
31 18
29 17
29 18
30 16
30 19
31 16
31 19
32 17
32 18
29 16
29 19
32 16
32 19
28 17
28 18
30 15
30 20
31 15
31 20
28 16
29 15
32 15
32 20
28 15
31 14
29 14
32 14
28 14
0
No
0
Yes
8 33
8 34
8 35
8 36
9 33
9 34
9 35
9 36
10 33
10 34
10 35
10 36
11 33
11 34
11 35
11 36
0
Yes
34 8
34 9
34 10
35 8
35 9
35 10
36 8
0
Yes
19 12
19 13
19 14
19 15
19 16
20 12
20 13
20 14
20 15
20 16
21 12
21 13
21 14
21 15
21 16
22 12
22 13
22 14
22 15
22 16
23 12
23 13
23 14
23 15
23 16
24 12
24 13
24 14
24 15
24 16
25 12
25 13
25 14
25 15
25 16
26 12
26 13
0
No
0
No
0
No
0
Yes
45 25
44 25
45 26
44 26
46 25
46 26
44 24
46 24
43 25
43 24
45 27
44 27
46 27
47 25
47 24
47 26
47 27
46 23
47 23
43 23
42 25
42 24
42 23
45 28
44 28
46 28
47 28
48 25
48 24
48 26
48 23
48 27
48 28
42 26
42 27
43 28
47 22
48 22
41 25
41 24
41 26
41 23
45 29
44 29
46 29
47 29
49 25
49 24
49 26
49 23
49 27
49 22
42 22
41 22
42 21
41 21
40 24
40 23
40 22
40 21
40 26
46 30
40 27
49 21
40 28
46 31
40 29
41 20
40 20
49 20
48 20
39 22
39 21
40 30
46 32
45 32
44 32
44 31
43 31
43 32
43 30
41 19
42 19
43 19
44 19
44 20
45 20
45 19
46 20
46 19
47 19
45 18
44 18
38 22
38 21
42 32
45 17
44 17
45 33
44 33
46 33
43 33
42 33
41 18
41 32
41 33
46 17
47 17
47 33
45 16
46 16
47 16
45 34
44 34
46 34
43 34
42 34
41 34
40 33
40 34
39 33
39 34
39 32
38 32
38 33
38 34
45 35
44 35
46 35
43 35
42 35
41 35
40 35
47 15
47 35
47 14
48 14
49 14
49 15
49 16
49 17
49 18
40 36
47 13
48 13
49 13
46 13
38 35
0
Yes
6 42
6 43
6 44
6 45
6 46
7 42
7 43
7 44
7 45
7 46
8 42
8 43
8 44
8 45
8 46
9 42
9 43
9 44
9 45
9 46
10 42
10 43
0
Yes
15 23
14 23
15 22
14 22
14 24
15 21
14 21
13 24
14 25
13 25
15 25
16 21
16 25
13 21
17 21
15 20
14 20
16 20
13 20
17 20
15 26
14 26
16 26
13 26
12 24
12 25
12 21
12 20
18 21
18 20
18 22
15 19
16 19
17 19
18 19
15 27
14 27
16 27
13 27
19 22
19 21
19 20
19 19
19 23
19 24
18 24
17 24
11 21
11 20
11 22
13 19
17 27
19 25
12 27
15 18
16 18
15 28
14 28
16 28
13 28
17 28
12 28
20 23
20 22
20 21
20 20
20 19
10 22
10 21
10 23
13 18
11 19
18 18
19 18
20 18
9 23
9 22
9 21
15 17
16 17
15 29
14 29
13 29
21 23
21 22
14 17
13 17
11 28
12 17
8 23
15 16
14 16
16 16
13 16
12 16
15 30
0
No
0
Yes
31 27
30 27
31 26
31 28
30 28
32 27
32 26
32 28
29 27
29 28
31 29
30 29
32 29
29 29
33 27
33 26
33 28
33 29
29 26
32 25
33 25
28 27
28 28
28 29
31 30
30 30
32 30
29 30
33 30
28 30
34 27
34 26
34 28
34 25
34 29
34 30
32 24
33 24
34 24
31 24
30 24
27 27
27 28
27 29
27 30
31 23
30 23
32 23
33 23
31 31
30 31
32 31
29 31
33 31
28 31
34 31
27 31
35 27
35 26
35 28
35 29
35 30
35 31
27 26
27 25
26 27
26 26
26 28
26 25
26 29
27 24
26 24
28 24
28 23
27 23
26 23
31 22
30 22
32 22
33 22
31 32
30 32
32 32
29 32
33 32
28 32
34 32
27 32
35 32
36 27
36 26
36 28
36 29
25 27
25 26
25 25
25 24
25 23
31 21
32 21
33 21
0
Yes
0 2
0 3
0 4
0 5
0 6
0 7
0 8
0 9
0 10
1 2
1 3
1 4
1 5
1 6
1 7
1 8
1 9
1 10
2 2
2 3
2 4
2 5
2 6
2 7
2 8
2 9
2 10
0
No
0
Yes
5 0
5 1
5 2
5 3
6 0
6 1
6 2
6 3
7 0
7 1
7 2
7 3
8 0
8 1
8 2
8 3
9 0
0
No
0
Yes
17 13
17 14
17 15
17 16
18 13
18 14
18 15
18 16
19 13
19 14
19 15
19 16
20 13
20 14
20 15
20 16
21 13
21 14
21 15
21 16
22 13
22 14
22 15
22 16
23 13
23 14
23 15
23 16
24 13
24 14
24 15
24 16
25 13
25 14
25 15
25 16
0
Yes
20 10
19 10
20 9
20 11
19 11
21 10
21 11
18 10
18 11
20 12
19 12
21 12
18 12
18 9
22 12
17 10
17 9
17 11
20 13
19 13
21 13
18 13
22 13
23 12
23 13
23 11
23 10
23 9
23 8
16 10
16 9
20 14
19 14
21 14
18 14
22 14
23 14
24 10
24 9
24 11
24 12
24 13
24 14
17 13
17 14
23 7
15 10
15 9
16 13
16 14
20 15
19 15
21 15
18 15
22 15
17 15
23 15
16 15
24 15
24 7
25 11
25 12
25 13
25 14
25 15
15 8
24 6
14 10
14 9
14 8
20 16
19 16
21 16
18 16
22 16
17 16
23 16
24 16
25 16
14 11
26 11
26 12
26 13
26 14
26 10
26 9
15 14
15 15
24 5
23 5
25 6
25 5
14 7
13 10
13 9
13 11
13 8
13 7
20 17
27 10
27 9
27 11
27 12
27 13
27 14
14 6
13 6
15 6
15 5
14 5
14 14
14 15
14 13
24 4
25 4
15 4
14 4
12 9
12 8
12 7
0
No
0
Yes
46 11
46 12
46 13
47 11
47 12
47 13
48 11
48 12
48 13
49 11
49 12
49 13
0
Yes
0 31
0 32
0 33
0 34
0 35
0 36
1 31
1 32
1 33
1 34
1 35
1 36
2 31
2 32
2 33
2 34
2 35
2 36
3 31
3 32
3 33
3 34
3 35
3 36
4 31
4 32
4 33
4 34
4 35
4 36
5 31
5 32
5 33
5 34
5 35
5 36
6 31
0
Yes
33 32
32 32
33 31
32 31
34 32
34 31
31 32
31 31
33 30
32 30
34 30
31 30
35 32
35 31
35 30
31 33
31 34
32 34
30 32
30 31
30 33
30 30
30 34
33 29
32 29
34 29
31 29
35 29
30 29
36 32
36 31
36 33
36 34
35 34
35 35
36 35
34 35
29 32
29 31
29 33
29 30
29 34
29 29
33 28
32 28
34 28
31 28
35 28
30 28
29 28
37 32
37 33
37 34
37 35
34 36
35 36
36 36
37 36
33 36
36 29
36 28
28 32
28 31
28 30
28 29
28 28
33 27
32 27
34 27
31 27
35 27
30 27
36 27
29 27
28 27
37 29
37 28
37 27
38 32
38 33
38 34
38 35
38 36
34 37
35 37
36 37
37 37
38 37
38 29
38 30
27 32
27 31
27 30
27 29
27 28
27 27
33 26
32 26
34 26
31 26
35 26
0
Yes
30 17
29 17
30 16
30 18
31 17
29 16
29 18
31 16
31 18
28 17
30 15
30 19
32 17
28 16
28 18
29 15
29 19
31 15
31 19
32 16
32 18
28 15
32 15
32 19
27 17
27 16
27 18
29 14
31 14
27 15
28 14
32 14
0
Yes
45 25
44 25
45 26
44 26
46 25
46 26
44 24
46 24
43 25
43 24
45 27
44 27
46 27
47 25
47 24
47 26
47 27
46 23
47 23
43 23
42 25
42 24
42 23
45 28
44 28
46 28
47 28
48 25
48 24
48 26
48 23
48 27
48 28
42 26
42 27
43 28
47 22
48 22
41 25
41 24
41 26
41 23
45 29
44 29
46 29
47 29
49 25
49 24
49 26
49 23
49 27
49 22
42 22
41 22
42 21
41 21
40 24
0
Yes
19 0
19 1
19 2
20 0
20 1
20 2
21 0
21 1
21 2
22 0
22 1
22 2
23 0
23 1
23 2
0
No
0
Yes
2 7
2 8
1 7
1 8
3 7
3 8
2 6
2 9
1 6
1 9
3 6
0 7
0 8
0 6
0 9
2 5
2 10
1 5
1 10
3 5
0 5
0 10
2 4
1 4
1 11
3 4
0 4
0 11
2 3
1 3
1 12
0 3
0 12
2 2
1 2
3 2
0 2
0
Yes
35 32
34 32
35 31
34 31
36 32
36 31
36 33
33 32
33 31
35 30
34 30
33 30
37 32
37 33
36 34
37 34
35 34
32 32
32 31
32 30
35 29
34 29
33 29
32 29
35 35
36 35
37 35
38 32
38 33
38 34
38 35
34 35
36 29
37 29
31 32
31 31
31 30
31 29
35 28
34 28
36 28
33 28
37 28
32 28
31 28
35 36
34 36
36 36
37 36
38 36
39 32
39 33
39 34
31 33
38 29
38 30
31 34
32 34
33 36
30 32
30 31
30 33
30 30
30 34
30 29
30 28
35 27
34 27
36 27
33 27
37 27
32 27
31 27
30 27
35 37
34 37
36 37
37 37
38 37
40 33
40 34
38 27
40 35
29 32
29 31
29 33
29 30
29 34
29 29
29 28
29 27
35 26
34 26
36 26
33 26
0
Yes
0 31
0 32
0 33
0 34
0 35
1 31
1 32
1 33
1 34
1 35
2 31
2 32
2 33
2 34
2 35
3 31
3 32
3 33
3 34
3 35
4 31
4 32
4 33
4 34
4 35
5 31
5 32
5 33
5 34
5 35
6 31
6 32
6 33
6 34
6 35
7 31
7 32
7 33
7 34
7 35
0
Yes
45 37
45 38
45 39
46 37
46 38
0
No
0
Yes
6 42
6 43
6 44
6 45
6 46
7 42
7 43
7 44
7 45
7 46
8 42
8 43
8 44
8 45
8 46
9 42
9 43
9 44
9 45
9 46
10 42
10 43
10 44
10 45
10 46
0
Yes
47 45
47 46
47 47
47 48
47 49
48 45
48 46
48 47
48 48
48 49
0
Yes
30 39
30 40
30 41
30 42
30 43
30 44
31 39
31 40
31 41
31 42
31 43
31 44
32 39
32 40
32 41
32 42
32 43
32 44
0
No
0
No
0
Yes
31 29
32 29
31 28
31 30
32 28
32 30
30 29
33 29
30 28
30 30
33 28
33 30
31 27
31 31
32 27
32 31
29 29
30 27
30 31
33 27
33 31
34 29
29 28
29 30
34 28
34 30
31 26
31 32
32 26
32 32
29 27
29 31
34 27
34 31
30 32
33 26
33 32
28 29
35 29
28 28
28 30
35 28
35 30
29 26
29 32
34 26
34 32
28 27
28 31
32 25
35 27
35 31
33 25
27 29
36 29
27 28
27 30
28 32
35 26
35 32
36 28
34 25
27 27
27 31
36 27
36 31
27 26
27 32
36 26
36 32
26 29
26 28
0
Yes
18 12
18 13
18 14
18 15
18 16
19 12
19 13
19 14
19 15
19 16
20 12
20 13
20 14
20 15
20 16
21 12
21 13
21 14
21 15
21 16
22 12
22 13
22 14
22 15
22 16
23 12
23 13
23 14
23 15
23 16
24 12
24 13
24 14
24 15
24 16
25 12
25 13
25 14
25 15
25 16
26 12
26 13
0
Yes
47 48
47 49
48 48
48 49
49 48
49 49
0
No
0
Yes
27 27
27 28
27 29
27 30
27 31
27 32
28 27
28 28
28 29
28 30
28 31
28 32
29 27
29 28
29 29
29 30
29 31
29 32
30 27
30 28
30 29
30 30
30 31
30 32
31 27
31 28
31 29
31 30
31 31
31 32
32 27
32 28
32 29
32 30
32 31
32 32
33 27
33 28
33 29
33 30
33 31
33 32
34 27
34 28
34 29
34 30
34 31
34 32
35 27
0
No
0
No
0
No
0
No
0
Yes
6 25
6 26
6 27
6 28
6 29
6 30
7 25
7 26
7 27
7 28
7 29
7 30
8 25
8 26
8 27
8 28
8 29
8 30
9 25
9 26
9 27
9 28
9 29
9 30
10 25
10 26
0
Yes
29 33
29 34
30 33
30 34
31 33
0
Yes
3 33
2 33
3 32
3 34
4 33
2 32
2 34
4 32
4 34
1 33
3 31
3 35
5 33
1 32
1 34
2 31
2 35
4 31
4 35
5 32
5 34
1 31
1 35
5 31
5 35
0 33
3 30
3 36
0 32
0 34
2 30
2 36
4 36
0 31
0 35
1 30
1 36
5 36
3 29
2 29
0 30
0 36
1 29
0 29
0
No
0
Yes
7 7
7 6
8 7
8 6
6 6
8 8
9 7
9 6
9 8
8 5
9 5
9 9
10 7
10 6
10 8
10 5
10 9
9 4
10 4
9 10
10 10
8 10
11 7
11 6
11 8
11 5
11 9
11 10
8 11
9 11
7 11
6 11
6 10
9 3
10 3
12 7
12 6
12 8
12 5
12 9
8 12
9 12
9 2
10 2
10 12
13 7
13 6
13 8
13 9
8 13
9 13
7 13
9 1
10 1
11 12
13 10
7 14
8 14
14 7
14 6
14 8
14 9
14 10
6 14
12 12
11 1
13 11
14 11
5 14
5 13
14 5
4 14
10 0
11 0
14 4
13 4
13 3
12 3
12 1
12 0
7 15
6 15
5 15
3 14
15 6
15 5
15 4
15 8
15 9
15 10
2 14
7 16
6 16
1 14
1 13
1 12
1 11
1 10
2 10
2 9
1 9
2 8
1 8
3 8
3 7
2 7
1 7
3 6
2 6
1 6
4 6
4 5
3 5
2 5
1 5
3 4
2 4
1 4
2 3
1 3
0 7
0 6
0 8
0 5
0 9
0 4
0 10
0 3
0 11
0 12
2 2
1 2
0 2
3 2
4 2
4 1
3 1
4 0
3 0
2 0
1 0
16 9
16 10
1 15
17 9
17 10
0
Yes
10 33
11 33
9 33
9 32
10 34
11 34
12 33
12 32
9 34
12 31
11 31
10 31
12 34
8 33
10 30
10 35
11 30
11 35
13 32
13 33
8 34
9 30
9 35
12 35
13 31
13 34
7 33
7 32
8 30
8 35
10 36
11 36
13 30
13 35
14 32
14 33
7 31
7 34
9 29
9 36
14 31
14 34
7 30
7 35
8 29
8 36
13 29
13 36
14 30
14 35
6 32
6 33
6 31
6 34
9 28
7 29
7 36
14 29
14 36
6 30
6 35
8 28
13 28
12 28
11 28
6 29
7 28
14 28
0
Yes
46 26
47 26
46 25
46 27
47 25
47 27
45 26
48 26
45 25
45 27
48 25
48 27
46 24
46 28
47 24
47 28
44 26
45 28
48 24
48 28
49 26
44 25
44 27
49 25
49 27
46 23
46 29
47 23
47 29
44 24
44 28
49 24
45 29
48 23
43 25
44 29
49 23
43 24
43 28
47 22
48 22
0
Yes
41 34
41 35
42 34
42 35
40 34
40 35
41 33
42 33
43 34
43 35
40 33
40 36
43 33
39 34
41 32
42 32
44 34
44 35
39 33
43 32
44 33
38 34
38 35
39 32
44 32
45 34
45 35
38 33
38 36
45 33
38 32
45 32
37 34
37 35
46 34
46 35
37 33
37 36
46 33
37 32
46 32
36 34
36 35
47 35
36 33
36 36
47 33
36 32
35 34
35 35
35 36
0
Yes
33 45
33 44
33 46
32 44
32 46
34 46
33 43
32 43
33 47
32 47
34 47
31 44
31 43
34 43
35 46
35 47
35 45
35 44
35 43
31 47
33 42
32 42
34 42
31 42
35 42
33 48
32 48
34 48
31 48
35 48
36 45
36 44
36 46
36 47
30 44
30 43
30 42
30 47
30 48
30 46
33 49
32 49
34 49
31 49
35 49
30 49
37 45
37 46
29 46
29 47
29 48
29 49
32 41
31 41
30 41
36 42
0
Yes
23 23
23 24
23 25
23 26
24 23
24 24
24 25
24 26
25 23
25 24
25 25
25 26
26 23
26 24
26 25
26 26
27 23
27 24
27 25
27 26
0
No
0
No
0
No
0
No
0
Yes
30 17
30 18
31 17
31 18
29 17
29 18
30 16
30 19
31 16
31 19
32 17
32 18
29 16
29 19
32 16
32 19
28 17
28 18
30 15
31 15
33 17
33 18
28 16
29 15
32 15
27 17
27 18
28 15
27 16
27 15
0
Yes
19 0
19 1
19 2
20 0
20 1
20 2
21 0
21 1
21 2
22 0
22 1
22 2
23 0
23 1
23 2
0
Yes
42 14
42 13
42 15
43 14
43 13
43 15
41 15
42 16
43 16
40 15
40 14
40 13
43 12
44 13
44 15
44 16
40 12
41 12
40 16
39 14
39 13
39 15
39 12
39 16
41 11
40 11
39 11
40 17
39 17
44 17
45 16
45 17
38 14
38 13
38 15
38 12
38 11
41 10
40 10
39 10
38 10
44 18
45 18
46 16
46 17
38 17
39 18
38 18
41 9
40 9
39 9
38 9
37 12
37 11
37 10
37 9
44 19
45 19
43 19
42 19
41 19
41 18
47 16
47 17
47 15
47 14
47 13
46 13
46 12
47 12
46 11
47 11
48 14
48 13
48 12
48 11
41 8
40 8
39 8
38 8
37 8
41 20
36 12
40 20
44 20
45 20
38 19
46 19
46 20
49 14
49 13
49 12
49 11
37 19
41 7
40 7
39 7
41 21
40 21
42 21
47 19
49 15
49 16
39 21
49 17
36 9
36 8
42 22
41 22
40 22
39 22
38 21
38 22
49 18
40 6
39 6
0
Yes
37 37
36 37
37 36
36 36
37 38
36 38
38 37
38 36
38 38
35 37
35 36
35 38
37 35
36 35
38 35
35 35
37 39
36 39
35 39
39 38
34 37
34 36
34 38
34 35
34 39
37 34
36 34
38 34
35 34
37 40
36 40
35 40
38 40
39 34
37 33
36 33
38 33
39 33
37 41
36 41
38 41
33 36
40 34
40 33
40 35
40 36
39 41
41 35
41 34
41 33
37 32
36 32
38 32
39 32
37 42
36 42
38 42
40 41
40 40
40 39
41 39
41 40
41 41
35 32
35 42
42 35
42 34
42 33
42 39
42 40
42 41
42 38
34 42
40 42
41 42
42 42
36 31
35 31
38 43
35 43
34 43
43 35
43 34
43 33
33 42
33 43
41 32
42 32
43 32
40 43
41 43
42 43
0
Yes
32 34
31 34
31 33
30 34
30 33
31 32
30 32
32 32
33 32
34 32
29 34
29 33
29 32
32 31
31 31
33 31
30 31
34 31
29 31
32 30
31 30
33 30
30 30
34 30
29 30
28 32
28 31
28 30
32 29
31 29
33 29
30 29
34 29
29 29
28 29
35 30
35 29
27 32
27 31
27 30
27 29
32 28
31 28
33 28
30 28
34 28
29 28
35 28
28 28
27 28
26 32
26 33
26 34
27 34
27 35
27 36
27 37
28 37
29 37
29 36
26 36
26 37
27 38
26 38
36 29
36 28
25 34
32 27
31 27
33 27
30 27
34 27
29 27
35 27
28 27
36 27
27 27
27 39
0
No
0
No
0
Yes
22 13
22 14
21 13
21 14
23 13
23 14
22 12
22 15
21 12
21 15
23 12
23 15
20 13
20 14
24 13
24 14
20 12
20 15
22 16
24 12
24 15
21 11
21 16
23 11
23 16
19 13
19 14
25 13
25 14
20 11
20 16
24 11
24 16
19 12
19 15
25 12
25 15
21 10
23 10
19 11
19 16
25 11
25 16
18 13
18 14
20 10
24 10
18 12
18 15
19 10
18 11
18 16
18 10
0
No
0
Yes
29 46
28 46
29 47
28 47
30 46
30 47
29 48
28 48
30 48
27 47
31 47
31 48
29 49
28 49
30 49
31 49
26 47
32 47
32 48
32 49
32 46
26 48
33 46
33 47
33 48
33 49
25 47
25 48
25 46
33 45
26 49
25 49
33 44
32 44
31 44
30 44
30 43
31 43
32 43
29 43
30 42
31 42
32 42
24 46
24 47
24 48
24 49
34 46
34 47
34 48
34 49
30 41
31 41
32 41
29 41
28 41
28 42
27 41
26 41
23 46
23 47
23 48
23 49
29 40
28 40
30 40
27 40
31 40
26 40
32 40
35 46
35 47
35 48
35 49
35 45
35 44
22 46
22 47
22 48
22 49
36 46
36 45
36 47
0
No
0
No
0
Yes
6 42
6 43
6 44
6 45
6 46
7 42
7 43
7 44
7 45
7 46
8 42
8 43
8 44
8 45
8 46
9 42
9 43
9 44
9 45
9 46
10 42
10 43
10 44
10 45
10 46
0
Yes
32 29
32 30
31 29
31 30
33 29
33 30
32 28
32 31
31 28
31 31
33 28
33 31
30 29
30 30
34 29
34 30
30 28
30 31
32 27
32 32
34 28
34 31
31 27
31 32
33 27
33 32
29 29
29 30
35 29
35 30
30 27
30 32
34 27
34 32
29 28
29 31
35 28
32 26
31 26
33 26
29 27
29 32
35 27
28 29
28 30
34 26
36 29
28 28
28 31
36 28
29 26
35 26
28 27
28 32
36 27
27 29
27 30
37 29
27 28
27 31
37 28
36 26
27 27
27 32
37 27
26 29
27 26
26 28
0
No
0
No
0
Yes
8 8
8 7
9 8
9 7
7 7
9 9
8 6
7 6
9 6
10 8
10 7
10 9
10 6
9 10
10 10
8 10
6 6
8 5
9 5
10 5
8 11
9 11
11 8
11 7
11 9
11 6
11 10
11 5
7 11
6 11
6 10
8 12
9 12
12 8
12 7
12 9
12 6
12 5
9 4
10 4
10 12
8 13
9 13
11 12
13 8
13 7
13 9
13 6
7 13
9 3
10 3
13 10
12 12
13 11
8 14
7 14
14 8
14 7
14 9
14 6
14 10
14 11
9 2
10 2
6 14
5 14
5 13
14 5
15 8
15 9
15 10
7 15
6 15
5 15
9 1
10 1
4 14
14 4
13 4
13 3
12 3
15 6
15 5
15 4
11 1
3 14
7 16
6 16
12 1
16 9
16 10
10 0
11 0
12 0
2 14
17 9
17 10
1 14
1 13
1 12
1 11
1 10
2 10
2 9
1 9
2 8
1 8
3 8
3 7
2 7
1 7
3 6
2 6
1 6
4 6
4 5
3 5
2 5
1 5
3 4
2 4
1 4
2 3
1 3
0 8
0 7
0 9
0 6
0 10
0 5
0 11
0 4
0 12
0 3
2 2
1 2
0 2
3 2
4 2
4 1
3 1
4 0
3 0
17 11
1 15
0
Yes
40 34
39 34
40 33
39 33
40 35
41 34
41 33
41 35
38 34
38 33
40 36
42 34
42 33
42 35
38 35
39 32
38 32
41 32
42 32
38 36
37 34
37 33
37 35
37 32
37 36
43 34
43 33
43 35
43 32
38 37
37 37
36 34
36 33
36 35
36 32
36 36
36 37
44 34
44 33
44 35
44 32
43 31
44 31
38 38
37 38
36 38
39 38
35 34
35 35
35 36
35 37
35 38
36 31
43 30
45 34
45 33
45 35
45 32
35 32
35 31
37 39
36 39
35 39
46 34
46 33
46 35
46 32
0
Yes
44 25
44 26
44 27
44 28
44 29
45 25
45 26
45 27
45 28
45 29
46 25
46 26
46 27
46 28
46 29
47 25
47 26
47 27
47 28
47 29
48 25
48 26
48 27
0
No
0
Yes
22 25
21 25
22 24
22 26
21 26
23 25
23 24
23 26
22 23
23 23
22 27
21 27
23 27
24 25
24 24
24 26
24 23
20 26
21 23
20 23
22 22
21 22
23 22
20 22
25 25
25 24
25 26
25 23
19 23
19 22
19 24
19 25
25 27
22 21
23 21
26 25
26 24
26 26
26 23
26 27
18 24
20 21
19 21
24 21
18 22
18 21
26 28
27 25
27 24
27 26
27 23
27 27
27 28
17 24
23 20
24 20
20 20
19 20
18 20
26 29
27 29
25 29
25 20
25 30
23 19
24 19
25 19
22 19
21 19
20 19
19 19
18 19
28 24
28 23
28 27
28 28
28 29
17 21
17 20
17 19
26 20
22 18
23 18
24 18
25 18
27 30
28 30
16 21
16 20
16 19
20 18
19 18
18 18
29 27
29 28
29 29
0
No
0
No
0
No
0
Yes
33 29
32 29
33 28
33 30
34 29
32 28
32 30
34 28
34 30
31 29
33 27
33 31
35 29
31 28
31 30
32 27
32 31
34 27
34 31
35 28
35 30
31 27
31 31
35 27
30 29
33 26
33 32
30 28
30 30
32 26
32 32
34 26
34 32
30 27
30 31
31 26
31 32
35 26
33 25
32 25
34 25
30 32
31 33
30 33
33 24
32 24
34 24
0
Yes
9 30
8 30
9 29
8 29
10 30
10 31
7 30
7 29
9 28
8 28
7 28
11 30
11 31
7 31
7 32
6 30
6 29
6 31
6 28
6 32
9 27
8 27
7 27
6 27
12 31
7 33
6 33
8 33
9 33
9 32
10 33
11 33
12 32
12 33
9 26
8 26
7 26
6 26
9 34
8 34
10 34
7 34
11 34
6 34
12 34
5 29
10 26
13 31
13 32
13 33
13 34
13 30
13 29
13 28
12 28
11 28
12 27
13 27
9 25
8 25
10 25
7 25
6 25
9 35
8 35
10 35
7 35
11 35
6 35
12 35
13 35
14 30
14 29
14 31
14 28
14 32
14 27
14 33
14 34
14 35
5 26
5 25
13 26
14 26
9 36
8 36
10 36
7 36
11 36
15 30
15 29
15 28
15 27
0
Yes
29 18
28 18
29 17
28 17
29 19
30 18
30 17
30 19
27 18
27 17
29 16
28 16
30 16
27 16
31 18
31 17
31 19
31 16
30 20
31 20
29 15
28 15
30 15
27 15
31 15
32 18
32 17
32 19
32 16
32 20
32 15
31 21
32 21
29 14
28 14
27 14
33 18
33 17
31 14
32 14
31 22
32 22
30 22
33 20
33 21
33 22
26 14
30 23
31 23
32 23
33 23
27 13
26 13
34 20
33 14
30 24
31 24
27 12
26 12
28 12
29 12
30 12
34 14
29 11
28 11
30 11
27 11
0
No
0
Yes
42 42
41 42
42 41
41 41
42 43
41 43
43 42
43 41
43 43
40 42
40 41
40 43
42 40
41 40
43 40
40 40
42 44
41 44
43 44
44 42
44 43
44 44
44 40
42 39
41 39
40 39
45 42
45 43
45 44
39 41
44 39
44 45
42 38
46 42
46 43
46 44
38 41
38 42
38 43
46 41
45 39
38 40
37 42
37 41
37 40
45 38
46 45
47 42
47 41
47 43
47 44
47 45
46 38
45 37
46 37
36 42
36 41
36 40
0
No
0
Yes
30 17
29 17
30 16
30 18
31 17
29 16
29 18
31 16
31 18
28 17
30 15
30 19
32 17
28 16
28 18
29 15
29 19
31 15
31 19
32 16
32 18
28 15
32 15
32 19
27 17
27 16
27 18
29 14
31 14
27 15
28 14
32 14
27 14
0
No
0
No
0
No
0
No
0
Yes
28 46
28 47
28 48
28 49
29 46
29 47
29 48
29 49
30 46
30 47
30 48
30 49
0
No
0
Yes
0 45
0 46
0 47
1 45
1 46
1 47
2 45
0
Yes
25 17
25 16
25 18
24 16
24 18
25 15
24 15
25 19
24 19
23 16
23 15
23 18
23 19
25 14
24 14
23 14
25 20
24 20
23 20
22 16
22 15
22 14
22 18
22 19
26 14
26 20
25 13
24 13
26 13
23 13
22 13
21 16
21 15
21 14
21 13
24 21
23 21
21 19
27 13
22 21
25 12
24 12
26 12
23 12
27 12
22 12
21 12
20 16
20 15
20 14
20 13
20 12
20 17
20 18
20 19
23 22
22 22
20 20
28 12
25 11
24 11
26 11
23 11
27 11
28 11
19 16
19 15
19 14
19 13
19 12
19 18
19 19
19 20
23 23
22 23
24 23
25 23
26 23
27 23
20 21
19 21
21 22
20 22
21 23
19 22
20 23
19 23
29 12
29 11
28 23
25 24
24 24
26 24
23 24
27 24
22 24
28 24
18 16
18 15
18 14
18 13
18 12
18 18
18 19
18 20
18 21
18 22
24 10
23 10
26 10
27 10
30 12
30 11
21 11
20 11
19 11
18 11
25 25
24 25
26 25
23 25
27 25
22 25
17 16
17 15
17 14
17 13
21 10
20 10
19 10
18 10
24 9
23 9
26 9
27 9
17 19
17 20
17 21
21 25
25 26
24 26
26 26
23 26
27 26
22 26
21 26
16 16
0
Yes
9 21
9 22
9 23
10 21
10 22
10 23
11 21
11 22
0
Yes
33 32
32 32
33 31
32 31
34 32
34 31
31 32
31 31
33 30
32 30
34 30
31 30
31 33
31 34
32 34
35 30
30 32
30 31
30 33
30 30
30 34
33 29
32 29
34 29
31 29
35 29
30 29
29 32
29 31
29 33
29 30
29 34
29 29
33 28
32 28
34 28
31 28
35 28
30 28
29 28
36 29
36 28
28 32
28 31
28 30
28 29
28 28
33 27
32 27
34 27
31 27
35 27
30 27
36 27
29 27
28 27
37 29
37 28
37 27
38 29
38 30
27 32
27 31
27 30
27 29
27 28
27 27
33 26
32 26
34 26
31 26
35 26
36 26
26 32
33 25
32 25
34 25
26 33
38 27
29 26
26 34
27 34
27 35
27 36
26 29
26 28
26 27
27 37
28 37
29 37
29 36
25 32
33 24
32 24
34 24
0
Yes
34 8
34 9
34 10
35 8
35 9
35 10
0
Yes
2 34
1 34
2 33
1 33
2 35
1 35
3 34
3 33
3 35
0 34
0 33
0 35
2 32
1 32
3 32
0 32
2 36
1 36
3 36
0 36
4 34
4 33
4 35
4 32
4 36
2 31
1 31
3 31
0 31
4 31
2 37
1 37
3 37
4 37
5 34
5 33
5 35
5 32
5 36
5 31
2 30
1 30
3 30
0 30
2 38
1 38
3 38
4 38
2 29
1 29
3 29
0 29
5 38
3 39
4 39
5 39
6 38
6 39
2 28
1 28
0 28
2 27
1 27
0 27
3 27
6 40
4 27
2 26
1 26
6 41
5 41
5 42
4 42
3 42
0
Yes
36 35
36 36
37 35
37 36
35 35
35 36
36 34
36 37
37 34
37 37
38 35
38 36
35 34
35 37
38 34
38 37
34 35
34 36
36 33
36 38
37 33
37 38
34 37
35 38
38 33
38 38
34 38
36 32
36 39
37 32
37 39
35 32
35 39
38 32
34 39
36 31
35 31
0
Yes
34 20
33 20
33 21
32 20
32 21
32 19
33 22
32 22
32 18
33 18
31 20
31 19
31 21
31 18
31 22
33 17
32 17
31 17
33 23
32 23
31 23
30 20
30 19
30 18
30 17
33 24
32 24
31 24
34 24
30 22
30 23
30 24
32 16
31 16
30 16
34 25
33 25
32 25
29 19
29 18
29 17
29 16
32 15
31 15
30 15
29 15
34 26
33 26
32 26
35 26
28 18
28 17
28 16
28 15
32 14
31 14
33 14
34 14
35 14
36 14
36 15
36 26
31 26
34 27
33 27
35 27
32 27
36 27
31 27
27 18
27 17
27 16
27 15
37 27
29 14
28 14
27 14
34 28
33 28
35 28
32 28
36 28
31 28
37 28
30 27
30 28
38 27
29 27
29 28
29 26
34 29
33 29
35 29
32 29
36 29
31 29
37 29
30 29
29 29
28 27
28 28
28 29
38 29
27 27
27 28
27 29
34 30
33 30
35 30
32 30
31 30
30 30
29 30
28 30
27 30
26 27
26 28
26 29
38 30
34 31
33 31
35 31
32 31
31 31
30 31
29 31
28 31
27 31
36 31
25 27
34 32
33 32
35 32
32 32
36 32
31 32
30 32
29 32
28 32
0
Yes
18 37
18 38
18 39
19 37
19 38
19 39
20 37
20 38
20 39
0
Yes
30 39
30 40
30 41
31 39
31 40
31 41
32 39
32 40
32 41
0
Yes
39 12
38 12
39 11
38 11
39 13
38 13
40 12
40 11
40 13
37 12
37 11
39 10
38 10
40 10
37 10
39 14
38 14
40 14
41 12
41 11
41 10
36 12
39 9
38 9
40 9
37 9
41 9
39 15
38 15
40 15
41 15
42 10
42 9
39 8
38 8
40 8
37 8
41 8
42 8
39 16
40 16
36 9
36 8
42 15
42 14
42 13
43 13
43 14
43 15
43 12
43 10
43 9
43 8
39 7
40 7
41 7
39 17
40 17
42 16
43 16
38 17
44 13
44 10
44 9
44 8
44 11
44 15
44 16
39 6
40 6
39 18
38 18
45 10
45 9
45 8
43 7
44 7
38 19
44 17
43 6
44 6
45 16
45 17
37 19
46 10
46 9
46 8
46 11
46 12
46 13
44 18
45 18
47 12
47 11
47 13
47 10
47 9
47 8
43 5
44 5
46 16
46 17
47 14
47 15
47 16
47 17
44 19
45 19
43 19
42 19
41 19
41 18
41 20
40 20
46 7
47 7
43 4
42 4
48 12
48 11
48 13
48 10
48 14
48 9
48 8
48 7
0
Yes
42 33
41 33
42 32
41 32
42 34
41 34
43 33
43 32
43 34
40 33
40 34
42 35
41 35
43 35
40 35
44 33
44 32
44 34
44 35
43 31
44 31
39 33
39 34
45 33
45 32
45 34
45 35
39 32
43 30
40 36
38 33
38 32
38 34
46 33
46 32
46 34
46 35
38 35
46 31
37 33
37 32
37 34
37 35
38 36
37 36
46 30
47 33
47 35
38 37
37 37
46 29
45 29
44 29
44 28
45 28
46 28
43 28
36 33
36 34
36 35
36 36
36 37
44 27
45 27
46 27
38 38
37 38
36 38
39 38
47 29
47 28
47 27
35 34
35 35
35 36
35 37
35 38
44 26
45 26
46 26
47 26
37 39
36 39
35 39
48 28
48 27
48 26
34 35
34 36
34 37
34 38
34 39
44 25
45 25
46 25
47 25
48 25
43 25
42 25
42 26
42 27
41 26
41 25
40 26
40 27
40 28
40 29
40 30
42 24
41 24
43 24
44 24
40 24
49 27
49 26
49 25
33 36
46 24
47 24
48 24
49 24
35 40
42 23
41 23
43 23
40 23
46 23
47 23
48 23
49 23
0
Yes
23 48
24 48
23 47
23 49
24 47
24 49
22 48
25 48
22 47
22 49
25 47
25 49
23 46
24 46
21 48
22 46
25 46
26 48
21 47
21 49
26 47
26 49
20 48
20 49
0
Yes
30 43
29 43
30 42
30 44
31 43
31 42
31 44
30 41
31 41
32 43
32 42
32 44
32 41
29 41
28 41
28 42
30 40
29 40
31 40
28 40
32 40
33 43
33 42
33 44
27 41
27 40
33 45
30 39
31 39
32 39
34 43
34 42
33 46
32 46
26 41
26 40
32 47
33 47
31 47
30 47
30 46
29 46
29 47
28 46
28 47
27 39
26 39
27 47
30 48
29 48
31 48
28 48
32 48
33 48
34 46
34 47
34 48
35 43
35 42
35 44
35 45
35 46
35 47
35 48
27 38
26 38
30 49
29 49
31 49
28 49
32 49
33 49
34 49
35 49
36 44
36 45
36 46
36 47
25 39
25 38
27 37
26 37
25 37
28 37
0
Yes
36 8
36 9
37 8
37 9
38 8
38 9
37 10
38 10
39 8
39 9
39 10
37 11
38 11
39 11
39 7
39 6
40 8
40 7
40 9
40 6
40 10
40 11
37 12
38 12
39 12
40 12
36 12
41 8
41 7
41 9
41 10
41 11
41 12
38 13
39 13
40 13
42 8
42 9
42 10
38 14
39 14
40 14
43 8
43 9
43 10
43 7
38 15
39 15
40 15
43 6
43 5
44 8
44 7
44 9
44 6
44 10
44 5
43 4
42 4
42 3
43 3
42 2
43 2
41 2
40 2
39 2
39 3
39 4
38 4
37 4
37 5
37 6
36 5
35 5
35 6
34 6
34 5
33 6
33 5
33 7
32 5
33 4
40 4
31 5
31 6
31 7
33 3
38 2
37 2
36 2
32 3
36 1
31 3
35 1
32 2
31 2
34 1
40 1
41 1
42 1
43 1
30 2
39 16
40 16
44 11
31 1
30 1
41 15
40 0
41 0
42 0
43 0
39 0
45 8
45 9
45 10
29 2
29 1
42 15
42 14
42 13
43 13
43 14
43 15
43 12
31 0
30 0
29 0
32 0
33 0
44 13
39 17
40 17
38 17
28 2
28 1
28 0
28 3
28 4
28 5
29 5
28 6
28 7
27 6
27 4
27 3
27 2
27 1
42 16
0
Yes
19 0
19 1
19 2
20 0
20 1
20 2
21 0
21 1
21 2
22 0
22 1
22 2
0
Yes
1 31
1 32
1 33
1 34
1 35
2 31
2 32
2 33
2 34
2 35
3 31
3 32
3 33
3 34
3 35
4 31
4 32
4 33
4 34
4 35
5 31
5 32
5 33
5 34
5 35
0
Yes
32 43
31 43
32 42
31 42
32 44
31 44
33 43
33 42
33 44
30 43
30 42
30 44
32 41
31 41
30 41
34 43
34 42
33 45
29 43
32 40
31 40
30 40
35 43
35 42
33 46
32 46
35 44
29 41
29 40
34 46
35 45
35 46
32 39
31 39
30 39
32 47
33 47
34 47
35 47
31 47
36 44
36 45
36 46
36 47
28 41
28 40
28 42
30 47
30 46
29 46
29 47
28 46
28 47
32 48
31 48
33 48
30 48
34 48
29 48
35 48
28 48
27 41
27 40
37 45
37 46
32 49
31 49
33 49
30 49
34 49
29 49
35 49
28 49
26 41
26 40
38 45
38 46
27 39
26 39
27 47
0
No
0
Yes
20 16
19 16
20 15
19 15
20 17
21 16
21 15
18 16
18 15
20 14
19 14
21 14
18 14
20 18
22 16
22 15
22 14
19 18
18 18
17 16
17 15
17 14
20 13
19 13
21 13
18 13
22 13
17 13
20 19
19 19
18 19
23 16
23 15
23 14
23 13
21 19
22 19
22 18
23 18
23 19
16 16
16 15
16 14
16 13
20 12
19 12
21 12
18 12
22 12
23 12
20 20
19 20
18 20
24 16
24 15
24 14
24 13
24 12
16 17
17 19
17 20
16 18
16 19
16 20
24 18
24 19
15 16
15 15
15 17
15 14
15 18
15 19
15 20
20 11
19 11
21 11
18 11
20 21
19 21
18 21
17 21
16 21
15 21
23 20
24 20
25 16
25 15
25 14
25 13
25 12
25 17
25 18
25 19
25 20
23 11
24 11
25 11
23 21
24 21
22 21
14 16
14 15
14 17
14 14
20 10
19 10
21 10
18 10
20 22
19 22
18 22
21 22
22 22
23 22
26 14
26 13
26 12
0
No
0
No
0
Yes
46 9
46 8
46 10
47 9
47 8
47 10
46 7
47 7
46 11
47 11
48 9
48 8
48 10
48 7
48 11
46 12
47 12
48 12
49 9
49 8
49 10
49 7
49 11
49 12
48 6
49 6
46 13
47 13
48 13
49 13
48 5
49 5
47 14
48 14
49 14
48 4
49 4
47 4
47 3
48 3
49 3
46 3
45 3
47 15
49 15
46 2
47 2
48 2
49 2
47 16
46 16
45 16
44 16
44 15
43 16
49 16
46 17
45 17
47 17
44 17
47 1
48 1
49 1
49 17
45 18
44 18
47 0
48 0
49 0
46 0
45 0
0
Yes
6 42
6 43
6 44
6 45
6 46
7 42
7 43
7 44
7 45
7 46
8 42
8 43
8 44
8 45
8 46
9 42
9 43
9 44
9 45
9 46
10 42
10 43
0
No
0
Yes
36 9
36 8
37 9
37 8
37 10
38 9
38 8
38 10
37 11
38 11
39 9
39 8
39 10
39 11
37 12
38 12
39 12
36 12
39 7
40 9
40 8
40 10
40 7
40 11
40 12
39 6
40 6
38 13
39 13
40 13
41 9
41 8
41 10
41 7
41 11
41 12
38 14
39 14
40 14
42 9
42 8
42 10
38 15
39 15
40 15
43 9
43 8
43 10
43 7
39 16
40 16
43 6
41 15
44 9
44 8
44 10
44 7
44 6
43 5
44 5
44 11
42 15
42 14
42 13
43 13
43 14
43 15
43 12
39 17
40 17
38 17
43 4
42 4
42 3
43 3
44 13
45 9
45 8
45 10
38 18
39 18
42 2
43 2
0
Yes
31 3
31 2
32 3
32 2
30 2
31 1
30 1
33 3
29 2
29 1
33 4
33 5
32 5
31 5
31 0
30 0
29 0
31 6
28 2
28 1
28 0
28 3
28 4
32 0
28 5
29 5
33 0
33 6
34 5
34 6
27 3
27 2
27 4
27 1
31 7
28 6
33 7
35 5
35 6
26 3
26 2
26 1
27 6
28 7
36 5
25 3
25 2
25 1
25 4
25 5
37 5
37 4
25 0
25 6
37 6
24 3
24 2
24 4
24 1
24 5
24 0
24 6
38 4
23 2
23 1
23 0
24 7
39 4
39 3
39 2
38 2
37 2
36 2
36 1
35 1
34 1
23 5
23 7
40 2
40 4
40 1
23 8
40 0
39 0
23 9
24 9
24 10
23 10
41 2
41 1
41 0
42 1
42 0
43 1
43 0
44 1
44 0
44 2
0
No
0
No
0
Yes
36 40
36 41
36 42
37 40
37 41
37 42
38 40
38 41
38 42
0
No
0
Yes
23 23
23 24
23 25
23 26
24 23
24 24
24 25
24 26
25 23
25 24
25 25
25 26
26 23
26 24
26 25
26 26
27 23
27 24
27 25
0
No
0
Yes
44 11
44 10
43 10
42 10
45 10
43 9
44 9
42 9
45 9
41 10
41 11
41 12
46 10
46 11
46 12
43 8
44 8
41 9
46 9
46 13
42 8
45 8
40 11
47 11
40 10
40 12
47 10
47 12
41 8
46 8
40 9
40 13
47 9
47 13
39 11
48 11
39 10
39 12
40 8
47 8
48 10
48 12
39 9
39 13
48 9
48 13
39 8
48 8
38 11
49 11
38 10
38 12
49 10
49 12
38 9
38 13
49 9
49 13
38 8
49 8
37 11
37 10
37 12
37 9
0
No
0
Yes
44 9
43 9
44 8
43 8
44 10
43 10
45 9
45 8
45 10
42 9
42 8
42 10
44 7
43 7
44 11
46 9
46 8
46 10
46 7
46 11
41 9
41 8
41 10
44 6
43 6
47 9
47 8
47 10
47 7
47 11
41 7
41 11
46 12
47 12
40 9
40 8
40 10
40 7
40 11
44 5
43 5
48 9
48 8
48 10
48 7
48 11
48 12
41 12
40 12
46 13
47 13
48 13
39 9
39 8
39 10
39 7
39 11
39 12
40 6
39 6
48 6
49 9
49 8
49 10
49 7
49 11
49 6
49 12
49 13
43 4
42 4
40 13
39 13
48 5
49 5
47 14
48 14
49 14
38 9
38 8
38 10
38 11
38 12
38 13
43 3
42 3
40 14
39 14
38 14
48 4
49 4
47 4
47 3
48 3
49 3
46 3
45 3
47 15
37 9
37 8
37 10
37 11
37 12
43 2
42 2
40 15
39 15
38 15
0
Yes
10 31
10 30
11 31
11 30
9 30
12 31
8 30
9 29
8 29
12 32
12 33
11 33
10 33
9 33
9 32
8 33
10 34
9 34
11 34
8 34
12 34
13 31
13 32
13 33
13 34
7 30
7 29
7 31
7 32
7 33
7 34
9 28
8 28
7 28
13 30
13 29
6 31
6 30
6 32
6 29
6 33
6 28
6 34
10 35
9 35
11 35
8 35
12 35
7 35
13 35
6 35
14 31
14 30
14 32
14 29
14 33
14 34
14 35
9 27
8 27
7 27
6 27
13 28
14 28
12 28
11 28
12 27
13 27
14 27
10 36
9 36
11 36
8 36
7 36
9 26
8 26
7 26
6 26
10 26
15 30
15 29
15 28
15 27
15 32
5 29
13 26
14 26
15 26
13 36
14 36
10 25
9 25
8 25
7 25
6 25
10 37
9 37
11 37
12 37
13 37
14 37
15 35
15 36
15 37
13 25
14 25
15 25
12 25
16 28
16 27
16 26
16 25
5 26
5 25
11 38
12 38
13 38
14 38
15 38
16 35
16 36
16 37
12 24
13 24
14 24
7 24
6 24
5 24
17 28
17 27
17 35
17 34
17 33
12 39
13 39
14 39
4 25
4 24
7 23
6 23
5 23
0
Yes
31 32
30 32
31 31
30 31
31 33
30 33
32 32
32 31
29 32
29 31
29 33
31 30
30 30
32 30
29 30
31 34
30 34
29 34
33 32
33 31
33 30
32 34
28 32
28 31
28 30
31 29
30 29
32 29
29 29
33 29
28 29
34 32
34 31
34 30
34 29
27 32
27 31
27 30
27 29
31 28
30 28
32 28
29 28
33 28
28 28
34 28
27 28
35 32
35 31
35 30
35 29
35 28
26 32
31 27
30 27
32 27
29 27
33 27
28 27
34 27
27 27
35 27
36 32
36 31
26 33
26 34
27 34
27 35
27 36
26 29
26 28
26 27
36 29
36 28
36 27
25 32
31 26
32 26
33 26
34 26
35 26
36 26
25 34
29 26
26 36
27 37
26 37
28 37
29 37
29 36
25 29
25 30
37 29
37 28
37 27
24 32
32 25
33 25
34 25
25 36
25 37
27 26
26 26
27 38
26 38
25 38
38 29
38 30
25 27
25 26
24 36
24 37
24 38
27 25
26 25
25 25
27 39
26 39
25 39
32 24
33 24
34 24
0
Yes
5 0
5 1
5 2
5 3
6 0
6 1
6 2
6 3
7 0
7 1
7 2
7 3
8 0
8 1
0
Yes
30 44
30 43
31 44
31 43
29 43
30 42
31 42
32 44
32 43
32 42
30 41
31 41
32 41
33 44
33 43
33 42
29 41
33 45
28 41
28 42
33 46
32 46
32 47
33 47
31 47
30 47
30 46
29 46
29 47
28 46
28 47
30 40
29 40
31 40
28 40
32 40
30 48
29 48
31 48
28 48
32 48
33 48
34 43
34 42
27 41
27 40
27 47
34 46
34 47
34 48
26 41
26 40
26 47
30 39
31 39
32 39
30 49
29 49
31 49
28 49
32 49
33 49
34 49
35 43
35 42
35 44
35 45
35 46
35 47
35 48
35 49
26 48
25 47
25 48
25 46
36 44
36 45
36 46
36 47
24 46
24 47
24 48
26 49
25 49
24 49
37 45
37 46
23 46
23 47
23 48
23 49
36 49
38 45
38 46
22 46
22 47
22 48
22 49
37 49
0
Yes
0 45
0 46
0 47
1 45
1 46
1 47
2 45
0
No
0
No
0
No
0
Yes
5 36
4 36
5 35
4 35
4 37
3 36
3 35
3 37
5 34
4 34
3 34
4 38
3 38
5 38
6 38
2 36
2 35
2 37
2 34
2 38
5 33
4 33
3 33
2 33
5 39
4 39
6 39
3 39
1 36
1 35
1 37
1 34
1 38
1 33
5 32
4 32
3 32
2 32
1 32
6 40
0 36
0 35
0 34
0 33
0 32
5 31
4 31
3 31
2 31
1 31
0 31
6 41
5 41
5 42
6 42
4 42
3 30
2 30
1 30
0 30
3 42
3 41
2 41
2 42
2 40
7 42
1 41
1 42
8 42
5 43
6 43
7 43
8 43
0 41
0 42
0 40
9 42
9 43
9 41
10 41
10 42
10 43
3 29
2 29
1 29
0 29
3 43
2 43
6 44
7 44
8 44
9 44
10 44
2 28
1 28
0 28
2 44
0
Yes
30 17
29 17
30 16
30 18
31 17
29 16
29 18
31 16
31 18
28 17
30 15
30 19
32 17
28 16
28 18
29 15
29 19
31 15
31 19
32 16
32 18
28 15
32 15
32 19
27 17
33 17
27 16
27 18
29 14
31 14
33 18
27 15
28 14
32 14
27 14
0
No
0
Yes
42 2
42 3
42 4
43 2
43 3
43 4
0
Yes
38 8
38 9
38 10
38 11
38 12
38 13
38 14
38 15
39 8
39 9
39 10
39 11
39 12
39 13
39 14
39 15
40 8
40 9
40 10
40 11
40 12
40 13
40 14
40 15
41 8
41 9
41 10
41 11
41 12
0
No
0
Yes
27 15
27 16
27 17
27 18
28 15
28 16
28 17
28 18
29 15
29 16
29 17
29 18
30 15
30 16
30 17
30 18
31 15
31 16
31 17
0
Yes
11 35
10 35
11 34
11 36
12 35
10 34
10 36
12 34
9 35
11 33
13 35
9 34
9 36
10 33
12 33
13 34
13 36
9 33
13 33
8 35
14 35
8 34
8 36
14 34
14 36
8 33
14 33
7 35
7 34
7 36
7 33
0
Yes
41 10
40 10
41 9
40 9
41 11
40 11
42 10
42 9
39 10
39 9
39 11
41 8
40 8
42 8
39 8
41 12
40 12
39 12
43 10
43 9
43 8
38 10
38 9
38 11
38 8
38 12
41 7
40 7
39 7
44 10
44 9
44 8
40 13
39 13
38 13
44 11
43 7
44 7
37 10
37 9
37 11
37 8
37 12
45 10
45 9
45 8
40 6
39 6
40 14
39 14
0
Yes
10 31
10 30
11 31
11 30
9 30
12 31
8 30
9 29
8 29
12 32
12 33
11 33
10 33
9 33
9 32
8 33
10 34
9 34
11 34
8 34
12 34
13 31
13 32
13 33
13 34
7 30
7 29
7 31
7 32
7 33
7 34
9 28
8 28
7 28
13 30
13 29
6 31
6 30
6 32
6 29
6 33
6 28
6 34
10 35
9 35
11 35
8 35
12 35
7 35
13 35
6 35
14 31
14 30
14 32
14 29
14 33
14 34
14 35
9 27
8 27
7 27
6 27
13 28
14 28
12 28
11 28
12 27
13 27
14 27
10 36
9 36
11 36
8 36
7 36
9 26
8 26
7 26
6 26
10 26
15 30
15 29
15 28
15 27
15 32
5 29
13 26
14 26
15 26
13 36
14 36
10 25
9 25
8 25
7 25
6 25
10 37
9 37
11 37
12 37
13 37
14 37
15 35
15 36
15 37
13 25
14 25
15 25
12 25
16 28
16 27
16 26
16 25
5 26
5 25
11 38
12 38
13 38
14 38
15 38
0
No
0
No
0
Yes
44 44
43 44
44 43
43 43
44 45
45 44
45 43
42 44
42 43
44 42
43 42
45 42
42 42
46 44
46 43
46 42
46 45
41 44
41 43
41 42
47 44
47 43
47 45
47 42
43 41
42 41
41 41
46 41
47 41
47 46
40 43
40 42
40 41
43 40
42 40
41 40
40 40
44 40
48 45
48 46
47 47
48 47
48 42
44 39
47 48
48 48
45 39
42 39
41 39
40 39
49 42
49 43
49 44
39 41
47 49
48 49
49 41
45 38
42 38
46 38
49 40
49 48
49 49
0
Yes
38 21
38 22
39 21
39 22
40 21
40 22
41 21
41 22
42 21
42 22
0
Yes
9 21
9 22
10 21
10 22
9 23
10 23
11 21
11 22
8 23
11 20
7 23
7 22
11 19
12 21
12 20
6 22
6 23
6 21
6 20
7 20
8 20
6 19
7 24
6 24
13 21
13 20
5 22
5 23
5 24
6 18
5 19
5 18
13 19
13 18
14 21
14 20
4 22
4 23
4 24
4 21
14 22
14 23
13 17
12 17
11 17
10 17
10 18
12 16
13 16
14 24
13 24
12 24
15 22
15 23
3 23
3 24
4 25
12 15
13 15
11 15
10 15
2 23
2 22
2 21
2 20
2 19
11 14
12 14
2 18
3 18
1 21
1 22
1 23
0
Yes
39 4
38 4
39 3
40 4
37 4
39 2
37 5
38 2
40 2
37 2
37 6
41 2
36 5
40 1
41 1
36 2
42 2
42 1
42 3
42 4
43 4
43 3
43 2
43 1
35 5
40 0
41 0
42 0
43 0
39 0
43 5
36 1
35 6
43 6
35 1
34 5
34 6
44 5
44 6
44 2
44 1
44 0
34 1
33 5
33 6
33 4
33 3
33 7
45 1
45 0
32 3
32 5
32 2
31 3
31 2
31 5
46 0
31 6
31 1
31 7
0
No
0
No
0
Yes
27 27
27 28
27 29
27 30
27 31
27 32
28 27
28 28
28 29
28 30
28 31
28 32
29 27
29 28
29 29
29 30
29 31
29 32
30 27
30 28
30 29
30 30
30 31
30 32
31 27
31 28
31 29
31 30
31 31
31 32
32 27
32 28
32 29
32 30
32 31
32 32
33 27
0
No
0
Yes
9 5
8 5
9 4
9 6
8 6
10 5
10 4
10 6
9 3
10 3
9 7
8 7
10 7
11 5
11 6
11 7
7 6
7 7
8 3
7 3
9 2
8 2
10 2
7 2
9 8
8 8
10 8
11 8
12 5
12 6
12 7
12 8
6 6
6 3
6 2
9 1
8 1
10 1
7 1
6 1
9 9
10 9
11 9
12 9
13 6
13 7
13 8
13 9
5 3
5 2
5 1
5 4
11 1
9 0
8 0
10 0
7 0
11 0
6 0
5 0
9 10
10 10
11 10
12 1
12 0
8 10
0
No
0
No
0
Yes
32 26
31 26
32 25
33 26
33 25
32 24
33 24
34 26
34 25
34 24
31 24
34 27
30 24
34 28
33 28
32 23
31 23
33 23
30 23
35 26
35 27
35 28
33 29
34 29
35 29
32 22
31 22
33 22
30 22
36 26
36 27
36 28
36 29
33 30
34 30
35 30
32 21
31 21
33 21
33 31
34 31
35 31
37 27
37 28
37 29
32 20
31 20
33 20
33 32
34 32
35 32
38 27
30 20
0
No
0
Yes
42 32
42 33
42 34
42 35
43 32
43 33
43 34
43 35
44 32
44 33
44 34
44 35
45 32
45 33
45 34
45 35
46 32
46 33
46 34
46 35
0
Yes
11 36
10 36
11 35
10 35
11 37
10 37
12 35
12 37
9 36
9 35
9 37
11 34
10 34
12 34
9 34
11 38
12 38
13 35
13 34
13 36
13 37
13 38
8 36
8 35
8 34
11 33
10 33
12 33
9 33
13 33
8 33
14 36
14 35
14 37
14 34
14 38
14 33
12 39
13 39
14 39
7 36
7 35
7 34
7 33
15 36
15 35
15 37
15 38
12 32
13 32
14 32
9 32
13 40
14 40
16 36
16 35
16 37
6 35
6 34
6 33
12 31
0
Yes
23 23
23 24
23 25
23 26
24 23
24 24
24 25
24 26
25 23
25 24
25 25
25 26
26 23
26 24
26 25
26 26
27 23
27 24
27 25
27 26
0
No
0
Yes
36 37
35 37
36 36
35 36
36 38
35 38
37 37
37 36
37 38
34 37
34 36
34 38
36 35
35 35
37 35
34 35
36 39
35 39
37 39
34 39
38 37
38 36
38 38
38 35
36 34
35 34
37 34
38 34
36 40
35 40
37 40
33 36
39 38
38 40
36 33
37 33
38 33
36 41
37 41
38 41
39 34
39 33
36 32
37 32
38 32
39 32
36 42
37 42
0
No
0
No
0
No
0
Yes
4 34
5 34
4 33
4 35
5 33
5 35
3 34
6 34
3 33
3 35
6 33
6 35
4 32
4 36
5 32
5 36
2 34
3 32
3 36
6 32
7 34
2 33
2 35
7 33
7 35
4 31
5 31
2 32
2 36
7 32
7 36
3 31
6 31
1 34
8 34
1 33
1 35
8 33
8 35
2 31
7 31
1 32
1 36
8 36
0 34
0 33
0 35
1 31
0 32
0
No
0
No
0
No
0
Yes
20 12
20 13
20 14
20 15
20 16
21 12
21 13
21 14
21 15
21 16
22 12
22 13
22 14
22 15
22 16
23 12
23 13
23 14
23 15
23 16
24 12
24 13
24 14
24 15
24 16
25 12
25 13
25 14
25 15
25 16
0
No
0
No
0
Yes
38 15
38 14
39 15
39 16
40 15
40 16
39 17
40 17
38 17
38 18
39 18
41 15
38 19
42 15
37 19
42 14
42 16
42 13
43 15
43 14
43 16
43 13
43 12
44 15
44 16
44 13
44 17
44 18
45 16
45 17
45 18
44 19
45 19
43 19
42 19
41 19
41 18
41 20
40 20
40 21
41 21
39 21
38 21
38 22
39 22
40 22
41 22
42 21
42 22
44 20
45 20
46 16
46 17
40 23
41 23
42 23
46 19
46 20
47 16
47 17
47 15
47 14
40 24
41 24
42 24
47 13
46 13
46 12
47 12
46 11
47 11
43 23
43 24
46 10
47 10
47 19
46 9
47 9
48 14
48 13
48 12
48 11
48 10
48 9
41 25
42 25
43 25
46 8
47 8
48 8
44 24
44 25
49 14
49 13
49 12
49 11
49 10
49 9
49 8
49 15
49 16
49 17
46 7
47 7
48 7
49 7
41 26
42 26
40 26
49 18
40 27
45 25
44 26
45 26
42 27
0
Yes
36 38
37 38
36 37
36 39
37 37
37 39
35 38
38 38
35 37
35 39
38 37
36 36
36 40
37 36
37 40
34 38
35 36
35 40
38 36
38 40
34 37
34 39
36 35
36 41
37 35
37 41
34 36
35 35
38 35
38 41
34 35
36 34
36 42
37 34
37 42
35 34
38 34
38 42
36 33
37 33
0
Yes
29 43
30 43
30 42
30 44
31 43
31 42
31 44
30 41
31 41
29 41
28 41
28 42
27 41
29 40
28 40
30 40
27 40
31 40
32 43
32 42
32 44
32 41
32 40
26 41
26 40
33 43
33 42
33 44
30 39
31 39
32 39
27 39
26 39
33 45
33 46
32 46
32 47
33 47
31 47
30 47
30 46
29 46
29 47
28 46
28 47
27 47
26 47
29 48
28 48
30 48
31 48
32 48
33 48
34 43
34 42
27 38
26 38
25 39
25 38
25 47
25 46
24 46
24 47
26 48
25 48
24 48
34 46
34 47
34 48
29 49
28 49
30 49
31 49
32 49
33 49
34 49
35 43
35 42
35 44
27 37
26 37
25 37
28 37
29 37
35 45
35 46
35 47
35 48
35 49
23 46
23 47
23 48
26 49
25 49
24 49
23 49
29 36
24 38
24 37
36 44
36 45
36 46
36 47
27 36
26 36
25 36
24 36
22 46
22 47
22 48
22 49
27 35
37 45
37 46
23 37
21 47
21 48
21 49
27 34
36 49
38 45
38 46
26 34
0
Yes
13 35
13 36
12 35
14 35
14 36
13 34
13 37
12 34
12 37
14 34
14 37
11 35
11 36
15 35
15 36
11 34
11 37
13 33
13 38
15 37
12 33
12 38
14 33
14 38
10 35
10 36
16 35
16 36
11 33
11 38
15 38
10 34
10 37
16 37
13 32
12 32
14 32
10 33
9 35
9 36
15 32
9 34
9 37
9 33
0
Yes
6 42
6 43
6 44
6 45
6 46
7 42
7 43
7 44
7 45
7 46
8 42
8 43
8 44
8 45
8 46
9 42
9 43
9 44
9 45
9 46
10 42
10 43
10 44
10 45
10 46
0
Yes
20 14
19 14
20 13
19 13
20 15
19 15
21 14
21 13
21 15
18 14
18 13
18 15
20 12
19 12
21 12
18 12
20 16
19 16
21 16
18 16
22 14
22 13
22 15
22 12
22 16
17 14
17 13
17 15
17 16
20 11
19 11
21 11
18 11
20 17
23 14
23 13
23 15
23 12
23 16
16 14
16 13
16 15
16 16
20 10
19 10
21 10
18 10
20 18
24 14
24 13
24 15
24 12
24 16
19 18
17 11
17 10
23 11
24 11
18 18
15 14
15 15
15 16
16 17
15 17
20 9
20 19
19 19
18 19
23 10
24 10
25 14
25 13
25 15
25 12
25 16
25 11
21 19
18 9
17 9
22 19
22 18
23 18
23 19
16 10
16 9
16 18
15 18
24 18
24 19
17 19
16 19
15 19
23 9
24 9
25 17
25 18
25 19
14 14
14 15
14 16
14 17
20 20
19 20
18 20
17 20
16 20
15 20
26 14
26 13
26 12
26 11
14 13
15 10
15 9
23 8
23 20
24 20
25 20
20 21
19 21
18 21
17 21
16 21
15 21
27 14
27 13
27 12
27 11
13 15
13 16
0
Yes
21 12
21 13
21 14
21 15
21 16
22 12
22 13
22 14
22 15
22 16
23 12
23 13
23 14
23 15
23 16
24 12
24 13
24 14
24 15
24 16
25 12
25 13
25 14
25 15
25 16
26 12
0
No
0
Yes
16 17
16 16
17 16
16 18
18 16
15 17
17 15
15 16
15 18
16 15
16 19
17 19
18 15
18 19
18 18
19 16
19 18
15 15
15 19
19 15
19 19
14 17
17 14
17 20
14 16
16 14
16 20
18 14
18 20
20 16
20 17
20 18
14 15
15 14
15 20
19 14
19 20
20 15
20 19
13 17
17 13
17 21
13 16
13 18
16 13
16 21
18 13
18 21
14 14
14 20
20 14
20 20
13 15
13 19
15 21
19 13
19 21
13 20
14 13
14 21
20 13
20 21
18 12
19 12
13 21
20 12
0
Yes
9 5
8 5
9 4
9 6
8 6
10 5
10 4
10 6
9 3
10 3
9 7
8 7
10 7
11 5
11 6
11 7
7 6
7 7
8 3
7 3
9 2
8 2
10 2
7 2
9 8
8 8
10 8
11 8
12 5
12 6
12 7
12 8
6 6
6 3
6 2
9 1
8 1
10 1
7 1
6 1
9 9
10 9
11 9
12 9
13 6
13 7
13 8
13 9
5 3
5 2
5 1
5 4
11 1
9 0
8 0
10 0
7 0
11 0
6 0
5 0
9 10
10 10
11 10
12 1
12 0
8 10
14 6
14 7
14 8
14 9
14 5
14 4
13 4
13 3
12 3
4 2
4 1
4 0
9 11
8 11
15 5
15 4
15 6
7 11
13 10
14 10
3 2
3 1
3 0
6 11
6 10
15 8
15 9
15 10
9 12
8 12
0
Yes
23 23
23 24
23 25
23 26
24 23
24 24
24 25
24 26
25 23
25 24
25 25
25 26
26 23
26 24
26 25
26 26
27 23
27 24
27 25
27 26
0
No
0
Yes
27 27
27 28
27 29
27 30
27 31
27 32
28 27
28 28
28 29
28 30
28 31
28 32
29 27
29 28
29 29
29 30
29 31
29 32
30 27
30 28
30 29
30 30
30 31
30 32
31 27
31 28
31 29
31 30
31 31
31 32
32 27
0
Yes
27 15
27 16
27 17
27 18
28 15
28 16
28 17
28 18
29 15
29 16
29 17
29 18
30 15
30 16
30 17
30 18
31 15
31 16
31 17
31 18
32 15
32 16
32 17
0
Yes
4 34
5 34
4 33
4 35
5 33
5 35
3 34
6 34
3 33
3 35
6 33
6 35
4 32
4 36
5 32
5 36
2 34
3 32
3 36
6 32
7 34
2 33
2 35
7 33
7 35
4 31
5 31
2 32
2 36
7 32
7 36
3 31
6 31
1 34
8 34
1 33
1 35
8 33
8 35
2 31
7 31
1 32
1 36
8 36
0 34
0 33
0 35
1 31
0 32
0 36
0
No
0
Yes
29 33
29 34
30 33
30 34
31 33
31 34
0
Yes
40 11
41 11
40 10
40 12
41 10
41 12
39 11
39 10
39 12
42 10
40 9
40 13
41 9
38 11
39 9
39 13
42 9
38 10
38 12
43 10
40 8
40 14
41 8
38 9
38 13
43 9
39 8
39 14
42 8
37 11
37 10
37 12
38 8
38 14
43 8
37 9
40 7
41 7
39 7
37 8
43 7
0
Yes
11 31
10 31
11 30
10 30
12 31
12 32
13 31
13 32
9 30
12 33
13 33
11 33
10 33
13 30
9 29
9 33
9 32
13 29
11 34
10 34
12 34
9 34
13 34
14 31
14 30
14 32
14 29
14 33
14 34
8 30
8 29
9 28
8 28
13 28
14 28
12 28
11 28
11 35
10 35
12 35
9 35
13 35
14 35
7 30
7 29
7 28
12 27
13 27
14 27
15 30
15 29
15 28
15 27
15 32
9 27
8 27
7 27
11 36
10 36
9 36
6 30
6 29
6 28
6 27
9 26
8 26
7 26
6 26
10 26
13 26
14 26
15 26
13 36
14 36
15 35
15 36
16 28
16 27
16 26
11 37
10 37
9 37
10 25
9 25
8 25
7 25
6 25
12 37
13 37
14 37
15 37
5 29
13 25
14 25
15 25
16 25
12 25
16 35
16 36
16 37
17 28
17 27
11 38
12 38
13 38
14 38
15 38
12 24
13 24
14 24
0
No
0
Yes
32 22
31 22
32 21
31 21
32 23
31 23
33 22
33 21
33 23
30 22
30 23
32 20
31 20
33 20
32 24
31 24
33 24
30 24
30 20
34 20
34 24
32 19
31 19
30 19
32 25
33 25
34 25
32 18
31 18
30 18
32 26
33 26
34 26
31 26
33 18
29 19
29 18
32 17
31 17
33 17
30 17
29 17
35 26
33 27
34 27
35 27
28 18
28 17
36 26
36 27
32 16
31 16
30 16
29 16
28 16
33 28
34 28
35 28
36 28
32 28
27 18
27 17
27 16
32 15
31 15
30 15
29 15
28 15
27 15
32 29
33 29
34 29
35 29
36 29
37 27
37 28
37 29
0
Yes
36 37
36 38
37 37
37 38
35 37
35 38
36 36
36 39
37 36
37 39
38 37
38 38
35 36
35 39
38 36
34 37
34 38
36 35
36 40
37 35
37 40
34 36
34 39
35 35
35 40
38 35
38 40
34 35
36 34
37 34
35 34
38 34
0
No
0
Yes
27 11
27 12
28 11
28 12
29 11
29 12
30 11
30 12
0
No
0
Yes
26 20
25 20
25 19
24 20
24 19
24 21
25 18
24 18
23 20
23 19
23 21
23 18
25 17
23 22
22 19
22 18
22 21
22 22
25 16
23 23
22 23
24 23
25 23
26 23
27 23
28 23
26 24
25 24
27 24
24 24
28 24
23 24
22 24
24 16
23 16
26 25
25 25
27 25
24 25
23 25
22 25
21 19
25 15
24 15
23 15
21 22
21 23
22 16
22 15
26 26
25 26
27 26
24 26
23 26
22 26
20 19
20 20
20 21
20 22
20 23
25 14
24 14
23 14
22 14
26 14
27 14
20 18
28 14
21 16
21 15
21 14
20 17
20 16
20 15
20 14
29 14
19 20
19 19
19 21
19 18
19 22
19 23
26 13
25 13
27 13
24 13
23 13
22 13
21 13
20 13
0
Yes
38 22
38 21
39 22
39 21
40 22
40 21
40 23
40 20
40 24
41 22
41 21
41 23
41 20
41 24
42 22
42 21
42 23
42 24
41 19
41 25
42 25
41 18
41 26
42 26
40 26
42 19
43 23
43 24
43 25
40 27
43 19
40 28
44 24
44 25
42 27
44 19
44 20
44 18
44 26
40 29
45 20
45 19
45 18
45 25
45 26
44 17
45 17
44 27
45 27
40 30
46 20
46 19
44 16
45 16
43 16
42 16
42 15
43 15
44 15
41 15
40 15
40 16
40 17
39 17
39 16
39 15
39 18
38 18
38 17
38 19
37 19
38 15
38 14
39 14
40 14
44 28
45 28
43 28
46 25
46 26
46 27
46 28
46 24
46 23
42 14
43 14
38 13
39 13
40 13
47 23
47 24
47 25
47 26
47 27
47 28
47 22
44 29
45 29
46 29
47 29
46 17
46 16
47 19
42 13
43 13
38 12
39 12
40 12
48 22
48 23
48 24
48 25
48 26
48 27
48 28
37 12
36 12
47 17
47 16
41 12
44 13
38 11
37 11
39 11
40 11
41 11
49 22
49 23
49 24
49 25
49 26
49 27
49 21
43 12
49 20
48 20
46 30
47 15
38 10
37 10
39 10
40 10
41 10
0
Yes
0 4
0 5
0 6
0 7
0 8
0 9
0 10
1 4
1 5
1 6
1 7
1 8
1 9
1 10
2 4
2 5
2 6
2 7
2 8
2 9
2 10
3 4
3 5
3 6
3 7
0
No
0
Yes
35 39
34 39
35 38
34 38
35 40
36 39
36 38
36 40
35 37
34 37
36 37
37 39
37 38
37 40
37 37
36 41
37 41
35 36
34 36
36 36
37 36
36 42
37 42
35 42
34 42
38 38
38 37
38 36
38 40
38 41
38 42
33 36
33 42
35 35
34 35
36 35
37 35
38 35
35 43
34 43
33 43
39 38
32 42
32 43
32 41
32 40
32 39
31 39
31 40
31 41
31 42
31 43
39 41
30 39
30 40
30 41
30 42
30 43
35 34
36 34
0
No
0
No
0
No
0
Yes
48 8
48 9
47 8
47 9
49 8
49 9
48 7
48 10
47 7
47 10
49 7
49 10
46 8
46 9
46 7
46 10
48 6
48 11
47 11
49 6
49 11
46 11
48 5
48 12
47 12
49 5
49 12
46 12
48 4
48 13
47 4
47 13
49 4
49 13
46 13
48 3
48 14
47 3
47 14
49 3
49 14
46 3
48 2
47 2
49 2
46 2
0
Yes
41 34
42 34
41 33
41 35
42 33
42 35
40 34
43 34
40 33
40 35
43 33
43 35
41 32
42 32
39 34
43 32
44 34
39 33
44 33
44 35
39 32
44 32
38 34
45 34
38 33
45 33
45 35
38 32
45 32
37 34
46 34
37 33
46 33
46 35
37 32
0
Yes
19 0
19 1
19 2
20 0
20 1
20 2
21 0
21 1
21 2
22 0
22 1
22 2
23 0
23 1
23 2
24 0
24 1
24 2
25 0
25 1
25 2
0
Yes
35 29
35 30
34 29
34 30
36 29
35 28
35 31
34 28
34 31
36 28
36 31
33 29
33 30
37 29
33 28
33 31
35 27
35 32
37 28
34 27
34 32
36 27
36 32
32 29
32 30
33 27
33 32
37 27
32 28
32 31
35 26
34 26
36 26
32 32
0
Yes
27 11
26 11
27 10
26 10
27 12
26 12
28 11
28 12
25 11
25 12
27 9
26 9
29 11
29 12
24 11
24 12
30 11
30 12
24 10
24 9
23 11
23 10
23 12
23 9
23 8
22 12
23 7
24 7
24 6
25 6
21 12
21 11
21 10
25 5
24 5
20 11
20 10
20 12
23 5
20 9
25 4
24 4
19 11
19 10
19 12
19 13
25 3
24 3
26 3
27 3
27 4
28 4
28 3
28 5
28 6
28 7
27 6
29 5
19 14
19 15
18 11
18 10
18 12
18 13
18 14
18 15
27 2
26 2
28 2
18 9
29 2
19 16
18 16
30 2
31 2
31 3
32 3
32 2
17 11
17 10
17 9
27 1
26 1
28 1
29 1
30 1
31 1
33 3
33 4
33 5
32 5
31 5
31 6
31 7
33 6
33 7
34 6
34 5
35 6
35 5
17 13
17 14
17 15
17 16
36 5
16 10
16 9
28 0
29 0
30 0
31 0
16 13
16 14
16 15
16 16
37 5
37 6
32 0
37 4
15 14
15 15
15 16
16 17
15 17
33 0
16 18
15 18
38 4
14 14
14 15
14 16
14 17
14 13
16 19
15 19
17 19
18 19
18 18
18 20
17 20
16 20
15 20
18 21
17 21
16 21
15 21
39 4
18 22
39 3
0
Yes
31 20
30 20
31 19
30 19
31 21
32 20
32 19
32 21
31 18
30 18
32 18
31 22
32 22
33 20
33 21
33 22
29 19
29 18
30 22
33 18
31 17
30 17
32 17
29 17
33 17
31 23
30 23
32 23
33 23
34 20
28 18
28 17
31 16
30 16
32 16
29 16
28 16
31 24
30 24
32 24
33 24
27 18
27 17
27 16
31 15
30 15
32 15
29 15
28 15
27 15
0
Yes
26 10
26 9
26 11
27 10
27 9
27 11
25 11
26 12
25 12
27 12
24 11
24 12
24 10
24 9
28 11
28 12
23 10
23 9
23 11
23 12
29 11
29 12
23 8
30 11
30 12
23 7
24 7
22 12
24 6
25 6
25 5
24 5
21 12
21 11
21 10
23 5
20 10
20 11
20 12
20 9
25 4
24 4
19 10
19 11
19 12
25 3
24 3
26 3
27 3
27 4
28 4
28 3
28 5
28 6
28 7
27 6
29 5
19 13
18 10
18 11
18 12
18 13
26 2
27 2
28 2
18 9
19 14
18 14
29 2
19 15
18 15
30 2
17 10
17 9
17 11
26 1
27 1
28 1
29 1
30 1
19 16
18 16
31 2
31 1
31 3
32 3
32 2
17 13
17 14
17 15
17 16
33 3
33 4
33 5
32 5
31 5
31 6
31 7
33 6
33 7
34 6
34 5
35 6
35 5
16 10
16 9
28 0
29 0
30 0
31 0
16 13
16 14
16 15
16 16
36 5
32 0
15 14
15 15
15 16
37 5
37 6
16 17
15 17
33 0
37 4
14 14
14 15
14 16
14 17
14 13
16 18
15 18
38 4
16 19
15 19
17 19
18 19
18 18
18 20
17 20
16 20
15 20
0
Yes
36 37
37 37
36 36
36 38
37 36
37 38
35 37
38 37
35 36
35 38
38 36
38 38
36 35
36 39
37 35
37 39
34 37
35 35
35 39
38 35
34 36
34 38
36 34
36 40
37 40
34 35
34 39
35 34
35 40
0
No
0
Yes
27 28
27 29
27 30
27 31
27 32
28 28
28 29
28 30
28 31
28 32
29 28
29 29
29 30
29 31
29 32
30 28
30 29
30 30
30 31
30 32
31 28
31 29
31 30
31 31
31 32
0
Yes
44 9
43 9
44 8
43 8
44 10
43 10
45 9
45 8
45 10
42 9
42 8
42 10
44 7
43 7
44 11
46 9
46 8
46 10
46 7
46 11
41 9
41 8
44 6
43 6
47 9
47 8
47 10
47 7
47 11
41 7
46 12
47 12
40 9
40 8
40 7
44 5
43 5
48 9
48 8
48 10
48 7
48 11
48 12
46 13
47 13
48 13
39 9
39 8
39 7
40 6
39 6
48 6
49 9
49 8
49 10
49 7
49 11
49 6
49 12
49 13
0
No
0
Yes
34 42
33 42
34 43
33 43
35 42
35 43
32 42
32 43
36 42
32 41
33 44
32 44
35 44
36 41
32 40
36 44
31 42
31 41
31 43
31 40
31 44
37 42
37 41
33 45
35 45
36 45
32 39
31 39
30 42
30 41
30 43
30 40
30 44
30 39
38 42
38 41
33 46
34 46
35 46
36 46
38 43
37 45
37 46
32 46
38 40
34 47
33 47
35 47
32 47
36 47
38 45
38 46
29 41
29 40
29 43
39 41
31 47
34 48
33 48
35 48
32 48
31 48
28 41
28 40
28 42
40 41
40 42
40 43
40 40
30 47
30 48
30 46
29 46
29 47
29 48
39 46
40 39
34 49
33 49
35 49
32 49
31 49
30 49
29 49
41 42
41 41
41 43
41 40
41 39
27 41
27 40
39 47
28 46
28 47
28 48
28 49
40 46
40 47
0
Yes
43 2
42 2
43 1
42 1
43 3
42 3
44 2
44 1
41 2
41 1
43 0
42 0
44 0
41 0
43 4
42 4
45 1
45 0
40 2
40 1
40 0
46 0
39 2
39 3
39 0
39 4
40 4
47 0
47 1
47 2
46 2
46 3
47 3
45 3
47 4
38 2
48 2
48 1
48 3
48 0
48 4
48 5
37 2
49 2
49 1
49 3
49 0
49 4
49 5
36 2
0
No
0
No
0
Yes
21 4
21 5
20 5
21 6
20 6
19 5
19 6
19 4
18 4
18 5
18 6
21 7
20 7
17 4
17 5
17 6
17 3
18 7
17 7
17 2
17 1
18 1
19 1
19 2
20 2
20 1
21 2
21 1
22 2
22 1
23 2
23 1
24 2
24 1
21 0
20 0
22 0
19 0
23 0
18 0
24 0
17 0
25 2
25 1
25 0
0
Yes
42 34
43 34
42 33
42 35
43 33
43 35
41 34
44 34
41 33
41 35
44 33
44 35
42 32
43 32
40 34
41 32
44 32
45 34
40 33
40 35
45 33
45 35
45 32
39 34
46 34
39 33
46 33
46 35
39 32
46 32
38 34
38 33
38 32
0
No
0
Yes
22 23
23 23
22 22
22 24
23 22
23 24
21 23
24 23
21 22
24 24
22 21
22 25
23 21
23 25
20 23
21 25
24 21
24 25
25 23
20 22
25 24
22 26
23 20
23 26
20 21
25 25
21 26
24 20
24 26
19 23
19 22
19 24
20 20
20 26
25 20
25 26
19 21
19 25
22 27
23 19
22 19
23 27
21 19
21 27
24 19
19 20
20 19
25 19
25 27
22 18
23 18
24 18
19 19
20 18
25 18
19 18
0
Yes
20 13
20 14
20 15
20 16
21 13
21 14
21 15
21 16
22 13
22 14
22 15
22 16
23 13
23 14
23 15
23 16
0
Yes
48 10
47 10
48 9
48 11
49 10
47 9
47 11
49 9
49 11
46 10
48 8
48 12
46 9
46 11
47 8
47 12
49 8
49 12
46 8
46 12
48 7
48 13
47 7
47 13
49 7
49 13
46 7
46 13
48 6
0
No
0
No
0
No
0
Yes
29 33
29 34
30 33
30 34
31 33
31 34
0
Yes
46 10
45 10
46 9
45 9
46 11
47 10
47 9
47 11
44 10
44 9
46 8
45 8
47 8
44 8
46 12
47 12
48 10
48 9
48 11
48 8
48 12
44 11
43 10
43 9
43 8
46 7
47 7
48 7
46 13
47 13
48 13
49 10
49 9
49 11
49 8
49 12
49 7
49 13
44 7
43 7
42 10
42 9
42 8
47 14
48 14
49 14
44 6
43 6
48 6
49 6
41 9
41 8
0
Yes
11 7
11 8
12 7
12 8
10 7
10 8
11 6
11 9
12 6
12 9
13 7
13 8
10 6
10 9
13 6
13 9
9 7
9 8
11 5
12 5
14 7
14 8
9 6
9 9
10 5
14 6
14 9
8 7
8 8
9 5
14 5
8 6
0
Yes
6 0
6 1
6 2
6 3
7 0
7 1
7 2
7 3
8 0
8 1
8 2
8 3
9 0
9 1
9 2
9 3
10 0
10 1
10 2
10 3
0
Yes
4 33
4 34
5 33
5 34
3 33
3 34
4 32
4 35
5 32
5 35
6 33
6 34
3 32
3 35
6 32
6 35
2 33
2 34
4 31
5 31
7 33
7 34
2 32
2 35
3 31
6 31
7 32
7 35
1 33
1 34
2 31
7 31
8 33
8 34
1 32
1 35
8 35
1 31
0 33
0 34
0 32
0 35
0
No
0
Yes
21 11
20 11
21 10
20 10
21 12
20 12
22 12
19 11
19 10
19 12
20 9
23 12
23 11
23 10
19 13
23 9
18 11
18 10
18 12
18 13
24 11
24 10
24 12
24 9
18 9
19 14
18 14
23 8
24 13
17 11
17 10
17 9
25 11
25 12
25 13
24 14
25 14
17 13
17 14
19 15
18 15
17 15
23 7
24 7
24 15
25 15
26 11
26 12
26 13
26 14
16 10
16 9
26 10
16 13
16 14
16 15
19 16
18 16
17 16
16 16
26 9
24 6
24 16
25 16
27 11
27 10
27 12
27 9
27 13
27 14
15 10
15 9
25 6
15 8
15 14
15 15
15 16
24 5
25 5
23 5
28 11
28 12
14 10
14 11
25 17
14 14
14 15
14 16
14 13
24 4
25 4
28 14
16 17
15 17
14 17
13 11
13 10
29 11
29 12
24 3
25 3
29 14
16 18
15 18
13 15
13 16
13 17
30 11
30 12
16 19
15 19
17 19
18 19
18 18
0
No
0
No
0
Yes
0 2
0 3
1 2
1 3
2 2
2 3
0
Yes
0 45
0 46
0 47
1 45
1 46
1 47
2 45
0
Yes
10 31
10 30
11 31
11 30
9 30
12 31
8 30
9 29
8 29
12 32
12 33
11 33
10 33
9 33
9 32
10 34
9 34
11 34
12 34
13 31
13 32
13 33
13 34
7 30
7 29
9 28
8 28
7 28
13 30
13 29
10 35
9 35
11 35
12 35
13 35
14 31
14 30
14 32
14 29
14 33
14 34
14 35
6 30
6 29
6 28
9 27
8 27
7 27
6 27
13 28
14 28
12 28
11 28
12 27
13 27
14 27
10 36
9 36
11 36
9 26
8 26
7 26
6 26
10 26
15 30
15 29
15 28
15 27
15 32
5 29
8 36
7 36
13 26
14 26
15 26
13 36
14 36
10 25
9 25
8 25
7 25
6 25
10 37
9 37
11 37
12 37
13 37
14 37
15 35
15 36
15 37
13 25
14 25
15 25
12 25
16 28
16 27
16 26
16 25
5 26
5 25
11 38
12 38
13 38
14 38
15 38
16 35
16 36
16 37
12 24
13 24
14 24
7 24
6 24
5 24
17 28
17 27
17 35
17 34
17 33
12 39
13 39
14 39
4 25
4 24
7 23
6 23
5 23
4 23
0
Yes
20 13
20 14
20 15
20 16
21 13
21 14
21 15
21 16
22 13
22 14
22 15
22 16
23 13
23 14
23 15
0
Yes
20 0
20 1
20 2
21 0
21 1
21 2
22 0
22 1
22 2
23 0
23 1
23 2
24 0
24 1
24 2
25 0
25 1
25 2
0
Yes
13 32
14 32
13 31
13 33
14 31
14 33
12 32
15 32
12 31
12 33
13 30
13 34
14 30
14 34
12 34
15 30
11 31
11 33
13 29
13 35
14 29
14 35
11 30
11 34
12 35
15 29
15 35
11 35
13 28
13 36
14 28
14 36
12 28
15 28
15 36
11 28
11 36
13 27
13 37
14 27
14 37
12 27
12 37
15 27
15 37
11 37
13 26
13 38
14 26
14 38
12 38
15 26
15 38
11 38
13 25
14 25
12 25
15 25
0
No
0
Yes
38 32
37 32
38 33
37 33
39 32
39 33
36 32
36 33
38 34
37 34
39 34
36 34
36 31
40 33
40 34
35 32
35 31
38 35
37 35
36 35
41 33
41 34
41 32
35 30
35 34
35 35
40 35
41 35
34 32
34 31
34 30
38 36
37 36
36 36
35 36
42 32
42 33
42 34
42 35
35 29
34 29
36 29
37 29
38 29
38 30
37 28
36 28
35 28
34 28
40 36
33 32
33 31
33 30
33 29
33 28
34 35
34 36
38 37
37 37
36 37
35 37
34 37
43 32
43 33
43 34
43 35
37 27
36 27
35 27
34 27
33 27
38 27
43 31
43 30
32 32
32 31
32 30
32 29
32 28
32 27
38 38
37 38
36 38
35 38
34 38
44 32
44 31
44 33
44 34
44 35
39 38
36 26
35 26
34 26
33 26
32 26
33 36
45 32
45 33
45 34
45 35
37 39
36 39
35 39
34 39
46 32
46 33
46 34
46 35
34 25
33 25
32 25
37 40
36 40
35 40
0
Yes
46 10
46 11
47 10
47 11
45 10
46 9
46 12
47 9
47 12
48 10
48 11
45 9
48 9
48 12
44 10
44 11
46 8
46 13
47 8
47 13
49 10
49 11
44 9
45 8
48 8
48 13
49 9
49 12
43 10
44 8
46 7
47 7
49 8
49 13
43 9
48 7
43 8
44 7
49 7
43 7
0
Yes
7 27
6 27
7 26
7 28
8 27
6 26
6 28
8 26
8 28
7 25
7 29
9 27
5 26
6 25
6 29
8 25
8 29
9 26
9 28
5 25
5 29
9 25
9 29
7 24
7 30
6 24
6 30
8 30
4 25
5 24
9 30
7 23
6 23
8 23
4 24
5 23
0
No
0
No
0
No
0
Yes
31 18
30 18
31 17
30 17
31 19
30 19
32 18
32 17
32 19
29 18
29 17
29 19
31 16
30 16
32 16
29 16
31 20
30 20
32 20
33 18
33 17
33 20
28 18
28 17
28 16
31 15
30 15
32 15
29 15
28 15
31 21
32 21
33 21
34 20
27 18
27 17
27 16
27 15
31 14
32 14
31 22
32 22
33 22
0
Yes
14 24
13 24
14 23
15 23
12 24
14 22
15 22
14 21
15 21
13 21
12 21
16 21
14 20
13 20
15 20
12 20
16 20
11 21
11 20
11 22
17 21
17 20
10 22
10 21
10 23
18 21
18 20
18 22
9 23
9 22
9 21
13 19
19 22
19 21
19 20
19 23
19 24
18 24
17 24
19 25
11 19
8 23
13 18
20 23
20 22
20 21
20 20
7 23
7 24
7 25
8 25
9 25
10 25
10 26
9 26
8 26
7 26
9 27
8 27
7 27
9 28
8 28
7 28
9 29
8 29
7 29
19 19
20 19
21 23
21 22
7 22
9 30
8 30
7 30
10 30
19 18
20 18
6 24
6 23
6 25
6 22
6 26
6 27
6 28
6 29
6 30
10 31
0
Yes
25 24
24 24
25 23
24 23
25 25
24 25
26 24
26 23
26 25
23 24
23 23
23 25
25 26
24 26
26 26
23 26
27 24
27 23
27 25
27 26
23 22
22 24
22 23
22 25
22 22
22 26
25 27
26 27
27 27
28 24
28 23
23 21
22 21
24 21
23 27
22 27
21 25
21 26
21 27
24 20
23 20
25 20
26 20
0
Yes
45 44
44 44
45 43
44 43
46 44
46 43
44 45
46 45
43 44
43 43
45 42
44 42
46 42
43 42
47 44
47 43
47 45
47 42
47 46
42 44
42 43
42 42
46 41
47 41
48 45
48 46
43 41
42 41
47 47
48 47
48 42
41 44
43 40
42 40
44 40
47 48
48 48
49 42
49 43
49 44
49 41
44 39
45 39
47 49
48 49
49 40
49 48
49 49
42 39
45 38
0
No
0
Yes
27 15
27 16
27 17
27 18
28 15
28 16
28 17
28 18
29 15
29 16
29 17
29 18
30 15
30 16
30 17
30 18
31 15
31 16
31 17
31 18
32 15
32 16
32 17
32 18
0
Yes
22 18
22 19
23 18
23 19
24 18
24 19
25 18
25 19
0
No
0
Yes
0 45
0 46
0 47
1 45
1 46
1 47
2 45
0
Yes
39 3
39 2
39 4
38 2
38 4
40 2
40 4
37 2
37 4
40 1
41 2
41 1
37 5
36 2
40 0
41 0
39 0
42 2
42 1
42 0
42 3
42 4
36 1
36 5
37 6
43 3
43 2
43 4
43 1
43 0
35 1
35 5
43 5
35 6
43 6
44 2
44 1
44 0
34 1
34 5
34 6
44 5
44 6
33 5
33 6
33 4
33 3
45 1
45 0
32 3
32 2
33 7
32 5
46 0
31 3
31 2
31 1
31 5
31 0
32 0
33 0
31 6
47 0
47 1
47 2
46 2
46 3
47 3
45 3
47 4
31 7
48 3
48 2
48 4
48 1
48 0
30 2
30 1
30 0
48 5
48 6
49 3
49 2
49 4
49 1
49 5
49 0
49 6
0
Yes
18 4
17 4
18 5
17 5
19 4
19 5
17 3
18 6
17 6
19 6
17 2
20 5
20 6
16 2
18 7
17 7
17 1
16 1
18 1
19 1
19 2
21 5
21 6
21 4
20 7
21 7
18 0
17 0
19 0
16 0
15 1
15 0
14 1
0
No
0
No
0
No
0
No
0
Yes
44 11
44 10
43 10
45 10
44 9
43 9
45 9
42 10
42 9
46 10
46 9
46 11
46 12
46 13
44 8
43 8
45 8
42 8
46 8
47 11
47 10
47 12
47 9
47 13
47 8
41 9
41 8
44 7
43 7
48 11
48 10
48 12
48 9
48 13
48 8
47 14
48 14
40 9
40 8
46 7
47 7
48 7
41 7
40 7
49 11
49 10
49 12
49 9
49 13
49 8
49 14
49 7
39 9
39 8
39 7
38 9
38 8
40 6
39 6
49 15
0
Yes
7 27
6 27
7 26
7 28
8 27
6 26
6 28
8 26
8 28
7 25
7 29
9 27
5 26
6 25
6 29
8 25
8 29
9 26
9 28
5 25
5 29
9 25
9 29
7 24
7 30
6 24
6 30
8 30
4 25
5 24
9 30
7 23
6 23
8 23
4 24
0
No
0
No
0
Yes
39 3
39 2
39 4
38 2
38 4
40 2
40 4
37 2
37 4
40 1
41 2
41 1
37 5
36 2
40 0
41 0
39 0
42 2
42 1
42 0
42 3
42 4
36 1
36 5
37 6
43 3
43 2
43 4
43 1
43 0
35 1
35 5
43 5
35 6
43 6
44 2
44 1
44 0
34 1
34 5
34 6
44 5
44 6
33 5
33 6
33 4
33 3
45 1
45 0
32 3
32 2
33 7
32 5
46 0
31 3
31 2
31 1
31 5
31 0
32 0
33 0
31 6
47 0
47 1
47 2
46 2
46 3
47 3
45 3
47 4
31 7
48 3
48 2
48 4
48 1
48 0
30 2
30 1
30 0
48 5
48 6
49 3
49 2
49 4
49 1
49 5
49 0
49 6
29 2
0
No
0
No
0
Yes
19 19
19 18
19 20
20 19
20 18
20 20
18 20
19 21
18 21
20 21
21 19
17 20
17 21
20 17
19 22
18 22
20 22
16 20
16 21
20 16
21 16
21 22
19 23
20 23
21 23
15 20
15 21
20 15
21 15
22 16
22 15
15 22
19 24
23 16
23 15
14 20
14 21
14 22
18 24
20 14
21 14
22 14
23 14
17 24
15 23
14 23
19 25
13 20
13 21
13 19
13 18
20 13
21 13
22 13
23 13
12 20
12 21
0
Yes
2 8
2 9
3 8
1 8
1 9
2 7
2 10
3 7
1 7
1 10
0 8
0 9
2 6
3 6
0 7
0 10
1 6
1 11
4 6
0 6
0 11
2 5
3 5
1 5
1 12
4 5
0 5
0 12
2 4
3 4
1 4
0 4
0
Yes
2 41
1 41
2 40
2 42
1 42
3 41
3 42
0 41
0 42
2 43
3 43
0 40
4 42
0 43
2 44
1 44
0 44
5 42
5 41
5 43
2 45
1 45
0 45
6 41
6 40
6 39
5 39
4 39
3 39
3 38
4 38
5 38
6 38
2 38
1 38
2 37
1 37
3 37
4 37
2 36
1 36
3 36
4 36
1 46
0 46
0
Yes
16 43
15 43
16 42
15 42
17 43
17 42
14 43
14 42
18 43
18 42
14 44
18 44
14 41
14 45
15 45
16 45
16 46
15 46
19 43
19 42
19 44
13 42
13 45
14 40
16 47
15 47
20 43
20 42
12 42
13 40
14 39
13 39
14 47
16 48
15 48
14 48
21 42
12 39
13 48
14 49
0
No
0
No
0
Yes
31 23
30 23
31 22
30 22
31 24
30 24
32 23
32 22
32 24
31 21
32 21
33 23
33 22
33 24
33 21
32 25
33 25
31 20
32 20
33 20
30 20
32 26
33 26
31 26
34 24
34 25
34 26
31 19
30 19
32 19
31 27
32 27
33 27
34 27
30 27
34 20
29 19
29 27
29 26
28 27
31 18
30 18
32 18
29 18
35 26
35 27
32 28
33 28
34 28
35 28
33 18
28 18
36 26
36 27
36 28
31 17
30 17
32 17
29 17
33 17
28 17
32 29
33 29
34 29
35 29
36 29
27 18
27 17
31 16
30 16
32 16
29 16
28 16
27 16
32 30
33 30
34 30
35 30
37 27
37 28
37 29
31 15
30 15
32 15
29 15
28 15
27 15
32 31
33 31
34 31
35 31
38 27
31 14
32 14
32 32
33 32
34 32
35 32
29 14
28 14
0
Yes
37 35
36 35
37 34
36 34
37 36
36 36
38 35
38 34
38 36
35 35
35 34
35 36
37 33
36 33
38 33
37 37
36 37
38 37
35 37
39 34
39 33
34 35
34 36
34 37
37 32
36 32
38 32
39 32
37 38
36 38
38 38
35 38
34 38
40 34
40 33
40 35
40 36
39 38
37 39
36 39
35 39
34 39
41 35
41 34
41 33
33 36
36 31
37 40
36 40
35 40
41 32
42 35
42 34
42 33
42 32
38 40
37 41
36 41
38 41
43 35
43 34
43 33
43 32
39 41
40 41
40 40
40 39
41 39
41 40
41 41
37 42
36 42
38 42
44 35
44 34
44 33
44 32
43 31
44 31
35 42
34 42
40 42
41 42
43 30
45 35
45 34
45 33
45 32
33 42
38 43
35 43
34 43
33 43
40 43
41 43
32 42
32 43
32 41
32 40
32 39
31 39
31 40
31 41
31 42
31 43
30 39
30 40
30 41
30 42
30 43
46 35
46 34
46 33
46 32
35 44
36 44
29 40
29 41
33 44
32 44
31 44
30 44
46 31
47 35
0
No
0
Yes
20 11
19 11
20 10
19 10
20 12
19 12
21 11
21 10
21 12
18 11
18 10
18 12
20 9
19 13
18 13
22 12
18 9
17 11
17 10
17 9
19 14
18 14
23 12
23 11
23 10
17 13
17 14
23 9
24 11
24 10
24 12
24 9
16 10
16 9
19 15
18 15
17 15
23 8
16 13
16 14
16 15
24 13
23 7
24 14
25 11
25 12
25 13
25 14
15 10
15 9
19 16
18 16
17 16
16 16
24 7
24 15
25 15
15 8
15 14
15 15
15 16
26 11
26 12
26 13
26 14
14 10
14 9
14 8
14 11
26 10
26 9
24 6
24 16
25 16
14 14
14 15
14 16
14 13
13 11
13 10
13 9
13 8
27 11
27 10
27 12
27 9
27 13
27 14
25 6
14 7
13 7
16 17
15 17
14 17
0
No
0
Yes
40 35
40 34
40 36
41 35
41 34
39 34
40 33
39 33
41 33
42 35
42 34
42 33
38 34
38 33
38 35
38 36
38 37
37 35
37 34
37 36
37 33
37 37
43 35
43 34
43 33
39 32
38 32
37 32
41 32
42 32
43 32
38 38
37 38
39 38
36 35
36 34
36 36
36 33
36 37
36 32
36 38
44 35
44 34
44 33
44 32
35 35
35 34
35 36
35 37
35 38
37 39
36 39
35 39
43 31
44 31
45 35
45 34
45 33
45 32
36 31
37 40
36 40
35 40
38 40
43 30
34 35
34 36
34 37
34 38
34 39
46 35
46 34
46 33
46 32
38 41
37 41
36 41
39 41
40 41
40 40
40 39
41 39
41 40
41 41
42 39
42 40
42 41
42 38
43 40
43 41
44 40
44 39
45 39
45 38
45 37
46 37
46 38
40 42
41 42
42 42
43 42
47 35
33 36
46 31
38 42
37 42
36 42
47 33
46 30
40 43
41 43
42 43
43 43
44 42
0
Yes
36 37
37 37
36 36
36 38
37 36
37 38
35 37
38 37
35 36
35 38
38 36
38 38
36 35
36 39
37 35
37 39
34 37
35 35
35 39
38 35
34 36
34 38
36 34
36 40
37 34
37 40
34 35
34 39
35 34
35 40
38 34
38 40
36 33
36 41
37 33
37 41
38 33
38 41
36 32
36 42
37 32
37 42
35 42
38 32
38 42
0
Yes
6 6
7 6
7 7
8 6
8 7
8 5
8 8
9 6
9 5
9 7
9 8
9 4
10 6
10 5
10 7
10 4
10 8
9 3
10 3
8 3
7 3
6 3
5 3
5 4
6 2
5 2
7 2
8 2
9 2
10 2
9 9
10 9
4 2
3 2
6 1
5 1
7 1
4 1
8 1
3 1
9 1
10 1
9 10
10 10
8 10
11 6
11 5
11 7
11 8
11 9
11 10
8 11
9 11
7 11
6 11
6 10
2 2
2 3
2 4
3 4
3 5
2 5
4 5
4 6
3 6
2 6
3 7
2 7
3 8
2 8
1 6
1 5
1 7
1 4
1 8
1 3
1 2
2 9
1 9
2 10
1 10
0 6
0 5
0 7
0 4
0 8
0 3
0 9
0 2
0 10
6 0
5 0
7 0
4 0
8 0
3 0
9 0
10 0
12 6
12 5
12 7
12 8
12 9
8 12
9 12
13 6
1 11
0 11
11 1
11 0
2 0
10 12
8 13
9 13
7 13
1 0
1 12
0 12
11 12
12 1
12 0
14 6
0
Yes
42 32
42 33
42 34
42 35
43 32
43 33
43 34
43 35
44 32
44 33
44 34
44 35
45 32
45 33
45 34
45 35
46 32
46 33
46 34
46 35
0
No
0
No
0
Yes
35 40
35 39
36 40
36 39
34 39
36 41
35 38
34 38
36 38
37 40
37 39
37 41
37 38
36 42
37 42
35 42
34 42
33 42
35 37
34 37
36 37
37 37
35 43
34 43
33 43
38 40
38 41
38 42
32 42
32 43
32 41
32 40
32 39
38 38
38 37
31 40
31 39
31 41
31 42
31 43
35 36
34 36
36 36
37 36
38 36
35 44
36 44
39 41
38 43
33 36
33 44
32 44
31 44
39 38
30 40
30 39
30 41
30 42
30 43
30 44
35 35
34 35
36 35
37 35
38 35
35 45
36 45
40 41
40 40
40 39
33 45
37 45
40 42
38 45
40 43
29 40
29 41
35 34
36 34
37 34
38 34
35 46
36 46
37 46
38 46
41 40
41 39
41 41
41 42
41 43
34 46
33 46
29 43
32 46
28 40
28 41
35 47
34 47
36 47
33 47
32 47
42 40
42 39
42 41
0
No
0
Yes
18 18
18 19
19 18
19 19
17 19
18 20
17 20
19 20
20 18
20 19
20 20
16 19
16 20
16 18
20 17
20 16
15 18
15 19
15 20
18 21
17 21
19 21
16 21
20 21
15 21
21 19
20 15
21 16
21 15
18 22
19 22
20 22
14 20
14 21
20 14
21 14
22 16
22 15
22 14
15 22
14 22
21 22
19 23
20 23
21 23
13 20
13 21
13 19
13 18
13 17
13 16
20 13
21 13
22 13
23 16
23 15
23 14
23 13
13 15
15 23
0
No
0
Yes
42 21
41 21
42 22
41 22
41 20
40 21
40 20
40 22
42 23
41 23
40 23
41 19
42 19
43 19
43 23
44 19
44 20
39 21
39 22
42 24
41 24
43 24
40 24
41 18
45 20
45 19
44 18
45 18
44 24
38 21
38 22
42 25
41 25
43 25
44 25
46 20
46 19
44 17
45 17
42 26
41 26
45 25
40 26
44 16
45 16
43 16
42 16
44 26
45 26
47 19
46 17
46 16
46 25
46 26
46 24
46 23
47 23
47 24
47 25
47 26
47 22
42 15
43 15
44 15
42 27
41 15
48 22
48 23
48 24
48 25
48 26
40 15
40 16
40 17
39 17
39 16
39 15
39 18
38 18
38 17
38 19
37 19
40 27
44 27
45 27
46 27
47 27
48 27
47 17
47 16
42 14
43 14
49 22
49 23
49 24
49 25
49 26
49 27
49 21
49 20
48 20
38 15
40 14
39 14
38 14
40 28
44 28
45 28
46 28
47 28
48 28
43 28
47 15
42 13
43 13
40 13
39 13
38 13
40 29
44 13
44 29
45 29
46 29
47 29
43 12
0
No
0
Yes
11 33
10 33
11 34
10 34
12 33
12 34
12 32
9 33
9 34
11 35
10 35
12 35
9 35
13 33
13 32
13 34
13 35
9 32
12 31
13 31
11 31
10 31
11 30
10 30
11 36
10 36
9 36
14 33
14 32
14 34
14 31
14 35
13 30
14 30
13 36
14 36
11 37
10 37
9 37
12 37
13 37
14 37
15 32
8 36
13 29
14 29
15 35
15 36
15 37
7 36
11 38
12 38
13 38
14 38
15 38
15 30
15 29
13 28
14 28
15 28
12 28
11 28
16 35
16 36
16 37
0
Yes
33 3
32 3
33 4
32 2
31 3
31 2
33 5
32 5
34 5
31 1
31 5
35 5
33 6
34 6
35 6
30 2
30 1
31 0
30 0
32 0
33 0
31 6
36 5
33 7
29 2
29 1
29 0
31 7
37 5
37 4
37 6
28 2
28 1
28 0
28 3
28 4
38 4
28 5
29 5
28 6
27 3
27 2
27 4
27 1
39 4
39 3
39 2
38 2
37 2
36 2
36 1
35 1
34 1
28 7
27 6
26 3
26 2
26 1
40 2
40 4
40 1
40 0
39 0
25 3
25 2
25 1
25 4
41 2
41 1
41 0
25 5
25 0
24 3
24 2
24 4
24 1
24 5
24 0
42 2
42 1
42 0
42 3
42 4
43 3
43 2
43 4
43 1
43 0
23 2
23 1
23 0
23 5
43 5
43 6
22 2
22 1
22 0
44 2
44 1
44 0
44 5
44 6
0
No
0
Yes
31 48
31 49
32 48
32 49
33 48
33 49
34 48
34 49
35 48
35 49
0
No
0
No
0
Yes
45 37
45 38
46 37
46 38
0
Yes
5 0
5 1
5 2
5 3
6 0
6 1
6 2
6 3
7 0
7 1
7 2
7 3
8 0
8 1
8 2
8 3
9 0
9 1
9 2
9 3
10 0
10 1
10 2
10 3
0
No
0
Yes
10 46
10 47
11 46
11 47
12 46
0
Yes
0 27
0 28
0 29
0 30
1 27
1 28
1 29
1 30
2 27
2 28
2 29
2 30
3 27
0
Yes
44 11
44 10
43 10
42 10
45 10
43 9
44 9
42 9
45 9
41 10
41 11
41 12
46 10
46 11
46 12
43 8
44 8
41 9
46 9
46 13
42 8
45 8
40 11
47 11
40 10
40 12
47 10
47 12
41 8
46 8
40 9
47 9
47 13
39 11
48 11
39 10
39 12
40 8
47 8
48 10
48 12
39 9
48 9
48 13
39 8
48 8
38 11
49 11
38 10
38 12
49 10
49 12
38 9
49 9
49 13
38 8
49 8
37 11
37 10
37 12
37 9
0
No
0
Yes
31 3
31 2
32 3
32 2
30 2
31 1
30 1
33 3
29 2
29 1
33 4
33 5
32 5
31 5
31 0
30 0
29 0
31 6
28 2
28 1
28 0
28 3
28 4
32 0
28 5
29 5
33 0
33 6
34 5
34 6
27 3
27 2
27 4
27 1
31 7
28 6
33 7
35 5
35 6
26 3
26 2
26 1
27 6
28 7
36 5
25 3
25 2
25 1
25 4
25 5
37 5
37 4
25 0
37 6
24 3
24 2
24 4
24 1
24 5
24 0
38 4
23 2
23 1
23 0
39 4
39 3
39 2
38 2
37 2
36 2
36 1
35 1
34 1
23 5
22 2
22 1
22 0
40 2
40 4
40 1
40 0
39 0
21 2
21 1
21 0
41 2
41 1
41 0
20 2
20 1
20 0
42 2
42 1
42 0
42 3
42 4
43 3
43 2
43 4
43 1
43 0
19 2
19 1
19 0
43 5
43 6
43 7
44 2
44 1
44 0
18 1
18 0
44 5
44 6
44 7
17 1
17 0
17 2
17 3
17 4
18 4
19 4
19 5
18 5
17 5
20 5
21 5
21 4
21 6
20 6
19 6
18 6
17 6
21 7
20 7
0
Yes
24 24
23 24
24 23
23 23
24 25
23 25
25 24
25 23
25 25
22 24
22 23
22 25
24 26
23 26
25 26
22 26
26 24
26 23
26 25
26 26
23 22
22 22
27 24
27 23
27 25
27 26
21 25
21 26
23 21
22 21
24 21
23 27
22 27
21 27
25 27
26 27
27 27
24 20
23 20
28 24
28 23
0
No
0
Yes
0 7
0 8
0 9
0 10
1 7
1 8
1 9
1 10
2 7
2 8
2 9
2 10
3 7
3 8
0
No
0
Yes
44 24
43 24
44 25
43 25
43 23
45 25
42 24
42 23
42 25
44 26
45 26
46 25
46 26
46 24
46 23
42 22
42 26
41 24
41 23
41 25
41 22
41 26
44 27
45 27
46 27
47 24
47 23
47 25
47 26
47 27
42 21
41 21
42 27
47 22
40 24
40 23
40 22
40 21
44 28
45 28
46 28
47 28
48 24
48 23
48 25
48 22
48 26
48 27
48 28
43 28
40 26
40 27
41 20
40 20
44 29
45 29
46 29
47 29
49 24
0
No
0
No
0
Yes
6 43
6 44
6 45
6 46
7 43
7 44
7 45
7 46
8 43
8 44
8 45
8 46
9 43
9 44
9 45
9 46
10 43
10 44
10 45
0
Yes
35 43
34 43
35 42
34 42
35 44
36 42
36 44
33 43
33 42
35 45
36 45
33 44
36 41
37 42
37 41
33 45
37 45
32 43
32 42
32 44
35 46
36 46
37 46
34 46
33 46
36 40
37 40
35 40
38 42
38 41
38 40
38 43
32 41
38 45
38 46
31 43
31 42
31 44
31 41
35 39
36 39
37 39
35 47
34 47
36 47
33 47
34 39
32 40
31 40
32 46
32 47
39 41
30 43
30 42
30 44
30 41
30 40
32 39
31 39
30 39
35 38
34 38
36 38
37 38
35 48
34 48
33 48
32 48
39 46
40 41
40 42
40 43
31 47
31 48
39 47
38 38
40 40
40 46
40 47
40 45
29 43
35 37
34 37
36 37
37 37
38 37
35 49
34 49
33 49
32 49
31 49
41 43
41 42
41 41
41 40
36 49
41 44
29 41
29 40
37 49
37 48
30 47
30 48
30 49
30 46
39 38
40 39
41 39
29 46
29 47
29 48
29 49
38 49
35 36
34 36
36 36
37 36
38 36
42 43
42 42
42 44
42 41
42 40
42 39
40 48
39 49
40 49
41 47
41 48
41 49
28 41
28 40
28 42
33 36
28 46
28 47
28 48
28 49
35 35
34 35
36 35
37 35
38 35
43 43
43 42
43 44
43 41
43 40
0
No
0
No
0
No
0
Yes
29 31
30 31
29 30
29 32
30 30
30 32
28 31
31 31
28 30
28 32
31 30
31 32
29 29
29 33
30 29
30 33
27 31
28 29
31 29
31 33
27 30
27 32
29 28
30 28
27 29
28 28
31 28
27 28
0
Yes
0 31
0 32
0 33
0 34
0 35
0 36
1 31
1 32
1 33
1 34
1 35
1 36
2 31
2 32
2 33
2 34
2 35
2 36
3 31
3 32
3 33
3 34
3 35
3 36
4 31
4 32
4 33
4 34
4 35
4 36
5 31
5 32
5 33
5 34
5 35
5 36
6 31
0
No
0
Yes
32 0
31 0
33 0
31 1
30 0
30 1
31 2
30 2
32 2
29 0
29 1
29 2
32 3
31 3
33 3
28 0
28 1
28 2
33 4
28 3
27 1
27 2
27 3
33 5
32 5
31 5
34 5
28 4
27 4
35 5
26 1
26 2
26 3
31 6
33 6
34 6
35 6
28 5
29 5
36 5
25 1
25 2
25 3
25 0
31 7
33 7
37 5
37 4
28 6
38 4
27 6
37 6
24 0
24 1
24 2
24 3
25 4
24 4
28 7
39 4
39 3
39 2
38 2
37 2
36 2
36 1
35 1
34 1
40 2
40 1
40 0
39 0
25 5
24 5
40 4
23 0
23 1
23 2
41 0
41 1
41 2
22 0
22 1
22 2
42 0
42 1
42 2
23 5
42 3
42 4
21 0
21 1
21 2
43 0
43 1
43 2
43 3
43 4
20 0
20 1
20 2
44 0
44 1
44 2
43 5
43 6
19 0
19 1
19 2
44 5
44 6
45 0
45 1
43 7
44 7
18 0
18 1
46 0
17 0
17 1
47 0
0
No
0
Yes
20 13
20 14
20 15
20 16
21 13
21 14
21 15
21 16
22 13
22 14
22 15
22 16
23 13
0
Yes
42 46
42 47
42 48
42 49
43 46
43 47
43 48
43 49
0
Yes
17 24
18 24
19 24
19 23
19 25
19 22
18 22
18 21
19 21
17 21
16 21
20 23
20 22
20 21
15 21
15 22
15 23
14 23
14 22
14 21
14 24
14 25
15 25
16 25
16 26
15 26
14 26
16 27
15 27
14 27
17 27
13 24
13 25
13 26
13 27
17 20
16 20
18 20
15 20
19 20
14 20
20 20
17 28
16 28
21 23
21 22
12 24
12 25
13 21
13 20
17 19
16 19
18 19
15 19
19 19
20 19
22 23
22 22
22 24
22 25
21 25
21 26
22 26
20 26
21 27
22 27
12 21
12 20
12 27
22 21
23 24
23 23
23 25
23 22
23 26
23 21
23 27
16 18
15 18
18 18
19 18
20 18
13 19
21 19
11 21
11 20
11 22
24 24
24 23
24 25
24 26
22 19
13 18
23 20
23 19
10 22
10 21
10 23
20 17
24 21
24 20
24 19
11 19
22 18
23 18
0
Yes
3 34
2 34
3 33
3 35
4 34
2 33
2 35
4 33
4 35
1 34
3 32
3 36
5 34
1 33
1 35
2 32
2 36
4 32
4 36
5 33
5 35
1 32
1 36
5 32
5 36
0 34
3 31
3 37
0 33
0 35
2 31
2 37
4 31
4 37
0 32
0 36
1 31
1 37
5 31
3 30
3 38
2 30
2 38
4 38
0 31
1 30
1 38
5 38
0 30
3 29
2 29
1 29
0 29
0
Yes
20 13
20 14
20 15
20 16
21 13
21 14
21 15
21 16
22 13
22 14
22 15
22 16
23 13
23 14
23 15
0
Yes
42 23
41 23
42 22
41 22
42 24
41 24
43 23
43 24
40 23
40 22
40 24
42 21
41 21
40 21
42 25
41 25
43 25
44 24
44 25
42 26
41 26
39 22
39 21
41 20
40 20
40 26
44 26
45 25
45 26
42 27
38 22
38 21
41 19
42 19
43 19
40 27
44 19
44 20
45 20
45 19
44 27
45 27
46 25
46 26
46 27
46 24
46 23
46 20
46 19
47 23
47 24
47 25
47 26
47 27
41 18
47 22
40 28
44 18
45 18
44 28
45 28
46 28
47 28
43 28
48 23
48 22
48 24
48 25
48 26
48 27
48 28
40 29
44 17
45 17
44 29
45 29
46 29
47 29
47 19
49 23
49 22
49 24
49 25
49 26
49 27
46 17
40 30
44 16
45 16
46 16
43 16
42 16
49 21
49 20
48 20
47 17
47 16
42 15
43 15
44 15
41 15
0
Yes
5 4
5 3
6 3
5 2
6 2
4 2
7 3
7 2
3 2
5 1
4 1
6 1
3 1
7 1
8 3
8 2
8 1
2 2
2 3
2 4
3 4
3 5
2 5
4 5
4 6
3 6
2 6
3 7
2 7
1 4
1 3
1 5
1 2
1 6
1 7
5 0
4 0
6 0
3 0
7 0
8 0
9 3
9 2
9 1
9 0
9 4
9 5
8 5
8 6
9 6
7 6
6 6
7 7
8 7
9 7
3 8
2 8
1 8
0 4
0 3
0 5
0 2
0 6
0 7
0 8
2 0
8 8
9 8
10 4
10 3
10 5
10 2
10 6
10 1
10 7
10 0
10 8
1 0
2 9
1 9
0 9
11 5
11 6
11 7
11 8
9 9
10 9
11 9
2 10
1 10
0
Yes
29 31
30 31
29 30
29 32
30 30
30 32
28 31
31 31
28 30
28 32
31 30
31 32
29 29
29 33
30 29
30 33
27 31
28 29
31 29
31 33
27 30
27 32
29 28
30 28
27 29
28 28
31 28
27 28
0
No
0
No
0
Yes
34 8
34 9
35 8
35 9
36 8
36 9
37 8
0
Yes
8 6
7 6
8 5
8 7
7 7
9 6
9 5
9 7
6 6
8 8
9 8
10 6
10 5
10 7
10 8
9 4
10 4
11 6
11 5
11 7
11 8
9 3
10 3
8 3
7 3
9 9
10 9
11 9
6 3
8 2
7 2
9 2
6 2
10 2
12 6
12 5
12 7
12 8
12 9
9 10
10 10
11 10
8 10
5 3
5 2
5 4
8 1
7 1
9 1
6 1
10 1
5 1
8 11
9 11
13 6
7 11
6 11
6 10
4 2
4 1
11 1
8 0
7 0
9 0
6 0
10 0
5 0
11 0
4 0
8 12
9 12
14 6
14 5
10 12
14 4
13 4
13 3
12 3
3 2
3 1
3 0
12 1
12 0
11 12
8 13
9 13
15 6
15 5
15 4
7 13
2 2
2 3
2 4
3 4
3 5
2 5
4 5
4 6
3 6
2 6
3 7
2 7
3 8
2 8
2 9
1 6
1 5
1 7
1 4
1 8
1 3
1 9
1 2
2 10
1 10
12 12
0 6
0 5
0 7
0 4
0 8
0 3
0 9
0 2
0 10
8 14
7 14
0
No
0
Yes
25 23
25 24
25 25
25 26
26 23
26 24
26 25
26 26
27 23
27 24
27 25
27 26
28 23
28 24
0
Yes
27 28
27 29
27 30
27 31
27 32
28 28
28 29
28 30
28 31
28 32
29 28
29 29
29 30
29 31
29 32
30 28
30 29
30 30
30 31
30 32
31 28
31 29
31 30
31 31
31 32
32 28
32 29
32 30
32 31
32 32
33 28
33 29
33 30
33 31
33 32
34 28
34 29
34 30
34 31
34 32
0
Yes
47 26
47 27
46 26
46 27
48 26
48 27
47 25
47 28
46 25
46 28
48 25
48 28
45 26
45 27
49 26
49 27
45 25
45 28
47 24
47 29
49 25
46 24
46 29
48 24
44 26
44 27
45 29
49 24
44 25
44 28
47 23
46 23
46 30
48 23
44 24
44 29
49 23
47 22
48 22
49 22
0
No
0
Yes
8 5
8 6
9 5
9 6
7 6
9 4
8 7
7 7
9 7
10 5
10 4
10 6
10 7
6 6
9 3
10 3
8 3
7 3
6 3
8 2
7 2
9 2
6 2
10 2
8 8
9 8
10 8
11 5
11 6
11 7
11 8
5 3
5 2
5 4
8 1
7 1
9 1
6 1
10 1
5 1
12 5
12 6
12 7
12 8
9 9
10 9
11 9
12 9
4 2
4 1
8 0
7 0
9 0
6 0
10 0
5 0
4 0
11 1
11 0
9 10
10 10
11 10
8 10
13 6
12 1
12 0
3 2
3 1
0
No
0
Yes
28 24
27 24
27 25
27 26
28 23
26 25
27 23
27 27
28 27
29 27
29 26
30 27
26 24
26 26
26 23
26 27
31 27
31 26
25 25
25 24
25 26
32 26
32 25
32 24
31 24
30 24
30 23
31 23
30 22
31 22
25 23
25 27
32 23
32 27
24 25
33 25
24 24
24 26
32 22
33 24
33 26
24 23
33 23
33 27
33 22
23 25
34 25
23 24
23 26
34 24
34 26
23 23
23 27
34 27
23 22
22 25
22 24
22 26
22 23
22 27
22 22
0
Yes
36 39
35 39
36 38
35 38
36 40
35 40
37 39
37 38
37 40
34 39
34 38
36 37
35 37
37 37
34 37
36 41
37 41
38 38
38 37
38 40
38 41
36 36
35 36
37 36
34 36
38 36
36 42
37 42
38 42
35 42
39 38
34 42
39 41
36 35
35 35
37 35
34 35
38 35
35 43
34 43
33 36
33 42
33 43
38 43
40 41
40 40
40 39
32 42
32 43
32 41
32 40
32 39
31 39
31 40
31 41
31 42
31 43
36 34
35 34
37 34
38 34
40 42
41 39
41 40
41 41
41 42
35 44
36 44
40 43
41 43
33 44
32 44
31 44
39 34
30 39
30 40
30 41
30 42
30 43
30 44
36 33
37 33
38 33
39 33
36 45
35 45
42 39
42 40
42 41
42 42
42 43
37 45
42 38
38 45
40 34
40 33
40 35
40 36
41 35
41 34
41 33
33 45
36 32
37 32
38 32
39 32
36 46
35 46
37 46
38 46
29 40
29 41
35 32
41 44
42 44
43 40
43 41
43 42
43 43
43 44
34 46
0
No
0
Yes
7 27
6 27
7 26
7 28
8 27
6 26
6 28
8 26
8 28
7 25
7 29
9 27
5 26
6 25
6 29
8 25
8 29
9 26
9 28
5 25
5 29
9 25
9 29
7 24
7 30
6 24
6 30
8 30
4 25
5 24
9 30
7 23
7 31
6 23
6 31
8 23
4 24
5 23
9 23
4 23
7 22
6 22
5 22
9 22
4 22
0
No
0
No
0
No
0
No
0
Yes
0 2
0 3
0 4
0 5
0 6
0 7
1 2
1 3
1 4
1 5
1 6
1 7
2 2
2 3
2 4
2 5
2 6
2 7
0
Yes
5 18
5 19
6 18
6 19
0
Yes
45 37
45 38
45 39
46 37
46 38
0
Yes
30 17
30 18
31 17
31 18
29 17
29 18
30 16
30 19
31 16
31 19
32 17
32 18
29 16
29 19
32 16
32 19
28 17
28 18
30 15
31 15
33 17
33 18
28 16
29 15
32 15
27 17
27 18
28 15
27 16
27 15
0
No
0
Yes
42 32
42 33
42 34
42 35
43 32
43 33
43 34
43 35
44 32
44 33
44 34
44 35
45 32
45 33
45 34
45 35
46 32
46 33
46 34
46 35
0
Yes
7 30
6 30
7 29
6 29
7 31
6 31
8 30
8 29
7 28
6 28
8 28
7 32
6 32
9 30
9 29
9 28
5 29
5 31
5 32
7 27
6 27
8 27
9 27
7 33
6 33
5 33
4 31
4 32
4 33
8 33
7 26
6 26
8 26
9 26
7 34
6 34
8 34
5 34
4 34
3 31
3 32
3 33
3 34
3 30
3 29
5 26
2 30
2 29
2 31
2 32
2 33
2 34
7 25
6 25
8 25
5 25
9 25
7 35
6 35
8 35
5 35
4 35
3 35
2 35
10 26
10 25
2 28
2 27
3 27
4 27
4 25
1 30
1 29
1 31
1 28
1 32
1 27
1 33
1 34
1 35
7 24
6 24
5 24
4 24
5 36
4 36
3 36
2 36
1 36
2 26
1 26
0 30
0 29
0 31
0 28
0 32
0 27
0 33
0 34
0 35
0 36
7 23
6 23
5 23
4 23
8 23
3 24
3 23
9 23
4 37
3 37
2 37
1 37
10 23
7 22
6 22
5 22
4 22
9 22
10 22
4 38
3 38
2 38
1 38
5 38
6 38
2 23
11 22
6 21
6 39
5 39
4 39
3 39
1 23
9 21
10 21
11 21
2 22
1 22
4 21
6 20
7 20
6 40
8 20
2 21
1 21
0
No
0
No
0
Yes
25 23
25 24
25 25
26 23
26 24
26 25
27 23
27 24
27 25
28 23
28 24
0
No
0
Yes
5 0
5 1
5 2
5 3
6 0
6 1
6 2
6 3
7 0
7 1
7 2
7 3
8 0
8 1
8 2
8 3
9 0
9 1
9 2
9 3
10 0
10 1
10 2
10 3
0
No
0
Yes
5 18
5 19
6 18
6 19
0
No
0
Yes
47 11
48 11
47 10
47 12
48 10
48 12
46 11
49 11
46 10
46 12
49 10
49 12
47 9
47 13
48 9
48 13
46 9
46 13
49 9
49 13
45 10
47 8
47 14
48 8
48 14
45 9
46 8
49 8
49 14
45 8
47 7
48 7
46 7
49 7
0
Yes
37 12
36 12
37 11
38 12
38 11
38 13
37 10
38 10
39 12
39 11
39 13
39 10
38 14
39 14
37 9
38 9
39 9
40 12
40 11
40 13
40 10
40 14
40 9
36 9
38 15
39 15
40 15
35 9
35 10
35 11
34 10
34 9
37 8
36 8
38 8
35 8
39 8
34 8
40 8
41 12
41 11
41 10
41 9
41 8
39 16
40 16
41 15
39 7
40 7
41 7
39 17
40 17
38 17
42 10
42 9
42 8
42 15
42 14
42 13
38 18
39 18
43 13
43 14
43 15
43 12
39 6
40 6
43 10
43 9
43 8
42 16
43 16
38 19
37 19
44 13
44 10
44 9
44 8
44 11
44 15
44 16
43 7
44 7
43 6
44 6
44 17
45 16
45 17
43 5
44 5
44 18
45 18
46 16
46 17
44 19
45 19
43 19
0
Yes
33 36
34 36
34 35
34 37
35 36
35 35
35 37
34 38
35 38
35 34
36 36
36 35
36 37
36 34
36 38
34 39
35 39
36 39
37 36
37 35
37 37
37 34
37 38
37 39
36 33
37 33
35 40
36 40
37 40
36 32
37 32
35 32
38 36
38 35
38 37
38 34
38 38
38 33
38 32
35 31
36 31
36 41
37 41
35 30
39 34
39 33
39 32
39 38
38 40
38 41
36 42
37 42
38 42
35 42
34 42
33 42
32 42
32 41
32 40
32 39
31 39
31 40
31 41
31 42
30 39
30 40
30 41
30 42
29 40
29 41
28 40
28 41
33 43
32 43
34 43
31 43
35 43
30 43
27 40
27 41
27 39
27 38
27 37
28 37
29 37
29 36
27 36
27 35
27 34
0
No
0
Yes
46 28
45 28
46 27
45 27
46 29
45 29
47 28
47 27
47 29
44 28
44 27
44 29
46 26
45 26
47 26
44 26
46 30
48 28
48 27
48 26
43 28
46 25
45 25
47 25
44 25
48 25
46 31
49 27
49 26
49 25
46 24
47 24
48 24
49 24
46 32
45 32
43 25
44 24
43 24
44 32
44 31
43 31
43 32
43 30
42 25
42 24
42 26
42 27
46 23
47 23
48 23
49 23
46 33
45 33
44 33
43 33
47 33
41 26
41 25
41 24
42 32
42 33
43 23
42 23
41 23
46 34
45 34
44 34
43 34
42 34
47 22
48 22
49 22
40 26
40 27
40 28
40 29
40 30
41 32
41 33
41 34
46 35
45 35
44 35
43 35
42 35
41 35
47 35
0
Yes
18 24
17 24
19 24
19 23
19 25
19 22
18 22
20 23
20 22
18 21
19 21
20 21
17 21
21 23
21 22
16 21
18 20
17 20
19 20
16 20
20 20
22 23
22 22
22 24
22 25
21 25
21 26
22 26
20 26
15 21
15 20
15 22
15 23
14 23
14 22
14 21
14 20
14 24
14 25
15 25
16 25
16 26
15 26
14 26
16 27
15 27
14 27
17 27
17 28
16 28
15 28
14 28
21 27
22 27
13 24
13 25
13 26
13 27
13 28
18 19
17 19
19 19
16 19
20 19
15 19
22 21
23 24
23 23
23 25
23 22
23 26
23 21
23 27
13 21
13 20
15 29
14 29
13 29
21 19
12 24
12 25
18 18
19 18
20 18
24 24
24 23
24 25
24 26
16 18
15 18
22 19
23 20
23 19
12 21
12 20
12 27
12 28
15 30
14 30
13 30
24 21
24 20
24 19
25 24
25 23
25 25
25 26
13 19
22 18
23 18
24 18
0
Yes
15 38
14 38
15 37
14 37
14 39
16 37
13 38
13 37
13 39
15 36
14 36
16 36
13 36
14 40
13 40
12 38
12 37
12 39
15 35
14 35
16 35
13 35
14 41
17 35
11 38
11 37
14 34
13 34
14 42
15 42
16 42
12 35
12 34
11 36
11 35
11 34
13 42
17 34
17 42
12 42
15 43
14 43
16 43
17 43
18 34
18 42
18 43
10 37
10 36
10 35
10 34
14 33
13 33
12 33
11 33
10 33
17 33
19 34
19 42
19 43
9 37
9 36
9 35
9 34
9 33
14 32
13 32
12 32
15 32
14 44
20 42
20 43
18 44
19 44
14 31
13 31
12 31
14 45
0
Yes
33 47
32 47
33 46
32 46
33 48
32 48
34 47
34 46
34 48
31 47
31 48
33 45
33 49
32 49
34 49
31 49
35 47
35 46
35 48
35 49
35 45
30 47
30 48
30 49
33 44
36 47
36 46
36 45
30 46
32 44
31 44
35 44
36 44
36 49
29 47
29 46
29 48
29 49
37 46
37 45
30 44
37 49
37 48
28 47
28 46
28 48
28 49
38 46
38 45
38 49
27 47
39 46
39 47
39 49
26 47
40 47
40 46
26 48
40 48
40 49
26 49
40 45
25 47
25 48
25 49
41 47
41 48
41 49
25 46
24 47
24 46
24 48
24 49
42 47
42 48
42 49
42 46
23 47
23 46
23 48
23 49
43 47
43 46
43 48
43 49
22 47
22 46
22 48
22 49
0
No
0
No
0
No
0
Yes
24 36
24 37
24 38
25 36
25 37
25 38
26 36
26 37
26 38
0
Yes
5 0
5 1
5 2
5 3
6 0
6 1
6 2
6 3
7 0
7 1
7 2
7 3
8 0
8 1
8 2
8 3
9 0
9 1
9 2
9 3
10 0
10 1
10 2
10 3
0
Yes
32 27
31 27
32 26
31 26
32 28
31 28
33 27
33 26
33 28
30 27
30 28
32 25
33 25
32 29
31 29
33 29
30 29
34 27
34 26
34 28
34 25
34 29
29 27
29 28
29 29
32 24
33 24
34 24
32 30
31 30
33 30
30 30
34 30
29 30
35 27
35 26
35 28
35 29
29 26
31 24
30 24
28 27
28 28
28 29
28 30
32 23
31 23
33 23
30 23
32 31
31 31
33 31
30 31
34 31
29 31
28 31
36 27
36 26
36 28
36 29
27 27
27 28
27 29
27 30
27 31
32 22
31 22
33 22
30 22
32 32
31 32
33 32
30 32
34 32
29 32
28 32
27 32
37 27
37 28
37 29
27 26
27 25
27 24
28 24
28 23
27 23
26 27
26 26
26 28
26 25
26 29
26 24
26 23
32 21
31 21
33 21
38 27
31 33
30 33
29 33
38 29
38 30
25 27
32 20
31 20
33 20
31 34
30 34
29 34
32 34
25 29
30 20
34 20
0
No
0
Yes
30 2
29 2
30 1
29 1
31 2
31 1
31 3
28 2
28 1
30 0
29 0
31 0
28 0
32 2
32 3
28 3
28 4
32 0
27 2
27 1
27 3
27 4
33 3
28 5
29 5
33 0
33 4
26 2
26 1
26 3
33 5
32 5
31 5
31 6
28 6
25 2
25 1
25 3
27 6
33 6
34 5
34 6
31 7
25 0
25 4
28 7
25 5
33 7
35 5
35 6
24 2
24 1
24 3
24 0
24 4
24 5
36 5
23 2
23 1
23 0
23 5
37 5
37 4
22 2
22 1
22 0
37 6
38 4
21 2
21 1
21 0
39 4
39 3
39 2
38 2
37 2
36 2
36 1
35 1
34 1
20 2
20 1
20 0
40 2
40 1
40 0
39 0
40 4
19 2
19 1
19 0
41 2
41 1
41 0
42 2
42 1
42 0
18 1
18 0
42 3
42 4
43 2
43 1
43 3
43 0
43 4
17 1
17 0
17 2
17 3
17 4
18 4
19 4
19 5
18 5
17 5
20 5
21 5
21 4
21 6
20 6
19 6
18 6
17 6
21 7
20 7
18 7
17 7
16 2
16 1
16 0
44 2
44 1
44 0
15 1
15 0
45 1
45 0
14 1
46 0
47 0
47 1
47 2
46 2
46 3
47 3
45 3
0
Yes
27 15
27 16
27 17
27 18
28 15
28 16
28 17
28 18
29 15
29 16
29 17
29 18
30 15
30 16
30 17
30 18
31 15
0
Yes
45 37
45 38
45 39
46 37
46 38
0
No
0
Yes
20 13
20 14
20 15
20 16
21 13
21 14
21 15
21 16
22 13
22 14
22 15
22 16
23 13
0
Yes
11 0
11 1
12 0
12 1
0
No
0
Yes
19 0
19 1
19 2
20 0
20 1
20 2
21 0
21 1
21 2
22 0
22 1
22 2
0
Yes
20 23
19 23
20 22
19 22
21 23
21 22
19 24
20 21
19 21
22 23
22 22
18 22
18 21
18 24
19 25
22 24
22 21
22 25
21 25
20 20
19 20
18 20
23 23
23 22
23 24
23 21
23 25
17 24
21 26
22 26
23 26
20 26
17 21
17 20
20 19
19 19
18 19
17 19
24 23
24 24
24 25
24 26
21 19
21 27
22 27
23 27
23 20
16 21
16 20
16 19
22 19
23 19
24 21
24 20
24 19
20 18
19 18
18 18
25 23
25 24
25 25
25 26
15 21
15 20
15 19
15 22
15 23
22 18
23 18
24 18
25 20
25 19
25 18
14 23
14 22
14 21
0
No
0
Yes
13 27
13 28
13 29
13 30
14 27
14 28
14 29
14 30
15 27
15 28
15 29
15 30
16 27
0
No
0
No
0
Yes
37 36
36 36
37 35
37 37
38 36
36 35
36 37
38 35
38 37
35 36
37 34
37 38
35 35
35 37
36 34
36 38
38 34
38 38
35 34
35 38
39 34
39 38
34 36
37 33
37 39
34 35
34 37
36 33
36 39
38 33
34 38
35 39
39 33
37 32
36 32
38 32
34 39
35 32
39 32
0
Yes
38 41
37 41
38 40
37 40
38 42
37 42
39 41
36 41
36 40
36 42
38 43
40 41
40 40
40 42
40 39
40 43
41 41
41 40
41 42
41 39
41 43
35 40
35 42
35 43
42 41
42 40
42 42
42 39
42 43
34 42
34 43
41 44
42 44
42 38
43 41
43 40
43 42
43 43
43 44
33 42
33 43
32 42
32 43
32 41
32 40
44 40
44 42
44 43
44 44
32 39
44 39
31 41
31 40
31 42
31 39
31 43
45 42
45 43
45 44
44 45
30 41
30 40
30 42
30 39
30 43
46 42
46 43
46 44
46 41
46 45
29 41
29 40
47 41
47 42
47 43
47 44
47 45
29 43
0
Yes
8 5
8 6
9 5
9 6
7 6
9 4
8 7
7 7
9 7
10 5
10 4
10 6
10 7
6 6
9 3
10 3
8 3
7 3
6 3
8 2
7 2
9 2
6 2
10 2
8 8
9 8
10 8
11 5
11 6
11 7
11 8
5 3
5 2
5 4
8 1
7 1
9 1
6 1
10 1
5 1
12 5
12 6
12 7
12 8
9 9
10 9
11 9
12 9
4 2
4 1
8 0
7 0
9 0
6 0
10 0
5 0
4 0
9 10
10 10
11 10
8 10
13 6
3 2
3 1
3 0
8 11
9 11
7 11
14 6
14 5
14 4
13 4
13 3
12 3
6 11
6 10
8 12
9 12
15 5
15 4
15 6
0
Yes
14 37
13 37
14 36
13 36
14 38
13 38
15 37
15 36
15 38
12 37
12 38
14 35
13 35
15 35
14 39
13 39
12 39
16 37
16 36
16 35
12 35
11 37
11 38
14 34
13 34
12 34
14 40
13 40
11 36
11 35
11 34
17 35
10 37
10 36
10 35
10 34
14 33
13 33
12 33
11 33
10 33
14 41
17 34
9 37
9 36
9 35
9 34
9 33
14 32
13 32
12 32
14 42
17 33
18 34
13 42
15 32
15 42
12 42
16 42
17 42
19 34
14 31
13 31
12 31
14 43
15 43
16 43
17 43
8 36
18 42
18 43
11 31
14 44
7 36
9 32
19 42
19 43
10 31
11 30
10 30
20 42
20 43
0
No
0
No
0
Yes
18 37
18 38
18 39
18 40
19 37
19 38
19 39
19 40
0
No
0
Yes
31 29
31 30
32 29
32 30
30 29
30 30
31 28
31 31
32 28
32 31
33 29
33 30
30 28
30 31
33 28
33 31
29 29
29 30
31 27
31 32
32 27
32 32
34 29
34 30
29 28
29 31
30 27
30 32
33 27
33 32
34 28
34 31
28 29
28 30
29 27
29 32
31 26
32 26
34 27
34 32
35 29
35 30
28 28
28 31
33 26
35 28
35 31
28 27
28 32
29 26
34 26
35 27
27 29
27 30
27 28
27 31
35 26
27 27
27 32
27 26
0
Yes
36 40
36 41
36 42
37 40
37 41
37 42
38 40
38 41
38 42
0
No
0
No
0
Yes
20 13
20 14
20 15
20 16
21 13
21 14
21 15
21 16
22 13
22 14
22 15
22 16
23 13
23 14
23 15
0
No
0
Yes
3 33
2 33
3 32
3 34
4 33
2 32
2 34
4 32
4 34
1 33
3 31
3 35
5 33
1 32
1 34
2 31
2 35
4 31
4 35
5 32
5 34
1 31
1 35
5 31
5 35
0 33
3 30
3 36
0 32
0 34
2 30
2 36
4 36
0 31
0 35
1 30
1 36
5 36
3 29
2 29
0 30
0 36
1 29
0 29
0
Yes
28 11
28 12
29 11
29 12
30 11
30 12
0
No
0
No
0
Yes
45 37
45 38
46 37
46 38
0
Yes
6 0
6 1
6 2
6 3
7 0
7 1
7 2
7 3
8 0
8 1
8 2
8 3
9 0
9 1
9 2
9 3
10 0
10 1
10 2
10 3
0
Yes
47 26
46 26
47 25
47 27
48 26
46 25
46 27
48 25
48 27
45 26
47 24
47 28
49 26
45 25
45 27
46 24
46 28
48 24
48 28
49 25
49 27
45 28
49 24
44 26
47 23
47 29
44 25
44 27
46 23
46 29
48 23
44 24
44 28
45 29
49 23
47 22
48 22
44 29
49 22
0
Yes
32 46
32 47
33 46
33 47
31 47
33 45
32 48
31 48
33 48
34 46
34 47
34 48
30 47
30 48
30 46
33 44
32 44
31 44
30 44
29 46
29 47
29 48
32 43
31 43
33 43
30 43
32 49
31 49
33 49
30 49
34 49
29 49
35 46
35 47
35 48
35 49
35 45
34 43
35 44
35 43
28 46
28 47
28 48
28 49
32 42
31 42
33 42
30 42
34 42
35 42
36 46
36 45
36 47
36 44
29 43
32 41
31 41
30 41
36 49
37 46
37 45
27 47
29 41
37 49
37 48
32 40
31 40
30 40
29 40
38 46
38 45
26 47
26 48
28 41
28 40
28 42
26 49
38 49
32 39
31 39
30 39
39 46
25 47
25 48
25 49
25 46
27 41
27 40
39 47
39 49
26 41
26 40
24 46
24 47
24 48
24 49
40 46
40 47
40 45
40 48
40 49
27 39
26 39
23 46
23 47
23 48
23 49
41 47
41 48
41 49
27 38
26 38
25 39
25 38
22 46
22 47
22 48
22 49
42 47
42 48
42 49
42 46
27 37
26 37
25 37
28 37
29 37
29 36
43 46
43 47
43 48
43 49
21 47
21 48
21 49
27 36
26 36
25 36
24 38
24 37
24 36
44 47
27 35
20 48
20 49
23 37
27 34
45 47
19 49
0
No
0
No
0
Yes
19 0
19 1
19 2
20 0
20 1
20 2
21 0
21 1
21 2
22 0
22 1
22 2
0
Yes
21 13
21 14
22 13
22 14
20 13
20 14
21 12
21 15
22 12
22 15
23 13
23 14
20 12
20 15
23 12
23 15
19 13
19 14
21 11
21 16
22 16
24 13
24 14
19 12
19 15
20 11
20 16
23 11
23 16
24 12
24 15
18 13
18 14
19 11
19 16
21 10
24 11
24 16
25 13
25 14
18 12
18 15
20 10
23 10
25 12
25 15
18 11
18 16
19 10
24 10
25 11
25 16
17 13
17 14
17 15
18 10
17 11
17 16
17 10
0
Yes
41 41
40 41
41 40
40 40
41 42
40 42
42 41
42 40
42 42
39 41
41 39
40 39
42 39
41 43
40 43
42 43
43 41
43 40
43 42
43 43
38 41
41 44
42 44
43 44
38 40
38 42
42 38
44 40
44 42
44 43
44 44
38 43
44 39
37 41
37 40
37 42
45 42
45 43
45 44
37 39
45 39
36 41
36 40
36 42
36 39
37 38
36 38
38 38
39 38
38 37
37 37
36 37
44 45
46 42
46 43
46 44
46 41
38 36
37 36
36 36
47 41
47 42
47 43
47 44
35 40
35 39
35 38
35 37
35 36
46 45
47 45
38 35
37 35
36 35
35 35
48 42
34 39
34 38
34 37
34 36
34 35
38 34
37 34
36 34
35 34
0
No
0
Yes
40 9
39 9
40 8
39 8
40 10
39 10
41 9
41 8
41 10
38 9
38 8
38 10
40 7
39 7
41 7
40 11
39 11
41 11
38 11
42 9
42 8
42 10
37 9
37 8
37 10
37 11
40 6
39 6
40 12
39 12
41 12
38 12
37 12
43 9
43 8
43 10
43 7
36 9
36 8
40 13
39 13
38 13
44 9
44 8
44 10
44 7
43 6
44 6
44 11
35 9
35 8
36 12
40 14
39 14
38 14
43 5
44 5
45 9
45 8
45 10
35 10
35 11
43 4
42 4
34 9
34 8
34 10
40 15
39 15
38 15
46 9
46 8
46 10
41 15
42 3
43 3
0
No
0
Yes
11 36
11 35
12 35
11 37
12 37
13 35
13 36
13 37
10 36
12 34
12 38
14 36
10 35
10 37
11 34
11 38
13 34
13 38
14 35
14 37
10 34
14 34
14 38
9 36
12 33
15 36
9 35
9 37
11 33
13 33
15 35
15 37
9 34
10 33
14 33
15 38
8 36
16 36
8 35
16 35
16 37
9 33
8 34
7 36
8 33
7 35
0
Yes
7 6
6 6
7 7
8 6
8 7
8 5
9 6
9 5
9 7
8 8
9 8
9 4
10 6
10 5
10 7
10 4
10 8
9 3
10 3
8 3
7 3
6 3
5 3
5 4
9 9
10 9
7 2
6 2
8 2
5 2
9 2
10 2
11 6
11 5
11 7
11 8
11 9
9 10
10 10
11 10
8 10
4 2
7 1
6 1
8 1
5 1
9 1
4 1
10 1
12 6
12 5
12 7
12 8
12 9
8 11
9 11
7 11
6 11
6 10
3 2
3 1
7 0
6 0
8 0
5 0
9 0
4 0
10 0
3 0
13 6
13 7
13 8
13 9
8 12
9 12
2 2
2 3
2 4
3 4
3 5
2 5
4 5
4 6
3 6
2 6
3 7
2 7
3 8
2 8
2 9
1 6
1 5
1 7
1 4
1 8
1 3
1 9
1 2
2 10
1 10
10 12
0 6
0 5
0 7
0 4
0 8
0 3
0 9
0 2
0 10
14 6
14 7
14 8
14 9
8 13
9 13
7 13
14 5
11 12
13 10
14 10
0
Yes
28 46
28 47
28 48
28 49
29 46
29 47
29 48
29 49
30 46
30 47
30 48
30 49
0
Yes
33 43
32 43
33 42
32 42
33 44
32 44
34 43
34 42
31 43
31 42
31 44
33 45
35 43
35 42
32 41
31 41
35 44
35 45
30 43
30 42
30 44
30 41
33 46
32 40
31 40
30 40
32 46
34 46
35 46
36 44
36 45
36 46
29 43
33 47
32 47
34 47
35 47
36 47
32 39
31 39
30 39
29 41
29 40
31 47
37 45
37 46
33 48
32 48
34 48
31 48
35 48
28 41
28 40
28 42
38 45
38 46
33 49
32 49
34 49
31 49
35 49
27 41
27 40
36 49
39 46
27 39
37 49
37 48
39 47
26 41
26 40
26 39
40 46
40 47
40 45
27 38
26 38
38 49
27 37
26 37
28 37
29 37
29 36
39 49
40 48
40 49
25 39
25 38
25 37
41 47
41 48
41 49
27 36
26 36
25 36
42 47
42 48
42 49
42 46
27 35
24 38
24 37
24 36
43 46
43 47
43 48
43 49
27 34
26 34
23 37
44 47
25 34
26 33
45 47
0
Yes
42 0
42 1
42 2
43 0
43 1
43 2
44 0
44 1
44 2
45 0
45 1
0
No
0
Yes
31 19
30 19
31 18
30 18
31 20
30 20
32 19
32 18
32 20
29 19
29 18
31 17
30 17
32 17
29 17
31 21
32 21
33 18
33 17
33 20
33 21
31 16
30 16
32 16
29 16
31 22
32 22
33 22
28 18
28 17
28 16
30 22
34 20
31 15
30 15
32 15
29 15
28 15
31 23
30 23
32 23
33 23
27 18
27 17
27 16
27 15
31 14
32 14
31 24
30 24
32 24
33 24
29 14
28 14
27 14
33 14
34 14
34 24
32 25
33 25
0
Yes
29 26
29 27
28 27
30 27
29 28
28 28
30 28
27 27
27 28
27 26
27 25
31 27
31 28
31 26
27 24
28 24
26 26
26 25
26 27
26 24
26 28
29 29
28 29
30 29
27 29
31 29
26 29
32 26
32 27
32 28
32 29
28 23
27 23
26 23
25 26
25 25
25 27
25 24
25 23
29 30
28 30
30 30
27 30
31 30
32 30
33 26
33 27
33 28
33 29
33 30
24 26
24 25
24 24
24 23
25 29
29 31
28 31
30 31
27 31
31 31
32 31
33 31
34 26
34 27
34 28
34 29
34 30
34 31
34 25
25 30
23 26
23 25
23 24
23 23
29 32
28 32
30 32
27 32
31 32
32 32
33 32
34 32
35 26
35 27
35 28
35 29
35 30
35 31
35 32
23 27
26 32
22 26
22 25
22 27
22 24
22 23
29 33
30 33
31 33
36 26
36 27
36 28
36 29
23 22
22 22
25 32
26 33
23 21
22 21
24 21
24 20
23 20
25 20
26 20
24 32
21 26
21 25
21 27
29 34
30 34
31 34
25 19
24 19
23 19
37 27
37 28
37 29
21 23
21 22
0
No
0
No
0
No
0
No
0
Yes
31 30
32 30
31 29
31 31
32 29
32 31
30 30
33 30
30 29
30 31
33 29
33 31
31 28
31 32
32 28
32 32
29 30
30 28
30 32
33 28
33 32
34 30
29 29
29 31
34 29
34 31
31 27
31 33
32 27
29 28
29 32
34 28
34 32
30 27
30 33
33 27
28 30
35 30
28 29
28 31
35 29
35 31
29 27
29 33
34 27
28 28
28 32
31 26
32 26
35 28
35 32
33 26
27 30
27 29
27 31
28 27
35 27
29 26
34 26
27 28
27 32
35 26
0
Yes
23 20
23 19
23 21
24 20
24 19
24 21
22 19
22 21
23 18
22 18
24 18
23 22
22 22
25 20
25 19
25 18
21 19
21 22
23 23
22 23
21 23
26 20
20 19
20 20
20 21
20 22
20 23
24 23
20 18
25 17
25 23
19 20
19 19
19 21
19 18
19 22
19 23
23 24
22 24
24 24
25 24
20 17
26 23
26 24
25 16
24 16
23 16
22 16
21 16
20 16
18 20
18 19
18 21
18 18
18 22
23 15
22 15
24 15
21 15
25 15
20 15
23 25
22 25
24 25
25 25
26 25
27 23
27 24
27 25
21 25
19 16
19 15
19 24
28 23
28 24
17 20
17 19
17 21
23 14
22 14
24 14
21 14
25 14
20 14
19 14
23 26
22 26
24 26
21 26
25 26
26 26
27 26
18 16
18 15
18 14
18 24
19 25
20 26
26 14
16 20
16 19
16 21
23 13
22 13
24 13
21 13
25 13
20 13
26 13
19 13
18 13
23 27
22 27
21 27
17 16
17 15
17 14
17 13
17 24
16 18
25 27
26 27
27 27
16 17
16 16
16 15
16 14
16 13
15 20
15 19
15 21
15 18
15 17
15 16
15 15
15 14
23 12
22 12
24 12
21 12
25 12
0
No
0
Yes
5 31
4 31
5 32
4 32
6 31
6 32
6 30
3 31
3 32
5 33
4 33
6 33
3 33
7 31
7 30
7 32
7 33
3 30
6 29
7 29
5 29
3 29
2 31
2 30
2 32
2 29
2 33
5 34
4 34
6 34
3 34
7 34
2 34
6 28
7 28
8 30
8 29
8 28
1 31
1 30
1 32
1 29
1 33
1 34
5 35
4 35
6 35
3 35
2 35
1 35
6 27
7 27
8 27
9 30
9 29
9 28
9 27
2 28
1 28
0 31
0 30
0 32
0 29
0 33
0 28
0 34
0 35
2 27
1 27
0 27
3 27
4 27
5 36
4 36
3 36
2 36
1 36
0 36
6 26
7 26
8 26
9 26
5 26
10 30
10 31
2 26
1 26
5 25
6 25
7 25
8 25
9 25
11 31
11 30
4 25
4 37
0
No
0
Yes
10 6
9 6
10 5
9 5
10 7
9 7
11 6
11 5
11 7
8 6
8 5
8 7
10 4
9 4
10 8
9 8
11 8
8 8
12 6
12 5
12 7
12 8
7 6
7 7
10 3
9 3
10 9
9 9
11 9
12 9
13 6
13 7
13 8
13 9
8 3
6 6
10 2
9 2
8 2
10 10
9 10
11 10
14 6
14 7
14 8
14 9
14 5
7 3
7 2
8 10
14 4
13 4
13 3
12 3
6 3
6 2
10 1
9 1
8 1
7 1
6 1
13 10
14 10
15 6
15 5
15 4
9 11
8 11
11 1
12 1
15 8
15 9
15 10
5 3
5 2
5 1
5 4
7 11
13 11
14 11
10 0
9 0
11 0
8 0
12 0
7 0
6 0
5 0
0
Yes
41 22
40 22
41 21
40 21
41 23
40 23
42 22
42 21
42 23
39 22
39 21
41 20
40 20
41 24
40 24
42 24
43 23
43 24
38 22
38 21
41 19
41 25
42 25
43 25
42 19
43 19
44 24
44 25
41 18
41 26
42 26
40 26
44 19
44 20
45 20
45 19
44 18
45 18
44 26
45 25
45 26
40 27
42 27
46 20
46 19
44 17
45 17
44 27
45 27
46 25
46 26
46 27
46 24
46 23
40 28
47 23
47 24
47 25
47 26
47 27
47 22
44 16
45 16
43 16
42 16
44 28
45 28
46 28
47 28
43 28
47 19
48 22
48 23
48 24
48 25
48 26
48 27
48 28
40 29
42 15
43 15
44 15
41 15
40 15
40 16
40 17
39 17
39 16
39 15
39 18
38 18
38 17
38 19
37 19
46 17
46 16
38 15
44 29
45 29
46 29
47 29
47 17
47 16
49 22
49 23
49 24
49 25
49 26
49 27
40 14
39 14
38 14
40 30
42 14
43 14
49 21
49 20
48 20
40 13
39 13
38 13
42 13
43 13
47 15
46 30
44 13
0
Yes
25 15
24 15
25 14
24 14
25 16
24 16
26 14
23 15
23 14
23 16
25 13
24 13
26 13
23 13
25 17
27 13
22 15
22 14
22 16
22 13
25 12
24 12
26 12
23 12
27 12
22 12
25 18
24 18
23 18
21 15
21 14
21 16
21 13
21 12
25 11
24 11
26 11
23 11
27 11
25 19
24 19
23 19
22 18
22 19
28 12
28 11
20 15
20 14
20 16
20 13
20 12
25 20
24 20
23 20
29 12
29 11
24 10
23 10
26 10
27 10
26 20
20 17
21 11
20 11
21 19
20 18
20 19
30 12
30 11
19 15
19 14
19 16
19 13
19 12
19 11
24 9
23 9
24 21
23 21
26 9
27 9
21 10
20 10
19 10
19 18
19 19
22 21
18 15
18 14
18 16
18 13
18 12
18 11
18 10
20 20
19 20
23 8
23 22
22 22
18 18
18 19
18 20
20 9
20 21
19 21
18 21
17 15
17 14
17 16
17 13
21 22
20 22
19 22
18 22
23 7
24 7
23 23
22 23
21 23
0
Yes
5 18
5 19
6 18
6 19
0
No
0
Yes
43 10
42 10
43 9
44 10
42 9
44 9
44 11
41 10
43 8
45 10
41 9
41 11
42 8
44 8
45 9
41 8
41 12
45 8
40 10
43 7
46 10
40 9
40 11
44 7
46 9
46 11
40 8
40 12
41 7
46 8
46 12
39 10
47 10
39 9
39 11
47 9
47 11
40 7
46 7
39 8
39 12
47 8
47 12
38 10
39 7
47 7
48 10
38 9
38 11
48 9
48 11
38 8
38 12
48 8
48 12
48 7
37 10
49 10
37 9
37 11
49 9
49 11
37 8
37 12
49 8
49 12
49 7
36 9
36 8
0
Yes
21 13
21 14
20 13
20 14
22 13
22 14
21 12
21 15
20 12
20 15
22 12
22 15
19 13
19 14
23 13
23 14
19 12
19 15
21 11
21 16
23 12
23 15
20 11
20 16
22 16
18 13
18 14
24 13
24 14
19 11
19 16
23 11
23 16
18 12
18 15
24 12
24 15
21 10
20 10
18 11
18 16
24 11
24 16
17 13
17 14
19 10
23 10
25 13
25 14
17 15
25 12
25 15
18 10
24 10
17 11
17 16
25 11
25 16
16 13
16 14
26 13
26 14
16 15
26 12
17 10
16 16
26 11
15 14
16 10
0
Yes
29 2
28 2
29 1
28 1
30 2
30 1
28 3
27 2
27 1
27 3
29 0
28 0
30 0
31 2
31 1
31 0
28 4
27 4
31 3
26 2
26 1
26 3
32 2
32 3
28 5
29 5
32 0
25 2
25 1
25 3
28 6
33 3
25 0
25 4
27 6
33 0
33 4
24 2
24 1
24 3
24 0
24 4
25 5
24 5
33 5
32 5
31 5
31 6
28 7
31 7
25 6
24 6
33 6
34 5
34 6
23 2
23 1
23 0
33 7
23 5
35 5
35 6
22 2
22 1
22 0
24 7
36 5
23 7
21 2
21 1
21 0
23 8
37 5
37 4
37 6
20 2
20 1
20 0
23 9
24 9
38 4
19 2
19 1
19 0
39 4
39 3
39 2
38 2
37 2
36 2
36 1
35 1
34 1
40 2
18 1
18 0
40 1
40 0
39 0
40 4
41 2
41 1
41 0
17 1
17 0
17 2
17 3
17 4
18 4
19 4
19 5
18 5
17 5
20 5
21 5
21 4
21 6
20 6
19 6
18 6
17 6
21 7
20 7
18 7
17 7
16 2
16 1
16 0
42 2
42 1
42 0
0
No
0
No
0
Yes
31 26
31 27
31 28
31 29
31 30
31 31
31 32
32 26
32 27
32 28
32 29
32 30
32 31
32 32
33 26
33 27
33 28
33 29
33 30
33 31
33 32
34 26
34 27
34 28
34 29
34 30
34 31
34 32
35 26
35 27
35 28
35 29
35 30
35 31
35 32
0
Yes
26 32
25 32
26 33
27 32
27 31
24 32
26 34
28 32
28 31
25 34
27 30
28 30
27 34
29 32
29 31
29 30
27 29
28 29
29 29
26 29
25 29
25 30
27 35
29 33
29 34
26 28
27 28
28 28
29 28
30 32
30 31
30 33
30 30
30 34
30 29
30 28
27 36
26 36
25 36
24 36
26 27
27 27
28 27
29 27
30 27
26 37
25 37
27 37
24 37
25 27
31 33
31 34
28 37
23 37
29 37
29 36
26 26
25 26
27 26
26 38
25 38
27 38
24 38
24 26
32 34
23 26
23 27
22 27
22 26
29 26
26 25
25 25
27 25
24 25
23 25
22 25
26 39
25 39
27 39
21 27
21 26
21 25
0
Yes
28 46
28 47
28 48
28 49
29 46
29 47
29 48
29 49
30 46
30 47
30 48
30 49
0
Yes
22 46
22 47
22 48
22 49
23 46
23 47
23 48
23 49
24 46
24 47
24 48
24 49
25 46
0
No
0
Yes
7 33
7 34
8 33
8 34
6 33
6 34
7 32
7 35
8 35
9 33
9 34
6 32
6 35
9 32
9 35
5 33
5 34
7 31
7 36
8 36
10 33
10 34
5 32
5 35
6 31
9 36
10 35
4 33
4 34
5 31
5 36
7 30
8 30
10 36
11 33
11 34
4 32
4 35
6 30
9 30
9 37
11 35
4 31
4 36
10 30
10 31
10 37
11 31
11 36
3 33
3 34
7 29
8 29
12 33
12 34
3 32
3 35
6 29
9 29
12 32
12 35
4 37
11 30
11 37
3 31
3 36
5 29
12 31
2 33
2 34
13 33
13 34
2 32
2 35
3 30
3 37
12 37
13 32
13 35
2 31
2 36
13 31
13 36
3 29
1 33
1 34
2 30
2 37
13 30
13 37
14 33
14 34
1 32
1 35
14 32
14 35
1 31
1 36
14 31
14 36
2 29
13 29
1 30
1 37
14 30
14 37
0 33
0 34
0 32
0 35
0 31
0 36
1 29
14 29
0 30
0 29
0
Yes
30 22
30 23
31 22
31 23
31 21
30 24
31 24
32 22
32 21
32 23
32 24
31 20
32 20
30 20
30 19
31 19
32 19
33 22
33 21
33 23
33 20
33 24
29 19
32 25
33 25
30 18
29 18
31 18
32 18
28 18
32 26
33 26
31 26
34 20
34 24
34 25
34 26
27 18
30 17
29 17
31 17
28 17
32 17
27 17
33 18
33 17
31 27
32 27
33 27
34 27
30 27
29 27
29 26
28 27
27 27
27 26
27 25
27 24
28 24
28 23
27 23
26 23
26 24
26 25
26 26
26 27
25 23
25 24
25 25
25 26
25 27
30 16
29 16
31 16
28 16
32 16
27 16
30 28
29 28
31 28
28 28
32 28
27 28
33 28
26 28
34 28
24 23
24 24
24 25
24 26
35 26
35 27
35 28
30 15
29 15
31 15
28 15
32 15
27 15
30 29
29 29
31 29
28 29
32 29
27 29
33 29
26 29
