0
Yes
29 28
28 28
28 27
29 27
28 29
29 29
30 27
30 28
30 29
29 26
28 26
30 26
29 30
28 30
30 30
31 28
31 27
31 29
31 26
31 30
27 27
27 28
27 29
27 26
27 30
26 28
26 27
26 29
26 30
28 25
29 25
30 25
27 25
31 25
28 31
29 31
30 31
27 31
31 31
26 31
32 27
32 28
32 29
32 26
32 30
32 25
32 31
29 24
28 24
30 24
31 24
27 24
32 24
29 32
28 32
30 32
27 32
31 32
26 32
32 32
25 29
25 30
25 31
25 32
26 25
33 26
33 25
33 24
28 23
29 23
30 23
31 23
32 23
27 23
33 23
28 33
29 33
30 33
27 33
31 33
26 33
32 33
25 33
0
Yes
19 28
18 28
18 27
19 27
18 29
19 29
20 27
20 28
20 29
19 26
18 26
20 26
19 30
18 30
20 30
21 28
21 27
21 29
21 30
17 27
17 28
17 29
17 30
16 28
16 29
16 27
16 30
18 31
19 31
20 31
17 31
21 31
16 31
22 29
22 28
22 30
22 31
19 32
18 32
20 32
17 32
21 32
16 32
23 28
23 29
23 30
15 27
15 28
15 29
15 30
15 31
0
Yes
20 35
20 36
20 37
21 35
21 36
21 37
22 35
22 36
22 37
0
Yes
26 34
26 35
26 36
26 37
27 34
27 35
27 36
27 37
28 34
28 35
28 36
28 37
29 34
29 35
29 36
29 37
30 34
30 35
30 36
30 37
31 34
31 35
31 36
31 37
32 34
32 35
32 36
32 37
0
Yes
45 0
45 1
45 2
45 3
45 4
45 5
45 6
46 0
46 1
46 2
46 3
46 4
46 5
46 6
47 0
47 1
47 2
47 3
47 4
47 5
47 6
48 0
48 1
48 2
48 3
48 4
48 5
48 6
49 0
49 1
49 2
49 3
49 4
49 5
49 6
0
Yes
18 33
17 33
17 32
18 32
17 34
18 34
19 32
18 31
17 31
19 31
18 35
17 35
16 32
16 33
16 34
16 31
16 35
19 35
20 31
20 32
15 33
15 32
15 34
15 31
15 35
17 30
18 30
19 30
16 30
20 30
15 30
17 36
21 32
21 31
21 30
18 29
17 29
19 29
16 29
20 29
15 29
21 29
14 32
14 33
14 34
14 31
14 30
14 35
14 29
15 36
14 36
22 31
22 30
22 29
13 33
13 32
13 34
13 31
13 35
13 30
13 36
13 29
17 28
18 28
19 28
16 28
20 28
15 28
21 28
14 28
22 28
13 28
23 30
23 29
23 28
18 27
17 27
19 27
16 27
20 27
15 27
21 27
14 27
13 27
12 32
12 33
12 34
12 31
12 35
12 30
12 29
12 28
12 36
12 27
11 33
11 32
11 34
11 31
11 35
11 30
11 29
0
Yes
0 35
0 36
0 37
0 38
0 39
0 40
0 41
0 42
0 43
0 44
0 45
0 46
0 47
0 48
0 49
1 35
1 36
1 37
1 38
1 39
1 40
1 41
1 42
1 43
1 44
1 45
1 46
1 47
1 48
1 49
2 35
2 36
2 37
2 38
2 39
2 40
2 41
2 42
2 43
2 44
2 45
2 46
2 47
2 48
2 49
3 35
3 36
3 37
3 38
3 39
3 40
3 41
3 42
3 43
3 44
3 45
3 46
3 47
3 48
3 49
4 35
4 36
4 37
4 38
4 39
4 40
4 41
4 42
4 43
4 44
4 45
4 46
4 47
4 48
4 49
5 35
5 36
5 37
5 38
5 39
5 40
5 41
5 42
5 43
5 44
5 45
5 46
5 47
5 48
5 49
6 35
6 36
6 37
6 38
6 39
6 40
6 41
6 42
6 43
6 44
6 45
6 46
6 47
6 48
6 49
0
Yes
14 26
13 26
13 25
14 25
15 25
14 24
13 24
15 24
12 25
12 26
12 24
16 24
11 26
11 25
11 24
11 27
13 23
14 23
15 23
12 23
16 23
11 23
14 22
13 22
15 22
12 22
16 22
11 22
10 25
10 26
10 24
10 23
10 27
10 22
17 23
17 22
10 28
11 28
9 26
9 25
9 27
9 24
9 23
9 28
9 22
13 21
14 21
15 21
12 21
16 21
11 21
10 21
17 21
9 21
9 29
10 29
10 30
9 30
14 20
13 20
15 20
12 20
16 20
11 20
10 20
17 20
9 20
8 25
8 26
8 27
8 24
8 28
8 23
8 29
8 22
8 21
8 30
8 20
7 26
7 25
7 27
7 24
7 28
7 23
7 29
7 22
7 21
0
Yes
43 40
43 41
43 42
43 43
43 44
43 45
43 46
43 47
43 48
43 49
44 40
44 41
44 42
44 43
44 44
44 45
44 46
44 47
44 48
44 49
45 40
45 41
45 42
45 43
45 44
45 45
45 46
45 47
45 48
45 49
46 40
46 41
46 42
46 43
46 44
46 45
46 46
46 47
46 48
46 49
47 40
47 41
47 42
47 43
47 44
47 45
47 46
47 47
47 48
47 49
48 40
48 41
48 42
48 43
48 44
48 45
48 46
48 47
48 48
48 49
49 40
49 41
49 42
49 43
49 44
49 45
49 46
49 47
49 48
49 49
0
Yes
30 19
29 19
29 18
30 18
29 20
30 20
31 18
31 19
31 20
30 17
29 17
31 17
30 21
29 21
31 21
32 19
32 18
32 20
32 17
32 21
28 18
28 19
28 20
28 17
28 21
27 19
27 18
27 17
29 16
30 16
31 16
28 16
32 16
27 16
29 22
30 22
31 22
0
Yes
23 17
22 17
22 16
23 16
22 18
23 18
24 16
24 17
24 18
23 15
22 15
24 15
23 19
22 19
24 19
25 17
25 16
25 18
25 19
0
Yes
39 44
39 45
39 46
39 47
39 48
39 49
40 44
40 45
40 46
40 47
40 48
40 49
41 44
41 45
41 46
41 47
41 48
41 49
42 44
42 45
42 46
42 47
42 48
42 49
43 44
43 45
43 46
43 47
43 48
43 49
44 44
44 45
44 46
44 47
44 48
44 49
45 44
45 45
45 46
45 47
45 48
45 49
46 44
46 45
46 46
46 47
46 48
46 49
47 44
47 45
47 46
47 47
47 48
47 49
48 44
48 45
48 46
48 47
48 48
48 49
49 44
49 45
49 46
49 47
49 48
49 49
0
Yes
2 22
2 23
2 24
2 25
2 26
2 27
3 22
3 23
3 24
3 25
3 26
3 27
4 22
4 23
4 24
4 25
4 26
4 27
5 22
5 23
5 24
5 25
5 26
5 27
6 22
6 23
6 24
6 25
6 26
6 27
0
Yes
7 43
7 42
8 42
8 43
8 44
7 44
7 45
8 45
9 43
9 44
9 42
9 45
8 41
7 41
9 41
7 40
8 40
9 40
8 46
7 46
9 46
10 42
10 43
10 44
10 41
10 45
10 40
10 46
7 47
8 47
9 47
10 47
11 43
11 42
11 44
11 41
11 45
11 46
11 40
11 47
8 39
9 39
10 39
7 39
11 39
7 38
8 38
9 38
10 38
11 38
8 48
9 48
10 48
7 48
11 48
12 42
12 43
12 44
12 45
12 46
12 47
12 48
7 49
8 49
9 49
10 49
11 49
12 49
13 43
13 44
13 42
8 37
9 37
10 37
7 37
11 37
13 41
12 39
12 38
13 46
13 47
13 48
13 49
0
Yes
34 12
33 12
33 11
34 11
33 13
34 13
35 11
35 12
35 13
34 10
33 10
35 10
34 14
33 14
35 14
36 12
36 11
36 13
36 10
36 14
32 11
32 12
32 13
32 10
32 14
31 12
31 11
31 13
31 10
31 14
33 9
34 9
35 9
32 9
36 9
31 9
33 15
34 15
35 15
32 15
36 15
31 15
37 11
37 12
37 13
37 10
37 14
37 9
37 15
34 8
33 8
35 8
32 8
36 8
31 8
37 8
34 16
33 16
35 16
38 12
38 11
38 13
38 10
38 14
38 9
38 8
30 11
30 12
30 13
30 10
30 14
30 9
30 15
30 8
29 12
29 11
29 10
29 9
29 8
33 7
34 7
35 7
32 7
36 7
31 7
37 7
30 7
0
Yes
10 38
9 38
9 37
10 37
9 39
10 39
11 37
11 38
11 39
10 36
9 36
11 36
10 40
9 40
11 40
12 38
12 39
8 37
8 38
8 39
8 36
8 40
7 38
7 37
7 39
7 36
7 40
0
Yes
0 49
0 48
1 48
1 49
2 49
2 48
1 47
0 47
2 47
0 46
1 46
2 46
3 48
3 47
3 49
3 46
4 49
4 48
4 47
4 46
1 45
2 45
3 45
0 45
4 45
0 44
1 44
2 44
3 44
4 44
5 48
5 47
5 46
5 45
5 49
5 44
6 49
6 48
6 47
6 46
6 45
6 44
1 43
2 43
3 43
4 43
5 43
0 43
6 43
0 42
1 42
2 42
3 42
4 42
5 42
6 42
7 48
7 47
7 46
7 45
7 44
7 43
7 49
7 42
8 49
8 48
8 47
8 46
8 45
8 44
8 43
8 42
1 41
2 41
3 41
4 41
5 41
6 41
7 41
0 41
8 41
0 40
1 40
2 40
3 40
4 40
5 40
6 40
9 48
9 47
9 46
9 45
9 44
9 43
9 42
9 49
9 41
10 49
10 48
10 47
10 46
10 45
10 44
10 43
10 42
10 41
1 39
2 39
3 39
4 39
5 39
0 39
6 39
0 38
1 38
2 38
3 38
4 38
5 38
6 38
11 48
11 47
11 46
11 45
11 44
11 43
11 42
11 49
11 41
12 49
12 48
12 47
12 46
12 45
12 44
12 43
12 42
0
Yes
40 29
40 30
40 31
40 32
40 33
40 34
40 35
40 36
40 37
40 38
40 39
40 40
40 41
40 42
40 43
41 29
41 30
41 31
41 32
41 33
41 34
41 35
41 36
41 37
41 38
41 39
41 40
41 41
41 42
41 43
42 29
42 30
42 31
42 32
42 33
42 34
42 35
42 36
42 37
42 38
42 39
42 40
42 41
42 42
42 43
43 29
43 30
43 31
43 32
43 33
43 34
43 35
43 36
43 37
43 38
43 39
43 40
43 41
43 42
43 43
44 29
44 30
44 31
44 32
44 33
44 34
44 35
44 36
44 37
44 38
44 39
44 40
44 41
44 42
44 43
45 29
45 30
45 31
45 32
45 33
45 34
45 35
45 36
45 37
45 38
45 39
45 40
45 41
45 42
45 43
46 29
46 30
46 31
46 32
46 33
46 34
46 35
46 36
46 37
46 38
46 39
46 40
46 41
46 42
46 43
47 29
47 30
47 31
47 32
47 33
47 34
47 35
47 36
47 37
47 38
47 39
47 40
47 41
47 42
47 43
48 29
48 30
48 31
48 32
48 33
48 34
48 35
48 36
48 37
48 38
48 39
48 40
48 41
48 42
48 43
49 29
49 30
49 31
49 32
49 33
49 34
49 35
49 36
49 37
49 38
49 39
49 40
49 41
49 42
49 43
0
Yes
35 25
34 25
34 24
35 24
34 26
35 26
36 26
36 25
35 27
36 27
37 25
37 26
37 27
0
Yes
18 5
17 5
17 4
18 4
17 6
18 6
19 4
19 5
19 6
18 3
17 3
19 3
18 7
17 7
19 7
20 5
20 4
20 6
20 3
20 7
16 4
16 5
16 6
16 3
16 7
15 5
15 4
15 6
15 3
15 7
17 2
18 2
19 2
16 2
20 2
15 2
17 8
18 8
19 8
16 8
20 8
15 8
21 4
21 5
21 6
21 3
21 7
21 2
21 8
18 1
17 1
19 1
16 1
20 1
15 1
21 1
18 9
17 9
19 9
16 9
20 9
15 9
21 9
22 5
22 4
22 6
22 3
22 7
22 2
22 1
14 4
14 5
14 6
14 3
14 7
14 2
14 8
14 1
14 9
13 5
13 4
13 6
13 3
13 7
13 2
13 8
13 1
13 9
17 0
18 0
19 0
16 0
20 0
0
Yes
10 12
10 13
10 14
10 15
10 16
10 17
10 18
10 19
11 12
11 13
11 14
11 15
11 16
11 17
11 18
11 19
12 12
12 13
12 14
12 15
12 16
12 17
12 18
12 19
13 12
13 13
13 14
13 15
13 16
13 17
13 18
13 19
14 12
14 13
14 14
14 15
14 16
14 17
14 18
14 19
15 12
15 13
15 14
15 15
15 16
15 17
15 18
15 19
16 12
16 13
16 14
16 15
16 16
16 17
16 18
16 19
17 12
17 13
17 14
17 15
17 16
17 17
17 18
17 19
18 12
18 13
18 14
18 15
18 16
18 17
18 18
18 19
19 12
19 13
19 14
19 15
19 16
19 17
19 18
19 19
20 12
20 13
20 14
20 15
20 16
20 17
20 18
20 19
21 12
21 13
21 14
21 15
21 16
21 17
21 18
21 19
0
Yes
3 14
2 14
2 13
3 13
2 15
3 15
4 13
4 14
4 15
3 12
2 12
4 12
3 16
2 16
4 16
5 14
5 13
5 15
5 12
5 16
1 13
1 14
1 15
1 12
1 16
0 14
0 13
0 15
0 12
0 16
2 11
3 11
4 11
1 11
5 11
0 11
2 17
3 17
4 17
1 17
5 17
0 17
6 13
6 14
6 15
6 12
6 16
6 11
6 17
3 10
2 10
4 10
1 10
5 10
0 10
6 10
3 18
2 18
4 18
1 18
5 18
0 18
6 18
7 14
7 13
7 15
7 12
7 16
7 11
7 17
7 10
7 18
2 9
3 9
4 9
1 9
5 9
6 9
0 9
7 9
2 19
3 19
4 19
1 19
5 19
6 19
0 19
7 19
8 13
8 14
8 15
8 12
8 16
8 11
8 17
8 10
8 18
8 9
8 19
3 8
2 8
4 8
1 8
5 8
6 8
7 8
0 8
8 8
3 20
2 20
4 20
1 20
5 20
6 20
7 20
0 20
9 14
9 13
9 15
9 12
9 16
9 11
9 17
9 10
9 18
9 9
9 19
9 8
2 7
3 7
4 7
1 7
5 7
6 7
7 7
8 7
0 7
9 7
0
Yes
47 21
47 22
47 23
47 24
47 25
48 21
48 22
48 23
48 24
48 25
49 21
49 22
49 23
49 24
49 25
0
No
0
Yes
0 4
0 3
1 3
1 4
1 5
0 5
0 6
1 6
2 4
2 5
2 3
2 6
1 2
0 2
2 2
0 1
1 1
2 1
3 3
3 4
3 5
3 2
3 6
3 1
4 4
4 3
4 5
4 2
4 6
4 1
1 0
2 0
3 0
0 0
4 0
5 3
5 4
5 5
5 2
5 1
5 6
5 0
6 4
6 3
6 5
6 2
6 1
6 6
6 0
7 3
7 4
7 5
7 2
7 1
7 6
7 0
8 4
8 3
8 5
8 2
8 1
8 6
0
Yes
23 0
23 1
23 2
23 3
23 4
23 5
23 6
23 7
24 0
24 1
24 2
24 3
24 4
24 5
24 6
24 7
25 0
25 1
25 2
25 3
25 4
25 5
25 6
25 7
26 0
26 1
26 2
26 3
26 4
26 5
26 6
26 7
27 0
27 1
27 2
27 3
27 4
27 5
27 6
27 7
28 0
28 1
28 2
28 3
28 4
28 5
28 6
28 7
29 0
29 1
29 2
29 3
29 4
29 5
29 6
29 7
0
Yes
40 21
40 20
41 20
41 21
41 22
40 22
39 22
40 23
39 23
41 23
42 21
42 22
42 20
42 23
42 19
39 24
40 24
41 24
42 24
43 20
43 21
43 22
43 23
43 19
43 24
38 24
40 25
39 25
41 25
42 25
38 25
43 25
44 21
44 20
44 22
44 23
44 24
44 19
44 25
43 18
42 18
44 18
42 17
43 17
44 17
41 17
39 26
40 26
41 26
42 26
43 26
38 26
44 26
41 16
42 16
43 16
44 16
45 20
45 21
45 22
45 19
45 23
45 18
45 17
45 16
40 27
39 27
41 27
42 27
43 27
38 27
44 27
46 21
46 20
46 22
46 19
46 18
46 17
42 15
43 15
44 15
41 15
45 15
39 28
40 28
41 28
42 28
43 28
38 28
44 28
41 14
42 14
43 14
44 14
45 14
0
Yes
27 46
26 46
26 45
27 45
26 47
27 47
28 45
28 46
28 47
27 44
26 44
28 44
27 48
26 48
28 48
29 46
29 45
29 47
29 44
29 48
25 45
25 46
25 47
25 44
25 48
24 46
24 45
24 47
24 44
24 48
26 43
27 43
28 43
25 43
29 43
24 43
26 49
27 49
28 49
25 49
29 49
24 49
30 45
30 46
30 47
30 44
30 48
30 43
30 49
27 42
26 42
28 42
25 42
29 42
24 42
30 42
31 46
31 45
31 47
31 44
31 48
31 43
31 49
23 45
23 46
23 47
23 44
23 48
23 43
23 49
23 42
22 46
22 45
22 47
22 44
22 48
22 43
22 49
22 42
26 41
27 41
28 41
25 41
29 41
24 41
0
No
0
No
0
No
0
No
0
No
0
Yes
39 43
38 43
38 42
39 42
38 44
39 41
38 41
37 42
37 43
37 44
37 41
38 40
39 40
37 40
39 39
38 39
37 39
0
No
0
Yes
42 9
41 9
41 8
42 8
41 10
42 10
43 8
43 9
43 10
42 7
41 7
43 7
42 11
41 11
43 11
44 9
44 8
44 10
44 7
44 11
40 8
40 9
40 10
40 7
40 11
39 9
39 8
39 10
39 7
39 11
41 6
42 6
43 6
40 6
44 6
39 6
41 12
42 12
43 12
40 12
44 12
39 12
45 8
45 9
45 10
45 7
45 11
45 12
42 5
41 5
43 5
40 5
44 5
39 5
42 13
41 13
43 13
40 13
44 13
39 13
45 13
46 9
46 8
46 10
46 11
46 7
38 7
38 6
38 5
41 4
42 4
43 4
40 4
44 4
47 8
47 9
47 10
0
No
0
No
0
Yes
45 27
45 28
46 27
46 28
47 27
47 28
48 27
48 28
0
Yes
21 0
20 0
20 1
21 1
22 1
22 0
21 2
20 2
22 2
19 1
19 0
19 2
18 0
18 1
18 2
20 3
21 3
19 3
22 3
18 3
21 4
20 4
19 4
22 4
18 4
17 1
17 2
17 3
17 0
17 4
16 0
16 1
16 2
16 3
16 4
20 5
21 5
19 5
18 5
17 5
22 5
16 5
21 6
20 6
19 6
18 6
17 6
22 6
16 6
15 1
15 2
15 3
15 4
15 5
15 0
15 6
14 0
14 1
14 2
14 3
14 4
14 5
14 6
20 7
21 7
19 7
18 7
17 7
16 7
15 7
22 7
14 7
21 8
20 8
19 8
0
No
0
Yes
6 37
5 37
5 36
6 36
6 35
5 35
4 36
4 37
4 35
7 35
3 37
3 36
3 35
5 34
6 34
4 34
7 34
3 34
8 34
8 35
9 35
9 34
6 33
5 33
7 33
4 33
8 33
3 33
9 33
2 36
2 35
2 34
2 37
2 33
1 37
1 36
1 35
1 34
1 33
10 34
10 35
10 33
5 32
6 32
7 32
4 32
8 32
3 32
9 32
2 32
10 32
1 32
6 31
5 31
7 31
4 31
8 31
3 31
9 31
10 31
0 36
0 35
0 34
0 33
0 37
0 32
5 30
6 30
7 30
4 30
3 30
1 31
0
No
0
No
0
No
0
No
0
Yes
38 38
37 38
37 37
38 37
39 37
39 38
38 36
37 36
39 36
36 37
36 38
36 36
36 39
35 38
35 37
35 39
35 36
37 35
38 35
36 35
39 35
35 35
35 40
36 40
38 34
37 34
36 34
39 34
35 34
34 37
34 38
34 39
34 36
34 35
34 40
34 34
33 38
33 37
33 39
33 36
33 35
33 34
37 33
38 33
36 33
35 33
34 33
39 33
33 33
38 32
37 32
36 32
35 32
34 32
39 32
0
Yes
10 36
9 36
9 37
10 37
11 37
11 36
10 38
9 38
11 38
8 37
8 36
8 38
12 38
7 36
7 37
7 38
9 39
10 39
11 39
8 39
12 39
7 39
10 40
9 40
11 40
8 40
7 40
0
No
0
No
0
Yes
10 1
9 1
9 0
10 0
9 2
10 2
11 0
11 1
11 2
10 3
9 3
11 3
12 1
12 2
12 0
12 3
8 0
9 4
10 4
11 4
12 4
13 0
13 1
13 2
13 3
13 4
0
No
0
No
0
Yes
22 10
21 10
21 9
21 11
20 9
20 10
20 11
19 10
19 9
19 11
0
Yes
48 45
47 45
47 44
48 44
47 46
48 46
49 44
49 45
49 46
48 47
47 47
49 47
46 44
46 45
46 46
46 47
45 45
45 46
45 44
45 47
47 48
48 48
46 48
49 48
45 48
48 49
47 49
46 49
49 49
45 49
0
No
0
Yes
39 13
39 12
40 12
40 13
40 14
39 14
39 15
41 13
41 12
40 11
39 11
41 11
39 10
40 10
41 10
42 12
42 11
42 13
42 10
43 13
43 12
43 11
43 10
40 9
41 9
42 9
39 9
43 9
39 8
40 8
41 8
42 8
43 8
44 12
44 11
44 10
44 9
44 13
44 8
45 13
45 12
45 11
45 10
45 9
45 8
40 7
41 7
42 7
43 7
44 7
39 7
45 7
38 7
39 6
40 6
41 6
42 6
43 6
44 6
38 6
46 11
46 10
46 9
46 8
46 7
38 5
39 5
40 5
41 5
42 5
43 5
44 5
47 10
47 9
47 8
47 7
40 4
41 4
42 4
43 4
44 4
48 9
48 8
48 10
48 7
48 11
41 3
42 3
43 3
40 3
44 3
39 3
49 11
49 10
49 9
49 8
49 7
49 12
39 2
40 2
41 2
40 1
41 1
44 2
41 0
40 0
42 0
39 16
46 13
46 14
0
Yes
39 35
38 35
38 34
39 34
38 36
39 36
39 33
38 33
39 37
38 37
37 34
37 35
37 36
37 33
37 37
36 35
36 34
36 36
36 33
36 37
38 32
37 32
39 32
36 32
38 38
37 38
39 38
36 38
39 31
38 31
37 31
36 31
35 34
35 35
35 36
35 33
35 37
35 32
35 38
35 31
34 35
34 34
34 36
34 33
34 37
34 32
0
Yes
18 11
17 11
17 10
18 10
18 9
17 9
16 10
16 11
16 9
15 11
15 10
15 9
17 8
16 8
18 8
15 8
14 10
14 9
14 11
14 8
13 11
0
No
0
Yes
43 45
42 45
42 44
43 44
42 46
43 46
44 44
44 45
44 46
43 47
42 47
44 47
41 44
41 45
41 46
41 47
40 45
40 46
40 44
40 47
42 48
43 48
41 48
44 48
40 48
43 49
42 49
41 49
44 49
40 49
39 44
39 45
39 46
0
Yes
10 6
9 6
9 5
10 5
11 5
11 6
11 7
10 7
10 8
11 8
12 6
12 7
12 5
12 8
11 9
10 9
12 9
13 5
13 6
13 7
13 8
13 9
0
Yes
31 34
30 34
30 33
31 33
30 35
31 35
32 33
32 34
32 35
31 32
30 32
32 32
31 36
30 36
32 36
33 34
33 33
33 35
33 36
29 33
29 34
29 35
29 32
29 36
28 34
28 33
28 35
28 32
28 36
30 31
31 31
29 31
32 31
28 31
30 37
31 37
32 37
29 37
33 37
0
Yes
30 26
29 26
29 25
30 25
29 27
30 27
31 25
31 26
31 27
30 24
29 24
31 24
30 28
29 28
31 28
32 26
32 25
32 27
32 24
32 28
28 25
28 26
28 27
28 24
28 28
27 26
27 25
27 27
27 24
27 28
29 23
30 23
31 23
28 23
32 23
27 23
29 29
30 29
31 29
28 29
32 29
27 29
33 25
33 26
33 24
33 23
30 30
29 30
31 30
28 30
32 30
27 30
34 26
34 25
34 24
34 23
26 25
26 27
26 28
26 29
0
Yes
13 10
12 10
12 9
13 9
12 11
13 8
12 8
11 9
11 10
11 11
11 8
10 10
10 9
10 11
10 8
12 7
11 7
13 7
10 7
13 6
12 6
0
No
0
Yes
39 27
38 27
38 26
39 26
38 28
39 28
40 26
40 27
40 28
39 25
38 25
40 25
39 29
38 29
41 27
41 26
41 28
41 25
37 26
37 27
37 28
37 25
37 29
36 27
36 26
36 28
36 25
36 29
38 24
39 24
40 24
37 24
41 24
38 30
37 30
39 30
36 30
0
Yes
20 36
20 35
21 35
21 36
21 37
20 37
22 36
22 35
22 37
23 37
0
No
0
No
0
No
0
Yes
41 17
41 16
42 16
42 17
42 18
43 17
43 16
43 18
42 15
41 15
43 15
43 19
42 19
41 14
42 14
43 14
42 20
43 20
41 20
44 16
44 17
44 18
44 15
44 19
44 14
44 20
41 21
42 21
43 21
44 21
45 17
45 16
45 18
45 15
45 19
45 20
45 14
45 21
40 21
40 20
40 22
41 22
42 22
43 22
44 22
45 22
46 18
46 17
46 19
46 20
46 21
46 22
0
Yes
20 40
21 40
21 41
22 41
22 40
22 39
23 40
23 39
23 41
23 38
24 39
24 40
24 38
24 37
25 40
25 39
25 38
25 37
26 39
26 38
26 40
26 37
25 36
24 36
26 36
27 40
27 39
27 38
27 37
27 36
26 35
27 35
28 39
28 38
28 37
28 40
29 40
29 39
29 38
27 34
26 34
26 33
27 33
25 33
25 32
26 32
27 32
30 39
30 40
30 38
30 41
26 31
25 31
27 31
24 31
24 30
25 30
26 30
31 40
31 39
31 41
31 38
32 39
32 40
32 38
25 29
24 29
24 28
33 38
33 39
34 39
34 38
34 40
35 40
35 39
36 39
36 40
21 42
20 42
20 43
21 43
19 43
19 44
20 44
21 44
18 44
18 43
17 43
0
No
0
No
0
Yes
13 8
12 8
12 7
13 7
12 9
13 9
13 6
12 6
13 10
12 10
11 7
11 8
11 9
11 6
11 10
10 8
10 7
10 9
10 6
10 10
12 5
11 5
13 5
10 5
0
No
0
Yes
29 30
28 30
28 29
29 29
30 29
30 30
29 28
28 28
30 28
31 30
31 29
31 28
27 29
27 30
27 28
28 27
29 27
30 27
27 27
31 27
32 29
32 28
32 30
32 27
26 28
26 29
26 27
29 26
28 26
30 26
27 26
31 26
32 26
28 25
29 25
30 25
31 25
27 25
32 25
33 26
33 25
26 25
29 24
28 24
30 24
27 24
31 24
32 24
33 24
28 23
29 23
30 23
31 23
32 23
27 23
33 23
34 25
34 24
34 26
34 23
0
No
0
No
0
No
0
Yes
30 5
30 4
31 4
31 5
31 6
30 6
32 5
32 4
32 6
31 3
30 3
32 3
30 2
31 2
32 2
33 4
33 5
33 3
33 6
33 2
34 5
34 4
34 3
34 6
31 1
32 1
30 1
33 1
30 0
31 0
32 0
0
No
0
No
0
No
0
No
0
Yes
46 49
45 49
45 48
46 48
47 48
47 49
46 47
45 47
47 47
48 49
48 48
48 47
45 46
46 46
47 46
48 46
49 48
49 47
49 49
49 46
46 45
47 45
48 45
45 45
0
No
0
No
0
No
0
Yes
4 21
3 21
3 22
4 22
5 22
5 21
4 23
3 23
5 23
6 21
6 22
6 23
2 22
2 21
2 23
1 21
1 22
1 23
3 24
4 24
5 24
2 24
6 24
1 24
4 25
3 25
5 25
2 25
6 25
1 25
0 22
0 23
0 24
0 21
0 25
3 26
4 26
5 26
2 26
1 26
6 26
0
Yes
11 11
10 11
10 12
11 12
12 12
12 11
11 13
10 13
12 13
13 13
13 12
10 14
11 14
12 14
13 14
14 12
14 13
14 14
11 15
12 15
13 15
10 15
14 15
15 13
15 14
15 12
15 15
10 16
11 16
12 16
13 16
14 16
15 16
16 12
16 13
16 14
16 15
16 16
11 17
12 17
13 17
14 17
15 17
10 17
16 17
17 13
17 14
17 15
17 16
17 12
17 17
10 18
11 18
12 18
13 18
14 18
15 18
16 18
17 18
18 12
18 13
18 14
18 15
18 16
18 17
18 18
11 19
12 19
13 19
14 19
15 19
16 19
17 19
10 19
18 19
19 13
19 14
19 15
19 16
19 17
19 18
19 12
19 19
20 12
20 13
20 14
20 15
20 16
20 17
0
Yes
13 15
12 15
12 14
13 14
12 16
13 16
14 14
14 15
14 16
13 13
12 13
14 13
13 17
12 17
14 17
15 15
15 14
15 16
15 13
15 17
11 14
11 15
11 16
11 13
11 17
10 15
10 14
10 16
10 13
10 17
12 12
13 12
14 12
11 12
15 12
10 12
12 18
13 18
14 18
11 18
15 18
10 18
16 14
16 15
16 16
16 13
16 17
16 12
16 18
13 19
12 19
14 19
11 19
15 19
10 19
16 19
17 15
17 14
17 16
17 13
17 17
17 18
0
No
0
Yes
7 21
7 22
8 22
8 21
8 20
9 21
9 20
9 22
8 23
7 23
9 23
7 24
8 24
9 24
10 20
10 21
10 22
10 23
10 24
11 21
11 22
11 23
11 20
11 24
8 25
9 25
10 25
7 25
11 25
7 26
8 26
9 26
10 26
11 26
12 20
12 21
12 22
12 23
12 24
12 25
0
Yes
18 15
18 16
18 17
18 18
18 19
19 15
19 16
19 17
19 18
19 19
20 15
20 16
20 17
20 18
20 19
21 15
21 16
21 17
21 18
21 19
0
Yes
15 36
14 36
14 35
15 35
16 35
15 34
14 34
16 34
13 35
13 36
13 34
17 34
17 35
17 36
12 36
12 35
12 34
14 33
15 33
16 33
13 33
17 33
12 33
18 35
18 34
18 33
15 32
14 32
16 32
13 32
17 32
12 32
18 32
11 35
11 34
11 33
11 32
14 31
15 31
16 31
13 31
17 31
12 31
18 31
11 31
19 32
19 31
15 30
14 30
16 30
13 30
17 30
12 30
18 30
11 30
19 30
14 29
15 29
16 29
13 29
17 29
12 29
18 29
11 29
19 29
20 31
20 30
20 32
20 29
21 32
21 31
21 30
21 29
10 30
10 29
15 28
14 28
16 28
13 28
17 28
12 28
18 28
11 28
19 28
20 28
10 28
21 28
22 31
22 30
22 29
22 28
14 27
15 27
16 27
13 27
17 27
12 27
18 27
11 27
19 27
20 27
21 27
10 27
9 29
9 28
9 30
9 27
8 30
8 29
8 28
8 27
0
Yes
48 20
47 20
47 21
48 21
49 21
48 22
47 22
49 22
46 21
46 20
46 22
46 19
45 20
45 21
45 19
45 22
47 23
48 23
49 23
45 18
46 18
46 17
45 17
47 17
48 24
47 24
49 24
44 19
44 20
44 21
44 18
44 22
44 17
45 23
44 23
43 20
43 19
43 21
43 18
43 22
43 17
43 23
45 16
44 16
43 16
47 25
48 25
49 25
44 24
43 24
42 19
42 20
42 21
42 18
42 22
42 17
42 23
42 16
42 24
44 15
43 15
45 15
42 15
46 15
45 14
44 14
43 14
42 14
41 20
41 21
41 22
41 23
43 25
44 25
42 25
44 26
43 26
42 26
41 17
41 16
41 15
41 14
40 21
40 22
40 20
40 23
43 27
44 27
42 27
0
Yes
13 20
13 21
14 21
14 20
15 20
15 21
14 22
13 22
15 22
13 23
14 23
15 23
16 21
16 22
16 20
16 23
17 20
17 21
17 22
17 23
14 24
15 24
16 24
13 24
0
No
0
No
0
No
0
No
0
Yes
1 6
0 6
0 5
1 5
2 5
2 6
1 4
0 4
2 4
3 6
3 5
3 4
0 3
1 3
2 3
3 3
4 5
4 4
4 6
4 3
1 2
2 2
3 2
0 2
4 2
5 6
5 5
5 4
5 3
5 2
0 1
1 1
2 1
3 1
4 1
5 1
6 5
6 4
6 3
6 2
6 6
6 1
1 0
2 0
3 0
4 0
5 0
0 0
6 0
7 6
7 5
0
Yes
0 32
0 33
0 34
0 35
0 36
0 37
1 32
1 33
1 34
1 35
1 36
1 37
2 32
2 33
2 34
2 35
2 36
2 37
3 32
3 33
3 34
3 35
3 36
3 37
4 32
4 33
4 34
4 35
4 36
4 37
5 32
5 33
5 34
5 35
5 36
5 37
6 32
6 33
6 34
6 35
6 36
6 37
0
No
0
Yes
13 0
12 0
12 1
13 1
13 2
12 2
11 1
11 0
11 2
10 0
10 1
10 2
12 3
11 3
13 3
10 3
13 4
12 4
11 4
10 4
9 1
9 2
9 3
9 0
9 4
8 0
8 1
0
No
0
No
0
No
0
No
0
Yes
40 22
39 22
39 23
40 23
41 23
41 22
41 21
40 21
40 20
41 20
42 22
42 21
42 23
42 20
42 24
43 21
43 22
43 23
43 20
43 24
42 19
43 19
44 22
44 21
44 23
44 20
44 24
44 19
43 25
42 25
44 25
42 26
43 26
44 26
43 18
42 18
44 18
45 21
45 22
45 23
45 20
45 19
45 18
42 17
43 17
44 17
45 17
41 17
43 27
42 27
44 27
46 22
46 21
46 20
46 19
46 18
46 17
41 16
42 16
43 16
44 16
45 16
42 28
43 28
44 28
47 21
47 20
47 22
47 23
42 15
43 15
44 15
41 15
45 15
48 22
48 21
48 23
48 20
41 14
42 14
43 14
44 14
45 14
48 24
47 24
47 25
48 25
48 19
47 17
49 21
49 22
49 23
49 24
49 25
0
Yes
0 1
0 0
1 0
1 1
1 2
0 2
0 3
1 3
2 1
2 2
2 0
2 3
1 4
0 4
2 4
3 0
3 1
3 2
3 3
3 4
0 5
1 5
2 5
3 5
4 1
4 2
4 3
4 4
4 0
4 5
1 6
2 6
3 6
0 6
4 6
5 0
5 1
5 2
5 3
5 4
5 5
5 6
6 1
6 2
6 3
6 4
6 5
6 0
6 6
7 0
7 1
7 2
3
95
10 35
9 35
9 34
10 34
10 33
9 33
8 34
8 35
8 33
7 35
7 34
7 33
9 32
8 32
10 32
7 32
10 31
9 31
8 31
7 31
10
7 30
6 30
6 29
7 29
6 31
7 28
6 28
5 29
5 30
5 31
5 28
4 30
4 29
4 31
4 28
6 27
5 27
7 27
4 27
92
12 11
11 11
11 12
12 12
13 12
12 13
11 13
13 13
10 12
10 11
10 13
14 13
14 12
11 14
12 14
13 14
10 14
14 14
15 12
15 13
15 14
12 15
11 15
13 15
14 15
10 15
15 15
16 13
16 14
16 12
16 15
11 16
12 16
13 16
14 16
15 16
10 16
16 16
17 12
12 17
11 17
13 17
14 17
15 17
10 17
16 17
11 18
12 18
13 18
14 18
15 18
10 18
16 18
12 19
11 19
13 19
14 19
15 19
10 19
16 19
18 12
19 12
Yes
17 13
17 14
17 15
17 16
17 17
17 18
17 19
18 13
18 14
18 15
18 16
18 17
18 18
18 19
19 13
19 14
19 15
19 16
19 17
19 18
19 19
20 13
20 14
20 15
20 16
20 17
20 18
20 19
21 13
21 14
21 15
21 16
21 17
21 18
21 19
22 13
22 14
22 15
22 16
22 17
22 18
22 19
23 13
23 14
23 15
23 16
23 17
23 18
23 19
24 13
24 14
24 15
24 16
24 17
24 18
24 19
0
No
0
No
0
Yes
30 7
30 8
30 9
30 10
30 11
31 7
31 8
31 9
31 10
31 11
32 7
32 8
32 9
32 10
32 11
33 7
33 8
33 9
33 10
33 11
34 7
34 8
34 9
34 10
34 11
0
Yes
45 7
45 8
45 9
45 10
46 7
46 8
46 9
46 10
47 7
47 8
47 9
47 10
48 7
48 8
48 9
48 10
49 7
49 8
49 9
49 10
0
Yes
0 18
0 17
1 17
1 18
1 19
0 19
0 20
1 20
2 18
2 19
2 17
2 20
1 16
0 16
2 16
0 15
1 15
2 15
3 17
3 18
3 19
3 16
3 20
3 15
4 18
4 17
4 19
4 16
4 20
4 15
1 14
2 14
3 14
0 14
4 14
0 13
1 13
2 13
3 13
4 13
5 17
5 18
5 19
5 16
5 15
5 14
5 20
5 13
6 18
6 17
6 19
6 16
6 15
6 14
6 20
6 13
1 12
2 12
3 12
4 12
5 12
0 12
6 12
0 11
1 11
2 11
3 11
4 11
5 11
6 11
7 17
7 18
7 19
7 16
7 15
7 14
7 13
7 12
7 20
7 11
8 18
8 17
8 19
8 16
8 15
8 14
8 13
8 12
8 11
1 10
2 10
3 10
4 10
5 10
6 10
7 10
0 10
8 10
0 9
1 9
2 9
3 9
4 9
5 9
6 9
7 9
8 9
9 17
9 18
9 16
9 15
9 14
9 13
9 12
9 11
9 10
9 19
9 9
1 8
2 8
3 8
4 8
5 8
6 8
7 8
8 8
0 8
9 8
0 7
1 7
2 7
3 7
4 7
5 7
6 7
0
No
0
Yes
7 7
7 6
8 6
8 7
9 7
9 6
8 5
7 5
9 5
0
No
0
No
0
Yes
23 47
22 47
22 46
23 46
22 48
23 48
24 46
24 47
24 48
23 45
22 45
24 45
23 49
22 49
24 49
25 47
25 46
25 48
25 45
25 49
21 46
21 47
21 48
21 45
21 49
20 47
20 46
20 48
20 45
20 49
22 44
23 44
24 44
25 44
26 46
26 47
26 48
26 45
26 49
26 44
23 43
24 43
25 43
22 43
26 43
0
No
0
No
0
No
0
No
0
Yes
35 10
34 10
34 9
35 9
34 11
35 11
36 9
36 10
36 11
35 8
34 8
36 8
35 12
34 12
36 12
37 10
37 9
37 11
37 8
37 12
33 9
33 10
33 11
33 8
33 12
32 10
32 9
32 11
32 8
32 12
34 7
35 7
36 7
33 7
37 7
32 7
34 13
35 13
36 13
33 13
37 13
32 13
38 9
38 10
38 11
38 8
38 12
38 7
38 13
35 6
34 6
36 6
33 6
32 6
35 14
34 14
36 14
33 14
37 14
32 14
38 14
39 10
39 9
39 11
39 8
39 12
39 13
39 7
39 14
31 9
31 10
31 11
31 8
31 12
31 7
31 13
31 6
31 14
30 10
30 9
30 11
30 8
30 12
30 7
30 13
30 6
30 14
38 6
39 6
34 5
35 5
33 5
32 5
31 5
30 5
34 15
35 15
36 15
33 15
37 15
32 15
31 15
30 15
40 9
40 10
40 11
40 8
40 12
40 7
40 13
40 6
40 14
35 4
34 4
33 4
32 4
31 4
30 4
35 16
34 16
33 16
32 16
31 16
30 16
41 10
41 9
41 11
41 8
41 12
41 7
41 13
41 6
29 9
29 10
29 11
0
Yes
29 27
28 27
28 26
29 26
28 28
29 28
30 26
30 27
30 28
29 25
28 25
30 25
29 29
28 29
30 29
31 27
31 26
31 28
31 25
31 29
27 26
27 27
27 28
27 25
27 29
26 27
26 28
26 29
28 24
29 24
30 24
27 24
31 24
28 30
29 30
30 30
27 30
31 30
32 26
32 27
32 28
32 25
32 29
32 24
32 30
0
Yes
20 20
19 20
19 21
20 21
21 21
21 20
0
Yes
8 33
7 33
7 32
8 32
7 34
8 34
9 32
9 33
9 34
8 31
7 31
9 31
8 35
7 35
9 35
10 33
10 32
10 34
10 31
10 35
0
Yes
20 45
20 46
20 47
20 48
20 49
21 45
21 46
21 47
21 48
21 49
22 45
22 46
22 47
22 48
22 49
23 45
23 46
23 47
23 48
23 49
24 45
24 46
24 47
24 48
24 49
25 45
25 46
25 47
25 48
25 49
26 45
26 46
26 47
26 48
26 49
0
Yes
31 3
30 3
30 2
31 2
32 2
32 3
31 1
30 1
32 1
33 3
33 2
33 1
30 0
31 0
32 0
33 0
0
No
2
132
44 8
43 8
43 7
44 7
43 9
44 9
44 6
43 6
44 10
43 10
42 7
42 8
42 9
42 6
42 10
43 5
44 5
42 5
43 11
44 11
42 11
45 11
44 4
43 4
42 4
44 12
43 12
45 12
42 12
41 5
41 4
43 3
42 3
44 3
41 3
72
29 38
28 38
28 37
28 39
29 39
30 39
30 38
29 40
28 40
30 40
31 38
31 39
31 40
27 37
27 38
27 39
27 40
27 36
26 38
26 37
26 39
26 36
26 40
30 41
31 41
32 39
32 40
32 38
33 38
33 39
25 37
25 38
25 39
25 36
25 40
26 35
27 35
27 34
26 34
24 38
24 37
24 39
24 36
24 40
34 39
34 38
34 40
26 33
27 33
23 39
23 38
23 40
27 32
26 32
35 40
35 39
25 33
25 32
36 39
36 40
22 40
22 39
26 31
27 31
25 31
24 31
25 30
26 30
24 30
23 30
24 29
25 29
23 29
23 28
24 28
30 42
30 43
31 43
31 44
30 44
32 44
32 43
30 45
31 45
31 46
30 46
30 47
31 47
Yes
21 41
21 42
21 43
21 44
21 45
21 46
21 47
21 48
21 49
22 41
22 42
22 43
22 44
22 45
22 46
22 47
22 48
22 49
23 41
23 42
23 43
23 44
23 45
23 46
23 47
23 48
23 49
24 41
24 42
24 43
24 44
24 45
24 46
24 47
24 48
24 49
25 41
25 42
25 43
25 44
25 45
25 46
25 47
25 48
25 49
26 41
26 42
26 43
26 44
26 45
26 46
26 47
26 48
26 49
27 41
27 42
27 43
27 44
27 45
27 46
27 47
27 48
27 49
28 41
28 42
28 43
28 44
28 45
28 46
28 47
28 48
28 49
29 41
29 42
29 43
29 44
29 45
29 46
29 47
29 48
29 49
0
Yes
33 23
32 23
32 22
33 22
31 22
31 23
31 21
32 21
30 23
30 22
30 21
32 20
31 20
30 20
33 20
33 19
32 19
31 19
30 19
29 22
29 21
29 20
29 23
29 19
28 23
32 18
31 18
30 18
29 18
28 21
28 20
28 19
28 18
31 17
30 17
29 17
32 17
28 17
27 19
27 18
27 17
29 16
28 16
27 16
26 18
26 17
28 15
29 15
29 14
25 17
25 18
0
No
1
131
6 27
5 27
5 28
6 28
7 28
7 27
6 29
5 29
7 29
4 28
4 27
4 29
3 27
3 28
3 29
5 30
6 30
4 30
7 30
3 30
Yes
7 31
7 32
7 33
7 34
7 35
7 36
7 37
7 38
8 31
8 32
8 33
8 34
8 35
8 36
8 37
8 38
9 31
9 32
9 33
9 34
9 35
9 36
9 37
9 38
10 31
10 32
10 33
10 34
10 35
10 36
10 37
10 38
0
No
0
No
0
No
0
No
0
No
0
No
0
No
0
No
0
No
1
128
36 4
35 4
35 5
34 5
34 4
34 3
34 6
35 6
36 6
33 4
33 5
33 6
36 7
35 7
34 7
33 7
37 7
32 5
32 6
32 4
32 7
35 8
36 8
34 8
33 8
37 8
32 8
38 8
38 7
38 6
39 6
39 7
39 8
39 5
38 5
40 5
40 6
40 7
40 8
40 4
31 4
31 5
31 6
31 7
31 8
36 9
35 9
37 9
34 9
38 9
33 9
39 9
32 9
40 9
31 9
41 6
41 7
41 8
41 9
30 5
30 6
30 7
30 8
30 4
30 9
35 10
36 10
37 10
34 10
38 10
33 10
39 10
32 10
40 10
31 10
41 10
30 10
36 11
37 11
38 11
39 11
40 11
41 11
29 8
29 9
29 10
37 12
38 12
39 12
40 12
36 12
41 12
36 13
37 13
38 13
39 13
40 13
41 13
29 11
37 14
38 14
39 14
40 14
36 14
35 14
28 11
42 13
36 15
37 15
35 15
28 12
29 12
39 15
35 16
40 3
39 3
39 2
40 2
40 1
41 2
41 1
41 0
40 0
42 0
43 13
44 13
39 16
45 13
35 17
36 17
34 17
46 13
46 14
47 14
46 15
Yes
30 11
30 12
30 13
30 14
30 15
30 16
31 11
31 12
31 13
31 14
31 15
31 16
32 11
32 12
32 13
32 14
32 15
32 16
33 11
33 12
33 13
33 14
33 15
33 16
34 11
34 12
34 13
34 14
34 15
34 16
35 11
35 12
35 13
1
16
6 49
5 49
5 48
6 48
7 48
7 49
6 47
5 47
7 47
8 49
8 48
8 47
4 48
4 49
4 47
3 49
3 48
3 47
5 46
6 46
7 46
4 46
8 46
3 46
9 48
9 47
9 49
9 46
6 45
5 45
7 45
4 45
8 45
3 45
9 45
10 49
10 48
10 47
10 46
10 45
2 48
2 47
2 46
2 49
2 45
1 49
1 48
1 47
1 46
1 45
5 44
6 44
7 44
4 44
8 44
3 44
9 44
2 44
10 44
1 44
11 48
11 47
11 46
11 45
11 49
11 44
6 43
5 43
7 43
4 43
8 43
3 43
9 43
2 43
10 43
1 43
11 43
12 49
12 48
12 47
12 46
12 45
12 44
12 43
0 48
0 47
0 46
0 45
0 44
0 49
0 43
5 42
6 42
7 42
4 42
8 42
3 42
9 42
2 42
10 42
1 42
11 42
0 42
12 42
13 48
13 47
13 46
13 49
6 41
7 41
8 41
9 41
10 41
11 41
14 49
14 48
14 47
13 44
13 43
13 42
7 40
8 40
9 40
10 40
6 40
11 40
15 48
15 49
15 47
15 46
6 39
7 39
8 39
9 39
10 39
11 39
16 49
Yes
0 38
0 39
0 40
0 41
1 38
1 39
1 40
1 41
2 38
2 39
2 40
2 41
3 38
3 39
3 40
3 41
4 38
4 39
4 40
4 41
5 38
5 39
5 40
5 41
0
No
0
No
0
No
0
No
0
No
0
No
0
Yes
6 26
5 26
5 25
6 25
6 24
5 24
4 25
4 26
4 24
3 26
3 25
3 24
5 23
4 23
6 23
3 23
0
Yes
30 29
29 29
29 28
30 28
29 30
30 30
31 28
31 29
31 30
30 27
29 27
31 27
32 29
32 28
32 30
32 27
28 28
28 29
28 30
28 27
27 29
27 28
27 30
27 27
0
No
0
No
0
No
0
No
0
No
3
106
27 30
27 29
26 29
28 29
28 30
29 30
29 29
26 28
27 28
28 28
29 28
27 27
28 27
26 27
29 27
30 29
30 28
30 30
30 27
31 30
31 29
31 28
31 27
28 26
27 26
29 26
30 26
58
0 21
0 22
0 23
0 24
0 25
0 26
0 27
1 21
1 22
1 23
1 24
1 25
1 26
1 27
2 21
2 22
2 23
2 24
2 25
2 26
2 27
75
7 3
7 4
8 4
8 3
8 2
9 3
9 2
9 4
8 5
7 5
9 5
9 1
8 1
7 6
8 6
9 6
8 0
9 0
10 2
10 3
10 4
10 1
10 5
10 0
Yes
11 0
11 1
11 2
11 3
11 4
11 5
11 6
11 7
11 8
11 9
11 10
12 0
12 1
12 2
12 3
12 4
12 5
12 6
12 7
12 8
12 9
12 10
13 0
13 1
13 2
13 3
13 4
13 5
13 6
13 7
13 8
13 9
13 10
14 0
14 1
14 2
14 3
14 4
14 5
14 6
14 7
14 8
14 9
14 10
15 0
15 1
15 2
15 3
15 4
15 5
15 6
15 7
15 8
15 9
15 10
16 0
16 1
16 2
16 3
16 4
16 5
16 6
16 7
16 8
16 9
16 10
17 0
17 1
17 2
17 3
17 4
17 5
17 6
17 7
17 8
17 9
17 10
18 0
18 1
18 2
18 3
18 4
18 5
18 6
18 7
18 8
18 9
18 10
19 0
19 1
19 2
19 3
19 4
19 5
19 6
19 7
19 8
19 9
19 10
20 0
20 1
20 2
20 3
20 4
20 5
20 6
20 7
20 8
20 9
20 10
21 0
21 1
21 2
21 3
21 4
21 5
21 6
21 7
21 8
21 9
21 10
22 0
22 1
22 2
0
No
0
No
0
Yes
0 0
0 1
0 2
0 3
0 4
0 5
1 0
1 1
1 2
1 3
1 4
1 5
2 0
2 1
2 2
2 3
2 4
2 5
3 0
3 1
3 2
3 3
3 4
3 5
4 0
4 1
4 2
4 3
4 4
4 5
5 0
5 1
5 2
5 3
5 4
5 5
0
No
0
No
0
Yes
16 15
15 15
15 14
16 14
15 16
16 16
16 13
15 13
16 17
15 17
14 14
14 15
14 16
14 13
14 17
13 15
13 14
13 16
13 13
13 17
15 12
14 12
16 12
13 12
15 18
14 18
16 18
13 18
17 12
16 11
15 11
14 11
17 11
13 11
16 19
15 19
14 19
13 19
12 14
12 15
12 16
12 13
12 17
12 12
12 18
12 11
12 19
18 11
18 12
19 12
19 11
11 15
11 14
11 16
11 13
11 17
11 12
11 18
11 11
11 19
20 11
20 12
21 12
21 11
10 14
10 15
10 16
10 13
10 17
10 12
10 18
10 11
10 19
0
No
0
No
0
No
0
No
0
Yes
33 4
32 4
32 5
33 5
34 5
34 4
34 3
33 6
32 6
34 6
35 4
35 5
35 6
31 5
31 4
31 6
30 4
30 5
30 6
32 7
33 7
34 7
31 7
35 7
30 7
36 6
36 7
33 8
32 8
34 8
31 8
35 8
30 8
36 8
37 7
37 8
32 9
33 9
34 9
31 9
35 9
36 9
30 9
37 9
29 8
29 9
33 10
32 10
34 10
31 10
35 10
30 10
36 10
29 10
37 10
38 8
38 9
38 7
38 10
38 6
39 6
39 7
39 8
39 9
0
Yes
35 9
34 9
34 8
35 8
34 10
35 10
36 8
36 9
36 10
35 7
34 7
36 7
37 9
37 8
37 10
37 7
33 8
33 9
33 10
33 7
36 11
37 11
32 9
32 8
32 10
32 7
34 6
35 6
36 6
33 6
32 6
38 8
38 9
38 10
38 7
38 11
37 12
36 12
38 12
35 5
34 5
33 5
32 5
39 9
39 8
39 10
39 11
39 7
39 12
31 8
31 9
31 7
31 6
31 10
31 5
36 13
37 13
38 13
39 13
38 6
39 6
30 9
30 8
30 7
30 6
30 10
30 5
34 4
33 4
32 4
31 4
35 4
30 4
36 4
40 8
40 9
40 10
40 7
40 11
40 12
40 6
40 13
37 14
38 14
39 14
36 14
40 14
35 14
39 5
38 5
40 5
35 15
36 15
37 15
41 9
41 8
41 10
41 7
41 11
41 6
41 12
41 13
29 8
29 9
0
Yes
23 27
23 28
24 28
24 29
23 29
25 29
23 30
24 30
25 30
24 31
25 31
26 30
26 29
26 31
26 28
27 28
27 29
27 30
27 31
27 27
26 27
28 27
28 28
28 29
28 30
28 26
27 26
27 25
28 25
26 25
25 32
26 32
27 32
28 24
27 24
27 23
26 23
29 26
29 27
29 28
29 25
29 29
29 24
29 30
26 33
25 33
27 33
24 33
30 27
30 26
30 28
30 25
30 29
30 24
30 30
24 34
27 34
26 34
31 26
31 27
31 28
31 25
31 29
31 24
31 30
26 35
27 35
32 27
32 26
32 28
32 25
32 29
32 24
32 30
27 36
26 36
25 36
33 26
33 25
33 24
25 37
26 37
27 37
24 37
24 36
24 38
25 38
26 38
27 38
23 38
28 37
28 38
34 25
34 26
34 24
34 23
23 39
24 39
25 39
26 39
27 39
28 39
22 39
35 26
35 25
35 24
35 27
29 38
29 39
22 40
23 40
24 40
25 40
26 40
27 40
28 40
29 40
21 40
30 39
30 38
30 40
31 38
31 39
31 40
32 39
32 38
32 40
33 38
33 39
30 41
31 41
34 39
34 38
34 40
35 40
35 39
36 39
36 40
35 28
20 40
30 42
30 43
31 43
31 44
30 44
32 44
32 43
30 45
31 45
0
No
0
Yes
49 6
48 6
48 5
49 5
49 4
48 4
47 5
47 6
47 4
46 6
46 5
46 4
48 3
47 3
49 3
46 3
49 2
48 2
47 2
46 2
45 5
45 4
45 3
45 6
45 2
48 1
47 1
46 1
49 1
45 1
49 0
48 0
0
No
0
No
0
Yes
7 31
7 32
7 33
7 34
7 35
7 36
7 37
7 38
8 31
8 32
8 33
8 34
8 35
8 36
8 37
8 38
9 31
9 32
9 33
9 34
9 35
9 36
9 37
9 38
10 31
10 32
10 33
10 34
10 35
10 36
10 37
10 38
0
Yes
45 47
45 46
46 46
46 47
46 48
45 48
45 49
46 49
47 47
47 48
47 46
47 49
46 45
45 45
47 45
45 44
46 44
47 44
48 46
48 47
48 48
48 45
48 49
48 44
49 47
49 46
49 48
49 45
49 49
49 44
0
No
0
No
0
No
0
Yes
8 0
7 0
7 1
8 1
9 1
9 0
8 2
7 2
9 2
10 0
10 1
10 2
6 1
6 0
6 2
7 3
8 3
9 3
6 3
10 3
8 4
7 4
9 4
6 4
10 4
7 5
8 5
9 5
6 5
10 5
8 6
7 6
9 6
6 6
10 6
5 6
7 7
8 7
9 7
10 7
10 8
4 6
3 6
2 6
1 6
10 9
0 6
0
No
0
Yes
35 44
34 44
33 44
32 44
32 43
31 43
31 44
31 45
30 44
30 43
30 45
30 42
30 46
31 46
31 47
30 47
32 47
32 48
31 48
30 48
33 48
33 49
32 49
31 49
30 49
34 49
34 48
35 49
30 41
31 41
31 40
30 40
32 40
32 39
31 39
30 39
33 39
33 38
32 38
31 38
30 38
34 38
34 39
34 40
35 40
35 39
36 39
36 40
29 40
29 39
29 38
28 39
28 40
28 38
27 40
27 39
27 38
28 37
27 37
26 39
26 38
26 40
26 37
25 40
25 39
25 38
25 37
27 36
26 36
25 36
24 39
24 38
24 37
24 40
24 36
23 40
23 39
23 38
26 35
27 35
27 34
26 34
22 39
22 40
26 33
27 33
27 32
26 32
21 40
25 33
25 32
26 31
27 31
25 31
27 30
26 30
25 30
28 30
28 29
27 29
26 29
25 29
29 29
29 30
30 30
30 29
31 29
31 30
32 30
32 29
32 28
31 28
30 28
29 28
28 28
27 28
26 28
24 31
24 30
24 29
31 27
30 27
29 27
28 27
0
Yes
11 27
11 28
11 29
11 30
11 31
11 32
11 33
11 34
11 35
11 36
12 27
12 28
12 29
12 30
12 31
12 32
12 33
12 34
12 35
12 36
13 27
13 28
13 29
13 30
13 31
13 32
13 33
13 34
13 35
13 36
14 27
14 28
14 29
14 30
14 31
14 32
14 33
14 34
14 35
14 36
15 27
15 28
15 29
15 30
15 31
15 32
15 33
15 34
15 35
15 36
0
Yes
8 30
8 29
9 29
9 30
10 30
10 29
9 28
8 28
10 28
8 27
9 27
0
No
0
Yes
14 25
13 25
13 26
14 26
12 26
0
Yes
26 8
25 8
25 9
26 9
27 9
27 8
26 10
0
Yes
29 10
29 11
28 11
28 12
29 12
0
No
0
Yes
16 32
16 31
17 31
17 32
17 33
16 33
16 34
17 34
18 32
18 33
18 31
18 34
17 30
16 30
18 30
16 29
17 29
18 29
17 35
16 35
18 35
19 31
19 32
19 30
19 29
20 32
20 31
20 30
20 29
17 28
18 28
19 28
16 28
20 28
19 35
16 27
17 27
18 27
19 27
20 27
21 31
21 30
21 29
21 28
21 32
21 27
18 26
19 26
20 26
22 30
22 31
22 29
22 28
0
Yes
36 30
36 29
37 29
37 30
38 30
38 29
0
No
0
No
0
Yes
10 19
10 18
11 18
11 19
12 19
12 18
11 17
10 17
12 17
10 16
11 16
12 16
13 18
13 17
13 19
13 16
14 19
14 18
14 17
14 16
11 15
12 15
13 15
10 15
14 15
10 14
11 14
12 14
13 14
14 14
15 18
15 17
15 16
15 15
15 19
15 14
16 19
16 18
16 17
16 16
16 15
16 14
11 13
12 13
13 13
14 13
15 13
10 13
16 13
10 12
11 12
12 12
13 12
14 12
0
No
0
No
0
No
0
Yes
40 25
39 25
39 24
40 24
39 26
40 26
41 24
41 25
41 26
40 27
39 27
41 27
38 24
38 25
38 26
38 27
37 25
37 26
37 24
37 27
39 28
40 28
38 28
41 28
37 28
36 26
36 25
36 27
36 28
0
Yes
6 21
5 21
5 22
6 22
6 23
5 23
4 22
4 21
4 23
3 21
3 22
3 23
5 24
4 24
6 24
3 24
6 25
5 25
4 25
3 25
0
Yes
45 35
44 35
44 34
45 34
44 36
45 36
46 34
46 35
46 36
45 33
44 33
46 33
45 37
44 37
46 37
47 35
47 34
47 36
47 33
47 37
43 34
43 35
43 36
43 33
43 37
42 35
42 34
42 36
42 33
42 37
44 32
45 32
46 32
43 32
47 32
42 32
44 38
45 38
46 38
43 38
47 38
42 38
48 34
48 35
48 36
48 33
48 37
48 32
48 38
45 31
44 31
46 31
43 31
47 31
42 31
48 31
45 39
44 39
46 39
43 39
47 39
42 39
48 39
49 35
49 34
49 36
49 33
49 37
49 32
49 38
49 31
49 39
41 34
41 35
41 36
41 33
41 37
41 32
41 38
41 31
41 39
40 35
40 34
40 36
40 33
40 37
40 32
40 38
40 31
40 39
44 30
45 30
46 30
43 30
47 30
42 30
48 30
41 30
49 30
40 30
44 40
45 40
46 40
43 40
47 40
42 40
48 40
41 40
49 40
40 40
45 29
44 29
46 29
43 29
47 29
42 29
48 29
41 29
49 29
40 29
45 41
44 41
46 41
43 41
47 41
42 41
48 41
41 41
49 41
40 41
44 42
45 42
46 42
43 42
0
No
0
No
0
No
0
No
0
Yes
38 40
37 40
37 39
38 39
37 41
38 41
39 39
39 40
39 41
38 42
37 42
0
Yes
10 19
10 18
11 18
11 19
12 19
12 18
11 17
10 17
12 17
10 16
11 16
12 16
13 18
13 17
13 19
13 16
14 19
14 18
14 17
14 16
11 15
12 15
13 15
10 15
14 15
10 14
11 14
12 14
13 14
14 14
15 18
15 17
15 16
15 15
15 19
15 14
16 19
16 18
16 17
16 16
16 15
16 14
11 13
12 13
13 13
14 13
15 13
10 13
16 13
10 12
11 12
12 12
13 12
0
No
0
No
0
No
0
No
0
No
0
No
0
No
0
No
0
No
0
Yes
40 31
40 32
40 33
40 34
40 35
40 36
40 37
40 38
40 39
40 40
40 41
40 42
40 43
41 31
41 32
41 33
41 34
41 35
41 36
41 37
41 38
41 39
41 40
41 41
41 42
41 43
42 31
42 32
42 33
42 34
42 35
42 36
42 37
42 38
42 39
42 40
42 41
42 42
42 43
43 31
43 32
43 33
43 34
43 35
43 36
43 37
43 38
43 39
43 40
43 41
43 42
43 43
44 31
44 32
44 33
44 34
44 35
44 36
44 37
44 38
44 39
44 40
44 41
44 42
44 43
45 31
45 32
45 33
45 34
45 35
45 36
45 37
45 38
45 39
45 40
45 41
45 42
45 43
46 31
46 32
46 33
46 34
46 35
46 36
46 37
46 38
46 39
46 40
46 41
46 42
46 43
47 31
47 32
47 33
47 34
47 35
47 36
47 37
47 38
47 39
47 40
47 41
47 42
47 43
48 31
48 32
48 33
48 34
48 35
48 36
48 37
48 38
48 39
48 40
48 41
48 42
48 43
49 31
49 32
49 33
49 34
49 35
49 36
49 37
49 38
49 39
49 40
49 41
49 42
49 43
0
No
0
Yes
7 31
7 32
7 33
7 34
7 35
7 36
7 37
7 38
8 31
8 32
8 33
8 34
8 35
8 36
8 37
8 38
9 31
9 32
9 33
9 34
9 35
9 36
9 37
9 38
10 31
10 32
10 33
10 34
10 35
10 36
10 37
10 38
0
No
0
No
0
No
0
No
0
No
0
No
0
Yes
33 37
32 37
32 36
33 36
34 36
34 37
33 35
32 35
34 35
35 37
35 36
35 35
31 36
31 37
31 35
35 38
30 37
30 36
30 35
32 34
33 34
34 34
31 34
35 34
30 34
36 36
36 37
36 35
36 38
36 34
33 33
32 33
34 33
31 33
35 33
30 33
36 33
37 37
37 36
37 35
37 34
37 38
37 33
29 36
29 35
29 34
29 37
29 33
32 32
31 32
30 32
29 32
34 32
35 32
36 32
37 32
38 36
38 37
38 35
38 34
38 33
38 38
38 32
28 35
28 36
28 34
28 33
28 32
39 37
39 36
39 35
39 34
39 33
39 38
39 32
31 31
30 31
29 31
32 31
28 31
35 31
36 31
37 31
38 31
39 31
36 30
37 30
38 30
39 30
37 29
38 29
36 29
39 29
36 28
37 28
38 28
39 28
35 28
40 30
40 29
40 28
35 27
36 27
37 27
38 27
39 27
40 27
41 29
41 28
41 30
41 27
36 26
37 26
38 26
39 26
0
No
0
No
0
Yes
10 7
9 7
9 6
10 6
10 5
9 5
8 6
8 7
8 5
7 7
7 6
0
No
0
No
0
Yes
4 29
3 29
3 28
4 28
3 30
4 30
5 28
5 29
5 30
4 27
3 27
5 27
4 31
3 31
5 31
6 29
6 28
6 30
6 27
6 31
3 26
4 26
5 26
6 26
7 28
7 29
7 30
7 27
0
Yes
43 13
42 13
42 12
43 12
44 12
44 13
43 11
42 11
44 11
45 13
45 12
45 11
42 10
43 10
44 10
46 11
43 9
42 9
44 9
42 8
43 8
44 8
43 7
42 7
44 7
42 6
43 6
44 6
43 5
42 5
44 5
0
No
0
Yes
43 30
42 30
42 29
43 29
44 29
44 30
45 30
45 29
0
No
0
No
0
No
0
No
0
Yes
0 33
0 32
1 32
1 33
1 34
0 34
0 35
1 35
2 33
2 34
2 32
2 35
1 31
0 31
1 36
0 36
2 36
3 32
3 33
3 34
3 35
3 36
0 37
1 37
2 37
3 37
4 33
4 34
4 35
4 36
4 32
4 37
5 32
5 33
5 34
5 35
5 36
5 37
6 33
6 34
6 35
6 36
6 32
6 37
0
Yes
38 45
38 44
37 44
37 43
38 43
0
Yes
19 30
18 30
18 29
19 29
18 31
19 31
20 29
20 30
20 31
19 28
18 28
20 28
19 32
18 32
20 32
21 30
21 29
21 31
21 28
21 32
17 29
17 30
17 31
17 28
17 32
16 30
16 29
16 31
16 28
16 32
18 27
19 27
20 27
17 27
21 27
0
No
0
Yes
6 4
6 3
7 3
7 4
7 5
6 5
6 6
0
Yes
19 14
18 14
18 13
19 13
18 15
19 15
20 13
20 14
20 15
19 12
18 12
20 12
19 16
18 16
20 16
21 14
21 13
21 15
21 12
21 16
17 13
17 14
17 15
17 12
17 16
18 11
19 11
20 11
17 11
21 11
18 17
19 17
20 17
17 17
0
No
0
Yes
43 3
42 3
42 4
43 4
44 4
44 3
44 2
0
No
0
Yes
10 4
9 4
9 3
10 3
10 2
9 2
8 3
8 4
0
Yes
16 23
15 23
15 22
16 22
15 24
16 24
17 22
17 23
16 21
15 21
17 21
14 22
14 23
14 24
14 21
13 23
13 22
13 24
13 21
0
Yes
45 0
45 1
46 1
46 0
47 0
47 1
46 2
45 2
47 2
45 3
46 3
47 3
48 1
48 2
48 0
48 3
49 0
49 1
49 2
49 3
46 4
47 4
48 4
0
No
0
No
0
Yes
46 6
45 6
45 5
46 5
45 7
46 7
47 5
47 6
47 7
46 8
45 8
47 8
48 6
48 7
48 5
48 8
45 9
46 9
47 9
48 9
49 5
49 6
49 7
49 8
49 9
49 4
0
No
0
No
0
No
0
No
0
No
0
Yes
7 26
7 25
8 25
8 26
9 26
9 25
8 24
7 24
9 24
7 23
8 23
9 23
10 25
10 24
10 26
10 23
10 27
11 26
11 25
11 24
11 23
8 22
9 22
10 22
7 22
11 22
7 21
8 21
9 21
10 21
11 21
0
Yes
7 1
6 1
6 0
7 0
6 2
7 2
8 0
8 1
8 2
9 1
9 0
10 0
10 1
0
Yes
20 18
19 18
19 19
20 19
21 19
21 18
21 17
20 20
19 20
21 20
22 18
22 19
22 17
22 20
18 19
18 18
18 20
22 16
17 18
17 19
17 20
19 21
20 21
21 21
22 21
23 17
23 18
23 19
23 20
23 16
24 18
24 17
24 19
0
No
0
No
0
No
0
Yes
0 34
0 33
1 33
1 34
1 35
0 35
0 36
1 36
2 34
2 35
2 33
2 36
1 32
0 32
2 32
0 31
1 31
1 37
0 37
2 37
3 33
3 34
3 35
3 36
3 32
3 37
4 34
4 33
4 35
4 36
4 32
4 37
5 33
5 34
5 35
5 36
5 32
5 37
0
No
0
Yes
5 35
4 35
4 34
5 34
4 36
5 36
6 34
6 35
6 36
5 33
4 33
6 33
5 37
4 37
6 37
3 34
3 35
3 36
3 33
3 37
2 35
2 34
2 36
2 33
2 37
4 32
5 32
3 32
6 32
0
Yes
2 21
1 21
1 22
2 22
2 23
1 23
0 22
0 21
0 23
1 24
2 24
0 24
2 25
1 25
0
No
0
No
0
No
0
No
0
No
0
No
0
No
0
No
0
No
0
Yes
8 6
7 6
7 5
8 5
7 7
8 7
9 5
9 6
9 7
8 4
7 4
9 4
10 6
10 5
10 7
10 4
6 5
6 6
0
No
0
No
0
No
0
Yes
13 20
12 20
12 21
13 21
14 21
14 20
13 22
12 22
14 22
15 20
15 21
15 22
12 23
13 23
14 23
15 23
16 21
16 22
16 20
16 23
13 24
14 24
15 24
12 24
16 24
17 22
17 21
17 23
12 25
0
No
0
Yes
46 28
45 28
45 27
46 27
47 27
47 28
47 29
46 29
46 30
47 30
48 28
48 29
48 27
48 30
49 29
49 28
49 30
0
Yes
30 0
30 1
31 1
31 0
32 0
32 1
31 2
30 2
32 2
30 3
31 3
32 3
0
Yes
14 0
13 0
13 1
14 1
15 1
15 0
14 2
13 2
15 2
16 0
16 1
16 2
12 1
12 0
12 2
11 0
11 1
11 2
13 3
14 3
15 3
12 3
16 3
11 3
17 1
17 2
17 0
17 3
14 4
13 4
15 4
12 4
16 4
11 4
17 4
18 0
18 1
18 2
18 3
18 4
10 2
10 3
10 4
0
No
0
Yes
9 2
9 3
8 3
8 4
9 4
0
Yes
7 9
6 9
6 8
7 8
6 10
7 10
8 8
8 9
8 10
7 7
6 7
8 7
7 11
6 11
8 11
9 9
9 8
9 10
9 7
9 11
5 8
5 9
5 10
5 7
5 11
4 9
4 8
4 10
4 7
4 11
6 6
7 6
8 6
5 6
9 6
4 6
6 12
7 12
8 12
5 12
9 12
4 12
10 8
10 9
10 10
10 7
10 11
10 6
7 5
6 5
8 5
9 5
10 5
7 13
6 13
8 13
5 13
9 13
4 13
11 9
11 8
11 10
11 7
11 6
11 11
11 5
3 8
3 9
3 10
3 7
3 11
3 12
3 6
3 13
0
Yes
15 7
14 7
14 6
15 6
14 8
15 8
16 6
16 7
16 8
15 5
14 5
16 5
15 9
14 9
16 9
17 7
17 6
17 8
17 5
17 9
13 6
13 7
13 8
13 5
13 9
12 7
12 6
12 8
12 5
12 9
14 10
15 10
16 10
13 10
17 10
12 10
0
Yes
24 13
23 13
23 12
23 14
24 14
24 15
23 15
22 14
22 13
22 15
0
No
0
No
0
Yes
7 33
7 32
8 32
8 33
8 34
7 34
7 35
8 35
9 33
9 34
9 32
9 35
8 31
7 31
9 31
8 36
7 36
9 36
10 32
10 33
10 34
10 35
10 31
10 36
7 37
8 37
9 37
10 37
11 33
11 32
11 34
11 35
11 36
11 31
0
No
0
Yes
5 14
5 15
5 16
5 17
5 18
6 14
6 15
6 16
6 17
6 18
7 14
7 15
7 16
7 17
7 18
8 14
8 15
8 16
8 17
8 18
9 14
9 15
9 16
9 17
9 18
0
No
0
No
0
Yes
19 9
18 9
18 8
19 8
18 10
19 10
20 8
20 9
20 10
0
No
0
Yes
12 36
12 35
13 35
13 36
14 36
14 35
13 34
12 34
14 34
12 33
13 33
14 33
15 35
15 34
15 36
15 33
0
No
0
Yes
5 20
4 20
4 19
5 19
4 21
5 21
6 19
6 20
6 21
5 22
4 22
6 22
7 20
7 19
3 19
3 20
3 21
3 22
3 18
4 18
2 20
2 19
2 21
2 18
2 22
4 17
3 17
2 17
4 23
5 23
3 23
6 23
2 23
8 19
8 20
5 24
4 24
3 24
6 24
2 24
9 20
9 19
1 19
1 20
1 21
1 18
1 22
1 23
1 17
1 24
3 16
2 16
4 16
1 16
0 20
0 19
0 21
0 18
0 22
0 17
0 23
0 16
0 24
4 15
3 15
2 15
1 15
0 15
4 25
5 25
3 25
2 25
1 25
6 25
0 25
3 14
2 14
1 14
4 14
0 14
2 26
1 26
0 26
2 13
1 13
0 13
1 27
2 27
0 27
1 12
2 12
0 12
0 28
2 11
1 11
0 11
1 10
2 10
0 10
2 9
1 9
0 9
0
Yes
12 31
12 30
11 30
13 30
13 31
13 32
12 32
14 31
14 30
14 32
11 29
12 29
13 29
14 29
12 28
13 28
11 28
14 28
15 30
15 31
15 29
15 32
15 28
11 27
12 27
13 27
14 27
15 27
12 26
13 26
0
No
0
No
0
Yes
23 30
22 30
22 29
23 29
0
No
0
Yes
33 23
32 23
32 22
33 22
32 24
33 24
34 24
34 23
33 25
32 25
34 25
31 22
31 23
31 24
31 25
31 21
32 21
35 25
35 24
30 23
30 22
30 24
30 21
30 25
32 20
31 20
30 20
33 20
32 26
33 26
34 26
31 26
35 26
30 26
33 19
32 19
31 19
30 19
29 22
29 23
29 24
29 21
29 25
29 20
29 26
29 19
28 23
28 24
28 25
28 26
0
Yes
19 3
19 2
20 2
20 3
20 4
19 4
19 5
20 5
21 3
21 4
21 2
21 5
18 5
20 1
19 1
21 1
19 0
20 0
21 0
18 6
19 6
20 6
21 6
22 2
22 3
22 4
22 1
22 5
22 0
22 6
19 7
20 7
21 7
18 7
22 7
21 8
21 9
0
No
0
Yes
15 36
14 36
14 35
15 35
16 35
15 34
14 34
16 34
13 35
13 36
13 34
17 34
17 35
17 36
12 36
12 35
12 34
14 33
15 33
16 33
13 33
17 33
12 33
18 35
18 34
18 33
0
Yes
33 23
32 23
32 22
33 22
32 24
33 24
34 24
34 23
33 25
32 25
34 25
31 22
31 23
31 24
31 25
31 21
32 21
35 25
35 24
30 23
30 22
30 24
30 21
30 25
32 20
31 20
30 20
33 20
32 26
33 26
34 26
31 26
35 26
30 26
33 19
32 19
31 19
30 19
29 22
29 23
29 24
29 21
29 25
29 20
29 26
29 19
28 23
28 24
28 25
28 26
32 18
31 18
30 18
29 18
28 21
28 20
28 19
28 18
27 24
27 25
27 23
0
No
0
No
0
Yes
29 14
29 15
28 15
28 16
29 16
0
No
0
Yes
3 26
3 27
4 27
4 26
5 26
0
No
0
Yes
7 33
7 32
8 32
8 33
8 34
7 34
7 35
8 35
9 33
9 34
9 32
9 35
8 31
7 31
9 31
6 31
7 30
6 30
8 36
7 36
9 36
10 32
10 33
10 34
10 35
10 31
10 36
5 30
5 31
4 31
4 30
7 37
8 37
9 37
10 37
11 33
11 32
11 34
11 35
11 36
11 31
11 37
6 29
5 29
7 29
4 29
3 30
3 31
3 29
7 28
6 28
5 28
4 28
3 28
8 38
9 38
10 38
7 38
11 38
0
Yes
20 14
19 14
19 13
20 13
19 15
20 15
21 13
21 14
21 15
20 12
19 12
21 12
20 16
19 16
21 16
22 14
22 13
22 15
18 13
18 14
18 15
18 12
18 16
17 14
17 13
17 15
17 12
17 16
19 11
20 11
18 11
21 11
17 11
19 17
20 17
18 17
17 17
23 13
23 14
23 15
23 12
20 10
19 10
18 10
21 10
24 14
24 13
0
No
0
No
0
No
0
No
0
No
0
No
0
No
0
No
0
No
0
Yes
43 5
42 5
42 6
43 6
44 6
44 5
43 7
42 7
44 7
42 8
43 8
44 8
43 9
42 9
0
No
3
294
27 19
27 18
26 18
26 17
27 17
266
42 10
42 11
43 11
43 10
44 10
44 11
43 12
42 12
44 12
44 9
42 13
43 13
44 13
295
13 11
12 11
12 10
13 10
14 10
14 11
14 12
13 9
12 9
14 9
15 11
15 10
15 12
15 9
11 10
11 11
11 9
10 11
10 10
10 9
12 8
13 8
14 8
11 8
15 8
10 8
16 10
16 11
16 9
16 12
16 8
13 7
12 7
14 7
11 7
15 7
10 7
16 7
9 10
9 9
9 8
9 11
9 7
9 12
17 9
17 10
17 8
17 7
8 11
8 10
8 9
8 12
12 6
13 6
14 6
11 6
15 6
10 6
16 6
9 6
17 6
8 13
9 13
18 8
18 9
13 5
12 5
14 5
11 5
15 5
10 5
16 5
9 5
17 5
Yes
0 0
0 1
0 2
0 3
0 4
0 5
0 6
0 7
0 8
1 0
1 1
1 2
1 3
1 4
1 5
1 6
1 7
1 8
2 0
2 1
2 2
2 3
2 4
2 5
2 6
2 7
2 8
3 0
3 1
3 2
3 3
3 4
3 5
3 6
3 7
3 8
4 0
4 1
4 2
4 3
4 4
4 5
4 6
4 7
4 8
5 0
5 1
5 2
5 3
5 4
5 5
5 6
5 7
5 8
6 0
6 1
6 2
6 3
6 4
6 5
6 6
6 7
6 8
7 0
7 1
7 2
7 3
7 4
7 5
7 6
7 7
7 8
8 0
8 1
8 2
8 3
8 4
8 5
8 6
8 7
8 8
9 0
9 1
9 2
9 3
2
324
20 44
19 44
19 43
20 43
20 42
309
7 13
6 13
6 12
7 12
7 11
6 11
5 12
5 13
5 11
4 13
4 12
4 11
4 14
6 10
5 10
7 10
4 10
7 9
6 9
5 9
4 9
3 12
3 13
3 11
3 10
3 14
3 9
3 15
4 15
4 16
3 16
2 13
2 12
2 14
2 11
2 15
2 10
2 16
2 9
3 17
4 17
2 17
4 18
3 18
2 18
1 12
1 13
1 14
1 11
1 15
1 10
1 16
1 17
1 9
1 18
0 13
0 12
0 14
0 11
0 15
0 10
0 16
0 17
0 9
0 18
3 19
2 19
1 19
4 19
0 19
5 19
5 20
4 20
3 20
2 20
1 20
0 20
6 20
6 19
7 19
7 20
8 20
8 19
9 19
9 20
10 20
6 21
5 21
4 21
3 21
2 21
1 21
0 21
5 22
4 22
3 22
2 22
1 22
6 22
0 22
6 23
11 20
Yes
0 23
0 24
0 25
0 26
0 27
1 23
1 24
1 25
1 26
1 27
2 23
2 24
2 25
2 26
2 27
3 23
3 24
3 25
3 26
3 27
4 23
4 24
4 25
4 26
4 27
5 23
5 24
5 25
5 26
0
No
0
No
0
No
0
No
0
Yes
45 43
44 43
44 42
45 42
46 42
46 43
45 41
44 41
46 41
47 43
47 42
47 41
43 42
43 43
43 41
42 43
42 42
42 41
44 40
45 40
46 40
43 40
47 40
42 40
48 42
48 41
48 43
48 40
45 39
44 39
46 39
43 39
47 39
42 39
48 39
49 43
49 42
49 41
49 40
49 39
41 42
41 41
41 40
41 43
41 39
40 43
40 42
40 41
40 40
40 39
44 38
45 38
46 38
43 38
47 38
42 38
48 38
41 38
49 38
40 38
45 37
44 37
46 37
43 37
47 37
42 37
48 37
0
Yes
46 27
45 27
45 28
46 28
47 28
47 27
46 29
47 29
48 27
48 28
48 29
47 30
46 30
48 30
0
No
0
Yes
33 11
32 11
32 12
33 12
34 12
34 11
33 13
32 13
34 13
35 11
35 12
35 13
31 12
31 11
31 13
30 11
30 12
30 13
32 14
33 14
34 14
0
No
3
346
30 17
29 17
29 16
30 16
31 16
31 17
30 15
29 15
31 15
32 17
32 16
32 15
28 16
28 17
345
39 42
39 43
38 43
40 43
40 42
40 41
41 42
41 41
41 43
38 44
37 44
37 43
41 40
40 40
40 39
41 39
42 43
42 42
43 42
43 43
41 38
40 38
40 37
41 37
44 43
44 42
45 42
45 43
41 36
40 36
40 35
41 35
46 43
46 42
47 42
47 43
41 34
40 34
40 33
41 33
48 43
48 42
48 41
49 42
49 41
49 43
41 32
40 32
49 40
48 40
48 39
49 39
49 38
48 38
40 31
41 31
38 45
49 37
49 36
49 35
49 34
49 33
49 32
49 31
49 30
49 29
49 28
240
0 36
0 35
1 35
1 36
1 37
0 37
1 34
0 34
Yes
42 29
42 30
42 31
42 32
42 33
42 34
42 35
42 36
42 37
42 38
42 39
42 40
42 41
43 29
43 30
43 31
43 32
43 33
43 34
43 35
43 36
43 37
43 38
43 39
43 40
43 41
44 29
44 30
44 31
44 32
44 33
44 34
44 35
44 36
44 37
44 38
44 39
44 40
44 41
45 29
45 30
45 31
45 32
45 33
45 34
45 35
45 36
45 37
45 38
45 39
45 40
45 41
46 29
46 30
46 31
46 32
46 33
46 34
46 35
46 36
46 37
46 38
46 39
46 40
46 41
47 29
47 30
47 31
47 32
47 33
47 34
47 35
47 36
47 37
47 38
47 39
47 40
47 41
48 29
48 30
48 31
48 32
48 33
48 34
48 35
48 36
48 37
0
Yes
0 11
0 10
1 10
1 11
1 12
0 12
0 13
1 13
2 11
2 12
2 10
2 13
1 9
0 9
2 9
1 14
0 14
2 14
3 10
3 11
3 12
3 13
3 9
3 14
0 15
1 15
2 15
3 15
4 11
4 10
4 12
4 13
4 14
4 9
4 15
1 16
2 16
3 16
0 16
4 16
5 10
5 11
5 12
5 13
5 9
0 17
1 17
2 17
3 17
4 17
6 11
6 10
6 12
6 9
6 13
1 18
2 18
3 18
0 18
4 18
7 10
7 11
7 12
7 9
7 13
0 19
0
No
0
Yes
0 21
0 20
1 20
1 21
1 22
0 22
2 21
2 20
2 22
1 19
2 19
0
No
0
Yes
8 14
7 14
7 15
8 15
9 15
9 14
8 16
7 16
9 16
6 15
6 14
6 16
5 14
5 15
5 16
7 17
8 17
6 17
9 17
0
Yes
6 44
5 44
5 43
6 43
5 45
6 45
7 43
7 44
7 45
6 42
5 42
7 42
6 46
5 46
7 46
8 44
8 43
8 45
8 42
8 46
4 43
4 44
4 45
4 42
4 46
3 44
3 43
3 45
3 42
3 46
5 47
6 47
7 47
4 47
8 47
3 47
7 41
6 41
8 41
9 43
9 44
9 45
9 42
9 46
9 41
9 47
6 40
7 40
8 40
9 40
6 48
5 48
7 48
4 48
8 48
3 48
9 48
10 44
10 43
10 45
10 42
10 46
10 41
10 47
10 40
10 48
2 43
2 44
2 45
2 46
2 47
2 42
2 48
1 44
1 43
1 45
1 46
1 47
1 42
1 48
5 49
6 49
7 49
4 49
8 49
3 49
9 49
2 49
10 49
1 49
7 39
8 39
9 39
6 39
10 39
11 43
11 44
11 45
11 42
11 46
11 41
11 47
11 40
11 48
11 39
11 49
6 38
12 44
12 43
12 45
12 42
12 46
12 47
12 48
12 49
0 43
0 44
0 45
0 46
0 47
0 48
0 42
0 49
13 43
13 44
13 42
13 46
13 47
13 48
13 49
13 41
12 39
14 42
14 41
12 38
14 47
14 48
14 49
15 48
15 47
15 49
15 46
16 47
16 49
15 42
0
Yes
26 42
25 42
25 41
26 41
25 43
26 43
27 41
27 42
27 43
26 40
25 40
27 40
26 44
25 44
27 44
28 42
28 41
28 43
28 40
28 44
24 41
24 42
24 43
24 40
24 44
23 42
23 41
23 43
23 40
23 44
25 39
26 39
27 39
24 39
28 39
23 39
25 45
26 45
27 45
24 45
28 45
23 45
29 41
29 42
29 43
29 40
29 44
29 39
29 45
26 38
25 38
27 38
24 38
28 38
23 38
29 38
26 46
25 46
27 46
24 46
28 46
23 46
29 46
30 42
30 41
30 43
30 40
30 44
30 39
30 45
30 38
30 46
22 41
22 42
22 43
22 40
22 44
22 39
22 45
22 46
21 42
21 41
21 43
21 40
21 44
21 45
21 46
25 37
26 37
27 37
24 37
28 37
23 37
25 47
26 47
27 47
24 47
28 47
23 47
29 47
22 47
30 47
21 47
31 41
31 40
31 39
31 38
31 43
31 44
31 45
31 46
31 47
26 36
25 36
27 36
24 36
26 48
25 48
27 48
24 48
28 48
23 48
29 48
22 48
30 48
21 48
31 48
20 43
20 42
20 44
20 45
20 46
20 47
0
No
0
No
0
No
0
Yes
9 14
8 14
8 15
9 15
9 16
8 16
7 15
7 14
7 16
6 14
6 15
6 16
8 17
7 17
9 17
6 17
9 18
8 18
7 18
6 18
5 15
5 16
5 17
5 14
5 18
8 19
7 19
0
No
0
Yes
19 35
20 35
20 36
21 36
21 35
21 37
20 37
22 35
22 36
22 37
0
No
0
Yes
28 27
28 28
28 29
28 30
29 27
29 28
29 29
29 30
30 27
30 28
30 29
30 30
31 27
31 28
31 29
31 30
32 27
32 28
32 29
32 30
0
Yes
17 15
17 14
18 14
18 15
18 16
17 16
17 17
18 17
19 15
19 16
19 14
19 17
18 13
17 13
19 13
17 12
18 12
19 12
20 14
20 15
20 16
20 13
20 17
20 12
21 15
21 14
21 16
21 13
21 12
18 11
19 11
20 11
17 11
0
Yes
0 31
0 32
0 33
1 31
1 32
1 33
0
No
0
Yes
44 37
43 37
43 36
44 36
43 38
44 38
45 36
45 37
45 38
44 35
43 35
45 35
44 39
43 39
45 39
46 37
46 36
46 38
46 35
46 39
42 36
42 37
42 38
42 35
42 39
43 34
44 34
45 34
42 34
46 34
43 40
44 40
45 40
42 40
46 40
47 36
47 37
47 38
47 35
47 39
47 34
47 40
44 33
43 33
45 33
46 33
42 33
47 33
44 41
43 41
45 41
46 41
42 41
47 41
0
Yes
6 46
5 46
5 45
6 45
5 47
6 47
7 45
7 46
7 47
6 44
5 44
7 44
6 48
5 48
7 48
8 46
8 45
8 47
8 44
8 48
4 45
4 46
4 47
4 44
4 48
3 46
3 45
3 47
3 44
3 48
5 43
6 43
7 43
4 43
8 43
3 43
5 49
6 49
7 49
4 49
8 49
3 49
9 45
9 46
9 47
9 44
9 48
9 43
9 49
6 42
5 42
7 42
4 42
8 42
3 42
9 42
10 46
10 45
10 47
10 44
10 48
10 43
10 49
10 42
2 45
2 46
2 47
2 44
2 48
2 43
2 49
2 42
1 46
1 45
1 47
1 44
1 48
1 43
1 49
1 42
7 41
6 41
8 41
9 41
10 41
11 45
11 46
11 47
11 44
11 48
11 43
11 42
11 49
11 41
6 40
7 40
8 40
9 40
10 40
11 40
12 46
12 45
12 47
12 44
12 48
12 43
12 42
12 49
0 45
0 46
0 47
0 44
0 48
0 43
0 49
0 42
7 39
8 39
9 39
10 39
6 39
11 39
13 47
13 46
13 48
13 49
13 44
13 43
13 42
6 38
14 48
14 47
14 49
0
No
0
Yes
40 31
40 32
41 32
41 31
42 31
42 32
41 33
40 33
42 30
40 34
41 34
43 30
43 31
43 32
43 29
42 29
44 31
44 30
44 32
44 29
41 35
40 35
40 36
41 36
45 30
45 31
45 32
45 29
45 28
46 31
46 30
46 29
46 32
46 28
41 37
40 37
40 38
41 38
47 30
47 31
47 29
47 32
47 28
46 27
45 27
47 27
48 31
48 30
48 29
48 28
48 32
48 27
41 39
40 39
48 33
40 40
41 40
49 30
49 31
49 32
49 29
49 28
49 33
49 34
48 34
48 35
49 35
41 41
40 41
49 36
48 36
0
No
0
No
0
No
0
Yes
18 10
18 11
17 11
19 11
19 10
19 9
20 10
20 9
20 11
17 12
18 12
19 12
20 12
20 8
19 8
18 13
19 13
17 13
20 13
19 7
20 7
18 7
21 9
21 10
21 11
21 8
21 12
21 7
21 13
18 6
19 6
20 6
21 6
22 10
17 14
18 14
19 14
20 14
21 14
18 15
19 15
20 15
17 15
21 15
22 7
22 6
22 13
22 14
22 15
19 5
20 5
21 5
18 5
22 5
18 4
19 4
20 4
21 4
22 4
17 4
17 16
18 16
19 16
20 16
21 16
23 14
23 13
23 15
23 12
24 13
24 14
24 15
18 17
19 17
20 17
17 17
17 3
18 3
19 3
20 3
21 3
22 3
16 3
16 4
15 4
15 3
18 2
17 2
19 2
16 2
20 2
21 2
15 2
22 2
14 3
14 4
14 2
13 4
13 3
13 2
24 16
17 1
18 1
19 1
16 1
20 1
15 1
21 1
14 1
22 1
13 1
12 3
12 2
12 4
12 1
11 4
11 3
11 2
11 1
25 16
25 17
18 0
17 0
19 0
16 0
20 0
15 0
21 0
14 0
13 0
12 0
22 0
11 0
10 3
10 2
10 1
10 4
10 0
26 17
9 4
26 18
25 18
25 19
0
Yes
44 10
43 10
43 11
44 11
45 11
45 10
44 12
43 12
45 12
46 10
46 11
42 11
42 10
42 12
43 13
44 13
45 13
42 13
0
Yes
26 23
27 23
27 24
28 24
28 23
28 25
27 25
26 25
29 23
29 24
29 25
27 26
28 26
29 26
29 22
30 22
30 23
30 24
30 25
30 26
30 21
29 21
28 21
28 20
29 20
30 20
29 19
28 19
30 19
27 19
31 23
31 22
31 24
31 21
31 25
31 20
31 26
31 19
27 18
28 18
29 18
30 18
31 18
32 22
32 23
32 24
32 21
32 25
32 20
32 19
32 26
32 18
28 17
29 17
30 17
31 17
27 17
32 17
33 23
33 22
33 24
33 25
33 26
27 16
28 16
29 16
30 16
31 16
32 16
33 20
33 19
34 24
34 23
34 25
34 26
28 15
29 15
30 15
31 15
32 15
35 25
35 24
35 26
0
No
0
Yes
9 5
9 6
9 7
9 8
9 9
9 10
9 11
10 5
10 6
10 7
10 8
10 9
10 10
10 11
11 5
11 6
11 7
11 8
11 9
11 10
11 11
12 5
12 6
12 7
12 8
12 9
12 10
12 11
13 5
13 6
13 7
13 8
13 9
13 10
13 11
14 5
14 6
14 7
14 8
14 9
14 10
14 11
15 5
15 6
15 7
15 8
15 9
15 10
15 11
0
No
0
Yes
42 42
41 42
41 41
41 43
42 43
43 43
43 42
44 42
44 43
40 41
40 42
40 43
40 40
41 40
39 42
39 43
41 39
40 39
45 43
45 42
45 44
46 42
46 43
46 44
38 43
38 44
40 38
41 38
46 45
45 45
45 46
46 46
41 37
40 37
47 43
47 44
47 45
47 42
47 46
37 44
37 43
48 42
48 43
48 44
48 45
48 46
48 41
40 36
41 36
46 47
47 47
45 47
48 47
45 48
46 48
47 48
48 48
41 35
40 35
49 41
49 42
49 43
49 44
49 45
49 46
49 47
49 48
49 40
48 40
48 39
49 39
46 49
47 49
48 49
45 49
49 49
49 38
48 38
48 37
49 37
40 34
41 34
41 33
40 33
49 36
48 36
48 35
49 35
40 32
41 32
42 32
49 34
48 34
48 33
49 33
42 31
41 31
40 31
0
Yes
0 38
0 39
0 40
0 41
1 38
1 39
1 40
1 41
2 38
2 39
2 40
2 41
3 38
3 39
3 40
3 41
4 38
4 39
4 40
4 41
5 38
5 39
5 40
5 41
0
No
3
353
15 32
14 32
14 31
15 31
15 30
14 30
13 31
13 32
13 30
12 32
12 31
351
8 9
7 9
7 10
8 10
8 11
7 11
6 10
6 9
6 11
5 9
5 10
5 11
7 12
6 12
8 12
5 12
9 12
8 13
7 13
6 13
9 13
5 13
4 10
4 11
4 12
4 9
4 13
3 9
3 10
3 11
3 12
3 13
2 10
2 11
2 12
2 9
2 13
4 14
3 14
2 14
1 9
1 10
1 11
1 12
1 13
1 14
3 15
2 15
4 15
1 15
0 10
0 11
0 12
0 13
0 14
0 9
0 15
4 16
3 16
2 16
1 16
0 16
3 17
2 17
1 17
4 17
340
49 28
48 28
48 27
48 29
49 29
49 30
48 30
47 27
47 28
47 29
47 30
46 28
46 29
46 27
46 30
48 31
47 31
49 31
46 31
49 32
48 32
47 32
46 32
45 27
45 28
45 29
45 30
45 31
45 32
Yes
0 19
0 20
0 21
0 22
0 23
0 24
0 25
0 26
0 27
1 19
1 20
1 21
1 22
1 23
1 24
1 25
1 26
1 27
2 19
2 20
2 21
2 22
2 23
2 24
2 25
2 26
2 27
3 19
3 20
3 21
3 22
3 23
3 24
3 25
3 26
3 27
4 19
4 20
4 21
4 22
4 23
4 24
4 25
4 26
4 27
5 19
5 20
5 21
5 22
5 23
5 24
5 25
5 26
5 27
6 19
6 20
6 21
6 22
6 23
0
No
0
No
2
340
15 32
14 32
14 31
15 31
15 30
14 30
13 31
13 32
13 30
12 32
12 31
12 30
14 29
13 29
15 29
12 29
15 28
14 28
13 28
12 28
11 30
11 29
11 28
14 27
13 27
12 27
15 27
11 27
16 27
382
49 36
49 35
49 37
49 34
49 38
48 38
48 39
49 39
49 40
48 40
47 40
48 41
49 41
47 41
46 41
46 40
45 40
45 41
49 42
48 42
47 42
46 42
45 42
44 41
44 40
44 42
48 43
47 43
46 43
45 43
49 43
44 43
43 40
43 41
43 42
43 43
49 44
48 44
47 44
46 44
45 44
42 41
42 42
42 40
42 43
41 40
41 41
41 42
41 43
48 45
47 45
46 45
49 45
45 45
49 46
48 46
47 46
46 46
45 46
40 41
40 42
40 40
40 43
48 47
47 47
46 47
49 47
45 47
39 42
39 43
49 48
48 48
47 48
46 48
45 48
38 43
48 49
47 49
46 49
49 49
45 49
38 44
37 44
37 43
49 33
49 32
49 31
49 30
48 30
48 29
49 29
47 29
47 30
46 30
46 29
49 28
48 28
47 28
Yes
40 31
40 32
40 33
40 34
40 35
40 36
40 37
40 38
40 39
41 31
41 32
41 33
41 34
41 35
41 36
41 37
41 38
41 39
42 31
42 32
42 33
42 34
42 35
42 36
42 37
42 38
42 39
43 31
43 32
43 33
43 34
43 35
43 36
43 37
43 38
43 39
44 31
44 32
44 33
44 34
44 35
44 36
44 37
44 38
44 39
45 31
45 32
45 33
45 34
45 35
45 36
45 37
45 38
45 39
46 31
46 32
46 33
46 34
46 35
46 36
46 37
46 38
46 39
47 31
47 32
47 33
47 34
47 35
47 36
47 37
47 38
47 39
48 31
48 32
48 33
48 34
48 35
48 36
48 37
0
Yes
48 1
47 1
47 0
48 0
47 2
48 2
49 0
49 1
49 2
48 3
47 3
49 3
46 0
46 1
46 2
46 3
45 1
45 2
45 0
45 3
47 4
48 4
0
No
0
No
0
No
0
No
0
No
0
No
0
No
0
Yes
40 24
40 25
40 26
41 24
41 25
41 26
0
Yes
26 39
25 39
25 38
26 38
25 40
26 40
27 38
27 39
27 40
26 37
25 37
27 37
26 41
25 41
27 41
28 39
28 38
28 40
28 37
28 41
24 38
24 39
24 40
24 37
24 41
23 39
23 38
23 40
23 37
23 41
25 36
26 36
27 36
24 36
0
Yes
27 42
26 42
26 43
27 43
28 43
28 42
27 44
26 44
28 44
29 42
29 43
29 44
25 43
25 42
25 44
29 41
24 42
24 43
24 44
26 45
27 45
28 45
25 45
29 45
24 45
30 41
30 42
30 43
30 44
30 45
30 40
29 40
29 39
30 39
27 46
26 46
28 46
25 46
29 46
24 46
30 46
23 43
23 44
23 45
23 42
23 46
31 43
31 44
31 45
31 46
31 40
31 41
31 39
22 42
22 43
22 44
22 45
22 46
30 38
29 38
31 38
22 41
26 47
27 47
28 47
25 47
29 47
24 47
30 47
23 47
31 47
22 47
32 44
32 43
32 39
32 40
32 38
27 48
26 48
28 48
25 48
29 48
24 48
30 48
23 48
31 48
22 48
21 41
21 42
21 43
21 44
21 45
21 46
21 47
21 48
21 40
22 40
22 39
20 42
20 43
20 44
20 45
20 46
20 47
20 48
26 49
27 49
28 49
25 49
29 49
24 49
30 49
23 49
22 49
21 49
31 49
20 49
32 47
32 48
32 49
33 38
33 39
20 40
34 39
34 38
34 40
19 43
19 44
35 40
35 39
33 48
33 49
19 46
18 44
18 43
36 39
36 40
34 49
34 48
0
Yes
20 19
19 19
19 18
20 18
19 20
20 20
21 18
21 19
21 20
20 21
19 21
21 21
22 19
22 20
22 18
22 21
18 18
18 19
18 20
21 17
22 17
17 19
17 18
17 20
21 22
23 18
23 19
23 20
23 17
0
Yes
23 29
22 29
22 28
23 28
22 30
23 30
24 28
24 29
24 30
23 27
25 29
25 30
24 31
25 31
26 30
26 29
26 31
26 28
25 32
26 32
27 29
27 30
27 31
27 28
27 32
27 27
26 27
26 33
25 33
27 33
0
No
0
No
0
No
0
No
0
No
0
No
3
351
14 12
14 11
13 11
15 11
15 12
16 12
16 11
13 10
14 10
15 10
16 10
12 10
12 11
14 9
13 9
15 9
12 9
16 9
11 11
11 10
11 9
17 10
17 9
13 8
14 8
15 8
12 8
16 8
11 8
17 8
10 10
10 9
10 11
10 8
14 7
13 7
15 7
12 7
16 7
11 7
17 7
10 7
18 9
18 8
9 11
9 12
13 6
14 6
15 6
12 6
16 6
11 6
17 6
10 6
9 8
9 7
9 6
14 5
13 5
15 5
12 5
16 5
11 5
10 5
17 5
9 5
361
0 9
0 10
1 10
1 9
2 9
2 10
1 11
0 11
2 11
0 12
1 12
2 12
3 10
3 11
3 9
3 12
4 9
4 10
4 11
4 12
1 13
2 13
3 13
0 13
4 13
0 14
1 14
380
0 18
0 17
1 17
1 18
2 18
2 17
1 16
0 16
2 16
0 15
1 15
2 15
3 17
3 16
3 18
3 15
4 18
4 17
4 16
4 15
2 14
3 14
4 14
5 17
5 16
5 15
5 18
6 18
6 17
6 16
6 15
7 17
7 16
7 18
7 15
7 19
8 18
8 17
8 16
8 19
8 15
8 20
7 20
9 17
9 18
9 19
9 16
9 20
9 15
Yes
5 9
5 10
5 11
5 12
5 13
5 14
6 9
6 10
6 11
6 12
6 13
6 14
7 9
7 10
7 11
7 12
7 13
7 14
8 9
8 10
8 11
8 12
8 13
8 14
9 9
9 10
0
No
0
No
0
No
0
No
0
Yes
24 8
24 9
25 8
25 9
0
No
0
No
0
No
0
No
2
351
10 0
10 1
10 2
10 3
10 4
10 5
10 6
10 7
10 8
10 9
10 10
11 0
11 1
11 2
11 3
11 4
11 5
11 6
11 7
11 8
11 9
11 10
12 0
12 1
12 2
12 3
12 4
12 5
12 6
12 7
12 8
12 9
12 10
13 0
13 1
13 2
13 3
13 4
13 5
13 6
13 7
13 8
13 9
13 10
14 0
14 1
14 2
14 3
14 4
14 5
14 6
14 7
14 8
14 9
14 10
15 0
15 1
15 2
15 3
15 4
15 5
15 6
15 7
15 8
15 9
15 10
376
11 20
10 20
9 20
9 19
8 19
8 20
8 18
9 18
9 17
8 17
7 20
7 19
7 18
7 17
8 16
9 16
7 16
6 18
6 17
6 16
9 15
8 15
7 15
6 15
5 17
5 16
5 18
5 15
4 18
4 17
4 16
4 15
3 17
3 16
3 18
3 15
2 18
2 17
2 16
2 15
4 14
3 14
2 14
1 17
1 16
1 15
1 18
0 18
0 17
0 16
0 15
9 14
9 13
9 12
9 11
10 11
11 11
12 11
13 11
14 11
14 12
15 12
15 11
16 11
16 12
17 12
17 11
17 13
18 13
18 12
18 11
18 14
17 14
17 15
18 15
18 16
17 16
17 17
18 17
19 17
19 16
19 15
19 14
19 13
19 12
19 11
20 16
20 15
20 14
20 13
20 12
20 17
20 11
16 10
17 10
18 10
19 10
20 10
21 15
21 16
21 14
21 13
21 12
21 11
21 10
22 16
22 15
22 14
22 13
17 9
18 9
19 9
20 9
16 9
21 9
16 8
17 8
18 8
19 8
20 8
21 8
23 15
23 14
23 16
23 13
24 16
24 15
24 14
24 13
24 17
17 7
18 7
19 7
20 7
16 7
21 7
25 17
25 16
25 18
24 18
24 19
25 19
23 12
Yes
17 0
17 1
17 2
17 3
17 4
17 5
17 6
18 0
18 1
18 2
18 3
18 4
18 5
18 6
19 0
19 1
19 2
19 3
19 4
19 5
19 6
20 0
20 1
20 2
20 3
20 4
20 5
20 6
21 0
21 1
21 2
21 3
21 4
21 5
21 6
22 0
22 1
22 2
22 3
22 4
22 5
22 6
23 0
23 1
23 2
23 3
23 4
23 5
23 6
24 0
24 1
24 2
24 3
24 4
24 5
24 6
25 0
25 1
25 2
25 3
25 4
25 5
25 6
26 0
26 1
26 2
26 3
26 4
26 5
26 6
27 0
27 1
27 2
27 3
27 4
27 5
27 6
28 0
28 1
28 2
28 3
28 4
0
Yes
26 34
26 35
27 34
27 35
0
No
0
No
0
No
0
Yes
43 5
43 6
43 7
43 8
43 9
44 5
44 6
44 7
44 8
44 9
0
No
0
Yes
17 13
17 12
16 12
18 12
18 13
18 14
17 14
17 15
18 15
19 13
19 14
19 12
19 15
16 11
17 11
18 11
19 11
15 11
15 12
17 10
16 10
18 10
15 10
19 10
14 12
14 11
14 10
18 16
17 16
19 16
20 12
20 13
20 14
20 11
20 15
20 10
20 16
17 17
18 17
19 17
20 17
21 13
21 12
21 14
21 11
21 15
21 16
21 10
16 9
17 9
18 9
15 9
19 9
20 9
14 9
21 9
13 11
13 10
13 9
0
Yes
12 34
12 33
13 33
13 34
13 35
12 35
12 36
13 36
14 34
14 35
14 33
14 36
15 33
15 34
15 35
15 36
0
Yes
0 0
0 1
0 2
0 3
0 4
0 5
0 6
1 0
1 1
1 2
1 3
1 4
1 5
1 6
2 0
2 1
2 2
2 3
2 4
2 5
2 6
3 0
3 1
3 2
3 3
3 4
3 5
3 6
4 0
4 1
4 2
4 3
4 4
4 5
4 6
5 0
5 1
5 2
5 3
5 4
5 5
5 6
6 0
6 1
6 2
6 3
6 4
6 5
6 6
7 0
7 1
7 2
7 3
7 4
7 5
7 6
8 0
8 1
8 2
8 3
8 4
8 5
8 6
9 0
9 1
9 2
9 3
9 4
9 5
9 6
0
Yes
22 7
21 7
21 8
20 8
20 7
19 7
19 8
18 8
18 7
17 7
17 8
16 8
16 7
16 6
15 7
15 6
15 8
15 5
16 5
16 4
15 4
14 6
14 7
14 5
14 8
14 4
15 3
16 3
14 3
16 2
15 2
14 2
13 7
13 6
13 5
13 4
13 3
13 8
13 2
15 1
14 1
16 1
13 1
16 0
15 0
14 0
13 0
12 6
12 7
12 5
12 4
12 3
12 2
12 1
12 8
12 0
12 9
11 7
11 6
11 8
11 5
11 4
11 3
11 2
11 1
11 9
11 0
11 10
12 10
12 11
11 11
10 6
10 7
10 8
10 5
10 9
10 4
10 10
10 3
10 2
10 1
10 11
10 0
9 7
9 8
9 11
9 12
8 8
8 7
7 7
7 8
6 8
6 7
5 7
5 8
4 8
4 7
3 7
3 8
2 8
2 7
1 7
1 8
0 8
0 7
23 7
23 8
24 8
24 7
24 9
25 7
25 8
25 9
26 8
26 7
26 9
26 10
27 7
27 8
27 9
28 7
28 6
29 6
0
Yes
40 5
40 6
40 7
40 8
40 9
41 5
41 6
41 7
41 8
41 9
42 5
42 6
42 7
42 8
42 9
0
Yes
33 22
32 22
32 21
32 23
33 23
34 23
33 24
32 24
34 24
31 21
31 22
31 23
31 24
31 20
32 20
33 20
35 24
30 22
30 21
30 23
30 20
30 24
33 19
32 19
31 19
30 19
32 25
33 25
34 25
31 25
35 25
30 25
33 26
32 26
34 26
31 26
35 26
30 26
29 21
29 22
29 23
29 20
29 24
29 25
29 19
29 26
32 18
31 18
30 18
29 18
36 25
28 23
28 24
28 25
28 26
28 20
28 21
28 19
28 18
31 17
30 17
29 17
32 17
28 17
27 21
32 16
31 16
30 16
29 16
28 16
33 16
27 24
27 25
27 23
27 26
27 19
27 18
27 17
27 16
33 15
32 15
31 15
30 15
29 15
28 15
26 23
0
No
0
No
0
No
0
No
0
Yes
29 22
29 23
29 24
29 25
29 26
30 22
30 23
30 24
30 25
30 26
31 22
31 23
31 24
31 25
31 26
32 22
32 23
32 24
32 25
32 26
33 22
33 23
33 24
33 25
33 26
0
No
0
Yes
29 7
29 8
30 8
30 7
30 6
31 7
31 6
31 8
30 9
29 9
31 9
31 5
30 5
29 5
29 4
30 4
31 4
29 10
30 10
31 10
32 6
32 7
32 8
32 5
32 9
32 4
32 10
33 7
33 6
33 8
33 5
33 9
33 4
33 10
30 11
31 11
32 11
29 11
33 11
28 11
29 12
30 12
31 12
32 12
28 12
33 12
34 6
34 7
34 8
34 5
34 9
34 10
34 11
0
Yes
2 18
1 18
1 17
2 17
3 17
3 18
2 16
1 16
3 16
4 18
4 17
4 16
0 17
0 18
0 16
1 15
2 15
3 15
0 15
0
No
0
No
0
Yes
40 14
39 14
39 13
40 13
39 15
41 13
40 12
39 12
41 12
38 13
38 14
38 12
37 14
37 13
37 12
37 15
39 11
40 11
38 11
41 11
37 11
40 10
39 10
38 10
41 10
37 10
36 13
36 14
36 12
36 11
36 15
36 10
35 14
35 13
35 12
35 11
35 15
35 10
0
Yes
28 17
28 18
28 19
28 20
28 21
29 17
29 18
29 19
29 20
29 21
30 17
30 18
30 19
30 20
30 21
31 17
31 18
31 19
31 20
31 21
32 17
32 18
32 19
32 20
32 21
0
Yes
43 30
42 30
42 29
43 29
44 29
44 30
45 30
45 29
0
No
0
No
0
No
0
Yes
36 9
35 9
35 8
36 8
37 8
37 9
36 7
35 7
37 7
38 9
38 8
38 7
35 6
36 6
0
No
0
No
0
No
0
No
0
No
0
No
0
Yes
17 34
16 34
16 33
17 33
16 35
17 35
18 33
0
No
0
No
0
Yes
35 9
35 8
36 8
36 9
37 9
37 8
36 7
35 7
37 7
35 6
36 6
38 8
38 9
38 7
39 9
39 8
39 7
38 6
39 6
40 8
40 7
40 9
40 6
39 5
38 5
40 5
41 9
41 8
41 7
41 6
41 5
40 4
41 4
42 8
42 7
42 6
42 5
42 9
43 9
43 8
43 7
43 6
43 5
41 3
40 3
39 3
39 2
40 2
41 2
44 8
44 7
44 6
44 9
0
No
0
No
0
Yes
41 1
40 1
40 0
41 0
0
Yes
38 42
37 42
37 41
38 41
39 41
0
Yes
48 7
47 7
47 6
48 6
47 8
48 8
49 6
49 7
49 8
48 5
47 5
49 5
48 9
47 9
49 9
46 6
46 7
46 8
46 5
46 9
45 7
45 6
45 8
45 5
0
Yes
6 15
5 15
5 16
6 16
7 16
7 15
6 17
5 17
7 17
8 15
8 16
8 17
5 18
6 18
0
No
0
No
0
No
0
No
0
Yes
30 13
30 14
30 15
30 16
31 13
31 14
31 15
31 16
32 13
32 14
32 15
32 16
33 13
33 14
33 15
33 16
34 13
34 14
34 15
34 16
0
Yes
27 49
26 49
26 48
27 48
28 48
28 49
27 47
26 47
28 47
29 49
29 48
29 47
25 48
25 49
25 47
24 49
24 48
24 47
26 46
27 46
28 46
25 46
29 46
24 46
30 48
30 47
30 49
30 46
27 45
26 45
28 45
25 45
29 45
24 45
30 45
31 49
31 48
31 47
31 46
31 45
23 48
23 47
23 46
23 49
23 45
22 49
22 48
22 47
22 46
22 45
26 44
27 44
28 44
25 44
29 44
24 44
30 44
23 44
31 44
22 44
32 48
32 47
32 49
27 43
26 43
28 43
25 43
29 43
24 43
30 43
23 43
31 43
22 43
33 49
33 48
21 48
21 47
21 46
21 45
21 44
21 49
21 43
20 49
20 48
20 47
20 46
20 45
20 44
20 43
26 42
27 42
28 42
0
No
0
Yes
29 41
29 40
30 40
30 41
30 42
29 42
31 41
31 40
30 39
29 39
31 39
29 38
30 38
31 38
32 40
32 39
32 38
0
No
0
No
0
Yes
27 29
26 29
26 28
27 28
26 30
27 30
27 27
26 27
27 31
26 31
25 30
25 29
25 31
0
No
0
No
0
No
0
Yes
33 22
32 22
32 21
32 23
33 23
34 23
33 24
32 24
34 24
31 21
31 22
31 23
31 24
31 20
32 20
33 20
35 24
30 22
30 21
30 23
30 20
30 24
33 19
32 19
31 19
30 19
32 25
33 25
34 25
31 25
35 25
30 25
33 26
32 26
34 26
31 26
35 26
30 26
29 21
29 22
29 23
29 20
29 24
29 25
29 19
29 26
32 18
31 18
30 18
29 18
36 25
28 23
28 24
28 25
28 26
28 20
28 21
28 19
28 18
31 17
30 17
29 17
32 17
28 17
27 21
27 24
27 25
27 23
27 26
27 19
27 18
27 17
26 23
29 16
28 16
27 16
26 25
26 18
26 17
28 15
29 15
0
Yes
19 29
18 29
18 28
19 28
18 30
19 30
20 28
20 29
20 30
19 27
18 27
20 27
19 31
18 31
20 31
21 29
21 28
21 30
21 27
21 31
17 28
17 29
17 30
17 27
17 31
16 29
16 28
16 30
16 31
18 26
19 26
20 26
18 32
19 32
20 32
17 32
21 32
16 32
0
Yes
10 0
10 1
10 2
10 3
10 4
10 5
11 0
11 1
11 2
11 3
11 4
11 5
12 0
12 1
12 2
12 3
12 4
12 5
13 0
13 1
13 2
13 3
13 4
13 5
14 0
14 1
14 2
14 3
14 4
14 5
15 0
15 1
15 2
15 3
15 4
15 5
16 0
16 1
16 2
16 3
16 4
16 5
0
No
0
Yes
7 31
7 32
7 33
7 34
7 35
7 36
7 37
7 38
7 39
8 31
8 32
8 33
8 34
8 35
8 36
8 37
8 38
8 39
9 31
9 32
9 33
9 34
9 35
9 36
9 37
9 38
9 39
10 31
10 32
10 33
10 34
10 35
10 36
10 37
10 38
10 39
11 31
11 32
11 33
11 34
11 35
11 36
11 37
11 38
11 39
0
No
0
No
0
Yes
42 44
41 44
41 45
42 45
43 45
43 44
42 46
41 46
43 46
44 44
44 45
44 46
40 45
40 44
40 46
39 44
39 45
39 46
41 47
42 47
43 47
40 47
44 47
39 47
42 48
41 48
43 48
40 48
44 48
39 48
38 45
0
Yes
0 49
0 48
1 48
1 49
2 49
2 48
1 47
0 47
2 47
0 46
1 46
2 46
3 48
3 47
3 49
3 46
4 49
4 48
4 47
4 46
1 45
2 45
3 45
0 45
4 45
0 44
1 44
2 44
3 44
4 44
5 48
5 47
5 46
5 45
5 49
5 44
6 49
6 48
6 47
6 46
6 45
6 44
1 43
2 43
3 43
4 43
5 43
0 43
6 43
0 42
1 42
2 42
3 42
4 42
5 42
6 42
7 48
7 47
7 46
7 45
7 44
7 43
7 49
7 42
8 49
8 48
8 47
8 46
8 45
8 44
8 43
8 42
9 48
9 47
9 46
0
No
0
No
0
No
0
Yes
0 0
0 1
0 2
0 3
0 4
0 5
1 0
1 1
1 2
1 3
1 4
1 5
2 0
2 1
2 2
2 3
2 4
2 5
3 0
3 1
3 2
3 3
3 4
3 5
4 0
4 1
4 2
4 3
4 4
4 5
5 0
5 1
5 2
5 3
5 4
5 5
0
No
0
Yes
41 12
40 12
40 11
41 11
40 13
41 13
41 10
40 10
39 11
39 12
39 13
39 10
39 14
40 14
38 12
38 11
38 13
38 10
38 14
40 9
39 9
41 9
38 9
42 9
41 8
40 8
39 8
42 8
38 8
37 11
37 12
37 13
37 10
37 9
37 14
37 8
43 8
43 9
44 9
44 8
36 12
36 11
36 13
36 10
36 9
36 14
36 8
37 15
36 15
40 7
41 7
42 7
39 7
43 7
38 7
37 7
44 7
36 7
41 6
40 6
42 6
39 6
43 6
38 6
44 6
35 11
35 12
35 13
35 10
35 14
35 9
35 8
35 15
35 7
34 12
34 13
34 14
34 15
40 5
41 5
42 5
39 5
43 5
38 5
44 5
35 16
34 16
36 6
35 6
41 4
40 4
33 13
33 14
33 15
33 16
34 17
35 17
36 17
0
Yes
28 41
27 41
27 40
28 40
28 39
27 39
26 40
26 41
26 39
25 41
25 40
25 39
25 42
27 38
26 38
28 38
25 38
28 37
27 37
26 37
25 37
24 40
24 41
24 39
24 38
24 42
24 37
23 41
23 40
23 39
23 38
23 42
23 37
0
No
0
Yes
15 20
14 20
14 21
15 21
16 21
16 20
15 22
14 22
16 22
17 20
17 21
17 22
13 21
13 20
13 22
17 19
12 20
12 21
12 22
14 23
15 23
16 23
13 23
17 23
12 23
18 19
18 20
18 18
17 18
15 24
14 24
16 24
13 24
12 24
19 20
19 19
19 18
19 21
14 25
15 25
13 25
12 25
20 19
20 20
20 21
20 18
21 20
21 19
21 21
21 18
13 26
14 26
12 26
21 22
21 17
22 19
22 20
22 21
22 18
22 17
23 20
0
Yes
4 11
3 11
3 10
4 10
3 12
4 12
4 9
3 9
4 13
3 13
2 10
2 11
2 12
2 9
2 13
1 11
1 10
1 12
1 9
1 13
3 8
2 8
4 8
1 8
3 14
2 14
4 14
1 14
5 8
4 7
3 7
2 7
5 7
1 7
4 15
3 15
2 15
1 15
0 10
0 11
0 12
0 9
0 13
0 8
0 14
0 7
0 15
6 7
6 8
7 8
7 7
3 6
4 6
5 6
2 6
6 6
1 6
7 6
0 6
3 16
2 16
1 16
4 16
0 16
8 7
8 8
8 6
9 8
9 7
9 6
4 17
3 17
2 17
1 17
0 17
6 5
7 5
8 5
9 5
3 18
2 18
1 18
4 18
0 18
10 7
10 6
10 8
10 9
0
Yes
17 43
18 43
18 44
19 44
19 43
0
No
0
Yes
4 49
3 49
3 48
4 48
5 48
5 49
4 47
3 47
5 47
6 49
6 48
6 47
2 48
2 49
2 47
1 49
1 48
1 47
3 46
4 46
5 46
2 46
6 46
1 46
7 48
7 47
7 49
7 46
4 45
3 45
5 45
2 45
6 45
1 45
7 45
8 49
8 48
8 47
8 46
8 45
0 48
0 47
0 46
0 49
0 45
3 44
4 44
5 44
2 44
6 44
1 44
7 44
0 44
8 44
9 48
9 47
9 46
9 45
9 49
9 44
4 43
3 43
5 43
2 43
6 43
1 43
7 43
8 43
0 43
9 43
10 49
10 48
10 47
10 46
10 45
10 44
10 43
3 42
4 42
5 42
2 42
6 42
1 42
7 42
8 42
9 42
0 42
0
Yes
32 21
31 21
31 20
32 20
31 22
32 22
33 20
33 22
32 19
31 19
33 19
32 23
31 23
33 23
30 20
30 21
30 22
30 19
30 23
34 23
29 21
29 20
29 22
29 19
29 23
31 18
32 18
30 18
29 18
31 24
32 24
33 24
30 24
34 24
29 24
32 17
31 17
30 17
29 17
32 25
31 25
33 25
30 25
34 25
29 25
28 20
28 21
28 19
28 18
28 17
35 24
35 25
28 23
28 24
28 25
27 21
31 16
30 16
29 16
32 16
28 16
31 26
32 26
33 26
30 26
34 26
29 26
35 26
28 26
27 19
27 18
27 17
27 16
36 25
27 24
27 25
27 23
27 26
32 15
31 15
30 15
29 15
28 15
0
No
0
Yes
17 7
17 8
17 9
17 10
17 11
17 12
17 13
17 14
17 15
18 7
18 8
18 9
18 10
18 11
18 12
18 13
18 14
18 15
19 7
19 8
19 9
19 10
19 11
19 12
19 13
19 14
19 15
20 7
20 8
20 9
20 10
20 11
20 12
20 13
20 14
20 15
21 7
21 8
21 9
21 10
21 11
21 12
21 13
21 14
21 15
0
Yes
46 28
45 28
45 27
46 27
47 27
0
No
0
No
0
Yes
10 21
9 21
9 20
10 20
9 22
10 22
11 20
11 21
11 22
10 23
9 23
11 23
8 20
8 21
8 22
8 23
8 19
9 19
7 21
7 20
7 22
7 19
7 23
9 18
8 18
7 18
9 24
10 24
8 24
11 24
7 24
10 25
9 25
8 25
11 25
7 25
6 24
6 25
9 26
10 26
8 26
7 26
11 26
6 26
0
No
0
Yes
41 30
40 30
40 29
41 29
41 28
40 28
39 29
39 30
39 28
39 31
38 30
38 29
38 31
38 28
40 27
39 27
41 27
38 27
38 32
39 32
39 33
38 33
41 26
40 26
39 26
38 26
37 29
37 30
37 31
37 28
37 32
37 27
37 33
37 26
36 30
36 29
36 31
36 28
36 32
36 27
36 33
36 26
38 34
37 34
39 34
36 34
40 25
39 25
38 25
37 25
41 25
39 35
38 35
37 35
36 35
41 24
40 24
39 24
38 24
37 24
35 31
35 32
35 33
35 34
35 35
35 28
35 27
38 36
37 36
36 36
39 36
35 36
34 32
34 33
34 34
34 35
34 36
39 37
38 37
37 37
36 37
35 37
34 37
33 33
33 34
33 35
33 36
33 37
38 38
37 38
36 38
35 38
34 38
39 38
33 38
39 39
38 39
37 39
36 39
35 39
34 39
33 39
32 34
32 35
32 36
32 37
32 33
0
No
0
No
0
Yes
30 13
30 14
31 13
31 14
32 13
32 14
0
No
0
No
0
Yes
40 2
39 2
39 3
40 3
41 3
41 2
41 1
40 1
0
Yes
18 17
17 17
17 16
18 16
19 16
19 17
20 17
20 16
0
Yes
49 46
48 46
48 45
49 45
48 47
49 47
49 44
48 44
49 48
48 48
47 45
47 46
47 47
47 44
47 48
46 46
46 45
46 47
46 44
46 48
48 43
47 43
49 43
46 43
48 49
47 49
49 49
46 49
49 42
48 42
47 42
46 42
45 45
45 46
45 47
45 44
45 48
45 43
45 49
45 42
44 46
44 45
44 47
44 44
44 48
44 43
44 49
44 42
48 41
47 41
46 41
45 41
49 41
44 41
49 40
48 40
47 40
46 40
45 40
44 40
43 45
43 46
43 47
43 44
43 48
43 43
43 42
43 41
0
Yes
6 0
6 1
6 2
6 3
7 0
7 1
7 2
7 3
8 0
8 1
8 2
8 3
9 0
9 1
9 2
9 3
0
No
0
Yes
6 24
6 25
7 25
7 24
7 23
8 24
8 23
8 25
7 26
6 26
8 26
8 22
7 22
6 27
7 27
8 27
7 21
8 21
9 23
9 24
9 25
9 22
9 26
9 21
9 27
10 24
10 23
10 25
10 22
10 26
10 21
10 27
7 28
8 28
9 28
6 28
10 28
5 28
8 20
9 20
7 20
10 20
6 29
7 29
8 29
9 29
5 29
10 29
7 19
8 19
9 19
11 23
11 24
11 25
11 22
11 26
11 21
11 27
11 28
11 20
11 29
4 29
4 28
3 28
3 29
5 30
6 30
7 30
4 30
8 30
9 30
10 30
3 30
11 30
8 18
7 18
9 18
12 27
12 28
12 29
12 30
6 31
5 31
4 31
3 31
0
Yes
38 40
37 40
37 41
38 41
39 41
39 40
38 42
37 42
39 42
40 40
40 41
40 42
37 43
38 43
39 43
40 43
41 41
41 42
41 40
41 43
38 44
39 44
40 44
37 44
41 44
42 40
42 41
42 42
42 43
42 44
39 45
38 45
40 45
41 45
42 45
40 46
39 46
0
Yes
10 6
9 6
9 5
9 7
10 7
11 7
11 6
10 8
9 8
11 8
12 6
12 7
12 8
8 5
8 6
8 7
8 8
8 4
9 4
7 6
7 5
7 7
7 4
7 8
11 9
10 9
12 9
13 7
13 8
13 6
13 9
10 10
11 10
12 10
13 10
14 6
14 7
14 8
14 9
14 10
6 5
6 6
6 7
6 4
6 8
5 6
5 7
5 8
11 11
12 11
13 11
10 11
14 11
9 11
15 7
15 8
15 9
15 10
15 6
15 11
16 6
16 7
16 8
16 9
16 10
16 11
4 7
4 6
4 8
9 12
4 9
3 6
3 7
3 8
3 9
14 12
15 12
16 12
2 7
2 8
2 6
2 9
3 10
4 10
2 10
4 11
3 11
2 11
1 6
1 7
1 8
1 9
1 10
1 11
3 12
2 12
4 12
1 12
4 13
3 13
2 13
1 13
0 7
0 8
0 9
0 10
0 11
0 12
0 6
0 13
3 14
2 14
1 14
4 14
0 14
4 15
3 15
2 15
1 15
0
Yes
13 27
13 28
13 29
13 30
13 31
13 32
14 27
14 28
14 29
14 30
14 31
14 32
15 27
15 28
15 29
15 30
15 31
15 32
16 27
16 28
16 29
16 30
16 31
16 32
17 27
17 28
17 29
17 30
17 31
17 32
18 27
18 28
18 29
18 30
18 31
18 32
19 27
19 28
19 29
19 30
19 31
19 32
20 27
20 28
20 29
20 30
20 31
20 32
0
No
0
Yes
32 27
31 27
31 28
32 28
32 29
31 29
30 28
30 27
30 29
29 27
29 28
29 29
31 30
30 30
32 30
29 30
32 31
31 31
30 31
29 31
28 28
28 29
28 30
28 27
28 31
27 27
27 28
27 29
27 30
27 31
31 32
30 32
29 32
28 32
32 32
27 32
26 28
26 29
26 30
0
No
0
No
0
Yes
3 41
2 41
2 40
3 40
4 40
4 41
3 39
2 39
4 39
5 41
5 40
5 39
1 40
1 41
1 39
0 41
0 40
0 39
2 38
3 38
4 38
1 38
5 38
0 38
0
Yes
29 22
29 21
28 21
30 21
30 22
30 23
29 23
28 23
29 24
28 24
30 24
31 22
31 23
31 21
31 24
28 20
29 20
30 20
31 20
27 24
27 23
29 19
30 19
28 19
31 19
26 23
28 25
29 25
30 25
27 25
31 25
32 21
32 22
32 23
32 20
32 24
32 19
32 25
27 19
29 26
28 26
30 26
31 26
27 26
32 26
33 22
33 23
33 24
33 25
33 26
28 18
29 18
30 18
31 18
27 18
32 18
26 25
33 20
33 19
26 18
29 17
28 17
30 17
27 17
31 17
26 17
32 17
28 27
29 27
30 27
31 27
32 27
27 27
34 23
34 24
34 25
34 26
26 27
29 28
28 28
30 28
27 28
31 28
26 28
32 28
28 16
29 16
30 16
27 16
31 16
32 16
35 24
35 25
35 26
0
No
0
No
0
No
0
Yes
10 1
10 0
11 0
11 1
11 2
10 2
10 3
11 3
12 1
12 2
12 0
12 3
11 4
10 4
12 4
13 0
13 1
13 2
13 3
13 4
10 5
11 5
12 5
13 5
0
No
0
Yes
29 37
29 36
28 36
30 36
30 37
31 37
31 36
28 35
29 35
30 35
31 35
27 35
27 36
29 34
28 34
30 34
27 34
31 34
26 36
26 35
26 34
28 33
29 33
30 33
27 33
31 33
26 33
29 32
28 32
30 32
27 32
31 32
26 32
25 33
25 32
32 32
28 31
29 31
30 31
27 31
31 31
26 31
32 31
25 31
29 30
28 30
30 30
27 30
31 30
26 30
32 30
25 30
24 31
24 30
28 29
29 29
30 29
27 29
31 29
26 29
25 29
32 29
24 29
23 30
23 29
0
Yes
25 16
24 16
24 15
24 17
25 17
25 18
24 18
23 15
23 16
23 17
23 18
23 14
24 14
22 16
22 15
22 17
22 14
22 18
24 13
23 13
22 13
24 19
23 19
25 19
22 19
21 17
21 16
21 18
21 19
23 12
23 20
22 20
21 20
20 18
20 19
20 20
22 21
21 21
20 21
19 19
19 20
19 18
19 21
21 22
18 18
18 19
18 20
17 19
17 18
17 20
17 21
16 20
16 21
16 22
17 22
17 23
16 23
15 21
15 22
15 20
15 23
14 20
14 21
14 22
14 23
16 24
15 24
14 24
13 21
13 22
13 23
13 20
13 24
15 25
14 25
13 25
12 20
12 21
12 22
12 23
12 24
12 25
0
No
0
Yes
0 16
0 15
0 17
1 17
1 16
2 16
2 17
1 18
0 18
2 18
0
No
0
No
0
No
0
Yes
49 45
48 45
48 44
49 44
48 46
49 46
49 43
48 43
49 47
48 47
47 44
47 45
47 46
47 43
47 47
46 45
46 44
46 46
46 43
46 47
48 42
47 42
49 42
46 42
48 48
47 48
49 48
46 48
49 41
48 41
47 41
46 41
49 49
48 49
47 49
46 49
45 44
45 45
45 46
45 43
45 47
45 42
45 48
45 41
45 49
44 45
44 44
44 46
44 43
44 47
44 42
44 48
44 41
44 49
48 40
47 40
46 40
45 40
49 40
44 40
49 39
48 39
43 44
43 45
43 46
43 43
43 47
43 42
43 48
43 41
43 49
43 40
0
Yes
41 20
40 20
40 21
41 21
42 21
42 20
42 19
41 22
40 22
42 22
43 20
43 21
43 19
43 22
39 22
43 18
42 18
40 23
41 23
42 23
39 23
43 23
42 17
43 17
41 17
44 19
44 20
44 21
44 18
44 22
44 17
44 23
41 16
42 16
43 16
44 16
45 20
45 19
45 21
45 18
45 22
45 17
45 23
45 16
42 24
43 24
44 24
42 15
43 15
44 15
41 15
45 15
46 19
46 20
46 21
46 18
46 22
46 17
43 25
42 25
44 25
41 14
42 14
43 14
44 14
0
No
0
No
0
Yes
11 45
11 44
12 44
12 45
12 46
11 46
11 47
12 47
12 43
11 43
13 46
13 47
13 43
13 44
11 42
12 42
13 42
10 42
12 48
11 48
13 48
14 47
14 48
11 49
12 49
13 49
14 49
10 41
11 41
14 42
9 41
13 41
14 41
11 40
10 40
9 40
15 48
15 47
15 49
0
No
0
No
0
No
0
Yes
46 39
45 39
45 38
46 38
47 38
47 39
46 37
45 37
47 37
44 38
44 39
44 37
48 37
48 38
43 39
43 38
43 37
45 36
46 36
47 36
44 36
48 36
43 36
49 38
49 37
49 36
46 35
45 35
47 35
44 35
48 35
43 35
49 35
42 38
42 37
42 36
42 39
42 35
41 39
41 38
41 37
41 36
41 35
45 34
46 34
47 34
44 34
48 34
43 34
42 34
49 34
41 34
46 33
45 33
47 33
44 33
48 33
43 33
42 33
49 33
41 33
40 38
40 37
40 36
40 35
40 34
40 39
40 33
45 32
46 32
47 32
44 32
48 32
43 32
42 32
41 32
0
No
0
No
0
Yes
39 44
38 44
38 43
39 43
38 45
39 45
40 43
40 44
40 45
39 42
38 42
40 42
39 46
40 46
41 44
41 43
41 45
41 42
41 46
37 43
37 44
37 42
38 41
39 41
40 41
37 41
41 41
40 47
39 47
41 47
38 47
42 43
42 44
42 45
42 42
42 46
42 41
42 47
39 40
38 40
40 40
41 40
37 40
42 40
39 48
40 48
41 48
42 48
36 40
0
No
0
No
0
No
0
Yes
18 43
17 43
18 44
19 44
19 43
0
No
0
No
0
Yes
15 1
14 1
14 0
15 0
14 2
0
No
0
Yes
18 33
17 33
17 34
18 34
18 35
17 35
16 34
16 33
16 35
0
No
0
Yes
42 27
42 26
43 26
43 27
43 28
42 28
42 29
43 29
44 27
44 28
44 26
44 29
43 30
42 30
44 30
45 28
45 27
45 29
45 30
42 31
43 31
0
Yes
4 17
3 17
3 16
4 16
3 18
4 18
0
Yes
37 40
36 40
37 41
38 41
38 40
39 40
39 41
38 42
37 42
39 42
37 43
38 43
39 43
40 41
40 42
40 40
40 43
41 40
41 41
41 42
41 43
38 44
39 44
40 44
37 44
41 44
42 41
42 42
42 43
42 40
42 44
0
Yes
36 25
36 26
37 26
37 25
37 24
38 25
38 24
38 26
37 27
36 27
38 27
35 27
36 28
37 28
35 28
38 28
39 24
39 25
39 26
39 27
39 28
40 25
40 26
40 27
40 24
40 28
37 29
36 29
38 29
39 29
40 29
36 30
37 30
38 30
39 30
40 30
41 24
41 25
41 26
41 27
41 28
41 29
41 30
37 31
38 31
39 31
40 31
36 31
41 31
35 31
36 32
37 32
38 32
39 32
40 32
0
No
0
Yes
1 0
0 0
0 1
1 1
2 1
2 0
1 2
0 2
2 2
3 0
3 1
3 2
0 3
1 3
2 3
3 3
4 1
4 2
4 0
4 3
1 4
2 4
3 4
0 4
4 4
5 0
5 1
5 2
5 3
5 4
0
Yes
6 41
6 40
7 40
7 41
8 41
8 40
0
Yes
31 33
31 34
31 35
31 36
31 37
32 33
32 34
32 35
32 36
32 37
33 33
33 34
33 35
33 36
33 37
34 33
34 34
34 35
34 36
34 37
35 33
35 34
35 35
35 36
35 37
36 33
36 34
36 35
36 36
36 37
37 33
37 34
37 35
37 36
37 37
38 33
38 34
38 35
38 36
38 37
39 33
39 34
39 35
39 36
39 37
0
No
0
Yes
25 29
25 30
25 31
25 32
25 33
26 29
26 30
26 31
26 32
26 33
27 29
27 30
27 31
27 32
27 33
28 29
28 30
28 31
28 32
28 33
29 29
29 30
29 31
29 32
29 33
30 29
30 30
30 31
30 32
30 33
0
No
0
No
0
Yes
42 49
41 49
41 48
42 48
43 48
43 49
42 47
41 47
43 47
44 49
44 48
44 47
40 48
40 49
40 47
39 49
39 48
39 47
41 46
42 46
43 46
40 46
44 46
39 46
45 48
45 47
45 49
45 46
42 45
41 45
43 45
40 45
44 45
0
No
0
No
0
No
0
No
0
No
0
Yes
42 49
41 49
41 48
42 48
43 48
43 49
42 47
41 47
43 47
44 49
44 48
44 47
40 48
40 49
40 47
39 49
39 48
39 47
41 46
42 46
43 46
40 46
44 46
39 46
45 48
45 47
45 49
45 46
42 45
41 45
43 45
40 45
44 45
39 45
45 45
46 49
46 48
46 47
46 46
0
No
0
Yes
49 44
48 44
48 43
49 43
48 45
49 45
49 42
48 42
49 46
48 46
47 43
47 44
47 45
47 42
47 46
46 44
46 43
46 45
46 42
48 41
47 41
49 41
46 41
48 47
49 47
47 47
49 40
48 40
47 40
46 40
49 48
48 48
47 48
45 43
45 44
45 42
45 41
45 40
44 44
44 43
44 42
44 41
44 40
48 39
49 39
48 49
49 49
47 49
43 43
43 42
43 41
43 44
0
No
0
No
0
No
0
No
0
Yes
41 14
41 15
42 15
42 14
43 14
43 15
42 16
41 16
43 16
41 17
42 17
43 17
44 15
44 16
44 14
44 17
45 14
45 15
45 16
45 17
0
No
0
Yes
7 20
7 21
7 22
7 23
7 24
8 20
8 21
8 22
8 23
8 24
9 20
9 21
9 22
9 23
9 24
10 20
10 21
10 22
10 23
10 24
11 20
11 21
11 22
11 23
11 24
0
No
0
Yes
49 30
48 30
48 29
49 29
48 31
49 31
49 28
48 28
49 32
48 32
47 29
47 30
47 31
47 28
47 32
46 30
46 29
46 31
46 28
46 32
48 27
47 27
46 27
48 33
47 33
49 33
46 33
49 34
48 34
47 34
46 34
45 29
45 30
45 31
45 28
45 32
45 33
45 27
45 34
44 30
44 29
44 31
44 28
44 32
44 33
44 27
44 34
0
No
0
Yes
37 38
37 39
37 40
37 41
37 42
37 43
37 44
38 38
38 39
38 40
38 41
38 42
38 43
38 44
39 38
39 39
39 40
39 41
39 42
39 43
39 44
40 38
40 39
40 40
40 41
40 42
40 43
40 44
41 38
41 39
41 40
41 41
41 42
41 43
41 44
42 38
42 39
42 40
42 41
42 42
42 43
42 44
0
Yes
33 22
32 22
32 21
32 23
33 23
34 23
33 24
32 24
34 24
31 21
31 22
31 23
31 24
31 20
32 20
33 20
35 24
30 22
30 21
30 23
30 20
30 24
33 19
32 19
31 19
30 19
32 25
33 25
34 25
31 25
35 25
30 25
33 26
32 26
34 26
31 26
35 26
30 26
29 21
29 22
29 23
29 20
29 24
29 25
29 19
29 26
32 18
31 18
30 18
29 18
28 23
28 24
28 25
28 26
32 27
31 27
30 27
29 27
28 27
28 20
28 21
28 19
28 18
31 17
30 17
29 17
32 17
28 17
27 21
32 16
31 16
30 16
29 16
28 16
27 24
27 25
27 26
27 23
27 27
31 28
30 28
29 28
28 28
32 28
27 28
27 19
27 18
27 17
27 16
26 23
32 29
31 29
30 29
29 29
28 29
27 29
31 15
30 15
29 15
28 15
32 15
26 25
26 18
26 17
32 14
31 14
30 14
29 14
31 30
30 30
29 30
28 30
32 30
27 30
26 27
26 28
26 29
26 30
32 31
31 31
30 31
29 31
28 31
27 31
26 31
31 13
30 13
32 13
32 12
31 12
30 12
33 12
31 32
30 32
29 32
28 32
27 32
32 32
26 32
25 29
25 30
25 31
25 32
29 12
33 11
0
Yes
32 5
32 6
32 7
32 8
32 9
32 10
33 5
33 6
33 7
33 8
33 9
33 10
34 5
34 6
34 7
34 8
34 9
34 10
0
Yes
13 26
12 26
12 27
13 27
14 27
14 26
13 28
12 28
14 28
11 27
11 26
11 28
11 25
15 28
15 27
10 26
10 27
10 25
10 28
12 29
13 29
14 29
11 29
15 29
10 29
16 27
16 28
16 29
13 30
12 30
14 30
11 30
15 30
10 30
16 30
9 25
9 26
9 27
9 28
9 29
9 30
17 28
17 29
17 27
17 30
8 26
8 27
8 28
8 29
8 25
8 30
12 31
13 31
14 31
15 31
16 31
17 31
18 27
18 28
18 29
18 30
18 31
18 26
13 32
14 32
15 32
16 32
17 32
12 32
18 32
19 26
19 27
19 28
19 29
19 30
19 31
19 32
7 25
7 26
7 27
7 28
7 29
7 30
19 25
6 26
6 27
6 28
6 29
6 25
6 30
12 33
13 33
14 33
15 33
16 33
17 33
18 33
20 27
20 26
20 28
20 29
20 30
20 31
20 32
6 24
13 34
14 34
15 34
16 34
17 34
12 34
18 34
5 28
5 29
5 30
21 28
21 27
21 29
21 30
21 31
21 32
6 31
5 31
12 35
13 35
14 35
15 35
16 35
17 35
18 35
0
Yes
3 28
3 29
3 30
3 31
4 28
4 29
4 30
4 31
0
No
0
Yes
17 10
17 11
17 12
17 13
17 14
17 15
18 10
18 11
18 12
18 13
18 14
18 15
19 10
19 11
19 12
19 13
19 14
19 15
20 10
20 11
20 12
20 13
20 14
20 15
21 10
21 11
21 12
21 13
21 14
21 15
0
Yes
28 0
27 0
27 1
28 1
29 1
29 0
28 2
27 2
29 2
26 1
26 0
26 2
25 0
25 1
25 2
27 3
28 3
26 3
29 3
25 3
28 4
27 4
26 4
29 4
25 4
24 1
24 2
24 3
24 0
24 4
30 4
23 0
23 1
23 2
23 3
23 4
27 5
28 5
29 5
26 5
25 5
24 5
30 5
23 5
31 5
31 4
0
Yes
15 2
15 3
14 3
16 3
16 2
16 1
17 2
17 1
17 3
14 4
15 4
16 4
17 4
17 0
16 0
15 5
16 5
14 5
17 5
18 1
18 2
18 3
18 4
18 0
18 5
19 2
19 1
19 3
19 4
19 0
19 5
17 6
18 6
19 6
20 1
20 2
20 3
20 4
20 5
20 0
20 6
18 7
19 7
17 7
20 7
21 2
21 1
21 3
21 4
21 5
21 6
21 0
21 7
17 8
18 8
19 8
20 8
21 8
22 1
22 2
22 3
22 4
22 5
22 6
22 7
22 0
18 9
19 9
20 9
17 9
21 9
23 6
23 7
23 8
24 7
24 6
0
Yes
28 35
27 35
27 34
28 34
27 36
28 36
29 34
29 35
29 36
28 33
27 33
29 33
30 35
30 34
30 36
30 33
26 34
26 35
26 36
0
No
0
Yes
10 47
9 47
9 46
10 46
9 48
10 48
10 45
9 45
10 49
9 49
8 46
8 47
8 48
8 45
8 49
7 47
7 46
7 48
7 45
7 49
9 44
8 44
10 44
7 44
10 43
9 43
8 43
0
Yes
13 30
12 30
12 29
13 29
12 31
13 31
14 29
14 30
14 31
13 28
12 28
14 28
13 32
12 32
14 32
15 30
15 29
15 31
15 28
15 32
11 29
11 30
11 31
11 28
11 32
10 30
10 29
10 31
10 28
10 32
12 27
13 27
14 27
11 27
15 27
10 27
12 33
13 33
14 33
11 33
15 33
10 33
16 29
16 30
16 31
16 28
16 32
16 27
16 33
13 26
12 26
14 26
11 26
10 26
13 34
12 34
14 34
11 34
15 34
10 34
16 34
17 30
17 29
17 31
17 28
17 32
17 33
17 27
17 34
9 29
9 30
9 31
9 28
9 32
9 27
9 33
9 26
9 34
8 30
8 29
8 31
8 28
8 32
8 27
8 33
8 26
8 34
12 35
13 35
14 35
11 35
15 35
10 35
16 35
9 35
17 35
8 35
18 29
18 30
18 31
18 28
18 32
18 33
18 34
18 27
0
Yes
43 28
42 28
42 27
43 27
42 29
43 29
43 26
42 26
43 30
42 30
41 27
41 28
41 29
41 26
41 30
44 26
40 28
40 27
40 29
40 26
40 30
42 25
43 25
41 25
44 25
40 25
42 31
41 31
43 31
40 31
43 24
42 24
41 24
44 24
40 24
43 32
42 32
41 32
40 32
39 27
39 28
39 29
39 26
39 30
39 25
39 31
39 24
39 32
38 28
38 27
38 29
38 26
38 30
38 25
38 31
38 24
38 32
42 23
43 23
41 23
40 23
39 23
44 23
42 33
41 33
40 33
43 33
45 23
43 22
42 22
44 22
41 22
40 22
45 22
39 22
43 34
42 34
41 34
40 34
37 27
37 28
37 29
37 26
37 30
37 25
37 31
37 24
37 32
0
No
0
Yes
0 34
0 35
0 36
0 37
1 34
1 35
1 36
1 37
0
Yes
5 27
5 28
5 29
5 30
5 31
6 27
6 28
6 29
6 30
6 31
7 27
7 28
7 29
7 30
7 31
0
No
0
Yes
5 42
4 42
4 43
5 43
6 43
6 42
5 44
4 44
6 44
7 42
7 43
3 43
3 42
3 44
2 42
2 43
2 44
4 45
5 45
3 45
6 45
2 45
5 46
4 46
3 46
6 46
2 46
1 43
1 44
1 45
1 42
1 46
0 42
0 43
0 44
0 45
0 46
4 47
5 47
3 47
2 47
1 47
6 47
0 47
5 48
4 48
3 48
2 48
1 48
6 48
0 48
4 49
5 49
3 49
2 49
1 49
6 49
0 49
0
No
0
No
0
Yes
31 8
30 8
30 7
31 7
30 9
31 9
31 6
30 6
31 10
30 10
29 7
29 8
29 9
29 6
29 10
30 11
31 11
0
Yes
37 41
37 40
36 40
38 40
38 41
38 42
37 42
37 43
38 43
39 41
39 42
39 40
39 43
36 39
37 39
38 39
39 39
35 39
35 40
37 38
36 38
38 38
35 38
39 38
34 40
34 39
34 38
38 44
37 44
39 44
40 40
40 41
40 42
40 39
40 43
40 38
40 44
41 41
41 40
41 42
41 39
41 43
41 38
41 44
36 37
37 37
38 37
35 37
39 37
40 37
34 37
41 37
33 39
33 38
33 37
37 36
36 36
38 36
35 36
39 36
34 36
40 36
33 36
41 36
42 40
42 41
42 42
42 39
42 43
42 38
42 37
42 44
42 36
36 35
37 35
38 35
35 35
39 35
34 35
40 35
41 35
33 35
42 35
43 39
43 40
43 38
43 37
43 36
43 35
32 37
32 36
32 35
37 34
36 34
38 34
35 34
39 34
34 34
33 34
32 34
44 38
44 39
44 37
44 36
44 35
31 36
31 35
31 37
31 34
30 37
36 33
37 33
38 33
35 33
34 33
33 33
32 33
39 33
31 33
0
Yes
7 26
6 26
6 25
7 25
8 25
7 24
6 24
8 24
5 25
5 26
5 24
9 24
9 25
4 26
4 25
4 24
4 27
6 23
7 23
8 23
5 23
9 23
4 23
10 25
10 24
10 23
7 22
6 22
8 22
5 22
9 22
4 22
10 22
3 25
3 26
3 24
3 23
3 27
3 22
11 24
11 23
11 25
11 22
2 26
2 25
2 24
2 23
2 27
2 22
6 21
7 21
8 21
5 21
9 21
4 21
10 21
3 21
11 21
2 21
7 20
6 20
8 20
5 20
9 20
4 20
10 20
3 20
11 20
2 20
1 25
1 26
1 24
1 23
1 22
1 21
1 27
1 20
0 26
0 25
0 24
0 23
0 22
0 21
0 27
0 20
6 19
7 19
8 19
5 19
9 19
4 19
3 19
2 19
0
Yes
11 41
10 41
10 40
11 40
10 42
11 42
12 42
11 39
10 39
11 43
12 43
9 40
9 41
9 42
9 39
12 39
13 43
13 42
13 41
8 41
8 40
8 42
8 39
14 41
14 42
10 38
11 38
9 38
12 38
8 38
12 44
11 44
13 44
11 37
10 37
9 37
8 37
11 45
12 45
7 40
7 41
7 39
7 38
7 37
15 42
6 41
6 40
6 39
6 38
10 36
9 36
8 36
11 36
7 36
12 36
12 46
11 46
13 46
11 47
12 47
13 47
14 47
12 48
13 48
11 48
14 48
7 35
11 49
12 49
13 49
14 49
15 48
15 47
15 49
15 46
16 47
16 49
13 36
14 36
15 36
7 34
0
No
0
Yes
45 35
45 36
45 37
45 38
46 35
46 36
46 37
46 38
47 35
47 36
47 37
47 38
48 35
48 36
48 37
48 38
49 35
49 36
49 37
49 38
0
No
0
No
0
No
0
No
0
No
0
No
0
No
0
No
0
No
0
Yes
5 21
5 22
5 23
5 24
5 25
6 21
6 22
6 23
6 24
6 25
7 21
7 22
7 23
7 24
7 25
8 21
8 22
8 23
8 24
8 25
9 21
9 22
9 23
9 24
9 25
10 21
10 22
10 23
10 24
10 25
11 21
11 22
11 23
11 24
11 25
0
Yes
0 23
0 22
1 22
1 23
1 24
0 24
0 25
1 25
2 23
2 24
2 22
2 25
1 21
0 21
2 21
0 20
1 20
2 20
1 26
0 26
2 26
3 22
3 23
3 24
3 21
3 25
3 20
3 26
0 27
1 27
2 27
3 27
4 23
4 22
4 24
4 21
4 25
4 26
4 20
4 27
1 19
2 19
3 19
0 19
0
No
0
No
0
Yes
20 10
19 10
19 11
20 11
21 11
21 10
20 12
19 12
21 12
22 10
18 11
18 10
18 12
17 10
17 11
17 12
19 13
20 13
18 13
21 13
17 13
0
Yes
22 1
21 1
21 0
22 0
21 2
22 2
22 3
21 3
20 0
20 1
20 2
20 3
19 1
19 2
19 0
19 3
21 4
20 4
22 4
19 4
22 5
21 5
20 5
19 5
18 0
18 1
18 2
18 3
18 4
18 5
17 1
17 2
17 3
17 4
17 0
17 5
21 6
20 6
19 6
18 6
22 6
17 6
23 6
22 7
21 7
20 7
19 7
18 7
23 7
17 7
16 0
16 1
16 2
16 3
16 4
16 5
24 7
24 6
25 6
25 7
15 2
15 3
15 4
15 5
21 8
20 8
19 8
18 8
17 8
23 8
24 8
25 8
26 7
26 6
26 8
27 6
27 7
27 8
14 3
14 4
14 5
20 9
19 9
18 9
21 9
17 9
24 9
25 9
26 9
27 9
28 7
28 6
29 6
29 7
26 10
29 8
30 7
30 6
30 8
31 6
31 7
31 8
30 9
29 9
31 9
29 10
30 10
31 10
30 11
29 11
31 11
0
Yes
16 18
15 18
15 17
16 17
15 19
16 19
16 16
15 16
14 17
14 18
14 19
14 16
13 18
13 17
13 19
13 16
15 15
14 15
16 15
13 15
17 15
16 14
15 14
14 14
17 14
13 14
12 17
12 18
12 16
12 15
12 19
12 14
18 14
18 15
19 15
19 14
11 18
11 17
11 16
11 15
11 19
11 14
15 13
16 13
14 13
13 13
12 13
11 13
11 20
20 14
20 15
21 15
21 14
10 17
10 18
10 19
10 16
10 15
10 14
10 20
10 13
13 12
12 12
11 12
10 12
9 18
9 17
9 19
9 16
9 15
9 14
9 13
9 20
8 19
8 18
8 20
7 18
7 19
7 20
6 19
6 20
0
Yes
3 17
3 16
4 16
4 17
4 18
3 18
0
No
0
Yes
42 21
41 21
41 20
42 20
43 20
43 21
42 19
43 19
44 21
44 20
44 19
40 20
40 21
43 18
42 18
44 18
45 20
45 19
45 21
45 18
42 17
43 17
44 17
45 17
46 21
46 20
46 19
46 18
46 17
41 17
46 22
41 16
42 16
43 16
44 16
45 16
47 20
47 21
47 22
47 23
42 15
43 15
44 15
41 15
45 15
48 21
48 22
48 20
48 23
48 19
47 17
48 24
47 24
47 25
48 25
41 14
42 14
43 14
44 14
45 14
49 22
49 21
49 23
0
No
0
Yes
7 0
6 0
6 1
7 1
8 1
8 0
7 2
6 2
8 2
9 0
9 1
9 2
6 3
7 3
0
Yes
9 15
9 16
9 17
9 18
9 19
10 15
10 16
10 17
10 18
10 19
11 15
11 16
11 17
11 18
11 19
12 15
12 16
12 17
12 18
12 19
13 15
13 16
13 17
13 18
13 19
14 15
14 16
14 17
14 18
14 19
15 15
15 16
15 17
15 18
15 19
16 15
16 16
16 17
16 18
16 19
0
Yes
18 43
17 43
18 44
19 44
19 43
0
Yes
2 18
1 18
1 17
2 17
2 16
1 16
0 17
0 18
0
Yes
20 29
19 29
19 28
20 28
19 30
20 30
21 28
21 29
21 30
20 27
19 27
21 27
20 31
19 31
21 31
22 29
22 28
22 30
22 31
19 26
20 26
19 32
20 32
21 32
23 28
23 29
23 30
0
No
0
Yes
0 10
0 11
0 12
0 13
0 14
0 15
1 10
1 11
1 12
1 13
1 14
1 15
2 10
2 11
2 12
2 13
2 14
2 15
3 10
3 11
3 12
3 13
3 14
3 15
4 10
4 11
4 12
4 13
4 14
4 15
0
Yes
29 11
28 11
28 12
29 10
30 10
30 11
31 11
31 10
30 9
29 9
31 9
29 8
30 8
31 8
32 10
32 9
32 11
32 8
30 7
31 7
29 7
32 7
28 7
33 9
33 10
33 8
33 7
29 6
30 6
31 6
32 6
28 6
33 6
0
Yes
10 6
10 7
10 8
10 9
10 10
10 11
10 12
10 13
10 14
11 6
11 7
11 8
11 9
11 10
11 11
11 12
11 13
11 14
12 6
12 7
12 8
12 9
12 10
12 11
12 12
12 13
12 14
13 6
13 7
13 8
13 9
13 10
13 11
13 12
13 13
13 14
14 6
14 7
14 8
14 9
14 10
14 11
14 12
14 13
14 14
15 6
15 7
15 8
15 9
15 10
15 11
15 12
15 13
15 14
16 6
16 7
16 8
16 9
16 10
16 11
16 12
16 13
16 14
0
Yes
0 6
0 5
1 5
1 6
1 7
0 7
0 8
1 8
2 6
2 7
2 5
2 8
1 9
0 9
0
Yes
32 4
32 5
33 4
33 5
0
Yes
19 0
18 0
18 1
19 1
20 1
20 0
19 2
18 2
20 2
21 0
21 1
21 2
17 1
17 0
17 2
16 0
16 1
16 2
18 3
19 3
20 3
17 3
21 3
16 3
22 1
22 2
22 0
22 3
19 4
18 4
20 4
17 4
21 4
16 4
22 4
15 2
15 3
15 4
0
Yes
17 7
17 6
18 6
18 7
18 8
17 8
17 9
18 9
19 7
19 8
19 6
19 9
18 5
17 5
19 5
0
No
0
No
0
Yes
1 5
0 5
0 6
1 6
2 6
2 5
1 7
0 7
2 7
3 5
3 6
3 7
0 8
1 8
2 8
3 8
4 6
4 7
4 5
4 8
1 9
2 9
3 9
0 9
4 9
5 5
5 6
0
Yes
17 14
17 15
18 15
18 14
19 14
19 15
20 15
20 14
21 14
21 15
0
No
0
Yes
34 8
34 9
34 10
34 11
34 12
34 13
34 14
35 8
35 9
35 10
35 11
35 12
35 13
35 14
36 8
36 9
36 10
36 11
36 12
36 13
36 14
37 8
37 9
37 10
37 11
37 12
37 13
37 14
38 8
38 9
38 10
38 11
38 12
38 13
38 14
39 8
39 9
39 10
39 11
39 12
39 13
39 14
40 8
40 9
40 10
40 11
40 12
40 13
40 14
0
No
0
Yes
0 0
0 1
0 2
0 3
0 4
1 0
1 1
1 2
1 3
1 4
2 0
2 1
2 2
2 3
2 4
3 0
3 1
3 2
3 3
3 4
4 0
4 1
4 2
4 3
4 4
5 0
5 1
5 2
5 3
5 4
0
No
0
Yes
38 5
38 6
39 6
39 5
40 5
40 6
39 7
38 7
40 7
37 7
40 4
38 8
39 8
37 8
40 8
41 4
41 5
41 6
41 7
41 8
36 8
36 7
36 6
35 6
35 7
35 8
35 5
34 5
34 6
34 7
34 8
42 5
42 6
42 7
42 4
42 8
34 4
35 4
36 4
37 9
38 9
39 9
36 9
40 9
35 9
41 9
34 9
42 9
42 3
38 10
37 10
39 10
36 10
40 10
35 10
41 10
34 10
42 10
43 4
43 5
43 6
43 7
43 8
43 9
43 3
43 10
44 5
44 4
44 6
44 7
44 8
44 9
44 3
44 10
37 11
38 11
39 11
36 11
40 11
35 11
41 11
42 11
43 11
34 11
44 11
44 2
38 12
37 12
39 12
36 12
40 12
35 12
41 12
42 12
43 12
34 12
44 12
45 4
45 5
45 6
45 7
45 8
45 9
45 10
45 11
45 12
46 5
46 6
46 7
46 8
46 9
46 10
46 11
46 4
37 13
38 13
39 13
36 13
40 13
35 13
41 13
42 13
43 13
44 13
34 13
45 13
38 14
37 14
39 14
36 14
40 14
35 14
34 14
47 6
47 5
47 7
47 8
47 9
47 10
33 13
33 14
0
No
0
Yes
9 8
8 8
8 7
9 7
9 6
8 6
7 7
7 8
7 6
6 8
6 7
0
No
0
No
0
Yes
49 34
48 34
48 33
49 33
49 32
48 32
47 33
47 34
47 32
46 34
46 33
46 32
48 31
47 31
49 31
46 31
49 30
48 30
47 30
46 30
45 33
45 32
45 31
45 34
45 30
44 34
44 33
44 32
44 31
44 30
48 29
47 29
46 29
45 29
49 29
44 29
49 28
0
No
0
Yes
26 27
26 28
27 28
27 27
27 26
28 27
28 26
28 28
27 29
26 29
28 29
25 29
28 25
27 25
26 25
26 30
27 30
25 30
28 30
27 24
28 24
29 26
29 27
29 28
29 25
29 29
29 24
29 30
24 30
24 29
24 28
30 27
30 26
30 28
30 25
30 29
30 24
30 30
25 31
26 31
27 31
28 31
29 31
24 31
30 31
28 23
29 23
27 23
30 23
26 23
26 32
25 32
27 32
28 32
29 32
30 32
31 26
31 27
31 28
31 25
31 29
31 24
31 30
31 31
31 23
31 32
29 22
30 22
31 22
32 27
32 26
32 28
32 25
32 29
32 24
32 30
32 23
32 31
32 22
32 32
25 33
26 33
24 33
33 26
33 25
33 24
33 23
33 22
30 21
31 21
32 21
29 21
28 21
24 34
28 20
29 20
30 20
31 20
32 20
34 25
34 24
34 23
34 26
29 19
30 19
31 19
28 19
32 19
27 19
27 18
28 18
29 18
30 18
31 18
32 18
26 18
35 26
35 25
35 24
35 27
33 20
33 19
26 17
27 17
28 17
29 17
30 17
31 17
32 17
36 27
36 26
36 25
25 17
25 18
25 19
24 19
24 18
24 17
23 18
23 19
23 17
23 20
22 20
22 19
22 18
22 17
22 21
0
No
0
No
0
Yes
7 26
6 26
5 26
4 26
4 25
4 27
3 25
3 26
3 27
3 24
4 24
4 23
3 23
3 28
4 28
4 29
3 29
2 26
2 25
2 27
2 24
2 23
3 22
4 22
2 22
3 30
4 30
4 21
3 21
2 21
4 31
3 31
1 25
1 26
1 24
1 23
1 22
1 27
1 21
0 26
0 25
0 24
0 23
0 22
0 27
0 21
3 20
2 20
1 20
4 20
0 20
5 20
3 32
4 32
5 32
0 28
5 19
4 19
3 19
2 19
1 19
0 19
6 19
6 20
7 20
7 19
8 19
8 20
9 20
5 33
4 33
3 33
6 33
6 32
7 32
7 33
2 32
2 33
7 18
8 18
6 34
5 34
4 34
3 34
2 34
4 18
3 18
1 33
1 32
1 31
0 31
0 32
0 33
5 35
4 35
3 35
6 35
2 35
3 17
4 17
6 36
5 36
4 36
3 36
2 36
4 16
3 16
5 37
4 37
3 37
6 37
2 37
3 15
4 15
2 15
4 14
3 14
2 14
1 14
1 15
0 15
0 14
0 16
3 13
2 13
0
Yes
12 14
11 14
11 13
12 13
13 13
13 14
12 12
11 12
13 12
14 14
14 13
14 12
10 13
10 14
10 12
9 14
9 13
9 12
11 11
12 11
13 11
10 11
14 11
9 11
15 13
15 12
15 14
15 11
12 10
11 10
13 10
10 10
14 10
15 10
16 14
16 13
16 12
16 11
16 10
11 9
12 9
13 9
14 9
15 9
10 9
16 9
12 8
11 8
13 8
14 8
15 8
0
No
0
Yes
8 18
7 18
7 19
8 19
8 20
7 20
6 19
6 20
9 20
5 20
5 19
4 19
4 20
4 18
3 18
3 19
3 20
4 21
3 21
3 17
4 17
4 16
3 16
3 15
4 15
4 14
3 14
2 19
2 20
2 21
3 22
4 22
2 22
4 23
3 23
2 23
2 15
2 14
3 13
4 13
2 13
4 12
3 12
2 12
1 20
1 21
1 22
1 19
1 23
3 24
2 24
4 24
1 24
0 19
0 20
0 21
0 22
0 23
0 24
1 14
1 13
1 15
1 12
4 25
3 25
2 25
1 25
0 25
0 15
0 14
0 13
0 12
0 16
3 11
2 11
1 11
4 11
0 11
4 10
3 10
2 10
1 10
0 10
3 26
2 26
1 26
4 26
0 26
5 26
0
No
0
No
0
No
0
No
0
Yes
20 5
20 6
21 6
21 5
22 5
0
Yes
46 13
45 13
45 12
44 12
44 13
44 11
45 11
46 11
43 13
43 12
43 11
46 10
45 10
44 10
43 10
47 10
42 12
42 11
42 13
42 10
45 9
46 9
44 9
43 9
47 9
42 9
48 9
48 10
48 11
49 11
49 10
49 9
49 12
41 13
41 12
41 11
41 10
41 9
46 8
45 8
47 8
44 8
48 8
43 8
42 8
49 8
41 8
40 12
40 11
40 10
40 9
40 13
40 8
40 14
45 7
46 7
47 7
44 7
48 7
43 7
42 7
41 7
49 7
40 7
39 13
39 12
39 11
39 10
39 9
39 8
39 14
39 7
46 6
45 6
47 6
44 6
48 6
43 6
42 6
41 6
40 6
49 6
39 6
39 15
38 12
38 13
38 14
38 11
38 10
38 9
38 8
38 7
38 6
45 5
46 5
47 5
44 5
48 5
43 5
42 5
41 5
40 5
39 5
49 5
38 5
37 13
37 12
37 11
37 10
37 9
37 8
37 7
37 14
46 4
45 4
44 4
43 4
42 4
0
Yes
1 31
0 31
0 32
1 32
2 32
1 33
0 33
2 33
3 33
3 32
3 31
4 31
4 32
4 33
2 34
3 34
4 34
4 30
3 30
3 29
4 29
5 30
5 31
5 32
5 33
5 29
5 34
4 28
3 28
5 28
3 27
4 27
5 27
2 27
3 35
4 35
2 35
5 35
6 31
6 30
6 32
6 29
6 33
6 28
6 34
6 27
6 35
2 36
3 36
4 36
5 36
6 36
7 30
7 31
7 32
7 29
7 33
7 28
7 27
3 37
4 37
5 37
2 37
6 37
6 26
7 26
1 27
0
Yes
33 11
33 12
32 12
34 12
34 11
34 10
35 11
35 10
35 12
32 13
33 13
34 13
35 13
31 13
31 12
35 9
34 9
33 14
32 14
34 14
31 14
35 14
30 12
30 13
30 14
34 8
35 8
36 10
36 11
36 12
36 9
36 13
36 8
36 14
32 15
33 15
34 15
31 15
35 15
30 15
36 15
35 7
34 7
36 7
29 14
29 15
33 16
32 16
34 16
31 16
35 16
30 16
29 16
34 6
35 6
36 6
37 15
0
Yes
21 16
20 16
20 17
21 17
21 18
20 18
19 17
19 16
19 18
18 16
18 17
18 18
20 19
19 19
21 19
18 19
21 20
20 20
19 20
18 20
17 17
17 18
17 19
17 16
17 20
20 21
19 21
21 21
21 22
16 20
17 21
16 21
15 21
15 20
16 22
17 22
15 22
14 20
14 21
14 22
17 23
16 23
15 23
14 23
13 21
13 22
13 20
13 23
16 24
15 24
14 24
13 24
12 20
12 21
12 22
12 23
12 24
15 25
14 25
13 25
12 25
22 16
22 15
23 15
23 16
23 14
22 14
24 16
24 15
0
Yes
10 22
9 22
9 21
10 21
9 23
10 23
11 21
11 22
11 23
10 20
11 20
10 24
9 24
11 24
0
No
0
No
0
Yes
49 25
48 25
48 24
49 24
49 23
48 23
47 24
47 25
47 23
48 22
49 22
47 22
49 21
48 21
47 21
0
No
0
Yes
42 14
41 14
41 15
42 15
43 15
43 14
42 16
41 16
43 16
44 14
44 15
44 16
41 17
42 17
43 17
44 17
45 15
45 16
45 14
45 17
0
Yes
39 45
39 46
39 47
39 48
39 49
40 45
40 46
40 47
40 48
40 49
41 45
41 46
41 47
41 48
41 49
42 45
42 46
42 47
42 48
42 49
43 45
43 46
43 47
43 48
43 49
0
Yes
12 34
11 34
11 33
12 33
11 35
12 35
13 33
13 34
13 35
12 32
11 32
13 32
12 36
11 36
13 36
14 34
14 33
14 35
14 32
14 36
10 33
10 34
10 35
10 32
10 36
9 34
9 33
9 35
9 32
9 36
11 31
12 31
13 31
10 31
14 31
9 31
11 37
10 37
9 37
15 33
15 34
15 35
15 32
15 36
15 31
12 30
11 30
13 30
10 30
14 30
9 30
15 30
16 34
16 33
16 35
16 32
16 31
16 30
8 33
8 34
8 35
8 32
8 36
8 31
8 37
8 30
10 38
9 38
11 38
8 38
12 38
7 34
7 35
7 36
7 37
7 38
12 39
11 39
10 39
9 39
8 39
7 39
11 29
12 29
13 29
10 29
14 29
9 29
15 29
8 29
16 29
17 33
17 34
17 32
17 31
17 30
17 35
17 29
17 36
12 28
11 28
13 28
10 28
14 28
9 28
15 28
16 28
8 28
17 28
18 34
18 33
18 35
18 32
18 31
18 30
18 29
18 28
11 40
10 40
9 40
8 40
7 40
11 27
12 27
13 27
10 27
14 27
9 27
15 27
16 27
17 27
8 27
18 27
0
No
0
Yes
16 11
15 11
15 10
16 10
15 12
16 12
16 9
15 9
16 13
15 13
14 10
14 11
14 12
14 9
14 13
13 11
13 10
13 12
13 9
13 13
15 8
14 8
16 8
13 8
15 14
14 14
16 14
13 14
16 7
15 7
14 7
13 7
12 10
12 11
12 12
12 9
12 13
12 8
12 14
12 7
11 11
11 10
11 12
11 9
11 13
11 8
11 14
11 7
15 6
14 6
13 6
12 6
16 6
11 6
16 5
15 5
14 5
10 10
10 11
10 12
10 9
10 13
10 8
10 7
10 14
10 6
9 11
9 12
9 13
9 14
14 4
0
No
0
No
0
No
0
Yes
22 37
21 37
21 36
22 36
22 35
21 35
20 36
20 37
0
Yes
7 46
7 45
8 45
8 46
8 47
7 47
7 48
8 48
9 46
9 47
9 45
9 48
8 44
7 44
9 44
8 49
7 49
9 49
10 45
10 46
10 47
10 48
10 44
10 49
9 43
8 43
10 43
11 46
11 45
11 47
11 44
11 48
11 43
11 49
8 42
9 42
10 42
0
No
0
Yes
9 24
8 24
8 23
9 23
8 25
9 25
10 23
10 24
10 25
9 22
8 22
10 22
9 26
8 26
10 26
11 24
11 23
11 25
11 22
11 26
7 23
7 24
7 25
0
Yes
44 47
44 46
45 46
45 47
45 48
44 48
44 49
45 49
46 47
46 48
46 46
46 49
45 45
44 45
46 45
44 44
45 44
46 44
43 44
47 46
47 47
47 48
47 45
47 49
47 44
48 47
48 46
48 48
48 45
48 49
48 44
43 43
44 43
45 43
46 43
47 43
48 43
44 42
45 42
46 42
47 42
43 42
48 42
49 46
49 47
49 48
49 45
49 44
49 43
49 49
49 42
43 41
44 41
45 41
46 41
47 41
48 41
49 41
0
Yes
29 2
28 2
28 1
29 1
28 3
29 3
29 0
28 0
29 4
28 4
27 1
27 2
27 3
27 0
27 4
30 4
26 2
26 1
26 3
26 0
26 4
28 5
29 5
27 5
30 5
26 5
31 5
31 4
32 4
32 5
29 6
28 6
30 6
27 6
31 6
26 6
32 6
25 1
25 2
25 3
25 4
25 5
25 0
25 6
24 2
24 1
24 3
24 4
24 5
24 0
24 6
33 5
33 4
33 6
33 3
28 7
29 7
30 7
27 7
31 7
26 7
32 7
25 7
33 7
24 7
34 3
34 4
34 5
29 8
30 8
31 8
32 8
33 8
23 1
23 2
23 3
23 4
23 5
23 6
23 0
23 7
27 8
26 8
25 8
24 8
23 8
35 4
35 5
30 9
31 9
32 9
29 9
33 9
26 9
25 9
24 9
27 9
29 10
30 10
31 10
0
No
0
No
0
Yes
9 21
8 21
10 21
10 20
11 20
11 21
12 21
12 20
12 22
13 20
13 21
13 22
13 23
12 23
12 24
13 24
14 21
14 22
14 23
14 20
14 24
13 25
12 25
14 25
12 26
13 26
14 26
15 20
15 21
15 22
15 23
15 24
15 25
16 21
16 22
16 23
16 24
16 20
17 20
17 21
17 22
17 23
0
No
0
No
0
No
0
No
0
No
0
No
0
Yes
26 27
26 28
27 28
27 27
27 26
28 27
28 26
28 28
27 29
26 29
28 29
25 29
28 25
27 25
26 25
26 30
27 30
25 30
28 30
27 24
28 24
29 26
29 27
29 28
29 25
29 29
29 24
29 30
24 30
24 29
24 28
30 27
30 26
30 28
30 25
30 29
30 24
30 30
25 31
26 31
27 31
28 31
29 31
24 31
30 31
28 23
29 23
27 23
30 23
26 23
26 32
25 32
27 32
28 32
29 32
30 32
31 26
31 27
31 28
31 25
31 29
31 24
31 30
31 31
31 23
31 32
29 22
30 22
31 22
32 27
32 26
32 28
32 25
32 29
32 24
32 30
32 23
32 31
32 22
32 32
25 33
26 33
27 33
28 33
29 33
30 33
24 33
26 34
27 34
28 34
29 34
30 34
33 26
33 25
33 24
33 23
0
No
0
No
0
No
0
Yes
40 4
40 5
39 5
41 5
41 4
42 4
42 5
39 6
40 6
41 6
42 6
42 3
38 6
38 5
40 7
39 7
41 7
38 7
42 7
43 3
43 4
43 5
43 6
43 7
44 4
44 5
44 6
44 3
44 7
39 8
40 8
41 8
42 8
43 8
38 8
44 8
37 7
37 8
44 2
40 9
39 9
41 9
38 9
42 9
43 9
37 9
44 9
45 5
45 4
45 6
45 7
45 8
45 9
46 4
46 5
46 6
46 7
46 8
46 9
39 10
40 10
41 10
38 10
42 10
43 10
44 10
45 10
37 10
46 10
40 11
39 11
41 11
38 11
42 11
43 11
44 11
45 11
37 11
46 11
47 5
47 6
47 7
47 8
47 9
47 10
39 12
40 12
41 12
38 12
42 12
43 12
44 12
45 12
37 12
48 6
48 7
48 8
48 9
48 5
48 10
40 13
39 13
41 13
38 13
42 13
43 13
44 13
37 13
45 13
49 5
49 6
49 7
49 8
49 9
49 10
49 4
39 14
40 14
41 14
38 14
42 14
43 14
44 14
37 14
45 14
48 11
49 11
46 13
46 14
41 15
42 15
43 15
0
Yes
5 16
5 15
6 15
6 16
6 17
5 17
5 18
6 18
7 16
7 17
7 15
8 15
8 16
8 17
0
Yes
18 20
18 19
17 19
19 19
19 20
19 21
20 20
20 19
20 21
17 18
18 18
19 18
20 18
18 17
19 17
17 17
20 17
21 19
21 20
21 18
21 21
21 17
21 22
22 20
22 19
22 21
22 18
22 17
17 16
18 16
19 16
0
Yes
17 43
18 43
18 44
19 44
19 43
0
No
0
No
0
Yes
24 28
24 29
25 29
25 30
24 30
26 30
26 29
26 28
24 31
25 31
26 31
27 28
27 29
27 30
27 31
27 27
26 27
25 32
26 32
27 32
28 27
28 28
28 29
28 30
28 31
28 32
28 26
27 26
27 25
28 25
26 25
29 28
29 27
29 29
29 26
29 30
29 31
29 25
29 32
26 33
27 33
28 33
25 33
29 33
24 33
28 24
27 24
29 24
27 23
28 23
29 23
26 23
24 34
30 27
30 28
30 29
30 26
30 30
30 25
30 31
30 24
30 32
30 23
30 33
27 34
26 34
28 34
29 34
30 34
31 28
31 27
31 29
31 26
31 30
31 25
31 31
31 24
31 32
31 23
26 35
27 35
28 35
29 35
30 35
29 22
30 22
31 22
32 27
32 28
32 29
32 26
32 30
32 25
32 31
32 24
32 23
32 32
32 22
27 36
28 36
29 36
26 36
30 36
25 36
30 21
31 21
29 21
32 21
28 21
28 20
29 20
30 20
31 20
32 20
33 26
33 25
33 24
33 23
33 22
29 19
30 19
31 19
28 19
32 19
27 19
29 37
27 18
28 18
29 18
30 18
31 18
32 18
26 18
34 25
34 24
34 23
34 26
26 17
27 17
28 17
29 17
30 17
0
Yes
30 38
29 38
29 39
30 39
31 39
31 38
30 40
29 40
31 40
32 38
32 39
32 40
0
No
0
No
0
Yes
17 4
16 4
16 3
17 3
18 3
18 4
17 2
16 2
18 2
19 4
19 3
19 2
15 3
15 4
15 2
16 1
17 1
18 1
19 1
20 3
20 2
20 4
20 1
20 5
17 0
18 0
19 0
16 0
20 0
21 4
21 3
21 2
21 1
21 5
21 0
21 6
20 6
20 7
21 7
22 3
22 4
22 5
22 2
22 6
22 1
22 7
22 0
21 8
20 8
20 9
21 9
21 10
20 10
19 10
19 11
20 11
21 11
18 11
18 10
17 10
17 11
22 10
17 12
18 12
19 12
20 12
21 12
18 13
19 13
20 13
17 13
21 13
17 14
18 14
19 14
20 14
21 14
22 13
22 14
18 15
19 15
20 15
21 15
17 15
22 15
23 14
23 13
23 15
23 12
24 13
24 14
24 15
20 16
21 16
22 16
23 16
24 16
23 17
24 17
25 16
25 17
24 18
23 18
25 18
0
No
0
No
0
No
0
No
0
No
0
Yes
44 49
44 48
45 48
45 49
46 49
46 48
45 47
44 47
46 47
44 46
45 46
46 46
47 48
47 47
47 49
47 46
48 49
48 48
48 47
48 46
45 45
46 45
47 45
44 45
48 45
44 44
45 44
46 44
47 44
48 44
43 44
49 48
49 47
49 46
49 45
49 49
49 44
43 43
44 43
45 43
46 43
47 43
48 43
49 43
44 42
45 42
46 42
47 42
48 42
43 42
49 42
43 41
44 41
45 41
46 41
0
Yes
5 7
5 8
6 8
6 7
6 6
7 7
7 6
7 8
7 5
6 5
6 4
7 4
8 6
8 7
8 5
8 8
8 4
9 7
9 6
9 5
9 8
0
Yes
34 32
35 32
35 31
36 31
36 32
0
No
0
Yes
20 35
20 36
20 37
21 35
21 36
21 37
22 35
22 36
22 37
0
No
0
Yes
42 16
41 16
41 17
42 17
43 17
43 16
42 18
43 18
44 16
44 17
44 18
44 15
43 19
42 19
44 19
45 15
45 16
45 17
45 18
45 19
42 20
43 20
44 20
45 20
41 20
46 17
46 18
46 19
46 20
41 21
42 21
43 21
44 21
45 21
46 21
40 21
40 20
47 20
47 21
46 22
47 22
48 21
48 20
48 22
0
Yes
48 25
47 25
47 24
48 24
49 24
49 25
48 23
47 23
0
Yes
17 23
16 23
16 22
17 22
16 24
17 21
16 21
15 22
15 23
15 24
15 21
15 25
14 23
14 22
14 24
14 21
14 25
16 20
15 20
17 20
14 20
13 22
13 23
13 24
13 21
13 25
13 20
14 26
13 26
12 23
12 22
12 24
12 21
12 25
0
No
0
No
0
No
0
No
0
Yes
16 15
15 15
15 16
16 16
16 17
15 17
14 16
14 15
14 17
13 15
13 16
13 17
15 18
14 18
16 18
13 18
16 19
15 19
14 19
13 19
12 16
12 17
12 18
12 15
12 19
11 15
11 16
11 17
11 18
11 19
0
No
0
Yes
16 15
15 15
15 16
16 16
16 17
15 17
14 16
14 15
14 17
13 15
13 16
13 17
15 18
14 18
16 18
13 18
16 19
15 19
14 19
13 19
12 16
12 17
12 18
12 15
12 19
11 15
11 16
11 17
11 18
11 19
10 16
10 17
10 18
10 15
10 19
12 20
0
Yes
37 7
37 8
38 8
38 7
38 6
39 7
39 6
39 8
38 9
37 9
39 9
39 5
38 5
37 10
38 10
39 10
40 6
40 7
40 8
40 9
40 5
40 10
41 7
41 6
41 8
41 9
41 5
41 10
38 11
39 11
40 11
37 11
41 11
40 4
41 4
37 12
38 12
39 12
40 12
41 12
42 6
42 7
42 8
42 5
42 9
42 10
42 11
42 4
42 12
41 3
40 3
42 3
39 3
39 2
40 2
41 2
43 7
43 6
43 8
43 5
43 9
43 4
43 10
43 11
43 3
43 12
38 13
39 13
40 13
41 13
42 13
37 13
43 13
40 1
41 1
37 14
38 14
39 14
40 14
41 14
42 14
43 14
44 6
44 7
44 8
44 5
44 9
44 4
44 10
44 11
44 12
44 13
44 3
44 14
45 7
45 6
45 8
45 5
45 9
45 4
45 10
45 11
45 12
45 13
45 3
0
No
0
No
0
No
0
No
0
Yes
48 40
47 40
47 39
48 39
47 41
48 41
49 39
49 40
49 41
0
Yes
35 25
35 26
35 27
35 28
36 25
36 26
36 27
36 28
0
No
0
Yes
13 27
13 28
13 29
13 30
13 31
13 32
14 27
14 28
14 29
14 30
14 31
14 32
15 27
15 28
15 29
15 30
15 31
15 32
16 27
16 28
16 29
16 30
16 31
16 32
17 27
17 28
17 29
17 30
17 31
17 32
18 27
18 28
18 29
18 30
18 31
18 32
19 27
19 28
19 29
19 30
19 31
19 32
20 27
20 28
20 29
20 30
20 31
20 32
21 27
21 28
21 29
21 30
21 31
21 32
0
Yes
46 3
46 2
45 2
47 2
47 3
47 4
46 4
46 5
47 5
48 3
48 4
48 2
48 5
45 1
46 1
47 1
48 1
46 0
47 0
45 0
48 0
47 6
46 6
48 6
49 2
49 3
49 4
49 1
49 5
49 0
49 6
0
No
0
Yes
12 38
11 38
11 37
11 39
12 39
10 37
10 38
10 39
10 36
11 36
12 36
10 40
11 40
9 38
9 37
9 39
9 36
9 40
12 35
11 35
10 35
9 35
11 41
10 41
9 41
13 35
13 36
14 36
14 35
8 37
8 38
8 39
8 36
8 40
8 35
8 41
11 34
12 34
13 34
10 34
9 34
14 34
8 34
15 35
15 36
15 34
7 38
7 37
7 39
7 36
7 40
7 35
7 41
7 34
12 33
11 33
13 33
10 33
14 33
9 33
8 33
15 33
16 34
16 35
16 33
17 35
17 34
17 33
17 36
6 39
6 38
6 40
6 41
11 32
12 32
10 32
9 32
8 32
12 31
11 31
10 31
9 31
8 31
18 34
18 35
18 33
19 35
11 30
10 30
9 30
12 30
8 30
12 29
11 29
10 29
9 29
8 29
11 28
10 28
9 28
12 28
8 28
12 27
11 27
10 27
9 27
8 27
11 26
10 26
9 26
12 26
8 26
0
No
0
No
0
No
0
No
0
No
0
Yes
49 34
48 34
48 33
49 33
49 32
48 32
47 33
47 34
47 32
46 34
46 33
46 32
48 31
47 31
49 31
46 31
49 30
48 30
47 30
46 30
45 33
45 32
45 31
45 34
45 30
44 34
44 33
44 32
44 31
44 30
48 29
47 29
46 29
45 29
49 29
44 29
49 28
48 28
47 28
46 28
45 28
44 28
48 27
0
No
0
Yes
40 20
40 21
41 20
41 21
0
Yes
43 49
42 49
42 48
43 48
43 47
42 47
41 48
41 49
41 47
40 49
40 48
40 47
42 46
41 46
43 46
40 46
43 45
42 45
41 45
40 45
39 48
39 47
39 46
39 49
39 45
38 49
0
Yes
5 22
5 21
6 21
6 22
6 23
5 23
5 24
6 24
7 22
7 23
7 21
7 24
6 25
5 25
7 25
8 21
8 22
8 23
0
No
0
No
0
Yes
9 9
8 9
8 10
9 10
7 10
7 9
7 11
8 11
6 9
6 10
6 11
8 12
7 12
6 12
5 10
5 11
5 9
5 12
7 13
6 13
8 13
5 13
0
Yes
48 8
47 8
47 7
48 7
47 9
48 9
49 7
49 8
49 9
48 10
47 10
49 10
46 7
46 8
46 9
46 10
49 11
48 11
0
No
0
No
0
Yes
17 6
17 5
18 5
18 6
18 7
17 7
17 8
18 8
19 6
19 7
19 5
19 8
18 9
17 9
19 9
0
No
0
Yes
14 15
13 15
13 16
14 16
15 16
15 15
14 17
13 17
15 17
16 15
16 16
16 17
12 16
12 15
12 17
11 15
11 16
11 17
13 18
14 18
15 18
12 18
16 18
11 18
14 19
13 19
15 19
12 19
16 19
11 19
10 16
10 17
10 18
10 15
10 19
9 15
9 16
9 17
9 18
9 19
13 20
14 20
15 20
12 20
11 20
0
No
0
Yes
42 20
42 19
43 19
43 20
43 21
42 21
44 20
44 19
44 21
43 18
42 18
44 18
42 17
43 17
44 17
41 17
45 19
45 20
45 18
45 21
45 17
46 20
46 19
46 18
46 21
46 17
41 16
42 16
43 16
44 16
45 16
46 22
42 15
43 15
44 15
41 15
45 15
47 21
47 20
47 22
47 17
48 20
48 21
48 22
48 19
46 15
45 14
46 14
49 21
49 22
0
No
0
Yes
31 2
30 2
30 1
31 1
30 3
31 3
32 1
32 2
32 3
31 0
30 0
32 0
33 2
33 1
33 0
0
Yes
14 23
13 23
13 22
14 22
13 24
14 24
15 22
15 23
15 24
14 21
13 21
15 21
14 25
13 25
15 25
16 23
16 22
16 24
16 21
12 22
12 23
12 24
12 21
12 25
11 23
11 22
11 24
11 21
11 25
0
Yes
45 40
44 40
45 39
46 39
46 40
0
Yes
14 0
13 0
13 1
14 1
15 1
15 0
14 2
13 2
12 1
12 0
12 2
11 0
11 1
11 2
13 3
12 3
14 3
11 3
10 1
10 2
10 0
10 3
12 4
13 4
11 4
10 4
0
No
0
No
0
No
0
No
0
No
0
No
0
No
0
Yes
10 15
9 15
9 16
10 16
11 16
11 15
10 17
9 17
11 17
12 15
12 16
12 17
8 16
8 15
8 17
8 14
7 15
7 16
7 14
7 17
9 18
10 18
11 18
12 18
13 16
13 17
13 15
13 18
10 19
11 19
12 19
9 19
13 19
14 15
14 16
14 17
14 18
14 19
6 14
6 15
6 16
6 17
5 15
5 16
5 14
5 17
6 18
5 18
11 20
10 20
12 20
13 20
14 20
15 16
15 17
15 18
15 19
15 15
15 20
10 21
16 15
16 16
16 17
16 18
16 19
16 20
9 21
9 22
10 22
8 22
8 21
0
No
0
No
0
Yes
8 8
7 8
7 7
8 7
9 7
9 8
8 6
7 6
9 6
6 7
6 8
6 6
5 8
5 7
7 5
8 5
9 5
6 5
10 5
8 4
7 4
9 4
6 4
10 4
11 4
11 5
12 5
12 4
9 3
8 3
10 3
11 3
12 3
10 2
11 2
12 2
13 4
13 3
13 5
13 2
11 1
12 1
10 1
13 1
14 3
14 2
14 1
10 0
11 0
12 0
13 0
0
No
0
Yes
12 44
12 43
13 43
13 44
13 42
12 42
11 42
14 42
14 41
13 41
12 45
12 46
13 46
13 47
12 47
14 47
12 48
13 48
14 48
15 48
15 47
15 46
16 47
13 49
14 49
12 49
15 49
0
No
0
No
0
Yes
42 15
41 15
41 16
42 16
43 16
43 15
42 17
41 17
43 17
44 15
44 16
44 17
43 18
42 18
0
Yes
1 10
1 11
1 12
2 10
2 11
2 12
3 10
3 11
3 12
4 10
4 11
4 12
0
No
0
Yes
22 29
22 28
23 28
23 29
23 30
0
Yes
0 19
0 20
0 21
0 22
0 23
0 24
0 25
0 26
1 19
1 20
1 21
1 22
1 23
1 24
1 25
1 26
2 19
2 20
2 21
2 22
2 23
2 24
2 25
2 26
3 19
3 20
3 21
3 22
3 23
3 24
3 25
3 26
4 19
4 20
4 21
4 22
4 23
4 24
4 25
4 26
0
Yes
7 15
7 16
7 17
7 18
7 19
7 20
8 15
8 16
8 17
8 18
8 19
8 20
9 15
9 16
9 17
9 18
9 19
9 20
10 15
10 16
10 17
10 18
10 19
10 20
11 15
11 16
11 17
11 18
11 19
11 20
12 15
12 16
12 17
12 18
12 19
12 20
13 15
13 16
13 17
13 18
13 19
13 20
14 15
14 16
14 17
14 18
14 19
14 20
15 15
15 16
15 17
15 18
15 19
15 20
16 15
16 16
16 17
16 18
16 19
16 20
0
No
0
No
0
Yes
10 25
9 25
9 24
10 24
10 23
9 23
8 24
8 25
8 23
7 25
7 24
7 23
9 22
8 22
10 22
7 22
10 21
9 21
8 21
7 21
6 24
6 23
6 22
6 25
6 21
5 25
5 24
5 23
5 22
0
No
0
No
0
No
0
Yes
23 0
23 1
24 1
24 0
25 0
25 1
24 2
23 2
25 2
23 3
24 3
25 3
26 1
26 2
26 0
26 3
27 0
27 1
27 2
27 3
24 4
25 4
26 4
23 4
27 4
23 5
24 5
25 5
26 5
27 5
28 1
28 2
28 3
28 4
28 0
28 5
29 0
29 1
29 2
29 3
29 4
29 5
24 6
25 6
26 6
27 6
28 6
23 6
29 6
23 7
24 7
25 7
26 7
27 7
28 7
29 7
24 8
25 8
26 8
27 8
23 8
30 4
30 5
30 6
30 7
25 9
24 9
26 9
27 9
31 5
31 6
31 4
0
Yes
9 49
8 49
8 48
9 48
10 48
10 49
9 47
8 47
10 47
11 49
11 48
11 47
7 48
7 49
7 47
8 46
9 46
10 46
7 46
11 46
12 48
12 47
12 49
12 46
9 45
8 45
10 45
11 45
7 45
12 45
13 49
13 48
13 47
13 46
8 44
9 44
10 44
11 44
7 44
0
No
0
Yes
32 10
31 10
31 9
32 9
31 11
32 11
33 9
33 10
32 8
31 8
33 8
30 9
30 10
30 11
30 8
29 10
29 9
29 11
29 8
31 7
32 7
33 7
0
Yes
0 5
0 6
0 7
1 5
1 6
1 7
2 5
2 6
2 7
0
Yes
0 36
0 37
1 36
1 37
0
No
0
Yes
0 46
0 45
1 45
1 46
1 47
0 47
0 48
1 48
2 46
2 47
2 45
2 48
1 44
0 44
2 44
0 43
1 43
2 43
1 49
0 49
2 49
3 45
3 46
3 47
3 44
3 48
3 43
3 49
4 46
4 45
4 47
4 44
4 48
4 43
4 49
1 42
2 42
3 42
0 42
4 42
5 45
5 46
5 47
5 44
5 48
5 43
5 49
5 42
6 46
6 45
6 47
6 44
6 48
0
No
0
Yes
20 16
20 15
19 15
21 15
21 16
22 16
22 15
19 14
20 14
21 14
22 14
18 14
18 15
20 13
19 13
21 13
18 13
22 13
17 15
17 14
17 13
23 15
23 14
23 16
23 13
23 17
24 16
24 15
24 14
24 17
24 13
19 12
20 12
21 12
0
No
0
Yes
30 0
30 1
30 2
30 3
31 0
31 1
31 2
31 3
32 0
32 1
32 2
32 3
0
Yes
12 22
11 22
11 21
12 21
11 23
12 23
13 21
13 22
13 23
12 24
11 24
13 24
14 22
14 23
14 21
14 24
11 25
12 25
13 25
14 25
15 21
15 22
15 23
15 24
15 25
16 22
16 23
16 24
0
Yes
15 0
15 1
15 2
15 3
15 4
16 0
16 1
16 2
16 3
16 4
17 0
17 1
17 2
17 3
17 4
18 0
18 1
18 2
18 3
18 4
19 0
19 1
19 2
19 3
19 4
20 0
20 1
20 2
20 3
20 4
0
No
0
Yes
39 33
38 33
38 34
39 34
39 35
38 35
37 34
37 33
37 35
40 35
36 33
36 34
36 35
36 32
38 36
39 36
37 36
40 36
36 36
41 36
41 35
42 35
42 36
39 37
38 37
40 37
37 37
41 37
36 37
42 37
35 32
35 33
35 34
35 35
35 36
35 37
35 31
36 31
36 30
34 33
34 32
34 34
34 35
34 36
34 37
43 36
43 35
43 37
38 38
39 38
40 38
37 38
41 38
36 38
42 38
35 38
43 38
34 38
44 35
44 36
44 37
44 38
39 39
38 39
40 39
37 39
41 39
36 39
42 39
35 39
43 39
34 39
44 39
33 34
33 33
33 35
33 36
33 37
33 38
33 39
32 33
32 34
32 35
32 36
32 37
32 32
38 40
39 40
40 40
37 40
41 40
36 40
42 40
35 40
43 40
34 40
39 41
38 41
40 41
37 41
0
Yes
16 15
15 15
15 16
16 16
16 17
15 17
14 16
14 15
14 17
13 15
13 16
13 17
15 18
14 18
16 18
13 18
16 19
15 19
14 19
13 19
12 16
12 17
12 18
12 15
12 19
11 15
11 16
11 17
11 18
11 19
15 20
14 20
13 20
12 20
0
Yes
31 32
30 32
30 31
31 31
30 33
31 33
32 31
31 30
30 30
32 30
31 34
30 34
29 31
29 32
29 33
29 30
29 34
28 32
28 31
28 33
28 30
28 34
30 29
31 29
29 29
32 29
28 29
30 35
29 35
31 35
28 35
31 28
30 28
29 28
32 28
28 28
31 36
30 36
29 36
28 36
27 31
27 32
27 33
27 30
27 34
27 29
27 35
27 28
27 36
26 32
26 31
26 33
26 30
26 34
26 29
26 35
26 28
26 36
30 27
31 27
29 27
28 27
27 27
32 27
26 27
30 37
29 37
28 37
27 37
31 37
26 37
31 26
30 26
29 26
28 26
0
No
0
Yes
0 8
0 9
0 10
0 11
0 12
0 13
0 14
1 8
1 9
1 10
1 11
1 12
1 13
1 14
2 8
2 9
2 10
2 11
2 12
2 13
2 14
3 8
3 9
3 10
3 11
3 12
3 13
3 14
4 8
4 9
4 10
4 11
4 12
4 13
4 14
0
Yes
14 0
13 0
13 1
14 1
14 2
13 2
12 1
12 0
12 2
11 0
11 1
11 2
13 3
12 3
14 3
11 3
10 1
10 2
10 0
10 3
12 4
13 4
11 4
10 4
0
Yes
28 41
27 41
27 40
28 40
28 39
27 39
26 40
26 41
26 39
25 41
25 40
25 39
25 42
27 38
26 38
28 38
25 38
24 40
24 41
24 39
24 42
24 38
0
No
0
No
0
Yes
21 0
21 1
22 1
22 0
23 0
23 1
22 2
21 2
23 2
21 3
22 3
23 3
24 1
24 2
24 0
24 3
25 0
25 1
25 2
25 3
22 4
23 4
24 4
21 4
25 4
21 5
22 5
23 5
24 5
25 5
20 5
26 1
26 2
26 3
26 4
26 0
26 5
27 0
27 1
27 2
27 3
27 4
27 5
20 6
21 6
22 6
23 6
24 6
25 6
26 6
27 6
21 7
22 7
23 7
24 7
25 7
26 7
20 7
27 7
28 1
28 2
28 3
28 4
28 5
28 6
28 0
28 7
29 0
29 1
29 2
29 3
29 4
29 5
29 6
0
Yes
29 25
28 25
28 24
29 24
30 24
30 25
29 23
28 23
30 23
31 25
31 24
31 23
27 24
27 25
0
Yes
43 40
42 40
42 39
43 39
42 41
44 39
43 38
42 38
44 38
41 39
41 40
41 41
41 38
41 42
42 42
40 40
40 39
40 41
40 38
40 42
42 37
43 37
41 37
44 37
40 37
42 43
41 43
40 43
43 36
42 36
41 36
44 36
40 36
39 39
39 40
39 41
39 38
39 42
39 37
39 43
39 36
41 44
40 44
42 44
39 44
38 40
38 39
38 41
38 38
38 42
38 37
38 43
38 36
38 44
42 35
43 35
41 35
40 35
39 35
44 35
38 35
37 39
37 40
37 41
37 38
37 42
37 37
37 43
37 36
37 44
37 35
36 40
36 39
36 38
36 37
0
Yes
6 7
5 7
5 6
6 6
5 8
6 8
7 6
7 7
7 8
6 5
5 5
7 5
8 7
8 6
8 8
8 5
4 6
4 7
4 5
3 7
3 6
3 5
7 4
6 4
8 4
9 6
9 7
9 5
9 8
0
Yes
32 24
32 23
33 23
33 24
33 25
32 25
32 26
33 26
34 24
34 25
34 23
34 26
33 22
32 22
0
Yes
5 9
5 10
5 11
5 12
5 13
6 9
6 10
6 11
6 12
6 13
7 9
7 10
7 11
7 12
7 13
8 9
8 10
8 11
8 12
8 13
0
No
0
No
0
Yes
37 24
37 25
37 26
37 27
37 28
37 29
37 30
38 24
38 25
38 26
38 27
38 28
38 29
38 30
39 24
39 25
39 26
39 27
39 28
39 29
39 30
40 24
40 25
40 26
40 27
40 28
40 29
40 30
41 24
41 25
41 26
41 27
41 28
41 29
41 30
42 24
42 25
42 26
42 27
42 28
42 29
42 30
43 24
43 25
43 26
43 27
43 28
43 29
43 30
0
No
0
Yes
22 37
21 37
21 36
22 36
22 35
21 35
20 36
20 37
20 35
0
Yes
0 42
0 43
1 43
1 42
2 42
2 43
1 44
0 44
2 44
0 45
1 45
2 45
3 43
3 44
3 42
3 45
4 42
4 43
4 44
4 45
1 46
2 46
3 46
0 46
4 46
0 47
1 47
2 47
3 47
4 47
5 43
5 44
5 45
5 46
5 42
5 47
6 42
6 43
6 44
6 45
6 46
6 47
1 48
2 48
3 48
4 48
5 48
0 48
6 48
0 49
1 49
2 49
3 49
4 49
5 49
6 49
7 43
7 44
7 45
7 46
7 47
7 48
7 42
7 49
8 42
0
Yes
5 18
5 19
5 20
5 21
5 22
5 23
5 24
5 25
6 18
6 19
6 20
6 21
6 22
6 23
6 24
6 25
7 18
7 19
7 20
7 21
7 22
7 23
7 24
7 25
8 18
8 19
8 20
8 21
8 22
8 23
8 24
8 25
9 18
9 19
9 20
9 21
9 22
9 23
9 24
9 25
10 18
10 19
10 20
10 21
10 22
10 23
10 24
10 25
0
Yes
8 47
8 46
9 46
9 47
9 48
8 48
8 49
9 49
10 47
10 48
10 46
10 49
9 45
8 45
10 45
8 44
9 44
10 44
11 46
11 47
11 48
11 45
11 49
11 44
12 47
12 46
12 48
12 45
12 49
12 44
9 43
10 43
11 43
8 43
12 43
13 46
13 47
13 48
13 49
10 42
9 42
11 42
12 42
0
Yes
37 38
37 39
37 40
37 41
37 42
37 43
37 44
38 38
38 39
38 40
38 41
38 42
38 43
38 44
39 38
39 39
39 40
39 41
39 42
39 43
39 44
40 38
40 39
40 40
40 41
40 42
40 43
40 44
41 38
41 39
41 40
41 41
41 42
41 43
41 44
42 38
42 39
42 40
42 41
42 42
42 43
42 44
0
No
0
No
0
Yes
35 31
35 32
34 32
36 32
36 31
36 30
37 31
37 32
34 33
35 33
36 33
37 33
33 33
35 34
34 34
36 34
33 34
37 34
38 32
38 33
38 31
38 34
39 31
39 32
39 33
39 34
34 35
35 35
36 35
37 35
38 35
33 35
39 35
32 34
32 33
32 35
32 32
35 36
34 36
36 36
33 36
37 36
38 36
32 36
39 36
40 32
40 33
40 34
40 35
40 31
40 36
41 31
41 32
41 33
41 34
41 35
41 36
34 37
35 37
36 37
33 37
37 37
38 37
39 37
40 37
32 37
41 37
35 38
34 38
36 38
33 38
42 32
42 33
42 34
42 35
42 36
42 31
42 37
43 31
43 32
43 33
43 34
43 35
43 36
43 37
0
No
0
Yes
30 41
29 41
29 42
30 42
31 41
0
Yes
37 11
37 10
38 10
38 11
38 12
37 12
37 13
38 13
39 11
39 12
39 10
39 13
38 9
37 9
39 9
37 8
38 8
39 8
38 14
37 14
39 14
40 10
40 11
40 12
40 9
40 13
40 8
40 14
41 11
41 10
41 12
41 9
41 13
41 8
41 14
38 7
39 7
40 7
37 7
41 7
39 15
42 10
42 11
42 12
42 9
42 13
42 8
42 14
42 7
39 6
38 6
40 6
41 6
42 6
41 15
42 15
43 11
43 10
43 12
43 9
43 13
43 8
43 14
43 7
43 15
43 6
38 5
39 5
40 5
41 5
42 5
43 5
42 16
41 16
43 16
44 10
44 11
44 12
44 9
44 13
44 8
44 14
44 7
44 15
44 6
44 16
44 5
41 17
42 17
43 17
44 17
40 4
41 4
42 4
43 4
44 4
45 11
45 10
45 12
45 9
45 13
45 8
45 14
45 7
45 15
45 6
45 16
45 5
45 17
45 4
42 18
43 18
44 18
45 18
41 3
42 3
43 3
44 3
40 3
45 3
39 3
39 2
40 2
41 2
46 13
46 14
46 15
43 19
0
Yes
26 9
25 9
25 8
26 8
27 8
27 9
24 8
24 9
0
Yes
0 28
0 27
1 27
1 26
0 26
2 26
2 27
0 25
1 25
2 25
3 27
3 26
3 25
3 28
4 28
4 27
4 26
4 25
1 24
2 24
3 24
0 24
4 24
4 29
3 29
3 30
4 30
0 23
1 23
2 23
3 23
4 23
4 31
3 31
3 32
4 32
2 32
5 27
5 28
5 29
5 26
5 30
5 31
5 32
2 33
3 33
4 33
5 33
1 33
1 32
1 31
0 31
0 32
0 33
0 34
1 34
2 34
3 34
4 34
5 34
6 28
6 27
6 29
6 30
6 31
6 32
6 33
6 26
6 34
1 22
2 22
3 22
0 22
4 22
0 21
1 21
2 21
3 21
4 21
1 35
2 35
3 35
4 35
5 35
0 35
6 35
7 27
7 28
7 29
7 30
7 31
7 32
7 33
7 26
1 20
2 20
3 20
0 20
4 20
2 36
3 36
4 36
5 36
6 36
0 19
1 19
2 19
3 19
4 19
3 37
4 37
5 37
2 37
6 37
1 18
2 18
3 18
0 18
4 18
0 17
1 17
2 17
3 17
4 17
0
No
0
No
0
No
0
Yes
3 28
3 27
2 27
4 27
4 28
4 29
3 29
3 30
4 30
5 28
5 29
5 27
5 30
2 26
3 26
4 26
5 26
1 26
1 27
3 25
2 25
4 25
1 25
0 27
0 26
0 25
0 28
4 31
3 31
5 31
6 27
6 28
6 29
6 30
6 26
6 31
3 32
4 32
5 32
6 32
7 28
7 27
7 29
7 30
7 31
7 26
7 32
2 24
3 24
1 24
4 24
0 24
2 32
3 23
2 23
1 23
4 23
0 23
2 33
3 33
4 33
5 33
6 33
7 33
1 33
1 32
1 31
0 31
0 32
0 33
3 34
2 34
4 34
1 34
5 34
6 34
0 34
2 22
3 22
1 22
4 22
0 22
3 21
2 21
1 21
4 21
0 21
2 35
3 35
4 35
1 35
5 35
0 35
6 35
3 36
2 36
4 36
5 36
6 36
2 20
3 20
1 20
4 20
0 20
3 19
2 19
1 19
4 19
0 19
2 37
3 37
4 37
5 37
6 37
2 18
3 18
1 18
4 18
0 18
3 17
2 17
1 17
4 17
0 17
5 17
2 16
3 16
4 16
1 16
5 16
0 16
0
Yes
33 10
32 10
32 9
33 9
32 11
33 8
32 8
31 9
31 10
31 11
31 8
30 10
30 9
30 11
30 8
32 7
31 7
0
Yes
20 1
19 1
19 0
20 0
19 2
20 2
20 3
19 3
18 0
18 1
18 2
18 3
17 1
17 2
17 0
17 3
19 4
18 4
20 4
17 4
16 0
16 1
0
No
0
Yes
23 41
22 41
22 40
23 40
22 42
23 42
23 39
22 39
0
Yes
36 29
37 29
37 28
37 30
38 28
38 29
38 30
38 27
37 27
39 29
39 28
39 30
39 27
37 26
38 26
39 26
40 28
40 29
40 27
40 30
40 26
38 25
39 25
37 25
40 25
41 29
41 28
41 27
41 26
41 30
41 25
37 24
38 24
39 24
40 24
41 24
42 28
42 29
42 27
42 26
42 25
42 30
42 24
39 23
40 23
41 23
42 23
43 29
43 28
43 27
43 26
43 25
43 24
43 30
43 23
40 22
41 22
42 22
39 22
43 22
38 22
44 27
44 26
44 25
44 24
44 23
44 22
41 21
40 21
42 21
43 21
44 21
40 20
41 20
42 20
43 20
44 20
45 23
45 22
0
Yes
1 49
0 49
0 48
1 48
2 48
2 49
1 47
0 47
2 47
3 49
3 48
3 47
0 46
1 46
2 46
3 46
4 48
4 47
4 49
4 46
1 45
2 45
3 45
0 45
4 45
5 49
5 48
5 47
5 46
5 45
0 44
1 44
2 44
3 44
0
No
0
Yes
17 13
17 14
17 15
17 16
17 17
17 18
18 13
18 14
18 15
18 16
18 17
18 18
19 13
19 14
19 15
19 16
19 17
19 18
20 13
20 14
20 15
20 16
20 17
20 18
21 13
21 14
21 15
21 16
21 17
21 18
22 13
22 14
22 15
22 16
22 17
22 18
23 13
23 14
23 15
23 16
23 17
23 18
24 13
24 14
24 15
24 16
24 17
24 18
0
Yes
31 0
30 0
30 1
31 1
32 1
32 0
31 2
30 2
32 2
33 0
33 1
33 2
30 3
31 3
32 3
33 3
31 4
32 4
30 4
33 4
34 3
34 4
30 5
31 5
32 5
33 5
0
Yes
37 11
37 10
38 10
38 11
38 12
37 12
37 13
38 13
39 11
39 12
39 10
39 13
38 9
37 9
39 9
37 8
38 8
39 8
38 14
37 14
39 14
40 10
40 11
40 12
40 9
40 13
40 8
40 14
41 11
41 10
41 12
41 9
41 13
41 8
41 14
38 7
39 7
40 7
37 7
41 7
39 15
42 10
42 11
42 12
42 9
42 13
42 8
42 14
42 7
39 6
38 6
40 6
41 6
42 6
41 15
42 15
43 11
43 10
43 12
43 9
43 13
43 8
43 14
43 7
43 15
43 6
38 5
39 5
40 5
41 5
42 5
43 5
42 16
41 16
43 16
44 10
44 11
44 12
44 9
44 13
44 8
44 14
44 7
44 15
44 6
44 16
44 5
41 17
42 17
43 17
44 17
40 4
41 4
42 4
43 4
44 4
45 11
45 10
45 12
45 9
45 13
45 8
45 14
45 7
45 15
45 6
45 16
45 5
45 17
45 4
0
Yes
4 7
3 7
3 6
4 6
5 6
5 7
5 8
4 5
3 5
5 5
6 7
6 6
6 8
6 5
2 6
2 7
2 5
1 7
1 6
1 5
3 4
4 4
5 4
2 4
6 4
1 4
7 6
7 7
7 5
7 8
7 4
0
Yes
28 17
28 18
28 19
28 20
28 21
29 17
29 18
29 19
29 20
29 21
30 17
30 18
30 19
30 20
30 21
31 17
31 18
31 19
31 20
31 21
32 17
32 18
32 19
32 20
32 21
0
Yes
16 14
15 14
15 13
16 13
16 12
15 12
14 13
14 14
14 12
17 12
13 14
13 13
13 12
15 11
16 11
14 11
17 11
13 11
18 11
18 12
19 12
19 11
16 10
15 10
17 10
14 10
18 10
13 10
19 10
12 13
12 12
12 11
12 14
12 10
0
No
0
Yes
37 9
37 8
38 8
38 9
38 10
37 10
37 11
38 11
39 9
39 10
39 8
39 11
38 7
37 7
39 7
38 12
37 12
39 12
40 8
40 9
40 10
40 11
40 7
40 12
39 6
38 6
40 6
37 13
38 13
39 13
40 13
41 9
41 8
41 10
41 7
41 11
41 12
41 6
41 13
38 5
39 5
40 5
41 5
38 14
39 14
40 14
37 14
41 14
42 8
42 9
42 10
42 7
42 11
42 6
42 12
42 13
42 5
42 14
40 4
41 4
42 4
43 9
43 8
43 10
43 7
43 11
43 6
43 12
43 5
43 13
43 4
43 14
39 15
44 8
44 9
44 10
44 7
44 11
44 6
44 12
44 5
44 13
44 4
44 14
41 3
42 3
43 3
40 3
44 3
0
No
0
Yes
32 17
31 17
31 18
32 18
32 19
31 19
30 18
30 17
30 19
33 19
29 17
29 18
29 19
31 20
32 20
30 20
33 20
29 20
0
No
0
Yes
49 43
48 43
48 42
49 42
48 44
49 44
49 45
48 45
47 42
47 43
47 44
47 45
46 43
46 44
46 42
46 45
48 46
47 46
49 46
46 46
46 41
49 47
48 47
47 47
46 47
45 42
45 43
45 44
45 45
45 46
45 41
45 47
44 43
44 42
44 44
44 45
44 46
44 41
44 47
48 48
47 48
46 48
45 48
49 48
44 48
49 49
48 49
47 49
46 49
45 49
44 49
43 42
43 43
43 44
0
Yes
36 26
35 26
35 25
36 25
35 27
36 27
36 28
35 28
0
No
0
Yes
4 7
3 7
3 6
4 6
5 6
5 7
5 8
4 5
3 5
5 5
6 7
6 6
6 8
6 5
2 6
2 7
2 5
6 9
5 9
1 7
1 6
1 5
3 4
4 4
5 4
2 4
6 4
1 4
5 10
6 10
7 6
7 7
7 8
7 5
7 9
7 4
7 10
4 3
3 3
5 3
2 3
1 3
8 7
8 6
8 8
8 5
8 9
8 4
8 10
0 6
0 5
0 4
0 7
0 3
6 11
7 11
5 11
8 11
3 2
4 2
2 2
1 2
5 2
0 2
5 12
6 12
7 12
8 12
9 6
9 7
9 8
9 5
9 9
9 10
9 11
9 4
9 12
8 3
9 3
4 1
3 1
2 1
1 1
5 1
0 1
10 7
10 6
10 8
10 5
10 9
10 10
10 11
10 12
6 13
7 13
8 13
9 13
5 13
10 13
3 0
4 0
2 0
1 0
5 0
0 0
5 14
6 14
7 14
8 14
9 14
10 14
11 6
11 7
11 8
11 9
11 10
11 11
11 12
11 13
11 5
11 14
12 7
12 6
12 8
12 9
12 5
0
Yes
18 19
17 19
17 20
18 20
19 20
19 19
20 19
20 20
16 20
19 21
20 21
16 21
17 21
17 22
16 22
21 20
21 19
21 21
15 21
15 22
22 19
22 20
22 21
21 22
16 23
17 23
15 23
14 22
14 21
14 23
23 20
23 19
13 21
13 22
13 23
15 24
16 24
14 24
13 24
24 19
12 22
12 23
12 21
12 24
14 25
15 25
13 25
12 25
11 21
11 22
11 23
11 24
11 25
11 20
13 26
14 26
25 19
25 18
26 18
26 17
25 17
25 16
27 17
27 18
27 19
27 16
28 19
28 18
28 17
28 16
28 20
28 15
29 18
29 19
29 17
29 20
29 21
28 21
27 21
30 19
30 18
30 20
30 17
30 21
30 22
29 22
31 18
31 19
31 20
31 21
31 17
31 22
32 19
32 18
32 20
32 21
32 17
0
No
0
Yes
20 0
19 0
19 1
20 1
20 2
19 2
18 1
18 0
18 2
17 0
17 1
17 2
19 3
18 3
20 3
17 3
20 4
19 4
18 4
17 4
16 1
16 2
16 3
16 0
16 4
15 0
15 1
15 2
15 3
15 4
16 5
0
No
0
No
0
No
0
Yes
36 6
35 6
35 5
35 7
36 7
36 8
35 8
34 5
34 6
34 7
34 8
33 6
33 7
33 8
35 9
34 9
36 9
33 9
36 10
35 10
34 10
33 10
32 7
32 8
32 9
32 6
32 10
31 6
31 7
31 8
31 9
31 10
35 11
34 11
33 11
32 11
36 11
31 11
36 12
35 12
34 12
33 12
32 12
31 12
30 7
30 8
30 9
30 10
30 11
30 6
30 12
35 13
34 13
33 13
32 13
31 13
36 13
30 13
29 8
29 7
29 9
29 10
29 11
29 12
0
No
0
No
0
No
0
Yes
24 36
24 37
24 38
24 39
24 40
24 41
24 42
24 43
24 44
25 36
25 37
25 38
25 39
25 40
25 41
25 42
25 43
25 44
26 36
26 37
26 38
26 39
26 40
26 41
26 42
26 43
26 44
27 36
27 37
27 38
27 39
27 40
27 41
27 42
27 43
27 44
28 36
28 37
28 38
28 39
28 40
28 41
28 42
28 43
28 44
0
No
0
No
0
Yes
41 1
40 1
40 0
41 0
40 2
41 2
42 0
0
No
0
No
0
Yes
29 36
29 35
28 35
30 35
30 36
30 37
29 37
29 38
30 38
31 36
31 37
31 35
31 38
28 34
29 34
30 34
31 34
27 34
27 35
29 33
28 33
30 33
27 33
31 33
26 35
26 34
26 33
30 39
29 39
31 39
32 35
32 36
32 37
32 34
32 38
32 33
32 39
29 40
30 40
31 40
32 40
33 36
33 35
33 37
33 34
33 38
33 39
33 33
28 32
29 32
30 32
27 32
31 32
0
Yes
29 16
29 15
30 15
30 16
31 16
31 15
30 14
29 14
31 14
32 15
32 16
32 14
33 16
0
No
0
Yes
13 42
13 41
14 41
14 42
15 42
0
Yes
20 42
20 43
20 44
20 45
20 46
20 47
20 48
20 49
21 42
21 43
21 44
21 45
21 46
21 47
21 48
21 49
22 42
22 43
22 44
22 45
22 46
22 47
22 48
22 49
23 42
23 43
23 44
23 45
23 46
23 47
23 48
23 49
24 42
24 43
24 44
24 45
24 46
24 47
24 48
24 49
25 42
25 43
25 44
25 45
25 46
25 47
25 48
25 49
26 42
26 43
26 44
26 45
26 46
26 47
26 48
26 49
27 42
27 43
27 44
27 45
27 46
27 47
27 48
27 49
28 42
28 43
28 44
28 45
28 46
28 47
28 48
28 49
29 42
29 43
29 44
29 45
29 46
29 47
29 48
29 49
30 42
30 43
30 44
30 45
30 46
30 47
30 48
30 49
0
Yes
16 18
15 18
15 17
16 17
15 19
16 19
16 16
15 16
14 17
14 18
14 19
14 16
14 20
15 20
13 18
13 17
13 19
13 16
13 20
15 15
14 15
16 15
13 15
12 17
12 18
12 19
12 16
12 20
0
Yes
36 30
36 31
35 31
37 31
35 32
36 32
37 32
34 32
38 32
38 31
36 33
35 33
37 33
34 33
38 33
39 31
39 32
39 33
35 34
36 34
37 34
38 34
34 34
39 34
40 32
40 33
40 31
40 34
36 35
35 35
37 35
38 35
39 35
34 35
40 35
41 31
41 32
41 33
41 34
41 35
35 36
36 36
37 36
38 36
39 36
40 36
34 36
41 36
42 32
42 33
42 34
42 35
42 31
42 36
36 37
35 37
37 37
38 37
39 37
40 37
41 37
34 37
42 37
43 31
43 32
0
No
0
No
0
Yes
12 26
11 26
11 27
12 27
13 27
12 28
11 28
13 28
10 27
10 26
10 28
14 28
14 27
9 26
9 27
9 28
11 29
12 29
13 29
10 29
14 29
9 29
15 27
15 28
15 29
12 30
11 30
13 30
10 30
14 30
9 30
15 30
8 27
8 28
8 29
8 26
8 30
16 28
16 29
16 27
16 30
11 31
12 31
13 31
10 31
14 31
9 31
15 31
8 31
16 31
17 27
17 28
17 29
17 30
17 31
12 32
11 32
13 32
10 32
14 32
9 32
15 32
16 32
8 32
17 32
18 28
18 29
18 30
18 31
18 27
18 32
18 26
19 26
19 27
19 28
19 29
19 30
19 31
19 32
11 33
12 33
13 33
10 33
14 33
9 33
15 33
16 33
17 33
18 33
8 33
19 25
12 34
11 34
13 34
10 34
14 34
9 34
15 34
16 34
17 34
8 34
18 34
20 27
20 26
20 28
20 29
20 30
20 31
20 32
0
Yes
49 7
48 7
48 8
49 8
49 9
48 9
47 8
47 7
47 9
46 7
46 8
46 9
48 10
47 10
49 10
46 10
49 11
48 11
45 8
45 9
45 7
0
Yes
19 35
18 35
20 35
20 36
21 36
21 35
21 37
20 37
22 35
22 36
22 37
23 37
23 38
24 38
24 37
24 36
25 36
25 37
25 38
24 39
23 39
25 39
22 39
22 40
23 40
24 40
25 40
21 40
21 41
22 41
23 41
24 41
25 41
26 37
26 38
26 39
26 40
26 36
26 41
27 36
27 37
27 38
27 39
27 40
27 41
28 37
28 38
28 39
28 40
28 36
28 41
29 41
17 35
17 36
16 35
15 35
15 36
14 36
14 35
13 35
13 36
12 36
12 35
11 35
11 36
11 37
10 36
10 35
10 37
10 38
11 38
12 38
12 39
11 39
10 39
11 40
10 40
9 35
9 36
9 37
9 38
9 39
9 40
10 41
11 41
9 41
8 36
8 37
8 38
8 39
8 40
8 35
8 41
7 35
7 36
7 37
7 38
7 39
7 40
7 41
7 34
8 42
7 42
6 38
6 39
6 40
6 41
6 42
7 43
6 43
5 42
5 43
6 44
7 44
5 44
7 45
6 45
4 43
4 42
4 44
6 46
7 46
7 47
6 47
3 42
3 43
6 48
7 48
7 49
6 49
0
No
0
No
0
No
0
Yes
14 5
13 5
13 6
14 6
15 6
15 5
14 7
13 7
15 7
16 7
16 6
13 8
14 8
15 8
16 8
14 9
15 9
13 9
16 9
0
Yes
32 29
31 29
31 28
32 28
31 30
32 30
32 27
31 27
32 31
31 31
30 28
30 29
30 30
30 27
30 31
29 29
29 28
29 30
29 27
29 31
31 26
30 26
29 26
28 28
28 29
28 30
28 27
28 31
28 26
30 25
29 25
31 25
28 25
27 29
27 28
27 30
27 27
27 26
27 31
27 25
31 24
30 24
29 24
28 24
27 24
26 28
26 29
26 30
26 27
26 31
30 23
29 23
28 23
31 23
27 23
26 32
25 29
25 30
25 31
25 32
26 25
24 30
24 31
0
No
0
No
0
Yes
15 15
14 15
14 16
15 16
16 16
16 15
15 17
14 17
16 17
13 16
13 15
13 17
12 15
12 16
12 17
14 18
15 18
13 18
16 18
12 18
15 19
14 19
13 19
16 19
12 19
11 16
11 17
11 18
11 15
11 19
10 15
10 16
10 17
14 20
15 20
13 20
12 20
9 16
9 15
0
Yes
40 44
39 44
39 43
40 43
41 43
41 44
40 42
39 42
41 42
42 44
42 43
42 42
38 43
38 44
38 42
38 45
37 44
37 43
37 42
39 41
40 41
41 41
38 41
42 41
37 41
40 40
39 40
41 40
38 40
42 40
37 40
43 41
43 40
39 39
40 39
41 39
38 39
42 39
37 39
43 39
0
No
0
No
0
Yes
5 41
4 41
4 40
5 40
5 39
4 39
3 40
3 41
3 39
2 41
2 40
2 39
2 42
4 38
3 38
5 38
2 38
1 40
1 41
1 39
1 42
1 38
1 43
2 43
0 41
0 40
0 42
0 39
0 43
0 38
0
Yes
0 23
0 22
1 22
1 23
1 24
0 24
0 25
1 25
2 23
2 24
2 22
2 25
1 21
0 21
2 21
0 20
1 20
2 20
1 26
0 26
2 26
3 22
3 23
3 24
3 21
3 25
3 20
3 26
0 27
1 27
2 27
3 27
4 23
4 22
4 24
4 21
4 25
4 26
4 20
4 27
1 19
2 19
3 19
0 19
4 19
0 18
1 18
2 18
3 18
4 18
3 28
0
No
0
Yes
44 46
44 45
45 45
45 46
45 47
44 47
44 48
45 48
46 46
46 47
46 45
46 48
45 44
44 44
46 44
43 44
44 43
45 43
43 43
46 43
45 49
44 49
46 49
47 45
47 46
47 47
47 44
47 48
47 43
47 49
48 46
48 45
48 47
48 44
48 48
48 43
48 49
43 42
44 42
45 42
46 42
47 42
48 42
44 41
45 41
46 41
47 41
48 41
49 45
49 46
49 47
49 44
49 48
49 43
49 42
49 49
49 41
0
Yes
13 6
13 7
13 8
13 9
14 6
14 7
14 8
14 9
15 6
15 7
15 8
15 9
16 6
16 7
16 8
16 9
0
No
0
Yes
37 8
37 7
38 7
38 8
38 9
37 9
37 10
38 10
39 8
39 9
39 7
39 10
38 6
39 6
38 11
37 11
39 11
40 7
40 8
40 9
40 10
40 6
40 11
39 5
38 5
40 5
37 12
38 12
39 12
40 12
41 8
41 7
41 9
41 6
41 10
41 11
41 5
41 12
40 4
41 4
38 13
39 13
40 13
37 13
41 13
42 7
42 8
42 9
42 6
42 10
42 5
42 11
42 12
42 4
42 13
37 14
38 14
39 14
40 14
41 14
42 14
43 8
43 7
43 9
43 6
43 10
43 5
43 11
43 12
43 13
43 4
43 14
36 14
41 3
42 3
40 3
43 3
39 3
39 2
40 2
41 2
36 15
37 15
44 7
44 8
44 9
44 6
44 10
44 5
44 11
44 4
44 12
44 13
44 3
44 14
0
No
0
No
0
Yes
12 31
11 31
11 30
12 30
11 32
12 32
13 30
13 31
13 32
12 29
11 29
13 29
12 33
11 33
13 33
14 31
14 30
14 32
14 29
14 33
10 30
10 31
10 32
10 29
10 33
9 31
9 30
9 32
9 29
9 33
11 28
12 28
13 28
10 28
14 28
9 28
11 34
12 34
13 34
10 34
14 34
9 34
15 30
15 31
15 32
15 29
15 33
15 28
15 34
12 27
11 27
13 27
10 27
14 27
9 27
15 27
16 31
16 30
16 32
16 29
16 33
16 28
16 34
16 27
8 30
8 31
8 32
8 29
8 33
8 28
8 34
8 27
7 31
7 30
7 32
7 29
7 33
7 28
7 27
11 26
12 26
10 26
9 26
8 26
7 26
17 30
17 31
17 32
17 29
17 33
17 28
17 34
17 27
18 31
18 30
18 32
18 29
18 33
18 28
18 34
18 27
6 30
6 31
6 32
6 29
6 28
6 27
6 33
6 26
6 34
5 31
5 30
5 32
5 29
5 33
5 28
5 27
5 34
5 26
19 30
19 31
19 32
19 29
19 28
19 27
18 26
19 26
20 31
20 30
20 29
20 28
20 27
20 32
20 26
4 30
4 31
4 32
4 29
4 33
4 28
4 34
0
No
0
Yes
21 30
21 29
22 29
22 30
22 31
21 31
21 32
0
Yes
23 0
23 1
23 2
23 3
23 4
23 5
23 6
24 0
24 1
24 2
24 3
24 4
24 5
24 6
25 0
25 1
25 2
25 3
25 4
25 5
25 6
26 0
26 1
26 2
26 3
26 4
26 5
26 6
27 0
27 1
27 2
27 3
27 4
27 5
27 6
28 0
28 1
28 2
28 3
28 4
28 5
28 6
29 0
29 1
29 2
29 3
29 4
29 5
29 6
0
No
0
No
0
Yes
41 15
41 16
42 16
42 15
43 15
43 16
42 17
41 17
43 17
44 16
44 15
44 17
43 18
42 18
44 18
45 15
45 16
45 17
45 18
42 19
43 19
44 19
45 19
45 14
46 14
46 15
46 13
45 13
45 12
46 17
46 18
46 19
45 20
46 20
46 21
45 21
47 20
47 21
47 22
46 22
48 21
48 20
48 22
0
Yes
5 35
4 35
4 36
5 36
6 36
6 35
5 37
4 37
6 37
3 36
3 35
3 37
3 34
2 35
2 36
2 34
2 37
2 33
3 33
3 32
2 32
1 34
1 35
1 36
1 33
1 37
1 32
0 35
0 34
0 36
0 33
0 37
0 32
1 31
0 31
3 31
0
No
0
No
0
Yes
46 8
45 8
45 7
46 7
45 9
46 9
47 7
47 8
47 9
46 10
45 10
47 10
48 8
48 9
48 7
48 10
45 11
46 11
49 7
49 8
49 9
49 10
0
Yes
0 25
0 24
1 24
1 25
1 26
0 26
0 27
1 27
2 25
2 26
2 24
2 27
1 23
0 23
2 23
0 22
1 22
2 22
3 24
3 25
3 26
3 23
3 27
3 22
4 25
4 24
4 26
4 23
4 27
4 22
1 21
2 21
3 21
0 21
4 21
0
Yes
1 20
0 20
0 19
1 19
2 19
2 20
1 18
0 18
2 18
3 20
3 19
3 18
0 17
1 17
2 17
3 17
4 19
4 18
4 20
4 17
0
No
0
Yes
19 44
18 44
18 43
19 43
0
Yes
37 10
37 9
38 9
38 10
38 11
37 11
37 12
38 12
39 10
39 11
39 9
39 12
38 8
37 8
39 8
37 7
38 7
39 7
38 13
37 13
39 13
40 9
40 10
40 11
40 8
40 12
40 7
40 13
37 14
38 14
39 14
40 14
41 10
41 9
41 11
41 8
41 12
41 13
0
Yes
44 36
43 36
43 35
44 35
43 37
44 37
44 38
43 38
42 35
42 36
42 37
42 38
42 34
43 34
41 36
41 35
41 37
41 34
41 38
43 33
42 33
41 33
40 35
40 36
40 37
40 34
40 38
40 33
42 32
41 32
43 32
40 32
39 36
39 35
39 37
39 34
39 33
39 38
39 32
43 31
42 31
41 31
40 31
39 31
38 35
38 36
38 37
38 34
38 33
38 32
38 38
38 31
42 30
41 30
40 30
39 30
43 30
38 30
37 36
37 35
37 37
37 34
37 33
37 32
37 31
37 38
37 30
43 29
42 29
41 29
40 29
39 29
38 29
0
Yes
30 6
30 5
31 5
31 6
31 7
30 7
29 7
30 8
29 8
31 8
32 6
32 7
32 5
32 8
31 4
30 4
32 4
30 3
31 3
32 3
29 9
30 9
31 9
32 9
33 5
33 6
33 7
33 4
33 8
33 3
33 9
30 10
31 10
32 10
29 10
33 10
34 6
34 5
34 7
34 4
34 8
34 9
34 3
34 10
31 2
32 2
33 2
30 2
30 1
31 1
32 1
33 1
29 11
30 11
31 11
32 11
33 11
34 11
35 5
35 6
35 7
35 4
35 8
35 9
35 10
35 11
28 11
30 12
29 12
31 12
32 12
33 12
34 12
28 12
35 12
36 6
36 7
36 8
36 9
36 10
36 11
36 12
31 0
32 0
30 0
33 0
36 4
0
Yes
19 49
20 49
20 48
21 48
21 49
21 47
20 47
22 49
22 48
22 47
20 46
21 46
22 46
19 46
23 48
23 47
23 49
23 46
21 45
20 45
22 45
23 45
24 49
24 48
24 47
24 46
24 45
20 44
21 44
22 44
23 44
24 44
19 44
19 43
20 43
21 43
22 43
23 43
24 43
18 43
18 44
25 48
25 47
25 46
25 45
25 44
25 49
25 43
26 49
26 48
26 47
26 46
26 45
26 44
26 43
20 42
21 42
22 42
23 42
24 42
25 42
26 42
27 48
27 47
27 46
27 45
27 44
27 43
27 49
27 42
21 41
22 41
23 41
24 41
25 41
26 41
27 41
28 49
28 48
28 47
28 46
28 45
28 44
28 43
28 42
28 41
22 40
23 40
24 40
25 40
26 40
27 40
21 40
28 40
20 40
29 48
29 47
29 46
29 45
29 44
29 43
29 42
29 41
29 49
23 39
22 39
24 39
25 39
26 39
27 39
28 39
30 49
30 48
30 47
30 46
30 45
30 44
30 43
30 42
30 41
31 48
31 47
31 46
31 45
31 44
31 43
31 49
24 38
23 38
25 38
26 38
27 38
28 38
0
Yes
44 10
43 10
43 9
44 9
43 11
44 11
44 8
43 8
44 12
43 12
42 9
42 10
42 11
42 8
42 12
41 10
41 9
41 11
41 8
41 12
43 7
42 7
44 7
41 7
43 13
42 13
44 13
41 13
44 6
43 6
42 6
41 6
44 14
43 14
42 14
41 14
40 9
40 10
40 11
40 8
40 12
40 7
40 13
40 6
40 14
45 6
39 10
39 9
39 11
39 8
39 12
39 7
39 13
39 6
39 14
43 5
44 5
42 5
41 5
40 5
45 5
39 5
44 4
43 4
42 4
41 4
40 4
45 4
38 9
38 10
38 11
38 8
38 12
38 7
38 13
38 6
38 14
38 5
0
Yes
7 45
6 45
6 44
7 44
6 46
7 46
7 43
6 43
7 47
6 47
5 44
5 45
5 46
5 43
5 47
4 45
4 44
4 46
4 43
4 47
6 42
5 42
7 42
4 42
6 48
5 48
7 48
4 48
8 42
7 41
6 41
8 41
7 49
6 49
5 49
4 49
3 44
3 45
3 46
3 43
3 47
3 48
3 42
3 49
9 41
2 45
2 44
2 46
2 47
2 48
2 49
6 40
7 40
8 40
9 40
10 40
10 41
11 41
11 40
7 39
8 39
9 39
10 39
6 39
11 39
1 44
1 45
1 46
1 47
1 48
1 49
0 45
0 46
0 47
0 48
0 44
0 49
6 38
7 38
8 38
9 38
10 38
11 38
12 39
12 38
7 37
8 37
9 37
10 37
11 37
6 37
5 37
6 36
7 36
8 36
9 36
10 36
5 36
11 36
4 36
4 37
3 37
3 36
7 35
6 35
8 35
0
Yes
36 31
35 31
35 32
36 32
36 33
35 33
34 32
34 33
35 34
36 34
34 34
36 35
35 35
34 35
35 36
36 36
34 36
0
No
0
No
0
Yes
46 5
46 4
47 4
47 5
47 6
46 6
48 5
48 4
48 6
47 3
46 3
48 3
45 3
46 2
47 2
45 2
48 2
49 4
49 5
49 3
49 6
49 2
0
Yes
0 11
0 10
1 10
1 11
1 12
0 12
0 13
1 13
2 11
2 12
2 10
2 13
1 9
0 9
2 9
0 8
1 8
2 8
1 14
0 14
2 14
3 10
3 11
3 12
3 9
3 13
3 8
3 14
0 15
1 15
2 15
3 15
4 11
4 10
4 12
4 9
4 13
4 14
4 8
4 15
1 7
2 7
3 7
0 7
4 7
0 6
1 6
2 6
3 6
4 6
1 16
2 16
3 16
0 16
4 16
5 10
5 11
5 12
5 9
5 13
5 8
5 14
5 7
5 15
5 6
5 16
6 11
6 10
6 12
6 9
6 13
6 8
6 14
6 7
6 15
6 6
6 16
1 5
2 5
3 5
4 5
5 5
0 5
6 5
0 4
1 4
2 4
3 4
4 4
5 4
6 4
7 10
7 11
7 12
7 9
7 13
7 8
7 14
7 7
7 15
7 6
7 5
7 16
7 4
5 17
6 17
7 17
8 11
8 10
8 12
8 9
8 13
8 8
8 14
8 7
8 15
8 6
8 16
8 5
8 17
8 4
1 3
2 3
3 3
4 3
5 3
6 3
7 3
0 3
8 3
0 2
1 2
2 2
0
Yes
44 34
44 33
45 33
45 34
46 34
46 33
45 32
44 32
46 32
44 31
45 31
46 31
47 33
47 32
47 34
47 31
48 34
48 33
48 32
48 31
45 30
46 30
47 30
44 30
48 30
44 29
45 29
46 29
47 29
48 29
49 33
49 32
49 31
49 30
49 34
49 29
45 28
46 28
0
Yes
36 32
35 32
35 31
36 31
35 33
36 33
36 30
0
Yes
44 34
44 33
45 33
45 34
46 34
46 33
45 32
44 32
46 32
44 31
45 31
46 31
47 33
47 32
47 34
47 31
48 34
48 33
48 32
48 31
45 30
46 30
47 30
44 30
48 30
44 29
45 29
46 29
47 29
48 29
49 33
49 32
49 31
49 30
49 34
49 29
45 28
46 28
47 28
48 28
44 28
49 28
43 28
0
Yes
42 20
42 21
42 22
43 20
43 21
43 22
44 20
44 21
44 22
0
Yes
17 6
17 5
16 5
18 5
18 6
18 7
17 7
17 8
18 8
19 6
19 7
19 5
19 8
16 4
17 4
18 4
19 4
15 4
15 5
17 3
16 3
18 3
15 3
19 3
14 5
14 4
18 9
17 9
19 9
20 5
20 6
20 7
20 4
20 8
20 3
20 9
17 10
18 10
19 10
20 10
21 6
21 5
21 7
21 4
21 8
21 9
21 3
21 10
16 2
17 2
18 2
19 2
20 2
15 2
21 2
16 10
17 1
16 1
18 1
19 1
20 1
15 1
21 1
16 11
17 11
18 11
19 11
20 11
21 11
22 5
22 6
22 7
22 4
22 3
22 2
22 1
15 11
15 10
14 10
14 11
17 12
16 12
18 12
15 12
19 12
20 12
14 12
21 12
16 0
17 0
18 0
19 0
20 0
21 0
0
Yes
0 0
0 1
1 0
1 1
2 0
2 1
3 0
3 1
0
Yes
4 21
3 21
3 22
4 22
5 22
5 21
5 20
4 23
3 23
5 23
6 21
6 22
6 20
6 23
2 22
2 21
2 23
6 19
5 19
1 21
1 22
1 23
3 24
4 24
5 24
2 24
6 24
1 24
5 18
6 18
7 20
7 21
7 22
7 19
7 23
7 18
7 24
4 25
3 25
5 25
2 25
6 25
1 25
7 25
8 21
8 20
8 22
8 19
8 23
8 24
8 18
8 25
0 22
0 23
0 24
0 21
0 25
3 26
4 26
2 26
1 26
0 26
9 20
9 21
9 22
9 19
9 23
9 24
9 18
9 25
4 27
3 27
2 27
1 27
0 27
10 21
10 20
10 22
10 19
10 23
10 24
10 18
10 25
0
Yes
38 49
39 49
39 48
40 48
40 49
40 47
39 47
38 47
41 49
41 48
41 47
39 46
40 46
41 46
42 48
42 47
42 49
42 46
40 45
41 45
39 45
42 45
38 45
38 44
39 44
40 44
41 44
42 44
43 49
43 48
43 47
43 46
43 45
43 44
37 44
37 43
38 43
39 43
40 43
41 43
42 43
43 43
44 48
44 47
44 46
44 45
44 44
44 49
44 43
38 42
39 42
40 42
41 42
42 42
43 42
37 42
44 42
45 49
45 48
45 47
45 46
45 45
45 44
45 43
45 42
37 41
38 41
39 41
40 41
41 41
42 41
43 41
44 41
45 41
46 48
46 47
46 46
46 45
46 44
46 43
46 42
46 49
46 41
38 40
39 40
40 40
41 40
42 40
43 40
44 40
45 40
37 40
46 40
47 49
47 48
47 47
47 46
47 45
47 44
47 43
47 42
47 41
47 40
36 40
37 39
38 39
39 39
40 39
41 39
42 39
43 39
44 39
45 39
46 39
36 39
47 39
48 48
48 47
48 46
48 45
48 44
48 43
48 42
48 41
48 40
0
No
0
Yes
31 41
31 40
30 40
32 40
30 39
31 39
32 39
29 39
29 40
33 39
31 38
30 38
32 38
29 38
33 38
30 37
31 37
32 37
29 37
33 37
34 38
34 39
34 37
34 40
35 40
35 39
35 38
35 37
28 37
31 36
30 36
32 36
29 36
33 36
34 36
28 36
35 36
36 38
36 37
36 36
30 35
31 35
32 35
29 35
33 35
34 35
35 35
28 35
36 35
27 36
27 37
27 35
26 37
26 36
26 35
31 34
30 34
32 34
29 34
33 34
28 34
34 34
27 34
35 34
26 34
36 34
25 36
25 37
24 37
24 36
30 33
31 33
32 33
29 33
33 33
28 33
34 33
27 33
26 33
31 32
30 32
32 32
29 32
28 32
27 32
34 32
25 33
23 37
22 37
22 36
21 36
21 37
21 35
22 35
20 37
20 36
20 35
19 35
0
Yes
45 8
45 7
46 7
46 8
46 9
45 9
45 10
46 10
47 8
47 9
47 7
47 10
46 11
45 11
48 7
48 8
48 9
48 10
49 8
49 9
49 7
49 10
0
Yes
49 46
48 46
48 45
49 45
48 47
49 47
49 44
48 44
49 48
48 48
47 45
47 46
47 47
47 44
47 48
46 46
46 45
46 47
46 44
46 48
48 43
47 43
49 43
46 43
48 49
47 49
49 49
46 49
49 42
48 42
47 42
46 42
45 45
45 46
45 47
45 44
45 48
45 43
45 49
45 42
44 46
44 45
44 47
44 44
44 48
44 43
44 49
44 42
48 41
47 41
46 41
45 41
49 41
44 41
49 40
48 40
47 40
46 40
45 40
44 40
43 45
43 46
43 47
43 44
43 48
43 43
43 42
43 41
43 49
43 40
42 46
42 45
42 47
42 44
42 48
42 43
42 42
42 41
42 49
0
Yes
13 10
12 10
12 9
13 9
12 11
13 11
14 9
13 8
12 8
14 8
13 12
12 12
11 9
11 10
11 11
11 8
11 12
15 8
15 9
10 10
10 9
10 11
10 8
10 12
12 7
13 7
14 7
11 7
15 7
10 7
12 13
11 13
13 13
10 13
14 13
16 9
16 8
16 7
13 6
12 6
14 6
11 6
15 6
10 6
16 6
13 14
12 14
11 14
14 14
10 14
9 9
9 10
9 11
9 8
9 12
9 7
9 13
9 6
9 14
15 14
15 13
16 13
16 14
8 10
8 9
8 11
8 8
8 12
8 7
0
Yes
13 36
12 36
12 35
13 35
0
Yes
8 44
8 43
9 43
9 44
9 45
8 45
8 46
9 46
10 44
10 45
10 43
10 46
9 42
10 42
9 47
8 47
10 47
11 43
11 44
11 45
11 46
11 42
11 47
8 48
9 48
10 48
11 48
12 44
12 43
12 45
12 46
12 47
12 42
12 48
9 49
10 49
11 49
8 49
12 49
13 43
13 44
13 46
13 47
13 48
0
Yes
14 9
13 9
13 8
14 8
13 10
14 10
15 8
15 9
15 10
14 7
13 7
15 7
14 11
13 11
15 11
16 9
16 8
16 10
16 7
16 11
12 8
12 9
12 10
12 7
12 11
11 9
11 8
11 10
11 7
11 11
13 6
14 6
15 6
12 6
16 6
11 6
13 12
14 12
15 12
12 12
16 12
11 12
17 8
17 9
17 10
17 7
17 11
17 6
17 12
14 5
13 5
15 5
12 5
16 5
11 5
17 5
14 13
13 13
15 13
12 13
16 13
11 13
18 9
18 8
18 10
18 7
18 11
18 6
18 12
18 5
10 8
10 9
10 10
10 7
10 11
10 6
10 12
10 5
10 13
9 9
9 8
9 10
9 7
9 11
9 6
9 12
9 5
9 13
13 14
14 14
15 14
12 14
11 14
10 14
16 14
9 14
15 4
14 4
16 4
17 4
18 4
19 8
19 9
19 10
19 7
19 11
19 6
19 5
19 12
19 4
20 9
20 8
20 10
20 7
20 11
20 6
20 5
20 12
20 4
8 8
8 9
8 10
8 7
8 11
8 6
8 12
8 13
8 5
8 14
16 3
15 3
17 3
18 3
19 3
20 3
7 9
7 8
7 10
7 7
7 11
7 6
7 12
7 13
7 5
7 14
0
Yes
29 16
29 15
30 15
30 16
31 16
31 15
30 14
29 14
31 14
32 15
32 16
32 14
31 13
30 13
32 13
33 16
33 15
33 14
33 13
34 15
34 14
34 16
34 13
0
Yes
29 0
28 0
28 1
29 1
29 2
28 2
27 1
27 0
27 2
26 0
26 1
26 2
28 3
27 3
29 3
26 3
29 4
28 4
27 4
26 4
25 1
25 2
25 3
25 0
25 4
24 0
24 1
24 2
24 3
24 4
28 5
27 5
26 5
25 5
29 5
24 5
29 6
28 6
27 6
26 6
25 6
24 6
23 1
23 2
23 3
23 4
23 5
23 0
23 6
22 0
22 1
22 2
22 3
22 4
22 5
22 6
28 7
27 7
26 7
25 7
24 7
23 7
22 7
21 1
21 2
21 3
21 4
21 5
0
Yes
0 43
0 42
1 42
1 43
2 43
2 42
1 41
0 41
2 41
0 40
1 40
2 40
3 41
3 40
1 39
2 39
0 39
3 39
0 38
1 38
2 38
3 38
4 40
4 39
4 41
4 38
5 41
5 40
5 39
5 38
1 37
2 37
0 37
0 36
1 36
2 36
0
Yes
0 4
0 3
1 3
1 4
1 5
0 5
0 6
1 6
2 4
2 5
2 3
2 6
1 2
0 2
2 2
0 1
1 1
2 1
1 7
0 7
2 7
3 3
3 4
3 5
3 2
3 6
3 1
3 7
0 8
1 8
2 8
3 8
4 4
4 3
4 5
4 2
4 6
4 7
4 1
4 8
1 0
2 0
3 0
0 0
4 0
1 9
2 9
3 9
0 9
4 9
5 3
5 4
5 5
5 2
5 6
5 1
5 7
5 8
5 0
5 9
0 10
1 10
2 10
3 10
4 10
5 10
6 4
6 3
6 5
6 2
6 6
6 1
6 7
6 8
6 9
6 0
6 10
1 11
2 11
3 11
4 11
5 11
0 11
6 11
7 3
7 4
7 2
7 1
7 0
0 12
1 12
2 12
3 12
4 12
5 12
6 12
8 4
8 3
8 2
8 1
8 0
1 13
2 13
3 13
4 13
5 13
0 13
6 13
9 3
9 2
9 1
9 4
9 0
0 14
1 14
2 14
3 14
4 14
5 14
6 14
1 15
2 15
3 15
4 15
5 15
0 15
6 15
0 16
1 16
2 16
0
Yes
17 13
17 14
17 15
17 16
17 17
17 18
17 19
18 13
18 14
18 15
18 16
18 17
18 18
18 19
19 13
19 14
19 15
19 16
19 17
19 18
19 19
20 13
20 14
20 15
20 16
20 17
20 18
20 19
21 13
21 14
21 15
21 16
21 17
21 18
21 19
0
Yes
29 41
28 41
28 40
28 42
29 42
30 42
30 41
29 43
28 43
30 43
27 40
27 41
27 42
27 43
27 39
28 39
31 43
26 41
26 40
26 42
26 39
26 43
28 38
27 38
26 38
28 44
29 44
30 44
27 44
31 44
26 44
29 45
28 45
30 45
27 45
31 45
26 45
25 40
25 41
25 42
25 39
25 43
25 44
25 38
25 45
32 44
32 43
24 41
24 40
24 42
24 39
24 43
24 44
24 38
24 45
28 46
29 46
30 46
27 46
26 46
25 46
31 46
24 46
29 47
28 47
30 47
27 47
26 47
25 47
31 47
24 47
23 40
23 41
23 42
23 39
23 43
23 44
23 45
23 46
23 38
23 47
32 47
22 41
22 40
22 42
22 39
22 43
22 44
22 45
22 46
22 47
28 48
29 48
30 48
27 48
31 48
26 48
25 48
24 48
23 48
32 48
22 48
29 49
28 49
30 49
27 49
31 49
26 49
25 49
24 49
23 49
32 49
22 49
21 40
21 41
21 42
21 43
21 44
21 45
21 46
21 47
21 48
0
Yes
17 6
17 7
17 8
17 9
17 10
17 11
17 12
18 6
18 7
18 8
18 9
18 10
18 11
18 12
19 6
19 7
19 8
19 9
19 10
19 11
19 12
20 6
20 7
20 8
20 9
20 10
20 11
20 12
21 6
21 7
21 8
21 9
21 10
21 11
21 12
0
Yes
36 39
36 40
37 39
37 40
38 39
38 40
39 39
39 40
0
Yes
8 45
8 44
9 44
9 45
9 46
8 46
8 47
9 47
10 45
10 46
10 44
10 47
9 43
8 43
10 43
9 48
8 48
10 48
11 44
11 45
11 46
11 47
11 43
11 48
10 42
9 42
11 42
8 49
9 49
10 49
11 49
12 45
12 44
12 46
12 43
12 47
12 48
12 42
0
Yes
45 35
45 36
46 36
46 35
47 35
47 36
46 37
45 37
47 37
45 38
46 38
47 38
48 36
48 37
48 35
48 38
49 35
49 36
49 37
49 38
46 39
47 39
0
Yes
22 13
22 14
22 15
22 16
22 17
22 18
22 19
23 13
23 14
23 15
23 16
23 17
23 18
23 19
24 13
24 14
24 15
24 16
24 17
24 18
24 19
0
Yes
22 31
21 31
21 30
22 30
21 32
23 30
22 29
21 29
23 29
20 30
20 31
20 32
20 29
24 29
19 31
19 30
19 32
19 29
21 28
22 28
23 28
20 28
24 28
19 28
18 30
18 31
18 29
18 32
18 28
23 27
18 33
20 27
21 27
19 27
18 27
17 31
17 30
17 32
17 29
17 28
17 33
17 27
17 34
18 34
18 35
17 35
19 35
19 26
20 26
18 26
16 30
16 31
16 32
16 29
16 33
16 28
16 34
16 27
16 35
15 31
15 30
15 32
15 29
15 33
15 28
15 34
15 27
15 35
17 36
14 30
14 31
14 32
14 29
14 33
14 28
14 34
14 27
14 35
15 36
14 36
13 31
13 30
13 32
13 29
13 33
13 28
13 34
13 35
13 27
13 36
14 26
13 26
12 30
12 31
12 32
12 29
12 33
12 28
12 34
12 27
12 35
12 26
12 36
13 25
14 25
12 25
15 25
0
Yes
32 32
31 32
31 33
32 33
33 33
32 34
31 34
33 34
30 33
30 32
30 34
34 34
34 33
34 32
29 32
29 33
29 34
31 35
32 35
33 35
30 35
34 35
29 35
32 36
31 36
33 36
30 36
34 36
29 36
28 33
28 34
28 35
28 32
28 36
35 35
35 34
35 36
36 34
36 35
36 36
27 32
27 33
27 34
27 35
27 36
31 37
32 37
33 37
30 37
34 37
29 37
35 37
28 37
36 37
27 37
32 38
31 38
33 38
30 38
34 38
29 38
35 38
36 38
26 33
26 34
26 35
26 36
26 37
31 39
32 39
33 39
30 39
34 39
0
Yes
15 24
14 24
14 23
15 23
16 23
16 24
15 22
14 22
16 22
13 23
13 24
13 22
17 22
17 23
12 24
12 23
12 22
14 21
15 21
16 21
13 21
17 21
12 21
11 23
11 22
11 24
0
Yes
24 36
24 37
25 36
25 37
26 36
26 37
27 36
27 37
0
Yes
2 44
2 45
2 46
2 47
2 48
2 49
3 44
3 45
3 46
3 47
3 48
3 49
4 44
4 45
4 46
4 47
4 48
4 49
5 44
5 45
5 46
5 47
5 48
5 49
6 44
6 45
6 46
6 47
6 48
6 49
7 44
7 45
7 46
7 47
7 48
7 49
0
Yes
30 40
29 40
29 39
30 39
0
Yes
2 40
2 41
2 42
2 43
3 40
3 41
3 42
3 43
4 40
4 41
4 42
4 43
5 40
5 41
5 42
5 43
6 40
6 41
6 42
6 43
7 40
7 41
7 42
7 43
0
Yes
0 21
0 22
0 23
0 24
0 25
0 26
0 27
1 21
1 22
1 23
1 24
1 25
1 26
1 27
2 21
2 22
2 23
2 24
2 25
2 26
2 27
3 21
3 22
3 23
3 24
3 25
3 26
3 27
4 21
4 22
4 23
4 24
4 25
4 26
4 27
5 21
5 22
5 23
5 24
5 25
5 26
5 27
6 21
6 22
6 23
6 24
6 25
6 26
6 27
7 21
7 22
7 23
7 24
7 25
7 26
7 27
0
Yes
48 1
47 1
47 0
48 0
49 0
49 1
0
Yes
34 7
34 8
34 9
34 10
34 11
34 12
34 13
35 7
35 8
35 9
35 10
35 11
35 12
35 13
36 7
36 8
36 9
36 10
36 11
36 12
36 13
37 7
37 8
37 9
37 10
37 11
37 12
37 13
0
Yes
22 21
21 21
21 20
22 20
21 22
23 20
20 20
20 21
20 19
21 19
19 21
19 20
19 19
21 18
20 18
19 18
18 20
18 19
18 18
20 17
19 17
21 17
18 17
21 16
20 16
19 16
18 16
17 19
17 18
17 17
17 20
17 16
16 20
20 15
19 15
18 15
21 15
17 15
21 14
20 14
19 14
18 14
17 14
20 13
19 13
18 13
21 13
17 13
21 12
20 12
19 12
18 12
17 12
16 14
16 13
16 12
20 11
19 11
18 11
17 11
21 11
16 11
15 13
15 12
15 14
15 11
14 14
14 13
14 12
14 11
21 10
20 10
19 10
18 10
17 10
16 10
15 10
14 10
22 10
13 13
13 12
13 11
13 14
13 10
20 9
21 9
19 9
18 9
17 9
16 9
15 9
14 9
13 9
12 14
12 13
12 12
12 11
12 10
12 9
21 8
20 8
19 8
18 8
17 8
16 8
15 8
14 8
13 8
12 8
