0
Yes
37 34
37 35
38 34
38 35
36 34
36 35
37 33
37 36
38 33
38 36
36 33
36 36
37 32
0
Yes
12 29
11 29
11 28
11 30
10 28
10 29
10 30
10 27
11 27
9 29
9 28
9 30
9 27
8 28
8 29
8 30
8 27
8 31
7 29
7 28
7 30
7 27
7 31
8 26
7 26
6 28
6 29
6 30
6 27
6 31
6 26
7 25
8 25
6 25
9 25
9 24
8 24
7 24
6 24
5 29
5 28
5 30
5 27
5 26
5 25
5 24
8 23
7 23
6 23
9 23
5 23
10 23
10 22
9 22
8 22
7 22
11 22
4 28
4 29
4 27
4 26
4 25
4 24
4 30
11 21
10 21
9 21
8 21
7 21
4 31
3 29
3 28
3 30
3 27
3 31
10 20
9 20
8 20
3 32
4 32
4 33
3 33
3 25
2 28
2 29
2 30
2 31
2 32
2 27
2 33
8 19
1 29
1 28
1 30
1 31
1 32
1 27
1 33
2 34
1 34
7 19
0 28
0 29
0 30
0 31
0 32
0 33
0 27
7 18
6 18
6 19
5 19
5 18
5 20
6 17
7 17
5 17
8 17
10 19
2 25
2 24
1 24
2 35
9 17
4 19
0 24
0 25
0 23
3 19
0
Yes
3 48
2 48
3 47
3 49
4 48
2 47
2 49
4 47
4 49
1 48
3 46
5 48
1 47
1 49
2 46
4 46
5 47
5 49
1 46
5 46
0 48
0 47
0 49
0 46
0
Yes
48 46
49 46
48 45
48 47
49 45
49 47
47 46
47 45
47 47
48 44
49 44
47 44
0
Yes
19 22
20 22
19 21
20 21
0
Yes
40 21
40 22
40 23
41 21
41 22
41 23
0
Yes
0 0
0 1
1 1
1 0
2 1
2 0
2 2
1 2
0 2
0 3
1 3
2 3
3 2
3 1
3 0
3 3
1 4
2 4
0 4
3 4
4 0
4 1
4 2
4 3
4 4
0 5
1 5
2 5
3 5
4 5
5 2
5 3
5 4
5 5
1 6
2 6
3 6
4 6
0 6
0
Yes
23 11
23 12
24 11
24 12
22 11
22 12
23 10
24 10
22 10
0
Yes
8 0
8 1
8 2
8 3
8 4
8 5
9 0
9 1
9 2
9 3
9 4
9 5
10 0
10 1
10 2
10 3
10 4
10 5
11 0
11 1
11 2
11 3
11 4
11 5
12 0
12 1
12 2
12 3
12 4
12 5
0
Yes
42 31
42 32
43 32
43 33
44 33
44 32
45 33
45 32
45 34
44 34
43 34
46 34
46 33
46 32
46 31
45 31
44 31
44 30
45 30
46 30
47 31
47 32
47 33
47 30
47 34
46 35
45 35
47 35
44 35
45 29
46 29
44 29
47 29
48 30
48 31
48 32
48 33
48 34
48 29
48 35
47 36
46 36
45 36
48 36
44 28
45 28
46 28
47 28
48 28
49 31
49 30
49 32
49 33
49 34
49 29
49 35
49 28
49 36
0
Yes
30 36
29 36
29 35
30 35
29 34
30 34
28 34
28 35
28 36
27 36
27 35
27 34
28 33
29 33
30 33
27 33
26 35
26 34
26 36
26 33
30 32
29 32
28 32
27 32
26 32
25 36
25 35
25 34
25 33
25 32
26 37
27 37
28 37
29 31
28 31
27 31
26 31
25 31
30 31
0
Yes
49 21
49 20
48 20
48 19
49 19
47 19
47 20
49 18
48 18
47 18
48 17
49 17
47 17
46 17
49 16
48 16
47 16
46 16
48 15
47 15
49 15
46 15
45 16
45 15
49 14
48 14
47 14
46 14
45 14
44 15
44 16
44 14
44 17
43 17
43 16
43 15
43 14
43 18
42 18
42 17
42 16
42 15
42 14
48 13
47 13
49 13
41 17
41 16
41 15
41 18
41 14
45 13
44 13
43 13
42 13
41 13
49 12
47 12
40 18
40 17
40 16
40 15
40 14
40 13
44 12
43 12
42 12
41 12
45 12
40 12
45 11
44 11
43 11
42 11
41 11
40 11
39 16
44 10
43 10
42 10
41 10
45 10
40 10
39 14
39 13
45 9
44 9
46 9
46 8
45 8
47 8
47 9
48 9
48 8
49 8
49 9
49 10
49 11
38 13
42 9
41 9
40 9
49 7
48 7
47 7
39 11
48 6
49 6
47 6
41 8
42 8
40 8
46 6
42 7
41 7
40 7
49 5
48 5
47 5
46 5
48 4
47 4
49 4
46 4
39 7
45 4
40 6
39 6
49 3
48 3
47 3
46 3
45 3
38 6
38 7
37 7
37 8
39 5
40 5
41 5
41 4
48 2
47 2
46 2
49 2
45 2
0
Yes
24 37
23 37
23 36
24 36
23 35
24 35
22 35
22 36
22 37
21 37
21 36
21 35
22 34
23 34
21 34
24 34
20 36
20 35
20 37
20 34
21 33
22 33
20 33
23 33
0
Yes
17 16
17 17
16 16
16 17
18 16
18 17
17 15
17 18
16 15
16 18
18 15
18 18
15 16
15 17
15 15
15 18
17 14
16 14
18 14
15 14
0
Yes
21 32
20 32
20 31
19 31
19 32
19 33
19 30
20 30
18 32
18 31
18 33
18 30
20 29
19 29
18 29
18 34
19 34
19 35
18 35
17 31
17 32
17 33
17 30
17 29
19 28
18 28
17 28
16 32
16 31
16 33
17 35
18 36
19 36
17 36
19 37
18 37
17 37
16 29
18 27
19 27
15 31
15 32
15 33
19 26
18 26
20 26
16 36
16 35
14 32
14 31
20 25
19 25
18 25
21 25
21 26
17 26
19 24
20 24
18 24
17 24
18 23
17 23
16 23
17 22
18 22
16 22
16 21
15 21
15 29
15 28
15 36
13 32
14 36
0
Yes
18 49
17 49
17 48
18 48
19 48
19 49
18 47
17 47
19 47
20 49
20 48
20 47
16 48
16 49
16 47
15 49
15 48
15 47
17 46
18 46
19 46
16 46
20 46
15 46
21 48
21 47
21 49
21 46
18 45
17 45
19 45
16 45
20 45
15 45
21 45
22 49
22 48
22 47
22 46
22 45
14 48
14 47
14 46
14 49
14 45
13 49
13 48
13 47
13 46
13 45
17 44
18 44
19 44
16 44
20 44
15 44
21 44
14 44
13 44
23 48
23 47
23 46
23 49
18 43
17 43
16 43
15 43
14 43
24 49
24 48
24 47
24 46
12 48
12 47
12 46
12 45
12 49
20 43
11 49
11 48
11 47
11 46
11 45
25 48
25 47
25 49
25 46
24 45
25 45
15 42
26 49
26 48
10 48
10 47
10 46
10 49
0
Yes
11 42
10 42
10 41
11 41
10 40
11 40
9 40
9 41
9 42
8 42
8 41
8 40
7 41
7 42
7 40
8 43
9 43
10 43
7 43
6 40
6 41
6 42
6 43
7 39
8 39
6 39
9 39
10 44
9 44
8 44
7 44
6 44
0
Yes
23 40
22 40
22 39
22 41
23 41
21 41
21 40
21 39
22 42
23 42
24 42
24 43
25 43
25 42
26 43
26 42
26 44
25 44
24 44
27 44
27 43
27 42
28 42
28 43
28 44
28 41
27 41
26 41
29 41
29 42
29 43
29 44
29 40
28 40
27 40
28 45
29 45
27 45
26 45
30 45
30 44
30 43
30 42
30 41
30 40
30 46
29 46
28 46
31 46
31 45
31 44
31 43
31 42
31 41
31 40
30 39
31 39
31 38
31 47
30 47
32 47
32 46
32 45
32 44
32 43
32 42
32 41
28 39
28 47
20 41
0
Yes
12 39
12 40
11 40
11 41
10 41
10 40
9 40
9 41
9 39
10 42
11 42
9 42
8 39
8 40
8 41
8 42
8 38
9 43
10 43
8 43
7 38
7 39
7 40
7 41
7 42
7 43
7 37
8 37
9 37
9 36
8 36
7 36
10 36
10 35
9 35
8 35
7 35
11 35
11 34
10 34
9 34
8 34
7 34
10 44
9 44
8 44
7 44
6 39
6 38
6 40
6 41
6 42
6 43
6 44
10 33
9 33
11 33
12 33
6 36
6 35
6 34
9 45
8 45
7 45
10 45
12 32
11 32
10 32
5 40
5 39
5 42
5 43
5 44
8 46
9 46
6 33
9 47
8 47
0
Yes
43 49
43 48
44 48
44 49
45 48
45 49
45 47
44 47
43 47
43 46
44 46
45 46
46 47
46 48
46 49
46 46
43 45
44 45
43 44
44 44
42 44
42 45
42 46
41 46
41 45
41 44
42 43
43 43
44 43
41 43
40 45
40 44
40 46
40 43
43 42
42 42
41 42
40 42
44 42
39 46
39 45
39 44
39 43
39 42
42 41
41 41
40 41
39 41
38 45
38 44
38 43
38 42
38 46
38 41
38 47
39 47
40 47
40 40
39 40
38 40
37 47
37 46
37 45
37 44
37 43
37 48
38 48
39 48
39 49
38 49
37 49
36 49
36 48
36 47
36 46
36 45
36 44
35 48
35 47
35 46
35 45
35 49
35 44
34 49
34 48
34 47
34 46
34 45
34 44
33 48
33 47
33 46
33 45
33 49
33 44
33 43
34 43
0
Yes
25 4
24 4
24 5
25 5
24 6
25 6
26 6
26 5
26 4
23 6
23 5
23 4
22 4
22 5
22 6
21 5
21 4
21 6
22 7
23 7
24 7
21 7
21 3
22 3
23 3
20 3
20 4
20 5
20 6
23 2
22 2
21 2
22 1
0
Yes
26 6
25 6
25 5
26 5
25 4
26 4
24 4
24 5
24 6
23 6
23 5
23 4
22 5
22 6
22 4
21 4
21 5
21 6
22 7
23 7
24 7
21 7
21 3
22 3
23 3
20 3
20 4
0
Yes
23 33
22 33
22 34
23 34
22 35
23 35
21 35
21 34
21 33
20 33
20 34
20 35
21 36
22 36
23 36
20 36
24 36
24 35
24 34
23 37
22 37
21 37
24 37
20 37
0
Yes
10 10
9 10
9 11
10 11
9 12
10 12
9 13
10 13
11 13
11 12
11 11
8 13
8 12
8 11
7 11
7 12
7 13
6 12
6 13
6 11
6 14
7 14
8 14
12 13
12 12
12 14
11 14
10 14
13 14
13 13
13 12
13 15
12 15
11 15
14 15
14 14
14 13
5 12
6 15
5 13
7 15
0
No
0
No
0
No
0
No
0
No
0
Yes
18 5
17 5
17 4
17 6
18 6
19 6
18 7
17 7
19 7
16 4
16 5
16 6
16 7
16 3
17 3
18 3
18 2
17 2
16 2
15 6
15 7
17 8
18 8
16 8
19 8
15 8
15 3
15 4
15 2
18 9
17 9
16 9
19 9
17 1
16 1
18 1
15 1
19 1
14 7
14 8
18 0
17 0
16 0
19 0
15 0
17 10
18 10
19 10
20 0
20 1
21 1
21 0
21 2
22 2
22 1
22 0
20 10
14 1
14 0
14 9
13 8
13 7
13 9
18 11
19 11
17 11
12 7
12 6
16 11
23 1
23 2
23 0
24 2
24 1
24 0
11 6
11 7
13 0
13 1
13 2
13 10
17 12
18 12
19 12
16 12
20 12
11 8
18 13
17 13
19 13
16 13
25 1
25 2
10 7
10 6
15 13
26 2
26 1
9 6
9 7
9 8
8 7
8 6
7 6
7 7
7 5
7 8
6 5
6 6
6 7
6 8
6 4
7 4
6 9
5 6
5 7
5 8
4 7
4 8
4 9
3 8
3 7
3 9
2 7
2 8
2 9
1 8
1 7
1 9
1 10
0 7
0 8
0 9
0 10
0 11
1 11
2 11
2 12
1 12
0 12
3 12
1 13
2 13
0 13
2 14
1 14
0 14
0
No
0
No
0
No
0
No
0
No
0
Yes
49 0
48 0
48 1
49 1
47 1
47 0
46 1
46 0
45 1
45 0
0
No
0
Yes
40 21
40 22
40 23
40 24
41 21
41 22
41 23
41 24
0
Yes
31 49
32 49
31 48
32 48
30 49
30 48
0
No
0
No
0
No
0
No
0
Yes
29 11
30 11
30 10
31 10
31 11
32 10
32 11
31 12
32 12
31 13
32 13
33 13
33 12
33 11
34 11
34 12
34 13
33 14
34 14
32 14
31 14
33 15
34 15
35 15
35 14
35 13
36 13
36 14
36 15
31 9
32 9
35 16
33 9
36 16
0
No
0
No
0
No
0
No
0
No
0
No
0
No
0
Yes
47 32
46 32
47 31
47 33
48 32
46 31
46 33
48 31
48 33
45 32
47 30
47 34
49 32
45 31
45 33
46 30
46 34
48 30
48 34
49 31
49 33
45 30
45 34
49 30
49 34
44 32
47 29
47 35
44 31
44 33
46 29
46 35
48 29
48 35
44 30
44 34
45 29
45 35
49 29
49 35
47 28
47 36
46 28
46 36
48 28
48 36
44 29
44 35
45 28
45 36
49 28
49 36
44 28
47 27
46 27
48 27
49 27
0
No
0
No
0
No
0
No
0
No
0
Yes
0 0
0 1
1 1
1 0
2 1
2 0
2 2
1 2
0 2
0 3
1 3
2 3
3 2
3 1
3 0
3 3
1 4
2 4
0 4
3 4
4 0
4 1
4 2
4 3
4 4
0 5
1 5
2 5
3 5
4 5
5 2
5 3
0
No
0
No
0
No
0
Yes
18 14
17 14
17 13
18 13
17 15
18 15
19 13
18 12
17 12
19 12
18 16
17 16
16 13
16 14
16 15
16 12
16 16
20 12
15 14
15 13
15 15
15 16
17 11
18 11
19 11
16 11
17 17
16 17
18 17
15 17
18 10
17 10
19 10
18 18
17 18
16 18
15 18
15 11
14 16
20 10
17 9
18 9
19 9
17 19
16 19
16 9
14 18
18 8
17 8
19 8
16 8
15 8
17 7
18 7
16 7
19 7
15 7
18 6
17 6
16 6
19 6
15 6
14 7
14 8
14 9
13 9
13 8
13 7
13 10
0
Yes
7 8
6 8
6 7
7 7
6 6
7 6
5 6
5 7
5 8
4 8
4 7
4 6
5 5
6 5
7 5
3 7
3 8
3 6
7 4
6 4
5 4
2 6
2 7
2 8
1 8
1 7
1 6
2 9
1 9
3 9
4 9
0 7
0 8
0 9
0 6
0
No
0
No
0
No
0
Yes
24 17
24 18
23 18
25 18
25 17
25 19
24 19
23 19
24 20
23 20
25 20
25 21
24 21
23 21
22 20
22 19
22 21
22 18
24 22
23 22
22 22
0
No
0
No
0
No
0
Yes
21 26
20 26
20 25
21 25
19 25
19 26
19 27
19 24
20 24
18 26
18 25
18 27
18 24
18 28
19 28
19 29
18 29
20 29
20 30
19 30
18 30
18 23
17 24
17 23
17 28
17 29
17 30
19 31
18 31
20 31
17 31
17 22
18 22
19 22
19 21
20 21
20 22
16 23
16 22
16 29
20 32
19 32
18 32
17 32
21 32
21 33
20 33
19 33
18 33
17 33
16 21
16 31
16 32
16 33
22 33
15 21
20 34
21 34
19 34
18 34
22 34
23 34
23 33
23 32
15 32
15 31
15 33
14 31
14 32
21 35
20 35
22 35
19 35
23 35
18 35
24 35
24 34
17 35
13 32
20 36
21 36
22 36
19 36
23 36
18 36
24 36
17 36
21 37
20 37
22 37
19 37
23 37
18 37
24 37
17 37
16 36
16 35
20 38
17 26
15 23
15 29
15 28
12 32
12 31
12 33
11 33
11 32
10 32
10 33
11 34
10 34
9 33
9 34
10 35
11 35
9 35
8 34
8 35
9 36
10 36
8 36
7 35
7 34
7 36
6 34
6 35
6 36
6 33
8 37
9 37
7 37
7 38
8 38
8 39
7 39
9 39
9 40
8 40
7 40
10 40
10 41
9 41
8 41
7 41
11 41
11 40
12 40
12 39
11 42
0
No
0
Yes
18 34
18 33
17 33
19 33
19 34
19 35
18 35
17 35
18 36
17 36
19 36
20 34
20 35
20 33
20 36
17 32
18 32
19 32
20 32
16 32
16 33
16 36
16 35
18 31
17 31
19 31
16 31
20 31
15 33
15 32
15 31
17 37
18 37
19 37
20 37
21 33
21 34
21 35
21 32
21 36
21 37
22 34
22 33
22 35
22 36
22 37
17 30
18 30
19 30
20 30
14 32
14 31
20 38
18 29
19 29
17 29
20 29
23 33
23 34
23 35
23 36
23 37
16 29
23 32
24 34
24 35
24 36
24 37
17 28
18 28
19 28
18 27
19 27
19 26
18 26
17 26
20 26
18 25
19 25
20 25
21 25
21 26
19 24
20 24
18 24
17 24
18 23
17 23
16 23
17 22
18 22
16 22
19 22
19 21
16 21
20 21
20 22
15 21
15 36
14 36
13 32
13 36
13 37
12 37
15 29
15 28
12 32
12 33
12 31
11 33
11 32
11 34
10 34
10 33
10 32
10 35
11 35
9 33
9 34
9 35
9 36
10 36
8 34
0
Yes
29 44
28 44
28 43
29 43
28 42
29 42
30 42
30 43
30 44
27 42
27 43
27 44
30 45
29 45
28 45
27 45
31 44
31 43
31 45
31 42
30 41
29 41
28 41
27 41
31 41
26 44
26 43
26 42
26 45
26 41
29 46
30 46
31 46
28 46
32 43
32 44
32 45
32 46
32 42
32 41
0
Yes
5 43
4 43
4 42
5 42
4 44
5 44
6 44
6 43
6 42
3 44
3 43
3 42
7 43
7 42
7 44
8 44
8 43
8 42
8 41
7 41
6 41
9 41
9 42
9 43
9 44
6 40
7 40
8 40
9 40
9 45
8 45
7 45
10 40
10 41
10 42
10 43
10 44
10 45
7 39
8 39
6 39
9 39
11 42
11 41
11 40
6 38
7 38
8 38
7 37
8 37
2 44
2 43
2 45
3 45
4 45
0
No
0
Yes
23 19
22 19
22 18
23 18
22 20
23 20
24 20
24 19
24 18
25 19
25 18
25 20
24 21
23 21
22 21
25 21
23 22
24 22
22 22
24 17
25 17
0
No
0
No
0
No
0
No
0
Yes
10 5
11 5
10 4
10 6
11 4
11 6
9 5
12 5
9 4
9 6
12 4
12 6
10 3
10 7
11 3
11 7
8 5
9 3
9 7
12 3
12 7
8 4
8 6
10 2
11 2
8 3
8 7
9 2
12 2
8 2
0
No
0
No
0
No
0
Yes
46 33
45 33
45 32
46 32
45 31
46 31
47 31
47 32
47 33
44 31
44 32
44 33
47 34
46 34
45 34
44 34
48 33
48 32
48 34
48 31
47 30
46 30
45 30
44 30
48 30
43 32
43 33
43 34
46 35
45 35
47 35
48 35
44 35
49 32
49 33
49 34
49 31
49 35
49 30
46 29
47 29
45 29
48 29
44 29
49 29
0
Yes
19 47
20 47
19 46
19 48
20 46
20 48
18 47
21 47
18 46
18 48
21 46
21 48
19 45
19 49
20 45
20 49
17 47
18 45
18 49
21 45
21 49
22 47
17 46
17 48
22 46
22 48
19 44
20 44
17 45
17 49
22 45
22 49
18 44
21 44
16 47
16 46
16 48
17 44
16 45
16 49
16 44
0
No
0
Yes
16 44
15 44
15 43
16 43
15 45
16 45
17 43
17 44
17 45
16 46
15 46
17 46
18 44
18 45
18 43
18 46
14 43
14 44
14 45
14 46
18 42
13 44
13 45
13 46
15 47
16 47
17 47
14 47
18 47
13 47
19 45
19 44
19 46
19 47
16 48
15 48
17 48
14 48
18 48
13 48
19 48
20 44
20 45
20 46
20 47
20 48
12 45
12 46
12 47
12 48
20 43
15 49
16 49
17 49
14 49
18 49
13 49
19 49
12 49
20 49
21 45
21 44
21 46
21 47
21 48
21 49
11 46
11 47
11 48
11 45
11 49
22 46
22 45
22 47
22 48
22 49
10 47
10 46
10 48
10 49
9 46
9 47
23 47
23 46
23 48
23 49
24 46
24 47
24 48
24 49
24 45
8 47
8 46
9 49
25 45
25 46
25 47
25 48
25 49
25 44
24 44
24 43
25 43
25 42
24 42
23 42
23 41
22 41
22 42
22 40
23 40
21 40
21 41
20 41
21 39
22 39
0
Yes
41 22
41 23
40 22
40 23
41 21
40 21
0
No
0
No
0
Yes
17 47
18 47
17 46
17 48
18 46
18 48
16 47
19 47
16 46
16 48
19 46
19 48
17 45
17 49
18 45
18 49
15 47
16 45
16 49
19 45
19 49
20 47
15 46
15 48
20 46
20 48
17 44
18 44
15 45
15 49
20 45
20 49
16 44
19 44
14 47
21 47
14 46
14 48
21 46
21 48
15 44
20 44
14 45
14 49
21 45
21 49
13 47
13 46
13 48
14 44
21 44
13 45
13 49
13 44
0
Yes
10 5
11 5
10 4
10 6
11 4
11 6
9 5
12 5
9 4
9 6
12 4
12 6
10 3
10 7
11 3
11 7
8 5
9 3
9 7
12 3
12 7
8 4
8 6
10 2
11 2
8 3
8 7
9 2
12 2
8 2
0
Yes
26 41
26 42
25 42
27 42
27 41
27 43
26 43
25 43
28 43
28 42
28 41
26 44
27 44
25 44
28 44
29 41
29 42
29 43
29 44
24 44
24 43
24 42
25 45
26 45
27 45
28 45
24 45
29 45
30 42
30 43
30 44
30 41
30 45
29 40
30 40
28 40
27 40
28 46
29 46
30 46
31 41
31 42
31 43
31 44
31 45
31 40
31 46
32 42
32 43
32 44
32 45
32 46
32 41
0
No
0
Yes
40 13
39 13
39 14
40 14
41 14
41 13
42 14
42 13
42 12
41 12
40 12
42 15
41 15
40 15
43 12
43 13
43 14
43 15
40 11
41 11
42 11
43 11
40 16
41 16
42 16
43 16
44 13
44 14
44 12
44 15
44 11
44 16
41 10
42 10
43 10
40 10
44 10
41 17
42 17
43 17
40 17
44 17
45 12
45 13
45 14
45 11
45 15
45 16
45 10
40 9
41 9
42 9
40 18
41 18
42 18
43 18
46 14
46 15
46 16
41 8
40 8
42 8
47 15
47 14
47 16
42 7
41 7
40 7
48 16
48 15
48 14
48 17
47 17
46 17
49 14
49 15
49 16
49 17
49 13
48 13
47 13
49 18
48 18
47 18
47 19
48 19
49 19
48 20
47 20
49 20
0
No
0
Yes
47 3
48 3
47 2
47 4
48 2
48 4
46 3
49 3
46 2
46 4
49 2
49 4
47 1
47 5
48 1
48 5
45 3
46 1
46 5
49 1
49 5
45 2
45 4
47 0
48 0
45 1
46 0
49 0
45 0
0
Yes
37 46
36 46
36 45
37 45
36 44
37 44
38 44
38 45
38 46
35 44
35 45
35 46
38 47
37 47
36 47
35 47
39 46
39 45
39 47
39 44
34 46
34 45
34 47
34 44
37 48
36 48
38 48
35 48
39 48
34 48
40 45
40 46
40 44
40 47
39 43
38 43
40 43
37 43
33 45
33 46
33 47
33 44
33 48
36 49
37 49
35 49
38 49
34 49
33 49
39 49
41 44
41 45
41 46
41 43
0
Yes
3 36
3 37
2 37
2 38
3 38
4 38
2 39
1 39
1 40
0 40
0 39
0 38
0 41
1 41
1 42
0 42
0 43
1 43
2 43
2 44
1 44
0 44
3 44
3 43
3 42
4 42
4 43
4 44
5 43
5 42
5 44
6 42
6 43
6 44
6 41
7 41
7 42
7 43
7 44
7 40
6 40
6 39
7 39
5 39
5 40
4 40
7 38
6 38
8 38
8 39
8 40
8 41
8 42
8 43
8 44
8 37
7 37
7 36
8 36
6 36
6 35
7 35
8 35
7 34
6 34
6 33
9 37
9 39
9 40
9 41
9 42
9 43
9 44
10 40
10 41
10 42
10 43
10 44
3 45
2 45
4 45
1 45
0 45
11 41
11 42
11 40
7 45
8 45
9 45
10 45
12 40
12 39
8 46
9 46
10 46
11 45
11 46
9 47
10 47
8 47
11 47
12 46
12 45
12 47
10 48
11 48
12 48
11 49
10 49
12 49
0
No
0
Yes
25 26
25 27
24 27
26 27
26 28
25 28
24 28
25 29
24 29
26 29
23 29
23 28
23 27
27 29
27 28
27 27
25 30
24 30
28 29
28 28
22 27
28 30
29 30
29 31
28 31
29 32
28 32
29 33
28 33
27 33
27 32
27 31
26 31
26 32
25 31
25 32
26 33
25 33
25 34
26 34
27 34
28 34
29 34
30 33
30 32
30 34
30 31
26 35
27 35
28 35
29 35
25 35
30 35
0
No
0
No
0
Yes
6 16
6 15
5 15
7 15
7 14
6 14
8 14
6 13
7 13
8 13
5 13
5 12
6 12
7 12
8 12
9 13
9 12
4 12
6 11
7 11
8 11
9 11
10 12
10 13
10 11
10 14
11 14
11 13
11 12
11 11
11 15
12 15
12 14
12 13
12 12
9 10
10 10
13 14
13 13
13 15
13 12
14 15
14 14
14 13
4 15
3 12
2 12
2 13
1 13
1 12
1 14
2 14
0 14
0 13
0 12
0 15
2 11
1 11
0 11
1 10
0 10
0 9
1 9
2 9
2 8
1 8
0 8
3 8
3 9
4 9
4 8
5 8
5 7
4 7
3 7
2 7
1 7
0 7
6 7
6 8
6 9
0
No
0
Yes
1 22
1 21
2 21
0 22
0 21
0
No
0
Yes
31 39
32 39
31 38
32 38
30 39
0
Yes
16 5
16 4
15 4
17 4
17 5
17 3
16 3
15 3
16 2
15 2
17 2
17 1
16 1
15 1
16 0
15 0
17 0
18 1
18 2
18 0
18 3
0
No
0
No
0
No
0
Yes
0 23
0 24
1 24
0 25
2 24
2 25
3 25
4 25
4 24
4 26
5 24
5 25
5 26
5 23
6 23
6 24
6 25
6 26
5 27
4 27
6 27
3 27
3 28
4 28
5 28
6 28
2 28
2 27
1 27
1 28
0 28
0 27
0 29
1 29
2 29
3 29
4 29
5 29
6 29
1 30
2 30
3 30
4 30
5 30
0 30
6 30
7 24
7 25
7 26
7 27
7 28
7 29
7 23
7 30
7 22
0 31
1 31
2 31
3 31
4 31
8 23
8 24
8 25
8 26
8 27
8 28
8 29
8 22
8 30
8 21
7 21
1 32
2 32
3 32
0 32
4 32
9 22
9 23
9 24
9 25
9 21
9 20
8 20
8 19
7 19
7 18
6 18
6 19
5 19
5 18
5 20
5 17
6 17
7 17
9 27
9 28
9 29
9 30
0 33
1 33
2 33
3 33
4 33
6 31
7 31
8 31
8 17
10 23
10 22
10 21
10 20
10 19
1 34
2 34
11 22
11 21
10 28
10 29
10 27
10 30
11 27
11 28
11 29
11 30
2 35
12 29
0
Yes
35 44
34 44
34 43
35 43
34 45
35 45
36 45
36 44
35 46
34 46
36 46
37 44
37 45
37 46
33 43
33 44
33 45
33 46
37 43
32 44
32 45
32 43
32 46
34 47
35 47
36 47
33 47
37 47
32 47
38 43
38 44
38 45
38 46
38 47
32 42
38 42
35 48
34 48
36 48
33 48
37 48
32 48
38 48
39 44
39 43
39 45
39 46
39 47
39 42
39 48
31 43
31 44
31 45
31 46
31 47
31 42
31 48
30 44
30 43
30 45
30 46
30 47
30 42
30 48
31 41
32 41
30 41
39 41
38 41
38 40
39 40
37 40
34 49
35 49
36 49
33 49
37 49
32 49
38 49
31 49
39 49
30 49
40 43
40 44
40 45
40 42
40 46
40 41
40 47
40 40
37 39
41 44
41 43
41 45
41 42
41 46
41 41
29 43
29 44
29 45
29 42
29 46
29 41
30 40
31 40
29 40
39 39
28 44
28 43
28 45
28 42
28 41
28 46
28 40
40 49
42 43
42 44
42 45
42 42
42 46
42 41
28 47
29 49
43 44
43 43
43 45
43 42
43 46
27 43
27 44
27 45
27 42
27 41
27 40
42 40
43 47
28 39
26 44
26 43
26 42
26 41
26 45
44 43
44 44
44 45
44 46
44 42
0
Yes
16 46
16 47
15 46
15 47
17 46
17 47
16 45
16 48
15 45
15 48
17 45
17 48
14 46
14 47
18 46
18 47
14 45
14 48
16 44
16 49
18 45
18 48
15 44
15 49
17 44
17 49
13 46
13 47
14 44
14 49
18 44
18 49
13 45
13 48
16 43
15 43
17 43
13 44
13 49
14 43
18 43
0
Yes
8 3
8 2
9 2
9 3
10 2
10 3
10 4
9 4
8 4
10 1
9 1
8 1
8 5
9 5
10 5
11 4
11 3
11 2
11 1
11 5
8 0
9 0
10 0
11 0
9 6
10 6
8 6
11 6
12 3
12 2
12 4
12 1
12 5
12 0
12 6
7 6
7 5
7 4
12 7
11 7
10 7
9 7
8 7
7 7
0
Yes
48 46
49 46
48 45
48 47
49 45
49 47
47 46
47 45
47 47
48 44
49 44
47 44
0
Yes
49 4
48 4
48 3
49 3
48 2
49 2
47 2
47 3
47 4
47 5
48 5
49 5
46 4
46 3
46 5
46 2
47 1
48 1
49 1
46 1
49 6
48 6
47 6
46 6
45 3
45 2
45 1
45 4
49 0
48 0
47 0
46 0
45 0
48 7
47 7
0
No
0
Yes
47 3
46 3
46 2
47 2
46 1
47 1
48 1
48 2
48 3
45 1
45 2
45 3
48 4
47 4
46 4
45 4
49 3
49 2
49 4
49 1
48 0
47 0
46 0
45 0
49 0
47 5
46 5
0
Yes
31 31
30 31
30 32
29 32
29 31
28 32
28 31
28 33
29 33
30 33
27 33
27 32
27 31
30 34
29 34
28 34
27 34
26 31
26 32
26 33
26 34
29 35
28 35
27 35
30 35
26 35
25 32
25 33
25 34
25 35
25 31
30 36
29 36
28 36
27 36
26 36
25 36
28 37
27 37
26 37
27 38
26 38
29 30
28 30
0
Yes
46 15
45 15
45 14
46 14
45 16
46 16
47 14
47 15
47 16
46 17
47 17
48 15
48 16
48 14
48 17
44 14
44 15
44 16
47 13
48 13
44 13
45 13
44 17
43 15
43 14
43 16
43 13
43 17
45 12
44 12
43 12
47 18
48 18
49 14
49 15
49 16
49 17
49 13
49 18
42 14
42 15
42 16
42 13
42 17
42 12
43 18
42 18
49 12
44 11
43 11
45 11
42 11
48 19
47 19
49 19
41 15
41 14
41 16
41 13
41 17
41 12
41 18
41 11
45 10
44 10
43 10
42 10
41 10
47 20
48 20
49 20
40 14
40 15
40 16
40 13
40 17
40 12
40 11
40 18
40 10
44 9
45 9
46 9
49 21
46 8
45 8
39 16
47 8
47 9
48 9
48 8
42 9
41 9
40 9
39 13
39 14
39 18
49 8
49 9
49 10
49 11
39 11
47 7
48 7
49 7
41 8
42 8
40 8
42 7
41 7
40 7
48 6
47 6
49 6
46 6
49 5
48 5
39 7
40 6
39 6
38 6
38 7
37 7
37 8
39 5
40 5
0
Yes
9 49
10 49
10 48
11 48
11 49
11 47
10 47
9 47
9 46
10 46
11 46
12 49
12 48
12 47
12 46
8 46
8 47
8 45
9 45
10 45
11 45
12 45
7 45
9 44
8 44
10 44
7 44
6 44
8 43
9 43
7 43
10 43
6 43
9 42
8 42
7 42
10 42
6 42
5 43
5 44
5 42
4 44
4 43
4 42
4 45
3 45
3 44
3 43
3 42
11 42
8 41
9 41
10 41
7 41
6 41
11 41
2 44
2 43
2 45
1 45
1 44
1 43
9 40
8 40
10 40
7 40
11 40
6 40
12 40
5 40
8 39
9 39
7 39
6 39
5 39
0 44
0 45
0 43
12 39
1 42
0 42
7 38
8 38
6 38
0 41
1 41
1 40
0 40
0
No
0
Yes
48 27
47 27
48 26
48 28
49 27
47 26
47 28
49 26
49 28
46 27
48 25
46 26
46 28
47 25
49 25
46 25
0
No
0
Yes
40 11
40 12
40 13
40 14
40 15
40 16
40 17
41 11
41 12
41 13
41 14
41 15
41 16
41 17
42 11
42 12
42 13
42 14
42 15
42 16
42 17
43 11
43 12
43 13
43 14
43 15
43 16
43 17
44 11
44 12
44 13
44 14
44 15
44 16
44 17
45 11
45 12
45 13
45 14
45 15
0
No
0
No
0
No
0
Yes
23 32
23 33
22 33
22 34
23 34
24 34
21 34
21 33
21 32
20 32
20 33
20 34
23 35
22 35
21 35
24 35
20 35
20 31
19 31
19 32
19 33
19 34
19 35
22 36
23 36
21 36
20 36
24 36
19 36
19 30
20 30
20 29
19 29
18 32
18 31
18 33
18 30
18 34
18 35
18 29
18 36
23 37
22 37
21 37
20 37
19 37
24 37
18 37
19 28
18 28
17 31
17 32
17 33
17 30
17 29
17 28
17 35
17 36
17 37
20 38
16 32
16 31
16 33
18 27
19 27
19 26
18 26
20 26
16 29
20 25
19 25
18 25
21 25
21 26
15 31
15 32
15 33
16 36
16 35
17 26
19 24
20 24
18 24
14 32
14 31
17 24
18 23
17 23
16 23
17 22
18 22
16 22
19 22
19 21
20 21
20 22
16 21
15 21
15 29
15 28
15 36
14 36
13 32
0
No
0
No
0
Yes
36 0
36 1
36 2
37 0
37 1
37 2
38 0
38 1
38 2
39 0
39 1
0
Yes
33 37
33 38
32 38
32 39
31 38
31 39
30 39
31 40
30 40
31 41
30 41
31 42
30 42
29 42
29 41
29 40
29 43
30 43
31 43
32 43
32 42
32 41
28 40
28 41
28 42
28 43
32 44
31 44
30 44
29 44
28 44
27 41
27 42
27 43
27 44
27 40
31 45
30 45
29 45
28 45
32 45
27 45
33 45
33 44
33 43
26 42
26 43
26 44
26 45
26 41
34 43
34 44
34 45
33 46
32 46
31 46
30 46
29 46
34 46
28 46
25 43
25 42
25 44
25 45
35 44
35 45
35 46
35 43
32 47
33 47
34 47
31 47
30 47
35 47
24 44
24 43
24 45
24 42
36 45
36 44
36 46
36 47
33 48
32 48
34 48
31 48
35 48
30 48
36 48
37 46
37 45
37 47
37 44
37 48
32 49
33 49
34 49
35 49
31 49
36 49
37 49
30 49
38 44
38 45
38 46
38 47
38 48
38 49
39 45
39 46
39 47
39 48
39 44
39 49
39 43
38 43
37 43
40 43
40 44
40 45
40 46
40 47
40 42
39 42
38 42
38 41
39 41
40 41
39 40
38 40
40 40
0
No
0
Yes
0 0
0 1
1 1
1 0
2 1
2 0
2 2
1 2
0 2
0 3
1 3
2 3
3 2
3 1
3 0
3 3
1 4
2 4
0 4
3 4
4 0
4 1
4 2
4 3
4 4
0 5
1 5
2 5
3 5
4 5
5 2
5 3
5 4
0
Yes
31 46
30 46
30 45
31 45
30 44
31 44
32 44
32 45
32 46
29 44
29 45
29 46
32 47
31 47
30 47
33 46
33 45
33 47
33 44
32 43
31 43
30 43
29 43
33 43
28 46
28 45
28 44
28 43
31 48
32 48
30 48
33 48
34 45
34 46
34 47
34 44
34 48
34 43
31 42
30 42
32 42
29 42
28 42
27 45
27 44
27 43
27 42
30 49
31 49
32 49
33 49
34 49
35 46
35 45
35 47
35 44
35 48
35 49
35 43
30 41
29 41
31 41
28 41
27 41
32 41
26 44
26 43
26 42
26 45
26 41
36 45
36 46
36 47
36 44
36 48
36 49
31 40
30 40
29 40
28 40
27 40
25 45
25 44
25 43
25 42
37 46
37 47
37 45
37 48
37 44
37 49
0
No
0
No
0
Yes
2 2
1 2
1 1
2 1
1 0
2 0
3 0
3 1
3 2
0 0
0 1
0 2
3 3
2 3
1 3
0 3
4 2
4 3
4 1
4 0
2 4
1 4
3 4
0 4
4 4
1 5
2 5
3 5
0 5
4 5
5 4
5 5
5 3
5 2
2 6
3 6
4 6
5 6
1 6
0 6
6 6
6 5
6 4
7 4
7 5
7 6
8 5
8 4
8 6
9 6
9 5
9 4
9 7
8 7
7 7
10 7
10 6
10 5
10 4
10 3
9 3
8 3
0
Yes
10 36
9 36
9 35
10 35
9 37
11 35
10 34
9 34
11 34
8 35
8 36
8 37
8 34
8 38
7 36
7 35
7 37
7 34
7 38
9 33
10 33
11 33
12 33
10 32
11 32
12 32
6 35
6 36
6 34
7 39
8 39
9 39
9 40
8 40
7 40
10 40
6 38
6 39
6 40
6 33
10 41
9 41
8 41
7 41
6 41
11 41
11 40
12 40
12 39
12 31
5 39
5 40
9 42
10 42
8 42
7 42
11 42
6 42
10 43
9 43
8 43
7 43
6 43
4 40
5 42
5 43
9 44
8 44
7 44
6 44
10 44
5 44
10 45
9 45
8 45
7 45
11 45
4 43
4 42
4 44
3 42
3 43
3 44
9 46
10 46
8 46
11 46
12 46
12 45
2 43
2 44
4 45
3 45
2 45
10 47
9 47
11 47
8 47
12 47
1 44
1 43
1 45
1 42
0 42
0 43
0 44
0 45
0 41
1 41
1 40
0 40
0
No
0
No
0
Yes
20 47
19 47
19 46
20 46
19 45
20 45
21 45
21 46
21 47
21 48
20 48
19 48
22 47
22 46
22 48
22 45
21 44
20 44
19 44
20 49
21 49
22 49
19 49
23 48
23 47
23 46
23 49
24 47
24 48
24 46
24 49
25 46
25 47
25 48
0
Yes
24 7
23 7
23 6
24 6
25 6
24 5
23 5
25 5
22 6
22 7
22 5
26 5
26 6
21 7
21 6
21 5
23 4
24 4
25 4
22 4
26 4
21 4
20 6
20 5
20 4
22 3
23 3
21 3
20 3
23 2
22 2
21 2
24 2
24 1
23 1
22 1
21 1
25 1
25 2
26 2
26 1
19 3
23 0
24 0
22 0
21 0
20 1
20 0
19 0
19 1
18 1
18 0
18 2
18 3
17 3
17 2
17 1
17 0
17 4
16 4
16 3
16 2
16 1
16 0
16 5
17 5
18 5
15 3
15 4
15 2
15 1
15 0
0
Yes
40 44
39 44
39 43
40 43
39 42
40 42
41 42
41 43
41 44
38 42
38 43
38 44
41 45
40 45
39 45
38 45
42 44
42 43
42 45
42 42
41 41
40 41
39 41
38 41
42 41
40 46
39 46
41 46
38 46
42 46
43 43
43 44
43 45
43 42
0
Yes
47 31
47 32
46 31
46 32
48 31
48 32
47 30
47 33
46 30
46 33
48 30
48 33
45 31
45 32
49 31
49 32
45 30
45 33
47 29
49 30
49 33
46 29
48 29
44 31
44 32
45 29
49 29
44 30
44 33
44 29
0
No
0
No
0
Yes
37 35
37 36
38 35
38 36
36 35
36 36
37 34
38 34
36 34
36 37
37 33
38 33
36 33
0
Yes
34 47
34 48
33 47
33 48
35 47
35 48
34 46
34 49
33 46
33 49
35 46
35 49
32 47
32 48
36 47
36 48
32 46
32 49
34 45
36 46
36 49
33 45
35 45
31 47
31 48
37 47
37 48
32 45
36 45
31 46
31 49
37 46
37 49
31 45
37 45
30 47
30 48
30 46
30 49
0
No
0
Yes
28 42
27 42
27 41
28 41
27 40
28 40
29 40
29 41
29 42
29 43
28 43
27 43
30 42
30 41
30 43
30 40
28 44
29 44
27 44
30 44
26 43
26 42
26 44
26 41
31 41
31 42
31 43
31 40
31 44
27 45
28 45
29 45
26 45
30 45
25 44
25 43
25 42
25 45
32 42
32 43
32 44
32 41
28 46
29 46
24 42
24 43
24 44
24 45
33 43
33 44
30 39
31 39
0
Yes
36 11
36 10
35 11
35 10
0
No
0
No
0
No
0
Yes
45 48
44 48
45 47
45 49
46 48
44 47
44 49
46 47
46 49
43 48
45 46
43 47
43 49
44 46
46 46
43 46
0
Yes
49 32
48 32
48 31
49 31
48 30
49 30
47 30
47 31
47 32
47 33
48 33
49 33
46 32
46 31
46 33
46 30
47 29
46 29
48 29
49 29
49 34
48 34
47 34
46 34
45 31
45 32
45 33
45 30
45 34
45 29
48 35
47 35
46 35
49 35
45 35
44 32
44 31
44 33
44 30
44 34
44 29
44 35
49 36
48 36
47 36
46 36
0
No
0
Yes
41 22
41 23
40 22
40 23
41 21
40 21
0
Yes
24 37
23 37
23 36
24 36
23 35
24 35
22 35
22 36
22 37
21 37
21 36
21 35
22 34
23 34
21 34
24 34
20 36
20 35
20 37
20 34
21 33
22 33
20 33
23 33
19 37
19 36
0
Yes
22 48
23 48
22 47
22 49
23 47
23 49
21 48
24 48
21 47
21 49
24 47
24 49
22 46
23 46
20 48
21 46
24 46
25 48
20 47
20 49
25 47
25 49
20 46
25 46
19 48
19 47
19 49
0
Yes
13 44
13 45
13 46
13 47
13 48
13 49
14 44
14 45
14 46
14 47
14 48
14 49
15 44
15 45
15 46
15 47
15 48
15 49
16 44
16 45
16 46
16 47
16 48
16 49
17 44
17 45
17 46
17 47
17 48
17 49
18 44
18 45
18 46
18 47
18 48
18 49
19 44
0
Yes
48 18
48 19
49 18
49 19
47 18
47 19
48 17
48 20
49 17
49 20
47 17
47 20
48 16
49 16
0
No
0
No
0
Yes
15 21
16 21
16 22
17 22
17 23
16 23
15 23
18 23
18 22
19 22
19 21
18 24
17 24
19 24
20 21
20 22
19 25
18 25
18 26
19 26
17 26
20 25
20 24
20 26
19 27
18 27
18 28
19 28
17 28
21 26
21 25
17 29
18 29
19 29
16 29
20 29
18 30
17 30
19 30
20 30
17 31
18 31
19 31
20 31
16 31
16 32
17 32
18 32
19 32
20 32
15 32
15 31
14 31
14 32
13 32
15 33
16 33
17 33
18 33
19 33
21 32
18 34
19 34
19 35
18 35
0
No
0
Yes
21 20
22 20
22 19
22 21
23 21
23 20
23 19
24 20
24 19
24 21
25 21
25 20
25 19
24 18
23 18
25 18
22 18
24 22
23 22
22 22
0
No
0
No
0
Yes
42 5
41 5
41 4
40 5
40 6
39 6
39 5
39 7
40 7
41 7
41 8
40 8
42 8
42 7
42 9
41 9
40 9
38 7
38 6
41 10
42 10
40 10
43 10
37 7
37 8
44 10
44 9
45 9
45 10
45 8
46 8
46 9
47 9
47 8
47 7
48 7
48 8
48 9
48 6
47 6
46 6
49 6
49 7
49 8
49 9
49 5
48 5
49 10
49 11
0
No
0
No
0
No
0
No
0
No
0
Yes
36 4
36 5
35 4
35 5
37 4
36 3
35 3
37 3
34 4
34 3
0
No
0
Yes
24 0
23 0
23 1
24 1
25 1
24 2
23 2
25 2
22 1
22 0
22 2
26 2
26 1
21 0
21 1
21 2
23 3
22 3
21 3
20 1
20 0
22 4
23 4
21 4
24 4
19 0
19 1
20 3
20 4
24 5
23 5
22 5
21 5
20 5
25 5
25 4
26 4
26 5
27 5
18 1
18 0
23 6
24 6
25 6
22 6
26 6
21 6
20 6
18 2
17 0
17 1
17 2
24 7
23 7
22 7
21 7
17 3
18 3
19 3
16 1
16 2
16 0
16 3
16 4
17 4
0
No
0
No
0
No
0
Yes
45 42
46 42
45 41
46 41
44 42
44 41
0
Yes
3 45
2 45
2 44
3 44
2 43
3 43
4 43
4 44
4 45
1 43
1 44
1 45
4 46
3 46
2 46
1 46
0 45
0 44
0 46
0 43
3 47
2 47
1 47
4 47
0 47
2 48
3 48
1 48
4 48
0 48
3 49
2 49
4 49
1 49
0 49
5 48
5 49
5 47
5 46
5 43
5 44
5 42
4 42
3 42
6 42
6 43
6 44
7 44
7 43
7 42
8 43
8 44
8 42
9 42
9 43
9 44
9 45
8 45
7 45
8 41
7 41
6 41
9 41
10 45
10 44
10 43
10 42
10 41
10 46
9 46
8 46
8 47
9 47
10 47
6 40
7 40
8 40
9 40
10 40
11 47
11 46
11 45
11 42
11 41
11 40
7 39
8 39
6 39
9 39
12 45
12 46
12 47
6 38
0
Yes
46 0
45 0
45 1
46 1
45 2
46 2
47 2
47 1
47 0
48 0
48 1
48 2
47 3
46 3
45 3
48 3
49 1
49 2
49 3
49 0
46 4
47 4
48 4
45 4
49 4
46 5
0
No
0
No
0
No
0
Yes
3 6
2 6
2 5
3 5
4 5
4 6
3 4
2 4
4 4
5 6
5 5
5 4
1 5
1 6
1 4
0 6
0 5
0 4
2 3
3 3
4 3
1 3
5 3
0 3
6 5
6 4
6 6
3 2
2 2
4 2
1 2
5 2
0 2
7 6
7 5
7 4
7 7
2 1
3 1
4 1
1 1
0 1
8 5
8 6
8 7
8 4
8 3
3 0
2 0
1 0
4 0
0 0
9 6
9 5
9 4
9 7
9 3
9 8
10 5
10 6
10 7
10 4
10 3
9 2
8 2
10 2
8 1
9 1
10 1
7 1
7 0
8 0
9 0
10 0
6 0
0
Yes
47 48
46 48
46 47
46 49
45 49
45 48
45 47
44 48
44 47
44 49
43 49
43 48
43 47
44 46
45 46
46 46
43 46
0
Yes
2 30
2 31
3 30
3 31
1 30
1 31
2 29
2 32
3 29
3 32
4 30
4 31
1 29
1 32
4 29
4 32
0 30
0 31
2 28
2 33
3 28
3 33
0 29
0 32
1 28
1 33
4 28
4 33
0 28
0 33
2 27
3 27
1 27
0
No
0
Yes
29 49
30 49
30 48
31 48
31 49
32 48
32 49
32 47
31 47
30 47
33 47
33 48
33 49
30 46
31 46
32 46
33 46
34 49
34 48
34 47
34 46
31 45
32 45
33 45
30 45
34 45
35 48
35 47
35 46
35 49
35 45
30 44
31 44
32 44
33 44
34 44
35 44
36 49
36 48
36 47
36 46
36 45
36 44
29 44
29 45
29 46
31 43
32 43
33 43
30 43
29 43
34 43
35 43
28 46
28 45
28 44
28 43
37 48
37 47
37 46
37 45
37 49
37 44
29 42
30 42
31 42
32 42
28 42
27 45
27 44
27 43
27 42
28 41
29 41
30 41
31 41
27 41
32 41
0
No
0
No
0
No
0
No
0
No
0
No
0
Yes
10 29
9 29
10 28
10 30
11 29
9 28
9 30
11 28
11 30
8 29
10 27
8 28
8 30
9 27
11 27
8 27
0
No
0
No
0
Yes
22 48
23 48
22 47
22 49
23 47
23 49
21 48
24 48
21 47
21 49
24 47
24 49
22 46
23 46
20 48
21 46
24 46
25 48
20 47
20 49
25 47
25 49
20 46
25 46
19 48
19 47
19 49
0
Yes
4 49
3 49
3 48
4 48
3 47
4 47
5 47
5 48
5 49
2 47
2 48
2 49
5 46
4 46
3 46
2 46
1 49
1 48
1 47
1 46
4 45
3 45
2 45
1 45
0 48
0 47
0 46
0 45
0 49
3 44
2 44
0
Yes
25 44
26 44
25 43
25 45
26 43
26 45
24 44
24 43
24 45
25 42
26 42
24 42
0
Yes
15 49
14 49
14 48
15 48
14 47
15 47
16 47
16 48
16 49
13 47
13 48
13 49
17 49
17 48
17 47
16 46
15 46
14 46
13 46
17 46
12 49
12 48
12 47
12 46
18 48
18 47
18 46
18 49
15 45
14 45
16 45
13 45
17 45
12 45
18 45
11 48
11 47
11 46
11 49
11 45
14 44
15 44
16 44
17 44
18 44
13 44
10 49
10 48
10 47
10 46
10 45
19 44
19 45
19 46
15 43
16 43
17 43
14 43
18 43
9 47
9 46
9 45
10 44
9 44
10 43
9 43
10 42
9 42
8 42
8 43
8 44
8 45
8 46
8 47
8 41
9 41
10 41
7 41
7 42
7 43
7 44
7 45
10 40
9 40
8 40
7 40
11 40
11 41
11 42
6 40
6 41
6 42
0
No
0
No
0
Yes
47 31
47 32
46 31
46 32
48 31
48 32
47 30
47 33
46 30
46 33
48 30
48 33
45 31
45 32
49 31
49 32
45 30
45 33
47 29
47 34
49 30
49 33
46 29
46 34
48 29
48 34
44 31
44 32
45 29
45 34
49 29
49 34
44 30
44 33
47 28
47 35
46 28
46 35
48 28
48 35
44 29
44 34
45 28
45 35
49 28
49 35
47 27
44 28
44 35
46 27
48 27
49 27
0
No
0
No
0
Yes
40 44
40 45
41 44
41 45
39 44
39 45
40 43
40 46
41 43
41 46
42 44
42 45
39 43
39 46
42 43
42 46
38 44
38 45
40 42
40 47
41 42
38 43
38 46
39 42
39 47
42 42
38 42
38 47
40 41
41 41
39 41
42 41
38 41
0
Yes
5 20
5 19
4 19
6 19
6 18
5 18
7 18
7 19
5 17
6 17
7 17
8 19
8 20
9 20
9 21
8 21
7 21
7 22
8 22
9 22
8 17
8 23
7 23
9 23
6 23
6 24
7 24
8 24
9 24
5 24
5 23
5 25
6 25
7 25
8 25
9 25
4 25
4 24
10 21
10 22
10 23
10 20
10 19
4 26
5 26
6 26
7 26
8 26
11 22
11 21
5 27
6 27
7 27
4 27
6 28
5 28
7 28
5 29
6 29
7 29
6 30
5 30
7 30
7 31
6 31
8 31
3 19
9 17
3 25
2 25
2 24
1 24
0
Yes
20 46
20 45
21 45
21 46
22 45
22 46
22 47
21 47
20 47
20 48
21 48
22 48
21 49
20 49
22 49
23 48
23 47
23 46
23 49
19 49
19 48
19 47
24 46
24 47
24 48
24 49
25 47
25 48
25 46
25 49
26 48
26 49
21 44
20 44
24 45
25 45
24 44
25 44
24 43
25 43
26 43
26 44
26 45
26 42
25 42
24 42
20 43
23 42
23 41
22 41
22 42
0
Yes
15 23
16 23
16 22
17 22
17 23
17 24
18 23
18 22
18 24
18 25
19 22
19 24
19 25
19 21
19 26
18 26
17 26
18 27
19 27
20 21
20 22
20 25
20 26
20 24
19 28
18 28
17 28
17 29
18 29
19 29
16 29
21 26
21 25
18 30
17 30
19 30
20 29
20 30
17 31
18 31
19 31
20 31
16 31
16 32
17 32
18 32
19 32
20 32
15 32
15 31
14 31
14 32
13 32
15 33
16 33
17 33
18 33
19 33
21 32
18 34
19 34
19 35
18 35
17 35
17 36
18 36
16 36
16 35
18 37
17 37
0
Yes
19 3
18 3
18 2
17 2
17 3
17 4
17 1
18 1
19 1
16 3
16 2
16 4
16 1
19 0
18 0
17 0
16 0
20 0
20 1
21 1
21 0
21 2
22 2
22 1
22 0
22 3
21 3
20 3
20 4
21 4
22 4
21 5
20 5
22 5
20 6
21 6
22 6
16 5
17 5
18 5
23 3
23 2
23 4
23 1
23 5
23 0
23 6
15 2
15 3
15 4
15 1
15 0
21 7
22 7
23 7
24 2
24 1
24 0
24 4
24 5
24 6
24 7
14 1
14 0
25 1
25 2
25 5
25 6
25 4
13 0
13 1
13 2
12 2
12 1
12 0
12 3
26 2
26 1
26 4
26 5
26 6
11 3
11 2
11 1
11 0
0
No
0
No
0
Yes
48 26
47 26
47 25
48 25
47 27
48 27
49 27
49 26
49 25
46 27
46 26
46 25
49 28
48 28
47 28
46 28
48 29
47 29
49 29
0
No
0
Yes
46 29
45 29
45 28
45 30
46 30
44 30
44 29
44 28
44 31
45 31
46 31
46 32
45 32
44 32
45 33
46 33
44 33
47 32
47 31
47 30
47 33
47 34
46 34
45 34
44 34
48 30
48 31
48 32
48 33
48 34
43 34
43 33
43 32
48 35
47 35
46 35
45 35
44 35
49 31
49 32
49 33
49 34
49 35
49 30
46 36
47 36
45 36
48 36
49 36
45 37
46 37
47 37
48 37
49 37
0
No
0
Yes
18 46
17 46
17 45
18 45
17 44
18 44
19 44
19 45
19 46
16 44
16 45
16 46
15 46
15 45
15 44
16 47
17 47
18 47
15 47
16 43
17 43
15 43
18 43
14 45
14 46
14 44
14 47
14 43
18 48
17 48
16 48
15 48
14 48
13 46
13 45
13 47
13 48
13 44
17 49
16 49
15 49
14 49
13 49
18 49
12 47
12 46
12 45
12 48
12 49
11 46
11 47
11 48
11 45
11 49
10 45
10 46
10 47
10 48
10 49
9 46
9 47
9 45
10 44
9 44
10 43
9 43
10 42
9 42
8 42
8 43
8 44
8 45
8 46
8 47
8 41
9 41
10 41
7 41
7 42
7 43
7 44
7 45
10 40
9 40
8 40
7 40
11 40
11 41
11 42
0
No
0
No
0
No
0
Yes
49 37
48 37
48 36
49 36
48 35
49 35
47 35
47 36
47 37
47 38
48 38
49 38
46 37
46 36
46 35
46 38
47 34
48 34
49 34
46 34
49 39
48 39
47 39
45 36
45 35
45 34
45 37
49 33
48 33
47 33
46 33
0
Yes
49 30
48 30
48 31
49 31
48 32
49 32
47 32
47 31
47 30
46 30
46 31
46 32
47 33
48 33
49 33
46 33
45 31
45 32
45 30
45 33
49 34
48 34
47 34
46 34
45 34
44 30
44 31
44 32
44 33
44 34
48 35
47 35
46 35
45 35
49 35
44 35
43 32
43 33
43 34
44 29
45 29
46 29
49 36
48 36
47 36
46 36
45 36
48 37
47 37
46 37
49 37
45 37
49 38
48 38
47 38
46 38
44 28
45 28
44 37
0
No
0
Yes
44 30
44 29
45 29
45 30
46 29
46 30
46 31
45 31
44 31
46 28
45 28
44 28
44 32
45 32
46 32
47 31
47 30
47 29
47 28
47 32
45 33
46 33
44 33
47 33
48 30
48 31
48 29
48 32
48 28
48 33
44 34
45 34
46 34
47 34
48 34
48 27
47 27
46 27
49 29
49 30
49 31
49 32
49 28
49 33
49 27
49 34
45 35
46 35
47 35
48 35
49 35
44 35
43 34
43 33
43 32
49 26
48 26
47 26
0
No
0
No
0
Yes
44 1
43 1
43 0
44 0
45 0
45 1
46 0
46 1
47 0
47 1
47 2
46 2
45 2
48 2
48 1
48 0
45 3
46 3
47 3
48 3
49 3
49 2
49 1
49 0
46 4
47 4
48 4
49 4
45 4
47 5
46 5
48 5
49 5
48 6
47 6
49 6
46 6
49 7
48 7
47 7
47 8
48 8
49 8
48 9
47 9
49 9
42 0
42 1
46 8
46 9
0
No
0
Yes
7 21
7 22
8 22
8 21
8 20
9 21
9 20
9 22
8 23
7 23
9 23
6 23
7 24
8 24
6 24
9 24
10 20
10 21
10 22
10 23
5 24
5 23
10 19
11 21
11 22
6 25
7 25
8 25
5 25
9 25
4 25
4 24
7 26
6 26
8 26
5 26
4 26
6 27
7 27
5 27
4 27
7 28
6 28
5 28
6 29
7 29
5 29
7 30
6 30
5 30
6 31
7 31
8 31
0
No
0
Yes
33 8
33 9
32 9
32 10
31 10
31 9
31 11
32 11
33 11
33 12
32 12
31 12
34 12
34 11
30 11
30 10
32 13
33 13
34 13
31 13
35 13
33 14
32 14
34 14
31 14
35 14
36 14
36 13
37 13
34 15
33 15
35 15
36 15
35 16
36 16
29 11
38 13
39 13
39 14
40 14
40 13
40 12
41 12
41 13
41 14
41 11
40 11
39 11
40 10
41 10
41 9
40 9
40 8
41 8
41 7
40 7
39 7
39 6
40 6
38 6
38 7
37 7
37 8
40 5
39 5
41 5
41 4
42 8
42 9
42 10
42 11
42 12
42 13
42 7
42 14
40 15
41 15
42 15
43 10
43 11
43 12
43 13
43 14
43 15
41 16
42 16
40 16
43 16
39 16
40 17
41 17
42 17
43 17
44 11
44 12
44 13
44 14
44 15
44 16
44 10
44 17
44 9
45 9
45 10
45 11
45 12
45 13
45 14
45 15
45 16
45 8
41 18
42 18
43 18
40 18
39 18
46 14
46 15
46 16
47 15
47 14
47 16
0
No
0
No
0
No
0
Yes
12 4
11 4
11 3
12 3
11 5
12 5
12 2
11 2
12 6
11 6
13 2
11 1
12 1
13 1
11 7
12 7
14 1
12 0
13 0
11 0
14 0
15 0
15 1
15 2
16 2
16 1
16 0
16 3
15 3
15 4
16 4
16 5
17 4
17 3
17 2
17 1
17 5
17 0
18 3
18 2
18 1
18 0
18 5
19 1
19 0
20 0
20 1
21 1
21 0
21 2
22 2
22 1
22 0
22 3
21 3
20 3
19 3
20 4
21 4
22 4
21 5
20 5
22 5
20 6
21 6
22 6
21 7
22 7
23 4
23 3
23 5
23 2
23 6
23 1
23 7
23 0
24 5
24 4
24 6
24 7
24 2
24 1
24 0
25 4
25 5
25 6
25 1
25 2
26 5
26 4
26 6
26 2
26 1
11 8
11 9
0
No
0
Yes
43 46
43 47
43 48
43 49
44 46
44 47
44 48
44 49
45 46
45 47
45 48
45 49
46 46
46 47
46 48
46 49
47 46
47 47
47 48
0
Yes
15 45
14 45
14 44
15 44
14 43
15 43
16 43
16 44
16 45
16 46
15 46
14 46
17 45
17 44
17 46
17 43
15 47
16 47
14 47
17 47
13 46
13 45
13 47
13 44
18 44
18 45
18 46
18 47
18 43
14 48
15 48
16 48
17 48
13 48
18 48
12 47
12 46
12 45
12 48
19 45
19 46
19 44
19 47
19 48
15 49
14 49
16 49
17 49
13 49
18 49
12 49
0
No
0
Yes
4 33
3 33
3 32
4 32
3 31
4 31
2 31
2 32
2 33
1 33
1 32
1 31
2 30
3 30
4 30
1 30
0 32
0 31
0 30
0 33
4 29
3 29
2 29
1 29
0 29
3 28
2 28
1 28
0 28
4 28
2 27
3 27
1 27
0 27
2 34
1 34
0
No
0
Yes
47 33
47 34
46 33
46 34
48 33
48 34
47 32
47 35
46 32
46 35
48 32
48 35
45 33
45 34
49 33
49 34
45 32
45 35
47 31
47 36
49 32
49 35
46 31
46 36
48 31
48 36
44 33
44 34
45 31
45 36
49 31
49 36
44 32
44 35
47 30
46 30
48 30
44 31
45 30
49 30
44 30
0
Yes
5 39
5 40
4 40
6 40
6 39
6 38
7 39
7 38
7 40
6 41
7 41
7 37
8 38
8 39
8 40
8 37
8 41
7 42
6 42
8 42
5 42
5 43
6 43
7 43
8 43
9 39
9 40
9 41
9 42
9 43
4 43
4 42
3 42
3 43
8 36
7 36
6 36
6 35
7 35
8 35
9 37
9 36
9 35
2 43
4 44
5 44
6 44
7 44
8 44
9 44
10 40
10 41
10 42
10 43
10 44
7 34
8 34
6 34
9 34
10 36
10 35
10 34
6 33
7 45
8 45
9 45
10 45
11 41
11 42
11 40
12 40
12 39
9 33
10 33
11 35
11 34
11 33
8 46
9 46
10 46
11 45
11 46
10 32
11 32
9 47
10 47
8 47
11 47
12 33
12 32
0
No
0
No
0
No
0
No
0
Yes
9 27
8 27
8 28
9 28
8 29
9 29
10 29
10 28
10 27
11 27
11 28
11 29
10 30
9 30
8 30
11 30
12 29
0
No
0
No
0
Yes
1 43
1 44
0 43
0 44
1 42
0 42
0
Yes
46 17
46 16
45 16
47 16
47 15
46 15
45 15
46 14
45 14
47 14
44 14
44 15
44 16
43 16
43 15
43 14
42 15
42 16
42 14
42 17
43 17
44 17
43 13
44 13
45 13
42 13
41 17
41 16
41 15
41 14
41 13
45 12
44 12
43 12
42 12
41 12
40 16
40 15
40 14
40 13
40 17
40 12
41 18
42 18
43 18
40 18
44 11
43 11
42 11
41 11
45 11
40 11
39 14
39 13
45 10
44 10
43 10
42 10
41 10
40 10
42 9
41 9
40 9
41 8
42 8
40 8
40 7
41 7
42 7
45 9
44 9
0
Yes
0 7
0 8
0 9
1 7
1 8
1 9
2 7
2 8
2 9
3 7
3 8
3 9
4 7
4 8
4 9
0
Yes
45 44
44 44
44 43
44 45
43 45
43 44
43 43
42 44
42 43
42 45
41 45
41 44
41 43
42 46
43 46
44 46
41 46
40 44
40 45
40 43
40 46
41 42
42 42
40 42
43 42
43 47
44 47
39 43
39 44
39 45
39 42
39 46
40 41
41 41
39 41
42 41
38 44
38 43
38 45
38 42
38 46
38 41
38 47
39 47
40 47
38 40
39 40
40 40
43 48
44 48
45 48
45 47
45 46
45 49
44 49
43 49
46 46
46 47
46 48
46 49
0
No
0
No
0
No
0
Yes
31 38
31 39
30 39
32 39
32 38
30 40
31 40
30 41
31 41
30 42
31 42
29 42
29 41
29 40
29 43
30 43
31 43
32 43
32 42
32 41
28 40
28 41
28 42
28 43
31 44
30 44
29 44
32 44
28 44
27 41
27 42
27 43
27 44
27 40
30 45
29 45
31 45
28 45
32 45
27 45
26 42
26 43
26 44
26 45
26 41
31 46
30 46
29 46
32 46
28 46
33 45
33 44
33 43
33 46
25 43
25 42
25 44
25 45
32 47
31 47
30 47
33 47
34 43
34 44
34 45
34 46
34 47
24 44
24 43
24 45
24 42
31 48
32 48
33 48
30 48
34 48
35 44
35 45
35 46
35 47
35 48
35 43
30 49
31 49
32 49
33 49
34 49
35 49
36 45
36 46
36 47
36 44
36 48
36 49
37 44
37 45
37 46
37 47
37 48
37 49
25 46
24 46
25 47
24 47
0
Yes
44 35
44 34
43 34
45 34
45 35
45 33
44 33
43 33
46 33
46 34
46 35
44 32
45 32
46 32
43 32
47 35
47 34
47 33
47 32
45 31
44 31
46 31
47 31
48 34
48 33
48 32
48 35
48 31
47 36
46 36
45 36
48 36
46 30
45 30
47 30
44 30
48 30
49 35
49 34
49 33
49 32
49 31
49 36
49 30
45 37
46 37
47 37
48 37
49 37
0
Yes
6 9
6 8
5 8
7 8
7 7
6 7
5 7
6 6
5 6
7 6
7 5
6 5
5 5
6 4
5 4
7 4
8 5
8 6
8 7
8 4
4 4
4 5
4 6
9 7
9 6
9 5
9 4
3 6
3 5
3 4
10 6
10 5
10 4
10 7
2 5
2 6
2 4
3 3
4 3
5 3
2 3
10 3
9 3
8 3
1 3
1 4
1 5
1 6
5 2
4 2
3 2
2 2
1 2
8 2
9 2
10 2
0 2
0 3
0 4
0 5
0 6
4 1
3 1
2 1
1 1
0 1
9 1
8 1
10 1
3 0
2 0
1 0
4 0
0 0
0
Yes
7 24
6 24
6 23
7 23
6 25
7 25
8 25
8 24
8 23
5 25
5 24
5 23
9 24
9 23
9 25
8 26
7 26
6 26
5 26
9 22
8 22
7 22
4 26
4 25
4 24
7 27
6 27
5 27
4 27
7 21
8 21
9 21
6 28
5 28
7 28
8 20
9 20
10 21
10 22
10 23
10 20
7 29
6 29
5 29
11 21
0
No
0
No
0
Yes
10 14
10 13
9 13
11 13
11 14
11 12
10 12
9 12
12 12
12 13
12 14
10 11
9 11
11 11
13 14
13 13
13 12
8 11
8 12
8 13
13 15
12 15
11 15
7 13
7 12
7 11
14 15
14 14
14 13
6 12
6 11
10 10
9 10
6 13
6 14
7 14
8 14
6 15
7 15
6 16
6 17
7 17
8 17
0
No
0
No
0
No
0
No
0
No
0
No
0
Yes
20 38
20 37
19 37
21 37
21 36
20 36
19 36
21 35
20 35
22 35
22 36
22 37
23 37
23 36
23 35
22 34
21 34
20 34
23 34
24 36
24 35
24 37
24 34
20 33
21 33
22 33
23 33
23 32
0
No
0
No
0
No
0
No
0
Yes
2 8
2 9
3 8
3 9
1 8
1 9
2 7
3 7
4 8
4 9
1 7
4 7
0 8
0 9
0 7
0
No
0
Yes
22 18
22 19
22 20
22 21
22 22
23 18
23 19
23 20
23 21
23 22
24 18
24 19
24 20
24 21
24 22
25 18
25 19
25 20
25 21
0
No
0
No
0
No
0
No
0
No
0
No
0
Yes
46 42
45 42
46 41
45 41
47 41
44 42
44 41
0
No
0
No
0
No
0
No
0
Yes
10 29
9 29
10 28
10 30
11 29
9 28
9 30
11 28
11 30
8 29
10 27
8 28
8 30
9 27
11 27
8 27
0
No
0
Yes
31 31
30 31
30 32
29 32
29 31
29 30
29 33
30 33
31 33
28 31
28 32
28 30
28 33
30 34
29 34
28 34
28 29
27 32
27 31
27 33
27 34
27 29
29 35
28 35
30 35
27 35
26 31
26 32
26 33
26 34
26 35
27 28
28 28
30 36
29 36
28 36
27 36
26 36
26 28
26 29
25 32
25 33
25 34
25 35
25 31
25 36
25 30
25 29
25 28
26 27
27 27
25 27
28 37
27 37
26 37
24 30
24 29
24 28
24 27
25 26
27 38
26 38
23 29
23 28
23 27
22 27
32 33
22 29
0
Yes
33 30
33 29
32 29
34 29
34 30
34 31
32 28
33 28
34 28
31 28
35 28
35 29
33 27
32 27
34 27
35 27
36 29
36 28
36 27
32 26
33 26
35 26
36 26
37 28
37 27
37 29
37 26
33 25
32 25
38 29
38 28
38 30
31 25
39 30
39 29
39 28
40 28
30 28
30 25
29 25
29 24
41 28
41 29
0
No
0
No
0
No
0
No
0
No
0
Yes
14 47
13 47
13 46
14 46
13 45
14 45
15 45
15 46
15 47
12 45
12 46
12 47
15 48
14 48
13 48
12 48
16 47
16 46
16 48
16 45
15 44
14 44
16 44
13 44
14 49
13 49
15 49
12 49
16 49
17 46
17 47
17 48
17 45
17 49
17 44
16 43
17 43
15 43
14 43
18 47
18 46
18 45
18 48
18 44
18 49
18 43
19 46
19 47
19 48
19 45
19 44
19 49
20 47
20 46
20 48
20 45
20 49
20 44
21 46
21 47
21 48
21 45
21 49
21 44
0
No
0
Yes
0 12
0 11
1 11
1 12
1 13
0 13
0 14
1 14
2 12
2 13
2 11
2 14
1 10
0 10
0 9
1 9
2 9
1 8
0 8
2 8
0 7
1 7
2 7
3 8
3 9
3 7
4 9
4 8
4 7
1 6
2 6
3 6
0 6
4 6
5 8
5 7
5 6
0 5
1 5
2 5
3 5
4 5
5 5
6 7
6 6
6 8
6 5
6 9
1 4
2 4
3 4
4 4
5 4
0 4
6 4
7 8
7 7
7 6
7 5
7 4
0 3
1 3
2 3
3 3
4 3
5 3
8 7
8 6
8 5
8 4
1 2
2 2
3 2
4 2
0 2
5 2
9 6
9 5
9 7
9 4
9 8
0 1
1 1
2 1
3 1
4 1
10 7
10 6
10 5
10 4
1 0
2 0
3 0
0 0
4 0
8 3
9 3
10 3
9 2
8 2
0
No
0
No
0
Yes
14 47
13 47
13 46
14 46
13 45
14 45
15 45
15 46
15 47
12 45
12 46
12 47
15 48
14 48
13 48
12 48
16 47
16 46
16 48
16 45
15 44
14 44
16 44
13 44
14 49
13 49
15 49
12 49
16 49
17 46
17 47
17 48
17 45
17 49
17 44
16 43
17 43
15 43
14 43
18 47
18 46
18 45
18 48
18 44
18 49
18 43
0
Yes
24 20
23 20
24 19
24 21
25 20
23 19
23 21
25 19
25 21
22 20
24 18
22 19
22 21
23 18
25 18
22 18
0
Yes
24 34
23 34
23 33
23 35
24 35
22 35
22 34
22 33
22 36
23 36
24 36
21 34
21 35
21 33
21 36
24 37
23 37
22 37
21 37
20 33
20 34
20 35
0
Yes
48 44
47 44
47 45
48 45
47 46
48 46
49 46
49 45
49 44
49 47
48 47
0
Yes
47 3
46 3
46 2
47 2
46 1
47 1
48 1
48 2
48 3
45 1
45 2
45 3
48 4
47 4
46 4
45 4
49 3
49 2
49 4
49 1
48 0
47 0
46 0
45 0
49 0
47 5
46 5
48 5
49 5
48 6
47 6
49 6
46 6
49 7
48 7
47 7
0
Yes
24 0
23 0
23 1
24 1
25 1
24 2
23 2
25 2
22 1
22 0
22 2
26 2
26 1
21 0
21 1
21 2
23 3
22 3
21 3
20 1
20 0
22 4
23 4
21 4
24 4
19 0
19 1
20 3
20 4
24 5
23 5
22 5
21 5
20 5
25 5
25 4
26 4
26 5
27 5
18 1
18 0
23 6
24 6
25 6
22 6
26 6
21 6
20 6
18 2
17 0
17 1
17 2
24 7
23 7
22 7
21 7
17 3
18 3
19 3
16 1
16 2
16 0
16 3
16 4
17 4
17 5
16 5
18 5
15 0
15 1
15 2
15 3
15 4
14 1
14 0
13 0
13 1
13 2
12 1
12 0
12 2
12 3
11 0
11 1
11 2
11 3
11 4
12 4
12 5
11 5
10 1
10 2
10 0
11 6
12 6
0
No
0
Yes
22 45
21 45
21 44
21 46
22 46
20 46
20 45
20 44
20 47
21 47
22 47
19 45
19 46
19 47
19 44
22 48
21 48
20 48
19 48
21 49
22 49
20 49
19 49
0
No
0
Yes
10 14
10 13
9 13
11 13
11 14
11 12
10 12
9 12
12 12
12 13
12 14
10 11
9 11
11 11
13 14
13 13
13 12
8 11
8 12
8 13
13 15
12 15
11 15
7 13
7 12
7 11
14 15
14 14
14 13
6 12
6 11
10 10
9 10
6 13
6 14
7 14
8 14
0
No
0
No
0
No
0
No
0
No
0
No
0
No
0
No
0
No
0
Yes
16 45
15 45
15 44
16 44
15 43
16 43
17 43
17 44
17 45
14 43
14 44
14 45
17 46
16 46
15 46
14 46
18 45
18 44
18 46
18 43
13 44
13 45
13 46
16 47
15 47
17 47
14 47
18 47
13 47
19 46
19 45
19 44
19 47
12 45
12 46
12 47
15 48
16 48
17 48
14 48
18 48
13 48
19 48
12 48
20 45
20 46
20 47
20 44
20 48
16 49
15 49
17 49
14 49
18 49
13 49
19 49
12 49
20 49
21 49
21 48
21 47
0
No
0
Yes
21 7
21 6
20 6
22 6
22 7
22 5
21 5
20 5
23 5
23 6
23 7
21 4
22 4
20 4
23 4
24 7
24 6
24 5
24 4
20 3
21 3
22 3
23 3
0
No
0
Yes
20 10
19 10
19 9
19 11
18 9
18 10
18 11
18 8
19 8
18 12
19 12
20 12
17 10
17 9
17 11
17 8
17 12
19 7
18 7
17 7
19 13
18 13
17 13
16 9
16 8
16 7
16 11
16 12
16 13
18 6
17 6
19 6
16 6
18 14
17 14
16 14
15 8
15 7
15 6
15 13
15 14
17 5
18 5
16 5
17 15
16 15
18 15
15 15
18 16
17 16
16 16
15 16
14 7
14 8
14 9
13 9
13 8
13 7
13 10
16 4
17 4
17 3
16 3
18 3
17 17
16 17
18 17
15 17
15 4
15 3
18 2
17 2
16 2
15 2
18 18
17 18
16 18
15 18
14 16
12 7
12 6
17 1
16 1
18 1
15 1
19 1
17 19
16 19
11 6
11 7
11 8
14 18
19 0
18 0
17 0
16 0
15 0
20 0
20 1
21 1
21 0
21 2
22 2
22 1
22 0
23 1
23 2
23 0
24 2
24 1
24 0
11 5
12 5
12 4
11 4
25 1
25 2
26 2
26 1
14 1
14 0
11 3
12 3
12 2
11 2
13 2
13 1
12 1
13 0
11 1
12 0
0
No
0
Yes
49 21
49 20
48 20
48 19
49 19
48 18
49 18
47 18
47 19
47 20
47 17
48 17
49 17
0
No
0
No
0
No
0
Yes
48 27
48 28
47 27
47 28
49 27
49 28
48 26
48 29
47 26
47 29
49 26
49 29
46 27
46 28
46 26
46 29
48 25
47 25
49 25
0
No
0
Yes
29 30
28 30
28 31
29 31
28 32
29 32
28 33
29 33
30 33
30 32
30 31
27 33
27 32
27 31
30 34
29 34
28 34
27 34
26 31
26 32
26 33
26 34
29 35
28 35
27 35
30 35
26 35
25 32
25 33
25 34
25 35
25 31
28 36
27 36
26 36
29 36
30 36
25 36
27 37
26 37
28 37
27 38
26 38
0
No
0
Yes
45 8
46 8
46 9
47 9
47 8
47 7
48 8
48 7
48 9
48 6
47 6
46 6
46 5
47 5
48 5
49 7
49 8
49 6
49 9
49 5
47 4
48 4
46 4
49 4
45 4
49 10
45 3
46 3
47 3
48 3
49 3
46 2
47 2
48 2
45 2
49 2
45 1
46 1
47 1
48 1
49 1
44 1
44 0
45 0
46 0
47 0
48 0
49 0
43 0
43 1
42 1
42 0
42 2
41 0
41 1
40 1
40 0
39 0
39 1
38 1
38 0
38 2
0
No
0
No
0
Yes
23 11
23 12
24 11
24 12
22 11
22 12
23 10
24 10
22 10
0
Yes
33 13
32 13
33 12
33 14
34 13
32 12
32 14
34 12
34 14
31 13
33 11
31 12
31 14
32 11
34 11
31 11
0
Yes
8 14
7 14
7 13
8 13
7 15
9 13
8 12
7 12
9 12
6 13
6 14
6 15
6 12
6 16
10 12
10 13
10 14
11 14
11 13
11 12
5 15
7 11
8 11
9 11
10 11
6 11
11 11
11 15
5 12
5 13
9 10
10 10
12 13
12 14
12 12
12 15
13 14
13 13
13 15
13 12
14 13
14 14
14 15
6 17
7 17
7 18
6 18
5 17
5 18
6 19
7 19
5 19
8 19
0
No
0
Yes
24 7
23 7
23 6
24 6
23 5
24 5
22 5
22 6
22 7
21 7
21 6
21 5
22 4
23 4
24 4
21 4
20 6
20 5
20 4
25 4
25 5
25 6
21 3
22 3
23 3
20 3
26 6
26 5
0
No
0
No
0
No
0
No
0
Yes
35 0
36 0
36 1
37 1
37 0
37 2
36 2
38 0
38 1
38 2
36 3
37 3
35 3
35 4
36 4
37 4
34 4
34 3
39 1
39 0
40 0
40 1
36 5
35 5
41 1
41 0
42 0
42 1
42 2
43 1
43 0
44 0
44 1
45 1
45 0
45 2
46 0
46 1
46 2
46 3
45 3
45 4
46 4
47 1
47 2
47 3
47 0
47 4
46 5
47 5
48 0
48 1
48 2
48 3
48 4
48 5
47 6
46 6
48 6
49 1
49 2
49 3
49 4
49 5
49 0
49 6
0
No
0
No
0
No
0
Yes
46 42
45 42
46 41
45 41
47 41
44 42
44 41
0
No
0
Yes
19 3
20 3
20 4
21 4
21 3
22 4
22 3
22 5
21 5
20 5
23 5
23 4
23 3
20 6
21 6
22 6
23 6
24 6
24 5
24 4
21 7
22 7
23 7
24 7
25 4
25 5
25 6
0
No
0
Yes
49 37
48 37
48 36
49 36
48 35
49 35
47 35
47 36
47 37
47 38
48 38
49 38
46 37
46 36
46 35
46 38
47 34
48 34
49 34
46 34
49 39
48 39
47 39
45 36
45 35
45 34
45 37
49 33
48 33
47 33
46 33
0
No
0
No
0
Yes
42 18
41 18
41 17
42 17
43 17
43 18
42 16
41 16
43 16
40 17
40 18
40 16
44 16
44 17
39 18
41 15
42 15
43 15
40 15
44 15
39 16
42 14
41 14
43 14
40 14
44 14
45 15
45 16
45 14
46 16
46 15
46 14
46 17
39 14
41 13
42 13
43 13
40 13
44 13
45 13
39 13
47 17
47 16
47 15
47 14
47 18
42 12
41 12
43 12
40 12
44 12
45 12
48 18
48 17
48 16
48 15
48 14
48 19
47 19
47 20
48 20
38 13
41 11
42 11
43 11
44 11
40 11
45 11
47 13
48 13
49 17
49 18
49 19
49 16
49 15
49 14
49 20
49 13
39 11
49 21
42 10
41 10
43 10
40 10
44 10
45 10
41 9
42 9
40 9
44 9
45 9
49 12
46 9
42 8
41 8
40 8
45 8
46 8
41 7
42 7
40 7
47 8
47 9
48 9
48 8
39 7
47 7
48 7
40 6
39 6
49 8
49 9
49 7
49 10
49 11
38 6
38 7
37 7
37 8
39 5
40 5
0
Yes
12 49
11 49
11 48
12 48
13 48
13 49
12 47
11 47
13 47
14 49
14 48
14 47
10 48
10 49
10 47
9 49
11 46
12 46
13 46
10 46
14 46
15 48
15 47
15 49
15 46
9 47
9 46
12 45
11 45
13 45
10 45
14 45
9 45
15 45
16 49
16 48
16 47
16 46
16 45
8 46
8 47
8 45
13 44
14 44
15 44
16 44
17 48
17 47
17 46
17 45
17 49
17 44
10 44
9 44
8 44
18 49
18 48
18 47
18 46
18 45
18 44
14 43
15 43
16 43
17 43
18 43
7 45
7 44
9 43
8 43
10 43
7 43
19 48
19 47
19 46
19 45
19 44
19 49
10 42
9 42
8 42
7 42
11 42
15 42
6 44
6 43
6 42
20 49
20 48
20 47
20 46
20 45
20 44
11 41
10 41
9 41
8 41
7 41
6 41
21 48
21 47
21 46
21 45
21 49
21 44
5 43
5 42
5 44
10 40
9 40
8 40
7 40
11 40
6 40
12 40
18 42
4 44
4 43
4 42
12 39
20 43
22 49
22 48
22 47
22 46
22 45
9 39
8 39
7 39
6 39
3 43
3 42
23 48
23 47
23 46
23 49
5 40
5 39
8 38
7 38
6 38
24 49
24 48
0
Yes
16 19
16 18
15 18
17 18
17 19
17 17
16 17
15 17
16 16
15 16
17 16
17 15
16 15
15 15
18 16
18 15
18 17
18 18
16 14
17 14
15 14
18 14
15 13
16 13
17 13
0
Yes
10 23
9 23
9 22
10 22
9 21
10 21
8 21
8 22
8 23
7 23
7 22
7 21
8 20
9 20
10 20
7 24
8 24
9 24
9 25
8 25
7 25
8 26
7 26
6 25
6 24
6 23
6 26
5 23
5 24
5 25
5 26
5 27
6 27
7 27
4 24
4 25
4 26
0
No
0
Yes
21 2
21 1
20 1
22 1
22 2
23 2
23 1
20 0
21 0
22 0
23 0
19 0
19 1
18 1
18 0
18 2
24 1
24 2
24 0
17 2
17 1
17 0
25 2
25 1
17 3
18 3
16 1
16 2
16 3
16 0
26 1
26 2
16 4
17 4
17 5
16 5
18 5
18 6
17 6
16 6
19 6
19 7
18 7
17 7
16 7
15 2
15 1
15 3
15 4
15 0
18 8
17 8
19 8
16 8
14 1
14 0
15 6
15 7
15 8
19 9
18 9
17 9
16 9
13 0
13 1
13 2
18 10
17 10
19 10
20 10
14 7
14 8
12 2
12 1
12 0
12 3
19 11
18 11
17 11
14 9
13 8
13 7
13 9
11 1
11 2
11 3
11 0
11 4
12 4
12 5
11 5
12 6
12 7
11 6
11 7
16 11
18 12
17 12
19 12
16 12
20 12
10 2
10 1
10 0
19 13
18 13
0
No
0
No
0
No
0
No
0
Yes
36 11
35 11
36 10
35 10
0
Yes
39 38
39 39
39 40
38 40
40 40
38 41
39 41
40 41
41 41
39 42
40 42
38 42
41 42
42 42
42 41
42 40
38 43
39 43
40 43
41 43
42 43
37 43
39 44
38 44
40 44
41 44
42 44
43 43
43 42
43 44
38 45
39 45
40 45
41 45
42 45
43 45
44 44
44 43
44 45
39 46
40 46
41 46
42 46
43 46
38 46
44 46
38 47
39 47
40 47
43 47
44 47
39 48
38 48
45 46
45 47
38 49
39 49
40 49
44 48
43 48
45 48
46 47
46 46
46 48
47 46
47 47
47 48
47 45
48 45
48 46
48 47
48 44
47 44
49 44
49 45
49 46
49 47
43 49
44 49
45 49
46 49
0
No
0
Yes
22 41
23 41
22 40
22 42
23 40
23 42
21 41
21 40
22 39
21 39
0
No
0
Yes
42 31
42 32
43 32
43 33
44 33
44 32
45 33
45 32
45 34
44 34
43 34
46 34
46 33
46 32
46 31
45 31
44 31
44 30
45 30
46 30
47 31
47 32
47 33
47 30
47 34
46 35
45 35
47 35
44 35
48 30
48 31
48 32
48 33
48 34
48 35
47 36
46 36
45 36
48 36
49 31
49 32
49 33
49 34
49 35
49 36
49 30
45 37
46 37
47 37
48 37
49 37
46 38
47 38
48 38
49 38
47 39
48 39
49 39
48 40
47 40
49 40
44 29
45 29
0
Yes
43 49
43 48
44 48
44 49
45 48
45 49
45 47
44 47
43 47
43 46
44 46
45 46
46 47
46 48
46 46
46 49
47 46
47 47
47 48
43 45
44 45
48 46
48 47
43 44
44 44
42 44
42 45
42 46
41 46
41 45
41 44
42 43
43 43
41 43
44 43
40 45
40 44
40 46
40 43
41 42
42 42
40 42
43 42
39 46
39 45
39 44
39 43
39 42
40 41
41 41
39 41
42 41
38 45
38 44
38 43
38 42
38 46
38 41
38 47
39 47
40 47
38 40
39 40
40 40
49 46
49 47
49 45
48 45
47 45
47 44
48 44
49 44
0
No
0
No
0
No
0
No
0
Yes
17 16
16 16
16 15
17 15
16 17
17 17
18 15
18 16
18 17
17 14
16 14
18 14
17 18
16 18
18 18
15 15
15 16
15 17
15 14
15 18
14 16
16 13
17 13
18 13
15 13
16 19
17 19
14 18
19 13
17 12
16 12
18 12
19 12
20 12
16 11
17 11
18 11
19 11
15 11
17 10
18 10
19 10
20 10
18 9
19 9
17 9
16 9
17 8
18 8
16 8
19 8
15 8
16 7
17 7
18 7
15 7
19 7
14 7
14 8
14 9
13 9
13 8
13 7
13 10
17 6
16 6
18 6
15 6
19 6
12 7
16 5
17 5
18 5
12 6
11 6
11 7
11 8
17 4
16 4
15 4
11 5
12 5
12 4
11 4
16 3
17 3
15 3
18 3
0
No
0
No
0
No
0
Yes
5 46
4 46
4 45
4 47
5 47
3 47
3 46
3 45
3 48
4 48
5 48
2 46
2 47
2 45
2 48
5 49
4 49
3 49
2 49
1 45
1 46
1 47
1 48
1 49
1 44
2 44
3 44
0 46
0 47
0 45
0 44
0 48
0 49
0 43
1 43
2 43
0
Yes
36 28
35 28
36 27
36 29
37 28
35 27
35 29
37 27
37 29
34 28
36 26
34 27
34 29
35 26
37 26
0
No
0
Yes
1 34
1 33
0 33
2 33
2 34
2 32
1 32
0 32
1 31
0 31
2 31
2 30
1 30
0 30
3 31
3 32
3 33
3 30
1 29
2 29
0 29
3 29
4 33
4 32
4 31
4 30
4 29
0
Yes
2 28
3 28
2 27
3 27
1 28
4 28
1 27
4 27
0 28
0 27
0
Yes
13 49
12 49
12 48
13 48
14 48
14 49
13 47
12 47
14 47
15 49
15 48
15 47
11 48
11 49
11 47
10 49
10 48
10 47
12 46
13 46
14 46
11 46
15 46
10 46
16 48
16 47
16 49
16 46
13 45
12 45
14 45
11 45
15 45
10 45
16 45
17 49
17 48
17 47
17 46
17 45
9 47
9 46
9 45
14 44
13 44
15 44
16 44
17 44
18 48
18 47
18 46
18 45
18 49
18 44
8 46
8 47
8 45
10 44
9 44
8 44
19 49
19 48
19 47
19 46
19 45
19 44
15 43
14 43
16 43
17 43
18 43
20 48
20 47
20 46
20 45
20 49
20 44
7 45
7 44
9 43
8 43
10 43
7 43
10 42
9 42
8 42
7 42
11 42
21 49
21 48
21 47
21 46
21 45
21 44
11 41
10 41
9 41
8 41
7 41
6 44
6 43
6 42
6 41
18 42
22 48
22 47
22 46
22 45
22 49
20 43
10 40
9 40
8 40
7 40
11 40
0
Yes
40 44
39 44
40 43
40 45
41 44
39 43
39 45
41 43
41 45
38 44
40 42
40 46
38 43
38 45
39 42
39 46
41 42
41 46
38 42
38 46
40 41
39 41
41 41
38 41
0
No
0
No
0
Yes
26 2
25 2
25 1
26 1
24 1
24 2
24 0
23 2
23 1
23 0
22 1
22 2
22 0
21 2
21 1
21 0
20 1
20 0
19 0
19 1
18 1
18 0
18 2
17 2
17 1
17 0
17 3
18 3
16 1
16 2
16 3
16 0
16 4
17 4
17 5
16 5
18 5
18 6
17 6
16 6
19 6
19 7
18 7
17 7
16 7
18 8
17 8
19 8
16 8
19 9
18 9
17 9
16 9
15 2
15 1
15 3
15 4
15 0
18 10
17 10
19 10
20 10
19 11
18 11
17 11
15 6
15 7
15 8
14 1
14 0
18 12
19 12
17 12
20 12
14 7
14 8
19 13
18 13
17 13
13 0
13 1
13 2
16 11
16 12
16 13
14 9
12 2
12 1
12 0
12 3
13 8
13 7
13 9
18 14
17 14
16 14
12 7
12 6
11 1
11 2
11 3
11 0
11 4
12 4
12 5
11 5
11 6
11 7
13 10
15 13
15 14
17 15
16 15
18 15
15 15
10 2
10 1
10 0
18 16
17 16
16 16
15 16
11 8
14 14
14 15
14 13
14 16
9 1
9 0
13 13
13 14
13 15
13 12
12 12
12 13
12 14
12 15
17 17
16 17
15 17
18 17
18 18
17 18
16 18
15 18
0
No
0
Yes
29 42
29 43
30 42
30 43
28 42
28 43
29 41
29 44
30 41
30 44
31 42
31 43
28 41
28 44
31 41
31 44
27 42
27 43
29 40
30 40
27 41
27 44
28 40
31 40
27 40
0
No
0
No
0
Yes
29 49
30 49
30 48
31 48
31 49
32 48
32 49
32 47
31 47
30 47
33 47
33 48
33 49
30 46
31 46
32 46
33 46
34 49
34 48
34 47
34 46
31 45
32 45
33 45
30 45
34 45
35 48
35 47
35 46
35 49
35 45
0
Yes
46 26
46 27
46 28
46 29
47 26
47 27
47 28
47 29
48 26
48 27
48 28
48 29
49 26
49 27
49 28
49 29
0
Yes
37 34
37 35
38 34
38 35
36 34
36 35
37 33
37 36
38 33
38 36
36 33
36 36
37 32
0
Yes
17 26
18 26
18 25
18 27
19 25
19 26
19 27
19 24
18 24
17 24
19 28
18 28
17 28
17 23
18 23
17 29
18 29
19 29
20 26
20 25
20 24
16 23
16 29
16 22
17 22
18 22
18 30
17 30
19 30
21 25
21 26
20 29
20 30
19 22
17 31
18 31
19 31
20 31
16 31
19 21
20 21
20 22
16 32
17 32
18 32
19 32
20 32
15 32
15 31
14 31
14 32
17 33
16 33
18 33
15 33
19 33
20 33
13 32
21 32
21 33
18 34
19 34
20 34
21 34
22 33
22 34
19 35
20 35
21 35
18 35
22 35
17 35
17 36
18 36
19 36
20 36
21 36
22 36
23 34
23 35
23 33
23 36
23 32
16 36
16 35
18 37
17 37
19 37
20 37
21 37
22 37
23 37
24 35
24 34
24 36
24 37
20 38
15 23
15 29
15 28
16 21
15 21
0
No
0
Yes
49 11
49 10
49 12
49 9
48 9
48 8
49 8
48 7
49 7
47 7
47 8
47 9
46 8
46 9
45 8
45 9
45 10
44 10
44 9
44 11
45 11
44 12
45 12
43 12
43 11
43 10
42 11
42 10
42 12
43 13
44 13
45 13
42 13
41 12
41 11
41 10
41 13
45 14
44 14
43 14
42 14
41 14
40 11
40 12
40 13
40 10
40 14
44 15
43 15
42 15
41 15
45 15
40 15
40 9
41 9
42 9
42 8
41 8
40 8
39 13
39 14
41 7
40 7
42 7
45 16
44 16
43 16
42 16
41 16
40 16
46 16
46 15
46 14
47 14
47 15
47 16
48 15
48 14
48 16
48 13
49 13
49 14
49 15
49 16
47 13
49 17
48 17
47 17
46 17
44 17
43 17
42 17
41 17
40 17
48 18
47 18
49 18
43 18
42 18
41 18
40 18
49 19
48 19
47 19
48 20
49 20
47 20
0
Yes
7 1
8 1
7 0
8 0
6 0
0
Yes
42 14
41 14
41 13
42 13
41 12
42 12
43 12
43 13
43 14
40 12
40 13
40 14
43 15
42 15
41 15
40 15
44 14
44 13
44 15
44 12
43 11
42 11
41 11
40 11
44 11
39 13
39 14
42 16
41 16
43 16
40 16
44 16
45 13
45 14
45 15
45 12
45 16
45 11
42 10
43 10
41 10
44 10
40 10
45 10
41 17
42 17
43 17
40 17
44 17
0
No
0
Yes
42 14
41 14
41 13
42 13
41 12
42 12
43 12
43 13
43 14
40 12
40 13
40 14
43 15
42 15
41 15
40 15
44 14
44 13
44 15
44 12
43 11
42 11
41 11
40 11
44 11
39 13
39 14
42 16
41 16
43 16
40 16
44 16
45 13
45 14
45 15
45 12
45 16
45 11
42 10
43 10
41 10
44 10
40 10
45 10
41 17
42 17
43 17
40 17
44 17
46 14
0
Yes
48 46
49 46
48 45
48 47
49 45
49 47
47 46
47 45
47 47
48 44
49 44
47 44
0
Yes
10 14
10 13
9 13
11 13
11 14
11 15
12 14
12 13
12 15
9 12
10 12
11 12
12 12
8 12
8 13
8 14
7 14
7 13
7 12
10 11
9 11
11 11
8 11
7 11
7 15
13 13
13 14
13 15
13 12
14 14
14 13
14 15
6 13
6 14
6 12
6 15
6 11
9 10
10 10
6 16
14 16
5 15
15 13
15 14
15 15
15 16
5 12
5 13
15 17
16 14
16 15
16 16
16 13
16 17
16 12
17 13
17 14
17 15
17 16
17 12
17 17
16 18
15 18
17 18
14 18
17 11
16 11
15 11
18 14
18 13
18 15
18 12
18 16
18 17
18 11
18 18
17 19
16 19
18 10
17 10
17 9
18 9
16 9
16 8
17 8
18 8
15 8
15 7
16 7
17 7
18 7
14 7
14 8
14 9
13 9
13 8
13 7
13 10
12 7
12 6
11 6
11 7
11 8
11 9
11 5
12 5
19 13
19 12
19 11
19 10
19 9
19 8
19 7
16 6
15 6
17 6
18 6
19 6
12 4
11 4
20 12
20 10
11 3
12 3
17 5
16 5
18 5
0
No
0
No
0
No
0
Yes
38 28
38 29
38 30
39 28
39 29
39 30
40 28
0
Yes
28 47
28 46
29 46
29 45
28 45
27 45
30 45
30 46
30 47
31 47
31 46
31 45
31 48
30 48
30 49
31 49
29 49
32 46
32 47
32 48
32 45
32 49
32 44
33 47
33 46
33 48
33 45
33 49
33 44
34 46
34 47
34 48
34 45
34 49
34 44
33 43
32 43
34 43
32 42
35 47
35 46
35 48
35 45
35 44
35 49
35 43
34 42
36 46
36 47
36 48
36 45
36 44
36 49
37 47
37 46
37 48
37 45
37 49
37 44
37 43
38 48
38 47
38 49
39 47
39 48
39 49
40 49
26 45
26 44
25 44
25 45
25 46
24 46
24 45
24 44
24 47
25 47
25 48
24 48
26 48
26 49
25 49
24 49
27 49
23 47
23 46
23 48
23 49
25 43
26 43
24 43
26 42
25 42
24 42
26 41
32 41
0
No
0
No
0
No
0
No
0
No
0
Yes
24 30
24 29
23 29
25 29
25 30
25 28
24 28
23 28
24 27
25 27
23 27
26 27
26 28
26 29
27 29
27 28
27 27
28 29
28 28
25 31
26 31
26 32
25 32
26 33
25 33
27 33
27 32
27 31
28 31
28 30
28 32
28 33
27 34
26 34
25 34
28 34
29 32
29 31
29 33
29 34
29 30
25 35
26 35
27 35
28 35
29 35
30 33
30 32
30 34
30 35
30 31
0
Yes
10 23
9 23
9 22
10 22
9 21
10 21
8 21
8 22
8 23
7 23
7 22
7 21
8 20
9 20
10 20
7 24
8 24
9 24
9 25
8 25
7 25
8 26
7 26
6 25
6 24
6 23
6 26
5 23
5 24
5 25
5 26
5 27
6 27
7 27
4 24
4 25
4 26
7 28
6 28
5 28
6 29
7 29
5 29
11 22
11 21
10 19
3 25
0
No
0
Yes
47 20
47 19
48 19
48 20
49 20
49 19
48 18
47 18
49 18
49 21
47 17
48 17
49 17
46 17
46 16
47 16
48 16
49 16
47 15
48 15
46 15
49 15
48 14
47 14
49 14
0
No
0
No
0
Yes
13 2
12 2
12 1
13 1
12 0
13 0
11 0
11 1
11 2
10 2
10 1
10 0
9 1
9 0
0
Yes
23 32
23 33
22 33
22 34
23 34
24 34
21 34
21 33
21 32
20 32
20 33
20 34
23 35
22 35
21 35
24 35
20 35
20 31
19 31
19 32
19 33
19 34
19 35
22 36
23 36
21 36
20 36
24 36
19 36
19 30
20 30
20 29
19 29
25 36
18 32
18 31
18 33
18 30
18 34
18 35
18 29
18 36
23 37
22 37
24 37
21 37
20 37
19 37
18 37
19 28
18 28
17 31
17 32
17 33
17 30
17 29
17 28
17 35
17 36
17 37
20 38
16 32
16 31
16 33
18 27
19 27
19 26
18 26
20 26
16 29
20 25
19 25
18 25
21 25
21 26
15 31
15 32
15 33
16 36
16 35
17 26
19 24
20 24
18 24
14 32
14 31
17 24
18 23
17 23
16 23
17 22
18 22
16 22
19 22
19 21
20 21
20 22
16 21
15 21
26 36
26 37
27 37
27 36
28 36
28 37
27 38
26 38
29 36
30 36
15 29
15 28
15 36
14 36
13 32
13 36
13 37
12 37
12 32
12 31
12 33
11 33
11 32
11 34
10 32
0
No
0
No
0
Yes
44 37
45 37
45 36
46 36
46 37
46 38
46 35
45 35
44 35
44 34
45 34
46 34
47 37
47 36
47 35
47 38
47 34
43 34
47 39
43 33
44 33
45 33
46 33
47 33
48 36
48 37
48 38
48 35
48 34
48 39
48 33
44 32
45 32
46 32
47 32
43 32
48 32
48 40
47 40
47 41
46 41
49 37
49 36
49 38
49 35
49 39
49 34
49 33
49 40
49 32
42 32
46 42
45 42
45 41
44 41
44 42
43 42
44 43
43 43
45 31
44 31
46 31
47 31
48 31
49 31
42 31
42 43
42 42
42 41
49 41
44 30
45 30
46 30
47 30
48 30
49 30
43 44
44 44
42 44
45 44
44 45
43 45
42 45
45 29
46 29
47 29
48 29
44 29
49 29
44 28
45 28
46 28
47 28
48 28
49 28
43 28
43 46
44 46
42 46
45 46
44 47
43 47
45 47
43 27
46 27
47 27
48 27
49 27
46 47
46 46
43 48
44 48
45 48
46 48
47 26
48 26
46 26
49 26
47 48
44 49
45 49
46 49
43 49
0
Yes
34 42
34 43
33 43
35 43
35 44
34 44
33 44
34 45
33 45
35 45
35 46
34 46
33 46
32 45
32 44
32 46
32 43
34 47
33 47
35 47
32 47
36 46
36 45
36 44
36 47
33 48
34 48
35 48
32 48
36 48
31 47
31 46
31 45
31 48
37 44
37 45
37 46
37 47
37 48
34 49
33 49
35 49
32 49
36 49
31 49
37 49
30 45
30 46
30 47
30 48
30 49
38 47
38 48
38 49
39 48
39 47
39 49
0
Yes
24 48
25 48
24 47
24 49
25 47
25 49
23 48
23 47
23 49
24 46
25 46
23 46
0
No
0
No
0
No
0
No
0
No
0
No
0
Yes
7 49
6 49
5 49
5 48
4 48
4 49
3 48
3 49
3 47
4 47
5 47
2 47
2 48
2 49
5 46
4 46
3 46
2 46
1 46
1 47
1 48
1 49
4 45
3 45
2 45
1 45
0 45
0 46
0 47
0 48
0 49
3 44
2 44
1 44
4 44
0 44
4 43
3 43
2 43
1 43
0 43
1 42
0 42
4 42
3 42
5 42
5 43
5 44
1 41
0 41
0
Yes
2 28
3 28
2 27
3 27
1 28
4 28
1 27
4 27
0 28
0 27
0
Yes
46 25
47 25
46 24
47 24
45 25
0
No
0
Yes
5 2
4 2
4 1
4 3
5 3
3 3
3 2
3 1
3 4
4 4
5 4
2 2
2 3
2 1
2 4
5 5
4 5
3 5
2 5
2 0
3 0
4 0
1 1
1 2
1 3
1 4
1 0
1 5
4 6
3 6
2 6
5 6
1 6
0 2
0 3
0 4
0 5
0 6
0 1
0 0
5 7
4 7
3 7
2 7
1 7
0 7
6 6
6 5
6 4
6 7
4 8
3 8
2 8
5 8
1 8
6 8
0 8
7 4
7 5
7 6
7 7
7 8
3 9
2 9
0
No
0
Yes
17 0
16 0
16 1
17 1
18 1
18 0
17 2
16 2
18 2
19 0
19 1
15 1
15 0
15 2
14 0
14 1
16 3
17 3
18 3
15 3
20 1
20 0
19 3
17 4
16 4
15 4
21 0
21 1
13 1
13 0
13 2
21 2
12 0
12 1
12 2
22 1
22 0
22 2
22 3
21 3
20 3
20 4
21 4
22 4
23 0
23 1
23 2
23 3
23 4
11 1
11 0
11 2
21 5
22 5
20 5
23 5
20 6
21 6
22 6
23 6
10 0
10 1
10 2
24 1
24 2
24 0
10 3
9 1
9 2
9 0
9 3
21 7
22 7
23 7
24 4
24 5
24 6
24 7
25 2
25 1
9 4
10 4
10 5
9 5
8 0
8 1
8 2
8 3
8 4
8 5
26 1
26 2
25 5
25 6
25 4
26 4
26 5
26 6
0
Yes
24 34
23 34
23 33
23 35
24 35
22 35
22 34
22 33
22 36
23 36
24 36
21 34
21 35
21 33
21 36
24 37
23 37
22 37
21 37
20 33
20 34
20 35
20 36
20 37
19 34
19 35
19 36
19 33
19 37
18 33
18 34
18 35
18 36
18 37
19 32
20 32
18 32
21 32
17 35
17 36
17 37
18 31
19 31
20 31
17 31
17 32
17 33
20 30
19 30
18 30
17 30
16 33
16 32
16 31
0
No
0
No
0
No
0
Yes
26 44
27 44
26 43
26 45
27 43
27 45
25 44
28 44
25 43
25 45
28 43
28 45
26 42
27 42
24 44
25 42
28 42
24 43
24 45
24 42
0
No
0
No
0
No
0
Yes
41 23
41 24
40 23
40 24
41 22
40 22
41 21
40 21
0
Yes
29 11
30 11
30 10
31 10
31 11
32 10
32 11
31 12
32 12
31 13
32 13
33 13
33 12
33 11
34 11
34 12
34 13
33 14
34 14
32 14
31 14
33 15
34 15
35 15
35 14
35 13
36 13
36 14
36 15
31 9
32 9
35 16
36 16
33 9
35 11
35 10
36 11
36 10
37 13
0
No
0
No
0
Yes
41 8
41 9
42 8
42 9
40 8
40 9
41 7
42 7
40 7
0
Yes
45 4
45 3
46 3
46 4
47 3
47 4
47 2
46 2
45 2
45 1
46 1
47 1
48 2
48 3
48 4
48 1
46 0
47 0
45 0
48 0
48 5
47 5
46 5
49 4
49 3
49 2
49 5
49 1
49 0
46 6
47 6
0
No
0
Yes
18 5
17 5
17 6
18 6
19 6
18 7
17 7
19 7
16 6
16 5
16 7
17 8
18 8
19 8
16 8
15 7
15 6
15 8
18 9
17 9
16 9
19 9
14 8
14 7
17 10
18 10
19 10
13 7
13 8
20 10
14 9
13 9
18 11
19 11
17 11
16 11
13 10
17 12
18 12
19 12
16 12
20 12
18 13
17 13
19 13
16 13
15 13
17 14
18 14
16 14
15 14
14 14
14 13
13 13
13 14
13 12
12 12
12 13
12 14
18 15
17 15
16 15
15 15
14 15
13 15
12 15
11 13
11 14
11 12
11 15
11 11
10 11
10 12
10 13
10 14
10 10
9 10
9 11
9 12
9 13
17 16
16 16
15 16
14 16
18 16
8 11
8 12
8 13
18 17
17 17
16 17
15 17
7 12
7 11
7 13
17 18
16 18
18 18
15 18
6 11
6 12
6 13
8 14
7 14
6 14
14 18
16 19
17 19
5 12
5 13
7 15
6 15
6 16
5 15
0
No
0
No
0
Yes
0 0
0 1
1 1
1 0
2 1
2 0
2 2
1 2
0 2
0 3
1 3
2 3
3 2
3 1
3 0
3 3
1 4
2 4
0 4
3 4
4 0
4 1
4 2
4 3
4 4
0 5
0
Yes
34 42
34 43
33 43
35 43
33 44
34 44
35 44
32 44
32 43
32 42
36 44
31 42
31 43
31 44
34 45
33 45
35 45
32 45
36 45
31 45
31 41
32 41
30 41
30 42
30 43
30 44
30 45
33 46
34 46
35 46
32 46
31 46
36 46
30 46
37 45
37 44
37 46
37 43
30 40
31 40
31 39
30 39
32 39
32 38
31 38
33 38
29 42
29 41
29 43
29 40
29 44
29 45
29 46
34 47
33 47
35 47
32 47
36 47
31 47
30 47
37 47
33 37
28 41
28 40
33 48
34 48
35 48
32 48
36 48
31 48
37 48
30 48
38 47
38 48
28 39
34 49
33 49
35 49
32 49
36 49
31 49
37 49
30 49
38 49
28 46
27 40
27 41
28 47
39 48
39 47
39 49
40 47
26 41
29 49
40 49
34 38
0
No
0
No
0
No
0
No
0
No
0
Yes
11 3
11 4
11 5
12 3
12 4
12 5
0
No
0
Yes
26 48
25 48
25 47
25 49
26 49
24 49
24 48
24 47
23 48
23 47
23 49
23 46
24 46
25 46
0
Yes
6 9
6 8
5 8
7 8
7 7
6 7
5 7
6 6
5 6
7 6
7 5
6 5
5 5
4 6
4 7
4 8
4 5
6 4
5 4
4 4
7 4
3 8
3 7
3 6
3 5
3 4
5 3
4 3
3 3
2 7
2 6
2 5
2 4
2 8
2 3
4 2
3 2
2 2
5 2
2 9
3 9
4 9
1 8
1 7
1 6
1 5
1 4
1 3
1 9
1 2
3 1
4 1
2 1
1 1
0 9
0 8
0 7
0 6
0 5
0 4
0 3
0 2
0 1
2 0
3 0
1 0
4 0
0 0
8 7
8 6
9 7
9 6
10 7
10 6
0
No
0
No
0
No
0
No
0
No
0
Yes
48 46
49 46
48 45
48 47
49 45
49 47
47 46
47 45
47 47
48 44
49 44
0
Yes
14 0
13 0
13 1
14 1
15 1
15 0
16 0
16 1
12 1
12 0
15 2
16 2
12 2
13 2
11 0
11 1
11 2
17 1
17 0
17 2
16 3
15 3
17 3
18 0
18 1
18 2
18 3
10 1
10 0
10 2
15 4
16 4
17 4
11 3
12 3
10 3
12 4
11 4
10 4
9 0
9 1
9 2
9 3
9 4
19 1
19 0
16 5
17 5
11 5
10 5
12 5
9 5
19 3
20 0
20 1
8 1
8 2
8 3
8 4
8 0
8 5
12 6
11 6
18 5
17 6
16 6
18 6
15 6
7 0
7 1
15 7
16 7
17 7
18 7
14 7
13 7
12 7
11 7
21 1
21 0
21 2
19 6
19 7
14 8
13 8
15 8
16 8
17 8
18 8
19 8
22 0
22 1
22 2
11 8
22 3
21 3
20 3
20 4
21 4
22 4
20 5
21 5
20 6
21 6
22 5
22 6
13 9
14 9
23 1
23 2
23 3
23 4
23 5
23 0
23 6
16 9
17 9
18 9
19 9
21 7
22 7
23 7
24 0
24 1
24 2
17 10
18 10
19 10
24 4
24 5
24 6
24 7
25 1
25 2
20 10
0
No
0
Yes
22 40
22 41
23 40
23 41
21 40
21 41
22 39
21 39
0
Yes
5 13
5 12
4 12
6 12
6 13
6 14
7 13
7 12
7 14
6 11
7 11
7 15
6 15
5 15
6 16
8 12
8 13
8 14
8 11
9 13
9 12
9 11
9 10
10 12
10 11
10 13
10 10
10 14
11 13
11 12
11 11
11 14
11 15
12 12
12 13
12 14
12 15
13 13
13 14
13 12
13 15
14 14
14 13
14 15
14 16
15 13
15 14
15 15
15 16
15 17
16 14
16 15
16 16
16 13
16 17
16 12
17 13
17 14
17 15
17 16
17 12
17 17
16 18
15 18
17 18
14 18
17 11
16 11
15 11
18 12
18 13
18 14
18 15
18 16
18 17
18 11
18 18
17 19
16 19
19 13
19 12
19 11
20 12
3 12
4 15
2 12
2 13
2 11
1 13
1 12
1 11
1 14
2 14
1 10
0 12
0 13
0 11
0 14
0 10
0 15
6 17
5 17
7 17
5 18
6 18
7 18
0
Yes
37 35
38 35
37 34
37 36
38 34
38 36
36 35
36 34
36 36
37 33
38 33
36 33
0
No
0
Yes
41 13
40 13
40 12
41 12
40 11
41 11
42 11
42 12
42 13
42 14
41 14
40 14
43 13
43 12
43 14
43 11
42 10
43 10
41 10
40 10
41 15
42 15
40 15
43 15
44 12
44 13
44 14
44 11
44 15
44 10
40 16
41 16
42 16
43 16
44 16
45 13
45 12
45 14
45 11
45 15
45 10
45 16
41 17
42 17
43 17
40 17
44 17
46 14
46 15
46 16
40 18
41 18
0
Yes
8 2
8 1
7 1
9 1
9 2
9 0
8 0
7 0
10 0
10 1
10 2
11 2
11 1
11 0
10 3
9 3
8 3
11 3
12 1
12 2
12 3
12 0
8 4
9 4
10 4
11 4
12 4
13 0
13 1
13 2
9 5
10 5
11 5
12 5
8 5
11 6
12 6
14 0
14 1
11 7
12 7
15 0
15 1
0
Yes
10 29
9 29
10 28
10 30
11 29
9 28
9 30
11 28
11 30
8 29
10 27
8 28
8 30
9 27
11 27
8 27
0
No
0
No
0
No
0
No
0
No
0
No
0
No
0
No
0
No
0
Yes
22 5
21 5
21 4
22 4
21 3
22 3
23 3
23 4
23 5
20 3
20 4
20 5
23 6
22 6
21 6
20 6
24 4
24 5
24 6
23 2
22 2
21 2
22 7
21 7
23 7
24 7
25 5
25 6
25 4
22 1
21 1
23 1
26 4
26 5
26 6
23 0
22 0
21 0
24 0
24 1
24 2
25 1
25 2
26 1
26 2
20 1
20 0
19 1
19 0
18 1
18 0
17 1
17 0
16 1
16 0
16 2
17 2
18 2
18 3
17 3
16 3
19 3
17 4
16 4
17 5
0
Yes
4 27
3 27
3 28
4 28
3 29
4 29
2 29
2 28
2 27
1 27
1 28
1 29
2 30
3 30
4 30
1 30
0 28
0 29
0 30
0 27
4 31
3 31
2 31
0
No
0
No
0
No
0
No
0
No
0
Yes
12 31
12 32
11 32
13 32
11 33
12 33
10 33
10 32
10 34
11 34
11 35
10 35
9 34
9 33
9 35
10 36
9 36
8 35
8 34
8 36
7 34
7 35
7 36
9 37
8 37
7 37
6 35
6 36
6 34
6 33
8 38
7 38
6 38
7 39
8 39
6 39
9 39
5 39
6 40
5 40
4 40
14 32
14 31
15 31
15 32
15 33
0
No
0
Yes
22 19
22 20
22 21
22 22
23 19
23 20
23 21
23 22
24 19
24 20
24 21
24 22
25 19
25 20
25 21
0
No
0
No
0
No
0
Yes
39 29
39 30
38 29
38 30
39 28
38 28
0
No
0
Yes
20 22
19 22
20 21
19 21
0
Yes
48 8
49 8
48 7
48 9
49 7
49 9
47 8
47 7
47 9
48 6
49 6
0
Yes
0 49
0 48
1 48
1 49
2 48
2 49
2 47
1 47
0 47
0 46
1 46
2 46
3 47
3 48
3 49
3 46
1 45
2 45
0 45
3 45
4 49
4 48
4 47
4 46
4 45
0 44
1 44
2 44
3 44
4 44
5 48
5 49
5 47
5 46
0
Yes
46 8
45 8
46 9
45 9
44 9
45 10
44 10
45 11
44 11
45 12
44 12
43 12
43 11
43 10
43 13
44 13
45 13
42 10
42 11
42 12
42 13
45 14
44 14
43 14
42 14
41 11
41 12
41 13
41 10
41 14
44 15
43 15
42 15
45 15
41 15
40 10
40 11
40 12
40 13
40 14
40 15
45 16
44 16
43 16
42 16
41 16
40 16
40 9
41 9
42 9
42 8
41 8
40 8
46 16
46 15
46 14
39 13
39 14
41 7
40 7
42 7
47 14
47 15
47 16
44 17
43 17
42 17
41 17
40 17
48 15
48 14
48 16
43 18
42 18
41 18
40 18
48 17
47 17
46 17
49 16
49 15
49 14
49 17
49 13
48 13
47 13
49 18
48 18
47 18
47 19
48 19
49 19
48 20
47 20
49 20
39 7
40 6
39 6
38 6
38 7
39 11
39 16
39 18
47 12
38 13
49 21
49 12
0
No
0
No
0
No
0
No
0
No
0
Yes
4 43
5 43
4 42
5 42
3 43
3 42
0
Yes
25 48
25 49
24 48
24 49
26 48
26 49
25 47
24 47
23 48
23 49
23 47
0
Yes
42 2
42 1
41 1
43 1
41 0
42 0
43 0
40 0
40 1
44 0
44 1
39 1
39 0
45 1
45 0
45 2
46 2
46 1
46 0
46 3
45 3
45 4
46 4
38 0
38 1
38 2
37 2
37 1
37 0
46 5
37 3
47 1
47 2
47 3
47 4
47 0
47 5
48 2
48 1
48 3
48 4
48 0
48 5
36 1
36 2
36 3
36 0
36 4
37 4
47 6
46 6
35 3
35 4
49 1
49 2
49 3
49 4
49 0
49 5
0
No
0
Yes
36 28
37 28
36 27
36 29
37 27
37 29
35 28
35 27
35 29
36 26
37 26
35 26
0
Yes
40 43
40 44
39 43
39 44
41 43
41 44
40 42
40 45
39 42
39 45
41 42
41 45
38 43
38 44
38 42
38 45
40 41
40 46
39 41
39 46
41 41
41 46
38 41
38 46
40 40
39 40
0
Yes
3 42
3 43
2 43
4 43
4 42
4 44
3 44
2 44
5 44
5 43
5 42
3 45
4 45
2 45
1 45
1 44
1 43
2 46
3 46
4 46
1 46
0 43
0 44
0 45
0 46
3 47
2 47
1 47
4 47
0 47
2 48
3 48
1 48
4 48
0 48
5 48
5 47
5 46
3 49
2 49
4 49
5 49
1 49
0 49
1 42
0 42
1 41
0 41
6 49
0
No
0
Yes
23 11
23 12
24 11
24 12
22 11
22 12
23 10
24 10
22 10
0
No
0
No
0
No
0
No
0
No
0
Yes
21 35
21 36
20 35
20 36
22 35
22 36
21 34
21 37
20 34
20 37
22 34
22 37
19 35
19 36
23 35
23 36
19 34
19 37
21 33
23 34
23 37
20 33
22 33
18 35
18 36
24 35
24 36
19 33
23 33
18 34
18 37
24 34
24 37
18 33
17 35
17 36
17 37
0
Yes
10 29
9 29
10 28
10 30
11 29
9 28
9 30
11 28
11 30
8 29
10 27
8 28
8 30
9 27
11 27
0
No
0
No
0
No
0
Yes
33 29
34 29
33 28
33 30
34 28
34 30
32 29
32 28
33 27
34 27
32 27
0
No
0
No
0
No
0
No
0
No
0
No
0
Yes
47 20
47 19
48 19
48 20
49 19
49 20
49 18
48 18
47 18
47 17
48 17
49 17
48 16
47 16
49 16
49 15
48 15
47 15
46 15
46 16
46 17
46 14
47 14
48 14
49 14
45 14
45 15
45 16
44 16
44 15
44 14
43 15
43 16
43 14
42 14
42 15
42 16
42 17
43 17
44 17
43 13
44 13
45 13
42 13
41 17
41 16
41 15
41 14
41 13
41 18
42 18
43 18
45 12
44 12
43 12
42 12
41 12
40 18
40 17
40 16
40 15
40 14
40 13
40 12
44 11
43 11
42 11
41 11
45 11
40 11
39 14
39 13
45 10
44 10
43 10
42 10
41 10
40 10
0
No
0
No
0
Yes
2 29
3 29
2 28
2 30
3 28
3 30
1 29
4 29
1 28
1 30
4 28
4 30
2 27
3 27
0 29
1 27
4 27
0 28
0 30
0 27
0
No
0
No
0
No
0
Yes
13 10
13 9
14 9
14 8
13 8
15 8
13 7
14 7
15 7
12 7
12 6
16 7
16 8
16 9
17 9
17 8
17 7
17 10
11 6
11 7
11 8
15 6
16 6
17 6
18 10
18 9
18 8
18 7
18 6
11 5
12 5
10 5
16 5
12 4
11 4
10 4
19 9
19 8
19 7
19 10
19 6
20 10
18 5
9 4
9 5
8 5
8 4
11 3
10 3
9 3
12 3
8 3
12 2
11 2
10 2
9 2
8 2
13 2
13 1
12 1
11 1
10 1
9 1
8 1
14 1
12 0
13 0
11 0
10 0
9 0
14 0
8 0
15 0
15 1
0
No
0
Yes
21 26
20 26
20 25
21 25
19 25
19 26
18 25
18 26
18 24
19 24
20 24
19 27
18 27
0
Yes
15 11
16 11
16 12
17 12
17 11
17 13
16 13
15 13
15 14
16 14
17 14
18 11
18 12
18 13
18 14
14 14
14 13
13 13
13 14
13 12
12 12
12 13
12 14
14 15
15 15
16 15
13 15
17 15
12 15
18 15
19 12
19 13
19 11
11 13
11 14
11 12
11 15
11 11
10 11
10 12
10 13
10 14
15 16
14 16
16 16
17 16
18 16
10 10
9 10
9 11
9 12
9 13
16 17
15 17
17 17
18 17
8 11
8 12
8 13
15 18
16 18
17 18
18 18
14 18
8 14
7 12
7 13
7 11
7 14
16 19
17 19
7 15
6 11
6 12
6 13
6 14
6 15
5 12
5 13
6 16
5 15
20 12
6 17
7 17
7 18
6 18
5 17
5 18
6 19
7 19
5 19
8 19
5 20
4 19
8 17
9 17
0
No
0
Yes
40 1
39 1
39 0
40 0
41 0
41 1
42 1
42 0
38 0
38 1
38 2
42 2
37 1
37 0
37 2
43 0
43 1
37 3
44 1
44 0
36 0
36 1
36 2
36 3
36 4
37 4
45 0
45 1
45 2
35 3
35 4
46 1
46 0
46 2
46 3
45 3
45 4
46 4
35 5
36 5
36 6
34 4
34 3
47 0
47 1
47 2
47 3
47 4
46 5
47 5
48 1
48 2
48 3
48 4
48 0
48 5
47 6
46 6
48 6
49 0
49 1
49 2
49 3
49 4
49 5
49 6
48 7
47 7
49 7
47 8
48 8
49 8
46 8
46 9
47 9
48 9
49 9
0
Yes
46 25
47 25
46 24
47 24
45 25
0
Yes
2 2
1 2
1 1
2 1
1 0
2 0
3 0
3 1
3 2
0 0
0 1
0 2
3 3
2 3
1 3
0 3
4 2
4 3
4 1
4 0
2 4
1 4
3 4
0 4
4 4
1 5
2 5
3 5
0 5
4 5
5 4
5 5
5 3
5 2
2 6
3 6
1 6
4 6
0 6
5 6
1 7
2 7
3 7
4 7
0 7
5 7
6 6
6 5
6 4
0
No
0
Yes
34 12
33 12
33 11
34 11
33 13
34 13
32 13
32 12
32 11
32 14
33 14
34 14
31 12
31 11
31 13
31 14
33 15
34 15
0
No
0
No
0
Yes
36 15
36 16
35 15
35 16
36 14
35 14
0
Yes
48 46
49 46
48 45
48 47
49 45
49 47
47 46
47 45
47 47
48 44
49 44
47 44
0
Yes
11 9
11 8
11 7
10 7
12 7
12 6
11 6
10 6
11 5
10 5
12 5
12 4
11 4
10 4
9 5
9 6
9 7
9 4
9 3
10 3
11 3
12 3
8 7
8 6
8 5
8 4
8 3
8 2
9 2
10 2
11 2
12 2
7 6
7 7
7 5
7 4
7 8
13 2
13 1
12 1
11 1
10 1
9 1
8 1
11 0
10 0
12 0
9 0
13 0
8 0
6 7
6 8
7 1
7 0
14 1
14 0
15 1
15 0
9 8
6 9
0
Yes
4 27
3 27
3 28
4 28
3 29
4 29
2 29
2 28
2 27
1 27
1 28
1 29
2 30
3 30
4 30
1 30
0 28
0 29
0 30
0 27
4 31
3 31
2 31
1 31
0 31
3 32
2 32
1 32
4 32
0
No
0
Yes
42 14
41 14
41 13
42 13
41 12
42 12
43 12
43 13
43 14
40 12
40 13
40 14
43 15
42 15
41 15
40 15
44 14
44 13
44 15
44 12
43 11
42 11
41 11
40 11
44 11
39 13
39 14
42 16
41 16
43 16
40 16
44 16
45 13
45 14
45 15
45 12
45 16
45 11
42 10
43 10
41 10
44 10
40 10
45 10
41 17
42 17
43 17
40 17
44 17
46 14
46 15
46 16
41 9
42 9
40 9
44 9
45 9
42 18
41 18
43 18
40 18
47 15
47 14
47 16
0
No
0
No
0
No
0
Yes
40 10
40 11
40 12
40 13
40 14
40 15
40 16
40 17
41 10
41 11
41 12
41 13
41 14
41 15
41 16
41 17
42 10
42 11
42 12
42 13
42 14
42 15
42 16
42 17
43 10
43 11
43 12
43 13
43 14
43 15
43 16
43 17
44 10
44 11
44 12
44 13
44 14
44 15
44 16
44 17
45 10
45 11
45 12
45 13
45 14
45 15
45 16
0
No
0
No
0
Yes
28 37
27 37
27 36
28 36
27 35
28 35
26 35
26 36
26 37
26 34
27 34
28 34
28 33
27 33
26 33
29 34
29 35
29 36
29 33
25 34
25 35
25 36
25 33
27 32
28 32
26 32
29 32
25 32
30 36
30 35
30 34
30 33
30 32
24 36
24 35
24 34
28 31
27 31
29 31
26 31
25 31
30 31
23 35
23 36
23 34
22 34
22 35
22 36
22 37
23 37
24 37
21 37
21 36
21 35
21 34
21 33
22 33
23 33
28 30
29 30
27 38
26 38
21 32
20 32
20 33
20 34
20 35
20 36
20 37
19 37
19 36
19 35
19 34
19 33
0
No
0
No
0
No
0
No
0
No
0
Yes
4 33
3 33
3 32
4 32
3 31
4 31
2 31
2 32
2 33
1 33
1 32
1 31
2 30
3 30
4 30
1 30
0 32
0 31
0 30
0 33
4 29
3 29
2 29
1 29
0 29
3 28
2 28
1 28
4 28
0 28
4 27
3 27
2 27
1 27
0 27
2 34
1 34
5 30
6 30
6 31
7 30
7 31
0
No
0
No
0
No
0
No
0
No
0
Yes
23 12
24 12
23 11
23 13
24 11
22 12
22 11
23 10
24 10
22 10
0
Yes
22 5
21 5
21 4
22 4
21 3
22 3
23 3
23 4
23 5
20 3
20 4
20 5
23 6
22 6
21 6
20 6
24 4
24 5
24 6
23 2
22 2
21 2
22 7
21 7
23 7
24 7
25 5
25 6
25 4
22 1
21 1
23 1
26 4
26 5
26 6
23 0
22 0
21 0
24 0
24 1
24 2
25 1
25 2
26 1
26 2
20 1
20 0
19 1
19 0
18 1
18 0
17 1
17 0
16 1
16 0
16 2
17 2
18 2
18 3
17 3
16 3
19 3
17 4
16 4
17 5
16 5
17 6
16 6
0
No
0
Yes
47 12
47 13
48 13
48 14
47 14
46 14
49 14
49 13
49 12
47 15
48 15
46 15
49 15
46 16
47 16
48 16
49 16
47 17
48 17
46 17
49 17
48 18
47 18
49 18
47 19
48 19
49 19
48 20
47 20
49 20
49 21
49 11
49 10
49 9
48 9
48 8
49 8
47 8
47 9
46 9
46 8
45 8
45 9
44 9
47 7
48 7
49 7
48 6
47 6
49 6
46 6
47 5
48 5
46 5
49 5
46 4
47 4
48 4
49 4
45 4
47 3
46 3
48 3
45 3
49 3
46 2
47 2
48 2
45 2
49 2
47 1
46 1
48 1
45 1
49 1
44 1
46 0
47 0
48 0
45 0
49 0
44 0
43 0
43 1
42 1
42 0
42 2
41 0
41 1
40 1
40 0
39 0
0
Yes
18 23
17 23
17 22
18 22
17 24
18 24
19 22
19 24
18 25
19 25
16 22
16 23
19 21
16 21
20 21
20 22
20 25
20 24
15 23
19 26
18 26
20 26
17 26
15 21
18 27
19 27
21 26
21 25
19 28
18 28
17 28
18 29
17 29
19 29
16 29
20 29
17 30
18 30
19 30
20 30
18 31
19 31
17 31
20 31
16 31
17 32
18 32
19 32
16 32
15 32
15 31
14 31
14 32
18 33
17 33
16 33
15 33
13 32
15 29
15 28
12 32
12 31
12 33
11 33
11 32
10 32
10 33
11 34
10 34
9 33
9 34
10 35
11 35
9 35
8 34
8 35
9 36
10 36
8 36
7 35
7 34
7 36
6 34
6 35
6 36
6 33
8 37
9 37
7 37
7 38
8 38
8 39
7 39
9 39
6 38
6 39
0
Yes
36 11
36 10
35 11
35 10
0
No
0
No
0
No
0
Yes
35 26
35 27
34 27
36 27
36 26
36 28
35 28
34 28
37 28
37 27
37 26
35 29
34 29
36 29
37 29
33 29
33 28
33 27
32 27
32 28
32 29
0
No
0
Yes
18 5
18 6
19 6
19 7
18 7
17 7
18 8
17 8
19 8
16 8
16 7
15 7
15 8
15 6
17 9
18 9
16 9
19 9
14 8
14 7
18 10
17 10
19 10
13 7
13 8
20 10
14 9
13 9
17 11
18 11
19 11
16 11
18 12
17 12
19 12
16 12
13 10
20 12
17 13
18 13
19 13
16 13
15 13
18 14
17 14
16 14
15 14
14 14
14 13
13 13
13 14
13 12
12 12
12 13
12 14
17 15
16 15
15 15
14 15
13 15
18 15
12 15
11 13
11 14
11 12
11 15
11 11
10 11
10 12
10 13
10 14
10 10
9 10
9 11
9 12
9 13
18 16
17 16
16 16
15 16
14 16
8 11
8 12
8 13
17 17
16 17
15 17
18 17
18 18
17 18
16 18
15 18
7 12
7 11
7 13
6 11
6 12
6 13
8 14
7 14
6 14
14 18
17 19
16 19
5 12
5 13
7 15
6 15
0
No
0
No
0
Yes
44 1
43 1
43 0
44 0
45 0
45 1
46 0
46 1
47 0
47 1
47 2
46 2
45 2
48 2
48 1
48 0
45 3
46 3
47 3
48 3
49 3
49 2
49 1
49 0
46 4
47 4
48 4
49 4
45 4
47 5
46 5
48 5
49 5
48 6
47 6
49 6
46 6
49 7
48 7
47 7
47 8
48 8
49 8
0
No
0
Yes
7 21
7 22
8 22
8 21
9 22
9 21
9 23
8 23
7 23
7 24
8 24
9 24
10 23
10 22
10 21
8 25
7 25
9 25
10 20
9 20
8 20
11 22
11 21
6 25
6 24
6 23
5 23
5 24
5 25
6 26
7 26
8 26
5 26
4 24
4 25
4 26
0
Yes
18 23
17 23
17 22
18 22
17 24
18 24
19 22
19 24
18 25
19 25
16 22
16 23
19 21
16 21
20 21
20 22
20 25
20 24
15 23
19 26
18 26
20 26
17 26
15 21
18 27
19 27
21 26
21 25
19 28
18 28
17 28
18 29
17 29
19 29
16 29
20 29
17 30
18 30
19 30
20 30
18 31
19 31
17 31
20 31
16 31
17 32
18 32
19 32
16 32
15 32
15 31
14 31
14 32
18 33
17 33
16 33
15 33
13 32
15 29
15 28
12 32
12 31
12 33
11 33
11 32
10 32
10 33
11 34
10 34
9 33
9 34
10 35
11 35
9 35
8 34
8 35
9 36
10 36
8 36
7 35
7 34
7 36
6 34
6 35
6 36
6 33
8 37
9 37
7 37
7 38
8 38
0
Yes
23 49
22 49
22 48
23 48
24 48
24 49
23 47
22 47
24 47
25 49
25 48
25 47
21 48
21 49
21 47
20 49
20 48
20 47
22 46
23 46
24 46
21 46
25 46
20 46
26 48
26 49
27 49
19 48
19 47
19 49
19 46
21 45
22 45
20 45
19 45
18 49
18 48
18 47
18 46
18 45
20 44
21 44
19 44
18 44
17 48
17 47
17 46
17 45
17 49
17 44
16 49
16 48
16 47
16 46
16 45
16 44
18 43
17 43
16 43
15 48
15 47
15 46
15 45
15 44
15 49
15 43
14 49
14 48
14 47
14 46
14 45
14 44
14 43
13 48
13 47
13 46
13 45
13 44
13 49
15 42
12 49
12 48
12 47
12 46
12 45
11 48
11 47
11 46
11 49
11 45
10 49
10 48
10 47
10 46
10 45
10 44
9 47
9 46
9 45
9 44
9 43
10 43
10 42
9 42
11 42
11 41
10 41
9 41
8 46
8 45
8 44
8 43
8 42
8 47
8 41
10 40
9 40
11 40
8 40
12 40
12 39
7 45
7 44
7 43
7 42
7 41
7 40
9 39
8 39
7 39
6 44
6 43
6 42
6 41
0
Yes
38 41
38 42
38 43
38 44
38 45
38 46
39 41
39 42
39 43
39 44
39 45
39 46
40 41
40 42
40 43
40 44
40 45
40 46
41 41
41 42
41 43
41 44
41 45
41 46
0
Yes
20 46
20 47
20 48
20 49
21 46
21 47
21 48
21 49
22 46
22 47
22 48
22 49
23 46
23 47
23 48
23 49
24 46
24 47
24 48
24 49
25 46
25 47
25 48
25 49
0
Yes
44 28
44 29
44 30
44 31
44 32
44 33
44 34
44 35
45 28
45 29
45 30
45 31
45 32
45 33
45 34
45 35
46 28
46 29
46 30
46 31
46 32
46 33
46 34
46 35
47 28
47 29
47 30
47 31
47 32
47 33
47 34
47 35
48 28
48 29
48 30
48 31
48 32
48 33
48 34
48 35
49 28
49 29
49 30
49 31
49 32
49 33
49 34
49 35
0
Yes
13 2
12 2
12 1
13 1
12 0
13 0
11 0
11 1
11 2
10 2
10 1
10 0
9 1
9 2
9 0
10 3
11 3
12 3
9 3
8 0
8 1
8 2
8 3
12 4
11 4
10 4
9 4
8 4
11 5
10 5
9 5
12 5
0
No
0
Yes
6 41
6 40
5 40
7 40
7 41
7 42
6 42
6 43
7 43
8 41
8 42
8 40
8 43
5 39
6 39
7 39
8 39
6 38
7 44
6 44
8 44
9 40
9 41
9 42
9 43
9 39
9 44
10 41
10 40
10 42
10 43
10 44
8 45
7 45
9 45
10 45
11 40
11 41
11 42
9 46
8 46
10 46
8 47
9 47
10 47
11 45
11 46
11 47
12 46
12 45
12 47
10 48
11 48
12 48
13 45
13 46
13 47
13 48
13 44
14 44
14 45
14 46
14 47
14 48
14 43
15 43
15 44
15 45
15 46
15 47
15 48
15 42
11 49
12 49
13 49
14 49
10 49
15 49
9 49
16 44
16 43
16 45
16 46
16 47
16 48
16 49
17 43
17 44
17 45
17 46
17 47
17 48
17 49
18 44
18 45
18 46
18 47
18 48
18 43
18 49
18 42
19 45
19 44
19 46
19 47
19 48
19 49
20 44
20 45
20 43
21 45
21 44
4 40
0
No
0
Yes
41 22
41 23
40 22
40 23
41 21
40 21
0
No
0
Yes
47 12
47 13
48 13
48 14
47 14
48 15
47 15
49 15
49 14
49 13
49 16
48 16
47 16
47 17
48 17
49 17
46 16
46 15
46 14
46 17
48 18
47 18
49 18
45 14
45 15
45 16
49 19
48 19
47 19
44 15
44 14
44 16
47 20
48 20
49 20
43 16
43 15
43 14
43 13
44 13
45 13
45 12
44 12
43 12
44 11
45 11
43 11
42 12
42 13
42 14
42 15
42 11
42 16
43 10
44 10
45 10
42 10
42 17
43 17
44 17
41 11
41 12
41 13
41 14
41 15
41 16
41 10
41 17
44 9
45 9
41 18
42 18
43 18
40 12
40 13
40 14
40 15
40 16
40 11
40 17
40 10
40 18
40 9
41 9
42 9
42 8
41 8
40 8
39 13
39 14
41 7
40 7
42 7
46 9
45 8
46 8
47 8
47 9
48 8
48 9
0
No
0
No
0
Yes
49 32
48 32
48 31
49 31
48 33
49 33
49 30
48 30
49 34
48 34
47 31
47 32
47 33
47 30
47 34
46 32
46 31
46 33
46 30
46 34
48 29
47 29
49 29
46 29
48 35
47 35
49 35
46 35
49 28
48 28
47 28
46 28
49 36
48 36
47 36
46 36
45 31
45 32
45 33
45 30
45 34
45 29
45 35
45 28
45 36
44 32
44 31
44 33
44 30
44 34
44 29
44 35
44 28
48 27
47 27
46 27
49 27
48 37
47 37
46 37
49 37
45 37
49 26
48 26
47 26
46 26
49 38
48 38
0
Yes
10 29
9 29
10 28
10 30
11 29
9 28
9 30
11 28
11 30
8 29
10 27
8 28
8 30
9 27
11 27
8 27
0
Yes
40 49
39 49
39 48
38 48
38 49
38 47
39 47
40 47
37 49
37 48
37 47
40 46
39 46
38 46
37 46
41 46
36 48
36 47
36 49
36 46
39 45
40 45
38 45
37 45
41 45
36 45
42 45
42 46
43 46
43 45
43 47
44 47
44 46
44 45
44 48
43 48
43 49
44 49
35 49
35 48
35 47
35 46
35 45
40 44
39 44
41 44
38 44
42 44
37 44
43 44
36 44
44 44
35 44
45 49
45 48
45 47
45 46
34 48
34 47
34 46
34 45
34 49
34 44
39 43
40 43
41 43
38 43
42 43
37 43
43 43
44 43
46 48
46 47
46 49
46 46
33 49
33 48
33 47
33 46
33 45
33 44
40 42
39 42
41 42
38 42
42 42
43 42
44 42
45 44
47 47
47 48
47 46
35 43
34 43
33 43
32 48
32 47
32 46
32 45
32 44
32 49
32 43
39 41
40 41
41 41
42 41
38 41
47 45
48 46
48 47
48 45
45 42
44 41
45 41
31 49
31 48
31 47
31 46
31 45
31 44
31 43
40 40
39 40
38 40
34 42
42 40
49 47
49 46
49 45
48 44
47 44
49 44
37 40
46 41
46 42
30 48
30 47
30 46
30 45
30 44
30 49
30 43
39 39
37 39
0
Yes
43 15
42 15
43 14
43 16
44 15
42 14
42 16
44 14
44 16
41 15
43 13
43 17
45 15
41 14
41 16
42 13
42 17
44 13
44 17
45 14
45 16
41 13
41 17
45 13
40 15
43 12
40 14
40 16
42 12
44 12
40 13
40 17
41 12
45 12
40 12
0
Yes
48 20
49 20
48 19
49 19
49 21
47 20
47 19
48 18
49 18
47 18
0
Yes
47 3
48 3
47 2
47 4
48 2
48 4
46 3
49 3
46 2
46 4
49 2
49 4
47 1
47 5
48 1
48 5
45 3
46 1
46 5
49 1
49 5
45 2
45 4
47 0
48 0
45 1
46 0
49 0
45 0
0
Yes
8 31
8 30
9 30
9 29
8 29
9 28
8 28
10 28
10 29
10 30
10 27
9 27
8 27
11 30
11 29
11 28
11 27
0
No
0
Yes
14 18
15 18
15 17
16 17
16 18
17 17
17 18
17 16
16 16
15 16
18 16
18 17
18 18
15 15
16 15
17 15
18 15
16 14
17 14
15 14
18 14
14 14
14 15
14 16
14 13
15 13
16 13
17 13
18 13
16 12
17 12
18 12
13 13
13 14
13 15
17 11
18 11
16 11
12 15
12 14
12 13
19 11
19 12
19 13
11 14
11 13
11 15
11 12
12 12
13 12
0
No
0
No
0
No
0
No
0
No
0
No
0
Yes
1 47
0 47
0 46
1 46
0 45
1 45
2 45
2 46
2 47
2 48
1 48
0 48
3 47
3 46
3 48
3 45
2 44
1 44
0 44
3 44
1 49
2 49
3 49
0 49
4 46
4 47
4 48
4 45
4 49
4 44
1 43
2 43
3 43
0 43
4 43
5 47
5 48
5 49
5 46
3 42
0
No
0
Yes
28 43
28 44
27 43
27 44
29 43
29 44
28 42
28 45
27 42
27 45
29 42
29 45
26 43
26 44
26 42
26 45
28 41
28 46
27 41
29 41
29 46
26 41
28 40
27 40
29 40
0
No
0
Yes
48 16
47 16
48 15
48 17
49 16
47 15
47 17
49 15
49 17
46 16
48 14
46 15
46 17
47 14
49 14
46 14
0
Yes
8 29
9 29
8 28
8 30
9 28
9 30
7 29
10 29
7 28
7 30
10 28
10 30
8 27
9 27
6 29
7 27
10 27
11 29
6 28
6 30
11 28
11 30
6 27
11 27
5 29
5 28
5 30
0
Yes
7 38
7 37
8 37
8 38
8 36
7 36
6 36
9 36
9 37
7 35
8 35
6 35
9 35
6 34
7 34
8 34
9 34
10 35
10 36
10 34
9 33
10 33
11 34
11 35
11 33
10 32
11 32
12 33
12 32
13 32
12 31
6 33
14 32
14 31
15 31
15 32
15 33
16 33
16 32
16 31
17 32
17 33
17 31
18 33
18 32
18 31
18 34
17 30
18 30
19 32
19 31
19 30
18 29
17 29
19 29
16 29
17 28
18 28
19 28
20 31
20 30
20 29
18 27
19 27
0
Yes
20 24
19 24
19 25
20 25
19 26
20 26
18 26
18 25
18 24
21 25
21 26
0
Yes
9 10
9 11
8 11
10 11
10 10
8 12
9 12
10 12
7 12
7 11
9 13
8 13
10 13
7 13
6 11
6 12
6 13
8 14
7 14
6 14
10 14
5 12
5 13
7 15
6 15
5 15
6 16
11 11
4 12
3 12
4 15
2 12
2 11
2 13
1 11
1 12
1 13
1 10
1 14
2 14
0 10
0 11
0 12
0 13
0 14
0 9
1 9
2 9
2 8
1 8
0 8
3 8
3 9
4 9
4 8
5 8
0 15
0
Yes
36 11
35 11
36 10
35 10
0
Yes
48 8
48 9
49 8
49 9
47 8
47 9
48 7
49 7
49 10
47 7
48 6
49 6
47 6
0
No
0
No
0
Yes
18 36
18 37
17 36
17 37
18 35
17 35
0
No
0
No
0
No
0
Yes
49 41
49 40
48 40
48 39
49 39
47 39
47 40
0
Yes
20 47
19 47
20 46
20 48
21 47
19 46
19 48
21 46
21 48
18 47
20 45
20 49
22 47
18 46
18 48
19 45
19 49
21 45
21 49
22 46
22 48
18 45
18 49
22 45
22 49
17 47
20 44
23 47
17 46
17 48
19 44
21 44
23 46
23 48
17 45
17 49
18 44
23 49
16 47
16 46
16 48
17 44
16 45
16 49
16 44
0
Yes
6 41
6 40
5 40
7 40
7 41
7 39
6 39
5 39
8 39
8 40
8 41
9 41
9 40
9 39
8 42
7 42
6 42
9 42
10 42
10 41
10 40
6 43
7 43
8 43
9 43
10 43
11 41
11 40
11 42
7 44
8 44
9 44
6 44
10 44
5 44
5 43
5 42
8 45
9 45
10 45
7 45
9 46
8 46
10 46
10 47
9 47
8 47
11 47
11 46
0
Yes
2 30
2 31
3 30
3 31
1 30
1 31
2 29
2 32
3 29
3 32
4 30
4 31
1 29
1 32
4 29
4 32
0 30
0 31
2 28
2 33
3 28
3 33
0 29
0 32
1 28
1 33
4 28
4 33
0 28
0 33
2 27
3 27
1 27
4 27
0 27
0
Yes
5 2
4 2
4 1
4 3
5 3
3 3
3 2
3 1
3 4
4 4
5 4
2 2
2 3
2 1
2 4
5 5
4 5
3 5
2 5
2 0
3 0
4 0
1 1
1 2
1 3
1 4
1 0
1 5
4 6
3 6
2 6
5 6
1 6
0 2
0 3
0 4
0 5
0 6
0 1
0 0
5 7
4 7
3 7
2 7
1 7
0 7
6 6
6 5
6 4
6 7
7 4
7 5
0
No
0
No
0
No
0
Yes
14 1
14 0
15 0
15 1
16 0
16 1
17 0
17 1
17 2
16 2
15 2
18 2
18 1
18 0
15 3
16 3
17 3
18 3
19 1
19 0
16 4
17 4
15 4
20 1
20 0
16 5
17 5
21 1
21 0
16 6
17 6
22 1
22 0
16 7
17 7
18 7
18 6
18 5
18 8
17 8
16 8
15 8
15 7
15 6
19 8
19 7
19 6
16 9
17 9
18 9
19 9
17 10
18 10
19 10
23 1
23 0
23 2
22 2
21 2
21 3
22 3
23 3
22 4
21 4
23 4
20 4
20 3
19 3
20 5
21 5
20 6
21 6
22 5
22 6
23 5
23 6
0
Yes
36 0
36 1
36 2
37 0
37 1
37 2
38 0
38 1
38 2
39 0
39 1
0
No
0
Yes
0 21
0 22
1 21
1 22
2 21
0
Yes
24 1
24 2
25 1
25 2
26 1
26 2
0
No
0
Yes
36 28
35 28
36 27
36 29
37 28
35 27
35 29
37 27
37 29
34 28
36 26
34 27
34 29
35 26
37 26
0
No
0
Yes
36 16
35 16
35 15
36 15
36 14
35 14
34 15
34 14
35 13
36 13
34 13
37 13
33 14
33 15
33 13
34 12
33 12
32 13
32 14
32 12
31 14
31 13
31 12
33 11
32 11
34 11
31 11
32 10
31 10
30 11
30 10
31 9
32 9
33 9
33 8
38 13
39 13
39 14
40 14
40 13
40 15
41 15
41 14
41 13
41 16
40 16
39 16
40 17
41 17
41 18
40 18
39 18
40 12
41 12
42 16
42 15
42 17
42 14
42 13
42 18
42 12
41 11
40 11
42 11
39 11
43 15
43 16
43 17
43 14
43 13
43 12
43 18
43 11
40 10
41 10
42 10
43 10
44 16
44 15
44 17
44 14
44 13
44 12
44 11
44 10
41 9
42 9
40 9
40 8
41 8
42 8
45 15
45 16
45 14
45 13
45 12
45 11
45 10
41 7
40 7
42 7
39 7
39 6
40 6
0
No
0
No
0
Yes
23 3
22 3
22 2
23 2
22 4
23 4
24 2
24 4
23 1
22 1
24 1
23 5
22 5
24 5
21 2
21 3
21 4
21 1
21 5
25 1
25 2
25 5
25 4
20 3
20 4
20 5
22 0
23 0
24 0
21 0
22 6
23 6
24 6
21 6
25 6
20 6
26 2
26 1
26 4
26 5
26 6
20 1
20 0
23 7
22 7
24 7
21 7
27 5
19 0
19 1
19 6
18 1
18 0
18 2
19 7
17 2
17 1
17 0
17 3
18 3
19 3
18 7
18 6
18 5
17 5
17 4
17 6
17 7
16 4
16 3
16 2
16 1
16 5
16 6
16 0
16 7
18 8
17 8
19 8
16 8
19 9
18 9
17 9
16 9
15 3
15 2
15 4
15 1
15 0
15 6
15 7
15 8
18 10
17 10
19 10
20 10
14 1
14 0
14 7
14 8
14 9
13 8
13 7
13 9
12 7
12 6
13 10
11 6
11 7
11 8
10 7
10 6
9 6
9 7
9 8
8 7
8 6
8 5
7 5
7 6
7 7
7 4
7 8
6 4
6 5
6 6
6 7
6 8
6 9
5 5
5 6
5 7
5 4
0
Yes
45 9
46 9
45 8
46 8
44 9
0
Yes
15 28
15 29
16 29
17 29
17 28
17 30
18 28
18 29
18 30
18 27
19 27
19 28
19 29
19 30
18 31
17 31
19 31
16 31
16 32
17 32
18 32
19 32
15 32
15 31
14 31
14 32
13 32
19 26
18 26
17 26
18 25
19 25
15 33
16 33
17 33
18 33
20 29
20 30
20 31
20 26
20 25
19 24
18 24
20 24
17 24
17 23
18 23
16 23
16 22
17 22
18 22
18 34
21 25
21 26
19 22
19 21
20 21
20 22
12 32
12 31
12 33
11 33
11 32
10 32
10 33
11 34
10 34
9 33
9 34
10 35
11 35
9 35
8 34
8 35
9 36
10 36
8 36
7 35
7 34
7 36
6 34
6 35
6 36
6 33
8 37
9 37
7 37
7 38
8 38
6 38
15 23
16 21
15 21
18 35
0
No
0
No
0
Yes
9 39
8 39
8 40
9 40
8 41
9 41
7 41
7 40
7 39
6 39
6 40
6 41
7 42
8 42
9 42
6 42
10 42
10 41
10 40
9 43
8 43
7 43
10 43
6 43
11 40
11 41
11 42
8 44
9 44
7 44
10 44
6 44
9 45
8 45
10 45
7 45
5 44
5 43
5 42
10 46
9 46
8 46
9 47
10 47
8 47
11 47
11 46
11 45
12 45
12 46
12 47
13 46
13 45
13 47
12 48
11 48
10 48
13 48
14 47
14 46
14 45
14 48
5 39
5 40
10 49
11 49
12 49
13 49
14 49
15 45
15 46
15 47
15 48
15 49
15 44
14 44
13 44
15 43
14 43
4 42
4 40
9 49
12 40
12 39
0
Yes
26 28
26 29
27 28
27 29
25 28
25 29
26 27
27 27
28 28
28 29
25 27
24 28
24 29
24 27
0
No
0
Yes
36 28
37 28
36 27
36 29
37 27
37 29
35 28
35 27
35 29
36 26
37 26
35 26
0
Yes
5 2
4 2
4 1
4 3
5 3
3 3
3 2
3 1
2 2
2 1
2 3
1 3
1 2
1 1
2 0
1 0
3 0
4 0
2 4
3 4
4 4
1 4
0 2
0 3
0 4
0 1
0
No
0
No
0
Yes
19 48
18 48
18 47
19 47
18 49
19 49
20 47
20 48
20 49
19 46
18 46
20 46
21 48
21 47
21 49
21 46
17 47
17 48
17 49
17 46
16 48
16 47
16 49
16 46
18 45
19 45
20 45
17 45
21 45
16 45
22 47
22 48
22 46
22 49
22 45
19 44
18 44
20 44
17 44
21 44
16 44
23 48
23 47
23 46
23 49
18 43
17 43
16 43
20 43
24 47
24 48
24 49
24 46
24 45
25 48
25 47
25 46
25 49
25 45
26 49
26 48
25 44
24 44
24 43
25 43
25 42
24 42
23 42
23 41
22 41
22 42
22 40
23 40
21 40
21 41
20 41
21 39
22 39
0
Yes
3 49
2 49
2 48
3 48
2 47
3 47
4 47
4 48
4 49
1 47
1 48
1 49
5 49
5 48
5 47
4 46
3 46
2 46
1 46
5 46
0 49
0 48
0 47
0 46
3 45
2 45
4 45
1 45
0 45
2 44
3 44
1 44
0
No
0
No
0
Yes
26 28
26 29
25 28
25 29
27 28
27 29
26 27
25 27
27 27
24 28
24 29
28 28
28 29
24 27
23 28
23 29
23 27
0
Yes
47 34
46 34
46 33
47 33
46 32
47 32
48 32
48 33
48 34
45 32
45 33
45 34
48 35
47 35
46 35
45 35
49 34
49 33
49 35
49 32
48 31
47 31
46 31
45 31
49 31
44 34
44 33
44 32
44 31
44 35
47 36
46 36
48 36
45 36
49 36
47 30
46 30
48 30
45 30
49 30
44 30
43 33
43 32
43 34
46 37
47 37
48 37
49 37
45 37
46 29
47 29
48 29
45 29
49 29
44 29
47 38
48 38
49 38
46 38
47 28
48 28
45 28
49 28
44 28
46 28
0
No
0
No
0
Yes
36 4
36 5
35 4
35 5
37 4
36 3
35 3
37 3
34 4
34 3
0
Yes
17 49
16 49
16 48
17 48
18 48
18 49
17 47
16 47
18 47
19 49
19 48
19 47
15 48
15 49
15 47
14 49
14 48
14 47
16 46
17 46
18 46
15 46
19 46
14 46
20 48
20 47
20 49
20 46
17 45
16 45
18 45
15 45
19 45
14 45
20 45
21 49
21 48
21 47
21 46
21 45
13 48
13 47
13 46
13 49
13 45
12 49
12 48
12 47
12 46
12 45
16 44
17 44
18 44
15 44
19 44
14 44
20 44
13 44
21 44
22 48
22 47
22 46
22 45
22 49
17 43
16 43
18 43
15 43
14 43
23 49
23 48
23 47
23 46
11 48
11 47
11 46
11 49
11 45
20 43
10 49
0
Yes
39 14
39 13
40 13
40 14
41 13
41 14
42 13
42 14
42 15
41 15
40 15
42 12
41 12
40 12
43 15
43 14
43 13
43 12
40 16
41 16
42 16
43 16
40 11
41 11
42 11
43 11
44 14
44 13
44 15
44 12
44 16
44 11
41 17
42 17
43 17
40 17
44 17
41 10
42 10
43 10
40 10
44 10
45 13
45 14
45 12
45 15
45 16
45 11
45 10
40 18
41 18
42 18
43 18
40 9
41 9
42 9
46 14
46 15
46 16
47 15
47 14
47 16
48 16
48 15
48 14
48 17
47 17
46 17
49 14
49 15
49 16
49 17
49 13
48 13
47 13
0
Yes
1 16
0 16
0 15
0 17
0 14
1 14
1 13
0 13
2 13
2 14
0 12
1 12
2 12
3 12
1 11
2 11
0 11
0 10
1 10
1 9
0 9
2 9
0 8
1 8
2 8
3 8
3 9
4 9
4 8
5 8
1 7
2 7
3 7
4 7
0 7
0 6
1 6
2 6
3 6
4 6
1 5
2 5
3 5
0 5
4 5
4 12
5 12
5 13
6 13
6 12
6 14
7 14
7 13
7 12
7 15
6 15
5 15
6 16
6 11
7 11
8 13
8 14
8 12
8 11
9 12
9 13
9 11
10 13
10 12
10 11
10 14
9 10
10 10
11 14
11 13
11 12
11 11
11 15
12 15
12 14
12 13
12 12
13 14
13 13
13 15
13 12
14 15
14 14
14 13
14 16
15 16
15 15
15 14
15 13
15 17
16 15
16 16
16 14
16 17
16 13
16 18
15 18
14 18
16 12
17 16
17 15
17 17
17 14
17 13
17 18
17 12
17 19
16 19
17 11
16 11
15 11
18 15
18 16
18 17
18 14
18 18
18 13
18 12
18 11
19 13
19 12
19 11
20 12
4 15
6 17
5 17
5 18
6 18
0
No
0
No
0
Yes
6 40
6 41
6 42
6 43
6 44
7 40
7 41
7 42
7 43
7 44
8 40
8 41
8 42
8 43
8 44
9 40
9 41
9 42
9 43
9 44
10 40
10 41
10 42
10 43
10 44
0
Yes
44 17
43 17
43 16
44 16
43 15
44 15
42 15
42 16
42 17
41 17
41 16
41 15
42 14
43 14
44 14
41 14
40 16
40 15
40 17
40 14
41 18
42 18
43 18
40 18
45 14
45 15
45 16
44 13
43 13
42 13
41 13
45 13
40 13
46 16
46 15
46 14
43 12
42 12
44 12
41 12
45 12
40 12
47 15
47 16
47 14
44 11
43 11
42 11
41 11
45 11
40 11
48 14
48 15
48 16
48 17
47 17
46 17
43 10
42 10
41 10
40 10
44 10
45 10
49 17
49 16
49 15
49 14
0
No
0
Yes
34 11
33 11
33 12
34 12
33 13
34 13
32 13
32 12
32 11
31 11
31 12
31 13
32 14
33 14
34 14
31 14
33 15
34 15
35 15
35 14
35 13
36 13
36 14
36 15
0
No
0
No
0
Yes
6 39
5 39
5 40
4 40
6 38
7 38
7 39
8 39
8 38
7 37
8 37
8 36
7 36
6 36
9 37
9 36
6 35
7 35
8 35
9 35
10 36
10 35
7 34
8 34
9 34
6 34
10 34
6 33
11 35
11 34
9 33
10 33
11 33
10 32
11 32
12 33
12 32
13 32
12 31
9 39
14 32
14 31
15 31
15 32
15 33
16 33
16 32
16 31
17 32
17 33
17 31
18 33
18 32
18 31
18 34
17 30
18 30
19 32
19 31
19 30
18 29
17 29
19 29
16 29
17 28
18 28
19 28
20 31
20 30
20 29
18 27
19 27
19 26
0
No
0
No
0
No
0
No
0
No
0
No
0
No
0
No
0
Yes
20 22
19 22
20 21
19 21
0
No
0
Yes
45 4
45 3
46 3
46 4
47 3
47 4
47 2
46 2
45 2
45 1
46 1
47 1
48 2
48 3
48 4
48 1
46 0
47 0
45 0
48 0
48 5
47 5
46 5
49 4
49 3
49 2
49 5
49 1
49 0
46 6
47 6
48 6
49 6
47 7
48 7
49 7
44 1
44 0
43 1
43 0
42 1
42 0
0
No
0
No
0
No
0
Yes
22 46
22 47
22 48
22 49
23 46
23 47
23 48
23 49
24 46
24 47
24 48
24 49
25 46
25 47
25 48
25 49
0
Yes
20 43
20 44
19 44
21 44
21 45
20 45
19 45
20 46
19 46
21 46
21 47
20 47
19 47
18 46
18 45
18 44
18 47
20 48
19 48
21 48
18 48
17 44
17 45
17 46
17 47
17 48
19 49
18 49
17 49
20 49
21 49
16 45
16 46
16 47
16 48
16 44
16 49
16 43
17 43
18 43
15 43
15 44
15 45
15 46
15 47
15 48
15 49
14 44
14 45
14 46
14 47
14 48
14 49
14 43
13 45
13 46
13 47
13 48
13 49
13 44
0
No
0
No
0
No
0
No
0
Yes
44 9
45 9
45 8
46 8
46 9
47 8
47 9
48 8
48 9
47 7
48 7
49 7
49 8
49 9
49 6
48 6
47 6
47 5
48 5
49 5
48 4
47 4
49 4
46 4
46 5
46 6
46 3
47 3
48 3
49 3
47 2
48 2
46 2
49 2
45 2
45 3
45 4
45 1
46 1
47 1
48 1
49 1
44 1
43 1
43 0
44 0
45 0
46 0
47 0
48 0
49 0
0
No
0
No
0
Yes
0 0
0 1
0 2
0 3
0 4
1 0
1 1
1 2
1 3
1 4
2 0
2 1
2 2
2 3
2 4
3 0
3 1
3 2
3 3
3 4
4 0
4 1
4 2
4 3
4 4
0
No
0
No
0
No
0
No
0
No
0
Yes
0 0
0 1
1 1
1 0
2 1
2 0
2 2
1 2
0 2
0 3
1 3
2 3
3 2
3 1
3 0
3 3
1 4
2 4
3 4
0 4
4 0
4 1
0
No
0
Yes
9 49
10 49
10 48
11 48
11 49
12 48
12 49
12 47
11 47
10 47
10 46
11 46
12 46
11 45
10 45
12 45
0
Yes
0 5
0 6
0 7
0 8
0 9
1 5
1 6
1 7
1 8
1 9
2 5
2 6
2 7
2 8
2 9
3 5
3 6
3 7
3 8
3 9
0
No
0
No
0
No
0
No
0
Yes
27 33
26 33
26 32
27 32
26 31
27 31
28 31
28 32
28 33
25 31
25 32
25 33
28 34
27 34
26 34
25 34
29 33
29 32
29 34
29 31
27 35
26 35
28 35
25 35
29 35
30 32
30 33
30 34
30 35
30 31
26 36
27 36
28 36
25 36
29 36
30 36
27 37
26 37
28 37
24 36
24 35
24 34
23 34
23 35
23 36
22 35
22 34
22 36
22 37
23 37
24 37
0
Yes
21 32
20 32
20 33
21 33
20 34
21 34
20 35
21 35
19 35
19 34
19 33
0
Yes
20 12
19 12
19 11
19 13
18 11
18 12
18 13
18 14
17 12
17 13
17 11
17 14
16 11
16 12
16 13
16 14
17 15
18 15
16 15
18 16
17 16
16 16
15 13
15 14
15 15
15 16
17 17
16 17
18 17
15 17
14 14
14 15
14 16
14 13
18 18
17 18
16 18
15 18
13 13
13 14
13 15
13 12
17 19
16 19
12 12
12 13
12 14
12 15
14 18
11 13
11 14
11 12
11 15
11 11
10 12
10 13
10 14
10 11
10 10
9 11
9 12
9 13
9 10
8 12
8 11
0
No
0
Yes
41 1
42 1
41 0
42 0
40 1
40 0
0
No
0
No
0
Yes
47 32
47 33
46 32
46 33
48 32
48 33
47 31
47 34
46 31
46 34
48 31
48 34
45 32
45 33
49 32
49 33
45 31
45 34
47 30
47 35
49 31
49 34
46 30
46 35
48 30
48 35
44 32
44 33
45 30
45 35
49 30
49 35
44 31
44 34
47 29
46 29
48 29
44 30
44 35
45 29
49 29
44 29
0
Yes
27 43
27 44
26 43
26 44
28 43
28 44
27 42
27 45
26 42
26 45
28 42
28 45
25 43
25 44
29 43
29 44
25 42
25 45
27 41
29 42
29 45
26 41
28 41
24 43
24 44
29 41
24 42
24 45
0
No
0
No
0
Yes
5 8
4 8
4 7
4 9
3 7
3 8
3 9
3 6
4 6
2 8
2 7
2 9
2 6
4 5
3 5
2 5
1 7
1 8
1 6
1 9
1 5
1 10
3 4
2 4
4 4
1 4
0 8
0 7
0 9
0 6
0 5
0 10
0 4
4 3
3 3
2 3
1 3
0 3
5 3
0 11
1 11
2 11
2 12
1 12
0 12
3 12
5 2
4 2
3 2
2 2
1 2
0 2
1 13
2 13
0 13
2 14
1 14
0 14
4 1
3 1
2 1
1 1
0 1
3 0
2 0
1 0
4 0
0 0
0 15
4 12
5 12
5 13
6 13
6 12
6 11
7 11
7 12
7 13
8 13
6 14
7 14
8 14
7 15
6 15
5 15
6 16
4 15
6 17
5 17
7 17
5 18
6 18
7 18
6 19
5 19
7 19
4 19
0
Yes
36 33
36 34
36 35
36 36
37 33
37 34
37 35
37 36
38 33
38 34
38 35
38 36
0
Yes
15 11
16 11
16 12
17 12
17 11
18 12
18 11
18 13
17 13
16 13
19 13
19 12
19 11
16 14
17 14
18 14
17 15
16 15
18 15
15 15
15 14
15 13
14 13
14 14
14 15
15 16
16 16
17 16
18 16
14 16
13 14
13 15
13 13
16 17
15 17
17 17
18 17
12 13
12 14
12 15
17 18
16 18
15 18
18 18
11 14
11 13
11 15
11 12
12 12
13 12
0
No
0
Yes
0 7
0 6
1 6
1 7
1 8
0 8
0 9
1 9
2 7
2 8
2 6
2 9
1 5
0 5
2 5
0 4
1 4
2 4
1 10
0 10
3 6
3 7
3 8
3 5
3 9
3 4
0 11
1 11
4 7
4 6
4 8
4 5
4 9
4 4
1 3
2 3
3 3
0 3
4 3
2 11
0 2
1 2
2 2
3 2
4 2
1 12
0 12
2 12
5 8
3 12
0 13
1 13
2 13
1 1
2 1
3 1
0 1
4 1
5 3
5 2
0 0
1 0
2 0
3 0
4 0
1 14
0 14
2 14
0 15
4 12
5 12
5 13
6 13
6 12
6 11
7 11
7 12
7 13
6 14
7 14
8 12
8 13
8 11
8 14
9 11
9 12
9 13
9 10
10 10
10 11
10 12
10 13
7 15
6 15
5 15
6 16
11 11
10 14
4 15
0
No
0
No
0
Yes
45 4
45 3
46 3
46 4
47 3
47 4
47 2
46 2
45 2
45 1
46 1
47 1
48 2
48 3
48 4
48 1
46 0
47 0
45 0
48 0
48 5
47 5
46 5
49 4
49 3
49 2
49 5
49 1
49 0
46 6
47 6
48 6
49 6
47 7
48 7
49 7
44 1
44 0
0
No
0
No
0
Yes
10 3
11 3
10 2
10 4
11 2
11 4
9 3
12 3
9 2
9 4
12 2
12 4
10 1
10 5
11 1
11 5
8 3
9 1
9 5
12 1
12 5
8 2
8 4
10 0
11 0
8 1
9 0
12 0
8 0
0
Yes
36 33
36 34
36 35
36 36
37 33
37 34
37 35
37 36
38 33
38 34
38 35
38 36
0
Yes
3 42
3 43
4 43
4 42
5 43
5 42
6 43
6 42
6 44
5 44
4 44
7 44
7 43
7 42
8 42
8 43
8 44
8 41
7 41
6 41
9 41
9 42
9 43
9 44
6 40
7 40
8 40
9 40
9 45
8 45
7 45
10 40
10 41
10 42
10 43
10 44
10 45
11 42
11 41
11 40
10 46
9 46
8 46
8 47
9 47
0
No
0
Yes
20 38
20 37
19 37
21 37
21 36
20 36
19 36
0
No
0
Yes
25 47
24 47
24 46
25 46
24 48
25 48
26 48
25 45
24 45
25 49
24 49
26 49
23 46
23 47
23 48
23 49
26 45
27 49
22 47
22 48
22 46
22 49
24 44
25 44
26 44
22 45
27 44
27 45
28 45
28 44
28 46
25 43
26 43
27 43
24 43
28 43
29 46
29 45
29 44
29 43
24 42
25 42
26 42
27 42
28 42
29 42
23 42
26 41
27 41
28 41
29 41
23 41
22 41
22 42
30 42
30 41
27 40
28 40
29 40
30 40
22 40
23 40
21 40
21 41
20 41
31 41
31 42
31 40
28 39
32 42
32 41
21 39
22 39
30 39
0
Yes
29 43
28 43
28 42
29 42
28 41
29 41
27 41
27 42
27 43
27 44
28 44
29 44
26 43
26 42
26 44
26 41
27 40
28 40
29 40
29 45
28 45
27 45
26 45
25 44
25 43
25 42
25 45
30 40
30 41
30 42
24 43
24 44
24 45
24 42
31 42
31 41
31 40
0
No
0
Yes
32 33
31 33
30 33
30 32
30 34
29 32
29 33
29 34
29 31
30 31
31 31
29 35
30 35
30 36
29 36
28 33
28 32
28 34
28 35
28 31
28 36
28 30
29 30
27 32
27 33
27 34
27 31
27 35
27 36
28 37
27 37
26 33
26 32
26 34
26 35
26 36
26 31
26 37
25 32
25 33
25 34
25 35
25 36
25 31
27 38
26 38
25 30
24 34
24 35
24 36
24 30
24 29
25 29
26 29
27 29
28 29
28 28
27 28
26 28
25 28
24 28
27 27
26 27
25 27
24 27
24 37
23 35
23 36
23 34
23 37
23 33
23 29
23 28
23 27
25 26
22 33
22 34
22 35
22 36
22 37
21 36
21 37
22 27
20 37
20 36
20 38
19 36
19 37
18 37
18 36
18 35
17 35
17 36
17 37
0
Yes
14 31
14 32
13 32
15 32
15 31
16 31
16 32
15 33
16 33
17 32
17 31
17 33
17 30
18 31
18 32
18 30
18 33
18 29
17 29
16 29
17 28
18 28
18 34
19 30
19 31
19 32
19 29
19 33
19 28
19 34
18 27
19 27
20 31
20 30
20 32
20 29
20 33
20 34
19 35
20 35
19 26
18 26
17 26
21 32
21 33
21 34
21 35
18 25
19 25
20 26
20 25
19 24
18 24
20 24
17 24
17 23
18 23
16 23
16 22
17 22
18 22
21 25
21 26
12 32
12 31
12 33
11 33
11 32
10 32
10 33
11 34
10 34
9 33
9 34
10 35
11 35
9 35
8 34
8 35
9 36
10 36
8 36
7 35
7 34
7 36
8 37
9 37
7 37
6 34
6 35
6 36
6 33
7 38
8 38
8 39
7 39
9 39
6 38
6 39
0
No
0
Yes
22 45
22 46
23 46
23 47
22 47
23 48
22 48
24 48
24 47
24 46
24 49
23 49
22 49
25 46
25 47
25 48
25 49
0
Yes
24 17
24 18
23 18
25 18
25 17
25 19
24 19
23 19
24 20
23 20
25 20
25 21
24 21
23 21
22 20
22 19
22 21
22 18
24 22
23 22
22 22
0
Yes
34 31
34 30
33 30
33 29
34 29
33 28
34 28
33 27
34 27
35 27
35 28
35 29
32 27
32 28
32 29
36 29
36 28
36 27
37 28
37 29
37 27
37 26
36 26
35 26
38 28
38 29
39 28
39 29
32 26
33 26
32 25
33 25
38 30
39 30
31 28
0
No
0
No
0
Yes
0 4
0 3
1 3
1 4
1 5
0 5
0 6
1 6
2 4
2 5
2 3
2 6
1 2
0 2
2 2
0 1
1 1
2 1
1 7
0 7
2 7
3 3
3 4
3 5
3 2
3 6
3 1
3 7
0 8
1 8
2 8
3 8
4 4
4 3
4 5
4 2
4 6
4 7
4 1
4 8
1 0
2 0
3 0
0 0
4 0
1 9
2 9
3 9
0 9
4 9
5 3
5 2
0 10
1 10
5 8
1 11
0 11
2 11
0 12
1 12
2 12
3 12
1 13
2 13
0 13
0 14
1 14
2 14
4 12
5 12
5 13
6 13
6 12
6 11
7 11
7 12
7 13
8 12
8 11
8 13
9 11
9 12
9 13
9 10
6 14
7 14
8 14
10 10
10 11
10 12
10 13
7 15
6 15
5 15
11 11
0
Yes
1 2
0 2
0 1
1 1
0 3
1 3
2 1
2 2
2 3
1 0
0 0
2 0
1 4
0 4
2 4
3 2
3 1
3 3
3 0
3 4
0 5
1 5
2 5
3 5
4 1
4 2
4 3
4 4
4 0
4 5
1 6
2 6
3 6
0 6
4 6
5 2
5 3
0 7
1 7
2 7
3 7
4 7
1 8
2 8
3 8
0 8
4 8
0 9
1 9
2 9
3 9
4 9
5 8
1 10
0 10
0 11
1 11
2 11
1 12
0 12
2 12
3 12
0 13
0
Yes
40 7
40 8
40 9
41 7
41 8
41 9
42 7
42 8
42 9
0
No
0
No
0
Yes
6 49
5 49
5 48
4 48
4 49
3 48
3 49
3 47
4 47
5 47
2 47
2 48
2 49
5 46
4 46
3 46
2 46
1 49
1 48
1 47
1 46
4 45
3 45
2 45
1 45
0 48
0 47
0 46
0 45
0 49
3 44
2 44
1 44
0 44
2 43
1 43
0 43
1 42
0 42
0
No
0
Yes
46 17
46 16
45 16
47 16
47 17
47 15
46 15
45 15
48 15
48 16
48 17
46 14
47 14
45 14
48 14
49 17
49 16
49 15
49 14
44 14
44 15
44 16
47 13
48 13
49 13
49 18
48 18
47 18
43 16
43 15
43 14
47 19
48 19
49 19
43 13
44 13
45 13
42 15
42 14
42 16
42 13
48 20
47 20
49 20
42 17
43 17
44 17
45 12
44 12
43 12
42 12
41 16
41 15
41 14
41 13
41 17
41 12
44 11
43 11
42 11
45 11
41 11
41 18
42 18
43 18
40 17
40 16
40 15
40 14
40 13
40 12
40 11
40 18
45 10
44 10
43 10
42 10
41 10
40 10
39 14
39 13
45 9
44 9
46 9
46 8
45 8
47 8
47 9
48 8
48 9
49 8
49 9
49 10
49 12
49 11
49 21
39 16
39 18
0
Yes
29 30
28 30
28 31
29 31
28 32
29 32
28 33
29 33
30 33
30 32
30 31
27 33
27 32
27 31
30 34
29 34
28 34
27 34
26 31
26 32
26 33
26 34
29 35
28 35
27 35
30 35
26 35
25 32
25 33
25 34
25 35
25 31
28 36
27 36
26 36
25 36
29 36
30 36
0
No
0
No
0
No
0
Yes
3 42
3 43
4 43
4 42
5 43
5 42
6 43
6 42
6 44
5 44
4 44
7 44
7 43
7 42
8 42
8 43
8 44
8 41
7 41
6 41
9 41
9 42
9 43
9 44
6 40
7 40
8 40
9 40
9 45
8 45
7 45
10 40
10 41
10 42
10 43
10 44
10 45
11 42
11 41
11 40
10 46
9 46
8 46
0
Yes
48 27
47 27
48 26
48 28
49 27
47 26
47 28
49 26
49 28
46 27
48 25
46 26
46 28
47 25
49 25
46 25
0
No
0
Yes
27 38
27 37
28 37
26 38
26 37
0
No
0
Yes
26 28
26 29
25 28
25 29
27 28
27 29
26 27
25 27
27 27
24 28
24 29
28 28
28 29
24 27
23 28
23 29
23 27
0
No
0
No
0
No
0
Yes
41 9
42 9
41 8
42 8
40 9
40 8
41 7
42 7
40 7
0
Yes
41 22
41 23
40 22
40 23
41 21
41 24
40 21
40 24
0
No
0
No
0
No
0
No
0
No
0
Yes
39 35
38 35
38 34
38 36
39 36
37 36
37 35
37 34
36 35
36 34
36 36
36 33
37 33
38 33
0
No
0
Yes
22 20
22 21
22 22
23 20
23 21
23 22
24 20
24 21
24 22
25 20
25 21
0
No
0
Yes
13 2
12 2
12 1
13 1
12 0
13 0
11 0
11 1
11 2
10 2
10 1
10 0
9 1
9 2
9 0
10 3
11 3
12 3
9 3
8 0
8 1
8 2
8 3
12 4
11 4
10 4
9 4
8 4
11 5
10 5
9 5
12 5
7 0
7 1
0
Yes
24 48
23 48
24 47
24 49
25 48
23 47
23 49
25 47
25 49
22 48
24 46
26 48
22 47
22 49
23 46
25 46
26 49
22 46
21 48
21 47
21 49
21 46
0
Yes
35 15
36 15
35 14
35 16
36 14
36 16
34 15
34 14
35 13
36 13
34 13
0
No
0
No
0
Yes
15 42
15 43
14 43
16 43
14 44
15 44
16 44
13 44
17 44
17 43
15 45
14 45
16 45
13 45
17 45
18 43
18 44
18 45
18 42
14 46
15 46
16 46
17 46
13 46
18 46
12 45
12 46
19 44
19 45
19 46
15 47
14 47
16 47
13 47
17 47
18 47
12 47
19 47
11 46
11 45
11 47
20 45
20 46
20 44
20 47
20 43
14 48
15 48
16 48
13 48
17 48
12 48
18 48
19 48
11 48
20 48
21 44
21 45
15 49
14 49
16 49
13 49
17 49
12 49
18 49
19 49
11 49
20 49
10 47
10 48
10 49
22 45
9 49
0
Yes
0 45
0 46
0 47
0 48
0 49
1 45
1 46
1 47
1 48
1 49
2 45
2 46
2 47
2 48
2 49
3 45
3 46
3 47
3 48
3 49
4 45
4 46
4 47
4 48
4 49
0
Yes
24 45
24 44
25 44
25 45
26 44
26 45
26 43
25 43
24 43
24 42
25 42
26 42
27 43
27 44
27 45
27 42
28 45
28 44
28 43
28 42
29 44
29 43
29 45
29 42
28 41
27 41
29 41
0
Yes
30 28
31 28
32 28
32 27
32 29
33 27
33 28
33 29
33 26
32 26
32 25
33 25
31 25
33 30
34 28
34 27
34 29
34 30
34 31
35 27
35 28
35 29
35 26
36 28
36 27
36 29
36 26
37 27
37 28
37 29
37 26
38 28
38 29
38 30
39 29
39 28
39 30
40 28
30 25
29 25
29 24
0
Yes
20 38
20 37
19 37
21 37
19 36
20 36
21 36
18 36
18 37
22 36
22 37
17 37
17 36
23 37
23 36
18 35
17 35
22 35
23 35
16 36
16 35
24 36
24 37
24 35
23 34
22 34
24 34
22 33
23 33
23 32
0
No
0
No
0
No
0
Yes
21 26
20 26
20 25
21 25
19 25
19 26
19 27
19 24
20 24
18 26
18 25
18 27
18 24
18 28
19 28
19 29
18 29
20 29
20 30
19 30
18 30
18 23
17 24
17 23
17 28
17 29
17 30
19 31
18 31
20 31
17 31
17 22
18 22
19 22
19 21
20 21
20 22
16 23
16 22
16 29
20 32
19 32
18 32
17 32
21 32
21 33
20 33
19 33
18 33
17 33
16 21
16 31
16 32
16 33
15 21
20 34
19 34
18 34
21 34
15 32
15 31
15 33
14 31
14 32
21 35
20 35
19 35
0
No
0
No
0
No
0
No
0
Yes
21 32
20 32
20 31
20 33
21 33
21 34
20 34
19 31
19 32
19 33
19 34
19 30
20 30
18 32
18 31
18 33
18 30
18 34
20 29
19 29
18 29
20 35
19 35
21 35
17 31
17 32
17 33
17 30
17 29
19 28
18 28
17 28
16 32
16 31
16 33
16 29
18 27
19 27
15 31
15 32
15 33
19 26
18 26
20 26
14 32
14 31
20 25
19 25
18 25
21 25
21 26
17 26
19 24
20 24
18 24
17 24
18 23
17 23
16 23
17 22
18 22
16 22
19 22
19 21
20 21
20 22
16 21
15 21
15 29
15 28
13 32
12 32
12 31
12 33
11 33
11 32
11 34
10 32
10 33
10 34
10 35
11 35
9 33
9 34
9 35
9 36
10 36
8 34
8 35
8 36
8 37
9 37
7 35
7 36
7 34
7 37
6 34
6 35
6 36
6 33
7 38
8 38
0
No
0
No
0
Yes
41 1
42 1
42 2
40 1
41 0
42 0
40 0
0
Yes
16 46
16 47
15 46
15 47
17 46
17 47
16 45
16 48
15 45
15 48
17 45
17 48
14 46
14 47
18 46
18 47
14 45
14 48
16 44
16 49
18 45
18 48
15 44
15 49
17 44
17 49
13 46
13 47
14 44
14 49
18 44
18 49
13 45
13 48
16 43
15 43
17 43
13 44
13 49
14 43
18 43
0
Yes
0 49
0 48
1 48
1 49
2 48
2 49
2 47
1 47
0 47
0 46
1 46
2 46
3 47
3 48
3 49
3 46
1 45
2 45
0 45
3 45
4 49
4 48
4 47
4 46
4 45
0 44
1 44
2 44
3 44
4 44
5 48
5 49
5 47
5 46
1 43
2 43
3 43
0 43
4 43
3 42
4 42
5 42
5 43
5 44
6 44
6 43
6 42
7 43
7 44
7 42
8 42
8 43
8 44
9 44
9 43
9 42
9 45
8 45
7 45
8 41
7 41
6 41
9 41
10 45
10 44
10 43
10 42
10 41
10 46
9 46
8 46
8 47
9 47
10 47
6 40
7 40
8 40
9 40
10 40
11 47
11 46
11 45
11 42
11 41
11 40
7 39
6 39
8 39
9 39
1 42
0 42
0
Yes
18 14
17 14
17 13
18 13
17 12
18 12
16 12
16 13
16 14
16 15
17 15
18 15
15 13
15 14
15 15
16 11
17 11
18 11
18 16
17 16
16 16
15 16
14 14
14 15
14 13
14 16
19 11
19 12
19 13
17 17
16 17
15 17
18 17
13 13
13 14
13 15
18 18
17 18
16 18
15 18
12 14
12 13
12 15
17 19
16 19
11 15
11 14
11 13
11 12
12 12
13 12
0
No
0
No
0
No
0
No
0
Yes
13 49
12 49
12 48
13 48
14 48
14 49
13 47
12 47
14 47
15 49
15 48
15 47
11 48
11 49
10 49
10 48
12 46
13 46
14 46
15 46
16 48
16 47
16 49
16 46
13 45
14 45
15 45
12 45
16 45
17 49
17 48
17 47
17 46
17 45
14 44
13 44
15 44
16 44
17 44
18 48
18 47
18 46
18 45
18 49
18 44
19 49
19 48
19 47
19 46
19 45
19 44
15 43
14 43
16 43
17 43
18 43
20 48
20 47
20 46
20 45
20 49
20 44
21 49
21 48
21 47
21 46
21 45
21 44
18 42
22 48
22 47
22 46
22 45
22 49
20 43
23 49
23 48
23 47
23 46
24 48
24 47
24 49
24 46
24 45
25 49
25 48
25 47
25 46
25 45
25 44
24 44
24 43
25 43
26 48
26 49
26 45
26 44
26 43
0
No
0
No
0
Yes
20 46
19 46
19 45
20 45
19 47
20 47
21 45
21 46
21 47
20 44
19 44
21 44
20 48
19 48
21 48
22 46
22 45
22 47
22 48
18 45
18 46
18 47
18 44
18 48
17 46
17 45
17 47
17 44
17 48
19 49
20 49
21 49
18 49
22 49
17 49
23 47
23 46
23 48
23 49
18 43
17 43
24 46
24 47
24 48
24 49
16 45
16 46
16 47
16 44
16 48
16 43
16 49
24 45
15 46
15 45
15 47
15 44
15 48
15 43
15 49
25 45
25 46
25 47
25 48
25 49
25 44
24 44
24 43
25 43
14 45
14 46
14 47
14 44
14 48
14 43
14 49
26 44
26 45
26 43
26 48
26 49
15 42
25 42
24 42
26 42
23 42
23 41
22 41
22 42
22 40
23 40
21 40
21 41
20 41
13 46
13 45
13 47
13 44
13 48
13 49
21 39
22 39
27 45
27 44
27 43
27 42
27 49
26 41
27 41
12 45
12 46
12 47
12 48
12 49
0
Yes
49 29
48 29
48 28
49 28
48 30
49 30
49 27
48 27
49 31
48 31
47 28
47 29
47 30
47 27
47 31
46 29
46 28
46 30
46 27
46 31
48 26
47 26
49 26
46 26
48 32
47 32
49 32
46 32
49 25
48 25
47 25
46 25
49 33
48 33
47 33
46 33
45 28
45 29
45 30
45 31
45 32
45 33
44 29
44 30
44 31
44 32
44 28
44 33
48 34
47 34
46 34
45 34
49 34
44 34
47 24
46 24
45 25
49 35
48 35
47 35
46 35
45 35
44 35
43 28
43 27
43 32
43 33
43 34
48 36
47 36
46 36
45 36
49 36
49 37
48 37
47 37
46 37
45 37
0
Yes
5 27
5 28
6 28
6 27
7 28
7 27
7 29
6 29
5 29
5 30
6 30
7 30
8 29
8 28
8 27
8 30
6 31
7 31
8 31
9 27
9 28
9 29
0
Yes
48 19
48 20
49 19
49 20
47 19
47 20
48 18
49 18
49 21
47 18
48 17
49 17
47 17
0
Yes
44 15
43 15
43 14
44 14
43 13
44 13
45 13
45 14
45 15
42 13
42 14
42 15
45 16
44 16
43 16
42 16
46 14
46 15
46 16
45 12
44 12
43 12
42 12
41 15
41 14
41 13
41 16
41 12
44 17
43 17
42 17
41 17
47 15
47 14
47 16
44 11
43 11
42 11
45 11
41 11
40 14
40 15
40 13
40 16
40 12
40 17
40 11
43 18
42 18
41 18
40 18
48 16
48 15
48 14
43 10
42 10
44 10
41 10
45 10
40 10
49 15
49 14
49 16
49 13
48 13
47 13
0
No
0
Yes
8 31
7 31
7 30
8 30
7 29
8 29
6 29
6 30
6 31
6 28
7 28
8 28
8 27
7 27
6 27
9 28
9 29
9 30
9 27
5 28
5 29
5 30
5 27
10 30
10 29
10 28
10 27
11 29
11 28
11 30
11 27
0
No
0
No
0
Yes
30 28
31 28
32 28
32 27
32 29
33 27
33 28
33 29
33 26
32 26
32 25
33 25
31 25
33 30
34 28
34 27
34 29
34 30
34 31
35 27
35 28
35 29
35 26
36 28
36 27
36 29
36 26
37 27
37 28
37 29
37 26
38 28
38 29
38 30
39 29
39 28
39 30
40 28
30 25
29 25
29 24
41 28
0
No
0
Yes
23 35
23 36
24 35
24 36
22 35
22 36
23 34
23 37
24 34
24 37
22 34
22 37
23 33
22 33
0
No
0
Yes
41 8
41 9
42 8
42 9
40 8
40 9
41 7
42 7
40 7
0
No
0
No
0
Yes
9 29
10 29
9 28
9 30
10 28
10 30
8 29
11 29
8 28
8 30
11 28
11 30
9 27
10 27
7 29
8 27
11 27
7 28
7 30
7 27
0
Yes
20 12
19 12
19 11
19 13
18 13
18 12
18 11
17 12
17 11
17 13
16 13
16 12
16 11
16 14
17 14
18 14
18 15
17 15
16 15
17 16
18 16
16 16
15 15
15 14
15 13
15 16
16 17
17 17
18 17
15 17
14 13
14 14
14 15
14 16
18 18
17 18
16 18
15 18
13 14
13 15
13 13
17 19
16 19
12 13
12 14
12 15
11 14
11 13
11 15
11 12
12 12
13 12
10 12
10 13
10 14
10 11
11 11
15 11
0
No
0
Yes
6 28
6 29
5 28
5 29
6 27
5 27
0
Yes
6 4
5 4
5 5
6 5
5 6
6 6
7 6
7 5
7 4
8 4
8 5
8 6
7 7
6 7
8 7
5 7
9 5
9 6
9 4
9 7
10 4
10 5
10 6
10 7
11 5
11 6
11 4
11 7
10 3
9 3
8 3
11 3
12 3
12 4
12 5
12 6
12 7
8 2
9 2
10 2
11 2
12 2
9 1
10 1
11 1
8 1
12 1
8 0
9 0
10 0
11 0
12 0
13 0
13 1
13 2
7 8
6 8
14 0
14 1
15 0
15 1
16 0
16 1
7 1
7 0
0
No
0
No
0
No
0
No
0
Yes
13 44
13 45
12 45
14 45
14 44
14 46
13 46
12 46
15 46
15 45
15 44
13 47
14 47
12 47
15 47
16 44
16 45
16 46
16 47
12 48
13 48
14 48
15 48
16 48
17 45
17 46
17 47
17 44
17 48
16 43
17 43
15 43
14 43
13 49
14 49
15 49
16 49
12 49
17 49
18 44
18 45
18 46
18 47
18 48
18 49
18 43
19 45
19 46
19 47
19 44
19 48
19 49
0
Yes
49 29
48 29
48 28
49 28
48 30
49 30
49 27
48 27
49 31
48 31
47 28
47 29
47 30
47 27
47 31
46 29
46 28
46 30
46 27
46 31
48 26
47 26
49 26
46 26
48 32
47 32
49 32
46 32
49 25
48 25
47 25
46 25
49 33
48 33
47 33
46 33
45 28
45 29
45 30
45 31
45 32
45 33
44 29
44 30
44 31
44 32
44 28
44 33
48 34
47 34
46 34
45 34
49 34
44 34
47 24
46 24
45 25
49 35
48 35
47 35
46 35
45 35
44 35
43 28
43 27
43 32
43 33
43 34
48 36
47 36
46 36
45 36
49 36
49 37
48 37
47 37
46 37
45 37
48 38
47 38
46 38
49 38
44 37
0
No
0
No
0
No
0
Yes
23 12
24 12
23 11
23 13
24 11
22 12
22 11
23 10
24 10
22 10
0
No
0
No
0
Yes
11 15
11 14
10 14
12 14
12 15
13 15
13 14
10 13
11 13
12 13
13 13
9 13
11 12
10 12
12 12
9 12
13 12
14 14
14 13
14 15
14 16
15 15
15 14
15 16
15 13
10 11
11 11
9 11
8 12
8 13
8 11
8 14
7 14
7 13
7 12
7 11
7 15
15 17
6 15
6 14
6 13
6 12
6 11
6 16
16 14
16 15
16 16
16 13
16 17
9 10
10 10
16 12
16 18
15 18
14 18
17 15
17 14
17 16
17 13
17 17
17 12
17 18
5 13
5 12
18 14
18 15
18 16
18 13
18 17
18 12
18 18
17 11
16 11
18 11
15 11
17 19
16 19
4 12
19 13
19 12
19 11
18 10
17 10
19 10
17 9
18 9
19 9
16 9
16 8
17 8
18 8
19 8
15 8
15 7
16 7
17 7
18 7
19 7
14 7
14 8
14 9
13 9
13 8
13 7
13 10
20 12
16 6
15 6
17 6
18 6
19 6
20 10
17 5
16 5
18 5
16 4
17 4
15 4
15 3
16 3
17 3
0
No
0
No
0
No
0
No
0
No
0
No
0
No
0
No
0
Yes
3 29
3 30
2 29
2 30
4 29
4 30
3 28
3 31
2 28
2 31
4 28
4 31
1 29
1 30
5 29
5 30
1 28
1 31
3 27
5 28
2 27
4 27
0 29
0 30
1 27
5 27
0 28
0 31
0 27
0
No
0
Yes
35 44
34 44
34 43
35 43
34 45
35 45
33 45
33 44
33 43
33 46
34 46
35 46
32 44
32 45
32 43
32 46
35 47
34 47
33 47
32 47
36 46
36 45
36 44
36 47
31 43
31 44
31 45
31 46
31 47
34 48
33 48
35 48
32 48
36 48
31 48
37 44
37 45
37 46
37 47
37 48
30 44
30 45
30 46
30 47
30 43
30 48
35 49
34 49
33 49
32 49
36 49
31 49
37 49
30 49
38 45
38 46
38 47
38 48
38 44
38 49
29 43
29 44
29 45
29 46
30 42
31 42
32 42
29 42
39 44
39 45
39 46
39 47
39 48
0
Yes
47 36
48 36
47 35
47 37
48 35
48 37
46 36
49 36
46 35
46 37
49 35
49 37
47 34
47 38
48 34
48 38
45 36
46 34
46 38
49 34
49 38
45 35
45 37
47 33
48 33
45 34
46 33
49 33
45 33
0
No
0
Yes
26 44
27 44
26 43
26 45
27 43
27 45
25 44
28 44
25 43
25 45
28 43
28 45
26 42
27 42
24 44
25 42
28 42
24 43
24 45
24 42
0
Yes
48 19
49 19
48 18
48 20
49 18
49 20
47 19
47 18
47 20
48 17
49 17
47 17
0
Yes
41 8
41 9
42 8
42 9
40 8
40 9
41 7
42 7
0
Yes
46 46
45 46
45 47
46 47
45 48
46 48
47 48
47 47
47 46
44 48
44 47
44 46
48 47
48 46
43 46
43 47
43 48
44 49
45 49
46 49
43 49
49 47
49 46
49 45
48 45
47 45
47 44
48 44
49 44
44 45
43 45
44 44
43 44
42 44
42 45
42 46
41 46
41 45
41 44
42 43
43 43
44 43
41 43
40 43
40 44
40 45
40 46
44 42
43 42
42 42
41 42
40 42
42 41
41 41
40 41
39 41
39 42
39 43
45 42
45 41
44 41
40 40
0
Yes
26 48
25 48
25 47
25 49
26 49
24 49
24 48
24 47
23 48
23 47
23 49
22 49
22 48
22 47
23 46
22 46
24 46
25 46
21 48
21 47
21 49
21 46
20 47
20 46
20 48
20 49
0
No
0
Yes
1 34
1 33
0 33
2 33
2 34
2 32
1 32
0 32
1 31
0 31
2 31
2 30
1 30
0 30
3 31
3 32
3 33
3 30
1 29
2 29
0 29
3 29
4 33
4 32
4 31
4 30
4 29
0 28
1 28
2 28
3 28
4 28
5 30
5 29
5 28
1 27
2 27
3 27
4 27
5 27
0 27
0
No
0
Yes
3 12
2 12
2 11
2 13
1 11
1 12
1 13
1 10
1 14
2 14
0 12
0 11
0 13
0 10
0 14
0 9
1 9
2 9
2 8
1 8
0 8
3 8
3 9
4 9
4 8
0 15
5 8
3 7
2 7
4 7
1 7
0 7
2 6
3 6
1 6
4 6
0 6
3 5
2 5
1 5
4 5
0 5
2 4
3 4
1 4
4 4
0 4
3 3
2 3
1 3
4 3
0 3
5 3
2 2
3 2
4 2
1 2
5 2
0 2
3 1
2 1
4 1
1 1
0 1
2 0
3 0
1 0
4 0
0 0
0 16
0
Yes
27 38
27 37
28 37
26 38
26 37
0
No
0
Yes
6 27
6 28
7 28
7 27
8 28
8 27
8 29
7 29
6 29
6 30
7 30
8 30
9 29
9 28
9 27
9 30
7 31
8 31
6 31
10 27
10 28
10 29
0
Yes
48 19
49 19
48 18
48 20
49 18
49 20
47 19
47 18
47 20
48 17
49 17
0
No
0
No
0
No
0
No
0
Yes
49 32
48 32
48 31
49 31
48 30
49 30
47 30
47 31
47 32
47 33
48 33
49 33
46 32
46 31
46 33
46 30
47 29
48 29
49 29
46 29
49 34
48 34
47 34
46 34
45 31
45 32
45 33
45 30
45 34
45 29
49 28
48 28
47 28
46 28
45 28
48 35
47 35
46 35
49 35
45 35
44 32
44 31
44 33
44 30
44 34
44 29
44 28
44 35
48 27
47 27
46 27
49 27
43 33
43 32
43 34
0
No
0
No
0
No
0
No
0
No
0
No
0
Yes
20 44
20 45
21 44
21 45
22 45
0
No
0
Yes
47 39
47 38
46 38
48 38
48 39
48 37
47 37
46 37
49 37
49 38
49 39
47 36
46 36
48 36
49 36
49 40
48 40
47 40
0
Yes
37 34
37 35
38 34
38 35
36 34
36 35
37 33
37 36
38 33
38 36
36 33
36 36
37 32
0
No
0
No
0
Yes
23 3
22 3
22 2
23 2
22 1
23 1
21 1
21 2
21 3
21 4
22 4
23 4
21 0
22 0
23 0
23 5
22 5
21 5
24 0
24 1
24 2
20 5
20 4
20 3
25 1
25 2
20 6
21 6
22 6
23 6
24 6
24 5
24 4
25 4
25 5
25 6
23 7
22 7
24 7
21 7
26 5
26 4
26 6
26 1
26 2
20 0
20 1
19 0
19 1
18 0
18 1
17 0
0
No
0
No
0
No
0
No
0
Yes
24 34
23 34
23 33
23 35
24 35
22 35
22 34
22 33
22 36
23 36
24 36
21 34
21 35
21 33
21 36
24 37
23 37
22 37
21 37
20 33
20 34
20 35
20 36
20 37
19 34
19 35
19 36
19 33
19 37
18 33
18 34
18 35
18 36
18 37
19 32
20 32
18 32
21 32
17 35
17 36
17 37
18 31
19 31
20 31
17 31
17 32
17 33
20 30
19 30
18 30
17 30
0
Yes
39 18
40 18
40 17
41 17
41 18
42 17
42 18
42 16
41 16
40 16
43 16
43 17
43 18
40 15
41 15
42 15
43 15
44 15
44 16
44 17
41 14
42 14
43 14
40 14
44 14
40 13
41 13
42 13
43 13
44 13
45 14
45 15
45 16
45 13
41 12
42 12
43 12
44 12
40 12
45 12
46 16
46 15
46 14
40 11
41 11
42 11
43 11
44 11
45 11
47 15
47 16
47 14
41 10
42 10
43 10
44 10
45 10
40 10
48 14
48 15
48 16
44 9
45 9
49 16
49 15
49 14
49 13
48 13
47 13
39 14
39 13
46 17
47 17
46 9
45 8
46 8
0
No
0
No
0
Yes
47 2
46 2
46 1
47 1
46 3
47 3
48 1
48 2
48 3
47 0
46 0
48 0
47 4
46 4
48 4
49 2
49 1
49 3
49 0
49 4
45 1
45 2
45 3
45 0
45 4
46 5
47 5
48 5
49 5
44 0
44 1
47 6
48 6
46 6
49 6
43 1
43 0
48 7
47 7
49 7
42 0
42 1
42 2
47 8
48 8
49 8
41 1
41 0
48 9
47 9
49 9
40 0
40 1
0
No
0
Yes
23 12
24 12
23 11
23 13
24 11
22 12
22 11
23 10
24 10
22 10
0
No
0
No
0
Yes
3 47
3 48
2 47
2 48
4 47
4 48
3 46
3 49
2 46
2 49
4 46
4 49
1 47
1 48
5 47
5 48
1 46
1 49
3 45
5 46
5 49
2 45
4 45
0 47
0 48
1 45
0 46
0 49
0
Yes
47 37
47 38
48 37
48 38
46 37
46 38
47 36
48 36
49 37
49 38
46 36
49 36
45 37
45 36
0
No
0
No
0
Yes
6 4
5 4
5 5
6 5
5 6
6 6
7 6
7 5
7 4
8 4
8 5
8 6
7 7
6 7
8 7
5 7
9 5
9 6
9 4
9 7
10 4
10 5
10 6
10 7
11 5
11 6
11 4
11 7
10 3
9 3
8 3
11 3
12 3
12 4
12 5
12 6
12 7
8 2
9 2
10 2
11 2
12 2
9 1
10 1
11 1
8 1
12 1
8 0
9 0
10 0
11 0
12 0
13 0
13 1
13 2
7 8
6 8
0
Yes
25 43
24 43
24 42
25 42
24 44
25 44
26 44
26 43
26 42
27 43
27 42
27 44
26 45
27 45
25 45
24 45
28 44
28 43
28 42
28 45
29 43
29 44
29 42
29 45
28 41
27 41
29 41
26 41
0
No
0
Yes
0 21
0 22
1 21
1 22
2 21
0
Yes
6 4
5 4
5 3
5 5
6 5
4 5
4 4
4 3
4 6
5 6
6 6
3 4
3 5
3 3
3 6
6 7
5 7
4 7
3 7
7 6
7 5
7 4
7 7
3 2
4 2
5 2
2 3
2 4
2 5
2 6
2 2
2 7
5 8
4 8
3 8
2 8
6 8
7 8
8 4
8 5
8 6
8 7
1 4
1 5
1 6
1 3
1 7
1 2
1 8
2 1
3 1
4 1
1 1
4 9
3 9
2 9
1 9
9 5
9 6
9 4
9 7
0 3
0 4
0 5
0 6
0 7
0 2
0 8
0 1
0 9
4 0
3 0
2 0
1 0
0 0
10 4
10 5
10 6
10 7
10 3
9 3
8 3
8 2
9 2
10 2
9 1
8 1
10 1
10 0
9 0
8 0
11 3
11 4
11 5
11 2
11 6
11 1
11 7
11 0
12 4
12 3
12 5
12 2
12 1
12 0
12 6
12 7
13 2
13 1
13 0
1 10
0 10
1 11
0 11
1 12
0 12
1 13
0 13
2 13
2 12
2 11
2 14
1 14
0 14
7 1
7 0
6 9
0
No
0
No
0
Yes
33 46
33 47
32 46
32 47
34 46
34 47
33 45
33 48
32 45
32 48
34 45
34 48
31 46
31 47
35 46
35 47
31 45
31 48
33 44
33 49
35 45
35 48
32 44
32 49
34 44
34 49
30 46
30 47
31 44
31 49
35 44
35 49
30 45
30 48
33 43
32 43
34 43
30 44
30 49
31 43
35 43
30 43
0
Yes
27 38
27 37
28 37
26 38
26 37
0
Yes
37 39
37 40
38 40
38 41
39 41
39 40
40 41
40 40
40 42
39 42
38 42
38 43
39 43
40 43
39 44
38 44
40 44
41 43
41 42
41 41
41 44
40 45
39 45
38 45
41 45
37 45
37 44
37 43
42 41
42 42
42 43
42 44
42 45
37 46
38 46
39 46
40 46
41 46
42 46
43 42
43 43
43 44
43 45
43 46
38 47
39 47
37 47
40 47
36 46
36 47
36 45
36 44
44 43
44 44
44 45
44 46
44 42
37 48
38 48
39 48
36 48
36 49
37 49
38 49
39 49
43 47
44 47
43 48
44 48
45 48
45 47
45 46
45 49
44 49
43 49
46 46
46 47
46 48
46 49
47 47
47 46
47 48
48 47
48 46
49 47
49 46
49 45
48 45
47 45
47 44
48 44
49 44
44 41
0
Yes
17 0
16 0
16 1
17 1
18 1
18 0
17 2
16 2
18 2
19 0
19 1
15 1
15 0
15 2
14 0
14 1
18 3
20 1
20 0
19 3
21 0
21 1
21 2
22 1
22 0
22 2
22 3
21 3
20 3
20 4
21 4
22 4
23 0
23 1
23 2
23 3
23 4
21 5
22 5
20 5
23 5
20 6
21 6
22 6
23 6
24 1
24 2
24 0
21 7
22 7
23 7
24 4
24 5
24 6
24 7
25 2
25 1
26 1
26 2
25 5
25 6
25 4
26 4
26 5
26 6
27 5
28 5
0
Yes
48 19
49 19
48 18
48 20
49 18
49 20
47 19
47 18
47 20
48 17
49 17
0
Yes
8 42
8 43
9 42
9 43
7 42
7 43
8 41
8 44
9 41
9 44
10 42
10 43
7 41
7 44
10 41
10 44
6 42
6 43
8 40
9 40
6 41
6 44
7 40
10 40
6 40
0
Yes
15 32
15 33
16 32
16 33
14 32
15 31
16 31
14 31
0
Yes
22 19
22 20
22 21
22 22
23 19
23 20
23 21
23 22
24 19
24 20
24 21
24 22
25 19
25 20
25 21
0
Yes
41 22
41 23
40 22
40 23
41 21
40 21
0
Yes
16 47
17 47
16 46
16 48
17 46
17 48
15 47
18 47
15 46
15 48
18 46
18 48
16 45
16 49
17 45
17 49
14 47
15 45
15 49
18 45
18 49
19 47
14 46
14 48
19 46
19 48
16 44
17 44
14 45
14 49
19 45
19 49
15 44
18 44
13 47
13 46
13 48
14 44
19 44
13 45
13 49
13 44
0
Yes
36 45
36 44
37 44
37 45
38 44
38 45
38 46
37 46
36 46
36 47
37 47
38 47
39 46
39 45
39 44
39 47
37 48
38 48
36 48
39 48
39 43
38 43
37 43
40 45
40 44
40 46
40 43
40 47
36 49
37 49
38 49
39 49
40 42
39 42
38 42
41 44
41 45
41 46
41 43
41 42
38 41
39 41
40 41
41 41
42 45
42 44
42 43
42 42
42 46
42 41
39 40
38 40
40 40
43 44
43 45
43 43
43 42
43 46
44 45
44 44
44 43
44 46
44 42
43 47
44 47
43 48
44 48
45 48
45 47
45 46
45 49
44 49
43 49
46 46
46 47
46 48
46 49
47 47
47 46
47 48
48 47
48 46
49 47
49 46
49 45
48 45
47 45
47 44
48 44
49 44
44 41
45 42
45 41
46 42
46 41
40 49
37 40
42 40
45 44
47 41
47 40
48 40
48 39
47 39
48 38
47 38
49 38
49 39
49 40
49 37
48 37
47 37
47 36
48 36
49 36
0
Yes
12 49
11 49
11 48
12 48
11 47
12 47
10 47
10 48
10 49
10 46
11 46
12 46
12 45
11 45
10 45
9 45
9 46
9 47
8 47
8 46
8 45
8 44
9 44
10 44
10 43
9 43
8 43
9 42
10 42
8 42
7 43
7 44
7 42
7 45
7 41
8 41
9 41
10 41
6 42
6 43
6 44
6 41
5 44
5 43
5 42
6 40
7 40
8 40
9 40
10 40
11 40
11 41
11 42
4 43
4 44
4 42
9 39
8 39
7 39
6 39
3 42
3 43
3 44
8 38
7 38
6 38
0
Yes
6 27
6 28
7 28
7 27
8 28
8 27
8 29
7 29
6 29
6 30
7 30
8 30
9 29
9 28
9 27
9 30
7 31
8 31
6 31
10 27
10 28
10 29
0
Yes
23 48
22 48
23 47
23 49
24 48
22 47
22 49
24 47
24 49
21 48
23 46
25 48
21 47
21 49
22 46
24 46
25 47
25 49
21 46
25 46
20 48
20 47
20 49
0
No
0
Yes
28 47
28 46
29 46
29 45
28 45
29 44
28 44
29 43
28 43
27 43
27 44
27 45
27 42
28 42
29 42
26 45
26 44
26 43
26 42
26 41
27 41
28 41
29 41
25 44
25 43
25 42
25 45
24 45
24 44
24 43
24 42
30 42
30 41
30 40
29 40
28 40
27 40
31 40
31 41
31 42
32 41
32 42
0
No
0
Yes
41 22
41 23
40 22
40 23
41 21
40 21
0
Yes
11 9
11 8
11 7
10 7
12 7
12 6
11 6
10 6
11 5
10 5
12 5
12 4
11 4
10 4
9 5
9 6
9 7
9 4
11 3
10 3
12 3
9 3
8 7
8 6
8 5
8 4
8 3
10 2
11 2
9 2
12 2
8 2
7 6
7 5
7 4
7 7
11 1
10 1
9 1
12 1
8 1
6 7
6 6
6 5
6 4
10 0
11 0
9 0
12 0
8 0
5 6
5 5
5 7
5 4
5 8
6 8
7 8
13 0
13 1
13 2
4 8
4 7
4 6
4 5
4 4
3 7
3 6
3 5
3 8
3 4
3 3
4 3
5 3
5 2
4 2
3 2
4 1
3 1
2 8
2 7
2 6
2 5
2 4
2 3
2 2
2 1
2 9
3 9
4 9
2 0
3 0
4 0
1 9
1 8
1 7
1 6
1 5
1 4
1 3
1 2
1 1
1 0
0 8
0 7
0 6
0 5
0 4
0 3
0 2
0 9
0 1
0 0
7 1
7 0
1 10
0 10
1 11
0 11
1 12
0 12
1 13
0 13
2 13
2 12
2 11
2 14
1 14
0 14
9 8
6 9
0
Yes
16 32
16 33
15 32
15 33
16 31
15 31
0
Yes
43 34
43 33
44 33
44 34
45 33
45 34
45 32
44 32
43 32
46 32
46 33
46 34
47 34
47 33
47 32
46 35
45 35
47 35
44 35
46 31
45 31
44 31
47 31
48 33
48 34
48 32
48 35
48 31
44 30
45 30
46 30
47 30
48 30
49 34
49 33
49 32
49 31
49 30
49 35
45 29
46 29
47 29
48 29
44 29
49 29
44 28
45 28
46 28
47 28
48 28
49 28
0
Yes
43 46
43 47
43 48
43 49
44 46
44 47
44 48
44 49
45 46
45 47
45 48
45 49
46 46
46 47
46 48
46 49
47 46
47 47
47 48
0
Yes
47 3
47 4
48 3
48 4
46 3
46 4
47 2
47 5
48 2
48 5
49 3
49 4
46 2
46 5
49 2
49 5
45 3
45 4
47 1
47 6
48 1
48 6
45 2
46 1
46 6
49 1
49 6
45 1
47 0
48 0
46 0
49 0
45 0
0
Yes
0 43
0 42
1 42
1 43
1 44
0 44
1 45
0 45
2 45
2 44
2 43
2 46
1 46
0 46
3 43
3 44
3 45
3 46
0 47
1 47
2 47
3 47
4 44
4 45
4 46
4 43
4 47
1 48
2 48
3 48
0 48
4 48
5 46
5 47
5 48
0 49
1 49
2 49
3 49
4 49
5 49
5 44
5 43
5 42
4 42
3 42
6 42
6 43
6 44
7 43
7 42
7 44
8 44
8 43
8 42
9 43
9 42
9 44
9 45
8 45
7 45
8 41
7 41
6 41
9 41
10 44
10 43
10 42
10 41
10 45
6 40
7 40
8 40
9 40
10 40
10 46
9 46
8 46
8 47
9 47
10 47
11 42
11 41
11 40
7 39
8 39
6 39
9 39
11 47
11 46
11 45
6 38
7 38
8 38
12 45
12 46
12 47
0
Yes
38 47
37 47
37 46
38 46
37 45
38 45
39 45
39 46
39 47
36 45
36 46
36 47
39 48
38 48
37 48
36 48
40 47
40 46
40 45
39 44
38 44
37 44
40 44
36 44
38 49
37 49
39 49
36 49
41 46
41 45
41 44
38 43
39 43
40 43
41 43
37 43
42 45
42 44
42 46
42 43
39 42
40 42
38 42
41 42
42 42
43 46
43 45
43 44
43 43
43 42
38 41
39 41
40 41
41 41
42 41
44 45
44 44
44 43
44 46
44 42
39 40
38 40
40 40
0
Yes
10 30
9 30
9 29
10 29
9 28
10 28
11 28
11 29
11 30
8 28
8 29
8 30
11 27
10 27
9 27
8 27
7 30
7 29
7 28
7 27
6 29
6 28
6 30
6 27
6 31
7 31
0
Yes
48 8
48 9
47 8
47 9
49 8
49 9
48 7
47 7
49 7
46 8
46 9
0
Yes
46 33
45 33
45 32
46 32
45 31
46 31
47 31
47 32
47 33
44 31
44 32
44 33
47 34
46 34
45 34
44 34
48 33
48 32
48 34
48 31
47 30
46 30
45 30
44 30
48 30
43 32
43 33
43 34
46 35
45 35
47 35
48 35
44 35
49 32
49 33
49 34
49 31
49 35
49 30
46 29
47 29
45 29
48 29
44 29
49 29
47 36
46 36
45 36
48 36
49 36
0
Yes
16 47
15 47
15 46
16 46
15 48
16 48
17 46
17 47
17 48
16 45
15 45
17 45
16 49
15 49
17 49
18 47
18 46
18 48
18 45
18 49
14 46
14 47
14 48
14 45
14 49
13 47
13 46
13 48
13 45
13 49
15 44
16 44
17 44
14 44
18 44
13 44
19 46
19 47
19 48
19 45
19 49
19 44
16 43
15 43
17 43
14 43
18 43
12 46
12 47
12 48
12 45
12 49
20 45
20 46
20 44
11 47
11 46
11 48
11 45
11 49
15 42
18 42
20 43
21 44
21 45
10 46
10 47
10 48
10 45
10 49
22 45
10 44
9 47
9 46
9 45
9 44
9 49
8 46
8 45
8 47
8 44
9 43
10 43
8 43
10 42
9 42
8 42
11 42
11 41
10 41
9 41
0
Yes
2 21
1 21
1 22
0 22
0 21
0 23
2 20
0 24
1 24
2 24
2 25
3 25
0 25
4 25
4 24
5 24
5 25
5 23
6 23
6 24
6 25
4 26
5 26
6 26
7 24
7 25
7 23
7 26
7 22
8 22
8 23
8 24
8 25
8 26
8 21
7 21
9 21
9 22
9 23
9 24
9 25
9 20
8 20
8 19
7 19
7 18
6 18
6 19
5 19
5 18
5 20
5 17
6 17
7 17
6 16
6 27
7 27
8 27
8 17
10 20
10 21
10 22
10 23
10 19
7 28
6 28
8 28
6 29
7 29
8 29
11 21
11 22
9 27
9 28
9 29
7 30
8 30
6 30
9 30
10 28
10 29
10 27
10 30
6 31
7 31
8 31
11 27
11 28
11 29
11 30
12 29
4 19
3 19
6 15
5 15
7 15
7 14
6 14
6 13
7 13
5 13
8 14
8 13
5 12
6 12
7 12
8 12
4 12
9 13
9 12
6 11
7 11
8 11
9 11
10 12
10 13
10 11
10 14
11 14
11 13
11 12
11 11
11 15
12 15
12 14
12 13
12 12
9 10
10 10
13 14
13 13
13 15
13 12
14 15
14 14
14 13
14 16
0
Yes
49 41
49 40
48 40
48 39
49 39
48 38
49 38
47 38
47 39
47 40
47 37
48 37
49 37
0
Yes
6 4
5 4
5 3
5 5
6 5
4 5
4 4
4 3
4 6
5 6
6 6
3 4
3 5
3 3
3 6
6 7
5 7
4 7
3 7
7 6
7 5
7 4
7 7
3 2
4 2
5 2
2 3
2 4
2 5
2 6
2 2
2 7
5 8
4 8
3 8
2 8
6 8
7 8
8 4
8 5
8 6
8 7
1 4
1 5
1 6
1 3
1 7
1 2
1 8
2 1
3 1
4 1
1 1
4 9
3 9
2 9
1 9
9 5
9 6
9 4
9 7
0 3
0 4
0 5
0 6
0 7
0 2
0 8
0 1
0 9
4 0
3 0
2 0
1 0
0 0
10 4
10 5
10 6
10 7
10 3
9 3
8 3
8 2
9 2
10 2
9 1
8 1
10 1
10 0
9 0
8 0
11 3
11 4
11 5
11 2
11 6
11 1
11 7
11 0
12 4
12 3
12 5
12 2
12 6
12 1
12 0
12 7
13 2
13 1
13 0
1 10
0 10
1 11
0 11
1 12
0 12
1 13
0 13
2 13
2 12
2 11
2 14
1 14
0 14
0
Yes
22 41
23 41
22 40
22 42
23 40
23 42
21 41
21 40
22 39
21 39
0
Yes
48 9
47 9
47 8
48 8
49 8
49 9
49 10
48 7
47 7
49 7
46 8
46 9
45 9
45 8
45 10
44 10
44 9
44 11
45 11
45 12
44 12
43 11
43 10
43 12
44 13
45 13
43 13
45 14
44 14
43 14
46 14
42 10
42 11
42 12
42 13
42 14
42 9
46 15
45 15
44 15
43 15
42 15
47 15
47 14
47 13
48 13
48 14
48 15
49 14
49 13
49 15
49 12
49 11
41 9
41 10
41 11
41 12
41 13
41 14
41 15
48 16
47 16
46 16
45 16
44 16
43 16
42 16
49 16
41 16
41 8
42 8
42 7
41 7
40 8
40 9
40 10
40 11
40 12
40 13
40 14
40 15
40 7
40 16
47 17
46 17
40 6
44 17
43 17
42 17
41 17
40 17
39 7
39 6
39 11
39 5
40 5
41 5
41 4
39 13
39 14
43 18
42 18
41 18
40 18
38 6
38 7
37 7
37 8
39 16
39 18
47 12
42 5
38 13
37 13
36 13
36 14
0
Yes
47 31
46 31
47 30
47 32
48 31
46 30
46 32
48 30
48 32
45 31
47 29
47 33
49 31
45 30
45 32
46 29
46 33
48 29
48 33
49 30
49 32
45 29
45 33
49 29
49 33
44 31
47 28
47 34
44 30
44 32
46 28
46 34
48 28
48 34
44 29
44 33
45 28
45 34
49 28
49 34
47 27
46 27
48 27
44 28
44 34
49 27
0
Yes
42 46
41 46
41 45
42 45
41 44
42 44
43 44
43 45
43 46
40 44
40 45
40 46
44 46
44 45
44 44
43 43
42 43
41 43
40 43
44 43
39 46
39 45
39 44
39 43
42 42
41 42
43 42
40 42
39 42
44 42
38 45
38 44
38 43
38 46
38 42
41 41
40 41
39 41
38 41
42 41
37 46
37 45
37 44
37 43
38 47
39 47
37 47
40 47
0
Yes
13 2
12 2
12 1
13 1
12 0
13 0
11 0
11 1
11 2
10 2
10 1
10 0
9 1
9 2
9 0
10 3
11 3
12 3
9 3
8 0
8 1
8 2
8 3
12 4
11 4
10 4
9 4
8 4
11 5
10 5
9 5
12 5
8 5
12 6
11 6
10 6
9 6
8 6
11 7
10 7
9 7
8 7
12 7
7 6
7 5
7 4
7 7
6 4
6 5
6 6
6 7
5 5
5 6
5 4
5 7
4 4
4 5
4 6
4 7
5 8
4 8
6 8
7 8
3 5
3 6
3 7
3 4
3 8
3 3
4 3
5 3
5 2
4 2
3 2
4 1
3 1
2 2
2 3
2 4
2 5
2 6
2 7
2 1
2 8
2 0
3 0
4 0
7 0
7 1
1 1
1 2
1 3
1 4
1 5
1 6
1 7
1 0
1 8
2 9
1 9
3 9
4 9
0 9
0 8
0 7
0 6
0 5
0 4
0 3
0 2
0 1
0 0
14 1
14 0
1 10
0 10
1 11
0 11
0
Yes
22 20
22 21
22 22
23 20
23 21
23 22
24 20
24 21
24 22
25 20
25 21
0
Yes
41 22
41 23
40 22
40 23
41 21
40 21
0
Yes
17 47
16 47
16 46
17 46
16 48
17 48
18 46
18 47
18 48
17 45
16 45
18 45
17 49
16 49
18 49
19 47
19 46
19 48
19 45
19 49
15 46
15 47
15 48
15 45
15 49
14 47
14 46
14 48
14 45
14 49
16 44
17 44
18 44
15 44
19 44
14 44
20 46
20 47
20 48
20 45
20 49
20 44
17 43
16 43
18 43
15 43
14 43
21 47
21 46
21 48
21 45
21 49
21 44
13 46
13 47
13 48
13 45
13 44
13 49
12 47
12 46
12 48
12 45
12 49
20 43
18 42
22 46
22 47
22 48
22 45
22 49
15 42
23 47
23 46
23 48
23 49
11 46
11 47
11 48
11 45
11 49
10 47
10 46
10 48
10 45
10 49
24 46
24 47
24 48
24 49
10 44
25 47
25 48
25 46
25 49
9 46
9 47
9 45
9 44
9 49
9 43
10 43
10 42
9 42
11 42
11 41
10 41
9 41
8 47
8 46
8 45
8 44
8 43
8 42
8 41
26 48
26 49
10 40
9 40
11 40
8 40
12 40
12 39
7 45
7 44
7 43
7 42
7 41
7 40
27 49
9 39
8 39
7 39
6 44
6 43
6 42
6 41
6 40
6 39
5 43
5 42
5 44
8 38
7 38
6 38
0
Yes
36 49
36 48
37 48
37 49
38 48
38 49
38 47
37 47
36 47
36 46
37 46
38 46
39 47
39 48
39 46
39 49
37 45
38 45
36 45
39 45
36 44
37 44
38 44
39 44
40 45
40 46
40 44
40 47
37 43
38 43
39 43
