0
Yes
0 0
0 1
0 2
0 3
0 4
0 5
0 6
0 7
0 8
0 9
0 10
0 11
1 0
1 1
1 2
1 3
1 4
1 5
1 6
1 7
1 8
1 9
1 10
1 11
2 0
2 1
2 2
2 3
2 4
2 5
2 6
2 7
2 8
2 9
2 10
2 11
3 0
3 1
3 2
3 3
3 4
3 5
3 6
3 7
3 8
3 9
3 10
3 11
4 0
4 1
4 2
4 3
4 4
4 5
4 6
4 7
4 8
4 9
4 10
4 11
5 0
5 1
5 2
5 3
5 4
5 5
5 6
5 7
5 8
5 9
5 10
5 11
6 0
6 1
6 2
6 3
6 4
6 5
6 6
6 7
6 8
6 9
6 10
6 11
7 0
7 1
7 2
7 3
7 4
7 5
7 6
7 7
7 8
0
Yes
45 44
45 45
46 44
46 45
44 44
44 45
45 43
45 46
46 43
46 46
47 44
47 45
44 43
44 46
47 43
47 46
43 44
43 45
45 42
45 47
46 42
46 47
48 44
48 45
43 43
43 46
44 42
44 47
47 42
47 47
48 43
48 46
42 44
42 45
43 42
43 47
45 41
45 48
46 41
46 48
48 42
48 47
49 44
49 45
42 43
42 46
44 41
44 48
47 41
47 48
49 43
49 46
42 42
42 47
43 41
43 48
48 41
48 48
49 42
49 47
41 44
41 45
45 40
45 49
46 40
46 49
41 43
41 46
44 40
44 49
47 40
47 49
42 41
42 48
49 41
49 48
41 42
41 47
43 40
43 49
48 40
48 49
45 39
46 39
41 41
41 48
42 40
42 49
44 39
47 39
49 40
49 49
43 39
48 39
41 40
41 49
42 39
0
Yes
8 0
8 1
8 2
8 3
8 4
8 5
8 6
8 7
8 8
9 0
9 1
9 2
9 3
9 4
9 5
9 6
9 7
9 8
10 0
10 1
10 2
10 3
10 4
10 5
10 6
10 7
10 8
11 0
11 1
11 2
11 3
11 4
11 5
11 6
11 7
11 8
12 0
12 1
12 2
12 3
12 4
12 5
12 6
0
Yes
48 4
47 4
48 3
48 5
49 4
47 3
47 5
49 3
49 5
46 4
48 2
48 6
46 3
46 5
47 2
47 6
49 2
49 6
46 2
46 6
48 1
48 7
47 1
47 7
49 1
49 7
46 1
46 7
48 0
47 0
49 0
46 0
0
Yes
19 0
19 1
19 2
19 3
19 4
20 0
20 1
20 2
20 3
20 4
21 0
21 1
21 2
21 3
21 4
22 0
22 1
22 2
22 3
22 4
23 0
23 1
23 2
23 3
23 4
24 0
24 1
24 2
24 3
24 4
25 0
25 1
25 2
25 3
0
Yes
48 11
48 12
47 11
47 12
49 11
49 12
48 10
48 13
47 10
47 13
49 10
49 13
46 11
46 12
46 10
46 13
48 9
48 14
47 9
47 14
49 9
49 14
46 9
46 14
48 8
47 8
49 8
46 8
0
Yes
3 32
3 33
4 32
4 33
2 32
2 33
3 31
3 34
4 31
4 34
5 32
5 33
2 31
2 34
5 31
5 34
1 32
1 33
3 30
3 35
4 30
4 35
6 32
6 33
1 31
1 34
2 30
2 35
5 30
5 35
6 31
6 34
0 32
0 33
1 30
1 35
3 29
3 36
4 29
4 36
6 30
6 35
0 31
0 34
2 29
2 36
5 29
5 36
0 30
0 35
1 29
1 36
6 29
6 36
3 28
3 37
4 28
4 37
2 28
2 37
5 28
5 37
0 29
0 36
1 28
1 37
6 28
6 37
3 27
3 38
4 27
4 38
0 28
0 37
2 27
2 38
5 27
5 38
1 27
1 38
6 27
6 38
0 27
0 38
3 26
3 39
4 26
4 39
2 26
2 39
5 26
5 39
1 26
1 39
6 26
6 39
0 26
0 39
3 25
4 25
2 25
5 25
1 25
6 25
0 25
0
Yes
41 5
42 5
41 4
41 6
42 4
42 6
40 5
43 5
40 4
40 6
43 4
43 6
41 3
41 7
42 3
42 7
39 5
40 3
40 7
43 3
43 7
44 5
39 4
39 6
44 4
44 6
41 2
41 8
42 2
42 8
39 3
39 7
44 3
44 7
40 2
40 8
43 2
43 8
38 5
45 5
38 4
38 6
45 4
45 6
39 2
39 8
44 2
44 8
38 3
38 7
41 1
41 9
42 1
42 9
45 3
45 7
40 1
40 9
43 1
43 9
37 5
37 4
37 6
38 2
38 8
45 2
45 8
39 1
39 9
44 1
44 9
37 3
37 7
41 0
42 0
40 0
43 0
38 1
38 9
45 1
45 9
37 2
37 8
39 0
44 0
37 1
37 9
38 0
45 0
0
Yes
12 7
12 8
13 8
13 7
14 8
14 7
13 6
14 6
13 5
14 5
15 5
15 6
15 7
0
Yes
38 5
39 5
38 4
38 6
39 4
39 6
37 5
40 5
37 4
37 6
40 4
40 6
38 3
38 7
39 3
39 7
36 5
37 3
37 7
40 3
40 7
41 5
36 4
36 6
41 4
41 6
38 2
38 8
39 2
39 8
36 3
36 7
41 3
41 7
37 2
37 8
40 2
40 8
35 5
42 5
35 4
35 6
42 4
42 6
36 2
36 8
41 2
41 8
35 3
35 7
38 1
38 9
39 1
39 9
42 3
42 7
37 1
37 9
40 1
40 9
34 5
43 5
34 4
34 6
35 2
35 8
42 2
42 8
43 4
43 6
36 1
36 9
41 1
41 9
34 3
34 7
43 3
43 7
38 0
39 0
37 0
40 0
35 1
35 9
42 1
42 9
34 2
34 8
43 2
43 8
33 5
44 5
33 4
33 6
36 0
41 0
44 4
44 6
33 3
33 7
44 3
44 7
34 1
34 9
43 1
43 9
35 0
42 0
33 2
33 8
44 2
44 8
32 5
45 5
32 4
32 6
45 4
45 6
34 0
43 0
32 3
33 1
33 9
44 1
44 9
45 3
45 7
32 2
45 2
45 8
33 0
44 0
31 5
31 4
32 1
32 9
45 1
45 9
31 3
31 2
32 0
45 0
31 1
31 9
31 0
0
Yes
41 30
41 31
41 32
41 33
41 34
41 35
41 36
41 37
41 38
42 30
42 31
42 32
42 33
42 34
42 35
42 36
42 37
42 38
43 30
43 31
43 32
43 33
43 34
43 35
43 36
43 37
43 38
44 30
44 31
44 32
44 33
44 34
44 35
44 36
44 37
44 38
45 30
45 31
45 32
45 33
45 34
45 35
45 36
45 37
45 38
46 30
46 31
46 32
46 33
46 34
46 35
46 36
46 37
46 38
47 30
47 31
47 32
47 33
47 34
47 35
47 36
47 37
47 38
48 30
48 31
48 32
48 33
48 34
48 35
48 36
48 37
48 38
49 30
49 31
49 32
49 33
49 34
49 35
49 36
49 37
49 38
0
Yes
34 43
34 44
34 45
34 46
34 47
34 48
34 49
35 43
35 44
35 45
35 46
35 47
35 48
35 49
36 43
36 44
36 45
36 46
36 47
36 48
36 49
37 43
37 44
37 45
37 46
37 47
37 48
37 49
38 43
38 44
38 45
38 46
38 47
38 48
38 49
39 43
39 44
39 45
39 46
39 47
39 48
39 49
40 43
40 44
40 45
40 46
40 47
40 48
40 49
0
Yes
34 32
34 33
34 34
34 35
34 36
34 37
34 38
34 39
34 40
34 41
34 42
35 32
35 33
35 34
35 35
35 36
35 37
35 38
35 39
35 40
35 41
35 42
36 32
36 33
36 34
36 35
36 36
36 37
36 38
36 39
36 40
36 41
36 42
37 32
37 33
37 34
37 35
37 36
37 37
37 38
37 39
37 40
37 41
37 42
38 32
38 33
38 34
38 35
38 36
38 37
38 38
38 39
38 40
38 41
38 42
39 32
39 33
39 34
39 35
39 36
39 37
39 38
39 39
39 40
39 41
39 42
40 32
40 33
40 34
40 35
40 36
40 37
40 38
40 39
40 40
40 41
40 42
0
Yes
27 33
27 34
27 35
27 36
27 37
27 38
27 39
27 40
27 41
27 42
27 43
27 44
27 45
27 46
27 47
27 48
27 49
28 33
28 34
28 35
28 36
28 37
28 38
28 39
28 40
28 41
28 42
28 43
28 44
28 45
28 46
28 47
28 48
28 49
29 33
29 34
29 35
29 36
29 37
29 38
29 39
29 40
29 41
29 42
29 43
29 44
29 45
29 46
29 47
29 48
29 49
30 33
30 34
30 35
30 36
30 37
30 38
30 39
30 40
30 41
30 42
30 43
30 44
30 45
30 46
30 47
30 48
30 49
31 33
31 34
31 35
31 36
31 37
31 38
31 39
31 40
31 41
31 42
31 43
31 44
31 45
31 46
31 47
31 48
31 49
32 33
32 34
32 35
32 36
32 37
32 38
32 39
32 40
32 41
32 42
32 43
32 44
32 45
32 46
32 47
32 48
32 49
33 33
33 34
33 35
33 36
33 37
33 38
33 39
33 40
33 41
33 42
33 43
33 44
33 45
33 46
33 47
33 48
33 49
0
Yes
0 20
0 21
0 22
0 23
0 24
1 20
1 21
1 22
1 23
1 24
2 20
2 21
2 22
2 23
2 24
3 20
3 21
3 22
3 23
3 24
4 20
4 21
4 22
4 23
4 24
5 20
5 21
5 22
5 23
5 24
0
Yes
46 15
46 16
46 17
47 15
47 16
0
Yes
13 0
13 1
13 2
13 3
13 4
14 0
14 1
14 2
14 3
14 4
15 0
15 1
15 2
15 3
15 4
16 0
16 1
16 2
16 3
0
Yes
9 46
9 47
9 48
9 49
10 46
10 47
10 48
10 49
11 46
11 47
11 48
11 49
12 46
12 47
12 48
12 49
13 46
13 47
13 48
13 49
14 46
14 47
14 48
14 49
15 46
15 47
0
Yes
16 40
16 41
16 42
16 43
16 44
16 45
16 46
16 47
16 48
16 49
17 40
17 41
17 42
17 43
17 44
17 45
17 46
17 47
17 48
17 49
18 40
18 41
18 42
18 43
18 44
18 45
18 46
18 47
18 48
18 49
19 40
19 41
19 42
19 43
19 44
19 45
19 46
19 47
19 48
19 49
20 40
20 41
20 42
20 43
20 44
20 45
20 46
20 47
20 48
20 49
21 40
21 41
21 42
21 43
21 44
21 45
21 46
21 47
21 48
21 49
22 40
22 41
22 42
22 43
22 44
22 45
22 46
22 47
22 48
22 49
23 40
23 41
23 42
23 43
23 44
23 45
23 46
23 47
23 48
23 49
24 40
24 41
24 42
24 43
24 44
24 45
24 46
24 47
24 48
24 49
25 40
25 41
25 42
25 43
25 44
25 45
25 46
25 47
25 48
25 49
26 40
26 41
26 42
26 43
26 44
26 45
26 46
26 47
26 48
26 49
0
Yes
32 16
32 17
32 18
32 19
32 20
32 21
32 22
32 23
32 24
32 25
33 16
33 17
33 18
33 19
33 20
33 21
33 22
33 23
33 24
33 25
34 16
34 17
34 18
34 19
34 20
34 21
34 22
34 23
34 24
34 25
35 16
35 17
35 18
35 19
35 20
35 21
35 22
35 23
35 24
35 25
36 16
36 17
36 18
36 19
36 20
36 21
36 22
36 23
36 24
36 25
37 16
37 17
37 18
37 19
37 20
37 21
37 22
37 23
37 24
37 25
38 16
38 17
38 18
38 19
38 20
38 21
38 22
38 23
38 24
38 25
39 16
39 17
39 18
39 19
39 20
39 21
39 22
39 23
39 24
39 25
40 16
40 17
40 18
40 19
40 20
40 21
40 22
40 23
40 24
40 25
41 16
41 17
41 18
41 19
41 20
41 21
41 22
0
No
0
Yes
47 28
47 29
46 28
46 29
46 27
0
Yes
17 0
17 1
17 2
17 3
17 4
18 0
18 1
18 2
18 3
18 4
0
No
0
No
0
No
0
Yes
11 39
11 40
12 39
12 40
10 39
10 40
11 38
11 41
12 38
12 41
13 39
13 40
10 38
10 41
13 38
13 41
9 39
9 40
11 37
11 42
12 37
12 42
14 39
14 40
9 38
9 41
10 37
10 42
13 37
13 42
14 38
14 41
8 39
8 40
9 37
9 42
11 36
11 43
12 36
12 43
14 37
14 42
15 39
15 40
8 38
8 41
10 36
10 43
13 36
13 43
15 38
15 41
8 37
8 42
9 36
9 43
14 36
14 43
15 37
15 42
7 39
7 40
11 35
11 44
12 35
12 44
7 38
10 35
10 44
13 35
13 44
8 36
8 43
15 36
15 43
7 37
7 42
9 35
9 44
14 35
14 44
11 34
11 45
12 34
12 45
7 36
7 43
8 35
8 44
10 34
10 45
13 34
13 45
15 35
15 44
9 34
9 45
14 34
14 45
7 35
8 34
8 45
11 33
12 33
15 34
15 45
10 33
13 33
9 33
14 33
7 34
7 45
8 33
0
Yes
16 30
16 31
16 32
16 33
16 34
16 35
16 36
16 37
16 38
16 39
17 30
17 31
17 32
17 33
17 34
17 35
17 36
17 37
17 38
17 39
18 30
18 31
18 32
18 33
18 34
18 35
18 36
18 37
18 38
18 39
19 30
19 31
19 32
19 33
19 34
19 35
19 36
19 37
19 38
19 39
20 30
20 31
20 32
20 33
20 34
20 35
20 36
20 37
20 38
20 39
21 30
21 31
21 32
21 33
21 34
21 35
21 36
21 37
21 38
21 39
22 30
22 31
22 32
22 33
22 34
22 35
22 36
22 37
22 38
22 39
23 30
23 31
23 32
23 33
23 34
23 35
23 36
23 37
23 38
23 39
24 30
24 31
24 32
24 33
24 34
24 35
24 36
24 37
24 38
24 39
25 30
25 31
25 32
25 33
25 34
25 35
25 36
25 37
25 38
25 39
26 30
26 31
26 32
26 33
26 34
26 35
26 36
26 37
26 38
26 39
27 30
27 31
27 32
0
No
0
No
0
No
0
No
0
Yes
37 29
36 29
37 28
37 30
38 29
36 28
36 30
38 28
38 30
35 29
37 27
37 31
39 29
35 28
35 30
36 27
36 31
38 27
38 31
39 28
39 30
35 27
35 31
39 27
39 31
34 29
37 26
40 29
34 28
34 30
36 26
38 26
40 28
40 30
34 27
34 31
35 26
39 26
40 27
40 31
33 29
41 29
33 28
33 30
41 28
34 26
40 26
33 27
33 31
41 27
32 29
33 26
32 28
32 30
32 27
32 31
32 26
0
Yes
43 14
42 14
42 13
43 13
42 12
43 12
44 12
44 13
44 14
41 12
41 13
41 14
45 14
45 13
45 12
44 11
43 11
42 11
41 11
45 11
40 14
40 13
40 12
40 11
43 10
42 10
41 10
40 10
44 10
45 10
39 13
39 12
39 11
39 14
39 10
40 15
41 15
39 15
42 15
38 14
38 13
38 12
38 11
38 15
38 10
0
No
0
No
0
Yes
9 25
9 26
10 25
10 26
8 25
8 26
9 24
9 27
10 24
10 27
11 25
11 26
8 24
8 27
11 24
11 27
7 25
7 26
9 23
9 28
10 23
10 28
7 24
7 27
8 23
8 28
11 23
11 28
7 23
7 28
9 22
9 29
10 22
10 29
8 22
8 29
11 22
11 29
7 22
7 29
9 21
10 21
8 21
11 21
7 21
0
No
0
No
0
No
0
No
0
Yes
29 29
30 29
29 28
29 30
30 28
30 30
28 29
31 29
28 28
28 30
31 28
31 30
29 27
29 31
30 27
30 31
27 29
28 27
28 31
31 27
31 31
27 28
29 26
29 32
30 26
30 32
27 27
28 26
28 32
31 26
31 32
27 26
29 25
30 25
28 25
31 25
27 25
0
Yes
44 49
43 49
43 48
44 48
43 47
44 47
45 47
45 48
45 49
42 47
42 48
42 49
46 49
46 48
46 47
45 46
44 46
43 46
42 46
46 46
41 49
41 48
41 47
41 46
47 48
47 47
47 49
47 46
44 45
43 45
45 45
42 45
46 45
41 45
47 45
48 45
48 46
48 47
48 48
48 49
43 44
44 44
45 44
46 44
42 44
47 44
41 44
48 44
49 44
49 45
49 46
49 47
49 48
49 49
44 43
43 43
45 43
46 43
47 43
42 43
48 43
41 43
49 43
43 42
44 42
45 42
46 42
47 42
0
Yes
34 32
34 33
34 34
34 35
34 36
34 37
34 38
34 39
34 40
34 41
34 42
35 32
35 33
35 34
35 35
35 36
35 37
35 38
35 39
35 40
35 41
35 42
36 32
36 33
36 34
36 35
36 36
36 37
36 38
36 39
36 40
36 41
36 42
37 32
37 33
37 34
37 35
37 36
37 37
37 38
37 39
37 40
37 41
37 42
38 32
38 33
38 34
38 35
38 36
38 37
38 38
38 39
38 40
38 41
38 42
39 32
39 33
39 34
39 35
39 36
39 37
39 38
39 39
39 40
39 41
39 42
40 32
40 33
40 34
40 35
40 36
40 37
40 38
40 39
40 40
40 41
40 42
41 32
41 33
41 34
41 35
41 36
41 37
41 38
41 39
41 40
41 41
41 42
42 32
42 33
42 34
42 35
42 36
42 37
42 38
42 39
42 40
42 41
42 42
43 32
43 33
0
Yes
43 36
43 37
43 38
43 39
43 40
43 41
44 36
44 37
44 38
44 39
44 40
44 41
45 36
45 37
45 38
45 39
45 40
45 41
46 36
46 37
46 38
46 39
46 40
46 41
47 36
47 37
47 38
47 39
47 40
47 41
48 36
48 37
48 38
48 39
48 40
48 41
49 36
49 37
49 38
49 39
49 40
49 41
0
Yes
46 30
46 31
46 32
46 33
47 30
47 31
47 32
47 33
48 30
48 31
48 32
48 33
49 30
49 31
49 32
49 33
0
Yes
9 31
9 32
8 31
8 32
10 31
10 32
9 30
8 30
10 30
7 31
7 32
7 30
0
Yes
4 3
3 3
4 2
4 4
5 3
3 2
3 4
5 2
5 4
2 3
4 1
4 5
6 3
2 2
2 4
3 1
3 5
5 1
5 5
6 2
6 4
2 1
2 5
6 1
6 5
1 3
4 0
7 3
1 2
1 4
3 0
5 0
7 2
7 4
1 1
1 5
2 0
6 0
7 1
7 5
0 3
0 2
0 4
1 0
7 0
0 1
0 5
0 0
0
No
0
Yes
13 5
12 5
12 4
13 4
12 3
13 3
14 3
14 4
14 5
11 3
11 4
11 5
14 6
13 6
12 6
11 6
15 5
15 4
15 6
15 3
14 2
13 2
12 2
11 2
15 2
10 5
10 4
10 3
10 6
10 2
13 7
12 7
14 7
11 7
10 7
15 7
16 4
16 5
16 6
16 3
16 2
13 1
12 1
14 1
11 1
15 1
10 1
16 1
9 4
9 5
9 3
9 6
9 2
9 7
9 1
12 8
11 8
13 8
10 8
9 8
14 8
17 5
17 4
17 3
17 2
17 6
17 1
12 0
13 0
14 0
11 0
15 0
10 0
16 0
9 0
17 0
8 5
8 4
8 6
8 3
8 2
8 7
8 8
8 1
8 0
13 9
12 9
11 9
10 9
9 9
8 9
18 4
18 3
18 2
18 5
18 1
0
No
0
Yes
2 17
3 17
2 16
2 18
3 16
3 18
1 17
4 17
1 16
1 18
4 16
4 18
2 15
2 19
3 15
3 19
0 17
1 15
1 19
4 15
4 19
0 16
0 18
2 14
3 14
0 15
0 19
1 14
0 14
0
Yes
23 45
24 45
23 44
23 46
24 44
24 46
22 45
25 45
22 44
22 46
25 44
25 46
23 43
23 47
24 43
24 47
21 45
22 43
22 47
25 43
25 47
26 45
21 44
21 46
26 44
26 46
23 42
23 48
24 42
24 48
21 43
21 47
26 43
26 47
22 42
22 48
25 42
25 48
20 45
27 45
20 44
20 46
27 44
27 46
21 42
21 48
26 42
26 48
20 43
20 47
23 41
23 49
24 41
24 49
27 43
27 47
22 41
22 49
25 41
25 49
19 45
28 45
19 44
19 46
20 42
20 48
27 42
27 48
28 44
28 46
21 41
21 49
26 41
26 49
19 43
19 47
28 43
28 47
23 40
24 40
22 40
25 40
20 41
20 49
27 41
27 49
19 42
19 48
28 42
28 48
18 45
29 45
18 44
18 46
21 40
26 40
29 44
29 46
18 43
18 47
29 43
29 47
19 41
19 49
28 41
28 49
20 40
27 40
18 42
18 48
29 42
29 48
17 45
30 45
17 44
17 46
30 44
30 46
19 40
28 40
17 43
17 47
18 41
18 49
29 41
29 49
30 43
30 47
17 42
17 48
30 42
30 48
18 40
29 40
16 45
16 44
16 46
17 41
17 49
30 41
30 49
16 43
16 47
16 42
16 48
17 40
0
Yes
41 45
41 46
41 47
41 48
41 49
42 45
42 46
42 47
42 48
42 49
43 45
43 46
43 47
43 48
43 49
44 45
44 46
44 47
44 48
44 49
45 45
45 46
45 47
45 48
45 49
46 45
46 46
46 47
46 48
46 49
47 45
47 46
47 47
47 48
47 49
48 45
48 46
48 47
48 48
48 49
49 45
49 46
49 47
49 48
49 49
0
Yes
41 34
41 35
41 36
41 37
41 38
41 39
41 40
41 41
41 42
41 43
41 44
42 34
42 35
42 36
42 37
42 38
42 39
42 40
42 41
42 42
42 43
42 44
43 34
43 35
43 36
43 37
43 38
43 39
43 40
43 41
43 42
43 43
43 44
44 34
44 35
44 36
44 37
44 38
44 39
44 40
44 41
44 42
44 43
44 44
45 34
45 35
45 36
45 37
45 38
45 39
45 40
45 41
45 42
45 43
45 44
46 34
46 35
46 36
46 37
46 38
46 39
46 40
46 41
46 42
46 43
46 44
47 34
47 35
47 36
47 37
47 38
47 39
47 40
47 41
47 42
47 43
47 44
48 34
48 35
48 36
48 37
48 38
48 39
48 40
48 41
48 42
48 43
48 44
49 34
49 35
49 36
49 37
49 38
0
Yes
7 47
6 47
7 46
8 47
6 46
8 46
5 46
0
No
0
No
0
No
0
Yes
34 39
34 40
34 41
34 42
34 43
34 44
34 45
34 46
34 47
34 48
34 49
35 39
35 40
35 41
35 42
35 43
35 44
35 45
35 46
35 47
35 48
35 49
36 39
36 40
36 41
36 42
36 43
36 44
36 45
36 46
36 47
36 48
36 49
37 39
37 40
37 41
37 42
37 43
37 44
37 45
37 46
37 47
37 48
37 49
38 39
38 40
38 41
38 42
38 43
38 44
38 45
38 46
38 47
38 48
38 49
39 39
39 40
39 41
39 42
39 43
39 44
39 45
39 46
39 47
39 48
39 49
40 39
40 40
40 41
40 42
40 43
40 44
40 45
40 46
40 47
40 48
40 49
0
Yes
32 0
32 1
32 2
32 3
32 4
32 5
32 6
33 0
33 1
33 2
33 3
33 4
33 5
33 6
34 0
34 1
34 2
34 3
34 4
34 5
34 6
35 0
35 1
35 2
35 3
35 4
35 5
35 6
36 0
36 1
36 2
36 3
36 4
36 5
36 6
37 0
37 1
37 2
37 3
37 4
37 5
37 6
38 0
38 1
38 2
38 3
38 4
38 5
38 6
39 0
39 1
39 2
39 3
39 4
39 5
39 6
40 0
40 1
40 2
40 3
40 4
40 5
40 6
41 0
41 1
41 2
41 3
41 4
41 5
41 6
0
Yes
28 0
28 1
28 2
29 0
29 1
29 2
30 0
30 1
30 2
31 0
31 1
31 2
0
Yes
12 45
13 45
12 44
12 46
13 44
13 46
11 45
14 45
11 44
11 46
14 44
14 46
12 43
12 47
13 43
13 47
10 45
11 43
11 47
14 43
14 47
15 45
10 44
10 46
15 44
15 46
12 42
12 48
13 42
13 48
10 43
10 47
15 43
15 47
11 42
11 48
14 42
14 48
9 45
9 44
9 46
10 42
10 48
15 42
15 48
9 43
9 47
12 41
12 49
13 41
13 49
11 41
11 49
14 41
14 49
9 42
9 48
10 41
10 49
15 41
15 49
12 40
13 40
11 40
14 40
9 41
9 49
10 40
15 40
0
Yes
14 23
14 24
15 23
15 24
0
No
0
Yes
22 0
22 1
22 2
22 3
22 4
23 0
23 1
23 2
23 3
23 4
24 0
24 1
24 2
24 3
24 4
25 0
25 1
25 2
25 3
0
Yes
39 38
39 39
39 40
39 41
39 42
39 43
39 44
39 45
39 46
39 47
39 48
39 49
40 38
40 39
40 40
40 41
40 42
40 43
40 44
40 45
40 46
40 47
40 48
40 49
41 38
41 39
41 40
41 41
41 42
41 43
41 44
41 45
41 46
41 47
41 48
41 49
42 38
42 39
42 40
42 41
42 42
42 43
42 44
42 45
42 46
42 47
42 48
42 49
43 38
43 39
43 40
43 41
43 42
43 43
43 44
43 45
43 46
43 47
43 48
43 49
44 38
44 39
44 40
44 41
44 42
44 43
44 44
44 45
44 46
44 47
44 48
44 49
45 38
45 39
45 40
45 41
45 42
45 43
45 44
45 45
45 46
45 47
45 48
45 49
46 38
46 39
46 40
46 41
46 42
46 43
46 44
46 45
46 46
46 47
46 48
46 49
47 38
47 39
47 40
47 41
47 42
47 43
47 44
47 45
47 46
47 47
47 48
47 49
48 38
48 39
48 40
48 41
48 42
48 43
48 44
48 45
48 46
48 47
48 48
48 49
49 38
49 39
49 40
49 41
49 42
49 43
49 44
49 45
49 46
49 47
49 48
0
Yes
42 0
42 1
42 2
43 0
43 1
43 2
44 0
44 1
44 2
0
Yes
7 30
7 31
7 32
7 33
7 34
7 35
7 36
7 37
7 38
7 39
8 30
8 31
8 32
8 33
8 34
8 35
8 36
8 37
8 38
8 39
9 30
9 31
9 32
9 33
9 34
9 35
9 36
9 37
9 38
9 39
10 30
10 31
10 32
10 33
10 34
10 35
10 36
10 37
10 38
10 39
11 30
11 31
11 32
11 33
11 34
11 35
11 36
11 37
11 38
11 39
12 30
12 31
12 32
12 33
12 34
12 35
12 36
12 37
12 38
12 39
13 30
13 31
13 32
13 33
13 34
13 35
13 36
13 37
13 38
13 39
14 30
14 31
14 32
14 33
14 34
14 35
14 36
14 37
14 38
14 39
15 30
15 31
15 32
15 33
15 34
15 35
15 36
15 37
15 38
15 39
16 30
16 31
16 32
16 33
16 34
16 35
16 36
16 37
16 38
16 39
17 30
17 31
17 32
17 33
17 34
17 35
17 36
17 37
17 38
17 39
18 30
18 31
18 32
18 33
18 34
18 35
18 36
18 37
18 38
0
Yes
31 39
31 40
31 41
31 42
31 43
31 44
31 45
31 46
31 47
31 48
31 49
32 39
32 40
32 41
32 42
32 43
32 44
32 45
32 46
32 47
32 48
32 49
33 39
33 40
33 41
33 42
33 43
33 44
33 45
33 46
33 47
33 48
33 49
34 39
34 40
34 41
34 42
34 43
34 44
34 45
34 46
34 47
34 48
34 49
35 39
35 40
35 41
35 42
35 43
35 44
35 45
35 46
35 47
35 48
35 49
36 39
36 40
36 41
36 42
36 43
36 44
36 45
36 46
36 47
36 48
36 49
37 39
37 40
37 41
37 42
37 43
37 44
37 45
37 46
37 47
37 48
37 49
38 39
38 40
38 41
38 42
38 43
38 44
38 45
38 46
38 47
38 48
0
Yes
24 35
23 35
24 34
24 36
25 35
23 34
23 36
25 34
25 36
22 35
24 33
24 37
26 35
22 34
22 36
23 33
23 37
25 33
25 37
26 34
26 36
22 33
22 37
26 33
26 37
21 35
24 32
24 38
27 35
21 34
21 36
23 32
23 38
25 32
25 38
27 34
27 36
21 33
21 37
22 32
22 38
26 32
26 38
27 33
27 37
20 35
24 31
24 39
28 35
20 34
20 36
23 31
23 39
25 31
25 39
28 34
28 36
21 32
21 38
27 32
27 38
20 33
20 37
22 31
22 39
26 31
26 39
28 33
28 37
19 35
20 32
20 38
21 31
21 39
24 30
27 31
27 39
28 32
28 38
19 34
19 36
23 30
25 30
19 33
19 37
22 30
26 30
20 31
20 39
28 31
28 39
19 32
19 38
21 30
27 30
19 31
19 39
20 30
28 30
19 30
0
No
0
No
0
No
0
No
0
Yes
31 40
31 41
31 42
31 43
31 44
31 45
31 46
31 47
31 48
31 49
32 40
32 41
32 42
32 43
32 44
32 45
32 46
32 47
32 48
32 49
33 40
33 41
33 42
33 43
33 44
33 45
33 46
33 47
33 48
33 49
34 40
34 41
34 42
34 43
34 44
34 45
34 46
34 47
34 48
34 49
35 40
35 41
35 42
35 43
35 44
35 45
35 46
35 47
35 48
35 49
36 40
36 41
36 42
36 43
36 44
36 45
36 46
36 47
36 48
36 49
37 40
37 41
37 42
37 43
37 44
37 45
37 46
37 47
37 48
37 49
38 40
38 41
38 42
38 43
0
Yes
4 19
3 19
3 18
4 18
3 17
4 17
2 17
2 18
2 19
1 19
1 18
1 17
2 16
3 16
4 16
1 16
0 18
0 17
0 16
0 19
5 16
5 17
5 18
4 15
3 15
2 15
1 15
0 15
3 14
2 14
1 14
0
Yes
20 3
21 3
20 2
20 4
21 2
21 4
19 3
19 2
19 4
20 1
20 5
21 1
21 5
19 1
19 5
20 0
21 0
19 0
0
Yes
7 42
7 43
8 43
8 42
8 41
0
Yes
45 42
45 43
44 42
44 43
46 42
46 43
45 41
45 44
44 41
44 44
46 41
46 44
43 42
43 43
47 42
47 43
43 41
43 44
45 40
45 45
47 41
47 44
44 40
44 45
46 40
46 45
42 42
42 43
48 42
48 43
43 40
43 45
47 40
47 45
42 41
42 44
48 41
48 44
45 39
45 46
44 39
44 46
46 39
46 46
42 40
42 45
48 40
48 45
41 42
41 43
43 39
43 46
47 39
47 46
49 42
49 43
41 41
41 44
49 41
49 44
45 38
45 47
42 39
42 46
44 38
44 47
46 38
46 47
48 39
48 46
41 40
41 45
49 40
49 45
43 38
43 47
47 38
47 47
40 42
40 43
40 41
40 44
41 39
41 46
49 39
49 46
42 38
42 47
48 38
48 47
45 37
45 48
40 40
40 45
44 37
44 48
46 37
46 48
43 37
43 48
47 37
47 48
41 38
41 47
49 38
49 47
40 39
40 46
42 37
42 48
48 37
48 48
45 36
45 49
44 36
44 49
46 36
46 49
40 38
40 47
41 37
41 48
43 36
43 49
47 36
47 49
49 37
49 48
42 36
42 49
48 36
48 49
40 37
40 48
45 35
44 35
46 35
41 36
41 49
49 36
49 49
43 35
47 35
42 35
48 35
0
Yes
26 0
26 1
26 2
27 0
27 1
27 2
0
Yes
0 6
0 7
0 8
0 9
0 10
0 11
0 12
1 6
1 7
1 8
1 9
1 10
1 11
1 12
2 6
2 7
2 8
2 9
2 10
2 11
2 12
3 6
3 7
3 8
3 9
3 10
3 11
3 12
4 6
4 7
4 8
4 9
4 10
4 11
4 12
5 6
5 7
5 8
0
Yes
39 11
39 12
40 11
40 12
38 11
38 12
39 10
39 13
40 10
40 13
41 11
41 12
38 10
38 13
41 10
41 13
37 11
37 12
39 9
39 14
40 9
40 14
42 11
42 12
37 10
37 13
38 9
38 14
41 9
41 14
42 10
42 13
36 11
36 12
37 9
37 14
39 8
39 15
40 8
40 15
42 9
42 14
43 11
43 12
36 10
36 13
38 8
38 15
41 8
41 15
43 10
43 13
36 9
36 14
37 8
37 15
42 8
42 15
43 9
43 14
35 11
35 12
39 7
40 7
44 11
44 12
35 10
35 13
38 7
41 7
44 10
44 13
36 8
36 15
43 8
35 9
35 14
37 7
42 7
44 9
44 14
34 11
34 12
45 11
45 12
34 10
34 13
35 8
35 15
36 7
43 7
44 8
44 15
45 10
45 13
34 9
34 14
45 9
45 14
35 7
44 7
33 11
33 12
34 8
34 15
45 8
45 15
33 10
33 13
33 9
34 7
45 7
33 8
0
No
0
No
0
Yes
0 20
0 21
0 22
0 23
0 24
1 20
1 21
1 22
1 23
1 24
0
Yes
39 40
39 41
39 42
39 43
39 44
39 45
39 46
39 47
39 48
39 49
40 40
40 41
40 42
40 43
40 44
40 45
40 46
40 47
40 48
40 49
41 40
41 41
41 42
41 43
41 44
41 45
41 46
41 47
41 48
41 49
42 40
42 41
42 42
42 43
42 44
42 45
42 46
42 47
42 48
42 49
43 40
43 41
43 42
43 43
43 44
43 45
43 46
43 47
43 48
43 49
44 40
44 41
44 42
44 43
44 44
44 45
44 46
44 47
44 48
44 49
45 40
45 41
45 42
45 43
45 44
45 45
45 46
45 47
45 48
45 49
46 40
46 41
46 42
46 43
46 44
46 45
46 46
46 47
46 48
46 49
47 40
47 41
47 42
47 43
47 44
47 45
47 46
47 47
47 48
47 49
48 40
48 41
48 42
48 43
48 44
48 45
48 46
48 47
48 48
48 49
49 40
49 41
49 42
49 43
49 44
0
No
0
No
0
Yes
47 36
46 36
47 35
47 37
48 36
46 35
46 37
48 35
48 37
45 36
47 34
47 38
49 36
45 35
45 37
46 34
46 38
48 34
48 38
49 35
49 37
45 34
45 38
49 34
49 38
44 36
47 33
47 39
44 35
44 37
46 33
46 39
48 33
48 39
44 34
44 38
45 33
45 39
49 33
49 39
47 32
46 32
48 32
44 33
44 39
45 32
0
Yes
31 20
30 20
30 21
31 21
30 22
31 22
29 22
29 21
29 20
29 23
30 23
31 23
31 24
30 24
29 24
30 25
31 25
29 25
28 24
28 23
28 22
28 25
28 26
29 26
30 26
31 26
0
No
0
Yes
44 5
43 5
44 4
44 6
45 5
43 4
43 6
45 4
45 6
42 5
44 3
42 4
42 6
43 3
45 3
42 3
0
Yes
29 4
30 4
30 3
30 5
31 5
31 4
31 3
0
Yes
2 24
2 23
3 23
3 24
4 23
4 24
4 22
3 22
2 22
2 21
3 21
4 21
5 22
5 23
5 24
5 21
3 20
4 20
2 20
5 20
6 24
6 23
6 22
6 21
0
Yes
34 45
34 46
33 45
33 46
35 45
35 46
34 44
34 47
33 44
33 47
35 44
35 47
32 45
32 46
36 45
36 46
32 44
32 47
34 43
34 48
36 44
36 47
33 43
33 48
35 43
35 48
31 45
31 46
32 43
32 48
36 43
36 48
31 44
31 47
34 42
34 49
33 42
33 49
35 42
35 49
31 43
31 48
32 42
32 49
36 42
36 49
34 41
31 42
31 49
33 41
35 41
32 41
36 41
31 41
0
Yes
42 30
42 31
42 32
42 33
42 34
42 35
42 36
42 37
42 38
42 39
43 30
43 31
43 32
43 33
43 34
43 35
43 36
43 37
43 38
43 39
44 30
44 31
44 32
44 33
44 34
44 35
44 36
44 37
44 38
44 39
45 30
45 31
45 32
45 33
45 34
45 35
45 36
45 37
45 38
45 39
46 30
46 31
46 32
46 33
46 34
46 35
46 36
46 37
46 38
46 39
47 30
47 31
47 32
47 33
47 34
47 35
47 36
47 37
47 38
47 39
48 30
48 31
48 32
48 33
48 34
48 35
48 36
48 37
48 38
48 39
49 30
49 31
49 32
49 33
49 34
49 35
49 36
49 37
49 38
49 39
0
Yes
49 11
48 11
48 10
49 10
48 9
49 9
47 9
47 10
47 11
47 12
48 12
49 12
46 11
46 10
46 12
46 9
47 8
46 8
48 8
49 8
49 13
48 13
47 13
46 13
45 10
45 11
45 12
45 9
45 13
45 8
48 14
47 14
46 14
49 14
45 14
44 11
44 10
44 12
44 9
44 13
44 8
44 14
49 15
48 15
47 15
46 15
45 15
44 15
43 10
43 11
43 12
43 9
43 13
43 14
43 8
47 16
46 16
45 16
44 16
0
Yes
29 33
29 34
29 35
29 36
29 37
29 38
29 39
30 33
30 34
30 35
30 36
30 37
30 38
30 39
31 33
31 34
31 35
31 36
31 37
31 38
31 39
32 33
32 34
32 35
32 36
32 37
32 38
32 39
33 33
33 34
33 35
33 36
33 37
33 38
33 39
34 33
34 34
34 35
34 36
34 37
34 38
34 39
35 33
35 34
35 35
35 36
35 37
35 38
35 39
36 33
36 34
36 35
36 36
36 37
36 38
36 39
37 33
37 34
37 35
37 36
37 37
37 38
37 39
38 33
38 34
38 35
38 36
38 37
38 38
38 39
39 33
39 34
39 35
39 36
39 37
39 38
39 39
40 33
40 34
40 35
40 36
40 37
40 38
40 39
41 33
41 34
41 35
41 36
41 37
41 38
41 39
0
Yes
19 28
19 29
19 30
19 31
19 32
19 33
19 34
19 35
19 36
19 37
19 38
19 39
20 28
20 29
20 30
20 31
20 32
20 33
20 34
20 35
20 36
20 37
20 38
20 39
21 28
21 29
21 30
21 31
21 32
21 33
21 34
21 35
21 36
21 37
21 38
21 39
22 28
22 29
22 30
22 31
22 32
22 33
22 34
22 35
22 36
22 37
22 38
22 39
23 28
23 29
23 30
23 31
23 32
23 33
23 34
23 35
23 36
23 37
23 38
23 39
24 28
24 29
24 30
24 31
24 32
24 33
24 34
24 35
24 36
24 37
24 38
24 39
25 28
25 29
25 30
25 31
25 32
25 33
25 34
25 35
25 36
25 37
25 38
25 39
26 28
26 29
26 30
26 31
26 32
26 33
26 34
26 35
26 36
26 37
26 38
26 39
27 28
27 29
27 30
27 31
27 32
27 33
27 34
27 35
27 36
0
No
0
Yes
38 11
38 12
39 11
39 12
37 11
37 12
38 10
38 13
39 10
39 13
40 11
40 12
37 10
37 13
40 10
40 13
36 11
36 12
38 9
38 14
39 9
39 14
41 11
41 12
36 10
36 13
37 9
37 14
40 9
40 14
41 10
41 13
35 11
35 12
36 9
36 14
38 8
38 15
39 8
39 15
41 9
41 14
42 11
42 12
35 10
35 13
37 8
37 15
40 8
40 15
42 10
42 13
35 9
35 14
36 8
36 15
41 8
41 15
42 9
42 14
34 11
34 12
38 7
39 7
34 10
34 13
37 7
40 7
35 8
35 15
42 8
42 15
34 9
34 14
36 7
41 7
34 8
34 15
35 7
42 7
34 7
0
No
0
No
0
Yes
0 6
0 7
1 7
1 6
2 7
2 6
2 8
1 8
0 8
0 9
1 9
2 9
3 8
3 7
3 6
3 9
1 10
2 10
0 10
3 10
4 6
4 7
4 8
4 9
4 10
0 11
1 11
2 11
3 11
4 11
5 7
5 8
5 9
5 10
5 6
5 11
1 12
2 12
3 12
4 12
0 12
5 12
6 6
6 7
6 8
6 9
6 10
6 11
0 13
1 13
2 13
7 7
7 8
7 9
7 10
7 11
7 6
0
No
0
Yes
31 9
31 10
31 11
32 9
32 10
32 11
33 9
33 10
33 11
0
No
0
Yes
20 0
20 1
20 2
20 3
20 4
21 0
21 1
21 2
21 3
21 4
22 0
22 1
22 2
22 3
22 4
23 0
23 1
23 2
23 3
23 4
24 0
24 1
24 2
24 3
24 4
25 0
25 1
25 2
25 3
0
No
0
No
0
Yes
35 43
35 44
34 43
34 44
36 43
36 44
35 42
35 45
34 42
34 45
36 42
36 45
33 43
33 44
37 43
37 44
33 42
33 45
35 41
35 46
37 42
37 45
34 41
34 46
36 41
36 46
32 43
32 44
38 43
38 44
33 41
33 46
37 41
37 46
32 42
32 45
38 42
38 45
35 40
35 47
34 40
34 47
36 40
36 47
32 41
32 46
38 41
38 46
31 43
31 44
33 40
33 47
37 40
37 47
31 42
31 45
35 39
35 48
32 40
32 47
34 39
34 48
36 39
36 48
38 40
38 47
31 41
31 46
33 39
33 48
37 39
37 48
31 40
31 47
32 39
32 48
38 39
38 48
35 38
35 49
34 38
34 49
36 38
36 49
33 38
33 49
37 38
37 49
31 39
31 48
32 38
32 49
38 38
38 49
35 37
34 37
36 37
31 38
31 49
33 37
37 37
0
No
0
No
0
Yes
3 6
2 6
2 7
3 7
2 8
3 8
4 8
4 7
4 6
1 8
1 7
1 6
5 6
5 7
5 8
4 9
3 9
2 9
1 9
5 9
0 6
0 7
0 8
0 9
6 7
6 8
6 6
6 9
3 10
2 10
4 10
1 10
5 10
0 10
6 10
7 10
7 9
7 8
7 7
7 6
2 11
3 11
4 11
5 11
1 11
6 11
0 11
7 11
3 12
2 12
4 12
0
No
0
No
0
No
0
No
0
Yes
32 32
31 32
32 31
32 33
33 32
31 31
31 33
33 31
33 33
30 32
32 30
32 34
34 32
30 31
30 33
31 30
31 34
33 30
33 34
34 31
34 33
30 30
30 34
34 30
34 34
29 32
32 29
32 35
35 32
29 31
29 33
31 29
31 35
33 29
33 35
35 31
35 33
29 30
29 34
30 29
30 35
34 29
34 35
35 30
35 34
28 32
32 28
32 36
28 31
28 33
31 28
31 36
33 28
33 36
29 29
29 35
35 29
35 35
28 30
28 34
30 28
30 36
34 28
34 36
28 29
28 35
29 28
29 36
32 27
32 37
35 28
35 36
31 27
31 37
33 27
30 27
30 37
34 27
28 28
28 36
29 27
29 37
35 27
32 26
31 26
33 26
30 26
34 26
28 27
28 37
29 26
35 26
0
No
0
Yes
5 24
4 24
4 23
5 23
4 22
5 22
6 22
6 23
6 24
3 22
3 23
3 24
7 24
7 23
7 22
6 21
5 21
4 21
3 21
7 21
2 24
2 23
2 22
2 21
8 23
8 22
8 24
8 21
5 20
4 20
3 20
2 20
1 23
1 22
1 21
1 24
1 20
4 19
3 19
2 19
1 19
0 19
0 20
0 21
0 22
0 23
0 24
3 18
2 18
1 18
4 18
0 18
4 17
3 17
2 17
1 17
0 17
3 16
2 16
1 16
4 16
0 16
5 16
5 17
5 18
4 15
3 15
2 15
1 15
0 15
3 14
2 14
1 14
0 14
2 13
1 13
0 13
0
No
0
Yes
27 2
26 2
27 1
27 3
26 1
27 0
26 0
0
Yes
9 42
9 43
9 44
9 45
9 46
9 47
9 48
9 49
10 42
10 43
10 44
10 45
10 46
10 47
10 48
10 49
11 42
11 43
11 44
11 45
11 46
11 47
11 48
11 49
12 42
12 43
12 44
12 45
12 46
12 47
12 48
12 49
13 42
13 43
13 44
13 45
13 46
13 47
13 48
13 49
14 42
14 43
14 44
14 45
14 46
14 47
14 48
14 49
15 42
15 43
15 44
15 45
15 46
15 47
0
No
0
Yes
7 25
7 26
7 27
7 28
7 29
7 30
7 31
7 32
7 33
7 34
7 35
7 36
7 37
7 38
7 39
8 25
8 26
8 27
8 28
8 29
8 30
8 31
8 32
8 33
8 34
8 35
8 36
8 37
8 38
8 39
9 25
9 26
9 27
9 28
9 29
9 30
9 31
9 32
9 33
9 34
9 35
9 36
9 37
9 38
9 39
10 25
10 26
10 27
10 28
10 29
10 30
10 31
10 32
10 33
10 34
10 35
10 36
10 37
10 38
10 39
11 25
11 26
11 27
11 28
11 29
11 30
11 31
11 32
11 33
11 34
11 35
11 36
11 37
11 38
11 39
12 25
12 26
12 27
12 28
12 29
12 30
12 31
12 32
12 33
12 34
12 35
12 36
12 37
12 38
12 39
13 25
13 26
13 27
13 28
13 29
13 30
13 31
13 32
13 33
13 34
13 35
13 36
13 37
13 38
13 39
14 25
14 26
14 27
14 28
14 29
14 30
14 31
14 32
14 33
14 34
14 35
14 36
14 37
14 38
14 39
15 25
15 26
15 27
15 28
15 29
15 30
15 31
15 32
15 33
15 34
15 35
15 36
15 37
15 38
15 39
16 25
16 26
16 27
16 28
16 29
16 30
16 31
16 32
16 33
16 34
16 35
16 36
16 37
16 38
16 39
0
Yes
14 40
14 41
15 40
15 41
16 40
16 41
0
No
0
Yes
19 6
18 6
18 5
19 5
18 4
19 4
17 4
17 5
17 6
16 6
16 5
16 4
17 3
18 3
19 3
16 3
15 5
15 4
15 6
15 3
19 2
18 2
17 2
16 2
15 2
14 6
14 5
14 4
14 3
14 2
18 1
17 1
16 1
15 1
19 1
14 1
13 5
13 4
13 3
13 2
13 6
13 1
19 0
18 0
17 0
16 0
15 0
14 0
13 0
12 6
12 5
12 4
12 3
12 2
12 1
12 0
13 7
14 7
12 7
15 7
11 5
11 4
11 3
11 2
11 6
11 1
11 7
11 0
12 8
13 8
11 8
14 8
10 6
10 5
10 4
10 3
10 2
10 7
10 1
10 8
10 0
11 9
10 9
12 9
13 9
9 5
9 6
9 7
9 4
9 3
9 2
9 8
9 1
9 9
9 0
8 6
8 5
8 7
8 4
8 3
8 2
8 8
8 9
8 1
0
Yes
32 26
32 27
32 28
32 29
32 30
32 31
32 32
32 33
32 34
32 35
32 36
33 26
33 27
33 28
33 29
33 30
33 31
33 32
33 33
33 34
33 35
33 36
34 26
34 27
34 28
34 29
34 30
34 31
34 32
34 33
34 34
34 35
34 36
35 26
35 27
35 28
35 29
35 30
35 31
35 32
35 33
35 34
35 35
35 36
36 26
36 27
36 28
36 29
36 30
36 31
36 32
36 33
36 34
36 35
36 36
37 26
37 27
37 28
37 29
37 30
37 31
37 32
37 33
37 34
37 35
37 36
38 26
38 27
38 28
38 29
38 30
38 31
38 32
38 33
38 34
38 35
38 36
39 26
39 27
39 28
39 29
39 30
39 31
39 32
39 33
39 34
39 35
39 36
40 26
40 27
40 28
40 29
40 30
40 31
40 32
40 33
40 34
0
No
0
Yes
27 26
26 26
26 25
27 25
26 24
27 24
28 24
28 25
28 26
25 24
25 25
25 26
28 27
27 27
26 27
25 27
29 26
29 25
29 27
29 24
28 23
27 23
26 23
29 23
24 26
24 25
24 27
24 24
30 25
30 26
30 24
30 27
30 23
27 22
28 22
29 22
30 22
26 22
23 27
23 26
23 25
31 26
31 25
31 24
31 23
31 27
31 22
0
No
0
No
0
No
0
Yes
30 21
29 21
29 20
30 20
31 21
31 20
29 19
0
Yes
49 36
48 36
48 35
49 35
48 34
49 34
47 34
47 35
47 36
47 37
48 37
49 37
46 36
46 35
46 37
46 34
47 33
48 33
49 33
46 33
49 38
48 38
47 38
46 38
45 35
45 36
45 37
45 34
45 38
45 33
49 32
48 32
47 32
46 32
45 32
48 39
47 39
46 39
45 39
49 39
44 36
44 35
44 37
44 34
44 38
44 33
44 39
44 32
48 31
47 31
46 31
45 31
49 31
44 31
43 35
43 36
43 37
43 34
43 33
43 38
43 32
43 39
43 31
49 30
48 30
47 30
46 30
45 30
44 30
43 30
42 36
42 35
42 37
42 34
42 33
42 32
42 38
42 31
42 39
42 30
47 29
46 29
45 29
44 29
43 29
42 29
41 35
41 36
41 37
41 34
41 33
41 32
41 31
41 38
41 30
41 39
41 29
44 28
43 28
42 28
41 28
40 36
40 35
40 37
40 34
40 33
40 32
40 31
40 30
40 38
40 29
40 39
40 28
43 27
42 27
41 27
40 27
44 27
39 35
39 36
39 37
39 34
39 33
39 32
39 31
39 30
39 29
39 28
39 27
39 38
39 39
38 36
38 35
38 34
38 33
38 32
38 31
38 30
38 29
38 28
38 27
38 37
37 35
37 34
37 33
37 32
37 31
0
No
0
Yes
10 23
11 23
10 22
10 24
11 22
11 24
9 23
9 22
9 24
10 21
11 21
9 21
0
Yes
20 26
20 27
19 26
19 27
21 26
21 27
20 25
19 25
21 25
18 26
18 27
22 26
22 27
18 25
22 25
17 26
17 27
17 25
0
No
0
Yes
16 2
16 3
15 2
15 3
17 2
17 3
16 1
16 4
15 1
15 4
17 1
17 4
14 2
14 3
18 2
18 3
14 1
14 4
16 0
18 1
18 4
15 0
17 0
13 2
13 3
19 2
19 3
14 0
18 0
13 1
13 4
19 1
19 4
13 0
19 0
12 2
12 3
12 1
12 4
12 0
0
No
0
No
0
No
0
Yes
42 24
41 24
42 23
41 23
0
Yes
47 16
46 16
46 15
47 15
46 14
47 14
45 14
45 15
45 16
44 16
44 15
44 14
45 13
46 13
47 13
44 13
48 13
48 14
48 15
47 12
46 12
45 12
48 12
44 12
49 15
49 14
49 13
49 12
46 11
47 11
48 11
45 11
49 11
44 11
43 12
43 11
43 13
43 14
47 10
46 10
45 10
48 10
44 10
49 10
0
No
0
Yes
49 0
48 0
48 1
49 1
48 2
49 2
47 2
47 1
47 0
46 0
46 1
46 2
47 3
48 3
49 3
46 3
45 1
45 2
45 0
49 4
48 4
0
Yes
43 10
43 9
44 9
44 8
43 8
44 7
43 7
45 7
45 8
45 9
46 9
46 8
46 7
0
Yes
47 7
47 6
46 6
48 6
48 7
48 5
47 5
46 5
49 5
49 6
49 7
47 4
46 4
0
No
0
Yes
47 35
46 35
47 34
47 36
48 35
46 34
46 36
48 34
48 36
45 35
47 33
47 37
49 35
45 34
45 36
46 33
46 37
48 33
48 37
49 34
49 36
45 33
45 37
49 33
49 37
44 35
47 32
47 38
44 34
44 36
46 32
46 38
48 32
48 38
44 33
44 37
45 32
45 38
49 32
49 38
47 31
47 39
46 31
46 39
48 31
48 39
44 32
44 38
45 31
45 39
49 31
49 39
44 31
44 39
47 30
46 30
48 30
45 30
49 30
44 30
0
No
0
No
0
No
0
Yes
2 3
1 3
2 2
2 4
3 3
1 2
1 4
3 2
3 4
0 3
2 1
2 5
0 2
0 4
1 1
1 5
3 1
3 5
0 1
0 5
2 0
1 0
3 0
0 0
0
No
0
No
0
No
0
No
0
No
0
No
0
No
0
Yes
4 0
4 1
4 2
4 3
4 4
4 5
4 6
4 7
5 0
5 1
5 2
5 3
5 4
5 5
5 6
5 7
6 0
6 1
6 2
6 3
6 4
6 5
6 6
6 7
7 0
7 1
7 2
7 3
7 4
7 5
7 6
7 7
8 0
8 1
8 2
8 3
8 4
8 5
8 6
8 7
9 0
9 1
9 2
9 3
9 4
9 5
9 6
9 7
10 0
10 1
10 2
10 3
10 4
10 5
10 6
10 7
11 0
11 1
11 2
11 3
11 4
11 5
0
Yes
3 6
2 6
2 7
3 7
2 8
3 8
1 8
1 7
1 6
0 6
0 7
0 8
1 9
2 9
3 9
0 9
3 10
2 10
1 10
0 10
2 11
1 11
3 11
0 11
4 10
4 9
4 8
4 11
3 12
2 12
4 12
1 12
0 12
5 8
5 9
5 10
5 11
0
No
0
No
0
Yes
46 45
47 45
46 44
46 46
47 44
47 46
45 45
48 45
45 44
45 46
48 44
48 46
46 43
46 47
47 43
47 47
44 45
45 43
45 47
48 43
48 47
49 45
44 44
44 46
49 44
49 46
46 42
46 48
47 42
47 48
44 43
44 47
49 43
49 47
45 42
45 48
48 42
48 48
43 45
43 44
43 46
44 42
44 48
49 42
49 48
43 43
43 47
46 41
46 49
47 41
47 49
45 41
45 49
48 41
48 49
43 42
43 48
44 41
44 49
49 41
49 49
46 40
47 40
45 40
48 40
43 41
43 49
0
Yes
9 29
8 29
9 28
9 30
10 29
8 28
8 30
10 28
10 30
7 29
9 27
9 31
7 28
7 30
8 27
8 31
10 27
10 31
7 27
7 31
9 26
9 32
8 26
8 32
10 26
10 32
7 26
7 32
9 25
8 25
10 25
7 25
0
Yes
6 11
6 10
7 10
7 11
8 10
8 11
8 9
7 9
6 9
6 8
7 8
8 8
9 9
9 10
9 8
9 11
10 8
10 9
0
Yes
13 38
12 38
13 37
13 39
14 38
12 37
12 39
14 37
14 39
11 38
13 36
13 40
15 38
11 37
11 39
12 36
12 40
14 36
14 40
15 37
15 39
11 36
11 40
15 36
15 40
10 38
13 35
13 41
16 38
10 37
10 39
12 35
12 41
14 35
14 41
16 37
16 39
10 36
10 40
11 35
11 41
15 35
15 41
16 36
16 40
9 38
13 34
17 38
9 37
9 39
12 34
14 34
17 37
17 39
10 35
10 41
16 35
16 41
9 36
9 40
11 34
15 34
17 36
17 40
8 38
9 35
9 41
10 34
16 34
17 35
17 41
18 38
8 37
8 39
18 37
18 39
8 36
8 40
18 36
18 40
9 34
17 34
8 35
8 41
18 35
18 41
7 38
7 37
7 39
7 36
7 40
8 34
18 34
7 35
7 34
0
Yes
15 31
15 32
14 31
14 32
16 31
16 32
15 30
15 33
14 30
14 33
16 30
16 33
13 31
13 32
17 31
17 32
13 30
13 33
15 29
17 30
17 33
14 29
16 29
12 31
12 32
18 31
18 32
13 29
17 29
12 30
12 33
18 30
18 33
12 29
18 29
11 31
11 32
11 30
11 33
11 29
0
Yes
12 5
12 6
11 6
13 6
13 5
13 7
12 7
11 7
14 7
14 6
14 5
12 8
13 8
11 8
14 8
15 5
15 6
15 7
11 9
12 9
13 9
0
No
0
Yes
45 8
45 9
44 8
44 9
46 8
46 9
45 7
44 7
46 7
43 8
43 9
47 8
47 9
43 7
42 8
42 9
42 7
0
Yes
39 47
39 48
38 47
38 48
40 47
40 48
39 46
39 49
38 46
38 49
40 46
40 49
37 47
37 48
41 47
41 48
37 46
37 49
39 45
41 46
41 49
38 45
40 45
36 47
36 48
42 47
42 48
37 45
41 45
36 46
36 49
42 46
42 49
36 45
42 45
35 47
35 48
35 46
35 49
0
No
0
Yes
28 45
28 46
28 47
28 48
28 49
29 45
29 46
29 47
29 48
29 49
30 45
30 46
30 47
30 48
30 49
31 45
31 46
31 47
31 48
31 49
32 45
32 46
32 47
32 48
32 49
33 45
33 46
33 47
33 48
33 49
34 45
34 46
34 47
0
Yes
23 46
23 47
24 46
24 47
22 46
22 47
23 45
23 48
24 45
24 48
25 46
25 47
22 45
22 48
25 45
25 48
21 46
21 47
23 44
23 49
24 44
24 49
26 46
26 47
21 45
21 48
22 44
22 49
25 44
25 49
26 45
26 48
20 46
20 47
21 44
21 49
23 43
24 43
26 44
26 49
27 46
27 47
20 45
20 48
22 43
25 43
27 45
27 48
20 44
20 49
21 43
26 43
27 44
27 49
19 46
19 47
19 45
19 48
20 43
27 43
19 44
19 49
0
No
0
No
0
No
0
No
0
No
0
Yes
2 1
2 2
1 1
1 2
3 1
3 2
2 0
1 0
3 0
0 1
0 2
0 0
0
Yes
0 3
0 4
1 4
1 3
2 4
2 3
2 5
1 5
0 5
0 6
1 6
2 6
3 5
3 6
3 4
3 3
1 7
2 7
0 7
3 7
0 8
1 8
0
Yes
9 43
9 44
9 45
9 46
9 47
9 48
9 49
10 43
10 44
10 45
10 46
10 47
10 48
10 49
11 43
11 44
11 45
11 46
11 47
11 48
11 49
12 43
12 44
12 45
12 46
12 47
12 48
12 49
13 43
13 44
13 45
13 46
13 47
13 48
13 49
14 43
14 44
14 45
14 46
14 47
14 48
14 49
15 43
15 44
15 45
15 46
15 47
15 48
15 49
16 43
16 44
16 45
16 46
16 47
16 48
16 49
17 43
17 44
17 45
17 46
17 47
17 48
17 49
18 43
18 44
0
Yes
40 38
40 39
39 38
39 39
41 38
41 39
40 37
40 40
39 37
39 40
41 37
41 40
38 38
38 39
42 38
42 39
38 37
38 40
40 36
40 41
42 37
42 40
39 36
39 41
41 36
41 41
37 38
37 39
43 38
43 39
38 36
38 41
42 36
42 41
37 37
37 40
43 37
43 40
40 35
40 42
39 35
39 42
41 35
41 42
37 36
37 41
43 36
36 38
36 39
38 35
38 42
42 35
42 42
36 37
36 40
40 34
40 43
37 35
37 42
39 34
39 43
41 34
41 43
43 35
36 36
36 41
38 34
38 43
42 34
42 43
36 35
36 42
37 34
37 43
43 34
40 33
40 44
39 33
39 44
41 33
41 44
38 33
38 44
42 33
42 44
36 34
36 43
37 33
37 44
43 33
40 32
39 32
41 32
36 33
36 44
38 32
42 32
37 32
43 32
36 32
0
Yes
2 2
2 3
1 2
1 3
3 2
3 3
2 1
2 4
1 1
1 4
3 1
3 4
0 2
0 3
0 1
0 4
2 0
1 0
3 0
0 0
0
No
0
No
0
No
0
Yes
9 10
10 10
9 9
9 11
10 9
8 10
8 9
8 11
9 8
10 8
8 8
0
No
0
Yes
4 10
4 11
3 10
3 11
5 10
5 11
4 9
4 12
3 9
3 12
5 9
5 12
2 10
2 11
6 10
6 11
2 9
2 12
4 8
6 9
3 8
5 8
1 10
1 11
7 10
7 11
2 8
6 8
1 9
1 12
7 9
1 8
7 8
0 10
0 11
0 9
0 12
0 8
0
No
0
Yes
36 10
36 11
37 10
37 11
35 10
35 11
36 9
36 12
37 9
37 12
38 10
38 11
35 9
35 12
38 9
38 12
34 10
34 11
36 8
36 13
37 8
37 13
39 10
39 11
34 9
34 12
35 8
35 13
38 8
38 13
39 9
39 12
33 10
33 11
34 8
34 13
36 7
37 7
39 8
39 13
40 10
40 11
33 9
33 12
35 7
38 7
40 9
40 12
33 8
33 13
34 7
39 7
40 8
40 13
32 10
32 11
32 9
32 12
33 7
40 7
32 13
0
No
0
Yes
12 37
13 37
12 36
12 38
13 36
13 38
11 37
14 37
11 36
11 38
14 36
14 38
12 35
12 39
13 35
13 39
10 37
11 35
11 39
14 35
14 39
15 37
10 36
10 38
15 36
15 38
12 34
12 40
13 34
13 40
10 35
10 39
15 35
15 39
11 34
11 40
14 34
14 40
9 37
16 37
9 36
9 38
16 36
16 38
10 34
10 40
15 34
15 40
9 35
9 39
12 33
12 41
13 33
13 41
16 35
16 39
11 33
11 41
14 33
14 41
8 37
17 37
8 36
8 38
9 34
9 40
16 34
16 40
17 36
17 38
10 33
10 41
15 33
15 41
8 35
8 39
17 35
17 39
12 32
12 42
13 32
13 42
11 32
11 42
14 32
14 42
9 33
9 41
16 33
16 41
8 34
8 40
17 34
17 40
7 37
7 36
7 38
10 32
10 42
15 32
15 42
7 35
7 39
8 33
8 41
12 31
13 31
17 33
17 41
9 32
9 42
16 32
16 42
11 31
14 31
7 34
7 40
10 31
15 31
8 32
8 42
17 32
17 42
7 33
9 31
16 31
7 32
7 42
8 31
17 31
7 31
0
Yes
34 14
34 15
34 16
34 17
34 18
34 19
34 20
35 14
35 15
35 16
35 17
35 18
35 19
35 20
36 14
36 15
36 16
36 17
36 18
36 19
36 20
37 14
37 15
37 16
37 17
37 18
37 19
37 20
38 14
38 15
38 16
38 17
38 18
38 19
38 20
39 14
39 15
39 16
39 17
39 18
39 19
39 20
40 14
40 15
40 16
40 17
40 18
40 19
40 20
41 14
41 15
41 16
41 17
41 18
41 19
0
Yes
37 26
38 26
37 25
37 27
38 25
38 27
36 26
39 26
36 25
36 27
39 25
39 27
37 24
37 28
38 24
38 28
35 26
36 24
36 28
39 24
39 28
40 26
35 25
35 27
40 25
40 27
37 23
37 29
38 23
38 29
35 24
35 28
40 24
40 28
36 23
36 29
39 23
39 29
34 26
34 25
34 27
35 23
35 29
40 23
40 29
34 24
34 28
37 22
37 30
38 22
38 30
36 22
36 30
39 22
39 30
34 23
34 29
35 22
35 30
40 22
40 30
37 21
38 21
36 21
39 21
34 22
34 30
35 21
40 21
34 21
0
No
0
No
0
Yes
12 28
11 28
12 27
12 29
13 28
11 27
11 29
13 27
13 29
10 28
12 26
12 30
14 28
10 27
10 29
11 26
11 30
13 26
13 30
14 27
14 29
10 26
10 30
14 26
14 30
9 28
12 25
15 28
9 27
9 29
11 25
13 25
15 27
15 29
9 26
9 30
10 25
14 25
15 26
15 30
8 28
16 28
8 27
8 29
16 27
16 29
9 25
15 25
8 26
8 30
16 26
16 30
7 28
8 25
16 25
7 27
7 29
0
Yes
2 4
1 4
2 3
2 5
3 4
1 3
1 5
3 3
3 5
0 4
2 2
2 6
0 3
0 5
1 2
1 6
3 2
3 6
0 2
0 6
2 1
2 7
1 1
1 7
3 1
3 7
0 1
0 7
2 0
1 0
3 0
0 0
0
No
0
No
0
No
0
Yes
32 42
31 42
32 41
32 43
33 42
31 41
31 43
33 41
33 43
30 42
32 40
32 44
34 42
30 41
30 43
31 40
31 44
33 40
33 44
34 41
34 43
30 40
30 44
34 40
34 44
29 42
32 39
35 42
29 41
29 43
31 39
33 39
35 41
35 43
29 40
29 44
30 39
34 39
35 40
35 44
28 42
28 41
28 43
29 39
35 39
28 40
28 44
28 39
0
Yes
30 5
31 5
30 4
31 4
29 4
0
Yes
44 5
44 6
44 7
44 8
44 9
45 5
45 6
45 7
45 8
45 9
46 5
46 6
46 7
46 8
46 9
47 5
47 6
47 7
47 8
47 9
48 5
48 6
48 7
48 8
48 9
49 5
49 6
49 7
49 8
49 9
0
Yes
4 22
4 23
3 22
3 23
5 22
5 23
4 21
4 24
3 21
3 24
5 21
5 24
2 22
2 23
6 22
6 23
2 21
2 24
4 20
6 21
6 24
3 20
5 20
1 22
1 23
7 22
7 23
2 20
1 21
1 24
7 21
7 24
1 20
0 22
0 23
0 21
0 24
0 20
0
No
0
Yes
0 16
0 15
1 15
1 16
2 15
2 16
2 17
1 17
0 17
2 14
1 14
0 14
0 18
1 18
2 18
3 17
3 16
3 15
3 18
3 14
0 13
1 13
2 13
1 19
2 19
3 19
0 19
0
No
0
Yes
39 27
39 28
39 29
39 30
39 31
40 27
40 28
40 29
40 30
40 31
41 27
41 28
41 29
41 30
41 31
42 27
42 28
42 29
42 30
42 31
43 27
43 28
43 29
43 30
43 31
44 27
44 28
0
No
0
Yes
46 11
47 11
46 10
46 12
47 10
47 12
45 11
48 11
45 10
45 12
48 10
48 12
46 9
46 13
47 9
47 13
44 11
45 9
45 13
48 9
48 13
49 11
44 10
44 12
49 10
49 12
46 8
46 14
47 8
47 14
44 9
44 13
49 9
49 13
45 8
45 14
48 8
48 14
43 11
43 10
43 12
44 8
44 14
49 8
49 14
43 9
43 13
46 7
46 15
47 7
47 15
45 7
45 15
48 7
48 15
43 8
43 14
44 7
44 15
49 7
49 15
46 6
47 6
45 6
48 6
43 7
44 6
49 6
0
Yes
30 1
30 2
29 1
29 2
31 1
31 2
30 0
29 0
31 0
28 1
28 2
28 0
0
No
0
Yes
39 47
38 47
39 46
39 48
40 47
38 46
38 48
40 46
40 48
37 47
39 45
39 49
41 47
37 46
37 48
38 45
38 49
40 45
40 49
41 46
41 48
37 45
37 49
41 45
41 49
36 47
39 44
42 47
36 46
36 48
38 44
40 44
42 46
42 48
36 45
36 49
37 44
41 44
42 45
42 49
35 47
35 46
35 48
36 44
42 44
35 45
35 49
0
Yes
47 28
47 29
46 28
46 29
46 27
0
Yes
43 2
44 2
43 1
43 3
44 1
44 3
42 2
42 1
42 3
43 0
44 0
42 0
0
No
0
Yes
23 38
22 38
23 37
23 39
24 38
22 37
22 39
24 37
24 39
21 38
23 36
23 40
25 38
21 37
21 39
22 36
22 40
24 36
24 40
25 37
25 39
21 36
21 40
25 36
25 40
20 38
23 35
23 41
26 38
20 37
20 39
22 35
22 41
24 35
24 41
26 37
26 39
20 36
20 40
21 35
21 41
25 35
25 41
26 36
26 40
19 38
23 34
23 42
27 38
19 37
19 39
22 34
22 42
24 34
24 42
27 37
27 39
20 35
20 41
26 35
26 41
19 36
19 40
21 34
21 42
25 34
25 42
27 36
27 40
18 38
19 35
19 41
20 34
20 42
23 33
26 34
26 42
27 35
27 41
18 37
18 39
22 33
24 33
18 36
18 40
21 33
25 33
19 34
19 42
27 34
27 42
18 35
18 41
20 33
26 33
18 34
18 42
19 33
27 33
18 33
0
Yes
16 2
16 3
15 2
15 3
17 2
17 3
16 1
16 4
15 1
15 4
17 1
17 4
14 2
14 3
18 2
18 3
14 1
14 4
16 0
18 1
18 4
15 0
17 0
13 2
13 3
19 2
19 3
14 0
18 0
13 1
13 4
19 1
19 4
13 0
19 0
12 2
12 3
12 1
12 4
0
No
0
No
0
Yes
11 5
10 5
10 4
11 4
10 3
11 3
9 3
9 4
9 5
8 5
8 4
8 3
9 2
10 2
11 2
8 2
7 4
7 3
7 5
7 2
8 6
9 6
10 6
7 6
11 1
10 1
9 1
8 1
7 1
6 5
6 4
6 3
6 2
6 6
6 1
10 7
9 7
8 7
7 7
6 7
10 0
9 0
8 0
7 0
6 0
11 0
5 4
5 5
5 3
5 2
0
No
0
No
0
No
0
Yes
22 29
23 29
22 28
22 30
23 28
23 30
21 29
24 29
21 28
21 30
24 28
24 30
22 27
22 31
23 27
23 31
20 29
21 27
21 31
24 27
24 31
25 29
20 28
20 30
25 28
25 30
22 26
22 32
23 26
23 32
20 27
20 31
25 27
25 31
21 26
21 32
24 26
24 32
19 29
26 29
19 28
19 30
26 28
26 30
20 26
20 32
25 26
25 32
19 27
19 31
22 25
23 25
26 27
26 31
21 25
24 25
18 29
18 28
18 30
19 26
19 32
26 26
26 32
20 25
25 25
18 27
18 31
19 25
26 25
18 26
18 32
18 25
0
Yes
13 28
12 28
13 27
13 29
14 28
12 27
12 29
14 27
14 29
11 28
13 26
13 30
15 28
11 27
11 29
12 26
12 30
14 26
14 30
15 27
15 29
11 26
11 30
15 26
15 30
10 28
13 25
16 28
10 27
10 29
12 25
14 25
16 27
16 29
10 26
10 30
11 25
15 25
16 26
16 30
9 28
17 28
9 27
9 29
17 27
17 29
10 25
16 25
9 26
9 30
17 26
17 30
8 28
9 25
17 25
8 27
8 29
8 26
0
Yes
27 2
26 2
27 1
27 3
26 1
27 0
26 0
0
No
0
No
0
No
0
Yes
39 40
40 40
39 39
39 41
40 39
40 41
38 40
41 40
38 39
38 41
41 39
41 41
39 38
39 42
40 38
40 42
37 40
38 38
38 42
41 38
41 42
42 40
37 39
37 41
42 39
42 41
39 37
39 43
40 37
40 43
37 38
37 42
42 38
42 42
38 37
38 43
41 37
41 43
36 40
36 39
36 41
37 37
37 43
42 37
42 43
36 38
36 42
39 36
40 36
38 36
41 36
36 37
36 43
37 36
42 36
36 36
0
Yes
32 33
32 34
31 33
31 34
33 33
33 34
32 32
32 35
31 32
31 35
33 32
33 35
30 33
30 34
34 33
34 34
30 32
30 35
32 31
32 36
34 32
34 35
31 31
31 36
33 31
33 36
29 33
29 34
35 33
35 34
30 31
30 36
34 31
34 36
29 32
29 35
35 32
35 35
32 30
32 37
31 30
31 37
33 30
33 37
29 31
29 36
35 31
35 36
28 33
28 34
30 30
30 37
34 30
34 37
28 32
28 35
32 29
32 38
29 30
29 37
31 29
31 38
33 29
33 38
35 30
35 37
28 31
28 36
30 29
30 38
34 29
34 38
28 30
28 37
29 29
29 38
35 29
35 38
32 28
31 28
33 28
30 28
34 28
28 29
28 38
29 28
35 28
28 28
0
Yes
1 40
0 40
0 39
1 39
0 38
1 38
0 37
1 37
2 37
2 38
2 39
2 36
1 36
0 36
3 39
3 38
3 37
3 36
1 35
2 35
0 35
3 35
4 38
4 37
4 36
4 39
4 35
0 34
1 34
2 34
3 34
4 34
5 39
5 38
5 37
5 36
5 35
5 34
1 33
2 33
3 33
4 33
0 33
5 33
6 38
6 37
6 36
6 35
6 34
6 33
6 39
0 32
1 32
2 32
3 32
4 32
5 32
6 32
1 31
2 31
3 31
4 31
5 31
0 31
6 31
0
Yes
15 24
14 24
15 23
14 23
0
Yes
17 7
17 6
16 6
18 6
18 7
18 5
17 5
16 5
0
Yes
28 45
28 46
29 46
29 45
30 46
30 45
30 47
29 47
28 47
28 48
29 48
30 48
31 47
31 46
31 45
31 48
29 49
30 49
31 49
28 49
32 45
32 46
32 47
32 48
32 49
33 46
33 47
33 48
33 45
33 49
34 45
34 46
0
No
0
No
0
Yes
3 1
3 2
2 1
2 2
4 1
4 2
3 0
2 0
4 0
1 1
1 2
5 1
1 0
5 0
0 1
0 2
0 0
0
No
0
No
0
No
0
Yes
4 6
4 7
3 6
3 7
5 6
5 7
4 5
3 5
2 6
2 7
2 5
0
No
0
No
0
Yes
32 47
32 48
33 47
33 48
31 47
31 48
32 46
32 49
33 46
33 49
34 47
34 48
31 46
31 49
34 46
34 49
30 47
30 48
32 45
33 45
30 46
30 49
31 45
34 45
30 45
0
Yes
46 0
46 1
46 2
46 3
46 4
46 5
47 0
47 1
47 2
47 3
47 4
47 5
48 0
48 1
48 2
48 3
48 4
48 5
49 0
49 1
49 2
49 3
49 4
49 5
0
No
1
234
0 22
0 23
0 24
0 25
0 26
0 27
0 28
0 29
0 30
1 22
1 23
1 24
1 25
1 26
1 27
1 28
1 29
1 30
2 22
2 23
2 24
2 25
2 26
2 27
2 28
2 29
2 30
3 22
3 23
3 24
3 25
3 26
3 27
3 28
3 29
3 30
4 22
4 23
4 24
4 25
4 26
4 27
4 28
4 29
4 30
5 22
5 23
5 24
5 25
5 26
5 27
5 28
5 29
5 30
6 22
6 23
6 24
6 25
6 26
6 27
6 28
6 29
6 30
7 22
7 23
7 24
7 25
7 26
7 27
7 28
7 29
7 30
Yes
26 22
26 23
26 24
26 25
26 26
26 27
26 28
26 29
26 30
26 31
26 32
27 22
27 23
27 24
27 25
27 26
27 27
27 28
27 29
27 30
27 31
27 32
28 22
28 23
28 24
28 25
28 26
28 27
28 28
28 29
28 30
28 31
28 32
29 22
29 23
29 24
29 25
29 26
29 27
29 28
29 29
29 30
29 31
29 32
30 22
30 23
30 24
30 25
30 26
30 27
30 28
30 29
30 30
30 31
30 32
31 22
31 23
31 24
31 25
31 26
31 27
31 28
31 29
31 30
31 31
31 32
32 22
32 23
32 24
32 25
32 26
32 27
32 28
32 29
32 30
32 31
32 32
33 22
33 23
33 24
33 25
33 26
33 27
33 28
33 29
33 30
33 31
33 32
34 22
34 23
34 24
34 25
34 26
34 27
34 28
34 29
34 30
34 31
34 32
35 22
35 23
35 24
35 25
35 26
35 27
35 28
35 29
35 30
35 31
35 32
36 22
36 23
36 24
36 25
36 26
36 27
36 28
36 29
36 30
36 31
36 32
37 22
37 23
37 24
37 25
37 26
37 27
37 28
37 29
37 30
37 31
37 32
38 22
38 23
38 24
38 25
38 26
38 27
38 28
38 29
38 30
38 31
38 32
39 22
39 23
0
No
0
Yes
33 33
32 33
32 34
33 34
32 35
33 35
34 35
34 34
34 33
31 35
31 34
31 33
35 33
35 34
35 35
34 36
33 36
32 36
31 36
35 36
30 33
30 34
30 35
30 36
36 34
36 35
36 33
33 37
32 37
34 37
31 37
35 37
30 37
29 34
29 35
29 36
29 33
29 37
32 38
33 38
31 38
34 38
30 38
35 38
29 38
28 38
28 37
28 36
28 35
28 34
28 33
33 39
32 39
31 39
30 39
34 39
29 39
35 39
28 39
32 40
33 40
31 40
30 40
34 40
29 40
35 40
28 40
33 41
32 41
31 41
30 41
34 41
29 41
35 41
28 41
32 42
33 42
31 42
30 42
34 42
29 42
35 42
28 42
0
No
0
No
0
No
0
No
0
Yes
7 47
6 47
7 46
8 47
6 46
8 46
5 46
0
Yes
38 14
37 14
38 13
38 15
39 14
37 13
37 15
39 13
39 15
36 14
38 12
38 16
40 14
36 13
36 15
37 12
37 16
39 12
39 16
40 13
40 15
36 12
36 16
40 12
40 16
35 14
38 11
38 17
41 14
35 13
35 15
37 11
37 17
39 11
39 17
41 13
41 15
35 12
35 16
36 11
36 17
40 11
40 17
41 12
41 16
34 14
38 10
38 18
42 14
34 13
34 15
37 10
37 18
39 10
39 18
42 13
42 15
35 11
35 17
41 11
41 17
34 12
34 16
36 10
36 18
40 10
40 18
42 12
42 16
34 11
34 17
35 10
35 18
38 9
38 19
41 10
41 18
42 11
42 17
33 13
33 15
37 9
37 19
39 9
39 19
33 12
33 16
36 9
36 19
40 9
40 19
34 10
34 18
42 10
42 18
33 11
33 17
35 9
35 19
41 9
41 19
38 8
38 20
37 8
37 20
39 8
39 20
36 8
36 20
40 8
40 20
33 10
33 18
34 9
34 19
42 9
35 8
35 20
41 8
41 20
38 7
33 9
33 19
37 7
39 7
34 8
34 20
42 8
42 20
36 7
40 7
35 7
41 7
33 8
33 20
34 7
42 7
33 7
0
Yes
2 14
2 15
1 14
1 15
3 14
3 15
2 13
1 13
0 14
0 15
0 13
0
Yes
27 1
27 2
26 1
26 2
27 0
26 0
0
Yes
40 37
40 38
40 39
40 40
40 41
40 42
40 43
40 44
40 45
40 46
40 47
40 48
40 49
41 37
41 38
41 39
41 40
41 41
41 42
41 43
41 44
41 45
41 46
41 47
41 48
41 49
42 37
42 38
42 39
42 40
42 41
42 42
42 43
42 44
42 45
42 46
42 47
42 48
42 49
43 37
43 38
43 39
43 40
43 41
43 42
43 43
43 44
43 45
43 46
43 47
43 48
43 49
44 37
44 38
44 39
44 40
44 41
44 42
44 43
44 44
44 45
44 46
44 47
44 48
44 49
45 37
45 38
45 39
45 40
45 41
45 42
45 43
45 44
45 45
45 46
45 47
45 48
45 49
46 37
46 38
46 39
46 40
46 41
46 42
46 43
46 44
46 45
46 46
46 47
46 48
46 49
47 37
47 38
47 39
47 40
47 41
47 42
47 43
47 44
47 45
47 46
47 47
47 48
47 49
48 37
48 38
48 39
48 40
48 41
48 42
48 43
48 44
48 45
48 46
48 47
48 48
48 49
49 37
49 38
49 39
49 40
49 41
49 42
49 43
49 44
49 45
49 46
49 47
0
No
0
Yes
11 31
10 31
10 32
11 32
10 33
11 33
12 33
12 32
12 31
9 33
9 32
9 31
13 31
13 32
13 33
12 34
11 34
10 34
9 34
13 34
8 31
8 32
8 33
8 34
14 32
14 33
14 31
14 34
11 35
10 35
12 35
9 35
13 35
8 35
14 35
7 32
7 33
7 34
7 31
7 35
15 31
15 32
15 33
15 34
15 35
10 36
11 36
12 36
9 36
13 36
8 36
14 36
7 36
15 36
16 32
16 33
16 34
16 35
16 31
16 36
11 37
10 37
12 37
9 37
13 37
14 37
8 37
15 37
7 37
16 37
17 31
17 32
17 33
17 34
17 35
17 36
17 37
10 38
11 38
12 38
9 38
13 38
14 38
15 38
8 38
16 38
7 38
17 38
11 39
10 39
12 39
9 39
13 39
14 39
15 39
8 39
16 39
7 39
17 39
10 40
11 40
12 40
9 40
13 40
14 40
15 40
8 40
16 40
17 40
7 40
11 41
10 41
12 41
13 41
14 41
15 41
9 41
8 41
16 41
17 41
10 42
11 42
12 42
13 42
14 42
15 42
9 42
8 42
16 42
17 42
18 31
18 32
8 30
7 30
19 31
19 32
20 31
20 32
0
Yes
26 46
26 47
27 46
27 47
25 46
25 47
26 45
26 48
27 45
27 48
28 46
28 47
25 45
25 48
28 45
28 48
24 46
24 47
26 44
26 49
27 44
27 49
29 46
29 47
24 45
24 48
25 44
25 49
28 44
28 49
29 45
29 48
23 46
23 47
24 44
24 49
26 43
27 43
29 44
29 49
23 45
23 48
25 43
28 43
23 44
23 49
24 43
29 43
23 43
0
Yes
49 33
48 33
48 32
49 32
48 31
49 31
47 31
47 32
47 33
47 34
48 34
49 34
46 33
46 32
46 34
46 31
47 30
46 30
48 30
49 30
49 35
48 35
47 35
46 35
45 32
45 33
45 34
45 31
45 35
45 30
48 36
47 36
46 36
45 36
49 36
44 33
44 32
44 34
44 31
44 35
44 30
44 36
43 32
0
No
0
No
0
Yes
37 46
38 46
37 45
37 47
38 45
38 47
36 46
39 46
36 45
36 47
39 45
39 47
37 44
37 48
38 44
38 48
35 46
36 44
36 48
39 44
39 48
35 45
35 47
37 43
37 49
38 43
38 49
35 44
35 48
36 43
36 49
39 43
39 49
35 43
35 49
37 42
38 42
0
No
0
No
0
No
0
Yes
19 47
20 47
19 46
19 48
20 46
20 48
18 47
18 46
18 48
19 45
19 49
20 45
20 49
18 45
18 49
19 44
20 44
0
Yes
12 22
11 22
11 21
11 23
10 23
10 22
10 21
9 22
9 21
9 23
8 23
8 22
8 21
9 24
10 24
8 24
11 24
0
Yes
2 14
2 15
1 14
1 15
3 14
3 15
2 13
1 13
0 14
0 15
0 13
0
No
0
Yes
32 16
32 17
32 18
32 19
32 20
32 21
32 22
32 23
32 24
32 25
32 26
32 27
32 28
33 16
33 17
33 18
33 19
33 20
33 21
33 22
33 23
33 24
33 25
33 26
33 27
33 28
34 16
34 17
34 18
34 19
34 20
34 21
34 22
34 23
34 24
34 25
34 26
34 27
34 28
35 16
35 17
35 18
35 19
35 20
35 21
35 22
35 23
35 24
35 25
35 26
35 27
35 28
36 16
36 17
36 18
36 19
36 20
36 21
36 22
36 23
36 24
36 25
36 26
36 27
36 28
37 16
37 17
37 18
37 19
37 20
37 21
37 22
37 23
37 24
37 25
37 26
37 27
37 28
38 16
38 17
38 18
38 19
38 20
38 21
38 22
38 23
38 24
38 25
38 26
38 27
38 28
39 16
39 17
39 18
39 19
39 20
39 21
39 22
39 23
39 24
39 25
39 26
39 27
39 28
40 16
40 17
40 18
40 19
40 20
40 21
40 22
40 23
40 24
40 25
40 26
40 27
40 28
0
Yes
31 29
31 30
31 31
31 32
31 33
31 34
31 35
31 36
31 37
31 38
31 39
31 40
31 41
32 29
32 30
32 31
32 32
32 33
32 34
32 35
32 36
32 37
32 38
32 39
32 40
32 41
33 29
33 30
33 31
33 32
33 33
33 34
33 35
33 36
33 37
33 38
33 39
33 40
33 41
34 29
34 30
34 31
34 32
34 33
34 34
34 35
34 36
34 37
34 38
34 39
34 40
34 41
35 29
35 30
35 31
35 32
35 33
35 34
35 35
35 36
35 37
35 38
35 39
35 40
35 41
36 29
36 30
36 31
36 32
36 33
36 34
36 35
36 36
36 37
36 38
36 39
36 40
36 41
37 29
37 30
37 31
37 32
37 33
37 34
37 35
37 36
37 37
37 38
37 39
37 40
37 41
38 29
38 30
38 31
38 32
38 33
38 34
38 35
38 36
38 37
38 38
38 39
38 40
38 41
39 29
39 30
39 31
39 32
39 33
39 34
39 35
39 36
39 37
39 38
39 39
39 40
39 41
0
Yes
20 29
19 29
19 28
20 28
19 27
20 27
21 27
21 28
21 29
18 27
18 28
18 29
21 30
20 30
19 30
18 30
22 29
22 28
22 30
22 27
21 26
20 26
19 26
18 26
22 26
23 28
23 29
23 27
23 30
23 26
20 25
21 25
19 25
22 25
18 25
23 25
24 29
24 28
24 27
24 26
24 30
24 25
23 31
22 31
21 31
24 31
19 24
20 24
18 24
25 28
25 29
25 27
25 30
25 26
25 31
25 25
21 32
22 32
23 32
24 32
25 32
26 29
26 28
26 30
26 27
26 31
26 26
26 32
26 25
26 24
25 24
24 24
27 28
27 29
27 30
27 27
27 26
27 31
27 25
27 32
27 24
28 29
28 28
28 30
28 27
28 26
28 31
28 25
28 32
28 24
29 28
29 29
29 30
29 27
29 26
29 31
29 25
29 32
29 24
28 23
27 23
26 23
29 23
30 29
30 28
30 30
30 27
30 26
30 25
30 31
30 24
30 32
30 23
26 22
27 22
28 22
29 22
30 22
31 28
31 27
31 26
31 25
31 24
31 23
31 22
0
No
0
No
0
Yes
25 47
25 48
26 47
26 48
24 47
24 48
25 46
25 49
26 46
26 49
27 47
27 48
24 46
24 49
27 46
27 49
23 47
23 48
25 45
26 45
28 47
28 48
23 46
23 49
24 45
27 45
28 46
28 49
22 47
22 48
23 45
28 45
29 47
29 48
22 46
22 49
29 46
29 49
22 45
29 45
21 47
21 48
21 46
21 49
21 45
0
Yes
41 27
41 28
42 28
42 27
43 28
43 27
43 29
42 29
41 29
41 30
42 30
43 30
44 29
44 30
44 28
44 27
42 31
43 31
41 31
44 31
41 32
42 32
43 32
44 32
40 31
40 32
40 30
40 29
45 31
45 30
45 29
0
No
0
No
0
No
0
Yes
14 41
13 41
13 40
14 40
13 39
14 39
15 39
15 40
15 41
12 39
12 40
12 41
15 42
14 42
13 42
12 42
16 41
16 40
16 42
16 39
15 38
14 38
13 38
12 38
16 38
11 41
11 40
11 39
11 42
11 38
17 40
17 39
17 38
17 41
17 42
14 37
13 37
15 37
12 37
16 37
11 37
17 37
10 40
10 39
10 41
10 38
10 42
10 37
13 36
14 36
15 36
12 36
16 36
11 36
17 36
10 36
9 41
9 40
9 39
9 38
9 37
9 42
9 36
14 35
13 35
15 35
12 35
11 35
16 35
10 35
17 35
9 35
8 40
8 39
8 38
8 37
8 41
8 36
8 35
8 42
13 34
14 34
15 34
12 34
11 34
10 34
16 34
9 34
17 34
8 34
7 39
7 38
7 37
7 36
7 35
7 34
7 40
14 33
13 33
15 33
12 33
11 33
10 33
9 33
16 33
8 33
17 33
7 33
13 32
14 32
15 32
12 32
11 32
10 32
9 32
16 32
8 32
17 32
7 32
14 31
13 31
15 31
12 31
11 31
10 31
9 31
16 31
0
Yes
5 25
4 25
4 24
5 24
4 23
5 23
6 23
6 24
6 25
3 23
3 24
3 25
6 26
5 26
4 26
3 26
7 25
7 24
7 26
7 23
6 22
5 22
4 22
3 22
7 22
2 25
2 24
2 23
2 26
2 22
5 27
4 27
6 27
3 27
7 27
2 27
5 21
4 21
3 21
2 21
6 21
7 21
1 24
1 25
1 23
1 26
1 22
1 27
1 21
4 28
5 28
3 28
6 28
2 28
7 28
1 28
4 20
3 20
2 20
1 20
5 20
0 25
0 24
0 26
0 23
0 22
0 27
0 21
0 28
0
Yes
24 46
24 47
25 46
25 47
23 46
23 47
24 45
24 48
25 45
25 48
26 46
26 47
23 45
23 48
26 45
26 48
22 46
22 47
24 44
24 49
25 44
25 49
27 46
27 47
22 45
22 48
23 44
23 49
26 44
26 49
27 45
27 48
21 46
21 47
22 44
22 49
24 43
25 43
27 44
27 49
21 45
21 48
23 43
26 43
21 44
21 49
22 43
27 43
21 43
0
No
0
Yes
44 44
45 44
44 43
44 45
45 43
45 45
43 44
46 44
43 43
43 45
46 43
46 45
44 42
44 46
45 42
45 46
42 44
43 42
43 46
46 42
46 46
47 44
42 43
42 45
47 43
47 45
44 41
44 47
45 41
45 47
42 42
42 46
47 42
47 46
43 41
43 47
46 41
46 47
41 44
48 44
41 43
41 45
48 43
48 45
42 41
42 47
47 41
47 47
41 42
41 46
44 40
44 48
45 40
45 48
48 42
48 46
43 40
43 48
46 40
46 48
40 44
49 44
40 43
40 45
41 41
41 47
48 41
48 47
49 43
49 45
42 40
42 48
47 40
47 48
40 42
40 46
49 42
49 46
44 39
44 49
45 39
45 49
43 39
43 49
46 39
46 49
41 40
41 48
48 40
48 48
40 41
40 47
49 41
49 47
39 44
39 43
39 45
42 39
42 49
47 39
47 49
39 42
39 46
40 40
40 48
44 38
45 38
49 40
49 48
41 39
41 49
48 39
48 49
43 38
46 38
39 41
39 47
42 38
47 38
40 39
40 49
49 39
49 49
39 40
39 48
41 38
48 38
39 39
39 49
40 38
49 38
39 38
0
Yes
45 0
44 0
44 1
45 1
44 2
45 2
43 2
43 1
43 0
42 0
42 1
42 2
43 3
44 3
45 3
0
No
0
Yes
23 47
23 48
24 47
24 48
22 47
22 48
23 46
23 49
24 46
24 49
25 47
25 48
22 46
22 49
25 46
25 49
21 47
21 48
23 45
24 45
21 46
21 49
22 45
25 45
21 45
0
No
0
Yes
33 44
34 44
33 43
33 45
34 43
34 45
32 44
35 44
32 43
32 45
35 43
35 45
33 42
33 46
34 42
34 46
31 44
32 42
32 46
35 42
35 46
36 44
31 43
31 45
36 43
36 45
33 41
33 47
34 41
34 47
31 42
31 46
36 42
36 46
32 41
32 47
35 41
35 47
30 44
37 44
30 43
30 45
37 43
37 45
31 41
31 47
36 41
36 47
30 42
30 46
33 40
33 48
34 40
34 48
37 42
37 46
32 40
32 48
35 40
35 48
29 44
38 44
29 43
29 45
30 41
30 47
37 41
37 47
38 43
38 45
31 40
31 48
36 40
36 48
29 42
29 46
38 42
38 46
33 39
33 49
34 39
34 49
32 39
32 49
35 39
35 49
30 40
30 48
37 40
37 48
29 41
29 47
38 41
38 47
28 44
28 43
28 45
31 39
31 49
36 39
36 49
28 42
28 46
29 40
29 48
33 38
34 38
38 40
38 48
30 39
30 49
37 39
37 49
32 38
35 38
28 41
28 47
31 38
36 38
29 39
29 49
38 39
38 49
28 40
28 48
30 38
37 38
28 39
28 49
29 38
38 38
28 38
0
Yes
4 10
3 10
4 9
4 11
5 10
3 9
3 11
5 9
5 11
2 10
4 8
4 12
6 10
2 9
2 11
3 8
3 12
5 8
5 12
6 9
6 11
2 8
2 12
6 8
1 10
4 7
7 10
1 9
1 11
3 7
5 7
7 9
7 11
1 8
1 12
2 7
6 7
7 8
0 10
0 9
0 11
1 7
7 7
0 8
0 12
0 7
0
Yes
39 9
39 10
38 9
38 10
40 9
40 10
39 8
39 11
38 8
38 11
40 8
40 11
37 9
37 10
41 9
41 10
37 8
37 11
39 7
39 12
41 8
41 11
38 7
38 12
40 7
40 12
36 9
36 10
42 9
42 10
37 7
37 12
41 7
41 12
36 8
36 11
42 8
42 11
39 6
39 13
38 6
38 13
40 6
40 13
36 7
36 12
42 7
42 12
35 9
35 10
37 6
37 13
41 6
41 13
43 9
43 10
35 8
35 11
43 8
43 11
39 5
39 14
36 6
36 13
38 5
38 14
40 5
40 14
42 6
42 13
35 7
35 12
43 7
43 12
37 5
37 14
41 5
41 14
34 9
34 10
44 9
44 10
34 8
34 11
44 8
44 11
35 6
35 13
43 6
43 13
36 5
36 14
42 5
42 14
39 4
34 7
34 12
38 4
40 4
44 7
44 12
37 4
41 4
33 9
33 10
35 5
35 14
43 5
43 14
34 6
34 13
44 6
44 13
33 8
33 11
36 4
42 4
33 7
33 12
34 5
34 14
44 5
44 14
35 4
43 4
33 6
33 13
34 4
44 4
33 5
33 4
0
Yes
8 1
7 1
7 0
8 0
7 2
8 2
9 0
9 1
9 2
8 3
7 3
9 3
10 1
10 2
10 0
10 3
6 0
6 1
6 2
6 3
5 2
5 3
7 4
8 4
9 4
6 4
10 4
5 4
11 0
11 1
11 2
11 3
11 4
8 5
7 5
9 5
6 5
10 5
5 5
11 5
12 1
12 2
12 3
12 4
12 0
12 5
4 3
4 4
4 5
7 6
8 6
9 6
6 6
10 6
5 6
11 6
4 6
12 6
13 0
13 1
13 2
13 3
13 4
13 5
13 6
3 4
3 5
3 3
3 6
8 7
9 7
10 7
11 7
12 7
13 7
14 1
14 2
14 3
14 4
14 5
14 6
14 0
14 7
2 3
2 4
2 5
2 6
15 0
15 1
15 2
15 3
15 4
15 5
15 6
15 7
1 4
1 5
1 3
1 6
11 8
12 8
13 8
14 8
16 1
16 2
16 3
16 4
16 5
16 6
16 0
0 3
0 4
0 5
0 6
12 9
13 9
11 9
17 0
17 1
17 2
17 3
17 4
17 5
17 6
18 1
18 2
18 3
18 4
18 5
18 0
18 6
17 7
18 7
19 0
19 1
19 2
19 3
19 4
0
Yes
49 7
48 7
48 6
49 6
48 8
49 8
49 5
48 5
49 9
48 9
47 6
47 7
47 8
47 5
47 9
46 7
46 6
46 8
46 5
46 9
48 4
47 4
49 4
46 4
48 10
47 10
49 10
46 10
49 3
48 3
47 3
46 3
49 11
48 11
47 11
46 11
45 6
45 7
45 8
45 5
45 9
45 4
45 10
45 11
0
Yes
23 30
22 30
23 29
23 31
24 30
22 29
22 31
24 29
24 31
21 30
23 28
23 32
25 30
21 29
21 31
22 28
22 32
24 28
24 32
25 29
25 31
21 28
21 32
25 28
25 32
20 30
23 27
26 30
20 29
20 31
22 27
24 27
26 29
26 31
20 28
20 32
21 27
25 27
26 28
26 32
19 30
27 30
19 29
19 31
27 29
27 31
20 27
26 27
19 28
19 32
27 28
27 32
18 30
19 27
27 27
18 29
18 31
18 28
18 32
18 27
0
No
0
No
0
No
0
No
0
No
0
Yes
47 34
48 34
47 33
47 35
48 33
48 35
46 34
49 34
46 33
46 35
49 33
49 35
47 32
47 36
48 32
48 36
45 34
46 32
46 36
49 32
49 36
45 33
45 35
47 31
47 37
48 31
48 37
45 32
45 36
46 31
46 37
49 31
49 37
45 31
45 37
47 30
48 30
46 30
49 30
45 30
0
Yes
42 3
41 3
42 2
42 4
43 3
41 2
41 4
43 2
43 4
40 3
42 1
42 5
44 3
40 2
40 4
41 1
41 5
43 1
43 5
44 2
44 4
40 1
40 5
44 1
44 5
39 3
42 0
45 3
39 2
39 4
41 0
43 0
45 2
39 1
39 5
40 0
44 0
45 1
38 3
38 2
38 4
39 0
45 0
38 1
38 5
38 0
0
Yes
33 30
33 31
32 30
32 31
34 30
34 31
33 29
33 32
32 29
32 32
34 29
34 32
31 30
31 31
35 30
35 31
31 29
31 32
33 28
33 33
35 29
35 32
32 28
32 33
34 28
34 33
30 30
30 31
36 30
36 31
31 28
31 33
35 28
35 33
30 29
30 32
36 29
36 32
33 27
33 34
32 27
32 34
34 27
34 34
30 28
30 33
36 28
36 33
29 30
29 31
31 27
31 34
35 27
35 34
37 30
37 31
29 29
29 32
37 29
37 32
33 26
33 35
30 27
30 34
32 26
32 35
34 26
34 35
36 27
36 34
29 28
29 33
37 28
37 33
31 26
31 35
35 26
35 35
28 30
28 31
28 29
28 32
29 27
29 34
37 27
37 34
30 26
30 35
36 26
36 35
33 25
33 36
28 28
28 33
32 25
32 36
34 25
34 36
31 25
31 36
35 25
35 36
29 26
29 35
37 26
37 35
28 27
28 34
30 25
30 36
36 25
36 36
33 24
33 37
32 24
32 37
34 24
34 37
28 26
28 35
29 25
29 36
31 24
31 37
35 24
35 37
37 25
37 36
30 24
30 37
36 24
36 37
28 25
28 36
33 23
32 23
34 23
29 24
29 37
37 24
37 37
31 23
35 23
30 23
36 23
28 24
28 37
29 23
0
Yes
41 32
42 32
41 31
41 33
42 31
42 33
40 32
43 32
40 31
40 33
43 31
43 33
41 30
41 34
42 30
42 34
39 32
40 30
40 34
43 30
43 34
44 32
39 31
39 33
44 31
44 33
41 29
41 35
42 29
42 35
39 30
39 34
44 30
44 34
40 29
40 35
43 29
43 35
38 32
38 31
38 33
39 29
39 35
44 29
44 35
38 30
38 34
41 28
41 36
42 28
42 36
40 28
40 36
43 28
43 36
38 29
38 35
39 28
39 36
44 28
44 36
41 27
41 37
42 27
42 37
40 27
40 37
43 27
43 37
38 28
38 36
39 27
39 37
44 27
44 37
38 27
38 37
40 26
43 26
39 26
38 26
0
No
0
Yes
49 2
48 2
48 1
49 1
48 0
49 0
47 0
47 1
47 2
46 2
0
Yes
5 16
4 16
4 17
5 17
4 18
5 18
3 18
3 17
3 16
2 16
2 17
2 18
1 17
1 16
1 18
2 19
1 19
3 19
4 19
0 18
0 17
0 16
0
Yes
20 24
19 24
19 25
20 25
19 26
20 26
18 26
18 25
18 24
17 24
17 25
17 26
16 25
16 26
0
No
0
Yes
30 10
31 10
31 9
31 11
32 11
32 10
32 9
33 10
33 9
33 11
0
Yes
29 19
29 20
30 20
30 21
29 21
30 22
29 22
31 22
31 21
31 20
32 20
32 21
32 22
0
Yes
49 45
48 45
48 44
49 44
48 43
49 43
47 43
47 44
47 45
47 46
48 46
49 46
46 45
46 44
46 46
46 43
47 42
48 42
49 42
46 42
49 47
48 47
47 47
46 47
45 44
45 45
45 46
45 43
45 47
45 42
49 41
48 41
47 41
46 41
45 41
48 48
47 48
46 48
49 48
45 48
44 45
44 44
44 46
44 43
44 47
44 42
44 48
44 41
48 40
47 40
46 40
45 40
49 40
44 40
49 49
48 49
47 49
46 49
45 49
44 49
43 44
43 45
43 46
43 43
43 47
43 42
43 48
43 41
43 49
43 40
49 39
48 39
47 39
46 39
45 39
44 39
43 39
42 45
42 44
42 46
42 43
42 47
42 42
42 41
42 48
42 40
42 49
42 39
42 38
43 38
44 38
45 38
46 38
47 38
48 38
49 38
41 44
41 45
41 46
41 43
41 47
41 42
41 41
0
No
0
Yes
13 4
12 4
12 3
13 3
12 2
13 2
14 2
14 3
14 4
11 2
11 3
11 4
14 5
13 5
12 5
11 5
15 4
15 3
15 5
15 2
14 1
13 1
12 1
11 1
15 1
10 4
10 3
10 2
10 5
10 1
13 6
12 6
14 6
11 6
15 6
10 6
16 3
16 4
16 5
16 2
16 6
16 1
13 0
12 0
14 0
11 0
15 0
10 0
16 0
9 3
9 4
9 2
9 5
9 1
9 6
9 0
12 7
13 7
11 7
14 7
10 7
9 7
15 7
17 4
17 3
17 2
17 5
17 1
17 6
17 0
8 4
8 3
8 5
8 2
8 6
8 1
8 7
8 0
13 8
12 8
11 8
10 8
9 8
8 8
14 8
18 3
18 4
18 2
18 5
18 1
18 6
18 0
0
No
0
Yes
0 6
0 5
1 5
1 6
2 5
2 6
2 4
1 4
0 4
0 3
1 3
2 3
3 4
3 5
3 6
3 3
4 6
4 5
4 4
4 3
5 5
5 4
5 6
5 3
6 6
6 5
6 4
0
No
0
Yes
35 17
34 17
34 16
35 16
34 15
35 15
36 15
36 16
36 17
33 15
33 16
33 17
36 18
35 18
34 18
33 18
37 17
37 16
37 18
37 15
36 14
35 14
34 14
37 14
32 16
32 17
32 18
35 19
34 19
36 19
33 19
37 19
32 19
38 16
38 17
38 18
38 15
38 19
38 14
35 13
36 13
37 13
34 13
38 13
34 20
35 20
36 20
33 20
37 20
38 20
39 17
39 16
39 18
39 15
39 19
39 14
39 20
39 13
34 12
35 12
36 12
37 12
38 12
39 12
35 21
36 21
37 21
34 21
38 21
33 21
39 21
40 16
40 17
40 18
40 15
40 19
40 14
40 20
40 13
40 21
40 12
35 11
36 11
37 11
38 11
39 11
34 11
40 11
34 22
35 22
36 22
37 22
38 22
39 22
40 22
33 22
41 17
41 16
41 18
41 15
41 19
41 14
41 20
41 13
41 21
41 12
41 22
41 11
34 10
35 10
36 10
37 10
38 10
39 10
40 10
41 10
37 23
38 23
39 23
40 23
41 23
42 16
42 15
42 14
42 13
42 12
42 17
42 11
42 10
42 18
35 9
36 9
37 9
38 9
39 9
40 9
0
Yes
23 2
23 3
22 2
22 3
24 2
24 3
23 1
23 4
22 1
22 4
24 1
24 4
21 2
21 3
25 2
25 3
21 1
21 4
23 0
25 1
22 0
24 0
20 2
20 3
26 2
21 0
25 0
20 1
20 4
26 1
20 0
26 0
19 2
19 3
19 1
19 4
19 0
0
No
0
Yes
28 1
28 2
29 1
29 2
27 1
27 2
28 0
29 0
27 0
0
Yes
33 13
32 13
33 12
32 12
0
Yes
9 10
9 11
10 10
8 10
8 11
9 9
10 9
8 9
0
No
0
Yes
13 37
14 37
13 36
13 38
14 36
14 38
12 37
15 37
12 36
12 38
15 36
15 38
13 35
13 39
14 35
14 39
11 37
12 35
12 39
15 35
15 39
16 37
11 36
11 38
16 36
16 38
13 34
13 40
14 34
14 40
11 35
11 39
16 35
16 39
12 34
12 40
15 34
15 40
10 37
17 37
10 36
10 38
17 36
17 38
11 34
11 40
16 34
16 40
10 35
10 39
13 33
13 41
14 33
14 41
17 35
17 39
12 33
12 41
15 33
15 41
9 37
9 36
9 38
10 34
10 40
17 34
17 40
11 33
11 41
16 33
16 41
9 35
9 39
13 32
13 42
14 32
14 42
12 32
12 42
15 32
15 42
10 33
10 41
17 33
17 41
9 34
9 40
11 32
11 42
16 32
16 42
9 33
9 41
13 31
14 31
10 32
10 42
17 32
17 42
12 31
15 31
11 31
16 31
9 32
9 42
10 31
17 31
9 31
0
Yes
44 6
43 6
43 7
44 7
43 8
44 8
42 8
42 7
42 6
41 6
41 7
41 8
42 9
43 9
44 9
41 9
40 7
40 8
40 6
43 10
44 10
0
No
0
Yes
47 29
47 28
46 29
46 28
0
Yes
1 40
0 40
0 39
1 39
0 38
1 38
0 37
1 37
2 37
2 38
2 39
2 36
1 36
0 36
3 39
3 38
3 37
3 36
1 35
2 35
0 35
3 35
4 38
4 37
4 36
4 39
4 35
0 34
1 34
2 34
3 34
4 34
5 39
5 38
5 37
5 36
5 35
5 34
1 33
2 33
3 33
4 33
0 33
5 33
6 38
6 37
6 36
6 35
6 34
6 39
6 33
0 32
1 32
2 32
3 32
4 32
5 32
6 32
7 39
7 38
7 37
7 36
7 35
7 34
7 33
7 32
1 31
2 31
3 31
4 31
5 31
6 31
0 31
7 31
8 38
8 37
8 36
8 35
8 34
8 33
8 32
8 39
8 31
0 30
1 30
2 30
3 30
4 30
5 30
6 30
7 30
8 30
1 29
2 29
3 29
4 29
5 29
6 29
7 29
8 29
0 29
0
No
0
Yes
21 3
20 3
21 2
21 4
22 3
20 2
20 4
22 2
22 4
19 3
21 1
21 5
19 2
19 4
20 1
20 5
22 1
22 5
19 1
19 5
21 0
20 0
22 0
19 0
0
Yes
33 15
33 16
32 16
34 16
34 15
34 17
33 17
32 17
35 17
35 16
35 15
33 18
34 18
32 18
35 18
36 15
36 16
36 17
36 18
32 19
33 19
34 19
35 19
36 19
37 16
37 17
37 18
37 15
37 19
36 14
35 14
34 14
37 14
33 20
34 20
35 20
36 20
37 20
38 15
38 16
38 17
38 18
38 19
38 14
38 20
34 13
35 13
36 13
37 13
38 13
34 21
35 21
36 21
37 21
33 21
38 21
39 14
39 15
39 16
39 17
39 18
39 19
39 20
39 13
39 21
35 12
36 12
37 12
38 12
34 12
39 12
33 22
34 22
35 22
36 22
37 22
38 22
39 22
40 15
40 14
40 16
40 17
40 18
40 19
40 20
40 13
40 21
40 12
40 22
34 11
35 11
36 11
37 11
38 11
39 11
40 11
37 23
38 23
39 23
40 23
41 14
41 15
41 16
41 13
41 17
41 18
41 19
41 20
41 21
41 12
41 22
41 11
41 23
35 10
36 10
37 10
38 10
39 10
40 10
34 10
41 10
38 24
39 24
40 24
41 24
42 15
42 14
42 16
42 13
42 12
42 17
42 11
42 18
42 10
34 9
35 9
36 9
37 9
38 9
39 9
40 9
0
No
0
No
0
No
0
Yes
33 30
33 31
32 30
32 31
34 30
34 31
33 29
33 32
32 29
32 32
34 29
34 32
31 30
31 31
35 30
35 31
31 29
31 32
33 28
33 33
35 29
35 32
32 28
32 33
34 28
34 33
30 30
30 31
36 30
36 31
31 28
31 33
35 28
35 33
30 29
30 32
36 29
36 32
33 27
33 34
32 27
32 34
34 27
34 34
30 28
30 33
36 28
36 33
29 30
29 31
31 27
31 34
35 27
35 34
37 30
37 31
29 29
29 32
37 29
37 32
33 26
33 35
30 27
30 34
32 26
32 35
34 26
34 35
36 27
36 34
29 28
29 33
37 28
37 33
31 26
31 35
35 26
35 35
28 30
28 31
28 29
28 32
29 27
29 34
37 27
37 34
30 26
30 35
36 26
36 35
33 25
33 36
28 28
28 33
32 25
32 36
34 25
34 36
31 25
31 36
35 25
35 36
29 26
29 35
37 26
37 35
28 27
28 34
30 25
30 36
36 25
36 36
33 24
33 37
32 24
32 37
34 24
34 37
28 26
28 35
29 25
29 36
31 24
31 37
35 24
35 37
37 25
37 36
30 24
30 37
36 24
36 37
28 25
28 36
33 23
32 23
34 23
29 24
29 37
37 24
37 37
31 23
35 23
30 23
36 23
0
Yes
37 18
36 18
36 17
37 17
36 16
37 16
38 16
38 17
38 18
35 16
35 17
35 18
38 19
37 19
36 19
35 19
39 18
39 17
39 19
39 16
38 15
37 15
36 15
35 15
39 15
34 18
34 17
34 16
34 19
34 15
37 20
36 20
38 20
35 20
39 20
34 20
40 17
40 18
40 19
40 16
40 20
40 15
37 14
36 14
38 14
35 14
39 14
34 14
40 14
33 17
33 18
33 19
33 16
33 20
33 15
36 21
37 21
38 21
35 21
39 21
34 21
40 21
33 21
41 18
41 17
41 19
41 16
41 20
41 15
41 21
41 14
36 13
37 13
38 13
39 13
35 13
40 13
34 13
41 13
32 18
32 17
32 19
32 16
37 22
36 22
38 22
35 22
39 22
40 22
41 22
34 22
33 22
42 17
42 16
42 15
42 14
42 13
42 18
37 12
36 12
38 12
39 12
40 12
35 12
41 12
34 12
42 12
38 23
39 23
0
No
0
No
0
Yes
8 25
8 26
9 26
9 25
10 26
10 25
10 27
9 27
8 27
8 28
9 28
10 28
11 27
11 26
11 25
11 28
9 29
10 29
11 29
12 25
12 26
12 27
12 28
12 29
10 30
11 30
12 30
9 30
13 26
13 27
13 28
13 29
13 25
13 30
14 25
14 26
14 27
0
No
0
Yes
29 4
30 4
30 3
30 5
31 5
31 4
31 3
32 4
32 3
32 5
33 5
33 4
33 3
32 2
31 2
30 2
33 2
34 4
34 3
34 5
34 2
30 1
31 1
32 1
33 1
34 1
35 3
35 4
35 2
35 5
35 1
34 6
33 6
35 6
32 6
31 0
32 0
33 0
34 0
35 0
30 0
36 4
36 3
36 2
36 5
36 1
36 6
36 0
35 7
34 7
33 7
36 7
37 3
37 4
37 5
37 2
37 6
37 7
37 1
37 0
0
No
0
No
0
Yes
24 43
23 43
23 44
24 44
23 45
24 45
25 45
25 44
25 43
22 45
22 44
22 43
26 43
26 44
26 45
25 46
24 46
23 46
22 46
26 46
21 43
21 44
21 45
21 46
27 44
27 45
27 46
27 43
24 47
23 47
25 47
22 47
26 47
21 47
27 47
23 48
24 48
25 48
22 48
26 48
21 48
27 48
24 49
23 49
25 49
22 49
26 49
21 49
27 49
20 43
19 43
0
No
0
No
0
Yes
5 32
5 33
4 32
4 33
6 32
6 33
5 31
5 34
4 31
4 34
6 31
6 34
3 32
3 33
7 32
7 33
3 31
3 34
5 30
5 35
7 31
7 34
4 30
4 35
6 30
6 35
2 32
2 33
8 32
8 33
3 30
3 35
7 30
7 35
2 31
2 34
8 31
8 34
5 29
5 36
4 29
4 36
6 29
6 36
2 30
2 35
8 30
8 35
1 32
1 33
3 29
3 36
7 29
7 36
9 32
9 33
1 31
1 34
9 31
9 34
5 28
5 37
2 29
2 36
4 28
4 37
6 28
6 37
8 29
8 36
1 30
1 35
9 30
9 35
3 28
3 37
7 28
7 37
0 32
0 33
0 31
0 34
1 29
1 36
9 29
9 36
2 28
2 37
8 28
8 37
5 27
5 38
0 30
0 35
4 27
4 38
6 27
6 38
3 27
3 38
7 27
7 38
1 28
1 37
9 28
9 37
0 29
0 36
2 27
2 38
8 27
8 38
5 26
5 39
4 26
4 39
6 26
6 39
0 28
0 37
1 27
1 38
3 26
3 39
7 26
7 39
9 27
9 38
2 26
2 39
8 26
8 39
0 27
0 38
5 25
4 25
6 25
1 26
1 39
9 26
9 39
3 25
7 25
2 25
8 25
0 26
0 39
1 25
9 25
0 25
0
No
0
No
0
No
0
No
0
No
0
Yes
9 10
9 11
10 10
8 10
8 11
9 9
10 9
8 9
0
No
0
Yes
24 45
24 46
25 45
25 46
23 45
23 46
24 44
24 47
25 44
25 47
26 45
26 46
23 44
23 47
26 44
26 47
22 45
22 46
24 43
24 48
25 43
25 48
27 45
27 46
22 44
22 47
23 43
23 48
26 43
26 48
27 44
27 47
21 45
21 46
22 43
22 48
24 42
24 49
25 42
25 49
27 43
27 48
21 44
21 47
23 42
23 49
26 42
26 49
21 43
21 48
22 42
22 49
27 42
27 49
24 41
25 41
23 41
26 41
21 42
21 49
22 41
27 41
21 41
0
Yes
6 23
7 23
6 22
6 24
7 22
7 24
5 23
5 22
5 24
6 21
7 21
0
Yes
23 1
23 0
24 0
24 1
25 0
25 1
25 2
24 2
23 2
23 3
24 3
25 3
26 2
26 1
26 0
23 4
24 4
0
Yes
38 33
38 32
39 32
39 33
39 34
38 34
38 35
39 35
40 33
40 34
40 32
40 35
39 31
38 31
40 31
38 30
39 30
40 30
39 36
38 36
40 36
41 32
41 33
41 34
41 31
41 35
41 30
41 36
38 37
39 37
40 37
41 37
42 33
42 32
42 34
42 31
42 35
42 36
42 30
42 37
39 29
40 29
41 29
38 29
42 29
38 28
39 28
40 28
41 28
42 28
39 38
40 38
41 38
43 32
43 33
43 34
43 31
43 35
43 30
43 36
43 29
43 37
43 28
44 33
44 32
44 34
44 31
44 35
44 30
44 36
44 29
44 37
44 28
39 27
40 27
41 27
42 27
43 27
38 27
44 27
40 39
39 39
41 39
38 26
39 26
40 26
39 40
40 40
41 40
39 25
38 25
40 25
45 29
0
No
0
No
0
No
0
No
0
Yes
14 24
14 25
13 24
13 25
15 24
15 25
14 23
15 23
12 24
12 25
0
Yes
4 22
4 23
5 22
5 23
3 22
3 23
4 21
4 24
5 21
5 24
6 22
6 23
3 21
3 24
6 21
6 24
2 22
2 23
4 20
5 20
7 22
7 23
2 21
2 24
3 20
7 21
7 24
1 22
1 23
2 20
1 21
1 24
1 20
0
Yes
19 48
20 48
19 47
19 49
20 47
20 49
18 48
18 47
18 49
19 46
20 46
18 46
0
Yes
38 0
38 1
38 2
38 3
38 4
38 5
38 6
38 7
38 8
39 0
39 1
39 2
39 3
39 4
39 5
39 6
39 7
39 8
40 0
40 1
40 2
40 3
40 4
40 5
40 6
40 7
40 8
41 0
41 1
41 2
41 3
41 4
41 5
41 6
41 7
41 8
42 0
42 1
42 2
42 3
42 4
42 5
42 6
42 7
42 8
43 0
43 1
43 2
43 3
43 4
43 5
43 6
43 7
43 8
44 0
44 1
44 2
44 3
44 4
44 5
44 6
44 7
0
Yes
41 24
42 24
41 23
42 23
40 24
40 23
0
Yes
44 46
44 47
45 46
45 47
43 46
43 47
44 45
44 48
45 45
45 48
46 46
46 47
43 45
43 48
46 45
46 48
42 46
42 47
44 44
44 49
45 44
45 49
47 46
47 47
42 45
42 48
43 44
43 49
46 44
46 49
47 45
47 48
41 46
41 47
42 44
42 49
44 43
45 43
47 44
47 49
48 46
48 47
41 45
41 48
43 43
46 43
48 45
48 48
41 44
41 49
42 43
47 43
48 44
48 49
40 46
40 47
49 46
49 47
40 45
40 48
49 45
49 48
41 43
48 43
40 44
40 49
49 44
49 49
39 46
39 47
39 45
39 48
40 43
0
Yes
8 43
8 44
7 43
8 42
7 42
0
Yes
47 33
48 33
47 32
47 34
48 32
48 34
46 33
49 33
46 32
46 34
49 32
49 34
47 31
47 35
48 31
48 35
45 33
46 31
46 35
49 31
49 35
45 32
45 34
47 30
48 30
45 31
45 35
46 30
49 30
0
No
0
Yes
1 14
2 14
1 13
1 15
2 13
2 15
0 14
0 13
0 15
0
No
0
Yes
45 39
45 40
46 39
46 40
44 39
44 40
45 38
45 41
46 38
46 41
47 39
47 40
44 38
44 41
47 38
47 41
43 39
43 40
45 37
45 42
46 37
46 42
48 39
48 40
43 38
43 41
44 37
44 42
47 37
47 42
48 38
48 41
42 39
42 40
43 37
43 42
45 36
46 36
48 37
48 42
49 39
49 40
42 38
42 41
44 36
47 36
49 38
49 41
42 37
42 42
43 36
48 36
49 37
49 42
41 39
41 40
41 38
41 41
42 36
49 36
41 37
41 42
41 36
0
Yes
47 28
47 29
46 28
46 29
46 27
0
No
0
Yes
14 32
13 32
14 31
14 33
15 32
13 31
13 33
15 31
15 33
12 32
14 30
14 34
16 32
12 31
12 33
13 30
13 34
15 30
15 34
16 31
16 33
12 30
12 34
16 30
16 34
11 32
14 29
14 35
17 32
11 31
11 33
13 29
13 35
15 29
15 35
17 31
17 33
11 30
11 34
12 29
12 35
16 29
16 35
17 30
17 34
10 32
14 28
14 36
10 31
10 33
13 28
13 36
15 28
15 36
11 29
11 35
17 29
17 35
10 30
10 34
12 28
12 36
16 28
16 36
10 29
10 35
11 28
11 36
14 27
14 37
17 28
17 36
13 27
13 37
15 27
15 37
12 27
12 37
16 27
16 37
10 28
10 36
11 27
11 37
17 27
17 37
14 26
13 26
15 26
12 26
10 27
10 37
11 26
10 26
0
Yes
35 31
35 32
36 31
36 32
34 31
34 32
35 30
35 33
36 30
36 33
37 31
37 32
34 30
34 33
37 30
37 33
33 31
33 32
35 29
35 34
36 29
36 34
38 31
38 32
33 30
33 33
34 29
34 34
37 29
37 34
38 30
38 33
32 31
32 32
33 29
33 34
35 28
35 35
36 28
36 35
38 29
38 34
39 31
39 32
32 30
32 33
34 28
34 35
37 28
37 35
39 30
39 33
32 29
32 34
33 28
33 35
38 28
38 35
39 29
39 34
31 31
31 32
35 27
35 36
36 27
36 36
40 31
40 32
31 30
31 33
34 27
34 36
37 27
37 36
40 30
40 33
32 28
32 35
39 28
39 35
31 29
31 34
33 27
33 36
38 27
38 36
40 29
40 34
30 31
30 32
35 26
35 37
36 26
36 37
30 30
30 33
31 28
31 35
32 27
32 36
34 26
34 37
37 26
37 37
39 27
39 36
40 28
40 35
30 29
30 34
33 26
33 37
38 26
38 37
31 27
31 36
40 27
40 36
30 28
30 35
32 26
32 37
35 25
36 25
39 26
39 37
34 25
37 25
33 25
38 25
30 27
30 36
31 26
31 37
40 26
40 37
32 25
39 25
30 26
30 37
31 25
40 25
30 25
0
Yes
24 44
23 44
24 43
24 45
25 44
23 43
23 45
25 43
25 45
22 44
24 42
24 46
26 44
22 43
22 45
23 42
23 46
25 42
25 46
26 43
26 45
22 42
22 46
26 42
26 46
21 44
24 41
24 47
27 44
21 43
21 45
23 41
23 47
25 41
25 47
27 43
27 45
21 42
21 46
22 41
22 47
26 41
26 47
27 42
27 46
20 44
24 40
24 48
20 43
20 45
23 40
23 48
25 40
25 48
21 41
21 47
27 41
27 47
20 42
22 40
22 48
26 40
26 48
20 41
21 40
21 48
24 39
24 49
27 40
27 48
23 39
23 49
25 39
25 49
22 39
22 49
26 39
26 49
20 40
21 39
21 49
27 39
27 49
24 38
23 38
25 38
22 38
26 38
20 39
21 38
27 38
0
No
0
Yes
43 34
43 35
42 34
42 35
44 34
44 35
43 33
42 33
44 33
41 34
41 35
0
Yes
6 4
7 4
6 3
6 5
7 3
7 5
5 4
5 3
5 5
6 2
6 6
7 2
7 6
5 2
5 6
6 1
7 1
0
Yes
36 9
36 10
36 11
36 12
36 13
36 14
36 15
36 16
37 9
37 10
37 11
37 12
37 13
37 14
37 15
37 16
38 9
38 10
38 11
38 12
38 13
38 14
38 15
38 16
39 9
39 10
39 11
39 12
39 13
39 14
39 15
39 16
40 9
40 10
40 11
40 12
40 13
40 14
40 15
40 16
41 9
41 10
41 11
41 12
41 13
41 14
41 15
41 16
42 9
42 10
42 11
42 12
42 13
42 14
42 15
42 16
43 9
43 10
43 11
43 12
43 13
43 14
0
No
0
No
0
Yes
40 40
39 40
40 39
40 41
39 39
39 41
40 38
39 38
0
Yes
49 13
48 13
48 12
49 12
48 11
49 11
47 11
47 12
47 13
47 14
48 14
49 14
46 13
46 12
46 14
46 11
47 10
48 10
49 10
46 10
49 15
48 15
47 15
46 15
45 12
45 13
45 14
45 11
45 15
45 10
49 9
48 9
47 9
46 9
45 9
47 16
46 16
45 16
44 13
44 12
44 14
44 11
44 10
44 9
44 15
44 16
48 8
47 8
46 8
45 8
49 8
44 8
0
No
0
Yes
32 13
32 12
33 13
33 12
0
No
0
Yes
24 33
23 33
24 32
24 34
25 33
23 32
23 34
25 32
25 34
22 33
24 31
24 35
26 33
22 32
22 34
23 31
23 35
25 31
25 35
26 32
26 34
22 31
22 35
26 31
26 35
21 33
24 30
24 36
27 33
21 32
21 34
23 30
23 36
25 30
25 36
27 32
27 34
21 31
21 35
22 30
22 36
26 30
26 36
27 31
27 35
20 33
24 29
24 37
28 33
20 32
20 34
23 29
23 37
25 29
25 37
28 32
28 34
21 30
21 36
27 30
27 36
20 31
20 35
22 29
22 37
26 29
26 37
28 31
28 35
19 33
20 30
20 36
21 29
21 37
24 28
27 29
27 37
28 30
28 36
29 33
19 32
19 34
23 28
25 28
29 32
29 34
19 31
19 35
22 28
26 28
29 31
29 35
20 29
20 37
28 29
28 37
19 30
19 36
21 28
27 28
29 30
29 36
18 33
18 32
18 34
18 31
18 35
19 29
19 37
20 28
28 28
29 29
29 37
18 30
18 36
19 28
29 28
18 29
18 37
0
Yes
49 0
48 0
48 1
49 1
48 2
49 2
47 2
47 1
47 0
46 0
46 1
46 2
47 3
48 3
49 3
46 3
45 1
45 2
45 3
45 0
49 4
0
No
0
Yes
36 21
35 21
35 20
36 20
35 19
36 19
37 19
37 20
37 21
34 19
34 20
34 21
37 22
36 22
35 22
34 22
38 21
38 20
38 22
38 19
37 18
36 18
35 18
34 18
38 18
33 21
33 20
33 19
33 22
33 18
36 23
35 23
37 23
34 23
38 23
33 23
39 20
39 21
39 22
39 19
39 23
39 18
36 17
35 17
37 17
34 17
38 17
33 17
39 17
32 20
32 21
32 19
32 22
32 18
32 23
32 17
35 24
36 24
37 24
34 24
38 24
33 24
39 24
32 24
40 21
40 20
40 22
40 19
40 23
40 18
40 24
40 17
35 16
34 16
33 16
32 16
31 21
31 22
31 20
31 23
31 24
41 20
41 21
41 22
41 19
41 23
41 18
41 24
41 17
34 15
35 15
33 15
30 20
30 21
30 22
30 23
30 24
42 23
42 24
42 18
42 17
29 21
29 22
29 23
29 24
29 20
34 14
0
No
0
Yes
19 48
20 48
19 47
19 49
20 47
20 49
18 48
18 47
18 49
19 46
20 46
18 46
0
No
0
Yes
35 24
34 24
34 23
35 23
34 22
35 22
36 22
36 23
36 24
33 22
33 23
33 24
37 24
37 23
37 22
36 21
35 21
34 21
33 21
37 21
32 24
32 23
32 22
32 21
38 23
38 22
38 24
38 21
35 20
34 20
36 20
33 20
37 20
32 20
38 20
31 23
31 22
31 21
31 24
31 20
39 20
34 19
35 19
36 19
37 19
33 19
32 19
38 19
39 19
35 18
34 18
36 18
37 18
33 18
38 18
32 18
39 18
40 18
40 19
40 20
40 21
39 21
39 22
39 23
40 22
40 23
39 24
40 24
34 17
35 17
36 17
37 17
38 17
33 17
39 17
32 17
40 17
41 17
41 18
41 19
41 20
41 21
41 22
3
380
41 43
41 44
41 45
41 46
41 47
41 48
41 49
42 43
42 44
42 45
42 46
42 47
42 48
42 49
43 43
43 44
43 45
43 46
43 47
43 48
43 49
44 43
44 44
44 45
44 46
44 47
44 48
44 49
45 43
45 44
45 45
45 46
45 47
45 48
45 49
46 43
46 44
46 45
46 46
46 47
46 48
46 49
47 43
47 44
47 45
47 46
47 47
47 48
47 49
48 43
48 44
48 45
48 46
48 47
48 48
48 49
49 43
49 44
49 45
49 46
49 47
49 48
397
34 8
34 9
34 10
34 11
34 12
34 13
34 14
34 15
34 16
35 8
35 9
35 10
35 11
35 12
35 13
35 14
35 15
35 16
36 8
36 9
36 10
36 11
36 12
36 13
36 14
36 15
36 16
37 8
37 9
37 10
37 11
37 12
37 13
37 14
37 15
37 16
38 8
38 9
38 10
38 11
38 12
38 13
38 14
38 15
38 16
39 8
39 9
39 10
39 11
39 12
39 13
39 14
39 15
39 16
40 8
40 9
40 10
40 11
40 12
40 13
40 14
40 15
406
23 0
23 1
23 2
24 0
24 1
24 2
25 0
25 1
25 2
26 0
26 1
26 2
27 0
27 1
27 2
28 0
28 1
28 2
29 0
29 1
29 2
Yes
41 1
41 2
41 3
41 4
41 5
41 6
41 7
41 8
41 9
41 10
41 11
42 1
42 2
42 3
42 4
42 5
42 6
42 7
42 8
42 9
42 10
42 11
43 1
43 2
43 3
43 4
43 5
43 6
43 7
43 8
43 9
43 10
43 11
44 1
44 2
44 3
44 4
44 5
44 6
44 7
44 8
44 9
44 10
44 11
45 1
45 2
45 3
45 4
45 5
45 6
45 7
45 8
45 9
45 10
45 11
46 1
46 2
46 3
46 4
46 5
46 6
46 7
46 8
46 9
46 10
46 11
47 1
47 2
47 3
47 4
47 5
47 6
47 7
47 8
47 9
47 10
47 11
48 1
48 2
48 3
48 4
48 5
48 6
48 7
48 8
48 9
48 10
48 11
49 1
49 2
49 3
49 4
49 5
49 6
49 7
0
Yes
41 23
41 24
42 23
42 24
0
Yes
27 49
26 49
26 48
27 48
26 47
27 47
25 47
25 48
25 49
24 49
24 48
24 47
25 46
26 46
27 46
24 46
23 48
23 47
23 49
23 46
27 45
26 45
25 45
24 45
23 45
22 49
22 48
22 47
22 46
22 45
26 44
25 44
24 44
23 44
27 44
22 44
21 48
21 47
21 46
21 45
21 44
21 49
27 43
26 43
25 43
24 43
23 43
2
415
0 3
0 4
0 5
0 6
0 7
0 8
0 9
0 10
1 3
1 4
1 5
1 6
1 7
1 8
1 9
1 10
2 3
2 4
2 5
2 6
2 7
2 8
2 9
2 10
3 3
3 4
3 5
3 6
3 7
3 8
3 9
3 10
4 3
4 4
4 5
4 6
4 7
4 8
4 9
4 10
5 3
5 4
5 5
5 6
5 7
5 8
5 9
410
38 0
38 1
38 2
38 3
39 0
39 1
39 2
39 3
40 0
40 1
40 2
40 3
Yes
19 38
19 39
19 40
19 41
19 42
19 43
19 44
19 45
19 46
19 47
20 38
20 39
20 40
20 41
20 42
20 43
20 44
20 45
20 46
20 47
21 38
21 39
21 40
21 41
21 42
21 43
21 44
21 45
21 46
21 47
22 38
22 39
22 40
22 41
22 42
22 43
22 44
22 45
22 46
22 47
23 38
23 39
23 40
23 41
23 42
23 43
23 44
23 45
23 46
23 47
24 38
24 39
24 40
24 41
24 42
24 43
24 44
24 45
24 46
24 47
25 38
25 39
25 40
25 41
25 42
25 43
25 44
25 45
25 46
25 47
26 38
26 39
26 40
26 41
26 42
26 43
26 44
26 45
26 46
26 47
27 38
27 39
27 40
27 41
27 42
27 43
27 44
0
No
0
Yes
15 40
15 41
16 40
16 41
14 40
14 41
15 39
15 42
16 39
16 42
17 40
17 41
14 39
14 42
17 39
17 42
13 40
13 41
15 38
16 38
18 40
18 41
13 39
13 42
14 38
17 38
18 39
18 42
12 40
12 41
13 38
18 38
12 39
12 42
12 38
0
Yes
39 7
40 7
39 6
39 8
40 6
40 8
38 7
38 6
38 8
39 5
39 9
40 5
40 9
38 5
38 9
39 4
40 4
38 4
0
No
0
No
0
Yes
15 3
14 3
15 2
15 4
16 3
14 2
14 4
16 2
16 4
13 3
15 1
15 5
17 3
13 2
13 4
14 1
14 5
16 1
16 5
17 2
17 4
13 1
13 5
17 1
17 5
12 3
15 0
18 3
12 2
12 4
14 0
16 0
18 2
18 4
12 1
12 5
13 0
17 0
18 1
18 5
11 3
11 2
11 4
12 0
18 0
11 1
11 5
11 0
0
Yes
3 20
2 20
3 19
3 21
4 20
2 19
2 21
4 19
4 21
1 20
3 18
3 22
5 20
1 19
1 21
2 18
2 22
4 18
4 22
5 21
1 18
1 22
5 18
5 22
0 20
3 17
3 23
0 19
0 21
2 17
2 23
4 17
4 23
0 18
0 22
1 17
1 23
5 17
5 23
3 16
3 24
2 16
2 24
4 16
4 24
0 17
0 23
1 16
1 24
5 16
5 24
0 16
0 24
3 15
2 15
4 15
1 15
0 15
0
No
0
No
0
Yes
49 46
48 46
48 45
49 45
48 44
49 44
47 44
47 45
47 46
47 47
48 47
49 47
46 46
46 45
46 47
46 44
47 43
46 43
48 43
49 43
49 48
48 48
47 48
46 48
45 45
45 46
45 47
45 44
45 48
45 43
48 49
47 49
46 49
45 49
49 49
44 46
44 45
44 47
44 44
44 48
44 43
44 49
43 45
0
No
0
Yes
39 49
39 48
40 48
40 49
41 48
41 49
41 47
40 47
39 47
39 46
40 46
41 46
42 47
42 48
42 49
42 46
40 45
41 45
39 45
42 45
43 49
43 48
43 47
43 46
39 44
40 44
41 44
42 44
40 43
41 43
39 43
0
No
0
No
0
No
0
No
1
415
30 0
30 1
30 2
30 3
30 4
30 5
31 0
31 1
31 2
31 3
31 4
31 5
32 0
32 1
32 2
32 3
32 4
32 5
33 0
33 1
33 2
33 3
33 4
33 5
34 0
34 1
34 2
34 3
34 4
34 5
35 0
35 1
35 2
35 3
35 4
35 5
36 0
36 1
36 2
36 3
36 4
36 5
37 0
37 1
37 2
37 3
37 4
Yes
0 0
0 1
0 2
0 3
0 4
0 5
0 6
0 7
0 8
0 9
0 10
0 11
1 0
1 1
1 2
1 3
1 4
1 5
1 6
1 7
1 8
1 9
1 10
1 11
2 0
2 1
2 2
2 3
2 4
2 5
2 6
2 7
2 8
2 9
2 10
2 11
3 0
3 1
3 2
3 3
3 4
3 5
3 6
3 7
3 8
3 9
3 10
3 11
4 0
4 1
4 2
4 3
4 4
4 5
4 6
4 7
4 8
4 9
4 10
4 11
5 0
5 1
5 2
5 3
5 4
5 5
5 6
5 7
5 8
5 9
5 10
5 11
6 0
6 1
6 2
6 3
6 4
6 5
6 6
6 7
6 8
6 9
6 10
6 11
7 0
7 1
7 2
7 3
7 4
7 5
7 6
7 7
7 8
7 9
7 10
7 11
8 0
8 1
8 2
8 3
8 4
8 5
8 6
8 7
8 8
8 9
8 10
8 11
9 0
9 1
9 2
9 3
9 4
9 5
9 6
9 7
9 8
9 9
9 10
9 11
10 0
10 1
0
No
0
Yes
33 15
33 16
34 16
34 15
35 16
35 15
36 16
36 15
36 14
35 14
34 14
37 14
37 15
37 16
34 13
35 13
36 13
37 13
38 15
38 14
38 16
38 13
35 12
36 12
37 12
34 12
38 12
39 14
39 15
39 13
39 16
39 12
34 11
35 11
36 11
37 11
38 11
39 11
40 15
40 14
40 13
40 12
40 16
40 11
35 10
36 10
37 10
38 10
34 10
39 10
40 10
0
Yes
5 46
6 46
6 47
7 47
7 46
8 47
8 46
0
Yes
29 34
28 34
28 33
29 33
28 32
29 32
27 32
27 33
27 34
27 35
28 35
29 35
26 34
26 33
26 35
26 32
27 31
28 31
29 31
26 31
29 36
28 36
27 36
26 36
25 33
25 34
25 35
25 32
25 36
25 31
29 30
28 30
27 30
26 30
25 30
28 37
27 37
26 37
25 37
29 37
24 34
24 33
24 35
24 32
24 36
24 31
24 37
24 30
28 29
27 29
26 29
25 29
29 29
24 29
23 33
23 34
23 35
23 32
23 31
23 36
23 30
23 37
23 29
29 28
28 28
27 28
26 28
25 28
24 28
23 28
22 34
22 33
22 35
22 32
22 31
22 30
22 36
22 29
22 37
22 28
28 27
27 27
26 27
25 27
24 27
23 27
29 27
22 27
21 33
21 34
21 35
21 32
21 31
21 30
21 29
21 36
21 28
21 37
21 27
29 26
28 26
27 26
26 26
25 26
24 26
23 26
22 26
21 26
20 34
20 33
20 35
20 32
20 31
20 30
20 29
20 28
20 36
20 27
20 37
20 26
28 25
27 25
26 25
25 25
24 25
23 25
22 25
21 25
29 25
20 25
19 33
19 34
19 35
19 32
19 31
19 30
19 29
19 28
19 27
19 36
19 26
19 37
19 25
29 24
28 24
27 24
26 24
25 24
24 24
18 34
0
Yes
40 39
40 40
39 39
39 40
40 38
39 38
0
Yes
43 26
43 27
42 27
44 27
44 28
43 28
42 28
43 29
42 29
44 29
44 30
43 30
42 30
41 29
41 30
41 28
41 27
0
No
0
Yes
15 7
14 7
14 6
15 6
14 8
13 8
13 7
13 6
12 7
12 6
12 8
11 8
11 7
11 6
10 7
10 8
10 6
11 9
12 9
13 9
10 9
0
No
0
Yes
21 3
20 3
21 2
21 4
22 3
20 2
20 4
22 2
22 4
19 3
21 1
21 5
19 2
19 4
20 1
20 5
22 1
22 5
19 1
19 5
21 0
20 0
22 0
19 0
0
No
0
No
0
No
0
No
0
No
0
No
0
No
0
Yes
14 38
15 38
14 37
14 39
15 37
15 39
13 38
16 38
13 37
13 39
16 37
16 39
14 36
14 40
15 36
15 40
12 38
13 36
13 40
16 36
16 40
17 38
12 37
12 39
17 37
17 39
14 35
14 41
15 35
15 41
12 36
12 40
17 36
17 40
13 35
13 41
16 35
16 41
11 38
18 38
11 37
11 39
18 37
18 39
12 35
12 41
17 35
17 41
11 36
11 40
14 34
14 42
15 34
15 42
18 36
18 40
13 34
13 42
16 34
16 42
10 38
10 37
10 39
11 35
11 41
18 35
18 41
12 34
12 42
17 34
17 42
10 36
10 40
14 33
15 33
13 33
16 33
11 34
11 42
18 42
10 35
10 41
12 33
17 33
10 34
10 42
11 33
18 33
0
Yes
20 49
19 49
20 48
21 49
19 48
21 48
18 49
18 48
0
Yes
28 38
28 39
28 40
28 41
28 42
28 43
28 44
28 45
28 46
28 47
28 48
28 49
29 38
29 39
29 40
29 41
29 42
29 43
29 44
29 45
29 46
29 47
29 48
29 49
30 38
30 39
30 40
30 41
30 42
30 43
30 44
30 45
30 46
30 47
30 48
30 49
31 38
31 39
31 40
31 41
31 42
31 43
31 44
31 45
31 46
31 47
31 48
31 49
32 38
32 39
32 40
32 41
32 42
32 43
32 44
32 45
32 46
32 47
32 48
32 49
33 38
33 39
33 40
33 41
33 42
33 43
33 44
33 45
33 46
33 47
33 48
33 49
34 38
34 39
34 40
34 41
34 42
34 43
34 44
34 45
34 46
34 47
34 48
34 49
35 38
35 39
35 40
35 41
35 42
35 43
35 44
35 45
35 46
35 47
35 48
35 49
36 38
36 39
36 40
36 41
36 42
36 43
36 44
36 45
36 46
36 47
36 48
36 49
37 38
37 39
37 40
37 41
37 42
37 43
37 44
37 45
37 46
37 47
37 48
37 49
38 38
38 39
38 40
38 41
38 42
38 43
0
No
0
Yes
27 21
27 22
26 22
28 22
28 23
27 23
26 23
0
Yes
0 12
0 13
1 13
1 12
2 13
2 12
2 14
1 14
0 14
0 15
1 15
2 15
1 16
0 16
2 16
2 17
1 17
0 17
3 16
3 15
3 17
3 14
0 18
1 18
2 18
3 18
4 17
4 16
4 18
4 15
1 19
2 19
3 19
0 19
4 19
5 18
5 17
5 16
0 20
1 20
2 20
3 20
4 20
1 21
2 21
3 21
0 21
4 21
5 20
5 21
6 21
6 22
5 22
4 22
3 22
2 22
1 22
0 22
7 22
7 21
7 23
6 23
5 23
4 23
3 23
2 23
1 23
0 23
8 23
8 22
8 21
8 24
7 24
6 24
5 24
4 24
3 24
2 24
1 24
0 24
9 21
9 22
9 23
9 24
10 22
10 23
10 21
10 24
11 21
11 22
11 23
11 24
0
No
0
No
0
No
0
Yes
30 23
29 23
30 22
30 24
29 22
30 21
29 21
0
No
0
Yes
44 33
44 34
45 33
45 34
43 33
43 34
44 32
44 35
45 32
45 35
46 33
46 34
43 32
43 35
46 32
46 35
42 33
42 34
44 31
45 31
47 33
47 34
42 32
42 35
43 31
46 31
47 32
47 35
41 33
41 34
42 31
47 31
41 32
41 35
41 31
0
No
0
No
0
Yes
16 30
15 30
16 29
16 31
17 30
15 29
15 31
17 29
17 31
14 30
16 28
16 32
18 30
14 29
14 31
15 28
15 32
17 28
17 32
18 29
18 31
14 28
14 32
18 28
18 32
13 30
16 27
13 29
13 31
15 27
17 27
13 28
13 32
14 27
18 27
13 27
0
Yes
18 47
17 47
17 46
18 46
17 45
18 45
16 45
16 46
16 47
15 47
15 46
15 45
16 44
17 44
18 44
15 44
14 46
14 45
14 47
14 44
15 48
16 48
17 48
14 48
18 43
17 43
16 43
15 43
14 43
13 47
13 46
13 45
13 44
13 48
13 43
17 49
16 49
15 49
14 49
13 49
12 46
12 47
12 45
12 48
12 44
12 49
0
Yes
15 7
14 7
14 6
15 6
14 5
15 5
13 5
13 6
13 7
12 7
12 6
12 5
13 4
14 4
15 4
12 4
11 6
11 5
11 7
11 4
12 8
13 8
11 8
14 8
16 4
16 5
16 6
15 3
14 3
13 3
12 3
16 3
11 3
10 7
10 6
10 5
10 4
10 8
10 3
11 9
12 9
13 9
10 9
17 6
17 5
17 4
17 3
14 2
15 2
13 2
12 2
16 2
11 2
17 2
10 2
18 5
18 4
18 3
18 6
18 2
15 1
14 1
16 1
13 1
17 1
12 1
11 1
18 1
14 0
15 0
16 0
13 0
17 0
12 0
18 0
11 0
17 7
18 7
12 10
0
No
0
No
0
Yes
40 49
39 49
39 48
40 48
39 47
40 47
41 47
41 48
41 49
38 47
38 48
38 49
42 49
42 48
42 47
41 46
40 46
39 46
38 46
42 46
43 48
43 47
43 49
43 46
40 45
39 45
1
466
32 0
32 1
32 2
32 3
32 4
32 5
32 6
33 0
33 1
33 2
33 3
33 4
33 5
33 6
34 0
34 1
34 2
34 3
34 4
34 5
34 6
35 0
35 1
35 2
35 3
35 4
35 5
35 6
36 0
36 1
36 2
36 3
36 4
36 5
36 6
37 0
37 1
37 2
37 3
37 4
37 5
37 6
38 0
38 1
38 2
38 3
Yes
10 35
10 36
10 37
10 38
10 39
10 40
10 41
10 42
10 43
10 44
10 45
10 46
11 35
11 36
11 37
11 38
11 39
11 40
11 41
11 42
11 43
11 44
11 45
11 46
12 35
12 36
12 37
12 38
12 39
12 40
12 41
12 42
12 43
12 44
12 45
12 46
13 35
13 36
13 37
13 38
13 39
13 40
13 41
13 42
13 43
13 44
13 45
13 46
14 35
14 36
14 37
14 38
14 39
14 40
14 41
14 42
14 43
14 44
14 45
14 46
15 35
15 36
15 37
15 38
15 39
15 40
15 41
15 42
15 43
15 44
15 45
15 46
16 35
16 36
16 37
16 38
16 39
16 40
16 41
16 42
16 43
16 44
16 45
16 46
17 35
17 36
17 37
17 38
17 39
17 40
17 41
17 42
17 43
17 44
17 45
17 46
18 35
18 36
18 37
18 38
18 39
18 40
18 41
18 42
18 43
18 44
18 45
18 46
0
No
0
No
0
Yes
43 33
42 33
43 32
43 34
44 33
42 32
42 34
44 32
44 34
41 33
43 31
41 32
41 34
42 31
44 31
41 31
0
Yes
40 10
39 10
39 11
40 11
39 12
40 12
38 12
38 11
38 10
37 10
37 11
37 12
38 13
39 13
40 13
37 13
36 11
36 12
36 10
36 13
40 14
39 14
38 14
37 14
36 14
35 10
35 11
35 12
35 13
35 14
41 14
41 13
41 12
39 15
38 15
37 15
40 15
36 15
41 15
35 15
34 11
34 12
34 13
34 14
34 10
34 15
35 9
36 9
37 9
34 9
42 12
42 13
42 14
42 15
40 16
39 16
38 16
37 16
36 16
41 16
35 16
34 16
42 16
37 8
36 8
35 8
34 8
43 13
43 14
43 12
36 7
35 7
34 7
37 7
44 12
44 13
44 14
0
No
0
No
0
No
0
No
0
No
0
No
0
Yes
4 32
4 33
5 32
5 33
3 32
3 33
4 31
4 34
5 31
5 34
6 32
6 33
3 31
3 34
6 31
6 34
2 32
2 33
4 30
4 35
5 30
5 35
7 32
7 33
2 31
2 34
3 30
3 35
6 30
6 35
7 31
7 34
1 32
1 33
2 30
2 35
4 29
4 36
5 29
5 36
7 30
7 35
8 32
8 33
1 31
1 34
3 29
3 36
6 29
6 36
8 31
8 34
1 30
1 35
2 29
2 36
7 29
7 36
8 30
8 35
0 32
0 33
4 28
4 37
5 28
5 37
0 31
0 34
3 28
3 37
6 28
6 37
1 29
1 36
8 29
8 36
0 30
0 35
2 28
2 37
7 28
7 37
4 27
4 38
5 27
5 38
0 29
0 36
1 28
1 37
3 27
3 38
6 27
6 38
8 28
8 37
2 27
2 38
7 27
7 38
0 28
0 37
1 27
1 38
4 26
4 39
5 26
5 39
8 27
8 38
3 26
3 39
6 26
6 39
2 26
2 39
7 26
7 39
0 27
0 38
1 26
1 39
8 26
8 39
4 25
5 25
3 25
6 25
0 26
0 39
2 25
7 25
1 25
8 25
0 25
0
Yes
32 6
32 5
31 5
33 5
33 6
33 4
32 4
31 4
34 4
34 5
34 6
32 3
33 3
31 3
34 3
35 6
35 5
35 4
35 3
30 3
30 4
30 5
31 2
32 2
33 2
34 2
30 2
35 2
36 5
36 4
36 3
36 6
36 2
32 1
33 1
34 1
31 1
35 1
30 1
36 1
37 6
37 5
37 4
37 3
37 2
37 1
31 0
32 0
33 0
34 0
35 0
36 0
30 0
37 0
38 5
38 4
38 3
38 2
0
Yes
48 46
48 47
47 46
47 47
49 46
49 47
48 45
48 48
47 45
47 48
49 45
49 48
46 46
46 47
46 45
46 48
48 44
48 49
47 44
47 49
49 44
49 49
46 44
46 49
48 43
47 43
49 43
0
No
0
Yes
48 34
47 34
48 33
48 35
49 34
47 33
47 35
49 33
49 35
46 34
48 32
46 33
46 35
47 32
49 32
46 32
0
No
0
No
0
Yes
33 44
32 44
33 43
33 45
34 44
32 43
32 45
34 43
34 45
31 44
33 42
33 46
35 44
31 43
31 45
32 42
32 46
34 42
34 46
35 43
35 45
31 42
31 46
35 42
35 46
30 44
33 41
33 47
36 44
30 43
30 45
32 41
32 47
34 41
34 47
36 43
36 45
30 42
30 46
31 41
31 47
35 41
35 47
36 42
36 46
29 44
33 40
33 48
37 44
29 43
29 45
32 40
32 48
34 40
34 48
37 43
37 45
30 41
30 47
36 41
36 47
29 42
29 46
31 40
31 48
35 40
35 48
37 42
37 46
28 44
29 41
29 47
30 40
30 48
33 39
33 49
36 40
36 48
37 41
37 47
28 43
28 45
32 39
32 49
34 39
34 49
28 42
28 46
31 39
31 49
35 39
35 49
29 40
29 48
37 40
37 48
28 41
28 47
30 39
30 49
36 39
36 49
33 38
32 38
34 38
31 38
35 38
28 40
28 48
29 39
29 49
37 39
37 49
30 38
36 38
28 39
28 49
29 38
37 38
0
No
0
No
0
No
0
No
0
No
0
Yes
21 3
22 3
21 2
21 4
22 2
22 4
20 3
23 3
20 2
20 4
23 2
23 4
21 1
21 5
22 1
22 5
19 3
20 1
20 5
23 1
19 2
19 4
21 0
22 0
19 1
19 5
20 0
23 0
19 0
0
No
0
No
0
Yes
43 46
43 47
44 46
44 47
42 46
42 47
43 45
43 48
44 45
44 48
45 46
45 47
42 45
42 48
45 45
45 48
41 46
41 47
43 44
43 49
44 44
44 49
41 45
41 48
42 44
42 49
45 44
45 49
41 44
41 49
43 43
44 43
42 43
45 43
41 43
0
No
0
No
0
Yes
44 16
44 15
45 15
45 16
46 15
46 16
46 14
45 14
44 14
44 13
45 13
46 13
47 14
47 15
47 13
47 16
45 12
46 12
44 12
47 12
48 13
48 14
48 15
48 12
43 12
43 13
43 14
49 15
49 14
49 13
49 12
0
No
0
Yes
12 47
11 47
12 46
12 48
13 47
11 46
11 48
13 46
13 48
10 47
12 45
12 49
14 47
10 46
10 48
11 45
11 49
13 45
13 49
14 46
14 48
10 45
10 49
14 45
14 49
9 47
12 44
9 46
9 48
11 44
13 44
9 45
9 49
10 44
14 44
9 44
0
Yes
17 47
17 48
16 47
16 48
18 47
18 48
17 46
17 49
16 46
16 49
18 46
18 49
15 47
15 48
15 46
15 49
17 45
16 45
18 45
0
No
0
No
0
No
0
Yes
25 2
26 2
25 1
25 3
26 1
24 2
24 1
24 3
25 0
26 0
24 0
0
Yes
45 35
44 35
44 34
45 34
44 33
45 33
43 33
43 34
43 35
42 35
42 34
42 33
43 32
44 32
45 32
42 32
41 34
41 33
41 32
41 35
45 31
44 31
43 31
42 31
41 31
44 30
43 30
42 30
45 30
41 30
45 29
0
Yes
30 0
30 1
30 2
30 3
30 4
30 5
31 0
31 1
31 2
31 3
31 4
31 5
32 0
32 1
32 2
32 3
32 4
32 5
33 0
33 1
33 2
33 3
33 4
33 5
34 0
34 1
34 2
34 3
34 4
34 5
35 0
35 1
35 2
35 3
35 4
35 5
36 0
36 1
36 2
36 3
36 4
0
Yes
16 40
16 41
15 40
15 41
17 40
17 41
16 39
16 42
15 39
15 42
17 39
17 42
14 40
14 41
18 40
18 41
14 39
14 42
16 38
16 43
18 39
18 42
15 38
15 43
17 38
17 43
13 40
13 41
14 38
14 43
18 38
18 43
13 39
13 42
16 37
16 44
15 37
15 44
17 37
17 44
13 38
13 43
14 37
18 37
18 44
16 36
13 37
15 36
17 36
14 36
18 36
13 36
0
Yes
3 21
2 21
3 20
3 22
4 21
2 20
2 22
4 20
4 22
1 21
3 19
3 23
5 21
1 20
1 22
2 19
2 23
4 19
4 23
5 20
5 22
1 19
1 23
5 23
0 21
3 18
3 24
0 20
0 22
2 18
2 24
4 18
4 24
0 19
0 23
1 18
1 24
5 18
5 24
3 17
2 17
4 17
0 18
0 24
1 17
5 17
0 17
0
Yes
36 44
37 44
36 43
36 45
37 43
37 45
35 44
38 44
35 43
35 45
38 43
38 45
36 42
36 46
37 42
37 46
34 44
35 42
35 46
38 42
38 46
39 44
34 43
34 45
39 43
39 45
36 41
36 47
37 41
37 47
34 42
34 46
39 42
39 46
35 41
35 47
38 41
38 47
33 44
40 44
33 43
33 45
40 43
40 45
34 41
34 47
39 41
39 47
33 42
33 46
36 40
36 48
37 40
37 48
40 42
40 46
35 40
35 48
38 40
38 48
32 44
32 43
32 45
33 41
33 47
40 41
40 47
34 40
34 48
39 40
39 48
32 42
32 46
36 39
36 49
37 39
37 49
35 39
35 49
38 39
38 49
33 40
33 48
40 40
40 48
32 41
32 47
34 39
34 49
39 39
39 49
32 40
32 48
36 38
37 38
33 39
33 49
40 39
40 49
35 38
38 38
34 38
39 38
32 39
32 49
0
Yes
30 46
29 46
30 45
30 47
31 46
29 45
29 47
31 45
31 47
28 46
30 44
30 48
28 45
28 47
29 44
29 48
31 44
31 48
28 44
28 48
30 43
30 49
29 43
29 49
31 43
31 49
28 43
28 49
30 42
29 42
31 42
0
No
0
No
0
Yes
12 30
12 31
11 30
11 31
13 30
13 31
12 29
12 32
11 29
11 32
13 29
13 32
10 30
10 31
14 30
14 31
10 29
10 32
12 28
12 33
14 29
14 32
11 28
11 33
13 28
13 33
9 30
9 31
10 28
10 33
14 28
14 33
9 29
9 32
12 27
12 34
11 27
11 34
13 27
13 34
9 28
9 33
10 27
10 34
14 27
14 34
12 26
9 27
9 34
11 26
13 26
10 26
14 26
9 26
0
Yes
33 8
33 7
34 7
34 8
35 7
35 8
35 6
34 6
33 6
36 6
36 7
36 8
37 8
37 7
37 6
36 9
35 9
34 9
37 9
38 7
38 8
38 9
38 6
34 10
35 10
36 10
37 10
38 10
39 8
39 7
39 9
39 6
39 10
38 5
37 5
39 5
36 5
35 11
36 11
37 11
38 11
34 11
39 11
40 7
40 8
40 9
40 6
40 10
40 5
40 11
0
No
0
Yes
48 33
47 33
48 32
48 34
49 33
47 32
47 34
49 32
49 34
46 33
48 31
48 35
46 32
46 34
47 31
47 35
49 31
49 35
46 31
46 35
48 30
47 30
49 30
0
Yes
43 28
44 28
43 27
43 29
44 27
44 29
42 28
42 27
42 29
43 26
0
No
0
No
0
No
0
No
0
Yes
46 28
46 29
46 30
47 28
47 29
0
Yes
29 23
29 22
30 22
30 23
31 22
31 23
31 21
30 21
29 21
29 20
30 20
31 20
32 21
32 22
32 23
32 20
32 24
31 24
30 24
0
No
0
Yes
2 15
2 16
3 15
3 16
1 15
1 16
2 14
3 14
4 15
4 16
1 14
0 15
0 16
0 14
0
No
0
Yes
21 49
22 49
21 48
22 48
20 49
23 49
20 48
23 48
19 49
19 48
0
No
0
No
0
No
0
Yes
1 12
0 12
0 13
1 13
2 13
0
No
0
Yes
21 30
22 30
21 29
21 31
22 29
22 31
20 30
23 30
20 29
20 31
23 29
23 31
21 28
21 32
22 28
22 32
19 30
20 28
20 32
23 28
23 32
24 30
19 29
19 31
24 29
24 31
21 27
21 33
22 27
22 33
19 28
19 32
24 28
24 32
20 27
20 33
23 27
23 33
18 30
25 30
18 29
18 31
25 29
25 31
19 27
19 33
24 27
24 33
18 28
18 32
21 26
21 34
22 26
22 34
25 28
25 32
20 26
20 34
23 26
23 34
17 30
26 30
17 29
17 31
18 27
18 33
25 27
25 33
26 29
26 31
19 26
19 34
24 26
24 34
17 28
17 32
26 28
26 32
21 25
22 25
20 25
23 25
18 26
18 34
25 26
25 34
17 27
17 33
26 27
26 33
16 30
27 30
16 29
16 31
19 25
24 25
27 29
27 31
16 28
16 32
27 28
27 32
17 26
17 34
26 26
26 34
18 25
25 25
16 27
16 33
27 27
27 33
15 30
15 29
15 31
17 25
26 25
15 28
15 32
16 26
16 34
27 26
27 34
15 27
15 33
16 25
27 25
15 26
0
Yes
34 32
34 33
35 32
35 33
33 32
33 33
34 31
34 34
35 31
35 34
36 32
36 33
33 31
33 34
36 31
36 34
32 32
32 33
34 30
34 35
35 30
35 35
37 32
37 33
32 31
32 34
33 30
33 35
36 30
36 35
37 31
37 34
31 32
31 33
32 30
32 35
34 29
34 36
35 29
35 36
37 30
37 35
38 32
38 33
31 31
31 34
33 29
33 36
36 29
36 36
38 31
38 34
31 30
31 35
32 29
32 36
37 29
37 36
38 30
38 35
30 32
30 33
34 28
34 37
35 28
35 37
39 32
39 33
30 31
30 34
33 28
33 37
36 28
36 37
39 31
39 34
31 29
31 36
38 29
38 36
30 30
30 35
32 28
32 37
37 28
37 37
39 30
39 35
29 32
29 33
34 27
35 27
40 32
40 33
29 31
29 34
30 29
30 36
31 28
31 37
33 27
36 27
38 28
38 37
39 29
39 36
40 31
40 34
29 30
29 35
32 27
37 27
40 30
40 35
30 28
30 37
39 28
39 37
28 32
28 33
29 29
29 36
31 27
38 27
40 29
40 36
28 31
28 34
28 30
28 35
29 28
29 37
30 27
39 27
40 28
40 37
28 29
28 36
29 27
40 27
0
No
0
Yes
14 3
15 3
14 2
14 4
15 2
15 4
13 3
16 3
13 2
13 4
16 2
16 4
14 1
14 5
15 1
15 5
12 3
13 1
13 5
16 1
16 5
17 3
12 2
12 4
17 2
17 4
14 0
15 0
12 1
12 5
17 1
17 5
13 0
16 0
11 3
18 3
11 2
11 4
18 2
18 4
12 0
17 0
11 1
11 5
18 1
18 5
10 3
10 2
10 4
11 0
18 0
10 5
0
Yes
33 8
33 7
34 7
34 8
35 7
35 8
35 6
34 6
33 6
33 5
34 5
35 5
36 6
36 7
36 8
36 5
34 4
35 4
33 4
36 4
36 9
35 9
34 9
37 8
37 7
37 6
37 5
37 9
37 4
33 3
34 3
35 3
36 3
37 3
32 4
32 5
32 3
32 6
34 10
35 10
36 10
37 10
38 7
38 8
38 6
38 5
38 9
38 4
38 10
38 3
34 2
35 2
36 2
33 2
37 2
32 2
38 2
31 3
31 4
31 5
31 2
35 11
36 11
37 11
34 11
38 11
39 8
39 7
39 9
39 6
39 5
39 4
39 10
39 3
39 11
39 2
33 1
34 1
35 1
36 1
37 1
32 1
38 1
31 1
39 1
30 5
30 4
30 3
30 2
30 1
34 12
35 12
36 12
37 12
38 12
39 12
40 7
40 8
40 9
40 6
40 10
40 5
40 4
40 3
40 11
40 2
40 12
40 1
32 0
33 0
34 0
35 0
36 0
37 0
38 0
31 0
39 0
30 0
40 0
29 2
29 1
29 0
35 13
36 13
37 13
38 13
39 13
34 13
0
Yes
18 7
18 6
19 6
17 7
17 6
0
No
0
Yes
36 17
35 17
35 16
36 16
35 15
36 15
37 15
37 16
37 17
34 15
34 16
34 17
37 18
36 18
35 18
34 18
38 17
38 16
38 18
38 15
37 14
36 14
38 14
35 14
34 14
33 17
33 16
33 18
33 15
36 19
35 19
37 19
34 19
38 19
33 19
39 16
39 17
39 18
39 15
39 19
39 14
32 18
32 17
32 19
32 16
35 20
36 20
37 20
34 20
38 20
0
No
0
Yes
43 33
43 34
44 33
44 34
42 33
42 34
43 32
43 35
44 32
44 35
45 33
45 34
42 32
42 35
45 32
45 35
41 33
41 34
43 31
43 36
44 31
44 36
41 32
41 35
42 31
42 36
45 31
45 36
41 31
41 36
43 30
44 30
42 30
45 30
0
No
0
Yes
7 47
6 47
7 46
8 47
6 46
8 46
5 46
0
Yes
14 40
13 40
13 39
14 39
13 38
14 38
15 38
15 39
15 40
12 38
12 39
12 40
15 41
14 41
13 41
12 41
16 40
16 39
16 41
16 38
15 37
14 37
13 37
12 37
16 37
11 40
11 39
11 38
11 41
11 37
14 42
13 42
15 42
12 42
16 42
11 42
17 39
17 40
17 41
17 38
17 42
17 37
14 36
13 36
15 36
12 36
16 36
11 36
17 36
10 39
10 40
10 38
10 41
10 37
10 42
10 36
13 43
14 43
15 43
12 43
16 43
11 43
17 43
10 43
18 40
18 39
18 41
18 38
18 42
18 37
18 43
18 36
13 35
14 35
15 35
12 35
16 35
11 35
17 35
10 35
18 35
9 40
9 39
9 41
9 38
9 37
9 42
9 43
9 36
9 35
15 44
16 44
17 44
18 44
0
Yes
7 42
7 43
8 43
8 42
8 41
0
No
0
No
0
No
0
Yes
19 42
19 41
20 41
20 42
20 43
19 43
19 44
20 44
21 42
21 43
21 41
21 44
20 40
19 40
21 40
19 39
20 39
21 39
20 45
19 45
21 45
22 41
22 42
22 43
22 40
22 44
22 39
22 45
19 46
20 46
21 46
22 46
23 42
23 41
23 43
23 40
23 44
23 45
23 39
23 46
20 38
21 38
22 38
19 38
23 38
19 37
20 37
21 37
22 37
23 37
20 47
21 47
22 47
19 47
23 47
24 41
24 42
24 43
24 40
24 44
24 39
24 45
24 38
24 46
24 37
24 47
19 48
20 48
21 48
22 48
23 48
24 48
25 42
25 41
25 43
25 40
25 44
25 39
25 45
25 38
25 46
25 47
25 37
25 48
20 36
21 36
22 36
23 36
24 36
19 36
25 36
19 35
20 35
21 35
22 35
23 35
24 35
25 35
20 49
21 49
22 49
23 49
24 49
19 49
25 49
26 41
26 42
26 43
26 40
26 44
26 39
26 45
26 38
26 46
26 37
26 47
26 36
26 48
26 35
26 49
27 42
27 41
27 43
27 40
27 44
27 39
27 45
27 38
27 46
27 37
27 47
27 36
27 48
27 35
27 49
28 41
28 42
28 40
28 39
28 38
28 37
29 40
29 41
29 39
29 38
30 41
30 40
30 39
30 38
0
Yes
29 20
29 21
29 22
29 23
29 24
29 25
30 20
30 21
30 22
30 23
30 24
30 25
31 20
31 21
31 22
31 23
31 24
31 25
32 20
32 21
32 22
32 23
32 24
32 25
33 20
33 21
33 22
33 23
33 24
33 25
1
520
44 12
44 13
44 14
44 15
44 16
45 12
45 13
45 14
45 15
45 16
46 12
46 13
46 14
46 15
46 16
47 12
47 13
47 14
47 15
47 16
48 12
48 13
48 14
Yes
41 30
41 31
41 32
41 33
41 34
41 35
41 36
41 37
41 38
41 39
41 40
42 30
42 31
42 32
42 33
42 34
42 35
42 36
42 37
42 38
42 39
42 40
43 30
43 31
43 32
43 33
43 34
43 35
43 36
43 37
43 38
43 39
43 40
44 30
44 31
44 32
44 33
44 34
44 35
44 36
44 37
44 38
44 39
44 40
45 30
45 31
45 32
45 33
45 34
45 35
45 36
45 37
45 38
45 39
45 40
46 30
46 31
46 32
46 33
46 34
46 35
46 36
46 37
46 38
46 39
46 40
47 30
47 31
47 32
47 33
47 34
47 35
47 36
47 37
47 38
47 39
47 40
48 30
48 31
48 32
48 33
48 34
48 35
48 36
48 37
48 38
48 39
48 40
49 30
49 31
49 32
0
Yes
34 21
34 22
34 23
34 24
34 25
34 26
35 21
35 22
35 23
35 24
35 25
35 26
36 21
36 22
36 23
36 24
36 25
36 26
37 21
37 22
37 23
37 24
37 25
37 26
38 21
38 22
38 23
38 24
38 25
38 26
39 21
39 22
39 23
39 24
39 25
39 26
40 21
40 22
40 23
40 24
40 25
40 26
41 21
41 22
0
No
0
No
0
No
0
Yes
48 41
48 42
49 41
49 42
47 41
47 42
49 40
1
484
41 12
41 13
41 14
42 12
42 13
42 14
43 12
43 13
43 14
44 12
44 13
44 14
45 12
45 13
45 14
46 12
46 13
46 14
47 12
47 13
47 14
48 12
48 13
48 14
49 12
49 13
49 14
Yes
41 43
41 44
41 45
41 46
41 47
41 48
41 49
42 43
42 44
42 45
42 46
42 47
42 48
42 49
43 43
43 44
43 45
43 46
43 47
43 48
43 49
44 43
44 44
44 45
44 46
44 47
44 48
44 49
45 43
45 44
45 45
45 46
45 47
45 48
45 49
46 43
46 44
46 45
46 46
46 47
46 48
46 49
47 43
47 44
47 45
47 46
47 47
47 48
47 49
48 43
48 44
48 45
48 46
48 47
48 48
48 49
49 43
49 44
49 45
49 46
49 47
49 48
0
No
0
No
0
No
0
Yes
22 6
22 5
21 5
21 4
22 4
21 3
22 3
20 3
20 4
20 5
20 2
21 2
22 2
19 5
19 4
19 3
19 2
22 1
21 1
20 1
19 1
23 2
23 3
23 4
23 1
21 0
22 0
23 0
20 0
19 0
24 4
24 3
24 2
24 1
24 0
25 3
25 2
25 1
25 0
26 2
26 1
26 0
0
No
0
No
0
No
0
Yes
34 24
34 23
35 23
35 24
36 23
36 24
36 25
35 25
34 25
36 22
35 22
34 22
34 26
35 26
36 26
37 25
37 24
37 23
37 22
37 26
34 21
35 21
36 21
37 21
38 24
38 23
38 25
38 22
38 26
38 21
39 23
0
No
0
No
0
No
0
No
0
Yes
28 2
27 2
28 1
27 1
27 3
28 0
27 0
0
No
0
No
0
No
0
No
0
Yes
12 31
11 31
12 30
12 32
13 31
11 30
11 32
13 30
13 32
10 31
12 29
12 33
14 31
10 30
10 32
11 29
11 33
13 29
13 33
14 30
14 32
10 29
10 33
14 29
14 33
9 31
12 28
12 34
9 30
9 32
11 28
11 34
13 28
13 34
9 29
9 33
10 28
10 34
14 28
14 34
12 27
11 27
13 27
9 28
9 34
10 27
14 27
0
No
0
No
0
No
0
Yes
12 39
12 40
13 39
13 40
11 39
11 40
12 38
12 41
13 38
13 41
14 39
14 40
11 38
11 41
14 38
14 41
10 39
10 40
12 37
12 42
13 37
13 42
15 39
15 40
10 38
10 41
11 37
11 42
14 37
14 42
15 38
15 41
9 39
9 40
10 37
10 42
12 36
12 43
13 36
13 43
15 37
15 42
9 38
9 41
11 36
11 43
14 36
14 43
9 37
9 42
10 36
10 43
15 36
15 43
12 35
13 35
11 35
14 35
9 36
9 43
10 35
15 35
9 35
0
Yes
31 32
31 33
32 32
32 33
30 32
30 33
31 31
31 34
32 31
32 34
33 32
33 33
30 31
30 34
33 31
33 34
29 32
29 33
31 30
31 35
32 30
32 35
34 32
34 33
29 31
29 34
30 30
30 35
33 30
33 35
34 31
34 34
28 32
28 33
29 30
29 35
31 29
31 36
32 29
32 36
34 30
34 35
28 31
28 34
30 29
30 36
33 29
33 36
28 30
28 35
29 29
29 36
34 29
34 36
31 28
31 37
32 28
32 37
30 28
30 37
33 28
33 37
28 29
28 36
29 28
29 37
34 28
34 37
31 27
32 27
28 28
30 27
33 27
29 27
0
No
0
Yes
2 20
1 20
1 19
2 19
1 18
2 18
3 18
3 19
3 20
0 18
0 19
0 20
3 21
2 21
1 21
0 21
4 20
4 19
4 21
4 18
3 17
2 17
4 17
1 17
0 17
2 22
1 22
3 22
0 22
4 22
1 23
2 23
3 23
0 23
4 23
5 22
5 21
5 23
5 20
2 24
3 24
4 24
5 24
1 24
0
Yes
38 35
37 35
38 34
38 36
39 35
37 34
37 36
39 34
39 36
36 35
38 33
38 37
40 35
36 34
36 36
37 33
37 37
39 33
39 37
40 34
40 36
36 33
36 37
40 33
40 37
35 35
38 32
35 34
35 36
37 32
39 32
35 33
35 37
36 32
40 32
35 32
0
No
2
544
9 24
9 25
9 26
9 27
9 28
9 29
9 30
9 31
10 24
10 25
10 26
10 27
10 28
10 29
10 30
10 31
11 24
11 25
11 26
11 27
11 28
11 29
11 30
11 31
12 24
12 25
12 26
12 27
12 28
12 29
12 30
12 31
13 24
13 25
13 26
13 27
13 28
13 29
13 30
13 31
14 24
14 25
14 26
14 27
14 28
14 29
14 30
14 31
15 24
15 25
555
35 27
35 28
35 29
35 30
35 31
36 27
36 28
36 29
36 30
36 31
37 27
37 28
37 29
37 30
37 31
38 27
38 28
38 29
38 30
38 31
39 27
39 28
39 29
39 30
39 31
40 27
40 28
40 29
40 30
40 31
Yes
32 16
32 17
32 18
32 19
32 20
32 21
32 22
32 23
32 24
32 25
32 26
33 16
33 17
33 18
33 19
33 20
33 21
33 22
33 23
33 24
33 25
33 26
34 16
34 17
34 18
34 19
34 20
34 21
34 22
34 23
34 24
34 25
34 26
35 16
35 17
35 18
35 19
35 20
35 21
35 22
35 23
35 24
35 25
35 26
36 16
36 17
36 18
36 19
36 20
36 21
36 22
36 23
36 24
36 25
36 26
37 16
37 17
37 18
37 19
37 20
37 21
37 22
37 23
37 24
37 25
37 26
38 16
38 17
38 18
38 19
38 20
38 21
38 22
38 23
38 24
38 25
38 26
39 16
39 17
39 18
39 19
39 20
39 21
39 22
39 23
39 24
39 25
39 26
40 16
40 17
40 18
40 19
40 20
40 21
40 22
40 23
40 24
40 25
40 26
41 16
41 17
41 18
41 19
41 20
41 21
41 22
41 23
0
No
0
Yes
46 29
47 29
46 28
47 28
45 29
0
No
0
No
0
No
0
No
0
No
0
Yes
43 42
42 42
43 41
44 42
42 41
44 41
41 42
41 41
0
Yes
17 37
17 38
18 37
18 38
16 37
16 38
17 36
17 39
18 36
18 39
16 36
16 39
17 35
18 35
16 35
0
No
0
Yes
0 24
0 23
1 23
1 24
2 23
2 24
2 22
1 22
0 22
0 21
1 21
2 21
3 22
3 23
3 24
3 21
1 20
2 20
0 20
3 20
4 24
4 23
4 22
4 21
4 20
0 19
1 19
2 19
3 19
4 19
5 23
5 22
5 21
5 24
5 20
1 18
2 18
3 18
0 18
4 18
6 24
6 23
6 22
6 21
0
Yes
9 32
9 33
9 34
10 32
10 33
10 34
11 32
11 33
11 34
12 32
12 33
12 34
13 32
13 33
13 34
0
No
0
No
0
Yes
13 8
12 8
13 7
13 9
14 8
12 7
12 9
14 7
11 8
13 6
11 7
11 9
12 6
14 6
11 6
0
Yes
20 1
20 2
21 1
21 2
19 1
19 2
20 0
21 0
19 0
0
Yes
8 43
7 43
7 42
8 42
8 41
0
No
0
Yes
31 34
32 34
31 33
31 35
32 33
32 35
30 34
33 34
30 33
30 35
33 33
33 35
31 32
31 36
32 32
32 36
29 34
30 32
30 36
33 32
33 36
34 34
29 33
29 35
34 33
34 35
31 31
31 37
32 31
32 37
29 32
29 36
34 32
34 36
30 31
30 37
33 31
33 37
28 34
28 33
28 35
29 31
29 37
34 31
34 37
28 32
28 36
31 30
32 30
30 30
33 30
28 31
29 30
34 30
28 30
0
No
0
No
0
Yes
0 0
0 1
0 2
0 3
0 4
1 0
1 1
1 2
1 3
1 4
2 0
2 1
2 2
2 3
2 4
3 0
3 1
3 2
3 3
3 4
4 0
4 1
4 2
4 3
4 4
5 0
5 1
5 2
5 3
5 4
6 0
6 1
6 2
6 3
6 4
7 0
7 1
7 2
7 3
7 4
8 0
8 1
8 2
0
Yes
8 8
8 9
9 8
9 9
7 8
7 9
8 7
8 10
9 7
9 10
10 8
10 9
7 7
7 10
10 7
10 10
6 8
6 9
8 6
8 11
9 6
9 11
6 7
6 10
7 6
7 11
10 6
6 6
6 11
8 5
9 5
7 5
6 5
0
No
0
No
0
No
0
No
0
No
0
Yes
45 6
46 6
45 5
45 7
46 5
46 7
44 6
47 6
44 5
44 7
47 5
47 7
45 4
45 8
46 4
46 8
43 6
44 4
44 8
47 4
47 8
48 6
43 5
43 7
48 5
48 7
45 3
45 9
46 3
46 9
43 4
43 8
48 4
48 8
44 3
44 9
47 3
47 9
42 6
49 6
42 5
42 7
49 5
49 7
43 3
43 9
48 3
48 9
42 4
42 8
45 2
45 10
46 2
46 10
49 4
49 8
44 2
44 10
47 2
47 10
41 6
41 5
41 7
42 3
42 9
49 3
49 9
43 2
43 10
48 2
48 10
41 4
41 8
45 1
45 11
46 1
46 11
44 1
44 11
47 1
47 11
42 2
42 10
49 2
49 10
41 3
41 9
43 1
43 11
48 1
48 11
41 2
41 10
45 0
46 0
42 1
42 11
49 1
49 11
44 0
47 0
43 0
48 0
41 1
41 11
42 0
0
No
0
No
0
No
0
Yes
36 4
36 5
37 4
37 5
35 4
35 5
36 3
36 6
37 3
37 6
38 4
38 5
35 3
35 6
38 3
38 6
34 4
34 5
36 2
36 7
37 2
37 7
39 4
39 5
34 3
34 6
35 2
35 7
38 2
38 7
39 3
39 6
33 4
33 5
34 2
34 7
36 1
36 8
37 1
37 8
39 2
39 7
40 4
40 5
33 3
33 6
35 1
35 8
38 1
38 8
40 3
40 6
33 2
33 7
34 1
34 8
39 1
39 8
40 2
40 7
32 4
32 5
36 0
37 0
32 3
32 6
35 0
38 0
33 1
33 8
40 1
40 8
32 2
34 0
39 0
32 1
33 0
40 0
32 0
0
Yes
22 44
22 45
21 44
21 45
23 44
23 45
22 43
22 46
21 43
21 46
23 43
23 46
20 44
20 45
24 44
24 45
20 43
20 46
22 42
22 47
24 43
24 46
21 42
21 47
23 42
23 47
19 44
19 45
25 44
25 45
20 42
20 47
24 42
24 47
19 43
19 46
25 43
25 46
22 41
22 48
21 41
21 48
23 41
23 48
19 42
19 47
25 42
25 47
18 44
18 45
20 41
20 48
24 41
24 48
26 44
26 45
18 43
18 46
26 43
26 46
22 40
22 49
19 41
19 48
21 40
21 49
23 40
23 49
25 41
25 48
18 42
18 47
26 42
26 47
20 40
20 49
24 40
24 49
17 44
17 45
27 44
27 45
17 43
17 46
27 43
27 46
18 41
18 48
26 41
26 48
19 40
19 49
25 40
25 49
22 39
17 42
17 47
21 39
23 39
27 42
27 47
20 39
24 39
16 44
16 45
18 40
18 49
26 40
26 49
17 41
17 48
27 41
27 48
16 43
16 46
19 39
25 39
16 42
16 47
17 40
17 49
27 40
27 49
18 39
26 39
16 41
16 48
17 39
27 39
16 40
16 49
0
Yes
22 33
22 34
21 33
21 34
23 33
23 34
22 32
22 35
21 32
21 35
23 32
23 35
20 33
20 34
24 33
24 34
20 32
20 35
22 31
22 36
24 32
24 35
21 31
21 36
23 31
23 36
19 33
19 34
25 33
25 34
20 31
20 36
24 31
24 36
19 32
19 35
25 32
25 35
22 30
22 37
21 30
21 37
23 30
23 37
19 31
19 36
25 31
25 36
18 33
18 34
20 30
20 37
24 30
24 37
26 33
26 34
18 32
18 35
26 32
26 35
22 29
22 38
19 30
19 37
21 29
21 38
23 29
23 38
25 30
25 37
18 31
18 36
26 31
26 36
20 29
20 38
24 29
24 38
17 33
17 34
27 33
27 34
17 32
17 35
27 32
27 35
18 30
18 37
26 30
26 37
19 29
19 38
25 29
25 38
22 28
17 31
17 36
21 28
23 28
27 31
27 36
20 28
24 28
16 33
16 34
18 29
18 38
26 29
26 38
17 30
17 37
27 30
27 37
16 32
16 35
19 28
25 28
16 31
16 36
17 29
17 38
27 29
27 38
18 28
26 28
16 30
16 37
17 28
27 28
16 29
16 38
16 28
0
Yes
3 3
4 3
3 2
3 4
4 2
4 4
2 3
5 3
2 2
2 4
5 2
5 4
3 1
3 5
4 1
4 5
1 3
2 1
2 5
5 1
5 5
6 3
1 2
1 4
6 2
6 4
3 0
4 0
1 1
1 5
6 1
2 0
5 0
0 3
0 2
0 4
1 0
6 0
0 1
0 5
0 0
0
No
0
Yes
3 9
3 10
2 9
2 10
4 9
4 10
3 8
3 11
2 8
2 11
4 8
4 11
1 9
1 10
5 9
5 10
1 8
1 11
3 7
3 12
5 8
5 11
2 7
2 12
4 7
4 12
0 9
0 10
1 7
1 12
5 7
5 12
0 8
0 11
3 6
2 6
4 6
0 7
0 12
1 6
5 6
0
No
0
Yes
31 35
32 35
31 34
31 36
32 34
32 36
30 35
33 35
30 34
30 36
33 34
33 36
31 33
31 37
32 33
32 37
29 35
30 33
30 37
33 33
33 37
34 35
29 34
29 36
34 34
34 36
31 32
31 38
32 32
32 38
29 33
29 37
34 33
34 37
30 32
30 38
33 32
33 38
28 35
28 34
28 36
29 32
29 38
34 32
28 33
28 37
31 31
32 31
30 31
33 31
28 32
28 38
29 31
34 31
28 31
0
Yes
37 15
36 15
36 14
37 14
36 13
37 13
38 13
38 14
38 15
35 13
35 14
35 15
39 15
39 14
39 13
38 12
37 12
36 12
35 12
39 12
34 15
34 14
34 13
34 12
40 14
40 13
40 15
40 12
37 11
36 11
38 11
35 11
39 11
34 11
40 11
33 13
33 12
33 11
36 10
37 10
38 10
35 10
39 10
34 10
40 10
33 10
32 10
32 11
32 12
32 13
0
No
0
No
0
No
0
No
0
Yes
42 42
43 42
42 41
43 41
41 42
41 41
0
No
0
No
0
Yes
33 8
33 7
34 7
34 8
35 7
35 8
35 9
34 9
33 9
35 6
34 6
33 6
36 9
36 8
36 7
36 6
33 5
34 5
35 5
36 5
37 8
37 7
37 6
37 9
37 5
34 4
35 4
36 4
33 4
37 4
38 7
38 6
38 8
38 5
38 9
38 4
33 3
34 3
35 3
36 3
37 3
38 3
32 4
32 5
32 3
32 6
39 8
39 7
39 6
39 5
39 4
39 9
39 3
34 2
35 2
36 2
37 2
33 2
38 2
32 2
39 2
31 3
31 4
31 5
31 2
40 7
40 6
40 5
40 4
40 3
40 2
40 8
40 9
33 1
34 1
35 1
36 1
37 1
38 1
32 1
39 1
31 1
40 1
30 5
30 4
30 3
30 2
30 1
32 0
33 0
34 0
35 0
36 0
37 0
38 0
31 0
39 0
30 0
40 0
29 2
29 1
29 0
28 1
28 2
28 0
0
Yes
7 47
8 47
7 46
8 46
6 47
6 46
0
Yes
23 34
24 34
23 33
23 35
24 33
24 35
22 34
25 34
22 33
22 35
25 33
25 35
23 32
23 36
24 32
24 36
21 34
22 32
22 36
25 32
25 36
26 34
21 33
21 35
26 33
26 35
23 31
23 37
24 31
24 37
21 32
21 36
26 32
26 36
22 31
22 37
25 31
25 37
20 34
27 34
20 33
20 35
27 33
27 35
21 31
21 37
26 31
26 37
20 32
20 36
23 30
23 38
24 30
24 38
27 32
27 36
22 30
22 38
25 30
25 38
19 34
19 33
19 35
20 31
20 37
27 31
27 37
21 30
21 38
26 30
26 38
19 32
19 36
23 29
24 29
22 29
25 29
20 30
20 38
27 30
27 38
19 31
19 37
21 29
26 29
19 30
19 38
20 29
27 29
0
Yes
46 29
47 29
46 28
47 28
45 29
0
No
0
Yes
14 33
14 34
13 33
13 34
15 33
15 34
14 32
14 35
13 32
13 35
15 32
15 35
12 33
12 34
16 33
16 34
12 32
12 35
14 31
14 36
16 32
16 35
13 31
13 36
15 31
15 36
11 33
11 34
17 33
17 34
12 31
12 36
16 31
16 36
11 32
11 35
17 32
17 35
14 30
14 37
13 30
13 37
15 30
15 37
11 31
11 36
17 31
17 36
10 33
10 34
12 30
12 37
16 30
16 37
18 33
18 34
10 32
10 35
18 32
18 35
14 29
14 38
11 30
11 37
13 29
13 38
15 29
15 38
17 30
17 37
10 31
10 36
18 31
18 36
12 29
12 38
16 29
16 38
9 33
9 34
9 32
9 35
10 30
10 37
18 30
18 37
11 29
11 38
17 29
17 38
14 28
14 39
9 31
9 36
13 28
13 39
15 28
15 39
12 28
12 39
16 28
16 39
10 29
10 38
18 29
18 38
9 30
9 37
11 28
11 39
17 28
14 27
13 27
15 27
9 29
9 38
10 28
10 39
12 27
16 27
18 28
11 27
17 27
9 28
9 39
10 27
18 27
0
Yes
3 17
3 18
2 17
2 18
4 17
4 18
3 16
3 19
2 16
2 19
4 16
4 19
1 17
1 18
5 17
5 18
1 16
1 19
3 15
5 16
2 15
4 15
0 17
0 18
1 15
0 16
0 19
0 15
0
No
0
Yes
30 47
29 47
30 46
30 48
31 47
29 46
29 48
31 46
31 48
28 47
30 45
30 49
28 46
28 48
29 45
29 49
31 45
31 49
28 45
28 49
30 44
29 44
31 44
28 44
0
Yes
23 35
23 36
24 35
24 36
22 35
22 36
23 34
23 37
24 34
24 37
25 35
25 36
22 34
22 37
25 34
25 37
21 35
21 36
23 33
23 38
24 33
24 38
26 35
26 36
21 34
21 37
22 33
22 38
25 33
25 38
26 34
26 37
20 35
20 36
21 33
21 38
23 32
24 32
26 33
26 38
27 35
27 36
20 34
20 37
22 32
25 32
27 34
27 37
20 33
20 38
21 32
26 32
27 33
27 38
19 35
19 36
19 34
19 37
20 32
27 32
19 33
19 38
19 32
0
Yes
5 39
4 39
4 38
5 38
4 37
5 37
6 37
6 38
6 39
3 37
3 38
3 39
7 39
7 38
7 37
6 36
5 36
4 36
3 36
7 36
2 39
2 38
2 37
2 36
8 38
8 37
8 39
8 36
5 35
4 35
6 35
3 35
7 35
2 35
8 35
1 38
1 37
1 36
1 39
1 35
4 34
5 34
6 34
3 34
7 34
2 34
8 34
1 34
0 34
0 35
0 36
0 37
0 38
0 39
5 33
4 33
6 33
3 33
2 33
7 33
1 33
8 33
0 33
4 32
5 32
6 32
3 32
2 32
7 32
1 32
8 32
0 32
5 31
4 31
6 31
3 31
2 31
7 31
1 31
8 31
0 31
4 30
5 30
6 30
1
647
0 0
0 1
0 2
0 3
1 0
1 1
1 2
1 3
2 0
2 1
2 2
2 3
3 0
3 1
3 2
3 3
4 0
4 1
4 2
4 3
5 0
5 1
5 2
5 3
Yes
18 39
18 40
18 41
18 42
18 43
18 44
18 45
18 46
18 47
18 48
18 49
19 39
19 40
19 41
19 42
19 43
19 44
19 45
19 46
19 47
19 48
19 49
20 39
20 40
20 41
20 42
20 43
20 44
20 45
20 46
20 47
20 48
20 49
21 39
21 40
21 41
21 42
21 43
21 44
21 45
21 46
21 47
21 48
21 49
22 39
22 40
22 41
22 42
22 43
22 44
22 45
22 46
22 47
22 48
22 49
23 39
23 40
23 41
23 42
23 43
23 44
23 45
23 46
23 47
23 48
23 49
24 39
24 40
24 41
24 42
24 43
24 44
24 45
24 46
24 47
24 48
24 49
25 39
25 40
25 41
25 42
25 43
25 44
25 45
25 46
25 47
25 48
25 49
26 39
26 40
26 41
26 42
26 43
26 44
26 45
26 46
26 47
26 48
26 49
27 39
27 40
27 41
27 42
27 43
27 44
27 45
27 46
27 47
27 48
27 49
28 39
28 40
28 41
28 42
28 43
28 44
28 45
28 46
28 47
28 48
28 49
29 39
29 40
0
Yes
49 49
48 49
48 48
49 48
48 47
49 47
47 47
47 48
47 49
46 49
46 48
46 47
47 46
48 46
49 46
46 46
45 48
45 47
45 49
45 46
49 45
48 45
47 45
46 45
45 45
44 49
44 48
44 47
44 46
44 45
48 44
47 44
46 44
45 44
49 44
44 44
43 48
43 47
43 46
43 45
43 49
43 44
49 43
48 43
47 43
46 43
45 43
44 43
43 43
42 49
42 48
42 47
42 46
42 45
42 44
42 43
48 42
47 42
46 42
45 42
44 42
43 42
49 42
42 42
41 48
41 47
41 46
0
No
0
No
0
No
0
No
0
Yes
10 42
11 42
10 41
10 43
11 41
11 43
9 42
12 42
9 41
9 43
12 41
12 43
10 40
11 40
8 42
9 40
12 40
13 42
8 41
8 43
13 41
13 43
8 40
13 40
7 42
7 43
0
No
0
No
0
Yes
2 14
1 14
2 13
3 14
1 13
0 14
0 13
0
Yes
3 25
2 25
2 24
3 24
2 23
3 23
4 23
4 24
4 25
1 23
1 24
1 25
4 26
3 26
2 26
1 26
5 25
5 24
5 26
5 23
4 22
3 22
2 22
1 22
5 22
0 25
0 24
0 23
0 26
0 22
3 27
2 27
4 27
1 27
5 27
0 27
6 24
6 25
6 26
6 23
6 27
6 22
3 21
2 21
4 21
1 21
5 21
0 21
6 21
2 28
3 28
4 28
1 28
5 28
0 28
6 28
7 25
7 24
7 26
7 23
7 27
7 22
7 28
7 21
2 20
3 20
4 20
1 20
5 20
0 20
3 29
2 29
4 29
5 29
1 29
6 29
0 29
7 29
8 24
8 25
8 26
8 23
8 27
0
Yes
2 5
1 5
2 4
3 5
1 4
3 4
0 5
0 4
0
Yes
19 25
19 26
19 27
19 28
19 29
19 30
19 31
19 32
19 33
19 34
19 35
19 36
19 37
19 38
20 25
20 26
20 27
20 28
20 29
20 30
20 31
20 32
20 33
20 34
20 35
20 36
20 37
20 38
21 25
21 26
21 27
21 28
21 29
21 30
21 31
21 32
21 33
21 34
21 35
21 36
21 37
21 38
22 25
22 26
22 27
22 28
22 29
22 30
22 31
22 32
22 33
22 34
22 35
22 36
22 37
22 38
23 25
23 26
23 27
23 28
23 29
23 30
23 31
23 32
23 33
23 34
23 35
23 36
23 37
23 38
24 25
24 26
24 27
24 28
24 29
24 30
24 31
24 32
24 33
24 34
24 35
24 36
24 37
24 38
25 25
25 26
25 27
25 28
25 29
25 30
25 31
25 32
25 33
25 34
25 35
25 36
25 37
25 38
26 25
26 26
26 27
26 28
26 29
26 30
26 31
26 32
26 33
26 34
26 35
26 36
26 37
26 38
27 25
27 26
27 27
27 28
27 29
27 30
27 31
27 32
27 33
27 34
27 35
27 36
27 37
27 38
28 25
0
No
0
Yes
45 5
46 5
45 4
45 6
46 4
46 6
44 5
47 5
44 4
44 6
47 4
47 6
45 3
45 7
46 3
46 7
43 5
44 3
44 7
47 3
47 7
48 5
43 4
43 6
48 4
48 6
45 2
45 8
46 2
46 8
43 3
43 7
48 3
48 7
44 2
44 8
47 2
47 8
42 5
49 5
42 4
42 6
49 4
49 6
43 2
43 8
48 2
48 8
42 3
42 7
45 1
45 9
46 1
46 9
49 3
49 7
44 1
44 9
47 1
47 9
41 5
41 4
41 6
42 2
42 8
49 2
49 8
43 1
43 9
48 1
48 9
41 3
41 7
45 0
46 0
44 0
47 0
42 1
42 9
49 1
49 9
41 2
41 8
43 0
48 0
41 1
41 9
42 0
49 0
41 0
0
No
0
No
0
Yes
49 13
48 13
48 12
49 12
48 11
49 11
47 11
47 12
47 13
47 14
48 14
49 14
46 13
46 12
46 14
46 11
47 10
46 10
48 10
49 10
49 15
48 15
47 15
46 15
45 12
45 13
45 14
45 11
45 15
45 10
47 16
46 16
45 16
44 13
44 12
44 14
44 11
44 10
44 15
44 16
43 12
43 13
43 14
43 11
0
No
0
No
0
Yes
30 41
31 41
30 40
30 42
31 40
31 42
29 41
29 42
30 39
31 39
0
No
0
No
0
Yes
31 28
31 29
32 28
32 29
30 28
30 29
31 27
31 30
32 27
32 30
33 28
33 29
30 27
30 30
33 27
33 30
29 28
29 29
31 26
32 26
34 28
34 29
29 27
29 30
30 26
33 26
34 27
34 30
28 28
28 29
29 26
34 26
28 27
28 30
28 26
0
Yes
30 47
30 48
31 47
31 48
29 47
29 48
30 46
30 49
31 46
31 49
29 46
29 49
30 45
0
No
0
No
0
No
0
No
0
No
0
No
0
Yes
37 3
37 4
38 3
38 4
36 3
36 4
37 2
37 5
38 2
38 5
39 3
39 4
36 2
36 5
39 2
39 5
35 3
35 4
37 1
37 6
38 1
38 6
40 3
40 4
35 2
35 5
36 1
36 6
39 1
39 6
40 2
40 5
34 3
34 4
35 1
35 6
37 0
38 0
40 1
40 6
34 2
34 5
36 0
39 0
34 1
34 6
35 0
40 0
34 0
0
No
0
Yes
40 18
39 18
39 17
40 17
39 16
40 16
41 16
41 17
41 18
38 16
38 17
38 18
41 19
40 19
39 19
38 19
42 18
42 17
42 16
37 18
37 17
37 19
37 16
40 20
39 20
38 20
41 20
37 20
36 17
36 18
36 19
36 16
36 20
39 21
38 21
40 21
37 21
41 21
36 21
35 18
35 19
35 17
35 20
35 16
35 21
40 22
39 22
38 22
37 22
36 22
41 22
35 22
34 17
34 18
34 19
34 20
34 21
34 16
34 22
39 23
38 23
37 23
36 23
40 23
35 23
41 23
34 23
33 18
33 19
33 20
33 21
33 17
33 22
33 16
33 23
40 24
39 24
38 24
37 24
36 24
35 24
34 24
41 24
33 24
32 17
32 18
32 19
32 20
32 21
32 22
32 23
32 24
32 16
39 25
38 25
37 25
36 25
35 25
34 25
40 25
33 25
32 25
31 20
31 21
31 22
31 23
31 24
31 25
40 26
39 26
38 26
37 26
36 26
35 26
30 21
30 22
30 23
30 24
30 20
30 25
29 20
29 21
29 22
29 23
29 24
29 25
28 22
28 23
28 24
0
Yes
15 45
14 45
15 44
15 46
16 45
14 44
14 46
16 44
16 46
13 45
15 43
15 47
17 45
13 44
13 46
14 43
14 47
16 43
16 47
17 44
17 46
13 43
13 47
17 43
17 47
12 45
15 42
15 48
12 44
12 46
14 42
14 48
16 42
16 48
12 43
12 47
13 42
13 48
17 42
17 48
15 41
15 49
14 41
14 49
16 41
16 49
12 42
12 48
13 41
13 49
17 41
17 49
12 41
12 49
15 40
14 40
16 40
13 40
0
No
0
No
0
Yes
3 30
2 30
2 29
3 29
4 29
3 28
2 28
4 28
1 29
1 30
1 28
5 28
5 29
0 30
0 29
0 28
2 27
3 27
4 27
1 27
5 27
0 27
6 29
6 28
6 27
3 26
2 26
4 26
1 26
5 26
0 26
6 26
7 28
7 27
7 29
7 26
7 30
8 30
8 29
8 28
8 27
8 26
2 25
3 25
4 25
1 25
5 25
6 25
7 25
0 25
8 25
3 24
2 24
4 24
1 24
5 24
6 24
7 24
0 24
8 24
9 27
9 26
9 25
9 24
2 23
3 23
4 23
1 23
5 23
6 23
7 23
8 23
0 23
9 23
3 22
2 22
4 22
1 22
5 22
6 22
7 22
8 22
0 22
9 22
10 26
10 25
10 24
10 23
10 22
2 21
3 21
4 21
1 21
5 21
6 21
7 21
8 21
9 21
0 21
10 21
11 25
11 24
11 23
11 22
11 26
11 21
12 26
12 25
12 24
3 20
2 20
4 20
1 20
5 20
0 20
8 20
13 25
13 26
13 24
14 26
14 25
14 24
12 22
10 20
15 25
15 26
15 24
14 23
15 23
16 26
16 25
17 25
17 26
17 24
18 26
18 25
18 24
0
No
0
Yes
32 3
31 3
32 2
32 4
33 3
31 2
31 4
33 2
33 4
30 3
32 1
32 5
30 2
30 4
31 1
31 5
33 1
33 5
30 1
30 5
32 0
31 0
33 0
0
No
0
No
0
No
0
No
0
Yes
38 35
37 35
38 34
38 36
39 35
37 34
37 36
39 34
39 36
36 35
38 33
38 37
40 35
36 34
36 36
37 33
37 37
39 33
39 37
40 34
40 36
36 33
36 37
40 33
40 37
35 35
38 32
35 34
35 36
37 32
39 32
35 33
35 37
36 32
40 32
0
No
0
Yes
46 37
47 37
46 36
46 38
47 36
47 38
45 37
48 37
45 36
45 38
48 36
48 38
46 35
46 39
47 35
47 39
44 37
45 35
45 39
48 35
48 39
49 37
44 36
44 38
49 36
49 38
46 34
46 40
47 34
47 40
44 35
44 39
49 35
49 39
45 34
45 40
48 34
48 40
43 37
43 36
43 38
44 34
44 40
49 34
49 40
43 35
43 39
46 33
46 41
47 33
47 41
45 33
45 41
48 33
48 41
43 34
43 40
44 33
44 41
49 33
49 41
46 32
47 32
45 32
48 32
43 33
43 41
44 32
49 32
43 32
0
No
0
No
0
No
0
Yes
40 19
39 19
39 18
40 18
39 17
40 17
41 17
41 18
41 19
38 17
38 18
38 19
41 20
40 20
39 20
38 20
41 16
40 16
39 16
38 16
37 19
37 18
37 17
37 20
37 16
40 21
39 21
38 21
41 21
37 21
40 15
39 15
38 15
41 15
37 15
42 16
42 17
42 15
42 18
36 18
36 19
36 17
36 20
36 16
36 21
36 15
39 22
38 22
40 22
37 22
41 22
36 22
39 14
40 14
38 14
41 14
37 14
42 14
36 14
35 19
35 18
35 20
35 17
35 16
35 21
35 15
35 22
35 14
40 23
39 23
38 23
37 23
36 23
41 23
35 23
40 13
39 13
38 13
37 13
41 13
36 13
42 13
35 13
34 18
34 19
34 20
34 17
34 21
34 16
34 15
34 22
34 14
34 23
34 13
39 24
38 24
37 24
36 24
40 24
35 24
41 24
34 24
39 12
40 12
38 12
37 12
36 12
41 12
35 12
42 12
34 12
33 19
33 18
33 20
33 17
33 21
33 22
33 16
33 23
33 24
33 15
40 25
39 25
38 25
37 25
36 25
35 25
34 25
33 25
40 11
39 11
38 11
37 11
36 11
41 11
35 11
42 11
34 11
32 18
32 19
32 20
32 21
32 22
32 23
32 17
0
Yes
8 7
7 7
7 6
8 6
7 5
8 5
9 5
9 6
9 7
6 5
6 6
6 7
9 8
8 8
7 8
6 8
10 6
10 7
10 8
9 4
8 4
7 4
6 4
8 9
7 9
9 9
6 9
10 9
11 7
11 8
11 6
11 9
8 3
7 3
9 3
6 3
7 10
8 10
9 10
6 10
10 10
12 6
12 7
12 8
12 9
7 2
8 2
9 2
6 2
8 11
9 11
7 11
6 11
13 7
13 8
13 6
13 9
8 1
7 1
9 1
6 1
0
No
0
Yes
37 9
38 9
37 8
37 10
38 8
38 10
36 9
39 9
36 8
36 10
39 8
39 10
37 7
38 7
35 9
36 7
39 7
40 9
35 8
35 10
40 8
40 10
35 7
40 7
34 9
34 8
0
Yes
41 33
41 34
41 35
41 36
41 37
41 38
41 39
41 40
41 41
42 33
42 34
42 35
42 36
42 37
42 38
42 39
42 40
42 41
43 33
43 34
43 35
43 36
43 37
43 38
43 39
43 40
43 41
44 33
44 34
44 35
44 36
44 37
44 38
44 39
44 40
44 41
45 33
45 34
45 35
45 36
45 37
45 38
45 39
45 40
45 41
46 33
46 34
46 35
46 36
46 37
46 38
46 39
46 40
46 41
47 33
47 34
47 35
47 36
47 37
47 38
47 39
47 40
47 41
48 33
48 34
48 35
48 36
48 37
48 38
48 39
48 40
48 41
49 33
49 34
49 35
49 36
49 37
49 38
0
No
0
No
0
Yes
3 6
2 6
2 7
3 7
4 7
4 6
4 5
3 8
2 8
4 8
5 6
5 7
5 5
5 8
1 7
1 6
1 8
5 4
4 4
0 6
0 7
0 8
2 9
3 9
4 9
1 9
5 9
0 9
3 10
2 10
4 10
1 10
5 10
0 10
2 11
3 11
4 11
1 11
5 11
0 11
3 12
2 12
4 12
1 12
5 12
0 12
2 13
1 13
0 13
5 13
1 14
2 14
0 14
0
No
0
No
0
No
0
Yes
40 26
39 26
39 27
40 27
39 28
40 28
38 28
38 27
38 26
37 26
37 27
37 28
38 29
39 29
40 29
37 29
36 27
36 28
36 26
36 29
41 29
41 28
41 27
40 30
39 30
38 30
37 30
41 30
36 30
35 26
35 27
35 28
35 29
35 30
42 27
42 28
42 29
42 30
39 31
40 31
38 31
37 31
41 31
36 31
42 31
35 31
43 31
43 30
43 29
43 28
43 27
40 32
39 32
41 32
38 32
37 32
42 32
36 32
43 32
35 32
44 32
44 31
44 30
44 29
44 28
44 27
39 33
38 33
37 33
40 33
36 33
35 33
40 34
39 34
38 34
37 34
36 34
35 34
0
No
0
No
0
Yes
44 33
43 33
43 34
44 34
43 35
44 35
45 35
45 34
45 33
42 35
42 34
42 33
46 33
46 34
46 35
45 36
44 36
43 36
42 36
46 36
41 33
41 34
41 35
41 36
47 34
47 35
47 33
47 36
44 37
43 37
45 37
42 37
46 37
41 37
47 37
40 35
40 36
40 37
48 33
48 34
48 35
48 36
48 37
47 32
46 32
45 32
48 32
43 38
44 38
45 38
42 38
46 38
41 38
47 38
48 38
40 38
39 36
39 37
39 35
49 32
49 33
49 34
49 35
49 36
49 37
49 38
45 31
46 31
47 31
48 31
49 31
44 39
43 39
45 39
46 39
47 39
42 39
41 39
48 39
49 39
38 35
38 36
38 37
46 30
47 30
45 30
48 30
49 30
43 40
44 40
45 40
46 40
47 40
42 40
48 40
41 40
49 40
37 36
37 35
37 37
45 29
46 29
47 29
44 41
43 41
45 41
46 41
47 41
42 41
41 41
48 41
49 41
36 37
36 36
36 35
46 28
47 28
35 35
35 36
0
Yes
24 2
23 2
24 1
24 3
25 2
23 1
23 3
25 1
25 3
22 2
24 0
22 1
22 3
23 0
25 0
22 0
0
Yes
40 0
39 0
39 1
40 1
39 2
40 2
38 2
38 1
38 0
37 0
37 1
37 2
38 3
39 3
40 3
37 3
36 1
36 2
36 0
36 3
40 4
39 4
38 4
37 4
36 4
35 0
35 1
35 2
35 3
35 4
39 5
38 5
37 5
36 5
40 5
35 5
34 1
34 2
34 3
34 4
34 5
34 0
40 6
39 6
0
No
0
Yes
30 41
31 41
30 40
30 42
31 40
31 42
29 41
29 42
30 39
31 39
0
Yes
15 33
16 33
15 32
15 34
16 32
16 34
14 33
17 33
14 32
14 34
17 32
17 34
15 31
15 35
16 31
16 35
13 33
14 31
14 35
17 31
17 35
18 33
13 32
13 34
18 32
18 34
15 30
15 36
16 30
16 36
13 31
13 35
18 31
18 35
14 30
14 36
17 30
17 36
12 33
12 32
12 34
13 30
13 36
18 30
18 36
12 31
12 35
15 29
15 37
16 29
16 37
14 29
14 37
17 29
17 37
12 30
12 36
13 29
13 37
18 29
18 37
15 28
15 38
16 28
16 38
14 28
14 38
17 28
17 38
12 29
12 37
13 28
13 38
18 28
18 38
15 27
16 27
12 28
12 38
14 27
17 27
13 27
18 27
12 27
0
No
0
Yes
30 46
30 47
31 46
31 47
29 46
29 47
30 45
30 48
31 45
31 48
29 45
29 48
30 44
30 49
31 44
31 49
29 44
29 49
30 43
31 43
29 43
0
Yes
46 13
47 13
46 12
46 14
47 12
47 14
45 13
48 13
45 12
45 14
48 12
48 14
46 11
46 15
47 11
47 15
44 13
45 11
45 15
48 11
48 15
49 13
44 12
44 14
49 12
49 14
46 10
47 10
44 11
44 15
49 11
49 15
45 10
48 10
43 13
43 12
43 14
44 10
49 10
43 11
43 10
0
Yes
30 20
30 21
31 20
31 21
29 20
29 21
29 19
0
Yes
10 44
10 45
9 44
9 45
11 44
11 45
10 43
10 46
9 43
9 46
11 43
11 46
8 44
8 45
8 43
8 46
10 42
10 47
9 42
9 47
11 42
11 47
8 42
8 47
10 41
9 41
11 41
8 41
0
Yes
24 37
23 37
24 36
24 38
25 37
23 36
23 38
25 36
25 38
22 37
24 35
26 37
22 36
22 38
23 35
25 35
26 36
26 38
22 35
26 35
21 37
27 37
21 36
21 38
27 36
27 38
21 35
27 35
20 37
20 36
20 38
0
No
0
No
0
No
0
Yes
24 33
23 33
24 32
24 34
25 33
23 32
23 34
25 32
25 34
22 33
24 31
26 33
22 32
22 34
23 31
25 31
26 32
26 34
22 31
26 31
21 33
27 33
21 32
21 34
27 32
27 34
21 31
27 31
20 33
20 32
20 34
0
No
0
No
0
Yes
0 20
0 21
1 21
1 20
2 21
2 20
2 22
1 22
0 22
0 23
1 23
2 23
3 22
3 21
3 20
3 23
1 24
2 24
0 24
3 24
4 20
4 21
4 22
4 23
4 24
0 25
1 25
2 25
3 25
4 25
5 21
5 22
5 23
5 24
5 25
5 20
1 26
2 26
3 26
4 26
0 26
5 26
6 22
6 23
6 24
6 21
6 25
6 26
0 27
1 27
2 27
3 27
4 27
5 27
6 27
7 21
7 22
7 23
7 24
7 25
7 26
7 27
1 28
2 28
3 28
4 28
5 28
6 28
0 28
7 28
8 22
8 23
8 24
8 25
8 26
8 27
8 21
8 28
0 29
1 29
2 29
3 29
4 29
5 29
6 29
7 29
8 29
9 21
9 22
9 23
9 24
9 25
9 26
0
Yes
23 28
23 29
24 28
24 29
22 28
22 29
23 27
23 30
24 27
24 30
25 28
25 29
22 27
22 30
25 27
25 30
21 28
21 29
23 26
24 26
26 28
26 29
21 27
21 30
22 26
25 26
26 27
26 30
20 28
20 29
21 26
26 26
27 28
27 29
20 27
20 30
27 27
27 30
20 26
27 26
19 28
19 29
19 27
19 30
0
Yes
10 49
11 49
10 48
11 48
9 49
9 48
0
No
0
No
0
Yes
38 3
38 4
37 3
37 4
39 3
39 4
38 2
38 5
37 2
37 5
39 2
39 5
36 3
36 4
40 3
40 4
36 2
36 5
38 1
38 6
40 2
40 5
37 1
37 6
39 1
39 6
35 3
35 4
36 1
36 6
40 1
40 6
35 2
35 5
38 0
37 0
39 0
35 1
35 6
36 0
40 0
35 0
0
Yes
0 30
0 31
0 32
0 33
0 34
0 35
0 36
0 37
0 38
0 39
1 30
1 31
1 32
1 33
1 34
1 35
1 36
1 37
1 38
1 39
2 30
2 31
2 32
2 33
2 34
2 35
2 36
2 37
2 38
2 39
3 30
3 31
3 32
3 33
3 34
3 35
3 36
3 37
3 38
3 39
4 30
4 31
4 32
4 33
4 34
4 35
4 36
4 37
4 38
4 39
5 30
5 31
5 32
5 33
5 34
5 35
5 36
5 37
5 38
5 39
6 30
6 31
6 32
6 33
6 34
6 35
6 36
6 37
6 38
6 39
7 30
7 31
7 32
7 33
7 34
7 35
7 36
7 37
7 38
7 39
8 30
8 31
8 32
8 33
8 34
8 35
8 36
8 37
8 38
0
Yes
26 45
26 46
25 45
25 46
27 45
27 46
26 44
26 47
25 44
25 47
27 44
27 47
24 45
24 46
28 45
28 46
24 44
24 47
26 43
26 48
28 44
28 47
25 43
25 48
27 43
27 48
23 45
23 46
29 45
29 46
24 43
24 48
28 43
28 48
23 44
23 47
29 44
29 47
26 42
26 49
25 42
25 49
27 42
27 49
23 43
23 48
29 43
29 48
22 45
22 46
24 42
24 49
28 42
28 49
30 45
30 46
22 44
22 47
30 44
30 47
26 41
23 42
23 49
25 41
27 41
29 42
29 49
22 43
22 48
30 43
30 48
24 41
28 41
21 45
21 46
31 45
31 46
21 44
21 47
31 44
31 47
22 42
22 49
30 42
30 49
23 41
29 41
21 43
21 48
31 43
31 48
20 45
20 46
22 41
30 41
21 42
21 49
31 42
31 49
20 44
20 47
20 43
20 48
21 41
31 41
20 42
20 49
20 41
0
No
0
Yes
5 25
5 26
6 25
6 26
4 25
4 26
5 24
5 27
6 24
6 27
7 25
7 26
4 24
4 27
7 24
7 27
3 25
3 26
5 23
5 28
6 23
6 28
8 25
8 26
3 24
3 27
4 23
4 28
7 23
7 28
8 24
8 27
2 25
2 26
3 23
3 28
5 22
5 29
6 22
6 29
8 23
8 28
9 25
9 26
2 24
2 27
4 22
4 29
7 22
7 29
9 24
9 27
2 23
2 28
3 22
3 29
8 22
8 29
9 23
9 28
1 25
1 26
5 21
6 21
10 25
10 26
1 24
1 27
4 21
7 21
10 24
10 27
2 22
2 29
9 22
9 29
1 23
1 28
3 21
8 21
10 23
10 28
0 25
0 26
0 24
0 27
1 22
1 29
2 21
9 21
10 22
10 29
0 23
0 28
1 21
10 21
0 22
0 29
0
No
0
No
0
No
0
Yes
4 0
3 0
3 1
4 1
3 2
4 2
5 2
5 1
5 0
2 2
2 1
2 0
6 0
6 1
6 2
5 3
4 3
3 3
2 3
6 3
1 0
1 1
1 2
1 3
7 1
7 2
7 0
7 3
4 4
3 4
5 4
2 4
6 4
1 4
7 4
0 1
0 2
0 3
0 4
0 0
8 4
3 5
4 5
5 5
2 5
6 5
1 5
7 5
0 5
8 5
4 6
3 6
5 6
2 6
6 6
1 6
7 6
0 6
8 6
9 6
9 5
9 4
9 3
8 3
8 2
8 1
9 2
9 1
0
Yes
7 47
6 47
7 46
6 46
0
No
0
No
0
Yes
0 10
0 9
1 9
1 10
2 9
2 10
2 11
1 11
0 11
2 8
1 8
0 8
0 12
1 12
2 12
3 11
3 10
3 9
3 8
3 12
0 7
1 7
2 7
3 7
1 13
2 13
0 13
4 10
4 9
4 11
4 8
4 12
4 7
5 9
5 10
5 11
5 8
5 7
5 12
6 10
6 9
6 11
6 8
6 7
7 9
7 10
7 8
7 11
7 7
8 10
8 9
8 8
8 11
8 7
9 9
9 10
9 8
9 7
0
Yes
23 49
22 49
22 48
23 48
22 47
23 47
24 47
24 48
24 49
21 47
21 48
21 49
25 49
25 48
25 47
24 46
23 46
22 46
21 46
25 46
20 49
20 48
20 47
20 46
26 48
26 47
26 49
26 46
23 45
22 45
24 45
21 45
25 45
20 45
26 45
19 48
19 47
19 46
19 49
19 45
27 49
27 48
27 47
27 46
27 45
22 44
23 44
24 44
21 44
25 44
20 44
26 44
19 44
27 44
18 49
18 48
18 47
18 46
18 45
18 44
28 44
23 43
22 43
24 43
21 43
25 43
20 43
26 43
19 43
27 43
18 43
28 43
22 42
23 42
24 42
21 42
25 42
20 42
26 42
19 42
27 42
18 42
28 42
29 42
29 43
29 44
29 45
28 45
28 46
28 47
29 46
29 47
28 48
28 49
29 48
29 49
23 41
22 41
24 41
21 41
25 41
20 41
26 41
27 41
19 41
28 41
18 41
29 41
30 41
30 42
30 43
30 44
30 45
30 46
0
Yes
23 35
22 35
23 34
23 36
24 35
22 34
22 36
24 34
24 36
21 35
23 33
23 37
25 35
21 34
21 36
22 33
22 37
24 33
24 37
25 34
25 36
21 33
21 37
25 33
25 37
20 35
23 32
23 38
26 35
20 34
20 36
22 32
22 38
24 32
24 38
26 34
26 36
20 33
20 37
21 32
21 38
25 32
25 38
26 33
26 37
19 35
23 31
19 34
19 36
22 31
24 31
20 32
20 38
26 32
26 38
19 33
19 37
21 31
25 31
19 32
19 38
20 31
26 31
19 31
0
Yes
17 24
17 25
17 26
18 24
18 25
18 26
19 24
19 25
19 26
20 24
0
No
0
No
0
Yes
14 25
14 26
13 25
13 26
15 25
15 26
14 24
13 24
15 24
12 25
12 26
16 25
16 26
12 24
11 25
11 26
11 24
0
No
0
Yes
21 49
20 49
20 48
21 48
20 47
21 47
22 47
22 48
22 49
19 47
19 48
19 49
23 49
23 48
23 47
22 46
21 46
20 46
19 46
23 46
18 49
18 48
18 47
18 46
24 48
24 47
24 49
24 46
21 45
20 45
22 45
19 45
23 45
18 45
24 45
25 45
25 46
25 47
25 48
25 49
20 44
21 44
22 44
23 44
19 44
24 44
18 44
25 44
26 44
26 45
26 46
26 47
0
Yes
33 12
33 13
32 12
32 13
33 11
32 11
0
No
0
Yes
31 2
32 2
31 1
31 3
32 1
32 3
30 2
33 2
30 1
30 3
33 1
33 3
31 0
32 0
29 2
30 0
33 0
34 2
29 1
34 1
34 3
29 0
34 0
28 2
28 1
28 0
0
No
0
Yes
32 5
32 6
33 5
33 6
31 5
32 4
33 4
34 5
34 6
31 4
34 4
30 5
30 4
0
Yes
23 37
24 37
23 36
23 38
24 36
24 38
22 37
25 37
22 36
22 38
25 36
25 38
23 35
23 39
24 35
24 39
21 37
22 35
22 39
25 35
25 39
26 37
21 36
21 38
26 36
26 38
23 34
23 40
24 34
24 40
21 35
21 39
26 35
26 39
22 34
22 40
25 34
25 40
20 37
27 37
20 36
20 38
27 36
27 38
21 34
21 40
26 34
26 40
20 35
20 39
23 33
23 41
24 33
24 41
27 35
27 39
22 33
22 41
25 33
25 41
19 37
19 36
19 38
20 34
20 40
27 34
27 40
21 33
21 41
26 33
26 41
19 35
19 39
23 32
23 42
24 32
24 42
22 32
22 42
25 32
25 42
20 33
20 41
27 33
27 41
19 34
19 40
21 32
21 42
26 32
26 42
19 33
19 41
23 31
24 31
20 32
20 42
27 32
27 42
22 31
25 31
21 31
26 31
19 32
19 42
20 31
27 31
19 31
0
Yes
20 46
20 47
19 46
19 47
21 46
21 47
20 45
20 48
19 45
19 48
21 45
21 48
18 46
18 47
18 45
18 48
20 44
20 49
19 44
19 49
21 44
21 49
18 44
18 49
20 43
19 43
0
No
0
No
0
Yes
15 41
16 41
15 40
15 42
16 40
16 42
14 41
17 41
14 40
14 42
17 40
17 42
15 39
16 39
13 41
14 39
17 39
18 41
13 40
13 42
18 40
18 42
13 39
18 39
12 41
12 40
12 42
0
No
0
Yes
24 46
24 47
23 46
23 47
25 46
25 47
24 45
24 48
23 45
23 48
25 45
25 48
22 46
22 47
22 45
22 48
24 44
24 49
23 44
23 49
25 44
25 49
22 44
22 49
24 43
23 43
25 43
22 43
0
No
0
Yes
10 32
11 32
10 31
10 33
11 31
11 33
9 32
9 31
9 33
10 30
11 30
9 30
0
Yes
28 31
28 30
29 30
29 31
29 32
28 32
28 33
29 33
30 31
30 32
30 30
30 33
29 29
28 29
30 29
28 28
29 28
30 28
29 34
28 34
30 34
31 30
31 31
31 32
31 29
31 33
31 28
31 34
28 35
29 35
30 35
31 35
32 31
32 30
32 32
32 29
32 33
32 34
32 28
32 35
29 27
30 27
31 27
28 27
32 27
28 26
29 26
30 26
31 26
32 26
29 36
30 36
31 36
28 36
32 36
33 30
33 31
33 32
33 29
33 33
33 28
33 34
33 27
33 35
33 26
33 36
28 37
29 37
30 37
31 37
32 37
33 37
34 31
34 30
34 32
34 29
34 33
34 28
34 34
34 27
34 35
34 36
34 26
34 37
29 25
30 25
31 25
32 25
28 25
27 25
28 24
29 24
30 24
31 24
27 24
32 24
0
No
1
769
14 43
14 44
14 45
14 46
14 47
14 48
14 49
15 43
15 44
15 45
15 46
15 47
15 48
15 49
16 43
16 44
16 45
16 46
16 47
16 48
16 49
17 43
17 44
17 45
17 46
17 47
17 48
17 49
Yes
22 43
22 44
22 45
22 46
22 47
22 48
22 49
23 43
23 44
23 45
23 46
23 47
23 48
23 49
24 43
24 44
24 45
24 46
24 47
24 48
24 49
25 43
25 44
25 45
25 46
25 47
25 48
25 49
26 43
26 44
26 45
26 46
26 47
26 48
26 49
27 43
27 44
27 45
27 46
27 47
27 48
27 49
28 43
28 44
28 45
28 46
28 47
28 48
28 49
29 43
29 44
29 45
29 46
29 47
29 48
29 49
30 43
30 44
30 45
30 46
30 47
30 48
30 49
31 43
31 44
31 45
31 46
31 47
31 48
31 49
0
Yes
22 6
22 5
21 5
21 4
22 4
21 3
22 3
20 3
20 4
20 5
19 5
19 4
19 3
23 4
23 3
24 4
24 3
24 2
23 2
22 2
22 1
23 1
24 1
25 1
25 2
25 3
23 0
24 0
25 0
22 0
0
No
0
Yes
18 7
18 6
19 6
17 7
17 6
0
No
0
No
0
No
0
Yes
33 13
32 13
33 12
32 12
0
No
0
No
0
No
0
No
0
No
0
No
0
No
0
No
0
No
0
No
0
No
0
Yes
30 22
31 22
30 21
30 23
31 21
31 23
29 22
29 21
29 23
30 20
31 20
29 20
0
No
0
No
0
Yes
5 29
4 29
4 28
5 28
4 27
5 27
6 27
6 28
6 29
3 27
3 28
3 29
7 29
7 28
7 27
6 26
5 26
4 26
3 26
7 26
2 29
2 28
2 27
2 26
8 28
8 27
8 29
8 26
5 25
4 25
6 25
3 25
7 25
2 25
8 25
1 28
1 27
1 26
1 29
1 25
9 29
9 28
9 27
9 26
9 25
4 24
5 24
6 24
3 24
7 24
2 24
8 24
1 24
9 24
0 29
0 28
0 27
0 26
0 25
0 24
10 24
5 23
4 23
6 23
3 23
7 23
2 23
8 23
1 23
9 23
0 23
10 23
4 22
5 22
6 22
3 22
7 22
2 22
8 22
1 22
9 22
0 22
10 22
11 22
11 23
11 24
11 25
10 25
10 26
10 27
11 26
11 27
10 28
10 29
11 28
11 29
5 21
4 21
6 21
3 21
7 21
2 21
8 21
9 21
1 21
0 21
10 21
11 21
4 20
0
No
0
No
0
No
0
No
0
No
3
724
0 14
0 15
0 16
0 17
0 18
0 19
0 20
1 14
1 15
1 16
1 17
1 18
1 19
1 20
2 14
2 15
2 16
2 17
2 18
2 19
2 20
3 14
3 15
3 16
3 17
3 18
3 19
3 20
769
19 0
19 1
19 2
19 3
19 4
19 5
20 0
20 1
20 2
20 3
20 4
20 5
21 0
21 1
21 2
21 3
21 4
21 5
22 0
22 1
22 2
22 3
22 4
22 5
23 0
23 1
23 2
23 3
767
19 25
19 26
19 27
19 28
19 29
19 30
20 25
20 26
20 27
20 28
20 29
20 30
21 25
21 26
21 27
21 28
21 29
21 30
22 25
22 26
22 27
22 28
22 29
22 30
23 25
23 26
23 27
Yes
9 39
9 40
9 41
9 42
9 43
9 44
9 45
9 46
9 47
9 48
9 49
10 39
10 40
10 41
10 42
10 43
10 44
10 45
10 46
10 47
10 48
10 49
11 39
11 40
11 41
11 42
11 43
11 44
11 45
11 46
11 47
11 48
11 49
12 39
12 40
12 41
12 42
12 43
12 44
12 45
12 46
12 47
12 48
12 49
13 39
13 40
13 41
13 42
13 43
13 44
13 45
13 46
13 47
13 48
13 49
14 39
14 40
14 41
14 42
14 43
14 44
14 45
14 46
14 47
14 48
14 49
15 39
15 40
15 41
15 42
15 43
15 44
15 45
15 46
15 47
15 48
15 49
16 39
16 40
16 41
16 42
16 43
16 44
16 45
16 46
16 47
16 48
0
No
0
No
0
No
0
No
0
No
0
No
0
No
0
Yes
0 0
0 1
0 2
0 3
0 4
0 5
0 6
1 0
1 1
1 2
1 3
1 4
1 5
1 6
2 0
2 1
2 2
2 3
2 4
2 5
2 6
3 0
3 1
3 2
3 3
3 4
3 5
3 6
4 0
4 1
4 2
4 3
4 4
4 5
4 6
5 0
5 1
5 2
5 3
0
Yes
6 34
5 34
6 33
6 35
7 34
5 33
5 35
7 33
7 35
4 34
6 32
6 36
8 34
4 33
4 35
5 32
5 36
7 32
7 36
8 33
8 35
4 32
4 36
8 32
8 36
3 34
6 31
6 37
9 34
3 33
3 35
5 31
5 37
7 31
7 37
9 33
9 35
3 32
3 36
4 31
4 37
8 31
8 37
9 32
9 36
2 34
6 30
10 34
2 33
2 35
5 30
7 30
10 33
10 35
3 31
3 37
9 31
9 37
2 32
2 36
4 30
8 30
10 32
10 36
1 34
2 31
2 37
3 30
9 30
10 31
10 37
11 34
1 33
1 35
11 33
11 35
1 32
1 36
11 32
11 36
2 30
10 30
1 31
1 37
11 31
11 37
0 34
0 33
0 35
0 32
0 36
1 30
11 30
0 31
0
No
0
Yes
26 28
27 28
26 27
26 29
27 27
27 29
25 28
25 27
25 29
26 26
26 30
27 26
27 30
25 26
25 30
26 25
25 25
0
No
0
No
0
Yes
12 6
11 6
11 5
12 5
11 4
12 4
13 4
13 5
13 6
10 4
10 5
10 6
13 7
12 7
11 7
10 7
14 6
14 5
14 7
14 4
13 3
12 3
11 3
10 3
14 3
9 6
9 5
9 4
9 3
12 8
11 8
13 8
10 8
14 8
15 5
15 6
15 4
15 3
15 7
12 2
11 2
13 2
10 2
14 2
9 2
15 2
8 5
8 4
8 3
8 6
8 2
11 9
12 9
13 9
10 9
16 4
16 5
16 6
16 3
16 2
11 1
12 1
13 1
10 1
14 1
9 1
15 1
8 1
16 1
7 6
7 5
7 4
7 3
7 2
7 1
17 6
17 5
17 4
17 3
17 2
17 1
12 0
11 0
13 0
10 0
14 0
9 0
15 0
8 0
16 0
7 0
17 0
6 5
6 4
6 3
6 2
6 6
6 1
6 0
0
No
0
Yes
19 46
19 47
20 46
20 47
18 46
18 47
19 45
19 48
20 45
20 48
21 46
21 47
18 45
18 48
21 45
21 48
17 46
17 47
19 44
19 49
20 44
20 49
17 45
17 48
18 44
18 49
21 44
21 49
17 44
17 49
19 43
20 43
18 43
21 43
0
No
0
Yes
24 4
23 4
23 3
24 3
23 2
24 2
22 2
22 3
22 4
21 4
21 3
21 2
22 1
23 1
24 1
21 1
20 3
20 2
20 4
20 1
25 1
25 2
25 3
24 0
23 0
22 0
21 0
25 0
20 0
19 4
19 3
19 2
19 1
19 0
20 5
21 5
19 5
0
Yes
22 43
22 44
22 45
22 46
22 47
22 48
22 49
23 43
23 44
23 45
23 46
23 47
23 48
23 49
24 43
24 44
24 45
24 46
24 47
24 48
24 49
25 43
25 44
25 45
25 46
25 47
25 48
25 49
26 43
26 44
26 45
26 46
26 47
26 48
26 49
27 43
27 44
27 45
27 46
27 47
0
No
0
Yes
18 7
17 7
17 6
18 6
17 5
18 5
17 4
18 4
16 4
16 5
16 6
16 3
17 3
18 3
15 6
15 5
15 4
15 3
18 2
17 2
16 2
15 2
14 5
14 4
14 3
14 6
14 2
17 1
16 1
15 1
18 1
14 1
13 6
13 5
13 4
13 3
13 2
13 1
18 0
17 0
16 0
15 0
14 0
0
Yes
35 0
35 1
35 2
35 3
35 4
35 5
35 6
35 7
35 8
35 9
35 10
36 0
36 1
36 2
36 3
36 4
36 5
36 6
36 7
36 8
36 9
36 10
37 0
37 1
37 2
37 3
37 4
37 5
37 6
37 7
37 8
37 9
37 10
38 0
38 1
38 2
38 3
38 4
38 5
38 6
38 7
38 8
38 9
38 10
39 0
39 1
39 2
39 3
39 4
39 5
39 6
39 7
39 8
39 9
39 10
40 0
40 1
40 2
40 3
40 4
40 5
0
Yes
47 33
46 33
46 32
47 32
46 31
47 31
48 31
48 32
48 33
45 31
45 32
45 33
48 34
47 34
46 34
45 34
49 33
49 32
49 34
49 31
48 30
47 30
46 30
45 30
49 30
47 35
46 35
48 35
45 35
49 35
47 29
46 29
45 29
46 36
47 36
48 36
45 36
49 36
44 35
44 34
44 33
44 36
47 37
46 37
48 37
45 37
49 37
44 37
43 33
43 34
43 35
43 36
43 37
46 38
47 38
45 38
48 38
44 38
49 38
43 38
42 34
42 35
42 36
42 37
42 33
42 38
47 39
46 39
45 39
44 39
48 39
43 39
49 39
42 39
41 33
41 34
41 35
41 36
41 37
41 38
41 39
46 40
47 40
45 40
44 40
43 40
48 40
42 40
49 40
41 40
40 35
40 36
40 37
40 38
47 41
46 41
45 41
44 41
43 41
42 41
41 41
48 41
49 41
47 28
46 28
0
Yes
30 40
29 40
30 39
30 41
31 40
29 39
29 41
31 39
31 41
28 40
30 38
28 39
28 41
29 38
31 38
28 38
0
No
0
No
0
No
0
Yes
17 41
17 42
17 43
18 41
18 42
0
No
0
Yes
30 45
30 46
29 45
29 46
31 45
31 46
30 44
30 47
29 44
29 47
31 44
31 47
28 45
28 46
28 44
28 47
30 43
30 48
29 43
29 48
31 43
31 48
28 43
28 48
30 42
29 42
31 42
28 42
0
Yes
7 0
6 0
6 1
7 1
8 1
8 0
7 2
6 2
8 2
9 0
9 1
9 2
5 1
5 0
5 2
4 0
4 1
4 2
6 3
7 3
8 3
5 3
9 3
4 3
10 1
10 2
10 0
10 3
7 4
6 4
8 4
5 4
9 4
4 4
10 4
11 0
11 1
11 2
11 3
11 4
3 1
3 2
3 3
3 0
3 4
2 0
2 1
2 2
2 3
2 4
6 5
7 5
8 5
5 5
9 5
4 5
10 5
3 5
11 5
2 5
12 1
12 2
12 3
12 4
12 0
12 5
7 6
6 6
8 6
5 6
9 6
4 6
10 6
3 6
11 6
2 6
12 6
13 0
1 1
1 2
1 3
1 4
1 5
1 0
1 6
0 0
0 1
0 2
0 3
0 4
0 5
0 6
0
Yes
23 46
23 47
24 46
24 47
22 46
22 47
23 45
23 48
24 45
24 48
25 46
25 47
22 45
22 48
25 45
25 48
21 46
21 47
23 44
23 49
24 44
24 49
26 46
26 47
21 45
21 48
22 44
22 49
25 44
25 49
26 45
26 48
20 46
20 47
21 44
21 49
23 43
24 43
26 44
26 49
27 46
27 47
20 45
20 48
22 43
25 43
27 45
27 48
20 44
20 49
21 43
26 43
27 44
27 49
19 46
19 47
19 45
19 48
20 43
27 43
19 44
19 49
0
Yes
39 31
38 31
39 30
39 32
40 31
38 30
38 32
40 30
40 32
37 31
39 29
39 33
41 31
37 30
37 32
38 29
38 33
40 29
40 33
41 30
41 32
37 29
37 33
41 29
41 33
36 31
39 28
39 34
42 31
36 30
36 32
38 28
38 34
40 28
40 34
42 30
42 32
36 29
36 33
37 28
37 34
41 28
41 34
42 29
42 33
35 31
39 27
39 35
35 30
35 32
38 27
38 35
40 27
40 35
36 28
36 34
42 28
42 34
35 29
35 33
37 27
37 35
41 27
41 35
35 28
35 34
36 27
36 35
39 26
42 27
42 35
38 26
40 26
37 26
35 27
35 35
36 26
35 26
0
Yes
45 39
46 39
45 38
45 40
46 38
46 40
44 39
47 39
44 38
44 40
47 38
47 40
45 37
45 41
46 37
46 41
43 39
44 37
44 41
47 37
47 41
48 39
43 38
43 40
48 38
48 40
45 36
46 36
43 37
43 41
48 37
48 41
44 36
47 36
42 39
49 39
42 38
42 40
49 38
49 40
43 36
48 36
42 37
42 41
49 37
49 41
41 39
41 38
41 40
42 36
49 36
0
No
0
No
0
No
0
No
0
No
0
Yes
15 44
15 45
14 44
14 45
16 44
16 45
15 43
15 46
14 43
14 46
16 43
16 46
13 44
13 45
17 44
17 45
13 43
13 46
15 42
15 47
17 43
17 46
14 42
14 47
16 42
16 47
12 44
12 45
18 44
18 45
13 42
13 47
17 42
17 47
12 43
12 46
18 43
18 46
15 41
15 48
14 41
14 48
16 41
16 48
12 42
12 47
18 42
18 47
11 44
11 45
13 41
13 48
17 41
17 48
11 43
11 46
15 40
15 49
12 41
12 48
14 40
14 49
16 40
16 49
18 41
18 48
11 42
11 47
13 40
13 49
17 40
17 49
11 41
11 48
12 40
12 49
18 40
18 49
15 39
14 39
16 39
13 39
17 39
11 40
11 49
12 39
18 39
0
Yes
26 47
27 47
26 46
26 48
27 46
27 48
25 47
28 47
25 46
25 48
28 46
28 48
26 45
26 49
27 45
27 49
24 47
25 45
25 49
28 45
28 49
29 47
24 46
24 48
29 46
29 48
26 44
27 44
24 45
24 49
29 45
29 49
25 44
28 44
23 47
30 47
23 46
23 48
30 46
30 48
24 44
29 44
23 45
23 49
30 45
30 49
22 47
31 47
22 46
22 48
23 44
30 44
31 46
31 48
22 45
22 49
31 45
31 49
22 44
31 44
21 47
21 46
21 48
21 45
21 49
0
Yes
26 28
25 28
26 27
26 29
27 28
25 27
25 29
27 27
27 29
24 28
26 26
26 30
24 27
24 29
25 26
25 30
27 26
27 30
24 26
24 30
26 25
25 25
24 25
0
No
0
No
0
No
0
Yes
49 13
48 13
48 12
49 12
48 11
49 11
47 11
47 12
47 13
47 14
48 14
49 14
46 13
46 12
46 14
46 11
47 10
46 10
48 10
49 10
49 15
48 15
47 15
46 15
45 12
45 13
45 14
45 11
45 15
45 10
47 16
46 16
45 16
44 13
44 12
44 14
44 11
44 10
44 15
0
No
0
Yes
4 19
3 19
3 18
4 18
3 17
4 17
2 17
2 18
2 19
1 19
1 18
1 17
2 16
3 16
4 16
1 16
0 18
0 17
0 19
0 16
1 20
2 20
3 20
0 20
5 16
5 17
5 18
4 15
3 15
2 15
1 15
0 15
0
No
0
Yes
37 45
36 45
37 44
37 46
38 45
36 44
36 46
38 44
38 46
35 45
37 43
37 47
39 45
35 44
35 46
36 43
36 47
38 43
38 47
39 44
39 46
35 43
35 47
39 43
39 47
34 45
37 42
37 48
40 45
34 44
34 46
36 42
36 48
38 42
38 48
40 44
40 46
34 43
34 47
35 42
35 48
39 42
39 48
40 43
40 47
33 45
37 41
37 49
41 45
33 44
33 46
36 41
36 49
38 41
38 49
41 44
41 46
34 42
34 48
40 42
40 48
33 43
33 47
35 41
35 49
39 41
39 49
41 43
41 47
32 45
33 42
33 48
34 41
34 49
37 40
40 41
40 49
41 42
41 48
32 44
32 46
36 40
38 40
32 43
32 47
35 40
39 40
33 41
33 49
41 41
41 49
32 42
32 48
34 40
40 40
32 41
32 49
33 40
32 40
0
No
0
No
0
No
0
Yes
30 43
29 43
30 42
31 43
29 42
31 42
28 43
28 42
0
Yes
16 3
15 3
16 2
16 4
17 3
15 2
15 4
17 2
17 4
14 3
16 1
16 5
18 3
14 2
14 4
15 1
15 5
17 1
17 5
18 2
18 4
14 1
14 5
18 1
18 5
13 3
16 0
13 2
13 4
15 0
17 0
13 1
13 5
14 0
18 0
0
No
0
No
0
Yes
47 46
46 46
47 45
47 47
48 46
46 45
46 47
48 45
48 47
45 46
47 44
47 48
49 46
45 45
45 47
46 44
46 48
48 44
48 48
49 45
49 47
45 44
45 48
49 44
49 48
44 46
47 43
47 49
44 45
44 47
46 43
46 49
48 43
48 49
44 44
44 48
45 43
45 49
49 43
49 49
47 42
46 42
48 42
44 43
44 49
45 42
49 42
0
Yes
27 2
26 2
27 1
27 3
26 1
27 0
26 0
0
Yes
3 10
2 10
3 9
3 11
4 10
2 9
2 11
4 9
4 11
1 10
3 8
3 12
5 10
1 9
1 11
2 8
2 12
4 8
4 12
5 9
5 11
1 8
1 12
5 8
5 12
0 10
3 7
0 9
0 11
2 7
4 7
0 8
0 12
1 7
0
No
0
No
0
No
0
No
0
No
0
No
0
No
0
Yes
9 9
8 9
9 8
9 10
10 9
8 8
8 10
10 8
10 10
7 9
9 7
11 9
7 8
7 10
8 7
10 7
11 8
7 7
11 7
6 9
6 8
6 10
6 7
0
No
0
Yes
46 49
45 49
45 48
46 48
45 47
46 47
47 47
47 48
47 49
44 47
44 48
44 49
48 49
48 48
48 47
47 46
46 46
45 46
44 46
48 46
43 49
43 48
43 47
43 46
49 48
49 47
49 46
49 49
46 45
45 45
47 45
44 45
48 45
43 45
49 45
42 48
42 47
42 46
42 45
42 49
45 44
46 44
47 44
44 44
48 44
43 44
49 44
42 44
46 43
45 43
47 43
44 43
48 43
0
Yes
38 30
39 30
38 29
38 31
39 29
39 31
37 30
40 30
37 29
37 31
40 29
40 31
38 28
38 32
39 28
39 32
36 30
37 28
37 32
40 28
40 32
41 30
36 29
36 31
41 29
41 31
38 27
38 33
39 27
39 33
36 28
36 32
41 28
41 32
37 27
37 33
40 27
40 33
35 30
35 29
35 31
36 27
36 33
41 27
41 33
35 28
35 32
38 26
39 26
37 26
40 26
35 27
35 33
36 26
35 26
0
Yes
24 38
25 38
24 37
24 39
25 37
25 39
23 38
26 38
23 37
23 39
26 37
26 39
24 36
24 40
25 36
25 40
22 38
23 36
23 40
26 36
26 40
27 38
22 37
22 39
27 37
27 39
24 35
24 41
25 35
25 41
22 36
22 40
27 36
27 40
23 35
23 41
26 35
26 41
21 38
21 37
21 39
22 35
22 41
27 35
27 41
21 36
21 40
24 34
24 42
25 34
25 42
23 34
23 42
26 34
26 42
21 35
21 41
22 34
22 42
27 34
27 42
24 33
24 43
25 33
25 43
23 33
23 43
26 33
26 43
21 34
21 42
22 33
22 43
27 33
27 43
24 32
25 32
21 33
21 43
23 32
26 32
22 32
27 32
21 32
0
Yes
16 44
16 45
17 44
17 45
15 44
15 45
16 43
16 46
17 43
17 46
18 44
18 45
15 43
15 46
18 43
18 46
14 44
14 45
16 42
16 47
17 42
17 47
19 44
19 45
14 43
14 46
15 42
15 47
18 42
18 47
19 43
19 46
13 44
13 45
14 42
14 47
16 41
16 48
17 41
17 48
19 42
19 47
20 44
20 45
13 43
13 46
15 41
15 48
18 41
18 48
20 43
20 46
13 42
13 47
14 41
14 48
19 41
19 48
20 42
20 47
12 44
12 45
16 40
16 49
17 40
17 49
12 43
12 46
15 40
15 49
18 40
18 49
13 41
13 48
20 41
20 48
12 42
12 47
14 40
14 49
19 40
19 49
16 39
17 39
12 41
12 48
13 40
13 49
15 39
18 39
20 40
20 49
14 39
19 39
12 40
12 49
13 39
20 39
12 39
0
No
0
Yes
43 26
43 27
42 27
44 27
42 28
43 28
44 28
43 29
42 29
44 29
45 29
42 30
43 30
44 30
45 30
43 31
44 31
42 31
45 31
46 30
46 29
46 31
46 28
47 28
47 29
47 30
47 31
42 32
43 32
44 32
45 32
46 32
47 32
48 30
48 31
48 32
43 33
44 33
45 33
46 33
47 33
42 33
48 33
49 31
49 32
49 30
49 33
42 34
43 34
44 34
45 34
46 34
47 34
48 34
49 34
41 34
43 35
42 35
44 35
45 35
46 35
47 35
48 35
41 35
49 35
40 35
40 34
39 34
39 35
41 36
40 36
39 36
38 35
38 34
38 36
37 34
37 35
37 36
36 35
36 34
36 36
35 34
35 35
35 36
40 37
39 37
38 37
37 37
36 37
41 37
35 37
0
Yes
49 13
48 13
48 12
49 12
48 11
49 11
47 11
47 12
47 13
47 14
48 14
49 14
46 13
46 12
46 14
46 11
47 10
46 10
48 10
49 10
49 15
48 15
47 15
46 15
45 12
45 13
45 14
45 11
45 15
45 10
47 16
46 16
45 16
44 13
44 12
44 14
44 11
44 10
44 15
44 16
43 12
43 11
43 10
0
No
0
Yes
13 25
13 26
14 25
14 26
12 25
12 26
13 24
14 24
12 24
0
Yes
38 3
38 4
37 3
37 4
39 3
39 4
38 2
38 5
37 2
37 5
39 2
39 5
36 3
36 4
40 3
40 4
36 2
36 5
38 1
38 6
40 2
40 5
37 1
37 6
39 1
39 6
35 3
35 4
36 1
36 6
40 1
40 6
35 2
35 5
38 0
37 0
39 0
35 1
35 6
36 0
40 0
35 0
0
No
0
Yes
1 14
2 14
1 13
2 13
0 14
0 13
0
No
0
No
0
No
0
Yes
27 26
26 26
26 25
26 27
27 27
25 27
25 26
25 25
25 28
26 28
27 28
24 26
24 27
24 25
24 28
27 29
26 29
25 29
24 29
24 24
25 24
26 24
23 25
23 26
23 27
23 28
23 29
26 30
25 30
24 30
27 30
23 30
22 26
22 27
22 28
22 29
22 25
22 30
27 31
26 31
25 31
24 31
23 31
22 31
21 25
21 26
21 27
21 28
21 29
21 30
0
Yes
40 26
39 26
39 27
40 27
39 28
40 28
38 28
38 27
38 26
37 26
37 27
37 28
38 29
39 29
40 29
37 29
36 27
36 28
36 26
36 29
41 29
41 28
41 27
40 30
39 30
38 30
37 30
41 30
36 30
35 26
35 27
35 28
35 29
35 30
39 31
38 31
37 31
40 31
36 31
41 31
35 31
40 32
39 32
38 32
37 32
0
No
0
No
0
Yes
45 36
45 37
45 38
45 39
45 40
46 36
46 37
46 38
46 39
46 40
47 36
47 37
47 38
47 39
47 40
48 36
48 37
48 38
48 39
48 40
49 36
49 37
49 38
49 39
49 40
0
Yes
23 32
24 32
23 31
23 33
24 31
24 33
22 32
25 32
22 31
22 33
25 31
25 33
23 30
23 34
24 30
24 34
21 32
22 30
22 34
25 30
25 34
26 32
21 31
21 33
26 31
26 33
23 29
23 35
24 29
24 35
21 30
21 34
26 30
26 34
22 29
22 35
25 29
25 35
20 32
27 32
20 31
20 33
27 31
27 33
21 29
21 35
26 29
26 35
20 30
20 34
23 28
23 36
24 28
24 36
27 30
27 34
22 28
22 36
25 28
25 36
19 32
19 31
19 33
20 29
20 35
27 29
27 35
21 28
21 36
26 28
26 36
19 30
19 34
23 27
23 37
24 27
24 37
22 27
22 37
25 27
25 37
20 28
20 36
27 28
27 36
19 29
19 35
21 27
21 37
26 27
26 37
19 28
19 36
23 26
23 38
24 26
24 38
20 27
20 37
27 27
27 37
22 26
22 38
25 26
25 38
21 26
21 38
26 26
26 38
19 27
19 37
20 26
20 38
27 26
27 38
23 25
24 25
22 25
25 25
21 25
26 25
19 26
0
No
0
Yes
9 39
9 40
8 39
8 40
10 39
10 40
9 38
8 38
10 38
7 39
7 40
11 39
11 40
7 38
11 38
6 39
6 38
0
No
0
Yes
4 39
5 39
4 38
5 38
3 39
3 38
0
No
0
No
0
Yes
10 48
10 49
11 48
11 49
9 48
9 49
10 47
11 47
9 47
0
Yes
29 41
28 41
29 40
29 42
30 41
28 40
28 42
30 40
30 42
27 41
29 39
29 43
31 41
27 40
27 42
28 39
28 43
30 39
30 43
31 40
31 42
27 39
27 43
31 39
31 43
26 41
29 38
26 40
26 42
28 38
30 38
26 39
26 43
27 38
31 38
26 38
0
Yes
45 3
45 4
46 3
46 4
44 3
44 4
45 2
45 5
46 2
46 5
47 3
47 4
44 2
44 5
47 2
47 5
43 3
43 4
45 1
45 6
46 1
46 6
48 3
48 4
43 2
43 5
44 1
44 6
47 1
47 6
48 2
48 5
42 3
42 4
43 1
43 6
45 0
46 0
48 1
48 6
49 3
49 4
42 2
42 5
44 0
47 0
49 2
49 5
42 1
42 6
43 0
48 0
49 1
49 6
41 3
41 4
41 2
41 5
42 0
49 0
41 1
41 6
41 0
0
Yes
46 12
47 12
46 11
46 13
47 11
47 13
45 12
48 12
45 11
45 13
48 11
48 13
46 10
46 14
47 10
47 14
44 12
45 10
45 14
48 10
48 14
49 12
44 11
44 13
49 11
49 13
46 9
46 15
47 9
47 15
44 10
44 14
49 10
49 14
45 9
45 15
48 9
48 15
43 12
43 11
43 13
44 9
44 15
49 9
49 15
43 10
43 14
46 8
46 16
47 8
47 16
45 8
45 16
48 8
43 9
44 8
44 16
49 8
49 16
46 7
47 7
45 7
48 7
43 8
44 7
49 7
43 7
0
No
0
No
0
No
0
No
0
Yes
45 34
46 34
45 33
45 35
46 33
46 35
44 34
47 34
44 33
44 35
47 33
47 35
45 32
45 36
46 32
46 36
43 34
44 32
44 36
47 32
47 36
48 34
43 33
43 35
48 33
48 35
45 31
45 37
46 31
46 37
43 32
43 36
48 32
48 36
44 31
44 37
47 31
47 37
42 34
49 34
42 33
42 35
49 33
49 35
43 31
43 37
48 31
48 37
42 32
42 36
45 30
45 38
46 30
46 38
49 32
49 36
44 30
44 38
47 30
47 38
41 34
41 33
41 35
42 31
42 37
49 31
49 37
43 30
43 38
48 30
48 38
41 32
41 36
45 29
46 29
44 29
47 29
42 30
42 38
49 30
49 38
41 37
43 29
41 38
42 29
0
Yes
40 9
39 9
40 8
40 10
41 9
39 8
39 10
41 8
41 10
38 9
40 7
42 9
38 8
38 10
39 7
41 7
42 8
42 10
38 7
42 7
37 9
37 8
37 10
0
Yes
3 0
2 0
2 1
3 1
2 2
3 2
4 2
4 1
4 0
1 2
1 1
1 0
5 0
5 1
5 2
4 3
3 3
2 3
1 3
5 3
0 0
0 1
0 2
0 3
6 1
6 2
6 0
6 3
3 4
2 4
4 4
1 4
5 4
0 4
6 4
7 4
7 3
7 2
7 1
7 0
2 5
3 5
4 5
5 5
1 5
6 5
0 5
7 5
8 5
8 4
8 3
8 2
8 1
8 0
3 6
2 6
4 6
5 6
6 6
1 6
7 6
8 6
0 6
9 6
9 5
9 4
9 3
9 2
0
Yes
43 27
43 28
42 27
42 28
43 26
0
Yes
10 3
10 2
11 2
11 3
12 2
12 3
12 4
11 4
10 4
12 1
11 1
10 1
10 5
11 5
12 5
13 4
13 3
13 2
13 1
13 5
10 0
11 0
12 0
13 0
11 6
12 6
13 6
10 6
14 3
14 2
14 4
14 1
14 5
14 0
14 6
14 7
13 7
12 7
15 2
15 3
15 4
15 5
15 1
15 6
15 0
15 7
16 3
16 2
16 4
16 1
16 5
16 6
16 0
17 2
17 3
17 4
17 1
17 5
17 0
17 6
18 3
18 2
18 4
18 1
18 5
0
Yes
19 32
19 31
20 31
20 32
21 31
21 32
21 33
20 33
19 33
21 30
20 30
19 30
19 34
20 34
21 34
22 33
22 32
22 31
22 30
22 34
19 29
20 29
21 29
22 29
20 35
21 35
19 35
22 35
23 32
23 31
23 33
23 30
23 34
23 29
23 35
20 28
21 28
22 28
19 28
23 28
19 36
20 36
21 36
22 36
23 36
24 31
24 32
24 33
24 30
24 34
24 29
24 35
24 28
24 36
19 27
20 27
21 27
22 27
23 27
24 27
24 37
25 32
25 31
25 33
25 30
25 34
25 29
25 35
25 28
25 36
25 27
25 37
26 31
26 32
26 33
26 30
26 34
26 29
26 35
26 28
26 36
26 27
26 37
26 26
25 26
24 26
23 26
22 26
21 26
20 26
19 26
27 32
27 31
27 33
27 30
27 34
27 29
27 35
27 28
27 36
27 27
27 37
27 26
0
No
0
Yes
6 32
6 33
5 32
5 33
7 32
7 33
6 31
6 34
5 31
5 34
7 31
7 34
4 32
4 33
8 32
8 33
4 31
4 34
6 30
6 35
8 31
8 34
5 30
5 35
7 30
7 35
3 32
3 33
9 32
9 33
4 30
4 35
8 30
8 35
3 31
3 34
9 31
9 34
6 29
6 36
5 29
5 36
7 29
7 36
3 30
3 35
9 30
9 35
2 32
2 33
4 29
4 36
8 29
8 36
10 32
10 33
2 31
2 34
10 31
10 34
6 28
6 37
3 29
3 36
5 28
5 37
7 28
7 37
9 29
9 36
2 30
2 35
10 30
10 35
4 28
4 37
8 28
8 37
1 32
1 33
11 32
11 33
1 31
1 34
11 31
11 34
2 29
2 36
10 29
10 36
3 28
3 37
9 28
9 37
6 27
1 30
1 35
5 27
7 27
11 30
11 35
4 27
8 27
0 32
0 33
2 28
2 37
10 28
10 37
1 29
1 36
11 29
11 36
0 31
0 34
3 27
9 27
0 30
0 35
1 28
1 37
11 28
11 37
2 27
10 27
0 29
0 36
1 27
11 27
0
No
0
Yes
46 45
45 45
46 44
46 46
47 45
45 44
45 46
47 44
47 46
44 45
46 43
46 47
48 45
44 44
44 46
45 43
45 47
47 43
47 47
48 44
48 46
44 43
44 47
48 43
48 47
43 45
46 42
46 48
49 45
43 44
43 46
45 42
45 48
47 42
47 48
49 44
49 46
43 43
43 47
44 42
44 48
48 42
48 48
49 43
49 47
42 45
46 41
46 49
42 44
42 46
45 41
45 49
47 41
47 49
43 42
43 48
49 42
49 48
42 43
42 47
44 41
44 49
48 41
48 49
42 42
42 48
43 41
43 49
46 40
49 41
49 49
45 40
47 40
44 40
48 40
42 41
42 49
43 40
49 40
0
No
0
Yes
21 44
21 43
22 43
22 42
21 42
22 41
21 41
23 41
23 42
23 43
23 40
22 40
21 40
24 43
24 42
24 41
24 40
21 39
22 39
23 39
24 39
25 42
25 41
25 40
25 39
25 43
22 38
23 38
21 38
24 38
25 38
0
No
0
No
0
Yes
27 33
26 33
26 32
27 32
26 31
27 31
25 31
25 32
25 33
25 34
26 34
27 34
24 33
24 32
24 34
24 31
25 30
26 30
27 30
24 30
27 35
26 35
25 35
24 35
23 32
23 33
23 34
23 31
23 35
23 30
27 29
26 29
25 29
24 29
23 29
26 36
25 36
24 36
27 36
23 36
22 33
22 32
22 34
22 31
22 35
22 30
22 36
22 29
26 28
25 28
24 28
23 28
27 28
22 28
27 37
26 37
25 37
24 37
23 37
22 37
21 32
21 33
21 34
21 31
21 35
21 30
21 36
21 29
21 37
21 28
27 27
26 27
25 27
24 27
23 27
22 27
21 27
20 33
20 32
20 34
20 31
20 35
20 30
20 29
20 36
20 28
20 37
20 27
20 26
21 26
22 26
23 26
24 26
25 26
26 26
27 26
19 32
19 33
19 34
19 31
19 35
19 30
19 29
19 28
19 36
19 27
19 37
19 26
19 25
20 25
21 25
22 25
23 25
24 25
25 25
26 25
20 38
18 26
18 25
17 26
17 25
17 24
18 24
19 24
20 24
0
No
0
Yes
38 36
38 37
37 36
37 37
39 36
39 37
38 35
38 38
37 35
37 38
39 35
39 38
36 36
36 37
40 36
40 37
36 35
36 38
38 34
38 39
40 35
40 38
37 34
37 39
39 34
39 39
35 36
35 37
36 34
36 39
40 34
40 39
35 35
35 38
38 33
37 33
39 33
35 34
35 39
36 33
40 33
0
No
0
No
0
No
0
No
0
No
0
Yes
31 23
30 23
30 22
31 22
30 21
31 21
29 21
29 22
29 23
28 22
28 23
29 20
30 20
31 20
0
No
0
No
0
Yes
27 47
28 47
27 46
27 48
28 46
28 48
26 47
29 47
26 46
26 48
29 46
29 48
27 45
27 49
28 45
28 49
25 47
26 45
26 49
29 45
29 49
30 47
25 46
25 48
30 46
30 48
27 44
28 44
25 45
25 49
30 45
30 49
26 44
29 44
24 47
31 47
24 46
24 48
31 46
31 48
25 44
30 44
24 45
24 49
31 45
31 49
23 47
23 46
23 48
24 44
31 44
23 45
23 49
23 44
0
No
0
No
0
Yes
16 34
15 34
16 33
16 35
17 34
15 33
15 35
17 33
17 35
14 34
16 32
16 36
18 34
14 33
14 35
15 32
15 36
17 32
17 36
18 33
18 35
14 32
14 36
18 32
18 36
13 34
16 31
16 37
19 34
13 33
13 35
15 31
15 37
17 31
17 37
19 33
19 35
13 32
13 36
14 31
14 37
18 31
18 37
19 32
19 36
12 34
16 30
16 38
12 33
12 35
15 30
15 38
17 30
17 38
13 31
13 37
19 31
19 37
12 32
12 36
14 30
14 38
18 30
18 38
12 31
12 37
13 30
13 38
16 29
19 30
19 38
15 29
17 29
14 29
18 29
12 30
12 38
13 29
19 29
12 29
0
Yes
24 31
24 32
23 31
23 32
25 31
25 32
24 30
24 33
23 30
23 33
25 30
25 33
22 31
22 32
26 31
26 32
22 30
22 33
24 29
24 34
26 30
26 33
23 29
23 34
25 29
25 34
21 31
21 32
27 31
27 32
22 29
22 34
26 29
26 34
21 30
21 33
27 30
27 33
24 28
24 35
23 28
23 35
25 28
25 35
21 29
21 34
27 29
27 34
20 31
20 32
22 28
22 35
26 28
26 35
20 30
20 33
24 27
24 36
21 28
21 35
23 27
23 36
25 27
25 36
27 28
27 35
20 29
20 34
22 27
22 36
26 27
26 36
20 28
20 35
21 27
21 36
27 27
27 36
24 26
24 37
23 26
23 37
25 26
25 37
22 26
22 37
26 26
26 37
20 27
20 36
21 26
21 37
27 26
27 37
24 25
23 25
25 25
20 26
20 37
22 25
26 25
21 25
20 25
0
Yes
46 12
47 12
46 11
46 13
47 11
47 13
45 12
48 12
45 11
45 13
48 11
48 13
46 10
46 14
47 10
47 14
44 12
45 10
45 14
48 10
48 14
49 12
44 11
44 13
49 11
49 13
46 9
46 15
47 9
47 15
44 10
44 14
49 10
49 14
45 9
45 15
48 9
48 15
43 12
43 11
43 13
44 9
44 15
49 9
49 15
43 10
43 14
46 8
46 16
47 8
47 16
45 8
45 16
48 8
43 9
44 8
44 16
49 8
49 16
46 7
47 7
45 7
48 7
43 8
44 7
49 7
43 7
0
No
0
Yes
19 6
18 6
18 5
19 5
18 4
19 4
17 4
17 5
17 6
16 6
16 5
16 4
17 3
18 3
19 3
16 3
15 5
15 4
15 6
15 3
20 3
20 4
20 5
19 2
18 2
17 2
16 2
20 2
15 2
14 6
14 5
14 4
14 3
14 2
21 5
21 4
21 3
21 2
18 1
19 1
17 1
16 1
20 1
15 1
21 1
14 1
13 5
13 4
13 3
13 2
13 6
13 1
22 4
22 3
22 2
22 1
22 5
19 0
18 0
20 0
17 0
16 0
15 0
21 0
14 0
22 0
13 0
12 6
12 5
12 4
12 3
12 2
12 1
12 0
13 7
14 7
12 7
15 7
23 0
23 1
23 2
23 3
23 4
11 7
12 8
13 8
11 8
14 8
11 9
12 9
13 9
10 9
10 8
10 7
10 6
11 6
11 5
11 4
11 3
11 2
10 5
10 4
11 1
10 3
10 2
10 1
11 0
10 0
0
Yes
5 3
5 4
4 3
4 4
6 3
6 4
5 2
5 5
4 2
4 5
6 2
6 5
3 3
3 4
7 3
7 4
3 2
3 5
5 1
5 6
7 2
7 5
4 1
4 6
6 1
6 6
2 3
2 4
8 3
8 4
3 1
3 6
7 1
7 6
2 2
2 5
8 2
8 5
5 0
4 0
6 0
2 1
2 6
8 1
8 6
1 3
1 4
3 0
7 0
9 3
9 4
1 2
1 5
9 2
9 5
2 0
8 0
1 1
1 6
9 1
9 6
0 3
0 4
0 2
0 5
1 0
9 0
0 1
0 6
0
Yes
49 4
48 4
48 3
49 3
48 2
49 2
47 2
47 3
47 4
47 5
48 5
49 5
46 4
46 3
46 5
46 2
47 1
48 1
49 1
46 1
49 6
48 6
47 6
46 6
45 3
45 4
45 5
45 2
45 6
45 1
49 0
48 0
47 0
46 0
45 0
48 7
47 7
46 7
49 7
45 7
44 4
44 3
44 5
44 2
44 6
44 1
44 7
44 0
49 8
48 8
47 8
46 8
45 8
44 8
43 3
43 4
43 5
43 2
43 6
43 1
43 7
43 0
43 8
48 9
47 9
46 9
45 9
44 9
49 9
43 9
42 4
42 3
42 5
42 2
42 6
42 7
42 1
42 8
42 0
42 9
49 10
48 10
47 10
46 10
45 10
44 10
43 10
42 10
41 3
41 4
41 5
41 2
41 6
41 7
41 8
41 1
41 9
41 0
41 10
48 11
47 11
46 11
45 11
44 11
43 11
49 11
40 4
40 3
40 5
40 2
40 6
40 7
40 8
40 1
40 9
0
Yes
31 30
31 31
32 30
32 31
30 30
30 31
31 29
31 32
32 29
32 32
33 30
33 31
30 29
30 32
33 29
33 32
29 30
29 31
31 28
31 33
32 28
32 33
34 30
34 31
29 29
29 32
30 28
30 33
33 28
33 33
34 29
34 32
28 30
28 31
29 28
29 33
31 27
31 34
32 27
32 34
34 28
34 33
28 29
28 32
30 27
30 34
33 27
33 34
28 28
28 33
29 27
29 34
34 27
34 34
31 26
32 26
30 26
33 26
28 27
28 34
29 26
34 26
0
Yes
25 41
24 41
25 40
25 42
26 41
24 40
24 42
26 40
26 42
23 41
25 39
25 43
27 41
23 40
23 42
24 39
24 43
26 39
26 43
27 40
27 42
23 39
23 43
27 39
27 43
22 41
25 38
28 41
22 40
22 42
24 38
26 38
28 40
28 42
22 39
22 43
23 38
27 38
28 39
28 43
21 41
21 40
21 42
22 38
28 38
21 39
21 43
21 38
0
No
0
Yes
30 42
30 43
31 42
31 43
29 42
29 43
30 41
31 41
29 41
0
Yes
5 23
4 23
4 22
5 22
4 21
5 21
6 21
6 22
6 23
3 21
3 22
3 23
6 24
5 24
4 24
3 24
7 23
7 22
7 24
7 21
2 23
2 22
2 24
2 21
3 20
4 20
2 20
5 20
5 25
4 25
6 25
3 25
7 25
2 25
8 22
8 23
8 24
8 21
8 25
1 22
1 23
1 24
1 21
1 25
1 20
2 19
3 19
4 19
1 19
4 26
5 26
6 26
3 26
7 26
2 26
8 26
1 26
9 23
9 24
9 22
9 25
9 21
9 26
0 23
0 22
0 24
0 21
0 25
0 20
0 19
0 26
4 18
3 18
2 18
1 18
0 18
10 22
10 23
10 24
10 25
10 21
10 26
0
Yes
37 4
38 4
37 3
37 5
38 3
38 5
36 4
39 4
36 3
36 5
39 3
39 5
37 2
37 6
38 2
38 6
35 4
36 2
36 6
39 2
39 6
35 3
35 5
37 1
37 7
38 1
38 7
35 2
35 6
36 1
36 7
39 1
39 7
35 1
35 7
37 0
38 0
36 0
0
Yes
42 49
42 48
43 48
43 49
44 48
44 49
44 47
43 47
42 47
42 46
43 46
44 46
45 47
45 48
45 49
45 46
43 45
44 45
42 45
45 45
46 49
46 48
46 47
46 46
46 45
42 44
43 44
44 44
45 44
46 44
47 48
47 47
47 46
47 45
47 49
47 44
43 43
44 43
45 43
46 43
42 43
47 43
48 49
48 48
48 47
48 46
48 45
48 44
48 43
42 42
43 42
44 42
45 42
46 42
47 42
48 42
49 48
49 47
49 46
49 45
49 44
49 43
49 42
49 49
43 41
44 41
45 41
46 41
47 41
48 41
42 41
49 41
42 40
43 40
0
Yes
36 36
35 36
35 35
36 35
35 34
36 34
37 34
37 35
37 36
37 37
36 37
35 37
38 36
38 35
38 37
38 34
37 33
36 33
35 33
38 33
36 38
37 38
35 38
38 38
34 37
34 36
34 35
34 38
39 35
39 36
39 37
39 34
39 38
39 33
36 32
35 32
35 39
36 39
37 39
38 39
34 39
39 39
33 36
33 37
33 38
33 35
33 39
40 36
40 35
40 37
40 38
40 39
40 34
40 33
32 35
32 36
32 37
32 38
0
Yes
47 16
46 16
46 15
47 15
46 14
47 14
45 14
45 15
45 16
44 16
44 15
44 14
45 13
46 13
47 13
44 13
48 13
48 14
48 15
47 12
46 12
45 12
48 12
44 12
49 15
49 14
49 13
49 12
46 11
47 11
48 11
45 11
49 11
44 11
0
Yes
46 3
46 4
45 3
45 4
47 3
47 4
46 2
46 5
45 2
45 5
47 2
47 5
44 3
44 4
48 3
48 4
44 2
44 5
46 1
46 6
48 2
48 5
45 1
45 6
47 1
47 6
43 3
43 4
49 3
49 4
44 1
44 6
48 1
48 6
43 2
43 5
49 2
49 5
46 0
45 0
47 0
43 1
43 6
49 1
49 6
42 3
42 4
44 0
48 0
42 2
42 5
43 0
49 0
42 1
42 6
42 0
0
No
0
Yes
43 27
43 28
42 27
42 28
43 26
0
Yes
32 3
33 3
32 2
32 4
33 2
33 4
31 3
34 3
31 2
31 4
34 2
34 4
32 1
32 5
33 1
33 5
30 3
31 1
31 5
34 1
34 5
30 2
30 4
32 0
33 0
30 1
30 5
31 0
34 0
30 0
0
No
0
No
0
Yes
22 31
21 31
21 30
22 30
21 29
22 29
23 29
23 30
23 31
20 29
20 30
20 31
23 32
22 32
21 32
20 32
24 31
24 30
24 32
24 29
23 28
22 28
21 28
20 28
24 28
22 33
21 33
23 33
20 33
24 33
25 30
25 31
25 32
25 29
25 33
25 28
22 27
23 27
21 27
24 27
20 27
25 27
21 34
22 34
23 34
24 34
20 34
25 34
26 31
26 30
26 32
26 29
26 33
26 28
26 34
26 27
21 26
22 26
23 26
24 26
25 26
20 26
26 26
22 35
23 35
24 35
21 35
25 35
20 35
26 35
27 30
27 31
27 32
27 29
27 33
27 28
27 34
27 27
27 35
27 26
22 25
23 25
24 25
25 25
21 25
26 25
20 25
27 25
19 26
19 27
19 28
19 25
21 36
22 36
23 36
24 36
25 36
26 36
20 36
27 36
24 24
25 24
26 24
27 24
18 28
18 27
18 26
18 25
22 37
23 37
24 37
25 37
21 37
26 37
27 37
20 37
26 23
27 23
18 24
19 24
20 24
28 24
28 25
28 23
28 26
17 27
17 26
17 25
17 28
17 24
28 37
28 36
28 35
28 22
27 22
26 22
29 23
29 24
29 25
0
No
0
Yes
5 24
6 24
5 23
5 25
6 23
6 25
4 24
7 24
4 23
4 25
7 23
7 25
5 22
5 26
6 22
6 26
3 24
4 22
4 26
7 22
7 26
8 24
3 23
3 25
8 23
8 25
5 21
6 21
3 22
3 26
8 22
8 26
4 21
7 21
2 24
9 24
2 23
2 25
9 23
9 25
3 21
8 21
2 22
2 26
9 22
9 26
1 24
10 24
1 23
1 25
2 21
9 21
10 23
10 25
1 22
1 26
10 22
10 26
1 21
10 21
0 24
0 23
0 25
0 22
0 26
0 21
0
Yes
10 24
9 24
9 23
10 23
9 22
10 22
11 22
11 23
11 24
8 22
8 23
8 24
11 25
10 25
9 25
8 25
11 21
10 21
9 21
8 21
7 24
7 23
7 22
7 25
7 21
10 26
9 26
8 26
11 26
7 26
6 23
6 24
6 25
6 22
6 26
6 21
12 26
12 25
12 24
0
Yes
31 30
31 31
32 30
32 31
30 30
30 31
31 29
31 32
32 29
32 32
33 30
33 31
30 29
30 32
33 29
33 32
29 30
29 31
31 28
31 33
32 28
32 33
34 30
34 31
29 29
29 32
30 28
30 33
33 28
33 33
34 29
34 32
28 30
28 31
29 28
29 33
31 27
31 34
32 27
32 34
34 28
34 33
28 29
28 32
30 27
30 34
33 27
33 34
28 28
28 33
29 27
29 34
34 27
34 34
31 26
32 26
30 26
33 26
28 27
28 34
29 26
34 26
0
Yes
43 28
44 28
43 27
44 27
42 28
42 27
0
Yes
1 15
0 15
0 14
1 14
0 13
1 13
2 13
2 14
2 15
2 16
1 16
0 16
3 14
3 15
3 16
1 17
2 17
0 17
3 17
4 15
4 16
4 17
0
Yes
5 26
4 26
4 25
5 25
4 24
5 24
3 24
3 25
3 26
2 26
2 25
2 24
3 23
4 23
5 23
2 23
1 25
1 24
1 26
1 23
5 22
4 22
3 22
2 22
1 22
0 26
0 25
0 24
0 23
0 22
4 21
3 21
2 21
1 21
5 21
0 21
5 20
4 20
3 20
2 20
1 20
0 20
4 19
3 19
2 19
1 19
0 19
0
Yes
48 40
49 40
48 39
49 39
47 40
47 39
0
Yes
45 40
44 40
45 39
46 40
44 39
46 39
43 39
0
Yes
48 9
49 9
48 8
48 10
49 8
49 10
47 9
47 8
47 10
48 7
49 7
47 7
0
Yes
43 9
44 9
43 8
43 10
44 8
44 10
42 9
45 9
42 8
42 10
45 8
45 10
43 7
44 7
41 9
42 7
45 7
46 9
41 8
41 10
46 8
46 10
41 7
46 7
40 9
40 8
40 10
40 7
0
Yes
14 44
13 44
13 43
14 43
13 42
14 42
15 42
15 43
15 44
12 42
12 43
12 44
15 45
14 45
13 45
12 45
16 44
16 43
16 45
16 42
15 41
14 41
13 41
12 41
16 41
11 44
11 43
11 42
11 45
11 41
14 46
13 46
15 46
12 46
16 46
11 46
17 43
17 44
17 45
17 42
17 46
17 41
14 40
13 40
15 40
12 40
16 40
11 40
17 40
10 43
10 44
10 42
10 45
10 41
10 46
10 40
13 47
14 47
15 47
12 47
16 47
11 47
17 47
10 47
18 44
18 43
18 45
18 42
18 46
18 41
18 47
18 40
13 39
14 39
15 39
12 39
16 39
11 39
17 39
10 39
18 39
9 44
9 43
9 45
9 42
9 41
9 46
9 40
9 47
9 39
14 48
13 48
15 48
12 48
16 48
11 48
17 48
10 48
18 48
9 48
19 43
19 44
19 45
19 42
19 46
19 41
19 47
19 40
19 48
19 39
11 38
10 38
9 38
8 43
8 44
8 45
8 42
8 41
8 40
8 46
8 47
8 39
8 38
13 49
14 49
15 49
12 49
16 49
11 49
17 49
18 49
19 49
10 49
9 49
20 44
20 43
20 45
20 42
20 46
20 41
20 47
20 40
20 48
20 49
20 39
0
Yes
36 3
35 3
35 2
36 2
35 1
36 1
37 1
37 2
37 3
34 1
34 2
34 3
37 4
36 4
35 4
34 4
38 3
38 2
38 4
38 1
37 0
36 0
35 0
34 0
38 0
33 3
33 2
33 1
33 4
33 0
36 5
35 5
37 5
34 5
38 5
33 5
39 2
39 3
39 4
39 1
39 5
39 0
32 2
32 3
32 4
32 1
32 5
32 0
35 6
36 6
37 6
34 6
38 6
33 6
39 6
32 6
40 3
40 2
40 4
40 1
40 5
40 0
40 6
31 3
31 2
31 4
31 1
31 5
31 0
36 7
35 7
37 7
34 7
38 7
33 7
39 7
41 2
41 3
41 4
41 1
41 5
41 0
41 6
30 2
30 3
30 1
30 0
30 4
30 5
35 8
36 8
37 8
0
Yes
29 0
28 0
28 1
29 1
28 2
29 2
27 2
27 1
27 0
26 0
26 1
26 2
25 1
25 0
0
Yes
43 11
43 12
44 12
44 11
45 12
45 11
45 13
44 13
43 13
43 14
44 14
0
Yes
35 45
36 45
35 44
35 46
36 44
36 46
34 45
37 45
34 44
34 46
37 44
37 46
35 43
35 47
36 43
36 47
33 45
34 43
34 47
37 43
37 47
38 45
33 44
33 46
38 44
38 46
35 42
35 48
36 42
36 48
33 43
33 47
38 43
38 47
34 42
34 48
37 42
37 48
32 45
39 45
32 44
32 46
39 44
39 46
33 42
33 48
38 42
38 48
32 43
32 47
35 41
35 49
36 41
36 49
39 43
39 47
34 41
34 49
37 41
37 49
31 45
40 45
31 44
31 46
32 42
32 48
39 42
39 48
40 44
40 46
33 41
33 49
38 41
38 49
31 43
31 47
40 43
40 47
35 40
36 40
34 40
37 40
32 41
32 49
39 41
39 49
31 42
31 48
40 42
40 48
30 45
41 45
30 44
30 46
33 40
38 40
41 44
41 46
30 43
30 47
41 43
41 47
31 41
31 49
40 41
40 49
32 40
39 40
30 42
30 48
41 42
41 48
29 45
29 44
29 46
31 40
40 40
29 43
29 47
30 41
30 49
41 41
41 49
29 42
29 48
30 40
41 40
29 41
29 49
29 40
0
Yes
46 47
45 47
46 46
46 48
47 47
45 46
45 48
47 46
47 48
44 47
46 45
46 49
48 47
44 46
44 48
45 45
45 49
47 45
47 49
48 46
48 48
44 45
44 49
48 45
48 49
43 47
46 44
49 47
43 46
43 48
45 44
47 44
49 46
49 48
43 45
43 49
44 44
48 44
49 45
49 49
42 47
42 46
42 48
43 44
49 44
42 45
42 49
0
Yes
25 46
24 46
25 45
25 47
26 46
24 45
24 47
26 45
26 47
23 46
25 44
25 48
27 46
23 45
23 47
24 44
24 48
26 44
26 48
27 45
27 47
23 44
23 48
27 44
27 48
22 46
25 43
25 49
28 46
22 45
22 47
24 43
24 49
26 43
26 49
28 45
28 47
22 44
22 48
23 43
23 49
27 43
27 49
28 44
28 48
21 46
25 42
21 45
21 47
24 42
26 42
22 43
22 49
28 43
28 49
21 44
21 48
23 42
27 42
21 43
21 49
22 42
0
Yes
47 42
47 43
48 42
48 43
46 42
46 43
47 41
48 41
49 42
49 43
46 41
49 41
45 42
45 43
0
Yes
23 38
22 38
22 37
23 37
22 36
23 36
24 36
24 37
24 38
21 36
21 37
21 38
24 39
23 39
22 39
21 39
25 38
25 37
25 39
25 36
24 35
23 35
22 35
21 35
25 35
20 38
20 37
20 36
20 35
23 40
22 40
24 40
21 40
25 40
26 37
26 38
26 39
26 36
26 40
26 35
23 34
22 34
24 34
21 34
25 34
20 34
26 34
22 41
23 41
24 41
25 41
26 41
21 41
27 38
27 37
27 39
27 36
27 40
27 35
27 41
27 34
22 33
23 33
24 33
25 33
21 33
26 33
20 33
27 33
28 37
28 38
28 39
28 36
28 40
28 35
28 41
23 32
22 32
24 32
25 32
21 32
26 32
20 32
27 32
29 38
29 37
29 39
29 36
29 35
22 31
23 31
24 31
25 31
21 31
26 31
20 31
27 31
30 37
30 38
30 36
30 39
30 35
0
Yes
24 28
23 28
24 27
24 29
25 28
23 27
23 29
25 27
25 29
22 28
24 26
24 30
26 28
22 27
22 29
23 26
23 30
25 26
25 30
26 27
26 29
22 26
22 30
26 26
26 30
21 28
24 25
27 28
21 27
21 29
23 25
25 25
27 27
27 29
21 26
21 30
22 25
26 25
27 26
27 30
20 28
20 27
20 29
21 25
27 25
20 26
20 30
0
Yes
0 28
0 29
0 30
0 31
0 32
0 33
0 34
0 35
0 36
0 37
1 28
1 29
1 30
1 31
1 32
1 33
1 34
1 35
1 36
1 37
2 28
2 29
2 30
2 31
2 32
2 33
2 34
2 35
2 36
2 37
3 28
3 29
3 30
3 31
3 32
3 33
3 34
3 35
3 36
3 37
4 28
4 29
4 30
4 31
4 32
4 33
4 34
4 35
4 36
4 37
5 28
5 29
5 30
5 31
5 32
5 33
5 34
5 35
5 36
5 37
6 28
6 29
6 30
6 31
6 32
6 33
6 34
6 35
6 36
6 37
7 28
7 29
7 30
7 31
7 32
7 33
7 34
7 35
7 36
7 37
8 28
8 29
8 30
8 31
8 32
8 33
8 34
8 35
8 36
8 37
9 28
9 29
9 30
9 31
9 32
9 33
9 34
9 35
9 36
9 37
10 28
10 29
10 30
10 31
10 32
10 33
10 34
10 35
10 36
10 37
11 28
11 29
11 30
11 31
11 32
11 33
11 34
11 35
11 36
11 37
0
Yes
32 11
32 12
33 11
33 12
31 11
32 10
32 13
33 10
33 13
31 10
32 9
33 9
31 9
0
Yes
5 20
4 20
4 19
4 21
5 21
3 21
3 20
3 19
3 22
4 22
5 22
2 20
2 21
2 19
2 22
5 23
4 23
3 23
2 23
2 18
3 18
4 18
1 19
1 20
1 21
1 22
1 18
1 23
4 24
3 24
2 24
5 24
1 24
6 23
6 22
6 21
6 24
0 20
0 21
0 22
0 23
0 24
0 19
0 18
5 25
4 25
3 25
2 25
1 25
6 25
0 25
7 21
7 22
7 23
7 24
7 25
4 26
5 26
3 26
2 26
6 26
1 26
7 26
0 26
8 22
8 23
8 24
8 25
8 21
8 26
5 27
4 27
6 27
3 27
2 27
7 27
8 27
1 27
0 27
9 21
9 22
9 23
9 24
9 25
9 26
9 27
10 22
10 23
10 24
10 25
10 26
10 21
10 27
11 21
11 22
11 23
11 24
11 25
11 26
0
Yes
46 47
45 47
46 46
46 48
47 47
45 46
45 48
47 46
47 48
44 47
46 45
46 49
48 47
44 46
44 48
45 45
45 49
47 45
47 49
48 46
48 48
44 45
44 49
48 45
48 49
43 47
46 44
49 47
43 46
43 48
45 44
47 44
49 46
49 48
43 45
43 49
44 44
48 44
49 45
49 49
42 47
42 46
42 48
43 44
49 44
42 45
0
Yes
26 0
26 1
26 2
27 0
27 1
27 2
28 0
28 1
28 2
29 0
29 1
29 2
0
Yes
36 20
36 21
37 20
37 21
35 20
35 21
36 19
36 22
37 19
37 22
38 20
38 21
35 19
35 22
38 19
38 22
34 20
34 21
36 18
36 23
37 18
37 23
39 20
39 21
34 19
34 22
35 18
35 23
38 18
38 23
39 19
39 22
33 20
33 21
34 18
34 23
36 17
36 24
37 17
37 24
39 18
39 23
40 20
40 21
33 19
33 22
35 17
35 24
38 17
38 24
40 19
40 22
33 18
33 23
34 17
34 24
39 17
39 24
40 18
40 23
32 20
32 21
36 16
36 25
37 16
37 25
32 19
32 22
35 16
35 25
38 16
38 25
33 17
33 24
40 17
40 24
32 18
32 23
34 16
34 25
39 16
39 25
36 15
37 15
32 17
32 24
33 16
33 25
35 15
38 15
40 16
40 25
34 15
39 15
32 16
32 25
33 15
40 15
0
Yes
31 20
30 20
30 21
31 21
30 22
31 22
29 22
29 21
29 20
29 23
30 23
31 23
31 24
30 24
29 24
30 25
29 25
31 25
28 24
28 23
28 22
28 25
0
Yes
0 0
0 1
1 1
1 0
2 1
2 0
2 2
1 2
0 2
0 3
1 3
2 3
3 2
3 1
3 0
3 3
1 4
2 4
0 4
3 4
4 0
4 1
4 2
4 3
4 4
0 5
1 5
2 5
3 5
4 5
5 1
5 2
5 3
5 4
5 0
5 5
1 6
2 6
3 6
4 6
5 6
0 6
6 0
6 1
6 2
6 3
6 4
6 5
6 6
7 1
7 2
7 3
7 4
7 5
7 0
7 6
8 0
8 1
8 2
8 3
8 4
8 5
8 6
7 7
6 7
8 7
5 7
9 1
9 2
9 3
9 4
9 5
9 6
9 7
9 0
8 8
7 8
6 8
9 8
6 9
7 9
8 9
9 9
7 10
8 10
6 10
0
Yes
48 9
47 9
47 8
48 8
47 7
48 7
49 7
49 8
49 9
46 7
46 8
46 9
49 10
48 10
47 10
46 10
45 9
45 8
45 10
45 7
48 11
47 11
46 11
49 11
45 11
44 8
44 9
44 10
44 7
44 11
47 12
46 12
48 12
45 12
49 12
44 12
43 9
43 10
43 8
43 11
43 7
43 12
48 13
47 13
46 13
45 13
44 13
49 13
43 13
42 8
42 9
42 10
42 11
42 12
42 7
42 13
47 14
46 14
45 14
44 14
48 14
43 14
49 14
42 14
41 9
41 10
41 11
41 12
41 8
41 13
41 7
41 14
48 15
47 15
46 15
45 15
44 15
49 15
40 8
40 9
40 10
40 11
40 12
40 13
40 14
40 7
47 16
46 16
45 16
44 16
39 9
39 10
39 11
39 12
39 8
39 13
39 14
38 8
38 9
38 10
38 11
38 12
0
Yes
21 42
20 42
20 41
20 43
19 43
19 42
19 41
18 42
18 41
18 43
17 43
17 42
17 41
18 40
19 40
20 40
17 40
18 44
19 44
20 44
17 44
16 42
16 41
16 43
16 40
16 44
20 39
19 39
18 39
17 39
16 39
20 45
19 45
18 45
17 45
16 45
15 41
15 42
15 43
15 40
15 44
15 39
15 45
19 46
18 46
17 46
16 46
20 46
15 46
14 42
14 41
14 43
14 44
14 40
14 45
14 39
14 46
20 47
19 47
18 47
17 47
16 47
15 47
14 47
13 41
13 42
13 43
13 44
13 45
13 40
13 46
13 39
13 47
19 48
18 48
17 48
16 48
15 48
14 48
20 48
13 48
12 42
12 41
12 43
12 44
12 45
12 46
12 40
12 47
12 39
12 48
20 49
19 49
18 49
17 49
16 49
15 49
14 49
13 49
12 49
11 41
11 42
11 43
11 44
11 45
11 46
11 47
11 40
11 48
11 39
11 49
10 42
10 41
10 43
10 44
10 45
10 46
10 47
10 40
10 48
10 39
10 49
0
Yes
38 22
37 22
37 21
38 21
37 20
38 20
39 20
39 21
39 22
36 20
36 21
36 22
39 23
38 23
37 23
36 23
40 22
40 21
40 23
40 20
39 19
38 19
37 19
36 19
40 19
35 22
35 21
35 20
35 23
35 19
38 24
37 24
39 24
36 24
40 24
35 24
41 21
41 22
41 23
41 20
41 24
41 19
38 18
37 18
39 18
36 18
40 18
35 18
41 18
34 21
34 22
34 20
34 23
34 19
34 24
34 18
37 25
38 25
36 25
39 25
40 25
35 25
34 25
42 23
42 24
37 17
38 17
39 17
36 17
40 17
35 17
41 17
34 17
33 22
33 21
33 23
33 20
33 19
33 24
33 18
33 25
33 17
38 26
37 26
39 26
36 26
35 26
40 26
38 16
37 16
39 16
36 16
35 16
40 16
34 16
41 16
33 16
32 21
32 22
32 23
32 20
32 19
32 18
32 24
32 17
32 25
32 16
37 27
38 27
39 27
36 27
40 27
35 27
42 16
42 17
42 18
37 15
38 15
39 15
36 15
40 15
35 15
34 15
41 15
33 15
42 15
31 22
31 23
31 21
31 20
31 24
31 25
38 28
37 28
39 28
36 28
40 28
0
Yes
27 46
26 46
27 45
27 47
28 46
26 45
26 47
28 45
28 47
25 46
27 44
27 48
25 45
25 47
26 44
26 48
28 44
28 48
25 44
25 48
27 43
27 49
26 43
26 49
28 43
28 49
25 43
25 49
27 42
26 42
28 42
0
Yes
34 34
34 35
35 34
35 35
33 34
33 35
34 33
34 36
35 33
35 36
36 34
36 35
33 33
33 36
36 33
36 36
32 34
32 35
34 32
34 37
35 32
35 37
37 34
37 35
32 33
32 36
33 32
33 37
36 32
36 37
37 33
37 36
31 34
31 35
32 32
32 37
34 31
34 38
35 31
35 38
37 32
37 37
38 34
38 35
31 33
31 36
33 31
33 38
36 31
36 38
38 33
38 36
31 32
31 37
32 31
32 38
37 31
37 38
38 32
38 37
30 34
30 35
34 30
34 39
35 30
35 39
39 34
39 35
30 33
30 36
33 30
33 39
36 30
36 39
39 33
39 36
31 31
31 38
38 31
38 38
30 32
30 37
32 30
32 39
37 30
37 39
39 32
39 37
29 34
29 35
34 29
35 29
40 34
40 35
29 33
29 36
30 31
30 38
31 30
31 39
33 29
36 29
38 30
38 39
39 31
39 38
40 33
40 36
29 32
29 37
32 29
37 29
40 32
40 37
30 30
30 39
39 30
39 39
28 34
28 35
29 31
29 38
31 29
38 29
40 31
40 38
28 33
28 36
28 32
28 37
29 30
29 39
30 29
39 29
40 30
40 39
28 31
28 38
29 29
0
Yes
44 3
44 4
43 3
43 4
45 3
45 4
44 2
44 5
43 2
43 5
45 2
45 5
42 3
42 4
46 3
46 4
42 2
42 5
44 1
44 6
46 2
46 5
43 1
43 6
45 1
45 6
41 3
41 4
47 3
47 4
42 1
42 6
46 1
46 6
41 2
41 5
47 2
47 5
44 0
43 0
45 0
41 1
41 6
47 1
47 6
40 3
40 4
42 0
46 0
48 3
48 4
40 2
40 5
48 2
48 5
41 0
47 0
40 1
40 6
48 1
48 6
39 3
39 4
49 3
49 4
39 2
39 5
49 2
49 5
40 0
48 0
39 1
39 6
49 1
49 6
38 3
38 4
39 0
49 0
38 2
38 5
38 1
0
Yes
6 3
6 4
5 3
5 4
7 3
7 4
6 2
6 5
5 2
5 5
7 2
7 5
4 3
4 4
8 3
8 4
4 2
4 5
6 1
6 6
8 2
8 5
5 1
5 6
7 1
7 6
3 3
3 4
9 3
9 4
4 1
4 6
8 1
8 6
3 2
3 5
9 2
9 5
6 0
5 0
7 0
3 1
3 6
9 1
9 6
2 3
2 4
4 0
8 0
10 3
10 4
2 2
2 5
10 2
10 5
3 0
9 0
2 1
2 6
10 1
10 6
1 3
1 4
11 3
11 4
1 2
1 5
11 2
11 5
2 0
10 0
1 1
1 6
11 1
11 6
0 3
0 4
1 0
11 0
0 2
0 5
0 1
0 6
0
Yes
28 26
28 25
29 25
29 26
30 25
30 26
30 27
29 27
28 27
30 24
29 24
28 24
28 28
29 28
30 28
28 23
29 23
30 23
31 28
31 27
31 26
32 26
32 27
32 28
33 27
33 26
33 28
34 28
34 27
34 26
27 24
27 23
27 22
28 22
29 22
30 22
26 22
26 23
0
Yes
48 47
49 47
48 46
48 48
49 46
49 48
47 47
47 46
47 48
48 45
48 49
49 45
49 49
47 45
47 49
48 44
49 44
0
Yes
29 40
29 41
29 42
29 43
29 44
29 45
29 46
29 47
29 48
29 49
30 40
30 41
30 42
30 43
30 44
30 45
30 46
30 47
30 48
30 49
31 40
31 41
31 42
31 43
31 44
31 45
31 46
31 47
31 48
31 49
32 40
32 41
32 42
32 43
32 44
32 45
32 46
32 47
32 48
32 49
33 40
33 41
33 42
33 43
33 44
33 45
33 46
33 47
33 48
33 49
0
Yes
40 44
40 45
40 46
40 47
40 48
40 49
41 44
41 45
41 46
41 47
41 48
41 49
42 44
42 45
42 46
42 47
42 48
42 49
43 44
43 45
43 46
43 47
43 48
43 49
44 44
44 45
44 46
44 47
44 48
44 49
45 44
45 45
45 46
45 47
45 48
45 49
46 44
46 45
46 46
46 47
46 48
46 49
0
Yes
47 39
47 40
48 39
48 40
49 39
49 40
0
Yes
35 45
36 45
35 44
35 46
36 44
36 46
34 45
37 45
34 44
34 46
37 44
37 46
35 43
35 47
36 43
36 47
33 45
34 43
34 47
37 43
37 47
38 45
33 44
33 46
38 44
38 46
35 42
35 48
36 42
36 48
33 43
33 47
38 43
38 47
34 42
34 48
37 42
37 48
32 45
39 45
32 44
32 46
39 44
39 46
33 42
33 48
38 42
38 48
32 43
32 47
35 41
35 49
36 41
36 49
39 43
39 47
34 41
34 49
37 41
37 49
31 45
31 44
31 46
32 42
32 48
39 42
39 48
33 41
33 49
38 41
38 49
31 43
31 47
35 40
36 40
34 40
37 40
32 41
32 49
39 41
39 49
31 42
31 48
33 40
38 40
31 41
31 49
32 40
39 40
