0
Yes
5 43
5 44
6 43
6 44
4 43
4 44
5 42
5 45
6 42
6 45
7 43
7 44
4 42
4 45
7 42
7 45
3 43
3 44
5 41
5 46
6 41
6 46
8 43
8 44
3 42
3 45
4 41
4 46
7 41
7 46
8 42
8 45
2 43
2 44
3 41
3 46
5 40
5 47
6 40
6 47
8 41
8 46
9 43
9 44
2 42
2 45
4 40
4 47
7 40
7 47
9 42
9 45
2 41
2 46
3 40
3 47
8 40
8 47
9 41
9 46
1 43
1 44
5 39
5 48
6 39
6 48
10 43
10 44
1 42
1 45
4 39
4 48
7 39
7 48
10 42
10 45
2 40
2 47
9 40
9 47
1 41
1 46
3 39
3 48
8 39
8 48
10 41
10 46
0 43
0 44
5 38
5 49
6 38
6 49
0 42
0 45
1 40
1 47
2 39
2 48
4 38
4 49
7 38
7 49
9 39
9 48
10 40
10 47
0 41
0 46
3 38
3 49
8 38
8 49
1 39
1 48
10 39
10 48
0 40
0 47
2 38
2 49
5 37
6 37
9 38
9 49
4 37
7 37
3 37
8 37
0 39
0 48
1 38
1 49
10 38
10 49
2 37
9 37
0 38
0 49
1 37
10 37
0
Yes
0 0
0 1
0 2
0 3
1 0
1 1
1 2
1 3
2 0
2 1
2 2
2 3
3 0
3 1
3 2
3 3
0
Yes
35 3
36 3
35 2
35 4
36 2
36 4
34 3
37 3
34 2
34 4
37 2
37 4
35 1
35 5
36 1
36 5
33 3
34 1
34 5
37 1
37 5
38 3
33 2
33 4
38 2
38 4
35 0
36 0
33 1
33 5
38 1
38 5
34 0
37 0
32 3
32 2
32 4
39 2
33 0
38 0
32 1
32 5
39 1
39 5
31 3
31 2
31 4
32 0
39 0
31 1
31 5
0
Yes
26 6
27 6
26 5
25 6
25 5
0
Yes
12 2
12 1
13 1
11 2
11 1
0
Yes
0 0
0 1
0 2
0 3
0 4
0 5
1 0
1 1
1 2
1 3
1 4
1 5
2 0
2 1
2 2
2 3
2 4
2 5
3 0
3 1
3 2
3 3
3 4
3 5
4 0
4 1
4 2
4 3
4 4
4 5
5 0
5 1
5 2
5 3
5 4
5 5
6 0
6 1
6 2
6 3
6 4
6 5
7 0
7 1
7 2
7 3
7 4
7 5
8 0
8 1
8 2
0
Yes
0 6
0 7
0 8
0 9
1 6
1 7
1 8
1 9
2 6
2 7
2 8
2 9
3 6
3 7
3 8
3 9
4 6
4 7
4 8
4 9
5 6
5 7
5 8
5 9
6 6
6 7
0
Yes
23 0
23 1
23 2
24 0
24 1
24 2
25 0
25 1
25 2
26 0
26 1
26 2
27 0
27 1
0
Yes
42 0
42 1
42 2
42 3
42 4
43 0
43 1
43 2
43 3
43 4
44 0
44 1
44 2
44 3
44 4
45 0
45 1
45 2
45 3
45 4
46 0
46 1
46 2
46 3
46 4
47 0
47 1
47 2
47 3
47 4
48 0
48 1
48 2
48 3
48 4
49 0
49 1
49 2
49 3
49 4
0
Yes
16 41
15 41
16 40
16 42
17 41
15 40
15 42
17 40
17 42
14 41
16 39
16 43
18 41
14 40
14 42
15 39
15 43
17 39
17 43
18 40
18 42
14 39
14 43
18 39
18 43
13 41
16 38
16 44
19 41
13 40
13 42
15 38
15 44
17 38
17 44
19 40
19 42
13 39
13 43
14 38
14 44
18 38
18 44
19 39
19 43
12 41
16 37
16 45
20 41
12 40
12 42
15 37
15 45
17 37
17 45
20 40
20 42
13 38
13 44
19 38
19 44
12 39
12 43
14 37
14 45
18 37
18 45
20 39
20 43
11 41
12 38
12 44
13 37
13 45
16 36
16 46
19 37
19 45
20 38
20 44
11 40
11 42
15 36
15 46
17 36
17 46
11 39
11 43
14 36
14 46
18 36
18 46
12 37
12 45
20 37
20 45
11 38
11 44
13 36
13 46
19 36
19 46
16 35
16 47
15 35
15 47
17 35
17 47
14 35
14 47
18 35
18 47
11 37
11 45
12 36
12 46
20 36
20 46
13 35
13 47
19 35
19 47
16 34
11 36
11 46
15 34
17 34
12 35
12 47
20 35
20 47
14 34
18 34
13 34
19 34
11 35
11 47
12 34
0
Yes
3 24
2 24
3 23
3 25
4 24
2 23
2 25
4 23
4 25
1 24
3 22
3 26
5 24
1 23
1 25
2 22
2 26
4 22
4 26
5 23
5 25
1 22
1 26
5 22
5 26
0 24
3 21
3 27
0 23
0 25
2 21
2 27
4 21
4 27
0 22
0 26
1 21
1 27
5 21
5 27
3 20
3 28
2 20
2 28
4 20
4 28
0 21
0 27
1 20
1 28
5 20
5 28
0 20
0 28
3 19
2 19
4 19
0
Yes
40 24
40 25
40 26
40 27
40 28
40 29
40 30
40 31
40 32
40 33
40 34
40 35
40 36
40 37
41 24
41 25
41 26
41 27
41 28
41 29
41 30
41 31
41 32
41 33
41 34
41 35
41 36
41 37
42 24
42 25
42 26
42 27
42 28
42 29
42 30
42 31
42 32
42 33
42 34
42 35
42 36
42 37
43 24
43 25
43 26
43 27
43 28
43 29
43 30
43 31
43 32
43 33
43 34
43 35
43 36
43 37
44 24
44 25
44 26
44 27
44 28
44 29
44 30
44 31
44 32
44 33
44 34
44 35
44 36
44 37
45 24
45 25
45 26
45 27
45 28
45 29
45 30
45 31
45 32
45 33
45 34
45 35
45 36
45 37
46 24
46 25
46 26
46 27
46 28
46 29
46 30
46 31
46 32
46 33
46 34
46 35
46 36
46 37
47 24
47 25
47 26
47 27
47 28
47 29
47 30
47 31
47 32
47 33
47 34
47 35
47 36
47 37
48 24
48 25
48 26
48 27
48 28
48 29
48 30
48 31
48 32
48 33
48 34
48 35
48 36
48 37
49 24
49 25
49 26
49 27
49 28
49 29
49 30
49 31
49 32
49 33
49 34
0
Yes
0 6
0 7
0 8
0 9
0 10
0 11
0 12
1 6
1 7
1 8
1 9
1 10
1 11
1 12
2 6
2 7
2 8
2 9
2 10
2 11
2 12
3 6
3 7
3 8
3 9
3 10
3 11
3 12
4 6
4 7
4 8
4 9
4 10
4 11
4 12
5 6
5 7
5 8
5 9
0
Yes
19 0
19 1
19 2
19 3
19 4
19 5
20 0
20 1
20 2
20 3
20 4
20 5
21 0
21 1
21 2
21 3
21 4
21 5
22 0
22 1
22 2
22 3
22 4
0
Yes
6 24
6 25
6 26
6 27
6 28
6 29
6 30
6 31
7 24
7 25
7 26
7 27
7 28
7 29
7 30
7 31
8 24
8 25
8 26
8 27
8 28
8 29
8 30
8 31
9 24
9 25
9 26
9 27
9 28
9 29
9 30
9 31
10 24
10 25
10 26
10 27
10 28
10 29
0
Yes
7 21
7 22
7 23
8 21
8 22
8 23
9 21
9 22
9 23
10 21
10 22
10 23
11 21
0
Yes
42 0
42 1
42 2
42 3
42 4
43 0
43 1
43 2
43 3
43 4
44 0
44 1
44 2
44 3
44 4
45 0
45 1
45 2
45 3
45 4
46 0
46 1
46 2
46 3
46 4
47 0
47 1
47 2
47 3
47 4
48 0
48 1
48 2
48 3
48 4
49 0
49 1
49 2
49 3
49 4
0
Yes
9 0
9 1
10 0
10 1
11 0
0
Yes
41 11
41 12
41 13
41 14
41 15
41 16
41 17
41 18
41 19
41 20
41 21
41 22
41 23
42 11
42 12
42 13
42 14
42 15
42 16
42 17
42 18
42 19
42 20
42 21
42 22
42 23
43 11
43 12
43 13
43 14
43 15
43 16
43 17
43 18
43 19
43 20
43 21
43 22
43 23
44 11
44 12
44 13
44 14
44 15
44 16
44 17
44 18
44 19
44 20
44 21
44 22
44 23
45 11
45 12
45 13
45 14
45 15
45 16
45 17
45 18
45 19
45 20
45 21
45 22
45 23
46 11
46 12
46 13
46 14
46 15
46 16
46 17
46 18
46 19
46 20
46 21
46 22
46 23
47 11
47 12
47 13
47 14
47 15
47 16
47 17
47 18
47 19
47 20
47 21
47 22
47 23
48 11
48 12
48 13
48 14
48 15
48 16
48 17
48 18
48 19
48 20
48 21
48 22
48 23
49 11
49 12
49 13
49 14
49 15
49 16
49 17
49 18
49 19
49 20
49 21
49 22
49 23
0
Yes
11 46
11 47
11 48
11 49
12 46
12 47
12 48
12 49
13 46
13 47
13 48
13 49
14 46
14 47
14 48
14 49
0
Yes
11 43
11 44
11 45
12 43
12 44
12 45
13 43
13 44
13 45
14 43
14 44
14 45
15 43
15 44
0
No
0
Yes
43 5
43 6
43 7
43 8
43 9
43 10
44 5
44 6
44 7
44 8
44 9
44 10
45 5
45 6
45 7
45 8
45 9
45 10
46 5
46 6
46 7
46 8
46 9
46 10
47 5
47 6
47 7
47 8
47 9
47 10
48 5
48 6
48 7
48 8
48 9
48 10
49 5
49 6
49 7
49 8
49 9
0
Yes
44 43
44 44
44 45
44 46
44 47
44 48
44 49
45 43
45 44
45 45
45 46
45 47
45 48
45 49
46 43
46 44
46 45
46 46
46 47
46 48
46 49
47 43
47 44
47 45
47 46
47 47
47 48
47 49
48 43
48 44
48 45
48 46
48 47
48 48
48 49
49 43
49 44
49 45
49 46
49 47
49 48
0
No
0
Yes
42 0
42 1
42 2
42 3
42 4
43 0
43 1
43 2
43 3
43 4
44 0
44 1
44 2
44 3
44 4
45 0
45 1
45 2
45 3
45 4
46 0
46 1
0
Yes
20 46
20 47
20 48
21 46
21 47
21 48
22 46
22 47
0
No
0
Yes
45 40
45 41
45 42
45 43
45 44
45 45
45 46
45 47
45 48
45 49
46 40
46 41
46 42
46 43
46 44
46 45
46 46
46 47
46 48
46 49
47 40
47 41
47 42
47 43
47 44
47 45
47 46
47 47
47 48
47 49
48 40
48 41
48 42
48 43
48 44
48 45
48 46
48 47
48 48
48 49
49 40
49 41
49 42
49 43
49 44
49 45
49 46
49 47
49 48
49 49
0
No
0
Yes
9 3
9 4
8 3
8 4
9 2
0
Yes
23 0
23 1
23 2
24 0
24 1
24 2
25 0
25 1
25 2
26 0
26 1
26 2
27 0
27 1
27 2
28 0
28 1
28 2
29 0
29 1
29 2
0
Yes
24 43
24 44
24 45
24 46
24 47
24 48
24 49
25 43
25 44
25 45
25 46
25 47
25 48
25 49
26 43
26 44
26 45
26 46
26 47
26 48
26 49
27 43
27 44
27 45
27 46
27 47
27 48
27 49
28 43
28 44
28 45
28 46
28 47
28 48
28 49
29 43
29 44
29 45
29 46
29 47
29 48
29 49
30 43
30 44
30 45
30 46
30 47
30 48
30 49
31 43
31 44
31 45
31 46
31 47
31 48
31 49
32 43
32 44
32 45
32 46
32 47
32 48
32 49
33 43
33 44
33 45
33 46
33 47
0
No
0
Yes
16 0
16 1
16 2
16 3
16 4
16 5
16 6
16 7
17 0
17 1
17 2
17 3
17 4
17 5
17 6
17 7
18 0
18 1
18 2
18 3
18 4
18 5
18 6
18 7
19 0
19 1
19 2
19 3
19 4
19 5
19 6
19 7
20 0
20 1
20 2
20 3
20 4
20 5
20 6
20 7
21 0
21 1
21 2
21 3
21 4
21 5
21 6
21 7
22 0
22 1
22 2
0
Yes
11 35
11 36
11 37
11 38
11 39
11 40
11 41
11 42
12 35
12 36
12 37
12 38
12 39
12 40
12 41
12 42
13 35
13 36
13 37
13 38
13 39
13 40
13 41
13 42
14 35
14 36
14 37
14 38
14 39
14 40
14 41
14 42
15 35
15 36
15 37
15 38
15 39
15 40
15 41
15 42
16 35
16 36
16 37
16 38
16 39
16 40
16 41
16 42
17 35
17 36
17 37
17 38
17 39
17 40
17 41
17 42
18 35
18 36
18 37
18 38
18 39
18 40
18 41
18 42
19 35
19 36
19 37
19 38
19 39
19 40
19 41
19 42
20 35
20 36
20 37
20 38
20 39
20 40
20 41
20 42
21 35
21 36
21 37
21 38
21 39
21 40
21 41
21 42
22 35
22 36
22 37
22 38
22 39
22 40
22 41
22 42
23 35
23 36
23 37
23 38
23 39
23 40
23 41
23 42
24 35
24 36
24 37
24 38
24 39
24 40
24 41
24 42
0
No
0
No
0
Yes
16 43
16 44
16 45
16 46
16 47
17 43
17 44
17 45
17 46
17 47
18 43
18 44
18 45
18 46
18 47
19 43
19 44
19 45
19 46
19 47
20 43
20 44
20 45
0
Yes
32 6
32 7
32 8
32 9
32 10
32 11
32 12
32 13
32 14
32 15
32 16
32 17
32 18
32 19
32 20
33 6
33 7
33 8
33 9
33 10
33 11
33 12
33 13
33 14
33 15
33 16
33 17
33 18
33 19
33 20
34 6
34 7
34 8
34 9
34 10
34 11
34 12
34 13
34 14
34 15
34 16
34 17
34 18
34 19
34 20
35 6
35 7
35 8
35 9
35 10
35 11
35 12
35 13
35 14
35 15
35 16
35 17
35 18
35 19
35 20
36 6
36 7
36 8
36 9
36 10
36 11
36 12
36 13
36 14
36 15
36 16
36 17
36 18
36 19
36 20
37 6
37 7
37 8
37 9
37 10
37 11
37 12
37 13
37 14
37 15
37 16
37 17
37 18
37 19
37 20
38 6
38 7
38 8
38 9
38 10
38 11
38 12
38 13
38 14
38 15
38 16
38 17
38 18
38 19
38 20
39 6
39 7
39 8
39 9
39 10
39 11
39 12
39 13
39 14
39 15
39 16
39 17
39 18
39 19
39 20
40 6
40 7
40 8
40 9
40 10
40 11
40 12
40 13
40 14
40 15
40 16
40 17
40 18
40 19
40 20
0
Yes
14 11
14 12
14 13
15 11
15 12
15 13
16 11
16 12
16 13
17 11
0
Yes
43 0
43 1
43 2
43 3
43 4
44 0
44 1
44 2
44 3
44 4
45 0
45 1
45 2
45 3
45 4
46 0
46 1
46 2
46 3
46 4
47 0
47 1
47 2
47 3
47 4
48 0
48 1
48 2
48 3
48 4
49 0
49 1
49 2
49 3
0
Yes
41 5
41 6
41 7
41 8
41 9
41 10
42 5
42 6
42 7
42 8
42 9
42 10
43 5
43 6
43 7
43 8
43 9
43 10
44 5
44 6
44 7
44 8
44 9
44 10
45 5
45 6
45 7
45 8
45 9
45 10
46 5
46 6
46 7
46 8
46 9
46 10
47 5
47 6
47 7
47 8
47 9
47 10
48 5
48 6
48 7
48 8
48 9
48 10
49 5
49 6
49 7
0
Yes
32 21
32 22
32 23
32 24
32 25
32 26
32 27
32 28
32 29
32 30
33 21
33 22
33 23
33 24
33 25
33 26
33 27
33 28
33 29
33 30
34 21
34 22
34 23
34 24
34 25
34 26
34 27
34 28
34 29
34 30
35 21
35 22
35 23
35 24
35 25
35 26
35 27
35 28
35 29
35 30
36 21
36 22
36 23
36 24
36 25
36 26
36 27
36 28
36 29
36 30
37 21
37 22
37 23
37 24
37 25
37 26
37 27
37 28
37 29
37 30
38 21
38 22
38 23
38 24
38 25
38 26
38 27
38 28
38 29
38 30
39 21
39 22
39 23
39 24
39 25
39 26
39 27
39 28
39 29
39 30
40 21
40 22
0
Yes
24 9
24 10
24 11
24 12
24 13
24 14
25 9
25 10
25 11
25 12
25 13
25 14
26 9
26 10
26 11
26 12
26 13
26 14
27 9
27 10
27 11
27 12
27 13
27 14
28 9
28 10
28 11
28 12
28 13
28 14
29 9
29 10
29 11
29 12
29 13
29 14
30 9
30 10
30 11
30 12
30 13
30 14
31 9
31 10
31 11
31 12
31 13
31 14
0
Yes
12 16
12 17
12 18
12 19
12 20
12 21
12 22
12 23
12 24
12 25
12 26
12 27
13 16
13 17
13 18
13 19
13 20
13 21
13 22
13 23
13 24
13 25
13 26
13 27
14 16
14 17
14 18
14 19
14 20
14 21
14 22
14 23
14 24
14 25
14 26
14 27
15 16
15 17
15 18
15 19
15 20
15 21
15 22
15 23
15 24
15 25
15 26
15 27
16 16
16 17
16 18
16 19
16 20
16 21
16 22
16 23
16 24
16 25
16 26
16 27
17 16
17 17
17 18
17 19
17 20
17 21
17 22
17 23
17 24
17 25
17 26
17 27
18 16
18 17
18 18
18 19
18 20
18 21
18 22
18 23
18 24
18 25
18 26
18 27
19 16
19 17
19 18
19 19
19 20
19 21
19 22
19 23
19 24
19 25
19 26
19 27
20 16
20 17
20 18
20 19
20 20
20 21
20 22
20 23
20 24
20 25
20 26
20 27
21 16
21 17
21 18
21 19
21 20
21 21
21 22
21 23
21 24
21 25
21 26
21 27
22 16
22 17
22 18
22 19
22 20
22 21
22 22
22 23
22 24
22 25
22 26
22 27
23 16
23 17
23 18
23 19
23 20
23 21
23 22
0
No
0
Yes
28 21
28 22
27 21
27 22
29 21
29 22
28 20
28 23
27 20
27 23
29 20
29 23
26 21
26 22
30 21
30 22
26 20
26 23
28 19
28 24
30 20
30 23
27 19
27 24
29 19
29 24
25 21
25 22
31 21
31 22
26 19
26 24
30 19
30 24
25 20
25 23
31 20
31 23
28 18
28 25
27 18
27 25
29 18
29 25
25 19
25 24
31 19
31 24
24 21
24 22
26 18
26 25
30 18
30 25
24 20
24 23
28 17
28 26
25 18
25 25
27 17
27 26
29 17
29 26
31 18
31 25
24 19
24 24
26 17
26 26
30 17
30 26
24 18
24 25
25 17
25 26
31 17
31 26
28 16
28 27
27 16
27 27
29 16
29 27
26 16
26 27
30 16
30 27
24 17
24 26
25 16
25 27
31 16
31 27
28 15
27 15
29 15
24 16
24 27
26 15
30 15
25 15
0
No
0
Yes
23 9
22 9
23 8
23 10
22 8
22 10
23 7
22 7
0
No
0
No
0
No
0
Yes
37 1
36 1
36 0
37 0
36 2
37 2
38 0
38 1
38 2
37 3
36 3
38 3
39 1
39 2
39 0
35 0
35 1
35 2
35 3
34 1
34 2
34 0
34 3
36 4
37 4
35 4
38 4
34 4
37 5
36 5
35 5
38 5
34 5
33 0
33 1
33 2
33 3
33 4
33 5
39 5
32 1
32 2
32 3
32 4
32 0
32 5
31 2
31 1
31 3
31 4
31 5
30 4
30 5
31 6
30 6
29 5
29 4
29 6
29 3
28 3
28 4
28 5
28 6
30 7
29 7
31 7
28 7
31 8
30 8
29 8
28 8
27 6
27 7
40 5
0
No
0
Yes
5 43
5 44
6 43
6 44
4 43
4 44
5 42
5 45
6 42
6 45
7 43
7 44
4 42
4 45
7 42
7 45
3 43
3 44
5 41
5 46
6 41
6 46
8 43
8 44
3 42
3 45
4 41
4 46
7 41
7 46
8 42
8 45
2 43
2 44
3 41
3 46
5 40
5 47
6 40
6 47
8 41
8 46
9 43
9 44
2 42
2 45
4 40
4 47
7 40
7 47
9 42
9 45
2 41
2 46
3 40
3 47
8 40
8 47
9 41
9 46
1 43
1 44
5 39
5 48
6 39
6 48
10 43
10 44
1 42
1 45
4 39
4 48
7 39
7 48
10 42
10 45
2 40
2 47
9 40
9 47
1 41
1 46
3 39
3 48
8 39
8 48
10 41
10 46
0 43
0 44
5 38
5 49
6 38
6 49
0 42
0 45
1 40
1 47
2 39
2 48
4 38
4 49
7 38
7 49
9 39
9 48
10 40
10 47
0 41
0 46
3 38
3 49
8 38
8 49
1 39
1 48
10 39
10 48
0 40
0 47
2 38
2 49
5 37
6 37
9 38
9 49
4 37
7 37
3 37
8 37
0 39
0 48
1 38
1 49
10 38
10 49
2 37
9 37
0 38
0 49
1 37
0
Yes
13 45
14 45
13 44
13 46
14 44
14 46
12 45
15 45
12 44
12 46
15 44
15 46
13 43
13 47
14 43
14 47
11 45
12 43
12 47
15 43
15 47
11 44
11 46
13 42
13 48
14 42
14 48
11 43
11 47
12 42
12 48
15 42
15 48
11 42
11 48
13 41
13 49
14 41
14 49
12 41
12 49
15 41
15 49
11 41
11 49
13 40
14 40
12 40
15 40
11 40
0
No
0
Yes
9 1
9 0
10 0
10 1
11 0
0
No
0
Yes
31 1
31 2
32 2
32 1
33 2
33 1
33 3
32 3
31 3
31 4
32 4
33 4
34 3
34 2
34 1
34 4
32 5
33 5
31 5
34 5
34 0
33 0
32 0
35 1
35 2
35 3
35 4
35 0
35 5
0
Yes
12 2
12 1
13 1
11 2
11 1
0
Yes
26 33
26 34
25 33
25 34
27 33
27 34
26 32
26 35
25 32
25 35
27 32
27 35
24 33
24 34
28 33
28 34
24 32
24 35
26 31
26 36
28 32
28 35
25 31
25 36
27 31
27 36
23 33
23 34
29 33
29 34
24 31
24 36
28 31
28 36
23 32
23 35
29 32
29 35
26 30
26 37
25 30
25 37
27 30
27 37
23 31
23 36
29 31
29 36
22 33
22 34
24 30
24 37
28 30
28 37
30 33
30 34
22 32
22 35
30 32
30 35
26 29
26 38
23 30
23 37
25 29
25 38
27 29
27 38
29 30
29 37
22 31
22 36
30 31
30 36
24 29
24 38
28 29
28 38
21 33
21 34
21 32
21 35
22 30
22 37
30 30
30 37
23 29
23 38
29 29
29 38
26 28
21 31
21 36
25 28
27 28
24 28
28 28
22 29
22 38
30 29
30 38
21 30
21 37
23 28
29 28
21 29
21 38
22 28
30 28
21 28
0
Yes
36 25
35 25
36 24
36 26
37 25
35 24
35 26
37 24
37 26
34 25
36 23
36 27
38 25
34 24
34 26
35 23
35 27
37 23
37 27
38 24
38 26
34 23
34 27
38 23
38 27
33 25
36 22
36 28
39 25
33 24
33 26
35 22
35 28
37 22
37 28
39 24
39 26
33 23
33 27
34 22
34 28
38 22
38 28
39 23
39 27
32 25
36 21
32 24
32 26
35 21
37 21
33 22
33 28
39 22
39 28
32 23
32 27
34 21
38 21
32 22
32 28
33 21
39 21
32 21
0
No
0
Yes
0 5
0 4
1 4
1 5
2 4
2 5
2 3
1 3
0 3
0 2
1 2
2 2
3 3
3 4
3 5
3 2
1 1
2 1
0 1
3 1
4 5
4 4
4 3
4 2
4 1
0 0
1 0
2 0
3 0
4 0
5 4
5 3
5 2
5 1
5 5
5 0
6 5
6 4
6 3
6 2
6 1
6 0
7 4
7 3
7 2
7 1
7 5
7 0
8 2
8 1
8 0
0
No
0
No
0
No
0
No
0
Yes
45 8
46 8
45 7
45 9
46 7
46 9
44 8
47 8
44 7
44 9
47 7
47 9
45 6
45 10
46 6
46 10
43 8
44 6
44 10
47 6
47 10
48 8
43 7
43 9
48 7
48 9
45 5
46 5
43 6
43 10
48 6
48 10
44 5
47 5
42 8
49 8
42 7
42 9
49 7
49 9
43 5
48 5
42 6
42 10
49 6
49 10
41 8
41 7
41 9
42 5
49 5
41 6
41 10
41 5
0
No
0
Yes
36 16
36 17
37 16
37 17
35 16
35 17
36 15
36 18
37 15
37 18
38 16
38 17
35 15
35 18
38 15
38 18
34 16
34 17
36 14
36 19
37 14
37 19
39 16
39 17
34 15
34 18
35 14
35 19
38 14
38 19
39 15
39 18
33 16
33 17
34 14
34 19
36 13
36 20
37 13
37 20
39 14
39 19
40 16
40 17
33 15
33 18
35 13
35 20
38 13
38 20
40 15
40 18
33 14
33 19
34 13
34 20
39 13
39 20
40 14
40 19
32 16
32 17
36 12
37 12
32 15
32 18
35 12
38 12
33 13
33 20
40 13
40 20
32 14
32 19
34 12
39 12
32 13
32 20
33 12
40 12
32 12
0
No
0
Yes
11 33
11 34
11 35
11 36
11 37
11 38
11 39
11 40
11 41
11 42
12 33
12 34
12 35
12 36
12 37
12 38
12 39
12 40
12 41
12 42
13 33
13 34
13 35
13 36
13 37
13 38
13 39
13 40
13 41
13 42
14 33
14 34
14 35
14 36
14 37
14 38
14 39
14 40
14 41
14 42
15 33
15 34
15 35
15 36
15 37
15 38
15 39
15 40
15 41
15 42
16 33
16 34
16 35
16 36
16 37
16 38
16 39
16 40
16 41
16 42
17 33
17 34
17 35
17 36
17 37
17 38
17 39
17 40
17 41
17 42
18 33
18 34
18 35
18 36
18 37
18 38
18 39
18 40
18 41
18 42
19 33
19 34
19 35
19 36
19 37
19 38
19 39
19 40
19 41
19 42
20 33
20 34
20 35
20 36
20 37
20 38
20 39
20 40
0
No
0
No
0
No
0
Yes
13 46
13 47
14 46
14 47
12 46
12 47
13 45
13 48
14 45
14 48
15 46
15 47
12 45
12 48
15 45
15 48
11 46
11 47
13 44
13 49
14 44
14 49
11 45
11 48
12 44
12 49
15 44
15 49
11 44
11 49
13 43
14 43
12 43
15 43
11 43
0
Yes
42 39
42 40
42 41
42 42
42 43
42 44
42 45
42 46
42 47
42 48
42 49
43 39
43 40
43 41
43 42
43 43
43 44
43 45
43 46
43 47
43 48
43 49
44 39
44 40
44 41
44 42
44 43
44 44
44 45
44 46
44 47
44 48
44 49
45 39
45 40
45 41
45 42
45 43
45 44
45 45
45 46
45 47
45 48
45 49
46 39
46 40
46 41
46 42
46 43
46 44
46 45
46 46
46 47
46 48
46 49
47 39
47 40
47 41
47 42
47 43
47 44
47 45
47 46
47 47
47 48
47 49
48 39
48 40
48 41
48 42
48 43
48 44
48 45
48 46
48 47
48 48
48 49
49 39
49 40
49 41
49 42
49 43
49 44
49 45
49 46
49 47
49 48
49 49
0
No
0
Yes
14 30
14 31
13 30
13 31
15 30
15 31
14 29
14 32
13 29
13 32
15 29
15 32
12 30
12 31
16 30
16 31
12 29
12 32
14 28
16 29
16 32
13 28
15 28
11 30
11 31
12 28
16 28
11 29
11 28
0
No
0
No
0
Yes
31 28
31 29
32 29
32 30
31 30
32 31
31 31
33 31
33 30
33 29
33 32
32 32
31 32
34 29
34 30
34 31
34 32
31 33
32 33
33 33
34 33
35 30
35 31
35 32
35 29
35 33
32 34
33 34
34 34
35 34
31 34
36 29
36 30
36 31
36 32
36 33
36 34
33 35
34 35
35 35
36 35
37 30
37 31
37 32
37 33
37 34
37 29
37 35
34 36
35 36
36 36
37 36
38 29
38 30
38 31
38 32
38 33
38 34
38 35
38 36
35 37
36 37
37 37
34 37
38 37
39 30
39 31
39 32
39 33
39 34
39 35
39 36
39 29
39 37
0
No
0
No
0
Yes
0 26
0 25
1 25
1 26
1 27
0 27
0 28
1 28
2 26
2 27
2 25
2 28
1 24
0 24
2 24
0 23
1 23
2 23
3 25
3 26
3 27
3 24
3 28
3 23
2 29
3 29
4 26
4 25
4 27
4 24
4 28
4 23
4 29
1 22
2 22
3 22
0 22
4 22
0 21
1 21
2 21
3 21
4 21
3 30
2 30
4 30
5 25
5 26
5 27
5 24
5 28
5 23
5 29
5 22
5 30
5 21
2 31
3 31
4 31
5 31
1 20
2 20
3 20
4 20
0 20
0
Yes
42 39
42 40
42 41
42 42
42 43
42 44
42 45
42 46
42 47
42 48
42 49
43 39
43 40
43 41
43 42
43 43
43 44
43 45
43 46
43 47
43 48
43 49
44 39
44 40
44 41
44 42
44 43
44 44
44 45
44 46
44 47
44 48
44 49
45 39
45 40
45 41
45 42
45 43
45 44
45 45
45 46
45 47
45 48
45 49
46 39
46 40
46 41
46 42
46 43
46 44
46 45
46 46
46 47
46 48
46 49
47 39
47 40
47 41
47 42
47 43
47 44
47 45
47 46
47 47
47 48
47 49
48 39
48 40
48 41
48 42
48 43
48 44
48 45
48 46
48 47
48 48
48 49
49 39
49 40
49 41
49 42
49 43
49 44
49 45
49 46
49 47
49 48
49 49
0
Yes
25 1
25 2
26 1
26 2
24 1
24 2
25 0
26 0
27 1
27 2
24 0
27 0
23 1
23 2
23 0
0
No
0
Yes
29 2
29 3
28 2
28 3
29 1
29 4
28 1
28 4
29 0
28 0
0
No
0
No
0
Yes
41 11
41 12
41 13
41 14
41 15
41 16
41 17
41 18
41 19
41 20
41 21
42 11
42 12
42 13
42 14
42 15
42 16
42 17
42 18
42 19
42 20
42 21
43 11
43 12
43 13
43 14
43 15
43 16
43 17
43 18
43 19
43 20
43 21
44 11
44 12
44 13
44 14
44 15
44 16
44 17
44 18
44 19
44 20
44 21
45 11
45 12
45 13
45 14
45 15
45 16
45 17
45 18
45 19
45 20
45 21
46 11
46 12
46 13
46 14
46 15
46 16
46 17
46 18
46 19
46 20
46 21
47 11
47 12
47 13
47 14
47 15
47 16
47 17
47 18
47 19
47 20
47 21
48 11
48 12
48 13
48 14
48 15
48 16
48 17
48 18
48 19
48 20
48 21
49 11
49 12
49 13
49 14
49 15
49 16
49 17
49 18
49 19
0
Yes
41 42
40 42
40 41
41 41
40 43
41 43
42 43
42 42
42 41
43 42
43 41
43 43
42 44
41 44
40 44
43 44
44 43
44 42
44 41
44 44
41 45
42 45
43 45
40 45
44 45
45 42
45 43
45 44
45 41
45 45
44 40
43 40
42 40
45 40
40 46
41 46
42 46
43 46
44 46
45 46
46 41
46 42
46 43
46 44
46 45
46 40
46 46
42 39
43 39
44 39
45 39
46 39
41 47
42 47
43 47
44 47
45 47
40 47
46 47
47 42
47 41
47 43
47 44
47 45
47 40
47 46
47 39
47 47
43 38
44 38
45 38
46 38
47 38
42 38
40 48
41 48
42 48
43 48
44 48
45 48
46 48
47 48
39 47
39 46
39 48
39 45
48 41
48 42
48 43
48 40
48 44
48 45
48 46
48 39
48 47
48 38
48 48
41 49
42 49
43 49
44 49
45 49
46 49
40 49
47 49
39 49
48 49
38 48
38 47
38 46
38 49
49 42
49 41
49 43
49 40
49 44
49 45
49 46
49 47
49 39
49 38
49 48
49 49
37 46
37 47
37 48
0
No
0
Yes
11 43
11 44
11 45
11 46
12 43
12 44
12 45
12 46
13 43
13 44
13 45
13 46
14 43
14 44
14 45
14 46
15 43
15 44
15 45
15 46
2
38
0 0
0 1
0 2
0 3
0 4
1 0
1 1
1 2
1 3
1 4
2 0
2 1
2 2
2 3
2 4
3 0
3 1
3 2
3 3
3 4
4 0
4 1
4 2
97
0 5
0 6
0 7
0 8
0 9
1 5
1 6
1 7
1 8
1 9
2 5
2 6
2 7
2 8
2 9
3 5
3 6
3 7
3 8
3 9
Yes
11 33
11 34
11 35
11 36
11 37
11 38
11 39
11 40
11 41
11 42
11 43
12 33
12 34
12 35
12 36
12 37
12 38
12 39
12 40
12 41
12 42
12 43
13 33
13 34
13 35
13 36
13 37
13 38
13 39
13 40
13 41
13 42
13 43
14 33
14 34
14 35
14 36
14 37
14 38
14 39
14 40
14 41
14 42
14 43
15 33
15 34
15 35
15 36
15 37
15 38
15 39
15 40
15 41
15 42
15 43
16 33
16 34
16 35
16 36
16 37
16 38
16 39
16 40
16 41
16 42
16 43
17 33
17 34
17 35
17 36
17 37
17 38
17 39
17 40
17 41
17 42
17 43
18 33
18 34
18 35
18 36
18 37
18 38
18 39
18 40
18 41
18 42
18 43
19 33
19 34
19 35
19 36
19 37
19 38
19 39
19 40
19 41
19 42
19 43
20 33
20 34
20 35
20 36
20 37
20 38
20 39
20 40
20 41
20 42
20 43
21 33
21 34
21 35
21 36
21 37
21 38
21 39
21 40
21 41
21 42
21 43
22 33
22 34
22 35
22 36
22 37
22 38
22 39
22 40
22 41
22 42
22 43
23 33
23 34
23 35
23 36
23 37
23 38
23 39
23 40
23 41
23 42
23 43
24 33
24 34
24 35
24 36
24 37
24 38
0
Yes
5 45
5 46
6 45
6 46
4 45
4 46
5 44
5 47
6 44
6 47
7 45
7 46
4 44
4 47
7 44
7 47
3 45
3 46
5 43
5 48
6 43
6 48
8 45
8 46
3 44
3 47
4 43
4 48
7 43
7 48
8 44
8 47
2 45
2 46
3 43
3 48
5 42
5 49
6 42
6 49
8 43
8 48
9 45
9 46
2 44
2 47
4 42
4 49
7 42
7 49
9 44
9 47
2 43
2 48
3 42
3 49
8 42
8 49
9 43
9 48
1 45
1 46
5 41
6 41
10 45
10 46
1 44
1 47
4 41
7 41
10 44
10 47
2 42
2 49
9 42
9 49
1 43
1 48
3 41
8 41
10 43
10 48
0 45
0 46
0 44
0 47
1 42
1 49
2 41
9 41
10 42
10 49
0 43
0 48
1 41
10 41
0 42
0 49
0 41
0
Yes
21 30
21 31
22 30
22 31
20 30
20 31
21 29
21 32
22 29
22 32
23 30
23 31
20 29
20 32
23 29
23 32
19 30
19 31
21 28
22 28
24 30
24 31
19 29
19 32
20 28
23 28
24 29
24 32
18 30
18 31
19 28
24 28
25 30
25 31
18 29
18 32
25 29
25 32
18 28
25 28
17 30
17 31
17 29
17 32
17 28
0
Yes
0 0
0 1
0 2
0 3
0 4
1 0
1 1
1 2
1 3
1 4
2 0
2 1
2 2
2 3
2 4
3 0
3 1
3 2
3 3
3 4
4 0
4 1
4 2
4 3
4 4
5 0
0
No
0
No
0
Yes
8 37
8 38
9 37
9 38
7 37
7 38
8 36
8 39
9 36
9 39
10 37
10 38
7 36
7 39
10 36
10 39
6 37
6 38
8 35
8 40
9 35
9 40
6 36
6 39
7 35
7 40
10 35
10 40
6 35
6 40
8 34
9 34
7 34
6 34
0
No
0
No
0
No
0
Yes
23 13
23 14
22 13
22 14
23 12
0
Yes
42 9
42 10
42 11
42 12
42 13
42 14
42 15
42 16
42 17
42 18
42 19
42 20
42 21
42 22
42 23
43 9
43 10
43 11
43 12
43 13
43 14
43 15
43 16
43 17
43 18
43 19
43 20
43 21
43 22
43 23
44 9
44 10
44 11
44 12
44 13
44 14
44 15
44 16
44 17
44 18
44 19
44 20
44 21
44 22
44 23
45 9
45 10
45 11
45 12
45 13
45 14
45 15
45 16
45 17
45 18
45 19
45 20
45 21
45 22
45 23
46 9
46 10
46 11
46 12
46 13
46 14
46 15
46 16
46 17
46 18
46 19
46 20
46 21
46 22
46 23
47 9
47 10
47 11
47 12
47 13
47 14
47 15
47 16
47 17
47 18
47 19
47 20
47 21
47 22
47 23
48 9
48 10
48 11
48 12
48 13
48 14
48 15
48 16
48 17
48 18
48 19
48 20
48 21
48 22
48 23
49 9
49 10
49 11
49 12
49 13
49 14
49 15
49 16
49 17
49 18
49 19
49 20
49 21
49 22
49 23
0
Yes
26 6
27 6
26 5
25 6
25 5
0
Yes
0 41
0 42
0 43
0 44
0 45
0 46
0 47
0 48
0 49
1 41
1 42
1 43
1 44
1 45
1 46
1 47
1 48
1 49
2 41
2 42
2 43
2 44
2 45
2 46
2 47
2 48
2 49
3 41
3 42
3 43
3 44
3 45
3 46
3 47
3 48
3 49
4 41
4 42
4 43
4 44
4 45
4 46
4 47
4 48
4 49
5 41
5 42
5 43
5 44
5 45
5 46
5 47
5 48
5 49
6 41
6 42
6 43
6 44
6 45
6 46
6 47
6 48
6 49
7 41
7 42
7 43
7 44
7 45
7 46
7 47
7 48
7 49
8 41
8 42
8 43
8 44
8 45
8 46
8 47
8 48
8 49
9 41
0
Yes
5 0
5 1
5 2
5 3
5 4
6 0
6 1
6 2
6 3
6 4
7 0
7 1
7 2
7 3
7 4
8 0
8 1
8 2
8 3
8 4
9 0
9 1
9 2
9 3
9 4
10 0
0
Yes
9 44
9 45
9 46
9 47
9 48
9 49
10 44
10 45
10 46
10 47
10 48
10 49
11 44
11 45
11 46
11 47
11 48
11 49
12 44
12 45
12 46
12 47
12 48
12 49
13 44
13 45
13 46
0
No
0
No
0
Yes
30 45
30 46
31 45
31 46
29 45
29 46
30 44
30 47
31 44
31 47
32 45
32 46
29 44
29 47
32 44
32 47
28 45
28 46
30 43
30 48
31 43
31 48
33 45
33 46
28 44
28 47
29 43
29 48
32 43
32 48
33 44
33 47
27 45
27 46
28 43
28 48
30 42
30 49
31 42
31 49
33 43
33 48
34 45
34 46
27 44
27 47
29 42
29 49
32 49
34 44
34 47
27 43
27 48
28 42
28 49
33 42
33 49
34 43
34 48
26 45
26 46
30 41
31 41
35 45
35 46
26 44
26 47
29 41
35 44
35 47
27 42
27 49
34 42
34 49
26 43
26 48
28 41
33 41
35 43
35 48
25 45
25 46
36 45
36 46
25 44
25 47
26 42
26 49
27 41
34 41
35 42
35 49
36 44
36 47
25 43
25 48
36 43
36 48
26 41
35 41
24 45
24 46
25 42
25 49
36 42
36 49
24 44
24 47
24 43
24 48
36 41
24 42
24 49
0
Yes
32 0
32 1
32 2
32 3
32 4
32 5
32 6
32 7
32 8
32 9
32 10
32 11
32 12
33 0
33 1
33 2
33 3
33 4
33 5
33 6
33 7
33 8
33 9
33 10
33 11
33 12
34 0
34 1
34 2
34 3
34 4
34 5
34 6
34 7
34 8
34 9
34 10
34 11
34 12
35 0
35 1
35 2
35 3
35 4
35 5
35 6
35 7
35 8
35 9
35 10
35 11
35 12
36 0
36 1
36 2
36 3
36 4
36 5
36 6
36 7
36 8
36 9
36 10
36 11
36 12
37 0
37 1
37 2
37 3
37 4
37 5
37 6
37 7
37 8
37 9
37 10
37 11
37 12
38 0
38 1
38 2
38 3
38 4
38 5
38 6
38 7
38 8
38 9
38 10
38 11
38 12
0
No
0
Yes
35 30
34 30
35 29
35 31
36 30
34 29
34 31
36 29
36 31
33 30
35 28
35 32
37 30
33 29
33 31
34 28
34 32
36 28
36 32
37 29
37 31
33 28
33 32
37 28
37 32
32 30
35 27
35 33
38 30
32 29
32 31
34 27
34 33
36 27
36 33
38 29
38 31
32 28
32 32
33 27
33 33
37 27
37 33
38 28
38 32
31 30
35 26
35 34
39 30
31 29
31 31
34 26
34 34
36 26
36 34
39 29
39 31
32 27
32 33
38 27
38 33
31 28
31 32
33 26
33 34
37 26
37 34
39 28
39 32
30 30
31 27
31 33
32 26
32 34
35 25
38 26
38 34
39 27
39 33
30 29
30 31
34 25
36 25
30 28
30 32
33 25
37 25
31 26
31 34
39 26
39 34
30 27
30 33
32 25
38 25
30 26
30 34
31 25
39 25
30 25
0
No
0
No
0
Yes
0 35
0 36
0 37
0 38
0 39
0 40
0 41
0 42
0 43
1 35
1 36
1 37
1 38
1 39
1 40
1 41
1 42
1 43
2 35
2 36
2 37
2 38
2 39
2 40
2 41
2 42
2 43
3 35
3 36
3 37
3 38
3 39
3 40
3 41
3 42
3 43
4 35
4 36
4 37
4 38
4 39
4 40
4 41
4 42
4 43
5 35
5 36
5 37
5 38
5 39
5 40
0
No
0
No
0
Yes
37 36
37 37
36 36
36 37
38 36
38 37
37 35
36 35
38 35
35 36
35 37
39 36
39 37
35 35
39 35
34 36
34 37
34 35
0
Yes
23 7
22 7
22 8
23 8
22 9
23 9
22 10
23 10
24 10
24 9
24 8
25 8
25 9
25 10
0
Yes
9 49
8 49
8 48
9 48
10 48
10 49
9 47
8 47
10 47
11 49
11 48
11 47
7 48
7 49
7 47
6 49
6 48
6 47
8 46
9 46
10 46
7 46
11 46
6 46
12 48
12 47
12 49
12 46
9 45
8 45
10 45
7 45
11 45
6 45
12 45
13 49
13 48
13 47
13 46
13 45
5 48
5 47
5 46
5 49
5 45
4 49
4 48
4 47
4 46
4 45
8 44
9 44
10 44
7 44
11 44
6 44
12 44
5 44
13 44
4 44
14 48
14 47
14 46
14 45
14 49
14 44
9 43
8 43
10 43
7 43
6 43
5 43
15 49
15 48
15 47
15 46
15 45
15 44
3 48
3 47
3 46
3 45
3 49
3 44
2 49
2 48
2 47
2 46
2 45
2 44
8 42
9 42
7 42
6 42
10 42
5 42
16 47
16 46
16 45
16 44
9 41
8 41
7 41
6 41
10 41
5 41
1 48
1 47
1 46
1 45
1 49
1 44
17 46
17 45
17 47
17 44
0 49
0 48
0 47
0 46
0 45
0 44
18 47
18 46
18 45
18 44
0
Yes
38 19
37 19
38 18
38 20
39 19
37 18
37 20
39 18
39 20
36 19
38 17
38 21
40 19
36 18
36 20
37 17
37 21
39 17
39 21
40 18
40 20
36 17
36 21
40 17
40 21
35 19
38 16
38 22
41 19
35 18
35 20
37 16
37 22
39 16
39 22
41 18
41 20
35 17
35 21
36 16
36 22
40 16
40 22
41 17
41 21
34 19
38 15
38 23
34 18
34 20
37 15
37 23
39 15
39 23
35 16
35 22
41 16
41 22
34 17
34 21
36 15
36 23
40 15
40 23
34 16
34 22
35 15
35 23
38 14
38 24
41 15
41 23
37 14
37 24
39 14
39 24
36 14
36 24
40 14
34 15
34 23
35 14
35 24
41 14
38 13
37 13
39 13
36 13
40 13
34 14
34 24
35 13
41 13
0
Yes
40 11
41 11
40 10
40 12
41 10
41 12
39 11
39 10
39 12
40 9
41 9
39 9
1
128
2 0
2 1
2 2
2 3
2 4
2 5
2 6
2 7
2 8
2 9
2 10
2 11
2 12
2 13
2 14
2 15
2 16
2 17
2 18
2 19
2 20
2 21
2 22
2 23
2 24
2 25
2 26
2 27
2 28
2 29
2 30
3 0
3 1
3 2
3 3
3 4
3 5
3 6
3 7
3 8
3 9
3 10
3 11
3 12
3 13
3 14
3 15
3 16
3 17
3 18
3 19
3 20
3 21
3 22
3 23
3 24
3 25
3 26
3 27
3 28
3 29
3 30
4 0
4 1
4 2
4 3
4 4
4 5
4 6
4 7
4 8
4 9
4 10
4 11
4 12
4 13
4 14
4 15
4 16
4 17
4 18
4 19
4 20
4 21
4 22
4 23
4 24
4 25
4 26
4 27
4 28
4 29
4 30
Yes
24 13
24 14
24 15
24 16
24 17
24 18
24 19
24 20
24 21
24 22
25 13
25 14
25 15
25 16
25 17
25 18
25 19
25 20
25 21
25 22
26 13
26 14
26 15
26 16
26 17
26 18
26 19
26 20
26 21
26 22
27 13
27 14
27 15
27 16
27 17
27 18
27 19
27 20
27 21
27 22
28 13
28 14
28 15
28 16
28 17
28 18
28 19
28 20
28 21
28 22
29 13
29 14
29 15
29 16
29 17
29 18
29 19
29 20
29 21
29 22
30 13
30 14
30 15
30 16
30 17
30 18
30 19
30 20
30 21
30 22
31 13
31 14
31 15
31 16
31 17
31 18
31 19
31 20
31 21
31 22
32 13
32 14
32 15
32 16
32 17
32 18
32 19
32 20
32 21
32 22
33 13
33 14
33 15
33 16
33 17
33 18
33 19
33 20
33 21
33 22
34 13
34 14
34 15
34 16
0
Yes
31 40
30 40
30 39
31 39
29 39
29 40
28 39
28 40
28 38
29 38
30 38
27 38
27 39
27 40
0
Yes
45 0
44 0
44 1
45 1
44 2
45 2
46 2
46 1
46 0
43 2
43 1
43 0
47 0
47 1
47 2
46 3
45 3
44 3
43 3
47 3
42 0
42 1
42 2
42 3
48 1
48 2
48 0
48 3
45 4
44 4
46 4
43 4
47 4
42 4
48 4
49 4
49 3
49 2
49 1
49 0
44 5
45 5
46 5
47 5
43 5
48 5
42 5
49 5
45 6
44 6
0
Yes
47 32
46 32
46 31
47 31
46 30
47 30
48 30
48 31
48 32
45 30
45 31
45 32
48 33
47 33
46 33
45 33
49 32
49 31
49 33
49 30
48 29
47 29
46 29
45 29
49 29
44 32
44 31
44 30
44 33
44 29
47 34
46 34
48 34
45 34
49 34
44 34
47 28
46 28
48 28
45 28
49 28
44 28
43 31
43 32
43 30
43 33
43 29
43 34
43 28
46 35
47 35
45 35
48 35
44 35
49 35
43 35
46 27
47 27
45 27
48 27
44 27
49 27
43 27
42 32
42 31
42 33
42 30
42 29
42 34
42 28
42 35
42 27
47 36
46 36
45 36
44 36
48 36
43 36
49 36
42 36
47 26
46 26
45 26
44 26
48 26
43 26
49 26
42 26
41 31
41 32
41 33
41 30
41 34
41 29
41 28
41 35
41 27
41 36
41 26
46 37
47 37
45 37
44 37
43 37
42 37
41 37
48 37
49 37
46 25
47 25
45 25
44 25
43 25
48 25
42 25
49 25
41 25
40 32
40 31
40 33
40 30
40 34
40 29
40 35
40 28
40 27
40 26
40 25
40 36
40 37
47 24
46 24
45 24
44 24
43 24
42 24
0
Yes
0 0
0 1
0 2
0 3
0 4
0 5
1 0
1 1
1 2
1 3
1 4
1 5
2 0
2 1
2 2
2 3
2 4
2 5
0
No
0
No
0
No
0
No
0
Yes
0 44
0 45
0 46
0 47
0 48
0 49
1 44
1 45
1 46
1 47
1 48
1 49
2 44
2 45
2 46
2 47
2 48
2 49
3 44
3 45
3 46
3 47
3 48
3 49
4 44
4 45
4 46
4 47
4 48
4 49
0
Yes
8 43
7 43
7 42
8 42
7 41
8 41
9 41
9 42
9 43
6 41
6 42
6 43
9 44
8 44
7 44
6 44
10 43
10 44
10 42
10 41
5 43
5 44
5 42
5 41
8 45
7 45
9 45
0
No
0
Yes
47 5
46 5
46 4
47 4
46 3
47 3
48 3
48 4
48 5
45 3
45 4
45 5
48 6
47 6
46 6
45 6
49 5
49 4
49 6
49 3
48 2
47 2
46 2
45 2
49 2
44 5
44 4
44 3
44 6
44 2
47 7
46 7
48 7
45 7
49 7
44 7
47 1
46 1
48 1
45 1
49 1
44 1
43 4
43 5
43 3
43 6
43 2
43 7
43 1
46 8
47 8
45 8
44 8
43 8
48 8
49 8
46 0
47 0
45 0
44 0
43 0
48 0
49 0
42 5
42 4
42 6
42 3
42 2
42 7
42 8
42 1
42 0
41 6
41 5
41 7
41 8
41 4
40 7
40 6
40 5
40 8
39 5
39 6
0
Yes
37 24
36 24
36 23
37 23
36 22
37 22
38 22
38 23
38 24
35 22
35 23
35 24
39 24
39 23
39 22
38 21
37 21
36 21
35 21
39 21
34 24
34 23
34 22
34 21
40 23
40 22
40 24
40 21
37 20
36 20
38 20
35 20
39 20
34 20
40 20
41 20
41 21
41 22
41 23
41 24
36 19
37 19
38 19
39 19
35 19
40 19
34 19
41 19
37 18
36 18
38 18
39 18
35 18
40 18
34 18
41 18
36 17
37 17
38 17
39 17
35 17
40 17
41 17
34 17
37 16
38 16
39 16
36 16
35 16
0
Yes
23 14
23 15
22 14
22 15
23 13
22 13
0
Yes
31 24
32 24
31 23
32 23
30 24
33 24
30 23
33 23
29 24
29 23
0
Yes
36 39
35 39
36 38
35 38
37 38
34 39
34 38
0
Yes
41 38
41 37
40 37
42 37
42 36
41 36
40 36
41 35
40 35
42 35
42 34
41 34
40 34
43 35
43 36
43 37
43 34
41 33
42 33
40 33
43 33
44 37
44 36
44 35
44 34
44 33
40 32
41 32
42 32
43 32
44 32
45 36
45 35
45 34
45 33
45 37
45 32
41 31
42 31
43 31
44 31
40 31
45 31
46 37
46 36
46 35
46 34
46 33
46 32
46 31
40 30
41 30
42 30
43 30
44 30
45 30
46 30
47 36
47 35
47 34
47 33
47 32
47 31
47 37
47 30
41 29
42 29
43 29
44 29
45 29
46 29
40 29
47 29
48 37
48 36
48 35
48 34
48 33
48 32
48 31
48 30
48 29
40 28
41 28
42 28
43 28
44 28
45 28
46 28
47 28
48 28
49 36
49 35
49 34
49 33
49 32
49 31
49 30
49 29
49 28
49 37
41 27
42 27
43 27
44 27
45 27
46 27
47 27
48 27
40 27
49 27
40 26
41 26
42 26
43 26
44 26
45 26
46 26
47 26
48 26
49 26
41 25
42 25
43 25
44 25
45 25
46 25
47 25
48 25
49 25
40 25
0
No
0
Yes
23 0
23 1
23 2
24 0
24 1
24 2
0
No
1
140
0 44
0 45
0 46
0 47
0 48
0 49
1 44
1 45
1 46
1 47
1 48
1 49
2 44
2 45
2 46
2 47
2 48
2 49
3 44
3 45
3 46
3 47
3 48
3 49
4 44
4 45
4 46
Yes
0 35
0 36
0 37
0 38
0 39
0 40
0 41
0 42
0 43
1 35
1 36
1 37
1 38
1 39
1 40
1 41
1 42
1 43
2 35
2 36
2 37
2 38
2 39
2 40
2 41
2 42
2 43
3 35
3 36
3 37
3 38
3 39
3 40
3 41
3 42
3 43
4 35
4 36
4 37
4 38
4 39
4 40
4 41
4 42
4 43
5 35
5 36
5 37
5 38
5 39
5 40
5 41
5 42
5 43
6 35
6 36
6 37
6 38
6 39
6 40
6 41
6 42
6 43
7 35
7 36
7 37
7 38
7 39
7 40
7 41
7 42
7 43
8 35
8 36
8 37
0
Yes
1 28
0 28
0 27
1 27
0 26
1 26
2 26
2 27
2 28
3 28
3 27
3 26
2 25
1 25
0 25
3 25
4 27
4 26
4 28
4 25
1 24
2 24
3 24
0 24
4 24
5 28
5 27
5 26
5 25
5 24
4 29
3 29
2 29
5 29
0 23
1 23
2 23
3 23
4 23
5 23
6 27
6 26
6 28
6 25
6 24
6 29
2 30
3 30
4 30
5 30
6 30
1 22
2 22
3 22
4 22
0 22
5 22
7 28
7 27
7 26
7 29
7 25
7 30
7 24
3 31
4 31
5 31
6 31
7 31
2 31
0 21
1 21
2 21
3 21
4 21
5 21
8 27
8 28
8 29
8 26
8 30
8 25
8 31
8 24
4 32
5 32
6 32
7 32
1 20
2 20
3 20
4 20
5 20
0 20
9 28
9 27
9 29
9 26
9 25
9 24
9 30
9 31
5 33
6 33
4 33
0
No
0
No
0
Yes
11 49
10 49
10 48
11 48
12 48
12 49
11 47
10 47
12 47
13 49
13 48
13 47
9 48
9 49
9 47
8 49
8 48
8 47
10 46
11 46
12 46
9 46
13 46
8 46
14 48
14 47
14 49
14 46
11 45
10 45
12 45
9 45
13 45
8 45
14 45
15 49
15 48
15 47
15 46
15 45
7 48
7 47
7 46
7 49
7 45
6 49
6 48
6 47
6 46
6 45
10 44
11 44
12 44
9 44
13 44
8 44
14 44
7 44
15 44
6 44
16 47
16 46
16 45
16 44
5 48
5 47
5 46
5 45
5 49
5 44
9 43
10 43
8 43
17 46
17 45
17 47
17 44
4 49
4 48
4 47
4 46
4 45
4 44
10 42
9 42
8 42
18 47
18 46
18 45
18 44
3 48
3 47
3 46
3 45
3 49
3 44
9 41
10 41
8 41
19 46
19 45
19 47
19 44
2 49
2 48
2 47
2 46
2 45
2 44
10 40
9 40
8 40
20 47
20 46
20 45
20 44
20 48
1 48
1 47
1 46
1 45
1 49
1 44
21 48
21 47
21 46
9 39
10 39
8 39
0 49
0 48
0 47
0 46
0 45
0 44
10 38
9 38
8 38
22 47
22 46
0
No
0
No
0
No
0
No
0
Yes
39 9
39 10
39 11
39 12
39 13
39 14
39 15
40 9
40 10
40 11
40 12
40 13
40 14
40 15
41 9
41 10
41 11
41 12
41 13
41 14
41 15
42 9
42 10
42 11
42 12
42 13
42 14
42 15
43 9
43 10
43 11
43 12
43 13
43 14
43 15
44 9
44 10
44 11
44 12
44 13
44 14
44 15
45 9
45 10
45 11
45 12
45 13
45 14
45 15
46 9
46 10
46 11
46 12
46 13
46 14
46 15
47 9
47 10
47 11
47 12
47 13
47 14
47 15
48 9
48 10
48 11
48 12
48 13
48 14
48 15
49 9
49 10
49 11
0
No
1
160
0 35
0 36
0 37
0 38
0 39
0 40
0 41
0 42
0 43
1 35
1 36
1 37
1 38
1 39
1 40
1 41
1 42
1 43
2 35
2 36
2 37
2 38
2 39
2 40
2 41
2 42
2 43
3 35
3 36
3 37
3 38
3 39
3 40
3 41
3 42
3 43
4 35
4 36
4 37
4 38
4 39
4 40
4 41
4 42
4 43
5 35
5 36
5 37
5 38
5 39
5 40
5 41
5 42
5 43
6 35
6 36
6 37
6 38
6 39
6 40
6 41
6 42
6 43
7 35
7 36
7 37
7 38
7 39
7 40
7 41
7 42
7 43
8 35
Yes
42 9
42 10
42 11
42 12
42 13
42 14
42 15
42 16
42 17
42 18
42 19
42 20
43 9
43 10
43 11
43 12
43 13
43 14
43 15
43 16
43 17
43 18
43 19
43 20
44 9
44 10
44 11
44 12
44 13
44 14
44 15
44 16
44 17
44 18
44 19
44 20
45 9
45 10
45 11
45 12
45 13
45 14
45 15
45 16
45 17
45 18
45 19
45 20
46 9
46 10
46 11
46 12
46 13
46 14
46 15
46 16
46 17
46 18
46 19
46 20
47 9
47 10
47 11
47 12
47 13
47 14
47 15
47 16
47 17
47 18
47 19
47 20
48 9
48 10
48 11
48 12
48 13
48 14
48 15
48 16
48 17
48 18
48 19
48 20
49 9
49 10
49 11
49 12
49 13
49 14
49 15
49 16
49 17
49 18
0
Yes
3 0
3 1
3 2
3 3
3 4
4 0
4 1
4 2
4 3
4 4
5 0
5 1
5 2
5 3
5 4
6 0
6 1
6 2
6 3
6 4
7 0
7 1
7 2
7 3
7 4
8 0
8 1
8 2
8 3
8 4
9 0
9 1
9 2
9 3
9 4
0
Yes
49 0
48 0
48 1
49 1
48 2
49 2
47 2
47 1
47 0
46 0
46 1
46 2
47 3
48 3
49 3
46 3
45 1
45 2
45 0
45 3
49 4
48 4
47 4
46 4
45 4
44 0
44 1
44 2
44 3
44 4
48 5
47 5
46 5
45 5
49 5
44 5
43 1
43 2
43 3
43 4
43 0
43 5
49 6
48 6
47 6
46 6
45 6
44 6
43 6
42 0
42 1
42 2
42 3
42 4
42 5
42 6
48 7
47 7
46 7
45 7
44 7
43 7
49 7
42 7
41 4
41 5
41 6
41 7
49 8
48 8
47 8
46 8
45 8
44 8
43 8
42 8
0
Yes
0 6
0 7
0 8
0 9
0 10
0 11
0 12
0 13
0 14
1 6
1 7
1 8
1 9
1 10
1 11
1 12
1 13
1 14
2 6
2 7
2 8
2 9
2 10
2 11
2 12
2 13
2 14
3 6
3 7
3 8
3 9
3 10
3 11
3 12
3 13
3 14
4 6
4 7
4 8
4 9
4 10
4 11
4 12
0
Yes
6 24
5 24
5 23
5 25
6 25
4 25
4 24
4 23
4 26
5 26
6 26
3 24
3 25
3 23
3 26
6 27
5 27
4 27
3 27
7 26
7 25
7 24
7 27
3 22
4 22
5 22
2 23
2 24
2 25
2 26
2 22
2 27
5 28
4 28
6 28
3 28
7 28
2 28
8 24
8 25
8 26
8 27
8 28
5 21
4 21
3 21
2 21
1 24
1 23
1 25
1 26
1 22
1 27
1 21
1 28
6 29
5 29
4 29
7 29
3 29
2 29
8 29
9 25
9 26
9 27
9 28
9 24
9 29
4 20
3 20
2 20
5 20
1 20
0 23
0 24
0 25
0 22
0 26
0 27
0 28
0 21
0 20
9 23
8 23
7 23
5 30
6 30
7 30
4 30
8 30
3 30
9 30
2 30
10 24
10 25
10 26
10 27
10 28
10 29
10 23
7 22
8 22
9 22
10 22
5 19
4 19
3 19
2 19
8 21
9 21
10 21
7 21
6 31
5 31
7 31
4 31
8 31
3 31
9 31
0
Yes
15 0
16 0
16 1
17 1
17 0
18 1
18 0
18 2
17 2
16 2
19 2
19 1
19 0
16 3
17 3
18 3
19 3
20 0
20 1
20 2
20 3
17 4
18 4
19 4
16 4
20 4
21 1
21 2
21 3
21 0
21 4
15 4
15 3
15 2
16 5
17 5
18 5
19 5
20 5
15 5
21 5
22 0
22 1
22 2
22 3
22 4
14 5
14 4
14 3
15 6
16 6
17 6
18 6
19 6
20 6
14 6
21 6
23 1
23 2
23 0
14 7
15 7
16 7
17 7
18 7
19 7
20 7
21 7
24 0
24 1
24 2
15 8
16 8
17 8
18 8
19 8
20 8
21 8
25 1
25 0
25 2
17 9
18 9
19 9
20 9
21 9
26 2
26 1
26 0
22 9
22 8
22 7
23 7
23 8
23 9
24 8
24 9
18 10
17 10
19 10
27 0
27 1
27 2
24 10
23 10
22 10
0
No
0
Yes
19 30
19 31
20 30
20 31
18 30
18 31
19 29
19 32
20 29
20 32
21 30
21 31
18 29
18 32
21 29
21 32
17 30
17 31
19 28
20 28
22 30
22 31
17 29
17 32
18 28
21 28
22 29
22 32
16 30
16 31
17 28
22 28
23 30
23 31
16 29
16 32
23 29
23 32
16 28
23 28
15 30
15 31
24 30
24 31
15 29
15 32
24 29
24 32
15 28
24 28
14 30
14 31
25 30
25 31
14 29
14 32
25 29
25 32
14 28
25 28
13 30
13 31
26 30
26 31
13 29
13 32
26 29
26 32
13 28
26 28
12 30
12 31
12 29
12 32
12 28
0
Yes
23 23
23 24
23 25
23 26
23 27
24 23
24 24
24 25
24 26
24 27
25 23
25 24
25 25
25 26
25 27
26 23
26 24
26 25
26 26
26 27
27 23
27 24
27 25
27 26
27 27
28 23
28 24
28 25
28 26
0
Yes
11 16
10 16
10 15
11 15
10 17
11 17
12 15
11 14
10 14
12 14
11 18
10 18
9 15
9 16
9 17
9 14
9 18
13 14
13 15
8 16
8 15
8 17
8 14
8 18
10 13
11 13
12 13
9 13
13 13
8 13
10 19
9 19
11 19
8 19
14 15
14 14
14 13
11 12
10 12
12 12
9 12
13 12
8 12
14 12
11 20
10 20
9 20
8 20
7 15
7 16
7 17
7 14
7 18
7 13
7 12
6 16
6 15
6 17
6 14
6 13
6 12
15 13
15 12
10 11
11 11
12 11
9 11
14 11
15 11
5 15
5 16
5 14
5 13
5 17
5 12
5 18
9 10
10 10
16 12
16 13
16 11
8 10
4 16
4 15
4 17
4 14
4 13
4 18
6 11
5 11
8 9
17 11
3 15
3 16
3 17
3 18
2 16
2 17
2 15
2 18
1 15
15 15
11 21
16 15
11 22
11 23
11 24
8 8
9 8
10 8
11 8
11 7
12 7
18 11
11 25
13 7
13 8
13 6
13 9
8 7
7 7
7 6
8 6
6 6
6 7
6 8
5 8
5 7
5 6
5 9
6 5
7 5
5 5
0
No
0
No
0
No
0
Yes
28 0
28 1
29 0
29 1
0
Yes
0 35
0 36
0 37
0 38
0 39
0 40
0 41
1 35
1 36
1 37
1 38
1 39
1 40
1 41
2 35
2 36
2 37
2 38
2 39
2 40
2 41
3 35
3 36
3 37
3 38
3 39
3 40
3 41
4 35
4 36
4 37
4 38
4 39
4 40
4 41
5 35
5 36
5 37
5 38
5 39
5 40
0
No
0
No
0
No
0
No
0
No
0
No
0
Yes
26 6
27 6
26 5
25 6
25 5
0
Yes
47 21
47 22
47 23
47 24
48 21
48 22
48 23
48 24
49 21
49 22
49 23
49 24
0
No
0
No
0
No
0
Yes
29 11
28 11
29 10
29 12
30 11
28 10
28 12
30 10
30 12
27 11
29 9
31 11
27 10
27 12
28 9
30 9
31 10
31 12
27 9
31 9
26 11
26 10
26 12
26 9
0
No
0
No
0
No
0
No
0
No
0
No
0
No
0
No
0
Yes
37 22
36 22
37 21
37 23
38 22
36 21
36 23
38 21
38 23
35 22
37 20
37 24
39 22
35 21
35 23
36 20
36 24
38 20
38 24
39 21
39 23
35 20
35 24
39 20
39 24
34 22
37 19
34 21
34 23
36 19
38 19
34 20
34 24
35 19
39 19
34 19
0
Yes
38 16
38 17
39 16
39 17
37 16
37 17
38 15
38 18
39 15
39 18
40 16
40 17
37 15
37 18
40 15
40 18
36 16
36 17
38 14
39 14
41 16
41 17
36 15
36 18
37 14
40 14
41 15
41 18
35 16
35 17
36 14
41 14
35 15
35 18
0
No
0
Yes
39 11
40 11
39 10
39 12
40 10
40 12
38 11
41 11
38 10
38 12
41 10
41 12
39 9
39 13
40 9
40 13
37 11
38 9
38 13
41 9
41 13
37 10
37 12
39 8
40 8
37 9
37 13
38 8
41 8
37 8
0
No
0
Yes
42 21
41 21
41 20
41 22
42 22
40 22
40 21
40 20
40 23
41 23
42 23
42 24
41 24
40 24
43 23
43 22
43 21
43 24
0
Yes
45 0
44 0
44 1
45 1
44 2
45 2
46 2
46 1
46 0
43 2
43 1
43 0
47 0
47 1
47 2
46 3
45 3
44 3
43 3
47 3
42 0
42 1
42 2
42 3
48 1
48 2
48 0
48 3
45 4
44 4
46 4
43 4
47 4
42 4
48 4
49 4
49 3
49 2
49 1
49 0
44 5
45 5
46 5
47 5
0
Yes
39 2
38 2
38 1
39 1
38 3
39 0
38 0
37 1
37 2
37 3
37 0
37 4
38 4
36 2
36 1
36 3
36 0
36 4
38 5
37 5
36 5
39 5
39 6
38 6
37 6
36 6
35 1
35 2
35 3
35 4
35 5
35 0
35 6
40 6
40 5
41 5
41 6
41 4
34 2
34 1
34 3
34 4
34 5
34 0
34 6
42 6
42 5
43 5
43 6
38 7
39 7
40 7
37 7
41 7
36 7
42 7
35 7
43 7
34 7
33 1
33 2
33 3
33 4
33 5
33 6
33 0
33 7
44 6
44 7
36 8
35 8
34 8
33 8
42 8
43 8
44 8
32 2
32 1
32 3
32 4
32 5
32 6
32 7
32 0
32 8
45 7
45 6
45 8
31 1
31 2
31 3
31 4
31 5
31 6
31 7
31 8
35 9
34 9
33 9
32 9
36 9
46 6
46 7
46 8
36 10
35 10
34 10
33 10
32 10
30 4
30 5
30 6
30 7
30 8
47 7
47 6
47 8
35 11
34 11
33 11
36 11
32 11
48 6
48 7
48 8
48 5
29 5
29 6
29 7
29 4
29 8
29 3
36 12
35 12
34 12
33 12
32 12
49 5
49 6
49 7
49 8
28 3
28 4
28 5
28 6
28 7
28 8
28 2
29 2
0
Yes
19 22
19 23
18 22
18 23
20 22
20 23
19 21
19 24
18 21
18 24
20 21
20 24
17 22
17 23
21 22
21 23
17 21
17 24
19 20
19 25
21 21
21 24
18 20
18 25
20 20
20 25
16 22
16 23
22 22
22 23
17 20
17 25
21 20
21 25
16 21
16 24
22 21
22 24
19 19
19 26
18 19
18 26
20 19
20 26
16 20
16 25
22 20
22 25
15 22
15 23
17 19
17 26
21 19
21 26
23 22
23 23
15 21
15 24
23 21
23 24
19 18
19 27
16 19
16 26
18 18
18 27
20 18
20 27
22 19
22 26
15 20
15 25
23 20
23 25
17 18
17 27
21 18
21 27
14 22
14 23
14 21
14 24
15 19
15 26
23 19
23 26
16 18
16 27
22 18
22 27
19 17
14 20
14 25
18 17
20 17
17 17
21 17
15 18
15 27
23 18
23 27
14 19
14 26
16 17
22 17
14 18
14 27
15 17
23 17
14 17
0
Yes
28 30
29 30
28 29
28 31
29 29
29 31
27 30
27 29
27 31
28 28
28 32
29 28
29 32
27 28
27 32
28 27
29 27
0
Yes
0 42
0 43
0 44
0 45
0 46
0 47
0 48
0 49
1 42
1 43
1 44
1 45
1 46
1 47
1 48
1 49
2 42
2 43
2 44
2 45
2 46
2 47
2 48
2 49
3 42
3 43
3 44
3 45
3 46
3 47
3 48
3 49
4 42
4 43
4 44
4 45
4 46
4 47
4 48
4 49
5 42
5 43
5 44
5 45
5 46
5 47
5 48
5 49
6 42
6 43
6 44
6 45
6 46
6 47
6 48
6 49
7 42
7 43
7 44
7 45
7 46
7 47
7 48
7 49
8 42
8 43
8 44
8 45
8 46
8 47
8 48
8 49
9 42
9 43
9 44
9 45
9 46
9 47
9 48
9 49
10 42
10 43
0
Yes
10 23
11 23
10 22
10 24
11 22
11 24
9 23
12 23
9 22
9 24
12 22
12 24
10 21
10 25
11 21
11 25
8 23
9 21
9 25
12 21
12 25
13 23
8 22
8 24
13 22
13 24
10 20
10 26
11 20
11 26
8 21
8 25
13 21
13 25
9 20
9 26
12 20
12 26
7 23
7 22
7 24
8 20
8 26
13 20
13 26
7 21
7 25
10 19
10 27
11 19
11 27
9 19
9 27
12 19
12 27
7 26
8 19
8 27
13 19
13 27
10 18
11 18
9 18
12 18
7 27
8 18
13 18
7 18
0
Yes
26 6
25 6
26 5
25 5
0
Yes
11 2
11 1
10 1
12 1
12 2
11 0
10 0
0
No
0
No
0
No
0
Yes
45 47
44 47
45 46
45 48
46 47
44 46
44 48
46 46
46 48
43 47
45 45
45 49
47 47
43 46
43 48
44 45
44 49
46 45
46 49
47 46
47 48
43 45
43 49
47 45
47 49
42 47
45 44
48 47
42 46
42 48
44 44
46 44
48 46
48 48
42 45
42 49
43 44
47 44
48 45
48 49
41 47
49 47
41 46
41 48
49 46
49 48
42 44
48 44
41 45
41 49
49 45
49 49
40 47
41 44
49 44
40 46
40 48
40 45
40 49
40 44
0
Yes
1 28
0 28
0 27
1 27
0 26
1 26
2 26
2 27
2 28
3 28
3 27
3 26
2 25
1 25
0 25
3 25
4 27
4 26
4 28
4 25
1 24
2 24
3 24
0 24
4 24
5 28
5 27
5 26
5 25
5 24
4 29
3 29
2 29
5 29
0 23
1 23
2 23
3 23
4 23
5 23
6 27
6 26
6 28
6 25
6 24
6 29
2 30
3 30
4 30
5 30
6 30
1 22
2 22
3 22
4 22
0 22
5 22
7 28
7 27
7 26
7 29
7 25
7 30
7 24
3 31
4 31
5 31
6 31
7 31
2 31
0 21
1 21
2 21
3 21
4 21
5 21
8 27
8 28
8 29
8 26
8 30
8 25
8 31
8 24
4 32
5 32
6 32
7 32
1 20
2 20
3 20
4 20
5 20
0 20
9 28
9 27
9 29
9 26
9 25
9 24
9 30
9 31
0
Yes
6 5
5 5
5 6
6 6
5 7
6 7
7 7
7 6
7 5
4 7
4 6
4 5
3 5
3 6
3 7
4 8
5 8
3 8
6 8
2 6
2 7
2 8
3 9
4 9
2 9
5 9
1 7
1 8
1 6
1 9
2 10
3 10
4 10
1 10
0 6
0 7
0 8
0 9
0 10
4 11
3 11
2 11
1 11
0 11
3 12
2 12
1 12
4 12
0 12
4 13
3 13
2 13
1 13
0 13
5 13
5 12
5 11
6 11
6 12
6 13
7 12
7 13
6 14
5 14
4 14
3 14
2 14
1 14
7 14
0 14
5 15
4 15
3 15
2 15
6 15
1 15
7 15
0 15
8 14
8 13
8 12
8 15
8 7
8 6
6 16
5 16
4 16
7 16
3 16
2 16
8 16
0
No
0
Yes
7 18
7 17
6 17
8 17
8 18
8 19
9 18
9 17
9 19
9 16
9 20
8 20
8 21
9 21
7 21
10 17
10 18
10 19
10 20
10 16
10 21
7 22
8 22
9 22
10 22
11 18
11 17
11 19
11 20
11 21
11 16
11 22
10 15
9 15
11 15
9 14
10 14
11 14
8 23
9 23
10 23
7 23
11 23
12 17
12 18
12 19
12 16
12 20
12 15
12 21
12 22
12 14
12 23
10 13
11 13
9 13
12 13
13 18
13 17
13 19
13 16
13 20
13 15
13 21
13 14
13 22
13 13
13 23
9 12
10 12
11 12
12 12
13 12
10 24
11 24
12 24
13 24
14 16
14 15
14 14
14 13
14 12
10 11
11 11
12 11
9 11
11 25
12 25
10 25
13 25
9 10
10 10
8 10
10 26
11 26
12 26
13 26
0
No
0
Yes
29 25
28 25
28 24
28 26
29 26
27 26
27 25
27 24
26 25
26 24
26 26
25 26
25 25
25 24
26 23
25 23
27 23
28 23
24 25
24 26
24 24
24 23
25 27
26 27
27 27
24 27
0
Yes
16 16
15 16
16 15
15 15
0
Yes
30 11
29 11
30 10
30 12
31 11
29 10
29 12
31 10
31 12
28 11
30 9
28 10
28 12
29 9
31 9
28 9
0
No
0
No
0
No
0
No
0
Yes
46 41
47 41
46 40
46 42
47 40
47 42
45 41
48 41
45 40
45 42
48 40
48 42
46 39
46 43
47 39
47 43
44 41
45 39
45 43
48 39
48 43
49 41
44 40
44 42
49 40
49 42
46 38
47 38
44 39
44 43
49 39
49 43
45 38
48 38
43 41
43 40
43 42
44 38
49 38
43 39
43 43
43 38
0
No
0
No
0
No
0
Yes
6 38
6 39
6 40
6 41
7 38
7 39
7 40
7 41
8 38
8 39
8 40
8 41
9 38
9 39
9 40
9 41
10 38
10 39
10 40
10 41
0
Yes
26 46
25 46
25 45
26 45
25 44
26 44
27 44
27 45
27 46
24 44
24 45
24 46
27 47
26 47
25 47
24 47
28 46
28 45
28 47
28 44
27 43
26 43
25 43
24 43
28 43
26 48
25 48
27 48
24 48
28 48
29 45
29 46
29 47
29 44
29 48
29 43
26 42
27 42
25 42
28 42
29 42
24 42
25 49
26 49
27 49
28 49
29 49
24 49
30 46
30 45
30 47
30 44
30 48
30 43
30 49
30 42
27 41
28 41
26 41
29 41
30 41
31 45
31 46
31 47
31 44
31 43
31 48
31 42
31 49
31 41
26 40
27 40
28 40
29 40
30 40
31 40
0
No
0
No
0
Yes
36 47
35 47
35 46
36 46
35 45
36 45
37 45
37 46
37 47
34 45
34 46
34 47
37 48
36 48
35 48
34 48
38 46
38 47
38 48
37 44
36 44
35 44
34 44
33 47
33 46
33 45
33 48
33 44
36 49
35 49
37 49
34 49
38 49
33 49
39 47
39 48
39 46
39 49
36 43
35 43
34 43
37 43
33 43
32 46
32 47
32 45
32 48
32 44
32 49
32 43
35 42
36 42
34 42
33 42
37 42
34 41
35 41
36 41
33 41
36 40
35 40
0
Yes
19 27
18 27
18 26
19 26
20 26
20 27
19 25
18 25
20 25
21 27
21 26
21 25
17 26
17 27
17 25
16 27
16 26
16 25
18 24
19 24
20 24
17 24
21 24
16 24
22 26
22 25
22 27
22 24
19 23
18 23
20 23
17 23
21 23
16 23
22 23
23 27
23 26
23 25
23 24
23 23
15 26
15 25
15 24
15 27
15 23
14 27
14 26
14 25
14 24
14 23
18 22
19 22
20 22
17 22
21 22
16 22
22 22
15 22
23 22
14 22
19 21
18 21
20 21
17 21
21 21
16 21
22 21
15 21
23 21
14 21
18 20
19 20
20 20
17 20
21 20
16 20
22 20
15 20
23 20
14 20
19 19
18 19
20 19
17 19
21 19
16 19
22 19
15 19
23 19
14 19
18 18
19 18
20 18
17 18
21 18
16 18
22 18
15 18
23 18
14 18
19 17
18 17
20 17
17 17
21 17
16 17
22 17
15 17
23 17
14 17
18 16
19 16
20 16
17 16
21 16
22 16
23 16
20 15
22 15
23 15
23 14
22 14
22 13
23 13
23 12
24 12
24 11
25 11
25 12
0
Yes
48 41
47 41
48 40
48 42
49 41
47 40
47 42
49 40
49 42
46 41
48 39
48 43
46 40
46 42
47 39
47 43
49 39
49 43
46 39
46 43
48 38
47 38
49 38
0
Yes
42 38
42 39
43 39
43 38
44 39
44 38
44 40
43 40
42 40
42 41
43 41
44 41
45 40
45 39
45 41
45 38
43 42
44 42
42 42
45 42
42 43
43 43
44 43
45 43
41 43
41 42
41 41
0
No
0
Yes
47 0
46 0
46 1
47 1
46 2
47 2
48 2
48 1
48 0
45 2
45 1
45 0
49 0
49 1
49 2
48 3
47 3
46 3
45 3
49 3
44 0
44 1
44 2
44 3
47 4
46 4
45 4
44 4
48 4
49 4
43 1
43 2
43 3
43 0
0
Yes
16 49
15 49
15 48
14 48
14 49
13 48
13 49
13 47
14 47
15 47
12 47
12 48
12 49
0
No
0
No
0
No
0
Yes
0 42
0 43
0 44
0 45
0 46
0 47
0 48
0 49
1 42
1 43
1 44
1 45
1 46
1 47
1 48
1 49
2 42
2 43
2 44
2 45
2 46
2 47
2 48
2 49
3 42
3 43
3 44
3 45
3 46
3 47
3 48
3 49
4 42
4 43
4 44
4 45
4 46
4 47
4 48
4 49
5 42
5 43
5 44
5 45
5 46
5 47
5 48
5 49
6 42
6 43
6 44
6 45
6 46
6 47
6 48
6 49
7 42
7 43
7 44
7 45
7 46
7 47
7 48
7 49
8 42
8 43
8 44
8 45
8 46
8 47
8 48
8 49
9 42
9 43
9 44
9 45
9 46
9 47
9 48
9 49
10 42
10 43
10 44
10 45
10 46
10 47
10 48
10 49
11 42
11 43
11 44
11 45
11 46
11 47
11 48
11 49
12 42
12 43
0
No
0
No
0
Yes
40 35
40 34
41 34
41 35
42 34
42 35
42 36
41 36
40 36
42 33
41 33
40 33
40 37
41 37
42 37
43 36
43 35
43 34
43 33
43 37
40 32
41 32
42 32
43 32
44 35
44 34
44 36
44 33
44 37
44 32
41 31
42 31
43 31
40 31
44 31
45 34
45 35
45 33
45 36
45 32
45 37
45 31
40 30
41 30
42 30
43 30
44 30
45 30
46 35
46 34
46 33
46 32
46 36
46 31
46 37
46 30
41 29
42 29
43 29
44 29
45 29
40 29
46 29
47 34
47 35
47 33
47 32
47 31
47 36
47 30
47 37
47 29
40 28
41 28
42 28
43 28
44 28
45 28
46 28
47 28
48 35
48 34
48 33
48 32
48 31
48 30
48 36
48 29
48 37
48 28
41 27
42 27
43 27
44 27
45 27
46 27
47 27
40 27
48 27
49 34
49 35
49 33
49 32
49 31
49 30
49 29
49 28
49 27
49 36
49 37
40 26
41 26
42 26
43 26
44 26
45 26
46 26
47 26
48 26
49 26
41 25
42 25
43 25
44 25
45 25
46 25
47 25
0
Yes
37 8
37 9
37 10
37 11
38 8
38 9
38 10
38 11
39 8
39 9
39 10
39 11
40 8
40 9
40 10
40 11
41 8
41 9
0
No
0
Yes
46 38
45 38
46 37
46 39
47 38
45 37
45 39
47 37
47 39
44 38
46 36
46 40
48 38
44 37
44 39
45 36
45 40
47 36
47 40
48 37
48 39
44 36
44 40
48 36
48 40
43 38
46 35
46 41
49 38
43 37
43 39
45 35
45 41
47 35
47 41
49 37
49 39
43 36
43 40
44 35
44 41
48 35
48 41
49 36
49 40
42 38
46 34
46 42
42 37
42 39
45 34
45 42
47 34
47 42
43 35
43 41
49 35
49 41
42 36
42 40
44 34
44 42
48 34
48 42
42 35
42 41
43 34
43 42
46 33
46 43
49 34
49 42
45 33
45 43
47 33
47 43
44 33
44 43
48 33
48 43
42 34
42 42
43 33
43 43
49 33
49 43
46 32
45 32
47 32
44 32
48 32
42 33
42 43
43 32
49 32
0
No
0
Yes
28 48
27 48
28 47
28 49
29 48
27 47
27 49
29 47
29 49
26 48
28 46
30 48
26 47
26 49
27 46
29 46
30 47
30 49
26 46
30 46
25 48
31 48
25 47
25 49
31 47
31 49
25 46
31 46
24 48
24 47
24 49
0
Yes
45 26
46 26
45 25
45 27
46 25
46 27
44 26
47 26
44 25
44 27
47 25
47 27
45 24
45 28
46 24
46 28
43 26
44 24
44 28
47 24
47 28
48 26
43 25
43 27
48 25
48 27
45 23
45 29
46 23
46 29
43 24
43 28
48 24
48 28
44 23
44 29
47 23
47 29
42 26
49 26
42 25
42 27
49 25
49 27
43 23
43 29
48 23
48 29
42 24
42 28
45 22
45 30
46 22
46 30
49 24
49 28
44 22
44 30
47 22
47 30
41 26
41 25
41 27
42 23
42 29
49 23
49 29
43 22
43 30
48 22
48 30
41 24
41 28
45 21
45 31
46 21
46 31
44 21
44 31
47 21
47 31
42 22
42 30
49 22
49 30
41 23
41 29
43 21
43 31
48 21
48 31
41 22
41 30
45 20
46 20
42 21
42 31
49 21
49 31
44 20
47 20
43 20
48 20
41 21
41 31
42 20
49 20
41 20
0
Yes
27 25
27 26
26 25
26 26
28 25
28 26
27 24
27 27
26 24
26 27
28 24
28 27
25 25
25 26
29 25
29 26
25 24
25 27
27 23
29 24
29 27
26 23
28 23
24 25
24 26
25 23
29 23
24 24
24 27
0
Yes
25 31
25 32
24 31
24 32
26 31
26 32
25 30
25 33
24 30
24 33
26 30
26 33
23 31
23 32
27 31
27 32
23 30
23 33
25 29
25 34
27 30
27 33
24 29
24 34
26 29
26 34
22 31
22 32
28 31
28 32
23 29
23 34
27 29
27 34
22 30
22 33
28 30
28 33
25 28
24 28
26 28
22 29
22 34
28 29
28 34
21 31
21 32
23 28
27 28
29 31
29 32
21 30
21 33
29 30
29 33
22 28
28 28
21 29
21 34
29 29
29 34
20 31
20 32
20 30
20 33
21 28
29 28
0
No
0
Yes
14 35
14 36
14 37
14 38
14 39
14 40
14 41
14 42
14 43
15 35
15 36
15 37
15 38
15 39
15 40
15 41
15 42
15 43
16 35
16 36
16 37
16 38
16 39
16 40
16 41
16 42
16 43
17 35
17 36
17 37
17 38
17 39
17 40
17 41
17 42
17 43
18 35
18 36
18 37
18 38
18 39
18 40
18 41
18 42
18 43
19 35
19 36
19 37
19 38
19 39
19 40
19 41
19 42
19 43
20 35
20 36
20 37
20 38
20 39
20 40
20 41
20 42
20 43
21 35
21 36
21 37
21 38
21 39
21 40
21 41
21 42
21 43
22 35
22 36
22 37
22 38
22 39
22 40
22 41
22 42
22 43
23 35
23 36
23 37
23 38
23 39
23 40
23 41
23 42
23 43
24 35
24 36
24 37
24 38
24 39
24 40
24 41
24 42
24 43
25 35
25 36
25 37
25 38
25 39
25 40
0
No
0
Yes
46 14
46 15
45 14
45 15
47 14
47 15
46 13
46 16
45 13
45 16
47 13
47 16
44 14
44 15
48 14
48 15
44 13
44 16
46 12
46 17
48 13
48 16
45 12
45 17
47 12
47 17
43 14
43 15
49 14
49 15
44 12
44 17
48 12
48 17
43 13
43 16
49 13
49 16
46 11
46 18
45 11
45 18
47 11
47 18
43 12
43 17
49 12
49 17
42 14
42 15
44 11
44 18
48 11
48 18
42 13
42 16
46 10
46 19
43 11
43 18
45 10
45 19
47 10
47 19
49 11
49 18
42 12
42 17
44 10
44 19
48 10
48 19
42 11
42 18
43 10
43 19
49 10
49 19
46 9
45 9
47 9
44 9
48 9
42 10
42 19
43 9
49 9
42 9
0
Yes
47 7
48 7
47 6
47 8
48 6
48 8
46 7
49 7
46 6
46 8
49 6
49 8
47 5
48 5
45 7
46 5
49 5
45 6
45 8
0
No
0
No
0
No
0
No
0
Yes
2 34
3 34
2 33
3 33
1 34
0
No
0
No
0
Yes
45 17
46 17
45 16
45 18
46 16
46 18
44 17
47 17
44 16
44 18
47 16
47 18
45 15
45 19
46 15
46 19
43 17
44 15
44 19
47 15
47 19
48 17
43 16
43 18
48 16
48 18
45 14
46 14
43 15
43 19
48 15
48 19
44 14
47 14
42 17
49 17
42 16
42 18
49 16
49 18
43 14
48 14
42 15
42 19
49 15
49 19
41 17
41 16
41 18
42 14
49 14
41 15
41 19
0
Yes
34 37
34 36
35 36
35 37
36 36
36 37
36 38
35 38
34 38
36 35
35 35
34 35
34 39
35 39
36 39
37 38
37 37
37 36
0
No
0
No
0
Yes
45 11
45 12
46 11
46 12
44 11
44 12
45 10
45 13
46 10
46 13
47 11
47 12
44 10
44 13
47 10
47 13
43 11
43 12
45 9
46 9
48 11
48 12
43 10
43 13
44 9
47 9
48 10
48 13
42 11
42 12
43 9
48 9
49 11
49 12
42 10
42 13
49 10
49 13
42 9
49 9
41 11
41 12
41 10
41 13
41 9
0
Yes
36 6
36 7
35 6
35 7
37 6
37 7
36 5
36 8
35 5
35 8
37 5
37 8
34 6
34 7
38 6
38 7
34 5
34 8
36 4
36 9
38 5
38 8
35 4
35 9
37 4
37 9
33 6
33 7
39 6
39 7
34 4
34 9
38 4
38 9
33 5
33 8
39 5
39 8
36 3
36 10
35 3
35 10
37 3
37 10
33 4
33 9
39 9
32 6
32 7
34 3
34 10
38 3
38 10
32 5
32 8
36 2
36 11
33 3
33 10
35 2
35 11
37 2
37 11
39 10
32 4
32 9
34 2
34 11
38 2
38 11
32 3
32 10
33 2
33 11
39 2
39 11
36 1
36 12
35 1
35 12
37 1
37 12
34 1
34 12
38 1
38 12
32 2
32 11
33 1
33 12
39 1
39 12
36 0
35 0
37 0
32 1
32 12
34 0
38 0
33 0
0
No
0
Yes
24 42
24 43
24 44
24 45
24 46
24 47
24 48
24 49
25 42
25 43
25 44
25 45
25 46
25 47
25 48
25 49
26 42
26 43
26 44
26 45
26 46
26 47
26 48
26 49
27 42
27 43
27 44
27 45
27 46
27 47
27 48
27 49
28 42
28 43
28 44
28 45
28 46
28 47
28 48
28 49
29 42
29 43
29 44
29 45
29 46
29 47
29 48
29 49
30 42
30 43
30 44
30 45
30 46
30 47
30 48
30 49
31 42
31 43
31 44
31 45
0
Yes
15 16
16 16
15 15
16 15
14 16
0
Yes
0 0
0 1
0 2
0 3
0 4
0 5
1 0
1 1
1 2
1 3
1 4
1 5
2 0
2 1
2 2
2 3
2 4
2 5
3 0
3 1
3 2
3 3
3 4
3 5
4 0
4 1
4 2
4 3
4 4
4 5
5 0
5 1
5 2
0
Yes
25 34
26 34
25 33
25 35
26 33
26 35
24 34
27 34
24 33
24 35
27 33
27 35
25 32
25 36
26 32
26 36
23 34
24 32
24 36
27 32
27 36
28 34
23 33
23 35
28 33
28 35
25 31
25 37
26 31
26 37
23 32
23 36
28 32
28 36
24 31
24 37
27 31
27 37
22 34
29 34
22 33
22 35
29 33
29 35
23 31
23 37
28 31
28 37
22 32
22 36
25 30
25 38
26 30
26 38
29 32
29 36
24 30
24 38
27 30
27 38
21 34
21 33
21 35
22 31
22 37
29 31
29 37
23 30
23 38
28 30
28 38
21 32
21 36
25 29
25 39
26 29
26 39
24 29
24 39
27 29
27 39
22 30
22 38
29 30
29 38
21 31
21 37
23 29
23 39
28 29
28 39
21 30
21 38
25 28
26 28
22 29
22 39
29 29
29 39
24 28
27 28
23 28
28 28
21 29
21 39
22 28
29 28
21 28
0
No
0
Yes
27 11
26 11
27 10
27 12
26 10
26 12
27 9
0
Yes
24 23
24 24
25 24
25 23
26 24
26 23
26 25
25 25
24 25
24 26
25 26
26 26
27 25
27 24
27 23
27 26
25 27
26 27
27 27
24 27
28 23
28 24
28 25
28 26
28 27
29 24
29 25
29 23
0
No
0
No
0
Yes
32 24
33 24
32 23
33 23
31 24
34 24
31 23
34 23
30 24
30 23
0
Yes
17 36
16 36
17 35
17 37
18 36
16 35
16 37
18 35
18 37
15 36
17 34
17 38
19 36
15 35
15 37
16 34
16 38
18 34
18 38
19 35
19 37
15 34
15 38
19 34
19 38
14 36
17 33
17 39
20 36
14 35
14 37
16 33
16 39
18 33
18 39
20 35
20 37
14 34
14 38
15 33
15 39
19 33
19 39
20 34
20 38
13 36
17 32
17 40
13 35
13 37
16 32
16 40
18 32
18 40
14 33
14 39
20 33
20 39
13 34
13 38
15 32
15 40
19 32
19 40
13 33
13 39
14 32
14 40
17 31
17 41
20 32
20 40
16 31
16 41
18 31
18 41
15 31
15 41
19 31
19 41
13 32
13 40
14 31
14 41
20 31
20 41
17 30
17 42
16 30
16 42
18 30
18 42
15 30
15 42
19 30
19 42
13 31
13 41
14 30
14 42
20 30
20 42
17 29
17 43
16 29
16 43
18 29
18 43
13 30
13 42
15 29
15 43
19 29
19 43
14 29
14 43
20 29
20 43
17 28
13 29
13 43
16 28
18 28
15 28
19 28
14 28
20 28
0
Yes
47 18
46 18
46 17
47 17
46 16
47 16
48 16
48 17
48 18
45 16
45 17
45 18
48 19
47 19
46 19
45 19
49 18
49 17
49 16
49 19
48 15
47 15
46 15
45 15
49 15
44 18
44 17
44 16
44 19
44 15
47 14
46 14
48 14
45 14
49 14
44 14
43 17
43 16
43 18
43 15
43 19
43 14
46 13
47 13
45 13
48 13
44 13
49 13
43 13
42 18
42 17
42 16
42 15
42 14
42 19
42 13
47 12
46 12
45 12
44 12
48 12
43 12
49 12
42 12
41 17
41 16
41 15
41 14
41 18
41 13
41 19
41 12
46 11
47 11
45 11
44 11
43 11
48 11
42 11
49 11
41 11
40 18
40 17
40 16
40 15
40 14
40 13
40 12
40 19
40 11
47 10
46 10
45 10
44 10
43 10
42 10
48 10
41 10
49 10
40 10
39 17
39 16
39 15
39 18
39 14
39 13
39 19
46 9
47 9
45 9
44 9
43 9
42 9
41 9
40 9
48 9
49 9
38 18
38 17
38 16
38 15
38 14
38 19
38 13
44 8
43 8
42 8
41 8
40 8
37 17
37 16
37 15
37 18
0
Yes
16 13
15 13
15 12
16 12
15 11
16 11
14 11
14 12
14 13
13 12
13 13
12 12
12 13
0
Yes
30 7
29 7
30 6
30 8
31 7
29 6
29 8
31 6
31 8
28 7
30 5
28 6
28 8
29 5
31 5
28 5
0
Yes
48 40
47 40
47 39
48 39
47 38
48 38
49 38
49 39
49 40
46 38
46 39
46 40
49 41
48 41
47 41
46 41
49 37
48 37
47 37
46 37
45 40
45 39
45 38
45 41
45 37
48 42
47 42
46 42
49 42
45 42
48 36
47 36
46 36
49 36
45 36
44 39
44 40
44 38
44 41
44 37
44 42
44 36
47 43
46 43
45 43
44 43
48 43
49 43
47 35
46 35
48 35
45 35
49 35
44 35
43 40
43 39
43 41
43 38
43 37
43 42
43 36
43 43
43 35
48 34
47 34
46 34
45 34
44 34
49 34
43 34
42 39
42 40
42 41
42 38
42 37
42 36
42 42
42 35
42 43
42 34
47 33
46 33
45 33
44 33
48 33
43 33
49 33
42 33
41 41
41 42
41 43
41 38
41 37
41 36
41 35
41 34
41 33
48 32
47 32
46 32
45 32
44 32
43 32
42 32
41 32
49 32
40 42
40 41
40 43
40 37
40 36
40 35
40 34
40 33
40 32
39 36
39 35
39 37
0
Yes
13 28
13 29
13 30
13 31
13 32
13 33
13 34
13 35
13 36
13 37
13 38
13 39
13 40
13 41
13 42
13 43
14 28
14 29
14 30
14 31
14 32
14 33
14 34
14 35
14 36
14 37
14 38
14 39
14 40
14 41
14 42
14 43
15 28
15 29
15 30
15 31
15 32
15 33
15 34
15 35
15 36
15 37
15 38
15 39
15 40
15 41
15 42
15 43
16 28
16 29
16 30
16 31
16 32
16 33
16 34
16 35
16 36
16 37
16 38
16 39
16 40
16 41
16 42
16 43
17 28
17 29
17 30
17 31
17 32
17 33
17 34
17 35
17 36
17 37
17 38
17 39
17 40
17 41
17 42
17 43
18 28
18 29
18 30
18 31
18 32
18 33
18 34
18 35
18 36
18 37
18 38
18 39
18 40
18 41
18 42
18 43
19 28
19 29
19 30
19 31
19 32
19 33
19 34
19 35
19 36
19 37
19 38
19 39
19 40
19 41
19 42
19 43
20 28
20 29
20 30
20 31
20 32
20 33
20 34
20 35
20 36
20 37
20 38
20 39
20 40
20 41
20 42
20 43
0
No
0
No
0
No
0
Yes
4 25
3 25
3 24
4 24
3 23
4 23
5 23
5 24
5 25
2 23
2 24
2 25
5 26
4 26
3 26
2 26
6 24
6 25
6 26
5 22
4 22
3 22
2 22
1 25
1 24
1 23
1 26
1 22
4 27
3 27
5 27
2 27
6 27
1 27
7 25
7 26
7 24
7 27
4 21
3 21
2 21
5 21
1 21
0 24
0 25
0 23
0 26
0 22
0 27
0 21
3 28
4 28
5 28
2 28
6 28
1 28
7 28
0 28
8 24
8 25
8 26
8 27
8 28
3 20
2 20
4 20
5 20
1 20
0 20
4 29
5 29
6 29
3 29
2 29
7 29
8 29
9 25
9 26
9 27
9 28
9 24
9 29
4 19
3 19
2 19
5 19
3 30
4 30
5 30
6 30
7 30
8 30
2 30
9 30
9 23
8 23
7 23
10 24
10 25
10 26
10 27
10 28
10 29
10 23
7 22
8 22
9 22
10 22
3 18
4 18
5 18
2 18
4 31
5 31
6 31
7 31
3 31
8 31
2 31
9 31
8 21
9 21
10 21
7 21
11 25
11 24
11 26
11 23
11 27
11 22
11 28
0
No
0
Yes
3 42
2 42
2 43
3 43
2 44
3 44
4 44
4 43
4 42
1 44
1 43
1 42
5 42
5 43
5 44
4 45
3 45
2 45
1 45
5 45
0 42
0 43
0 44
0 45
6 43
6 44
6 42
6 45
3 46
2 46
4 46
1 46
5 46
0 46
6 46
7 42
7 43
7 44
7 45
7 46
2 47
3 47
4 47
5 47
1 47
6 47
0 47
7 47
8 43
8 44
8 45
8 46
8 42
8 47
7 41
6 41
8 41
5 41
3 48
2 48
4 48
5 48
6 48
1 48
7 48
0 48
8 48
9 42
9 43
9 44
9 45
9 46
9 47
9 41
9 48
8 40
7 40
6 40
9 40
2 49
3 49
4 49
5 49
6 49
7 49
8 49
9 49
1 49
0 49
10 41
10 42
10 43
10 44
10 45
10 46
10 47
10 48
10 40
10 49
6 39
7 39
8 39
9 39
10 39
11 42
11 41
11 43
11 44
11 45
11 46
11 47
11 40
11 39
0
No
0
No
0
Yes
46 22
45 22
45 21
46 21
45 20
46 20
47 20
47 21
47 22
44 20
44 21
44 22
47 23
46 23
45 23
44 23
48 22
48 21
48 23
48 20
43 22
43 21
43 23
43 20
46 24
45 24
47 24
44 24
48 24
43 24
49 21
49 22
49 23
49 24
49 20
42 21
42 22
42 23
42 20
42 24
45 25
46 25
47 25
44 25
48 25
43 25
49 25
42 25
41 22
41 23
41 21
41 24
41 20
41 25
46 26
45 26
47 26
44 26
43 26
48 26
42 26
49 26
41 26
40 21
40 22
40 23
40 24
40 25
40 20
40 26
45 27
46 27
47 27
44 27
43 27
42 27
48 27
41 27
49 27
40 27
39 22
39 21
39 23
39 24
39 20
46 28
45 28
47 28
44 28
43 28
42 28
0
Yes
0 0
0 1
0 2
0 3
0 4
0 5
0 6
0 7
0 8
1 0
1 1
1 2
1 3
1 4
1 5
1 6
1 7
1 8
2 0
2 1
2 2
2 3
2 4
2 5
2 6
2 7
2 8
3 0
3 1
3 2
3 3
3 4
3 5
3 6
3 7
3 8
4 0
4 1
4 2
4 3
4 4
4 5
4 6
4 7
4 8
5 0
5 1
5 2
5 3
5 4
5 5
5 6
5 7
5 8
6 0
6 1
6 2
6 3
6 4
6 5
6 6
6 7
6 8
7 0
7 1
7 2
7 3
7 4
7 5
7 6
0
Yes
0 42
0 43
0 44
0 45
0 46
0 47
0 48
0 49
1 42
1 43
1 44
1 45
1 46
1 47
1 48
1 49
2 42
2 43
2 44
2 45
2 46
2 47
2 48
2 49
3 42
3 43
3 44
3 45
3 46
3 47
3 48
3 49
4 42
4 43
4 44
4 45
4 46
4 47
4 48
4 49
5 42
5 43
5 44
5 45
5 46
5 47
5 48
5 49
6 42
6 43
6 44
6 45
6 46
6 47
6 48
6 49
7 42
7 43
7 44
7 45
7 46
7 47
7 48
7 49
8 42
8 43
8 44
8 45
8 46
8 47
8 48
8 49
9 42
9 43
9 44
9 45
9 46
9 47
9 48
9 49
10 42
10 43
10 44
10 45
10 46
10 47
10 48
10 49
11 42
11 43
11 44
11 45
11 46
11 47
11 48
11 49
0
No
0
Yes
47 47
46 47
46 46
47 46
46 48
47 48
48 46
48 47
48 48
47 45
46 45
48 45
47 49
46 49
48 49
49 47
49 46
49 48
49 45
49 49
45 46
45 47
45 48
45 45
45 49
44 47
44 46
44 48
44 45
44 49
46 44
47 44
48 44
45 44
49 44
44 44
43 46
43 47
43 48
43 45
43 49
43 44
42 47
42 46
42 48
42 45
42 49
42 44
41 46
41 47
41 48
41 45
41 49
41 44
40 47
40 46
40 48
40 45
40 49
40 44
39 46
39 47
39 48
39 45
39 49
38 47
38 46
38 48
38 49
37 46
37 47
37 48
37 49
37 45
36 47
36 46
36 48
36 45
36 49
36 44
0
No
0
No
0
Yes
43 30
43 31
44 30
44 31
42 30
42 31
43 29
44 29
45 30
45 31
42 29
45 29
41 30
41 31
46 30
46 31
41 29
46 29
40 30
40 31
40 29
0
Yes
31 49
31 48
32 48
32 49
33 48
33 49
33 47
32 47
31 47
31 46
32 46
33 46
34 47
34 48
34 49
34 46
32 45
33 45
34 45
35 49
35 48
35 47
35 46
35 45
33 44
34 44
32 44
35 44
32 43
33 43
34 43
0
Yes
45 12
45 13
44 12
44 13
46 12
46 13
45 11
45 14
44 11
44 14
46 11
46 14
43 12
43 13
47 12
47 13
43 11
43 14
45 10
45 15
47 11
47 14
44 10
44 15
46 10
46 15
42 12
42 13
48 12
48 13
43 10
43 15
47 10
47 15
42 11
42 14
48 11
48 14
45 9
45 16
44 9
44 16
46 9
46 16
42 10
42 15
48 10
48 15
41 12
41 13
43 9
43 16
47 9
47 16
49 12
49 13
41 11
41 14
49 11
49 14
45 8
45 17
42 9
42 16
44 8
44 17
46 8
46 17
48 9
48 16
41 10
41 15
49 10
49 15
43 8
43 17
47 8
47 17
40 12
40 13
40 11
40 14
41 9
41 16
49 9
49 16
42 8
42 17
48 8
48 17
45 7
45 18
40 10
40 15
44 7
44 18
46 7
46 18
43 7
43 18
47 7
47 18
41 8
41 17
49 8
49 17
40 9
40 16
42 7
42 18
48 7
48 18
45 6
45 19
44 6
44 19
46 6
46 19
40 8
40 17
41 7
41 18
43 6
43 19
47 6
47 19
49 7
49 18
42 6
42 19
48 6
48 19
40 7
40 18
45 5
44 5
46 5
41 6
41 19
49 6
49 19
43 5
47 5
42 5
48 5
40 6
40 19
41 5
49 5
0
Yes
6 37
6 38
6 39
6 40
6 41
7 37
7 38
7 39
7 40
7 41
8 37
8 38
8 39
8 40
8 41
9 37
9 38
9 39
9 40
9 41
10 37
10 38
10 39
10 40
10 41
11 37
11 38
11 39
11 40
11 41
12 37
12 38
12 39
12 40
12 41
0
Yes
4 3
5 3
4 2
4 4
5 2
5 4
3 3
6 3
3 2
3 4
6 2
6 4
4 1
4 5
5 1
5 5
2 3
3 1
3 5
6 1
6 5
7 3
2 2
2 4
7 2
7 4
4 0
5 0
2 1
2 5
7 1
7 5
3 0
6 0
1 3
8 3
1 2
1 4
8 2
8 4
2 0
7 0
1 1
1 5
8 1
0 3
0 2
0 4
1 0
8 0
0 1
0 5
0 0
0
No
0
Yes
46 8
46 9
47 8
47 9
45 8
45 9
46 7
46 10
47 7
47 10
48 8
48 9
45 7
45 10
48 7
48 10
44 8
44 9
46 6
46 11
47 6
47 11
49 8
49 9
44 7
44 10
45 6
45 11
48 6
48 11
49 7
49 10
43 8
43 9
44 6
44 11
46 5
47 5
49 6
49 11
43 7
43 10
45 5
48 5
43 6
43 11
44 5
49 5
43 5
0
Yes
44 12
44 13
44 14
44 15
44 16
44 17
44 18
44 19
44 20
44 21
44 22
45 12
45 13
45 14
45 15
45 16
45 17
45 18
45 19
45 20
45 21
45 22
46 12
46 13
46 14
46 15
46 16
46 17
46 18
46 19
46 20
46 21
46 22
47 12
47 13
47 14
47 15
47 16
47 17
47 18
47 19
47 20
47 21
47 22
48 12
48 13
48 14
48 15
48 16
48 17
48 18
48 19
48 20
48 21
48 22
49 12
49 13
49 14
49 15
49 16
49 17
49 18
49 19
49 20
49 21
49 22
0
Yes
13 16
13 17
13 18
13 19
13 20
13 21
13 22
13 23
13 24
13 25
13 26
13 27
14 16
14 17
14 18
14 19
14 20
14 21
14 22
14 23
14 24
14 25
14 26
14 27
15 16
15 17
15 18
15 19
15 20
15 21
15 22
15 23
15 24
15 25
15 26
15 27
16 16
16 17
16 18
16 19
16 20
16 21
16 22
16 23
16 24
16 25
16 26
16 27
17 16
17 17
17 18
17 19
17 20
17 21
17 22
17 23
17 24
17 25
17 26
17 27
18 16
18 17
18 18
18 19
18 20
18 21
18 22
18 23
18 24
18 25
18 26
18 27
19 16
19 17
19 18
19 19
19 20
19 21
19 22
19 23
19 24
19 25
19 26
19 27
20 16
20 17
20 18
20 19
20 20
20 21
20 22
20 23
20 24
20 25
20 26
20 27
21 16
21 17
21 18
21 19
21 20
21 21
21 22
21 23
21 24
21 25
21 26
21 27
22 16
22 17
22 18
22 19
22 20
22 21
22 22
22 23
22 24
22 25
22 26
22 27
23 16
23 17
23 18
23 19
23 20
23 21
23 22
23 23
23 24
23 25
23 26
23 27
0
Yes
31 41
30 41
30 40
31 40
30 39
31 39
29 39
29 40
29 41
28 41
28 40
28 39
27 40
27 41
27 39
28 38
29 38
30 38
27 38
26 39
26 40
26 38
26 41
30 37
29 37
28 37
0
Yes
0 6
0 7
0 8
1 6
1 7
1 8
2 6
2 7
2 8
0
No
0
No
0
Yes
34 22
34 21
35 21
35 22
36 21
36 22
36 23
35 23
34 23
36 20
35 20
34 20
34 24
35 24
36 24
37 23
37 22
37 21
37 20
37 24
34 19
35 19
36 19
37 19
38 22
38 21
38 23
38 20
38 24
38 19
35 18
36 18
37 18
34 18
38 18
39 21
39 22
39 20
39 23
39 19
39 24
39 18
34 17
35 17
36 17
37 17
38 17
39 17
40 22
40 21
40 20
40 19
40 23
40 18
40 24
40 17
35 16
36 16
37 16
38 16
39 16
40 16
41 21
41 22
41 20
41 19
41 18
41 23
41 17
41 24
41 16
36 15
37 15
38 15
39 15
40 15
35 15
41 15
42 22
42 21
42 20
42 19
42 18
42 17
42 23
42 16
42 24
42 15
35 14
36 14
37 14
38 14
39 14
40 14
41 14
42 14
42 25
41 25
40 25
43 21
43 22
43 23
43 20
43 19
43 18
43 17
43 16
43 24
43 15
43 25
43 14
0
Yes
0 20
0 21
0 22
0 23
0 24
1 20
1 21
1 22
1 23
1 24
2 20
2 21
2 22
2 23
2 24
3 20
3 21
3 22
3 23
3 24
4 20
4 21
4 22
4 23
4 24
5 20
5 21
5 22
5 23
5 24
0
Yes
23 37
22 37
22 36
23 36
22 38
23 38
24 36
24 37
24 38
23 35
22 35
24 35
23 39
22 39
24 39
25 37
25 36
25 38
25 35
25 39
21 36
21 37
21 38
21 35
21 39
22 34
23 34
24 34
21 34
25 34
22 40
23 40
24 40
21 40
25 40
26 36
26 37
26 35
26 34
23 33
22 33
24 33
25 33
21 33
26 33
23 41
22 41
24 41
21 41
27 37
27 36
27 35
27 34
27 33
22 32
23 32
24 32
25 32
26 32
21 32
27 32
22 42
23 42
21 42
28 36
28 35
28 34
28 33
28 32
23 31
22 31
24 31
25 31
26 31
27 31
21 31
28 31
23 43
22 43
21 43
29 35
29 34
29 33
29 32
29 36
29 31
22 30
23 30
24 30
25 30
26 30
27 30
28 30
21 30
29 30
30 36
30 35
23 29
22 29
24 29
25 29
26 29
27 29
28 29
21 29
29 29
31 35
22 28
23 28
24 28
25 28
26 28
27 28
28 28
21 28
29 28
24 27
25 27
26 27
27 27
28 27
29 27
25 26
26 26
27 26
28 26
24 26
29 26
24 25
25 25
26 25
27 25
28 25
29 25
25 24
26 24
27 24
28 24
24 24
29 24
24 23
25 23
26 23
27 23
28 23
29 23
30 24
30 23
0
Yes
10 23
10 24
11 23
11 24
9 23
9 24
10 22
10 25
11 22
11 25
12 23
12 24
9 22
9 25
12 22
12 25
8 23
8 24
10 21
10 26
11 21
11 26
8 22
8 25
9 21
9 26
12 21
12 26
8 21
8 26
10 20
10 27
11 20
11 27
9 20
9 27
12 20
12 27
8 20
8 27
10 19
10 28
11 19
11 28
9 19
9 28
12 19
12 28
8 19
8 28
10 18
10 29
11 18
11 29
9 18
9 29
12 18
12 29
8 18
8 29
10 17
11 17
9 17
12 17
0
No
0
Yes
2 16
2 17
2 18
2 19
3 16
3 17
3 18
3 19
4 16
4 17
4 18
4 19
5 16
5 17
5 18
5 19
6 16
6 17
0
No
0
Yes
40 27
40 28
40 29
40 30
40 31
41 27
41 28
41 29
41 30
41 31
42 27
42 28
42 29
42 30
42 31
43 27
43 28
43 29
43 30
43 31
44 27
44 28
44 29
44 30
44 31
45 27
45 28
45 29
45 30
45 31
46 27
46 28
46 29
46 30
46 31
47 27
47 28
47 29
47 30
47 31
48 27
48 28
48 29
48 30
48 31
49 27
49 28
49 29
49 30
49 31
0
No
0
No
0
Yes
11 33
11 34
12 34
12 33
12 35
11 35
12 36
11 36
10 35
10 36
0
Yes
47 14
47 15
48 14
48 15
46 14
46 15
47 13
47 16
48 13
48 16
49 14
49 15
46 13
46 16
49 13
49 16
45 14
45 15
47 12
48 12
45 13
45 16
46 12
49 12
45 12
0
No
0
No
0
Yes
31 46
31 47
32 47
32 46
33 47
33 46
33 48
32 48
31 48
31 49
32 49
33 49
34 48
34 47
34 46
34 49
34 45
33 45
32 45
35 46
35 47
35 45
35 48
35 49
32 44
33 44
0
No
0
Yes
46 30
45 30
45 29
46 29
45 31
46 31
47 29
47 30
47 31
46 28
45 28
47 28
48 30
48 29
48 31
48 28
44 29
44 30
44 31
44 28
43 30
43 29
43 31
43 28
45 27
46 27
47 27
44 27
48 27
43 27
49 29
49 30
49 28
49 31
49 27
46 26
45 26
47 26
44 26
48 26
43 26
49 26
42 29
42 30
42 28
42 27
42 31
42 26
41 30
41 29
41 28
41 27
41 31
41 26
45 25
46 25
47 25
44 25
48 25
49 25
46 24
45 24
47 24
48 24
44 24
49 24
40 29
40 30
40 28
40 27
40 31
40 26
45 23
46 23
47 23
48 23
44 23
49 23
46 22
45 22
47 22
48 22
44 22
49 22
45 21
46 21
47 21
48 21
44 21
49 21
46 20
45 20
47 20
48 20
44 20
49 20
45 19
46 19
47 19
48 19
44 19
49 19
46 18
45 18
47 18
48 18
44 18
49 18
45 17
46 17
47 17
48 17
44 17
49 17
44 16
44 15
44 14
44 13
43 13
43 12
44 12
42 12
42 13
41 13
41 12
40 12
40 13
0
Yes
29 12
28 12
28 11
29 11
28 10
29 10
30 10
30 11
30 12
27 10
27 11
27 12
31 12
31 11
31 10
30 9
29 9
28 9
27 9
31 9
26 12
26 11
26 10
26 9
29 8
28 8
30 8
31 8
25 11
25 10
25 12
0
Yes
18 5
19 5
18 4
18 6
19 4
19 6
17 5
20 5
17 4
17 6
20 4
20 6
18 3
18 7
19 3
19 7
16 5
17 3
17 7
20 3
20 7
21 5
16 4
16 6
21 4
21 6
18 2
18 8
19 2
19 8
16 3
16 7
21 3
21 7
17 2
17 8
20 2
20 8
15 5
15 4
15 6
16 2
16 8
21 2
21 8
15 3
15 7
18 1
18 9
19 1
19 9
17 1
17 9
20 1
20 9
15 2
15 8
16 1
21 1
21 9
18 0
19 0
17 0
20 0
16 0
21 0
15 0
0
No
0
No
0
No
0
Yes
48 2
48 3
47 2
47 3
49 2
49 3
48 1
48 4
47 1
47 4
49 1
49 4
46 2
46 3
46 1
46 4
48 0
47 0
49 0
46 0
0
Yes
22 10
22 9
23 9
23 10
24 9
24 10
24 8
23 8
22 8
23 7
22 7
0
Yes
2 27
1 27
1 26
2 26
1 25
2 25
3 25
3 26
3 27
0 25
0 26
0 27
3 28
2 28
1 28
0 28
4 27
4 26
4 28
4 25
5 26
5 27
5 28
5 25
4 29
3 29
2 29
5 29
6 27
6 26
6 28
6 25
6 29
2 30
3 30
4 30
5 30
6 30
7 26
7 27
7 28
7 29
7 25
7 30
3 31
4 31
5 31
6 31
7 31
2 31
0
Yes
23 2
22 2
23 1
22 1
22 3
23 0
22 0
0
No
0
Yes
46 38
47 38
46 37
46 39
47 37
47 39
45 38
48 38
45 37
45 39
48 37
48 39
46 36
46 40
47 36
47 40
44 38
45 36
45 40
48 36
48 40
49 38
44 37
44 39
49 37
49 39
46 35
46 41
47 35
47 41
44 36
44 40
49 36
49 40
45 35
45 41
48 35
48 41
43 38
43 37
43 39
44 35
44 41
49 35
49 41
43 36
43 40
46 34
46 42
47 34
47 42
45 34
45 42
48 34
48 42
43 35
43 41
44 34
44 42
49 34
49 42
46 33
46 43
47 33
47 43
45 33
45 43
48 33
48 43
43 34
43 42
44 33
44 43
49 33
49 43
46 32
47 32
43 33
43 43
45 32
48 32
44 32
49 32
43 32
0
No
0
Yes
44 2
44 3
43 2
43 3
45 2
45 3
44 1
44 4
43 1
43 4
45 1
45 4
42 2
42 3
42 1
42 4
44 0
43 0
45 0
42 0
0
Yes
46 45
45 45
45 44
46 44
45 46
46 46
47 46
47 45
47 44
44 46
44 45
44 44
48 45
48 44
48 46
47 47
46 47
45 47
44 47
48 47
43 45
43 46
43 44
43 47
49 46
49 47
49 45
49 44
46 48
45 48
47 48
44 48
48 48
43 48
49 48
42 44
42 45
42 46
42 47
42 48
45 49
46 49
47 49
44 49
43 49
42 49
48 49
49 49
41 49
41 48
0
No
0
No
0
Yes
0 13
0 14
0 15
0 16
1 13
1 14
1 15
0
No
0
No
0
Yes
35 3
34 3
35 2
35 4
36 3
34 2
34 4
36 2
36 4
33 3
35 1
35 5
37 3
33 2
33 4
34 1
34 5
36 1
36 5
37 2
37 4
33 1
33 5
37 1
37 5
32 3
35 0
38 3
32 2
32 4
34 0
36 0
38 2
38 4
32 1
32 5
33 0
37 0
38 1
38 5
31 3
31 2
31 4
32 0
38 0
31 1
31 5
0
No
0
Yes
13 18
13 19
13 20
13 21
13 22
13 23
13 24
13 25
13 26
13 27
14 18
14 19
14 20
14 21
14 22
14 23
14 24
14 25
14 26
14 27
15 18
15 19
15 20
15 21
15 22
15 23
15 24
15 25
15 26
15 27
16 18
16 19
16 20
16 21
16 22
16 23
16 24
16 25
16 26
16 27
17 18
17 19
17 20
17 21
17 22
17 23
17 24
17 25
17 26
17 27
18 18
18 19
18 20
18 21
18 22
18 23
18 24
0
Yes
39 5
39 6
39 7
39 8
39 9
39 10
39 11
40 5
40 6
40 7
40 8
40 9
40 10
40 11
41 5
41 6
41 7
41 8
41 9
41 10
41 11
42 5
42 6
42 7
42 8
42 9
42 10
42 11
43 5
43 6
43 7
43 8
43 9
43 10
43 11
44 5
44 6
44 7
44 8
44 9
44 10
44 11
45 5
45 6
45 7
45 8
45 9
45 10
45 11
46 5
46 6
46 7
46 8
46 9
46 10
46 11
47 5
47 6
47 7
47 8
47 9
47 10
47 11
48 5
48 6
48 7
48 8
48 9
48 10
48 11
49 5
49 6
49 7
49 8
0
Yes
7 49
6 49
6 48
7 48
8 48
8 49
7 47
6 47
8 47
9 49
9 48
9 47
5 48
5 49
5 47
4 49
4 48
4 47
6 46
7 46
8 46
5 46
9 46
4 46
10 48
10 47
10 49
10 46
7 45
6 45
8 45
5 45
9 45
4 45
10 45
11 49
11 48
11 47
11 46
11 45
3 48
3 47
3 46
3 49
3 45
2 49
2 48
2 47
2 46
2 45
6 44
7 44
8 44
5 44
9 44
4 44
10 44
3 44
11 44
2 44
12 48
12 47
12 46
12 45
12 49
12 44
7 43
6 43
8 43
5 43
9 43
4 43
10 43
3 43
11 43
2 43
12 43
13 49
13 48
13 47
13 46
13 45
13 44
1 48
1 47
1 46
1 45
1 44
1 49
1 43
0 49
0 48
0 47
0 46
0 45
0 44
0 43
6 42
7 42
8 42
5 42
9 42
4 42
10 42
3 42
11 42
2 42
1 42
12 42
0 42
14 48
14 47
14 46
14 45
14 49
14 44
15 49
15 48
15 47
15 46
15 45
15 44
5 41
16 47
16 46
16 45
16 44
17 46
17 45
17 47
17 44
18 47
18 46
18 45
18 44
0
Yes
9 36
8 36
8 35
9 35
8 34
9 34
7 34
7 35
7 36
6 36
6 35
6 34
6 33
7 33
0
No
0
No
0
No
0
Yes
30 22
29 22
29 21
30 21
29 20
30 20
31 20
31 21
31 22
28 20
28 21
28 22
32 22
32 21
32 20
31 19
30 19
29 19
28 19
32 19
27 22
27 21
27 20
27 19
33 21
33 20
33 22
33 19
30 18
29 18
31 18
28 18
32 18
27 18
33 18
26 21
26 20
26 19
26 22
26 18
33 23
32 23
31 23
29 17
30 17
31 17
28 17
32 17
27 17
33 17
26 17
25 22
25 21
25 20
25 19
25 18
25 17
31 24
32 24
33 24
30 16
29 16
31 16
28 16
27 16
32 16
26 16
33 16
25 16
24 21
24 20
24 19
24 18
24 17
24 22
24 16
29 15
30 15
31 15
28 15
27 15
26 15
32 15
25 15
33 15
24 15
23 22
23 21
23 20
23 19
23 18
23 17
23 16
23 15
30 14
29 14
31 14
28 14
27 14
26 14
25 14
32 14
24 14
33 14
23 14
22 21
22 20
22 19
22 18
22 17
22 16
22 15
22 22
22 14
34 14
34 15
34 16
29 13
30 13
31 13
28 13
32 13
27 13
26 13
25 13
24 13
33 13
23 13
34 13
22 13
21 22
21 21
21 20
21 19
21 18
0
No
0
Yes
18 35
17 35
17 34
18 34
17 36
18 36
19 34
19 35
19 36
18 33
17 33
19 33
18 37
17 37
19 37
20 35
20 34
20 36
20 33
20 37
16 34
16 35
16 36
16 33
16 37
15 35
15 34
15 36
15 33
15 37
17 32
18 32
19 32
16 32
20 32
15 32
17 38
18 38
19 38
16 38
20 38
15 38
18 31
17 31
19 31
16 31
20 31
15 31
18 39
17 39
19 39
16 39
20 39
15 39
14 34
14 35
14 36
14 33
14 37
14 32
14 38
14 31
14 39
13 35
13 34
13 36
13 33
13 37
13 32
13 38
13 31
13 39
17 30
18 30
19 30
16 30
15 30
14 30
20 30
13 30
17 40
18 40
19 40
16 40
15 40
14 40
20 40
13 40
18 29
17 29
19 29
16 29
15 29
14 29
20 29
13 29
18 41
17 41
19 41
16 41
15 41
14 41
20 41
13 41
12 32
12 31
12 30
17 28
18 28
19 28
16 28
15 28
14 28
20 28
13 28
17 42
18 42
19 42
16 42
15 42
14 42
20 42
13 42
0
Yes
42 44
42 45
42 46
42 47
42 48
42 49
43 44
43 45
43 46
43 47
43 48
43 49
44 44
44 45
44 46
44 47
44 48
44 49
45 44
45 45
45 46
45 47
45 48
45 49
46 44
46 45
46 46
46 47
46 48
46 49
47 44
47 45
47 46
47 47
47 48
47 49
48 44
48 45
48 46
48 47
48 48
48 49
49 44
49 45
49 46
49 47
49 48
49 49
0
Yes
3 3
2 3
3 2
3 4
4 3
2 2
2 4
4 2
4 4
1 3
3 1
3 5
5 3
1 2
1 4
2 1
2 5
4 1
4 5
5 2
5 4
1 1
1 5
5 1
5 5
0 3
3 0
0 2
0 4
2 0
4 0
0 1
0 5
1 0
5 0
0 0
0
Yes
24 0
24 1
24 2
25 0
25 1
25 2
26 0
26 1
26 2
27 0
27 1
27 2
0
Yes
48 0
47 0
47 1
48 1
47 2
48 2
49 2
49 1
49 0
46 2
46 1
46 0
49 3
0
Yes
0 38
0 39
0 40
0 41
0 42
0 43
0 44
0 45
0 46
0 47
0 48
0 49
1 38
1 39
1 40
1 41
1 42
1 43
1 44
1 45
1 46
1 47
1 48
1 49
2 38
2 39
2 40
2 41
2 42
2 43
2 44
2 45
2 46
2 47
2 48
2 49
3 38
3 39
3 40
3 41
3 42
3 43
3 44
3 45
3 46
3 47
3 48
3 49
4 38
4 39
4 40
4 41
4 42
4 43
4 44
4 45
4 46
4 47
4 48
4 49
5 38
5 39
5 40
5 41
5 42
5 43
5 44
5 45
5 46
5 47
5 48
5 49
6 38
6 39
6 40
6 41
6 42
6 43
6 44
6 45
6 46
6 47
6 48
6 49
7 38
7 39
7 40
7 41
7 42
7 43
7 44
7 45
7 46
7 47
7 48
7 49
8 38
8 39
8 40
8 41
8 42
8 43
8 44
8 45
8 46
8 47
8 48
8 49
9 38
9 39
9 40
9 41
9 42
9 43
9 44
9 45
9 46
9 47
9 48
9 49
10 38
10 39
10 40
10 41
10 42
10 43
10 44
10 45
10 46
10 47
10 48
0
Yes
29 1
29 2
28 1
28 2
29 0
28 0
0
Yes
32 0
32 1
32 2
32 3
32 4
32 5
33 0
33 1
33 2
33 3
33 4
33 5
34 0
34 1
34 2
34 3
34 4
34 5
35 0
35 1
35 2
35 3
35 4
35 5
36 0
36 1
36 2
36 3
36 4
36 5
37 0
37 1
37 2
37 3
37 4
37 5
38 0
38 1
38 2
38 3
38 4
38 5
39 0
39 1
0
Yes
12 33
11 33
11 34
12 34
11 35
12 35
11 36
12 36
11 37
12 37
10 37
10 36
10 35
0
Yes
7 0
7 1
7 2
7 3
7 4
8 0
8 1
8 2
8 3
8 4
9 0
9 1
9 2
9 3
9 4
0
Yes
22 13
22 14
22 15
22 16
22 17
22 18
22 19
22 20
22 21
22 22
22 23
22 24
23 13
23 14
23 15
23 16
23 17
23 18
23 19
23 20
23 21
23 22
23 23
23 24
24 13
24 14
24 15
24 16
24 17
24 18
24 19
24 20
24 21
24 22
24 23
24 24
25 13
25 14
25 15
25 16
25 17
25 18
25 19
25 20
25 21
25 22
25 23
25 24
26 13
26 14
26 15
26 16
26 17
26 18
26 19
26 20
26 21
26 22
26 23
26 24
27 13
27 14
27 15
27 16
27 17
27 18
27 19
27 20
27 21
27 22
27 23
27 24
28 13
28 14
28 15
28 16
28 17
28 18
28 19
28 20
28 21
28 22
28 23
28 24
29 13
29 14
29 15
29 16
29 17
29 18
29 19
29 20
29 21
29 22
29 23
29 24
30 13
30 14
30 15
30 16
30 17
30 18
30 19
30 20
30 21
30 22
30 23
30 24
31 13
31 14
31 15
31 16
31 17
31 18
31 19
31 20
31 21
31 22
31 23
31 24
32 13
32 14
32 15
32 16
32 17
0
Yes
2 9
3 9
2 8
2 10
3 8
3 10
1 9
4 9
1 8
1 10
4 8
4 10
2 7
2 11
3 7
3 11
0 9
1 7
1 11
4 7
4 11
0 8
0 10
2 6
3 6
0 7
0 11
1 6
4 6
0 6
0
No
0
Yes
46 47
45 47
45 46
46 46
45 45
46 45
47 45
47 46
47 47
44 45
44 46
44 47
47 48
46 48
45 48
44 48
48 47
48 46
48 48
48 45
47 44
46 44
45 44
44 44
48 44
43 47
43 46
43 45
43 48
43 44
46 49
45 49
47 49
44 49
48 49
43 49
49 46
49 47
49 45
49 44
49 48
49 49
46 43
45 43
47 43
44 43
48 43
43 43
49 43
42 46
42 47
42 45
42 48
42 44
42 49
42 43
45 42
46 42
47 42
44 42
48 42
43 42
49 42
42 42
41 47
41 46
41 45
41 44
41 48
41 43
41 49
41 42
46 41
45 41
47 41
44 41
43 41
48 41
42 41
49 41
41 41
40 46
40 47
40 45
40 44
40 43
40 48
40 42
40 49
40 41
45 40
46 40
47 40
44 40
48 40
43 40
42 40
49 40
39 47
39 46
39 48
39 49
39 45
0
No
0
No
0
No
0
No
0
No
0
Yes
47 34
46 34
46 33
47 33
46 35
47 35
48 33
48 34
48 35
47 32
46 32
48 32
47 36
46 36
48 36
49 34
49 33
49 35
49 32
49 36
45 33
45 34
45 35
45 32
45 36
44 34
44 33
44 35
44 32
44 36
46 37
47 37
48 37
45 37
49 37
44 37
47 38
46 38
48 38
45 38
49 38
44 38
43 33
43 34
43 35
43 36
43 37
43 32
43 38
42 34
42 33
42 35
42 36
42 37
42 32
42 38
46 39
47 39
48 39
45 39
44 39
43 39
49 39
42 39
41 33
41 34
41 35
41 36
41 37
41 38
41 32
40 34
40 33
40 35
40 36
40 37
40 32
39 35
39 36
39 37
38 36
38 35
38 37
37 35
37 36
37 37
37 38
36 36
36 37
36 35
36 38
35 35
35 36
35 37
35 38
0
Yes
14 21
15 21
14 20
14 22
15 20
15 22
13 21
16 21
13 20
13 22
16 20
16 22
14 19
14 23
15 19
15 23
12 21
13 19
13 23
16 19
16 23
17 21
12 20
12 22
17 20
17 22
14 18
14 24
15 18
15 24
12 19
12 23
17 19
17 23
13 18
13 24
16 18
16 24
11 21
18 21
11 20
11 22
18 20
18 22
12 18
12 24
17 18
17 24
11 19
11 23
14 17
14 25
15 17
15 25
18 19
18 23
13 17
13 25
16 17
16 25
10 21
19 21
10 20
10 22
11 18
11 24
18 18
18 24
19 20
19 22
12 17
12 25
17 17
17 25
10 19
10 23
19 19
19 23
14 16
15 16
13 16
16 16
11 17
11 25
18 17
18 25
10 18
10 24
19 18
19 24
9 21
20 21
9 20
9 22
12 16
17 16
20 20
20 22
9 19
9 23
20 19
20 23
10 17
10 25
19 17
19 25
11 16
18 16
9 18
9 24
20 18
20 24
8 21
21 21
8 20
8 22
21 20
21 22
10 16
19 16
8 19
8 23
9 17
9 25
20 17
20 25
21 19
21 23
8 18
8 24
21 18
21 24
9 16
20 16
7 21
7 22
8 17
8 25
21 17
21 25
7 23
7 18
7 24
8 16
21 16
7 17
7 16
0
No
0
No
0
No
0
Yes
33 23
33 24
32 23
32 24
33 22
32 22
0
Yes
15 12
15 13
14 12
14 13
16 12
16 13
15 11
14 11
16 11
13 12
13 13
0
Yes
47 10
47 11
48 10
48 11
46 10
46 11
47 9
47 12
48 9
48 12
49 10
49 11
46 9
46 12
49 9
49 12
45 10
45 11
47 8
47 13
48 8
48 13
45 9
45 12
46 8
46 13
49 8
49 13
45 8
45 13
47 7
47 14
48 7
48 14
46 7
46 14
49 7
49 14
45 7
45 14
47 6
47 15
48 6
48 15
46 6
46 15
49 6
49 15
45 6
45 15
47 5
47 16
48 5
48 16
46 5
46 16
49 5
49 16
45 5
45 16
47 4
48 4
46 4
49 4
45 4
0
No
0
No
0
Yes
0 0
0 1
0 2
0 3
0 4
0 5
1 0
1 1
1 2
1 3
1 4
1 5
2 0
2 1
2 2
2 3
2 4
2 5
3 0
3 1
3 2
3 3
3 4
3 5
4 0
4 1
4 2
4 3
0
Yes
40 19
40 20
40 21
40 22
40 23
40 24
40 25
40 26
40 27
40 28
40 29
40 30
40 31
41 19
41 20
41 21
41 22
41 23
41 24
41 25
41 26
41 27
41 28
41 29
41 30
41 31
42 19
42 20
42 21
42 22
42 23
42 24
42 25
42 26
42 27
42 28
42 29
42 30
42 31
43 19
43 20
43 21
43 22
43 23
43 24
43 25
43 26
43 27
43 28
43 29
43 30
43 31
44 19
44 20
44 21
44 22
44 23
44 24
44 25
44 26
44 27
44 28
44 29
44 30
44 31
45 19
45 20
45 21
45 22
45 23
45 24
45 25
45 26
45 27
45 28
45 29
45 30
45 31
46 19
46 20
46 21
46 22
46 23
46 24
46 25
46 26
46 27
46 28
46 29
46 30
46 31
47 19
47 20
47 21
47 22
47 23
47 24
47 25
47 26
47 27
47 28
47 29
47 30
47 31
48 19
48 20
48 21
48 22
48 23
48 24
48 25
48 26
48 27
48 28
48 29
48 30
48 31
49 19
49 20
49 21
49 22
49 23
49 24
0
No
0
No
0
No
0
Yes
49 46
48 46
48 45
49 45
48 44
49 44
47 44
47 45
47 46
47 47
48 47
49 47
46 46
46 45
46 47
46 44
47 43
48 43
49 43
46 43
49 48
48 48
47 48
46 48
45 45
45 46
45 47
45 44
45 48
45 43
49 42
48 42
47 42
46 42
45 42
48 49
47 49
46 49
45 49
49 49
44 46
44 45
44 47
44 44
44 48
44 43
44 49
44 42
48 41
47 41
46 41
45 41
49 41
44 41
43 45
43 46
43 47
43 44
43 43
43 48
43 42
43 49
43 41
49 40
48 40
47 40
46 40
45 40
44 40
43 40
42 46
42 45
42 47
42 44
42 43
42 42
42 48
42 41
42 49
42 40
48 39
47 39
46 39
45 39
44 39
43 39
49 39
42 39
41 45
41 46
41 47
41 44
41 43
41 48
41 42
41 41
41 49
49 38
48 38
47 38
46 38
45 38
44 38
43 38
42 38
40 46
40 45
40 47
40 44
40 43
40 48
40 42
40 49
40 41
48 37
47 37
46 37
45 37
44 37
43 37
0
Yes
47 0
47 1
47 2
47 3
48 0
48 1
48 2
48 3
49 0
49 1
49 2
49 3
0
Yes
33 12
33 13
33 14
33 15
33 16
33 17
33 18
34 12
34 13
34 14
34 15
34 16
34 17
34 18
35 12
35 13
35 14
35 15
35 16
35 17
35 18
36 12
36 13
36 14
36 15
36 16
36 17
36 18
37 12
37 13
37 14
37 15
37 16
37 17
37 18
38 12
38 13
38 14
38 15
38 16
38 17
38 18
39 12
39 13
39 14
39 15
39 16
39 17
39 18
40 12
40 13
40 14
40 15
40 16
40 17
40 18
41 12
41 13
41 14
41 15
41 16
41 17
41 18
42 12
42 13
42 14
42 15
42 16
42 17
42 18
43 12
43 13
43 14
43 15
43 16
43 17
43 18
44 12
44 13
44 14
44 15
44 16
0
Yes
0 0
0 1
0 2
1 0
1 1
1 2
2 0
2 1
2 2
3 0
3 1
3 2
4 0
4 1
4 2
0
No
0
Yes
41 9
40 9
41 8
41 10
42 9
40 8
40 10
42 8
42 10
39 9
41 7
41 11
43 9
39 8
39 10
40 7
40 11
42 7
42 11
43 8
43 10
39 7
39 11
43 7
43 11
38 9
41 6
44 9
38 8
38 10
40 6
42 6
44 8
44 10
38 7
38 11
39 6
43 6
44 7
44 11
37 9
37 8
37 10
38 6
44 6
37 7
37 11
37 6
0
Yes
0 43
0 44
0 45
0 46
0 47
0 48
0 49
1 43
1 44
1 45
1 46
1 47
1 48
1 49
2 43
2 44
2 45
2 46
2 47
2 48
2 49
3 43
3 44
3 45
3 46
3 47
3 48
3 49
4 43
4 44
4 45
4 46
4 47
4 48
4 49
5 43
5 44
5 45
5 46
5 47
5 48
5 49
0
Yes
37 19
36 19
36 20
37 20
36 21
37 21
38 21
38 20
38 19
35 21
35 20
35 19
39 19
39 20
39 21
38 22
37 22
36 22
35 22
39 22
34 19
34 20
34 21
34 22
37 23
36 23
38 23
35 23
39 23
34 23
33 20
33 21
33 19
36 24
37 24
38 24
35 24
39 24
34 24
0
Yes
0 35
0 36
0 37
0 38
0 39
0 40
0 41
0 42
1 35
1 36
1 37
1 38
1 39
1 40
1 41
1 42
2 35
2 36
2 37
2 38
2 39
2 40
2 41
2 42
3 35
3 36
3 37
3 38
3 39
3 40
3 41
3 42
4 35
4 36
4 37
4 38
4 39
4 40
4 41
4 42
5 35
5 36
5 37
0
Yes
0 3
0 4
0 5
0 6
0 7
0 8
0 9
0 10
0 11
0 12
1 3
1 4
1 5
1 6
1 7
1 8
1 9
1 10
1 11
1 12
2 3
2 4
2 5
2 6
2 7
2 8
2 9
2 10
2 11
2 12
3 3
3 4
3 5
3 6
3 7
3 8
3 9
3 10
3 11
3 12
4 3
4 4
4 5
4 6
4 7
4 8
4 9
4 10
4 11
4 12
5 3
5 4
5 5
5 6
5 7
5 8
5 9
0
Yes
0 35
0 36
0 37
0 38
0 39
0 40
0 41
0 42
1 35
1 36
1 37
1 38
1 39
1 40
1 41
1 42
2 35
2 36
2 37
2 38
2 39
2 40
2 41
2 42
3 35
3 36
3 37
3 38
3 39
3 40
3 41
3 42
4 35
4 36
4 37
4 38
4 39
4 40
4 41
4 42
5 35
5 36
5 37
5 38
0
Yes
45 43
45 44
45 45
45 46
45 47
45 48
45 49
46 43
46 44
46 45
46 46
46 47
46 48
46 49
47 43
47 44
47 45
47 46
47 47
47 48
47 49
48 43
48 44
48 45
48 46
48 47
48 48
48 49
49 43
49 44
49 45
49 46
49 47
49 48
0
Yes
6 41
6 42
6 43
6 44
6 45
6 46
6 47
6 48
6 49
7 41
7 42
7 43
7 44
7 45
7 46
7 47
7 48
7 49
8 41
8 42
8 43
8 44
8 45
8 46
8 47
8 48
8 49
9 41
9 42
9 43
9 44
9 45
9 46
9 47
9 48
9 49
10 41
10 42
10 43
10 44
10 45
10 46
10 47
10 48
10 49
11 41
11 42
11 43
11 44
11 45
11 46
11 47
11 48
11 49
12 41
12 42
12 43
12 44
12 45
12 46
12 47
12 48
12 49
13 41
13 42
13 43
13 44
13 45
13 46
13 47
13 48
13 49
14 41
14 42
14 43
14 44
14 45
14 46
14 47
14 48
14 49
0
No
0
Yes
46 39
46 40
47 39
47 40
45 39
45 40
46 38
46 41
47 38
47 41
48 39
48 40
45 38
45 41
48 38
48 41
44 39
44 40
46 37
46 42
47 37
47 42
49 39
49 40
44 38
44 41
45 37
45 42
48 37
48 42
49 38
49 41
43 39
43 40
44 37
44 42
46 36
47 36
49 37
49 42
43 38
43 41
45 36
48 36
43 37
43 42
44 36
49 36
43 36
0
Yes
40 23
40 24
40 25
40 26
40 27
40 28
40 29
40 30
40 31
40 32
40 33
40 34
40 35
41 23
41 24
41 25
41 26
41 27
41 28
41 29
41 30
41 31
41 32
41 33
41 34
41 35
42 23
42 24
42 25
42 26
42 27
42 28
42 29
42 30
42 31
42 32
42 33
42 34
42 35
43 23
43 24
43 25
43 26
43 27
43 28
43 29
43 30
43 31
43 32
43 33
43 34
43 35
44 23
44 24
44 25
44 26
44 27
44 28
44 29
44 30
44 31
44 32
44 33
44 34
44 35
45 23
45 24
45 25
45 26
45 27
45 28
45 29
45 30
45 31
45 32
45 33
45 34
45 35
46 23
46 24
46 25
46 26
46 27
46 28
46 29
46 30
46 31
46 32
46 33
46 34
46 35
47 23
47 24
47 25
47 26
47 27
47 28
47 29
47 30
47 31
47 32
47 33
47 34
47 35
48 23
48 24
48 25
48 26
48 27
48 28
48 29
48 30
48 31
48 32
48 33
48 34
48 35
49 23
49 24
49 25
49 26
49 27
49 28
49 29
49 30
49 31
49 32
49 33
1
375
40 19
40 20
40 21
40 22
41 19
41 20
41 21
41 22
42 19
42 20
42 21
42 22
43 19
Yes
12 26
12 27
12 28
12 29
12 30
12 31
12 32
12 33
12 34
12 35
12 36
13 26
13 27
13 28
13 29
13 30
13 31
13 32
13 33
13 34
13 35
13 36
14 26
14 27
14 28
14 29
14 30
14 31
14 32
14 33
14 34
14 35
14 36
15 26
15 27
15 28
15 29
15 30
15 31
15 32
15 33
15 34
15 35
15 36
16 26
16 27
16 28
16 29
16 30
16 31
16 32
16 33
16 34
16 35
16 36
17 26
17 27
17 28
17 29
17 30
17 31
17 32
17 33
17 34
17 35
17 36
18 26
18 27
18 28
18 29
18 30
18 31
18 32
18 33
18 34
18 35
18 36
19 26
19 27
19 28
19 29
19 30
19 31
19 32
19 33
19 34
19 35
19 36
20 26
20 27
20 28
20 29
20 30
20 31
20 32
20 33
20 34
20 35
20 36
21 26
21 27
21 28
21 29
21 30
21 31
21 32
21 33
21 34
21 35
21 36
22 26
22 27
22 28
22 29
22 30
22 31
22 32
22 33
22 34
22 35
22 36
23 26
23 27
23 28
0
No
0
Yes
2 13
2 14
2 15
2 16
2 17
2 18
2 19
3 13
3 14
3 15
3 16
3 17
3 18
3 19
4 13
4 14
4 15
4 16
4 17
4 18
4 19
5 13
5 14
5 15
5 16
5 17
5 18
5 19
6 13
6 14
6 15
6 16
0
No
0
Yes
17 7
17 8
17 9
17 10
17 11
18 7
18 8
18 9
18 10
18 11
19 7
19 8
19 9
19 10
0
Yes
16 37
16 38
16 39
16 40
16 41
16 42
16 43
17 37
17 38
17 39
17 40
17 41
17 42
17 43
18 37
18 38
18 39
18 40
18 41
18 42
18 43
19 37
19 38
19 39
19 40
19 41
19 42
19 43
20 37
20 38
20 39
20 40
20 41
20 42
20 43
21 37
21 38
21 39
21 40
21 41
21 42
21 43
22 37
22 38
22 39
22 40
22 41
22 42
22 43
23 37
23 38
23 39
23 40
23 41
23 42
23 43
24 37
24 38
24 39
24 40
24 41
0
Yes
0 49
0 48
1 48
1 49
2 48
2 49
2 47
1 47
0 47
0 46
1 46
2 46
3 47
3 48
3 49
3 46
1 45
2 45
0 45
3 45
4 49
4 48
4 47
4 46
4 45
0 44
1 44
2 44
3 44
4 44
5 48
5 47
5 46
5 45
5 49
5 44
1 43
2 43
3 43
4 43
5 43
0 43
6 49
6 48
6 47
6 46
6 45
6 44
6 43
7 48
7 47
7 46
7 45
7 44
7 49
7 43
8 49
8 48
8 47
8 46
8 45
8 44
8 43
7 42
6 42
5 42
8 42
9 48
9 47
9 46
9 45
9 44
9 43
9 49
9 42
5 41
6 41
7 41
8 41
9 41
10 49
10 48
10 47
10 46
10 45
10 44
1
406
24 25
24 26
24 27
24 28
24 29
24 30
24 31
24 32
25 25
25 26
25 27
25 28
25 29
25 30
25 31
25 32
26 25
26 26
26 27
26 28
26 29
26 30
26 31
26 32
27 25
27 26
27 27
27 28
27 29
27 30
27 31
27 32
28 25
28 26
28 27
28 28
28 29
28 30
28 31
28 32
29 25
29 26
29 27
29 28
29 29
29 30
29 31
29 32
Yes
33 6
33 7
33 8
33 9
33 10
33 11
33 12
33 13
33 14
33 15
33 16
33 17
34 6
34 7
34 8
34 9
34 10
34 11
34 12
34 13
34 14
34 15
34 16
34 17
35 6
35 7
35 8
35 9
35 10
35 11
35 12
35 13
35 14
35 15
35 16
35 17
36 6
36 7
36 8
36 9
36 10
36 11
36 12
36 13
36 14
36 15
36 16
36 17
37 6
37 7
37 8
37 9
37 10
37 11
37 12
37 13
37 14
37 15
37 16
37 17
38 6
38 7
38 8
38 9
38 10
38 11
38 12
38 13
38 14
38 15
38 16
38 17
39 6
39 7
39 8
39 9
39 10
39 11
39 12
39 13
39 14
39 15
39 16
39 17
40 6
40 7
40 8
40 9
40 10
40 11
40 12
40 13
40 14
40 15
40 16
40 17
41 6
41 7
41 8
41 9
41 10
41 11
41 12
41 13
41 14
41 15
41 16
41 17
42 6
42 7
42 8
42 9
42 10
42 11
42 12
42 13
42 14
42 15
42 16
42 17
43 6
43 7
43 8
43 9
43 10
43 11
43 12
43 13
43 14
43 15
43 16
43 17
44 6
44 7
44 8
44 9
44 10
44 11
44 12
44 13
44 14
44 15
44 16
44 17
0
Yes
41 44
40 44
40 43
41 43
40 42
41 42
42 42
42 43
42 44
42 45
41 45
40 45
43 43
43 44
43 45
42 41
41 41
40 41
41 46
42 46
40 46
43 46
44 44
44 45
44 46
44 43
40 47
41 47
42 47
43 47
44 47
41 48
42 48
43 48
40 48
44 48
39 47
39 46
39 48
39 45
40 49
41 49
42 49
39 49
43 49
44 49
38 48
38 47
38 46
38 49
37 46
37 47
37 48
37 49
36 47
36 48
36 46
36 49
35 46
35 47
35 48
35 49
35 45
36 45
37 45
37 44
36 44
35 44
36 43
37 43
35 43
35 42
36 42
37 42
34 44
34 45
34 46
34 47
34 43
34 48
34 42
34 49
34 41
35 41
36 41
33 43
33 44
33 45
33 46
33 47
33 42
33 48
33 41
33 49
36 40
35 40
34 40
33 40
32 44
32 45
32 46
32 47
32 48
32 49
32 43
35 39
34 39
36 39
31 46
31 47
31 48
31 49
36 38
35 38
0
Yes
11 39
10 39
10 38
11 38
10 40
11 40
12 38
12 39
12 40
11 37
10 37
12 37
11 41
10 41
12 41
13 39
13 38
13 40
13 37
13 41
9 38
9 39
9 40
9 37
8 39
8 38
8 40
8 37
10 36
11 36
9 36
8 36
10 42
11 42
12 42
13 42
14 38
14 39
14 40
14 41
14 37
14 42
11 35
10 35
9 35
8 35
11 43
12 43
13 43
10 43
14 43
15 39
15 38
15 40
15 41
15 42
15 37
15 43
7 38
7 39
7 37
7 36
7 40
7 35
6 39
6 38
6 37
6 36
6 40
6 35
12 44
11 44
13 44
14 44
15 44
9 34
8 34
7 34
6 34
11 45
12 45
13 45
14 45
15 45
5 40
5 39
8 33
7 33
6 33
12 46
13 46
14 46
11 46
15 46
16 44
16 45
16 46
5 34
5 33
11 47
12 47
13 47
14 47
15 47
16 47
7 32
6 32
5 32
17 45
17 46
17 44
17 47
18 44
18 45
18 46
18 47
12 48
13 48
14 48
15 48
11 48
4 33
4 34
4 32
3 34
3 33
11 49
12 49
13 49
14 49
15 49
19 45
19 46
19 44
19 47
20 44
20 45
20 46
20 47
2 33
2 34
1 34
0
No
0
Yes
25 5
25 6
26 5
26 6
0
Yes
22 0
22 1
22 2
23 0
23 1
23 2
24 0
24 1
24 2
25 0
25 1
25 2
26 0
26 1
26 2
27 0
27 1
0
Yes
32 19
32 20
32 21
32 22
32 23
32 24
33 19
33 20
33 21
33 22
33 23
33 24
34 19
34 20
34 21
34 22
34 23
34 24
35 19
35 20
35 21
35 22
35 23
35 24
36 19
36 20
36 21
36 22
36 23
36 24
37 19
37 20
37 21
37 22
37 23
37 24
38 19
38 20
38 21
38 22
38 23
38 24
39 19
39 20
39 21
39 22
39 23
39 24
0
No
0
Yes
12 15
11 15
11 14
12 14
13 14
13 15
12 13
11 13
14 15
14 14
10 14
10 15
10 13
9 15
9 14
9 13
11 12
10 12
12 12
9 12
12 11
11 11
10 11
9 11
8 14
8 13
8 12
8 15
7 15
7 14
7 13
7 12
10 10
9 10
8 10
6 12
6 11
8 9
5 11
5 12
4 12
4 11
4 10
3 11
3 12
3 10
2 12
2 11
2 10
3 9
4 9
2 9
5 9
5 8
4 8
3 8
2 8
6 8
6 7
5 7
4 7
3 7
2 7
7 7
7 6
6 6
5 6
4 6
3 6
2 6
8 6
8 7
8 8
9 8
6 5
7 5
5 5
4 5
3 5
2 5
1 11
1 10
1 9
1 8
1 7
1 6
1 12
1 5
7 4
6 4
5 4
4 4
3 4
2 4
1 4
8 4
0 12
0 11
0 10
0 9
0 8
0 7
0 6
0 5
0 4
8 3
7 3
6 3
5 3
4 3
3 3
2 3
1 3
0 3
9 3
9 4
0
Yes
34 35
34 36
34 37
35 35
35 36
35 37
36 35
36 36
36 37
37 35
37 36
37 37
38 35
38 36
38 37
39 35
39 36
39 37
0
Yes
44 0
44 1
44 2
44 3
45 0
45 1
45 2
45 3
46 0
46 1
46 2
46 3
47 0
47 1
47 2
47 3
48 0
48 1
48 2
48 3
49 0
49 1
49 2
49 3
0
No
0
Yes
21 6
20 6
20 5
21 5
20 7
21 7
22 7
21 4
20 4
21 8
20 8
22 8
19 5
19 6
19 4
22 4
23 8
23 7
18 6
18 5
18 4
20 3
21 3
19 3
22 3
18 3
20 9
21 9
22 9
23 9
21 2
20 2
19 2
18 2
17 5
17 4
17 3
17 6
17 2
22 10
23 10
24 9
24 8
24 10
25 8
25 9
25 10
16 6
16 5
16 4
16 3
16 2
16 7
20 1
19 1
18 1
17 1
21 1
16 1
24 11
25 11
26 9
26 10
26 11
21 0
20 0
19 0
18 0
17 0
16 0
15 5
15 6
15 4
15 3
15 2
15 7
15 8
16 8
14 6
14 5
14 7
14 4
14 3
25 12
24 12
26 12
23 12
27 10
27 11
27 9
27 12
28 9
28 10
0
Yes
31 35
30 35
30 36
29 36
29 35
28 36
28 35
27 36
27 35
27 34
28 34
29 34
26 34
26 35
26 36
29 33
28 33
27 33
26 33
25 35
25 34
25 36
25 33
28 32
27 32
26 32
29 32
25 32
24 34
24 35
24 33
24 36
24 32
25 37
26 37
27 37
29 31
28 31
27 31
26 31
25 31
24 31
23 35
23 34
23 33
23 32
23 31
23 36
28 30
27 30
26 30
25 30
24 30
29 30
23 30
29 29
28 29
27 29
26 29
25 29
24 29
23 29
28 28
27 28
26 28
25 28
24 28
29 28
29 27
28 27
27 27
26 27
25 27
24 27
28 26
27 26
26 26
25 26
29 26
24 26
29 25
28 25
27 25
26 25
25 25
24 25
23 25
25 38
22 25
0
Yes
42 18
42 19
42 20
42 21
42 22
43 18
43 19
43 20
43 21
43 22
44 18
44 19
44 20
44 21
44 22
45 18
45 19
45 20
45 21
45 22
46 18
46 19
46 20
46 21
46 22
47 18
47 19
47 20
47 21
47 22
48 18
48 19
48 20
48 21
48 22
49 18
49 19
49 20
49 21
49 22
0
No
0
No
0
No
0
No
0
No
0
No
0
No
0
No
0
Yes
8 26
8 27
8 28
8 29
9 26
9 27
9 28
9 29
10 26
10 27
10 28
10 29
11 26
11 27
11 28
11 29
0
No
0
No
0
No
0
No
0
No
0
No
0
No
0
No
0
No
0
No
0
No
0
Yes
22 47
23 47
22 46
21 47
21 46
0
No
0
Yes
42 0
42 1
42 2
43 0
43 1
43 2
44 0
44 1
44 2
45 0
45 1
45 2
46 0
0
Yes
28 11
28 12
29 11
29 12
30 11
30 12
31 11
31 12
32 11
32 12
0
Yes
8 30
8 31
9 30
9 31
0
Yes
9 47
8 47
8 46
9 46
8 45
9 45
10 45
10 46
10 47
7 45
7 46
7 47
10 48
9 48
8 48
7 48
10 44
9 44
8 44
7 44
6 47
6 46
6 45
6 48
6 44
9 49
8 49
7 49
6 49
10 49
9 43
8 43
7 43
6 43
5 46
5 47
5 45
5 48
5 44
5 49
5 43
8 42
7 42
6 42
9 42
5 42
4 47
4 46
4 45
4 44
4 48
4 43
4 49
4 42
9 41
8 41
7 41
6 41
5 41
4 41
3 46
3 47
3 45
3 44
3 43
3 48
3 42
3 49
3 41
2 47
2 46
2 45
2 44
2 43
2 48
2 42
2 49
2 41
1 46
1 47
1 45
1 44
1 43
1 48
1 42
1 49
1 41
2 40
3 40
4 40
1 40
0 47
0 46
0 45
0 44
0 43
0 42
0 41
0 40
0 48
0 49
4 39
3 39
2 39
0
No
0
Yes
37 21
36 21
37 20
37 22
38 21
36 20
36 22
38 20
38 22
35 21
37 19
37 23
39 21
35 20
35 22
36 19
36 23
38 19
38 23
39 20
39 22
35 19
35 23
39 19
39 23
34 21
37 18
40 21
34 20
34 22
36 18
38 18
40 20
40 22
34 19
34 23
35 18
39 18
40 19
33 21
41 21
33 20
33 22
41 20
41 22
34 18
40 18
33 19
33 23
41 19
32 21
33 18
41 18
32 20
32 22
32 19
32 23
32 18
0
Yes
13 41
12 41
13 40
13 42
14 41
12 40
12 42
14 40
14 42
11 41
13 39
13 43
15 41
11 40
11 42
12 39
12 43
14 39
14 43
15 40
15 42
11 39
11 43
15 39
15 43
10 41
13 38
13 44
10 40
10 42
12 38
12 44
14 38
14 44
10 39
10 43
11 38
11 44
15 38
15 44
13 37
12 37
14 37
10 38
11 37
15 37
10 37
0
No
0
Yes
47 14
48 14
47 13
47 15
48 13
48 15
46 14
49 14
46 13
46 15
49 13
49 15
47 12
47 16
48 12
48 16
45 14
46 12
46 16
49 12
49 16
45 13
45 15
47 11
47 17
48 11
48 17
45 12
45 16
46 11
46 17
49 11
49 17
45 11
45 17
47 10
48 10
0
Yes
11 49
11 48
12 48
12 49
13 48
13 49
13 47
12 47
11 47
11 46
12 46
13 46
14 47
14 48
14 49
14 46
12 45
13 45
14 45
11 45
15 49
15 48
15 47
15 46
15 45
16 47
16 46
0
Yes
48 46
48 47
49 46
49 47
47 46
47 47
48 45
48 48
49 45
49 48
47 45
47 48
48 44
48 49
49 44
49 49
47 44
47 49
48 43
49 43
47 43
0
No
0
No
0
Yes
22 19
22 18
23 18
23 19
24 18
24 19
24 20
23 20
22 20
24 17
23 17
22 17
22 21
23 21
24 21
25 20
25 19
25 18
25 17
25 21
22 16
23 16
24 16
25 16
23 22
24 22
22 22
25 22
26 19
26 18
26 20
26 17
26 21
26 16
26 22
23 15
24 15
25 15
22 15
26 15
22 23
23 23
24 23
25 23
26 23
27 18
27 19
27 20
27 17
27 21
27 16
27 22
27 15
27 23
22 14
23 14
24 14
25 14
26 14
27 14
23 24
24 24
25 24
26 24
27 24
22 24
28 19
28 18
28 20
28 17
28 21
28 16
28 22
28 15
28 23
28 14
28 24
23 13
24 13
25 13
26 13
27 13
28 13
22 13
29 18
29 19
29 20
29 17
29 21
29 16
29 22
29 15
29 23
29 14
29 24
29 13
29 12
28 12
27 12
26 12
25 12
24 12
23 12
30 19
30 18
30 20
30 17
30 21
30 16
30 22
30 15
30 14
30 23
30 13
30 24
30 12
30 11
29 11
28 11
27 11
26 11
25 11
24 11
31 18
31 19
31 20
31 17
31 21
31 16
31 22
31 15
31 14
31 13
31 23
31 12
31 11
0
No
0
No
0
No
0
Yes
42 38
41 38
42 37
42 39
41 37
42 36
41 36
0
No
0
Yes
17 1
16 1
16 0
17 0
16 2
17 2
18 2
18 1
18 0
19 1
19 0
19 2
18 3
17 3
16 3
19 3
20 2
20 1
20 0
20 3
17 4
18 4
19 4
16 4
20 4
21 1
21 2
21 3
21 0
21 4
15 4
15 3
15 2
16 5
17 5
18 5
19 5
20 5
15 5
21 5
22 0
22 1
22 2
22 3
22 4
14 5
14 4
14 3
17 6
16 6
18 6
19 6
15 6
20 6
14 6
21 6
23 1
23 2
23 0
16 7
17 7
18 7
19 7
15 7
20 7
14 7
0
Yes
43 46
43 47
44 46
44 47
42 46
42 47
43 45
43 48
44 45
44 48
45 46
45 47
42 45
42 48
45 45
45 48
41 46
41 47
43 44
43 49
44 44
44 49
46 46
46 47
41 45
41 48
42 44
42 49
45 44
45 49
46 45
46 48
40 46
40 47
41 44
41 49
43 43
44 43
46 44
46 49
40 45
40 48
42 43
45 43
40 44
40 49
41 43
46 43
40 43
0
No
0
No
0
Yes
18 22
17 22
18 21
18 23
19 22
17 21
17 23
19 21
19 23
16 22
18 20
18 24
20 22
16 21
16 23
17 20
17 24
19 20
19 24
20 21
20 23
16 20
16 24
20 20
20 24
15 22
18 19
18 25
21 22
15 21
15 23
17 19
17 25
19 19
19 25
21 21
21 23
15 20
15 24
16 19
16 25
20 19
20 25
21 20
21 24
14 22
18 18
14 21
14 23
17 18
19 18
15 19
15 25
21 19
21 25
14 20
14 24
16 18
20 18
14 19
14 25
15 18
21 18
14 18
0
Yes
19 10
18 10
18 9
19 9
18 8
19 8
17 8
17 9
17 10
18 11
17 11
20 9
20 8
0
Yes
37 12
38 12
37 11
37 13
38 11
38 13
36 12
39 12
36 11
36 13
39 11
39 13
37 10
37 14
38 10
38 14
35 12
36 10
36 14
39 10
39 14
40 12
35 11
35 13
40 11
40 13
37 9
37 15
38 9
38 15
35 10
35 14
40 10
40 14
36 9
36 15
39 9
39 15
34 12
41 12
34 11
34 13
41 11
41 13
35 9
35 15
40 9
40 15
34 10
34 14
37 8
37 16
38 8
38 16
41 10
41 14
36 8
36 16
39 8
39 16
33 12
42 12
33 11
33 13
34 9
34 15
41 9
41 15
42 11
42 13
35 8
35 16
40 8
40 16
33 10
33 14
42 10
42 14
37 7
37 17
38 7
38 17
36 7
36 17
39 7
39 17
34 8
34 16
41 8
41 16
33 9
33 15
42 9
42 15
32 12
32 11
32 13
35 7
35 17
40 7
40 17
32 10
32 14
33 8
33 16
37 6
38 6
42 8
42 16
34 7
34 17
41 7
41 17
36 6
39 6
32 9
32 15
35 6
40 6
33 7
33 17
42 7
42 17
32 8
32 16
34 6
41 6
32 7
32 17
33 6
42 6
32 6
0
No
0
Yes
27 28
27 29
26 28
26 29
28 28
28 29
27 27
27 30
26 27
26 30
28 27
28 30
25 28
25 29
29 28
29 29
25 27
25 30
27 26
27 31
29 27
29 30
26 26
26 31
28 26
28 31
24 28
24 29
25 26
25 31
29 26
29 31
24 27
24 30
27 25
26 25
28 25
24 26
24 31
25 25
29 25
24 25
0
Yes
8 6
7 6
7 5
7 7
8 7
6 7
6 6
6 5
5 6
5 5
5 7
4 7
4 6
4 5
5 4
6 4
7 4
4 4
3 6
3 5
3 7
3 4
4 8
5 8
3 8
6 8
7 3
6 3
5 3
4 3
3 3
2 5
2 6
2 7
2 4
2 8
2 3
3 9
4 9
2 9
5 9
6 2
5 2
7 2
1 6
1 5
1 7
1 4
1 8
1 3
1 9
8 2
8 3
8 4
2 10
3 10
4 10
1 10
7 1
6 1
8 1
5 1
9 4
9 3
9 2
9 1
0 5
0 6
0 7
0 8
0 9
0 10
0 4
0 3
4 11
3 11
2 11
1 11
0 11
8 0
7 0
9 0
6 0
5 0
3 12
2 12
4 12
1 12
0 12
0
Yes
13 25
12 25
12 24
13 24
12 23
13 23
11 23
11 24
11 25
10 25
10 24
10 23
11 22
12 22
13 22
10 22
9 24
9 23
9 25
9 22
13 21
12 21
11 21
10 21
9 21
8 25
8 24
8 23
8 22
8 21
9 26
10 26
11 26
8 26
12 20
11 20
10 20
9 20
13 20
8 20
7 24
7 23
7 22
7 21
2
422
23 32
23 33
23 34
23 35
23 36
23 37
23 38
23 39
23 40
24 32
24 33
24 34
24 35
24 36
24 37
24 38
24 39
24 40
25 32
25 33
25 34
25 35
25 36
25 37
25 38
25 39
25 40
26 32
26 33
26 34
26 35
26 36
26 37
26 38
26 39
26 40
27 32
27 33
27 34
27 35
27 36
27 37
27 38
27 39
27 40
28 32
28 33
28 34
28 35
28 36
28 37
28 38
28 39
28 40
29 32
29 33
29 34
29 35
29 36
29 37
29 38
470
42 18
42 19
42 20
42 21
42 22
43 18
43 19
43 20
43 21
43 22
44 18
44 19
44 20
44 21
44 22
45 18
45 19
45 20
45 21
45 22
46 18
46 19
46 20
46 21
46 22
47 18
47 19
Yes
11 37
11 38
11 39
11 40
11 41
11 42
11 43
11 44
11 45
12 37
12 38
12 39
12 40
12 41
12 42
12 43
12 44
12 45
13 37
13 38
13 39
13 40
13 41
13 42
13 43
13 44
13 45
14 37
14 38
14 39
14 40
14 41
14 42
14 43
14 44
14 45
15 37
15 38
15 39
15 40
15 41
15 42
15 43
15 44
15 45
16 37
16 38
16 39
16 40
16 41
16 42
16 43
16 44
16 45
17 37
17 38
17 39
17 40
17 41
17 42
17 43
17 44
17 45
18 37
18 38
18 39
18 40
18 41
18 42
18 43
18 44
18 45
19 37
19 38
19 39
19 40
19 41
19 42
19 43
19 44
19 45
20 37
20 38
20 39
20 40
20 41
20 42
20 43
0
Yes
1 22
0 22
0 21
1 21
0 20
1 20
2 20
2 21
2 22
2 23
1 23
0 23
3 22
3 21
3 23
3 20
1 24
2 24
3 24
0 24
4 21
4 22
4 23
4 20
4 24
5 22
5 21
5 23
5 20
5 24
4 19
3 19
2 19
5 19
2 18
3 18
4 18
5 18
3 17
4 17
2 17
5 17
2 16
3 16
4 16
5 16
3 15
4 15
2 15
5 15
6 15
6 16
6 17
6 14
5 14
4 14
3 14
2 14
7 17
7 16
7 15
7 14
7 13
6 13
5 13
4 13
3 13
2 13
8 16
8 15
8 14
8 17
8 13
8 12
7 12
6 12
5 12
9 17
9 16
9 15
9 14
9 13
9 12
9 18
8 18
7 18
10 18
10 17
10 16
10 15
10 14
10 13
10 12
10 19
9 19
8 19
11 19
11 18
11 17
11 16
11 15
11 14
11 13
11 12
12 18
12 17
12 16
12 15
12 14
12 13
12 19
12 12
11 11
10 11
9 11
12 11
13 19
13 18
13 17
13 16
13 15
13 14
13 13
13 12
10 10
9 10
14 17
14 16
14 15
14 14
0
No
0
No
0
Yes
15 12
15 13
16 12
16 13
14 12
14 13
15 11
16 11
14 11
0
No
0
Yes
0 3
0 4
1 4
1 3
2 4
2 3
2 5
1 5
0 5
0 6
1 6
2 6
3 5
3 4
3 3
3 6
1 7
2 7
0 7
3 7
4 3
4 4
4 5
4 6
4 7
0 8
1 8
2 8
3 8
4 8
5 4
5 5
5 6
5 7
5 3
5 8
1 9
2 9
3 9
4 9
0 9
5 9
6 3
6 4
6 5
6 6
6 7
6 8
0 10
1 10
2 10
3 10
0
Yes
32 43
32 44
33 44
33 43
33 42
34 43
34 42
34 44
33 45
32 45
34 45
34 41
33 41
32 46
33 46
34 46
31 46
33 40
34 40
35 42
35 43
35 44
35 41
35 45
35 40
35 46
36 43
36 42
36 44
36 41
36 45
36 40
36 46
31 47
32 47
33 47
34 47
35 47
36 47
34 39
35 39
36 39
32 48
33 48
34 48
35 48
31 48
36 48
37 42
37 43
37 44
37 45
37 46
37 47
37 48
35 38
34 38
36 38
37 40
31 49
32 49
33 49
34 49
35 49
36 49
37 49
34 37
35 37
36 37
38 46
38 47
38 48
38 49
37 38
37 37
35 36
36 36
34 36
37 36
39 47
39 48
39 46
39 49
0
No
0
No
0
Yes
46 13
47 13
46 12
46 14
47 12
47 14
45 13
48 13
45 12
45 14
48 12
48 14
46 11
46 15
47 11
47 15
44 13
45 11
45 15
48 11
48 15
49 13
44 12
44 14
49 12
49 14
46 10
46 16
47 10
47 16
44 11
44 15
49 11
49 15
45 10
45 16
48 10
48 16
43 13
43 12
43 14
44 10
44 16
49 10
49 16
43 11
43 15
46 9
46 17
47 9
47 17
45 9
45 17
48 9
48 17
43 10
43 16
44 9
44 17
49 9
49 17
46 8
47 8
45 8
48 8
43 9
43 17
44 8
0
No
0
No
0
Yes
49 0
48 0
48 1
49 1
48 2
49 2
47 2
47 1
47 0
47 3
48 3
49 3
49 4
48 4
47 4
46 3
46 4
46 2
46 1
48 5
47 5
49 5
46 5
0
Yes
46 20
46 21
45 20
45 21
47 20
47 21
46 19
46 22
45 19
45 22
47 19
47 22
44 20
44 21
48 20
48 21
44 19
44 22
46 18
48 19
48 22
45 18
47 18
43 20
43 21
49 20
49 21
44 18
48 18
43 19
43 22
49 19
49 22
43 18
49 18
42 20
42 21
42 19
42 22
0
Yes
36 2
35 2
35 1
36 1
35 0
36 0
37 0
37 1
37 2
34 0
34 1
34 2
37 3
36 3
35 3
34 3
38 2
38 1
38 3
38 0
33 2
33 1
33 3
33 0
36 4
35 4
37 4
34 4
38 4
33 4
39 1
39 2
39 0
32 1
32 2
32 3
32 4
32 0
35 5
36 5
34 5
37 5
33 5
0
Yes
8 39
7 39
8 38
8 40
9 39
7 38
7 40
9 38
9 40
6 39
8 37
10 39
6 38
6 40
7 37
9 37
10 38
10 40
6 37
10 37
5 39
5 38
5 40
0
Yes
33 24
33 25
33 26
33 27
33 28
34 24
34 25
34 26
34 27
34 28
35 24
35 25
35 26
35 27
35 28
36 24
36 25
36 26
36 27
36 28
37 24
37 25
37 26
37 27
37 28
38 24
38 25
38 26
38 27
38 28
39 24
39 25
39 26
39 27
39 28
0
No
0
Yes
36 32
35 32
36 31
36 33
37 32
35 31
35 33
37 31
37 33
34 32
36 30
36 34
38 32
34 31
34 33
35 30
35 34
37 30
37 34
38 31
38 33
34 30
34 34
38 30
38 34
33 32
36 29
39 32
33 31
33 33
35 29
37 29
39 31
39 33
33 30
33 34
34 29
38 29
39 30
39 34
32 32
32 31
32 33
33 29
39 29
32 30
32 34
32 29
0
No
0
Yes
2 36
1 36
1 35
2 35
1 34
2 34
3 34
3 35
3 36
3 37
2 37
1 37
4 36
4 35
4 37
4 34
2 38
1 38
3 38
4 38
0 37
0 38
0 36
0 35
5 35
5 36
5 34
5 37
4 33
5 33
3 33
2 33
6 34
6 35
6 36
6 33
7 36
7 35
7 34
7 33
6 32
5 32
4 32
7 32
8 35
8 34
8 36
8 33
0
No
0
Yes
27 3
27 2
26 2
28 2
28 3
28 1
27 1
26 1
29 1
29 2
29 3
27 0
26 0
28 0
29 0
25 0
25 1
25 2
24 2
24 1
24 0
28 4
29 4
28 5
29 5
28 6
29 6
30 6
30 5
30 4
31 4
31 5
31 6
30 7
29 7
28 7
31 7
28 8
29 8
30 8
31 8
29 9
30 9
28 9
31 9
28 10
29 10
30 10
31 10
27 6
27 7
27 9
27 10
0
Yes
49 19
48 19
48 18
49 18
48 20
49 20
47 20
47 19
47 18
47 21
48 21
49 21
46 19
46 20
46 18
46 21
49 22
48 22
47 22
46 22
45 18
45 19
0
Yes
2 46
2 47
3 46
3 47
1 46
1 47
2 45
2 48
3 45
3 48
4 46
4 47
1 45
1 48
4 45
4 48
0 46
0 47
2 44
2 49
3 44
3 49
0 45
0 48
1 44
1 49
4 44
4 49
0 44
0 49
2 43
3 43
1 43
4 43
0
Yes
2 41
1 41
1 40
2 40
1 42
2 42
3 40
3 41
3 42
2 39
1 39
3 39
4 41
4 40
4 42
4 39
0 40
0 41
0 42
0 39
0 43
5 42
5 41
5 43
6 41
6 42
6 43
6 44
5 44
5 45
6 45
7 42
7 43
7 44
7 41
7 45
8 41
8 42
8 43
8 44
8 45
6 46
7 46
5 46
8 46
5 47
6 47
7 47
8 47
9 42
9 43
9 44
9 45
9 46
9 41
9 47
10 41
10 42
10 43
10 44
10 45
10 46
10 47
6 48
7 48
8 48
9 48
5 48
10 48
5 49
6 49
7 49
8 49
9 49
10 49
11 46
11 47
11 48
11 49
12 47
12 48
12 46
12 49
13 46
13 47
13 48
13 49
14 47
14 48
14 46
14 49
15 46
15 47
15 48
15 49
16 47
16 46
17 46
17 47
16 49
18 47
18 46
0
Yes
21 37
21 38
22 37
22 38
0
No
0
No
0
No
0
No
0
Yes
15 12
15 13
16 12
16 13
14 12
14 13
15 11
16 11
14 11
0
Yes
44 22
43 22
43 21
44 21
43 20
44 20
45 20
45 21
45 22
42 20
42 21
42 22
41 22
41 21
41 20
42 19
43 19
44 19
41 19
40 21
40 20
40 22
40 19
44 18
43 18
42 18
41 18
40 18
39 22
39 21
39 20
39 19
39 18
38 21
38 20
38 19
38 22
0
Yes
46 15
47 15
46 14
46 16
47 14
47 16
45 15
48 15
45 14
45 16
48 14
48 16
46 13
46 17
47 13
47 17
44 15
45 13
45 17
48 13
48 17
49 15
44 14
44 16
49 14
49 16
46 12
47 12
44 13
44 17
49 13
49 17
45 12
48 12
43 15
43 14
43 16
44 12
49 12
43 13
43 17
0
Yes
19 10
18 10
18 9
19 9
18 8
19 8
17 8
17 9
17 10
18 11
17 11
20 9
20 8
0
Yes
39 28
38 28
38 27
39 27
38 26
39 26
37 26
37 27
37 28
37 29
38 29
39 29
36 28
36 27
36 29
36 26
37 25
38 25
39 25
36 25
39 30
38 30
37 30
36 30
35 27
35 28
35 29
35 26
35 30
35 25
39 24
38 24
37 24
36 24
35 24
38 31
37 31
36 31
39 31
35 31
34 28
34 27
34 29
34 26
34 30
34 25
34 31
34 24
38 23
37 23
36 23
35 23
34 23
39 23
39 32
38 32
37 32
36 32
35 32
34 32
33 27
33 28
33 29
33 26
33 30
33 25
33 31
33 24
33 32
33 23
37 22
36 22
35 22
34 22
33 22
33 33
32 28
32 27
32 29
32 26
32 30
32 25
32 31
32 24
32 32
32 23
32 33
32 22
31 27
31 28
31 29
31 26
31 30
31 31
31 25
31 32
31 33
31 24
31 34
32 34
33 34
34 34
34 33
35 33
36 33
37 33
35 34
38 33
36 34
37 34
38 34
39 33
39 34
30 28
30 27
30 29
30 30
30 31
30 32
30 33
30 34
0
Yes
31 37
30 37
30 36
30 38
29 36
29 37
29 38
29 35
30 35
31 35
29 39
30 39
31 39
28 37
28 36
28 38
28 35
28 39
31 40
30 40
29 40
28 40
27 36
27 37
27 38
27 39
27 35
27 40
30 41
29 41
28 41
31 41
27 41
28 34
29 34
27 34
29 33
28 33
27 33
26 37
26 36
26 38
26 35
26 39
26 34
26 40
26 33
26 41
28 32
27 32
29 32
26 32
25 36
25 37
25 38
25 35
25 39
25 34
25 40
25 33
25 32
29 31
28 31
27 31
26 31
25 31
24 37
24 36
24 38
24 35
24 39
24 34
24 33
24 32
24 40
24 31
28 30
27 30
26 30
25 30
29 30
24 30
23 36
23 37
23 38
23 35
23 39
23 34
23 33
23 32
23 31
23 40
23 30
24 41
23 41
29 29
28 29
27 29
26 29
25 29
24 29
23 29
22 39
22 40
22 41
23 42
22 42
28 28
27 28
26 28
25 28
24 28
29 28
29 27
28 27
27 27
26 27
25 27
24 27
21 40
21 41
21 39
21 42
22 43
23 43
21 43
23 44
28 26
27 26
26 26
25 26
29 26
24 26
30 26
30 25
29 25
28 25
27 25
26 25
25 25
24 25
23 25
22 25
0
Yes
47 9
48 9
47 8
47 10
48 8
48 10
46 9
49 9
46 8
46 10
49 8
49 10
47 7
47 11
48 7
48 11
45 9
46 7
46 11
49 7
49 11
45 8
45 10
47 6
48 6
45 7
45 11
46 6
49 6
45 6
0
No
0
No
0
Yes
32 0
32 1
32 2
32 3
32 4
32 5
33 0
33 1
33 2
33 3
33 4
33 5
34 0
34 1
34 2
34 3
34 4
34 5
35 0
35 1
35 2
35 3
35 4
35 5
36 0
36 1
36 2
36 3
36 4
36 5
37 0
37 1
37 2
37 3
37 4
37 5
0
Yes
48 46
48 47
49 46
49 47
47 46
47 47
48 45
48 48
49 45
49 48
47 45
47 48
48 44
48 49
49 44
49 49
47 44
47 49
48 43
49 43
47 43
0
No
0
No
0
Yes
49 38
48 38
48 37
49 37
48 36
49 36
47 36
47 37
47 38
47 39
48 39
49 39
46 38
46 37
46 39
46 36
49 40
48 40
47 40
46 40
45 37
45 38
45 39
45 36
45 40
48 41
47 41
46 41
49 41
45 41
44 38
44 39
44 37
44 40
44 36
44 41
49 42
48 42
47 42
46 42
45 42
44 42
43 37
43 38
43 39
43 40
43 41
43 42
43 36
42 40
42 41
0
Yes
2 3
2 4
3 3
3 4
1 3
1 4
2 2
2 5
3 2
3 5
4 3
4 4
1 2
1 5
4 2
4 5
0 3
0 4
2 1
2 6
3 1
3 6
0 2
0 5
1 1
1 6
4 1
4 6
0 1
0 6
2 0
3 0
1 0
4 0
0 0
0
No
0
No
0
Yes
48 48
48 49
49 48
49 49
47 48
47 49
48 47
49 47
47 47
0
No
0
Yes
23 29
23 30
23 31
23 32
23 33
23 34
23 35
23 36
23 37
24 29
24 30
24 31
24 32
24 33
24 34
24 35
24 36
24 37
25 29
25 30
25 31
25 32
25 33
25 34
25 35
25 36
25 37
26 29
26 30
26 31
26 32
26 33
26 34
26 35
26 36
26 37
27 29
27 30
27 31
27 32
27 33
27 34
27 35
27 36
27 37
28 29
28 30
28 31
28 32
28 33
28 34
28 35
28 36
28 37
29 29
29 30
29 31
29 32
29 33
29 34
29 35
29 36
29 37
0
No
0
Yes
32 0
32 1
32 2
32 3
32 4
32 5
32 6
32 7
33 0
33 1
33 2
33 3
33 4
33 5
33 6
33 7
34 0
34 1
34 2
34 3
34 4
34 5
34 6
34 7
35 0
35 1
35 2
35 3
35 4
35 5
35 6
35 7
36 0
36 1
36 2
36 3
36 4
36 5
36 6
36 7
37 0
37 1
37 2
37 3
37 4
37 5
37 6
37 7
38 0
38 1
38 2
38 3
38 4
38 5
38 6
0
No
0
Yes
2 10
3 10
2 9
2 11
3 9
3 11
1 10
4 10
1 9
1 11
4 9
4 11
2 8
2 12
3 8
3 12
0 10
1 8
1 12
4 8
4 12
0 9
0 11
2 7
3 7
0 8
0 12
1 7
4 7
0 7
0
Yes
1 14
1 15
0 14
0 15
1 13
0 13
0
No
0
Yes
32 17
32 16
33 16
33 17
34 16
34 17
34 18
33 18
32 18
34 15
33 15
32 15
32 19
33 19
34 19
35 18
35 17
35 16
35 15
35 19
32 14
33 14
34 14
35 14
33 20
34 20
32 20
35 20
36 17
36 16
36 18
36 15
36 19
36 14
36 20
33 13
34 13
35 13
32 13
36 13
32 21
33 21
34 21
35 21
36 21
37 16
37 17
37 18
37 15
37 19
37 14
37 13
37 20
37 21
32 12
33 12
34 12
35 12
36 12
37 12
38 17
38 16
38 15
38 14
38 13
38 12
38 18
33 11
34 11
35 11
36 11
37 11
32 11
38 11
39 16
39 15
39 14
39 13
39 17
39 12
39 11
32 10
33 10
34 10
35 10
36 10
37 10
38 10
39 10
40 17
40 16
40 15
40 14
40 13
40 12
40 11
40 10
33 9
34 9
35 9
36 9
37 9
38 9
39 9
32 9
40 9
41 16
41 15
41 14
41 13
41 12
41 11
41 10
41 17
41 9
32 8
33 8
34 8
35 8
36 8
37 8
38 8
39 8
40 8
41 8
42 17
42 16
42 15
42 14
42 13
42 12
42 11
42 10
42 9
42 8
38 7
39 7
40 7
41 7
0
No
0
Yes
6 29
6 30
5 29
5 30
7 29
7 30
6 28
6 31
5 28
5 31
7 28
7 31
4 29
4 30
8 29
8 30
4 28
4 31
6 27
8 28
8 31
5 27
7 27
3 29
3 30
9 29
9 30
4 27
8 27
3 28
3 31
9 28
9 31
3 27
9 27
2 29
2 30
2 28
2 31
0
No
0
Yes
5 40
5 41
5 42
5 43
5 44
5 45
5 46
5 47
5 48
5 49
6 40
6 41
6 42
6 43
6 44
6 45
6 46
6 47
6 48
6 49
7 40
7 41
7 42
7 43
7 44
7 45
7 46
7 47
7 48
7 49
8 40
8 41
8 42
8 43
8 44
8 45
8 46
8 47
8 48
8 49
9 40
9 41
9 42
9 43
9 44
9 45
9 46
9 47
9 48
9 49
10 40
10 41
10 42
10 43
10 44
10 45
10 46
10 47
10 48
10 49
11 40
11 41
11 42
11 43
11 44
11 45
11 46
11 47
11 48
11 49
12 40
12 41
12 42
12 43
12 44
12 45
12 46
12 47
12 48
12 49
13 40
13 41
13 42
13 43
13 44
13 45
13 46
13 47
13 48
13 49
14 40
14 41
14 42
14 43
14 44
14 45
14 46
14 47
14 48
14 49
15 40
15 41
15 42
15 43
15 44
15 45
15 46
15 47
15 48
15 49
16 40
16 41
0
Yes
46 4
46 5
47 4
47 5
45 4
45 5
46 3
46 6
47 3
47 6
48 4
48 5
45 3
45 6
48 3
48 6
44 4
44 5
46 2
46 7
47 2
47 7
49 4
49 5
44 3
44 6
45 2
45 7
48 2
48 7
49 3
49 6
43 4
43 5
44 2
44 7
46 1
46 8
47 1
47 8
49 2
49 7
43 3
43 6
45 1
45 8
48 1
48 8
43 2
43 7
44 1
44 8
49 1
49 8
46 0
47 0
45 0
48 0
43 1
43 8
44 0
49 0
43 0
0
Yes
2 26
2 27
2 28
2 29
2 30
2 31
3 26
3 27
3 28
3 29
3 30
3 31
4 26
4 27
4 28
4 29
4 30
4 31
5 26
5 27
5 28
5 29
5 30
5 31
6 26
6 27
6 28
6 29
6 30
6 31
7 26
7 27
7 28
7 29
7 30
7 31
8 26
8 27
8 28
8 29
8 30
8 31
9 26
9 27
9 28
9 29
9 30
9 31
10 26
10 27
10 28
10 29
0
Yes
24 45
24 46
24 47
24 48
24 49
25 45
25 46
25 47
25 48
25 49
26 45
26 46
26 47
26 48
26 49
27 45
27 46
27 47
27 48
27 49
28 45
28 46
28 47
28 48
28 49
29 45
29 46
29 47
29 48
29 49
30 45
30 46
30 47
30 48
30 49
31 45
31 46
31 47
31 48
31 49
32 45
32 46
32 47
32 48
0
No
0
Yes
36 46
35 46
36 45
36 47
37 46
35 45
35 47
37 45
37 47
34 46
36 44
36 48
34 45
34 47
35 44
35 48
37 44
37 48
34 44
34 48
36 43
36 49
35 43
35 49
37 43
37 49
34 43
34 49
36 42
35 42
37 42
0
No
0
Yes
2 41
1 41
2 40
2 42
3 41
1 40
1 42
3 40
3 42
0 41
2 39
0 40
0 42
1 39
3 39
0 39
0
Yes
5 0
5 1
5 2
5 3
5 4
6 0
6 1
6 2
6 3
6 4
7 0
7 1
7 2
7 3
7 4
8 0
8 1
8 2
8 3
8 4
9 0
9 1
9 2
9 3
9 4
10 0
10 1
0
No
0
Yes
18 44
19 44
18 43
18 45
19 43
19 45
17 44
20 44
17 43
17 45
20 43
20 45
18 42
18 46
19 42
19 46
16 44
17 42
17 46
20 42
20 46
16 43
16 45
18 41
18 47
19 41
19 47
16 42
16 46
17 41
17 47
20 41
20 47
16 47
18 40
19 40
17 40
20 40
0
Yes
48 10
48 11
47 10
47 11
49 10
49 11
48 9
47 9
49 9
46 10
46 11
46 9
0
No
0
Yes
7 6
7 7
6 6
6 7
8 6
8 7
7 5
6 5
5 6
5 7
5 5
0
Yes
46 42
46 43
45 42
45 43
47 42
47 43
46 41
46 44
45 41
45 44
47 41
47 44
44 42
44 43
48 42
48 43
44 41
44 44
46 40
46 45
48 41
48 44
45 40
45 45
47 40
47 45
43 42
43 43
49 42
49 43
44 40
44 45
48 40
48 45
43 41
43 44
49 41
49 44
46 39
46 46
45 39
45 46
47 39
47 46
43 40
43 45
49 40
49 45
42 42
42 43
44 39
44 46
48 39
48 46
42 41
42 44
46 38
43 39
43 46
45 38
47 38
49 39
49 46
42 40
42 45
44 38
48 38
42 39
42 46
43 38
49 38
42 38
0
Yes
46 15
47 15
46 14
46 16
47 14
47 16
45 15
48 15
45 14
45 16
48 14
48 16
46 13
46 17
47 13
47 17
44 15
45 13
45 17
48 13
48 17
49 15
44 14
44 16
49 14
49 16
46 12
47 12
44 13
44 17
49 13
49 17
45 12
48 12
43 15
43 14
43 16
44 12
49 12
43 13
43 17
0
Yes
46 33
45 33
46 32
46 34
47 33
45 32
45 34
47 32
47 34
44 33
46 31
46 35
48 33
44 32
44 34
45 31
45 35
47 31
47 35
48 32
48 34
44 31
44 35
48 31
48 35
43 33
46 30
46 36
49 33
43 32
43 34
45 30
45 36
47 30
47 36
49 32
49 34
43 31
43 35
44 30
44 36
48 30
48 36
49 31
49 35
42 33
46 29
46 37
42 32
42 34
45 29
45 37
47 29
47 37
43 30
43 36
49 30
49 36
42 31
42 35
44 29
44 37
48 29
48 37
42 30
42 36
43 29
43 37
46 28
49 29
49 37
45 28
47 28
44 28
48 28
42 29
42 37
43 28
49 28
0
Yes
24 43
24 44
24 45
24 46
24 47
24 48
24 49
25 43
25 44
25 45
25 46
25 47
25 48
25 49
26 43
26 44
26 45
26 46
26 47
26 48
26 49
27 43
27 44
27 45
27 46
27 47
27 48
27 49
28 43
28 44
28 45
28 46
28 47
28 48
28 49
29 43
29 44
29 45
29 46
29 47
29 48
29 49
30 43
30 44
30 45
30 46
30 47
30 48
30 49
31 43
31 44
31 45
31 46
31 47
31 48
31 49
32 43
32 44
32 45
32 46
32 47
32 48
32 49
33 43
33 44
0
Yes
1 28
0 28
1 27
0 27
0 29
1 26
0 26
0
Yes
37 29
37 30
36 29
36 30
38 29
38 30
37 28
37 31
36 28
36 31
38 28
38 31
35 29
35 30
39 29
39 30
35 28
35 31
37 27
37 32
39 28
39 31
36 27
36 32
38 27
38 32
34 29
34 30
40 29
40 30
35 27
35 32
39 27
39 32
34 28
34 31
40 28
40 31
37 26
37 33
36 26
36 33
38 26
38 33
34 27
34 32
40 27
40 32
33 29
33 30
35 26
35 33
39 26
39 33
41 29
41 30
33 28
33 31
41 28
41 31
37 25
37 34
34 26
34 33
36 25
36 34
38 25
38 34
40 26
40 33
33 27
33 32
41 27
41 32
35 25
35 34
39 25
39 34
32 29
32 30
32 28
32 31
33 26
33 33
41 26
41 33
34 25
34 34
40 25
40 34
37 24
37 35
32 27
32 32
36 24
36 35
38 24
38 35
35 24
35 35
39 24
39 35
33 25
33 34
41 25
41 34
32 26
32 33
34 24
34 35
40 24
40 35
37 23
37 36
36 23
36 36
38 23
38 36
32 25
32 34
33 24
33 35
35 23
35 36
39 23
39 36
41 24
41 35
34 23
34 36
40 23
40 36
32 24
37 22
36 22
38 22
33 23
41 23
41 36
35 22
39 22
34 22
40 22
32 23
33 22
41 22
32 22
0
Yes
28 14
28 15
27 14
27 15
29 14
29 15
28 13
28 16
27 13
27 16
29 13
29 16
26 14
26 15
30 14
30 15
26 13
26 16
28 12
28 17
30 13
30 16
27 12
27 17
29 12
29 17
25 14
25 15
31 14
31 15
26 12
26 17
30 12
30 17
25 13
25 16
31 13
31 16
28 11
28 18
27 11
27 18
29 11
29 18
25 12
25 17
31 12
31 17
24 14
24 15
26 11
26 18
30 11
30 18
24 13
24 16
28 10
28 19
25 11
25 18
27 10
27 19
29 10
29 19
31 11
31 18
24 12
24 17
26 10
26 19
30 10
30 19
24 11
24 18
25 10
25 19
31 10
31 19
28 9
27 9
29 9
26 9
30 9
24 10
24 19
25 9
31 9
24 9
0
No
0
Yes
49 24
48 24
48 23
49 23
48 22
49 22
47 22
47 23
47 24
47 25
48 25
49 25
46 24
46 23
46 25
46 22
47 21
48 21
49 21
46 21
49 26
48 26
47 26
46 26
45 23
45 24
45 25
45 22
45 26
45 21
49 20
48 20
47 20
46 20
45 20
48 27
47 27
46 27
45 27
49 27
44 24
44 23
44 25
44 22
44 26
44 21
44 27
44 20
48 19
47 19
46 19
0
No
0
No
0
No
0
Yes
15 8
15 7
14 7
16 7
16 8
16 6
15 6
14 6
17 6
17 7
17 8
15 5
16 5
14 5
17 5
18 8
18 7
18 6
18 5
14 4
15 4
16 4
17 4
18 4
19 7
19 6
19 5
19 8
19 4
15 3
16 3
17 3
18 3
19 3
14 3
20 8
20 7
20 6
20 5
20 4
20 3
19 9
18 9
17 9
20 9
16 2
17 2
18 2
19 2
20 2
15 2
21 7
21 6
21 5
21 4
21 8
21 3
21 9
21 2
17 10
0
Yes
33 42
33 41
34 41
34 42
34 40
33 40
35 40
35 41
36 40
36 41
36 39
35 39
34 39
0
No
0
No
0
No
0
Yes
14 20
13 20
13 19
14 19
13 18
14 18
15 18
15 19
15 20
12 18
12 19
12 20
15 21
14 21
13 21
12 21
16 20
16 19
16 21
16 18
15 17
14 17
13 17
12 17
16 17
11 20
11 19
11 18
11 21
11 17
14 22
13 22
15 22
12 22
16 22
11 22
17 19
17 20
17 21
17 18
17 22
17 17
14 16
13 16
15 16
12 16
16 16
11 16
17 16
10 19
10 20
10 18
10 21
10 17
10 22
10 16
13 23
14 23
15 23
12 23
16 23
11 23
17 23
10 23
18 20
18 19
18 21
18 18
18 22
18 17
18 23
18 16
13 15
14 15
12 15
11 15
10 15
15 15
16 15
9 20
9 19
9 21
9 18
9 17
9 22
9 16
9 23
9 15
14 24
13 24
15 24
12 24
16 24
11 24
17 24
10 24
18 24
9 24
19 19
19 20
19 21
19 18
19 22
19 17
19 23
19 16
19 24
12 14
11 14
13 14
10 14
9 14
14 14
8 19
8 20
8 21
8 18
8 22
8 17
8 16
8 23
8 15
8 24
0
Yes
26 23
26 24
27 23
27 24
25 23
25 24
26 22
26 25
27 22
27 25
28 23
28 24
25 22
25 25
28 22
28 25
24 23
24 24
26 21
26 26
27 21
27 26
29 23
29 24
24 22
24 25
25 21
25 26
28 21
28 26
29 22
29 25
23 23
23 24
24 21
24 26
26 20
27 20
29 21
29 26
30 23
30 24
23 22
23 25
25 20
28 20
30 22
30 25
23 21
23 26
24 20
29 20
30 21
30 26
22 23
22 24
31 23
31 24
22 22
22 25
31 22
31 25
23 20
30 20
22 21
22 26
31 21
31 26
21 23
21 24
21 22
21 25
22 20
31 20
21 21
21 26
21 20
0
No
0
No
0
No
0
Yes
22 18
21 18
22 17
22 19
23 18
21 17
21 19
23 17
23 19
20 18
22 16
20 17
20 19
21 16
23 16
20 16
0
Yes
22 47
23 47
22 46
21 47
21 46
0
Yes
0 0
0 1
0 2
0 3
0 4
0 5
0 6
1 0
1 1
1 2
1 3
1 4
1 5
1 6
2 0
2 1
2 2
2 3
2 4
2 5
2 6
3 0
3 1
3 2
3 3
3 4
3 5
3 6
4 0
4 1
4 2
4 3
4 4
0
Yes
3 23
2 23
3 22
3 24
4 23
2 22
2 24
4 22
4 24
1 23
3 21
3 25
5 23
1 22
1 24
2 21
2 25
4 21
4 25
5 22
5 24
1 21
1 25
5 21
5 25
0 23
3 20
0 22
0 24
2 20
4 20
0 21
0 25
1 20
5 20
0 20
0
Yes
14 11
14 12
14 13
15 11
15 12
15 13
16 11
16 12
16 13
17 11
0
No
0
Yes
47 33
46 33
47 32
47 34
48 33
46 32
46 34
48 32
48 34
45 33
47 31
47 35
49 33
45 32
45 34
46 31
46 35
48 31
48 35
49 32
49 34
45 31
45 35
49 31
49 35
44 33
47 30
47 36
44 32
44 34
46 30
46 36
48 30
48 36
44 31
44 35
45 30
45 36
49 30
49 36
47 29
47 37
46 29
46 37
48 29
48 37
44 30
44 36
45 29
45 37
49 29
49 37
44 29
44 37
47 28
46 28
48 28
0
No
0
Yes
37 9
37 10
37 11
37 12
37 13
37 14
37 15
37 16
37 17
37 18
38 9
38 10
38 11
38 12
38 13
38 14
38 15
38 16
38 17
38 18
39 9
39 10
39 11
39 12
39 13
39 14
39 15
39 16
39 17
39 18
40 9
40 10
40 11
40 12
40 13
40 14
40 15
40 16
40 17
40 18
41 9
41 10
41 11
41 12
41 13
41 14
41 15
41 16
41 17
41 18
42 9
42 10
42 11
42 12
42 13
42 14
42 15
42 16
42 17
42 18
43 9
43 10
43 11
43 12
43 13
43 14
43 15
43 16
43 17
43 18
44 9
44 10
44 11
44 12
44 13
44 14
44 15
44 16
44 17
44 18
45 9
45 10
45 11
45 12
45 13
45 14
45 15
45 16
45 17
45 18
46 9
46 10
46 11
46 12
46 13
46 14
46 15
46 16
46 17
46 18
47 9
47 10
47 11
47 12
47 13
47 14
47 15
47 16
47 17
47 18
48 9
48 10
48 11
48 12
48 13
48 14
48 15
48 16
48 17
48 18
49 9
49 10
49 11
49 12
49 13
49 14
49 15
0
Yes
24 10
24 11
24 12
24 13
24 14
24 15
24 16
24 17
24 18
24 19
25 10
25 11
25 12
25 13
25 14
25 15
25 16
25 17
25 18
25 19
26 10
26 11
26 12
26 13
26 14
26 15
26 16
26 17
26 18
26 19
27 10
27 11
27 12
27 13
27 14
27 15
27 16
27 17
27 18
27 19
28 10
28 11
28 12
28 13
28 14
28 15
28 16
28 17
28 18
28 19
29 10
29 11
29 12
29 13
29 14
29 15
29 16
29 17
29 18
29 19
30 10
30 11
30 12
30 13
30 14
30 15
30 16
30 17
30 18
30 19
31 10
31 11
31 12
31 13
31 14
31 15
31 16
31 17
31 18
31 19
0
Yes
16 0
16 1
16 2
16 3
16 4
16 5
16 6
16 7
16 8
17 0
17 1
17 2
17 3
17 4
17 5
17 6
17 7
17 8
18 0
18 1
18 2
18 3
18 4
18 5
18 6
18 7
18 8
19 0
19 1
19 2
19 3
19 4
19 5
19 6
19 7
19 8
20 0
20 1
20 2
20 3
20 4
20 5
20 6
20 7
20 8
21 0
21 1
21 2
21 3
21 4
21 5
21 6
21 7
21 8
22 0
22 1
22 2
22 3
0
No
0
Yes
0 45
0 46
0 47
0 48
0 49
1 45
1 46
1 47
1 48
1 49
2 45
2 46
2 47
2 48
2 49
3 45
3 46
3 47
3 48
3 49
4 45
4 46
4 47
4 48
4 49
0
Yes
41 22
41 23
40 22
40 23
42 22
42 23
41 21
41 24
40 21
40 24
42 21
42 24
39 22
39 23
43 22
43 23
39 21
39 24
41 20
41 25
43 21
43 24
40 20
40 25
42 20
42 25
38 22
38 23
39 20
39 25
43 20
43 25
38 21
38 24
41 19
40 19
42 19
38 20
38 25
39 19
43 19
0
Yes
39 31
39 32
40 31
40 32
38 31
38 32
39 30
39 33
40 30
40 33
41 31
41 32
38 30
38 33
41 30
41 33
37 31
37 32
39 29
39 34
40 29
40 34
42 31
42 32
37 30
37 33
38 29
38 34
41 29
41 34
42 30
42 33
36 31
36 32
37 29
37 34
39 28
39 35
40 28
40 35
42 29
42 34
43 31
43 32
36 30
36 33
38 28
38 35
41 28
41 35
43 30
43 33
36 29
36 34
37 28
37 35
42 28
42 35
43 29
43 34
35 31
35 32
39 27
39 36
40 27
40 36
35 30
35 33
38 27
38 36
41 27
41 36
36 28
36 35
43 28
43 35
35 29
35 34
37 27
37 36
42 27
42 36
39 26
40 26
35 28
35 35
36 27
36 36
38 26
41 26
43 27
43 36
37 26
42 26
35 27
35 36
36 26
43 26
35 26
0
No
0
Yes
23 0
23 1
23 2
24 0
24 1
24 2
25 0
25 1
25 2
26 0
26 1
26 2
27 0
0
Yes
2 9
2 10
3 9
3 10
1 9
1 10
2 8
2 11
3 8
3 11
4 9
4 10
1 8
1 11
4 8
4 11
0 9
0 10
2 7
3 7
0 8
0 11
1 7
4 7
0 7
0
Yes
9 16
9 17
9 18
9 19
9 20
9 21
9 22
9 23
9 24
9 25
10 16
10 17
10 18
10 19
10 20
10 21
10 22
10 23
10 24
10 25
11 16
11 17
11 18
11 19
11 20
11 21
11 22
11 23
11 24
11 25
12 16
12 17
12 18
12 19
12 20
12 21
12 22
12 23
12 24
12 25
13 16
13 17
13 18
13 19
13 20
13 21
13 22
13 23
13 24
13 25
14 16
14 17
14 18
14 19
14 20
14 21
14 22
14 23
14 24
14 25
15 16
15 17
15 18
15 19
15 20
15 21
15 22
15 23
15 24
15 25
16 16
16 17
16 18
16 19
16 20
16 21
16 22
16 23
16 24
16 25
17 16
17 17
17 18
17 19
17 20
17 21
17 22
17 23
17 24
17 25
18 16
18 17
18 18
18 19
18 20
18 21
18 22
18 23
18 24
18 25
19 16
19 17
19 18
19 19
19 20
19 21
19 22
19 23
19 24
19 25
0
No
0
Yes
44 48
44 49
43 48
43 49
45 48
45 49
44 47
43 47
45 47
42 48
42 49
46 48
46 49
42 47
46 47
41 48
41 49
41 47
0
Yes
33 13
34 13
33 12
33 14
34 12
34 14
32 13
35 13
32 12
32 14
35 12
35 14
33 11
33 15
34 11
34 15
31 13
32 11
32 15
35 11
35 15
36 13
31 12
31 14
36 12
36 14
33 10
33 16
34 10
34 16
31 11
31 15
36 11
36 15
32 10
32 16
35 10
35 16
30 13
30 12
30 14
31 10
31 16
36 10
36 16
30 11
30 15
33 9
33 17
34 9
34 17
32 9
32 17
35 9
35 17
30 10
30 16
31 9
31 17
36 9
36 17
33 8
34 8
32 8
35 8
30 9
30 17
0
Yes
15 32
16 32
15 31
15 33
16 31
16 33
14 32
17 32
14 31
14 33
17 31
17 33
15 30
15 34
16 30
16 34
13 32
14 30
14 34
17 30
17 34
18 32
13 31
13 33
18 31
18 33
15 29
15 35
16 29
16 35
13 30
13 34
18 30
18 34
14 29
14 35
17 29
17 35
12 32
19 32
12 31
12 33
19 31
19 33
13 29
13 35
18 29
18 35
12 30
12 34
15 28
15 36
16 28
16 36
19 30
19 34
14 28
14 36
17 28
17 36
11 31
11 33
12 29
12 35
19 29
19 35
13 28
13 36
18 28
18 36
11 30
11 34
15 27
15 37
16 27
16 37
14 27
14 37
17 27
17 37
12 28
12 36
19 28
19 36
11 29
11 35
13 27
13 37
18 27
18 37
11 28
11 36
15 26
16 26
12 27
12 37
19 27
19 37
14 26
17 26
13 26
18 26
11 27
11 37
12 26
19 26
11 26
0
Yes
20 27
20 28
20 29
20 30
20 31
20 32
20 33
20 34
20 35
20 36
21 27
21 28
21 29
21 30
21 31
21 32
21 33
21 34
21 35
21 36
22 27
22 28
22 29
22 30
22 31
22 32
22 33
22 34
22 35
22 36
23 27
23 28
23 29
23 30
23 31
23 32
23 33
23 34
23 35
23 36
24 27
24 28
24 29
24 30
24 31
24 32
24 33
24 34
24 35
24 36
25 27
25 28
25 29
25 30
25 31
25 32
25 33
25 34
25 35
25 36
26 27
26 28
26 29
26 30
26 31
26 32
26 33
26 34
26 35
26 36
27 27
27 28
27 29
27 30
27 31
27 32
27 33
27 34
27 35
27 36
28 27
28 28
28 29
28 30
28 31
28 32
28 33
28 34
28 35
28 36
29 27
29 28
29 29
29 30
29 31
29 32
29 33
29 34
29 35
29 36
0
Yes
14 11
14 12
14 13
15 11
15 12
15 13
16 11
16 12
16 13
0
Yes
39 5
39 6
39 7
39 8
40 5
40 6
40 7
40 8
41 5
41 6
41 7
41 8
42 5
42 6
42 7
42 8
0
Yes
0 37
0 38
0 39
0 40
0 41
0 42
0 43
0 44
1 37
1 38
1 39
1 40
1 41
1 42
1 43
1 44
2 37
2 38
2 39
2 40
2 41
2 42
2 43
2 44
3 37
3 38
3 39
3 40
3 41
3 42
3 43
3 44
4 37
4 38
4 39
4 40
4 41
4 42
4 43
4 44
5 37
5 38
5 39
5 40
5 41
5 42
5 43
0
Yes
0 21
0 22
0 23
0 24
0 25
1 21
1 22
1 23
1 24
1 25
2 21
2 22
2 23
2 24
2 25
3 21
3 22
3 23
3 24
3 25
4 21
4 22
4 23
4 24
4 25
5 21
5 22
5 23
0
No
0
No
0
No
0
No
0
Yes
17 9
17 10
17 11
18 9
18 10
18 11
19 9
19 10
0
Yes
5 47
5 48
4 47
4 48
6 47
6 48
5 46
5 49
4 46
4 49
6 46
6 49
3 47
3 48
7 47
7 48
3 46
3 49
5 45
7 46
7 49
4 45
6 45
2 47
2 48
8 47
8 48
3 45
7 45
2 46
2 49
8 46
8 49
2 45
8 45
1 47
1 48
9 47
9 48
1 46
1 49
9 46
9 49
1 45
9 45
0 47
0 48
0 46
0 49
0 45
0
Yes
24 43
24 44
24 45
24 46
24 47
24 48
24 49
25 43
25 44
25 45
25 46
25 47
25 48
25 49
26 43
26 44
26 45
26 46
26 47
26 48
26 49
27 43
27 44
27 45
27 46
27 47
27 48
27 49
28 43
28 44
28 45
28 46
28 47
28 48
28 49
29 43
29 44
29 45
29 46
29 47
29 48
29 49
30 43
30 44
30 45
30 46
30 47
30 48
30 49
31 43
31 44
31 45
31 46
31 47
31 48
31 49
32 43
32 44
32 45
32 46
32 47
32 48
32 49
33 43
33 44
0
Yes
16 43
17 43
16 42
16 44
17 42
17 44
15 43
18 43
15 42
15 44
18 42
18 44
16 41
16 45
17 41
17 45
14 43
15 41
15 45
18 41
18 45
19 43
14 42
14 44
19 42
19 44
16 40
16 46
17 40
17 46
14 41
14 45
19 41
19 45
15 40
15 46
18 40
18 46
13 43
20 43
13 42
13 44
20 42
20 44
14 40
14 46
19 40
19 46
13 41
13 45
16 39
16 47
17 39
17 47
20 41
20 45
15 39
15 47
18 39
18 47
12 43
12 42
12 44
13 40
13 46
20 40
20 46
14 39
14 47
19 39
19 47
12 41
12 45
16 38
17 38
15 38
18 38
13 39
13 47
20 39
20 47
12 40
12 46
14 38
19 38
12 39
12 47
13 38
20 38
0
Yes
9 41
9 42
8 41
8 42
10 41
10 42
9 40
9 43
8 40
8 43
10 40
10 43
7 41
7 42
11 41
11 42
7 40
7 43
9 39
9 44
11 40
11 43
8 39
8 44
10 39
10 44
6 41
6 42
7 39
7 44
11 39
11 44
6 40
6 43
9 38
8 38
10 38
6 39
6 44
7 38
11 38
0
Yes
25 34
26 34
25 33
25 35
26 33
26 35
24 34
27 34
24 33
24 35
27 33
27 35
25 32
25 36
26 32
26 36
23 34
24 32
24 36
27 32
27 36
28 34
23 33
23 35
28 33
28 35
25 31
25 37
26 31
26 37
23 32
23 36
28 32
28 36
24 31
24 37
27 31
27 37
22 34
29 34
22 33
22 35
29 33
29 35
23 31
23 37
28 31
28 37
22 32
22 36
25 30
25 38
26 30
26 38
29 32
29 36
24 30
24 38
27 30
27 38
21 34
30 34
21 33
21 35
22 31
22 37
29 31
29 37
30 33
30 35
23 30
23 38
28 30
28 38
21 32
21 36
30 32
30 36
25 29
26 29
24 29
27 29
22 30
22 38
29 30
29 38
21 31
21 37
30 31
30 37
20 34
20 33
20 35
23 29
28 29
20 32
20 36
21 30
21 38
30 30
30 38
22 29
29 29
20 31
20 37
21 29
30 29
20 30
20 29
0
Yes
14 49
13 49
14 48
15 49
13 48
15 48
12 49
12 48
0
Yes
20 16
20 17
20 18
20 19
20 20
20 21
20 22
20 23
20 24
20 25
20 26
20 27
20 28
21 16
21 17
21 18
21 19
21 20
21 21
21 22
21 23
21 24
21 25
21 26
21 27
21 28
22 16
22 17
22 18
22 19
22 20
22 21
22 22
22 23
22 24
22 25
22 26
22 27
22 28
23 16
23 17
23 18
23 19
23 20
23 21
23 22
23 23
23 24
23 25
23 26
23 27
23 28
24 16
24 17
24 18
24 19
24 20
24 21
24 22
24 23
24 24
24 25
24 26
24 27
24 28
25 16
25 17
25 18
25 19
25 20
25 21
25 22
25 23
25 24
25 25
25 26
25 27
25 28
26 16
26 17
26 18
26 19
26 20
26 21
26 22
26 23
26 24
26 25
26 26
26 27
26 28
27 16
27 17
27 18
27 19
27 20
27 21
27 22
27 23
27 24
27 25
27 26
27 27
27 28
28 16
28 17
28 18
28 19
28 20
28 21
28 22
28 23
28 24
28 25
28 26
28 27
28 28
0
Yes
22 47
23 47
22 46
21 47
21 46
0
No
0
Yes
35 24
34 24
34 23
35 23
34 22
35 22
36 22
36 23
36 24
33 22
33 23
33 24
36 25
35 25
34 25
33 25
37 24
37 23
37 22
37 25
36 21
35 21
34 21
33 21
37 21
32 24
32 23
32 22
32 25
32 21
34 26
33 26
32 26
35 20
34 20
36 20
33 20
37 20
32 20
31 23
31 24
31 22
31 25
31 21
31 26
31 20
33 27
32 27
34 27
31 27
34 19
35 19
33 19
36 19
32 19
31 19
37 19
30 24
30 23
30 25
30 22
30 21
30 26
30 20
30 27
30 19
34 28
33 28
32 28
31 28
30 28
35 18
34 18
33 18
32 18
31 18
30 18
36 18
29 23
29 24
29 25
29 22
29 26
29 21
29 20
29 19
29 18
29 27
29 28
33 29
32 29
31 29
34 29
34 30
33 30
0
Yes
37 33
36 33
36 32
37 32
36 31
37 31
38 31
38 32
38 33
35 31
35 32
35 33
38 34
37 34
36 34
35 34
39 33
39 32
39 34
39 31
38 30
37 30
36 30
35 30
39 30
34 33
34 32
34 31
34 34
34 30
37 35
36 35
38 35
35 35
39 35
34 35
40 32
40 33
40 34
40 31
40 35
40 30
37 29
36 29
38 29
35 29
39 29
34 29
40 29
33 32
33 33
33 31
33 34
33 30
33 29
33 35
36 36
37 36
38 36
35 36
39 36
34 36
40 36
41 33
41 32
41 34
41 31
41 35
41 30
41 36
41 29
36 28
37 28
38 28
35 28
39 28
34 28
40 28
33 28
41 28
32 33
32 32
32 31
32 30
32 34
32 29
32 28
37 37
36 37
38 37
39 37
35 37
40 37
34 37
41 37
42 32
42 33
42 34
42 31
42 35
42 30
42 36
42 29
42 37
42 28
37 27
36 27
38 27
35 27
39 27
34 27
40 27
33 27
41 27
32 27
42 27
31 32
31 31
31 30
31 29
31 33
31 28
31 27
31 34
36 38
35 38
34 38
37 38
43 33
43 32
43 34
43 31
43 35
43 30
43 29
43 28
43 27
43 36
43 37
36 26
37 26
38 26
35 26
39 26
34 26
0
Yes
1 34
1 35
0 35
2 35
2 34
2 33
3 34
3 33
3 35
0 36
1 36
2 36
3 36
4 33
4 34
4 35
4 36
4 32
5 34
5 33
5 35
5 32
5 36
5 31
4 31
3 31
3 30
4 30
5 30
2 30
2 31
2 29
3 29
4 29
5 29
6 33
6 34
6 35
6 32
6 31
6 30
6 36
6 29
6 37
7 34
7 33
7 35
7 32
7 36
7 31
7 30
7 37
7 29
3 28
4 28
5 28
6 28
2 28
7 28
1 28
1 27
2 27
3 27
4 27
5 27
6 27
7 27
0 27
0 28
0 29
8 33
8 34
8 35
8 36
8 37
8 31
8 30
8 29
8 28
8 27
9 34
9 35
9 36
9 37
0 26
1 26
2 26
3 26
4 26
5 26
6 26
7 26
8 26
9 30
9 29
9 28
9 27
9 31
9 26
1 25
2 25
3 25
4 25
5 25
6 25
7 25
8 25
0 25
10 35
10 36
10 37
0 24
1 24
2 24
3 24
4 24
5 24
6 24
7 24
8 24
10 29
10 28
10 27
10 26
1 23
2 23
3 23
4 23
5 23
0 23
0
No
0
Yes
30 39
30 40
30 41
30 42
31 39
31 40
31 41
31 42
0
No
0
No
0
No
0
Yes
35 40
35 41
34 40
34 41
36 40
36 41
35 39
34 39
36 39
33 40
33 41
0
No
0
Yes
0 20
0 21
1 21
1 20
2 21
2 20
2 22
1 22
0 22
3 22
3 21
3 20
4 20
4 21
4 22
5 21
5 20
5 22
4 19
3 19
2 19
5 19
2 18
3 18
4 18
5 18
3 17
4 17
2 17
5 17
2 16
3 16
4 16
5 16
3 15
4 15
2 15
5 15
2 14
3 14
4 14
5 14
6 15
6 16
6 17
6 14
3 13
4 13
5 13
2 13
6 13
1 13
1 14
1 15
0 15
0 14
0 13
7 17
7 16
7 15
7 14
7 13
0 12
1 12
2 12
3 12
4 12
5 12
6 12
7 12
8 16
8 15
8 14
8 13
8 17
8 12
5 11
6 11
9 15
9 14
9 13
9 12
10 14
10 13
10 15
10 12
11 15
11 14
11 13
11 12
11 11
10 11
9 11
0
No
0
No
0
Yes
41 43
40 43
41 42
41 44
40 42
40 44
41 41
40 41
0
Yes
40 49
39 49
39 48
40 48
39 47
40 47
38 47
38 48
38 49
38 46
0
Yes
0 45
0 46
1 46
1 45
2 46
2 45
2 47
1 47
0 47
0 48
1 48
2 48
3 47
3 46
3 45
3 48
1 49
2 49
3 49
0 49
4 45
4 46
4 47
0
No
0
Yes
23 0
23 1
23 2
24 0
24 1
24 2
25 0
25 1
25 2
26 0
26 1
26 2
27 0
27 1
0
No
0
Yes
47 34
47 35
46 34
46 35
48 34
48 35
47 33
47 36
46 33
46 36
48 33
48 36
45 34
45 35
49 34
49 35
45 33
45 36
47 32
47 37
49 33
49 36
46 32
46 37
48 32
48 37
44 34
44 35
45 32
45 37
49 32
49 37
44 33
44 36
47 31
46 31
48 31
44 32
44 37
45 31
49 31
0
No
0
Yes
13 21
14 21
13 20
13 22
14 20
14 22
12 21
15 21
12 20
12 22
15 20
15 22
13 19
13 23
14 19
14 23
11 21
12 19
12 23
15 19
15 23
16 21
11 20
11 22
16 20
16 22
13 18
13 24
14 18
14 24
11 19
11 23
16 19
16 23
12 18
12 24
15 18
15 24
10 21
17 21
10 20
10 22
17 20
17 22
11 18
11 24
16 18
16 24
10 19
10 23
13 17
13 25
14 17
14 25
17 19
17 23
12 17
12 25
15 17
15 25
9 21
9 20
9 22
10 18
10 24
17 18
17 24
11 17
11 25
16 17
16 25
9 19
9 23
13 16
14 16
12 16
15 16
10 17
10 25
17 17
17 25
9 18
9 24
11 16
16 16
9 17
9 25
10 16
17 16
0
Yes
25 37
26 37
25 36
25 38
26 36
26 38
24 37
27 37
24 36
24 38
27 36
27 38
25 35
25 39
26 35
26 39
23 37
24 35
24 39
27 35
27 39
28 37
23 36
23 38
28 36
28 38
25 34
25 40
26 34
26 40
23 35
23 39
28 35
28 39
24 34
24 40
27 34
27 40
22 37
29 37
22 36
22 38
29 36
29 38
23 34
23 40
28 34
28 40
22 35
22 39
25 33
26 33
29 35
29 39
24 33
27 33
21 37
30 37
21 36
21 38
22 34
22 40
29 34
29 40
30 36
30 38
23 33
28 33
21 35
21 39
30 35
30 39
22 33
29 33
21 34
21 40
30 34
30 40
20 37
20 36
20 35
21 33
30 33
20 34
20 33
0
Yes
8 22
7 22
8 21
8 23
7 21
7 23
8 20
0
No
0
No
0
No
0
Yes
38 47
38 46
39 46
39 47
40 46
40 47
40 48
39 48
38 48
38 49
39 49
40 49
39 45
40 45
0
No
0
Yes
0 37
0 38
1 38
1 37
2 38
2 37
2 39
1 39
0 39
0 40
1 40
2 40
3 39
3 38
3 37
3 40
1 41
2 41
0 41
3 41
4 37
4 38
4 39
4 40
4 41
0 42
1 42
2 42
3 42
4 42
5 38
5 39
5 40
5 41
5 42
5 37
1 43
2 43
3 43
4 43
0 43
5 43
0 44
1 44
2 44
3 44
4 44
5 44
1 45
2 45
3 45
4 45
0 45
5 45
0 46
1 46
2 46
3 46
4 46
5 46
6 45
6 46
6 47
5 47
4 47
3 47
2 47
1 47
0 47
7 47
7 46
7 45
7 48
6 48
5 48
4 48
3 48
2 48
1 48
0 48
8 45
8 46
8 47
8 48
8 49
7 49
6 49
5 49
4 49
3 49
2 49
1 49
0 49
9 46
9 47
9 48
9 45
9 49
10 45
10 46
10 47
0
Yes
29 47
28 47
29 46
29 48
30 47
28 46
28 48
30 46
30 48
27 47
29 45
29 49
31 47
27 46
27 48
28 45
28 49
30 45
30 49
31 46
31 48
27 45
27 49
31 45
31 49
26 47
29 44
32 47
26 46
26 48
28 44
30 44
32 46
32 48
26 45
26 49
27 44
31 44
32 45
32 49
25 47
33 47
25 46
25 48
33 46
33 48
26 44
32 44
25 45
25 49
33 45
33 49
24 47
25 44
33 44
24 46
24 48
24 45
24 49
0
No
0
No
0
No
0
No
0
No
0
Yes
9 4
8 4
8 3
9 3
8 2
9 2
7 2
7 3
7 4
6 4
6 3
6 2
7 1
8 1
9 1
6 1
5 3
5 2
5 4
5 1
9 0
8 0
7 0
6 0
0
No
0
No
0
Yes
44 19
44 18
43 18
45 18
45 19
45 17
44 17
43 17
44 16
43 16
45 16
45 15
44 15
43 15
42 16
42 17
42 18
42 15
46 16
46 17
46 18
46 15
44 14
43 14
45 14
42 14
46 14
41 18
41 17
41 16
41 15
41 14
47 18
47 17
47 16
47 15
47 14
43 13
44 13
45 13
42 13
46 13
41 13
47 13
40 17
40 16
40 15
40 14
40 18
40 13
48 17
48 16
48 15
48 14
48 18
48 13
44 12
43 12
45 12
42 12
46 12
41 12
47 12
40 12
48 12
39 18
39 17
39 16
39 15
39 14
39 13
39 12
49 18
49 17
49 16
49 15
49 14
49 13
49 12
43 11
44 11
45 11
42 11
46 11
41 11
47 11
40 11
48 11
39 11
49 11
38 17
38 16
38 15
38 14
38 13
38 12
38 18
38 11
44 10
43 10
45 10
42 10
46 10
41 10
47 10
40 10
48 10
39 10
49 10
38 10
37 18
37 17
37 16
37 15
37 14
37 13
37 12
37 11
37 10
43 9
44 9
45 9
42 9
46 9
41 9
47 9
40 9
39 9
38 9
37 9
48 9
49 9
36 17
36 16
36 15
36 14
36 13
36 12
36 11
36 10
36 18
36 9
36 19
37 19
38 19
0
Yes
2 25
1 25
1 24
2 24
1 23
2 23
3 23
3 24
3 25
0 23
0 24
0 25
3 26
2 26
1 26
0 26
4 25
4 24
4 26
4 23
2 27
1 27
3 27
0 27
4 27
5 24
5 25
5 26
5 27
5 23
1 28
2 28
3 28
4 28
5 28
0 28
6 25
6 26
6 24
6 27
0
Yes
2 47
1 47
2 46
2 48
3 47
1 46
1 48
3 46
3 48
0 47
2 45
2 49
0 46
0 48
1 45
1 49
3 45
3 49
0 45
0 49
2 44
1 44
3 44
0 44
0
Yes
7 49
6 49
6 48
7 48
6 47
7 47
8 47
8 48
8 49
5 47
5 48
5 49
9 49
9 48
9 47
8 46
7 46
6 46
5 46
9 46
4 49
4 48
4 47
4 46
10 48
10 47
10 49
10 46
7 45
6 45
8 45
5 45
9 45
4 45
10 45
11 45
11 46
11 47
11 48
11 49
6 44
7 44
8 44
9 44
5 44
10 44
4 44
11 44
7 43
6 43
8 43
9 43
5 43
10 43
4 43
11 43
6 42
7 42
8 42
9 42
5 42
10 42
4 42
11 42
7 41
6 41
8 41
9 41
5 41
10 41
4 41
11 41
6 40
7 40
8 40
9 40
5 40
0
Yes
38 31
38 32
38 33
38 34
38 35
38 36
38 37
39 31
39 32
39 33
39 34
39 35
39 36
39 37
40 31
40 32
40 33
40 34
40 35
40 36
40 37
41 31
41 32
41 33
41 34
41 35
41 36
41 37
42 31
42 32
42 33
42 34
42 35
42 36
42 37
43 31
43 32
43 33
43 34
43 35
43 36
43 37
44 31
0
Yes
5 36
5 37
6 36
6 37
4 36
4 37
5 35
5 38
6 35
6 38
7 36
7 37
4 35
4 38
7 35
7 38
3 36
3 37
5 34
5 39
6 34
6 39
8 36
8 37
3 35
3 38
4 34
4 39
7 34
7 39
8 35
8 38
2 36
2 37
3 34
3 39
5 33
6 33
8 34
8 39
9 36
9 37
2 35
2 38
4 33
7 33
9 35
9 38
2 34
2 39
3 33
8 33
9 34
9 39
1 36
1 37
1 35
1 38
2 33
1 34
1 39
0
Yes
23 0
23 1
23 2
24 0
24 1
24 2
25 0
25 1
25 2
26 0
26 1
26 2
27 0
27 1
0
Yes
36 36
35 36
36 35
36 37
37 36
35 35
35 37
37 35
37 37
34 36
36 34
36 38
34 35
34 37
35 34
35 38
37 34
37 38
34 34
34 38
36 33
35 33
37 33
34 33
0
Yes
21 41
21 42
21 43
22 41
22 42
22 43
23 41
23 42
23 43
24 41
24 42
0
Yes
14 49
13 49
14 48
15 49
13 48
15 48
12 49
12 48
0
Yes
0 43
0 42
1 42
1 43
2 42
2 43
2 41
1 41
0 41
0 40
1 40
2 40
3 41
3 40
3 42
3 43
1 39
2 39
0 39
0
No
0
Yes
44 9
44 10
44 11
44 12
44 13
44 14
44 15
44 16
44 17
44 18
45 9
45 10
45 11
45 12
45 13
45 14
45 15
45 16
45 17
45 18
46 9
46 10
46 11
46 12
46 13
46 14
46 15
46 16
46 17
46 18
47 9
47 10
47 11
47 12
47 13
47 14
47 15
47 16
47 17
47 18
48 9
48 10
48 11
48 12
48 13
48 14
48 15
48 16
48 17
48 18
49 9
49 10
49 11
49 12
49 13
49 14
49 15
49 16
49 17
49 18
0
No
0
Yes
40 19
40 20
40 21
40 22
40 23
40 24
40 25
40 26
40 27
40 28
40 29
40 30
41 19
41 20
41 21
41 22
41 23
41 24
41 25
41 26
41 27
41 28
41 29
41 30
42 19
42 20
42 21
42 22
42 23
42 24
42 25
42 26
42 27
42 28
42 29
42 30
43 19
43 20
43 21
43 22
43 23
43 24
43 25
43 26
43 27
43 28
43 29
43 30
44 19
44 20
44 21
44 22
44 23
44 24
44 25
44 26
44 27
44 28
44 29
44 30
45 19
45 20
45 21
45 22
45 23
45 24
45 25
45 26
45 27
45 28
45 29
45 30
46 19
46 20
46 21
46 22
46 23
46 24
46 25
46 26
46 27
46 28
46 29
46 30
47 19
47 20
47 21
47 22
47 23
47 24
47 25
47 26
47 27
47 28
47 29
47 30
48 19
48 20
48 21
48 22
48 23
48 24
48 25
48 26
48 27
48 28
48 29
48 30
49 19
49 20
49 21
49 22
49 23
49 24
49 25
0
Yes
20 26
20 27
20 28
20 29
20 30
20 31
20 32
21 26
21 27
21 28
21 29
21 30
21 31
21 32
22 26
22 27
22 28
22 29
22 30
22 31
22 32
23 26
23 27
23 28
23 29
23 30
23 31
23 32
24 26
24 27
24 28
24 29
24 30
24 31
24 32
25 26
25 27
25 28
25 29
25 30
25 31
25 32
26 26
26 27
26 28
26 29
26 30
26 31
26 32
27 26
27 27
27 28
27 29
27 30
27 31
27 32
28 26
28 27
28 28
28 29
28 30
28 31
28 32
29 26
29 27
29 28
29 29
29 30
29 31
29 32
30 26
30 27
30 28
30 29
30 30
0
Yes
7 21
7 22
7 23
7 24
7 25
8 21
8 22
8 23
8 24
8 25
0
Yes
18 19
18 20
18 21
18 22
18 23
18 24
18 25
19 19
19 20
19 21
19 22
19 23
19 24
19 25
20 19
20 20
20 21
20 22
20 23
20 24
20 25
21 19
21 20
21 21
21 22
21 23
21 24
21 25
22 19
22 20
22 21
22 22
22 23
0
No
0
Yes
0 35
0 36
1 36
1 35
2 36
2 35
2 37
1 37
0 37
0 38
1 38
2 38
3 37
3 36
3 35
3 38
3 34
2 34
1 34
4 35
4 36
4 37
4 34
4 38
4 33
3 33
2 33
5 34
5 35
5 36
5 37
5 33
5 38
6 35
6 36
6 34
6 37
6 33
6 38
0
Yes
5 47
4 47
4 46
5 46
4 45
5 45
6 45
6 46
6 47
6 48
5 48
4 48
7 47
7 46
7 48
7 45
6 44
5 44
4 44
7 44
5 49
6 49
7 49
4 49
8 46
8 47
8 48
8 45
8 49
8 44
5 43
6 43
7 43
4 43
8 43
9 47
9 46
9 45
9 48
9 44
9 49
9 43
4 42
5 42
6 42
7 42
8 42
9 42
10 46
10 47
10 45
10 44
10 48
10 43
10 49
10 42
5 41
6 41
7 41
8 41
9 41
4 41
10 41
11 47
11 46
11 45
11 44
11 43
11 42
11 41
11 48
11 49
4 40
5 40
0
Yes
15 11
15 12
15 13
16 11
16 12
16 13
17 11
0
Yes
42 19
42 20
42 21
42 22
42 23
42 24
42 25
42 26
42 27
42 28
42 29
42 30
43 19
43 20
43 21
43 22
43 23
43 24
43 25
43 26
43 27
43 28
43 29
43 30
44 19
44 20
44 21
44 22
44 23
44 24
44 25
44 26
44 27
44 28
44 29
44 30
45 19
45 20
45 21
45 22
45 23
45 24
45 25
45 26
45 27
45 28
45 29
45 30
46 19
46 20
46 21
46 22
46 23
46 24
46 25
46 26
46 27
46 28
46 29
46 30
47 19
47 20
47 21
47 22
47 23
47 24
47 25
47 26
47 27
47 28
47 29
47 30
48 19
48 20
48 21
48 22
48 23
48 24
48 25
48 26
48 27
48 28
48 29
48 30
49 19
49 20
49 21
49 22
49 23
49 24
49 25
49 26
49 27
0
Yes
31 21
31 22
31 23
31 24
31 25
31 26
31 27
31 28
31 29
31 30
32 21
32 22
32 23
32 24
32 25
32 26
32 27
32 28
32 29
32 30
33 21
33 22
33 23
33 24
33 25
33 26
33 27
33 28
33 29
33 30
34 21
34 22
34 23
34 24
34 25
34 26
34 27
34 28
34 29
34 30
35 21
35 22
35 23
35 24
35 25
35 26
35 27
35 28
35 29
35 30
36 21
36 22
36 23
36 24
36 25
36 26
36 27
36 28
36 29
36 30
37 21
37 22
37 23
37 24
37 25
37 26
37 27
37 28
37 29
37 30
38 21
38 22
38 23
38 24
38 25
38 26
38 27
38 28
38 29
38 30
39 21
39 22
39 23
39 24
39 25
39 26
39 27
39 28
39 29
39 30
40 21
40 22
40 23
40 24
40 25
40 26
40 27
40 28
40 29
40 30
41 21
41 22
41 23
41 24
41 25
41 26
41 27
0
No
0
No
0
No
0
No
0
Yes
32 8
32 9
32 10
32 11
32 12
32 13
32 14
32 15
32 16
32 17
32 18
32 19
32 20
33 8
33 9
33 10
33 11
33 12
33 13
33 14
33 15
33 16
33 17
33 18
33 19
33 20
34 8
34 9
34 10
34 11
34 12
34 13
34 14
34 15
34 16
34 17
34 18
34 19
34 20
35 8
35 9
35 10
35 11
35 12
35 13
35 14
35 15
35 16
35 17
35 18
35 19
35 20
36 8
36 9
36 10
36 11
36 12
36 13
36 14
36 15
36 16
36 17
36 18
36 19
36 20
37 8
37 9
37 10
37 11
37 12
37 13
37 14
37 15
37 16
37 17
37 18
37 19
37 20
38 8
38 9
38 10
38 11
38 12
38 13
38 14
38 15
38 16
38 17
38 18
38 19
38 20
39 8
39 9
39 10
39 11
39 12
39 13
39 14
39 15
39 16
39 17
39 18
39 19
39 20
40 8
40 9
40 10
40 11
40 12
40 13
40 14
40 15
40 16
40 17
40 18
40 19
40 20
41 8
41 9
41 10
41 11
41 12
41 13
41 14
41 15
41 16
41 17
41 18
41 19
41 20
0
No
0
Yes
46 2
45 2
45 1
46 1
45 0
46 0
47 0
47 1
47 2
44 0
44 1
44 2
47 3
46 3
45 3
44 3
48 2
48 1
48 3
48 0
43 2
43 1
43 3
43 0
46 4
45 4
47 4
44 4
48 4
43 4
49 1
49 2
49 3
49 4
49 0
42 1
42 2
42 3
42 4
42 0
45 5
46 5
47 5
44 5
48 5
43 5
49 5
42 5
46 6
45 6
47 6
44 6
48 6
43 6
49 6
42 6
41 6
41 5
41 4
45 7
46 7
47 7
44 7
43 7
48 7
42 7
49 7
41 7
46 8
45 8
47 8
44 8
48 8
43 8
42 8
49 8
40 7
40 6
40 5
45 9
46 9
47 9
44 9
48 9
43 9
49 9
42 9
39 5
39 6
39 7
46 10
45 10
47 10
44 10
48 10
43 10
49 10
42 10
45 11
46 11
47 11
44 11
48 11
43 11
49 11
42 11
0
Yes
47 48
47 49
46 48
46 49
48 48
48 49
47 47
46 47
48 47
45 48
45 49
49 48
49 49
45 47
49 47
44 48
44 49
0
Yes
49 13
48 13
48 12
49 12
48 14
49 14
47 14
47 13
47 12
47 15
48 15
49 15
46 13
46 14
46 12
46 15
49 16
48 16
47 16
46 16
45 12
45 13
45 14
45 15
45 16
48 17
47 17
46 17
49 17
45 17
44 13
44 14
44 15
44 16
44 12
44 17
49 18
48 18
47 18
46 18
45 18
44 18
43 12
43 13
43 14
0
Yes
29 42
29 43
28 42
28 43
30 42
30 43
29 41
28 41
30 41
27 42
27 43
31 42
31 43
27 41
31 41
26 42
26 43
26 41
0
No
0
Yes
8 45
8 46
7 45
7 46
9 45
9 46
8 44
8 47
7 44
7 47
9 44
9 47
6 45
6 46
10 45
10 46
6 44
6 47
8 43
8 48
10 44
10 47
7 43
7 48
9 43
9 48
5 45
5 46
11 45
11 46
6 43
6 48
10 43
10 48
5 44
5 47
11 44
11 47
8 42
8 49
7 42
7 49
9 42
9 49
5 43
5 48
11 43
11 48
4 45
4 46
6 42
6 49
10 42
10 49
4 44
4 47
8 41
5 42
5 49
7 41
9 41
11 42
11 49
4 43
4 48
6 41
10 41
4 42
4 49
5 41
11 41
0
Yes
42 48
42 49
43 48
43 49
41 48
41 49
42 47
43 47
41 47
0
No
0
Yes
26 19
27 19
26 18
26 20
27 18
27 20
25 19
28 19
25 18
25 20
28 18
28 20
26 17
26 21
27 17
27 21
24 19
25 17
25 21
28 17
28 21
29 19
24 18
24 20
29 18
29 20
26 16
26 22
27 16
27 22
24 17
24 21
29 17
29 21
25 16
25 22
28 16
28 22
23 19
30 19
23 18
23 20
30 18
30 20
24 16
24 22
29 16
29 22
23 17
23 21
26 15
26 23
27 15
27 23
30 17
30 21
25 15
25 23
28 15
28 23
22 19
22 18
22 20
23 16
23 22
30 16
30 22
24 15
24 23
29 15
29 23
22 17
22 21
26 14
26 24
27 14
27 24
25 14
25 24
28 14
28 24
23 15
23 23
30 15
30 23
22 16
22 22
24 14
24 24
29 14
29 24
22 15
22 23
26 13
26 25
27 13
27 25
23 14
23 24
30 14
30 24
25 13
25 25
28 13
28 25
24 13
24 25
29 13
29 25
22 14
22 24
23 13
23 25
30 13
30 25
26 12
27 12
25 12
28 12
24 12
29 12
22 13
2
705
14 17
14 18
14 19
14 20
14 21
14 22
14 23
14 24
14 25
15 17
15 18
15 19
15 20
15 21
15 22
15 23
15 24
15 25
16 17
16 18
16 19
16 20
16 21
16 22
16 23
16 24
16 25
17 17
17 18
17 19
17 20
17 21
17 22
17 23
17 24
17 25
18 17
18 18
18 19
18 20
18 21
18 22
18 23
18 24
18 25
19 17
19 18
19 19
19 20
19 21
19 22
19 23
19 24
19 25
20 17
20 18
20 19
20 20
20 21
20 22
20 23
20 24
20 25
21 17
21 18
21 19
21 20
21 21
21 22
21 23
21 24
680
0 45
0 46
0 47
0 48
0 49
1 45
1 46
1 47
1 48
1 49
2 45
2 46
2 47
2 48
2 49
3 45
3 46
3 47
3 48
Yes
0 35
0 36
0 37
0 38
0 39
0 40
0 41
0 42
0 43
0 44
1 35
1 36
1 37
1 38
1 39
1 40
1 41
1 42
1 43
1 44
2 35
2 36
2 37
2 38
2 39
2 40
2 41
2 42
2 43
2 44
3 35
3 36
3 37
3 38
3 39
3 40
3 41
3 42
3 43
3 44
4 35
4 36
4 37
4 38
4 39
4 40
4 41
4 42
4 43
4 44
5 35
5 36
5 37
5 38
5 39
5 40
5 41
5 42
5 43
5 44
6 35
6 36
6 37
6 38
6 39
6 40
6 41
6 42
6 43
6 44
7 35
7 36
7 37
7 38
7 39
7 40
7 41
7 42
7 43
7 44
8 35
8 36
8 37
8 38
8 39
8 40
8 41
8 42
8 43
8 44
9 35
9 36
9 37
9 38
9 39
9 40
9 41
9 42
9 43
9 44
10 35
10 36
0
Yes
15 8
15 7
14 7
16 7
16 8
16 6
15 6
14 6
17 6
17 7
17 8
15 5
16 5
14 5
17 5
18 8
18 7
18 6
18 5
14 4
15 4
16 4
17 4
18 4
19 7
19 6
19 5
19 8
19 4
15 3
16 3
17 3
18 3
19 3
14 3
20 8
20 7
20 6
20 5
20 4
20 3
19 9
18 9
17 9
20 9
16 2
17 2
18 2
19 2
20 2
15 2
21 7
21 6
21 5
21 4
21 8
21 3
21 9
21 2
17 10
18 10
19 10
17 1
18 1
19 1
16 1
20 1
21 1
22 8
22 7
22 9
22 4
22 3
22 2
22 1
16 0
17 0
18 0
19 0
20 0
21 0
22 0
23 9
23 8
23 7
13 6
13 7
24 9
24 8
24 10
23 10
22 10
25 10
25 9
25 8
26 10
26 9
26 11
25 11
24 11
27 11
27 10
27 9
13 4
18 11
15 0
13 8
12 7
23 4
13 9
0
No
0
Yes
49 7
48 7
48 6
49 6
48 5
49 5
47 5
47 6
47 7
47 8
48 8
49 8
46 7
46 6
46 8
46 5
47 4
48 4
49 4
46 4
49 9
48 9
47 9
46 9
45 6
45 7
45 8
45 5
45 9
45 4
49 3
48 3
47 3
46 3
45 3
48 10
47 10
46 10
49 10
45 10
44 7
44 6
44 8
44 5
44 9
44 4
44 10
44 3
48 2
47 2
46 2
45 2
49 2
44 2
49 11
48 11
47 11
46 11
45 11
44 11
43 6
43 7
43 8
43 5
43 9
43 4
43 10
43 3
43 11
43 2
49 1
48 1
47 1
46 1
45 1
44 1
43 1
42 7
42 6
42 8
42 5
42 9
42 4
42 3
42 10
42 2
42 1
42 11
42 0
43 0
44 0
45 0
46 0
47 0
48 0
49 0
41 6
41 7
41 5
41 4
40 5
0
No
0
Yes
4 26
3 26
3 25
4 25
3 24
4 24
5 24
5 25
5 26
2 24
2 25
2 26
5 27
4 27
3 27
2 27
6 26
6 25
6 27
6 24
5 23
4 23
3 23
2 23
1 26
1 25
1 24
1 27
1 23
4 28
3 28
5 28
2 28
6 28
1 28
7 25
7 26
7 27
7 24
7 28
4 22
3 22
2 22
5 22
1 22
0 25
0 26
0 24
0 27
0 23
0 22
0 28
3 29
4 29
5 29
2 29
6 29
7 29
8 26
8 27
8 25
8 28
8 24
8 29
3 21
2 21
4 21
1 21
5 21
0 21
4 30
5 30
6 30
3 30
7 30
2 30
8 30
9 25
9 26
9 27
9 28
9 29
9 24
9 30
4 20
3 20
2 20
5 20
1 20
0 20
3 31
4 31
5 31
6 31
7 31
8 31
2 31
9 31
9 23
8 23
7 23
10 26
10 25
10 27
10 24
10 23
10 28
0
No
0
Yes
34 4
34 5
35 4
35 5
33 4
33 5
34 3
34 6
35 3
35 6
36 4
36 5
33 3
33 6
36 3
36 6
32 4
32 5
34 2
34 7
35 2
35 7
37 4
37 5
32 3
32 6
33 2
33 7
36 2
36 7
37 3
37 6
31 4
31 5
32 2
32 7
34 1
35 1
37 2
37 7
31 3
31 6
33 1
36 1
31 2
31 7
32 1
37 1
31 1
0
Yes
38 6
38 7
39 6
39 7
40 6
40 7
0
No
0
Yes
17 43
16 43
17 42
17 44
18 43
16 42
16 44
18 42
18 44
15 43
17 41
17 45
19 43
15 42
15 44
16 41
16 45
18 41
18 45
19 42
19 44
15 41
15 45
19 41
19 45
14 43
17 40
17 46
20 43
14 42
14 44
16 40
16 46
18 40
18 46
20 42
20 44
14 41
14 45
15 40
15 46
19 40
19 46
20 41
20 45
13 43
17 39
17 47
13 42
13 44
16 39
16 47
18 39
18 47
14 40
14 46
20 40
20 46
13 41
13 45
15 39
15 47
19 39
19 47
13 40
13 46
14 39
14 47
17 38
20 39
20 47
16 38
18 38
15 38
19 38
13 39
13 47
14 38
20 38
13 38
0
No
0
No
0
Yes
11 2
11 1
10 1
12 1
12 2
11 0
10 0
0
No
0
No
0
No
0
Yes
42 12
42 13
42 14
42 15
42 16
42 17
43 12
43 13
43 14
43 15
43 16
43 17
44 12
44 13
44 14
44 15
44 16
44 17
45 12
45 13
45 14
45 15
45 16
45 17
46 12
46 13
46 14
46 15
46 16
46 17
47 12
47 13
47 14
47 15
47 16
47 17
48 12
48 13
48 14
48 15
48 16
48 17
49 12
49 13
49 14
49 15
49 16
49 17
0
Yes
13 44
12 44
12 43
13 43
12 42
13 42
14 42
14 43
14 44
11 42
11 43
11 44
14 45
13 45
12 45
11 45
15 44
15 43
15 45
15 42
14 41
13 41
12 41
11 41
15 41
10 44
10 43
10 42
10 45
10 41
13 46
12 46
14 46
11 46
15 46
10 46
16 43
16 44
16 45
16 42
16 46
16 41
13 40
12 40
14 40
11 40
15 40
10 40
16 40
12 47
13 47
14 47
11 47
15 47
10 47
16 47
17 44
17 43
17 45
17 42
17 46
17 41
17 47
17 40
12 39
13 39
14 39
15 39
11 39
16 39
10 39
17 39
11 48
10 48
9 47
9 46
9 45
9 48
18 43
18 44
18 45
18 42
18 41
18 46
18 40
18 47
18 39
13 38
12 38
14 38
15 38
16 38
11 38
17 38
18 38
10 38
9 49
10 49
11 49
8 45
8 46
8 47
8 48
8 49
19 44
19 43
19 45
19 42
19 41
19 40
19 46
19 39
19 47
19 38
7 46
7 47
7 48
7 45
7 49
20 43
20 44
20 45
20 42
20 41
20 40
20 46
20 47
20 39
20 38
6 45
6 46
6 47
6 48
6 49
21 42
21 43
0
Yes
11 21
10 21
11 20
11 22
12 21
10 20
10 22
12 20
12 22
9 21
11 19
11 23
13 21
9 20
9 22
10 19
10 23
12 19
12 23
13 20
13 22
9 19
9 23
13 19
13 23
8 21
11 18
8 20
8 22
10 18
12 18
8 19
8 23
9 18
13 18
8 18
0
Yes
2 4
3 4
2 3
2 5
3 3
3 5
1 4
4 4
1 3
1 5
4 3
4 5
2 2
2 6
3 2
3 6
0 4
1 2
1 6
4 2
4 6
0 3
0 5
2 1
2 7
3 1
3 7
0 2
0 6
1 1
1 7
4 1
4 7
0 1
0 7
2 0
3 0
1 0
4 0
0
Yes
19 10
18 10
18 9
19 9
18 8
19 8
17 8
17 9
17 10
17 7
18 7
19 7
19 6
18 6
17 6
20 7
20 8
20 9
20 6
18 5
19 5
20 5
17 5
16 6
16 7
16 8
16 5
21 9
21 8
21 7
21 6
21 5
19 4
18 4
20 4
17 4
21 4
16 4
15 8
15 7
15 6
15 5
15 4
22 8
22 7
22 9
18 3
19 3
17 3
20 3
16 3
21 3
15 3
14 7
14 6
14 5
14 4
14 3
23 9
23 8
23 7
19 2
18 2
17 2
20 2
16 2
21 2
15 2
22 2
22 3
22 4
18 1
19 1
20 1
17 1
21 1
16 1
22 1
19 0
18 0
20 0
17 0
21 0
22 0
16 0
23 0
23 1
23 2
24 2
24 1
24 0
0
No
0
Yes
3 45
2 45
2 46
3 46
2 47
3 47
4 47
4 46
4 45
1 47
1 46
1 45
5 45
5 46
5 47
4 48
3 48
2 48
1 48
5 48
0 45
0 46
0 47
0 48
6 46
6 47
6 45
6 48
3 49
2 49
4 49
5 49
6 49
1 49
0 49
7 49
7 48
7 47
0
No
0
Yes
42 18
42 19
43 19
43 18
44 19
44 18
44 20
43 20
42 20
42 21
43 21
44 21
45 20
45 19
45 18
45 21
43 22
44 22
42 22
0
No
0
No
0
Yes
17 43
16 43
17 42
17 44
18 43
16 42
16 44
18 42
18 44
15 43
17 41
17 45
19 43
15 42
15 44
16 41
16 45
18 41
18 45
19 42
19 44
15 41
15 45
19 41
19 45
14 43
17 40
17 46
20 43
14 42
14 44
16 40
16 46
18 40
18 46
20 42
20 44
14 41
14 45
15 40
15 46
19 40
19 46
20 41
20 45
13 43
17 39
17 47
13 42
13 44
16 39
16 47
18 39
18 47
14 40
14 46
20 40
20 46
13 41
13 45
15 39
15 47
19 39
19 47
13 40
13 46
14 39
14 47
17 38
20 39
20 47
16 38
18 38
15 38
19 38
13 39
13 47
14 38
20 38
13 38
0
No
0
No
0
No
0
Yes
38 2
39 2
38 1
38 3
39 1
37 2
37 1
37 3
38 0
39 0
37 0
0
Yes
40 47
40 48
39 47
39 48
41 47
41 48
40 46
40 49
39 46
39 49
41 46
41 49
38 47
38 48
38 46
38 49
40 45
39 45
41 45
0
Yes
10 47
10 48
11 47
11 48
9 47
9 48
10 46
10 49
11 46
11 49
12 47
12 48
9 46
9 49
12 46
12 49
8 47
8 48
10 45
11 45
8 46
8 49
9 45
12 45
8 45
0
No
0
Yes
44 30
43 30
43 29
44 29
43 28
44 28
45 28
45 29
45 30
42 28
42 29
42 30
46 30
46 29
46 28
45 27
44 27
43 27
42 27
46 27
41 30
41 29
41 28
41 27
47 29
47 28
47 30
47 27
44 26
43 26
45 26
42 26
46 26
41 26
47 26
40 29
40 28
40 27
40 30
40 26
48 30
48 29
48 28
48 27
48 26
43 25
44 25
45 25
42 25
46 25
41 25
47 25
40 25
48 25
39 30
39 29
39 28
39 27
39 26
39 25
49 29
49 28
49 27
49 26
49 25
49 30
44 24
43 24
45 24
42 24
46 24
41 24
47 24
40 24
48 24
39 24
49 24
38 29
38 28
38 27
38 26
38 25
38 30
38 24
43 23
44 23
45 23
42 23
46 23
41 23
47 23
40 23
48 23
39 23
49 23
38 23
37 23
37 24
37 25
37 26
37 27
37 28
37 29
37 30
44 22
43 22
45 22
42 22
46 22
41 22
47 22
40 22
39 22
48 22
38 22
49 22
37 22
36 22
36 23
36 24
36 25
36 26
36 27
36 28
36 29
36 30
43 21
44 21
45 21
42 21
46 21
41 21
47 21
40 21
39 21
38 21
48 21
37 21
49 21
36 21
35 21
35 22
35 23
35 24
35 25
35 26
35 27
0
Yes
37 34
36 34
36 33
37 33
36 32
37 32
35 32
35 33
35 34
35 35
36 35
37 35
34 34
34 33
34 35
34 32
35 31
34 31
36 31
37 31
37 36
36 36
35 36
34 36
33 33
33 34
33 32
33 31
33 35
36 37
35 37
37 37
34 37
0
No
0
Yes
33 49
32 49
32 48
33 48
34 48
34 49
33 47
32 47
34 47
35 49
35 48
35 47
31 48
31 49
31 47
30 49
30 48
30 47
32 46
33 46
34 46
31 46
35 46
30 46
36 48
36 47
36 49
36 46
33 45
32 45
34 45
31 45
35 45
30 45
36 45
37 49
37 48
37 47
37 46
37 45
29 48
29 47
29 46
29 49
29 45
28 49
28 48
28 47
28 46
28 45
32 44
33 44
34 44
31 44
35 44
30 44
36 44
29 44
37 44
28 44
33 43
32 43
34 43
31 43
35 43
30 43
36 43
29 43
37 43
28 43
27 48
27 47
27 46
27 45
27 44
27 49
27 43
26 49
26 48
26 47
26 46
26 45
26 44
26 43
34 42
33 42
35 42
36 42
37 42
31 42
30 42
29 42
28 42
27 42
26 42
33 41
34 41
35 41
36 41
25 48
25 47
25 46
25 45
25 44
25 43
25 49
25 42
30 41
29 41
28 41
27 41
26 41
31 41
24 49
24 48
24 47
24 46
24 45
24 44
24 43
24 42
34 40
35 40
33 40
0
Yes
44 32
44 33
44 34
44 35
44 36
44 37
44 38
45 32
45 33
45 34
45 35
45 36
45 37
45 38
46 32
46 33
46 34
46 35
46 36
46 37
46 38
47 32
47 33
47 34
47 35
47 36
47 37
47 38
48 32
48 33
48 34
48 35
48 36
48 37
48 38
49 32
49 33
49 34
49 35
49 36
49 37
49 38
0
Yes
4 26
3 26
3 25
4 25
3 24
4 24
5 24
5 25
5 26
2 24
2 25
2 26
5 27
4 27
3 27
2 27
6 26
6 25
6 27
6 24
5 23
4 23
3 23
2 23
1 26
1 25
1 24
1 27
1 23
4 28
3 28
5 28
2 28
6 28
1 28
7 25
7 26
7 27
7 24
7 28
4 22
3 22
2 22
5 22
1 22
0 25
0 26
0 24
0 27
0 23
0 22
0 28
3 29
4 29
5 29
2 29
6 29
7 29
8 26
8 27
8 25
8 28
8 24
8 29
3 21
2 21
4 21
1 21
5 21
0 21
4 30
5 30
6 30
3 30
7 30
2 30
8 30
9 25
9 26
9 27
9 28
9 29
9 24
9 30
4 20
3 20
2 20
5 20
1 20
0 20
3 31
4 31
5 31
6 31
7 31
8 31
2 31
9 31
10 26
10 27
10 25
10 24
10 28
10 29
3 19
0
Yes
22 42
22 43
23 42
23 43
21 42
21 43
22 41
23 41
21 41
0
Yes
46 2
46 3
45 2
45 3
47 2
47 3
46 1
46 4
45 1
45 4
47 1
47 4
44 2
44 3
48 2
48 3
44 1
44 4
46 0
48 1
48 4
45 0
47 0
43 2
43 3
49 2
49 3
44 0
48 0
43 1
43 4
49 1
49 4
43 0
49 0
42 2
42 3
42 1
0
Yes
11 43
11 44
12 43
12 44
10 43
10 44
11 42
12 42
10 42
0
No
0
Yes
21 17
20 17
20 16
21 16
20 18
21 18
19 18
19 17
19 16
19 19
20 19
21 19
18 17
18 18
18 16
18 19
21 20
20 20
19 20
18 20
17 16
17 17
17 18
17 19
17 20
20 21
19 21
18 21
21 21
17 21
16 17
16 18
16 19
16 20
16 16
16 21
21 22
20 22
19 22
18 22
17 22
16 22
15 16
15 17
15 18
15 19
15 20
15 21
15 22
20 23
19 23
18 23
17 23
16 23
21 23
15 23
14 17
14 18
14 19
14 20
14 21
14 22
14 16
14 23
21 24
20 24
19 24
18 24
17 24
16 24
15 24
14 24
14 15
15 15
16 15
13 16
13 17
13 18
13 19
13 20
13 21
13 22
13 23
13 15
13 24
20 25
19 25
18 25
17 25
16 25
15 25
14 25
13 25
21 25
12 17
12 18
12 19
12 20
12 21
12 22
12 23
12 16
12 24
0
Yes
46 46
45 46
45 45
46 45
45 44
46 44
47 44
47 45
47 46
44 44
44 45
44 46
48 46
48 45
48 44
47 43
46 43
45 43
44 43
48 43
43 46
43 45
43 44
43 43
49 45
49 44
49 43
49 46
46 42
45 42
47 42
44 42
48 42
43 42
49 42
42 45
42 44
42 43
42 46
42 42
45 41
46 41
47 41
44 41
48 41
43 41
49 41
42 41
42 47
43 47
44 47
0
Yes
42 9
42 10
43 9
43 10
41 9
41 10
42 8
42 11
43 8
43 11
44 9
44 10
41 8
41 11
44 8
44 11
40 9
40 10
42 7
42 12
43 7
43 12
45 9
45 10
40 8
40 11
41 7
41 12
44 7
44 12
45 8
45 11
39 9
39 10
40 7
40 12
42 6
42 13
43 6
43 13
45 7
45 12
46 9
46 10
39 8
39 11
41 6
41 13
44 6
44 13
46 8
46 11
39 7
39 12
40 6
40 13
45 6
45 13
46 7
46 12
38 9
38 10
42 5
43 5
47 9
47 10
38 8
38 11
41 5
44 5
47 8
47 11
39 6
39 13
46 6
46 13
38 7
38 12
40 5
45 5
47 7
47 12
37 9
37 10
48 9
48 10
37 8
37 11
38 6
38 13
39 5
46 5
47 6
47 13
48 8
48 11
37 7
37 12
48 7
48 12
38 5
47 5
36 9
36 10
37 6
37 13
48 6
48 13
49 9
49 10
36 8
36 11
49 8
49 11
36 7
36 12
49 7
49 12
37 5
48 5
36 6
36 13
49 6
49 13
35 9
35 10
35 8
35 11
35 7
35 12
36 5
49 5
35 6
35 13
0
Yes
45 20
45 21
46 20
46 21
44 20
44 21
45 19
45 22
46 19
46 22
47 20
47 21
44 19
44 22
47 19
47 22
43 20
43 21
45 18
45 23
46 18
46 23
48 20
48 21
43 19
43 22
44 18
44 23
47 18
47 23
48 19
48 22
42 20
42 21
43 18
43 23
45 17
45 24
46 17
46 24
48 18
48 23
49 20
49 21
42 19
42 22
44 17
44 24
47 17
47 24
49 19
49 22
42 18
42 23
43 17
43 24
48 17
48 24
49 18
49 23
41 20
41 21
45 16
45 25
46 16
46 25
41 19
41 22
44 16
44 25
47 16
47 25
42 17
42 24
49 17
49 24
41 18
41 23
43 16
43 25
48 16
48 25
45 15
45 26
46 15
46 26
41 17
41 24
42 16
42 25
44 15
44 26
47 15
47 26
49 16
49 25
43 15
43 26
48 15
48 26
41 16
41 25
42 15
42 26
45 14
46 14
49 15
49 26
44 14
47 14
43 14
48 14
41 15
41 26
42 14
0
No
0
Yes
27 19
27 20
26 19
26 20
28 19
28 20
27 18
27 21
26 18
26 21
28 18
28 21
25 19
25 20
29 19
29 20
25 18
25 21
27 17
27 22
29 18
29 21
26 17
26 22
28 17
28 22
24 19
24 20
30 19
30 20
25 17
25 22
29 17
29 22
24 18
24 21
30 18
30 21
27 16
27 23
26 16
26 23
28 16
28 23
24 17
24 22
30 17
30 22
23 19
23 20
25 16
25 23
29 16
29 23
31 19
31 20
23 18
23 21
31 18
31 21
27 15
27 24
24 16
24 23
26 15
26 24
28 15
28 24
30 16
30 23
23 17
23 22
31 17
31 22
25 15
25 24
29 15
29 24
22 19
22 20
22 18
22 21
23 16
23 23
31 16
31 23
24 15
24 24
30 15
30 24
27 14
27 25
22 17
22 22
26 14
26 25
28 14
28 25
25 14
25 25
29 14
29 25
23 15
23 24
31 15
31 24
22 16
22 23
24 14
24 25
30 14
30 25
27 13
26 13
28 13
22 15
22 24
23 14
23 25
25 13
29 13
31 14
31 25
24 13
30 13
22 14
22 25
23 13
31 13
0
No
0
Yes
17 40
16 40
16 39
17 39
16 38
17 38
18 38
18 39
18 40
15 38
15 39
15 40
18 41
17 41
16 41
15 41
19 40
19 39
19 41
19 38
14 40
14 39
14 41
14 38
17 42
16 42
18 42
15 42
19 42
14 42
20 39
20 40
20 41
20 42
20 38
13 39
13 40
13 41
13 38
13 42
16 43
17 43
18 43
15 43
19 43
14 43
20 43
13 43
17 44
16 44
18 44
15 44
19 44
14 44
20 44
13 44
16 45
17 45
18 45
15 45
19 45
14 45
20 45
13 45
17 46
16 46
18 46
15 46
19 46
14 46
20 46
13 46
16 47
17 47
18 47
15 47
19 47
14 47
20 47
13 47
15 48
14 48
0
Yes
12 40
11 40
12 39
12 41
11 39
11 41
12 38
11 38
0
Yes
44 35
44 36
44 37
44 38
44 39
44 40
45 35
45 36
45 37
45 38
45 39
45 40
46 35
46 36
46 37
46 38
46 39
46 40
47 35
47 36
47 37
47 38
47 39
47 40
48 35
48 36
48 37
48 38
48 39
48 40
49 35
49 36
49 37
49 38
49 39
49 40
0
No
0
Yes
1 48
1 49
2 48
2 49
0 48
0 49
1 47
2 47
0 47
0
No
0
No
0
Yes
19 21
18 21
19 20
19 22
20 21
18 20
18 22
20 20
20 22
17 21
19 19
19 23
21 21
17 20
17 22
18 19
18 23
20 19
20 23
21 20
21 22
17 19
17 23
21 19
21 23
16 21
19 18
19 24
16 20
16 22
18 18
18 24
20 18
20 24
16 19
16 23
17 18
17 24
21 18
21 24
19 17
19 25
18 17
18 25
20 17
20 25
16 18
16 24
17 17
17 25
21 17
21 25
16 17
16 25
19 16
18 16
20 16
0
Yes
12 22
12 23
12 24
12 25
13 22
13 23
13 24
13 25
14 22
14 23
14 24
14 25
15 22
15 23
15 24
15 25
0
Yes
44 19
45 19
44 18
44 20
45 18
45 20
43 19
46 19
43 18
43 20
46 18
46 20
44 17
44 21
45 17
45 21
42 19
43 17
43 21
46 17
46 21
47 19
42 18
42 20
47 18
47 20
44 16
44 22
45 16
45 22
42 17
42 21
47 17
47 21
43 16
43 22
46 16
46 22
41 19
48 19
41 18
41 20
48 18
48 20
42 16
42 22
47 16
47 22
41 17
41 21
44 15
44 23
45 15
45 23
48 17
48 21
43 15
43 23
46 15
46 23
40 19
49 19
40 18
40 20
41 16
41 22
48 16
48 22
49 18
49 20
42 15
42 23
47 15
47 23
40 17
40 21
49 17
49 21
44 14
45 14
43 14
46 14
41 15
41 23
48 15
48 23
40 16
40 22
49 16
49 22
39 19
39 18
39 20
42 14
47 14
39 17
39 21
40 15
40 23
49 15
49 23
41 14
48 14
39 16
39 22
40 14
49 14
39 15
39 23
0
No
0
No
0
Yes
16 20
16 21
16 22
16 23
16 24
16 25
17 20
17 21
17 22
17 23
17 24
17 25
18 20
18 21
18 22
18 23
18 24
18 25
19 20
19 21
19 22
19 23
19 24
19 25
20 20
20 21
20 22
20 23
20 24
20 25
21 20
21 21
21 22
21 23
21 24
21 25
0
No
0
Yes
49 24
48 24
48 25
49 25
48 26
49 26
47 26
47 25
47 24
46 24
46 25
46 26
47 27
48 27
49 27
46 27
45 25
45 26
45 24
45 27
49 28
48 28
47 28
46 28
45 28
44 24
44 25
44 26
44 27
44 28
48 29
47 29
46 29
45 29
49 29
44 29
43 25
43 26
43 27
43 28
43 24
43 29
49 30
48 30
47 30
46 30
45 30
44 30
43 30
42 24
42 25
42 26
42 27
42 28
42 29
42 30
48 31
47 31
46 31
45 31
44 31
43 31
49 31
42 31
41 25
41 26
41 27
41 28
41 29
41 30
41 24
41 31
49 32
48 32
47 32
46 32
45 32
44 32
43 32
42 32
41 32
40 24
40 25
40 26
40 27
40 28
40 29
40 30
40 31
40 32
48 33
47 33
46 33
45 33
44 33
43 33
42 33
41 33
49 33
40 33
39 25
39 26
39 27
39 28
39 29
39 30
39 31
39 32
39 24
39 33
49 34
48 34
47 34
46 34
45 34
44 34
43 34
42 34
41 34
40 34
39 34
38 24
38 25
38 26
38 27
38 28
38 29
38 30
38 31
38 32
38 33
38 34
43 35
42 35
41 35
0
No
0
No
0
Yes
23 30
22 30
23 29
23 31
24 30
22 29
22 31
24 29
24 31
21 30
23 28
23 32
25 30
21 29
21 31
22 28
22 32
24 28
24 32
25 29
25 31
21 28
21 32
25 28
25 32
20 30
23 27
20 29
20 31
22 27
24 27
20 28
20 32
21 27
25 27
20 27
0
Yes
29 29
29 30
30 29
30 30
28 29
28 30
29 28
29 31
30 28
30 31
31 29
31 30
28 28
28 31
31 28
31 31
27 29
27 30
29 27
29 32
30 27
30 32
32 29
32 30
27 28
27 31
28 27
28 32
31 27
31 32
32 28
32 31
26 29
26 30
27 27
27 32
29 26
30 26
32 27
32 32
26 28
26 31
28 26
31 26
26 27
26 32
27 26
32 26
26 26
0
Yes
36 16
35 16
35 15
36 15
35 14
36 14
37 14
37 15
37 16
34 14
34 15
34 16
37 17
36 17
35 17
34 17
38 16
38 15
38 17
38 14
33 16
33 15
33 17
33 14
36 18
35 18
37 18
34 18
38 18
33 18
32 15
32 16
32 17
32 14
32 18
35 19
36 19
34 19
37 19
33 19
38 19
32 19
32 13
33 13
0
No
0
No
0
Yes
15 22
14 22
15 21
15 23
16 22
14 21
14 23
16 21
16 23
13 22
15 20
15 24
17 22
13 21
13 23
14 20
14 24
16 20
16 24
17 21
17 23
13 20
13 24
17 20
17 24
12 22
15 19
15 25
18 22
12 21
12 23
14 19
14 25
16 19
16 25
18 21
18 23
12 20
12 24
13 19
13 25
17 19
17 25
18 20
18 24
11 22
15 18
11 21
11 23
14 18
16 18
12 19
12 25
18 19
18 25
11 20
11 24
13 18
17 18
11 19
11 25
12 18
18 18
11 18
0
No
0
Yes
45 28
45 29
46 28
46 29
44 28
44 29
45 27
45 30
46 27
46 30
47 28
47 29
44 27
44 30
47 27
47 30
43 28
43 29
45 26
45 31
46 26
46 31
48 28
48 29
43 27
43 30
44 26
44 31
47 26
47 31
48 27
48 30
42 28
42 29
43 26
43 31
45 25
45 32
46 25
46 32
48 26
48 31
49 28
49 29
42 27
42 30
44 25
44 32
47 25
47 32
49 27
49 30
42 26
42 31
43 25
43 32
48 25
48 32
49 26
49 31
41 28
41 29
45 24
46 24
41 27
41 30
44 24
47 24
42 25
42 32
49 25
49 32
41 26
41 31
43 24
48 24
41 25
41 32
42 24
49 24
41 24
0
Yes
47 9
47 10
46 9
46 10
48 9
48 10
47 8
47 11
46 8
46 11
48 8
48 11
45 9
45 10
49 9
49 10
45 8
45 11
47 7
47 12
49 8
49 11
46 7
46 12
48 7
48 12
44 9
44 10
45 7
45 12
49 7
49 12
44 8
44 11
47 6
47 13
46 6
46 13
48 6
48 13
44 7
44 12
45 6
45 13
49 6
49 13
47 5
44 6
44 13
46 5
48 5
45 5
49 5
0
Yes
38 9
38 10
37 9
37 10
39 9
39 10
38 8
38 11
37 8
37 11
39 8
39 11
36 9
36 10
40 9
40 10
36 8
36 11
38 7
38 12
40 8
40 11
37 7
37 12
39 7
39 12
35 9
35 10
41 9
41 10
36 7
36 12
40 7
40 12
35 8
35 11
41 8
41 11
38 6
38 13
37 6
37 13
39 6
39 13
35 7
35 12
41 7
41 12
34 9
34 10
36 6
36 13
40 6
40 13
42 9
42 10
34 8
34 11
42 8
42 11
38 5
35 6
35 13
37 5
39 5
41 6
41 13
34 7
34 12
42 7
42 12
36 5
40 5
33 9
33 10
43 9
43 10
33 8
33 11
43 8
43 11
34 6
34 13
42 6
42 13
35 5
41 5
33 7
33 12
43 7
43 12
32 9
32 10
34 5
42 5
33 6
33 13
43 6
43 13
32 8
32 11
32 7
32 12
33 5
43 5
32 6
32 13
32 5
0
Yes
34 14
34 15
34 16
34 17
34 18
34 19
34 20
34 21
34 22
34 23
35 14
35 15
35 16
35 17
35 18
35 19
35 20
35 21
35 22
35 23
36 14
36 15
36 16
36 17
36 18
36 19
36 20
36 21
36 22
36 23
37 14
37 15
37 16
37 17
37 18
37 19
37 20
37 21
37 22
37 23
38 14
38 15
38 16
38 17
38 18
38 19
38 20
38 21
38 22
38 23
0
Yes
37 32
37 33
36 32
36 33
38 32
38 33
37 31
37 34
36 31
36 34
38 31
38 34
35 32
35 33
39 32
39 33
35 31
35 34
37 30
37 35
39 31
39 34
36 30
36 35
38 30
38 35
34 32
34 33
40 32
40 33
35 30
35 35
39 30
39 35
34 31
34 34
40 31
40 34
37 29
37 36
36 29
36 36
38 29
38 36
34 30
34 35
40 30
40 35
33 32
33 33
35 29
35 36
39 29
39 36
33 31
33 34
37 28
37 37
34 29
34 36
36 28
36 37
38 28
38 37
40 29
40 36
33 30
33 35
35 28
35 37
39 28
39 37
33 29
34 28
34 37
40 28
40 37
37 27
36 27
38 27
35 27
39 27
33 28
34 27
40 27
0
Yes
45 33
45 34
46 33
46 34
47 33
47 34
48 33
48 34
49 33
49 34
0
No
0
Yes
27 3
27 2
26 2
28 2
28 3
28 1
27 1
26 1
29 1
29 2
29 3
27 0
26 0
28 0
29 0
25 0
25 1
25 2
0
Yes
28 21
28 22
27 21
27 22
29 21
29 22
28 20
28 23
27 20
27 23
29 20
29 23
26 21
26 22
30 21
30 22
26 20
26 23
28 19
28 24
30 20
30 23
27 19
27 24
29 19
29 24
25 21
25 22
31 21
31 22
26 19
26 24
30 19
30 24
25 20
25 23
31 20
31 23
28 18
28 25
27 18
27 25
29 18
29 25
25 19
25 24
31 19
31 24
24 21
24 22
26 18
26 25
30 18
30 25
32 21
32 22
24 20
24 23
32 20
32 23
28 17
25 18
25 25
27 17
29 17
31 18
31 25
24 19
24 24
32 19
32 24
26 17
30 17
23 21
23 22
33 21
33 22
23 20
23 23
33 20
33 23
24 18
24 25
32 18
32 25
25 17
31 17
23 19
23 24
33 19
33 24
22 21
22 22
24 17
32 17
23 18
23 25
33 18
33 25
22 20
22 23
22 19
22 24
23 17
33 17
22 18
0
Yes
40 10
41 10
40 9
40 11
41 9
41 11
39 10
42 10
39 9
39 11
42 9
42 11
40 8
40 12
41 8
41 12
38 10
39 8
39 12
42 8
42 12
43 10
38 9
38 11
43 9
43 11
40 7
40 13
41 7
41 13
38 8
38 12
43 8
43 12
39 7
39 13
42 7
42 13
37 10
37 9
37 11
38 7
38 13
43 7
43 13
37 8
37 12
40 6
41 6
39 6
42 6
37 7
37 13
38 6
43 6
37 6
0
Yes
19 25
19 24
20 24
20 25
21 24
21 25
21 23
20 23
19 23
19 22
20 22
21 22
22 23
22 24
22 25
22 22
20 21
21 21
19 21
22 21
22 26
21 26
20 26
23 25
23 24
23 23
23 22
23 26
23 21
19 20
20 20
21 20
22 20
23 20
24 24
24 23
24 22
24 25
24 21
24 26
24 20
20 19
21 19
22 19
23 19
19 19
24 19
25 25
25 24
25 23
25 22
25 21
25 20
25 19
25 26
19 18
20 18
21 18
22 18
23 18
24 18
25 18
26 24
26 23
26 22
26 21
26 20
26 25
26 19
26 18
20 17
21 17
22 17
23 17
24 17
25 17
19 17
26 17
27 25
27 24
27 23
27 22
27 21
27 20
27 19
27 18
27 17
19 16
20 16
21 16
22 16
23 16
24 16
25 16
26 16
0
Yes
28 12
28 13
28 14
28 15
28 16
28 17
28 18
28 19
28 20
28 21
28 22
28 23
28 24
28 25
29 12
29 13
29 14
29 15
29 16
29 17
29 18
29 19
29 20
29 21
29 22
29 23
29 24
29 25
30 12
30 13
30 14
30 15
30 16
30 17
30 18
30 19
30 20
30 21
30 22
30 23
30 24
30 25
31 12
31 13
31 14
31 15
31 16
31 17
31 18
31 19
31 20
31 21
31 22
31 23
31 24
31 25
32 12
32 13
32 14
32 15
32 16
32 17
32 18
32 19
32 20
32 21
32 22
32 23
32 24
32 25
33 12
33 13
33 14
33 15
33 16
33 17
33 18
33 19
33 20
33 21
33 22
33 23
33 24
33 25
0
Yes
8 49
7 49
7 48
8 48
9 48
9 49
8 47
7 47
9 47
10 49
10 48
10 47
6 48
6 49
6 47
5 49
5 48
5 47
7 46
8 46
9 46
6 46
10 46
5 46
11 48
11 47
11 49
11 46
8 45
7 45
9 45
6 45
10 45
5 45
11 45
12 49
12 48
12 47
12 46
12 45
4 48
4 47
4 46
4 49
4 45
3 49
3 48
3 47
3 46
3 45
13 48
13 49
10 44
11 44
12 44
0
No
0
No
0
No
0
Yes
32 34
31 34
31 35
32 33
31 33
0
Yes
11 17
10 17
10 16
11 16
10 15
11 15
12 15
12 16
12 17
9 15
9 16
9 17
13 17
13 16
13 15
12 14
11 14
10 14
9 14
13 14
8 17
8 16
8 15
8 14
14 16
14 15
14 17
14 14
11 13
10 13
12 13
9 13
13 13
8 13
14 13
7 16
7 15
7 14
7 17
7 13
8 18
9 18
10 18
7 18
10 12
11 12
12 12
9 12
13 12
8 12
14 12
7 12
0
No
0
No
0
No
0
No
0
Yes
16 31
16 32
15 31
15 32
17 31
17 32
16 30
16 33
15 30
15 33
17 30
17 33
14 31
14 32
18 31
18 32
14 30
14 33
16 29
16 34
18 30
18 33
15 29
15 34
17 29
17 34
13 31
13 32
19 31
19 32
14 29
14 34
18 29
18 34
13 30
13 33
19 30
19 33
16 28
16 35
15 28
15 35
17 28
17 35
13 29
13 34
19 29
19 34
12 31
12 32
14 28
14 35
18 28
18 35
12 30
12 33
16 27
16 36
13 28
13 35
15 27
15 36
17 27
17 36
19 28
19 35
12 29
12 34
14 27
14 36
18 27
18 36
12 28
12 35
13 27
13 36
19 27
19 36
16 26
15 26
17 26
14 26
18 26
12 27
12 36
13 26
19 26
0
Yes
45 14
44 14
44 15
45 15
44 16
45 16
46 16
46 15
46 14
43 16
43 15
43 14
47 14
47 15
47 16
46 17
45 17
44 17
43 17
47 17
42 14
42 15
42 16
42 17
48 15
48 16
48 14
48 17
45 18
44 18
46 18
43 18
47 18
42 18
48 18
41 15
41 16
41 17
41 14
41 18
49 14
49 15
49 16
49 17
49 18
44 19
45 19
46 19
43 19
47 19
42 19
48 19
41 19
49 19
40 14
40 15
40 16
40 17
40 18
40 19
45 20
44 20
46 20
43 20
47 20
42 20
48 20
41 20
49 20
40 20
39 15
39 16
39 17
39 18
39 19
39 14
39 20
44 21
45 21
46 21
43 21
47 21
42 21
41 21
48 21
40 21
49 21
39 21
38 14
38 15
38 16
38 17
38 18
38 19
38 20
38 21
45 22
44 22
46 22
43 22
47 22
42 22
41 22
40 22
48 22
39 22
49 22
38 22
37 15
37 16
37 17
37 18
37 19
37 20
37 21
37 14
37 22
44 23
45 23
46 23
43 23
47 23
42 23
41 23
40 23
39 23
38 23
37 23
48 23
49 23
36 14
36 15
36 16
36 17
36 18
0
Yes
45 47
45 48
45 49
46 47
46 48
46 49
47 47
47 48
47 49
48 47
48 48
48 49
49 47
49 48
49 49
0
Yes
32 22
32 23
33 22
33 23
31 22
31 23
32 21
32 24
33 21
33 24
34 22
34 23
31 21
31 24
34 21
34 24
30 22
30 23
32 20
32 25
33 20
33 25
35 22
35 23
30 21
30 24
31 20
31 25
34 20
34 25
35 21
35 24
29 22
29 23
30 20
30 25
32 19
33 19
35 20
35 25
36 22
36 23
29 21
29 24
31 19
34 19
36 21
36 24
29 20
29 25
30 19
35 19
36 20
36 25
28 22
28 23
28 21
28 24
29 19
36 19
28 20
28 25
0
No
0
Yes
29 9
29 10
29 11
29 12
29 13
29 14
29 15
29 16
29 17
29 18
30 9
30 10
30 11
30 12
30 13
30 14
30 15
30 16
30 17
30 18
31 9
31 10
31 11
31 12
31 13
31 14
31 15
31 16
31 17
31 18
32 9
32 10
32 11
32 12
32 13
32 14
32 15
32 16
32 17
32 18
33 9
33 10
33 11
33 12
33 13
33 14
33 15
33 16
33 17
33 18
34 9
34 10
34 11
34 12
34 13
34 14
34 15
34 16
34 17
34 18
35 9
35 10
35 11
35 12
35 13
35 14
35 15
35 16
35 17
35 18
0
Yes
34 2
33 2
34 1
34 3
35 2
33 1
33 3
35 1
35 3
32 2
34 0
36 2
32 1
32 3
33 0
35 0
36 1
36 3
32 0
36 0
31 2
31 1
31 3
0
No
0
No
0
No
0
Yes
39 25
39 26
38 25
38 26
40 25
40 26
39 24
38 24
40 24
37 25
37 26
0
No
0
Yes
44 33
43 33
43 34
44 34
43 35
44 35
45 35
45 34
45 33
42 35
42 34
42 33
46 33
46 34
46 35
45 36
44 36
43 36
42 36
46 36
41 33
41 34
41 35
41 36
47 34
47 35
47 33
47 36
44 37
43 37
45 37
42 37
46 37
41 37
47 37
48 37
48 36
48 35
48 34
48 33
43 38
44 38
45 38
46 38
42 38
47 38
48 38
41 38
49 38
49 37
49 36
49 35
0
Yes
46 2
46 3
45 2
45 3
47 2
47 3
46 1
46 4
45 1
45 4
47 1
47 4
44 2
44 3
48 2
48 3
44 1
44 4
46 0
48 1
48 4
45 0
47 0
43 2
43 3
49 2
49 3
44 0
48 0
43 1
43 4
49 1
49 4
43 0
49 0
42 2
42 3
42 1
42 4
42 0
0
Yes
3 5
2 5
3 4
3 6
4 5
2 4
2 6
4 4
4 6
1 5
3 3
3 7
5 5
1 4
1 6
2 3
2 7
4 3
4 7
5 4
5 6
1 3
1 7
5 3
5 7
0 5
3 2
3 8
0 4
0 6
2 2
2 8
4 2
4 8
0 3
0 7
1 2
1 8
5 2
5 8
3 1
3 9
2 1
2 9
4 1
4 9
0 2
0 8
1 1
1 9
5 1
5 9
0 1
0 9
3 0
2 0
4 0
1 0
5 0
0 0
0
Yes
16 38
15 38
15 37
16 37
15 36
16 36
17 36
17 37
17 38
14 36
14 37
14 38
17 39
16 39
15 39
14 39
18 38
18 37
18 39
18 36
17 35
16 35
15 35
14 35
18 35
13 38
13 37
13 36
13 39
13 35
16 40
15 40
17 40
14 40
18 40
13 40
19 37
19 38
19 39
19 36
19 40
19 35
16 34
15 34
17 34
14 34
18 34
13 34
19 34
12 37
12 38
12 36
12 39
12 35
12 40
12 34
15 41
16 41
17 41
14 41
18 41
13 41
19 41
12 41
20 38
20 39
20 40
20 41
15 33
16 33
17 33
14 33
18 33
13 33
19 33
12 33
11 38
11 37
11 39
11 36
11 35
11 40
11 41
11 34
11 33
16 42
15 42
17 42
14 42
18 42
13 42
19 42
12 42
20 42
11 42
16 32
15 32
17 32
14 32
18 32
13 32
12 32
19 32
10 39
10 40
10 41
10 42
10 38
10 37
15 43
16 43
17 43
14 43
18 43
13 43
12 43
19 43
20 43
11 43
0
No
0
Yes
49 49
48 49
48 48
49 48
48 47
49 47
47 47
47 48
47 49
46 49
46 48
46 47
47 46
48 46
49 46
46 46
45 48
45 47
45 49
45 46
49 45
48 45
47 45
46 45
45 45
44 49
44 48
44 47
44 46
44 45
48 44
47 44
46 44
45 44
49 44
44 44
43 48
43 47
43 46
43 45
43 49
43 44
49 43
48 43
47 43
46 43
0
Yes
27 3
27 2
26 2
28 2
28 3
28 1
27 1
26 1
29 1
29 2
29 3
27 0
26 0
28 0
29 0
0
No
0
No
0
Yes
16 26
15 26
15 27
16 27
15 28
16 28
17 28
17 27
17 26
14 28
14 27
14 26
18 26
18 27
18 28
17 29
16 29
15 29
14 29
18 29
13 26
13 27
13 28
13 29
19 27
19 28
19 29
19 26
16 30
15 30
17 30
14 30
18 30
13 30
19 30
12 27
12 28
12 29
12 26
12 30
15 31
16 31
17 31
14 31
18 31
13 31
19 31
12 31
11 31
11 30
11 29
0
Yes
33 9
32 9
33 8
33 10
34 9
32 8
32 10
34 8
34 10
31 9
33 7
33 11
35 9
31 8
31 10
32 7
32 11
34 7
34 11
35 8
35 10
31 7
31 11
35 7
35 11
30 9
33 6
33 12
36 9
30 8
30 10
32 6
32 12
34 6
34 12
36 8
36 10
30 7
30 11
31 6
31 12
35 6
35 12
36 7
36 11
29 9
33 5
33 13
29 8
29 10
32 5
32 13
34 5
34 13
30 6
30 12
36 6
36 12
29 7
29 11
31 5
31 13
35 5
35 13
29 6
29 12
30 5
30 13
33 4
36 5
36 13
32 4
34 4
31 4
35 4
29 5
29 13
30 4
36 4
0
No
0
Yes
49 41
48 41
49 40
49 42
48 40
48 42
49 39
48 39
0
Yes
20 9
19 9
19 8
20 8
19 7
20 7
21 7
21 8
21 9
18 7
18 8
18 9
22 9
22 8
22 7
21 6
20 6
19 6
18 6
17 9
17 8
17 7
17 6
23 8
23 9
23 7
20 5
19 5
18 5
21 5
17 5
16 8
16 7
16 6
16 5
17 10
18 10
19 10
19 4
18 4
20 4
17 4
21 4
16 4
15 4
15 5
15 6
15 7
15 8
20 3
19 3
18 3
17 3
16 3
21 3
15 3
14 7
14 6
14 5
14 4
14 3
19 2
18 2
17 2
20 2
16 2
21 2
15 2
22 2
22 3
22 4
20 1
19 1
18 1
21 1
17 1
16 1
22 1
19 0
20 0
18 0
21 0
17 0
0
Yes
8 1
7 1
7 0
8 0
7 2
8 2
9 2
9 1
9 0
6 2
6 1
6 0
10 1
10 0
0
Yes
0 36
0 37
0 38
0 39
0 40
0 41
0 42
0 43
0 44
1 36
1 37
1 38
1 39
1 40
1 41
1 42
1 43
1 44
2 36
2 37
2 38
2 39
2 40
2 41
2 42
2 43
2 44
3 36
3 37
3 38
3 39
3 40
3 41
3 42
3 43
3 44
4 36
4 37
4 38
4 39
4 40
4 41
4 42
4 43
4 44
5 36
5 37
5 38
5 39
5 40
5 41
5 42
5 43
5 44
6 36
6 37
6 38
6 39
6 40
6 41
6 42
6 43
6 44
7 36
7 37
7 38
7 39
7 40
7 41
7 42
7 43
7 44
8 36
8 37
8 38
8 39
8 40
8 41
8 42
8 43
8 44
9 36
9 37
9 38
9 39
9 40
9 41
9 42
9 43
9 44
10 36
10 37
10 38
10 39
10 40
10 41
10 42
0
Yes
40 14
40 15
40 16
40 17
40 18
40 19
40 20
40 21
40 22
40 23
40 24
40 25
40 26
41 14
41 15
41 16
41 17
41 18
41 19
41 20
41 21
41 22
41 23
41 24
41 25
41 26
42 14
42 15
42 16
42 17
42 18
42 19
42 20
42 21
42 22
42 23
42 24
42 25
42 26
43 14
43 15
43 16
43 17
43 18
43 19
43 20
43 21
43 22
43 23
43 24
43 25
43 26
44 14
44 15
44 16
44 17
44 18
44 19
44 20
44 21
44 22
44 23
44 24
44 25
44 26
45 14
45 15
45 16
45 17
45 18
45 19
45 20
45 21
45 22
45 23
45 24
45 25
45 26
46 14
46 15
46 16
46 17
46 18
46 19
46 20
46 21
46 22
46 23
46 24
46 25
46 26
47 14
47 15
47 16
47 17
47 18
47 19
47 20
47 21
47 22
47 23
47 24
47 25
47 26
48 14
48 15
48 16
48 17
48 18
48 19
48 20
48 21
48 22
48 23
48 24
48 25
48 26
49 14
49 15
49 16
49 17
49 18
49 19
49 20
49 21
49 22
49 23
49 24
49 25
0
Yes
28 14
28 15
28 16
28 17
28 18
28 19
28 20
29 14
29 15
29 16
29 17
29 18
29 19
29 20
30 14
30 15
30 16
30 17
30 18
30 19
30 20
31 14
31 15
31 16
31 17
31 18
31 19
31 20
32 14
32 15
32 16
32 17
32 18
32 19
32 20
33 14
33 15
33 16
33 17
33 18
33 19
33 20
34 14
34 15
34 16
34 17
34 18
34 19
34 20
35 14
35 15
35 16
35 17
35 18
35 19
35 20
36 14
36 15
36 16
36 17
36 18
36 19
36 20
37 14
37 15
37 16
37 17
37 18
37 19
37 20
38 14
38 15
38 16
38 17
38 18
38 19
38 20
39 14
39 15
39 16
39 17
39 18
39 19
39 20
0
No
0
No
0
No
0
No
0
No
0
No
0
Yes
27 29
27 30
28 29
28 30
26 29
26 30
27 28
27 31
28 28
28 31
29 29
29 30
26 28
26 31
29 28
29 31
25 29
25 30
27 27
27 32
28 27
28 32
30 29
30 30
25 28
25 31
26 27
26 32
29 27
29 32
30 28
30 31
24 29
24 30
25 27
25 32
27 26
28 26
30 27
30 32
31 29
31 30
24 28
24 31
26 26
29 26
31 28
31 31
24 27
24 32
30 26
31 27
31 32
23 29
23 30
32 29
32 30
23 28
23 31
32 28
32 31
31 26
23 27
23 32
32 27
32 32
22 29
22 30
22 28
22 31
32 26
22 27
22 32
0
No
0
No
0
No
0
Yes
41 23
41 24
41 25
41 26
41 27
41 28
41 29
41 30
41 31
41 32
42 23
42 24
42 25
42 26
42 27
42 28
42 29
42 30
42 31
42 32
43 23
43 24
43 25
43 26
43 27
43 28
43 29
43 30
43 31
43 32
44 23
44 24
44 25
44 26
44 27
44 28
44 29
44 30
44 31
44 32
45 23
45 24
45 25
45 26
45 27
45 28
45 29
45 30
45 31
45 32
46 23
46 24
46 25
46 26
46 27
46 28
46 29
46 30
46 31
46 32
47 23
47 24
47 25
47 26
47 27
47 28
47 29
47 30
47 31
47 32
48 23
48 24
48 25
48 26
48 27
48 28
48 29
48 30
48 31
48 32
49 23
49 24
49 25
0
Yes
12 32
12 33
12 34
12 35
12 36
12 37
12 38
13 32
13 33
13 34
13 35
13 36
13 37
13 38
14 32
14 33
14 34
14 35
14 36
14 37
14 38
15 32
15 33
15 34
15 35
15 36
15 37
15 38
16 32
16 33
16 34
16 35
16 36
16 37
16 38
17 32
17 33
17 34
17 35
17 36
17 37
17 38
18 32
18 33
18 34
18 35
18 36
18 37
18 38
19 32
19 33
19 34
19 35
19 36
19 37
19 38
20 32
0
Yes
0 37
0 38
0 39
0 40
0 41
0 42
0 43
0 44
0 45
0 46
1 37
1 38
1 39
1 40
1 41
1 42
1 43
1 44
1 45
1 46
2 37
2 38
2 39
2 40
2 41
2 42
2 43
2 44
2 45
2 46
3 37
3 38
3 39
3 40
3 41
3 42
3 43
3 44
3 45
3 46
4 37
4 38
4 39
4 40
4 41
4 42
4 43
4 44
4 45
4 46
5 37
5 38
5 39
5 40
5 41
5 42
5 43
5 44
5 45
5 46
0
Yes
30 5
30 6
30 7
30 8
30 9
30 10
30 11
30 12
30 13
31 5
31 6
31 7
31 8
31 9
31 10
31 11
31 12
31 13
32 5
32 6
32 7
32 8
32 9
32 10
32 11
32 12
32 13
33 5
33 6
33 7
33 8
33 9
33 10
33 11
33 12
33 13
34 5
34 6
34 7
34 8
34 9
34 10
34 11
34 12
34 13
35 5
35 6
35 7
35 8
35 9
35 10
35 11
35 12
35 13
36 5
36 6
36 7
36 8
36 9
36 10
36 11
36 12
36 13
37 5
37 6
37 7
37 8
37 9
37 10
37 11
37 12
37 13
38 5
38 6
38 7
38 8
38 9
38 10
38 11
38 12
38 13
39 5
39 6
39 7
39 8
39 9
39 10
39 11
39 12
39 13
40 5
40 6
40 7
40 8
40 9
40 10
40 11
40 12
40 13
41 5
41 6
41 7
41 8
41 9
41 10
41 11
41 12
41 13
42 5
42 6
42 7
42 8
42 9
42 10
42 11
42 12
42 13
43 5
43 6
43 7
43 8
43 9
43 10
43 11
43 12
43 13
44 5
0
Yes
6 3
6 4
7 3
7 4
8 3
8 4
9 3
9 4
0
Yes
40 14
40 15
40 16
40 17
40 18
40 19
40 20
40 21
40 22
41 14
41 15
41 16
41 17
41 18
41 19
41 20
41 21
41 22
42 14
42 15
42 16
42 17
42 18
42 19
42 20
42 21
42 22
43 14
43 15
43 16
43 17
43 18
43 19
43 20
43 21
43 22
44 14
44 15
44 16
44 17
44 18
44 19
44 20
44 21
44 22
45 14
45 15
45 16
45 17
45 18
45 19
45 20
45 21
45 22
46 14
46 15
46 16
46 17
46 18
46 19
46 20
46 21
46 22
47 14
47 15
47 16
47 17
47 18
47 19
47 20
47 21
47 22
48 14
48 15
48 16
48 17
48 18
48 19
0
Yes
6 39
6 40
6 41
6 42
6 43
6 44
6 45
6 46
6 47
6 48
6 49
7 39
7 40
7 41
7 42
7 43
7 44
7 45
7 46
7 47
7 48
7 49
8 39
8 40
8 41
8 42
8 43
8 44
8 45
8 46
8 47
8 48
8 49
9 39
9 40
9 41
9 42
9 43
9 44
9 45
9 46
9 47
9 48
9 49
10 39
10 40
10 41
10 42
10 43
10 44
10 45
10 46
10 47
10 48
10 49
11 39
11 40
11 41
11 42
11 43
11 44
11 45
11 46
11 47
11 48
11 49
12 39
12 40
12 41
12 42
12 43
12 44
12 45
12 46
12 47
12 48
12 49
13 39
13 40
13 41
13 42
13 43
13 44
13 45
13 46
13 47
13 48
13 49
0
No
0
Yes
33 14
33 15
33 16
33 17
33 18
33 19
33 20
33 21
33 22
33 23
33 24
33 25
33 26
34 14
34 15
34 16
34 17
34 18
34 19
34 20
34 21
34 22
34 23
34 24
34 25
34 26
35 14
35 15
35 16
35 17
35 18
35 19
35 20
35 21
35 22
35 23
35 24
35 25
35 26
36 14
36 15
36 16
36 17
36 18
36 19
36 20
36 21
36 22
36 23
36 24
36 25
36 26
37 14
37 15
37 16
37 17
37 18
37 19
37 20
37 21
37 22
37 23
37 24
37 25
37 26
38 14
38 15
38 16
38 17
38 18
38 19
38 20
38 21
38 22
38 23
38 24
38 25
38 26
39 14
39 15
39 16
39 17
39 18
39 19
39 20
39 21
39 22
39 23
39 24
39 25
39 26
0
Yes
14 37
14 38
14 39
14 40
14 41
14 42
14 43
14 44
14 45
14 46
14 47
15 37
15 38
15 39
15 40
15 41
15 42
15 43
15 44
15 45
15 46
15 47
16 37
16 38
16 39
16 40
16 41
16 42
16 43
16 44
16 45
16 46
16 47
17 37
17 38
17 39
17 40
17 41
17 42
17 43
17 44
17 45
17 46
17 47
18 37
18 38
18 39
18 40
18 41
18 42
18 43
18 44
18 45
18 46
18 47
19 37
19 38
19 39
19 40
19 41
19 42
19 43
19 44
19 45
19 46
19 47
20 37
20 38
20 39
20 40
20 41
20 42
20 43
20 44
20 45
0
Yes
23 0
23 1
23 2
24 0
24 1
24 2
25 0
25 1
25 2
0
No
0
Yes
42 0
42 1
42 2
42 3
42 4
43 0
43 1
43 2
43 3
43 4
44 0
44 1
44 2
44 3
44 4
45 0
45 1
45 2
45 3
45 4
46 0
46 1
46 2
46 3
46 4
47 0
47 1
47 2
47 3
47 4
48 0
48 1
48 2
0
Yes
0 20
0 21
0 22
0 23
0 24
0 25
1 20
1 21
1 22
1 23
1 24
1 25
2 20
2 21
2 22
2 23
2 24
2 25
3 20
3 21
3 22
3 23
3 24
3 25
4 20
4 21
4 22
4 23
4 24
4 25
5 20
5 21
5 22
5 23
5 24
5 25
0
Yes
40 14
40 15
40 16
40 17
40 18
40 19
40 20
40 21
40 22
41 14
41 15
41 16
41 17
41 18
41 19
41 20
41 21
41 22
42 14
42 15
42 16
42 17
42 18
42 19
42 20
42 21
42 22
43 14
43 15
43 16
43 17
43 18
43 19
43 20
43 21
43 22
44 14
44 15
44 16
44 17
44 18
44 19
44 20
44 21
44 22
45 14
45 15
45 16
45 17
45 18
45 19
45 20
45 21
45 22
46 14
46 15
46 16
46 17
46 18
46 19
46 20
46 21
46 22
47 14
47 15
47 16
47 17
47 18
47 19
47 20
47 21
47 22
48 14
48 15
48 16
48 17
48 18
48 19
48 20
48 21
48 22
49 14
49 15
49 16
49 17
49 18
0
Yes
21 27
21 28
21 29
21 30
21 31
21 32
21 33
21 34
21 35
21 36
21 37
21 38
21 39
21 40
22 27
22 28
22 29
22 30
22 31
22 32
22 33
22 34
22 35
22 36
22 37
22 38
22 39
22 40
23 27
23 28
23 29
23 30
23 31
23 32
23 33
23 34
23 35
23 36
23 37
23 38
23 39
23 40
24 27
24 28
24 29
24 30
24 31
24 32
24 33
24 34
24 35
24 36
24 37
24 38
24 39
24 40
25 27
25 28
25 29
25 30
25 31
25 32
25 33
25 34
25 35
25 36
25 37
25 38
25 39
25 40
26 27
26 28
26 29
26 30
26 31
26 32
26 33
26 34
26 35
26 36
26 37
26 38
26 39
26 40
27 27
27 28
27 29
27 30
27 31
27 32
27 33
27 34
27 35
27 36
27 37
27 38
27 39
27 40
28 27
28 28
28 29
28 30
28 31
28 32
28 33
28 34
28 35
28 36
28 37
28 38
28 39
28 40
29 27
29 28
29 29
29 30
29 31
29 32
29 33
29 34
29 35
29 36
29 37
29 38
29 39
29 40
30 27
30 28
30 29
30 30
30 31
30 32
30 33
30 34
30 35
30 36
30 37
30 38
0
No
0
Yes
28 19
28 20
28 21
28 22
28 23
28 24
28 25
28 26
29 19
29 20
29 21
29 22
29 23
29 24
29 25
29 26
30 19
30 20
30 21
30 22
30 23
30 24
30 25
30 26
31 19
31 20
31 21
31 22
31 23
31 24
31 25
31 26
32 19
32 20
32 21
32 22
32 23
32 24
32 25
32 26
0
Yes
24 44
24 45
24 46
24 47
24 48
24 49
25 44
25 45
25 46
25 47
25 48
25 49
26 44
26 45
26 46
26 47
26 48
26 49
27 44
27 45
27 46
27 47
27 48
27 49
28 44
28 45
28 46
28 47
28 48
28 49
29 44
29 45
29 46
29 47
29 48
29 49
30 44
30 45
30 46
30 47
30 48
30 49
31 44
31 45
31 46
31 47
31 48
31 49
32 44
32 45
32 46
32 47
32 48
32 49
33 44
33 45
33 46
33 47
33 48
0
No
0
Yes
8 16
8 17
8 18
8 19
8 20
8 21
8 22
8 23
8 24
8 25
9 16
9 17
9 18
9 19
9 20
9 21
9 22
9 23
9 24
9 25
10 16
10 17
10 18
10 19
10 20
10 21
10 22
10 23
10 24
10 25
11 16
11 17
11 18
11 19
11 20
11 21
11 22
11 23
11 24
11 25
12 16
12 17
12 18
12 19
12 20
12 21
12 22
12 23
12 24
12 25
13 16
13 17
13 18
13 19
13 20
13 21
13 22
13 23
13 24
13 25
14 16
14 17
14 18
14 19
14 20
14 21
14 22
14 23
14 24
14 25
15 16
15 17
15 18
15 19
15 20
15 21
15 22
15 23
15 24
15 25
16 16
16 17
16 18
16 19
16 20
16 21
16 22
16 23
16 24
16 25
17 16
17 17
17 18
17 19
17 20
17 21
17 22
17 23
17 24
17 25
18 16
18 17
18 18
18 19
18 20
18 21
18 22
18 23
18 24
18 25
0
Yes
40 23
40 24
40 25
40 26
40 27
40 28
40 29
40 30
40 31
40 32
40 33
40 34
40 35
40 36
40 37
41 23
41 24
41 25
41 26
41 27
41 28
41 29
41 30
41 31
41 32
41 33
41 34
41 35
41 36
41 37
42 23
42 24
42 25
42 26
42 27
42 28
42 29
42 30
42 31
42 32
42 33
42 34
42 35
42 36
42 37
43 23
43 24
43 25
43 26
43 27
43 28
43 29
43 30
43 31
43 32
43 33
43 34
43 35
43 36
43 37
44 23
44 24
44 25
44 26
44 27
44 28
44 29
44 30
44 31
44 32
44 33
44 34
44 35
44 36
44 37
45 23
45 24
45 25
45 26
45 27
45 28
45 29
45 30
45 31
45 32
45 33
45 34
45 35
45 36
45 37
46 23
46 24
46 25
46 26
46 27
46 28
46 29
46 30
46 31
46 32
46 33
46 34
46 35
46 36
46 37
47 23
47 24
47 25
47 26
47 27
47 28
47 29
47 30
47 31
47 32
47 33
47 34
47 35
47 36
47 37
48 23
48 24
48 25
48 26
48 27
48 28
48 29
48 30
48 31
48 32
48 33
48 34
48 35
48 36
48 37
49 23
49 24
49 25
49 26
49 27
49 28
49 29
49 30
49 31
49 32
0
Yes
11 26
11 27
11 28
11 29
11 30
11 31
12 26
12 27
12 28
12 29
12 30
12 31
13 26
13 27
13 28
13 29
13 30
13 31
14 26
14 27
14 28
14 29
14 30
14 31
15 26
15 27
15 28
15 29
15 30
15 31
16 26
16 27
16 28
16 29
16 30
16 31
17 26
17 27
17 28
17 29
17 30
17 31
18 26
18 27
18 28
18 29
18 30
18 31
19 26
19 27
19 28
19 29
19 30
19 31
20 26
20 27
20 28
20 29
20 30
20 31
0
Yes
15 32
15 33
15 34
15 35
15 36
16 32
16 33
16 34
16 35
16 36
17 32
17 33
17 34
17 35
17 36
18 32
18 33
18 34
18 35
18 36
19 32
19 33
19 34
19 35
19 36
20 32
20 33
20 34
20 35
0
Yes
34 27
34 28
34 29
34 30
34 31
34 32
34 33
34 34
34 35
34 36
34 37
35 27
35 28
35 29
35 30
35 31
35 32
35 33
35 34
35 35
35 36
35 37
36 27
36 28
36 29
36 30
36 31
36 32
36 33
36 34
36 35
36 36
36 37
37 27
37 28
37 29
37 30
37 31
37 32
37 33
37 34
37 35
37 36
37 37
38 27
38 28
38 29
38 30
38 31
38 32
38 33
38 34
38 35
38 36
38 37
39 27
39 28
39 29
39 30
39 31
39 32
39 33
39 34
39 35
39 36
39 37
0
Yes
8 12
8 13
8 14
8 15
8 16
8 17
8 18
8 19
8 20
8 21
8 22
8 23
9 12
9 13
9 14
9 15
9 16
9 17
9 18
9 19
9 20
9 21
9 22
9 23
10 12
10 13
10 14
10 15
10 16
10 17
10 18
10 19
10 20
10 21
10 22
10 23
11 12
11 13
11 14
11 15
11 16
11 17
11 18
11 19
11 20
11 21
11 22
11 23
12 12
12 13
12 14
12 15
12 16
12 17
12 18
12 19
12 20
12 21
12 22
12 23
13 12
13 13
13 14
13 15
13 16
13 17
13 18
13 19
13 20
13 21
13 22
13 23
14 12
14 13
14 14
14 15
14 16
14 17
14 18
14 19
14 20
14 21
14 22
14 23
0
No
0
Yes
33 14
33 15
33 16
33 17
33 18
33 19
33 20
33 21
33 22
33 23
33 24
34 14
34 15
34 16
34 17
34 18
34 19
34 20
34 21
34 22
34 23
34 24
35 14
35 15
35 16
35 17
35 18
35 19
35 20
35 21
35 22
35 23
35 24
36 14
36 15
36 16
36 17
36 18
36 19
36 20
36 21
36 22
36 23
36 24
37 14
37 15
37 16
37 17
37 18
37 19
37 20
37 21
37 22
37 23
37 24
38 14
38 15
38 16
38 17
38 18
38 19
38 20
38 21
38 22
38 23
38 24
39 14
39 15
39 16
39 17
39 18
39 19
39 20
0
No
0
No
0
No
0
No
0
Yes
22 19
22 20
22 21
22 22
22 23
22 24
22 25
22 26
23 19
23 20
23 21
23 22
23 23
23 24
23 25
23 26
24 19
24 20
24 21
24 22
24 23
24 24
24 25
24 26
25 19
25 20
25 21
25 22
25 23
25 24
25 25
25 26
26 19
26 20
26 21
26 22
26 23
26 24
26 25
26 26
27 19
27 20
27 21
27 22
27 23
27 24
27 25
27 26
28 19
28 20
28 21
28 22
28 23
28 24
28 25
28 26
29 19
29 20
29 21
29 22
29 23
29 24
29 25
29 26
30 19
30 20
30 21
30 22
30 23
30 24
30 25
30 26
31 19
31 20
31 21
31 22
31 23
31 24
31 25
31 26
32 19
32 20
32 21
32 22
32 23
32 24
32 25
32 26
0
Yes
24 14
24 15
24 16
24 17
24 18
25 14
25 15
25 16
25 17
25 18
26 14
26 15
26 16
26 17
26 18
27 14
27 15
27 16
27 17
27 18
28 14
28 15
28 16
28 17
28 18
29 14
29 15
29 16
29 17
29 18
30 14
30 15
30 16
30 17
30 18
31 14
31 15
31 16
31 17
31 18
32 14
32 15
32 16
32 17
32 18
0
No
0
Yes
18 24
17 24
17 23
18 23
17 22
18 22
19 22
19 23
19 24
16 22
16 23
16 24
19 25
18 25
17 25
16 25
20 24
20 23
20 25
20 22
19 21
18 21
17 21
16 21
20 21
15 24
15 23
15 22
15 25
15 21
18 26
17 26
19 26
16 26
20 26
15 26
21 23
21 24
21 22
21 21
21 25
21 26
18 20
17 20
19 20
16 20
20 20
15 20
21 20
17 27
18 27
19 27
16 27
20 27
15 27
14 26
14 25
14 24
14 27
17 19
18 19
19 19
16 19
20 19
15 19
21 19
18 28
17 28
16 28
19 28
15 28
20 28
14 28
13 24
13 25
13 26
13 27
13 28
18 18
17 18
19 18
16 18
20 18
15 18
21 18
17 29
18 29
16 29
15 29
19 29
14 29
20 29
13 29
12 25
12 26
12 27
12 28
12 24
12 29
17 17
18 17
19 17
16 17
20 17
15 17
21 17
18 30
17 30
16 30
15 30
14 30
19 30
13 30
20 30
12 30
11 24
11 25
11 26
11 27
11 28
11 29
11 30
18 16
17 16
19 16
16 16
20 16
15 16
21 16
17 31
18 31
16 31
15 31
14 31
13 31
12 31
19 31
20 31
11 31
10 25
10 26
10 27
10 28
0
Yes
31 32
31 31
32 31
32 32
32 33
31 33
31 34
32 34
33 32
33 33
33 31
33 34
32 30
31 30
33 30
31 29
32 29
33 29
34 31
34 32
34 33
34 30
34 34
34 29
33 35
34 35
35 32
35 31
35 33
35 30
35 34
35 29
35 35
32 28
33 28
34 28
31 28
35 28
31 27
32 27
33 27
34 27
35 27
34 36
35 36
36 31
36 32
36 33
36 30
36 34
36 29
36 35
36 28
36 36
36 27
37 32
37 31
37 33
37 30
37 34
37 29
37 35
37 28
37 36
37 27
33 26
34 26
35 26
36 26
37 26
35 37
36 37
34 37
37 37
34 38
35 38
36 38
37 38
38 31
38 32
38 33
38 30
38 34
38 29
38 35
38 28
38 36
38 27
38 37
38 26
34 25
35 25
36 25
37 25
33 25
38 25
39 32
39 31
39 33
39 30
39 34
39 29
39 35
39 28
39 36
39 27
39 26
39 37
39 25
35 39
36 39
34 39
34 40
35 40
36 40
33 40
33 41
34 41
35 41
36 41
37 40
34 42
35 42
33 42
36 42
0
No
0
Yes
3 26
3 27
3 28
3 29
3 30
3 31
4 26
4 27
4 28
4 29
4 30
4 31
5 26
5 27
5 28
5 29
5 30
5 31
6 26
6 27
6 28
6 29
6 30
6 31
7 26
7 27
7 28
7 29
7 30
7 31
8 26
8 27
8 28
8 29
8 30
8 31
9 26
9 27
9 28
9 29
9 30
9 31
0
Yes
15 12
15 13
16 12
16 13
15 11
16 11
14 11
0
No
0
No
0
Yes
22 0
22 1
22 2
23 0
23 1
23 2
24 0
24 1
24 2
25 0
25 1
25 2
26 0
26 1
26 2
27 0
27 1
0
Yes
14 32
14 33
14 34
14 35
14 36
15 32
15 33
15 34
15 35
15 36
16 32
16 33
16 34
16 35
16 36
17 32
17 33
17 34
17 35
17 36
18 32
18 33
18 34
18 35
18 36
19 32
19 33
19 34
19 35
19 36
20 32
20 33
20 34
20 35
20 36
0
Yes
40 23
40 24
40 25
40 26
40 27
40 28
40 29
40 30
40 31
40 32
40 33
40 34
40 35
41 23
41 24
41 25
41 26
41 27
41 28
41 29
41 30
41 31
41 32
41 33
41 34
41 35
42 23
42 24
42 25
42 26
42 27
42 28
42 29
42 30
42 31
42 32
42 33
42 34
42 35
43 23
43 24
43 25
43 26
43 27
43 28
43 29
43 30
43 31
43 32
43 33
43 34
43 35
44 23
44 24
44 25
44 26
44 27
44 28
44 29
44 30
44 31
44 32
44 33
44 34
44 35
45 23
45 24
45 25
45 26
45 27
45 28
45 29
45 30
45 31
45 32
45 33
45 34
45 35
46 23
46 24
46 25
46 26
46 27
46 28
46 29
46 30
46 31
46 32
46 33
46 34
46 35
47 23
47 24
47 25
47 26
47 27
47 28
47 29
47 30
47 31
47 32
47 33
47 34
47 35
48 23
48 24
48 25
48 26
48 27
48 28
48 29
48 30
48 31
48 32
48 33
48 34
48 35
49 23
49 24
49 25
49 26
49 27
49 28
49 29
49 30
49 31
49 32
49 33
49 34
0
Yes
26 6
27 6
26 5
25 6
25 5
0
Yes
0 38
0 39
0 40
0 41
0 42
0 43
0 44
0 45
0 46
1 38
1 39
1 40
1 41
1 42
1 43
1 44
1 45
1 46
2 38
2 39
2 40
2 41
2 42
2 43
2 44
2 45
2 46
3 38
3 39
3 40
3 41
3 42
3 43
3 44
3 45
3 46
4 38
4 39
4 40
4 41
4 42
4 43
4 44
4 45
4 46
5 38
5 39
5 40
5 41
5 42
5 43
5 44
5 45
5 46
6 38
6 39
6 40
6 41
6 42
6 43
6 44
6 45
6 46
7 38
7 39
7 40
7 41
7 42
7 43
7 44
7 45
0
No
0
Yes
8 37
8 38
8 39
8 40
8 41
8 42
8 43
8 44
8 45
8 46
8 47
9 37
9 38
9 39
9 40
9 41
9 42
9 43
9 44
9 45
9 46
9 47
10 37
10 38
10 39
10 40
10 41
10 42
10 43
10 44
10 45
10 46
10 47
11 37
11 38
11 39
11 40
11 41
11 42
11 43
11 44
11 45
11 46
11 47
12 37
12 38
12 39
12 40
12 41
12 42
12 43
12 44
12 45
12 46
12 47
13 37
13 38
13 39
13 40
13 41
13 42
13 43
13 44
13 45
13 46
13 47
14 37
14 38
14 39
14 40
14 41
14 42
14 43
14 44
14 45
14 46
14 47
15 37
15 38
15 39
15 40
15 41
15 42
15 43
15 44
15 45
15 46
15 47
16 37
16 38
16 39
16 40
16 41
16 42
16 43
16 44
16 45
16 46
16 47
17 37
17 38
17 39
17 40
17 41
17 42
17 43
17 44
17 45
17 46
17 47
18 37
18 38
18 39
18 40
18 41
18 42
18 43
18 44
18 45
18 46
18 47
19 37
19 38
19 39
19 40
19 41
19 42
19 43
19 44
19 45
19 46
19 47
20 37
20 38
20 39
20 40
0
No
0
Yes
42 0
42 1
42 2
42 3
42 4
43 0
43 1
43 2
43 3
43 4
44 0
44 1
44 2
44 3
44 4
45 0
45 1
45 2
45 3
45 4
46 0
46 1
46 2
46 3
46 4
47 0
47 1
47 2
47 3
47 4
48 0
48 1
48 2
48 3
48 4
49 0
49 1
49 2
49 3
49 4
0
Yes
22 14
22 15
22 16
22 17
22 18
22 19
22 20
22 21
22 22
22 23
22 24
22 25
22 26
23 14
23 15
23 16
23 17
23 18
23 19
23 20
23 21
23 22
23 23
23 24
23 25
23 26
24 14
24 15
24 16
24 17
24 18
24 19
24 20
24 21
24 22
24 23
24 24
24 25
24 26
25 14
25 15
25 16
25 17
25 18
25 19
25 20
25 21
25 22
25 23
25 24
25 25
25 26
26 14
26 15
26 16
26 17
26 18
26 19
26 20
26 21
26 22
26 23
26 24
26 25
26 26
27 14
27 15
27 16
27 17
27 18
27 19
27 20
27 21
27 22
27 23
27 24
27 25
27 26
28 14
28 15
28 16
28 17
28 18
28 19
28 20
28 21
28 22
28 23
28 24
28 25
28 26
29 14
29 15
29 16
29 17
29 18
29 19
29 20
29 21
29 22
29 23
29 24
29 25
29 26
30 14
30 15
30 16
30 17
30 18
30 19
30 20
30 21
30 22
30 23
30 24
30 25
30 26
31 14
31 15
31 16
31 17
31 18
31 19
31 20
31 21
31 22
31 23
31 24
31 25
31 26
32 14
32 15
32 16
32 17
32 18
32 19
32 20
32 21
32 22
0
Yes
0 0
0 1
0 2
0 3
0 4
1 0
1 1
1 2
1 3
1 4
2 0
2 1
2 2
2 3
2 4
3 0
3 1
3 2
3 3
3 4
4 0
4 1
4 2
4 3
4 4
5 0
5 1
5 2
5 3
5 4
6 0
6 1
6 2
6 3
6 4
7 0
7 1
7 2
7 3
7 4
8 0
8 1
8 2
8 3
8 4
0
Yes
37 0
37 1
37 2
38 0
38 1
38 2
39 0
39 1
39 2
0
No
0
No
0
Yes
22 47
21 47
22 46
23 47
21 46
20 47
20 46
0
Yes
2 16
2 17
2 18
2 19
3 16
3 17
3 18
3 19
4 16
4 17
4 18
4 19
5 16
5 17
5 18
5 19
6 16
6 17
0
Yes
11 1
11 2
12 1
12 2
10 1
11 0
10 0
0
No
0
No
0
Yes
42 36
42 37
42 38
42 39
42 40
42 41
43 36
43 37
43 38
43 39
43 40
43 41
44 36
44 37
44 38
44 39
44 40
44 41
45 36
45 37
45 38
45 39
45 40
45 41
46 36
46 37
46 38
46 39
46 40
46 41
47 36
47 37
47 38
47 39
47 40
47 41
48 36
48 37
48 38
48 39
48 40
48 41
49 36
49 37
49 38
49 39
49 40
0
Yes
14 31
14 32
14 33
14 34
14 35
14 36
15 31
15 32
15 33
15 34
15 35
15 36
16 31
16 32
16 33
16 34
16 35
16 36
17 31
17 32
17 33
17 34
17 35
17 36
18 31
18 32
18 33
18 34
18 35
18 36
19 31
19 32
19 33
19 34
19 35
19 36
20 31
20 32
20 33
20 34
20 35
20 36
0
No
0
Yes
27 0
27 1
27 2
27 3
28 0
28 1
28 2
28 3
29 0
29 1
29 2
29 3
0
No
0
Yes
9 11
10 11
9 10
10 10
8 10
0
Yes
0 35
0 36
0 37
0 38
0 39
0 40
0 41
0 42
0 43
0 44
0 45
1 35
1 36
1 37
1 38
1 39
1 40
1 41
1 42
1 43
1 44
1 45
2 35
2 36
2 37
2 38
2 39
2 40
2 41
2 42
2 43
2 44
2 45
3 35
3 36
3 37
3 38
3 39
3 40
3 41
3 42
3 43
3 44
3 45
4 35
4 36
4 37
4 38
4 39
4 40
4 41
4 42
4 43
4 44
4 45
5 35
5 36
5 37
5 38
5 39
5 40
5 41
5 42
5 43
5 44
5 45
6 35
6 36
6 37
6 38
6 39
6 40
6 41
6 42
6 43
6 44
6 45
7 35
7 36
7 37
7 38
7 39
7 40
7 41
7 42
7 43
7 44
7 45
8 35
8 36
8 37
8 38
8 39
8 40
8 41
8 42
8 43
8 44
8 45
9 35
9 36
9 37
9 38
9 39
9 40
9 41
9 42
9 43
9 44
9 45
10 35
10 36
10 37
10 38
10 39
10 40
10 41
10 42
10 43
10 44
10 45
0
No
0
Yes
33 14
33 15
33 16
33 17
33 18
33 19
33 20
33 21
33 22
34 14
34 15
34 16
34 17
34 18
34 19
34 20
34 21
34 22
35 14
35 15
35 16
35 17
35 18
35 19
35 20
35 21
35 22
36 14
36 15
36 16
36 17
36 18
36 19
36 20
36 21
36 22
37 14
37 15
37 16
37 17
37 18
37 19
37 20
37 21
37 22
38 14
38 15
38 16
38 17
38 18
38 19
38 20
38 21
38 22
39 14
39 15
39 16
39 17
39 18
39 19
39 20
39 21
39 22
40 14
40 15
40 16
40 17
40 18
40 19
40 20
40 21
40 22
41 14
41 15
41 16
41 17
41 18
41 19
41 20
41 21
41 22
42 14
42 15
42 16
42 17
42 18
42 19
42 20
42 21
42 22
43 14
43 15
43 16
43 17
43 18
43 19
0
Yes
41 37
41 38
40 37
41 36
40 36
0
No
0
Yes
11 34
11 35
11 36
11 37
11 38
11 39
11 40
11 41
11 42
11 43
11 44
11 45
11 46
11 47
12 34
12 35
12 36
12 37
12 38
12 39
12 40
12 41
12 42
12 43
12 44
12 45
12 46
12 47
13 34
13 35
13 36
13 37
13 38
13 39
13 40
13 41
13 42
13 43
13 44
13 45
13 46
13 47
14 34
14 35
14 36
14 37
14 38
14 39
14 40
14 41
14 42
14 43
14 44
14 45
14 46
14 47
15 34
15 35
15 36
15 37
15 38
15 39
15 40
15 41
15 42
15 43
15 44
15 45
15 46
15 47
16 34
16 35
16 36
16 37
16 38
16 39
16 40
16 41
16 42
16 43
16 44
16 45
16 46
16 47
17 34
17 35
17 36
17 37
17 38
17 39
17 40
17 41
17 42
17 43
17 44
17 45
17 46
17 47
18 34
18 35
18 36
18 37
18 38
18 39
18 40
18 41
18 42
18 43
18 44
18 45
18 46
18 47
19 34
19 35
19 36
19 37
19 38
19 39
19 40
19 41
19 42
19 43
19 44
19 45
19 46
19 47
20 34
20 35
20 36
20 37
20 38
20 39
20 40
0
Yes
0 12
0 13
0 14
0 15
1 12
1 13
1 14
1 15
2 12
2 13
2 14
2 15
3 12
3 13
3 14
3 15
0
No
0
No
0
Yes
31 35
31 34
32 34
32 33
31 33
32 32
31 32
33 32
33 33
33 34
33 31
32 31
31 31
34 34
34 33
34 32
34 31
31 30
32 30
33 30
34 30
35 33
35 32
35 31
35 34
35 30
32 29
33 29
34 29
31 29
35 29
35 35
34 35
33 35
36 34
36 33
36 32
36 31
36 30
36 35
36 29
31 28
32 28
33 28
34 28
35 28
36 28
36 36
35 36
34 36
37 35
37 34
37 33
37 32
37 31
37 30
37 29
37 36
37 28
32 27
33 27
34 27
35 27
36 27
37 27
31 27
34 37
35 37
36 37
37 37
38 34
38 35
38 33
38 32
38 31
38 30
38 29
38 36
38 28
38 37
38 27
33 26
34 26
35 26
36 26
32 26
37 26
38 26
39 35
39 34
39 33
39 32
39 31
39 30
39 29
39 28
39 27
39 26
39 36
39 37
39 25
38 25
37 25
36 25
35 25
0
No
0
Yes
21 27
21 28
21 29
21 30
21 31
21 32
21 33
21 34
21 35
21 36
21 37
21 38
21 39
21 40
22 27
22 28
22 29
22 30
22 31
22 32
22 33
22 34
22 35
22 36
22 37
22 38
22 39
22 40
23 27
23 28
23 29
23 30
23 31
23 32
23 33
23 34
23 35
23 36
23 37
23 38
23 39
23 40
24 27
24 28
24 29
24 30
24 31
24 32
24 33
24 34
24 35
24 36
24 37
24 38
24 39
24 40
25 27
25 28
25 29
25 30
25 31
25 32
25 33
25 34
25 35
25 36
25 37
25 38
25 39
25 40
26 27
26 28
26 29
26 30
26 31
26 32
26 33
26 34
26 35
26 36
26 37
26 38
26 39
26 40
27 27
27 28
27 29
27 30
27 31
27 32
27 33
27 34
27 35
27 36
27 37
27 38
27 39
27 40
28 27
28 28
28 29
28 30
28 31
28 32
28 33
28 34
28 35
28 36
28 37
28 38
28 39
28 40
29 27
29 28
29 29
29 30
29 31
29 32
29 33
29 34
29 35
29 36
29 37
29 38
29 39
29 40
30 27
30 28
30 29
30 30
30 31
30 32
30 33
30 34
30 35
30 36
30 37
30 38
30 39
30 40
31 27
31 28
31 29
0
Yes
37 14
37 15
37 16
37 17
37 18
37 19
37 20
37 21
37 22
38 14
38 15
38 16
38 17
38 18
38 19
38 20
38 21
38 22
39 14
39 15
39 16
39 17
39 18
39 19
39 20
39 21
39 22
40 14
40 15
40 16
40 17
40 18
40 19
40 20
40 21
40 22
41 14
41 15
41 16
41 17
41 18
41 19
41 20
41 21
41 22
42 14
42 15
42 16
42 17
42 18
42 19
42 20
42 21
42 22
43 14
43 15
43 16
43 17
43 18
43 19
43 20
43 21
43 22
44 14
44 15
44 16
44 17
44 18
44 19
44 20
44 21
44 22
45 14
45 15
45 16
45 17
45 18
45 19
45 20
45 21
45 22
46 14
46 15
46 16
46 17
46 18
46 19
46 20
46 21
46 22
47 14
47 15
47 16
47 17
47 18
47 19
47 20
47 21
47 22
48 14
48 15
48 16
48 17
48 18
48 19
48 20
48 21
48 22
49 14
49 15
49 16
49 17
49 18
49 19
0
No
0
No
0
No
0
No
0
Yes
40 42
40 43
40 44
40 45
40 46
40 47
40 48
40 49
41 42
41 43
41 44
41 45
41 46
41 47
41 48
41 49
42 42
42 43
42 44
42 45
42 46
42 47
42 48
42 49
43 42
43 43
43 44
43 45
43 46
43 47
43 48
43 49
44 42
44 43
44 44
44 45
44 46
44 47
44 48
44 49
45 42
45 43
45 44
45 45
45 46
45 47
45 48
45 49
46 42
46 43
46 44
46 45
46 46
46 47
46 48
46 49
47 42
47 43
47 44
47 45
47 46
47 47
47 48
47 49
48 42
48 43
48 44
48 45
48 46
48 47
48 48
48 49
49 42
49 43
49 44
49 45
49 46
49 47
49 48
49 49
0
Yes
15 16
15 17
15 18
15 19
15 20
15 21
15 22
15 23
15 24
16 16
16 17
16 18
16 19
16 20
16 21
16 22
16 23
16 24
17 16
17 17
17 18
17 19
17 20
17 21
17 22
17 23
17 24
18 16
18 17
18 18
18 19
18 20
18 21
18 22
18 23
18 24
19 16
19 17
19 18
19 19
19 20
19 21
19 22
19 23
19 24
20 16
20 17
20 18
20 19
20 20
20 21
20 22
20 23
20 24
21 16
21 17
21 18
21 19
21 20
21 21
21 22
21 23
21 24
22 16
22 17
22 18
22 19
22 20
22 21
22 22
22 23
22 24
23 16
23 17
23 18
23 19
23 20
23 21
23 22
23 23
23 24
24 16
24 17
24 18
24 19
24 20
24 21
24 22
24 23
24 24
25 16
25 17
25 18
25 19
0
Yes
26 14
26 15
26 16
26 17
26 18
26 19
26 20
26 21
26 22
26 23
26 24
26 25
26 26
26 27
27 14
27 15
27 16
27 17
27 18
27 19
27 20
27 21
27 22
27 23
27 24
27 25
27 26
27 27
28 14
28 15
28 16
28 17
28 18
28 19
28 20
28 21
28 22
28 23
28 24
28 25
28 26
28 27
29 14
29 15
29 16
29 17
29 18
29 19
29 20
29 21
29 22
29 23
29 24
29 25
29 26
29 27
30 14
30 15
30 16
30 17
30 18
30 19
30 20
30 21
30 22
30 23
30 24
30 25
30 26
30 27
31 14
31 15
31 16
31 17
31 18
31 19
31 20
31 21
31 22
31 23
31 24
31 25
31 26
31 27
32 14
32 15
32 16
32 17
32 18
32 19
32 20
32 21
32 22
32 23
32 24
32 25
32 26
32 27
33 14
33 15
33 16
33 17
33 18
33 19
33 20
33 21
33 22
33 23
33 24
33 25
33 26
33 27
34 14
34 15
34 16
34 17
34 18
34 19
34 20
34 21
34 22
34 23
34 24
34 25
34 26
34 27
35 14
35 15
35 16
35 17
35 18
35 19
35 20
35 21
35 22
35 23
35 24
35 25
35 26
35 27
36 14
36 15
36 16
36 17
36 18
36 19
36 20
36 21
36 22
36 23
0
No
0
No
0
No
0
No
0
Yes
11 36
11 37
11 38
11 39
11 40
11 41
11 42
11 43
11 44
11 45
11 46
11 47
12 36
12 37
12 38
12 39
12 40
12 41
12 42
12 43
12 44
12 45
12 46
12 47
13 36
13 37
13 38
13 39
13 40
13 41
13 42
13 43
13 44
13 45
13 46
13 47
14 36
14 37
14 38
14 39
14 40
14 41
14 42
14 43
14 44
14 45
14 46
14 47
15 36
15 37
15 38
15 39
15 40
15 41
15 42
15 43
15 44
15 45
15 46
15 47
16 36
16 37
16 38
16 39
16 40
16 41
16 42
16 43
16 44
16 45
16 46
16 47
17 36
17 37
17 38
17 39
17 40
17 41
17 42
17 43
17 44
17 45
17 46
17 47
18 36
18 37
18 38
18 39
18 40
18 41
18 42
18 43
18 44
18 45
18 46
18 47
19 36
19 37
19 38
19 39
19 40
19 41
19 42
19 43
19 44
19 45
19 46
19 47
20 36
20 37
20 38
20 39
20 40
20 41
0
Yes
0 5
0 6
0 7
0 8
0 9
0 10
0 11
1 5
1 6
1 7
1 8
1 9
1 10
1 11
2 5
2 6
2 7
2 8
2 9
2 10
2 11
3 5
3 6
3 7
3 8
3 9
0
Yes
17 8
17 9
17 10
17 11
18 8
18 9
18 10
18 11
19 8
19 9
19 10
0
Yes
12 25
12 26
12 27
12 28
12 29
12 30
12 31
12 32
12 33
12 34
12 35
13 25
13 26
13 27
13 28
13 29
13 30
13 31
13 32
13 33
13 34
13 35
14 25
14 26
14 27
14 28
14 29
14 30
14 31
14 32
14 33
14 34
14 35
15 25
15 26
15 27
15 28
15 29
15 30
15 31
15 32
15 33
15 34
15 35
16 25
16 26
16 27
16 28
16 29
16 30
16 31
16 32
16 33
16 34
16 35
17 25
17 26
17 27
17 28
17 29
17 30
17 31
17 32
17 33
17 34
17 35
18 25
18 26
18 27
18 28
18 29
18 30
18 31
18 32
18 33
18 34
18 35
19 25
19 26
19 27
19 28
19 29
19 30
19 31
19 32
19 33
19 34
19 35
20 25
20 26
20 27
20 28
20 29
20 30
20 31
20 32
20 33
20 34
20 35
21 25
21 26
21 27
21 28
21 29
21 30
21 31
21 32
21 33
21 34
21 35
22 25
22 26
22 27
22 28
22 29
22 30
22 31
22 32
22 33
22 34
22 35
23 25
23 26
23 27
23 28
23 29
23 30
23 31
23 32
23 33
23 34
23 35
24 25
24 26
24 27
24 28
24 29
24 30
24 31
24 32
24 33
24 34
24 35
25 25
25 26
25 27
25 28
0
Yes
31 39
30 39
30 38
30 40
31 40
29 40
29 39
29 38
29 41
30 41
31 41
28 39
28 40
28 38
28 41
31 42
30 42
29 42
28 42
28 37
29 37
30 37
27 38
27 39
27 40
27 41
27 37
27 42
30 43
29 43
28 43
27 43
31 43
30 36
29 36
28 36
27 36
26 39
26 38
26 40
26 41
26 37
26 42
26 36
26 43
29 35
28 35
27 35
30 35
26 35
25 38
25 37
25 39
25 40
25 36
25 35
25 42
25 43
30 34
29 34
28 34
27 34
26 34
25 34
24 39
24 38
24 37
24 36
24 40
24 41
24 42
24 43
29 33
28 33
27 33
26 33
30 33
25 33
31 33
31 34
31 35
23 38
23 39
23 40
23 41
23 37
23 42
23 36
23 43
31 32
30 32
29 32
28 32
27 32
26 32
25 32
22 39
22 38
22 40
22 41
22 37
22 42
22 36
22 43
30 31
29 31
28 31
27 31
26 31
31 31
25 31
32 32
32 33
32 34
32 31
21 38
21 39
21 40
21 41
21 42
21 43
21 37
21 36
31 30
30 30
29 30
28 30
27 30
0
No
0
Yes
31 14
31 15
31 16
31 17
31 18
31 19
31 20
32 14
32 15
32 16
32 17
32 18
32 19
32 20
33 14
33 15
33 16
33 17
33 18
33 19
33 20
34 14
34 15
34 16
34 17
34 18
34 19
34 20
35 14
35 15
35 16
35 17
35 18
35 19
35 20
36 14
36 15
36 16
36 17
36 18
36 19
36 20
0
Yes
17 0
17 1
17 2
17 3
17 4
18 0
18 1
18 2
18 3
18 4
19 0
19 1
19 2
19 3
19 4
20 0
20 1
20 2
20 3
20 4
21 0
21 1
21 2
21 3
21 4
22 0
22 1
22 2
22 3
22 4
23 0
23 1
23 2
0
Yes
4 46
4 47
4 48
4 49
5 46
5 47
5 48
5 49
6 46
6 47
6 48
6 49
7 46
7 47
7 48
7 49
8 46
8 47
8 48
8 49
9 46
9 47
9 48
9 49
10 46
10 47
0
Yes
44 6
44 7
44 8
44 9
44 10
44 11
44 12
44 13
45 6
45 7
45 8
45 9
45 10
45 11
45 12
45 13
46 6
46 7
46 8
46 9
46 10
46 11
46 12
46 13
47 6
47 7
47 8
47 9
47 10
47 11
47 12
47 13
48 6
48 7
48 8
48 9
48 10
48 11
48 12
48 13
49 6
49 7
49 8
49 9
49 10
49 11
49 12
49 13
0
Yes
26 14
26 15
26 16
26 17
26 18
26 19
26 20
26 21
26 22
26 23
26 24
26 25
26 26
26 27
27 14
27 15
27 16
27 17
27 18
27 19
27 20
27 21
27 22
27 23
27 24
27 25
27 26
27 27
28 14
28 15
28 16
28 17
28 18
28 19
28 20
28 21
28 22
28 23
28 24
28 25
28 26
28 27
29 14
29 15
29 16
29 17
29 18
29 19
29 20
29 21
29 22
29 23
29 24
29 25
29 26
29 27
30 14
30 15
30 16
30 17
30 18
30 19
30 20
30 21
30 22
30 23
30 24
30 25
30 26
30 27
31 14
31 15
31 16
31 17
31 18
31 19
31 20
31 21
31 22
31 23
31 24
31 25
31 26
31 27
32 14
32 15
32 16
32 17
32 18
32 19
32 20
32 21
32 22
32 23
32 24
32 25
32 26
32 27
33 14
33 15
33 16
33 17
33 18
33 19
33 20
33 21
33 22
33 23
33 24
33 25
33 26
33 27
34 14
34 15
34 16
34 17
34 18
34 19
34 20
34 21
34 22
34 23
34 24
34 25
34 26
34 27
35 14
35 15
35 16
35 17
35 18
35 19
35 20
35 21
35 22
35 23
35 24
35 25
35 26
35 27
36 14
36 15
36 16
36 17
36 18
36 19
36 20
36 21
36 22
36 23
0
Yes
2 26
2 27
2 28
2 29
2 30
2 31
3 26
3 27
3 28
3 29
3 30
3 31
4 26
4 27
4 28
4 29
4 30
4 31
5 26
5 27
5 28
5 29
5 30
5 31
6 26
6 27
6 28
6 29
6 30
6 31
7 26
7 27
7 28
7 29
7 30
7 31
8 26
8 27
8 28
8 29
8 30
8 31
9 26
9 27
0
No
0
No
0
Yes
26 14
26 15
26 16
26 17
26 18
26 19
26 20
26 21
26 22
26 23
26 24
26 25
26 26
26 27
27 14
27 15
27 16
27 17
27 18
27 19
27 20
27 21
27 22
27 23
27 24
27 25
27 26
27 27
28 14
28 15
28 16
28 17
28 18
28 19
28 20
28 21
28 22
28 23
28 24
28 25
28 26
28 27
29 14
29 15
29 16
29 17
29 18
29 19
29 20
29 21
29 22
29 23
29 24
29 25
29 26
29 27
30 14
30 15
30 16
30 17
30 18
30 19
30 20
30 21
30 22
30 23
30 24
30 25
30 26
30 27
31 14
31 15
31 16
31 17
31 18
31 19
31 20
31 21
31 22
31 23
31 24
31 25
31 26
31 27
32 14
32 15
32 16
32 17
32 18
32 19
32 20
32 21
32 22
32 23
32 24
32 25
32 26
32 27
33 14
33 15
33 16
33 17
33 18
33 19
33 20
33 21
33 22
33 23
33 24
33 25
33 26
33 27
34 14
34 15
34 16
34 17
34 18
34 19
34 20
34 21
34 22
34 23
34 24
34 25
34 26
34 27
35 14
35 15
35 16
35 17
35 18
35 19
35 20
35 21
35 22
35 23
35 24
35 25
35 26
35 27
36 14
36 15
36 16
36 17
36 18
36 19
36 20
0
Yes
36 23
36 24
36 25
36 26
36 27
37 23
37 24
37 25
37 26
37 27
38 23
38 24
38 25
38 26
38 27
39 23
39 24
39 25
39 26
39 27
0
No
0
Yes
0 8
0 9
0 10
0 11
1 8
1 9
1 10
1 11
2 8
2 9
2 10
0
Yes
0 4
0 5
0 6
0 7
1 4
1 5
1 6
1 7
2 4
2 5
2 6
2 7
0
Yes
0 0
0 1
0 2
0 3
1 0
1 1
1 2
1 3
0
No
0
Yes
20 45
19 45
19 44
20 44
19 43
20 43
18 43
18 44
18 45
17 45
17 44
17 43
18 42
19 42
20 42
17 42
16 44
16 43
16 45
16 42
17 46
18 46
19 46
16 46
20 41
19 41
18 41
17 41
16 41
15 45
15 44
15 43
15 42
15 46
15 41
19 47
18 47
17 47
16 47
15 47
19 40
18 40
17 40
16 40
20 40
15 40
14 44
14 45
14 43
14 42
14 46
14 41
14 47
14 40
20 39
19 39
18 39
17 39
16 39
15 39
14 39
13 45
13 44
13 43
13 42
13 41
13 46
13 40
13 47
13 39
19 38
18 38
17 38
16 38
15 38
14 38
20 38
13 38
13 48
14 48
15 48
12 44
12 45
12 46
12 43
12 42
12 41
12 40
12 47
12 39
12 48
12 38
20 37
19 37
18 37
17 37
16 37
15 37
14 37
13 37
12 37
15 49
14 49
13 49
12 49
11 45
11 44
11 46
11 43
11 47
11 42
11 41
11 40
11 39
11 48
11 38
11 49
11 37
19 36
18 36
17 36
16 36
15 36
14 36
13 36
12 36
11 36
20 36
10 46
10 47
10 48
10 49
9 47
9 48
9 46
9 49
0
Yes
43 14
43 15
43 16
43 17
43 18
43 19
43 20
44 14
44 15
44 16
44 17
44 18
44 19
44 20
45 14
45 15
45 16
45 17
45 18
45 19
45 20
46 14
46 15
46 16
46 17
46 18
46 19
46 20
47 14
47 15
47 16
47 17
47 18
47 19
47 20
48 14
48 15
48 16
48 17
48 18
48 19
48 20
49 14
49 15
49 16
49 17
49 18
49 19
49 20
0
Yes
4 0
4 1
4 2
4 3
4 4
5 0
5 1
5 2
5 3
5 4
6 0
6 1
6 2
6 3
6 4
7 0
7 1
7 2
7 3
7 4
8 0
8 1
8 2
8 3
8 4
9 0
9 1
9 2
9 3
9 4
0
Yes
33 26
33 27
33 28
33 29
33 30
33 31
33 32
33 33
33 34
33 35
34 26
34 27
34 28
34 29
34 30
34 31
34 32
34 33
34 34
34 35
35 26
35 27
35 28
35 29
35 30
35 31
35 32
35 33
35 34
35 35
36 26
36 27
36 28
36 29
36 30
36 31
36 32
36 33
36 34
36 35
37 26
37 27
37 28
37 29
37 30
37 31
37 32
37 33
37 34
37 35
38 26
38 27
38 28
38 29
38 30
38 31
38 32
38 33
38 34
38 35
39 26
39 27
39 28
39 29
39 30
39 31
39 32
39 33
0
Yes
35 0
35 1
35 2
35 3
35 4
36 0
36 1
36 2
36 3
36 4
37 0
37 1
37 2
37 3
37 4
38 0
38 1
38 2
38 3
38 4
39 0
39 1
39 2
0
Yes
26 6
27 6
26 5
25 6
25 5
0
Yes
12 16
12 17
12 18
12 19
12 20
12 21
12 22
12 23
12 24
13 16
13 17
13 18
13 19
13 20
13 21
13 22
13 23
13 24
14 16
14 17
14 18
14 19
14 20
14 21
14 22
14 23
14 24
15 16
15 17
15 18
15 19
15 20
15 21
15 22
15 23
15 24
16 16
16 17
16 18
16 19
16 20
16 21
16 22
16 23
16 24
17 16
17 17
17 18
17 19
17 20
17 21
17 22
17 23
17 24
18 16
18 17
18 18
18 19
18 20
18 21
18 22
18 23
18 24
19 16
19 17
19 18
19 19
19 20
19 21
19 22
19 23
19 24
20 16
20 17
20 18
20 19
20 20
20 21
20 22
20 23
20 24
21 16
21 17
21 18
21 19
0
Yes
3 46
3 47
3 48
3 49
4 46
4 47
4 48
4 49
5 46
5 47
5 48
5 49
6 46
6 47
6 48
6 49
7 46
7 47
7 48
7 49
8 46
0
Yes
41 21
41 22
41 23
41 24
41 25
41 26
41 27
41 28
41 29
42 21
42 22
42 23
42 24
42 25
42 26
42 27
42 28
42 29
43 21
43 22
43 23
43 24
43 25
43 26
43 27
43 28
43 29
44 21
44 22
44 23
44 24
44 25
44 26
44 27
44 28
44 29
45 21
45 22
45 23
45 24
45 25
45 26
45 27
45 28
45 29
46 21
46 22
46 23
46 24
46 25
46 26
46 27
46 28
46 29
47 21
47 22
47 23
47 24
47 25
47 26
47 27
47 28
47 29
48 21
48 22
48 23
48 24
48 25
48 26
48 27
48 28
48 29
49 21
49 22
49 23
49 24
49 25
49 26
49 27
49 28
49 29
0
Yes
34 0
34 1
34 2
34 3
34 4
35 0
35 1
35 2
35 3
35 4
36 0
36 1
36 2
36 3
36 4
37 0
37 1
37 2
37 3
37 4
38 0
38 1
38 2
38 3
38 4
39 0
0
Yes
45 33
45 34
45 35
45 36
45 37
45 38
45 39
45 40
45 41
46 33
46 34
46 35
46 36
46 37
46 38
46 39
46 40
46 41
47 33
47 34
47 35
47 36
47 37
47 38
47 39
47 40
47 41
48 33
48 34
48 35
48 36
48 37
48 38
48 39
48 40
48 41
49 33
49 34
49 35
49 36
49 37
49 38
49 39
49 40
49 41
0
Yes
15 11
15 12
15 13
16 11
16 12
16 13
0
Yes
24 44
24 45
24 46
24 47
24 48
24 49
25 44
25 45
25 46
25 47
25 48
25 49
26 44
26 45
26 46
26 47
26 48
26 49
27 44
27 45
27 46
27 47
27 48
27 49
28 44
28 45
28 46
28 47
28 48
28 49
29 44
29 45
29 46
29 47
0
Yes
44 21
44 22
44 23
44 24
44 25
44 26
45 21
45 22
45 23
45 24
45 25
45 26
46 21
46 22
46 23
46 24
46 25
46 26
47 21
47 22
47 23
47 24
47 25
47 26
48 21
48 22
48 23
48 24
48 25
48 26
49 21
49 22
49 23
49 24
49 25
49 26
0
Yes
30 14
30 15
30 16
30 17
30 18
30 19
30 20
30 21
30 22
31 14
31 15
31 16
31 17
31 18
31 19
31 20
31 21
31 22
32 14
32 15
32 16
32 17
32 18
32 19
32 20
32 21
32 22
33 14
33 15
33 16
33 17
33 18
33 19
33 20
33 21
33 22
34 14
34 15
34 16
34 17
34 18
34 19
34 20
34 21
34 22
35 14
35 15
35 16
35 17
35 18
35 19
35 20
35 21
35 22
36 14
36 15
36 16
36 17
36 18
36 19
36 20
36 21
36 22
37 14
37 15
37 16
37 17
37 18
37 19
37 20
37 21
37 22
38 14
38 15
38 16
38 17
38 18
38 19
38 20
38 21
38 22
39 14
39 15
39 16
39 17
39 18
39 19
39 20
39 21
39 22
40 14
40 15
40 16
40 17
40 18
40 19
40 20
40 21
40 22
41 14
41 15
41 16
41 17
41 18
41 19
41 20
41 21
41 22
42 14
42 15
42 16
42 17
42 18
42 19
42 20
42 21
42 22
0
Yes
24 0
24 1
24 2
25 0
25 1
25 2
26 0
26 1
26 2
27 0
27 1
0
Yes
22 13
22 14
22 15
22 16
22 17
22 18
22 19
22 20
22 21
22 22
22 23
22 24
23 13
23 14
23 15
23 16
23 17
23 18
23 19
23 20
23 21
23 22
23 23
23 24
24 13
24 14
24 15
24 16
24 17
24 18
24 19
24 20
24 21
24 22
24 23
24 24
25 13
25 14
25 15
25 16
25 17
25 18
25 19
25 20
25 21
25 22
25 23
25 24
26 13
26 14
26 15
26 16
26 17
26 18
26 19
26 20
26 21
26 22
26 23
26 24
27 13
27 14
27 15
27 16
27 17
27 18
27 19
27 20
27 21
27 22
27 23
27 24
28 13
28 14
28 15
28 16
28 17
28 18
28 19
28 20
28 21
28 22
28 23
28 24
29 13
29 14
29 15
29 16
29 17
29 18
29 19
29 20
0
Yes
35 0
35 1
35 2
36 0
36 1
36 2
37 0
37 1
37 2
38 0
38 1
38 2
39 0
39 1
39 2
0
Yes
0 0
0 1
0 2
1 0
1 1
1 2
2 0
2 1
2 2
3 0
3 1
3 2
4 0
4 1
0
Yes
0 46
0 47
0 48
0 49
1 46
1 47
1 48
1 49
2 46
2 47
2 48
2 49
3 46
3 47
3 48
3 49
4 46
4 47
4 48
4 49
0
Yes
32 6
32 7
32 8
32 9
32 10
32 11
32 12
32 13
33 6
33 7
33 8
33 9
33 10
33 11
33 12
33 13
34 6
34 7
34 8
34 9
34 10
34 11
34 12
34 13
35 6
35 7
35 8
35 9
35 10
35 11
35 12
35 13
36 6
36 7
36 8
36 9
36 10
36 11
36 12
36 13
37 6
37 7
37 8
37 9
37 10
37 11
37 12
37 13
38 6
38 7
38 8
38 9
38 10
38 11
38 12
38 13
39 6
39 7
39 8
39 9
39 10
39 11
39 12
39 13
40 6
40 7
40 8
40 9
40 10
40 11
40 12
40 13
41 6
41 7
41 8
41 9
41 10
41 11
41 12
41 13
42 6
42 7
42 8
42 9
42 10
42 11
42 12
42 13
43 6
43 7
43 8
43 9
43 10
43 11
0
Yes
11 36
11 37
11 38
11 39
11 40
11 41
11 42
11 43
11 44
11 45
12 36
12 37
12 38
12 39
12 40
12 41
12 42
12 43
12 44
12 45
13 36
13 37
13 38
13 39
13 40
13 41
13 42
13 43
13 44
13 45
14 36
14 37
14 38
14 39
14 40
14 41
14 42
14 43
14 44
14 45
15 36
15 37
15 38
15 39
15 40
15 41
15 42
15 43
15 44
15 45
16 36
16 37
16 38
16 39
16 40
16 41
16 42
16 43
16 44
16 45
17 36
17 37
17 38
17 39
17 40
17 41
17 42
17 43
17 44
17 45
18 36
18 37
18 38
18 39
18 40
18 41
18 42
18 43
18 44
18 45
19 36
19 37
19 38
19 39
19 40
19 41
19 42
19 43
19 44
19 45
20 36
20 37
20 38
20 39
20 40
20 41
20 42
20 43
20 44
20 45
21 36
21 37
21 38
21 39
21 40
21 41
0
Yes
23 0
23 1
23 2
24 0
24 1
24 2
25 0
25 1
25 2
26 0
26 1
26 2
27 0
27 1
0
Yes
0 20
0 21
0 22
0 23
0 24
0 25
0 26
0 27
1 20
1 21
1 22
1 23
1 24
1 25
1 26
1 27
2 20
2 21
2 22
2 23
2 24
2 25
2 26
2 27
3 20
3 21
3 22
3 23
3 24
3 25
3 26
3 27
4 20
4 21
4 22
4 23
4 24
4 25
4 26
4 27
5 20
5 21
5 22
0
Yes
5 46
5 47
5 48
5 49
6 46
6 47
6 48
6 49
7 46
7 47
7 48
7 49
8 46
8 47
8 48
8 49
9 46
9 47
9 48
9 49
10 46
10 47
10 48
10 49
0
Yes
38 5
38 6
38 7
38 8
38 9
38 10
38 11
38 12
38 13
39 5
39 6
39 7
39 8
39 9
39 10
39 11
39 12
39 13
40 5
40 6
40 7
40 8
40 9
40 10
40 11
40 12
40 13
41 5
41 6
41 7
41 8
41 9
41 10
41 11
41 12
41 13
42 5
42 6
42 7
42 8
42 9
42 10
42 11
42 12
42 13
43 5
43 6
43 7
43 8
43 9
43 10
43 11
43 12
43 13
44 5
44 6
44 7
44 8
44 9
44 10
44 11
44 12
44 13
45 5
45 6
45 7
45 8
45 9
45 10
45 11
45 12
45 13
46 5
46 6
46 7
46 8
46 9
46 10
46 11
46 12
46 13
47 5
47 6
47 7
47 8
47 9
47 10
47 11
47 12
47 13
48 5
48 6
48 7
48 8
48 9
48 10
48 11
48 12
48 13
49 5
49 6
49 7
49 8
49 9
49 10
49 11
49 12
0
Yes
34 26
34 27
34 28
34 29
34 30
34 31
34 32
34 33
34 34
34 35
34 36
34 37
35 26
35 27
35 28
35 29
35 30
35 31
35 32
35 33
35 34
35 35
35 36
35 37
36 26
36 27
36 28
36 29
36 30
36 31
36 32
36 33
36 34
36 35
36 36
36 37
37 26
37 27
37 28
37 29
37 30
37 31
37 32
37 33
37 34
37 35
37 36
37 37
38 26
38 27
38 28
38 29
38 30
38 31
38 32
38 33
38 34
38 35
38 36
38 37
39 26
39 27
39 28
39 29
39 30
39 31
39 32
39 33
39 34
39 35
39 36
39 37
40 26
40 27
40 28
40 29
40 30
40 31
40 32
40 33
40 34
40 35
40 36
40 37
41 26
41 27
41 28
41 29
41 30
41 31
41 32
41 33
41 34
41 35
41 36
41 37
42 26
42 27
42 28
42 29
42 30
42 31
42 32
42 33
42 34
42 35
42 36
42 37
43 26
43 27
43 28
43 29
43 30
43 31
43 32
43 33
43 34
43 35
43 36
43 37
44 26
44 27
44 28
44 29
44 30
44 31
44 32
44 33
44 34
44 35
44 36
44 37
45 26
0
Yes
11 36
11 37
11 38
11 39
11 40
11 41
11 42
11 43
11 44
11 45
11 46
11 47
12 36
12 37
12 38
12 39
12 40
12 41
12 42
12 43
12 44
12 45
12 46
12 47
13 36
13 37
13 38
13 39
13 40
13 41
13 42
13 43
13 44
13 45
13 46
13 47
14 36
14 37
14 38
14 39
14 40
14 41
14 42
14 43
14 44
14 45
14 46
14 47
15 36
15 37
15 38
15 39
15 40
15 41
15 42
15 43
15 44
15 45
15 46
15 47
16 36
16 37
16 38
16 39
16 40
16 41
16 42
16 43
16 44
16 45
16 46
16 47
17 36
17 37
17 38
17 39
17 40
17 41
17 42
17 43
17 44
17 45
17 46
17 47
18 36
18 37
18 38
18 39
18 40
18 41
18 42
18 43
18 44
18 45
18 46
18 47
19 36
19 37
19 38
19 39
19 40
19 41
19 42
19 43
19 44
19 45
19 46
19 47
0
Yes
33 15
33 16
33 17
33 18
33 19
33 20
33 21
33 22
33 23
33 24
33 25
34 15
34 16
34 17
34 18
34 19
34 20
34 21
34 22
34 23
34 24
34 25
35 15
35 16
35 17
35 18
35 19
35 20
35 21
35 22
35 23
35 24
35 25
36 15
36 16
36 17
36 18
36 19
36 20
36 21
36 22
36 23
36 24
36 25
37 15
37 16
37 17
37 18
37 19
37 20
37 21
37 22
37 23
37 24
37 25
38 15
38 16
38 17
38 18
38 19
38 20
38 21
38 22
38 23
38 24
38 25
39 15
39 16
39 17
39 18
39 19
39 20
39 21
39 22
39 23
39 24
39 25
40 15
40 16
40 17
40 18
40 19
40 20
40 21
40 22
40 23
40 24
40 25
41 15
41 16
41 17
41 18
41 19
41 20
41 21
41 22
41 23
41 24
41 25
42 15
42 16
42 17
42 18
42 19
42 20
42 21
42 22
42 23
42 24
42 25
0
Yes
30 5
30 6
30 7
30 8
30 9
30 10
30 11
30 12
30 13
30 14
31 5
31 6
31 7
31 8
31 9
31 10
31 11
31 12
31 13
31 14
32 5
32 6
32 7
32 8
32 9
32 10
32 11
32 12
32 13
32 14
33 5
33 6
33 7
33 8
33 9
33 10
33 11
33 12
33 13
33 14
34 5
34 6
34 7
34 8
34 9
34 10
34 11
34 12
34 13
34 14
35 5
35 6
35 7
35 8
35 9
35 10
35 11
35 12
35 13
35 14
36 5
36 6
36 7
36 8
36 9
36 10
36 11
36 12
36 13
36 14
37 5
37 6
37 7
37 8
37 9
37 10
37 11
37 12
0
Yes
33 0
33 1
33 2
33 3
33 4
34 0
34 1
34 2
34 3
34 4
35 0
35 1
35 2
35 3
35 4
36 0
36 1
36 2
36 3
36 4
37 0
37 1
37 2
37 3
37 4
38 0
38 1
38 2
38 3
38 4
0
Yes
42 0
42 1
42 2
42 3
42 4
42 5
42 6
42 7
42 8
42 9
42 10
42 11
42 12
43 0
43 1
43 2
43 3
43 4
43 5
43 6
43 7
43 8
43 9
43 10
43 11
43 12
44 0
44 1
44 2
44 3
44 4
44 5
44 6
44 7
44 8
44 9
44 10
44 11
44 12
45 0
45 1
45 2
45 3
45 4
45 5
45 6
45 7
45 8
45 9
45 10
45 11
45 12
46 0
46 1
46 2
46 3
46 4
46 5
46 6
46 7
46 8
46 9
46 10
46 11
46 12
47 0
47 1
47 2
47 3
47 4
47 5
47 6
47 7
47 8
47 9
47 10
47 11
47 12
48 0
48 1
48 2
48 3
48 4
48 5
48 6
48 7
48 8
48 9
48 10
48 11
48 12
49 0
49 1
49 2
49 3
49 4
49 5
49 6
49 7
49 8
49 9
49 10
49 11
49 12
0
Yes
43 14
43 15
43 16
43 17
43 18
43 19
43 20
43 21
43 22
43 23
43 24
43 25
44 14
44 15
44 16
44 17
44 18
44 19
44 20
44 21
44 22
44 23
44 24
44 25
45 14
45 15
45 16
45 17
45 18
45 19
45 20
45 21
45 22
45 23
45 24
45 25
46 14
46 15
46 16
46 17
46 18
46 19
46 20
46 21
46 22
46 23
46 24
46 25
47 14
47 15
47 16
47 17
47 18
47 19
47 20
47 21
47 22
47 23
47 24
47 25
48 14
48 15
48 16
48 17
48 18
48 19
48 20
48 21
48 22
48 23
48 24
48 25
49 14
49 15
49 16
49 17
49 18
49 19
49 20
49 21
49 22
49 23
0
Yes
14 11
14 12
14 13
15 11
15 12
15 13
16 11
16 12
16 13
0
Yes
44 0
44 1
44 2
44 3
44 4
44 5
44 6
44 7
44 8
44 9
44 10
45 0
45 1
45 2
45 3
45 4
45 5
45 6
45 7
45 8
45 9
45 10
46 0
46 1
46 2
46 3
46 4
46 5
46 6
46 7
46 8
46 9
46 10
47 0
47 1
47 2
47 3
47 4
47 5
47 6
47 7
47 8
47 9
47 10
48 0
48 1
48 2
48 3
48 4
48 5
48 6
48 7
48 8
48 9
48 10
49 0
49 1
49 2
49 3
49 4
49 5
49 6
49 7
49 8
49 9
49 10
0
Yes
5 46
5 47
5 48
5 49
6 46
6 47
6 48
6 49
7 46
7 47
7 48
7 49
8 46
8 47
8 48
8 49
9 46
0
Yes
42 38
42 39
42 40
42 41
42 42
42 43
42 44
42 45
42 46
42 47
42 48
42 49
43 38
43 39
43 40
43 41
43 42
43 43
43 44
43 45
43 46
43 47
43 48
43 49
44 38
44 39
44 40
44 41
44 42
44 43
44 44
44 45
44 46
44 47
44 48
44 49
45 38
45 39
45 40
45 41
45 42
45 43
45 44
45 45
45 46
45 47
45 48
45 49
46 38
46 39
46 40
46 41
46 42
46 43
46 44
46 45
46 46
46 47
46 48
46 49
47 38
47 39
47 40
47 41
47 42
47 43
47 44
47 45
47 46
47 47
47 48
47 49
48 38
48 39
48 40
48 41
48 42
48 43
48 44
48 45
48 46
48 47
48 48
48 49
49 38
49 39
49 40
49 41
49 42
49 43
49 44
49 45
49 46
0
Yes
0 20
0 21
0 22
0 23
0 24
0 25
0 26
0 27
0 28
1 20
1 21
1 22
1 23
1 24
1 25
1 26
1 27
1 28
2 20
2 21
2 22
2 23
2 24
2 25
2 26
2 27
2 28
3 20
3 21
3 22
3 23
3 24
3 25
3 26
3 27
3 28
4 20
4 21
4 22
4 23
4 24
4 25
4 26
4 27
4 28
5 20
5 21
5 22
5 23
5 24
5 25
5 26
0
Yes
6 0
6 1
6 2
6 3
6 4
7 0
7 1
7 2
7 3
7 4
8 0
8 1
8 2
8 3
8 4
9 0
9 1
9 2
9 3
9 4
10 0
10 1
0
Yes
0 38
0 39
0 40
0 41
0 42
0 43
0 44
0 45
0 46
0 47
0 48
0 49
1 38
1 39
1 40
1 41
1 42
1 43
1 44
1 45
1 46
1 47
1 48
1 49
2 38
2 39
2 40
2 41
2 42
2 43
2 44
2 45
2 46
2 47
2 48
2 49
3 38
3 39
3 40
3 41
3 42
3 43
3 44
3 45
3 46
3 47
3 48
3 49
4 38
4 39
4 40
4 41
4 42
4 43
4 44
4 45
4 46
4 47
4 48
4 49
5 38
5 39
5 40
5 41
5 42
5 43
5 44
5 45
5 46
5 47
5 48
5 49
6 38
6 39
6 40
6 41
6 42
6 43
6 44
6 45
6 46
6 47
6 48
6 49
7 38
7 39
7 40
7 41
7 42
7 43
7 44
7 45
7 46
7 47
7 48
7 49
8 38
8 39
8 40
8 41
8 42
8 43
8 44
8 45
8 46
8 47
8 48
8 49
9 38
9 39
9 40
9 41
9 42
9 43
9 44
9 45
9 46
9 47
9 48
9 49
10 38
10 39
10 40
10 41
10 42
10 43
10 44
10 45
10 46
10 47
10 48
10 49
