0
Yes
36 40
35 40
35 39
36 39
35 38
36 38
34 38
34 39
34 40
34 37
35 37
36 37
36 36
35 36
34 36
33 37
33 38
33 39
33 36
35 35
34 35
36 35
33 35
37 36
37 37
37 38
37 35
32 39
32 38
32 37
32 36
32 35
36 34
35 34
34 34
33 34
37 34
32 34
38 38
38 37
38 36
38 35
38 34
31 38
31 37
31 36
31 35
31 39
35 33
34 33
33 33
36 33
32 33
39 37
39 36
39 35
39 34
39 38
30 39
30 38
30 37
30 36
30 35
34 32
33 32
35 32
40 36
40 35
40 34
40 37
29 38
29 37
29 36
29 39
29 35
40 33
39 33
38 33
38 32
39 32
40 32
28 37
28 36
28 35
28 38
39 31
38 31
40 31
40 30
39 30
38 30
38 29
39 29
40 29
41 29
41 30
41 31
34 31
0
Yes
26 38
26 39
25 39
27 39
27 40
26 40
25 40
26 41
25 41
27 41
27 42
26 42
25 42
26 43
25 43
27 43
27 44
26 44
25 44
24 44
24 43
24 42
24 45
25 45
26 45
27 45
23 42
23 43
23 44
23 45
23 46
24 46
25 46
26 46
27 46
22 43
22 44
22 45
22 42
22 46
22 47
23 47
24 47
25 47
26 47
27 47
21 42
21 43
21 44
21 45
21 46
21 47
21 41
22 41
23 41
20 41
20 42
20 43
20 40
21 40
22 40
22 39
21 39
20 39
21 38
22 38
20 38
21 48
22 48
23 48
24 48
25 48
26 48
19 38
19 39
19 40
19 41
19 42
19 43
26 49
25 49
24 49
23 49
22 49
21 49
18 39
18 40
18 41
17 40
17 39
17 41
16 41
16 40
16 39
15 39
15 40
15 41
15 42
16 42
17 42
17 43
16 43
15 43
16 44
15 44
17 44
14 40
14 41
14 42
14 43
14 39
14 44
13 39
13 40
13 41
13 42
13 43
13 44
13 45
14 45
15 45
14 46
15 46
12 41
12 42
12 43
28 43
28 44
0
Yes
22 18
21 18
22 17
22 19
23 18
21 17
21 19
23 17
23 19
20 18
22 16
20 17
20 19
21 16
23 16
20 16
0
Yes
26 36
25 36
25 35
26 35
25 34
26 34
24 34
24 35
24 36
23 36
23 35
23 34
24 33
25 33
26 33
23 33
22 35
22 34
22 36
22 33
23 37
24 37
25 37
27 33
27 34
27 35
0
Yes
42 42
41 42
41 41
42 41
41 43
42 43
43 41
43 42
43 43
42 40
41 40
43 40
42 44
41 44
43 44
44 42
44 41
44 43
44 40
44 44
40 41
40 42
40 43
40 44
39 42
39 43
39 44
41 39
42 39
43 39
44 39
41 45
42 45
43 45
40 45
44 45
39 45
45 43
45 42
45 44
42 38
43 38
41 38
44 38
42 46
41 46
43 46
40 46
44 46
39 46
46 42
46 43
38 43
38 44
38 45
38 42
38 46
38 41
45 39
45 38
37 42
41 47
42 47
43 47
40 47
39 47
44 47
38 47
43 37
44 37
45 37
46 38
46 37
45 47
42 48
41 48
43 48
44 48
45 48
44 36
45 36
43 36
46 36
42 36
37 46
42 35
43 35
44 35
45 35
46 35
41 35
41 49
42 49
43 49
47 37
47 36
47 38
47 39
43 34
44 34
45 34
46 34
44 33
43 33
43 32
47 42
47 40
46 40
48 42
48 43
36 46
36 47
48 37
0
Yes
30 10
29 10
30 9
30 11
31 10
29 9
29 11
31 9
31 11
28 10
30 8
30 12
32 10
28 9
28 11
29 8
29 12
31 8
31 12
32 9
32 11
28 8
28 12
32 8
32 12
27 10
30 7
27 9
27 11
29 7
27 8
27 12
28 7
27 7
0
Yes
16 9
15 9
15 8
16 8
15 7
16 7
17 7
17 8
17 9
14 7
14 8
14 9
17 10
16 10
15 10
14 10
18 9
18 8
18 10
18 7
13 9
13 8
13 10
13 7
14 6
15 6
16 6
13 6
16 11
15 11
17 11
14 11
18 11
19 8
19 9
19 7
12 8
12 9
12 7
12 6
12 10
16 5
15 5
14 5
13 5
12 5
15 12
16 12
17 12
14 12
18 12
11 7
11 6
11 5
15 4
14 4
13 4
12 4
16 4
11 4
16 13
15 13
17 13
14 13
18 13
10 6
10 5
10 7
10 4
19 13
19 12
19 11
16 3
15 3
14 3
13 3
12 3
0
Yes
16 34
16 35
17 34
17 35
15 34
15 35
16 33
16 36
17 33
17 36
18 34
18 35
15 33
15 36
18 33
18 36
14 34
14 35
16 32
17 32
14 33
14 36
15 32
18 32
14 32
0
Yes
45 1
44 1
45 0
46 1
44 0
46 0
43 1
43 0
0
Yes
8 48
8 49
7 48
7 49
9 48
9 49
8 47
7 47
9 47
6 49
0
Yes
1 41
2 41
1 40
1 42
2 40
2 42
0 41
0 40
0 42
1 39
1 43
2 39
2 43
0 39
0 43
1 38
2 38
0
Yes
6 5
7 5
7 4
7 6
8 6
8 7
7 7
9 7
9 6
9 5
9 8
10 8
7 3
6 3
8 3
6 2
7 2
9 9
9 10
8 10
8 11
9 11
7 11
7 10
7 9
6 9
6 10
6 11
6 8
5 8
6 12
7 12
9 12
4 8
3 8
3 7
2 7
2 8
2 6
3 6
3 5
2 5
2 4
1 5
1 6
1 7
1 4
3 9
2 9
0 4
0 5
0 6
1 9
2 10
3 10
1 10
0 10
0 9
2 3
2 11
6 13
5 13
5 14
4 14
4 13
4 12
3 12
3 13
3 14
2 13
4 15
3 15
2 15
3 16
4 16
5 16
5 17
4 17
6 17
1 13
0 13
0 14
0 15
7 17
5 18
5 19
6 19
6 20
5 20
4 20
5 21
6 21
4 21
3 21
3 20
3 19
6 22
5 22
4 22
6 23
7 23
7 24
7 25
6 25
8 25
6 26
5 26
0
Yes
49 25
49 24
48 24
48 23
49 23
47 23
47 24
49 22
48 22
47 22
46 24
46 23
46 25
45 25
45 24
45 23
45 26
46 26
47 26
48 26
49 26
48 27
47 27
46 27
47 28
48 28
46 28
49 28
49 29
48 29
47 29
46 29
48 21
49 21
47 21
45 28
45 29
49 20
48 20
47 20
44 24
44 25
44 23
47 30
46 30
45 30
44 22
46 20
43 25
43 24
43 23
43 22
43 26
48 19
47 19
49 19
46 19
46 31
45 31
49 18
48 18
42 24
42 25
42 23
42 26
42 22
44 30
44 31
43 21
42 21
42 27
41 25
41 24
41 26
41 23
41 22
41 21
45 32
46 32
47 32
40 24
40 25
40 23
40 26
40 27
40 21
39 25
39 24
39 26
39 23
39 27
39 28
38 24
38 25
38 26
38 27
38 23
38 28
38 22
37 26
37 27
37 28
37 23
37 24
37 29
36 27
36 28
36 29
36 30
37 30
35 28
35 29
35 27
35 30
34 29
34 28
34 30
33 28
33 29
33 30
33 31
32 29
32 30
32 28
31 30
31 29
31 31
30 29
30 30
30 28
29 28
29 29
29 30
29 27
30 27
31 27
31 26
30 26
29 26
32 26
30 25
31 25
0
Yes
41 44
40 44
40 43
41 43
40 45
41 45
42 43
42 44
42 45
41 42
40 42
42 42
41 46
40 46
42 46
43 44
43 43
43 45
43 42
43 46
39 43
39 44
39 45
39 42
39 46
38 44
38 43
38 45
38 42
38 46
40 41
41 41
42 41
43 41
40 47
41 47
42 47
39 47
43 47
38 47
44 43
44 44
44 45
44 42
44 46
44 41
44 47
41 40
42 40
43 40
44 40
41 48
42 48
43 48
44 48
45 44
45 43
45 42
38 41
37 42
37 46
45 47
45 48
42 39
43 39
41 39
44 39
42 49
43 49
41 49
46 43
46 42
41 38
42 38
43 38
44 38
47 42
45 39
45 38
43 37
44 37
45 37
46 38
46 37
44 36
45 36
43 36
46 36
42 36
42 35
43 35
44 35
45 35
46 35
41 35
47 37
47 36
47 38
47 39
43 34
44 34
45 34
46 34
44 33
43 33
43 32
0
Yes
7 34
7 33
8 33
7 35
6 35
6 36
5 36
5 37
7 32
6 32
6 31
7 31
5 31
5 30
6 30
4 30
6 29
5 29
4 29
7 29
5 28
6 28
4 28
3 28
4 27
5 27
3 27
9 33
10 33
10 34
10 32
11 34
11 33
11 32
11 35
10 35
10 36
11 36
11 31
11 37
10 37
9 37
9 38
10 38
11 38
8 38
8 37
8 36
12 33
12 34
12 35
12 32
12 36
12 37
12 31
12 38
13 34
13 33
13 35
13 32
13 31
12 30
11 30
13 30
10 30
11 29
12 29
13 29
12 39
14 31
7 38
7 39
8 29
8 28
7 40
6 40
6 41
7 41
8 41
5 41
7 42
6 42
8 42
8 43
7 43
9 43
9 44
9 41
9 40
10 40
2 28
2 29
0
Yes
36 23
36 22
35 22
35 21
36 21
36 20
35 20
34 20
35 19
34 19
33 19
33 20
33 21
32 21
34 18
35 18
33 18
35 17
34 17
36 17
32 18
32 19
31 19
31 18
36 16
35 16
37 16
37 17
37 18
38 17
32 17
31 17
35 15
36 15
37 15
34 15
38 15
36 14
35 14
37 14
34 14
33 14
35 13
36 13
34 13
34 12
35 12
33 12
35 11
34 11
36 11
36 10
35 10
34 10
37 10
33 10
35 9
36 9
34 9
37 9
33 9
38 9
37 8
38 8
39 8
39 9
39 10
38 7
37 7
39 7
40 7
37 6
38 6
39 6
40 6
36 6
30 19
30 20
29 20
29 19
29 21
30 21
28 21
28 20
28 19
28 22
29 18
28 18
27 22
27 21
27 20
27 19
27 18
26 21
26 20
26 19
26 22
26 18
26 23
27 17
26 17
25 22
25 21
25 20
25 19
24 21
24 20
24 22
24 19
25 17
0
No
0
Yes
19 14
18 14
18 15
19 15
18 16
19 16
18 17
19 17
17 14
17 15
0
Yes
43 16
43 17
43 18
44 16
44 17
44 18
45 16
45 17
45 18
46 16
46 17
0
No
0
No
0
No
0
Yes
30 6
29 6
29 5
29 7
30 7
28 7
28 6
28 5
28 8
29 8
30 8
30 9
29 9
28 9
27 8
27 9
27 7
27 6
29 10
28 10
30 10
0
Yes
30 41
29 41
29 40
30 40
29 39
30 39
29 38
30 38
29 37
30 37
31 37
31 38
31 39
31 36
30 36
29 36
32 39
32 38
32 37
32 36
30 35
31 35
29 35
32 35
28 36
28 37
28 38
28 35
33 38
33 37
33 36
33 39
33 35
34 39
34 38
34 37
34 36
34 35
35 38
35 37
35 36
35 39
35 35
34 34
33 34
32 34
35 34
36 39
36 38
36 37
36 36
36 35
36 34
36 40
35 40
34 40
32 33
33 33
34 33
35 33
36 33
37 38
37 37
37 36
37 35
37 34
33 32
34 32
35 32
38 37
38 36
38 35
38 38
38 34
39 38
39 37
39 36
39 35
39 34
40 37
40 36
40 35
40 34
40 33
39 33
38 33
38 32
39 32
40 32
0
Yes
18 10
17 10
17 9
18 9
17 8
18 8
16 8
16 9
16 10
16 11
17 11
18 11
15 10
15 9
15 11
15 8
16 7
17 7
18 7
15 7
18 12
17 12
16 12
15 12
14 9
14 10
14 11
14 8
14 12
14 7
19 7
19 8
19 9
17 13
16 13
15 13
18 13
14 13
0
Yes
6 0
7 0
8 0
8 1
9 0
10 0
10 1
11 1
11 0
11 2
12 0
12 1
12 2
12 3
11 3
11 4
12 4
10 4
10 5
11 5
12 5
9 5
9 6
10 6
11 6
12 6
8 6
13 1
13 2
13 3
13 4
13 5
13 0
13 6
8 7
9 7
10 7
11 7
12 7
13 7
7 7
7 6
7 5
6 5
14 0
9 8
10 8
14 3
14 4
14 5
14 6
15 4
15 5
15 3
15 6
15 2
15 1
15 0
12 8
13 8
16 0
16 1
16 2
16 3
16 4
16 5
16 6
13 9
12 9
12 10
13 10
17 5
7 4
7 3
7 2
6 2
6 3
8 3
9 9
9 10
8 10
8 11
9 11
7 11
7 10
7 9
6 9
6 10
6 11
6 8
5 8
6 12
7 12
9 12
4 8
3 8
3 7
2 7
2 8
2 6
3 6
3 5
2 5
2 4
1 4
1 5
1 6
1 7
0 5
0 6
0 4
3 9
2 9
1 9
2 10
3 10
1 10
0 10
0 9
2 3
17 0
2 11
18 0
12 11
11 11
0
No
0
Yes
17 28
17 29
16 29
18 29
18 28
18 30
17 30
16 30
19 30
19 29
19 28
17 31
18 31
19 31
16 31
20 28
20 29
20 30
20 31
20 27
19 27
18 27
18 26
19 26
0
Yes
32 40
32 39
31 39
33 39
33 38
32 38
31 38
32 37
31 37
33 37
33 36
32 36
31 36
30 37
30 38
30 39
30 36
34 37
34 38
34 39
34 36
32 35
31 35
33 35
30 35
34 35
29 39
29 38
29 37
29 36
29 35
35 39
35 38
35 37
35 36
35 35
33 34
32 34
34 34
35 34
28 38
28 37
28 36
28 35
36 38
36 37
36 36
36 35
36 39
36 34
34 33
33 33
35 33
32 33
36 33
36 40
35 40
34 40
37 37
37 36
37 38
37 35
37 34
35 32
34 32
33 32
38 38
38 37
38 36
38 35
38 34
0
No
0
No
0
Yes
16 9
15 9
15 8
16 8
15 7
16 7
17 7
17 8
17 9
14 7
14 8
14 9
17 10
16 10
15 10
14 10
18 9
18 8
18 10
18 7
16 11
15 11
17 11
14 11
18 11
19 8
19 9
19 7
15 12
16 12
17 12
14 12
18 12
16 13
15 13
17 13
14 13
18 13
0
No
0
No
0
No
0
No
0
No
0
Yes
6 20
5 20
5 21
6 21
5 22
6 22
4 22
4 21
4 20
3 21
3 20
6 19
5 19
0
No
0
No
0
Yes
21 15
21 16
20 16
22 16
22 17
21 17
20 17
21 18
20 18
22 18
22 19
21 19
20 19
23 18
23 19
23 17
23 16
23 20
22 20
21 20
21 21
22 21
23 21
24 21
24 20
24 19
24 22
23 22
22 22
25 19
25 20
25 21
25 22
26 20
26 21
26 19
26 22
27 19
27 20
27 21
27 22
28 20
28 21
28 19
28 22
28 18
27 18
26 18
27 17
26 17
29 18
29 19
29 20
29 21
30 19
30 20
30 21
19 17
19 16
19 19
20 21
26 23
25 17
0
Yes
17 7
16 7
16 8
17 8
16 9
17 9
18 9
18 8
18 7
15 9
15 8
15 7
19 7
19 8
19 9
18 10
17 10
16 10
15 10
14 7
14 8
14 9
14 10
17 11
16 11
15 11
18 11
14 11
16 12
17 12
15 12
0
Yes
26 15
26 14
27 14
27 13
28 14
27 12
28 12
28 11
27 11
26 11
26 10
27 10
29 11
29 12
30 12
30 11
30 13
25 10
25 11
25 12
25 13
24 13
24 12
24 11
24 10
24 14
23 12
23 13
23 11
23 10
22 13
22 14
31 13
31 12
31 11
24 9
23 9
22 10
22 9
32 12
32 11
31 10
32 10
22 8
32 9
31 9
31 8
32 8
33 10
33 9
34 9
34 10
34 11
35 11
35 10
35 9
35 12
34 12
33 12
34 13
35 13
35 14
34 14
33 14
34 15
35 15
35 16
36 15
36 14
36 13
36 16
36 17
35 17
34 17
34 18
35 18
33 18
33 19
34 19
35 19
32 19
32 18
31 18
31 19
31 17
32 17
32 16
32 15
31 15
34 20
33 20
35 20
33 21
32 21
35 21
37 14
37 15
37 16
37 17
36 10
36 11
36 9
36 20
36 21
37 18
38 15
38 17
36 22
35 22
37 9
37 10
0
Yes
26 38
26 39
25 39
27 39
27 40
26 40
25 40
26 41
25 41
27 41
27 42
26 42
25 42
26 43
25 43
27 43
27 44
26 44
25 44
24 44
24 43
24 42
24 45
25 45
26 45
27 45
23 42
23 43
23 44
23 45
23 46
24 46
25 46
26 46
27 46
22 43
22 44
22 45
22 42
22 46
22 47
23 47
24 47
25 47
26 47
27 47
21 42
21 43
21 44
21 45
21 46
21 47
21 41
22 41
23 41
20 41
20 42
20 43
20 40
21 40
22 40
22 39
21 39
20 39
21 38
22 38
20 38
21 48
22 48
23 48
24 48
25 48
26 48
19 38
19 39
19 40
19 41
19 42
19 43
26 49
25 49
24 49
23 49
22 49
21 49
18 39
18 40
18 41
17 40
17 39
17 41
16 41
16 40
16 39
15 39
15 40
15 41
15 42
16 42
17 42
17 43
16 43
15 43
16 44
15 44
17 44
14 40
14 41
14 42
14 43
14 39
14 44
13 39
13 40
13 41
13 42
13 43
13 44
0
No
0
Yes
15 42
16 42
15 41
15 43
16 41
16 43
14 42
17 42
14 41
14 43
17 41
17 43
15 40
15 44
16 40
16 44
13 42
14 40
14 44
17 40
17 44
13 41
13 43
15 39
16 39
13 40
13 44
14 39
17 39
0
No
0
Yes
26 49
25 49
25 48
26 48
25 47
26 47
24 47
24 48
24 49
23 49
23 48
23 47
24 46
25 46
26 46
23 46
22 48
22 47
22 49
22 46
26 45
25 45
24 45
23 45
22 45
21 49
21 48
21 47
21 46
21 45
27 45
27 46
27 47
25 44
24 44
23 44
26 44
22 44
27 44
21 44
28 46
28 47
26 43
25 43
24 43
23 43
22 43
27 43
21 43
25 42
24 42
23 42
26 42
22 42
27 42
21 42
26 41
25 41
0
No
0
Yes
33 14
34 14
34 13
34 15
35 13
35 14
35 15
35 12
34 12
33 12
35 16
36 14
36 13
36 15
36 16
34 11
35 11
37 15
37 14
37 16
36 11
36 17
35 17
37 17
34 17
34 18
35 18
33 18
35 10
34 10
36 10
33 10
33 9
34 9
35 9
36 9
33 19
34 19
35 19
32 9
32 10
32 11
32 12
31 12
31 11
31 10
31 9
31 13
30 13
30 12
30 11
30 14
29 14
29 12
29 11
32 19
32 18
32 17
31 17
31 18
31 19
37 10
37 9
37 18
28 11
28 12
38 17
32 8
31 8
34 20
33 20
35 20
27 12
27 11
27 13
0
Yes
20 40
21 40
20 39
20 41
21 39
21 41
19 40
22 40
19 39
19 41
22 39
22 41
20 38
21 38
18 40
19 38
22 38
18 39
18 41
0
Yes
19 22
19 23
20 23
20 22
20 24
19 24
18 24
19 25
18 25
20 25
17 25
18 26
19 26
20 26
19 27
18 27
20 27
21 27
18 28
19 28
20 28
21 28
17 28
19 29
18 29
20 29
17 29
16 29
18 30
19 30
17 30
20 30
16 30
19 31
18 31
17 31
20 31
16 31
0
Yes
13 35
12 35
12 34
13 34
12 33
13 33
11 33
11 34
11 35
10 35
10 34
10 33
11 32
12 32
13 32
10 32
10 36
11 36
12 36
13 31
12 31
11 31
12 37
11 37
10 37
12 30
11 30
13 30
9 37
8 37
8 38
9 38
10 38
11 38
12 38
0
No
0
Yes
0 0
0 1
0 2
1 0
1 1
0
Yes
23 11
23 10
22 10
24 10
24 11
24 12
23 12
23 13
24 13
25 11
25 12
25 10
25 13
22 9
23 9
24 9
22 13
22 14
24 14
26 10
26 11
26 9
27 11
27 10
27 12
28 12
28 11
29 11
29 12
30 12
30 11
30 13
31 11
31 12
31 13
31 10
32 10
32 11
32 12
32 9
31 9
31 8
32 8
33 12
33 9
33 10
34 10
34 9
34 11
34 12
34 13
35 11
35 10
35 12
35 9
35 13
35 14
34 14
33 14
34 15
35 15
35 16
36 10
36 11
36 9
36 13
36 14
36 15
36 16
37 9
37 10
36 17
35 17
34 17
34 18
35 18
33 18
33 19
34 19
35 19
32 19
32 18
31 18
31 19
31 17
32 17
32 16
32 15
31 15
34 20
33 20
35 20
33 21
32 21
37 8
37 14
37 15
37 16
37 17
38 8
38 9
38 7
37 7
37 6
38 6
36 6
38 15
35 21
37 18
36 20
36 21
39 9
39 8
39 7
39 6
39 10
38 17
36 22
35 22
40 7
40 6
21 10
22 8
22 7
23 7
0
No
0
No
0
No
0
No
0
Yes
20 36
21 36
20 35
20 37
21 35
19 36
19 35
19 37
20 34
21 34
19 34
0
No
0
Yes
18 10
17 10
17 9
18 9
17 8
18 8
16 8
16 9
16 10
16 11
17 11
18 11
15 10
15 9
15 11
15 8
16 7
17 7
18 7
15 7
18 12
17 12
16 12
15 12
14 9
14 10
14 11
14 12
14 8
14 7
19 7
19 8
19 9
17 13
16 13
15 13
0
No
0
No
0
No
0
No
0
No
0
No
0
No
0
No
0
No
0
No
0
No
0
Yes
40 31
39 31
40 30
40 32
41 31
39 30
39 32
41 30
38 31
40 29
38 30
38 32
39 29
41 29
38 29
0
No
0
Yes
43 13
43 14
44 13
44 14
42 13
42 14
43 12
43 15
44 12
44 15
42 12
42 15
43 11
44 11
42 11
0
Yes
12 16
12 17
13 17
13 18
14 18
14 17
14 16
14 15
14 14
13 14
13 13
14 13
12 13
15 14
15 13
14 12
15 12
16 13
16 12
15 11
14 11
16 11
14 10
15 10
16 10
17 12
17 11
17 13
17 10
17 14
18 14
18 13
18 12
18 11
18 10
18 15
17 15
19 15
19 14
19 13
19 12
19 11
15 9
16 9
17 9
14 9
18 9
14 8
15 8
16 8
17 8
18 8
20 12
15 7
16 7
17 7
14 7
18 7
19 9
19 8
19 7
20 8
11 13
11 12
13 19
12 19
12 20
13 20
14 20
15 18
0
No
0
No
0
No
0
No
0
No
0
No
0
Yes
25 34
24 34
24 33
25 33
24 35
25 35
26 35
26 34
26 33
23 35
23 34
23 33
27 34
27 33
27 35
26 36
25 36
24 36
23 36
22 34
22 35
22 33
22 36
25 37
24 37
0
Yes
24 30
24 29
25 29
25 28
24 28
25 27
24 27
26 27
26 28
26 29
27 29
27 28
27 27
27 26
26 26
25 26
28 29
28 28
28 30
27 30
26 30
26 31
27 31
28 31
25 31
28 32
29 31
29 32
26 32
25 32
23 29
0
No
0
No
0
Yes
19 34
19 35
19 36
20 34
20 35
20 36
21 34
21 35
21 36
0
Yes
5 28
4 28
4 27
5 27
4 29
5 29
6 29
6 28
5 26
5 30
4 30
6 30
3 27
3 28
6 26
2 28
2 29
6 25
5 25
4 25
6 31
5 31
7 25
7 31
1 29
7 24
7 32
6 32
7 29
8 29
8 28
3 25
3 24
2 25
8 25
7 23
6 23
6 22
5 22
5 21
6 21
4 21
4 22
4 20
5 20
6 20
3 20
3 21
5 19
6 19
3 19
7 33
8 33
7 34
9 33
7 35
6 35
6 36
0
No
0
Yes
1 41
2 41
1 40
1 42
2 40
2 42
0 41
0 40
0 42
1 39
1 43
2 39
2 43
0 39
0 43
1 38
2 38
0
Yes
32 33
32 34
33 34
33 33
34 34
34 33
34 35
33 35
32 35
32 36
33 36
34 36
35 35
35 34
35 33
35 36
33 37
34 37
32 37
35 37
35 32
34 32
33 32
36 33
36 34
36 35
36 36
36 37
32 38
33 38
34 38
35 38
36 38
31 37
31 36
31 35
31 38
37 34
37 35
37 36
37 37
37 38
33 39
34 39
32 39
35 39
36 39
31 39
30 35
30 36
30 37
30 38
30 39
38 35
38 36
38 37
38 34
38 38
34 40
35 40
36 40
29 36
29 37
29 38
29 35
29 39
39 34
39 35
39 36
39 37
39 38
28 35
28 36
28 37
28 38
40 35
40 36
40 37
0
Yes
44 6
43 6
43 5
43 7
42 5
42 6
43 4
44 4
44 3
43 3
45 3
42 3
45 2
43 8
43 9
42 9
42 10
43 10
41 10
41 9
46 3
46 4
47 4
47 3
48 3
48 4
48 5
49 4
49 3
49 2
45 1
44 1
46 1
44 0
45 0
46 0
43 0
43 1
49 1
48 1
48 0
49 0
0
Yes
48 43
48 42
47 42
46 42
46 43
45 43
45 42
44 43
44 42
43 43
43 42
43 44
44 44
45 44
42 44
42 43
42 42
42 41
43 41
44 41
42 45
43 45
44 45
41 41
41 42
41 43
41 44
41 45
44 40
43 40
42 40
41 40
44 46
43 46
42 46
41 46
40 43
40 44
40 42
40 45
40 46
40 41
43 39
42 39
44 39
41 39
43 47
42 47
41 47
44 47
40 47
39 42
39 43
39 44
39 45
39 46
39 47
44 38
43 38
42 38
41 38
44 48
43 48
42 48
41 48
38 43
38 44
38 45
38 46
38 42
38 47
43 49
42 49
41 49
44 37
43 37
45 37
45 38
45 39
45 36
44 36
43 36
46 36
46 37
46 38
47 38
47 37
47 36
46 35
45 35
44 35
43 35
45 47
45 48
42 36
42 35
38 41
37 42
0
No
0
Yes
16 9
16 10
17 9
17 10
15 9
15 10
16 8
16 11
17 8
17 11
18 9
18 10
15 8
15 11
18 8
18 11
14 9
14 10
16 7
17 7
14 8
14 11
15 7
18 7
14 7
0
Yes
42 28
42 27
43 28
42 26
41 26
43 26
41 25
42 25
43 25
40 25
40 26
40 27
39 27
39 26
39 25
39 28
44 25
38 28
38 27
38 26
38 25
42 24
41 24
43 24
40 24
39 24
44 24
38 24
45 24
45 25
45 26
46 26
46 25
46 24
46 27
37 27
37 26
37 28
37 29
41 23
42 23
43 23
40 23
44 23
39 23
45 23
38 23
46 23
47 27
47 26
47 28
46 28
45 28
44 28
45 29
46 29
47 29
46 30
45 30
47 30
44 30
44 31
45 31
46 31
45 32
46 32
36 28
36 27
36 29
42 22
41 22
43 22
44 22
48 28
48 27
48 29
48 26
36 30
37 30
37 24
37 23
47 24
47 23
47 32
35 27
35 28
35 29
35 30
41 21
42 21
43 21
49 29
49 28
38 22
40 21
49 26
49 30
39 21
49 25
36 23
47 22
48 23
48 24
49 24
48 22
49 23
49 22
34 28
34 29
34 30
43 20
34 31
33 29
33 30
33 28
33 31
48 21
47 21
49 21
47 20
48 20
49 20
46 20
46 19
47 19
48 19
49 19
32 28
32 29
32 30
31 29
31 30
31 31
48 18
49 18
30 30
0
No
0
Yes
12 25
11 25
11 24
12 24
11 26
12 26
13 24
13 25
13 26
14 25
14 24
10 24
10 26
13 23
14 23
13 27
10 27
11 27
15 24
15 23
9 27
9 26
15 22
16 22
16 21
15 21
15 20
14 20
10 28
13 20
13 19
12 19
12 20
17 22
0
No
0
Yes
28 38
28 37
29 37
29 38
30 37
30 38
30 36
29 36
28 36
28 35
29 35
30 35
31 36
31 37
31 38
31 35
31 39
30 39
29 39
32 38
32 37
32 36
32 39
32 35
30 40
29 40
33 37
33 38
33 36
33 39
33 35
0
No
0
No
0
No
0
No
0
Yes
40 37
39 37
39 36
40 36
39 35
40 35
38 35
38 36
38 37
37 37
37 36
37 35
38 34
39 34
40 34
37 34
36 36
36 35
36 37
36 34
37 38
38 38
36 38
39 38
40 33
39 33
38 33
35 37
35 36
35 35
35 38
35 34
34 36
34 37
34 35
34 38
34 34
34 33
35 33
36 33
34 39
35 39
36 39
36 40
35 40
34 40
34 32
35 32
0
Yes
5 28
4 28
4 27
5 27
4 29
5 29
6 29
6 28
5 26
5 30
4 30
6 30
3 27
3 28
6 26
2 28
2 29
6 25
5 25
4 25
6 31
5 31
7 25
7 31
1 29
7 24
7 32
6 32
7 29
8 29
8 28
3 25
3 24
2 25
8 25
7 23
6 23
6 22
5 22
5 21
6 21
4 21
4 22
4 20
5 20
6 20
3 20
3 21
5 19
6 19
3 19
7 33
8 33
7 34
9 33
7 35
0
No
0
Yes
20 12
19 12
19 11
19 13
18 13
18 12
18 14
19 14
17 12
17 13
17 14
19 15
18 15
17 15
16 13
16 12
18 16
15 12
15 13
15 14
14 13
14 12
14 14
14 15
13 14
13 13
12 13
18 17
0
No
0
No
0
Yes
39 39
39 38
38 38
38 37
39 37
38 36
39 36
37 36
37 37
37 38
37 35
38 35
39 35
36 38
36 37
36 36
36 35
39 34
38 34
37 34
36 34
40 35
40 34
40 36
40 37
35 37
35 36
35 35
35 38
35 34
40 33
39 33
38 33
34 38
34 37
34 36
34 35
34 34
34 39
35 39
36 39
34 33
35 33
36 33
36 40
35 40
34 40
34 32
35 32
33 32
33 33
33 34
32 33
32 34
0
No
0
No
0
No
0
No
0
No
0
Yes
19 35
18 35
18 34
19 34
18 36
19 36
20 36
20 35
20 34
17 36
17 35
17 34
21 35
21 34
21 36
20 37
19 37
18 37
16 35
16 34
16 36
15 36
15 35
15 34
16 33
17 33
18 33
15 33
14 33
14 34
14 35
14 36
18 32
17 32
16 32
15 32
14 32
15 31
14 31
20 33
0
No
0
No
0
Yes
46 23
45 23
45 24
46 24
45 25
46 25
44 25
44 24
44 23
43 23
43 24
43 25
42 24
42 23
42 25
41 25
41 24
41 23
42 22
43 22
41 22
44 22
41 26
42 26
43 26
41 21
42 21
43 21
40 26
40 25
40 24
40 23
0
No
0
Yes
6 0
7 0
8 0
8 1
9 0
10 0
10 1
11 1
11 0
11 2
12 0
12 1
12 2
12 3
11 3
11 4
12 4
10 4
10 5
11 5
12 5
9 5
9 6
10 6
11 6
12 6
8 6
13 1
13 2
13 3
13 4
13 5
13 0
13 6
8 7
9 7
10 7
11 7
12 7
13 7
7 7
7 6
7 5
6 5
14 0
9 8
10 8
14 3
14 4
14 5
14 6
15 4
15 5
15 3
15 6
15 2
15 1
15 0
12 8
13 8
16 0
16 1
16 2
16 3
16 4
16 5
16 6
13 9
12 9
12 10
13 10
17 5
7 4
7 3
7 2
6 2
6 3
8 3
9 9
9 10
8 10
8 11
9 11
7 11
7 10
7 9
6 9
6 10
6 11
6 8
5 8
6 12
7 12
9 12
4 8
3 8
3 7
2 7
2 8
2 6
3 6
3 5
2 5
2 4
1 4
1 5
1 6
1 7
0 5
0 6
0 4
3 9
2 9
1 9
2 10
3 10
1 10
0 10
0 9
2 3
17 0
2 11
18 0
12 11
11 11
11 12
0
No
0
Yes
48 23
49 23
48 22
48 24
49 22
49 24
47 23
47 22
47 24
0
No
0
No
0
Yes
37 30
36 30
36 29
37 29
37 28
36 28
35 29
35 30
35 28
38 28
34 30
34 29
34 28
34 31
36 27
37 27
35 27
38 27
39 27
39 28
37 26
38 26
39 26
33 29
33 30
33 31
33 28
32 30
32 29
32 28
38 25
39 25
31 29
31 30
31 31
39 24
38 24
37 24
30 30
30 29
37 23
38 23
39 23
0
Yes
24 35
23 35
24 34
24 36
25 35
23 34
23 36
25 34
25 36
22 35
24 33
22 34
22 36
23 33
25 33
22 33
0
No
0
Yes
19 48
18 48
17 48
17 49
16 49
16 48
16 47
15 48
15 47
15 49
15 46
16 46
17 46
14 49
14 46
14 45
15 45
15 44
14 44
16 44
16 43
15 43
14 43
17 43
17 44
17 42
16 42
15 42
14 42
13 45
13 44
13 43
13 42
16 41
15 41
14 41
17 41
13 41
17 40
16 40
15 40
14 40
13 40
12 43
12 42
12 41
16 39
15 39
14 39
17 39
13 39
11 42
11 43
10 43
14 38
12 39
12 45
11 45
11 46
10 46
10 45
0
Yes
2 25
3 25
3 24
4 25
5 25
5 26
6 26
6 25
7 25
7 24
5 27
4 27
4 28
5 28
3 28
3 27
5 29
4 29
6 28
6 29
4 30
5 30
6 30
7 29
5 31
6 31
7 31
6 32
7 32
7 33
8 33
2 28
2 29
1 29
7 23
6 23
6 22
5 22
5 21
6 21
4 21
4 22
4 20
5 20
6 20
3 20
3 21
3 19
5 19
6 19
8 25
8 29
8 28
5 18
5 17
4 17
6 17
4 16
5 16
3 16
3 15
4 15
2 15
4 14
3 14
5 14
3 13
4 13
5 13
2 13
6 13
4 12
3 12
7 17
7 34
9 33
7 35
6 35
0
Yes
23 0
22 0
22 1
21 1
21 2
20 2
20 1
20 0
19 0
20 3
21 3
22 3
19 3
19 2
24 0
24 1
25 1
25 0
26 0
26 1
26 2
27 1
27 0
27 2
27 3
28 3
18 0
28 1
18 3
18 4
17 0
29 1
29 3
16 0
16 1
15 1
15 0
15 2
16 2
16 3
15 3
15 4
16 4
16 5
15 5
17 5
18 5
19 5
14 0
14 3
14 4
14 5
15 6
16 6
14 6
13 4
13 5
13 3
13 6
13 2
13 1
13 0
12 0
12 1
12 2
12 3
12 4
12 5
12 6
11 1
11 2
11 3
11 4
11 5
11 0
11 6
13 7
12 7
11 7
10 0
10 1
10 4
10 5
10 6
10 7
12 8
13 8
13 9
12 9
9 5
9 6
9 7
12 10
13 10
10 8
9 8
8 6
8 7
9 9
7 7
7 6
0
Yes
30 28
29 28
29 27
30 27
29 29
30 29
31 27
31 29
30 26
29 26
31 26
30 30
29 30
31 30
32 26
32 30
32 29
32 28
33 28
33 29
33 30
31 25
30 25
31 31
34 29
34 28
34 30
33 31
34 31
35 28
35 29
35 30
35 27
36 27
36 28
36 29
36 30
37 28
37 29
37 27
37 30
37 26
38 27
38 28
38 26
38 25
39 28
39 27
39 26
39 25
39 24
38 24
37 24
37 23
38 23
39 23
36 23
36 22
35 22
35 21
36 21
36 20
35 20
34 20
34 19
35 19
33 19
33 20
33 21
32 21
38 22
40 27
0
No
0
Yes
42 15
42 14
41 14
43 14
43 15
43 13
42 13
41 13
44 13
44 14
44 15
44 12
43 12
42 12
42 11
43 11
44 11
43 16
44 16
43 17
44 17
45 17
45 16
45 15
45 18
44 18
43 18
46 17
46 16
40 13
40 14
45 11
40 12
46 11
0
Yes
1 33
2 33
1 32
1 34
2 32
2 34
0 33
0 32
0 34
1 31
0 31
0
No
0
Yes
24 47
23 47
24 46
24 48
25 47
23 46
23 48
25 46
25 48
22 47
24 45
24 49
26 47
22 46
22 48
23 45
23 49
25 45
25 49
26 46
26 48
22 45
22 49
26 45
26 49
21 47
24 44
21 46
21 48
23 44
25 44
21 45
21 49
22 44
0
No
0
Yes
40 47
39 47
39 46
40 46
39 45
40 45
41 45
41 46
41 47
38 45
38 46
38 47
42 47
42 46
42 45
41 44
40 44
39 44
38 44
42 44
43 46
43 45
43 47
43 44
40 43
41 43
39 43
42 43
38 43
43 43
44 47
44 46
44 45
44 44
44 43
43 48
42 48
41 48
44 48
39 42
40 42
41 42
42 42
43 42
44 42
38 42
45 44
45 43
45 42
41 49
42 49
43 49
40 41
41 41
42 41
43 41
44 41
0
Yes
48 22
48 23
49 22
49 23
47 22
47 23
48 21
48 24
49 21
49 24
47 21
47 24
48 20
49 20
47 20
0
No
0
Yes
31 31
31 30
30 30
32 30
30 29
31 29
32 29
29 29
29 30
33 29
33 30
33 31
34 31
34 30
34 29
32 28
33 28
34 28
29 28
30 28
30 27
29 27
31 27
35 30
35 29
35 28
31 26
30 26
29 26
32 26
36 29
36 30
36 28
35 27
36 27
30 25
31 25
37 30
37 29
37 28
37 27
31 24
38 29
38 28
38 30
38 27
38 31
37 26
38 26
39 31
39 30
39 29
39 28
39 27
39 26
39 32
38 32
40 30
40 31
40 29
40 32
38 25
39 25
40 27
41 31
41 30
41 29
39 24
38 24
37 24
37 23
38 23
39 23
36 23
36 22
35 22
35 21
36 21
38 22
36 20
35 20
34 20
34 19
35 19
33 19
33 20
33 21
32 21
33 18
34 18
35 18
32 18
32 19
31 19
31 18
31 17
32 17
34 17
35 17
36 17
32 16
35 16
36 16
37 16
37 17
37 18
38 17
36 15
35 15
37 15
34 15
34 14
35 14
36 14
37 14
33 14
38 15
35 13
34 13
36 13
34 12
35 12
0
No
0
Yes
41 38
41 39
42 39
42 38
43 39
43 38
43 40
42 40
41 40
44 40
44 39
44 38
45 39
0
Yes
17 10
16 10
17 9
17 11
18 10
16 9
16 11
18 9
18 11
15 10
17 8
15 9
15 11
16 8
18 8
19 9
15 8
19 8
14 10
14 9
14 11
14 8
0
No
0
No
0
No
0
No
0
No
0
Yes
43 32
43 33
44 33
44 34
43 34
44 35
43 35
44 36
43 36
45 36
45 35
45 34
45 37
44 37
43 37
46 34
46 35
46 36
46 37
47 36
47 37
47 38
46 38
45 38
0
Yes
0 10
0 9
1 9
1 10
2 10
2 9
2 11
2 8
3 9
3 10
3 8
3 7
2 7
1 7
1 6
2 6
3 6
0 6
4 8
0 5
1 5
2 5
3 5
1 4
2 4
0 4
2 3
5 8
6 8
6 9
7 9
7 10
6 10
6 11
7 11
7 12
6 12
6 13
5 13
5 14
4 14
4 13
3 13
3 14
3 12
4 12
3 15
4 15
2 15
4 16
3 16
5 16
8 10
8 11
5 17
4 17
9 11
9 10
6 17
9 12
0
No
0
Yes
37 8
37 7
38 7
38 8
38 9
37 9
36 9
37 10
36 10
39 8
39 7
39 9
38 6
37 6
39 6
36 6
35 10
35 9
39 10
37 5
34 9
34 10
36 11
35 11
34 11
40 7
40 6
33 10
33 9
32 9
32 10
32 8
32 11
31 8
31 9
31 10
31 11
31 12
32 12
33 12
30 11
30 12
30 13
31 13
29 12
29 11
0
No
0
No
0
No
0
No
0
Yes
7 31
6 31
6 30
6 32
7 32
7 33
5 30
5 31
8 33
5 29
6 29
7 29
6 28
5 28
4 29
4 30
4 28
5 27
4 27
3 28
3 27
8 29
8 28
9 33
7 34
10 33
10 32
11 32
11 33
11 31
10 34
11 34
12 31
12 32
12 33
12 34
12 30
11 30
10 30
11 29
12 29
11 35
10 35
12 35
10 36
11 36
12 36
13 30
13 31
13 32
13 33
13 34
13 35
13 29
11 37
10 37
12 37
9 37
9 38
10 38
11 38
12 38
8 38
8 37
8 36
7 35
6 35
6 36
5 36
5 37
5 26
6 26
6 25
5 25
7 25
4 25
7 24
2 28
2 29
1 29
8 25
7 38
7 39
3 25
3 24
2 25
7 23
6 23
6 22
0
Yes
18 11
17 11
17 10
18 10
17 9
18 9
16 9
16 10
16 11
15 11
15 10
15 9
16 8
17 8
18 8
15 8
14 10
14 9
14 8
14 11
18 7
17 7
16 7
15 7
14 7
19 7
0
No
0
No
0
Yes
23 5
23 6
24 6
24 5
24 4
24 7
23 7
22 7
22 8
24 3
25 6
22 9
23 9
23 10
22 10
24 10
24 9
21 10
24 11
23 11
25 11
25 10
26 10
26 11
26 9
23 12
24 12
25 12
27 11
27 10
24 13
23 13
25 13
22 13
27 12
28 12
28 11
29 11
29 12
22 14
30 12
30 11
31 11
31 12
31 10
32 10
32 11
32 12
32 9
31 9
31 8
32 8
30 13
31 13
33 9
33 10
34 10
34 9
33 12
34 11
34 12
35 9
35 10
35 11
35 12
34 13
35 13
36 10
36 11
36 9
37 9
37 10
37 8
35 14
34 14
33 14
34 15
35 15
36 13
36 14
36 15
38 8
38 9
38 7
37 7
37 6
38 6
36 6
39 6
39 7
39 8
39 9
35 16
36 16
37 14
37 15
37 16
39 10
40 7
40 6
36 17
35 17
37 17
34 17
34 18
35 18
33 18
33 19
34 19
35 19
32 19
32 18
32 17
31 17
31 18
31 19
38 15
34 20
33 20
35 20
33 21
32 21
37 18
38 17
36 20
35 21
36 21
36 22
35 22
27 13
24 14
27 14
26 14
28 14
26 15
29 14
30 14
35 6
34 6
34 5
33 5
33 4
34 4
34 3
34 7
35 4
32 5
0
Yes
49 1
48 1
49 0
48 0
0
Yes
16 42
15 42
16 41
16 43
17 42
15 41
15 43
17 41
17 43
14 42
16 40
16 44
14 41
14 43
15 40
15 44
17 40
17 44
14 40
14 44
16 39
15 39
17 39
14 39
0
Yes
38 44
38 43
39 43
39 44
40 43
40 44
40 45
39 45
38 45
40 42
39 42
38 42
38 46
39 46
40 46
41 45
41 44
41 43
41 42
41 46
39 47
40 47
41 47
38 47
42 44
42 45
42 43
42 46
42 42
42 47
42 41
41 41
40 41
43 43
43 44
43 45
43 42
43 46
43 41
43 47
43 40
42 40
41 40
43 48
42 48
41 48
44 44
44 43
44 45
44 42
44 46
44 41
44 47
44 40
44 48
41 39
42 39
43 39
44 39
0
No
0
Yes
29 32
28 32
28 31
29 31
28 30
29 30
28 29
29 29
27 29
27 30
27 31
27 28
28 28
29 28
26 31
26 30
26 29
26 28
30 28
30 29
30 30
25 29
25 28
31 29
31 30
25 27
26 27
27 27
24 27
24 28
24 29
27 26
26 26
25 26
32 29
32 30
33 29
33 30
29 27
30 27
29 26
30 26
26 32
32 28
33 28
33 31
31 27
31 26
30 25
31 25
25 31
25 32
31 31
24 30
23 29
25 25
32 26
31 24
23 27
23 26
22 26
22 27
23 25
22 25
0
No
0
Yes
40 27
39 27
39 26
39 28
38 28
38 27
38 26
37 27
37 28
37 26
37 29
38 29
39 29
39 30
38 30
37 30
36 29
36 28
36 27
36 30
35 27
35 28
35 29
35 30
34 28
34 29
34 30
39 31
38 31
40 31
40 30
40 29
41 29
41 30
41 31
40 32
39 32
38 32
38 25
39 25
38 24
39 24
37 24
34 31
0
No
0
Yes
47 27
46 27
46 26
47 26
46 28
47 28
48 26
48 27
48 28
47 29
46 29
48 29
45 26
45 28
45 29
49 28
49 29
46 30
47 30
45 30
49 30
44 30
45 31
46 31
44 31
46 32
45 32
47 32
49 26
49 25
44 28
49 24
48 24
48 23
49 23
47 23
47 24
47 22
48 22
49 22
48 21
47 21
49 21
47 20
48 20
49 20
46 20
46 19
47 19
48 19
49 19
48 18
49 18
49 17
43 28
49 31
0
Yes
26 38
26 39
25 39
27 39
25 40
26 40
27 40
26 41
25 41
27 41
25 42
26 42
27 42
24 42
26 43
25 43
27 43
24 43
28 43
23 43
23 42
23 41
22 42
22 43
27 44
26 44
28 44
29 44
29 43
30 43
21 43
21 42
20 42
20 43
21 44
19 43
19 42
27 45
31 43
32 43
27 46
28 46
28 47
27 47
29 47
33 43
33 44
34 43
34 42
35 42
35 43
33 45
32 45
32 46
33 46
31 46
33 47
34 47
34 48
33 48
32 48
32 49
33 49
34 49
0
Yes
6 44
6 45
5 45
5 46
6 46
7 46
4 46
7 47
8 47
8 48
7 48
9 48
9 47
9 46
10 46
10 47
10 45
7 49
8 49
9 49
6 49
11 45
11 46
11 47
11 48
12 47
5 47
12 45
13 45
13 44
13 43
12 43
12 42
13 42
11 42
11 43
10 43
13 41
12 41
9 43
9 44
8 43
7 43
7 42
8 42
6 42
6 41
7 41
8 41
5 41
7 40
6 40
0
Yes
41 31
40 31
40 30
41 30
40 29
41 29
39 29
39 30
39 31
38 31
38 30
38 29
37 30
37 29
38 32
39 32
40 32
37 28
38 28
39 28
39 27
38 27
37 27
36 28
36 29
36 30
36 27
38 26
39 26
37 26
35 30
35 29
0
No
0
No
0
No
0
No
0
No
0
No
0
No
0
No
0
No
0
No
0
No
0
No
0
Yes
40 47
39 47
39 46
40 46
39 45
40 45
41 45
41 46
41 47
38 45
38 46
38 47
42 47
42 46
42 45
41 44
40 44
39 44
38 44
42 44
43 46
43 45
43 47
43 44
40 43
41 43
39 43
42 43
38 43
43 43
44 47
44 46
44 45
44 44
44 43
43 48
42 48
41 48
44 48
39 42
40 42
41 42
42 42
43 42
44 42
38 42
45 44
0
No
0
No
0
No
0
No
0
No
0
No
0
No
0
Yes
42 40
41 40
41 39
42 39
41 38
42 38
43 38
43 39
43 40
43 41
42 41
41 41
44 40
44 39
44 38
44 41
45 39
45 38
45 37
44 37
43 37
43 36
44 36
45 36
44 35
43 35
45 35
46 36
46 37
46 38
46 35
45 34
44 34
43 34
46 34
47 38
47 37
47 36
0
Yes
8 48
8 49
7 48
7 49
9 48
9 49
8 47
7 47
9 47
6 49
0
Yes
4 8
3 8
3 7
3 9
2 7
2 8
2 9
2 6
3 6
2 10
3 10
1 9
1 10
3 5
2 5
1 6
1 7
1 5
0 10
0 9
2 4
1 4
0 5
0 6
0 4
5 8
6 8
6 9
7 9
7 10
6 10
6 11
7 11
8 10
8 11
0
Yes
9 44
9 43
8 43
10 43
8 42
7 42
7 43
7 41
8 41
9 41
9 40
10 40
6 41
6 42
6 40
7 40
11 43
11 42
12 42
12 43
13 43
13 42
13 44
12 41
13 41
13 40
13 45
12 45
14 45
14 46
15 46
15 45
15 47
16 47
16 46
16 48
15 48
15 49
16 49
14 49
17 46
17 48
17 49
11 45
10 45
10 46
11 46
9 46
11 47
10 47
12 47
11 48
5 41
13 39
12 39
18 48
19 48
0
No
0
No
0
Yes
10 24
11 24
11 25
12 25
12 24
12 26
11 26
10 26
10 27
11 27
13 24
13 25
13 26
9 27
9 26
13 23
14 23
14 24
14 25
13 27
15 24
15 23
15 22
16 22
16 21
15 21
15 20
14 20
10 28
13 20
13 19
12 19
12 20
13 18
14 18
14 17
13 17
12 17
12 16
17 22
15 18
14 16
0
No
0
Yes
3 19
3 20
4 20
4 21
3 21
5 21
5 20
5 19
6 19
6 20
6 21
5 22
4 22
5 18
5 17
4 17
4 16
5 16
3 16
6 17
3 15
4 15
2 15
4 14
3 14
5 14
3 13
4 13
5 13
2 13
6 13
4 12
3 12
6 12
7 12
7 17
1 13
0 13
0
No
0
No
0
Yes
3 10
2 10
2 9
3 9
2 8
3 8
2 7
3 7
2 6
3 6
1 9
1 10
0 9
0 10
1 7
1 6
1 5
2 5
3 5
1 4
2 4
0 4
0 5
0 6
2 11
4 8
0
Yes
42 3
43 3
43 4
44 4
44 3
45 3
45 2
43 5
42 5
42 6
43 6
44 6
43 7
45 1
44 1
44 0
45 0
43 0
43 1
46 1
46 0
46 3
46 4
47 4
47 3
48 3
48 4
48 5
49 4
49 3
49 2
43 8
43 9
42 9
42 10
0
Yes
8 10
8 11
7 10
7 11
9 10
9 11
7 9
6 10
6 11
6 9
0
No
0
No
0
No
0
No
0
No
0
Yes
38 32
38 31
39 31
39 32
40 31
40 32
40 30
39 30
38 30
38 29
39 29
40 29
41 29
41 30
41 31
38 28
39 28
37 28
37 29
37 30
36 30
36 29
36 28
37 27
38 27
39 27
36 27
35 29
35 28
35 30
35 27
0
No
0
Yes
34 37
34 38
34 39
34 40
35 37
35 38
35 39
35 40
36 37
36 38
36 39
36 40
0
No
0
No
0
No
0
No
0
No
0
No
0
Yes
30 37
29 37
29 36
30 36
29 35
30 35
31 35
31 36
31 37
28 35
28 36
28 37
31 38
30 38
29 38
28 38
32 37
32 36
32 38
32 35
30 39
29 39
31 39
32 39
33 36
33 37
33 35
33 38
33 39
30 40
29 40
34 36
34 35
34 34
33 34
32 34
32 33
33 33
34 33
35 34
35 35
35 36
35 33
33 32
34 32
35 32
36 36
36 35
36 34
36 33
37 35
37 34
37 36
38 36
38 35
38 34
39 35
39 36
39 34
39 37
38 37
37 37
37 38
38 38
39 38
30 41
29 41
38 33
39 33
40 33
40 34
40 35
40 36
40 37
32 40
34 31
0
No
0
Yes
38 44
38 43
39 43
39 44
40 43
40 44
40 45
39 45
38 45
40 42
39 42
38 42
38 46
39 46
40 46
41 45
41 44
41 43
41 42
41 46
39 47
40 47
41 47
38 47
42 44
42 45
42 43
42 46
42 42
42 47
43 43
43 44
0
No
0
No
0
No
0
No
0
No
0
No
0
No
0
No
0
Yes
1 7
1 6
0 6
2 6
2 7
2 5
1 5
0 5
3 5
3 6
3 7
1 4
2 4
0 4
0
Yes
20 40
19 40
20 39
20 41
21 40
19 39
19 41
21 39
21 41
18 40
20 38
18 39
18 41
19 38
21 38
0
No
0
No
0
Yes
17 9
17 10
16 9
16 10
18 9
18 10
17 8
17 11
16 8
16 11
18 8
18 11
15 9
15 10
19 9
15 8
15 11
17 7
19 8
16 7
18 7
14 9
14 10
15 7
19 7
14 8
14 11
14 7
0
No
0
Yes
48 9
49 9
48 8
49 8
47 9
47 8
0
Yes
22 22
22 21
21 21
23 21
23 22
24 22
24 21
21 20
22 20
23 20
24 20
22 19
23 19
21 19
24 19
25 21
25 20
25 22
25 19
20 19
26 22
26 21
26 20
26 19
21 18
22 18
23 18
20 18
26 23
22 17
21 17
23 17
20 17
27 21
27 22
27 20
27 19
26 18
27 18
19 17
28 22
28 21
28 20
28 19
28 18
21 16
22 16
20 16
23 16
19 16
27 17
26 17
25 17
29 21
29 20
29 19
29 18
30 20
30 19
30 21
20 21
20 22
19 22
19 23
20 23
20 24
19 24
19 25
20 25
18 24
18 25
20 26
19 26
18 26
17 25
19 27
20 27
18 27
21 27
21 28
20 28
0
Yes
34 37
34 38
35 37
35 38
36 37
36 38
0
No
0
Yes
35 40
36 40
35 39
36 39
34 40
34 39
0
Yes
42 24
41 24
41 23
42 23
41 22
42 22
43 22
43 23
43 24
43 25
42 25
41 25
44 24
44 23
44 25
44 22
43 21
42 21
41 21
42 26
41 26
43 26
40 25
40 24
40 23
40 26
45 25
45 24
45 23
39 24
39 25
39 23
39 26
46 24
46 23
46 25
0
No
0
No
0
Yes
48 1
48 0
49 1
49 0
0
No
0
Yes
0 0
0 1
0 2
1 0
1 1
0
Yes
36 20
35 20
35 19
35 21
36 21
36 22
35 22
34 19
34 20
34 18
35 18
33 20
33 19
33 18
33 21
35 17
34 17
36 17
36 16
35 16
32 19
32 18
32 21
37 16
37 17
37 18
38 17
32 17
35 15
36 15
37 15
31 18
31 19
31 17
34 15
38 15
36 14
35 14
37 14
34 14
33 14
35 13
36 13
34 13
34 12
35 12
33 12
35 11
34 11
36 11
36 10
35 10
34 10
37 10
33 10
35 9
36 9
34 9
37 9
33 9
38 9
32 9
32 10
32 11
32 12
31 12
31 11
31 10
31 9
31 13
30 13
30 12
30 11
30 14
29 14
29 12
29 11
28 11
28 12
27 12
27 11
27 13
37 8
38 8
39 8
39 9
39 10
32 8
31 8
38 7
37 7
39 7
26 11
27 10
26 10
40 7
37 6
38 6
39 6
40 6
36 6
0
Yes
48 43
48 42
47 42
46 42
46 43
45 43
45 42
45 44
44 42
44 43
44 44
44 41
44 45
43 41
43 42
43 45
43 40
44 40
44 39
43 39
45 39
43 46
44 46
44 47
43 47
45 47
45 38
44 38
43 38
46 38
45 48
44 48
43 48
46 37
45 37
44 37
43 37
47 37
47 38
47 39
42 40
42 41
42 39
42 38
47 36
46 36
45 36
44 36
43 36
41 41
41 40
41 39
41 38
42 48
43 49
42 49
46 35
45 35
44 35
43 35
41 49
41 48
42 36
42 35
45 34
44 34
43 34
46 34
41 35
44 33
43 33
43 32
47 40
46 40
48 37
49 37
49 38
49 39
0
No
0
No
0
No
0
Yes
24 35
23 35
23 34
24 34
23 33
24 33
25 33
25 34
25 35
22 33
22 34
22 35
25 36
24 36
23 36
22 36
26 35
26 34
26 33
26 36
24 37
23 37
25 37
27 34
27 35
27 33
0
Yes
8 36
8 37
9 37
9 38
8 38
7 38
10 38
10 37
10 36
11 36
11 37
11 38
7 39
11 35
10 35
10 34
11 34
12 35
12 36
12 37
12 34
12 38
11 33
10 33
12 33
9 33
10 32
11 32
12 32
13 34
13 35
13 33
13 32
11 31
12 31
13 31
12 30
11 30
13 30
10 30
11 29
12 29
13 29
8 33
7 33
7 34
7 35
6 35
6 36
5 36
5 37
7 32
6 32
6 31
7 31
5 31
5 30
6 30
4 30
6 29
5 29
4 29
7 29
5 28
6 28
4 28
3 28
4 27
5 27
3 27
5 26
6 26
6 25
5 25
7 25
4 25
7 24
8 29
8 28
2 28
2 29
1 29
8 25
3 25
3 24
2 25
7 23
0
No
0
Yes
30 21
29 21
29 20
30 20
30 19
29 19
28 20
28 21
28 19
28 22
27 21
27 20
27 22
27 19
29 18
28 18
27 18
26 20
26 21
26 19
26 22
26 18
26 23
25 21
25 20
25 22
25 19
27 17
26 17
24 20
24 21
24 22
24 19
25 17
23 21
23 20
23 22
23 19
23 18
22 20
22 21
22 19
22 22
22 18
22 17
23 17
23 16
22 16
21 21
21 20
21 19
21 18
21 17
21 16
20 19
20 18
20 17
20 16
21 15
19 17
19 16
19 15
18 16
18 17
18 15
18 14
19 14
19 13
18 13
17 15
17 14
17 13
18 12
19 12
17 12
20 12
19 11
18 11
17 11
16 13
16 12
16 11
18 10
17 10
16 10
15 12
15 11
15 13
15 10
15 14
14 14
14 13
14 12
14 11
14 10
14 15
17 9
16 9
15 9
18 9
14 9
19 9
19 8
18 8
17 8
16 8
15 8
14 8
20 8
18 7
19 7
17 7
16 7
15 7
14 7
13 13
13 14
26 24
27 24
20 21
20 22
19 22
19 23
20 23
20 24
19 24
19 25
20 25
20 26
19 26
18 24
18 25
18 26
19 27
20 27
18 27
21 27
21 28
20 28
19 28
0
Yes
17 39
16 39
16 40
17 40
16 41
17 41
18 41
18 40
18 39
15 41
15 40
15 39
19 39
19 40
19 41
14 39
14 40
14 41
15 42
16 42
17 42
14 42
20 40
20 39
20 41
17 43
16 43
15 43
14 43
16 44
15 44
17 44
14 44
19 38
20 38
21 38
21 39
21 40
21 41
21 42
20 42
19 42
19 43
20 43
21 43
0
Yes
9 38
8 38
8 37
9 37
10 37
10 38
11 37
11 38
12 37
12 38
12 36
11 36
10 36
10 35
11 35
12 35
11 34
10 34
12 34
12 33
11 33
10 33
10 32
11 32
12 32
13 33
13 32
13 34
13 35
11 31
12 31
13 31
12 30
11 30
0
No
0
No
0
Yes
20 30
19 30
19 29
20 29
19 31
20 31
18 31
18 30
18 29
17 30
17 29
17 31
16 31
16 30
16 29
18 28
17 28
0
Yes
45 10
45 11
44 11
46 11
44 12
43 12
43 11
43 10
42 10
42 11
42 12
42 9
43 9
43 8
43 13
44 13
42 13
41 9
41 10
44 14
43 14
42 14
41 13
41 14
43 15
42 15
44 15
45 15
45 16
44 16
43 16
46 16
40 14
40 13
40 12
39 12
44 17
45 17
46 17
43 17
45 18
44 18
43 18
43 19
42 19
43 7
43 6
44 6
42 6
42 5
43 5
43 4
44 4
44 3
43 3
45 3
42 3
45 2
46 3
46 4
47 4
47 3
48 3
48 4
48 5
49 4
49 3
49 2
39 14
38 12
45 1
44 1
46 1
44 0
45 0
46 0
43 0
43 1
43 20
0
Yes
3 36
3 37
2 37
2 38
3 38
1 38
1 37
1 36
0 36
0 37
0 38
0 35
1 35
1 34
0 34
2 34
2 33
1 33
0 33
3 33
1 39
2 39
0 39
3 32
2 32
1 32
0 32
2 40
1 40
0 40
1 31
0 31
1 41
2 41
0 41
2 42
1 42
0 42
1 43
2 43
0 43
0
Yes
35 43
34 43
35 42
34 42
0
Yes
9 12
9 11
8 11
8 10
9 10
7 10
7 11
6 11
6 10
7 9
6 9
6 8
5 8
4 8
3 8
3 9
2 9
2 8
2 10
3 10
3 7
2 7
1 10
1 9
2 6
3 6
3 5
2 5
1 7
1 6
1 5
0 9
0 10
2 4
1 4
0 6
0 5
0 4
0
Yes
1 29
2 29
2 28
3 28
3 27
4 27
4 28
4 29
5 29
5 28
5 27
5 30
4 30
5 26
6 28
6 29
6 30
6 31
5 31
6 26
7 29
7 31
6 25
5 25
4 25
7 32
6 32
7 25
7 24
3 25
3 24
2 25
8 29
8 28
7 33
8 33
7 34
8 25
7 23
6 23
6 22
7 35
6 35
6 36
5 36
5 37
9 33
0
No
0
Yes
29 47
28 47
28 46
27 46
27 47
27 45
27 44
28 44
28 43
27 43
29 43
29 44
26 44
26 43
27 42
26 42
25 43
25 42
26 41
27 41
25 41
24 42
24 43
23 43
23 42
27 40
26 40
25 40
23 41
26 39
27 39
25 39
22 42
22 43
22 41
22 40
30 43
31 43
32 43
33 43
33 44
33 45
32 45
32 46
33 46
31 46
33 47
34 47
34 48
33 48
32 48
32 49
33 49
34 49
31 49
35 49
36 49
26 38
22 39
23 39
23 38
22 38
0
No
0
No
0
No
0
No
0
No
0
No
0
No
0
No
0
Yes
38 41
38 42
39 42
39 43
38 43
39 44
38 44
40 44
40 43
40 42
40 45
39 45
38 45
41 42
41 43
41 44
41 45
38 46
39 46
40 46
41 46
42 43
42 44
42 45
42 46
42 42
39 47
40 47
41 47
38 47
42 47
0
No
0
Yes
28 22
27 22
27 21
28 21
27 20
28 20
26 20
26 21
26 22
25 22
25 21
25 20
26 19
27 19
28 19
25 19
24 21
24 20
24 22
24 19
29 19
29 20
29 21
28 18
27 18
26 18
29 18
0
Yes
0 0
0 1
0 2
1 0
1 1
0
No
0
Yes
15 9
14 9
14 8
15 8
14 7
15 7
16 7
16 8
16 9
13 7
13 8
13 9
16 10
15 10
14 10
13 10
17 9
17 8
17 10
17 7
16 6
15 6
14 6
13 6
12 9
12 8
12 7
12 6
12 10
15 11
14 11
16 11
17 11
18 8
18 9
18 10
18 7
18 11
15 5
14 5
13 5
16 5
12 5
11 7
11 6
11 5
16 12
15 12
17 12
14 12
18 12
19 7
19 8
19 9
14 4
13 4
15 4
12 4
16 4
11 4
10 6
10 5
10 7
10 4
15 13
16 13
17 13
14 13
18 13
15 3
14 3
13 3
12 3
11 3
16 3
9 7
9 6
9 5
19 13
0
Yes
23 20
22 20
22 19
23 19
22 21
23 21
23 18
22 18
23 22
22 22
21 19
21 20
21 21
21 18
20 21
22 17
23 17
21 17
20 18
20 19
20 17
20 22
23 16
22 16
21 16
20 16
19 19
19 22
19 17
19 16
19 23
20 23
20 24
19 24
21 15
18 16
18 17
18 24
19 15
18 15
19 25
20 25
18 25
20 26
19 26
18 26
17 15
17 25
18 14
19 14
17 14
19 27
20 27
18 27
21 27
21 28
20 28
19 28
18 28
0
Yes
20 0
19 0
20 1
21 1
21 2
20 2
19 2
20 3
19 3
21 3
18 3
22 3
18 4
18 0
22 1
22 0
23 0
17 0
16 0
16 1
15 1
15 0
15 2
16 2
14 0
24 0
24 1
25 1
25 0
26 0
26 1
26 2
27 1
27 0
27 2
27 3
28 3
18 5
19 5
17 5
13 0
13 1
12 1
12 0
12 2
13 2
11 0
11 1
11 2
10 1
10 0
9 0
28 1
29 1
29 3
8 0
8 1
0
No
0
No
0
Yes
24 35
24 36
23 35
23 36
25 35
25 36
24 34
24 37
23 34
23 37
25 34
25 37
22 35
22 36
22 34
24 33
23 33
25 33
22 33
0
No
0
No
0
No
0
No
0
No
0
Yes
8 48
8 49
7 48
7 49
9 48
9 49
8 47
7 47
9 47
6 49
0
No
0
No
0
Yes
43 7
43 6
42 6
44 6
42 5
43 5
43 4
44 4
44 3
43 3
42 3
45 3
45 2
43 8
43 9
42 9
42 10
43 10
41 10
41 9
43 11
42 11
44 11
42 12
43 12
44 12
43 13
42 13
44 13
41 13
42 14
43 14
44 14
41 14
40 14
40 13
40 12
39 12
43 15
42 15
44 15
45 15
44 16
43 16
45 16
46 16
43 17
44 17
45 17
46 17
44 18
45 18
43 18
43 19
42 19
45 11
45 10
46 3
46 4
47 4
47 3
48 3
48 4
48 5
49 4
49 3
49 2
46 11
45 1
44 1
46 1
44 0
45 0
46 0
43 0
43 1
0
No
0
No
0
No
0
No
0
No
0
No
0
No
0
No
0
Yes
22 31
21 31
23 31
20 31
20 30
19 30
19 31
19 29
20 29
18 29
18 30
18 31
18 32
17 32
17 31
17 30
17 29
17 33
18 33
16 33
16 32
16 31
16 30
16 29
16 34
17 34
18 34
15 34
15 33
15 32
15 31
18 35
17 35
16 35
15 35
14 35
14 34
14 33
14 32
14 31
17 36
16 36
18 36
15 36
14 36
19 36
19 35
19 34
20 34
20 35
20 36
21 35
21 34
21 36
20 37
19 37
18 37
17 28
20 33
0
Yes
39 30
38 30
38 29
39 29
38 31
39 31
40 29
40 30
40 31
39 28
38 28
39 32
38 32
40 32
41 30
41 31
41 29
37 29
37 30
37 28
36 30
36 29
36 28
38 27
37 27
39 27
36 27
40 27
35 29
35 28
35 30
35 27
37 26
38 26
34 30
34 29
34 28
38 25
33 29
33 30
33 28
33 31
32 30
32 29
32 28
31 29
31 30
31 31
30 30
30 29
30 28
0
No
0
No
0
No
0
Yes
38 22
38 23
37 23
38 24
37 24
0
No
0
Yes
41 31
40 31
40 30
41 30
40 29
41 29
39 29
39 30
39 31
38 31
38 30
38 29
37 30
37 29
38 32
39 32
40 32
37 28
38 28
39 28
39 27
38 27
37 27
36 28
36 29
36 30
36 27
38 26
39 26
37 26
35 30
35 29
35 28
35 27
34 29
34 28
34 30
33 30
33 29
33 28
32 29
32 30
32 28
38 25
39 25
40 25
40 26
40 27
40 24
39 24
38 24
41 24
41 25
41 26
42 26
42 25
42 24
41 23
40 23
39 23
42 23
38 23
43 25
43 24
43 26
37 24
33 31
42 27
37 23
0
No
0
No
0
Yes
38 44
38 43
39 43
39 44
40 43
40 44
40 45
39 45
38 45
40 42
39 42
38 42
38 46
39 46
40 46
41 45
41 44
41 43
41 42
41 46
39 47
40 47
41 47
38 47
42 44
42 45
42 43
42 46
42 42
42 47
42 41
41 41
40 41
43 43
43 44
43 45
43 42
43 46
43 41
43 47
43 40
42 40
41 40
43 48
42 48
41 48
44 44
44 43
44 45
44 42
44 46
44 41
44 47
44 40
44 48
41 39
42 39
43 39
44 39
0
No
0
No
0
No
0
No
0
Yes
26 21
27 21
26 20
26 22
27 20
27 22
25 21
28 21
25 20
25 22
28 20
28 22
26 19
27 19
24 21
25 19
28 19
24 20
24 22
24 19
0
Yes
6 19
5 19
5 20
6 20
5 21
6 21
5 22
6 22
4 22
4 21
4 20
3 21
3 20
0
Yes
6 26
5 26
5 25
6 25
5 27
7 25
4 25
4 27
7 24
4 28
5 28
6 28
6 29
5 29
4 29
7 29
3 28
3 27
5 30
6 30
4 30
6 31
5 31
7 31
7 32
6 32
8 25
3 25
3 24
7 23
6 23
8 29
8 28
2 25
2 28
2 29
1 29
7 33
8 33
9 33
7 34
10 33
10 32
11 32
11 33
11 31
12 31
12 32
12 33
12 30
11 30
10 30
11 29
12 29
13 29
13 30
13 31
13 32
13 33
10 34
11 34
12 34
13 34
11 35
12 35
10 35
13 35
10 36
11 36
12 36
11 37
10 37
12 37
9 37
9 38
10 38
11 38
12 38
0
No
0
No
0
Yes
29 30
28 30
28 29
29 29
28 28
29 28
30 28
30 29
30 30
27 28
27 29
27 30
31 29
31 30
26 30
26 29
26 28
27 31
28 31
29 31
26 31
28 32
29 32
29 27
30 27
29 26
30 26
27 27
26 27
25 27
25 28
25 29
25 26
26 26
27 26
24 29
24 28
24 27
25 31
26 32
25 32
31 27
31 26
30 25
31 25
31 31
24 30
32 26
23 27
23 26
22 26
22 27
23 25
22 25
31 24
25 25
23 29
0
No
0
Yes
2 5
2 6
1 5
1 6
3 5
3 6
2 4
1 4
0 5
0 6
0 4
0
Yes
2 15
3 15
3 14
3 16
4 14
4 15
4 16
4 13
3 13
2 13
4 17
3 12
4 12
5 16
5 17
5 13
5 14
5 18
6 17
1 13
0 13
0 14
0 15
6 13
6 12
7 12
7 11
6 11
6 10
7 10
8 11
8 10
7 9
6 9
6 8
5 8
9 10
9 11
9 12
9 9
7 17
4 8
3 8
3 9
2 9
2 8
2 10
3 10
2 11
1 10
1 9
0 9
0 10
2 7
3 7
1 7
9 8
0
No
0
Yes
8 48
8 49
9 48
9 49
7 48
7 49
8 47
9 47
7 47
0
No
0
No
0
No
0
No
0
Yes
21 41
20 41
20 40
21 40
20 39
21 39
19 39
19 40
19 41
19 42
20 42
21 42
18 41
18 40
18 39
19 38
20 38
21 38
21 43
20 43
19 43
17 40
17 41
17 39
16 39
16 40
16 41
15 41
15 40
15 39
15 42
16 42
17 42
17 43
16 43
15 43
14 40
14 41
14 42
14 43
14 39
16 44
15 44
17 44
14 44
0
Yes
3 36
3 37
2 37
2 38
3 38
1 38
1 37
1 36
0 36
0 37
0 38
0 35
1 35
1 34
0 34
2 34
2 33
1 33
0 33
3 33
1 39
2 39
0 39
3 32
2 32
1 32
0 32
2 40
1 40
0 40
1 31
0 31
1 41
2 41
0 41
2 42
1 42
0 42
1 43
2 43
0 43
0 44
4 33
5 33
3 31
0 45
0 46
0 47
1 47
0
No
0
Yes
24 12
25 12
24 11
24 13
25 11
25 13
23 12
23 11
23 13
24 10
25 10
23 10
0
Yes
17 13
16 13
16 12
17 12
18 12
18 13
17 11
16 11
18 11
19 13
19 12
19 11
15 12
15 13
15 11
15 14
14 13
14 12
14 14
14 11
16 10
17 10
18 10
15 10
14 10
20 12
14 15
17 9
16 9
15 9
18 9
14 9
13 14
13 13
19 9
12 13
13 10
13 9
16 8
17 8
18 8
15 8
14 8
19 8
13 8
20 8
17 7
16 7
18 7
15 7
19 7
14 7
13 7
12 9
12 8
12 10
12 7
12 11
11 11
11 12
11 13
16 6
15 6
14 6
13 6
12 6
15 5
14 5
13 5
16 5
12 5
17 5
11 7
11 6
11 5
16 4
15 4
14 4
13 4
12 4
11 4
10 6
10 5
10 7
10 4
10 8
9 7
9 6
9 5
15 3
14 3
13 3
12 3
11 3
16 3
16 2
15 2
8 6
8 7
7 7
7 6
13 2
12 2
11 2
15 1
16 1
7 5
12 1
13 1
11 1
16 0
15 0
14 0
13 0
12 0
11 0
17 0
6 5
0
No
0
Yes
39 14
40 14
40 13
41 13
41 14
42 14
42 13
42 15
42 12
43 13
43 14
43 15
43 12
43 16
43 11
42 11
42 10
43 10
41 10
44 14
44 13
44 15
44 12
44 11
44 16
41 9
42 9
43 9
44 17
43 17
43 18
44 18
45 15
45 16
45 17
45 18
45 11
43 8
45 10
46 16
46 17
40 12
39 12
38 12
43 19
42 19
43 20
46 11
43 7
43 21
42 21
42 22
43 22
41 22
41 21
40 21
44 22
43 23
44 23
45 23
44 24
45 24
46 24
46 23
47 23
47 24
47 22
48 22
48 23
48 24
48 21
47 21
47 20
48 20
46 20
46 19
47 19
48 19
48 18
49 18
49 19
49 20
49 21
49 22
49 23
49 24
49 17
45 25
46 25
44 25
46 26
45 26
47 26
49 25
47 27
46 27
46 28
47 28
45 28
48 27
48 26
49 26
48 28
45 29
46 29
47 29
48 29
49 28
49 29
46 30
47 30
45 30
44 30
44 31
45 31
46 31
49 30
45 32
46 32
47 32
39 21
0
No
0
No
0
No
0
Yes
26 1
26 2
25 1
27 1
27 2
26 0
25 0
27 0
24 1
24 0
0
Yes
19 28
20 28
19 27
20 27
18 28
18 27
19 26
20 26
18 26
0
No
0
No
0
No
0
No
0
Yes
13 23
13 24
12 24
14 24
14 23
14 25
13 25
12 25
13 26
12 26
11 26
11 25
11 24
0
No
0
No
0
No
0
Yes
42 24
41 24
41 23
42 23
41 25
42 25
43 25
43 24
42 26
41 26
43 26
40 23
40 24
40 25
40 26
39 24
39 25
39 23
39 26
40 27
39 27
38 23
38 24
38 25
38 26
38 27
38 22
37 24
37 23
39 28
38 28
37 26
37 27
37 28
36 23
38 29
39 29
37 29
40 29
40 30
39 30
38 30
37 30
41 30
41 29
36 27
36 28
36 29
36 30
41 31
40 31
39 31
38 31
35 28
35 29
35 27
35 30
40 32
39 32
38 32
34 29
34 28
34 30
33 28
33 29
33 30
32 29
32 28
32 30
33 31
31 30
31 29
30 29
30 30
30 28
31 31
29 28
29 29
29 30
29 27
30 27
31 27
31 26
30 26
29 26
32 26
30 25
31 25
31 24
29 31
28 29
28 28
28 30
28 31
27 28
27 29
27 30
27 31
27 27
28 32
29 32
26 27
26 28
26 29
26 30
26 31
26 26
27 26
25 26
25 27
25 28
25 29
25 25
26 32
24 27
24 28
24 29
25 31
25 32
24 30
25 33
26 33
27 33
27 34
26 34
25 34
26 35
27 35
25 35
23 29
24 33
24 34
24 35
25 36
26 36
24 36
23 34
23 35
23 33
23 36
22 33
22 34
22 35
22 36
0
No
0
Yes
17 25
18 25
18 24
19 24
19 25
19 23
20 25
20 24
20 23
20 22
19 22
20 21
21 21
21 20
22 20
22 21
22 22
23 22
23 21
23 20
22 19
21 19
23 19
20 19
20 18
21 18
22 18
23 18
21 17
22 17
20 17
23 17
19 17
19 16
20 16
21 16
22 16
23 16
18 16
18 17
0
Yes
44 36
45 36
44 35
44 37
45 35
45 37
43 36
43 35
43 37
44 34
44 38
45 34
45 38
43 34
43 38
44 33
43 33
0
Yes
48 5
48 4
47 4
49 4
49 3
48 3
47 3
46 4
46 3
45 3
45 2
49 2
44 3
44 4
43 4
43 3
0
No
0
No
0
No
0
Yes
29 8
28 8
29 7
29 9
30 8
28 7
28 9
30 7
30 9
27 8
29 6
27 7
27 9
28 6
30 6
27 6
0
Yes
19 5
18 5
18 4
18 3
19 3
19 2
20 2
20 3
21 2
21 3
20 1
21 1
22 3
22 1
20 0
0
No
0
No
0
No
0
No
0
No
0
No
0
No
0
No
0
Yes
13 29
12 29
12 30
13 30
12 31
13 31
11 31
11 30
11 29
11 32
12 32
13 32
13 33
12 33
11 33
12 34
13 34
11 34
10 34
10 33
10 32
10 35
11 35
12 35
0
No
0
No
0
Yes
28 38
28 37
29 37
29 38
30 37
30 38
30 36
29 36
28 36
28 35
29 35
30 35
31 36
31 37
31 38
31 35
31 39
30 39
29 39
32 38
32 37
32 36
32 39
32 35
30 40
29 40
33 37
33 38
33 36
33 39
33 35
34 38
34 37
34 36
34 39
34 35
0
Yes
48 8
48 9
49 8
49 9
47 8
47 9
49 7
0
No
0
Yes
10 8
10 7
9 7
11 7
11 6
10 6
9 6
10 5
11 5
9 5
12 5
12 6
12 7
13 7
13 6
13 5
12 4
11 4
13 4
10 4
14 6
14 5
14 7
14 4
14 8
13 8
12 8
13 3
12 3
11 3
14 3
12 9
13 9
14 9
15 8
15 7
15 6
15 5
15 4
15 9
15 3
11 2
12 2
13 2
13 10
14 10
15 10
12 10
16 7
16 8
16 6
16 5
16 9
16 4
16 10
16 3
12 1
11 1
13 1
14 11
15 11
16 11
17 8
17 9
17 7
17 10
17 11
13 0
12 0
11 0
15 12
16 12
14 12
17 12
18 7
18 8
18 9
18 10
18 11
18 12
18 13
17 13
16 13
15 13
14 13
19 8
19 9
19 7
19 11
19 12
19 13
19 14
18 14
17 14
8 6
8 7
15 2
16 2
15 1
16 1
16 0
15 0
14 0
10 1
10 0
13 13
13 14
14 14
15 14
0
Yes
24 48
23 48
24 47
24 49
25 48
23 47
23 49
25 47
25 49
22 48
24 46
26 48
22 47
22 49
23 46
25 46
26 47
26 49
22 46
26 46
21 48
21 47
21 49
21 46
0
Yes
45 1
44 1
45 0
46 1
44 0
46 0
43 1
43 0
0
No
0
No
0
No
0
Yes
1 41
1 42
2 41
2 42
0 41
0 42
1 40
1 43
2 40
2 43
0 40
0 43
1 39
2 39
0
Yes
38 35
37 35
37 34
38 34
37 36
38 36
39 36
39 35
39 34
36 36
36 35
36 34
40 35
40 34
40 36
39 37
38 37
37 37
36 37
40 37
35 35
35 36
35 34
35 37
40 33
39 33
38 33
38 38
37 38
36 38
35 38
39 38
36 39
35 39
36 40
35 40
36 33
35 33
0
No
0
Yes
23 16
22 16
22 17
23 17
22 18
23 18
21 18
21 17
21 16
20 16
20 17
20 18
21 19
22 19
23 19
20 19
23 20
22 20
21 20
0
No
0
No
0
Yes
10 4
10 5
9 5
11 5
11 4
11 6
10 6
9 6
12 6
12 5
12 4
10 7
11 7
9 7
12 7
13 4
13 5
13 6
13 7
14 5
14 6
14 4
14 7
13 3
12 3
11 3
14 3
15 4
15 5
15 6
15 3
15 7
14 8
13 8
12 8
15 8
11 2
12 2
13 2
16 3
16 4
16 5
16 6
16 7
16 8
12 9
13 9
14 9
15 9
16 9
12 1
11 1
13 1
17 7
17 8
17 9
13 10
14 10
15 10
16 10
17 10
12 10
13 0
12 0
11 0
18 8
18 9
18 7
18 10
14 11
15 11
16 11
17 11
18 11
19 7
19 8
19 9
15 12
16 12
17 12
14 12
18 12
14 13
15 13
16 13
17 13
18 13
19 13
19 12
19 11
17 14
18 14
19 14
8 6
8 7
15 2
16 2
14 14
15 14
10 1
10 0
15 1
16 1
16 0
15 0
14 0
7 6
7 7
13 13
13 14
17 5
12 11
10 8
20 8
0
No
0
Yes
30 21
29 21
29 20
30 20
30 19
29 19
28 20
28 21
28 19
28 22
27 21
27 20
27 22
27 19
29 18
28 18
27 18
26 20
26 21
26 19
26 22
26 18
26 23
25 21
25 20
25 22
25 19
27 17
26 17
24 20
24 21
24 22
24 19
25 17
23 21
23 20
23 22
23 19
23 18
22 20
22 21
22 19
22 22
22 18
22 17
23 17
23 16
22 16
21 21
21 20
21 19
21 18
21 17
21 16
20 19
20 18
20 17
20 16
21 15
19 17
19 16
19 15
18 16
18 17
0
Yes
31 38
30 38
30 37
31 37
30 36
31 36
32 36
32 37
32 38
29 36
29 37
29 38
32 39
31 39
30 39
29 39
33 38
33 37
33 39
33 36
32 35
31 35
30 35
29 35
33 35
28 38
28 37
28 36
28 35
30 40
29 40
34 37
34 38
34 36
34 35
0
Yes
24 12
25 12
24 11
24 13
25 11
25 13
23 12
23 11
23 13
24 10
25 10
23 10
0
No
0
Yes
21 44
21 45
20 45
22 45
22 44
22 43
23 44
23 43
23 45
23 42
22 42
22 41
23 41
24 43
24 44
24 42
24 45
25 44
25 43
25 45
25 42
25 41
26 43
26 44
26 42
26 45
26 41
27 44
27 43
27 42
27 45
27 41
27 46
26 40
25 40
27 40
25 39
26 39
27 39
28 43
28 44
28 46
28 47
27 47
26 38
29 44
29 43
29 47
30 43
19 45
19 46
22 40
0
No
0
No
0
Yes
9 33
8 33
10 33
10 32
10 34
11 32
11 33
11 34
11 31
11 35
10 35
12 33
12 32
12 34
12 31
12 35
10 36
11 36
12 36
13 32
13 33
13 34
13 35
13 31
12 30
11 30
13 30
10 30
11 29
12 29
13 29
11 37
10 37
12 37
9 37
9 38
10 38
11 38
12 38
8 38
8 37
8 36
7 33
7 32
7 34
7 35
6 32
6 31
7 31
6 35
6 36
5 31
5 30
6 30
5 36
6 29
5 29
7 29
5 37
4 30
4 29
5 28
6 28
4 28
3 28
4 27
5 27
3 27
5 26
6 26
6 25
5 25
0
No
0
No
0
Yes
0 0
0 1
0 2
1 0
1 1
0
No
0
No
0
Yes
40 37
39 37
39 36
40 36
39 35
40 35
38 35
38 36
38 37
37 37
37 36
37 35
38 34
39 34
40 34
37 34
36 36
36 35
36 37
36 34
37 38
38 38
36 38
39 38
40 33
39 33
38 33
35 37
35 36
35 35
35 38
0
Yes
19 35
18 35
18 34
19 34
18 36
19 36
20 36
20 35
20 34
17 36
17 35
17 34
21 35
21 34
21 36
20 37
19 37
18 37
16 35
16 34
16 36
15 36
15 35
15 34
16 33
17 33
18 33
15 33
14 33
14 34
14 35
14 36
18 32
17 32
16 32
15 32
14 32
17 31
16 31
18 31
15 31
0
Yes
18 24
18 25
19 25
19 24
20 25
20 24
20 26
19 26
18 26
18 27
19 27
20 27
19 28
18 28
20 28
20 29
19 29
18 29
19 23
20 23
21 27
21 28
0
No
0
Yes
36 33
35 33
35 32
35 34
36 34
34 34
34 33
34 32
33 33
33 34
33 32
35 35
36 35
32 33
32 34
35 36
36 36
37 36
37 35
37 34
38 34
38 35
38 36
37 37
36 37
35 37
38 37
39 35
39 36
39 34
39 37
36 38
37 38
38 38
35 38
39 38
40 34
40 35
40 36
40 37
40 33
39 33
38 33
36 39
35 39
36 40
35 40
34 39
34 40
0
No
0
No
0
Yes
24 14
24 13
23 13
25 13
25 12
24 12
23 12
24 11
23 11
25 11
25 10
24 10
23 10
24 9
23 9
0
Yes
41 35
42 35
42 36
43 36
43 35
44 36
44 35
45 36
45 35
45 34
44 34
43 34
45 37
44 37
43 37
46 34
46 35
46 36
46 37
44 33
43 33
43 38
44 38
45 38
46 38
47 36
47 37
47 38
42 38
43 32
45 39
48 37
47 39
41 38
0
Yes
1 33
2 33
1 32
1 34
2 32
2 34
0 33
0 32
0 34
1 31
0 31
0
No
0
No
0
No
0
Yes
21 44
21 45
20 45
22 45
22 44
22 43
23 44
23 43
23 45
23 42
22 42
22 41
23 41
24 43
24 44
24 42
24 45
25 44
25 43
25 45
25 42
25 41
26 43
26 44
26 42
26 45
26 41
27 44
27 43
27 42
27 45
27 41
27 46
26 40
25 40
27 40
25 39
26 39
27 39
28 43
28 44
28 46
28 47
27 47
26 38
29 44
29 43
29 47
30 43
19 45
19 46
0
Yes
46 17
45 17
45 16
46 16
45 18
44 16
44 17
44 18
44 15
45 15
43 17
43 16
43 18
43 15
43 19
43 14
44 14
42 15
42 14
42 19
44 13
43 13
42 13
41 14
41 13
43 12
42 12
44 12
44 11
43 11
42 11
45 11
45 10
40 13
40 14
39 14
43 10
42 10
40 12
39 12
41 10
42 9
43 9
41 9
43 8
43 20
43 21
42 21
42 22
43 22
44 22
44 23
43 23
45 23
41 22
41 21
45 24
44 24
46 24
46 23
47 23
47 24
47 22
48 22
48 23
48 24
48 21
47 21
47 20
48 20
48 19
47 19
46 19
46 20
49 19
49 20
49 21
49 22
49 23
49 24
49 18
48 18
40 21
46 25
45 25
44 25
49 25
45 26
46 26
47 26
48 26
49 26
46 27
47 27
48 27
47 28
46 28
48 28
45 28
49 28
46 29
47 29
48 29
45 29
49 29
45 30
46 30
47 30
44 30
49 30
46 31
45 31
44 31
45 32
46 32
47 32
49 17
46 11
39 21
38 12
43 7
44 28
0
No
0
No
0
No
0
No
0
No
0
No
0
Yes
18 37
18 36
17 36
19 36
19 37
19 35
18 35
17 35
20 35
20 36
20 37
18 34
19 34
17 34
20 34
16 34
16 35
16 36
21 34
21 35
21 36
15 36
15 35
15 34
16 33
17 33
18 33
15 33
14 33
14 34
14 35
14 36
18 32
17 32
16 32
15 32
14 32
17 31
16 31
18 31
15 31
0
Yes
44 6
43 6
43 5
42 5
42 6
43 4
44 4
44 3
43 3
45 3
42 3
45 2
46 3
46 4
47 4
47 3
48 3
48 4
48 5
49 4
49 3
49 2
0
No
0
No
0
No
0
No
0
No
0
No
0
No
0
No
0
Yes
42 26
41 26
41 25
42 25
43 25
43 26
42 24
41 24
43 24
40 25
40 26
40 24
40 27
39 26
39 25
39 27
39 24
41 23
42 23
40 23
39 23
39 28
38 25
38 26
38 27
38 24
38 28
38 23
37 26
37 27
37 28
38 29
39 29
37 29
40 29
40 30
39 30
38 30
37 30
41 30
41 29
41 31
40 31
39 31
38 31
37 24
37 23
38 22
36 27
36 28
36 29
36 30
40 32
39 32
38 32
36 23
35 28
35 29
35 27
35 30
34 29
34 28
34 30
33 28
33 29
33 30
34 31
33 31
32 29
32 30
32 28
31 30
31 29
31 31
30 29
30 30
30 28
29 28
29 29
29 30
29 27
30 27
31 27
31 26
30 26
29 26
32 26
30 25
31 25
31 24
29 31
28 29
28 28
28 30
28 31
27 28
27 29
27 30
27 31
27 27
28 32
29 32
26 27
26 28
26 29
26 30
26 31
26 26
27 26
0
No
0
Yes
27 33
26 33
26 32
26 34
27 34
25 34
25 33
25 32
25 35
26 35
27 35
24 35
24 34
24 33
23 33
23 34
23 35
24 36
25 36
23 36
26 36
22 34
22 35
22 36
22 33
23 37
24 37
25 37
0
No
0
Yes
17 28
17 29
16 29
16 30
17 30
16 31
17 31
16 32
17 32
18 32
18 31
18 30
18 33
17 33
16 33
19 31
19 30
15 33
15 32
15 31
14 31
14 32
14 33
15 34
16 34
17 34
18 34
14 34
17 35
16 35
15 35
18 35
14 35
16 36
17 36
18 36
15 36
14 36
19 36
19 35
19 34
20 34
20 35
20 36
20 37
19 37
18 37
21 35
21 36
21 34
20 31
20 30
20 33
0
No
0
No
0
No
0
No
0
No
0
No
0
No
0
No
0
No
0
Yes
24 48
23 48
24 47
24 49
25 48
23 47
23 49
25 47
25 49
22 48
24 46
26 48
22 47
22 49
23 46
25 46
26 47
26 49
22 46
26 46
21 48
21 47
0
No
0
Yes
23 16
22 16
22 17
23 17
22 18
23 18
21 18
21 17
21 16
20 16
20 17
20 18
21 19
22 19
23 19
20 19
23 20
22 20
21 20
22 21
23 21
21 21
24 21
24 20
24 19
25 19
25 20
25 21
24 22
25 22
23 22
22 22
26 20
26 21
26 19
26 22
27 19
27 20
27 21
27 22
28 20
28 21
28 19
28 22
28 18
27 18
0
Yes
23 39
22 39
22 40
23 38
22 38
0
Yes
42 36
42 35
43 35
43 36
44 35
44 36
45 35
45 36
45 37
44 37
43 37
45 34
44 34
43 34
46 37
46 36
46 35
46 34
43 38
44 38
45 38
0
No
0
Yes
41 29
40 29
40 30
41 30
40 31
41 31
39 31
39 30
39 29
38 29
38 30
38 31
38 32
39 32
40 32
37 29
37 30
37 28
38 28
39 28
39 27
38 27
37 27
36 28
36 29
36 30
36 27
38 26
39 26
37 26
0
Yes
27 26
26 26
26 27
27 27
26 28
27 28
25 28
25 27
25 26
25 29
26 29
27 29
26 30
27 30
24 29
24 28
24 27
28 30
28 29
28 28
29 28
29 29
29 30
28 31
27 31
29 31
26 31
0
No
0
No
0
No
0
Yes
1 42
1 43
2 42
2 43
0 42
0 43
1 41
2 41
0 41
0 44
1 40
2 40
0 40
0
Yes
25 48
26 48
25 47
25 49
26 47
26 49
24 48
24 47
24 49
25 46
26 46
24 46
0
No
0
No
0
No
0
No
0
No
0
Yes
30 6
29 6
29 5
29 7
30 7
28 7
28 6
28 5
28 8
29 8
30 8
30 9
29 9
28 9
27 8
27 7
27 6
27 9
0
Yes
35 43
35 42
34 43
34 42
0
Yes
38 28
37 28
37 27
38 27
37 26
38 26
39 26
39 27
39 28
39 29
38 29
37 29
38 30
37 30
39 30
36 29
36 28
36 27
36 30
35 28
35 29
35 30
35 27
34 29
34 28
34 30
33 30
33 29
33 28
0
No
0
No
0
Yes
40 41
40 42
39 42
41 42
41 41
41 43
40 43
39 43
42 43
42 42
42 41
40 44
41 44
39 44
42 44
43 41
43 42
43 43
43 44
38 44
38 43
38 42
39 45
40 45
41 45
42 45
38 45
43 45
44 42
44 43
44 44
44 41
44 45
43 40
42 40
41 40
44 40
40 46
41 46
42 46
39 46
43 46
38 46
44 46
45 43
45 42
45 44
41 39
42 39
43 39
44 39
39 47
40 47
41 47
42 47
43 47
44 47
38 47
42 38
43 38
44 38
41 38
0
Yes
20 49
21 49
21 48
22 48
22 49
23 48
23 49
23 47
22 47
21 47
24 47
24 48
24 49
21 46
22 46
23 46
24 46
0
No
0
No
0
No
0
No
0
Yes
34 39
34 40
35 40
35 39
35 38
36 39
36 38
36 40
36 37
35 37
35 36
36 36
37 38
37 37
37 36
36 35
35 35
37 35
38 37
38 36
38 38
38 35
35 34
36 34
37 34
38 34
34 34
39 38
39 37
39 36
39 35
39 34
39 39
34 33
35 33
36 33
33 33
33 34
32 34
32 33
40 37
40 36
40 35
40 34
33 32
34 32
35 32
38 33
39 33
40 33
34 31
33 31
41 35
39 32
38 32
40 32
38 31
39 31
40 31
41 31
40 30
41 30
41 29
40 29
0
Yes
25 17
26 17
26 18
27 18
27 17
27 19
26 19
25 19
25 20
26 20
27 20
24 20
24 19
23 19
23 20
23 18
22 18
22 19
22 20
22 17
23 17
23 16
22 16
28 19
28 18
28 20
21 17
21 18
21 19
21 16
21 20
24 21
25 21
26 21
23 21
27 21
22 21
28 21
21 21
29 18
29 19
29 20
29 21
21 15
25 22
24 22
26 22
23 22
27 22
22 22
28 22
20 16
20 17
20 18
20 19
30 19
30 20
30 21
19 17
19 16
0
No
0
Yes
25 31
25 32
26 32
26 31
26 30
27 31
27 30
28 31
28 30
28 29
27 29
26 29
26 28
27 28
28 28
29 29
29 30
29 31
29 28
30 28
30 29
30 30
31 29
31 30
26 27
27 27
25 27
25 28
25 29
24 29
24 28
24 27
25 26
26 26
27 26
32 29
32 30
26 33
25 33
26 34
25 34
26 35
25 35
24 35
24 34
24 33
27 35
27 34
27 33
24 36
25 36
26 36
23 33
23 34
23 35
23 36
22 34
22 35
22 33
22 36
23 37
24 37
25 37
28 32
29 32
29 27
30 27
29 26
30 26
31 27
31 26
30 25
31 25
24 30
31 31
23 27
23 26
22 26
22 27
23 25
22 25
32 28
32 26
23 29
0
Yes
26 41
27 41
26 40
26 42
27 40
27 42
25 41
25 40
25 42
26 39
27 39
25 39
0
No
0
No
0
Yes
28 22
27 22
27 21
28 21
27 20
28 20
26 20
26 21
26 22
25 22
25 21
25 20
26 19
27 19
28 19
25 19
24 21
24 20
24 22
24 19
29 19
29 20
29 21
28 18
27 18
26 18
29 18
23 22
23 21
23 20
23 19
0
Yes
5 47
5 46
4 46
6 46
6 45
5 45
7 46
7 47
8 47
8 48
7 48
7 49
8 49
6 49
9 48
9 47
9 49
9 46
10 47
10 46
10 45
11 46
11 47
11 45
11 48
12 47
12 45
6 44
13 45
13 44
13 43
12 43
12 42
13 42
11 42
11 43
10 43
13 41
12 41
9 43
9 44
8 43
7 43
7 42
8 42
6 42
6 41
7 41
8 41
5 41
9 41
7 40
6 40
9 40
10 40
7 39
7 38
14 45
14 46
15 46
15 45
15 47
16 47
16 46
16 48
15 48
15 49
16 49
14 49
17 46
17 48
17 49
0
No
0
No
0
No
0
Yes
12 32
12 33
13 32
13 33
11 32
11 33
12 31
12 34
13 31
13 34
11 31
11 34
12 30
12 35
13 30
13 35
11 30
11 35
12 29
13 29
11 29
0
Yes
0 4
0 5
1 5
1 4
2 4
2 5
1 6
0 6
2 6
2 3
3 5
3 6
2 7
1 7
3 7
3 8
2 8
2 9
3 9
1 9
4 8
1 10
2 10
3 10
0 10
0 9
2 11
5 8
6 8
6 9
7 9
7 10
6 10
6 11
7 11
8 10
8 11
7 12
6 12
6 13
5 13
5 14
4 14
4 13
4 12
3 12
3 13
3 14
2 13
3 15
4 15
2 15
9 11
9 10
9 9
9 12
4 16
3 16
5 16
5 17
4 17
6 17
1 13
0 13
0 14
9 8
0 15
7 17
5 18
5 19
6 19
6 20
5 20
0
Yes
26 1
26 2
25 1
27 1
27 2
26 0
25 0
27 0
24 1
24 0
0
No
0
No
0
No
1
481
23 43
23 44
23 45
24 43
24 44
24 45
25 43
25 44
25 45
26 43
26 44
26 45
27 43
27 44
27 45
28 43
28 44
Yes
21 46
21 47
21 48
21 49
22 46
22 47
22 48
22 49
23 46
23 47
23 48
23 49
24 46
24 47
24 48
24 49
25 46
25 47
25 48
0
No
0
No
0
No
0
Yes
12 16
12 17
13 17
13 18
14 18
14 17
14 16
14 15
13 19
12 19
12 20
13 20
14 20
15 18
15 20
15 21
16 21
16 22
15 22
15 23
14 23
17 22
14 24
15 24
13 24
13 23
13 25
14 25
12 25
12 24
11 24
11 25
12 26
13 26
11 26
10 26
11 27
10 27
13 27
9 27
9 26
10 28
10 24
0
No
0
No
0
Yes
8 48
8 49
7 48
7 49
9 48
9 49
8 47
7 47
9 47
6 49
0
No
0
Yes
8 36
8 37
9 37
9 38
8 38
7 38
10 38
10 37
10 36
11 36
11 37
11 38
7 39
12 37
12 36
12 38
12 39
13 39
13 40
10 35
10 34
10 33
9 33
8 33
7 33
7 34
7 35
6 35
6 36
5 36
5 37
7 32
6 32
6 31
7 31
5 31
5 30
6 30
4 30
6 29
5 29
4 29
7 29
5 28
6 28
4 28
3 28
4 27
5 27
3 27
5 26
6 26
6 25
5 25
7 25
4 25
7 24
7 40
6 40
6 41
7 41
8 41
5 41
8 42
7 42
6 42
7 43
8 43
9 43
9 44
10 32
9 41
9 40
10 40
8 29
8 28
13 41
12 41
12 42
13 42
11 42
11 43
10 43
12 43
13 43
13 44
2 28
2 29
1 29
13 45
12 45
14 45
14 46
15 46
15 45
15 47
16 47
16 46
17 46
16 48
15 48
15 49
16 49
14 49
17 48
17 49
11 45
10 45
10 46
11 46
9 46
11 47
10 47
12 47
8 25
3 25
3 24
11 48
2 25
7 23
6 23
6 22
5 22
5 21
6 21
4 21
4 22
4 20
3 20
3 21
3 19
0
No
0
No
0
No
0
No
0
No
0
No
0
No
1
504
26 18
26 19
26 20
26 21
26 22
27 18
27 19
27 20
27 21
27 22
28 18
28 19
28 20
28 21
28 22
29 18
29 19
29 20
29 21
Yes
21 44
21 45
21 46
21 47
21 48
21 49
22 44
22 45
22 46
22 47
22 48
22 49
23 44
23 45
23 46
23 47
23 48
23 49
24 44
24 45
24 46
24 47
24 48
24 49
25 44
25 45
25 46
25 47
25 48
25 49
26 44
26 45
26 46
26 47
0
Yes
19 19
18 19
20 19
20 18
21 18
21 19
22 18
22 19
22 17
21 17
20 17
23 17
23 18
23 19
20 16
21 16
22 16
23 16
23 20
22 20
21 20
21 21
22 21
23 21
22 22
23 22
24 21
24 20
24 19
24 22
25 19
25 20
25 21
25 22
19 17
19 16
18 17
18 16
19 15
18 15
21 15
20 21
20 22
19 22
19 23
20 23
0
No
0
Yes
37 5
37 6
36 6
38 6
38 7
37 7
39 7
39 6
37 8
38 8
39 8
40 6
40 7
38 9
37 9
39 9
36 9
37 10
36 10
35 10
35 9
34 9
34 10
39 10
36 11
35 11
34 11
33 10
33 9
32 9
32 10
32 8
31 8
31 9
31 10
35 12
34 12
32 11
31 11
33 12
32 12
31 12
34 13
35 13
36 13
30 10
30 11
30 12
36 14
35 14
34 14
37 14
33 14
29 11
29 10
29 12
31 13
30 13
37 15
36 15
35 15
34 15
38 15
28 10
28 11
28 12
36 16
37 16
35 16
30 14
27 11
27 10
27 12
37 17
36 17
35 17
29 14
0
Yes
1 31
0 31
0 32
1 32
0 33
1 33
0 34
1 34
2 34
2 33
2 32
3 33
3 32
0
No
0
No
0
Yes
36 23
36 22
35 22
35 21
36 21
36 20
35 20
34 20
35 19
34 19
33 19
33 20
33 21
32 21
34 18
35 18
33 18
32 18
32 19
31 19
31 18
32 17
31 17
37 23
37 24
38 24
38 23
38 22
38 25
39 23
39 24
39 25
40 24
40 23
40 25
40 26
41 23
41 24
41 25
41 26
42 24
42 25
42 23
42 26
42 27
43 25
43 24
43 26
40 27
34 17
30 19
30 20
30 21
42 28
43 28
0
No
0
Yes
20 28
20 29
19 28
19 29
21 28
20 27
19 27
21 27
18 28
18 29
18 27
0
Yes
12 41
12 42
11 42
13 42
13 41
13 43
12 43
11 43
14 43
14 42
14 41
15 41
15 42
15 43
16 42
16 41
16 43
15 40
14 40
13 40
16 40
15 44
14 44
13 44
16 44
17 40
17 41
17 42
17 43
17 44
13 39
14 39
15 39
16 39
17 39
13 45
14 45
15 45
0
No
0
Yes
8 41
7 41
7 40
7 42
8 42
8 43
7 43
6 40
6 41
6 42
9 43
5 41
9 44
9 41
9 40
10 40
7 39
10 43
7 38
8 38
8 37
9 37
9 38
10 38
10 37
11 37
11 38
12 38
12 37
12 39
10 36
11 36
12 36
8 36
10 35
10 34
10 33
9 33
8 33
7 33
7 34
7 35
6 35
6 36
5 36
5 37
7 32
6 32
6 31
7 31
5 31
5 30
6 30
4 30
6 29
5 29
4 29
7 29
5 28
6 28
4 28
3 28
4 27
5 27
3 27
5 26
6 26
6 25
5 25
7 25
4 25
7 24
10 32
8 29
8 28
2 28
2 29
1 29
8 25
3 25
3 24
2 25
0
No
0
No
0
No
0
No
0
No
0
Yes
22 19
21 19
21 18
22 18
21 17
22 17
23 17
23 18
23 19
20 17
20 18
20 19
23 20
22 20
21 20
23 16
22 16
21 16
20 16
22 21
23 21
21 21
24 21
24 20
24 19
24 22
23 22
22 22
25 19
25 20
25 21
25 22
19 16
19 17
18 16
18 17
19 15
18 15
0
No
0
No
0
No
0
Yes
0 0
0 1
0 2
1 0
1 1
0
No
0
Yes
24 11
24 12
25 11
25 12
23 11
23 12
24 10
24 13
25 10
25 13
23 10
23 13
24 9
23 9
0
No
0
Yes
28 46
27 46
27 45
27 47
28 47
29 47
27 44
28 44
28 43
27 43
29 43
29 44
26 43
30 43
25 43
31 43
24 43
24 42
23 42
23 43
22 43
22 42
23 41
22 41
21 42
21 43
21 41
22 40
21 40
20 43
20 42
20 41
20 40
19 42
19 41
19 43
19 40
21 39
20 39
22 39
19 39
23 39
23 38
22 38
21 38
20 38
19 38
18 41
18 40
18 39
32 43
33 43
33 44
33 45
32 45
0
No
0
No
0
No
0
No
0
No
0
No
0
No
0
No
0
No
0
No
0
No
0
Yes
31 37
32 37
31 36
31 38
32 36
32 38
30 37
33 37
30 36
30 38
33 36
33 38
31 35
32 35
29 37
30 35
33 35
34 37
29 36
29 38
34 36
34 38
29 35
34 35
28 37
28 36
28 38
0
Yes
30 40
30 41
29 40
29 41
30 39
31 39
29 39
0
No
0
No
0
No
0
Yes
49 1
49 2
48 1
49 0
48 0
0
Yes
7 3
8 3
7 2
6 3
6 2
0
No
0
No
0
No
0
Yes
27 19
26 19
26 18
27 18
26 20
27 20
28 18
28 19
28 20
27 17
26 17
27 21
26 21
28 21
29 19
29 20
29 18
29 21
25 17
26 22
27 22
28 22
30 20
30 19
30 21
31 19
31 18
32 18
32 19
32 17
31 17
33 19
33 18
33 20
34 18
34 19
34 20
34 17
35 19
35 18
0
No
0
Yes
0 14
0 13
1 13
0 15
2 13
3 13
3 14
3 12
4 14
4 13
4 12
4 15
3 15
2 15
3 16
4 16
4 17
5 13
5 14
5 16
5 17
5 18
6 17
6 13
6 12
7 12
7 11
6 11
6 10
7 10
8 11
8 10
7 9
6 9
6 8
5 8
9 10
9 11
9 12
9 9
5 19
6 19
6 20
5 20
4 20
4 21
5 21
6 21
3 21
3 20
3 19
5 22
4 22
6 22
6 23
7 23
7 24
4 8
3 8
3 9
2 9
2 8
2 10
3 10
2 11
1 10
1 9
0 9
0 10
2 7
3 7
1 7
1 6
2 6
3 6
0 6
0 5
1 5
2 5
3 5
1 4
2 4
0 4
2 3
7 17
9 8
7 25
6 25
6 26
5 26
5 25
4 25
8 25
5 27
4 27
4 28
5 28
3 28
3 27
6 28
5 29
4 29
6 29
4 30
5 30
6 30
7 29
5 31
6 31
0
Yes
12 39
12 38
11 38
11 37
12 37
10 37
10 38
12 36
11 36
10 36
9 38
9 37
8 37
8 38
10 35
8 36
7 38
7 39
7 40
6 40
6 41
7 41
8 41
8 42
7 42
6 42
7 43
8 43
9 43
9 44
5 41
9 41
9 40
10 40
10 43
10 34
10 33
9 33
8 33
10 32
7 33
7 34
7 35
6 35
6 36
5 36
5 37
0
Yes
37 29
38 29
37 28
37 30
38 28
38 30
36 29
39 29
36 28
36 30
39 28
39 30
37 27
38 27
35 29
36 27
39 27
35 28
35 30
35 27
0
No
0
No
0
No
0
No
0
Yes
45 36
44 36
45 35
45 37
46 36
44 35
44 37
46 35
46 37
43 36
45 34
43 35
43 37
44 34
46 34
43 34
0
Yes
15 6
14 6
14 5
15 5
14 7
15 7
16 5
16 6
16 7
15 4
14 4
16 4
15 8
14 8
16 8
13 5
13 6
13 7
13 4
13 8
17 7
17 8
12 6
12 5
12 7
12 4
12 8
14 3
15 3
13 3
16 3
12 3
14 9
15 9
16 9
13 9
17 9
12 9
18 8
18 7
18 9
15 2
16 2
15 10
14 10
16 10
13 10
17 10
12 10
18 10
11 5
11 6
11 7
11 4
11 3
19 7
19 8
19 9
13 2
12 2
11 2
10 6
10 5
10 4
10 7
14 11
15 11
16 11
17 11
18 11
16 1
15 1
10 8
20 8
12 1
13 1
11 1
12 11
15 0
16 0
14 0
13 0
12 0
11 0
15 12
16 12
17 12
14 12
18 12
9 5
9 6
9 7
17 0
11 11
19 11
19 12
8 6
8 7
10 1
10 0
14 13
15 13
16 13
17 13
18 13
19 13
11 12
13 13
12 13
11 13
20 12
15 14
14 14
13 14
7 7
7 6
7 5
17 14
18 14
19 14
9 0
6 5
14 15
18 15
17 15
19 15
19 16
18 16
20 16
18 17
19 17
20 17
0
Yes
40 25
41 25
40 24
40 26
41 24
41 26
39 25
42 25
39 24
39 26
42 24
42 26
40 23
41 23
38 25
39 23
42 23
38 24
38 26
38 23
0
Yes
22 19
21 19
21 18
22 18
21 17
22 17
23 17
23 18
23 19
23 20
22 20
21 20
23 16
22 16
21 16
22 21
23 21
21 21
24 21
24 20
24 19
24 22
23 22
22 22
25 19
25 20
25 21
25 22
20 18
20 19
21 15
0
Yes
34 43
35 43
34 42
35 42
0
Yes
2 43
1 43
1 42
2 42
2 41
1 41
0 42
0 43
0 41
0 44
1 40
2 40
0 40
2 39
1 39
0 39
1 38
2 38
0 38
3 38
2 37
1 37
3 37
0 37
1 36
0 36
3 36
0
No
0
No
0
Yes
17 25
18 25
18 24
18 26
19 26
19 25
19 24
20 25
20 24
20 26
19 23
20 23
19 22
20 22
0
No
0
Yes
12 25
11 25
11 24
12 24
11 26
12 26
13 24
13 25
13 26
14 25
14 24
10 24
10 26
13 23
14 23
13 27
10 27
11 27
15 24
15 23
9 27
9 26
15 22
16 22
16 21
15 21
15 20
14 20
10 28
13 20
13 19
12 19
12 20
17 22
13 18
0
No
0
Yes
49 17
49 18
48 18
48 19
49 19
47 19
49 20
48 20
47 20
48 21
49 21
47 21
46 20
46 19
49 22
48 22
47 22
48 23
49 23
47 23
46 23
49 24
48 24
47 24
46 24
45 24
45 23
44 23
44 24
44 22
43 22
43 23
43 24
43 21
42 21
42 22
46 25
45 25
44 25
43 25
41 22
41 21
40 21
45 26
46 26
47 26
47 27
46 27
48 27
48 26
49 26
49 25
43 26
48 28
47 28
46 28
49 28
45 28
49 29
48 29
47 29
46 29
45 29
47 30
46 30
45 30
44 30
46 31
45 31
44 31
45 32
46 32
47 32
43 20
43 19
42 19
43 18
44 18
45 18
45 17
44 17
43 17
46 17
46 16
45 16
44 16
43 16
45 15
44 15
43 15
44 14
43 14
43 13
44 13
44 12
43 12
42 15
42 14
42 13
42 12
43 11
44 11
42 11
45 11
45 10
41 14
41 13
40 13
40 14
42 10
43 10
43 9
42 9
40 12
39 14
41 10
41 9
39 12
46 11
39 21
0
No
0
Yes
0 4
0 5
1 5
1 4
2 4
2 5
1 6
0 6
2 6
2 3
3 5
3 6
2 7
1 7
3 7
3 8
2 8
2 9
3 9
1 9
4 8
1 10
2 10
3 10
0 10
0 9
2 11
5 8
6 8
6 9
7 9
7 10
6 10
6 11
7 11
8 10
8 11
7 12
6 12
6 13
5 13
5 14
4 14
4 13
4 12
3 12
3 13
3 14
2 13
3 15
4 15
2 15
9 11
9 10
9 9
9 12
4 16
3 16
5 16
5 17
4 17
6 17
1 13
0 13
0 14
9 8
0 15
7 17
5 18
5 19
6 19
6 20
5 20
4 20
4 21
5 21
6 21
3 21
3 20
3 19
5 22
4 22
6 22
6 23
0
Yes
0 31
0 32
1 32
1 31
1 33
0 33
1 34
0 34
2 34
2 33
2 32
3 33
3 32
1 35
0 35
3 31
0
No
0
No
0
No
0
No
0
No
0
Yes
38 36
38 37
37 36
37 37
39 36
39 37
38 35
38 38
37 35
37 38
39 35
39 38
36 36
36 37
40 36
40 37
36 35
36 38
38 34
40 35
37 34
39 34
35 36
35 37
36 34
40 34
35 35
35 38
35 34
0
Yes
7 23
7 24
7 25
6 25
8 25
6 26
5 26
5 25
4 25
5 27
4 27
4 28
5 28
6 28
6 29
5 29
4 29
7 29
3 28
3 27
5 30
6 30
4 30
6 31
5 31
7 31
7 32
6 32
3 25
3 24
2 25
8 29
8 28
2 28
2 29
1 29
7 33
8 33
9 33
10 33
10 32
10 34
7 34
7 35
6 35
6 36
5 36
5 37
10 35
10 36
11 36
11 37
10 37
9 37
12 37
12 36
9 38
10 38
11 38
12 38
8 38
0
Yes
27 42
26 42
26 41
27 41
26 40
27 40
25 40
25 41
25 42
25 39
0
Yes
13 44
13 43
12 43
14 43
14 44
14 42
13 42
12 42
15 42
15 43
15 44
13 41
14 41
15 41
12 41
16 44
16 43
16 42
16 41
15 45
14 45
13 45
14 40
13 40
15 40
16 40
17 43
17 42
17 41
17 40
17 44
15 39
14 39
16 39
13 39
17 39
0
No
0
Yes
19 7
18 7
18 8
19 8
18 9
19 9
17 9
17 8
17 7
16 7
16 8
16 9
15 8
15 7
15 9
16 10
17 10
18 10
15 10
14 9
14 8
14 7
14 10
18 11
17 11
16 11
15 11
14 11
13 7
13 8
13 9
13 10
14 6
15 6
16 6
13 6
17 12
16 12
15 12
18 12
14 12
12 8
12 7
12 9
12 6
12 10
0
Yes
34 40
34 39
35 39
35 40
36 39
36 40
35 38
36 38
35 37
36 37
35 36
36 36
37 36
37 37
37 38
37 35
36 35
35 35
38 38
38 37
38 36
38 35
35 34
36 34
37 34
38 34
39 37
39 36
39 35
39 34
39 38
40 36
40 35
40 34
40 37
40 33
39 33
38 33
38 32
39 32
40 32
39 31
40 31
38 31
0
Yes
14 0
13 0
13 1
12 1
12 0
12 2
13 2
11 0
11 1
11 2
13 3
12 3
11 3
14 3
14 4
13 4
12 4
11 4
10 1
10 0
15 4
15 3
15 2
15 1
15 0
16 0
16 1
16 2
16 3
16 4
9 0
13 5
14 5
15 5
12 5
16 5
11 5
10 4
10 5
17 5
11 6
10 6
9 5
9 6
10 7
11 7
9 7
8 6
8 7
7 7
7 6
7 5
6 5
17 0
18 0
19 0
8 0
8 1
20 0
20 1
21 1
21 2
20 2
19 2
19 3
20 3
21 3
18 3
18 4
18 5
19 5
22 3
7 0
6 0
7 4
0
No
0
No
0
No
0
No
0
Yes
27 6
27 7
27 8
27 9
28 6
28 7
28 8
28 9
29 6
29 7
29 8
29 9
30 6
30 7
30 8
30 9
0
No
0
No
0
Yes
30 37
29 37
29 36
30 36
29 38
30 38
31 36
31 37
31 38
30 35
29 35
31 35
30 39
29 39
31 39
32 37
32 36
32 38
32 35
32 39
28 36
28 37
28 38
28 35
29 40
30 40
33 36
33 37
33 38
33 35
33 39
32 34
33 34
32 40
30 41
29 41
34 37
34 36
34 38
34 35
34 34
33 33
32 33
34 33
34 32
33 32
35 33
35 32
33 31
34 31
34 30
33 30
33 29
34 29
35 30
35 29
34 28
33 28
35 28
36 29
36 30
36 28
37 30
37 29
37 28
35 27
0
Yes
17 39
16 39
16 40
17 40
16 41
17 41
15 41
15 40
15 39
14 39
14 40
14 41
15 42
16 42
17 42
14 42
13 40
13 41
13 42
13 39
17 43
16 43
15 43
14 43
13 43
12 41
12 42
12 43
16 44
15 44
14 44
13 44
17 44
11 42
11 43
15 45
14 45
13 45
15 46
14 46
16 46
16 47
15 47
16 48
15 48
17 48
16 38
14 38
0
Yes
1 7
1 6
0 6
2 6
2 7
2 5
1 5
0 5
3 5
3 6
3 7
1 4
2 4
0 4
0
Yes
25 34
24 34
24 33
25 33
24 35
25 35
26 35
26 34
26 33
23 35
23 34
23 33
27 34
27 33
27 35
26 36
25 36
24 36
23 36
22 34
22 35
22 33
22 36
25 37
24 37
23 37
25 32
26 32
25 31
26 31
27 31
26 30
27 30
26 29
27 29
28 29
28 30
28 31
28 28
27 28
26 28
29 31
29 30
29 29
29 28
30 30
30 29
30 28
28 32
29 32
25 29
25 28
24 29
24 28
0
Yes
45 1
44 1
45 0
46 1
44 0
46 0
43 1
43 0
0
No
0
No
0
No
0
Yes
10 30
11 30
11 29
11 31
12 29
12 30
12 31
12 32
11 32
10 32
10 33
11 33
12 33
13 30
13 31
13 32
13 29
13 33
9 33
11 34
10 34
12 34
13 34
10 35
11 35
12 35
13 35
11 36
12 36
10 36
10 37
11 37
12 37
9 37
9 38
10 38
11 38
12 38
8 38
8 37
8 36
12 39
8 33
7 33
7 32
6 32
6 31
7 31
7 34
5 31
5 30
6 30
6 29
5 29
7 29
5 28
6 28
7 35
4 30
4 29
4 28
6 35
4 27
5 27
5 26
6 26
6 25
5 25
7 25
7 24
6 36
3 28
3 27
4 25
5 36
5 37
8 29
8 28
8 25
7 23
6 23
6 22
5 22
5 21
6 21
6 20
5 20
4 21
4 22
4 20
5 19
6 19
3 20
3 21
3 19
2 28
2 29
1 29
7 38
7 39
3 25
3 24
2 25
7 40
6 40
6 41
7 41
8 41
5 41
8 42
7 42
6 42
7 43
8 43
9 43
9 44
0
No
0
Yes
1 33
2 33
1 32
1 34
2 32
2 34
0 33
0 32
0 34
1 31
0 31
0
No
0
Yes
34 43
35 43
34 42
35 42
0
No
0
No
0
No
0
No
0
No
0
No
0
Yes
26 20
26 19
27 19
27 20
27 21
26 21
26 22
27 22
28 20
28 21
28 19
28 22
27 18
26 18
28 18
26 17
27 17
25 17
29 19
29 20
29 21
29 18
30 20
30 19
30 21
31 19
31 18
32 18
32 19
32 17
31 17
33 19
33 18
33 20
34 20
34 19
34 18
34 17
35 19
35 18
35 20
35 21
36 20
36 21
36 22
35 22
26 23
26 24
27 24
33 21
32 21
32 16
32 15
31 15
36 23
0
Yes
16 21
15 21
15 20
15 22
16 22
17 22
14 20
15 23
14 23
14 24
15 24
13 24
13 23
13 25
14 25
12 25
12 24
11 24
11 25
12 26
13 26
11 26
13 27
10 26
11 27
10 27
9 27
9 26
10 28
13 20
13 19
12 19
12 20
13 18
14 18
14 17
13 17
12 17
12 16
15 18
0
No
0
No
0
No
0
No
0
No
0
No
0
No
0
Yes
19 24
19 25
20 24
20 25
18 24
18 25
19 23
19 26
20 23
20 26
18 26
19 22
20 22
0
No
0
No
0
Yes
17 46
16 46
16 47
15 47
15 46
15 45
15 48
16 48
17 48
14 46
14 45
17 49
16 49
15 49
14 44
15 44
16 44
16 43
15 43
14 43
17 43
17 44
17 42
16 42
15 42
14 42
13 45
13 44
13 43
13 42
14 49
16 41
15 41
14 41
17 41
13 41
18 41
12 43
12 42
12 41
17 40
16 40
15 40
14 40
13 40
18 40
19 40
19 41
19 42
20 42
20 41
20 40
20 43
19 43
21 43
21 42
21 41
21 40
22 42
22 41
22 43
22 40
23 43
23 42
23 41
16 39
17 39
18 39
15 39
19 39
14 39
20 39
21 39
13 39
22 39
11 42
11 43
10 43
24 42
24 43
19 38
20 38
21 38
22 38
14 38
25 43
25 42
23 39
23 38
25 41
26 42
26 43
26 41
27 43
27 42
27 41
27 44
26 40
25 40
27 40
25 39
26 39
27 39
28 44
28 43
26 38
29 43
29 44
18 48
19 48
0
Yes
18 17
18 16
19 16
19 17
20 16
20 17
19 15
18 15
19 14
18 14
19 13
18 13
17 13
17 14
17 15
19 12
20 12
0
No
0
Yes
24 27
24 28
25 28
25 27
26 28
26 27
26 29
25 29
24 29
27 29
27 28
27 27
27 26
26 26
25 26
28 29
28 28
28 30
27 30
26 30
26 31
27 31
28 31
29 30
29 29
29 28
29 31
30 28
30 29
30 30
31 29
31 30
32 29
32 30
25 31
28 32
29 32
29 27
30 27
29 26
30 26
25 32
26 32
25 33
26 33
25 34
26 34
25 35
26 35
24 35
24 34
24 33
27 35
27 34
27 33
23 33
23 34
23 35
24 36
25 36
23 36
26 36
22 34
22 35
22 33
22 36
23 37
24 37
31 27
31 26
30 25
25 37
23 29
24 30
25 25
0
Yes
10 4
10 5
9 5
11 5
11 4
11 6
10 6
9 6
10 7
9 7
11 7
12 5
12 4
10 8
9 8
13 5
13 4
13 3
12 3
11 3
11 2
12 2
13 2
14 3
14 4
14 5
12 1
11 1
13 1
15 4
15 3
15 5
13 0
12 0
11 0
16 5
16 4
16 3
8 6
8 7
10 1
10 0
15 2
16 2
15 1
16 1
16 0
15 0
14 0
0
No
0
No
0
No
0
No
0
Yes
47 36
46 36
46 35
46 37
47 37
45 37
45 36
45 35
45 38
46 38
47 38
44 36
44 37
44 35
44 34
45 34
46 34
43 35
43 36
43 34
43 37
0
No
0
Yes
41 35
42 35
42 36
43 36
43 35
44 36
44 35
45 36
45 35
45 34
44 34
43 34
45 37
44 37
43 37
46 34
46 35
46 36
46 37
44 33
43 33
47 36
47 37
47 38
46 38
45 38
43 32
0
No
0
No
0
No
0
Yes
17 25
18 25
18 24
18 26
19 26
19 25
19 24
20 25
20 24
20 26
0
No
0
Yes
49 17
49 18
48 18
48 19
49 19
47 19
49 20
48 20
47 20
48 21
49 21
47 21
46 20
46 19
49 22
48 22
47 22
48 23
49 23
47 23
46 23
49 24
48 24
47 24
46 24
45 24
45 23
44 23
44 24
44 22
43 22
43 23
43 24
43 21
42 21
42 22
46 25
45 25
44 25
43 25
41 22
41 21
40 21
45 26
46 26
47 26
47 27
46 27
48 27
48 26
49 26
49 25
43 26
48 28
47 28
46 28
49 28
45 28
49 29
48 29
47 29
46 29
45 29
47 30
46 30
45 30
44 30
46 31
45 31
44 31
45 32
46 32
47 32
43 20
43 19
42 19
43 18
44 18
45 18
45 17
44 17
43 17
46 17
46 16
45 16
44 16
43 16
0
No
0
No
0
Yes
18 17
18 16
19 16
19 17
20 16
20 17
19 15
18 15
0
Yes
42 15
42 14
41 14
43 14
43 15
43 13
42 13
41 13
44 13
44 14
44 15
44 12
43 12
42 12
0
Yes
48 8
48 9
49 8
49 9
47 8
47 9
49 7
0
No
0
No
0
Yes
12 11
11 11
11 12
12 10
13 10
13 9
12 9
14 9
14 10
14 11
12 8
13 8
14 8
15 11
15 10
15 9
15 8
15 12
14 12
14 13
15 13
13 13
12 13
11 13
13 14
14 14
15 14
13 7
14 7
12 7
15 7
16 10
16 11
16 12
16 9
16 13
16 8
16 7
14 15
12 6
13 6
14 6
15 6
16 6
17 11
17 10
17 12
17 9
17 8
17 7
17 13
17 14
18 10
18 11
18 12
18 9
18 13
18 8
18 14
18 7
19 11
19 12
19 13
19 14
19 9
19 8
19 7
20 12
20 8
14 16
14 17
13 17
13 18
14 18
15 18
12 17
12 16
17 15
13 19
12 19
12 20
13 20
14 20
15 20
15 21
16 21
16 22
15 22
17 22
15 23
14 23
14 24
15 24
13 24
13 23
13 25
14 25
0
No
0
No
0
No
0
Yes
26 49
25 49
25 48
26 48
25 47
26 47
24 47
24 48
24 49
23 49
23 48
23 47
24 46
25 46
26 46
23 46
22 48
22 47
22 49
22 46
26 45
25 45
24 45
23 45
22 45
21 49
21 48
21 47
21 46
21 45
27 45
27 46
27 47
25 44
24 44
23 44
26 44
22 44
21 44
0
No
0
No
0
Yes
41 9
41 10
42 10
42 9
43 10
43 9
42 11
43 11
0
Yes
42 46
43 46
42 45
42 47
43 45
43 47
41 46
44 46
41 45
41 47
44 45
44 47
42 44
42 48
43 44
43 48
40 46
41 44
41 48
44 44
44 48
40 45
40 47
42 43
42 49
43 43
43 49
40 44
41 43
41 49
44 43
40 43
42 42
43 42
41 42
44 42
40 42
0
No
0
No
0
Yes
29 8
28 8
28 7
29 7
28 9
29 9
30 7
30 8
30 9
29 6
28 6
30 6
29 10
28 10
30 10
31 8
31 9
31 10
27 7
27 8
27 9
27 6
27 10
26 9
26 10
28 5
29 5
28 11
29 11
30 11
27 11
31 11
26 11
32 9
32 10
32 8
32 11
29 12
28 12
30 12
27 12
31 12
32 12
33 10
33 9
30 13
31 13
34 9
34 10
27 13
33 12
34 11
34 12
35 10
35 11
35 9
35 12
34 13
35 13
36 9
36 10
36 11
37 10
37 9
37 8
35 14
34 14
33 14
34 15
35 15
36 13
36 14
36 15
38 8
38 9
38 7
37 7
37 6
38 6
36 6
35 16
36 16
37 14
37 15
37 16
39 7
39 8
39 9
39 6
39 10
40 6
40 7
36 17
35 17
37 17
38 15
38 17
0
Yes
45 37
46 37
45 36
45 38
46 36
46 38
44 37
47 37
44 36
44 38
47 36
47 38
45 35
46 35
43 37
44 35
43 36
43 38
43 35
0
Yes
16 35
15 35
16 34
16 36
17 35
15 34
15 36
17 34
17 36
14 35
16 33
14 34
14 36
15 33
17 33
14 33
0
No
0
No
0
No
0
Yes
27 33
26 33
26 32
26 34
27 34
25 34
25 33
25 32
25 35
26 35
27 35
24 35
24 34
24 33
23 33
23 34
23 35
24 36
25 36
23 36
26 36
22 34
22 35
22 36
22 33
23 37
24 37
25 37
21 35
21 34
21 36
1
683
26 28
26 29
26 30
26 31
27 28
27 29
27 30
27 31
28 28
28 29
28 30
28 31
29 28
29 29
29 30
29 31
Yes
14 31
14 32
14 33
14 34
14 35
15 31
15 32
15 33
15 34
15 35
16 31
16 32
16 33
16 34
16 35
17 31
17 32
17 33
17 34
17 35
18 31
18 32
18 33
0
No
0
Yes
31 13
30 13
30 12
31 12
30 14
32 12
31 11
30 11
32 11
29 12
29 11
29 14
30 10
31 10
32 10
29 10
28 11
28 12
28 10
33 10
31 9
30 9
32 9
29 9
33 9
28 9
27 12
27 11
27 10
27 9
27 13
34 9
34 10
34 11
35 11
35 10
35 9
35 12
34 12
33 12
34 13
35 13
35 14
34 14
33 14
34 15
35 15
35 16
36 13
36 14
36 15
36 16
30 8
31 8
32 8
29 8
28 8
27 8
26 11
26 10
26 9
36 10
36 11
36 9
37 14
37 15
37 16
29 7
30 7
28 7
27 7
36 17
35 17
37 17
30 6
29 6
28 6
27 6
37 9
37 10
38 15
26 7
37 8
37 18
38 17
29 5
28 5
38 8
38 9
39 9
39 8
0
No
0
No
0
Yes
43 40
43 41
42 40
42 41
44 40
44 41
43 39
42 39
44 39
41 40
41 41
41 39
0
Yes
49 1
49 2
48 1
49 0
48 0
0
Yes
31 31
31 30
30 30
32 30
30 29
31 29
32 29
33 29
33 30
33 31
34 31
34 30
34 29
32 28
33 28
34 28
34 32
33 32
33 33
34 33
32 33
32 34
33 34
34 34
35 30
35 29
35 28
35 32
35 33
33 35
32 35
34 35
31 35
31 36
32 36
33 36
34 36
30 36
30 35
29 35
29 36
36 29
36 30
36 28
36 33
35 27
36 27
28 36
28 35
30 37
31 37
32 37
29 37
33 37
28 37
34 37
37 30
37 29
37 28
37 27
31 38
30 38
32 38
29 38
33 38
28 38
34 38
38 29
38 28
38 30
38 27
37 26
30 39
31 39
32 39
29 39
33 39
39 30
39 29
39 28
39 27
32 40
29 40
30 40
40 29
40 30
40 27
30 41
29 41
41 30
41 29
41 31
0
No
0
Yes
7 17
6 17
5 17
5 16
5 18
4 16
4 17
4 15
3 15
3 16
3 14
4 14
5 14
5 13
4 13
3 13
6 13
6 12
7 12
4 12
3 12
7 11
6 11
8 11
2 13
6 10
7 10
8 10
9 10
9 11
9 12
7 9
6 9
9 9
6 8
5 8
2 15
1 13
0 13
0 14
0 15
9 8
10 8
10 7
9 7
8 7
7 7
11 7
7 6
8 6
9 6
10 6
11 6
9 5
10 5
11 5
12 5
10 4
11 4
12 4
13 4
13 5
14 5
14 4
11 3
12 3
13 3
14 3
15 4
15 5
15 3
16 5
16 4
16 3
12 2
13 2
11 2
11 1
12 1
13 1
10 1
15 2
16 2
10 0
11 0
12 0
13 0
9 0
16 1
15 1
14 0
15 0
16 0
17 0
4 8
3 8
3 9
2 9
2 8
2 10
3 10
2 11
1 10
1 9
0 9
0 10
3 7
2 7
1 7
2 6
3 6
1 6
3 5
2 5
1 5
0 6
0 5
2 4
1 4
0 4
7 5
6 5
7 4
7 3
6 3
8 3
6 2
7 2
2 3
17 5
18 5
18 4
19 5
8 0
8 1
0
No
0
Yes
18 37
18 36
17 36
19 36
19 37
19 35
18 35
17 35
20 35
20 36
20 37
18 34
19 34
17 34
20 34
16 34
16 35
16 36
15 36
15 35
15 34
16 33
17 33
18 33
15 33
14 35
14 34
14 33
14 36
18 32
17 32
16 32
15 32
14 32
17 31
16 31
18 31
15 31
14 31
18 30
17 30
16 30
17 29
18 29
16 29
19 29
19 30
19 31
0
No
0
Yes
11 2
11 1
10 1
12 1
12 2
12 0
11 0
10 0
13 0
13 1
13 2
13 3
12 3
11 3
11 4
12 4
13 4
12 5
11 5
13 5
14 5
14 4
14 3
15 3
15 4
0
No
0
Yes
10 27
10 28
11 27
9 27
10 26
11 26
9 26
0
Yes
22 25
22 26
22 27
23 25
23 26
23 27
0
Yes
37 3
36 3
37 2
36 2
0
No
0
Yes
6 5
7 5
7 4
7 6
8 6
8 7
7 7
9 7
9 6
9 5
10 5
10 6
10 7
10 4
9 8
10 8
11 4
11 5
11 6
11 7
11 3
12 5
12 4
12 3
12 2
11 2
11 1
12 1
10 1
10 0
11 0
12 0
9 0
13 4
13 3
13 2
13 1
13 5
13 0
14 5
14 4
14 3
15 4
15 5
15 3
14 0
15 2
15 1
15 0
16 5
16 4
16 3
16 2
16 1
16 0
17 0
7 3
6 3
8 3
6 2
7 2
9 9
8 0
8 1
7 0
6 0
9 10
8 10
8 11
9 11
7 11
7 10
7 9
6 9
6 10
6 11
6 8
5 8
6 12
7 12
9 12
4 8
3 8
3 7
2 7
2 8
2 6
3 6
3 5
2 5
2 4
1 5
1 6
1 7
1 4
3 9
2 9
0 4
0 5
0 6
1 9
2 10
3 10
1 10
0
No
0
Yes
20 33
20 34
19 34
19 35
20 35
19 36
20 36
18 36
18 35
18 34
18 37
19 37
20 37
17 34
17 35
17 36
16 35
16 34
16 36
16 33
17 33
18 33
18 32
17 32
16 32
15 33
15 34
15 35
15 32
15 36
17 31
16 31
18 31
15 31
14 32
14 33
14 34
14 35
14 31
14 36
18 30
17 30
16 30
17 29
18 29
16 29
19 29
19 30
19 31
20 31
20 30
20 29
20 28
19 28
18 28
17 28
21 28
21 27
20 27
19 27
18 27
0
No
0
No
0
No
0
No
0
No
0
Yes
22 22
22 21
21 21
23 21
23 22
23 20
22 20
21 20
24 20
24 21
24 22
22 19
23 19
21 19
24 19
25 22
25 21
25 20
25 19
21 18
22 18
23 18
22 17
21 17
23 17
23 16
22 16
21 16
20 17
20 18
20 16
20 19
0
Yes
46 19
46 20
47 20
47 19
48 20
48 19
49 20
49 19
49 21
48 21
47 21
47 22
48 22
49 22
48 23
47 23
49 23
49 24
48 24
47 24
0
Yes
12 39
12 38
11 38
11 37
12 37
10 37
10 38
12 36
11 36
10 36
9 38
9 37
11 35
12 35
10 35
13 35
8 37
8 38
8 36
12 34
11 34
13 34
10 34
7 38
7 39
11 33
12 33
13 33
10 33
9 33
12 32
11 32
10 32
13 32
11 31
12 31
13 31
12 30
11 30
13 30
10 30
11 29
12 29
13 29
7 40
6 40
6 41
7 41
8 41
8 42
7 42
6 42
0
No
0
Yes
27 26
26 26
26 27
27 27
26 28
27 28
25 28
25 27
25 26
25 29
26 29
27 29
26 30
27 30
24 29
24 28
24 27
28 30
28 29
28 28
29 28
29 29
29 30
28 31
27 31
29 31
26 31
28 32
29 32
29 27
30 27
30 28
0
Yes
46 17
45 17
45 16
46 16
45 18
44 18
44 17
44 16
43 17
43 16
43 18
43 15
44 15
45 15
43 14
44 14
43 13
44 13
0
Yes
45 26
45 25
44 25
46 25
46 26
46 24
45 24
44 24
45 23
44 23
46 23
43 23
43 24
43 25
47 26
46 27
47 27
46 28
47 28
48 28
48 27
48 26
48 29
47 29
46 29
47 30
46 30
45 30
45 29
45 28
44 22
0
No
0
No
0
Yes
17 35
16 35
17 34
17 36
18 35
16 34
16 36
18 34
18 36
15 35
17 33
19 35
15 34
15 36
16 33
18 33
19 34
19 36
15 33
14 35
14 34
14 36
14 33
0
No
0
Yes
7 17
6 17
5 17
5 16
5 18
4 16
4 17
4 15
3 15
3 16
3 14
4 14
5 14
5 13
4 13
3 13
6 13
4 12
3 12
2 13
5 19
6 19
6 20
5 20
4 20
5 21
6 21
4 21
6 22
5 22
4 22
3 21
3 20
3 19
2 15
6 23
7 23
7 24
1 13
7 25
6 25
8 25
6 26
5 26
5 25
4 25
5 27
4 27
4 28
5 28
6 28
3 28
3 27
6 29
5 29
4 29
7 29
5 30
6 30
4 30
6 31
5 31
7 31
7 32
6 32
0 13
0 14
0 15
3 25
3 24
2 25
8 29
8 28
2 28
0
Yes
14 31
14 32
15 32
15 31
16 32
16 31
17 32
17 31
18 32
18 31
18 30
17 30
16 30
16 29
17 29
18 29
19 29
19 30
19 31
17 28
18 28
19 28
20 31
20 30
20 29
20 28
18 27
19 27
20 27
19 26
18 26
20 26
20 25
19 25
18 25
18 24
19 24
20 24
19 23
20 23
21 28
21 27
17 25
0
No
0
Yes
0 37
0 38
0 39
0 40
0 41
0 42
0 43
1 37
1 38
1 39
1 40
1 41
1 42
1 43
2 37
2 38
2 39
2 40
2 41
2 42
2 43
3 37
3 38
0
No
0
No
0
Yes
49 25
49 26
48 26
48 27
47 27
47 26
46 26
46 27
46 25
47 28
48 28
46 28
49 28
45 25
45 26
49 29
48 29
47 29
46 29
45 24
46 24
46 23
45 23
45 28
45 29
44 24
44 25
44 23
47 30
46 30
45 30
44 22
43 25
43 24
43 23
43 22
43 26
46 31
45 31
44 30
44 31
43 21
42 22
42 21
45 32
46 32
47 32
41 21
41 22
0
No
0
Yes
43 32
43 33
44 33
43 34
44 34
0
Yes
11 25
12 25
11 24
12 24
10 24
0
Yes
4 33
3 33
3 32
2 32
2 33
1 32
1 33
0 32
0 33
0 34
1 34
2 34
0 35
1 35
0 36
1 36
1 31
0 31
5 33
0
No
0
Yes
44 6
43 6
43 5
43 7
42 5
42 6
43 4
44 4
44 3
43 3
45 3
42 3
45 2
43 8
43 9
42 9
42 10
43 10
41 10
41 9
43 11
42 11
44 11
44 12
43 12
42 12
42 13
41 13
41 14
42 14
40 14
40 13
40 12
39 12
42 15
46 3
46 4
47 4
47 3
48 3
48 4
48 5
49 4
49 3
49 2
45 11
45 10
46 11
49 1
48 1
48 0
49 0
38 12
0
No
0
Yes
25 12
24 12
24 11
25 11
24 13
25 13
25 10
24 10
23 11
23 12
23 13
23 10
22 13
24 9
23 9
22 10
22 9
22 14
22 8
24 14
21 10
22 7
23 7
0
No
0
No
0
No
0
No
0
No
0
No
0
Yes
13 6
12 6
12 7
13 7
12 8
13 8
14 8
14 7
14 6
15 6
15 7
15 8
14 9
13 9
12 9
15 9
16 7
16 8
16 9
16 6
13 10
14 10
15 10
16 10
12 10
17 8
17 7
17 9
17 10
14 11
15 11
16 11
17 11
18 9
18 8
18 10
18 7
18 11
15 12
16 12
17 12
14 12
18 12
19 7
19 8
19 9
14 13
15 13
16 13
17 13
18 13
0
No
0
Yes
17 28
17 29
16 29
18 29
18 28
18 30
17 30
16 30
19 30
19 29
19 28
17 31
18 31
16 31
19 31
20 28
20 29
20 30
20 31
16 32
17 32
18 32
0
No
0
Yes
43 13
43 14
44 14
44 13
44 15
43 15
44 16
43 16
44 17
43 17
45 17
45 16
45 15
45 18
44 18
43 18
46 17
46 16
0
No
0
No
0
No
0
Yes
44 40
43 40
43 39
44 39
43 41
44 41
42 41
42 40
42 39
41 40
41 39
41 41
42 38
41 38
0
Yes
1 33
2 33
1 32
1 34
2 32
2 34
0 33
0 32
0 34
1 31
0 31
0
No
0
No
0
Yes
16 10
16 11
17 10
17 11
15 10
15 11
16 9
16 12
17 9
17 12
18 10
18 11
15 9
15 12
18 9
18 12
14 10
14 11
16 8
16 13
17 8
17 13
14 9
14 12
15 8
15 13
18 8
18 13
14 8
14 13
16 7
17 7
15 7
18 7
14 7
0
Yes
23 27
22 27
22 26
23 26
22 25
23 25
21 27
21 28
20 27
20 26
19 26
19 27
18 26
18 27
18 25
19 25
20 25
20 24
19 24
18 24
20 23
19 23
20 22
19 22
17 25
0
Yes
8 25
7 25
7 24
6 25
6 26
5 26
5 25
5 27
4 25
4 27
4 28
5 28
6 28
6 29
5 29
4 29
7 29
3 28
3 27
5 30
6 30
4 30
6 31
5 31
7 31
7 32
6 32
7 23
6 23
6 22
5 22
5 21
6 21
6 20
5 20
4 21
4 22
4 20
5 19
6 19
3 20
3 21
3 19
8 29
8 28
3 25
3 24
2 25
2 28
0
No
0
No
0
No
0
No
0
Yes
46 23
45 23
45 24
46 24
45 25
46 25
44 25
44 24
44 23
43 23
43 24
43 25
45 26
46 26
44 22
43 22
47 26
46 27
47 27
46 28
47 28
48 28
48 27
48 26
48 29
47 29
46 29
47 30
46 30
45 30
45 29
45 28
43 21
0
No
0
Yes
25 12
24 12
24 11
25 11
24 13
25 13
25 10
24 10
23 11
23 12
23 13
23 10
22 13
24 9
23 9
22 10
22 9
22 14
22 8
24 14
21 10
22 7
23 7
23 6
24 6
24 7
24 5
23 5
0
Yes
18 16
19 16
18 15
18 17
19 15
19 17
17 15
18 14
19 14
17 14
0
Yes
12 16
12 17
13 17
13 18
14 18
14 17
14 16
14 15
14 14
13 14
13 13
12 13
15 14
11 13
11 12
13 19
12 19
12 20
13 20
14 20
15 18
15 20
15 21
16 21
16 22
15 22
15 23
14 23
17 22
14 24
15 24
13 24
13 23
13 25
14 25
12 25
12 24
11 24
11 25
12 26
13 26
13 27
11 11
12 11
12 10
13 10
13 9
12 9
12 8
13 8
13 7
12 7
12 6
13 6
14 6
10 24
15 6
0
No
0
Yes
42 40
41 40
41 39
42 39
41 38
42 38
43 38
43 39
43 40
43 41
42 41
41 41
44 40
44 39
44 38
44 41
45 39
45 38
45 37
44 37
43 37
43 36
44 36
45 36
44 35
43 35
45 35
0
No
0
No
0
Yes
26 20
26 19
27 19
27 20
27 21
26 21
26 22
27 22
28 20
28 21
28 19
28 22
27 18
26 18
28 18
26 17
27 17
25 17
29 19
29 20
29 21
29 18
30 20
30 19
30 21
31 19
31 18
32 18
32 19
32 17
31 17
33 19
33 18
33 20
34 20
34 19
34 18
34 17
35 19
35 18
0
Yes
39 47
38 47
38 46
39 46
38 45
39 45
38 44
39 44
38 43
39 43
0
Yes
1 42
2 42
1 41
1 43
2 41
2 43
0 42
0 41
0 43
1 40
2 40
0 40
0
Yes
3 27
3 28
4 28
4 27
5 28
5 27
4 29
5 29
4 30
5 30
6 30
6 29
6 28
5 31
6 31
6 32
7 31
7 32
2 28
0
No
0
No
0
Yes
15 32
15 31
14 32
14 31
0
No
0
No
0
No
0
Yes
49 1
48 1
49 0
48 0
0
No
0
No
0
No
0
No
0
Yes
36 21
36 22
35 21
35 22
36 20
35 20
0
No
0
No
0
No
0
No
0
Yes
28 5
28 6
27 6
29 6
29 5
29 7
28 7
27 7
28 8
27 8
29 8
29 9
28 9
27 9
30 8
30 9
30 7
30 6
28 10
29 10
27 10
30 10
27 11
28 11
29 11
30 11
31 10
31 9
31 8
31 11
26 11
26 10
26 9
31 12
30 12
29 12
28 12
27 12
32 8
32 9
32 10
32 11
32 12
33 9
33 10
31 13
30 13
34 9
34 10
35 9
35 10
36 9
36 10
36 11
35 11
34 11
35 12
34 12
33 12
35 13
34 13
0
Yes
21 44
21 45
21 46
21 47
21 48
21 49
22 44
22 45
22 46
22 47
22 48
22 49
23 44
23 45
23 46
23 47
23 48
23 49
24 44
24 45
24 46
24 47
24 48
24 49
25 44
25 45
25 46
25 47
25 48
25 49
26 44
26 45
0
Yes
7 17
6 17
5 17
5 16
5 18
4 16
4 17
4 15
3 15
3 16
3 14
4 14
5 14
5 13
4 13
3 13
6 13
4 12
3 12
2 13
5 19
6 19
6 20
5 20
4 20
5 21
6 21
4 21
6 22
5 22
4 22
3 21
3 20
0
No
0
Yes
17 35
17 36
16 35
16 36
18 35
18 36
17 34
16 34
18 34
15 35
15 36
19 35
19 36
15 34
19 34
14 35
14 36
14 34
0
No
0
No
0
No
0
No
0
No
0
Yes
36 33
35 33
35 32
34 32
34 33
33 32
33 33
34 34
33 34
34 35
33 35
32 35
32 34
32 33
32 36
33 36
34 36
34 37
33 37
32 37
33 38
32 38
34 38
31 37
31 36
31 35
31 38
30 35
30 36
30 37
30 38
31 39
30 39
32 39
33 39
29 36
29 37
29 38
29 35
29 39
28 35
28 36
28 37
28 38
34 31
33 31
34 30
33 30
34 29
33 29
34 28
33 28
35 28
35 29
35 30
36 30
36 29
36 28
32 28
32 29
32 30
31 29
31 30
30 29
30 30
0
No
0
No
0
No
0
Yes
17 28
17 29
16 29
18 29
18 28
18 30
17 30
16 30
19 30
19 29
19 28
17 31
18 31
16 31
19 31
20 28
20 29
20 30
20 31
16 32
17 32
18 32
0
No
0
No
0
No
0
Yes
29 47
28 47
28 46
27 46
27 47
26 46
26 47
25 46
25 47
25 45
26 45
27 45
24 45
24 46
24 47
24 48
25 48
26 48
24 44
25 44
26 44
23 48
23 47
23 46
23 45
23 44
26 49
25 49
24 49
23 49
22 47
22 46
22 48
22 45
22 49
22 44
21 46
21 47
21 48
21 45
21 49
21 44
0
No
0
Yes
20 0
19 0
20 1
21 1
21 2
20 2
19 2
20 3
19 3
21 3
18 3
22 3
18 4
18 0
22 1
22 0
23 0
17 0
16 0
16 1
15 1
15 0
15 2
16 2
16 3
15 3
14 0
15 4
16 4
16 5
15 5
17 5
18 5
19 5
14 3
14 4
14 5
15 6
16 6
14 6
13 4
13 5
13 3
13 6
13 2
13 1
13 0
12 0
12 1
12 2
12 3
12 4
12 5
12 6
11 1
11 2
11 3
11 4
11 5
11 0
11 6
13 7
12 7
11 7
10 0
10 1
10 4
10 5
10 6
10 7
12 8
13 8
13 9
12 9
9 5
9 6
9 7
10 8
9 8
12 10
13 10
8 6
8 7
9 9
7 7
7 6
7 5
6 5
24 0
24 1
25 1
25 0
26 0
26 1
26 2
27 1
27 0
27 2
27 3
28 3
28 1
29 1
29 3
9 0
8 0
8 1
7 0
7 4
7 3
8 3
7 2
6 2
6 3
12 11
0
Yes
8 48
8 49
7 48
7 49
9 48
9 49
8 47
7 47
9 47
6 49
0
No
0
No
0
No
0
Yes
9 12
9 11
8 11
8 10
9 10
7 10
7 11
7 12
6 12
6 11
6 10
6 13
7 9
6 9
5 13
5 14
6 8
4 14
4 13
4 12
5 8
4 15
3 12
3 13
3 14
3 15
2 13
3 16
4 16
5 16
5 17
4 17
6 17
2 15
7 17
4 8
3 8
3 9
2 9
2 8
2 10
3 10
2 11
3 7
2 7
1 10
1 9
2 6
3 6
3 5
2 5
1 7
1 6
1 5
0 9
0 10
2 4
1 4
0 6
0 5
0 4
5 18
1 13
5 19
6 19
6 20
5 20
4 20
5 21
6 21
4 21
6 22
5 22
4 22
3 21
3 20
3 19
0 13
0 14
0 15
2 3
6 23
7 23
7 24
7 25
8 25
0
Yes
30 41
29 41
30 40
29 40
0
Yes
47 22
47 21
48 21
48 22
49 21
49 22
49 23
48 23
47 23
49 20
48 20
47 20
47 24
48 24
49 24
47 19
48 19
49 19
46 20
46 19
0
Yes
28 20
27 20
28 19
28 21
29 20
27 19
27 21
29 19
29 21
26 20
28 18
26 19
26 21
27 18
29 18
26 18
0
No
0
Yes
35 43
34 43
35 42
34 42
0
Yes
44 6
43 6
43 5
43 7
42 5
42 6
43 4
44 4
44 3
43 3
45 3
42 3
45 2
43 8
43 9
42 9
42 10
43 10
41 10
41 9
43 11
42 11
44 11
44 12
43 12
42 12
43 13
44 13
42 13
41 13
44 14
43 14
42 14
41 14
40 14
40 13
40 12
39 12
43 15
42 15
44 15
45 15
44 16
43 16
45 16
46 16
43 17
44 17
45 17
46 17
44 18
45 18
43 18
43 19
42 19
46 3
46 4
47 4
47 3
48 3
48 4
48 5
49 4
49 3
49 2
0
No
0
Yes
26 15
26 14
27 14
27 13
28 14
27 12
28 12
28 11
27 11
26 11
26 10
27 10
28 10
29 11
29 12
29 10
30 12
30 11
30 10
30 13
25 10
25 11
25 12
25 13
24 13
24 12
24 11
24 10
24 14
23 12
23 13
23 11
23 10
22 13
22 14
31 13
31 12
31 11
31 10
27 9
26 9
28 9
29 9
30 9
31 9
24 9
23 9
22 10
22 9
32 12
32 11
32 10
32 9
28 8
27 8
29 8
30 8
31 8
32 8
22 8
27 7
28 7
29 7
30 7
26 7
33 10
33 9
28 6
27 6
29 6
30 6
34 9
34 10
34 11
35 11
35 10
35 9
35 12
34 12
33 12
34 13
35 13
35 14
34 14
33 14
34 15
35 15
35 16
36 15
36 14
36 13
36 16
36 17
35 17
34 17
34 18
35 18
33 18
33 19
34 19
35 19
32 19
32 18
31 18
31 19
31 17
32 17
30 19
32 16
32 15
31 15
30 20
34 20
33 20
35 20
33 21
32 21
29 5
28 5
35 21
37 14
37 15
37 16
37 17
36 10
36 11
36 9
36 20
36 21
37 18
38 15
38 17
36 22
35 22
0
No
0
No
0
Yes
44 33
43 33
43 34
44 34
43 32
0
No
0
No
0
No
0
Yes
17 25
18 25
18 24
18 26
19 24
19 25
19 26
19 23
19 27
18 27
20 25
20 24
20 26
20 23
20 27
18 28
19 28
20 28
17 28
17 29
18 29
19 29
20 29
16 29
20 22
19 22
21 27
21 28
16 30
17 30
18 30
19 30
20 30
17 31
18 31
19 31
16 31
20 31
15 31
16 32
17 32
18 32
15 32
21 31
14 32
14 31
17 33
16 33
15 33
18 33
14 33
20 21
22 27
22 26
23 26
23 27
23 25
22 25
22 31
23 31
0
Yes
21 47
21 46
22 46
22 47
23 46
23 47
23 48
22 48
21 48
23 45
22 45
21 45
21 49
22 49
23 49
24 48
24 47
24 46
24 45
24 49
21 44
22 44
23 44
0
No
0
Yes
45 39
44 39
44 38
45 38
44 37
45 37
43 37
43 38
43 39
42 38
42 39
43 36
44 36
45 36
42 40
43 40
44 40
46 36
46 37
46 38
45 35
44 35
46 35
43 35
44 41
43 41
42 41
41 40
41 39
41 38
41 41
47 38
47 37
47 36
45 34
46 34
0
Yes
1 38
2 38
1 37
1 39
2 37
2 39
0 38
0 37
0 39
0
Yes
17 0
16 0
16 1
15 1
15 0
15 2
16 2
14 0
16 3
15 3
14 3
15 4
16 4
14 4
16 5
15 5
14 5
17 5
13 4
13 3
13 5
13 2
13 1
13 0
12 0
12 1
12 2
12 3
12 4
12 5
11 1
11 2
11 3
11 4
11 0
11 5
15 6
16 6
14 6
13 6
12 6
11 6
10 0
10 1
10 4
10 5
10 6
13 7
12 7
11 7
10 7
9 5
9 6
9 7
12 8
13 8
13 9
12 9
10 8
9 8
8 6
8 7
12 10
13 10
9 9
7 7
7 6
7 5
6 5
18 0
19 0
20 0
20 1
21 1
21 2
20 2
19 2
19 3
20 3
21 3
18 3
18 4
18 5
19 5
22 3
22 1
22 0
23 0
24 0
24 1
25 1
25 0
26 0
26 1
26 2
27 1
27 0
27 2
27 3
28 3
9 0
8 0
8 1
7 0
7 4
7 3
8 3
7 2
6 2
6 3
6 0
28 1
29 1
12 11
11 11
11 12
29 3
11 13
12 13
13 13
13 14
14 14
14 15
15 14
14 16
14 17
13 17
13 18
14 18
15 18
0
No
0
No
0
No
0
Yes
43 26
43 25
44 25
44 24
43 24
45 24
45 25
45 26
43 23
44 23
45 23
46 26
46 25
46 24
46 23
46 27
44 22
43 22
42 22
47 27
47 26
47 28
46 28
45 28
45 29
46 29
47 29
43 21
42 21
46 30
45 30
47 30
44 30
48 26
48 27
48 28
48 29
44 31
45 31
46 31
41 21
41 22
45 32
46 32
49 28
49 29
47 32
49 30
0
Yes
24 30
24 29
23 29
25 29
25 28
24 28
26 28
26 29
26 30
24 27
25 27
26 27
27 30
27 29
27 28
27 27
27 31
26 31
25 31
25 26
26 26
27 26
28 29
28 30
28 28
28 31
28 32
29 30
29 29
29 31
29 28
29 32
29 27
30 28
30 27
30 26
29 26
31 27
31 26
31 25
30 25
32 26
25 25
31 24
31 23
30 23
0
No
0
No
0
No
0
No
0
Yes
30 10
30 11
29 10
29 11
31 10
31 11
30 9
30 12
29 9
29 12
31 9
31 12
28 10
28 11
32 10
32 11
28 9
28 12
30 8
32 9
32 12
29 8
31 8
27 10
27 11
28 8
32 8
27 9
27 12
27 8
0
Yes
48 1
49 1
48 0
49 0
0
Yes
22 22
22 21
21 21
23 21
23 22
23 20
22 20
21 20
24 20
24 21
24 22
22 19
23 19
21 19
24 19
25 22
25 21
25 20
25 19
21 18
22 18
23 18
0
No
0
No
0
No
0
No
0
Yes
31 35
30 35
30 36
31 36
30 37
31 37
32 37
32 36
32 35
29 37
29 36
29 35
33 35
33 36
33 37
32 38
31 38
30 38
29 38
33 38
28 35
28 36
28 37
28 38
34 36
34 37
34 35
34 38
31 39
32 39
30 39
29 39
33 39
34 39
34 34
33 34
32 34
35 39
35 38
35 37
35 36
35 35
35 34
0
Yes
41 45
40 45
40 44
41 44
40 43
41 43
42 43
42 44
42 45
39 43
39 44
39 45
42 46
41 46
40 46
39 46
43 45
43 44
43 46
43 43
42 42
41 42
40 42
39 42
43 42
38 45
38 44
38 43
38 46
38 42
41 47
40 47
42 47
43 47
39 47
38 47
44 44
44 45
44 46
44 43
44 47
44 42
41 41
42 41
43 41
44 41
40 41
42 48
41 48
43 48
44 48
45 43
45 42
45 44
0
No
0
Yes
47 22
47 21
48 21
48 22
49 21
49 22
49 23
48 23
47 23
49 20
48 20
47 20
47 24
48 24
49 24
0
Yes
41 31
40 31
40 30
41 30
40 29
41 29
39 29
39 30
39 31
38 31
38 30
38 29
37 30
37 29
38 32
39 32
40 32
37 28
38 28
39 28
40 33
39 33
38 33
39 27
38 27
37 27
36 28
36 29
36 30
36 27
39 34
40 34
38 34
35 30
35 29
35 28
35 27
38 35
39 35
40 35
34 29
34 28
34 30
40 36
39 36
38 36
37 36
37 35
37 34
36 34
36 35
36 36
33 30
33 29
33 28
39 37
38 37
37 37
36 37
40 37
32 29
32 30
32 28
38 38
37 38
36 38
39 38
0
Yes
27 24
26 24
26 23
26 22
27 22
27 21
26 21
28 21
28 22
26 20
27 20
28 20
29 20
29 21
30 21
30 20
27 19
28 19
29 19
26 19
30 19
26 18
27 18
28 18
29 18
31 19
27 17
26 17
31 18
25 17
32 18
32 19
33 19
33 18
33 20
34 20
34 19
34 18
32 17
31 17
35 19
35 20
35 18
35 21
36 21
36 20
36 22
35 22
34 17
35 17
35 16
36 17
36 16
36 15
35 15
34 15
34 14
35 14
36 14
33 14
37 16
37 15
37 17
37 14
37 18
38 17
35 13
34 13
36 13
34 12
35 12
33 12
0
No
0
No
0
No
0
Yes
22 16
22 17
23 16
23 17
21 16
21 17
21 15
0
No
0
Yes
23 46
23 47
24 46
24 47
22 46
22 47
23 45
23 48
24 45
24 48
25 46
25 47
22 45
22 48
25 45
25 48
21 46
21 47
23 44
24 44
21 45
21 48
22 44
25 44
21 44
0
Yes
25 37
24 37
24 36
25 36
24 35
25 35
23 35
23 36
23 37
23 34
24 34
25 34
25 33
24 33
23 33
26 34
26 35
26 33
26 36
22 34
22 35
22 36
22 33
27 33
27 34
27 35
0
Yes
43 40
42 40
42 39
43 39
42 38
43 38
44 38
44 39
44 40
41 38
41 39
41 40
45 38
45 39
45 37
44 37
43 37
0
No
0
Yes
46 17
45 17
45 16
46 16
45 18
44 18
44 17
44 16
43 17
43 16
43 18
43 15
44 15
45 15
0
Yes
39 23
39 24
39 25
39 26
40 23
40 24
40 25
40 26
41 23
41 24
41 25
41 26
42 23
42 24
42 25
42 26
0
No
0
No
0
Yes
0 35
0 34
1 34
1 35
1 36
0 36
0 37
1 37
1 33
0 33
2 33
2 34
2 37
0 32
1 32
2 32
1 38
0 38
2 38
0 39
1 39
2 39
1 31
0 31
3 32
3 33
3 38
3 37
0
Yes
11 27
10 27
10 26
11 26
12 26
11 25
12 25
11 24
12 24
13 24
13 25
13 26
14 24
14 25
13 23
14 23
9 27
9 26
15 24
15 23
10 28
0
No
0
Yes
35 4
34 4
34 3
34 5
33 5
33 4
34 6
35 6
36 6
37 6
37 5
37 7
38 7
38 6
39 6
39 7
38 8
37 8
39 8
37 9
38 9
39 9
36 9
40 7
40 6
36 10
37 10
35 10
35 9
34 9
34 10
33 10
33 9
35 11
34 11
36 11
0
Yes
48 8
48 9
49 8
49 9
47 8
47 9
49 7
0
Yes
22 43
21 43
21 42
22 42
23 42
23 43
22 41
21 41
23 41
24 43
24 42
20 42
20 43
20 41
19 43
19 42
19 41
21 40
22 40
20 40
19 40
25 42
25 43
25 41
22 39
21 39
20 39
19 39
26 43
26 42
26 41
23 39
26 44
18 41
18 40
18 39
26 40
25 40
25 39
26 39
21 38
22 38
20 38
19 38
23 38
27 42
27 43
27 41
27 40
27 44
27 39
27 45
26 45
26 46
27 46
17 40
17 41
17 39
17 42
28 43
28 44
16 42
16 41
16 40
16 39
16 43
17 43
17 44
16 44
20 37
19 37
26 38
27 47
26 47
26 48
28 46
28 47
15 43
15 42
15 41
15 40
15 44
15 39
29 44
29 43
18 37
15 45
16 38
30 43
14 42
14 43
14 44
14 41
14 40
14 45
14 39
29 47
14 46
15 46
16 46
16 47
15 47
15 48
16 48
17 48
17 49
16 49
15 49
13 43
13 42
13 44
13 41
13 45
13 40
13 39
14 38
14 49
12 42
12 43
12 41
12 45
11 43
11 42
17 46
18 48
19 48
26 49
25 49
0
Yes
21 35
20 35
21 34
21 36
20 34
20 36
20 33
0
No
0
Yes
27 6
27 7
28 7
28 6
29 7
29 6
30 7
30 6
28 5
29 5
0
No
0
Yes
47 27
46 27
46 26
47 26
46 28
47 28
48 28
48 27
48 26
48 29
47 29
46 29
47 30
46 30
45 30
45 29
45 28
45 26
46 31
45 31
46 32
45 32
45 25
46 25
44 25
44 24
45 24
46 24
47 24
43 24
43 25
43 23
44 23
45 23
46 23
47 23
42 23
42 24
42 25
42 22
43 22
44 22
41 25
41 24
41 23
41 22
41 26
42 26
43 26
41 21
42 21
43 21
40 26
40 25
40 24
40 23
39 25
39 24
39 26
39 23
38 26
38 25
38 24
38 23
37 24
37 23
48 23
48 24
49 23
49 24
49 22
48 22
47 22
47 21
48 21
49 21
49 28
49 29
44 30
44 31
49 26
49 25
44 28
47 32
43 28
42 27
42 28
40 27
40 21
38 22
49 30
36 23
37 26
49 31
39 21
0
No
0
No
0
No
0
No
0
Yes
25 44
24 44
24 45
25 45
24 46
25 46
23 46
23 45
23 44
22 44
22 45
22 46
23 47
24 47
25 47
22 47
21 45
21 46
21 47
21 44
25 48
0
Yes
42 36
42 35
43 35
43 36
44 35
44 36
45 35
45 36
45 34
44 34
43 34
46 34
46 35
46 36
0
No
0
No
0
Yes
2 38
2 39
1 38
1 39
3 38
2 37
1 37
3 37
0 38
0 39
0 37
0
No
0
Yes
15 33
14 33
14 32
15 32
16 32
16 33
15 31
14 31
16 31
17 33
17 32
17 31
16 30
17 30
18 32
18 31
18 33
18 30
17 29
16 29
18 29
19 31
19 30
19 29
18 28
17 28
19 28
20 30
20 29
20 31
20 28
21 31
19 27
18 27
20 27
18 26
19 26
20 26
21 28
21 27
19 25
18 25
20 25
17 25
22 27
18 24
19 24
20 24
22 26
23 26
23 27
19 23
20 23
23 25
22 25
20 22
19 22
0
Yes
46 20
46 19
47 19
47 20
48 19
48 20
49 19
49 20
49 21
48 21
47 21
47 22
48 22
49 22
0
No
0
Yes
23 49
22 49
22 48
23 48
22 47
23 47
24 47
24 48
24 49
21 47
21 48
21 49
25 49
25 48
25 47
24 46
23 46
22 46
21 46
25 46
26 48
26 47
26 46
26 49
23 45
24 45
22 45
25 45
21 45
26 45
27 47
27 46
27 45
22 44
23 44
24 44
25 44
26 44
21 44
27 44
23 43
24 43
25 43
22 43
26 43
0
Yes
19 38
19 39
19 40
19 41
19 42
19 43
20 38
20 39
20 40
20 41
20 42
20 43
21 38
21 39
21 40
21 41
21 42
21 43
22 38
22 39
22 40
22 41
0
Yes
22 36
22 35
23 35
23 36
24 35
24 36
24 34
23 34
22 34
22 33
23 33
24 33
25 34
25 35
25 36
25 33
25 37
24 37
23 37
26 36
26 35
0
No
0
Yes
22 18
21 18
22 17
22 19
23 18
21 17
21 19
23 17
23 19
20 18
22 16
20 17
20 19
21 16
23 16
20 16
0
No
0
Yes
25 17
26 17
26 18
27 18
27 17
27 19
26 19
25 19
25 20
26 20
27 20
24 20
24 19
28 19
28 18
28 20
24 21
25 21
26 21
27 21
28 21
29 18
29 19
29 20
29 21
23 21
23 20
22 20
22 21
25 22
24 22
26 22
23 22
27 22
28 22
22 22
30 19
30 20
30 21
21 21
21 20
26 23
31 19
31 18
32 18
32 19
32 17
31 17
33 19
33 18
33 20
34 18
34 19
34 20
34 17
35 17
35 18
35 19
35 20
35 16
35 21
36 16
36 17
36 15
35 15
34 15
34 14
35 14
36 14
33 14
35 13
34 13
36 13
34 12
35 12
33 12
36 20
36 21
37 17
37 16
37 15
37 14
37 18
36 22
35 22
38 15
20 21
26 24
27 24
32 16
32 15
31 15
33 21
32 21
0
Yes
49 28
48 28
48 27
48 29
49 29
49 30
47 27
47 28
47 29
47 26
48 26
49 26
47 30
46 28
46 27
46 29
46 26
46 30
49 25
45 29
45 28
45 30
46 25
46 31
45 31
45 26
45 25
44 28
44 30
44 31
45 24
46 24
47 24
48 24
49 24
49 23
48 23
47 23
46 23
45 23
45 32
46 32
47 32
44 25
44 24
44 23
43 24
43 25
43 23
43 26
42 26
42 25
42 24
42 23
42 27
44 22
43 22
42 22
41 25
41 26
41 24
41 23
41 22
40 26
40 25
40 24
40 23
40 27
43 21
42 21
41 21
39 25
39 26
39 24
39 23
38 26
38 25
38 24
38 23
40 21
38 22
37 24
37 23
36 23
49 31
43 28
42 28
43 20
43 19
42 19
43 18
44 18
44 17
43 17
45 17
45 18
45 16
44 16
43 16
46 16
46 17
44 15
45 15
43 15
0
Yes
31 30
31 31
30 30
31 29
30 29
0
Yes
1 29
2 29
2 28
3 28
3 27
4 27
4 28
4 29
5 29
5 28
5 27
5 30
4 30
5 26
6 28
6 29
6 30
6 31
5 31
6 26
7 29
7 31
6 25
5 25
4 25
7 32
6 32
7 25
7 24
3 25
3 24
2 25
8 29
8 28
7 33
8 33
7 34
8 25
7 23
6 23
6 22
5 22
5 21
6 21
4 21
4 22
4 20
5 20
6 20
3 20
3 21
3 19
5 19
6 19
7 35
6 35
6 36
5 36
5 37
5 18
5 17
4 17
6 17
4 16
5 16
3 16
3 15
4 15
2 15
4 14
3 14
5 14
3 13
4 13
5 13
2 13
6 13
4 12
3 12
6 12
7 12
7 11
6 11
8 11
6 10
7 10
8 10
9 10
9 11
9 12
7 9
6 9
9 9
6 8
5 8
7 17
1 13
0 13
0 14
0 15
4 8
3 8
3 9
2 9
2 8
2 10
3 10
2 11
1 10
1 9
0 9
0 10
2 7
3 7
1 7
1 6
2 6
3 6
0 6
0 5
1 5
2 5
3 5
1 4
2 4
0 4
2 3
9 8
10 8
0
No
0
Yes
14 0
13 0
13 1
12 1
12 0
12 2
13 2
11 0
11 1
11 2
13 3
12 3
11 3
14 3
14 4
13 4
12 4
11 4
10 1
10 0
15 4
15 3
15 2
15 1
15 0
16 0
16 1
16 2
16 3
16 4
9 0
13 5
14 5
15 5
12 5
16 5
11 5
10 4
10 5
17 5
14 6
13 6
15 6
12 6
16 6
11 6
10 6
9 5
9 6
13 7
14 7
15 7
12 7
11 7
10 7
16 7
9 7
17 7
14 8
13 8
15 8
12 8
16 8
17 8
8 6
8 7
18 8
18 7
19 7
19 8
13 9
14 9
15 9
16 9
17 9
18 9
12 9
19 9
7 7
7 6
7 5
6 5
14 10
13 10
15 10
16 10
17 10
18 10
12 10
20 8
15 11
14 11
16 11
17 11
18 11
12 11
11 11
14 12
15 12
16 12
17 12
18 12
19 11
19 12
11 12
15 13
16 13
17 13
18 13
14 13
19 13
13 13
12 13
11 13
20 12
14 14
13 14
15 14
17 14
18 14
19 14
18 15
17 15
19 15
19 16
18 16
18 17
19 17
17 0
18 0
0
Yes
13 39
13 40
13 41
13 42
13 43
13 44
14 39
14 40
14 41
14 42
14 43
14 44
15 39
15 40
15 41
15 42
15 43
15 44
16 39
16 40
16 41
16 42
16 43
16 44
17 39
17 40
17 41
17 42
17 43
17 44
0
Yes
38 37
39 37
38 36
38 38
39 36
39 38
37 37
40 37
37 36
37 38
40 36
38 35
39 35
36 37
37 35
40 35
36 36
36 38
36 35
0
No
0
Yes
1 42
2 42
1 41
1 43
2 41
2 43
0 42
0 41
0 43
1 40
2 40
0
Yes
25 40
25 39
26 39
26 40
27 39
27 40
27 41
26 41
25 41
25 42
26 42
27 42
26 43
25 43
27 43
27 44
26 44
25 44
25 45
26 45
27 45
24 44
24 43
24 42
24 45
24 46
25 46
26 46
27 46
23 42
23 43
23 44
23 45
23 46
23 47
24 47
25 47
26 47
27 47
22 43
22 44
22 45
22 46
22 42
22 47
22 48
23 48
24 48
25 48
26 48
21 42
21 43
21 44
21 45
21 46
21 47
21 48
21 41
22 41
23 41
20 41
20 42
20 43
20 40
21 40
22 40
22 39
21 39
20 39
21 49
22 49
23 49
24 49
25 49
26 49
21 38
22 38
20 38
19 40
19 41
19 39
19 38
19 42
19 43
18 39
18 40
18 41
17 40
17 39
17 41
16 41
16 40
16 39
15 40
15 39
15 41
15 42
16 42
17 42
17 43
16 43
15 43
16 44
15 44
17 44
0
No
0
Yes
38 32
38 31
39 31
39 32
40 31
40 32
40 33
39 33
38 33
40 30
39 30
38 30
38 34
39 34
40 34
38 29
39 29
40 29
39 35
40 35
41 29
41 30
41 31
38 35
37 30
37 29
37 28
38 28
39 28
36 28
36 29
36 30
36 27
37 27
38 27
39 27
35 30
35 29
35 28
35 27
34 29
34 28
34 30
33 30
33 29
33 28
32 29
32 30
32 28
37 34
37 35
37 36
38 36
39 36
40 36
36 36
36 35
36 34
0
Yes
43 32
43 33
44 33
44 34
43 34
44 35
43 35
44 36
43 36
45 36
45 35
45 34
45 37
44 37
43 37
46 34
46 35
46 36
46 37
46 38
45 38
44 38
43 38
47 36
47 37
47 38
42 35
42 36
42 38
42 39
43 39
44 39
45 39
43 40
42 40
44 40
41 40
41 39
41 38
0
Yes
17 49
16 49
16 48
17 48
18 48
15 48
15 49
15 47
16 47
14 49
16 46
15 46
17 46
14 46
15 45
14 45
13 45
14 44
13 44
13 43
14 43
14 42
13 42
12 43
12 42
13 41
14 41
12 41
11 42
11 43
10 43
14 40
13 40
13 39
14 39
12 39
14 38
12 38
11 38
11 37
12 37
10 37
10 38
9 38
9 37
12 36
11 36
10 36
8 37
8 38
7 38
7 39
11 35
12 35
10 35
13 35
13 34
12 34
11 34
10 34
8 36
12 33
11 33
13 33
10 33
13 32
12 32
11 32
10 32
9 33
12 31
11 31
13 31
13 30
12 30
11 30
10 30
12 29
11 29
13 29
19 48
12 45
11 45
11 46
10 46
10 45
10 47
11 47
12 47
11 48
9 46
9 43
9 44
8 43
8 42
7 42
7 43
7 41
8 41
7 40
6 40
6 41
6 42
9 41
9 40
10 40
0
Yes
43 7
43 6
42 6
44 6
42 5
43 5
43 4
44 4
44 3
43 3
42 3
45 3
45 2
43 8
43 9
42 9
42 10
43 10
41 10
41 9
43 11
42 11
44 11
42 12
43 12
44 12
43 13
42 13
44 13
41 13
42 14
43 14
44 14
41 14
40 14
40 13
40 12
39 12
45 11
45 10
46 3
46 4
47 4
47 3
48 3
48 4
48 5
49 4
49 3
49 2
46 11
45 1
44 1
46 1
44 0
45 0
46 0
43 0
43 1
38 12
39 14
0
Yes
26 36
25 36
25 35
26 35
25 34
26 34
24 34
24 35
24 36
23 36
23 35
23 34
24 33
25 33
26 33
23 33
22 35
22 34
22 36
22 33
23 37
24 37
25 37
27 33
27 34
27 35
25 32
26 32
21 36
21 35
21 34
0
No
0
No
0
No
0
No
0
Yes
23 49
22 49
22 48
23 48
22 47
23 47
24 47
24 48
24 49
21 47
21 48
21 49
25 49
25 48
25 47
24 46
23 46
22 46
21 46
25 46
26 48
26 47
26 46
26 49
23 45
24 45
22 45
25 45
21 45
0
No
0
Yes
24 35
23 35
23 34
24 34
23 33
24 33
25 33
25 34
25 35
22 33
22 34
22 35
25 36
24 36
23 36
22 36
26 35
26 34
26 33
26 36
21 34
21 35
21 36
24 37
23 37
25 37
27 34
27 35
27 33
20 35
20 34
20 36
19 36
19 35
19 34
25 32
26 32
20 37
19 37
18 37
18 36
18 35
18 34
20 38
19 38
20 39
19 39
20 40
19 40
21 40
21 39
21 38
22 38
22 39
23 38
22 40
23 39
22 41
21 41
20 41
19 41
18 41
18 40
18 39
21 42
20 42
19 42
22 42
17 39
17 40
17 41
22 43
21 43
20 43
19 43
23 43
23 42
23 41
16 40
16 39
16 41
23 44
24 43
22 44
17 42
24 42
21 44
16 42
20 33
0
No
0
No
0
No
0
Yes
26 38
26 39
25 39
27 39
27 40
26 40
25 40
26 41
25 41
27 41
27 42
26 42
25 42
26 43
25 43
27 43
28 43
28 44
27 44
26 44
25 44
0
Yes
16 35
16 36
15 35
15 36
17 35
17 36
16 34
15 34
17 34
14 35
14 36
14 34
0
Yes
6 11
6 10
7 10
7 11
7 12
6 12
6 13
8 11
8 10
5 13
7 9
6 9
6 8
5 8
5 14
9 10
9 11
9 12
4 14
4 13
4 12
3 12
3 13
3 14
9 9
2 13
4 15
3 15
2 15
3 16
4 16
5 16
5 17
4 17
6 17
4 8
3 8
3 9
2 9
2 8
2 10
3 10
2 11
3 7
2 7
1 10
1 9
0 9
0 10
1 7
2 6
3 6
1 6
3 5
2 5
1 5
0 6
0 5
2 4
1 4
0 4
9 8
10 8
1 13
7 17
0 13
0 14
5 18
0 15
5 19
6 19
6 20
5 20
4 20
5 21
6 21
4 21
3 21
3 20
3 19
6 22
5 22
4 22
0
No
0
Yes
16 30
16 29
17 29
17 30
17 31
16 31
15 31
16 32
15 32
17 32
18 30
18 31
18 29
18 32
17 28
18 28
14 32
14 31
15 33
16 33
17 33
14 33
18 33
19 29
19 30
19 31
19 28
18 27
19 27
20 30
20 29
20 28
20 31
20 27
19 26
18 26
20 26
21 31
18 25
19 25
20 25
17 25
21 28
21 27
19 24
18 24
20 24
22 27
22 26
20 23
19 23
23 26
23 27
19 22
20 22
23 25
22 25
20 21
21 21
21 20
22 20
22 21
22 22
23 22
23 21
23 20
24 21
24 22
24 20
0
No
0
Yes
28 22
27 22
27 21
28 21
29 21
28 20
27 20
29 20
26 21
26 22
26 20
26 23
30 20
30 21
25 22
25 21
25 20
27 19
28 19
29 19
26 19
30 19
25 19
28 18
27 18
29 18
26 18
31 19
24 19
31 18
27 17
26 17
32 18
32 19
25 17
33 19
33 18
33 20
34 20
34 19
34 18
32 17
31 17
35 19
35 20
35 18
35 21
34 17
35 17
36 21
36 20
36 22
35 22
0
Yes
41 13
40 13
40 12
40 14
41 14
42 14
42 13
42 12
43 13
43 12
43 14
39 12
39 14
42 15
43 11
42 11
42 10
43 10
41 10
44 12
44 13
44 11
44 14
41 9
42 9
43 9
45 11
45 10
43 8
38 12
46 11
43 7
43 6
42 6
44 6
42 5
43 5
43 4
44 4
44 3
43 3
42 3
45 3
0
Yes
8 33
7 33
7 32
7 34
6 32
6 31
7 31
5 31
5 30
6 30
6 29
5 29
7 29
4 30
4 29
5 28
6 28
4 28
3 28
4 27
5 27
3 27
5 26
6 26
6 25
5 25
7 25
4 25
7 24
7 35
6 35
6 36
5 36
5 37
8 29
8 28
2 28
2 29
1 29
8 25
3 25
3 24
2 25
7 23
0
Yes
1 33
2 33
1 32
1 34
2 32
2 34
0 33
0 32
0 34
1 31
0 31
0
No
0
Yes
4 8
3 8
3 7
3 9
2 9
2 8
2 7
2 6
3 6
2 5
3 5
1 5
1 6
1 7
0 5
0 6
0 4
1 4
2 4
2 10
3 10
1 10
1 9
0 10
0 9
2 3
5 8
2 11
0
No
0
No
0
No
0
Yes
42 42
43 42
42 41
42 43
43 41
43 43
41 42
44 42
41 41
41 43
44 41
44 43
42 40
42 44
43 40
43 44
40 42
41 40
41 44
44 40
44 44
40 41
40 43
42 39
42 45
43 39
43 45
40 44
41 39
41 45
44 39
44 45
40 45
42 38
43 38
41 38
44 38
0
Yes
29 6
29 7
28 6
28 7
30 6
30 7
29 5
28 5
27 6
27 7
0
Yes
22 25
22 26
23 26
23 25
23 27
22 27
21 27
21 28
20 28
20 27
20 26
19 26
19 27
19 28
19 25
20 25
20 24
19 24
19 23
20 23
20 22
19 22
18 25
18 24
18 26
18 27
18 28
20 29
19 29
18 29
17 28
17 29
19 30
18 30
20 30
17 30
20 31
19 31
18 31
17 31
21 31
16 29
16 30
16 31
18 32
17 32
16 32
15 31
15 32
17 33
16 33
18 33
15 33
14 32
14 31
14 33
20 21
21 21
21 20
22 20
22 21
22 22
23 22
23 21
23 20
24 21
24 22
24 20
0
No
0
No
0
Yes
31 13
30 13
30 12
31 12
30 11
31 11
30 10
31 10
32 10
32 11
32 12
29 10
29 11
29 12
32 9
31 9
30 9
29 9
28 12
28 11
28 10
28 9
31 8
30 8
29 8
28 8
32 8
0
Yes
31 30
30 30
31 29
30 29
31 31
0
Yes
45 42
45 43
45 44
46 42
46 43
0
Yes
23 21
23 22
24 21
24 22
22 21
22 22
23 20
24 20
22 20
0
No
0
Yes
45 1
44 1
45 0
46 1
44 0
46 0
43 1
43 0
0
Yes
41 31
40 31
40 30
41 30
40 29
41 29
39 29
39 30
39 31
38 31
38 30
38 29
37 30
37 29
38 32
39 32
40 32
37 28
38 28
39 28
40 33
39 33
38 33
39 27
38 27
37 27
36 28
36 29
36 30
36 27
39 34
40 34
38 34
35 30
35 29
35 28
35 27
38 35
39 35
40 35
34 29
34 28
34 30
40 36
39 36
38 36
37 36
37 35
37 34
36 34
36 35
36 36
33 30
33 29
33 28
39 37
38 37
37 37
36 37
40 37
32 29
32 30
32 28
38 38
37 38
36 38
39 38
31 29
31 30
34 31
33 31
34 32
33 32
34 33
33 33
35 32
35 33
36 33
0
Yes
45 47
44 47
44 46
44 48
45 48
43 48
43 47
43 46
42 47
42 46
42 48
41 48
41 47
41 46
42 45
43 45
44 45
41 45
40 47
40 46
40 45
41 49
42 49
43 49
44 44
43 44
42 44
41 44
40 44
39 46
39 45
39 47
39 44
43 43
42 43
41 43
40 43
44 43
39 43
38 47
38 46
38 45
38 44
38 43
44 42
43 42
42 42
41 42
40 42
39 42
38 42
45 42
45 43
45 44
43 41
42 41
44 41
41 41
40 41
0
Yes
30 10
30 11
29 10
29 11
31 10
31 11
30 9
30 12
29 9
29 12
31 9
31 12
28 10
28 11
32 10
32 11
28 9
28 12
30 8
32 9
32 12
29 8
31 8
27 10
27 11
28 8
32 8
27 9
27 12
0
Yes
13 29
12 29
12 30
13 30
13 31
12 31
11 30
11 29
11 31
14 31
12 32
13 32
14 32
11 32
15 32
15 31
16 31
16 32
16 30
13 33
12 33
14 33
15 33
11 33
16 33
17 30
17 31
17 32
17 33
17 29
16 29
10 32
10 33
18 29
18 30
18 31
18 32
18 33
12 34
13 34
11 34
10 34
18 28
17 28
9 33
13 35
12 35
11 35
10 35
19 28
19 29
19 30
19 31
19 27
18 27
18 26
19 26
20 29
20 28
20 30
20 27
20 31
20 26
12 36
11 36
10 36
19 25
18 25
20 25
17 25
18 24
19 24
20 24
21 28
21 27
11 37
12 37
10 37
21 31
19 23
20 23
9 37
12 38
11 38
10 38
9 38
22 27
22 26
20 22
19 22
8 38
8 37
8 36
23 26
23 27
23 25
22 25
0
Yes
7 9
6 9
6 8
6 10
7 10
8 10
7 11
6 11
8 11
5 8
9 11
9 10
9 9
6 12
7 12
9 12
9 8
10 8
4 8
3 8
3 9
3 7
2 9
2 8
2 7
2 10
3 10
2 6
3 6
3 5
2 5
1 10
1 9
1 7
1 6
1 5
0 9
0 10
2 4
1 4
0 6
0 5
0 4
6 13
5 13
5 14
4 14
4 13
4 12
3 12
3 13
3 14
2 13
4 15
3 15
2 15
3 16
4 16
5 16
5 17
4 17
6 17
2 11
1 13
2 3
7 17
0 13
0
Yes
35 22
35 21
36 21
36 22
36 20
35 20
34 20
35 19
34 19
33 19
33 20
33 21
32 21
34 18
35 18
33 18
32 18
32 19
31 19
31 18
35 17
34 17
36 17
32 17
31 17
36 16
35 16
37 16
37 17
37 18
38 17
35 15
36 15
37 15
34 15
38 15
34 14
35 14
36 14
37 14
33 14
35 13
34 13
36 13
34 12
35 12
33 12
30 19
30 20
29 20
29 19
29 21
30 21
28 21
28 20
28 19
28 22
29 18
28 18
27 22
27 21
27 20
0
Yes
43 36
42 36
42 35
43 35
44 35
44 36
44 37
43 37
43 34
44 34
43 38
44 38
45 36
45 35
45 37
45 34
45 38
41 35
42 38
42 39
43 39
44 39
45 39
44 33
43 33
46 35
46 36
46 37
46 38
46 34
41 39
41 38
43 32
43 40
42 40
44 40
41 40
47 36
47 37
47 38
47 39
48 37
40 35
40 36
40 37
40 34
39 36
39 35
39 37
39 34
39 38
39 33
40 33
40 32
39 32
38 35
38 36
38 37
38 34
38 33
38 38
38 32
37 36
37 35
37 37
37 34
37 38
39 31
40 31
38 31
41 31
41 30
40 30
39 30
38 30
36 35
36 36
36 37
36 34
36 38
36 33
36 39
40 29
39 29
41 29
38 29
37 30
37 29
35 33
35 32
39 28
38 28
37 28
34 32
34 33
36 29
36 30
36 28
35 30
35 29
35 28
34 31
34 30
34 29
34 28
38 27
37 27
36 27
35 27
39 27
33 33
33 32
33 31
33 30
33 29
33 28
0
Yes
27 30
26 30
26 29
27 29
26 31
27 31
28 29
28 30
28 31
27 28
26 28
28 28
29 30
29 29
29 31
29 28
25 29
25 28
25 31
28 32
29 32
26 27
27 27
25 27
30 29
30 30
30 28
24 28
24 29
24 27
24 30
29 27
30 27
27 26
26 26
25 26
31 30
31 29
23 29
31 31
30 26
29 26
31 27
31 26
32 29
32 30
32 28
25 25
31 25
30 25
32 26
31 24
31 23
30 23
29 23
0
Yes
15 42
14 42
14 41
15 41
14 43
15 43
16 43
15 40
14 40
15 44
14 44
16 44
13 41
13 42
13 43
13 40
13 44
17 44
17 43
12 42
12 41
12 43
14 39
15 39
13 39
14 45
15 45
13 45
15 46
14 46
11 43
11 42
16 46
12 39
12 45
16 47
15 47
15 48
16 48
17 48
16 49
15 49
17 49
14 49
14 38
17 46
11 45
11 46
10 46
10 45
10 47
11 47
12 47
11 48
9 47
9 46
9 48
8 48
8 47
7 47
7 48
7 46
6 46
6 45
8 49
9 49
7 49
5 45
5 46
5 47
6 49
0
Yes
23 26
23 27
22 26
22 27
23 25
22 25
0
Yes
12 30
13 30
12 29
12 31
13 29
13 31
11 30
11 29
11 31
0
Yes
10 30
11 30
11 29
11 31
12 31
12 30
12 29
13 30
13 31
13 29
13 32
12 32
11 32
11 33
12 33
13 33
12 34
11 34
13 34
10 34
10 33
10 32
14 33
14 32
14 31
10 35
11 35
12 35
13 35
15 31
15 32
15 33
11 36
12 36
10 36
16 32
16 31
16 33
10 37
11 37
12 37
17 33
17 32
17 31
11 38
10 38
12 38
18 31
18 32
18 33
18 30
17 30
16 30
16 29
17 29
18 29
0
No
0
Yes
41 13
40 13
40 14
41 14
42 14
42 13
43 14
43 13
44 14
44 13
44 12
43 12
42 12
42 11
43 11
44 11
42 10
43 10
42 9
43 9
41 10
41 9
40 12
39 14
42 15
0
Yes
17 25
18 25
18 24
18 26
19 24
19 25
19 26
19 23
19 27
18 27
20 25
20 24
20 26
20 23
20 27
18 28
19 28
20 28
17 28
20 22
19 22
19 29
20 29
21 27
21 28
20 30
19 30
19 31
20 31
21 31
20 21
21 21
21 20
22 27
22 26
23 26
23 27
23 25
22 25
22 31
23 31
0
No
0
Yes
29 6
29 7
30 6
30 7
28 6
28 7
29 5
28 5
0
Yes
5 21
5 22
6 21
6 22
4 21
4 22
5 20
6 20
4 20
0
No
0
Yes
25 19
25 20
25 21
25 22
26 19
26 20
26 21
26 22
27 19
27 20
27 21
27 22
28 19
28 20
28 21
28 22
0
No
0
Yes
30 41
29 41
29 40
30 40
29 39
30 39
29 38
30 38
29 37
30 37
31 37
31 38
31 39
31 36
30 36
29 36
32 39
32 38
32 37
32 36
28 36
28 37
28 38
32 35
31 35
30 35
29 35
28 35
33 38
33 37
33 36
33 39
0
Yes
37 36
37 37
36 36
36 37
38 36
38 37
37 35
37 38
36 35
36 38
38 35
38 38
35 36
35 37
39 36
39 37
35 35
35 38
37 34
39 35
39 38
36 34
38 34
34 36
34 37
35 34
39 34
34 35
34 38
34 34
0
Yes
45 1
44 1
45 0
46 1
44 0
46 0
43 1
43 0
0
Yes
40 47
39 47
39 46
40 46
39 45
40 45
41 45
41 46
41 47
38 45
38 46
38 47
42 47
42 46
42 45
41 44
40 44
39 44
38 44
42 44
43 46
43 45
43 47
43 44
40 43
41 43
39 43
42 43
38 43
43 43
44 47
44 46
44 45
44 44
44 43
43 48
42 48
41 48
44 48
39 42
40 42
41 42
42 42
43 42
44 42
38 42
45 44
45 43
45 42
0
Yes
33 10
33 9
34 9
34 10
34 11
35 10
35 9
35 11
35 12
34 12
33 12
34 13
35 13
36 9
36 10
36 11
37 10
37 9
36 13
35 14
34 14
36 14
33 14
37 8
34 15
35 15
36 15
38 9
38 8
37 14
37 15
38 7
37 7
37 6
38 6
36 6
35 16
36 16
37 16
39 8
39 7
39 9
39 6
39 10
38 15
36 17
35 17
37 17
34 17
40 7
40 6
34 18
35 18
33 18
38 17
37 18
33 19
34 19
35 19
32 19
32 18
32 17
31 17
31 18
31 19
30 19
34 20
33 20
35 20
30 20
36 20
29 20
29 19
29 18
28 18
33 21
32 21
35 21
36 21
29 21
30 21
36 22
35 22
35 6
34 6
34 7
34 5
33 5
33 4
34 4
35 4
34 3
32 5
32 16
32 15
31 15
37 5
27 18
27 17
26 17
26 18
25 17
36 23
37 23
37 24
38 24
38 23
38 22
39 23
39 24
40 24
40 23
41 23
41 24
41 22
42 22
42 23
42 24
42 21
41 21
40 21
39 21
43 21
43 22
43 23
43 24
43 20
38 25
39 25
40 25
41 25
42 25
43 25
44 22
44 23
44 24
44 25
39 26
40 26
41 26
42 26
43 26
38 26
37 26
37 27
38 27
39 27
40 27
36 27
0
No
0
Yes
22 26
22 27
23 26
23 27
21 27
22 25
23 25
0
Yes
45 47
44 47
44 46
44 48
45 48
43 46
43 47
43 48
43 45
44 45
43 49
42 47
42 46
42 48
42 45
42 49
44 44
43 44
42 44
45 44
45 43
44 43
43 43
42 43
41 46
41 47
41 48
41 45
41 44
41 49
41 43
46 43
40 47
40 46
40 45
40 44
40 43
44 42
45 42
43 42
42 42
41 42
46 42
40 42
47 42
39 46
39 45
39 44
39 43
39 47
39 42
43 41
44 41
42 41
41 41
40 41
38 47
38 46
38 45
38 44
38 43
38 42
44 40
43 40
42 40
41 40
37 46
43 39
42 39
44 39
41 39
45 39
45 38
44 38
43 38
42 38
41 38
46 38
38 41
37 42
44 37
45 37
43 37
46 37
47 37
47 38
47 39
45 36
44 36
46 36
43 36
47 36
42 36
44 35
45 35
46 35
43 35
42 35
41 35
45 34
44 34
43 34
46 34
44 33
43 33
43 32
48 42
48 43
47 40
46 40
36 46
36 47
48 37
49 37
49 38
49 39
40 35
40 36
40 37
40 34
40 33
39 33
39 32
40 32
38 32
38 33
40 31
39 31
38 31
41 31
41 30
40 30
39 30
38 30
40 29
39 29
41 29
38 29
37 30
37 29
39 28
38 28
37 28
36 29
36 30
0
No
0
Yes
21 45
21 46
21 47
21 48
21 49
22 45
22 46
22 47
22 48
22 49
23 45
23 46
23 47
23 48
23 49
24 45
24 46
24 47
24 48
24 49
25 45
25 46
25 47
25 48
25 49
26 45
26 46
26 47
26 48
26 49
27 45
27 46
27 47
0
Yes
17 42
16 42
16 41
17 41
16 40
17 40
16 39
17 39
18 39
18 40
18 41
19 41
19 40
19 39
20 40
20 41
20 39
21 39
21 40
21 41
21 42
20 42
19 42
22 42
22 41
22 40
22 39
19 43
20 43
21 43
22 43
21 38
20 38
19 38
22 38
23 43
23 42
23 41
21 44
22 44
23 44
20 37
19 37
24 44
24 43
24 42
20 36
19 36
18 37
0
Yes
27 33
26 33
26 32
26 34
27 34
25 34
25 33
25 32
25 35
26 35
27 35
24 35
24 34
24 33
23 33
23 34
23 35
24 36
25 36
23 36
26 36
22 34
22 35
22 36
22 33
0
Yes
35 40
36 40
35 39
36 39
34 40
34 39
0
Yes
35 32
34 32
34 31
34 33
35 33
36 33
35 34
34 34
36 34
33 31
33 32
33 33
33 34
33 30
34 30
35 30
37 34
35 29
34 29
33 29
32 33
32 34
34 35
35 35
36 35
33 35
37 35
35 36
34 36
36 36
37 36
34 28
35 28
33 28
36 28
38 35
38 34
38 36
39 34
39 35
39 36
35 27
34 37
35 37
36 37
37 37
38 37
39 37
35 38
36 38
37 38
38 38
34 38
39 38
39 39
0
Yes
0 0
0 1
0 2
1 0
1 1
0
Yes
37 38
36 38
36 37
37 37
36 36
37 36
38 36
38 37
38 38
35 36
35 37
35 38
39 38
39 37
39 36
38 35
37 35
36 35
35 35
39 35
34 38
34 37
34 36
34 35
37 34
36 34
35 34
34 34
38 34
39 34
34 39
35 39
36 39
36 33
35 33
34 33
36 40
35 40
34 40
35 32
34 32
0
Yes
12 7
11 7
11 6
12 6
11 5
12 5
13 5
13 6
13 7
10 5
10 6
10 7
14 7
14 6
14 5
13 4
12 4
11 4
14 4
10 4
9 7
9 6
9 5
15 6
15 5
15 7
15 4
14 8
13 8
12 8
15 8
12 3
13 3
11 3
14 3
15 3
16 8
16 7
16 6
16 5
16 4
16 3
12 9
13 9
14 9
15 9
16 9
0
Yes
46 25
45 25
45 24
46 24
45 26
46 26
47 24
47 26
46 23
45 23
47 23
46 27
47 27
44 24
44 25
44 23
48 23
48 24
48 27
48 26
43 25
43 24
43 23
43 26
47 22
48 22
47 28
46 28
48 28
45 28
49 24
49 23
49 22
49 25
49 26
44 22
43 22
46 29
47 29
45 29
48 29
42 24
42 25
42 23
42 26
42 22
49 28
49 29
42 27
48 21
47 21
49 21
41 25
41 24
41 26
41 23
41 22
43 21
42 21
41 21
45 30
46 30
47 30
47 20
48 20
49 20
46 20
44 30
49 30
46 19
47 19
48 19
49 19
46 31
45 31
44 31
40 24
40 25
40 23
40 26
40 27
39 25
39 24
39 26
39 23
39 27
45 32
46 32
47 32
40 21
48 18
49 18
39 28
38 24
38 25
38 26
38 27
38 23
38 28
38 22
49 17
38 29
39 29
40 29
40 30
39 30
38 30
41 30
41 29
41 31
40 31
39 31
38 31
37 26
37 27
37 28
37 29
37 30
37 23
37 24
40 32
39 32
38 32
36 27
36 28
36 29
36 30
39 33
40 33
38 33
40 34
35 28
35 29
35 27
35 30
34 29
34 28
34 30
33 28
33 29
33 30
34 31
33 31
33 32
44 28
43 28
42 28
0
Yes
27 45
26 45
26 46
27 46
26 47
27 47
25 47
25 46
25 45
24 45
24 46
24 47
23 46
23 45
23 47
24 48
25 48
26 48
23 48
22 47
22 46
22 45
22 48
26 49
25 49
24 49
23 49
22 49
21 45
21 46
21 47
21 48
21 49
22 44
23 44
24 44
21 44
24 43
23 43
22 43
21 43
23 42
22 42
21 42
24 42
0
Yes
45 47
44 47
44 46
44 48
45 48
43 48
43 47
43 46
42 47
42 46
42 48
41 48
41 47
41 46
42 45
43 45
44 45
41 45
40 47
40 46
40 45
41 49
42 49
43 49
44 44
43 44
42 44
41 44
40 44
39 46
39 45
39 47
39 44
43 43
42 43
41 43
40 43
44 43
39 43
38 47
38 46
38 45
38 44
38 43
44 42
43 42
42 42
41 42
40 42
39 42
38 42
45 42
45 43
45 44
43 41
42 41
44 41
41 41
40 41
44 40
43 40
42 40
41 40
