0
Yes
43 43
43 44
43 45
43 46
43 47
43 48
43 49
44 43
44 44
44 45
44 46
44 47
44 48
44 49
45 43
45 44
45 45
45 46
45 47
45 48
45 49
46 43
46 44
46 45
46 46
46 47
46 48
46 49
47 43
47 44
47 45
47 46
47 47
47 48
47 49
48 43
48 44
48 45
48 46
48 47
48 48
48 49
49 43
49 44
49 45
49 46
49 47
49 48
49 49
0
Yes
34 17
33 17
34 16
34 18
33 16
33 18
34 15
33 15
0
Yes
47 38
47 39
46 38
46 39
48 38
48 39
47 37
46 37
48 37
45 38
45 39
49 38
49 39
45 37
49 37
44 38
44 37
0
Yes
45 31
45 30
46 30
46 31
47 30
47 31
47 32
46 32
45 32
47 29
46 29
45 29
45 33
46 33
47 33
48 32
48 31
48 30
48 29
48 33
46 34
47 34
48 34
45 34
49 31
49 32
49 30
49 33
49 29
49 34
45 28
0
Yes
43 27
43 28
43 29
44 27
44 28
44 29
0
Yes
40 47
40 48
39 47
39 48
41 47
41 48
40 46
40 49
39 46
39 49
41 46
41 49
38 47
38 48
42 47
42 48
38 46
38 49
40 45
42 46
42 49
39 45
41 45
37 47
37 48
38 45
42 45
37 46
37 49
0
Yes
4 44
3 44
4 43
4 45
5 44
3 43
3 45
5 43
5 45
2 44
4 42
4 46
6 44
2 43
2 45
3 42
3 46
5 42
5 46
6 43
6 45
2 42
2 46
6 42
6 46
1 44
4 41
4 47
7 44
1 43
1 45
3 41
3 47
5 41
5 47
7 43
7 45
1 42
1 46
2 41
2 47
6 41
6 47
7 42
7 46
0 44
4 40
4 48
0 43
0 45
3 40
3 48
5 40
5 48
1 41
1 47
7 41
7 47
0 42
0 46
2 40
2 48
6 40
6 48
0 41
0 47
1 40
1 48
4 39
4 49
7 40
7 48
3 39
3 49
5 39
5 49
2 39
2 49
6 39
6 49
0 40
0 48
1 39
1 49
7 39
7 49
4 38
3 38
5 38
2 38
6 38
0 39
0 49
0
Yes
15 45
15 46
14 45
14 46
16 45
16 46
15 44
15 47
14 44
14 47
16 44
16 47
13 45
13 46
17 45
17 46
13 44
13 47
15 43
15 48
17 44
17 47
14 43
14 48
16 43
16 48
12 45
12 46
18 45
18 46
13 43
13 48
17 43
17 48
12 44
12 47
18 44
18 47
15 42
15 49
14 42
14 49
16 42
16 49
12 43
12 48
18 43
18 48
11 45
11 46
13 42
13 49
17 42
17 49
19 45
19 46
11 44
11 47
19 44
19 47
15 41
12 42
12 49
14 41
16 41
18 42
18 49
11 43
11 48
19 43
19 48
13 41
17 41
10 45
10 46
20 45
20 46
10 44
10 47
20 44
20 47
11 42
11 49
19 42
19 49
12 41
18 41
10 43
10 48
20 43
20 48
9 45
9 46
11 41
19 41
21 45
21 46
10 42
10 49
20 42
20 49
9 44
9 47
21 44
21 47
9 43
9 48
21 43
21 48
10 41
20 41
9 42
9 49
21 42
21 49
8 45
8 46
8 44
8 47
8 43
8 48
9 41
21 41
8 42
0
Yes
22 35
22 36
22 37
22 38
23 35
23 36
23 37
23 38
24 35
24 36
24 37
24 38
25 35
25 36
25 37
25 38
0
Yes
4 32
5 32
4 31
4 33
5 31
5 33
3 32
6 32
3 31
3 33
6 31
6 33
4 30
4 34
5 30
5 34
2 32
3 30
3 34
6 30
6 34
7 32
2 31
2 33
7 31
7 33
4 29
4 35
5 29
5 35
2 30
2 34
7 30
7 34
3 29
3 35
6 29
6 35
1 32
8 32
1 31
1 33
8 31
8 33
2 29
2 35
7 29
7 35
1 30
1 34
4 28
4 36
5 28
5 36
8 30
8 34
3 28
3 36
6 28
6 36
0 32
0 31
0 33
1 29
1 35
8 29
8 35
2 28
2 36
7 28
7 36
0 30
0 34
4 27
4 37
5 27
5 37
3 27
3 37
6 27
6 37
1 28
1 36
8 28
8 36
0 29
0 35
2 27
2 37
7 27
7 37
0 28
0 36
4 26
5 26
1 27
1 37
8 27
8 37
3 26
6 26
2 26
7 26
0 27
0 37
1 26
8 26
0 26
0
Yes
49 41
49 42
48 41
48 42
49 40
48 40
0
Yes
36 17
35 17
35 16
36 16
37 16
37 17
38 16
38 17
36 15
37 15
37 18
38 18
36 14
0
Yes
24 42
25 42
24 41
24 43
25 41
25 43
23 42
26 42
23 41
23 43
26 41
26 43
24 40
24 44
25 40
25 44
22 42
23 40
23 44
26 40
26 44
22 41
22 43
24 39
25 39
22 40
22 44
23 39
22 39
0
Yes
22 45
22 46
23 46
23 45
24 46
24 45
24 47
23 47
22 47
22 48
23 48
24 48
25 47
25 46
25 45
25 48
23 49
24 49
25 49
22 49
26 45
26 46
26 47
26 48
26 49
27 46
27 47
27 48
0
Yes
36 49
35 49
35 48
36 48
35 47
36 47
34 47
34 48
34 49
33 49
33 48
33 47
34 46
35 46
36 46
33 46
32 48
32 47
32 49
32 46
36 45
35 45
0
Yes
17 37
17 38
18 37
18 38
16 37
16 38
17 36
17 39
18 36
18 39
19 37
19 38
16 36
16 39
19 36
19 39
15 37
15 38
17 35
17 40
18 35
18 40
20 37
20 38
15 36
15 39
16 35
16 40
19 35
19 40
20 36
20 39
14 37
14 38
15 35
15 40
17 34
18 34
20 35
20 40
21 37
21 38
14 36
14 39
16 34
19 34
21 36
21 39
14 35
14 40
15 34
20 34
21 35
21 40
13 37
13 38
13 36
13 39
14 34
21 34
13 35
13 40
0
Yes
0 0
0 1
0 2
0 3
0 4
0 5
0 6
0 7
0 8
0 9
0 10
0 11
0 12
1 0
1 1
1 2
1 3
1 4
1 5
1 6
1 7
1 8
1 9
1 10
1 11
1 12
2 0
2 1
2 2
2 3
2 4
2 5
2 6
2 7
2 8
2 9
2 10
2 11
2 12
3 0
3 1
3 2
3 3
3 4
3 5
3 6
3 7
3 8
3 9
3 10
3 11
3 12
4 0
4 1
4 2
4 3
4 4
4 5
4 6
4 7
4 8
4 9
4 10
4 11
4 12
5 0
5 1
5 2
5 3
5 4
5 5
5 6
5 7
5 8
5 9
5 10
5 11
5 12
6 0
6 1
6 2
6 3
6 4
6 5
6 6
6 7
6 8
6 9
6 10
6 11
6 12
7 0
7 1
7 2
7 3
7 4
7 5
7 6
7 7
7 8
7 9
7 10
7 11
7 12
8 0
8 1
8 2
8 3
8 4
0
Yes
0 14
0 15
0 16
0 17
0 18
0 19
0 20
0 21
0 22
0 23
0 24
0 25
1 14
1 15
1 16
1 17
1 18
1 19
1 20
1 21
1 22
1 23
1 24
1 25
2 14
2 15
2 16
2 17
2 18
2 19
2 20
2 21
2 22
2 23
2 24
2 25
3 14
3 15
3 16
3 17
3 18
3 19
3 20
3 21
3 22
3 23
3 24
3 25
4 14
4 15
4 16
4 17
4 18
4 19
4 20
4 21
4 22
4 23
4 24
4 25
5 14
5 15
5 16
5 17
5 18
5 19
5 20
5 21
5 22
5 23
5 24
5 25
6 14
6 15
6 16
6 17
6 18
6 19
6 20
6 21
6 22
6 23
6 24
6 25
0
Yes
9 0
9 1
9 2
9 3
9 4
10 0
10 1
10 2
10 3
10 4
11 0
11 1
11 2
11 3
11 4
12 0
12 1
12 2
12 3
12 4
13 0
13 1
13 2
13 3
13 4
14 0
14 1
14 2
14 3
14 4
15 0
15 1
15 2
15 3
15 4
0
Yes
16 0
16 1
16 2
16 3
16 4
16 5
16 6
16 7
16 8
16 9
16 10
17 0
17 1
17 2
17 3
17 4
17 5
17 6
17 7
17 8
17 9
17 10
18 0
18 1
18 2
18 3
18 4
18 5
18 6
18 7
18 8
18 9
18 10
19 0
19 1
19 2
19 3
19 4
19 5
19 6
19 7
19 8
19 9
19 10
20 0
20 1
20 2
20 3
20 4
20 5
20 6
20 7
20 8
20 9
20 10
21 0
21 1
21 2
21 3
21 4
21 5
21 6
21 7
21 8
21 9
21 10
22 0
22 1
22 2
22 3
22 4
22 5
22 6
22 7
22 8
22 9
22 10
23 0
23 1
23 2
23 3
23 4
23 5
23 6
23 7
23 8
23 9
23 10
24 0
24 1
24 2
24 3
24 4
24 5
24 6
24 7
24 8
24 9
24 10
25 0
25 1
25 2
25 3
25 4
25 5
25 6
25 7
25 8
25 9
25 10
26 0
26 1
26 2
26 3
26 4
26 5
26 6
26 7
0
Yes
29 16
29 17
29 18
29 19
30 16
30 17
30 18
30 19
31 16
31 17
31 18
31 19
32 16
32 17
0
No
0
No
0
Yes
8 5
8 6
8 7
8 8
8 9
8 10
8 11
8 12
9 5
9 6
9 7
9 8
9 9
9 10
9 11
9 12
10 5
10 6
10 7
10 8
10 9
10 10
10 11
10 12
11 5
11 6
11 7
11 8
11 9
11 10
11 11
11 12
12 5
12 6
12 7
12 8
12 9
12 10
12 11
12 12
13 5
13 6
13 7
13 8
13 9
13 10
13 11
13 12
14 5
14 6
14 7
14 8
14 9
14 10
14 11
14 12
15 5
15 6
15 7
15 8
15 9
15 10
0
Yes
7 13
7 14
7 15
7 16
7 17
7 18
7 19
7 20
7 21
7 22
7 23
7 24
8 13
8 14
8 15
8 16
8 17
8 18
8 19
8 20
8 21
8 22
8 23
8 24
9 13
9 14
9 15
9 16
9 17
9 18
9 19
9 20
9 21
9 22
9 23
9 24
10 13
10 14
10 15
10 16
10 17
10 18
10 19
10 20
10 21
10 22
10 23
10 24
11 13
11 14
11 15
11 16
11 17
11 18
11 19
11 20
11 21
11 22
11 23
11 24
12 13
12 14
12 15
12 16
12 17
12 18
12 19
12 20
12 21
12 22
12 23
12 24
13 13
13 14
13 15
13 16
13 17
13 18
13 19
13 20
13 21
13 22
13 23
13 24
14 13
14 14
14 15
14 16
14 17
14 18
14 19
14 20
14 21
14 22
0
Yes
40 42
40 43
40 44
41 42
41 43
41 44
42 42
42 43
42 44
43 42
0
Yes
43 27
43 28
43 29
44 27
44 28
44 29
45 27
45 28
45 29
46 27
0
Yes
0 13
0 14
0 15
0 16
0 17
0 18
0 19
0 20
0 21
0 22
0 23
0 24
0 25
1 13
1 14
1 15
1 16
1 17
1 18
1 19
1 20
1 21
1 22
1 23
1 24
1 25
2 13
2 14
2 15
2 16
2 17
2 18
2 19
2 20
2 21
2 22
2 23
2 24
2 25
3 13
3 14
3 15
3 16
3 17
3 18
3 19
3 20
3 21
3 22
3 23
3 24
3 25
4 13
4 14
4 15
4 16
4 17
4 18
4 19
4 20
4 21
4 22
4 23
4 24
4 25
5 13
5 14
5 15
5 16
5 17
5 18
5 19
5 20
5 21
5 22
5 23
5 24
5 25
6 13
6 14
6 15
6 16
6 17
6 18
6 19
6 20
6 21
6 22
6 23
6 24
6 25
7 13
7 14
7 15
7 16
7 17
7 18
7 19
7 20
7 21
7 22
7 23
7 24
7 25
8 13
8 14
8 15
8 16
8 17
8 18
8 19
8 20
8 21
8 22
8 23
8 24
0
Yes
9 25
9 26
9 27
9 28
9 29
9 30
9 31
9 32
9 33
10 25
10 26
10 27
10 28
10 29
10 30
10 31
10 32
10 33
11 25
11 26
11 27
11 28
11 29
11 30
11 31
11 32
11 33
12 25
12 26
12 27
12 28
12 29
12 30
12 31
12 32
12 33
13 25
13 26
13 27
13 28
13 29
13 30
13 31
13 32
13 33
14 25
14 26
14 27
14 28
14 29
14 30
14 31
14 32
14 33
15 25
15 26
15 27
15 28
15 29
15 30
15 31
15 32
15 33
16 25
16 26
16 27
16 28
16 29
16 30
16 31
16 32
16 33
17 25
17 26
17 27
17 28
17 29
17 30
17 31
17 32
17 33
18 25
18 26
18 27
18 28
18 29
18 30
18 31
18 32
18 33
19 25
19 26
19 27
19 28
19 29
19 30
19 31
0
Yes
9 0
9 1
9 2
9 3
9 4
10 0
10 1
10 2
10 3
10 4
11 0
11 1
11 2
11 3
11 4
12 0
12 1
12 2
12 3
12 4
13 0
13 1
13 2
13 3
13 4
14 0
14 1
14 2
14 3
14 4
15 0
15 1
0
Yes
27 0
27 1
28 0
28 1
0
No
0
Yes
47 45
46 45
47 44
47 46
48 45
46 44
46 46
48 44
48 46
45 45
47 43
47 47
49 45
45 44
45 46
46 43
46 47
48 43
48 47
49 44
49 46
45 43
45 47
49 43
49 47
44 45
47 42
47 48
44 44
44 46
46 42
46 48
48 42
48 48
44 43
44 47
45 42
45 48
49 42
49 48
47 41
47 49
46 41
46 49
48 41
48 49
44 48
45 41
45 49
49 41
49 49
44 49
47 40
46 40
48 40
45 40
49 40
0
Yes
24 47
24 48
23 47
23 48
25 47
25 48
24 46
24 49
23 46
23 49
25 46
25 49
22 47
22 48
22 46
22 49
24 45
23 45
25 45
22 45
0
Yes
0 35
0 36
0 37
0 38
1 35
1 36
1 37
1 38
2 35
2 36
2 37
0
No
0
Yes
26 45
26 46
26 47
26 48
26 49
27 45
27 46
27 47
27 48
27 49
28 45
28 46
28 47
28 48
28 49
29 45
29 46
29 47
29 48
29 49
30 45
30 46
30 47
30 48
30 49
31 45
31 46
31 47
31 48
31 49
0
Yes
49 30
48 30
48 29
49 29
48 28
49 28
48 27
49 27
48 31
49 31
47 31
47 30
47 29
47 32
48 32
49 32
46 30
46 31
46 32
46 29
46 33
47 33
48 33
49 33
45 31
45 32
45 33
45 30
45 34
46 34
47 34
48 34
49 34
0
No
0
Yes
44 37
44 38
45 38
45 37
46 38
46 37
47 38
47 37
47 39
46 39
45 39
48 39
48 38
0
No
0
Yes
0 13
0 14
0 15
0 16
0 17
0 18
0 19
0 20
0 21
0 22
0 23
0 24
1 13
1 14
1 15
1 16
1 17
1 18
1 19
1 20
1 21
1 22
1 23
1 24
2 13
2 14
2 15
2 16
2 17
2 18
2 19
2 20
2 21
2 22
2 23
2 24
3 13
3 14
3 15
3 16
3 17
3 18
3 19
3 20
3 21
3 22
3 23
3 24
4 13
4 14
4 15
4 16
4 17
4 18
4 19
4 20
4 21
4 22
4 23
4 24
5 13
5 14
5 15
5 16
5 17
5 18
5 19
5 20
5 21
5 22
5 23
5 24
6 13
6 14
6 15
6 16
6 17
6 18
6 19
6 20
6 21
6 22
6 23
6 24
7 13
7 14
7 15
7 16
7 17
7 18
7 19
7 20
7 21
7 22
0
Yes
11 45
12 45
11 44
11 46
12 44
12 46
10 45
13 45
10 44
10 46
13 44
13 46
11 43
11 47
12 43
12 47
9 45
10 43
10 47
13 43
13 47
14 45
9 44
9 46
14 44
14 46
11 42
11 48
12 42
12 48
9 43
9 47
14 43
14 47
10 42
10 48
13 42
13 48
8 45
8 44
8 46
9 42
9 48
14 42
14 48
8 43
8 47
11 41
11 49
12 41
12 49
10 41
10 49
13 41
13 49
8 42
8 48
9 41
9 49
14 41
14 49
11 40
12 40
10 40
8 41
8 49
9 40
0
Yes
39 43
39 44
39 45
39 46
39 47
39 48
39 49
40 43
40 44
40 45
40 46
40 47
40 48
40 49
41 43
41 44
41 45
41 46
41 47
41 48
41 49
42 43
42 44
42 45
42 46
42 47
42 48
42 49
43 43
43 44
43 45
43 46
43 47
43 48
43 49
44 43
44 44
44 45
44 46
44 47
44 48
44 49
45 43
45 44
45 45
45 46
45 47
45 48
45 49
46 43
46 44
46 45
46 46
46 47
46 48
46 49
47 43
47 44
47 45
47 46
47 47
47 48
47 49
48 43
48 44
48 45
48 46
48 47
48 48
48 49
49 43
49 44
49 45
49 46
49 47
49 48
49 49
0
Yes
0 25
0 26
0 27
0 28
0 29
0 30
0 31
0 32
0 33
1 25
1 26
1 27
1 28
1 29
1 30
1 31
1 32
1 33
2 25
2 26
2 27
2 28
2 29
2 30
2 31
2 32
2 33
3 25
3 26
3 27
3 28
3 29
3 30
3 31
3 32
3 33
4 25
4 26
4 27
4 28
4 29
4 30
4 31
4 32
4 33
5 25
5 26
5 27
5 28
5 29
5 30
5 31
5 32
5 33
6 25
6 26
6 27
6 28
6 29
6 30
6 31
6 32
6 33
7 25
7 26
7 27
7 28
7 29
7 30
7 31
7 32
0
Yes
45 39
45 40
45 41
45 42
46 39
46 40
46 41
46 42
47 39
47 40
47 41
47 42
48 39
48 40
48 41
48 42
49 39
49 40
49 41
49 42
0
Yes
22 35
22 36
22 37
23 35
23 36
23 37
24 35
24 36
24 37
25 35
25 36
25 37
0
No
0
Yes
20 4
20 5
19 4
19 5
21 4
21 5
20 3
20 6
19 3
19 6
21 3
21 6
18 4
18 5
22 4
22 5
18 3
18 6
20 2
20 7
22 3
22 6
19 2
19 7
21 2
21 7
17 4
17 5
23 4
23 5
18 2
18 7
22 2
22 7
17 3
17 6
23 3
23 6
20 1
20 8
19 1
19 8
21 1
21 8
17 2
17 7
23 2
23 7
16 4
16 5
18 1
18 8
22 1
22 8
24 4
24 5
16 3
16 6
24 3
24 6
20 0
17 1
17 8
19 0
21 0
23 1
23 8
16 2
16 7
24 2
24 7
18 0
22 0
15 4
15 5
25 4
25 5
15 3
15 6
25 3
25 6
16 1
16 8
24 1
24 8
17 0
23 0
15 2
15 7
25 2
25 7
14 4
14 5
16 0
24 0
26 4
26 5
15 1
15 8
25 1
25 8
14 3
14 6
26 3
26 6
14 2
14 7
26 2
26 7
15 0
25 0
14 1
14 8
26 1
26 8
13 4
13 5
13 3
13 6
13 2
13 7
14 0
26 0
13 1
0
Yes
11 21
11 22
11 23
11 24
11 25
11 26
11 27
11 28
11 29
11 30
12 21
12 22
12 23
12 24
12 25
12 26
12 27
12 28
12 29
12 30
13 21
13 22
13 23
13 24
13 25
13 26
13 27
13 28
13 29
13 30
14 21
14 22
14 23
14 24
14 25
14 26
14 27
14 28
14 29
14 30
15 21
15 22
15 23
15 24
15 25
15 26
15 27
15 28
15 29
15 30
16 21
16 22
16 23
16 24
16 25
16 26
16 27
16 28
16 29
16 30
17 21
17 22
17 23
17 24
17 25
17 26
17 27
17 28
17 29
17 30
18 21
18 22
18 23
18 24
18 25
18 26
18 27
18 28
18 29
18 30
19 21
19 22
19 23
19 24
19 25
19 26
19 27
19 28
19 29
19 30
20 21
20 22
20 23
20 24
20 25
20 26
20 27
20 28
20 29
20 30
21 21
21 22
21 23
21 24
21 25
21 26
21 27
21 28
21 29
21 30
22 21
22 22
22 23
22 24
22 25
22 26
22 27
22 28
22 29
22 30
23 21
23 22
23 23
23 24
23 25
23 26
23 27
23 28
23 29
23 30
24 21
24 22
24 23
24 24
24 25
24 26
24 27
24 28
24 29
24 30
25 21
25 22
25 23
25 24
25 25
25 26
25 27
0
Yes
8 11
8 12
8 13
8 14
8 15
8 16
8 17
8 18
8 19
8 20
9 11
9 12
9 13
9 14
9 15
9 16
9 17
9 18
9 19
9 20
10 11
10 12
10 13
10 14
10 15
10 16
10 17
10 18
10 19
10 20
11 11
11 12
11 13
11 14
11 15
11 16
11 17
11 18
11 19
11 20
12 11
12 12
12 13
12 14
12 15
12 16
12 17
12 18
12 19
12 20
13 11
13 12
13 13
13 14
13 15
13 16
13 17
13 18
13 19
13 20
14 11
14 12
14 13
14 14
14 15
14 16
14 17
14 18
14 19
14 20
15 11
15 12
15 13
15 14
15 15
15 16
15 17
15 18
15 19
15 20
16 11
16 12
16 13
16 14
16 15
16 16
16 17
16 18
16 19
0
Yes
8 11
8 12
8 13
8 14
8 15
8 16
8 17
8 18
8 19
8 20
9 11
9 12
9 13
9 14
9 15
9 16
9 17
9 18
9 19
9 20
10 11
10 12
10 13
10 14
10 15
10 16
10 17
10 18
10 19
10 20
11 11
11 12
11 13
11 14
11 15
11 16
11 17
11 18
11 19
11 20
12 11
12 12
12 13
12 14
12 15
12 16
12 17
12 18
12 19
12 20
13 11
13 12
13 13
13 14
13 15
13 16
13 17
13 18
13 19
13 20
14 11
14 12
14 13
14 14
14 15
14 16
14 17
14 18
14 19
14 20
15 11
15 12
15 13
15 14
15 15
15 16
15 17
15 18
15 19
15 20
16 11
16 12
16 13
16 14
16 15
16 16
16 17
16 18
16 19
16 20
17 11
17 12
17 13
17 14
17 15
17 16
17 17
17 18
17 19
17 20
18 11
18 12
18 13
18 14
18 15
18 16
18 17
18 18
18 19
18 20
19 11
19 12
19 13
19 14
19 15
19 16
19 17
19 18
19 19
19 20
20 11
20 12
20 13
20 14
20 15
20 16
20 17
20 18
20 19
20 20
0
Yes
26 26
26 27
27 26
27 27
0
Yes
35 19
34 19
34 18
33 18
33 17
34 17
33 16
34 16
33 15
34 15
32 17
32 16
31 17
31 16
30 17
30 16
29 17
29 16
29 18
30 18
31 18
31 19
30 19
29 19
28 19
28 18
28 17
28 16
27 18
27 17
27 19
27 16
27 15
28 15
29 15
27 14
28 14
26 14
26 15
26 16
26 17
26 18
26 19
26 13
27 13
28 13
25 13
25 14
25 15
25 16
25 17
25 18
25 19
25 20
26 20
27 20
25 12
26 12
27 12
24 20
24 19
24 18
24 17
24 16
24 15
24 14
24 13
24 12
26 21
27 21
27 11
26 11
25 11
24 11
23 19
23 18
23 17
23 16
23 15
23 14
23 13
23 12
23 20
23 11
26 10
25 10
24 10
27 10
23 10
22 18
22 17
22 16
22 15
22 14
22 13
22 12
22 19
22 11
22 20
22 10
27 9
26 9
25 9
24 9
23 9
22 9
21 19
21 18
21 17
21 16
21 15
21 14
21 13
21 12
21 11
21 10
21 9
21 20
20 10
20 9
26 22
27 22
0
No
0
Yes
38 46
37 46
37 45
38 45
37 44
38 44
36 44
36 45
36 46
36 47
37 47
38 47
35 46
35 45
35 47
35 44
36 43
37 43
38 43
35 43
38 48
37 48
36 48
35 48
34 45
34 46
34 47
34 44
34 48
34 43
38 42
37 42
36 42
35 42
34 42
37 49
36 49
35 49
34 49
38 49
33 46
33 45
33 47
33 44
33 48
33 43
33 49
33 42
37 41
36 41
35 41
34 41
33 41
32 45
32 46
32 47
32 44
32 43
32 42
32 41
32 48
32 49
32 40
33 40
34 40
0
Yes
3 34
3 35
3 36
3 37
4 34
4 35
4 36
4 37
5 34
5 35
5 36
5 37
6 34
6 35
6 36
6 37
7 34
7 35
7 36
7 37
8 34
8 35
0
No
0
Yes
13 34
12 34
12 33
13 33
12 32
13 32
11 32
11 33
11 34
10 34
10 33
10 32
11 31
12 31
13 31
10 31
9 33
9 32
9 34
9 31
10 35
11 35
12 35
9 35
14 31
14 32
14 33
8 32
8 31
8 33
12 36
11 36
10 36
9 36
15 33
15 32
15 31
8 30
9 30
10 30
11 37
10 37
12 37
9 37
16 32
16 33
16 31
10 29
9 29
8 29
12 38
11 38
10 38
9 38
17 31
17 32
17 33
8 38
8 37
8 36
9 28
10 28
8 28
11 39
10 39
9 39
12 39
8 39
18 33
18 32
8 27
18 31
9 27
10 27
0
Yes
29 43
30 43
29 42
29 44
30 42
30 44
28 43
31 43
28 42
28 44
31 42
31 44
29 41
30 41
27 43
28 41
31 41
27 42
27 44
0
Yes
18 10
19 10
18 9
19 9
17 10
17 9
0
No
0
Yes
44 40
45 40
45 39
45 41
46 41
46 40
46 39
47 40
47 39
47 41
48 41
48 40
48 39
47 38
46 38
45 38
48 38
47 42
48 42
46 42
45 42
49 40
49 39
49 38
49 41
49 42
45 37
46 37
47 37
48 37
49 37
0
Yes
15 10
16 10
15 9
16 9
14 10
14 9
0
Yes
10 7
11 7
10 6
10 8
11 6
11 8
9 7
12 7
9 6
9 8
12 6
12 8
10 5
10 9
11 5
11 9
8 7
9 5
9 9
12 5
12 9
8 6
8 8
10 4
10 10
11 4
11 10
8 5
8 9
9 4
9 10
12 4
12 10
8 10
10 3
11 3
9 3
0
No
0
No
0
Yes
17 46
16 46
17 45
17 47
18 46
16 45
16 47
18 45
18 47
15 46
17 44
17 48
15 45
15 47
16 44
16 48
18 44
18 48
15 44
15 48
17 43
17 49
16 43
16 49
18 43
18 49
15 43
15 49
17 42
16 42
18 42
15 42
0
No
0
Yes
0 5
0 4
1 4
1 5
1 6
0 6
0 7
1 7
2 5
2 6
2 4
2 7
1 3
0 3
2 3
0 2
1 2
2 2
1 8
0 8
2 8
3 4
3 5
3 6
3 3
3 7
3 2
3 8
0 9
1 9
2 9
3 9
4 5
4 4
4 6
4 3
4 7
4 8
4 2
4 9
1 1
2 1
3 1
0 1
4 1
0 0
1 0
2 0
3 0
4 0
1 10
2 10
3 10
0 10
4 10
5 4
5 5
5 6
5 3
5 7
5 2
5 8
5 1
5 9
5 0
5 10
0 11
1 11
2 11
3 11
4 11
5 11
6 5
6 4
6 6
6 3
6 7
6 2
6 8
6 1
6 9
6 10
6 0
6 11
1 12
2 12
3 12
4 12
5 12
0 12
6 12
7 4
7 5
7 6
7 3
7 7
7 2
7 8
7 1
7 9
7 10
7 11
7 0
7 12
0 13
1 13
2 13
3 13
4 13
5 13
6 13
7 13
8 3
8 4
8 2
8 1
8 0
1 14
2 14
3 14
4 14
5 14
0
Yes
46 27
45 27
45 28
44 28
44 27
43 28
43 27
43 29
44 29
45 29
0
No
0
No
0
No
0
Yes
7 7
6 7
6 6
7 6
6 5
7 5
5 5
5 6
5 7
5 8
6 8
7 8
4 7
4 6
4 8
4 5
5 4
6 4
7 4
4 4
7 9
6 9
5 9
4 9
3 6
3 7
3 8
3 5
3 9
3 4
7 3
6 3
5 3
4 3
3 3
6 10
5 10
4 10
7 10
3 10
2 7
2 6
2 8
2 5
2 9
2 4
2 10
2 3
6 2
5 2
4 2
3 2
7 2
2 2
7 11
6 11
5 11
4 11
3 11
2 11
1 6
1 7
1 8
1 5
1 9
1 4
1 10
1 3
1 11
1 2
7 1
6 1
5 1
4 1
3 1
2 1
1 1
8 2
8 1
8 3
8 4
1 12
2 12
3 12
4 12
5 12
6 12
7 12
0 7
0 6
0 8
0 5
0 9
0 4
0 10
0 3
0 11
0 2
0 12
0 1
8 0
7 0
6 0
5 0
4 0
3 0
2 0
1 0
0 0
0 13
9 0
9 1
9 2
10 2
10 1
10 0
11 1
11 2
0
No
3
67
0 14
0 15
0 16
0 17
0 18
0 19
0 20
0 21
1 14
1 15
1 16
1 17
1 18
1 19
1 20
1 21
2 14
2 15
2 16
2 17
2 18
2 19
2 20
2 21
3 14
3 15
3 16
3 17
3 18
3 19
3 20
3 21
12
32 45
32 46
32 47
32 48
32 49
33 45
33 46
33 47
33 48
33 49
34 45
34 46
34 47
34 48
34 49
35 45
35 46
35 47
35 48
35 49
36 45
36 46
36 47
36 48
36 49
37 45
37 46
37 47
37 48
33
28 41
28 42
28 43
28 44
29 41
29 42
29 43
29 44
30 41
30 42
30 43
30 44
31 41
31 42
31 43
31 44
32 41
32 42
32 43
32 44
Yes
15 35
15 36
15 37
15 38
15 39
15 40
15 41
15 42
15 43
15 44
15 45
15 46
15 47
16 35
16 36
16 37
16 38
16 39
16 40
16 41
16 42
16 43
16 44
16 45
16 46
16 47
17 35
17 36
17 37
17 38
17 39
17 40
17 41
17 42
17 43
17 44
17 45
17 46
17 47
18 35
18 36
18 37
18 38
18 39
18 40
18 41
18 42
18 43
18 44
18 45
18 46
18 47
19 35
19 36
19 37
19 38
19 39
19 40
19 41
19 42
19 43
19 44
19 45
19 46
19 47
20 35
20 36
20 37
20 38
20 39
20 40
20 41
20 42
20 43
20 44
20 45
20 46
20 47
21 35
21 36
21 37
21 38
21 39
21 40
21 41
21 42
21 43
21 44
21 45
21 46
21 47
22 35
22 36
22 37
22 38
22 39
22 40
22 41
22 42
22 43
22 44
22 45
22 46
22 47
23 35
23 36
23 37
23 38
23 39
23 40
23 41
23 42
23 43
23 44
23 45
23 46
23 47
24 35
24 36
24 37
24 38
24 39
24 40
24 41
24 42
24 43
24 44
24 45
24 46
24 47
25 35
25 36
25 37
25 38
25 39
0
No
0
No
0
Yes
12 35
12 36
13 35
13 36
11 35
11 36
12 34
12 37
13 34
13 37
14 35
14 36
11 34
11 37
14 34
14 37
10 35
10 36
12 33
12 38
13 33
13 38
10 34
10 37
11 33
11 38
14 33
14 38
10 33
10 38
12 32
12 39
13 32
13 39
11 32
11 39
14 32
14 39
10 32
10 39
12 31
13 31
11 31
14 31
10 31
0
No
0
No
0
No
0
Yes
25 17
24 17
24 16
25 16
24 15
25 15
26 15
26 16
26 17
23 15
23 16
23 17
26 18
25 18
24 18
23 18
27 17
27 16
27 18
27 15
26 14
25 14
24 14
23 14
27 14
22 17
22 16
22 15
22 18
22 14
25 19
24 19
26 19
23 19
27 19
22 19
28 16
28 17
28 18
28 15
28 19
28 14
25 13
24 13
26 13
23 13
27 13
22 13
28 13
21 16
21 17
21 15
21 18
21 14
21 19
21 13
24 20
25 20
23 20
26 20
27 20
22 20
21 20
29 17
29 16
29 18
29 19
0
Yes
7 21
7 22
8 21
8 22
6 21
6 22
7 20
7 23
8 20
8 23
9 21
9 22
6 20
6 23
9 20
9 23
5 21
5 22
7 19
7 24
8 19
8 24
10 21
10 22
5 20
5 23
6 19
6 24
9 19
9 24
10 20
10 23
4 21
4 22
5 19
5 24
7 18
8 18
10 19
10 24
4 20
4 23
6 18
9 18
4 19
4 24
5 18
10 18
4 18
0
Yes
17 17
17 18
18 17
18 18
16 17
16 18
17 16
17 19
18 16
18 19
19 17
19 18
16 16
16 19
19 16
19 19
15 17
15 18
17 15
17 20
18 15
18 20
20 17
20 18
15 16
15 19
16 15
16 20
19 15
19 20
20 16
20 19
14 17
14 18
15 15
15 20
17 14
18 14
20 15
20 20
14 16
14 19
16 14
19 14
14 15
14 20
15 14
20 14
14 14
0
No
0
No
0
No
0
No
0
No
0
Yes
28 47
28 48
27 47
27 48
29 47
29 48
28 46
28 49
27 46
27 49
29 46
29 49
26 47
26 48
30 47
30 48
26 46
26 49
28 45
30 46
30 49
27 45
29 45
25 47
25 48
31 47
31 48
26 45
30 45
25 46
25 49
31 46
31 49
25 45
31 45
24 48
24 49
0
Yes
0 25
0 26
0 27
0 28
0 29
0 30
0 31
0 32
0 33
1 25
1 26
1 27
1 28
1 29
1 30
1 31
1 32
1 33
2 25
2 26
2 27
2 28
2 29
2 30
2 31
2 32
2 33
3 25
3 26
3 27
3 28
3 29
3 30
3 31
3 32
3 33
4 25
4 26
4 27
4 28
4 29
4 30
4 31
4 32
4 33
5 25
5 26
5 27
5 28
5 29
5 30
5 31
5 32
5 33
6 25
6 26
6 27
6 28
6 29
6 30
6 31
6 32
6 33
7 25
7 26
7 27
7 28
7 29
7 30
7 31
7 32
7 33
8 25
8 26
8 27
8 28
8 29
8 30
8 31
8 32
8 33
9 25
9 26
9 27
9 28
9 29
0
Yes
37 41
36 41
36 40
36 42
37 42
35 42
35 41
35 40
35 43
36 43
37 43
34 41
34 42
34 40
34 43
37 44
36 44
35 44
34 44
34 39
35 39
36 39
33 40
33 41
33 42
33 43
33 39
33 44
36 45
35 45
34 45
37 45
33 45
38 44
38 43
38 45
38 42
32 41
32 42
32 43
32 40
32 44
32 45
32 39
37 46
36 46
35 46
34 46
33 46
38 46
32 46
31 42
31 43
31 44
31 41
31 45
31 46
36 47
35 47
34 47
33 47
37 47
32 47
38 47
31 47
30 41
30 42
30 43
30 44
30 45
30 46
30 47
37 48
36 48
35 48
34 48
33 48
32 48
31 48
38 48
30 48
29 42
29 43
29 44
29 45
29 46
29 47
29 41
29 48
36 49
35 49
34 49
33 49
32 49
31 49
30 49
29 49
37 49
38 49
0
No
0
No
0
No
0
Yes
9 15
9 16
8 15
8 16
10 15
10 16
9 14
9 17
8 14
8 17
10 14
10 17
7 15
7 16
11 15
11 16
7 14
7 17
9 13
11 14
11 17
8 13
10 13
6 15
6 16
12 15
12 16
7 13
11 13
6 14
6 17
12 14
12 17
6 13
12 13
5 15
5 16
13 15
13 16
5 14
5 17
13 14
13 17
5 13
13 13
4 15
4 16
4 14
4 17
4 13
0
Yes
8 36
8 37
9 37
9 36
10 37
10 36
10 38
9 38
8 38
8 39
9 39
10 39
11 38
11 37
11 36
11 39
11 35
10 35
9 35
12 36
12 37
12 38
12 35
12 39
9 34
10 34
11 34
12 34
13 35
13 36
13 37
13 38
13 34
13 39
10 33
11 33
12 33
9 33
13 33
14 36
14 35
14 37
14 34
14 38
14 33
14 39
9 32
10 32
11 32
0
Yes
25 11
26 11
25 10
25 12
26 10
26 12
24 11
27 11
24 10
24 12
27 10
27 12
25 9
26 9
23 11
24 9
27 9
23 10
23 12
0
No
0
Yes
25 42
25 43
25 44
25 45
25 46
25 47
25 48
25 49
26 42
26 43
26 44
26 45
26 46
26 47
26 48
26 49
27 42
27 43
27 44
27 45
27 46
27 47
27 48
27 49
28 42
28 43
28 44
28 45
28 46
28 47
28 48
28 49
0
No
0
Yes
18 11
18 12
17 11
17 12
19 11
19 12
18 10
18 13
17 10
17 13
19 10
19 13
16 11
16 12
20 11
20 12
16 10
16 13
18 9
20 10
20 13
17 9
19 9
15 11
15 12
16 9
20 9
15 10
15 13
15 9
0
No
0
Yes
2 27
2 28
1 27
1 28
3 27
3 28
2 26
2 29
1 26
1 29
3 26
3 29
0 27
0 28
0 26
0 29
2 25
2 30
1 25
1 30
3 25
3 30
0 25
0 30
2 24
2 31
1 24
1 31
3 24
3 31
0 24
0 31
2 23
2 32
1 23
1 32
3 23
3 32
0 23
0 32
2 22
1 22
3 22
0
No
0
Yes
27 0
27 1
28 0
28 1
29 0
0
No
0
No
0
Yes
18 14
18 15
18 16
18 17
18 18
18 19
18 20
19 14
19 15
19 16
19 17
19 18
19 19
19 20
20 14
20 15
20 16
20 17
20 18
20 19
20 20
0
No
0
No
2
105
11 14
11 15
11 16
11 17
11 18
11 19
11 20
12 14
12 15
12 16
12 17
12 18
12 19
12 20
13 14
13 15
13 16
13 17
13 18
13 19
13 20
14 14
14 15
14 16
14 17
14 18
14 19
14 20
15 14
15 15
15 16
15 17
15 18
15 19
15 20
16 14
16 15
16 16
16 17
16 18
16 19
16 20
17 14
34
0 22
0 23
0 24
1 22
1 23
1 24
2 22
2 23
2 24
3 22
3 23
Yes
0 25
0 26
0 27
0 28
0 29
0 30
0 31
0 32
0 33
0 34
0 35
0 36
0 37
1 25
1 26
1 27
1 28
1 29
1 30
1 31
1 32
1 33
1 34
1 35
1 36
1 37
2 25
2 26
2 27
2 28
2 29
2 30
2 31
2 32
2 33
2 34
2 35
2 36
2 37
3 25
3 26
3 27
3 28
3 29
3 30
3 31
3 32
3 33
3 34
3 35
3 36
3 37
4 25
4 26
4 27
4 28
4 29
4 30
4 31
4 32
4 33
4 34
4 35
4 36
4 37
5 25
5 26
5 27
5 28
5 29
5 30
5 31
5 32
5 33
5 34
5 35
5 36
5 37
6 25
6 26
6 27
6 28
6 29
6 30
6 31
6 32
6 33
6 34
6 35
6 36
6 37
7 25
7 26
7 27
7 28
7 29
7 30
7 31
7 32
7 33
7 34
7 35
7 36
7 37
8 25
8 26
8 27
8 28
8 29
8 30
8 31
8 32
8 33
8 34
0
No
0
Yes
4 2
3 2
3 1
4 1
3 0
4 0
5 0
5 1
5 2
2 0
2 1
2 2
5 3
4 3
3 3
2 3
6 2
6 1
6 3
6 0
1 2
1 1
1 3
1 0
4 4
3 4
5 4
2 4
6 4
1 4
7 1
7 2
7 3
7 0
7 4
0 1
0 2
0 3
0 4
0 0
3 5
4 5
5 5
2 5
6 5
1 5
7 5
0 5
8 2
8 1
8 0
8 3
8 4
4 6
3 6
5 6
2 6
6 6
1 6
7 6
0 6
3 7
4 7
5 7
2 7
0
Yes
5 28
6 28
5 27
5 29
6 27
6 29
4 28
7 28
4 27
4 29
7 27
7 29
5 26
5 30
6 26
6 30
3 28
4 26
4 30
7 26
7 30
8 28
3 27
3 29
8 27
8 29
5 25
6 25
3 26
3 30
8 26
8 30
4 25
7 25
2 28
9 28
2 27
2 29
9 27
9 29
3 25
8 25
2 26
2 30
9 26
9 30
1 28
10 28
1 27
1 29
2 25
9 25
10 27
10 29
1 26
1 30
10 26
10 30
1 25
10 25
0 28
0 27
0 29
0 26
0 30
0 25
0
Yes
6 34
6 35
7 34
7 35
5 34
5 35
6 33
6 36
7 33
7 36
8 34
8 35
5 33
5 36
8 33
8 36
4 34
4 35
6 32
6 37
7 32
7 37
9 34
9 35
4 33
4 36
5 32
5 37
8 32
8 37
9 33
9 36
3 34
3 35
4 32
4 37
6 31
7 31
9 32
9 37
10 34
10 35
3 33
3 36
5 31
8 31
10 33
10 36
3 32
3 37
4 31
9 31
10 32
10 37
2 34
2 35
11 34
11 35
2 33
2 36
11 33
11 36
3 31
10 31
2 32
2 37
11 32
11 37
1 34
1 35
12 34
12 35
1 33
1 36
2 31
11 31
12 33
12 36
1 32
1 37
12 32
12 37
0 34
0 35
1 31
12 31
0 33
0 36
0 32
0 37
0 31
0
No
0
No
0
Yes
15 33
14 33
15 32
15 34
16 33
14 32
14 34
16 32
16 34
13 33
15 31
13 32
13 34
14 31
16 31
13 31
0
Yes
6 5
6 6
7 5
7 6
5 5
5 6
6 4
6 7
7 4
7 7
8 5
8 6
5 4
5 7
8 4
8 7
4 5
4 6
6 3
6 8
7 3
7 8
9 5
9 6
4 4
4 7
5 3
5 8
8 3
8 8
9 4
9 7
3 5
3 6
4 3
4 8
6 2
6 9
7 2
7 9
9 3
9 8
10 5
10 6
3 4
3 7
5 2
5 9
8 2
8 9
10 4
10 7
3 3
3 8
4 2
4 9
9 2
9 9
10 3
10 8
2 5
2 6
6 1
6 10
7 1
7 10
11 5
11 6
2 4
2 7
5 1
5 10
8 1
8 10
11 4
11 7
3 2
3 9
10 2
10 9
2 3
2 8
4 1
4 10
9 1
9 10
11 3
11 8
1 5
1 6
6 0
7 0
12 5
12 6
1 4
1 7
2 2
2 9
3 1
3 10
5 0
8 0
10 1
10 10
11 2
11 9
12 4
12 7
1 3
1 8
4 0
9 0
12 3
12 8
2 1
2 10
11 1
11 10
0 5
0 6
1 2
1 9
3 0
10 0
12 2
12 9
0 4
0 7
0 3
0 8
1 1
1 10
2 0
11 0
12 1
12 10
0 2
0 9
1 0
12 0
0 1
0
Yes
26 41
25 41
26 40
25 40
0
Yes
4 41
5 41
4 40
4 42
5 40
5 42
3 41
6 41
3 40
3 42
6 40
6 42
4 39
4 43
5 39
5 43
2 41
3 39
3 43
6 39
6 43
7 41
2 40
2 42
7 40
7 42
4 38
5 38
2 39
2 43
7 39
7 43
3 38
6 38
1 41
1 40
1 42
8 40
2 38
7 38
1 39
1 43
8 39
0 41
0 40
0 42
1 38
8 38
0 39
0 43
0 38
0
Yes
13 11
13 12
14 11
14 12
12 11
12 12
13 10
13 13
14 10
14 13
12 13
13 9
14 9
1
67
0 44
0 45
0 46
0 47
0 48
0 49
1 44
1 45
1 46
1 47
1 48
1 49
2 44
2 45
2 46
2 47
2 48
2 49
3 44
3 45
3 46
3 47
3 48
3 49
4 44
4 45
4 46
4 47
4 48
4 49
5 44
5 45
Yes
0 11
0 12
0 13
0 14
0 15
0 16
0 17
0 18
0 19
0 20
0 21
1 11
1 12
1 13
1 14
1 15
1 16
1 17
1 18
1 19
1 20
1 21
2 11
2 12
2 13
2 14
2 15
2 16
2 17
2 18
2 19
2 20
2 21
3 11
3 12
3 13
3 14
3 15
3 16
3 17
3 18
3 19
3 20
3 21
4 11
4 12
4 13
4 14
4 15
4 16
4 17
4 18
4 19
4 20
4 21
5 11
5 12
5 13
5 14
5 15
5 16
5 17
5 18
5 19
5 20
5 21
6 11
6 12
6 13
6 14
6 15
6 16
6 17
6 18
6 19
6 20
6 21
7 11
7 12
7 13
7 14
7 15
7 16
7 17
7 18
7 19
7 20
7 21
8 11
8 12
8 13
8 14
8 15
8 16
8 17
8 18
8 19
8 20
8 21
9 11
9 12
9 13
9 14
9 15
9 16
9 17
9 18
9 19
9 20
9 21
10 11
10 12
10 13
10 14
10 15
10 16
10 17
10 18
10 19
10 20
10 21
0
No
0
No
0
Yes
22 49
23 49
22 48
23 48
21 49
24 49
21 48
24 48
20 49
20 48
0
No
0
No
0
No
0
Yes
28 41
28 42
28 43
28 44
28 45
28 46
28 47
28 48
28 49
29 41
29 42
29 43
29 44
29 45
29 46
29 47
29 48
29 49
30 41
30 42
30 43
30 44
30 45
30 46
30 47
30 48
30 49
31 41
31 42
31 43
31 44
31 45
31 46
31 47
31 48
31 49
32 41
32 42
32 43
32 44
32 45
32 46
32 47
32 48
32 49
33 41
33 42
33 43
33 44
33 45
33 46
33 47
33 48
33 49
34 41
34 42
34 43
34 44
34 45
34 46
34 47
34 48
34 49
35 41
35 42
35 43
35 44
35 45
35 46
35 47
35 48
35 49
36 41
36 42
36 43
36 44
36 45
36 46
36 47
36 48
36 49
37 41
37 42
37 43
37 44
37 45
37 46
37 47
37 48
37 49
0
No
0
Yes
25 43
25 44
25 45
25 46
25 47
25 48
25 49
26 43
26 44
26 45
26 46
26 47
26 48
26 49
27 43
27 44
27 45
27 46
27 47
27 48
27 49
0
Yes
9 24
10 24
9 23
10 23
8 24
8 23
9 22
10 22
8 22
0
Yes
24 11
23 11
24 10
24 12
25 11
23 10
23 12
25 10
25 12
22 11
24 9
26 11
22 10
22 12
23 9
25 9
26 10
26 12
22 9
26 9
21 11
21 10
21 12
21 9
0
No
0
No
0
No
0
No
0
Yes
27 27
27 26
28 26
26 27
26 26
0
No
0
Yes
6 38
6 39
6 40
6 41
6 42
6 43
6 44
6 45
7 38
7 39
7 40
7 41
7 42
7 43
7 44
7 45
8 38
8 39
8 40
8 41
8 42
8 43
8 44
8 45
9 38
9 39
9 40
9 41
9 42
9 43
9 44
9 45
10 38
10 39
10 40
10 41
10 42
10 43
10 44
10 45
11 38
11 39
11 40
11 41
11 42
11 43
11 44
11 45
12 38
12 39
12 40
12 41
12 42
12 43
12 44
12 45
13 38
13 39
13 40
13 41
13 42
13 43
13 44
13 45
14 38
14 39
14 40
14 41
14 42
14 43
14 44
14 45
0
No
0
No
0
Yes
8 46
7 46
7 47
8 47
9 47
9 46
8 48
7 48
9 48
10 46
10 47
10 48
6 47
6 46
6 48
5 46
5 47
5 48
7 49
8 49
9 49
6 49
10 49
5 49
11 47
11 48
11 46
11 49
12 46
12 47
12 48
12 49
13 47
13 48
13 46
13 49
14 46
14 47
0
No
0
Yes
26 8
25 8
25 7
26 7
25 6
26 6
24 6
24 7
24 8
23 8
23 7
23 6
24 5
25 5
26 5
23 5
22 7
22 6
22 8
22 5
26 4
25 4
24 4
23 4
22 4
21 8
21 7
21 6
21 5
21 4
25 3
24 3
23 3
22 3
26 3
21 3
20 7
20 6
20 5
20 4
20 8
20 3
26 2
25 2
24 2
23 2
22 2
21 2
20 2
19 8
19 7
19 6
19 5
19 4
19 3
19 2
25 1
24 1
23 1
22 1
21 1
20 1
26 1
19 1
18 7
18 6
18 5
18 4
18 3
18 2
18 8
18 1
27 1
27 2
27 3
26 0
25 0
24 0
23 0
22 0
21 0
20 0
19 0
27 0
18 0
17 8
17 7
17 6
17 5
17 4
17 3
17 2
0
Yes
5 18
5 19
6 18
6 19
4 18
4 19
5 17
5 20
6 17
6 20
7 18
7 19
4 17
4 20
7 17
7 20
3 18
3 19
5 16
5 21
6 16
6 21
8 18
8 19
3 17
3 20
4 16
4 21
7 16
7 21
8 17
8 20
2 18
2 19
3 16
3 21
5 15
5 22
6 15
6 22
8 16
8 21
9 18
9 19
2 17
2 20
4 15
4 22
7 15
7 22
9 17
9 20
2 16
2 21
3 15
3 22
8 15
8 22
9 16
9 21
1 18
1 19
5 14
5 23
6 14
6 23
10 18
10 19
1 17
1 20
4 14
4 23
7 14
7 23
10 17
10 20
2 15
2 22
9 15
9 22
1 16
1 21
3 14
3 23
8 14
8 23
10 16
10 21
0 18
0 19
5 13
5 24
6 13
6 24
0 17
0 20
1 15
1 22
2 14
2 23
4 13
4 24
7 13
7 24
9 14
9 23
10 15
10 22
0 16
0 21
3 13
3 24
8 13
8 24
1 14
1 23
10 14
10 23
0 15
0 22
2 13
2 24
5 12
6 12
9 13
9 24
4 12
7 12
3 12
8 12
0 14
0 23
1 13
1 24
10 13
10 24
2 12
9 12
0 13
0 24
1 12
10 12
0 12
0
Yes
49 34
48 34
48 33
49 33
48 32
49 32
47 32
47 33
47 34
46 34
46 33
46 32
47 31
48 31
49 31
46 31
45 33
45 32
45 31
45 34
49 30
48 30
0
Yes
17 20
16 20
16 19
17 19
16 18
17 18
15 18
15 19
15 20
14 20
14 19
14 18
15 17
16 17
17 17
14 17
13 19
13 18
13 20
13 17
17 16
16 16
15 16
14 16
13 16
12 20
12 19
12 18
12 17
12 16
16 15
15 15
14 15
13 15
17 15
12 15
11 19
11 18
11 17
11 16
11 15
11 20
17 14
16 14
15 14
0
Yes
47 36
47 37
46 37
48 37
48 36
48 38
47 38
46 38
49 38
49 37
49 36
47 39
48 39
46 39
49 39
45 39
45 38
45 37
46 40
47 40
48 40
45 40
49 40
44 38
44 37
47 41
46 41
48 41
45 41
49 41
46 42
47 42
48 42
45 42
49 42
48 35
49 35
0
No
0
Yes
15 1
15 2
16 1
16 2
14 1
14 2
15 0
16 0
17 1
14 0
17 0
13 1
13 2
13 0
0
No
0
Yes
26 47
25 47
25 46
26 46
25 45
26 45
27 45
27 46
27 47
27 48
26 48
25 48
28 47
28 46
28 48
28 45
27 44
26 44
25 44
28 44
26 49
27 49
25 49
28 49
29 46
29 47
29 48
29 45
29 49
29 44
26 43
27 43
28 43
25 43
29 43
30 47
30 46
30 45
30 48
30 44
30 49
30 43
25 42
26 42
27 42
28 42
29 42
30 42
31 46
31 47
31 45
31 44
31 48
31 43
31 49
31 42
28 41
29 41
30 41
31 41
32 47
32 46
32 45
32 44
32 43
32 48
32 42
32 49
32 41
33 46
33 47
33 45
33 44
33 43
33 48
33 42
33 49
33 41
34 47
34 46
34 45
34 44
34 43
34 48
34 42
34 49
34 41
35 46
35 47
35 45
35 44
35 43
35 48
35 42
35 49
0
No
0
Yes
21 9
21 10
21 11
21 12
22 9
22 10
22 11
22 12
23 9
23 10
23 11
23 12
24 9
24 10
24 11
24 12
25 9
25 10
25 11
25 12
26 9
26 10
0
No
0
Yes
15 6
14 6
15 5
15 7
16 6
14 5
14 7
16 5
16 7
13 6
15 4
15 8
13 5
13 7
14 4
14 8
16 4
16 8
13 4
13 8
15 3
14 3
16 3
0
Yes
27 27
26 27
27 26
26 26
0
No
0
Yes
0 45
0 46
0 47
0 48
0 49
1 45
1 46
1 47
1 48
1 49
2 45
2 46
2 47
2 48
2 49
3 45
3 46
3 47
3 48
3 49
4 45
4 46
4 47
4 48
4 49
0
No
0
Yes
37 46
37 47
36 46
36 47
38 46
38 47
37 45
37 48
36 45
36 48
38 45
38 48
35 46
35 47
35 45
35 48
37 44
37 49
36 44
36 49
38 44
38 49
35 44
35 49
37 43
36 43
38 43
0
Yes
15 38
15 39
15 40
15 41
15 42
15 43
15 44
15 45
15 46
15 47
15 48
15 49
16 38
16 39
16 40
16 41
16 42
16 43
16 44
16 45
16 46
16 47
16 48
16 49
17 38
17 39
17 40
17 41
17 42
17 43
17 44
17 45
17 46
17 47
17 48
17 49
18 38
18 39
18 40
18 41
18 42
18 43
18 44
18 45
18 46
18 47
18 48
18 49
19 38
19 39
19 40
19 41
19 42
19 43
19 44
19 45
19 46
19 47
19 48
19 49
20 38
20 39
20 40
20 41
20 42
20 43
20 44
20 45
20 46
20 47
20 48
20 49
21 38
21 39
21 40
21 41
21 42
21 43
21 44
21 45
21 46
21 47
21 48
21 49
22 38
22 39
22 40
22 41
22 42
22 43
22 44
22 45
22 46
22 47
22 48
22 49
23 38
23 39
23 40
23 41
23 42
23 43
23 44
23 45
23 46
23 47
23 48
23 49
24 38
24 39
24 40
24 41
24 42
24 43
24 44
24 45
24 46
24 47
24 48
24 49
25 38
25 39
25 40
25 41
25 42
25 43
25 44
25 45
25 46
25 47
25 48
25 49
0
Yes
7 41
7 42
8 41
8 42
6 41
6 42
7 40
7 43
8 40
8 43
9 41
9 42
6 40
6 43
9 40
9 43
5 41
5 42
7 39
7 44
8 39
8 44
10 41
10 42
5 40
5 43
6 39
6 44
9 39
9 44
10 40
10 43
4 41
4 42
5 39
5 44
7 38
8 38
10 39
10 44
11 41
11 42
4 40
4 43
6 38
9 38
11 40
11 43
4 39
4 44
5 38
10 38
11 39
11 44
3 41
3 42
12 41
12 42
3 40
3 43
12 40
12 43
4 38
11 38
3 39
3 44
12 39
12 44
2 41
2 42
13 41
13 42
2 40
2 43
3 38
12 38
13 40
13 43
2 39
2 44
13 39
13 44
1 41
1 42
2 38
13 38
14 41
14 42
1 40
1 43
14 40
14 43
1 39
1 44
14 39
14 44
1 38
14 38
0 41
0 42
0 40
0 43
0 39
0 44
0 38
0
Yes
31 46
31 47
31 48
31 49
32 46
32 47
32 48
32 49
33 46
33 47
33 48
33 49
34 46
34 47
34 48
34 49
0
Yes
1 47
1 48
2 47
2 48
0 47
0 48
1 46
1 49
2 46
2 49
0 46
0 49
1 45
2 45
0 45
0
Yes
8 47
8 48
9 47
9 48
7 47
7 48
8 46
8 49
9 46
9 49
10 47
10 48
7 46
7 49
10 46
10 49
6 47
6 48
8 45
9 45
11 47
11 48
6 46
6 49
7 45
10 45
11 46
11 49
5 47
5 48
6 45
11 45
12 47
12 48
5 46
5 49
12 46
12 49
5 45
12 45
4 47
4 48
13 47
13 48
4 46
4 49
13 46
13 49
4 45
13 45
3 47
3 48
3 46
3 49
3 45
0
No
0
No
0
Yes
0 31
0 32
0 33
0 34
0 35
0 36
0 37
1 31
1 32
1 33
1 34
1 35
1 36
1 37
2 31
2 32
2 33
2 34
2 35
2 36
2 37
3 31
3 32
3 33
3 34
3 35
3 36
3 37
4 31
4 32
4 33
4 34
4 35
4 36
4 37
5 31
5 32
5 33
5 34
5 35
5 36
5 37
6 31
6 32
6 33
6 34
6 35
6 36
6 37
7 31
7 32
7 33
7 34
7 35
0
Yes
45 46
45 47
44 46
44 47
46 46
46 47
45 45
45 48
44 45
44 48
46 45
46 48
43 46
43 47
47 46
47 47
43 45
43 48
45 44
45 49
47 45
47 48
44 44
44 49
46 44
46 49
42 46
42 47
48 46
48 47
43 44
43 49
47 44
47 49
42 45
42 48
48 45
48 48
45 43
44 43
46 43
42 44
42 49
48 44
48 49
41 46
41 47
43 43
47 43
49 46
49 47
41 45
41 48
49 45
49 48
42 43
48 43
41 44
41 49
49 44
49 49
40 46
40 47
40 45
40 48
41 43
49 43
40 44
40 49
0
Yes
0 31
0 32
0 33
0 34
0 35
0 36
0 37
1 31
1 32
1 33
1 34
1 35
1 36
1 37
2 31
2 32
2 33
2 34
2 35
2 36
2 37
3 31
3 32
3 33
3 34
3 35
3 36
3 37
4 31
4 32
4 33
4 34
4 35
4 36
4 37
5 31
5 32
0
Yes
49 42
48 42
48 41
49 41
48 40
49 40
47 40
47 41
47 42
46 42
46 41
46 40
47 39
48 39
49 39
46 39
45 41
45 40
45 39
45 42
49 38
48 38
47 38
0
No
0
Yes
3 28
2 28
3 27
3 29
4 28
2 27
2 29
4 27
4 29
1 28
3 26
3 30
5 28
1 27
1 29
2 26
2 30
4 26
4 30
5 27
5 29
1 26
1 30
5 26
5 30
0 28
3 25
0 27
0 29
2 25
4 25
0 26
0 30
1 25
5 25
0 25
0
Yes
14 45
14 46
14 47
14 48
14 49
15 45
15 46
15 47
15 48
15 49
16 45
16 46
16 47
16 48
16 49
17 45
17 46
17 47
17 48
17 49
0
Yes
0 31
0 32
0 33
0 34
0 35
0 36
0 37
1 31
1 32
1 33
1 34
1 35
1 36
1 37
2 31
2 32
2 33
2 34
2 35
2 36
2 37
3 31
3 32
3 33
3 34
3 35
3 36
3 37
4 31
4 32
4 33
4 34
4 35
4 36
4 37
5 31
5 32
5 33
5 34
5 35
5 36
5 37
6 31
6 32
6 33
6 34
6 35
6 36
6 37
7 31
7 32
7 33
7 34
0
No
0
Yes
8 26
8 27
8 28
8 29
8 30
8 31
8 32
8 33
8 34
8 35
8 36
8 37
9 26
9 27
9 28
9 29
9 30
9 31
9 32
9 33
9 34
9 35
9 36
9 37
10 26
10 27
10 28
10 29
10 30
10 31
10 32
10 33
10 34
10 35
10 36
10 37
11 26
11 27
11 28
11 29
11 30
11 31
11 32
11 33
11 34
11 35
11 36
11 37
12 26
12 27
12 28
12 29
12 30
12 31
12 32
12 33
12 34
12 35
12 36
12 37
13 26
13 27
13 28
13 29
13 30
13 31
13 32
13 33
13 34
13 35
13 36
13 37
14 26
14 27
14 28
14 29
14 30
14 31
14 32
14 33
14 34
14 35
14 36
14 37
15 26
15 27
15 28
15 29
15 30
15 31
15 32
15 33
15 34
15 35
15 36
15 37
16 26
16 27
16 28
16 29
16 30
16 31
16 32
16 33
16 34
16 35
16 36
16 37
17 26
17 27
17 28
17 29
17 30
17 31
17 32
17 33
17 34
17 35
17 36
17 37
18 26
18 27
18 28
18 29
18 30
18 31
18 32
18 33
18 34
18 35
18 36
18 37
0
No
0
Yes
7 35
7 36
7 37
8 35
8 36
8 37
9 35
9 36
9 37
10 35
10 36
10 37
0
Yes
49 28
48 28
49 27
49 29
48 27
48 29
49 26
0
No
0
Yes
25 0
25 1
25 2
25 3
26 0
26 1
26 2
26 3
27 0
27 1
27 2
27 3
28 0
28 1
0
Yes
0 0
0 1
0 2
0 3
0 4
0 5
0 6
0 7
0 8
0 9
0 10
0 11
1 0
1 1
1 2
1 3
1 4
1 5
1 6
1 7
1 8
1 9
1 10
1 11
2 0
2 1
2 2
2 3
2 4
2 5
2 6
2 7
2 8
2 9
2 10
2 11
3 0
3 1
3 2
3 3
3 4
3 5
3 6
3 7
3 8
3 9
3 10
3 11
4 0
4 1
4 2
4 3
4 4
4 5
4 6
4 7
4 8
4 9
4 10
4 11
5 0
5 1
5 2
5 3
5 4
5 5
5 6
5 7
5 8
5 9
5 10
5 11
6 0
6 1
6 2
6 3
6 4
6 5
6 6
6 7
6 8
6 9
6 10
6 11
7 0
7 1
7 2
7 3
7 4
7 5
7 6
7 7
7 8
7 9
7 10
7 11
8 0
8 1
8 2
8 3
8 4
8 5
8 6
8 7
8 8
8 9
8 10
8 11
9 0
9 1
9 2
9 3
9 4
9 5
0
No
0
Yes
44 28
44 29
45 28
45 29
43 28
43 29
44 27
45 27
43 27
0
No
0
Yes
32 38
32 39
33 39
33 40
32 40
33 41
32 41
34 41
34 40
34 39
34 42
33 42
32 42
35 39
35 40
35 41
35 42
32 43
33 43
34 43
35 43
36 40
36 41
36 42
36 43
36 39
33 44
34 44
35 44
32 44
36 44
31 43
31 42
31 41
31 44
37 41
37 42
37 43
37 44
32 45
33 45
34 45
35 45
36 45
31 45
37 45
30 41
30 42
30 43
30 44
30 45
38 42
38 43
38 44
38 45
31 46
32 46
33 46
34 46
35 46
36 46
37 46
30 46
38 46
29 42
29 43
29 44
29 45
29 41
29 46
39 43
39 44
39 45
39 42
39 46
32 47
31 47
33 47
34 47
35 47
36 47
37 47
30 47
38 47
29 47
39 47
28 41
28 42
28 43
28 44
28 45
28 46
28 47
31 48
32 48
33 48
30 48
34 48
35 48
36 48
37 48
29 48
38 48
28 48
39 48
27 42
27 43
27 44
27 45
27 46
27 47
27 48
32 49
31 49
33 49
30 49
34 49
29 49
35 49
36 49
37 49
28 49
27 49
38 49
39 49
26 43
26 44
26 45
26 46
26 47
26 48
26 42
26 49
25 42
25 43
25 44
25 45
25 46
25 47
25 48
25 49
24 43
24 44
24 45
24 46
24 47
0
No
0
No
0
No
0
Yes
0 31
0 32
0 33
0 34
0 35
0 36
0 37
0 38
0 39
0 40
0 41
0 42
0 43
0 44
1 31
1 32
1 33
1 34
1 35
1 36
1 37
1 38
1 39
1 40
1 41
1 42
1 43
1 44
2 31
2 32
2 33
2 34
2 35
2 36
2 37
2 38
2 39
2 40
2 41
2 42
2 43
2 44
3 31
3 32
3 33
3 34
3 35
3 36
3 37
3 38
3 39
3 40
3 41
3 42
3 43
3 44
4 31
4 32
4 33
4 34
4 35
4 36
4 37
4 38
4 39
4 40
4 41
4 42
4 43
4 44
5 31
5 32
5 33
5 34
5 35
5 36
5 37
5 38
5 39
5 40
5 41
5 42
5 43
5 44
6 31
6 32
6 33
6 34
6 35
6 36
6 37
6 38
6 39
6 40
6 41
6 42
6 43
6 44
7 31
7 32
7 33
7 34
7 35
7 36
7 37
7 38
7 39
7 40
7 41
7 42
7 43
7 44
8 31
8 32
8 33
8 34
8 35
8 36
8 37
8 38
8 39
8 40
8 41
8 42
8 43
8 44
9 31
9 32
9 33
9 34
9 35
9 36
9 37
9 38
9 39
9 40
9 41
9 42
9 43
9 44
0
No
0
Yes
24 37
23 37
24 36
24 38
25 37
23 36
23 38
25 36
25 38
22 37
24 35
22 36
22 38
23 35
25 35
22 35
0
Yes
6 25
6 26
6 27
6 28
7 25
7 26
7 27
7 28
8 25
8 26
8 27
8 28
9 25
9 26
9 27
9 28
10 25
10 26
10 27
0
Yes
14 37
15 37
14 36
14 38
15 36
15 38
13 37
16 37
13 36
13 38
16 36
16 38
14 35
14 39
15 35
15 39
12 37
13 35
13 39
16 35
16 39
17 37
12 36
12 38
17 36
17 38
14 34
14 40
15 34
15 40
12 35
12 39
17 35
17 39
13 34
13 40
16 34
16 40
11 37
18 37
11 36
11 38
18 36
18 38
12 34
12 40
17 34
17 40
11 35
11 39
14 33
14 41
15 33
15 41
18 35
18 39
13 33
13 41
16 33
16 41
10 37
10 36
10 38
11 34
11 40
18 34
18 40
12 33
12 41
17 33
17 41
10 35
10 39
14 32
14 42
15 32
15 42
13 32
13 42
16 32
16 42
11 33
11 41
18 33
18 41
10 34
10 40
12 32
12 42
17 32
17 42
10 33
10 41
14 31
14 43
15 31
15 43
11 32
11 42
18 32
18 42
13 31
13 43
16 31
16 43
12 31
12 43
17 31
17 43
10 32
10 42
11 31
11 43
18 31
18 43
14 30
14 44
15 30
15 44
13 30
13 44
16 30
16 44
12 30
12 44
17 30
17 44
10 31
10 43
11 30
11 44
18 30
18 44
14 29
15 29
13 29
16 29
10 30
10 44
12 29
17 29
11 29
18 29
10 29
0
Yes
1 25
1 26
1 27
1 28
2 25
2 26
2 27
2 28
3 25
3 26
3 27
3 28
4 25
4 26
4 27
4 28
5 25
5 26
5 27
5 28
0
Yes
19 47
18 47
18 46
19 46
18 45
19 45
20 45
20 46
20 47
20 48
19 48
18 48
21 47
21 46
21 48
21 45
19 49
20 49
21 49
18 49
22 46
22 47
22 48
22 45
22 49
21 44
20 44
19 44
22 44
23 47
23 46
23 48
23 45
23 49
0
No
0
No
0
Yes
7 41
7 42
6 41
6 42
8 41
8 42
7 40
7 43
6 40
6 43
8 40
8 43
5 41
5 42
9 41
9 42
5 40
5 43
7 39
7 44
9 40
9 43
6 39
6 44
8 39
8 44
4 41
4 42
5 39
5 44
9 39
9 44
4 40
4 43
7 38
6 38
8 38
4 39
4 44
5 38
9 38
0
No
0
Yes
47 47
46 47
46 46
47 46
46 45
47 45
48 45
48 46
48 47
45 45
45 46
45 47
48 48
47 48
46 48
45 48
49 47
49 46
49 48
49 45
48 44
47 44
46 44
45 44
49 44
44 47
44 46
44 45
44 48
44 44
47 49
46 49
45 49
44 49
48 49
49 49
47 43
46 43
45 43
44 43
48 43
49 43
43 46
43 47
43 45
43 48
43 44
43 49
43 43
42 47
42 46
42 45
42 48
42 44
42 49
42 43
41 46
41 47
41 45
41 48
41 44
41 49
41 43
40 47
40 46
40 45
40 44
40 43
40 48
40 49
41 42
40 42
42 42
43 42
0
Yes
7 34
7 35
6 34
6 35
8 34
8 35
7 33
7 36
6 33
6 36
8 33
8 36
5 34
5 35
9 34
9 35
5 33
5 36
7 32
7 37
9 33
9 36
6 32
6 37
8 32
8 37
4 34
4 35
5 32
5 37
9 32
9 37
4 33
4 36
7 31
6 31
8 31
4 32
4 37
5 31
9 31
0
No
0
No
0
Yes
14 45
14 46
14 47
14 48
14 49
15 45
15 46
15 47
15 48
15 49
16 45
16 46
16 47
16 48
16 49
17 45
17 46
17 47
17 48
17 49
0
Yes
0 12
0 13
0 14
0 15
0 16
0 17
0 18
0 19
0 20
0 21
0 22
0 23
0 24
0 25
1 12
1 13
1 14
1 15
1 16
1 17
1 18
1 19
1 20
1 21
1 22
1 23
1 24
1 25
2 12
2 13
2 14
2 15
2 16
2 17
2 18
2 19
2 20
2 21
2 22
2 23
2 24
2 25
3 12
3 13
3 14
3 15
3 16
3 17
3 18
3 19
3 20
3 21
3 22
3 23
3 24
3 25
4 12
4 13
4 14
4 15
4 16
4 17
4 18
4 19
4 20
4 21
4 22
4 23
4 24
4 25
5 12
5 13
5 14
5 15
5 16
5 17
5 18
5 19
5 20
5 21
5 22
5 23
5 24
5 25
6 12
6 13
6 14
6 15
6 16
6 17
6 18
6 19
6 20
6 21
6 22
6 23
6 24
6 25
7 12
7 13
7 14
7 15
7 16
7 17
7 18
7 19
7 20
7 21
7 22
7 23
7 24
7 25
8 12
8 13
8 14
8 15
8 16
8 17
8 18
8 19
8 20
8 21
8 22
8 23
8 24
8 25
9 12
9 13
9 14
9 15
9 16
9 17
9 18
9 19
9 20
9 21
0
Yes
21 34
20 34
20 33
20 35
21 35
19 35
19 34
19 33
19 36
20 36
0
No
0
Yes
11 45
11 46
11 47
11 48
11 49
12 45
12 46
12 47
12 48
12 49
13 45
13 46
13 47
13 48
13 49
0
No
0
No
0
No
0
No
0
No
0
Yes
5 46
6 46
5 45
5 47
6 45
6 47
4 46
7 46
4 45
4 47
7 45
7 47
5 44
5 48
6 44
6 48
3 46
4 44
4 48
7 44
7 48
8 46
3 45
3 47
8 45
8 47
5 43
5 49
6 43
6 49
3 44
3 48
8 44
8 48
4 43
4 49
7 43
7 49
2 46
9 46
2 45
2 47
9 45
9 47
3 43
3 49
8 43
8 49
2 44
2 48
5 42
6 42
9 44
9 48
4 42
7 42
1 46
10 46
1 45
1 47
2 43
2 49
9 43
9 49
10 45
10 47
3 42
8 42
1 44
1 48
10 48
2 42
9 42
1 43
1 49
10 49
0 46
0 45
0 47
0 44
0 48
1 42
0 43
0 49
0 42
0
Yes
0 0
0 1
0 2
0 3
0 4
0 5
0 6
0 7
0 8
0 9
1 0
1 1
1 2
1 3
1 4
1 5
1 6
1 7
1 8
1 9
2 0
2 1
2 2
2 3
2 4
2 5
2 6
2 7
2 8
2 9
3 0
3 1
3 2
3 3
3 4
3 5
3 6
3 7
3 8
3 9
4 0
4 1
4 2
4 3
4 4
4 5
4 6
4 7
4 8
4 9
5 0
5 1
5 2
5 3
5 4
5 5
5 6
5 7
5 8
5 9
6 0
6 1
6 2
6 3
6 4
6 5
6 6
6 7
6 8
6 9
7 0
7 1
7 2
7 3
7 4
7 5
7 6
7 7
7 8
7 9
8 0
8 1
8 2
8 3
8 4
8 5
8 6
8 7
8 8
8 9
9 0
9 1
9 2
9 3
9 4
9 5
9 6
9 7
0
Yes
16 24
16 25
15 24
15 25
17 24
17 25
16 23
16 26
15 23
15 26
17 23
17 26
14 24
14 25
18 24
18 25
14 23
14 26
16 22
16 27
18 23
18 26
15 22
15 27
17 22
17 27
13 24
13 25
19 24
19 25
14 22
14 27
18 22
18 27
13 23
13 26
19 23
19 26
16 21
16 28
15 21
15 28
17 21
17 28
13 22
13 27
19 22
19 27
12 24
12 25
14 21
14 28
18 21
18 28
20 24
20 25
12 23
12 26
20 23
20 26
16 20
13 21
13 28
15 20
17 20
19 21
19 28
12 22
12 27
20 22
20 27
14 20
18 20
11 24
11 25
21 24
21 25
11 23
11 26
21 23
21 26
12 21
12 28
20 21
20 28
13 20
19 20
11 22
11 27
21 22
21 27
10 24
10 25
12 20
20 20
22 24
22 25
11 21
11 28
21 21
21 28
10 23
10 26
22 23
22 26
10 22
10 27
22 22
22 27
11 20
21 20
10 21
10 28
22 21
22 28
9 24
9 25
9 23
9 26
9 22
9 27
10 20
0
No
0
Yes
0 10
0 11
0 12
0 13
0 14
0 15
1 10
1 11
1 12
1 13
1 14
1 15
2 10
2 11
2 12
2 13
2 14
2 15
3 10
3 11
3 12
3 13
3 14
3 15
4 10
4 11
4 12
4 13
4 14
4 15
5 10
5 11
5 12
5 13
5 14
5 15
0
No
0
Yes
48 38
49 38
48 37
48 39
49 37
49 39
47 38
47 37
47 39
48 36
48 40
49 36
49 40
47 36
47 40
48 35
49 35
0
Yes
0 19
0 20
0 21
0 22
0 23
0 24
0 25
0 26
0 27
0 28
0 29
0 30
1 19
1 20
1 21
1 22
1 23
1 24
1 25
1 26
1 27
1 28
1 29
1 30
2 19
2 20
2 21
2 22
2 23
2 24
2 25
2 26
2 27
2 28
2 29
2 30
3 19
3 20
3 21
3 22
3 23
3 24
3 25
3 26
3 27
3 28
3 29
3 30
4 19
4 20
4 21
4 22
4 23
4 24
4 25
4 26
4 27
4 28
4 29
4 30
5 19
5 20
5 21
5 22
5 23
5 24
5 25
5 26
5 27
5 28
5 29
5 30
6 19
6 20
6 21
6 22
6 23
6 24
6 25
6 26
6 27
6 28
6 29
6 30
7 19
7 20
7 21
7 22
7 23
7 24
7 25
7 26
7 27
7 28
7 29
7 30
8 19
8 20
8 21
8 22
8 23
8 24
8 25
8 26
8 27
8 28
8 29
0
Yes
11 14
10 14
10 13
11 13
10 12
11 12
12 12
12 13
12 14
9 12
9 13
9 14
12 15
11 15
10 15
9 15
13 14
13 13
13 15
13 12
12 11
11 11
10 11
9 11
13 11
8 14
8 13
8 12
8 15
8 11
11 16
10 16
12 16
9 16
13 16
8 16
14 13
14 14
14 15
14 12
14 16
14 11
11 10
10 10
12 10
9 10
13 10
8 10
14 10
7 13
7 14
7 12
7 15
7 11
7 16
7 10
10 17
11 17
12 17
9 17
13 17
8 17
14 17
7 17
15 14
15 13
15 15
15 12
15 16
15 11
15 17
15 10
10 9
11 9
12 9
13 9
9 9
14 9
15 9
6 14
6 13
6 15
6 12
6 16
6 17
6 11
6 10
11 18
10 18
12 18
9 18
13 18
8 18
14 18
7 18
15 18
6 18
16 13
16 14
16 15
16 12
16 16
16 11
16 17
16 10
16 18
16 9
11 8
12 8
13 8
14 8
10 8
15 8
16 8
9 8
5 16
5 17
5 18
10 19
11 19
12 19
13 19
14 19
15 19
16 19
9 19
17 14
17 13
17 15
17 12
17 16
17 11
17 17
17 10
17 18
17 9
17 19
17 8
10 7
11 7
12 7
13 7
14 7
15 7
0
Yes
14 47
14 48
15 47
15 48
13 47
13 48
14 46
14 49
15 46
15 49
16 47
16 48
13 46
13 49
16 46
16 49
12 47
12 48
14 45
15 45
17 47
17 48
12 46
12 49
13 45
16 45
17 46
17 49
11 47
11 48
12 45
17 45
11 46
11 49
11 45
0
Yes
2 33
1 33
2 32
2 34
3 33
1 32
1 34
3 32
3 34
0 33
2 31
0 32
0 34
1 31
3 31
0 31
0
Yes
13 42
14 42
13 41
13 43
14 41
14 43
12 42
15 42
12 41
12 43
15 41
15 43
13 40
13 44
14 40
14 44
11 42
12 40
12 44
15 40
15 44
16 42
11 41
11 43
16 41
16 43
13 39
14 39
11 40
11 44
16 40
16 44
12 39
15 39
10 42
10 41
10 43
11 39
16 39
10 40
10 44
0
Yes
25 26
25 27
26 26
26 27
27 26
27 27
28 26
0
No
0
No
0
No
0
Yes
14 29
13 29
13 30
14 30
13 31
14 31
15 31
15 30
15 29
12 31
12 30
12 29
16 29
16 30
16 31
15 32
14 32
13 32
12 32
16 32
11 29
11 30
11 31
11 32
17 30
17 31
17 29
17 32
14 33
13 33
15 33
12 33
16 33
11 33
17 33
10 30
10 31
10 32
10 29
10 33
18 29
18 30
18 31
18 32
18 33
13 34
14 34
15 34
12 34
16 34
11 34
17 34
10 34
18 34
9 29
9 30
9 31
9 32
9 33
9 34
14 35
13 35
15 35
12 35
16 35
11 35
17 35
10 35
18 35
9 35
8 35
8 34
8 33
8 32
8 31
8 30
13 36
14 36
15 36
12 36
16 36
11 36
10 36
17 36
9 36
18 36
8 36
7 36
7 35
7 34
7 33
7 32
7 31
14 37
13 37
15 37
12 37
16 37
11 37
10 37
9 37
0
No
0
Yes
10 0
10 1
10 2
10 3
10 4
10 5
10 6
10 7
10 8
10 9
11 0
11 1
11 2
11 3
11 4
11 5
11 6
11 7
11 8
11 9
12 0
12 1
12 2
12 3
12 4
12 5
12 6
12 7
12 8
12 9
13 0
13 1
13 2
13 3
13 4
13 5
13 6
13 7
13 8
13 9
14 0
14 1
14 2
14 3
14 4
14 5
14 6
14 7
14 8
14 9
15 0
15 1
15 2
15 3
15 4
15 5
15 6
15 7
15 8
15 9
16 0
16 1
16 2
16 3
16 4
16 5
16 6
16 7
16 8
16 9
17 0
17 1
17 2
17 3
17 4
17 5
17 6
17 7
17 8
17 9
18 0
18 1
18 2
18 3
18 4
18 5
18 6
18 7
18 8
18 9
19 0
19 1
19 2
19 3
19 4
19 5
19 6
19 7
19 8
19 9
20 0
20 1
20 2
20 3
20 4
20 5
20 6
20 7
20 8
20 9
21 0
21 1
21 2
21 3
21 4
21 5
21 6
21 7
21 8
21 9
22 0
22 1
22 2
22 3
22 4
22 5
22 6
0
Yes
0 38
0 39
0 40
0 41
0 42
0 43
0 44
0 45
0 46
0 47
0 48
0 49
1 38
1 39
1 40
1 41
1 42
1 43
1 44
1 45
1 46
1 47
1 48
1 49
2 38
2 39
2 40
2 41
2 42
2 43
2 44
2 45
2 46
2 47
2 48
2 49
3 38
3 39
3 40
3 41
3 42
3 43
3 44
3 45
3 46
3 47
3 48
3 49
4 38
4 39
4 40
4 41
4 42
4 43
4 44
4 45
4 46
4 47
4 48
4 49
5 38
5 39
5 40
5 41
5 42
5 43
5 44
5 45
5 46
5 47
5 48
5 49
6 38
6 39
6 40
6 41
6 42
6 43
6 44
6 45
6 46
6 47
6 48
6 49
7 38
7 39
7 40
7 41
7 42
7 43
7 44
7 45
7 46
7 47
7 48
7 49
8 38
8 39
8 40
8 41
8 42
8 43
8 44
8 45
8 46
8 47
8 48
8 49
9 38
9 39
9 40
9 41
9 42
0
Yes
46 30
47 30
46 29
47 29
45 30
0
No
0
Yes
45 47
45 48
44 47
44 48
46 47
46 48
45 46
45 49
44 46
44 49
46 46
46 49
43 47
43 48
47 47
47 48
43 46
43 49
45 45
47 46
47 49
44 45
46 45
42 47
42 48
48 47
48 48
43 45
47 45
42 46
42 49
48 46
48 49
42 45
48 45
41 47
41 48
49 47
49 48
41 46
41 49
49 46
49 49
41 45
49 45
40 47
40 48
40 46
40 49
40 45
0
Yes
0 41
0 42
0 43
0 44
0 45
0 46
0 47
0 48
0 49
1 41
1 42
1 43
1 44
1 45
1 46
1 47
1 48
1 49
2 41
2 42
2 43
2 44
2 45
2 46
2 47
2 48
2 49
3 41
3 42
3 43
3 44
3 45
3 46
3 47
3 48
3 49
4 41
4 42
4 43
4 44
4 45
4 46
4 47
4 48
4 49
5 41
5 42
5 43
5 44
5 45
5 46
5 47
5 48
5 49
6 41
6 42
6 43
6 44
6 45
6 46
6 47
6 48
6 49
7 41
7 42
0
Yes
10 0
10 1
10 2
10 3
10 4
10 5
10 6
10 7
10 8
10 9
11 0
11 1
11 2
11 3
11 4
11 5
11 6
11 7
11 8
11 9
12 0
12 1
12 2
12 3
12 4
12 5
12 6
12 7
12 8
12 9
13 0
13 1
13 2
13 3
13 4
13 5
13 6
13 7
13 8
13 9
14 0
14 1
14 2
14 3
14 4
14 5
14 6
14 7
14 8
14 9
15 0
15 1
15 2
15 3
15 4
15 5
15 6
15 7
15 8
15 9
16 0
16 1
16 2
16 3
16 4
16 5
16 6
16 7
16 8
16 9
17 0
17 1
17 2
17 3
17 4
17 5
17 6
17 7
17 8
17 9
18 0
18 1
18 2
18 3
18 4
18 5
18 6
18 7
18 8
18 9
19 0
19 1
19 2
19 3
19 4
19 5
19 6
19 7
19 8
19 9
20 0
20 1
20 2
20 3
20 4
20 5
20 6
20 7
20 8
20 9
21 0
21 1
21 2
21 3
21 4
21 5
21 6
21 7
21 8
21 9
0
Yes
21 45
20 45
21 44
21 46
22 45
20 44
20 46
22 44
22 46
19 45
21 43
21 47
23 45
19 44
19 46
20 43
20 47
22 43
22 47
23 44
23 46
19 43
19 47
23 43
23 47
18 45
21 42
21 48
18 44
18 46
20 42
20 48
22 42
22 48
18 43
18 47
19 42
19 48
23 42
23 48
21 41
21 49
20 41
20 49
22 41
22 49
18 42
18 48
19 41
19 49
23 41
23 49
18 41
18 49
21 40
20 40
22 40
19 40
0
Yes
22 0
22 1
22 2
22 3
22 4
22 5
23 0
23 1
23 2
23 3
23 4
23 5
24 0
24 1
24 2
24 3
24 4
24 5
25 0
25 1
25 2
25 3
25 4
25 5
26 0
26 1
26 2
26 3
26 4
26 5
27 0
27 1
27 2
0
Yes
44 38
44 37
45 37
45 38
46 37
46 38
45 39
46 39
45 40
46 40
0
Yes
26 26
26 27
27 26
27 27
28 26
0
Yes
4 25
5 25
4 24
4 26
5 24
5 26
3 25
6 25
3 24
3 26
6 24
6 26
4 23
4 27
5 23
5 27
2 25
3 23
3 27
6 23
6 27
7 25
2 24
2 26
7 24
7 26
4 22
4 28
5 22
5 28
2 23
2 27
7 23
7 27
3 22
3 28
6 22
6 28
1 25
8 25
1 24
1 26
8 24
8 26
2 22
2 28
7 22
7 28
1 23
1 27
4 21
4 29
5 21
5 29
8 23
8 27
3 21
3 29
6 21
6 29
0 25
0 24
0 26
1 22
1 28
8 22
8 28
2 21
2 29
7 21
7 29
0 23
0 27
4 20
4 30
5 20
5 30
3 20
3 30
6 20
6 30
1 21
1 29
8 21
8 29
0 22
0 28
2 20
2 30
7 20
7 30
0 21
0 29
4 19
4 31
5 19
5 31
1 20
1 30
8 20
8 30
3 19
6 19
6 31
2 19
7 19
7 31
0 20
0 30
1 19
8 19
8 31
4 18
5 18
3 18
6 18
2 18
7 18
0 19
1 18
8 18
0 18
0
Yes
22 35
22 36
21 36
23 36
23 35
23 37
22 37
21 37
24 37
24 36
24 35
22 38
23 38
21 38
24 38
25 35
25 36
25 37
25 38
21 39
22 39
23 39
24 39
25 39
20 39
20 38
20 37
22 40
23 40
21 40
24 40
20 40
25 40
19 37
19 38
19 39
19 40
21 41
22 41
23 41
20 41
24 41
19 41
25 41
18 38
18 39
18 40
18 37
18 41
22 42
21 42
20 42
23 42
19 42
18 42
24 42
17 37
17 38
17 39
17 40
17 41
17 42
21 43
20 43
19 43
22 43
23 43
18 43
17 43
22 44
21 44
20 44
19 44
18 44
23 44
17 44
21 45
20 45
22 45
19 45
18 45
23 45
22 46
21 46
20 46
19 46
23 46
18 46
21 47
20 47
22 47
19 47
23 47
18 47
16 37
16 38
16 36
17 36
18 36
18 35
17 35
16 35
17 34
18 34
16 34
15 35
15 36
15 37
15 34
15 38
15 33
16 33
17 33
18 33
14 34
0
Yes
40 41
40 42
41 42
41 41
41 43
40 43
41 44
40 44
42 44
42 43
42 42
43 42
43 43
0
No
0
Yes
25 21
25 22
25 23
25 24
26 21
26 22
26 23
26 24
27 21
27 22
27 23
27 24
28 21
0
Yes
46 44
45 44
45 43
46 43
45 42
46 42
47 42
47 43
47 44
48 44
48 43
48 42
47 41
48 41
46 41
45 41
49 43
49 42
49 44
49 41
44 43
0
Yes
0 0
0 1
0 2
0 3
0 4
0 5
0 6
0 7
0 8
0 9
0 10
0 11
1 0
1 1
1 2
1 3
1 4
1 5
1 6
1 7
1 8
1 9
1 10
1 11
2 0
2 1
2 2
2 3
2 4
2 5
2 6
2 7
2 8
2 9
2 10
2 11
3 0
3 1
3 2
3 3
3 4
3 5
3 6
3 7
3 8
3 9
3 10
3 11
4 0
4 1
4 2
4 3
4 4
4 5
4 6
4 7
4 8
4 9
4 10
4 11
5 0
5 1
5 2
5 3
5 4
5 5
5 6
5 7
5 8
5 9
5 10
5 11
6 0
6 1
6 2
6 3
6 4
6 5
6 6
6 7
6 8
6 9
6 10
6 11
7 0
7 1
7 2
7 3
7 4
7 5
7 6
7 7
7 8
0
Yes
0 35
0 36
0 37
0 38
0 39
0 40
1 35
1 36
1 37
1 38
1 39
1 40
2 35
2 36
2 37
2 38
2 39
2 40
3 35
3 36
3 37
3 38
3 39
3 40
4 35
4 36
4 37
4 38
4 39
4 40
5 35
5 36
5 37
5 38
5 39
5 40
0
Yes
7 43
7 44
7 45
7 46
7 47
7 48
7 49
8 43
8 44
8 45
8 46
8 47
8 48
8 49
9 43
9 44
9 45
9 46
9 47
9 48
9 49
10 43
10 44
10 45
10 46
10 47
10 48
10 49
0
Yes
0 12
0 13
0 14
0 15
0 16
0 17
1 12
1 13
1 14
1 15
1 16
1 17
2 12
2 13
2 14
2 15
2 16
2 17
3 12
3 13
3 14
3 15
3 16
3 17
4 12
4 13
4 14
4 15
4 16
4 17
5 12
5 13
5 14
0
Yes
8 0
8 1
8 2
8 3
8 4
8 5
8 6
9 0
9 1
9 2
9 3
9 4
9 5
9 6
10 0
10 1
10 2
10 3
10 4
10 5
10 6
11 0
11 1
11 2
11 3
11 4
11 5
11 6
12 0
12 1
12 2
12 3
12 4
12 5
12 6
13 0
13 1
13 2
13 3
13 4
13 5
13 6
14 0
14 1
14 2
14 3
14 4
14 5
14 6
15 0
15 1
15 2
15 3
15 4
15 5
15 6
16 0
16 1
16 2
16 3
16 4
0
No
0
Yes
34 46
33 46
34 45
34 47
35 46
33 45
33 47
35 45
35 47
32 46
34 44
34 48
36 46
32 45
32 47
33 44
33 48
35 44
35 48
36 45
36 47
32 44
32 48
36 44
36 48
31 46
34 43
34 49
37 46
31 45
31 47
33 43
33 49
35 43
35 49
37 45
37 47
31 44
31 48
32 43
32 49
36 43
36 49
37 44
37 48
30 46
34 42
38 46
30 45
30 47
33 42
35 42
38 45
38 47
31 43
31 49
37 43
37 49
30 44
30 48
32 42
36 42
38 44
38 48
29 46
30 43
30 49
31 42
37 42
38 43
38 49
39 46
29 45
29 47
39 45
39 47
29 44
29 48
39 44
39 48
30 42
38 42
29 43
29 49
39 43
39 49
28 46
28 45
28 47
28 44
28 48
29 42
39 42
28 43
28 49
28 42
0
Yes
11 41
11 42
11 43
11 44
11 45
11 46
11 47
11 48
11 49
12 41
12 42
12 43
12 44
12 45
12 46
12 47
12 48
12 49
13 41
13 42
13 43
13 44
13 45
13 46
13 47
13 48
13 49
14 41
14 42
14 43
14 44
14 45
14 46
14 47
14 48
14 49
15 41
15 42
15 43
15 44
15 45
15 46
15 47
15 48
15 49
16 41
16 42
16 43
16 44
16 45
16 46
16 47
16 48
16 49
17 41
17 42
17 43
17 44
17 45
17 46
17 47
17 48
17 49
18 41
18 42
18 43
18 44
18 45
18 46
18 47
18 48
18 49
19 41
19 42
19 43
19 44
19 45
19 46
19 47
19 48
19 49
20 41
20 42
20 43
20 44
20 45
20 46
20 47
20 48
20 49
21 41
21 42
21 43
21 44
21 45
21 46
21 47
21 48
21 49
22 41
22 42
22 43
22 44
22 45
22 46
22 47
22 48
0
Yes
23 43
23 44
23 45
23 46
23 47
23 48
23 49
24 43
24 44
24 45
24 46
24 47
24 48
24 49
25 43
25 44
25 45
25 46
25 47
25 48
25 49
26 43
26 44
26 45
26 46
26 47
26 48
26 49
27 43
27 44
27 45
27 46
27 47
27 48
27 49
28 43
28 44
28 45
28 46
28 47
28 48
28 49
29 43
29 44
29 45
29 46
29 47
29 48
29 49
30 43
30 44
30 45
30 46
30 47
30 48
30 49
31 43
31 44
31 45
31 46
31 47
31 48
31 49
0
Yes
0 38
0 39
0 40
1 38
1 39
1 40
2 38
2 39
2 40
3 38
3 39
3 40
4 38
4 39
4 40
0
Yes
5 32
5 33
5 34
5 35
5 36
5 37
5 38
5 39
5 40
6 32
6 33
6 34
6 35
6 36
6 37
6 38
6 39
6 40
7 32
7 33
7 34
7 35
7 36
7 37
7 38
7 39
7 40
8 32
8 33
8 34
8 35
8 36
8 37
8 38
8 39
8 40
9 32
9 33
9 34
9 35
9 36
9 37
9 38
9 39
9 40
10 32
10 33
10 34
10 35
10 36
10 37
10 38
10 39
10 40
11 32
11 33
11 34
11 35
11 36
11 37
11 38
11 39
11 40
12 32
12 33
12 34
12 35
12 36
12 37
12 38
12 39
12 40
13 32
13 33
13 34
13 35
13 36
13 37
13 38
13 39
13 40
14 32
14 33
14 34
14 35
14 36
14 37
14 38
14 39
14 40
15 32
15 33
15 34
15 35
15 36
15 37
15 38
15 39
15 40
16 32
16 33
16 34
16 35
16 36
16 37
16 38
16 39
16 40
0
No
0
No
0
No
0
Yes
0 37
0 36
1 36
1 37
2 36
2 37
2 35
1 35
0 35
3 35
3 36
3 37
4 37
4 36
0
No
0
Yes
47 43
47 44
46 43
46 44
48 43
48 44
47 42
46 42
48 42
45 43
45 44
49 43
49 44
45 42
49 42
44 43
44 44
0
Yes
17 0
17 1
17 2
17 3
17 4
18 0
18 1
18 2
18 3
18 4
19 0
19 1
19 2
19 3
19 4
20 0
20 1
20 2
20 3
20 4
21 0
21 1
21 2
21 3
21 4
22 0
22 1
0
Yes
0 38
0 39
0 40
0 41
0 42
0 43
0 44
0 45
0 46
0 47
0 48
0 49
1 38
1 39
1 40
1 41
1 42
1 43
1 44
1 45
1 46
1 47
1 48
1 49
2 38
2 39
2 40
2 41
2 42
2 43
2 44
2 45
2 46
2 47
2 48
2 49
3 38
3 39
3 40
3 41
3 42
3 43
3 44
3 45
3 46
3 47
3 48
3 49
4 38
4 39
4 40
4 41
4 42
4 43
4 44
4 45
4 46
4 47
4 48
4 49
5 38
5 39
5 40
5 41
5 42
5 43
5 44
5 45
5 46
5 47
5 48
5 49
6 38
6 39
6 40
6 41
6 42
6 43
6 44
6 45
6 46
6 47
6 48
6 49
7 38
7 39
7 40
7 41
7 42
7 43
7 44
7 45
7 46
0
Yes
23 35
23 36
23 37
23 38
23 39
24 35
24 36
24 37
24 38
24 39
25 35
25 36
25 37
25 38
25 39
0
Yes
9 22
9 23
9 24
9 25
9 26
9 27
9 28
9 29
9 30
9 31
10 22
10 23
10 24
10 25
10 26
10 27
10 28
10 29
10 30
10 31
11 22
11 23
11 24
11 25
11 26
11 27
11 28
11 29
11 30
11 31
12 22
12 23
12 24
12 25
12 26
12 27
12 28
12 29
12 30
12 31
13 22
13 23
13 24
13 25
13 26
13 27
13 28
13 29
13 30
13 31
14 22
14 23
14 24
14 25
14 26
14 27
14 28
14 29
14 30
14 31
15 22
15 23
15 24
15 25
15 26
15 27
15 28
15 29
15 30
15 31
16 22
16 23
16 24
16 25
16 26
16 27
16 28
16 29
16 30
16 31
17 22
17 23
17 24
17 25
17 26
17 27
17 28
17 29
17 30
17 31
18 22
18 23
18 24
18 25
18 26
18 27
18 28
18 29
18 30
18 31
19 22
19 23
19 24
19 25
19 26
19 27
19 28
19 29
19 30
19 31
20 22
20 23
20 24
20 25
20 26
20 27
20 28
20 29
20 30
20 31
21 22
21 23
21 24
21 25
0
Yes
27 3
26 3
26 2
27 2
26 1
27 1
25 1
25 2
25 3
24 3
24 2
24 1
25 0
26 0
27 0
24 0
23 2
23 3
23 1
23 0
24 4
25 4
26 4
23 4
26 5
25 5
24 5
0
Yes
33 45
33 46
33 47
33 48
33 49
34 45
34 46
34 47
34 48
34 49
35 45
35 46
35 47
35 48
35 49
36 45
36 46
36 47
36 48
36 49
37 45
37 46
37 47
37 48
37 49
38 45
38 46
38 47
38 48
38 49
39 45
39 46
39 47
39 48
39 49
0
No
0
No
0
No
0
Yes
23 29
23 30
22 29
22 30
24 29
24 30
23 28
22 28
24 28
21 29
21 30
0
No
0
Yes
27 16
27 17
27 18
27 19
28 16
28 17
28 18
28 19
29 16
29 17
29 18
29 19
30 16
30 17
30 18
30 19
31 16
31 17
31 18
31 19
32 16
32 17
0
Yes
16 34
15 34
15 33
16 33
15 32
16 32
17 32
17 33
17 34
14 32
14 33
14 34
17 35
16 35
15 35
14 35
18 34
18 33
18 35
18 32
13 34
13 33
13 35
13 32
16 36
15 36
17 36
14 36
18 36
13 36
19 35
19 34
19 33
19 36
12 33
12 34
12 35
12 32
12 36
15 37
16 37
17 37
14 37
18 37
13 37
19 37
12 37
20 34
20 35
20 36
20 37
20 33
0
Yes
12 47
11 47
12 46
12 48
13 47
11 46
11 48
13 46
13 48
10 47
12 45
12 49
14 47
10 46
10 48
11 45
11 49
13 45
13 49
14 46
14 48
10 45
10 49
14 45
14 49
9 47
12 44
15 47
9 46
9 48
11 44
13 44
15 46
15 48
9 45
9 49
10 44
14 44
15 45
15 49
8 47
16 47
8 46
8 48
16 46
16 48
9 44
15 44
8 45
8 49
16 45
16 49
7 47
8 44
16 44
7 48
7 49
0
Yes
8 0
8 1
8 2
8 3
8 4
8 5
9 0
9 1
9 2
9 3
9 4
9 5
10 0
10 1
10 2
10 3
10 4
10 5
11 0
11 1
11 2
11 3
11 4
11 5
12 0
12 1
12 2
12 3
12 4
12 5
13 0
13 1
13 2
13 3
13 4
13 5
14 0
14 1
14 2
14 3
14 4
14 5
15 0
15 1
15 2
15 3
15 4
15 5
16 0
16 1
16 2
0
No
0
Yes
0 12
0 13
0 14
0 15
0 16
1 12
1 13
1 14
1 15
1 16
2 12
2 13
2 14
2 15
2 16
3 12
3 13
3 14
3 15
3 16
4 12
4 13
4 14
4 15
4 16
0
Yes
21 34
20 34
20 33
20 35
21 35
19 35
19 34
19 33
19 36
20 36
21 36
18 34
18 35
18 33
18 36
21 37
20 37
19 37
18 37
17 33
17 34
17 35
17 36
17 37
20 38
19 38
18 38
21 38
17 38
22 37
22 38
22 36
22 35
16 34
16 35
16 36
16 37
16 33
16 38
21 39
20 39
19 39
18 39
17 39
22 39
16 39
15 33
15 34
15 35
15 36
15 37
15 38
0
Yes
17 44
17 45
17 46
17 47
17 48
17 49
18 44
18 45
18 46
18 47
18 48
18 49
19 44
19 45
19 46
19 47
19 48
19 49
20 44
20 45
20 46
20 47
20 48
20 49
21 44
21 45
0
No
0
Yes
0 17
0 18
0 19
0 20
0 21
0 22
0 23
0 24
0 25
0 26
0 27
1 17
1 18
1 19
1 20
1 21
1 22
1 23
1 24
1 25
1 26
1 27
2 17
2 18
2 19
2 20
2 21
2 22
2 23
2 24
2 25
2 26
2 27
3 17
3 18
3 19
3 20
3 21
3 22
3 23
3 24
3 25
3 26
3 27
4 17
4 18
4 19
4 20
4 21
4 22
4 23
4 24
4 25
4 26
4 27
5 17
5 18
5 19
5 20
5 21
5 22
5 23
5 24
5 25
5 26
5 27
6 17
6 18
6 19
6 20
6 21
6 22
6 23
0
No
0
Yes
20 4
19 4
20 3
20 5
21 4
19 3
19 5
21 3
21 5
18 4
20 2
20 6
22 4
18 3
18 5
19 2
19 6
21 2
21 6
22 3
22 5
18 2
18 6
22 2
22 6
17 4
20 1
20 7
17 3
17 5
19 1
19 7
21 1
21 7
17 2
17 6
18 1
18 7
22 1
22 7
20 0
19 0
21 0
17 1
17 7
18 0
22 0
17 0
0
Yes
27 46
28 46
27 45
27 47
28 45
28 47
26 46
29 46
26 45
26 47
29 45
29 47
27 44
27 48
28 44
28 48
25 46
26 44
26 48
29 44
29 48
30 46
25 45
25 47
30 45
30 47
27 43
27 49
28 43
28 49
25 44
25 48
30 44
30 48
26 43
26 49
29 43
29 49
24 46
31 46
24 45
24 47
31 45
31 47
25 43
25 49
30 43
30 49
24 44
24 48
27 42
28 42
31 44
31 48
26 42
29 42
23 46
32 46
23 45
23 47
24 43
24 49
31 43
31 49
32 45
32 47
25 42
30 42
23 44
23 48
32 44
32 48
24 42
31 42
23 43
23 49
32 43
32 49
22 46
22 45
22 47
22 44
22 48
23 42
32 42
22 43
22 49
22 42
0
No
0
No
0
Yes
37 41
36 41
36 40
36 42
37 42
35 42
35 41
35 40
35 43
36 43
37 43
34 41
34 42
34 40
34 43
37 44
36 44
35 44
34 44
34 39
35 39
36 39
33 40
33 41
33 42
33 39
33 43
33 44
38 44
38 43
38 42
32 39
32 40
32 41
39 42
39 43
39 44
0
Yes
8 38
8 39
8 40
8 41
8 42
8 43
9 38
9 39
9 40
9 41
9 42
9 43
10 38
10 39
10 40
10 41
10 42
10 43
11 38
11 39
11 40
11 41
11 42
11 43
12 38
12 39
12 40
12 41
12 42
12 43
13 38
13 39
0
No
0
Yes
17 0
17 1
17 2
17 3
17 4
17 5
17 6
17 7
17 8
18 0
18 1
18 2
18 3
18 4
18 5
18 6
18 7
18 8
19 0
19 1
19 2
19 3
19 4
19 5
19 6
19 7
19 8
20 0
20 1
20 2
20 3
20 4
20 5
20 6
20 7
20 8
21 0
21 1
21 2
21 3
21 4
21 5
21 6
21 7
21 8
22 0
22 1
22 2
22 3
22 4
22 5
22 6
22 7
22 8
23 0
23 1
23 2
23 3
23 4
23 5
23 6
23 7
23 8
24 0
24 1
24 2
24 3
24 4
24 5
24 6
24 7
24 8
25 0
25 1
25 2
25 3
25 4
25 5
25 6
25 7
25 8
26 0
26 1
26 2
26 3
26 4
26 5
26 6
26 7
26 8
27 0
27 1
27 2
0
No
0
No
0
No
0
No
0
Yes
23 42
23 43
22 42
22 43
24 42
24 43
23 41
23 44
22 41
22 44
24 41
24 44
21 42
21 43
25 42
25 43
21 41
23 40
25 41
25 44
22 40
24 40
20 42
20 43
26 42
26 43
21 40
25 40
20 41
26 41
26 44
20 40
26 40
19 42
19 43
19 41
19 40
0
No
0
Yes
30 46
30 47
29 46
29 47
31 46
31 47
30 45
30 48
29 45
29 48
31 45
31 48
28 46
28 47
32 46
32 47
28 45
28 48
30 44
30 49
32 45
32 48
29 44
29 49
31 44
31 49
27 46
27 47
28 44
28 49
32 44
32 49
27 45
27 48
30 43
29 43
31 43
27 44
27 49
28 43
32 43
27 43
0
Yes
8 0
8 1
8 2
8 3
8 4
8 5
9 0
9 1
9 2
9 3
9 4
9 5
10 0
10 1
10 2
10 3
10 4
10 5
11 0
11 1
11 2
11 3
11 4
11 5
12 0
12 1
12 2
12 3
12 4
12 5
13 0
13 1
13 2
13 3
13 4
13 5
14 0
14 1
14 2
14 3
14 4
14 5
0
Yes
10 35
11 35
10 34
10 36
11 34
11 36
9 35
12 35
9 34
9 36
12 34
12 36
10 33
10 37
11 33
11 37
8 35
9 33
9 37
12 33
12 37
13 35
8 34
8 36
13 34
13 36
10 32
11 32
8 33
8 37
13 33
13 37
9 32
12 32
7 35
14 35
7 34
7 36
14 34
14 36
8 32
13 32
7 33
7 37
14 33
14 37
6 35
6 34
6 36
7 32
14 32
6 33
6 37
0
Yes
33 15
33 16
33 17
33 18
34 15
34 16
34 17
34 18
0
Yes
0 35
0 36
0 37
1 35
1 36
1 37
2 35
2 36
2 37
3 35
3 36
3 37
4 35
4 36
4 37
5 35
5 36
5 37
0
Yes
49 28
48 28
49 27
49 29
48 27
48 29
49 26
0
No
0
Yes
15 0
15 1
15 2
15 3
15 4
15 5
15 6
15 7
15 8
15 9
15 10
15 11
16 0
16 1
16 2
16 3
16 4
16 5
16 6
16 7
16 8
16 9
16 10
16 11
17 0
17 1
17 2
17 3
17 4
17 5
17 6
17 7
17 8
17 9
17 10
17 11
18 0
18 1
18 2
18 3
18 4
18 5
18 6
18 7
18 8
18 9
18 10
18 11
19 0
19 1
19 2
19 3
19 4
19 5
19 6
19 7
19 8
19 9
19 10
19 11
20 0
20 1
20 2
20 3
20 4
20 5
20 6
20 7
20 8
20 9
20 10
20 11
21 0
21 1
21 2
21 3
21 4
21 5
21 6
21 7
21 8
21 9
21 10
21 11
22 0
22 1
22 2
22 3
22 4
22 5
22 6
22 7
22 8
22 9
22 10
22 11
23 0
23 1
23 2
23 3
23 4
23 5
23 6
23 7
23 8
23 9
23 10
23 11
24 0
24 1
24 2
24 3
24 4
24 5
24 6
24 7
24 8
24 9
24 10
24 11
25 0
25 1
25 2
25 3
25 4
25 5
25 6
25 7
25 8
25 9
25 10
25 11
26 0
26 1
26 2
26 3
26 4
26 5
26 6
26 7
26 8
26 9
26 10
26 11
27 0
27 1
27 2
27 3
0
No
0
No
0
Yes
46 30
47 30
46 29
47 29
45 30
45 29
0
Yes
13 40
13 41
14 41
14 40
15 41
15 40
15 42
14 42
13 42
13 43
14 43
15 43
16 42
16 41
16 40
16 43
16 39
15 39
14 39
17 40
17 41
17 42
17 39
17 43
14 38
15 38
16 38
17 38
0
No
0
No
0
Yes
46 47
46 48
45 47
45 48
47 47
47 48
46 46
46 49
45 46
45 49
47 46
47 49
44 47
44 48
48 47
48 48
44 46
44 49
46 45
48 46
48 49
45 45
47 45
43 47
43 48
49 47
49 48
44 45
48 45
43 46
43 49
49 46
49 49
43 45
49 45
42 47
42 48
42 46
0
Yes
0 44
0 45
0 46
0 47
0 48
0 49
1 44
1 45
1 46
1 47
1 48
1 49
2 44
2 45
2 46
2 47
2 48
2 49
0
Yes
10 6
10 7
10 8
11 6
11 7
11 8
12 6
12 7
12 8
13 6
13 7
13 8
14 6
14 7
14 8
0
Yes
0 0
0 1
0 2
0 3
0 4
0 5
0 6
0 7
1 0
1 1
1 2
1 3
1 4
1 5
1 6
1 7
2 0
2 1
2 2
2 3
2 4
2 5
2 6
2 7
3 0
3 1
3 2
3 3
3 4
3 5
3 6
3 7
4 0
4 1
4 2
4 3
4 4
4 5
4 6
4 7
5 0
5 1
5 2
5 3
5 4
5 5
5 6
5 7
6 0
6 1
6 2
6 3
6 4
6 5
6 6
6 7
7 0
7 1
7 2
0
Yes
0 32
0 33
0 34
0 35
0 36
0 37
0 38
0 39
0 40
0 41
0 42
0 43
1 32
1 33
1 34
1 35
1 36
1 37
1 38
1 39
1 40
1 41
1 42
1 43
2 32
2 33
2 34
2 35
2 36
2 37
2 38
2 39
2 40
2 41
2 42
2 43
3 32
3 33
3 34
3 35
3 36
3 37
3 38
3 39
3 40
3 41
3 42
3 43
4 32
4 33
4 34
4 35
4 36
4 37
4 38
4 39
4 40
4 41
4 42
4 43
5 32
5 33
5 34
5 35
5 36
5 37
5 38
5 39
5 40
5 41
5 42
5 43
6 32
6 33
6 34
6 35
6 36
6 37
6 38
6 39
6 40
6 41
6 42
6 43
7 32
7 33
7 34
7 35
7 36
7 37
7 38
7 39
7 40
7 41
7 42
7 43
8 32
8 33
8 34
8 35
8 36
8 37
8 38
8 39
8 40
8 41
8 42
8 43
9 32
9 33
9 34
9 35
9 36
9 37
9 38
9 39
9 40
9 41
9 42
9 43
10 32
10 33
10 34
10 35
10 36
10 37
10 38
10 39
10 40
10 41
10 42
0
Yes
26 26
26 27
27 26
27 27
28 26
0
Yes
0 8
0 9
0 10
0 11
0 12
0 13
1 8
1 9
1 10
1 11
1 12
1 13
2 8
2 9
2 10
2 11
2 12
2 13
0
Yes
0 20
0 21
0 22
0 23
0 24
0 25
0 26
0 27
0 28
0 29
0 30
0 31
1 20
1 21
1 22
1 23
1 24
1 25
1 26
1 27
1 28
1 29
1 30
1 31
2 20
2 21
2 22
2 23
2 24
2 25
2 26
2 27
2 28
2 29
2 30
2 31
3 20
3 21
3 22
3 23
3 24
3 25
3 26
3 27
3 28
3 29
3 30
3 31
4 20
4 21
4 22
4 23
4 24
4 25
4 26
4 27
4 28
4 29
4 30
4 31
5 20
5 21
5 22
5 23
5 24
5 25
5 26
5 27
5 28
5 29
5 30
5 31
6 20
6 21
6 22
6 23
6 24
6 25
6 26
6 27
6 28
6 29
6 30
6 31
7 20
7 21
7 22
7 23
7 24
7 25
7 26
7 27
7 28
7 29
7 30
7 31
8 20
8 21
8 22
8 23
8 24
8 25
8 26
8 27
8 28
8 29
8 30
8 31
0
Yes
46 30
45 30
46 29
47 30
45 29
47 29
44 29
0
Yes
3 9
3 10
3 11
3 12
3 13
3 14
3 15
3 16
3 17
3 18
3 19
4 9
4 10
4 11
4 12
4 13
4 14
4 15
4 16
4 17
4 18
4 19
5 9
5 10
5 11
5 12
5 13
5 14
5 15
5 16
5 17
5 18
5 19
6 9
6 10
6 11
6 12
6 13
6 14
6 15
6 16
6 17
6 18
6 19
7 9
7 10
7 11
7 12
7 13
7 14
7 15
7 16
7 17
7 18
7 19
8 9
8 10
8 11
8 12
8 13
8 14
8 15
8 16
8 17
8 18
8 19
9 9
9 10
9 11
9 12
9 13
9 14
9 15
9 16
9 17
9 18
9 19
10 9
10 10
10 11
10 12
10 13
10 14
10 15
10 16
10 17
10 18
10 19
11 9
11 10
11 11
11 12
11 13
11 14
11 15
11 16
11 17
11 18
11 19
12 9
12 10
12 11
12 12
12 13
12 14
12 15
12 16
12 17
12 18
12 19
13 9
13 10
13 11
13 12
13 13
13 14
13 15
13 16
13 17
13 18
13 19
14 9
14 10
14 11
14 12
14 13
14 14
14 15
14 16
14 17
14 18
14 19
0
Yes
15 12
15 13
15 14
15 15
15 16
15 17
15 18
15 19
15 20
15 21
15 22
16 12
16 13
16 14
16 15
16 16
16 17
16 18
16 19
16 20
16 21
16 22
17 12
17 13
17 14
17 15
17 16
17 17
17 18
17 19
17 20
17 21
17 22
18 12
18 13
18 14
18 15
18 16
18 17
18 18
18 19
18 20
18 21
18 22
19 12
19 13
19 14
19 15
19 16
19 17
19 18
19 19
19 20
19 21
19 22
20 12
20 13
20 14
20 15
20 16
20 17
20 18
20 19
20 20
20 21
20 22
21 12
21 13
21 14
21 15
21 16
21 17
21 18
21 19
21 20
21 21
21 22
22 12
22 13
22 14
22 15
22 16
22 17
22 18
22 19
22 20
22 21
22 22
23 12
23 13
23 14
23 15
23 16
23 17
23 18
23 19
23 20
23 21
23 22
24 12
24 13
24 14
24 15
24 16
24 17
24 18
24 19
24 20
24 21
24 22
25 12
25 13
25 14
25 15
25 16
25 17
25 18
25 19
25 20
25 21
25 22
26 12
26 13
26 14
26 15
26 16
26 17
26 18
26 19
26 20
26 21
26 22
27 12
27 13
0
Yes
15 27
15 28
14 27
14 28
16 27
16 28
15 26
15 29
14 26
14 29
16 26
16 29
13 27
13 28
17 27
17 28
13 26
13 29
15 25
15 30
17 26
17 29
14 25
14 30
16 25
16 30
12 27
12 28
18 27
18 28
13 25
13 30
17 25
17 30
12 26
12 29
18 26
18 29
15 24
15 31
14 24
14 31
16 24
16 31
12 25
12 30
18 25
18 30
11 27
11 28
13 24
13 31
17 24
17 31
19 27
19 28
11 26
11 29
19 26
19 29
15 23
12 24
12 31
14 23
16 23
18 24
18 31
11 25
11 30
19 25
19 30
13 23
17 23
10 27
10 28
20 27
20 28
10 26
10 29
20 26
20 29
11 24
11 31
19 24
19 31
12 23
18 23
10 25
10 30
20 25
20 30
9 27
9 28
11 23
19 23
10 24
10 31
20 24
20 31
9 26
9 29
9 25
9 30
10 23
20 23
9 24
9 31
0
No
0
Yes
23 25
23 26
24 25
24 26
22 25
22 26
23 24
23 27
24 24
24 27
25 25
25 26
22 24
22 27
25 24
25 27
21 25
21 26
23 23
24 23
21 24
21 27
22 23
25 23
21 23
0
Yes
19 45
20 45
19 44
19 46
20 44
20 46
18 45
21 45
18 44
18 46
21 44
21 46
19 43
19 47
20 43
20 47
17 45
18 43
18 47
21 43
21 47
22 45
17 44
17 46
22 44
22 46
19 42
19 48
20 42
20 48
17 43
17 47
22 43
22 47
18 42
18 48
21 42
21 48
16 45
23 45
16 44
16 46
23 44
23 46
17 42
17 48
22 42
22 48
16 43
16 47
19 41
19 49
20 41
20 49
23 43
23 47
18 41
18 49
21 41
21 49
15 45
24 45
15 44
15 46
16 42
16 48
23 42
23 48
24 44
24 46
17 41
17 49
22 41
22 49
15 43
15 47
24 43
24 47
19 40
20 40
18 40
21 40
16 41
16 49
23 41
23 49
15 42
15 48
24 42
24 48
14 45
25 45
14 44
14 46
17 40
22 40
25 44
25 46
14 43
14 47
25 43
25 47
15 41
15 49
24 41
24 49
16 40
23 40
14 42
14 48
25 42
25 48
13 45
26 45
13 44
13 46
26 44
26 46
15 40
24 40
13 43
13 47
14 41
14 49
25 41
25 49
26 43
26 47
13 42
13 48
26 42
26 48
14 40
25 40
12 45
12 44
12 46
13 41
13 49
26 41
26 49
12 43
12 47
12 42
12 48
13 40
26 40
12 41
12 49
0
Yes
23 37
23 38
24 37
24 38
22 37
22 38
23 36
23 39
24 36
24 39
25 37
25 38
22 36
22 39
25 36
25 39
21 37
21 38
23 35
24 35
21 36
21 39
22 35
25 35
21 35
0
No
0
No
0
No
0
Yes
11 45
10 45
10 44
11 44
10 43
11 43
10 46
11 46
9 46
9 45
9 44
9 47
10 47
11 47
8 45
8 46
8 44
8 47
11 48
10 48
9 48
8 48
7 44
7 45
7 46
7 47
7 48
10 49
9 49
8 49
7 49
11 49
6 45
6 46
6 47
6 48
6 44
6 49
0
Yes
15 37
14 37
14 36
15 36
14 35
15 35
16 35
16 36
16 37
13 35
13 36
13 37
16 38
15 38
14 38
13 38
17 37
17 36
17 38
17 35
16 34
15 34
14 34
13 34
17 34
12 37
12 36
12 35
12 38
12 34
15 39
14 39
16 39
13 39
17 39
12 39
18 36
18 37
18 38
18 35
18 39
18 34
15 33
14 33
16 33
13 33
17 33
12 33
18 33
11 36
11 37
11 35
11 38
11 34
11 39
11 33
19 37
19 36
19 35
19 38
19 34
19 39
19 33
14 32
15 32
16 32
13 32
17 32
12 32
18 32
11 32
20 36
20 37
20 35
20 38
20 34
20 39
20 33
15 31
14 31
16 31
13 31
17 31
0
Yes
12 31
11 31
11 30
12 30
11 29
12 29
10 29
10 30
10 31
9 31
9 30
9 29
10 28
11 28
12 28
9 28
13 28
13 29
13 30
12 27
11 27
10 27
13 27
9 27
14 30
14 29
14 28
14 27
11 26
12 26
13 26
10 26
14 26
9 26
15 29
15 28
15 27
15 30
15 26
12 25
11 25
13 25
10 25
14 25
9 25
15 25
16 30
16 29
16 28
16 27
16 26
16 25
11 24
12 24
13 24
14 24
10 24
15 24
9 24
16 24
17 29
17 28
17 27
17 26
17 25
17 30
17 24
12 23
11 23
13 23
14 23
15 23
10 23
16 23
9 23
17 23
18 30
18 29
18 28
18 27
18 26
18 25
18 24
18 23
11 22
12 22
13 22
10 22
14 22
9 22
19 29
19 28
19 27
19 26
19 25
19 24
19 30
19 23
12 21
11 21
13 21
10 21
14 21
9 21
20 30
20 29
20 28
20 27
20 26
20 25
20 24
20 23
20 31
19 31
18 31
11 20
12 20
13 20
10 20
14 20
9 20
21 29
21 28
21 27
21 26
21 25
21 30
21 24
21 23
22 30
22 29
22 28
22 27
22 26
22 25
0
No
0
Yes
33 43
33 42
32 42
34 42
34 43
34 41
33 41
32 41
35 41
35 42
35 43
33 40
34 40
32 40
35 40
36 43
36 42
36 41
36 40
35 44
34 44
33 44
36 44
32 39
33 39
34 39
35 39
36 39
37 42
37 43
37 44
37 41
33 45
34 45
35 45
36 45
37 45
34 38
35 38
38 43
38 42
38 44
38 45
34 46
35 46
36 46
37 46
33 46
38 46
39 44
39 43
39 45
39 42
39 46
33 47
34 47
35 47
36 47
37 47
38 47
39 47
40 43
40 44
40 45
40 46
40 42
40 47
34 48
35 48
36 48
37 48
38 48
39 48
33 48
40 48
41 42
41 43
41 44
41 45
41 46
41 47
41 48
33 49
34 49
35 49
36 49
37 49
38 49
39 49
40 49
0
No
0
Yes
3 8
3 9
3 10
3 11
3 12
3 13
3 14
3 15
3 16
3 17
3 18
3 19
4 8
4 9
4 10
4 11
4 12
4 13
4 14
4 15
4 16
4 17
4 18
4 19
5 8
5 9
5 10
5 11
5 12
5 13
5 14
5 15
5 16
5 17
5 18
5 19
6 8
6 9
6 10
6 11
6 12
6 13
6 14
6 15
6 16
6 17
6 18
6 19
7 8
7 9
7 10
7 11
7 12
7 13
7 14
7 15
7 16
7 17
7 18
7 19
8 8
8 9
8 10
8 11
8 12
8 13
8 14
8 15
8 16
8 17
8 18
8 19
9 8
9 9
9 10
9 11
9 12
9 13
9 14
9 15
9 16
9 17
9 18
9 19
10 8
10 9
10 10
10 11
10 12
10 13
10 14
10 15
10 16
10 17
10 18
10 19
11 8
11 9
11 10
11 11
11 12
11 13
11 14
11 15
11 16
11 17
11 18
11 19
12 8
12 9
12 10
12 11
12 12
12 13
12 14
12 15
12 16
12 17
12 18
12 19
13 8
13 9
13 10
13 11
13 12
13 13
13 14
13 15
13 16
13 17
13 18
13 19
14 8
14 9
14 10
14 11
14 12
14 13
14 14
14 15
14 16
14 17
14 18
0
No
0
No
0
No
0
No
0
Yes
10 7
9 7
9 6
10 6
9 5
10 5
11 5
11 6
11 7
8 5
8 6
8 7
12 7
12 6
12 5
11 4
10 4
9 4
8 4
12 4
7 7
7 6
7 5
7 4
13 6
13 5
13 7
13 4
10 3
9 3
11 3
8 3
12 3
13 3
7 3
14 3
14 4
14 5
14 6
14 7
9 2
10 2
11 2
12 2
8 2
13 2
14 2
15 2
15 3
15 4
15 5
15 6
15 7
10 1
11 1
12 1
13 1
9 1
14 1
8 1
15 1
16 1
16 2
16 3
16 4
16 5
16 6
16 7
9 0
10 0
11 0
12 0
13 0
14 0
15 0
16 0
8 0
17 0
17 1
17 2
17 3
17 4
0
No
0
No
0
Yes
24 10
23 10
23 9
24 9
23 8
24 8
25 8
25 9
25 10
22 8
22 9
22 10
25 11
24 11
23 11
22 11
26 10
26 9
26 11
26 8
25 7
24 7
23 7
22 7
26 7
21 10
21 9
21 8
21 11
21 7
27 11
27 10
27 9
24 6
23 6
25 6
22 6
26 6
21 6
20 9
20 8
20 10
20 7
20 11
20 6
23 5
24 5
22 5
25 5
21 5
26 5
20 5
19 10
19 9
19 8
19 7
19 6
19 11
19 5
24 4
23 4
22 4
21 4
25 4
20 4
26 4
19 4
18 9
18 8
18 7
18 6
18 10
18 5
18 11
18 4
23 3
24 3
22 3
21 3
20 3
25 3
19 3
26 3
18 3
17 10
17 9
17 8
17 7
17 11
17 6
17 5
24 2
23 2
22 2
21 2
20 2
25 2
19 2
26 2
18 2
16 9
16 10
16 8
16 11
23 1
24 1
22 1
21 1
20 1
25 1
19 1
26 1
18 1
15 10
15 9
15 11
15 8
27 1
27 2
27 3
24 0
23 0
25 0
22 0
21 0
20 0
26 0
27 0
19 0
18 0
28 10
0
Yes
19 18
18 18
19 17
19 19
20 18
18 17
18 19
20 17
20 19
17 18
19 16
19 20
21 18
17 17
17 19
18 16
18 20
20 16
20 20
21 17
21 19
17 16
17 20
21 16
21 20
16 18
19 15
19 21
22 18
16 17
16 19
18 15
18 21
20 15
20 21
22 17
22 19
16 16
16 20
17 15
17 21
21 15
21 21
22 16
22 20
15 18
19 14
19 22
15 17
15 19
18 14
18 22
20 14
20 22
16 15
16 21
22 15
22 21
15 16
15 20
17 14
17 22
21 14
21 22
15 15
15 21
16 14
16 22
19 13
22 14
22 22
18 13
20 13
17 13
21 13
15 14
15 22
16 13
22 13
0
Yes
36 45
35 45
36 44
36 46
37 45
35 44
35 46
37 44
37 46
34 45
36 43
36 47
38 45
34 44
34 46
35 43
35 47
37 43
37 47
38 44
38 46
34 43
34 47
38 43
38 47
33 45
36 42
36 48
33 44
33 46
35 42
35 48
37 42
37 48
33 43
33 47
34 42
34 48
38 42
38 48
36 41
36 49
35 41
35 49
37 41
37 49
33 42
33 48
34 41
34 49
38 49
33 41
33 49
36 40
35 40
34 40
33 40
0
Yes
1 18
1 19
2 18
2 19
0 18
0 19
1 17
2 17
0 17
0
No
0
Yes
23 37
23 38
24 37
24 38
22 37
22 38
23 36
23 39
24 36
24 39
25 37
25 38
22 36
22 39
25 36
25 39
21 37
21 38
23 35
24 35
21 36
21 39
22 35
25 35
21 35
0
No
0
Yes
34 15
33 15
33 16
34 16
33 17
34 17
33 18
34 18
35 16
35 17
0
No
0
No
0
No
0
No
0
No
0
No
0
Yes
30 45
30 46
29 45
29 46
31 45
31 46
30 44
30 47
29 44
29 47
31 44
31 47
28 45
28 46
32 45
32 46
28 44
28 47
30 43
30 48
32 44
32 47
29 43
29 48
31 43
31 48
27 45
27 46
28 43
28 48
32 43
32 48
27 44
27 47
30 42
30 49
29 42
29 49
31 42
31 49
27 43
27 48
28 42
28 49
32 42
32 49
30 41
27 42
27 49
29 41
31 41
28 41
32 41
0
Yes
19 17
19 18
20 17
20 18
18 17
18 18
19 16
19 19
20 16
20 19
21 17
21 18
18 16
18 19
21 16
21 19
17 17
17 18
19 15
19 20
20 15
20 20
22 17
22 18
17 16
17 19
18 15
18 20
21 15
21 20
22 16
22 19
16 17
16 18
17 15
17 20
19 14
19 21
20 14
20 21
22 15
22 20
23 17
23 18
16 16
16 19
18 14
18 21
21 14
21 21
23 16
23 19
16 15
16 20
17 14
17 21
22 14
22 21
23 15
23 20
15 17
15 18
19 13
19 22
20 13
20 22
15 16
15 19
18 13
18 22
21 13
21 22
16 14
16 21
23 14
23 21
15 15
15 20
17 13
17 22
22 13
22 22
19 12
20 12
15 14
15 21
16 13
16 22
18 12
21 12
23 13
23 22
17 12
22 12
15 13
15 22
16 12
23 12
15 12
0
Yes
3 49
3 48
4 48
4 49
5 48
5 49
5 47
4 47
3 47
3 46
4 46
5 46
6 47
6 48
6 49
6 46
4 45
5 45
3 45
6 45
7 49
7 48
7 47
7 46
7 45
3 44
4 44
5 44
6 44
7 44
8 48
8 47
8 46
8 45
8 49
8 44
9 49
9 48
9 47
9 46
9 45
9 44
10 48
10 47
10 46
10 45
10 49
10 44
11 49
11 48
11 47
11 46
11 45
11 44
10 43
11 43
11 42
11 41
11 40
12 40
0
No
0
Yes
29 15
28 15
28 14
28 16
29 16
30 16
29 17
28 17
30 17
27 14
27 15
27 16
27 17
27 13
28 13
31 17
31 16
31 15
26 15
26 14
26 16
26 13
26 17
28 18
29 18
30 18
27 18
31 18
26 18
32 16
32 17
29 19
28 19
30 19
27 19
31 19
26 19
25 14
25 15
25 16
25 17
25 18
25 13
25 19
26 12
27 12
25 12
24 15
24 14
24 16
24 13
24 17
24 18
24 12
24 19
27 20
26 20
25 20
24 20
26 21
25 21
27 21
24 21
28 21
27 22
26 22
25 22
24 22
26 23
25 23
27 23
24 23
27 24
0
No
0
Yes
18 45
17 45
18 44
18 46
19 45
17 44
17 46
19 44
19 46
16 45
18 43
18 47
20 45
16 44
16 46
17 43
17 47
19 43
19 47
20 44
20 46
16 43
16 47
20 43
20 47
15 45
18 42
18 48
21 45
15 44
15 46
17 42
17 48
19 42
19 48
21 44
21 46
15 43
15 47
16 42
16 48
20 42
20 48
21 43
21 47
14 45
18 41
18 49
22 45
14 44
14 46
17 41
17 49
19 41
19 49
22 44
22 46
15 42
15 48
21 42
21 48
14 43
14 47
16 41
16 49
20 41
20 49
22 43
22 47
13 45
14 42
14 48
15 41
15 49
18 40
21 41
21 49
22 42
22 48
13 44
13 46
17 40
19 40
13 43
13 47
16 40
20 40
14 41
14 49
22 41
22 49
13 42
13 48
15 40
21 40
13 41
13 49
14 40
22 40
13 40
0
Yes
39 49
39 48
40 48
40 49
41 48
41 49
41 47
40 47
39 47
39 46
40 46
41 46
40 45
39 45
0
Yes
1 18
1 19
2 18
2 19
0 18
0 19
1 17
2 17
0 17
0
No
0
Yes
14 11
13 11
13 10
14 10
13 9
14 9
12 9
12 10
12 11
12 12
13 12
14 12
11 11
11 10
11 12
11 9
12 8
11 8
13 8
14 8
14 13
13 13
12 13
11 13
10 10
10 11
10 12
10 9
10 13
10 8
13 14
12 14
11 14
14 14
10 14
9 11
9 10
9 12
9 9
9 13
9 8
9 14
14 15
13 15
12 15
11 15
10 15
9 15
8 10
8 11
8 12
8 13
8 9
8 14
8 8
8 15
13 16
12 16
11 16
10 16
9 16
14 16
8 16
7 11
7 10
7 12
7 13
7 14
7 9
7 15
7 8
7 16
14 17
13 17
12 17
11 17
10 17
9 17
8 17
7 17
6 10
6 11
6 12
6 13
6 14
6 15
6 9
6 16
6 8
6 17
13 18
12 18
11 18
10 18
9 18
8 18
7 18
14 18
6 18
5 11
5 10
5 12
5 13
5 14
5 15
5 16
5 9
5 17
5 8
5 18
14 19
13 19
12 19
11 19
10 19
9 19
8 19
7 19
6 19
5 19
4 10
4 11
4 12
4 13
4 14
4 15
4 16
4 17
4 9
4 18
4 8
4 19
3 11
3 10
0
No
0
Yes
23 27
23 28
23 29
23 30
24 27
24 28
24 29
24 30
0
No
0
Yes
28 47
27 47
28 46
28 48
29 47
27 46
27 48
29 46
29 48
26 47
28 45
28 49
30 47
26 46
26 48
27 45
27 49
29 45
29 49
30 46
30 48
26 45
26 49
30 45
30 49
25 47
28 44
31 47
25 46
25 48
27 44
29 44
31 46
31 48
25 45
25 49
26 44
30 44
31 45
31 49
24 47
32 47
24 46
24 48
32 46
32 48
25 44
31 44
24 45
24 49
32 45
32 49
23 47
24 44
32 44
23 46
23 48
23 45
23 49
0
Yes
25 42
24 42
25 41
25 43
26 42
24 41
24 43
26 41
26 43
23 42
25 40
23 41
23 43
24 40
26 40
23 40
0
Yes
0 32
0 33
1 33
1 32
2 33
2 32
2 34
1 34
0 34
0 35
1 35
2 35
3 34
3 33
3 32
3 35
1 36
2 36
0 36
3 36
4 32
4 33
4 34
4 35
4 36
0 37
1 37
2 37
3 37
4 37
5 33
5 34
5 35
5 36
5 32
5 37
1 38
2 38
3 38
4 38
0 38
5 38
6 32
6 33
6 34
6 35
6 36
6 37
6 38
0 39
1 39
2 39
3 39
4 39
5 39
6 39
7 33
7 34
7 35
7 36
7 37
7 38
7 32
7 39
1 40
2 40
3 40
4 40
5 40
6 40
0 40
7 40
8 32
8 33
8 34
8 35
8 36
8 37
8 38
8 39
8 40
0 41
1 41
2 41
3 41
4 41
5 41
6 41
7 41
8 41
9 33
9 34
9 35
9 36
9 37
9 38
9 39
9 40
9 32
9 41
1 42
2 42
3 42
4 42
5 42
6 42
7 42
8 42
0 42
9 42
10 32
10 33
10 34
10 35
10 36
10 37
10 38
10 39
10 40
10 41
10 42
0 43
1 43
2 43
3 43
4 43
5 43
0
No
0
No
0
No
0
No
0
Yes
3 17
3 16
2 16
2 15
3 15
2 14
3 14
1 14
1 15
1 16
0 16
0 15
0 14
0
No
0
Yes
26 49
25 49
25 48
26 48
25 47
26 47
27 47
27 48
27 49
24 47
24 48
24 49
28 49
28 48
28 47
27 46
26 46
25 46
24 46
28 46
23 49
23 48
23 47
23 46
29 48
29 47
29 49
29 46
26 45
25 45
27 45
24 45
28 45
23 45
29 45
30 49
30 48
30 47
30 46
30 45
25 44
26 44
27 44
28 44
24 44
29 44
23 44
30 44
31 48
31 47
31 46
31 45
31 49
31 44
26 43
25 43
27 43
28 43
29 43
24 43
30 43
23 43
31 43
32 49
32 48
32 47
32 46
32 45
32 44
32 43
25 42
26 42
27 42
28 42
29 42
30 42
24 42
31 42
23 42
32 42
33 48
33 47
33 46
33 45
33 44
33 43
33 49
33 42
24 41
25 41
26 41
23 41
28 41
29 41
30 41
31 41
32 41
0
No
0
No
0
No
0
Yes
43 27
43 28
43 29
44 27
44 28
44 29
45 27
45 28
45 29
0
Yes
47 32
48 32
47 31
47 33
48 31
48 33
46 32
49 32
46 31
46 33
49 31
49 33
47 30
47 34
48 30
48 34
45 32
46 30
46 34
49 30
49 34
45 31
45 33
47 29
48 29
45 30
45 34
46 29
49 29
0
Yes
0 0
0 1
0 2
0 3
0 4
0 5
0 6
0 7
1 0
1 1
1 2
1 3
1 4
1 5
1 6
1 7
2 0
2 1
2 2
2 3
2 4
2 5
2 6
2 7
3 0
3 1
3 2
3 3
3 4
3 5
3 6
3 7
4 0
4 1
4 2
4 3
4 4
4 5
4 6
4 7
5 0
5 1
5 2
5 3
5 4
5 5
5 6
5 7
6 0
6 1
6 2
6 3
6 4
6 5
6 6
6 7
7 0
7 1
7 2
7 3
7 4
7 5
0
Yes
2 15
2 16
1 15
1 16
3 15
3 16
2 14
1 14
3 14
0 15
0 16
0 14
0
No
0
Yes
49 41
48 41
48 40
49 40
48 39
49 39
47 39
47 40
47 41
47 42
48 42
49 42
46 41
46 40
46 42
46 39
47 38
48 38
49 38
46 38
49 43
48 43
47 43
46 43
45 40
45 41
45 42
45 39
45 43
45 38
49 37
48 37
47 37
46 37
45 37
48 44
47 44
46 44
49 44
45 44
48 36
47 36
49 36
0
Yes
49 49
48 49
48 48
49 48
48 47
49 47
47 47
47 48
47 49
46 49
46 48
46 47
47 46
48 46
49 46
46 46
45 48
45 47
45 49
45 46
49 45
48 45
47 45
46 45
45 45
44 49
0
Yes
8 46
8 47
9 46
9 47
7 46
7 47
8 45
8 48
9 45
9 48
10 46
10 47
7 45
7 48
10 45
10 48
6 46
6 47
8 44
8 49
9 44
9 49
11 46
11 47
6 45
6 48
7 44
7 49
10 44
10 49
11 45
11 48
5 46
5 47
6 44
6 49
8 43
9 43
11 44
11 49
12 46
12 47
5 45
5 48
7 43
10 43
12 45
12 48
5 44
5 49
6 43
11 43
12 44
12 49
4 46
4 47
4 45
4 48
12 43
4 44
4 49
0
No
0
Yes
44 43
43 43
43 42
43 44
44 44
42 44
42 43
42 42
42 45
43 45
44 45
41 43
41 44
41 42
41 45
44 46
43 46
42 46
41 46
40 42
40 43
40 44
40 45
40 46
43 47
42 47
41 47
44 47
40 47
39 43
39 44
39 45
39 46
39 42
39 47
44 48
43 48
42 48
41 48
40 48
39 48
38 42
38 43
38 44
38 45
38 46
38 47
38 48
43 49
42 49
41 49
40 49
39 49
38 49
37 43
37 44
37 45
37 46
0
Yes
0 20
0 21
0 22
0 23
0 24
0 25
0 26
0 27
0 28
0 29
0 30
0 31
1 20
1 21
1 22
1 23
1 24
1 25
1 26
1 27
1 28
1 29
1 30
1 31
2 20
2 21
2 22
2 23
2 24
2 25
2 26
2 27
2 28
2 29
2 30
2 31
3 20
3 21
3 22
3 23
3 24
3 25
3 26
3 27
3 28
3 29
3 30
3 31
4 20
4 21
4 22
4 23
4 24
4 25
4 26
4 27
4 28
4 29
4 30
4 31
5 20
5 21
5 22
5 23
5 24
5 25
5 26
5 27
5 28
5 29
5 30
5 31
6 20
6 21
6 22
6 23
6 24
6 25
6 26
6 27
6 28
6 29
6 30
6 31
7 20
7 21
7 22
7 23
7 24
7 25
7 26
7 27
7 28
7 29
7 30
7 31
8 20
8 21
8 22
8 23
8 24
8 25
8 26
8 27
8 28
8 29
8 30
8 31
9 20
9 21
9 22
9 23
9 24
9 25
9 26
9 27
9 28
9 29
9 30
9 31
10 20
10 21
10 22
10 23
10 24
10 25
10 26
10 27
10 28
10 29
10 30
10 31
11 20
11 21
11 22
11 23
11 24
11 25
11 26
11 27
11 28
11 29
11 30
11 31
12 20
0
Yes
0 0
0 1
0 2
0 3
0 4
0 5
1 0
1 1
1 2
1 3
1 4
1 5
2 0
2 1
2 2
2 3
2 4
2 5
3 0
3 1
3 2
3 3
3 4
3 5
4 0
4 1
4 2
4 3
4 4
4 5
5 0
5 1
5 2
5 3
5 4
5 5
6 0
6 1
6 2
6 3
6 4
6 5
0
No
0
No
0
No
0
No
0
Yes
0 32
0 33
0 34
0 35
0 36
0 37
0 38
0 39
0 40
0 41
0 42
1 32
1 33
1 34
1 35
1 36
1 37
1 38
1 39
1 40
1 41
1 42
2 32
2 33
2 34
2 35
2 36
2 37
2 38
2 39
2 40
2 41
2 42
3 32
3 33
3 34
3 35
3 36
3 37
3 38
3 39
3 40
3 41
3 42
4 32
4 33
4 34
4 35
4 36
4 37
4 38
4 39
4 40
4 41
4 42
5 32
5 33
5 34
5 35
5 36
5 37
5 38
5 39
5 40
5 41
5 42
6 32
6 33
6 34
6 35
6 36
6 37
6 38
6 39
6 40
6 41
6 42
7 32
7 33
7 34
7 35
7 36
7 37
7 38
7 39
7 40
7 41
7 42
8 32
8 33
8 34
8 35
8 36
8 37
8 38
8 39
8 40
8 41
8 42
9 32
9 33
9 34
9 35
9 36
9 37
9 38
0
Yes
15 0
15 1
15 2
15 3
15 4
15 5
15 6
15 7
15 8
15 9
15 10
15 11
16 0
16 1
16 2
16 3
16 4
16 5
16 6
16 7
16 8
16 9
16 10
16 11
17 0
17 1
17 2
17 3
17 4
17 5
17 6
17 7
17 8
17 9
17 10
17 11
18 0
18 1
18 2
18 3
18 4
18 5
18 6
18 7
18 8
18 9
18 10
18 11
19 0
19 1
19 2
19 3
19 4
19 5
19 6
19 7
19 8
19 9
19 10
19 11
20 0
20 1
20 2
20 3
20 4
20 5
20 6
20 7
20 8
20 9
20 10
20 11
21 0
21 1
21 2
21 3
21 4
21 5
21 6
21 7
21 8
21 9
21 10
21 11
22 0
22 1
22 2
22 3
22 4
22 5
22 6
22 7
22 8
22 9
22 10
22 11
23 0
23 1
23 2
23 3
23 4
23 5
23 6
23 7
23 8
23 9
23 10
23 11
24 0
24 1
24 2
24 3
24 4
24 5
24 6
24 7
24 8
24 9
24 10
24 11
25 0
25 1
25 2
25 3
25 4
25 5
25 6
25 7
25 8
25 9
25 10
25 11
26 0
26 1
26 2
26 3
26 4
26 5
26 6
26 7
26 8
26 9
26 10
26 11
27 0
27 1
27 2
27 3
0
Yes
26 26
26 27
27 26
27 27
28 26
0
No
0
No
0
No
0
Yes
33 45
33 46
34 45
34 46
32 45
32 46
33 44
33 47
34 44
34 47
35 45
35 46
32 44
32 47
35 44
35 47
31 45
31 46
33 43
33 48
34 43
34 48
36 45
36 46
31 44
31 47
32 43
32 48
35 43
35 48
36 44
36 47
30 45
30 46
31 43
31 48
33 42
33 49
34 42
34 49
36 43
36 48
37 45
37 46
30 44
30 47
32 42
32 49
35 42
35 49
37 44
37 47
30 43
30 48
31 42
31 49
36 42
36 49
37 43
37 48
29 45
29 46
33 41
34 41
29 44
29 47
32 41
35 41
30 42
30 49
37 42
37 49
29 43
29 48
31 41
36 41
29 42
29 49
30 41
37 41
29 41
0
Yes
11 4
10 4
11 3
11 5
12 4
10 3
10 5
12 3
12 5
9 4
11 2
11 6
13 4
9 3
9 5
10 2
10 6
12 2
12 6
13 3
13 5
9 2
9 6
13 2
13 6
8 4
11 1
11 7
14 4
8 3
8 5
10 1
10 7
12 1
12 7
14 3
14 5
8 2
8 6
9 1
9 7
13 1
13 7
14 2
14 6
7 4
11 0
7 3
7 5
10 0
12 0
8 1
8 7
14 1
14 7
7 2
7 6
9 0
13 0
7 1
7 7
8 0
14 0
7 0
0
Yes
49 28
48 28
49 27
49 29
48 27
48 29
49 26
0
No
0
Yes
1 18
1 19
0 18
0 19
1 17
0 17
0
Yes
4 46
4 47
5 46
5 47
3 46
3 47
4 45
4 48
5 45
5 48
6 46
6 47
3 45
3 48
6 45
6 48
2 46
2 47
4 44
4 49
5 44
5 49
7 46
7 47
2 45
2 48
3 44
3 49
6 44
6 49
7 45
7 48
1 46
1 47
2 44
2 49
4 43
5 43
7 44
7 49
8 46
8 47
1 45
1 48
3 43
6 43
8 45
8 48
1 44
1 49
2 43
7 43
8 44
8 49
0 46
0 47
0 45
0 48
1 43
8 43
0 44
0 49
0 43
0
Yes
14 36
15 36
14 35
14 37
15 35
15 37
13 36
16 36
13 35
13 37
16 35
16 37
14 34
14 38
15 34
15 38
12 36
13 34
13 38
16 34
16 38
17 36
12 35
12 37
17 35
17 37
14 33
14 39
15 33
15 39
12 34
12 38
17 34
17 38
13 33
13 39
16 33
16 39
11 36
18 36
11 35
11 37
18 35
18 37
12 33
12 39
17 33
17 39
11 34
11 38
14 32
15 32
18 34
18 38
13 32
16 32
10 36
10 35
10 37
11 33
11 39
18 33
18 39
12 32
17 32
10 34
10 38
11 32
18 32
10 33
10 39
10 32
0
No
0
No
0
Yes
16 45
17 45
16 44
16 46
17 44
17 46
15 45
18 45
15 44
15 46
18 44
18 46
16 43
16 47
17 43
17 47
14 45
15 43
15 47
18 43
18 47
19 45
14 44
14 46
19 44
19 46
16 42
16 48
17 42
17 48
14 43
14 47
19 43
19 47
15 42
15 48
18 42
18 48
13 45
20 45
13 44
13 46
20 44
20 46
14 42
14 48
19 42
19 48
13 43
13 47
16 41
16 49
17 41
17 49
20 43
20 47
15 41
15 49
18 41
18 49
12 45
21 45
12 44
12 46
13 42
13 48
20 42
20 48
21 44
21 46
14 41
14 49
19 41
19 49
12 43
12 47
21 43
21 47
16 40
17 40
15 40
18 40
13 41
13 49
20 41
20 49
12 42
12 48
21 42
21 48
11 45
22 45
11 44
11 46
14 40
19 40
22 44
22 46
11 43
11 47
22 43
22 47
12 41
12 49
21 41
21 49
13 40
20 40
11 42
11 48
22 42
22 48
10 45
23 45
10 44
10 46
23 44
23 46
12 40
21 40
10 43
10 47
11 41
11 49
22 41
22 49
23 43
23 47
10 42
10 48
23 42
23 48
11 40
22 40
9 45
9 44
9 46
10 41
10 49
23 41
23 49
9 43
9 47
9 42
9 48
10 40
23 40
9 41
9 49
0
No
0
Yes
26 46
27 46
26 45
26 47
27 45
27 47
25 46
28 46
25 45
25 47
28 45
28 47
26 44
26 48
27 44
27 48
24 46
25 44
25 48
28 44
28 48
24 45
24 47
26 43
26 49
27 43
27 49
24 44
24 48
25 43
25 49
28 43
28 49
24 43
24 49
26 42
27 42
0
Yes
0 32
0 33
0 34
0 35
0 36
0 37
0 38
0 39
0 40
0 41
0 42
1 32
1 33
1 34
1 35
1 36
1 37
1 38
1 39
1 40
1 41
1 42
2 32
2 33
2 34
2 35
2 36
2 37
2 38
2 39
2 40
2 41
2 42
3 32
3 33
3 34
3 35
3 36
3 37
3 38
3 39
3 40
3 41
3 42
4 32
4 33
4 34
4 35
4 36
4 37
4 38
4 39
4 40
4 41
4 42
5 32
5 33
5 34
5 35
5 36
5 37
5 38
5 39
5 40
5 41
5 42
6 32
6 33
6 34
6 35
6 36
6 37
6 38
6 39
6 40
6 41
6 42
7 32
7 33
7 34
7 35
7 36
7 37
7 38
7 39
7 40
7 41
7 42
8 32
8 33
8 34
8 35
8 36
8 37
8 38
8 39
0
Yes
15 0
15 1
15 2
15 3
15 4
15 5
15 6
15 7
15 8
15 9
15 10
15 11
16 0
16 1
16 2
16 3
16 4
16 5
16 6
16 7
16 8
16 9
16 10
16 11
17 0
17 1
17 2
17 3
17 4
17 5
17 6
17 7
17 8
17 9
17 10
17 11
18 0
18 1
18 2
18 3
18 4
18 5
18 6
18 7
18 8
18 9
18 10
18 11
19 0
19 1
19 2
19 3
19 4
19 5
19 6
19 7
19 8
19 9
19 10
19 11
20 0
20 1
20 2
20 3
20 4
20 5
20 6
20 7
20 8
20 9
20 10
20 11
21 0
21 1
21 2
21 3
21 4
21 5
21 6
21 7
21 8
21 9
21 10
21 11
22 0
22 1
22 2
22 3
22 4
22 5
22 6
22 7
22 8
22 9
22 10
22 11
23 0
23 1
23 2
23 3
23 4
23 5
23 6
23 7
23 8
23 9
23 10
23 11
24 0
24 1
24 2
24 3
24 4
24 5
24 6
24 7
24 8
24 9
24 10
24 11
25 0
25 1
25 2
25 3
25 4
25 5
25 6
25 7
25 8
25 9
25 10
25 11
26 0
26 1
26 2
26 3
26 4
26 5
26 6
26 7
26 8
26 9
26 10
26 11
27 0
27 1
27 2
27 3
0
No
0
Yes
39 44
38 44
38 43
39 43
38 42
39 42
40 42
40 43
40 44
40 45
39 45
38 45
41 44
41 43
41 45
41 42
39 46
40 46
38 46
41 46
42 43
42 44
42 45
42 42
42 46
38 47
39 47
40 47
41 47
42 47
43 44
43 45
43 43
43 46
43 47
43 42
39 48
40 48
41 48
42 48
38 48
43 48
44 43
44 44
44 45
44 46
44 47
44 48
38 49
39 49
40 49
41 49
42 49
43 49
44 49
45 45
45 46
0
No
0
No
0
No
0
No
0
Yes
0 49
0 48
1 48
1 49
2 48
2 49
2 47
1 47
0 47
0 46
1 46
2 46
3 47
3 48
3 49
3 46
1 45
2 45
0 45
3 45
4 49
4 48
4 47
4 46
4 45
0 44
1 44
2 44
3 44
4 44
5 48
5 47
5 46
5 45
5 49
5 44
1 43
2 43
3 43
4 43
5 43
0 43
6 49
6 48
6 47
6 46
6 45
6 44
6 43
7 48
7 47
7 46
7 45
7 44
7 49
7 43
8 49
8 48
8 47
0
No
0
No
0
Yes
28 49
27 49
27 48
28 48
27 47
28 47
26 47
26 48
26 49
25 49
25 48
25 47
26 46
27 46
28 46
25 46
24 48
24 47
24 46
24 49
28 45
27 45
26 45
25 45
24 45
27 44
26 44
25 44
28 44
24 44
28 43
27 43
26 43
0
Yes
24 36
24 37
23 36
23 37
25 36
25 37
24 35
23 35
25 35
22 36
22 37
22 35
0
Yes
5 36
4 36
5 35
5 37
6 36
4 35
4 37
6 35
6 37
3 36
5 34
5 38
7 36
3 35
3 37
4 34
4 38
6 34
6 38
7 35
7 37
3 34
3 38
7 34
7 38
2 36
5 33
5 39
8 36
2 35
2 37
4 33
4 39
6 33
6 39
8 35
8 37
2 34
2 38
3 33
3 39
7 33
7 39
8 34
8 38
1 36
5 32
5 40
9 36
1 35
1 37
4 32
4 40
6 32
6 40
9 35
9 37
2 33
2 39
8 33
8 39
1 34
1 38
3 32
3 40
7 32
7 40
9 34
9 38
0 36
1 33
1 39
2 32
2 40
5 31
5 41
8 32
8 40
9 33
9 39
0 35
0 37
4 31
4 41
6 31
6 41
0 34
0 38
3 31
3 41
7 31
7 41
1 32
1 40
9 32
9 40
0 33
0 39
2 31
2 41
8 31
8 41
5 30
5 42
4 30
4 42
6 30
6 42
3 30
3 42
7 30
7 42
0 32
0 40
1 31
1 41
9 31
2 30
2 42
8 30
8 42
5 29
0 31
0 41
4 29
6 29
1 30
1 42
9 30
3 29
7 29
2 29
8 29
0 30
0 42
1 29
9 29
0 29
0
Yes
21 34
20 34
20 33
20 35
21 35
19 35
19 34
19 33
19 36
20 36
21 36
21 37
20 37
0
Yes
49 28
49 29
48 28
48 29
49 27
48 27
0
No
0
Yes
43 45
43 46
43 47
43 48
43 49
44 45
44 46
44 47
44 48
44 49
45 45
45 46
45 47
45 48
45 49
46 45
46 46
46 47
46 48
46 49
47 45
47 46
47 47
47 48
47 49
48 45
48 46
48 47
48 48
48 49
49 45
49 46
49 47
49 48
49 49
0
Yes
21 39
20 39
21 38
22 39
20 38
22 38
19 39
19 38
0
No
0
Yes
21 3
21 4
20 3
20 4
22 3
22 4
21 2
21 5
20 2
20 5
22 2
22 5
19 3
19 4
23 3
23 4
19 2
19 5
21 1
21 6
23 2
23 5
20 1
20 6
22 1
22 6
18 3
18 4
24 3
24 4
19 1
19 6
23 1
23 6
18 2
18 5
24 2
24 5
21 0
20 0
22 0
18 1
18 6
24 1
24 6
17 3
17 4
19 0
23 0
25 3
25 4
17 2
17 5
25 2
25 5
18 0
24 0
17 1
17 6
25 1
25 6
16 3
16 4
26 3
26 4
16 2
16 5
26 2
26 5
17 0
25 0
16 1
16 6
26 1
26 6
15 3
15 4
16 0
26 0
15 2
15 5
15 1
15 6
15 0
0
No
0
Yes
0 0
0 1
0 2
0 3
0 4
1 0
1 1
1 2
1 3
1 4
2 0
2 1
2 2
2 3
2 4
3 0
3 1
3 2
3 3
3 4
4 0
4 1
4 2
4 3
4 4
5 0
5 1
5 2
5 3
5 4
6 0
6 1
6 2
0
Yes
28 46
27 46
28 45
28 47
29 46
27 45
27 47
29 45
29 47
26 46
28 44
28 48
30 46
26 45
26 47
27 44
27 48
29 44
29 48
30 45
30 47
26 44
26 48
30 44
30 48
25 46
28 43
28 49
31 46
25 45
25 47
27 43
27 49
29 43
29 49
31 45
31 47
25 44
25 48
26 43
26 49
30 43
30 49
31 44
31 48
24 46
28 42
24 45
24 47
27 42
29 42
25 43
25 49
31 43
31 49
24 44
24 48
26 42
30 42
24 43
24 49
25 42
31 42
24 42
0
Yes
4 45
4 46
5 45
5 46
3 45
3 46
4 44
4 47
5 44
5 47
6 45
6 46
3 44
3 47
6 44
6 47
2 45
2 46
4 43
4 48
5 43
5 48
7 45
7 46
2 44
2 47
3 43
3 48
6 43
6 48
7 44
7 47
1 45
1 46
2 43
2 48
4 42
4 49
5 42
5 49
7 43
7 48
8 45
8 46
1 44
1 47
3 42
3 49
6 42
6 49
8 44
8 47
1 43
1 48
2 42
2 49
7 42
7 49
8 43
8 48
0 45
0 46
4 41
5 41
0 44
0 47
3 41
6 41
1 42
1 49
8 42
8 49
0 43
0 48
2 41
7 41
0 42
0 49
1 41
8 41
0 41
0
Yes
25 26
25 27
26 26
26 27
27 26
27 27
28 26
0
No
0
Yes
40 47
39 47
39 46
40 46
39 45
40 45
41 45
41 46
41 47
38 45
38 46
38 47
41 48
40 48
39 48
38 48
42 47
42 46
42 48
42 45
41 44
40 44
39 44
38 44
42 44
37 47
37 46
37 45
37 48
37 44
40 49
39 49
38 49
37 49
41 49
42 49
40 43
39 43
41 43
38 43
42 43
37 43
36 46
36 47
36 45
36 48
36 44
36 49
36 43
39 42
40 42
38 42
41 42
37 42
42 42
0
Yes
0 32
0 33
0 34
0 35
0 36
0 37
0 38
0 39
0 40
1 32
1 33
1 34
1 35
1 36
1 37
1 38
1 39
1 40
2 32
2 33
2 34
2 35
2 36
2 37
2 38
2 39
2 40
3 32
3 33
3 34
3 35
3 36
3 37
3 38
3 39
3 40
4 32
4 33
4 34
4 35
4 36
4 37
4 38
4 39
4 40
5 32
5 33
5 34
5 35
5 36
5 37
5 38
0
Yes
8 0
8 1
8 2
8 3
8 4
8 5
8 6
8 7
8 8
9 0
9 1
9 2
9 3
9 4
9 5
9 6
9 7
9 8
10 0
10 1
10 2
10 3
10 4
10 5
10 6
10 7
10 8
11 0
11 1
11 2
11 3
11 4
11 5
11 6
11 7
11 8
12 0
12 1
12 2
12 3
12 4
12 5
12 6
12 7
12 8
13 0
13 1
13 2
13 3
13 4
13 5
13 6
13 7
13 8
14 0
14 1
14 2
14 3
14 4
14 5
14 6
14 7
14 8
0
Yes
34 49
33 49
34 48
35 49
33 48
35 48
32 49
32 48
0
Yes
8 37
8 38
9 37
9 38
7 37
7 38
8 36
8 39
9 36
9 39
10 37
10 38
7 36
7 39
10 36
10 39
6 37
6 38
8 35
8 40
9 35
9 40
6 36
6 39
7 35
7 40
10 35
6 35
6 40
8 34
9 34
7 34
10 34
6 34
0
No
0
No
0
No
0
Yes
3 10
3 11
4 10
4 11
2 10
2 11
3 9
3 12
4 9
4 12
5 10
5 11
2 9
2 12
5 9
5 12
1 10
1 11
3 8
3 13
4 8
4 13
6 10
6 11
1 9
1 12
2 8
2 13
5 8
5 13
6 9
6 12
0 10
0 11
1 8
1 13
3 7
3 14
4 7
4 14
6 8
6 13
0 9
0 12
2 7
2 14
5 7
5 14
0 8
0 13
1 7
1 14
6 7
6 14
3 6
3 15
4 6
4 15
2 6
2 15
5 6
5 15
0 7
0 14
1 6
1 15
6 6
6 15
3 5
4 5
0 6
0 15
2 5
5 5
1 5
6 5
0 5
0
Yes
5 23
5 24
4 23
4 24
6 23
6 24
5 22
5 25
4 22
4 25
6 22
6 25
3 23
3 24
7 23
7 24
3 22
3 25
5 21
5 26
7 22
7 25
4 21
4 26
6 21
6 26
2 23
2 24
8 23
8 24
3 21
3 26
7 21
7 26
2 22
2 25
8 22
8 25
5 20
5 27
4 20
4 27
6 20
6 27
2 21
2 26
8 21
8 26
1 23
1 24
3 20
3 27
7 20
7 27
9 23
9 24
1 22
1 25
9 22
9 25
5 19
5 28
2 20
2 27
4 19
4 28
6 19
6 28
8 20
8 27
1 21
1 26
9 21
9 26
3 19
3 28
7 19
7 28
0 23
0 24
0 22
0 25
1 20
1 27
9 20
9 27
2 19
2 28
8 19
8 28
5 18
5 29
0 21
0 26
4 18
4 29
6 18
6 29
3 18
3 29
7 18
7 29
1 19
1 28
9 19
9 28
0 20
0 27
2 18
2 29
8 18
8 29
5 17
5 30
4 17
4 30
6 17
6 30
0 19
0 28
1 18
1 29
3 17
3 30
7 17
7 30
9 18
9 29
2 17
2 30
8 17
8 30
0 18
0 29
5 16
4 16
6 16
1 17
1 30
9 17
9 30
3 16
7 16
2 16
8 16
0 17
0 30
1 16
0
No
0
No
0
Yes
25 35
24 35
24 36
25 36
24 37
25 37
23 37
23 36
23 35
22 35
22 36
22 37
23 38
0
No
0
Yes
47 33
48 33
47 32
47 34
48 32
48 34
46 33
49 33
46 32
46 34
49 32
49 34
47 31
48 31
45 33
46 31
49 31
45 32
45 34
0
Yes
28 40
28 41
29 41
29 42
28 42
29 43
28 43
30 43
30 42
30 41
30 44
29 44
28 44
31 41
31 42
31 43
31 44
28 45
29 45
30 45
31 45
27 44
27 43
27 42
27 45
32 42
32 43
32 44
32 41
32 45
29 46
30 46
28 46
31 46
27 46
32 46
26 42
26 43
26 44
26 45
26 46
33 41
33 42
33 43
33 44
33 45
33 46
28 47
29 47
30 47
31 47
27 47
32 47
26 47
33 47
25 43
25 44
25 45
25 46
25 42
25 47
34 42
34 43
34 44
34 45
34 46
34 41
34 47
27 48
28 48
29 48
30 48
31 48
32 48
26 48
33 48
25 48
34 48
24 42
24 43
24 44
24 45
24 46
24 47
24 48
34 40
33 40
32 40
35 41
35 42
35 43
35 44
35 45
35 46
35 47
35 40
35 48
24 41
25 41
26 41
28 49
27 49
29 49
26 49
30 49
31 49
32 49
33 49
25 49
34 49
24 49
35 49
26 40
25 40
24 40
32 39
33 39
34 39
35 39
36 40
36 41
36 42
36 39
25 39
24 39
34 38
35 38
25 38
24 38
25 37
24 37
23 37
23 38
23 39
0
Yes
6 31
6 32
6 33
6 34
6 35
6 36
6 37
6 38
6 39
7 31
7 32
7 33
7 34
7 35
7 36
7 37
7 38
7 39
8 31
8 32
8 33
8 34
8 35
8 36
8 37
8 38
8 39
9 31
9 32
9 33
9 34
9 35
9 36
9 37
9 38
9 39
10 31
10 32
10 33
10 34
10 35
10 36
10 37
10 38
10 39
11 31
11 32
11 33
11 34
11 35
11 36
11 37
11 38
11 39
12 31
12 32
12 33
12 34
12 35
12 36
12 37
12 38
12 39
13 31
13 32
13 33
13 34
13 35
13 36
13 37
13 38
13 39
14 31
14 32
14 33
14 34
14 35
14 36
14 37
14 38
14 39
15 31
15 32
15 33
15 34
15 35
15 36
15 37
15 38
15 39
16 31
16 32
16 33
16 34
16 35
16 36
16 37
16 38
16 39
17 31
17 32
17 33
17 34
17 35
17 36
17 37
17 38
17 39
18 31
18 32
18 33
0
Yes
0 43
0 44
0 45
0 46
0 47
0 48
0 49
1 43
1 44
1 45
1 46
1 47
1 48
1 49
2 43
2 44
2 45
2 46
2 47
2 48
2 49
3 43
3 44
3 45
3 46
3 47
3 48
3 49
4 43
4 44
4 45
4 46
4 47
4 48
4 49
5 43
5 44
0
Yes
10 26
10 27
10 28
10 29
10 30
11 26
11 27
11 28
11 29
11 30
12 26
12 27
12 28
12 29
12 30
13 26
13 27
13 28
13 29
13 30
14 26
14 27
14 28
14 29
14 30
15 26
15 27
15 28
15 29
15 30
16 26
16 27
16 28
16 29
16 30
17 26
17 27
17 28
17 29
17 30
18 26
18 27
18 28
18 29
18 30
19 26
19 27
19 28
19 29
19 30
0
No
0
No
0
No
0
Yes
11 11
11 12
12 11
12 12
10 11
10 12
11 10
11 13
12 10
12 13
13 11
13 12
10 10
10 13
13 10
13 13
9 11
9 12
11 9
11 14
12 9
12 14
14 11
14 12
9 10
9 13
10 9
10 14
13 9
13 14
14 10
14 13
8 11
8 12
9 9
9 14
11 8
11 15
12 8
12 15
14 9
14 14
15 11
15 12
8 10
8 13
10 8
10 15
13 8
13 15
15 10
15 13
8 9
8 14
9 8
9 15
14 8
14 15
15 9
15 14
7 11
7 12
11 7
12 7
7 10
7 13
10 7
13 7
8 8
8 15
15 8
15 15
7 9
7 14
9 7
14 7
7 8
7 15
8 7
15 7
7 7
0
Yes
15 22
16 22
15 21
15 23
16 21
16 23
14 22
17 22
14 21
14 23
17 21
17 23
15 20
15 24
16 20
16 24
13 22
14 20
14 24
17 20
17 24
18 22
13 21
13 23
18 21
18 23
15 19
15 25
16 19
16 25
13 20
13 24
18 20
18 24
14 19
14 25
17 19
17 25
12 22
19 22
12 21
12 23
19 21
19 23
13 19
13 25
18 19
18 25
12 20
12 24
15 18
16 18
19 20
19 24
14 18
17 18
11 22
20 22
11 21
11 23
12 19
12 25
19 19
19 25
20 21
20 23
13 18
18 18
11 20
11 24
20 20
20 24
12 18
19 18
11 19
11 25
20 19
20 25
10 22
10 21
10 23
10 20
10 24
11 18
20 18
10 19
0
No
0
No
0
Yes
8 49
7 49
7 48
8 48
7 47
8 47
6 47
6 48
6 49
5 49
5 48
5 47
6 46
7 46
8 46
0
Yes
0 31
0 32
1 32
1 31
2 31
2 32
1 33
0 33
2 33
0 34
1 34
2 34
3 32
3 33
3 31
3 34
4 31
4 32
4 33
4 34
1 35
2 35
3 35
0 35
4 35
0 36
1 36
2 36
3 36
4 36
5 32
5 33
5 34
5 35
5 31
5 36
1 37
2 37
3 37
4 37
0 37
5 37
0 38
1 38
2 38
3 38
4 38
5 38
1 39
2 39
3 39
4 39
0 39
5 39
0 40
1 40
2 40
3 40
4 40
5 40
1 41
2 41
3 41
4 41
0 41
0
Yes
49 49
48 49
48 48
49 48
48 47
49 47
47 47
47 48
47 49
46 49
46 48
46 47
47 46
48 46
49 46
46 46
45 48
45 47
45 49
45 46
49 45
48 45
47 45
46 45
45 45
44 49
44 48
44 47
44 46
44 45
48 44
47 44
46 44
45 44
49 44
44 44
43 48
43 47
43 46
43 45
43 44
43 49
49 43
0
Yes
21 34
20 34
20 33
20 35
21 35
19 35
19 34
19 33
19 36
20 36
21 36
21 37
20 37
19 37
18 36
18 37
18 35
18 34
20 38
19 38
21 38
18 38
22 37
22 36
22 35
22 38
21 39
20 39
19 39
22 39
18 39
23 36
23 35
0
Yes
10 3
10 4
9 3
9 4
11 3
11 4
10 2
10 5
9 2
9 5
11 2
11 5
8 3
8 4
12 3
12 4
8 2
8 5
10 1
10 6
12 2
12 5
9 1
9 6
11 1
11 6
7 3
7 4
8 1
8 6
12 1
12 6
7 2
7 5
10 0
9 0
11 0
7 1
7 6
8 0
12 0
0
Yes
27 3
26 3
26 2
27 2
26 1
27 1
25 1
25 2
25 3
24 3
24 2
24 1
25 0
26 0
27 0
24 0
23 2
23 1
23 3
23 0
24 4
25 4
26 4
23 4
22 3
22 2
22 1
22 4
22 0
26 5
25 5
24 5
23 5
22 5
21 2
21 3
21 4
21 1
21 5
21 0
25 6
24 6
23 6
22 6
26 6
21 6
20 3
20 2
20 4
20 1
20 5
20 0
20 6
26 7
25 7
24 7
23 7
22 7
21 7
20 7
19 2
19 3
19 4
19 5
19 1
19 6
19 0
19 7
25 8
24 8
23 8
22 8
21 8
20 8
26 8
19 8
18 3
18 2
18 4
18 5
18 6
18 1
18 7
18 0
18 8
26 9
25 9
24 9
23 9
22 9
21 9
20 9
19 9
18 9
17 2
17 3
17 4
17 5
17 6
17 7
17 1
17 8
17 0
17 9
25 10
24 10
23 10
22 10
21 10
20 10
19 10
18 10
0
Yes
14 21
14 22
13 21
13 22
15 21
15 22
14 20
14 23
13 20
13 23
15 20
15 23
12 21
12 22
16 21
16 22
12 20
12 23
14 19
14 24
16 20
16 23
13 19
13 24
15 19
15 24
11 21
11 22
17 21
17 22
12 19
12 24
16 19
16 24
11 20
11 23
17 20
17 23
14 18
14 25
13 18
13 25
15 18
15 25
11 19
11 24
17 19
17 24
10 21
10 22
12 18
12 25
16 18
16 25
10 20
10 23
14 17
11 18
11 25
13 17
15 17
17 18
17 25
10 19
10 24
12 17
16 17
10 18
10 25
11 17
17 17
0
Yes
43 27
44 27
43 26
42 27
42 26
0
No
0
No
0
Yes
10 26
10 27
10 28
10 29
10 30
11 26
11 27
11 28
11 29
11 30
12 26
12 27
12 28
12 29
12 30
13 26
13 27
13 28
13 29
13 30
14 26
14 27
14 28
14 29
14 30
15 26
15 27
15 28
15 29
15 30
16 26
16 27
16 28
16 29
16 30
17 26
17 27
0
No
0
No
0
Yes
3 2
3 3
2 2
2 3
4 2
4 3
3 1
3 4
2 1
2 4
4 1
4 4
1 2
1 3
5 2
5 3
1 1
1 4
3 0
5 1
5 4
2 0
4 0
0 2
0 3
1 0
5 0
0 1
0 4
0 0
0
Yes
0 31
0 32
1 32
1 31
2 32
2 31
2 33
1 33
0 33
0 34
1 34
2 34
3 33
3 32
3 31
3 34
1 35
2 35
0 35
3 35
4 31
4 32
4 33
4 34
4 35
0 36
1 36
2 36
3 36
4 36
5 32
5 33
5 34
5 35
5 36
5 31
1 37
2 37
3 37
4 37
0 37
5 37
0 38
1 38
2 38
0
No
0
No
0
No
0
No
0
No
0
Yes
39 47
38 47
38 46
39 46
38 45
39 45
40 45
40 46
40 47
37 45
37 46
37 47
40 48
39 48
38 48
37 48
41 47
41 46
41 48
41 45
40 44
39 44
38 44
37 44
41 44
36 47
36 46
36 45
36 48
36 44
39 49
38 49
40 49
41 49
37 49
36 49
42 46
42 47
42 48
42 45
42 49
42 44
39 43
38 43
40 43
37 43
41 43
42 43
36 43
43 47
43 46
43 45
43 48
43 44
43 49
43 43
38 42
39 42
40 42
41 42
37 42
42 42
43 42
44 46
44 47
44 45
44 48
44 44
44 43
44 49
40 41
41 41
45 47
45 46
45 45
45 48
45 44
45 49
45 43
46 46
46 47
46 45
46 48
46 44
46 49
46 43
47 47
47 46
47 45
47 48
47 44
47 49
47 43
47 42
46 42
45 42
45 41
46 41
47 41
48 46
48 47
48 45
48 44
48 43
48 48
48 42
48 49
48 41
46 40
47 40
45 40
48 40
49 40
49 41
49 42
49 43
49 44
49 45
49 46
49 47
49 48
49 49
45 39
46 39
47 39
48 39
49 39
0
Yes
15 40
15 41
15 42
15 43
15 44
15 45
15 46
15 47
15 48
15 49
16 40
16 41
16 42
16 43
16 44
16 45
16 46
16 47
16 48
16 49
17 40
17 41
17 42
17 43
17 44
17 45
17 46
17 47
17 48
17 49
18 40
18 41
18 42
18 43
18 44
18 45
18 46
18 47
18 48
18 49
19 40
19 41
19 42
19 43
19 44
19 45
19 46
19 47
19 48
19 49
20 40
20 41
20 42
20 43
20 44
20 45
20 46
20 47
20 48
20 49
21 40
21 41
21 42
21 43
21 44
21 45
21 46
21 47
21 48
21 49
22 40
22 41
22 42
22 43
22 44
22 45
22 46
22 47
22 48
22 49
23 40
23 41
23 42
23 43
23 44
23 45
23 46
23 47
23 48
23 49
0
Yes
16 0
16 1
16 2
16 3
16 4
16 5
16 6
16 7
16 8
16 9
17 0
17 1
17 2
17 3
17 4
17 5
17 6
17 7
17 8
17 9
18 0
18 1
18 2
18 3
18 4
18 5
18 6
18 7
18 8
18 9
19 0
19 1
19 2
19 3
19 4
19 5
19 6
19 7
19 8
19 9
20 0
20 1
20 2
20 3
20 4
20 5
20 6
20 7
20 8
20 9
21 0
21 1
21 2
21 3
21 4
21 5
21 6
21 7
21 8
21 9
22 0
22 1
22 2
22 3
22 4
22 5
22 6
22 7
22 8
22 9
23 0
23 1
23 2
23 3
23 4
23 5
23 6
23 7
23 8
23 9
24 0
24 1
24 2
24 3
24 4
24 5
24 6
24 7
24 8
24 9
25 0
25 1
25 2
25 3
25 4
25 5
25 6
25 7
25 8
25 9
26 0
26 1
26 2
26 3
26 4
26 5
26 6
26 7
26 8
26 9
0
Yes
13 3
13 4
14 3
14 4
12 3
12 4
13 2
13 5
14 2
14 5
15 3
15 4
12 2
12 5
15 2
15 5
11 3
11 4
13 1
13 6
14 1
14 6
11 2
11 5
12 1
12 6
15 1
15 6
11 1
11 6
13 0
14 0
12 0
15 0
11 0
0
Yes
23 35
23 36
24 35
24 36
25 35
25 36
0
No
0
Yes
3 44
3 45
2 44
2 45
4 44
4 45
3 43
3 46
2 43
2 46
4 43
4 46
1 44
1 45
5 44
5 45
1 43
1 46
3 42
3 47
5 43
5 46
2 42
2 47
4 42
4 47
0 44
0 45
1 42
1 47
5 42
5 47
0 43
0 46
3 41
3 48
2 41
2 48
4 41
4 48
0 42
0 47
1 41
1 48
5 41
5 48
3 40
3 49
0 41
0 48
2 40
2 49
4 40
4 49
1 40
1 49
5 40
5 49
0 40
0 49
3 39
2 39
4 39
1 39
5 39
0 39
0
Yes
47 45
48 45
47 44
47 46
48 44
48 46
46 45
49 45
46 44
46 46
49 44
49 46
47 43
47 47
48 43
48 47
45 45
46 43
46 47
49 43
49 47
45 44
45 46
47 42
47 48
48 42
48 48
45 43
45 47
46 42
46 48
49 42
49 48
45 42
45 48
47 41
47 49
48 41
48 49
46 41
46 49
49 41
49 49
45 41
45 49
47 40
48 40
46 40
49 40
45 40
0
Yes
38 46
37 46
38 45
38 47
39 46
37 45
37 47
39 45
39 47
36 46
38 44
38 48
40 46
36 45
36 47
37 44
37 48
39 44
39 48
40 45
40 47
36 44
36 48
40 44
40 48
35 46
38 43
38 49
41 46
35 45
35 47
37 43
37 49
39 43
39 49
41 45
41 47
35 44
35 48
36 43
36 49
40 43
40 49
41 44
41 48
34 46
38 42
42 46
34 45
34 47
37 42
39 42
42 45
42 47
35 43
35 49
41 43
41 49
34 44
34 48
36 42
40 42
42 44
42 48
33 46
34 43
34 49
35 42
41 42
42 43
42 49
43 46
33 45
33 47
43 45
43 47
33 44
33 48
43 44
43 48
34 42
42 42
33 43
33 49
43 43
43 49
32 46
32 45
32 47
32 44
32 48
33 42
43 42
32 43
32 49
32 42
0
Yes
16 0
16 1
16 2
16 3
16 4
16 5
16 6
16 7
16 8
16 9
16 10
17 0
17 1
17 2
17 3
17 4
17 5
17 6
17 7
17 8
17 9
17 10
18 0
18 1
18 2
18 3
18 4
18 5
18 6
18 7
18 8
18 9
18 10
19 0
19 1
19 2
19 3
19 4
19 5
19 6
19 7
19 8
19 9
19 10
20 0
20 1
20 2
20 3
20 4
20 5
20 6
20 7
20 8
20 9
20 10
21 0
21 1
21 2
21 3
21 4
21 5
21 6
21 7
21 8
21 9
21 10
22 0
22 1
22 2
22 3
22 4
22 5
22 6
22 7
22 8
22 9
22 10
23 0
23 1
23 2
23 3
23 4
23 5
23 6
23 7
23 8
23 9
23 10
24 0
24 1
24 2
24 3
24 4
24 5
24 6
24 7
24 8
24 9
24 10
25 0
25 1
25 2
25 3
25 4
25 5
25 6
25 7
25 8
25 9
25 10
26 0
26 1
26 2
26 3
26 4
26 5
26 6
26 7
26 8
26 9
26 10
27 0
27 1
27 2
27 3
0
No
0
Yes
45 39
45 38
44 38
46 38
46 39
46 37
45 37
44 37
0
No
0
Yes
12 27
11 27
11 26
12 26
11 28
12 28
13 28
13 27
13 26
10 28
10 27
10 26
14 27
14 26
14 28
13 29
12 29
11 29
10 29
14 29
15 28
15 27
15 26
15 29
12 30
13 30
11 30
14 30
10 30
15 30
16 27
16 28
16 29
16 26
16 30
11 31
12 31
13 31
14 31
15 31
10 31
16 31
17 26
17 27
17 28
17 29
17 30
17 31
12 32
13 32
14 32
15 32
11 32
16 32
10 32
17 32
18 27
18 28
18 29
18 30
18 31
18 26
18 32
11 33
12 33
13 33
14 33
15 33
16 33
17 33
10 33
18 33
19 26
0
Yes
9 14
8 14
8 13
9 13
8 12
9 12
10 12
10 13
10 14
7 12
7 13
7 14
10 15
9 15
8 15
7 15
11 14
11 13
11 15
11 12
10 11
9 11
8 11
7 11
11 11
12 13
12 14
12 12
12 15
12 11
11 16
12 16
10 16
9 16
9 10
10 10
8 10
11 10
7 10
12 10
13 14
13 13
13 12
13 15
13 11
13 16
13 10
8 9
9 9
10 9
11 9
12 9
7 9
13 9
14 13
14 14
14 12
14 11
14 15
14 10
14 16
14 9
9 8
10 8
11 8
12 8
8 8
13 8
7 8
14 8
15 14
15 13
15 12
15 11
15 10
15 15
15 9
15 16
15 8
8 7
9 7
10 7
11 7
12 7
13 7
14 7
7 7
15 7
16 13
16 14
16 15
16 12
16 11
16 16
9 6
10 6
11 6
12 6
13 6
8 6
14 6
7 6
15 6
0
Yes
18 17
18 18
18 19
18 20
18 21
18 22
18 23
18 24
19 17
19 18
19 19
19 20
19 21
19 22
19 23
19 24
20 17
20 18
20 19
20 20
20 21
20 22
20 23
20 24
21 17
21 18
21 19
21 20
21 21
21 22
21 23
21 24
22 17
22 18
22 19
22 20
22 21
22 22
22 23
22 24
23 17
23 18
23 19
23 20
23 21
23 22
23 23
23 24
24 17
24 18
24 19
24 20
24 21
24 22
24 23
24 24
25 17
25 18
25 19
25 20
25 21
25 22
25 23
25 24
26 17
26 18
26 19
26 20
26 21
26 22
26 23
26 24
27 17
27 18
27 19
27 20
27 21
27 22
27 23
27 24
28 17
28 18
0
Yes
17 11
17 12
17 13
17 14
17 15
17 16
18 11
18 12
18 13
18 14
18 15
18 16
19 11
19 12
19 13
19 14
19 15
19 16
20 11
20 12
20 13
20 14
0
No
0
Yes
6 0
6 1
7 1
7 0
8 1
8 0
8 2
7 2
6 2
6 3
7 3
8 3
9 2
9 1
9 0
9 3
7 4
8 4
9 4
6 4
10 0
10 1
10 2
10 3
10 4
8 5
9 5
10 5
7 5
11 1
11 2
11 3
11 4
11 0
11 5
12 0
12 1
12 2
12 3
12 4
12 5
13 1
13 2
13 3
13 4
0
No
0
No
0
Yes
43 27
42 27
43 26
42 26
0
No
0
No
0
Yes
15 2
14 2
15 1
15 3
14 1
14 3
15 0
14 0
0
Yes
12 25
11 25
11 24
12 24
11 23
12 23
13 23
13 24
13 25
10 23
10 24
10 25
13 26
12 26
11 26
10 26
14 25
14 24
14 26
14 23
13 22
12 22
11 22
10 22
14 22
12 27
11 27
13 27
10 27
14 27
15 24
15 25
15 26
15 23
15 27
15 22
12 21
13 21
11 21
14 21
10 21
15 21
11 28
12 28
13 28
14 28
10 28
15 28
16 25
16 24
16 26
16 23
16 27
16 22
16 28
16 21
11 20
12 20
13 20
14 20
15 20
10 20
16 20
12 29
13 29
14 29
11 29
15 29
10 29
16 29
17 24
17 25
17 26
17 23
17 27
17 22
17 28
17 21
17 29
17 20
12 19
13 19
14 19
15 19
11 19
16 19
10 19
17 19
11 30
12 30
13 30
14 30
15 30
16 30
10 30
17 30
18 25
18 26
18 27
18 28
18 29
18 30
11 18
12 18
13 18
14 18
15 18
16 18
10 18
17 18
12 31
13 31
14 31
15 31
16 31
11 31
17 31
10 31
18 31
19 26
19 27
19 28
19 29
19 30
19 25
19 31
12 17
13 17
14 17
15 17
11 17
16 17
10 17
17 17
20 25
20 26
20 27
20 28
20 29
20 30
20 31
21 26
21 27
21 28
21 29
21 30
21 25
22 25
22 26
0
No
0
Yes
47 47
46 47
46 46
47 46
46 45
47 45
48 45
48 46
48 47
45 45
45 46
45 47
48 48
47 48
46 48
45 48
49 47
49 46
49 48
49 45
48 44
47 44
46 44
45 44
49 44
44 47
44 46
44 45
44 48
44 44
47 49
46 49
48 49
45 49
49 49
44 49
47 43
46 43
48 43
45 43
49 43
44 43
46 42
47 42
48 42
45 42
49 42
47 41
46 41
48 41
45 41
0
No
0
No
0
Yes
26 26
26 27
27 26
27 27
28 26
0
Yes
0 31
0 32
0 33
0 34
0 35
0 36
0 37
0 38
1 31
1 32
1 33
1 34
1 35
1 36
1 37
1 38
2 31
2 32
2 33
2 34
2 35
2 36
2 37
2 38
3 31
3 32
3 33
3 34
3 35
3 36
3 37
3 38
4 31
4 32
4 33
4 34
4 35
4 36
4 37
4 38
5 31
5 32
5 33
5 34
5 35
5 36
5 37
5 38
6 31
6 32
6 33
6 34
6 35
0
No
0
No
0
Yes
6 39
6 40
6 41
6 42
6 43
6 44
6 45
6 46
6 47
6 48
6 49
7 39
7 40
7 41
7 42
7 43
7 44
7 45
7 46
7 47
7 48
7 49
8 39
8 40
8 41
8 42
8 43
8 44
8 45
8 46
8 47
8 48
8 49
9 39
9 40
9 41
9 42
9 43
9 44
9 45
9 46
9 47
9 48
9 49
10 39
10 40
10 41
10 42
10 43
10 44
10 45
10 46
10 47
10 48
10 49
11 39
11 40
11 41
11 42
11 43
11 44
11 45
11 46
11 47
11 48
11 49
12 39
12 40
12 41
12 42
12 43
12 44
12 45
12 46
12 47
12 48
12 49
13 39
13 40
13 41
13 42
13 43
13 44
13 45
13 46
13 47
13 48
13 49
14 39
14 40
14 41
14 42
14 43
14 44
14 45
14 46
14 47
14 48
14 49
15 39
15 40
15 41
15 42
15 43
15 44
15 45
15 46
15 47
15 48
15 49
16 39
16 40
16 41
16 42
16 43
16 44
16 45
16 46
16 47
16 48
16 49
17 39
17 40
17 41
17 42
17 43
17 44
17 45
17 46
17 47
17 48
0
Yes
6 36
6 37
6 38
7 36
7 37
7 38
8 36
8 37
8 38
9 36
9 37
9 38
0
Yes
0 6
0 7
0 8
0 9
0 10
0 11
0 12
0 13
0 14
0 15
1 6
1 7
1 8
1 9
1 10
1 11
1 12
1 13
1 14
1 15
2 6
2 7
2 8
2 9
2 10
2 11
2 12
2 13
2 14
2 15
3 6
3 7
3 8
3 9
3 10
3 11
3 12
3 13
3 14
3 15
4 6
4 7
4 8
4 9
4 10
4 11
4 12
4 13
4 14
4 15
5 6
5 7
5 8
5 9
5 10
5 11
5 12
5 13
5 14
5 15
6 6
6 7
6 8
6 9
6 10
6 11
6 12
6 13
6 14
6 15
7 6
7 7
7 8
7 9
7 10
7 11
7 12
7 13
7 14
7 15
8 6
8 7
8 8
8 9
8 10
8 11
8 12
8 13
8 14
8 15
9 6
9 7
9 8
9 9
9 10
9 11
9 12
9 13
9 14
9 15
10 6
10 7
10 8
10 9
10 10
10 11
10 12
10 13
10 14
10 15
11 6
11 7
11 8
11 9
11 10
11 11
11 12
11 13
11 14
11 15
12 6
12 7
12 8
12 9
12 10
12 11
12 12
12 13
12 14
12 15
13 6
13 7
13 8
13 9
13 10
13 11
13 12
13 13
13 14
13 15
14 6
14 7
14 8
14 9
14 10
14 11
14 12
14 13
14 14
14 15
0
No
0
No
0
Yes
35 40
36 40
35 39
35 41
36 39
36 41
34 40
34 39
34 41
35 38
34 38
0
Yes
0 5
0 6
0 7
0 8
0 9
0 10
0 11
0 12
0 13
0 14
0 15
1 5
1 6
1 7
1 8
1 9
1 10
1 11
1 12
1 13
1 14
1 15
2 5
2 6
2 7
2 8
2 9
2 10
2 11
2 12
2 13
2 14
2 15
3 5
3 6
3 7
3 8
3 9
3 10
3 11
3 12
3 13
3 14
3 15
4 5
4 6
4 7
4 8
4 9
4 10
4 11
4 12
4 13
4 14
4 15
5 5
5 6
5 7
5 8
5 9
5 10
5 11
5 12
5 13
5 14
5 15
6 5
6 6
6 7
6 8
6 9
6 10
6 11
6 12
6 13
0
Yes
25 42
25 43
25 44
25 45
25 46
25 47
25 48
25 49
26 42
26 43
26 44
26 45
26 46
26 47
26 48
26 49
27 42
27 43
27 44
27 45
27 46
27 47
27 48
27 49
28 42
28 43
28 44
28 45
28 46
28 47
28 48
28 49
29 42
29 43
29 44
29 45
29 46
29 47
29 48
29 49
30 42
30 43
30 44
30 45
30 46
30 47
30 48
30 49
31 42
31 43
31 44
31 45
31 46
31 47
31 48
0
Yes
22 16
22 17
21 16
21 17
23 16
23 17
22 15
22 18
21 15
21 18
23 15
23 18
20 16
20 17
24 16
24 17
20 15
20 18
22 14
22 19
24 15
24 18
21 14
21 19
23 14
23 19
19 16
19 17
25 16
25 17
20 14
20 19
24 14
24 19
19 15
19 18
25 15
25 18
22 13
22 20
21 13
21 20
23 13
23 20
19 14
19 19
25 14
25 19
18 16
18 17
20 13
20 20
24 13
24 20
26 16
26 17
18 15
18 18
26 15
26 18
22 12
22 21
19 13
19 20
21 12
21 21
23 12
23 21
25 13
25 20
18 14
18 19
26 14
26 19
20 12
20 21
24 12
24 21
17 16
17 17
27 16
27 17
17 15
17 18
27 15
27 18
18 13
18 20
26 13
26 20
19 12
19 21
25 12
25 21
22 11
17 14
17 19
21 11
23 11
27 14
27 19
20 11
24 11
16 16
16 17
18 12
18 21
26 12
26 21
17 13
17 20
27 13
27 20
16 15
16 18
19 11
25 11
16 14
16 19
17 12
17 21
27 12
27 21
18 11
26 11
16 13
16 20
17 11
27 11
16 12
16 21
0
Yes
18 38
18 39
18 40
18 41
18 42
18 43
18 44
18 45
18 46
18 47
18 48
18 49
19 38
19 39
19 40
19 41
19 42
19 43
19 44
19 45
19 46
19 47
19 48
19 49
20 38
20 39
20 40
20 41
20 42
20 43
20 44
20 45
20 46
20 47
20 48
20 49
21 38
21 39
21 40
21 41
21 42
21 43
21 44
21 45
21 46
21 47
21 48
21 49
22 38
22 39
22 40
22 41
22 42
22 43
22 44
22 45
22 46
22 47
22 48
22 49
23 38
23 39
23 40
23 41
23 42
23 43
23 44
23 45
23 46
23 47
23 48
23 49
24 38
24 39
24 40
24 41
24 42
24 43
24 44
24 45
24 46
24 47
24 48
24 49
25 38
25 39
25 40
0
Yes
28 16
28 17
28 18
28 19
29 16
29 17
29 18
29 19
30 16
30 17
30 18
30 19
31 16
31 17
31 18
31 19
32 16
0
Yes
21 35
21 36
21 37
22 35
22 36
22 37
23 35
23 36
23 37
24 35
24 36
24 37
25 35
0
Yes
0 0
0 1
0 2
0 3
0 4
0 5
0 6
0 7
0 8
1 0
1 1
1 2
1 3
1 4
1 5
1 6
1 7
1 8
2 0
2 1
2 2
2 3
2 4
2 5
2 6
2 7
2 8
3 0
3 1
3 2
3 3
3 4
3 5
3 6
3 7
3 8
4 0
4 1
4 2
4 3
4 4
4 5
4 6
4 7
4 8
5 0
5 1
5 2
5 3
5 4
5 5
5 6
5 7
5 8
6 0
6 1
6 2
6 3
6 4
6 5
6 6
6 7
6 8
7 0
7 1
7 2
7 3
7 4
7 5
7 6
7 7
7 8
8 0
8 1
8 2
8 3
8 4
8 5
8 6
8 7
8 8
9 0
9 1
9 2
9 3
9 4
9 5
9 6
9 7
9 8
10 0
10 1
10 2
10 3
10 4
10 5
10 6
10 7
10 8
11 0
11 1
11 2
11 3
11 4
11 5
11 6
11 7
11 8
12 0
12 1
12 2
12 3
12 4
12 5
0
No
0
No
0
Yes
6 14
7 14
6 13
6 15
7 13
7 15
5 14
8 14
5 13
5 15
8 13
8 15
6 12
6 16
7 12
7 16
4 14
5 12
5 16
8 12
8 16
9 14
4 13
4 15
9 13
9 15
6 11
6 17
7 11
7 17
4 12
4 16
9 12
9 16
5 11
5 17
8 11
8 17
3 14
10 14
3 13
3 15
10 13
10 15
4 11
4 17
9 11
9 17
3 12
3 16
6 10
6 18
7 10
7 18
10 12
10 16
5 10
5 18
8 10
8 18
2 14
11 14
2 13
2 15
3 11
3 17
10 11
10 17
11 13
11 15
4 10
4 18
9 10
9 18
2 12
2 16
11 12
11 16
6 9
7 9
5 9
8 9
3 10
3 18
10 10
10 18
2 11
2 17
11 11
11 17
1 14
12 14
1 13
1 15
4 9
9 9
12 13
12 15
1 12
1 16
12 12
12 16
2 10
2 18
11 10
11 18
3 9
10 9
1 11
1 17
12 11
12 17
0 14
0 13
0 15
2 9
11 9
0 12
0 16
1 10
1 18
12 10
12 18
0 11
0 17
1 9
12 9
0 10
0 18
0
Yes
47 48
46 48
47 47
47 49
48 48
46 47
46 49
48 47
48 49
45 48
47 46
49 48
45 47
45 49
46 46
48 46
49 47
49 49
45 46
49 46
44 48
44 47
44 49
44 46
0
Yes
5 24
4 24
5 23
5 25
6 24
4 23
4 25
6 23
6 25
3 24
5 22
5 26
7 24
3 23
3 25
4 22
4 26
6 22
6 26
7 23
7 25
3 22
3 26
7 22
7 26
2 24
5 21
5 27
8 24
2 23
2 25
4 21
4 27
6 21
6 27
8 23
8 25
2 22
2 26
3 21
3 27
7 21
7 27
8 22
8 26
1 24
5 20
5 28
9 24
1 23
1 25
4 20
4 28
6 20
6 28
9 23
9 25
2 21
2 27
8 21
8 27
1 22
1 26
3 20
3 28
7 20
7 28
9 22
9 26
0 24
1 21
1 27
2 20
2 28
5 19
8 20
8 28
9 21
9 27
0 23
0 25
4 19
6 19
0 22
0 26
3 19
7 19
1 20
1 28
9 20
9 28
0 21
0 27
2 19
8 19
0 20
0 28
1 19
9 19
0 19
0
Yes
0 0
0 1
0 2
0 3
0 4
0 5
0 6
0 7
0 8
1 0
1 1
1 2
1 3
1 4
1 5
1 6
1 7
1 8
2 0
2 1
2 2
2 3
2 4
2 5
2 6
2 7
2 8
3 0
3 1
3 2
3 3
3 4
3 5
3 6
3 7
3 8
4 0
4 1
4 2
4 3
4 4
4 5
4 6
4 7
4 8
5 0
5 1
5 2
5 3
5 4
5 5
5 6
5 7
5 8
6 0
6 1
6 2
6 3
6 4
6 5
6 6
6 7
6 8
7 0
7 1
7 2
7 3
7 4
7 5
7 6
7 7
7 8
8 0
8 1
8 2
8 3
8 4
8 5
8 6
8 7
8 8
9 0
9 1
9 2
9 3
0
Yes
26 26
26 27
27 26
27 27
28 26
0
Yes
3 34
3 35
4 34
4 35
2 34
2 35
3 33
3 36
4 33
4 36
5 34
5 35
2 33
2 36
5 33
5 36
1 34
1 35
3 32
3 37
4 32
4 37
6 34
6 35
1 33
1 36
2 32
2 37
5 32
5 37
6 33
6 36
0 34
0 35
1 32
1 37
3 31
3 38
4 31
4 38
6 32
6 37
0 33
0 36
2 31
2 38
5 31
5 38
0 32
0 37
1 31
1 38
6 31
6 38
3 30
4 30
2 30
5 30
0 31
0 38
1 30
0
No
0
Yes
34 15
33 15
33 16
34 16
33 17
34 17
33 18
34 18
0
No
0
Yes
12 46
12 47
11 46
11 47
13 46
13 47
12 45
12 48
11 45
11 48
13 45
13 48
10 46
10 47
14 46
14 47
10 45
10 48
12 44
12 49
14 45
14 48
11 44
11 49
13 44
13 49
9 46
9 47
15 46
15 47
10 44
10 49
14 44
14 49
9 45
9 48
15 45
15 48
12 43
11 43
13 43
9 44
9 49
15 44
15 49
8 46
8 47
10 43
14 43
16 46
16 47
8 45
8 48
16 45
16 48
9 43
15 43
8 44
8 49
16 44
16 49
7 46
7 47
17 46
17 47
7 45
7 48
17 45
17 48
8 43
16 43
7 44
7 49
17 44
17 49
6 46
6 47
7 43
17 43
6 45
6 48
6 44
6 49
6 43
0
No
0
Yes
25 26
25 27
26 26
26 27
27 26
27 27
28 26
0
Yes
25 49
25 48
26 48
26 49
27 48
27 49
27 47
26 47
25 47
25 46
26 46
27 46
28 47
28 48
28 49
28 46
26 45
27 45
25 45
28 45
29 49
29 48
29 47
29 46
29 45
25 44
26 44
27 44
28 44
29 44
30 48
30 47
30 46
30 45
30 49
30 44
26 43
27 43
28 43
29 43
25 43
30 43
31 49
31 48
0
Yes
0 0
0 1
0 2
0 3
0 4
0 5
0 6
0 7
0 8
0 9
0 10
1 0
1 1
1 2
1 3
1 4
1 5
1 6
1 7
1 8
1 9
1 10
2 0
2 1
2 2
2 3
2 4
2 5
2 6
2 7
2 8
2 9
2 10
3 0
3 1
3 2
3 3
3 4
3 5
3 6
3 7
3 8
3 9
3 10
4 0
4 1
4 2
4 3
4 4
4 5
4 6
4 7
4 8
4 9
4 10
5 0
5 1
5 2
5 3
5 4
5 5
5 6
5 7
5 8
5 9
5 10
6 0
6 1
6 2
6 3
6 4
6 5
6 6
6 7
6 8
6 9
6 10
7 0
7 1
7 2
7 3
7 4
7 5
7 6
7 7
7 8
7 9
7 10
8 0
8 1
8 2
8 3
8 4
8 5
8 6
8 7
8 8
8 9
8 10
9 0
9 1
0
Yes
3 47
3 48
2 47
2 48
4 47
4 48
3 46
3 49
2 46
2 49
4 46
4 49
1 47
1 48
5 47
5 48
1 46
1 49
3 45
5 46
5 49
2 45
4 45
0 47
0 48
1 45
5 45
0 46
0 49
0
Yes
0 11
0 12
0 13
0 14
0 15
0 16
0 17
0 18
1 11
1 12
1 13
1 14
1 15
1 16
1 17
1 18
2 11
2 12
2 13
2 14
2 15
2 16
2 17
2 18
3 11
3 12
3 13
3 14
3 15
3 16
3 17
3 18
4 11
4 12
4 13
4 14
4 15
4 16
4 17
4 18
5 11
5 12
5 13
5 14
5 15
5 16
5 17
5 18
6 11
6 12
6 13
6 14
6 15
6 16
6 17
6 18
7 11
7 12
7 13
7 14
7 15
7 16
7 17
7 18
8 11
8 12
8 13
8 14
8 15
8 16
8 17
8 18
9 11
9 12
9 13
9 14
9 15
9 16
9 17
9 18
10 11
10 12
10 13
10 14
10 15
10 16
10 17
10 18
11 11
11 12
11 13
11 14
11 15
0
Yes
45 37
45 38
45 39
45 40
45 41
45 42
45 43
45 44
45 45
46 37
46 38
46 39
46 40
46 41
46 42
46 43
46 44
46 45
47 37
47 38
47 39
47 40
47 41
47 42
47 43
47 44
47 45
48 37
48 38
48 39
48 40
48 41
48 42
48 43
48 44
48 45
49 37
49 38
49 39
49 40
49 41
49 42
49 43
49 44
0
Yes
10 22
10 23
10 24
10 25
10 26
10 27
10 28
10 29
10 30
10 31
11 22
11 23
11 24
11 25
11 26
11 27
11 28
11 29
11 30
11 31
12 22
12 23
12 24
12 25
12 26
12 27
12 28
12 29
12 30
12 31
13 22
13 23
13 24
13 25
13 26
13 27
13 28
13 29
13 30
13 31
14 22
14 23
14 24
14 25
14 26
14 27
14 28
14 29
14 30
14 31
15 22
15 23
15 24
15 25
15 26
15 27
15 28
15 29
15 30
15 31
16 22
16 23
16 24
16 25
16 26
16 27
16 28
16 29
16 30
16 31
17 22
17 23
17 24
17 25
17 26
17 27
17 28
17 29
17 30
17 31
18 22
18 23
18 24
18 25
18 26
18 27
18 28
18 29
18 30
18 31
19 22
19 23
19 24
19 25
19 26
19 27
19 28
19 29
19 30
19 31
20 22
20 23
20 24
20 25
20 26
20 27
20 28
20 29
20 30
20 31
21 22
21 23
21 24
21 25
21 26
21 27
21 28
21 29
0
Yes
27 24
26 24
26 23
27 23
26 22
27 22
25 22
25 23
25 24
24 24
24 23
24 22
23 23
23 24
23 22
22 22
22 23
0
Yes
43 26
43 27
42 26
42 27
0
No
0
Yes
0 39
0 40
0 41
0 42
0 43
0 44
1 39
1 40
1 41
1 42
1 43
1 44
2 39
2 40
2 41
2 42
2 43
2 44
3 39
3 40
3 41
3 42
3 43
3 44
4 39
4 40
4 41
4 42
4 43
4 44
5 39
5 40
5 41
5 42
5 43
5 44
6 39
6 40
0
Yes
0 19
0 20
0 21
0 22
0 23
0 24
0 25
0 26
0 27
0 28
0 29
1 19
1 20
1 21
1 22
1 23
1 24
1 25
1 26
1 27
1 28
1 29
2 19
2 20
2 21
2 22
2 23
2 24
2 25
2 26
2 27
2 28
2 29
3 19
3 20
3 21
3 22
3 23
3 24
3 25
3 26
3 27
3 28
3 29
4 19
4 20
4 21
4 22
4 23
4 24
4 25
4 26
4 27
4 28
4 29
5 19
5 20
5 21
5 22
5 23
5 24
5 25
5 26
5 27
5 28
5 29
6 19
6 20
6 21
6 22
6 23
6 24
6 25
6 26
6 27
6 28
6 29
7 19
7 20
7 21
7 22
7 23
7 24
7 25
7 26
7 27
7 28
7 29
8 19
8 20
8 21
8 22
8 23
8 24
8 25
8 26
8 27
8 28
8 29
9 19
9 20
9 21
9 22
9 23
9 24
9 25
0
No
0
No
0
Yes
37 45
37 46
38 45
38 46
36 45
36 46
37 44
37 47
38 44
38 47
39 45
39 46
36 44
36 47
39 44
39 47
35 45
35 46
37 43
37 48
38 43
38 48
40 45
40 46
35 44
35 47
36 43
36 48
39 43
39 48
40 44
40 47
34 45
34 46
35 43
35 48
37 42
37 49
38 42
38 49
40 43
40 48
41 45
41 46
34 44
34 47
36 42
36 49
39 42
39 49
41 44
41 47
34 43
34 48
35 42
35 49
40 42
40 49
41 43
41 48
33 45
33 46
37 41
42 45
42 46
33 44
33 47
36 41
42 44
42 47
34 42
34 49
41 42
41 49
33 43
33 48
35 41
40 41
42 43
42 48
32 45
32 46
43 45
43 46
32 44
32 47
33 42
33 49
34 41
41 41
42 42
42 49
43 44
43 47
32 43
32 48
43 43
43 48
33 41
31 45
31 46
32 42
32 49
43 42
43 49
31 44
31 47
31 43
31 48
32 41
31 42
31 49
31 41
0
No
0
No
0
Yes
34 42
34 43
34 44
34 45
34 46
34 47
34 48
34 49
35 42
35 43
35 44
35 45
35 46
35 47
35 48
35 49
36 42
36 43
36 44
36 45
36 46
36 47
36 48
36 49
37 42
37 43
37 44
37 45
37 46
37 47
37 48
37 49
38 42
38 43
38 44
38 45
38 46
38 47
38 48
38 49
39 42
39 43
39 44
39 45
39 46
39 47
39 48
39 49
40 42
40 43
40 44
40 45
40 46
40 47
40 48
40 49
41 42
41 43
41 44
41 45
41 46
41 47
41 48
41 49
42 42
42 43
42 44
42 45
42 46
42 47
42 48
42 49
43 42
43 43
43 44
0
Yes
0 0
0 1
0 2
0 3
0 4
0 5
0 6
0 7
0 8
0 9
0 10
1 0
1 1
1 2
1 3
1 4
1 5
1 6
1 7
1 8
1 9
1 10
2 0
2 1
2 2
2 3
2 4
2 5
2 6
2 7
2 8
2 9
2 10
3 0
3 1
3 2
3 3
3 4
3 5
3 6
3 7
3 8
3 9
3 10
4 0
4 1
4 2
4 3
4 4
4 5
4 6
4 7
4 8
4 9
4 10
5 0
5 1
5 2
5 3
5 4
5 5
5 6
5 7
5 8
5 9
5 10
6 0
6 1
6 2
6 3
6 4
6 5
6 6
6 7
6 8
6 9
6 10
7 0
7 1
7 2
7 3
7 4
7 5
7 6
7 7
7 8
7 9
7 10
8 0
8 1
8 2
8 3
8 4
0
No
0
Yes
29 47
29 48
28 47
28 48
30 47
30 48
29 46
29 49
28 46
28 49
30 46
30 49
27 47
27 48
31 47
31 48
27 46
27 49
29 45
31 46
31 49
28 45
30 45
26 47
26 48
32 47
32 48
27 45
31 45
26 46
26 49
32 46
32 49
26 45
32 45
25 47
25 48
33 47
33 48
25 46
25 49
33 46
33 49
25 45
33 45
24 47
24 48
24 46
24 49
24 45
0
Yes
23 18
23 19
22 18
22 19
24 18
24 19
23 17
23 20
22 17
22 20
24 17
24 20
21 18
21 19
25 18
25 19
21 17
21 20
23 16
23 21
25 17
25 20
22 16
22 21
24 16
24 21
20 18
20 19
26 18
26 19
21 16
21 21
25 16
25 21
20 17
20 20
26 17
26 20
23 15
23 22
22 15
22 22
24 15
24 22
20 16
20 21
26 16
26 21
19 18
19 19
21 15
21 22
25 15
25 22
27 18
27 19
19 17
19 20
27 17
27 20
23 14
23 23
20 15
20 22
22 14
22 23
24 14
24 23
26 15
26 22
19 16
19 21
27 16
27 21
21 14
21 23
25 14
25 23
18 18
18 19
18 17
18 20
19 15
19 22
27 15
27 22
20 14
20 23
26 14
26 23
23 13
23 24
18 16
18 21
22 13
22 24
24 13
24 24
21 13
21 24
25 13
25 24
19 14
19 23
27 14
27 23
18 15
18 22
20 13
20 24
26 13
26 24
23 12
23 25
22 12
22 25
24 12
24 25
18 14
18 23
19 13
19 24
21 12
21 25
25 12
25 25
27 13
27 24
20 12
20 25
26 12
18 13
18 24
23 11
22 11
24 11
19 12
19 25
27 12
21 11
25 11
20 11
26 11
18 12
18 25
19 11
27 11
0
No
0
Yes
10 19
10 20
10 21
10 22
10 23
10 24
10 25
10 26
10 27
11 19
11 20
11 21
11 22
11 23
11 24
11 25
11 26
11 27
12 19
12 20
12 21
12 22
12 23
12 24
12 25
12 26
12 27
13 19
13 20
13 21
13 22
13 23
13 24
13 25
13 26
13 27
14 19
14 20
14 21
14 22
14 23
14 24
14 25
14 26
14 27
15 19
15 20
15 21
15 22
15 23
15 24
15 25
15 26
15 27
16 19
16 20
16 21
16 22
16 23
16 24
16 25
16 26
16 27
17 19
17 20
17 21
17 22
17 23
17 24
17 25
17 26
17 27
0
No
0
Yes
8 10
8 9
9 9
9 10
10 10
10 9
9 8
8 8
10 8
8 7
9 7
10 7
11 9
11 8
11 10
11 7
12 10
12 9
12 8
12 7
9 6
10 6
11 6
8 6
12 6
12 11
8 5
9 5
10 5
11 5
12 5
13 9
13 10
13 8
13 7
13 6
13 11
13 5
13 12
12 12
12 13
13 13
14 10
14 9
14 11
14 8
14 12
14 7
14 6
14 13
14 5
9 4
10 4
11 4
12 4
13 4
14 4
13 14
12 14
14 14
12 15
13 15
14 15
15 9
15 10
15 11
15 8
15 12
15 7
15 13
15 6
15 14
15 5
15 15
15 4
10 3
11 3
12 3
13 3
9 3
13 16
14 16
12 16
15 16
11 16
11 17
12 17
13 17
14 17
15 17
9 2
10 2
11 2
12 2
13 2
16 11
16 12
16 13
16 14
16 15
16 16
16 17
12 18
13 18
14 18
15 18
11 18
16 18
10 1
11 1
12 1
9 1
13 1
17 12
17 13
17 14
17 15
17 16
17 17
17 11
17 18
9 0
10 0
0
No
0
Yes
26 42
26 43
26 44
26 45
26 46
26 47
26 48
26 49
27 42
27 43
27 44
27 45
27 46
27 47
27 48
27 49
28 42
28 43
28 44
28 45
28 46
28 47
28 48
28 49
29 42
29 43
29 44
29 45
29 46
29 47
29 48
29 49
30 42
30 43
30 44
30 45
30 46
30 47
30 48
30 49
31 42
31 43
31 44
31 45
31 46
31 47
31 48
31 49
32 42
32 43
32 44
32 45
32 46
32 47
32 48
32 49
33 42
33 43
33 44
33 45
33 46
33 47
33 48
33 49
0
Yes
47 48
46 48
47 47
47 49
48 48
46 47
46 49
48 47
48 49
45 48
47 46
49 48
45 47
45 49
46 46
48 46
49 47
49 49
45 46
49 46
44 48
44 47
44 49
0
No
0
Yes
0 19
0 20
0 21
0 22
0 23
0 24
0 25
0 26
0 27
1 19
1 20
1 21
1 22
1 23
1 24
1 25
1 26
1 27
2 19
2 20
2 21
2 22
2 23
2 24
2 25
2 26
2 27
3 19
3 20
3 21
3 22
3 23
3 24
3 25
3 26
3 27
4 19
4 20
4 21
4 22
4 23
4 24
4 25
4 26
4 27
5 19
5 20
5 21
5 22
5 23
5 24
5 25
5 26
5 27
6 19
6 20
6 21
6 22
6 23
6 24
6 25
6 26
6 27
7 19
7 20
0
Yes
28 40
28 41
29 41
29 42
28 42
29 43
28 43
30 43
30 42
30 41
30 44
29 44
28 44
31 41
31 42
31 43
31 44
28 45
29 45
30 45
31 45
27 44
27 43
27 42
27 45
32 42
32 43
32 44
32 41
32 45
29 46
30 46
28 46
31 46
27 46
32 46
26 42
26 43
26 44
26 45
26 46
33 41
33 42
33 43
33 44
33 45
33 46
28 47
29 47
30 47
31 47
27 47
32 47
26 47
33 47
25 43
25 44
25 45
25 46
25 42
25 47
27 48
28 48
29 48
30 48
31 48
26 48
32 48
25 48
33 48
24 42
24 43
24 44
24 45
24 46
24 47
24 48
24 41
25 41
26 41
26 40
25 40
24 40
28 49
27 49
29 49
26 49
30 49
31 49
25 49
24 49
32 49
33 49
23 40
23 41
23 42
23 43
23 44
23 45
23 46
23 47
23 48
23 49
25 39
24 39
23 39
22 41
22 42
22 43
22 44
22 45
22 46
22 47
22 40
22 48
22 39
22 49
24 38
23 38
0
No
0
Yes
17 45
16 45
17 44
17 46
18 45
16 44
16 46
18 44
18 46
15 45
17 43
17 47
19 45
15 44
15 46
16 43
16 47
18 43
18 47
19 44
19 46
15 43
15 47
19 43
19 47
14 45
17 42
17 48
20 45
14 44
14 46
16 42
16 48
18 42
18 48
20 44
20 46
14 43
14 47
15 42
15 48
19 42
19 48
20 43
20 47
13 45
17 41
17 49
21 45
13 44
13 46
16 41
16 49
18 41
18 49
21 44
21 46
14 42
14 48
20 42
20 48
13 43
13 47
15 41
15 49
19 41
19 49
21 43
21 47
12 45
13 42
13 48
14 41
14 49
17 40
20 41
20 49
21 42
21 48
12 44
12 46
16 40
18 40
12 43
12 47
15 40
19 40
13 41
13 49
21 41
21 49
12 42
12 48
14 40
20 40
12 41
12 49
13 40
21 40
12 40
0
No
0
Yes
6 41
6 42
6 43
6 44
6 45
6 46
6 47
6 48
6 49
7 41
7 42
7 43
7 44
7 45
7 46
7 47
7 48
7 49
8 41
8 42
8 43
8 44
8 45
8 46
8 47
8 48
8 49
9 41
9 42
9 43
9 44
9 45
9 46
9 47
9 48
9 49
10 41
10 42
10 43
10 44
10 45
10 46
10 47
10 48
10 49
11 41
11 42
11 43
11 44
11 45
11 46
11 47
0
No
0
No
0
Yes
0 1
0 2
0 3
0 4
0 5
0 6
0 7
0 8
0 9
0 10
1 1
1 2
1 3
1 4
1 5
1 6
1 7
1 8
1 9
1 10
2 1
2 2
2 3
2 4
2 5
2 6
2 7
2 8
2 9
2 10
3 1
3 2
3 3
3 4
3 5
3 6
3 7
3 8
3 9
3 10
4 1
4 2
4 3
4 4
4 5
4 6
4 7
4 8
4 9
4 10
5 1
5 2
5 3
5 4
5 5
5 6
5 7
5 8
5 9
5 10
6 1
6 2
6 3
6 4
6 5
6 6
6 7
6 8
6 9
6 10
7 1
7 2
7 3
7 4
7 5
7 6
7 7
7 8
0
No
0
Yes
22 28
22 29
21 28
21 29
23 28
23 29
22 27
22 30
21 27
21 30
23 27
23 30
20 28
20 29
24 28
24 29
20 27
20 30
22 26
24 27
24 30
21 26
23 26
19 28
19 29
20 26
24 26
19 27
19 30
25 27
19 26
25 26
18 28
18 29
18 27
18 30
18 26
0
Yes
11 34
12 34
11 33
11 35
12 33
12 35
10 34
13 34
10 33
10 35
13 33
13 35
11 32
11 36
12 32
12 36
9 34
10 32
10 36
13 32
13 36
14 34
9 33
9 35
14 33
14 35
11 31
11 37
12 31
12 37
9 32
9 36
14 32
14 36
10 31
10 37
13 31
13 37
8 34
15 34
8 33
8 35
15 33
15 35
9 31
9 37
14 31
14 37
8 32
8 36
11 30
11 38
12 30
12 38
15 32
15 36
10 30
10 38
13 30
13 38
7 34
7 33
7 35
8 31
8 37
15 31
15 37
9 30
9 38
14 30
14 38
7 32
7 36
11 29
11 39
12 29
12 39
10 29
10 39
13 29
13 39
8 30
8 38
15 30
15 38
7 31
7 37
9 29
9 39
14 29
14 39
7 30
7 38
11 28
12 28
8 29
8 39
15 29
15 39
10 28
13 28
9 28
14 28
7 29
7 39
8 28
0
No
0
No
0
Yes
7 6
6 6
6 5
7 5
6 4
7 4
5 4
5 5
5 6
5 7
6 7
7 7
4 6
4 5
4 7
4 4
5 3
6 3
7 3
4 3
7 8
6 8
5 8
4 8
3 5
3 6
3 7
3 4
3 8
3 3
7 2
6 2
5 2
4 2
3 2
6 9
5 9
4 9
7 9
3 9
2 6
2 5
2 7
2 4
2 8
2 3
2 9
2 2
6 1
5 1
4 1
3 1
7 1
2 1
8 2
8 1
8 3
8 4
7 10
6 10
5 10
4 10
3 10
2 10
1 5
1 6
1 7
1 4
1 8
1 3
1 9
1 2
1 10
1 1
7 0
6 0
5 0
4 0
3 0
2 0
1 0
8 0
6 11
5 11
4 11
3 11
2 11
7 11
1 11
0 6
0 5
0 7
0 4
0 8
0 3
0 9
0 2
0 10
0 11
0 1
0 0
0 12
1 12
2 12
3 12
4 12
5 12
6 12
7 12
8 11
8 12
0
No
0
No
0
Yes
49 33
48 33
48 32
49 32
48 31
49 31
47 31
47 32
47 33
47 34
48 34
49 34
46 33
46 32
46 34
46 31
47 30
46 30
48 30
49 30
48 35
49 35
45 32
45 31
45 30
45 33
45 34
0
Yes
0 15
0 14
1 14
1 15
2 14
2 15
2 16
1 16
0 16
2 13
1 13
0 13
0 17
1 17
2 17
3 16
3 15
3 14
3 13
3 17
1 18
2 18
3 18
0 18
4 15
4 16
4 14
4 17
4 13
0
Yes
45 29
44 29
45 28
46 29
44 28
43 29
43 28
0
No
0
Yes
8 15
7 15
7 14
8 14
7 13
8 13
9 13
9 14
9 15
6 13
6 14
6 15
9 16
8 16
7 16
6 16
10 15
10 14
10 16
10 13
5 15
5 16
5 14
5 13
8 17
7 17
9 17
6 17
10 17
5 17
11 14
11 13
0
No
0
No
0
Yes
9 11
9 12
10 11
10 12
11 11
11 12
0
Yes
4 24
3 24
3 23
4 23
3 22
4 22
5 22
5 23
5 24
2 22
2 23
2 24
5 25
4 25
3 25
2 25
6 24
6 23
6 25
6 22
5 21
4 21
3 21
2 21
6 21
1 24
1 23
1 22
1 25
1 21
4 26
3 26
5 26
2 26
6 26
1 26
7 23
7 24
7 25
7 22
7 26
7 21
4 20
3 20
5 20
2 20
6 20
1 20
7 20
0 23
0 24
0 22
0 25
0 21
0 26
0 20
3 27
4 27
5 27
2 27
6 27
1 27
7 27
0 27
8 24
8 23
8 25
8 22
8 26
8 21
8 27
8 20
3 19
4 19
5 19
2 19
6 19
7 19
8 19
1 19
0 19
4 28
3 28
5 28
2 28
6 28
1 28
0 28
7 28
9 23
9 24
9 25
9 22
9 21
9 26
9 20
9 27
9 19
4 18
5 18
6 18
7 18
8 18
9 18
0
Yes
34 38
34 39
33 39
35 39
35 38
35 40
34 40
33 40
35 41
34 41
36 41
36 40
36 39
0
Yes
5 49
4 49
4 48
5 48
4 47
5 47
3 47
3 48
3 49
2 49
2 48
2 47
3 46
4 46
5 46
2 46
1 48
1 47
1 49
1 46
5 45
4 45
3 45
2 45
1 45
0 49
0 48
0 47
0 46
0 45
4 44
3 44
2 44
1 44
5 44
0 44
5 43
4 43
3 43
2 43
1 43
0 43
4 42
3 42
2 42
1 42
5 42
0 42
5 41
4 41
0
Yes
8 11
7 11
7 10
7 12
8 12
6 12
6 11
6 10
5 11
5 10
5 12
4 12
4 11
4 10
5 9
6 9
7 9
4 9
3 11
3 10
3 12
3 9
7 8
6 8
5 8
4 8
3 8
2 10
2 11
2 9
2 12
2 8
6 7
5 7
4 7
3 7
7 7
2 7
1 11
1 10
1 9
1 8
1 12
1 7
7 6
6 6
5 6
4 6
3 6
2 6
1 6
0 10
0 9
0 8
0 7
0 6
0 11
0
Yes
27 24
26 24
26 23
27 23
26 22
27 22
25 22
25 23
25 24
24 24
24 23
24 22
25 21
26 21
27 21
24 21
23 23
23 22
23 24
23 21
27 20
26 20
25 20
24 20
23 20
22 24
22 23
22 22
22 21
22 20
23 25
22 25
24 25
25 25
26 19
25 19
24 19
23 19
27 19
22 19
21 23
21 22
21 21
21 24
21 20
21 25
21 19
27 18
26 18
25 18
24 18
23 18
22 18
21 18
20 24
20 23
20 22
20 21
20 20
20 19
20 25
20 18
26 17
25 17
24 17
23 17
22 17
21 17
27 17
20 17
19 23
19 22
19 21
19 20
19 19
19 24
19 18
19 25
19 17
27 16
26 16
25 16
24 16
23 16
22 16
21 16
20 16
19 16
28 17
28 18
28 19
28 16
18 24
18 23
18 22
18 21
18 20
18 19
18 18
18 17
18 25
18 16
26 15
25 15
24 15
23 15
22 15
21 15
20 15
27 15
19 15
28 15
18 15
0
Yes
0 13
0 14
0 15
1 13
1 14
1 15
2 13
2 14
2 15
3 13
3 14
3 15
4 13
4 14
4 15
0
Yes
2 3
3 3
2 2
2 4
3 2
3 4
1 3
4 3
1 2
1 4
4 2
4 4
2 1
2 5
3 1
3 5
0 3
1 1
1 5
4 1
4 5
0 2
0 4
2 0
3 0
0 1
0 5
1 0
4 0
0
No
0
No
0
No
0
Yes
0 6
0 7
0 8
1 6
1 7
1 8
2 6
2 7
2 8
3 6
3 7
3 8
4 6
4 7
4 8
0
No
0
Yes
47 36
47 37
46 37
48 37
48 36
48 38
47 38
46 38
49 38
49 37
49 36
47 39
48 39
46 39
49 39
45 39
45 38
45 37
46 40
47 40
48 40
45 40
49 40
0
No
0
Yes
0 29
0 30
0 31
0 32
0 33
0 34
0 35
0 36
1 29
1 30
1 31
1 32
1 33
1 34
1 35
1 36
2 29
2 30
2 31
2 32
2 33
2 34
2 35
2 36
3 29
3 30
3 31
3 32
3 33
3 34
3 35
3 36
4 29
4 30
4 31
4 32
4 33
4 34
4 35
4 36
5 29
5 30
5 31
5 32
5 33
5 34
5 35
5 36
6 29
6 30
6 31
6 32
6 33
6 34
6 35
0
Yes
0 37
0 38
0 39
1 37
1 38
1 39
2 37
2 38
2 39
3 37
3 38
3 39
4 37
4 38
4 39
5 37
5 38
5 39
6 37
6 38
6 39
0
No
0
Yes
20 26
20 27
20 28
20 29
20 30
21 26
21 27
21 28
21 29
21 30
22 26
22 27
22 28
22 29
22 30
23 26
23 27
23 28
23 29
23 30
24 26
24 27
24 28
24 29
24 30
25 26
25 27
0
No
0
Yes
18 29
17 29
18 28
18 30
19 29
17 28
17 30
19 28
19 30
16 29
18 27
18 31
16 28
16 30
17 27
17 31
19 27
19 31
16 27
16 31
18 26
17 26
19 26
0
Yes
3 45
4 45
3 44
3 46
4 44
4 46
2 45
5 45
2 44
2 46
5 44
5 46
3 43
3 47
4 43
4 47
1 45
2 43
2 47
5 43
5 47
6 45
1 44
1 46
6 44
6 46
3 42
3 48
4 42
4 48
1 43
1 47
6 43
6 47
2 42
2 48
5 42
5 48
0 45
0 44
0 46
1 42
1 48
6 42
6 48
0 43
0 47
3 41
3 49
4 41
4 49
2 41
2 49
5 41
5 49
0 42
0 48
1 41
1 49
6 41
6 49
3 40
4 40
2 40
5 40
0 41
0 49
1 40
6 40
0
Yes
34 42
34 43
34 44
34 45
34 46
34 47
34 48
34 49
35 42
35 43
35 44
35 45
35 46
35 47
35 48
35 49
36 42
36 43
36 44
36 45
36 46
36 47
36 48
36 49
37 42
37 43
37 44
37 45
37 46
37 47
37 48
37 49
38 42
38 43
38 44
38 45
38 46
0
No
0
Yes
7 49
7 48
8 48
8 49
9 48
9 49
9 47
8 47
7 47
7 46
8 46
9 46
10 47
10 48
10 49
10 46
8 45
9 45
7 45
10 45
11 49
11 48
11 47
11 46
11 45
7 44
8 44
9 44
10 44
11 44
12 48
12 47
12 46
12 45
12 49
12 44
8 43
9 43
10 43
11 43
7 43
12 43
13 49
13 48
13 47
13 46
13 45
13 44
13 43
7 42
8 42
9 42
10 42
11 42
12 42
13 42
14 48
14 47
14 46
14 45
14 44
14 43
14 49
14 42
8 41
9 41
10 41
11 41
12 41
13 41
7 41
14 41
15 49
15 48
15 47
15 46
15 45
15 44
15 43
15 42
15 41
7 40
8 40
9 40
10 40
11 40
12 40
13 40
14 40
15 40
16 48
16 47
16 46
16 45
16 44
16 43
16 42
16 41
16 49
16 40
17 49
0
Yes
17 44
17 43
18 43
18 44
18 45
17 45
17 46
18 46
19 44
19 45
19 43
19 46
18 42
17 42
19 42
17 41
18 41
19 41
18 47
17 47
19 47
20 43
20 44
20 45
20 42
20 46
20 41
20 47
17 48
18 48
19 48
20 48
21 44
21 43
21 45
21 42
21 46
21 47
21 41
21 48
18 40
19 40
20 40
17 40
21 40
17 39
18 39
19 39
20 39
21 39
16 39
18 49
19 49
20 49
21 49
16 38
17 38
18 38
19 38
20 38
21 38
17 37
18 37
19 37
20 37
16 37
21 37
22 38
22 37
16 36
17 36
18 36
19 36
20 36
21 36
22 36
17 35
18 35
19 35
20 35
21 35
16 35
22 35
0
Yes
18 32
17 32
17 33
18 33
17 34
18 34
16 34
16 33
16 32
19 33
19 34
0
Yes
47 43
46 43
46 42
47 42
46 41
47 41
48 41
48 42
48 43
45 41
45 42
45 43
48 44
47 44
46 44
45 44
49 43
49 44
49 42
49 41
47 45
46 45
48 45
45 45
49 45
46 46
47 46
48 46
45 46
49 46
44 45
44 44
44 43
44 46
47 47
46 47
48 47
45 47
49 47
0
Yes
0 0
0 1
0 2
0 3
0 4
0 5
0 6
1 0
1 1
1 2
1 3
1 4
1 5
1 6
2 0
2 1
2 2
2 3
2 4
2 5
2 6
3 0
3 1
3 2
3 3
3 4
3 5
3 6
4 0
4 1
4 2
4 3
4 4
4 5
4 6
5 0
5 1
5 2
5 3
5 4
5 5
5 6
6 0
6 1
6 2
6 3
6 4
6 5
6 6
7 0
7 1
7 2
7 3
7 4
7 5
7 6
8 0
8 1
8 2
8 3
8 4
8 5
8 6
9 0
9 1
9 2
9 3
9 4
9 5
9 6
10 0
10 1
10 2
10 3
10 4
10 5
10 6
11 0
11 1
11 2
11 3
11 4
11 5
0
Yes
23 35
23 36
23 37
23 38
23 39
23 40
23 41
24 35
24 36
24 37
24 38
24 39
24 40
24 41
25 35
25 36
25 37
25 38
25 39
25 40
25 41
0
No
0
Yes
27 27
27 26
28 26
26 27
26 26
0
Yes
0 7
0 8
0 9
0 10
0 11
0 12
0 13
0 14
0 15
0 16
0 17
0 18
1 7
1 8
1 9
1 10
1 11
1 12
1 13
1 14
1 15
1 16
1 17
1 18
2 7
2 8
2 9
2 10
2 11
2 12
2 13
2 14
2 15
2 16
2 17
2 18
3 7
3 8
3 9
3 10
3 11
3 12
3 13
3 14
3 15
3 16
3 17
3 18
4 7
4 8
4 9
4 10
4 11
4 12
4 13
4 14
4 15
4 16
4 17
4 18
5 7
5 8
5 9
5 10
5 11
5 12
5 13
5 14
5 15
5 16
5 17
5 18
6 7
6 8
6 9
6 10
6 11
6 12
6 13
6 14
6 15
6 16
6 17
6 18
7 7
7 8
7 9
7 10
7 11
7 12
7 13
7 14
7 15
7 16
7 17
7 18
8 7
8 8
8 9
8 10
8 11
8 12
8 13
8 14
8 15
8 16
8 17
8 18
9 7
9 8
9 9
9 10
9 11
9 12
9 13
9 14
9 15
9 16
9 17
9 18
10 7
10 8
10 9
10 10
10 11
10 12
10 13
10 14
10 15
10 16
10 17
10 18
0
Yes
12 46
12 47
11 46
11 47
13 46
13 47
12 45
12 48
11 45
11 48
13 45
13 48
10 46
10 47
14 46
14 47
10 45
10 48
12 44
12 49
14 45
14 48
11 44
11 49
13 44
13 49
9 46
9 47
15 46
15 47
10 44
10 49
14 44
14 49
9 45
9 48
15 45
15 48
12 43
11 43
13 43
9 44
9 49
15 44
15 49
8 46
8 47
10 43
14 43
16 46
16 47
8 45
8 48
16 45
16 48
9 43
15 43
8 44
8 49
16 44
16 49
7 46
7 47
7 45
7 48
8 43
16 43
7 44
7 49
7 43
0
Yes
12 0
12 1
12 2
12 3
12 4
12 5
13 0
13 1
13 2
13 3
13 4
13 5
14 0
14 1
14 2
14 3
14 4
14 5
15 0
15 1
15 2
15 3
15 4
15 5
16 0
16 1
16 2
0
Yes
29 16
29 17
29 18
29 19
30 16
30 17
30 18
30 19
31 16
31 17
31 18
31 19
0
Yes
0 7
0 8
0 9
0 10
0 11
1 7
1 8
1 9
1 10
1 11
2 7
2 8
2 9
2 10
2 11
3 7
3 8
3 9
3 10
3 11
4 7
4 8
4 9
4 10
4 11
5 7
5 8
5 9
5 10
5 11
6 7
6 8
6 9
6 10
0
Yes
21 0
21 1
21 2
21 3
21 4
21 5
21 6
21 7
22 0
22 1
22 2
22 3
22 4
22 5
22 6
22 7
23 0
23 1
23 2
23 3
23 4
23 5
23 6
23 7
24 0
24 1
24 2
24 3
24 4
24 5
24 6
24 7
25 0
25 1
25 2
25 3
25 4
25 5
25 6
25 7
26 0
26 1
26 2
26 3
26 4
26 5
26 6
26 7
27 0
27 1
27 2
27 3
0
No
0
No
0
No
0
Yes
46 47
45 47
46 46
46 48
47 47
45 46
45 48
47 46
47 48
44 47
46 45
46 49
48 47
44 46
44 48
45 45
45 49
47 45
47 49
48 46
48 48
44 45
44 49
48 45
48 49
43 47
46 44
49 47
43 46
43 48
45 44
47 44
49 46
49 48
43 45
43 49
44 44
48 44
49 45
49 49
42 47
42 46
42 48
43 44
49 44
42 45
42 49
42 44
0
Yes
5 33
4 33
5 32
5 34
6 33
4 32
4 34
6 32
6 34
3 33
5 31
5 35
7 33
3 32
3 34
4 31
4 35
6 31
6 35
7 32
7 34
3 31
3 35
7 31
7 35
2 33
5 30
5 36
8 33
2 32
2 34
4 30
4 36
6 30
6 36
8 32
8 34
2 31
2 35
3 30
3 36
7 30
7 36
8 31
8 35
1 33
5 29
5 37
9 33
1 32
1 34
4 29
4 37
6 29
6 37
9 32
9 34
2 30
2 36
8 30
8 36
1 31
1 35
3 29
3 37
7 29
7 37
9 31
9 35
0 33
1 30
1 36
2 29
2 37
5 28
5 38
8 29
8 37
9 30
9 36
0 32
0 34
4 28
4 38
6 28
6 38
0 31
0 35
3 28
3 38
7 28
7 38
1 29
1 37
9 29
9 37
0 30
0 36
2 28
2 38
8 28
8 38
5 27
5 39
4 27
4 39
6 27
6 39
3 27
3 39
7 27
7 39
0 29
0 37
1 28
1 38
9 28
9 38
2 27
2 39
8 27
8 39
5 26
0 28
0 38
4 26
6 26
1 27
1 39
9 27
9 39
3 26
7 26
2 26
8 26
0 27
0 39
1 26
0
Yes
0 0
0 1
0 2
0 3
0 4
0 5
1 0
1 1
1 2
1 3
1 4
1 5
2 0
2 1
2 2
2 3
2 4
2 5
3 0
3 1
3 2
3 3
3 4
3 5
4 0
4 1
4 2
4 3
4 4
4 5
5 0
5 1
5 2
5 3
5 4
5 5
6 0
6 1
6 2
6 3
6 4
6 5
7 0
0
No
0
Yes
17 0
17 1
17 2
17 3
18 0
18 1
18 2
18 3
19 0
19 1
19 2
19 3
20 0
0
No
0
Yes
0 40
0 41
0 42
0 43
0 44
1 40
1 41
1 42
1 43
1 44
2 40
2 41
2 42
2 43
2 44
3 40
3 41
3 42
3 43
3 44
4 40
4 41
4 42
4 43
4 44
5 40
5 41
0
No
0
Yes
38 46
37 46
38 45
38 47
39 46
37 45
37 47
39 45
39 47
36 46
38 44
38 48
40 46
36 45
36 47
37 44
37 48
39 44
39 48
40 45
40 47
36 44
36 48
40 44
40 48
35 46
38 43
38 49
41 46
35 45
35 47
37 43
37 49
39 43
39 49
41 45
41 47
35 44
35 48
36 43
36 49
40 43
40 49
41 44
41 48
34 46
38 42
34 45
34 47
37 42
39 42
35 43
35 49
41 43
41 49
34 44
34 48
36 42
40 42
34 43
34 49
35 42
41 42
34 42
0
Yes
48 37
48 38
49 37
49 38
47 37
47 38
48 36
49 36
47 36
0
Yes
29 46
30 46
29 45
29 47
30 45
30 47
28 46
31 46
28 45
28 47
31 45
31 47
29 44
29 48
30 44
30 48
27 46
28 44
28 48
31 44
31 48
32 46
27 45
27 47
32 45
32 47
29 43
29 49
30 43
30 49
27 44
27 48
32 44
32 48
28 43
28 49
31 43
31 49
26 46
33 46
26 45
26 47
33 45
33 47
27 43
27 49
32 43
32 49
26 44
26 48
29 42
30 42
33 44
33 48
28 42
31 42
25 46
25 45
25 47
26 43
26 49
33 43
33 49
27 42
32 42
25 44
25 48
26 42
33 42
25 43
25 49
25 42
0
No
0
Yes
17 46
17 47
17 48
17 49
18 46
18 47
18 48
18 49
19 46
19 47
19 48
19 49
20 46
20 47
20 48
20 49
0
Yes
14 5
13 5
14 4
14 6
15 5
13 4
13 6
15 4
15 6
12 5
14 3
14 7
16 5
12 4
12 6
13 3
13 7
15 3
15 7
16 4
16 6
12 3
12 7
16 3
16 7
11 5
14 2
14 8
17 5
11 4
11 6
13 2
13 8
15 2
15 8
17 4
17 6
11 3
11 7
12 2
12 8
16 2
16 8
17 3
17 7
10 5
14 1
14 9
18 5
10 4
10 6
13 1
13 9
15 1
15 9
18 4
18 6
11 2
11 8
17 2
17 8
10 3
10 7
12 1
12 9
16 1
16 9
18 3
18 7
9 5
10 2
10 8
11 1
11 9
14 0
17 1
17 9
18 2
18 8
19 5
9 4
9 6
13 0
15 0
19 4
19 6
9 3
9 7
12 0
16 0
19 3
19 7
10 1
10 9
18 1
18 9
9 2
9 8
11 0
17 0
19 2
19 8
8 5
20 5
8 4
8 6
20 4
20 6
8 3
8 7
20 3
20 7
9 1
9 9
10 0
18 0
19 1
19 9
8 2
8 8
20 2
20 8
7 5
7 4
7 6
9 0
19 0
8 1
8 9
20 1
20 9
7 3
7 7
7 2
7 8
8 0
20 0
7 1
7 9
0
Yes
49 28
48 28
49 27
49 29
48 27
48 29
49 26
0
Yes
0 20
0 21
0 22
0 23
0 24
0 25
0 26
0 27
0 28
1 20
1 21
1 22
1 23
1 24
1 25
1 26
1 27
1 28
2 20
2 21
2 22
2 23
2 24
2 25
2 26
2 27
2 28
3 20
3 21
3 22
3 23
3 24
3 25
3 26
3 27
3 28
4 20
4 21
4 22
4 23
4 24
4 25
4 26
4 27
4 28
5 20
5 21
5 22
5 23
5 24
5 25
5 26
5 27
5 28
6 20
6 21
6 22
6 23
6 24
6 25
6 26
6 27
6 28
7 20
7 21
7 22
7 23
7 24
7 25
7 26
7 27
7 28
0
Yes
0 39
0 40
0 41
0 42
0 43
0 44
0 45
0 46
0 47
0 48
0 49
1 39
1 40
1 41
1 42
1 43
1 44
1 45
1 46
1 47
1 48
1 49
2 39
2 40
2 41
2 42
2 43
2 44
2 45
2 46
2 47
2 48
2 49
3 39
3 40
3 41
3 42
3 43
3 44
3 45
3 46
3 47
3 48
3 49
4 39
4 40
4 41
4 42
4 43
4 44
4 45
4 46
4 47
4 48
4 49
5 39
5 40
5 41
5 42
5 43
5 44
5 45
5 46
5 47
5 48
5 49
6 39
6 40
6 41
6 42
6 43
6 44
6 45
6 46
6 47
6 48
6 49
7 39
7 40
0
Yes
0 29
0 30
0 31
0 32
0 33
0 34
0 35
0 36
0 37
0 38
1 29
1 30
1 31
1 32
1 33
1 34
1 35
1 36
1 37
1 38
2 29
2 30
2 31
2 32
2 33
2 34
2 35
2 36
2 37
2 38
3 29
3 30
3 31
3 32
3 33
3 34
3 35
3 36
3 37
3 38
4 29
4 30
4 31
4 32
4 33
4 34
4 35
4 36
4 37
4 38
5 29
5 30
5 31
5 32
5 33
5 34
5 35
5 36
5 37
5 38
6 29
6 30
6 31
6 32
6 33
6 34
6 35
6 36
6 37
6 38
7 29
7 30
7 31
7 32
7 33
7 34
7 35
7 36
7 37
7 38
8 29
8 30
0
No
0
Yes
25 0
25 1
25 2
25 3
26 0
26 1
26 2
26 3
27 0
27 1
27 2
27 3
28 0
28 1
0
Yes
49 43
48 43
48 42
49 42
48 41
49 41
47 41
47 42
47 43
46 43
46 42
46 41
47 40
48 40
49 40
46 40
45 42
45 41
0
No
0
Yes
0 10
0 11
0 12
0 13
0 14
0 15
0 16
0 17
0 18
0 19
1 10
1 11
1 12
1 13
1 14
1 15
1 16
1 17
1 18
1 19
2 10
2 11
2 12
2 13
2 14
2 15
2 16
2 17
2 18
2 19
3 10
3 11
3 12
3 13
3 14
3 15
3 16
3 17
3 18
3 19
4 10
4 11
4 12
4 13
4 14
4 15
4 16
4 17
4 18
4 19
5 10
5 11
5 12
5 13
5 14
5 15
5 16
5 17
5 18
5 19
6 10
6 11
6 12
6 13
6 14
6 15
6 16
6 17
6 18
6 19
7 10
7 11
7 12
7 13
7 14
7 15
7 16
7 17
7 18
7 19
8 10
8 11
8 12
8 13
8 14
8 15
8 16
8 17
8 18
8 19
9 10
9 11
9 12
9 13
9 14
9 15
9 16
9 17
9 18
9 19
10 10
10 11
10 12
10 13
0
Yes
9 35
9 36
9 37
9 38
9 39
9 40
9 41
10 35
10 36
10 37
10 38
10 39
10 40
10 41
11 35
11 36
11 37
11 38
11 39
11 40
11 41
12 35
12 36
12 37
12 38
12 39
12 40
12 41
13 35
13 36
13 37
13 38
13 39
13 40
13 41
14 35
14 36
14 37
14 38
14 39
14 40
14 41
15 35
15 36
15 37
15 38
15 39
15 40
15 41
16 35
16 36
16 37
16 38
16 39
16 40
16 41
17 35
17 36
17 37
17 38
17 39
17 40
17 41
18 35
18 36
18 37
18 38
18 39
18 40
18 41
19 35
19 36
19 37
19 38
19 39
19 40
19 41
20 35
20 36
20 37
20 38
20 39
20 40
20 41
21 35
21 36
21 37
21 38
21 39
21 40
21 41
22 35
22 36
22 37
22 38
22 39
22 40
22 41
23 35
23 36
23 37
23 38
23 39
23 40
23 41
24 35
24 36
24 37
24 38
24 39
24 40
24 41
25 35
25 36
25 37
25 38
25 39
25 40
25 41
0
No
0
Yes
23 47
23 48
22 47
22 48
24 47
24 48
23 46
23 49
22 46
22 49
24 46
24 49
21 47
21 48
21 46
21 49
23 45
22 45
24 45
0
Yes
9 25
9 26
9 27
9 28
9 29
9 30
9 31
9 32
9 33
9 34
10 25
10 26
10 27
10 28
10 29
10 30
10 31
10 32
10 33
10 34
11 25
11 26
11 27
11 28
11 29
11 30
11 31
11 32
11 33
11 34
12 25
12 26
12 27
12 28
12 29
12 30
12 31
12 32
12 33
12 34
13 25
13 26
13 27
13 28
13 29
13 30
13 31
13 32
13 33
13 34
14 25
14 26
14 27
14 28
14 29
14 30
14 31
14 32
14 33
14 34
15 25
15 26
15 27
15 28
15 29
15 30
15 31
15 32
15 33
15 34
16 25
16 26
16 27
16 28
16 29
16 30
16 31
16 32
16 33
16 34
17 25
17 26
17 27
17 28
17 29
17 30
17 31
17 32
17 33
17 34
18 25
18 26
18 27
18 28
18 29
18 30
18 31
18 32
18 33
18 34
19 25
19 26
19 27
19 28
19 29
19 30
19 31
0
Yes
10 14
10 15
10 16
10 17
10 18
10 19
10 20
10 21
10 22
10 23
10 24
11 14
11 15
11 16
11 17
11 18
11 19
11 20
11 21
11 22
11 23
11 24
12 14
12 15
12 16
12 17
12 18
12 19
12 20
12 21
12 22
12 23
12 24
13 14
13 15
13 16
13 17
13 18
13 19
13 20
13 21
13 22
13 23
13 24
14 14
14 15
14 16
14 17
14 18
14 19
14 20
14 21
14 22
14 23
14 24
15 14
15 15
15 16
15 17
15 18
15 19
15 20
15 21
15 22
15 23
15 24
16 14
16 15
16 16
16 17
16 18
16 19
16 20
16 21
16 22
16 23
16 24
17 14
17 15
17 16
17 17
17 18
17 19
17 20
17 21
17 22
17 23
17 24
18 14
18 15
18 16
18 17
18 18
18 19
18 20
18 21
18 22
18 23
18 24
0
Yes
3 29
2 29
2 30
3 30
2 31
3 31
4 31
4 30
4 29
1 31
1 30
1 29
5 29
5 30
5 31
4 32
3 32
2 32
1 32
5 32
0 29
0 30
0 31
0 32
6 30
6 31
6 29
6 32
3 33
2 33
4 33
1 33
5 33
0 33
6 33
7 33
7 32
7 31
7 30
7 29
2 34
3 34
4 34
5 34
1 34
6 34
0 34
7 34
8 34
8 33
8 32
8 31
8 30
8 29
3 35
2 35
4 35
5 35
6 35
1 35
0
Yes
19 24
19 23
20 23
20 24
21 23
21 24
21 22
20 22
19 22
19 21
20 21
21 21
22 22
22 23
22 24
22 21
20 20
21 20
19 20
22 20
22 25
21 25
20 25
23 24
23 23
23 22
23 21
23 25
23 20
19 19
20 19
21 19
22 19
23 19
24 23
24 22
24 21
24 24
24 20
24 25
24 19
20 18
21 18
22 18
23 18
19 18
24 18
25 24
25 23
25 22
25 21
25 20
25 19
25 18
25 25
19 17
20 17
21 17
22 17
23 17
24 17
25 17
26 23
26 22
26 21
26 20
26 19
26 24
26 18
26 17
20 16
21 16
22 16
23 16
24 16
25 16
19 16
26 16
27 24
27 23
27 22
27 21
27 20
27 19
27 18
0
Yes
0 29
0 30
0 31
0 32
0 33
0 34
0 35
0 36
0 37
0 38
1 29
1 30
1 31
1 32
1 33
1 34
1 35
1 36
1 37
1 38
2 29
2 30
2 31
2 32
2 33
2 34
2 35
2 36
2 37
2 38
3 29
3 30
3 31
3 32
3 33
3 34
3 35
3 36
3 37
3 38
4 29
4 30
4 31
4 32
4 33
4 34
4 35
4 36
4 37
4 38
5 29
5 30
5 31
5 32
5 33
5 34
5 35
5 36
5 37
5 38
6 29
6 30
6 31
6 32
6 33
6 34
6 35
6 36
6 37
6 38
7 29
7 30
7 31
7 32
7 33
7 34
7 35
7 36
7 37
7 38
8 29
8 30
0
No
0
Yes
19 20
19 19
20 19
20 20
21 19
21 20
21 21
20 21
19 21
21 18
20 18
19 18
19 22
20 22
21 22
22 21
22 20
22 19
22 18
22 22
19 17
20 17
21 17
22 17
20 23
21 23
19 23
22 23
23 20
23 19
23 21
23 18
23 22
23 17
23 23
20 16
21 16
22 16
19 16
23 16
19 24
20 24
21 24
22 24
23 24
24 19
24 20
24 21
24 18
24 22
24 17
24 23
24 16
24 24
19 15
20 15
21 15
22 15
23 15
24 15
20 25
21 25
22 25
23 25
24 25
25 20
25 19
25 21
25 18
25 22
25 17
25 23
25 16
25 24
25 15
25 25
20 14
21 14
22 14
23 14
24 14
19 14
25 14
26 19
26 20
26 21
26 18
26 22
26 17
26 16
26 23
26 24
26 15
26 14
26 13
25 13
24 13
23 13
22 13
21 13
20 13
19 13
27 20
27 19
27 21
27 18
27 22
27 17
27 16
27 15
27 14
27 13
27 23
27 24
27 12
26 12
25 12
24 12
23 12
22 12
21 12
20 12
19 12
28 19
28 18
28 17
28 16
28 15
28 14
28 13
29 18
29 17
29 16
29 19
29 15
30 19
30 18
30 17
30 16
0
Yes
0 9
0 8
1 8
1 9
2 8
2 9
2 7
1 7
0 7
0 6
1 6
2 6
3 7
3 8
3 9
3 6
1 5
2 5
0 5
3 5
4 9
4 8
4 7
4 6
4 5
0 4
1 4
2 4
3 4
4 4
5 8
5 7
5 6
5 5
5 9
5 4
1 3
2 3
3 3
4 3
0 3
5 3
6 9
6 8
6 7
6 6
6 5
6 4
6 3
0 2
1 2
2 2
3 2
0
No
0
No
0
No
0
No
0
Yes
14 28
13 28
14 27
14 29
15 28
13 27
13 29
15 27
15 29
12 28
14 26
14 30
16 28
12 27
12 29
13 26
13 30
15 26
15 30
16 27
16 29
12 26
12 30
16 26
16 30
11 28
14 25
14 31
17 28
11 27
11 29
13 25
13 31
15 25
15 31
17 27
17 29
11 26
11 30
12 25
12 31
16 25
16 31
17 26
17 30
10 28
14 24
14 32
18 28
10 27
10 29
13 24
13 32
15 24
15 32
18 27
18 29
11 25
11 31
17 25
17 31
10 26
10 30
12 24
12 32
16 24
16 32
18 26
18 30
9 28
10 25
10 31
11 24
11 32
14 23
14 33
17 24
17 32
18 25
18 31
9 27
9 29
13 23
13 33
15 23
15 33
9 26
9 30
12 23
12 33
16 23
16 33
10 24
10 32
18 24
18 32
9 25
9 31
11 23
11 33
17 23
17 33
14 22
14 34
13 22
13 34
15 22
15 34
12 22
12 34
16 22
16 34
9 24
9 32
10 23
10 33
18 23
18 33
11 22
11 34
17 22
17 34
14 21
9 23
9 33
13 21
15 21
10 22
10 34
18 22
18 34
12 21
16 21
11 21
17 21
9 22
9 34
10 21
18 21
0
No
0
No
0
Yes
18 46
19 46
18 45
18 47
19 45
19 47
17 46
20 46
17 45
17 47
20 45
20 47
18 44
18 48
19 44
19 48
16 46
17 44
17 48
20 44
20 48
21 46
16 45
16 47
21 45
21 47
18 43
18 49
19 43
19 49
16 44
16 48
21 44
21 48
17 43
17 49
20 43
20 49
15 46
22 46
15 45
15 47
22 45
22 47
16 43
16 49
21 43
21 49
15 44
15 48
18 42
19 42
22 44
22 48
17 42
20 42
14 46
23 46
14 45
14 47
15 43
15 49
22 43
22 49
23 45
23 47
16 42
21 42
14 44
14 48
23 44
23 48
15 42
22 42
14 43
14 49
23 43
23 49
13 46
24 46
13 45
13 47
24 45
24 47
13 44
13 48
24 44
24 48
14 42
23 42
13 43
13 49
24 43
24 49
12 46
12 45
12 47
12 44
12 48
13 42
24 42
12 43
0
No
0
No
0
Yes
7 43
7 44
7 45
7 46
7 47
7 48
7 49
8 43
8 44
8 45
8 46
8 47
8 48
8 49
9 43
9 44
9 45
9 46
9 47
9 48
9 49
10 43
10 44
10 45
10 46
10 47
10 48
10 49
11 43
11 44
11 45
11 46
11 47
11 48
0
Yes
11 10
11 11
11 12
11 13
11 14
11 15
11 16
11 17
12 10
12 11
12 12
12 13
12 14
12 15
12 16
12 17
13 10
13 11
13 12
13 13
13 14
13 15
13 16
13 17
14 10
14 11
14 12
14 13
14 14
14 15
14 16
14 17
15 10
15 11
15 12
15 13
15 14
15 15
15 16
15 17
16 10
16 11
16 12
16 13
16 14
16 15
16 16
16 17
17 10
17 11
17 12
17 13
17 14
17 15
17 16
17 17
18 10
18 11
18 12
18 13
18 14
18 15
18 16
18 17
0
No
0
No
0
Yes
27 11
26 11
26 10
27 10
26 9
27 9
25 9
25 10
25 11
24 11
24 10
24 9
23 10
23 11
23 9
24 8
25 8
26 8
23 8
22 9
22 10
22 11
22 8
26 7
25 7
24 7
23 7
22 7
21 11
21 10
21 9
0
No
0
Yes
24 3
24 4
23 3
23 4
25 3
25 4
24 2
24 5
23 2
23 5
25 2
25 5
22 3
22 4
26 3
26 4
22 2
22 5
24 1
24 6
26 2
26 5
23 1
23 6
25 1
25 6
21 3
21 4
22 1
22 6
26 1
26 6
21 2
21 5
24 0
23 0
25 0
21 1
21 6
22 0
26 0
21 0
0
No
0
No
0
Yes
14 28
13 28
14 27
14 29
15 28
13 27
13 29
15 27
15 29
12 28
14 26
14 30
16 28
12 27
12 29
13 26
13 30
15 26
15 30
16 27
16 29
12 26
12 30
16 26
16 30
11 28
14 25
14 31
17 28
11 27
11 29
13 25
13 31
15 25
15 31
17 27
17 29
11 26
11 30
12 25
12 31
16 25
16 31
17 26
17 30
10 28
14 24
14 32
18 28
10 27
10 29
13 24
13 32
15 24
15 32
18 27
18 29
11 25
11 31
17 25
17 31
10 26
10 30
12 24
12 32
16 24
16 32
18 26
18 30
9 28
10 25
10 31
11 24
11 32
14 23
14 33
17 24
17 32
18 25
18 31
9 27
9 29
13 23
13 33
15 23
15 33
9 26
9 30
12 23
12 33
16 23
16 33
10 24
10 32
18 24
18 32
9 25
9 31
11 23
11 33
17 23
17 33
14 22
14 34
13 22
13 34
15 22
15 34
12 22
12 34
16 22
16 34
9 24
9 32
10 23
10 33
18 23
18 33
11 22
11 34
17 22
17 34
14 21
9 23
9 33
13 21
15 21
10 22
10 34
18 22
18 34
12 21
16 21
11 21
17 21
9 22
9 34
10 21
18 21
0
No
0
No
0
Yes
0 49
0 48
1 48
1 49
2 48
2 49
2 47
1 47
0 47
0 46
1 46
2 46
3 47
3 48
3 49
3 46
1 45
2 45
0 45
3 45
4 49
4 48
4 47
4 46
4 45
0 44
1 44
2 44
3 44
4 44
5 48
5 47
5 46
5 45
5 49
5 44
1 43
2 43
3 43
4 43
0 43
5 43
6 49
6 48
6 47
6 46
6 45
6 44
6 43
0 42
1 42
2 42
3 42
4 42
5 42
6 42
7 48
7 47
7 46
7 45
7 44
7 43
7 49
7 42
1 41
2 41
3 41
4 41
5 41
6 41
0 41
7 41
8 49
8 48
8 47
8 46
8 45
8 44
8 43
8 42
8 41
0 40
1 40
2 40
3 40
4 40
5 40
6 40
7 40
8 40
9 48
9 47
9 46
9 45
9 44
9 43
9 42
9 49
1 39
2 39
3 39
4 39
5 39
6 39
7 39
8 39
0 39
10 49
10 48
10 47
10 46
10 45
10 44
10 43
10 42
11 48
11 47
11 46
11 45
11 44
11 43
11 49
0
No
0
No
0
Yes
3 5
3 6
4 5
4 6
2 5
2 6
3 4
3 7
4 4
4 7
5 5
5 6
2 4
2 7
5 4
5 7
1 5
1 6
3 3
3 8
4 3
4 8
6 5
6 6
1 4
1 7
2 3
2 8
5 3
5 8
6 4
6 7
0 5
0 6
1 3
1 8
3 2
3 9
4 2
4 9
6 3
6 8
0 4
0 7
2 2
2 9
5 2
5 9
0 3
0 8
1 2
1 9
6 2
6 9
3 1
4 1
2 1
5 1
0 2
0 9
1 1
6 1
0
No
0
No
0
No
0
No
0
Yes
47 47
48 47
47 46
47 48
48 46
48 48
46 47
49 47
46 46
46 48
49 46
49 48
47 45
47 49
48 45
48 49
45 47
46 45
46 49
49 45
49 49
45 46
45 48
47 44
48 44
45 45
45 49
46 44
49 44
45 44
0
Yes
9 42
9 43
9 44
9 45
9 46
9 47
9 48
9 49
10 42
10 43
10 44
10 45
10 46
10 47
10 48
10 49
11 42
11 43
11 44
11 45
11 46
11 47
11 48
11 49
12 42
12 43
12 44
12 45
12 46
12 47
12 48
12 49
13 42
13 43
13 44
13 45
13 46
13 47
13 48
13 49
14 42
14 43
14 44
14 45
14 46
14 47
14 48
14 49
15 42
15 43
15 44
15 45
15 46
15 47
15 48
15 49
16 42
16 43
16 44
16 45
16 46
16 47
16 48
16 49
17 42
17 43
17 44
17 45
17 46
17 47
17 48
17 49
1
718
0 41
0 42
0 43
0 44
0 45
0 46
0 47
0 48
0 49
1 41
1 42
1 43
1 44
1 45
1 46
1 47
1 48
1 49
2 41
2 42
2 43
2 44
2 45
2 46
2 47
2 48
2 49
3 41
3 42
3 43
3 44
3 45
3 46
3 47
3 48
3 49
4 41
4 42
4 43
4 44
4 45
4 46
4 47
4 48
4 49
5 41
5 42
5 43
5 44
5 45
5 46
5 47
5 48
5 49
6 41
6 42
6 43
6 44
6 45
6 46
6 47
6 48
Yes
0 2
0 3
0 4
0 5
0 6
0 7
0 8
0 9
0 10
0 11
0 12
0 13
1 2
1 3
1 4
1 5
1 6
1 7
1 8
1 9
1 10
1 11
1 12
1 13
2 2
2 3
2 4
2 5
2 6
2 7
2 8
2 9
2 10
2 11
2 12
2 13
3 2
3 3
3 4
3 5
3 6
3 7
3 8
3 9
3 10
3 11
3 12
3 13
4 2
4 3
4 4
4 5
4 6
4 7
4 8
4 9
4 10
4 11
4 12
4 13
5 2
5 3
5 4
5 5
5 6
5 7
5 8
5 9
5 10
5 11
5 12
5 13
6 2
6 3
6 4
6 5
6 6
6 7
6 8
6 9
6 10
6 11
6 12
6 13
7 2
7 3
7 4
7 5
7 6
7 7
7 8
7 9
7 10
7 11
7 12
7 13
8 2
8 3
8 4
8 5
8 6
8 7
8 8
8 9
8 10
8 11
8 12
8 13
9 2
9 3
9 4
9 5
9 6
9 7
9 8
9 9
9 10
9 11
9 12
9 13
10 2
10 3
10 4
10 5
10 6
10 7
10 8
10 9
10 10
10 11
10 12
10 13
11 2
11 3
11 4
11 5
11 6
11 7
11 8
11 9
0
No
0
Yes
18 49
18 48
19 48
19 49
20 48
20 49
20 47
19 47
18 47
18 46
19 46
20 46
21 47
21 48
21 49
21 46
19 45
20 45
18 45
21 45
22 49
22 48
22 47
22 46
22 45
18 44
19 44
20 44
21 44
22 44
23 48
23 47
23 46
23 45
23 49
23 44
19 43
20 43
21 43
22 43
18 43
23 43
24 49
24 48
24 47
24 46
24 45
24 44
24 43
18 42
19 42
20 42
21 42
22 42
23 42
24 42
25 48
25 47
25 46
25 45
25 44
25 43
25 49
25 42
26 49
26 48
26 47
26 46
26 45
26 44
26 43
26 42
27 48
27 47
27 46
27 45
27 44
27 43
27 49
27 42
28 49
28 48
28 47
28 46
28 45
28 44
0
Yes
4 34
5 34
4 33
4 35
5 33
5 35
3 34
6 34
3 33
3 35
6 33
6 35
4 32
4 36
5 32
5 36
2 34
3 32
3 36
6 32
6 36
7 34
2 33
2 35
7 33
7 35
4 31
4 37
5 31
5 37
2 32
2 36
7 32
7 36
3 31
3 37
6 31
6 37
1 34
8 34
1 33
1 35
8 33
8 35
2 31
2 37
7 31
7 37
1 32
1 36
4 30
4 38
5 30
5 38
8 32
8 36
3 30
3 38
6 30
6 38
0 34
0 33
0 35
1 31
1 37
8 31
8 37
2 30
2 38
7 30
7 38
0 32
0 36
4 29
4 39
5 29
5 39
3 29
3 39
6 29
6 39
1 30
1 38
8 30
8 38
0 31
0 37
2 29
2 39
7 29
7 39
0 30
0 38
4 28
4 40
5 28
5 40
1 29
1 39
8 29
8 39
3 28
3 40
6 28
6 40
2 28
2 40
7 28
7 40
0 29
0 39
1 28
1 40
8 28
8 40
4 27
5 27
3 27
6 27
2 27
7 27
0 28
0
No
0
No
0
No
0
No
0
No
0
No
0
Yes
45 30
45 31
46 31
46 30
47 31
47 30
47 32
46 32
45 32
45 33
46 33
47 33
48 32
48 31
48 30
48 33
46 34
47 34
48 34
45 34
49 30
49 31
0
Yes
31 48
32 48
31 47
31 49
32 47
32 49
30 48
33 48
30 47
30 49
33 47
33 49
31 46
32 46
29 48
30 46
33 46
29 47
29 49
29 46
0
No
0
Yes
19 22
19 23
19 24
19 25
19 26
19 27
19 28
19 29
19 30
20 22
20 23
20 24
20 25
20 26
20 27
20 28
20 29
20 30
21 22
21 23
21 24
21 25
21 26
21 27
21 28
21 29
21 30
22 22
22 23
22 24
22 25
22 26
22 27
22 28
22 29
22 30
23 22
23 23
23 24
23 25
23 26
23 27
23 28
23 29
23 30
24 22
24 23
24 24
24 25
24 26
24 27
24 28
24 29
24 30
25 22
25 23
25 24
25 25
25 26
0
Yes
44 46
44 47
45 46
45 47
43 46
43 47
44 45
44 48
45 45
45 48
46 46
46 47
43 45
43 48
46 45
46 48
42 46
42 47
44 44
44 49
45 44
45 49
42 45
42 48
43 44
43 49
46 44
46 49
42 44
42 49
44 43
45 43
43 43
46 43
42 43
0
Yes
20 34
21 34
20 33
19 34
19 33
0
Yes
4 20
4 21
3 20
3 21
5 20
5 21
4 19
4 22
3 19
3 22
5 19
5 22
2 20
2 21
6 20
6 21
2 19
2 22
4 18
4 23
6 19
6 22
3 18
3 23
5 18
5 23
1 20
1 21
7 20
7 21
2 18
2 23
6 18
6 23
1 19
1 22
7 19
7 22
4 17
4 24
3 17
3 24
5 17
5 24
1 18
1 23
7 18
7 23
0 20
0 21
2 17
2 24
6 17
6 24
0 19
0 22
4 16
4 25
1 17
1 24
3 16
3 25
5 16
5 25
7 17
7 24
0 18
0 23
2 16
2 25
6 16
6 25
0 17
0 24
1 16
1 25
7 16
7 25
4 15
4 26
3 15
3 26
5 15
5 26
2 15
2 26
6 15
6 26
0 16
0 25
1 15
1 26
7 15
7 26
4 14
3 14
5 14
0 15
0 26
2 14
6 14
1 14
7 14
0 14
0
Yes
12 0
12 1
12 2
12 3
12 4
12 5
12 6
12 7
12 8
12 9
12 10
13 0
13 1
13 2
13 3
13 4
13 5
13 6
13 7
13 8
13 9
13 10
14 0
14 1
14 2
14 3
14 4
14 5
14 6
14 7
14 8
14 9
14 10
15 0
15 1
15 2
15 3
15 4
15 5
15 6
15 7
15 8
15 9
15 10
16 0
16 1
16 2
16 3
16 4
16 5
16 6
16 7
16 8
16 9
16 10
17 0
17 1
17 2
17 3
17 4
17 5
17 6
17 7
17 8
17 9
17 10
18 0
18 1
18 2
18 3
18 4
18 5
18 6
18 7
18 8
18 9
18 10
19 0
19 1
19 2
19 3
19 4
19 5
19 6
19 7
19 8
19 9
19 10
20 0
20 1
20 2
20 3
20 4
20 5
20 6
0
Yes
49 49
48 49
48 48
49 48
48 47
49 47
47 47
47 48
47 49
47 46
48 46
0
Yes
27 0
27 1
28 0
28 1
29 0
0
No
0
Yes
1 1
2 1
1 0
2 0
0 1
0 0
0
No
0
Yes
41 49
40 49
40 48
41 48
40 47
41 47
39 47
39 48
39 49
38 49
38 48
38 47
39 46
40 46
41 46
38 46
37 48
37 47
37 49
37 46
41 45
40 45
39 45
38 45
37 45
36 49
36 48
36 47
36 46
36 45
40 44
39 44
38 44
37 44
41 44
36 44
35 48
35 47
35 46
35 45
35 49
35 44
41 43
40 43
39 43
38 43
37 43
36 43
35 43
34 49
34 48
34 47
34 46
34 45
34 44
34 43
40 42
39 42
38 42
37 42
36 42
35 42
41 42
34 42
33 45
33 44
33 43
33 42
37 41
36 41
35 41
34 41
33 41
32 44
32 43
32 42
32 45
32 41
36 40
35 40
34 40
33 40
32 40
31 45
31 44
31 43
31 42
31 41
35 39
34 39
33 39
36 39
32 39
30 44
30 43
30 42
30 45
30 41
29 45
29 44
29 43
29 42
0
Yes
12 0
12 1
12 2
12 3
12 4
12 5
12 6
12 7
12 8
12 9
12 10
12 11
12 12
13 0
13 1
13 2
13 3
13 4
13 5
13 6
13 7
13 8
13 9
13 10
13 11
13 12
14 0
14 1
14 2
14 3
14 4
14 5
14 6
14 7
14 8
14 9
14 10
14 11
14 12
15 0
15 1
15 2
15 3
15 4
15 5
15 6
15 7
15 8
15 9
15 10
15 11
15 12
16 0
16 1
16 2
16 3
16 4
16 5
16 6
16 7
16 8
16 9
16 10
16 11
16 12
17 0
17 1
17 2
17 3
17 4
17 5
17 6
17 7
17 8
17 9
17 10
17 11
17 12
18 0
18 1
18 2
18 3
18 4
18 5
18 6
18 7
18 8
18 9
18 10
18 11
18 12
19 0
19 1
19 2
19 3
19 4
19 5
19 6
19 7
19 8
19 9
19 10
19 11
19 12
20 0
20 1
20 2
20 3
20 4
20 5
20 6
20 7
20 8
20 9
0
Yes
9 1
10 1
9 0
10 0
8 1
11 1
8 0
11 0
7 1
7 0
0
Yes
27 9
26 9
26 8
26 10
27 10
25 10
25 9
25 8
25 11
26 11
27 11
24 9
24 10
24 8
24 11
27 12
26 12
25 12
24 12
24 7
25 7
26 7
23 8
23 9
23 10
23 11
23 7
23 12
26 13
25 13
24 13
27 13
23 13
22 9
22 10
22 11
22 8
22 12
22 7
22 13
27 14
26 14
25 14
24 14
23 14
22 14
21 8
21 9
21 10
21 11
21 12
21 13
21 14
21 7
26 15
25 15
24 15
23 15
22 15
27 15
21 15
20 10
20 11
20 12
20 13
0
No
0
No
0
Yes
42 44
42 45
42 46
42 47
42 48
42 49
43 44
43 45
43 46
43 47
43 48
43 49
44 44
44 45
44 46
44 47
44 48
44 49
45 44
45 45
45 46
45 47
45 48
45 49
46 44
46 45
46 46
46 47
46 48
46 49
47 44
47 45
47 46
47 47
47 48
47 49
48 44
48 45
48 46
48 47
48 48
48 49
49 44
49 45
49 46
49 47
49 48
49 49
0
Yes
47 41
47 42
48 41
48 42
46 41
46 42
47 40
47 43
48 40
48 43
49 41
49 42
46 40
46 43
49 40
49 43
45 41
45 42
47 39
48 39
45 40
45 43
46 39
49 39
45 39
0
Yes
14 29
14 30
13 29
13 30
15 29
15 30
14 28
14 31
13 28
13 31
15 28
15 31
12 29
12 30
16 29
16 30
12 28
12 31
14 27
14 32
16 28
16 31
13 27
13 32
15 27
15 32
11 29
11 30
17 29
17 30
12 27
12 32
16 27
16 32
11 28
11 31
17 28
17 31
14 26
14 33
13 26
13 33
15 26
15 33
11 27
11 32
17 27
17 32
10 29
10 30
12 26
12 33
16 26
16 33
18 29
18 30
10 28
10 31
18 28
18 31
14 25
14 34
11 26
11 33
13 25
13 34
15 25
15 34
17 26
17 33
10 27
10 32
18 27
18 32
12 25
12 34
16 25
16 34
9 29
9 30
9 28
9 31
10 26
10 33
18 26
18 33
11 25
11 34
17 25
17 34
14 24
9 27
9 32
13 24
15 24
12 24
16 24
10 25
10 34
18 25
18 34
9 26
9 33
11 24
17 24
9 25
9 34
10 24
18 24
9 24
0
Yes
8 14
8 15
8 16
8 17
8 18
8 19
8 20
8 21
8 22
8 23
9 14
9 15
9 16
9 17
9 18
9 19
9 20
9 21
9 22
9 23
10 14
10 15
10 16
10 17
10 18
10 19
10 20
10 21
10 22
10 23
11 14
11 15
11 16
11 17
11 18
11 19
11 20
11 21
11 22
11 23
12 14
12 15
12 16
12 17
12 18
12 19
12 20
12 21
12 22
12 23
13 14
13 15
13 16
13 17
13 18
13 19
13 20
13 21
13 22
13 23
14 14
14 15
14 16
14 17
14 18
14 19
14 20
14 21
14 22
14 23
15 14
15 15
15 16
15 17
15 18
15 19
15 20
15 21
15 22
15 23
16 14
16 15
16 16
16 17
16 18
16 19
16 20
16 21
16 22
16 23
17 14
17 15
17 16
17 17
17 18
17 19
17 20
17 21
17 22
17 23
18 14
18 15
18 16
18 17
18 18
18 19
18 20
18 21
18 22
18 23
19 14
19 15
19 16
19 17
19 18
19 19
19 20
19 21
19 22
0
No
0
No
0
Yes
3 46
4 46
3 45
3 47
4 45
4 47
2 46
5 46
2 45
2 47
5 45
5 47
3 44
3 48
4 44
4 48
1 46
2 44
2 48
5 44
5 48
6 46
1 45
1 47
6 45
6 47
3 43
3 49
4 43
4 49
1 44
1 48
6 44
6 48
2 43
2 49
5 43
5 49
0 46
0 45
0 47
1 43
1 49
6 43
6 49
0 44
0 48
3 42
4 42
2 42
5 42
0 43
0 49
1 42
6 42
0 42
0
Yes
43 27
43 28
43 29
44 27
44 28
44 29
45 27
45 28
45 29
0
Yes
15 19
16 19
15 18
15 20
16 18
16 20
14 19
17 19
14 18
14 20
17 18
17 20
15 17
15 21
16 17
16 21
13 19
14 17
14 21
17 17
17 21
18 19
13 18
13 20
18 18
18 20
15 16
15 22
16 16
16 22
13 17
13 21
18 17
18 21
14 16
14 22
17 16
17 22
12 19
19 19
12 18
12 20
19 18
19 20
13 16
13 22
18 16
18 22
12 17
12 21
15 15
15 23
16 15
16 23
19 17
19 21
14 15
14 23
17 15
17 23
11 19
20 19
11 18
11 20
12 16
12 22
19 16
19 22
20 18
20 20
13 15
13 23
18 15
18 23
11 17
11 21
20 17
20 21
15 14
16 14
14 14
17 14
12 15
12 23
19 15
19 23
11 16
11 22
20 16
20 22
10 19
21 19
10 18
10 20
13 14
18 14
21 18
21 20
10 17
10 21
21 17
21 21
11 15
11 23
20 15
20 23
12 14
19 14
10 16
10 22
21 16
21 22
9 19
22 19
9 18
9 20
22 18
22 20
11 14
20 14
9 17
9 21
10 15
10 23
21 23
22 17
22 21
9 16
9 22
22 16
22 22
10 14
8 19
8 18
8 20
9 15
9 23
22 23
8 17
8 21
8 16
8 22
9 14
8 15
8 23
8 14
0
No
0
No
0
Yes
8 47
8 48
7 47
7 48
8 46
8 49
7 46
7 49
8 45
7 45
0
No
0
No
0
No
0
No
0
Yes
45 47
44 47
45 46
45 48
46 47
44 46
44 48
46 46
46 48
43 47
45 45
45 49
47 47
43 46
43 48
44 45
44 49
46 45
46 49
47 46
47 48
43 45
43 49
47 45
47 49
42 47
45 44
48 47
42 46
42 48
44 44
46 44
48 46
48 48
42 45
42 49
43 44
47 44
48 45
48 49
41 47
49 47
41 46
41 48
49 46
49 48
42 44
48 44
41 45
41 49
49 45
49 49
40 47
41 44
49 44
40 46
40 48
0
No
0
No
0
No
0
No
0
Yes
35 49
34 49
34 48
35 48
36 48
36 49
35 47
34 47
36 47
37 49
37 48
37 47
33 48
33 49
33 47
32 49
32 48
32 47
34 46
35 46
36 46
33 46
37 46
32 46
38 48
38 47
38 49
38 46
35 45
34 45
36 45
33 45
37 45
32 45
38 45
39 49
39 48
39 47
39 46
39 45
31 48
31 47
31 46
31 49
31 45
30 49
30 48
30 47
30 46
30 45
34 44
35 44
36 44
33 44
37 44
32 44
38 44
31 44
39 44
30 44
40 48
40 47
40 46
40 45
40 49
40 44
35 43
34 43
36 43
33 43
37 43
32 43
38 43
31 43
39 43
30 43
40 43
41 49
41 48
41 47
41 46
41 45
41 44
41 43
29 48
29 47
29 46
29 45
29 44
29 49
29 43
34 42
35 42
36 42
33 42
37 42
32 42
38 42
31 42
39 42
30 42
40 42
29 42
41 42
42 48
42 47
42 46
42 45
42 44
42 43
42 49
42 42
35 41
34 41
36 41
33 41
37 41
32 41
31 41
30 41
29 41
43 49
43 48
43 47
43 46
43 45
43 44
43 43
43 42
34 40
35 40
36 40
33 40
32 40
44 48
44 47
44 46
44 45
44 44
44 43
0
Yes
3 30
4 30
3 29
3 31
4 29
4 31
2 30
5 30
2 29
2 31
5 29
5 31
3 28
3 32
4 28
4 32
1 30
2 28
2 32
5 28
5 32
6 30
1 29
1 31
6 29
6 31
3 27
4 27
1 28
1 32
6 28
6 32
2 27
5 27
0 30
0 29
0 31
1 27
6 27
0 28
0 32
0 27
0
No
0
No
0
Yes
18 27
18 28
19 27
19 28
17 27
17 28
18 26
18 29
19 26
19 29
20 27
20 28
17 26
17 29
20 26
20 29
16 27
16 28
18 25
18 30
19 25
19 30
21 27
21 28
16 26
16 29
17 25
17 30
20 25
20 30
21 26
21 29
15 27
15 28
16 25
16 30
18 24
19 24
21 25
21 30
22 27
22 28
15 26
15 29
17 24
20 24
22 26
22 29
15 25
15 30
16 24
21 24
22 25
22 30
14 27
14 28
23 27
23 28
14 26
14 29
23 26
23 29
15 24
22 24
14 25
14 30
23 25
23 30
13 27
13 28
24 27
24 28
13 26
13 29
14 24
23 24
24 26
24 29
13 25
13 30
24 25
24 30
12 27
12 28
13 24
24 24
12 26
12 29
12 25
12 30
12 24
0
No
0
Yes
0 36
0 35
1 35
1 36
2 35
2 36
2 37
1 37
0 37
2 34
1 34
0 34
0 38
1 38
2 38
3 37
3 36
3 35
3 34
3 38
0 33
1 33
2 33
3 33
1 39
2 39
0 39
3 39
4 36
4 35
4 37
4 34
4 38
4 33
4 39
4 40
3 40
2 40
1 40
0 40
5 35
5 36
5 37
5 38
5 34
5 39
5 33
5 40
5 41
4 41
3 41
2 41
1 41
0 41
6 36
6 35
6 37
6 38
6 39
6 34
6 40
6 33
6 41
7 35
7 36
7 37
7 38
7 39
7 34
0
No
0
Yes
47 36
47 37
46 37
48 37
48 36
48 38
47 38
46 38
49 38
49 37
49 36
48 35
49 35
0
Yes
4 34
4 35
3 34
3 35
5 34
5 35
4 33
4 36
3 33
3 36
5 33
5 36
2 34
2 35
6 34
6 35
2 33
2 36
4 32
4 37
6 33
6 36
3 32
3 37
5 32
5 37
1 34
1 35
7 34
7 35
2 32
2 37
6 32
6 37
1 33
1 36
7 33
7 36
4 31
4 38
3 31
3 38
5 31
5 38
1 32
1 37
7 32
7 37
0 34
0 35
2 31
2 38
6 31
6 38
0 33
0 36
4 30
4 39
1 31
1 38
3 30
3 39
5 30
5 39
7 31
7 38
0 32
0 37
2 30
2 39
6 30
6 39
0 31
0 38
1 30
1 39
7 30
7 39
4 29
4 40
3 29
3 40
5 29
5 40
2 29
2 40
6 29
6 40
0 30
0 39
1 29
1 40
7 29
7 40
4 28
4 41
3 28
3 41
5 28
5 41
0 29
0 40
2 28
2 41
6 28
6 41
1 28
1 41
7 28
7 41
4 27
3 27
5 27
0 28
0 41
2 27
6 27
1 27
7 27
0 27
0
No
0
Yes
18 45
18 44
19 44
19 45
20 44
20 45
20 46
19 46
18 46
20 43
19 43
18 43
18 47
19 47
20 47
21 46
21 45
21 44
21 43
21 47
18 42
19 42
20 42
21 42
19 48
20 48
18 48
21 48
22 45
22 44
22 46
22 43
22 47
22 42
22 48
22 49
21 49
20 49
19 49
18 49
23 44
23 45
23 46
23 47
23 43
23 48
23 42
23 49
24 45
24 44
0
Yes
27 9
26 9
26 8
26 10
27 10
25 10
25 9
25 8
25 11
26 11
27 11
24 9
24 10
24 8
24 11
27 12
26 12
25 12
24 12
24 7
25 7
26 7
23 8
23 9
23 10
23 11
23 7
23 12
26 13
25 13
24 13
27 13
23 13
22 9
22 10
22 11
22 8
22 12
22 7
22 13
27 14
26 14
25 14
24 14
23 14
22 14
21 8
21 9
21 10
21 11
21 12
21 13
21 7
21 14
26 15
25 15
24 15
23 15
27 15
22 15
21 15
20 9
20 10
20 11
20 8
20 12
20 13
20 7
27 16
26 16
25 16
24 16
23 16
0
No
0
No
0
Yes
8 37
8 38
8 39
8 40
8 41
9 37
9 38
9 39
9 40
9 41
10 37
10 38
10 39
10 40
10 41
11 37
11 38
11 39
11 40
11 41
12 37
12 38
12 39
12 40
12 41
13 37
13 38
13 39
13 40
13 41
14 37
14 38
14 39
14 40
14 41
15 37
15 38
15 39
15 40
15 41
16 37
16 38
16 39
16 40
16 41
0
No
0
Yes
0 7
0 6
1 6
1 7
2 6
2 7
2 8
1 8
0 8
2 5
1 5
0 5
0 9
1 9
2 9
3 8
3 7
3 6
3 5
3 9
0 4
1 4
2 4
3 4
1 10
2 10
0 10
3 10
4 7
4 6
4 8
4 5
4 9
4 4
4 10
1 3
2 3
3 3
0 3
4 3
0 11
1 11
2 11
3 11
4 11
5 6
5 7
5 8
5 5
5 9
5 4
5 10
5 3
5 11
0 2
1 2
2 2
3 2
4 2
5 2
5 12
6 7
6 6
6 8
6 5
6 9
6 4
6 10
6 3
6 11
6 2
6 12
7 6
7 7
7 8
7 5
7 9
7 4
7 10
7 3
7 11
7 2
7 12
7 13
6 13
5 13
4 13
4 12
3 12
2 12
3 13
2 13
1 12
0 12
1 13
0 13
8 7
8 6
8 8
8 5
8 9
8 4
8 10
8 11
8 3
0
No
0
Yes
0 0
0 1
1 0
1 1
2 0
2 1
3 0
3 1
0
Yes
44 49
45 49
45 48
46 48
46 49
47 48
47 49
47 47
46 47
45 47
48 47
48 48
48 49
45 46
46 46
47 46
48 46
49 49
49 48
49 47
49 46
46 45
47 45
48 45
45 45
49 45
0
No
0
No
0
No
0
No
0
Yes
24 49
24 48
25 48
25 49
26 48
26 49
26 47
25 47
24 47
24 46
25 46
0
Yes
10 47
9 47
10 46
10 48
11 47
9 46
9 48
11 46
11 48
8 47
10 45
10 49
12 47
8 46
8 48
9 45
9 49
11 45
11 49
12 46
12 48
8 45
8 49
12 45
12 49
7 47
10 44
7 46
7 48
9 44
11 44
7 45
7 49
8 44
12 44
7 44
0
Yes
10 27
10 28
9 27
9 28
11 27
11 28
10 26
10 29
9 26
9 29
11 26
11 29
8 27
8 28
8 26
8 29
10 25
10 30
9 25
9 30
11 25
11 30
8 25
8 30
10 24
9 24
11 24
0
No
0
No
0
Yes
17 0
17 1
17 2
17 3
17 4
17 5
17 6
18 0
18 1
18 2
18 3
18 4
18 5
18 6
19 0
19 1
19 2
19 3
19 4
19 5
19 6
20 0
20 1
20 2
20 3
20 4
20 5
20 6
21 0
21 1
21 2
21 3
21 4
21 5
21 6
22 0
22 1
22 2
22 3
22 4
22 5
22 6
23 0
23 1
23 2
23 3
23 4
23 5
23 6
24 0
24 1
24 2
24 3
24 4
24 5
24 6
25 0
25 1
25 2
25 3
25 4
25 5
25 6
26 0
26 1
26 2
26 3
26 4
26 5
26 6
0
Yes
47 33
48 33
47 32
47 34
48 32
48 34
46 33
49 33
46 32
46 34
49 32
49 34
47 31
48 31
45 33
46 31
49 31
45 32
45 34
0
Yes
33 45
33 46
34 45
34 46
32 45
32 46
33 44
33 47
34 44
34 47
35 45
35 46
32 44
32 47
35 44
35 47
31 45
31 46
33 43
33 48
34 43
34 48
36 45
36 46
31 44
31 47
32 43
32 48
35 43
35 48
36 44
36 47
30 45
30 46
31 43
31 48
33 42
33 49
34 42
34 49
36 43
36 48
37 45
37 46
30 44
30 47
32 42
32 49
35 42
35 49
37 44
37 47
30 43
30 48
31 42
31 49
36 42
36 49
37 43
37 48
29 45
29 46
33 41
34 41
38 45
38 46
29 44
29 47
32 41
35 41
38 44
38 47
30 42
30 49
37 42
37 49
29 43
29 48
31 41
36 41
38 43
38 48
28 45
28 46
39 45
39 46
28 44
28 47
29 42
29 49
30 41
37 41
38 42
38 49
39 44
39 47
28 43
28 48
39 43
39 48
29 41
27 45
27 46
28 42
28 49
39 42
39 49
27 44
27 47
27 43
27 48
28 41
27 42
27 49
0
No
0
No
0
Yes
45 47
44 47
45 46
45 48
46 47
44 46
44 48
46 46
46 48
43 47
45 45
45 49
47 47
43 46
43 48
44 45
44 49
46 45
46 49
47 46
47 48
43 45
43 49
47 45
47 49
42 47
45 44
48 47
42 46
42 48
44 44
46 44
48 46
48 48
42 45
42 49
43 44
47 44
48 45
48 49
41 47
49 47
41 46
41 48
49 46
49 48
42 44
48 44
41 45
41 49
49 45
49 49
40 47
41 44
49 44
40 46
40 48
40 45
40 49
40 44
0
No
0
No
0
No
0
Yes
17 11
16 11
16 10
17 10
16 9
17 9
18 9
18 10
18 11
15 9
15 10
15 11
18 12
17 12
16 12
15 12
19 11
19 10
19 12
19 9
18 8
17 8
16 8
15 8
19 8
14 11
14 10
14 9
14 12
14 8
17 13
16 13
15 13
14 13
18 13
19 13
17 7
16 7
15 7
14 7
18 7
19 7
13 10
13 11
13 9
13 12
13 8
13 13
13 7
16 6
15 6
14 6
0
Yes
49 27
49 28
48 27
48 28
49 26
49 29
48 29
0
Yes
27 27
26 27
27 26
26 26
28 26
25 27
25 26
0
Yes
17 28
16 28
17 27
17 29
18 28
16 27
16 29
18 27
18 29
15 28
17 26
17 30
19 28
15 27
15 29
16 26
16 30
18 26
18 30
19 27
19 29
15 26
15 30
19 26
19 30
14 28
17 25
17 31
20 28
14 27
14 29
16 25
16 31
18 25
18 31
20 27
20 29
14 26
14 30
15 25
15 31
19 25
19 31
20 26
20 30
13 28
17 24
21 28
13 27
13 29
16 24
18 24
21 27
21 29
14 25
14 31
20 25
20 31
13 26
13 30
15 24
19 24
21 26
21 30
12 28
13 25
13 31
14 24
20 24
21 25
12 27
12 29
12 26
12 30
13 24
21 24
12 25
12 31
12 24
0
Yes
6 9
6 10
7 9
7 10
5 9
5 10
6 8
6 11
7 8
7 11
8 9
8 10
5 8
5 11
8 8
8 11
4 9
4 10
6 7
6 12
7 7
7 12
9 9
9 10
4 8
4 11
5 7
5 12
8 7
8 12
9 8
9 11
3 9
3 10
4 7
4 12
6 6
6 13
7 6
7 13
9 7
9 12
10 9
10 10
3 8
3 11
5 6
5 13
8 6
8 13
10 8
10 11
3 7
3 12
4 6
4 13
9 6
9 13
10 7
10 12
2 9
2 10
6 5
7 5
11 9
11 10
2 8
2 11
5 5
8 5
11 8
11 11
3 6
3 13
10 6
10 13
2 7
2 12
4 5
9 5
11 7
11 12
1 9
1 10
12 9
12 10
1 8
1 11
2 6
2 13
3 5
10 5
11 6
11 13
12 8
12 11
1 7
1 12
12 7
12 12
2 5
11 5
0 9
0 10
1 6
1 13
12 6
12 13
0 8
0 11
0 7
0 12
1 5
12 5
0
Yes
11 31
10 31
10 32
11 32
10 33
11 33
9 33
9 32
9 31
8 31
8 32
8 33
9 34
10 34
11 34
8 34
12 34
12 33
12 32
11 35
10 35
9 35
12 35
8 35
13 32
13 33
13 34
13 35
10 36
11 36
12 36
9 36
13 36
8 36
14 33
14 34
14 35
14 32
14 36
11 37
10 37
12 37
9 37
13 37
8 37
14 37
15 32
15 33
15 34
15 35
15 36
15 37
10 38
11 38
12 38
13 38
9 38
14 38
8 38
15 38
16 33
16 34
16 35
16 36
16 37
0
Yes
20 46
19 46
19 45
20 45
19 44
20 44
21 44
21 45
21 46
18 44
18 45
18 46
21 47
20 47
19 47
18 47
22 46
22 45
22 47
22 44
21 43
20 43
19 43
18 43
22 43
17 46
17 45
17 44
17 47
17 43
20 48
19 48
21 48
18 48
22 48
17 48
23 45
23 46
23 47
23 44
23 48
23 43
20 42
19 42
21 42
18 42
22 42
17 42
23 42
16 45
16 46
16 44
16 47
16 43
16 48
16 42
19 49
20 49
21 49
18 49
22 49
17 49
23 49
16 49
24 46
24 45
24 47
24 44
24 48
24 43
24 49
24 42
19 41
20 41
21 41
18 41
22 41
17 41
23 41
16 41
24 41
15 46
15 45
15 47
15 44
15 43
15 48
15 42
15 49
15 41
25 45
25 46
25 47
25 44
25 43
25 48
25 42
25 49
25 41
20 40
19 40
21 40
18 40
22 40
17 40
23 40
16 40
24 40
15 40
25 40
14 45
14 46
14 47
14 44
14 43
14 42
14 48
14 41
14 49
14 40
26 46
26 45
26 47
26 44
26 43
26 42
26 48
26 41
26 49
26 40
19 39
20 39
21 39
18 39
22 39
17 39
23 39
16 39
24 39
15 39
25 39
14 39
13 46
13 45
13 47
13 44
13 43
0
No
0
Yes
44 37
44 38
45 37
45 38
46 37
46 38
47 37
47 38
0
No
0
Yes
48 35
48 36
49 36
49 35
49 37
48 37
0
No
0
Yes
23 17
23 18
24 18
24 17
25 17
25 18
24 19
23 19
25 19
23 20
24 20
25 20
26 18
26 19
26 17
26 20
27 17
27 18
27 19
27 20
24 21
25 21
26 21
23 21
27 21
23 22
24 22
25 22
26 22
27 22
28 18
28 19
28 17
28 16
29 17
29 18
29 16
29 19
24 23
25 23
26 23
23 23
27 23
29 15
28 15
28 14
28 21
23 24
24 24
25 24
26 24
27 24
22 24
30 16
30 17
30 18
30 19
31 17
31 18
31 16
31 19
22 25
23 25
24 25
25 25
31 15
23 26
24 26
22 26
32 16
32 17
33 17
33 16
22 27
23 27
24 27
33 18
33 15
23 28
22 28
24 28
34 16
34 17
34 18
34 15
34 19
35 17
35 16
22 29
23 29
24 29
35 19
23 30
22 30
24 30
36 16
36 17
36 15
37 17
37 16
37 15
0
No
0
Yes
48 41
49 41
48 40
48 42
49 40
49 42
47 41
47 40
47 42
48 39
48 43
49 39
49 43
47 39
47 43
48 38
49 38
0
Yes
4 39
3 39
4 38
4 40
5 39
3 38
3 40
5 38
5 40
2 39
4 37
4 41
6 39
2 38
2 40
3 37
3 41
5 37
5 41
6 38
6 40
2 37
2 41
6 37
6 41
1 39
4 36
7 39
1 38
1 40
3 36
5 36
7 38
7 40
1 37
1 41
2 36
6 36
7 37
7 41
0 39
0 38
0 40
1 36
7 36
0 37
0 41
0
Yes
35 39
35 40
36 39
36 40
34 39
34 40
35 38
34 38
0
Yes
0 27
0 28
1 28
1 27
2 28
2 27
2 29
1 29
0 29
0 30
1 30
2 30
3 29
3 28
3 27
3 30
1 31
2 31
0 31
3 31
4 27
4 28
4 29
4 30
4 31
0 32
1 32
2 32
3 32
4 32
5 28
5 29
5 30
5 31
5 27
5 32
1 33
2 33
3 33
4 33
0 33
5 33
6 27
6 28
6 29
6 30
6 31
6 32
6 33
0 34
1 34
2 34
3 34
4 34
5 34
6 34
7 28
7 29
7 30
7 31
7 32
7 33
7 27
7 34
1 35
2 35
3 35
4 35
5 35
6 35
7 35
0 35
8 27
8 28
8 29
8 30
8 31
8 32
8 33
8 34
8 35
9 28
9 29
9 30
9 31
9 32
9 33
9 34
9 27
9 35
10 27
10 28
10 29
10 30
10 31
10 32
10 33
10 34
10 35
11 28
11 29
11 30
11 31
11 32
11 33
0
Yes
10 28
9 28
10 27
10 29
11 28
9 27
9 29
11 27
11 29
8 28
10 26
10 30
8 27
8 29
9 26
9 30
11 26
11 30
8 26
8 30
10 25
10 31
9 25
9 31
11 25
11 31
8 25
8 31
10 24
9 24
11 24
8 24
0
Yes
47 47
46 47
47 46
47 48
48 47
46 46
46 48
48 46
48 48
45 47
47 45
47 49
49 47
45 46
45 48
46 45
46 49
48 45
48 49
49 46
49 48
45 45
45 49
49 45
49 49
44 47
47 44
44 46
44 48
46 44
48 44
44 45
44 49
45 44
49 44
0
Yes
42 48
41 48
42 47
42 49
43 48
41 47
41 49
43 47
43 49
40 48
42 46
40 47
40 49
41 46
43 46
40 46
0
Yes
12 13
11 13
11 12
12 12
11 11
12 11
10 11
10 12
10 13
9 13
9 12
9 11
10 10
11 10
12 10
9 10
8 12
8 11
8 13
8 10
12 9
11 9
10 9
9 9
8 9
7 13
0
No
0
Yes
42 46
42 47
43 46
43 47
41 46
41 47
42 45
42 48
43 45
43 48
44 46
44 47
41 45
41 48
44 45
44 48
40 46
40 47
42 44
42 49
43 44
43 49
40 45
40 48
41 44
41 49
44 44
44 49
40 44
40 49
42 43
43 43
41 43
44 43
40 43
0
Yes
0 27
0 28
1 28
1 27
2 28
2 27
2 29
1 29
0 29
0 30
1 30
2 30
3 29
3 28
3 27
3 30
1 31
2 31
0 31
3 31
4 27
4 28
4 29
4 30
4 31
0 32
1 32
2 32
3 32
4 32
5 28
5 29
5 30
5 31
5 27
5 32
1 33
2 33
3 33
4 33
0 33
5 33
6 27
6 28
6 29
6 30
6 31
6 32
6 33
0 34
1 34
2 34
3 34
4 34
5 34
6 34
7 28
7 29
7 30
7 31
7 32
7 33
7 34
7 27
1 35
2 35
3 35
4 35
5 35
6 35
7 35
0 35
8 32
8 33
0
Yes
4 7
5 7
4 6
4 8
5 6
5 8
3 7
6 7
3 6
3 8
6 6
6 8
4 5
4 9
5 5
5 9
2 7
3 5
3 9
6 5
6 9
7 7
2 6
2 8
7 6
7 8
4 4
4 10
5 4
5 10
2 5
2 9
7 5
7 9
3 4
3 10
6 4
6 10
1 7
8 7
1 6
1 8
8 6
8 8
2 4
2 10
7 4
7 10
1 5
1 9
4 3
4 11
5 3
5 11
8 5
8 9
3 3
3 11
6 3
6 11
0 7
0 6
0 8
1 4
1 10
8 4
8 10
2 3
2 11
7 3
7 11
0 5
0 9
4 2
4 12
5 2
5 12
3 2
3 12
6 2
6 12
1 3
1 11
8 3
8 11
0 4
0 10
2 2
2 12
7 2
7 12
0 3
0 11
4 1
4 13
5 1
5 13
1 2
1 12
8 2
8 12
3 1
3 13
6 1
6 13
2 1
2 13
7 1
7 13
0 2
0 12
1 1
1 13
8 1
8 13
4 0
5 0
3 0
6 0
2 0
7 0
0 1
0 13
1 0
8 0
0 0
0
Yes
20 0
20 1
20 2
20 3
21 0
21 1
21 2
21 3
22 0
22 1
22 2
22 3
23 0
23 1
23 2
23 3
24 0
24 1
24 2
24 3
25 0
25 1
25 2
25 3
26 0
26 1
26 2
26 3
27 0
27 1
27 2
27 3
0
No
0
Yes
0 18
0 19
0 20
0 21
0 22
0 23
0 24
0 25
0 26
1 18
1 19
1 20
1 21
1 22
1 23
1 24
1 25
1 26
2 18
2 19
2 20
2 21
2 22
2 23
2 24
2 25
2 26
3 18
3 19
3 20
3 21
3 22
3 23
3 24
3 25
3 26
4 18
4 19
4 20
4 21
4 22
4 23
4 24
4 25
4 26
5 18
5 19
5 20
5 21
5 22
5 23
5 24
5 25
5 26
6 18
6 19
6 20
6 21
6 22
6 23
6 24
6 25
6 26
7 18
7 19
7 20
7 21
7 22
7 23
7 24
7 25
0
Yes
45 46
45 47
45 48
45 49
46 46
46 47
46 48
46 49
47 46
47 47
47 48
47 49
48 46
48 47
48 48
48 49
49 46
49 47
49 48
49 49
0
Yes
47 44
47 45
48 44
48 45
49 44
49 45
0
Yes
9 0
9 1
9 2
9 3
9 4
9 5
9 6
9 7
9 8
10 0
10 1
10 2
10 3
10 4
10 5
10 6
10 7
10 8
11 0
11 1
11 2
11 3
11 4
11 5
11 6
11 7
11 8
12 0
12 1
12 2
12 3
12 4
12 5
12 6
12 7
12 8
13 0
13 1
13 2
13 3
13 4
13 5
13 6
13 7
13 8
14 0
14 1
14 2
14 3
14 4
14 5
14 6
14 7
14 8
15 0
15 1
15 2
15 3
15 4
15 5
15 6
15 7
15 8
16 0
16 1
16 2
16 3
16 4
16 5
16 6
16 7
16 8
17 0
17 1
17 2
17 3
17 4
17 5
17 6
17 7
17 8
18 0
18 1
18 2
18 3
18 4
18 5
18 6
18 7
18 8
19 0
19 1
19 2
19 3
19 4
19 5
19 6
0
Yes
13 43
13 44
13 45
13 46
13 47
13 48
13 49
14 43
14 44
14 45
14 46
14 47
14 48
14 49
15 43
15 44
15 45
15 46
15 47
15 48
15 49
16 43
16 44
16 45
16 46
16 47
16 48
16 49
17 43
17 44
17 45
17 46
17 47
17 48
17 49
18 43
18 44
18 45
18 46
18 47
18 48
18 49
19 43
19 44
19 45
19 46
19 47
19 48
19 49
20 43
20 44
20 45
20 46
20 47
20 48
20 49
21 43
21 44
21 45
21 46
21 47
21 48
21 49
22 43
22 44
22 45
22 46
22 47
0
Yes
12 21
12 22
12 23
12 24
12 25
12 26
12 27
12 28
12 29
12 30
13 21
13 22
13 23
13 24
13 25
13 26
13 27
13 28
13 29
13 30
14 21
14 22
14 23
14 24
14 25
14 26
14 27
14 28
14 29
14 30
15 21
15 22
15 23
15 24
15 25
15 26
15 27
15 28
15 29
15 30
16 21
16 22
16 23
16 24
16 25
16 26
16 27
16 28
16 29
16 30
17 21
17 22
17 23
17 24
17 25
17 26
17 27
17 28
17 29
17 30
18 21
18 22
18 23
18 24
18 25
18 26
18 27
18 28
18 29
18 30
19 21
19 22
19 23
19 24
19 25
19 26
19 27
19 28
19 29
19 30
20 21
20 22
20 23
20 24
20 25
20 26
20 27
20 28
20 29
20 30
21 21
21 22
21 23
21 24
21 25
21 26
21 27
21 28
21 29
21 30
22 21
22 22
22 23
22 24
22 25
22 26
22 27
22 28
22 29
22 30
23 21
23 22
23 23
23 24
23 25
23 26
23 27
23 28
23 29
23 30
24 21
24 22
24 23
24 24
24 25
24 26
24 27
24 28
24 29
24 30
0
Yes
0 19
0 20
0 21
0 22
0 23
0 24
0 25
0 26
1 19
1 20
1 21
1 22
1 23
1 24
1 25
1 26
2 19
2 20
2 21
2 22
2 23
2 24
2 25
2 26
3 19
3 20
3 21
3 22
3 23
3 24
3 25
0
Yes
0 18
0 19
0 20
0 21
0 22
0 23
0 24
0 25
0 26
1 18
1 19
1 20
1 21
1 22
1 23
1 24
1 25
1 26
2 18
2 19
2 20
2 21
2 22
2 23
2 24
2 25
2 26
3 18
3 19
3 20
3 21
3 22
3 23
3 24
3 25
3 26
4 18
4 19
4 20
4 21
4 22
4 23
4 24
4 25
4 26
5 18
5 19
5 20
5 21
5 22
5 23
5 24
5 25
5 26
6 18
6 19
6 20
6 21
6 22
6 23
6 24
6 25
6 26
7 18
7 19
7 20
7 21
7 22
7 23
7 24
7 25
7 26
8 18
8 19
8 20
8 21
0
Yes
20 4
20 5
20 6
20 7
20 8
21 4
21 5
21 6
21 7
21 8
22 4
22 5
22 6
22 7
22 8
23 4
23 5
23 6
23 7
23 8
24 4
24 5
24 6
24 7
24 8
25 4
25 5
25 6
25 7
25 8
26 4
26 5
26 6
26 7
26 8
0
Yes
25 20
25 21
25 22
25 23
25 24
26 20
26 21
26 22
26 23
26 24
27 20
27 21
27 22
27 23
27 24
0
Yes
27 42
27 43
27 44
27 45
27 46
27 47
27 48
27 49
28 42
28 43
28 44
28 45
28 46
28 47
28 48
28 49
29 42
29 43
29 44
29 45
29 46
29 47
29 48
29 49
30 42
30 43
30 44
30 45
30 46
30 47
30 48
30 49
31 42
31 43
31 44
31 45
31 46
31 47
31 48
31 49
32 42
32 43
32 44
32 45
32 46
32 47
32 48
32 49
33 42
33 43
33 44
33 45
33 46
33 47
33 48
33 49
34 42
34 43
34 44
34 45
34 46
34 47
34 48
34 49
35 42
35 43
35 44
35 45
35 46
35 47
35 48
35 49
36 42
36 43
36 44
36 45
36 46
36 47
36 48
36 49
37 42
37 43
37 44
37 45
37 46
37 47
37 48
37 49
38 42
38 43
38 44
38 45
38 46
38 47
38 48
38 49
39 42
39 43
39 44
39 45
39 46
39 47
39 48
39 49
0
Yes
9 9
9 10
9 11
9 12
9 13
9 14
9 15
10 9
10 10
10 11
10 12
10 13
10 14
10 15
11 9
11 10
11 11
11 12
11 13
11 14
11 15
12 9
12 10
12 11
12 12
12 13
12 14
12 15
13 9
13 10
13 11
13 12
13 13
13 14
13 15
14 9
14 10
14 11
14 12
14 13
14 14
14 15
15 9
15 10
15 11
15 12
15 13
15 14
15 15
16 9
16 10
16 11
16 12
16 13
16 14
16 15
17 9
17 10
17 11
17 12
17 13
17 14
17 15
18 9
18 10
18 11
18 12
18 13
18 14
18 15
19 9
19 10
19 11
19 12
19 13
19 14
19 15
20 9
20 10
20 11
20 12
20 13
20 14
0
No
0
Yes
45 43
45 44
45 45
46 43
46 44
46 45
47 43
47 44
47 45
48 43
48 44
48 45
49 43
49 44
49 45
0
Yes
17 40
17 41
17 42
17 43
17 44
17 45
17 46
17 47
17 48
17 49
18 40
18 41
18 42
18 43
18 44
18 45
18 46
18 47
18 48
18 49
19 40
19 41
19 42
19 43
19 44
19 45
19 46
19 47
19 48
19 49
20 40
20 41
20 42
20 43
20 44
20 45
20 46
20 47
20 48
20 49
21 40
21 41
21 42
21 43
21 44
21 45
21 46
21 47
21 48
21 49
22 40
22 41
22 42
22 43
22 44
22 45
22 46
22 47
22 48
22 49
23 40
23 41
23 42
23 43
23 44
23 45
23 46
23 47
23 48
23 49
24 40
24 41
24 42
24 43
24 44
24 45
24 46
24 47
24 48
24 49
25 40
25 41
25 42
25 43
25 44
25 45
25 46
25 47
25 48
25 49
26 40
26 41
26 42
26 43
26 44
26 45
26 46
26 47
26 48
26 49
0
Yes
0 16
0 17
0 18
0 19
0 20
0 21
0 22
0 23
0 24
0 25
0 26
1 16
1 17
1 18
1 19
1 20
1 21
1 22
1 23
1 24
1 25
1 26
2 16
2 17
2 18
2 19
2 20
2 21
2 22
2 23
2 24
2 25
2 26
3 16
3 17
3 18
3 19
3 20
3 21
3 22
3 23
3 24
3 25
3 26
4 16
4 17
4 18
4 19
4 20
4 21
4 22
4 23
4 24
4 25
4 26
5 16
5 17
5 18
5 19
5 20
5 21
5 22
5 23
5 24
5 25
5 26
6 16
6 17
6 18
6 19
6 20
6 21
6 22
6 23
6 24
6 25
6 26
7 16
7 17
7 18
7 19
7 20
7 21
7 22
7 23
7 24
7 25
7 26
8 16
8 17
8 18
8 19
8 20
8 21
8 22
8 23
8 24
8 25
8 26
9 16
9 17
9 18
9 19
9 20
9 21
9 22
9 23
9 24
9 25
9 26
10 16
10 17
10 18
10 19
10 20
10 21
10 22
10 23
10 24
10 25
10 26
11 16
11 17
11 18
11 19
11 20
11 21
11 22
11 23
11 24
11 25
11 26
12 16
12 17
12 18
12 19
12 20
12 21
12 22
12 23
12 24
12 25
12 26
0
No
0
Yes
0 36
0 37
0 38
0 39
0 40
0 41
1 36
1 37
1 38
1 39
1 40
1 41
2 36
2 37
2 38
2 39
2 40
2 41
3 36
3 37
3 38
3 39
3 40
3 41
4 36
4 37
4 38
4 39
4 40
4 41
5 36
5 37
5 38
5 39
5 40
5 41
6 36
6 37
6 38
6 39
6 40
6 41
7 36
7 37
7 38
7 39
7 40
7 41
8 36
8 37
8 38
8 39
0
Yes
0 14
0 15
1 14
1 15
2 14
2 15
3 14
3 15
4 14
4 15
0
Yes
13 16
13 17
13 18
13 19
13 20
13 21
14 16
14 17
14 18
14 19
14 20
14 21
15 16
15 17
15 18
15 19
15 20
15 21
16 16
16 17
16 18
16 19
16 20
16 21
17 16
17 17
17 18
17 19
17 20
17 21
18 16
18 17
18 18
18 19
18 20
18 21
0
Yes
43 27
43 28
43 29
44 27
44 28
44 29
45 27
45 28
0
Yes
9 0
9 1
9 2
9 3
9 4
9 5
9 6
9 7
10 0
10 1
10 2
10 3
10 4
10 5
10 6
10 7
11 0
11 1
11 2
11 3
11 4
11 5
11 6
11 7
12 0
12 1
12 2
12 3
12 4
12 5
12 6
12 7
13 0
13 1
13 2
13 3
13 4
13 5
13 6
13 7
14 0
14 1
14 2
14 3
14 4
14 5
14 6
14 7
15 0
15 1
15 2
15 3
15 4
15 5
15 6
15 7
16 0
16 1
16 2
16 3
16 4
16 5
16 6
16 7
17 0
17 1
17 2
17 3
17 4
17 5
17 6
17 7
18 0
18 1
18 2
18 3
18 4
18 5
18 6
0
Yes
13 40
13 41
13 42
13 43
13 44
13 45
13 46
13 47
13 48
13 49
14 40
14 41
14 42
14 43
14 44
14 45
14 46
14 47
14 48
14 49
15 40
15 41
15 42
15 43
15 44
15 45
15 46
15 47
15 48
15 49
16 40
16 41
16 42
16 43
16 44
16 45
16 46
16 47
16 48
16 49
17 40
17 41
17 42
17 43
17 44
17 45
17 46
17 47
17 48
17 49
18 40
18 41
18 42
18 43
18 44
18 45
18 46
18 47
18 48
18 49
19 40
19 41
19 42
19 43
19 44
19 45
19 46
19 47
19 48
19 49
20 40
20 41
20 42
20 43
20 44
20 45
20 46
20 47
20 48
20 49
21 40
21 41
21 42
21 43
21 44
21 45
21 46
21 47
21 48
21 49
22 40
22 41
22 42
22 43
22 44
22 45
22 46
22 47
22 48
22 49
23 40
23 41
23 42
23 43
23 44
23 45
23 46
23 47
23 48
23 49
24 40
24 41
24 42
24 43
24 44
24 45
24 46
24 47
24 48
24 49
25 40
25 41
25 42
25 43
25 44
25 45
25 46
25 47
25 48
25 49
26 40
26 41
26 42
26 43
26 44
26 45
26 46
0
No
0
Yes
22 35
22 36
22 37
22 38
22 39
23 35
23 36
23 37
23 38
23 39
24 35
24 36
24 37
24 38
24 39
25 35
25 36
25 37
25 38
0
No
0
No
0
No
0
No
0
No
0
Yes
19 34
19 35
19 36
19 37
19 38
19 39
20 34
20 35
20 36
20 37
20 38
20 39
21 34
21 35
21 36
21 37
21 38
21 39
0
Yes
0 42
0 43
0 44
0 45
0 46
0 47
0 48
0 49
1 42
1 43
1 44
1 45
1 46
1 47
1 48
1 49
2 42
2 43
2 44
2 45
2 46
2 47
2 48
2 49
3 42
3 43
3 44
3 45
3 46
3 47
3 48
3 49
4 42
4 43
4 44
4 45
4 46
4 47
4 48
4 49
5 42
5 43
5 44
5 45
5 46
5 47
5 48
5 49
6 42
6 43
6 44
6 45
6 46
6 47
6 48
6 49
7 42
7 43
7 44
7 45
7 46
7 47
7 48
7 49
8 42
8 43
8 44
8 45
8 46
8 47
8 48
8 49
9 42
0
Yes
25 21
25 22
25 23
25 24
26 21
26 22
26 23
26 24
27 21
27 22
27 23
27 24
28 21
0
Yes
0 22
0 23
0 24
0 25
0 26
1 22
1 23
1 24
1 25
1 26
2 22
2 23
2 24
2 25
2 26
3 22
3 23
3 24
3 25
3 26
4 22
4 23
4 24
4 25
4 26
5 22
5 23
5 24
5 25
5 26
6 22
6 23
6 24
6 25
6 26
7 22
7 23
7 24
7 25
0
No
0
Yes
9 29
9 30
9 31
9 32
9 33
9 34
9 35
9 36
9 37
9 38
9 39
10 29
10 30
10 31
10 32
10 33
10 34
10 35
10 36
10 37
10 38
10 39
11 29
11 30
11 31
11 32
11 33
11 34
11 35
11 36
11 37
11 38
11 39
12 29
12 30
12 31
12 32
12 33
12 34
12 35
12 36
12 37
12 38
12 39
13 29
13 30
13 31
13 32
13 33
13 34
13 35
13 36
13 37
13 38
13 39
14 29
14 30
14 31
14 32
14 33
14 34
14 35
14 36
14 37
14 38
14 39
15 29
15 30
15 31
15 32
15 33
15 34
15 35
15 36
15 37
15 38
15 39
16 29
16 30
16 31
16 32
16 33
16 34
16 35
16 36
16 37
16 38
16 39
17 29
17 30
17 31
17 32
17 33
17 34
17 35
17 36
17 37
17 38
17 39
18 29
18 30
18 31
18 32
18 33
18 34
18 35
18 36
0
Yes
20 13
20 14
20 15
20 16
20 17
20 18
20 19
20 20
21 13
21 14
21 15
21 16
21 17
21 18
21 19
21 20
22 13
22 14
22 15
22 16
22 17
22 18
22 19
22 20
23 13
23 14
23 15
23 16
23 17
23 18
23 19
23 20
24 13
24 14
24 15
24 16
24 17
24 18
24 19
24 20
25 13
25 14
25 15
25 16
25 17
25 18
25 19
25 20
26 13
26 14
26 15
26 16
26 17
26 18
26 19
26 20
27 13
27 14
27 15
27 16
27 17
27 18
27 19
27 20
28 13
28 14
28 15
28 16
28 17
28 18
28 19
0
Yes
0 19
0 20
0 21
1 19
1 20
1 21
2 19
2 20
2 21
3 19
3 20
3 21
4 19
4 20
4 21
0
No
0
No
0
Yes
27 42
27 43
27 44
27 45
27 46
27 47
27 48
27 49
28 42
28 43
28 44
28 45
28 46
28 47
28 48
28 49
29 42
29 43
29 44
29 45
29 46
29 47
29 48
29 49
30 42
30 43
30 44
30 45
30 46
30 47
30 48
30 49
31 42
31 43
31 44
31 45
31 46
31 47
31 48
31 49
32 42
32 43
32 44
32 45
32 46
32 47
32 48
32 49
33 42
33 43
33 44
33 45
33 46
33 47
33 48
33 49
34 42
34 43
34 44
34 45
34 46
34 47
34 48
34 49
35 42
35 43
35 44
35 45
35 46
35 47
35 48
35 49
36 42
36 43
36 44
36 45
36 46
36 47
36 48
36 49
37 42
37 43
37 44
37 45
37 46
37 47
37 48
37 49
38 42
38 43
38 44
38 45
38 46
38 47
38 48
0
Yes
9 32
9 33
9 34
9 35
9 36
9 37
9 38
9 39
10 32
10 33
10 34
10 35
10 36
10 37
10 38
10 39
11 32
11 33
11 34
11 35
11 36
11 37
11 38
11 39
12 32
12 33
12 34
12 35
12 36
12 37
12 38
12 39
13 32
13 33
13 34
13 35
13 36
13 37
13 38
13 39
14 32
14 33
14 34
14 35
14 36
14 37
14 38
14 39
15 32
15 33
15 34
15 35
15 36
15 37
15 38
15 39
16 32
16 33
16 34
16 35
16 36
16 37
16 38
16 39
17 32
17 33
17 34
17 35
17 36
17 37
17 38
17 39
18 32
18 33
18 34
18 35
18 36
18 37
0
No
0
Yes
0 42
0 43
0 44
0 45
0 46
0 47
0 48
0 49
1 42
1 43
1 44
1 45
1 46
1 47
1 48
1 49
2 42
2 43
2 44
2 45
2 46
2 47
2 48
2 49
3 42
3 43
3 44
3 45
3 46
3 47
3 48
3 49
4 42
4 43
4 44
4 45
4 46
4 47
4 48
4 49
5 42
5 43
5 44
5 45
5 46
5 47
5 48
5 49
6 42
6 43
6 44
6 45
6 46
6 47
6 48
6 49
7 42
7 43
7 44
7 45
7 46
7 47
7 48
7 49
8 42
8 43
8 44
8 45
8 46
8 47
8 48
8 49
9 42
9 43
9 44
9 45
9 46
9 47
9 48
9 49
10 42
10 43
10 44
10 45
10 46
10 47
10 48
10 49
11 42
11 43
11 44
11 45
11 46
11 47
11 48
11 49
0
Yes
0 14
0 15
0 16
0 17
0 18
1 14
1 15
1 16
1 17
1 18
2 14
2 15
2 16
2 17
2 18
0
No
0
No
0
Yes
27 42
27 43
27 44
27 45
27 46
27 47
27 48
27 49
28 42
28 43
28 44
28 45
28 46
28 47
28 48
28 49
29 42
29 43
29 44
29 45
29 46
29 47
29 48
29 49
30 42
30 43
30 44
30 45
30 46
30 47
30 48
30 49
31 42
31 43
31 44
31 45
31 46
31 47
31 48
31 49
32 42
32 43
32 44
32 45
32 46
32 47
32 48
32 49
33 42
33 43
33 44
33 45
33 46
33 47
33 48
33 49
34 42
34 43
34 44
34 45
34 46
34 47
34 48
34 49
35 42
35 43
35 44
35 45
35 46
35 47
35 48
35 49
36 42
36 43
36 44
36 45
36 46
36 47
36 48
36 49
37 42
37 43
37 44
37 45
37 46
37 47
37 48
37 49
38 42
38 43
38 44
38 45
38 46
38 47
38 48
38 49
39 42
39 43
39 44
39 45
39 46
39 47
39 48
39 49
40 42
40 43
40 44
40 45
40 46
40 47
40 48
40 49
41 42
41 43
41 44
41 45
41 46
41 47
41 48
41 49
42 42
42 43
42 44
42 45
42 46
42 47
42 48
42 49
43 42
0
Yes
5 19
5 20
5 21
6 19
6 20
6 21
7 19
7 20
7 21
0
Yes
0 36
0 37
0 38
0 39
0 40
0 41
1 36
1 37
1 38
1 39
1 40
1 41
2 36
2 37
2 38
2 39
2 40
2 41
3 36
3 37
3 38
3 39
3 40
3 41
4 36
4 37
4 38
4 39
4 40
4 41
5 36
5 37
5 38
5 39
5 40
5 41
6 36
6 37
6 38
6 39
6 40
6 41
7 36
7 37
7 38
7 39
7 40
7 41
8 36
8 37
8 38
8 39
8 40
8 41
9 36
9 37
9 38
9 39
9 40
9 41
10 36
10 37
10 38
10 39
10 40
10 41
11 36
11 37
11 38
11 39
11 40
11 41
12 36
12 37
0
Yes
29 17
29 18
29 19
30 17
30 18
30 19
31 17
31 18
31 19
0
Yes
49 27
49 28
48 27
48 28
49 26
0
Yes
24 0
24 1
24 2
24 3
25 0
25 1
25 2
25 3
26 0
26 1
26 2
26 3
27 0
27 1
27 2
27 3
28 0
0
No
0
Yes
13 34
13 35
13 36
13 37
13 38
13 39
14 34
14 35
14 36
14 37
14 38
14 39
15 34
15 35
15 36
15 37
15 38
15 39
16 34
16 35
16 36
16 37
16 38
16 39
17 34
17 35
17 36
17 37
17 38
17 39
18 34
18 35
18 36
18 37
18 38
18 39
0
No
0
Yes
12 40
12 41
12 42
12 43
12 44
12 45
12 46
12 47
12 48
12 49
13 40
13 41
13 42
13 43
13 44
13 45
13 46
13 47
13 48
13 49
14 40
14 41
14 42
14 43
14 44
14 45
14 46
14 47
14 48
14 49
15 40
15 41
15 42
15 43
15 44
15 45
15 46
15 47
15 48
15 49
16 40
16 41
16 42
16 43
16 44
16 45
16 46
16 47
16 48
16 49
17 40
17 41
17 42
17 43
17 44
17 45
17 46
17 47
17 48
17 49
18 40
18 41
18 42
18 43
18 44
18 45
18 46
18 47
18 48
18 49
19 40
19 41
19 42
19 43
19 44
19 45
19 46
19 47
19 48
19 49
20 40
20 41
20 42
20 43
20 44
20 45
20 46
20 47
20 48
20 49
21 40
21 41
21 42
0
Yes
3 14
3 15
3 16
3 17
3 18
4 14
4 15
4 16
4 17
4 18
5 14
5 15
5 16
5 17
5 18
6 14
6 15
6 16
6 17
6 18
7 14
7 15
7 16
0
Yes
19 0
19 1
19 2
19 3
20 0
20 1
20 2
20 3
21 0
21 1
21 2
21 3
22 0
22 1
22 2
22 3
23 0
23 1
23 2
23 3
0
Yes
9 0
9 1
9 2
9 3
9 4
9 5
9 6
9 7
9 8
9 9
9 10
10 0
10 1
10 2
10 3
10 4
10 5
10 6
10 7
10 8
10 9
10 10
11 0
11 1
11 2
11 3
11 4
11 5
11 6
11 7
11 8
11 9
11 10
12 0
12 1
12 2
12 3
12 4
12 5
12 6
12 7
12 8
12 9
12 10
13 0
13 1
13 2
13 3
13 4
13 5
13 6
13 7
13 8
13 9
13 10
14 0
14 1
14 2
14 3
14 4
14 5
14 6
14 7
14 8
14 9
14 10
15 0
15 1
15 2
15 3
15 4
15 5
15 6
15 7
15 8
15 9
15 10
16 0
16 1
16 2
16 3
16 4
16 5
16 6
16 7
16 8
16 9
16 10
17 0
17 1
17 2
17 3
17 4
17 5
17 6
17 7
17 8
17 9
17 10
18 0
18 1
0
No
0
No
0
Yes
18 4
18 5
18 6
18 7
18 8
19 4
19 5
19 6
19 7
19 8
0
Yes
45 29
45 30
45 31
45 32
45 33
45 34
46 29
46 30
46 31
46 32
46 33
46 34
47 29
47 30
47 31
47 32
47 33
47 34
48 29
48 30
48 31
48 32
48 33
48 34
49 29
49 30
49 31
49 32
49 33
49 34
0
Yes
0 43
0 44
0 45
0 46
0 47
0 48
0 49
1 43
1 44
1 45
1 46
1 47
1 48
1 49
2 43
2 44
2 45
2 46
2 47
2 48
2 49
3 43
3 44
3 45
3 46
3 47
3 48
3 49
4 43
4 44
4 45
4 46
4 47
4 48
4 49
5 43
5 44
5 45
5 46
5 47
5 48
5 49
6 43
6 44
6 45
6 46
6 47
6 48
6 49
7 43
7 44
7 45
7 46
7 47
7 48
7 49
8 43
8 44
8 45
8 46
8 47
8 48
8 49
9 43
9 44
9 45
9 46
9 47
9 48
9 49
0
Yes
9 11
9 12
9 13
9 14
9 15
9 16
10 11
10 12
10 13
10 14
10 15
10 16
11 11
11 12
11 13
11 14
11 15
11 16
12 11
12 12
12 13
12 14
12 15
12 16
13 11
13 12
13 13
13 14
13 15
13 16
14 11
14 12
14 13
14 14
14 15
14 16
15 11
15 12
15 13
15 14
15 15
15 16
16 11
16 12
16 13
16 14
16 15
16 16
17 11
17 12
17 13
0
No
0
No
0
Yes
42 26
42 27
43 26
43 27
0
No
0
No
0
Yes
13 21
13 22
13 23
13 24
13 25
13 26
13 27
13 28
13 29
13 30
14 21
14 22
14 23
14 24
14 25
14 26
14 27
14 28
14 29
14 30
15 21
15 22
15 23
15 24
15 25
15 26
15 27
15 28
15 29
15 30
16 21
16 22
16 23
16 24
16 25
16 26
16 27
16 28
16 29
16 30
17 21
17 22
17 23
17 24
17 25
17 26
17 27
17 28
17 29
17 30
18 21
18 22
18 23
18 24
18 25
18 26
18 27
18 28
18 29
18 30
19 21
19 22
19 23
19 24
19 25
19 26
19 27
19 28
19 29
19 30
20 21
20 22
20 23
20 24
20 25
20 26
20 27
20 28
20 29
20 30
21 21
21 22
21 23
21 24
21 25
21 26
21 27
21 28
21 29
21 30
22 21
22 22
22 23
22 24
22 25
22 26
22 27
22 28
22 29
22 30
23 21
23 22
23 23
23 24
23 25
23 26
23 27
23 28
23 29
23 30
24 21
24 22
24 23
24 24
24 25
24 26
24 27
24 28
24 29
24 30
0
Yes
23 8
24 8
23 7
23 9
24 7
24 9
22 8
25 8
22 7
22 9
25 7
25 9
23 6
23 10
24 6
24 10
21 8
22 6
22 10
25 6
25 10
26 8
21 7
21 9
26 7
26 9
23 5
23 11
24 5
24 11
21 6
21 10
26 6
26 10
22 5
22 11
25 5
25 11
20 8
20 7
20 9
21 5
21 11
26 5
26 11
20 6
20 10
23 4
23 12
24 4
24 12
22 4
22 12
25 4
25 12
20 5
20 11
21 4
21 12
26 4
26 12
23 3
22 3
20 4
20 12
21 3
0
Yes
0 36
0 37
0 38
0 39
0 40
0 41
0 42
1 36
1 37
1 38
1 39
1 40
1 41
1 42
2 36
2 37
2 38
2 39
2 40
2 41
2 42
3 36
3 37
3 38
3 39
3 40
3 41
3 42
4 36
4 37
4 38
4 39
4 40
4 41
4 42
5 36
5 37
5 38
5 39
5 40
5 41
5 42
6 36
6 37
6 38
6 39
6 40
6 41
6 42
7 36
7 37
7 38
7 39
7 40
7 41
7 42
8 36
8 37
8 38
8 39
8 40
8 41
8 42
9 36
9 37
9 38
9 39
0
Yes
15 41
15 42
15 43
15 44
15 45
15 46
15 47
15 48
15 49
16 41
16 42
16 43
16 44
16 45
16 46
16 47
16 48
16 49
17 41
17 42
17 43
17 44
17 45
17 46
17 47
17 48
17 49
18 41
18 42
18 43
18 44
18 45
18 46
18 47
18 48
18 49
19 41
19 42
19 43
19 44
19 45
19 46
19 47
19 48
19 49
20 41
20 42
20 43
20 44
20 45
20 46
20 47
20 48
20 49
21 41
21 42
21 43
21 44
21 45
21 46
21 47
21 48
21 49
22 41
22 42
22 43
22 44
22 45
22 46
22 47
22 48
22 49
23 41
23 42
23 43
23 44
23 45
23 46
23 47
23 48
23 49
24 41
24 42
24 43
24 44
24 45
24 46
24 47
24 48
24 49
25 41
25 42
25 43
25 44
25 45
25 46
25 47
25 48
25 49
26 41
26 42
26 43
26 44
26 45
26 46
26 47
26 48
26 49
0
No
0
No
0
Yes
0 36
0 37
0 38
0 39
0 40
0 41
0 42
1 36
1 37
1 38
1 39
1 40
1 41
1 42
2 36
2 37
2 38
2 39
2 40
2 41
2 42
3 36
3 37
3 38
3 39
3 40
3 41
3 42
4 36
4 37
4 38
4 39
4 40
4 41
4 42
5 36
5 37
5 38
5 39
5 40
5 41
5 42
0
No
0
Yes
21 42
21 43
21 44
21 45
21 46
21 47
21 48
21 49
22 42
22 43
22 44
22 45
22 46
22 47
22 48
22 49
23 42
23 43
23 44
23 45
23 46
23 47
23 48
23 49
24 42
24 43
24 44
24 45
24 46
24 47
24 48
24 49
25 42
25 43
25 44
25 45
25 46
25 47
25 48
25 49
26 42
26 43
26 44
26 45
26 46
26 47
26 48
26 49
0
Yes
0 0
0 1
0 2
0 3
0 4
0 5
0 6
0 7
1 0
1 1
1 2
1 3
1 4
1 5
1 6
1 7
2 0
2 1
2 2
2 3
2 4
2 5
2 6
2 7
3 0
3 1
3 2
3 3
3 4
3 5
3 6
3 7
4 0
4 1
4 2
4 3
4 4
4 5
4 6
4 7
5 0
5 1
5 2
5 3
5 4
5 5
5 6
5 7
6 0
6 1
6 2
6 3
6 4
6 5
6 6
6 7
7 0
0
Yes
10 40
10 41
10 42
10 43
10 44
10 45
10 46
10 47
10 48
10 49
11 40
11 41
11 42
11 43
11 44
11 45
11 46
11 47
11 48
11 49
12 40
12 41
12 42
12 43
12 44
12 45
12 46
12 47
12 48
12 49
13 40
13 41
13 42
13 43
13 44
13 45
13 46
13 47
13 48
13 49
14 40
14 41
14 42
14 43
14 44
14 45
14 46
14 47
14 48
14 49
15 40
15 41
15 42
15 43
15 44
15 45
15 46
15 47
15 48
15 49
16 40
16 41
16 42
16 43
16 44
16 45
16 46
16 47
16 48
16 49
17 40
17 41
17 42
17 43
17 44
17 45
17 46
17 47
17 48
17 49
18 40
18 41
18 42
18 43
18 44
18 45
18 46
18 47
18 48
18 49
19 40
19 41
19 42
19 43
19 44
19 45
19 46
19 47
19 48
19 49
20 40
20 41
20 42
0
Yes
0 8
0 9
0 10
0 11
0 12
0 13
1 8
1 9
1 10
1 11
1 12
1 13
2 8
2 9
2 10
2 11
2 12
2 13
3 8
3 9
3 10
3 11
3 12
3 13
4 8
4 9
4 10
4 11
4 12
4 13
5 8
5 9
5 10
5 11
5 12
5 13
6 8
6 9
6 10
6 11
6 12
6 13
7 8
7 9
7 10
7 11
7 12
7 13
8 8
8 9
8 10
8 11
0
Yes
12 11
12 12
12 13
12 14
12 15
12 16
12 17
12 18
12 19
12 20
13 11
13 12
13 13
13 14
13 15
13 16
13 17
13 18
13 19
13 20
14 11
14 12
14 13
14 14
14 15
14 16
14 17
14 18
14 19
14 20
15 11
15 12
15 13
15 14
15 15
15 16
15 17
15 18
15 19
15 20
16 11
16 12
16 13
16 14
16 15
16 16
16 17
16 18
16 19
16 20
17 11
17 12
17 13
17 14
17 15
17 16
17 17
17 18
17 19
17 20
18 11
18 12
18 13
18 14
18 15
18 16
18 17
18 18
18 19
18 20
19 11
19 12
19 13
19 14
19 15
19 16
19 17
19 18
0
Yes
21 34
20 34
20 33
20 35
21 35
19 35
19 34
19 33
19 36
20 36
21 36
18 34
18 35
18 33
18 36
21 37
20 37
19 37
18 37
17 33
17 34
17 35
17 36
17 37
20 38
19 38
18 38
21 38
17 38
22 37
22 36
22 35
22 38
16 34
16 35
16 36
16 37
16 33
16 38
21 39
20 39
19 39
18 39
17 39
22 39
16 39
23 35
23 36
23 37
23 38
23 39
15 33
15 34
15 35
15 36
15 37
15 38
15 39
16 32
17 32
18 32
15 32
24 36
24 37
24 38
24 35
24 39
23 40
22 40
21 40
24 40
14 34
14 35
14 36
14 37
14 33
14 38
14 32
14 39
18 31
17 31
16 31
15 31
14 31
25 35
25 36
25 37
25 38
25 39
25 40
21 41
22 41
23 41
24 41
25 41
13 33
13 34
13 35
13 36
13 37
13 32
13 38
13 31
13 39
12 34
12 33
12 35
12 36
12 37
12 32
12 38
12 31
12 39
11 33
11 34
11 35
11 36
11 37
11 32
11 38
11 31
11 39
10 34
10 33
10 35
10 36
10 37
10 32
10 38
10 31
10 39
10 30
11 30
12 30
9 30
9 31
9 32
0
Yes
0 27
0 28
0 29
0 30
0 31
0 32
0 33
0 34
1 27
1 28
1 29
1 30
1 31
1 32
1 33
1 34
2 27
2 28
2 29
2 30
2 31
2 32
2 33
2 34
3 27
3 28
3 29
3 30
3 31
3 32
3 33
3 34
4 27
4 28
4 29
4 30
4 31
4 32
4 33
4 34
5 27
5 28
5 29
5 30
5 31
5 32
5 33
5 34
6 27
6 28
6 29
0
No
0
No
0
No
0
No
0
No
0
Yes
0 0
0 1
0 2
0 3
1 0
1 1
1 2
1 3
2 0
2 1
2 2
2 3
0
Yes
0 0
0 1
0 2
0 3
0 4
0 5
1 0
1 1
1 2
1 3
1 4
1 5
2 0
2 1
2 2
2 3
2 4
2 5
3 0
3 1
3 2
3 3
3 4
3 5
4 0
4 1
4 2
4 3
4 4
4 5
5 0
0
Yes
11 0
11 1
11 2
11 3
11 4
11 5
11 6
11 7
11 8
11 9
11 10
12 0
12 1
12 2
12 3
12 4
12 5
12 6
12 7
12 8
12 9
12 10
13 0
13 1
13 2
13 3
13 4
13 5
13 6
13 7
13 8
13 9
13 10
14 0
14 1
14 2
14 3
14 4
14 5
14 6
14 7
14 8
14 9
14 10
15 0
15 1
15 2
15 3
15 4
15 5
15 6
15 7
15 8
15 9
15 10
16 0
16 1
16 2
16 3
16 4
16 5
16 6
16 7
16 8
16 9
16 10
17 0
17 1
17 2
17 3
17 4
17 5
17 6
17 7
17 8
17 9
17 10
18 0
18 1
18 2
18 3
18 4
18 5
18 6
18 7
18 8
18 9
18 10
19 0
19 1
19 2
19 3
19 4
19 5
19 6
19 7
19 8
19 9
19 10
0
Yes
0 41
0 42
0 43
0 44
0 45
0 46
0 47
0 48
0 49
1 41
1 42
1 43
1 44
1 45
1 46
1 47
1 48
1 49
2 41
2 42
2 43
2 44
2 45
2 46
2 47
2 48
2 49
3 41
3 42
3 43
3 44
3 45
3 46
3 47
3 48
3 49
4 41
4 42
4 43
4 44
4 45
4 46
4 47
0
Yes
4 21
4 22
4 23
4 24
4 25
4 26
4 27
4 28
4 29
5 21
5 22
5 23
5 24
5 25
5 26
5 27
5 28
5 29
6 21
6 22
6 23
6 24
6 25
6 26
6 27
6 28
6 29
7 21
7 22
7 23
7 24
7 25
7 26
7 27
7 28
7 29
8 21
8 22
8 23
8 24
8 25
8 26
8 27
8 28
8 29
9 21
9 22
9 23
9 24
9 25
9 26
9 27
9 28
9 29
10 21
10 22
10 23
10 24
10 25
10 26
10 27
10 28
10 29
11 21
11 22
11 23
11 24
11 25
11 26
11 27
11 28
11 29
12 21
12 22
12 23
12 24
12 25
12 26
12 27
12 28
12 29
0
Yes
0 21
0 22
0 23
0 24
0 25
1 21
1 22
1 23
1 24
1 25
2 21
2 22
2 23
2 24
2 25
3 21
3 22
3 23
3 24
3 25
0
No
0
Yes
0 11
0 12
0 13
0 14
0 15
0 16
0 17
0 18
0 19
0 20
1 11
1 12
1 13
1 14
1 15
1 16
1 17
1 18
1 19
1 20
2 11
2 12
2 13
2 14
2 15
2 16
2 17
2 18
2 19
2 20
3 11
3 12
3 13
3 14
3 15
3 16
3 17
3 18
3 19
3 20
4 11
4 12
4 13
4 14
4 15
4 16
4 17
4 18
4 19
4 20
5 11
5 12
5 13
5 14
5 15
5 16
5 17
5 18
5 19
5 20
6 11
6 12
6 13
6 14
6 15
6 16
6 17
6 18
6 19
6 20
7 11
7 12
7 13
7 14
7 15
7 16
7 17
7 18
7 19
7 20
8 11
8 12
8 13
8 14
8 15
8 16
8 17
8 18
8 19
8 20
9 11
9 12
9 13
9 14
9 15
0
Yes
5 40
5 41
5 42
5 43
5 44
5 45
5 46
5 47
5 48
5 49
6 40
6 41
6 42
6 43
6 44
6 45
6 46
6 47
6 48
6 49
7 40
7 41
7 42
7 43
7 44
7 45
7 46
7 47
7 48
7 49
8 40
8 41
8 42
8 43
8 44
8 45
8 46
8 47
8 48
8 49
9 40
9 41
9 42
9 43
9 44
9 45
9 46
9 47
9 48
9 49
10 40
10 41
10 42
10 43
10 44
10 45
10 46
10 47
10 48
10 49
11 40
11 41
11 42
11 43
11 44
11 45
11 46
11 47
11 48
11 49
12 40
12 41
12 42
12 43
12 44
12 45
12 46
12 47
12 48
12 49
13 40
13 41
13 42
13 43
13 44
13 45
13 46
13 47
13 48
13 49
14 40
14 41
14 42
14 43
14 44
14 45
14 46
14 47
14 48
14 49
15 40
15 41
15 42
15 43
15 44
15 45
15 46
15 47
15 48
15 49
16 40
16 41
16 42
16 43
16 44
16 45
16 46
16 47
16 48
16 49
17 40
17 41
17 42
17 43
17 44
17 45
17 46
17 47
17 48
17 49
18 40
18 41
18 42
18 43
18 44
18 45
18 46
18 47
18 48
18 49
19 40
19 41
19 42
19 43
19 44
19 45
19 46
19 47
0
No
0
Yes
0 30
0 31
0 32
0 33
0 34
0 35
0 36
0 37
0 38
0 39
1 30
1 31
1 32
1 33
1 34
1 35
1 36
1 37
1 38
1 39
2 30
2 31
2 32
2 33
2 34
2 35
2 36
2 37
2 38
2 39
3 30
3 31
3 32
3 33
3 34
3 35
3 36
3 37
3 38
3 39
4 30
4 31
4 32
4 33
4 34
4 35
4 36
4 37
4 38
4 39
5 30
5 31
5 32
5 33
5 34
5 35
5 36
5 37
5 38
5 39
6 30
6 31
6 32
6 33
6 34
6 35
6 36
6 37
6 38
6 39
7 30
7 31
7 32
7 33
7 34
7 35
7 36
7 37
7 38
7 39
8 30
8 31
8 32
8 33
8 34
0
No
0
Yes
0 2
0 3
0 4
0 5
0 6
0 7
0 8
0 9
0 10
1 2
1 3
1 4
1 5
1 6
1 7
1 8
1 9
1 10
2 2
2 3
2 4
2 5
2 6
2 7
2 8
2 9
2 10
3 2
3 3
3 4
3 5
3 6
3 7
3 8
3 9
3 10
4 2
4 3
4 4
4 5
4 6
4 7
4 8
4 9
4 10
5 2
5 3
5 4
5 5
5 6
5 7
5 8
5 9
5 10
6 2
6 3
6 4
6 5
6 6
6 7
6 8
6 9
6 10
7 2
7 3
7 4
7 5
7 6
7 7
7 8
7 9
7 10
8 2
8 3
8 4
8 5
8 6
8 7
8 8
0
Yes
9 0
9 1
9 2
9 3
9 4
9 5
9 6
9 7
9 8
9 9
9 10
10 0
10 1
10 2
10 3
10 4
10 5
10 6
10 7
10 8
10 9
10 10
11 0
11 1
11 2
11 3
11 4
11 5
11 6
11 7
11 8
11 9
11 10
12 0
12 1
12 2
12 3
12 4
12 5
12 6
12 7
12 8
12 9
12 10
13 0
13 1
13 2
13 3
13 4
13 5
13 6
13 7
13 8
13 9
13 10
14 0
14 1
14 2
14 3
14 4
14 5
14 6
14 7
14 8
14 9
14 10
15 0
15 1
15 2
15 3
15 4
15 5
15 6
15 7
15 8
15 9
15 10
16 0
16 1
16 2
16 3
16 4
16 5
16 6
16 7
16 8
16 9
16 10
17 0
17 1
17 2
17 3
17 4
17 5
17 6
17 7
17 8
17 9
17 10
18 0
18 1
18 2
18 3
18 4
18 5
18 6
18 7
18 8
18 9
18 10
19 0
19 1
19 2
19 3
19 4
19 5
19 6
19 7
19 8
19 9
19 10
0
Yes
44 44
44 45
44 46
44 47
44 48
44 49
45 44
45 45
45 46
45 47
45 48
45 49
46 44
46 45
46 46
46 47
46 48
46 49
47 44
47 45
47 46
47 47
47 48
47 49
48 44
48 45
48 46
48 47
48 48
48 49
49 44
49 45
49 46
49 47
49 48
49 49
0
Yes
35 44
35 45
35 46
35 47
35 48
35 49
36 44
36 45
36 46
36 47
36 48
36 49
37 44
37 45
37 46
37 47
37 48
37 49
38 44
38 45
38 46
38 47
38 48
38 49
39 44
39 45
39 46
39 47
39 48
39 49
40 44
40 45
40 46
40 47
40 48
40 49
41 44
41 45
41 46
41 47
41 48
41 49
42 44
42 45
42 46
42 47
42 48
42 49
43 44
43 45
43 46
43 47
43 48
43 49
0
Yes
20 0
20 1
20 2
20 3
20 4
20 5
21 0
21 1
21 2
21 3
21 4
21 5
22 0
22 1
22 2
22 3
22 4
22 5
23 0
23 1
23 2
23 3
23 4
23 5
24 0
24 1
24 2
24 3
24 4
24 5
25 0
25 1
25 2
25 3
25 4
25 5
26 0
26 1
26 2
26 3
26 4
26 5
27 0
27 1
27 2
0
Yes
29 42
29 43
29 44
29 45
29 46
29 47
29 48
29 49
30 42
30 43
30 44
30 45
30 46
30 47
30 48
30 49
31 42
31 43
31 44
31 45
31 46
31 47
31 48
31 49
32 42
32 43
32 44
32 45
32 46
32 47
32 48
32 49
33 42
33 43
33 44
33 45
33 46
33 47
33 48
33 49
34 42
34 43
34 44
34 45
34 46
34 47
34 48
34 49
35 42
35 43
35 44
35 45
35 46
35 47
35 48
35 49
36 42
36 43
36 44
36 45
36 46
36 47
36 48
36 49
37 42
37 43
37 44
37 45
37 46
37 47
37 48
37 49
38 42
38 43
38 44
38 45
38 46
38 47
38 48
38 49
39 42
39 43
39 44
39 45
39 46
39 47
39 48
39 49
40 42
40 43
40 44
40 45
40 46
40 47
40 48
40 49
41 42
41 43
41 44
41 45
41 46
41 47
41 48
41 49
42 42
42 43
42 44
42 45
42 46
42 47
42 48
42 49
43 42
43 43
43 44
43 45
43 46
43 47
0
Yes
25 22
25 23
25 24
26 22
26 23
26 24
27 22
27 23
27 24
0
Yes
0 11
0 12
0 13
0 14
0 15
0 16
0 17
0 18
0 19
0 20
1 11
1 12
1 13
1 14
1 15
1 16
1 17
1 18
1 19
1 20
2 11
2 12
2 13
2 14
2 15
2 16
2 17
2 18
2 19
2 20
3 11
3 12
3 13
3 14
3 15
3 16
3 17
3 18
3 19
3 20
4 11
4 12
4 13
4 14
4 15
4 16
4 17
4 18
4 19
4 20
5 11
5 12
5 13
5 14
5 15
5 16
5 17
5 18
5 19
5 20
6 11
6 12
6 13
6 14
6 15
6 16
6 17
6 18
6 19
6 20
7 11
7 12
7 13
7 14
7 15
7 16
7 17
7 18
7 19
7 20
8 11
8 12
8 13
8 14
8 15
8 16
8 17
0
Yes
20 6
20 7
20 8
20 9
20 10
20 11
20 12
20 13
21 6
21 7
21 8
21 9
21 10
21 11
21 12
21 13
22 6
22 7
22 8
22 9
22 10
22 11
22 12
22 13
23 6
23 7
23 8
23 9
23 10
23 11
23 12
23 13
24 6
24 7
24 8
24 9
24 10
24 11
24 12
24 13
25 6
25 7
25 8
25 9
25 10
25 11
25 12
25 13
26 6
26 7
26 8
26 9
26 10
26 11
26 12
0
No
0
No
0
Yes
0 21
0 22
0 23
0 24
1 21
1 22
1 23
1 24
2 21
2 22
2 23
2 24
3 21
3 22
3 23
3 24
0
No
0
Yes
0 0
0 1
0 2
0 3
0 4
0 5
0 6
0 7
0 8
0 9
1 0
1 1
1 2
1 3
1 4
1 5
1 6
1 7
1 8
1 9
2 0
2 1
2 2
2 3
2 4
2 5
2 6
2 7
2 8
2 9
3 0
3 1
3 2
3 3
3 4
3 5
3 6
3 7
3 8
3 9
4 0
4 1
4 2
4 3
4 4
4 5
4 6
4 7
4 8
4 9
5 0
5 1
5 2
5 3
5 4
5 5
5 6
5 7
5 8
5 9
6 0
6 1
6 2
6 3
6 4
6 5
6 6
6 7
6 8
6 9
7 0
7 1
7 2
7 3
7 4
7 5
7 6
7 7
7 8
7 9
8 0
8 1
8 2
8 3
8 4
8 5
8 6
0
Yes
0 10
0 11
0 12
0 13
1 10
1 11
1 12
1 13
2 10
2 11
2 12
2 13
3 10
0
Yes
9 0
9 1
9 2
9 3
9 4
9 5
9 6
9 7
10 0
10 1
10 2
10 3
10 4
10 5
10 6
10 7
11 0
11 1
11 2
11 3
11 4
11 5
11 6
11 7
12 0
12 1
12 2
12 3
12 4
12 5
12 6
12 7
13 0
13 1
13 2
13 3
13 4
13 5
13 6
13 7
14 0
14 1
14 2
14 3
14 4
14 5
14 6
14 7
15 0
15 1
15 2
15 3
15 4
15 5
15 6
15 7
16 0
16 1
16 2
16 3
16 4
16 5
16 6
16 7
17 0
17 1
17 2
17 3
17 4
17 5
17 6
17 7
18 0
18 1
18 2
18 3
18 4
18 5
18 6
18 7
19 0
19 1
19 2
19 3
19 4
19 5
19 6
0
Yes
0 19
0 20
0 21
0 22
0 23
0 24
0 25
0 26
0 27
0 28
0 29
1 19
1 20
1 21
1 22
1 23
1 24
1 25
1 26
1 27
1 28
1 29
2 19
2 20
2 21
2 22
2 23
2 24
2 25
2 26
2 27
2 28
2 29
3 19
3 20
3 21
3 22
3 23
3 24
3 25
3 26
3 27
3 28
3 29
4 19
4 20
4 21
4 22
4 23
4 24
4 25
4 26
4 27
4 28
4 29
5 19
5 20
5 21
5 22
5 23
5 24
5 25
5 26
5 27
5 28
5 29
6 19
6 20
6 21
6 22
6 23
6 24
6 25
6 26
6 27
6 28
6 29
7 19
7 20
7 21
7 22
7 23
7 24
7 25
7 26
7 27
7 28
7 29
8 19
8 20
8 21
8 22
8 23
8 24
8 25
8 26
8 27
8 28
8 29
9 19
9 20
9 21
9 22
9 23
9 24
9 25
9 26
9 27
9 28
0
Yes
25 26
25 27
26 26
26 27
27 26
27 27
28 26
0
Yes
9 31
9 32
9 33
9 34
9 35
9 36
9 37
9 38
9 39
10 31
10 32
10 33
10 34
10 35
10 36
10 37
10 38
10 39
11 31
11 32
11 33
11 34
11 35
11 36
11 37
11 38
11 39
12 31
12 32
12 33
12 34
12 35
12 36
12 37
12 38
12 39
13 31
13 32
13 33
13 34
13 35
13 36
13 37
13 38
13 39
14 31
14 32
14 33
14 34
14 35
14 36
14 37
14 38
14 39
15 31
15 32
15 33
15 34
15 35
15 36
15 37
15 38
15 39
16 31
16 32
16 33
16 34
16 35
16 36
16 37
16 38
16 39
17 31
17 32
17 33
17 34
17 35
17 36
17 37
17 38
17 39
18 31
18 32
18 33
18 34
0
Yes
0 14
0 15
0 16
0 17
0 18
1 14
1 15
1 16
1 17
1 18
2 14
2 15
2 16
0
Yes
10 18
10 19
10 20
10 21
10 22
10 23
10 24
10 25
10 26
10 27
10 28
10 29
10 30
11 18
11 19
11 20
11 21
11 22
11 23
11 24
11 25
11 26
11 27
11 28
11 29
11 30
12 18
12 19
12 20
12 21
12 22
12 23
12 24
12 25
12 26
12 27
12 28
12 29
12 30
13 18
13 19
13 20
13 21
13 22
13 23
13 24
13 25
13 26
13 27
13 28
13 29
13 30
14 18
14 19
14 20
14 21
14 22
14 23
14 24
14 25
14 26
14 27
14 28
14 29
14 30
15 18
15 19
15 20
15 21
15 22
15 23
15 24
15 25
15 26
15 27
15 28
15 29
15 30
16 18
16 19
16 20
16 21
16 22
16 23
16 24
16 25
16 26
16 27
16 28
16 29
16 30
0
Yes
0 0
0 1
0 2
0 3
0 4
0 5
0 6
0 7
0 8
0 9
1 0
1 1
1 2
1 3
1 4
1 5
1 6
1 7
1 8
1 9
2 0
2 1
2 2
2 3
2 4
2 5
2 6
2 7
2 8
2 9
3 0
3 1
3 2
3 3
3 4
3 5
3 6
3 7
3 8
3 9
4 0
4 1
4 2
4 3
4 4
4 5
4 6
4 7
4 8
4 9
5 0
5 1
5 2
5 3
5 4
5 5
5 6
5 7
5 8
5 9
6 0
6 1
6 2
6 3
6 4
6 5
6 6
6 7
6 8
6 9
7 0
7 1
7 2
7 3
7 4
7 5
7 6
7 7
7 8
7 9
8 0
8 1
8 2
8 3
8 4
8 5
8 6
0
Yes
0 14
0 15
0 16
0 17
0 18
1 14
1 15
1 16
1 17
1 18
2 14
2 15
2 16
2 17
2 18
3 14
3 15
3 16
3 17
3 18
4 14
4 15
4 16
0
Yes
22 0
22 1
22 2
22 3
23 0
23 1
23 2
23 3
24 0
24 1
24 2
24 3
25 0
25 1
25 2
25 3
26 0
26 1
26 2
26 3
27 0
27 1
27 2
27 3
28 0
28 1
0
Yes
9 0
9 1
9 2
9 3
9 4
9 5
9 6
10 0
10 1
10 2
10 3
10 4
10 5
10 6
11 0
11 1
11 2
11 3
11 4
11 5
11 6
12 0
12 1
12 2
12 3
12 4
12 5
12 6
13 0
13 1
13 2
13 3
13 4
13 5
13 6
14 0
14 1
14 2
14 3
14 4
14 5
14 6
15 0
15 1
15 2
15 3
15 4
15 5
15 6
16 0
16 1
16 2
16 3
16 4
16 5
16 6
17 0
17 1
17 2
17 3
17 4
17 5
17 6
18 0
18 1
18 2
18 3
18 4
18 5
18 6
19 0
19 1
19 2
19 3
19 4
19 5
19 6
20 0
20 1
20 2
20 3
20 4
20 5
0
Yes
45 29
45 30
45 31
45 32
45 33
45 34
46 29
46 30
46 31
46 32
46 33
46 34
47 29
47 30
47 31
47 32
47 33
47 34
48 29
48 30
48 31
48 32
48 33
48 34
49 29
49 30
49 31
49 32
49 33
49 34
0
Yes
0 23
0 24
0 25
0 26
0 27
0 28
0 29
1 23
1 24
1 25
1 26
1 27
1 28
1 29
2 23
2 24
2 25
2 26
2 27
2 28
2 29
3 23
3 24
3 25
3 26
3 27
3 28
3 29
4 23
4 24
4 25
4 26
4 27
4 28
4 29
5 23
5 24
5 25
5 26
5 27
5 28
5 29
6 23
6 24
6 25
6 26
6 27
6 28
6 29
7 23
7 24
7 25
7 26
7 27
7 28
7 29
8 23
8 24
8 25
8 26
8 27
8 28
8 29
0
Yes
0 10
0 11
0 12
0 13
0 14
1 10
1 11
1 12
1 13
1 14
2 10
2 11
2 12
2 13
2 14
3 10
3 11
3 12
3 13
3 14
0
Yes
49 27
49 28
48 27
48 28
49 26
0
Yes
0 15
0 16
0 17
0 18
0 19
0 20
0 21
0 22
1 15
1 16
1 17
1 18
1 19
1 20
1 21
1 22
2 15
2 16
2 17
2 18
2 19
2 20
2 21
2 22
3 15
3 16
3 17
3 18
3 19
3 20
3 21
3 22
4 15
4 16
4 17
4 18
4 19
4 20
4 21
4 22
5 15
5 16
5 17
5 18
5 19
5 20
5 21
5 22
6 15
6 16
6 17
6 18
6 19
0
Yes
20 43
20 44
20 45
20 46
20 47
20 48
20 49
21 43
21 44
21 45
21 46
21 47
21 48
21 49
22 43
22 44
22 45
22 46
22 47
22 48
22 49
23 43
23 44
23 45
23 46
23 47
23 48
23 49
24 43
24 44
24 45
24 46
24 47
24 48
24 49
25 43
25 44
25 45
25 46
25 47
25 48
25 49
26 43
26 44
26 45
26 46
26 47
26 48
26 49
27 43
27 44
27 45
27 46
27 47
27 48
27 49
28 43
28 44
28 45
28 46
28 47
28 48
28 49
0
Yes
9 24
9 25
9 26
9 27
9 28
9 29
9 30
10 24
10 25
10 26
10 27
10 28
10 29
10 30
11 24
11 25
11 26
11 27
11 28
11 29
11 30
12 24
12 25
12 26
12 27
12 28
12 29
12 30
13 24
13 25
13 26
13 27
13 28
13 29
13 30
14 24
14 25
14 26
14 27
14 28
14 29
14 30
15 24
15 25
15 26
15 27
15 28
15 29
15 30
16 24
16 25
16 26
16 27
16 28
16 29
16 30
17 24
17 25
17 26
17 27
17 28
17 29
0
Yes
18 35
18 36
18 37
18 38
18 39
19 35
19 36
19 37
19 38
19 39
0
Yes
0 15
0 16
0 17
0 18
0 19
0 20
0 21
0 22
1 15
1 16
1 17
1 18
1 19
1 20
1 21
1 22
2 15
2 16
2 17
2 18
2 19
2 20
2 21
2 22
3 15
3 16
3 17
3 18
3 19
3 20
3 21
3 22
4 15
4 16
4 17
4 18
4 19
4 20
4 21
4 22
5 15
5 16
5 17
5 18
5 19
5 20
5 21
5 22
6 15
6 16
6 17
6 18
6 19
6 20
6 21
6 22
7 15
7 16
7 17
7 18
7 19
7 20
7 21
7 22
8 15
8 16
8 17
8 18
8 19
8 20
8 21
8 22
9 15
9 16
9 17
9 18
9 19
9 20
9 21
9 22
10 15
10 16
10 17
10 18
10 19
10 20
10 21
10 22
11 15
11 16
11 17
11 18
11 19
11 20
11 21
11 22
0
Yes
4 10
4 11
4 12
4 13
4 14
5 10
5 11
5 12
5 13
5 14
6 10
6 11
6 12
6 13
6 14
7 10
7 11
7 12
7 13
7 14
8 10
8 11
0
Yes
9 0
9 1
9 2
9 3
9 4
9 5
9 6
9 7
9 8
10 0
10 1
10 2
10 3
10 4
10 5
10 6
10 7
10 8
11 0
11 1
11 2
11 3
11 4
11 5
11 6
11 7
11 8
12 0
12 1
12 2
12 3
12 4
12 5
12 6
12 7
12 8
13 0
13 1
13 2
13 3
13 4
13 5
13 6
13 7
13 8
14 0
14 1
14 2
14 3
14 4
14 5
14 6
14 7
14 8
15 0
15 1
15 2
15 3
15 4
15 5
15 6
15 7
15 8
16 0
16 1
16 2
16 3
16 4
16 5
16 6
16 7
16 8
17 0
17 1
17 2
17 3
17 4
17 5
17 6
17 7
17 8
18 0
18 1
18 2
18 3
18 4
18 5
18 6
18 7
18 8
0
Yes
44 44
44 45
44 46
44 47
44 48
44 49
45 44
45 45
45 46
45 47
45 48
45 49
46 44
46 45
46 46
46 47
46 48
46 49
47 44
47 45
47 46
47 47
47 48
47 49
48 44
48 45
48 46
48 47
48 48
48 49
49 44
49 45
49 46
49 47
49 48
49 49
0
Yes
0 23
0 24
0 25
0 26
0 27
1 23
1 24
1 25
1 26
1 27
2 23
2 24
2 25
2 26
2 27
3 23
3 24
3 25
3 26
3 27
4 23
4 24
4 25
4 26
4 27
5 23
5 24
5 25
5 26
5 27
6 23
0
Yes
0 28
0 29
0 30
0 31
0 32
0 33
0 34
0 35
0 36
0 37
0 38
0 39
1 28
1 29
1 30
1 31
1 32
1 33
1 34
1 35
1 36
1 37
1 38
1 39
2 28
2 29
2 30
2 31
2 32
2 33
2 34
2 35
2 36
2 37
2 38
2 39
3 28
3 29
3 30
3 31
3 32
3 33
3 34
3 35
3 36
3 37
3 38
3 39
4 28
4 29
4 30
4 31
4 32
4 33
4 34
4 35
4 36
4 37
4 38
4 39
5 28
5 29
5 30
5 31
5 32
5 33
5 34
5 35
5 36
5 37
5 38
5 39
6 28
6 29
6 30
6 31
6 32
6 33
6 34
6 35
6 36
6 37
0
Yes
43 27
43 28
43 29
44 27
44 28
44 29
45 27
45 28
0
Yes
19 0
19 1
19 2
19 3
20 0
20 1
20 2
20 3
21 0
21 1
21 2
0
Yes
4 10
4 11
4 12
4 13
4 14
5 10
5 11
5 12
5 13
5 14
6 10
6 11
6 12
6 13
6 14
7 10
7 11
7 12
7 13
7 14
8 10
8 11
8 12
8 13
8 14
9 10
9 11
9 12
9 13
9 14
10 10
10 11
10 12
10 13
10 14
11 10
11 11
11 12
11 13
11 14
12 10
12 11
12 12
12 13
12 14
13 10
13 11
13 12
13 13
13 14
0
Yes
19 4
19 5
19 6
19 7
19 8
19 9
19 10
19 11
20 4
20 5
20 6
20 7
20 8
20 9
20 10
20 11
21 4
21 5
21 6
21 7
21 8
21 9
21 10
21 11
22 4
22 5
22 6
22 7
22 8
22 9
22 10
22 11
23 4
23 5
23 6
23 7
23 8
23 9
23 10
23 11
24 4
24 5
24 6
24 7
24 8
24 9
24 10
24 11
25 4
25 5
25 6
25 7
25 8
25 9
25 10
25 11
26 4
26 5
26 6
26 7
26 8
0
Yes
30 16
30 17
30 18
30 19
31 16
31 17
31 18
31 19
32 16
32 17
0
Yes
0 15
0 16
0 17
0 18
1 15
1 16
1 17
1 18
2 15
2 16
2 17
2 18
3 15
3 16
3 17
3 18
4 15
0
Yes
0 21
0 22
0 23
0 24
0 25
0 26
0 27
1 21
1 22
1 23
1 24
1 25
1 26
1 27
2 21
2 22
2 23
2 24
2 25
2 26
2 27
3 21
3 22
3 23
3 24
3 25
3 26
3 27
4 21
4 22
4 23
4 24
4 25
4 26
4 27
5 21
5 22
5 23
5 24
5 25
5 26
5 27
6 21
6 22
6 23
6 24
6 25
6 26
6 27
7 21
7 22
7 23
7 24
7 25
7 26
0
Yes
45 37
45 38
45 39
45 40
45 41
45 42
45 43
46 37
46 38
46 39
46 40
46 41
46 42
46 43
47 37
47 38
47 39
47 40
47 41
47 42
47 43
48 37
48 38
48 39
48 40
48 41
48 42
48 43
49 37
49 38
49 39
49 40
0
Yes
22 35
22 36
22 37
22 38
23 35
23 36
23 37
23 38
24 35
24 36
24 37
24 38
25 35
25 36
25 37
25 38
0
Yes
8 15
8 16
8 17
8 18
8 19
8 20
8 21
8 22
8 23
9 15
9 16
9 17
9 18
9 19
9 20
9 21
9 22
9 23
10 15
10 16
10 17
10 18
10 19
10 20
10 21
10 22
10 23
11 15
11 16
11 17
11 18
11 19
11 20
11 21
11 22
11 23
12 15
12 16
12 17
12 18
12 19
12 20
12 21
12 22
12 23
13 15
13 16
13 17
13 18
13 19
13 20
13 21
13 22
13 23
14 15
14 16
14 17
14 18
14 19
14 20
14 21
14 22
14 23
15 15
15 16
15 17
15 18
15 19
15 20
15 21
15 22
15 23
16 15
16 16
16 17
16 18
16 19
16 20
16 21
16 22
16 23
17 15
17 16
17 17
17 18
17 19
17 20
17 21
17 22
17 23
18 15
18 16
18 17
18 18
18 19
18 20
18 21
18 22
18 23
19 15
19 16
19 17
19 18
19 19
19 20
19 21
0
Yes
20 43
20 44
20 45
20 46
20 47
20 48
20 49
21 43
21 44
21 45
21 46
21 47
21 48
21 49
22 43
22 44
22 45
22 46
22 47
22 48
22 49
23 43
23 44
23 45
23 46
23 47
23 48
23 49
24 43
24 44
24 45
24 46
24 47
24 48
24 49
25 43
25 44
25 45
25 46
25 47
25 48
25 49
26 43
26 44
26 45
26 46
26 47
26 48
26 49
27 43
27 44
27 45
27 46
27 47
27 48
27 49
28 43
28 44
28 45
28 46
28 47
28 48
28 49
0
Yes
14 10
14 11
14 12
14 13
14 14
15 10
15 11
15 12
15 13
15 14
16 10
16 11
16 12
16 13
16 14
17 10
17 11
17 12
17 13
17 14
18 10
18 11
18 12
18 13
18 14
0
Yes
0 10
0 11
0 12
0 13
1 10
1 11
1 12
1 13
2 10
2 11
2 12
2 13
3 10
3 11
3 12
0
Yes
0 10
0 11
0 12
0 13
0 14
0 15
0 16
0 17
0 18
0 19
0 20
1 10
1 11
1 12
1 13
1 14
1 15
1 16
1 17
1 18
1 19
1 20
2 10
2 11
2 12
2 13
2 14
2 15
2 16
2 17
2 18
2 19
2 20
3 10
3 11
3 12
3 13
3 14
3 15
3 16
3 17
3 18
3 19
3 20
4 10
4 11
4 12
4 13
4 14
4 15
4 16
4 17
4 18
4 19
4 20
5 10
5 11
5 12
5 13
5 14
5 15
5 16
5 17
5 18
5 19
5 20
6 10
6 11
6 12
6 13
6 14
6 15
6 16
6 17
6 18
6 19
6 20
7 10
7 11
7 12
7 13
7 14
7 15
7 16
7 17
7 18
7 19
7 20
8 10
0
Yes
25 26
25 27
26 26
26 27
27 26
27 27
28 26
0
Yes
5 40
5 41
5 42
5 43
5 44
5 45
5 46
5 47
5 48
5 49
6 40
6 41
6 42
6 43
6 44
6 45
6 46
6 47
6 48
6 49
7 40
7 41
7 42
7 43
7 44
7 45
7 46
7 47
7 48
7 49
8 40
8 41
8 42
8 43
8 44
8 45
8 46
8 47
8 48
8 49
9 40
9 41
9 42
9 43
9 44
9 45
9 46
9 47
9 48
9 49
10 40
10 41
10 42
10 43
10 44
10 45
10 46
10 47
10 48
10 49
11 40
11 41
11 42
11 43
11 44
11 45
11 46
11 47
11 48
11 49
12 40
12 41
12 42
12 43
12 44
12 45
12 46
12 47
12 48
12 49
13 40
13 41
13 42
13 43
13 44
13 45
13 46
13 47
13 48
