0
Yes
32 33
31 33
31 32
32 32
31 34
32 34
30 34
30 33
30 32
30 35
31 35
32 35
29 33
29 34
29 32
29 35
32 36
31 36
30 36
29 36
28 32
28 33
28 34
28 35
28 36
31 37
30 37
29 37
28 37
32 37
27 33
27 34
27 35
27 36
27 32
27 37
30 38
29 38
28 38
27 38
26 32
26 33
26 34
26 35
26 36
26 37
26 31
27 31
28 31
25 33
25 34
25 35
25 32
25 36
25 31
25 37
28 30
27 30
26 30
25 30
24 32
24 33
24 34
24 35
24 31
24 36
24 30
24 37
23 33
23 32
23 34
23 35
23 31
23 36
23 37
23 30
22 32
22 33
22 34
22 35
22 31
22 36
22 37
22 38
23 38
24 38
21 33
21 34
21 35
21 36
21 32
21 37
21 31
21 38
24 39
23 39
22 39
21 39
20 32
20 33
20 34
20 35
20 36
20 37
20 38
20 31
20 39
22 40
21 40
20 40
19 33
19 34
19 35
19 36
19 32
19 37
19 38
19 31
28 29
27 29
18 34
18 35
18 36
18 37
18 38
17 35
17 36
17 37
17 38
17 34
0
Yes
22 19
21 19
21 20
22 20
21 21
22 21
23 21
23 20
23 19
24 19
24 20
24 21
23 22
22 22
21 22
24 22
25 20
25 21
25 19
25 22
22 23
23 23
24 23
25 23
21 23
26 19
26 20
26 21
26 22
26 23
24 24
25 24
26 24
27 20
27 21
27 22
27 23
27 19
27 24
0
Yes
48 12
49 12
48 11
48 13
49 11
49 13
47 12
47 11
47 13
49 10
0
Yes
46 23
46 24
45 23
45 24
47 23
47 24
46 22
46 25
45 22
45 25
47 22
47 25
44 23
44 24
48 23
48 24
44 22
44 25
46 21
46 26
48 22
48 25
45 21
45 26
47 21
47 26
43 23
43 24
49 23
49 24
44 21
44 26
48 21
48 26
43 22
43 25
49 22
49 25
46 20
46 27
45 20
45 27
47 20
47 27
43 21
43 26
49 21
49 26
42 23
42 24
44 20
44 27
48 20
48 27
42 22
42 25
46 19
46 28
43 20
43 27
45 19
45 28
47 19
47 28
49 20
49 27
42 21
42 26
44 19
44 28
48 19
48 28
42 20
42 27
43 19
43 28
49 19
49 28
46 18
45 18
47 18
44 18
48 18
42 19
42 28
0
Yes
3 18
3 19
2 19
4 19
4 18
4 20
3 20
2 20
5 20
5 19
5 18
3 21
4 21
2 21
5 21
6 18
6 19
6 20
6 21
1 21
1 20
1 19
2 22
3 22
4 22
5 22
1 22
6 22
7 19
7 20
7 21
7 18
7 22
0 22
0 21
0 20
3 23
2 23
4 23
5 23
1 23
6 23
0 23
7 23
8 18
8 19
8 20
8 21
8 22
8 23
7 17
6 17
5 17
8 17
2 24
3 24
4 24
5 24
6 24
1 24
7 24
0 24
8 24
9 19
9 20
9 21
9 22
9 18
9 23
9 17
9 24
5 16
6 16
7 16
8 16
9 16
3 25
2 25
4 25
5 25
6 25
7 25
1 25
8 25
9 25
0 25
10 18
10 19
10 17
10 21
10 22
10 23
10 24
10 25
6 15
7 15
8 15
9 15
0
Yes
48 32
47 32
47 31
47 33
48 33
46 33
46 32
46 31
46 34
47 34
48 34
45 32
45 33
45 31
45 34
48 35
47 35
46 35
45 35
45 30
46 30
47 30
44 31
44 32
44 33
44 34
44 30
44 35
47 36
46 36
45 36
48 36
47 29
46 29
45 29
44 29
43 32
43 33
43 31
43 34
43 35
48 37
47 37
46 37
45 37
49 36
49 37
49 35
49 34
42 31
42 32
42 33
42 34
49 38
48 38
47 38
46 38
45 38
41 32
41 33
0
Yes
0 40
0 41
0 42
0 43
0 44
0 45
1 40
1 41
1 42
1 43
1 44
1 45
2 40
2 41
2 42
2 43
2 44
2 45
3 40
3 41
3 42
3 43
3 44
3 45
4 40
4 41
4 42
4 43
4 44
4 45
0
Yes
9 33
8 33
8 32
9 32
8 31
9 31
10 31
10 32
10 33
7 31
7 32
7 33
10 34
9 34
8 34
7 34
11 33
11 32
11 34
11 31
10 30
9 30
8 30
7 30
11 30
6 33
6 32
6 31
6 34
6 30
9 35
8 35
10 35
7 35
6 35
9 29
8 29
10 29
7 29
11 29
6 29
5 32
5 33
5 31
5 34
5 30
5 35
5 29
8 36
7 36
9 36
6 36
5 36
10 36
8 28
9 28
7 28
10 28
6 28
11 28
5 28
12 29
12 30
12 31
12 28
4 33
4 32
4 34
4 31
4 30
4 35
4 29
4 36
4 28
9 27
8 27
10 27
7 27
6 27
11 27
5 27
12 27
4 27
13 31
13 30
13 29
13 28
3 32
3 33
3 34
3 31
3 30
3 29
3 35
3 28
3 36
0
Yes
25 3
24 3
25 2
25 4
26 3
24 2
24 4
26 2
26 4
23 3
25 1
25 5
27 3
23 2
23 4
24 1
24 5
26 1
26 5
27 2
27 4
23 1
23 5
27 1
27 5
22 3
25 0
22 2
22 4
24 0
26 0
22 1
22 5
23 0
27 0
0
Yes
44 14
45 14
45 13
46 13
46 14
45 12
46 12
0
Yes
49 34
48 34
48 33
48 35
49 35
47 35
47 34
47 33
47 36
48 36
49 36
46 34
46 35
46 33
46 36
49 37
48 37
47 37
46 37
46 32
47 32
48 32
45 33
45 34
45 35
45 36
45 32
45 37
48 38
47 38
46 38
49 38
45 38
45 31
46 31
47 31
44 34
44 33
44 35
44 32
44 31
44 30
45 30
46 30
47 30
43 33
43 34
43 32
43 31
43 35
42 32
42 33
42 34
42 31
41 34
41 33
41 32
40 33
40 34
40 32
39 32
39 33
39 34
41 35
40 35
0
Yes
3 24
2 24
2 23
3 23
2 22
3 22
4 22
4 23
4 24
1 22
1 23
1 24
4 25
3 25
2 25
1 25
5 24
5 23
5 25
5 22
4 21
3 21
2 21
1 21
5 21
0 24
0 23
0 22
0 21
0 25
3 26
4 26
5 26
2 26
6 23
6 24
6 25
6 22
6 26
6 21
3 20
2 20
4 20
1 20
5 20
6 20
0 20
7 24
7 23
7 22
7 25
7 21
7 26
7 20
2 19
3 19
4 19
5 19
6 19
7 19
1 19
8 23
8 24
8 22
8 21
8 25
8 20
8 26
8 19
3 18
4 18
5 18
6 18
7 18
8 18
9 24
9 23
9 22
9 21
9 20
9 25
9 19
0
Yes
27 27
27 28
28 28
28 27
29 28
29 27
30 28
30 27
30 26
29 26
28 26
31 26
31 27
31 28
28 25
29 25
30 25
31 25
32 27
32 26
32 28
32 25
31 29
30 29
29 29
29 24
30 24
31 24
28 24
32 24
33 26
33 27
33 25
33 28
33 24
28 23
29 23
30 23
31 23
32 23
33 23
34 27
34 26
34 25
34 24
34 28
34 23
29 22
30 22
28 22
35 26
35 25
35 27
35 24
35 23
35 28
28 21
29 21
30 21
36 27
36 26
36 25
36 24
36 23
29 20
28 20
30 20
37 26
37 25
37 24
37 27
37 23
30 19
29 19
28 19
37 22
36 22
35 22
31 19
31 20
31 21
35 21
36 21
37 21
38 24
38 23
38 22
38 21
28 18
29 18
30 18
31 18
39 22
39 21
29 17
28 17
30 17
38 26
38 27
0
Yes
23 49
24 49
23 48
24 48
22 49
22 48
0
Yes
0 4
0 5
0 6
0 7
1 4
1 5
1 6
1 7
2 4
2 5
0
Yes
15 7
14 7
14 6
13 6
13 7
13 8
13 5
12 7
12 6
12 8
12 5
12 9
13 9
13 10
12 10
14 10
11 6
11 7
11 8
11 9
11 10
14 11
13 11
12 11
11 11
12 4
13 4
13 3
12 3
11 4
11 3
13 12
12 12
12 2
13 2
11 2
10 3
10 4
10 2
9 4
9 3
9 2
9 5
12 13
13 13
14 13
11 1
10 1
9 1
11 13
8 5
8 4
8 3
8 2
8 1
8 6
9 6
13 14
12 14
11 14
7 6
7 7
12 15
10 0
9 0
11 0
8 0
12 0
10 14
6 7
6 6
6 8
7 8
8 8
8 9
7 9
6 9
9 9
9 8
7 10
8 10
6 10
6 11
7 11
7 12
6 12
7 1
5 6
5 7
5 5
5 9
5 10
5 11
5 12
4 7
4 6
4 5
4 4
5 4
6 4
5 3
4 3
4 10
4 11
4 9
4 12
3 5
13 0
9 14
9 15
8 15
8 16
9 16
9 17
8 17
10 17
7 16
7 15
7 17
7 14
6 14
6 15
6 16
6 17
10 18
9 18
11 18
11 19
10 19
12 19
12 18
13 18
13 19
14 19
13 20
5 16
5 17
0
Yes
12 25
13 25
12 24
12 26
13 24
13 26
11 25
14 25
11 24
11 26
14 24
12 23
13 23
10 25
11 23
14 23
10 24
10 26
10 23
0
Yes
43 3
42 3
42 2
43 2
42 1
43 1
41 1
41 2
41 3
40 3
40 2
40 1
41 0
42 0
43 0
40 0
39 2
39 1
39 3
39 0
40 4
41 4
42 4
39 4
0
Yes
12 22
13 22
13 21
14 21
14 22
0
Yes
46 2
47 2
46 1
46 3
47 1
47 3
45 2
48 2
45 1
45 3
48 1
48 3
46 0
47 0
44 2
45 0
48 0
44 1
44 0
0
Yes
6 38
5 38
5 37
5 39
4 39
4 38
4 37
3 38
3 37
3 39
2 39
2 38
2 37
3 40
4 40
2 40
5 40
0
Yes
1 28
0 28
0 29
1 29
0 30
1 30
0 31
1 31
2 31
2 30
2 29
2 32
1 32
0 32
0
No
0
Yes
49 5
48 5
49 4
49 6
48 4
48 6
49 3
0
Yes
48 36
47 36
47 35
48 35
47 34
48 34
49 34
49 35
49 36
46 34
46 35
46 36
49 37
48 37
47 37
46 37
45 36
45 35
45 37
45 34
46 33
47 33
48 33
45 33
48 38
47 38
46 38
49 38
45 38
44 35
44 34
44 33
48 32
47 32
46 32
45 32
44 32
43 34
43 33
43 32
43 35
47 31
46 31
45 31
44 31
43 31
42 33
42 34
42 32
42 31
46 30
45 30
44 30
47 30
41 32
41 33
41 34
47 29
46 29
45 29
44 29
40 34
40 33
40 32
39 33
39 34
39 32
41 35
40 35
44 37
49 39
45 39
42 30
41 30
41 29
42 29
40 29
40 30
40 28
41 28
39 30
38 33
0
Yes
0 38
0 39
0 40
1 40
1 41
0 41
2 41
0 42
1 42
2 42
3 42
3 41
4 41
4 42
1 43
2 43
3 43
0 43
4 43
0 44
1 44
2 44
3 44
4 44
5 42
5 43
5 44
1 45
2 45
3 45
4 45
0 45
6 43
6 42
6 44
0 46
1 46
2 46
1 47
0 47
2 47
6 45
3 47
0 48
1 48
2 48
3 48
4 48
1 49
2 49
3 49
0 49
4 49
0
Yes
26 25
26 24
25 24
27 24
27 25
27 23
26 23
25 23
26 22
25 22
27 22
27 21
26 21
25 21
24 22
24 23
24 21
24 24
26 20
25 20
27 20
24 20
23 21
23 22
23 23
23 20
25 19
26 19
24 19
23 19
27 19
0
Yes
9 47
9 48
8 48
10 48
10 47
10 49
9 49
8 49
11 49
11 48
11 47
12 48
12 47
12 46
11 46
10 46
13 46
13 47
13 48
10 45
11 45
12 45
13 45
14 45
14 46
14 47
11 44
12 44
10 44
15 47
15 46
15 45
10 43
11 43
12 43
16 46
16 47
16 45
11 42
10 42
12 42
17 45
17 46
16 48
17 47
0
No
0
No
0
Yes
40 5
41 5
42 5
43 5
43 6
43 7
44 7
44 8
43 8
42 8
42 9
43 9
44 9
43 10
42 10
44 10
41 10
45 8
45 9
45 7
41 11
42 11
40 11
40 10
46 7
46 8
46 9
46 6
40 12
46 10
41 8
39 11
38 11
38 12
37 12
37 11
37 10
36 10
36 11
36 12
36 9
35 9
35 10
35 11
35 12
35 8
34 8
34 9
34 10
34 7
35 7
36 7
35 6
34 6
34 5
35 5
33 5
33 9
33 8
32 8
32 9
34 12
32 10
31 9
31 8
31 10
31 7
30 7
30 8
30 9
30 10
31 11
30 11
29 8
29 9
29 10
29 7
29 11
29 6
28 6
28 7
28 8
28 9
28 10
28 11
28 5
30 12
29 12
27 7
27 6
29 13
30 13
30 14
29 14
27 10
26 6
26 7
26 8
28 13
0
No
0
No
0
No
0
Yes
9 47
9 48
8 48
10 48
10 47
10 49
9 49
8 49
11 49
11 48
11 47
12 48
12 47
12 46
11 46
10 46
13 46
13 47
13 48
10 45
11 45
12 45
13 45
14 45
14 46
14 47
11 44
12 44
10 44
15 47
15 46
15 45
10 43
11 43
12 43
16 46
16 47
16 45
0
No
0
No
0
No
0
Yes
9 26
10 26
10 25
11 25
11 26
12 25
12 26
12 24
11 24
10 24
13 24
13 25
13 26
10 23
11 23
12 23
13 23
14 23
14 24
14 25
0
No
0
No
0
Yes
38 45
37 45
37 44
37 46
36 46
36 45
35 45
35 46
35 47
34 46
34 47
33 47
33 46
33 48
32 48
32 47
32 49
33 49
31 47
31 48
31 49
30 48
30 47
30 49
30 46
29 49
29 48
37 43
38 43
38 42
37 42
36 42
36 41
36 40
36 39
37 39
35 39
37 38
36 38
35 38
38 38
38 39
38 40
39 40
39 39
39 38
38 37
37 37
36 37
35 37
34 37
36 36
35 36
34 36
35 35
36 35
34 35
33 35
36 34
35 34
34 34
33 34
37 34
37 33
36 33
0
No
0
No
0
Yes
39 0
39 1
39 2
39 3
39 4
40 0
40 1
40 2
40 3
40 4
41 0
41 1
41 2
41 3
41 4
42 0
42 1
42 2
42 3
42 4
43 0
43 1
43 2
43 3
0
No
0
Yes
0 26
0 25
1 25
1 24
0 24
2 24
2 25
2 26
0 23
1 23
2 23
3 26
3 25
3 24
3 23
3 27
1 22
2 22
0 22
3 22
4 25
4 26
4 24
4 23
4 22
0 21
1 21
2 21
3 21
4 21
5 26
5 25
5 24
5 23
5 22
5 21
1 20
2 20
3 20
4 20
0 20
5 20
6 25
6 24
6 23
6 22
6 21
6 26
6 20
7 26
7 25
7 24
7 23
7 22
7 21
7 20
2 19
1 19
3 19
4 19
5 19
6 19
7 19
8 25
8 24
8 23
8 22
8 21
8 20
8 26
8 19
3 18
4 18
5 18
6 18
7 18
8 18
9 26
9 25
9 24
9 23
9 22
9 21
9 20
9 19
10 25
10 24
10 23
10 22
10 21
10 26
11 26
11 25
11 24
11 23
12 25
12 24
12 26
12 23
12 22
13 26
13 25
13 24
13 23
13 22
13 21
0
Yes
48 32
47 32
47 31
47 33
48 33
46 33
46 32
46 31
46 34
47 34
48 34
45 32
45 33
45 31
45 34
48 35
47 35
46 35
45 35
45 30
46 30
47 30
44 31
44 32
44 33
44 34
44 30
44 35
47 36
46 36
45 36
48 36
47 29
46 29
45 29
44 29
43 32
43 33
43 31
43 34
43 35
48 37
47 37
46 37
45 37
49 36
49 37
49 35
49 34
42 31
42 32
42 33
42 34
49 38
48 38
47 38
46 38
45 38
41 32
41 33
41 34
40 33
40 32
40 34
39 34
39 33
39 32
41 35
40 35
44 37
42 30
41 30
41 29
42 29
40 29
40 30
40 28
41 28
45 39
39 30
38 33
0
No
0
No
0
Yes
29 4
28 4
28 5
27 5
27 4
27 3
27 6
28 6
29 6
26 4
26 5
26 3
26 6
29 7
28 7
27 7
26 7
30 7
26 2
27 2
27 1
26 1
28 1
25 3
25 4
25 5
25 2
25 6
25 1
28 0
27 0
26 0
25 0
28 8
29 8
30 8
31 8
31 7
24 4
24 3
24 5
24 2
24 1
24 6
24 0
26 8
29 9
30 9
28 9
31 9
24 7
32 9
32 8
33 8
33 9
23 3
23 4
23 5
23 2
23 6
23 1
23 7
23 0
28 10
29 10
30 10
31 10
32 10
27 10
22 4
22 3
22 5
22 2
22 6
22 1
29 11
28 11
30 11
31 11
34 9
34 8
34 7
35 7
35 8
35 9
35 6
34 6
34 5
35 5
33 5
23 8
24 8
34 10
35 10
21 3
0
No
0
No
0
No
0
No
0
No
0
Yes
40 5
40 4
39 4
41 4
41 5
41 3
40 3
39 3
42 3
42 4
42 5
40 2
41 2
39 2
42 2
39 1
40 1
41 1
42 1
40 0
41 0
39 0
42 0
43 1
43 2
43 3
43 0
0
Yes
1 40
0 40
0 41
1 41
0 42
1 42
2 42
2 41
2 40
3 40
3 41
3 42
2 43
1 43
0 43
3 43
4 41
4 42
4 40
4 43
1 44
2 44
3 44
0 44
4 44
5 42
5 43
5 44
4 39
3 39
2 39
0 45
1 45
2 45
3 45
4 45
6 43
6 42
6 44
2 38
3 38
4 38
1 46
2 46
0 46
5 38
5 39
5 40
3 37
2 37
4 37
5 37
0 47
1 47
2 47
0
Yes
38 15
38 16
37 16
39 16
39 17
38 17
37 17
38 18
37 18
39 18
39 19
38 19
37 19
40 19
40 18
40 17
40 20
39 20
38 20
41 17
41 18
41 19
41 20
0
No
0
Yes
47 27
46 27
47 26
47 28
48 27
46 26
46 28
48 26
48 28
45 27
47 25
49 27
45 26
45 28
46 25
48 25
49 26
49 28
45 25
49 25
44 27
44 26
44 28
44 25
0
Yes
40 25
40 24
41 24
41 25
41 26
42 25
42 24
42 26
41 23
42 23
42 27
41 27
41 28
42 28
40 28
43 24
43 25
43 26
43 27
43 23
43 28
42 22
43 22
40 29
41 29
42 29
44 23
44 24
44 22
43 21
42 21
44 21
41 21
41 30
40 30
42 30
39 30
45 24
45 23
45 22
45 21
42 20
43 20
44 20
45 20
42 31
46 23
46 22
46 21
46 24
46 20
43 19
44 19
45 19
42 19
46 19
43 31
47 24
47 23
47 22
47 21
47 20
47 19
42 18
43 18
44 18
45 18
46 18
47 18
43 32
42 32
41 32
41 33
42 33
43 33
40 33
40 32
39 32
39 33
44 32
44 31
44 33
44 30
44 29
45 29
45 30
45 31
45 32
45 33
46 30
46 31
46 32
46 29
46 33
47 29
47 30
47 31
47 32
47 33
38 33
48 23
48 22
48 21
48 20
48 19
48 24
48 18
40 34
39 34
41 34
42 34
43 34
44 34
45 34
46 34
47 34
49 24
49 23
49 22
49 21
49 20
49 19
45 17
46 17
47 17
41 35
40 35
43 35
44 35
45 35
46 35
47 35
48 32
48 33
48 34
48 35
46 16
45 16
47 16
0
No
0
Yes
28 13
29 13
29 12
29 14
30 14
30 13
30 12
0
No
0
Yes
49 24
48 24
48 23
49 23
48 22
49 22
47 22
47 23
47 24
46 24
46 23
46 22
47 21
48 21
49 21
46 21
45 23
45 22
45 24
45 21
49 20
48 20
47 20
46 20
45 20
44 24
44 23
44 22
44 21
44 20
48 19
47 19
46 19
45 19
44 19
49 19
43 23
43 22
43 21
43 20
43 24
43 19
47 18
46 18
45 18
44 18
43 18
48 18
42 24
42 23
42 22
42 21
42 20
42 19
42 18
46 17
47 17
45 17
41 21
41 20
41 19
41 18
45 16
46 16
47 16
40 20
40 19
40 18
40 21
46 15
47 15
40 17
41 17
42 17
39 19
39 20
39 18
39 17
0
Yes
44 37
45 37
45 36
45 38
46 38
46 37
46 36
47 37
47 36
47 38
48 38
48 37
48 36
47 35
46 35
45 35
48 35
49 37
49 36
49 35
49 38
45 34
46 34
47 34
48 34
49 34
46 33
47 33
48 33
45 33
44 33
44 34
44 35
43 35
43 34
43 33
44 32
45 32
46 32
47 32
43 32
48 32
42 34
42 33
42 32
43 31
44 31
45 31
46 31
47 31
42 31
0
No
0
Yes
43 28
42 28
42 27
43 27
42 26
43 26
44 26
44 27
44 28
41 26
41 27
41 28
45 28
45 27
45 26
44 25
43 25
42 25
41 25
45 25
46 27
46 26
46 28
46 25
43 24
44 24
42 24
45 24
41 24
46 24
47 28
47 27
47 26
47 25
47 24
46 29
45 29
44 29
47 29
42 23
43 23
44 23
45 23
46 23
47 23
41 23
48 27
48 26
48 25
48 28
48 24
48 23
44 30
45 30
46 30
47 30
43 22
44 22
45 22
46 22
42 22
47 22
48 22
49 28
49 27
49 26
49 25
49 24
49 23
49 22
42 21
43 21
44 21
45 21
46 21
47 21
48 21
49 21
43 20
44 20
45 20
46 20
47 20
48 20
42 20
49 20
42 19
43 19
44 19
45 19
46 19
47 19
0
Yes
41 2
40 2
40 1
41 1
40 0
41 0
42 0
42 1
42 2
39 0
39 1
39 2
42 3
41 3
40 3
39 3
43 2
43 1
43 3
43 0
41 4
40 4
42 4
39 4
42 5
41 5
40 5
38 0
38 1
0
Yes
38 45
37 45
37 44
37 46
36 46
36 45
35 45
35 46
35 47
34 46
34 47
33 47
33 46
33 48
32 48
32 47
32 49
33 49
31 47
31 48
31 49
30 48
30 47
30 49
30 46
29 49
29 48
37 43
38 43
38 42
37 42
36 42
36 41
36 40
36 39
37 39
35 39
37 38
36 38
35 38
38 38
38 39
38 40
39 40
39 39
39 38
38 37
37 37
36 37
35 37
34 37
36 36
35 36
34 36
35 35
36 35
34 35
33 35
36 34
35 34
34 34
33 34
37 34
37 33
36 33
38 33
28 49
27 49
39 33
39 34
40 34
40 33
40 35
41 35
41 34
41 33
39 32
40 32
41 32
26 49
26 48
26 47
25 47
0
Yes
40 28
40 29
41 29
41 30
40 30
42 29
42 30
0
Yes
0 43
0 42
1 42
1 43
1 44
0 44
0 45
1 45
2 43
2 44
2 42
2 45
1 41
0 41
2 41
0 40
1 40
2 40
1 46
0 46
2 46
3 42
3 43
3 44
3 41
3 45
3 40
0 47
1 47
2 47
4 43
4 42
4 44
4 41
4 45
4 40
2 39
3 39
4 39
3 47
1 48
2 48
0 48
3 48
5 42
5 43
5 44
3 38
2 38
4 38
5 40
5 39
5 38
0 49
1 49
2 49
3 49
6 43
6 42
6 44
2 37
3 37
4 37
5 37
6 45
4 48
4 49
5 49
6 38
0
No
0
Yes
10 41
10 42
10 43
10 44
11 41
11 42
11 43
11 44
12 41
12 42
12 43
12 44
0
Yes
28 7
27 7
27 6
28 6
27 5
28 5
26 5
26 6
26 7
26 4
27 4
28 4
25 4
25 5
25 6
24 6
24 5
24 4
25 3
26 3
27 3
24 3
23 5
23 4
23 6
23 3
27 2
26 2
25 2
24 2
23 2
22 6
22 5
22 4
22 3
22 2
26 1
25 1
24 1
23 1
27 1
22 1
27 0
26 0
25 0
24 0
23 0
29 6
29 7
24 7
23 7
24 8
23 8
28 1
28 0
29 8
28 8
29 9
28 9
0
Yes
22 21
21 21
21 20
22 20
21 19
22 19
23 19
23 20
23 21
23 22
22 22
21 22
24 21
24 20
24 22
24 19
22 23
23 23
24 23
21 23
25 20
25 21
25 22
25 19
25 23
26 21
26 20
26 22
26 19
26 23
27 20
27 21
27 22
27 23
27 19
26 24
25 24
27 24
24 24
26 25
27 25
20 22
21 24
25 18
0
Yes
43 9
42 9
42 8
43 8
42 10
43 10
44 8
44 9
44 10
43 7
44 7
45 9
45 8
45 7
41 8
41 10
41 11
42 11
46 8
46 9
46 7
46 10
40 11
40 10
40 12
46 6
43 6
43 5
39 11
38 11
38 12
37 12
37 11
37 10
36 10
36 11
36 12
36 9
35 9
35 10
35 11
35 12
35 8
34 8
34 9
34 10
34 7
35 7
36 7
35 6
34 6
34 12
34 5
35 5
33 9
33 8
33 5
32 8
32 9
32 10
31 9
31 8
31 10
0
No
0
No
0
Yes
41 23
41 24
40 24
42 24
42 23
42 25
41 25
40 25
43 25
43 24
43 23
44 23
44 24
44 25
43 26
42 26
41 26
44 26
45 24
45 25
45 23
45 26
44 22
43 22
42 22
45 22
41 27
42 27
43 27
44 27
45 27
46 23
46 24
46 25
46 26
46 22
46 27
42 21
43 21
44 21
45 21
46 21
42 28
43 28
44 28
45 28
41 28
46 28
47 22
47 23
47 24
47 25
47 26
47 27
47 21
47 28
43 20
44 20
45 20
46 20
42 20
47 20
44 29
45 29
46 29
47 29
48 23
48 22
48 24
48 25
48 26
48 21
48 27
48 28
48 20
42 19
43 19
44 19
45 19
46 19
47 19
48 19
45 30
46 30
44 30
47 30
41 19
41 20
41 21
49 22
49 23
49 24
49 21
49 25
49 26
49 20
49 27
49 19
49 28
40 21
40 20
40 19
43 18
42 18
44 18
45 18
46 18
41 18
47 18
40 18
48 18
39 20
39 19
39 18
41 17
40 17
39 17
42 17
45 17
46 17
47 17
42 29
41 29
38 19
38 18
38 17
38 20
46 16
47 16
45 16
37 18
37 17
37 19
37 16
38 16
39 16
42 30
41 30
40 30
40 29
40 28
46 15
47 15
42 16
48 16
38 15
0
No
0
Yes
46 0
46 1
46 2
46 3
47 0
47 1
47 2
47 3
48 0
48 1
48 2
48 3
49 0
49 1
49 2
0
No
0
Yes
26 22
25 22
26 21
26 23
27 22
25 21
25 23
27 21
27 23
24 22
26 20
26 24
24 21
24 23
25 20
25 24
27 20
27 24
24 20
24 24
26 19
25 19
27 19
24 19
0
Yes
6 45
6 44
5 44
5 43
6 43
5 42
6 42
4 42
4 43
4 44
3 44
3 43
3 42
2 43
2 44
2 42
2 45
3 45
4 45
1 45
1 44
1 43
1 42
2 41
3 41
4 41
1 41
0 44
0 43
0 42
0 45
0 41
4 40
3 40
2 40
1 40
0 40
0
No
0
No
0
Yes
7 1
8 1
8 0
8 2
9 0
9 1
9 2
9 3
8 3
10 1
10 2
10 0
10 3
8 4
9 4
10 4
11 0
11 1
11 2
11 3
11 4
9 5
8 5
8 6
9 6
7 6
12 2
12 3
12 4
7 7
6 7
6 6
5 6
5 7
5 5
4 5
4 6
4 7
4 4
5 4
5 3
4 3
6 4
13 3
13 2
13 4
12 5
13 5
6 8
7 8
8 8
13 6
12 6
11 6
11 7
12 7
13 7
7 9
6 9
8 9
5 9
9 9
9 8
12 8
11 8
13 8
14 6
14 7
11 9
12 9
13 9
6 10
7 10
8 10
5 10
4 10
4 9
7 11
6 11
5 11
4 11
15 7
12 10
11 10
13 10
11 11
12 11
13 11
6 12
5 12
7 12
4 12
14 10
14 11
12 12
13 12
13 13
12 13
11 13
11 14
12 14
13 14
10 14
14 13
12 15
12 0
3 5
13 0
2 5
2 4
1 4
1 5
1 6
0 5
0 4
0 6
0 7
1 7
2 3
0 8
9 14
9 15
8 15
8 16
9 16
7 16
7 15
0
No
0
No
0
Yes
23 20
22 20
22 19
23 19
22 21
23 21
21 21
21 20
21 19
21 22
22 22
23 22
23 23
22 23
0
Yes
44 33
43 33
44 32
44 34
45 33
43 32
43 34
45 32
45 34
42 33
44 31
42 32
42 34
43 31
45 31
42 31
0
Yes
6 33
5 33
5 32
6 32
5 31
6 31
7 31
7 32
7 33
4 31
4 32
4 33
7 34
6 34
5 34
4 34
8 33
8 32
8 34
8 31
7 30
6 30
5 30
4 30
8 30
3 33
3 32
3 31
3 34
3 30
6 35
5 35
7 35
4 35
8 35
3 35
9 32
9 33
9 34
9 31
9 35
9 30
6 29
5 29
7 29
4 29
8 29
3 29
9 29
2 32
2 31
2 33
2 34
2 30
2 29
5 36
6 36
7 36
4 36
8 36
3 36
9 36
10 33
10 32
10 34
10 31
10 35
10 30
10 29
10 36
5 28
6 28
7 28
8 28
4 28
9 28
10 28
0
No
0
No
0
No
0
Yes
45 39
45 38
46 38
46 37
45 37
44 37
47 37
47 38
45 36
46 36
47 36
48 38
48 37
48 36
46 35
47 35
45 35
48 35
44 35
49 37
49 36
49 38
49 35
49 39
45 34
46 34
47 34
48 34
44 34
49 34
43 34
43 35
44 33
45 33
46 33
47 33
48 33
43 33
42 33
42 34
45 32
44 32
46 32
43 32
47 32
42 32
48 32
44 31
45 31
46 31
43 31
47 31
42 31
49 40
48 40
48 41
49 41
47 41
47 42
48 42
49 42
46 42
46 43
47 43
45 43
0
No
0
Yes
45 3
45 2
44 2
46 2
46 3
46 1
45 1
44 1
47 1
47 2
47 3
45 0
46 0
47 0
44 0
48 3
48 2
48 1
48 0
49 2
49 3
49 1
0
No
0
Yes
16 31
16 30
16 29
15 29
17 29
15 28
16 28
17 28
18 28
18 29
18 30
19 30
19 29
19 28
17 27
18 27
20 29
20 30
20 28
18 26
14 29
13 29
13 30
12 30
12 29
12 31
13 31
13 28
12 28
11 31
11 30
11 29
11 28
11 32
12 27
11 27
10 27
11 33
12 33
12 34
11 34
13 34
13 33
13 35
13 36
14 36
13 37
9 27
8 27
7 27
6 27
5 27
0
No
0
No
0
No
0
No
0
Yes
3 23
2 23
2 22
3 22
2 21
3 21
4 21
4 22
4 23
1 21
1 22
1 23
4 24
3 24
2 24
1 24
5 23
5 22
5 24
5 21
4 20
3 20
2 20
1 20
5 20
0 23
0 22
0 24
0 21
0 20
3 25
2 25
4 25
1 25
5 25
0 25
6 22
6 23
6 24
6 21
6 25
6 20
3 19
4 19
5 19
6 19
2 19
1 19
4 26
3 26
5 26
6 26
2 26
7 23
7 22
7 24
7 21
7 25
7 20
7 26
7 19
4 18
5 18
6 18
7 18
3 18
8 22
8 23
8 24
8 21
8 20
8 25
8 19
8 26
8 18
5 17
6 17
7 17
8 17
9 23
9 22
9 24
9 21
9 20
9 19
9 25
0
Yes
13 39
13 40
13 41
14 39
14 40
0
Yes
29 4
28 4
28 5
27 5
27 4
26 5
26 4
26 6
27 6
28 6
25 6
25 5
25 4
28 7
27 7
26 7
24 4
24 5
24 6
25 3
26 3
27 3
24 3
23 5
23 4
23 3
23 6
27 2
26 2
25 2
24 2
23 2
22 4
22 3
22 5
22 2
22 6
26 1
25 1
24 1
23 1
27 1
22 1
27 0
26 0
25 0
24 0
23 0
29 6
29 7
24 7
23 7
24 8
23 8
28 1
28 0
30 7
30 8
29 8
28 8
29 9
28 9
30 9
30 10
29 10
28 10
29 11
30 11
28 11
29 12
30 12
22 8
23 9
22 9
22 10
21 10
21 9
21 8
20 10
20 9
20 11
21 11
22 11
26 8
20 12
21 3
0
Yes
45 31
44 31
44 32
45 32
44 33
45 33
46 33
46 32
46 31
43 33
43 32
43 31
47 31
47 32
47 33
46 34
45 34
44 34
43 34
47 34
42 31
42 32
42 33
42 34
48 32
48 33
48 34
45 35
46 35
47 35
48 35
44 35
43 35
46 36
45 36
47 36
0
No
0
Yes
23 23
22 23
22 22
23 22
22 21
23 21
24 21
24 22
24 23
21 21
21 22
21 23
25 23
25 22
25 21
24 20
23 20
22 20
21 20
25 20
26 22
26 21
26 23
26 20
23 19
24 19
25 19
26 19
22 19
21 19
27 23
27 22
27 21
27 20
0
Yes
44 30
44 29
45 29
45 30
46 29
46 30
46 28
45 28
44 28
44 27
45 27
46 27
47 28
47 27
47 29
47 30
45 26
46 26
44 26
47 26
44 25
45 25
46 25
47 25
43 26
43 27
43 28
43 25
48 26
48 27
48 28
48 25
45 24
46 24
44 24
47 24
43 24
48 24
42 28
42 27
42 26
42 25
42 24
49 28
49 27
49 26
49 25
49 24
44 23
45 23
46 23
47 23
43 23
48 23
42 23
49 23
41 27
41 26
41 25
0
Yes
28 13
29 13
29 14
30 13
30 14
0
No
0
No
0
Yes
28 13
29 13
29 12
29 14
30 12
30 13
30 14
30 11
29 11
28 11
28 10
29 10
30 10
27 10
31 11
29 9
28 9
30 9
28 8
29 8
30 8
29 7
28 7
30 7
27 7
31 7
28 6
29 6
27 6
26 6
26 7
26 8
27 5
28 5
26 5
25 5
25 6
24 6
24 5
24 7
23 7
23 6
23 5
23 8
24 8
22 8
22 9
23 9
21 9
21 8
21 10
22 10
22 11
21 11
20 11
20 10
20 9
20 12
28 4
27 4
26 4
25 4
24 4
23 4
19 12
19 11
19 10
19 9
19 13
29 4
22 6
22 5
22 4
18 13
18 12
18 11
18 10
18 9
27 3
26 3
25 3
24 3
23 3
22 3
19 8
17 11
17 10
26 2
25 2
24 2
23 2
27 2
22 2
27 1
26 1
25 1
24 1
23 1
22 1
28 1
21 3
16 10
16 11
28 0
27 0
26 0
25 0
24 0
23 0
21 1
0
Yes
41 29
41 30
42 29
42 30
40 29
40 30
41 28
40 28
0
Yes
37 30
37 31
38 30
36 30
36 31
37 29
36 29
0
No
0
Yes
0 43
0 42
1 42
1 43
1 44
0 44
0 45
1 45
2 43
2 44
2 42
2 45
1 41
0 41
2 41
0 40
1 40
2 40
1 46
0 46
2 46
3 42
3 43
3 44
3 41
3 45
3 40
0 47
1 47
2 47
4 43
4 42
4 44
4 41
4 45
4 40
2 39
3 39
4 39
3 47
1 48
2 48
0 48
3 48
5 42
5 43
5 44
3 38
2 38
4 38
5 40
5 39
5 38
0 49
1 49
2 49
3 49
6 43
6 42
6 44
2 37
3 37
4 37
5 37
6 45
4 48
4 49
5 49
6 38
0
Yes
21 24
21 23
22 23
22 22
21 22
22 21
21 21
23 21
23 22
23 23
23 20
22 20
21 20
24 23
24 22
24 21
24 20
21 19
22 19
23 19
24 19
25 22
25 21
25 20
25 23
25 19
26 23
26 22
26 21
26 20
26 19
26 24
25 24
24 24
27 24
27 23
27 22
27 21
27 20
27 19
28 23
28 22
28 21
28 20
28 24
28 19
29 24
29 23
29 22
29 21
29 20
29 19
28 25
29 25
27 25
26 25
29 18
28 18
27 18
30 25
30 24
30 23
30 22
30 21
30 20
30 19
30 18
27 17
28 17
29 17
30 17
31 24
31 23
31 25
31 21
31 20
31 19
31 18
30 26
29 26
28 26
31 26
0
Yes
45 22
44 22
44 21
45 21
46 21
46 22
45 20
44 20
46 20
47 22
47 21
47 20
43 21
43 22
43 20
42 22
42 21
42 20
44 19
45 19
46 19
43 19
47 19
42 19
48 21
48 20
48 22
48 19
45 18
44 18
46 18
43 18
47 18
42 18
48 18
49 22
49 21
49 20
49 19
41 21
41 20
41 19
41 18
46 17
45 17
47 17
40 20
40 19
40 21
40 18
42 17
41 17
40 17
45 16
46 16
47 16
39 21
39 20
39 19
39 18
39 17
39 22
48 16
38 22
38 21
38 20
38 19
38 18
38 17
38 23
46 15
47 15
37 21
37 22
37 23
37 24
38 24
39 16
38 16
37 19
37 18
37 17
37 16
36 22
36 23
36 21
0
Yes
49 37
48 37
48 36
49 36
48 38
49 38
49 35
48 35
49 39
47 36
47 37
47 38
47 35
46 37
46 36
46 38
46 35
48 34
47 34
49 34
46 34
45 36
45 37
45 35
45 38
45 34
45 39
47 33
48 33
46 33
45 33
44 37
48 32
47 32
46 32
45 32
44 35
44 34
44 33
44 32
47 31
46 31
45 31
44 31
43 34
43 33
43 32
43 35
43 31
42 33
42 34
42 32
42 31
49 40
48 40
48 41
49 41
47 41
49 42
48 42
47 42
46 42
47 43
46 43
45 43
46 44
45 44
46 45
47 45
47 46
46 46
48 46
45 46
48 47
47 47
46 47
47 48
49 46
47 49
48 49
46 49
49 49
45 49
44 49
43 49
0
Yes
23 0
23 1
22 1
24 1
24 0
24 2
23 2
22 2
25 2
25 1
25 0
23 3
24 3
22 3
25 3
26 0
26 1
26 2
26 3
22 4
23 4
24 4
25 4
26 4
27 1
27 2
27 3
27 0
27 4
23 5
24 5
25 5
26 5
22 5
27 5
22 6
23 6
24 6
25 6
26 6
0
No
0
No
0
Yes
45 22
44 22
44 21
45 21
46 21
46 22
45 20
44 20
46 20
47 22
47 21
47 20
43 21
43 22
43 20
42 22
42 21
42 20
44 19
45 19
46 19
43 19
47 19
42 19
48 21
48 20
48 22
48 19
45 18
44 18
46 18
43 18
47 18
42 18
48 18
49 22
49 21
49 20
49 19
41 21
41 20
41 19
41 18
46 17
45 17
47 17
40 20
40 19
40 21
40 18
42 17
41 17
40 17
45 16
46 16
47 16
39 21
39 20
39 19
39 18
39 17
39 22
48 16
38 22
38 21
38 20
38 19
38 18
38 17
38 23
46 15
47 15
37 21
37 22
37 23
37 24
38 24
39 16
38 16
37 19
37 18
37 17
37 16
36 22
36 23
36 21
36 24
36 25
37 25
37 26
36 26
38 26
38 27
37 27
36 27
39 27
38 15
35 21
35 22
35 23
35 24
35 25
35 26
35 27
35 20
34 23
34 24
34 25
34 26
34 27
35 28
34 28
33 24
33 25
33 26
33 27
33 23
33 28
33 22
32 23
32 24
32 25
32 26
32 27
0
Yes
7 1
8 1
8 0
8 2
9 0
9 1
9 2
9 3
8 3
10 1
10 2
10 0
10 3
8 4
9 4
10 4
11 0
11 1
11 2
11 3
11 4
9 5
8 5
8 6
9 6
7 6
12 2
12 3
12 4
7 7
6 7
6 6
5 6
5 7
5 5
4 5
4 6
4 7
4 4
5 4
5 3
4 3
6 4
13 3
13 2
13 4
12 5
13 5
6 8
7 8
8 8
13 6
12 6
11 6
11 7
12 7
13 7
7 9
6 9
8 9
5 9
9 9
9 8
12 8
11 8
13 8
14 6
14 7
11 9
12 9
13 9
6 10
7 10
8 10
5 10
4 10
4 9
7 11
6 11
5 11
4 11
15 7
12 10
11 10
13 10
11 11
12 11
13 11
6 12
5 12
7 12
4 12
14 10
14 11
12 12
13 12
13 13
12 13
0
Yes
46 20
46 21
45 20
45 21
47 20
47 21
46 19
46 22
45 19
45 22
47 19
47 22
44 20
44 21
48 20
48 21
44 19
44 22
46 18
48 19
48 22
45 18
47 18
43 20
43 21
49 20
49 21
44 18
48 18
43 19
43 22
49 19
49 22
43 18
42 20
42 21
42 19
42 22
0
Yes
33 22
33 23
32 23
34 23
34 24
33 24
32 24
33 25
32 25
34 25
34 26
33 26
32 26
35 25
35 24
35 23
35 26
33 27
34 27
32 27
35 27
36 23
36 24
36 25
36 26
36 27
32 28
33 28
34 28
35 28
37 24
37 25
37 26
37 23
37 27
0
No
0
No
0
Yes
46 36
45 36
45 35
46 35
45 34
46 34
47 34
47 35
47 36
47 37
46 37
45 37
48 36
48 35
48 37
48 34
47 33
46 33
45 33
48 33
46 38
47 38
48 38
45 38
49 35
49 36
49 37
49 38
49 34
46 32
47 32
45 32
48 32
44 33
44 34
44 35
44 32
45 31
44 31
46 31
47 31
43 35
43 34
43 33
43 32
43 31
42 34
42 33
42 32
42 31
44 37
45 39
49 39
0
Yes
12 25
11 25
12 24
12 26
13 25
11 24
11 26
13 24
13 26
10 25
12 23
10 24
10 26
11 23
13 23
10 23
0
No
0
No
0
No
0
Yes
10 42
10 41
11 41
11 42
11 43
10 43
10 44
11 44
12 42
12 43
12 41
12 44
12 40
11 45
10 45
12 45
13 41
13 40
10 46
11 46
12 46
13 39
13 45
13 46
14 40
14 39
11 47
12 47
10 47
13 47
9 47
14 46
14 45
14 47
15 45
15 46
15 47
10 48
11 48
12 48
13 48
9 48
8 48
9 49
10 49
11 49
8 49
16 46
16 45
16 47
16 44
17 45
17 46
17 47
16 48
17 48
18 46
18 45
18 48
10 40
10 39
0
Yes
23 49
24 49
23 48
24 48
22 49
22 48
0
No
0
Yes
41 29
41 30
42 29
42 30
40 29
40 30
41 28
40 28
0
No
0
Yes
23 23
22 23
22 22
23 22
24 22
24 23
24 24
23 21
22 21
24 21
25 23
25 22
25 24
25 21
21 22
21 23
21 21
21 24
22 20
23 20
24 20
21 20
25 20
26 22
26 23
26 21
26 24
26 20
26 25
23 19
22 19
24 19
25 19
21 19
26 19
27 23
27 22
27 24
27 21
27 20
27 25
27 19
28 22
28 23
28 24
28 21
28 20
28 25
28 19
25 18
28 26
29 23
29 22
29 24
29 21
29 25
29 20
29 26
29 19
27 18
28 18
29 18
30 22
30 23
30 24
30 21
30 25
30 20
30 19
30 26
30 18
29 27
28 27
30 27
27 27
27 28
28 28
29 28
30 28
28 17
29 17
27 17
30 17
31 23
31 24
31 25
31 26
31 27
31 28
27 16
28 16
29 16
26 16
31 21
31 20
31 19
31 18
29 29
30 29
31 29
28 15
29 15
32 19
32 18
29 14
32 17
33 18
33 19
33 20
30 14
34 19
34 18
30 13
29 13
28 13
29 12
30 12
35 18
35 19
35 20
36 19
30 11
29 11
28 11
28 10
29 10
30 10
27 10
31 11
29 9
28 9
30 9
28 8
29 8
30 8
29 7
28 7
30 7
27 7
27 6
28 6
29 6
31 7
0
No
0
Yes
39 18
38 18
39 17
39 19
40 18
38 17
38 19
40 17
40 19
37 18
39 16
37 17
37 19
38 16
37 16
0
No
0
Yes
1 19
1 20
0 20
2 20
2 19
2 21
1 21
0 21
3 21
3 20
3 19
1 22
2 22
0 22
3 22
4 19
4 20
4 21
4 22
0 23
1 23
2 23
3 23
4 23
5 20
5 21
5 22
5 19
5 23
1 24
2 24
3 24
4 24
0 24
5 24
6 19
6 20
6 21
6 22
6 23
6 24
5 18
6 18
4 18
3 18
0 25
1 25
2 25
3 25
4 25
5 25
6 25
7 20
7 21
7 22
7 23
7 19
7 24
7 18
7 25
0
No
0
No
0
Yes
12 22
12 23
11 23
13 23
13 22
13 24
12 24
11 24
14 24
14 23
14 22
12 25
13 25
11 25
14 25
15 23
15 22
10 25
10 24
10 23
11 26
12 26
10 26
13 26
9 23
9 24
9 25
9 26
10 27
11 27
12 27
9 27
8 24
8 25
8 26
8 23
8 27
0
No
0
No
0
No
0
No
0
Yes
39 16
38 16
38 17
39 17
38 18
39 18
37 18
37 17
37 16
37 19
38 19
39 19
38 20
39 20
40 19
40 18
40 17
40 20
0
No
0
No
0
No
0
Yes
47 23
47 24
46 23
46 24
48 23
48 24
47 22
47 25
46 22
46 25
48 22
48 25
45 23
45 24
49 23
49 24
45 22
45 25
47 21
47 26
49 22
49 25
46 21
46 26
48 21
48 26
44 23
44 24
45 21
45 26
49 21
49 26
44 22
44 25
47 20
47 27
46 20
46 27
48 20
48 27
44 21
44 26
45 20
45 27
49 20
49 27
47 19
47 28
44 20
44 27
46 19
46 28
48 19
48 28
45 19
45 28
49 19
49 28
44 19
44 28
47 18
46 18
48 18
45 18
44 18
0
Yes
45 39
45 38
46 38
46 37
45 37
46 36
45 36
47 36
47 37
47 38
47 35
46 35
45 35
48 38
48 37
48 36
48 35
45 34
46 34
47 34
48 34
49 37
49 36
49 38
49 35
49 34
46 33
47 33
48 33
45 33
45 32
46 32
47 32
48 32
44 33
44 34
44 35
44 32
0
Yes
13 26
12 26
12 25
13 25
12 24
13 24
11 24
11 25
11 26
10 26
10 25
10 24
11 23
12 23
13 23
10 23
9 25
9 24
9 26
9 23
10 27
11 27
12 27
9 27
14 23
14 24
14 25
12 22
13 22
14 22
0
No
0
No
0
Yes
41 23
41 24
40 24
42 24
42 23
42 25
41 25
40 25
43 25
43 24
43 23
43 26
42 26
41 26
41 27
42 27
43 27
42 28
41 28
43 28
42 29
41 29
42 22
43 22
40 28
40 29
0
Yes
49 34
48 34
48 33
48 35
49 35
49 36
48 36
47 33
47 34
47 35
47 36
47 32
48 32
46 34
46 33
46 35
46 32
46 36
48 37
47 37
49 37
46 37
49 38
48 38
47 38
46 38
45 33
45 34
45 35
45 36
45 37
45 32
45 38
46 31
47 31
45 31
47 30
46 30
45 30
44 34
44 33
44 35
44 32
44 31
44 30
44 37
46 29
45 29
47 29
44 29
43 33
43 34
43 32
43 31
43 35
45 39
42 34
42 33
42 32
42 31
41 33
41 32
41 34
41 35
42 30
41 30
40 34
40 33
40 35
40 32
39 33
39 34
39 32
49 39
49 40
48 40
48 41
49 41
47 41
49 42
48 42
47 42
46 42
47 43
46 43
45 43
46 44
45 44
40 30
39 30
38 33
46 45
47 45
47 46
46 46
48 46
45 46
48 47
47 47
46 47
47 48
38 30
49 46
37 33
37 34
36 34
36 33
36 35
35 35
35 34
35 36
36 36
36 37
35 37
37 37
37 38
36 38
35 38
38 38
38 37
38 39
37 39
36 39
35 39
39 39
39 38
39 40
38 40
36 40
34 34
34 35
34 36
34 37
33 35
33 34
37 30
37 31
37 29
36 31
36 30
36 29
36 41
0
No
0
No
0
No
0
No
0
Yes
49 4
48 4
48 5
49 5
48 6
49 6
0
No
0
No
0
Yes
32 24
32 23
33 23
33 24
34 23
34 24
34 25
33 25
32 25
32 26
33 26
34 26
35 25
35 24
35 23
35 26
33 27
34 27
32 27
35 27
36 24
36 25
36 26
36 23
36 27
32 28
33 28
34 28
35 28
37 23
37 24
37 25
37 26
37 27
37 22
36 22
35 22
0
No
0
No
0
No
0
No
0
No
0
Yes
2 26
3 26
3 27
4 27
4 26
5 26
5 27
6 27
6 26
7 26
7 27
8 27
8 26
8 25
3 28
8 24
8 23
8 22
9 22
9 21
8 21
8 20
9 20
10 21
10 22
9 19
8 19
8 18
9 18
10 19
10 18
9 17
8 17
10 17
7 17
7 16
8 16
9 16
6 16
6 17
5 17
5 16
4 16
6 15
7 15
8 15
9 15
11 18
11 19
12 19
12 18
7 14
6 14
0
Yes
16 1
16 0
17 0
15 1
15 0
0
Yes
18 13
18 12
19 12
19 13
19 14
19 11
18 11
17 11
20 14
20 11
20 12
20 15
19 15
18 15
18 10
19 10
17 10
20 10
18 16
19 16
17 16
17 15
16 10
16 11
19 9
18 9
20 9
19 17
18 17
21 10
21 11
21 9
22 11
22 10
22 9
22 12
18 18
23 12
21 8
22 8
0
Yes
5 14
6 14
6 15
7 15
7 14
7 16
6 16
5 16
5 17
6 17
7 17
8 16
8 15
8 17
9 15
9 16
9 17
9 14
8 18
9 18
10 14
10 17
10 18
9 19
8 19
10 19
8 20
9 20
11 18
11 19
9 21
8 21
8 22
9 22
10 21
10 22
12 19
12 18
13 18
13 19
13 20
14 19
4 16
0
No
0
No
0
No
0
No
0
No
0
No
0
No
0
Yes
4 9
4 10
4 11
4 12
5 9
5 10
5 11
5 12
6 9
6 10
6 11
6 12
7 9
7 10
7 11
7 12
0
No
0
Yes
41 2
40 2
40 1
41 1
40 0
41 0
42 0
42 1
42 2
39 0
39 1
39 2
42 3
41 3
40 3
39 3
43 2
43 1
43 0
43 3
41 4
40 4
42 4
39 4
44 1
44 2
44 0
42 5
41 5
40 5
45 0
45 1
45 2
46 2
46 1
46 0
0
Yes
23 7
23 8
23 9
24 7
24 8
0
Yes
12 34
13 34
12 33
13 33
11 34
11 33
0
No
0
No
0
Yes
16 31
16 30
16 29
15 29
17 29
15 28
16 28
17 28
18 28
18 29
18 30
19 30
19 29
19 28
17 27
18 27
20 29
20 30
20 28
18 26
14 29
13 29
13 30
12 30
12 29
12 31
13 31
13 28
12 28
11 31
11 30
11 29
11 28
11 32
12 27
11 27
11 26
12 26
13 26
13 25
12 25
11 25
14 25
10 27
10 26
10 25
14 24
13 24
12 24
11 24
10 24
13 23
12 23
11 23
14 23
10 23
15 23
9 26
9 25
9 24
9 27
9 23
8 27
8 26
8 25
8 24
8 23
15 22
14 22
13 22
12 22
0
No
0
Yes
11 29
11 28
12 28
12 29
12 30
11 30
11 31
12 31
13 29
13 30
13 28
13 31
12 27
11 27
10 27
11 26
10 26
12 26
9 26
9 27
8 27
8 26
13 26
10 25
11 25
12 25
9 25
13 25
8 25
7 26
7 27
11 24
10 24
12 24
9 24
13 24
8 24
14 25
14 24
6 27
6 26
10 23
11 23
12 23
9 23
13 23
8 23
14 23
5 26
5 27
12 22
13 22
14 22
15 23
15 22
4 27
4 26
13 21
14 21
3 26
3 27
3 28
11 32
0
Yes
49 34
48 34
48 33
48 35
49 35
49 36
48 36
47 33
47 34
47 35
47 36
47 32
48 32
46 34
46 33
46 35
46 32
46 36
48 37
47 37
49 37
46 37
49 38
48 38
47 38
46 38
45 33
45 34
45 35
45 36
45 37
45 32
45 38
46 31
47 31
45 31
47 30
46 30
45 30
44 34
44 33
44 35
44 32
44 31
44 30
44 37
46 29
45 29
47 29
44 29
43 33
43 34
43 32
43 31
43 35
45 39
42 34
42 33
42 32
42 31
41 33
41 32
41 34
41 35
42 30
41 30
40 34
40 33
40 35
40 32
39 33
39 34
39 32
49 39
49 40
48 40
48 41
49 41
47 41
49 42
48 42
47 42
46 42
47 43
46 43
45 43
46 44
45 44
40 30
39 30
38 33
0
No
0
No
0
No
0
Yes
10 0
9 0
9 1
10 1
9 2
10 2
11 2
11 1
11 0
8 2
8 1
8 0
11 3
10 3
9 3
8 3
10 4
9 4
11 4
0
Yes
18 26
18 27
17 27
17 28
18 28
19 28
16 28
18 29
17 29
19 29
16 29
20 29
20 28
19 30
18 30
20 30
15 29
15 28
16 30
14 29
16 31
13 29
13 28
12 28
12 29
12 27
13 30
12 30
11 27
11 28
11 29
11 30
11 26
12 26
13 26
13 25
12 25
11 25
14 25
14 24
13 24
12 24
11 24
13 23
12 23
14 23
11 23
15 23
15 22
14 22
13 22
12 22
14 21
13 21
12 31
13 31
11 31
13 20
10 26
10 25
10 27
10 24
10 23
10 22
9 25
9 26
9 24
9 23
9 27
9 22
11 32
8 26
8 25
8 24
8 23
8 27
8 22
9 21
10 21
8 21
7 27
7 26
8 20
9 20
9 19
8 19
10 19
10 18
9 18
8 18
11 18
11 19
12 19
12 18
13 19
13 18
14 19
6 26
6 27
9 17
10 17
8 17
5 27
5 26
4 26
4 27
8 16
9 16
7 17
7 16
9 15
8 15
7 15
3 27
3 26
3 28
6 16
6 17
6 15
5 17
5 16
2 26
7 14
6 14
4 16
5 14
16 23
16 24
16 25
0
No
0
Yes
48 12
48 13
47 12
47 13
49 12
49 13
48 11
47 11
49 11
46 12
46 13
0
No
0
No
0
No
0
No
0
No
0
No
0
No
0
No
0
Yes
13 2
12 2
12 3
13 3
12 4
13 4
12 5
13 5
0
Yes
43 25
42 25
42 24
43 24
42 26
43 26
43 23
42 23
43 27
42 27
41 24
41 25
41 26
41 23
41 27
40 25
40 24
42 22
43 22
42 28
43 28
41 28
43 21
42 21
40 28
41 21
41 29
42 29
40 29
42 20
43 20
41 20
43 19
42 19
41 19
42 18
43 18
41 18
41 17
42 17
42 16
40 21
39 21
39 22
0
Yes
12 8
12 9
13 8
13 9
11 8
11 9
12 7
12 10
13 7
13 10
11 7
11 10
12 6
13 6
11 6
0
Yes
47 20
47 21
46 20
46 21
48 20
48 21
47 19
47 22
46 19
46 22
48 19
48 22
45 20
45 21
49 20
49 21
45 19
45 22
47 18
49 19
49 22
46 18
48 18
44 20
44 21
45 18
44 19
44 22
0
Yes
9 25
8 25
8 24
9 24
8 23
9 23
10 23
10 24
10 25
10 26
9 26
8 26
11 25
11 24
11 26
11 23
10 22
9 22
8 22
9 27
10 27
8 27
11 27
12 24
12 25
12 26
12 23
12 27
9 21
8 21
10 21
13 25
13 24
13 23
13 26
14 24
14 23
14 25
14 22
13 22
12 22
9 20
8 20
14 21
13 21
9 19
8 19
9 18
8 18
7 26
7 27
6 26
6 27
11 28
12 28
15 23
15 22
0
No
0
Yes
45 23
45 24
45 25
45 26
46 23
46 24
46 25
46 26
47 23
47 24
47 25
47 26
48 23
48 24
48 25
48 26
49 23
49 24
49 25
49 26
0
No
0
Yes
44 26
43 26
43 25
44 25
43 24
44 24
42 24
42 25
42 26
42 27
43 27
44 27
41 26
41 25
41 27
41 24
42 23
43 23
44 23
41 23
44 28
43 28
42 28
0
No
0
No
0
Yes
4 9
4 10
5 10
5 9
6 10
6 9
6 11
5 11
4 11
4 12
5 12
6 12
7 11
7 10
7 9
7 12
8 10
0
No
0
Yes
11 29
11 28
12 28
12 29
12 30
11 30
11 31
12 31
13 29
13 30
13 28
13 31
12 27
11 27
10 27
11 26
10 26
12 26
9 26
9 27
8 27
8 26
13 26
10 25
11 25
12 25
9 25
13 25
8 25
7 26
7 27
11 24
10 24
12 24
9 24
13 24
8 24
14 25
14 24
6 27
6 26
10 23
11 23
12 23
9 23
13 23
8 23
14 23
5 26
5 27
12 22
13 22
14 22
15 23
15 22
4 27
4 26
9 22
10 22
8 22
10 21
9 21
8 21
13 21
14 21
3 26
3 27
3 28
9 20
8 20
8 19
9 19
10 19
10 18
9 18
8 18
11 18
11 19
12 19
12 18
13 18
13 19
13 20
14 19
9 17
10 17
8 17
7 17
8 16
9 16
7 16
6 16
6 17
5 17
5 16
9 15
8 15
7 15
6 15
4 16
7 14
6 14
5 14
3
219
42 18
42 19
42 20
42 21
43 18
43 19
43 20
43 21
44 18
44 19
44 20
44 21
45 18
45 19
45 20
45 21
46 18
46 19
46 20
46 21
47 18
47 19
47 20
47 21
48 18
48 19
48 20
48 21
224
23 0
23 1
23 2
23 3
23 4
24 0
24 1
24 2
24 3
24 4
25 0
25 1
25 2
25 3
25 4
26 0
26 1
26 2
26 3
26 4
27 0
27 1
27 2
222
38 17
38 18
38 19
38 20
38 21
39 17
39 18
39 19
39 20
39 21
40 17
40 18
40 19
40 20
40 21
41 17
41 18
41 19
41 20
41 21
Yes
42 22
42 23
42 24
42 25
42 26
42 27
42 28
43 22
43 23
43 24
43 25
43 26
43 27
43 28
44 22
44 23
44 24
44 25
44 26
44 27
44 28
45 22
45 23
45 24
45 25
45 26
45 27
45 28
46 22
46 23
46 24
46 25
46 26
46 27
46 28
47 22
47 23
47 24
47 25
47 26
47 27
47 28
48 22
48 23
48 24
48 25
48 26
48 27
48 28
49 22
49 23
49 24
49 25
49 26
49 27
49 28
0
No
0
No
0
No
0
No
0
Yes
1 19
1 20
0 20
2 20
2 19
2 21
1 21
0 21
3 21
3 20
3 19
1 22
2 22
0 22
3 22
4 19
4 20
4 21
4 22
0 23
1 23
2 23
3 23
4 23
5 20
5 21
5 22
5 19
5 23
1 24
2 24
3 24
4 24
0 24
5 24
6 19
6 20
6 21
6 22
6 23
6 24
5 18
6 18
4 18
3 18
0 25
1 25
2 25
3 25
4 25
5 25
6 25
7 20
7 21
7 22
7 23
7 19
7 24
7 18
7 25
0
No
0
No
0
No
0
No
0
Yes
47 0
47 1
47 2
48 0
48 1
48 2
49 0
49 1
49 2
0
No
0
Yes
40 24
40 25
41 25
41 24
41 23
0
Yes
45 19
45 20
45 21
46 19
46 20
46 21
47 19
47 20
47 21
48 19
48 20
48 21
49 19
49 20
49 21
0
Yes
40 18
39 18
39 17
40 17
39 19
40 19
41 19
41 18
41 17
38 19
38 18
38 17
42 18
42 19
42 17
41 20
40 20
39 20
38 20
42 20
37 18
37 17
37 19
43 20
43 19
43 18
40 21
41 21
39 21
42 21
38 21
43 21
0
No
0
Yes
14 10
13 10
13 9
13 11
14 11
12 11
12 10
12 9
11 10
11 9
11 11
11 8
12 8
13 8
13 7
12 7
11 7
0
No
0
Yes
12 46
11 46
12 45
12 47
13 46
11 45
11 47
13 45
13 47
10 46
12 44
12 48
10 45
10 47
11 44
11 48
13 48
10 44
10 48
12 43
11 43
10 43
0
Yes
47 20
46 20
47 19
47 21
48 20
46 19
46 21
48 19
48 21
45 20
47 18
49 20
45 19
45 21
46 18
48 18
49 19
49 21
45 18
44 20
44 19
44 21
0
No
0
No
0
Yes
45 24
45 25
45 26
45 27
45 28
46 24
46 25
46 26
46 27
46 28
47 24
47 25
47 26
47 27
47 28
48 24
48 25
48 26
48 27
48 28
49 24
49 25
49 26
49 27
49 28
0
Yes
7 31
7 32
8 31
8 32
6 31
6 32
7 30
7 33
8 30
8 33
9 31
9 32
6 30
6 33
9 30
9 33
5 31
5 32
7 29
7 34
8 29
8 34
10 31
10 32
5 30
5 33
6 29
6 34
9 29
9 34
10 30
10 33
4 31
4 32
5 29
5 34
7 28
8 28
10 29
10 34
4 30
4 33
6 28
9 28
4 29
4 34
5 28
10 28
4 28
0
Yes
45 23
44 23
44 22
45 22
44 21
45 21
46 21
46 22
46 23
47 23
47 22
47 21
46 20
45 20
44 20
47 20
48 22
48 21
48 23
48 20
45 19
46 19
47 19
44 19
48 19
49 23
49 22
49 21
49 20
49 19
44 18
45 18
46 18
47 18
48 18
45 17
46 17
0
Yes
16 31
16 30
16 29
15 29
17 29
15 28
16 28
17 28
18 28
18 29
18 30
19 30
19 29
19 28
17 27
18 27
20 29
20 30
20 28
18 26
14 29
13 29
13 30
12 30
12 29
12 31
13 31
13 28
12 28
11 31
11 30
11 29
11 28
11 32
12 27
11 27
11 26
12 26
13 26
13 25
12 25
11 25
14 25
10 27
10 26
10 25
14 24
13 24
12 24
11 24
10 24
13 23
12 23
11 23
14 23
10 23
15 23
9 26
9 25
9 24
9 27
9 23
8 27
8 26
8 25
8 24
8 23
15 22
14 22
13 22
12 22
14 21
13 21
7 26
7 27
6 27
6 26
10 22
9 22
8 22
13 20
5 26
5 27
9 21
10 21
8 21
4 27
4 26
8 20
9 20
9 19
8 19
10 19
3 26
3 27
3 28
10 18
9 18
8 18
11 18
11 19
12 19
12 18
13 19
13 18
14 19
9 17
10 17
8 17
7 17
8 16
9 16
7 16
9 15
8 15
7 15
6 16
6 17
6 15
5 17
5 16
4 16
7 14
6 14
5 14
11 33
12 33
12 34
11 34
13 34
13 33
13 35
13 36
14 36
13 37
16 23
16 24
16 25
17 23
0
Yes
9 6
8 6
9 5
8 5
8 4
0
Yes
41 3
40 3
40 2
41 2
40 4
41 4
42 2
42 3
42 4
41 1
40 1
42 1
41 5
40 5
42 5
43 3
43 2
43 1
39 2
39 3
39 4
39 1
43 5
40 0
41 0
42 0
39 0
43 0
44 2
44 1
44 0
38 1
38 0
43 6
45 1
45 2
45 0
45 3
37 0
37 1
46 3
46 2
46 1
46 0
47 2
47 1
47 3
47 0
48 3
48 2
48 1
48 0
48 4
49 2
49 3
49 1
49 4
49 0
49 5
48 5
48 6
49 6
43 7
44 7
44 8
43 8
42 8
42 9
43 9
44 9
45 8
45 7
45 9
46 7
46 8
46 9
46 6
43 10
44 10
42 10
41 10
41 11
42 11
40 11
40 10
46 10
40 12
41 8
36 0
35 0
34 0
34 1
33 1
33 0
33 2
32 0
32 1
0
No
0
Yes
49 24
48 24
48 25
49 25
48 26
49 26
47 26
47 25
47 24
46 24
46 25
46 26
47 27
48 27
49 27
46 27
45 25
45 26
45 24
45 27
49 28
48 28
47 28
46 28
45 28
44 24
0
Yes
24 21
23 21
23 20
24 20
23 19
24 19
25 19
25 20
25 21
22 19
22 20
22 21
25 22
24 22
23 22
22 22
26 21
26 20
26 22
26 19
21 21
21 22
21 20
21 19
24 23
23 23
25 23
22 23
26 23
21 23
27 20
27 21
27 22
27 19
0
No
0
No
0
Yes
4 22
4 23
3 22
3 23
5 22
5 23
4 21
4 24
3 21
3 24
5 21
5 24
2 22
2 23
6 22
6 23
2 21
2 24
4 20
4 25
6 21
6 24
3 20
3 25
5 20
5 25
1 22
1 23
7 22
7 23
2 20
2 25
6 20
6 25
1 21
1 24
7 21
7 24
4 19
3 19
5 19
1 20
1 25
7 20
7 25
0 22
0 23
2 19
6 19
0 21
0 24
1 19
7 19
0 20
0 25
0
No
0
Yes
3 47
2 47
2 46
2 48
3 48
1 48
1 47
1 46
1 49
2 49
3 49
0 47
0 46
0 48
0 49
0 45
1 45
2 45
0
Yes
18 16
18 17
19 16
19 17
17 16
18 15
19 15
17 15
0
No
0
Yes
49 28
48 28
48 27
49 27
49 26
48 26
47 27
47 28
47 26
47 29
46 28
46 27
46 29
46 26
48 25
47 25
49 25
46 25
46 30
47 30
47 31
46 31
49 24
48 24
47 24
46 24
45 27
45 28
45 29
45 26
45 30
45 25
45 31
45 24
44 28
44 27
44 29
44 26
44 30
44 25
44 31
44 24
46 32
45 32
47 32
44 32
48 32
48 23
47 23
46 23
45 23
49 23
44 23
48 33
47 33
46 33
45 33
44 33
49 22
48 22
47 22
46 22
45 22
44 22
43 27
43 28
43 26
43 25
43 24
43 23
43 22
47 34
46 34
45 34
48 34
44 34
49 34
43 31
43 32
43 33
43 34
42 28
42 27
42 26
42 25
42 24
42 23
42 22
49 35
48 35
47 35
46 35
45 35
44 35
43 35
42 29
48 21
47 21
46 21
45 21
44 21
49 21
42 30
42 31
42 32
42 33
42 34
49 20
48 20
47 20
46 20
45 20
44 20
41 27
41 28
41 29
41 26
41 30
41 25
41 24
41 23
48 36
47 36
46 36
45 36
49 36
41 32
41 33
41 34
40 28
40 29
40 30
49 37
48 37
47 37
46 37
45 37
48 19
47 19
46 19
45 19
49 19
44 19
0
Yes
28 8
28 9
28 10
28 11
29 8
29 9
29 10
29 11
30 8
30 9
30 10
30 11
31 8
31 9
31 10
31 11
32 8
32 9
32 10
0
Yes
7 18
6 18
6 19
7 19
6 20
7 20
5 20
5 19
5 18
4 18
4 19
4 20
5 21
6 21
7 21
4 21
3 19
3 20
3 21
3 18
7 22
6 22
5 22
4 22
0
Yes
48 12
49 12
48 11
48 13
49 11
49 13
47 12
47 11
47 13
49 10
0
Yes
30 38
29 38
29 37
30 37
29 36
30 36
28 36
28 37
28 38
27 38
27 37
27 36
28 35
29 35
30 35
27 35
26 37
26 36
26 35
31 35
31 36
31 37
30 34
29 34
28 34
27 34
31 34
26 34
25 36
25 35
25 37
25 34
32 37
32 36
32 35
32 34
29 33
30 33
28 33
27 33
31 33
26 33
32 33
25 33
24 37
24 36
24 35
24 34
24 33
30 32
29 32
28 32
27 32
26 32
25 32
24 32
31 32
0
Yes
5 31
4 31
4 30
5 30
4 29
5 29
6 29
6 30
6 31
3 29
3 30
3 31
6 32
5 32
4 32
3 32
7 31
7 30
7 32
7 29
6 28
7 28
5 28
4 28
2 31
2 30
2 32
2 29
5 33
4 33
6 33
3 33
7 33
2 33
8 30
8 31
8 32
8 29
8 33
8 28
1 30
1 31
1 32
1 29
1 33
4 34
5 34
6 34
3 34
7 34
8 34
2 34
1 34
9 31
9 30
9 32
9 29
9 33
9 28
9 34
0 31
0 30
0 29
0 32
5 35
6 35
7 35
4 35
3 35
8 35
9 35
10 30
10 31
10 32
10 33
10 34
10 35
10 29
10 28
4 36
5 36
6 36
7 36
8 36
9 36
3 36
10 36
3 37
4 37
5 37
5 38
0
No
0
Yes
23 49
24 49
23 48
24 48
22 49
22 48
0
Yes
4 9
4 10
4 11
4 12
5 9
5 10
5 11
5 12
6 9
6 10
6 11
6 12
7 9
7 10
7 11
7 12
8 9
8 10
0
No
0
Yes
46 25
46 26
45 25
45 26
47 25
47 26
46 24
46 27
45 24
45 27
47 24
47 27
44 25
44 26
48 25
48 26
44 24
44 27
46 23
46 28
48 24
48 27
45 23
45 28
47 23
47 28
43 25
43 26
49 25
49 26
44 23
44 28
48 23
48 28
43 24
43 27
49 24
49 27
46 22
45 22
47 22
43 23
43 28
49 23
49 28
42 25
42 26
44 22
48 22
42 24
42 27
43 22
49 22
42 23
42 28
42 22
0
No
0
Yes
30 42
29 42
29 41
30 41
29 43
28 43
28 42
28 41
27 42
27 43
27 41
27 44
28 44
29 44
0
Yes
21 31
20 31
20 32
21 32
20 33
21 33
22 33
22 32
22 31
19 33
19 32
19 31
23 31
23 32
23 33
22 34
21 34
20 34
19 34
23 34
21 35
20 35
22 35
19 35
23 35
20 36
21 36
22 36
19 36
23 36
21 37
20 37
22 37
19 37
23 37
18 36
18 35
18 34
18 37
20 38
21 38
22 38
19 38
23 38
18 38
17 34
17 35
17 36
17 37
17 38
0
Yes
29 48
29 49
28 49
30 49
30 48
30 47
31 48
31 47
31 49
32 47
32 48
32 49
33 48
33 47
33 49
33 46
34 47
34 46
35 46
35 47
35 45
36 45
36 46
37 46
37 45
37 44
38 45
27 49
30 46
26 49
26 48
26 47
25 47
26 46
26 45
37 43
38 43
38 42
37 42
36 42
36 41
36 40
36 39
35 39
35 38
36 38
37 39
37 38
36 37
35 37
37 37
34 37
34 36
35 36
36 36
38 38
38 39
38 37
38 40
39 40
39 39
39 38
35 35
34 35
36 35
33 35
33 34
34 34
35 34
36 34
37 34
36 33
37 33
38 33
39 33
39 34
40 34
40 33
40 35
41 35
41 34
41 33
39 32
40 32
41 32
42 34
42 33
42 32
43 33
43 34
43 32
43 35
44 35
44 34
44 33
44 32
45 34
45 33
45 35
45 32
45 36
46 36
46 35
46 34
46 33
46 32
46 37
45 37
44 37
45 38
46 38
47 38
47 37
47 36
47 35
47 34
47 33
47 32
42 31
43 31
44 31
45 31
46 31
47 31
48 37
48 36
48 35
48 34
48 33
48 32
48 38
49 38
49 37
49 36
49 35
49 34
49 39
44 30
45 30
46 30
47 30
45 29
46 29
44 29
47 29
0
Yes
41 29
41 30
42 29
42 30
40 29
40 30
41 28
40 28
0
No
0
Yes
48 41
48 42
49 41
49 42
47 41
47 42
48 40
49 40
0
No
0
Yes
7 32
8 32
7 31
7 33
8 31
8 33
6 32
9 32
6 31
6 33
9 31
9 33
7 30
7 34
8 30
8 34
5 32
6 30
6 34
9 30
9 34
10 32
5 31
5 33
10 31
10 33
7 29
7 35
8 29
8 35
5 30
5 34
10 30
10 34
6 29
6 35
9 29
9 35
4 32
4 31
4 33
5 29
5 35
10 29
10 35
4 30
4 34
7 28
8 28
6 28
9 28
4 29
4 35
5 28
10 28
4 28
0
Yes
36 25
35 25
35 24
36 24
35 23
36 23
37 23
37 24
37 25
34 23
34 24
34 25
37 26
36 26
35 26
34 26
37 22
36 22
35 22
33 25
33 24
33 26
33 23
36 27
35 27
34 27
37 27
33 27
36 21
35 21
37 21
38 22
38 23
38 24
32 24
32 25
32 26
32 23
32 27
35 28
34 28
33 28
32 28
31 25
31 26
31 24
31 27
31 23
31 28
30 24
30 25
30 26
30 27
30 23
30 28
29 25
29 26
29 24
29 27
29 23
29 28
28 24
28 25
28 26
28 27
0
Yes
1 28
0 28
0 29
1 29
0 30
1 30
0 31
1 31
2 31
2 30
2 29
2 32
1 32
0 32
3 29
3 30
3 31
3 32
3 33
2 33
1 33
0
Yes
29 4
28 4
28 5
27 5
27 4
27 3
27 6
28 6
29 6
26 4
26 5
26 3
26 6
29 7
28 7
27 7
26 7
30 7
26 2
27 2
27 1
26 1
28 1
25 3
25 4
25 5
25 2
25 6
25 1
28 0
27 0
26 0
25 0
28 8
29 8
30 8
31 8
31 7
24 4
24 3
24 5
24 2
24 1
24 6
24 0
26 8
29 9
30 9
28 9
31 9
24 7
32 9
32 8
33 8
33 9
23 3
23 4
23 5
23 2
23 6
23 1
23 7
23 0
28 10
29 10
30 10
31 10
32 10
27 10
22 4
22 3
22 5
22 2
22 6
22 1
29 11
28 11
30 11
31 11
34 9
34 8
34 7
35 7
35 8
35 9
35 6
34 6
34 5
35 5
33 5
23 8
24 8
0
Yes
14 10
13 10
13 9
13 11
14 11
12 11
12 10
12 9
11 10
11 9
11 11
11 8
12 8
13 8
13 7
12 7
11 7
0
Yes
0 23
0 22
1 22
1 23
2 22
2 23
2 24
1 24
0 24
2 21
1 21
0 21
0 25
1 25
2 25
3 24
3 23
3 22
3 21
3 25
0 20
1 20
2 20
3 20
4 23
4 22
4 24
4 21
4 25
4 20
1 19
2 19
3 19
4 19
4 26
3 26
2 26
5 22
5 23
5 24
5 21
5 25
5 20
5 26
5 19
3 18
4 18
5 18
5 27
4 27
3 27
6 23
6 22
6 24
6 21
6 25
6 20
6 26
6 19
6 27
6 18
7 22
7 23
7 24
7 21
7 25
7 20
7 26
7 19
7 27
7 18
7 17
6 17
5 17
8 23
8 22
8 24
8 21
8 25
8 20
8 19
8 26
8 18
8 27
8 17
5 16
6 16
7 16
8 16
9 22
9 23
9 24
9 21
9 25
9 20
9 19
9 18
9 26
9 17
9 27
9 16
6 15
7 15
8 15
9 15
10 23
10 24
10 25
10 26
10 27
10 22
10 21
0
Yes
17 34
17 35
18 35
18 34
19 35
19 34
19 36
18 36
17 36
17 37
18 37
19 37
20 36
20 35
20 34
20 37
18 38
19 38
17 38
20 38
21 34
21 35
21 36
21 37
21 38
21 33
20 33
19 33
22 35
22 36
22 34
22 37
22 33
22 38
19 32
20 32
21 32
22 32
23 34
23 35
23 36
23 33
23 37
23 32
23 38
22 39
21 39
20 39
23 39
20 31
21 31
22 31
19 31
23 31
20 40
21 40
22 40
0
Yes
25 22
24 22
24 21
25 21
24 20
25 20
26 20
26 21
26 22
23 20
23 21
23 22
26 23
25 23
24 23
23 23
27 22
27 21
27 23
27 20
26 19
25 19
24 19
23 19
27 19
22 22
22 21
22 20
22 23
22 19
25 24
26 24
27 24
24 24
28 21
28 22
28 20
28 19
28 23
21 21
21 22
21 20
21 23
21 19
26 25
27 25
0
Yes
11 23
11 24
11 25
11 26
12 23
12 24
12 25
12 26
13 23
13 24
13 25
13 26
14 23
14 24
14 25
0
No
0
No
0
Yes
31 35
30 35
30 34
31 34
30 33
31 33
32 33
32 34
32 35
29 33
29 34
29 35
32 36
31 36
30 36
29 36
32 32
31 32
30 32
29 32
28 35
28 34
28 33
28 36
28 32
31 37
30 37
29 37
28 37
32 37
27 34
27 35
27 36
27 33
27 37
27 32
30 38
29 38
28 38
27 38
26 35
26 34
26 36
26 33
26 37
26 32
25 34
25 35
25 36
25 33
25 37
0
Yes
10 3
9 3
10 2
10 4
11 3
9 2
9 4
11 2
11 4
8 3
10 1
8 2
8 4
9 1
9 5
11 1
8 1
8 5
10 0
9 0
11 0
8 0
0
Yes
14 40
13 40
14 39
13 39
0
Yes
24 20
23 20
23 19
24 19
23 21
24 21
25 19
25 20
25 21
24 22
23 22
25 22
26 20
26 21
26 19
26 22
22 19
22 20
22 21
22 22
25 18
21 20
21 21
21 19
21 22
23 23
24 23
25 23
22 23
26 23
21 23
27 19
27 20
27 21
27 22
27 23
27 18
24 24
25 24
26 24
27 24
28 20
28 19
28 21
28 22
28 23
28 18
20 22
21 24
28 17
27 17
27 16
28 16
26 16
29 19
29 20
29 21
29 18
29 22
29 17
29 16
26 25
27 25
30 20
30 19
30 21
30 18
30 17
30 22
28 15
29 15
31 19
31 20
31 21
31 18
29 14
32 18
32 19
30 14
32 17
33 19
33 18
33 20
30 13
29 13
28 13
29 12
30 12
34 18
34 19
35 19
35 18
35 20
25 17
24 17
24 16
23 16
23 17
24 15
24 25
19 22
24 26
18 22
18 23
17 23
24 27
23 27
18 24
16 23
16 24
16 25
0
No
0
No
0
Yes
46 20
45 20
46 19
46 21
47 20
45 19
45 21
47 19
47 21
44 20
46 18
48 20
44 19
44 21
45 18
47 18
48 19
48 21
44 18
48 18
43 20
49 20
43 19
43 21
49 19
49 21
43 18
42 20
42 19
42 21
42 18
0
Yes
41 8
42 8
42 9
43 9
43 8
43 7
43 10
42 10
41 10
41 11
42 11
44 8
44 9
44 7
44 10
40 11
40 10
40 12
45 7
45 8
45 9
46 8
46 7
46 9
46 6
46 10
43 6
39 11
43 5
42 5
42 4
41 4
41 5
40 5
40 4
39 4
41 3
40 3
42 3
39 3
43 3
40 2
41 2
42 2
39 2
43 2
44 2
41 1
40 1
42 1
43 1
39 1
44 1
38 1
40 0
41 0
42 0
39 0
43 0
38 0
44 0
45 1
45 2
45 0
45 3
46 3
46 2
46 1
46 0
47 2
47 1
47 3
47 0
48 3
48 2
48 1
48 0
48 4
37 0
37 1
49 4
49 3
49 2
49 1
49 0
49 5
48 5
48 6
49 6
38 11
38 12
37 12
37 11
37 10
36 10
36 11
36 12
36 9
35 11
35 10
35 12
34 10
34 12
36 0
35 0
34 0
34 1
33 1
33 0
33 2
32 0
32 1
33 3
0
Yes
12 27
11 27
11 28
12 28
11 29
12 29
11 30
12 30
13 30
13 29
13 28
10 30
10 29
10 28
13 31
12 31
11 31
10 31
9 28
9 29
9 30
9 31
11 32
10 32
9 32
8 29
8 30
8 31
8 28
8 32
10 33
9 33
11 33
8 33
7 28
7 29
7 30
7 31
7 32
7 33
11 34
10 34
9 34
8 34
7 34
6 29
6 30
6 31
6 32
6 33
6 28
6 34
10 35
9 35
8 35
7 35
6 35
5 28
5 29
5 30
5 31
5 32
5 33
5 34
5 35
9 36
8 36
7 36
6 36
5 36
10 36
4 29
4 30
4 31
4 32
4 33
4 34
4 35
4 36
0
Yes
37 30
37 31
38 30
36 30
36 31
37 29
36 29
0
No
0
Yes
29 20
30 20
29 19
29 21
30 19
30 21
28 20
31 20
28 19
28 21
31 19
31 21
29 18
29 22
30 18
30 22
27 20
28 18
28 22
31 18
27 19
27 21
29 17
30 17
27 18
27 22
28 17
27 17
0
Yes
21 19
21 20
22 20
22 19
23 20
23 19
23 21
22 21
21 21
21 22
22 22
23 22
24 21
24 20
24 19
24 22
22 23
23 23
24 23
21 23
25 19
25 20
25 21
25 22
25 23
26 20
26 21
26 22
26 23
26 19
26 24
25 24
24 24
0
Yes
40 18
39 18
39 17
40 17
39 19
40 19
41 19
41 18
41 17
38 19
38 18
38 17
42 18
42 19
42 17
41 20
40 20
39 20
38 20
42 20
37 18
37 17
37 19
43 20
43 19
43 18
40 21
41 21
42 21
43 21
39 21
38 21
0
Yes
2 44
1 44
1 43
2 43
1 45
2 45
3 43
3 44
3 45
2 42
1 42
3 42
2 46
1 46
4 44
4 43
4 45
4 42
0 43
0 44
0 45
0 42
0 46
1 41
2 41
3 41
0 41
4 41
1 47
2 47
0 47
3 47
5 43
5 44
5 42
2 40
1 40
3 40
0 40
4 40
2 48
1 48
3 48
0 48
6 44
6 43
6 42
6 45
4 48
5 40
1 49
2 49
3 49
0 49
4 49
3 39
2 39
4 39
5 39
7 43
0 39
5 49
2 38
3 38
4 38
5 38
3 37
4 37
2 37
5 37
6 38
2 36
3 36
1 36
3 35
8 43
8 44
0 38
3 34
2 34
2 33
3 33
1 33
1 34
1 32
2 32
3 32
0 32
2 31
1 31
3 31
0 31
1 30
2 30
3 30
0 30
2 29
1 29
3 29
0 29
1 28
0 28
0
Yes
11 23
11 24
11 25
11 26
12 23
12 24
12 25
12 26
13 23
13 24
13 25
13 26
14 23
14 24
14 25
0
No
0
Yes
8 31
8 32
7 31
7 32
9 31
9 32
8 30
8 33
7 30
7 33
9 30
9 33
6 31
6 32
10 31
10 32
6 30
6 33
8 29
8 34
10 30
10 33
7 29
7 34
9 29
9 34
5 31
5 32
11 31
11 32
6 29
6 34
10 29
10 34
5 30
5 33
11 30
11 33
8 28
7 28
9 28
5 29
5 34
11 29
11 34
4 31
4 32
6 28
10 28
4 30
4 33
5 28
11 28
4 29
4 34
4 28
0
No
0
No
0
No
0
No
0
Yes
8 15
7 15
7 14
7 16
8 16
6 16
6 15
6 14
6 17
7 17
8 17
8 18
7 18
6 18
9 17
9 16
9 18
9 15
7 19
8 19
9 19
6 19
5 18
5 17
5 19
5 16
8 20
7 20
6 20
9 20
5 20
10 19
10 18
10 17
7 21
8 21
6 21
9 21
5 21
4 20
4 19
4 18
4 21
8 22
7 22
6 22
5 22
9 22
4 22
3 18
3 19
3 20
3 21
3 22
7 23
6 23
5 23
8 23
4 23
9 23
3 23
10 23
10 22
10 21
2 19
2 20
2 21
2 22
2 23
8 24
7 24
6 24
5 24
4 24
9 24
3 24
10 24
2 24
1 20
1 21
1 22
1 23
1 24
1 19
7 25
8 25
6 25
5 25
4 25
3 25
9 25
2 25
10 25
1 25
0 21
0 22
0 23
0 24
0 20
0 25
8 26
7 26
6 26
5 26
4 26
9 26
3 26
10 26
2 26
11 19
11 18
11 25
11 24
11 23
11 26
7 27
8 27
9 27
6 27
5 27
10 27
4 27
11 27
3 27
0
No
0
Yes
12 28
12 27
12 29
13 29
13 28
13 30
12 30
12 31
13 31
12 26
13 26
13 25
12 25
14 25
12 24
13 24
14 24
13 23
12 23
14 23
15 23
12 22
13 22
14 22
15 22
13 21
14 21
14 29
15 29
15 28
16 28
16 29
16 30
17 29
17 28
17 27
18 28
18 27
18 29
18 26
18 30
19 29
19 28
19 30
20 28
20 29
20 30
16 31
16 23
16 24
16 25
17 23
18 23
18 24
18 22
19 22
13 20
13 19
12 19
14 19
12 18
13 18
20 22
21 22
21 23
22 23
22 22
21 21
22 21
23 22
23 23
23 21
22 20
21 20
23 20
21 19
22 19
23 19
24 23
24 22
24 21
24 20
24 19
24 24
25 24
25 23
25 22
25 21
25 20
25 19
26 23
26 22
26 21
26 20
26 24
26 19
26 25
27 25
27 24
27 23
25 18
28 23
21 24
0
Yes
27 38
27 37
26 37
28 37
28 38
28 36
27 36
26 36
29 36
29 37
29 38
27 35
28 35
26 35
29 35
30 38
30 37
30 36
30 35
25 35
25 36
25 37
26 34
27 34
28 34
29 34
25 34
30 34
31 37
31 36
31 35
31 34
24 37
24 36
24 35
24 34
27 33
26 33
28 33
29 33
25 33
30 33
24 33
31 33
32 36
32 35
32 34
32 33
32 37
26 32
27 32
28 32
29 32
30 32
25 32
24 32
31 32
32 32
27 31
26 31
28 31
25 31
24 31
26 30
27 30
25 30
28 30
0
No
0
Yes
46 19
46 20
45 19
45 20
47 19
47 20
46 18
46 21
45 18
45 21
47 18
47 21
44 19
44 20
44 18
44 21
46 17
45 17
47 17
0
Yes
48 12
49 12
48 11
48 13
49 11
49 13
47 12
47 11
47 13
49 10
0
Yes
31 35
30 35
30 34
31 34
30 33
31 33
32 33
32 34
32 35
29 33
29 34
29 35
32 36
31 36
30 36
29 36
32 32
31 32
30 32
29 32
28 35
28 34
28 33
28 36
28 32
31 37
30 37
29 37
28 37
32 37
27 34
27 35
27 36
27 33
27 37
27 32
30 38
29 38
28 38
27 38
26 35
26 34
26 36
26 33
26 37
26 32
25 34
25 35
25 36
25 33
25 37
25 32
26 31
27 31
28 31
25 31
24 35
24 34
24 33
24 36
24 32
24 31
24 37
0
No
0
Yes
8 49
8 48
9 48
9 49
10 48
10 49
11 48
11 49
11 47
10 47
9 47
11 46
10 46
12 46
12 47
12 48
13 48
13 47
13 46
12 45
11 45
10 45
13 45
14 47
14 46
14 45
10 44
11 44
12 44
15 46
15 47
15 45
11 43
10 43
12 43
16 45
16 46
16 47
12 42
11 42
10 42
17 47
17 46
17 45
10 41
11 41
12 41
0
No
0
Yes
49 19
48 19
48 18
48 20
49 20
47 20
47 19
47 18
47 21
48 21
49 21
46 19
46 20
46 18
46 21
45 18
45 19
45 20
45 21
44 19
44 20
44 18
44 21
45 17
0
Yes
11 27
10 27
10 26
11 26
10 25
11 25
9 25
9 26
9 27
8 27
8 26
8 25
9 24
10 24
11 24
8 24
7 26
7 25
7 27
7 24
11 23
10 23
9 23
8 23
7 23
6 27
6 26
6 25
6 24
6 23
10 22
9 22
8 22
7 22
6 22
5 26
5 25
5 24
5 23
5 27
5 22
9 21
8 21
7 21
6 21
5 21
10 21
4 27
4 26
4 25
4 24
0
No
0
No
0
No
0
No
0
Yes
30 46
30 47
31 47
31 48
30 48
31 49
30 49
32 49
32 48
32 47
33 47
33 48
33 49
0
Yes
46 31
45 31
45 30
46 30
45 32
46 32
47 30
47 31
47 32
46 29
45 29
47 29
46 33
45 33
47 33
44 30
44 31
44 32
44 29
44 33
48 32
48 33
43 31
43 32
43 33
45 34
46 34
47 34
44 34
48 34
43 34
46 35
45 35
47 35
44 35
48 35
43 35
42 32
42 33
42 34
42 31
42 30
49 34
49 35
41 30
45 36
46 36
47 36
48 36
49 36
41 29
42 29
41 33
41 32
41 34
46 37
47 37
48 37
45 37
49 37
40 32
40 33
40 34
40 29
40 30
44 37
41 35
40 35
40 28
41 28
41 27
39 30
45 38
46 38
47 38
48 38
49 38
39 33
39 34
39 32
49 39
41 26
41 25
40 25
40 24
41 24
41 23
45 39
38 33
37 33
37 34
36 34
36 33
36 35
35 35
35 34
35 36
36 36
36 37
35 37
37 37
37 38
36 38
35 38
38 38
38 37
38 39
37 39
36 39
35 39
39 39
39 38
39 40
38 40
34 34
34 35
34 36
34 37
36 40
33 35
33 34
36 41
36 42
37 42
37 43
0
Yes
29 4
28 4
28 5
27 5
27 4
27 3
27 6
28 6
29 6
26 4
26 5
26 3
26 6
29 7
28 7
27 7
26 7
30 7
26 2
27 2
27 1
26 1
28 1
25 3
25 4
25 5
25 2
25 6
25 1
28 0
27 0
26 0
25 0
28 8
29 8
30 8
31 8
31 7
24 4
24 3
24 5
24 2
24 1
24 6
24 0
26 8
29 9
30 9
28 9
31 9
24 7
32 9
32 8
33 8
33 9
23 3
23 4
23 5
23 2
23 6
23 1
23 7
23 0
28 10
29 10
30 10
31 10
32 10
27 10
22 4
22 3
22 5
22 2
22 6
22 1
29 11
28 11
30 11
31 11
34 9
34 8
34 7
35 7
35 8
35 9
35 6
34 6
34 5
35 5
33 5
23 8
24 8
21 3
22 8
30 12
29 12
21 6
21 1
0
Yes
8 28
7 28
7 29
8 29
7 30
8 30
9 30
9 29
9 28
6 30
6 29
6 28
10 28
10 29
10 30
9 31
8 31
7 31
6 31
10 31
5 28
5 29
5 30
5 31
11 29
11 30
11 31
11 28
8 32
7 32
9 32
6 32
10 32
5 32
11 32
4 29
4 30
4 31
0
No
0
Yes
28 13
29 13
29 14
30 13
30 14
0
No
0
No
0
No
0
No
0
Yes
12 2
12 3
12 4
12 5
13 2
13 3
13 4
13 5
0
Yes
47 12
47 13
48 12
48 13
46 12
46 13
47 11
48 11
49 12
49 13
49 11
45 12
45 13
0
No
0
Yes
24 20
23 20
23 19
24 19
23 21
24 21
25 21
25 20
25 19
22 21
22 20
22 19
26 20
26 19
26 21
25 22
24 22
23 22
22 22
26 22
21 20
21 21
21 22
21 19
27 21
27 20
27 19
27 22
24 23
23 23
25 23
22 23
26 23
27 23
21 23
28 23
28 22
28 21
28 20
28 19
25 24
26 24
27 24
0
Yes
16 1
16 0
17 0
15 1
15 0
0
Yes
4 23
3 23
4 22
4 24
5 23
3 22
3 24
5 22
5 24
2 23
4 21
4 25
6 23
2 22
2 24
3 21
3 25
5 21
5 25
6 22
6 24
2 21
2 25
6 21
6 25
1 23
4 20
7 23
1 22
1 24
3 20
5 20
7 22
7 24
1 21
1 25
2 20
6 20
7 21
7 25
0 23
0 22
0 24
1 20
7 20
0 21
0 25
0 20
0
Yes
2 30
1 30
1 29
2 29
1 31
2 31
3 31
3 30
3 29
0 31
0 30
0 29
4 30
4 29
4 31
3 32
2 32
1 32
4 32
0 32
5 31
5 30
5 29
5 32
2 33
3 33
1 33
4 33
5 33
6 30
6 31
6 32
6 29
6 33
5 28
4 28
3 28
6 28
1 34
2 34
3 34
4 34
5 34
6 34
7 29
7 30
7 31
7 32
7 33
7 28
7 34
0
Yes
7 1
8 1
8 0
8 2
9 2
9 1
9 0
10 1
10 0
10 2
11 2
11 1
11 0
10 3
9 3
8 3
11 3
8 4
9 4
10 4
11 4
12 4
12 3
12 2
13 2
13 3
13 4
8 5
9 5
8 6
9 6
12 5
13 5
12 6
13 6
12 7
13 7
12 8
13 8
11 8
11 7
11 6
11 9
12 9
13 9
12 10
11 10
13 10
14 6
14 7
14 10
14 11
13 11
12 11
11 11
12 0
7 6
7 7
6 7
6 6
5 7
5 6
4 7
4 6
6 8
7 8
6 9
7 9
6 10
7 10
8 10
8 9
8 8
9 9
9 8
6 11
7 11
5 11
5 10
5 9
4 9
4 10
4 11
5 12
6 12
7 12
4 12
0
Yes
6 31
5 31
5 30
6 30
5 29
6 29
7 29
7 30
7 31
4 29
4 30
4 31
7 32
6 32
5 32
4 32
8 31
8 30
8 32
8 29
7 28
6 28
5 28
4 28
8 28
3 31
3 30
3 29
3 32
3 28
6 33
5 33
7 33
4 33
8 33
3 33
9 30
9 31
9 32
9 29
9 33
9 28
6 27
5 27
7 27
4 27
8 27
3 27
9 27
2 30
2 31
2 32
2 29
2 33
5 34
6 34
7 34
4 34
8 34
3 34
9 34
2 34
10 31
10 30
10 32
10 29
10 33
10 28
10 34
10 27
5 26
6 26
7 26
8 26
4 26
9 26
10 26
3 26
1 31
1 32
1 30
1 29
1 33
1 34
6 35
5 35
7 35
8 35
4 35
3 35
9 35
10 35
11 30
11 31
11 32
11 29
11 28
11 33
11 34
11 27
11 26
8 25
9 25
10 25
11 25
0 30
0 29
0 31
0 32
5 36
6 36
7 36
8 36
4 36
9 36
3 36
10 36
12 29
12 28
0
Yes
47 1
46 1
46 0
47 0
46 2
47 2
48 2
48 1
48 0
45 2
45 1
45 0
49 1
49 2
49 0
48 3
47 3
49 3
46 3
45 3
44 1
44 2
44 0
43 0
43 1
43 2
0
Yes
3 47
2 47
2 46
2 48
3 48
1 48
1 47
1 46
1 49
2 49
3 49
0 47
0 46
0 48
0 49
0 45
1 45
0
No
0
No
0
Yes
10 21
9 21
9 20
9 22
10 22
10 23
9 23
8 20
8 21
8 22
8 23
11 23
8 19
9 19
10 19
10 18
9 18
8 18
9 24
10 24
11 24
8 24
11 18
11 19
12 19
12 18
7 19
7 18
12 24
12 23
12 22
13 22
13 23
13 24
13 21
13 20
13 19
13 18
14 21
14 22
14 23
14 24
9 17
10 17
8 17
7 17
12 25
13 25
14 25
14 19
6 18
6 19
6 17
15 22
15 23
5 19
5 18
5 17
8 16
9 16
7 16
6 16
5 16
13 26
12 26
9 15
8 15
7 15
6 15
12 27
16 23
4 18
4 19
16 24
3 19
3 18
7 14
6 14
4 16
5 14
9 14
10 14
11 14
11 13
12 13
12 14
12 15
13 14
13 13
14 13
12 12
13 12
16 25
17 23
0
No
0
No
0
No
0
No
0
Yes
49 22
48 22
48 23
49 23
48 24
49 24
47 24
47 23
47 22
46 22
46 23
46 24
47 25
48 25
49 25
46 25
45 23
45 24
45 22
45 25
49 26
48 26
47 26
46 26
45 26
44 22
44 23
44 24
44 25
44 26
48 27
47 27
46 27
45 27
49 27
44 27
43 23
43 24
43 25
43 26
43 22
43 27
49 28
48 28
47 28
46 28
45 28
44 28
43 28
42 22
42 23
42 24
42 25
42 26
42 27
42 28
47 29
46 29
45 29
44 29
41 23
41 24
41 25
41 26
41 27
41 28
46 30
45 30
47 30
44 30
40 24
0
Yes
47 12
47 13
48 12
48 13
46 12
46 13
47 11
48 11
49 12
49 13
49 11
45 12
45 13
0
No
0
Yes
47 20
46 20
47 19
47 21
48 20
46 19
46 21
48 19
48 21
45 20
47 18
49 20
45 19
45 21
46 18
48 18
49 19
49 21
45 18
44 20
44 19
44 21
44 18
0
Yes
24 34
24 35
23 34
23 35
25 34
25 35
24 33
24 36
23 33
23 36
25 33
25 36
22 34
22 35
26 34
26 35
22 33
22 36
24 32
24 37
26 33
26 36
23 32
23 37
25 32
25 37
21 34
21 35
27 34
27 35
22 32
22 37
26 32
26 37
21 33
21 36
27 33
27 36
24 31
23 31
25 31
21 32
21 37
27 32
27 37
20 34
20 35
22 31
26 31
28 34
28 35
20 33
20 36
28 33
28 36
21 31
27 31
20 32
20 37
28 32
28 37
19 34
19 35
19 33
19 36
20 31
28 31
19 32
19 37
19 31
0
No
0
Yes
31 35
30 35
31 34
31 36
32 35
30 34
30 36
32 34
32 36
29 35
31 33
31 37
29 34
29 36
30 33
30 37
32 33
32 37
29 33
29 37
31 32
30 32
32 32
29 32
0
No
0
Yes
26 8
26 7
27 7
27 6
26 6
25 6
28 6
28 7
28 8
26 5
27 5
25 5
28 5
29 8
29 7
29 6
29 9
28 9
28 10
29 10
27 10
24 5
24 6
24 7
23 7
23 6
23 5
23 8
24 8
22 8
22 9
23 9
25 4
26 4
27 4
24 4
28 4
23 4
30 7
30 8
30 9
30 10
29 11
28 11
30 11
22 6
22 5
22 4
26 3
25 3
27 3
24 3
23 3
22 3
29 4
31 8
31 9
31 10
31 7
31 11
21 9
21 8
21 10
22 10
22 11
21 11
30 12
29 12
25 2
26 2
24 2
23 2
27 2
22 2
32 9
32 8
32 10
20 10
20 9
20 11
26 1
25 1
24 1
23 1
27 1
22 1
33 8
33 9
19 9
19 10
19 11
19 8
21 3
20 12
19 12
28 1
25 0
26 0
27 0
24 0
23 0
28 0
34 9
34 8
34 7
18 10
18 9
18 11
18 12
34 10
19 13
18 13
21 1
35 8
35 9
35 7
35 10
35 6
34 6
34 5
35 5
33 5
17 11
17 10
35 11
36 7
36 9
36 10
36 11
16 10
16 11
36 12
35 12
34 12
37 10
37 11
37 12
38 11
38 12
21 6
22 12
23 12
20 6
32 5
19 7
18 7
34 4
19 14
20 14
20 15
0
Yes
6 30
5 30
5 29
6 29
5 28
6 28
7 28
7 29
7 30
4 28
4 29
4 30
7 31
6 31
5 31
4 31
8 30
8 29
8 31
8 28
7 27
6 27
5 27
4 27
8 27
3 30
3 29
3 28
3 31
3 27
6 32
5 32
7 32
4 32
8 32
3 32
9 29
9 30
9 31
9 28
9 32
9 27
6 26
5 26
7 26
4 26
8 26
9 26
3 26
2 31
2 30
2 29
2 32
5 33
6 33
7 33
4 33
8 33
3 33
9 33
2 33
10 30
10 29
10 31
10 28
10 32
10 27
10 33
10 26
8 25
9 25
10 25
1 30
1 31
1 32
1 29
1 33
6 34
5 34
7 34
4 34
8 34
3 34
9 34
10 34
2 34
1 34
11 29
11 30
11 31
11 28
11 32
11 27
11 33
11 34
11 26
11 25
0 29
0 30
0 31
0 32
5 35
6 35
7 35
8 35
4 35
3 35
9 35
10 35
12 30
12 29
12 31
12 28
12 33
12 34
6 36
5 36
7 36
8 36
4 36
9 36
3 36
10 36
13 29
13 30
13 31
13 28
5 37
4 37
3 37
0
Yes
24 21
23 21
23 20
24 20
23 19
24 19
25 19
25 20
25 21
22 19
22 20
22 21
25 22
24 22
23 22
22 22
26 21
26 20
26 22
26 19
21 21
21 22
21 20
21 19
24 23
23 23
25 23
22 23
26 23
21 23
27 20
27 21
27 22
27 19
27 23
25 24
26 24
27 24
24 24
28 21
28 22
28 20
28 23
28 19
28 24
26 25
27 25
28 25
29 20
29 21
29 22
29 23
29 24
29 19
29 25
30 21
30 22
30 23
30 20
30 24
30 19
30 25
29 18
28 18
27 18
30 18
30 26
29 26
28 26
31 18
31 19
31 20
31 21
0
Yes
22 5
22 4
23 4
23 5
23 6
22 6
21 6
24 5
24 4
24 6
23 3
22 3
24 3
21 3
24 7
23 7
22 2
23 2
24 2
23 8
24 8
22 8
25 4
25 5
25 6
25 3
25 2
22 9
23 9
26 5
26 4
26 3
26 6
26 2
21 9
21 8
23 1
24 1
25 1
22 1
26 1
21 1
26 7
21 10
22 10
27 4
27 5
27 6
27 3
27 2
27 7
27 1
20 10
20 9
19 9
19 10
19 8
24 0
23 0
25 0
26 0
27 0
22 11
21 11
20 11
19 11
28 5
28 4
28 6
28 7
18 10
18 9
18 11
28 8
29 4
29 6
29 7
29 8
28 1
28 0
20 12
19 12
18 12
17 11
17 10
16 10
16 11
29 9
28 9
28 10
29 10
27 10
30 7
30 8
30 9
30 10
19 13
18 13
29 11
28 11
30 11
31 8
31 9
31 10
31 7
31 11
30 12
29 12
29 13
30 13
28 13
32 9
32 8
32 10
33 8
33 9
30 14
29 14
0
Yes
43 9
42 9
42 8
43 8
42 10
43 10
44 8
44 9
44 10
43 7
44 7
45 9
45 8
45 7
41 8
41 10
41 11
42 11
46 8
46 9
46 7
46 10
40 11
40 10
40 12
46 6
43 6
43 5
42 5
42 4
41 4
41 5
40 5
40 4
41 3
42 3
40 3
43 3
39 4
39 3
43 2
42 2
41 2
40 2
39 2
44 2
42 1
43 1
41 1
40 1
44 1
39 1
45 1
45 2
45 3
46 3
46 2
46 1
47 2
47 3
47 1
48 3
48 2
48 1
48 4
49 4
49 3
49 2
49 1
49 5
48 5
48 6
49 6
43 0
42 0
44 0
41 0
45 0
40 0
46 0
47 0
48 0
39 0
49 0
38 1
38 0
37 0
37 1
0
No
0
Yes
43 18
42 18
42 17
42 19
43 19
41 19
41 18
41 17
41 20
42 20
43 20
40 18
40 19
40 17
40 20
43 21
42 21
41 21
40 21
39 17
39 18
39 19
39 20
0
Yes
31 26
31 25
32 25
32 26
33 25
33 26
33 27
32 27
31 27
33 24
32 24
31 24
31 28
32 28
33 28
34 27
34 26
34 25
34 24
34 28
31 23
32 23
33 23
34 23
35 26
35 25
35 27
35 24
35 23
35 28
36 25
36 26
36 27
36 24
36 23
37 26
37 25
37 24
0
No
0
Yes
40 35
40 34
39 34
41 34
41 35
39 33
40 33
41 33
38 33
42 33
42 34
40 32
39 32
41 32
42 32
43 34
43 33
43 32
43 35
44 35
44 34
44 33
44 32
42 31
43 31
44 31
45 34
45 33
45 32
45 35
45 31
45 36
46 35
46 34
46 33
46 32
46 36
46 31
46 37
45 37
44 37
45 38
46 38
47 34
47 35
47 36
47 33
47 37
47 32
47 38
47 31
48 35
48 34
48 36
48 33
48 37
48 32
48 38
49 34
49 35
49 36
49 37
49 38
49 39
37 33
37 34
36 34
36 33
36 35
35 35
35 34
35 36
36 36
36 37
35 37
37 37
37 38
36 38
35 38
38 38
38 37
38 39
37 39
36 39
35 39
39 39
39 38
39 40
38 40
34 34
34 35
34 36
34 37
36 40
33 35
33 34
42 30
41 30
41 29
42 29
40 29
40 30
39 30
40 28
38 30
37 30
37 31
36 31
36 30
37 29
36 29
45 39
36 41
36 42
37 42
37 43
38 43
38 42
37 44
0
Yes
45 34
45 35
45 36
45 37
45 38
46 34
46 35
46 36
46 37
46 38
47 34
47 35
47 36
47 37
47 38
48 34
48 35
48 36
48 37
48 38
49 34
49 35
49 36
49 37
0
Yes
29 29
28 29
29 28
29 30
30 29
28 28
28 30
30 28
27 29
29 27
27 28
27 30
28 27
30 27
27 27
0
Yes
5 14
6 14
6 15
7 15
7 14
7 16
6 16
5 16
5 17
6 17
7 17
8 16
8 15
8 17
6 18
7 18
5 18
8 18
4 18
9 15
9 16
9 17
9 18
9 14
5 19
6 19
7 19
8 19
4 19
9 19
10 14
3 19
3 18
10 17
10 18
10 19
8 20
9 20
11 18
11 19
9 21
8 21
8 22
9 22
10 21
10 22
12 19
12 18
13 18
13 19
9 23
8 23
10 23
13 20
14 19
8 24
9 24
10 24
11 23
11 24
12 24
12 23
12 22
13 22
13 23
13 21
13 24
14 21
14 22
14 23
14 24
15 22
15 23
12 25
13 25
14 25
16 23
13 26
12 26
12 27
16 24
4 16
2 19
11 14
11 13
12 13
12 14
12 15
12 12
13 14
13 13
13 12
14 13
1 19
17 23
16 25
18 23
0
No
0
Yes
38 45
37 45
37 44
37 46
36 46
36 45
35 45
35 46
35 47
34 46
34 47
33 47
33 46
33 48
32 48
32 47
32 49
33 49
31 47
31 48
31 49
30 48
30 47
30 49
30 46
29 49
29 48
37 43
38 43
38 42
37 42
36 42
36 41
36 40
36 39
37 39
35 39
37 38
36 38
35 38
38 38
38 39
38 40
39 40
39 39
39 38
38 37
37 37
36 37
35 37
34 37
36 36
35 36
34 36
35 35
36 35
34 35
33 35
36 34
35 34
34 34
33 34
37 34
37 33
36 33
38 33
28 49
27 49
39 33
39 34
40 34
40 33
40 35
41 35
41 34
41 33
42 34
42 33
43 33
43 34
43 35
44 35
44 34
44 33
39 32
40 32
41 32
42 32
43 32
44 32
45 33
45 32
42 31
43 31
44 31
45 31
46 32
46 33
46 31
47 33
47 32
47 31
48 32
48 33
26 49
26 48
26 47
25 47
26 46
26 45
42 30
41 30
41 29
42 29
40 29
40 30
39 30
40 28
38 30
37 30
37 31
36 31
36 30
37 29
36 29
0
No
0
Yes
23 17
23 16
24 16
24 17
25 17
24 15
25 18
25 19
24 19
24 20
25 20
23 20
23 19
22 19
22 20
21 20
21 19
26 19
26 20
23 21
22 21
24 21
25 21
21 21
26 21
27 20
27 19
27 21
27 18
22 22
23 22
24 22
25 22
26 22
21 22
27 22
28 18
28 19
28 20
28 21
28 22
28 17
27 17
27 16
28 16
26 16
28 15
20 22
23 23
22 23
24 23
21 23
25 23
26 23
27 23
28 23
29 17
29 16
29 18
29 19
29 20
29 21
29 22
29 15
29 23
24 24
25 24
26 24
27 24
28 24
29 24
30 18
30 17
30 19
30 20
30 21
30 22
30 23
30 24
21 24
31 19
31 18
31 20
31 21
26 25
27 25
28 25
29 25
30 25
32 18
32 19
32 17
33 19
33 18
28 26
29 26
30 26
33 20
34 18
34 19
35 19
35 18
0
No
0
Yes
48 36
47 36
48 35
48 37
49 36
47 35
47 37
49 35
49 37
46 36
48 34
46 35
46 37
47 34
49 34
46 34
0
No
0
Yes
38 45
37 45
37 44
37 46
36 46
36 45
35 45
35 46
35 47
34 46
34 47
33 47
33 46
33 48
32 48
32 47
32 49
33 49
31 47
31 48
31 49
30 48
30 47
30 49
30 46
29 49
29 48
37 43
38 43
38 42
37 42
36 42
36 41
36 40
36 39
37 39
35 39
37 38
36 38
35 38
38 38
38 39
38 40
39 40
39 39
39 38
38 37
37 37
36 37
35 37
34 37
36 36
35 36
34 36
35 35
36 35
34 35
33 35
36 34
35 34
34 34
33 34
37 34
37 33
36 33
38 33
28 49
27 49
39 33
39 34
40 34
40 33
40 35
41 35
41 34
41 33
42 34
42 33
43 33
43 34
43 35
44 35
44 34
44 33
39 32
40 32
41 32
42 32
43 32
44 32
45 34
45 33
45 35
45 32
45 36
46 33
46 32
42 31
43 31
44 31
45 31
46 31
47 32
47 33
47 31
48 33
48 32
45 37
44 37
45 38
46 38
45 39
47 38
48 38
26 49
26 48
26 47
25 47
26 46
26 45
49 38
49 39
49 40
48 40
0
Yes
21 24
21 23
22 23
22 22
21 22
22 21
21 21
23 21
23 22
23 23
23 20
22 20
21 20
24 23
24 22
24 21
24 20
21 19
22 19
23 19
24 19
25 22
25 21
25 20
25 23
25 19
26 23
26 22
26 21
26 20
26 19
26 24
25 24
24 24
27 24
27 23
27 22
27 21
27 20
27 19
28 23
28 22
28 21
28 20
28 24
28 19
29 24
29 23
29 22
29 21
29 20
29 19
28 25
29 25
27 25
26 25
29 18
28 18
27 18
30 25
30 24
30 23
30 22
30 21
30 20
30 19
30 18
27 17
28 17
29 17
30 17
31 21
31 20
31 19
31 18
0
Yes
0 26
0 25
1 25
1 24
0 24
1 23
0 23
2 23
2 24
2 25
2 22
1 22
0 22
3 25
3 24
3 23
3 22
0 21
1 21
2 21
3 21
4 24
4 23
4 22
4 25
4 21
1 20
2 20
3 20
4 20
0 20
5 25
5 24
5 23
5 22
5 21
5 20
2 19
3 19
4 19
5 19
1 19
6 24
6 23
6 22
6 21
6 20
6 25
6 19
3 18
4 18
5 18
6 18
7 25
7 24
7 23
7 22
7 21
7 20
7 19
7 18
5 17
6 17
7 17
8 24
8 23
8 22
8 21
8 20
8 19
8 18
8 17
6 16
7 16
8 16
5 16
9 23
9 22
9 21
9 20
9 19
9 18
9 17
9 24
9 16
7 15
6 15
8 15
9 15
10 24
10 23
10 22
10 21
10 19
10 18
10 17
0
No
0
No
0
Yes
33 35
33 34
34 34
34 35
34 36
35 35
35 34
35 36
35 37
34 37
36 34
36 35
36 36
36 37
36 33
36 38
35 38
35 39
36 39
37 33
37 34
37 37
37 38
37 39
36 40
38 38
38 37
38 39
38 40
39 39
39 38
39 40
38 33
39 33
39 34
39 32
40 34
40 33
40 32
40 35
41 35
41 34
41 33
41 32
42 34
42 33
42 32
42 31
43 33
43 32
43 34
43 31
43 35
44 35
44 34
44 33
44 32
44 31
45 34
45 33
45 32
45 35
45 31
45 36
46 33
46 32
46 31
47 32
47 33
47 31
48 33
48 32
36 41
36 42
37 42
37 43
38 43
38 42
37 44
42 30
41 30
41 29
42 29
40 29
40 30
39 30
40 28
38 30
37 30
37 31
36 31
36 30
36 29
37 29
37 45
36 45
38 45
36 46
37 46
35 46
35 45
35 47
34 47
34 46
33 46
33 47
32 47
33 48
32 48
31 48
31 47
30 47
30 48
30 46
29 48
32 49
31 49
30 49
33 49
29 49
0
Yes
49 19
48 19
48 18
48 20
49 20
47 20
47 19
47 18
47 21
48 21
49 21
46 19
46 20
46 18
46 21
0
No
0
Yes
2 42
2 43
3 42
3 43
1 42
1 43
2 41
2 44
3 41
3 44
4 42
4 43
1 41
1 44
4 41
4 44
0 42
0 43
2 40
3 40
0 41
0 44
1 40
4 40
0 40
0
No
0
Yes
47 11
47 12
46 12
48 12
48 11
49 11
49 12
46 13
47 13
48 13
49 13
49 10
45 13
45 12
45 14
46 14
46 15
47 15
44 14
47 16
46 16
48 16
45 16
46 17
47 17
45 17
45 18
44 18
44 19
45 19
43 19
43 18
42 18
42 19
42 17
41 17
41 18
41 19
45 20
44 20
43 20
42 20
41 20
40 18
40 19
40 17
40 20
39 17
39 18
39 19
39 20
39 16
38 16
38 17
38 18
38 19
38 20
38 15
44 21
43 21
42 21
41 21
40 21
39 21
45 21
38 21
37 17
37 16
37 18
37 19
36 19
39 22
38 22
37 21
37 22
38 23
37 23
36 22
36 21
35 21
35 22
35 20
35 19
35 18
34 18
34 19
33 19
33 18
32 18
32 19
0
No
0
Yes
31 34
31 35
30 34
30 35
32 34
32 35
31 33
31 36
30 33
30 36
32 33
32 36
29 34
29 35
29 33
29 36
31 32
31 37
30 32
30 37
32 32
32 37
29 32
29 37
31 31
0
Yes
46 34
46 35
47 35
47 34
48 35
48 34
48 36
47 36
46 36
46 37
47 37
48 37
49 36
49 37
49 35
49 34
47 38
0
No
0
No
0
Yes
45 3
45 2
44 2
46 2
46 3
47 3
47 2
44 1
45 1
46 1
47 1
43 1
43 2
43 3
42 3
42 2
42 1
45 0
44 0
46 0
43 0
47 0
42 0
42 4
48 2
48 1
48 3
48 0
48 4
49 3
49 2
49 1
49 4
49 0
41 2
41 3
41 1
41 4
41 0
41 5
42 5
43 5
43 6
49 5
48 5
48 6
49 6
40 3
40 2
40 4
40 1
40 5
40 0
39 2
39 3
39 4
39 1
39 0
38 1
38 0
37 0
37 1
43 7
44 7
44 8
43 8
45 8
45 7
46 7
46 8
46 6
42 8
45 9
44 9
43 9
46 9
42 9
44 10
43 10
42 10
46 10
0
No
0
Yes
17 34
17 35
18 35
18 34
18 36
17 36
18 37
17 37
0
No
0
No
0
No
0
Yes
48 22
47 22
48 21
48 23
49 22
47 21
47 23
49 21
49 23
46 22
48 20
48 24
46 21
46 23
47 20
47 24
49 20
49 24
46 20
46 24
48 19
48 25
47 19
47 25
49 19
49 25
46 19
46 25
48 18
47 18
46 18
0
Yes
31 36
30 36
31 35
31 37
32 36
30 35
30 37
32 35
32 37
29 36
31 34
29 35
29 37
30 34
30 38
32 34
29 34
29 38
31 33
30 33
32 33
29 33
0
No
0
No
0
Yes
49 28
48 28
48 27
49 27
48 26
49 26
47 26
47 27
47 28
46 28
46 27
46 26
47 25
48 25
49 25
46 25
45 27
45 26
45 28
45 25
49 24
48 24
47 24
46 24
45 24
44 28
44 27
44 26
44 25
44 24
45 29
46 29
47 29
44 29
48 23
47 23
46 23
45 23
49 23
44 23
43 27
43 26
43 25
43 28
43 24
43 23
47 30
46 30
45 30
44 30
49 22
48 22
47 22
46 22
45 22
44 22
43 22
0
No
0
Yes
9 47
9 48
8 48
10 48
10 47
10 49
9 49
8 49
11 49
11 48
11 47
12 48
12 47
12 46
11 46
10 46
13 46
13 47
13 48
10 45
11 45
12 45
13 45
14 45
14 46
14 47
11 44
12 44
10 44
15 47
15 46
15 45
10 43
11 43
0
No
0
Yes
20 38
20 39
20 40
21 38
21 39
21 40
22 38
22 39
22 40
23 38
23 39
0
No
0
Yes
48 36
48 37
47 36
47 37
49 36
49 37
48 35
48 38
47 35
47 38
49 35
49 38
46 36
46 37
46 35
46 38
48 34
47 34
49 34
46 34
0
Yes
2 43
3 43
2 42
2 44
3 42
3 44
1 43
4 43
1 42
1 44
4 42
4 44
2 41
2 45
3 41
3 45
0 43
1 41
4 41
4 45
0 42
0 44
2 40
3 40
0 41
1 40
4 40
0 40
0
Yes
7 31
6 31
7 30
7 32
8 31
6 30
6 32
8 30
8 32
5 31
7 29
7 33
9 31
5 30
5 32
6 29
6 33
8 29
8 33
9 30
9 32
5 29
5 33
9 29
9 33
4 31
7 28
7 34
10 31
4 30
4 32
6 28
6 34
8 28
8 34
10 30
10 32
4 29
4 33
5 28
5 34
9 28
9 34
10 29
10 33
3 31
7 27
7 35
3 30
3 32
6 27
6 35
8 27
8 35
4 28
4 34
10 28
10 34
3 29
3 33
5 27
5 35
9 27
9 35
3 28
3 34
4 27
4 35
7 26
10 27
10 35
6 26
8 26
5 26
9 26
3 27
3 35
4 26
10 26
3 26
0
No
0
No
0
No
0
No
0
Yes
14 36
13 36
13 35
13 37
13 34
12 34
12 33
13 33
11 33
11 34
11 32
11 31
12 31
12 30
11 30
13 30
13 31
13 29
12 29
11 29
14 29
12 28
13 28
11 28
11 27
12 27
12 26
11 26
13 26
13 25
12 25
11 25
14 25
10 25
14 24
13 24
12 24
11 24
13 23
12 23
14 23
11 23
15 23
14 22
13 22
12 22
15 22
13 21
14 21
15 29
15 28
16 28
16 29
16 30
17 29
17 28
18 28
18 29
18 30
19 30
19 29
19 28
20 29
20 30
20 28
17 27
18 27
18 26
16 31
9 25
8 25
16 23
16 24
16 25
0
No
0
No
0
No
0
Yes
7 31
6 31
7 30
7 32
8 31
6 30
6 32
8 30
8 32
5 31
7 29
7 33
9 31
5 30
5 32
6 29
6 33
8 29
8 33
9 30
9 32
5 29
5 33
9 29
9 33
4 31
7 28
7 34
10 31
4 30
4 32
6 28
6 34
8 28
8 34
10 30
10 32
4 29
4 33
5 28
5 34
9 28
9 34
10 29
10 33
3 31
7 27
7 35
3 30
3 32
6 27
6 35
8 27
8 35
4 28
4 34
10 28
10 34
3 29
3 33
5 27
5 35
9 27
9 35
3 28
3 34
4 27
4 35
7 26
10 27
10 35
6 26
8 26
5 26
9 26
3 27
3 35
4 26
10 26
0
Yes
27 49
26 49
26 48
28 49
29 49
29 48
30 48
30 49
30 47
31 49
31 48
31 47
32 48
32 49
32 47
33 49
33 48
33 47
33 46
34 47
34 46
35 46
35 47
35 45
36 45
36 46
37 46
37 45
37 44
38 45
26 47
25 47
26 46
26 45
30 46
37 43
38 43
38 42
37 42
36 42
36 41
36 40
36 39
35 39
35 38
36 38
37 39
37 38
36 37
35 37
37 37
34 37
34 36
35 36
36 36
38 38
38 39
38 37
38 40
39 40
39 39
39 38
35 35
34 35
36 35
33 35
33 34
34 34
35 34
36 34
37 34
36 33
37 33
38 33
0
No
0
Yes
6 38
5 38
5 37
5 39
4 39
4 38
4 37
3 38
3 37
3 39
2 39
2 38
2 37
3 36
4 36
5 36
2 36
3 40
4 40
2 40
5 40
0
Yes
4 22
4 23
3 22
3 23
5 22
5 23
4 21
4 24
3 21
3 24
5 21
5 24
2 22
2 23
6 22
6 23
2 21
2 24
4 20
4 25
6 21
6 24
3 20
3 25
5 20
5 25
1 22
1 23
7 22
7 23
2 20
2 25
6 20
6 25
1 21
1 24
7 21
7 24
4 19
3 19
5 19
1 20
1 25
7 20
7 25
0 22
0 23
2 19
6 19
0 21
0 24
1 19
7 19
0 20
0 25
0
Yes
28 31
27 31
27 32
28 32
27 33
28 33
26 33
26 32
26 31
25 31
25 32
25 33
26 34
27 34
28 34
25 34
24 32
24 33
24 31
24 34
28 35
27 35
26 35
25 35
24 35
23 31
23 32
23 33
23 34
23 35
24 30
25 30
26 30
23 30
27 36
26 36
25 36
24 36
28 36
23 36
22 32
22 33
22 34
22 31
22 35
22 36
28 37
27 37
26 37
25 37
24 37
23 37
22 37
21 31
21 32
21 33
21 34
21 35
21 36
21 37
20 32
20 33
20 34
20 35
20 36
20 31
20 37
19 31
19 32
19 33
19 34
19 35
19 36
19 37
18 34
18 35
18 36
0
No
0
No
0
No
0
Yes
1 40
0 40
0 41
1 41
0 42
1 42
0 43
1 43
2 43
2 42
2 41
2 44
1 44
0 44
3 41
3 42
3 43
3 44
1 45
2 45
0 45
3 45
4 42
4 43
4 44
4 41
0
Yes
46 24
45 24
45 23
46 23
45 25
46 25
47 23
47 24
47 25
46 22
45 22
47 22
46 26
45 26
47 26
48 24
48 23
48 25
48 22
48 26
44 23
44 24
44 25
44 22
44 26
43 24
43 23
43 25
43 22
43 26
45 27
46 27
47 27
44 27
48 27
43 27
47 21
46 21
48 21
49 23
49 24
49 25
49 22
49 26
49 21
49 27
46 20
47 20
48 20
49 20
46 28
45 28
47 28
44 28
48 28
43 28
49 28
42 23
42 24
42 25
42 26
42 27
42 22
42 28
41 24
41 23
41 25
41 26
41 27
41 28
45 29
46 29
47 29
44 29
47 19
48 19
46 19
49 19
46 18
47 18
48 18
46 30
45 30
47 30
44 30
40 25
40 24
42 29
41 29
45 31
46 31
47 31
44 31
40 28
40 29
43 31
41 30
42 30
42 31
40 30
46 32
45 32
44 32
43 32
47 32
42 32
48 32
45 33
46 33
47 33
44 33
43 33
48 33
42 33
39 30
41 32
41 33
44 34
45 34
43 34
42 34
41 34
40 33
40 32
40 34
39 32
39 33
39 34
45 35
44 35
43 35
41 35
40 35
0
No
0
Yes
41 0
40 0
40 1
41 1
42 1
42 0
41 2
40 2
42 2
43 0
43 1
43 2
39 1
39 0
39 2
38 0
38 1
40 3
41 3
42 3
39 3
43 3
44 1
44 2
44 0
41 4
40 4
42 4
39 4
45 0
45 1
45 2
37 1
37 0
36 0
45 3
40 5
41 5
42 5
46 1
46 2
46 0
46 3
43 5
47 0
47 1
47 2
47 3
43 6
48 1
48 2
48 0
48 3
49 0
49 1
49 2
49 3
48 4
49 4
49 5
48 5
48 6
49 6
35 0
34 0
34 1
33 1
33 0
0
Yes
12 34
11 34
11 33
12 33
13 33
13 34
13 35
11 32
13 36
14 36
11 31
12 31
12 30
11 30
13 30
13 31
11 29
12 29
13 29
14 29
12 28
13 28
11 28
11 27
12 27
12 26
11 26
13 26
11 25
12 25
13 25
10 25
14 25
12 24
11 24
13 24
10 24
14 24
9 24
9 25
8 25
8 24
11 23
12 23
13 23
10 23
9 23
14 23
8 23
15 23
12 22
13 22
14 22
15 22
10 22
9 22
8 22
13 21
14 21
9 21
10 21
8 21
8 20
9 20
9 19
8 19
10 19
10 18
9 18
8 18
11 18
11 19
12 19
12 18
13 18
13 19
13 20
14 19
7 18
9 17
10 17
8 17
7 17
6 17
6 18
5 18
5 17
8 16
9 16
7 16
6 16
5 16
9 15
8 15
7 15
6 15
4 16
7 14
6 14
5 14
13 37
15 29
15 28
16 28
16 29
16 30
17 29
17 28
18 28
18 29
18 30
19 30
19 29
19 28
17 27
18 27
20 29
20 30
20 28
18 26
16 31
16 23
16 24
16 25
17 23
18 23
18 24
18 22
19 22
20 22
4 18
3 18
9 14
0
No
0
No
0
Yes
1 32
1 33
2 32
2 33
0 32
1 31
1 34
2 31
2 34
0 31
1 30
2 30
0 30
0
No
0
No
0
No
0
Yes
46 34
46 35
47 35
47 34
48 35
48 34
48 36
47 36
46 36
46 37
47 37
48 37
49 36
49 37
49 35
49 34
47 38
48 38
46 38
49 38
45 38
45 37
45 36
0
No
0
Yes
0 49
0 48
1 48
1 49
2 48
2 49
2 47
1 47
0 47
0 46
1 46
2 46
3 47
3 48
0
Yes
27 43
27 42
28 42
28 43
29 42
29 43
29 44
28 44
27 44
29 41
28 41
27 41
30 42
30 41
0
Yes
10 31
9 31
9 30
10 30
9 32
10 32
10 29
9 29
10 33
9 33
8 30
8 31
8 32
8 29
8 33
7 31
7 30
7 32
7 29
7 33
9 28
8 28
10 28
7 28
9 34
8 34
10 34
7 34
10 27
9 27
8 27
7 27
10 35
9 35
8 35
7 35
6 30
6 31
6 32
6 29
6 33
6 28
6 34
6 27
6 35
5 31
5 30
5 32
5 29
5 33
5 28
5 34
5 27
5 35
9 26
8 26
7 26
6 26
10 26
5 26
9 36
8 36
7 36
6 36
10 36
5 36
11 36
10 37
4 30
4 31
4 32
4 29
4 33
4 28
4 34
4 27
4 35
4 26
4 36
8 37
3 31
3 30
3 32
3 29
3 33
3 28
3 34
3 27
3 35
3 26
3 36
5 37
4 37
3 37
2 29
4 38
5 38
3 38
6 38
2 26
2 36
2 37
2 38
5 39
4 39
3 39
2 39
0
No
0
Yes
24 16
24 17
23 16
23 17
24 15
0
No
0
No
0
No
0
Yes
32 37
31 37
31 36
32 36
31 35
32 35
30 35
30 36
30 37
29 37
29 36
29 35
30 34
31 34
32 34
29 34
28 36
28 35
28 37
28 34
32 33
31 33
30 33
29 33
28 33
27 37
27 36
27 35
27 34
27 33
28 38
29 38
30 38
27 38
31 32
30 32
29 32
28 32
27 32
32 32
26 36
26 35
26 34
26 37
26 33
26 32
28 31
27 31
26 31
25 37
25 36
25 35
25 34
25 33
25 32
25 31
24 36
24 35
24 34
24 33
24 32
24 37
24 31
23 37
23 36
23 35
23 34
23 33
23 32
23 31
24 30
25 30
26 30
23 30
22 36
22 35
22 34
22 33
22 32
22 31
22 37
0
No
0
No
0
Yes
2 44
1 44
1 43
2 43
1 42
2 42
3 42
3 43
3 44
0 42
0 43
0 44
3 45
2 45
1 45
0 45
4 44
4 43
4 42
4 45
3 41
2 41
1 41
0 41
4 41
5 43
5 44
5 42
2 40
1 40
3 40
0 40
0
Yes
12 28
11 28
11 27
12 27
11 26
12 26
10 26
10 27
10 28
10 29
11 29
12 29
9 28
9 27
9 29
9 26
10 25
11 25
12 25
9 25
12 30
11 30
10 30
9 30
8 27
8 28
8 29
8 26
8 30
8 25
12 24
11 24
10 24
9 24
8 24
11 31
10 31
9 31
12 31
8 31
13 30
13 29
13 28
13 31
7 28
7 29
7 27
7 26
7 30
7 31
11 23
10 23
9 23
12 23
8 23
13 24
13 25
13 23
13 26
10 32
9 32
11 32
8 32
7 32
6 27
6 28
6 29
6 30
6 31
6 26
6 32
10 22
9 22
8 22
14 23
14 24
14 25
11 33
10 33
9 33
8 33
7 33
6 33
5 28
5 29
5 30
5 31
5 27
5 32
5 26
5 33
9 21
8 21
10 21
14 22
13 22
12 22
10 34
9 34
8 34
7 34
6 34
11 34
5 34
4 27
4 28
4 29
4 30
4 31
4 32
4 33
4 26
4 34
9 35
8 35
7 35
6 35
10 35
5 35
4 35
3 28
3 29
3 30
3 31
3 32
3 33
3 27
3 34
3 35
3 26
10 36
9 36
8 36
7 36
6 36
5 36
4 36
0
Yes
0 49
0 48
1 48
1 49
2 48
2 49
2 47
1 47
0 47
0 46
1 46
2 46
3 47
0
No
0
Yes
4 9
4 10
5 10
5 9
6 10
6 9
6 11
5 11
4 11
4 12
5 12
6 12
7 11
7 10
7 9
0
Yes
41 23
41 24
40 24
42 24
42 23
42 25
41 25
40 25
43 25
43 24
43 23
44 23
44 24
44 25
43 26
42 26
41 26
44 26
45 24
45 25
45 23
45 26
44 22
45 22
43 22
42 22
41 27
42 27
43 27
44 27
45 27
46 23
46 24
46 25
46 26
46 22
46 27
42 28
43 28
44 28
45 28
41 28
46 28
47 22
47 23
47 24
47 25
47 26
47 27
47 28
44 29
45 29
46 29
47 29
48 23
48 24
48 25
48 26
48 27
48 28
48 22
45 30
46 30
44 30
47 30
49 22
49 23
49 24
49 25
49 26
49 27
49 28
48 21
47 21
46 21
49 21
44 31
45 31
46 31
47 31
46 20
47 20
48 20
49 20
0
Yes
0 4
0 5
0 6
0 7
1 4
1 5
1 6
1 7
2 4
2 5
0
Yes
15 7
14 7
14 6
13 6
13 7
13 8
13 5
12 7
12 6
12 8
12 5
12 9
13 9
13 10
12 10
14 10
11 6
11 7
11 8
11 9
11 10
14 11
13 11
12 11
11 11
12 4
13 4
13 3
12 3
11 4
11 3
13 12
12 12
12 2
13 2
11 2
10 3
10 4
10 2
9 4
9 3
9 2
9 5
12 13
13 13
14 13
11 1
10 1
9 1
11 13
8 5
8 4
8 3
8 2
8 1
8 6
9 6
13 14
12 14
11 14
7 6
7 7
12 15
10 0
9 0
11 0
8 0
12 0
10 14
6 7
6 6
6 8
7 8
8 8
8 9
9 9
9 8
7 1
5 6
5 7
5 5
4 7
4 6
4 5
4 4
5 4
6 4
5 3
4 3
3 5
13 0
8 10
9 14
9 15
8 15
8 16
9 16
9 17
8 17
10 17
7 16
7 15
7 17
7 14
6 14
6 15
6 16
6 17
10 18
9 18
8 18
7 18
6 18
11 18
11 19
10 19
9 19
8 19
12 19
12 18
13 18
13 19
14 19
13 20
5 16
5 17
5 18
0
Yes
42 29
41 29
41 30
42 30
42 31
40 30
40 29
40 28
43 31
43 32
42 32
41 32
44 32
42 33
43 33
41 33
44 33
40 33
40 32
39 32
39 33
45 33
45 32
46 32
46 33
41 34
42 34
43 34
40 34
44 34
45 34
39 34
38 33
43 35
44 35
45 35
40 35
41 35
47 33
47 32
48 32
48 33
39 30
38 30
37 30
37 29
37 31
36 29
36 30
36 31
37 33
37 34
36 34
36 33
36 35
35 35
35 34
34 34
34 35
35 36
36 36
34 36
36 37
35 37
34 37
37 37
37 38
36 38
35 38
38 38
38 37
38 39
37 39
36 39
35 39
39 39
39 38
33 35
33 34
0
No
0
Yes
2 29
1 29
1 28
0 29
0 28
0
Yes
37 1
37 0
36 0
38 0
38 1
39 1
39 0
39 2
40 0
40 1
40 2
40 3
39 3
39 4
40 4
41 1
41 2
41 3
41 0
41 4
40 5
41 5
42 0
42 1
42 2
42 3
42 4
42 5
43 1
43 2
43 3
43 0
44 0
44 1
44 2
43 5
43 6
45 1
45 0
45 2
45 3
46 0
46 1
46 2
46 3
47 1
47 2
47 0
47 3
48 0
48 1
48 2
48 3
48 4
49 1
49 2
49 3
49 0
49 4
49 5
48 5
48 6
49 6
35 0
34 0
34 1
33 1
33 0
33 2
32 0
32 1
33 3
43 7
44 7
44 8
43 8
42 8
42 9
43 9
44 9
45 8
45 7
45 9
43 10
44 10
42 10
41 10
41 11
42 11
40 11
40 10
46 7
46 8
46 9
0
Yes
27 27
27 28
28 28
28 27
29 28
29 27
29 29
28 29
27 29
27 30
28 30
29 30
30 29
30 28
30 27
30 26
29 26
28 26
31 27
31 28
31 26
31 29
32 26
32 27
32 28
33 27
33 26
33 28
34 28
34 27
34 26
33 25
32 25
31 25
34 25
31 24
32 24
33 24
34 24
35 25
35 26
35 27
35 24
35 28
32 23
33 23
34 23
35 23
31 23
36 27
36 26
36 25
36 24
36 23
37 26
37 25
0
Yes
38 24
37 24
37 25
36 25
36 24
35 25
35 24
35 26
36 26
37 26
34 26
34 25
34 24
37 27
36 27
35 27
34 27
33 24
33 25
33 26
33 27
34 23
33 23
35 23
36 23
35 28
34 28
33 28
32 25
32 26
32 24
32 27
32 23
32 28
31 24
31 25
31 26
31 27
31 28
31 23
30 26
30 27
30 28
0
No
0
No
0
No
0
No
0
No
0
No
0
Yes
45 25
46 25
45 24
45 26
46 24
46 26
44 25
47 25
44 24
44 26
47 24
47 26
45 23
45 27
46 23
46 27
43 25
44 23
44 27
47 23
47 27
48 25
43 24
43 26
48 24
48 26
45 22
46 22
43 23
43 27
48 23
48 27
44 22
47 22
42 25
49 25
42 24
42 26
49 24
49 26
43 22
48 22
42 23
42 27
49 23
49 27
41 25
41 24
41 26
42 22
49 22
41 23
0
Yes
41 8
42 8
42 9
43 9
43 8
43 7
43 10
42 10
41 10
41 11
42 11
44 8
44 9
44 7
44 10
40 11
40 10
40 12
45 7
45 8
45 9
46 8
46 7
46 9
46 6
46 10
43 6
39 11
43 5
42 5
42 4
41 4
41 5
40 5
40 4
39 4
41 3
40 3
42 3
39 3
43 3
40 2
41 2
42 2
39 2
43 2
44 2
41 1
40 1
42 1
43 1
39 1
44 1
38 1
40 0
41 0
42 0
39 0
43 0
38 0
44 0
45 1
45 2
45 0
45 3
46 3
46 2
46 1
46 0
47 2
47 1
47 3
47 0
48 3
48 2
48 1
48 0
48 4
37 0
37 1
49 4
49 3
49 2
49 1
49 0
49 5
48 5
48 6
49 6
38 11
38 12
37 12
37 11
37 10
36 10
36 11
36 12
36 9
35 9
35 10
35 11
35 12
35 8
34 8
34 9
34 10
34 7
35 7
36 7
35 6
34 6
34 5
35 5
34 12
33 5
34 4
36 0
32 5
0
No
0
No
0
No
0
Yes
31 35
30 35
30 34
31 34
30 33
31 33
32 33
32 34
32 35
29 33
29 34
29 35
32 36
31 36
30 36
29 36
32 32
31 32
30 32
29 32
28 35
28 34
28 33
28 36
28 32
31 37
30 37
29 37
28 37
32 37
27 34
27 35
27 36
27 33
27 37
27 32
30 38
29 38
28 38
27 38
26 35
26 34
26 36
26 33
26 37
26 32
25 34
25 35
25 36
25 33
25 37
25 32
26 31
27 31
28 31
25 31
24 35
24 34
24 33
24 36
24 32
24 37
24 31
28 30
27 30
26 30
25 30
24 30
23 34
23 35
23 33
23 32
23 36
23 31
23 37
23 30
22 35
22 34
22 33
22 36
22 32
22 31
22 37
22 38
23 38
24 38
21 34
21 35
21 36
21 33
21 37
21 32
21 38
21 31
24 39
23 39
22 39
21 39
20 35
20 34
20 36
20 33
20 37
20 32
20 38
20 31
20 39
22 40
21 40
20 40
19 34
19 35
19 36
19 33
19 37
19 32
19 38
0
No
0
Yes
4 39
3 39
4 38
4 40
5 39
3 38
3 40
5 38
5 40
2 39
4 37
2 38
2 40
3 37
5 37
2 37
0
Yes
31 31
31 32
30 32
32 32
32 33
31 33
30 33
31 34
30 34
32 34
32 35
31 35
30 35
29 34
29 33
29 32
29 35
31 36
30 36
32 36
29 36
28 32
28 33
28 34
28 35
28 36
30 37
29 37
28 37
31 37
32 37
27 33
27 34
27 35
27 36
27 32
27 37
29 38
30 38
28 38
27 38
26 32
26 33
26 34
26 35
26 36
26 37
26 31
27 31
28 31
28 30
27 30
26 30
25 31
25 32
25 33
25 34
25 35
25 36
25 30
25 37
24 30
24 31
24 32
24 33
24 34
24 35
24 36
24 37
23 31
23 32
23 33
23 34
23 35
23 36
23 37
23 30
22 32
22 33
22 34
22 35
22 31
22 36
22 37
22 38
23 38
24 38
21 31
21 32
21 33
21 34
21 35
21 36
21 37
21 38
0
No
0
Yes
48 32
47 32
47 31
47 33
48 33
46 33
46 32
46 31
46 34
47 34
48 34
45 32
45 33
45 31
45 34
48 35
47 35
46 35
45 35
45 30
46 30
47 30
44 31
44 32
44 33
44 34
44 30
44 35
47 36
46 36
45 36
48 36
47 29
46 29
45 29
44 29
43 32
43 33
43 31
43 34
43 35
48 37
47 37
46 37
45 37
49 36
49 37
49 35
49 34
42 31
42 32
42 33
42 34
49 38
48 38
47 38
46 38
45 38
41 32
41 33
41 34
40 33
40 32
40 34
39 34
39 33
39 32
41 35
40 35
0
Yes
23 0
23 1
22 1
24 1
24 0
24 2
23 2
22 2
25 2
25 1
25 0
23 3
24 3
22 3
25 3
26 0
26 1
26 2
26 3
22 4
23 4
24 4
25 4
26 4
27 1
27 2
27 3
27 0
27 4
23 5
24 5
25 5
26 5
22 5
0
Yes
28 27
28 28
29 27
29 28
27 27
27 28
28 26
29 26
0
Yes
46 0
46 1
46 2
46 3
47 0
47 1
47 2
47 3
48 0
48 1
48 2
48 3
49 0
49 1
49 2
49 3
0
Yes
21 35
20 35
20 34
21 34
20 33
21 33
22 33
22 34
22 35
19 33
19 34
19 35
22 36
21 36
20 36
19 36
23 35
23 34
23 36
23 33
22 32
21 32
20 32
19 32
23 32
18 34
18 35
18 36
21 37
20 37
22 37
19 37
23 37
18 37
24 34
24 35
24 36
24 33
24 37
24 32
21 31
22 31
20 31
23 31
19 31
24 31
17 35
17 36
17 37
17 34
20 38
21 38
22 38
19 38
23 38
18 38
24 38
17 38
25 35
25 34
25 33
25 36
25 37
25 32
0
No
0
Yes
31 31
31 32
30 32
32 32
32 33
31 33
30 33
31 34
30 34
32 34
32 35
31 35
30 35
29 34
29 33
29 32
29 35
31 36
30 36
32 36
29 36
28 32
28 33
28 34
28 35
28 36
30 37
29 37
28 37
31 37
32 37
27 33
27 34
27 35
27 36
27 32
27 37
29 38
30 38
28 38
27 38
26 32
26 33
26 34
26 35
26 36
26 37
0
No
0
No
0
Yes
30 9
30 10
29 9
29 10
31 9
31 10
30 8
30 11
29 8
29 11
31 8
31 11
28 9
28 10
28 8
28 11
30 7
29 7
31 7
28 7
0
No
0
Yes
30 35
31 35
30 34
30 36
31 34
31 36
29 35
32 35
29 34
29 36
32 34
32 36
30 33
30 37
31 33
31 37
28 35
29 33
29 37
32 33
32 37
28 34
28 36
30 32
31 32
28 33
28 37
29 32
32 32
28 32
0
Yes
49 13
48 13
48 12
49 12
49 11
48 11
47 12
47 13
47 11
46 13
46 12
46 14
45 12
45 13
45 14
44 14
49 10
46 15
47 15
47 16
46 16
48 16
45 16
46 17
47 17
45 17
47 18
46 18
45 18
48 18
48 19
47 19
46 19
45 19
49 19
49 20
48 20
47 20
46 20
45 20
44 18
44 19
44 20
48 21
47 21
46 21
45 21
49 21
44 21
43 19
43 20
43 18
43 21
42 18
42 19
42 20
42 21
42 17
41 17
41 18
41 19
41 20
41 21
40 18
40 19
40 20
40 17
40 21
39 17
39 18
39 19
39 20
39 21
39 16
38 16
38 17
38 18
38 19
38 20
38 21
38 15
37 17
37 16
37 18
37 19
39 22
38 22
36 19
37 21
37 22
38 23
37 23
36 22
36 21
36 23
35 21
35 22
35 23
35 20
35 19
35 18
34 18
34 19
37 24
36 24
38 24
35 24
33 19
33 18
33 20
36 25
37 25
35 25
37 26
36 26
35 26
38 26
32 18
32 19
32 17
38 27
37 27
36 27
35 27
39 27
34 23
34 24
34 25
34 26
34 27
33 24
33 25
33 26
33 23
33 27
33 22
32 23
32 24
32 25
32 26
32 27
35 28
34 28
33 28
32 28
0
Yes
30 46
30 47
31 47
31 48
30 48
29 48
32 48
32 47
30 49
31 49
29 49
32 49
33 47
33 48
33 49
33 46
28 49
34 46
34 47
35 47
35 46
35 45
36 46
36 45
37 45
37 46
37 44
27 49
26 49
26 48
26 47
25 47
26 46
26 45
37 43
38 43
38 42
37 42
36 42
36 41
38 45
36 40
36 39
35 39
35 38
36 38
37 39
37 38
36 37
35 37
37 37
34 37
34 36
35 36
36 36
38 38
38 39
38 37
38 40
39 40
39 39
39 38
35 35
34 35
36 35
33 35
33 34
34 34
35 34
36 34
37 34
36 33
37 33
38 33
0
No
0
Yes
4 20
3 20
3 19
4 19
3 18
4 18
3 21
4 21
5 21
5 20
5 19
2 21
2 20
2 19
5 22
4 22
3 22
2 22
6 20
6 21
6 19
6 22
1 20
1 21
1 22
1 19
4 23
3 23
5 23
2 23
6 23
1 23
7 19
7 20
7 21
7 22
7 23
0 21
0 22
0 23
0 20
3 24
4 24
5 24
2 24
6 24
1 24
7 24
0 24
8 20
8 21
8 22
8 23
8 24
4 25
3 25
5 25
2 25
6 25
1 25
7 25
8 25
0 25
9 21
9 22
9 23
9 24
9 25
9 20
3 26
4 26
5 26
6 26
7 26
8 26
9 26
2 26
10 22
10 23
10 24
10 25
10 26
10 21
4 27
5 27
6 27
7 27
8 27
3 27
9 27
10 27
11 23
11 24
11 25
11 26
11 27
3 28
4 28
5 28
6 28
0
Yes
24 16
24 17
23 16
23 17
24 15
0
No
0
Yes
49 34
48 34
48 33
48 35
49 35
47 35
47 34
47 33
47 36
48 36
49 36
46 34
46 35
46 33
46 36
49 37
48 37
47 37
46 37
46 32
47 32
48 32
45 33
45 34
45 35
45 36
45 32
45 37
48 38
47 38
46 38
49 38
0
No
0
No
0
Yes
5 29
4 29
4 30
5 30
4 31
5 31
6 31
6 30
6 29
3 31
3 30
3 29
7 29
7 30
7 31
6 32
5 32
4 32
3 32
7 32
2 29
2 30
2 31
2 32
8 30
8 31
8 29
8 32
5 33
4 33
6 33
3 33
7 33
2 33
8 33
1 30
1 31
1 32
1 29
1 33
9 33
4 34
5 34
6 34
3 34
7 34
8 34
9 34
2 34
1 34
5 35
6 35
7 35
4 35
3 35
8 35
9 35
10 35
10 34
10 33
10 32
9 32
9 31
9 30
10 31
10 30
9 29
10 29
4 36
5 36
6 36
7 36
8 36
9 36
3 36
10 36
0
No
0
Yes
1 19
1 20
0 20
2 20
2 19
2 21
1 21
0 21
3 21
3 20
3 19
1 22
2 22
0 22
3 22
4 19
4 20
4 21
4 22
0 23
1 23
2 23
3 23
4 23
5 20
5 21
5 22
5 19
5 23
1 24
2 24
3 24
4 24
0 24
5 24
6 19
6 20
6 21
6 22
6 23
6 24
0 25
1 25
2 25
3 25
4 25
5 25
6 25
7 20
7 21
7 22
7 23
7 24
7 25
7 19
2 26
3 26
4 26
5 26
6 26
7 26
8 21
8 22
8 23
8 24
8 20
8 25
8 26
3 27
4 27
5 27
6 27
7 27
8 27
9 20
9 21
9 22
9 23
9 24
9 25
9 26
9 27
4 28
5 28
6 28
7 28
8 28
0
Yes
38 30
37 30
37 29
37 31
36 31
36 30
36 29
39 30
40 30
40 29
41 29
41 30
42 29
42 30
42 28
41 28
40 28
42 31
43 31
43 32
42 32
43 33
42 33
44 33
44 32
44 31
45 31
45 32
45 33
44 34
43 34
42 34
45 34
41 34
41 33
41 32
40 32
40 33
40 34
39 33
39 32
39 34
46 34
46 33
46 32
46 31
46 30
45 30
44 30
44 29
45 29
46 29
45 28
46 28
44 28
43 28
45 35
46 35
44 35
43 35
47 35
47 34
47 33
47 32
47 31
47 30
47 29
47 28
47 36
46 36
45 36
48 36
48 35
48 34
48 33
48 32
45 37
46 37
47 37
48 37
49 37
49 36
49 35
49 34
46 38
47 38
48 38
49 38
45 38
41 35
40 35
41 27
44 37
0
Yes
46 0
46 1
46 2
46 3
47 0
47 1
47 2
47 3
48 0
48 1
48 2
48 3
49 0
49 1
49 2
49 3
0
Yes
21 19
21 20
21 21
21 22
21 23
22 19
22 20
22 21
22 22
22 23
23 19
23 20
23 21
23 22
23 23
24 19
24 20
24 21
24 22
24 23
25 19
25 20
25 21
25 22
25 23
26 19
26 20
26 21
26 22
26 23
0
Yes
45 0
44 0
44 1
45 1
45 2
44 2
43 1
43 0
43 2
42 0
42 1
42 2
43 3
42 3
41 1
41 2
41 0
41 3
40 0
40 1
40 2
40 3
42 4
41 4
40 4
39 1
39 2
39 3
39 0
39 4
41 5
40 5
42 5
43 5
43 6
38 0
38 1
37 1
37 0
36 0
45 3
43 7
44 7
44 8
43 8
45 8
45 7
46 7
46 8
46 6
42 8
45 9
44 9
43 9
46 9
42 9
44 10
43 10
42 10
46 10
41 10
42 11
41 11
40 11
40 10
40 12
41 8
35 0
34 0
34 1
33 1
33 0
33 2
32 0
32 1
33 3
39 11
38 11
38 12
37 12
37 11
37 10
36 10
36 11
36 12
36 9
35 9
35 10
35 11
35 12
35 8
34 8
34 9
34 10
34 7
35 7
36 7
35 6
34 6
34 5
35 5
34 4
33 5
33 9
33 8
32 8
32 9
34 12
32 10
31 9
31 8
31 10
31 7
30 7
30 8
30 9
30 10
31 11
30 11
29 8
29 9
29 10
29 7
29 11
29 6
28 6
28 7
28 8
28 9
28 10
28 11
28 5
27 5
27 6
27 7
30 12
29 12
26 6
26 7
27 10
26 8
0
No
0
No
0
Yes
25 22
24 22
24 21
25 21
24 20
25 20
26 20
26 21
26 22
23 20
23 21
23 22
26 23
25 23
24 23
23 23
27 22
27 21
27 23
27 20
26 19
25 19
24 19
23 19
27 19
22 22
22 21
22 20
22 23
22 19
25 24
26 24
27 24
24 24
28 21
28 22
28 23
28 20
28 24
28 19
21 21
21 22
21 20
21 23
21 19
26 25
27 25
28 25
0
No
0
No
0
No
0
Yes
2 48
2 49
1 48
1 49
3 48
3 49
2 47
1 47
3 47
0 48
0 49
0 47
0
Yes
48 4
48 5
48 6
49 4
49 5
49 6
0
Yes
3 28
3 27
4 27
4 28
5 27
5 28
5 26
4 26
3 26
3 25
4 25
5 25
6 26
6 27
6 28
6 25
4 24
5 24
3 24
6 24
7 28
7 27
7 26
7 25
7 24
3 23
4 23
5 23
6 23
7 23
2 24
2 25
2 23
2 26
8 27
8 26
8 25
8 24
8 28
8 23
4 22
5 22
6 22
3 22
7 22
2 22
8 22
1 23
1 24
1 25
1 22
9 28
9 27
9 26
9 25
9 24
9 23
9 22
3 21
4 21
5 21
6 21
7 21
2 21
8 21
1 21
9 21
0 25
0 24
0 23
0 22
0 21
10 27
10 26
10 25
10 24
10 23
10 28
10 22
10 21
2 20
3 20
4 20
5 20
6 20
7 20
1 20
8 20
9 20
0 20
11 28
11 27
11 26
11 25
11 24
11 23
3 19
4 19
5 19
2 19
1 19
6 19
7 19
12 27
12 26
12 25
0
Yes
24 32
23 32
23 31
24 31
23 30
24 30
25 30
25 31
25 32
25 33
24 33
23 33
26 32
26 31
26 33
26 30
24 34
25 34
23 34
26 34
22 33
22 32
22 31
22 34
27 31
27 32
27 33
27 30
27 34
23 35
24 35
25 35
26 35
22 35
27 35
21 32
21 33
21 34
21 31
21 35
24 36
23 36
25 36
22 36
26 36
21 36
27 36
20 31
20 32
20 33
20 34
20 35
20 36
23 37
24 37
25 37
22 37
26 37
21 37
20 37
27 37
19 32
19 33
19 34
19 35
19 36
19 31
0
No
0
Yes
13 48
12 48
12 47
13 47
12 46
13 46
11 46
11 47
11 48
10 48
10 47
10 46
11 45
12 45
13 45
10 45
14 45
14 46
14 47
10 44
11 44
12 44
15 47
15 46
15 45
12 43
11 43
10 43
16 46
16 47
16 45
11 42
12 42
10 42
17 45
17 46
17 47
10 41
11 41
12 41
0
Yes
3 18
3 19
2 19
4 19
4 18
4 20
3 20
2 20
3 21
2 21
4 21
4 22
3 22
2 22
1 21
1 20
1 22
1 19
5 21
5 20
5 19
5 22
3 23
2 23
4 23
1 23
5 23
0 22
0 23
0 21
0 20
6 19
6 20
6 21
6 22
6 23
2 24
3 24
4 24
1 24
5 24
0 24
6 24
7 20
7 21
7 22
7 23
7 24
7 19
3 25
2 25
4 25
5 25
1 25
6 25
7 25
0 25
8 21
8 22
8 23
8 20
8 24
8 25
4 26
5 26
6 26
3 26
7 26
8 26
2 26
9 20
9 21
9 22
9 23
9 24
9 25
9 26
3 27
4 27
5 27
6 27
7 27
8 27
9 27
10 21
10 22
10 23
10 24
10 25
10 26
10 27
4 28
5 28
6 28
7 28
8 28
9 28
10 28
3 28
0
No
0
No
0
No
0
No
0
Yes
2 44
1 44
2 43
2 45
3 44
1 43
1 45
3 43
3 45
0 44
2 42
2 46
0 43
0 45
1 42
1 46
3 42
0 42
0 46
2 41
1 41
3 41
0 41
0
Yes
48 2
47 2
48 1
48 3
49 2
47 1
47 3
49 1
49 3
46 2
48 0
46 1
46 3
47 0
49 0
0
Yes
11 27
11 26
12 26
12 27
12 28
11 28
11 29
12 29
12 25
11 25
13 28
13 29
13 25
13 26
11 24
12 24
13 24
12 30
11 30
13 30
14 29
11 31
12 31
13 31
12 23
11 23
13 23
14 24
14 25
14 23
13 22
12 22
14 22
15 23
15 22
14 21
13 21
15 29
15 28
16 28
16 29
16 30
17 29
17 28
17 27
18 27
18 28
18 29
18 26
18 30
19 28
19 29
19 30
20 29
20 28
20 30
11 32
11 33
12 33
12 34
11 34
13 34
13 33
0
No
0
Yes
14 39
14 40
13 39
13 40
0
Yes
30 46
30 47
31 47
31 48
30 48
29 48
32 48
32 47
30 49
31 49
29 49
32 49
33 47
33 48
33 49
33 46
28 49
34 46
34 47
35 47
35 46
35 45
36 46
36 45
37 45
37 46
37 44
27 49
26 49
26 48
26 47
25 47
26 46
26 45
37 43
38 43
38 42
37 42
36 42
36 41
38 45
36 40
36 39
35 39
35 38
36 38
37 39
37 38
36 37
35 37
37 37
34 37
34 36
35 36
36 36
38 38
38 39
38 37
38 40
39 40
39 39
39 38
35 35
34 35
36 35
33 35
33 34
34 34
35 34
36 34
37 34
36 33
37 33
0
No
0
No
0
Yes
30 14
29 14
29 13
30 13
29 15
28 13
28 15
28 16
29 16
29 17
28 17
30 17
27 16
27 17
30 18
29 18
28 18
27 18
31 18
29 19
30 19
31 19
30 20
29 20
31 20
29 21
30 21
31 21
30 22
29 22
29 23
30 23
31 23
30 24
29 24
31 24
29 25
30 25
31 25
30 26
29 26
31 26
28 26
29 27
30 27
31 27
28 27
27 27
30 28
29 28
28 28
31 28
27 28
29 29
30 29
28 29
31 29
27 29
28 30
29 30
0
No
0
Yes
3 5
2 5
2 4
1 4
1 5
1 6
0 5
0 4
0 6
0 7
1 7
4 5
4 4
4 6
5 4
5 5
5 6
5 3
4 3
5 7
4 7
6 6
6 7
6 8
7 7
7 6
7 8
8 6
8 5
8 8
9 5
9 6
9 4
8 4
8 3
9 3
8 9
9 2
8 2
8 1
9 1
7 1
10 4
10 3
10 2
10 1
9 9
9 8
9 0
8 0
10 0
11 3
11 2
11 1
11 4
11 0
12 4
12 3
12 2
12 5
13 5
13 4
13 3
13 2
13 6
12 6
11 6
11 7
12 7
13 7
12 8
11 8
13 8
11 9
12 9
13 9
12 0
12 10
11 10
13 10
11 11
12 11
13 11
14 6
14 7
12 12
13 12
14 10
14 11
15 7
13 13
12 13
11 13
11 14
12 14
13 14
10 14
12 15
14 13
0
No
0
Yes
47 38
46 38
46 37
47 37
46 36
47 36
48 36
48 37
48 38
45 36
45 37
45 38
49 38
49 37
49 36
48 35
47 35
46 35
45 35
49 35
47 34
46 34
48 34
45 34
49 34
46 33
47 33
48 33
45 33
47 32
46 32
45 32
48 32
44 33
44 34
44 35
44 32
46 31
47 31
45 31
44 31
43 35
43 34
43 33
43 32
43 31
45 30
46 30
44 30
47 30
42 34
42 33
42 32
42 31
47 29
46 29
45 29
44 29
41 33
41 32
41 34
46 28
45 28
47 28
44 28
0
Yes
13 5
12 5
12 4
13 4
12 3
13 3
12 2
13 2
11 2
11 3
11 4
10 4
10 3
10 2
9 3
9 4
9 2
8 2
8 3
8 4
9 1
10 1
11 1
8 1
11 0
10 0
9 0
8 0
12 6
13 6
12 7
13 7
12 8
13 8
11 8
11 7
11 6
9 5
8 5
0
Yes
8 6
8 5
9 5
9 6
9 4
8 4
9 3
8 3
9 2
8 2
10 2
10 3
10 4
10 1
9 1
8 1
11 4
11 3
11 2
11 1
11 0
10 0
9 0
8 0
12 3
12 2
12 4
13 4
13 3
13 2
12 5
13 5
12 6
13 6
12 7
13 7
12 8
13 8
11 8
11 7
11 6
14 6
14 7
7 1
0
Yes
37 30
37 31
38 30
36 30
36 31
37 29
36 29
0
Yes
7 24
7 25
6 24
6 25
8 24
8 25
7 23
7 26
6 23
6 26
8 23
8 26
5 24
5 25
9 24
9 25
5 23
5 26
7 22
7 27
9 23
9 26
6 22
6 27
8 22
8 27
4 24
4 25
10 24
10 25
5 22
5 27
9 22
9 27
4 23
4 26
10 23
10 26
7 21
7 28
6 21
6 28
8 21
8 28
4 22
4 27
10 22
10 27
3 24
3 25
5 21
5 28
9 21
9 28
3 23
3 26
7 20
4 21
4 28
6 20
8 20
10 21
10 28
3 22
3 27
5 20
9 20
3 21
3 28
4 20
3 20
0
Yes
30 34
30 35
31 34
31 35
29 34
29 35
30 33
30 36
31 33
31 36
32 34
32 35
29 33
29 36
32 33
32 36
28 34
28 35
30 32
31 32
28 33
28 36
29 32
32 32
28 32
0
No
0
Yes
11 24
11 23
12 23
12 24
12 25
11 25
11 26
12 26
13 24
13 25
13 23
13 26
12 22
13 22
12 27
11 27
14 23
14 24
14 25
14 22
13 21
14 21
11 28
12 28
13 28
15 22
15 23
12 29
11 29
13 29
16 23
16 24
14 29
11 30
12 30
13 30
12 31
11 31
13 31
11 32
13 20
16 25
13 19
12 19
14 19
12 18
13 18
11 18
11 19
10 19
10 18
9 18
9 19
8 19
8 18
10 17
9 17
8 17
7 18
7 19
7 17
6 19
6 18
6 17
9 16
8 16
7 16
6 16
5 18
5 17
5 19
5 16
4 19
4 18
8 15
7 15
6 15
9 15
3 18
3 19
9 14
10 14
2 19
2 20
4 16
1 20
1 19
1 21
2 21
2 22
1 22
1 23
2 23
2 24
1 24
1 25
2 25
2 26
7 14
6 14
0 24
0 23
0 22
0 21
0 20
0 25
0 26
5 14
17 23
15 29
15 28
16 28
16 29
16 30
17 29
17 28
17 27
18 27
18 28
18 29
18 26
19 28
19 29
18 30
19 30
20 29
20 28
20 30
18 23
0
Yes
49 1
48 1
48 0
49 0
48 2
49 2
47 2
47 1
47 0
47 3
48 3
49 3
46 1
46 2
46 0
46 3
48 4
0
No
0
No
0
No
0
No
0
Yes
3 24
2 24
2 23
3 23
2 22
3 22
4 22
4 23
4 24
1 22
1 23
1 24
4 25
3 25
2 25
1 25
5 24
5 23
5 25
5 22
4 21
3 21
2 21
1 21
5 21
0 24
0 23
0 22
0 21
0 25
3 26
4 26
5 26
2 26
6 23
6 24
6 25
6 22
6 26
6 21
3 20
2 20
4 20
1 20
5 20
6 20
0 20
4 27
3 27
5 27
6 27
7 24
7 23
7 25
7 22
7 26
7 21
7 27
7 20
2 19
3 19
4 19
5 19
6 19
7 19
1 19
5 28
6 28
7 28
4 28
3 28
8 23
8 24
8 25
8 22
8 26
8 21
8 27
8 20
8 28
8 19
3 18
4 18
5 18
6 18
7 18
8 18
9 24
9 23
9 25
9 22
9 26
9 21
9 20
9 27
9 19
9 28
0
Yes
45 22
44 22
44 23
45 23
46 23
46 22
45 24
44 24
46 24
47 22
47 23
47 24
43 23
43 22
43 24
42 22
42 23
42 24
44 25
45 25
46 25
43 25
47 25
42 25
48 23
48 24
48 22
48 25
45 26
44 26
46 26
43 26
47 26
42 26
48 26
49 22
49 23
49 24
49 25
49 26
41 23
41 24
41 25
41 26
44 27
45 27
46 27
43 27
47 27
42 27
48 27
41 27
49 27
40 24
40 25
43 28
42 28
41 28
48 28
49 28
42 29
41 29
40 28
40 29
41 30
42 30
0
Yes
23 0
23 1
22 1
24 1
24 0
24 2
23 2
22 2
25 2
25 1
25 0
23 3
24 3
22 3
25 3
26 0
26 1
26 2
26 3
22 4
23 4
24 4
25 4
26 4
27 1
27 2
27 3
27 0
27 4
23 5
24 5
25 5
22 5
26 5
0
Yes
29 33
28 33
28 32
29 32
28 34
29 34
30 34
30 33
30 32
31 33
31 32
31 34
30 35
29 35
28 35
31 35
32 34
32 35
32 33
32 32
29 36
30 36
31 36
28 36
32 36
28 37
29 37
30 37
31 37
32 37
29 38
30 38
28 38
33 34
33 35
34 34
34 35
35 34
35 35
36 34
36 35
0
Yes
6 4
5 4
5 3
5 5
4 3
4 4
4 5
4 6
5 6
6 6
6 7
5 7
4 7
3 5
7 7
7 6
8 6
8 5
9 5
9 6
9 4
8 4
8 3
9 3
9 2
8 2
8 1
9 1
7 1
10 4
10 3
10 2
10 1
7 8
6 8
8 8
6 9
7 9
8 9
9 0
8 0
10 0
5 9
11 3
11 2
11 1
11 4
11 0
9 9
9 8
12 4
12 3
12 2
5 10
6 10
7 10
8 10
12 5
4 10
4 9
6 11
5 11
7 11
4 11
13 3
13 4
13 5
13 2
12 0
13 6
12 6
11 6
11 7
12 7
13 7
12 8
11 8
13 8
11 9
12 9
13 9
5 12
6 12
7 12
4 12
14 6
14 7
12 10
11 10
13 10
11 11
12 11
13 11
15 7
12 12
13 12
14 10
14 11
13 13
12 13
11 13
11 14
12 14
13 14
10 14
14 13
12 15
2 5
2 4
1 4
1 5
1 6
0 5
0 4
0 6
0 7
1 7
2 3
0 8
13 0
9 14
0
No
0
Yes
18 30
18 29
17 29
19 29
19 30
19 28
18 28
17 28
20 28
20 29
20 30
18 27
17 27
0
Yes
49 34
48 34
48 33
48 35
49 35
49 36
48 36
47 33
47 34
47 35
47 36
47 32
48 32
46 34
46 33
46 35
46 32
46 36
48 37
47 37
49 37
46 37
49 38
48 38
47 38
46 38
45 33
45 34
45 35
45 36
45 37
45 32
45 38
46 31
47 31
45 31
47 30
46 30
45 30
44 34
44 33
44 35
44 32
44 31
44 30
44 37
46 29
45 29
47 29
44 29
43 33
43 34
43 32
43 31
43 35
47 28
46 28
45 28
44 28
45 39
42 34
42 33
42 32
42 31
41 33
41 32
41 34
41 35
40 34
40 33
40 35
40 32
39 33
39 34
39 32
49 39
49 40
48 40
48 41
49 41
47 41
49 42
48 42
47 42
46 42
47 43
46 43
0
Yes
39 0
38 0
38 1
39 1
40 1
40 0
41 1
41 0
41 2
40 2
39 2
42 2
42 1
42 0
39 3
40 3
41 3
42 3
43 0
43 1
43 2
43 3
40 4
41 4
42 4
39 4
44 1
44 2
44 0
41 5
42 5
40 5
0
Yes
38 39
39 39
38 38
38 40
39 38
39 40
37 39
37 38
38 37
37 37
0
Yes
47 2
48 2
47 1
47 3
48 1
48 3
46 2
49 2
46 1
46 3
49 1
49 3
47 0
48 0
45 2
46 0
49 0
45 1
45 3
45 0
0
Yes
19 9
18 9
18 10
19 10
20 10
20 9
19 11
18 11
20 11
21 9
21 10
21 11
17 10
17 11
21 8
18 12
19 12
20 12
22 8
22 9
22 10
22 11
16 11
16 10
19 13
18 13
23 9
23 8
22 12
23 7
23 12
24 8
24 7
24 6
23 6
22 6
22 5
23 5
24 5
23 4
22 4
24 4
22 3
23 3
24 3
21 3
25 6
25 5
25 4
25 3
23 2
22 2
24 2
25 2
26 5
26 4
26 3
26 6
26 2
26 7
27 7
27 6
27 5
27 4
27 3
27 2
22 1
23 1
24 1
25 1
26 1
27 1
21 1
28 6
28 5
28 4
28 7
28 8
23 0
24 0
25 0
26 0
27 0
29 8
29 7
29 6
29 9
28 9
28 10
29 10
27 10
29 11
28 11
30 9
30 8
30 10
30 7
30 11
29 4
30 12
29 12
0
No
0
Yes
13 31
12 31
12 30
13 30
13 29
12 29
11 30
11 31
11 29
11 32
14 29
12 28
13 28
11 28
10 28
11 27
12 27
10 27
12 26
11 26
10 26
13 26
13 25
12 25
11 25
10 25
14 25
12 24
13 24
11 24
14 24
10 24
13 23
12 23
11 23
14 23
10 23
15 23
12 22
13 22
14 22
15 22
10 22
13 21
14 21
11 33
12 33
12 34
11 34
13 34
13 33
0
No
0
Yes
45 39
45 38
46 38
46 37
45 37
44 37
47 37
47 38
45 36
46 36
47 36
48 38
48 37
48 36
46 35
47 35
45 35
48 35
44 35
49 37
49 36
49 38
49 35
49 39
45 34
46 34
47 34
48 34
44 34
49 34
43 34
43 35
44 33
45 33
46 33
47 33
48 33
43 33
42 33
42 34
41 34
41 33
41 35
40 35
40 34
40 33
45 32
44 32
46 32
43 32
47 32
42 32
41 32
48 32
40 32
39 34
39 33
39 32
44 31
45 31
46 31
43 31
47 31
42 31
45 30
44 30
46 30
47 30
38 33
44 29
45 29
46 29
47 29
45 28
46 28
44 28
47 28
49 40
48 40
48 41
49 41
47 41
47 42
48 42
49 42
0
No
0
No
0
Yes
46 25
45 25
46 24
46 26
47 25
45 24
45 26
47 24
47 26
44 25
46 23
46 27
48 25
44 24
44 26
45 23
45 27
47 23
47 27
48 24
48 26
44 23
44 27
48 23
48 27
43 25
46 22
49 25
43 24
43 26
45 22
47 22
49 24
49 26
43 23
43 27
44 22
48 22
49 23
49 27
42 25
42 24
42 26
43 22
49 22
42 23
42 27
42 22
0
Yes
44 7
43 7
43 8
44 8
43 9
44 9
45 9
45 8
45 7
46 7
46 8
46 9
43 10
44 10
42 10
42 9
42 8
0
No
0
No
0
Yes
28 7
27 7
27 6
28 6
27 5
28 5
26 5
26 6
26 7
26 4
27 4
28 4
25 4
25 5
25 6
24 6
24 5
24 4
25 3
26 3
27 3
24 3
23 5
23 4
23 6
23 3
27 2
26 2
25 2
24 2
23 2
22 6
22 5
22 4
22 3
22 2
26 1
25 1
24 1
23 1
27 1
22 1
27 0
26 0
25 0
24 0
23 0
29 6
29 7
24 7
23 7
24 8
23 8
28 1
28 0
29 8
28 8
29 9
28 9
30 9
30 8
30 7
30 10
29 10
28 10
31 7
31 8
31 9
31 10
28 11
29 11
30 11
31 11
32 8
32 9
32 10
29 12
22 8
23 9
26 8
29 4
21 3
21 1
0
Yes
28 22
27 22
27 21
28 21
27 20
28 20
26 20
26 21
26 22
26 23
27 23
28 23
25 22
25 21
25 23
25 20
26 19
25 19
27 19
28 19
28 24
27 24
26 24
25 24
24 21
24 22
24 23
24 20
24 19
0
Yes
10 48
10 49
9 48
9 49
11 48
11 49
10 47
9 47
11 47
8 48
8 49
0
Yes
4 45
3 45
3 44
4 44
3 43
4 43
2 43
2 44
2 45
1 45
1 44
1 43
2 42
3 42
4 42
1 42
0 44
0 43
0 45
0 42
5 42
5 43
5 44
4 41
3 41
2 41
1 41
0 41
0 46
1 46
2 46
6 44
6 43
6 42
1 40
0 40
0
No
0
No
0
Yes
23 23
22 23
22 22
23 22
22 21
23 21
24 21
24 22
24 23
21 21
21 22
21 23
25 23
25 22
25 21
24 20
23 20
22 20
21 20
25 20
26 22
26 21
26 23
26 20
23 19
24 19
25 19
26 19
22 19
21 19
27 23
27 22
27 21
27 20
27 19
26 24
25 24
27 24
24 24
28 22
28 21
28 23
28 20
28 24
28 19
29 23
29 22
29 21
29 20
29 24
29 19
28 25
29 25
27 25
26 25
29 18
28 18
27 18
30 25
30 24
30 23
30 22
30 21
30 20
30 19
30 18
27 17
28 17
29 17
30 17
31 23
31 24
31 25
0
No
0
No
0
No
0
No
0
No
0
No
0
Yes
19 29
19 30
20 29
20 30
18 29
18 30
19 28
20 28
18 28
0
Yes
45 46
46 46
46 45
46 47
47 45
47 46
47 47
47 48
48 46
48 47
46 44
45 44
45 43
46 43
47 43
46 42
47 42
48 42
47 41
48 41
49 41
49 42
48 40
49 40
49 39
47 49
46 49
48 49
45 49
44 49
43 49
43 48
42 48
42 49
42 47
41 47
41 48
41 49
41 46
42 46
40 46
40 45
41 45
41 44
40 48
40 49
39 49
39 48
49 46
41 43
42 43
49 49
39 46
49 38
48 38
48 37
49 37
47 37
47 38
46 38
46 37
45 37
45 38
45 39
45 36
46 36
47 36
48 36
49 36
46 35
47 35
48 35
45 35
49 35
44 35
45 34
46 34
47 34
48 34
44 34
49 34
43 34
43 35
44 33
45 33
46 33
47 33
48 33
43 33
42 33
42 34
41 34
41 33
41 35
40 35
40 34
40 33
39 34
39 33
45 32
44 32
46 32
43 32
47 32
42 32
41 32
40 32
48 32
39 32
38 33
44 31
45 31
46 31
43 31
47 31
42 31
45 30
44 30
46 30
47 30
42 30
41 30
44 29
45 29
46 29
47 29
41 29
42 29
40 29
40 30
39 30
45 28
46 28
44 28
47 28
43 28
42 28
41 28
40 28
48 28
0
No
0
No
0
No
0
Yes
44 37
45 37
45 36
45 38
46 38
46 37
46 36
47 37
47 36
47 38
48 38
48 37
48 36
47 35
46 35
45 35
48 35
49 37
49 36
49 35
49 38
45 34
46 34
47 34
48 34
49 34
46 33
47 33
48 33
45 33
44 33
44 34
44 35
43 35
43 34
43 33
44 32
45 32
46 32
47 32
43 32
48 32
42 34
42 33
42 32
43 31
44 31
45 31
46 31
47 31
42 31
41 33
41 32
41 34
44 30
45 30
46 30
47 30
40 34
40 33
40 32
45 29
46 29
44 29
47 29
39 33
39 34
39 32
44 28
45 28
46 28
47 28
41 35
40 35
49 39
42 30
41 30
41 29
42 29
41 28
42 28
43 28
40 28
40 29
40 30
45 39
0
Yes
14 13
13 13
13 12
13 14
12 12
12 13
12 14
12 11
13 11
14 11
12 15
11 13
11 14
14 10
13 10
12 10
11 11
11 10
10 14
13 9
12 9
11 9
12 8
13 8
11 8
13 7
12 7
11 7
14 7
14 6
13 6
12 6
11 6
13 5
12 5
12 4
13 4
11 4
13 3
12 3
11 3
10 3
10 4
9 4
9 3
9 5
8 5
8 4
8 3
8 6
9 6
7 6
7 7
6 7
6 6
6 8
7 8
8 8
8 9
7 9
6 9
9 9
9 8
7 10
8 10
6 10
6 11
7 11
7 12
6 12
5 12
5 11
5 10
5 9
4 11
4 10
4 12
4 9
12 2
11 2
10 2
9 2
13 2
8 2
5 6
5 7
4 7
4 6
5 5
4 5
11 1
10 1
9 1
8 1
4 4
5 4
6 4
5 3
4 3
3 5
10 0
9 0
11 0
8 0
12 0
7 1
9 14
9 15
8 15
8 16
9 16
9 17
8 17
10 17
10 18
9 18
11 18
11 19
10 19
12 19
12 18
13 18
13 19
14 19
13 20
7 16
7 15
7 17
7 14
6 14
6 15
6 16
6 17
5 16
5 17
15 7
5 14
4 16
13 0
2 5
2 4
1 4
1 5
1 6
0 6
0 5
0 4
0
No
0
No
0
Yes
46 2
47 2
46 1
46 3
47 1
47 3
45 2
45 1
45 3
46 0
47 0
45 0
0
Yes
22 48
22 49
23 48
23 49
24 48
24 49
0
Yes
30 38
29 38
29 37
30 37
29 36
30 36
28 36
28 37
28 38
28 35
29 35
30 35
30 34
29 34
28 34
31 35
31 36
31 37
31 34
29 33
30 33
31 33
28 33
32 37
32 36
32 35
32 34
32 33
30 32
29 32
28 32
31 32
32 32
33 35
33 34
34 35
34 34
35 35
35 34
36 35
36 34
36 36
35 36
34 36
34 37
35 37
36 37
35 38
36 38
35 39
36 39
37 39
37 38
37 37
38 38
38 39
38 37
36 33
37 34
37 33
38 40
39 40
39 39
39 38
27 38
31 31
28 31
0
Yes
16 1
16 0
17 0
15 1
15 0
0
No
0
No
0
No
0
Yes
18 30
18 29
17 29
19 29
19 30
19 28
18 28
17 28
20 28
20 29
20 30
18 27
17 27
0
No
0
No
0
Yes
2 48
1 48
2 47
2 49
3 48
1 47
1 49
3 47
3 49
0 48
2 46
0 47
0 49
1 46
0 46
0
No
0
Yes
48 13
49 13
48 12
49 12
47 13
47 12
48 11
49 11
47 11
0
Yes
31 48
31 49
32 48
32 49
30 48
30 49
31 47
32 47
33 48
33 49
30 47
33 47
29 48
29 49
0
Yes
30 42
29 42
29 41
30 41
29 43
28 43
28 42
28 41
27 42
27 43
27 41
27 44
28 44
29 44
0
Yes
1 40
0 40
0 41
1 41
0 42
1 42
0 43
1 43
2 43
2 42
2 41
2 44
1 44
0 44
3 41
3 42
3 43
3 44
1 45
2 45
3 45
0 45
4 42
4 43
4 44
4 41
4 45
0
No
0
Yes
46 36
45 36
45 35
46 35
45 34
46 34
47 34
47 35
47 36
47 37
46 37
45 37
48 36
48 35
48 37
48 34
47 33
46 33
45 33
48 33
46 38
47 38
48 38
45 38
49 35
49 36
49 37
49 38
49 34
46 32
47 32
45 32
48 32
44 33
44 34
44 35
44 32
45 31
46 31
47 31
44 31
43 35
43 34
43 33
43 32
43 31
46 30
45 30
44 30
47 30
42 34
42 33
42 32
42 31
45 29
46 29
47 29
44 29
41 33
41 32
41 34
46 28
45 28
47 28
44 28
40 34
40 33
40 32
39 33
39 34
39 32
41 35
40 35
44 37
45 39
49 39
0
No
0
No
0
Yes
6 26
5 26
5 25
6 25
5 24
6 24
7 24
7 25
7 26
4 24
4 25
4 26
7 27
6 27
5 27
4 27
8 26
8 25
8 27
8 24
7 23
6 23
5 23
4 23
8 23
3 26
3 25
3 24
3 27
3 23
6 28
5 28
7 28
8 28
4 28
3 28
9 25
9 26
9 27
9 24
9 28
9 23
6 22
5 22
7 22
4 22
8 22
3 22
9 22
2 25
2 24
2 23
2 22
2 26
10 26
10 25
10 24
10 27
10 23
10 28
10 22
5 21
6 21
7 21
4 21
8 21
3 21
9 21
2 21
10 21
1 24
1 23
1 25
1 22
1 21
11 25
11 26
11 27
11 24
11 23
11 28
6 20
5 20
7 20
4 20
3 20
8 20
9 20
2 20
1 20
0 25
0 24
0 23
0 22
0 21
0 20
12 26
12 25
12 27
12 24
12 28
12 23
5 19
6 19
7 19
4 19
3 19
8 19
9 19
2 19
1 19
6 18
5 18
7 18
8 18
9 18
4 18
3 18
7 17
6 17
5 17
8 17
9 17
10 17
10 18
10 19
0
Yes
12 30
13 30
12 29
12 31
13 29
13 31
11 30
11 29
11 31
13 28
0
Yes
47 30
46 30
46 29
47 29
46 28
47 28
45 28
45 29
45 30
45 31
46 31
47 31
44 30
44 29
44 31
44 28
47 32
46 32
45 32
44 32
46 33
45 33
47 33
44 33
47 34
46 34
45 34
44 34
43 33
43 32
43 31
43 34
46 35
45 35
47 35
44 35
43 35
48 34
48 35
48 33
48 32
42 31
42 32
42 33
42 34
47 36
46 36
45 36
48 36
41 32
41 33
41 34
46 37
47 37
48 37
45 37
49 36
49 37
49 35
49 34
40 33
40 32
40 34
47 38
46 38
48 38
49 38
45 38
39 34
39 33
39 32
41 35
40 35
48 28
43 28
42 28
42 29
42 30
41 30
41 29
41 28
40 29
40 30
40 28
44 37
39 30
45 39
0
Yes
29 30
28 30
28 29
29 29
28 28
29 28
28 27
29 27
30 27
30 28
30 29
27 27
27 28
27 29
30 26
29 26
28 26
31 29
31 28
31 27
31 26
29 25
30 25
28 25
31 25
32 28
32 27
32 26
32 25
28 24
29 24
30 24
31 24
32 24
33 27
33 26
33 25
33 28
33 24
29 23
30 23
31 23
32 23
28 23
33 23
34 28
34 27
34 26
34 25
34 24
34 23
27 23
27 24
27 25
28 22
29 22
30 22
27 22
26 25
26 24
26 23
26 22
35 27
35 26
35 25
35 24
35 23
35 28
29 21
28 21
27 21
30 21
26 21
25 24
25 23
25 22
25 21
36 26
36 25
36 27
36 24
36 23
28 20
27 20
29 20
26 20
30 20
25 20
24 23
24 22
24 21
24 20
24 24
37 27
37 26
37 25
37 24
37 23
29 19
28 19
27 19
26 19
25 19
30 19
24 19
23 22
23 21
23 23
23 20
23 19
37 22
36 22
35 22
38 24
38 23
38 22
31 19
31 20
31 21
35 21
36 21
37 21
38 21
28 18
29 18
30 18
27 18
31 18
22 23
22 22
22 21
22 20
22 19
29 17
28 17
27 17
30 17
21 22
21 21
21 20
21 19
38 27
21 23
38 26
0
Yes
47 18
46 18
46 17
47 17
46 16
47 16
45 16
45 17
45 18
45 19
46 19
47 19
47 20
46 20
45 20
46 21
47 21
45 21
48 20
48 19
48 21
48 18
44 20
44 19
44 18
44 21
49 21
49 20
49 19
0
Yes
30 42
29 42
29 41
30 41
29 43
28 43
28 42
28 41
27 42
27 43
27 41
27 44
28 44
29 44
0
No
0
Yes
29 4
28 4
28 5
27 5
27 4
26 5
26 4
26 6
27 6
28 6
25 6
25 5
25 4
28 7
27 7
26 7
24 4
24 5
24 6
25 3
26 3
27 3
24 3
23 5
23 4
23 3
23 6
27 2
26 2
25 2
24 2
23 2
22 4
22 3
22 5
22 2
22 6
26 1
25 1
24 1
23 1
27 1
22 1
27 0
26 0
25 0
24 0
23 0
29 6
29 7
24 7
23 7
24 8
23 8
28 1
28 0
30 7
30 8
29 8
28 8
0
No
0
Yes
24 16
24 17
23 16
23 17
24 15
0
No
0
Yes
7 1
8 1
8 0
8 2
9 2
9 1
9 0
10 1
10 0
10 2
11 2
11 1
11 0
10 3
9 3
8 3
11 3
8 4
9 4
10 4
11 4
12 4
12 3
12 2
13 2
13 3
13 4
0
No
0
Yes
41 27
41 26
42 26
42 27
43 26
43 27
43 25
42 25
41 25
41 24
42 24
43 24
44 25
44 26
44 27
44 24
42 23
43 23
44 23
41 23
45 27
45 26
45 25
45 24
45 23
43 22
42 22
44 22
45 22
46 26
46 25
46 24
46 23
46 27
46 22
47 27
47 26
47 25
47 24
47 23
47 22
48 26
48 25
48 24
48 23
48 27
48 22
49 27
49 26
49 25
49 24
49 23
49 22
43 21
42 21
43 20
42 20
43 19
42 19
41 19
41 20
41 21
40 21
40 20
40 19
41 18
42 18
40 18
43 18
39 20
39 19
39 18
39 21
0
Yes
30 38
29 38
29 37
30 37
29 36
30 36
28 36
28 37
28 38
28 35
29 35
30 35
30 34
29 34
28 34
31 35
31 36
31 37
31 34
29 33
30 33
31 33
28 33
32 37
32 36
32 35
32 34
32 33
30 32
29 32
31 32
28 32
32 32
33 35
33 34
34 35
34 34
35 35
35 34
36 35
36 34
36 36
35 36
34 36
34 37
35 37
36 37
35 38
36 38
35 39
36 39
37 39
37 38
37 37
38 38
38 39
38 37
36 33
37 34
37 33
38 40
39 40
39 39
39 38
27 38
31 31
28 31
36 40
38 33
0
Yes
33 8
32 8
32 9
33 9
34 9
34 8
34 7
35 8
35 7
35 9
31 9
31 8
31 7
34 10
35 10
31 10
32 10
35 6
34 6
34 5
35 5
33 5
36 7
36 9
36 10
30 10
30 9
35 11
36 11
29 9
29 10
30 11
31 11
29 11
37 10
37 11
36 12
35 12
37 12
34 12
28 10
28 9
28 11
29 12
30 12
30 13
29 13
38 11
38 12
28 13
29 14
30 14
32 5
34 4
27 10
39 11
0
No
0
No
0
No
0
Yes
12 7
12 8
13 7
13 8
11 7
11 8
12 6
12 9
13 6
13 9
11 6
11 9
12 5
13 5
0
Yes
49 2
48 2
48 1
49 1
48 0
49 0
47 0
47 1
47 2
47 3
48 3
49 3
46 2
46 1
46 3
46 0
48 4
49 4
45 1
45 2
45 3
45 0
0
Yes
27 35
26 35
26 34
27 34
26 33
27 33
25 33
25 34
25 35
25 36
26 36
27 36
24 35
24 34
24 36
24 33
25 32
26 32
27 32
24 32
27 37
26 37
25 37
24 37
23 34
23 35
23 36
23 33
23 37
23 32
27 31
26 31
25 31
24 31
23 31
22 35
22 34
22 33
22 36
22 32
22 37
22 31
26 30
25 30
24 30
23 30
27 30
22 38
23 38
24 38
21 34
21 35
21 36
21 33
21 37
21 32
21 38
0
Yes
49 28
48 28
47 28
47 29
46 29
46 28
46 30
47 30
47 31
46 31
45 28
45 29
45 30
45 31
46 32
47 32
45 32
48 32
44 29
44 30
44 31
44 28
44 32
48 33
47 33
46 33
45 33
44 33
43 28
47 34
46 34
45 34
48 34
44 34
49 34
43 31
43 32
43 33
43 34
49 35
48 35
47 35
46 35
45 35
44 35
43 35
42 32
42 33
42 34
42 31
42 30
42 29
42 28
41 28
41 29
41 30
48 36
47 36
46 36
45 36
49 36
49 37
48 37
47 37
46 37
45 37
40 29
40 28
40 30
41 33
41 32
41 34
40 32
40 33
40 34
48 38
47 38
46 38
49 38
45 38
39 30
44 37
41 35
40 35
49 39
39 33
39 34
39 32
45 39
38 30
49 40
48 40
48 41
49 41
47 41
49 42
48 42
47 42
46 42
47 43
46 43
45 43
46 44
45 44
37 30
37 29
37 31
36 29
36 30
36 31
46 45
47 45
47 46
46 46
48 46
45 46
48 47
47 47
46 47
47 48
49 46
47 49
48 49
46 49
49 49
45 49
0
Yes
7 32
6 32
6 31
7 31
6 30
7 30
8 30
8 31
8 32
5 30
5 31
5 32
8 33
7 33
6 33
5 33
9 32
9 31
9 33
9 30
8 29
7 29
6 29
5 29
9 29
4 32
4 31
4 30
4 33
4 29
7 34
6 34
8 34
5 34
9 34
4 34
10 31
10 32
10 33
10 30
10 34
10 29
3 31
3 32
3 33
3 30
3 34
3 29
6 35
7 35
8 35
5 35
9 35
4 35
10 35
3 35
11 32
11 31
11 33
11 30
11 34
11 29
2 32
2 31
2 33
2 30
2 34
2 29
7 36
6 36
8 36
5 36
9 36
4 36
3 36
10 36
0
No
0
No
0
Yes
13 19
12 19
13 18
14 19
12 18
11 19
11 18
0
Yes
1 30
0 30
1 29
1 31
0 29
0 31
1 28
0 28
0
Yes
13 30
12 30
13 29
13 31
12 29
12 31
13 28
0
Yes
39 49
39 48
40 48
40 49
41 49
41 48
41 47
42 48
42 49
42 47
43 49
43 48
42 46
41 46
40 46
40 45
41 45
41 44
39 46
44 49
45 49
41 43
42 43
46 49
47 49
47 48
47 47
46 47
46 46
47 46
45 46
47 45
46 45
46 44
45 44
45 43
46 43
48 47
48 46
46 42
47 43
47 42
49 46
47 41
48 42
48 41
48 40
49 41
49 42
49 40
49 39
48 49
49 49
49 38
48 38
48 37
49 37
47 37
47 38
46 38
46 37
45 37
45 38
45 39
45 36
46 36
47 36
48 36
49 36
46 35
47 35
48 35
45 35
49 35
44 35
44 34
45 34
46 34
47 34
48 34
49 34
43 34
43 35
43 33
44 33
45 33
46 33
47 33
48 33
42 33
42 34
41 34
41 33
41 35
40 35
40 34
40 33
39 34
39 33
39 32
40 32
41 32
42 32
43 32
44 32
45 32
46 32
47 32
48 32
42 31
43 31
44 31
45 31
46 31
47 31
44 30
45 30
46 30
47 30
45 29
46 29
44 29
47 29
44 28
45 28
46 28
47 28
43 28
48 28
44 37
0
Yes
0 8
0 7
1 7
1 6
0 6
0 5
1 5
2 5
1 4
0 4
2 4
2 3
3 5
4 5
4 6
5 6
5 5
5 7
4 7
4 4
5 4
6 7
6 6
6 8
7 8
7 7
7 6
5 3
4 3
7 9
6 9
5 9
5 10
6 10
7 10
4 10
4 9
4 11
5 11
6 11
7 11
5 12
6 12
4 12
7 12
6 4
8 9
8 8
8 10
8 6
8 5
9 8
9 9
9 5
9 6
9 4
8 4
8 3
9 3
10 4
10 3
9 2
8 2
10 2
8 1
9 1
10 1
7 1
9 0
8 0
10 0
11 3
11 2
11 1
11 4
11 0
12 4
12 3
12 2
13 3
13 4
13 2
0
Yes
46 19
45 19
45 18
46 18
45 17
46 17
47 17
47 18
47 19
47 20
46 20
45 20
48 18
48 19
48 20
47 16
46 16
45 16
46 21
47 21
45 21
48 21
44 20
44 19
44 18
44 21
49 19
49 20
49 21
0
No
0
No
0
No
0
No
0
Yes
7 1
8 1
8 0
8 2
9 2
9 1
9 0
10 1
10 0
10 2
11 2
11 1
11 0
10 3
9 3
8 3
11 3
8 4
9 4
10 4
11 4
12 4
12 3
12 2
13 2
13 3
13 4
8 5
9 5
8 6
9 6
12 5
13 5
12 6
13 6
12 7
13 7
12 8
13 8
11 8
11 7
11 6
11 9
12 9
13 9
12 10
11 10
13 10
14 6
14 7
14 10
14 11
13 11
12 11
11 11
12 0
7 6
7 7
6 7
6 6
5 7
5 6
4 7
4 6
6 8
7 8
6 9
7 9
6 10
7 10
8 10
8 9
8 8
9 9
9 8
6 11
7 11
5 11
5 10
5 9
4 9
4 10
4 11
5 12
6 12
7 12
4 12
0
Yes
28 16
29 16
28 15
29 15
27 16
0
Yes
4 32
4 33
5 32
5 33
3 32
3 33
4 31
4 34
5 31
5 34
6 32
6 33
3 31
3 34
6 31
6 34
2 32
2 33
4 30
4 35
5 30
5 35
2 31
2 34
3 30
3 35
6 30
6 35
2 30
4 29
5 29
3 29
6 29
2 29
0
Yes
9 32
9 33
10 32
10 33
8 32
8 33
9 31
9 34
10 31
10 34
11 32
11 33
8 31
8 34
11 31
11 34
7 32
7 33
9 30
9 35
10 30
10 35
7 31
7 34
8 30
8 35
11 30
7 30
7 35
9 29
10 29
8 29
11 29
7 29
0
No
0
Yes
49 3
48 3
48 2
49 2
48 1
49 1
47 1
47 2
47 3
46 3
46 2
46 1
47 0
46 0
48 0
49 0
45 2
45 1
45 3
45 0
48 4
49 4
48 5
0
Yes
30 35
29 35
29 34
30 34
29 33
30 33
31 33
31 34
31 35
28 33
28 34
28 35
31 36
30 36
29 36
28 36
32 35
32 34
32 36
32 33
31 32
30 32
29 32
28 32
32 32
30 37
29 37
28 37
31 37
32 37
29 38
30 38
28 38
33 35
33 34
34 35
34 34
35 35
35 34
36 35
36 34
0
No
0
Yes
17 46
16 46
16 45
17 45
16 47
17 47
15 47
15 46
15 45
14 46
14 45
14 47
13 47
13 46
13 45
12 46
12 45
12 47
16 48
17 48
13 48
12 48
12 44
11 44
11 45
11 46
10 46
10 45
10 44
10 43
11 43
12 43
12 42
11 42
10 42
11 41
12 41
10 41
13 41
12 40
13 40
14 40
13 39
14 39
18 46
18 45
0
No
0
No
0
No
0
No
0
No
0
No
0
No
0
Yes
1 36
2 36
2 37
3 37
3 36
3 38
2 38
4 36
4 37
4 38
2 39
3 39
4 39
5 37
5 38
5 36
5 39
3 40
4 40
2 40
5 40
6 36
6 38
7 36
7 35
8 35
8 36
8 37
8 34
7 34
7 33
8 33
9 36
9 35
9 34
9 33
8 32
7 32
9 32
7 31
8 31
9 31
10 35
10 34
10 33
10 32
10 36
10 31
10 37
8 30
9 30
7 30
10 30
7 29
8 29
9 29
10 29
11 36
11 34
11 33
11 32
11 31
11 30
11 29
12 33
12 34
12 31
12 30
12 29
0
No
0
No
0
No
0
No
0
Yes
49 34
48 34
48 33
48 35
49 35
49 36
48 36
47 33
47 34
47 35
47 36
47 32
48 32
46 34
46 33
46 35
46 32
46 36
48 37
47 37
49 37
46 37
49 38
48 38
47 38
46 38
45 33
45 34
45 35
45 36
45 37
45 32
45 38
46 31
47 31
45 31
47 30
46 30
45 30
44 34
44 33
44 35
44 32
44 31
44 30
44 37
46 29
45 29
47 29
44 29
43 33
43 34
43 32
43 31
43 35
47 28
46 28
45 28
44 28
48 28
45 39
42 34
42 33
42 32
42 31
41 33
41 32
41 34
41 35
42 30
43 28
41 30
40 34
40 33
40 35
40 32
41 29
42 29
42 28
41 28
39 33
39 34
39 32
40 29
40 30
40 28
39 30
49 39
49 28
49 40
48 40
48 41
49 41
47 41
49 42
48 42
47 42
46 42
47 43
46 43
45 43
46 44
45 44
38 33
46 45
47 45
47 46
46 46
48 46
45 46
48 47
47 47
46 47
47 48
38 30
49 46
37 33
37 34
0
Yes
29 16
29 15
28 16
28 15
0
Yes
0 49
0 48
1 48
1 49
2 48
2 49
2 47
1 47
0 47
0 46
1 46
2 46
3 47
0
Yes
37 30
36 30
37 29
36 29
37 31
36 31
0
Yes
47 1
47 2
48 1
48 2
46 1
46 2
47 0
48 0
49 1
49 2
46 0
49 0
45 1
45 2
45 0
0
Yes
24 33
24 34
24 35
24 36
24 37
25 33
25 34
25 35
25 36
25 37
26 33
26 34
26 35
26 36
26 37
27 33
27 34
27 35
27 36
27 37
0
No
0
No
0
No
0
Yes
6 44
5 44
6 43
6 45
5 43
6 42
5 42
0
Yes
42 2
41 2
42 1
42 3
43 2
41 1
41 3
43 1
43 3
40 2
42 0
44 2
40 1
40 3
41 0
43 0
44 1
40 0
44 0
39 2
39 1
39 3
39 0
0
Yes
25 30
24 30
24 31
25 31
24 32
25 32
26 32
26 31
26 30
23 32
23 31
23 30
27 30
27 31
27 32
22 32
22 31
0
Yes
5 23
4 23
4 22
5 22
4 21
5 21
6 21
6 22
6 23
3 21
3 22
3 23
6 24
5 24
4 24
3 24
7 23
7 22
7 24
7 21
6 20
5 20
4 20
3 20
7 20
2 23
2 22
2 21
2 24
2 20
5 25
4 25
6 25
3 25
7 25
2 25
8 22
8 23
8 24
8 21
8 25
8 20
5 19
4 19
6 19
3 19
7 19
2 19
8 19
1 22
1 23
1 21
1 24
1 20
1 25
1 19
4 26
5 26
6 26
3 26
7 26
8 26
2 26
9 23
9 22
9 24
9 21
9 25
9 20
9 26
9 19
4 18
5 18
6 18
7 18
8 18
9 18
3 18
0 23
0 22
0 24
0 21
0 20
0 25
5 27
6 27
7 27
4 27
3 27
8 27
9 27
10 22
10 23
10 24
10 25
10 26
10 27
10 21
5 17
6 17
7 17
8 17
9 17
4 28
5 28
0
Yes
11 32
10 32
10 31
11 31
10 30
11 30
9 30
9 31
9 32
9 33
10 33
11 33
8 32
8 31
8 33
8 30
9 29
10 29
11 29
8 29
11 34
10 34
9 34
8 34
7 31
7 32
7 33
7 30
7 34
7 29
11 28
10 28
9 28
8 28
7 28
12 29
12 30
12 31
12 28
10 35
9 35
8 35
7 35
6 32
6 31
6 33
6 30
6 34
6 29
6 35
6 28
13 31
13 30
13 29
13 28
9 36
8 36
7 36
6 36
10 36
5 31
5 32
5 33
5 34
5 30
5 29
5 35
2
695
2 36
2 37
2 38
2 39
2 40
3 36
3 37
3 38
3 39
3 40
4 36
4 37
4 38
4 39
4 40
5 36
5 37
5 38
5 39
5 40
701
13 45
13 46
13 47
14 45
14 46
14 47
15 45
15 46
15 47
16 45
16 46
16 47
17 45
17 46
17 47
18 45
18 46
Yes
19 31
19 32
19 33
19 34
19 35
19 36
19 37
20 31
20 32
20 33
20 34
20 35
20 36
20 37
21 31
21 32
21 33
21 34
21 35
21 36
21 37
22 31
22 32
22 33
22 34
22 35
22 36
22 37
23 31
23 32
23 33
23 34
23 35
23 36
23 37
24 31
24 32
24 33
24 34
24 35
24 36
24 37
25 31
25 32
25 33
25 34
25 35
25 36
25 37
26 31
26 32
26 33
26 34
26 35
26 36
26 37
27 31
27 32
27 33
27 34
27 35
0
No
0
No
0
Yes
17 46
16 46
16 45
17 45
16 47
17 47
18 45
18 46
17 48
16 48
15 45
15 46
15 47
18 48
14 46
14 45
14 47
13 45
13 46
13 47
13 48
12 46
12 47
12 45
12 48
12 44
11 45
11 46
11 47
11 44
11 48
11 43
12 43
12 42
11 42
11 49
10 46
10 45
10 47
10 44
10 48
10 43
10 49
10 42
11 41
12 41
10 41
13 41
13 40
12 40
14 40
14 39
13 39
9 47
9 48
9 49
8 48
0
No
0
No
0
Yes
48 3
48 4
48 5
48 6
49 3
49 4
49 5
49 6
0
Yes
4 12
4 11
5 11
5 12
6 11
6 12
6 10
5 10
4 10
4 9
5 9
6 9
7 10
7 9
7 11
7 12
8 10
0
Yes
44 19
44 20
44 21
45 19
45 20
45 21
46 19
46 20
46 21
47 19
47 20
47 21
48 19
48 20
48 21
49 19
49 20
49 21
0
Yes
48 12
49 12
48 11
48 13
49 11
49 13
47 12
47 11
47 13
49 10
0
Yes
32 33
31 33
31 32
32 32
31 34
32 34
30 34
30 33
30 32
30 35
31 35
32 35
29 33
29 34
29 32
29 35
32 36
31 36
30 36
29 36
28 32
28 33
28 34
28 35
28 36
31 37
30 37
29 37
28 37
32 37
27 33
27 34
27 35
27 36
27 32
27 37
30 38
29 38
28 38
27 38
26 32
26 33
26 34
26 35
26 36
26 37
26 31
27 31
28 31
25 33
25 34
25 35
25 32
25 36
25 31
25 37
25 30
26 30
27 30
24 32
24 33
24 34
24 35
24 31
24 36
24 30
24 37
23 33
23 32
23 34
23 35
23 31
23 36
23 37
23 30
22 32
22 33
22 34
22 35
0
No
0
No
0
Yes
47 38
46 38
46 37
47 37
46 36
47 36
48 36
48 37
48 38
45 36
45 37
45 38
49 38
49 37
49 36
48 35
47 35
46 35
45 35
49 35
47 34
46 34
48 34
45 34
49 34
46 33
47 33
48 33
45 33
47 32
46 32
45 32
48 32
44 33
44 34
44 35
44 32
46 31
47 31
45 31
44 31
43 35
43 34
43 33
43 32
43 31
45 30
46 30
44 30
47 30
42 34
42 33
42 32
42 31
47 29
46 29
45 29
44 29
41 33
41 32
41 34
46 28
45 28
47 28
44 28
40 34
40 33
40 32
39 33
39 34
39 32
41 35
40 35
44 37
45 39
49 39
0
Yes
0 21
0 20
1 20
1 21
2 20
2 21
2 22
1 22
0 22
0 23
1 23
2 23
3 22
3 21
3 20
3 23
1 24
2 24
0 24
3 24
3 19
2 19
1 19
4 21
4 22
4 20
4 23
4 19
4 24
0 25
1 25
2 25
3 25
4 25
5 20
5 21
5 22
5 23
5 24
5 19
5 25
2 26
3 26
4 26
5 26
5 18
4 18
3 18
6 21
6 20
6 22
6 23
6 24
6 19
6 25
6 18
6 26
3 27
4 27
5 27
6 27
0
Yes
20 33
19 33
19 32
20 32
19 31
20 31
21 31
21 32
21 33
21 34
20 34
19 34
22 33
22 32
22 34
22 31
20 35
21 35
19 35
22 35
23 32
23 33
23 34
23 31
23 35
19 36
20 36
21 36
22 36
23 36
24 33
24 34
24 32
24 35
24 31
24 36
20 37
21 37
22 37
23 37
19 37
24 37
18 36
18 35
18 34
18 37
25 32
25 33
25 34
25 35
25 36
25 31
25 37
19 38
20 38
21 38
22 38
23 38
24 38
18 38
17 34
17 35
17 36
17 37
17 38
26 33
26 34
26 35
26 32
26 36
26 31
26 37
25 30
24 30
26 30
23 30
20 39
21 39
22 39
23 39
24 39
0
Yes
10 27
9 27
9 26
10 26
11 26
11 27
10 25
9 25
11 25
12 27
12 26
12 25
8 26
8 27
8 25
7 27
7 26
7 25
9 24
10 24
11 24
8 24
12 24
7 24
13 26
13 25
13 24
10 23
9 23
11 23
8 23
12 23
7 23
13 23
14 25
14 24
14 23
9 22
10 22
8 22
7 22
12 22
13 22
14 22
10 21
9 21
8 21
7 21
15 23
15 22
13 21
14 21
9 20
8 20
7 20
8 19
9 19
7 19
10 19
10 18
9 18
8 18
7 18
11 18
11 19
12 19
12 18
13 18
13 19
13 20
14 19
9 17
10 17
8 17
7 17
6 17
8 16
9 16
7 16
6 16
9 15
8 15
7 15
6 15
5 16
5 17
7 14
6 14
5 14
16 23
16 24
16 25
17 23
18 23
18 24
18 22
19 22
20 22
4 16
9 14
10 14
11 14
11 13
12 13
12 14
12 15
13 14
13 13
14 13
12 12
13 12
13 11
12 11
11 11
14 11
11 10
12 10
13 10
14 10
12 9
13 9
11 9
11 8
12 8
13 8
12 7
11 7
13 7
14 7
11 6
12 6
13 6
14 6
0
Yes
29 36
28 36
28 35
29 35
28 34
29 34
30 34
30 35
30 36
27 34
27 35
27 36
30 37
29 37
28 37
27 37
31 36
31 35
31 37
31 34
30 33
29 33
28 33
27 33
31 33
29 38
28 38
30 38
27 38
32 35
32 34
32 33
32 36
32 37
29 32
30 32
28 32
27 32
31 32
32 32
28 31
27 31
33 35
33 34
34 35
34 34
35 35
35 34
36 35
36 34
36 36
35 36
34 36
34 37
35 37
36 37
0
No
0
No
0
No
0
No
0
No
0
No
0
Yes
1 36
2 36
2 37
3 37
3 36
3 35
3 38
2 38
4 36
4 37
4 35
4 38
2 39
3 39
4 39
4 34
3 34
2 34
2 33
3 33
4 33
1 33
1 34
1 32
2 32
3 32
4 32
0 32
5 37
5 36
5 38
5 39
3 40
4 40
2 40
5 40
0 31
1 31
2 31
3 31
4 31
6 38
1 30
2 30
3 30
0 30
4 30
0 29
1 29
2 29
3 29
4 29
1 28
0 28
3 28
4 28
0
Yes
5 9
4 9
4 10
5 10
4 11
5 11
6 11
6 10
6 9
7 9
7 10
7 11
6 12
5 12
4 12
7 12
8 9
8 10
8 8
7 8
6 8
7 7
6 7
7 6
6 6
5 7
5 6
4 7
4 6
5 5
4 5
9 9
9 8
8 6
8 5
9 5
9 6
9 4
8 4
0
No
0
No
0
No
0
No
0
No
0
No
0
No
0
Yes
32 37
31 37
31 36
32 36
31 35
32 35
30 35
30 36
30 37
29 37
29 36
29 35
30 34
31 34
32 34
29 34
28 36
28 35
28 37
28 34
32 33
31 33
30 33
29 33
28 33
27 37
27 36
27 35
27 34
27 33
28 38
29 38
30 38
27 38
31 32
30 32
29 32
28 32
27 32
32 32
0
Yes
49 28
48 28
48 27
49 27
48 26
49 26
48 25
49 25
47 25
47 26
47 27
47 24
48 24
49 24
46 27
46 26
46 25
46 24
49 23
48 23
47 23
46 23
45 26
45 25
45 24
45 27
45 23
48 22
47 22
46 22
49 22
45 22
44 27
44 26
44 25
44 24
44 23
44 22
49 21
48 21
47 21
46 21
45 21
44 21
43 26
43 25
43 24
43 23
43 22
43 27
43 21
48 20
47 20
46 20
45 20
44 20
49 20
43 20
42 27
42 26
42 25
42 24
42 23
42 22
42 21
42 20
49 19
48 19
47 19
46 19
45 19
44 19
43 19
42 19
41 26
41 25
41 24
41 27
41 23
41 21
41 20
41 19
48 18
47 18
46 18
45 18
44 18
43 18
42 18
41 18
0
Yes
40 28
40 29
40 30
41 28
41 29
41 30
42 28
42 29
42 30
43 28
0
Yes
49 34
48 34
48 33
48 35
49 35
47 35
47 34
47 33
47 36
48 36
49 36
46 34
46 35
46 33
46 36
49 37
48 37
47 37
46 37
46 32
47 32
48 32
45 33
45 34
45 35
45 36
45 32
45 37
48 38
47 38
46 38
49 38
45 38
45 31
46 31
47 31
44 34
44 33
44 35
0
Yes
47 30
46 30
46 29
47 29
46 28
47 28
45 28
45 29
45 30
44 30
44 29
44 28
45 27
46 27
47 27
44 27
47 26
46 26
45 26
44 26
46 25
45 25
47 25
44 25
48 26
48 27
48 28
48 25
47 24
46 24
45 24
48 24
44 24
43 25
43 26
43 27
43 24
49 28
49 27
49 26
49 25
49 24
46 23
47 23
45 23
48 23
44 23
49 23
43 23
42 27
42 26
42 25
42 24
42 23
47 22
46 22
45 22
44 22
48 22
43 22
49 22
42 22
41 26
41 25
41 24
41 23
41 27
46 21
47 21
45 21
44 21
48 21
43 21
49 21
42 21
40 25
40 24
0
Yes
1 34
1 33
2 33
2 34
3 34
3 33
2 32
1 32
3 32
0 32
3 35
1 31
2 31
0 31
3 31
4 33
4 34
4 32
4 35
4 31
4 36
3 36
2 36
2 37
3 37
4 37
0 30
1 30
2 30
3 30
4 30
3 38
2 38
4 38
5 36
5 37
5 38
1 29
2 29
3 29
0 29
4 29
2 39
3 39
4 39
5 39
0 28
1 28
3 28
4 28
3 40
4 40
2 40
5 40
6 38
0
Yes
11 1
10 1
10 0
11 0
10 2
11 2
9 2
9 1
9 0
9 3
10 3
11 3
8 1
8 2
8 0
8 3
10 4
11 4
0
Yes
37 34
36 34
36 33
37 33
36 35
38 33
35 35
35 34
35 36
36 36
34 34
34 35
34 36
36 37
35 37
34 37
37 37
37 38
36 38
35 38
33 35
33 34
38 38
38 37
32 34
32 35
32 33
36 39
37 39
38 39
35 39
32 36
39 39
39 38
31 33
31 34
31 35
31 36
38 40
39 40
31 32
32 32
31 37
32 37
30 34
30 33
30 35
30 36
30 32
30 37
29 33
29 34
29 35
29 36
29 32
29 37
30 38
29 38
28 34
28 33
28 35
28 36
28 37
28 32
28 38
28 31
27 33
27 34
27 35
27 32
27 36
27 37
27 31
27 38
27 30
39 33
39 34
39 32
40 34
40 33
40 32
40 35
41 33
41 34
41 35
41 32
0
Yes
38 20
38 19
37 19
39 19
39 20
39 21
40 20
40 19
40 21
37 18
38 18
39 18
40 18
38 17
39 17
37 17
40 17
41 19
41 20
41 18
41 21
41 17
42 20
42 19
42 18
42 17
37 16
38 16
39 16
38 15
43 19
43 18
43 20
42 16
44 20
44 19
44 18
45 19
45 20
45 18
45 17
46 20
46 19
46 18
46 17
46 16
45 16
47 19
47 18
47 17
47 20
47 16
48 20
48 19
48 18
47 15
46 15
46 14
45 14
45 13
46 13
48 16
49 19
49 20
46 12
45 12
47 13
47 12
47 11
0
Yes
23 49
24 49
23 48
24 48
22 49
22 48
0
Yes
26 8
26 7
27 7
27 6
26 6
25 6
28 6
28 7
28 8
26 5
27 5
25 5
28 5
29 8
29 7
29 6
24 5
24 6
24 7
23 7
23 6
23 5
23 8
24 8
22 8
22 9
23 9
25 4
26 4
27 4
24 4
28 4
23 4
30 7
30 8
22 6
22 5
22 4
26 3
25 3
27 3
24 3
23 3
22 3
29 4
21 9
21 8
21 10
22 10
22 11
21 11
25 2
26 2
24 2
23 2
27 2
22 2
20 10
20 9
20 11
26 1
25 1
24 1
23 1
27 1
22 1
19 9
19 10
19 11
19 8
21 3
20 12
19 12
28 1
25 0
26 0
27 0
24 0
23 0
28 0
18 10
18 9
18 11
18 12
19 13
18 13
21 1
17 11
17 10
16 10
16 11
21 6
22 12
23 12
20 6
19 7
18 7
19 14
0
Yes
29 16
29 15
28 16
28 15
0
No
0
Yes
36 31
36 30
37 30
37 31
37 29
36 29
38 30
39 30
40 30
40 29
41 29
41 30
41 28
40 28
42 30
42 29
42 28
42 31
43 31
43 32
42 32
41 32
41 33
42 33
43 33
40 33
40 32
39 32
39 33
38 33
39 34
40 34
41 34
42 34
43 34
40 35
41 35
43 28
43 35
44 32
44 31
37 33
37 34
36 34
36 33
36 35
35 35
35 34
34 34
34 35
33 35
33 34
32 34
32 35
32 33
35 36
34 36
36 36
31 33
31 34
31 35
31 32
32 32
36 37
35 37
34 37
30 32
30 33
30 34
30 35
37 37
32 36
31 36
30 36
35 38
36 38
37 38
29 33
29 34
29 35
29 32
29 36
38 38
38 37
31 37
30 37
32 37
29 37
36 39
37 39
35 39
38 39
28 32
28 33
28 34
28 35
28 36
28 37
28 31
39 39
39 38
27 31
27 32
27 33
27 34
27 35
27 36
27 37
27 30
30 38
29 38
28 38
27 38
38 40
39 40
0
No
0
Yes
0 38
0 39
0 40
1 40
1 41
0 41
2 41
2 40
2 39
3 39
3 40
3 41
3 38
2 38
2 37
3 37
3 36
2 36
1 36
0 42
1 42
2 42
3 42
4 38
4 37
4 39
4 40
4 41
4 36
4 42
4 35
3 35
3 34
4 34
2 34
1 43
2 43
3 43
0 43
4 43
5 37
5 38
5 39
5 36
5 40
2 33
3 33
4 33
1 33
1 34
0 44
1 44
2 44
3 44
4 44
6 38
1 32
2 32
3 32
4 32
0 32
5 42
5 43
5 44
0 31
1 31
2 31
3 31
4 31
1 45
2 45
3 45
4 45
0 45
6 43
6 42
6 44
0 46
1 46
2 46
1 30
2 30
3 30
0 30
4 30
0 29
1 29
2 29
3 29
4 29
1 47
0 47
2 47
6 45
3 47
0 48
1 48
2 48
3 48
1 28
0 28
3 28
4 28
4 48
1 49
2 49
3 49
0 49
4 49
5 28
5 49
7 43
0
No
0
No
0
Yes
47 20
46 20
46 19
47 19
48 19
48 20
47 18
46 18
48 18
49 20
49 19
45 19
45 20
45 18
44 20
44 19
44 18
46 17
47 17
45 17
47 16
46 16
45 16
43 19
43 20
43 18
48 16
42 20
42 19
42 18
46 15
47 15
42 17
41 19
41 18
41 20
41 17
41 21
40 20
40 19
40 18
40 21
40 17
39 19
39 20
39 18
39 21
39 17
39 22
39 16
38 20
38 19
38 18
38 17
38 16
37 19
37 18
37 17
37 16
38 15
0
No
0
No
0
No
0
No
0
No
0
Yes
3 28
3 29
2 29
4 29
4 28
4 30
3 30
2 30
5 30
5 29
5 28
3 31
4 31
2 31
5 31
6 28
6 29
6 30
6 31
1 31
1 30
1 29
2 32
3 32
4 32
5 32
1 32
6 32
7 29
7 30
7 31
7 28
7 32
0 29
0 30
0 31
0 32
3 33
4 33
5 33
2 33
1 33
6 33
7 33
8 28
8 29
8 30
8 31
8 32
8 33
2 34
3 34
4 34
5 34
6 34
7 34
8 34
1 34
9 29
9 30
9 31
9 32
9 33
9 28
9 34
3 35
4 35
5 35
6 35
7 35
8 35
9 35
10 28
10 29
10 30
10 31
10 32
10 33
10 34
10 35
4 36
5 36
6 36
7 36
8 36
9 36
3 36
10 36
11 29
11 30
11 31
11 32
11 33
11 34
11 28
3 37
4 37
5 37
12 28
12 29
12 30
12 31
12 33
12 34
4 38
3 38
5 38
13 29
13 30
13 28
13 31
2 38
2 37
2 36
5 39
4 39
3 39
2 39
3 40
4 40
2 40
5 40
2 41
3 41
4 41
3 42
2 42
4 42
1 42
1 41
1 40
0 40
0 41
0 42
1 28
0 28
13 33
13 34
4 43
3 43
2 43
1 43
0 43
3 44
2 44
1 44
4 44
0 44
0
Yes
23 33
22 33
22 32
23 32
22 31
23 31
24 31
24 32
24 33
21 31
21 32
21 33
24 34
23 34
22 34
21 34
25 33
25 32
25 34
25 31
20 33
20 32
20 34
20 31
23 35
22 35
24 35
21 35
25 35
20 35
26 32
26 33
26 34
26 31
26 35
25 30
24 30
23 30
26 30
19 32
19 33
19 34
19 31
19 35
22 36
23 36
24 36
21 36
25 36
20 36
26 36
19 36
18 34
18 35
18 36
23 37
22 37
24 37
21 37
20 37
19 37
18 37
25 37
26 37
17 35
17 36
17 37
17 34
0
Yes
3 47
2 47
2 46
2 48
3 48
1 48
1 47
1 46
1 49
2 49
3 49
0 47
0 46
0 48
0 49
0 45
1 45
0
No
0
No
0
Yes
18 26
18 27
17 27
17 28
18 28
19 28
16 28
18 29
17 29
19 29
16 29
20 29
20 28
19 30
18 30
20 30
15 29
15 28
16 30
20 31
19 31
21 31
19 32
20 32
21 32
18 32
22 32
22 31
23 31
23 32
23 30
24 30
24 31
24 32
20 33
19 33
21 33
22 33
23 33
24 33
19 34
20 34
21 34
22 34
23 34
24 34
18 34
25 31
25 32
25 33
25 30
25 34
26 30
26 31
26 32
26 33
26 34
18 35
19 35
20 35
21 35
22 35
23 35
24 35
25 35
26 35
17 35
17 34
17 36
18 36
19 36
20 36
21 36
22 36
23 36
24 36
25 36
26 36
18 37
19 37
20 37
21 37
22 37
23 37
24 37
25 37
17 37
26 37
16 37
17 38
18 38
19 38
20 38
21 38
22 38
23 38
24 38
16 38
16 39
20 39
21 39
22 39
23 39
24 39
21 40
22 40
20 40
24 40
25 40
14 29
16 31
23 29
15 37
21 41
21 42
0
No
0
No
0
No
0
Yes
47 1
46 1
46 0
47 0
46 2
47 2
48 0
48 1
48 2
47 3
46 3
48 3
49 1
49 2
49 0
49 3
45 0
45 1
45 2
45 3
44 1
44 2
44 0
48 4
49 4
43 0
43 1
43 2
43 3
49 5
48 5
42 1
42 2
42 0
42 3
48 6
49 6
42 4
41 0
41 1
41 2
41 3
41 4
40 1
40 2
40 3
40 0
40 4
41 5
42 5
40 5
43 5
43 6
39 0
39 1
39 2
39 3
39 4
38 1
38 0
37 0
37 1
43 7
44 7
44 8
43 8
45 8
45 7
46 7
46 8
46 6
46 9
45 9
44 9
43 9
42 8
42 9
44 10
43 10
42 10
41 10
42 11
41 11
40 11
40 10
40 12
46 10
41 8
36 0
0
Yes
31 31
31 32
30 32
32 32
32 33
31 33
30 33
31 34
30 34
32 34
32 35
31 35
30 35
29 34
29 33
29 32
29 35
31 36
30 36
32 36
29 36
28 32
28 33
28 34
28 35
28 36
30 37
29 37
28 37
31 37
32 37
27 33
27 34
27 35
27 36
27 32
27 37
29 38
30 38
28 38
27 38
26 32
26 33
26 34
26 35
26 36
26 37
26 31
27 31
28 31
25 31
25 32
25 33
25 34
25 35
25 36
25 37
25 30
26 30
27 30
24 32
24 33
24 34
24 35
24 31
24 36
24 30
24 37
23 31
23 32
23 33
23 34
23 35
23 36
23 37
23 30
22 32
22 33
22 34
22 35
22 31
22 36
22 37
22 38
23 38
24 38
21 31
21 32
21 33
21 34
21 35
21 36
21 37
21 38
24 39
23 39
22 39
21 39
20 32
20 33
20 34
20 35
20 36
20 37
20 38
20 31
20 39
0
Yes
15 22
14 22
14 21
14 23
15 23
13 23
13 22
13 21
12 23
12 22
12 24
13 24
14 24
14 25
13 25
12 25
13 26
12 26
11 25
11 24
11 23
11 26
10 23
10 24
10 25
10 26
9 24
9 25
9 23
9 26
10 27
9 27
11 27
12 27
8 23
8 24
8 25
8 26
8 27
8 22
9 22
10 22
10 21
9 21
8 21
9 20
8 20
7 22
7 23
7 24
7 25
7 21
7 20
7 26
7 27
7 19
8 19
9 19
9 18
8 18
7 18
8 17
9 17
7 17
10 17
10 18
0
No
0
No
0
Yes
3 5
2 5
2 4
1 4
1 5
1 6
0 5
0 4
0 6
0 7
1 7
4 5
4 4
4 6
5 4
5 5
5 6
5 3
4 3
5 7
4 7
6 6
6 7
6 8
7 7
7 6
7 8
8 6
8 5
7 9
6 9
5 9
5 10
6 10
7 10
4 10
4 9
8 8
8 9
8 10
9 5
9 6
4 11
5 11
6 11
7 11
9 4
8 4
8 3
9 3
9 2
8 2
8 1
9 1
7 1
10 4
10 3
10 2
10 1
9 9
9 8
5 12
6 12
4 12
7 12
9 0
8 0
10 0
11 3
11 2
11 1
11 4
11 0
12 4
12 3
12 2
12 5
13 5
13 4
13 3
13 2
0
No
0
Yes
25 3
24 3
25 2
25 4
26 3
24 2
24 4
26 2
26 4
23 3
25 1
25 5
27 3
23 2
23 4
24 1
24 5
26 1
26 5
27 2
27 4
23 1
23 5
27 1
27 5
22 3
25 0
22 2
22 4
24 0
26 0
22 1
22 5
23 0
27 0
0
Yes
32 33
31 33
31 32
32 32
31 34
32 34
30 34
30 33
30 32
30 35
31 35
32 35
29 33
29 34
29 32
29 35
32 36
31 36
30 36
29 36
28 32
28 33
28 34
28 35
28 36
31 37
30 37
29 37
28 37
32 37
27 33
27 34
27 35
27 36
27 32
27 37
30 38
29 38
28 38
27 38
26 32
26 33
26 34
0
Yes
47 23
46 23
46 22
47 22
46 21
47 21
48 21
48 22
48 23
45 21
45 22
45 23
48 24
47 24
46 24
45 24
49 23
49 24
49 22
49 21
44 23
44 22
44 24
44 21
47 25
46 25
48 25
45 25
49 25
44 25
43 22
43 23
43 24
43 21
43 25
46 26
47 26
45 26
48 26
44 26
49 26
43 26
42 23
42 24
42 25
42 26
42 22
42 21
47 27
46 27
45 27
44 27
48 27
43 27
49 27
42 27
41 24
41 25
41 26
41 27
41 23
46 28
47 28
45 28
44 28
43 28
42 28
41 28
48 28
49 28
45 29
46 29
47 29
44 29
42 29
41 29
47 30
46 30
45 30
44 30
40 24
40 25
42 30
41 30
40 30
40 29
40 28
42 31
43 31
44 31
44 32
43 32
42 32
43 33
42 33
0
Yes
22 19
21 19
21 20
22 20
21 21
22 21
23 21
23 20
23 19
24 19
24 20
24 21
23 22
22 22
21 22
24 22
25 20
25 21
25 19
25 22
22 23
23 23
24 23
25 23
21 23
26 19
26 20
26 21
26 22
26 23
24 24
25 24
26 24
0
Yes
23 38
22 38
22 37
23 37
22 36
23 36
24 36
24 37
24 38
21 36
21 37
21 38
24 39
23 39
22 39
21 39
24 35
23 35
22 35
21 35
20 38
20 37
20 36
20 39
20 35
22 40
21 40
20 40
23 34
22 34
21 34
24 34
20 34
25 35
25 36
25 37
25 34
19 37
19 36
19 38
19 35
19 34
22 33
23 33
21 33
24 33
20 33
25 33
19 33
26 37
26 36
26 35
18 38
18 37
18 36
18 35
18 34
23 32
22 32
21 32
24 32
20 32
25 32
19 32
17 37
17 36
17 38
17 35
17 34
22 31
23 31
21 31
24 31
20 31
25 31
19 31
0
No
0
No
0
Yes
31 31
31 32
30 32
32 32
32 33
31 33
30 33
31 34
30 34
32 34
32 35
31 35
30 35
29 34
29 33
29 32
29 35
31 36
30 36
32 36
29 36
28 32
28 33
28 34
28 35
28 36
30 37
29 37
28 37
31 37
32 37
27 33
27 34
27 35
27 36
27 32
27 37
29 38
30 38
28 38
27 38
26 32
26 33
26 34
26 35
26 36
26 37
26 31
27 31
28 31
28 30
27 30
26 30
25 31
25 32
25 33
25 34
25 35
25 36
25 30
25 37
24 30
24 31
24 32
24 33
24 34
24 35
24 36
24 37
0
No
0
No
0
Yes
23 34
22 34
22 33
23 33
22 32
23 32
21 32
21 33
21 34
21 35
22 35
23 35
20 34
20 33
20 35
20 32
21 31
22 31
20 31
23 31
23 36
22 36
21 36
20 36
19 33
19 34
19 35
19 32
19 36
19 31
22 37
21 37
20 37
23 37
0
Yes
3 27
3 26
2 26
4 26
4 27
4 25
3 25
2 25
5 25
5 26
5 27
3 24
4 24
2 24
5 24
6 27
6 26
6 25
6 24
2 23
3 23
4 23
5 23
6 23
7 26
7 25
7 24
7 27
7 23
1 23
1 24
1 25
3 22
4 22
5 22
2 22
6 22
1 22
7 22
8 27
8 26
8 25
8 24
8 23
8 22
0 25
0 24
0 23
0 22
2 21
3 21
4 21
5 21
6 21
1 21
7 21
0 21
8 21
9 26
9 25
9 24
9 23
9 22
9 27
9 21
3 20
2 20
4 20
5 20
6 20
7 20
1 20
8 20
9 20
0 20
2 19
3 19
4 19
5 19
6 19
7 19
8 19
0
Yes
26 16
27 16
27 17
28 17
28 16
29 17
29 16
29 18
28 18
27 18
27 19
28 19
29 19
28 20
27 20
29 20
30 19
30 18
30 20
30 17
29 21
28 21
27 21
30 21
31 20
31 19
31 18
31 21
27 22
28 22
29 22
30 22
32 19
32 18
28 23
29 23
27 23
30 23
27 24
28 24
29 24
30 24
28 25
29 25
30 25
27 25
31 25
31 24
31 23
32 23
32 24
32 25
29 26
30 26
28 26
31 26
32 26
33 24
33 25
33 23
33 26
33 27
32 27
31 27
30 27
29 27
28 27
34 23
34 24
34 25
34 26
34 27
35 24
35 25
35 26
35 23
35 27
34 28
33 28
32 28
31 28
30 28
29 28
28 28
35 28
36 23
36 24
36 25
36 26
36 27
33 19
33 18
28 29
29 29
30 29
31 29
27 29
27 28
27 27
37 24
37 25
37 26
37 23
37 27
37 22
36 22
35 22
35 21
36 21
37 21
38 21
38 22
38 23
38 24
38 26
38 27
28 15
29 15
34 19
34 18
35 18
35 19
35 20
32 17
26 25
33 22
33 20
0
No
0
No
0
Yes
2 34
1 34
1 33
2 33
1 32
2 32
3 32
3 33
3 34
4 34
4 33
4 32
3 31
2 31
1 31
4 31
5 33
5 32
5 34
5 31
2 30
3 30
4 30
1 30
5 30
6 34
6 33
6 32
6 31
6 30
5 35
4 35
3 35
6 35
0 30
0 31
0 32
1 29
2 29
3 29
4 29
5 29
0 29
6 29
7 33
7 32
7 31
7 34
7 30
7 35
7 29
3 36
4 36
5 36
6 36
7 36
3 28
4 28
5 28
6 28
7 28
8 34
8 33
8 32
8 31
8 30
8 35
8 29
8 36
8 28
4 37
5 37
3 37
9 33
9 34
9 32
9 31
9 30
9 35
9 29
9 36
9 28
3 38
4 38
5 38
2 38
2 37
2 36
10 34
10 33
10 32
10 31
10 30
10 35
10 29
10 28
10 36
2 39
3 39
4 39
5 39
11 33
11 32
11 31
11 30
11 34
11 29
11 28
3 40
4 40
2 40
5 40
1 28
0 28
12 31
12 30
12 29
12 28
2 41
3 41
4 41
13 30
13 29
13 31
13 28
0
No
0
Yes
44 20
43 20
43 19
44 19
45 19
45 20
44 18
43 18
45 18
46 20
46 19
46 18
42 19
42 20
42 18
41 20
41 19
41 18
41 21
45 17
46 17
47 19
47 18
47 20
47 17
42 17
41 17
48 20
48 19
48 18
40 19
40 20
40 18
40 21
40 17
46 16
45 16
47 16
39 20
39 19
39 18
39 21
39 17
49 19
49 20
39 22
48 16
47 15
46 15
38 19
38 20
38 18
38 17
46 14
45 14
39 16
38 16
45 13
46 13
37 18
37 19
37 17
37 16
47 13
38 15
36 19
46 12
45 12
47 12
48 12
48 13
0
Yes
46 24
46 25
45 24
45 25
47 24
47 25
46 23
46 26
45 23
45 26
47 23
47 26
44 24
44 25
48 24
48 25
44 23
44 26
46 22
46 27
48 23
48 26
45 22
45 27
47 22
47 27
43 24
43 25
49 24
49 25
44 22
44 27
48 22
48 27
43 23
43 26
49 23
49 26
46 21
46 28
45 21
45 28
47 21
47 28
43 22
43 27
49 22
49 27
42 24
42 25
44 21
44 28
48 21
48 28
42 23
42 26
46 20
43 21
43 28
45 20
47 20
49 21
49 28
42 22
42 27
44 20
48 20
42 21
42 28
43 20
49 20
42 20
0
No
0
Yes
1 23
0 23
0 22
1 22
0 21
1 21
2 21
2 22
2 23
2 24
1 24
0 24
3 23
3 22
3 24
3 21
2 20
1 20
3 20
0 20
1 25
2 25
3 25
0 25
4 22
4 23
4 24
4 21
4 25
4 20
3 19
4 19
2 19
1 19
2 26
3 26
4 26
5 23
5 22
5 24
5 21
5 25
5 20
5 26
5 19
3 27
4 27
5 27
5 18
4 18
3 18
6 22
6 23
6 24
6 21
6 25
6 20
6 26
6 19
6 27
6 18
7 23
7 22
7 24
7 21
7 25
7 20
7 26
7 19
7 27
7 18
7 17
6 17
5 17
8 22
8 23
8 24
8 21
8 25
8 20
8 19
8 26
8 18
8 27
8 17
5 16
6 16
7 16
8 16
9 23
9 22
9 24
9 21
9 25
9 20
9 19
9 18
9 26
9 17
9 27
9 16
6 15
7 15
8 15
9 15
10 22
10 23
10 24
10 25
10 26
10 27
10 21
10 19
10 18
10 17
11 23
11 24
11 25
11 26
11 27
12 24
12 25
12 26
12 23
12 27
13 23
13 24
13 25
13 26
0
No
0
Yes
4 48
3 48
3 47
3 49
4 49
2 49
2 48
2 47
1 48
1 47
1 49
0 49
0 48
0 47
0 46
1 46
2 46
0
No
0
Yes
38 15
38 16
37 16
39 16
37 17
38 17
39 17
40 17
38 18
39 18
37 18
40 18
37 19
38 19
39 19
40 19
41 18
41 17
41 19
36 19
42 17
42 18
42 19
42 16
38 20
39 20
40 20
41 20
43 18
43 19
39 21
40 21
41 21
44 19
44 18
45 18
45 19
45 17
46 17
46 18
46 19
46 16
45 16
47 16
47 17
47 18
47 19
47 15
46 15
46 14
45 14
45 13
46 13
46 12
45 12
47 13
47 12
47 11
48 12
48 13
48 11
48 18
48 19
49 13
49 12
49 11
49 19
49 10
44 14
0
No
0
No
0
Yes
24 4
23 4
23 3
24 3
23 2
24 2
25 2
25 3
25 4
22 2
22 3
22 4
25 5
24 5
23 5
22 5
26 4
26 3
26 5
26 2
25 1
24 1
23 1
26 1
22 1
24 6
23 6
25 6
26 6
22 6
27 3
27 4
27 5
27 2
27 6
27 1
24 0
25 0
26 0
27 0
23 0
28 4
28 5
28 6
0
No
0
No
0
No
0
Yes
25 2
24 2
24 1
25 1
24 0
25 0
26 0
26 1
26 2
23 0
23 1
23 2
26 3
25 3
24 3
23 3
27 2
27 1
27 3
27 0
22 1
22 2
22 3
25 4
24 4
26 4
23 4
27 4
22 4
28 1
28 0
24 5
25 5
26 5
23 5
27 5
22 5
25 6
24 6
26 6
23 6
27 6
22 6
28 6
28 5
28 4
24 7
23 7
26 7
27 7
28 7
24 8
23 8
22 8
28 8
29 8
29 7
29 6
30 8
30 7
30 9
29 9
28 9
28 10
29 10
30 10
31 9
31 8
31 10
31 7
29 11
30 11
28 11
31 11
32 10
32 9
32 8
33 9
33 8
29 12
23 9
22 9
30 12
21 8
21 3
29 4
21 6
27 10
21 1
26 8
0
No
0
Yes
2 48
2 49
3 48
3 49
1 48
1 49
2 47
3 47
4 48
4 49
1 47
0 48
0 49
0 47
0
Yes
0 42
0 43
0 44
0 45
1 42
1 43
1 44
1 45
2 42
2 43
2 44
2 45
3 42
3 43
3 44
3 45
0
Yes
41 33
40 33
40 32
41 32
40 34
41 34
42 32
42 33
42 34
41 35
40 35
43 33
43 32
43 34
39 32
39 33
39 34
42 31
43 31
43 35
38 33
44 32
44 31
44 30
45 30
45 29
44 29
46 29
46 30
47 30
47 29
42 30
41 30
41 29
42 29
40 29
40 30
39 30
40 28
41 28
41 27
37 33
37 34
36 34
36 33
36 35
35 35
35 34
35 36
36 36
36 37
35 37
37 37
37 38
36 38
35 38
38 38
38 37
38 39
37 39
36 39
35 39
39 39
39 38
34 34
34 35
34 36
34 37
39 40
38 40
33 35
33 34
36 40
38 30
37 30
37 31
36 31
36 30
37 29
36 29
41 26
0
No
0
Yes
24 20
23 20
23 19
24 19
23 21
24 21
25 21
25 20
25 19
22 21
22 20
22 19
26 20
26 21
26 19
25 22
24 22
23 22
22 22
26 22
21 20
21 21
21 22
21 19
24 23
23 23
25 23
22 23
26 23
0
No
0
No
0
No
0
No
0
Yes
15 37
16 37
16 38
17 38
17 37
18 38
18 37
19 38
19 37
19 36
18 36
17 36
20 36
20 37
20 38
17 35
18 35
19 35
20 35
21 35
21 36
21 37
21 38
18 34
19 34
20 34
21 34
17 34
22 34
22 35
22 36
22 37
22 38
19 33
20 33
21 33
22 33
22 39
21 39
20 39
23 33
23 34
23 35
23 36
23 37
23 38
23 39
20 32
21 32
22 32
19 32
23 32
20 40
21 40
22 40
24 38
24 39
19 31
20 31
21 31
22 31
23 31
19 30
20 30
19 29
20 29
19 28
20 28
18 28
18 29
18 30
17 28
17 29
16 28
16 29
15 28
15 29
18 32
21 41
16 39
24 40
0
Yes
11 49
10 49
10 48
11 48
12 48
11 47
10 47
12 47
9 48
9 49
9 47
13 47
13 48
8 49
8 48
10 46
11 46
12 46
13 46
11 45
12 45
10 45
13 45
14 46
14 47
14 45
15 47
15 46
15 45
10 44
11 44
12 44
16 46
16 47
16 45
16 48
11 43
10 43
12 43
17 48
17 47
17 46
17 45
10 42
11 42
12 42
16 44
18 46
18 45
11 41
10 41
12 41
13 41
10 40
12 40
13 40
0
Yes
46 24
45 24
46 23
46 25
47 24
45 23
45 25
47 23
47 25
44 24
46 22
46 26
48 24
44 23
44 25
45 22
45 26
47 22
47 26
48 23
48 25
44 22
44 26
48 22
48 26
43 24
46 21
46 27
49 24
43 23
43 25
45 21
45 27
47 21
47 27
49 23
49 25
43 22
43 26
44 21
44 27
48 21
48 27
49 22
49 26
42 24
46 20
46 28
42 23
42 25
45 20
45 28
47 20
47 28
43 21
43 27
49 21
49 27
42 22
42 26
44 20
44 28
48 20
48 28
42 21
42 27
43 20
43 28
46 19
49 20
49 28
45 19
47 19
44 19
48 19
42 20
42 28
43 19
49 19
0
Yes
11 36
10 36
10 35
9 35
9 36
8 35
8 36
8 34
9 34
10 34
7 34
7 35
7 36
10 33
9 33
8 33
7 33
6 36
6 35
6 34
6 33
9 32
8 32
7 32
10 32
6 32
5 35
5 34
5 33
5 36
5 32
11 32
11 33
11 34
10 31
9 31
8 31
7 31
6 31
11 31
5 31
12 33
12 34
4 36
4 35
4 34
4 33
4 32
4 31
11 30
10 30
9 30
8 30
7 30
6 30
5 30
4 30
3 35
3 34
3 33
3 32
3 31
3 36
3 30
10 29
9 29
8 29
7 29
6 29
5 29
4 29
11 29
3 29
2 34
2 33
2 32
2 31
2 30
2 29
12 29
12 30
12 31
3 37
4 37
5 37
11 28
10 28
9 28
8 28
7 28
6 28
5 28
12 28
4 28
3 28
13 31
13 30
13 29
13 28
1 33
1 32
1 31
1 30
1 29
1 34
0
Yes
35 39
35 38
36 38
36 39
36 40
37 39
37 38
36 37
35 37
37 37
34 37
35 36
36 36
34 36
38 38
38 39
38 37
38 40
39 39
39 38
39 40
34 35
35 35
36 35
33 35
35 34
34 34
36 34
33 34
37 34
32 34
32 35
32 36
31 36
31 35
31 34
31 37
32 37
30 37
30 36
30 35
30 34
30 38
29 38
29 37
29 36
29 35
29 34
36 33
37 33
32 33
31 33
30 33
29 33
38 33
28 37
28 36
28 35
28 34
28 38
28 33
27 38
27 37
27 36
27 35
27 34
27 33
31 32
30 32
29 32
28 32
32 32
27 32
26 37
26 36
26 35
26 34
26 33
26 32
25 36
25 35
25 34
25 33
25 37
25 32
28 31
27 31
26 31
25 31
24 37
24 36
24 35
24 34
24 33
24 32
24 31
27 30
26 30
25 30
28 30
24 30
29 30
23 30
23 29
36 41
36 42
37 42
37 43
38 43
38 42
37 44
37 45
36 45
38 45
36 46
37 46
35 46
35 45
35 47
34 47
34 46
33 46
33 47
32 47
33 48
32 48
31 48
31 47
30 47
30 48
30 46
32 49
31 49
33 49
30 49
29 48
29 49
28 49
39 33
39 34
40 34
40 33
40 35
41 35
41 34
41 33
39 32
40 32
41 32
0
Yes
3 24
2 24
2 23
3 23
2 22
3 22
4 22
4 23
4 24
1 22
1 23
1 24
4 25
3 25
2 25
1 25
5 24
5 23
5 25
5 22
4 21
3 21
2 21
1 21
5 21
0 24
0 23
0 22
0 21
0 25
3 26
4 26
5 26
2 26
6 23
6 24
6 25
6 22
6 26
6 21
3 20
2 20
4 20
1 20
5 20
6 20
0 20
4 27
5 27
6 27
3 27
7 24
7 23
7 25
7 22
7 26
7 21
7 27
7 20
0
No
0
Yes
4 12
4 11
5 11
5 12
6 11
6 12
6 10
5 10
4 10
4 9
5 9
6 9
7 10
7 9
7 11
0
Yes
8 22
8 23
8 24
8 25
8 26
8 27
9 22
9 23
9 24
9 25
9 26
9 27
10 22
10 23
10 24
10 25
10 26
10 27
0
No
0
Yes
34 25
33 25
33 24
34 24
33 23
34 23
35 23
35 24
35 25
32 23
32 24
32 25
35 26
34 26
33 26
32 26
36 25
36 24
36 26
36 23
31 25
31 24
31 26
31 23
34 27
33 27
35 27
32 27
36 27
31 27
37 24
37 25
37 26
37 23
37 27
30 24
30 25
30 26
30 23
30 27
33 28
32 28
31 28
30 28
34 28
35 28
38 26
38 27
37 22
36 22
35 22
29 28
29 27
29 26
29 25
29 24
29 23
31 29
30 29
29 29
38 22
38 23
38 24
35 21
36 21
37 21
38 21
28 29
28 28
28 27
28 26
28 25
28 24
28 23
0
Yes
15 7
14 7
14 6
13 6
13 7
13 8
13 5
12 7
12 6
12 8
12 5
12 9
13 9
13 10
12 10
14 10
11 6
11 7
11 8
11 9
11 10
14 11
13 11
12 11
11 11
12 4
13 4
13 3
12 3
11 4
11 3
13 12
12 12
12 2
13 2
11 2
10 3
10 4
10 2
9 4
9 3
9 2
9 5
12 13
13 13
14 13
11 1
10 1
9 1
11 13
8 5
8 4
8 3
8 2
8 1
8 6
9 6
13 14
12 14
0
No
0
Yes
27 19
27 20
27 21
27 22
28 19
28 20
28 21
28 22
29 19
29 20
29 21
29 22
30 19
30 20
30 21
30 22
31 19
31 20
31 21
0
Yes
4 16
5 16
5 17
6 17
6 16
6 15
6 18
5 18
4 18
4 19
5 19
6 19
7 16
7 17
7 18
7 15
7 19
3 19
3 18
7 14
6 14
5 14
8 15
8 16
8 17
8 18
8 19
9 16
9 17
9 18
9 15
9 19
9 14
8 20
9 20
10 17
10 18
10 19
10 14
9 21
8 21
11 18
11 19
10 21
12 19
12 18
13 18
13 19
13 20
14 19
2 19
1 19
11 14
13 21
14 21
14 22
13 22
12 22
12 23
13 23
14 23
11 23
11 24
12 24
13 24
14 24
12 25
13 25
11 25
14 25
11 26
12 26
13 26
15 22
15 23
12 27
11 27
16 23
16 24
17 23
16 25
18 23
0
Yes
4 39
3 39
4 38
4 40
5 39
3 38
3 40
5 38
5 40
2 39
4 37
2 38
2 40
3 37
5 37
2 37
0
Yes
2 30
1 30
1 29
2 29
1 31
2 31
3 31
3 30
3 29
0 31
0 30
0 29
4 30
4 29
4 31
3 32
2 32
1 32
4 32
0 32
5 31
5 30
5 29
5 32
2 33
3 33
1 33
4 33
5 33
6 30
6 31
6 32
6 29
6 33
5 28
6 28
4 28
3 28
1 34
2 34
3 34
4 34
5 34
6 34
7 29
7 30
7 31
7 32
7 33
7 28
0
Yes
42 16
42 17
41 17
41 18
42 18
43 18
40 18
40 17
42 19
41 19
40 19
39 17
39 18
39 19
39 16
38 16
38 17
38 18
38 19
38 15
41 20
40 20
39 20
38 20
37 17
37 16
37 18
37 19
40 21
39 21
41 21
36 19
39 22
44 18
45 18
45 17
46 17
46 18
46 16
45 16
47 16
47 17
47 18
47 15
46 15
46 14
45 14
45 13
46 13
46 12
45 12
47 13
47 12
48 18
47 11
48 12
48 13
48 11
49 13
49 12
49 11
49 10
44 14
48 16
35 19
35 18
35 20
34 18
34 19
33 19
33 18
33 20
32 18
32 19
32 17
31 18
30 18
30 17
29 17
29 18
29 16
28 16
28 17
28 18
28 15
29 15
0
No
0
No
0
No
0
Yes
2 43
2 44
3 43
3 44
1 43
1 44
2 42
2 45
3 42
3 45
4 43
4 44
1 42
1 45
4 42
4 45
0 43
0 44
2 41
3 41
0 42
0 45
1 41
4 41
0 41
0
No
0
No
0
Yes
48 41
48 42
49 41
49 42
47 41
47 42
48 40
49 40
0
No
0
No
0
Yes
21 24
21 23
22 23
22 22
21 22
22 21
21 21
23 21
23 22
23 23
23 20
22 20
21 20
24 23
24 22
24 21
24 20
21 19
22 19
23 19
24 19
25 22
25 21
25 20
25 23
25 19
26 23
26 22
26 21
26 20
26 19
26 24
25 24
24 24
27 24
27 23
27 22
27 21
27 20
27 19
28 22
28 21
28 20
28 19
29 21
29 20
29 22
29 19
26 25
27 25
0
Yes
1 6
0 6
1 5
1 7
0 5
0 7
1 4
0 4
0
Yes
3 27
3 26
2 26
4 26
4 27
4 25
3 25
2 25
5 25
5 26
5 27
3 24
4 24
2 24
5 24
6 27
6 26
6 25
6 24
2 23
3 23
4 23
5 23
6 23
7 26
7 25
7 24
7 27
7 23
1 23
1 24
1 25
3 22
4 22
5 22
2 22
6 22
1 22
7 22
8 27
8 26
8 25
8 24
8 23
8 22
0 25
0 24
0 23
0 22
2 21
3 21
4 21
5 21
6 21
1 21
7 21
0 21
8 21
9 26
9 25
9 24
9 23
9 22
9 27
9 21
3 20
2 20
4 20
5 20
6 20
7 20
1 20
8 20
9 20
0 20
10 27
10 26
10 25
10 24
10 23
10 22
10 21
2 19
3 19
4 19
5 19
6 19
7 19
8 19
9 19
1 19
11 26
11 25
11 24
11 23
11 27
10 28
9 28
8 28
11 28
3 18
4 18
5 18
6 18
7 18
8 18
9 18
12 27
12 26
12 25
12 24
12 28
12 23
8 29
9 29
10 29
11 29
12 29
5 17
6 17
7 17
8 17
9 17
0
No
0
No
0
No
0
Yes
46 30
45 30
46 29
47 30
45 29
47 29
44 30
44 29
0
No
0
No
0
Yes
2 48
1 48
2 47
2 49
3 48
1 47
1 49
3 47
3 49
0 48
2 46
0 47
0 49
1 46
0 46
0
Yes
29 14
30 14
29 13
30 13
28 13
0
Yes
30 19
30 20
30 21
30 22
31 19
31 20
31 21
0
Yes
3 24
2 24
2 23
3 23
2 22
3 22
4 22
4 23
4 24
1 22
1 23
1 24
4 25
3 25
2 25
1 25
5 24
5 23
5 25
5 22
4 21
3 21
2 21
1 21
5 21
0 24
0 23
0 22
0 21
0 25
3 26
4 26
5 26
2 26
6 23
6 24
6 25
6 22
6 26
6 21
3 20
2 20
4 20
1 20
5 20
6 20
0 20
4 27
5 27
6 27
3 27
7 24
7 23
7 25
7 22
7 26
7 21
7 27
7 20
2 19
3 19
4 19
5 19
6 19
7 19
1 19
8 23
8 24
8 25
8 22
8 21
8 26
8 20
1
835
28 23
28 24
28 25
28 26
28 27
28 28
29 23
29 24
29 25
29 26
29 27
29 28
30 23
30 24
30 25
30 26
30 27
30 28
31 23
31 24
31 25
31 26
31 27
31 28
32 23
32 24
32 25
32 26
32 27
32 28
33 23
33 24
33 25
33 26
33 27
33 28
34 23
34 24
34 25
34 26
34 27
34 28
35 23
35 24
35 25
35 26
35 27
35 28
36 23
36 24
Yes
3 28
3 29
3 30
3 31
3 32
3 33
3 34
3 35
3 36
4 28
4 29
4 30
4 31
4 32
4 33
4 34
4 35
4 36
5 28
5 29
5 30
5 31
5 32
5 33
5 34
5 35
5 36
6 28
6 29
6 30
6 31
6 32
6 33
6 34
6 35
6 36
7 28
7 29
7 30
7 31
7 32
7 33
7 34
7 35
7 36
8 28
8 29
8 30
8 31
8 32
8 33
8 34
8 35
8 36
9 28
9 29
9 30
9 31
9 32
9 33
9 34
9 35
9 36
10 28
10 29
10 30
10 31
10 32
10 33
10 34
10 35
10 36
11 28
11 29
11 30
0
Yes
0 29
0 28
1 28
1 29
1 30
0 30
1 31
0 31
2 31
2 30
2 29
0
Yes
16 39
16 38
17 38
17 37
16 37
18 37
18 38
19 37
19 38
19 36
18 36
17 36
17 35
18 35
19 35
20 36
20 37
20 38
20 35
18 34
19 34
20 34
17 34
21 38
21 37
21 36
21 35
21 34
19 33
20 33
21 33
22 37
22 36
22 35
22 34
22 38
22 33
22 39
21 39
20 39
20 32
21 32
19 32
22 32
20 40
21 40
22 40
23 39
23 38
23 37
23 36
23 35
23 34
23 33
23 32
19 31
20 31
21 31
22 31
23 31
0
Yes
28 13
29 13
29 14
30 13
30 14
0
Yes
20 33
19 33
19 32
20 32
19 34
20 34
21 32
21 33
21 34
20 31
19 31
21 31
20 35
19 35
21 35
22 33
22 32
22 34
22 31
22 35
18 32
18 34
18 35
19 30
20 30
19 36
20 36
21 36
18 36
22 36
23 32
23 33
23 34
23 35
23 31
23 36
17 35
17 34
17 36
18 30
20 29
19 29
18 29
20 37
19 37
21 37
18 37
22 37
17 37
23 37
17 29
19 28
18 28
20 28
17 28
19 38
20 38
21 38
18 38
22 38
17 38
23 38
16 37
16 38
20 39
21 39
22 39
23 39
18 27
17 27
16 28
16 29
16 30
15 29
15 28
24 38
24 39
21 40
22 40
20 40
16 39
24 40
25 40
16 31
15 37
14 29
18 26
13 29
13 30
12 30
12 29
12 31
13 31
13 28
12 28
11 31
0
Yes
32 37
31 37
31 36
32 36
31 35
32 35
30 35
30 36
30 37
29 37
29 36
29 35
30 34
31 34
32 34
29 34
28 36
28 35
28 37
28 34
32 33
31 33
30 33
29 33
28 33
27 37
27 36
27 35
27 34
27 33
28 38
29 38
30 38
27 38
31 32
30 32
29 32
28 32
27 32
32 32
26 36
26 35
26 34
26 37
0
No
0
Yes
8 17
7 17
8 16
8 18
9 17
7 16
7 18
9 16
9 18
6 17
8 15
6 16
6 18
7 15
9 15
6 15
0
Yes
25 18
25 17
24 17
24 16
23 17
23 16
25 19
24 19
24 20
25 20
24 21
25 21
23 21
23 20
23 19
22 19
22 20
22 21
26 21
26 20
26 19
22 22
23 22
24 22
25 22
26 22
21 20
21 21
21 22
21 19
27 19
27 20
27 21
27 22
25 23
24 23
23 23
26 23
22 23
27 23
21 23
28 20
28 21
28 22
28 19
26 24
25 24
27 24
24 24
29 19
29 20
29 21
29 22
30 20
30 21
30 19
30 22
31 19
31 20
31 21
26 25
27 25
27 18
20 22
21 24
24 25
24 15
0
No
0
No
0
Yes
35 45
35 46
34 46
36 46
36 45
37 45
37 46
34 47
35 47
37 44
33 47
33 46
33 48
32 48
32 47
31 47
31 48
32 49
33 49
31 49
30 48
30 47
30 49
30 46
29 49
29 48
37 43
38 43
38 42
37 42
36 42
36 41
38 45
36 40
36 39
35 39
37 39
35 38
36 38
37 38
38 38
38 39
38 40
39 40
39 39
39 38
36 37
37 37
38 37
35 37
34 37
35 36
36 36
34 36
34 35
35 35
36 35
33 35
35 34
34 34
36 34
33 34
37 34
36 33
37 33
0
Yes
8 27
9 27
9 26
10 26
10 27
10 25
9 25
11 27
11 26
11 25
9 24
10 24
11 24
12 26
12 25
12 27
12 24
10 23
11 23
9 23
12 23
9 22
10 22
13 25
13 26
13 24
13 23
10 21
9 21
12 22
13 22
14 24
14 25
14 23
14 22
9 20
13 21
14 21
15 23
15 22
9 19
8 19
10 19
10 18
11 18
11 19
12 19
12 18
13 18
13 19
13 20
14 19
16 23
16 24
16 25
17 23
10 17
18 23
18 24
0
No
0
No
0
Yes
13 5
12 5
12 4
13 4
12 3
13 3
12 2
13 2
11 2
11 3
11 4
10 4
10 3
10 2
9 3
9 4
9 2
8 2
8 3
8 4
9 1
10 1
11 1
8 1
11 0
10 0
9 0
8 0
12 6
13 6
12 7
13 7
12 8
13 8
11 8
11 7
11 6
0
No
0
Yes
39 4
39 3
40 3
40 4
40 5
41 4
41 3
41 5
40 2
39 2
41 2
39 1
40 1
41 1
38 1
42 3
42 4
42 2
42 5
42 1
38 0
39 0
40 0
41 0
42 0
43 5
37 0
37 1
43 2
43 3
43 1
43 0
43 6
44 1
44 2
44 0
45 2
45 1
45 0
45 3
46 3
46 2
46 1
46 0
47 2
47 1
47 3
47 0
48 3
48 2
48 1
48 0
48 4
49 4
49 3
49 2
49 1
49 0
49 5
48 5
48 6
49 6
36 0
43 7
44 7
44 8
43 8
42 8
42 9
43 9
44 9
43 10
42 10
44 10
41 10
45 8
45 9
45 7
41 11
42 11
40 11
40 10
46 7
46 8
46 9
46 6
40 12
46 10
41 8
35 0
34 0
34 1
33 1
33 0
33 2
32 0
32 1
33 3
39 11
38 11
38 12
37 12
37 11
37 10
36 10
36 11
36 12
36 9
35 9
35 10
35 11
35 12
35 8
34 8
34 9
34 10
34 7
35 7
36 7
35 6
34 6
34 5
35 5
34 4
0
Yes
22 5
22 4
23 4
23 5
24 4
24 5
24 6
23 6
22 6
24 3
23 3
22 3
25 6
25 5
25 4
25 3
22 2
23 2
24 2
25 2
26 5
26 4
26 3
26 6
26 2
23 1
24 1
25 1
26 1
22 1
27 4
27 3
27 5
27 2
27 6
27 1
24 0
25 0
26 0
27 0
23 0
28 5
28 6
28 4
0
No
0
Yes
46 10
46 9
45 9
45 8
46 8
44 8
44 9
44 10
43 10
43 9
43 8
46 7
45 7
44 7
43 7
42 9
42 8
42 10
42 11
41 10
41 11
43 6
41 8
40 11
40 10
40 12
46 6
43 5
42 5
42 4
41 4
41 5
40 5
40 4
41 3
42 3
40 3
43 3
43 2
42 2
41 2
40 2
44 2
39 4
39 3
39 2
44 1
43 1
42 1
41 1
40 1
39 1
45 1
45 2
45 3
46 3
46 2
46 1
47 2
47 3
47 1
48 3
48 2
48 1
48 4
49 4
49 3
49 2
49 1
49 5
48 5
48 6
49 6
46 0
45 0
47 0
44 0
48 0
43 0
42 0
41 0
40 0
49 0
39 0
38 1
38 0
37 0
37 1
39 11
38 11
38 12
37 12
37 11
37 10
36 10
36 11
36 12
36 9
35 9
35 10
35 11
35 12
35 8
34 10
34 9
0
No
0
No
0
No
0
No
0
Yes
8 8
8 9
8 10
9 8
9 9
0
Yes
49 22
48 22
48 21
49 21
48 20
49 20
47 20
47 21
47 22
47 23
48 23
49 23
46 22
46 21
46 23
46 20
47 19
46 19
48 19
49 19
49 24
48 24
47 24
46 24
45 21
45 22
45 23
45 20
45 24
45 19
48 25
47 25
46 25
49 25
45 25
44 22
44 21
44 23
44 20
44 24
44 19
44 25
49 26
48 26
47 26
46 26
45 26
44 26
43 21
43 22
43 23
43 24
43 20
43 25
43 26
43 19
48 27
47 27
46 27
45 27
44 27
49 27
43 27
42 22
42 23
42 24
42 25
42 26
42 27
42 21
42 20
49 28
48 28
47 28
46 28
45 28
44 28
43 28
42 28
41 23
41 24
41 25
0
No
0
Yes
24 21
24 22
23 21
23 22
25 21
25 22
24 20
24 23
23 20
23 23
25 20
25 23
22 21
22 22
26 21
26 22
22 20
22 23
24 19
26 20
26 23
23 19
25 19
21 21
21 22
22 19
26 19
21 20
21 23
21 19
0
Yes
30 9
29 9
29 8
30 8
29 7
30 7
31 7
31 8
31 9
28 7
28 8
28 9
31 10
30 10
29 10
28 10
32 8
32 9
32 10
30 11
29 11
31 11
28 11
0
No
0
No
0
No
0
Yes
48 4
48 3
47 3
49 3
49 4
49 2
48 2
47 2
48 1
47 1
49 1
49 0
48 0
47 0
46 1
46 2
46 3
46 0
45 3
45 2
45 1
45 0
0
Yes
47 36
47 37
48 36
48 37
46 36
46 37
47 35
47 38
48 35
48 38
49 36
49 37
46 35
46 38
49 35
49 38
45 36
45 37
47 34
48 34
45 35
45 38
46 34
49 34
45 34
0
Yes
6 32
5 32
5 31
6 31
5 30
6 30
7 30
7 31
7 32
4 30
4 31
4 32
7 33
6 33
5 33
4 33
8 32
8 31
8 33
8 30
7 29
6 29
5 29
4 29
8 29
3 32
3 31
3 30
3 33
3 29
6 34
5 34
7 34
4 34
8 34
3 34
9 31
9 32
9 33
9 30
9 34
9 29
6 28
5 28
7 28
8 28
9 28
4 28
3 28
2 31
2 32
2 33
2 30
2 29
2 34
5 35
6 35
7 35
4 35
8 35
3 35
9 35
10 32
10 31
10 33
10 30
10 34
10 29
10 35
10 28
1 32
1 31
1 30
1 29
1 33
1 34
6 36
5 36
7 36
8 36
4 36
9 36
3 36
10 36
0
Yes
48 12
49 12
48 11
48 13
49 11
49 13
47 12
47 11
47 13
49 10
0
Yes
24 16
24 17
23 16
23 17
24 15
0
No
0
No
0
Yes
41 2
40 2
40 1
41 1
40 0
41 0
42 0
42 1
42 2
39 0
39 1
39 2
42 3
41 3
40 3
39 3
43 2
43 1
43 0
43 3
41 4
40 4
42 4
39 4
44 1
44 2
44 0
42 5
41 5
40 5
38 0
38 1
37 0
37 1
0
Yes
0 20
0 21
1 21
1 20
2 21
2 20
2 22
1 22
0 22
0 23
1 23
2 23
3 22
3 21
3 20
3 23
1 24
2 24
0 24
3 24
3 19
2 19
1 19
4 20
4 21
4 22
4 23
4 19
4 24
0 25
1 25
2 25
3 25
4 25
5 19
5 20
5 21
5 22
5 23
5 24
5 25
2 26
3 26
4 26
5 26
5 18
4 18
3 18
6 20
6 21
6 22
6 23
6 24
6 19
6 25
6 26
3 27
4 27
5 27
6 27
7 19
7 20
7 21
7 22
7 23
7 24
7 25
7 26
7 27
4 28
5 28
6 28
3 28
7 28
8 20
8 21
8 22
8 23
8 24
8 25
8 26
3 29
4 29
5 29
6 29
7 29
4 30
5 30
6 30
3 30
7 30
8 30
8 29
8 28
0
Yes
23 9
22 9
22 8
23 8
22 10
24 8
23 7
24 7
21 8
21 9
21 10
21 11
22 11
20 9
20 10
20 11
22 12
23 12
24 6
23 6
22 6
25 6
23 5
24 5
22 5
25 5
19 10
19 9
19 11
19 8
20 12
19 12
18 9
18 10
18 11
18 12
26 5
26 6
26 7
27 7
27 6
27 5
22 4
23 4
24 4
25 4
26 4
27 4
19 13
18 13
28 6
28 5
28 4
23 3
24 3
25 3
26 3
27 3
22 3
17 10
17 11
21 3
22 2
23 2
24 2
25 2
26 2
27 2
16 11
16 10
29 4
23 1
24 1
25 1
26 1
22 1
27 1
21 1
24 0
23 0
25 0
26 0
27 0
28 1
28 0
26 8
21 6
20 6
19 7
18 7
19 14
20 14
20 15
19 15
0
Yes
32 36
31 36
31 35
32 35
31 34
32 34
30 34
30 35
30 36
30 37
31 37
32 37
29 36
29 35
29 37
29 34
30 33
31 33
32 33
29 33
28 35
28 36
28 34
28 37
28 33
32 32
31 32
30 32
29 32
28 32
28 38
29 38
30 38
27 36
27 35
27 34
27 37
27 33
27 32
27 38
26 35
26 34
26 36
26 37
26 33
26 32
25 36
25 35
25 34
25 33
25 37
25 32
26 31
27 31
28 31
25 31
24 35
24 34
24 33
24 32
24 31
24 36
24 37
28 30
27 30
26 30
25 30
24 30
28 29
27 29
28 28
27 28
29 28
29 29
29 30
29 27
28 27
27 27
30 27
30 28
30 29
31 29
31 28
31 27
32 28
32 27
32 26
31 26
30 26
29 26
28 26
31 25
30 25
29 25
32 25
28 25
33 26
33 27
33 28
33 25
33 24
32 24
31 24
30 24
29 24
28 24
34 28
34 27
34 26
34 25
34 24
35 27
35 26
35 25
35 24
35 28
34 23
33 23
32 23
31 23
30 23
29 23
35 23
28 23
36 26
36 25
36 27
36 24
36 23
27 23
27 24
27 25
33 35
33 34
30 22
29 22
28 22
27 22
26 25
26 24
26 23
26 22
37 27
37 26
37 25
37 24
0
Yes
46 31
46 32
45 31
45 32
47 31
47 32
46 30
46 33
45 30
45 33
47 30
47 33
44 31
44 32
44 30
44 33
46 29
45 29
47 29
44 29
0
No
0
Yes
1 28
0 28
0 29
1 29
0 30
1 30
0 31
1 31
2 31
2 30
2 29
2 32
1 32
0 32
0
Yes
27 38
27 37
26 37
28 37
28 38
28 36
27 36
26 36
29 36
29 37
29 38
27 35
28 35
26 35
29 35
30 38
30 37
30 36
30 35
25 35
25 36
25 37
26 34
27 34
28 34
29 34
25 34
30 34
31 37
31 36
31 35
31 34
24 37
24 36
24 35
24 34
27 33
26 33
28 33
29 33
25 33
30 33
24 33
0
Yes
48 12
49 12
48 11
48 13
49 11
49 13
47 12
47 11
47 13
49 10
0
Yes
27 19
26 19
26 20
27 20
26 21
27 21
28 21
28 20
28 19
25 21
25 20
25 19
29 19
29 20
29 21
28 22
27 22
26 22
25 22
29 22
24 19
24 20
24 21
24 22
30 20
30 21
30 19
30 22
29 18
28 18
27 18
30 18
27 23
26 23
28 23
25 23
29 23
24 23
30 23
23 20
23 21
23 22
23 19
23 23
31 19
31 18
31 20
31 21
27 17
28 17
29 17
30 17
26 24
27 24
28 24
25 24
29 24
30 24
24 24
22 19
22 20
22 21
22 22
22 23
28 16
29 16
27 16
27 25
28 25
29 25
30 25
26 25
21 20
21 21
21 22
21 19
21 23
31 25
31 24
31 23
28 26
29 26
30 26
31 26
32 23
32 24
32 25
32 26
29 27
30 27
31 27
28 27
32 27
0
Yes
9 31
8 31
8 32
9 32
8 33
9 33
10 33
10 32
10 31
7 33
7 32
7 31
10 34
9 34
8 34
7 34
6 31
6 32
6 33
6 34
11 34
11 33
11 32
9 35
8 35
10 35
7 35
6 35
5 32
5 33
5 34
5 31
5 35
8 36
7 36
9 36
6 36
5 36
10 36
4 31
4 32
4 33
4 34
4 35
4 36
3 32
3 33
3 34
3 35
3 36
3 31
3 37
4 37
5 37
0
Yes
6 45
6 44
5 44
5 43
6 43
5 42
6 42
4 42
4 43
4 44
3 44
3 43
3 42
2 43
2 44
2 42
2 45
3 45
4 45
1 45
1 44
1 43
1 42
2 41
3 41
4 41
1 41
0 44
0 43
0 42
0 45
0 41
4 40
3 40
2 40
1 40
0 40
0
Yes
42 0
41 0
41 1
42 1
43 1
43 0
42 2
41 2
43 2
44 0
44 1
44 2
40 1
40 0
40 2
39 0
39 1
39 2
41 3
42 3
43 3
40 3
39 3
45 1
45 0
45 2
42 4
41 4
40 4
39 4
46 0
46 1
46 2
38 1
38 0
45 3
46 3
37 0
37 1
41 5
40 5
42 5
43 5
47 1
47 2
47 0
47 3
48 0
48 1
48 2
48 3
43 6
49 1
49 2
49 0
49 3
48 4
49 4
49 5
48 5
48 6
49 6
0
Yes
5 40
4 40
4 39
5 39
4 38
5 38
3 38
3 39
3 40
2 40
2 39
2 38
2 41
3 41
4 41
4 42
3 42
2 42
3 43
4 43
2 43
1 42
1 41
1 40
1 43
2 44
3 44
4 44
1 44
5 44
5 43
5 42
0 40
0 41
0 42
0 43
0 44
4 45
3 45
2 45
1 45
0 45
6 42
6 43
6 44
2 46
1 46
0
No
0
Yes
13 34
12 34
13 33
12 33
0
Yes
25 22
24 22
24 21
25 21
24 20
25 20
26 20
26 21
26 22
23 20
23 21
23 22
26 23
25 23
24 23
23 23
27 22
27 21
27 23
27 20
26 19
25 19
24 19
23 19
27 19
22 22
22 21
22 20
22 23
22 19
25 24
26 24
27 24
24 24
28 21
28 22
28 23
28 20
28 24
28 19
21 21
21 22
21 20
21 23
21 19
26 25
27 25
28 25
29 22
29 21
29 23
29 20
29 24
0
Yes
5 22
5 23
4 22
4 23
6 22
6 23
5 21
5 24
4 21
4 24
6 21
6 24
3 22
3 23
7 22
7 23
3 21
3 24
5 20
5 25
7 21
7 24
4 20
4 25
6 20
6 25
2 22
2 23
8 22
8 23
3 20
3 25
7 20
7 25
2 21
2 24
8 21
8 24
5 19
4 19
6 19
2 20
2 25
8 20
8 25
1 22
1 23
3 19
7 19
1 21
1 24
2 19
8 19
1 20
1 25
1 19
0
Yes
5 37
4 37
4 36
5 36
4 35
5 35
3 35
3 36
3 37
2 36
2 37
3 34
4 34
5 34
6 34
6 35
6 36
5 33
4 33
6 33
3 33
7 36
7 35
7 34
7 33
4 32
5 32
6 32
3 32
7 32
8 35
8 34
8 33
8 36
8 32
2 32
2 33
2 34
5 31
4 31
6 31
3 31
7 31
2 31
8 31
9 36
9 35
9 34
9 33
9 32
9 31
1 34
1 33
1 32
1 31
4 30
5 30
6 30
3 30
7 30
2 30
8 30
1 30
9 30
10 35
10 34
10 33
10 32
10 31
10 30
10 36
0 32
0 31
0 30
5 29
4 29
6 29
3 29
7 29
2 29
8 29
1 29
9 29
0 29
10 29
11 34
11 33
11 32
4 28
5 28
6 28
7 28
8 28
3 28
9 28
10 28
1 28
0 28
11 28
11 29
11 30
5 27
6 27
7 27
8 27
9 27
4 27
10 27
3 27
11 27
4 26
5 26
6 26
7 26
8 26
9 26
10 26
11 26
3 26
9 25
10 25
11 25
10 24
9 24
11 24
0
No
0
Yes
31 26
30 26
30 25
31 25
30 24
31 24
32 24
32 25
32 26
32 27
31 27
30 27
33 26
33 25
33 27
33 24
32 23
31 23
33 23
30 23
31 28
32 28
30 28
33 28
29 27
29 26
29 28
29 25
34 25
34 26
34 27
34 24
34 28
34 23
29 29
30 29
31 29
28 28
28 27
28 29
28 26
35 26
35 25
35 27
35 24
35 23
35 28
27 29
27 28
27 27
36 25
36 26
36 27
36 24
0
Yes
44 35
43 35
43 34
44 34
43 33
44 33
43 32
44 32
42 32
42 33
42 34
42 31
43 31
44 31
41 34
41 33
41 32
45 31
45 32
45 33
40 33
40 34
40 32
46 33
46 32
46 31
39 32
39 33
39 34
47 32
47 31
46 30
45 30
44 30
47 30
44 29
45 29
46 29
47 29
47 33
41 35
40 35
48 33
48 32
42 30
41 30
41 29
42 29
40 29
40 30
40 28
41 28
0
Yes
17 34
17 35
18 35
18 34
19 34
19 35
18 36
17 36
19 36
19 33
17 37
18 37
19 37
16 37
20 33
20 34
20 35
20 36
20 37
20 32
19 32
18 32
19 31
20 31
21 34
21 33
21 35
21 32
21 36
21 31
21 37
16 38
17 38
18 38
19 38
20 38
21 38
20 30
19 30
18 30
18 29
19 29
20 29
17 29
22 33
22 34
22 35
22 32
22 36
22 37
22 31
22 38
20 39
21 39
22 39
17 28
18 28
19 28
20 28
23 34
23 33
23 35
23 32
23 36
23 37
23 38
23 31
23 39
16 28
16 29
16 30
15 29
15 28
18 27
17 27
21 40
22 40
20 40
23 30
24 32
24 31
24 30
24 38
24 39
25 31
25 32
25 30
24 40
26 32
26 31
26 30
25 40
27 31
27 32
27 30
28 32
28 31
28 30
29 30
16 31
15 37
16 39
14 29
13 29
13 30
12 30
12 29
12 31
13 31
11 31
13 28
12 28
12 27
0
Yes
12 2
11 2
11 1
11 3
12 3
10 3
10 2
10 1
10 4
11 4
12 4
9 2
9 3
9 1
9 4
13 4
13 3
13 2
9 0
10 0
11 0
8 1
8 2
8 3
8 4
8 0
12 5
13 5
12 6
13 6
12 7
13 7
12 8
13 8
11 8
11 7
11 6
0
Yes
37 19
36 19
37 18
38 18
38 19
38 20
39 19
39 18
39 20
38 17
37 17
39 17
39 21
38 21
37 21
37 16
38 16
39 16
37 22
38 22
39 22
36 22
36 21
35 21
35 22
35 20
35 19
35 18
34 19
34 18
40 18
40 19
40 20
40 17
40 21
41 19
41 18
41 20
41 17
41 21
33 18
33 19
33 20
36 23
37 23
38 23
38 15
32 19
32 18
37 24
38 24
42 18
42 19
42 17
32 17
42 16
31 18
31 19
0
Yes
36 7
35 7
35 6
35 8
34 8
34 7
34 6
34 9
35 9
34 10
35 10
36 9
36 10
33 9
33 8
32 9
32 8
31 9
31 8
30 9
30 8
30 10
31 10
32 10
29 10
29 9
29 8
29 7
30 7
31 7
29 11
30 11
31 11
28 11
28 10
28 9
28 8
28 7
0
Yes
21 19
21 20
22 20
22 19
23 20
23 19
23 21
22 21
21 21
21 22
22 22
23 22
24 21
24 20
24 19
24 22
22 23
23 23
24 23
21 23
25 19
25 20
25 21
25 22
25 23
26 20
26 21
26 22
26 19
26 23
27 19
27 20
27 21
27 22
27 23
26 24
25 24
27 24
24 24
28 20
28 21
28 22
28 23
28 19
28 24
0
No
0
No
0
Yes
26 35
25 35
25 34
26 34
25 33
26 33
27 33
27 34
27 35
24 33
24 34
24 35
27 36
26 36
25 36
24 36
28 35
28 34
28 36
28 33
26 37
27 37
28 37
25 37
24 37
29 34
29 35
29 36
29 33
29 37
27 38
0
Yes
31 31
31 32
30 32
32 32
30 33
31 33
32 33
31 34
30 34
32 34
33 34
30 35
31 35
32 35
33 35
31 36
32 36
30 36
34 35
34 34
35 34
35 35
34 36
35 36
30 37
31 37
32 37
36 35
36 34
36 36
36 33
37 33
37 34
35 37
34 37
36 37
37 37
36 38
35 38
37 38
35 39
36 39
37 39
38 38
38 37
38 39
36 40
39 39
39 38
38 40
39 40
29 32
30 38
29 38
38 33
28 38
39 33
39 32
39 34
40 32
40 33
40 34
40 35
41 33
41 34
41 32
41 35
42 32
42 33
42 34
42 31
43 31
43 32
43 33
43 34
43 35
44 32
44 33
44 34
44 31
44 35
44 30
45 31
45 32
45 33
45 30
45 29
44 29
46 30
46 31
46 32
46 29
46 33
47 31
47 30
47 32
47 29
47 33
48 32
48 33
42 30
41 30
41 29
42 29
40 29
40 30
39 30
40 28
41 28
41 27
38 30
37 30
37 31
36 31
36 30
36 29
37 29
36 41
41 26
36 42
37 42
37 43
38 43
38 42
37 44
37 45
36 45
38 45
36 46
37 46
35 46
35 45
35 47
34 47
34 46
0
Yes
41 21
40 21
40 20
41 20
41 19
40 19
39 20
39 21
39 19
39 22
42 19
38 21
38 20
38 22
38 19
40 18
41 18
39 18
42 18
38 18
38 23
43 18
41 17
40 17
42 17
39 17
38 17
37 22
37 21
37 23
37 19
37 18
37 17
36 21
36 22
36 23
37 24
38 24
42 16
39 16
38 16
37 16
35 22
35 21
35 20
38 15
44 18
45 18
45 17
46 17
46 18
47 18
47 17
46 16
45 16
47 16
47 15
46 15
46 14
45 14
48 16
45 13
46 13
47 13
46 12
45 12
47 12
48 12
48 13
49 13
49 12
47 11
48 11
49 11
49 10
36 19
35 19
35 18
34 19
34 18
33 18
33 19
33 20
32 19
32 18
32 17
31 18
31 19
31 20
30 20
30 19
30 18
30 21
31 21
30 17
29 21
29 20
29 19
29 18
0
Yes
28 13
29 13
29 12
29 14
30 12
30 13
30 14
30 11
29 11
28 11
28 10
29 10
30 10
27 10
31 11
31 10
29 9
28 9
30 9
31 9
28 8
29 8
30 8
31 8
32 10
32 9
32 8
29 7
30 7
31 7
28 7
33 9
33 8
34 8
34 9
34 10
35 10
35 9
35 8
35 11
36 11
36 10
36 9
36 12
35 12
34 12
34 7
35 7
37 12
37 11
37 10
35 6
34 6
34 5
35 5
33 5
36 7
38 11
38 12
29 15
28 15
28 16
29 16
27 16
27 17
28 17
29 17
28 18
27 18
26 16
29 6
32 5
34 4
39 11
40 11
40 12
0
No
0
Yes
10 2
10 3
9 2
9 3
11 2
11 3
10 1
10 4
9 1
9 4
11 1
11 4
8 2
8 3
8 1
8 4
10 0
9 0
11 0
8 0
0
No
0
No
0
Yes
30 9
29 9
29 8
30 8
29 7
30 7
31 7
31 8
31 9
28 7
28 8
28 9
31 10
30 10
29 10
28 10
32 8
32 9
32 10
30 11
29 11
31 11
28 11
0
No
0
No
0
Yes
3 43
2 43
2 42
3 42
2 41
3 41
4 41
4 42
4 43
1 41
1 42
1 43
4 44
3 44
2 44
1 44
5 42
5 43
5 44
4 40
3 40
2 40
1 40
0 43
0 42
0 41
0 44
0 40
3 45
2 45
1 45
0 45
4 45
0
Yes
2 22
2 23
3 22
3 23
1 22
1 23
2 21
2 24
3 21
3 24
4 22
4 23
1 21
1 24
4 21
4 24
0 22
0 23
2 20
2 25
3 20
3 25
0 21
0 24
1 20
1 25
4 20
4 25
0 20
0 25
2 19
3 19
1 19
4 19
0
No
0
No
0
No
0
Yes
5 19
5 20
5 21
5 22
5 23
5 24
5 25
6 19
6 20
6 21
6 22
6 23
6 24
6 25
7 19
7 20
7 21
7 22
7 23
7 24
7 25
8 19
8 20
8 21
8 22
8 23
8 24
8 25
9 19
9 20
9 21
9 22
0
Yes
27 31
26 31
26 30
27 30
26 32
27 32
28 32
28 31
28 30
25 32
25 31
25 30
28 33
27 33
26 33
25 33
24 31
24 32
24 30
24 33
27 34
26 34
25 34
28 34
24 34
23 30
23 31
23 32
23 33
23 34
26 35
25 35
27 35
24 35
28 35
23 35
22 31
22 32
22 33
22 34
22 35
29 35
29 34
29 33
27 36
26 36
25 36
24 36
28 36
23 36
29 36
22 36
21 32
21 33
21 34
21 35
21 31
21 36
26 37
27 37
25 37
24 37
23 37
22 37
21 37
28 37
29 37
0
Yes
23 21
23 22
24 21
24 22
22 21
22 22
23 20
23 23
24 20
24 23
25 21
25 22
22 20
22 23
25 20
25 23
21 21
21 22
23 19
24 19
21 20
21 23
22 19
25 19
21 19
0
Yes
6 32
5 32
5 31
6 31
5 30
6 30
7 30
7 31
7 32
4 30
4 31
4 32
7 33
6 33
5 33
4 33
8 32
8 31
8 33
8 30
7 29
6 29
5 29
4 29
8 29
3 32
3 31
3 30
3 33
3 29
6 34
5 34
7 34
4 34
8 34
3 34
9 31
9 32
9 33
9 30
9 34
9 29
6 28
5 28
7 28
4 28
8 28
3 28
9 28
2 31
2 32
2 33
2 30
2 29
2 34
5 35
6 35
7 35
4 35
8 35
3 35
9 35
10 32
10 31
10 33
10 30
10 34
10 29
10 35
10 28
5 27
6 27
7 27
8 27
4 27
9 27
3 27
10 27
1 32
1 31
1 30
1 29
1 33
1 34
6 36
5 36
7 36
8 36
4 36
9 36
0
Yes
2 43
1 43
2 42
2 44
3 43
1 42
1 44
3 42
3 44
0 43
2 41
2 45
0 42
0 44
1 41
1 45
3 41
3 45
0 41
0 45
2 40
1 40
3 40
0 40
0
No
0
No
0
Yes
49 22
48 22
48 21
49 21
48 20
49 20
47 20
47 21
47 22
47 23
48 23
49 23
46 22
46 21
46 23
46 20
47 19
46 19
48 19
49 19
49 24
48 24
47 24
46 24
45 21
45 22
45 23
45 20
45 24
45 19
48 25
47 25
46 25
49 25
45 25
44 22
44 21
44 23
44 20
44 24
44 19
44 25
49 26
48 26
47 26
46 26
45 26
44 26
43 21
43 22
43 23
43 24
43 20
43 25
43 26
43 19
48 27
47 27
46 27
45 27
44 27
49 27
43 27
42 22
42 23
42 24
42 25
42 26
42 27
42 21
42 20
49 28
48 28
47 28
46 28
45 28
44 28
43 28
42 28
41 23
41 24
41 25
41 26
41 27
41 28
47 29
46 29
45 29
44 29
40 24
40 25
46 30
45 30
47 30
0
No
0
No
0
Yes
7 1
8 1
8 0
8 2
9 0
9 1
9 2
9 3
8 3
10 1
10 2
10 0
10 3
8 4
9 4
10 4
11 0
11 1
11 2
11 3
11 4
9 5
8 5
8 6
9 6
7 6
12 2
12 3
12 4
7 7
6 7
6 6
5 6
5 7
5 5
4 5
4 6
4 7
4 4
5 4
5 3
4 3
6 4
13 3
13 2
13 4
12 5
13 5
6 8
7 8
8 8
13 6
12 6
11 6
11 7
12 7
13 7
7 9
6 9
8 9
5 9
9 9
9 8
12 8
11 8
13 8
14 6
14 7
11 9
12 9
13 9
6 10
7 10
8 10
5 10
4 10
4 9
7 11
6 11
5 11
4 11
15 7
12 10
11 10
13 10
11 11
12 11
13 11
6 12
5 12
7 12
4 12
14 10
14 11
12 12
13 12
13 13
12 13
11 13
11 14
12 14
13 14
10 14
14 13
12 15
0
No
0
Yes
32 37
31 37
31 36
32 36
31 35
32 35
30 35
30 36
30 37
29 37
29 36
29 35
30 34
31 34
32 34
29 34
28 36
28 35
28 37
28 34
32 33
31 33
30 33
29 33
28 33
27 37
27 36
27 35
27 34
27 33
28 38
29 38
30 38
27 38
31 32
30 32
29 32
0
Yes
23 34
23 35
22 34
22 35
24 34
24 35
23 33
23 36
22 33
22 36
24 33
24 36
21 34
21 35
25 34
25 35
21 33
21 36
23 32
23 37
25 33
25 36
22 32
22 37
24 32
24 37
20 34
20 35
26 34
26 35
21 32
21 37
25 32
25 37
20 33
20 36
26 33
26 36
23 31
22 31
24 31
20 32
20 37
26 32
26 37
19 34
19 35
21 31
25 31
19 33
19 36
20 31
26 31
19 32
19 37
19 31
0
Yes
48 12
49 12
48 11
48 13
49 11
49 13
47 12
47 11
47 13
49 10
0
Yes
7 19
6 19
6 20
7 20
6 21
7 21
8 21
8 20
8 19
5 21
5 20
5 19
9 19
9 20
9 21
8 22
7 22
6 22
5 22
9 22
7 23
6 23
8 23
5 23
9 23
10 23
10 22
10 21
6 24
7 24
8 24
9 24
5 24
10 24
7 25
8 25
6 25
9 25
0
Yes
30 10
29 10
30 9
30 11
31 10
29 9
29 11
31 9
31 11
28 10
30 8
30 12
28 9
28 11
29 8
29 12
31 8
28 8
30 7
29 7
31 7
28 7
0
Yes
2 26
3 26
3 27
4 27
4 26
5 27
5 26
5 28
4 28
3 28
6 28
6 27
6 26
3 29
4 29
5 29
6 29
7 26
7 27
7 28
7 29
4 30
5 30
6 30
3 30
7 30
8 27
8 28
8 29
8 26
8 30
3 31
4 31
5 31
6 31
7 31
8 31
9 26
9 27
9 28
9 29
9 30
9 31
2 31
2 30
2 29
4 32
5 32
6 32
7 32
3 32
8 32
2 32
9 32
1 29
1 30
1 31
1 32
10 27
10 28
10 29
10 30
10 31
10 26
10 32
2 33
3 33
4 33
5 33
6 33
7 33
8 33
9 33
1 33
10 33
0 30
0 29
0 31
0 32
11 26
11 27
11 28
11 29
11 30
11 31
11 32
11 33
1 34
2 34
3 34
4 34
5 34
6 34
7 34
8 34
9 34
10 34
11 34
12 27
12 28
12 29
12 30
12 31
12 26
3 35
4 35
5 35
6 35
7 35
8 35
9 35
10 35
13 28
13 29
13 30
13 31
12 25
11 25
10 25
4 36
5 36
6 36
7 36
8 36
9 36
3 36
10 36
3 37
4 37
5 37
4 38
3 38
5 38
2 38
2 37
2 36
2 39
3 39
4 39
5 39
3 40
4 40
2 40
5 40
2 41
3 41
4 41
1 28
0 28
0
Yes
47 35
47 36
48 35
48 36
46 35
46 36
47 34
47 37
48 34
48 37
49 35
49 36
46 34
46 37
49 34
49 37
45 35
45 36
47 33
47 38
48 33
48 38
45 34
45 37
46 33
46 38
49 38
45 33
45 38
47 32
48 32
46 32
45 32
0
Yes
26 16
27 16
27 17
28 17
28 16
29 17
29 16
29 18
28 18
27 18
27 19
28 19
29 19
28 20
27 20
29 20
30 19
30 18
30 20
30 17
29 21
28 21
27 21
30 21
26 21
26 20
26 19
31 20
31 19
31 18
31 21
26 22
27 22
28 22
29 22
30 22
32 19
32 18
27 23
28 23
29 23
26 23
30 23
26 24
27 24
28 24
29 24
30 24
27 25
28 25
29 25
30 25
26 25
31 25
31 24
31 23
32 23
32 24
32 25
28 26
29 26
30 26
31 26
32 26
33 24
33 25
33 23
33 26
33 27
32 27
31 27
30 27
29 27
28 27
34 23
34 24
34 25
34 26
34 27
35 24
35 25
35 26
35 23
35 27
34 28
33 28
32 28
31 28
30 28
29 28
28 28
35 28
36 23
36 24
36 25
36 26
36 27
33 19
33 18
28 29
29 29
30 29
31 29
27 29
27 28
27 27
37 24
37 25
37 26
37 23
37 27
27 30
28 30
29 30
37 22
36 22
35 22
35 21
36 21
37 21
38 26
38 27
38 21
38 22
38 23
38 24
28 15
29 15
0
Yes
35 39
35 38
36 38
36 39
36 40
37 39
37 38
36 37
35 37
37 37
34 37
35 36
36 36
34 36
38 38
38 39
38 37
38 40
39 39
39 38
39 40
34 35
35 35
36 35
33 35
35 34
34 34
36 34
33 34
37 34
36 33
37 33
38 33
36 41
36 42
37 42
37 43
38 43
38 42
37 44
37 45
36 45
38 45
36 46
37 46
35 46
35 45
35 47
34 47
34 46
33 46
33 47
32 47
33 48
32 48
31 48
31 47
30 47
30 48
30 46
32 49
31 49
33 49
30 49
29 48
29 49
28 49
39 33
39 34
40 34
40 33
40 35
41 35
41 34
41 33
39 32
40 32
41 32
42 34
42 33
42 32
43 33
43 34
43 32
43 35
44 35
44 34
44 33
44 32
42 31
43 31
44 31
44 30
45 31
42 30
41 30
41 29
42 29
40 29
40 30
39 30
40 28
38 30
37 30
37 31
36 31
36 30
36 29
37 29
27 49
26 49
26 48
26 47
25 47
26 46
0
Yes
48 41
48 42
49 41
49 42
47 41
47 42
48 40
49 40
0
Yes
48 4
48 3
47 3
49 3
49 4
49 2
48 2
47 2
48 1
47 1
49 1
49 0
48 0
47 0
46 1
46 2
46 3
46 0
45 3
45 2
45 1
0
Yes
10 21
9 21
9 20
9 22
10 22
8 22
8 21
8 20
8 23
9 23
10 23
7 21
7 22
7 20
7 23
10 24
9 24
8 24
7 24
7 19
8 19
9 19
6 20
6 21
6 22
6 23
6 19
6 24
9 25
8 25
7 25
6 25
5 21
5 22
5 23
5 20
5 24
5 19
5 25
0
Yes
2 48
2 49
1 48
1 49
3 48
3 49
2 47
1 47
3 47
0 48
0 49
0 47
0
Yes
41 2
40 2
40 1
41 1
40 3
41 3
42 1
42 2
42 3
41 0
40 0
42 0
41 4
40 4
42 4
43 2
43 1
43 3
43 0
39 1
39 2
39 3
39 0
39 4
40 5
41 5
42 5
44 1
44 2
44 0
38 0
38 1
43 5
37 1
37 0
43 6
45 0
36 0
43 7
44 7
44 8
43 8
42 8
42 9
43 9
44 9
45 8
45 7
45 9
46 7
46 8
46 9
46 6
43 10
44 10
42 10
41 10
41 11
42 11
40 11
40 10
46 10
40 12
41 8
35 0
34 0
34 1
33 1
33 0
33 2
32 0
32 1
33 3
39 11
38 11
38 12
37 12
37 11
37 10
36 10
36 11
36 12
36 9
35 9
35 10
35 11
35 12
35 8
34 8
34 9
34 10
34 7
35 7
36 7
35 6
34 6
34 5
35 5
34 4
33 5
33 9
33 8
32 8
32 9
0
Yes
41 21
40 21
40 20
41 20
40 19
41 19
39 19
39 20
39 21
39 18
40 18
41 18
41 17
40 17
39 17
38 18
38 19
38 17
38 20
42 17
42 18
42 19
37 17
37 18
0
Yes
3 42
2 42
2 43
3 43
2 44
3 44
4 44
4 43
4 42
1 44
1 43
1 42
5 42
5 43
5 44
4 45
3 45
2 45
1 45
0 42
0 43
0 44
0 45
6 43
6 42
6 44
2 46
1 46
0 46
1 47
2 47
0 47
0 48
1 48
2 48
2 49
1 49
0 49
3 49
3 48
3 47
4 49
4 48
1 41
0 41
1 40
0 40
6 45
5 49
0
Yes
18 30
18 29
17 29
19 29
19 30
20 30
20 29
17 28
18 28
19 28
20 28
16 28
16 29
16 30
18 27
17 27
15 29
15 28
16 31
18 26
14 29
13 29
13 30
13 28
12 30
12 29
12 28
12 31
13 31
12 27
11 29
11 30
11 28
11 31
11 27
11 32
10 30
10 29
10 31
10 28
10 32
10 27
11 26
12 26
10 26
13 26
13 25
12 25
11 25
10 25
14 25
14 24
13 24
12 24
11 24
10 33
11 33
12 33
12 34
11 34
10 34
13 34
13 33
13 35
13 23
12 23
14 23
11 23
15 23
15 22
14 22
13 22
12 22
9 29
9 30
9 31
9 28
9 32
9 27
9 33
9 26
9 34
10 35
9 35
14 21
13 21
0
Yes
0 32
0 31
1 31
1 32
2 31
2 32
2 30
1 30
0 30
0 29
1 29
2 29
3 30
3 31
3 32
3 29
3 33
2 33
1 33
4 32
4 31
4 30
4 33
4 29
1 34
2 34
3 34
4 34
5 31
5 32
5 33
5 30
5 34
5 29
3 35
4 35
5 35
6 32
6 31
6 33
6 30
6 34
6 29
6 35
5 28
4 28
3 28
6 28
4 36
5 36
3 36
6 36
7 31
7 32
7 33
7 30
7 34
7 29
7 35
7 28
7 36
3 27
4 27
5 27
6 27
7 27
3 37
4 37
5 37
8 32
8 31
8 33
8 30
8 34
8 29
8 35
8 28
8 27
8 36
4 26
5 26
6 26
3 26
7 26
8 26
4 38
3 38
5 38
0 28
1 28
0
Yes
0 26
0 25
1 25
1 24
0 24
1 23
0 23
2 23
2 24
2 25
2 22
1 22
0 22
3 25
3 24
3 23
3 22
0 21
1 21
2 21
3 21
4 24
4 23
4 22
4 21
4 25
1 20
2 20
3 20
4 20
0 20
0
Yes
30 23
30 24
30 25
30 26
30 27
30 28
31 23
31 24
31 25
31 26
31 27
31 28
32 23
32 24
32 25
32 26
32 27
32 28
33 23
33 24
33 25
33 26
33 27
33 28
34 23
34 24
34 25
34 26
34 27
34 28
35 23
35 24
35 25
35 26
35 27
35 28
36 23
36 24
36 25
36 26
36 27
0
Yes
13 48
12 48
12 47
13 47
14 47
13 46
12 46
14 46
11 47
11 48
11 46
11 49
15 46
15 47
10 48
10 47
10 49
10 46
12 45
13 45
14 45
11 45
15 45
10 45
16 47
16 46
16 45
16 48
17 48
17 47
17 46
17 45
9 47
9 48
9 49
11 44
12 44
10 44
8 48
8 49
16 44
12 43
11 43
10 43
18 46
18 45
11 42
12 42
10 42
12 41
11 41
10 41
13 41
13 40
12 40
14 40
10 40
14 39
13 39
18 48
0
Yes
37 26
37 25
37 27
38 27
38 26
37 24
38 24
38 23
37 23
37 22
38 22
36 22
39 22
36 21
37 21
38 21
35 21
35 22
35 20
39 27
35 19
36 19
34 19
34 18
35 18
33 18
33 19
33 20
32 19
32 18
31 18
31 19
31 20
30 20
30 19
30 18
30 21
31 21
29 21
29 20
29 19
29 18
29 22
30 22
28 22
28 21
28 20
28 19
28 18
28 23
29 23
29 24
28 24
28 25
29 25
29 26
28 26
28 27
29 27
29 28
28 28
28 29
29 29
30 29
29 30
28 30
27 25
27 24
27 23
27 22
27 21
27 20
27 19
27 18
27 27
27 28
27 29
27 30
28 31
27 31
32 17
26 24
26 23
26 22
26 21
26 20
26 19
26 25
30 17
29 17
28 17
27 17
27 32
28 32
26 30
29 16
28 16
27 16
28 15
29 15
29 14
30 14
30 13
29 13
26 16
28 13
31 29
37 19
0
Yes
43 35
43 34
42 34
44 34
44 35
44 33
43 33
42 33
43 32
42 32
44 32
44 31
43 31
42 31
41 32
41 33
41 34
0
Yes
25 30
24 30
24 31
25 31
24 32
25 32
23 32
23 31
23 30
23 33
24 33
25 33
25 34
24 34
23 34
26 33
26 34
26 32
26 31
22 33
22 32
22 31
22 34
24 35
25 35
23 35
26 35
22 35
21 31
21 32
21 33
21 34
21 35
25 36
24 36
23 36
22 36
26 36
21 36
20 32
20 33
20 34
20 35
20 31
20 36
24 37
23 37
22 37
21 37
20 37
25 37
26 37
19 31
19 32
19 33
19 34
19 35
19 36
19 37
23 38
22 38
21 38
24 38
20 38
19 38
18 34
18 35
18 36
18 37
18 38
24 39
23 39
22 39
21 39
20 39
17 35
17 36
17 37
17 38
17 34
0
Yes
23 49
24 49
23 48
24 48
22 49
22 48
0
Yes
1 19
1 20
0 20
2 20
2 19
2 21
1 21
0 21
3 21
3 20
3 19
1 22
2 22
0 22
3 22
4 19
4 20
4 21
4 22
0 23
1 23
2 23
0
Yes
41 23
41 24
40 24
42 24
42 23
42 25
41 25
40 25
43 25
43 24
43 23
44 23
44 24
44 25
43 26
42 26
41 26
44 26
45 24
45 25
45 23
45 26
44 22
43 22
42 22
45 22
41 27
42 27
43 27
44 27
45 27
46 23
46 24
46 25
46 26
46 22
46 27
42 21
43 21
44 21
45 21
46 21
42 28
43 28
44 28
45 28
41 28
46 28
47 22
47 23
47 24
47 25
47 26
47 27
47 21
47 28
43 20
44 20
45 20
46 20
47 20
42 20
44 29
45 29
46 29
47 29
48 23
48 22
48 24
48 25
48 26
48 21
48 27
48 28
48 20
44 19
45 19
46 19
43 19
47 19
48 19
45 30
46 30
44 30
47 30
49 22
49 23
49 24
49 21
49 25
49 26
49 20
49 27
49 19
49 28
43 18
44 18
45 18
46 18
47 18
48 18
0
Yes
2 39
2 40
2 41
3 39
3 40
3 41
4 39
4 40
4 41
5 39
5 40
0
Yes
47 31
46 31
46 30
47 30
46 29
47 29
45 29
45 30
45 31
44 31
44 30
44 29
45 28
46 28
47 28
44 28
47 27
46 27
45 27
44 27
46 26
45 26
47 26
44 26
47 25
46 25
45 25
44 25
48 26
48 27
48 28
48 25
43 26
43 27
43 28
43 25
48 24
47 24
46 24
45 24
44 24
43 24
49 28
49 27
49 26
49 25
49 24
42 28
42 27
42 26
42 25
0
Yes
49 23
48 23
48 22
49 22
48 21
49 21
47 21
47 22
47 23
46 23
46 22
46 21
47 20
48 20
49 20
46 20
45 22
45 21
45 23
45 20
49 19
48 19
47 19
46 19
45 19
44 23
44 22
44 21
44 20
44 19
48 18
47 18
46 18
45 18
44 18
43 22
43 21
43 20
43 19
43 23
0
Yes
45 39
45 38
46 38
46 37
45 37
46 36
45 36
47 36
47 37
47 38
47 35
46 35
45 35
48 38
48 37
48 36
48 35
45 34
46 34
47 34
48 34
49 37
49 36
49 35
49 38
49 34
46 33
47 33
48 33
45 33
45 32
46 32
47 32
48 32
44 33
44 34
44 35
44 32
43 35
43 34
43 33
43 32
42 34
42 33
42 32
41 33
41 34
41 32
40 32
40 33
40 34
0
Yes
13 31
12 31
12 30
13 30
12 29
13 29
11 29
11 30
11 31
10 31
10 30
10 29
11 28
12 28
10 28
13 28
9 30
9 29
9 31
9 28
10 27
11 27
12 27
9 27
9 32
10 32
0
Yes
31 31
31 32
30 32
32 32
32 33
31 33
30 33
31 34
30 34
32 34
32 35
31 35
30 35
29 34
29 33
29 35
29 32
31 36
30 36
32 36
29 36
28 35
28 34
28 33
28 36
30 37
29 37
28 37
31 37
32 37
27 33
27 34
27 35
27 36
27 37
29 38
30 38
28 38
27 38
33 34
33 35
34 34
34 35
35 34
35 35
36 34
36 35
0
Yes
26 33
25 33
25 32
26 32
25 31
26 31
27 31
27 32
27 33
24 31
24 32
24 33
27 34
26 34
25 34
24 34
28 33
28 32
28 34
28 31
27 30
26 30
25 30
24 30
28 30
23 33
23 32
23 31
23 34
23 30
26 35
25 35
27 35
24 35
28 35
23 35
29 34
29 33
29 32
29 35
22 32
22 33
22 34
22 31
22 35
25 36
26 36
27 36
24 36
28 36
23 36
29 36
22 36
30 33
30 34
30 35
30 32
30 36
21 33
21 34
21 32
21 35
21 31
21 36
26 37
25 37
27 37
24 37
28 37
23 37
29 37
22 37
30 37
21 37
31 32
31 33
31 34
31 35
31 36
31 37
20 32
20 33
20 34
20 35
20 36
20 31
20 37
27 38
28 38
29 38
30 38
24 38
23 38
22 38
21 38
20 38
32 33
32 34
32 35
32 36
32 32
32 37
27 29
28 29
19 38
19 37
19 36
19 35
19 34
19 33
19 32
19 31
23 39
22 39
21 39
20 39
24 39
22 40
21 40
20 40
0
Yes
6 4
5 4
5 3
5 5
4 3
4 4
4 5
4 6
5 6
6 6
6 7
5 7
4 7
3 5
7 7
7 6
8 6
8 5
9 5
9 6
9 4
8 4
8 3
9 3
9 2
8 2
8 1
9 1
7 1
10 4
10 3
10 2
10 1
7 8
6 8
8 8
6 9
7 9
8 9
9 0
8 0
10 0
5 9
11 3
11 2
11 1
11 4
11 0
9 9
9 8
12 4
12 3
12 2
5 10
6 10
7 10
8 10
12 5
4 10
4 9
6 11
5 11
7 11
4 11
13 3
13 4
13 5
13 2
12 0
13 6
12 6
11 6
11 7
12 7
13 7
12 8
11 8
13 8
11 9
12 9
13 9
5 12
6 12
7 12
4 12
14 6
14 7
12 10
11 10
13 10
11 11
12 11
13 11
15 7
12 12
13 12
14 10
14 11
13 13
12 13
11 13
11 14
12 14
13 14
10 14
14 13
12 15
2 5
2 4
1 4
1 5
1 6
0 5
0 4
0 6
0 7
1 7
2 3
0 8
13 0
0
Yes
3 47
2 47
2 46
2 48
3 48
1 48
1 47
1 46
1 49
2 49
3 49
0 47
0 46
0 48
0 49
0 45
1 45
2 45
0
Yes
25 2
24 2
24 1
25 1
24 0
25 0
26 0
26 1
26 2
23 0
23 1
23 2
26 3
25 3
24 3
23 3
27 2
27 1
27 3
27 0
22 1
22 2
22 3
25 4
24 4
26 4
23 4
27 4
22 4
28 1
28 0
24 5
25 5
26 5
23 5
27 5
22 5
25 6
24 6
26 6
23 6
27 6
22 6
28 6
28 5
28 4
0
Yes
23 34
22 34
22 33
23 33
22 32
23 32
24 32
24 33
24 34
21 32
21 33
21 34
24 35
23 35
22 35
21 35
25 34
25 33
25 35
25 32
24 31
23 31
22 31
21 31
25 31
20 34
20 33
20 32
20 35
20 31
23 36
22 36
24 36
21 36
25 36
20 36
26 33
26 34
26 35
26 32
26 36
26 31
25 30
24 30
26 30
23 30
19 33
19 34
19 35
19 32
19 36
19 31
22 37
23 37
24 37
21 37
25 37
20 37
26 37
19 37
27 34
27 33
27 35
27 32
27 36
27 31
27 37
27 30
18 34
18 35
18 36
18 37
23 38
22 38
21 38
20 38
24 38
19 38
18 38
28 33
28 34
28 35
28 32
28 36
28 31
28 37
28 30
17 35
17 36
17 37
17 38
17 34
22 39
23 39
21 39
20 39
24 39
29 34
29 35
29 33
29 32
29 36
29 37
0
Yes
41 3
40 3
40 2
41 2
40 1
41 1
42 1
42 2
42 3
39 1
39 2
39 3
42 4
41 4
40 4
39 4
43 3
43 2
43 1
42 0
41 0
40 0
39 0
43 0
0
Yes
2 23
2 24
3 23
3 24
1 23
1 24
2 22
2 25
3 22
3 25
4 23
4 24
1 22
1 25
4 22
4 25
0 23
0 24
2 21
3 21
0 22
0 25
1 21
4 21
0 21
0
Yes
25 22
26 22
25 21
25 23
26 21
26 23
24 22
27 22
24 21
24 23
27 21
27 23
25 20
25 24
26 20
26 24
23 22
24 20
24 24
27 20
27 24
28 22
23 21
23 23
28 21
28 23
25 19
26 19
23 20
28 20
28 24
24 19
27 19
22 22
29 22
22 21
22 23
29 21
29 23
23 19
28 19
22 20
29 20
29 24
21 22
21 21
21 23
22 19
29 19
21 20
21 24
21 19
0
Yes
40 25
40 24
41 24
41 25
42 24
42 25
43 24
43 25
43 26
42 26
41 26
43 23
42 23
41 23
44 26
44 25
44 24
44 23
41 27
42 27
43 27
44 27
45 25
45 24
45 26
45 23
45 27
44 22
43 22
42 22
45 22
42 28
43 28
44 28
41 28
45 28
46 24
46 25
46 26
46 23
46 27
46 22
46 28
42 21
43 21
44 21
45 21
46 21
44 29
45 29
46 29
47 25
47 24
47 26
47 23
47 27
47 22
47 28
47 21
47 29
43 20
44 20
45 20
46 20
42 20
47 20
45 30
46 30
44 30
47 30
48 24
48 25
48 26
48 23
48 22
48 27
48 28
48 21
48 20
42 19
43 19
44 19
45 19
46 19
47 19
48 19
44 31
45 31
46 31
47 31
41 19
41 20
41 21
49 25
49 24
49 26
49 23
49 22
49 21
49 27
49 20
49 28
49 19
40 21
40 20
40 19
43 18
42 18
44 18
45 18
46 18
0
Yes
7 12
6 12
6 11
7 11
6 10
7 10
5 10
5 11
5 12
4 12
4 11
4 10
5 9
6 9
7 9
4 9
6 8
7 8
8 8
8 9
8 10
0
Yes
23 23
22 23
22 22
23 22
22 21
23 21
24 21
24 22
24 23
21 21
21 22
21 23
25 23
25 22
25 21
24 20
23 20
22 20
21 20
25 20
26 22
26 21
26 23
26 20
23 19
24 19
25 19
26 19
22 19
21 19
27 23
27 22
27 21
27 20
27 19
26 24
25 24
27 24
24 24
28 22
28 21
28 23
28 20
28 24
28 19
