0
Yes
7 24
6 24
6 23
7 23
6 22
7 22
5 22
5 23
5 24
4 24
4 23
4 22
3 23
3 24
3 22
4 25
5 25
6 25
3 25
2 22
2 23
2 24
2 25
6 26
5 26
4 26
3 26
2 26
1 24
1 23
1 25
1 22
5 27
4 27
3 27
2 27
6 27
0 23
0 24
0 22
0 25
1 21
2 21
3 21
0 21
4 28
3 28
2 28
3 20
2 20
1 20
0 20
2 19
1 19
3 19
0 19
3 18
2 18
1 18
0 18
4 18
4 19
4 20
5 20
5 19
5 18
6 19
6 20
6 21
7 21
7 20
7 19
6 18
7 18
7 17
6 17
5 17
4 17
3 17
2 17
1 17
0 17
0
Yes
18 41
18 42
19 42
19 43
18 43
19 44
18 44
20 44
20 43
20 42
20 45
19 45
18 45
18 46
19 46
20 46
17 45
17 44
17 43
17 46
17 47
18 47
19 47
20 47
16 43
16 44
16 45
16 46
16 47
21 47
21 46
21 45
16 48
17 48
18 48
19 48
20 48
21 48
15 44
15 45
15 46
15 47
15 43
15 48
18 49
17 49
16 49
15 49
19 49
22 48
22 47
22 46
0
Yes
28 17
27 17
27 16
28 16
27 15
28 15
26 15
26 16
26 17
25 17
25 16
25 15
25 14
26 14
27 14
24 17
24 16
24 18
25 18
26 18
26 19
25 19
24 19
25 20
26 20
24 20
23 19
23 18
23 20
23 17
24 21
25 21
26 21
23 21
26 22
25 22
24 22
23 22
25 23
24 23
23 23
26 23
22 22
22 21
22 23
22 20
22 24
23 24
24 24
21 23
21 22
21 21
21 24
21 25
22 25
23 25
24 25
20 21
20 22
20 23
20 24
20 25
20 26
21 26
22 26
23 26
24 26
19 21
19 22
0
Yes
1 30
2 30
1 29
1 31
2 29
2 31
0 30
0 29
0 31
1 28
0
Yes
48 47
49 47
48 46
48 48
49 46
49 48
47 47
47 46
47 48
48 45
48 49
49 45
49 49
47 45
47 49
48 44
47 44
0
Yes
46 36
47 36
46 35
46 37
47 35
47 37
45 36
48 36
45 35
45 37
48 35
48 37
46 34
47 34
44 36
45 34
48 34
49 36
44 35
44 37
49 35
49 37
44 34
49 34
43 36
43 35
43 37
43 34
0
Yes
42 44
42 45
41 44
41 45
0
Yes
29 6
28 6
28 5
28 7
29 7
27 7
27 6
27 5
26 6
26 5
26 7
25 7
25 6
25 5
26 8
27 8
28 8
25 8
0
Yes
28 2
27 2
28 1
28 3
29 2
27 1
27 3
29 1
29 3
26 2
28 0
30 2
26 1
26 3
27 0
29 0
30 1
26 0
25 2
25 1
25 3
25 0
0
Yes
7 24
6 24
6 23
7 23
6 22
7 22
5 22
5 23
5 24
4 24
4 23
4 22
3 23
3 24
3 22
4 25
5 25
6 25
3 25
2 22
2 23
2 24
2 25
6 26
5 26
4 26
3 26
2 26
1 24
1 23
1 25
1 22
5 27
4 27
3 27
2 27
6 27
0 23
0 24
0 22
0 25
1 21
2 21
3 21
0 21
4 28
3 28
2 28
3 20
2 20
1 20
0 20
2 19
1 19
3 19
0 19
3 18
2 18
1 18
0 18
4 18
4 19
4 20
5 20
5 19
5 18
6 19
6 20
6 21
7 21
7 20
7 19
6 18
7 18
7 17
6 17
5 17
4 17
3 17
2 17
1 17
0 17
8 21
8 20
8 19
8 22
8 23
8 18
8 17
6 16
5 16
4 16
3 16
2 16
7 16
1 16
0 16
8 16
9 23
9 22
9 21
9 19
9 18
5 15
4 15
3 15
2 15
1 15
0 15
10 22
10 23
10 21
2 14
1 14
0
Yes
48 1
48 2
49 1
49 2
47 1
47 2
48 0
49 0
47 0
0
Yes
27 34
26 34
26 33
27 33
26 32
27 32
28 32
28 33
28 34
25 32
25 33
25 34
28 35
27 35
26 35
25 35
29 34
29 33
29 35
29 32
24 34
24 33
24 35
24 32
27 36
26 36
28 36
25 36
29 36
24 36
30 33
30 34
30 35
30 32
30 36
23 33
23 34
23 35
23 32
23 36
28 37
27 37
26 37
29 37
31 34
31 33
31 35
31 32
31 36
0
Yes
5 14
5 13
4 13
6 13
6 12
5 12
4 12
5 11
4 11
6 11
6 10
5 10
4 10
7 11
7 12
7 13
7 10
5 9
4 9
3 10
3 11
3 12
3 9
8 13
8 12
8 11
8 10
2 12
2 11
2 10
2 9
3 8
4 8
2 8
5 8
9 12
9 11
9 13
9 10
1 11
1 10
1 9
1 12
1 8
9 9
8 9
7 9
2 7
3 7
4 7
1 7
10 11
10 12
10 10
10 9
0 12
0 11
0 10
0 9
0 8
0 7
4 6
3 6
2 6
1 6
0 6
0 13
1 13
2 13
1 5
0 5
11 11
11 12
0
Yes
34 39
33 39
33 38
34 38
33 37
34 37
35 37
35 38
35 39
32 37
32 38
32 39
35 40
34 40
33 40
32 40
36 39
36 38
36 40
36 37
35 36
34 36
33 36
36 36
32 36
31 38
31 39
31 40
34 41
33 41
32 41
31 41
37 38
37 39
37 37
37 36
37 40
30 39
30 40
30 38
30 41
33 42
32 42
31 42
30 42
38 37
38 38
38 39
0
Yes
10 44
10 45
11 45
11 46
10 46
11 47
10 47
11 48
10 48
9 48
9 47
9 46
12 48
12 47
12 46
9 49
10 49
11 49
12 49
8 46
8 47
8 48
8 49
13 46
13 47
13 48
13 49
7 47
7 48
7 46
7 49
14 47
14 48
14 49
6 46
6 47
6 48
6 49
5 47
5 48
5 46
5 49
8 45
7 45
8 44
7 44
8 43
7 43
8 42
7 42
8 41
7 41
6 41
6 42
6 43
5 43
5 42
5 41
4 42
4 43
4 41
4 44
5 44
5 45
4 45
4 46
4 47
4 48
4 49
6 40
7 40
8 40
5 40
4 40
3 44
3 43
3 42
3 41
3 46
3 47
3 48
3 49
9 40
9 41
9 42
0
Yes
40 4
40 3
39 3
41 3
41 4
41 2
40 2
39 2
42 2
42 3
42 4
40 1
39 1
43 4
43 3
43 2
42 5
41 5
40 5
43 5
38 1
38 2
38 3
44 3
44 4
44 5
44 2
40 6
41 6
42 6
43 6
44 6
37 3
37 2
37 1
44 1
43 1
42 1
45 4
45 5
45 6
45 3
41 7
42 7
43 7
44 7
40 7
45 7
36 2
36 1
42 0
43 0
44 0
37 0
36 0
38 0
39 0
40 8
41 8
42 8
43 8
44 8
45 8
35 0
35 1
35 2
41 9
42 9
43 9
44 9
45 9
42 10
43 10
41 10
44 10
45 10
41 11
42 11
43 11
42 12
41 12
43 12
40 12
40 11
40 10
39 10
39 11
39 12
46 4
46 5
45 1
45 0
46 1
46 0
0
Yes
26 32
25 32
25 33
26 33
25 34
26 34
27 34
27 33
27 32
24 34
24 33
24 32
28 32
28 33
28 34
27 35
26 35
25 35
24 35
28 35
23 32
23 33
23 34
23 35
29 33
29 34
29 32
29 35
26 36
25 36
27 36
24 36
28 36
29 36
23 36
30 32
30 33
30 34
30 35
30 36
27 37
26 37
28 37
29 37
31 33
31 34
31 35
31 32
31 36
28 38
27 38
26 38
29 38
32 35
32 36
31 31
30 31
29 31
26 39
27 39
28 39
29 39
32 31
32 32
32 33
33 32
33 31
33 33
27 40
28 40
26 40
29 40
30 40
30 39
30 38
31 38
31 39
31 40
32 39
32 38
32 37
32 40
33 37
33 38
33 36
33 39
33 40
22 32
22 33
34 36
34 37
34 38
34 39
34 40
31 41
32 41
30 41
33 41
29 41
34 41
35 37
35 38
35 39
35 40
35 36
30 42
31 42
32 42
33 42
36 36
36 37
36 38
36 39
36 40
31 43
32 43
30 43
33 43
34 32
34 31
37 37
37 38
37 39
37 36
37 40
24 31
0
Yes
1 35
0 35
0 36
1 36
0 37
1 37
2 37
2 36
2 35
3 35
3 36
3 37
2 38
1 38
0 38
3 38
4 36
4 37
4 35
4 38
1 39
2 39
0 39
5 35
5 36
5 37
5 38
0
Yes
0 26
0 25
1 25
1 24
0 24
1 23
0 23
2 23
2 24
2 25
2 22
1 22
0 22
3 25
3 24
3 23
3 22
0 21
1 21
2 21
3 21
4 24
4 23
4 22
4 25
1 20
2 20
0 20
3 20
4 26
3 26
2 26
5 25
5 24
5 23
5 26
5 22
2 27
3 27
4 27
5 27
0 19
1 19
2 19
3 19
6 26
6 25
6 24
6 23
6 22
6 27
3 28
4 28
2 28
1 18
2 18
0 18
3 18
7 24
7 23
7 22
4 18
4 19
4 20
0 17
1 17
2 17
3 17
4 17
5 20
5 19
5 18
5 17
6 19
6 20
6 21
7 21
7 20
7 19
6 18
7 18
6 17
7 17
8 23
8 22
8 21
8 20
8 19
8 18
8 17
1 16
2 16
3 16
4 16
5 16
6 16
7 16
0 16
8 16
9 22
9 21
9 23
9 19
9 18
0 15
1 15
2 15
3 15
4 15
5 15
10 23
10 22
10 21
0
Yes
39 26
38 26
38 25
39 25
38 24
39 24
40 24
40 25
40 26
37 24
37 25
37 26
40 23
39 23
38 23
37 23
36 26
36 25
36 24
36 23
35 25
35 24
35 26
35 23
36 27
37 27
35 27
38 27
34 26
34 25
34 24
34 23
33 25
33 24
33 23
33 26
33 22
34 22
35 22
32 22
32 23
32 24
32 25
35 21
34 21
33 21
32 21
31 21
31 22
31 23
31 24
31 25
34 20
33 20
32 20
31 20
33 19
32 19
34 19
0
Yes
42 20
42 21
41 20
41 21
43 20
43 21
42 19
42 22
41 19
41 22
43 19
43 22
40 20
40 21
44 20
44 21
40 19
40 22
42 18
44 19
44 22
41 18
43 18
39 20
39 21
40 18
44 18
39 19
39 22
39 18
0
Yes
10 0
9 0
9 1
8 1
8 0
8 2
9 2
7 0
7 1
7 2
6 1
6 0
6 2
7 3
8 3
6 3
8 4
7 4
6 4
9 4
5 0
9 5
8 5
7 5
6 5
10 5
10 6
9 6
8 6
7 6
6 6
11 6
11 5
11 4
12 5
5 4
5 5
8 7
4 5
4 4
4 3
3 3
3 4
3 5
3 2
2 2
13 5
13 4
14 4
14 3
13 3
13 2
14 2
12 2
12 1
13 1
14 1
13 0
12 0
14 0
15 0
15 1
15 2
15 3
15 4
16 1
16 2
16 3
16 0
17 0
17 1
17 2
17 3
17 4
18 1
18 2
18 0
19 0
19 1
19 2
19 3
20 1
20 2
20 0
20 3
20 4
19 4
21 0
21 1
21 2
21 3
22 1
22 2
22 0
22 3
22 4
23 0
23 1
23 2
23 3
23 4
23 5
22 5
24 1
24 2
24 3
24 4
24 0
24 5
4 0
1 2
1 1
0 1
0 2
0 0
1 0
2 0
0 3
0
No
0
No
0
Yes
45 35
44 35
44 34
45 34
44 36
45 36
46 34
46 35
46 36
45 33
46 33
45 37
44 37
46 37
47 35
47 34
47 36
47 37
43 34
43 35
43 36
43 37
46 32
48 34
48 35
48 36
48 37
47 38
48 38
48 33
49 35
49 34
49 36
49 37
49 33
49 38
48 39
47 39
49 39
46 39
49 32
46 40
47 40
48 40
45 40
45 39
44 39
44 40
43 40
45 41
44 41
46 41
47 41
43 41
48 41
42 41
42 40
41 40
41 39
40 39
40 40
40 38
39 38
39 39
39 40
44 42
45 42
46 42
47 42
48 42
40 41
45 43
46 43
44 43
38 39
38 38
38 37
44 44
45 44
46 44
45 45
44 45
46 45
46 46
45 46
45 47
46 47
44 47
44 48
45 48
46 48
43 48
43 47
45 49
44 49
46 49
43 49
42 49
42 48
41 48
41 49
40 49
40 48
39 48
39 49
38 49
38 48
37 48
37 49
36 49
36 48
0
Yes
35 8
35 9
34 9
36 9
36 8
36 10
35 10
34 10
37 10
37 9
37 8
35 11
36 11
34 11
37 11
33 11
33 10
33 9
34 12
35 12
36 12
37 12
35 13
36 13
37 13
34 13
0
Yes
12 43
12 42
11 42
11 41
12 41
10 41
10 42
9 41
9 42
8 41
8 42
8 40
9 40
10 40
7 40
7 41
7 42
6 42
6 41
6 40
6 43
7 43
8 43
5 43
5 42
5 41
5 40
7 44
8 44
7 45
8 45
7 46
8 46
7 47
8 47
7 48
8 48
9 48
9 47
9 46
10 46
10 47
10 48
11 47
11 46
11 48
12 48
12 47
12 46
6 48
6 47
6 46
5 46
5 47
5 48
13 46
13 47
13 48
12 49
11 49
10 49
9 49
8 49
7 49
6 49
13 49
5 49
4 47
4 48
4 46
4 49
14 47
14 48
14 49
4 45
5 45
5 44
4 44
4 43
4 42
4 41
4 40
3 46
3 47
3 48
3 49
0
Yes
22 5
22 4
23 4
23 5
24 4
24 5
24 3
23 3
22 3
22 2
23 2
24 2
23 1
22 1
24 1
24 0
23 0
22 0
21 1
21 2
21 3
21 0
20 3
20 2
20 1
20 0
0
Yes
7 0
6 0
6 1
7 1
6 2
7 2
8 2
8 1
8 0
9 0
9 1
9 2
8 3
7 3
6 3
7 4
6 4
8 4
0
Yes
29 43
30 43
30 42
31 42
31 43
32 42
32 43
32 41
31 41
30 41
33 41
33 42
33 43
30 40
31 40
32 40
33 40
31 39
32 39
30 39
33 39
29 39
29 40
29 41
29 38
30 38
31 38
32 38
33 38
34 39
34 40
34 38
34 41
32 37
33 37
34 37
28 38
28 39
28 40
35 38
35 39
35 40
35 37
33 36
34 36
35 36
32 36
27 40
27 39
27 38
36 40
36 39
36 38
36 37
36 36
27 37
28 37
29 37
26 39
26 38
26 40
26 37
29 36
28 36
27 36
26 36
37 39
37 38
37 37
37 36
37 40
28 35
27 35
29 35
26 35
30 35
30 36
31 36
31 35
32 35
37 35
36 35
35 35
29 34
28 34
30 34
27 34
31 34
26 34
25 34
25 35
25 36
0
No
0
Yes
31 32
31 33
32 32
32 33
30 32
30 33
31 31
32 31
33 32
33 33
30 31
33 31
29 32
29 33
29 31
0
Yes
45 35
44 35
44 34
45 34
44 36
45 36
46 36
46 35
46 34
43 36
43 35
43 34
47 35
47 34
47 36
46 37
45 37
47 37
44 37
43 37
48 36
48 35
48 34
48 37
49 35
49 36
49 34
49 37
49 38
48 38
47 38
47 39
48 39
49 39
47 40
48 40
47 41
48 41
46 41
46 40
46 39
45 39
45 40
45 41
44 40
44 41
44 39
45 42
46 42
44 42
47 42
48 42
44 43
45 43
46 43
45 44
44 44
46 44
43 40
43 41
42 40
42 41
45 33
46 33
48 33
49 33
41 40
0
Yes
43 37
43 36
44 36
44 37
45 36
45 37
45 35
44 35
43 35
43 34
44 34
45 34
46 35
46 36
46 37
46 34
47 37
47 36
47 35
47 34
48 36
48 35
48 37
48 34
49 37
49 36
49 35
49 34
49 38
48 38
47 38
47 39
48 39
49 39
47 40
48 40
47 41
48 41
46 41
46 40
46 39
45 39
45 40
45 41
44 40
44 41
44 39
44 42
45 42
46 42
47 42
48 42
45 43
46 43
44 43
44 44
45 44
46 44
43 40
43 41
42 40
42 41
45 33
46 33
48 33
0
No
0
Yes
4 40
4 41
3 41
5 41
5 40
5 42
4 42
3 42
6 42
6 41
6 40
4 43
5 43
3 43
6 43
7 40
7 41
7 42
7 43
2 43
2 42
2 41
3 44
4 44
5 44
2 44
8 41
8 42
8 40
8 43
1 41
1 42
1 43
1 44
4 45
5 45
9 40
9 41
9 42
10 41
10 42
10 40
0 41
0 42
4 46
5 46
11 41
11 42
4 47
5 47
4 48
5 48
3 48
3 47
3 46
6 48
6 47
6 46
7 46
7 47
7 48
7 45
7 44
8 44
8 45
8 46
8 47
8 48
9 46
9 47
9 48
10 47
10 46
10 48
11 48
11 47
11 46
12 46
12 47
12 48
3 49
4 49
5 49
6 49
7 49
8 49
9 49
10 49
11 49
12 49
13 47
13 48
13 49
13 46
14 48
14 47
14 49
10 45
11 45
2 49
2 48
1 49
1 48
0 49
0 48
2 40
0 40
0 39
1 39
2 39
2 38
1 38
0 38
1 37
2 37
0 37
0 36
1 36
2 36
3 36
3 37
3 38
4 38
4 37
4 36
5 37
5 36
5 38
0
Yes
17 38
16 38
16 37
16 39
15 37
15 38
15 39
15 36
16 36
17 36
15 40
16 40
14 38
14 37
14 39
14 36
14 40
17 35
16 35
15 35
14 35
16 41
18 35
13 37
13 36
16 34
17 34
15 34
18 34
14 34
14 41
13 40
19 34
19 35
20 35
20 34
20 36
17 33
16 33
18 33
15 33
19 33
21 34
16 32
17 32
18 32
15 32
19 32
17 31
16 31
18 31
15 31
19 31
14 31
20 31
18 30
17 30
19 30
20 30
21 30
17 29
18 29
19 29
20 29
21 29
18 28
17 28
16 28
21 28
17 27
16 27
18 27
15 27
15 28
15 29
22 28
16 26
22 27
21 27
23 27
23 28
24 28
24 29
25 29
25 30
24 30
24 31
23 31
23 32
24 32
22 32
22 33
23 33
24 33
23 34
24 34
24 35
23 35
23 36
24 36
25 33
25 32
26 32
26 33
27 33
27 32
28 32
28 33
20 37
19 37
19 38
20 38
20 39
19 39
18 39
19 40
20 40
21 39
21 40
20 41
16 42
15 42
14 42
14 43
12 40
12 39
12 41
11 39
11 38
23 37
12 42
14 44
13 44
13 45
14 45
12 43
14 27
14 26
13 26
13 27
12 27
12 26
12 28
0
No
0
No
0
Yes
43 5
42 5
42 4
43 4
42 3
43 3
44 3
44 4
44 5
41 3
41 4
41 5
44 6
43 6
42 6
41 6
45 5
45 4
45 6
45 3
44 2
43 2
42 2
41 2
40 5
40 4
40 3
40 6
40 2
43 7
42 7
44 7
41 7
45 7
40 7
43 1
42 1
44 1
39 3
39 2
42 8
43 8
44 8
41 8
45 8
40 8
44 0
43 0
42 0
43 9
42 9
44 9
41 9
45 9
42 10
43 10
41 10
44 10
45 10
41 11
42 11
43 11
46 5
46 4
38 3
38 2
38 1
39 1
40 1
37 1
37 2
37 3
37 0
38 0
39 0
36 0
36 1
36 2
35 2
35 1
35 0
47 5
47 4
45 1
45 0
46 1
46 0
46 8
46 9
47 8
47 9
40 10
40 11
40 12
41 12
42 12
43 12
39 12
39 11
39 10
47 10
48 9
48 10
48 11
47 11
48 12
47 12
48 13
47 13
49 13
49 12
49 11
39 7
48 14
49 14
35 3
47 3
0
Yes
14 20
13 20
13 21
14 21
15 21
15 20
15 19
14 19
14 18
15 18
14 22
13 22
15 22
16 20
16 19
16 21
16 18
16 22
12 21
12 20
12 22
13 18
11 20
11 21
11 22
13 17
14 17
15 17
16 17
13 23
14 23
12 23
11 23
17 19
17 20
17 21
17 18
17 22
12 17
16 23
17 23
14 16
13 16
15 16
12 16
16 16
18 21
12 24
13 24
11 24
18 18
11 16
17 16
17 24
18 17
18 23
18 24
13 25
12 25
11 25
15 15
14 15
16 15
17 15
10 24
10 25
19 17
19 18
20 18
20 17
18 15
19 16
20 16
19 15
20 15
11 26
10 26
17 14
18 14
19 14
20 14
9 25
9 24
21 17
21 16
21 15
21 18
21 14
10 27
11 27
18 13
19 13
20 13
21 13
9 27
22 16
22 17
0
Yes
27 7
26 7
27 6
27 8
28 7
26 6
26 8
28 6
28 8
25 7
27 5
25 6
25 8
26 5
28 5
25 5
0
No
0
No
0
No
0
No
0
No
0
Yes
15 46
15 45
16 45
16 46
17 45
17 46
17 47
16 47
15 47
17 44
16 44
15 44
15 48
16 48
17 48
18 47
18 46
18 45
18 44
18 48
15 43
16 43
17 43
18 43
16 49
17 49
18 49
15 49
19 46
19 45
19 47
19 44
19 48
19 43
19 49
20 45
20 46
20 47
20 44
20 48
20 43
20 42
19 42
18 42
0
Yes
34 43
33 43
33 42
32 42
32 43
31 42
31 43
31 41
32 41
33 41
30 41
30 42
30 43
33 40
32 40
31 40
30 40
32 39
31 39
33 39
30 39
34 39
34 40
34 41
34 38
33 38
32 38
31 38
30 38
29 39
29 40
29 38
29 41
33 37
32 37
34 37
35 38
35 39
35 40
35 37
28 38
28 39
28 40
34 36
33 36
35 36
32 36
36 40
36 39
36 38
36 37
36 36
27 40
27 39
27 38
37 39
37 38
37 37
37 36
37 40
27 37
28 37
29 37
29 36
28 36
27 36
26 39
26 38
26 37
26 40
26 36
38 38
38 37
37 35
36 35
35 35
28 35
27 35
29 35
26 35
30 35
30 36
31 36
31 35
32 35
31 34
30 34
29 34
28 34
27 34
26 34
25 34
25 35
25 36
38 39
0
Yes
38 17
38 16
39 16
39 17
40 16
40 17
40 15
39 15
38 15
41 15
41 16
41 17
37 15
38 14
37 14
36 14
36 15
35 14
35 15
36 16
35 16
36 17
35 17
34 17
35 18
34 18
33 18
34 19
33 19
34 20
33 20
32 20
32 19
32 18
32 21
33 21
34 21
34 22
33 22
32 22
31 22
31 21
31 20
33 23
32 23
34 23
31 23
35 23
35 22
35 21
35 24
34 24
33 24
32 24
31 24
34 25
33 25
32 25
35 25
31 25
36 25
36 24
36 23
37 23
37 24
37 25
38 24
38 23
38 25
39 25
39 24
39 23
40 23
40 24
40 25
38 26
37 26
36 26
35 26
39 26
34 26
33 26
40 26
30 25
30 24
30 23
37 27
36 27
35 27
38 27
29 23
29 24
29 25
36 28
35 28
40 14
41 14
42 16
34 15
32 17
31 17
38 18
32 16
31 16
36 21
30 20
41 25
30 26
38 28
34 28
28 24
42 14
31 15
39 28
38 19
37 19
37 20
29 20
29 19
0
No
0
Yes
46 46
45 46
45 45
46 45
45 47
46 47
47 45
47 46
47 47
46 48
45 48
47 48
48 46
48 47
48 45
48 48
44 45
44 47
44 48
47 44
48 44
45 49
46 49
47 49
44 49
48 49
49 45
49 46
49 47
49 48
49 49
43 48
43 47
43 49
42 49
42 48
41 48
41 49
40 49
40 48
39 48
39 49
38 49
38 48
37 48
37 49
36 49
36 48
35 48
35 47
34 47
34 46
35 46
36 46
36 45
35 45
34 45
37 45
33 46
33 45
32 45
32 46
32 47
32 44
31 46
31 45
31 47
31 44
30 47
30 46
29 46
29 47
29 48
28 47
28 46
27 46
27 47
27 45
26 47
26 48
25 48
25 47
25 46
24 47
24 48
38 45
38 44
39 44
39 45
39 46
39 43
40 43
40 42
39 42
40 41
0
No
0
No
0
No
0
No
0
No
0
No
0
Yes
43 34
43 35
44 35
44 34
45 35
45 34
45 36
44 36
43 36
43 37
44 37
45 37
46 36
46 35
46 34
46 37
47 34
47 35
47 36
47 37
48 35
48 36
48 34
48 37
49 34
49 35
49 36
0
Yes
26 19
25 19
25 18
26 18
25 20
26 20
27 20
26 17
25 17
26 21
25 21
27 21
24 18
24 19
24 20
24 17
24 21
27 17
28 21
28 20
23 19
23 18
23 20
23 17
23 21
25 16
26 16
24 16
27 16
25 22
26 22
24 22
23 22
28 16
28 17
26 15
25 15
27 15
28 15
26 23
25 23
24 23
23 23
22 20
22 21
22 22
22 23
27 23
29 15
25 14
26 14
27 14
27 24
26 24
21 21
21 22
21 23
24 24
23 24
22 24
21 24
29 14
26 25
27 13
20 22
20 23
20 21
20 24
23 25
22 25
21 25
24 25
20 25
19 21
19 22
24 26
23 26
22 26
21 26
20 26
23 27
22 27
21 27
22 28
23 28
21 28
24 28
19 26
24 29
25 29
25 30
24 30
21 29
0
No
0
No
0
No
0
No
0
Yes
38 32
37 32
37 31
38 31
37 33
38 33
39 31
39 32
39 33
40 32
40 31
40 33
36 31
36 32
36 33
36 34
37 34
40 34
35 32
35 33
35 31
41 33
41 34
35 30
34 31
34 32
41 35
40 35
39 35
39 36
40 36
41 36
33 32
33 31
33 33
41 37
32 31
32 32
32 33
31 32
31 31
31 33
31 30
30 31
30 32
30 33
29 32
29 31
29 33
28 33
28 32
27 32
27 33
26 33
26 32
25 32
25 33
24 33
24 32
24 31
24 34
23 32
23 33
23 31
23 34
23 35
24 35
24 36
23 36
23 37
22 33
22 32
37 30
37 29
31 29
30 29
0
Yes
17 30
17 29
18 29
18 30
19 29
19 30
19 31
18 31
17 31
17 32
18 32
19 32
20 31
20 30
20 29
18 33
17 33
19 33
19 34
18 34
17 34
16 33
16 32
16 31
16 34
17 35
18 35
16 35
19 35
15 31
15 32
15 33
15 34
15 35
15 36
16 36
17 36
14 34
14 35
14 36
0
No
0
Yes
42 31
42 30
41 30
43 30
43 31
43 29
42 29
41 29
43 28
42 28
44 28
44 29
44 30
44 27
43 27
42 27
44 26
43 26
45 26
45 27
45 28
45 25
44 25
43 25
46 28
46 27
46 26
46 25
43 24
44 24
45 24
46 24
47 26
47 25
47 24
44 23
45 23
0
No
0
No
0
No
0
Yes
28 27
28 28
27 27
27 28
28 26
27 26
0
Yes
45 36
46 36
45 35
45 37
46 35
46 37
44 36
47 36
44 35
44 37
47 35
47 37
45 34
46 34
43 36
44 34
47 34
43 35
43 37
43 34
0
No
0
Yes
7 24
6 24
6 23
7 23
6 22
7 22
5 22
5 23
5 24
4 24
4 23
4 22
3 23
3 24
3 22
4 25
5 25
6 25
3 25
2 22
2 23
2 24
2 25
6 26
5 26
4 26
3 26
2 26
1 24
1 23
1 25
1 22
5 27
4 27
3 27
2 27
6 27
0 23
0 24
0 22
0 25
1 21
2 21
3 21
0 21
4 28
3 28
2 28
3 20
2 20
1 20
0 20
2 19
1 19
3 19
0 19
3 18
2 18
1 18
0 18
4 18
4 19
4 20
5 20
5 19
5 18
6 19
6 20
6 21
7 21
7 20
7 19
6 18
7 18
7 17
6 17
5 17
4 17
3 17
2 17
1 17
0 17
8 21
8 20
8 19
8 22
8 23
8 18
8 17
6 16
5 16
4 16
3 16
2 16
7 16
1 16
0 16
8 16
9 23
9 22
9 21
9 19
9 18
5 15
4 15
3 15
2 15
1 15
0 15
10 22
10 23
10 21
2 14
1 14
0 14
11 21
11 22
11 23
0
Yes
27 32
26 32
26 33
27 33
26 34
27 34
28 34
28 33
28 32
25 34
25 33
25 32
29 32
29 33
29 34
28 35
27 35
26 35
25 35
29 35
24 32
24 33
24 34
24 35
30 33
30 34
30 32
30 35
27 36
26 36
28 36
25 36
29 36
24 36
30 36
23 33
23 34
23 35
23 32
23 36
31 32
31 33
31 34
31 35
31 36
28 37
27 37
26 37
29 37
32 35
32 36
31 31
30 31
29 31
27 38
28 38
26 38
29 38
32 31
32 32
32 33
33 32
33 31
33 33
26 39
27 39
28 39
29 39
27 40
28 40
26 40
29 40
30 40
30 39
30 38
31 38
31 39
31 40
32 39
32 38
32 37
32 40
33 37
33 38
33 36
33 39
33 40
34 36
34 37
34 38
34 39
34 40
31 41
32 41
30 41
33 41
29 41
34 41
22 33
22 32
35 37
35 38
35 39
35 40
35 36
30 42
31 42
32 42
33 42
36 36
36 37
36 38
36 39
36 40
34 32
34 31
31 43
32 43
30 43
33 43
37 37
37 38
37 39
37 36
37 40
27 41
26 41
0
Yes
29 43
30 43
30 42
31 42
31 43
32 42
32 43
32 41
31 41
30 41
33 41
33 42
33 43
30 40
31 40
32 40
33 40
31 39
32 39
30 39
33 39
29 39
29 40
29 41
29 38
30 38
31 38
32 38
33 38
34 39
34 40
34 38
34 41
32 37
33 37
34 37
28 38
28 39
28 40
35 38
35 39
35 40
35 37
33 36
34 36
35 36
32 36
27 40
27 39
27 38
36 40
36 39
36 38
36 37
36 36
27 37
28 37
29 37
26 39
26 38
26 40
26 37
29 36
28 36
27 36
26 36
37 39
37 38
37 37
37 36
37 40
28 35
27 35
29 35
26 35
38 38
38 39
38 37
30 35
30 36
31 36
31 35
32 35
37 35
36 35
35 35
29 34
28 34
30 34
27 34
31 34
26 34
25 34
25 35
25 36
28 33
29 33
27 33
30 33
26 33
31 33
25 33
24 36
24 35
24 34
24 33
29 32
28 32
27 32
26 32
30 32
25 32
31 32
24 32
23 35
23 34
23 33
23 32
23 36
25 39
25 40
25 41
26 41
27 41
24 41
24 40
24 39
30 31
31 31
29 31
22 33
22 32
32 31
32 32
32 33
0
Yes
17 14
17 15
16 15
18 15
18 14
18 13
19 14
19 13
19 15
16 16
17 16
15 16
15 15
15 14
19 16
14 15
14 16
20 13
20 14
20 15
20 16
15 17
16 17
14 17
20 12
21 14
21 13
21 15
21 12
21 16
16 18
15 18
14 18
17 18
20 17
19 17
21 17
18 17
18 18
19 18
20 18
21 18
13 16
13 17
13 18
17 19
16 19
15 19
14 19
21 11
22 13
22 14
22 12
22 11
22 16
22 17
12 17
12 16
23 14
23 13
16 20
15 20
17 20
14 20
11 16
22 10
21 10
20 10
20 9
21 9
22 9
23 11
23 10
23 9
17 21
16 21
15 21
14 21
18 21
24 13
13 20
13 21
22 8
23 8
16 22
17 22
15 22
14 22
13 22
24 10
24 9
24 8
12 21
12 20
12 22
11 20
17 23
16 23
18 23
25 9
25 8
14 23
13 23
12 23
18 24
17 24
25 7
13 24
0
Yes
18 39
19 39
19 38
19 40
20 38
20 39
20 40
20 37
19 37
20 41
21 39
21 40
20 36
20 42
19 42
19 43
20 43
18 43
18 42
18 41
18 44
19 44
20 44
21 43
17 44
17 43
16 43
16 44
16 42
15 42
15 43
15 44
14 43
14 42
14 44
14 41
17 45
18 45
19 45
16 45
15 45
20 45
14 45
21 45
18 46
17 46
19 46
16 46
20 46
15 46
21 46
13 44
13 45
17 47
18 47
19 47
16 47
20 47
15 47
21 47
22 46
22 47
18 48
17 48
19 48
16 48
20 48
21 48
15 48
22 48
17 49
18 49
19 49
16 49
15 49
16 41
16 40
15 40
14 40
15 39
16 39
14 39
16 38
15 38
14 38
17 38
15 37
16 37
14 37
16 36
15 36
14 36
17 36
17 35
16 35
15 35
14 35
18 35
19 35
20 35
18 34
17 34
19 34
16 34
15 34
20 34
14 34
13 40
13 37
13 36
21 34
17 33
18 33
19 33
16 33
15 33
18 32
17 32
16 32
19 32
15 32
17 31
18 31
16 31
19 31
15 31
20 31
14 31
18 30
17 30
19 30
20 30
0
Yes
19 22
19 21
20 21
20 22
20 23
21 22
21 21
21 23
21 24
20 24
20 25
21 25
22 21
22 22
22 23
22 24
22 25
22 20
23 22
23 21
23 23
23 24
23 20
23 25
21 26
22 26
20 26
23 26
19 26
23 19
24 21
24 22
24 23
24 20
24 24
24 25
24 19
24 26
22 27
21 27
23 27
25 22
25 21
25 23
25 20
25 19
21 28
22 28
23 28
24 18
23 18
25 18
23 17
24 17
25 17
26 21
26 22
26 20
26 19
26 18
26 23
26 17
26 24
24 16
25 16
26 16
24 28
27 23
27 24
27 20
27 21
24 29
28 21
28 20
25 15
26 15
25 29
27 17
27 16
27 15
25 30
24 30
24 31
23 31
26 14
25 14
27 14
28 16
28 15
28 17
27 13
29 15
29 14
21 29
20 29
19 29
18 29
18 28
18 27
17 27
17 28
17 29
16 28
16 27
16 26
15 27
15 28
15 29
16 25
14 27
14 26
13 26
13 27
13 25
12 25
12 26
12 27
12 24
11 24
11 25
11 26
11 27
12 28
10 25
10 26
10 24
10 27
9 24
9 25
9 27
9 28
8 28
26 25
0
Yes
47 3
47 4
46 4
46 5
47 5
45 5
45 4
44 5
44 4
43 5
43 4
43 3
44 3
45 3
42 3
42 4
42 5
43 6
44 6
45 6
42 6
42 2
43 2
44 2
41 6
41 5
41 4
41 3
41 2
45 7
44 7
43 7
42 7
41 7
44 1
43 1
42 1
40 3
40 4
40 5
40 6
40 2
40 7
44 8
43 8
42 8
41 8
45 8
40 8
43 0
44 0
42 0
45 9
44 9
43 9
42 9
41 9
44 10
43 10
42 10
41 10
45 10
0
No
0
Yes
45 24
44 24
44 23
45 23
44 25
45 25
43 25
43 24
43 23
43 26
44 26
45 26
45 27
44 27
43 27
46 26
46 25
46 24
46 27
44 28
43 28
45 28
46 28
47 24
47 25
47 26
44 29
43 29
42 29
42 28
42 27
42 30
43 30
44 30
42 31
43 31
41 29
41 30
45 22
42 23
47 23
47 22
0
Yes
12 0
12 1
12 2
13 0
13 1
13 2
14 0
14 1
14 2
15 0
15 1
15 2
16 0
16 1
16 2
17 0
17 1
17 2
18 0
18 1
18 2
19 0
19 1
19 2
0
No
0
Yes
46 41
47 41
46 40
46 42
47 40
47 42
45 41
48 41
45 40
45 42
48 40
48 42
46 39
47 39
44 41
45 39
48 39
44 40
44 42
44 39
0
No
0
Yes
45 44
46 44
45 43
46 43
44 44
44 43
0
Yes
34 0
35 0
35 1
36 1
36 0
36 2
35 2
34 2
37 0
37 1
37 2
35 3
38 1
38 0
38 2
37 3
38 3
39 0
39 1
39 2
39 3
40 1
33 2
32 2
35 4
34 4
34 5
35 5
33 5
36 5
35 6
34 6
32 5
32 4
32 6
31 5
37 5
37 6
38 6
38 5
37 7
37 8
36 8
36 9
37 9
35 9
35 8
35 10
36 10
37 10
34 10
34 9
33 9
33 10
33 8
32 8
34 11
35 11
36 11
33 11
37 11
35 12
34 12
36 12
37 12
34 13
35 13
0
Yes
27 2
28 2
27 1
27 3
28 1
28 3
26 2
29 2
26 1
26 3
29 1
29 3
27 0
28 0
25 2
26 0
29 0
25 1
25 3
25 0
0
No
0
No
0
Yes
45 21
44 21
44 20
45 20
44 19
45 19
43 19
43 20
43 21
42 21
42 20
42 19
43 18
44 18
45 18
42 18
41 20
41 19
41 21
41 18
42 22
41 22
43 22
44 22
44 17
45 17
40 21
40 20
40 19
40 22
40 18
46 17
46 18
46 19
39 20
39 21
39 19
39 22
39 18
47 19
47 18
47 17
0
No
0
No
0
No
0
No
0
Yes
1 30
2 30
1 29
1 31
2 29
2 31
0 30
0 29
0 31
1 28
0
Yes
11 38
11 39
12 39
12 40
12 41
11 41
11 42
12 42
10 42
10 41
9 42
9 41
8 42
8 41
8 40
9 40
10 40
7 40
7 41
7 42
6 41
6 40
6 42
5 42
5 41
5 40
6 43
7 43
8 43
5 43
4 40
4 41
4 42
4 43
7 44
8 44
3 41
3 42
3 43
3 44
4 44
5 44
2 42
2 43
2 41
2 44
4 45
5 45
1 41
1 42
1 43
1 44
7 45
8 45
4 46
5 46
6 46
7 46
8 46
8 47
7 47
6 47
5 47
4 47
7 48
6 48
5 48
8 48
4 48
9 48
9 47
9 46
10 46
10 47
10 48
11 47
11 46
11 48
12 48
12 47
12 46
3 48
3 47
3 46
13 46
13 47
13 48
11 49
10 49
9 49
8 49
7 49
6 49
5 49
12 49
4 49
13 49
3 49
14 47
14 48
14 49
0 41
0 42
11 45
10 45
2 49
2 48
1 49
1 48
0 49
0 48
12 43
2 40
10 44
0 40
0 39
1 39
2 39
2 38
1 38
0 38
1 37
2 37
0 37
0 36
1 36
2 36
3 36
3 37
3 38
4 38
4 37
4 36
5 37
5 36
5 38
5 35
4 35
3 35
2 35
1 35
0 35
0
No
0
Yes
12 2
12 1
13 1
13 2
14 1
14 2
14 0
13 0
12 0
15 0
15 1
15 2
16 2
16 1
16 0
15 3
14 3
13 3
16 3
17 1
17 2
17 0
17 3
13 4
14 4
15 4
0
Yes
49 5
48 5
47 5
47 4
46 4
46 5
45 4
45 5
44 4
44 5
43 4
43 5
43 6
44 6
45 6
43 3
44 3
45 3
42 6
42 5
42 4
42 3
45 7
44 7
43 7
42 7
41 5
41 4
41 6
41 3
41 7
42 2
43 2
44 2
41 2
44 8
43 8
42 8
45 8
41 8
40 4
40 5
40 6
40 3
40 2
40 7
40 8
44 1
43 1
42 1
45 9
44 9
43 9
42 9
41 9
39 3
39 2
43 0
44 0
42 0
44 10
43 10
42 10
41 10
45 10
43 11
42 11
41 11
42 12
41 12
43 12
40 12
40 11
40 10
39 10
39 11
39 12
38 3
38 2
38 1
39 1
40 1
37 1
37 2
37 3
37 0
38 0
39 0
36 0
36 1
36 2
35 2
35 1
35 0
46 8
46 9
45 1
45 0
47 8
47 9
46 1
46 0
47 1
47 0
48 1
48 0
48 2
47 2
47 3
49 2
49 1
49 0
48 9
48 10
47 10
48 11
47 11
48 12
47 12
48 13
47 13
49 13
49 12
49 11
39 7
48 14
49 14
44 12
35 3
46 13
34 0
44 13
46 14
42 13
34 2
45 12
35 4
34 4
0
Yes
39 26
38 26
38 25
39 25
38 24
39 24
40 24
40 25
40 26
37 24
37 25
37 26
40 23
39 23
38 23
37 23
36 26
36 25
36 24
36 23
35 25
35 24
35 26
35 23
36 27
37 27
35 27
38 27
34 26
34 25
34 24
34 23
33 25
33 24
33 23
33 26
33 22
34 22
35 22
32 22
32 23
32 24
32 25
35 21
34 21
33 21
32 21
31 21
31 22
31 23
31 24
31 25
34 20
33 20
32 20
31 20
0
Yes
42 22
41 22
41 21
42 21
43 21
43 22
42 20
41 20
43 20
44 22
44 21
44 20
40 21
40 22
40 20
39 22
39 21
39 20
41 19
42 19
43 19
40 19
44 19
39 19
45 21
45 20
45 19
42 18
41 18
43 18
40 18
44 18
39 18
45 18
38 19
38 18
46 19
46 18
41 17
40 17
39 17
38 17
44 17
45 17
46 17
40 16
39 16
41 16
38 16
42 16
43 16
44 16
45 16
46 16
47 18
47 17
47 19
47 20
41 15
40 15
39 15
38 15
44 15
40 14
41 14
42 14
37 15
38 14
37 14
36 14
36 15
36 16
35 16
35 15
35 14
35 17
36 17
34 17
34 18
35 18
33 18
33 19
34 19
37 13
36 13
35 13
32 19
32 18
34 15
32 17
36 12
37 12
35 12
34 13
34 12
31 17
37 11
36 11
35 11
34 11
31 16
32 16
36 10
35 10
37 10
34 10
37 9
36 9
35 9
34 9
33 11
33 10
33 9
36 8
35 8
37 8
37 7
33 8
32 8
47 21
48 21
37 19
37 20
33 13
31 15
32 13
32 12
31 12
31 13
31 14
30 13
30 12
30 11
29 12
37 6
38 6
38 5
37 5
0
No
0
Yes
23 2
22 2
22 1
23 1
22 0
23 0
24 0
24 1
24 2
21 0
21 1
21 2
24 3
23 3
22 3
21 3
20 2
20 1
20 3
20 0
23 4
22 4
24 4
19 1
19 2
19 3
19 0
24 5
23 5
22 5
18 0
18 1
18 2
20 4
19 4
0
Yes
42 45
41 45
42 44
41 44
0
No
0
Yes
19 0
19 1
19 2
19 3
20 0
20 1
20 2
20 3
21 0
21 1
21 2
21 3
22 0
22 1
22 2
22 3
23 0
23 1
23 2
23 3
24 0
24 1
24 2
24 3
0
Yes
49 39
49 38
48 38
48 37
49 37
48 36
49 36
47 36
47 37
47 38
47 35
48 35
49 35
49 34
48 34
47 34
46 35
46 36
46 37
46 34
45 37
45 36
45 35
45 34
44 36
44 35
44 37
44 34
43 37
43 36
43 35
43 34
0
No
0
No
0
Yes
43 34
43 35
43 36
43 37
44 34
44 35
44 36
44 37
45 34
45 35
45 36
45 37
0
No
0
No
0
Yes
0 22
0 21
1 21
1 22
2 21
2 22
2 23
1 23
0 23
2 20
1 20
0 20
0 24
1 24
2 24
3 23
3 22
3 21
3 20
3 24
0 19
1 19
2 19
3 19
1 25
2 25
3 25
0 25
4 24
4 23
4 22
4 25
1 18
2 18
0 18
3 18
2 26
3 26
4 26
4 18
4 19
4 20
5 22
5 23
5 24
5 25
5 26
0 17
1 17
2 17
3 17
4 17
5 20
5 19
5 18
5 17
5 27
6 23
6 24
6 25
6 26
6 22
6 27
6 21
6 20
6 19
6 18
6 17
7 22
7 21
7 20
7 19
7 23
7 18
7 17
7 24
7 16
6 16
5 16
4 16
3 16
2 16
1 16
0 16
8 21
8 20
8 19
8 18
8 22
8 23
8 17
0
Yes
23 0
22 0
22 1
23 1
22 2
23 2
24 2
24 1
24 0
21 2
21 1
21 0
25 0
25 1
25 2
24 3
23 3
22 3
21 3
25 3
20 0
20 1
20 2
20 3
26 1
26 2
26 0
26 3
23 4
22 4
24 4
19 1
19 2
19 0
19 3
27 0
27 1
27 2
27 3
24 5
23 5
22 5
18 0
18 1
18 2
20 4
19 4
25 5
25 6
26 6
26 5
27 6
27 5
27 7
26 7
25 7
28 7
28 6
28 5
28 4
28 3
28 2
28 1
28 0
25 8
26 8
27 8
28 8
29 0
29 1
29 2
29 3
29 4
27 9
28 9
30 1
30 2
29 7
29 6
24 8
24 9
25 9
23 9
0
Yes
1 13
0 13
0 12
1 12
0 11
1 11
2 11
2 12
2 13
2 14
1 14
0 14
2 10
1 10
0 10
1 15
2 15
0 15
1 9
0 9
2 9
3 10
3 11
3 12
3 9
2 8
1 8
0 8
3 8
4 12
4 11
4 10
4 9
4 8
1 7
2 7
3 7
0 7
4 7
5 11
5 10
5 12
5 9
5 8
0 6
1 6
2 6
3 6
4 6
6 12
6 11
6 10
3 5
4 5
6 13
5 13
4 13
7 11
7 12
7 13
7 10
8 13
8 12
8 11
8 10
9 12
9 11
9 13
9 10
9 9
8 9
7 9
10 11
10 12
10 10
10 9
0 5
1 5
3 4
4 4
11 11
11 12
3 3
4 3
12 11
12 12
13 11
13 12
5 5
5 4
8 14
9 14
8 15
9 15
8 16
9 16
10 16
10 15
10 14
3 15
5 14
4 15
5 15
0
Yes
20 17
20 18
21 17
21 18
19 17
19 18
20 16
21 16
22 17
19 16
22 16
18 17
18 18
0
Yes
17 16
16 16
16 15
17 15
16 17
15 17
15 16
15 15
14 16
14 17
14 15
14 18
15 18
16 18
16 19
15 19
14 19
13 18
13 17
13 16
15 20
16 20
14 20
17 20
17 19
17 18
12 17
12 16
17 21
16 21
15 21
14 21
16 22
15 22
17 22
14 22
13 22
13 21
13 20
12 20
12 21
12 22
12 23
13 23
14 23
11 21
11 22
11 20
11 23
10 20
10 21
10 22
10 23
9 21
9 22
9 23
16 23
17 23
18 15
17 14
18 14
18 23
17 24
18 24
19 14
19 15
20 14
20 15
20 13
19 13
18 13
21 13
21 14
21 15
15 14
11 16
20 12
18 21
13 24
0
No
0
No
0
No
0
No
0
No
0
Yes
1 13
0 13
0 12
1 12
0 11
1 11
2 11
2 12
2 13
2 14
1 14
0 14
2 10
1 10
0 10
1 15
2 15
0 15
1 9
0 9
2 9
3 10
3 11
3 12
3 9
3 8
2 8
1 8
0 8
4 12
4 11
4 10
4 9
4 8
4 7
3 7
2 7
1 7
0 7
5 11
5 10
5 12
5 9
5 8
6 12
6 11
6 10
6 13
5 13
4 13
7 13
7 12
7 11
7 10
8 12
8 11
8 13
8 10
9 13
9 12
9 11
9 10
9 9
8 9
7 9
10 12
10 11
10 10
10 9
0
No
0
No
0
No
0
No
0
No
0
Yes
46 19
45 19
45 18
46 18
45 17
46 17
47 17
47 18
47 19
44 17
44 18
44 19
43 18
43 19
44 16
45 16
46 16
43 20
44 20
45 20
45 21
44 21
43 21
42 20
42 19
42 18
42 21
44 22
43 22
42 22
41 19
41 20
41 21
41 18
41 22
40 18
40 19
40 20
40 21
40 22
39 19
39 20
39 18
39 21
39 22
39 17
40 17
41 17
41 16
40 16
39 16
38 17
38 18
38 16
38 19
40 15
39 15
41 15
0
Yes
47 38
47 37
46 37
48 37
48 38
48 36
47 36
46 36
49 36
49 37
49 38
47 35
48 35
46 35
49 35
45 35
45 36
45 37
46 34
47 34
48 34
45 34
49 34
44 37
44 36
44 35
44 34
48 33
49 33
43 36
43 35
43 37
43 34
46 33
45 33
49 39
0
No
0
No
0
Yes
13 18
13 17
12 17
14 17
14 18
14 16
13 16
12 16
15 16
15 17
15 18
16 18
16 17
16 16
16 19
15 19
14 19
16 15
15 15
14 15
14 20
15 20
16 20
15 21
14 21
16 21
17 20
17 19
17 21
17 18
16 22
15 22
14 22
17 22
13 22
13 21
13 20
12 20
12 21
12 22
12 23
13 23
14 23
11 21
11 22
11 20
11 23
10 20
10 21
10 22
10 23
9 21
9 22
9 23
0
No
0
Yes
16 2
15 2
15 1
16 1
15 0
16 0
17 0
17 1
17 2
14 0
14 1
14 2
17 3
16 3
15 3
14 3
13 2
13 1
13 3
13 0
15 4
14 4
13 4
12 1
12 2
12 0
0
Yes
1 5
0 5
0 6
1 6
0 7
1 7
0 8
1 8
2 8
2 7
2 6
2 9
1 9
0 9
3 6
3 7
3 8
3 9
1 10
2 10
0 10
3 10
4 7
4 8
4 9
4 6
4 10
0 11
1 11
2 11
3 11
4 11
0
Yes
19 49
18 49
18 48
19 48
18 47
19 47
17 47
17 48
17 49
16 49
16 48
16 47
17 46
18 46
19 46
16 46
15 48
15 47
15 46
15 49
20 46
20 47
20 48
19 45
18 45
17 45
16 45
20 45
15 45
21 48
21 47
21 46
21 45
18 44
17 44
19 44
20 44
16 44
15 44
22 47
22 46
22 48
0
Yes
5 14
5 13
4 13
6 13
6 12
5 12
4 12
5 11
4 11
6 11
6 10
5 10
4 10
7 11
7 12
7 13
7 10
5 9
4 9
3 10
3 11
3 12
3 9
8 13
8 12
8 11
8 10
2 12
2 11
2 10
2 9
3 8
4 8
2 8
5 8
9 12
9 11
9 13
9 10
1 11
1 10
1 9
1 12
1 8
9 9
8 9
7 9
2 7
3 7
4 7
1 7
10 11
10 12
10 10
10 9
0 12
0 11
0 10
0 9
0 8
0 7
4 6
3 6
2 6
1 6
0 6
0 13
1 13
2 13
2 14
1 14
0 14
1 15
2 15
0 15
1 5
0 5
11 11
11 12
4 5
3 5
0
No
0
Yes
18 41
18 42
19 42
19 43
18 43
19 44
18 44
20 44
20 43
20 42
20 45
19 45
18 45
18 46
19 46
20 46
17 45
17 44
17 43
17 46
17 47
18 47
19 47
20 47
16 43
16 44
16 45
16 46
16 47
21 47
21 46
21 45
16 48
17 48
18 48
19 48
20 48
21 48
15 44
15 45
15 46
15 47
15 43
15 48
18 49
17 49
19 49
16 49
15 49
22 48
22 47
22 46
14 43
14 44
14 45
0
Yes
13 24
13 23
12 23
14 23
14 22
13 22
12 22
13 21
12 21
14 21
14 20
13 20
12 20
11 21
11 22
11 23
11 20
15 20
15 21
15 22
10 23
10 22
10 21
10 20
16 22
16 21
16 20
9 22
9 21
9 23
17 21
17 20
16 19
15 19
14 19
17 19
14 18
15 18
16 18
17 18
15 17
16 17
14 17
14 16
15 16
16 16
13 16
13 17
13 18
15 15
16 15
14 15
17 22
12 16
12 17
16 23
17 23
17 16
17 15
17 24
18 23
18 24
17 14
0
Yes
1 30
2 30
1 29
1 31
2 29
2 31
0 30
0 29
0 31
1 28
2 28
0
No
0
No
0
Yes
5 45
4 45
4 44
5 44
4 43
5 43
4 42
5 42
3 42
3 43
3 44
3 41
4 41
5 41
2 44
2 43
2 42
2 41
4 40
5 40
6 41
6 42
6 43
6 40
1 43
1 42
1 41
1 44
7 43
7 42
7 41
7 40
0 42
0 41
8 42
8 41
8 43
8 40
9 41
9 42
9 40
10 40
10 41
10 42
4 46
5 46
4 47
5 47
4 48
5 48
6 48
6 47
6 46
7 46
7 47
7 48
7 45
7 44
8 44
8 45
8 46
8 47
8 48
3 48
3 47
3 46
9 46
9 47
9 48
10 47
10 46
10 48
11 48
11 47
11 46
6 49
5 49
7 49
8 49
9 49
4 49
10 49
3 49
11 49
12 46
12 47
12 48
12 49
13 47
13 48
13 49
13 46
14 48
14 47
14 49
10 45
11 45
2 49
2 48
1 49
1 48
0 49
0 48
2 40
0
No
0
Yes
14 20
13 20
13 21
14 21
15 21
15 20
15 19
14 19
14 18
15 18
14 22
13 22
15 22
16 20
16 19
16 21
16 18
16 22
12 21
12 20
12 22
13 18
11 20
11 21
11 22
13 17
14 17
15 17
16 17
13 23
14 23
12 23
11 23
17 19
17 20
17 21
17 18
17 22
12 17
16 23
17 23
14 16
13 16
15 16
12 16
16 16
10 21
10 22
10 20
10 23
18 21
18 18
11 16
17 16
17 24
18 17
18 23
18 24
15 15
14 15
16 15
17 15
9 22
9 21
9 23
19 17
19 18
20 18
20 17
18 15
19 16
20 16
19 15
20 15
17 14
18 14
19 14
20 14
21 17
21 16
21 15
21 18
21 14
18 13
19 13
20 13
21 13
22 16
22 17
20 12
21 12
22 14
22 13
22 12
21 11
22 11
23 13
23 14
23 11
22 10
21 10
23 10
20 10
20 9
21 9
22 9
24 10
22 8
23 8
13 24
10 16
10 17
10 15
9 15
9 16
8 16
8 15
9 14
10 14
8 14
15 14
15 13
15 12
18 12
0
No
0
Yes
44 15
44 16
43 16
45 16
45 17
44 17
46 17
46 16
44 18
45 18
46 18
43 18
43 19
44 19
45 19
46 19
47 18
47 17
47 19
42 19
42 18
41 18
41 19
41 17
40 17
40 18
40 19
40 16
41 16
42 16
41 15
40 15
40 14
41 14
42 14
39 15
39 16
39 17
39 18
39 19
44 20
43 20
45 20
42 20
41 20
40 20
39 20
47 20
38 16
38 17
38 18
38 19
38 15
38 14
43 21
44 21
42 21
41 21
40 21
45 21
39 21
37 15
37 14
44 22
43 22
42 22
41 22
40 22
39 22
37 13
36 14
36 15
36 13
36 16
37 19
36 12
37 12
37 11
36 11
37 20
35 15
35 14
35 13
35 12
35 16
35 11
35 17
36 17
36 10
37 10
35 10
37 9
36 9
35 9
34 13
34 12
34 11
34 10
34 9
34 17
34 18
35 18
36 8
35 8
37 8
37 7
33 18
33 11
33 10
33 9
33 19
34 19
32 19
32 18
0
Yes
10 14
9 14
9 15
10 15
10 16
9 16
8 15
8 14
8 16
11 16
12 16
12 17
13 17
13 16
14 16
14 17
14 15
13 18
14 18
15 15
15 16
15 17
15 18
15 14
16 16
16 15
16 17
16 18
14 19
15 19
16 19
17 15
17 16
17 14
15 20
14 20
16 20
13 20
13 21
14 21
15 21
16 21
12 21
12 20
11 20
11 21
10 21
10 20
10 22
11 22
12 22
13 22
14 22
15 22
16 22
18 14
18 15
9 22
9 21
17 18
17 19
17 20
17 21
17 22
18 13
9 23
10 23
11 23
12 23
13 23
14 23
19 13
19 14
19 15
19 16
20 14
20 15
20 13
20 16
20 12
13 24
20 17
19 17
18 17
18 18
19 18
20 18
18 21
16 23
17 23
21 13
21 14
21 15
21 16
21 17
21 12
21 18
21 11
22 14
22 13
22 12
22 11
18 23
22 16
22 17
17 24
18 24
22 10
21 10
20 10
20 9
21 9
22 9
23 13
23 14
23 11
23 10
0
Yes
48 47
47 47
48 46
48 48
49 47
47 46
47 48
49 46
49 48
46 47
48 45
48 49
46 46
46 48
47 45
47 49
49 45
49 49
46 45
46 49
48 44
47 44
0
Yes
30 26
30 25
29 25
31 25
31 24
30 24
29 24
30 23
31 23
29 23
32 23
32 24
32 25
33 25
33 24
33 23
34 24
34 25
34 23
33 22
32 22
31 22
34 22
35 23
35 24
35 25
35 22
35 26
34 26
33 26
31 21
32 21
33 21
34 21
35 21
36 26
36 25
36 24
36 23
32 20
31 20
33 20
34 20
37 25
37 24
37 26
37 23
38 26
38 25
38 24
38 23
37 27
36 27
35 27
38 27
39 25
39 26
39 24
39 23
36 28
35 28
40 24
40 25
40 26
40 23
28 24
36 21
30 20
30 27
31 27
31 28
30 28
31 29
30 29
38 28
34 28
29 27
0
Yes
23 36
23 35
24 35
24 36
25 35
25 36
25 34
24 34
23 34
23 33
24 33
25 33
26 34
26 35
26 36
26 33
24 32
25 32
23 32
26 32
27 36
27 35
27 34
27 33
27 32
28 35
28 34
28 33
28 36
28 32
29 36
29 35
29 34
29 33
29 32
28 37
27 37
26 37
29 37
0
Yes
44 48
44 49
43 48
43 49
45 48
45 49
44 47
43 47
45 47
42 48
42 49
0
Yes
39 18
39 19
39 20
39 21
39 22
40 18
40 19
40 20
40 21
40 22
41 18
41 19
41 20
41 21
41 22
42 18
42 19
42 20
42 21
42 22
43 18
43 19
43 20
43 21
43 22
44 18
44 19
44 20
44 21
44 22
0
No
0
No
0
Yes
35 8
35 9
34 9
36 9
36 8
36 10
35 10
34 10
37 10
37 9
37 8
35 11
36 11
34 11
37 11
33 11
33 10
33 9
34 12
35 12
36 12
0
No
0
No
0
No
0
Yes
6 0
6 1
6 2
7 0
7 1
7 2
8 0
8 1
8 2
9 0
9 1
9 2
0
No
0
Yes
38 27
37 27
37 26
38 26
37 25
38 25
36 25
36 26
36 27
35 27
35 26
35 25
36 24
37 24
38 24
35 24
34 26
34 25
34 24
39 24
39 25
39 26
38 23
37 23
36 23
35 23
39 23
34 23
33 25
33 24
33 23
33 26
40 26
40 25
40 24
40 23
0
Yes
1 30
2 30
1 29
1 31
2 29
2 31
0 30
0 29
0 31
1 28
2 28
0
Yes
11 29
11 30
12 30
12 29
12 31
11 31
0
Yes
31 24
31 25
30 24
30 25
32 24
32 25
31 23
30 23
32 23
29 24
29 25
29 23
0
Yes
3 16
2 16
2 17
3 17
2 18
3 18
4 18
4 17
4 16
1 18
1 17
1 16
5 16
5 17
5 18
4 19
3 19
2 19
1 19
5 19
0 16
0 17
0 18
0 19
6 17
6 18
6 16
6 19
5 15
4 15
3 15
3 20
2 20
4 20
1 20
5 20
0 20
6 20
7 20
7 19
7 18
7 17
7 16
2 21
3 21
1 21
0 21
8 17
8 18
8 19
0
No
0
No
0
Yes
2 24
1 24
2 23
2 25
3 24
1 23
1 25
3 23
3 25
0 24
2 22
0 23
0 25
1 22
3 22
0 22
0
Yes
7 0
6 0
6 1
7 1
6 2
7 2
8 2
8 1
8 0
9 0
9 1
9 2
8 3
7 3
6 3
7 4
6 4
0
No
0
Yes
44 30
43 30
43 29
44 29
43 28
44 28
42 28
42 29
42 30
41 29
41 30
42 27
43 27
44 27
43 26
44 26
45 26
45 27
45 28
46 28
46 27
46 26
45 25
44 25
43 25
46 25
44 24
45 24
43 24
46 24
43 23
44 23
45 23
47 24
47 25
47 26
44 22
43 22
45 22
45 21
44 21
43 21
42 21
42 22
42 23
44 20
43 20
45 20
42 20
41 20
41 21
41 22
40 22
40 21
40 20
40 19
41 19
42 19
43 19
44 19
45 19
39 21
39 20
39 19
39 22
39 18
40 18
41 18
42 18
43 18
44 18
0
Yes
30 36
30 35
31 35
31 36
32 35
32 36
31 34
30 34
31 33
30 33
31 32
30 32
31 31
30 31
32 31
32 32
32 33
33 33
33 32
33 31
34 32
34 31
35 32
35 31
36 32
36 31
37 32
37 31
37 33
36 33
35 33
38 33
38 32
38 31
39 32
39 33
39 31
40 31
40 32
40 33
37 34
36 34
37 35
36 35
37 36
36 36
37 37
36 37
35 37
35 36
35 35
35 38
36 38
37 38
34 38
34 37
34 36
33 36
33 37
32 37
33 38
32 38
32 39
33 39
34 39
35 39
36 39
37 39
38 39
38 38
38 37
33 40
34 40
35 40
32 40
36 40
37 40
31 40
31 39
31 38
30 38
30 39
30 40
29 39
29 38
29 40
30 41
31 41
32 41
33 41
34 41
29 41
28 40
28 39
28 38
31 42
30 42
32 42
33 42
27 38
27 39
27 40
32 43
31 43
30 43
33 43
0
No
0
Yes
5 38
4 38
4 37
5 37
4 36
5 36
3 36
3 37
3 38
2 38
2 37
2 36
3 35
4 35
5 35
2 35
1 37
1 36
1 38
1 35
4 34
5 34
0 38
0 37
0 36
0 35
0 39
1 39
2 39
4 33
5 33
6 33
6 34
6 35
6 32
5 32
4 32
5 31
4 31
0
No
0
Yes
21 34
20 34
20 35
19 35
19 34
18 35
18 34
17 35
17 34
17 33
18 33
19 33
16 33
16 34
16 35
19 32
18 32
17 32
16 32
15 32
15 33
15 34
15 35
18 31
17 31
16 31
19 31
15 31
15 36
16 36
17 36
19 30
18 30
17 30
14 36
14 35
14 34
14 37
15 37
16 37
16 38
15 38
14 38
15 39
16 39
14 39
14 40
15 40
16 40
20 31
20 30
13 36
13 37
14 31
17 38
21 30
20 36
0
Yes
42 23
42 22
41 22
43 22
43 23
43 21
42 21
41 21
44 21
44 22
44 23
42 20
43 20
41 20
44 20
45 23
45 22
45 21
45 20
40 20
40 21
40 22
41 19
42 19
43 19
44 19
40 19
45 19
45 24
44 24
43 24
0
No
0
No
0
No
0
No
0
Yes
28 27
28 28
29 27
27 27
27 28
28 26
27 26
0
No
0
Yes
37 3
37 2
36 2
38 2
38 3
38 1
37 1
36 1
39 1
39 2
39 3
37 0
36 0
38 0
39 0
40 3
40 2
40 1
35 0
35 1
35 2
41 3
41 2
42 3
42 2
42 4
41 4
40 4
43 4
43 3
43 2
40 5
41 5
42 5
43 5
44 5
44 4
44 3
44 2
44 1
43 1
42 1
42 0
43 0
44 0
41 6
42 6
43 6
40 6
44 6
45 6
45 5
45 4
45 3
40 7
41 7
42 7
43 7
44 7
45 7
41 8
42 8
43 8
44 8
45 8
40 8
42 9
43 9
41 9
44 9
45 9
41 10
42 10
43 10
44 10
45 10
42 11
43 11
41 11
41 12
42 12
43 12
40 12
0
No
0
No
0
Yes
10 14
9 14
9 15
10 15
9 16
10 16
8 16
8 15
8 14
8 17
7 17
7 16
6 17
6 16
6 18
7 18
8 18
8 19
7 19
6 19
5 18
5 17
5 16
5 19
7 20
6 20
8 20
5 20
4 16
4 17
4 18
4 19
4 20
8 21
7 21
6 21
3 17
3 18
3 19
3 16
3 20
3 15
4 15
5 15
7 22
8 22
6 22
2 16
2 17
2 18
2 19
2 20
6 23
7 23
8 23
9 23
9 22
9 21
10 21
10 22
10 23
1 17
1 18
1 19
1 16
1 20
11 22
11 21
11 23
1 21
2 21
3 21
0 16
0 17
0 18
0 19
0 20
0 21
12 23
12 22
12 21
11 24
10 24
9 24
12 24
12 20
11 20
10 20
13 21
13 22
13 23
13 20
13 24
10 25
11 25
12 25
13 25
9 25
14 20
14 21
14 22
14 23
11 26
10 26
12 26
13 26
6 24
7 24
15 21
15 22
15 20
5 24
5 23
5 22
4 22
4 23
4 24
0
No
0
Yes
47 0
47 1
47 2
48 0
48 1
48 2
49 0
49 1
49 2
0
Yes
45 0
45 1
46 0
46 1
0
Yes
43 31
42 31
42 30
43 30
42 29
43 29
42 28
43 28
44 28
44 29
44 30
44 27
43 27
42 27
44 26
43 26
45 26
45 27
45 28
45 25
44 25
43 25
46 28
46 27
46 26
46 25
43 24
44 24
45 24
46 24
47 26
47 25
47 24
44 23
45 23
43 23
43 22
44 22
45 22
44 21
43 21
45 21
42 21
42 22
42 23
41 21
41 22
41 20
42 20
43 20
44 20
45 20
40 20
40 21
40 22
40 19
41 19
42 19
43 19
44 19
45 19
39 22
39 21
39 20
39 19
39 18
40 18
41 18
42 18
43 18
44 18
45 18
41 30
41 29
40 23
39 23
40 24
39 24
40 25
39 25
38 25
38 24
38 23
38 26
39 26
40 26
37 26
37 25
37 24
37 23
36 25
36 24
36 26
36 23
36 27
37 27
38 27
35 27
35 26
35 25
35 24
35 23
34 26
34 25
34 24
34 23
33 25
33 24
33 23
33 26
33 22
34 22
35 22
35 21
34 21
33 21
34 20
33 20
32 24
32 23
32 22
32 25
32 21
32 20
32 19
33 19
34 19
34 18
33 18
32 18
31 25
31 24
31 23
31 22
31 21
31 20
30 24
30 23
0
Yes
21 46
20 46
20 45
21 45
20 47
21 47
19 47
19 46
19 45
19 48
20 48
21 48
18 46
18 47
18 45
18 48
22 48
22 47
22 46
18 44
19 44
20 44
17 45
17 46
17 47
17 44
17 48
20 43
19 43
18 43
17 43
16 46
16 45
16 47
16 44
16 48
16 43
17 49
16 49
18 49
19 49
19 42
20 42
18 42
15 45
15 46
15 47
15 44
15 43
15 48
15 49
14 44
14 45
14 43
14 42
15 42
16 42
13 44
13 45
23 46
21 43
20 41
18 41
16 41
23 45
23 44
24 44
24 43
23 43
22 43
14 41
14 40
15 40
16 40
16 39
15 39
14 39
15 38
16 38
14 38
14 37
15 37
16 37
16 36
15 36
14 36
15 35
16 35
14 35
14 34
15 34
16 34
17 34
17 35
17 36
17 33
16 33
15 33
18 33
18 34
18 35
19 35
19 34
19 33
20 35
20 34
13 37
13 36
13 40
17 38
0
No
0
No
0
No
0
Yes
23 37
23 36
24 36
24 35
23 35
24 34
23 34
25 34
25 35
25 36
25 33
24 33
23 33
26 36
26 35
26 34
26 33
23 32
24 32
25 32
26 32
27 35
27 34
27 33
27 36
27 32
28 36
28 35
28 34
28 33
28 32
28 37
27 37
26 37
29 37
29 36
29 35
29 34
29 33
29 32
23 31
24 31
0
Yes
37 7
37 6
38 6
38 5
37 5
36 5
35 5
35 6
34 6
34 5
35 4
34 4
33 5
35 3
32 5
32 6
32 4
35 2
36 2
36 1
35 1
36 0
35 0
37 0
37 1
37 2
38 2
38 1
38 0
39 1
39 2
39 0
39 3
38 3
37 3
40 3
40 2
40 1
41 3
41 2
42 3
42 2
42 4
41 4
40 4
40 5
41 5
42 5
41 6
40 6
42 6
42 7
41 7
40 7
43 7
43 6
43 5
43 4
43 3
43 2
40 8
41 8
42 8
43 8
44 6
44 5
44 4
44 7
44 3
44 8
44 2
41 9
42 9
43 9
44 9
44 1
43 1
42 1
45 7
45 6
45 5
45 8
45 4
45 9
45 3
42 0
43 0
44 0
42 10
43 10
41 10
44 10
45 10
46 8
46 9
46 5
46 4
41 11
42 11
43 11
42 12
41 12
43 12
40 12
40 11
40 10
39 10
39 11
39 12
47 8
47 9
47 5
47 4
45 1
45 0
46 1
46 0
39 7
47 10
48 9
48 10
48 11
47 11
48 12
47 12
48 13
47 13
49 13
49 12
49 11
34 2
34 0
31 5
48 14
49 14
44 12
47 3
46 13
44 13
46 14
42 13
48 5
33 2
32 2
42 14
41 14
0
Yes
28 21
27 21
27 20
28 20
26 20
26 21
25 20
25 21
24 20
24 21
24 22
25 22
26 22
24 19
25 19
26 19
23 22
23 21
23 20
23 19
26 23
25 23
24 23
23 23
26 18
25 18
24 18
23 18
22 21
22 22
22 23
22 20
24 24
23 24
22 24
25 17
24 17
26 17
23 17
21 22
21 21
21 23
21 24
23 25
22 25
24 25
21 25
26 16
25 16
24 16
20 23
20 22
20 24
20 21
20 25
24 26
23 26
22 26
21 26
20 26
19 22
19 21
23 27
22 27
21 27
22 28
23 28
21 28
26 15
25 15
27 15
27 16
27 17
28 17
28 16
0
Yes
46 36
45 36
46 35
46 37
47 36
45 35
45 37
47 35
47 37
44 36
46 34
48 36
44 35
44 37
45 34
47 34
48 35
48 37
44 34
48 34
43 36
43 35
43 37
43 34
0
No
0
Yes
18 17
18 18
17 18
19 18
19 17
19 16
20 17
20 16
20 18
17 19
16 19
16 18
16 17
20 15
19 15
18 15
15 17
15 18
15 19
18 14
19 14
20 14
15 16
16 16
17 16
17 15
16 15
17 14
15 15
21 16
21 17
21 15
21 18
21 14
16 20
17 20
22 17
22 16
14 16
14 17
14 18
14 15
14 19
17 21
16 21
18 21
19 13
18 13
20 13
21 13
15 14
13 17
13 16
13 18
18 12
22 14
22 13
17 12
16 22
17 22
20 12
21 12
22 12
12 16
12 17
17 11
17 23
16 23
18 23
16 11
23 13
23 14
21 11
22 11
18 24
17 24
16 10
17 10
15 10
15 11
15 12
15 13
14 11
14 10
23 11
17 9
16 9
15 9
14 9
22 10
21 10
23 10
20 10
20 9
21 9
22 9
16 8
15 8
17 8
14 8
18 8
19 8
20 8
24 10
22 8
18 7
17 7
19 7
16 7
15 7
14 7
13 8
13 7
23 8
17 6
18 6
16 6
19 6
20 6
12 7
12 8
11 8
14 6
0
No
0
No
0
Yes
14 31
15 31
15 32
16 32
16 31
17 31
17 32
17 30
18 30
18 31
18 32
18 29
17 29
17 28
18 28
16 28
16 27
17 27
18 27
15 27
15 28
15 29
19 31
19 30
19 29
19 32
20 30
20 31
20 29
21 29
21 30
14 27
14 26
13 27
12 27
12 28
12 29
11 29
11 30
12 30
12 31
11 31
11 32
10 31
10 32
10 33
9 32
9 33
8 33
8 32
8 31
7 31
7 32
7 33
7 30
8 30
7 34
6 30
6 29
7 29
5 29
11 27
16 26
10 27
16 25
9 27
9 28
8 28
6 28
6 27
5 27
5 26
6 26
6 25
5 25
4 26
4 27
4 25
4 28
0
No
0
No
0
No
0
No
0
No
0
No
0
Yes
48 2
49 2
48 1
49 1
47 2
47 1
48 0
49 0
47 0
0
No
0
Yes
3 17
2 17
2 16
3 16
2 18
3 18
4 18
4 17
4 16
1 18
1 17
1 16
5 17
5 16
5 18
4 19
3 19
2 19
1 19
5 19
0 17
0 18
0 19
0 16
6 18
6 17
6 16
6 19
5 15
4 15
3 15
3 20
2 20
4 20
1 20
5 20
0 20
6 20
7 20
7 19
7 18
7 17
7 16
0
No
0
No
0
No
0
Yes
48 13
49 13
48 12
48 14
49 12
49 14
47 13
47 12
48 11
49 11
47 11
0
Yes
7 13
6 13
6 12
7 12
6 11
7 11
8 11
8 12
8 13
5 11
5 12
5 13
9 13
9 12
9 11
8 10
7 10
6 10
5 10
9 10
4 13
4 12
4 11
4 10
10 12
10 11
10 10
9 9
8 9
7 9
10 9
3 12
3 11
3 10
3 9
4 9
5 9
2 11
2 10
2 12
2 9
5 8
4 8
3 8
2 8
1 8
1 9
1 10
1 11
1 12
4 7
3 7
2 7
1 7
0 7
0 8
0 9
0 10
0 11
0 12
0 13
1 13
2 13
3 6
2 6
1 6
4 6
0 6
2 14
1 14
0 14
0
Yes
22 5
22 4
23 4
23 5
24 5
24 4
23 3
22 3
24 3
21 3
22 2
23 2
21 2
24 2
20 2
20 3
20 4
19 4
19 3
19 2
25 3
25 2
21 1
22 1
23 1
20 1
24 1
19 1
25 1
18 2
18 1
22 0
21 0
23 0
20 0
24 0
19 0
25 0
18 0
26 2
26 1
26 3
26 0
27 3
27 2
27 1
27 0
17 1
17 2
17 0
17 3
16 3
16 2
16 1
16 0
28 2
28 1
28 3
28 0
28 4
29 4
29 3
29 2
29 1
29 0
15 2
15 1
15 3
15 0
15 4
14 4
14 3
14 2
14 1
14 0
30 2
30 1
13 3
13 2
13 1
13 4
13 0
13 5
12 5
12 2
12 1
12 0
25 5
25 6
26 6
26 5
27 5
27 6
28 5
28 6
26 7
27 7
25 7
28 7
25 8
26 8
27 8
28 8
24 8
24 9
25 9
23 9
27 9
28 9
29 6
29 7
28 10
17 4
28 11
27 11
11 5
11 4
0
No
0
Yes
36 11
35 11
35 10
36 10
35 9
36 9
37 9
37 10
37 11
34 9
34 10
34 11
37 12
36 12
35 12
34 12
37 8
36 8
35 8
33 11
33 10
33 9
0
Yes
14 23
13 23
13 22
14 22
13 21
14 21
12 21
12 22
12 23
11 23
11 22
11 21
12 20
13 20
14 20
11 20
10 22
10 21
10 23
10 20
11 24
12 24
13 24
10 24
0
Yes
22 24
22 25
23 24
23 25
21 24
21 25
22 23
22 26
23 23
23 26
24 24
24 25
21 23
21 26
24 23
24 26
20 24
20 25
22 22
22 27
23 22
23 27
20 23
20 26
21 22
21 27
24 22
20 22
22 21
23 21
21 21
24 21
20 21
0
Yes
38 0
37 0
37 1
38 1
37 2
38 2
39 2
39 1
39 0
36 2
36 1
36 0
39 3
38 3
37 3
35 0
35 1
35 2
40 3
40 2
40 1
41 3
41 2
42 3
42 2
42 4
41 4
40 4
43 4
43 3
43 2
40 5
41 5
42 5
43 5
44 5
44 4
44 3
44 2
44 1
43 1
42 1
42 0
43 0
44 0
41 6
42 6
43 6
40 6
44 6
45 6
45 5
45 4
45 3
40 7
41 7
42 7
43 7
44 7
45 7
41 8
42 8
43 8
44 8
45 8
40 8
42 9
43 9
41 9
44 9
45 9
41 10
42 10
43 10
44 10
45 10
42 11
43 11
41 11
41 12
42 12
43 12
40 12
40 11
40 10
39 10
39 11
39 12
0
Yes
23 2
22 2
23 1
23 3
24 2
22 1
22 3
24 1
24 3
21 2
23 0
25 2
21 1
21 3
22 0
24 0
25 1
25 3
21 0
25 0
20 2
26 2
20 1
20 3
26 1
26 3
20 0
26 0
19 2
27 2
19 1
19 3
27 1
27 3
19 0
27 0
18 2
18 1
18 0
0
Yes
46 44
45 44
45 43
46 43
45 42
46 42
44 42
44 43
44 44
44 41
45 41
46 41
46 40
45 40
44 40
45 39
46 39
44 39
47 40
47 41
47 42
47 39
48 42
48 41
48 40
48 39
45 45
44 45
43 41
43 40
42 41
42 40
47 38
48 38
49 39
49 38
41 40
41 39
40 39
40 40
39 39
39 40
40 38
39 38
49 37
0
Yes
12 12
12 13
13 12
11 12
12 11
13 11
11 11
0
No
0
Yes
13 0
13 1
13 2
13 3
14 0
14 1
14 2
14 3
15 0
15 1
15 2
15 3
16 0
16 1
16 2
16 3
17 0
17 1
17 2
17 3
0
Yes
48 1
48 2
49 1
49 2
47 1
47 2
48 0
49 0
47 0
0
Yes
30 29
30 28
31 28
31 29
31 30
31 27
30 27
29 27
32 27
30 26
31 31
30 31
32 31
30 32
31 32
32 32
31 33
30 33
32 33
33 32
33 31
33 33
34 31
34 32
30 34
31 34
35 32
35 31
35 30
31 35
30 35
32 35
36 31
36 32
35 33
36 33
30 36
31 36
32 36
33 36
37 32
37 31
37 33
37 30
36 34
37 34
32 37
33 37
38 31
38 32
38 33
34 37
34 36
35 36
35 37
35 35
36 35
36 36
37 35
37 36
36 37
37 37
33 38
34 38
35 38
36 38
32 38
37 38
31 38
39 32
39 31
39 33
31 39
32 39
33 39
34 39
35 39
36 39
37 39
30 39
30 38
29 38
29 39
28 39
28 38
27 38
27 39
40 31
40 32
40 33
26 39
26 38
30 40
29 40
31 40
28 40
32 40
27 40
33 40
34 40
35 40
36 40
26 40
37 40
40 34
38 37
38 38
38 39
41 33
41 34
29 41
30 41
31 41
32 41
33 41
34 41
25 40
25 39
24 39
24 40
24 38
27 41
26 41
25 41
24 41
41 35
40 35
39 35
39 36
40 36
41 36
30 42
31 42
32 42
33 42
36 41
41 37
23 41
31 43
32 43
30 43
33 43
29 43
34 43
32 44
31 44
31 45
0
Yes
12 46
11 46
11 45
11 47
12 47
10 47
10 46
10 45
10 48
11 48
12 48
12 49
11 49
10 49
13 48
13 47
13 49
13 46
9 48
9 47
9 46
9 49
14 49
14 48
14 47
8 46
8 47
8 48
8 49
15 47
15 48
15 49
7 47
7 48
7 46
7 49
16 48
16 47
16 49
6 46
6 48
6 49
6 47
8 45
8 44
15 46
16 46
15 45
16 45
15 44
16 44
14 44
14 45
13 45
13 44
14 43
15 43
16 43
17 43
17 44
17 45
17 46
17 47
17 48
17 49
15 42
16 42
14 42
7 45
7 44
7 43
8 43
7 42
8 42
7 41
8 41
6 41
6 42
6 43
5 43
5 42
5 41
6 40
7 40
8 40
5 40
4 42
4 41
4 43
4 40
9 40
9 41
9 42
10 42
10 41
10 40
3 43
3 42
3 41
3 44
4 44
5 44
5 45
4 45
5 46
5 47
4 46
4 47
5 48
5 49
4 48
4 49
3 46
3 47
3 48
3 49
11 42
11 41
12 42
12 41
0
Yes
38 0
37 0
37 1
38 1
37 2
38 2
39 2
39 1
39 0
36 2
36 1
36 0
39 3
38 3
37 3
35 0
35 1
0
No
0
Yes
49 46
48 46
48 45
49 45
48 47
49 47
47 47
47 46
47 45
47 48
48 48
49 48
46 46
46 47
46 48
46 45
49 49
48 49
47 49
46 49
45 47
45 48
45 49
45 46
0
Yes
14 26
13 26
13 25
13 27
14 27
12 27
12 26
12 25
11 26
11 25
11 27
10 27
10 26
10 25
0
Yes
43 11
42 11
42 10
43 10
42 9
43 9
41 9
41 10
41 11
41 12
42 12
43 12
40 10
40 11
40 12
41 8
42 8
43 8
39 11
39 10
39 12
43 7
42 7
41 7
44 8
44 9
44 10
44 7
42 6
43 6
44 6
41 6
45 10
45 9
45 8
45 7
45 6
40 6
40 7
40 8
43 5
42 5
44 5
41 5
45 5
40 5
46 9
46 8
42 4
43 4
44 4
41 4
45 4
40 4
43 3
42 3
44 3
41 3
40 3
45 3
42 2
43 2
44 2
41 2
40 2
43 1
42 1
44 1
47 9
47 8
46 5
46 4
0
Yes
0 21
0 22
1 22
1 21
2 22
2 21
2 23
1 23
0 23
0 24
1 24
2 24
3 23
3 22
3 24
3 21
1 25
2 25
3 25
0 25
4 24
4 23
4 22
4 25
2 26
3 26
4 26
5 22
5 23
5 24
5 25
5 26
3 27
4 27
2 27
5 27
6 23
6 24
6 25
6 26
6 22
6 27
2 28
3 28
4 28
0
Yes
12 26
12 27
13 26
13 27
11 26
11 27
12 25
13 25
14 26
14 27
11 25
10 26
10 27
10 25
0
No
0
No
0
No
0
No
0
Yes
44 49
43 49
43 48
44 48
43 47
44 47
42 48
42 49
0
Yes
3 18
4 18
3 17
3 19
4 17
4 19
2 18
5 18
2 17
2 19
5 17
5 19
3 16
3 20
4 16
4 20
1 18
2 16
2 20
5 16
5 20
6 18
1 17
1 19
6 17
6 19
3 15
4 15
1 16
1 20
6 16
6 20
2 15
5 15
0 18
0 17
0 19
1 15
0 16
0 20
0 15
0
Yes
14 2
15 2
14 1
14 3
15 1
15 3
13 2
16 2
13 1
13 3
16 1
16 3
14 0
15 0
12 2
13 0
16 0
12 1
12 0
0
Yes
28 2
27 2
28 1
28 3
29 2
27 1
27 3
29 1
29 3
26 2
28 0
30 2
26 1
26 3
27 0
29 0
30 1
26 0
25 2
25 1
25 3
25 0
0
Yes
27 6
27 7
28 6
28 7
26 6
26 7
27 5
28 5
29 6
29 7
26 5
25 6
25 7
25 5
0
No
0
Yes
21 27
21 26
20 26
22 26
22 27
22 25
21 25
20 25
23 25
23 26
23 27
21 24
22 24
20 24
23 24
23 28
22 28
21 28
20 23
21 23
22 23
23 23
24 24
24 23
24 25
24 26
21 22
22 22
23 22
20 22
24 22
20 21
21 21
22 21
23 21
0
Yes
49 36
48 36
48 35
49 35
48 37
49 37
49 34
48 34
49 38
48 38
47 35
47 36
47 37
47 34
47 38
46 36
46 35
46 37
46 34
48 33
49 33
48 39
49 39
47 39
49 32
45 35
45 36
45 37
45 34
46 33
45 33
46 39
47 40
48 40
46 40
44 36
44 35
44 34
44 37
48 41
47 41
46 41
45 40
45 39
45 41
44 39
44 40
44 41
43 35
43 36
43 37
43 34
47 42
46 42
45 42
48 42
44 42
43 40
43 41
46 43
45 43
44 43
42 41
42 40
41 40
41 39
45 44
46 44
44 44
47 44
40 39
40 40
40 38
39 38
39 39
39 40
40 41
44 45
45 45
46 32
49 31
48 31
47 31
46 31
48 30
49 30
45 31
49 29
49 28
48 28
48 27
49 27
49 26
48 44
40 42
39 42
39 43
40 43
49 25
49 24
0
Yes
27 28
27 27
28 27
28 28
27 26
28 26
0
Yes
22 48
21 48
21 47
22 47
21 46
22 46
20 46
20 47
20 48
19 48
19 47
19 46
18 47
18 48
18 46
19 45
20 45
18 45
21 45
0
Yes
14 26
13 26
13 25
13 27
14 27
12 27
12 26
12 25
11 26
11 25
11 27
10 27
10 26
10 25
11 24
12 24
13 24
10 24
13 23
12 23
11 23
10 23
12 22
11 22
13 22
10 22
9 23
9 22
9 24
9 25
13 21
12 21
11 21
10 21
9 21
14 21
14 22
14 23
14 20
13 20
12 20
11 20
0
Yes
35 11
34 11
34 10
35 10
34 9
35 9
36 9
36 10
36 11
33 9
33 10
33 11
36 12
35 12
34 12
37 11
37 10
37 12
37 9
35 13
36 13
37 13
34 13
0
No
0
Yes
14 6
14 7
13 7
15 7
15 8
14 8
13 8
15 9
14 9
16 9
16 8
16 7
17 7
17 8
17 9
16 10
15 10
14 10
17 10
14 11
15 11
16 11
17 11
18 7
18 8
18 6
17 6
16 6
19 6
19 7
19 8
12 7
12 8
13 11
13 12
12 12
12 11
11 12
11 11
15 12
17 12
20 8
11 8
18 12
12 13
20 9
21 9
21 10
20 10
22 10
22 9
23 10
23 9
23 11
22 11
21 11
22 12
21 12
22 13
21 13
22 14
21 14
20 14
20 13
20 12
19 14
19 13
18 13
18 14
18 15
19 15
20 15
21 15
19 16
20 16
21 16
20 17
19 17
21 17
21 18
20 18
19 18
22 8
23 8
24 8
24 9
24 10
25 8
25 9
23 13
23 14
17 14
17 15
22 16
22 17
18 17
18 18
16 15
16 16
17 16
15 16
15 15
14 16
14 15
14 17
15 17
16 17
15 18
14 18
16 18
17 18
17 19
16 19
15 19
14 19
13 18
13 17
13 16
12 17
12 16
15 20
16 20
17 20
16 21
15 21
17 21
17 22
16 22
15 22
20 6
0
No
0
Yes
21 34
20 34
20 35
19 35
19 34
18 35
18 34
17 35
17 34
17 33
18 33
19 33
16 33
16 34
16 35
19 32
18 32
17 32
16 32
15 32
15 33
15 34
15 35
18 31
17 31
16 31
19 31
15 31
15 36
16 36
17 36
19 30
18 30
17 30
14 36
14 35
14 34
18 29
19 29
17 29
20 29
20 30
20 31
14 37
15 37
16 37
16 38
15 38
14 38
15 39
16 39
14 39
21 29
21 30
0
No
0
Yes
21 2
20 2
21 1
21 3
22 2
20 1
20 3
22 1
22 3
19 2
21 0
23 2
19 1
19 3
20 0
22 0
23 1
23 3
19 0
23 0
18 2
24 2
18 1
24 1
24 3
18 0
24 0
17 2
17 1
17 3
17 0
0
Yes
15 20
15 19
14 19
16 19
16 20
16 18
15 18
14 18
17 18
17 19
17 20
15 17
16 17
14 17
17 21
16 21
15 21
14 16
15 16
16 16
15 22
16 22
17 22
15 15
16 15
13 16
13 17
13 18
14 15
12 16
12 17
17 16
17 15
17 14
18 15
18 14
19 15
19 14
20 15
20 14
20 13
19 13
18 13
21 13
21 14
21 15
21 16
20 16
19 16
19 17
20 17
21 17
18 17
18 18
19 18
20 18
21 18
22 13
22 14
22 12
21 12
20 12
0
No
0
No
0
No
0
No
0
No
0
Yes
14 6
14 7
13 7
15 7
13 8
14 8
15 8
12 8
12 7
16 8
16 7
16 6
14 9
15 9
16 9
17 6
17 7
17 8
17 9
15 10
16 10
14 10
17 10
18 7
18 8
18 6
14 11
15 11
16 11
17 11
19 6
19 7
19 8
13 11
13 12
15 12
12 12
12 11
11 11
11 12
20 8
17 12
20 9
18 12
12 13
21 9
21 10
20 10
22 10
22 9
22 8
23 8
23 9
23 10
22 11
21 11
23 11
24 9
24 10
24 8
25 8
25 9
11 8
20 6
15 13
0
Yes
7 13
6 13
6 12
7 12
6 11
7 11
8 11
8 12
8 13
5 11
5 12
5 13
9 13
9 12
9 11
8 10
7 10
6 10
5 10
9 10
4 13
4 12
4 11
4 10
10 12
10 11
10 10
9 9
8 9
7 9
10 9
0
No
0
Yes
40 1
40 2
41 2
41 3
40 3
42 3
42 2
42 1
40 4
41 4
42 4
43 1
43 2
43 3
43 4
43 0
42 0
41 5
42 5
40 5
43 5
44 0
44 1
44 2
44 3
44 4
44 5
40 6
41 6
42 6
43 6
44 6
45 1
45 0
45 3
45 4
45 5
45 6
41 7
42 7
43 7
44 7
40 7
45 7
39 7
46 0
46 1
46 4
46 5
40 8
41 8
42 8
43 8
44 8
45 8
47 1
47 0
47 2
47 3
47 4
47 5
41 9
42 9
43 9
44 9
45 9
48 0
48 1
48 2
48 5
49 1
49 0
49 2
42 10
43 10
44 10
41 10
45 10
40 10
46 8
46 9
40 11
41 11
42 11
43 11
39 11
39 10
47 9
47 8
39 12
40 12
41 12
42 12
43 12
0
Yes
2 0
1 0
1 1
0 1
0 0
0 2
1 2
0
Yes
48 13
49 13
48 12
48 14
49 12
49 14
47 13
47 12
48 11
49 11
47 11
0
Yes
0 42
0 41
1 41
1 42
2 41
2 42
3 41
3 42
3 43
2 43
1 43
4 43
4 42
4 41
1 44
2 44
3 44
4 44
5 42
5 43
5 41
5 44
6 41
6 42
6 43
7 42
7 41
7 43
6 40
7 40
5 40
4 40
8 40
8 41
8 42
8 43
4 45
5 45
4 46
5 46
4 47
5 47
4 48
5 48
3 48
3 47
3 46
6 48
6 47
6 46
7 46
7 47
7 48
7 45
7 44
8 44
8 45
8 46
8 47
8 48
3 49
4 49
5 49
6 49
7 49
8 49
9 46
9 47
9 48
9 49
10 47
10 48
10 46
10 49
11 46
11 47
11 48
11 49
12 47
12 48
12 46
12 49
13 46
13 47
13 48
13 49
2 49
2 48
1 49
1 48
0 49
0 48
10 45
11 45
2 40
0 40
0
Yes
23 2
23 3
22 2
22 3
24 2
24 3
23 1
23 4
22 1
22 4
24 1
24 4
21 2
21 3
21 1
23 0
22 0
24 0
21 0
0
Yes
19 2
19 3
20 2
20 3
18 2
19 1
19 4
20 1
20 4
18 1
19 0
20 0
18 0
0
Yes
19 49
18 49
18 48
19 48
18 47
19 47
17 47
17 48
17 49
16 49
16 48
16 47
17 46
18 46
19 46
16 46
15 48
15 47
15 49
15 46
20 46
20 47
20 48
19 45
18 45
17 45
16 45
20 45
15 45
14 49
14 48
14 47
21 48
21 47
21 46
21 45
18 44
17 44
19 44
20 44
16 44
15 44
0
Yes
46 46
45 46
45 45
46 45
45 44
46 44
47 44
47 45
47 46
47 47
46 47
45 47
48 46
48 45
48 47
48 44
46 48
47 48
45 48
48 48
49 47
49 48
49 46
49 45
45 49
46 49
47 49
48 49
49 49
44 49
44 48
44 47
43 47
43 48
43 49
42 48
42 49
45 43
46 43
44 43
44 44
44 45
44 42
45 42
46 42
0
Yes
13 18
13 17
12 17
14 17
14 18
14 16
13 16
12 16
15 16
15 17
15 18
16 18
16 17
16 16
16 19
15 19
14 19
16 15
15 15
14 15
14 20
15 20
16 20
15 21
14 21
16 21
17 20
17 19
17 21
17 18
16 22
15 22
14 22
17 22
13 22
13 21
13 20
12 20
12 21
12 22
12 23
13 23
14 23
11 21
11 22
11 20
11 23
11 24
12 24
13 24
10 20
10 21
10 22
10 23
10 24
13 25
12 25
11 25
10 25
9 21
9 22
9 23
9 24
9 25
12 26
11 26
10 26
13 26
8 22
8 23
8 21
13 27
12 27
11 27
10 27
7 21
7 22
7 23
16 23
17 23
17 16
17 15
14 26
14 27
0
No
0
Yes
40 17
39 17
39 16
40 16
39 15
40 15
41 15
41 16
41 17
38 15
38 16
38 17
40 14
41 14
0
Yes
2 30
2 31
1 30
1 31
3 31
2 29
1 29
0 30
0 31
0 29
0
Yes
1 5
0 5
0 4
0 6
1 6
2 6
1 7
0 7
2 7
3 7
3 6
3 5
4 5
4 6
4 7
0 8
1 8
2 8
3 8
4 8
4 4
3 4
3 3
4 3
1 9
2 9
3 9
0 9
4 9
5 4
5 5
5 8
5 9
6 5
6 4
0 10
1 10
2 10
3 10
6 6
6 3
1 11
2 11
0 11
3 11
7 4
7 5
7 6
7 3
7 2
6 2
6 1
7 1
8 5
8 4
8 3
8 2
8 6
8 1
0 12
1 12
2 12
3 12
8 7
7 0
6 0
8 0
5 0
1 13
2 13
0 13
9 4
9 5
9 6
9 2
9 1
9 0
10 5
10 6
0 14
1 14
2 14
11 6
11 5
11 4
10 0
0
No
0
Yes
8 46
8 47
8 48
8 49
9 46
9 47
9 48
9 49
10 46
10 47
10 48
10 49
11 46
11 47
11 48
11 49
12 46
12 47
12 48
12 49
13 46
13 47
13 48
13 49
0
Yes
42 27
42 28
42 29
42 30
42 31
43 27
43 28
43 29
43 30
43 31
44 27
44 28
44 29
44 30
0
Yes
9 19
8 19
8 18
9 18
8 20
7 20
7 19
7 18
7 17
8 17
0
No
0
Yes
40 8
40 7
41 7
41 8
42 7
42 8
42 6
41 6
40 6
40 5
41 5
42 5
43 6
43 7
43 8
43 5
41 4
42 4
40 4
43 4
43 9
42 9
41 9
44 8
44 7
44 6
44 5
44 9
44 4
40 3
41 3
42 3
43 3
44 3
41 10
42 10
43 10
44 10
45 7
45 8
45 6
45 5
45 9
45 4
45 10
45 3
41 2
42 2
43 2
44 2
40 2
46 8
46 9
0
No
0
Yes
38 37
37 37
37 36
37 38
38 38
36 38
36 37
36 36
36 39
37 39
38 39
35 37
35 38
35 36
35 39
35 35
36 35
37 35
34 36
34 37
34 38
34 39
35 40
34 40
36 40
37 40
36 34
37 34
33 37
33 38
33 39
33 36
33 40
32 36
32 37
32 38
32 39
32 40
31 38
31 39
31 40
32 41
33 41
31 41
34 41
30 39
30 40
30 38
30 41
31 42
32 42
33 42
30 42
29 38
29 39
29 40
29 41
0
No
0
Yes
48 42
47 42
47 41
48 41
48 40
47 40
46 41
46 42
46 40
46 43
45 42
45 41
45 43
45 40
47 39
46 39
48 39
45 39
49 39
45 44
46 44
47 44
47 45
46 45
45 45
48 45
48 44
48 38
47 38
49 38
48 46
47 46
46 46
45 46
44 41
44 42
44 43
44 40
44 44
44 45
44 39
49 46
49 45
47 37
48 37
49 37
47 47
48 47
46 47
49 47
45 47
43 40
43 41
46 37
48 36
47 36
49 36
46 36
48 48
47 48
46 48
49 48
45 48
42 41
42 40
44 47
44 48
45 36
45 37
44 37
44 36
47 35
48 35
46 35
45 35
49 35
44 35
47 49
48 49
46 49
45 49
49 49
44 49
41 40
41 39
43 36
43 37
43 35
43 48
43 47
43 49
48 34
47 34
46 34
45 34
44 34
49 34
43 34
40 39
40 40
40 41
40 38
49 33
48 33
39 40
39 39
39 38
42 49
42 48
41 48
41 49
46 33
45 33
0
Yes
32 35
31 35
31 34
31 36
30 36
30 35
30 34
0
Yes
19 1
19 2
18 1
18 2
20 1
20 2
19 0
18 0
20 0
17 1
17 2
17 0
0
Yes
12 43
12 42
11 42
11 41
12 41
10 41
10 42
12 40
9 42
9 41
13 40
10 40
9 40
8 41
8 42
8 40
8 43
7 43
7 42
7 41
7 40
7 44
8 44
8 45
7 45
7 46
6 42
6 43
6 41
6 40
6 46
5 43
5 42
5 41
5 40
5 44
6 47
7 47
7 48
6 48
5 45
5 46
5 47
5 48
4 42
4 43
4 44
4 41
4 45
4 46
4 47
4 40
4 48
6 49
5 49
7 49
4 49
3 43
3 42
3 44
3 41
3 46
3 47
3 48
3 49
2 42
2 43
2 44
2 41
2 40
1 43
1 42
1 41
1 44
2 48
2 49
0 42
0 41
0 40
1 49
1 48
0 48
0 49
0 47
14 40
14 41
14 42
15 42
15 43
14 43
14 44
13 44
13 45
14 45
16 43
16 42
16 41
12 39
0
Yes
26 38
26 37
27 37
27 38
28 37
28 38
28 39
27 39
26 39
28 36
27 36
26 36
26 40
27 40
28 40
29 39
29 38
29 37
29 36
29 40
26 35
27 35
28 35
29 35
30 40
30 39
30 38
27 34
28 34
26 34
29 34
30 34
30 35
30 36
31 38
31 39
31 40
26 33
27 33
28 33
29 33
30 33
25 34
25 35
25 36
25 33
31 36
31 35
31 34
31 33
31 41
30 41
29 41
32 39
32 40
32 38
32 41
32 37
32 36
32 35
27 32
28 32
29 32
26 32
30 32
25 32
31 32
24 36
24 35
24 34
24 33
24 32
32 42
31 42
30 42
33 38
33 39
33 40
33 37
33 36
33 41
33 42
29 31
30 31
31 31
23 35
23 34
23 33
23 32
23 36
26 41
27 41
30 43
31 43
32 43
33 43
32 31
32 32
32 33
34 37
34 38
34 39
34 40
34 36
34 41
25 41
25 40
25 39
22 33
22 32
33 33
33 32
33 31
24 39
24 40
24 41
31 44
32 44
0
Yes
31 20
31 21
32 21
32 20
33 21
33 20
33 22
32 22
31 22
31 23
32 23
33 23
34 22
34 21
34 20
34 23
32 24
33 24
31 24
34 24
34 19
33 19
32 19
35 23
35 22
35 24
35 21
31 25
32 25
33 25
34 25
35 25
32 18
33 18
34 18
33 26
34 26
35 26
30 25
30 24
30 23
36 25
36 24
36 23
36 26
29 23
29 24
29 25
37 23
37 24
37 25
37 26
38 24
38 25
38 23
38 26
37 27
36 27
35 27
38 27
39 23
39 24
39 25
39 26
36 28
35 28
40 24
40 23
40 25
40 26
35 18
34 17
35 17
39 22
40 22
39 21
40 21
39 20
40 20
41 20
41 21
41 22
41 19
40 19
39 19
39 18
40 18
41 18
40 17
39 17
41 17
38 17
38 18
38 19
38 16
39 16
40 16
41 16
42 19
42 20
42 21
42 18
42 22
39 15
40 15
41 15
38 15
43 20
43 19
43 21
43 18
43 22
40 14
41 14
44 19
44 20
44 21
44 18
44 22
44 23
43 23
42 23
45 20
45 21
45 19
45 22
45 18
45 23
45 24
44 24
43 24
43 25
44 25
45 25
44 26
45 26
43 26
0
Yes
26 19
25 19
25 18
26 18
25 17
26 17
24 17
24 18
24 19
24 20
25 20
26 20
23 19
23 18
23 20
23 17
24 16
25 16
26 16
26 21
25 21
24 21
23 21
25 15
26 15
25 22
24 22
26 22
23 22
27 15
27 16
27 17
22 22
22 21
22 20
27 14
26 14
25 14
28 17
28 16
28 15
22 23
23 23
24 23
25 23
26 23
24 24
23 24
22 24
21 23
21 22
21 21
21 24
21 25
22 25
23 25
24 25
20 21
20 22
20 23
20 24
20 25
20 26
21 26
22 26
23 26
24 26
19 21
19 22
27 20
27 21
28 20
28 21
0
Yes
2 22
2 23
2 24
2 25
2 26
2 27
3 22
3 23
3 24
3 25
3 26
3 27
4 22
4 23
4 24
4 25
4 26
4 27
5 22
5 23
5 24
5 25
5 26
5 27
6 22
6 23
6 24
6 25
6 26
6 27
0
Yes
10 27
10 26
11 26
11 27
12 26
12 27
12 25
11 25
10 25
10 24
11 24
12 24
13 25
13 26
13 27
13 24
11 23
12 23
10 23
13 23
14 26
14 27
10 22
11 22
12 22
13 22
9 23
9 22
9 24
9 25
11 21
10 21
12 21
9 21
13 21
14 21
14 22
14 23
12 20
13 20
14 20
11 20
10 20
8 21
8 22
8 23
15 20
15 21
15 22
7 23
7 22
7 21
16 22
16 21
16 20
17 21
17 22
17 20
16 19
15 19
14 19
17 19
14 18
15 18
16 18
17 18
0
Yes
17 3
17 2
18 2
18 1
17 1
18 0
17 0
19 0
19 1
19 2
20 2
20 1
20 0
0
Yes
0 38
0 37
1 37
1 38
1 39
0 39
2 38
2 37
2 39
1 36
0 36
2 36
0 35
1 35
2 35
3 37
3 38
3 36
3 35
4 38
4 37
4 36
4 35
5 37
5 36
5 38
5 35
4 34
5 34
6 35
6 34
5 33
4 33
6 33
4 32
5 32
6 32
7 34
7 33
7 32
5 31
4 31
8 33
8 32
7 31
8 31
9 32
9 33
10 33
10 32
8 30
7 30
6 30
6 29
7 29
5 29
10 31
11 32
11 31
0
Yes
28 21
27 21
27 20
28 20
26 20
26 21
25 20
25 21
24 20
24 21
24 22
25 22
26 22
24 19
25 19
26 19
23 22
23 21
23 20
23 19
26 23
25 23
24 23
23 23
26 18
25 18
24 18
23 18
22 21
22 22
22 23
22 20
24 24
23 24
22 24
25 17
24 17
26 17
23 17
21 22
21 21
21 23
21 24
23 25
22 25
24 25
21 25
26 16
25 16
24 16
20 23
20 22
20 24
20 21
20 25
24 26
23 26
22 26
21 26
20 26
19 22
19 21
23 27
22 27
21 27
22 28
23 28
21 28
26 15
25 15
27 15
27 16
27 17
28 17
28 16
0
No
0
Yes
49 49
48 49
48 48
49 48
48 47
49 47
47 47
47 48
47 49
46 49
46 48
46 47
47 46
48 46
49 46
46 46
45 48
45 47
45 49
45 46
49 45
48 45
47 45
46 45
45 45
44 49
44 48
44 47
48 44
47 44
46 44
0
Yes
42 0
42 1
43 0
43 1
44 0
44 1
0
Yes
12 24
11 24
11 23
12 23
11 22
12 22
13 22
13 23
13 24
10 22
10 23
10 24
13 25
12 25
11 25
10 25
13 21
12 21
11 21
10 21
9 24
9 23
9 22
9 21
9 25
12 26
11 26
10 26
13 26
12 20
13 20
11 20
10 20
14 21
14 22
14 20
14 23
0
Yes
19 3
19 4
20 3
20 4
0
Yes
7 16
6 16
6 17
5 17
5 16
4 17
4 16
4 18
5 18
6 18
3 18
3 17
3 16
6 19
5 19
4 19
3 19
2 16
2 17
2 18
2 19
3 15
4 15
2 15
5 15
5 20
4 20
3 20
2 20
6 20
1 17
1 18
1 16
1 19
1 15
1 20
3 21
2 21
1 21
0 16
0 17
0 18
0 19
0 20
0 21
0 15
2 22
1 22
3 22
0 22
3 23
2 23
1 23
0 23
2 24
1 24
3 24
0 24
4 24
4 23
4 22
5 22
5 23
5 24
6 23
6 22
6 21
6 24
7 21
7 22
7 23
7 24
8 22
8 23
8 21
6 25
5 25
4 25
3 25
2 25
1 25
0 25
5 26
4 26
3 26
2 26
6 26
6 27
5 27
4 27
3 27
2 27
5 14
0
Yes
47 2
47 1
46 1
48 1
48 2
48 0
47 0
46 0
49 0
49 1
49 2
45 1
45 0
0
Yes
19 22
19 21
20 21
20 22
21 21
21 22
22 21
22 22
22 23
21 23
20 23
23 23
23 22
23 21
20 24
21 24
22 24
23 24
24 22
24 23
24 21
24 24
21 25
22 25
23 25
20 25
24 25
25 21
25 22
25 23
24 20
23 20
25 20
22 20
20 26
21 26
22 26
23 26
24 26
0
Yes
28 17
27 17
27 16
28 16
27 15
28 15
26 15
26 16
26 17
25 17
25 16
25 15
25 14
26 14
27 14
24 17
24 16
0
Yes
6 12
5 12
6 11
6 13
7 12
5 11
5 13
7 11
7 13
4 12
6 10
4 11
4 13
5 10
7 10
4 10
0
No
0
Yes
23 11
22 11
22 10
23 10
22 9
23 9
21 9
21 10
21 11
22 8
23 8
24 8
24 9
24 10
0
No
0
Yes
28 27
28 28
27 27
27 28
28 26
27 26
0
No
0
Yes
41 48
40 48
40 49
41 49
42 49
42 48
43 49
43 48
44 49
44 48
45 49
45 48
45 47
44 47
43 47
46 47
46 48
46 49
47 48
47 47
47 49
47 46
46 46
45 46
48 46
48 47
48 48
48 49
45 45
46 45
47 45
48 45
49 45
49 46
49 47
49 48
49 49
46 44
45 44
47 44
48 44
46 43
45 43
44 43
44 44
44 45
44 42
45 42
46 42
45 41
44 41
46 41
46 40
45 40
44 40
47 40
47 41
47 42
48 42
48 41
48 40
44 39
45 39
46 39
47 39
48 39
47 38
48 38
39 49
39 48
47 37
48 37
49 37
49 38
49 39
49 36
48 36
47 36
47 35
48 35
49 35
46 35
46 36
46 37
45 37
45 36
45 35
44 36
44 37
44 35
43 35
43 36
43 37
43 34
44 34
45 34
46 34
47 34
48 34
49 34
38 49
38 48
43 41
43 40
42 41
42 40
37 49
37 48
36 49
36 48
41 40
41 39
40 39
40 40
39 39
39 40
40 38
39 38
38 38
38 39
37 38
37 39
36 38
36 39
36 37
37 37
38 37
35 37
35 38
35 39
35 40
36 40
37 40
35 36
36 36
37 36
37 35
36 35
35 35
37 34
36 34
0
No
0
No
0
Yes
33 11
33 10
34 10
34 11
35 10
35 11
35 9
34 9
33 9
36 9
36 10
36 11
37 11
37 10
37 9
36 12
35 12
34 12
37 12
37 8
36 8
35 8
34 13
35 13
36 13
37 13
0
Yes
49 5
48 5
47 5
47 4
46 4
46 5
45 4
45 5
44 4
44 5
45 6
44 6
43 6
43 5
43 4
43 3
44 3
45 3
43 7
44 7
45 7
42 3
42 4
42 5
42 6
42 7
45 8
44 8
43 8
42 8
41 5
41 6
41 4
41 7
41 3
41 8
42 2
43 2
44 2
41 2
44 9
43 9
42 9
45 9
41 9
40 4
40 5
40 6
40 3
40 7
40 8
40 2
44 1
43 1
42 1
45 10
44 10
43 10
42 10
41 10
43 0
44 0
42 0
43 11
42 11
41 11
42 12
41 12
43 12
40 12
40 11
40 10
39 10
39 11
39 12
46 8
46 9
47 8
47 9
48 9
47 10
48 10
39 7
40 1
47 3
44 12
0
Yes
10 10
9 10
9 9
10 9
9 11
10 11
8 11
8 10
8 9
8 12
9 12
10 12
7 10
7 11
7 12
7 9
6 11
6 10
6 12
7 13
8 13
9 13
6 13
0
No
0
No
0
No
0
Yes
21 0
20 0
20 1
21 1
20 2
21 2
22 2
22 1
22 0
19 2
19 1
19 0
23 0
23 1
23 2
22 3
21 3
20 3
19 3
23 3
18 0
18 1
18 2
24 1
24 2
24 3
24 0
20 4
19 4
17 1
17 0
17 2
24 4
23 4
22 4
22 5
23 5
24 5
0
Yes
42 44
42 45
41 44
41 45
42 43
0
Yes
22 13
22 14
21 13
21 14
23 13
23 14
22 12
21 12
20 13
20 14
20 12
0
Yes
14 1
14 2
15 1
15 2
13 1
13 2
14 0
15 0
16 1
16 2
13 0
16 0
12 1
12 2
12 0
0
No
0
Yes
3 46
3 47
3 48
3 49
4 46
4 47
4 48
4 49
5 46
5 47
5 48
5 49
6 46
6 47
6 48
6 49
7 46
7 47
7 48
7 49
8 46
8 47
8 48
8 49
9 46
9 47
9 48
9 49
10 46
10 47
10 48
10 49
11 46
11 47
11 48
11 49
12 46
12 47
12 48
12 49
13 46
13 47
0
Yes
15 14
15 13
15 15
14 15
16 15
14 16
15 16
16 16
13 16
17 16
17 15
17 14
15 17
14 17
16 17
13 17
18 14
18 15
18 13
14 18
15 18
16 18
13 18
19 13
19 14
19 15
12 17
12 16
11 16
17 18
19 16
15 19
14 19
16 19
17 19
20 15
20 16
20 17
19 17
18 17
18 18
19 18
20 18
16 20
15 20
17 20
21 16
21 17
21 15
21 18
15 21
16 21
17 21
18 21
22 17
22 16
16 22
17 22
15 22
17 23
16 23
18 23
18 24
17 24
15 12
15 11
14 11
16 11
14 10
15 10
16 10
17 10
17 11
17 12
18 12
15 9
16 9
14 9
17 9
14 8
15 8
16 8
17 8
13 8
18 8
15 7
14 7
16 7
17 7
13 7
18 7
12 7
12 8
11 8
14 6
16 6
17 6
18 6
19 7
19 8
19 6
20 8
20 9
20 6
13 11
13 12
12 12
12 11
12 13
11 11
11 12
10 16
10 15
10 17
9 15
9 16
9 14
10 14
8 14
8 15
8 16
8 17
7 17
7 18
8 18
9 18
9 19
8 19
7 19
8 20
7 20
20 10
23 17
23 18
24 18
24 19
23 19
25 19
0
Yes
6 43
5 43
5 42
6 42
5 44
7 42
7 43
7 44
6 41
5 41
7 41
8 43
8 42
8 44
8 41
4 42
4 43
4 44
4 41
4 45
5 45
8 45
7 45
3 43
3 42
3 44
3 41
5 40
6 40
7 40
4 40
8 40
9 42
9 41
9 40
2 42
2 43
2 44
2 41
10 41
10 42
10 40
1 43
1 42
1 44
1 41
2 40
11 42
11 41
0 42
0 41
12 41
12 42
12 43
0
No
0
Yes
12 30
12 31
11 30
12 29
11 29
0
Yes
35 8
35 9
34 9
36 9
36 8
36 10
35 10
34 10
37 10
37 9
37 8
35 11
36 11
34 11
37 11
33 11
33 10
33 9
34 12
35 12
36 12
0
No
0
Yes
27 7
26 7
27 6
27 8
28 7
26 6
26 8
28 6
28 8
25 7
27 5
25 6
25 8
26 5
28 5
25 5
0
Yes
18 41
18 42
19 42
19 43
18 43
19 44
18 44
20 44
20 43
20 42
20 45
19 45
18 45
18 46
19 46
20 46
17 45
17 44
17 43
17 46
19 47
18 47
17 47
20 47
16 43
16 44
16 45
16 46
16 47
18 48
17 48
19 48
16 48
20 48
21 47
21 46
21 48
21 45
15 44
15 45
15 46
15 47
15 43
15 48
17 49
16 49
15 49
18 49
19 49
22 48
22 47
22 46
14 43
14 44
14 45
14 47
14 48
14 49
14 42
15 42
16 42
13 44
13 45
13 48
13 49
0
No
0
No
0
No
0
Yes
1 49
2 49
1 48
2 48
0 49
0 48
0
No
0
Yes
8 20
7 20
7 19
8 19
7 18
8 18
6 18
6 19
6 20
6 21
7 21
8 21
5 20
5 19
5 18
6 17
7 17
8 17
5 17
8 22
7 22
6 22
4 19
4 18
4 20
4 17
8 16
7 16
6 16
5 16
4 16
7 23
6 23
8 23
3 20
3 19
3 18
3 17
3 16
5 15
4 15
3 15
2 19
2 18
2 17
2 16
2 20
2 15
1 20
1 19
1 18
1 17
1 16
1 15
1 21
2 21
3 21
3 22
2 22
1 22
4 22
5 22
5 23
4 23
3 23
2 23
1 23
5 24
4 24
3 24
6 24
2 24
1 24
7 24
0 19
0 20
0 21
0 18
0 22
0 17
0 23
0 16
0 24
0 15
6 25
5 25
4 25
3 25
2 25
1 25
0 25
0 14
1 14
2 14
5 26
4 26
3 26
2 26
6 26
2 13
1 13
0 13
6 27
4 27
3 27
2 27
9 19
9 18
5 27
9 16
8 15
9 15
8 14
9 14
10 14
10 15
10 16
10 17
0 26
0
No
0
Yes
35 8
35 9
34 9
36 9
36 8
36 10
35 10
34 10
37 10
37 9
37 8
35 11
36 11
34 11
37 11
33 11
33 10
33 9
0
No
0
No
0
Yes
21 39
20 39
20 38
20 40
21 40
19 38
19 39
19 40
19 37
20 37
18 39
20 36
20 41
20 35
19 35
19 34
20 34
21 34
18 34
18 35
17 35
17 34
17 36
16 36
16 35
16 34
16 37
15 37
15 36
15 35
15 34
15 38
16 38
17 38
16 39
15 39
15 40
16 40
16 41
18 33
19 33
17 33
16 33
15 33
14 39
14 38
14 37
14 36
14 35
14 34
14 40
14 41
19 32
18 32
17 32
16 32
15 32
13 40
13 37
13 36
18 31
17 31
16 31
19 31
15 31
20 31
20 30
19 30
18 30
17 30
21 30
21 29
20 29
19 29
18 29
17 29
14 31
18 28
17 28
16 28
17 27
18 27
16 27
15 27
15 28
15 29
16 26
12 40
12 39
12 41
11 39
11 38
11 41
11 42
12 42
12 43
10 42
10 41
10 40
9 40
9 41
9 42
8 41
8 40
8 42
8 43
7 40
7 41
7 42
7 43
7 44
8 44
8 45
7 45
6 41
6 42
6 43
6 40
5 40
5 41
5 42
5 43
5 44
4 41
4 42
4 43
4 40
4 44
4 45
5 45
3 42
3 41
3 43
3 44
2 41
2 42
2 43
2 44
2 40
1 42
1 41
1 43
1 44
0
Yes
1 5
0 5
0 6
1 6
0 7
1 7
0 8
1 8
2 8
2 7
2 6
2 9
1 9
0 9
3 6
3 7
3 8
3 9
1 10
2 10
0 10
3 10
4 7
4 8
4 9
4 6
4 10
0 11
1 11
2 11
3 11
4 11
5 8
5 9
5 10
5 11
1 12
2 12
3 12
4 12
5 12
0 12
4 13
5 13
0
Yes
36 23
36 24
36 25
36 26
37 23
37 24
37 25
37 26
38 23
38 24
38 25
38 26
39 23
39 24
39 25
39 26
40 23
40 24
40 25
40 26
0
Yes
47 1
47 2
48 1
48 2
46 1
47 0
48 0
49 1
49 2
46 0
49 0
45 1
45 0
0
No
0
Yes
49 14
48 14
48 13
49 13
48 12
49 12
48 11
49 11
47 11
47 12
0
Yes
39 18
39 19
39 20
39 21
39 22
40 18
40 19
40 20
40 21
40 22
41 18
41 19
41 20
41 21
41 22
42 18
42 19
42 20
42 21
42 22
43 18
43 19
43 20
43 21
43 22
44 18
44 19
44 20
44 21
44 22
45 18
45 19
45 20
45 21
45 22
0
Yes
25 33
24 33
24 32
25 32
24 34
25 34
26 34
26 33
26 32
23 34
23 33
23 32
27 33
27 32
27 34
26 35
25 35
24 35
23 35
27 35
22 33
22 32
28 34
28 33
28 32
28 35
25 36
26 36
24 36
27 36
28 36
23 36
29 33
29 34
29 35
29 32
29 36
26 37
27 37
28 37
29 37
30 32
30 33
30 34
30 35
30 36
27 38
28 38
26 38
29 38
31 33
31 34
31 35
31 32
31 36
26 39
27 39
28 39
29 39
32 35
32 36
31 31
30 31
29 31
27 40
28 40
26 40
29 40
32 31
32 32
32 33
30 40
30 39
30 38
31 38
31 39
31 40
32 39
32 38
32 37
32 40
33 37
33 38
33 36
33 39
33 40
33 33
33 32
33 31
31 41
30 41
32 41
33 41
29 41
0
Yes
26 2
27 2
26 1
26 3
27 1
27 3
25 2
25 1
25 3
26 0
27 0
25 0
0
No
0
Yes
49 49
48 49
48 48
49 48
48 47
49 47
47 47
47 48
47 49
46 49
46 48
46 47
47 46
48 46
49 46
46 46
45 48
45 47
45 49
45 46
49 45
48 45
47 45
46 45
45 45
44 49
44 48
44 47
48 44
47 44
46 44
45 44
43 48
43 49
43 47
46 43
45 43
44 43
44 44
44 45
0
No
0
Yes
44 25
45 25
44 24
44 26
45 24
45 26
43 25
43 24
43 26
44 23
45 23
43 23
0
Yes
42 44
42 45
41 44
41 45
42 43
0
Yes
10 14
9 14
9 15
10 15
9 16
10 16
8 16
8 15
8 14
8 17
7 17
7 16
6 17
6 16
6 18
7 18
8 18
8 19
7 19
6 19
5 18
5 17
5 16
5 19
7 20
6 20
8 20
5 20
4 16
4 17
4 18
4 19
4 20
8 21
7 21
6 21
3 17
3 18
3 19
3 16
3 20
3 15
4 15
5 15
7 22
8 22
6 22
2 15
2 16
2 17
2 18
2 19
2 20
6 23
7 23
8 23
1 16
1 17
1 18
1 19
1 15
1 20
1 21
2 21
3 21
3 22
2 22
1 22
4 22
5 22
5 23
4 23
3 23
2 23
1 23
0 15
0 16
0 17
0 18
0 19
0 20
0 21
0 22
0 23
0 14
1 14
2 14
5 24
4 24
3 24
2 24
6 24
1 24
0 24
7 24
2 13
1 13
0 13
6 25
5 25
4 25
3 25
2 25
1 25
0 25
5 26
4 26
3 26
2 26
6 26
6 27
5 27
4 27
3 27
2 27
4 28
3 28
2 28
0
No
0
No
0
Yes
23 3
22 3
23 2
23 4
24 3
22 2
22 4
24 2
24 4
21 3
23 1
23 5
21 2
22 1
22 5
24 1
24 5
21 1
23 0
22 0
24 0
21 0
0
Yes
49 45
48 45
48 44
48 46
49 46
47 46
47 45
47 44
47 47
48 47
49 47
46 45
46 46
46 44
46 47
49 48
48 48
47 48
46 48
45 44
45 45
45 46
45 47
45 48
48 49
47 49
46 49
45 49
49 49
44 47
44 48
44 49
43 48
43 49
43 47
44 44
44 45
0
Yes
38 2
39 2
38 1
38 3
39 1
39 3
37 2
37 1
37 3
38 0
39 0
37 0
0
Yes
42 20
42 21
43 20
43 21
41 20
41 21
42 19
42 22
43 19
43 22
44 20
44 21
41 19
41 22
44 19
44 22
40 20
40 21
42 18
43 18
45 20
45 21
40 19
40 22
41 18
44 18
45 19
45 22
39 20
39 21
40 18
45 18
39 19
39 22
39 18
0
No
0
No
0
Yes
28 27
28 28
27 27
27 28
28 26
27 26
0
No
0
No
0
Yes
23 31
23 32
22 32
24 32
24 31
24 33
23 33
22 33
24 34
23 34
25 34
25 33
25 32
26 32
26 33
26 34
25 35
24 35
23 35
26 35
27 33
27 34
27 32
27 35
23 36
24 36
25 36
26 36
27 36
28 32
28 33
28 34
28 35
28 36
26 37
27 37
28 37
29 33
29 34
29 35
29 36
29 32
29 37
27 38
28 38
26 38
29 38
30 32
30 33
30 34
30 35
30 36
26 39
27 39
28 39
29 39
31 33
31 34
31 35
31 32
31 36
31 31
30 31
29 31
27 40
28 40
26 40
29 40
32 31
32 32
32 33
32 35
32 36
30 40
30 39
30 38
31 38
31 39
31 40
32 39
32 38
32 37
32 40
33 37
33 38
33 36
33 39
33 40
33 32
33 31
33 33
31 41
30 41
32 41
33 41
29 41
34 36
34 37
34 38
34 39
34 40
34 41
32 42
31 42
30 42
33 42
35 37
35 38
35 39
35 40
35 36
30 43
31 43
32 43
33 43
0
Yes
37 29
37 30
37 31
36 31
38 31
36 32
37 32
38 32
35 32
35 31
35 30
34 31
34 32
39 32
39 31
40 31
40 32
37 33
36 33
38 33
35 33
39 33
40 33
36 34
37 34
41 33
40 34
41 34
37 35
36 35
35 35
36 36
37 36
41 35
40 35
39 35
39 36
40 36
41 36
37 37
36 37
38 37
41 37
36 38
37 38
38 38
39 38
40 38
37 39
38 39
39 39
36 39
40 39
41 39
36 40
37 40
39 40
40 40
41 40
42 40
40 41
42 41
43 41
43 40
44 40
44 41
44 39
45 39
45 40
45 41
46 40
46 39
46 41
47 39
47 40
47 41
47 38
48 38
48 39
48 40
48 41
48 37
47 37
46 37
46 36
47 36
48 36
45 36
45 37
45 35
46 35
47 35
48 35
44 35
44 36
44 37
44 34
45 34
46 34
47 34
48 34
43 34
43 35
43 36
43 37
45 33
46 33
46 32
48 33
49 33
49 34
49 35
49 36
49 37
49 38
49 39
49 32
44 42
45 42
46 42
47 42
48 42
45 43
46 43
44 43
46 31
45 31
47 31
48 31
49 31
48 30
49 30
49 29
36 41
49 28
48 28
48 27
49 27
49 26
49 25
49 24
0
No
0
Yes
15 43
15 44
15 45
15 46
15 47
15 48
15 49
16 43
16 44
16 45
16 46
16 47
16 48
16 49
17 43
17 44
17 45
17 46
17 47
17 48
17 49
18 43
18 44
18 45
18 46
18 47
18 48
18 49
19 43
19 44
19 45
19 46
19 47
19 48
19 49
20 43
20 44
20 45
20 46
20 47
20 48
0
Yes
10 0
9 0
9 1
8 1
8 0
8 2
9 2
7 0
7 1
7 2
6 1
6 0
6 2
7 3
8 3
6 3
8 4
7 4
6 4
9 4
5 0
9 5
8 5
7 5
6 5
10 5
10 6
9 6
8 6
7 6
6 6
11 6
11 5
11 4
12 5
5 4
5 5
8 7
4 5
4 4
4 3
3 3
3 4
3 5
3 2
2 2
13 5
13 4
14 4
14 3
13 3
13 2
14 2
12 2
12 1
13 1
14 1
13 0
12 0
14 0
15 0
15 1
15 2
15 3
15 4
16 1
16 2
16 3
16 0
17 0
17 1
17 2
17 3
17 4
18 1
18 2
18 0
19 0
19 1
19 2
19 3
20 1
20 2
20 0
20 3
20 4
19 4
4 0
1 2
1 1
0 1
0 2
0 0
1 0
2 0
0 3
0 4
0
Yes
19 26
20 26
20 25
21 25
21 26
22 25
22 26
22 24
21 24
20 24
23 24
23 25
23 26
20 23
21 23
22 23
23 23
24 26
24 25
24 24
24 23
23 27
22 27
21 27
21 22
22 22
23 22
20 22
24 22
21 28
22 28
23 28
20 21
21 21
22 21
23 21
24 21
22 20
23 20
24 20
25 21
25 22
25 23
25 20
25 19
24 19
23 19
26 23
26 22
26 21
26 20
26 19
26 18
25 18
24 18
23 18
0
Yes
21 25
20 25
20 24
21 24
20 23
21 23
22 23
22 24
22 25
22 26
21 26
20 26
23 25
23 24
23 26
23 23
22 22
21 22
20 22
23 22
23 27
22 27
21 27
24 24
24 23
24 22
24 25
24 26
21 21
22 21
23 21
20 21
24 21
21 28
22 28
23 28
25 23
25 22
25 21
22 20
23 20
24 20
0
Yes
47 1
47 2
48 1
48 2
46 1
47 0
48 0
49 1
49 2
46 0
49 0
45 1
45 0
0
No
0
Yes
7 24
6 24
6 23
7 23
6 22
7 22
5 22
5 23
5 24
4 24
4 23
4 22
3 23
3 24
3 22
4 25
5 25
6 25
3 25
2 22
2 23
2 24
2 25
6 26
5 26
4 26
3 26
2 26
1 24
1 23
1 25
1 22
5 27
4 27
3 27
2 27
6 27
0 23
0 24
0 22
0 25
1 21
2 21
3 21
0 21
4 28
3 28
2 28
3 20
2 20
1 20
0 20
2 19
1 19
3 19
0 19
3 18
2 18
1 18
0 18
4 18
4 19
4 20
5 20
5 19
5 18
6 19
6 20
6 21
7 21
7 20
7 19
6 18
7 18
7 17
6 17
5 17
4 17
3 17
2 17
1 17
0 17
8 21
8 20
8 19
8 22
8 23
8 18
8 17
6 16
5 16
4 16
3 16
2 16
7 16
1 16
0 16
8 16
9 23
9 22
9 21
9 19
9 18
5 15
4 15
3 15
2 15
0
Yes
48 30
48 31
47 31
49 31
49 30
49 29
49 32
46 31
46 32
49 28
48 28
48 27
49 27
49 26
45 31
49 33
48 33
48 34
49 34
47 34
47 35
48 35
49 35
46 35
46 34
46 33
45 33
45 34
45 35
44 34
44 35
48 36
47 36
46 36
45 36
49 36
44 36
43 35
43 34
43 36
47 37
48 37
46 37
45 37
44 37
49 37
43 37
48 38
47 38
49 38
47 39
48 39
49 39
46 39
48 40
47 40
46 40
45 40
45 39
44 39
44 40
47 41
46 41
45 41
48 41
44 41
43 40
43 41
48 42
47 42
46 42
45 42
44 42
42 41
42 40
41 40
41 39
40 39
40 40
40 38
39 38
39 39
39 40
46 43
45 43
44 43
38 39
38 38
38 37
0
No
0
Yes
37 23
36 23
36 24
37 24
36 25
37 25
38 25
38 24
38 23
35 25
35 24
35 23
39 23
39 24
39 25
38 26
37 26
36 26
35 26
39 26
34 23
34 24
34 25
34 26
40 24
40 25
40 23
40 26
37 27
36 27
35 27
38 27
33 24
33 25
33 23
33 26
36 28
35 28
32 23
32 24
32 25
33 22
34 22
35 22
32 22
31 24
31 23
31 22
31 25
35 21
34 21
33 21
32 21
31 21
30 25
30 24
30 23
34 20
33 20
32 20
31 20
29 23
29 24
29 25
33 19
32 19
34 19
34 18
33 18
32 18
0
No
0
Yes
34 28
35 28
35 27
36 27
36 28
36 26
35 26
36 25
35 25
37 25
37 26
37 27
38 27
38 26
38 25
37 24
36 24
35 24
38 24
39 26
39 25
39 24
34 24
34 25
34 26
35 23
36 23
37 23
38 23
34 23
39 23
33 26
33 25
33 24
33 23
40 25
40 24
40 26
40 23
32 25
32 24
32 23
33 22
34 22
35 22
32 22
31 22
31 23
31 24
31 25
34 21
33 21
32 21
31 21
35 21
33 20
34 20
32 20
31 20
32 19
33 19
0
Yes
11 11
10 11
10 10
10 12
11 12
9 12
9 11
9 10
8 11
8 10
8 12
7 12
7 11
7 10
8 9
9 9
10 9
7 9
6 11
6 10
6 12
7 13
8 13
9 13
6 13
5 12
5 11
5 10
5 13
8 14
9 14
4 11
4 12
4 10
4 13
3 10
3 11
3 12
3 9
4 9
5 9
2 11
2 10
2 12
2 9
5 8
4 8
3 8
2 8
1 8
1 9
1 10
1 11
1 12
4 7
3 7
2 7
1 7
0 7
0 8
0 9
0 10
0 11
0 12
0 13
1 13
2 13
2 14
1 14
0 14
3 6
2 6
1 6
0 6
4 6
1 15
0 15
1 5
0 5
8 15
9 15
12 12
12 11
10 14
10 15
13 12
13 11
0
No
0
Yes
14 15
14 16
13 16
15 16
15 15
15 17
14 17
13 17
16 17
16 16
16 15
14 18
15 18
16 18
13 18
17 16
17 15
15 19
14 19
16 19
16 20
15 20
14 20
17 20
17 19
17 18
14 21
15 21
16 21
17 21
15 22
16 22
14 22
17 22
13 22
13 21
13 20
16 23
17 23
12 20
12 21
12 22
12 23
13 23
14 23
11 21
11 22
11 20
11 23
10 20
10 21
10 22
10 23
11 24
12 24
13 24
10 24
13 25
12 25
11 25
10 25
12 26
11 26
13 26
10 26
13 27
12 27
11 27
10 27
12 17
12 16
18 15
17 14
18 14
17 24
18 23
18 24
9 24
9 25
14 26
14 27
19 14
19 15
20 14
20 15
20 13
19 13
18 13
21 13
21 14
21 15
21 16
20 16
19 16
19 17
20 17
21 17
18 17
18 18
19 18
20 18
21 18
22 13
22 14
22 12
21 12
20 12
23 13
15 14
22 16
23 14
18 21
11 16
9 27
18 12
22 17
0
Yes
21 3
21 2
22 2
22 3
23 2
23 3
23 1
22 1
21 1
21 0
22 0
23 0
24 1
24 2
24 3
24 0
24 4
23 4
22 4
0
Yes
25 3
25 2
26 2
26 3
27 2
27 3
27 1
26 1
25 1
25 0
26 0
27 0
28 1
28 2
28 3
28 0
29 3
29 2
29 1
29 0
30 2
30 1
28 4
29 4
0
Yes
37 23
36 23
36 24
37 24
36 25
37 25
38 25
38 24
38 23
35 25
35 24
35 23
39 23
39 24
39 25
38 26
37 26
36 26
35 26
39 26
34 23
34 24
34 25
34 26
40 24
40 25
40 23
40 26
37 27
36 27
35 27
38 27
33 24
33 25
33 23
33 26
36 28
35 28
32 23
32 24
32 25
33 22
34 22
35 22
32 22
31 24
31 23
31 22
31 25
35 21
34 21
33 21
32 21
31 21
30 25
30 24
30 23
34 20
33 20
32 20
31 20
29 23
29 24
29 25
33 19
32 19
34 19
34 18
33 18
32 18
35 18
41 25
34 17
35 17
36 17
36 16
35 16
36 15
35 15
36 14
35 14
37 15
37 14
38 15
38 14
38 16
39 16
39 15
40 16
40 15
40 17
39 17
38 17
41 17
41 16
41 15
40 14
41 14
38 28
34 28
36 21
30 26
30 20
28 24
32 17
0
No
0
No
0
No
0
Yes
34 28
35 28
35 27
36 27
36 28
36 26
35 26
36 25
35 25
37 25
37 26
37 27
38 27
38 26
38 25
37 24
36 24
35 24
38 24
39 26
39 25
39 24
34 24
34 25
34 26
35 23
36 23
37 23
38 23
34 23
39 23
33 26
33 25
33 24
33 23
40 25
40 24
40 26
40 23
32 25
32 24
32 23
33 22
34 22
35 22
32 22
31 24
31 23
31 25
31 22
34 21
33 21
32 21
31 21
35 21
30 25
30 24
30 23
33 20
34 20
32 20
31 20
29 24
29 25
29 23
32 19
33 19
34 19
34 18
33 18
32 18
35 18
38 28
34 17
35 17
36 17
36 21
0
No
0
No
0
Yes
36 16
35 16
35 15
36 15
35 14
36 14
35 13
36 13
37 13
37 14
37 15
37 12
36 12
35 12
38 14
38 15
36 11
35 11
37 11
37 10
36 10
35 10
34 11
34 12
34 10
34 13
34 9
35 9
36 9
37 9
33 9
33 10
33 11
38 16
39 15
39 16
40 15
40 16
40 17
39 17
38 17
41 17
41 16
41 15
40 14
41 14
0
No
0
Yes
28 9
27 9
27 8
28 8
28 7
27 7
26 8
26 7
29 7
27 6
28 6
29 6
26 6
25 7
25 8
25 6
25 9
24 9
24 8
28 5
27 5
26 5
25 5
24 10
23 8
23 9
23 10
23 11
24 5
22 9
22 10
22 8
22 11
21 10
21 9
21 11
20 9
20 10
20 8
19 8
19 7
18 7
18 8
18 6
19 6
20 6
17 8
17 7
17 6
17 9
16 9
16 8
16 7
16 6
16 10
17 10
17 11
16 11
15 8
15 9
15 10
15 7
15 11
15 12
14 9
14 8
14 10
14 11
14 7
14 6
13 8
13 7
12 7
12 8
11 8
28 10
28 11
27 11
0
Yes
22 24
23 24
22 23
22 25
23 23
23 25
21 24
24 24
21 23
21 25
24 23
24 25
22 22
22 26
23 22
23 26
20 24
21 22
21 26
24 22
24 26
20 23
20 25
22 21
23 21
20 22
20 26
21 21
24 21
0
No
0
No
0
Yes
2 39
1 39
1 38
2 38
1 37
2 37
0 37
0 38
0 39
0 36
1 36
2 36
2 35
1 35
0 35
3 36
3 37
3 38
3 35
4 38
4 37
4 36
4 35
0
No
0
Yes
48 13
49 13
48 12
48 14
49 12
49 14
47 13
47 12
48 11
49 11
47 11
0
Yes
37 3
37 2
36 2
38 2
38 3
38 1
37 1
36 1
39 1
39 2
39 3
37 0
36 0
38 0
39 0
35 0
35 1
35 2
0
No
0
No
0
Yes
15 4
14 4
14 3
15 3
16 3
15 2
14 2
16 2
13 3
13 4
13 2
13 5
17 2
17 3
17 4
12 5
14 1
15 1
16 1
13 1
17 1
12 2
12 1
15 0
14 0
16 0
13 0
17 0
12 0
18 1
18 2
18 0
19 2
19 1
19 0
19 3
20 3
20 2
20 1
20 0
20 4
19 4
21 2
21 3
21 1
21 0
22 3
22 2
22 1
22 0
22 4
23 4
23 3
23 2
23 1
23 0
23 5
22 5
24 3
24 4
24 2
24 1
24 0
25 2
25 3
25 1
25 0
26 3
26 2
26 1
26 0
27 2
27 1
27 3
27 0
28 3
28 2
28 1
28 0
28 4
29 4
29 3
29 2
29 1
29 0
30 2
30 1
11 5
11 4
11 6
10 6
10 5
9 5
9 6
9 4
8 4
8 5
8 6
8 3
8 7
0
Yes
44 15
44 16
43 16
45 16
45 17
44 17
46 17
46 16
46 18
47 18
47 17
47 19
46 19
42 16
41 16
41 15
41 17
40 15
40 16
40 17
40 14
41 14
42 14
42 13
39 16
39 15
39 17
38 15
38 16
38 17
38 14
38 18
37 14
37 15
37 13
36 15
36 14
36 13
36 16
36 12
37 12
37 11
36 11
35 14
35 15
35 13
35 12
35 16
35 11
36 10
37 10
35 10
37 9
36 9
35 9
34 15
34 13
34 12
34 11
34 10
34 9
36 8
35 8
37 8
37 7
33 11
33 10
33 9
33 8
32 8
47 20
47 21
48 21
38 19
37 19
37 20
47 22
47 23
47 24
46 24
46 25
47 25
45 25
45 24
45 23
44 23
44 24
44 25
43 24
43 23
43 25
42 23
44 26
45 26
46 26
43 26
47 26
45 27
46 27
46 28
45 28
33 13
37 6
38 6
38 5
37 5
36 5
32 13
32 12
31 12
31 13
31 14
30 13
30 12
30 11
29 12
31 15
31 16
32 16
32 17
31 17
35 5
35 6
34 6
34 5
35 4
34 4
33 5
31 8
31 7
35 3
32 5
32 6
32 4
30 8
0
No
0
No
0
Yes
0 37
0 36
1 36
1 37
2 36
2 37
2 38
1 38
0 38
2 35
1 35
0 35
0 39
1 39
2 39
3 38
3 37
3 36
3 35
4 37
4 36
4 38
4 35
5 36
5 35
5 37
5 38
0
No
0
No
0
Yes
44 20
44 21
43 20
43 21
45 20
45 21
44 19
44 22
43 19
43 22
45 19
45 22
42 20
42 21
42 19
42 22
44 18
43 18
45 18
0
Yes
1 5
0 5
0 6
1 6
0 7
1 7
0 8
1 8
2 8
2 7
2 6
2 9
1 9
0 9
3 6
3 7
3 8
3 9
1 10
2 10
0 10
3 10
4 7
4 8
4 9
4 6
4 10
0 11
1 11
2 11
3 11
4 11
5 8
5 9
5 10
5 11
1 12
2 12
3 12
4 12
0 12
5 12
6 10
6 11
6 12
0 13
1 13
2 13
4 13
5 13
6 13
7 11
7 12
7 10
7 13
1 14
0 14
2 14
8 10
8 11
8 12
8 13
0
Yes
24 21
23 21
23 20
24 20
23 19
24 19
25 19
25 20
25 21
25 22
24 22
23 22
26 21
26 20
26 22
26 19
25 18
24 18
23 18
26 18
24 23
25 23
23 23
26 23
22 22
22 21
22 23
22 20
22 24
23 24
24 24
21 23
21 22
21 21
21 24
24 25
23 25
22 25
21 25
20 21
20 22
20 23
20 24
20 25
0
No
0
No
0
Yes
0 17
0 16
1 16
1 17
2 16
2 17
2 18
1 18
0 18
2 15
1 15
0 15
0 19
1 19
2 19
3 18
3 17
3 16
3 15
3 19
1 20
2 20
0 20
3 20
4 17
4 18
4 16
4 19
4 15
4 20
0 21
1 21
2 21
3 21
5 16
5 17
5 18
5 19
5 20
5 15
1 22
2 22
0 22
3 22
6 17
6 18
6 16
6 19
6 20
0 23
1 23
2 23
3 23
7 16
7 17
7 18
7 19
7 20
1 24
2 24
0 24
3 24
4 24
4 23
4 22
5 22
5 23
5 24
6 23
6 22
6 21
7 21
7 22
7 23
6 24
7 24
8 17
8 18
8 19
8 20
8 21
8 22
8 23
8 16
0
No
0
No
0
Yes
8 28
9 28
9 27
10 27
10 26
11 26
11 27
12 26
12 27
12 25
11 25
10 25
13 25
13 26
13 27
10 24
11 24
12 24
13 24
14 26
14 27
11 23
12 23
10 23
13 23
9 23
9 24
9 25
9 22
10 22
11 22
12 22
13 22
10 21
11 21
12 21
13 21
9 21
14 21
14 22
14 23
11 20
12 20
13 20
14 20
10 20
15 20
15 21
15 22
16 22
16 21
16 20
17 21
17 22
17 20
16 19
15 19
14 19
17 19
14 18
15 18
16 18
17 18
15 17
16 17
14 17
14 16
15 16
16 16
13 16
13 17
13 18
15 15
16 15
14 15
12 16
12 17
16 23
17 23
17 16
17 15
17 24
18 23
18 24
18 15
0
Yes
5 45
4 45
4 44
5 44
4 43
5 43
4 42
5 42
3 42
3 43
3 44
3 41
4 41
5 41
2 44
2 43
2 42
2 41
4 40
5 40
6 41
6 42
6 43
6 40
1 43
1 42
1 41
1 44
7 43
7 42
7 41
7 40
0 42
0 41
8 42
8 41
8 43
8 40
9 41
9 42
9 40
7 44
8 44
7 45
8 45
2 40
0 40
0 39
1 39
2 39
2 38
1 38
0 38
1 37
2 37
0 37
0 36
1 36
2 36
3 36
3 37
3 38
4 38
4 37
4 36
5 37
5 36
5 38
5 35
4 35
3 35
2 35
1 35
0 35
5 34
4 34
5 33
4 33
6 33
6 34
6 35
6 32
5 32
4 32
7 32
7 33
7 34
0
Yes
34 15
35 15
35 14
35 16
36 14
36 15
36 16
36 13
35 13
34 13
34 12
35 12
36 12
37 15
37 14
37 13
37 12
35 11
36 11
34 11
37 11
33 11
38 14
38 15
38 16
34 10
35 10
36 10
33 10
37 10
39 15
39 16
39 17
38 17
38 18
39 18
33 9
34 9
35 9
36 9
37 9
40 16
40 17
40 15
40 18
40 14
39 19
38 19
40 19
37 19
37 20
41 15
41 16
41 17
41 18
41 14
41 19
35 8
36 8
37 8
40 20
39 20
41 20
39 21
40 21
41 21
42 14
42 16
42 13
37 7
42 18
40 22
39 22
41 22
33 13
32 13
32 12
31 12
31 13
31 14
30 13
30 12
30 11
29 12
31 15
31 16
32 16
32 17
31 17
33 8
32 8
31 8
31 7
30 8
43 16
37 6
38 6
38 5
37 5
0
Yes
15 31
15 32
15 33
15 34
15 35
16 31
16 32
16 33
16 34
16 35
17 31
17 32
17 33
17 34
17 35
18 31
18 32
18 33
18 34
18 35
19 31
19 32
19 33
19 34
19 35
0
Yes
19 49
18 49
18 48
19 48
18 47
19 47
17 47
17 48
17 49
16 49
16 48
16 47
17 46
18 46
19 46
16 46
15 48
15 47
15 49
15 46
20 46
20 47
20 48
19 45
18 45
17 45
16 45
20 45
15 45
14 49
14 48
14 47
21 48
21 47
21 46
21 45
18 44
17 44
19 44
20 44
16 44
15 44
13 48
13 49
13 47
22 47
22 46
22 48
19 43
18 43
17 43
16 43
20 43
15 43
12 47
12 48
12 49
14 43
14 44
14 45
13 45
13 46
12 46
13 44
20 42
19 42
18 42
0
No
0
No
0
Yes
44 15
44 16
45 16
45 17
44 17
46 16
46 17
0
No
0
No
0
Yes
38 48
38 49
39 48
39 49
40 48
40 49
41 48
41 49
42 48
42 49
0
Yes
27 32
26 32
26 33
27 33
26 34
27 34
28 34
28 33
28 32
25 34
25 33
25 32
29 32
29 33
29 34
28 35
27 35
26 35
25 35
29 35
24 32
24 33
24 34
24 35
30 33
30 34
30 32
30 35
27 36
26 36
28 36
25 36
29 36
24 36
30 36
23 33
23 34
23 35
23 32
23 36
31 32
31 33
31 34
31 35
31 36
28 37
27 37
26 37
29 37
32 35
32 36
31 31
30 31
29 31
27 38
28 38
26 38
29 38
32 31
32 32
32 33
33 32
33 31
33 33
26 39
27 39
28 39
29 39
27 40
28 40
26 40
29 40
30 40
30 39
30 38
31 38
31 39
31 40
32 39
32 38
32 37
32 40
33 37
33 38
33 36
33 39
33 40
34 36
34 37
34 38
34 39
34 40
31 41
32 41
30 41
33 41
29 41
34 41
22 33
22 32
35 37
35 38
35 39
35 40
35 36
30 42
31 42
32 42
33 42
36 36
36 37
36 38
36 39
36 40
34 32
34 31
31 43
32 43
30 43
33 43
37 37
37 38
37 36
37 39
37 40
0
No
0
Yes
43 24
43 25
43 26
43 27
43 28
44 24
44 25
44 26
44 27
44 28
45 24
45 25
45 26
45 27
45 28
46 24
46 25
46 26
46 27
46 28
47 24
47 25
47 26
0
No
0
Yes
48 1
48 2
49 1
49 2
47 1
47 2
48 0
49 0
47 0
0
Yes
22 12
21 12
21 13
22 13
21 14
22 14
20 14
20 13
20 12
19 14
19 13
19 15
20 15
21 15
21 16
20 16
19 16
18 15
18 14
18 13
20 17
21 17
19 17
19 18
20 18
21 18
17 15
17 14
23 13
23 14
22 16
22 17
18 17
18 18
17 16
16 16
16 15
15 16
15 15
14 16
14 15
14 17
15 17
16 17
16 18
17 18
15 18
14 18
13 18
13 17
13 16
15 19
16 19
17 19
14 19
12 17
12 16
17 20
16 20
15 20
14 20
16 21
15 21
17 21
14 21
17 22
16 22
15 22
14 22
13 22
13 21
13 20
12 20
12 21
12 22
11 21
11 20
11 22
12 23
13 23
11 23
14 23
10 22
10 21
10 23
10 20
11 24
12 24
13 24
10 24
9 23
9 24
9 22
9 21
13 25
12 25
11 25
10 25
9 25
17 23
16 23
18 23
18 12
23 17
15 14
17 24
18 24
11 16
18 21
24 13
17 12
15 13
19 21
0
No
0
No
0
Yes
42 44
42 45
41 44
41 45
42 43
0
Yes
17 4
17 3
16 3
16 2
17 2
18 2
15 2
15 3
15 4
14 4
14 3
14 2
17 1
16 1
15 1
18 1
14 1
19 1
19 2
19 3
20 3
20 2
20 1
20 4
19 4
13 3
13 2
13 4
13 1
13 5
16 0
17 0
18 0
15 0
19 0
14 0
20 0
13 0
21 2
21 3
21 1
21 0
12 5
22 3
22 2
22 1
22 0
22 4
12 2
12 1
12 0
23 4
23 3
23 2
23 1
23 0
23 5
22 5
24 3
24 4
24 2
24 1
24 0
25 2
25 3
25 1
25 0
26 3
26 2
26 1
26 0
27 2
27 1
27 3
27 0
28 3
28 2
28 1
28 0
28 4
29 4
29 3
29 2
29 1
29 0
30 2
30 1
11 5
11 4
11 6
10 6
10 5
9 5
9 6
9 4
8 4
8 5
8 6
8 3
8 7
7 3
7 4
7 5
7 6
0
Yes
48 1
48 2
49 1
49 2
47 1
47 2
48 0
49 0
47 0
0
Yes
34 28
35 28
35 27
36 27
36 28
36 26
35 26
36 25
35 25
37 25
37 26
37 27
38 27
38 26
38 25
37 24
36 24
35 24
38 24
39 26
39 25
39 24
34 24
34 25
34 26
35 23
36 23
37 23
38 23
34 23
39 23
33 26
33 25
33 24
33 23
40 25
40 24
40 23
40 26
32 25
32 24
32 23
33 22
34 22
35 22
32 22
31 24
31 23
31 25
31 22
34 21
33 21
32 21
31 21
35 21
30 25
30 24
30 23
33 20
34 20
32 20
31 20
29 24
29 25
29 23
32 19
33 19
34 19
34 18
33 18
32 18
39 22
40 22
39 21
40 21
39 20
40 20
41 20
41 21
41 22
41 19
40 19
39 19
39 18
40 18
41 18
40 17
39 17
41 17
38 17
38 18
38 19
38 16
39 16
40 16
41 16
39 15
40 15
41 15
38 15
40 14
41 14
0
Yes
10 48
9 48
10 47
10 49
11 48
9 47
9 49
11 47
11 49
8 48
10 46
8 47
8 49
9 46
11 46
8 46
0
Yes
44 45
44 44
45 44
45 45
46 44
46 45
47 44
47 45
47 46
46 46
45 46
48 46
48 45
48 44
45 47
46 47
47 47
48 47
49 47
49 46
49 45
46 48
47 48
48 48
45 48
49 48
45 49
46 49
47 49
48 49
49 49
44 49
44 48
44 47
43 47
43 48
43 49
42 48
0
No
0
Yes
40 42
40 43
39 42
39 43
40 41
0
Yes
39 3
38 3
38 2
39 2
38 1
39 1
37 1
37 2
37 3
37 0
38 0
39 0
36 0
36 1
0
No
0
Yes
32 16
31 16
32 17
31 17
31 15
0
Yes
3 46
3 47
4 47
4 46
5 47
5 46
5 48
4 48
3 48
3 49
4 49
5 49
6 48
6 47
6 46
6 49
7 46
7 47
7 48
7 49
2 48
0
No
0
Yes
42 13
42 12
41 12
43 12
43 11
42 11
41 11
42 10
41 10
43 10
43 9
42 9
41 9
40 10
40 11
40 12
42 8
41 8
43 8
39 12
39 11
39 10
43 7
42 7
41 7
44 8
44 9
44 10
44 7
42 6
43 6
41 6
44 6
45 10
45 9
45 8
45 7
45 6
40 6
40 7
40 8
41 5
42 5
43 5
44 5
40 5
45 5
46 9
46 8
42 4
43 4
41 4
44 4
40 4
45 4
41 3
42 3
43 3
44 3
40 3
45 3
42 2
41 2
43 2
44 2
40 2
0
Yes
42 18
42 19
42 20
42 21
42 22
42 23
43 18
43 19
43 20
43 21
43 22
43 23
44 18
44 19
44 20
44 21
44 22
44 23
45 18
45 19
45 20
45 21
45 22
45 23
0
Yes
46 43
45 43
45 42
46 42
45 41
46 41
44 41
44 42
44 43
44 40
45 40
46 40
46 39
45 39
44 39
47 40
47 41
47 42
47 39
48 42
48 41
48 40
0
Yes
0 26
0 25
1 25
1 24
0 24
1 23
0 23
2 23
2 24
2 25
2 22
1 22
0 22
3 25
3 24
3 23
3 22
0 21
1 21
2 21
3 21
4 24
4 23
4 22
4 25
1 20
2 20
0 20
3 20
4 26
3 26
2 26
5 25
5 24
5 23
5 26
5 22
2 27
3 27
4 27
5 27
0 19
1 19
2 19
3 19
6 26
6 25
6 24
6 23
6 22
6 27
3 28
2 28
4 28
1 18
2 18
0 18
3 18
7 24
7 23
7 22
4 18
4 19
4 20
0 17
1 17
2 17
3 17
4 17
5 20
5 19
5 18
5 17
6 19
6 20
6 21
7 21
7 20
7 19
6 18
7 18
6 17
7 17
8 23
8 22
8 21
8 20
8 19
8 18
8 17
1 16
2 16
3 16
4 16
5 16
6 16
7 16
0 16
8 16
9 22
9 21
9 23
9 19
9 18
0 15
1 15
2 15
3 15
4 15
5 15
10 23
10 22
10 21
11 22
11 23
11 21
0
Yes
35 26
34 26
34 25
35 25
34 24
35 24
36 24
36 25
36 26
33 24
33 25
33 26
37 26
37 25
37 24
36 23
35 23
34 23
33 23
37 23
38 25
38 24
38 26
38 23
37 27
36 27
35 27
38 27
32 23
32 24
32 25
35 22
34 22
33 22
32 22
39 26
39 25
39 24
39 23
36 28
35 28
31 25
31 24
31 23
31 22
34 21
33 21
32 21
31 21
35 21
40 25
40 24
40 23
40 26
30 24
30 23
30 25
33 20
34 20
32 20
31 20
29 25
29 24
29 23
32 19
33 19
34 19
34 18
33 18
0
Yes
22 23
22 24
23 23
23 24
21 23
21 24
22 22
22 25
23 22
23 25
24 23
24 24
21 22
21 25
24 22
24 25
20 23
20 24
22 21
22 26
23 21
23 26
20 22
20 25
21 21
21 26
24 21
24 26
20 21
20 26
22 20
23 20
24 20
0
Yes
16 36
15 36
15 35
16 35
15 34
16 34
17 34
17 35
17 36
14 34
14 35
14 36
17 33
16 33
15 33
14 37
15 37
16 37
18 33
18 34
18 35
16 32
17 32
15 32
18 32
16 38
15 38
14 38
19 35
19 34
19 33
19 32
15 31
16 31
17 31
18 31
19 31
15 39
16 39
14 39
17 30
18 30
19 30
20 35
20 34
13 36
13 37
20 31
20 30
0
Yes
34 17
35 17
35 16
35 18
36 16
36 17
36 15
35 15
34 15
35 14
36 14
37 15
37 14
36 13
35 13
37 13
34 13
34 12
35 12
36 12
37 12
38 14
38 15
38 16
39 16
39 15
39 17
38 17
38 18
39 18
39 19
38 19
37 19
37 20
40 17
40 16
40 18
40 15
40 19
35 11
36 11
34 11
37 11
33 11
40 14
40 20
39 20
39 21
40 21
34 10
35 10
36 10
33 10
37 10
41 16
41 17
41 18
41 15
41 19
41 20
41 14
41 21
40 22
39 22
41 22
33 9
34 9
35 9
36 9
37 9
42 14
35 8
36 8
37 8
37 7
33 13
32 13
32 12
31 12
31 13
31 14
30 13
30 12
29 12
30 11
31 15
0
Yes
11 49
10 49
10 48
11 48
10 47
11 47
9 47
9 48
9 49
8 49
8 48
8 47
9 46
10 46
11 46
8 46
10 45
11 45
0
Yes
10 14
9 14
9 13
9 15
10 15
10 16
9 16
8 15
8 14
11 16
9 12
10 12
10 11
9 11
11 11
11 12
12 12
12 11
12 13
9 10
10 10
13 11
13 12
10 9
9 9
8 9
12 16
12 17
13 17
13 16
14 16
14 17
14 15
13 18
14 18
15 15
15 16
15 17
15 18
15 14
16 16
16 15
16 17
16 18
14 19
15 19
16 19
17 15
17 16
17 14
15 20
14 20
16 20
13 20
13 21
14 21
15 21
16 21
12 21
12 20
11 20
18 14
18 15
17 18
17 19
17 20
17 21
18 13
12 22
13 22
14 22
15 22
16 22
17 22
19 13
19 14
19 15
19 16
13 23
14 23
12 23
20 14
20 15
20 13
20 16
12 24
13 24
11 24
20 12
20 17
19 17
18 17
18 18
19 18
20 18
18 21
16 23
17 23
11 25
12 25
13 25
10 25
10 24
9 24
9 25
21 13
21 14
21 15
21 16
21 17
21 12
21 18
10 26
11 26
12 26
13 26
22 14
22 13
22 12
18 23
22 16
22 17
17 24
18 24
14 26
11 27
12 27
13 27
10 27
14 27
9 27
23 13
23 14
23 17
0
Yes
43 37
43 36
44 36
44 37
45 36
45 37
45 35
44 35
43 35
43 34
44 34
45 34
46 35
46 36
46 37
46 34
47 37
47 36
47 35
47 34
48 36
48 35
48 37
48 34
49 37
49 36
49 35
49 34
49 38
48 38
47 38
0
Yes
34 47
34 46
33 46
35 46
35 47
35 48
33 45
34 45
35 45
36 48
32 45
32 46
32 47
36 45
36 46
36 49
31 47
31 46
31 45
32 44
31 44
37 49
37 48
30 46
30 47
38 48
38 49
29 47
29 46
29 48
39 49
39 48
28 46
28 47
40 48
40 49
27 47
27 46
27 45
41 49
41 48
37 45
38 45
38 44
39 44
39 45
0
No
0
Yes
44 15
44 16
45 16
45 17
44 17
45 18
44 18
46 18
46 17
46 16
46 19
45 19
44 19
45 20
44 20
47 19
47 18
47 17
43 20
43 19
43 18
42 18
42 19
42 20
43 21
44 21
45 21
42 21
44 22
43 22
45 22
42 22
43 23
44 23
45 23
42 23
43 16
47 20
42 16
47 21
48 21
0
Yes
41 20
40 20
40 19
41 19
40 21
41 21
41 18
40 18
41 22
40 22
39 19
39 20
39 21
39 18
39 22
40 17
41 17
39 17
38 18
38 19
38 17
41 16
40 16
39 16
38 16
37 19
37 20
40 15
39 15
41 15
38 15
41 14
40 14
42 14
37 15
38 14
37 14
36 14
36 15
36 16
35 16
35 15
35 14
35 17
36 17
34 17
37 13
36 13
35 13
34 15
36 12
37 12
35 12
37 11
36 11
35 11
34 13
34 12
34 11
36 10
35 10
37 10
34 10
37 9
36 9
35 9
34 9
33 11
33 10
33 9
36 8
35 8
37 8
37 7
33 8
32 8
35 18
33 13
32 13
32 12
31 12
31 13
31 14
30 13
30 12
30 11
29 12
31 15
31 16
32 16
32 17
31 17
32 18
37 6
38 6
38 5
37 5
36 5
0
No
0
Yes
46 28
45 28
45 27
46 27
45 26
46 26
44 26
44 27
44 28
43 28
43 27
43 26
44 25
45 25
46 25
43 25
46 24
45 24
44 24
43 24
47 24
47 25
47 26
42 28
42 27
42 29
43 29
0
Yes
18 17
18 18
19 18
19 17
20 18
20 17
21 18
21 17
21 16
20 16
19 16
19 15
20 15
21 15
0
Yes
2 0
1 0
1 1
0 1
0 0
0 2
1 2
0
Yes
25 36
24 36
24 35
25 35
24 34
25 34
26 34
26 35
26 36
23 34
23 35
23 36
27 36
27 35
27 34
26 33
25 33
24 33
23 33
27 33
28 35
28 34
28 36
28 33
25 32
26 32
24 32
27 32
23 32
28 32
29 36
29 35
29 34
29 33
29 32
28 37
27 37
26 37
29 37
0
Yes
39 10
39 11
40 11
40 10
41 11
41 10
41 12
40 12
39 12
42 12
42 11
42 10
43 10
43 11
43 12
43 9
42 9
41 9
0
No
0
Yes
7 16
6 16
6 17
7 17
6 18
7 18
8 18
8 17
8 16
5 18
5 17
5 16
8 19
7 19
6 19
5 19
4 16
4 17
4 18
4 19
7 20
6 20
5 20
8 20
4 20
3 17
3 18
3 19
3 16
3 20
8 21
7 21
6 21
2 16
2 17
2 18
2 19
2 20
3 15
4 15
2 15
5 15
7 22
6 22
8 22
1 17
1 18
1 16
1 19
1 15
1 20
8 23
7 23
6 23
1 21
2 21
3 21
0 16
0 17
0 18
0 19
0 20
0 21
0 15
3 22
2 22
1 22
0 22
7 24
6 24
4 22
5 22
5 23
4 23
3 23
2 23
5 24
4 24
3 24
2 24
1 23
0 23
1 24
0 24
9 23
9 22
9 21
5 25
4 25
3 25
2 25
6 25
1 25
0 25
10 21
10 22
10 23
6 26
5 26
4 26
3 26
2 26
0
Yes
20 39
21 39
20 38
20 40
21 40
19 39
19 38
19 40
20 37
19 37
0
Yes
40 8
40 7
41 7
41 8
42 7
42 8
42 6
41 6
40 6
40 5
41 5
42 5
43 6
43 7
43 8
43 5
41 4
42 4
40 4
43 4
44 8
44 7
44 6
44 5
44 4
40 3
41 3
42 3
43 3
44 3
45 7
45 6
45 5
45 4
45 8
45 3
41 2
42 2
0
No
0
No
0
No
0
Yes
47 26
46 26
46 25
47 25
46 24
47 24
45 24
45 25
45 26
44 26
44 25
44 24
43 25
43 26
43 24
44 27
45 27
46 27
43 27
0
Yes
5 48
4 48
5 47
5 49
6 48
4 47
4 49
6 47
6 49
3 48
5 46
3 47
3 49
4 46
6 46
3 46
0
Yes
8 1
8 2
7 1
7 2
9 1
9 2
8 0
7 0
9 0
6 1
6 2
6 0
0
Yes
33 33
32 33
32 32
33 32
34 32
33 31
32 31
34 31
31 32
31 33
31 31
31 34
35 31
35 32
35 33
30 33
30 32
30 34
30 31
36 33
36 32
36 31
36 34
30 35
31 35
32 35
32 36
31 36
30 36
33 36
31 30
35 30
33 37
32 37
34 37
34 36
35 36
35 37
35 35
36 35
36 36
36 37
37 32
37 33
37 34
37 35
37 36
37 31
37 37
29 31
37 30
38 33
38 32
38 31
32 38
33 38
34 38
35 38
36 38
37 38
31 38
33 39
32 39
34 39
35 39
36 39
31 39
37 39
39 32
39 33
39 31
38 37
38 38
38 39
30 39
30 38
29 38
29 39
40 33
40 32
40 31
32 40
33 40
34 40
31 40
35 40
30 40
36 40
37 40
29 40
40 34
28 39
28 38
28 40
27 38
27 39
27 40
39 38
39 39
33 41
32 41
34 41
31 41
30 41
29 41
41 34
41 33
41 35
40 35
39 35
39 36
40 36
41 36
36 41
41 37
32 42
33 42
31 42
30 42
26 39
26 38
26 40
39 40
40 39
40 38
40 40
27 41
26 41
33 43
32 43
31 43
30 43
34 43
25 40
25 39
25 41
41 40
41 39
29 43
24 39
24 40
24 41
24 38
0
No
0
Yes
1 44
1 43
2 43
2 44
3 43
3 44
3 42
2 42
1 42
1 41
2 41
3 41
4 42
4 43
4 44
4 41
5 44
5 43
5 42
5 41
6 43
6 42
6 41
7 42
7 43
7 41
6 40
7 40
5 40
4 40
0
Yes
18 41
18 42
19 42
19 43
18 43
19 44
18 44
20 44
20 43
20 42
20 45
19 45
18 45
18 46
19 46
20 46
17 45
17 44
17 43
17 46
19 47
18 47
17 47
20 47
16 43
16 44
16 45
16 46
16 47
18 48
17 48
19 48
16 48
20 48
21 47
21 46
21 48
21 45
15 44
15 45
15 46
15 47
15 43
15 48
17 49
16 49
15 49
18 49
19 49
22 48
22 47
22 46
14 43
14 44
14 45
14 47
14 48
14 49
14 42
15 42
16 42
13 44
13 45
13 46
13 47
13 48
13 49
12 46
12 47
12 48
12 49
0
No
0
No
0
Yes
43 24
43 25
43 26
43 27
43 28
44 24
44 25
44 26
44 27
44 28
45 24
45 25
45 26
45 27
45 28
46 24
46 25
46 26
46 27
46 28
47 24
47 25
47 26
0
Yes
34 15
35 15
35 14
35 16
36 14
36 15
36 16
36 13
35 13
34 13
36 17
35 17
34 17
34 12
35 12
36 12
37 15
37 14
37 13
37 12
35 18
35 11
36 11
34 11
37 11
33 11
38 14
38 15
38 16
34 10
35 10
36 10
33 10
37 10
39 15
39 16
39 17
38 17
38 18
39 18
33 9
34 9
35 9
36 9
37 9
40 16
40 17
40 15
40 18
40 14
39 19
38 19
40 19
37 19
37 20
41 15
41 16
41 17
41 18
41 14
41 19
35 8
36 8
37 8
40 20
39 20
41 20
39 21
40 21
41 21
42 14
42 16
42 13
37 7
42 18
42 19
42 20
42 21
40 22
41 22
39 22
42 22
43 19
43 20
43 21
43 18
43 22
44 18
44 19
44 20
44 21
44 22
44 17
45 17
45 18
45 19
45 20
45 21
45 22
45 16
44 16
43 16
44 15
42 23
43 23
44 23
45 23
46 16
46 17
46 18
46 19
47 17
47 18
47 19
47 20
33 13
32 13
32 12
31 12
31 13
31 14
30 13
30 12
30 11
29 12
31 15
31 16
32 16
32 17
31 17
0
Yes
44 22
43 22
43 21
44 21
43 20
44 20
45 20
45 21
45 22
42 20
42 21
42 22
45 23
44 23
43 23
42 23
45 19
44 19
43 19
42 19
41 22
41 21
41 20
41 19
44 18
43 18
42 18
45 18
41 18
40 21
40 20
40 19
40 22
40 18
39 22
39 21
39 20
39 19
39 18
38 19
38 18
39 17
40 17
41 17
38 17
41 16
40 16
39 16
38 16
40 15
39 15
41 15
38 15
44 17
45 17
46 17
46 18
46 19
46 16
45 16
44 16
47 19
47 18
47 17
40 14
41 14
38 14
37 15
37 14
36 15
36 14
35 15
35 14
35 13
36 13
37 13
0
Yes
26 25
26 24
27 24
27 23
26 23
26 22
25 23
25 22
24 23
24 22
24 21
25 21
26 21
26 20
25 20
24 20
23 21
23 22
23 23
23 20
25 19
24 19
26 19
23 19
22 23
22 22
22 21
22 20
26 18
25 18
24 18
23 18
22 24
23 24
24 24
24 25
23 25
22 25
21 22
21 23
21 24
21 21
21 25
23 26
22 26
21 26
24 26
20 25
20 24
20 23
20 22
20 21
20 26
22 27
23 27
21 27
19 22
19 21
21 28
22 28
23 28
27 21
27 20
28 21
28 20
23 17
19 26
28 24
0
No
0
Yes
8 1
8 2
9 1
9 2
7 1
7 2
8 0
9 0
7 0
10 0
6 1
6 2
6 0
0
No
0
No
0
Yes
7 24
6 24
6 23
7 23
6 22
7 22
5 22
5 23
5 24
4 24
4 23
4 22
3 23
3 24
3 22
4 25
5 25
6 25
3 25
2 22
2 23
2 24
2 25
6 26
5 26
4 26
3 26
2 26
1 24
1 23
1 25
1 22
5 27
4 27
3 27
2 27
6 27
0 23
0 24
0 22
0 25
1 21
2 21
3 21
0 21
4 28
3 28
2 28
3 20
2 20
1 20
0 20
2 19
1 19
3 19
0 19
3 18
2 18
1 18
0 18
4 18
4 19
4 20
5 20
5 19
5 18
6 19
6 20
6 21
7 21
7 20
7 19
6 18
7 18
7 17
6 17
5 17
4 17
3 17
2 17
1 17
0 17
8 21
8 20
8 19
8 22
8 23
8 18
8 17
6 16
5 16
4 16
3 16
2 16
7 16
1 16
0 16
8 16
9 23
9 22
9 21
9 19
9 18
5 15
4 15
3 15
2 15
1 15
0 15
10 22
10 23
10 21
11 21
11 22
11 23
11 24
10 24
9 24
0
No
0
Yes
27 35
26 35
26 34
27 34
26 33
27 33
28 33
28 34
28 35
25 33
25 34
25 35
28 36
27 36
26 36
25 36
29 35
29 34
29 36
29 33
28 32
27 32
26 32
25 32
29 32
24 35
24 34
24 33
24 36
24 32
27 37
26 37
28 37
29 37
30 34
30 35
30 36
30 33
30 32
23 34
23 35
23 33
23 32
23 36
28 38
27 38
26 38
29 38
31 35
31 34
31 33
31 36
31 32
22 33
22 32
0
Yes
6 0
6 1
6 2
7 0
7 1
7 2
8 0
8 1
8 2
9 0
9 1
9 2
10 0
0
Yes
40 5
40 4
41 4
41 5
42 4
42 5
42 6
41 6
40 6
42 3
41 3
40 3
40 7
41 7
42 7
43 6
43 5
43 4
43 3
43 7
40 2
41 2
42 2
43 2
41 8
42 8
43 8
40 8
44 5
44 4
44 6
44 3
44 7
44 2
44 8
42 1
43 1
44 1
45 4
45 5
45 6
45 7
45 8
45 3
46 4
46 5
0
Yes
40 40
39 40
39 39
40 39
39 38
40 38
41 39
41 40
0
No
0
Yes
27 28
27 27
28 27
28 28
28 29
28 26
27 26
28 30
29 27
30 27
30 28
30 26
31 28
31 27
31 29
30 29
32 27
31 30
31 31
30 31
29 31
32 31
32 32
33 32
33 31
34 31
34 32
33 33
32 33
35 32
35 31
35 30
35 33
36 31
36 32
36 33
37 32
37 31
37 33
37 30
36 34
37 34
38 31
38 32
38 33
37 35
36 35
35 35
35 36
36 36
37 36
34 36
34 37
35 37
36 37
37 37
33 37
33 36
32 36
32 37
32 35
32 38
33 38
34 38
35 38
36 38
37 38
31 38
31 39
32 39
33 39
34 39
35 39
36 39
37 39
30 39
30 38
30 40
31 40
32 40
33 40
34 40
35 40
36 40
37 40
29 40
29 39
28 39
28 40
27 40
27 39
26 39
26 40
25 40
25 39
24 39
24 40
24 38
39 32
39 31
39 33
27 41
26 41
25 41
24 41
29 41
30 41
31 41
32 41
33 41
34 41
40 31
40 32
40 33
23 41
38 37
38 38
38 39
30 42
31 42
32 42
33 42
40 34
41 33
41 34
31 43
32 43
30 43
33 43
29 43
41 35
40 35
39 35
39 36
40 36
41 36
36 41
34 43
41 37
32 44
31 44
31 45
0
Yes
33 11
33 10
34 10
34 11
34 12
35 11
35 10
35 12
34 9
33 9
35 9
35 13
34 13
33 13
33 8
32 8
36 10
36 11
36 12
36 9
36 13
35 8
36 8
37 11
37 10
37 12
37 9
37 13
37 8
36 14
35 14
37 14
35 15
36 15
37 15
34 15
37 7
36 16
35 16
38 14
38 15
35 17
36 17
34 17
38 16
39 15
39 16
39 17
38 17
38 18
39 18
40 16
40 17
40 15
40 18
40 14
41 14
41 15
41 16
41 17
41 18
39 19
40 19
38 19
41 19
37 19
37 20
42 16
40 20
39 20
41 20
42 18
42 19
42 20
39 21
40 21
41 21
42 21
43 19
43 20
43 18
43 21
40 22
41 22
42 22
39 22
43 22
44 18
44 19
44 20
44 21
44 22
44 17
45 17
45 18
45 19
45 20
45 21
45 22
45 16
44 16
43 16
44 15
46 16
46 17
46 18
46 19
42 23
43 23
44 23
45 23
47 17
47 18
47 19
47 20
32 13
32 12
31 12
31 13
30 13
30 12
30 11
31 14
29 12
31 8
31 7
30 8
31 15
31 16
32 16
32 17
31 17
37 6
38 6
38 5
37 5
36 5
35 5
35 6
34 6
34 5
33 5
34 4
35 4
35 3
32 5
32 6
32 4
31 5
32 18
0
Yes
46 14
46 13
47 13
47 12
48 12
48 13
49 12
49 13
49 11
48 11
47 11
48 10
47 10
48 9
47 9
48 14
49 14
46 9
46 8
47 8
45 8
45 9
44 8
44 9
43 8
43 9
43 10
44 10
45 10
42 10
42 9
42 8
43 7
44 7
45 7
42 7
41 9
41 8
41 10
41 7
41 11
42 11
43 11
43 12
42 12
41 12
45 6
44 6
43 6
42 6
41 6
40 12
40 11
40 10
40 8
40 7
40 6
44 5
43 5
42 5
41 5
45 5
40 5
39 11
39 12
39 10
45 4
44 4
43 4
42 4
41 4
40 4
44 3
43 3
42 3
41 3
40 3
45 3
43 2
42 2
44 2
41 2
40 2
44 1
43 1
42 1
43 0
44 0
42 0
46 5
46 4
47 5
47 4
45 1
45 0
46 1
46 0
47 1
47 0
48 1
48 0
48 2
47 2
47 3
49 2
49 1
49 0
44 12
42 13
39 7
40 1
44 13
45 12
42 14
0
Yes
11 45
10 45
10 46
11 46
10 47
11 47
10 48
11 48
9 48
9 47
9 46
9 49
10 49
11 49
0
No
0
Yes
35 8
35 9
34 9
36 9
36 8
36 10
35 10
34 10
37 10
37 9
37 8
35 11
36 11
34 11
37 11
33 11
33 10
33 9
0
No
0
No
0
Yes
19 49
18 49
18 48
19 48
18 47
19 47
17 47
17 48
17 49
16 49
16 48
16 47
17 46
18 46
19 46
16 46
15 48
15 47
15 49
15 46
20 46
20 47
20 48
19 45
18 45
17 45
16 45
20 45
15 45
14 49
14 48
14 47
21 48
21 47
21 46
21 45
18 44
17 44
19 44
20 44
16 44
15 44
13 48
13 49
13 47
22 47
22 46
22 48
19 43
18 43
17 43
16 43
20 43
15 43
12 47
12 48
12 49
14 43
14 44
14 45
13 45
13 46
12 46
13 44
20 42
19 42
18 42
16 42
15 42
0
Yes
6 16
5 16
5 15
5 17
6 17
4 17
4 16
4 15
4 18
5 18
6 18
3 16
3 17
3 15
3 18
6 19
5 19
4 19
3 19
7 18
7 17
7 16
7 19
2 15
2 16
2 17
2 18
2 19
5 20
4 20
6 20
3 20
7 20
2 20
8 16
8 17
8 18
8 19
8 20
1 16
1 17
1 18
1 19
1 15
1 20
6 21
7 21
8 21
3 21
2 21
1 21
9 18
9 19
0 15
0 16
0 17
0 18
0 19
0 20
0 21
7 22
6 22
8 22
2 22
1 22
3 22
0 22
8 23
7 23
6 23
5 23
5 22
4 22
4 23
3 23
2 23
1 23
0 23
9 23
9 22
9 21
10 21
10 22
10 23
5 24
4 24
3 24
2 24
6 24
1 24
0 24
7 24
11 22
11 21
11 23
11 24
10 24
9 24
6 25
5 25
4 25
3 25
2 25
1 25
0 25
12 23
12 22
12 21
12 24
9 25
10 25
11 25
12 25
12 20
11 20
10 20
5 26
4 26
3 26
2 26
6 26
13 20
13 21
13 22
13 23
13 24
13 25
10 26
11 26
12 26
13 26
0
Yes
39 10
39 11
40 11
40 10
41 11
41 10
41 12
40 12
39 12
42 12
42 11
42 10
43 10
43 11
43 12
43 9
42 9
41 9
41 8
42 8
43 8
42 7
41 7
43 7
44 8
44 9
44 10
44 7
43 6
42 6
41 6
44 6
40 6
40 7
40 8
45 10
45 9
45 8
45 7
45 6
40 5
41 5
42 5
43 5
44 5
45 5
46 9
46 8
41 4
42 4
43 4
44 4
40 4
45 4
40 3
41 3
42 3
43 3
44 3
45 3
41 2
42 2
43 2
44 2
40 2
42 1
43 1
44 1
0
Yes
44 39
44 40
44 41
44 42
45 39
45 40
45 41
45 42
46 39
46 40
46 41
46 42
47 39
47 40
47 41
47 42
48 39
48 40
48 41
48 42
49 39
0
No
0
Yes
48 0
47 0
47 1
48 1
47 2
48 2
49 2
49 1
49 0
46 1
46 0
45 1
45 0
44 1
44 0
43 1
43 0
42 1
42 0
42 2
43 2
44 2
44 3
43 3
42 3
43 4
44 4
42 4
41 4
41 3
41 2
42 5
43 5
44 5
41 5
40 2
40 3
40 4
40 5
45 5
45 4
45 3
44 6
43 6
42 6
41 6
45 6
40 6
45 7
44 7
43 7
42 7
41 7
40 7
44 8
43 8
42 8
41 8
45 8
40 8
45 9
44 9
43 9
42 9
41 9
44 10
43 10
42 10
41 10
45 10
43 11
42 11
41 11
42 12
41 12
43 12
40 12
40 11
40 10
46 5
46 4
39 10
39 11
39 12
39 2
39 3
47 5
47 4
47 3
38 2
38 3
38 1
39 1
40 1
37 1
37 2
37 3
37 0
38 0
39 0
36 0
36 1
36 2
35 1
35 2
35 0
46 8
0
Yes
32 18
32 17
31 17
32 16
31 16
0
Yes
23 22
22 22
22 21
23 21
22 20
23 20
24 20
24 21
24 22
24 23
23 23
22 23
25 22
25 21
25 23
25 20
23 24
24 24
22 24
21 23
21 22
21 21
21 24
26 21
26 22
26 20
26 23
25 19
24 19
23 19
26 19
22 25
23 25
24 25
21 25
20 22
20 23
20 24
20 21
20 25
23 18
24 18
25 18
26 18
23 26
22 26
21 26
24 26
20 26
24 17
25 17
26 17
23 17
22 27
23 27
21 27
25 16
26 16
27 21
27 20
19 22
19 21
24 16
28 21
28 20
26 24
27 23
27 24
27 17
27 16
27 15
26 15
25 15
28 15
28 16
28 17
25 14
26 14
27 14
0
Yes
26 34
26 35
25 34
25 35
27 34
27 35
26 33
26 36
25 33
25 36
27 33
27 36
24 34
24 35
28 34
28 35
24 33
24 36
26 32
28 33
28 36
25 32
27 32
23 34
23 35
29 34
29 35
24 32
28 32
23 33
23 36
29 33
29 36
23 32
29 32
22 33
22 32
0
No
0
No
0
Yes
0 37
0 36
1 36
1 37
2 36
2 37
2 38
1 38
0 38
2 35
1 35
0 35
0 39
1 39
2 39
3 38
3 37
3 36
3 35
4 37
4 36
4 38
4 35
5 36
5 35
5 37
5 38
0
Yes
42 44
42 45
41 44
41 45
42 43
0
Yes
1 49
2 49
1 48
2 48
0 49
0 48
0
Yes
9 48
9 49
10 48
10 49
8 48
8 49
9 47
10 47
11 48
11 49
8 47
11 47
7 48
7 49
7 47
0
Yes
12 2
12 1
13 1
13 2
14 1
14 2
14 0
13 0
12 0
15 0
15 1
15 2
16 2
16 1
16 0
15 3
14 3
13 3
16 3
17 1
17 2
17 0
17 3
13 4
14 4
15 4
0
Yes
45 33
45 34
44 34
46 34
46 33
46 35
45 35
44 35
45 36
44 36
46 36
46 37
45 37
44 37
43 36
43 35
43 34
43 37
0
Yes
19 4
19 3
20 3
20 4
20 2
19 2
20 1
19 1
21 1
21 2
21 3
21 0
20 0
19 0
22 3
22 2
22 1
22 0
18 0
18 1
18 2
23 2
23 1
23 3
23 0
24 3
24 2
24 1
24 0
24 4
23 4
22 4
25 2
25 3
25 1
25 0
22 5
23 5
24 5
26 1
26 2
26 3
26 0
27 3
27 2
27 1
27 0
25 5
25 6
26 6
26 5
27 6
27 5
27 7
26 7
25 7
28 7
28 6
28 5
28 4
28 3
28 2
28 1
28 0
25 8
26 8
27 8
28 8
29 4
29 3
29 2
29 1
29 0
27 9
28 9
30 2
30 1
29 7
29 6
24 8
24 9
25 9
23 9
23 8
22 9
22 8
22 10
23 10
24 10
22 11
23 11
21 11
21 10
21 9
20 10
20 9
21 12
0
Yes
43 18
42 18
42 19
43 19
42 20
43 20
44 20
44 19
44 18
41 20
41 19
41 18
45 18
45 19
45 20
44 21
43 21
42 21
41 21
45 21
40 18
40 19
40 20
40 21
43 22
42 22
44 22
41 22
45 22
40 22
39 19
39 20
39 21
39 18
39 22
44 23
43 23
42 23
45 23
39 17
40 17
41 17
41 16
40 16
39 16
38 17
38 18
38 16
38 19
40 15
39 15
41 15
38 15
46 18
46 19
46 17
45 17
44 17
44 16
45 16
46 16
47 17
47 18
47 19
40 14
41 14
40 23
39 23
40 24
39 24
40 25
39 25
38 25
38 24
38 23
38 26
39 26
40 26
37 23
37 24
37 25
37 26
36 24
36 25
36 23
36 26
35 23
35 24
35 25
35 26
36 27
37 27
35 27
38 27
34 24
34 25
34 26
34 23
33 23
33 24
33 25
33 26
33 22
34 22
35 22
35 21
34 21
33 21
34 20
33 20
32 20
32 21
32 22
32 23
32 24
32 25
32 19
33 19
34 19
34 18
33 18
32 18
31 21
31 22
31 23
31 24
31 25
31 20
30 23
30 24
30 25
29 24
29 23
29 25
38 14
37 15
37 14
36 28
35 28
36 15
36 14
35 15
35 14
35 18
35 17
35 16
36 16
36 17
34 17
0
No
0
No
0
Yes
5 14
5 13
4 13
6 13
6 12
5 12
4 12
5 11
4 11
6 11
6 10
5 10
4 10
7 11
7 12
7 13
7 10
5 9
4 9
3 10
3 11
3 12
3 9
8 13
8 12
8 11
8 10
2 12
2 11
2 10
2 9
3 8
4 8
2 8
5 8
9 12
9 11
9 13
9 10
1 11
1 10
1 9
1 12
1 8
9 9
8 9
7 9
2 7
3 7
4 7
1 7
10 11
10 12
10 10
10 9
0 12
0 11
0 10
0 9
0 8
0 7
4 6
3 6
2 6
1 6
0 6
0 13
1 13
2 13
2 14
1 14
0 14
1 5
0 5
11 11
11 12
4 5
3 5
12 11
12 12
0
Yes
43 8
42 8
42 7
43 7
42 6
43 6
44 6
44 7
44 8
41 6
41 7
41 8
44 9
43 9
42 9
41 9
45 8
45 7
45 9
45 6
44 5
43 5
42 5
41 5
45 5
40 8
40 7
40 6
40 5
43 10
42 10
41 10
44 10
45 10
43 4
42 4
44 4
41 4
45 4
40 4
42 11
43 11
41 11
42 3
43 3
44 3
41 3
40 3
45 3
41 12
46 8
46 9
42 12
43 12
0
Yes
21 0
21 1
21 2
21 3
22 0
22 1
22 2
22 3
23 0
23 1
23 2
23 3
24 0
24 1
24 2
24 3
25 0
25 1
25 2
25 3
26 0
26 1
26 2
26 3
27 0
27 1
27 2
27 3
28 0
28 1
28 2
28 3
29 0
29 1
29 2
29 3
0
Yes
36 46
35 46
35 45
36 45
35 47
34 47
34 46
34 45
33 46
33 45
32 46
32 45
31 46
31 45
32 47
31 47
32 44
31 44
32 43
31 43
32 42
31 42
32 41
31 41
33 41
33 42
33 43
33 40
32 40
31 40
30 41
30 42
30 40
30 43
32 39
31 39
33 39
30 39
34 39
34 40
34 41
34 38
33 38
32 38
31 38
30 38
35 38
35 39
35 40
36 40
36 39
36 38
29 39
29 40
29 38
29 41
36 37
35 37
34 37
33 37
32 37
37 39
37 38
37 37
37 40
28 38
28 39
28 40
35 36
34 36
36 36
33 36
37 36
32 36
38 38
38 39
38 37
27 40
27 39
27 38
36 35
37 35
35 35
27 37
28 37
29 37
26 39
26 40
26 38
26 37
30 47
30 46
0
Yes
26 25
26 24
27 24
27 23
26 23
26 22
25 23
25 22
24 23
24 22
24 21
25 21
26 21
26 20
25 20
24 20
23 21
23 22
23 23
23 20
25 19
24 19
26 19
23 19
22 23
22 22
22 21
22 20
26 18
25 18
24 18
23 18
22 24
23 24
24 24
24 25
23 25
22 25
21 22
21 23
21 24
21 21
21 25
23 26
22 26
21 26
24 26
25 17
24 17
26 17
23 17
20 25
20 24
20 23
20 22
20 21
20 26
22 27
23 27
21 27
26 16
25 16
24 16
19 22
19 21
21 28
22 28
23 28
27 21
27 20
28 21
28 20
27 17
27 16
27 15
26 15
25 15
28 15
28 16
28 17
22 17
22 16
21 16
21 17
20 16
20 17
19 16
19 17
19 18
20 18
21 18
19 15
20 15
21 15
18 17
18 18
0
Yes
47 48
46 48
46 47
47 47
46 46
47 46
48 46
48 47
48 48
45 46
45 47
45 48
48 49
47 49
46 49
45 49
49 48
49 47
49 46
49 49
48 45
47 45
46 45
45 45
49 45
44 47
44 48
44 49
47 44
46 44
45 44
48 44
43 48
43 49
43 47
46 43
45 43
44 43
44 44
44 45
42 48
0
No
0
No
0
No
0
Yes
2 39
1 39
1 38
2 38
1 37
2 37
0 37
0 38
0 39
0 36
1 36
2 36
2 35
1 35
0 35
3 36
3 37
3 38
3 35
4 38
4 37
4 36
4 35
5 37
5 36
5 35
5 38
0
Yes
11 46
10 46
10 47
11 47
10 48
11 48
9 48
9 47
9 46
8 46
8 47
8 48
9 49
8 49
10 49
11 49
7 47
7 46
7 48
7 49
8 45
7 45
8 44
7 44
8 43
7 43
8 42
7 42
8 41
7 41
6 41
6 42
6 43
6 40
7 40
8 40
9 40
9 41
9 42
10 42
10 41
10 40
5 43
5 42
5 41
5 40
4 42
4 41
4 43
4 40
3 43
3 42
3 41
3 44
4 44
5 44
4 45
5 45
2 44
2 43
2 42
2 41
1 43
1 42
1 41
1 44
0 42
0 41
0
Yes
12 2
12 1
13 1
13 2
14 1
14 2
14 0
13 0
12 0
15 0
15 1
15 2
16 2
16 1
16 0
15 3
14 3
13 3
16 3
17 1
17 2
17 0
17 3
13 4
14 4
15 4
0
No
0
No
0
Yes
38 37
37 37
37 36
37 38
38 38
36 38
36 37
36 36
36 39
37 39
38 39
35 37
35 38
35 36
35 39
35 35
36 35
37 35
34 36
34 37
34 38
34 39
35 40
34 40
36 40
37 40
36 34
37 34
33 37
33 38
33 39
33 36
33 40
32 36
32 37
32 38
32 39
32 40
31 38
31 39
31 40
32 41
33 41
31 41
34 41
30 39
30 40
30 38
30 41
31 42
32 42
33 42
30 42
0
No
0
Yes
26 37
26 38
27 38
27 37
28 38
28 37
28 39
27 39
26 39
26 40
27 40
28 40
29 39
29 38
29 37
29 40
26 41
27 41
25 41
25 40
25 39
0
Yes
47 48
46 48
46 47
47 47
46 46
47 46
48 46
48 47
48 48
45 46
45 47
45 48
48 49
47 49
46 49
45 49
49 48
49 47
49 46
49 49
48 45
47 45
46 45
45 45
49 45
44 47
44 48
44 49
47 44
46 44
45 44
48 44
43 48
43 49
43 47
46 43
45 43
44 43
44 44
44 45
42 48
42 49
0
No
0
Yes
0 20
0 19
1 19
1 20
2 19
2 20
2 21
1 21
0 21
2 18
1 18
0 18
0 22
1 22
2 22
3 21
3 20
3 19
3 18
3 22
0 17
1 17
2 17
3 17
1 23
2 23
0 23
3 23
4 20
4 19
4 18
4 17
1 16
2 16
3 16
0 16
4 16
0 24
1 24
2 24
3 24
5 19
5 18
5 17
5 20
5 16
0 15
1 15
2 15
3 15
4 15
5 15
4 24
4 23
4 22
1 25
2 25
3 25
4 25
0 25
5 22
5 23
5 24
5 25
6 20
6 19
6 18
6 17
6 16
6 21
6 22
6 23
6 24
6 25
6 26
5 26
4 26
3 26
2 26
7 19
7 20
7 21
7 18
7 22
7 17
7 23
7 16
7 24
8 20
8 19
8 21
8 18
8 22
8 17
8 23
8 16
9 19
9 18
9 21
9 22
9 23
10 22
10 21
10 23
11 23
11 22
11 21
11 24
10 24
9 24
9 25
10 25
11 25
10 26
11 26
12 21
12 22
12 23
12 24
12 25
12 26
12 20
11 20
10 20
13 20
13 21
13 22
13 23
13 24
13 25
13 26
0
Yes
18 24
17 24
17 23
18 23
16 23
16 22
17 22
17 21
16 21
18 21
15 22
15 21
16 20
17 20
15 20
14 21
14 22
14 20
14 23
17 19
16 19
15 19
14 19
16 18
15 18
17 18
14 18
15 17
16 17
14 17
13 18
13 17
16 16
15 16
14 16
13 16
17 16
17 15
16 15
15 15
14 15
18 15
12 17
12 16
18 14
17 14
19 14
15 14
11 16
19 13
18 13
20 13
20 14
21 14
21 13
22 13
22 14
23 14
23 13
18 12
17 12
20 12
21 12
22 12
24 13
17 11
16 11
21 11
22 11
23 11
16 10
17 10
15 10
15 11
15 12
15 13
14 11
14 10
22 10
21 10
23 10
20 10
17 9
16 9
15 9
14 9
20 9
21 9
22 9
23 9
24 10
24 9
16 8
15 8
17 8
14 8
18 8
19 8
20 8
22 8
23 8
24 8
25 9
25 8
13 8
18 7
17 7
19 7
16 7
15 7
14 7
13 7
26 8
12 7
12 8
11 8
17 6
18 6
16 6
19 6
20 6
25 7
26 7
14 6
27 7
27 8
27 9
28 9
28 8
28 7
28 10
0
Yes
3 36
2 36
2 35
3 35
2 37
3 37
4 35
4 36
4 37
3 38
2 38
4 38
5 36
5 37
5 35
5 38
1 35
1 36
1 37
1 38
4 34
5 34
0 36
0 37
0 35
0 38
2 39
1 39
0 39
6 35
6 34
0 34
5 33
4 33
6 33
4 32
5 32
6 32
7 34
7 33
7 32
0 40
5 31
4 31
3 31
8 33
8 32
7 31
8 31
9 32
9 33
10 33
10 32
8 30
7 30
6 30
6 29
7 29
5 29
10 31
11 32
11 31
11 30
12 31
12 30
12 29
11 29
2 40
0
Yes
10 27
9 27
9 28
8 28
11 27
12 27
12 28
13 27
14 27
14 26
15 27
15 28
16 28
16 27
16 26
17 27
17 28
17 29
18 28
18 27
18 29
18 30
17 30
17 31
18 31
16 31
16 32
17 32
18 32
15 32
15 31
14 31
15 33
16 33
17 33
18 33
16 34
17 34
15 34
18 34
14 34
14 35
15 35
16 35
17 35
18 35
19 29
19 30
19 31
19 32
19 33
19 34
19 35
15 36
16 36
17 36
14 36
13 36
13 37
14 37
15 37
16 37
20 30
20 31
20 29
21 29
21 30
14 38
15 38
16 38
20 34
20 35
15 39
14 39
16 39
17 38
20 36
14 40
15 40
16 40
13 40
16 41
15 29
16 25
21 34
12 40
12 39
11 39
11 38
12 41
11 41
11 42
12 42
12 43
20 37
19 37
19 38
20 38
20 39
19 39
18 39
19 40
20 40
21 39
21 40
20 41
0
No
0
No
0
Yes
46 35
45 35
45 34
46 34
45 33
46 33
45 36
46 36
47 36
47 35
47 34
44 36
44 35
44 34
47 37
46 37
45 37
44 37
48 35
48 36
48 34
48 37
43 35
43 36
43 34
43 37
49 34
49 35
49 36
49 37
49 38
48 38
47 38
48 33
49 33
0
Yes
39 10
39 11
39 12
40 10
40 11
40 12
0
No
0
Yes
18 1
18 0
19 0
19 1
20 0
20 1
20 2
19 2
18 2
20 3
19 3
0
Yes
42 0
42 1
42 2
43 0
43 1
43 2
44 0
44 1
44 2
45 0
45 1
0
Yes
42 0
42 1
42 2
43 0
43 1
43 2
44 0
44 1
44 2
45 0
45 1
0
Yes
44 49
43 49
43 48
44 48
45 48
45 49
44 47
43 47
45 47
46 49
46 48
46 47
42 48
42 49
41 49
41 48
45 46
46 46
47 48
47 47
47 49
47 46
48 49
48 48
48 47
48 46
40 48
40 49
46 45
47 45
45 45
48 45
44 45
39 49
39 48
44 44
45 44
46 44
47 44
48 44
49 48
49 47
49 46
49 45
49 49
38 48
38 49
45 43
46 43
44 43
37 49
37 48
36 48
36 49
35 48
35 47
34 47
34 46
35 46
36 46
36 45
35 45
34 45
37 45
33 46
33 45
32 45
32 46
32 47
32 44
31 47
31 46
31 45
31 44
30 46
30 47
0
Yes
37 40
36 40
36 39
37 39
36 38
37 38
35 38
35 39
35 40
34 40
34 39
34 38
35 37
36 37
37 37
34 37
33 39
33 38
33 40
33 37
38 37
38 38
38 39
37 36
36 36
35 36
34 36
33 36
32 40
32 39
32 38
32 37
32 36
39 38
39 39
36 35
37 35
35 35
31 39
31 38
31 40
32 41
33 41
31 41
34 41
30 40
30 41
30 39
30 38
31 42
32 42
33 42
30 42
33 43
32 43
31 43
30 43
40 38
40 39
36 34
37 34
36 33
37 33
36 32
37 32
36 31
37 31
38 31
38 32
38 33
39 33
39 32
39 31
40 32
40 33
40 31
0
Yes
48 0
47 0
47 1
48 1
47 2
48 2
49 2
49 1
49 0
46 1
46 0
45 1
45 0
44 1
44 0
43 1
43 0
44 2
43 2
44 3
43 3
42 3
42 2
42 1
42 0
42 4
43 4
44 4
41 4
41 3
41 2
44 5
43 5
42 5
41 5
45 5
45 4
45 3
40 5
40 4
40 3
40 2
45 6
44 6
43 6
42 6
41 6
40 6
44 7
43 7
42 7
41 7
45 7
40 7
45 8
44 8
43 8
42 8
41 8
40 8
44 9
43 9
42 9
41 9
45 9
45 10
44 10
43 10
42 10
41 10
43 11
42 11
41 11
42 12
41 12
43 12
40 12
40 11
40 10
46 5
46 4
39 10
39 11
39 12
47 5
47 4
47 3
40 1
39 1
39 2
39 3
38 2
38 1
38 3
37 3
37 2
37 1
0
No
0
Yes
3 12
2 12
2 11
3 11
2 10
3 10
4 10
4 11
4 12
1 10
1 11
1 12
5 12
5 11
5 10
4 9
3 9
2 9
1 9
5 9
0 12
0 11
0 10
0 9
6 11
6 10
6 12
3 8
2 8
4 8
1 8
0 8
5 8
0 13
1 13
2 13
7 12
7 11
7 10
6 13
7 13
5 13
4 13
2 7
3 7
4 7
1 7
0 7
2 14
1 14
0 14
8 11
8 12
8 13
8 10
3 6
2 6
1 6
4 6
0 6
9 12
9 11
9 13
9 10
9 9
8 9
7 9
0
Yes
2 9
1 9
1 8
2 8
1 7
2 7
3 7
3 8
3 9
0 7
0 8
0 9
3 10
2 10
1 10
0 10
4 9
4 8
4 10
4 7
3 6
2 6
1 6
0 6
4 6
2 11
1 11
3 11
0 11
4 11
5 10
5 11
5 9
5 8
1 5
0 5
1 12
2 12
3 12
4 12
0 12
5 12
0 13
1 13
2 13
4 13
5 13
6 12
6 11
6 10
6 13
2 14
1 14
0 14
7 10
7 11
7 12
7 13
8 11
8 12
8 10
8 13
9 10
9 11
9 12
9 13
9 9
8 9
7 9
10 9
10 10
10 11
10 12
3 5
4 5
11 11
11 12
3 4
4 4
12 11
12 12
3 3
4 3
13 11
13 12
8 14
9 14
8 15
9 15
5 5
5 4
6 5
6 4
7 5
7 4
8 5
8 4
8 6
7 6
6 6
9 6
9 5
9 4
8 3
7 3
6 3
6 2
7 2
8 2
7 1
6 1
8 1
8 0
7 0
6 0
9 0
9 1
9 2
10 6
10 5
11 6
11 5
10 14
10 15
9 16
10 16
0
Yes
39 18
39 19
39 20
39 21
39 22
40 18
40 19
40 20
40 21
40 22
41 18
41 19
41 20
41 21
41 22
42 18
42 19
42 20
42 21
42 22
43 18
43 19
43 20
43 21
43 22
44 18
44 19
44 20
44 21
0
No
0
Yes
47 0
47 1
47 2
48 0
48 1
48 2
49 0
49 1
49 2
0
Yes
41 3
41 4
41 5
41 6
41 7
41 8
41 9
41 10
42 3
42 4
42 5
42 6
42 7
42 8
42 9
42 10
43 3
43 4
43 5
43 6
43 7
43 8
43 9
43 10
44 3
44 4
44 5
44 6
44 7
44 8
44 9
44 10
45 3
45 4
45 5
45 6
45 7
45 8
45 9
0
Yes
0 48
0 49
1 48
1 49
2 48
2 49
0
Yes
17 4
17 3
16 3
16 2
17 2
18 2
15 2
15 3
15 4
14 4
14 3
14 2
17 1
16 1
15 1
18 1
14 1
19 1
19 2
19 3
20 3
20 2
20 1
20 4
19 4
13 3
13 2
13 4
13 1
13 5
16 0
17 0
18 0
15 0
19 0
14 0
20 0
13 0
21 2
21 3
21 1
21 0
12 5
22 3
22 2
22 1
22 0
22 4
12 2
12 1
12 0
23 4
23 3
23 2
23 1
23 0
23 5
22 5
24 3
24 4
24 2
24 1
24 5
24 0
25 5
25 2
25 3
25 1
25 0
25 6
26 3
26 2
26 1
26 0
26 6
26 5
27 5
27 6
27 2
27 1
27 3
27 0
28 3
28 2
28 1
28 0
28 4
28 5
28 6
29 4
29 3
29 2
29 1
29 0
29 6
29 7
30 2
30 1
11 5
11 4
11 6
10 6
10 5
9 5
9 6
0
Yes
10 17
10 16
9 16
9 15
10 15
8 15
10 14
9 14
8 14
9 13
8 13
7 13
8 12
9 12
7 12
10 12
10 11
9 11
8 11
7 11
11 11
11 12
12 12
12 11
12 13
6 12
6 13
6 11
5 13
5 12
5 11
5 14
13 11
13 12
9 10
10 10
8 10
7 10
6 10
5 10
4 12
4 13
4 11
4 10
10 9
9 9
8 9
7 9
3 11
3 12
3 10
2 12
2 11
2 10
2 13
5 9
4 9
3 9
2 9
7 8
1 13
1 12
1 11
1 10
1 9
1 14
2 14
0 14
0 13
0 12
0 11
0 10
0 9
4 8
3 8
2 8
1 8
5 8
0 8
3 7
4 7
2 7
1 7
0 7
4 6
3 6
2 6
1 6
0 6
3 5
4 5
0
Yes
44 39
44 40
44 41
44 42
45 39
45 40
45 41
45 42
46 39
46 40
46 41
46 42
47 39
47 40
47 41
47 42
48 39
48 40
48 41
48 42
0
Yes
27 26
27 27
27 28
28 26
28 27
28 28
0
Yes
25 32
25 33
25 34
25 35
25 36
26 32
26 33
26 34
26 35
26 36
27 32
27 33
27 34
27 35
27 36
28 32
28 33
28 34
28 35
28 36
29 32
29 33
29 34
29 35
29 36
30 32
30 33
30 34
30 35
30 36
31 32
31 33
31 34
31 35
31 36
32 32
0
No
0
No
0
No
0
Yes
0 26
0 25
1 25
1 24
0 24
1 23
0 23
2 23
2 24
2 25
2 22
1 22
0 22
3 25
3 24
3 23
3 22
0 21
1 21
2 21
3 21
4 24
4 23
4 22
4 25
1 20
2 20
0 20
3 20
4 26
3 26
2 26
5 25
5 24
5 23
5 26
5 22
2 27
3 27
4 27
5 27
0 19
1 19
2 19
3 19
6 26
6 25
6 24
6 23
6 22
6 27
3 28
2 28
4 28
1 18
2 18
0 18
3 18
7 24
7 23
7 22
4 18
4 19
4 20
0 17
1 17
2 17
3 17
4 17
5 20
5 19
5 18
5 17
6 19
6 20
6 21
7 21
7 20
7 19
6 18
7 18
6 17
7 17
8 23
8 22
8 21
8 20
8 19
8 18
8 17
1 16
2 16
3 16
4 16
5 16
6 16
0 16
7 16
8 16
9 22
9 21
9 23
9 19
9 18
0 15
1 15
2 15
3 15
4 15
5 15
10 23
10 22
10 21
0
No
0
Yes
29 14
29 15
28 15
28 16
27 16
27 15
26 16
26 15
26 17
27 17
28 17
25 17
25 16
25 15
25 14
26 14
27 14
24 17
24 16
24 18
25 18
26 18
26 19
25 19
24 19
25 20
26 20
24 20
23 19
23 18
23 20
23 17
24 21
25 21
26 21
23 21
26 22
25 22
24 22
23 22
25 23
24 23
23 23
26 23
22 22
22 21
22 23
22 20
24 24
23 24
22 24
21 23
21 22
21 21
21 24
23 25
22 25
24 25
21 25
20 21
20 22
20 23
20 24
20 25
24 26
23 26
22 26
21 26
20 26
23 27
22 27
21 27
19 21
19 22
27 20
27 21
28 20
28 21
27 23
26 24
27 24
27 13
22 17
0
Yes
49 14
48 14
48 13
49 13
48 12
49 12
48 11
49 11
47 11
47 12
47 13
47 10
48 10
47 9
48 9
46 9
46 8
47 8
45 8
45 9
44 8
44 9
43 8
43 9
43 10
44 10
45 10
42 10
42 9
42 8
43 7
44 7
45 7
42 7
41 9
41 8
41 10
41 7
41 11
42 11
43 11
43 12
42 12
41 12
45 6
44 6
43 6
42 6
41 6
40 12
40 11
40 10
40 8
40 7
40 6
44 5
43 5
42 5
41 5
45 5
40 5
39 11
39 12
39 10
45 4
44 4
43 4
42 4
41 4
40 4
44 3
43 3
42 3
41 3
40 3
45 3
43 2
42 2
44 2
41 2
40 2
44 1
43 1
42 1
43 0
44 0
42 0
46 5
46 4
47 5
47 4
39 3
39 2
38 3
38 2
38 1
39 1
40 1
37 1
37 2
37 3
37 0
38 0
39 0
36 0
36 1
36 2
35 2
35 1
35 0
45 1
45 0
46 1
46 0
46 13
44 12
42 13
39 7
47 3
46 14
45 12
44 13
35 3
48 5
34 0
0
Yes
32 35
31 35
31 34
31 36
30 34
30 35
30 36
30 33
31 33
32 33
29 35
29 34
29 36
29 33
32 32
31 32
30 32
29 32
33 32
33 33
29 37
28 34
28 35
28 36
28 33
28 37
28 32
31 31
32 31
30 31
29 31
33 31
34 31
34 32
35 32
35 31
35 33
27 35
27 34
27 36
27 33
27 37
27 32
28 38
29 38
27 38
29 39
28 39
27 39
35 30
26 34
26 35
26 36
26 33
26 37
26 38
26 32
26 39
28 40
27 40
29 40
26 40
29 41
25 35
25 34
25 36
25 33
25 32
27 41
26 41
24 34
24 35
24 33
24 36
24 32
25 39
25 40
25 41
24 31
23 35
23 34
23 33
23 32
23 36
23 31
23 37
24 40
24 39
24 41
24 38
22 33
22 32
23 41
31 30
31 29
30 29
30 28
31 28
31 27
30 27
32 27
29 27
30 26
27 42
24 30
25 30
25 29
24 29
0
Yes
44 15
44 16
45 16
45 17
44 17
45 18
44 18
46 18
46 17
46 16
46 19
45 19
44 19
45 20
44 20
47 19
47 18
47 17
43 20
43 19
43 18
42 18
42 19
42 20
43 21
44 21
45 21
42 21
41 19
41 20
41 18
41 21
44 22
43 22
42 22
45 22
41 22
40 18
40 19
40 20
40 21
40 22
43 23
44 23
45 23
42 23
39 19
39 20
39 21
39 18
39 22
39 17
40 17
41 17
41 16
40 16
39 16
40 15
41 15
39 15
44 24
43 24
45 24
38 15
38 16
38 17
38 18
38 19
45 25
44 25
43 25
44 26
43 26
45 26
46 26
46 25
46 24
47 24
47 25
47 26
45 27
44 27
46 27
43 27
44 28
43 28
45 28
46 28
40 14
40 23
39 23
38 14
42 27
42 28
0
Yes
39 26
38 26
38 25
39 25
38 27
40 25
40 26
39 24
38 24
40 24
37 25
37 26
37 27
37 24
36 26
36 25
36 27
36 24
38 23
37 23
36 23
36 28
35 25
35 26
35 27
35 24
35 28
35 23
34 26
34 25
34 24
34 23
34 28
35 22
34 22
33 25
33 24
33 23
33 26
33 22
34 21
35 21
33 21
36 21
32 24
32 25
32 23
32 22
32 21
31 25
31 24
31 23
31 22
31 21
33 20
34 20
32 20
31 20
34 19
33 19
32 19
30 24
30 23
30 25
33 18
34 18
32 18
35 18
35 17
34 17
36 17
29 25
29 24
29 23
36 16
35 16
30 20
28 24
32 17
35 15
36 15
37 15
31 17
34 15
37 14
36 14
35 14
31 16
32 16
36 13
37 13
35 13
34 13
37 12
36 12
35 12
34 12
36 11
35 11
37 11
34 11
37 10
36 10
35 10
34 10
33 11
33 10
36 9
35 9
34 9
37 9
33 9
37 8
36 8
35 8
33 8
32 8
38 28
39 28
39 29
41 25
29 20
29 19
31 15
33 13
31 14
32 13
31 13
32 12
31 12
30 13
30 12
29 12
30 11
37 7
0
No
0
No
0
Yes
0 35
0 36
0 37
0 38
1 35
1 36
1 37
1 38
2 35
2 36
2 37
2 38
3 35
3 36
3 37
3 38
4 35
4 36
4 37
4 38
5 35
5 36
5 37
0
Yes
44 10
43 10
43 9
44 9
43 8
44 8
45 8
45 9
45 10
42 8
42 9
42 10
45 7
44 7
43 7
42 7
41 10
41 9
41 8
41 7
44 6
43 6
42 6
45 6
41 6
40 8
40 7
40 6
41 11
42 11
43 11
43 5
42 5
44 5
41 5
45 5
40 5
43 12
42 12
41 12
40 12
40 11
40 10
44 4
43 4
42 4
41 4
45 4
40 4
39 10
39 11
39 12
43 3
42 3
44 3
41 3
40 3
45 3
44 2
43 2
42 2
41 2
40 2
46 8
46 9
47 8
47 9
0
Yes
10 40
9 40
9 41
10 41
9 42
10 42
8 42
8 41
8 40
7 40
7 41
7 42
6 41
6 40
6 42
5 42
5 41
5 40
6 43
7 43
8 43
5 43
4 40
4 41
4 42
4 43
7 44
8 44
3 41
3 42
3 43
3 44
4 44
5 44
2 42
2 43
2 41
2 44
4 45
5 45
1 41
1 42
1 43
1 44
7 45
8 45
4 46
5 46
6 46
7 46
8 46
8 47
7 47
6 47
5 47
4 47
7 48
6 48
5 48
8 48
4 48
9 48
9 47
9 46
10 46
10 47
10 48
3 48
3 47
3 46
11 47
11 46
11 48
10 49
9 49
8 49
7 49
6 49
5 49
4 49
3 49
11 49
0 41
0 42
11 41
11 42
12 41
12 42
10 45
11 45
2 49
2 48
1 49
1 48
0 49
0 48
2 40
0 40
0 39
1 39
2 39
12 40
12 43
0 47
13 40
0
No
0
No
0
Yes
12 43
12 42
11 42
11 41
12 41
10 41
10 42
9 41
9 42
8 41
8 42
8 40
9 40
10 40
7 40
7 41
7 42
6 42
6 41
6 40
6 43
7 43
8 43
5 43
5 42
5 41
5 40
7 44
8 44
7 45
8 45
7 46
8 46
7 47
8 47
7 48
8 48
9 48
9 47
9 46
10 46
10 47
10 48
11 47
11 46
11 48
6 48
6 47
6 46
5 46
5 47
5 48
11 49
10 49
9 49
8 49
7 49
6 49
5 49
4 47
4 48
4 46
4 49
4 45
5 45
5 44
4 44
4 43
4 42
4 41
4 40
3 43
3 42
3 44
3 41
3 46
3 47
3 48
3 49
2 42
2 43
2 44
2 41
2 48
2 49
1 43
1 42
1 41
1 44
0 42
0 41
1 48
1 49
0 48
0 49
11 45
10 45
12 40
2 40
10 44
0 40
0
Yes
16 32
15 32
15 31
16 31
15 33
16 33
17 33
17 32
17 31
18 32
18 31
18 33
17 34
16 34
15 34
18 34
19 33
19 32
19 31
19 34
16 35
17 35
18 35
15 35
19 35
19 30
18 30
17 30
15 36
16 36
17 36
17 29
18 29
19 29
14 36
14 35
14 34
20 29
20 30
20 31
0
No
0
No
0
Yes
0 17
0 16
1 16
1 17
2 16
2 17
2 18
1 18
0 18
2 15
1 15
0 15
0 19
1 19
2 19
3 18
3 17
3 16
3 15
3 19
0 14
1 14
2 14
1 20
2 20
0 20
3 20
4 17
4 18
4 16
4 19
4 15
4 20
1 13
0 13
2 13
5 16
5 17
5 18
5 19
5 20
5 15
6 17
6 18
6 16
6 19
6 20
7 16
7 17
7 18
7 19
7 20
8 17
8 18
8 19
8 20
0
Yes
4 20
3 20
3 19
4 19
3 18
4 18
5 18
5 19
5 20
2 18
2 19
2 20
6 20
6 19
6 18
5 17
4 17
3 17
2 17
6 17
1 20
1 19
1 18
1 17
7 19
7 18
7 20
7 17
4 16
3 16
5 16
2 16
6 16
1 16
7 16
0 19
0 18
0 17
0 20
0 16
1 21
2 21
3 21
0 21
8 16
8 17
8 18
8 19
8 20
3 15
2 15
4 15
1 15
0 15
5 15
8 21
7 21
6 21
0
Yes
0 0
0 1
0 2
1 0
1 1
1 2
2 0
0
Yes
12 24
11 24
11 23
12 23
11 22
12 22
13 22
13 23
13 24
10 22
10 23
10 24
13 25
12 25
11 25
10 25
13 21
12 21
11 21
10 21
9 24
9 23
9 22
9 25
9 21
12 26
11 26
10 26
13 26
12 20
13 20
11 20
10 20
14 21
14 22
14 20
14 23
8 23
8 22
11 27
12 27
13 27
10 27
15 20
15 21
15 22
16 22
16 21
16 20
17 21
17 22
17 20
16 19
15 19
14 19
17 19
14 18
15 18
16 18
17 18
15 17
16 17
14 17
14 16
15 16
16 16
13 16
13 17
13 18
15 15
16 15
14 15
7 23
7 22
12 16
12 17
14 26
14 27
6 23
6 22
5 23
5 22
5 24
6 24
7 24
4 24
4 23
4 22
4 25
5 25
6 25
6 26
5 26
4 26
5 27
4 27
6 27
3 23
3 24
3 25
3 26
3 22
3 27
2 24
2 25
2 23
2 26
2 22
2 27
1 23
1 24
1 25
1 22
0
No
0
Yes
18 46
17 46
18 45
18 47
19 46
17 45
17 47
19 45
19 47
16 46
18 44
18 48
20 46
16 45
16 47
17 44
17 48
19 44
19 48
20 45
20 47
16 44
16 48
20 44
20 48
15 46
18 43
18 49
15 45
15 47
17 43
17 49
19 43
19 49
15 44
15 48
16 43
16 49
20 43
18 42
19 42
15 43
15 49
16 42
20 42
15 42
0
Yes
48 21
47 21
47 20
47 22
47 19
46 19
46 18
47 18
47 17
46 17
45 18
45 19
45 17
45 20
44 20
44 19
44 18
44 17
44 21
45 21
45 22
44 22
44 23
45 23
45 24
44 24
46 24
46 25
45 25
44 25
47 25
47 24
47 23
43 21
43 20
43 22
43 19
43 23
43 18
43 24
43 25
47 26
46 26
45 26
44 26
43 26
46 16
45 16
44 16
42 20
42 21
42 22
42 19
42 23
42 18
46 27
45 27
44 27
43 27
41 21
41 20
41 22
41 19
41 18
43 16
44 15
45 28
44 28
46 28
43 28
40 20
40 21
40 19
40 22
40 18
41 17
40 17
40 23
42 27
42 28
44 29
43 29
42 29
39 21
39 20
39 22
39 19
39 18
39 23
39 17
40 16
41 16
42 16
39 16
41 15
40 15
39 15
39 24
40 24
40 25
39 25
41 25
38 19
38 18
38 17
38 16
38 15
38 23
38 24
38 25
39 26
40 26
38 26
43 30
44 30
42 30
40 14
41 14
42 14
42 13
41 29
41 30
37 24
37 25
37 23
37 26
38 27
37 27
42 31
43 31
36 23
36 24
36 25
36 26
36 27
38 14
37 15
0
Yes
10 0
9 0
9 1
8 1
8 0
8 2
9 2
7 0
7 1
7 2
6 1
6 0
6 2
7 3
8 3
6 3
8 4
7 4
6 4
9 4
5 0
7 5
8 5
6 5
8 6
7 6
6 6
5 4
5 5
4 5
4 4
4 3
3 3
3 4
3 5
3 2
2 2
4 6
3 6
3 7
4 7
2 6
2 7
4 8
3 8
2 8
5 8
5 9
4 9
3 9
2 9
1 7
1 8
1 6
1 9
1 5
0 5
0 6
0 7
0 8
0 9
0 4
4 10
3 10
2 10
1 10
5 10
0 10
6 10
6 11
5 11
4 11
3 11
2 11
1 11
0 11
7 11
7 10
7 9
8 9
8 10
8 11
9 10
9 9
9 11
10 9
10 10
10 11
11 11
10 12
9 12
8 12
7 12
6 12
5 12
4 12
3 12
2 12
1 12
11 12
0 12
12 12
12 11
13 11
13 12
9 13
8 13
7 13
6 13
5 13
4 13
12 13
8 14
9 14
10 14
5 14
10 15
9 15
8 15
2 13
1 13
0 13
9 16
10 16
11 16
1 14
2 14
0 14
10 17
4 0
8 7
7 8
0 3
14 11
14 10
15 10
15 11
0
No
0
Yes
2 14
1 14
1 13
2 13
1 12
2 12
0 12
0 13
0 14
0 11
1 11
2 11
2 10
1 10
0 10
1 9
2 9
0 9
3 10
3 11
3 12
3 9
0 8
1 8
2 8
3 8
4 12
4 11
4 10
4 9
4 8
2 7
1 7
3 7
0 7
4 7
5 11
5 10
5 12
5 9
5 8
1 6
2 6
3 6
0 6
4 6
6 12
6 11
6 10
6 13
5 13
4 13
3 5
4 5
7 13
7 12
7 11
7 10
8 12
8 11
8 13
8 10
9 13
9 12
9 11
9 10
9 9
8 9
7 9
10 12
10 11
10 10
10 9
1 5
0 5
3 4
4 4
11 12
11 11
3 3
4 3
12 12
12 11
13 12
13 11
5 5
5 4
6 5
6 4
7 5
7 4
8 5
8 4
8 6
7 6
6 6
8 3
7 3
6 3
6 2
7 2
8 2
7 1
6 1
8 1
8 0
7 0
6 0
9 0
9 1
0
No
0
Yes
43 34
43 35
43 36
43 37
44 34
44 35
44 36
44 37
45 34
45 35
45 36
45 37
46 34
46 35
46 36
46 37
47 34
47 35
47 36
47 37
48 34
48 35
48 36
48 37
49 34
49 35
49 36
0
Yes
36 17
35 17
35 16
36 16
35 18
36 15
35 15
34 18
34 17
34 15
34 19
35 14
36 14
37 14
33 19
33 18
36 13
35 13
37 13
32 18
32 19
32 17
33 20
34 20
32 20
34 13
34 21
33 21
32 21
35 21
31 17
31 16
32 16
35 12
36 12
37 12
34 12
35 22
34 22
33 22
32 22
31 20
31 21
31 22
36 11
35 11
37 11
34 11
34 23
33 23
32 23
35 23
31 23
33 11
35 10
36 10
34 10
37 10
33 10
35 24
34 24
33 24
32 24
31 24
36 9
35 9
34 9
37 9
33 9
34 25
33 25
32 25
35 25
31 25
30 23
30 24
30 25
35 8
36 8
37 8
35 26
34 26
33 26
33 8
32 8
29 24
29 23
29 25
37 7
36 21
33 13
31 15
32 13
32 12
31 12
31 13
31 14
30 13
30 12
30 11
29 12
30 20
29 20
29 19
35 27
31 8
31 7
28 24
30 8
35 28
36 28
34 28
37 6
38 6
38 5
0
Yes
43 34
43 35
43 36
43 37
44 34
44 35
44 36
44 37
45 34
45 35
45 36
45 37
46 34
46 35
46 36
46 37
47 34
47 35
47 36
47 37
48 34
48 35
48 36
48 37
49 34
49 35
0
Yes
18 41
18 42
19 42
19 43
18 43
19 44
18 44
20 44
20 43
20 42
20 45
19 45
18 45
18 46
19 46
20 46
17 45
17 44
17 43
17 46
17 47
18 47
19 47
20 47
16 43
16 44
16 45
16 46
16 47
21 47
21 46
21 45
16 48
17 48
18 48
19 48
20 48
21 48
15 44
15 45
15 46
15 47
15 43
15 48
18 49
17 49
16 49
15 49
19 49
22 48
22 47
22 46
14 43
14 44
14 45
14 47
14 48
14 49
0
No
0
No
0
No
0
Yes
45 45
45 46
45 47
45 48
45 49
46 45
46 46
46 47
46 48
46 49
47 45
47 46
47 47
47 48
47 49
48 45
48 46
48 47
48 48
48 49
49 45
49 46
49 47
49 48
49 49
0
Yes
33 26
33 25
32 25
34 25
34 26
34 24
33 24
32 24
35 24
35 25
35 26
33 23
34 23
32 23
35 23
36 26
36 25
36 24
36 23
31 23
31 24
31 25
32 22
33 22
34 22
35 22
31 22
37 25
37 24
37 26
37 23
30 25
30 24
30 23
33 21
32 21
34 21
31 21
35 21
38 26
38 25
38 24
38 23
37 27
36 27
35 27
38 27
29 24
29 25
29 23
32 20
33 20
34 20
31 20
39 25
39 26
39 24
39 23
36 28
35 28
33 19
32 19
34 19
40 24
40 23
40 25
40 26
34 18
33 18
32 18
39 22
40 22
39 21
40 21
39 20
40 20
41 20
41 21
41 22
41 19
40 19
39 19
39 18
40 18
41 18
42 22
42 21
42 20
42 19
42 18
40 17
41 17
39 17
43 21
43 20
43 19
43 22
43 18
38 17
38 18
38 19
39 16
40 16
38 16
41 16
44 22
44 21
44 20
44 19
44 18
44 23
43 23
42 23
38 15
39 15
40 15
41 15
45 23
45 22
45 21
45 20
45 19
45 18
45 24
44 24
43 24
43 25
44 25
45 25
44 26
43 26
45 26
45 27
44 27
43 27
0
Yes
36 48
36 49
37 48
37 49
38 48
38 49
39 48
39 49
0
Yes
41 3
41 4
41 5
41 6
41 7
41 8
41 9
41 10
42 3
42 4
42 5
42 6
42 7
42 8
42 9
42 10
43 3
43 4
43 5
43 6
43 7
43 8
43 9
43 10
44 3
44 4
44 5
44 6
44 7
44 8
44 9
44 10
45 3
45 4
45 5
45 6
45 7
45 8
45 9
0
Yes
0 35
0 36
0 37
0 38
0 39
1 35
1 36
1 37
1 38
1 39
2 35
2 36
2 37
2 38
2 39
3 35
3 36
3 37
3 38
0
Yes
42 0
42 1
42 2
43 0
43 1
43 2
44 0
44 1
44 2
0
No
0
Yes
7 0
7 1
7 2
8 0
8 1
8 2
9 0
9 1
9 2
10 0
0
Yes
23 31
23 32
22 32
24 32
24 31
24 33
23 33
22 33
24 34
23 34
25 34
25 33
25 32
26 32
26 33
26 34
25 35
24 35
23 35
26 35
27 33
27 34
27 32
27 35
23 36
24 36
25 36
26 36
27 36
28 32
28 33
28 34
28 35
28 36
26 37
27 37
28 37
29 33
29 34
29 35
29 36
29 32
29 37
27 38
28 38
26 38
29 38
30 32
30 33
30 34
30 35
30 36
26 39
27 39
28 39
29 39
31 33
31 34
31 35
31 32
31 36
31 31
30 31
29 31
27 40
28 40
26 40
29 40
32 31
32 32
32 33
32 35
32 36
30 40
30 39
30 38
31 38
31 39
31 40
32 39
32 38
32 37
32 40
33 37
33 38
33 36
33 39
33 40
33 32
33 31
33 33
31 41
30 41
32 41
33 41
29 41
34 36
34 37
34 38
34 39
34 40
0
Yes
11 24
12 24
11 23
11 25
12 23
12 25
10 24
13 24
10 23
10 25
13 23
13 25
11 22
11 26
12 22
12 26
9 24
10 22
10 26
13 22
13 26
9 23
9 25
11 21
11 27
12 21
12 27
9 22
10 21
10 27
13 21
13 27
9 21
9 27
11 20
12 20
10 20
13 20
0
Yes
43 34
43 35
43 36
43 37
44 34
44 35
44 36
44 37
45 34
45 35
45 36
45 37
46 34
46 35
46 36
46 37
47 34
47 35
47 36
0
Yes
47 0
47 1
47 2
48 0
48 1
48 2
49 0
49 1
49 2
0
Yes
0 6
0 7
0 8
0 9
0 10
0 11
0 12
1 6
1 7
1 8
1 9
1 10
1 11
1 12
2 6
2 7
2 8
2 9
2 10
2 11
2 12
3 6
3 7
3 8
3 9
3 10
3 11
3 12
4 6
4 7
4 8
4 9
4 10
4 11
4 12
0
Yes
43 24
43 25
43 26
43 27
43 28
44 24
44 25
44 26
44 27
44 28
45 24
45 25
45 26
45 27
45 28
46 24
46 25
46 26
46 27
46 28
47 24
47 25
47 26
0
Yes
40 19
39 19
39 18
40 18
39 17
40 17
41 17
41 18
41 19
38 17
38 18
38 19
41 20
40 20
39 20
42 18
42 19
42 20
41 16
40 16
39 16
38 16
40 21
41 21
39 21
42 21
43 19
43 20
43 18
43 21
40 15
39 15
41 15
38 15
39 22
40 22
41 22
42 22
43 22
44 18
44 19
44 20
44 21
44 22
42 23
43 23
44 23
45 19
45 20
45 21
45 18
45 22
45 23
40 14
41 14
39 23
40 23
0
Yes
34 17
34 18
33 18
35 18
35 17
35 16
36 17
36 16
33 19
34 19
32 19
32 18
32 17
36 15
35 15
34 15
31 17
34 20
33 20
32 20
31 16
32 16
35 14
36 14
37 15
37 14
33 21
34 21
32 21
35 21
31 20
31 21
36 13
35 13
37 13
34 13
34 12
35 12
36 12
37 12
34 22
33 22
32 22
35 22
31 22
38 14
33 23
34 23
32 23
35 23
31 23
35 11
36 11
34 11
37 11
33 11
36 23
34 10
35 10
36 10
33 10
37 10
34 24
33 24
35 24
32 24
36 24
31 24
30 23
30 24
37 24
37 23
38 23
38 24
33 9
34 9
35 9
36 9
37 9
33 25
34 25
35 25
32 25
36 25
31 25
37 25
30 25
38 25
29 24
29 23
29 25
39 24
39 25
34 26
33 26
35 26
36 26
37 26
38 26
39 26
35 8
36 8
37 8
30 26
40 25
40 24
40 26
35 27
36 27
37 27
38 27
37 7
36 28
35 28
34 28
38 28
39 28
39 29
31 15
33 13
31 14
32 13
31 13
32 12
31 12
30 13
30 12
29 12
30 11
36 21
30 20
29 20
29 19
33 8
32 8
28 24
31 8
31 7
30 8
41 25
30 27
31 27
32 27
29 27
31 28
30 28
30 29
31 29
31 30
0
Yes
0 8
0 9
0 10
0 11
0 12
0 13
0 14
1 8
1 9
1 10
1 11
1 12
1 13
1 14
2 8
2 9
2 10
2 11
2 12
2 13
2 14
3 8
3 9
3 10
3 11
3 12
0
Yes
11 24
10 24
10 23
11 23
10 22
11 22
12 22
12 23
12 24
9 22
9 23
9 24
12 25
11 25
10 25
9 25
13 24
13 23
13 25
13 22
12 21
11 21
10 21
13 21
9 21
11 26
10 26
12 26
13 26
14 23
14 22
14 21
11 20
12 20
13 20
14 20
10 20
12 27
11 27
13 27
10 27
15 22
15 21
15 20
16 21
16 22
16 20
16 19
15 19
14 19
17 20
17 21
17 22
17 19
14 18
15 18
16 18
0
No
0
Yes
8 48
9 48
8 47
8 49
9 47
9 49
7 48
10 48
7 47
7 49
10 47
10 49
8 46
9 46
6 48
7 46
10 46
11 48
6 47
6 49
11 47
11 49
6 46
11 46
5 48
12 48
5 47
5 49
12 47
12 49
5 46
12 46
4 48
13 48
4 47
4 49
13 47
13 49
4 46
13 46
3 48
3 47
3 49
0
Yes
43 34
43 35
44 35
44 34
45 35
45 34
45 36
44 36
43 36
43 37
44 37
45 37
46 36
46 35
46 34
46 37
47 34
47 35
47 36
47 37
48 35
48 36
48 34
48 37
49 34
49 35
49 36
49 37
49 38
48 38
47 38
47 39
48 39
49 39
47 40
48 40
47 41
48 41
46 41
46 40
46 39
45 39
45 40
45 41
44 40
44 41
44 39
44 42
45 42
46 42
47 42
48 42
45 43
46 43
44 43
43 40
43 41
42 40
42 41
45 33
46 33
48 33
49 33
0
No
0
Yes
41 12
40 12
40 11
41 11
40 10
41 10
42 10
42 11
42 12
39 10
39 11
39 12
43 12
43 11
43 10
43 9
42 9
41 9
41 8
42 8
43 8
44 8
44 9
44 10
42 7
43 7
41 7
44 7
45 10
45 9
45 8
45 7
41 6
42 6
43 6
44 6
45 6
46 9
46 8
40 6
40 7
40 8
42 5
43 5
41 5
44 5
40 5
45 5
41 4
42 4
43 4
44 4
40 4
45 4
40 3
41 3
42 3
43 3
44 3
45 3
0
Yes
39 18
39 19
39 20
39 21
39 22
40 18
40 19
40 20
40 21
40 22
41 18
41 19
41 20
41 21
41 22
42 18
42 19
42 20
42 21
42 22
43 18
43 19
43 20
43 21
43 22
44 18
44 19
44 20
44 21
44 22
45 18
45 19
45 20
45 21
45 22
46 18
46 19
0
No
0
Yes
25 32
24 32
24 31
24 33
25 33
23 33
23 32
23 31
23 34
24 34
25 34
25 35
24 35
23 35
26 34
26 33
26 32
26 35
24 36
25 36
26 36
23 36
27 32
27 33
27 34
27 35
27 36
28 33
28 34
28 35
28 32
28 36
29 32
29 33
29 34
29 35
29 36
28 37
27 37
26 37
29 37
30 33
30 34
30 35
30 36
30 32
26 38
27 38
28 38
29 38
31 32
31 33
31 34
31 35
31 36
31 31
30 31
29 31
27 39
28 39
26 39
29 39
32 31
32 32
32 33
32 35
32 36
26 40
27 40
28 40
29 40
22 33
22 32
33 32
33 31
33 33
0
Yes
37 29
37 30
37 31
36 31
38 31
38 32
37 32
36 32
37 33
36 33
38 33
35 33
35 32
35 31
39 33
39 32
39 31
34 32
34 31
40 31
40 32
40 33
37 34
36 34
37 35
36 35
37 36
36 36
37 37
36 37
35 37
35 36
35 35
35 38
36 38
37 38
34 38
34 37
34 36
37 39
36 39
35 39
34 39
38 39
38 38
38 37
33 36
33 37
33 38
33 39
33 40
34 40
35 40
36 40
37 40
32 37
32 38
32 39
32 40
32 41
33 41
34 41
31 38
31 39
31 40
31 41
31 42
32 42
33 42
30 39
30 40
30 41
30 42
30 38
39 39
39 38
30 43
31 43
32 43
33 43
41 33
40 34
41 34
40 39
40 38
40 35
41 35
40 36
41 36
39 40
40 40
39 35
39 36
35 30
41 39
41 40
41 37
34 43
29 41
40 41
0
No
0
Yes
44 47
44 48
44 49
45 47
45 48
45 49
46 47
46 48
46 49
47 47
47 48
47 49
48 47
48 48
48 49
49 47
49 48
49 49
0
No
0
Yes
19 0
19 1
19 2
19 3
20 0
20 1
20 2
20 3
21 0
21 1
21 2
21 3
22 0
22 1
22 2
22 3
23 0
23 1
23 2
23 3
24 0
24 1
24 2
24 3
25 0
25 1
25 2
25 3
26 0
26 1
26 2
26 3
27 0
27 1
27 2
27 3
28 0
28 1
28 2
28 3
29 0
29 1
29 2
29 3
0
No
0
Yes
44 13
44 12
43 12
43 11
42 11
42 12
41 11
41 12
41 10
42 10
43 10
43 9
42 9
41 9
40 10
40 11
40 12
42 8
43 8
41 8
44 8
44 9
44 10
39 12
39 11
39 10
45 10
45 9
45 8
44 7
43 7
42 7
45 7
41 7
46 9
46 8
43 6
44 6
42 6
45 6
41 6
40 6
40 7
40 8
44 5
43 5
42 5
41 5
45 5
40 5
43 4
42 4
44 4
41 4
45 4
40 4
44 3
43 3
42 3
41 3
40 3
45 3
43 2
42 2
44 2
41 2
40 2
44 1
43 1
42 1
47 9
47 8
46 5
46 4
47 5
47 4
39 3
39 2
38 3
38 2
38 1
39 1
40 1
37 1
37 2
37 3
37 0
38 0
39 0
36 0
36 1
36 2
35 2
35 1
35 0
45 1
45 0
44 0
43 0
42 0
47 10
46 0
46 1
47 0
47 1
48 0
48 1
48 2
47 2
47 3
49 2
49 1
49 0
48 10
48 9
45 12
42 13
0
Yes
39 18
39 19
39 20
39 21
39 22
40 18
40 19
40 20
40 21
40 22
41 18
41 19
41 20
41 21
41 22
42 18
42 19
42 20
42 21
42 22
43 18
43 19
43 20
43 21
43 22
44 18
44 19
44 20
44 21
44 22
45 18
45 19
45 20
45 21
0
No
0
Yes
40 48
40 49
41 48
41 49
42 48
42 49
43 48
43 49
0
Yes
0 26
0 25
1 25
1 24
0 24
1 23
0 23
2 23
2 24
2 25
2 22
1 22
0 22
3 25
3 24
3 23
3 22
4 24
4 23
4 25
4 22
4 26
3 26
2 26
2 27
3 27
4 27
5 26
5 25
5 24
5 23
5 27
5 22
3 28
2 28
4 28
6 25
6 24
6 26
6 23
6 22
6 27
7 24
7 23
7 22
8 23
8 22
9 23
9 22
10 23
10 22
1 28
2 29
1 29
2 30
1 30
2 31
1 31
0 31
0 30
0 29
9 24
10 24
11 24
11 23
11 22
11 25
10 25
9 25
12 25
12 24
12 23
12 22
12 26
11 26
10 26
10 27
11 27
12 27
11 21
10 21
12 21
9 21
13 26
13 25
13 24
13 23
13 22
13 27
13 21
12 20
13 20
11 20
10 20
14 23
0
Yes
29 14
29 15
28 15
28 16
27 16
27 15
26 16
26 15
26 17
27 17
28 17
25 17
25 16
25 15
25 14
26 14
27 14
24 17
24 16
24 18
25 18
26 18
26 19
25 19
24 19
25 20
26 20
24 20
23 19
23 18
23 20
23 17
24 21
25 21
26 21
23 21
26 22
25 22
24 22
23 22
25 23
24 23
23 23
26 23
22 22
22 21
22 23
22 20
24 24
23 24
22 24
21 23
21 22
21 21
21 24
23 25
22 25
24 25
21 25
20 21
20 22
20 23
20 24
20 25
24 26
23 26
22 26
21 26
20 26
23 27
22 27
21 27
19 21
19 22
27 20
27 21
28 20
28 21
27 23
26 24
27 24
27 13
0
No
0
Yes
19 0
18 0
18 1
19 1
20 1
20 0
19 2
18 2
20 2
21 0
21 1
21 2
17 1
17 0
17 2
16 0
16 1
16 2
20 3
19 3
21 3
22 1
22 2
22 0
22 3
17 3
16 3
19 4
20 4
23 0
23 1
23 2
23 3
15 1
15 2
15 0
15 3
14 0
14 1
14 2
14 3
22 4
23 4
24 1
24 2
24 3
24 0
24 4
15 4
14 4
25 0
25 1
25 2
25 3
13 1
13 2
13 3
13 0
13 4
23 5
22 5
24 5
12 0
12 1
12 2
26 1
26 2
26 0
26 3
13 5
0
Yes
0 32
0 33
1 33
0 34
2 33
0 35
1 35
1 36
0 36
1 37
0 37
2 37
2 36
2 35
2 38
1 38
0 38
3 35
3 36
3 37
3 38
0 39
1 39
2 39
4 36
4 37
4 35
4 38
5 35
5 36
5 37
5 38
4 34
5 34
4 33
5 33
6 33
6 34
6 35
6 32
5 32
4 32
5 31
4 31
7 32
7 33
7 34
8 32
8 33
9 32
9 33
10 32
10 33
7 31
8 31
7 30
8 30
6 30
10 31
11 32
11 31
11 30
12 31
12 30
7 29
6 29
11 29
12 29
2 40
3 31
0 40
0 41
1 41
2 41
1 42
2 42
0 42
1 43
2 43
3 43
3 42
3 41
4 41
4 42
4 43
5 42
5 41
5 43
6 43
6 42
6 41
6 40
5 40
4 40
7 40
7 41
7 42
7 43
8 41
8 42
8 40
8 43
9 40
9 41
9 42
10 41
10 42
10 40
3 44
4 44
5 44
2 44
1 44
4 45
5 45
11 41
11 42
12 41
12 42
7 44
8 44
7 45
8 45
5 29
6 28
12 28
12 40
0
Yes
11 4
11 5
10 5
12 5
10 6
11 6
9 6
9 5
9 4
8 4
8 5
8 6
8 3
7 3
7 4
7 5
7 6
8 7
6 4
6 5
6 3
6 6
6 2
5 5
5 4
4 4
4 5
4 3
4 6
3 3
3 4
3 5
3 6
3 2
3 7
4 7
4 8
5 8
5 9
4 9
2 2
2 6
2 7
4 10
5 10
6 10
6 11
5 11
4 11
7 11
7 10
7 9
7 8
8 9
8 10
8 11
9 10
9 9
9 11
10 9
10 10
10 11
11 11
11 12
10 12
9 12
8 12
7 12
6 12
5 12
4 12
12 12
12 11
13 11
13 12
12 13
9 13
8 13
7 13
6 13
5 13
4 13
1 7
1 6
1 5
8 14
9 14
10 14
0 5
0 6
0 7
0 4
10 15
9 15
8 15
5 14
9 16
10 16
11 16
10 17
6 1
6 0
5 0
0
Yes
36 1
35 1
35 0
36 0
35 2
36 2
37 2
37 1
37 0
38 1
38 0
38 2
39 2
39 1
39 0
39 3
38 3
37 3
40 3
40 2
40 1
41 3
41 2
42 3
42 2
42 4
41 4
40 4
43 4
43 3
43 2
40 5
41 5
42 5
43 5
44 2
44 3
44 4
44 5
44 1
43 1
42 1
42 0
43 0
44 0
41 6
42 6
43 6
40 6
44 6
45 3
45 4
45 5
45 6
40 7
41 7
42 7
43 7
44 7
45 7
46 4
46 5
41 8
42 8
43 8
44 8
45 8
40 8
42 9
43 9
41 9
44 9
45 9
41 10
42 10
43 10
44 10
45 10
42 11
43 11
41 11
41 12
42 12
43 12
40 12
40 11
40 10
39 10
39 11
39 12
47 4
47 5
45 1
45 0
46 1
46 0
47 1
47 0
48 1
48 0
48 2
47 2
47 3
49 2
49 1
49 0
46 8
46 9
47 8
47 9
34 0
47 10
34 2
48 9
48 10
48 11
47 11
48 12
47 12
0
Yes
14 42
14 43
15 43
15 42
16 43
16 42
16 44
15 44
14 44
14 45
15 45
16 45
15 46
16 46
17 45
17 44
17 43
17 46
17 47
16 47
15 47
18 43
18 44
18 45
18 46
18 47
15 48
16 48
17 48
18 48
19 44
19 45
19 46
19 47
19 43
19 48
16 49
17 49
15 49
18 49
19 49
14 49
14 48
14 47
20 43
20 44
20 45
20 46
20 47
20 48
20 42
19 42
18 42
21 45
21 46
21 47
21 48
22 46
22 47
22 48
13 44
13 45
16 41
18 41
14 41
14 40
15 40
16 40
15 39
14 39
16 39
16 38
15 38
14 38
14 37
15 37
16 37
15 36
14 36
16 36
13 37
0
No
0
No
0
No
0
No
0
No
0
No
0
Yes
7 24
6 24
6 23
7 23
6 22
7 22
5 22
5 23
5 24
4 24
4 23
4 22
3 23
3 24
3 22
4 25
5 25
6 25
3 25
2 22
2 23
2 24
2 25
6 26
5 26
4 26
3 26
2 26
1 24
1 23
1 25
1 22
5 27
4 27
3 27
2 27
6 27
0 23
0 24
0 22
0 25
1 21
2 21
3 21
0 21
4 28
3 28
2 28
3 20
2 20
1 20
0 20
2 19
1 19
3 19
0 19
3 18
2 18
1 18
0 18
4 18
4 19
4 20
5 20
5 19
5 18
6 19
6 20
6 21
7 21
7 20
7 19
6 18
7 18
7 17
6 17
5 17
4 17
3 17
2 17
1 17
0 17
8 21
8 20
8 19
8 22
8 23
8 18
8 17
6 16
5 16
4 16
3 16
2 16
1 16
0 16
7 16
8 16
9 23
9 22
9 21
9 19
9 18
5 15
4 15
3 15
2 15
1 15
0 15
10 22
10 23
10 21
11 21
11 22
11 23
11 24
10 24
9 24
9 25
10 25
0
Yes
20 21
20 22
20 23
20 24
20 25
20 26
21 21
21 22
21 23
21 24
21 25
21 26
22 21
22 22
22 23
22 24
22 25
22 26
23 21
23 22
23 23
23 24
23 25
23 26
24 21
24 22
24 23
24 24
24 25
24 26
25 21
25 22
25 23
0
Yes
47 0
47 1
47 2
48 0
48 1
48 2
49 0
49 1
49 2
0
Yes
30 38
30 39
30 40
30 41
30 42
30 43
31 38
31 39
31 40
31 41
31 42
31 43
32 38
32 39
32 40
32 41
32 42
32 43
33 38
33 39
33 40
33 41
33 42
33 43
34 38
34 39
34 40
34 41
0
Yes
0 35
0 36
0 37
0 38
1 35
1 36
1 37
1 38
2 35
2 36
2 37
2 38
3 35
3 36
3 37
3 38
4 35
4 36
4 37
4 38
5 35
5 36
5 37
5 38
0
No
0
No
0
Yes
37 5
37 6
38 5
38 6
0
Yes
27 35
26 35
26 34
27 34
26 33
27 33
28 33
28 34
28 35
25 33
25 34
25 35
28 36
27 36
26 36
25 36
29 35
29 34
29 36
29 33
28 32
27 32
26 32
25 32
29 32
24 35
24 34
24 33
24 36
24 32
27 37
26 37
28 37
29 37
30 34
30 35
30 36
30 33
30 32
23 34
23 35
23 33
23 32
23 36
28 38
27 38
26 38
29 38
31 35
31 34
31 33
31 36
0
Yes
46 5
45 5
45 4
46 4
45 6
44 6
44 5
44 4
43 5
43 4
43 6
42 6
42 5
42 4
43 3
44 3
42 3
45 3
43 7
44 7
45 7
42 7
41 5
41 4
41 6
41 3
41 7
42 2
43 2
44 2
41 2
45 8
44 8
43 8
42 8
41 8
40 4
40 5
40 6
40 3
40 2
40 7
40 8
0
No
0
Yes
39 10
39 11
39 12
40 10
40 11
40 12
41 10
41 11
41 12
42 10
42 11
42 12
43 10
43 11
43 12
0
No
0
Yes
43 24
43 25
43 26
43 27
43 28
44 24
44 25
44 26
44 27
44 28
45 24
45 25
45 26
45 27
45 28
46 24
46 25
46 26
46 27
46 28
47 24
47 25
0
Yes
8 16
7 16
7 17
8 17
7 18
8 18
6 18
6 17
6 16
5 16
5 17
5 18
6 19
7 19
8 19
5 19
4 17
4 18
4 16
4 19
8 20
7 20
6 20
5 20
4 20
3 16
3 17
3 18
3 19
3 20
7 21
6 21
8 21
2 17
2 18
2 19
2 16
2 20
3 15
2 15
4 15
5 15
8 22
7 22
6 22
1 16
1 17
1 18
1 19
1 15
1 20
7 23
8 23
6 23
1 21
2 21
3 21
3 22
2 22
1 22
4 22
5 22
5 23
4 23
3 23
2 23
1 23
0 15
0 16
0 17
0 18
0 19
0 20
0 21
0 22
0
Yes
11 38
11 39
12 39
12 40
13 40
12 41
11 41
11 42
12 42
10 42
10 41
9 42
9 41
8 42
8 41
8 40
9 40
10 40
7 40
7 41
7 42
6 41
6 40
6 42
5 42
5 41
5 40
6 43
7 43
8 43
5 43
4 43
4 42
4 41
4 40
7 44
8 44
7 45
8 45
5 44
4 44
3 44
3 43
3 42
3 41
2 41
2 42
2 43
2 44
5 45
4 45
12 43
2 40
2 39
2 38
3 38
3 37
2 37
1 37
1 38
1 39
1 36
2 36
3 36
4 36
4 37
4 38
5 38
5 37
5 36
5 35
4 35
3 35
2 35
1 35
0 36
0 37
0 38
0 39
0 35
5 34
4 34
5 33
4 33
6 33
6 34
6 35
7 33
7 34
0 40
0 41
1 41
1 42
1 43
1 44
0 42
0
Yes
19 22
19 21
20 21
20 22
21 21
21 22
22 21
22 22
22 23
21 23
20 23
23 23
23 22
23 21
20 24
21 24
22 24
23 24
24 22
24 23
24 21
24 24
21 25
22 25
23 25
20 25
24 25
25 21
25 22
25 23
24 20
23 20
25 20
22 20
20 26
21 26
22 26
23 26
24 26
26 22
26 21
26 20
26 23
25 19
24 19
23 19
26 19
21 27
22 27
23 27
27 21
27 20
23 18
24 18
25 18
26 18
22 28
21 28
23 28
24 17
25 17
26 17
23 17
25 16
26 16
24 16
28 21
28 20
0
Yes
8 28
9 28
9 27
10 27
10 26
11 26
11 27
12 26
12 27
12 25
11 25
10 25
13 25
13 26
13 27
10 24
11 24
12 24
13 24
14 26
14 27
11 23
12 23
10 23
13 23
9 23
9 24
9 25
9 22
10 22
11 22
12 22
13 22
10 21
11 21
12 21
13 21
9 21
14 21
14 22
14 23
11 20
12 20
13 20
14 20
10 20
15 20
15 21
15 22
16 22
16 21
16 20
17 21
17 22
17 20
16 19
15 19
14 19
17 19
14 18
15 18
16 18
17 18
15 17
16 17
14 17
14 16
15 16
16 16
13 16
13 17
13 18
15 15
16 15
14 15
12 16
12 17
16 23
17 23
17 16
17 15
17 24
18 23
18 24
18 15
18 14
17 14
12 28
0
Yes
39 35
39 36
40 36
40 35
40 34
41 35
41 34
41 36
41 33
40 33
39 33
41 37
39 32
40 32
38 32
38 33
37 33
37 32
37 34
36 34
36 33
36 32
36 35
37 35
37 36
36 36
36 37
37 37
38 37
38 38
37 38
36 38
39 38
40 38
35 35
35 36
35 37
35 38
39 39
38 39
37 39
36 39
40 39
35 39
38 31
39 31
37 31
40 31
36 31
35 33
35 32
35 31
41 39
34 36
34 37
40 40
39 40
41 40
37 30
37 40
36 40
35 40
34 32
34 31
33 37
33 36
35 30
36 41
32 36
32 37
32 35
33 31
33 32
33 33
32 33
32 32
32 31
31 32
31 31
30 31
40 41
37 29
40 42
39 42
39 43
40 43
36 42
37 42
37 43
39 44
38 44
38 45
39 45
37 45
39 46
36 45
36 46
35 46
35 45
34 45
34 46
33 46
33 45
32 45
32 46
32 44
31 44
31 45
31 46
35 47
34 47
32 47
31 47
30 46
30 47
29 47
29 46
28 46
28 47
29 48
27 47
27 46
27 45
29 31
35 48
36 48
36 49
37 49
37 48
0
No
0
Yes
5 15
4 15
4 16
5 16
4 17
5 17
3 17
3 16
3 15
2 15
2 16
2 17
3 18
4 18
5 18
2 18
1 16
1 17
1 15
1 18
6 18
6 17
6 16
5 19
4 19
3 19
2 19
6 19
1 19
0 15
0 16
0 17
0 18
0 19
7 16
7 17
7 18
7 19
4 20
5 20
3 20
2 20
6 20
1 20
7 20
0 20
8 20
8 19
8 18
8 17
8 16
6 21
0
Yes
0 21
0 22
0 23
0 24
0 25
1 21
1 22
1 23
1 24
1 25
2 21
2 22
2 23
2 24
2 25
3 21
3 22
3 23
3 24
0
No
0
Yes
38 48
37 48
37 49
38 49
39 49
39 48
40 48
40 49
36 49
36 48
35 48
35 47
41 49
41 48
42 48
42 49
34 47
34 46
35 46
36 46
36 45
35 45
34 45
37 45
43 49
43 48
43 47
33 46
33 45
32 45
32 46
32 47
31 47
31 46
31 45
32 44
31 44
30 46
30 47
29 47
29 46
29 48
28 46
28 47
27 47
27 46
27 45
38 45
38 44
39 44
39 45
39 46
39 43
40 43
40 42
39 42
40 41
40 40
39 40
41 40
39 39
40 39
41 39
38 39
38 38
39 38
40 38
37 38
37 39
37 40
36 40
36 39
36 38
36 41
35 39
35 40
35 38
37 37
38 37
36 37
35 37
34 37
36 36
37 36
35 36
34 36
33 36
33 37
32 37
32 36
37 35
36 35
35 35
36 34
37 34
32 35
37 33
36 33
38 33
35 33
38 32
37 32
36 32
35 32
39 32
39 33
40 33
40 32
40 34
41 34
41 33
41 35
40 35
40 36
41 36
41 37
39 36
39 35
34 32
37 31
38 31
39 31
36 31
35 31
40 31
34 31
33 31
33 32
33 33
32 33
32 32
32 31
31 32
31 31
35 30
30 31
36 42
37 42
37 43
29 49
30 49
26 47
26 48
25 48
25 47
25 46
24 47
24 48
26 49
0
Yes
19 29
18 29
18 28
18 30
19 30
17 30
17 29
17 28
17 31
18 31
19 31
19 32
18 32
17 32
20 31
20 30
20 29
18 33
19 33
17 33
21 30
21 29
17 34
18 34
19 34
16 33
16 32
16 31
16 34
19 35
18 35
17 35
16 35
15 31
15 32
15 33
15 34
15 35
14 34
14 35
17 27
18 27
0
No
0
Yes
42 44
42 45
41 44
41 45
42 43
0
No
0
Yes
28 9
27 9
27 8
28 8
28 7
27 7
26 8
26 7
29 7
27 6
28 6
29 6
26 6
25 7
25 8
25 6
25 9
24 9
24 8
28 5
27 5
26 5
25 5
24 10
23 8
23 9
23 10
23 11
22 9
22 10
22 8
22 11
22 12
21 10
21 9
21 11
21 12
20 9
20 10
20 8
21 13
22 13
23 13
23 14
22 14
21 14
20 12
20 13
20 14
19 8
19 7
21 15
20 15
19 13
19 14
19 15
18 7
18 8
18 6
19 6
20 6
20 16
21 16
19 16
22 16
22 17
21 17
20 17
19 17
17 8
17 7
17 6
17 9
21 18
20 18
19 18
16 9
16 8
16 7
16 6
16 10
17 10
17 11
16 11
18 17
18 18
15 8
15 9
15 10
15 7
15 11
15 12
14 9
14 8
14 10
14 11
14 7
14 6
13 8
0
No
0
No
0
Yes
39 19
39 20
39 21
39 22
40 19
40 20
40 21
40 22
41 19
41 20
41 21
41 22
42 19
42 20
42 21
42 22
43 19
43 20
43 21
43 22
44 19
44 20
44 21
44 22
45 19
45 20
45 21
45 22
0
Yes
21 45
20 45
20 44
20 46
21 46
19 46
19 45
19 44
19 47
20 47
21 47
18 45
18 46
18 44
18 47
21 48
20 48
19 48
18 48
18 43
19 43
20 43
17 44
17 45
17 46
17 47
17 43
17 48
19 49
18 49
17 49
22 48
22 47
22 46
20 42
19 42
18 42
16 45
16 46
16 47
16 44
16 48
16 43
16 49
15 44
15 45
15 46
15 47
15 48
15 43
0
No
0
No
0
Yes
6 10
5 10
5 9
5 11
6 11
4 11
4 10
4 9
4 12
5 12
6 12
3 10
3 11
3 9
3 12
6 13
5 13
4 13
7 12
7 11
7 10
7 13
3 8
4 8
5 8
2 9
2 10
2 11
2 8
2 12
8 10
8 11
8 12
8 13
1 10
1 9
1 11
1 8
1 12
2 7
3 7
4 7
1 7
9 11
9 12
9 10
9 13
0 9
0 10
0 11
0 8
0 12
0 7
9 9
8 9
7 9
4 6
3 6
2 6
1 6
0 6
10 10
10 11
10 12
10 9
0 13
1 13
2 13
1 5
0 5
0
Yes
3 46
3 47
3 48
3 49
4 46
4 47
4 48
4 49
5 46
5 47
5 48
5 49
6 46
6 47
6 48
6 49
7 46
7 47
7 48
7 49
0
Yes
14 20
13 20
13 21
14 21
13 22
14 22
15 22
15 21
15 20
12 22
12 21
12 20
16 20
16 21
16 22
11 20
11 21
11 22
12 23
13 23
11 23
14 23
17 21
17 20
17 22
16 19
15 19
14 19
17 19
10 21
10 22
10 23
10 20
11 24
12 24
13 24
10 24
14 18
15 18
16 18
17 18
9 22
9 21
9 23
9 24
13 25
12 25
11 25
10 25
9 25
15 17
16 17
14 17
8 23
8 22
8 21
12 26
11 26
10 26
13 26
14 16
15 16
16 16
7 21
7 22
7 23
13 16
13 17
13 18
13 27
12 27
11 27
10 27
15 15
16 15
14 15
6 22
6 23
12 16
12 17
16 23
17 23
5 22
5 23
5 24
6 24
7 24
4 24
4 23
4 22
4 25
5 25
6 25
6 26
5 26
4 26
5 27
4 27
6 27
3 27
3 26
3 25
14 26
14 27
2 27
2 26
0
Yes
36 21
35 21
35 22
34 22
34 21
33 22
33 21
33 23
34 23
35 23
32 23
32 22
32 21
35 24
34 24
33 24
32 24
31 21
31 22
31 23
31 24
32 20
33 20
34 20
31 20
34 25
33 25
32 25
35 25
31 25
30 23
30 24
30 25
34 19
33 19
32 19
36 25
36 24
36 23
35 26
36 26
34 26
33 26
29 24
29 23
29 25
37 23
37 24
37 25
37 26
33 18
34 18
32 18
38 24
38 25
38 23
38 26
37 27
36 27
35 27
38 27
39 23
39 24
39 25
39 26
36 28
35 28
40 24
40 25
40 23
40 26
35 18
34 17
35 17
0
No
0
Yes
47 23
47 22
47 21
48 21
47 20
47 19
46 19
46 18
47 18
45 18
47 17
46 17
45 17
44 17
44 18
43 18
46 16
45 16
44 16
43 16
44 15
42 18
41 18
41 17
40 17
40 18
39 18
39 17
40 16
41 16
42 16
39 16
41 15
40 15
39 15
38 17
38 16
38 18
38 15
38 19
37 19
37 20
40 14
41 14
42 14
42 13
38 14
37 15
37 14
37 13
36 14
36 15
36 13
36 16
35 16
35 15
35 14
35 13
34 15
36 12
37 12
35 12
37 11
36 11
35 11
34 13
34 12
34 11
36 10
35 10
37 10
34 10
37 9
36 9
35 9
34 9
33 11
33 10
33 9
36 8
35 8
37 8
37 7
33 8
32 8
42 12
43 12
41 12
43 11
42 11
41 11
40 11
40 12
39 12
39 11
42 10
41 10
40 10
43 10
39 10
44 10
44 9
43 9
42 9
41 9
45 9
45 10
44 12
44 13
45 12
36 17
46 9
46 8
47 8
47 9
47 10
48 10
48 9
48 11
47 11
47 12
48 12
48 13
47 13
46 13
46 14
49 13
49 12
49 11
49 14
48 14
33 13
32 13
32 12
31 12
31 13
31 14
30 13
30 12
30 11
29 12
31 15
31 16
32 16
32 17
31 17
0
No
0
No
0
No
0
Yes
3 46
3 47
3 48
3 49
4 46
4 47
4 48
4 49
5 46
5 47
5 48
5 49
6 46
6 47
6 48
6 49
7 46
7 47
7 48
7 49
8 46
8 47
8 48
8 49
9 46
9 47
9 48
9 49
10 46
10 47
10 48
10 49
11 46
11 47
11 48
0
Yes
26 3
25 3
25 2
26 2
27 2
27 3
26 1
25 1
27 1
28 3
28 2
28 1
24 2
24 3
24 1
24 4
28 4
23 3
23 2
23 4
23 1
25 0
26 0
27 0
24 0
28 0
23 0
29 2
29 3
29 1
29 4
29 0
23 5
24 5
22 2
22 3
22 4
22 1
22 5
22 0
30 1
30 2
21 3
21 2
21 1
0
Yes
10 0
9 0
9 1
8 1
8 0
8 2
9 2
7 0
7 1
7 2
6 1
6 0
6 2
7 3
8 3
6 3
8 4
7 4
6 4
9 4
5 0
9 5
8 5
7 5
6 5
10 5
10 6
9 6
8 6
7 6
6 6
11 6
11 5
11 4
12 5
5 4
5 5
8 7
4 5
4 4
4 3
3 3
3 4
3 5
3 2
2 2
13 5
13 4
14 4
14 3
13 3
13 2
14 2
12 2
12 1
13 1
14 1
13 0
12 0
14 0
15 0
15 1
15 2
15 3
15 4
16 1
16 2
16 3
16 0
17 0
17 1
17 2
17 3
17 4
18 1
18 2
18 0
19 0
19 1
19 2
19 3
20 1
20 2
20 0
20 3
20 4
19 4
21 0
4 0
0
No
0
Yes
10 20
10 21
9 21
11 21
11 20
11 22
10 22
9 22
12 22
12 21
12 20
10 23
11 23
9 23
12 23
13 20
13 21
13 22
13 23
8 23
8 22
8 21
9 24
10 24
11 24
12 24
13 24
14 21
14 22
14 20
14 23
7 21
7 22
7 23
10 25
11 25
12 25
13 25
9 25
15 20
15 21
15 22
6 22
6 23
11 26
10 26
12 26
13 26
16 21
16 20
16 22
12 27
11 27
13 27
10 27
16 19
15 19
14 19
17 19
17 20
17 21
17 22
14 18
15 18
16 18
17 18
15 17
16 17
14 17
14 16
15 16
16 16
13 16
13 17
13 18
15 15
16 15
14 15
12 16
12 17
7 24
6 24
5 24
5 23
5 22
4 22
4 23
4 24
4 25
5 25
6 25
6 26
5 26
4 26
0
No
0
Yes
40 3
40 4
40 5
40 6
40 7
40 8
41 3
41 4
41 5
41 6
41 7
41 8
42 3
42 4
42 5
42 6
42 7
42 8
43 3
43 4
43 5
43 6
43 7
43 8
44 3
44 4
44 5
44 6
44 7
44 8
45 3
45 4
45 5
45 6
45 7
45 8
0
No
0
Yes
22 0
22 1
22 2
22 3
22 4
22 5
23 0
23 1
23 2
23 3
23 4
23 5
24 0
24 1
24 2
24 3
24 4
24 5
25 0
25 1
25 2
0
Yes
4 40
4 41
3 41
5 41
5 40
5 42
4 42
3 42
6 42
6 41
6 40
4 43
5 43
3 43
6 43
7 40
7 41
7 42
7 43
2 43
2 42
2 41
3 44
4 44
5 44
2 44
8 41
8 42
8 40
8 43
1 41
1 42
1 43
1 44
4 45
5 45
9 40
9 41
9 42
7 44
8 44
7 45
8 45
0
Yes
0 35
0 36
0 37
0 38
1 35
1 36
1 37
1 38
2 35
2 36
2 37
2 38
3 35
3 36
3 37
3 38
4 35
4 36
4 37
4 38
5 35
5 36
5 37
5 38
0
Yes
15 43
15 44
15 45
15 46
15 47
15 48
15 49
16 43
16 44
16 45
16 46
16 47
16 48
16 49
17 43
17 44
17 45
17 46
17 47
17 48
17 49
18 43
18 44
18 45
18 46
18 47
18 48
18 49
19 43
19 44
19 45
19 46
19 47
19 48
19 49
20 43
20 44
20 45
0
Yes
39 19
39 20
39 21
39 22
40 19
40 20
40 21
40 22
41 19
41 20
41 21
41 22
42 19
42 20
42 21
42 22
43 19
43 20
43 21
43 22
44 19
44 20
44 21
0
No
0
No
0
Yes
39 7
40 7
40 6
40 8
41 8
41 7
41 6
42 7
42 6
42 8
43 8
43 7
43 6
42 5
41 5
40 5
43 5
44 7
44 6
44 8
44 5
40 4
41 4
42 4
43 4
44 4
45 6
45 5
45 4
45 7
45 8
41 3
42 3
43 3
44 3
40 3
45 3
46 5
46 4
40 2
41 2
42 2
43 2
44 2
42 1
43 1
44 1
43 0
44 0
42 0
47 5
47 4
39 3
39 2
38 3
38 2
38 1
39 1
40 1
37 1
37 2
37 3
37 0
38 0
39 0
36 0
36 1
36 2
35 2
35 1
35 0
45 1
45 0
0
No
0
Yes
21 47
21 48
22 47
22 48
20 47
20 48
21 46
22 46
20 46
0
Yes
47 44
46 44
46 45
47 45
46 46
47 46
48 46
48 45
48 44
45 46
45 45
45 44
44 45
44 44
0
Yes
48 1
48 2
49 1
49 2
47 1
47 2
48 0
49 0
47 0
0
Yes
23 0
22 0
22 1
23 1
22 2
23 2
24 2
24 1
24 0
21 2
21 1
21 0
25 0
25 1
25 2
24 3
23 3
22 3
21 3
25 3
20 0
20 1
20 2
20 3
26 1
26 2
26 0
26 3
23 4
22 4
24 4
19 1
19 2
19 0
19 3
27 0
27 1
27 2
27 3
24 5
23 5
22 5
18 0
18 1
18 2
20 4
19 4
25 5
25 6
26 6
26 5
27 6
27 5
27 7
26 7
25 7
28 7
28 6
28 5
28 4
28 3
28 2
28 1
28 0
25 8
26 8
27 8
28 8
29 0
29 1
29 2
29 3
29 4
27 9
28 9
30 1
30 2
29 7
29 6
24 8
24 9
25 9
23 9
23 8
22 9
22 8
22 10
23 10
0
No
0
No
0
Yes
9 19
8 19
8 18
9 18
8 20
7 20
7 19
7 18
6 19
6 18
6 20
5 20
5 19
5 18
6 17
7 17
8 17
5 17
6 21
7 21
8 21
4 19
4 18
4 20
4 17
8 16
7 16
6 16
5 16
4 16
8 22
7 22
6 22
3 18
3 19
3 17
3 20
3 16
5 15
4 15
3 15
7 23
8 23
6 23
2 19
2 18
2 17
2 16
2 20
2 15
9 23
9 22
9 21
10 21
10 22
10 23
1 18
1 17
1 19
1 16
1 20
1 15
11 22
11 21
11 23
0 19
0 18
0 17
0 16
0 15
0 20
12 23
12 22
12 21
11 24
10 24
9 24
12 24
12 20
11 20
10 20
0 14
1 14
2 14
13 21
13 22
13 23
13 20
13 24
9 25
10 25
11 25
12 25
13 25
7 24
6 24
14 20
14 21
14 22
14 23
5 24
5 23
5 22
4 22
4 23
4 24
4 25
5 25
6 25
10 26
11 26
12 26
13 26
15 21
15 22
15 20
6 26
5 26
4 26
11 27
12 27
13 27
10 27
0
No
0
No
0
Yes
9 46
8 46
8 47
9 47
10 47
10 46
10 45
9 48
8 48
10 48
11 46
11 47
11 45
11 48
7 47
7 46
7 48
6 46
6 47
6 48
8 49
9 49
10 49
7 49
11 49
6 49
12 47
12 46
12 48
12 49
13 46
13 47
13 48
13 49
5 47
5 48
5 46
5 49
13 45
4 46
4 47
4 48
4 49
14 45
14 47
14 48
14 49
14 44
13 44
3 47
3 48
3 46
3 49
2 48
2 49
1 49
1 48
0 48
0 49
0 47
10 44
0
No
0
Yes
45 6
44 6
44 5
45 5
44 4
45 4
43 4
43 5
43 6
43 7
44 7
45 7
42 6
42 5
42 7
42 4
43 3
44 3
42 3
45 3
45 8
44 8
43 8
42 8
41 5
41 6
41 7
41 4
41 8
41 3
42 2
43 2
44 2
41 2
40 6
40 5
40 4
40 3
40 2
40 7
40 8
44 1
43 1
42 1
39 3
39 2
43 0
44 0
42 0
38 3
38 2
38 1
39 1
40 1
37 1
37 2
37 3
0
No
0
No
0
Yes
46 46
45 46
45 45
46 45
45 47
46 47
47 45
47 46
47 47
46 44
45 44
47 44
46 48
45 48
47 48
48 46
48 45
48 47
48 44
48 48
44 45
44 44
44 47
44 48
45 43
46 43
44 43
45 49
46 49
47 49
44 49
48 49
49 45
49 46
49 47
49 48
49 49
46 42
45 42
44 42
47 42
45 41
46 41
47 41
44 41
48 41
48 42
43 41
46 40
45 40
47 40
44 40
48 40
43 40
45 39
46 39
47 39
44 39
48 39
42 40
42 41
49 39
47 38
48 38
49 38
48 37
47 37
49 37
46 37
0
No
0
Yes
44 36
45 36
44 35
44 37
45 35
45 37
43 36
43 35
43 37
44 34
45 34
43 34
0
Yes
3 26
2 26
2 25
3 25
2 24
3 24
2 23
3 23
1 23
1 24
1 25
1 22
2 22
3 22
0 25
0 24
0 23
0 22
3 21
2 21
1 21
0 21
0
Yes
8 49
7 49
7 48
8 48
9 48
9 49
8 47
7 47
9 47
10 49
10 48
10 47
6 48
6 49
6 47
5 49
5 48
5 47
7 46
8 46
9 46
6 46
10 46
5 46
11 48
11 47
11 49
11 46
12 49
12 48
12 47
12 46
4 48
4 47
4 49
4 46
10 45
11 45
3 49
3 48
3 47
3 46
13 48
13 47
13 49
13 46
14 49
14 48
14 47
2 48
2 49
13 45
1 49
1 48
14 45
14 44
13 44
0 48
0 49
0 47
10 44
14 43
0 46
1 46
0 45
14 42
15 42
14 41
16 42
16 41
0
No
0
Yes
28 27
28 28
27 27
27 28
28 26
27 26
0
No
0
Yes
11 8
12 8
12 7
13 7
13 8
14 8
14 7
14 9
14 6
15 7
15 8
15 9
15 10
14 10
14 11
15 11
13 11
13 12
12 12
12 11
11 11
11 12
16 8
16 9
16 10
16 7
16 11
12 13
16 6
15 12
17 7
17 8
17 9
17 10
17 6
17 11
18 8
18 7
18 6
17 12
18 12
19 7
19 8
19 6
18 13
20 8
20 9
20 6
19 13
19 14
18 14
17 14
17 15
18 15
19 15
16 15
16 16
17 16
15 16
15 15
15 14
15 13
14 15
14 16
13 16
13 17
14 17
15 17
16 17
12 17
12 16
11 16
21 9
21 10
20 10
14 18
13 18
15 18
16 18
20 14
20 13
20 15
20 12
21 12
21 11
21 13
21 14
21 15
22 11
22 12
22 13
22 14
19 16
20 16
21 16
17 18
15 19
14 19
16 19
17 19
20 17
19 17
21 17
18 17
18 18
19 18
20 18
21 18
16 20
17 20
23 13
23 14
22 16
22 17
17 21
16 21
18 21
16 22
17 22
17 23
16 23
18 23
18 24
17 24
10 16
10 15
9 15
9 16
9 14
10 14
8 14
8 15
10 17
0
Yes
42 44
42 45
41 44
41 45
42 43
0
Yes
42 7
41 7
41 6
42 6
41 5
42 5
43 5
43 6
43 7
40 5
40 6
40 7
43 8
42 8
41 8
40 8
44 7
44 6
44 8
44 5
43 4
42 4
41 4
40 4
44 4
42 9
41 9
43 9
44 9
45 6
45 7
45 8
45 5
45 9
45 4
42 3
43 3
41 3
44 3
40 3
45 3
43 10
42 10
41 10
44 10
45 10
46 8
46 9
46 5
46 4
41 2
42 2
43 2
44 2
40 2
42 11
43 11
41 11
0
Yes
2 0
1 0
1 1
0 1
0 0
0 2
1 2
2 2
3 2
3 3
4 3
4 4
3 4
5 4
3 5
4 5
5 5
6 5
6 4
6 3
7 3
7 4
7 5
7 2
6 2
6 1
7 1
7 0
6 0
5 0
8 0
8 1
8 2
8 3
8 4
8 5
9 1
9 2
9 0
6 6
7 6
8 6
10 0
9 4
9 5
9 6
8 7
10 5
10 6
11 6
11 5
11 4
12 5
4 0
0 3
0 4
13 5
13 4
14 4
14 3
13 3
13 2
14 2
12 2
12 1
13 1
14 1
13 0
12 0
14 0
15 0
15 1
15 2
15 3
15 4
16 1
16 2
16 3
16 0
17 0
17 1
17 2
17 3
0
Yes
25 29
25 30
24 29
24 30
24 28
0
Yes
29 34
28 34
28 33
29 33
28 32
29 32
30 32
30 33
30 34
27 32
27 33
27 34
30 35
29 35
28 35
27 35
31 33
31 34
31 35
26 34
26 33
26 35
26 32
29 36
28 36
27 36
26 36
30 36
31 36
25 33
25 34
25 35
25 32
25 36
28 37
29 37
27 37
26 37
24 34
24 33
24 35
24 32
24 36
27 38
28 38
29 38
26 38
23 33
23 34
23 35
23 32
0
Yes
19 0
18 0
18 1
19 1
18 2
19 2
20 2
20 1
20 0
21 0
21 1
21 2
22 1
22 0
22 2
21 3
20 3
19 3
22 3
23 2
23 1
23 0
23 3
20 4
19 4
24 0
24 1
24 2
24 3
24 4
23 4
22 4
25 1
25 2
25 3
25 0
22 5
23 5
24 5
26 0
26 1
26 2
26 3
27 1
27 2
27 0
27 3
25 5
25 6
26 6
26 5
27 6
27 5
27 7
26 7
25 7
28 7
28 6
28 5
28 4
28 3
28 2
28 1
28 0
25 8
26 8
27 8
28 8
29 0
29 1
29 2
29 3
29 4
27 9
28 9
30 1
30 2
29 7
29 6
24 8
24 9
25 9
23 9
23 8
22 9
22 8
22 10
23 10
24 10
0
No
0
Yes
37 27
36 27
36 26
37 26
36 25
37 25
38 25
38 26
38 27
35 25
35 26
35 27
38 24
37 24
36 24
35 24
39 24
39 25
39 26
37 23
36 23
38 23
35 23
39 23
34 24
34 25
34 26
34 23
40 26
40 25
40 24
40 23
33 26
33 25
33 24
33 23
33 22
34 22
35 22
32 22
32 23
32 24
32 25
35 21
34 21
33 21
32 21
31 21
31 22
31 23
31 24
31 25
34 20
33 20
32 20
31 20
0
No
0
No
0
Yes
36 1
35 1
35 0
36 0
35 2
36 2
37 2
37 1
37 0
38 1
38 0
38 2
39 2
39 1
39 0
39 3
38 3
37 3
0
Yes
35 8
35 9
34 9
36 9
36 8
36 10
35 10
34 10
37 10
37 9
37 8
35 11
36 11
34 11
37 11
33 11
33 10
33 9
34 12
35 12
36 12
0
Yes
10 44
10 45
11 45
11 46
10 46
9 46
12 46
10 47
11 47
9 47
12 47
8 47
8 46
7 46
7 47
9 48
10 48
11 48
8 48
12 48
7 48
13 47
13 46
13 48
13 45
14 45
14 44
13 44
6 47
6 46
6 48
10 49
9 49
11 49
8 49
12 49
7 49
13 49
6 49
15 44
15 45
15 43
14 43
14 42
15 42
5 46
5 47
5 48
5 49
15 46
14 48
14 47
15 47
14 49
15 48
15 49
16 43
16 44
16 45
16 46
16 47
16 48
16 42
16 49
4 47
4 48
4 46
4 49
16 41
17 44
17 43
17 45
17 46
17 47
17 48
17 49
3 46
3 47
3 48
3 49
18 43
18 44
18 45
18 46
18 47
18 48
18 49
18 42
2 48
2 49
19 44
19 43
19 45
19 46
19 47
19 48
19 42
19 49
20 43
20 44
20 45
20 42
1 49
1 48
20 41
0 48
0 49
0
Yes
44 1
45 1
44 0
45 0
43 1
46 1
43 0
46 0
42 1
42 0
0
No
0
No
0
Yes
30 25
29 25
30 24
30 26
29 24
30 23
29 23
0
Yes
41 12
40 12
40 11
39 11
39 12
39 10
40 10
42 12
42 13
43 12
42 14
41 14
41 15
40 15
40 14
40 16
41 16
42 16
39 16
39 15
38 15
38 16
38 14
37 14
37 15
37 13
41 17
40 17
39 17
38 17
36 13
36 14
36 15
40 18
39 18
41 18
38 18
42 18
35 14
35 13
35 15
36 16
35 16
34 13
34 15
38 19
35 17
36 17
37 19
34 17
37 20
34 18
35 18
33 18
33 19
34 19
32 19
32 18
32 17
31 17
31 16
32 16
44 12
44 13
37 12
45 12
43 16
44 16
44 15
44 17
45 17
45 16
46 16
46 17
45 18
44 18
43 18
46 18
47 17
47 18
46 19
45 19
47 19
45 20
47 20
33 13
32 13
32 12
31 12
31 13
31 14
31 15
30 13
30 12
30 11
29 12
45 21
45 22
44 22
44 23
45 23
43 23
43 24
44 24
45 24
46 24
44 25
45 25
43 25
46 25
43 26
44 26
45 26
46 26
47 25
47 24
47 26
47 23
44 27
45 27
46 27
43 27
42 27
42 28
43 28
44 28
45 28
46 28
43 29
44 29
42 29
41 29
41 30
42 30
43 30
44 30
42 31
43 31
47 21
47 22
0
No
0
Yes
37 3
37 2
36 2
38 2
38 3
38 1
37 1
36 1
39 1
39 2
39 3
37 0
36 0
38 0
39 0
0
Yes
22 23
21 23
21 22
22 22
21 24
22 24
23 22
23 23
23 24
22 21
21 21
23 21
22 25
21 25
23 25
24 23
24 22
24 24
24 21
24 25
20 22
20 23
20 24
20 21
20 25
21 26
22 26
23 26
20 26
24 26
23 20
22 20
24 20
25 22
25 23
25 21
25 20
19 21
19 22
22 27
21 27
23 27
26 23
26 22
26 21
26 20
26 24
19 26
24 19
23 19
25 19
26 19
21 28
22 28
23 28
23 18
24 18
25 18
26 18
27 24
27 23
24 28
27 21
27 20
24 17
25 17
23 17
26 17
24 29
25 29
28 20
28 21
25 16
24 16
26 16
25 30
24 30
27 17
27 16
24 31
23 31
26 15
25 15
27 15
23 32
24 32
22 32
28 16
28 17
28 15
25 14
26 14
27 14
25 32
22 33
23 33
24 33
25 33
29 15
26 33
26 32
27 32
27 33
23 34
24 34
25 34
26 34
27 34
27 13
29 14
28 33
28 32
28 34
29 32
29 33
29 34
29 31
24 35
25 35
26 35
27 35
28 35
23 35
29 35
30 33
30 32
30 34
30 35
23 36
24 36
25 36
26 36
27 36
28 36
29 36
30 36
31 34
31 33
31 35
31 36
26 37
27 37
28 37
29 37
0
No
0
Yes
48 1
48 2
47 1
47 2
49 1
49 2
48 0
47 0
49 0
46 1
46 0
0
Yes
44 1
43 1
44 0
45 1
43 0
45 0
42 1
42 0
0
No
0
No
0
Yes
7 34
6 34
6 33
7 33
6 32
7 32
5 32
5 33
5 34
4 34
4 33
4 32
4 35
5 35
6 35
4 36
5 36
4 37
5 37
3 37
3 36
3 35
3 38
4 38
5 38
2 35
2 36
2 37
2 38
1 36
1 37
1 35
1 38
0 35
0 36
0 37
0 38
0 39
1 39
2 39
8 33
8 32
9 33
9 32
10 33
10 32
7 31
8 31
7 30
8 30
5 31
4 31
11 32
10 31
11 31
6 30
11 30
12 31
12 30
7 29
6 29
11 29
12 29
0 34
2 40
3 31
5 29
6 28
12 28
0 40
0 41
1 41
2 41
2 42
1 42
0 42
2 43
1 43
3 43
3 42
3 41
4 41
4 42
4 43
5 42
5 41
5 43
6 43
6 42
6 41
6 40
5 40
4 40
7 40
7 41
7 42
7 43
8 41
8 42
8 40
8 43
9 40
9 41
9 42
10 41
10 42
10 40
5 44
4 44
3 44
2 44
1 44
11 41
11 42
12 41
12 42
5 45
4 45
7 44
8 44
7 45
8 45
12 40
12 43
0 33
1 33
0
Yes
12 13
12 12
11 12
13 12
13 11
12 11
11 11
10 11
10 12
9 11
9 12
8 11
8 12
8 10
9 10
10 10
7 10
7 11
7 12
7 13
8 13
9 13
10 9
9 9
8 9
7 9
6 13
6 12
6 11
6 10
8 14
9 14
5 12
5 11
5 13
5 10
4 13
4 12
4 11
4 10
3 12
3 11
3 10
3 9
4 9
5 9
5 8
4 8
3 8
2 8
2 9
2 10
2 11
2 12
4 7
3 7
2 7
1 7
1 8
1 9
1 10
1 11
1 12
3 6
2 6
4 6
1 6
0 6
0 7
0 8
0 9
0 10
0 11
0 12
0 13
1 13
2 13
2 14
1 14
0 14
8 15
9 15
1 15
2 15
0 15
0 16
1 16
2 16
2 17
1 17
0 17
3 17
3 16
3 15
4 15
4 16
4 17
5 16
5 17
5 15
5 14
5 18
4 18
3 18
2 18
1 18
0 18
6 18
6 17
6 16
7 16
7 17
8 16
8 17
9 16
7 18
8 18
10 16
10 15
10 14
8 19
7 19
6 19
5 19
4 19
3 19
2 19
1 19
0 19
7 20
6 20
5 20
4 20
3 20
2 20
8 20
1 20
0 20
0
No
0
No
0
No
0
Yes
9 25
9 24
10 24
10 25
11 24
11 25
11 23
10 23
9 23
9 22
10 22
11 22
12 23
12 24
12 25
12 22
10 21
11 21
9 21
12 21
12 26
11 26
10 26
13 25
13 24
13 23
13 22
13 26
13 21
11 20
12 20
13 20
10 20
8 21
8 22
8 23
10 27
11 27
12 27
13 27
14 23
14 22
14 21
14 20
7 23
7 22
7 21
15 22
15 21
15 20
6 22
6 23
6 21
16 21
16 22
16 20
17 20
17 21
17 22
16 19
15 19
14 19
17 19
14 18
15 18
16 18
17 18
15 17
16 17
14 17
14 16
15 16
16 16
13 16
13 17
13 18
15 15
16 15
14 15
5 22
5 23
5 24
6 24
7 24
4 24
4 23
4 22
4 25
5 25
6 25
6 26
5 26
4 26
5 27
4 27
6 27
14 26
14 27
12 16
12 17
16 23
17 23
0
Yes
15 31
15 32
15 33
15 34
15 35
16 31
16 32
16 33
16 34
16 35
17 31
17 32
17 33
17 34
17 35
18 31
18 32
18 33
18 34
18 35
19 31
19 32
19 33
19 34
19 35
0
Yes
0 35
0 36
0 37
0 38
1 35
1 36
1 37
1 38
2 35
2 36
2 37
2 38
3 35
3 36
3 37
3 38
4 35
4 36
4 37
4 38
5 35
5 36
5 37
5 38
0
Yes
20 46
20 47
20 48
21 46
21 47
21 48
22 46
22 47
22 48
0
Yes
46 5
45 5
45 4
46 4
45 6
44 6
44 5
44 4
43 5
43 4
43 6
42 6
42 5
42 4
43 3
44 3
42 3
45 3
43 7
44 7
45 7
42 7
41 5
41 4
41 6
41 3
41 7
42 2
41 2
43 2
44 2
45 8
44 8
43 8
42 8
41 8
40 4
40 5
40 6
40 3
40 2
40 7
40 8
44 9
43 9
42 9
41 9
45 9
39 3
39 2
45 10
44 10
43 10
42 10
41 10
43 11
42 11
41 11
42 12
41 12
43 12
40 12
40 11
40 10
39 10
39 11
39 12
38 3
38 2
38 1
39 1
40 1
37 1
37 2
37 3
0
Yes
49 14
48 14
48 13
49 13
48 12
49 12
48 11
49 11
47 11
47 12
47 13
47 10
48 10
0
Yes
45 3
44 3
44 2
44 4
45 4
43 4
43 3
43 2
43 5
44 5
45 5
42 3
42 4
42 2
42 5
45 6
44 6
43 6
42 6
41 2
41 3
41 4
41 5
41 6
44 7
43 7
42 7
45 7
41 7
40 3
40 4
40 5
40 6
40 2
40 7
45 8
44 8
43 8
42 8
41 8
40 8
44 9
43 9
42 9
41 9
0
Yes
17 47
18 47
17 46
17 48
18 46
18 48
16 47
19 47
16 46
16 48
19 46
19 48
17 45
17 49
18 45
18 49
15 47
16 45
16 49
19 45
19 49
15 46
15 48
17 44
18 44
15 45
15 49
16 44
19 44
15 44
0
Yes
39 35
39 36
40 36
40 35
41 36
41 35
40 34
41 34
0
No
0
No
0
Yes
23 31
23 32
22 32
24 32
24 31
24 33
23 33
22 33
24 34
23 34
25 34
25 33
25 32
26 32
26 33
26 34
25 35
24 35
23 35
26 35
27 33
27 34
27 32
27 35
23 36
24 36
25 36
26 36
27 36
28 32
28 33
28 34
28 35
28 36
26 37
27 37
28 37
29 33
29 34
29 35
29 36
29 32
29 37
27 38
28 38
26 38
29 38
30 32
30 33
30 34
30 35
30 36
26 39
27 39
28 39
29 39
31 33
31 34
31 35
31 32
31 36
31 31
30 31
29 31
27 40
28 40
26 40
29 40
32 31
32 32
32 33
32 35
32 36
33 32
33 31
33 33
27 41
26 41
25 41
25 40
25 39
24 39
24 40
0
Yes
42 45
41 45
42 44
41 44
0
Yes
22 24
22 25
23 24
23 25
21 24
21 25
22 23
22 26
23 23
23 26
24 24
24 25
21 23
21 26
24 23
24 26
20 24
20 25
22 22
23 22
20 23
20 26
21 22
24 22
20 22
0
No
0
Yes
6 16
5 16
5 15
5 17
6 17
4 17
4 16
4 15
4 18
5 18
6 18
3 16
3 17
3 15
3 18
6 19
5 19
4 19
3 19
7 18
7 17
7 16
7 19
2 15
2 16
2 17
2 18
2 19
5 20
4 20
6 20
3 20
7 20
2 20
8 16
8 17
8 18
8 19
8 20
1 16
1 17
1 18
1 19
1 15
1 20
3 21
2 21
1 21
9 18
9 19
0 15
0 16
0 17
0 18
0 19
0 20
0 21
2 22
1 22
3 22
0 22
0
No
0
Yes
22 5
22 4
23 4
23 5
24 4
24 5
24 3
23 3
22 3
22 2
23 2
24 2
23 1
22 1
24 1
24 0
23 0
22 0
21 1
21 2
21 3
21 0
25 1
25 2
25 3
25 0
20 3
20 2
20 1
20 0
26 3
26 2
26 1
26 0
19 2
19 1
19 3
19 0
27 2
27 1
27 3
27 0
18 1
18 0
18 2
0
Yes
14 0
13 0
13 1
14 1
13 2
14 2
15 2
15 1
15 0
12 2
12 1
12 0
16 0
16 1
16 2
15 3
14 3
13 3
16 3
17 1
17 2
17 0
0
No
0
Yes
25 30
24 30
25 29
24 29
24 28
0
Yes
10 49
9 49
9 48
10 48
9 47
10 47
11 47
11 48
11 49
8 47
8 48
8 49
12 49
12 48
12 47
11 46
10 46
9 46
8 46
12 46
7 49
7 48
7 47
7 46
13 48
13 47
13 49
13 46
6 48
6 47
6 49
6 46
14 49
14 48
14 47
5 49
5 47
5 46
11 45
10 45
5 48
8 45
7 45
8 44
7 44
8 43
7 43
8 42
7 42
8 41
7 41
6 41
6 42
6 43
5 43
5 42
5 41
4 42
4 43
4 41
4 44
5 44
5 45
4 45
4 46
4 47
4 48
4 49
6 40
7 40
8 40
5 40
4 40
3 49
3 48
3 47
3 46
3 44
3 43
3 42
3 41
9 40
9 41
9 42
10 42
10 41
10 40
2 43
2 42
2 44
2 41
1 44
1 43
1 42
1 41
0 42
0 41
11 42
11 41
2 49
2 48
12 42
12 41
1 49
1 48
0 49
0 48
13 45
14 45
13 44
14 44
10 44
0
Yes
10 14
9 14
9 13
9 15
10 15
8 15
8 14
8 13
9 16
10 16
8 12
9 12
8 11
9 11
7 11
7 12
7 13
7 10
8 10
9 10
10 10
10 11
10 12
6 13
6 12
6 11
6 10
10 9
9 9
8 9
7 9
11 11
11 12
5 12
5 11
5 13
5 10
4 13
4 12
4 11
4 10
3 12
3 11
3 10
3 9
4 9
5 9
2 11
2 10
2 12
2 9
5 8
4 8
3 8
2 8
1 12
1 11
1 10
1 9
1 8
4 7
3 7
2 7
1 7
0 11
0 10
0 9
0 8
0 12
0 7
0 13
1 13
2 13
2 14
1 14
0 14
3 6
2 6
1 6
4 6
0 6
12 11
12 12
1 5
0 5
0
Yes
16 33
15 33
15 32
16 32
15 34
16 34
17 32
17 33
17 34
16 31
15 31
17 31
16 35
15 35
17 35
18 33
18 32
18 34
18 31
18 35
14 34
14 35
14 31
15 36
16 36
17 36
14 36
17 30
18 30
19 32
19 33
19 34
19 31
19 35
19 30
16 37
15 37
14 37
20 34
20 35
13 36
13 37
18 29
17 29
19 29
20 31
20 30
20 29
20 36
15 38
14 38
16 38
17 28
18 28
16 28
17 38
21 30
21 29
16 27
17 27
18 27
16 39
15 39
14 39
15 27
15 28
15 29
15 40
16 40
14 40
21 28
13 40
22 28
16 41
14 41
22 27
21 27
23 27
23 28
21 34
20 37
19 37
19 38
20 38
20 39
19 39
18 39
19 40
20 40
21 39
21 40
20 41
16 26
16 25
12 40
12 39
11 39
11 38
16 42
15 42
14 42
15 43
16 43
14 43
17 43
20 42
19 42
18 42
18 43
19 43
20 43
0
Yes
38 32
37 32
37 31
38 31
37 33
38 33
39 31
39 32
39 33
40 32
40 31
40 33
36 31
36 32
36 33
36 34
37 34
35 32
35 33
35 31
37 35
36 35
41 33
35 30
34 31
34 32
35 35
36 36
37 36
35 36
37 37
36 37
35 37
38 37
34 36
34 37
38 38
37 38
36 38
35 38
39 38
33 37
33 36
37 39
38 39
36 39
39 39
35 39
40 39
40 38
39 40
40 40
36 40
37 40
35 40
41 40
41 39
40 41
37 30
37 29
32 37
36 41
36 42
37 42
37 43
40 42
39 42
39 43
40 43
39 44
38 44
0
Yes
15 14
15 13
15 12
15 11
14 11
16 11
16 10
15 10
14 10
15 9
14 9
16 9
16 8
15 8
14 8
17 9
17 10
17 8
17 11
15 7
16 7
14 7
17 7
16 6
17 6
18 6
18 7
18 8
19 8
19 7
19 6
13 8
13 7
12 8
12 7
17 12
14 6
20 6
18 12
18 13
19 13
19 14
18 14
19 15
18 15
20 15
20 14
20 13
21 14
21 13
21 15
21 16
20 16
19 16
19 17
20 17
21 17
20 18
19 18
21 18
22 14
22 13
22 12
21 12
20 12
22 11
21 11
22 10
21 10
22 9
21 9
23 9
23 10
23 11
23 14
23 13
24 9
24 10
24 8
23 8
22 8
17 14
17 15
18 17
18 18
22 16
22 17
20 10
20 9
20 8
25 9
25 8
25 7
26 8
26 7
27 8
27 7
27 6
26 6
25 6
28 6
28 7
28 8
25 5
26 5
27 5
28 5
29 6
29 7
27 9
28 9
13 11
17 16
11 8
23 17
23 18
24 18
24 17
25 18
25 17
26 18
26 17
26 16
25 16
24 16
26 15
25 15
27 15
27 16
27 17
27 14
26 14
25 14
28 16
28 15
28 17
24 13
13 12
28 10
28 4
0
Yes
40 48
40 49
41 48
41 49
42 48
42 49
43 48
43 49
0
Yes
23 0
23 1
23 2
23 3
24 0
24 1
24 2
24 3
25 0
25 1
25 2
25 3
26 0
26 1
26 2
26 3
27 0
27 1
27 2
27 3
28 0
28 1
28 2
28 3
29 0
29 1
29 2
0
Yes
0 35
0 36
0 37
0 38
1 35
1 36
1 37
1 38
2 35
2 36
2 37
2 38
3 35
3 36
3 37
3 38
4 35
4 36
4 37
4 38
0
No
0
Yes
23 32
23 33
23 34
23 35
23 36
24 32
24 33
24 34
24 35
24 36
25 32
25 33
25 34
25 35
25 36
26 32
26 33
26 34
26 35
26 36
27 32
27 33
27 34
27 35
27 36
0
Yes
0 16
0 17
0 18
0 19
0 20
1 16
1 17
1 18
1 19
1 20
2 16
2 17
2 18
2 19
2 20
3 16
3 17
3 18
3 19
3 20
4 16
4 17
4 18
4 19
4 20
5 16
5 17
5 18
5 19
5 20
6 16
6 17
6 18
6 19
6 20
7 16
7 17
7 18
7 19
0
Yes
39 18
39 19
39 20
39 21
39 22
40 18
40 19
40 20
40 21
40 22
41 18
41 19
41 20
41 21
41 22
42 18
42 19
42 20
42 21
42 22
43 18
43 19
43 20
43 21
43 22
44 18
44 19
44 20
44 21
44 22
45 18
45 19
45 20
45 21
45 22
46 18
46 19
0
Yes
29 34
28 34
28 33
29 33
28 32
29 32
30 32
30 33
30 34
27 32
27 33
27 34
30 35
29 35
28 35
27 35
31 34
31 33
31 35
31 32
26 34
26 33
26 35
26 32
29 36
28 36
30 36
27 36
31 36
26 36
32 33
32 32
31 31
32 31
30 31
29 31
25 33
25 34
25 35
25 32
25 36
28 37
29 37
27 37
26 37
33 31
33 32
33 33
24 34
24 33
24 35
24 32
24 36
27 38
28 38
29 38
26 38
23 33
23 34
23 35
23 32
23 36
29 39
28 39
27 39
26 39
28 40
27 40
26 40
29 40
27 41
26 41
25 41
25 40
25 39
0
Yes
42 41
42 40
43 40
43 41
44 40
44 41
45 40
45 41
46 40
46 41
46 42
45 42
44 42
46 39
45 39
44 39
47 42
47 41
47 40
47 39
44 43
45 43
46 43
48 41
48 40
48 39
48 42
45 44
44 44
46 44
46 45
45 45
44 45
46 46
45 46
47 46
47 45
47 44
48 44
48 45
48 46
47 47
46 47
45 47
48 47
49 45
49 46
49 47
45 48
46 48
47 48
48 48
49 48
46 49
47 49
45 49
48 49
49 49
44 49
44 48
44 47
43 47
43 48
43 49
42 48
42 49
41 48
41 49
40 48
40 49
39 48
39 49
38 48
38 49
47 38
48 38
37 48
37 49
49 39
49 38
49 37
48 37
47 37
47 36
48 36
49 36
48 35
47 35
49 35
46 35
46 36
46 37
45 37
45 36
45 35
44 36
44 37
44 35
43 35
43 36
43 37
43 34
44 34
45 34
46 34
47 34
48 34
49 34
45 33
46 33
48 33
49 33
36 48
36 49
41 40
0
Yes
26 19
25 19
25 20
26 20
25 21
26 21
24 21
24 20
24 19
23 19
23 20
23 21
24 22
25 22
26 22
23 22
22 20
22 21
22 22
26 23
25 23
24 23
23 23
22 23
21 21
21 22
21 23
24 24
23 24
22 24
21 24
20 22
20 23
20 21
20 24
23 25
22 25
21 25
24 25
20 25
24 26
23 26
22 26
21 26
20 26
23 27
22 27
21 27
22 28
23 28
21 28
19 22
19 21
0
No
0
Yes
17 36
16 36
16 35
17 35
16 37
18 35
17 34
16 34
18 34
15 35
15 36
15 37
15 34
15 38
16 38
17 38
19 34
19 35
14 36
14 35
14 37
14 34
14 38
16 33
17 33
18 33
15 33
19 33
16 39
15 39
14 39
20 35
20 34
20 36
17 32
16 32
18 32
15 32
19 32
13 37
13 36
15 40
16 40
14 40
21 34
16 31
17 31
18 31
15 31
19 31
16 41
13 40
14 31
14 41
20 31
17 30
18 30
19 30
20 30
18 29
19 29
17 29
20 29
21 30
21 29
17 28
18 28
16 28
16 27
17 27
18 27
15 27
15 28
15 29
20 37
19 37
19 38
20 38
20 39
19 39
18 39
19 40
20 40
21 39
21 40
20 41
16 42
15 42
14 42
15 43
16 43
14 43
17 43
12 40
12 39
11 39
11 38
20 42
19 42
18 42
18 43
19 43
20 43
18 41
21 43
0
No
0
Yes
0 16
0 17
0 18
0 19
0 20
1 16
1 17
1 18
1 19
1 20
2 16
2 17
2 18
2 19
2 20
3 16
3 17
3 18
3 19
3 20
4 16
4 17
4 18
4 19
4 20
5 16
5 17
5 18
5 19
5 20
6 16
6 17
6 18
6 19
6 20
7 16
7 17
7 18
7 19
7 20
8 16
8 17
8 18
8 19
0
Yes
35 30
35 31
34 31
36 31
36 32
35 32
34 32
36 33
35 33
37 33
37 32
37 31
38 31
38 32
38 33
39 32
39 31
39 33
40 33
40 32
40 31
37 34
36 34
37 35
36 35
37 36
36 36
37 37
36 37
35 37
35 36
35 35
35 38
36 38
37 38
34 38
34 37
34 36
33 36
33 37
33 38
34 39
35 39
36 39
33 39
37 39
32 37
32 38
32 39
32 36
38 39
38 38
38 37
35 40
34 40
33 40
32 40
36 40
37 40
31 38
31 39
31 40
34 41
33 41
32 41
31 41
30 39
30 40
30 41
30 38
33 42
32 42
31 42
30 42
32 43
31 43
33 43
30 43
0
Yes
7 0
6 0
6 1
7 1
8 1
8 0
7 2
6 2
8 2
9 0
9 1
9 2
6 3
7 3
8 3
7 4
6 4
8 4
5 4
9 4
6 5
7 5
8 5
5 5
9 5
4 5
4 4
4 3
3 3
3 4
3 5
3 2
2 2
10 5
7 6
6 6
8 6
9 6
10 6
8 7
11 6
11 5
11 4
12 5
5 0
4 0
10 0
1 2
1 1
0 1
0 2
0 0
1 0
2 0
0 3
13 5
13 4
14 4
14 3
13 3
13 2
14 2
12 2
12 1
13 1
14 1
13 0
12 0
14 0
15 0
15 1
15 2
15 3
15 4
16 1
16 2
16 3
16 0
17 0
17 1
17 2
17 3
17 4
0
No
0
Yes
36 17
35 17
35 16
36 16
35 18
36 15
35 15
34 18
34 17
37 15
34 15
34 19
35 14
36 14
37 14
33 19
33 18
38 14
38 15
38 16
39 16
39 15
39 17
38 17
38 18
36 13
37 13
35 13
40 17
40 16
40 15
32 18
32 19
32 17
34 13
31 17
40 14
31 16
32 16
37 12
41 16
41 15
41 17
41 14
42 14
42 13
38 19
37 19
37 20
33 13
31 15
32 13
32 12
31 12
31 13
31 14
30 13
30 12
30 11
29 12
42 16
43 16
42 12
41 12
41 11
42 11
40 11
40 12
39 12
39 11
39 10
40 10
41 10
42 10
43 12
43 11
43 10
44 10
44 16
44 17
44 15
45 17
45 16
46 16
46 17
47 17
47 18
44 12
44 13
45 12
47 19
45 10
45 9
46 9
46 8
47 8
47 9
47 10
48 10
48 9
48 11
47 11
47 12
48 12
48 13
47 13
46 13
46 14
49 13
49 12
49 11
49 14
48 14
47 20
47 21
48 21
47 22
0
No
0
No
0
No
0
No
0
Yes
3 46
3 47
3 48
3 49
4 46
4 47
4 48
4 49
5 46
5 47
5 48
5 49
6 46
6 47
6 48
6 49
7 46
7 47
7 48
7 49
8 46
8 47
8 48
8 49
9 46
9 47
9 48
9 49
0
Yes
47 17
46 17
46 16
46 18
47 18
45 18
45 17
45 16
45 19
46 19
47 19
44 17
44 18
44 19
44 16
43 18
43 19
43 20
44 20
45 20
45 21
44 21
43 21
42 20
42 19
42 18
42 21
44 22
43 22
45 22
42 22
41 18
41 19
41 20
41 21
41 22
45 23
44 23
43 23
42 23
40 19
40 20
40 21
40 18
40 22
44 24
43 24
45 24
39 18
39 19
39 20
39 21
39 22
45 25
44 25
43 25
39 17
40 17
41 17
41 16
40 16
39 16
40 15
41 15
39 15
44 26
45 26
43 26
38 17
38 16
38 18
38 19
38 15
46 26
46 25
46 24
0
Yes
39 10
39 11
39 12
40 10
40 11
40 12
41 10
41 11
41 12
42 10
42 11
42 12
43 10
43 11
43 12
0
Yes
28 28
27 28
28 27
28 29
27 27
28 26
27 26
0
Yes
41 37
41 36
40 36
40 35
41 35
40 34
41 34
40 33
41 33
39 33
39 32
40 32
39 31
40 31
38 31
38 32
38 33
37 33
37 32
37 31
36 32
36 33
36 31
35 31
35 32
35 33
34 31
34 32
37 34
36 34
37 35
36 35
37 36
36 36
37 37
36 37
35 37
35 36
35 35
35 38
36 38
37 38
34 38
34 37
34 36
37 39
36 39
35 39
34 39
38 39
38 38
38 37
33 37
33 38
33 36
33 39
36 40
35 40
34 40
33 40
37 40
32 36
32 37
32 38
32 39
32 40
34 41
33 41
32 41
31 38
31 39
31 40
31 41
33 42
32 42
31 42
30 39
30 40
30 41
30 42
30 38
32 43
31 43
33 43
30 43
39 39
39 38
40 39
40 38
32 44
31 44
32 45
31 45
32 46
31 46
39 36
39 35
32 47
31 47
39 40
40 40
33 45
33 46
34 45
34 46
35 45
35 46
36 45
36 46
30 46
30 47
0
No
0
No
0
Yes
5 20
4 20
4 19
5 19
4 18
5 18
6 18
6 19
6 20
3 18
3 19
3 20
7 20
7 19
7 18
6 17
5 17
4 17
3 17
7 17
2 20
2 19
2 18
2 17
8 19
8 18
8 17
8 20
5 16
4 16
6 16
3 16
7 16
2 16
8 16
1 19
1 18
1 17
1 20
1 16
4 15
3 15
2 15
1 15
5 15
1 21
2 21
3 21
0 15
0 16
0 17
0 18
0 19
0 20
0 21
2 14
1 14
0 14
0
Yes
47 23
47 22
47 24
46 24
46 25
47 25
45 25
45 24
45 23
44 23
44 24
44 25
47 26
46 26
45 26
44 26
44 22
45 22
45 21
44 21
43 22
43 23
43 24
43 25
43 21
43 26
46 27
45 27
44 27
43 27
44 20
45 20
43 20
45 19
44 19
43 19
46 19
42 23
42 22
42 21
42 20
42 19
46 18
45 18
44 18
43 18
42 18
47 18
47 19
47 20
47 21
48 21
45 28
44 28
46 28
43 28
47 17
46 17
45 17
44 17
41 22
41 21
41 20
41 19
41 18
42 27
42 28
44 29
43 29
42 29
46 16
45 16
44 16
40 21
40 20
40 19
40 22
40 18
39 22
39 21
39 20
39 19
39 18
43 16
43 30
44 30
42 30
41 17
40 17
39 17
41 29
41 30
44 15
42 31
43 31
38 19
38 18
38 17
40 16
39 16
41 16
42 16
38 16
41 15
40 15
39 15
38 15
40 14
41 14
42 14
42 13
38 14
37 15
37 14
37 13
36 14
0
Yes
46 0
46 1
47 0
47 1
48 0
48 1
49 0
49 1
0
Yes
0 16
0 15
1 15
1 16
2 15
2 16
2 17
1 17
0 17
2 14
1 14
0 14
0 18
1 18
2 18
3 17
3 16
3 15
3 18
0 13
1 13
2 13
1 19
2 19
0 19
3 19
4 16
4 17
4 18
4 15
4 19
1 12
0 12
2 12
0 20
1 20
2 20
3 20
4 20
5 15
5 16
5 17
5 18
5 19
5 20
2 11
1 11
0 11
1 21
2 21
3 21
0 21
6 16
6 17
6 18
6 19
6 20
0 10
1 10
2 10
3 10
3 11
3 12
4 12
4 11
4 10
5 11
5 12
5 10
6 10
6 11
6 12
6 13
5 13
4 13
5 14
7 17
7 18
7 19
7 16
7 20
7 13
7 12
7 11
7 10
8 16
8 17
8 18
8 19
8 20
8 12
8 11
8 13
8 10
9 18
9 19
9 13
9 12
9 11
9 10
9 14
8 14
8 15
9 15
9 16
9 9
8 9
7 9
10 16
10 15
10 14
10 12
10 11
10 10
10 9
11 12
11 11
12 12
12 11
10 17
7 8
12 13
11 16
0
No
0
No
0
Yes
40 23
39 23
39 24
40 24
40 25
39 25
38 24
38 23
38 25
41 25
37 23
37 24
37 25
39 26
40 26
38 26
37 26
36 24
36 25
36 23
36 26
38 27
37 27
36 27
35 23
35 24
35 25
35 26
35 27
35 22
34 22
34 23
34 24
34 25
34 26
34 21
35 21
36 21
36 28
35 28
33 23
33 22
33 24
33 25
33 21
33 26
33 20
34 20
34 19
33 19
34 28
32 22
32 23
32 24
32 21
32 25
32 20
32 19
33 18
34 18
32 18
35 18
35 17
34 17
36 17
36 16
35 16
31 23
31 22
31 24
31 21
31 20
31 25
35 15
36 15
32 17
34 15
30 20
31 17
31 16
32 16
38 28
39 28
39 29
35 14
35 13
36 13
34 13
36 12
35 12
34 12
37 12
37 11
36 11
35 11
34 11
36 10
35 10
37 10
34 10
33 11
33 10
37 9
36 9
35 9
34 9
33 9
36 8
35 8
37 8
37 7
33 8
32 8
29 20
29 19
31 15
33 13
28 20
28 21
27 21
27 20
31 14
32 13
31 13
32 12
31 12
30 13
30 12
29 12
30 11
37 6
0
No
0
No
0
No
0
No
0
Yes
44 15
44 16
43 16
45 16
45 17
44 17
46 17
46 16
44 18
45 18
46 18
43 18
43 19
44 19
45 19
46 19
47 18
47 17
47 19
42 19
42 18
41 18
41 19
41 17
40 17
40 18
40 19
40 16
41 16
42 16
41 15
40 15
40 14
41 14
42 14
42 13
39 15
39 16
39 17
39 18
39 19
44 20
43 20
45 20
42 20
41 20
40 20
39 20
47 20
38 16
38 17
38 18
38 19
38 15
38 14
43 21
44 21
42 21
41 21
40 21
45 21
39 21
37 15
37 14
44 22
43 22
42 22
41 22
40 22
45 22
39 22
37 13
36 14
37 19
43 23
44 23
42 23
45 23
37 20
44 24
43 24
45 24
46 24
43 25
44 25
45 25
46 25
47 25
47 24
47 23
44 26
45 26
46 26
43 26
47 26
43 27
44 27
45 27
46 27
42 27
44 28
43 28
45 28
42 28
46 28
43 29
44 29
42 29
41 29
44 30
43 30
42 30
41 30
43 31
42 31
42 12
43 12
43 11
42 11
41 12
41 11
42 10
43 10
41 10
44 10
40 11
40 12
40 10
39 12
39 11
39 10
0
Yes
11 4
11 5
10 5
10 6
11 6
9 6
9 5
8 6
8 5
7 6
7 5
7 4
8 4
9 4
6 4
6 5
6 6
6 3
7 3
8 3
8 2
7 2
6 2
7 1
8 1
6 1
6 0
7 0
8 0
9 0
9 1
9 2
5 4
5 5
4 4
4 5
3 4
3 5
4 3
3 3
4 6
3 6
4 7
3 7
4 8
3 8
2 8
2 7
2 6
1 6
1 7
1 8
2 9
3 9
4 9
1 9
0 7
0 6
0 8
0 9
5 8
5 9
1 5
0 5
12 5
8 7
5 0
3 2
0 4
10 0
2 2
1 2
1 1
0 1
0 2
0 3
0 0
1 0
2 0
4 0
0
No
0
Yes
15 44
15 45
15 46
15 47
15 48
15 49
16 44
16 45
16 46
16 47
16 48
16 49
17 44
17 45
17 46
17 47
17 48
17 49
18 44
18 45
18 46
18 47
18 48
18 49
19 44
19 45
19 46
19 47
19 48
19 49
20 44
20 45
20 46
20 47
0
Yes
9 42
8 42
8 41
9 41
8 40
9 40
10 40
10 41
10 42
7 40
7 41
7 42
11 41
11 42
6 42
6 41
6 40
5 41
5 42
5 40
6 43
7 43
8 43
5 43
4 40
4 41
4 42
4 43
7 44
8 44
3 42
3 41
3 43
3 44
4 44
5 44
2 43
2 42
2 41
2 44
4 45
5 45
12 41
12 42
7 45
8 45
2 40
12 43
2 39
1 39
1 38
2 38
1 37
2 37
0 37
0 38
0 39
0 36
1 36
2 36
3 36
3 37
3 38
4 38
4 37
4 36
5 37
5 36
5 38
5 35
4 35
3 35
2 35
1 35
0 35
5 34
4 34
5 33
4 33
6 33
6 34
6 35
6 32
5 32
4 32
7 32
7 33
7 34
5 31
4 31
8 32
8 33
9 32
9 33
10 32
10 33
0 40
0 41
1 41
1 42
1 43
1 44
0 42
8 31
7 31
8 30
7 30
6 30
10 31
7 29
6 29
11 32
11 31
12 31
11 30
12 30
11 29
12 29
0 34
3 31
5 29
6 28
0
Yes
27 26
27 27
27 28
28 26
28 27
28 28
0
No
0
No
0
Yes
9 2
8 2
8 1
9 1
8 3
9 0
8 0
7 1
7 2
7 3
7 0
10 0
7 4
8 4
9 4
6 2
6 1
6 3
6 0
6 4
9 5
8 5
7 5
6 5
10 5
8 6
9 6
7 6
10 6
6 6
5 0
5 4
5 5
11 6
11 5
11 4
12 5
4 5
4 4
4 3
3 3
3 4
3 5
3 2
4 6
3 6
2 2
3 7
4 7
4 8
3 8
5 8
2 6
2 7
2 8
5 9
4 9
3 9
2 9
1 7
1 8
1 6
1 9
1 5
0 5
0 6
0 7
0 8
0 9
0 4
13 5
13 4
14 4
14 3
13 3
13 2
14 2
12 2
12 1
13 1
14 1
13 0
12 0
14 0
15 2
15 1
15 3
15 0
15 4
16 1
16 2
16 3
16 0
17 2
17 1
17 3
17 0
17 4
18 1
18 2
18 0
0
No
0
Yes
13 46
12 46
12 47
13 47
12 48
13 48
11 48
11 47
11 46
10 46
10 47
10 48
11 49
12 49
13 49
10 49
14 49
14 48
14 47
11 45
10 45
10 44
0
No
0
No
0
Yes
0 0
0 1
0 2
1 0
1 1
1 2
0
No
0
No
0
Yes
19 0
19 1
19 2
19 3
20 0
20 1
20 2
20 3
21 0
21 1
21 2
21 3
22 0
22 1
22 2
22 3
23 0
23 1
23 2
23 3
24 0
24 1
24 2
24 3
25 0
25 1
25 2
25 3
26 0
26 1
26 2
26 3
27 0
27 1
27 2
27 3
28 0
28 1
28 2
28 3
0
Yes
45 7
44 7
44 6
45 6
44 5
45 5
43 5
43 6
43 7
43 8
44 8
45 8
42 7
42 6
42 8
42 5
43 4
44 4
45 4
42 4
45 9
44 9
43 9
42 9
41 6
41 7
41 8
41 5
41 9
41 4
45 3
44 3
43 3
42 3
41 3
44 10
43 10
42 10
41 10
45 10
40 7
40 6
40 5
40 4
40 3
40 8
44 2
43 2
42 2
41 2
40 2
43 11
42 11
41 11
43 1
42 1
44 1
42 12
41 12
43 12
40 12
40 11
40 10
44 0
39 10
39 11
39 12
43 0
42 0
46 5
46 4
47 5
47 4
46 8
46 9
47 8
47 9
39 3
39 2
38 3
38 2
38 1
39 1
40 1
37 1
37 2
37 3
37 0
38 0
39 0
36 0
36 1
36 2
35 2
35 1
35 0
45 1
45 0
46 1
46 0
47 1
47 0
48 1
48 0
48 2
47 2
47 3
49 2
49 1
49 0
47 10
48 9
48 10
48 11
47 11
48 12
47 12
48 13
47 13
49 13
49 12
49 11
44 12
48 14
49 14
39 7
35 3
34 0
44 13
46 13
48 5
46 14
34 2
45 12
35 4
34 4
34 5
35 5
34 6
35 6
36 5
33 5
49 5
37 5
38 5
38 6
33 2
0
No
0
No
0
No
0
No
0
No
0
No
0
No
0
No
0
Yes
42 44
42 45
41 44
41 45
42 43
0
Yes
45 24
45 25
45 26
45 27
45 28
46 24
46 25
46 26
46 27
46 28
47 24
47 25
47 26
0
Yes
0 29
0 30
0 31
1 29
1 30
1 31
2 29
2 30
2 31
0
Yes
3 46
3 47
3 48
3 49
4 46
4 47
4 48
4 49
5 46
5 47
5 48
5 49
6 46
6 47
6 48
6 49
7 46
7 47
7 48
7 49
8 46
8 47
8 48
8 49
9 46
9 47
0
Yes
14 23
13 23
13 22
14 22
13 21
14 21
12 21
12 22
12 23
11 23
11 22
11 21
12 20
13 20
14 20
11 20
10 22
10 21
10 23
10 20
11 24
12 24
13 24
10 24
15 20
15 21
15 22
9 23
9 22
9 21
9 24
13 25
12 25
11 25
10 25
9 25
16 22
16 21
16 20
8 22
8 23
8 21
12 26
11 26
10 26
13 26
17 21
17 22
17 20
16 19
15 19
14 19
17 19
7 21
7 22
7 23
13 27
12 27
11 27
10 27
14 18
15 18
16 18
17 18
6 23
6 22
6 21
15 17
16 17
14 17
14 16
15 16
16 16
13 16
13 17
13 18
15 15
14 15
16 15
5 23
5 22
5 24
6 24
7 24
4 24
4 23
4 22
4 25
5 25
6 25
6 26
5 26
4 26
5 27
4 27
6 27
3 23
3 24
3 25
3 26
3 22
3 27
2 22
2 23
2 24
2 25
2 26
2 27
1 23
1 24
1 25
1 22
2 28
3 28
4 28
12 16
12 17
0 22
0 24
0 25
16 23
14 26
0 23
17 23
14 27
0
Yes
43 34
43 35
43 36
43 37
44 34
44 35
44 36
44 37
45 34
45 35
45 36
45 37
46 34
46 35
46 36
46 37
47 34
47 35
47 36
47 37
48 34
48 35
48 36
48 37
49 34
49 35
49 36
0
No
0
No
0
Yes
21 45
20 45
20 44
20 46
21 46
22 46
21 47
20 47
22 47
19 44
19 45
19 46
19 47
18 45
18 46
18 44
18 47
20 48
21 48
19 48
22 48
18 48
17 44
17 45
17 46
17 47
17 48
19 49
18 49
17 49
16 45
16 46
16 47
16 48
16 44
16 49
15 44
15 45
15 46
15 47
15 48
15 49
14 45
14 44
14 47
14 48
14 49
13 44
13 45
13 46
13 47
13 48
13 49
12 46
12 47
12 48
12 49
11 47
11 48
0
Yes
29 43
30 43
30 42
31 42
31 43
32 42
32 43
32 41
31 41
30 41
33 41
33 42
33 43
30 40
31 40
32 40
33 40
31 39
32 39
30 39
33 39
30 38
31 38
32 38
33 38
34 39
34 40
34 38
34 41
32 37
33 37
34 37
35 38
35 39
35 40
35 37
33 36
34 36
35 36
32 36
36 40
36 39
36 38
36 37
36 36
37 39
37 38
37 37
37 36
37 40
38 38
38 39
38 37
37 35
36 35
35 35
39 38
39 39
37 34
36 34
40 38
40 39
31 44
32 44
37 33
36 33
31 45
32 45
37 32
36 32
31 46
32 46
37 31
36 31
35 31
35 32
35 33
38 31
38 32
38 33
39 33
39 32
39 31
40 32
40 33
40 31
31 47
32 47
34 31
34 32
39 40
40 40
41 39
41 40
33 45
33 46
34 45
34 46
35 45
35 46
36 45
36 46
30 46
30 47
29 46
29 47
40 34
29 41
34 43
41 33
41 34
34 47
35 47
41 35
40 35
41 36
40 36
39 35
39 36
0
No
0
No
0
Yes
14 15
14 16
14 17
15 15
15 16
15 17
16 15
16 16
16 17
0
Yes
44 47
44 48
44 49
45 47
45 48
45 49
46 47
46 48
46 49
47 47
47 48
47 49
48 47
48 48
48 49
49 47
49 48
49 49
0
Yes
9 28
8 28
9 27
10 27
10 26
11 26
11 27
12 27
12 26
12 28
11 25
10 25
12 25
9 25
9 24
10 24
11 24
12 24
13 26
13 27
13 25
13 24
10 23
11 23
12 23
9 23
13 23
8 23
14 27
14 26
9 22
10 22
11 22
12 22
8 22
13 22
7 22
7 23
7 24
6 24
6 23
6 22
6 25
5 25
5 24
5 23
5 22
5 26
6 26
6 27
5 27
4 27
4 26
4 25
4 24
4 23
4 22
4 28
3 28
3 27
3 26
3 25
3 24
3 23
3 22
2 27
2 26
2 25
2 24
2 23
2 28
2 22
8 21
9 21
10 21
7 21
11 21
6 21
12 21
13 21
14 23
14 22
14 21
1 28
10 20
11 20
12 20
13 20
14 20
15 22
15 21
15 20
1 25
1 24
1 23
1 22
0 24
0 23
0 25
0 22
0 26
16 21
16 22
16 20
16 23
17 23
17 22
17 21
17 20
17 24
18 24
18 23
14 19
15 19
16 19
17 19
18 21
0
Yes
43 34
43 35
43 36
43 37
44 34
44 35
44 36
44 37
45 34
45 35
45 36
45 37
46 34
46 35
46 36
0
No
0
Yes
39 18
39 19
39 20
39 21
39 22
40 18
40 19
40 20
40 21
40 22
41 18
41 19
41 20
41 21
41 22
42 18
42 19
42 20
42 21
42 22
43 18
43 19
43 20
43 21
43 22
44 18
44 19
44 20
44 21
44 22
45 18
45 19
45 20
45 21
0
No
0
No
0
No
0
Yes
0 42
0 41
1 41
1 42
1 43
2 42
2 41
2 43
2 40
2 44
1 44
3 41
3 42
3 43
3 44
4 42
4 43
4 41
4 44
4 40
4 45
5 41
5 42
5 43
5 44
5 40
5 45
6 42
6 41
6 43
6 40
7 41
7 42
7 43
7 40
7 44
8 42
8 41
8 43
8 40
8 44
8 45
7 45
9 41
9 42
9 40
10 42
10 41
10 40
11 41
11 42
12 42
12 41
12 43
0 40
0 39
1 39
2 39
1 38
0 38
2 38
0 37
1 37
2 37
3 38
3 37
1 36
2 36
0 36
3 36
4 37
4 38
4 36
5 38
5 37
5 36
0 35
1 35
2 35
3 35
4 35
5 35
4 34
5 34
6 35
6 34
5 33
4 33
6 33
7 34
7 33
4 32
5 32
6 32
7 32
8 33
8 32
5 31
4 31
3 31
7 31
8 31
9 32
9 33
10 33
10 32
8 30
7 30
6 30
6 29
7 29
5 29
0
No
0
No
0
No
0
No
0
Yes
40 19
39 19
39 18
40 18
39 17
40 17
41 17
41 18
41 19
38 17
38 18
38 19
41 20
40 20
39 20
42 18
42 19
42 20
41 16
40 16
39 16
38 16
40 21
41 21
39 21
42 21
43 19
43 20
43 18
43 21
40 15
39 15
41 15
38 15
39 22
40 22
41 22
42 22
43 22
44 18
44 19
44 20
44 21
44 22
42 23
43 23
44 23
45 19
45 20
45 21
45 18
45 22
45 23
43 24
44 24
40 14
41 14
0
Yes
33 33
32 33
32 32
33 32
32 31
33 31
31 31
31 32
31 33
30 33
30 32
30 31
29 32
29 33
29 31
29 34
30 34
31 34
28 34
28 33
28 32
31 35
30 35
29 35
28 35
27 33
27 34
27 32
27 35
30 36
29 36
28 36
31 36
27 36
26 32
26 33
26 34
26 35
26 36
29 37
28 37
27 37
26 37
25 33
25 34
25 35
25 36
25 32
28 38
27 38
29 38
26 38
24 32
24 33
24 34
24 35
24 36
29 39
28 39
27 39
26 39
23 33
23 34
23 35
23 32
23 36
28 40
27 40
29 40
26 40
30 40
30 39
30 38
31 38
31 39
31 40
32 39
32 38
32 40
32 37
32 36
32 35
33 36
33 37
33 38
33 39
33 40
34 37
34 38
34 39
34 36
34 40
33 41
32 41
31 41
30 41
29 41
34 41
27 41
26 41
35 36
35 37
35 38
35 39
35 40
25 41
25 40
25 39
32 42
33 42
31 42
30 42
24 39
24 40
24 41
36 37
36 38
36 39
36 36
36 40
31 43
32 43
33 43
30 43
37 36
37 37
37 38
37 39
37 40
37 35
36 35
35 35
22 33
22 32
34 32
34 31
38 37
38 38
38 39
39 38
39 39
24 31
23 31
37 34
36 34
31 44
32 44
0
No
0
No
0
Yes
42 41
42 40
43 40
43 41
44 40
44 41
45 40
45 41
46 40
46 41
46 42
45 42
44 42
46 39
45 39
44 39
47 42
47 41
47 40
47 39
44 43
45 43
46 43
48 41
48 40
48 39
48 42
45 44
44 44
46 44
46 45
45 45
44 45
46 46
45 46
47 46
47 45
47 44
48 44
48 45
48 46
47 47
46 47
45 47
48 47
49 45
49 46
49 47
45 48
46 48
47 48
48 48
49 48
46 49
47 49
45 49
48 49
49 49
0
Yes
11 29
11 30
11 31
11 32
12 29
12 30
12 31
0
No
0
Yes
13 18
13 17
12 17
14 17
14 18
14 16
13 16
12 16
15 16
15 17
15 18
16 18
16 17
16 16
16 19
15 19
14 19
16 15
15 15
14 15
14 20
15 20
16 20
15 21
14 21
16 21
17 20
17 21
17 19
17 18
16 22
15 22
14 22
17 22
13 22
13 21
13 20
12 20
12 21
12 22
12 23
13 23
14 23
11 21
11 22
11 20
11 23
11 24
12 24
13 24
10 20
10 21
10 22
10 23
10 24
13 25
12 25
11 25
10 25
9 21
9 22
9 23
9 24
9 25
12 26
11 26
10 26
13 26
8 22
8 23
8 21
0
Yes
43 16
42 16
44 16
44 17
45 17
45 16
46 17
46 16
46 18
45 18
44 18
44 19
45 19
46 19
47 19
47 18
47 17
44 20
45 20
43 20
43 19
43 18
42 18
42 19
42 20
41 19
41 18
41 20
43 21
42 21
44 21
41 21
45 21
40 20
40 19
40 18
40 21
40 17
41 17
41 16
40 16
42 22
43 22
44 22
41 22
45 22
40 22
39 16
39 17
39 18
39 19
39 20
39 21
39 22
41 15
40 15
39 15
43 23
44 23
42 23
45 23
38 17
38 16
38 18
38 19
38 15
0
Yes
3 46
3 47
3 48
3 49
4 46
4 47
4 48
4 49
5 46
5 47
5 48
5 49
6 46
6 47
6 48
6 49
0
No
0
Yes
12 24
11 24
11 23
12 23
11 25
12 25
13 23
13 24
13 25
12 22
11 22
13 22
12 26
11 26
13 26
10 23
10 24
10 25
10 22
10 26
14 22
14 23
14 26
9 24
9 23
9 25
9 22
11 21
12 21
13 21
10 21
14 21
9 21
11 27
12 27
13 27
10 27
14 27
12 20
11 20
13 20
10 20
14 20
12 28
8 23
8 22
8 21
9 27
15 21
15 22
15 20
16 22
16 21
16 20
16 23
9 28
17 23
17 22
17 21
17 20
17 24
7 22
7 23
7 21
7 24
14 19
15 19
16 19
17 19
8 28
6 24
6 23
6 22
6 21
18 24
18 23
6 25
15 18
16 18
14 18
17 18
13 18
18 21
5 23
5 24
5 22
5 25
13 17
14 17
15 17
16 17
12 17
5 26
6 26
6 27
5 27
4 24
4 23
4 25
4 26
4 22
4 27
12 16
13 16
14 16
15 16
16 16
4 28
3 23
3 24
3 25
3 26
3 27
3 22
3 28
14 15
15 15
16 15
2 24
2 23
2 25
2 26
2 27
2 22
2 28
1 23
1 24
1 25
1 22
2 29
1 28
1 29
0 24
0 23
0 25
0 22
0 26
1 30
2 30
2 31
1 31
0 29
0 30
0
No
0
No
0
Yes
26 5
25 5
25 6
26 6
27 6
27 5
26 7
25 7
27 7
28 5
28 6
28 7
28 4
25 8
26 8
27 8
28 8
29 4
29 6
29 7
24 8
29 3
28 3
27 3
27 2
28 2
29 2
26 2
26 3
25 3
25 2
24 2
24 3
24 4
24 5
23 5
23 4
23 3
23 2
26 1
25 1
27 1
24 1
28 1
23 1
29 1
22 4
22 3
22 2
22 5
22 1
27 9
28 9
24 9
25 9
23 9
23 8
22 8
22 9
30 2
30 1
25 0
26 0
27 0
24 0
28 0
23 0
29 0
22 0
21 3
21 2
21 1
21 0
28 10
23 10
24 10
22 10
21 9
21 10
20 2
20 1
20 3
20 0
20 4
19 4
19 3
19 2
19 1
19 0
22 11
23 11
21 11
20 10
20 9
20 8
0
No
0
Yes
45 46
45 47
45 48
45 49
46 46
46 47
46 48
46 49
47 46
47 47
47 48
47 49
48 46
48 47
48 48
48 49
49 46
49 47
49 48
49 49
0
No
0
No
0
No
0
No
0
No
0
Yes
23 32
23 33
23 34
23 35
23 36
24 32
24 33
24 34
24 35
24 36
25 32
25 33
25 34
25 35
25 36
26 32
26 33
26 34
26 35
26 36
27 32
27 33
27 34
27 35
27 36
28 32
28 33
28 34
28 35
0
Yes
35 35
35 36
34 36
36 36
36 35
36 37
35 37
34 37
37 37
37 36
37 35
35 38
36 38
34 38
37 38
33 38
33 37
33 36
34 39
35 39
36 39
33 39
37 39
32 36
32 37
32 38
32 39
35 40
34 40
33 40
32 40
36 40
37 40
38 39
38 38
38 37
31 38
31 39
31 40
34 41
33 41
32 41
31 41
30 39
30 40
30 38
30 41
33 42
32 42
31 42
30 42
29 38
29 39
29 40
29 41
32 43
31 43
33 43
30 43
0
Yes
14 47
13 47
13 46
13 48
14 48
15 48
15 47
15 46
14 49
13 49
15 49
16 47
16 48
16 46
16 49
12 46
12 47
12 48
12 49
16 45
15 45
14 45
13 45
11 47
11 48
11 46
11 49
14 44
15 44
13 44
16 44
17 46
17 47
17 48
17 45
17 49
17 44
11 45
18 47
18 46
18 48
18 45
18 49
18 44
10 46
10 47
10 48
10 45
10 49
9 47
9 46
9 48
9 49
10 44
19 46
19 47
19 48
19 45
19 49
19 44
20 47
20 46
20 48
20 45
20 44
8 46
8 47
8 48
8 49
8 45
7 47
7 46
7 48
7 45
7 49
21 46
21 47
21 45
21 48
7 44
8 44
8 43
7 43
22 47
22 46
22 48
6 46
6 47
0
No
0
Yes
45 45
45 46
45 47
45 48
45 49
46 45
46 46
46 47
46 48
46 49
47 45
47 46
47 47
47 48
47 49
48 45
48 46
48 47
48 48
48 49
49 45
49 46
49 47
49 48
49 49
0
No
0
Yes
27 23
26 23
26 22
26 24
27 24
25 22
25 23
24 22
24 23
24 21
25 21
26 21
26 20
25 20
24 20
23 21
23 22
23 23
23 20
25 19
24 19
26 19
23 19
22 23
22 22
22 21
22 20
26 18
25 18
24 18
23 18
22 24
23 24
24 24
21 22
21 23
21 21
21 24
24 25
23 25
22 25
21 25
25 17
24 17
26 17
23 17
20 23
20 22
20 24
20 21
20 25
23 26
22 26
21 26
24 26
20 26
26 16
25 16
24 16
19 22
19 21
22 27
23 27
21 27
21 28
22 28
0
No
0
No
0
Yes
44 39
44 40
44 41
44 42
44 43
44 44
45 39
45 40
45 41
45 42
45 43
45 44
46 39
46 40
46 41
46 42
46 43
46 44
47 39
47 40
47 41
47 42
0
Yes
23 32
23 33
23 34
23 35
23 36
24 32
24 33
24 34
24 35
24 36
25 32
25 33
25 34
25 35
25 36
26 32
26 33
26 34
26 35
26 36
27 32
27 33
27 34
27 35
27 36
28 32
28 33
28 34
28 35
28 36
29 32
29 33
29 34
29 35
29 36
0
No
0
Yes
7 24
6 24
6 23
7 23
6 22
7 22
5 22
5 23
5 24
4 24
4 23
4 22
3 23
3 24
3 22
4 25
5 25
6 25
3 25
2 22
2 23
2 24
2 25
6 26
5 26
4 26
3 26
2 26
1 24
1 23
1 25
1 22
5 27
4 27
3 27
2 27
6 27
0 23
0 24
0 25
0 22
4 28
3 28
2 28
6 21
7 21
8 21
8 22
8 23
9 23
9 22
9 21
10 22
10 23
10 21
11 21
11 22
11 23
11 24
10 24
9 24
9 25
10 25
11 25
10 26
11 26
10 27
11 27
1 28
2 29
1 29
2 30
1 30
2 31
1 31
0 31
0 30
0 29
10 20
11 20
12 20
12 21
12 22
12 23
12 24
12 25
12 26
12 27
13 24
13 23
13 25
13 22
13 26
13 21
13 27
0
No
0
Yes
42 44
42 45
41 44
41 45
42 43
0
No
0
No
0
No
0
Yes
13 0
13 1
13 2
13 3
14 0
14 1
14 2
14 3
15 0
15 1
15 2
15 3
16 0
16 1
16 2
16 3
17 0
17 1
17 2
17 3
18 0
18 1
0
Yes
24 32
24 33
24 34
24 35
24 36
25 32
25 33
25 34
25 35
25 36
26 32
26 33
26 34
26 35
26 36
27 32
27 33
27 34
27 35
27 36
28 32
28 33
28 34
28 35
28 36
29 32
29 33
29 34
29 35
29 36
30 32
30 33
30 34
30 35
30 36
31 32
31 33
31 34
31 35
31 36
32 32
0
Yes
36 16
35 16
35 15
36 15
35 17
36 17
37 15
36 14
35 14
37 14
34 15
34 17
34 18
35 18
38 14
35 13
36 13
37 13
33 18
34 13
36 12
35 12
37 12
34 12
33 19
34 19
34 20
33 20
32 19
32 18
32 20
32 17
31 17
31 16
32 16
35 11
36 11
37 11
34 11
33 11
33 21
34 21
32 21
35 21
36 10
35 10
34 10
37 10
33 10
35 22
34 22
33 22
32 22
31 20
31 21
31 22
35 9
36 9
34 9
37 9
33 9
34 23
33 23
32 23
35 23
31 23
36 23
36 8
35 8
37 8
36 24
35 24
34 24
33 24
32 24
31 24
37 24
37 23
38 23
38 24
33 8
39 24
39 23
40 23
40 24
32 8
35 25
36 25
37 25
34 25
38 25
33 25
39 25
32 25
40 25
31 25
37 7
30 23
30 24
30 25
36 26
35 26
37 26
34 26
38 26
33 26
39 26
40 26
41 25
29 24
29 23
29 25
35 27
36 27
37 27
38 27
30 26
36 28
35 28
34 28
38 28
39 28
39 29
33 13
32 13
32 12
31 12
31 13
31 14
31 15
30 13
30 12
30 11
29 12
36 21
0
Yes
39 42
39 43
40 43
40 42
40 41
39 44
38 44
38 45
39 45
37 45
39 46
40 40
39 40
41 40
39 39
40 39
41 39
40 38
39 38
42 40
42 41
43 41
43 40
36 45
36 46
35 46
35 45
34 45
34 46
35 47
34 47
33 46
33 45
32 45
32 46
32 44
31 44
31 45
31 46
32 47
31 47
30 46
30 47
29 47
29 46
29 48
28 46
28 47
27 47
27 46
27 45
35 48
36 48
36 49
37 49
37 48
38 48
38 49
39 49
39 48
40 48
40 49
41 49
41 48
42 48
42 49
43 49
43 48
43 47
44 47
44 48
44 49
29 49
30 49
26 47
26 48
25 48
25 47
25 46
24 47
24 48
0
Yes
5 14
5 13
4 13
6 13
6 12
5 12
4 12
5 11
4 11
6 11
6 10
5 10
4 10
7 11
7 12
7 13
7 10
5 9
4 9
3 10
3 11
3 12
3 9
8 13
8 12
8 11
8 10
2 12
2 11
2 10
2 9
3 8
4 8
2 8
5 8
9 12
9 11
9 13
9 10
1 11
1 10
1 9
1 12
1 8
9 9
8 9
7 9
2 7
3 7
4 7
1 7
10 11
10 12
10 10
10 9
0 12
0 11
0 10
0 9
0 8
0 7
4 6
3 6
2 6
0
Yes
4 18
5 18
4 17
4 19
5 17
5 19
3 18
6 18
3 17
3 19
6 17
6 19
4 16
4 20
5 16
5 20
2 18
3 16
3 20
6 16
6 20
7 18
2 17
2 19
7 17
7 19
4 15
5 15
2 16
2 20
7 16
7 20
3 15
1 18
8 18
1 17
1 19
8 17
8 19
2 15
1 16
1 20
8 16
8 20
0 18
0 17
0 19
1 15
8 15
0 16
0 20
0 15
0
Yes
42 27
42 28
42 29
42 30
42 31
43 27
43 28
43 29
43 30
43 31
44 27
44 28
44 29
44 30
0
Yes
10 33
9 33
9 32
10 32
11 32
10 31
11 31
8 32
8 33
7 32
7 33
6 32
6 33
5 32
5 33
5 34
6 34
7 34
4 34
4 33
4 32
4 35
5 35
6 35
4 36
5 36
4 37
5 37
3 37
3 36
3 35
2 35
2 36
2 37
3 38
2 38
4 38
5 38
1 36
1 37
1 35
1 38
0 35
0 36
0 37
0 38
0 39
1 39
2 39
8 31
7 31
8 30
7 30
12 31
11 30
12 30
5 31
4 31
11 29
12 29
6 30
7 29
6 29
0 34
2 40
3 31
5 29
12 28
6 28
0 40
0 41
1 41
2 41
2 42
1 42
0 42
2 43
1 43
3 43
3 42
3 41
4 41
4 42
4 43
5 42
5 41
5 43
6 43
6 42
6 41
6 40
5 40
4 40
7 40
7 41
7 42
7 43
8 41
8 42
8 40
8 43
9 40
9 41
9 42
10 41
10 42
10 40
5 44
4 44
3 44
2 44
1 44
11 41
11 42
12 41
12 42
5 45
4 45
8 44
7 44
8 45
7 45
12 43
0 33
1 33
2 31
2 30
1 30
1 31
0 30
0 31
0 32
0 29
0
Yes
0 49
0 48
1 48
1 49
2 49
2 48
3 48
3 49
3 47
4 49
4 48
4 47
4 46
3 46
5 48
5 47
5 49
5 46
6 49
6 48
6 47
6 46
7 48
7 47
7 49
7 46
8 49
8 48
8 47
8 46
9 48
9 47
9 49
9 46
10 49
10 48
10 47
10 46
10 45
11 48
11 47
11 46
11 49
11 45
12 49
12 48
12 47
12 46
13 48
13 47
13 49
13 46
13 45
14 49
14 48
14 47
14 45
14 44
13 44
15 48
15 49
15 47
15 46
15 45
15 44
16 49
16 48
16 47
16 46
16 45
16 44
17 48
17 47
17 46
17 45
17 49
17 44
18 49
18 48
18 47
18 46
18 45
18 44
19 48
19 47
19 46
19 45
19 49
19 44
20 47
20 48
20 46
20 45
20 44
21 48
21 47
21 46
21 45
22 47
22 46
22 48
23 46
23 45
0 47
0 46
1 46
0 45
10 44
23 44
24 44
24 43
23 43
22 43
25 44
0
Yes
14 26
13 26
13 25
13 27
14 27
12 27
12 26
12 25
11 26
11 25
11 27
10 27
10 26
10 25
11 24
12 24
13 24
10 24
13 23
12 23
11 23
10 23
12 22
11 22
13 22
10 22
9 23
9 22
9 24
9 25
13 21
12 21
11 21
10 21
9 21
14 21
14 22
14 23
14 20
13 20
12 20
11 20
10 20
0
No
0
No
0
Yes
4 24
3 24
3 23
4 23
3 22
4 22
5 22
5 23
5 24
2 22
2 23
2 24
5 25
4 25
3 25
2 25
6 24
6 23
6 25
6 22
1 24
1 23
1 25
1 22
4 26
3 26
5 26
2 26
6 26
7 23
7 22
7 24
0 23
0 24
0 22
0 25
1 21
2 21
3 21
0 21
0
No
0
Yes
37 29
37 30
37 31
36 31
38 31
36 32
37 32
38 32
35 32
35 31
35 30
34 31
34 32
39 32
39 31
40 31
40 32
37 33
36 33
38 33
35 33
39 33
40 33
33 32
33 31
36 34
37 34
32 31
33 33
41 33
40 34
41 34
37 35
36 35
35 35
32 33
36 36
37 36
35 36
41 35
40 35
39 35
39 36
40 36
41 36
34 36
37 37
36 37
35 37
34 37
38 37
33 37
33 36
32 36
32 37
32 35
41 37
36 38
37 38
35 38
34 38
33 38
38 38
32 38
37 39
36 39
35 39
34 39
33 39
38 39
32 39
31 38
31 39
36 40
37 40
35 40
34 40
33 40
32 40
31 40
30 39
30 38
30 40
29 38
29 39
29 40
29 37
28 37
28 38
28 39
28 40
34 41
33 41
32 41
31 41
30 41
29 41
27 38
27 39
27 37
27 40
26 37
26 38
26 39
26 40
33 42
32 42
31 42
30 42
32 43
31 43
33 43
30 43
34 43
25 39
25 40
27 41
26 41
25 41
29 43
24 40
24 39
24 41
24 38
23 41
31 31
31 30
31 29
30 29
30 28
31 28
31 27
30 27
32 27
30 26
0
Yes
12 13
12 12
11 12
13 12
13 11
12 11
11 11
10 11
10 12
9 11
9 12
8 11
8 12
8 10
9 10
10 10
7 10
7 11
7 12
7 13
8 13
9 13
10 9
9 9
8 9
7 9
6 13
6 12
6 11
6 10
8 14
9 14
5 12
5 11
5 13
5 10
4 13
4 12
4 11
4 10
8 15
9 15
8 16
9 16
10 16
10 15
10 14
5 9
4 9
3 9
3 10
3 11
3 12
2 12
2 11
2 10
2 9
3 8
4 8
2 8
5 8
1 8
1 9
1 10
1 11
1 12
2 7
3 7
4 7
1 7
4 6
3 6
2 6
1 6
0 7
0 8
0 9
0 10
0 11
0 12
0 6
0 13
1 13
2 13
0
Yes
22 0
22 1
22 2
22 3
23 0
23 1
23 2
23 3
24 0
24 1
24 2
24 3
25 0
25 1
25 2
25 3
26 0
26 1
26 2
26 3
27 0
27 1
27 2
27 3
28 0
28 1
28 2
28 3
29 0
29 1
29 2
29 3
0
Yes
12 13
12 12
11 12
13 12
13 11
12 11
11 11
10 11
10 12
9 11
9 12
8 11
8 12
8 10
9 10
10 10
7 10
7 11
7 12
7 13
8 13
9 13
10 9
9 9
8 9
7 9
6 13
6 12
6 11
6 10
8 14
9 14
5 12
5 11
5 13
5 10
4 13
4 12
4 11
4 10
3 12
3 11
3 10
3 9
4 9
5 9
5 8
4 8
3 8
2 8
2 9
2 10
2 11
2 12
4 7
3 7
2 7
1 7
1 8
1 9
1 10
1 11
1 12
3 6
2 6
4 6
1 6
0 6
0 7
0 8
0 9
0 10
0 11
0 12
0 13
1 13
2 13
2 14
1 14
0 14
8 15
9 15
1 15
2 15
0 15
0 16
1 16
2 16
2 17
1 17
0 17
3 17
3 16
3 15
4 15
4 16
4 17
5 16
5 17
5 15
5 14
5 18
4 18
3 18
2 18
1 18
0 18
6 18
6 17
6 16
7 16
7 17
8 16
8 17
9 16
7 18
8 18
10 16
10 15
10 14
8 19
7 19
6 19
5 19
4 19
3 19
2 19
1 19
0 19
0
Yes
21 18
20 18
20 17
21 17
22 17
21 16
20 16
22 16
19 17
19 18
19 16
18 18
18 17
20 15
21 15
19 15
21 14
20 14
19 14
22 14
18 15
18 14
20 13
21 13
19 13
22 13
18 13
23 13
23 14
17 14
17 15
17 16
16 16
16 15
16 17
21 12
20 12
22 12
15 17
15 16
15 15
15 18
16 18
17 18
17 19
16 19
15 19
16 20
17 20
15 20
17 21
16 21
15 21
18 21
16 22
17 22
15 22
17 23
16 23
18 23
18 12
18 24
17 24
14 18
14 17
14 19
14 16
14 15
22 11
21 11
15 14
17 12
23 11
21 10
22 10
23 10
13 17
13 18
13 16
17 11
20 10
24 10
16 11
20 9
21 9
22 9
23 9
24 9
12 16
12 17
16 10
17 10
17 9
16 9
25 9
15 10
15 11
15 9
15 12
15 13
14 11
14 10
14 9
22 8
23 8
24 8
25 8
16 8
15 8
17 8
14 8
18 8
19 8
20 8
19 7
18 7
17 7
16 7
15 7
14 7
26 8
25 7
26 7
18 6
17 6
16 6
19 6
20 6
27 7
27 8
27 9
28 9
28 8
28 7
28 10
13 8
13 7
26 6
27 6
25 6
28 6
25 5
26 5
27 5
28 5
24 5
29 7
29 6
0
Yes
7 0
7 1
7 2
8 0
8 1
8 2
9 0
9 1
9 2
10 0
0
Yes
38 18
38 17
39 17
39 18
40 17
40 18
40 19
39 19
38 19
40 16
39 16
38 16
41 19
41 18
41 17
41 16
38 15
39 15
40 15
41 15
41 20
40 20
39 20
40 14
41 14
39 21
40 21
42 20
42 19
42 18
42 21
41 21
43 18
43 19
43 20
43 21
43 22
42 22
41 22
40 22
39 22
44 19
44 20
44 21
44 18
44 22
44 23
43 23
42 23
45 18
45 19
45 20
45 21
45 22
45 23
0
Yes
20 21
20 22
20 23
20 24
20 25
20 26
21 21
21 22
21 23
21 24
21 25
21 26
22 21
22 22
22 23
22 24
22 25
22 26
23 21
23 22
23 23
23 24
23 25
23 26
24 21
24 22
24 23
24 24
24 25
0
Yes
43 34
43 35
43 36
43 37
44 34
44 35
44 36
44 37
45 34
45 35
45 36
45 37
46 34
46 35
46 36
46 37
47 34
47 35
47 36
47 37
48 34
48 35
48 36
48 37
49 34
49 35
49 36
49 37
0
Yes
6 0
6 1
6 2
7 0
7 1
7 2
8 0
8 1
8 2
9 0
9 1
9 2
10 0
0
Yes
43 6
43 7
42 6
42 7
44 6
44 7
43 5
43 8
42 5
42 8
44 5
44 8
41 6
41 7
45 6
45 7
41 5
41 8
43 4
43 9
45 5
45 8
42 4
42 9
44 4
44 9
40 6
40 7
41 4
41 9
45 4
45 9
40 5
40 8
43 3
43 10
42 3
42 10
44 3
44 10
40 4
41 3
41 10
45 3
45 10
43 2
40 3
40 10
42 2
44 2
41 2
40 2
0
Yes
43 24
43 25
43 26
43 27
43 28
44 24
44 25
44 26
44 27
44 28
45 24
45 25
45 26
45 27
45 28
46 24
46 25
46 26
46 27
46 28
47 24
47 25
47 26
0
Yes
34 28
35 28
35 27
36 27
36 28
36 26
35 26
36 25
35 25
37 25
37 26
37 27
38 27
38 26
38 25
37 24
36 24
35 24
38 24
39 26
39 25
39 24
34 24
34 25
34 26
35 23
36 23
37 23
38 23
34 23
39 23
33 26
33 25
33 24
33 23
40 25
40 24
40 23
40 26
32 25
32 24
32 23
33 22
34 22
35 22
32 22
31 24
31 23
31 25
31 22
34 21
33 21
32 21
31 21
35 21
30 25
30 24
30 23
33 20
34 20
32 20
31 20
29 24
29 25
29 23
32 19
33 19
34 19
34 18
33 18
32 18
39 22
40 22
39 21
40 21
39 20
40 20
41 20
41 21
41 22
41 19
40 19
39 19
39 18
40 18
41 18
42 22
42 21
42 20
42 19
42 18
40 17
41 17
39 17
43 21
43 20
43 19
43 22
43 18
38 17
38 18
38 19
39 16
40 16
38 16
41 16
44 22
44 21
44 20
44 19
44 18
44 23
43 23
42 23
38 15
39 15
40 15
41 15
45 23
45 22
45 21
45 20
45 19
45 18
40 14
35 18
0
Yes
23 37
23 36
24 36
24 35
23 35
25 35
25 36
23 34
24 34
25 34
26 36
26 35
26 34
24 33
25 33
23 33
26 33
22 33
27 35
27 34
27 36
27 33
23 32
24 32
25 32
26 32
22 32
27 32
28 36
28 35
28 34
28 33
28 32
24 31
23 31
29 35
29 34
29 33
29 36
29 32
30 36
30 35
30 34
30 33
30 32
31 35
31 34
31 33
31 36
31 32
29 31
30 31
32 32
24 30
25 30
25 29
24 29
24 28
23 28
23 27
22 27
22 28
21 28
21 27
21 29
20 29
20 30
21 30
19 30
19 29
19 31
20 31
18 31
18 30
18 29
18 32
19 32
19 33
18 33
18 34
19 34
20 34
20 35
19 35
18 35
21 34
17 35
17 34
17 33
17 32
17 31
17 30
17 29
17 36
16 36
16 35
16 34
16 33
16 32
16 31
16 37
15 37
15 36
15 35
15 34
15 33
15 32
15 31
15 38
16 38
17 38
16 39
15 39
15 40
16 40
16 41
14 36
14 37
14 38
14 35
14 39
14 34
14 40
14 41
13 37
13 36
18 28
0
Yes
0 26
0 25
1 25
1 24
0 24
1 23
0 23
2 23
2 24
2 25
2 22
1 22
0 22
3 25
3 24
3 23
3 22
0 21
1 21
2 21
3 21
4 24
4 23
4 22
4 25
1 20
2 20
0 20
3 20
4 26
3 26
2 26
5 25
5 24
5 23
5 26
5 22
2 27
3 27
4 27
5 27
0 19
1 19
2 19
3 19
6 26
6 25
6 24
6 23
6 22
6 27
3 28
2 28
4 28
1 18
2 18
0 18
3 18
7 24
7 23
7 22
4 18
4 19
4 20
5 20
5 19
5 18
6 19
6 20
6 21
7 21
7 20
7 19
6 18
7 18
4 17
3 17
2 17
5 17
1 17
6 17
0 17
7 17
8 23
8 22
8 21
8 20
8 19
8 18
8 17
0
Yes
8 45
7 45
7 44
8 44
7 43
8 43
7 42
8 42
7 41
8 41
6 41
6 42
6 43
6 40
7 40
8 40
5 43
5 42
5 41
5 40
9 40
9 41
9 42
4 42
4 41
4 43
4 40
10 42
10 41
10 40
3 43
3 42
3 41
3 44
4 44
5 44
4 45
5 45
2 44
2 43
2 42
2 41
1 43
1 42
1 41
1 44
0 42
0 41
11 42
4 46
5 46
6 46
7 46
8 46
8 47
7 47
6 47
5 47
4 47
7 48
6 48
5 48
8 48
4 48
9 48
9 47
9 46
10 46
10 47
10 48
11 47
11 46
11 48
3 48
3 47
3 46
12 48
12 47
12 46
8 49
7 49
9 49
6 49
10 49
5 49
11 49
4 49
12 49
3 49
13 46
13 47
13 48
13 49
14 47
14 48
14 49
11 41
10 45
11 45
2 49
2 48
1 49
1 48
0 49
0 48
12 41
12 42
2 40
0 40
0 39
1 39
2 39
2 38
1 38
0 38
1 37
2 37
0 37
0 36
1 36
2 36
3 36
3 37
3 38
4 38
4 37
4 36
5 37
5 36
5 38
5 35
4 35
3 35
2 35
1 35
0
Yes
10 14
9 14
9 13
9 15
10 15
8 15
8 14
8 13
8 16
9 16
10 16
8 12
9 12
8 11
9 11
7 11
7 12
7 13
7 10
8 10
9 10
10 10
10 11
10 12
6 13
6 12
6 11
6 10
10 9
9 9
8 9
7 9
11 11
11 12
5 12
5 11
5 13
5 10
4 13
4 12
4 11
4 10
3 12
3 11
3 10
3 9
4 9
5 9
2 11
2 10
2 12
2 9
5 8
4 8
3 8
2 8
1 12
1 11
1 10
1 9
1 8
4 7
3 7
2 7
1 7
0 11
0 10
0 9
0 8
0 12
0 7
0 13
1 13
2 13
2 14
1 14
0 14
1 15
2 15
0 15
0 16
1 16
2 16
3 6
2 6
1 6
4 6
0 6
12 11
12 12
1 5
0 5
3 5
4 5
13 11
13 12
0
Yes
3 46
3 47
3 48
3 49
4 46
4 47
4 48
4 49
5 46
5 47
5 48
5 49
6 46
6 47
6 48
6 49
7 46
7 47
7 48
7 49
8 46
8 47
8 48
8 49
9 46
9 47
0
Yes
28 34
28 35
27 34
27 35
29 34
29 35
28 33
28 36
27 33
27 36
29 33
29 36
26 34
26 35
30 34
30 35
26 33
26 36
28 32
30 33
30 36
27 32
29 32
25 34
25 35
31 34
31 35
26 32
30 32
25 33
25 36
31 33
31 36
25 32
31 32
24 34
24 35
32 35
24 33
24 36
32 33
32 36
24 32
32 32
23 34
23 35
23 33
23 36
23 32
0
Yes
44 39
44 40
44 41
44 42
44 43
44 44
45 39
45 40
45 41
45 42
45 43
45 44
46 39
46 40
46 41
46 42
46 43
46 44
47 39
47 40
47 41
47 42
0
Yes
37 29
37 30
37 31
36 31
38 31
36 32
37 32
38 32
35 32
35 31
35 30
34 31
34 32
39 32
39 31
40 31
40 32
37 33
36 33
38 33
35 33
39 33
40 33
33 32
33 31
36 34
37 34
32 31
33 33
41 33
40 34
41 34
37 35
36 35
35 35
36 36
37 36
35 36
41 35
40 35
39 35
39 36
40 36
41 36
34 36
37 37
36 37
35 37
34 37
38 37
33 37
33 36
41 37
36 38
37 38
35 38
34 38
38 38
33 38
37 39
36 39
35 39
34 39
38 39
33 39
32 38
32 37
32 39
36 40
37 40
35 40
34 40
33 40
32 40
31 39
31 38
31 40
30 38
30 39
30 40
34 41
33 41
32 41
31 41
30 41
29 39
29 40
29 38
29 41
29 37
28 37
28 38
28 39
28 40
27 38
27 39
27 37
27 40
26 37
26 38
26 39
26 40
33 42
32 42
31 42
30 42
32 43
31 43
33 43
30 43
34 43
25 39
25 40
27 41
26 41
25 41
29 43
24 40
24 39
24 41
24 38
0
Yes
10 20
10 21
10 22
10 23
10 24
10 25
11 20
11 21
11 22
11 23
11 24
11 25
12 20
12 21
12 22
12 23
12 24
12 25
13 20
13 21
13 22
13 23
13 24
13 25
14 20
14 21
14 22
0
Yes
22 4
22 5
23 4
23 5
24 4
0
Yes
0 29
0 30
0 31
1 29
1 30
1 31
2 29
2 30
2 31
0
Yes
43 24
43 25
43 26
43 27
43 28
44 24
44 25
44 26
44 27
44 28
45 24
45 25
45 26
45 27
45 28
46 24
46 25
46 26
46 27
46 28
47 24
47 25
47 26
0
Yes
3 20
3 21
4 20
2 20
2 21
3 19
3 22
4 19
4 22
5 20
2 19
2 22
5 19
5 22
1 20
1 21
3 18
3 23
4 18
4 23
6 20
6 21
1 19
1 22
2 18
2 23
5 18
5 23
6 19
6 22
0 20
0 21
1 18
1 23
3 17
3 24
4 17
4 24
6 18
6 23
0 19
0 22
2 17
2 24
5 17
5 24
0 18
0 23
1 17
1 24
6 17
6 24
3 16
3 25
4 16
4 25
2 16
2 25
5 16
5 25
0 17
0 24
1 16
1 25
6 16
6 25
3 15
4 15
0 16
0 25
2 15
5 15
1 15
0 15
