0
Yes
0 0
0 1
0 2
0 3
0 4
0 5
0 6
0 7
0 8
0 9
1 0
1 1
1 2
1 3
1 4
1 5
1 6
1 7
1 8
1 9
2 0
2 1
2 2
2 3
2 4
2 5
2 6
2 7
2 8
2 9
3 0
3 1
3 2
3 3
3 4
3 5
3 6
3 7
3 8
3 9
4 0
4 1
4 2
4 3
4 4
4 5
4 6
4 7
4 8
4 9
5 0
5 1
5 2
5 3
5 4
5 5
5 6
5 7
5 8
5 9
6 0
6 1
6 2
6 3
6 4
6 5
6 6
6 7
6 8
6 9
7 0
7 1
7 2
7 3
7 4
7 5
7 6
7 7
7 8
7 9
8 0
8 1
8 2
8 3
8 4
8 5
8 6
8 7
8 8
8 9
9 0
9 1
9 2
9 3
9 4
9 5
9 6
9 7
9 8
9 9
10 0
10 1
10 2
10 3
10 4
10 5
10 6
10 7
10 8
10 9
11 0
11 1
11 2
11 3
11 4
11 5
11 6
11 7
11 8
11 9
12 0
12 1
12 2
12 3
12 4
12 5
0
Yes
45 3
44 3
45 2
45 4
46 3
44 2
44 4
46 2
46 4
43 3
45 1
45 5
47 3
43 2
43 4
44 1
44 5
46 1
46 5
47 2
47 4
43 1
43 5
47 1
47 5
42 3
45 0
48 3
42 2
42 4
44 0
46 0
48 2
48 4
42 1
42 5
43 0
47 0
48 1
48 5
41 3
49 3
41 2
41 4
49 2
49 4
42 0
48 0
41 1
41 5
49 1
49 5
40 3
41 0
49 0
40 2
40 4
0
Yes
6 45
7 45
6 44
6 46
7 44
7 46
5 45
8 45
5 44
5 46
8 44
8 46
6 43
6 47
7 43
7 47
4 45
5 43
5 47
8 43
8 47
9 45
4 44
4 46
9 44
9 46
6 42
6 48
7 42
7 48
4 43
4 47
9 43
9 47
5 42
5 48
8 42
8 48
3 45
10 45
3 44
3 46
10 44
10 46
4 42
4 48
9 42
9 48
3 43
3 47
6 41
6 49
7 41
7 49
10 43
10 47
5 41
5 49
8 41
8 49
2 45
11 45
2 44
2 46
3 42
3 48
10 42
10 48
11 44
11 46
4 41
4 49
9 41
9 49
2 43
2 47
11 43
11 47
6 40
7 40
5 40
8 40
3 41
3 49
10 41
10 49
2 42
2 48
11 42
11 48
1 45
12 45
1 44
1 46
4 40
9 40
12 44
12 46
1 43
1 47
12 43
12 47
2 41
2 49
11 41
11 49
3 40
10 40
1 42
1 48
12 42
12 48
0 45
0 44
0 46
2 40
11 40
0 43
0 47
1 41
1 49
12 41
12 49
0 42
0 48
1 40
12 40
0 41
0 49
0 40
0
Yes
13 0
13 1
13 2
13 3
14 0
14 1
14 2
14 3
15 0
15 1
15 2
15 3
16 0
16 1
16 2
16 3
17 0
17 1
17 2
17 3
18 0
18 1
18 2
18 3
19 0
19 1
19 2
19 3
20 0
20 1
20 2
20 3
0
Yes
3 35
4 35
3 34
3 36
4 34
4 36
2 35
5 35
2 34
2 36
5 34
5 36
3 33
3 37
4 33
4 37
1 35
2 33
2 37
5 33
5 37
6 35
1 34
1 36
6 34
6 36
3 32
3 38
4 32
4 38
1 33
1 37
6 33
6 37
2 32
2 38
5 32
5 38
0 35
0 34
0 36
1 32
1 38
6 32
6 38
0 33
0 37
3 31
3 39
4 31
4 39
2 31
2 39
5 31
5 39
0 32
0 38
1 31
1 39
6 31
6 39
3 30
4 30
2 30
5 30
0 31
0 39
0
Yes
31 3
31 4
32 3
32 4
30 3
30 4
31 2
31 5
32 2
32 5
33 3
33 4
30 2
30 5
33 2
33 5
29 3
29 4
31 1
31 6
32 1
32 6
29 2
29 5
30 1
30 6
33 1
33 6
29 1
31 0
32 0
30 0
33 0
29 0
0
Yes
16 44
16 45
17 44
17 45
15 44
15 45
16 43
16 46
17 43
17 46
18 44
18 45
15 43
15 46
18 43
18 46
14 44
14 45
16 42
16 47
17 42
17 47
19 44
19 45
14 43
14 46
15 42
15 47
18 42
18 47
19 43
19 46
13 44
13 45
14 42
14 47
16 41
16 48
17 41
17 48
19 42
19 47
13 43
13 46
15 41
15 48
18 41
18 48
13 42
13 47
14 41
14 48
19 41
19 48
16 40
16 49
17 40
17 49
15 40
15 49
18 40
18 49
13 41
13 48
14 40
14 49
19 40
19 49
16 39
17 39
13 40
13 49
15 39
0
Yes
12 13
12 14
12 15
13 13
13 14
0
Yes
39 6
39 7
39 8
39 9
39 10
39 11
39 12
39 13
39 14
39 15
39 16
39 17
40 6
40 7
40 8
40 9
40 10
40 11
40 12
40 13
40 14
40 15
40 16
40 17
41 6
41 7
41 8
41 9
41 10
41 11
41 12
41 13
41 14
41 15
41 16
41 17
42 6
42 7
42 8
42 9
42 10
42 11
42 12
42 13
42 14
42 15
42 16
42 17
43 6
43 7
43 8
43 9
43 10
43 11
43 12
43 13
43 14
43 15
43 16
43 17
44 6
44 7
44 8
44 9
44 10
44 11
44 12
44 13
44 14
44 15
44 16
44 17
45 6
45 7
45 8
45 9
45 10
45 11
45 12
45 13
45 14
45 15
45 16
45 17
46 6
46 7
46 8
46 9
46 10
46 11
46 12
46 13
46 14
46 15
46 16
46 17
47 6
47 7
47 8
47 9
47 10
47 11
47 12
47 13
47 14
47 15
47 16
47 17
48 6
48 7
48 8
48 9
48 10
48 11
48 12
48 13
48 14
48 15
48 16
48 17
49 6
49 7
49 8
49 9
49 10
49 11
49 12
49 13
0
Yes
48 47
48 48
49 47
49 48
47 47
47 48
48 46
48 49
49 46
49 49
47 46
47 49
47 45
0
Yes
33 46
32 46
33 45
33 47
34 46
32 45
32 47
34 45
34 47
31 46
33 44
33 48
35 46
31 45
31 47
32 44
32 48
34 44
34 48
35 45
35 47
31 44
31 48
35 44
35 48
30 46
33 43
33 49
36 46
30 45
30 47
32 43
32 49
34 43
34 49
36 45
36 47
30 44
30 48
31 43
31 49
35 43
35 49
36 44
36 48
29 46
33 42
37 46
29 45
29 47
32 42
34 42
37 45
37 47
30 43
30 49
36 43
36 49
29 44
29 48
31 42
35 42
37 44
37 48
28 46
29 43
29 49
30 42
36 42
37 43
37 49
28 45
28 47
28 44
28 48
29 42
28 43
28 49
28 42
0
Yes
25 2
26 2
25 1
25 3
26 1
26 3
24 2
27 2
24 1
24 3
27 1
27 3
25 0
26 0
23 2
24 0
27 0
28 2
23 1
23 3
28 1
28 3
23 0
28 0
22 2
22 1
22 3
22 0
0
Yes
25 47
25 48
24 47
24 48
26 47
26 48
25 46
25 49
24 46
24 49
26 46
26 49
23 47
23 48
27 47
27 48
23 46
23 49
25 45
27 46
27 49
24 45
26 45
22 47
22 48
23 45
27 45
22 46
22 49
22 45
1
6
13 0
13 1
13 2
13 3
13 4
13 5
13 6
13 7
13 8
14 0
14 1
14 2
14 3
14 4
14 5
14 6
14 7
14 8
15 0
15 1
15 2
15 3
15 4
15 5
15 6
15 7
15 8
16 0
16 1
16 2
16 3
16 4
16 5
16 6
16 7
16 8
17 0
17 1
17 2
17 3
17 4
17 5
17 6
17 7
17 8
18 0
18 1
18 2
18 3
18 4
18 5
18 6
18 7
18 8
19 0
19 1
19 2
19 3
19 4
19 5
19 6
19 7
19 8
20 0
20 1
20 2
20 3
20 4
20 5
20 6
20 7
20 8
21 0
Yes
13 38
13 39
13 40
13 41
13 42
13 43
13 44
14 38
14 39
14 40
14 41
14 42
14 43
14 44
15 38
15 39
15 40
15 41
15 42
15 43
15 44
16 38
16 39
16 40
16 41
16 42
16 43
16 44
17 38
17 39
17 40
17 41
17 42
17 43
17 44
18 38
18 39
18 40
18 41
18 42
18 43
18 44
19 38
19 39
0
Yes
38 16
38 15
37 15
37 14
38 14
37 13
38 13
36 13
36 14
36 15
0
Yes
31 38
31 39
32 38
32 39
30 38
30 39
31 37
31 40
32 37
32 40
33 38
33 39
30 37
30 40
33 37
33 40
29 38
29 39
31 36
31 41
32 36
32 41
34 38
34 39
29 37
29 40
30 36
30 41
33 36
33 41
34 37
34 40
28 38
28 39
29 36
29 41
31 35
32 35
34 36
34 41
35 38
35 39
28 37
28 40
30 35
33 35
35 37
35 40
28 36
28 41
29 35
34 35
35 36
35 41
27 38
27 39
36 38
36 39
27 37
27 40
36 37
36 40
28 35
35 35
27 36
27 41
36 36
36 41
26 38
26 39
26 37
26 40
27 35
36 35
26 36
26 41
26 35
0
Yes
30 24
30 25
30 26
30 27
30 28
30 29
30 30
30 31
30 32
30 33
30 34
31 24
31 25
31 26
31 27
31 28
31 29
31 30
31 31
31 32
31 33
31 34
32 24
32 25
32 26
32 27
32 28
32 29
32 30
32 31
32 32
32 33
32 34
33 24
33 25
33 26
33 27
33 28
33 29
33 30
33 31
33 32
33 33
33 34
34 24
34 25
34 26
34 27
34 28
34 29
34 30
34 31
34 32
34 33
34 34
35 24
35 25
35 26
35 27
35 28
35 29
35 30
35 31
35 32
35 33
35 34
36 24
36 25
36 26
36 27
36 28
36 29
36 30
36 31
36 32
36 33
36 34
37 24
37 25
37 26
37 27
37 28
37 29
37 30
37 31
37 32
37 33
37 34
38 24
38 25
38 26
38 27
38 28
38 29
38 30
38 31
38 32
38 33
38 34
39 24
39 25
39 26
39 27
39 28
39 29
39 30
39 31
39 32
39 33
39 34
40 24
40 25
40 26
40 27
40 28
40 29
40 30
40 31
40 32
0
Yes
42 28
42 29
43 28
43 29
41 28
41 29
42 27
43 27
41 27
0
Yes
34 0
34 1
35 1
35 0
36 1
36 0
36 2
35 2
34 2
34 3
35 3
36 3
37 2
37 1
37 0
37 3
35 4
36 4
37 4
34 4
38 0
38 1
38 2
38 3
38 4
36 5
37 5
38 5
2
13
15 10
15 11
15 12
15 13
15 14
15 15
15 16
15 17
16 10
16 11
16 12
16 13
16 14
16 15
16 16
16 17
17 10
17 11
17 12
17 13
17 14
17 15
17 16
17 17
18 10
18 11
18 12
18 13
18 14
18 15
18 16
18 17
19 10
19 11
19 12
19 13
19 14
19 15
19 16
19 17
20 10
20 11
20 12
20 13
12
23 44
23 45
23 46
23 47
23 48
23 49
24 44
24 45
24 46
24 47
24 48
24 49
25 44
25 45
25 46
25 47
25 48
25 49
26 44
26 45
26 46
26 47
26 48
26 49
27 44
27 45
27 46
27 47
27 48
27 49
Yes
13 40
13 41
13 42
13 43
13 44
13 45
13 46
13 47
13 48
13 49
14 40
14 41
14 42
14 43
14 44
14 45
14 46
14 47
14 48
14 49
15 40
15 41
15 42
15 43
15 44
15 45
15 46
15 47
15 48
15 49
16 40
16 41
16 42
16 43
16 44
16 45
16 46
16 47
16 48
16 49
17 40
17 41
17 42
17 43
17 44
17 45
17 46
17 47
17 48
17 49
18 40
18 41
18 42
18 43
18 44
18 45
18 46
18 47
18 48
18 49
19 40
19 41
19 42
19 43
19 44
19 45
19 46
19 47
19 48
19 49
20 40
20 41
20 42
20 43
20 44
20 45
20 46
20 47
20 48
20 49
21 40
21 41
21 42
21 43
21 44
21 45
21 46
21 47
21 48
21 49
22 40
22 41
22 42
22 43
22 44
22 45
22 46
22 47
22 48
22 49
23 40
23 41
23 42
23 43
0
Yes
23 4
22 4
22 5
23 5
22 6
23 6
24 6
24 5
24 4
21 6
21 5
21 4
25 4
25 5
25 6
24 7
23 7
22 7
21 7
25 7
26 5
26 6
26 7
26 4
23 8
24 8
22 8
25 8
21 8
26 8
27 6
27 7
27 8
22 9
23 9
24 9
25 9
26 9
21 9
27 9
23 10
24 10
25 10
22 10
26 10
21 10
27 10
22 11
23 11
24 11
0
Yes
6 5
7 5
6 4
6 6
7 4
7 6
5 5
8 5
5 4
5 6
8 4
8 6
6 3
6 7
7 3
7 7
4 5
5 3
5 7
8 3
8 7
9 5
4 4
4 6
9 4
9 6
6 2
6 8
7 2
7 8
4 3
4 7
9 3
9 7
5 2
5 8
8 2
8 8
3 5
10 5
3 4
3 6
10 4
10 6
4 2
4 8
9 2
9 8
3 3
3 7
6 1
6 9
7 1
7 9
10 3
10 7
5 1
5 9
8 1
8 9
2 5
11 5
2 4
2 6
3 2
3 8
10 2
10 8
11 4
11 6
4 1
4 9
9 1
9 9
2 3
2 7
11 3
11 7
6 0
7 0
5 0
8 0
3 1
3 9
10 1
10 9
2 2
2 8
11 2
11 8
1 5
12 5
1 4
1 6
4 0
9 0
12 4
12 6
1 3
1 7
12 3
12 7
2 1
2 9
11 1
11 9
3 0
10 0
1 2
1 8
12 2
12 8
0 5
0 4
0 6
2 0
11 0
0 3
0 7
1 1
1 9
12 1
12 9
0 2
0 8
1 0
12 0
0 1
0 9
0
Yes
19 38
18 38
18 39
19 39
17 39
17 38
16 39
16 38
15 39
15 38
15 37
16 37
17 37
0
Yes
8 35
7 35
7 36
8 36
7 37
8 37
7 38
8 38
9 38
9 37
9 36
9 39
8 39
7 39
10 36
10 37
10 38
10 39
0
Yes
40 49
39 49
40 48
41 49
39 48
38 49
38 48
0
Yes
30 15
29 15
29 14
29 16
30 16
28 16
28 15
28 14
28 17
29 17
30 17
27 15
27 16
27 14
27 17
30 18
29 18
28 18
27 18
27 13
28 13
29 13
26 14
26 15
26 16
26 17
26 13
26 18
29 19
28 19
27 19
30 19
26 19
29 12
28 12
27 12
26 12
25 15
25 14
25 16
25 17
25 13
25 18
25 12
25 19
30 20
29 20
28 20
27 20
26 20
25 20
31 19
31 18
31 17
31 20
28 11
27 11
26 11
29 11
25 11
24 14
24 15
24 16
24 17
24 18
24 13
24 12
24 19
24 20
29 21
28 21
30 21
27 21
26 21
31 21
32 17
32 18
32 19
32 20
32 21
23 15
23 14
23 16
23 13
23 17
23 12
23 18
30 22
29 22
28 22
31 22
27 22
32 22
26 22
22 14
22 15
22 16
22 13
22 12
22 17
29 23
30 23
28 23
31 23
27 23
32 23
26 23
21 15
21 14
21 13
21 16
21 12
28 24
29 24
27 24
26 24
0
Yes
18 2
17 2
17 1
18 1
17 0
18 0
19 0
19 1
19 2
16 0
16 1
16 2
19 3
18 3
17 3
16 3
20 2
20 1
20 3
20 0
15 2
15 1
15 3
15 0
18 4
17 4
19 4
16 4
20 4
15 4
21 1
21 2
21 3
21 0
14 1
14 2
14 3
14 0
14 4
17 5
18 5
16 5
19 5
15 5
20 5
14 5
13 5
13 4
13 3
13 2
13 1
0
No
0
No
0
No
0
No
0
No
0
No
0
Yes
15 9
14 9
14 8
15 8
14 10
16 8
16 9
15 7
14 7
16 7
17 9
17 8
17 7
13 8
13 9
13 10
13 7
13 11
14 11
12 10
12 11
14 6
15 6
16 6
13 6
17 6
14 12
13 12
12 12
18 8
18 7
18 9
18 6
19 9
19 8
19 7
19 6
11 11
11 10
11 12
10 10
10 11
10 12
20 8
20 7
20 9
20 6
9 11
9 10
9 12
0
Yes
1 28
2 28
1 27
1 29
2 27
2 29
0 28
0 27
0 29
1 26
1 30
2 26
0 26
0 30
1 25
2 25
0 25
0
No
0
No
0
No
0
Yes
34 31
34 32
33 31
33 32
35 31
35 32
34 30
34 33
33 30
33 33
35 30
35 33
32 31
32 32
36 31
36 32
32 30
32 33
34 29
34 34
36 30
36 33
33 29
33 34
35 29
35 34
31 31
31 32
37 31
37 32
32 29
32 34
36 29
36 34
31 30
31 33
37 30
37 33
34 28
33 28
35 28
31 29
31 34
37 29
37 34
30 31
30 32
32 28
36 28
30 30
30 33
31 28
37 28
30 29
30 34
30 28
0
No
0
No
0
Yes
45 11
45 12
46 11
46 12
44 11
44 12
45 10
45 13
46 10
46 13
47 11
47 12
44 10
44 13
47 10
47 13
43 11
43 12
45 9
45 14
46 9
46 14
48 11
48 12
43 10
43 13
44 9
44 14
47 9
47 14
48 10
48 13
42 11
42 12
43 9
43 14
45 8
45 15
46 8
46 15
48 9
48 14
49 11
49 12
42 10
42 13
44 8
44 15
47 8
47 15
49 10
49 13
42 9
42 14
43 8
43 15
48 8
48 15
49 9
49 14
41 11
41 12
45 7
45 16
46 7
46 16
41 10
41 13
44 7
44 16
47 7
47 16
42 8
42 15
49 8
49 15
41 9
41 14
43 7
43 16
48 7
48 16
45 6
46 6
41 8
41 15
42 7
42 16
44 6
47 6
49 7
49 16
43 6
48 6
41 7
41 16
42 6
49 6
41 6
0
No
0
Yes
38 24
37 24
37 23
38 23
37 25
38 25
39 23
39 24
39 25
38 22
37 22
39 22
38 26
37 26
39 26
40 24
40 23
40 25
40 22
40 26
36 23
36 24
36 25
36 22
36 26
35 24
35 23
35 25
35 22
35 26
37 21
38 21
39 21
36 21
40 21
35 21
37 27
38 27
39 27
36 27
40 27
35 27
41 23
41 22
41 21
41 25
41 26
38 20
39 20
40 20
41 20
38 28
39 28
40 28
34 23
34 24
34 25
34 22
34 26
34 21
34 27
36 20
35 20
34 20
42 22
42 21
42 20
33 24
33 23
33 25
33 22
33 26
33 21
33 27
39 19
40 19
41 19
38 19
42 19
39 29
38 29
40 29
35 19
43 21
43 20
43 19
38 18
39 18
40 18
41 18
42 18
43 18
38 30
39 30
40 30
32 25
32 24
32 26
32 27
31 24
31 25
31 26
31 27
39 17
40 17
41 17
42 17
43 17
39 31
38 31
40 31
44 20
44 19
44 18
44 21
44 17
41 31
45 21
45 20
45 19
45 18
45 17
38 32
39 32
40 32
41 32
30 25
30 26
30 24
30 27
40 16
39 16
39 15
40 15
39 33
40 33
38 33
29 26
29 25
29 27
29 28
0
No
0
No
0
No
0
No
0
Yes
5 28
4 28
4 27
5 27
4 26
5 26
6 26
6 27
6 28
3 26
3 27
3 28
6 29
5 29
4 29
3 29
7 28
7 27
7 29
7 26
8 27
8 28
8 26
9 26
9 27
9 28
5 25
6 25
8 25
9 25
8 24
9 24
10 24
10 25
10 26
11 26
11 25
11 24
10 23
9 23
8 23
11 23
8 22
9 22
10 22
11 22
9 21
10 21
8 21
6 30
7 30
0
No
0
No
0
Yes
0 3
0 4
0 5
0 6
0 7
0 8
0 9
1 3
1 4
1 5
1 6
1 7
1 8
1 9
2 3
2 4
2 5
2 6
2 7
2 8
2 9
3 3
3 4
3 5
3 6
3 7
3 8
3 9
4 3
4 4
4 5
4 6
4 7
4 8
4 9
5 3
5 4
5 5
5 6
5 7
5 8
5 9
0
No
0
No
0
Yes
24 37
23 37
24 36
24 38
25 37
23 36
23 38
25 36
25 38
22 37
24 35
24 39
22 36
22 38
23 35
23 39
25 35
25 39
22 35
22 39
24 34
23 34
25 34
0
Yes
9 2
8 2
8 1
9 1
8 0
9 0
10 0
10 1
10 2
7 0
7 1
7 2
10 3
9 3
8 3
7 3
11 2
11 1
11 3
11 0
6 2
6 1
6 3
6 0
9 4
8 4
10 4
7 4
11 4
6 4
12 1
12 2
12 3
12 4
12 0
5 1
5 2
5 0
8 5
9 5
10 5
7 5
11 5
6 5
12 5
9 6
8 6
10 6
7 6
11 6
6 6
12 6
0
No
0
No
0
No
0
No
0
Yes
49 5
48 5
48 4
49 4
49 3
48 3
47 4
47 5
47 3
46 5
46 4
46 3
48 2
47 2
49 2
46 2
49 1
48 1
47 1
46 1
45 4
45 3
45 2
45 5
45 1
44 5
44 4
44 3
44 2
44 1
48 0
47 0
46 0
45 0
49 0
44 0
43 4
43 3
43 2
43 1
43 5
43 0
42 5
42 4
42 3
42 2
42 1
42 0
41 4
41 3
41 2
41 1
41 5
41 0
40 5
40 4
40 3
40 2
40 1
40 0
40 6
39 4
39 5
39 3
39 2
39 1
39 6
39 0
39 7
40 7
40 8
39 8
39 9
40 9
40 10
39 10
38 6
38 7
38 8
39 11
40 11
40 12
39 12
38 10
38 11
38 12
37 7
37 8
39 13
40 13
0
Yes
18 2
18 3
19 2
19 3
17 2
17 3
18 1
18 4
19 1
19 4
20 2
20 3
17 1
17 4
20 1
20 4
16 2
16 3
18 0
19 0
21 2
21 3
16 1
16 4
17 0
20 0
21 1
15 2
15 3
16 0
21 0
15 1
15 4
15 0
0
No
0
No
0
Yes
13 10
12 10
12 9
13 9
12 11
13 11
14 9
14 10
14 11
13 8
12 8
14 8
13 12
12 12
14 12
11 9
11 10
11 11
11 8
11 12
15 8
15 9
10 10
10 9
10 11
10 8
10 12
12 7
13 7
14 7
11 7
15 7
10 7
16 9
16 8
16 7
13 6
14 6
15 6
16 6
9 9
9 10
9 11
9 8
9 12
9 7
10 13
9 13
17 8
17 7
17 9
17 6
8 10
8 9
8 11
8 8
8 12
8 7
8 13
14 5
15 5
16 5
13 5
17 5
18 9
18 8
18 7
18 6
18 5
9 14
10 14
8 14
10 15
9 15
8 15
13 4
14 4
7 9
7 10
7 11
7 8
7 12
7 13
7 14
7 7
7 15
19 8
19 7
19 6
19 9
19 5
6 10
6 9
6 11
6 8
6 12
6 7
14 3
13 3
20 9
20 8
20 7
20 6
20 5
9 16
10 16
0
No
0
No
0
No
0
No
0
Yes
48 18
47 18
48 17
49 18
47 17
49 17
46 17
0
Yes
0 41
0 42
0 43
0 44
0 45
0 46
0 47
0 48
0 49
1 41
1 42
1 43
1 44
1 45
1 46
1 47
1 48
1 49
2 41
2 42
2 43
2 44
2 45
2 46
2 47
2 48
2 49
3 41
3 42
3 43
3 44
3 45
3 46
3 47
3 48
3 49
4 41
4 42
4 43
4 44
4 45
4 46
4 47
4 48
4 49
5 41
5 42
5 43
5 44
5 45
5 46
5 47
5 48
5 49
6 41
6 42
6 43
6 44
6 45
6 46
6 47
6 48
6 49
0
No
0
No
0
No
0
No
0
No
0
No
0
No
0
No
0
No
0
Yes
8 35
7 35
7 36
8 36
7 37
8 37
7 38
8 38
9 38
9 37
9 36
9 39
8 39
7 39
10 36
10 37
10 38
0
No
0
No
0
No
3
55
30 28
30 29
30 30
30 31
30 32
30 33
30 34
31 28
31 29
31 30
31 31
31 32
31 33
31 34
32 28
32 29
32 30
32 31
32 32
32 33
32 34
33 28
33 29
33 30
33 31
33 32
33 33
33 34
34 28
34 29
34 30
34 31
34 32
34 33
34 34
35 28
35 29
35 30
35 31
35 32
35 33
35 34
36 28
36 29
36 30
36 31
36 32
36 33
36 34
37 28
37 29
37 30
13
7 42
7 43
7 44
7 45
7 46
7 47
7 48
7 49
8 42
8 43
8 44
8 45
8 46
8 47
8 48
8 49
9 42
9 43
9 44
9 45
9 46
9 47
9 48
9 49
10 42
10 43
10 44
10 45
10 46
10 47
10 48
10 49
11 42
11 43
11 44
11 45
11 46
11 47
11 48
11 49
12 42
12 43
12 44
12 45
61
15 12
15 13
15 14
15 15
15 16
15 17
16 12
16 13
16 14
16 15
16 16
16 17
17 12
17 13
17 14
17 15
17 16
17 17
18 12
18 13
18 14
18 15
18 16
18 17
19 12
19 13
19 14
19 15
19 16
19 17
20 12
20 13
20 14
20 15
Yes
7 0
7 1
7 2
7 3
7 4
7 5
7 6
7 7
7 8
7 9
7 10
8 0
8 1
8 2
8 3
8 4
8 5
8 6
8 7
8 8
8 9
8 10
9 0
9 1
9 2
9 3
9 4
9 5
9 6
9 7
9 8
9 9
9 10
10 0
10 1
10 2
10 3
10 4
10 5
10 6
10 7
10 8
10 9
10 10
11 0
11 1
11 2
11 3
11 4
11 5
11 6
11 7
11 8
11 9
11 10
12 0
12 1
12 2
12 3
12 4
12 5
12 6
12 7
12 8
12 9
12 10
13 0
13 1
13 2
13 3
13 4
13 5
13 6
13 7
13 8
13 9
13 10
14 0
14 1
14 2
14 3
14 4
14 5
14 6
14 7
14 8
14 9
14 10
15 0
15 1
15 2
15 3
15 4
15 5
15 6
15 7
15 8
15 9
15 10
16 0
16 1
16 2
16 3
16 4
16 5
16 6
16 7
16 8
16 9
16 10
17 0
17 1
17 2
17 3
17 4
17 5
17 6
17 7
17 8
17 9
17 10
0
Yes
2 1
2 2
3 1
3 2
1 1
1 2
2 0
3 0
4 1
4 2
1 0
4 0
0 1
0 2
0 0
0
No
0
Yes
30 2
29 2
29 1
30 1
29 0
30 0
31 0
31 1
31 2
31 3
30 3
29 3
32 2
32 1
32 3
32 0
30 4
31 4
29 4
32 4
33 1
33 2
33 3
33 4
33 0
29 5
30 5
31 5
32 5
33 5
30 6
31 6
32 6
33 6
34 5
34 6
0
No
0
No
0
No
0
No
0
No
0
No
0
Yes
31 38
31 39
30 38
30 39
32 38
32 39
31 37
31 40
30 37
30 40
32 37
32 40
29 38
29 39
33 38
33 39
29 37
29 40
31 36
31 41
33 37
33 40
30 36
30 41
32 36
32 41
28 38
28 39
34 38
34 39
29 36
29 41
33 36
33 41
28 37
28 40
34 37
34 40
31 35
30 35
32 35
28 36
28 41
34 36
34 41
27 38
27 39
29 35
33 35
35 38
35 39
27 37
27 40
35 37
35 40
28 35
34 35
27 36
27 41
35 36
35 41
26 38
26 39
36 38
36 39
26 37
26 40
36 37
36 40
27 35
35 35
26 36
26 41
36 36
36 41
25 38
25 39
26 35
36 35
25 37
25 40
25 36
25 41
0
Yes
35 22
34 22
34 21
35 21
34 20
35 20
36 20
36 21
36 22
36 23
35 23
34 23
37 21
37 22
37 23
35 24
36 24
34 24
37 24
33 23
33 24
33 22
33 21
38 22
38 23
38 21
38 24
34 25
35 25
36 25
37 25
33 25
38 25
39 21
39 22
39 23
39 24
39 25
35 26
36 26
37 26
34 26
38 26
33 26
39 26
40 22
40 23
40 24
40 25
40 21
40 26
32 26
32 25
32 24
34 27
35 27
36 27
37 27
38 27
33 27
39 27
32 27
40 27
40 20
39 20
38 20
41 21
41 22
41 20
41 23
41 25
41 26
31 24
31 25
31 26
31 27
38 19
39 19
40 19
41 19
38 28
39 28
40 28
42 20
42 21
42 19
42 22
30 25
30 26
30 27
30 24
0
Yes
26 43
25 43
26 42
27 43
25 42
27 42
24 43
24 42
0
Yes
3 46
4 46
3 45
3 47
4 45
4 47
2 46
5 46
2 45
2 47
5 45
5 47
3 44
3 48
4 44
4 48
1 46
2 44
2 48
5 44
5 48
6 46
1 45
1 47
6 45
6 47
3 43
3 49
4 43
4 49
1 44
1 48
6 44
6 48
2 43
2 49
5 43
5 49
0 46
0 45
0 47
1 43
1 49
6 43
6 49
0 44
0 48
3 42
4 42
2 42
5 42
0 43
0 49
1 42
6 42
0 42
0
No
0
Yes
3 34
2 34
3 33
3 35
4 34
2 33
2 35
4 33
4 35
1 34
3 32
3 36
5 34
1 33
1 35
2 32
2 36
4 32
4 36
5 33
5 35
1 32
1 36
5 32
5 36
0 34
3 31
3 37
0 33
0 35
2 31
2 37
4 31
4 37
0 32
0 36
1 31
1 37
5 31
5 37
3 30
2 30
4 30
0 31
0 37
5 30
0
Yes
10 20
9 20
10 19
9 19
0
Yes
22 17
22 16
21 16
23 16
23 17
23 15
22 15
21 15
24 15
24 16
24 17
22 14
23 14
21 14
24 14
25 17
25 16
25 15
25 14
21 13
22 13
23 13
24 13
25 13
26 16
26 15
26 14
26 17
26 13
25 18
24 18
26 18
23 18
22 12
23 12
24 12
25 12
26 12
21 12
27 17
27 16
27 15
27 14
27 13
27 18
27 12
0
No
0
Yes
29 21
29 22
29 23
29 24
29 25
29 26
29 27
30 21
30 22
30 23
30 24
30 25
30 26
30 27
31 21
31 22
31 23
31 24
31 25
31 26
31 27
32 21
32 22
32 23
32 24
32 25
32 26
32 27
33 21
33 22
33 23
33 24
33 25
33 26
33 27
34 21
34 22
34 23
34 24
34 25
34 26
34 27
35 21
35 22
35 23
35 24
35 25
35 26
35 27
36 21
36 22
36 23
36 24
36 25
36 26
36 27
37 21
37 22
37 23
37 24
37 25
37 26
0
Yes
19 7
19 8
20 7
20 8
18 7
18 8
19 6
19 9
20 6
20 9
18 6
18 9
19 5
19 10
20 5
20 10
18 5
18 10
19 4
20 4
18 4
0
Yes
27 38
26 38
26 37
27 37
26 36
27 36
28 36
28 37
28 38
25 36
25 37
25 38
28 39
27 39
26 39
25 39
29 38
29 37
29 39
29 36
28 35
27 35
26 35
25 35
29 35
24 38
24 37
24 36
24 39
24 35
27 40
26 40
28 40
25 40
29 40
24 40
30 37
30 38
30 39
30 36
30 40
30 35
27 34
26 34
28 34
25 34
29 34
24 34
30 34
23 37
23 36
23 38
23 39
23 35
23 34
26 41
27 41
28 41
29 41
30 41
25 41
24 41
31 38
31 37
31 39
31 36
31 40
31 35
31 41
31 34
26 33
27 33
28 33
29 33
30 33
31 33
25 33
22 38
22 37
22 36
22 35
22 34
22 39
32 37
32 38
32 39
32 36
32 35
32 40
32 34
32 41
0
Yes
43 19
43 20
42 19
42 20
44 19
44 20
43 18
43 21
42 18
42 21
44 18
44 21
41 19
41 20
45 19
45 20
41 18
41 21
43 17
45 18
45 21
42 17
44 17
40 19
40 20
41 17
45 17
40 18
40 21
40 17
0
Yes
41 34
40 34
40 33
40 35
39 35
39 34
39 33
38 34
38 33
38 35
37 35
37 34
37 33
38 32
39 32
40 32
37 32
38 36
39 36
40 36
37 36
36 34
36 33
36 35
36 32
36 36
40 31
39 31
38 31
37 31
36 31
40 37
39 37
38 37
37 37
36 37
35 33
35 34
35 35
35 32
35 36
35 31
35 37
39 30
38 30
37 30
36 30
40 30
35 30
39 38
38 38
37 38
36 38
35 38
34 34
34 33
34 35
34 32
34 36
34 31
34 37
34 30
34 38
40 29
39 29
38 29
37 29
36 29
35 29
34 29
38 39
37 39
36 39
35 39
39 39
34 39
33 33
33 34
33 35
33 32
33 36
33 31
33 37
33 30
33 38
33 29
33 39
39 28
38 28
37 28
36 28
35 28
34 28
40 28
33 28
36 40
35 40
34 40
33 40
32 32
32 31
32 30
32 29
32 28
32 33
40 27
39 27
38 27
37 27
35 41
34 41
36 41
33 41
31 31
31 30
31 32
31 29
31 28
39 26
38 26
40 26
38 40
39 40
30 32
30 31
30 30
30 29
30 28
41 32
41 31
41 36
41 37
40 39
40 40
29 32
29 31
41 26
41 25
40 25
39 25
38 25
40 24
39 24
38 24
41 40
40 41
0
No
0
No
0
No
0
No
0
No
0
No
0
No
0
Yes
10 16
9 16
9 15
10 15
9 14
10 14
9 13
10 13
8 13
8 14
8 15
8 12
9 12
10 12
7 15
7 14
7 13
0
No
0
No
0
No
0
Yes
31 3
31 4
32 3
32 4
30 3
30 4
31 2
31 5
32 2
32 5
33 3
33 4
30 2
30 5
33 2
33 5
29 3
29 4
31 1
31 6
32 1
32 6
29 2
29 5
30 1
30 6
33 1
33 6
29 1
31 0
32 0
30 0
33 0
29 0
0
No
0
No
0
Yes
37 14
38 14
37 13
37 15
38 13
38 15
36 14
36 13
36 15
37 12
36 12
0
No
0
No
0
Yes
49 19
48 19
49 20
48 20
47 19
0
Yes
40 21
39 21
39 20
40 20
39 19
40 19
41 19
41 20
41 21
38 19
38 20
38 21
41 22
40 22
39 22
38 22
42 21
42 20
42 19
42 22
41 18
40 18
39 18
42 18
38 18
40 23
39 23
41 23
38 23
43 20
43 21
43 19
43 18
40 17
41 17
39 17
42 17
0
No
0
No
0
Yes
5 40
4 40
5 39
5 41
6 40
4 39
4 41
6 39
6 41
3 40
5 38
7 40
3 39
3 41
4 38
6 38
7 39
7 41
3 38
7 38
2 40
8 40
2 39
2 41
8 39
8 41
2 38
8 38
1 40
9 40
1 39
1 41
9 39
9 41
1 38
9 38
0 40
0 39
0 41
0
Yes
30 15
29 15
29 14
29 16
30 16
28 16
28 15
28 14
28 17
29 17
30 17
30 18
29 18
28 18
29 19
30 19
28 19
31 19
31 18
31 17
31 20
30 20
29 20
28 20
32 17
32 18
32 19
32 20
28 13
29 13
27 19
27 20
0
Yes
42 28
42 29
43 28
43 29
41 28
41 29
42 27
43 27
0
No
0
No
0
No
0
No
0
No
0
No
0
No
0
No
3
20
18 7
18 8
18 9
18 10
18 11
19 7
19 8
19 9
19 10
19 11
20 7
20 8
20 9
20 10
20 11
21 7
21 8
21 9
21 10
21 11
22 7
22 8
22 9
22 10
22 11
23 7
23 8
23 9
23 10
23 11
24 7
24 8
24 9
24 10
24 11
25 7
25 8
25 9
25 10
25 11
26 7
26 8
26 9
26 10
26 11
27 7
27 8
27 9
27 10
27 11
11
23 0
23 1
23 2
23 3
23 4
23 5
23 6
24 0
24 1
24 2
24 3
24 4
24 5
24 6
25 0
25 1
25 2
25 3
25 4
25 5
25 6
26 0
26 1
26 2
26 3
26 4
26 5
26 6
104
34 0
34 1
34 2
34 3
34 4
35 0
35 1
35 2
35 3
35 4
36 0
36 1
36 2
36 3
36 4
37 0
37 1
37 2
37 3
37 4
38 0
Yes
18 0
18 1
18 2
18 3
18 4
18 5
18 6
19 0
19 1
19 2
19 3
19 4
19 5
19 6
20 0
20 1
20 2
20 3
20 4
20 5
20 6
21 0
21 1
21 2
21 3
21 4
21 5
21 6
22 0
22 1
22 2
22 3
22 4
0
No
0
No
0
No
0
No
0
Yes
6 1
6 2
5 1
5 2
6 0
5 0
0
No
0
Yes
27 23
26 23
27 22
27 24
28 23
26 22
26 24
28 22
28 24
25 23
27 21
25 22
25 24
26 21
28 21
0
No
0
No
0
Yes
8 39
8 40
9 39
9 40
7 39
7 40
8 38
8 41
9 38
9 41
10 39
10 40
7 38
7 41
10 38
10 41
6 39
6 40
8 37
9 37
6 38
6 41
7 37
10 37
6 37
0
Yes
10 20
10 19
9 20
9 19
0
No
0
Yes
4 40
3 40
4 39
4 41
5 40
3 39
3 41
5 39
5 41
2 40
4 38
2 39
2 41
3 38
5 38
0
No
0
No
0
No
0
No
0
Yes
24 15
23 15
23 14
24 14
23 13
24 13
25 13
25 14
25 15
22 13
22 14
22 15
25 16
24 16
23 16
22 16
26 15
26 14
26 16
26 13
25 12
24 12
23 12
22 12
26 12
21 15
21 14
21 13
21 12
21 16
24 17
23 17
25 17
26 17
22 17
27 14
27 15
27 16
27 13
27 17
27 12
20 14
20 15
20 13
20 12
25 18
24 18
26 18
23 18
27 18
19 13
19 14
19 15
19 12
0
No
0
Yes
48 49
47 49
47 48
48 48
47 47
48 47
49 47
49 48
49 49
49 46
48 46
47 46
46 48
46 49
0
Yes
30 2
31 2
30 1
30 3
31 1
31 3
29 2
32 2
29 1
29 3
32 1
32 3
30 0
31 0
28 2
29 0
32 0
33 2
28 1
28 3
33 1
33 3
28 0
33 0
27 2
27 1
27 3
27 0
0
No
0
Yes
40 49
39 49
40 48
41 49
39 48
38 49
38 48
0
Yes
32 5
32 6
31 5
31 6
33 5
33 6
32 4
31 4
33 4
30 5
30 6
30 4
0
No
0
Yes
16 13
15 13
15 12
16 12
15 14
16 14
17 12
17 13
17 14
16 11
15 11
17 11
16 15
15 15
17 15
18 13
18 12
18 14
18 15
14 12
14 11
15 16
16 16
17 16
18 16
19 12
19 13
19 14
19 15
19 16
13 11
13 12
13 13
12 13
12 12
12 11
16 17
17 17
18 17
15 17
19 17
20 13
20 14
20 15
20 12
12 14
13 14
11 12
11 11
15 18
17 18
18 18
21 12
21 13
21 14
21 15
21 16
22 13
22 14
22 15
22 12
22 16
10 11
23 12
23 13
23 14
23 15
23 16
22 17
23 17
24 13
24 14
24 15
24 16
24 12
24 17
23 18
24 18
25 12
25 13
25 14
25 15
25 16
25 17
25 18
24 19
25 19
26 13
26 14
26 15
26 16
26 17
26 18
26 12
26 19
27 12
27 13
27 14
27 15
27 16
27 17
27 18
0
No
0
No
0
Yes
2 34
1 34
2 33
2 35
3 34
1 33
1 35
3 33
3 35
0 34
2 32
2 36
0 33
0 35
1 32
1 36
3 32
3 36
0 32
0 36
2 31
1 31
3 31
0 31
0
Yes
6 34
5 34
6 33
6 35
7 34
5 33
5 35
7 33
7 35
4 34
6 32
6 36
4 33
4 35
5 32
5 36
7 32
7 36
4 32
4 36
6 31
5 31
7 31
4 31
0
Yes
43 28
43 29
42 28
42 29
43 27
42 27
0
No
0
No
0
No
0
No
0
No
0
No
0
No
0
No
0
No
0
Yes
1 28
1 29
2 28
2 29
0 28
0 29
1 27
1 30
2 27
2 30
0 27
0 30
1 26
2 26
0
No
0
No
0
No
0
No
2
150
15 13
15 14
15 15
15 16
15 17
16 13
16 14
16 15
16 16
16 17
17 13
17 14
17 15
17 16
17 17
18 13
18 14
18 15
18 16
18 17
19 13
19 14
19 15
19 16
19 17
169
7 38
7 39
7 40
7 41
8 38
8 39
8 40
8 41
9 38
9 39
9 40
9 41
10 38
10 39
10 40
10 41
11 38
11 39
11 40
11 41
12 38
12 39
12 40
12 41
Yes
0 31
0 32
0 33
0 34
0 35
0 36
0 37
0 38
1 31
1 32
1 33
1 34
1 35
1 36
1 37
1 38
2 31
2 32
2 33
2 34
2 35
2 36
2 37
2 38
3 31
3 32
3 33
3 34
3 35
3 36
3 37
3 38
4 31
4 32
4 33
4 34
4 35
4 36
4 37
4 38
5 31
5 32
5 33
5 34
5 35
5 36
5 37
5 38
6 31
6 32
6 33
6 34
6 35
6 36
6 37
6 38
7 31
7 32
7 33
7 34
7 35
7 36
7 37
0
No
0
No
0
No
0
Yes
12 13
12 14
12 15
13 13
13 14
0
Yes
29 11
28 11
28 12
29 12
28 13
29 13
28 14
29 14
27 14
27 13
27 12
27 15
28 15
29 15
26 12
26 13
26 14
26 15
29 16
28 16
27 16
26 16
25 13
25 14
25 15
25 12
25 16
28 17
27 17
26 17
29 17
25 17
24 12
24 13
24 14
24 15
24 16
24 17
29 18
28 18
27 18
26 18
25 18
24 18
30 17
30 18
30 16
30 15
23 13
23 14
23 15
23 16
23 17
23 12
23 18
28 19
27 19
26 19
29 19
25 19
24 19
30 19
22 12
22 13
22 14
22 15
22 16
22 17
29 20
28 20
27 20
26 20
25 20
30 20
24 20
31 19
31 18
31 17
31 20
0
Yes
9 36
9 37
10 36
10 37
8 36
8 37
8 35
0
No
0
Yes
28 23
27 23
27 22
28 22
27 21
28 21
26 21
26 22
26 23
26 24
27 24
28 24
25 22
25 23
25 24
27 25
28 25
0
No
0
Yes
23 36
22 36
22 35
23 35
22 34
23 34
24 34
24 35
24 36
24 37
23 37
22 37
25 36
25 35
25 37
25 34
23 38
24 38
22 38
25 38
26 35
26 36
26 37
26 34
26 38
22 39
23 39
24 39
25 39
26 39
27 36
27 37
27 35
27 38
27 34
27 39
24 40
25 40
26 40
27 40
27 33
26 33
25 33
28 35
28 36
28 37
28 38
28 34
28 39
28 33
28 40
25 41
26 41
27 41
28 41
24 41
28 32
27 32
26 32
29 36
29 35
29 37
29 34
29 38
29 39
29 33
29 40
29 32
29 41
30 35
30 36
30 37
30 34
30 38
30 39
30 33
30 40
30 32
30 41
31 36
31 35
31 37
31 34
31 38
31 39
31 33
31 40
31 32
31 41
32 35
32 36
32 37
32 34
32 38
0
Yes
0 49
0 48
1 48
1 49
2 48
2 49
2 47
1 47
0 47
0 46
1 46
2 46
3 47
3 48
3 49
3 46
1 45
2 45
0 45
3 45
4 49
4 48
4 47
4 46
4 45
0 44
1 44
2 44
3 44
4 44
5 48
5 47
5 46
5 45
5 49
5 44
1 43
2 43
3 43
4 43
0 43
5 43
6 49
6 48
6 47
6 46
6 45
6 44
6 43
0 42
0
Yes
36 33
35 33
35 32
36 32
35 31
36 31
37 31
37 32
37 33
34 31
34 32
34 33
37 34
36 34
35 34
34 34
38 33
38 32
38 34
38 31
37 30
36 30
35 30
34 30
38 30
33 33
33 32
33 31
33 34
33 30
36 35
35 35
37 35
34 35
38 35
33 35
39 32
39 33
39 34
39 31
39 35
39 30
36 29
35 29
37 29
34 29
38 29
33 29
39 29
32 32
32 31
32 30
32 29
32 33
35 36
36 36
37 36
34 36
38 36
33 36
39 36
40 33
40 32
40 34
40 31
40 35
40 30
40 36
40 29
35 28
36 28
37 28
34 28
38 28
33 28
39 28
32 28
40 28
31 31
31 30
31 29
31 28
36 37
35 37
37 37
38 37
34 37
39 37
33 37
40 37
41 32
41 31
37 27
38 27
39 27
40 27
30 30
30 29
30 31
30 28
35 38
36 38
37 38
34 38
38 38
39 38
33 38
0
Yes
21 16
21 15
20 15
20 14
21 14
21 13
20 13
20 12
21 12
19 12
18 12
17 12
17 11
16 11
16 12
15 12
15 11
14 11
14 12
13 12
13 11
12 11
12 12
11 12
11 11
10 11
9 11
8 11
7 11
0
No
0
Yes
45 20
45 21
46 21
44 20
44 21
45 19
44 19
0
Yes
2 1
2 2
3 1
3 2
1 1
1 2
2 0
3 0
4 1
4 2
1 0
4 0
0 1
0 2
0 0
0
No
0
No
0
Yes
3 41
4 41
3 40
3 42
4 40
4 42
2 41
5 41
2 40
2 42
5 40
5 42
3 39
4 39
1 41
2 39
5 39
6 41
1 40
1 42
6 40
6 42
1 39
6 39
0 41
0 40
0 39
0
Yes
38 16
38 15
37 15
39 15
39 16
39 14
38 14
37 14
40 14
40 15
40 16
38 13
39 13
37 13
40 13
36 13
36 14
36 15
37 12
38 12
39 12
40 12
36 12
38 11
39 11
40 11
0
No
0
No
0
No
0
No
0
Yes
45 3
44 3
45 2
45 4
46 3
44 2
44 4
46 2
46 4
43 3
45 1
45 5
47 3
43 2
43 4
44 1
44 5
46 1
46 5
47 2
47 4
43 1
43 5
47 1
47 5
42 3
45 0
48 3
42 2
42 4
44 0
46 0
48 2
48 4
42 1
42 5
43 0
47 0
48 1
48 5
41 3
49 3
41 2
41 4
49 2
49 4
42 0
48 0
41 1
41 5
49 1
49 5
40 3
41 0
49 0
40 2
40 4
40 1
0
No
0
No
0
No
0
No
0
No
0
No
0
Yes
49 49
48 49
48 48
49 48
48 47
49 47
47 47
47 48
47 49
46 48
46 49
47 46
48 46
49 46
0
No
0
Yes
31 4
30 4
30 3
31 3
30 2
31 2
32 2
32 3
32 4
29 2
29 3
29 4
32 5
31 5
30 5
29 5
33 4
33 3
33 5
33 2
32 1
31 1
30 1
29 1
33 1
31 6
32 6
33 6
30 6
34 3
34 4
34 2
34 1
34 5
34 6
31 0
32 0
30 0
33 0
29 0
34 0
28 1
28 2
0
No
0
No
0
No
0
No
0
No
0
Yes
32 47
31 47
31 46
32 46
31 45
32 45
33 45
33 46
33 47
30 45
30 46
30 47
33 48
32 48
31 48
30 48
34 47
34 46
34 48
34 45
33 44
32 44
31 44
30 44
34 44
29 47
29 46
29 45
29 48
29 44
32 49
31 49
33 49
30 49
34 49
29 49
35 46
35 47
35 48
35 45
35 49
35 44
32 43
31 43
33 43
30 43
34 43
29 43
35 43
28 46
28 47
28 45
28 44
28 43
28 48
28 49
36 47
36 46
36 45
36 48
36 44
36 49
36 43
31 42
32 42
33 42
30 42
34 42
35 42
36 42
29 42
28 42
37 46
37 47
37 45
37 44
0
No
0
No
0
No
0
Yes
8 5
7 5
7 4
8 4
7 3
8 3
9 3
9 4
9 5
6 3
6 4
6 5
9 6
8 6
7 6
6 6
10 5
10 4
10 6
10 3
9 2
8 2
7 2
10 2
8 7
7 7
9 7
6 7
10 7
11 4
11 5
11 6
11 3
11 7
11 2
8 1
9 1
10 1
7 1
11 1
7 8
8 8
9 8
10 8
6 8
11 8
12 5
12 4
12 6
12 3
12 7
12 2
12 8
12 1
7 0
8 0
9 0
10 0
11 0
12 0
8 9
9 9
10 9
7 9
11 9
6 9
12 9
13 4
13 5
13 6
13 3
13 7
13 2
13 8
13 1
13 9
13 0
7 10
8 10
9 10
10 10
11 10
12 10
13 10
6 10
14 5
14 4
14 6
14 3
14 7
14 2
14 8
14 1
14 9
14 0
14 10
15 4
15 5
15 6
15 3
15 7
15 2
15 8
15 1
15 9
15 0
15 10
16 5
16 4
16 6
16 3
16 7
16 2
16 8
0
No
0
Yes
3 46
3 47
4 46
4 47
2 46
2 47
3 45
3 48
4 45
4 48
5 46
5 47
2 45
2 48
5 45
5 48
1 46
1 47
3 44
3 49
4 44
4 49
6 46
6 47
1 45
1 48
2 44
2 49
5 44
5 49
6 45
6 48
0 46
0 47
1 44
1 49
3 43
4 43
6 44
6 49
0 45
0 48
2 43
5 43
0 44
0 49
1 43
6 43
0 43
0
No
0
No
0
No
0
No
0
No
0
Yes
21 3
21 4
20 3
20 4
22 3
22 4
21 2
21 5
20 2
20 5
22 2
22 5
19 3
19 4
19 2
19 5
21 1
21 6
20 1
20 6
22 1
22 6
19 1
19 6
21 0
20 0
22 0
19 0
0
No
0
Yes
3 6
3 7
4 6
4 7
2 6
2 7
3 5
3 8
4 5
4 8
5 6
5 7
2 5
2 8
5 5
5 8
1 6
1 7
3 4
3 9
4 4
4 9
1 5
1 8
2 4
2 9
5 4
5 9
1 4
1 9
3 3
4 3
2 3
5 3
0
No
0
Yes
46 11
46 12
45 11
45 12
47 11
47 12
46 10
46 13
45 10
45 13
47 10
47 13
44 11
44 12
48 11
48 12
44 10
44 13
46 9
46 14
48 10
48 13
45 9
45 14
47 9
47 14
43 11
43 12
49 11
49 12
44 9
44 14
48 9
48 14
43 10
43 13
49 10
49 13
46 8
46 15
45 8
45 15
47 8
47 15
43 9
43 14
49 9
49 14
42 11
42 12
44 8
44 15
48 8
48 15
42 10
42 13
46 7
46 16
43 8
43 15
45 7
45 16
47 7
47 16
49 8
49 15
42 9
42 14
44 7
44 16
48 7
48 16
42 8
42 15
43 7
43 16
49 7
49 16
46 6
45 6
47 6
44 6
48 6
42 7
42 16
43 6
49 6
0
No
0
Yes
18 18
17 18
17 17
18 17
17 16
18 16
17 15
18 15
19 15
19 16
19 17
16 15
16 16
16 17
19 14
18 14
17 14
16 14
15 17
15 16
15 15
0
Yes
30 6
30 5
29 5
31 5
31 6
32 6
32 5
29 4
30 4
31 4
32 4
30 3
31 3
29 3
32 3
33 5
33 4
33 6
33 3
28 3
34 6
34 5
34 4
34 3
29 2
30 2
31 2
32 2
33 2
28 2
34 2
27 2
27 3
30 1
29 1
31 1
28 1
32 1
33 1
27 1
34 1
35 4
35 3
35 2
35 1
29 0
30 0
31 0
28 0
32 0
33 0
34 0
27 0
35 0
36 3
36 2
36 1
36 4
36 0
36 5
37 5
37 4
37 3
37 2
37 1
37 0
38 4
38 3
38 2
38 1
38 5
38 0
38 6
0
No
0
No
1
11
23 44
23 45
23 46
23 47
23 48
23 49
24 44
24 45
24 46
24 47
24 48
24 49
25 44
25 45
25 46
25 47
25 48
25 49
26 44
26 45
26 46
26 47
26 48
26 49
27 44
27 45
27 46
27 47
Yes
17 0
17 1
17 2
17 3
17 4
17 5
17 6
18 0
18 1
18 2
18 3
18 4
18 5
18 6
19 0
19 1
19 2
19 3
19 4
19 5
19 6
20 0
20 1
20 2
20 3
20 4
20 5
20 6
21 0
21 1
21 2
21 3
21 4
21 5
21 6
22 0
22 1
22 2
22 3
22 4
22 5
22 6
23 0
23 1
23 2
23 3
23 4
23 5
23 6
24 0
24 1
24 2
24 3
24 4
24 5
24 6
25 0
25 1
25 2
25 3
25 4
25 5
25 6
26 0
26 1
26 2
26 3
26 4
26 5
0
Yes
46 21
45 21
45 20
44 20
44 21
44 19
45 19
43 21
43 20
43 19
45 18
44 18
43 18
42 20
42 19
42 21
42 18
42 22
44 17
43 17
45 17
42 17
46 17
41 21
41 20
41 19
41 18
41 22
41 17
41 23
40 20
40 21
40 22
40 19
40 18
40 23
40 17
40 24
39 21
39 20
39 22
39 19
39 23
39 18
39 24
39 17
41 16
40 16
39 16
38 20
38 21
38 22
38 19
38 23
38 18
38 24
39 25
40 25
38 25
41 25
41 26
40 26
39 26
38 26
40 15
41 15
39 15
41 14
40 14
39 14
38 16
38 15
38 14
40 13
39 13
41 13
38 13
41 12
40 12
39 12
38 12
37 15
37 14
37 13
37 12
40 11
39 11
38 11
41 11
41 10
40 10
39 10
38 10
36 14
36 13
36 15
36 12
40 9
39 9
41 9
41 8
40 8
39 8
35 12
40 7
41 7
39 7
38 8
38 7
41 6
40 6
39 6
42 6
37 7
37 8
36 8
40 5
39 5
39 4
47 17
47 18
48 18
48 17
48 19
47 19
49 19
49 18
49 17
49 20
48 20
41 27
41 28
41 29
39 3
39 2
0
No
0
Yes
29 36
28 36
29 35
29 37
30 36
28 35
28 37
30 35
30 37
27 36
29 34
29 38
31 36
27 35
27 37
28 34
28 38
30 34
30 38
31 35
31 37
27 34
27 38
31 34
31 38
26 36
29 33
29 39
32 36
26 35
26 37
28 33
28 39
30 33
30 39
32 35
32 37
26 34
26 38
27 33
27 39
31 33
31 39
32 34
32 38
25 36
29 32
25 35
25 37
28 32
30 32
26 33
26 39
32 39
25 34
25 38
27 32
31 32
25 33
25 39
26 32
0
No
0
No
0
No
0
No
0
No
0
Yes
5 3
4 3
4 4
5 4
4 5
5 5
3 5
3 4
3 3
2 3
2 4
2 5
3 6
4 6
5 6
2 6
1 4
1 5
1 3
1 6
5 7
4 7
3 7
2 7
1 7
0 3
0 4
0 5
0 6
0 7
4 8
3 8
2 8
1 8
5 8
0 8
5 9
4 9
3 9
0
No
0
Yes
29 2
30 2
29 1
29 3
30 1
30 3
28 2
31 2
28 1
28 3
31 1
31 3
29 0
30 0
27 2
28 0
31 0
27 1
27 3
27 0
0
Yes
1 29
1 30
2 29
2 30
0 29
0 30
1 28
2 28
0 28
0
Yes
37 45
36 45
36 44
37 44
36 43
37 43
35 43
35 44
35 45
35 46
36 46
37 46
34 45
34 44
34 46
34 43
37 47
36 47
35 47
34 47
33 44
33 45
33 46
33 43
33 47
34 42
35 42
36 42
33 42
36 48
35 48
34 48
37 48
33 48
32 45
32 44
32 46
32 43
32 47
32 42
32 48
36 41
35 41
34 41
33 41
32 41
37 49
36 49
35 49
34 49
33 49
32 49
31 44
31 45
31 46
31 43
31 47
31 42
31 48
31 41
31 49
35 40
34 40
33 40
32 40
36 40
31 40
30 45
30 44
30 46
30 43
30 47
30 42
30 48
30 41
30 49
30 40
36 39
35 39
34 39
33 39
29 44
29 45
29 46
29 43
29 47
29 42
29 48
29 41
29 49
29 40
28 45
28 44
28 46
28 43
28 47
28 42
28 48
28 41
0
No
0
Yes
35 2
36 2
35 1
35 3
36 1
36 3
34 2
37 2
34 1
34 3
37 1
37 3
35 0
36 0
33 2
34 0
37 0
38 2
33 1
33 3
38 1
38 3
33 0
38 0
32 2
32 1
32 3
32 0
0
No
0
Yes
10 1
9 1
9 0
10 0
9 2
10 2
11 2
11 1
11 0
8 2
8 1
8 0
12 1
12 0
12 2
11 3
10 3
9 3
8 3
12 3
7 1
7 2
7 3
7 0
13 2
13 1
13 0
13 3
10 4
9 4
11 4
8 4
12 4
7 4
13 4
14 1
14 2
14 3
14 0
14 4
9 5
10 5
11 5
12 5
8 5
13 5
7 5
14 5
15 0
15 1
15 2
15 3
15 4
15 5
6 5
6 4
6 3
10 6
9 6
11 6
8 6
12 6
13 6
7 6
14 6
6 6
15 6
16 1
16 2
16 3
16 4
16 5
16 6
16 0
9 7
10 7
11 7
8 7
12 7
13 7
14 7
7 7
15 7
6 7
16 7
10 8
9 8
11 8
8 8
12 8
13 8
14 8
7 8
15 8
6 8
16 8
9 9
10 9
11 9
8 9
12 9
13 9
14 9
7 9
15 9
6 9
16 9
10 10
9 10
11 10
8 10
12 10
13 10
14 10
7 10
15 10
6 10
16 10
17 9
17 10
17 8
17 7
9 11
10 11
11 11
8 11
12 11
13 11
14 11
15 11
7 11
16 11
6 11
17 11
11 12
12 12
13 12
14 12
15 12
16 12
17 12
7 12
6 12
0
No
0
No
0
No
0
No
0
No
0
No
0
Yes
28 40
27 40
27 41
26 41
26 40
26 42
27 42
25 40
25 41
25 42
27 43
26 43
25 43
24 41
24 42
24 40
24 43
24 39
23 39
23 38
24 38
24 37
23 37
22 38
22 39
22 37
23 36
24 36
22 36
24 35
23 35
22 35
23 34
24 34
22 34
21 36
0
No
0
No
0
No
0
Yes
36 5
36 4
35 4
37 4
37 5
37 3
36 3
35 3
38 3
38 4
38 5
36 2
37 2
35 2
38 2
34 2
34 3
34 4
35 1
36 1
37 1
34 1
38 1
33 4
33 3
33 2
33 1
36 0
35 0
37 0
34 0
38 0
33 0
32 3
32 2
32 4
32 1
32 0
32 5
33 5
34 5
34 6
33 6
32 6
31 6
31 5
31 4
0
Yes
17 46
17 47
16 46
16 47
18 46
18 47
17 45
17 48
16 45
16 48
18 45
18 48
15 46
15 47
19 46
19 47
15 45
15 48
17 44
17 49
19 45
19 48
16 44
16 49
18 44
18 49
14 46
14 47
20 46
20 47
15 44
15 49
19 44
19 49
14 45
14 48
20 45
20 48
17 43
16 43
18 43
14 44
14 49
20 44
20 49
13 46
13 47
15 43
19 43
21 46
21 47
13 45
13 48
21 45
21 48
14 43
20 43
13 44
13 49
21 44
21 49
12 46
12 47
12 48
13 43
21 43
12 49
0
No
0
Yes
26 23
26 24
27 23
27 24
25 23
25 24
26 22
27 22
28 23
28 24
25 22
28 22
24 23
0
Yes
13 14
12 14
12 15
13 13
12 13
0
No
0
No
0
No
0
No
0
No
0
No
0
Yes
46 3
47 3
46 2
46 4
47 2
47 4
45 3
48 3
45 2
45 4
48 2
48 4
46 1
46 5
47 1
47 5
44 3
45 1
45 5
48 1
48 5
49 3
44 2
44 4
49 2
49 4
46 0
47 0
44 1
44 5
49 1
49 5
45 0
48 0
43 3
43 2
43 4
44 0
49 0
43 1
43 5
43 0
0
No
0
No
0
No
0
Yes
16 36
16 37
15 37
17 37
15 38
16 38
17 38
14 38
14 37
14 36
18 38
16 39
15 39
17 39
14 39
18 39
15 40
16 40
17 40
14 40
18 40
13 39
13 38
13 40
19 39
19 38
19 40
16 41
15 41
17 41
14 41
18 41
13 41
19 41
20 40
20 41
15 42
16 42
17 42
14 42
18 42
19 42
13 42
20 42
21 41
21 40
21 42
22 40
22 41
22 42
23 41
23 40
23 42
22 43
23 43
23 44
22 44
22 45
23 45
24 44
24 45
23 46
22 46
24 46
22 47
23 47
24 47
25 45
25 46
25 44
25 47
26 44
26 45
26 46
26 47
23 48
24 48
25 48
22 48
26 48
27 45
27 46
27 47
27 44
27 48
22 49
23 49
24 49
25 49
26 49
27 49
28 49
14 35
0
Yes
1 26
2 26
1 25
1 27
2 25
2 27
0 26
0 25
0 27
2 24
0
No
0
No
0
No
0
No
0
Yes
25 2
24 2
25 1
25 3
26 2
24 1
24 3
26 1
26 3
23 2
25 0
23 1
23 3
24 0
26 0
23 0
0
No
0
No
0
Yes
9 36
9 37
10 36
10 37
8 36
8 37
8 35
0
No
0
No
0
No
0
Yes
17 46
17 47
18 46
18 47
16 46
16 47
17 45
17 48
18 45
18 48
19 46
19 47
16 45
16 48
19 45
19 48
15 46
15 47
17 44
17 49
18 44
18 49
20 46
20 47
15 45
15 48
16 44
16 49
19 44
19 49
20 45
20 48
14 46
14 47
15 44
15 49
17 43
18 43
20 44
20 49
21 46
21 47
14 45
14 48
16 43
19 43
21 45
21 48
14 44
14 49
15 43
20 43
21 44
21 49
13 46
13 47
13 45
13 48
14 43
21 43
13 44
13 49
13 43
0
Yes
2 6
2 7
3 6
3 7
1 6
1 7
2 5
2 8
3 5
3 8
4 6
4 7
1 5
1 8
4 5
4 8
0 6
0 7
2 4
2 9
3 4
3 9
0 5
0 8
1 4
1 9
4 4
4 9
0 4
0 9
2 3
3 3
1 3
4 3
0 3
0
No
0
No
0
No
0
No
0
No
0
Yes
9 13
9 14
10 13
10 14
8 13
8 14
9 12
10 12
8 12
0
No
0
No
0
Yes
28 18
28 19
27 18
27 19
29 18
29 19
28 17
28 20
27 17
27 20
29 17
29 20
26 18
26 19
30 18
30 19
26 17
26 20
28 16
30 17
30 20
27 16
29 16
25 18
25 19
31 18
31 19
26 16
30 16
25 17
25 20
31 17
31 20
25 16
24 18
24 19
24 17
24 20
24 16
0
Yes
25 10
24 10
24 9
25 9
24 8
25 8
26 8
26 9
26 10
23 8
23 9
23 10
26 11
25 11
24 11
23 11
27 10
27 9
27 11
27 8
26 7
25 7
24 7
23 7
27 7
22 10
22 9
22 8
22 11
22 7
25 12
24 12
26 12
23 12
27 12
22 12
25 6
24 6
26 6
23 6
22 6
27 6
21 9
21 10
21 8
21 11
21 7
21 12
21 6
24 13
25 13
23 13
26 13
22 13
27 13
21 13
24 5
23 5
25 5
26 5
22 5
21 5
20 10
20 9
20 11
20 8
20 7
20 12
20 6
20 13
20 5
25 14
24 14
23 14
22 14
26 14
21 14
27 14
20 14
28 13
28 12
28 11
28 14
25 4
24 4
23 4
22 4
21 4
20 4
26 4
19 9
19 10
19 11
19 8
19 7
19 6
19 12
19 13
19 5
19 4
24 15
25 15
26 15
23 15
22 15
27 15
21 15
28 15
20 15
29 11
29 12
29 13
29 14
29 15
22 3
21 3
20 3
19 3
18 10
18 9
18 11
18 8
18 7
18 6
18 5
18 12
18 4
18 3
18 13
0
No
0
Yes
18 2
19 2
18 1
19 1
17 2
17 1
17 3
18 0
19 0
17 0
0
No
0
No
0
Yes
27 23
26 23
27 22
27 24
28 23
26 22
26 24
28 22
28 24
25 23
27 21
25 22
25 24
26 21
28 21
0
No
0
No
0
No
0
No
0
Yes
10 20
10 19
9 20
9 19
0
No
0
No
0
Yes
4 41
5 41
4 40
4 42
5 40
5 42
3 41
6 41
3 40
3 42
6 40
6 42
4 39
5 39
2 41
3 39
6 39
2 40
2 42
0
No
0
No
0
No
0
No
0
No
0
No
0
No
0
Yes
3 41
4 41
3 40
3 42
4 40
4 42
2 41
5 41
2 40
2 42
5 40
5 42
3 39
4 39
1 41
2 39
5 39
6 41
1 40
1 42
6 40
6 42
1 39
6 39
0 41
0 40
0 42
0
No
0
No
4
291
18 40
18 41
18 42
18 43
18 44
18 45
18 46
18 47
18 48
18 49
19 40
19 41
19 42
19 43
19 44
19 45
19 46
19 47
19 48
19 49
20 40
20 41
20 42
20 43
20 44
20 45
20 46
20 47
20 48
20 49
21 40
21 41
21 42
21 43
21 44
21 45
21 46
21 47
21 48
21 49
22 40
22 41
22 42
22 43
22 44
22 45
22 46
22 47
22 48
22 49
23 40
23 41
23 42
23 43
23 44
23 45
23 46
23 47
23 48
23 49
24 40
24 41
24 42
24 43
24 44
24 45
24 46
24 47
24 48
24 49
25 40
25 41
25 42
25 43
25 44
25 45
25 46
25 47
25 48
25 49
26 40
26 41
26 42
26 43
26 44
26 45
26 46
26 47
26 48
26 49
27 40
27 41
27 42
232
43 6
43 7
43 8
43 9
43 10
43 11
43 12
44 6
44 7
44 8
44 9
44 10
44 11
44 12
45 6
45 7
45 8
45 9
45 10
45 11
45 12
46 6
46 7
46 8
46 9
46 10
46 11
46 12
47 6
47 7
47 8
47 9
47 10
47 11
47 12
48 6
48 7
48 8
48 9
48 10
48 11
48 12
49 6
49 7
49 8
49 9
49 10
49 11
49 12
13
0 42
0 43
0 44
0 45
0 46
0 47
0 48
0 49
1 42
1 43
1 44
1 45
1 46
1 47
1 48
1 49
2 42
2 43
2 44
2 45
2 46
2 47
2 48
2 49
3 42
3 43
3 44
3 45
3 46
3 47
3 48
3 49
4 42
4 43
4 44
4 45
4 46
4 47
4 48
4 49
5 42
5 43
5 44
5 45
336
43 13
43 14
43 15
43 16
44 13
44 14
44 15
44 16
45 13
45 14
45 15
45 16
46 13
46 14
46 15
46 16
47 13
47 14
47 15
47 16
48 13
48 14
48 15
48 16
49 13
49 14
49 15
Yes
6 42
6 43
6 44
6 45
6 46
6 47
6 48
6 49
7 42
7 43
7 44
7 45
7 46
7 47
7 48
7 49
8 42
8 43
8 44
8 45
8 46
8 47
8 48
8 49
9 42
9 43
9 44
9 45
9 46
9 47
9 48
9 49
10 42
10 43
10 44
10 45
10 46
10 47
10 48
10 49
11 42
11 43
11 44
11 45
11 46
11 47
11 48
11 49
12 42
12 43
12 44
12 45
12 46
12 47
12 48
12 49
13 42
13 43
13 44
13 45
13 46
13 47
13 48
13 49
14 42
14 43
14 44
14 45
14 46
14 47
14 48
14 49
15 42
15 43
15 44
15 45
15 46
15 47
15 48
15 49
16 42
16 43
16 44
16 45
16 46
16 47
16 48
16 49
17 42
17 43
17 44
17 45
17 46
17 47
17 48
17 49
0
No
0
No
0
No
0
No
0
No
0
No
0
Yes
29 47
28 47
28 46
29 46
28 45
29 45
30 45
30 46
30 47
27 45
27 46
27 47
30 48
29 48
28 48
27 48
31 47
31 46
31 48
31 45
30 44
29 44
28 44
27 44
31 44
29 49
30 49
31 49
28 49
27 49
32 46
32 47
32 48
32 45
32 49
32 44
29 43
30 43
28 43
31 43
32 43
27 43
33 47
33 46
33 45
33 48
33 44
33 49
33 43
28 42
29 42
30 42
31 42
32 42
33 42
34 46
34 47
34 45
34 44
34 48
34 43
34 49
34 42
29 41
30 41
31 41
32 41
33 41
28 41
34 41
35 47
35 46
35 45
35 44
35 43
35 48
35 42
35 49
35 41
28 40
29 40
30 40
31 40
32 40
33 40
34 40
35 40
36 46
36 47
36 45
36 44
36 43
36 42
36 48
36 41
36 49
36 40
33 39
34 39
35 39
36 39
37 47
37 46
37 45
37 44
37 48
37 43
37 49
34 38
35 38
33 38
36 38
33 37
34 37
0
Yes
36 33
37 33
36 32
36 34
37 32
37 34
35 33
38 33
35 32
35 34
38 32
38 34
36 31
36 35
37 31
37 35
34 33
35 31
35 35
38 31
38 35
39 33
34 32
34 34
39 32
39 34
36 30
37 30
34 31
34 35
39 31
39 35
35 30
38 30
33 33
40 33
33 32
33 34
40 32
40 34
34 30
39 30
33 31
33 35
40 31
40 35
32 33
32 32
33 30
40 30
32 31
32 30
0
No
0
No
0
No
0
No
0
No
0
No
0
No
1
339
7 38
7 39
7 40
7 41
7 42
7 43
7 44
7 45
7 46
7 47
7 48
7 49
8 38
8 39
8 40
8 41
8 42
8 43
8 44
8 45
8 46
8 47
8 48
8 49
9 38
9 39
9 40
9 41
9 42
9 43
9 44
9 45
9 46
9 47
9 48
9 49
10 38
10 39
10 40
10 41
10 42
10 43
10 44
10 45
10 46
10 47
10 48
10 49
11 38
11 39
11 40
11 41
11 42
11 43
11 44
11 45
11 46
11 47
11 48
11 49
12 38
12 39
12 40
12 41
12 42
12 43
12 44
12 45
12 46
12 47
12 48
12 49
13 38
13 39
13 40
13 41
13 42
13 43
13 44
13 45
13 46
13 47
13 48
13 49
14 38
14 39
14 40
14 41
14 42
14 43
14 44
14 45
14 46
14 47
14 48
14 49
Yes
15 40
15 41
15 42
15 43
15 44
15 45
15 46
15 47
15 48
15 49
16 40
16 41
16 42
16 43
16 44
16 45
16 46
16 47
16 48
16 49
17 40
17 41
17 42
17 43
17 44
17 45
17 46
17 47
17 48
17 49
18 40
18 41
18 42
18 43
18 44
18 45
18 46
18 47
18 48
18 49
19 40
19 41
19 42
19 43
19 44
19 45
19 46
19 47
19 48
19 49
20 40
20 41
20 42
20 43
20 44
20 45
20 46
20 47
20 48
20 49
21 40
21 41
21 42
21 43
21 44
21 45
21 46
21 47
21 48
21 49
22 40
22 41
22 42
22 43
22 44
22 45
22 46
22 47
22 48
22 49
23 40
23 41
23 42
23 43
23 44
23 45
23 46
23 47
23 48
23 49
24 40
24 41
24 42
24 43
24 44
24 45
24 46
24 47
24 48
24 49
25 40
25 41
25 42
25 43
25 44
25 45
25 46
25 47
25 48
25 49
26 40
26 41
26 42
26 43
0
Yes
41 3
41 4
40 3
40 4
42 3
42 4
41 2
41 5
40 2
40 5
42 2
42 5
39 3
39 4
39 2
39 5
41 1
41 6
40 1
40 6
42 1
42 6
39 1
39 6
41 0
40 0
42 0
0
Yes
42 16
41 16
41 15
42 15
41 17
42 17
43 17
42 14
41 14
42 18
41 18
43 18
40 15
40 16
40 17
40 14
40 18
44 18
44 17
39 16
39 15
39 17
39 14
39 18
41 13
40 13
42 13
39 13
41 19
42 19
43 19
40 19
44 19
39 19
45 17
45 18
45 19
42 12
41 12
40 12
39 12
42 20
41 20
43 20
40 20
44 20
39 20
45 20
38 15
38 16
38 14
38 13
38 12
38 18
38 19
38 20
41 11
40 11
39 11
42 11
38 11
41 21
42 21
43 21
40 21
44 21
39 21
45 21
38 21
37 14
37 15
37 13
37 12
42 10
41 10
40 10
39 10
38 10
42 22
41 22
40 22
39 22
38 22
36 15
36 14
36 13
36 12
46 21
41 9
40 9
39 9
42 9
41 23
40 23
39 23
38 23
42 8
41 8
40 8
39 8
35 12
40 24
39 24
38 24
38 8
41 7
40 7
39 7
42 7
38 7
39 25
40 25
38 25
41 25
41 26
40 26
39 26
38 26
37 7
37 8
36 8
38 6
40 27
39 27
41 27
38 27
42 27
42 28
41 28
40 28
39 28
38 28
43 28
43 27
37 27
37 28
41 29
42 29
40 29
39 29
38 29
43 29
37 29
36 28
36 29
0
No
0
Yes
15 16
15 15
16 15
16 16
17 15
17 16
17 17
16 17
15 17
17 14
16 14
15 14
18 17
18 16
18 15
18 14
15 13
16 13
17 13
19 16
19 15
19 17
19 14
18 18
17 18
0
No
0
No
0
No
0
No
0
No
0
No
0
No
0
No
0
No
0
No
0
No
0
No
0
No
0
No
0
No
0
No
0
No
0
No
0
No
0
Yes
41 28
40 28
41 27
41 29
42 28
40 27
40 29
42 27
42 29
39 28
41 26
43 28
39 27
39 29
40 26
43 27
43 29
39 26
38 28
38 27
38 29
38 26
0
Yes
27 3
27 2
28 2
28 3
29 2
29 3
29 1
28 1
27 1
27 0
28 0
29 0
30 1
30 2
30 3
30 0
31 3
31 2
31 1
31 0
29 4
30 4
0
No
0
Yes
48 19
49 19
48 18
48 20
49 18
49 20
47 19
47 18
48 17
49 17
47 17
0
No
0
No
1
305
39 17
39 18
39 19
39 20
39 21
40 17
40 18
40 19
40 20
40 21
41 17
41 18
41 19
41 20
41 21
42 17
42 18
42 19
42 20
42 21
43 17
43 18
43 19
43 20
43 21
44 17
44 18
44 19
44 20
44 21
45 17
45 18
45 19
45 20
45 21
Yes
0 0
0 1
0 2
0 3
0 4
0 5
0 6
0 7
0 8
1 0
1 1
1 2
1 3
1 4
1 5
1 6
1 7
1 8
2 0
2 1
2 2
2 3
2 4
2 5
2 6
2 7
2 8
3 0
3 1
3 2
3 3
3 4
3 5
3 6
3 7
3 8
4 0
4 1
4 2
4 3
4 4
4 5
4 6
4 7
4 8
5 0
5 1
5 2
5 3
5 4
5 5
5 6
5 7
5 8
6 0
6 1
6 2
0
Yes
42 7
41 7
41 8
42 8
42 9
41 9
40 8
40 7
40 9
39 7
39 8
39 9
41 10
40 10
42 10
39 10
42 11
41 11
40 11
39 11
38 8
38 7
38 6
37 7
37 8
38 10
38 11
41 12
40 12
39 12
42 12
38 12
42 13
41 13
40 13
39 13
38 13
36 8
37 12
37 13
41 14
40 14
39 14
38 14
42 14
37 14
42 15
41 15
40 15
39 15
38 15
37 15
36 13
36 14
36 12
36 15
35 12
41 16
40 16
39 16
38 16
42 16
38 5
37 5
37 4
38 4
38 3
37 3
36 4
36 5
36 3
0
No
0
No
0
No
0
No
0
No
0
No
0
No
0
Yes
6 48
5 48
6 47
6 49
5 47
5 49
6 46
5 46
0
No
2
13
23 0
23 1
23 2
23 3
24 0
24 1
24 2
24 3
25 0
25 1
25 2
25 3
26 0
26 1
26 2
26 3
27 0
27 1
27 2
27 3
28 0
28 1
28 2
28 3
29 0
29 1
29 2
29 3
30 0
30 1
30 2
30 3
31 0
31 1
31 2
31 3
32 0
32 1
32 2
32 3
33 0
33 1
33 2
33 3
394
34 0
34 1
34 2
34 3
35 0
35 1
35 2
35 3
Yes
0 39
0 40
0 41
0 42
0 43
0 44
0 45
0 46
0 47
0 48
1 39
1 40
1 41
1 42
1 43
1 44
1 45
1 46
1 47
1 48
2 39
2 40
2 41
2 42
2 43
2 44
2 45
2 46
2 47
2 48
3 39
3 40
3 41
3 42
3 43
3 44
3 45
3 46
3 47
3 48
4 39
4 40
4 41
4 42
4 43
4 44
4 45
4 46
4 47
4 48
5 39
5 40
5 41
5 42
5 43
5 44
5 45
5 46
5 47
5 48
6 39
6 40
6 41
6 42
6 43
0
No
0
No
0
Yes
17 37
16 37
16 38
17 38
16 39
17 39
15 39
15 38
15 37
18 38
18 39
19 38
19 39
0
No
0
Yes
48 48
49 48
48 47
48 49
49 47
49 49
47 48
47 47
47 49
48 46
49 46
0
Yes
22 10
21 10
21 9
22 9
21 8
22 8
23 8
23 9
23 10
20 8
20 9
20 10
23 11
22 11
21 11
20 11
24 10
24 9
24 11
24 8
23 7
22 7
21 7
20 7
24 7
19 10
19 9
19 8
19 11
19 7
22 12
21 12
23 12
20 12
24 12
19 12
25 9
25 10
25 11
25 8
25 12
25 7
22 6
21 6
23 6
20 6
24 6
19 6
25 6
18 9
18 10
18 8
18 11
18 7
18 12
18 6
21 13
22 13
23 13
20 13
24 13
19 13
25 13
18 13
26 10
26 9
26 11
26 8
26 12
26 7
26 13
26 6
21 5
22 5
23 5
20 5
24 5
19 5
25 5
18 5
26 5
22 14
21 14
23 14
20 14
24 14
19 14
25 14
18 14
26 14
27 9
27 10
27 11
27 8
27 12
27 13
27 14
27 7
27 6
22 4
21 4
23 4
20 4
24 4
19 4
18 4
25 4
26 4
21 15
22 15
23 15
20 15
24 15
25 15
19 15
26 15
18 15
27 15
28 11
28 12
28 13
28 14
28 15
21 3
20 3
22 3
19 3
18 3
17 4
17 3
17 5
17 6
0
Yes
25 2
26 2
25 1
25 3
26 1
26 3
24 2
27 2
24 1
24 3
27 1
27 3
25 0
26 0
23 2
24 0
27 0
23 1
23 3
23 0
0
Yes
28 0
28 1
29 1
29 0
30 0
30 1
29 2
28 2
30 2
28 3
29 3
30 3
31 1
31 2
31 0
31 3
32 0
32 1
32 2
32 3
29 4
30 4
31 4
32 4
33 1
33 2
33 3
33 0
33 4
30 5
31 5
32 5
29 5
33 5
34 0
34 1
34 2
34 3
34 4
34 5
31 6
30 6
32 6
33 6
34 6
35 1
35 2
35 3
35 4
35 0
36 0
36 1
36 2
37 1
37 0
37 2
38 0
0
No
0
No
0
No
0
No
0
Yes
12 5
12 6
13 5
13 6
11 5
11 6
12 4
12 7
13 4
13 7
14 5
14 6
11 4
11 7
14 4
14 7
10 5
10 6
12 3
12 8
13 3
13 8
15 5
15 6
10 4
10 7
11 3
11 8
14 3
14 8
15 4
15 7
9 5
9 6
10 3
10 8
12 2
12 9
13 2
13 9
15 3
15 8
16 5
16 6
9 4
9 7
11 2
11 9
14 2
14 9
16 4
16 7
9 3
9 8
10 2
10 9
15 2
15 9
16 3
16 8
8 5
8 6
12 1
12 10
13 1
13 10
8 4
8 7
11 1
11 10
14 1
14 10
9 2
9 9
16 2
16 9
8 3
8 8
10 1
10 10
15 1
15 10
12 0
13 0
8 2
8 9
9 1
9 10
11 0
14 0
16 1
16 10
10 0
15 0
8 1
8 10
9 0
16 0
0
No
0
No
0
No
0
Yes
9 14
8 14
9 13
9 15
10 14
8 13
8 15
10 13
10 15
7 14
9 12
9 16
7 13
7 15
8 12
10 12
10 16
7 12
9 11
8 11
10 11
7 11
0
No
0
No
0
No
0
No
0
No
0
No
0
No
0
No
0
Yes
39 23
39 24
40 23
40 24
38 23
38 24
39 22
39 25
40 22
40 25
38 22
38 25
38 21
0
Yes
48 18
49 18
48 17
48 19
49 17
49 19
47 18
47 17
47 19
48 16
48 20
49 16
49 20
47 16
48 15
49 15
47 15
0
No
0
Yes
9 37
10 37
9 36
10 36
8 37
8 36
0
Yes
17 16
18 16
17 15
17 17
18 15
18 17
16 16
19 16
16 15
16 17
19 15
19 17
17 14
18 14
15 16
16 14
19 14
15 15
15 17
15 14
0
Yes
27 23
26 23
27 22
27 24
28 23
26 22
26 24
28 22
28 24
25 23
27 21
25 22
25 24
26 21
28 21
0
Yes
20 5
20 6
21 5
21 6
19 5
19 6
20 4
20 7
21 4
21 7
22 5
22 6
19 4
19 7
22 4
22 7
18 5
18 6
20 3
20 8
21 3
21 8
23 5
23 6
18 4
18 7
19 3
19 8
22 3
22 8
23 4
23 7
17 5
17 6
18 3
18 8
20 2
20 9
21 2
21 9
23 8
17 4
17 7
19 2
19 9
22 2
22 9
17 3
17 8
18 2
18 9
23 9
20 1
20 10
21 1
21 10
19 1
19 10
22 1
22 10
17 2
17 9
18 1
18 10
23 10
20 0
21 0
17 1
17 10
19 0
22 0
18 0
17 0
0
Yes
35 48
34 48
35 47
35 49
36 48
34 47
34 49
36 47
36 49
33 48
35 46
37 48
33 47
33 49
34 46
36 46
37 47
37 49
33 46
37 46
32 48
32 47
32 49
32 46
0
Yes
24 45
25 45
24 44
24 46
25 44
25 46
23 45
26 45
23 44
23 46
26 44
26 46
24 43
24 47
25 43
25 47
22 45
23 43
23 47
26 43
26 47
27 45
22 44
22 46
27 44
27 46
24 42
24 48
25 42
25 48
22 43
22 47
27 43
27 47
23 42
23 48
26 42
26 48
21 45
28 45
21 44
21 46
28 44
28 46
22 42
22 48
27 42
27 48
21 43
21 47
24 41
24 49
25 41
25 49
28 43
28 47
23 41
23 49
26 41
26 49
20 45
29 45
20 44
20 46
21 42
21 48
28 42
28 48
29 44
29 46
22 41
22 49
27 41
27 49
20 43
20 47
29 43
29 47
24 40
25 40
23 40
26 40
21 41
21 49
28 41
28 49
20 42
20 48
29 42
29 48
19 45
30 45
19 44
19 46
22 40
27 40
30 44
30 46
19 43
19 47
30 43
30 47
20 41
20 49
29 41
29 49
21 40
28 40
19 42
19 48
30 42
30 48
18 45
31 45
18 44
18 46
31 44
31 46
20 40
29 40
18 43
18 47
19 41
19 49
30 41
30 49
31 43
31 47
18 42
18 48
31 42
31 48
19 40
30 40
17 45
17 44
17 46
18 41
18 49
31 41
31 49
17 43
17 47
17 42
17 48
18 40
31 40
0
No
0
Yes
30 19
31 19
30 18
30 20
31 18
31 20
29 19
32 19
29 18
29 20
32 18
32 20
30 17
31 17
28 19
29 17
32 17
28 18
28 20
28 17
0
No
0
Yes
13 46
12 46
13 45
13 47
14 46
12 45
12 47
14 45
14 47
11 46
13 44
13 48
15 46
11 45
11 47
12 44
12 48
14 44
14 48
15 45
15 47
11 44
11 48
15 44
15 48
10 46
13 43
13 49
16 46
10 45
10 47
12 43
12 49
14 43
14 49
16 45
16 47
10 44
10 48
11 43
11 49
15 43
15 49
16 44
16 48
9 46
13 42
9 45
9 47
12 42
14 42
10 43
10 49
16 43
16 49
9 44
9 48
11 42
15 42
9 43
9 49
10 42
16 42
0
No
0
Yes
34 42
35 42
34 41
34 43
35 41
35 43
33 42
36 42
33 41
33 43
36 41
36 43
34 40
34 44
35 40
35 44
32 42
33 40
33 44
36 40
36 44
32 41
32 43
34 39
34 45
35 39
35 45
32 40
32 44
33 39
33 45
36 39
36 45
32 45
34 38
35 38
33 38
0
No
0
No
0
No
0
Yes
1 28
1 29
2 28
2 29
0 28
0 29
1 27
1 30
2 27
2 30
0 27
0 30
1 26
2 26
0 26
0
No
0
No
0
No
0
No
0
No
0
Yes
8 49
7 49
7 48
8 48
7 47
8 47
9 47
9 48
9 49
6 47
6 48
6 49
10 49
10 48
10 47
9 46
8 46
7 46
6 46
10 46
11 48
11 47
11 49
11 46
8 45
9 45
7 45
10 45
6 45
11 45
12 49
12 48
12 47
12 46
12 45
7 44
8 44
9 44
10 44
11 44
12 44
6 44
13 48
13 47
13 46
13 45
13 49
13 44
8 43
9 43
10 43
11 43
7 43
12 43
13 43
14 49
14 48
14 47
14 46
14 45
14 44
14 43
7 42
8 42
9 42
10 42
11 42
12 42
13 42
14 42
15 48
15 47
15 46
15 45
15 44
15 43
15 49
15 42
8 41
9 41
10 41
11 41
12 41
13 41
14 41
7 41
15 41
16 49
16 48
16 47
16 46
16 45
16 44
16 43
16 42
16 41
7 40
8 40
9 40
10 40
11 40
12 40
13 40
14 40
15 40
16 40
8 39
9 39
10 39
11 39
12 39
13 39
14 39
15 39
7 39
16 39
7 38
8 38
9 38
10 38
11 38
12 38
13 38
14 38
0
No
0
No
0
No
0
Yes
46 10
46 11
47 10
47 11
45 10
45 11
46 9
46 12
47 9
47 12
48 10
48 11
45 9
45 12
48 9
48 12
44 10
44 11
46 8
46 13
47 8
47 13
49 10
49 11
44 9
44 12
45 8
45 13
48 8
48 13
49 9
49 12
43 10
43 11
44 8
44 13
46 7
46 14
47 7
47 14
49 8
49 13
43 9
43 12
45 7
45 14
48 7
48 14
43 8
43 13
44 7
44 14
49 7
49 14
46 6
47 6
45 6
48 6
43 7
43 14
44 6
49 6
43 6
0
No
0
Yes
23 38
23 39
22 38
22 39
24 38
24 39
23 37
22 37
24 37
21 38
0
Yes
27 16
26 16
27 15
27 17
28 16
26 15
26 17
28 15
28 17
25 16
27 14
27 18
29 16
25 15
25 17
26 14
26 18
28 14
28 18
29 15
29 17
25 14
25 18
29 14
29 18
24 16
27 13
27 19
24 15
24 17
26 13
26 19
28 13
28 19
24 14
24 18
25 13
25 19
29 13
29 19
27 12
27 20
26 12
26 20
28 12
28 20
24 13
24 19
25 12
25 20
29 12
29 20
24 12
24 20
27 11
26 11
28 11
25 11
29 11
0
Yes
23 3
22 3
23 2
23 4
24 3
22 2
22 4
24 2
24 4
21 3
23 1
23 5
25 3
21 2
21 4
22 1
22 5
24 1
24 5
25 2
25 4
21 1
21 5
25 1
25 5
20 3
23 0
26 3
20 2
20 4
22 0
24 0
26 2
26 4
20 1
20 5
21 0
25 0
26 1
26 5
19 3
27 3
19 2
19 4
27 2
20 0
26 0
19 1
19 5
27 1
18 3
19 0
27 0
18 2
18 4
18 1
18 5
0
No
0
Yes
35 44
34 44
35 43
35 45
36 44
34 43
34 45
36 43
36 45
33 44
35 42
37 44
33 43
33 45
34 42
36 42
37 43
37 45
33 42
32 44
32 43
32 45
32 42
0
No
0
No
0
No
0
No
0
Yes
1 28
2 28
1 27
1 29
2 27
2 29
0 28
0 27
0 29
1 26
1 30
2 26
2 30
0 26
0 30
1 25
2 25
0 25
0
No
0
Yes
33 25
33 26
34 25
34 26
32 25
32 26
33 24
33 27
34 24
34 27
35 25
35 26
32 24
32 27
35 24
35 27
31 25
31 26
33 23
33 28
34 23
34 28
36 25
36 26
31 24
31 27
32 23
32 28
35 23
35 28
36 24
36 27
30 25
30 26
31 23
31 28
33 22
33 29
34 22
34 29
36 23
36 28
37 25
37 26
30 24
30 27
32 22
32 29
35 22
35 29
37 24
37 27
30 23
30 28
31 22
31 29
36 22
36 29
37 23
37 28
29 25
29 26
33 21
34 21
29 24
29 27
32 21
35 21
30 22
30 29
37 22
37 29
29 23
29 28
31 21
36 21
29 22
30 21
37 21
0
Yes
47 9
48 9
47 8
47 10
48 8
48 10
46 9
49 9
46 8
46 10
49 8
49 10
47 7
47 11
48 7
48 11
45 9
46 7
46 11
49 7
49 11
45 8
45 10
47 6
48 6
45 7
45 11
46 6
49 6
0
No
0
Yes
21 0
20 0
20 1
21 1
20 2
21 2
22 2
22 1
22 0
19 2
19 1
19 0
23 0
23 1
23 2
22 3
21 3
20 3
19 3
23 3
18 0
18 1
18 2
18 3
24 1
24 2
24 0
24 3
21 4
20 4
22 4
19 4
23 4
18 4
24 4
17 1
17 2
17 3
17 4
17 0
25 0
25 1
25 2
25 3
25 4
20 5
21 5
22 5
19 5
23 5
18 5
24 5
17 5
25 5
26 5
26 4
26 3
26 2
26 1
26 0
21 6
20 6
22 6
19 6
23 6
24 6
18 6
25 6
17 6
26 6
20 7
21 7
22 7
19 7
23 7
24 7
18 7
25 7
17 7
26 7
21 8
20 8
22 8
19 8
23 8
24 8
18 8
25 8
17 8
26 8
27 8
27 7
27 6
20 9
21 9
22 9
19 9
23 9
24 9
25 9
18 9
26 9
17 9
0
No
0
No
0
No
0
No
0
No
0
No
0
No
0
Yes
46 13
46 14
47 13
47 14
45 13
45 14
46 12
47 12
48 13
48 14
45 12
48 12
44 13
44 14
49 13
49 14
44 12
49 12
43 13
43 14
43 12
0
Yes
33 36
33 37
33 38
33 39
33 40
33 41
34 36
34 37
34 38
34 39
34 40
34 41
35 36
35 37
35 38
35 39
35 40
35 41
36 36
36 37
36 38
36 39
36 40
36 41
37 36
37 37
37 38
0
No
0
No
0
No
0
No
0
Yes
5 28
5 29
6 28
6 29
4 28
4 29
5 27
5 30
6 27
6 30
7 28
7 29
4 27
4 30
7 27
7 30
3 28
3 29
5 26
6 26
3 27
3 30
4 26
7 26
3 26
0
No
0
Yes
11 27
11 26
10 26
10 25
11 25
10 24
11 24
9 24
9 25
9 26
9 23
10 23
11 23
8 26
8 25
8 24
8 23
11 22
10 22
9 22
8 22
0
No
0
Yes
9 20
9 21
10 20
10 21
8 21
9 19
10 19
0
Yes
4 34
3 34
3 33
4 33
3 32
4 32
5 32
5 33
5 34
2 32
2 33
2 34
5 35
4 35
3 35
2 35
6 34
6 33
6 35
6 32
5 31
4 31
3 31
2 31
6 31
1 34
1 33
1 32
1 35
1 31
4 36
3 36
5 36
2 36
6 36
1 36
7 33
7 34
7 35
7 32
7 36
7 31
0 33
0 34
0 35
0 36
0 32
0 31
3 37
4 37
5 37
2 37
6 37
1 37
7 37
0 37
8 35
0
Yes
23 37
23 38
24 37
24 38
22 37
22 38
23 36
23 39
24 36
24 39
22 36
22 39
23 35
24 35
22 35
0
No
0
Yes
32 27
31 27
32 26
32 28
33 27
31 26
31 28
33 26
33 28
30 27
32 25
32 29
34 27
30 26
30 28
31 25
31 29
33 25
33 29
34 26
34 28
30 25
30 29
34 25
34 29
29 27
32 24
29 26
29 28
31 24
33 24
29 25
30 24
34 24
29 24
0
No
0
No
0
No
0
No
0
No
0
No
0
Yes
4 5
3 5
4 4
4 6
5 5
3 4
3 6
5 4
5 6
2 5
4 3
4 7
6 5
2 4
2 6
3 3
3 7
5 3
5 7
6 4
6 6
2 3
2 7
6 3
6 7
1 5
4 2
4 8
7 5
1 4
1 6
3 2
3 8
5 2
5 8
7 4
7 6
1 3
1 7
2 2
2 8
6 2
6 8
7 3
7 7
0 5
4 1
4 9
0 4
0 6
3 1
3 9
5 1
5 9
1 2
1 8
7 2
7 8
0 3
0 7
2 1
2 9
6 1
6 9
0 2
0 8
1 1
1 9
4 0
7 1
7 9
3 0
5 0
2 0
6 0
0 1
0 9
1 0
7 0
0 0
0
No
0
No
0
Yes
41 5
40 5
41 4
41 6
42 5
40 4
40 6
42 4
42 6
39 5
41 3
39 4
39 6
40 3
42 3
0
Yes
42 22
41 22
41 23
40 23
40 22
40 24
39 22
39 23
39 24
38 23
38 22
38 24
38 21
39 25
40 25
38 25
41 25
41 26
40 26
39 26
38 26
37 22
37 23
37 24
37 25
37 21
37 26
40 27
39 27
38 27
41 27
37 27
42 27
42 28
41 28
40 28
39 28
38 28
37 28
36 21
36 22
36 23
36 24
36 25
36 26
36 27
36 28
43 28
43 27
36 20
35 22
35 21
35 23
35 24
35 25
35 26
35 27
35 20
35 28
41 29
42 29
40 29
39 29
38 29
37 29
36 29
43 29
35 29
35 19
34 21
34 22
34 23
34 20
33 22
33 21
33 23
32 21
32 22
32 23
32 20
31 22
31 21
31 23
31 20
31 19
32 19
32 18
31 18
30 21
30 22
30 20
30 19
30 23
30 18
31 17
32 17
30 17
33 17
29 22
29 21
29 23
30 16
28 21
28 22
28 23
0
No
0
No
0
No
0
Yes
0 6
0 5
1 5
1 6
2 5
2 6
2 7
1 7
0 7
2 4
1 4
0 4
0 8
1 8
2 8
3 7
3 6
3 5
3 4
3 8
0 3
1 3
2 3
3 3
1 9
2 9
0 9
3 9
4 6
4 5
4 7
4 4
4 8
4 3
4 9
1 2
2 2
3 2
0 2
4 2
5 5
5 6
5 7
5 4
5 8
5 3
5 9
5 2
5 1
4 1
3 1
2 1
1 1
0 1
6 6
6 5
6 7
6 4
6 3
6 8
6 2
6 9
6 1
6 0
5 0
4 0
3 0
2 0
1 0
0 0
7 5
7 6
7 7
7 4
7 3
0
No
0
No
0
No
0
Yes
19 12
18 12
19 11
19 13
20 12
18 11
18 13
20 11
20 13
17 12
19 10
17 11
17 13
18 10
20 10
17 10
0
No
0
No
0
No
0
Yes
19 39
18 39
19 38
18 38
0
Yes
27 17
26 17
26 16
27 16
26 15
27 15
28 15
28 16
28 17
25 15
25 16
25 17
28 18
27 18
26 18
25 18
29 17
29 16
29 18
29 15
28 14
27 14
26 14
25 14
29 14
24 17
24 16
24 15
24 18
24 14
27 19
26 19
28 19
25 19
29 19
24 19
30 16
30 17
30 18
30 19
30 15
27 13
26 13
28 13
25 13
29 13
24 13
23 16
23 15
23 17
23 14
23 13
23 18
26 20
27 20
28 20
25 20
29 20
30 20
24 20
31 17
31 18
31 19
31 20
26 12
27 12
25 12
28 12
24 12
29 12
23 12
22 17
22 16
22 15
22 14
22 13
22 12
27 21
28 21
29 21
26 21
30 21
31 21
32 18
32 19
32 20
32 21
32 17
27 11
26 11
25 11
24 11
23 11
22 11
28 11
29 11
21 16
21 15
21 14
21 13
21 12
21 11
26 22
27 22
28 22
29 22
30 22
31 22
32 22
26 10
25 10
24 10
23 10
22 10
21 10
27 10
20 15
20 14
20 13
20 12
20 11
20 10
27 23
28 23
29 23
30 23
31 23
26 23
32 23
19 13
19 12
19 11
19 10
26 24
27 24
28 24
0
Yes
36 35
37 35
36 34
36 36
37 34
37 36
35 35
38 35
35 34
35 36
38 34
38 36
36 33
36 37
37 33
37 37
34 35
35 33
35 37
38 33
38 37
39 35
34 34
34 36
39 34
39 36
36 32
36 38
37 32
37 38
34 33
34 37
39 33
39 37
35 32
35 38
38 32
38 38
33 35
33 34
33 36
34 32
34 38
39 32
39 38
33 33
33 37
36 31
36 39
37 31
37 39
35 31
35 39
38 31
38 39
33 32
33 38
34 31
34 39
39 31
39 39
36 30
37 30
35 30
38 30
33 31
33 39
34 30
39 30
33 30
0
No
0
No
0
Yes
0 43
0 42
1 42
1 43
2 42
2 43
2 44
1 44
0 44
2 41
1 41
0 41
0 45
1 45
2 45
3 44
3 43
3 42
3 41
3 45
0 40
1 40
2 40
3 40
1 46
2 46
0 46
3 46
4 43
4 42
4 44
4 41
4 45
4 40
4 46
1 39
2 39
3 39
0 39
4 39
0 47
1 47
2 47
3 47
4 47
5 42
5 43
5 44
5 41
5 45
5 40
5 46
5 39
5 47
0 38
1 38
2 38
3 38
4 38
5 38
5 48
6 43
6 42
6 44
6 41
6 45
6 40
6 46
6 39
6 47
6 38
6 48
7 42
7 43
7 44
7 41
7 45
7 40
7 46
7 39
7 47
7 38
7 48
7 49
6 49
5 49
4 49
4 48
3 48
2 48
3 49
2 49
1 48
0 48
1 49
0 49
8 43
8 42
8 44
8 41
8 45
0
Yes
38 26
37 26
38 25
38 27
39 26
37 25
37 27
39 25
39 27
36 26
38 24
38 28
40 26
36 25
36 27
37 24
37 28
39 24
39 28
40 25
40 27
36 24
36 28
40 24
40 28
35 26
38 23
38 29
35 25
35 27
37 23
37 29
39 23
39 29
35 24
35 28
36 23
36 29
40 23
40 29
38 22
37 22
39 22
35 23
35 29
36 22
40 22
0
No
0
No
0
Yes
10 48
11 48
10 47
10 49
11 47
11 49
9 48
12 48
9 47
9 49
12 47
12 49
10 46
11 46
8 48
9 46
12 46
8 47
8 49
8 46
0
No
0
No
0
No
0
Yes
35 44
34 44
35 43
35 45
36 44
34 43
34 45
36 43
36 45
33 44
35 42
37 44
33 43
33 45
34 42
36 42
37 43
37 45
33 42
32 44
32 43
32 45
32 42
0
No
0
Yes
17 0
17 1
17 2
17 3
17 4
17 5
17 6
17 7
17 8
17 9
18 0
18 1
18 2
18 3
18 4
18 5
18 6
18 7
18 8
18 9
19 0
19 1
19 2
19 3
19 4
19 5
19 6
19 7
19 8
19 9
20 0
20 1
20 2
20 3
20 4
20 5
20 6
20 7
20 8
20 9
21 0
21 1
21 2
21 3
21 4
21 5
21 6
21 7
21 8
21 9
22 0
22 1
22 2
22 3
22 4
22 5
22 6
22 7
22 8
22 9
23 0
23 1
23 2
23 3
23 4
23 5
23 6
23 7
23 8
23 9
24 0
24 1
24 2
24 3
24 4
24 5
24 6
24 7
24 8
24 9
0
Yes
40 1
40 2
41 1
41 2
39 1
39 2
40 0
41 0
42 1
42 2
39 0
42 0
38 1
38 2
0
Yes
0 30
0 29
1 29
1 30
2 29
2 30
2 28
1 28
0 28
0 27
1 27
2 27
3 28
3 29
3 30
3 27
1 26
2 26
0 26
3 26
4 30
4 29
4 28
4 27
4 26
0 25
1 25
2 25
5 29
5 28
5 27
5 30
5 26
6 30
6 29
6 28
6 27
6 26
0
Yes
17 37
16 37
16 38
17 38
16 39
17 39
15 39
15 38
15 37
14 37
14 38
14 39
15 40
16 40
17 40
14 40
13 38
13 39
13 40
17 41
16 41
15 41
14 41
13 41
12 39
12 40
12 38
12 41
16 42
15 42
14 42
13 42
12 42
11 38
11 39
11 40
11 41
11 42
15 43
14 43
13 43
12 43
16 43
11 43
10 39
10 40
10 41
10 42
10 38
10 43
16 44
15 44
14 44
13 44
12 44
11 44
10 44
9 38
9 39
9 40
9 41
9 42
9 43
9 44
15 45
14 45
13 45
12 45
11 45
16 45
10 45
0
No
1
464
32 40
32 41
32 42
32 43
32 44
32 45
33 40
33 41
33 42
33 43
33 44
33 45
34 40
34 41
34 42
34 43
34 44
34 45
35 40
35 41
35 42
35 43
35 44
35 45
36 40
36 41
36 42
36 43
36 44
Yes
43 6
43 7
43 8
43 9
43 10
43 11
43 12
43 13
43 14
44 6
44 7
44 8
44 9
44 10
44 11
44 12
44 13
44 14
45 6
45 7
45 8
45 9
45 10
45 11
45 12
45 13
45 14
46 6
46 7
46 8
46 9
46 10
46 11
46 12
46 13
46 14
47 6
47 7
47 8
47 9
47 10
47 11
47 12
47 13
47 14
48 6
48 7
48 8
48 9
48 10
48 11
48 12
48 13
48 14
49 6
49 7
49 8
49 9
49 10
49 11
49 12
49 13
0
No
0
No
0
No
0
No
0
Yes
15 13
15 12
14 12
16 12
16 13
16 11
15 11
14 11
17 11
17 12
17 13
18 13
18 12
18 11
13 11
13 12
17 10
18 10
13 13
12 13
12 12
12 11
13 14
12 14
0
No
0
No
0
No
0
No
0
No
0
No
0
Yes
13 46
13 47
14 47
14 46
15 47
15 46
15 48
14 48
13 48
13 49
14 49
15 49
16 48
16 47
16 46
16 49
17 46
17 47
17 48
17 49
18 47
0
No
0
Yes
9 37
10 37
8 37
8 38
9 36
10 36
8 36
0
Yes
29 45
30 45
29 44
29 46
30 44
30 46
28 45
31 45
28 44
28 46
31 44
31 46
29 43
29 47
30 43
30 47
27 45
28 43
28 47
31 43
31 47
27 44
27 46
29 42
29 48
30 42
30 48
27 43
27 47
28 42
28 48
31 42
31 48
27 42
27 48
29 41
29 49
30 41
30 49
28 41
28 49
31 41
31 49
27 41
27 49
29 40
30 40
28 40
31 40
27 40
0
No
0
No
0
No
0
No
0
Yes
0 30
0 29
1 29
1 30
2 29
2 30
2 28
1 28
0 28
0 27
1 27
2 27
3 28
3 29
3 30
3 27
1 26
2 26
0 26
3 26
4 30
4 29
4 28
4 27
4 26
0 25
1 25
2 25
5 29
5 28
5 27
5 30
5 26
6 30
6 29
6 28
6 27
0
Yes
32 27
31 27
32 26
32 28
33 27
31 26
31 28
33 26
33 28
30 27
32 25
32 29
34 27
30 26
30 28
31 25
31 29
33 25
33 29
34 26
34 28
30 25
30 29
34 25
34 29
29 27
32 24
29 26
29 28
31 24
33 24
29 25
30 24
34 24
29 24
0
No
0
Yes
23 47
23 48
22 47
22 48
24 47
24 48
23 46
23 49
22 46
22 49
24 46
24 49
21 47
21 48
25 47
25 48
21 46
21 49
23 45
25 46
25 49
22 45
24 45
20 47
20 48
26 47
26 48
21 45
25 45
20 46
20 49
26 46
26 49
20 45
26 45
19 47
19 48
19 46
19 49
0
No
0
No
0
Yes
36 33
37 33
36 32
36 34
37 32
37 34
35 33
38 33
35 32
35 34
38 32
38 34
36 31
36 35
37 31
37 35
34 33
35 31
35 35
38 31
38 35
39 33
34 32
34 34
39 32
39 34
36 30
37 30
34 31
34 35
39 31
39 35
35 30
38 30
33 33
40 33
33 32
33 34
40 32
40 34
34 30
39 30
33 31
33 35
40 31
40 35
32 33
32 32
33 30
40 30
32 31
32 30
0
Yes
12 3
11 3
11 2
12 2
11 1
12 1
13 1
13 2
13 3
10 1
10 2
10 3
13 4
12 4
11 4
10 4
14 3
14 2
14 4
14 1
13 0
12 0
11 0
10 0
14 0
9 3
9 2
9 1
9 4
9 0
12 5
11 5
13 5
10 5
14 5
9 5
15 2
15 3
15 4
15 1
15 5
15 0
8 2
8 3
8 4
8 1
8 5
8 0
11 6
12 6
13 6
10 6
14 6
9 6
15 6
8 6
16 3
16 2
16 4
16 5
16 6
16 1
16 0
7 1
7 2
7 0
0
Yes
21 4
22 4
21 3
21 5
22 3
22 5
20 4
23 4
20 3
20 5
23 3
23 5
21 2
21 6
22 2
22 6
19 4
20 2
20 6
23 2
23 6
24 4
19 3
19 5
24 3
24 5
21 1
21 7
22 1
22 7
19 2
19 6
24 2
24 6
20 1
20 7
23 1
23 7
18 4
25 4
18 3
18 5
25 3
25 5
19 1
19 7
24 1
24 7
18 2
18 6
21 0
22 0
25 2
25 6
20 0
23 0
17 4
17 3
17 5
18 1
18 7
25 1
25 7
19 0
24 0
17 2
17 6
18 0
25 0
17 1
17 7
17 0
0
Yes
15 9
14 9
14 8
15 8
14 7
15 7
16 7
16 8
16 9
13 7
13 8
13 9
16 10
15 10
14 10
13 10
17 8
17 9
17 10
12 9
12 8
12 10
12 7
15 11
14 11
16 11
13 11
17 11
12 11
18 9
18 10
18 8
18 11
11 8
11 9
11 10
11 7
11 11
14 12
15 12
16 12
13 12
17 12
12 12
18 12
11 12
15 13
16 13
17 13
18 13
13 13
12 13
0
No
0
No
0
No
0
Yes
35 38
36 38
35 37
35 39
36 37
36 39
34 38
37 38
34 37
34 39
37 37
37 39
35 36
36 36
33 38
34 36
37 36
33 37
33 39
33 36
0
Yes
48 48
49 48
48 47
48 49
49 47
49 49
47 48
47 47
47 49
48 46
49 46
47 46
0
No
0
Yes
18 49
17 49
17 48
18 48
17 47
18 47
19 47
19 48
19 49
16 47
16 48
16 49
20 49
20 48
20 47
19 46
18 46
17 46
16 46
20 46
15 49
15 48
15 47
15 46
21 48
21 47
21 49
21 46
18 45
19 45
17 45
20 45
21 45
14 48
14 47
14 49
14 46
22 49
22 48
22 47
22 46
22 45
17 44
18 44
19 44
20 44
21 44
22 44
13 49
13 48
13 47
13 46
23 44
18 43
19 43
20 43
21 43
22 43
17 43
23 43
17 42
18 42
19 42
20 42
21 42
22 42
23 42
24 42
24 43
24 44
24 45
23 45
23 46
23 47
24 46
24 47
23 48
23 49
24 48
24 49
18 41
19 41
20 41
21 41
22 41
23 41
24 41
25 41
25 42
25 43
25 44
25 45
25 46
25 47
25 48
25 49
19 40
20 40
21 40
22 40
23 40
24 40
18 40
25 40
26 40
26 41
26 42
26 43
26 44
26 45
26 46
26 47
26 48
0
No
0
No
0
No
0
No
0
Yes
10 9
9 9
10 8
10 10
11 9
9 8
9 10
11 8
11 10
8 9
10 7
12 9
8 8
8 10
9 7
11 7
12 8
12 10
8 7
12 7
7 9
7 8
7 10
0
Yes
16 12
17 12
16 11
16 13
17 11
17 13
15 12
18 12
15 11
15 13
18 11
18 13
16 10
17 10
14 12
15 10
18 10
14 11
14 10
0
Yes
8 40
8 39
9 39
9 40
10 39
10 40
11 39
11 40
11 41
10 41
9 41
11 38
10 38
9 38
12 41
12 40
12 39
12 38
9 42
10 42
11 42
12 42
13 40
13 39
13 41
13 38
13 42
10 43
11 43
12 43
9 43
13 43
14 39
14 40
14 41
14 42
14 38
14 43
9 44
10 44
11 44
12 44
13 44
14 44
15 40
15 41
15 42
15 39
15 43
15 38
15 44
10 45
11 45
12 45
13 45
14 45
15 45
9 45
0
Yes
45 16
44 16
45 15
46 16
44 15
46 15
43 16
43 15
0
No
0
No
0
Yes
29 20
29 21
30 20
30 21
28 20
28 21
29 19
29 22
30 19
30 22
31 20
31 21
28 19
28 22
31 19
31 22
27 20
27 21
29 18
29 23
30 18
30 23
32 20
32 21
27 19
27 22
28 18
28 23
31 18
31 23
32 19
32 22
26 20
26 21
27 18
27 23
29 17
30 17
32 18
32 23
26 19
26 22
28 17
31 17
26 18
26 23
27 17
32 17
26 17
0
Yes
26 14
27 14
26 13
26 15
27 13
27 15
25 14
28 14
25 13
25 15
28 13
28 15
26 12
26 16
27 12
27 16
24 14
25 12
25 16
28 12
28 16
29 14
24 13
24 15
29 13
29 15
26 11
27 11
24 12
24 16
29 12
29 16
25 11
28 11
23 14
23 13
23 15
24 11
29 11
23 12
23 16
0
No
0
No
0
No
0
No
0
No
0
Yes
39 5
39 4
40 4
40 5
41 4
41 5
41 6
40 6
39 6
41 3
40 3
39 3
42 6
42 5
0
Yes
9 45
9 44
10 44
10 45
11 44
11 45
11 43
10 43
9 43
9 42
10 42
11 42
12 43
12 44
12 45
12 42
10 41
11 41
9 41
12 41
13 45
13 44
13 43
13 42
13 41
9 40
10 40
11 40
12 40
13 40
14 44
14 43
14 42
14 41
14 45
14 40
10 39
11 39
12 39
13 39
9 39
14 39
15 45
15 44
15 43
15 42
15 41
15 40
15 39
9 38
10 38
11 38
12 38
13 38
14 38
15 38
16 44
16 43
16 42
0
No
0
No
0
No
0
No
0
Yes
38 29
37 29
38 28
38 30
39 29
37 28
37 30
39 28
39 30
36 29
38 27
38 31
40 29
36 28
36 30
37 27
37 31
39 27
39 31
40 28
40 30
36 27
36 31
40 27
40 31
35 29
38 26
38 32
35 28
35 30
37 26
37 32
39 26
39 32
35 27
35 31
36 26
36 32
40 26
40 32
38 25
38 33
37 25
37 33
39 25
39 33
35 26
35 32
36 25
36 33
40 25
40 33
35 25
35 33
38 24
38 34
37 24
37 34
39 24
39 34
36 24
36 34
40 24
40 34
35 24
35 34
38 23
38 35
37 23
37 35
39 23
39 35
36 23
36 35
40 23
40 35
35 23
35 35
38 22
37 22
39 22
36 22
40 22
35 22
0
No
0
No
0
Yes
32 31
32 32
33 31
33 32
31 31
32 30
33 30
34 31
34 32
31 30
34 30
30 31
30 30
0
No
0
Yes
21 3
20 3
21 2
21 4
22 3
20 2
20 4
22 2
22 4
19 3
21 1
21 5
23 3
19 2
19 4
20 1
20 5
22 1
22 5
23 2
23 4
19 1
19 5
23 1
23 5
18 3
21 0
24 3
18 2
18 4
20 0
22 0
24 2
24 4
18 1
18 5
19 0
23 0
24 1
24 5
17 3
17 2
17 4
18 0
24 0
17 1
17 5
17 0
0
No
0
Yes
41 28
41 27
42 27
42 28
43 27
43 28
43 29
42 29
41 29
41 26
0
No
0
Yes
23 38
23 39
22 38
22 39
24 38
24 39
23 37
22 37
24 37
21 38
0
No
0
No
0
No
0
No
0
Yes
37 39
36 39
36 38
37 38
36 37
37 37
38 37
38 38
38 39
35 37
35 38
35 39
39 39
39 38
39 37
38 36
37 36
36 36
35 36
39 36
34 39
34 38
34 37
34 36
37 35
36 35
38 35
35 35
39 35
34 35
33 38
33 37
33 36
33 35
33 39
40 35
40 36
40 37
36 34
37 34
38 34
35 34
39 34
34 34
40 34
33 34
37 33
36 33
38 33
35 33
39 33
34 33
40 33
33 33
0
No
0
No
0
No
0
Yes
37 28
36 28
36 27
37 27
36 26
37 26
38 26
38 27
38 28
35 26
35 27
35 28
38 29
37 29
36 29
35 29
39 28
39 27
39 29
39 26
38 25
37 25
36 25
35 25
39 25
37 30
36 30
38 30
35 30
39 30
40 27
40 28
40 29
40 26
40 30
40 25
37 24
38 24
36 24
39 24
35 24
40 24
36 31
37 31
38 31
39 31
35 31
40 31
41 28
41 27
41 29
41 26
41 25
36 23
37 23
38 23
39 23
35 23
40 23
37 32
38 32
39 32
40 32
36 32
35 32
0
Yes
27 6
26 6
26 5
26 7
27 7
25 7
25 6
25 5
25 8
26 8
27 8
27 9
26 9
25 9
24 8
24 7
24 6
24 9
26 10
25 10
27 10
24 10
23 6
23 7
23 8
23 9
23 10
27 11
26 11
25 11
24 11
23 11
22 7
22 8
22 9
22 10
22 6
22 11
26 12
25 12
24 12
23 12
27 12
22 12
21 6
21 7
21 8
21 9
21 10
21 11
21 12
27 13
26 13
25 13
24 13
23 13
22 13
21 13
20 7
20 8
20 9
20 10
20 11
20 12
20 6
20 13
26 14
25 14
24 14
23 14
22 14
21 14
27 14
20 14
28 13
28 12
28 11
28 14
19 6
19 7
19 8
19 9
19 10
19 11
19 12
19 13
27 15
26 15
25 15
24 15
23 15
22 15
21 15
28 15
20 15
29 11
29 12
29 13
29 14
29 15
18 7
18 8
18 9
18 10
18 11
18 12
18 6
18 13
26 16
27 16
25 16
24 16
23 16
28 16
22 16
29 16
21 16
17 6
17 7
17 8
17 9
17 10
17 11
17 12
17 13
0
Yes
0 49
0 48
1 48
1 49
2 48
2 49
2 47
1 47
0 47
0 46
1 46
2 46
3 47
3 48
3 49
3 46
1 45
2 45
0 45
3 45
4 49
4 48
4 47
4 46
4 45
0 44
1 44
2 44
3 44
4 44
5 48
5 47
5 46
5 45
5 49
5 44
1 43
2 43
3 43
4 43
0 43
5 43
6 49
6 48
6 47
6 46
6 45
6 44
6 43
0 42
1 42
2 42
3 42
4 42
5 42
6 42
7 48
7 47
7 46
7 45
7 44
7 43
7 42
7 49
1 41
2 41
3 41
4 41
5 41
6 41
0 41
7 41
8 45
8 44
8 43
8 42
0
No
0
Yes
15 10
14 10
15 9
15 11
16 10
14 9
14 11
16 9
16 11
13 10
15 8
15 12
13 9
13 11
14 8
14 12
16 8
16 12
13 8
13 12
15 7
14 7
0
No
0
No
0
Yes
11 9
10 9
11 8
11 10
12 9
10 8
10 10
12 8
12 10
9 9
11 7
9 8
9 10
10 7
12 7
9 7
0
No
0
No
0
No
0
No
0
Yes
10 40
10 41
10 42
10 43
10 44
10 45
11 40
11 41
11 42
11 43
11 44
11 45
12 40
12 41
12 42
12 43
12 44
12 45
13 40
13 41
13 42
13 43
13 44
13 45
14 40
14 41
14 42
14 43
14 44
14 45
15 40
15 41
15 42
15 43
15 44
15 45
16 40
16 41
16 42
16 43
16 44
16 45
0
No
0
Yes
40 20
39 20
39 19
40 19
39 18
40 18
41 18
41 19
41 20
38 18
38 19
38 20
41 21
40 21
39 21
38 21
42 20
42 19
42 21
42 18
41 17
42 17
40 17
39 17
40 22
39 22
38 22
41 22
42 22
43 19
43 20
43 21
43 18
43 17
44 20
44 19
44 18
44 21
44 17
0
No
0
No
0
No
0
No
0
Yes
12 13
12 14
12 15
13 13
13 14
0
No
0
No
0
No
0
Yes
42 19
42 20
43 19
43 20
41 19
41 20
42 18
42 21
43 18
43 21
44 19
44 20
41 18
41 21
44 18
44 21
40 19
40 20
42 17
43 17
45 19
45 20
40 18
40 21
41 17
44 17
45 18
45 21
39 19
39 20
40 17
45 17
39 18
39 21
39 17
0
Yes
3 39
3 40
2 39
2 40
4 39
4 40
3 38
2 38
4 38
1 39
1 40
5 39
5 40
1 38
5 38
0 39
0 40
0 38
0
No
0
Yes
38 8
37 8
37 7
38 7
39 7
39 8
39 9
38 6
39 6
40 8
40 7
40 9
40 6
40 10
39 10
38 10
38 11
39 11
40 11
39 5
38 5
40 5
37 5
41 7
41 8
41 9
41 6
41 10
41 5
41 11
38 4
39 4
40 4
37 4
41 4
42 8
42 7
42 9
42 6
42 10
42 5
42 11
42 4
39 12
40 12
41 12
38 12
42 12
37 12
36 4
36 5
38 13
39 13
40 13
41 13
37 13
42 13
37 3
38 3
39 3
40 3
41 3
36 3
42 3
36 13
36 12
35 12
38 2
39 2
40 2
41 2
42 2
37 14
38 14
39 14
40 14
41 14
36 14
42 14
38 15
37 15
39 15
40 15
41 15
36 15
42 15
39 1
40 1
41 1
38 1
42 1
39 16
38 16
40 16
41 16
42 16
40 0
39 0
41 0
42 0
0
No
0
No
0
Yes
23 18
23 17
24 17
24 18
25 17
25 18
24 19
25 19
24 20
25 20
0
Yes
47 15
46 15
46 16
47 16
46 17
47 17
48 17
48 16
48 15
49 15
49 16
49 17
49 18
48 18
47 18
47 19
48 19
49 19
0
No
0
Yes
29 34
28 34
28 33
29 33
28 32
29 32
30 32
30 33
30 34
27 32
27 33
27 34
30 35
29 35
28 35
27 35
31 34
31 33
31 35
31 32
26 34
26 33
26 35
26 32
29 36
28 36
30 36
27 36
31 36
26 36
32 35
32 36
32 34
32 33
25 35
25 34
25 36
25 33
28 37
29 37
30 37
27 37
31 37
26 37
32 37
25 37
24 37
24 36
24 35
24 34
29 38
28 38
30 38
27 38
26 38
31 38
25 38
32 38
24 38
23 38
23 37
23 36
23 35
23 34
28 39
29 39
30 39
27 39
26 39
25 39
31 39
24 39
23 39
32 39
22 39
22 38
22 37
22 36
0
Yes
22 2
22 3
23 2
23 3
21 2
21 3
22 1
22 4
23 1
23 4
24 2
24 3
21 1
21 4
24 1
24 4
20 2
20 3
22 0
23 0
25 2
25 3
20 1
20 4
21 0
24 0
25 1
25 4
19 2
19 3
20 0
25 0
26 2
26 3
19 1
19 4
26 1
26 4
19 0
26 0
18 2
18 3
27 2
27 3
18 1
18 4
27 1
18 0
27 0
17 2
17 3
17 1
17 4
17 0
0
No
0
No
1
621
27 41
27 42
27 43
27 44
27 45
27 46
27 47
27 48
27 49
28 41
28 42
28 43
28 44
28 45
28 46
28 47
28 48
28 49
29 41
29 42
29 43
29 44
29 45
29 46
29 47
29 48
29 49
30 41
30 42
30 43
30 44
30 45
30 46
30 47
30 48
30 49
31 41
31 42
31 43
31 44
31 45
31 46
Yes
9 38
9 39
9 40
9 41
9 42
9 43
9 44
9 45
10 38
10 39
10 40
10 41
10 42
10 43
10 44
10 45
11 38
11 39
11 40
11 41
11 42
11 43
11 44
11 45
12 38
12 39
12 40
12 41
12 42
12 43
12 44
12 45
13 38
13 39
13 40
13 41
13 42
13 43
13 44
13 45
14 38
14 39
14 40
14 41
14 42
14 43
14 44
14 45
15 38
15 39
15 40
15 41
15 42
15 43
15 44
15 45
16 38
16 39
16 40
16 41
16 42
16 43
16 44
16 45
17 38
0
No
0
No
0
No
0
No
0
Yes
24 2
24 3
25 2
25 3
23 2
23 3
24 1
24 4
25 1
25 4
26 2
26 3
23 1
23 4
26 1
26 4
22 2
22 3
24 0
25 0
27 2
27 3
22 1
22 4
23 0
26 0
27 1
21 2
21 3
22 0
27 0
21 1
21 4
0
No
0
Yes
45 49
46 49
45 48
46 48
44 49
0
No
0
Yes
32 2
31 2
31 1
32 1
31 0
32 0
33 0
33 1
33 2
30 0
30 1
30 2
33 3
32 3
31 3
30 3
34 2
34 1
34 3
34 0
29 2
29 1
29 3
29 0
32 4
31 4
33 4
30 4
34 4
29 4
35 1
35 2
35 3
35 0
35 4
28 1
28 2
28 3
28 0
31 5
32 5
33 5
30 5
34 5
29 5
36 2
36 1
36 3
36 0
36 4
32 6
31 6
33 6
30 6
34 6
37 1
37 2
37 3
37 0
37 4
38 2
38 1
38 3
38 0
38 4
38 5
37 5
36 5
38 6
38 7
39 7
39 6
39 5
39 4
39 3
39 2
39 1
39 0
37 7
37 8
38 8
39 8
40 8
40 7
40 6
40 5
40 4
40 3
40 2
40 1
40 0
39 9
40 9
41 9
41 8
41 7
41 6
41 5
41 4
41 3
41 2
41 1
41 0
41 10
40 10
39 10
42 10
42 9
42 8
42 7
42 6
42 5
42 4
42 3
42 2
42 1
42 0
39 11
40 11
41 11
0
No
0
Yes
30 35
29 35
29 34
30 34
29 33
30 33
31 33
31 34
31 35
28 33
28 34
28 35
31 36
30 36
29 36
28 36
32 35
32 36
32 34
32 33
31 32
30 32
29 32
28 32
27 35
27 34
27 33
27 36
27 32
30 37
29 37
31 37
28 37
32 37
27 37
26 34
26 35
26 36
26 33
26 37
26 32
29 38
30 38
28 38
31 38
27 38
32 38
26 38
25 35
25 36
25 34
25 37
25 38
25 33
30 39
29 39
28 39
27 39
31 39
26 39
25 39
32 39
24 34
24 35
24 36
24 37
24 38
24 39
29 40
30 40
31 40
28 40
27 40
23 35
23 36
23 37
23 38
23 34
23 39
22 34
22 35
22 36
22 37
22 38
22 39
0
No
0
No
0
Yes
43 28
43 29
42 28
42 29
43 27
42 27
0
No
0
No
0
Yes
12 12
11 12
12 11
11 11
3
558
8 0
8 1
8 2
8 3
8 4
8 5
9 0
9 1
9 2
9 3
9 4
9 5
10 0
10 1
10 2
10 3
10 4
10 5
11 0
11 1
11 2
11 3
11 4
11 5
12 0
12 1
12 2
12 3
12 4
12 5
13 0
13 1
13 2
13 3
13 4
13 5
14 0
14 1
14 2
14 3
14 4
14 5
15 0
15 1
15 2
15 3
15 4
15 5
16 0
16 1
16 2
16 3
16 4
16 5
17 0
17 1
17 2
17 3
17 4
17 5
18 0
18 1
18 2
18 3
18 4
18 5
613
36 12
36 13
36 14
36 15
37 12
37 13
37 14
37 15
38 12
38 13
38 14
38 15
39 12
39 13
39 14
39 15
40 12
40 13
40 14
40 15
41 12
41 13
616
9 46
9 47
9 48
9 49
10 46
10 47
10 48
10 49
11 46
11 47
11 48
11 49
12 46
12 47
12 48
12 49
Yes
8 6
8 7
8 8
8 9
8 10
9 6
9 7
9 8
9 9
9 10
10 6
10 7
10 8
10 9
10 10
11 6
11 7
11 8
11 9
11 10
12 6
12 7
12 8
12 9
12 10
13 6
13 7
13 8
13 9
13 10
14 6
14 7
14 8
14 9
14 10
15 6
15 7
15 8
15 9
15 10
0
No
0
No
0
No
0
No
0
No
0
No
0
No
0
No
0
No
0
No
0
No
0
No
0
No
0
No
0
No
0
Yes
39 14
38 14
38 13
39 13
38 12
39 12
40 12
40 13
40 14
37 12
37 13
37 14
40 15
39 15
38 15
37 15
41 14
41 13
41 15
41 12
36 14
36 13
36 15
36 12
39 16
40 16
41 16
38 16
42 13
42 14
42 15
42 16
0
No
0
No
0
No
0
No
0
No
0
No
0
Yes
35 44
34 44
34 43
35 43
34 42
35 42
36 42
36 43
36 44
33 42
33 43
33 44
36 45
35 45
34 45
33 45
37 43
37 44
37 45
36 41
35 41
34 41
33 41
32 44
32 43
32 42
32 41
32 45
35 40
34 40
33 40
36 40
32 40
34 39
35 39
33 39
36 39
35 38
34 38
36 38
33 38
34 37
35 37
36 37
33 37
37 37
37 38
37 39
35 36
34 36
36 36
33 36
37 36
38 39
38 38
38 37
38 36
38 35
37 35
36 35
35 35
34 35
33 35
39 38
39 37
39 36
39 39
39 35
39 34
38 34
37 34
36 34
35 34
34 34
33 34
40 37
40 36
40 35
40 34
40 33
39 33
38 33
37 33
36 33
35 33
34 33
33 33
41 37
41 36
38 40
39 40
0
Yes
9 14
8 14
9 13
9 15
10 14
8 13
8 15
10 13
10 15
7 14
9 12
7 13
7 15
8 12
10 12
7 12
0
No
0
No
0
No
0
No
0
No
0
No
0
No
0
No
0
Yes
41 34
40 34
40 33
40 35
39 33
39 34
39 35
39 36
40 36
41 36
38 34
38 35
38 33
38 36
41 37
40 37
39 37
38 37
37 33
37 34
37 35
37 36
37 37
39 38
38 38
37 38
36 34
36 35
36 36
36 37
36 33
36 38
38 39
37 39
39 39
36 39
40 39
35 33
35 34
35 35
35 36
35 37
35 38
35 39
40 40
39 40
38 40
41 40
34 34
34 35
34 36
34 37
34 38
34 33
34 39
34 32
38 41
36 40
35 40
34 40
33 33
33 34
33 35
33 36
33 37
33 38
33 39
33 32
33 40
33 31
34 31
34 30
33 30
32 32
32 31
32 30
35 41
34 41
36 41
33 41
36 42
35 42
34 42
33 42
31 31
31 30
32 40
32 41
32 42
35 43
34 43
33 43
36 43
32 43
37 43
37 44
36 44
35 44
34 44
33 44
32 44
30 30
30 31
36 45
35 45
34 45
33 45
37 45
32 45
29 31
42 36
0
No
0
No
0
No
0
Yes
2 39
2 40
1 39
1 40
3 39
3 40
2 38
1 38
3 38
0 39
0 40
0
No
0
Yes
22 3
21 3
22 2
22 4
23 3
21 2
21 4
23 2
23 4
20 3
22 1
22 5
24 3
20 2
20 4
21 1
21 5
23 1
23 5
24 2
24 4
20 1
20 5
24 1
24 5
19 3
22 0
25 3
19 2
19 4
21 0
23 0
25 2
25 4
19 1
19 5
20 0
24 0
25 1
18 3
18 2
18 4
19 0
25 0
18 1
18 5
18 0
0
Yes
18 16
17 16
18 15
18 17
19 16
17 15
17 17
19 15
19 17
16 16
18 14
16 15
16 17
17 14
19 14
16 14
0
No
0
Yes
1 10
0 10
0 9
1 9
0 8
1 8
0 7
1 7
2 7
2 8
2 9
2 6
1 6
0 6
3 9
3 8
3 7
3 6
1 5
2 5
0 5
3 5
4 8
4 7
4 6
4 9
4 5
0 4
1 4
2 4
3 4
4 4
5 9
5 8
5 7
5 6
5 5
5 4
1 3
2 3
3 3
4 3
0 3
5 3
6 8
6 7
6 6
6 5
6 4
6 9
6 3
0 2
1 2
2 2
3 2
4 2
5 2
6 2
7 9
7 8
7 7
7 6
7 5
7 4
7 3
7 2
1 1
2 1
3 1
4 1
5 1
6 1
0 1
7 1
8 5
8 4
8 3
8 2
8 1
0 0
1 0
2 0
3 0
4 0
5 0
6 0
7 0
8 0
9 4
9 3
9 2
9 1
9 5
9 0
10 5
10 4
10 3
10 2
10 1
10 0
11 4
11 3
11 2
11 1
11 5
11 0
12 5
12 4
12 3
12 2
12 1
12 0
13 4
13 3
13 2
13 1
13 5
13 0
14 5
14 4
14 3
14 2
14 1
14 0
0
No
0
No
0
No
0
No
0
No
1
663
0 26
0 27
0 28
0 29
0 30
1 26
1 27
1 28
1 29
1 30
2 26
2 27
2 28
2 29
2 30
3 26
3 27
3 28
3 29
3 30
4 26
4 27
4 28
4 29
4 30
5 26
5 27
5 28
5 29
5 30
6 26
6 27
6 28
6 29
6 30
7 26
7 27
7 28
7 29
7 30
Yes
0 0
0 1
0 2
0 3
0 4
0 5
0 6
0 7
0 8
0 9
1 0
1 1
1 2
1 3
1 4
1 5
1 6
1 7
1 8
1 9
2 0
2 1
2 2
2 3
2 4
2 5
2 6
2 7
2 8
2 9
3 0
3 1
3 2
3 3
3 4
3 5
3 6
3 7
3 8
3 9
4 0
4 1
4 2
4 3
4 4
4 5
4 6
4 7
4 8
4 9
5 0
5 1
5 2
5 3
5 4
5 5
5 6
5 7
5 8
5 9
6 0
6 1
6 2
6 3
6 4
6 5
6 6
6 7
6 8
6 9
7 0
7 1
7 2
7 3
7 4
7 5
7 6
7 7
7 8
7 9
8 0
8 1
8 2
8 3
8 4
8 5
8 6
8 7
8 8
8 9
9 0
9 1
9 2
9 3
9 4
9 5
9 6
9 7
9 8
9 9
10 0
10 1
10 2
10 3
10 4
10 5
10 6
10 7
10 8
10 9
11 0
11 1
11 2
11 3
11 4
11 5
11 6
11 7
11 8
11 9
12 0
12 1
12 2
12 3
12 4
12 5
12 6
12 7
12 8
12 9
13 0
13 1
13 2
13 3
13 4
13 5
13 6
13 7
13 8
13 9
14 0
14 1
14 2
14 3
14 4
14 5
0
Yes
31 26
30 26
30 25
31 25
30 24
31 24
32 24
32 25
32 26
29 24
29 25
29 26
32 27
31 27
30 27
29 27
33 26
33 25
33 27
33 24
31 28
30 28
32 28
33 28
29 28
34 25
34 26
34 27
34 24
34 28
32 29
31 29
30 29
33 29
34 29
35 26
35 27
35 25
35 28
35 24
35 29
31 30
32 30
33 30
34 30
30 30
35 30
36 25
36 26
36 27
36 28
36 29
36 24
36 30
35 23
34 23
33 23
36 23
30 31
31 31
32 31
33 31
34 31
35 31
36 31
37 26
37 25
37 27
37 28
37 29
37 24
37 30
37 23
37 31
33 22
34 22
35 22
36 22
37 22
32 32
33 32
34 32
35 32
36 32
37 32
38 25
38 26
38 27
38 24
38 28
38 29
38 30
38 23
38 31
38 22
38 32
34 21
35 21
36 21
37 21
38 21
33 21
0
No
0
Yes
33 38
33 37
34 37
34 38
35 37
35 38
35 39
34 39
33 39
35 36
34 36
33 36
33 40
34 40
35 40
36 39
36 38
36 37
36 36
36 40
33 35
34 35
35 35
36 35
34 41
35 41
33 41
36 41
37 38
37 37
37 39
37 36
37 35
34 34
35 34
36 34
33 34
37 34
33 42
34 42
35 42
36 42
38 37
38 36
38 38
38 35
38 39
38 34
33 33
34 33
35 33
36 33
37 33
38 33
32 42
32 41
32 40
39 38
39 37
39 36
39 35
39 34
39 39
39 33
32 43
33 43
34 43
35 43
36 43
40 37
40 36
40 35
40 34
40 33
33 44
34 44
35 44
32 44
36 44
32 45
33 45
34 45
35 45
36 45
37 45
37 44
37 43
0
Yes
43 15
42 15
42 14
42 16
43 16
44 16
44 15
45 15
45 16
41 14
41 15
41 16
41 13
42 13
40 15
40 14
40 16
40 13
42 12
41 12
40 12
46 16
46 15
46 17
47 15
47 16
47 17
39 14
39 15
39 13
39 16
39 12
38 15
38 14
38 13
38 16
38 12
47 18
48 16
48 17
48 15
48 18
49 15
49 16
49 17
49 18
0
Yes
35 40
34 40
34 39
35 39
34 41
35 41
36 39
36 40
36 41
35 38
34 38
36 38
35 42
34 42
36 42
33 39
33 40
33 41
33 38
33 42
37 38
37 39
32 40
32 41
32 42
34 37
35 37
36 37
33 37
37 37
34 43
35 43
33 43
36 43
32 43
38 39
38 38
38 37
38 40
37 43
35 36
34 36
36 36
37 36
33 36
38 36
35 44
34 44
36 44
33 44
37 44
32 44
39 40
39 39
39 38
39 37
39 36
34 35
35 35
36 35
37 35
38 35
33 35
39 35
34 45
35 45
36 45
33 45
37 45
32 45
40 39
40 40
40 41
40 37
40 36
40 35
35 34
34 34
36 34
37 34
38 34
39 34
33 34
40 34
35 46
34 46
36 46
33 46
37 46
32 46
41 40
34 33
35 33
36 33
37 33
38 33
39 33
33 33
40 33
34 47
35 47
36 47
33 47
37 47
32 47
41 36
41 37
38 47
0
No
0
No
0
No
0
No
0
No
0
Yes
14 6
14 7
15 7
15 6
15 5
16 6
16 5
16 7
15 8
14 8
16 8
16 4
15 4
14 9
15 9
16 9
15 3
16 3
17 5
17 4
17 3
15 10
14 10
16 10
13 10
16 2
15 2
17 2
14 11
15 11
13 11
16 11
15 1
16 1
17 1
12 11
12 10
11 10
11 11
13 12
14 12
15 12
12 12
16 12
11 12
16 0
15 0
17 0
10 11
10 10
9 10
9 11
15 13
16 13
12 13
13 13
8 11
8 10
7 10
7 11
13 14
12 14
0
Yes
2 24
2 25
1 25
1 26
2 26
1 27
2 27
0 27
0 26
0 25
0 28
1 28
2 28
2 29
1 29
0 29
3 28
3 27
3 26
3 29
3 30
2 30
1 30
0 30
4 26
4 27
4 28
4 29
4 30
5 27
5 28
5 29
5 26
5 30
6 26
6 27
6 28
6 29
6 30
7 27
7 28
7 29
7 30
7 26
8 27
8 28
9 27
9 28
5 25
6 25
0
No
0
Yes
13 14
12 14
12 13
13 13
12 12
13 12
12 11
13 11
12 10
13 10
14 10
14 11
14 12
11 10
11 11
11 12
15 12
15 11
15 10
16 11
16 12
16 10
16 9
15 9
14 9
14 8
15 8
16 8
15 7
14 7
16 7
16 6
15 6
14 6
10 10
10 11
15 13
16 13
12 15
0
No
0
Yes
30 0
30 1
30 2
30 3
30 4
30 5
30 6
31 0
31 1
31 2
31 3
31 4
31 5
31 6
32 0
32 1
32 2
32 3
32 4
32 5
32 6
33 0
33 1
33 2
33 3
33 4
33 5
33 6
34 0
34 1
34 2
34 3
34 4
34 5
34 6
35 0
35 1
35 2
35 3
35 4
0
Yes
39 0
38 0
38 1
39 1
38 2
39 2
40 2
40 1
40 0
37 2
37 1
37 0
41 0
41 1
41 2
40 3
39 3
38 3
37 3
41 3
36 0
36 1
36 2
36 3
42 1
42 2
42 3
42 0
39 4
38 4
40 4
37 4
41 4
36 4
42 4
38 5
39 5
40 5
41 5
42 5
37 5
36 5
39 6
40 6
38 6
0
No
0
Yes
42 22
41 22
41 21
42 21
41 23
43 21
42 20
41 20
43 20
40 21
40 22
40 23
40 20
40 24
44 20
44 21
39 22
39 21
39 23
39 20
39 24
41 19
42 19
43 19
40 19
44 19
39 19
45 21
45 20
45 19
42 18
41 18
43 18
40 18
44 18
39 18
45 18
39 25
40 25
41 25
41 26
40 26
39 26
38 20
38 19
38 18
41 17
42 17
43 17
40 17
44 17
39 17
45 17
40 27
41 27
39 27
42 27
42 28
41 28
40 28
39 28
43 28
43 27
41 29
42 29
40 29
43 29
39 29
0
Yes
6 39
6 40
5 39
5 40
7 39
7 40
6 38
5 38
7 38
4 39
4 40
4 38
0
No
0
No
0
No
0
Yes
19 14
18 14
18 15
19 15
18 16
19 16
17 16
17 15
17 14
16 14
16 15
16 16
17 17
18 17
16 17
19 17
15 15
15 16
15 14
0
Yes
9 37
10 37
8 37
8 38
9 36
10 36
8 36
0
No
0
Yes
7 22
8 22
8 21
8 23
9 21
9 22
9 23
9 20
9 24
8 24
10 22
10 21
10 23
10 20
10 24
8 25
9 25
10 25
11 23
11 22
11 24
11 25
10 19
9 19
9 26
10 26
8 26
11 26
7 26
7 27
8 27
9 27
12 22
6 27
6 26
6 25
5 25
5 26
5 27
4 26
4 27
12 21
12 24
6 28
7 28
8 28
5 28
9 28
4 28
3 27
3 26
3 28
2 26
2 27
2 28
2 25
11 27
12 26
1 25
1 26
1 27
1 28
7 29
6 29
5 29
4 29
3 29
2 29
1 29
0 26
0 27
0 28
0 25
0 29
0 24
6 30
5 30
4 30
3 30
2 30
1 30
7 30
0 30
8 30
8 31
2 24
12 20
13 22
13 24
0
No
0
No
0
Yes
40 41
40 40
39 40
39 39
40 39
38 39
38 40
38 38
39 38
38 37
39 37
37 37
37 38
37 39
37 36
38 36
39 36
36 39
36 38
36 37
36 36
39 35
38 35
37 35
36 35
40 35
40 36
40 37
35 38
35 37
35 36
35 39
35 35
40 34
39 34
38 34
37 34
36 34
35 34
41 36
41 37
34 39
34 38
34 37
34 36
34 35
34 34
39 33
38 33
37 33
36 33
35 33
40 33
34 33
34 40
35 40
36 40
36 41
35 41
34 41
33 38
33 39
33 37
33 36
33 35
33 40
33 41
33 34
33 33
35 42
34 42
36 42
33 42
32 40
32 41
32 42
36 43
35 43
34 43
33 43
32 43
35 44
34 44
33 44
36 44
32 44
36 45
35 45
34 45
33 45
32 45
37 45
37 44
37 43
37 46
36 46
35 46
34 46
33 46
32 46
0
No
0
No
0
Yes
0 30
0 29
1 29
1 30
2 29
2 30
2 28
1 28
0 28
0 27
1 27
2 27
3 28
3 29
3 30
3 27
1 26
2 26
0 26
3 26
4 30
4 29
4 28
4 27
4 26
0 25
1 25
2 25
5 29
5 28
5 27
5 30
5 26
6 30
6 29
6 28
6 27
6 26
7 29
7 28
7 27
7 26
7 30
8 28
8 27
8 26
5 25
6 25
8 25
8 24
9 24
9 25
9 26
9 27
9 28
0
No
0
Yes
21 46
21 47
22 46
22 47
20 46
20 47
21 45
21 48
22 45
22 48
23 46
23 47
20 45
20 48
23 45
23 48
19 46
19 47
21 44
21 49
22 44
22 49
24 46
24 47
19 45
19 48
20 44
20 49
23 44
23 49
24 45
24 48
18 46
18 47
19 44
19 49
21 43
22 43
24 44
24 49
25 46
25 47
18 45
18 48
20 43
23 43
25 45
25 48
18 44
18 49
19 43
24 43
25 44
25 49
17 46
17 47
26 46
26 47
17 45
17 48
26 45
26 48
18 43
25 43
17 44
17 49
26 44
26 49
16 46
16 47
16 48
17 43
26 43
16 49
0
No
0
Yes
42 19
42 20
43 19
43 20
41 19
41 20
42 18
42 21
43 18
43 21
44 19
44 20
41 18
41 21
44 18
44 21
40 19
40 20
42 17
43 17
45 19
45 20
40 18
40 21
41 17
44 17
45 18
45 21
39 19
39 20
40 17
45 17
39 18
39 21
0
Yes
28 2
27 2
28 1
28 3
29 2
27 1
27 3
29 1
29 3
26 2
28 0
26 1
26 3
27 0
29 0
26 0
0
Yes
42 27
41 27
41 26
41 28
42 28
40 28
40 27
40 26
40 29
41 29
42 29
39 27
39 28
39 26
39 29
43 29
43 28
43 27
39 25
40 25
41 25
0
No
0
No
0
Yes
12 44
12 45
13 44
13 45
11 44
11 45
12 43
12 46
13 43
13 46
14 44
14 45
11 43
11 46
14 43
14 46
10 44
10 45
12 42
12 47
13 42
13 47
15 44
15 45
10 43
10 46
11 42
11 47
14 42
14 47
15 43
15 46
9 44
9 45
10 42
10 47
12 41
12 48
13 41
13 48
15 42
15 47
9 43
9 46
11 41
11 48
14 41
14 48
9 42
9 47
10 41
10 48
15 41
15 48
12 40
12 49
13 40
13 49
11 40
11 49
14 40
14 49
9 41
9 48
10 40
10 49
15 40
15 49
12 39
13 39
9 40
9 49
11 39
14 39
10 39
15 39
9 39
0
Yes
29 46
29 47
30 46
30 47
28 46
28 47
29 45
29 48
30 45
30 48
31 46
31 47
28 45
28 48
31 45
31 48
27 46
27 47
29 44
29 49
30 44
30 49
27 45
27 48
28 44
28 49
31 44
31 49
27 44
27 49
29 43
30 43
28 43
31 43
27 43
0
No
0
No
0
Yes
0 30
0 29
1 29
1 30
2 29
2 30
2 28
1 28
0 28
0 27
1 27
2 27
3 28
3 29
3 30
3 27
1 26
2 26
0 26
3 26
4 30
4 29
4 28
4 27
4 26
0 25
1 25
2 25
5 29
5 28
5 27
5 30
5 26
6 30
6 29
6 28
6 27
6 26
7 29
7 28
7 27
7 26
7 30
8 28
8 27
8 26
5 25
6 25
8 25
8 24
9 24
9 25
9 26
9 27
9 28
0
No
0
No
0
Yes
21 40
20 40
20 41
21 41
22 41
22 40
21 42
20 42
22 42
23 40
23 41
23 42
19 41
19 40
19 42
19 39
18 40
18 41
18 39
18 42
24 41
24 40
24 42
18 38
19 38
25 40
25 41
25 42
17 39
17 40
17 41
17 38
17 42
16 40
16 39
16 41
16 38
16 42
17 37
16 37
26 41
26 40
26 42
16 43
0
Yes
37 8
37 7
38 7
38 8
39 7
39 8
40 7
40 8
41 7
41 8
41 9
40 9
39 9
42 9
42 8
42 7
39 10
40 10
41 10
42 10
40 11
39 11
41 11
42 11
41 6
42 6
38 10
38 11
36 8
0
No
0
No
0
Yes
40 31
40 32
41 31
41 32
39 31
39 32
40 30
39 30
0
Yes
16 3
16 4
17 3
17 4
15 3
15 4
16 2
16 5
17 2
17 5
15 2
15 5
16 1
17 1
15 1
0
No
0
Yes
42 19
42 20
43 19
43 20
41 19
41 20
42 18
42 21
43 18
43 21
44 19
44 20
41 18
41 21
44 18
44 21
40 19
40 20
42 17
43 17
45 19
45 20
40 18
40 21
41 17
44 17
45 18
45 21
39 19
39 20
40 17
45 17
39 18
39 21
0
No
0
No
0
No
0
No
0
Yes
9 37
9 38
10 37
10 38
8 37
8 38
9 36
10 36
8 36
0
No
0
Yes
3 28
3 29
4 28
4 29
2 28
2 29
3 27
3 30
4 27
4 30
5 28
5 29
2 27
2 30
5 27
5 30
1 28
1 29
3 26
4 26
6 28
6 29
1 27
1 30
2 26
5 26
6 27
6 30
0 28
0 29
1 26
6 26
0 27
0 30
0
Yes
22 11
23 11
22 10
22 12
23 10
23 12
21 11
24 11
21 10
21 12
24 10
24 12
22 9
22 13
23 9
23 13
20 11
21 9
21 13
24 9
24 13
25 11
20 10
20 12
25 10
25 12
22 8
22 14
23 8
23 14
20 9
20 13
25 9
25 13
21 8
21 14
24 8
24 14
19 11
26 11
19 10
19 12
26 10
26 12
20 8
20 14
25 8
25 14
19 9
19 13
22 7
22 15
23 7
23 15
26 9
26 13
21 7
21 15
24 7
24 15
18 11
27 11
18 10
18 12
19 8
19 14
26 8
26 14
27 10
27 12
20 7
20 15
25 7
25 15
18 9
18 13
27 9
27 13
22 6
23 6
21 6
24 6
19 7
19 15
26 7
26 15
18 8
18 14
27 8
27 14
17 11
17 10
17 12
20 6
25 6
17 9
17 13
18 7
18 15
27 7
27 15
19 6
26 6
17 8
17 14
18 6
0
No
0
Yes
12 48
11 48
12 47
12 49
13 48
11 47
11 49
13 47
13 49
10 48
12 46
14 48
10 47
10 49
11 46
13 46
14 47
14 49
10 46
14 46
9 48
15 48
9 47
9 49
15 47
15 49
9 46
15 46
8 48
8 47
8 49
8 46
0
Yes
34 48
34 49
35 48
35 49
33 48
33 49
34 47
35 47
36 48
36 49
33 47
36 47
32 48
32 49
32 47
0
No
0
No
0
No
0
Yes
38 48
39 48
38 47
38 49
39 47
39 49
37 48
37 47
37 49
0
No
0
No
0
No
0
Yes
24 37
25 37
24 36
24 38
25 36
25 38
23 37
26 37
23 36
23 38
26 36
26 38
24 35
24 39
25 35
25 39
22 37
23 35
23 39
26 35
26 39
22 36
22 38
24 34
25 34
22 35
22 39
23 34
26 34
22 34
0
No
0
Yes
48 20
49 20
48 19
49 19
0
No
0
Yes
29 15
30 15
29 14
29 16
30 16
28 15
28 14
28 16
29 13
28 13
2
760
18 0
18 1
18 2
18 3
18 4
18 5
19 0
19 1
19 2
19 3
19 4
19 5
20 0
20 1
20 2
20 3
20 4
20 5
21 0
21 1
21 2
21 3
21 4
21 5
22 0
22 1
22 2
22 3
22 4
22 5
23 0
23 1
23 2
23 3
23 4
23 5
24 0
24 1
24 2
24 3
24 4
24 5
25 0
25 1
786
0 26
0 27
0 28
0 29
0 30
1 26
1 27
1 28
1 29
1 30
2 26
2 27
2 28
2 29
2 30
3 26
3 27
3 28
3 29
3 30
4 26
4 27
4 28
4 29
4 30
5 26
5 27
5 28
5 29
5 30
Yes
22 34
22 35
22 36
22 37
22 38
22 39
22 40
22 41
22 42
23 34
23 35
23 36
23 37
23 38
23 39
23 40
23 41
23 42
24 34
24 35
24 36
24 37
24 38
24 39
24 40
24 41
24 42
25 34
25 35
25 36
25 37
25 38
25 39
25 40
25 41
25 42
26 34
26 35
26 36
26 37
26 38
26 39
26 40
26 41
26 42
27 34
27 35
27 36
27 37
27 38
27 39
27 40
27 41
27 42
28 34
28 35
28 36
28 37
28 38
28 39
28 40
28 41
28 42
29 34
29 35
29 36
29 37
29 38
29 39
29 40
29 41
29 42
30 34
30 35
30 36
30 37
30 38
30 39
30 40
30 41
30 42
31 34
31 35
31 36
31 37
31 38
31 39
31 40
31 41
31 42
32 34
32 35
32 36
32 37
32 38
32 39
0
No
0
No
0
No
0
Yes
10 42
9 42
9 41
10 41
9 40
10 40
11 40
11 41
11 42
11 43
10 43
9 43
12 42
12 41
12 43
12 40
11 39
10 39
9 39
12 39
10 44
11 44
9 44
12 44
13 41
13 42
13 43
13 40
13 44
13 39
8 39
8 40
8 41
9 45
10 45
11 45
12 45
13 45
13 38
12 38
11 38
14 42
14 41
14 43
14 40
14 44
14 39
14 45
14 38
15 41
15 42
15 43
15 40
15 44
15 39
15 45
15 38
0
No
0
Yes
0 0
0 1
0 2
0 3
0 4
0 5
0 6
0 7
0 8
0 9
1 0
1 1
1 2
1 3
1 4
1 5
1 6
1 7
1 8
1 9
2 0
2 1
2 2
2 3
2 4
2 5
2 6
2 7
2 8
2 9
3 0
3 1
3 2
3 3
3 4
3 5
3 6
3 7
3 8
3 9
4 0
4 1
4 2
4 3
4 4
4 5
4 6
4 7
4 8
4 9
5 0
5 1
5 2
5 3
5 4
5 5
5 6
5 7
5 8
5 9
6 0
6 1
6 2
6 3
6 4
6 5
6 6
6 7
6 8
6 9
7 0
7 1
7 2
7 3
7 4
7 5
7 6
7 7
7 8
7 9
8 0
8 1
8 2
8 3
8 4
8 5
8 6
8 7
8 8
8 9
9 0
9 1
9 2
9 3
9 4
9 5
9 6
9 7
9 8
9 9
10 0
10 1
10 2
10 3
10 4
10 5
10 6
0
No
0
No
0
No
0
No
0
No
0
No
0
No
0
Yes
38 18
38 19
39 19
39 18
40 19
40 18
40 20
39 20
38 20
41 20
41 19
41 18
42 18
42 19
42 20
41 17
42 17
40 17
39 17
41 21
40 21
39 21
42 21
43 19
43 18
43 20
43 17
43 21
39 22
40 22
41 22
42 22
0
No
0
Yes
34 48
34 49
35 48
35 49
33 48
33 49
34 47
35 47
36 48
36 49
33 47
36 47
32 48
0
No
0
No
0
No
0
No
0
No
0
Yes
45 19
45 20
44 19
44 20
45 18
45 21
44 18
44 21
45 17
44 17
0
No
0
No
0
No
0
Yes
41 28
41 29
42 28
42 29
40 28
40 29
41 27
42 27
43 28
43 29
40 27
43 27
39 28
39 29
39 27
0
Yes
9 48
10 48
9 47
9 49
10 47
10 49
8 48
8 47
8 49
9 46
10 46
8 46
0
Yes
9 21
9 22
10 21
10 22
8 21
8 22
9 20
9 23
10 20
10 23
8 23
9 19
10 19
0
Yes
27 13
26 13
26 12
27 12
26 11
27 11
25 11
25 12
25 13
25 14
26 14
27 14
24 13
24 12
24 14
24 11
25 10
26 10
27 10
24 10
27 15
26 15
25 15
24 15
23 12
23 13
23 14
23 11
23 15
23 10
27 9
26 9
25 9
24 9
23 9
26 16
25 16
24 16
23 16
27 16
22 13
22 12
22 14
22 11
22 15
22 10
22 16
22 9
26 8
25 8
24 8
23 8
27 8
22 8
25 17
24 17
23 17
22 17
21 12
21 13
21 14
21 11
21 10
21 15
21 9
21 8
21 16
27 7
26 7
25 7
24 7
23 7
22 7
21 7
20 13
20 12
20 11
20 10
20 9
20 14
20 15
20 8
20 7
20 6
21 6
22 6
23 6
24 6
25 6
26 6
27 6
19 12
19 13
19 11
19 10
19 9
19 8
19 14
19 7
19 15
19 6
18 13
18 12
18 11
18 10
18 9
18 8
18 14
18 7
18 15
18 6
17 12
17 13
17 11
17 10
17 9
17 8
17 14
17 7
17 15
0
Yes
16 45
15 45
15 44
16 44
15 43
16 43
14 43
14 44
14 45
13 45
13 44
13 43
14 42
15 42
16 42
13 42
12 44
12 43
12 45
12 42
13 46
14 46
15 46
12 46
16 41
15 41
14 41
13 41
12 41
11 45
11 44
11 43
11 42
11 46
11 41
15 47
14 47
13 47
12 47
11 47
15 40
14 40
13 40
12 40
16 40
11 40
10 44
10 43
10 42
10 45
10 41
10 40
14 48
13 48
12 48
15 48
11 48
16 39
15 39
14 39
13 39
12 39
11 39
10 39
17 40
17 41
17 42
17 39
9 45
9 44
9 43
9 42
9 41
9 40
9 39
15 49
14 49
13 49
12 49
11 49
17 38
16 38
15 38
14 38
13 38
0
No
0
No
0
No
0
No
0
No
0
No
0
Yes
48 49
47 49
47 48
48 48
47 47
48 47
49 47
49 48
49 49
49 46
48 46
47 46
46 48
46 49
0
No
0
Yes
25 10
24 10
24 9
25 9
24 8
25 8
26 8
26 9
26 10
23 8
23 9
23 10
26 11
25 11
24 11
23 11
27 10
27 9
27 11
27 8
26 7
25 7
24 7
23 7
27 7
22 10
22 9
22 8
22 11
22 7
25 12
24 12
26 12
23 12
27 12
22 12
25 6
24 6
26 6
23 6
22 6
27 6
21 9
21 10
21 8
21 11
21 7
21 12
21 6
24 13
25 13
23 13
26 13
22 13
27 13
21 13
20 10
20 9
20 11
20 8
20 12
20 7
20 13
20 6
25 14
24 14
23 14
22 14
26 14
21 14
27 14
20 14
28 13
28 12
28 11
28 14
19 9
19 10
19 11
19 8
19 12
19 7
19 13
19 6
19 14
24 15
25 15
26 15
23 15
22 15
21 15
27 15
20 15
28 15
19 15
29 11
29 12
29 13
29 14
29 15
18 10
18 9
18 11
18 8
18 12
18 13
18 7
18 14
18 6
18 15
25 16
24 16
26 16
23 16
27 16
22 16
28 16
29 16
21 16
17 9
17 10
17 11
17 8
17 12
17 13
17 7
17 14
0
Yes
41 34
40 34
40 33
40 35
39 35
39 34
39 33
38 34
38 33
38 35
37 35
37 34
37 33
38 36
39 36
40 36
37 36
36 34
36 35
36 33
36 36
40 37
39 37
38 37
37 37
36 37
35 33
35 34
35 35
35 36
35 37
39 38
38 38
37 38
36 38
35 38
34 34
34 35
34 36
34 37
34 33
34 38
38 39
37 39
36 39
35 39
39 39
34 39
33 33
33 34
33 35
33 36
33 37
33 38
33 39
36 40
35 40
34 40
33 40
35 41
34 41
36 41
33 41
0
Yes
22 10
22 11
23 10
23 11
21 10
21 11
22 9
22 12
23 9
23 12
24 10
24 11
21 9
21 12
24 9
24 12
20 10
20 11
22 8
22 13
23 8
23 13
25 10
25 11
20 9
20 12
21 8
21 13
24 8
24 13
25 9
25 12
19 10
19 11
20 8
20 13
22 7
22 14
23 7
23 14
25 8
25 13
26 10
26 11
19 9
19 12
21 7
21 14
24 7
24 14
26 9
26 12
19 8
19 13
20 7
20 14
25 7
25 14
26 8
26 13
18 10
18 11
22 6
23 6
27 10
27 11
18 9
18 12
21 6
24 6
27 9
27 12
19 7
19 14
26 7
26 14
18 8
18 13
20 6
25 6
27 8
27 13
17 10
17 11
17 9
17 12
18 7
18 14
19 6
26 6
27 7
27 14
17 8
17 13
18 6
27 6
17 7
0
No
0
No
2
754
11 0
11 1
11 2
11 3
11 4
12 0
12 1
12 2
12 3
12 4
13 0
13 1
13 2
13 3
13 4
14 0
14 1
14 2
14 3
14 4
15 0
15 1
15 2
15 3
15 4
16 0
16 1
16 2
16 3
16 4
17 0
17 1
17 2
17 3
17 4
807
6 26
6 27
6 28
7 26
7 27
7 28
8 26
8 27
8 28
9 26
9 27
9 28
10 26
Yes
27 43
27 44
27 45
27 46
27 47
27 48
27 49
28 43
28 44
28 45
28 46
28 47
28 48
28 49
29 43
29 44
29 45
29 46
29 47
29 48
29 49
30 43
30 44
30 45
30 46
30 47
30 48
30 49
31 43
31 44
31 45
31 46
31 47
31 48
31 49
32 43
32 44
32 45
32 46
32 47
32 48
32 49
33 43
33 44
33 45
33 46
33 47
33 48
33 49
34 43
34 44
34 45
34 46
34 47
34 48
34 49
35 43
35 44
35 45
35 46
35 47
35 48
35 49
36 43
36 44
0
No
0
No
0
No
0
No
0
Yes
21 3
22 3
21 2
21 4
22 2
22 4
20 3
23 3
20 2
20 4
23 2
23 4
21 1
21 5
22 1
22 5
19 3
20 1
20 5
23 1
23 5
24 3
19 2
19 4
24 2
24 4
21 0
22 0
19 1
19 5
24 1
24 5
20 0
23 0
18 3
18 2
18 4
19 0
24 0
18 1
18 5
18 0
0
No
0
Yes
21 0
21 1
21 2
21 3
21 4
21 5
22 0
22 1
22 2
22 3
22 4
22 5
23 0
23 1
23 2
23 3
23 4
23 5
24 0
24 1
24 2
24 3
24 4
24 5
25 0
25 1
25 2
25 3
25 4
25 5
26 0
26 1
26 2
26 3
26 4
26 5
27 0
27 1
0
Yes
36 13
36 14
37 13
37 14
36 12
37 12
35 12
0
Yes
42 36
41 36
41 37
40 37
40 36
40 35
39 36
39 35
39 37
39 34
40 34
41 34
39 38
40 33
39 33
38 35
38 36
38 37
38 34
38 38
38 33
37 36
37 35
37 37
37 34
37 38
37 33
38 39
39 39
37 39
40 39
40 40
39 40
38 40
41 40
39 32
40 32
41 32
41 31
40 31
39 31
36 35
36 36
36 37
36 34
36 38
36 33
36 39
40 30
39 30
38 41
35 36
35 35
35 37
35 34
35 38
35 33
35 39
36 40
35 40
34 35
34 36
34 37
34 34
34 38
34 39
34 33
34 40
35 41
36 41
34 41
36 42
35 42
34 42
33 36
33 35
33 37
33 34
33 38
33 39
33 40
33 41
33 33
33 42
32 33
32 40
32 41
32 42
40 41
31 33
31 32
30 32
30 33
29 33
29 32
29 31
28 32
28 33
27 33
27 32
27 31
0
Yes
19 17
18 17
18 16
19 16
18 18
19 15
18 15
17 16
17 17
17 18
17 15
20 15
17 19
16 17
16 16
16 15
17 14
16 14
15 16
15 15
15 17
15 14
15 18
21 15
21 16
22 16
22 15
22 17
23 17
23 16
23 15
23 18
24 16
24 17
24 18
24 15
24 19
25 17
25 16
25 18
25 15
25 19
25 20
24 20
23 20
26 16
26 15
27 15
27 16
0
Yes
30 38
29 38
29 37
30 37
29 36
30 36
31 36
31 37
31 38
28 36
28 37
28 38
31 39
30 39
29 39
28 39
32 38
32 37
32 36
32 39
31 35
30 35
29 35
28 35
32 35
27 38
27 37
27 36
27 39
27 35
30 40
29 40
31 40
28 40
27 40
30 34
29 34
28 34
27 34
31 34
32 34
26 37
26 38
26 36
26 39
26 35
26 40
26 34
29 41
28 41
30 41
27 41
31 41
26 41
25 38
25 37
25 39
25 36
25 40
25 35
25 41
25 34
30 42
29 42
28 42
27 42
26 42
25 42
31 42
24 37
24 38
24 39
24 36
24 40
24 35
24 41
0
No
0
Yes
20 36
21 36
22 36
22 35
22 37
23 35
23 36
23 37
23 34
22 34
21 34
21 33
20 33
23 38
22 38
21 38
22 39
23 39
20 32
21 32
19 32
22 32
24 34
23 40
22 40
21 40
21 31
21 41
22 41
23 41
20 41
20 40
19 40
19 41
19 39
18 39
18 40
18 41
18 38
19 38
20 42
19 42
21 42
22 42
18 42
23 42
0
Yes
19 1
19 2
20 1
20 2
18 1
18 2
19 0
20 0
18 0
0
Yes
49 0
48 0
48 1
49 1
48 2
49 2
47 2
47 1
47 0
46 0
46 1
46 2
47 3
48 3
49 3
46 3
45 1
45 2
45 0
45 3
49 4
48 4
47 4
46 4
45 4
44 0
44 1
44 2
44 3
44 4
48 5
47 5
46 5
45 5
44 5
49 5
43 1
43 2
43 3
43 4
0
No
0
No
0
No
0
No
0
Yes
7 37
6 37
6 36
7 36
6 35
7 35
5 35
5 36
5 37
5 38
6 38
7 38
4 37
4 36
4 38
4 35
5 34
6 34
7 34
4 34
7 39
6 39
5 39
4 39
3 36
3 37
3 38
3 35
3 39
3 34
7 33
6 33
5 33
4 33
3 33
6 40
5 40
4 40
7 40
3 40
2 37
2 36
2 38
2 35
2 39
2 34
2 40
2 33
6 32
5 32
4 32
3 32
7 32
2 32
1 36
1 37
1 38
1 35
1 34
1 39
1 33
1 40
1 32
7 31
6 31
5 31
4 31
3 31
2 31
1 31
0 37
0 36
0 38
0 35
0 34
0 33
0 32
0 31
0 39
0 40
6 30
5 30
4 30
3 30
2 30
1 30
7 30
0 30
7 29
6 29
5 29
4 29
0
No
0
No
0
Yes
4 36
3 36
4 35
4 37
5 36
3 35
3 37
5 35
5 37
2 36
4 34
4 38
6 36
2 35
2 37
3 34
3 38
5 34
5 38
6 35
6 37
2 34
2 38
6 34
6 38
1 36
4 33
4 39
7 36
1 35
1 37
3 33
3 39
5 33
5 39
7 35
7 37
1 34
1 38
2 33
2 39
6 33
6 39
7 34
7 38
0 36
4 32
4 40
0 35
0 37
3 32
3 40
5 32
5 40
1 33
1 39
7 33
7 39
0 34
0 38
2 32
2 40
6 32
6 40
0 33
0 39
1 32
1 40
4 31
7 32
7 40
3 31
5 31
2 31
6 31
0 32
0 40
1 31
7 31
0
No
0
Yes
39 0
38 0
38 1
39 1
38 2
39 2
40 2
40 1
40 0
37 2
37 1
37 0
41 0
41 1
41 2
40 3
39 3
38 3
37 3
41 3
36 0
36 1
36 2
36 3
42 1
42 2
42 3
42 0
39 4
38 4
40 4
37 4
41 4
36 4
42 4
38 5
39 5
40 5
41 5
42 5
37 5
36 5
39 6
40 6
38 6
0
No
0
Yes
0 0
0 1
0 2
0 3
0 4
0 5
0 6
0 7
0 8
0 9
1 0
1 1
1 2
1 3
1 4
1 5
1 6
1 7
1 8
1 9
2 0
2 1
2 2
2 3
2 4
2 5
2 6
2 7
2 8
2 9
3 0
3 1
3 2
3 3
3 4
3 5
3 6
3 7
3 8
3 9
4 0
4 1
4 2
4 3
4 4
4 5
4 6
4 7
4 8
4 9
5 0
5 1
5 2
5 3
5 4
5 5
5 6
5 7
5 8
5 9
6 0
6 1
6 2
6 3
6 4
6 5
6 6
6 7
6 8
6 9
7 0
7 1
7 2
7 3
7 4
7 5
7 6
7 7
7 8
7 9
8 0
8 1
8 2
8 3
8 4
8 5
8 6
8 7
8 8
8 9
9 0
9 1
9 2
9 3
9 4
9 5
9 6
9 7
9 8
9 9
10 0
10 1
10 2
10 3
10 4
10 5
10 6
10 7
10 8
10 9
11 0
11 1
11 2
11 3
11 4
11 5
11 6
11 7
0
No
0
No
0
No
0
Yes
14 10
13 10
14 9
14 11
15 10
13 9
13 11
15 9
15 11
12 10
14 8
14 12
16 10
12 9
12 11
13 8
13 12
15 8
15 12
16 9
16 11
12 8
12 12
16 8
16 12
11 10
14 7
11 9
11 11
13 7
15 7
11 8
11 12
12 7
16 7
0
No
0
No
0
No
0
No
0
No
0
No
0
No
0
Yes
43 17
42 17
42 18
43 18
42 19
43 19
41 19
41 18
41 17
40 17
40 18
40 19
41 20
42 20
43 20
40 20
39 18
39 19
39 20
39 17
43 21
42 21
41 21
40 21
0
No
0
No
0
Yes
35 38
34 38
34 37
35 37
34 36
35 36
36 36
36 37
36 38
33 36
33 37
33 38
36 39
35 39
34 39
33 39
37 38
37 37
37 39
37 36
36 35
35 35
34 35
33 35
37 35
35 40
34 40
36 40
33 40
38 37
38 38
38 36
38 39
38 35
35 34
36 34
34 34
37 34
33 34
38 34
34 41
35 41
36 41
33 41
39 38
39 37
39 36
39 35
39 39
39 34
34 33
35 33
36 33
37 33
38 33
39 33
33 33
35 42
34 42
33 42
36 42
40 37
40 36
40 35
40 34
40 33
32 42
32 41
32 40
41 37
41 36
38 40
39 40
40 39
40 40
0
No
0
Yes
12 0
12 1
13 1
13 0
14 1
14 0
14 2
13 2
12 2
12 3
13 3
14 3
15 2
15 1
15 0
15 3
13 4
14 4
12 4
15 4
16 0
16 1
16 2
16 3
16 4
12 5
13 5
14 5
15 5
16 5
17 1
17 2
17 3
17 4
17 5
17 0
13 6
14 6
15 6
16 6
12 6
17 6
18 3
18 4
18 5
19 4
19 3
19 5
20 5
20 4
0
No
0
No
0
Yes
40 31
40 32
41 31
41 32
39 31
39 32
40 30
39 30
0
No
0
Yes
29 12
29 13
28 12
28 13
29 11
29 14
28 11
28 14
0
No
0
No
0
Yes
10 16
9 16
9 15
10 15
9 14
10 14
9 13
10 13
8 13
8 14
8 15
8 12
9 12
10 12
7 15
7 14
7 13
7 12
10 11
9 11
8 11
0
Yes
27 46
26 46
26 45
27 45
26 44
27 44
28 44
28 45
28 46
25 44
25 45
25 46
28 47
27 47
26 47
25 47
29 46
29 45
29 47
29 44
28 43
27 43
26 43
25 43
29 43
24 46
24 45
24 44
24 47
24 43
27 48
26 48
28 48
25 48
29 48
24 48
30 45
30 46
30 47
30 44
30 48
30 43
27 42
26 42
28 42
25 42
29 42
24 42
30 42
23 45
23 46
23 44
23 47
23 43
23 48
23 42
26 49
27 49
28 49
25 49
29 49
24 49
30 49
23 49
31 46
31 45
31 47
31 44
31 48
31 43
31 49
31 42
26 41
27 41
28 41
25 41
29 41
24 41
30 41
23 41
31 41
22 46
22 45
22 47
22 44
22 43
22 48
22 42
22 49
22 41
32 45
32 46
32 47
32 44
32 48
32 43
32 49
27 40
26 40
28 40
25 40
29 40
24 40
30 40
23 40
31 40
22 40
21 45
21 46
21 47
21 44
21 43
21 42
21 48
21 41
21 49
21 40
33 46
33 45
33 47
33 44
33 48
33 43
33 49
0
Yes
30 0
30 1
30 2
30 3
30 4
30 5
30 6
31 0
31 1
31 2
31 3
31 4
31 5
31 6
32 0
32 1
32 2
32 3
32 4
32 5
32 6
33 0
33 1
33 2
33 3
33 4
33 5
33 6
34 0
34 1
34 2
34 3
34 4
34 5
34 6
35 0
35 1
35 2
0
No
0
Yes
20 49
19 49
19 48
20 48
19 47
20 47
18 47
18 48
18 49
17 49
17 48
17 47
18 46
19 46
20 46
17 46
16 48
16 47
16 49
16 46
20 45
19 45
18 45
17 45
16 45
15 49
15 48
15 47
15 46
15 45
19 44
18 44
17 44
16 44
20 44
15 44
14 48
14 47
14 46
14 45
14 49
14 44
20 43
19 43
18 43
17 43
16 43
15 43
14 43
13 49
13 48
13 47
13 46
13 45
13 44
13 43
19 42
18 42
17 42
16 42
15 42
14 42
20 42
13 42
12 48
12 47
12 46
12 45
12 44
12 43
12 49
12 42
20 41
19 41
18 41
17 41
16 41
15 41
14 41
13 41
12 41
11 49
11 48
11 47
11 46
11 45
11 44
11 43
11 42
11 41
19 40
18 40
17 40
16 40
15 40
14 40
13 40
12 40
11 40
20 40
10 45
10 44
0
No
0
Yes
29 16
28 16
29 15
30 16
28 15
30 15
27 16
27 15
0
Yes
13 14
12 14
12 15
13 13
12 13
0
Yes
3 40
2 40
2 39
3 39
2 38
3 38
4 38
4 39
4 40
1 38
1 39
1 40
5 40
5 39
5 38
4 37
3 37
2 37
1 37
5 37
0 40
0 39
0 38
0 37
6 39
6 38
6 40
6 37
3 36
2 36
4 36
1 36
5 36
0 36
6 36
7 36
7 37
7 38
7 39
7 40
2 35
3 35
4 35
5 35
1 35
6 35
0 35
7 35
3 34
2 34
4 34
5 34
1 34
6 34
0 34
7 34
2 33
0
Yes
7 10
6 10
6 9
7 9
6 8
7 8
8 8
8 9
8 10
9 10
9 9
9 8
8 7
7 7
6 7
9 7
10 9
10 8
10 7
10 10
5 7
5 8
5 9
7 6
8 6
6 6
9 6
5 6
10 6
4 9
4 8
4 7
4 6
6 5
7 5
8 5
5 5
9 5
4 5
10 5
3 8
3 7
3 6
3 9
3 5
11 5
11 6
11 7
7 4
6 4
8 4
5 4
9 4
4 4
10 4
3 4
11 4
2 9
2 8
2 7
2 6
2 5
2 4
12 4
12 5
12 6
6 3
7 3
8 3
5 3
9 3
4 3
10 3
3 3
11 3
2 3
12 3
1 8
1 7
1 6
1 5
1 4
1 9
1 3
13 6
13 5
13 4
13 3
7 2
6 2
8 2
5 2
9 2
4 2
10 2
3 2
11 2
2 2
12 2
1 2
13 2
0 9
0 8
0 7
0 6
0 5
0 4
0 3
0 2
14 2
6 1
7 1
8 1
5 1
9 1
4 1
10 1
3 1
11 1
2 1
12 1
1 1
13 1
0 1
14 1
7 0
6 0
8 0
5 0
9 0
4 0
10 0
3 0
11 0
2 0
12 0
13 0
14 0
1 0
0 0
15 0
15 1
15 2
15 3
14 3
14 4
14 5
15 4
15 5
14 6
0
No
0
Yes
25 13
24 13
24 12
25 12
24 11
25 11
26 11
26 12
26 13
23 11
23 12
23 13
26 14
25 14
24 14
23 14
27 13
27 12
27 14
27 11
26 10
25 10
24 10
23 10
27 10
22 13
22 12
22 11
22 14
22 10
25 15
24 15
26 15
23 15
27 15
22 15
25 9
24 9
26 9
23 9
27 9
22 9
21 12
21 13
21 11
21 14
21 10
21 15
21 9
24 16
25 16
23 16
26 16
22 16
27 16
21 16
24 8
25 8
23 8
26 8
22 8
27 8
21 8
20 13
20 12
20 11
20 10
20 14
20 15
20 9
20 8
23 17
24 17
25 17
22 17
25 7
24 7
23 7
22 7
26 7
21 7
27 7
20 7
19 12
19 13
19 11
19 10
19 9
19 14
19 8
19 15
19 7
25 18
24 18
23 18
24 6
25 6
23 6
22 6
21 6
20 6
19 6
26 6
27 6
18 13
18 12
18 11
18 10
18 9
18 8
18 14
18 7
18 15
18 6
18 5
19 5
20 5
17 12
17 13
17 11
17 10
17 9
17 8
17 7
17 14
17 6
17 15
17 5
17 16
18 16
19 16
0
No
0
No
0
Yes
23 39
22 39
22 38
23 38
22 37
23 37
24 37
24 38
24 39
25 39
25 38
25 37
24 36
23 36
22 36
25 36
26 38
26 37
26 39
26 36
23 35
24 35
25 35
22 35
26 35
27 39
27 38
27 37
27 36
27 35
22 34
23 34
24 34
25 34
26 34
27 34
28 38
28 37
28 36
28 35
28 39
28 34
25 33
26 33
27 33
28 33
29 39
29 38
29 37
29 36
0
No
0
Yes
35 28
34 28
35 27
35 29
36 28
34 27
34 29
36 27
36 29
33 28
35 26
35 30
37 28
33 27
33 29
34 26
34 30
36 26
36 30
37 27
37 29
33 26
33 30
37 26
37 30
32 28
35 25
35 31
38 28
32 27
32 29
34 25
34 31
36 25
36 31
38 27
38 29
32 26
32 30
33 25
33 31
37 25
37 31
38 26
38 30
31 28
35 24
35 32
31 27
31 29
34 24
34 32
36 24
36 32
32 25
32 31
38 25
38 31
31 26
31 30
33 24
33 32
37 24
37 32
31 25
31 31
32 24
32 32
35 23
38 24
38 32
34 23
36 23
33 23
37 23
31 24
31 32
38 23
0
Yes
28 0
28 1
29 1
29 0
29 2
28 2
29 3
28 3
0
Yes
47 11
46 11
46 10
47 10
46 9
47 9
48 9
48 10
48 11
45 9
45 10
45 11
48 12
47 12
46 12
45 12
49 11
49 10
49 12
49 9
48 8
47 8
46 8
45 8
49 8
44 11
44 10
44 9
44 12
44 8
47 13
46 13
48 13
45 13
49 13
44 13
47 7
46 7
48 7
45 7
49 7
44 7
43 10
43 11
43 9
43 12
43 8
43 13
43 7
46 14
47 14
45 14
48 14
44 14
49 14
43 14
46 6
47 6
45 6
44 6
43 6
48 6
49 6
42 9
42 8
42 10
42 11
42 7
42 6
0
No
1
866
0 26
0 27
0 28
0 29
0 30
0 31
0 32
1 26
1 27
1 28
1 29
1 30
1 31
1 32
2 26
2 27
2 28
2 29
2 30
2 31
2 32
3 26
3 27
3 28
3 29
3 30
3 31
3 32
4 26
4 27
4 28
4 29
4 30
4 31
4 32
Yes
15 6
15 7
15 8
15 9
15 10
15 11
15 12
15 13
15 14
15 15
16 6
16 7
16 8
16 9
16 10
16 11
16 12
16 13
16 14
16 15
17 6
17 7
17 8
17 9
17 10
17 11
17 12
17 13
17 14
17 15
18 6
18 7
18 8
18 9
18 10
18 11
18 12
18 13
18 14
18 15
19 6
19 7
19 8
19 9
19 10
19 11
19 12
19 13
19 14
19 15
20 6
20 7
20 8
20 9
20 10
20 11
20 12
20 13
20 14
20 15
21 6
21 7
21 8
21 9
21 10
21 11
21 12
21 13
21 14
21 15
22 6
22 7
22 8
22 9
22 10
22 11
22 12
22 13
22 14
22 15
23 6
23 7
23 8
23 9
23 10
23 11
23 12
23 13
23 14
23 15
24 6
24 7
24 8
24 9
24 10
24 11
24 12
24 13
24 14
24 15
25 6
25 7
25 8
25 9
25 10
25 11
25 12
25 13
25 14
25 15
26 6
26 7
26 8
26 9
26 10
26 11
26 12
26 13
26 14
26 15
27 6
27 7
27 8
27 9
27 10
27 11
0
No
0
Yes
4 49
3 49
3 48
4 48
3 47
4 47
5 47
5 48
5 49
2 47
2 48
2 49
6 49
6 48
6 47
5 46
4 46
3 46
2 46
6 46
1 49
1 48
1 47
1 46
7 48
7 47
7 46
7 49
4 45
3 45
5 45
2 45
6 45
1 45
7 45
0 48
0 47
0 46
0 45
0 49
3 44
4 44
5 44
0
Yes
0 36
0 35
1 35
1 36
2 35
2 36
2 37
1 37
0 37
2 34
1 34
0 34
0 38
1 38
2 38
3 37
3 36
3 35
3 34
3 38
0 33
1 33
2 33
3 33
1 39
2 39
0 39
3 39
4 36
4 35
4 37
4 34
4 38
4 33
4 39
0 40
1 40
2 40
3 40
4 40
5 35
5 36
5 37
5 38
5 34
5 39
5 33
5 40
1 41
2 41
3 41
4 41
0 41
5 41
6 36
6 35
6 37
6 38
6 39
6 34
6 40
6 33
6 41
0 42
1 42
2 42
3 42
4 42
5 42
6 42
7 35
7 36
7 37
7 38
7 39
7 40
7 34
7 41
7 33
7 42
1 43
2 43
3 43
4 43
5 43
6 43
0 43
7 43
7 32
6 32
0
No
0
No
0
No
0
No
0
No
0
No
0
No
0
No
0
Yes
13 9
13 10
12 9
12 10
14 9
14 10
13 8
13 11
12 8
12 11
14 8
14 11
11 9
11 10
11 8
11 11
13 7
12 7
14 7
0
No
0
No
0
Yes
41 28
41 29
42 28
42 29
40 28
40 29
41 27
42 27
43 28
43 29
40 27
43 27
39 28
39 29
0
No
0
Yes
9 48
9 49
10 48
10 49
8 48
8 49
9 47
10 47
8 47
0
No
0
Yes
35 36
35 37
34 36
34 37
36 36
36 37
35 35
35 38
34 35
34 38
36 35
36 38
33 36
33 37
37 36
37 37
33 35
33 38
35 34
35 39
37 35
37 38
34 34
34 39
36 34
36 39
32 36
32 37
38 36
38 37
33 34
33 39
37 34
37 39
32 35
32 38
38 35
38 38
35 33
34 33
36 33
32 34
32 39
38 34
38 39
31 36
31 37
33 33
37 33
39 36
39 37
31 35
31 38
39 35
39 38
32 33
38 33
31 34
31 39
39 34
39 39
30 36
30 37
30 35
30 38
31 33
39 33
30 34
0
Yes
47 3
46 3
47 2
47 4
48 3
46 2
46 4
48 2
48 4
45 3
47 1
47 5
49 3
45 2
45 4
46 1
46 5
48 1
48 5
49 2
49 4
45 1
45 5
49 1
49 5
44 3
47 0
44 2
44 4
46 0
48 0
44 1
44 5
45 0
49 0
44 0
0
Yes
20 49
19 49
19 48
20 48
19 47
20 47
18 47
18 48
18 49
17 49
17 48
17 47
18 46
19 46
20 46
17 46
16 48
16 47
16 49
16 46
20 45
19 45
18 45
17 45
16 45
15 49
15 48
15 47
15 46
15 45
19 44
18 44
17 44
16 44
20 44
15 44
14 48
14 47
14 46
14 45
14 49
14 44
20 43
19 43
18 43
17 43
16 43
15 43
14 43
13 49
13 48
13 47
13 46
13 45
13 44
13 43
19 42
18 42
17 42
16 42
15 42
14 42
20 42
13 42
12 48
12 47
12 46
12 45
12 44
12 43
12 49
12 42
20 41
19 41
18 41
17 41
16 41
15 41
14 41
13 41
12 41
11 49
11 48
11 47
11 46
11 45
11 44
11 43
11 42
11 41
19 40
18 40
17 40
16 40
15 40
14 40
13 40
12 40
11 40
20 40
10 48
10 47
10 46
10 45
10 44
10 43
10 42
10 41
10 49
10 40
18 39
17 39
16 39
15 39
14 39
13 39
12 39
19 39
11 39
10 39
9 49
9 48
9 47
9 46
9 45
9 44
9 43
9 42
9 41
9 40
9 39
19 38
18 38
17 38
16 38
15 38
14 38
13 38
12 38
11 38
8 48
8 47
8 46
8 45
8 44
8 43
0
No
0
No
0
No
0
No
0
Yes
47 3
46 3
47 2
47 4
48 3
46 2
46 4
48 2
48 4
45 3
47 1
47 5
49 3
45 2
45 4
46 1
46 5
48 1
48 5
49 2
49 4
45 1
45 5
49 1
49 5
44 3
47 0
44 2
44 4
46 0
48 0
44 1
44 5
45 0
49 0
44 0
0
No
0
No
0
No
0
Yes
35 32
34 32
34 31
35 31
34 30
35 30
36 30
36 31
36 32
33 30
33 31
33 32
37 32
37 31
37 30
36 29
35 29
34 29
33 29
37 29
32 32
32 31
32 30
32 29
38 31
38 30
38 29
38 32
35 28
34 28
36 28
33 28
37 28
32 28
38 28
31 31
31 30
31 29
31 32
31 28
34 27
35 27
36 27
33 27
37 27
32 27
38 27
31 27
30 27
30 28
30 29
30 30
30 31
30 32
35 26
34 26
36 26
33 26
32 26
37 26
31 26
38 26
30 26
29 26
29 27
29 28
34 25
35 25
36 25
33 25
32 25
31 25
37 25
30 25
38 25
29 25
0
Yes
34 41
34 42
33 41
33 42
35 41
35 42
34 40
33 40
35 40
32 41
32 42
32 40
0
No
0
No
0
Yes
34 28
33 28
33 27
34 27
33 26
34 26
35 26
35 27
35 28
32 26
32 27
32 28
35 29
34 29
33 29
32 29
36 28
36 27
36 29
36 26
35 25
34 25
33 25
32 25
36 25
31 28
31 27
31 26
31 29
31 25
34 30
33 30
35 30
32 30
36 30
31 30
37 27
37 28
37 29
37 26
37 30
37 25
34 24
33 24
35 24
32 24
36 24
31 24
37 24
30 27
30 28
30 26
30 29
30 25
30 30
30 24
33 31
34 31
35 31
32 31
36 31
31 31
37 31
30 31
38 28
38 27
38 29
38 26
38 30
38 25
38 31
38 24
35 23
36 23
34 23
33 23
37 23
38 23
29 26
29 25
29 24
29 27
29 28
34 32
33 32
35 32
32 32
36 32
31 32
30 32
37 32
38 32
0
Yes
0 41
0 40
1 40
1 41
2 40
2 41
2 42
1 42
0 42
2 39
1 39
0 39
0 43
1 43
2 43
3 42
3 41
3 40
3 39
3 43
0 38
1 38
2 38
3 38
1 44
2 44
0 44
4 41
4 40
4 42
4 39
4 43
4 38
1 37
2 37
3 37
0 37
4 37
5 40
5 41
5 39
5 42
5 38
5 43
5 37
0 36
1 36
2 36
3 36
4 36
5 36
6 41
6 40
6 39
6 38
6 42
6 37
6 43
6 36
1 35
2 35
3 35
4 35
5 35
0 35
6 35
7 40
7 41
7 39
7 38
7 37
7 42
7 36
7 43
7 35
0 34
1 34
2 34
3 34
4 34
5 34
6 34
7 34
8 41
8 40
8 42
8 39
1 33
2 33
3 33
4 33
5 33
6 33
0 33
7 33
0
Yes
22 3
21 3
21 2
22 2
21 1
22 1
23 1
23 2
23 3
20 1
20 2
20 3
23 4
22 4
21 4
20 4
24 3
24 2
24 4
24 1
23 0
22 0
21 0
20 0
24 0
19 3
19 2
19 1
19 4
19 0
22 5
21 5
23 5
20 5
24 5
19 5
25 2
25 3
25 4
25 1
25 5
25 0
18 2
18 3
18 4
18 1
18 5
18 0
21 6
22 6
23 6
20 6
24 6
19 6
25 6
18 6
26 3
26 2
26 4
26 1
26 5
26 0
26 6
17 3
17 2
17 4
17 1
17 5
17 0
17 6
22 7
21 7
23 7
20 7
24 7
19 7
25 7
18 7
26 7
17 7
27 2
27 3
27 1
27 0
16 2
16 3
16 4
16 5
16 6
16 7
16 1
16 0
0
Yes
48 12
47 12
47 11
48 11
47 10
48 10
49 10
49 11
49 12
46 10
46 11
46 12
49 13
48 13
47 13
46 13
49 9
48 9
47 9
46 9
45 12
45 11
45 10
45 13
45 9
48 14
47 14
46 14
45 14
49 14
48 8
47 8
46 8
49 8
45 8
44 11
44 12
44 10
44 13
44 9
44 14
44 8
47 7
46 7
48 7
45 7
49 7
44 7
43 12
43 11
43 10
43 9
43 8
43 7
43 13
43 14
48 6
47 6
46 6
45 6
44 6
43 6
49 6
42 11
42 10
42 9
0
Yes
0 32
0 31
1 31
1 32
2 31
2 32
2 30
1 30
0 30
0 29
1 29
2 29
3 30
3 31
3 32
3 29
1 28
2 28
0 28
3 28
4 32
4 31
4 30
4 29
4 28
0 27
1 27
2 27
3 27
4 27
5 31
5 30
5 29
5 28
5 32
5 27
1 26
2 26
3 26
4 26
0 26
5 26
6 32
6 31
6 30
6 29
0
No
0
No
0
No
0
Yes
44 19
44 20
45 19
45 20
43 19
43 20
44 18
44 21
45 18
45 21
43 18
43 21
44 17
45 17
43 17
0
Yes
27 14
26 14
27 13
27 15
28 14
26 13
26 15
28 13
28 15
25 14
27 12
27 16
29 14
25 13
25 15
26 12
26 16
28 12
28 16
29 13
29 15
25 12
25 16
29 12
29 16
24 14
27 11
24 13
24 15
26 11
28 11
24 12
24 16
25 11
29 11
24 11
0
Yes
37 49
36 49
36 48
37 48
36 47
37 47
38 47
38 48
38 49
35 47
35 48
35 49
39 49
39 48
39 47
34 49
34 48
34 47
35 46
36 46
37 46
34 46
37 45
36 45
35 45
34 45
0
Yes
23 13
22 13
22 12
23 12
22 11
23 11
21 11
21 12
21 13
21 14
22 14
23 14
20 13
20 12
20 14
20 11
21 10
22 10
23 10
20 10
23 15
22 15
21 15
20 15
19 12
19 13
19 14
19 11
19 15
19 10
23 9
22 9
21 9
20 9
19 9
22 16
23 16
21 16
18 13
18 12
18 11
18 14
18 10
18 15
18 9
22 8
21 8
20 8
19 8
23 8
18 8
17 12
17 13
17 11
17 10
17 14
17 9
17 15
17 8
0
No
0
Yes
36 8
37 8
37 7
38 7
38 8
39 7
39 8
40 7
40 8
40 6
39 6
38 6
41 6
41 7
41 8
38 5
39 5
40 5
41 5
42 8
42 7
42 6
42 5
41 9
40 9
39 9
42 9
39 4
40 4
41 4
38 4
42 4
43 7
43 6
43 8
43 5
43 9
43 4
39 10
40 10
41 10
42 10
43 10
38 3
39 3
40 3
41 3
42 3
43 3
44 8
44 7
44 9
44 6
44 10
40 11
41 11
42 11
43 11
39 11
44 11
37 3
37 4
37 5
39 2
40 2
41 2
38 2
42 2
37 2
43 2
36 5
36 4
36 3
36 2
45 7
45 8
45 9
45 10
45 6
45 11
43 12
44 12
45 12
35 4
35 3
36 1
37 1
38 1
39 1
40 1
41 1
42 1
43 1
46 8
46 9
46 10
46 7
46 11
46 6
46 12
44 13
45 13
43 13
46 13
37 0
38 0
39 0
40 0
41 0
42 0
36 0
43 0
47 7
47 8
47 9
47 10
47 11
47 12
47 6
47 13
43 14
44 14
45 14
46 14
47 14
48 8
48 9
48 10
48 11
48 12
48 7
48 13
48 6
48 14
49 7
49 8
49 9
49 10
49 11
49 12
49 13
49 6
49 14
38 10
38 11
0
Yes
41 19
40 19
40 18
41 18
40 17
41 17
42 17
42 18
42 19
39 17
39 18
39 19
42 20
41 20
40 20
39 20
38 18
38 19
38 20
41 21
40 21
39 21
42 21
38 21
40 22
41 22
39 22
38 22
42 22
39 23
40 23
41 23
39 24
40 24
37 21
37 22
36 21
36 22
35 21
35 22
34 21
34 22
0
No
0
No
0
No
0
No
0
Yes
8 31
8 32
7 31
7 32
8 30
9 30
7 30
0
Yes
31 36
32 36
31 35
31 37
32 35
32 37
30 36
33 36
30 35
30 37
33 35
33 37
31 34
31 38
32 34
32 38
29 36
30 34
30 38
33 34
33 38
34 36
29 35
29 37
34 35
34 37
31 33
31 39
32 33
32 39
29 34
29 38
34 34
34 38
30 33
30 39
33 33
33 39
28 36
35 36
28 35
28 37
35 35
35 37
29 33
29 39
34 33
34 39
28 34
28 38
31 32
32 32
35 34
35 38
30 32
33 32
27 36
36 36
27 35
27 37
28 33
28 39
35 33
35 39
36 35
36 37
29 32
34 32
27 34
27 38
36 34
36 38
28 32
35 32
27 33
27 39
36 33
36 39
26 36
37 36
26 35
26 37
37 35
37 37
26 34
26 38
37 34
37 38
27 32
36 32
26 33
26 39
37 33
37 39
25 36
25 35
25 37
25 34
25 38
26 32
37 32
25 33
25 39
0
Yes
37 14
37 15
36 14
36 15
37 13
36 13
0
Yes
47 3
46 3
47 2
47 4
48 3
46 2
46 4
48 2
48 4
45 3
47 1
47 5
49 3
45 2
45 4
46 1
46 5
48 1
48 5
49 2
49 4
45 1
45 5
49 1
49 5
44 3
47 0
44 2
44 4
46 0
48 0
44 1
44 5
45 0
0
Yes
32 29
31 29
31 28
32 28
31 27
32 27
33 27
33 28
33 29
30 27
30 28
30 29
33 30
32 30
31 30
30 30
34 29
34 28
34 30
34 27
33 26
32 26
31 26
30 26
34 26
32 31
31 31
33 31
34 31
30 31
35 28
35 29
35 30
35 27
35 31
35 26
32 25
33 25
31 25
34 25
30 25
35 25
29 26
29 25
29 27
29 28
36 29
36 28
36 27
36 30
36 26
36 31
36 25
31 24
32 24
33 24
34 24
30 24
35 24
29 24
36 24
37 28
37 29
37 27
37 26
37 30
37 25
37 31
37 24
0
Yes
2 49
1 49
1 48
2 48
1 47
2 47
3 47
3 48
3 49
0 47
0 48
0 49
4 49
4 48
4 47
3 46
2 46
1 46
0 46
4 46
5 48
5 47
5 49
5 46
2 45
3 45
4 45
5 45
1 45
0 45
6 49
6 48
0
Yes
31 36
32 36
31 35
31 37
32 35
32 37
30 36
33 36
30 35
30 37
33 35
33 37
31 34
31 38
32 34
32 38
29 36
30 34
30 38
33 34
33 38
34 36
29 35
29 37
34 35
34 37
31 33
31 39
32 33
32 39
29 34
29 38
34 34
34 38
30 33
30 39
33 33
33 39
28 36
35 36
28 35
28 37
35 35
35 37
29 33
29 39
34 33
34 39
28 34
28 38
31 32
32 32
35 34
35 38
30 32
33 32
27 36
36 36
27 35
27 37
28 33
28 39
35 33
35 39
36 35
36 37
29 32
34 32
27 34
27 38
36 34
36 38
28 32
35 32
27 33
27 39
36 33
36 39
26 36
37 36
26 35
26 37
37 35
37 37
26 34
26 38
37 34
37 38
27 32
36 32
26 33
26 39
37 33
37 39
25 36
25 35
25 37
25 34
25 38
26 32
37 32
25 33
0
Yes
22 20
23 20
24 20
24 19
25 19
25 20
25 18
24 18
23 18
23 17
24 17
25 17
22 17
26 20
26 19
26 18
26 17
26 21
27 19
27 20
27 18
27 21
27 17
27 22
26 22
25 22
25 23
26 23
27 23
24 23
26 24
25 24
27 24
28 20
28 19
28 21
28 18
28 22
28 23
28 17
28 24
27 25
28 25
29 19
29 20
29 21
29 18
29 22
29 23
29 17
30 20
30 19
30 21
30 18
30 22
30 17
30 23
30 16
31 19
31 20
31 21
31 18
31 22
31 17
31 23
32 20
32 19
32 21
32 18
32 22
32 17
32 23
33 21
33 22
33 23
33 17
34 22
34 21
34 23
34 20
35 20
35 21
35 22
35 23
35 19
36 21
36 20
36 22
36 23
37 22
37 21
37 23
38 21
38 22
38 23
38 20
38 24
39 20
39 21
39 22
0
Yes
31 0
30 0
30 1
31 1
32 1
32 0
31 2
30 2
32 2
33 0
33 1
33 2
29 1
29 0
29 2
28 0
28 1
28 2
30 3
31 3
32 3
29 3
33 3
28 3
34 1
34 2
34 0
34 3
31 4
30 4
32 4
29 4
33 4
34 4
35 0
35 1
35 2
35 3
35 4
30 5
31 5
32 5
33 5
34 5
29 5
36 1
36 2
36 3
36 0
36 4
31 6
30 6
32 6
33 6
34 6
37 0
37 1
37 2
37 3
37 4
36 5
37 5
38 1
38 2
38 3
38 4
38 0
38 5
39 0
39 1
39 2
0
Yes
45 11
46 11
45 10
45 12
46 10
46 12
44 11
47 11
44 10
44 12
47 10
47 12
45 9
45 13
46 9
46 13
43 11
44 9
44 13
47 9
47 13
48 11
43 10
43 12
48 10
48 12
45 8
45 14
46 8
46 14
43 9
43 13
48 9
48 13
44 8
44 14
47 8
47 14
42 11
49 11
42 10
42 12
49 10
49 12
43 8
43 14
48 8
48 14
42 9
42 13
45 7
45 15
46 7
46 15
49 9
49 13
44 7
44 15
47 7
47 15
41 11
41 10
41 12
42 8
42 14
49 8
49 14
43 7
43 15
48 7
48 15
41 9
41 13
45 6
46 6
44 6
47 6
42 7
42 15
49 7
49 15
41 8
41 14
43 6
48 6
41 7
41 15
42 6
49 6
41 6
0
Yes
42 36
41 36
41 37
40 37
40 36
40 35
39 36
39 35
39 37
39 34
40 34
41 34
39 38
40 33
39 33
38 35
38 36
38 37
38 34
38 38
38 33
38 39
39 39
40 39
40 40
39 40
38 40
41 40
39 32
40 32
38 32
41 32
41 31
40 31
39 31
38 31
40 30
39 30
38 30
38 41
39 29
40 29
38 29
41 29
41 28
40 28
39 28
38 28
42 28
42 29
43 29
43 28
42 27
41 27
40 27
39 27
43 27
38 27
41 26
40 26
39 26
38 26
40 25
39 25
41 25
38 25
39 24
40 24
40 23
39 23
41 23
41 22
40 22
42 22
42 21
41 21
40 21
0
Yes
12 13
12 14
12 15
13 13
13 14
0
Yes
27 49
26 49
26 48
27 48
26 47
27 47
28 47
28 48
28 49
25 47
25 48
25 49
29 49
29 48
29 47
28 46
27 46
26 46
25 46
29 46
24 49
24 48
24 47
24 46
30 48
30 47
30 49
30 46
27 45
26 45
28 45
25 45
29 45
24 45
30 45
23 48
23 47
23 46
23 49
23 45
31 49
31 48
31 47
31 46
31 45
26 44
27 44
28 44
25 44
29 44
24 44
30 44
23 44
31 44
22 49
22 48
22 47
22 46
22 45
22 44
32 48
32 47
32 46
32 45
32 49
32 44
27 43
26 43
28 43
25 43
29 43
24 43
30 43
23 43
31 43
22 43
32 43
21 48
21 47
21 46
21 45
21 44
21 43
21 49
33 43
26 42
27 42
28 42
25 42
29 42
24 42
30 42
23 42
31 42
22 42
32 42
21 42
33 42
27 41
26 41
28 41
25 41
29 41
24 41
30 41
23 41
31 41
22 41
32 41
21 41
33 41
34 41
34 42
34 43
34 44
33 44
33 45
33 46
33 47
33 48
33 49
26 40
27 40
28 40
25 40
29 40
24 40
30 40
23 40
31 40
32 40
22 40
33 40
34 40
21 40
35 40
35 41
35 42
35 43
35 44
0
Yes
46 17
46 16
45 16
47 16
47 17
47 15
46 15
45 15
48 15
48 16
48 17
46 14
47 14
45 14
48 14
49 17
49 16
49 15
49 14
44 14
44 15
44 16
45 13
46 13
47 13
48 13
44 13
49 13
49 18
48 18
47 18
43 16
43 15
43 14
43 13
46 12
45 12
47 12
44 12
48 12
43 12
49 12
47 19
48 19
49 19
42 15
42 14
42 13
42 16
42 12
45 11
46 11
47 11
44 11
48 11
43 11
49 11
42 11
48 20
49 20
41 16
41 15
41 14
41 13
41 12
41 11
46 10
45 10
47 10
44 10
43 10
48 10
42 10
49 10
41 10
40 15
40 14
40 13
40 12
40 11
40 16
40 10
45 9
46 9
47 9
44 9
43 9
42 9
48 9
41 9
49 9
40 9
40 17
41 17
42 17
42 18
41 18
40 18
41 19
42 19
40 19
40 20
41 20
42 20
39 16
39 17
39 15
39 14
39 13
39 12
39 11
39 18
39 19
39 10
39 9
46 8
45 8
47 8
44 8
43 8
42 8
41 8
48 8
40 8
49 8
39 8
38 18
38 19
38 15
38 14
38 13
38 12
38 16
38 11
38 10
0
No
0
Yes
23 15
22 15
22 14
23 14
22 13
23 13
21 13
21 14
21 15
21 16
22 16
23 16
20 15
20 14
20 13
21 12
22 12
23 12
20 12
19 14
19 13
19 15
19 12
0
Yes
42 0
41 0
41 1
42 1
41 2
42 2
43 2
43 1
43 0
40 2
40 1
40 0
43 3
42 3
41 3
40 3
42 4
41 4
43 4
40 4
41 5
42 5
43 5
0
Yes
0 33
0 34
0 35
0 36
1 33
1 34
1 35
1 36
2 33
2 34
2 35
2 36
3 33
3 34
3 35
3 36
4 33
4 34
4 35
4 36
5 33
5 34
5 35
5 36
6 33
6 34
6 35
6 36
7 33
7 34
7 35
7 36
0
Yes
8 13
7 13
7 12
8 12
7 11
8 11
9 11
9 12
9 13
9 14
8 14
7 14
10 13
10 14
10 12
10 11
8 15
9 15
10 15
7 15
9 16
10 16
6 12
6 11
0
Yes
25 2
24 2
24 1
25 1
24 0
25 0
26 0
26 1
26 2
23 0
23 1
23 2
26 3
25 3
24 3
23 3
27 2
27 1
27 3
27 0
22 2
22 1
22 3
22 0
25 4
24 4
26 4
23 4
22 4
21 1
21 2
21 3
21 0
21 4
24 5
23 5
25 5
22 5
26 5
21 5
20 2
20 3
20 1
20 4
20 0
20 5
25 6
24 6
23 6
22 6
21 6
26 6
20 6
19 1
19 2
19 3
19 4
19 5
19 0
19 6
24 7
23 7
22 7
21 7
25 7
20 7
26 7
19 7
18 2
18 3
18 4
18 5
18 1
18 6
18 0
18 7
25 8
24 8
23 8
22 8
21 8
20 8
19 8
26 8
18 8
17 1
17 2
17 3
17 4
17 5
17 6
17 7
17 0
17 8
27 8
27 7
27 6
24 9
25 9
23 9
22 9
21 9
20 9
19 9
26 9
18 9
27 9
17 9
16 2
16 3
16 4
16 5
16 6
16 7
16 8
16 9
16 1
16 0
25 10
24 10
23 10
22 10
21 10
20 10
19 10
18 10
17 10
16 10
26 10
27 10
15 6
15 7
15 8
15 9
15 10
23 11
22 11
21 11
20 11
19 11
18 11
0
Yes
37 32
36 32
36 33
37 33
36 34
37 34
35 34
35 33
35 32
34 32
34 33
34 34
35 35
36 35
37 35
34 35
33 33
33 34
33 32
33 35
37 36
36 36
35 36
34 36
33 36
32 32
32 33
32 34
32 35
32 36
36 37
35 37
34 37
33 37
37 37
32 37
31 33
31 34
31 35
31 36
31 32
31 37
37 38
36 38
35 38
34 38
33 38
32 38
31 38
30 32
30 33
30 34
30 35
30 36
30 37
30 38
36 39
35 39
34 39
33 39
32 39
31 39
30 39
37 39
29 33
29 34
29 35
29 36
29 37
29 38
29 32
29 39
28 32
28 33
28 34
28 35
28 36
28 37
28 38
28 39
27 33
27 34
27 35
27 36
27 37
27 38
27 32
27 39
26 32
26 33
0
Yes
47 7
48 7
47 6
48 6
46 7
49 7
46 6
49 6
45 7
45 6
0
Yes
48 47
48 48
49 47
49 48
47 47
47 48
48 46
48 49
49 46
49 49
47 46
47 49
47 45
0
Yes
31 24
31 25
31 26
31 27
31 28
31 29
31 30
31 31
32 24
32 25
32 26
32 27
32 28
32 29
32 30
32 31
33 24
33 25
33 26
33 27
33 28
33 29
33 30
33 31
34 24
34 25
34 26
34 27
34 28
34 29
34 30
34 31
35 24
35 25
35 26
35 27
35 28
35 29
35 30
35 31
36 24
36 25
36 26
36 27
36 28
36 29
36 30
36 31
37 24
37 25
37 26
37 27
37 28
37 29
37 30
37 31
0
Yes
21 38
22 38
22 37
22 39
23 39
23 38
23 37
24 38
24 37
24 39
25 39
25 38
25 37
24 36
23 36
22 36
25 36
26 38
26 37
26 36
26 39
0
Yes
6 27
6 26
7 26
7 27
8 26
8 27
8 28
7 28
6 28
9 28
9 27
0
Yes
42 1
42 2
43 1
43 2
41 1
41 2
42 0
43 0
41 0
44 0
40 1
40 2
40 0
0
Yes
8 49
7 49
7 48
6 48
6 49
5 48
5 49
5 47
6 47
7 47
4 47
4 48
4 49
7 46
6 46
5 46
4 46
3 49
3 48
3 47
3 46
6 45
5 45
4 45
7 45
3 45
2 48
2 47
2 46
2 49
2 45
7 44
6 44
5 44
4 44
3 44
2 44
1 49
1 48
1 47
1 46
1 45
1 44
6 43
5 43
4 43
3 43
2 43
7 43
1 43
0 48
0 47
0 46
0 45
0 44
0 43
0 49
7 42
6 42
5 42
4 42
3 42
2 42
1 42
0 42
0
Yes
24 11
24 12
23 12
25 12
25 11
25 13
24 13
23 13
26 13
26 12
26 11
24 14
25 14
23 14
26 14
27 11
27 12
27 13
27 14
22 14
22 13
22 12
23 15
24 15
25 15
26 15
22 15
27 15
28 12
28 13
28 14
28 11
28 15
21 12
21 13
21 14
21 15
24 16
23 16
25 16
26 16
22 16
27 16
28 16
21 16
29 11
29 12
29 13
29 14
29 15
29 16
23 17
24 17
25 17
26 17
27 17
28 17
29 17
22 17
30 17
30 16
30 15
0
Yes
28 32
28 33
28 34
28 35
28 36
28 37
28 38
29 32
29 33
29 34
29 35
29 36
29 37
29 38
30 32
30 33
30 34
30 35
30 36
30 37
30 38
31 32
31 33
31 34
31 35
31 36
31 37
31 38
32 32
32 33
32 34
32 35
32 36
32 37
32 38
33 32
33 33
33 34
33 35
33 36
33 37
33 38
34 32
34 33
34 34
34 35
34 36
34 37
34 38
35 32
35 33
35 34
35 35
35 36
35 37
35 38
36 32
36 33
36 34
36 35
36 36
36 37
36 38
37 32
37 33
37 34
37 35
37 36
37 37
37 38
0
Yes
31 29
31 30
31 31
32 29
32 30
32 31
33 29
33 30
33 31
34 29
34 30
34 31
35 29
35 30
35 31
36 29
36 30
36 31
37 29
37 30
37 31
0
Yes
22 3
22 4
21 3
21 4
23 3
23 4
22 2
22 5
21 2
21 5
23 2
23 5
20 3
20 4
24 3
24 4
20 2
20 5
22 1
22 6
24 2
24 5
21 1
21 6
23 1
23 6
19 3
19 4
25 3
25 4
20 1
20 6
24 1
24 6
19 2
19 5
25 2
25 5
22 0
21 0
23 0
19 1
19 6
25 1
25 6
18 3
18 4
20 0
24 0
26 3
26 4
18 2
18 5
26 2
26 5
19 0
25 0
18 1
18 6
26 1
26 6
17 3
17 4
27 3
17 2
17 5
27 2
18 0
26 0
17 1
17 6
27 1
27 6
16 3
16 4
17 0
27 0
16 2
16 5
16 1
16 6
16 0
0
Yes
0 41
0 40
1 40
1 41
2 40
2 41
2 39
1 39
0 39
0 38
1 38
2 38
3 39
3 40
3 41
3 38
1 37
2 37
3 37
0 37
4 41
4 40
4 39
4 38
4 37
5 40
5 39
5 38
5 41
5 37
6 41
0
Yes
47 2
47 3
46 2
46 3
48 2
48 3
47 1
47 4
46 1
46 4
48 1
48 4
45 2
45 3
49 2
49 3
45 1
45 4
47 0
49 1
49 4
46 0
48 0
44 2
44 3
45 0
49 0
44 1
44 4
0
Yes
31 36
30 36
31 35
31 37
32 36
30 35
30 37
32 35
32 37
29 36
31 34
31 38
33 36
29 35
29 37
30 34
30 38
32 34
32 38
33 35
33 37
29 34
29 38
33 34
33 38
28 36
31 33
31 39
34 36
28 35
28 37
30 33
30 39
32 33
32 39
34 35
34 37
28 34
28 38
29 33
29 39
33 33
33 39
34 34
34 38
27 36
31 32
35 36
27 35
27 37
30 32
32 32
35 35
35 37
28 33
28 39
34 33
34 39
27 34
27 38
29 32
33 32
35 34
35 38
26 36
27 33
27 39
28 32
34 32
35 33
35 39
36 36
26 35
26 37
36 35
36 37
26 34
26 38
36 34
36 38
27 32
35 32
26 33
26 39
36 33
36 39
25 36
25 35
25 37
25 34
25 38
26 32
36 32
25 33
0
Yes
39 26
38 26
38 25
39 25
38 24
39 24
40 24
40 25
40 26
37 24
37 25
37 26
40 27
39 27
38 27
37 27
41 25
41 26
41 27
40 23
39 23
38 23
37 23
36 26
36 25
36 24
36 27
36 23
39 28
38 28
40 28
37 28
41 28
36 28
39 22
38 22
37 22
40 22
36 22
35 25
35 26
35 24
35 27
35 23
35 28
35 22
38 29
39 29
37 29
40 29
36 29
41 29
35 29
38 21
37 21
39 21
36 21
40 21
35 21
34 26
34 25
34 27
34 24
34 23
34 28
34 22
34 29
34 21
39 30
38 30
37 30
36 30
40 30
35 30
34 30
41 21
41 22
41 23
42 29
42 28
42 27
36 20
35 20
34 20
33 25
33 26
33 27
33 24
33 28
33 23
33 29
33 22
33 21
33 30
38 31
37 31
36 31
35 31
39 31
34 31
40 31
33 31
43 27
43 28
43 29
32 26
32 25
32 27
32 24
32 28
32 23
32 29
32 22
32 30
32 21
32 31
39 32
38 32
37 32
40 32
38 20
39 20
31 25
31 26
31 27
31 24
31 28
31 23
31 29
31 22
31 30
31 21
31 31
38 33
39 33
40 33
37 33
42 21
42 22
30 26
30 25
30 27
30 24
30 28
30 23
30 29
30 22
30 30
30 21
30 31
0
Yes
15 7
15 8
15 9
15 10
15 11
15 12
16 7
16 8
16 9
16 10
16 11
16 12
17 7
17 8
17 9
17 10
17 11
17 12
18 7
18 8
18 9
18 10
18 11
18 12
19 7
19 8
19 9
19 10
19 11
19 12
20 7
20 8
20 9
20 10
20 11
20 12
21 7
21 8
21 9
21 10
21 11
21 12
22 7
22 8
22 9
22 10
22 11
22 12
23 7
23 8
23 9
23 10
23 11
23 12
24 7
24 8
24 9
24 10
24 11
24 12
0
Yes
21 49
21 48
22 48
22 49
23 48
23 49
23 47
22 47
21 47
21 46
22 46
23 46
24 47
24 48
24 49
24 46
22 45
23 45
21 45
24 45
25 49
25 48
25 47
25 46
25 45
21 44
22 44
23 44
24 44
25 44
26 48
26 47
26 46
26 45
26 49
26 44
22 43
23 43
24 43
25 43
21 43
26 43
27 49
27 48
27 47
27 46
27 45
27 44
27 43
21 42
22 42
23 42
24 42
25 42
26 42
27 42
28 48
28 47
28 46
28 45
28 44
28 43
28 49
28 42
22 41
23 41
24 41
25 41
26 41
27 41
21 41
28 41
29 49
29 48
29 47
29 46
29 45
29 44
29 43
29 42
29 41
21 40
22 40
23 40
24 40
25 40
26 40
27 40
28 40
29 40
30 48
30 47
30 46
30 45
30 44
30 43
30 42
30 41
30 49
30 40
22 39
23 39
24 39
25 39
0
Yes
2 31
1 31
1 30
2 30
1 29
2 29
3 29
3 30
3 31
0 29
0 30
0 31
3 32
2 32
1 32
0 32
4 31
4 30
4 32
4 29
3 28
2 28
1 28
0 28
4 28
2 33
1 33
3 33
0 33
4 33
5 30
5 31
5 32
5 29
5 33
5 28
2 27
3 27
1 27
4 27
0 27
5 27
1 34
2 34
3 34
4 34
0 34
5 34
6 31
6 30
6 32
6 29
6 33
6 28
6 34
6 27
1 26
2 26
3 26
4 26
5 26
0 26
6 26
2 35
3 35
4 35
1 35
5 35
0 35
6 35
7 30
7 31
7 32
7 29
7 33
7 28
7 34
7 27
7 35
7 26
0 25
1 25
2 25
5 25
6 25
1 36
2 36
3 36
4 36
5 36
6 36
7 36
0 36
8 31
8 30
8 32
0
Yes
30 43
29 43
29 42
30 42
29 41
30 41
31 41
31 42
31 43
28 41
28 42
28 43
31 44
30 44
29 44
28 44
32 43
32 42
32 44
32 41
31 40
30 40
29 40
28 40
32 40
27 43
27 42
27 41
27 44
27 40
30 45
29 45
31 45
28 45
32 45
27 45
33 42
33 43
33 44
33 41
33 45
33 40
26 42
26 43
26 44
26 41
26 45
26 40
29 46
30 46
31 46
28 46
32 46
27 46
33 46
26 46
34 43
34 42
34 44
34 41
34 45
34 40
34 46
25 43
25 42
25 44
25 41
25 45
25 40
25 46
30 47
29 47
31 47
28 47
32 47
27 47
33 47
26 47
34 47
25 47
35 42
35 43
35 44
35 45
35 41
35 46
35 40
35 47
24 42
24 43
24 44
24 45
24 41
24 46
24 40
24 47
29 48
30 48
31 48
28 48
32 48
27 48
33 48
26 48
34 48
25 48
35 48
24 48
36 43
36 42
36 44
36 45
36 46
36 47
36 48
36 41
36 40
23 43
23 42
23 44
23 45
23 46
23 41
23 47
23 40
23 48
30 49
29 49
31 49
28 49
32 49
27 49
33 49
26 49
34 49
25 49
35 49
24 49
36 49
23 49
37 44
37 45
37 46
37 47
37 48
37 49
37 43
