0
Yes
0 44
0 45
0 46
0 47
0 48
0 49
1 44
1 45
1 46
1 47
1 48
1 49
2 44
2 45
2 46
2 47
2 48
2 49
3 44
3 45
3 46
3 47
3 48
3 49
4 44
4 45
4 46
4 47
4 48
4 49
0
Yes
0 0
0 1
0 2
0 3
0 4
0 5
0 6
0 7
1 0
1 1
1 2
1 3
1 4
1 5
1 6
1 7
2 0
2 1
2 2
2 3
2 4
2 5
2 6
2 7
3 0
3 1
3 2
3 3
3 4
3 5
3 6
3 7
4 0
4 1
4 2
4 3
4 4
4 5
4 6
4 7
5 0
5 1
5 2
5 3
5 4
5 5
5 6
5 7
6 0
6 1
6 2
6 3
6 4
6 5
6 6
6 7
7 0
7 1
7 2
7 3
7 4
7 5
7 6
7 7
0
Yes
12 46
11 46
12 45
12 47
13 46
11 45
11 47
13 45
13 47
10 46
12 44
12 48
14 46
10 45
10 47
11 44
11 48
13 44
13 48
14 45
14 47
10 44
10 48
14 44
14 48
9 46
12 43
12 49
15 46
9 45
9 47
11 43
11 49
13 43
13 49
15 45
15 47
9 44
9 48
10 43
10 49
14 43
14 49
15 44
15 48
8 46
12 42
16 46
8 45
8 47
11 42
13 42
16 45
16 47
9 43
9 49
15 43
15 49
8 44
8 48
10 42
14 42
16 44
16 48
7 46
8 43
8 49
9 42
15 42
16 49
17 46
7 45
7 47
17 45
17 47
7 44
7 48
17 48
8 42
16 42
7 43
7 49
17 49
6 46
6 45
6 47
6 44
6 48
7 42
6 43
6 49
6 42
0
Yes
32 13
32 14
31 14
33 14
33 13
33 15
32 15
31 15
32 16
31 16
33 16
33 17
32 17
31 17
30 16
30 15
30 14
30 17
34 16
34 15
34 17
34 14
32 18
31 18
33 18
30 18
34 18
29 14
29 15
29 16
29 17
29 18
35 17
35 16
35 18
35 15
31 19
32 19
33 19
30 19
34 19
29 19
35 19
28 16
28 17
28 18
36 18
36 17
36 16
36 19
32 20
31 20
33 20
34 20
30 20
35 20
29 20
36 20
37 16
37 17
37 18
37 19
37 20
31 21
32 21
33 21
34 21
35 21
30 21
36 21
29 21
37 21
38 17
38 18
38 19
38 20
38 16
38 21
32 22
31 22
33 22
34 22
35 22
36 22
30 22
37 22
29 22
38 22
39 16
39 17
39 18
39 19
39 20
39 21
39 22
31 23
30 23
32 23
33 23
29 23
35 23
36 23
37 23
38 23
39 23
40 17
40 18
40 19
40 20
40 21
40 22
0
Yes
0 0
0 1
0 2
0 3
0 4
0 5
1 0
1 1
1 2
1 3
1 4
1 5
2 0
2 1
2 2
2 3
2 4
2 5
3 0
3 1
3 2
3 3
3 4
3 5
4 0
4 1
4 2
4 3
4 4
4 5
5 0
5 1
5 2
5 3
5 4
5 5
6 0
6 1
6 2
6 3
6 4
6 5
7 0
7 1
7 2
7 3
7 4
7 5
8 0
8 1
8 2
8 3
0
Yes
12 5
11 5
11 4
11 6
12 6
10 6
10 5
10 4
10 7
11 7
12 7
9 5
9 6
9 4
9 7
12 8
11 8
10 8
9 8
8 4
8 5
8 6
8 7
8 8
10 9
9 9
8 9
7 6
7 7
7 8
7 9
9 10
8 10
10 10
7 10
6 7
6 8
6 6
6 9
10 11
9 11
8 11
7 11
0
Yes
35 4
36 4
36 5
37 5
37 4
38 5
38 4
38 6
37 6
36 6
39 6
39 5
39 4
39 3
38 3
37 3
37 2
38 2
39 2
38 1
37 1
39 1
40 2
40 3
40 1
40 4
39 0
38 0
37 0
40 0
36 0
36 1
36 2
35 2
35 1
35 0
41 1
41 2
41 3
41 0
0
Yes
0 10
0 11
0 12
0 13
1 10
1 11
1 12
1 13
2 10
2 11
2 12
0
Yes
10 14
9 14
9 13
10 13
9 12
10 12
10 15
9 15
0
Yes
6 40
6 41
7 40
7 41
5 40
5 41
6 39
7 39
8 40
8 41
5 39
4 40
4 41
4 39
0
Yes
0 44
0 45
1 45
1 44
2 45
2 44
2 46
1 46
0 46
0 47
1 47
2 47
3 46
3 45
3 44
3 47
1 48
2 48
0 48
3 48
4 44
4 45
4 46
4 47
4 48
0 49
1 49
2 49
3 49
4 49
4 43
3 43
2 43
5 45
5 46
5 47
5 44
5 43
5 48
5 49
2 42
3 42
4 42
5 42
0
Yes
24 44
24 45
24 46
24 47
24 48
24 49
25 44
25 45
25 46
25 47
25 48
25 49
26 44
26 45
26 46
26 47
26 48
26 49
27 44
27 45
27 46
27 47
27 48
27 49
28 44
28 45
28 46
28 47
28 48
28 49
29 44
29 45
29 46
29 47
29 48
29 49
30 44
30 45
30 46
30 47
30 48
30 49
31 44
31 45
31 46
31 47
31 48
31 49
32 44
32 45
32 46
32 47
32 48
32 49
33 44
33 45
33 46
33 47
0
Yes
44 26
43 26
43 25
44 25
43 24
44 24
45 24
45 25
45 26
42 24
42 25
42 26
45 27
44 27
43 27
42 27
46 26
46 25
46 27
46 24
45 23
44 23
43 23
42 23
46 23
41 26
41 25
41 24
41 27
41 23
44 28
43 28
45 28
42 28
46 28
41 28
47 25
47 26
47 27
47 24
47 28
47 23
44 22
43 22
45 22
42 22
46 22
41 22
47 22
40 25
40 26
40 27
40 24
40 28
40 23
43 29
44 29
45 29
42 29
46 29
41 29
47 29
40 29
48 26
48 25
48 27
48 24
48 28
48 23
48 29
48 22
43 21
44 21
45 21
46 21
42 21
47 21
41 21
48 21
39 24
39 25
39 26
44 30
43 30
45 30
42 30
46 30
41 30
47 30
40 30
48 30
49 25
49 26
49 27
49 24
49 28
49 23
49 29
49 22
49 30
49 21
0
Yes
44 19
43 19
43 18
44 18
43 17
44 17
45 17
45 18
45 19
42 17
42 18
42 19
45 20
44 20
43 20
42 20
46 19
46 18
46 20
46 17
45 16
44 16
43 16
42 16
46 16
41 19
41 18
41 17
41 20
41 16
47 18
47 19
47 17
47 20
47 16
44 15
45 15
43 15
46 15
47 15
42 15
48 19
48 18
48 17
48 16
48 20
48 15
43 14
44 14
45 14
46 14
47 14
48 14
49 18
49 17
49 16
49 15
49 14
49 19
49 20
44 13
45 13
46 13
47 13
48 13
43 13
0
Yes
45 43
45 44
46 43
46 44
44 43
44 44
45 42
45 45
46 42
46 45
47 43
47 44
44 42
44 45
47 42
47 45
43 43
43 44
45 41
45 46
46 41
46 46
48 43
48 44
43 42
43 45
44 41
44 46
47 41
47 46
48 42
48 45
42 43
42 44
43 41
43 46
45 40
45 47
46 40
46 47
48 41
48 46
49 43
49 44
42 42
42 45
44 40
44 47
47 40
47 47
49 42
49 45
42 41
42 46
43 40
43 47
48 40
48 47
49 41
49 46
41 43
41 44
45 39
45 48
46 39
46 48
41 42
41 45
44 39
44 48
47 39
47 48
42 40
42 47
49 40
49 47
41 41
41 46
43 39
43 48
48 39
48 48
45 38
45 49
46 38
46 49
41 40
41 47
42 39
42 48
44 38
44 49
47 38
47 49
49 39
49 48
43 38
43 49
48 38
48 49
41 39
41 48
42 38
42 49
45 37
46 37
49 38
49 49
44 37
47 37
43 37
48 37
41 38
0
Yes
37 47
37 48
38 47
38 48
36 47
36 48
37 46
37 49
38 46
38 49
39 47
39 48
36 46
36 49
39 46
39 49
35 47
35 48
37 45
38 45
40 47
40 48
35 46
35 49
36 45
39 45
40 46
40 49
34 47
34 48
35 45
40 45
34 46
34 49
0
Yes
30 6
30 7
30 8
30 9
30 10
30 11
31 6
31 7
31 8
31 9
31 10
31 11
32 6
32 7
32 8
32 9
32 10
32 11
33 6
33 7
33 8
33 9
33 10
33 11
34 6
34 7
0
Yes
31 34
31 35
31 36
31 37
31 38
31 39
31 40
31 41
31 42
31 43
32 34
32 35
32 36
32 37
32 38
32 39
32 40
32 41
32 42
32 43
33 34
33 35
33 36
33 37
33 38
33 39
33 40
33 41
33 42
33 43
34 34
34 35
34 36
34 37
34 38
34 39
34 40
34 41
34 42
34 43
35 34
35 35
35 36
35 37
35 38
35 39
35 40
35 41
35 42
35 43
36 34
36 35
36 36
36 37
36 38
36 39
36 40
36 41
36 42
36 43
37 34
37 35
37 36
37 37
37 38
37 39
37 40
37 41
37 42
37 43
38 34
38 35
38 36
38 37
38 38
38 39
38 40
38 41
38 42
38 43
39 34
39 35
39 36
39 37
39 38
39 39
39 40
39 41
39 42
39 43
40 34
40 35
40 36
40 37
40 38
40 39
40 40
40 41
40 42
40 43
0
Yes
20 39
20 40
19 40
21 40
21 39
21 41
20 41
19 41
20 42
19 42
0
Yes
18 34
17 34
17 33
18 33
17 35
18 35
19 33
19 34
19 35
18 32
17 32
19 32
18 36
17 36
19 36
20 34
20 33
20 35
20 32
20 36
16 33
16 34
16 35
16 32
16 36
15 34
15 33
15 35
15 32
15 36
17 37
18 37
19 37
16 37
15 37
19 31
18 31
20 31
21 33
21 34
21 35
21 32
21 31
16 31
15 31
18 30
19 30
20 30
18 38
17 38
16 38
15 38
22 34
22 33
22 32
22 35
14 33
14 34
14 35
14 32
14 36
14 37
14 31
14 38
22 36
13 34
13 35
13 36
13 37
13 38
15 30
16 30
14 30
17 39
16 39
15 39
14 39
18 39
13 39
19 29
23 33
23 34
23 35
23 36
16 29
15 29
14 29
13 31
13 30
13 29
18 40
12 35
12 36
12 37
12 38
12 39
24 35
15 28
14 28
16 28
13 28
12 30
12 29
12 28
14 40
13 40
12 40
11 36
11 37
16 27
15 27
14 27
13 27
12 27
17 27
17 26
16 26
15 26
14 26
13 26
18 26
11 39
11 40
13 41
12 41
11 41
18 25
17 25
16 25
15 25
14 25
13 25
19 25
19 26
19 27
20 27
20 26
21 26
11 28
10 40
10 41
17 24
16 24
19 24
0
No
0
Yes
19 12
19 13
20 13
20 12
21 12
20 14
19 14
21 11
19 15
20 15
22 11
22 12
21 15
22 10
21 10
20 10
20 9
21 9
22 9
19 9
19 8
20 8
21 8
22 8
18 8
18 9
18 10
17 10
17 9
17 8
16 9
16 8
23 10
23 11
23 9
18 7
19 7
20 7
17 7
21 7
16 7
24 11
24 10
24 9
24 12
15 8
15 9
15 7
14 9
14 8
14 7
14 10
19 6
18 6
20 6
17 6
16 6
15 6
21 6
25 12
25 11
25 10
25 13
13 10
13 9
13 8
13 11
14 11
15 11
15 12
14 12
14 13
13 13
24 8
18 5
19 5
20 5
17 5
16 5
21 5
26 11
26 12
26 13
25 8
26 14
12 9
12 10
19 4
18 4
20 4
17 4
21 4
27 12
27 13
27 11
27 14
22 4
18 3
19 3
20 3
21 3
28 13
28 14
19 2
20 2
18 2
21 2
17 2
22 2
18 1
19 1
20 1
21 1
17 1
22 1
16 1
23 1
23 2
19 0
18 0
20 0
21 0
22 0
23 0
24 0
24 1
25 1
25 0
25 2
26 0
26 1
27 1
27 0
0
No
2
4
41 31
41 32
41 33
41 34
41 35
41 36
42 31
42 32
42 33
42 34
42 35
42 36
43 31
43 32
43 33
43 34
43 35
43 36
44 31
44 32
44 33
44 34
44 35
44 36
45 31
45 32
45 33
45 34
45 35
45 36
46 31
46 32
46 33
46 34
46 35
46 36
47 31
47 32
47 33
47 34
47 35
47 36
48 31
48 32
48 33
48 34
48 35
48 36
49 31
49 32
49 33
49 34
5
3 22
3 23
3 24
3 25
3 26
3 27
3 28
3 29
4 22
4 23
4 24
4 25
4 26
4 27
4 28
4 29
5 22
5 23
5 24
5 25
5 26
5 27
5 28
5 29
6 22
6 23
6 24
6 25
6 26
6 27
6 28
6 29
7 22
7 23
7 24
7 25
7 26
7 27
7 28
7 29
8 22
8 23
8 24
Yes
0 1
0 2
0 3
0 4
0 5
0 6
0 7
0 8
1 1
1 2
1 3
1 4
1 5
1 6
1 7
1 8
2 1
2 2
2 3
2 4
2 5
2 6
2 7
2 8
3 1
3 2
3 3
3 4
3 5
3 6
3 7
3 8
4 1
4 2
4 3
4 4
4 5
4 6
4 7
4 8
5 1
5 2
5 3
5 4
5 5
5 6
5 7
5 8
6 1
6 2
6 3
6 4
6 5
6 6
6 7
6 8
7 1
7 2
7 3
7 4
7 5
7 6
7 7
7 8
8 1
8 2
8 3
8 4
8 5
8 6
8 7
8 8
9 1
9 2
9 3
9 4
9 5
9 6
9 7
9 8
10 1
10 2
10 3
0
No
0
Yes
31 28
30 28
30 27
30 29
29 27
29 28
29 29
29 26
30 26
31 26
29 30
30 30
28 28
28 27
28 29
28 26
30 25
29 25
28 25
30 31
29 31
31 31
31 32
30 32
29 32
27 27
27 28
27 26
27 29
27 25
32 32
32 31
28 31
28 32
30 33
31 33
29 33
32 33
28 33
33 33
33 32
34 32
34 33
26 25
29 34
30 34
28 34
27 33
27 34
35 33
35 32
36 32
36 33
30 35
29 35
28 35
27 35
37 33
29 36
28 36
30 36
26 35
30 37
29 37
28 37
29 38
30 38
32 26
33 26
33 27
30 24
31 24
0
Yes
45 7
46 7
46 6
46 8
47 8
47 7
47 6
48 7
48 6
48 8
49 8
49 7
49 6
48 5
47 5
49 5
46 5
48 9
47 9
46 9
49 9
49 4
48 4
47 4
46 10
47 10
48 10
49 10
47 3
48 3
49 3
47 11
48 11
49 11
46 11
45 9
45 10
44 10
44 11
45 11
43 11
43 10
43 12
44 12
45 12
46 12
47 12
48 12
49 12
42 12
42 11
42 10
0
No
0
No
0
No
0
No
0
Yes
12 23
11 23
12 22
12 24
13 23
11 22
11 24
13 22
13 24
10 23
12 21
14 23
10 22
10 24
11 21
13 21
14 22
14 24
10 21
14 21
9 23
9 22
9 24
0
Yes
41 49
41 48
42 48
42 49
43 48
43 49
43 47
42 47
41 47
41 46
42 46
43 46
44 47
44 48
44 49
0
No
0
No
0
No
0
Yes
11 4
10 4
10 5
11 5
10 6
11 6
10 7
11 7
12 7
12 6
12 5
12 8
11 8
10 8
0
No
0
Yes
41 37
41 38
41 39
41 40
41 41
41 42
41 43
41 44
42 37
42 38
42 39
42 40
42 41
42 42
42 43
42 44
43 37
43 38
43 39
43 40
43 41
43 42
43 43
43 44
44 37
44 38
44 39
44 40
44 41
44 42
44 43
44 44
45 37
45 38
45 39
45 40
45 41
45 42
45 43
45 44
46 37
46 38
46 39
46 40
46 41
46 42
46 43
46 44
47 37
47 38
47 39
47 40
47 41
47 42
47 43
47 44
48 37
48 38
48 39
48 40
48 41
48 42
48 43
48 44
49 37
49 38
49 39
49 40
49 41
49 42
49 43
49 44
0
No
0
Yes
14 18
14 19
13 18
13 19
14 17
13 17
0
No
0
No
0
Yes
14 24
13 24
13 23
14 23
13 22
14 22
12 22
12 23
12 24
11 24
11 23
11 22
12 21
13 21
11 21
14 21
10 23
10 22
10 24
10 21
11 20
12 20
10 20
13 20
9 24
9 23
9 22
9 21
9 20
10 19
11 19
0
No
0
No
0
No
0
No
0
Yes
18 47
18 48
19 48
18 49
19 49
0
No
0
Yes
36 41
36 42
37 41
37 42
35 41
35 42
36 40
36 43
37 40
37 43
38 41
38 42
35 40
35 43
38 40
38 43
34 41
34 42
36 39
36 44
37 39
37 44
39 41
39 42
34 40
34 43
35 39
35 44
38 39
38 44
39 40
39 43
33 41
33 42
34 39
34 44
36 38
37 38
39 39
39 44
40 41
40 42
33 40
33 43
35 38
38 38
40 40
40 43
33 39
34 38
39 38
40 39
40 44
32 41
32 42
32 40
32 43
33 38
40 38
32 39
32 38
0
No
0
Yes
27 45
26 45
26 44
27 44
26 46
27 46
28 44
28 45
28 46
27 43
28 43
27 47
26 47
28 47
29 45
29 44
29 46
29 43
29 47
25 44
25 45
25 46
25 47
24 45
24 46
24 44
24 47
26 48
27 48
28 48
25 48
29 48
24 48
28 42
27 42
29 42
30 44
30 45
30 46
30 43
30 47
30 42
30 48
27 49
26 49
28 49
25 49
29 49
24 49
30 49
31 45
31 44
31 46
31 43
31 47
31 48
31 42
31 49
23 46
23 45
30 41
31 41
32 44
32 45
32 46
32 47
32 48
32 49
23 49
33 45
33 46
33 47
33 48
33 44
33 49
31 40
30 40
29 40
22 46
28 40
34 45
31 39
31 38
31 37
32 37
32 36
31 36
31 35
32 35
33 36
33 37
33 35
34 37
34 36
34 35
35 36
35 37
35 35
36 37
36 36
36 35
32 34
33 34
34 34
35 34
31 34
36 34
37 36
37 35
37 37
37 34
38 37
38 36
38 35
38 34
39 36
39 35
39 37
0
No
0
Yes
47 10
46 10
46 9
47 9
46 8
47 8
48 8
48 9
48 10
48 11
47 11
46 11
49 10
49 9
49 11
49 8
48 7
47 7
46 7
49 7
47 12
48 12
46 12
49 12
45 11
45 10
45 12
45 9
47 6
48 6
46 6
49 6
0
No
0
No
0
Yes
20 36
19 36
19 35
20 35
19 34
20 34
18 34
18 35
18 36
17 36
17 35
17 34
18 33
19 33
20 33
17 33
16 35
16 34
16 36
16 33
17 37
18 37
16 37
19 37
21 33
21 34
21 35
20 32
19 32
18 32
17 32
21 32
16 32
15 36
15 35
15 34
15 33
15 37
15 32
16 38
17 38
18 38
15 38
22 35
22 34
22 33
22 32
19 31
20 31
18 31
21 31
14 35
14 36
14 34
14 37
14 33
14 38
14 32
18 39
17 39
16 39
15 39
14 39
23 34
23 35
23 33
18 30
19 30
20 30
0
Yes
43 11
43 12
42 11
42 12
44 11
44 12
43 10
42 10
44 10
41 11
0
No
0
Yes
2 30
2 29
3 29
3 30
4 29
4 30
4 31
3 31
2 31
5 31
5 30
5 29
5 28
4 28
3 28
3 27
4 27
0
Yes
7 28
7 29
6 28
6 29
7 27
6 27
0
No
0
No
0
Yes
17 10
17 9
16 9
18 9
18 10
18 8
17 8
16 8
17 7
16 7
18 7
18 6
17 6
16 6
15 7
15 8
15 9
15 6
19 7
19 8
19 9
19 6
17 5
18 5
19 5
16 5
14 9
14 8
14 7
20 9
20 8
20 7
20 6
20 5
18 4
19 4
20 4
17 4
21 8
21 7
21 6
21 5
21 9
21 4
19 3
18 3
20 3
21 3
0
Yes
13 31
13 30
12 30
14 30
14 31
14 29
13 29
12 29
15 29
15 30
15 31
13 28
14 28
12 28
15 28
16 31
16 30
16 29
16 28
12 27
13 27
14 27
15 27
16 27
0
No
0
No
0
No
0
No
0
Yes
6 38
6 39
5 39
7 39
7 40
6 40
5 40
6 41
5 41
7 41
4 41
4 40
4 39
0
Yes
46 47
46 48
45 47
45 48
47 47
47 48
46 46
46 49
45 46
45 49
47 46
47 49
44 47
44 48
48 47
48 48
44 46
44 49
46 45
48 46
48 49
45 45
47 45
43 47
43 48
49 47
49 48
44 45
48 45
43 46
43 49
49 46
49 49
43 45
49 45
42 47
42 48
42 46
0
No
0
Yes
0 0
0 1
0 2
0 3
0 4
0 5
0 6
0 7
0 8
1 0
1 1
1 2
1 3
1 4
1 5
1 6
1 7
1 8
2 0
2 1
2 2
2 3
2 4
2 5
2 6
2 7
2 8
3 0
3 1
3 2
3 3
3 4
3 5
3 6
3 7
3 8
4 0
4 1
4 2
4 3
4 4
4 5
4 6
4 7
4 8
5 0
5 1
5 2
5 3
5 4
5 5
5 6
5 7
5 8
6 0
6 1
6 2
6 3
6 4
6 5
6 6
0
Yes
36 46
36 47
35 46
35 47
37 46
37 47
36 45
36 48
35 45
35 48
37 45
37 48
34 46
34 47
38 46
38 47
34 45
34 48
36 44
36 49
38 45
38 48
35 44
35 49
37 44
37 49
33 46
33 47
39 46
39 47
34 44
34 49
38 44
38 49
33 45
33 48
39 45
39 48
36 43
35 43
37 43
33 44
33 49
39 44
39 49
32 46
32 47
34 43
38 43
40 46
40 47
32 45
32 48
40 45
40 48
33 43
39 43
32 44
32 49
40 44
40 49
31 46
31 47
41 46
41 47
31 45
31 48
41 45
41 48
32 43
40 43
31 44
31 49
41 49
30 46
30 47
31 43
30 45
30 48
30 44
30 49
30 43
0
Yes
11 2
10 2
10 1
11 1
10 3
9 3
9 2
9 1
8 2
8 1
8 3
7 3
7 2
7 1
8 0
9 0
10 0
7 0
8 4
9 4
10 4
7 4
10 5
9 5
8 5
7 5
0
Yes
38 31
39 31
40 31
40 32
40 33
39 33
39 34
40 34
39 35
40 35
39 36
40 36
38 36
38 35
38 34
38 37
39 37
40 37
37 34
37 35
37 36
37 37
37 38
38 38
39 38
40 38
36 35
36 36
36 37
36 34
36 38
36 39
37 39
38 39
39 39
40 39
35 34
35 35
35 36
35 37
35 38
35 39
35 40
36 40
37 40
38 40
39 40
40 40
34 35
34 36
34 37
34 38
34 39
34 34
34 40
33 34
33 35
33 36
33 37
33 38
33 39
33 40
34 41
35 41
36 41
37 41
38 41
39 41
40 41
33 41
32 35
32 36
32 37
32 38
32 39
32 40
32 34
32 41
38 42
37 42
36 42
35 42
34 42
33 42
32 42
39 42
40 42
31 34
31 35
31 36
31 37
31 38
31 39
31 40
31 41
31 42
30 40
30 41
30 42
0
No
0
Yes
27 22
27 23
28 22
26 22
26 23
27 21
28 21
0
No
0
No
0
No
0
No
0
No
0
Yes
4 39
4 40
5 40
5 39
6 40
6 39
6 41
5 41
4 41
7 41
7 40
7 39
8 41
8 40
8 42
7 42
6 42
9 42
9 41
9 40
6 43
7 43
8 43
9 43
10 40
10 41
10 42
10 43
7 44
8 44
9 44
6 44
10 44
11 41
11 42
11 43
11 40
11 44
6 45
7 45
8 45
9 45
10 45
11 45
12 40
12 41
12 42
12 43
12 44
12 45
7 46
8 46
9 46
10 46
11 46
6 46
12 46
13 41
13 42
13 43
13 44
13 45
13 40
13 46
13 39
12 39
11 39
6 47
7 47
8 47
9 47
10 47
11 47
12 47
13 47
14 42
14 43
14 44
14 45
14 46
14 47
7 48
8 48
9 48
10 48
11 48
12 48
13 48
6 48
14 48
15 43
15 44
15 45
15 46
15 47
15 48
15 42
6 49
7 49
8 49
9 49
10 49
11 49
12 49
13 49
14 49
15 49
16 44
16 45
16 46
16 47
16 48
16 49
17 45
17 46
17 47
17 48
17 49
18 47
18 48
18 49
13 38
12 38
19 48
19 49
13 37
12 37
13 36
12 36
6 38
11 37
11 36
9 39
14 40
16 42
20 49
18 45
0
No
0
No
0
Yes
18 3
18 2
17 2
19 2
19 3
19 1
18 1
17 1
20 1
20 2
20 3
21 3
21 2
21 1
20 4
19 4
18 4
21 4
20 0
21 0
19 0
18 0
22 2
22 1
22 0
18 5
19 5
20 5
21 5
23 1
23 0
23 2
19 6
20 6
18 6
21 6
17 6
17 5
17 4
18 7
19 7
20 7
17 7
21 7
17 8
18 8
19 8
20 8
21 8
16 7
16 6
16 8
16 5
18 9
19 9
17 9
20 9
16 9
21 9
15 8
15 7
15 9
15 6
20 10
21 10
22 10
22 9
22 8
14 9
14 8
14 7
24 1
24 0
18 10
17 10
23 10
23 9
23 11
22 11
21 11
24 11
24 10
24 9
22 12
21 12
0
No
0
Yes
45 20
44 20
44 19
45 19
44 18
45 18
46 18
46 19
46 20
43 18
43 19
43 20
47 20
47 19
47 18
46 17
45 17
44 17
43 17
47 17
42 20
42 19
42 18
42 17
48 19
48 18
48 20
48 17
45 16
44 16
46 16
43 16
47 16
42 16
48 16
41 19
41 18
41 17
41 20
41 16
49 16
44 15
45 15
46 15
47 15
43 15
48 15
49 15
42 15
45 14
46 14
47 14
44 14
43 14
48 14
49 14
44 13
45 13
46 13
47 13
43 13
48 13
49 13
0
Yes
29 27
29 28
28 27
28 28
30 27
30 28
29 26
29 29
28 26
28 29
30 26
30 29
27 27
27 28
27 26
27 29
29 25
28 25
30 25
27 25
0
No
0
No
0
No
0
No
0
Yes
19 13
19 14
19 15
19 16
20 13
20 14
20 15
0
No
0
Yes
21 34
20 34
20 33
21 33
20 32
21 32
22 32
22 33
22 34
19 32
19 33
19 34
22 35
21 35
20 35
19 35
23 33
23 34
23 35
18 34
18 33
18 35
18 32
19 31
20 31
18 31
21 31
20 36
19 36
18 36
17 33
17 34
17 35
17 32
17 36
18 30
19 30
20 30
19 37
18 37
17 37
16 34
16 35
16 33
16 36
16 32
16 37
18 38
17 38
16 38
15 33
15 34
15 35
15 36
15 37
15 32
15 38
17 39
16 39
15 39
18 39
14 34
14 35
14 36
14 37
14 33
14 32
14 38
0
Yes
48 49
47 49
47 48
48 48
47 47
48 47
49 47
49 48
49 49
46 47
46 48
46 49
49 46
48 46
47 46
46 46
45 49
45 48
45 47
45 46
48 45
47 45
46 45
45 45
49 45
44 48
44 47
44 46
44 49
44 45
43 49
43 48
0
No
0
No
0
Yes
13 31
13 30
12 30
14 30
14 31
14 29
13 29
12 29
15 29
15 30
15 31
13 28
14 28
12 28
15 28
16 31
16 30
16 29
16 28
12 27
13 27
14 27
15 27
0
No
0
Yes
2 25
2 24
3 24
3 25
3 26
4 25
4 24
4 26
3 23
2 23
4 23
1 23
2 22
3 22
1 22
4 22
5 24
5 25
5 23
5 26
5 22
0 22
5 27
6 25
6 24
6 26
6 23
6 22
1 21
2 21
0 21
2 20
1 20
0 20
3 20
7 24
7 25
7 23
7 26
7 22
6 21
7 21
8 25
8 24
8 23
8 22
8 26
8 21
1 19
0 19
7 20
9 24
9 23
9 22
9 21
10 23
10 22
10 24
10 21
9 20
10 20
11 24
11 23
11 22
11 21
11 20
10 19
11 19
12 23
12 22
12 21
12 20
12 24
12 19
12 25
13 25
13 24
13 23
13 22
13 21
13 20
13 26
11 18
10 18
9 18
9 17
10 17
14 24
14 25
14 23
14 22
14 21
14 26
15 25
15 26
15 22
16 26
16 25
16 24
16 27
17 25
17 26
17 24
17 27
18 26
18 25
19 25
19 26
19 24
19 27
20 26
20 27
1 18
1 17
8 18
9 16
9 15
10 15
10 14
9 14
9 13
10 13
8 13
10 12
9 12
9 11
10 11
8 11
8 10
9 10
10 10
7 10
7 11
7 9
8 9
9 9
10 9
6 9
6 8
7 8
8 8
9 8
10 8
7 7
8 7
0
No
0
No
0
No
0
No
0
Yes
28 14
27 14
27 13
28 13
26 13
26 14
26 12
27 12
26 11
27 11
0
No
0
No
0
No
0
No
0
No
0
No
0
Yes
43 12
42 12
42 11
43 11
42 10
43 10
44 10
44 11
44 12
45 12
45 11
45 10
46 11
46 12
46 10
47 10
47 11
47 12
47 9
46 9
45 9
48 9
48 10
48 11
48 12
48 8
47 8
46 8
49 8
49 9
49 10
49 11
49 12
46 7
47 7
48 7
49 7
47 6
48 6
46 6
49 6
46 5
47 5
48 5
49 5
47 4
48 4
49 4
48 3
47 3
49 3
42 9
43 9
41 11
45 7
45 5
46 3
47 2
0
No
0
No
0
No
0
No
0
No
0
No
0
Yes
0 49
0 48
1 48
1 49
2 48
2 49
2 47
1 47
0 47
0 46
1 46
2 46
3 47
3 48
3 49
0
Yes
7 0
7 1
7 2
7 3
7 4
7 5
7 6
8 0
8 1
8 2
8 3
8 4
8 5
8 6
9 0
9 1
9 2
9 3
9 4
9 5
9 6
10 0
10 1
10 2
10 3
10 4
10 5
10 6
0
No
0
No
0
No
0
No
0
Yes
29 37
29 38
30 37
30 38
28 37
29 36
30 36
28 36
0
No
0
No
0
No
0
Yes
27 47
26 47
26 46
27 46
26 45
27 45
28 45
28 46
28 47
25 45
25 46
25 47
28 48
27 48
26 48
25 48
29 47
29 46
29 48
29 45
28 44
27 44
26 44
25 44
29 44
24 47
24 46
24 45
24 48
24 44
27 49
26 49
25 49
28 49
29 49
24 49
29 43
28 43
27 43
0
No
0
No
0
No
0
Yes
29 34
29 35
28 34
28 35
30 34
30 35
29 33
28 33
30 33
27 34
27 35
27 33
0
No
0
No
0
Yes
3 4
4 4
3 3
3 5
4 3
4 5
2 4
5 4
2 3
2 5
5 3
5 5
3 2
3 6
4 2
4 6
1 4
2 2
2 6
5 2
5 6
6 4
1 3
1 5
6 3
6 5
3 1
3 7
4 1
4 7
1 2
1 6
6 2
6 6
2 1
2 7
5 1
5 7
0 4
0 3
0 5
1 1
1 7
6 1
6 7
0 2
0 6
3 0
4 0
2 0
5 0
0 1
0 7
1 0
6 0
0 0
0
Yes
39 9
39 10
38 9
38 10
40 9
40 10
39 8
38 8
37 9
37 8
0
Yes
27 22
27 23
26 22
26 23
27 21
0
No
0
No
0
Yes
2 4
1 4
2 3
2 5
3 4
1 3
1 5
3 3
3 5
0 4
2 2
2 6
0 3
0 5
1 2
1 6
3 2
3 6
0 2
0 6
2 1
2 7
1 1
1 7
3 1
3 7
0 1
0 7
2 0
1 0
3 0
0 0
0
No
0
No
0
Yes
33 49
32 49
32 48
33 48
32 47
33 47
34 47
34 48
34 49
31 47
31 48
31 49
35 49
35 48
35 47
34 46
33 46
32 46
31 46
35 46
30 49
30 48
30 47
30 46
36 48
36 47
36 49
36 46
33 45
32 45
34 45
31 45
35 45
30 45
36 45
37 45
37 46
37 47
37 48
37 49
32 44
33 44
34 44
35 44
31 44
36 44
30 44
37 44
38 44
38 45
38 46
38 47
38 48
38 49
33 43
32 43
34 43
35 43
36 43
37 43
38 43
31 43
30 43
39 43
39 44
39 45
39 46
0
No
0
Yes
42 28
41 28
41 27
42 27
41 26
42 26
43 26
43 27
43 28
40 26
40 27
40 28
43 29
42 29
41 29
40 29
44 28
44 27
44 29
44 26
43 25
42 25
41 25
40 25
44 25
42 30
43 30
44 30
41 30
40 30
45 27
45 28
45 29
45 26
45 30
45 25
42 24
43 24
41 24
44 24
40 24
45 24
46 28
46 27
46 26
46 29
46 25
46 30
46 24
41 23
42 23
43 23
44 23
45 23
40 23
46 23
39 24
39 25
39 26
39 23
47 27
47 28
47 26
47 25
47 29
47 24
47 30
47 23
42 22
41 22
43 22
44 22
45 22
40 22
46 22
39 22
47 22
38 26
38 25
38 24
38 23
38 22
48 28
48 27
48 26
48 25
48 24
48 29
48 23
48 30
48 22
41 21
42 21
43 21
40 21
44 21
45 21
46 21
39 21
47 21
38 21
48 21
37 25
37 24
37 23
37 22
37 21
49 27
49 28
49 26
49 25
49 24
49 23
49 22
49 21
49 29
49 30
42 20
41 20
43 20
40 20
44 20
39 20
45 20
46 20
47 20
38 20
48 20
37 20
49 20
36 24
36 23
36 22
36 21
36 20
41 19
42 19
43 19
40 19
44 19
39 19
45 19
38 19
46 19
0
No
0
Yes
28 16
28 17
29 17
29 16
30 17
30 16
30 18
29 18
28 18
31 18
31 17
31 16
32 16
32 17
32 18
31 15
30 15
29 15
32 15
31 19
30 19
29 19
32 19
33 17
33 16
33 18
33 15
33 19
29 14
30 14
31 14
32 14
33 14
29 20
30 20
31 20
32 20
33 20
34 16
34 17
34 18
34 15
34 19
34 20
34 14
32 13
33 13
30 21
31 21
32 21
33 21
29 21
34 21
35 15
35 16
35 17
35 18
35 19
35 20
35 21
29 22
30 22
31 22
32 22
33 22
34 22
35 22
36 16
36 17
36 18
36 19
30 23
31 23
32 23
33 23
29 23
0
Yes
8 13
9 13
9 12
9 14
10 12
10 13
10 14
10 11
9 11
8 11
10 15
9 15
8 10
9 10
10 10
7 10
7 11
9 16
7 9
8 9
9 9
10 9
6 9
8 8
7 8
9 8
6 8
10 8
5 8
11 8
7 7
8 7
9 7
6 7
10 7
5 7
11 7
8 6
7 6
9 6
6 6
10 6
5 6
11 6
4 7
4 8
4 6
4 9
3 9
3 8
3 10
2 10
2 9
2 8
2 11
12 7
12 8
12 6
12 9
13 9
13 8
13 10
12 10
14 10
14 11
13 11
1 11
1 10
1 9
1 8
1 12
2 12
15 11
15 12
14 12
14 13
13 13
0 12
0 11
0 10
0 9
0 8
0 13
1 13
7 5
8 5
9 5
6 5
10 5
5 5
11 5
4 5
12 5
8 4
7 4
9 4
6 4
10 4
5 4
11 4
4 4
7 3
8 3
9 3
6 3
10 3
5 3
4 3
8 2
7 2
9 2
6 2
5 2
10 2
4 2
11 2
7 1
8 1
9 1
6 1
10 1
5 1
11 1
4 1
8 0
7 0
9 0
6 0
10 0
5 0
4 0
9 17
10 17
10 18
9 18
8 18
11 18
11 19
10 19
0
No
0
Yes
26 13
27 13
26 12
26 14
27 12
27 14
25 13
25 12
26 11
27 11
25 11
0
No
0
Yes
48 6
48 7
47 6
47 7
49 6
49 7
48 5
48 8
47 5
47 8
49 5
49 8
46 6
46 7
46 5
46 8
48 4
48 9
47 4
47 9
49 4
49 9
46 9
48 3
47 3
49 3
0
No
0
No
0
No
0
Yes
41 11
42 11
42 10
42 12
43 12
43 11
43 10
44 11
44 10
44 12
45 12
45 11
45 10
46 11
46 10
46 12
45 13
44 13
43 13
46 13
47 13
47 12
47 11
47 10
43 14
44 14
45 14
46 14
47 14
48 14
48 13
48 12
48 11
48 10
44 15
45 15
46 15
47 15
43 15
48 15
43 16
44 16
45 16
46 16
47 16
48 16
49 15
49 14
49 13
49 12
49 16
49 11
49 10
44 17
45 17
46 17
47 17
48 17
43 17
49 17
42 17
42 16
42 15
42 18
43 18
44 18
45 18
46 18
47 18
48 18
49 18
41 18
41 17
41 16
47 19
48 19
49 19
40 18
40 17
39 18
39 17
43 9
42 9
0
No
0
Yes
41 38
41 37
42 37
42 38
42 39
41 39
41 40
42 40
43 38
43 39
43 37
43 40
42 36
41 36
43 36
41 35
42 35
43 35
42 41
41 41
43 41
44 37
44 38
44 39
44 36
44 40
44 35
44 41
41 42
42 42
43 42
44 42
45 38
45 37
45 39
45 36
45 40
45 41
45 35
45 42
42 34
43 34
44 34
41 34
45 34
41 33
42 33
43 33
44 33
45 33
42 43
43 43
44 43
41 43
45 43
40 43
46 37
46 38
46 39
46 36
46 40
46 35
46 41
46 34
46 42
46 33
46 43
41 44
42 44
43 44
44 44
45 44
40 44
46 44
47 38
47 37
47 39
47 36
47 40
47 35
47 41
47 34
47 42
47 43
47 33
47 44
42 32
43 32
44 32
45 32
46 32
41 32
47 32
41 31
42 31
43 31
44 31
45 31
46 31
47 31
40 45
41 45
42 45
43 45
48 37
48 38
48 39
48 36
48 40
48 35
48 41
48 34
48 42
48 33
48 43
48 32
48 44
48 31
41 46
42 46
40 46
43 46
49 38
49 37
49 39
49 36
49 40
49 35
49 41
49 34
49 42
49 33
49 43
49 32
49 44
49 31
42 30
43 30
44 30
45 30
46 30
47 30
0
No
0
Yes
16 38
17 38
16 37
16 39
17 37
17 39
15 38
18 38
15 37
15 39
18 37
18 39
16 36
17 36
14 38
15 36
18 36
14 37
14 39
14 36
0
No
0
No
0
Yes
14 32
14 33
14 34
14 35
15 32
15 33
15 34
15 35
16 32
16 33
16 34
16 35
17 32
17 33
17 34
17 35
18 32
18 33
18 34
18 35
19 32
19 33
19 34
19 35
20 32
20 33
20 34
20 35
0
Yes
45 23
45 24
44 23
44 24
46 23
46 24
45 22
45 25
44 22
44 25
46 22
46 25
43 23
43 24
47 23
47 24
43 22
43 25
45 21
45 26
47 22
47 25
44 21
44 26
46 21
46 26
42 23
42 24
48 23
48 24
43 21
43 26
47 21
47 26
42 22
42 25
48 22
48 25
45 20
45 27
44 20
44 27
46 20
46 27
42 21
42 26
48 21
48 26
41 23
41 24
43 20
43 27
47 20
47 27
49 23
49 24
41 22
41 25
49 22
49 25
45 19
45 28
42 20
42 27
44 19
44 28
46 19
46 28
48 20
48 27
41 21
41 26
49 21
49 26
43 19
43 28
47 19
47 28
40 23
40 24
40 22
40 25
41 20
41 27
49 20
49 27
42 19
42 28
48 19
48 28
45 18
45 29
40 21
40 26
44 18
44 29
46 18
46 29
43 18
43 29
47 18
47 29
41 19
41 28
49 19
49 28
40 20
40 27
42 18
42 29
48 18
48 29
45 17
44 17
46 17
40 19
40 28
41 18
41 29
43 17
47 17
49 18
49 29
42 17
48 17
40 18
40 29
0
No
0
Yes
15 22
14 22
14 21
14 23
13 21
13 22
13 23
13 20
13 24
14 24
12 22
12 21
12 23
12 20
12 24
14 25
13 25
12 25
15 25
15 26
14 26
13 26
11 21
11 22
11 23
11 24
11 20
16 26
16 25
16 24
17 24
17 25
17 26
12 19
18 25
18 26
10 22
10 21
10 23
10 20
10 24
16 27
17 27
19 26
19 25
19 24
9 21
9 22
9 23
9 20
9 24
19 27
8 22
8 21
8 23
8 24
20 27
20 26
21 26
8 25
7 21
7 22
7 23
7 24
7 25
7 20
7 26
8 26
6 22
6 21
6 23
6 24
6 25
6 26
5 23
5 22
5 24
5 25
5 26
6 27
7 27
5 27
7 28
6 28
4 22
4 23
4 24
4 25
4 26
6 29
7 29
3 23
3 24
3 25
3 22
3 26
2 22
2 23
2 24
2 25
2 21
1 21
1 22
1 23
1 20
2 20
3 20
0 22
0 21
0 20
0 19
1 19
0
No
0
No
0
Yes
46 14
46 15
45 14
45 15
47 14
47 15
46 13
46 16
45 13
45 16
47 13
47 16
44 14
44 15
48 14
48 15
44 13
44 16
46 12
48 13
48 16
45 12
47 12
43 14
43 15
49 14
49 15
44 12
48 12
43 13
43 16
49 13
49 16
43 12
49 12
42 15
42 16
0
Yes
27 22
27 23
28 22
26 22
26 23
27 21
28 21
0
Yes
2 2
2 3
1 2
1 3
3 2
3 3
2 1
2 4
1 1
1 4
3 1
3 4
0 2
0 3
0 1
0 4
2 0
1 0
3 0
0 0
0
No
0
Yes
39 23
38 23
38 22
39 22
38 24
39 24
39 21
38 21
39 25
38 25
37 22
37 23
37 24
37 21
37 25
36 23
36 22
36 24
36 21
38 20
37 20
39 20
36 20
38 26
39 26
39 19
38 19
37 19
38 18
39 18
37 18
0
No
0
Yes
14 32
14 33
15 33
15 32
16 33
16 32
16 34
15 34
14 34
14 35
15 35
16 35
17 34
17 33
17 32
17 35
18 32
18 33
18 34
18 35
19 33
19 34
19 32
19 35
20 32
20 33
20 34
20 35
20 31
19 31
18 31
21 31
21 32
21 33
21 34
0
Yes
43 23
42 23
42 22
43 22
42 21
43 21
44 21
44 22
44 23
41 21
41 22
41 23
44 24
43 24
42 24
41 24
45 23
45 22
45 24
45 21
44 20
43 20
42 20
41 20
45 20
40 23
40 22
40 21
40 24
40 20
43 25
42 25
44 25
41 25
45 25
40 25
46 22
46 23
46 24
46 21
46 25
46 20
43 19
42 19
44 19
41 19
45 19
40 19
46 19
42 26
43 26
44 26
41 26
45 26
40 26
46 26
47 23
47 22
47 24
47 21
47 25
47 20
47 26
47 19
42 18
43 18
44 18
45 18
41 18
46 18
40 18
47 18
43 27
42 27
44 27
45 27
41 27
46 27
40 27
47 27
48 22
48 23
48 24
48 21
48 25
48 20
48 26
48 19
48 27
48 18
43 17
42 17
44 17
45 17
46 17
41 17
47 17
48 17
40 17
42 28
43 28
44 28
45 28
46 28
41 28
47 28
40 28
48 28
49 23
49 22
49 24
49 21
49 25
49 20
49 26
49 19
49 27
49 18
49 28
49 17
42 16
43 16
44 16
45 16
46 16
47 16
48 16
49 16
41 16
43 29
42 29
44 29
45 29
46 29
47 29
41 29
48 29
40 29
49 29
43 15
44 15
45 15
46 15
47 15
48 15
49 15
42 15
0
Yes
27 25
27 26
27 27
27 28
27 29
28 25
28 26
28 27
28 28
28 29
29 25
29 26
29 27
29 28
0
Yes
18 40
18 39
17 39
17 38
18 38
17 37
18 37
16 37
16 38
16 39
16 36
17 36
18 36
15 39
15 38
15 37
15 36
18 35
17 35
16 35
15 35
14 38
14 37
14 36
14 35
14 39
17 34
16 34
15 34
18 34
14 34
19 35
19 36
19 34
19 37
18 33
17 33
16 33
15 33
19 33
14 33
20 34
20 35
20 33
20 36
17 32
18 32
16 32
19 32
15 32
20 32
14 32
21 33
21 34
21 35
21 32
18 31
19 31
20 31
21 31
0
Yes
38 16
38 17
39 16
39 17
37 16
37 17
38 15
39 15
0
No
0
No
0
No
0
No
0
No
0
Yes
5 48
5 49
4 48
4 49
5 47
4 47
0
No
0
No
0
No
0
No
0
Yes
34 46
33 46
33 45
34 45
33 44
34 44
35 44
35 45
35 46
32 44
32 45
32 46
35 47
34 47
33 47
32 47
36 46
36 45
36 47
36 44
35 43
34 43
33 43
32 43
36 43
31 46
31 45
31 44
31 47
31 43
34 48
33 48
35 48
32 48
36 48
31 48
37 45
37 46
37 47
37 44
37 48
37 43
34 42
33 42
35 42
32 42
36 42
31 42
37 42
30 45
30 46
30 44
30 47
30 43
30 48
30 42
33 49
34 49
35 49
32 49
36 49
31 49
37 49
30 49
38 46
38 45
38 47
38 44
38 48
38 43
38 49
38 42
33 41
34 41
35 41
32 41
36 41
31 41
37 41
30 41
38 41
29 46
29 45
29 47
29 44
29 48
29 43
29 42
29 49
39 45
39 46
39 47
39 44
39 43
39 48
39 42
39 49
39 41
34 40
33 40
35 40
32 40
36 40
37 40
31 40
38 40
39 40
30 40
28 45
28 46
28 47
28 44
28 48
28 43
28 49
28 42
40 47
40 48
40 49
40 42
40 41
40 40
33 39
34 39
35 39
36 39
37 39
38 39
32 39
31 39
39 39
40 39
27 46
27 45
27 47
27 44
27 48
27 49
0
Yes
47 48
46 48
47 47
47 49
48 48
46 47
46 49
48 47
48 49
45 48
47 46
49 48
45 47
45 49
46 46
48 46
49 47
49 49
45 46
49 46
44 48
44 47
44 49
44 46
0
No
0
No
0
No
0
No
0
No
0
Yes
13 49
12 49
12 48
13 48
12 47
13 47
14 47
14 48
14 49
11 47
11 48
11 49
15 49
15 48
15 47
14 46
13 46
12 46
11 46
15 46
10 49
10 48
10 47
10 46
16 48
16 47
16 49
16 46
13 45
12 45
14 45
11 45
15 45
10 45
16 45
9 48
9 47
9 46
9 49
9 45
17 49
17 48
17 47
17 46
17 45
12 44
13 44
14 44
11 44
15 44
10 44
9 44
16 44
8 49
8 48
8 47
8 46
8 45
8 44
13 43
12 43
11 43
10 43
14 43
15 43
9 43
8 43
7 43
7 44
7 45
7 46
7 47
7 48
7 49
12 42
13 42
11 42
10 42
9 42
14 42
8 42
7 42
15 42
6 42
6 43
6 44
6 45
6 46
6 47
6 48
6 49
0
Yes
24 47
24 46
23 46
25 46
25 47
25 45
24 45
23 45
26 45
26 46
26 47
27 47
27 46
27 45
26 48
25 48
24 48
27 48
26 44
27 44
25 44
24 44
28 46
28 47
28 45
28 48
28 44
24 49
25 49
26 49
27 49
28 49
0
No
0
Yes
0 31
0 32
1 31
1 32
0
Yes
33 45
34 45
33 44
33 46
34 44
34 46
32 45
35 45
32 44
32 46
35 44
35 46
33 43
33 47
34 43
34 47
31 45
32 43
32 47
35 43
35 47
36 45
31 44
31 46
36 44
36 46
33 42
33 48
34 42
34 48
31 43
31 47
36 43
36 47
32 42
32 48
35 42
35 48
30 45
37 45
30 44
30 46
37 44
37 46
31 42
31 48
36 42
36 48
30 43
30 47
33 41
33 49
34 41
34 49
37 43
37 47
32 41
32 49
35 41
35 49
29 45
29 44
29 46
30 42
30 48
37 42
37 48
31 41
31 49
36 41
36 49
29 43
29 47
33 40
34 40
32 40
35 40
30 41
30 49
37 41
37 49
29 42
29 48
31 40
36 40
29 49
30 40
37 40
0
Yes
44 42
45 42
44 41
44 43
45 41
45 43
43 42
46 42
43 41
43 43
46 41
46 43
44 40
44 44
45 40
45 44
42 42
43 40
43 44
46 40
46 44
47 42
42 41
42 43
47 41
47 43
44 39
44 45
45 39
45 45
42 40
42 44
47 40
47 44
43 39
43 45
46 39
46 45
41 42
48 42
41 41
41 43
48 41
48 43
42 39
42 45
47 39
47 45
41 40
41 44
44 38
45 38
48 40
48 44
43 38
46 38
40 42
49 42
40 41
40 43
41 39
41 45
48 39
48 45
49 41
49 43
42 38
47 38
40 40
40 44
49 40
49 44
41 38
48 38
40 39
40 45
49 39
49 45
39 42
39 41
39 43
39 40
39 44
40 38
49 38
39 39
0
Yes
39 45
38 45
38 46
39 46
38 47
39 47
38 48
39 48
40 48
40 47
40 46
40 49
39 49
38 49
41 46
41 47
41 48
41 49
42 47
42 48
42 46
42 49
43 46
43 47
43 48
43 49
0
Yes
27 22
27 23
28 22
26 22
26 23
27 21
28 21
0
No
0
Yes
47 34
46 34
47 33
47 35
48 34
46 33
46 35
48 33
48 35
45 34
47 32
47 36
49 34
45 33
45 35
46 32
46 36
48 32
48 36
49 33
49 35
45 32
45 36
49 32
49 36
44 34
47 31
47 37
44 33
44 35
46 31
46 37
48 31
48 37
44 32
44 36
45 31
45 37
49 31
49 37
47 30
46 30
48 30
44 31
44 37
45 30
49 30
44 30
0
No
0
Yes
33 35
32 35
32 34
33 34
32 33
33 33
34 33
34 34
34 35
31 33
31 34
31 35
34 36
33 36
32 36
31 36
35 35
35 34
35 36
35 33
34 32
33 32
32 32
31 32
35 32
30 35
30 34
30 33
30 36
30 32
33 37
32 37
34 37
31 37
35 37
30 37
36 34
36 35
36 36
36 33
36 37
36 32
32 31
31 31
30 31
29 34
29 35
29 33
29 36
29 32
29 37
29 31
32 38
33 38
34 38
31 38
35 38
36 38
30 38
29 38
37 35
37 36
37 34
37 37
37 38
37 33
28 35
28 34
28 33
28 36
28 37
28 32
28 31
33 39
34 39
35 39
36 39
37 39
32 39
31 39
0
No
0
No
0
No
0
No
0
Yes
32 31
31 31
31 32
32 32
33 32
32 33
31 33
33 33
30 32
30 31
30 33
30 30
34 33
34 32
29 31
29 32
29 30
29 33
31 34
32 34
33 34
30 34
34 34
29 34
35 32
35 33
35 34
29 29
30 29
30 28
31 28
32 35
31 35
33 35
30 35
34 35
29 35
35 35
28 32
28 31
28 33
28 34
28 35
36 33
36 34
36 32
36 35
31 36
32 36
33 36
30 36
34 36
29 36
35 36
28 36
36 36
27 33
27 34
27 35
37 34
37 33
37 35
37 36
32 37
31 37
33 37
30 37
34 37
29 37
35 37
36 37
28 37
37 37
31 38
32 38
33 38
30 38
34 38
29 38
35 38
36 38
37 38
26 35
38 35
38 34
38 36
38 37
38 38
39 34
39 35
39 36
39 37
39 38
39 33
32 39
31 39
33 39
34 39
35 39
36 39
37 39
38 39
40 33
40 34
40 35
40 36
40 37
40 32
41 32
41 33
41 34
41 35
41 36
41 37
41 31
40 31
39 31
40 30
41 30
42 31
42 32
42 33
42 34
42 35
42 36
42 30
42 37
38 40
43 30
43 31
43 32
43 33
43 34
43 35
43 36
43 37
30 27
30 26
31 26
32 26
33 26
33 27
38 31
30 25
30 24
0
Yes
38 17
39 17
38 16
39 16
37 17
37 16
0
No
0
Yes
11 28
12 28
12 27
12 29
13 27
13 28
13 29
13 26
13 30
12 30
11 30
11 31
14 28
14 27
14 29
14 26
14 30
15 27
15 28
15 29
15 26
15 30
14 25
13 25
15 25
12 25
12 24
13 24
14 24
11 24
14 31
13 31
15 31
11 23
12 23
13 23
14 23
16 28
16 27
16 29
16 26
16 30
16 25
16 31
10 23
10 24
9 24
9 23
8 23
8 24
8 25
7 25
7 24
7 23
7 26
8 26
6 26
6 25
6 24
6 23
6 27
7 27
7 28
6 28
6 29
7 29
5 27
5 26
5 25
5 24
5 23
10 22
11 22
12 22
9 22
13 22
8 22
7 22
6 22
14 22
5 22
17 27
17 26
17 25
16 24
17 24
11 21
10 21
12 21
9 21
13 21
8 21
7 21
6 21
14 21
15 22
4 26
4 25
4 24
4 23
4 22
18 26
18 25
10 20
11 20
12 20
9 20
13 20
3 25
3 24
3 23
3 26
3 22
19 25
19 26
0
No
0
No
0
No
0
Yes
0 44
0 45
1 45
1 44
2 44
2 45
2 43
3 43
3 44
3 45
3 42
2 42
3 46
4 44
4 43
4 45
4 42
4 46
4 41
4 47
5 43
5 44
5 45
5 42
5 46
5 41
5 47
5 40
4 40
4 39
5 39
5 48
4 48
4 49
5 49
6 41
6 40
6 39
7 40
7 41
7 39
6 38
8 41
8 40
9 40
9 41
9 39
10 41
10 40
11 40
11 41
11 39
12 41
12 40
12 39
12 38
13 40
13 39
13 41
13 38
13 37
12 37
11 37
11 36
12 36
13 36
12 35
13 35
13 34
9 38
0
No
0
No
0
No
0
No
0
Yes
20 41
21 41
20 40
20 42
21 40
19 41
19 40
19 42
20 39
21 39
0
No
0
No
0
Yes
33 35
32 35
32 34
33 34
32 33
33 33
34 33
34 34
34 35
31 33
31 34
31 35
34 36
33 36
32 36
31 36
35 35
35 34
35 36
35 33
34 32
33 32
32 32
31 32
35 32
30 35
30 34
30 33
30 36
30 32
33 37
32 37
34 37
31 37
35 37
30 37
36 34
36 35
36 36
36 33
36 37
36 32
32 31
31 31
30 31
29 34
29 35
29 33
29 36
29 32
29 37
29 31
32 38
33 38
34 38
31 38
35 38
36 38
30 38
29 38
37 35
37 36
37 34
37 37
37 38
37 33
28 35
28 34
28 33
28 36
28 37
28 32
28 31
33 39
34 39
35 39
36 39
37 39
32 39
31 39
38 34
38 35
38 36
38 37
0
No
0
No
0
No
0
No
0
No
0
No
0
No
0
No
0
Yes
46 24
46 25
45 24
45 25
47 24
47 25
46 23
46 26
45 23
45 26
47 23
47 26
44 24
44 25
48 24
48 25
44 23
44 26
46 22
46 27
48 23
48 26
45 22
45 27
47 22
47 27
43 24
43 25
49 24
49 25
44 22
44 27
48 22
48 27
43 23
43 26
49 23
49 26
46 21
46 28
45 21
45 28
47 21
47 28
43 22
43 27
49 22
49 27
42 24
42 25
44 21
44 28
48 21
48 28
42 23
42 26
46 20
46 29
43 21
43 28
45 20
45 29
47 20
47 29
49 21
49 28
42 22
42 27
44 20
44 29
48 20
48 29
42 21
42 28
43 20
43 29
49 20
49 29
46 19
45 19
47 19
44 19
48 19
42 20
42 29
43 19
0
Yes
41 16
41 17
40 17
42 17
42 16
42 18
41 18
40 18
43 18
43 17
43 16
41 19
40 19
42 19
44 16
44 17
44 18
39 19
39 18
39 17
45 17
45 16
45 18
44 15
43 15
45 15
42 15
38 17
38 18
38 19
39 20
40 20
41 20
38 20
46 18
46 17
46 16
46 15
45 14
44 14
43 14
46 14
37 18
37 19
37 17
37 20
41 21
40 21
39 21
38 21
37 21
47 16
47 15
47 17
47 14
47 18
37 16
38 16
39 16
43 13
44 13
45 13
46 13
47 13
38 15
39 15
40 22
39 22
38 22
41 22
37 22
48 15
48 16
48 17
48 14
48 18
48 13
44 12
45 12
46 12
47 12
43 12
48 12
36 22
36 21
36 20
41 23
40 23
39 23
38 23
37 23
36 23
49 16
49 15
49 14
49 17
49 13
49 12
49 18
43 11
44 11
45 11
46 11
47 11
48 11
49 11
40 24
39 24
38 24
37 24
36 24
0
Yes
40 4
39 4
39 3
40 3
39 2
40 2
38 2
38 3
38 4
37 4
37 3
37 2
38 1
39 1
40 1
37 1
37 5
38 5
39 5
41 1
41 2
41 3
40 0
39 0
38 0
37 0
41 0
39 6
38 6
37 6
36 0
36 1
36 2
36 6
36 5
36 4
35 2
35 1
35 0
39 7
38 7
35 4
0
Yes
38 31
39 31
40 31
40 30
40 32
41 30
41 31
41 32
41 29
40 29
39 29
39 28
40 28
41 28
41 33
40 33
39 33
39 34
40 34
41 34
42 31
42 30
42 32
42 33
42 34
40 27
41 27
40 35
41 35
39 35
42 35
39 36
40 36
41 36
42 36
43 30
43 31
43 32
43 33
43 34
43 35
43 36
41 26
40 26
39 26
39 25
40 25
41 25
38 25
38 26
40 37
41 37
42 37
39 37
43 37
39 38
38 38
41 24
38 39
38 29
37 29
37 25
0
No
0
No
0
No
0
Yes
48 7
47 7
48 6
48 8
49 7
47 6
47 8
49 6
49 8
46 7
48 5
48 9
46 6
46 8
47 5
47 9
49 5
49 9
46 5
46 9
48 4
48 10
47 4
47 10
49 4
49 10
46 10
48 3
47 3
49 3
46 3
0
No
0
Yes
30 7
30 8
30 9
30 10
30 11
31 7
31 8
31 9
31 10
31 11
32 7
32 8
32 9
32 10
32 11
33 7
33 8
33 9
33 10
33 11
0
Yes
4 30
3 30
4 29
4 31
5 30
3 29
3 31
5 29
5 31
2 30
4 28
2 29
2 31
3 28
5 28
0
No
0
No
0
No
0
Yes
2 47
3 47
2 46
2 48
3 46
3 48
1 47
4 47
1 46
1 48
4 46
4 48
2 45
2 49
3 45
3 49
0 47
1 45
1 49
4 45
4 49
0 46
0 48
2 44
3 44
0 45
0 49
1 44
4 44
0 44
0
Yes
35 43
36 43
35 42
35 44
36 42
36 44
34 43
37 43
34 42
34 44
37 42
37 44
35 41
35 45
36 41
36 45
33 43
34 41
34 45
37 41
37 45
38 43
33 42
33 44
38 42
38 44
35 40
36 40
33 41
33 45
38 41
34 40
37 40
32 43
32 42
32 44
33 40
38 40
32 41
32 45
32 40
0
No
0
Yes
41 34
41 35
42 34
42 35
40 34
40 35
41 33
41 36
42 33
42 36
43 34
43 35
40 33
40 36
43 33
43 36
39 34
39 35
41 32
41 37
42 32
42 37
39 33
39 36
40 32
40 37
43 32
43 37
39 37
41 31
42 31
40 31
43 31
39 31
0
No
0
No
0
No
0
No
0
Yes
32 45
31 45
32 44
32 46
33 45
31 44
31 46
33 44
33 46
30 45
32 43
32 47
34 45
30 44
30 46
31 43
31 47
33 43
33 47
34 44
34 46
30 43
30 47
34 43
34 47
29 45
32 42
32 48
29 44
29 46
31 42
31 48
33 42
33 48
29 43
29 47
30 42
30 48
34 42
34 48
32 41
32 49
31 41
31 49
33 41
33 49
29 42
29 48
30 41
30 49
34 41
34 49
29 49
32 40
31 40
33 40
30 40
0
No
0
Yes
1 32
0 32
1 31
0 31
0
Yes
35 2
35 1
36 1
36 2
37 1
37 2
37 0
36 0
35 0
38 0
38 1
38 2
39 2
39 1
39 0
40 1
40 2
40 0
39 3
38 3
37 3
40 3
41 3
41 2
41 1
41 0
37 4
38 4
39 4
0
Yes
6 38
6 39
5 39
7 39
7 40
6 40
5 40
6 41
5 41
7 41
7 42
6 42
5 42
4 41
4 42
4 40
4 39
6 43
5 43
7 43
4 43
8 42
8 41
8 40
8 43
7 44
6 44
5 44
8 44
9 40
9 41
9 42
9 43
9 44
6 45
7 45
8 45
5 45
9 45
10 41
10 42
10 43
10 44
10 40
10 45
5 46
6 46
7 46
8 46
9 46
10 46
11 40
11 41
11 42
11 43
11 44
11 45
11 46
6 47
7 47
8 47
9 47
10 47
5 47
11 47
12 41
12 42
12 43
12 44
12 45
12 46
12 40
12 47
5 48
6 48
7 48
8 48
9 48
10 48
11 48
12 48
13 40
13 41
13 42
13 43
13 44
13 45
13 46
13 47
13 48
13 39
12 39
11 39
6 49
7 49
8 49
9 49
10 49
11 49
12 49
13 49
5 49
14 42
14 43
14 44
14 45
14 46
14 47
14 48
14 49
15 43
15 44
15 45
15 46
15 47
15 48
15 49
15 42
16 44
16 45
16 46
16 47
16 48
16 49
17 45
17 46
17 47
17 48
17 49
0
No
0
No
0
No
0
No
0
Yes
36 47
36 48
37 47
37 48
35 47
35 48
36 46
36 49
37 46
37 49
35 46
35 49
36 45
37 45
35 45
0
No
0
No
0
Yes
46 21
46 22
45 21
45 22
47 21
47 22
46 20
46 23
45 20
45 23
47 20
47 23
44 21
44 22
48 21
48 22
44 20
44 23
46 19
48 20
48 23
45 19
47 19
43 21
43 22
49 21
49 22
44 19
48 19
43 20
43 23
49 20
49 23
43 19
49 19
42 21
42 22
42 20
0
No
0
No
0
Yes
2 3
2 4
1 3
1 4
3 3
3 4
2 2
2 5
1 2
1 5
3 2
3 5
0 3
0 4
0 2
0 5
2 1
2 6
1 1
1 6
3 1
3 6
0 1
0 6
2 0
1 0
3 0
0 0
0
Yes
46 26
45 26
45 25
46 25
45 24
46 24
47 24
47 25
47 26
44 24
44 25
44 26
47 27
46 27
45 27
44 27
48 26
48 25
48 27
48 24
43 26
43 25
43 27
43 24
46 28
45 28
47 28
44 28
48 28
43 28
49 25
49 26
49 27
49 28
49 24
42 25
42 26
42 27
42 24
42 28
45 29
46 29
47 29
44 29
43 29
42 29
48 29
49 29
41 29
41 28
41 27
41 26
41 25
41 24
43 30
42 30
41 30
40 30
40 29
40 28
40 27
40 26
0
No
0
No
0
Yes
28 13
27 13
27 12
27 14
28 14
26 12
26 13
26 14
26 11
27 11
25 13
25 12
25 11
24 12
24 11
25 10
24 10
23 11
23 10
24 9
23 9
22 10
22 11
22 9
22 12
21 12
21 11
21 10
21 9
22 8
21 8
20 10
20 9
20 8
21 7
20 7
19 9
19 8
19 7
20 6
21 6
19 6
21 5
20 5
19 5
18 8
18 7
18 6
18 9
18 5
18 10
17 10
17 9
17 8
17 7
17 6
17 5
20 4
19 4
18 4
21 4
17 4
22 4
21 3
20 3
19 3
18 3
16 9
16 8
16 7
16 6
16 5
20 2
19 2
21 2
18 2
22 2
22 1
21 1
20 1
19 1
18 1
23 1
23 2
15 8
15 7
15 6
15 9
23 0
22 0
21 0
20 0
19 0
18 0
24 0
24 1
25 1
25 0
25 2
26 0
26 1
27 1
27 0
27 2
28 0
28 1
14 9
14 8
14 7
17 2
17 1
16 1
29 13
30 13
30 12
30 11
31 11
31 10
30 10
30 9
31 9
29 9
32 10
32 11
32 9
33 11
33 10
33 9
31 8
30 8
32 8
33 8
30 7
31 7
32 7
33 7
29 7
29 6
30 6
31 6
0
Yes
45 5
46 5
46 6
47 6
47 5
48 6
48 5
48 7
47 7
46 7
49 7
49 6
49 5
46 8
47 8
48 8
49 8
0
No
0
No
0
No
0
Yes
16 36
15 36
16 35
16 37
17 36
15 35
15 37
17 35
17 37
14 36
16 34
16 38
18 36
14 35
14 37
15 34
15 38
17 34
17 38
18 35
18 37
14 34
14 38
18 34
18 38
13 36
16 33
16 39
13 35
13 37
15 33
15 39
17 33
17 39
13 34
13 38
14 33
14 39
18 33
18 39
16 32
15 32
17 32
14 32
18 32
0
No
0
No
0
No
0
No
0
Yes
23 33
22 33
22 32
22 34
23 34
21 34
21 33
21 32
21 35
22 35
23 35
20 33
20 34
20 32
20 35
22 36
23 36
19 32
19 33
19 34
19 35
0
No
0
No
0
No
0
Yes
39 47
39 48
40 47
40 48
38 47
38 48
39 46
39 49
40 46
40 49
38 46
38 49
39 45
38 45
0
No
0
No
0
No
0
No
0
No
0
No
0
No
0
Yes
1 21
1 22
2 21
2 22
0 21
0 22
1 20
1 23
2 20
2 23
0 20
1 19
0 19
1
210
42 20
42 21
42 22
42 23
42 24
42 25
43 20
43 21
43 22
43 23
43 24
43 25
44 20
44 21
44 22
44 23
44 24
44 25
45 20
45 21
45 22
45 23
45 24
45 25
46 20
46 21
46 22
46 23
46 24
46 25
47 20
47 21
47 22
47 23
47 24
47 25
48 20
48 21
48 22
48 23
48 24
48 25
49 20
49 21
49 22
49 23
49 24
49 25
Yes
40 26
40 27
40 28
40 29
40 30
40 31
40 32
40 33
40 34
40 35
40 36
40 37
41 26
41 27
41 28
41 29
41 30
41 31
41 32
41 33
41 34
41 35
41 36
41 37
42 26
42 27
42 28
42 29
42 30
42 31
42 32
42 33
42 34
42 35
42 36
42 37
43 26
43 27
43 28
43 29
43 30
43 31
43 32
43 33
43 34
43 35
43 36
43 37
44 26
44 27
44 28
44 29
44 30
44 31
44 32
44 33
44 34
44 35
44 36
44 37
45 26
45 27
45 28
45 29
45 30
45 31
45 32
45 33
45 34
45 35
45 36
45 37
46 26
46 27
46 28
46 29
46 30
46 31
46 32
46 33
46 34
46 35
46 36
46 37
47 26
47 27
47 28
47 29
47 30
47 31
47 32
47 33
47 34
47 35
47 36
47 37
48 26
48 27
48 28
48 29
48 30
48 31
48 32
48 33
48 34
48 35
48 36
48 37
49 26
49 27
49 28
49 29
49 30
49 31
49 32
0
No
0
No
0
No
0
No
0
No
0
No
0
No
0
Yes
47 13
47 14
48 13
48 14
46 13
46 14
47 12
47 15
48 12
48 15
49 13
49 14
46 12
46 15
49 12
49 15
45 13
45 14
47 11
47 16
48 11
48 16
45 12
45 15
46 11
46 16
49 11
49 16
45 11
45 16
47 10
47 17
48 10
48 17
46 10
46 17
49 10
49 17
45 10
45 17
47 9
48 9
46 9
49 9
45 9
0
Yes
45 22
44 22
45 21
45 23
46 22
44 21
44 23
46 21
46 23
43 22
45 20
45 24
47 22
43 21
43 23
44 20
44 24
46 20
46 24
47 21
47 23
43 20
43 24
47 20
47 24
42 22
45 19
45 25
48 22
42 21
42 23
44 19
44 25
46 19
46 25
48 21
48 23
42 20
42 24
43 19
43 25
47 19
47 25
48 20
48 24
41 22
45 18
49 22
41 21
41 23
44 18
46 18
49 21
49 23
42 19
42 25
48 19
48 25
41 20
41 24
43 18
47 18
49 20
49 24
40 22
41 19
41 25
42 18
48 18
49 19
49 25
40 21
40 23
40 20
40 24
41 18
49 18
40 19
40 25
40 18
0
No
0
No
0
Yes
7 4
8 4
7 3
7 5
8 3
8 5
6 4
9 4
6 3
6 5
9 3
9 5
7 2
7 6
8 2
8 6
5 4
6 2
6 6
9 2
9 6
10 4
5 3
5 5
10 3
10 5
7 1
7 7
8 1
8 7
5 2
5 6
10 2
10 6
6 1
6 7
9 1
9 7
4 4
4 3
4 5
5 1
5 7
10 1
10 7
4 2
4 6
7 0
8 0
6 0
9 0
4 1
4 7
5 0
10 0
4 0
0
Yes
37 16
36 16
36 17
37 17
36 18
37 18
38 18
38 17
38 16
35 18
35 17
35 16
39 16
39 17
39 18
38 19
37 19
36 19
35 19
39 19
34 16
34 17
34 18
34 19
37 20
36 20
38 20
35 20
39 20
34 20
33 17
33 18
33 19
33 16
33 20
36 21
37 21
35 21
38 21
34 21
39 21
33 21
32 16
32 17
32 18
32 19
32 20
32 21
33 15
34 15
32 15
35 15
37 22
36 22
35 22
34 22
38 22
33 22
39 22
32 22
31 17
31 18
31 19
31 20
31 16
31 21
31 15
31 22
32 14
33 14
31 14
34 14
36 23
37 23
38 23
39 23
35 23
33 23
32 23
31 23
30 16
30 17
30 18
30 19
30 20
30 21
30 15
30 22
30 14
30 23
37 24
38 24
39 24
36 24
29 15
29 16
29 17
29 18
29 19
29 20
29 21
29 22
29 14
29 23
0
Yes
11 21
10 21
10 20
11 20
10 19
11 19
12 19
12 20
12 21
12 22
11 22
10 22
13 21
13 20
13 22
13 19
11 23
12 23
10 23
13 23
9 22
9 21
9 23
9 20
10 24
11 24
12 24
9 24
13 24
14 23
14 24
14 22
14 21
8 23
8 22
8 21
8 24
0
No
0
Yes
10 47
11 47
10 46
10 48
11 46
11 48
9 47
12 47
9 46
9 48
12 46
12 48
10 45
10 49
11 45
11 49
8 47
9 45
9 49
12 45
12 49
13 47
8 46
8 48
13 46
13 48
10 44
11 44
8 45
8 49
13 45
13 49
9 44
12 44
7 47
14 47
7 46
7 48
14 46
14 48
8 44
13 44
7 45
7 49
14 45
14 49
6 47
15 47
6 46
6 48
7 44
14 44
15 46
15 48
6 45
6 49
15 45
15 49
6 44
15 44
5 47
5 46
5 48
5 45
5 49
0
No
0
Yes
49 49
48 49
48 48
49 48
49 47
48 47
47 48
47 49
47 47
46 49
46 48
46 47
48 46
47 46
49 46
46 46
45 48
45 47
45 49
45 46
44 49
44 48
44 47
44 46
43 48
43 47
43 49
43 46
42 49
42 48
42 47
42 46
41 48
41 47
41 49
41 46
40 49
40 48
40 47
40 46
39 48
39 47
39 49
39 46
39 45
2
321
8 42
8 43
8 44
8 45
8 46
8 47
8 48
8 49
9 42
9 43
9 44
9 45
9 46
9 47
9 48
9 49
10 42
10 43
10 44
10 45
10 46
10 47
10 48
10 49
11 42
11 43
11 44
11 45
11 46
11 47
11 48
11 49
12 42
12 43
12 44
12 45
12 46
12 47
12 48
12 49
13 42
13 43
13 44
13 45
13 46
13 47
13 48
13 49
14 42
14 43
14 44
14 45
14 46
14 47
14 48
14 49
15 42
15 43
15 44
15 45
15 46
15 47
15 48
15 49
16 42
255
24 44
24 45
24 46
24 47
24 48
24 49
25 44
25 45
25 46
25 47
25 48
25 49
26 44
26 45
26 46
26 47
26 48
26 49
27 44
27 45
27 46
27 47
27 48
27 49
28 44
28 45
28 46
28 47
28 48
28 49
Yes
0 44
0 45
0 46
0 47
0 48
0 49
1 44
1 45
1 46
1 47
1 48
1 49
2 44
2 45
2 46
2 47
2 48
2 49
3 44
3 45
3 46
3 47
3 48
3 49
4 44
4 45
4 46
4 47
4 48
4 49
5 44
5 45
5 46
5 47
5 48
5 49
6 44
6 45
6 46
6 47
6 48
6 49
7 44
7 45
7 46
7 47
0
No
0
No
0
No
0
Yes
20 41
21 41
20 40
20 42
21 40
19 41
19 40
19 42
20 39
21 39
0
Yes
27 11
26 11
26 12
27 12
27 13
26 13
25 12
25 11
25 13
25 10
28 13
24 11
24 12
24 10
26 14
27 14
28 14
24 9
23 10
23 11
23 9
22 11
22 10
22 9
22 12
22 8
21 10
21 11
21 9
21 12
21 8
20 12
21 7
20 9
20 10
20 8
20 7
20 13
19 13
19 12
19 8
19 9
19 7
19 14
20 14
20 15
19 15
21 15
20 6
21 6
19 6
21 5
20 5
19 5
18 9
18 8
18 7
18 6
18 5
18 10
19 16
20 4
19 4
21 4
18 4
22 4
21 3
20 3
19 3
18 3
17 10
17 9
17 8
17 7
17 6
17 5
17 4
16 9
16 8
16 7
16 6
16 5
20 2
19 2
21 2
18 2
22 2
22 1
21 1
20 1
19 1
18 1
23 1
23 2
23 0
22 0
21 0
20 0
19 0
18 0
24 0
24 1
25 1
25 0
25 2
26 0
26 1
27 1
27 0
27 2
28 0
28 1
15 8
15 7
15 6
15 9
14 9
14 8
14 7
14 10
17 2
17 1
13 10
13 9
13 8
13 11
14 11
15 11
15 12
14 12
14 13
13 13
16 1
12 9
12 10
12 8
12 7
11 8
11 7
11 6
12 6
12 5
11 5
0
No
0
Yes
14 40
13 40
13 39
13 41
12 41
12 40
12 39
11 40
11 41
11 39
11 42
12 42
13 42
13 43
12 43
11 43
10 42
10 41
10 40
10 43
12 44
11 44
13 44
10 44
14 44
14 43
14 42
9 40
9 41
9 42
9 43
9 44
14 45
13 45
12 45
11 45
10 45
9 45
15 42
15 43
15 44
15 45
8 41
8 42
8 43
8 44
8 40
8 45
13 46
12 46
11 46
10 46
14 46
9 46
15 46
8 46
16 44
16 45
16 46
7 40
7 41
7 42
7 43
14 47
13 47
12 47
11 47
10 47
15 47
9 47
16 47
8 47
17 45
17 46
17 47
6 41
6 42
6 40
6 43
13 48
14 48
15 48
12 48
11 48
10 48
16 48
9 48
17 48
8 48
5 40
5 41
5 42
5 43
5 39
6 39
7 39
14 49
13 49
15 49
12 49
11 49
10 49
16 49
9 49
17 49
8 49
4 39
4 40
4 41
4 42
4 43
18 49
18 48
18 47
0
No
0
Yes
5 8
4 8
4 9
3 9
3 8
3 7
3 10
2 8
2 9
2 7
2 10
2 6
3 6
3 5
2 5
1 7
1 8
1 9
1 6
1 10
1 5
2 11
1 11
0 8
0 7
0 9
0 6
0 10
0 5
0 11
2 4
1 4
3 4
0 4
3 3
2 3
1 3
0 3
1 12
2 12
0 12
2 2
1 2
3 2
0 2
0 13
1 13
3 1
2 1
1 1
0 1
2 0
1 0
3 0
0 0
6 8
6 9
7 9
7 8
7 10
8 8
8 9
8 10
9 9
9 8
9 10
8 11
7 11
9 11
10 8
10 9
10 10
10 11
0
No
0
No
0
No
0
No
0
No
0
No
0
Yes
29 23
29 22
28 22
30 22
30 23
30 21
29 21
28 21
31 21
31 22
31 23
32 23
32 22
32 21
31 20
30 20
29 20
32 20
33 22
33 21
33 20
33 23
29 19
30 19
31 19
32 19
33 19
34 21
34 22
34 20
34 19
30 18
31 18
32 18
33 18
29 18
34 18
35 20
35 21
35 19
35 22
35 18
29 17
30 17
31 17
32 17
33 17
34 17
35 17
36 22
36 21
36 20
36 19
36 18
36 17
30 16
31 16
32 16
33 16
34 16
35 16
29 16
36 16
37 21
37 20
37 19
37 18
37 17
37 22
37 16
28 16
28 17
28 18
37 23
36 23
35 23
29 15
30 15
31 15
32 15
33 15
34 15
35 15
38 23
38 22
38 21
38 20
38 19
38 18
38 17
38 16
30 14
31 14
32 14
33 14
29 14
34 14
39 22
39 21
39 20
39 19
39 18
39 17
39 23
39 16
38 24
37 24
39 24
36 24
32 13
33 13
39 25
38 25
37 25
30 24
31 24
27 21
27 22
30 13
29 13
39 26
38 26
38 15
39 15
27 23
26 22
26 23
27 18
27 19
26 19
26 18
40 17
26 17
25 18
0
No
0
Yes
39 38
38 38
38 37
39 37
38 36
39 36
37 36
37 37
37 38
36 38
36 37
36 36
37 35
38 35
39 35
36 35
35 37
35 36
35 38
35 35
36 39
37 39
38 39
35 39
39 34
38 34
37 34
36 34
35 34
34 38
34 37
34 36
34 35
34 39
34 34
38 40
37 40
36 40
35 40
34 40
0
No
0
No
0
Yes
31 39
31 38
30 38
32 38
32 39
32 37
31 37
30 37
33 37
33 38
33 39
31 36
32 36
30 36
33 36
29 36
29 37
29 38
30 35
31 35
32 35
29 35
33 35
28 35
28 36
28 37
31 34
30 34
32 34
29 34
33 34
28 34
30 33
31 33
32 33
29 33
33 33
28 33
31 32
30 32
32 32
29 32
33 32
28 32
0
No
0
No
0
No
0
No
0
No
0
Yes
49 42
48 42
48 41
49 41
48 40
49 40
47 40
47 41
47 42
47 43
48 43
49 43
46 42
46 41
46 43
46 40
47 39
48 39
49 39
46 39
49 44
48 44
47 44
46 44
45 41
45 42
45 43
45 40
45 44
45 39
49 38
48 38
47 38
46 38
45 38
48 45
47 45
46 45
45 45
49 45
44 42
44 41
44 43
44 40
44 44
44 39
44 45
44 38
43 41
43 42
0
No
0
No
0
No
0
Yes
5 25
6 25
5 24
5 26
6 24
6 26
4 25
7 25
4 24
4 26
7 24
7 26
5 23
5 27
6 23
6 27
3 25
4 23
4 27
7 23
7 27
3 24
3 26
5 22
6 22
3 23
3 27
4 22
7 22
3 22
0
No
0
Yes
19 24
19 25
18 25
18 26
19 26
20 26
17 26
17 25
17 24
16 24
16 25
16 26
19 27
20 27
17 27
16 27
15 25
15 26
15 27
16 28
15 28
14 26
14 27
14 25
14 28
13 25
13 26
13 27
13 28
15 29
14 29
16 29
13 29
16 30
15 30
14 30
13 30
12 27
12 28
12 29
12 30
15 31
14 31
13 31
16 31
11 28
11 30
11 31
21 26
22 26
22 25
22 27
12 25
10 30
0
No
0
No
0
No
4
351
8 45
8 46
8 47
8 48
8 49
9 45
9 46
9 47
9 48
9 49
10 45
10 46
10 47
10 48
10 49
11 45
11 46
11 47
11 48
11 49
12 45
12 46
12 47
12 48
12 49
13 45
13 46
13 47
13 48
13 49
14 45
14 46
14 47
14 48
14 49
15 45
15 46
15 47
15 48
15 49
16 45
16 46
16 47
16 48
16 49
17 45
17 46
17 47
17 48
17 49
323
14 32
14 33
14 34
14 35
14 36
14 37
14 38
14 39
15 32
15 33
15 34
15 35
15 36
15 37
15 38
15 39
16 32
16 33
16 34
16 35
16 36
16 37
16 38
16 39
17 32
17 33
17 34
17 35
17 36
17 37
17 38
17 39
18 32
18 33
18 34
18 35
18 36
18 37
18 38
18 39
19 32
19 33
19 34
19 35
19 36
342
45 42
45 43
45 44
45 45
45 46
45 47
45 48
45 49
46 42
46 43
46 44
46 45
46 46
46 47
46 48
46 49
47 42
47 43
47 44
47 45
47 46
47 47
47 48
47 49
48 42
48 43
48 44
48 45
48 46
48 47
48 48
48 49
49 42
49 43
49 44
49 45
49 46
49 47
49 48
49 49
272
0 0
0 1
0 2
0 3
1 0
1 1
1 2
1 3
2 0
2 1
2 2
2 3
3 0
3 1
3 2
Yes
35 38
35 39
35 40
35 41
35 42
35 43
35 44
35 45
35 46
35 47
35 48
36 38
36 39
36 40
36 41
36 42
36 43
36 44
36 45
36 46
36 47
36 48
37 38
37 39
37 40
37 41
37 42
37 43
37 44
37 45
37 46
37 47
37 48
38 38
38 39
38 40
38 41
38 42
38 43
38 44
38 45
38 46
38 47
38 48
39 38
39 39
39 40
39 41
39 42
39 43
39 44
39 45
39 46
39 47
39 48
40 38
40 39
40 40
40 41
40 42
40 43
40 44
40 45
40 46
40 47
40 48
41 38
41 39
41 40
41 41
41 42
41 43
41 44
41 45
41 46
41 47
41 48
42 38
42 39
42 40
42 41
42 42
42 43
42 44
42 45
42 46
42 47
42 48
43 38
43 39
43 40
43 41
43 42
43 43
43 44
43 45
43 46
43 47
43 48
44 38
44 39
44 40
44 41
44 42
44 43
44 44
44 45
44 46
44 47
44 48
45 38
45 39
45 40
45 41
0
No
0
Yes
21 31
20 31
20 30
20 32
21 32
22 32
21 33
20 33
22 33
19 30
19 31
19 32
19 33
19 29
23 33
18 31
18 30
18 32
18 33
20 34
21 34
22 34
19 34
23 34
18 34
21 35
20 35
22 35
19 35
23 35
18 35
17 32
17 33
17 34
17 35
24 35
20 36
19 36
18 36
17 36
22 36
23 36
16 33
16 34
16 35
16 32
16 36
15 32
15 33
15 34
15 35
15 36
19 37
18 37
17 37
16 37
15 37
14 33
14 34
14 35
14 36
14 32
14 37
18 38
17 38
16 38
15 38
14 38
13 34
13 35
13 36
13 37
13 38
17 39
16 39
15 39
14 39
18 39
13 39
18 40
12 35
12 36
12 37
12 38
12 39
11 36
11 37
14 40
13 40
12 40
11 39
11 40
13 41
12 41
11 41
10 40
10 41
12 42
11 42
13 42
10 42
14 42
14 43
13 43
12 43
11 43
10 43
15 43
15 42
16 42
15 44
14 44
13 44
12 44
11 44
10 44
0
No
0
No
0
No
0
Yes
48 40
47 40
48 39
48 41
49 40
47 39
47 41
49 39
49 41
46 40
48 38
46 39
46 41
47 38
49 38
0
No
0
Yes
30 7
30 8
30 9
30 10
30 11
31 7
31 8
31 9
31 10
31 11
32 7
32 8
32 9
32 10
32 11
33 7
33 8
33 9
33 10
33 11
34 7
34 8
0
Yes
38 0
38 1
38 2
38 3
38 4
39 0
39 1
39 2
39 3
39 4
40 0
40 1
40 2
40 3
40 4
41 0
41 1
41 2
41 3
0
Yes
2 12
1 12
1 11
2 11
1 13
2 10
1 10
0 11
0 12
0 13
0 10
3 10
1 9
2 9
3 9
0 9
4 9
2 8
1 8
3 8
0 8
4 8
5 8
1 7
2 7
3 7
0 7
2 6
1 6
3 6
0 6
1 5
2 5
3 5
0 5
2 4
1 4
3 4
0 4
3 3
6 8
6 9
7 9
7 8
7 10
8 10
8 9
8 8
8 11
7 11
0
No
0
No
0
No
0
Yes
1 2
2 2
1 1
1 3
2 1
2 3
0 2
0 1
0 3
1 0
2 0
0 0
0
Yes
4 22
3 22
3 23
4 23
3 24
4 24
5 24
5 23
5 22
2 24
2 23
2 22
6 22
6 23
6 24
5 25
4 25
3 25
6 25
2 25
1 23
1 22
7 23
7 24
7 22
7 25
4 26
5 26
3 26
6 26
7 26
0
Yes
13 47
13 48
14 47
14 48
12 47
12 48
13 46
13 49
14 46
14 49
15 47
15 48
12 46
12 49
15 46
15 49
11 47
11 48
13 45
14 45
16 47
16 48
11 46
11 49
12 45
15 45
16 46
16 49
10 47
10 48
11 45
16 45
17 47
17 48
10 46
10 49
17 46
17 49
10 45
17 45
9 47
9 48
9 46
9 49
0
Yes
10 9
10 10
9 9
9 10
10 8
10 11
9 8
9 11
0
Yes
7 49
7 48
8 48
8 49
8 47
8 46
8 45
9 45
9 44
8 44
8 43
9 43
7 43
7 42
8 42
9 42
6 42
6 43
5 43
5 42
4 42
4 43
3 43
3 42
6 41
7 41
8 41
5 41
4 41
9 41
2 42
2 43
7 40
6 40
8 40
5 40
9 40
4 40
6 39
7 39
5 39
4 39
0
No
0
No
0
No
0
Yes
5 31
4 31
4 30
5 30
4 29
5 29
3 29
3 30
3 31
2 31
2 30
2 29
3 28
4 28
0
No
0
No
0
No
0
Yes
5 41
4 41
4 40
5 40
4 39
5 39
6 39
6 40
6 41
6 42
5 42
4 42
7 41
7 40
7 42
7 39
5 43
6 43
4 43
7 43
8 42
8 41
8 40
8 43
9 41
9 42
9 43
9 40
0
Yes
14 18
14 19
13 18
14 17
13 17
0
No
0
No
0
No
0
Yes
4 0
4 1
4 2
4 3
4 4
4 5
4 6
4 7
5 0
5 1
5 2
5 3
5 4
5 5
5 6
5 7
6 0
6 1
6 2
6 3
6 4
6 5
6 6
6 7
7 0
7 1
7 2
7 3
7 4
7 5
7 6
7 7
8 0
8 1
8 2
8 3
8 4
8 5
8 6
8 7
9 0
9 1
9 2
9 3
9 4
9 5
9 6
9 7
0
No
0
No
0
No
0
No
0
No
0
Yes
6 28
6 29
7 28
7 29
5 28
6 27
7 27
5 27
0
Yes
46 34
46 35
45 34
45 35
47 34
47 35
46 33
46 36
45 33
45 36
47 33
47 36
44 34
44 35
48 34
48 35
44 33
44 36
46 32
46 37
48 33
48 36
45 32
45 37
47 32
47 37
43 34
43 35
49 34
49 35
44 32
44 37
48 32
48 37
43 33
43 36
49 33
49 36
46 31
45 31
47 31
43 32
43 37
49 32
49 37
42 34
42 35
44 31
48 31
42 33
42 36
43 31
49 31
42 32
42 37
42 31
0
Yes
49 26
48 26
48 27
49 27
49 28
48 28
47 27
47 26
47 28
46 26
46 27
46 28
48 29
47 29
49 29
46 29
49 30
48 30
47 30
46 30
45 27
45 28
45 29
45 26
45 30
44 26
44 27
44 28
44 29
44 30
43 27
43 28
43 29
43 26
43 30
42 26
42 27
42 28
42 29
42 30
41 27
41 28
41 29
41 26
41 30
40 26
40 27
0
No
0
No
0
Yes
28 31
29 31
29 30
30 30
30 31
29 29
30 29
0
Yes
49 19
48 19
48 18
49 18
48 20
49 20
47 20
47 19
47 18
47 21
48 21
49 21
46 19
46 20
46 18
46 21
49 22
48 22
47 22
46 22
45 18
45 19
45 20
45 21
45 22
48 23
47 23
46 23
49 23
45 23
44 19
44 20
44 21
44 22
44 18
44 23
49 24
48 24
47 24
46 24
45 24
44 24
43 18
43 19
43 20
43 21
43 22
43 23
43 24
48 25
47 25
46 25
45 25
44 25
43 25
49 25
42 19
42 20
42 21
42 22
42 23
42 24
42 18
42 25
42 17
0
No
0
Yes
38 26
38 25
37 25
39 25
39 26
39 24
38 24
37 24
38 23
37 23
39 23
39 22
38 22
37 22
40 23
40 24
40 25
40 22
38 21
39 21
37 21
40 21
36 22
36 23
36 21
36 24
41 25
41 24
41 23
41 22
41 21
37 20
38 20
39 20
40 20
36 20
41 20
35 21
35 22
35 20
35 23
38 19
37 19
39 19
36 19
40 19
35 19
41 19
34 20
34 21
34 22
34 19
37 18
38 18
39 18
36 18
40 18
35 18
41 18
34 18
33 22
33 21
33 20
33 19
33 18
38 17
37 17
39 17
36 17
35 17
40 17
34 17
33 17
41 17
32 21
32 20
32 19
32 18
32 22
32 17
37 16
36 16
35 16
34 16
38 16
39 16
33 16
32 16
31 22
31 21
31 20
31 19
31 18
31 17
31 16
0
Yes
16 5
16 6
15 6
17 6
17 5
17 7
16 7
15 7
18 7
18 6
18 5
16 8
17 8
15 8
18 8
19 5
19 6
19 7
19 8
15 9
16 9
17 9
18 9
19 9
20 6
20 7
20 8
20 5
20 9
19 4
18 4
20 4
17 4
14 9
14 8
14 7
17 10
18 10
21 5
21 6
21 7
21 8
21 4
21 9
20 3
19 3
18 3
21 3
22 8
22 9
18 2
19 2
20 2
21 2
22 10
21 10
20 10
19 1
20 1
18 1
21 1
18 0
19 0
20 0
21 0
22 0
22 1
22 2
0
No
0
No
0
Yes
36 35
35 35
36 34
36 36
37 35
35 34
35 36
37 34
37 36
34 35
36 33
36 37
34 34
34 36
35 33
35 37
37 33
37 37
34 33
34 37
36 32
35 32
34 32
0
Yes
29 16
29 17
29 18
29 19
29 20
29 21
29 22
30 16
30 17
30 18
30 19
30 20
30 21
30 22
31 16
31 17
31 18
31 19
31 20
31 21
31 22
32 16
32 17
32 18
32 19
32 20
32 21
32 22
33 16
33 17
33 18
33 19
33 20
33 21
33 22
34 16
34 17
34 18
34 19
34 20
34 21
34 22
35 16
35 17
35 18
35 19
35 20
35 21
35 22
36 16
36 17
36 18
36 19
36 20
36 21
36 22
37 16
37 17
37 18
37 19
37 20
37 21
37 22
38 16
38 17
38 18
38 19
38 20
38 21
38 22
0
No
0
No
0
No
0
No
0
Yes
47 47
46 47
46 46
47 46
46 45
47 45
48 45
48 46
48 47
45 45
45 46
45 47
48 48
47 48
46 48
45 48
49 47
49 46
49 48
49 45
48 44
47 44
46 44
45 44
49 44
47 49
46 49
45 49
48 49
49 49
47 43
46 43
48 43
45 43
49 43
46 42
47 42
48 42
45 42
49 42
44 49
43 49
42 49
0
No
0
No
0
No
0
Yes
39 21
39 22
40 21
40 22
38 21
38 22
39 20
39 23
40 20
40 23
41 21
41 22
38 20
38 23
41 20
41 23
37 21
37 22
39 19
39 24
40 19
40 24
37 20
37 23
38 19
38 24
41 19
41 24
37 19
37 24
39 18
39 25
40 18
40 25
38 18
38 25
41 18
41 25
37 18
37 25
39 17
40 17
38 17
0
Yes
29 20
29 19
30 19
30 20
31 19
31 20
31 21
30 21
29 21
31 18
30 18
29 18
29 22
30 22
31 22
32 21
32 20
32 19
32 18
32 22
29 17
30 17
31 17
32 17
30 23
31 23
32 23
29 23
33 20
33 19
33 21
33 18
33 22
33 17
33 23
30 16
31 16
32 16
29 16
33 16
34 19
34 20
34 18
34 21
34 22
34 17
34 16
28 16
28 17
28 18
0
No
0
Yes
16 36
15 36
16 35
16 37
17 36
15 35
15 37
17 35
17 37
14 36
16 34
16 38
14 35
14 37
15 34
15 38
17 34
17 38
14 34
14 38
16 33
16 39
15 33
15 39
17 33
17 39
14 33
14 39
16 32
15 32
17 32
14 32
0
Yes
26 35
27 35
27 34
28 34
28 35
28 36
28 33
27 33
29 35
29 34
29 36
29 33
29 37
28 37
30 34
30 35
30 36
30 33
30 37
29 32
28 32
30 32
28 31
29 31
30 31
30 38
29 38
31 35
31 34
31 36
31 33
31 37
31 32
31 38
31 31
29 30
30 30
32 34
32 35
32 36
32 33
32 37
32 32
32 38
32 31
31 39
32 39
33 35
33 34
33 36
33 33
33 37
33 32
33 38
33 39
30 29
29 29
32 40
31 40
33 40
30 40
30 41
31 41
32 41
33 41
34 38
34 39
34 40
34 41
31 42
32 42
33 42
30 42
34 42
29 42
29 43
30 43
31 43
32 43
33 43
34 43
28 43
28 42
27 42
27 43
0
No
0
No
0
No
2
377
0 44
0 45
0 46
0 47
0 48
0 49
1 44
1 45
1 46
1 47
1 48
1 49
2 44
2 45
2 46
2 47
2 48
2 49
3 44
3 45
3 46
3 47
3 48
3 49
4 44
4 45
4 46
4 47
4 48
4 49
5 44
5 45
5 46
5 47
5 48
5 49
6 44
6 45
6 46
6 47
6 48
6 49
7 44
7 45
387
29 45
29 46
29 47
29 48
29 49
30 45
30 46
30 47
30 48
30 49
31 45
31 46
31 47
31 48
31 49
32 45
32 46
32 47
32 48
32 49
33 45
33 46
33 47
33 48
33 49
34 45
34 46
34 47
Yes
8 42
8 43
8 44
8 45
8 46
8 47
8 48
8 49
9 42
9 43
9 44
9 45
9 46
9 47
9 48
9 49
10 42
10 43
10 44
10 45
10 46
10 47
10 48
10 49
11 42
11 43
11 44
11 45
11 46
11 47
11 48
11 49
12 42
12 43
12 44
12 45
12 46
12 47
12 48
12 49
13 42
13 43
13 44
13 45
13 46
13 47
13 48
13 49
14 42
14 43
14 44
14 45
14 46
14 47
14 48
14 49
15 42
15 43
15 44
15 45
15 46
15 47
15 48
15 49
16 42
0
Yes
0 0
0 1
0 2
0 3
1 0
1 1
1 2
1 3
2 0
2 1
2 2
2 3
3 0
3 1
0
Yes
7 28
7 29
6 28
6 29
7 27
6 27
0
Yes
38 49
37 49
37 48
38 48
37 47
38 47
39 47
39 48
39 49
36 47
36 48
36 49
40 49
40 48
40 47
39 46
38 46
37 46
36 46
40 46
35 49
35 48
35 47
35 46
41 48
41 47
41 46
41 49
38 45
37 45
39 45
36 45
40 45
35 45
41 45
42 45
42 46
42 47
42 48
37 44
38 44
39 44
40 44
36 44
41 44
35 44
42 44
43 44
43 45
43 46
43 47
43 48
38 43
37 43
39 43
40 43
41 43
36 43
42 43
35 43
43 43
44 43
44 44
44 45
44 46
44 47
44 48
37 42
38 42
39 42
40 42
41 42
42 42
36 42
43 42
35 42
44 42
38 41
37 41
39 41
40 41
41 41
0
No
0
Yes
23 33
22 33
22 32
22 34
23 34
21 34
21 33
21 32
21 35
22 35
23 35
20 33
20 34
20 32
20 35
22 36
23 36
19 32
19 33
19 34
19 35
19 31
20 31
21 31
18 33
18 32
18 34
18 31
18 35
18 36
19 36
20 36
18 30
19 30
20 30
17 34
17 33
17 32
17 35
17 36
16 33
16 34
16 35
16 32
16 36
17 37
18 37
16 37
19 37
15 32
15 33
15 34
15 35
15 36
15 37
16 38
17 38
18 38
15 38
14 33
14 34
14 35
14 36
14 37
14 38
14 32
18 39
17 39
16 39
15 39
14 39
13 34
13 35
13 36
13 37
13 38
13 39
12 35
12 36
12 37
12 38
12 39
11 36
11 37
0
No
0
Yes
45 41
44 41
44 40
45 40
45 39
44 39
43 40
43 41
43 39
42 41
42 40
42 39
44 38
43 38
45 38
42 38
46 38
41 40
41 39
41 38
40 39
40 40
40 38
41 37
40 37
39 40
39 39
39 38
39 37
40 36
41 36
39 36
41 35
40 35
39 35
38 39
38 38
38 37
38 36
38 40
38 35
37 40
37 39
37 38
40 34
39 34
41 34
38 34
41 33
40 33
39 33
36 39
36 40
36 38
1
370
4 39
4 40
4 41
4 42
4 43
5 39
5 40
5 41
5 42
5 43
6 39
6 40
6 41
6 42
6 43
7 39
7 40
7 41
7 42
Yes
37 0
37 1
37 2
37 3
37 4
38 0
38 1
38 2
38 3
38 4
39 0
39 1
39 2
39 3
39 4
40 0
40 1
40 2
40 3
40 4
41 0
41 1
41 2
41 3
0
No
0
Yes
31 42
30 42
30 41
31 41
30 40
31 40
32 40
32 41
32 42
32 43
31 43
30 43
33 42
33 41
33 43
33 40
31 44
32 44
30 44
33 44
34 41
34 42
34 40
34 43
34 44
33 39
32 39
31 39
34 39
29 44
29 43
29 42
31 38
32 38
33 38
34 38
35 39
35 40
35 41
35 38
28 43
28 42
32 37
33 37
31 37
31 36
32 36
33 36
30 36
30 37
30 38
29 38
29 37
29 36
28 37
28 36
30 35
31 35
32 35
29 35
33 35
28 35
31 34
30 34
32 34
29 34
33 34
28 34
27 43
27 42
27 35
27 34
27 33
28 33
29 33
30 33
31 33
32 33
33 33
0
No
0
Yes
32 13
32 14
31 14
33 14
33 13
31 15
32 15
33 15
30 15
30 14
30 13
34 15
34 14
29 13
29 14
29 15
28 14
28 13
27 13
27 14
27 12
26 12
26 13
26 14
26 11
27 11
25 13
25 12
25 11
25 10
24 12
24 11
24 10
24 9
23 11
23 10
23 9
30 12
35 15
35 16
36 16
36 17
35 17
35 18
36 18
37 17
37 16
38 16
38 15
36 19
35 19
39 15
39 16
35 20
36 20
36 21
35 21
35 22
36 22
36 23
35 23
38 14
24 8
25 8
0
No
0
No
0
No
0
No
0
No
0
Yes
11 7
12 7
11 6
11 8
12 6
12 8
10 7
10 6
10 8
11 5
12 5
10 5
0
Yes
17 48
17 49
18 48
18 49
16 48
16 49
17 47
18 47
16 47
0
No
0
Yes
4 9
3 9
3 8
4 8
3 10
5 8
2 8
2 9
2 10
2 7
3 7
2 11
1 9
1 8
1 10
1 7
1 11
3 6
2 6
1 6
0 8
0 9
0 10
0 7
0 11
0 6
1 12
2 12
0 12
2 5
1 5
3 5
0 5
3 4
2 4
1 4
0 4
0 13
1 13
6 8
6 9
7 9
7 8
7 10
8 8
8 9
8 10
8 11
7 11
9 9
9 10
9 8
9 11
9 12
10 10
10 9
10 11
10 12
10 13
9 13
8 13
9 14
10 14
0
No
0
No
0
No
0
No
0
No
0
No
0
No
0
Yes
45 42
45 43
45 44
45 45
45 46
45 47
45 48
45 49
46 42
46 43
46 44
46 45
46 46
46 47
46 48
46 49
47 42
47 43
47 44
47 45
47 46
47 47
47 48
47 49
48 42
48 43
48 44
48 45
48 46
48 47
48 48
48 49
49 42
49 43
49 44
49 45
49 46
49 47
49 48
49 49
0
No
0
Yes
8 4
7 4
8 3
8 5
9 4
7 3
7 5
9 3
9 5
6 4
8 2
8 6
10 4
6 3
6 5
7 2
7 6
9 2
9 6
10 3
6 2
6 6
10 2
5 4
8 1
8 7
5 3
5 5
7 1
7 7
9 1
9 7
5 2
5 6
6 1
6 7
10 1
8 0
7 0
9 0
5 1
5 7
6 0
10 0
5 0
0
No
0
No
0
Yes
43 11
44 11
43 10
43 12
44 10
44 12
42 11
42 10
42 12
0
Yes
30 12
30 13
29 13
29 14
30 14
31 14
28 14
28 13
30 15
29 15
31 15
27 13
27 14
27 12
32 15
32 14
32 13
33 13
33 14
33 15
26 12
26 13
26 14
26 11
27 11
34 14
34 15
25 11
25 12
25 13
25 10
35 15
24 12
24 11
24 10
35 16
24 9
23 11
23 10
23 9
36 16
36 17
35 17
35 18
36 18
37 17
37 16
37 18
38 16
38 17
38 18
38 15
36 19
37 19
35 19
38 19
35 20
36 20
37 20
38 20
39 15
39 16
39 17
39 18
39 19
39 20
36 21
37 21
38 21
35 21
39 21
35 22
36 22
37 22
38 22
39 22
40 17
40 18
40 19
40 20
40 21
40 22
36 23
37 23
38 23
39 23
35 23
40 23
41 18
41 19
41 20
41 21
41 22
41 17
41 23
41 16
42 16
42 15
43 15
43 16
43 14
37 24
36 24
38 24
39 24
40 24
41 24
43 17
44 14
44 15
44 16
44 17
44 13
43 13
38 25
37 25
39 25
40 25
41 25
39 26
38 26
24 8
25 8
22 11
22 12
21 12
21 11
0
Yes
18 40
18 39
17 39
17 38
18 38
17 37
18 37
16 37
16 38
16 39
16 36
17 36
18 36
15 39
15 38
15 37
15 36
18 35
17 35
16 35
15 35
14 38
14 37
14 36
14 39
14 35
17 34
16 34
15 34
18 34
14 34
19 35
19 36
19 34
19 37
13 39
13 38
13 37
13 36
13 35
13 34
18 33
17 33
16 33
15 33
14 33
19 33
20 34
20 35
20 33
20 36
12 38
12 37
12 36
12 39
12 35
17 32
18 32
16 32
19 32
20 32
15 32
14 32
0
No
0
No
0
Yes
4 47
3 47
4 46
4 48
5 47
3 46
3 48
5 46
5 48
2 47
4 45
4 49
6 47
2 46
2 48
3 45
3 49
5 45
5 49
6 46
6 48
2 45
2 49
6 45
6 49
1 47
4 44
7 47
1 46
1 48
3 44
5 44
7 46
7 48
1 45
1 49
2 44
6 44
7 45
7 49
0 47
0 46
0 48
1 44
7 44
0 45
0 49
0
Yes
19 12
19 13
20 13
20 12
21 12
20 14
19 14
21 11
19 15
20 15
22 11
22 12
21 15
19 16
23 11
23 10
24 10
24 11
24 12
24 9
23 9
25 12
25 11
25 10
25 13
26 11
26 12
26 13
26 14
27 12
27 13
27 11
27 14
28 13
28 14
29 14
29 13
29 15
30 13
30 14
30 15
30 12
31 14
31 15
32 15
32 14
32 13
33 13
33 14
33 15
34 14
34 15
35 15
35 16
36 16
36 17
35 17
35 18
36 18
36 19
35 19
35 20
36 20
37 17
37 18
37 19
37 16
37 20
36 21
35 21
37 21
35 22
36 22
37 22
38 16
38 17
38 18
38 19
38 20
38 21
38 22
38 15
39 15
39 16
39 17
39 18
39 19
39 20
39 21
39 22
36 23
37 23
38 23
35 23
39 23
40 17
40 18
40 19
40 20
40 21
40 22
40 23
37 24
36 24
38 24
39 24
40 24
41 18
41 19
41 20
41 21
41 22
41 23
41 17
41 24
41 16
38 25
37 25
39 25
40 25
41 25
42 16
42 15
43 15
43 16
43 14
39 26
38 26
43 17
44 14
44 15
44 16
44 17
44 13
43 13
43 12
44 12
42 12
42 11
43 11
44 11
41 11
43 10
42 10
44 10
42 9
43 9
24 8
25 8
0
Yes
10 0
9 0
9 1
10 1
9 2
10 2
8 2
8 1
8 0
7 0
7 1
7 2
8 3
9 3
10 3
7 3
6 1
6 2
6 0
6 3
10 4
9 4
8 4
7 4
6 4
5 0
5 1
5 2
5 3
5 4
9 5
8 5
7 5
6 5
5 5
4 1
4 2
4 3
4 4
4 0
4 5
8 6
7 6
6 6
5 6
9 6
4 6
3 0
3 1
3 2
3 3
9 7
8 7
7 7
6 7
5 7
4 7
2 1
2 2
2 0
2 3
1 0
1 1
1 2
1 3
0 1
0 2
0 0
0 3
11 1
11 2
0
No
0
No
0
No
0
No
0
No
0
Yes
46 8
46 7
47 7
47 8
48 7
48 8
48 6
47 6
46 6
46 5
47 5
48 5
49 6
49 5
49 7
49 8
47 4
48 4
0
No
0
Yes
34 49
34 48
35 48
35 49
36 48
36 49
37 48
37 49
37 47
36 47
35 47
38 47
38 48
38 49
35 46
36 46
37 46
38 46
0
No
0
No
0
No
0
No
0
No
0
Yes
7 0
6 0
6 1
7 1
6 2
7 2
8 2
8 1
8 0
5 2
5 1
5 0
9 0
9 1
9 2
8 3
7 3
6 3
5 3
9 3
4 0
4 1
4 2
4 3
10 1
10 2
10 3
10 0
7 4
6 4
8 4
5 4
9 4
4 4
10 4
3 1
3 2
3 3
3 0
6 5
7 5
8 5
5 5
9 5
4 5
7 6
6 6
8 6
5 6
9 6
4 6
6 7
7 7
8 7
5 7
9 7
4 7
0
Yes
36 35
36 36
35 35
35 36
37 35
37 36
36 34
36 37
35 34
35 37
37 34
37 37
34 35
34 36
34 34
34 37
36 33
35 33
37 33
0
No
0
Yes
48 47
47 47
47 46
48 46
47 45
48 45
49 45
49 46
49 47
46 45
46 46
46 47
49 48
48 48
47 48
46 48
49 44
48 44
47 44
46 44
45 47
45 46
45 45
45 48
45 44
48 49
47 49
46 49
45 49
49 49
48 43
47 43
46 43
49 43
45 43
44 46
44 47
44 45
44 48
44 44
44 49
44 43
47 42
46 42
48 42
45 42
49 42
44 42
43 47
43 46
43 45
43 44
43 48
43 43
43 49
43 42
48 41
47 41
46 41
49 41
0
No
0
Yes
42 45
41 45
41 44
42 44
41 46
42 46
42 43
41 43
42 47
41 47
40 44
40 45
40 46
40 43
40 47
39 45
39 44
39 46
39 43
39 47
41 42
40 42
42 42
39 42
41 48
40 48
42 48
39 48
42 49
41 49
40 49
39 49
38 44
38 45
38 43
38 42
40 41
41 41
39 41
38 41
37 45
37 44
37 43
37 42
37 41
36 44
36 43
36 42
36 45
36 41
35 45
0
No
0
No
0
No
0
No
0
Yes
22 4
21 4
21 3
21 5
20 5
20 4
20 3
19 4
19 3
19 5
18 5
18 4
18 3
19 2
20 2
21 2
18 2
19 6
20 6
21 6
18 6
21 1
20 1
19 1
18 1
21 7
20 7
19 7
18 7
17 6
17 5
17 7
17 4
20 0
21 0
19 0
18 0
20 8
19 8
18 8
21 8
17 8
22 0
22 1
22 2
16 7
16 6
16 8
16 5
23 2
23 1
23 0
16 9
17 9
18 9
19 9
20 9
21 9
15 8
15 7
15 9
15 6
0
No
0
No
0
Yes
33 34
32 34
32 33
33 33
32 32
33 32
34 32
34 33
34 34
31 32
31 33
31 34
34 35
33 35
32 35
31 35
35 34
35 33
35 35
35 32
30 34
30 33
30 35
30 32
33 36
32 36
34 36
31 36
35 36
30 36
36 33
36 34
36 35
36 36
36 32
29 33
29 34
29 35
29 32
29 36
30 31
29 31
31 31
32 31
32 37
33 37
34 37
31 37
35 37
30 37
36 37
29 37
37 34
37 35
37 33
37 36
37 37
28 34
28 33
28 35
28 32
28 36
28 31
28 37
33 38
32 38
31 38
34 38
35 38
30 38
29 38
27 35
27 34
27 33
32 39
33 39
34 39
31 39
35 39
33 40
32 40
34 40
31 40
35 40
32 41
33 41
34 41
31 41
35 41
33 42
32 42
34 42
31 42
35 42
30 42
30 41
30 40
30 30
29 30
32 43
33 43
34 43
31 43
35 43
30 43
33 44
32 44
31 44
30 44
34 44
35 44
0
Yes
22 34
22 35
23 34
23 35
21 34
21 35
22 33
22 36
23 33
23 36
21 33
22 32
21 32
0
Yes
38 23
37 23
37 22
38 22
37 21
38 21
39 21
39 22
39 23
36 21
36 22
36 23
39 24
38 24
37 24
36 24
40 23
40 22
40 24
40 21
39 20
38 20
37 20
36 20
40 20
35 23
35 22
35 21
35 20
38 25
39 25
40 25
37 25
41 22
41 23
41 21
41 20
41 24
41 25
38 19
37 19
39 19
36 19
40 19
35 19
41 19
37 18
38 18
39 18
36 18
40 18
35 18
41 18
38 17
37 17
39 17
36 17
40 17
35 17
41 17
37 16
38 16
39 16
36 16
0
Yes
31 22
32 22
31 21
31 23
32 21
32 23
30 22
33 22
30 21
30 23
33 21
33 23
31 20
32 20
29 22
30 20
33 20
29 21
29 23
29 20
0
No
0
No
0
Yes
30 19
29 19
29 18
30 18
31 18
31 19
30 17
29 17
31 17
32 19
32 18
32 17
28 18
28 17
29 16
30 16
31 16
28 16
32 16
33 18
33 17
33 19
33 16
30 15
29 15
31 15
32 15
33 15
34 19
34 18
34 17
34 16
34 15
34 20
29 14
30 14
31 14
32 14
33 14
34 14
28 14
35 16
35 15
30 13
29 13
28 13
32 13
33 13
27 13
27 14
26 14
26 13
27 12
26 12
25 13
25 12
26 11
27 11
25 11
24 12
24 11
25 10
24 10
23 11
23 10
24 9
23 9
22 10
22 11
22 9
22 12
21 12
21 11
21 10
20 10
0
Yes
1 2
2 2
1 1
1 3
2 1
2 3
0 2
0 1
0 3
1 0
2 0
0
No
0
No
0
No
0
No
0
Yes
47 28
46 28
46 27
47 27
46 29
47 29
48 27
48 28
48 29
47 26
46 26
48 26
47 30
46 30
48 30
49 28
49 27
49 29
49 26
49 30
45 27
45 28
45 29
45 26
45 30
44 28
44 27
44 29
44 26
44 30
43 27
43 28
43 29
43 26
43 30
42 28
42 27
42 29
42 26
42 30
41 27
41 28
41 29
41 26
41 30
41 31
40 28
40 27
40 29
40 30
40 26
40 31
39 29
39 28
0
Yes
36 6
35 6
36 5
37 5
37 6
38 6
38 5
37 4
36 4
38 4
35 4
38 7
39 5
39 6
39 7
39 4
38 3
37 3
39 3
39 8
38 8
37 8
37 9
38 9
39 9
37 2
38 2
39 2
36 2
38 10
39 10
40 4
40 3
40 2
36 1
37 1
38 1
39 1
40 1
40 9
40 10
35 1
35 2
39 11
38 11
41 3
41 2
41 1
35 0
36 0
37 0
38 0
39 0
40 0
41 0
34 6
34 7
33 7
33 6
33 8
34 8
32 6
32 7
32 8
32 5
32 9
33 9
33 10
32 10
31 7
31 6
31 8
31 9
31 10
30 6
30 7
30 8
30 9
30 10
30 5
32 11
31 11
33 11
30 11
29 7
29 6
29 9
28 6
30 12
39 12
30 13
29 13
29 14
30 14
31 14
31 15
30 15
29 15
32 15
32 14
32 13
0
Yes
19 7
18 7
18 6
19 6
18 5
19 5
20 5
20 6
20 7
17 5
17 6
17 7
20 8
19 8
18 8
17 8
21 7
21 6
21 8
21 5
20 4
19 4
18 4
21 4
17 4
16 7
16 6
16 8
16 5
19 9
18 9
20 9
17 9
21 9
16 9
19 3
18 3
20 3
21 3
0
No
1
499
2 22
2 23
2 24
2 25
3 22
3 23
3 24
3 25
4 22
4 23
4 24
4 25
5 22
5 23
5 24
5 25
6 22
6 23
6 24
6 25
Yes
29 16
29 17
29 18
29 19
29 20
29 21
29 22
30 16
30 17
30 18
30 19
30 20
30 21
30 22
31 16
31 17
31 18
31 19
31 20
31 21
31 22
32 16
32 17
32 18
32 19
32 20
32 21
32 22
33 16
33 17
33 18
33 19
33 20
33 21
33 22
34 16
34 17
34 18
34 19
0
No
0
Yes
31 49
30 49
30 48
31 48
32 48
32 49
31 47
30 47
32 47
33 49
33 48
33 47
29 48
29 49
29 47
28 49
28 48
28 47
30 46
31 46
32 46
29 46
33 46
28 46
34 48
34 47
34 49
34 46
31 45
30 45
32 45
29 45
33 45
28 45
34 45
35 49
35 48
35 47
35 46
27 48
27 47
27 46
27 49
27 45
26 49
26 48
26 47
26 46
26 45
36 48
36 47
36 49
36 46
29 44
28 44
27 44
26 44
37 49
37 48
37 47
37 46
25 48
25 47
25 46
25 45
25 49
25 44
28 43
27 43
29 43
24 49
24 48
24 47
24 46
24 45
24 44
38 48
38 47
38 49
0
No
0
No
0
No
0
No
0
No
0
No
0
No
0
No
0
No
0
No
0
No
0
No
0
No
0
No
1
399
43 10
43 11
43 12
43 13
43 14
43 15
43 16
43 17
44 10
44 11
44 12
44 13
44 14
44 15
44 16
44 17
45 10
45 11
45 12
45 13
45 14
45 15
45 16
45 17
46 10
46 11
46 12
46 13
46 14
46 15
46 16
46 17
47 10
47 11
47 12
47 13
47 14
47 15
47 16
47 17
48 10
48 11
48 12
48 13
48 14
48 15
48 16
48 17
49 10
49 11
49 12
49 13
49 14
49 15
49 16
49 17
Yes
40 32
40 33
40 34
40 35
40 36
40 37
40 38
40 39
40 40
41 32
41 33
41 34
41 35
41 36
41 37
41 38
41 39
41 40
42 32
42 33
42 34
42 35
42 36
42 37
42 38
42 39
42 40
43 32
43 33
43 34
43 35
43 36
43 37
43 38
43 39
43 40
44 32
44 33
44 34
44 35
44 36
44 37
44 38
44 39
44 40
45 32
45 33
45 34
45 35
45 36
45 37
45 38
45 39
45 40
46 32
46 33
46 34
46 35
46 36
46 37
46 38
46 39
46 40
47 32
47 33
47 34
47 35
47 36
47 37
47 38
47 39
47 40
48 32
48 33
48 34
48 35
48 36
48 37
48 38
48 39
48 40
49 32
0
No
0
Yes
20 41
21 41
20 40
20 42
21 40
19 41
19 40
19 42
20 39
21 39
0
No
0
Yes
16 39
15 39
15 38
16 38
15 37
16 37
17 37
17 38
17 39
14 37
14 38
14 39
18 39
18 38
18 37
17 36
16 36
15 36
14 36
18 36
13 39
13 38
13 37
13 36
16 35
15 35
17 35
14 35
18 35
13 35
12 38
12 37
12 36
12 39
12 35
19 35
19 36
19 37
15 34
16 34
17 34
14 34
18 34
19 34
13 34
11 37
11 36
0
No
0
Yes
20 2
19 2
19 1
20 1
19 0
20 0
21 0
21 1
21 2
18 0
18 1
18 2
22 2
22 1
22 0
0
No
0
No
0
No
0
Yes
15 33
16 33
15 32
16 32
14 33
14 32
0
Yes
18 45
17 45
17 46
16 46
16 45
15 46
15 45
15 47
16 47
17 47
14 47
14 46
14 45
17 48
16 48
15 48
14 48
13 45
13 46
13 47
13 48
14 44
15 44
13 44
16 44
16 49
15 49
14 49
17 49
13 49
12 46
12 47
12 45
12 48
12 44
12 49
18 49
18 48
18 47
13 43
14 43
15 43
12 43
11 45
11 46
11 47
11 44
11 48
11 43
11 49
15 42
14 42
13 42
12 42
11 42
10 44
10 45
10 46
10 47
10 43
10 48
10 42
10 49
13 41
12 41
11 41
10 41
9 45
9 44
9 46
9 43
9 47
9 42
9 48
9 41
9 49
12 40
11 40
10 40
9 40
13 40
8 44
8 45
8 46
8 43
8 47
8 42
8 48
8 41
8 49
8 40
19 49
19 48
16 42
0
No
0
No
0
No
0
Yes
39 39
38 39
38 38
39 38
38 37
39 37
38 36
39 36
38 35
39 35
38 34
39 34
38 40
39 40
37 40
37 39
37 38
37 41
38 41
39 41
36 39
36 40
36 41
36 38
36 42
37 42
38 42
39 42
40 41
40 42
40 43
39 43
38 43
37 43
36 43
41 43
41 42
41 41
41 44
40 44
39 44
38 44
37 44
36 44
42 41
42 42
42 43
42 44
42 45
41 45
40 45
39 45
38 45
37 45
36 45
43 42
43 43
43 44
43 41
43 45
43 46
42 46
41 46
40 46
39 46
38 46
44 41
44 42
44 43
44 44
44 45
44 46
44 47
43 47
42 47
41 47
40 47
39 47
45 42
45 43
45 44
45 45
45 46
45 41
45 47
45 48
44 48
43 48
42 48
41 48
40 48
39 48
46 41
46 42
46 43
46 44
46 45
46 46
46 47
46 48
46 49
45 49
44 49
43 49
42 49
41 49
40 49
39 49
47 42
47 43
47 44
47 45
47 46
47 47
47 48
47 41
47 49
48 41
48 42
48 43
48 44
48 45
48 46
48 47
48 48
48 49
49 42
49 43
49 44
49 45
49 46
49 47
49 41
49 48
49 49
39 33
35 45
0
No
0
No
0
No
0
No
0
No
0
Yes
11 6
11 7
12 6
12 7
10 6
10 7
11 5
12 5
10 5
0
No
0
No
0
No
0
No
0
No
0
No
0
Yes
41 19
40 19
40 18
41 18
40 17
41 17
39 17
39 18
39 19
39 20
40 20
41 20
38 19
38 18
38 20
38 17
41 21
40 21
39 21
38 21
37 18
37 19
37 20
37 17
37 21
40 22
39 22
38 22
41 22
37 22
36 19
36 20
36 18
36 21
36 17
36 22
37 16
38 16
39 16
36 16
41 23
40 23
39 23
38 23
37 23
36 23
35 18
35 19
35 20
35 21
35 17
35 22
35 16
35 23
38 15
39 15
40 24
39 24
38 24
37 24
41 24
36 24
34 19
34 18
34 20
34 17
34 21
34 22
34 16
41 25
40 25
39 25
38 25
37 25
33 18
33 19
33 20
33 17
33 21
33 16
33 22
39 26
38 26
33 15
34 15
35 15
32 19
32 18
32 20
32 17
32 21
32 16
32 22
31 18
31 19
31 20
31 17
31 21
31 16
31 22
31 23
32 23
33 23
30 19
30 18
30 20
30 21
30 17
30 22
30 16
30 23
29 18
29 19
29 20
29 21
29 17
29 22
29 16
29 23
0
Yes
6 41
6 42
5 41
5 42
7 41
7 42
6 40
6 43
5 40
5 43
7 40
7 43
4 41
4 42
4 40
4 43
6 39
5 39
7 39
4 39
0
No
0
No
0
Yes
41 11
42 11
42 10
42 12
43 12
43 11
43 10
44 11
44 10
44 12
45 12
45 11
45 10
46 11
46 10
46 12
45 13
44 13
43 13
46 13
47 13
47 12
47 11
47 10
43 14
44 14
45 14
46 14
47 14
47 9
46 9
45 9
48 14
48 13
48 12
48 11
48 10
48 9
44 15
45 15
46 15
47 15
43 15
48 15
49 11
49 12
49 13
49 10
49 14
49 9
49 15
48 8
47 8
46 8
49 8
43 16
44 16
45 16
46 16
47 16
48 16
49 16
46 7
47 7
48 7
49 7
44 17
45 17
46 17
47 17
48 17
43 17
49 17
0
No
0
No
2
499
4 39
4 40
4 41
4 42
4 43
5 39
5 40
5 41
5 42
5 43
6 39
6 40
6 41
6 42
6 43
7 39
7 40
7 41
7 42
7 43
383
27 25
27 26
27 27
27 28
27 29
28 25
28 26
28 27
28 28
28 29
29 25
29 26
29 27
29 28
Yes
3 22
3 23
3 24
3 25
3 26
3 27
3 28
3 29
4 22
4 23
4 24
4 25
4 26
4 27
4 28
4 29
5 22
5 23
5 24
5 25
5 26
5 27
5 28
5 29
6 22
6 23
6 24
6 25
6 26
6 27
6 28
6 29
7 22
7 23
7 24
7 25
7 26
7 27
7 28
7 29
0
No
0
Yes
20 13
20 14
19 13
19 14
20 12
19 12
0
Yes
19 29
19 30
18 30
20 30
20 31
19 31
18 31
19 32
18 32
20 32
20 33
19 33
18 33
21 33
21 32
21 31
22 33
22 32
22 34
21 34
20 34
20 35
21 35
22 35
23 35
23 34
23 33
17 32
17 33
22 36
23 36
20 36
24 35
0
No
0
No
0
No
0
Yes
0 13
0 12
1 12
1 13
1 11
0 11
2 11
2 12
0 10
1 10
2 10
1 9
0 9
2 9
3 10
3 9
0 8
1 8
2 8
3 8
4 9
4 8
1 7
2 7
3 7
0 7
0 6
1 6
2 6
3 6
5 8
1 5
2 5
0 5
3 5
0 4
1 4
2 4
3 4
1 3
2 3
0 3
0 2
1 2
2 2
1 1
0 1
2 1
0 0
1 0
2 0
6 8
6 9
7 9
7 8
7 10
8 10
8 9
8 8
8 11
7 11
9 11
9 10
9 9
9 8
9 12
10 12
10 11
10 10
10 9
10 8
10 13
9 13
8 13
9 14
10 14
10 15
9 15
9 16
10 7
11 8
11 7
11 6
10 6
10 5
11 5
12 7
12 6
12 8
12 5
12 9
13 9
13 8
13 10
12 10
11 4
0
No
0
Yes
15 8
15 9
14 8
14 9
15 7
14 7
0
No
0
No
0
No
0
Yes
1 44
0 44
0 45
1 45
0 46
1 46
2 46
2 45
2 44
3 44
3 45
3 46
2 47
1 47
0 47
3 47
4 45
4 46
4 44
4 47
1 48
2 48
3 48
0 48
4 48
5 44
5 45
5 46
5 47
5 48
4 43
3 43
2 43
5 43
0 49
1 49
2 49
3 49
4 49
5 49
6 45
6 46
6 47
6 44
6 48
6 43
6 49
2 42
3 42
4 42
5 42
6 42
7 44
7 45
7 46
7 47
7 43
7 42
7 48
7 49
4 41
5 41
6 41
7 41
5 40
6 40
0
No
0
No
1
404
29 16
29 17
29 18
29 19
29 20
29 21
29 22
30 16
30 17
30 18
30 19
30 20
30 21
30 22
31 16
31 17
31 18
31 19
31 20
31 21
31 22
32 16
32 17
32 18
32 19
32 20
32 21
32 22
33 16
33 17
33 18
33 19
33 20
33 21
33 22
34 16
34 17
34 18
34 19
34 20
34 21
34 22
35 16
35 17
35 18
35 19
35 20
35 21
35 22
36 16
36 17
36 18
36 19
36 20
36 21
36 22
37 16
37 17
37 18
37 19
37 20
37 21
37 22
38 16
38 17
Yes
38 18
38 19
38 20
38 21
38 22
38 23
38 24
38 25
39 18
39 19
39 20
39 21
39 22
39 23
39 24
39 25
40 18
40 19
40 20
40 21
40 22
40 23
40 24
40 25
41 18
41 19
41 20
41 21
41 22
41 23
41 24
41 25
42 18
42 19
42 20
42 21
42 22
42 23
42 24
42 25
43 18
43 19
43 20
43 21
43 22
43 23
43 24
43 25
44 18
44 19
44 20
44 21
44 22
44 23
44 24
44 25
45 18
45 19
45 20
45 21
45 22
45 23
45 24
45 25
46 18
46 19
46 20
46 21
46 22
46 23
46 24
46 25
47 18
47 19
47 20
47 21
47 22
47 23
47 24
47 25
48 18
48 19
48 20
48 21
48 22
48 23
48 24
48 25
49 18
0
Yes
14 18
14 19
13 18
14 17
13 17
0
Yes
28 47
27 47
28 46
28 48
29 47
27 46
27 48
29 46
29 48
26 47
28 45
28 49
30 47
26 46
26 48
27 45
27 49
29 45
29 49
30 46
30 48
26 45
26 49
30 45
30 49
25 47
28 44
31 47
25 46
25 48
27 44
29 44
31 46
31 48
25 45
25 49
26 44
31 45
31 49
24 47
24 46
24 48
25 44
24 45
24 49
0
No
0
No
0
Yes
7 29
6 29
6 28
7 28
6 27
7 27
5 27
5 28
5 29
4 29
4 28
4 27
5 26
6 26
7 26
4 26
3 28
3 27
3 29
3 26
7 25
6 25
5 25
4 25
3 25
3 30
4 30
5 30
6 24
5 24
4 24
7 24
0
Yes
40 35
40 34
41 34
41 35
42 34
42 35
42 36
41 36
40 36
42 33
41 33
40 33
40 37
41 37
42 37
43 36
43 35
43 34
43 33
43 37
40 32
41 32
42 32
43 32
41 38
42 38
40 38
43 38
44 35
44 34
44 36
44 33
44 37
44 32
44 38
41 31
42 31
43 31
40 31
44 31
40 39
41 39
42 39
43 39
44 39
45 34
45 35
45 36
45 33
45 37
45 32
45 38
45 31
45 39
40 30
41 30
42 30
43 30
44 30
45 30
41 40
42 40
43 40
44 40
45 40
40 40
46 35
46 34
46 36
46 33
46 37
46 32
46 38
46 31
46 39
46 30
46 40
41 29
42 29
43 29
44 29
45 29
40 29
46 29
47 34
47 35
47 36
47 33
47 37
47 32
47 38
47 31
47 39
47 30
47 40
47 29
47 28
46 28
45 28
44 28
43 28
42 28
41 28
40 28
48 35
48 34
48 36
48 33
48 37
48 32
48 38
48 31
48 30
48 39
48 29
48 40
48 28
48 27
47 27
46 27
45 27
44 27
43 27
42 27
41 27
40 27
49 34
49 35
49 36
49 33
49 37
49 32
49 38
49 31
49 30
49 29
49 28
49 27
49 39
49 40
49 26
48 26
47 26
0
No
0
Yes
20 49
19 49
19 48
18 48
18 49
17 48
17 49
16 48
16 49
16 47
17 47
18 47
15 47
15 48
15 49
14 49
14 48
14 47
15 46
16 46
17 46
14 46
13 46
13 47
13 48
13 49
17 45
16 45
15 45
14 45
13 45
12 45
12 46
12 47
12 48
12 49
16 44
15 44
14 44
13 44
12 44
11 44
11 45
11 46
11 47
11 48
11 49
15 43
14 43
13 43
12 43
11 43
10 43
10 44
10 45
10 46
10 47
10 48
10 49
14 42
13 42
12 42
11 42
10 42
15 42
9 42
9 43
9 44
9 45
9 46
9 47
9 48
9 49
13 41
12 41
11 41
10 41
9 41
12 40
11 40
10 40
9 40
13 40
8 41
8 42
8 43
8 44
8 45
8 46
8 47
8 40
8 48
8 49
18 45
16 42
14 40
11 39
9 39
7 40
0
Yes
27 47
28 47
27 46
27 48
28 46
28 48
26 47
29 47
26 46
26 48
29 46
29 48
27 45
27 49
28 45
28 49
25 47
26 45
26 49
29 45
29 49
30 47
25 46
25 48
30 46
30 48
27 44
28 44
25 45
25 49
30 45
30 49
26 44
29 44
24 47
24 46
24 48
25 44
24 45
24 49
24 44
0
No
0
Yes
11 2
10 2
10 1
11 1
10 3
9 3
9 2
9 1
8 2
8 1
8 3
7 3
7 2
7 1
8 0
7 0
9 0
10 0
8 4
9 4
7 4
10 4
6 2
6 1
6 3
6 0
6 4
7 5
8 5
9 5
6 5
5 1
5 2
5 3
5 4
5 0
5 5
9 6
8 6
7 6
6 6
5 6
4 2
4 3
4 4
4 1
4 5
4 0
4 6
8 7
7 7
6 7
5 7
9 7
4 7
3 1
3 2
3 3
3 0
0
No
0
No
0
No
0
Yes
37 48
38 48
37 47
37 49
38 47
38 49
36 48
36 47
36 49
37 46
36 46
0
No
0
No
0
No
0
Yes
23 0
23 1
24 0
24 1
25 0
25 1
26 0
26 1
0
Yes
4 49
3 49
3 48
4 48
3 47
4 47
5 47
5 48
5 49
2 47
2 48
2 49
6 49
6 48
6 47
5 46
4 46
3 46
2 46
6 46
1 49
1 48
1 47
1 46
7 48
7 47
7 46
7 49
4 45
3 45
5 45
2 45
6 45
1 45
7 45
0 48
0 47
0 46
0 45
0 49
3 44
4 44
5 44
2 44
6 44
7 44
1 44
0 44
4 43
5 43
3 43
2 43
6 43
0
No
0
No
0
No
0
No
0
No
0
No
0
Yes
46 15
47 15
46 14
46 16
47 14
47 16
45 15
48 15
45 14
45 16
48 14
48 16
46 13
46 17
47 13
47 17
44 15
45 13
45 17
48 13
48 17
49 15
44 14
44 16
49 14
49 16
46 12
47 12
44 13
44 17
49 13
49 17
45 12
48 12
43 15
43 14
43 16
44 12
49 12
43 13
43 17
0
No
0
No
0
No
0
No
0
No
0
Yes
46 11
45 11
45 10
46 10
45 9
46 9
47 9
47 10
47 11
48 11
48 10
48 9
49 10
49 9
49 11
48 8
47 8
46 8
49 8
46 7
47 7
48 7
49 7
47 6
48 6
46 6
0
Yes
10 47
10 48
11 47
11 48
9 47
9 48
10 46
10 49
11 46
11 49
12 47
12 48
9 46
9 49
12 46
12 49
8 47
8 48
10 45
11 45
8 46
8 49
9 45
12 45
8 45
0
No
0
Yes
18 48
17 48
17 47
18 47
17 49
18 49
16 49
16 48
16 47
15 48
15 47
15 49
14 49
14 48
14 47
15 46
16 46
17 46
14 46
13 48
13 47
13 46
13 49
17 45
16 45
15 45
14 45
13 45
16 44
15 44
14 44
13 44
15 43
14 43
13 43
14 42
13 42
15 42
12 42
12 43
12 44
11 44
11 43
11 42
10 43
10 44
10 42
11 41
12 41
13 41
10 41
9 42
9 43
9 44
9 41
13 40
12 40
11 40
10 40
9 40
8 44
8 43
8 42
8 41
8 40
7 43
7 42
7 41
7 40
19 48
19 49
18 45
16 42
14 40
11 39
0
No
0
Yes
45 9
45 10
44 10
46 10
46 9
46 11
45 11
44 11
47 11
47 10
47 9
48 9
48 10
48 11
49 10
49 9
49 11
48 8
47 8
46 8
49 8
46 7
47 7
48 7
49 7
47 6
48 6
46 6
49 6
46 5
47 5
48 5
49 5
47 4
48 4
49 4
48 3
47 3
0
No
0
No
0
No
0
No
0
No
0
No
0
No
0
No
0
Yes
1 31
1 32
0 31
0 32
0
Yes
17 37
16 37
17 36
17 38
18 37
16 36
16 38
18 36
18 38
15 37
17 35
17 39
19 37
15 36
15 38
16 35
16 39
18 35
18 39
19 36
15 35
15 39
19 35
14 37
17 34
14 36
14 38
16 34
18 34
14 35
14 39
15 34
19 34
14 34
0
Yes
29 28
28 28
29 27
29 29
30 28
28 27
28 29
30 27
30 29
27 28
29 26
29 30
27 27
27 29
28 26
30 26
30 30
27 26
29 25
28 25
30 25
27 25
0
No
0
No
0
Yes
15 33
16 33
15 32
16 32
14 33
14 32
0
Yes
26 35
27 35
27 34
28 34
28 35
29 34
29 35
29 33
28 33
27 33
30 33
30 34
30 35
31 35
31 34
31 33
30 36
29 36
28 36
31 36
30 32
29 32
28 32
31 32
32 34
32 35
32 33
32 36
32 32
28 37
29 37
30 37
31 37
32 37
28 31
29 31
30 31
31 31
32 31
33 35
33 34
33 36
33 33
33 32
33 37
29 38
30 38
31 38
32 38
33 38
34 34
34 35
34 36
34 33
34 37
34 32
34 38
31 39
32 39
33 39
34 39
35 35
35 34
35 36
35 37
35 33
35 38
35 32
35 39
32 40
33 40
34 40
31 40
35 40
36 34
36 35
36 36
36 33
36 37
36 32
31 41
32 41
33 41
34 41
35 41
37 35
37 34
37 36
37 33
37 37
32 42
33 42
34 42
31 42
35 42
30 42
30 41
30 40
30 43
31 43
32 43
33 43
34 43
35 43
31 44
32 44
33 44
34 44
30 44
35 44
32 45
31 45
33 45
34 45
33 46
32 46
31 46
34 46
29 43
29 42
0
No
0
No
0
No
0
No
0
No
0
No
0
No
0
No
0
No
0
No
0
Yes
47 15
46 15
47 14
47 16
48 15
46 14
46 16
48 14
48 16
45 15
47 13
47 17
49 15
45 14
45 16
46 13
46 17
48 13
48 17
49 14
49 16
45 13
45 17
49 13
49 17
44 15
47 12
44 14
44 16
46 12
48 12
44 13
44 17
45 12
49 12
44 12
0
Yes
7 4
7 5
6 4
6 5
8 4
8 5
7 3
7 6
6 3
6 6
8 3
8 6
5 4
5 5
9 4
9 5
5 3
5 6
7 2
7 7
9 3
9 6
6 2
6 7
8 2
8 7
4 4
4 5
5 2
5 7
9 2
9 7
4 3
4 6
7 1
6 1
8 1
4 2
4 7
5 1
9 1
4 1
0
No
0
No
0
No
0
No
0
No
0
No
0
No
0
No
0
No
0
No
0
Yes
5 40
5 41
6 40
6 41
4 40
4 41
5 39
5 42
6 39
6 42
4 39
4 42
6 38
0
No
0
No
0
No
0
No
0
Yes
15 33
16 33
15 32
16 32
14 33
14 32
0
No
0
Yes
37 24
37 25
36 24
37 23
36 23
0
No
0
Yes
14 24
13 24
13 23
14 23
13 22
14 22
12 22
12 23
12 24
11 24
11 23
11 22
12 21
13 21
11 21
14 21
10 23
10 22
10 24
10 21
11 20
12 20
13 20
10 20
9 24
9 23
9 22
9 21
9 20
13 19
12 19
11 19
10 19
8 23
8 22
8 21
8 24
0
No
0
Yes
30 45
29 45
29 44
29 46
30 46
30 47
29 47
28 44
28 45
28 46
28 47
31 47
28 43
27 45
27 44
27 46
27 43
27 47
29 48
30 48
28 48
31 48
27 48
32 48
32 47
33 47
33 48
30 49
29 49
31 49
28 49
32 49
27 49
33 49
26 44
26 45
26 46
26 47
26 48
26 49
27 42
28 42
25 45
25 46
25 47
25 48
25 44
25 49
34 48
34 47
34 49
35 47
35 48
35 49
35 46
24 44
24 45
24 46
24 47
24 48
24 49
36 46
36 47
36 48
36 49
23 45
23 46
0
No
0
No
0
Yes
45 7
46 7
46 6
46 8
47 6
47 7
47 8
47 5
46 5
45 5
47 9
46 9
45 9
45 10
46 10
47 10
48 7
48 6
48 8
48 9
48 5
48 10
44 10
44 11
45 11
46 11
47 11
48 11
49 6
49 7
49 8
49 9
49 10
49 5
49 11
48 4
47 4
49 4
43 11
43 10
43 9
42 9
42 10
42 11
42 8
47 3
48 3
49 3
46 3
43 12
42 12
41 11
49 2
42 7
43 7
47 2
43 13
43 14
43 15
42 15
42 16
43 16
41 16
43 17
42 17
41 17
40 17
39 17
39 16
39 15
38 15
0
No
0
Yes
13 29
12 29
12 28
13 28
12 27
13 27
14 27
14 28
14 29
14 30
13 30
12 30
15 29
15 28
15 30
15 27
15 31
14 31
13 31
16 28
16 29
16 27
16 30
0
Yes
12 25
12 24
11 24
13 24
13 25
13 23
12 23
11 23
14 23
14 24
14 25
12 22
13 22
11 22
14 22
10 22
10 23
10 24
11 21
12 21
13 21
10 21
14 21
9 24
9 23
9 22
9 21
12 20
11 20
13 20
10 20
9 20
8 23
8 22
8 21
8 24
11 19
12 19
10 19
0
No
0
No
0
No
0
No
0
No
0
No
0
No
0
No
0
Yes
10 0
9 0
9 1
10 1
9 2
10 2
8 2
8 1
8 0
7 0
7 1
7 2
8 3
9 3
10 3
7 3
6 1
6 2
6 0
6 3
10 4
9 4
8 4
7 4
6 4
5 0
5 1
5 2
5 3
5 4
9 5
8 5
7 5
6 5
5 5
4 1
4 2
4 3
4 4
4 0
4 5
8 6
7 6
6 6
5 6
9 6
0
Yes
18 7
18 8
19 7
19 8
17 7
17 8
18 6
18 9
19 6
19 9
20 7
20 8
17 6
17 9
20 6
20 9
16 7
16 8
18 5
19 5
21 7
21 8
16 6
16 9
17 5
20 5
21 6
21 9
15 7
15 8
16 5
21 5
15 6
15 9
0
Yes
10 46
10 47
11 46
11 47
9 46
9 47
10 45
11 45
12 46
12 47
9 45
12 45
8 46
8 47
8 45
0
Yes
5 40
5 41
6 40
6 41
4 40
4 41
5 39
5 42
6 39
6 42
4 39
4 42
6 38
0
No
0
No
0
No
0
Yes
35 18
34 18
34 17
35 17
34 16
35 16
36 16
36 17
36 18
33 16
33 17
33 18
36 19
35 19
34 19
33 19
37 18
37 17
37 19
37 16
32 18
32 17
32 19
32 16
33 15
34 15
35 15
35 20
34 20
36 20
33 20
37 20
32 20
38 17
38 16
31 17
31 18
31 19
31 16
31 20
34 21
35 21
33 21
36 21
32 21
37 21
31 21
30 18
30 19
30 17
30 20
30 16
30 21
35 22
34 22
33 22
32 22
31 22
30 22
36 22
37 22
29 17
29 18
29 19
29 20
29 21
29 16
29 22
33 23
32 23
31 23
30 23
29 23
28 16
28 17
28 18
28 21
28 22
31 24
30 24
33 14
34 14
27 21
27 22
27 23
26 22
26 23
0
No
0
No
0
Yes
0 9
0 10
0 11
0 12
0 13
1 9
1 10
1 11
1 12
1 13
2 9
2 10
2 11
2 12
0
No
0
Yes
27 3
27 2
27 1
26 1
28 1
26 0
27 0
28 0
25 0
25 1
25 2
24 1
24 0
29 0
23 0
23 1
23 2
22 2
22 1
22 0
21 1
21 2
21 0
21 3
20 3
20 2
20 1
20 0
20 4
21 4
22 4
21 5
20 5
20 6
21 6
21 7
20 7
19 2
19 3
19 4
19 1
19 5
19 6
19 0
19 7
20 8
21 8
19 8
22 8
22 9
21 9
20 9
19 9
23 9
23 10
22 10
21 10
20 10
24 10
24 9
24 8
25 8
24 11
23 11
22 11
21 11
25 11
25 10
18 3
18 2
18 4
18 1
18 5
18 6
18 7
18 8
18 0
18 9
25 12
24 12
26 12
26 11
27 11
27 12
27 13
26 13
25 13
17 2
17 1
17 4
17 5
17 6
17 7
17 8
17 9
28 13
22 12
21 12
26 14
27 14
28 14
16 1
16 5
16 6
16 7
16 8
16 9
18 10
17 10
15 6
15 7
15 8
15 9
14 7
14 8
14 9
14 10
13 8
13 9
13 10
13 11
14 11
15 11
15 12
14 12
12 9
12 10
12 8
12 7
14 13
11 7
11 8
11 6
12 6
12 5
11 5
11 4
10 5
10 6
10 7
10 8
13 13
10 9
0
No
0
Yes
26 19
27 19
26 18
27 18
25 18
0
No
0
No
0
Yes
2 3
1 3
2 2
2 4
3 3
1 2
1 4
3 2
3 4
0 3
2 1
2 5
0 2
0 4
1 1
1 5
3 1
3 5
0 1
0 5
2 0
1 0
3 0
0 0
0
No
0
No
0
No
0
Yes
16 8
15 8
15 7
16 7
15 6
16 6
17 6
17 7
17 8
17 9
16 9
15 9
18 8
18 7
18 9
18 6
14 9
14 8
14 7
19 7
19 8
19 9
19 6
18 5
17 5
19 5
16 5
20 8
20 7
20 6
20 9
20 5
19 4
18 4
20 4
17 4
21 7
21 6
21 8
21 5
21 9
21 4
0
No
0
No
0
Yes
20 41
21 41
20 40
20 42
21 40
19 41
19 40
19 42
20 39
21 39
0
Yes
36 24
37 24
36 23
37 23
35 23
0
Yes
45 29
46 29
45 28
45 30
46 28
46 30
44 29
47 29
44 28
44 30
47 28
47 30
45 27
45 31
46 27
46 31
43 29
44 27
44 31
47 27
47 31
48 29
43 28
43 30
48 28
48 30
45 26
46 26
43 27
43 31
48 27
48 31
44 26
47 26
42 29
49 29
42 28
42 30
49 28
49 30
43 26
48 26
42 27
42 31
49 27
49 31
41 29
41 28
41 30
42 26
49 26
0
Yes
1 7
1 8
2 7
2 8
0 7
0 8
1 6
2 6
0 6
0
Yes
47 36
47 37
48 36
48 37
46 36
46 37
47 35
47 38
48 35
48 38
49 36
49 37
46 35
46 38
49 35
49 38
45 36
45 37
47 34
47 39
48 34
48 39
45 35
45 38
46 34
46 39
49 34
49 39
45 34
45 39
47 33
47 40
48 33
48 40
46 33
46 40
49 33
49 40
45 33
45 40
47 32
48 32
46 32
49 32
0
No
0
No
0
Yes
42 37
42 38
43 37
43 38
41 37
41 38
42 36
42 39
43 36
43 39
44 37
44 38
41 36
41 39
44 36
44 39
40 37
40 38
42 35
42 40
43 35
43 40
40 36
40 39
41 35
41 40
44 35
44 40
40 35
40 40
42 34
43 34
41 34
0
Yes
12 25
12 24
11 24
13 24
13 25
13 26
14 25
14 24
14 26
11 23
12 23
13 23
14 23
10 23
10 24
14 27
13 27
12 27
12 22
11 22
13 22
10 22
14 22
12 28
13 28
14 28
9 24
9 23
9 22
11 28
15 26
15 25
15 27
15 28
16 25
16 26
16 27
16 28
11 21
12 21
13 21
10 21
14 21
9 21
13 29
12 29
14 29
15 29
16 29
16 24
15 22
8 23
8 22
8 24
8 21
8 25
12 20
11 20
13 20
10 20
9 20
12 30
13 30
14 30
15 30
16 30
11 30
17 24
17 25
17 26
17 27
7 22
7 23
7 21
18 25
18 26
11 19
12 19
10 19
13 19
11 31
13 31
14 31
15 31
16 31
6 23
6 22
6 21
14 19
0
No
0
No
0
Yes
6 9
6 8
5 8
7 8
7 9
7 10
8 9
8 8
8 10
5 7
6 7
7 7
8 7
4 7
4 8
4 9
8 11
7 11
3 9
3 8
3 7
3 10
9 8
9 9
9 10
9 7
9 11
4 6
3 6
10 9
10 8
10 10
10 7
10 11
9 12
10 12
10 6
11 8
11 7
11 6
10 13
9 13
8 13
9 14
10 14
12 7
12 8
12 6
12 9
11 5
10 5
12 5
0
No
0
No
0
No
0
No
0
No
0
No
0
No
0
Yes
11 47
11 48
10 47
10 48
12 47
12 48
11 46
11 49
10 46
10 49
12 46
12 49
9 47
9 48
9 46
9 49
11 45
10 45
12 45
9 45
0
No
0
No
0
No
0
No
0
Yes
27 18
27 19
26 18
26 19
26 17
0
No
0
Yes
27 22
27 23
28 22
26 22
26 23
27 21
28 21
0
No
0
Yes
34 20
33 20
33 19
34 19
33 18
34 18
35 18
35 19
35 20
32 18
32 19
32 20
35 21
34 21
33 21
32 21
36 20
36 19
36 21
36 18
35 17
34 17
33 17
32 17
36 17
31 20
31 19
31 18
31 21
31 17
34 22
33 22
35 22
32 22
36 22
31 22
37 19
37 20
37 21
37 18
37 22
37 17
34 16
33 16
35 16
32 16
36 16
31 16
37 16
30 19
30 20
30 18
30 21
30 17
30 22
30 16
33 23
32 23
31 23
30 23
35 23
36 23
37 23
35 15
34 15
33 15
29 20
29 19
29 21
29 18
29 17
29 16
29 22
29 23
36 24
37 24
31 24
30 24
34 14
33 14
28 18
28 17
28 16
38 17
38 16
37 25
30 25
29 25
29 26
30 26
29 27
30 27
28 27
28 26
28 25
33 13
0
Yes
10 30
11 30
11 31
12 30
12 29
13 29
13 30
14 29
14 30
14 28
13 28
12 28
15 28
15 29
15 30
15 31
14 31
13 31
12 27
13 27
14 27
15 27
16 30
16 29
16 28
16 27
16 31
13 26
14 26
15 26
16 26
14 25
15 25
13 25
16 25
17 25
17 26
17 27
14 24
13 24
18 25
18 26
14 23
13 23
12 23
12 24
12 25
12 22
13 22
14 22
11 22
11 23
11 24
10 24
10 23
10 22
9 23
9 24
9 22
10 21
11 21
12 21
13 21
9 21
14 21
8 22
8 23
8 21
8 24
9 20
10 20
11 20
12 20
13 20
7 21
7 22
7 23
10 19
11 19
12 19
13 19
19 25
16 24
19 26
0
No
0
No
0
Yes
20 2
21 2
20 1
20 3
21 1
21 3
19 2
22 2
19 1
19 3
22 1
20 0
21 0
18 2
19 0
22 0
18 1
18 3
18 0
0
No
0
Yes
42 36
42 37
43 36
43 37
41 36
41 37
42 35
42 38
43 35
43 38
44 36
44 37
41 35
41 38
44 35
44 38
40 36
40 37
42 34
42 39
43 34
43 39
40 35
40 38
41 34
41 39
44 34
44 39
40 34
40 39
42 33
42 40
43 33
43 40
41 33
41 40
44 33
44 40
40 33
40 40
42 32
43 32
41 32
44 32
0
No
0
No
0
No
0
No
0
Yes
31 44
30 44
30 43
31 43
30 42
31 42
32 42
32 43
32 44
29 42
29 43
29 44
32 45
31 45
30 45
29 45
33 44
33 43
33 45
33 42
32 41
31 41
30 41
33 41
28 44
28 43
28 45
28 42
31 46
30 46
32 46
29 46
33 46
28 46
34 43
34 44
34 45
34 42
34 46
34 41
31 40
32 40
33 40
34 40
30 40
27 43
27 44
27 45
27 46
27 42
30 47
31 47
32 47
29 47
33 47
28 47
34 47
27 47
35 42
35 41
35 40
35 43
35 44
32 39
33 39
31 39
34 39
35 39
26 44
26 45
26 46
26 47
31 48
30 48
32 48
29 48
28 48
33 48
27 48
34 48
26 48
31 38
32 38
33 38
34 38
35 38
25 45
25 46
25 47
25 44
25 48
35 48
35 47
35 46
30 49
31 49
32 49
29 49
33 49
28 49
27 49
34 49
26 49
35 49
25 49
32 37
33 37
34 37
31 37
35 37
36 46
36 47
36 48
36 49
24 44
24 45
24 46
24 47
24 48
24 49
31 36
32 36
33 36
34 36
35 36
37 47
37 48
37 49
37 46
0
Yes
34 34
35 34
34 33
34 35
35 33
35 35
33 34
36 34
33 33
33 35
36 33
36 35
34 32
35 32
32 34
33 32
36 32
37 34
32 33
32 35
37 33
37 35
32 32
31 34
31 33
31 35
0
Yes
18 40
18 39
17 39
17 38
18 38
17 37
18 37
16 37
16 38
16 39
16 36
17 36
18 36
15 39
15 38
15 37
15 36
18 35
17 35
16 35
15 35
14 38
14 37
14 36
14 39
14 35
17 34
16 34
15 34
18 34
14 34
19 35
19 36
19 37
19 34
13 39
13 38
13 37
13 36
13 35
13 34
12 38
12 37
12 36
12 35
12 39
11 37
11 36
19 40
19 41
20 41
20 40
21 41
21 40
20 39
21 39
19 42
20 42
0
Yes
0 5
0 4
1 4
1 5
2 5
2 4
1 3
0 3
2 3
0 2
1 2
2 2
3 4
3 3
3 5
3 2
3 6
1 1
2 1
0 1
3 1
4 6
4 7
3 7
3 8
4 8
0 0
1 0
2 0
3 0
5 7
5 8
4 9
3 9
3 10
6 8
6 7
6 9
7 7
7 8
7 9
8 8
8 7
8 9
7 10
8 10
9 7
9 8
9 9
9 10
8 11
7 11
9 11
10 8
10 9
10 10
10 7
10 11
10 6
11 6
11 7
11 8
11 5
10 5
9 12
10 12
12 5
12 6
12 7
12 8
12 9
10 13
9 13
8 13
0
No
0
No
0
No
0
No
0
No
0
No
0
No
0
No
0
No
0
Yes
29 37
29 38
30 37
30 38
28 37
29 36
30 36
28 36
0
No
0
Yes
1 21
2 21
1 20
1 22
2 20
2 22
0 21
0 20
0 22
1 19
0 19
0
Yes
31 24
30 24
30 23
31 23
30 22
31 22
30 21
31 21
32 21
32 22
32 23
29 21
29 22
29 23
32 20
31 20
30 20
29 20
33 23
33 22
33 21
33 20
31 19
30 19
32 19
29 19
33 19
0
No
0
Yes
47 13
47 14
46 13
46 14
48 13
48 14
47 12
47 15
46 12
46 15
48 12
48 15
45 13
45 14
49 13
49 14
45 12
45 15
47 11
47 16
49 12
49 15
46 11
46 16
48 11
48 16
44 13
44 14
45 11
45 16
49 11
49 16
44 12
44 15
47 10
47 17
46 10
46 17
48 10
48 17
44 11
44 16
45 10
45 17
49 10
49 17
47 9
44 10
44 17
46 9
48 9
45 9
49 9
0
Yes
36 20
36 21
35 20
35 21
37 20
37 21
36 19
36 22
35 19
35 22
37 19
37 22
34 20
34 21
34 19
34 22
36 18
36 23
35 18
35 23
37 18
37 23
34 18
36 17
35 17
37 17
34 17
0
Yes
49 44
48 44
48 43
49 43
48 42
49 42
47 42
47 43
47 44
47 45
48 45
49 45
46 44
46 43
46 45
46 42
47 41
46 41
48 41
49 41
49 46
48 46
47 46
46 46
45 43
45 44
45 45
45 42
45 46
45 41
48 47
47 47
46 47
49 47
45 47
44 44
44 43
44 45
44 42
44 46
44 41
44 47
49 48
48 48
47 48
46 48
45 48
44 48
43 43
43 44
43 45
43 46
43 42
43 47
43 41
43 48
48 49
47 49
46 49
45 49
44 49
43 49
49 49
42 44
42 43
42 45
42 46
42 47
42 42
42 48
42 41
42 49
41 43
41 44
41 45
41 46
41 47
41 42
41 48
41 41
41 49
40 44
40 43
40 45
40 46
40 47
40 42
40 48
40 41
40 49
39 43
39 44
39 45
39 46
39 47
39 42
39 48
39 41
39 49
38 44
38 43
38 45
38 46
38 47
38 42
38 41
38 48
38 49
37 43
37 44
37 45
37 42
37 41
36 44
36 43
36 42
36 41
36 45
37 40
38 40
39 40
36 40
39 39
38 39
37 39
36 39
38 38
37 38
39 38
36 38
39 37
38 37
37 37
36 37
38 36
39 36
37 36
36 36
38 35
39 35
0
No
0
No
0
No
0
No
0
No
0
No
0
No
0
No
0
No
0
No
0
No
0
No
0
No
0
Yes
19 13
19 14
19 15
19 16
20 13
20 14
20 15
0
Yes
0 9
0 8
1 8
1 9
2 8
2 9
2 10
1 10
0 10
2 7
1 7
0 7
0 11
1 11
2 11
0 6
1 6
2 6
0
Yes
17 37
16 37
17 36
17 38
18 37
16 36
16 38
18 36
18 38
15 37
17 35
17 39
19 37
15 36
15 38
16 35
16 39
18 35
18 39
19 36
15 35
15 39
19 35
14 37
17 34
14 36
14 38
16 34
18 34
14 35
14 39
15 34
19 34
14 34
0
No
0
Yes
0 44
0 45
0 46
0 47
0 48
0 49
1 44
1 45
1 46
1 47
1 48
1 49
2 44
2 45
2 46
2 47
2 48
2 49
3 44
3 45
3 46
3 47
3 48
3 49
4 44
4 45
4 46
4 47
4 48
4 49
5 44
5 45
5 46
5 47
5 48
5 49
6 44
6 45
6 46
6 47
6 48
0
No
0
No
0
No
0
No
0
No
0
Yes
27 25
27 26
27 27
27 28
27 29
28 25
28 26
28 27
28 28
28 29
29 25
29 26
29 27
29 28
29 29
30 25
30 26
30 27
30 28
30 29
0
Yes
14 17
14 18
13 17
13 18
0
No
0
No
0
No
0
Yes
10 15
9 15
10 14
9 14
0
No
0
No
0
Yes
42 38
43 38
42 37
42 39
43 37
43 39
41 38
44 38
41 37
41 39
44 37
44 39
42 36
42 40
43 36
43 40
40 38
41 36
41 40
44 36
44 40
40 37
40 39
42 35
43 35
40 36
40 40
41 35
44 35
0
Yes
6 43
5 43
5 42
6 42
5 41
6 41
4 41
4 42
4 43
3 42
3 43
4 40
5 40
6 40
0
No
0
No
0
Yes
31 24
30 24
30 23
31 23
30 22
31 22
30 21
31 21
32 21
32 22
32 23
29 21
29 22
29 23
32 20
31 20
30 20
29 20
33 23
33 22
33 21
33 20
31 19
30 19
32 19
29 19
33 19
30 18
31 18
32 18
29 18
33 18
31 17
30 17
32 17
29 17
33 17
28 21
28 22
27 21
27 22
28 18
28 17
28 16
29 16
30 16
31 16
32 16
33 16
27 23
26 22
26 23
0
No
0
No
0
No
0
No
0
No
0
No
0
No
0
No
0
No
0
No
0
No
0
No
0
No
0
No
0
Yes
11 46
10 46
11 45
11 47
12 46
10 45
10 47
12 45
12 47
9 46
11 44
11 48
13 46
9 45
9 47
10 44
10 48
12 44
12 48
13 45
13 47
9 44
9 48
13 44
13 48
8 46
11 43
11 49
14 46
8 45
8 47
10 43
10 49
12 43
12 49
14 45
14 47
8 44
8 48
9 43
9 49
13 43
13 49
14 44
14 48
7 46
11 42
7 45
7 47
10 42
12 42
8 43
8 49
14 43
14 49
7 44
7 48
9 42
13 42
7 43
7 49
8 42
14 42
7 42
0
Yes
39 12
39 11
38 11
38 10
39 10
40 10
39 9
38 9
40 9
37 9
38 8
39 8
37 8
39 7
38 7
38 6
39 6
37 6
39 5
38 5
37 5
36 5
36 6
35 6
38 4
37 4
39 4
36 4
40 4
35 4
39 3
38 3
37 3
40 3
41 3
38 2
39 2
40 2
37 2
41 2
36 2
39 1
38 1
40 1
37 1
41 1
36 1
35 1
35 2
38 0
39 0
40 0
37 0
36 0
41 0
35 0
34 6
34 7
33 7
33 6
33 8
34 8
32 8
32 7
32 6
32 9
33 9
33 10
32 10
32 11
33 11
31 11
31 10
31 9
31 8
31 7
31 6
30 10
30 9
30 8
30 7
30 11
30 6
30 12
32 5
29 9
29 7
29 6
30 5
28 6
30 13
29 13
29 14
0
Yes
29 34
28 34
29 33
29 35
30 34
28 33
28 35
30 33
30 35
27 34
29 32
27 33
27 35
28 32
30 32
0
Yes
38 14
38 15
39 15
39 16
38 16
39 17
38 17
37 16
37 17
36 16
36 17
35 16
35 17
35 18
36 18
37 18
37 19
36 19
35 19
34 18
34 17
34 16
34 19
36 20
35 20
37 20
34 20
33 16
33 17
33 18
33 19
33 20
33 15
34 15
35 15
37 21
36 21
35 21
34 21
33 21
32 15
32 16
32 17
32 18
32 19
32 20
32 21
32 14
33 14
34 14
36 22
35 22
34 22
33 22
37 22
32 22
31 14
31 15
31 16
31 17
31 18
31 19
31 20
31 21
31 22
37 23
36 23
35 23
33 23
32 23
31 23
30 15
30 16
30 17
30 18
30 19
30 20
30 21
30 22
30 23
30 14
29 16
29 17
29 18
29 19
29 20
29 21
29 22
29 15
29 23
28 17
28 16
28 18
28 21
28 22
32 13
33 13
37 24
36 24
27 21
27 22
31 24
30 24
27 23
26 22
26 23
40 17
30 25
37 25
0
No
0
Yes
29 27
29 28
28 27
28 28
30 27
30 28
29 26
29 29
28 26
28 29
30 26
30 29
27 27
27 28
27 26
27 29
29 25
28 25
27 25
0
No
0
No
0
Yes
18 0
18 1
17 1
19 1
19 0
19 2
18 2
17 2
20 2
20 1
20 0
21 0
21 1
21 2
20 3
19 3
18 3
21 3
22 1
22 2
22 0
0
No
0
No
0
No
0
No
0
Yes
43 34
44 34
43 33
44 33
42 34
42 33
43 32
44 32
42 32
0
No
0
No
0
No
0
No
0
No
0
Yes
5 25
5 26
6 25
6 26
4 25
4 26
5 24
5 27
6 24
6 27
7 25
7 26
4 24
4 27
7 24
7 27
3 25
3 26
5 23
5 28
6 23
6 28
3 24
3 27
4 23
4 28
7 28
3 23
3 28
5 22
6 22
4 22
3 22
0
No
0
Yes
19 29
19 30
18 30
20 30
18 31
19 31
20 31
21 31
19 32
20 32
18 32
21 32
17 32
18 33
19 33
20 33
17 33
21 33
22 32
22 33
16 33
16 32
15 32
15 33
19 34
18 34
20 34
17 34
21 34
16 34
22 34
15 34
23 33
23 34
18 35
19 35
20 35
17 35
21 35
16 35
22 35
15 35
23 35
14 33
14 34
14 32
14 35
19 36
18 36
20 36
17 36
16 36
15 36
14 36
22 36
23 36
13 34
13 35
13 36
24 35
18 37
19 37
17 37
16 37
15 37
14 37
13 37
12 35
12 36
12 37
17 38
18 38
16 38
15 38
14 38
13 38
12 38
18 39
17 39
16 39
15 39
14 39
13 39
12 39
11 36
11 37
14 40
13 40
12 40
11 39
11 40
13 41
12 41
11 41
10 40
10 41
9 41
9 40
0
Yes
27 29
27 28
28 28
28 29
29 28
29 29
29 27
28 27
27 27
27 26
28 26
29 26
30 27
30 28
30 29
30 26
28 25
29 25
27 25
29 30
30 30
0
No
0
No
0
No
0
No
0
No
0
No
0
Yes
3 26
3 27
3 28
3 29
4 26
4 27
4 28
4 29
5 26
5 27
5 28
5 29
6 26
6 27
6 28
6 29
7 26
7 27
7 28
7 29
0
No
0
No
0
No
0
No
0
Yes
30 12
30 11
31 11
31 10
30 10
32 10
32 11
30 9
31 9
32 9
29 9
33 11
33 10
33 9
31 8
30 8
32 8
33 8
30 7
31 7
32 7
33 7
29 7
34 8
34 7
29 6
30 6
31 6
32 6
33 6
34 6
28 6
30 5
32 5
35 6
30 13
29 13
29 14
28 14
28 13
27 13
27 14
27 12
26 12
26 13
26 14
26 11
27 11
25 11
25 12
25 13
25 10
24 12
24 11
24 10
24 9
23 11
23 10
23 9
22 10
22 11
22 9
22 12
22 8
21 12
21 11
21 10
20 10
24 8
25 8
36 6
36 5
37 5
37 6
38 6
38 5
38 7
39 7
39 6
39 5
39 8
38 8
37 8
37 9
38 9
39 9
38 10
39 10
39 11
38 11
40 10
40 9
37 4
38 4
36 4
39 4
35 4
38 3
37 3
39 3
37 2
38 2
39 2
36 2
36 1
37 1
38 1
39 1
35 1
35 2
40 4
40 3
40 2
40 1
35 0
36 0
37 0
38 0
39 0
40 0
41 3
41 2
41 1
41 0
39 12
0
Yes
44 18
43 18
43 17
43 19
44 19
42 19
42 18
42 17
42 20
43 20
44 20
41 18
41 19
41 17
41 20
44 21
43 21
42 21
41 21
45 20
45 19
45 18
45 21
41 16
42 16
43 16
40 19
40 18
40 20
40 21
43 22
42 22
44 22
41 22
45 22
40 22
46 18
46 19
46 20
46 21
46 22
42 15
43 15
39 20
39 19
39 21
39 18
39 22
44 23
43 23
42 23
41 23
45 23
40 23
46 23
39 23
47 19
47 20
47 21
47 22
47 18
47 23
38 18
38 19
38 20
38 21
38 22
38 23
43 24
44 24
45 24
42 24
41 24
40 24
46 24
39 24
47 24
38 24
48 18
48 19
48 20
48 21
48 22
48 23
48 24
44 25
43 25
45 25
42 25
46 25
41 25
40 25
47 25
39 25
48 25
38 25
49 19
49 20
49 21
49 22
49 23
49 24
49 18
49 25
41 26
40 26
39 26
38 26
41 27
40 27
0
No
0
No
0
No
0
No
0
Yes
30 32
30 33
29 32
29 33
31 32
30 31
29 31
31 31
28 32
28 33
28 31
0
Yes
11 46
10 46
11 45
11 47
12 46
10 45
10 47
12 45
12 47
9 46
11 44
11 48
13 46
9 45
9 47
10 44
10 48
12 44
12 48
13 45
13 47
9 44
9 48
13 44
13 48
8 46
11 43
11 49
14 46
8 45
8 47
10 43
10 49
12 43
12 49
14 45
14 47
8 44
8 48
9 43
9 49
13 43
13 49
14 44
14 48
7 46
11 42
7 45
7 47
10 42
12 42
8 43
8 49
14 43
14 49
7 44
7 48
9 42
13 42
7 43
7 49
8 42
14 42
7 42
0
Yes
48 46
47 46
47 45
48 45
47 44
48 44
49 44
49 45
49 46
46 44
46 45
46 46
49 47
48 47
47 47
46 47
49 43
48 43
47 43
46 43
45 46
45 45
45 44
45 47
45 43
48 48
47 48
46 48
49 48
45 48
48 42
47 42
46 42
49 42
45 42
44 45
44 46
44 44
44 47
44 43
44 48
44 42
47 49
46 49
45 49
44 49
48 49
49 49
47 41
46 41
45 41
44 41
48 41
49 41
43 46
43 45
43 47
43 44
43 43
0
Yes
19 7
20 7
19 6
19 8
20 6
20 8
18 7
21 7
18 6
18 8
21 6
21 8
19 5
19 9
20 5
20 9
17 7
18 5
18 9
21 5
21 9
17 6
17 8
19 4
20 4
17 5
17 9
18 4
21 4
17 4
0
Yes
5 30
4 30
4 31
5 31
3 31
3 30
2 31
2 30
0
Yes
36 40
36 39
37 39
37 40
37 41
36 41
36 42
37 42
38 40
38 41
38 39
38 42
37 38
36 38
38 38
36 37
37 37
38 37
37 43
36 43
38 43
39 39
39 40
39 41
39 38
39 42
39 37
39 43
36 44
37 44
38 44
39 44
37 36
38 36
36 36
39 36
40 41
40 42
40 43
40 44
37 45
38 45
39 45
36 45
40 45
35 45
38 35
39 35
41 42
41 43
41 44
41 41
41 45
42 41
42 42
42 43
42 44
42 45
38 46
39 46
40 46
41 46
42 46
40 35
39 34
38 34
40 34
43 42
43 41
39 47
40 47
41 47
38 47
42 47
41 34
40 33
39 33
41 33
38 48
39 48
40 48
41 48
42 48
41 32
40 32
39 49
40 49
41 49
38 49
42 49
40 31
41 31
39 31
43 48
43 49
38 31
40 30
40 29
39 29
39 28
0
No
0
No
0
No
0
No
0
No
0
Yes
26 35
27 35
27 34
28 34
28 35
28 36
28 33
27 33
29 35
29 34
29 36
29 33
29 37
28 37
30 34
30 35
30 36
30 33
30 37
29 32
28 32
30 32
28 31
29 31
30 31
30 38
29 38
31 35
31 34
31 33
31 32
31 31
32 34
32 33
32 32
32 35
32 31
33 35
33 34
33 33
33 32
34 34
34 33
34 35
34 32
35 35
35 34
35 33
35 32
36 34
36 33
36 35
36 32
37 35
37 34
37 33
0
No
0
No
0
No
0
Yes
12 46
12 47
13 46
13 47
11 46
11 47
12 45
12 48
13 45
13 48
14 46
14 47
11 45
11 48
14 45
14 48
10 46
10 47
12 44
12 49
13 44
13 49
15 46
15 47
10 45
10 48
11 44
11 49
14 44
14 49
15 45
15 48
9 46
9 47
10 44
10 49
12 43
13 43
15 44
15 49
16 46
16 47
9 45
9 48
11 43
14 43
16 45
16 48
9 44
9 49
10 43
15 43
16 44
16 49
8 46
8 47
17 46
17 47
8 45
8 48
17 45
17 48
9 43
8 44
8 49
17 49
7 46
7 47
7 45
7 48
8 43
7 44
7 49
7 43
0
No
0
No
0
Yes
19 9
18 9
18 8
19 8
18 7
19 7
20 7
20 8
20 9
17 7
17 8
17 9
21 9
21 8
21 7
20 6
19 6
18 6
17 6
21 6
16 9
16 8
16 7
16 6
19 5
18 5
20 5
17 5
21 5
16 5
15 8
15 7
15 9
15 6
18 4
19 4
20 4
17 4
0
No
0
No
0
Yes
4 4
3 4
4 3
4 5
5 4
3 3
3 5
5 3
5 5
2 4
4 2
4 6
6 4
2 3
2 5
3 2
3 6
5 2
5 6
6 3
6 5
2 2
2 6
6 2
6 6
1 4
4 1
4 7
7 4
1 3
1 5
3 1
3 7
5 1
5 7
7 3
7 5
1 2
1 6
2 1
2 7
6 1
6 7
7 2
7 6
0 4
4 0
0 3
0 5
3 0
5 0
1 1
1 7
7 1
7 7
0 2
0 6
2 0
6 0
0 1
0 7
1 0
7 0
0 0
0
Yes
27 46
26 46
26 45
27 45
26 44
27 44
28 44
28 45
28 46
25 44
25 45
25 46
28 47
27 47
26 47
25 47
29 46
29 45
29 47
29 44
24 46
24 45
24 47
24 44
27 48
26 48
28 48
25 48
29 48
24 48
30 45
30 46
30 47
30 44
30 48
29 43
28 43
27 43
30 43
26 49
27 49
28 49
25 49
29 49
30 49
24 49
31 46
31 45
31 47
31 44
31 48
31 43
31 49
27 42
28 42
29 42
30 42
31 42
32 45
32 46
32 47
32 44
32 48
32 43
32 49
32 42
0
Yes
27 29
27 28
28 28
28 29
29 28
29 29
29 27
28 27
27 27
27 26
28 26
29 26
30 27
30 28
30 29
30 26
28 25
29 25
27 25
29 30
30 30
0
Yes
33 39
34 39
33 38
33 40
34 38
34 40
32 39
35 39
32 38
32 40
35 38
35 40
33 37
33 41
34 37
34 41
31 39
32 37
32 41
35 37
35 41
31 38
31 40
33 36
34 36
31 37
31 41
32 36
0
No
0
Yes
49 18
48 18
48 19
49 19
48 20
49 20
47 20
47 19
47 18
46 18
46 19
46 20
47 21
48 21
49 21
46 21
45 19
45 20
45 18
45 21
49 22
48 22
47 22
46 22
45 22
44 18
44 19
44 20
44 21
44 22
48 23
47 23
46 23
45 23
49 23
44 23
43 19
43 20
43 21
43 22
43 18
43 23
49 24
48 24
47 24
46 24
45 24
44 24
43 24
42 18
42 19
42 20
42 21
42 22
42 23
42 24
48 25
47 25
46 25
45 25
44 25
43 25
42 25
49 25
41 19
41 20
41 21
41 22
41 23
41 24
41 18
41 25
40 18
40 19
40 20
40 21
40 22
40 23
40 24
40 25
41 17
42 17
43 17
39 19
39 20
39 21
39 22
39 23
39 24
39 18
0
Yes
0 8
0 9
1 9
1 8
2 8
2 9
1 10
0 10
2 10
0 11
1 11
2 11
3 9
3 10
3 8
4 8
4 9
1 12
0 12
2 12
0 13
1 13
5 8
6 8
6 9
7 9
7 8
7 10
8 8
8 9
8 10
8 7
8 11
7 11
9 7
9 8
9 9
9 10
9 11
9 6
8 6
8 5
9 5
9 4
8 4
8 3
9 3
9 12
10 8
10 7
10 9
10 6
10 10
10 5
10 11
10 4
10 12
10 3
9 2
8 2
10 2
8 1
9 1
10 1
11 7
11 8
11 6
11 5
11 4
10 13
9 13
8 13
9 14
10 14
12 8
12 7
12 6
12 5
9 0
8 0
10 0
12 9
10 15
9 15
9 16
11 2
11 1
13 9
0
Yes
49 35
48 35
48 34
49 34
48 33
49 33
47 33
47 34
47 35
47 36
48 36
49 36
46 35
46 34
46 36
46 33
47 32
46 32
48 32
49 32
49 37
48 37
47 37
46 37
45 34
45 35
45 36
45 37
45 33
45 32
48 38
47 38
46 38
49 38
45 38
44 35
44 36
44 37
44 38
49 39
48 39
47 39
46 39
45 39
44 39
43 36
43 37
43 38
43 35
43 39
48 40
47 40
46 40
45 40
44 40
43 40
49 40
42 35
42 36
42 37
42 38
0
No
0
No
0
No
0
Yes
49 49
48 49
48 48
49 48
48 47
49 47
47 47
47 48
47 49
46 49
46 48
46 47
47 46
48 46
49 46
46 46
45 48
45 47
45 49
45 46
49 45
48 45
47 45
46 45
45 45
44 49
44 48
44 47
44 46
44 45
48 44
47 44
46 44
45 44
49 44
44 44
43 47
43 46
43 45
43 44
49 43
48 43
47 43
46 43
45 43
44 43
43 43
48 42
47 42
46 42
45 42
44 42
49 42
49 41
48 41
47 41
46 41
0
No
0
No
0
No
0
Yes
36 46
36 47
36 48
36 49
37 46
37 47
37 48
37 49
0
No
0
No
0
No
0
No
0
No
0
No
0
No
0
No
0
No
0
No
0
Yes
41 40
42 40
41 39
42 39
40 40
40 39
0
No
0
Yes
41 37
40 37
41 36
41 38
40 36
40 38
41 35
0
No
0
No
0
No
0
No
0
No
0
No
0
No
0
Yes
46 16
45 16
45 15
46 15
45 14
46 14
47 14
47 15
47 16
44 14
44 15
44 16
47 17
46 17
45 17
44 17
48 16
48 15
48 17
48 14
47 13
46 13
45 13
44 13
48 13
43 16
43 15
43 14
43 13
49 15
49 14
49 13
49 16
49 17
46 12
45 12
47 12
44 12
48 12
43 12
49 12
45 11
46 11
47 11
44 11
48 11
43 11
49 11
46 10
45 10
47 10
44 10
48 10
43 10
49 10
47 9
46 9
48 9
49 9
45 9
42 10
42 11
42 12
48 8
47 8
46 8
49 8
0
No
0
Yes
2 0
1 0
1 1
2 1
1 2
2 2
3 2
3 1
3 0
0 2
0 1
0 0
4 0
4 1
4 2
3 3
2 3
1 3
0 3
4 3
5 1
5 2
5 0
5 3
2 4
3 4
1 4
4 4
0 4
5 4
6 0
6 1
6 2
6 3
6 4
1 5
2 5
3 5
4 5
5 5
0 5
6 5
7 1
7 2
7 3
7 4
7 5
7 0
2 6
3 6
4 6
5 6
1 6
6 6
0 6
7 6
1 7
2 7
3 7
4 7
0
No
0
No
0
Yes
18 0
18 1
18 2
18 3
19 0
19 1
19 2
19 3
20 0
20 1
20 2
20 3
21 0
21 1
21 2
21 3
0
Yes
45 29
46 29
45 28
45 30
46 28
46 30
44 29
47 29
44 28
44 30
47 28
47 30
45 27
45 31
46 27
46 31
43 29
44 27
44 31
47 27
47 31
48 29
43 28
43 30
48 28
48 30
45 26
46 26
43 27
43 31
48 27
48 31
44 26
47 26
42 29
49 29
42 28
42 30
49 28
49 30
43 26
48 26
42 27
42 31
49 27
49 31
41 29
41 28
41 30
42 26
49 26
41 27
41 26
0
No
0
No
0
No
0
Yes
2 25
2 24
3 24
3 25
4 24
4 25
4 23
3 23
2 23
2 22
3 22
4 22
5 23
5 24
5 25
5 22
5 26
4 26
3 26
6 25
6 24
6 23
6 26
6 22
3 27
4 27
5 27
6 27
7 26
7 25
7 27
7 24
0
No
0
Yes
28 16
28 17
29 17
29 16
30 17
30 16
30 18
29 18
28 18
31 18
31 17
31 16
32 16
32 17
32 18
31 15
30 15
32 15
29 15
31 19
30 19
29 19
32 19
33 17
33 16
33 18
33 15
33 19
32 14
33 14
31 14
30 14
29 20
30 20
31 20
32 20
33 20
34 16
34 17
34 18
34 15
34 19
34 20
34 14
30 21
31 21
32 21
33 21
29 21
34 21
35 15
35 16
35 17
35 18
35 19
35 20
35 21
29 22
30 22
31 22
32 22
33 22
34 22
35 22
0
No
0
Yes
46 36
45 36
46 35
46 37
47 36
45 35
45 37
47 35
47 37
44 36
46 34
46 38
48 36
44 35
44 37
45 34
45 38
47 34
47 38
48 35
48 37
44 34
44 38
48 34
48 38
43 36
46 33
46 39
49 36
43 35
43 37
45 33
45 39
47 33
47 39
49 35
49 37
43 34
43 38
44 33
44 39
48 33
48 39
49 34
49 38
42 36
46 32
42 35
42 37
45 32
47 32
43 33
43 39
49 33
49 39
42 34
42 38
44 32
48 32
42 33
42 39
43 32
49 32
0
Yes
32 34
31 34
31 33
32 33
31 32
32 32
33 32
33 33
33 34
30 32
30 33
30 34
33 35
32 35
31 35
30 35
34 34
34 33
34 35
34 32
29 34
29 33
29 35
29 32
30 31
29 31
31 31
32 31
32 36
31 36
33 36
30 36
34 36
29 36
35 33
35 34
35 35
35 32
35 36
28 33
28 34
28 35
28 36
28 32
28 31
31 37
32 37
33 37
30 37
34 37
29 37
35 37
28 37
36 34
36 33
36 35
36 32
27 34
27 33
27 35
32 38
31 38
33 38
34 38
35 38
30 38
29 38
37 35
37 34
37 33
0
No
0
No
0
No
0
No
0
No
0
No
0
No
0
Yes
6 38
6 39
5 39
7 39
5 40
6 40
7 40
4 40
4 39
8 40
6 41
5 41
7 41
4 41
8 41
5 42
6 42
7 42
4 42
8 42
3 42
6 43
5 43
4 43
3 43
9 42
5 44
4 44
6 44
3 44
2 43
2 42
2 44
6 45
5 45
4 45
3 45
2 45
1 44
1 45
5 46
4 46
3 46
2 46
6 46
1 46
6 47
5 47
4 47
3 47
2 47
1 47
0 45
0 46
0 44
0 47
5 48
4 48
3 48
2 48
1 48
6 48
0 48
6 49
5 49
4 49
3 49
2 49
1 49
0 49
10 42
11 42
12 42
13 42
0
Yes
7 29
6 29
6 28
7 28
6 27
7 27
5 27
5 28
5 29
4 29
4 28
4 27
5 26
6 26
7 26
4 26
3 28
3 27
3 29
3 26
7 25
6 25
5 25
4 25
3 25
3 30
4 30
5 30
6 24
5 24
4 24
7 24
3 24
5 31
4 31
3 31
7 23
6 23
5 23
4 23
3 23
8 24
8 23
8 25
8 26
2 31
2 30
2 29
2 23
2 24
2 25
8 22
7 22
6 22
5 22
4 22
3 22
2 22
7 21
8 21
6 21
9 22
9 23
9 24
9 21
10 24
10 23
10 22
10 21
11 23
11 22
11 24
11 21
12 24
12 23
12 22
12 21
11 20
10 20
12 20
9 20
13 23
13 22
13 21
13 24
13 20
12 19
11 19
10 19
13 19
14 24
14 23
14 22
14 21
14 25
13 25
12 25
11 18
10 18
14 26
13 26
14 27
13 27
15 27
15 26
15 25
15 28
14 28
13 28
13 29
14 29
15 29
12 29
12 28
12 27
12 30
13 30
14 30
15 30
13 31
14 31
15 31
16 29
16 28
16 27
16 26
16 25
16 30
16 31
17 27
17 26
17 25
0
No
0
No
0
No
0
Yes
23 1
23 2
22 1
22 2
23 0
22 0
0
No
0
No
0
No
0
No
0
No
0
No
0
No
0
No
0
No
0
No
0
Yes
1 11
2 11
1 10
1 12
2 10
2 12
0 11
0 10
0 12
1 9
1 13
2 9
0 9
0 13
1 8
2 8
0 8
0
No
0
No
0
No
0
No
0
Yes
47 48
46 48
47 47
47 49
48 48
46 47
46 49
48 47
48 49
45 48
47 46
49 48
45 47
45 49
46 46
48 46
49 47
49 49
45 46
49 46
44 48
44 47
44 49
0
No
0
No
0
Yes
49 17
48 17
48 16
49 16
48 15
49 15
47 15
47 16
47 17
46 17
46 16
46 15
47 14
48 14
49 14
46 14
45 16
45 15
45 17
45 14
49 13
48 13
47 13
46 13
45 13
44 17
44 16
44 15
44 14
44 13
48 12
47 12
46 12
45 12
49 12
44 12
43 16
43 15
43 14
43 13
43 12
49 11
48 11
47 11
46 11
45 11
0
Yes
45 42
44 42
44 41
45 41
44 43
45 43
46 41
46 42
46 43
45 40
44 40
46 40
45 44
44 44
46 44
47 42
47 41
47 43
47 40
47 44
43 43
43 44
43 40
44 39
45 39
46 39
43 39
47 39
44 45
45 45
46 45
43 45
47 45
48 41
48 42
48 43
48 40
48 44
48 39
48 45
45 38
44 38
46 38
47 38
43 38
48 38
49 42
49 41
49 43
49 40
49 44
49 39
49 45
49 38
42 39
42 40
42 38
41 40
41 39
43 46
44 46
44 37
45 37
46 37
43 37
47 37
48 37
42 37
49 37
40 39
40 40
45 36
44 36
46 36
43 36
47 36
48 36
42 36
49 36
44 35
45 35
46 35
43 35
47 35
48 35
42 35
49 35
45 34
44 34
46 34
43 34
47 34
48 34
42 34
49 34
44 33
45 33
46 33
43 33
47 33
48 33
42 33
49 33
45 32
44 32
46 32
43 32
47 32
48 32
42 32
49 32
0
Yes
9 46
9 47
10 46
10 47
8 46
8 47
9 45
9 48
10 45
10 48
11 46
11 47
8 45
8 48
11 45
11 48
7 46
7 47
9 44
9 49
10 44
10 49
7 45
7 48
8 44
8 49
11 44
11 49
7 44
7 49
9 43
10 43
8 43
0
Yes
14 7
14 8
13 8
13 9
14 9
12 9
12 8
12 7
11 7
11 8
14 10
13 10
12 10
11 6
12 6
12 5
11 5
10 6
10 7
10 8
10 5
13 11
14 11
15 11
11 4
10 4
10 9
9 7
9 6
9 8
9 5
9 9
9 4
14 12
15 12
10 3
9 3
9 10
10 10
10 11
9 11
8 6
8 7
8 8
8 5
8 9
8 4
8 10
8 3
8 11
7 7
7 8
7 9
7 10
7 11
9 2
10 2
8 2
11 2
11 1
10 1
9 1
8 1
9 12
10 12
10 13
9 13
6 8
6 9
6 7
10 0
9 0
8 0
8 13
9 14
10 14
10 15
9 15
5 7
5 8
4 8
4 9
9 16
3 9
3 8
3 10
2 8
2 9
2 10
2 11
1 9
1 10
1 8
1 11
1 12
2 12
0 8
0 9
0 10
0 11
0 12
0 7
0 13
1 13
0
No
0
No
0
Yes
6 45
5 45
5 44
6 44
5 46
6 46
6 43
5 43
6 47
5 47
4 44
4 45
4 46
4 43
4 47
7 43
3 45
3 44
3 46
3 43
3 47
5 42
6 42
4 42
7 42
3 42
5 48
4 48
6 48
3 48
8 42
6 41
5 41
7 41
4 41
8 41
6 49
5 49
4 49
3 49
2 44
2 45
2 46
2 43
2 47
2 48
2 42
2 49
1 45
1 44
1 46
1 47
1 48
1 49
5 40
6 40
7 40
4 40
8 40
6 39
5 39
7 39
4 39
0 44
0 45
0 46
0 47
0 48
0 49
9 42
10 42
11 42
11 43
12 43
12 42
0
Yes
49 10
48 10
48 9
49 9
48 8
49 8
47 8
47 9
47 10
46 10
46 9
46 8
47 7
48 7
49 7
46 7
49 6
48 6
47 6
46 6
48 5
47 5
49 5
0
No
0
Yes
29 27
29 28
28 27
28 28
30 27
30 28
29 26
29 29
28 26
28 29
30 26
30 29
27 27
27 28
27 26
27 29
29 25
28 25
30 25
0
Yes
12 49
12 48
13 48
13 49
14 48
14 49
14 47
13 47
12 47
12 46
13 46
14 46
15 47
15 48
15 49
15 46
13 45
14 45
12 45
15 45
16 49
16 48
16 47
16 46
16 45
12 44
13 44
14 44
15 44
16 44
17 48
17 47
17 46
17 49
0
No
0
No
0
No
0
No
0
Yes
23 1
23 2
24 1
22 1
22 2
23 0
24 0
22 0
0
Yes
9 47
10 47
9 46
9 48
10 46
10 48
8 47
11 47
8 46
8 48
11 46
11 48
9 45
9 49
10 45
10 49
7 47
8 45
8 49
11 45
11 49
7 46
7 48
9 44
10 44
7 45
7 49
8 44
11 44
0
Yes
14 19
14 18
13 18
14 17
13 17
0
Yes
33 46
33 47
33 48
33 49
34 46
34 47
34 48
34 49
35 46
35 47
35 48
35 49
36 46
36 47
36 48
36 49
37 46
37 47
37 48
37 49
38 46
38 47
38 48
38 49
39 46
39 47
39 48
39 49
40 46
40 47
40 48
40 49
41 46
41 47
41 48
41 49
42 46
42 47
42 48
42 49
0
Yes
38 43
38 44
37 43
37 44
39 43
39 44
38 42
38 45
37 42
37 45
39 42
39 45
36 43
36 44
40 43
40 44
36 42
36 45
38 41
40 42
40 45
37 41
39 41
35 43
35 44
41 43
41 44
36 41
40 41
35 42
35 45
41 42
41 45
35 41
41 41
34 43
34 44
42 43
42 44
34 42
34 45
42 42
42 45
34 41
42 41
33 43
33 44
33 42
33 45
33 41
0
Yes
12 44
12 45
12 46
12 47
12 48
12 49
13 44
13 45
13 46
13 47
13 48
13 49
14 44
14 45
14 46
14 47
14 48
14 49
15 44
15 45
15 46
15 47
15 48
15 49
16 44
16 45
16 46
16 47
16 48
0
No
0
Yes
13 42
13 43
14 42
14 43
15 42
15 43
16 42
0
Yes
35 39
34 39
34 40
35 40
36 40
36 39
37 40
37 39
38 40
38 39
38 38
37 38
36 38
39 38
39 39
39 40
36 37
37 37
38 37
39 37
37 36
38 36
39 36
36 36
40 36
40 37
40 38
38 35
39 35
40 35
41 38
41 37
41 36
41 35
39 34
40 34
41 34
38 34
40 33
41 33
39 33
40 32
41 32
33 40
33 39
0
Yes
38 14
38 15
39 15
39 16
38 16
37 16
38 17
37 17
39 17
36 17
36 16
40 17
37 18
38 18
36 18
38 19
37 19
36 19
37 20
38 20
36 20
38 21
37 21
36 21
37 22
38 22
36 22
38 23
37 23
36 23
35 23
37 24
36 24
38 24
38 25
37 25
39 25
39 26
38 26
40 26
0
No
0
No
0
No
0
Yes
44 22
45 22
44 21
44 23
45 21
45 23
43 22
46 22
43 21
43 23
46 21
46 23
44 20
44 24
45 20
45 24
42 22
43 20
43 24
46 20
46 24
47 22
42 21
42 23
47 21
47 23
44 19
44 25
45 19
45 25
42 20
42 24
47 20
47 24
43 19
43 25
46 19
46 25
41 22
48 22
41 21
41 23
48 21
48 23
42 19
42 25
47 19
47 25
41 20
41 24
44 18
45 18
48 20
48 24
43 18
46 18
40 22
49 22
40 21
40 23
41 19
41 25
48 19
48 25
49 21
49 23
42 18
47 18
40 20
40 24
49 20
49 24
41 18
48 18
40 19
40 25
49 19
49 25
39 22
39 21
39 23
39 20
39 24
40 18
49 18
39 19
39 18
0
Yes
22 4
21 4
21 3
21 5
20 5
20 4
20 3
19 4
19 3
19 5
18 5
18 4
18 3
19 2
20 2
21 2
18 2
19 6
20 6
21 6
18 6
21 1
20 1
19 1
18 1
21 7
20 7
19 7
18 7
17 6
17 5
17 7
17 4
20 0
19 0
21 0
18 0
20 8
19 8
18 8
21 8
17 8
16 7
16 6
16 8
16 5
16 9
17 9
18 9
19 9
20 9
21 9
15 8
15 7
15 9
15 6
14 9
14 8
14 7
0
Yes
11 7
10 7
10 6
11 6
10 5
11 5
12 5
12 6
12 7
9 5
9 6
9 7
12 8
11 8
10 8
9 8
8 7
8 6
8 8
8 5
9 4
10 4
8 4
11 4
10 9
9 9
8 9
7 6
7 7
7 8
7 5
7 9
7 4
8 3
9 3
10 3
7 3
9 10
8 10
10 10
7 10
6 7
6 6
6 5
6 8
6 4
6 3
6 9
10 2
9 2
8 2
7 2
6 2
10 11
9 11
8 11
7 11
5 6
5 5
5 4
5 7
5 8
5 3
5 2
9 1
8 1
7 1
6 1
10 1
5 1
4 7
4 6
4 5
4 4
4 3
4 2
4 8
4 1
10 0
9 0
8 0
7 0
6 0
5 0
4 0
3 6
3 5
3 4
3 3
3 2
3 7
3 1
3 8
3 0
2 7
2 6
2 5
2 4
2 3
2 2
2 1
2 8
2 0
2 9
3 9
4 9
1 6
1 7
1 5
1 4
1 3
1 2
1 8
1 1
1 9
1 0
1 10
2 10
3 10
0 7
0 6
0 8
0 5
0 4
0 3
0 2
0 9
0 10
0 1
0
No
0
Yes
49 49
48 49
48 48
49 48
49 47
48 47
47 48
47 49
47 47
46 49
46 48
46 47
48 46
47 46
49 46
46 46
45 48
45 47
45 49
45 46
44 49
44 48
44 47
43 48
43 49
43 47
42 49
42 48
0
Yes
8 45
7 45
7 44
8 44
7 46
8 46
9 44
9 45
9 46
8 43
7 43
9 43
8 47
7 47
9 47
10 45
10 44
10 46
10 43
10 47
6 44
6 45
6 46
6 43
6 47
5 45
5 44
5 46
5 43
5 47
7 42
8 42
9 42
6 42
10 42
5 42
7 48
8 48
9 48
6 48
10 48
5 48
11 44
11 45
11 46
11 43
11 47
11 42
11 48
8 41
7 41
6 41
5 41
8 49
7 49
9 49
6 49
10 49
5 49
11 49
12 45
12 44
12 46
12 43
12 47
12 48
12 42
12 49
4 44
4 45
4 46
4 43
4 47
4 42
4 48
4 41
4 49
3 45
3 44
3 46
3 43
3 47
3 42
3 48
3 49
7 40
6 40
5 40
8 40
4 40
13 44
13 45
13 46
13 47
13 48
13 49
14 45
14 46
14 47
14 48
14 44
14 49
2 44
2 45
2 46
2 43
2 47
2 48
2 42
2 49
6 39
7 39
5 39
4 39
1 45
1 44
1 46
1 47
1 48
1 49
15 44
15 45
15 46
15 47
15 48
15 49
16 45
16 46
16 47
16 48
16 44
16 49
0 44
0 45
0 46
0 47
0 48
0 49
17 46
17 45
17 47
17 48
17 49
18 45
1
979
40 26
40 27
40 28
40 29
40 30
41 26
41 27
41 28
41 29
41 30
42 26
42 27
42 28
42 29
42 30
43 26
43 27
43 28
43 29
43 30
44 26
44 27
44 28
44 29
44 30
45 26
45 27
45 28
45 29
45 30
46 26
46 27
46 28
46 29
46 30
47 26
47 27
47 28
47 29
47 30
48 26
48 27
48 28
48 29
48 30
49 26
49 27
49 28
49 29
49 30
Yes
30 41
30 42
30 43
30 44
30 45
30 46
30 47
30 48
30 49
31 41
31 42
31 43
31 44
31 45
31 46
31 47
31 48
31 49
32 41
32 42
32 43
32 44
32 45
32 46
32 47
32 48
32 49
33 41
33 42
33 43
33 44
33 45
33 46
33 47
33 48
33 49
34 41
34 42
34 43
34 44
34 45
34 46
34 47
34 48
34 49
35 41
35 42
35 43
35 44
35 45
35 46
35 47
35 48
35 49
36 41
36 42
36 43
36 44
36 45
36 46
36 47
36 48
36 49
37 41
37 42
37 43
37 44
37 45
37 46
37 47
37 48
37 49
38 41
38 42
38 43
38 44
38 45
38 46
38 47
38 48
38 49
39 41
39 42
39 43
39 44
0
Yes
43 11
43 12
43 13
43 14
43 15
43 16
43 17
44 11
44 12
44 13
44 14
44 15
44 16
44 17
45 11
45 12
45 13
45 14
45 15
45 16
45 17
46 11
46 12
46 13
46 14
46 15
46 16
46 17
47 11
47 12
47 13
47 14
47 15
47 16
47 17
48 11
48 12
48 13
48 14
48 15
48 16
48 17
49 11
49 12
49 13
49 14
49 15
49 16
49 17
0
Yes
48 9
47 9
48 8
48 10
49 9
47 8
47 10
49 8
49 10
46 9
48 7
46 8
46 10
47 7
49 7
46 7
0
Yes
29 28
28 28
29 27
29 29
30 28
28 27
28 29
30 27
30 29
27 28
29 26
29 30
27 27
27 29
28 26
30 26
30 30
27 26
29 25
28 25
30 25
27 25
0
Yes
40 41
40 42
40 43
40 44
41 41
41 42
41 43
41 44
42 41
42 42
42 43
42 44
0
Yes
32 35
32 36
31 35
31 36
33 35
33 36
32 34
32 37
31 34
31 37
33 34
33 37
30 35
30 36
34 35
34 36
30 34
30 37
32 33
32 38
34 34
34 37
31 33
31 38
33 33
33 38
29 35
29 36
35 35
35 36
30 33
30 38
34 33
34 38
29 34
29 37
35 34
35 37
32 32
31 32
33 32
29 33
29 38
35 33
35 38
28 35
28 36
30 32
34 32
28 34
28 37
29 32
35 32
28 33
28 32
