0
Yes
0 0
0 1
0 2
0 3
0 4
0 5
0 6
0 7
1 0
1 1
1 2
1 3
1 4
1 5
1 6
1 7
2 0
2 1
2 2
2 3
2 4
2 5
2 6
2 7
3 0
3 1
3 2
3 3
3 4
3 5
3 6
3 7
4 0
4 1
4 2
4 3
4 4
4 5
4 6
4 7
5 0
5 1
5 2
5 3
5 4
5 5
5 6
5 7
6 0
6 1
6 2
6 3
6 4
6 5
6 6
6 7
0
Yes
30 3
29 3
30 2
30 4
31 3
29 2
29 4
31 2
31 4
28 3
30 1
30 5
32 3
28 2
28 4
29 1
29 5
31 1
31 5
32 2
32 4
28 1
28 5
32 1
32 5
27 3
30 0
27 2
29 0
31 0
27 1
28 0
32 0
27 0
0
Yes
0 38
0 39
0 40
0 41
0 42
0 43
0 44
0 45
0 46
0 47
0 48
0 49
1 38
1 39
1 40
1 41
1 42
1 43
1 44
1 45
1 46
1 47
1 48
1 49
2 38
2 39
2 40
2 41
2 42
2 43
2 44
2 45
2 46
2 47
2 48
2 49
3 38
3 39
3 40
3 41
3 42
3 43
3 44
3 45
3 46
3 47
3 48
3 49
4 38
4 39
4 40
4 41
4 42
4 43
4 44
4 45
4 46
4 47
4 48
4 49
5 38
5 39
5 40
5 41
5 42
5 43
5 44
5 45
5 46
5 47
5 48
5 49
6 38
6 39
6 40
6 41
6 42
6 43
6 44
6 45
6 46
6 47
6 48
6 49
7 38
7 39
7 40
7 41
7 42
7 43
7 44
7 45
7 46
7 47
7 48
7 49
8 38
8 39
8 40
8 41
8 42
8 43
8 44
8 45
8 46
8 47
8 48
8 49
9 38
9 39
9 40
9 41
9 42
9 43
9 44
9 45
9 46
9 47
9 48
9 49
10 38
10 39
10 40
10 41
10 42
0
Yes
4 21
3 21
4 20
4 22
5 21
3 20
3 22
5 20
5 22
2 21
4 19
4 23
6 21
2 20
2 22
3 19
3 23
5 19
5 23
6 20
6 22
2 19
2 23
6 19
6 23
1 21
4 18
4 24
7 21
1 20
1 22
3 18
3 24
5 18
5 24
7 20
7 22
1 19
1 23
2 18
2 24
6 18
6 24
7 19
7 23
0 21
4 17
0 20
0 22
3 17
5 17
1 18
1 24
7 18
7 24
0 19
0 23
2 17
6 17
0 18
0 24
1 17
7 17
0 17
0
Yes
8 12
8 13
7 12
7 13
9 12
9 13
8 11
8 14
7 11
7 14
9 11
9 14
6 12
6 13
10 12
10 13
6 11
6 14
8 10
8 15
10 11
10 14
7 10
7 15
9 10
9 15
5 12
5 13
11 12
11 13
6 10
6 15
10 10
10 15
5 11
5 14
11 11
11 14
8 9
8 16
7 9
7 16
9 9
9 16
5 10
5 15
11 10
11 15
4 12
4 13
6 9
6 16
10 9
10 16
12 12
12 13
4 11
4 14
12 11
12 14
8 8
5 9
5 16
7 8
9 8
11 9
11 16
4 10
4 15
12 10
12 15
6 8
10 8
3 12
3 13
13 12
13 13
3 11
3 14
13 11
13 14
4 9
4 16
12 9
12 16
5 8
11 8
3 10
3 15
13 10
13 15
2 12
2 13
4 8
12 8
14 12
14 13
3 9
3 16
13 9
13 16
2 11
2 14
14 11
14 14
2 10
2 15
14 10
14 15
3 8
13 8
2 9
2 16
14 9
14 16
1 12
1 13
15 12
15 13
1 11
1 14
15 11
15 14
1 10
1 15
15 10
15 15
2 8
14 8
1 9
1 16
15 9
15 16
0 12
0 13
0 11
0 14
1 8
15 8
0 10
0 15
0 9
0 16
0 8
0
Yes
33 0
33 1
33 2
33 3
33 4
33 5
34 0
34 1
34 2
34 3
34 4
34 5
35 0
35 1
35 2
35 3
35 4
35 5
36 0
36 1
36 2
36 3
36 4
36 5
37 0
37 1
37 2
37 3
37 4
37 5
38 0
38 1
38 2
38 3
38 4
38 5
0
Yes
37 39
37 40
37 41
37 42
37 43
37 44
37 45
37 46
37 47
37 48
37 49
38 39
38 40
38 41
38 42
38 43
38 44
38 45
38 46
38 47
38 48
38 49
39 39
39 40
39 41
39 42
39 43
39 44
39 45
39 46
39 47
39 48
39 49
40 39
40 40
40 41
40 42
40 43
40 44
40 45
40 46
40 47
40 48
40 49
41 39
41 40
41 41
41 42
41 43
41 44
41 45
41 46
41 47
41 48
41 49
42 39
42 40
42 41
42 42
42 43
42 44
42 45
42 46
42 47
42 48
42 49
43 39
43 40
43 41
43 42
43 43
43 44
43 45
43 46
43 47
43 48
43 49
44 39
44 40
44 41
44 42
44 43
44 44
44 45
44 46
44 47
44 48
44 49
45 39
45 40
45 41
45 42
45 43
45 44
45 45
45 46
45 47
45 48
45 49
46 39
46 40
46 41
46 42
46 43
46 44
46 45
46 46
46 47
46 48
46 49
47 39
47 40
47 41
47 42
47 43
47 44
47 45
47 46
47 47
47 48
47 49
48 39
48 40
48 41
48 42
48 43
48 44
48 45
48 46
48 47
48 48
48 49
49 39
49 40
49 41
49 42
49 43
49 44
49 45
49 46
49 47
49 48
49 49
0
Yes
22 1
22 0
23 0
23 1
24 0
24 1
24 2
23 2
22 2
23 3
22 3
25 2
25 1
25 0
0
Yes
8 20
8 21
8 22
8 23
9 20
9 21
9 22
9 23
10 20
10 21
0
Yes
0 0
0 1
0 2
0 3
0 4
0 5
0 6
0 7
1 0
1 1
1 2
1 3
1 4
1 5
1 6
1 7
2 0
2 1
2 2
2 3
2 4
2 5
2 6
2 7
3 0
3 1
3 2
3 3
3 4
3 5
3 6
3 7
4 0
4 1
4 2
4 3
4 4
4 5
4 6
4 7
5 0
5 1
5 2
5 3
5 4
5 5
5 6
5 7
6 0
6 1
6 2
6 3
6 4
6 5
6 6
6 7
7 0
7 1
7 2
7 3
7 4
7 5
7 6
7 7
8 0
8 1
8 2
8 3
8 4
8 5
8 6
8 7
9 0
9 1
9 2
9 3
9 4
0
Yes
39 0
39 1
39 2
39 3
39 4
40 0
40 1
40 2
40 3
40 4
41 0
41 1
41 2
41 3
41 4
42 0
42 1
42 2
42 3
42 4
43 0
43 1
43 2
43 3
43 4
0
Yes
29 13
29 14
30 14
30 13
31 14
31 13
31 15
30 15
29 15
29 16
0
Yes
48 5
49 5
48 4
48 6
49 4
49 6
47 5
47 4
48 3
49 3
47 3
0
Yes
0 8
0 9
0 10
0 11
0 12
0 13
0 14
0 15
0 16
1 8
1 9
1 10
1 11
1 12
1 13
1 14
1 15
1 16
2 8
2 9
2 10
2 11
2 12
2 13
2 14
2 15
2 16
3 8
3 9
3 10
3 11
3 12
3 13
3 14
3 15
3 16
4 8
4 9
4 10
4 11
4 12
4 13
4 14
4 15
4 16
5 8
5 9
5 10
5 11
5 12
5 13
5 14
5 15
5 16
6 8
6 9
6 10
6 11
6 12
6 13
6 14
6 15
6 16
7 8
7 9
7 10
7 11
7 12
7 13
7 14
7 15
7 16
8 8
8 9
8 10
8 11
8 12
8 13
0
Yes
45 46
46 46
45 45
45 47
46 45
46 47
44 46
47 46
44 45
44 47
47 45
47 47
45 44
45 48
46 44
46 48
43 46
44 44
44 48
47 44
47 48
48 46
43 45
43 47
48 45
48 47
45 43
45 49
46 43
46 49
43 44
43 48
48 44
48 48
44 43
44 49
47 43
47 49
42 46
49 46
42 45
42 47
49 45
49 47
43 43
43 49
48 43
48 49
42 44
42 48
45 42
46 42
49 44
49 48
44 42
47 42
41 46
41 45
41 47
42 43
42 49
49 43
49 49
43 42
48 42
41 44
41 48
42 42
49 42
41 43
41 49
41 42
0
Yes
36 47
36 48
37 47
37 48
35 47
35 48
36 46
36 49
37 46
37 49
38 47
38 48
35 46
35 49
38 46
38 49
34 47
34 48
36 45
37 45
39 47
39 48
34 46
34 49
35 45
38 45
39 46
39 49
33 47
33 48
34 45
39 45
40 47
40 48
33 46
33 49
40 46
40 49
33 45
40 45
32 47
32 48
32 46
32 49
32 45
0
Yes
45 35
44 35
45 34
45 36
46 35
44 34
44 36
46 34
46 36
43 35
45 33
45 37
47 35
43 34
43 36
44 33
44 37
46 33
46 37
47 34
47 36
43 33
43 37
47 33
47 37
42 35
45 32
45 38
48 35
42 34
42 36
44 32
44 38
46 32
46 38
48 34
48 36
42 33
42 37
43 32
43 38
47 32
47 38
48 33
48 37
41 35
45 31
45 39
49 35
41 34
41 36
44 31
44 39
46 31
46 39
49 34
49 36
42 32
42 38
48 32
48 38
41 33
41 37
43 31
43 39
47 31
47 39
49 33
49 37
40 35
41 32
41 38
42 31
42 39
45 30
45 40
48 31
48 39
49 32
49 38
40 34
40 36
44 30
44 40
46 30
46 40
40 33
40 37
43 30
43 40
47 30
47 40
41 31
41 39
49 31
49 39
40 32
40 38
42 30
42 40
48 30
48 40
45 29
45 41
44 29
44 41
46 29
46 41
43 29
43 41
47 29
47 41
40 31
40 39
41 30
41 40
49 30
49 40
42 29
42 41
48 29
48 41
45 28
40 30
40 40
44 28
46 28
41 29
41 41
49 29
49 41
43 28
47 28
42 28
48 28
40 29
40 41
41 28
0
Yes
35 38
36 38
35 37
35 39
36 37
36 39
34 38
37 38
34 37
34 39
37 37
37 39
35 36
35 40
36 36
36 40
33 38
34 36
34 40
37 36
37 40
38 38
33 37
33 39
38 37
38 39
35 35
35 41
36 35
36 41
33 36
33 40
38 36
38 40
34 35
34 41
37 35
37 41
32 38
39 38
32 37
32 39
39 37
39 39
33 35
33 41
38 35
38 41
32 36
32 40
35 34
35 42
36 34
36 42
39 36
39 40
34 34
34 42
37 34
37 42
31 38
31 37
31 39
32 35
32 41
39 35
39 41
33 34
33 42
38 34
38 42
31 36
31 40
35 33
35 43
36 33
36 43
34 33
34 43
37 33
37 43
32 34
32 42
39 34
39 42
31 35
31 41
33 33
33 43
38 33
38 43
31 34
31 42
35 32
35 44
36 32
36 44
32 33
32 43
39 33
39 43
34 32
34 44
37 32
37 44
33 32
33 44
38 32
38 44
31 33
31 43
32 32
32 44
39 32
39 44
35 31
36 31
34 31
37 31
33 31
38 31
31 32
31 44
32 31
39 31
0
Yes
17 47
16 47
17 46
17 48
18 47
16 46
16 48
18 46
18 48
15 47
17 45
17 49
19 47
15 46
15 48
16 45
16 49
18 45
18 49
19 46
19 48
15 45
15 49
19 45
19 49
14 47
17 44
20 47
14 46
14 48
16 44
18 44
20 46
20 48
14 45
14 49
15 44
19 44
20 45
20 49
13 47
13 46
13 48
14 44
13 45
13 49
13 44
0
Yes
13 14
14 14
13 13
13 15
14 13
14 15
12 14
15 14
12 13
12 15
15 13
15 15
13 12
13 16
14 12
14 16
11 14
12 12
12 16
15 12
15 16
16 14
11 13
11 15
16 13
16 15
13 11
13 17
14 11
14 17
11 12
11 16
16 12
16 16
12 11
12 17
15 11
15 17
10 14
17 14
10 13
10 15
17 13
17 15
11 11
11 17
16 11
16 17
10 12
10 16
13 10
13 18
14 10
14 18
17 12
17 16
12 10
12 18
15 10
15 18
9 14
9 13
9 15
10 11
10 17
17 11
17 17
11 10
11 18
16 10
16 18
9 12
9 16
13 9
13 19
14 9
14 19
12 9
12 19
15 9
15 19
10 10
10 18
17 10
17 18
9 11
9 17
11 9
11 19
16 9
16 19
9 10
9 18
13 8
14 8
10 9
10 19
17 9
17 19
12 8
15 8
11 8
16 8
9 9
9 19
10 8
0
Yes
23 23
23 24
22 23
22 24
24 23
24 24
23 22
23 25
22 22
22 25
24 22
24 25
21 23
21 24
25 23
25 24
21 22
21 25
23 21
23 26
25 22
25 25
22 21
22 26
24 21
24 26
20 23
20 24
26 23
26 24
21 21
21 26
25 21
25 26
20 22
20 25
26 22
26 25
23 20
23 27
22 20
22 27
24 20
24 27
20 21
20 26
26 21
26 26
19 23
19 24
21 20
21 27
25 20
25 27
19 22
19 25
23 19
20 20
20 27
22 19
24 19
26 20
26 27
19 21
19 26
21 19
25 19
19 20
20 19
26 19
19 19
0
No
0
No
0
Yes
39 23
40 23
39 22
39 24
40 22
40 24
38 23
41 23
38 22
38 24
41 22
41 24
39 21
39 25
40 21
40 25
37 23
38 21
38 25
41 21
41 25
42 23
37 22
37 24
42 22
42 24
39 20
39 26
40 20
40 26
37 21
37 25
42 21
42 25
38 20
38 26
41 20
41 26
36 23
36 22
36 24
37 20
37 26
42 20
42 26
36 21
36 25
39 19
39 27
40 19
40 27
38 19
38 27
41 19
41 27
36 20
36 26
37 19
37 27
42 27
39 18
40 18
38 18
41 18
36 19
36 27
37 18
0
No
0
Yes
0 38
0 39
0 40
0 41
0 42
0 43
0 44
0 45
0 46
0 47
0 48
0 49
1 38
1 39
1 40
1 41
1 42
1 43
1 44
1 45
1 46
1 47
1 48
1 49
2 38
2 39
2 40
2 41
2 42
2 43
2 44
2 45
2 46
2 47
2 48
2 49
3 38
3 39
3 40
3 41
3 42
3 43
3 44
3 45
3 46
3 47
3 48
3 49
4 38
4 39
4 40
4 41
4 42
4 43
4 44
4 45
4 46
4 47
4 48
4 49
5 38
5 39
5 40
5 41
5 42
5 43
5 44
5 45
5 46
5 47
5 48
5 49
6 38
6 39
6 40
6 41
6 42
6 43
6 44
6 45
6 46
6 47
6 48
6 49
7 38
7 39
7 40
7 41
7 42
7 43
7 44
7 45
7 46
7 47
7 48
7 49
8 38
8 39
8 40
8 41
8 42
8 43
8 44
8 45
8 46
0
Yes
10 48
10 49
11 48
11 49
9 48
9 49
10 47
11 47
12 48
12 49
9 47
12 47
8 48
8 49
8 47
0
Yes
18 19
18 18
19 18
19 19
20 18
20 19
20 20
19 20
18 20
20 17
19 17
18 17
18 21
19 21
20 21
21 20
21 19
21 18
21 17
21 21
18 16
19 16
20 16
21 16
19 22
20 22
21 22
22 19
22 18
22 20
22 17
22 21
22 16
22 22
19 15
20 15
21 15
18 15
22 15
20 23
21 23
19 23
22 23
23 18
23 19
23 20
23 17
23 21
23 16
23 22
23 15
23 23
18 14
19 14
20 14
21 14
22 14
23 14
19 24
20 24
21 24
22 24
23 24
24 19
24 18
24 20
24 17
24 21
24 16
24 22
24 15
24 23
24 24
24 14
19 13
20 13
18 13
21 13
22 13
24 25
25 18
25 19
25 20
25 17
25 21
25 22
25 23
25 16
25 15
25 24
25 25
26 19
26 18
26 20
26 17
26 21
26 22
26 23
26 16
26 24
26 15
26 25
26 26
25 26
24 26
23 26
23 25
22 25
21 25
22 26
21 26
20 25
19 25
20 26
19 26
27 18
27 19
27 20
27 17
27 21
27 22
27 23
27 24
27 16
27 25
27 26
27 15
27 27
26 27
25 27
24 27
23 27
22 27
21 27
20 27
28 19
28 18
28 20
28 21
28 22
28 23
28 24
28 25
28 17
28 26
28 27
28 16
0
Yes
29 17
29 18
29 19
29 20
29 21
29 22
29 23
29 24
29 25
29 26
29 27
29 28
29 29
29 30
30 17
30 18
30 19
30 20
30 21
30 22
30 23
30 24
30 25
30 26
30 27
30 28
30 29
30 30
31 17
31 18
31 19
31 20
31 21
31 22
31 23
31 24
31 25
31 26
31 27
31 28
31 29
31 30
32 17
32 18
32 19
32 20
32 21
32 22
32 23
32 24
32 25
32 26
32 27
32 28
32 29
32 30
33 17
33 18
33 19
33 20
33 21
33 22
33 23
33 24
33 25
33 26
33 27
33 28
33 29
33 30
34 17
34 18
34 19
34 20
34 21
34 22
34 23
34 24
34 25
34 26
34 27
34 28
34 29
34 30
35 17
35 18
35 19
35 20
35 21
35 22
35 23
35 24
35 25
35 26
35 27
35 28
35 29
35 30
36 17
2
5
9 39
9 40
9 41
9 42
9 43
9 44
9 45
9 46
10 39
10 40
10 41
10 42
10 43
10 44
10 45
10 46
11 39
11 40
11 41
11 42
11 43
11 44
11 45
11 46
12 39
12 40
12 41
12 42
12 43
12 44
12 45
12 46
13 39
13 40
13 41
13 42
10
12 34
12 35
12 36
12 37
12 38
13 34
13 35
13 36
13 37
13 38
14 34
14 35
14 36
14 37
14 38
15 34
15 35
15 36
15 37
15 38
16 34
16 35
16 36
16 37
16 38
Yes
33 0
33 1
33 2
33 3
33 4
33 5
33 6
34 0
34 1
34 2
34 3
34 4
34 5
34 6
35 0
35 1
35 2
35 3
35 4
35 5
35 6
36 0
36 1
36 2
36 3
36 4
36 5
36 6
37 0
37 1
37 2
37 3
37 4
37 5
37 6
38 0
38 1
38 2
38 3
38 4
38 5
38 6
39 0
39 1
39 2
39 3
39 4
39 5
39 6
40 0
40 1
40 2
40 3
40 4
40 5
40 6
41 0
41 1
41 2
41 3
41 4
41 5
41 6
42 0
42 1
42 2
42 3
42 4
42 5
42 6
43 0
0
Yes
31 10
32 10
32 9
32 11
33 11
33 10
33 9
34 10
34 9
34 11
35 11
35 10
35 9
36 10
36 9
36 11
36 8
35 8
34 8
36 12
35 12
34 12
37 8
37 9
37 10
37 11
37 12
34 7
35 7
36 7
37 7
34 13
35 13
36 13
37 13
38 7
38 8
38 9
35 14
36 14
34 14
37 14
34 15
35 15
36 15
37 15
38 15
38 14
38 13
35 16
36 16
37 16
34 16
38 16
33 16
33 15
33 14
39 13
39 14
39 15
39 16
37 17
38 17
39 17
32 16
32 15
39 12
40 13
40 12
39 9
32 8
0
Yes
48 0
48 1
48 2
49 0
49 1
49 2
0
Yes
31 31
30 31
30 32
29 32
29 31
29 33
30 33
28 31
28 32
28 33
28 30
30 34
29 34
28 34
27 30
27 31
27 32
27 33
27 34
27 29
28 29
28 28
27 28
29 35
28 35
30 35
27 35
26 31
26 30
26 32
26 29
26 33
26 28
30 36
29 36
25 30
25 31
25 32
25 29
25 28
29 37
30 37
24 31
24 30
24 29
24 28
30 38
29 38
23 30
23 29
23 31
23 28
23 32
22 31
22 30
22 29
22 32
22 28
21 30
21 31
21 29
21 32
20 31
20 32
20 29
30 39
30 40
29 40
29 41
30 41
28 41
30 42
19 31
0
No
0
No
0
No
0
No
0
No
0
No
0
Yes
29 17
29 18
29 19
29 20
29 21
29 22
29 23
29 24
29 25
29 26
29 27
29 28
29 29
29 30
30 17
30 18
30 19
30 20
30 21
30 22
30 23
30 24
30 25
30 26
30 27
30 28
30 29
30 30
31 17
31 18
31 19
31 20
31 21
31 22
31 23
31 24
31 25
31 26
31 27
31 28
31 29
31 30
32 17
32 18
32 19
32 20
32 21
32 22
32 23
32 24
32 25
32 26
32 27
32 28
32 29
32 30
33 17
33 18
33 19
33 20
33 21
33 22
33 23
33 24
33 25
33 26
33 27
33 28
33 29
33 30
34 17
34 18
34 19
34 20
34 21
34 22
34 23
34 24
34 25
34 26
34 27
34 28
34 29
34 30
35 17
35 18
35 19
35 20
35 21
35 22
35 23
35 24
35 25
35 26
35 27
35 28
35 29
35 30
0
Yes
9 8
9 9
9 10
9 11
9 12
9 13
10 8
10 9
10 10
10 11
10 12
10 13
11 8
11 9
11 10
11 11
11 12
11 13
12 8
12 9
12 10
12 11
12 12
12 13
13 8
13 9
13 10
13 11
13 12
13 13
14 8
14 9
14 10
14 11
14 12
14 13
15 8
15 9
15 10
15 11
15 12
15 13
16 8
16 9
16 10
16 11
16 12
16 13
17 8
17 9
17 10
17 11
0
No
0
No
0
No
0
Yes
15 21
14 21
14 20
15 20
14 19
15 19
13 19
13 20
13 21
12 21
12 20
12 19
13 18
14 18
15 18
12 18
11 20
11 19
11 18
11 21
16 18
16 19
16 20
15 17
14 17
13 17
12 17
16 17
11 17
10 19
10 18
10 17
17 20
17 19
17 18
17 17
14 16
15 16
13 16
12 16
16 16
11 16
17 16
10 16
9 18
9 17
9 19
9 16
15 15
14 15
13 15
12 15
11 15
16 15
10 15
17 15
9 15
8 15
8 16
8 17
8 18
8 19
14 14
15 14
13 14
12 14
11 14
10 14
16 14
17 14
9 14
8 14
13 22
12 22
0
Yes
9 38
9 37
8 37
10 37
10 38
10 36
9 36
8 36
11 36
11 37
11 38
9 35
10 35
8 35
11 35
7 35
7 36
7 37
0
Yes
24 24
25 24
24 23
24 25
25 23
25 25
23 24
26 24
23 23
23 25
26 23
26 25
24 22
24 26
25 22
25 26
22 24
23 22
23 26
26 22
26 26
27 24
22 23
22 25
27 23
27 25
24 21
24 27
25 21
25 27
22 22
22 26
27 22
27 26
23 21
23 27
26 21
26 27
21 24
28 24
21 23
21 25
28 23
28 25
22 21
22 27
27 21
27 27
21 22
21 26
24 20
25 20
28 22
28 26
23 20
26 20
20 24
20 23
20 25
21 21
21 27
28 21
28 27
22 20
27 20
20 22
20 26
21 20
28 20
20 21
20 27
20 20
0
No
0
No
0
Yes
29 13
29 14
30 14
30 13
31 14
31 13
31 15
30 15
29 15
29 16
30 16
0
No
0
Yes
2 25
2 26
3 25
3 26
0
Yes
46 35
46 36
45 35
45 36
47 35
47 36
46 34
46 37
45 34
45 37
47 34
47 37
44 35
44 36
48 35
48 36
44 34
44 37
46 33
46 38
48 34
48 37
45 33
45 38
47 33
47 38
43 35
43 36
49 35
49 36
44 33
44 38
48 33
48 38
43 34
43 37
49 34
49 37
46 32
46 39
45 32
45 39
47 32
47 39
43 33
43 38
49 33
49 38
42 35
42 36
44 32
44 39
48 32
48 39
42 34
42 37
46 31
46 40
43 32
43 39
45 31
45 40
47 31
47 40
49 32
49 39
42 33
42 38
44 31
44 40
48 31
48 40
42 32
42 39
43 31
43 40
49 31
49 40
46 30
46 41
45 30
45 41
47 30
47 41
44 30
44 41
48 30
48 41
42 31
42 40
43 30
43 41
49 30
49 41
46 29
45 29
47 29
42 30
42 41
44 29
48 29
43 29
0
Yes
4 3
4 4
5 3
5 4
3 3
3 4
4 2
4 5
5 2
5 5
6 3
6 4
3 2
3 5
6 2
6 5
2 3
2 4
4 1
4 6
5 1
5 6
7 3
7 4
2 2
2 5
3 1
3 6
6 1
6 6
7 2
7 5
1 3
1 4
2 1
2 6
4 0
5 0
7 1
7 6
8 3
8 4
1 2
1 5
3 0
6 0
8 2
8 5
1 1
1 6
2 0
7 0
8 1
8 6
0 3
0 4
0 2
0 5
1 0
8 0
0 1
0 6
0 0
0
Yes
31 45
31 46
31 47
31 48
31 49
32 45
32 46
32 47
32 48
32 49
33 45
33 46
33 47
33 48
33 49
34 45
34 46
34 47
34 48
34 49
35 45
35 46
35 47
35 48
35 49
36 45
36 46
36 47
36 48
36 49
37 45
37 46
37 47
37 48
37 49
38 45
38 46
38 47
38 48
38 49
39 45
39 46
39 47
0
Yes
24 23
24 24
25 23
25 24
23 23
23 24
24 22
24 25
25 22
25 25
26 23
26 24
23 22
23 25
26 22
26 25
22 23
22 24
24 21
24 26
25 21
25 26
27 23
27 24
22 22
22 25
23 21
23 26
26 21
26 26
27 22
27 25
21 23
21 24
22 21
22 26
24 20
24 27
25 20
25 27
27 21
27 26
28 23
28 24
21 22
21 25
23 20
23 27
26 20
26 27
28 22
28 25
21 21
21 26
22 20
22 27
27 20
27 27
28 21
28 26
20 23
20 24
24 19
25 19
20 22
20 25
23 19
26 19
21 20
21 27
28 20
28 27
20 21
20 26
22 19
27 19
20 20
20 27
21 19
28 19
20 19
0
Yes
36 26
37 26
36 25
36 27
37 25
37 27
35 26
38 26
35 25
35 27
38 25
38 27
36 24
36 28
37 24
37 28
34 26
35 24
35 28
38 24
38 28
39 26
34 25
34 27
39 25
39 27
36 23
36 29
37 23
37 29
34 24
34 28
39 24
39 28
35 23
35 29
38 23
38 29
33 26
40 26
33 25
33 27
40 25
40 27
34 23
34 29
39 23
39 29
33 24
33 28
36 22
36 30
37 22
37 30
40 24
40 28
35 22
35 30
38 22
38 30
32 26
41 26
32 25
32 27
33 23
33 29
40 23
40 29
41 25
41 27
34 22
34 30
39 22
39 30
32 24
32 28
41 24
41 28
36 21
37 21
35 21
38 21
33 22
33 30
40 22
40 30
32 23
32 29
41 23
41 29
31 26
42 26
31 25
31 27
34 21
39 21
42 25
42 27
31 24
31 28
42 24
42 28
32 22
32 30
41 22
41 30
33 21
40 21
31 23
31 29
42 23
42 29
30 26
43 26
30 25
30 27
43 25
43 27
32 21
41 21
30 24
30 28
31 22
31 30
42 22
43 24
43 28
30 23
30 29
43 23
31 21
42 21
29 26
29 25
29 27
30 22
30 30
43 22
29 24
29 28
29 23
29 29
30 21
29 22
29 30
29 21
0
Yes
26 46
26 47
25 47
27 47
27 46
27 48
26 48
25 48
28 48
28 47
28 46
26 49
27 49
25 49
28 49
29 46
29 47
29 48
29 49
24 49
24 48
24 47
0
Yes
28 4
28 3
27 3
29 3
29 4
29 2
28 2
27 2
30 2
30 3
30 4
28 1
29 1
27 1
30 1
31 4
31 3
31 2
31 1
30 5
31 5
29 5
28 5
26 1
26 2
26 3
27 0
28 0
29 0
30 0
31 0
26 0
0
Yes
45 5
45 6
44 5
44 6
46 5
46 6
45 4
44 4
46 4
43 5
43 6
43 4
0
Yes
1 36
1 37
2 36
2 37
3 36
3 37
0
No
0
Yes
47 28
46 28
46 27
47 27
46 26
47 26
48 26
48 27
48 28
45 26
45 27
45 28
49 28
49 27
49 26
48 25
47 25
46 25
45 25
49 25
44 28
44 27
44 26
0
No
0
Yes
9 49
8 49
8 48
9 48
8 47
9 47
10 47
10 48
10 49
11 49
11 48
11 47
12 48
12 47
12 49
11 46
10 46
9 46
12 46
9 45
10 45
0
No
0
No
0
No
0
No
0
Yes
40 49
39 49
39 48
40 48
40 47
0
Yes
3 12
2 12
3 11
3 13
4 12
2 11
2 13
4 11
4 13
1 12
3 10
3 14
5 12
1 11
1 13
2 10
2 14
4 10
4 14
5 11
5 13
1 10
1 14
5 10
5 14
0 12
3 9
3 15
0 11
0 13
2 9
2 15
4 9
4 15
0 10
0 14
1 9
1 15
5 9
5 15
3 8
3 16
2 8
2 16
4 8
4 16
0 9
0 15
1 8
1 16
5 8
5 16
0 8
0 16
3 7
2 7
4 7
1 7
5 7
0
Yes
41 33
41 34
40 33
40 34
41 32
41 35
40 32
40 35
41 31
40 31
0
No
0
Yes
11 17
12 17
11 16
11 18
12 16
12 18
10 17
13 17
10 16
10 18
13 16
13 18
11 15
11 19
12 15
12 19
9 17
10 15
10 19
13 15
13 19
14 17
9 16
9 18
14 16
14 18
11 14
12 14
9 15
9 19
14 15
14 19
10 14
13 14
8 17
8 16
8 18
9 14
14 14
8 15
8 19
0
No
0
No
0
Yes
2 47
1 47
1 46
2 46
1 45
2 45
3 45
3 46
3 47
0 45
0 46
0 47
3 48
2 48
1 48
0 48
4 47
4 46
4 48
4 45
3 44
2 44
1 44
0 44
4 44
2 49
3 49
4 49
1 49
0 49
5 46
5 47
5 48
5 45
5 49
5 44
2 43
3 43
1 43
4 43
0 43
5 43
6 47
6 46
6 45
6 48
6 44
6 49
6 43
1 42
2 42
3 42
4 42
5 42
0 42
6 42
7 46
7 47
7 45
7 44
7 43
7 42
7 48
7 49
2 41
3 41
4 41
5 41
1 41
6 41
0 41
7 41
8 45
8 44
8 43
8 42
8 41
8 46
1 40
2 40
3 40
4 40
5 40
6 40
7 40
0 40
8 40
9 44
9 43
9 42
9 41
9 40
2 39
3 39
4 39
5 39
6 39
7 39
1 39
8 39
0 39
9 39
10 43
10 42
10 41
10 40
10 44
10 39
1 38
2 38
3 38
4 38
5 38
6 38
7 38
8 38
9 38
10 38
0 38
11 44
11 43
11 42
11 41
11 40
11 39
11 38
5 37
6 37
7 37
8 37
0
No
0
No
0
Yes
2 37
1 37
2 36
3 37
1 36
3 36
0 37
0
Yes
17 17
18 17
17 16
17 18
18 16
18 18
16 17
19 17
16 16
16 18
19 16
19 18
17 15
17 19
18 15
18 19
15 17
16 15
16 19
19 15
19 19
15 16
15 18
17 14
17 20
18 14
18 20
15 15
15 19
16 14
16 20
19 14
19 20
15 14
15 20
17 13
18 13
19 13
0
No
0
Yes
32 15
32 16
32 17
32 18
32 19
32 20
33 15
33 16
33 17
33 18
33 19
33 20
34 15
34 16
34 17
34 18
34 19
34 20
35 15
35 16
35 17
35 18
35 19
35 20
36 15
36 16
36 17
36 18
36 19
36 20
37 15
37 16
37 17
37 18
37 19
37 20
38 15
38 16
38 17
38 18
38 19
38 20
39 15
39 16
39 17
39 18
39 19
39 20
0
Yes
31 16
31 17
30 17
30 18
31 18
30 19
31 19
29 19
29 18
29 17
29 20
30 20
31 20
0
No
0
Yes
0 22
0 21
1 21
1 22
2 21
2 22
2 23
1 23
0 23
2 20
1 20
0 20
0 24
1 24
2 24
3 23
3 22
3 21
3 20
3 24
0 19
1 19
2 19
3 19
4 22
4 21
4 23
4 20
4 24
4 19
1 18
2 18
3 18
0 18
4 18
5 21
5 22
5 20
5 23
5 19
5 24
5 18
0 17
1 17
2 17
3 17
4 17
0
No
0
No
0
No
0
Yes
46 35
46 36
45 35
45 36
47 35
47 36
46 34
46 37
45 34
45 37
47 34
47 37
44 35
44 36
48 35
48 36
44 34
44 37
46 33
46 38
48 34
48 37
45 33
45 38
47 33
47 38
43 35
43 36
49 35
49 36
44 33
44 38
48 33
48 38
43 34
43 37
49 34
49 37
46 32
46 39
45 32
45 39
47 32
47 39
43 33
43 38
49 33
49 38
42 35
42 36
44 32
44 39
48 32
48 39
42 34
42 37
46 31
46 40
43 32
43 39
45 31
45 40
47 31
47 40
49 32
49 39
42 33
42 38
44 31
44 40
48 31
48 40
42 32
42 39
43 31
43 40
49 31
49 40
46 30
46 41
45 30
45 41
47 30
47 41
44 30
44 41
48 30
48 41
42 31
42 40
43 30
43 41
49 30
49 41
46 29
45 29
47 29
42 30
42 41
44 29
0
Yes
41 0
41 1
41 2
41 3
41 4
41 5
41 6
42 0
42 1
42 2
42 3
42 4
42 5
42 6
43 0
43 1
43 2
43 3
43 4
43 5
43 6
44 0
44 1
44 2
44 3
44 4
44 5
44 6
45 0
45 1
45 2
45 3
45 4
45 5
45 6
46 0
46 1
46 2
46 3
46 4
46 5
46 6
47 0
47 1
47 2
0
No
0
No
0
No
0
Yes
36 26
37 26
36 25
36 27
37 25
37 27
35 26
38 26
35 25
35 27
38 25
38 27
36 24
36 28
37 24
37 28
34 26
35 24
35 28
38 24
38 28
39 26
34 25
34 27
39 25
39 27
36 23
36 29
37 23
37 29
34 24
34 28
39 24
39 28
35 23
35 29
38 23
38 29
33 26
40 26
33 25
33 27
40 25
40 27
34 23
34 29
39 23
39 29
33 24
33 28
36 22
36 30
37 22
37 30
40 24
40 28
35 22
35 30
38 22
38 30
32 26
41 26
32 25
32 27
33 23
33 29
40 23
40 29
41 25
41 27
34 22
34 30
39 22
39 30
32 24
32 28
41 24
41 28
36 21
37 21
35 21
38 21
33 22
33 30
40 22
40 30
32 23
32 29
41 23
41 29
31 26
42 26
31 25
31 27
34 21
39 21
42 25
42 27
31 24
31 28
42 24
42 28
32 22
32 30
41 22
41 30
33 21
40 21
31 23
31 29
42 23
42 29
30 26
43 26
30 25
30 27
43 25
43 27
32 21
41 21
30 24
30 28
31 22
31 30
42 22
43 24
43 28
30 23
30 29
43 23
43 29
31 21
42 21
29 26
29 25
29 27
30 22
30 30
43 22
29 24
29 28
29 23
29 29
30 21
29 22
29 30
29 21
0
Yes
7 9
7 10
8 9
8 10
6 9
6 10
7 8
7 11
8 8
8 11
6 8
6 11
7 7
8 7
6 7
0
No
0
Yes
6 28
6 27
5 27
7 27
7 28
7 26
6 26
5 26
8 26
8 27
8 28
9 28
9 27
0
Yes
6 12
6 13
6 14
7 12
7 13
7 14
8 12
8 13
8 14
0
No
0
Yes
3 26
2 26
3 25
2 25
0
Yes
10 13
9 13
10 12
10 14
11 13
9 12
9 14
11 12
11 14
8 13
10 11
10 15
12 13
8 12
8 14
9 11
9 15
11 11
11 15
12 12
12 14
8 11
8 15
12 11
12 15
7 13
10 10
10 16
13 13
7 12
7 14
9 10
9 16
11 10
11 16
13 12
13 14
7 11
7 15
8 10
8 16
12 10
12 16
13 11
13 15
6 13
10 9
10 17
6 12
6 14
9 9
9 17
11 9
11 17
7 10
7 16
13 10
13 16
6 11
6 15
8 9
8 17
12 9
12 17
6 10
6 16
7 9
7 17
10 8
10 18
13 9
13 17
9 8
9 18
11 8
11 18
8 8
8 18
12 8
12 18
6 9
6 17
7 8
7 18
13 8
13 18
10 7
9 7
11 7
8 7
12 7
6 8
6 18
7 7
6 7
0
Yes
35 27
35 28
36 27
36 28
34 27
34 28
35 26
35 29
36 26
36 29
37 27
37 28
34 26
34 29
37 26
37 29
33 27
33 28
35 25
35 30
36 25
36 30
38 27
38 28
33 26
33 29
34 25
34 30
37 25
37 30
38 26
38 29
32 27
32 28
33 25
33 30
35 24
36 24
38 25
38 30
39 27
39 28
32 26
32 29
34 24
37 24
39 26
39 29
32 25
32 30
33 24
38 24
39 25
39 30
31 27
31 28
40 27
40 28
31 26
31 29
40 26
40 29
32 24
39 24
31 25
31 30
40 25
40 30
30 27
30 28
41 27
41 28
30 26
30 29
31 24
40 24
41 26
41 29
30 25
30 30
41 25
41 30
29 27
29 28
30 24
41 24
29 26
29 29
29 25
29 30
29 24
0
No
0
No
0
Yes
29 23
29 22
30 22
30 23
31 22
31 23
31 21
30 21
29 21
29 20
30 20
31 20
32 21
32 22
32 23
32 20
30 19
31 19
29 19
32 19
33 23
33 22
33 21
33 20
33 19
29 18
30 18
31 18
32 18
33 18
34 22
34 21
34 20
34 19
34 23
34 18
30 17
31 17
32 17
33 17
29 17
34 17
35 23
35 22
35 21
35 20
35 19
35 18
35 17
31 16
32 16
33 16
34 16
35 16
36 22
36 21
36 20
36 19
36 18
36 17
36 23
36 16
32 15
33 15
34 15
35 15
36 15
37 23
37 22
37 21
37 20
37 19
37 18
37 17
37 16
37 15
33 14
34 14
35 14
36 14
37 14
38 22
38 21
38 20
38 19
38 18
38 17
38 16
38 15
38 23
38 14
34 13
35 13
36 13
37 13
38 13
39 23
39 22
39 21
39 20
39 19
39 18
39 17
39 16
39 15
39 14
39 13
35 12
36 12
37 12
34 12
40 22
40 21
40 20
40 19
40 18
40 23
0
No
0
No
0
Yes
33 47
33 48
32 47
32 48
34 47
34 48
33 46
33 49
32 46
32 49
34 46
34 49
31 47
31 48
35 47
35 48
31 46
31 49
33 45
35 46
35 49
32 45
34 45
30 47
30 48
31 45
35 45
30 46
30 49
30 45
0
No
0
Yes
40 36
40 37
40 38
40 39
41 36
41 37
41 38
41 39
0
Yes
45 28
44 28
44 27
45 27
44 26
45 26
46 26
46 27
46 28
43 26
43 27
43 28
47 28
47 27
47 26
46 25
45 25
44 25
43 25
47 25
42 28
42 27
42 26
42 25
48 27
48 26
48 28
48 25
45 24
44 24
46 24
43 24
47 24
42 24
48 24
49 24
49 25
49 26
49 27
49 28
44 23
45 23
46 23
47 23
43 23
48 23
42 23
49 23
43 22
44 22
0
Yes
32 6
32 5
33 5
33 6
34 5
34 6
34 4
33 4
32 4
32 3
33 3
34 3
35 4
35 5
35 6
35 3
33 2
34 2
32 2
35 2
36 6
36 5
36 4
36 3
36 2
32 1
33 1
34 1
35 1
36 1
36 7
35 7
34 7
37 5
37 4
37 3
37 6
37 2
37 7
37 1
33 0
34 0
35 0
36 0
37 0
32 0
34 8
35 8
36 8
37 8
38 6
38 5
38 4
38 3
38 2
38 7
38 1
38 8
38 0
0
No
0
Yes
6 7
6 8
7 8
7 7
8 8
8 7
8 9
7 9
6 9
6 10
7 10
8 10
9 9
9 8
9 7
9 10
7 11
8 11
6 11
9 11
10 7
10 8
10 9
10 10
10 11
6 12
7 12
8 12
9 12
10 12
11 8
11 9
11 10
11 11
11 7
11 12
7 13
8 13
9 13
10 13
6 13
11 13
11 6
10 6
9 6
12 7
12 8
12 9
12 10
12 11
12 12
0
No
0
Yes
46 46
46 47
47 46
47 47
45 46
45 47
46 45
46 48
47 45
47 48
48 46
48 47
45 45
45 48
48 45
48 48
44 46
44 47
46 44
46 49
47 44
47 49
49 46
49 47
44 45
44 48
45 44
45 49
48 44
48 49
49 45
49 48
43 46
43 47
44 44
44 49
46 43
47 43
49 44
49 49
43 45
43 48
45 43
48 43
43 44
43 49
44 43
49 43
43 43
0
Yes
9 18
8 18
9 17
9 19
10 18
8 17
8 19
10 17
10 19
7 18
9 16
9 20
11 18
7 17
7 19
8 16
8 20
10 16
10 20
11 17
11 19
7 16
7 20
11 16
11 20
6 18
9 15
9 21
6 17
6 19
8 15
8 21
10 15
10 21
6 16
6 20
7 15
7 21
11 15
11 21
9 14
8 14
10 14
6 15
6 21
7 14
11 14
6 14
0
No
0
Yes
11 18
11 19
12 18
12 19
10 18
10 19
11 17
11 20
12 17
12 20
13 18
13 19
10 17
10 20
13 17
13 20
9 18
9 19
11 16
11 21
12 16
12 21
14 18
14 19
9 17
9 20
10 16
10 21
13 16
13 21
14 17
14 20
8 18
8 19
9 16
9 21
11 15
12 15
14 16
14 21
15 18
15 19
8 17
8 20
10 15
13 15
15 17
15 20
8 16
8 21
9 15
14 15
15 16
15 21
7 18
7 19
16 18
16 19
7 17
7 20
16 17
16 20
8 15
15 15
7 16
7 21
16 16
6 18
6 19
6 17
6 20
7 15
16 15
6 16
6 21
6 15
4
119
8 8
8 9
8 10
8 11
8 12
8 13
8 14
8 15
9 8
9 9
9 10
9 11
9 12
9 13
9 14
9 15
10 8
10 9
10 10
10 11
10 12
10 13
10 14
10 15
11 8
11 9
11 10
11 11
11 12
11 13
11 14
11 15
12 8
12 9
12 10
12 11
12 12
12 13
12 14
12 15
13 8
13 9
13 10
13 11
13 12
13 13
13 14
13 15
14 8
14 9
14 10
14 11
14 12
14 13
14 14
14 15
15 8
15 9
15 10
15 11
15 12
15 13
15 14
15 15
16 8
16 9
16 10
16 11
16 12
16 13
16 14
16 15
17 8
17 9
17 10
17 11
53
0 18
0 19
0 20
0 21
0 22
0 23
0 24
1 18
1 19
1 20
1 21
1 22
1 23
1 24
2 18
2 19
2 20
2 21
2 22
2 23
2 24
3 18
3 19
3 20
3 21
3 22
3 23
3 24
4 18
4 19
4 20
4 21
4 22
4 23
4 24
5 18
5 19
5 20
5 21
5 22
5 23
5 24
6 18
6 19
6 20
6 21
6 22
6 23
6 24
7 18
7 19
7 20
7 21
7 22
7 23
7 24
8 18
8 19
8 20
8 21
8 22
8 23
8 24
114
0 0
0 1
0 2
0 3
0 4
0 5
1 0
1 1
1 2
1 3
1 4
1 5
2 0
2 1
2 2
2 3
2 4
2 5
3 0
3 1
3 2
3 3
3 4
3 5
4 0
4 1
4 2
4 3
4 4
4 5
5 0
5 1
5 2
5 3
5 4
5 5
6 0
6 1
6 2
6 3
6 4
6 5
7 0
7 1
7 2
7 3
7 4
7 5
8 0
8 1
8 2
85
9 16
9 17
9 18
9 19
9 20
9 21
10 16
10 17
10 18
10 19
10 20
10 21
11 16
11 17
11 18
11 19
11 20
11 21
12 16
12 17
12 18
12 19
12 20
12 21
13 16
13 17
13 18
13 19
13 20
13 21
14 16
14 17
14 18
14 19
14 20
14 21
15 16
15 17
15 18
15 19
15 20
15 21
16 16
16 17
16 18
16 19
16 20
Yes
0 6
0 7
0 8
0 9
0 10
0 11
0 12
0 13
0 14
0 15
0 16
0 17
1 6
1 7
1 8
1 9
1 10
1 11
1 12
1 13
1 14
1 15
1 16
1 17
2 6
2 7
2 8
2 9
2 10
2 11
2 12
2 13
2 14
2 15
2 16
2 17
3 6
3 7
3 8
3 9
3 10
3 11
3 12
3 13
3 14
3 15
3 16
3 17
4 6
4 7
4 8
4 9
4 10
4 11
4 12
4 13
4 14
4 15
4 16
4 17
5 6
5 7
5 8
5 9
5 10
5 11
5 12
5 13
5 14
5 15
5 16
5 17
6 6
6 7
6 8
6 9
6 10
6 11
6 12
6 13
6 14
6 15
6 16
6 17
7 6
7 7
7 8
7 9
7 10
7 11
7 12
7 13
7 14
7 15
0
No
0
Yes
38 47
38 48
39 47
39 48
37 47
37 48
38 46
38 49
39 46
39 49
40 47
40 48
37 46
37 49
40 46
40 49
36 47
36 48
38 45
39 45
36 46
36 49
37 45
40 45
36 45
0
Yes
13 19
12 19
13 18
13 20
14 19
12 18
12 20
14 18
14 20
11 19
13 17
13 21
15 19
11 18
11 20
12 17
12 21
14 17
14 21
15 18
15 20
11 17
11 21
15 17
15 21
10 19
13 16
16 19
10 18
10 20
12 16
14 16
16 18
16 20
10 17
10 21
11 16
15 16
16 17
9 19
9 18
9 20
10 16
16 16
9 17
9 21
9 16
0
Yes
37 36
37 37
38 36
38 37
36 36
36 37
37 35
37 38
38 35
38 38
39 36
39 37
36 35
36 38
39 35
39 38
35 36
35 37
37 34
37 39
38 34
38 39
40 36
40 37
35 35
35 38
36 34
36 39
39 34
39 39
40 35
40 38
34 36
34 37
35 34
35 39
37 33
37 40
38 33
38 40
40 34
40 39
41 36
41 37
34 35
34 38
36 33
36 40
39 33
39 40
41 35
41 38
34 34
34 39
35 33
35 40
40 33
40 40
41 34
41 39
33 36
33 37
37 32
37 41
38 32
38 41
33 35
33 38
36 32
36 41
39 32
39 41
34 33
34 40
41 33
41 40
33 34
33 39
35 32
35 41
40 32
40 41
37 31
38 31
33 33
33 40
34 32
34 41
36 31
39 31
41 32
41 41
35 31
40 31
33 32
33 41
34 31
41 31
33 31
0
No
0
Yes
20 16
19 16
20 15
20 17
21 16
19 15
19 17
21 15
21 17
18 16
20 14
20 18
22 16
18 15
18 17
19 14
19 18
21 14
21 18
22 15
22 17
18 14
18 18
22 14
22 18
17 16
20 13
17 15
17 17
19 13
21 13
17 14
17 18
18 13
22 13
17 13
0
Yes
32 35
31 35
31 34
32 34
31 33
32 33
30 33
30 34
30 35
30 36
31 36
32 36
29 35
29 34
29 36
29 33
30 32
31 32
32 32
29 32
32 37
31 37
30 37
29 37
28 34
28 35
28 33
28 32
32 31
31 31
30 31
29 31
28 31
31 38
30 38
32 38
29 38
27 33
27 32
27 31
27 34
27 35
0
Yes
16 38
15 38
15 37
16 37
15 36
16 36
14 36
14 37
14 38
13 38
13 37
13 36
14 35
15 35
16 35
13 35
12 37
12 36
12 38
12 35
16 34
15 34
14 34
13 34
12 34
11 36
11 37
11 35
17 34
17 35
17 36
10 35
10 36
10 37
17 33
16 33
15 33
17 32
16 32
0
No
0
No
0
Yes
26 43
27 43
28 43
29 43
29 44
30 44
30 43
30 42
31 43
31 42
31 44
31 41
30 41
29 41
29 40
30 40
31 40
30 39
31 39
32 42
32 43
32 41
32 40
32 44
32 39
33 43
33 42
33 44
34 42
34 43
34 44
35 43
35 42
35 44
36 42
36 43
36 44
37 43
37 42
37 44
38 42
38 43
38 44
39 43
39 42
39 44
40 42
40 43
40 44
41 43
41 42
41 44
41 45
42 42
42 43
42 44
42 45
42 46
41 46
41 47
42 47
42 48
41 48
41 49
42 49
28 41
0
No
0
No
0
No
0
Yes
35 20
34 20
34 19
35 19
34 18
35 18
36 18
36 19
36 20
33 18
33 19
33 20
36 21
35 21
34 21
33 21
37 20
37 19
37 21
37 18
36 17
35 17
34 17
33 17
37 17
32 20
32 19
32 18
32 21
32 17
35 22
34 22
36 22
33 22
37 22
32 22
38 19
38 20
38 21
38 18
38 22
38 17
35 16
34 16
36 16
33 16
37 16
32 16
38 16
31 19
31 20
31 18
31 21
31 17
31 22
31 16
34 23
35 23
36 23
33 23
37 23
32 23
38 23
31 23
39 20
39 19
39 21
39 18
39 22
39 17
39 23
39 16
34 15
35 15
36 15
33 15
37 15
32 15
38 15
31 15
39 15
30 20
30 19
30 21
30 18
30 17
30 22
30 16
30 23
30 15
40 19
40 20
40 21
40 18
40 22
40 23
35 14
36 14
37 14
34 14
38 14
39 14
33 14
29 19
29 20
29 21
29 18
29 17
29 16
29 15
29 22
29 23
41 20
41 21
41 22
41 19
41 18
41 23
34 13
35 13
36 13
37 13
38 13
39 13
29 14
30 14
31 14
28 18
28 17
28 16
42 21
42 20
42 22
31 13
30 13
29 13
35 12
36 12
37 12
34 12
27 17
27 18
27 16
0
No
0
Yes
39 0
39 1
39 2
39 3
39 4
39 5
39 6
40 0
40 1
40 2
40 3
40 4
40 5
40 6
41 0
41 1
41 2
41 3
41 4
41 5
41 6
42 0
42 1
42 2
42 3
42 4
42 5
42 6
43 0
43 1
43 2
43 3
43 4
43 5
43 6
44 0
44 1
44 2
44 3
44 4
44 5
44 6
45 0
45 1
45 2
45 3
45 4
45 5
45 6
46 0
46 1
46 2
46 3
46 4
0
No
0
Yes
48 15
49 15
48 14
49 14
47 15
0
No
0
No
0
Yes
35 18
35 19
35 20
35 21
35 22
35 23
36 18
36 19
36 20
36 21
36 22
36 23
37 18
37 19
37 20
37 21
37 22
37 23
38 18
38 19
38 20
38 21
38 22
38 23
39 18
39 19
39 20
39 21
39 22
39 23
40 18
40 19
40 20
40 21
40 22
40 23
41 18
41 19
41 20
41 21
41 22
41 23
0
Yes
2 47
1 47
1 46
2 46
1 45
2 45
3 45
3 46
3 47
0 45
0 46
0 47
3 48
2 48
1 48
0 48
4 47
4 46
4 48
4 45
3 44
2 44
1 44
0 44
4 44
2 49
3 49
4 49
1 49
0 49
5 46
5 47
5 48
5 45
5 49
5 44
2 43
3 43
1 43
4 43
0 43
5 43
6 47
6 46
6 45
6 48
6 44
6 49
6 43
1 42
2 42
3 42
4 42
5 42
0 42
6 42
7 46
7 47
7 45
7 44
7 48
7 43
7 49
7 42
2 41
3 41
4 41
5 41
1 41
6 41
0 41
7 41
8 47
8 46
8 45
8 44
8 43
8 48
8 42
8 49
8 41
1 40
2 40
3 40
4 40
5 40
6 40
7 40
0 40
8 40
9 46
9 47
9 45
9 44
9 43
9 42
9 48
9 41
9 49
9 40
2 39
3 39
4 39
5 39
6 39
7 39
1 39
8 39
0 39
9 39
10 47
10 46
10 45
10 44
10 43
10 42
10 41
10 48
10 40
10 49
10 39
1 38
2 38
3 38
4 38
5 38
6 38
7 38
8 38
9 38
10 38
0 38
11 46
11 47
11 45
11 44
11 43
11 42
11 41
11 40
11 48
11 39
11 49
11 38
5 37
6 37
7 37
0
Yes
32 8
32 9
33 9
33 10
32 10
31 10
34 10
34 9
32 11
33 11
34 11
35 9
35 10
35 11
34 12
35 12
36 10
36 11
36 9
36 12
37 9
37 10
37 11
37 12
35 13
36 13
34 13
37 13
34 14
35 14
36 14
37 14
33 14
33 15
34 15
35 15
36 15
37 15
32 15
38 13
38 14
38 15
32 16
33 16
34 16
35 16
36 16
37 16
38 16
31 16
31 15
31 14
30 14
30 15
30 16
30 13
31 13
29 13
29 14
29 15
29 16
28 16
31 17
32 17
33 17
30 17
34 17
29 17
35 17
36 17
37 17
28 17
38 17
39 14
39 15
39 16
39 13
39 17
39 12
40 12
40 13
32 18
31 18
33 18
30 18
34 18
29 18
28 18
27 17
27 16
27 18
27 15
26 15
26 16
26 17
26 18
26 14
25 16
25 15
25 17
25 18
24 15
24 16
24 17
24 18
24 14
23 14
23 15
23 16
23 17
23 18
31 19
32 19
33 19
30 19
29 19
34 19
32 20
31 20
33 20
30 20
34 20
29 20
31 21
32 21
33 21
30 21
34 21
29 21
32 22
31 22
33 22
30 22
34 22
29 22
0
No
0
Yes
44 0
43 0
43 1
44 1
45 1
45 0
44 2
43 2
45 2
46 0
46 1
46 2
42 1
42 0
42 2
41 0
41 1
41 2
43 3
44 3
45 3
42 3
46 3
41 3
47 1
47 2
47 0
47 3
44 4
43 4
45 4
42 4
46 4
41 4
47 4
48 0
48 1
48 2
48 3
48 4
40 1
40 2
40 3
40 0
40 4
39 0
39 1
39 2
39 3
39 4
43 5
44 5
45 5
42 5
46 5
41 5
47 5
40 5
48 5
39 5
49 1
49 2
49 3
49 4
49 0
49 5
44 6
43 6
45 6
42 6
46 6
0
No
0
Yes
16 16
15 16
15 17
16 17
15 18
16 18
14 18
14 17
14 16
13 16
13 17
13 18
14 19
15 19
16 19
13 19
12 17
12 18
12 16
12 19
16 20
15 20
14 20
13 20
12 20
11 16
11 17
11 18
11 19
11 20
15 21
14 21
13 21
12 21
11 21
10 17
10 18
10 19
10 20
10 16
10 21
13 22
12 22
9 16
9 17
9 18
9 19
9 20
9 21
8 16
8 17
7 16
7 17
17 19
17 20
12 23
0
Yes
28 1
28 2
28 3
28 4
28 5
29 1
29 2
29 3
29 4
29 5
30 1
30 2
30 3
30 4
30 5
31 1
31 2
31 3
31 4
31 5
0
No
0
No
0
Yes
3 26
2 26
3 25
2 25
0
No
0
No
0
No
0
No
0
No
0
No
0
Yes
28 0
28 1
28 2
28 3
28 4
28 5
29 0
29 1
29 2
29 3
29 4
29 5
30 0
30 1
30 2
30 3
30 4
30 5
31 0
31 1
31 2
31 3
31 4
31 5
32 0
32 1
32 2
32 3
32 4
32 5
33 0
33 1
33 2
33 3
33 4
33 5
0
No
0
No
0
No
0
No
0
Yes
42 20
41 20
41 19
41 21
42 21
40 21
40 20
40 19
40 22
41 22
42 22
39 20
39 21
39 19
39 22
39 18
40 18
41 18
38 19
38 20
38 21
38 18
38 22
39 23
40 23
41 23
38 23
37 20
37 21
37 19
37 22
37 18
37 23
41 24
40 24
39 24
38 24
37 24
36 19
36 20
36 21
36 22
36 23
36 18
36 24
40 25
39 25
38 25
37 25
41 25
36 25
35 20
35 21
35 22
35 23
35 24
35 25
35 19
35 18
41 26
40 26
39 26
38 26
37 26
36 26
35 26
34 23
34 24
34 25
34 26
40 27
39 27
38 27
37 27
36 27
35 27
41 27
34 27
33 24
33 25
33 26
33 23
33 27
41 28
40 28
39 28
38 28
37 28
36 28
35 28
34 28
33 28
32 23
32 24
32 25
32 26
32 27
32 28
40 29
39 29
38 29
37 29
36 29
35 29
34 29
33 29
41 29
32 29
31 24
31 25
31 26
31 27
31 28
31 23
31 29
41 30
40 30
39 30
38 30
37 30
36 30
35 30
34 30
33 30
32 30
31 30
30 23
30 24
30 25
30 26
30 27
30 28
30 29
30 30
0
Yes
0 0
0 1
0 2
0 3
0 4
0 5
1 0
1 1
1 2
1 3
1 4
1 5
2 0
2 1
2 2
2 3
2 4
2 5
3 0
3 1
3 2
3 3
3 4
3 5
4 0
4 1
4 2
4 3
4 4
4 5
5 0
5 1
5 2
5 3
0
No
0
No
0
Yes
34 0
34 1
34 2
34 3
34 4
34 5
35 0
35 1
35 2
35 3
35 4
35 5
36 0
36 1
36 2
36 3
36 4
36 5
37 0
37 1
37 2
37 3
37 4
37 5
38 0
38 1
38 2
38 3
38 4
0
No
0
Yes
1 36
1 37
2 36
2 37
3 36
3 37
0
No
0
Yes
14 40
13 40
13 39
13 41
14 41
12 41
12 40
12 39
12 42
13 42
14 42
14 43
13 43
12 43
13 44
14 44
12 44
15 43
15 42
15 44
15 41
15 45
14 45
13 45
12 45
16 44
16 45
16 43
16 42
16 46
15 46
14 46
13 46
12 46
17 46
17 45
17 44
17 47
16 47
15 47
14 47
13 47
12 47
18 44
18 45
18 46
18 47
18 48
17 48
16 48
15 48
14 48
13 48
12 48
19 45
19 46
19 47
19 44
19 48
19 49
18 49
17 49
16 49
15 49
14 49
13 49
12 49
20 46
20 47
20 48
20 49
20 45
21 47
21 48
21 49
21 46
0
No
0
Yes
12 16
12 17
12 18
12 19
12 20
12 21
13 16
13 17
13 18
13 19
13 20
13 21
14 16
14 17
14 18
14 19
14 20
14 21
15 16
15 17
15 18
15 19
15 20
15 21
16 16
16 17
16 18
0
Yes
9 18
9 19
9 20
9 21
10 18
10 19
10 20
10 21
11 18
11 19
11 20
11 21
0
Yes
6 0
6 1
6 2
6 3
6 4
7 0
7 1
7 2
7 3
7 4
8 0
8 1
8 2
8 3
8 4
9 0
9 1
0
Yes
44 46
44 47
44 48
44 49
45 46
45 47
45 48
45 49
46 46
46 47
46 48
46 49
47 46
47 47
47 48
47 49
48 46
48 47
48 48
48 49
49 46
49 47
0
Yes
43 49
42 49
42 48
43 48
43 47
42 47
41 48
41 49
41 47
40 49
40 48
40 47
42 46
41 46
43 46
40 46
43 45
42 45
41 45
40 45
39 48
39 47
39 46
39 49
39 45
44 45
38 49
38 48
38 47
38 46
38 45
42 44
43 44
41 44
40 44
39 44
44 44
38 44
45 44
45 45
46 45
46 44
43 43
42 43
44 43
41 43
45 43
40 43
39 43
46 43
38 43
37 48
37 47
37 46
37 45
37 44
37 49
37 43
47 44
47 45
47 43
48 45
48 44
48 43
36 49
36 48
36 47
36 46
36 45
36 44
36 43
42 42
43 42
44 42
41 42
45 42
40 42
46 42
39 42
47 42
38 42
37 42
48 42
36 42
49 44
49 43
49 45
49 42
35 44
35 43
35 42
34 43
34 44
34 42
33 44
33 43
33 42
32 43
32 44
32 42
31 44
31 43
31 42
0
No
0
No
0
No
0
No
0
Yes
34 6
34 7
34 8
35 6
35 7
35 8
36 6
36 7
36 8
37 6
37 7
37 8
38 6
38 7
0
Yes
30 46
30 47
30 48
30 49
31 46
31 47
31 48
31 49
32 46
32 47
32 48
32 49
33 46
33 47
33 48
33 49
0
No
0
Yes
14 35
14 36
14 37
14 38
15 35
15 36
15 37
15 38
16 35
16 36
16 37
16 38
17 35
17 36
0
No
1
127
12 44
12 45
12 46
12 47
12 48
12 49
13 44
13 45
13 46
13 47
13 48
13 49
14 44
14 45
14 46
14 47
14 48
14 49
15 44
15 45
15 46
15 47
15 48
15 49
16 44
16 45
16 46
16 47
16 48
16 49
17 44
17 45
17 46
17 47
17 48
17 49
18 44
18 45
18 46
18 47
18 48
18 49
Yes
30 31
30 32
30 33
30 34
30 35
30 36
30 37
30 38
30 39
30 40
30 41
31 31
31 32
31 33
31 34
31 35
31 36
31 37
31 38
31 39
31 40
31 41
32 31
32 32
32 33
32 34
32 35
32 36
32 37
32 38
32 39
32 40
32 41
33 31
33 32
33 33
33 34
33 35
33 36
33 37
33 38
33 39
33 40
33 41
34 31
34 32
34 33
34 34
34 35
34 36
34 37
34 38
34 39
34 40
34 41
35 31
35 32
35 33
35 34
35 35
35 36
35 37
35 38
35 39
35 40
35 41
36 31
36 32
36 33
36 34
36 35
36 36
36 37
36 38
36 39
36 40
36 41
37 31
37 32
37 33
37 34
37 35
37 36
37 37
37 38
37 39
37 40
37 41
38 31
38 32
38 33
38 34
38 35
38 36
38 37
38 38
38 39
38 40
38 41
39 31
39 32
39 33
39 34
39 35
39 36
39 37
39 38
39 39
39 40
39 41
40 31
40 32
40 33
40 34
40 35
40 36
40 37
40 38
40 39
40 40
40 41
41 31
41 32
41 33
41 34
41 35
0
Yes
46 24
46 25
46 26
46 27
46 28
47 24
47 25
47 26
47 27
47 28
48 24
48 25
48 26
48 27
48 28
49 24
49 25
49 26
49 27
49 28
0
Yes
16 32
16 33
16 34
17 32
17 33
17 34
18 32
0
Yes
10 16
10 17
10 18
10 19
10 20
10 21
11 16
11 17
11 18
11 19
11 20
11 21
12 16
12 17
12 18
12 19
12 20
12 21
13 16
13 17
13 18
13 19
13 20
13 21
14 16
14 17
14 18
14 19
14 20
14 21
15 16
15 17
15 18
15 19
15 20
15 21
16 16
16 17
16 18
16 19
0
Yes
34 0
34 1
34 2
34 3
34 4
34 5
34 6
35 0
35 1
35 2
35 3
35 4
35 5
35 6
36 0
36 1
36 2
36 3
36 4
36 5
36 6
37 0
37 1
37 2
37 3
37 4
37 5
37 6
38 0
38 1
38 2
38 3
0
No
0
No
0
No
0
No
0
Yes
19 19
19 20
19 21
19 22
19 23
19 24
20 19
20 20
20 21
20 22
20 23
20 24
21 19
21 20
21 21
21 22
21 23
21 24
22 19
22 20
22 21
22 22
22 23
22 24
23 19
23 20
23 21
23 22
23 23
23 24
24 19
24 20
24 21
24 22
24 23
24 24
25 19
25 20
25 21
25 22
25 23
25 24
26 19
26 20
26 21
26 22
26 23
26 24
27 19
27 20
27 21
27 22
27 23
27 24
28 19
28 20
28 21
28 22
28 23
28 24
0
No
0
No
0
Yes
27 30
26 30
26 29
27 29
26 28
27 28
28 28
28 29
28 30
25 28
25 29
25 30
28 31
27 31
26 31
25 31
29 30
29 29
29 31
29 28
28 27
27 27
26 27
25 27
29 27
24 30
24 29
24 28
24 31
24 27
27 32
26 32
28 32
29 32
25 32
27 26
26 26
28 26
25 26
29 26
24 26
23 29
23 28
23 30
23 27
23 31
23 26
28 33
27 33
29 33
26 33
26 25
27 25
25 25
28 25
24 25
23 25
0
No
0
No
0
Yes
34 0
34 1
34 2
34 3
34 4
34 5
34 6
35 0
35 1
35 2
35 3
35 4
35 5
35 6
36 0
36 1
36 2
36 3
36 4
36 5
36 6
37 0
37 1
37 2
37 3
37 4
37 5
37 6
38 0
38 1
38 2
38 3
38 4
38 5
38 6
39 0
39 1
39 2
39 3
39 4
39 5
39 6
40 0
40 1
40 2
40 3
40 4
40 5
40 6
41 0
41 1
41 2
41 3
41 4
41 5
41 6
42 0
42 1
42 2
42 3
42 4
42 5
42 6
43 0
43 1
43 2
43 3
43 4
43 5
43 6
44 0
44 1
44 2
44 3
44 4
44 5
44 6
45 0
45 1
45 2
45 3
45 4
45 5
45 6
46 0
46 1
46 2
46 3
46 4
46 5
46 6
47 0
47 1
47 2
47 3
47 4
0
No
0
No
0
No
0
Yes
1 34
0 34
0 35
1 33
0 33
0
Yes
30 31
30 32
30 33
30 34
30 35
30 36
30 37
30 38
30 39
30 40
30 41
31 31
31 32
31 33
31 34
31 35
31 36
31 37
31 38
31 39
31 40
31 41
32 31
32 32
32 33
32 34
32 35
32 36
32 37
32 38
32 39
32 40
32 41
33 31
33 32
33 33
33 34
33 35
33 36
33 37
33 38
33 39
33 40
33 41
34 31
34 32
34 33
34 34
34 35
34 36
34 37
34 38
34 39
34 40
34 41
35 31
35 32
35 33
35 34
35 35
35 36
35 37
35 38
35 39
35 40
35 41
36 31
36 32
36 33
36 34
36 35
36 36
36 37
36 38
36 39
36 40
36 41
37 31
37 32
37 33
37 34
37 35
37 36
37 37
37 38
37 39
37 40
37 41
38 31
38 32
38 33
38 34
38 35
38 36
38 37
38 38
38 39
38 40
38 41
39 31
39 32
39 33
39 34
39 35
39 36
39 37
39 38
39 39
39 40
39 41
40 31
40 32
40 33
40 34
40 35
40 36
40 37
40 38
40 39
40 40
40 41
41 31
41 32
41 33
41 34
41 35
41 36
41 37
41 38
41 39
0
No
0
No
0
No
0
No
0
Yes
0 18
0 19
0 20
0 21
0 22
0 23
0 24
1 18
1 19
1 20
1 21
1 22
1 23
1 24
2 18
2 19
2 20
2 21
2 22
2 23
2 24
3 18
3 19
3 20
3 21
3 22
3 23
3 24
4 18
4 19
4 20
4 21
4 22
4 23
4 24
5 18
5 19
5 20
5 21
5 22
5 23
0
Yes
34 0
34 1
34 2
34 3
35 0
35 1
35 2
35 3
36 0
36 1
36 2
36 3
37 0
37 1
37 2
37 3
0
No
0
Yes
48 6
48 5
47 5
49 5
49 6
49 4
48 4
47 4
48 3
47 3
49 3
49 2
48 2
47 2
46 3
46 4
46 5
46 2
48 1
47 1
49 1
46 1
45 5
45 4
45 3
45 2
45 1
47 0
46 0
45 0
48 0
49 0
44 4
44 3
44 2
44 1
44 5
0
No
0
No
0
No
0
No
0
No
0
No
0
Yes
46 35
45 35
46 34
46 36
47 35
45 34
45 36
47 34
47 36
44 35
46 33
46 37
48 35
44 34
44 36
45 33
45 37
47 33
47 37
48 34
48 36
44 33
44 37
48 33
48 37
43 35
46 32
46 38
49 35
43 34
43 36
45 32
45 38
47 32
47 38
49 34
49 36
43 33
43 37
44 32
44 38
48 32
48 38
49 33
49 37
42 35
46 31
46 39
42 34
42 36
45 31
45 39
47 31
47 39
43 32
43 38
49 32
49 38
42 33
42 37
44 31
44 39
48 31
48 39
42 32
42 38
43 31
43 39
46 30
46 40
49 31
49 39
45 30
45 40
47 30
47 40
44 30
44 40
48 30
48 40
42 31
42 39
43 30
43 40
49 30
49 40
46 29
46 41
45 29
45 41
47 29
47 41
44 29
44 41
48 29
48 41
42 30
42 40
43 29
43 41
49 29
49 41
46 28
45 28
47 28
42 29
42 41
44 28
48 28
43 28
49 28
0
No
0
No
0
Yes
2 37
1 37
2 36
3 37
1 36
3 36
0 37
0
No
0
Yes
13 19
14 19
13 18
13 20
14 18
14 20
12 19
15 19
12 18
12 20
15 18
15 20
13 17
13 21
14 17
14 21
11 19
12 17
12 21
15 17
15 21
16 19
11 18
11 20
16 18
16 20
13 16
14 16
11 17
11 21
16 17
12 16
15 16
10 19
10 18
10 20
11 16
16 16
10 17
10 21
10 16
0
No
0
No
0
No
0
Yes
48 21
47 21
47 22
48 22
47 23
48 23
47 24
48 24
49 24
49 23
49 22
49 25
48 25
47 25
48 26
47 26
49 26
46 25
46 24
46 23
46 26
0
No
0
No
0
Yes
0 18
0 19
1 19
1 18
2 19
2 18
2 20
1 20
0 20
0 21
1 21
2 21
3 20
3 19
3 18
3 21
1 22
2 22
0 22
3 22
4 18
4 19
4 20
4 21
4 22
0 23
1 23
2 23
3 23
4 23
5 19
5 20
5 21
5 22
5 18
5 23
1 24
2 24
3 24
4 24
5 24
0 24
6 18
6 19
6 20
6 21
6 22
0
No
0
Yes
41 0
40 0
40 1
41 1
40 2
41 2
42 2
42 1
42 0
39 2
39 1
39 0
43 0
43 1
43 2
42 3
41 3
40 3
39 3
43 3
38 0
38 1
38 2
38 3
41 4
40 4
42 4
39 4
43 4
38 4
40 5
41 5
42 5
39 5
43 5
38 5
41 6
40 6
42 6
39 6
38 6
43 6
40 7
39 7
0
Yes
36 6
35 6
36 5
36 7
37 6
35 5
35 7
37 5
37 7
34 6
36 4
34 5
34 7
35 4
37 4
34 4
0
No
0
No
0
No
0
Yes
47 38
47 39
48 38
48 39
46 38
46 39
47 37
47 40
48 37
48 40
49 38
49 39
46 37
46 40
49 37
49 40
45 38
45 39
47 36
47 41
48 36
48 41
45 37
45 40
46 36
46 41
49 36
49 41
45 36
45 41
47 35
48 35
46 35
49 35
0
No
0
No
0
Yes
35 49
34 49
34 48
35 48
34 47
35 47
33 47
33 48
33 49
32 49
32 48
32 47
33 46
34 46
35 46
32 46
31 48
31 47
31 49
31 46
35 45
34 45
33 45
32 45
31 45
30 49
0
Yes
49 29
48 29
48 28
49 28
48 27
49 27
47 27
47 28
47 29
47 30
48 30
49 30
46 29
46 28
46 30
46 27
49 31
48 31
47 31
46 31
45 28
45 29
45 30
45 27
45 31
48 32
47 32
46 32
49 32
45 32
44 29
44 30
44 28
44 31
44 27
44 32
49 33
48 33
47 33
46 33
45 33
44 33
43 28
43 29
43 30
43 31
43 32
43 27
43 33
48 34
47 34
46 34
45 34
44 34
43 34
49 34
43 26
44 26
45 26
42 29
42 28
42 30
42 31
42 32
42 27
42 33
42 26
42 34
45 35
44 35
0
No
0
Yes
8 19
8 20
9 19
9 20
7 19
7 20
8 18
8 21
9 18
9 21
7 18
7 21
8 17
8 22
9 17
9 22
7 17
7 22
8 16
9 16
7 16
0
No
0
No
0
No
0
No
0
No
0
Yes
49 27
48 27
48 28
49 28
49 29
48 29
47 28
47 27
47 29
46 27
46 28
46 29
48 30
47 30
49 30
46 30
49 31
48 31
47 31
46 31
45 28
45 29
45 30
45 27
45 31
45 26
44 27
44 28
44 29
44 30
44 26
44 31
48 32
47 32
46 32
45 32
49 32
44 32
44 25
45 25
45 24
44 24
49 33
48 33
47 33
46 33
45 33
44 33
43 26
43 27
43 28
43 25
43 29
43 30
43 31
43 32
43 24
43 33
44 23
45 23
43 23
45 22
44 22
43 22
42 27
42 26
42 28
42 25
42 29
42 24
42 30
42 23
42 31
42 32
42 33
48 34
47 34
46 34
45 34
44 34
43 34
49 34
42 34
44 21
45 21
0
No
0
No
0
No
0
No
0
No
0
No
0
Yes
48 48
47 48
48 47
48 49
49 48
47 47
47 49
49 47
49 49
46 48
48 46
46 47
46 49
47 46
49 46
46 46
0
Yes
45 48
44 48
45 47
45 49
44 47
44 49
45 46
44 46
0
No
0
No
0
Yes
22 3
21 3
22 2
23 3
21 2
23 2
20 3
0
Yes
49 27
48 27
48 28
49 28
49 29
48 29
47 28
47 27
47 29
46 27
46 28
46 29
48 30
47 30
49 30
46 30
49 31
48 31
47 31
46 31
45 28
45 29
45 30
45 27
45 31
45 26
44 27
44 28
44 29
44 30
44 26
44 31
48 32
47 32
46 32
45 32
49 32
44 32
44 25
45 25
45 24
44 24
49 33
48 33
47 33
46 33
45 33
44 33
43 26
43 27
43 28
43 25
43 29
43 30
43 31
43 32
43 24
43 33
44 23
45 23
43 23
45 22
44 22
43 22
42 27
42 26
42 28
42 25
42 29
42 24
42 30
42 23
42 31
42 32
42 33
48 34
47 34
46 34
45 34
44 34
43 34
49 34
42 34
0
Yes
2 2
1 2
2 1
2 3
3 2
1 1
1 3
3 1
3 3
0 2
2 0
0 1
0 3
1 0
3 0
0 0
0
No
0
No
0
Yes
8 30
8 31
9 31
7 30
7 31
8 29
7 29
0
No
0
Yes
9 33
8 33
9 32
8 32
10 32
7 33
7 32
0
No
0
No
0
Yes
31 31
31 32
31 33
31 34
31 35
31 36
31 37
31 38
31 39
31 40
31 41
32 31
32 32
32 33
32 34
32 35
32 36
32 37
32 38
32 39
32 40
32 41
33 31
33 32
33 33
33 34
33 35
33 36
33 37
33 38
33 39
33 40
33 41
34 31
34 32
34 33
34 34
34 35
34 36
34 37
34 38
34 39
34 40
34 41
35 31
35 32
35 33
35 34
35 35
35 36
35 37
35 38
35 39
35 40
35 41
36 31
36 32
36 33
36 34
36 35
36 36
36 37
36 38
36 39
36 40
36 41
37 31
37 32
37 33
37 34
37 35
37 36
37 37
37 38
37 39
37 40
37 41
38 31
38 32
38 33
38 34
38 35
38 36
38 37
38 38
38 39
38 40
38 41
39 31
39 32
39 33
39 34
39 35
39 36
39 37
39 38
39 39
39 40
39 41
40 31
40 32
40 33
40 34
40 35
40 36
40 37
40 38
40 39
40 40
40 41
41 31
41 32
41 33
41 34
41 35
41 36
41 37
41 38
41 39
0
No
0
Yes
40 3
40 4
41 3
41 4
39 3
39 4
40 2
40 5
41 2
41 5
42 3
42 4
39 2
39 5
42 2
42 5
38 3
38 4
40 1
40 6
41 1
41 6
43 3
43 4
38 2
38 5
39 1
39 6
42 1
42 6
43 2
43 5
37 3
37 4
38 1
38 6
40 0
41 0
43 1
43 6
37 2
37 5
39 0
42 0
37 1
37 6
38 0
43 0
37 0
0
No
0
Yes
2 20
1 20
1 19
2 19
1 18
2 18
3 18
3 19
3 20
0 18
0 19
0 20
3 21
2 21
1 21
0 21
4 20
4 19
4 21
4 18
3 17
2 17
1 17
0 17
4 17
2 22
1 22
3 22
0 22
4 22
5 19
5 20
5 21
5 18
5 22
5 17
2 16
3 16
1 16
4 16
0 16
5 16
1 23
2 23
3 23
4 23
0 23
5 23
6 20
6 19
6 21
6 18
6 22
6 17
6 23
6 16
1 15
2 15
3 15
4 15
5 15
0 15
6 15
2 24
3 24
4 24
1 24
5 24
6 24
0 24
7 19
7 20
7 21
7 18
7 22
7 17
7 23
7 16
7 24
7 15
2 14
3 14
4 14
5 14
1 14
6 14
0 14
7 14
8 20
8 19
8 21
8 18
8 22
8 17
8 23
8 16
8 24
1 13
2 13
3 13
4 13
5 13
6 13
0 13
7 13
9 19
9 20
9 21
9 18
9 17
9 16
9 22
9 23
2 12
3 12
4 12
5 12
1 12
6 12
0 12
7 12
10 20
10 19
10 18
10 21
10 17
10 16
1 11
2 11
3 11
4 11
5 11
6 11
0 11
0
Yes
20 13
20 14
20 15
21 13
21 14
21 15
22 13
22 14
22 15
0
No
0
Yes
37 27
38 27
37 26
37 28
38 26
38 28
36 27
39 27
36 26
36 28
39 26
39 28
37 25
37 29
38 25
38 29
35 27
36 25
36 29
39 25
39 29
40 27
35 26
35 28
40 26
40 28
37 24
37 30
38 24
38 30
35 25
35 29
40 25
40 29
36 24
36 30
39 24
39 30
34 27
41 27
34 26
34 28
41 26
41 28
35 24
35 30
40 24
40 30
34 25
34 29
37 23
38 23
41 25
41 29
36 23
39 23
33 27
33 26
33 28
34 24
34 30
41 24
41 30
35 23
40 23
33 25
33 29
34 23
41 23
33 24
33 30
33 23
0
Yes
28 22
27 22
27 21
28 21
27 20
28 20
26 20
26 21
26 22
26 23
27 23
28 23
25 22
25 21
25 23
25 20
26 19
25 19
27 19
28 19
28 24
27 24
26 24
25 24
24 21
24 22
24 23
24 20
24 24
24 19
27 25
26 25
25 25
28 25
24 25
23 22
23 21
23 23
23 20
23 24
23 19
23 25
28 26
27 26
26 26
25 26
24 26
23 26
29 25
29 24
29 23
29 26
22 21
22 22
22 23
22 24
22 20
22 25
22 19
22 26
27 27
26 27
25 27
24 27
28 27
23 27
29 27
22 27
30 23
30 24
30 25
30 26
30 27
21 22
21 21
21 23
21 24
21 25
21 20
21 26
21 19
21 27
28 28
27 28
26 28
25 28
24 28
29 28
23 28
22 28
30 28
31 24
31 25
31 26
31 27
31 23
31 28
20 21
20 22
20 23
20 24
20 25
20 20
20 26
20 19
20 27
27 29
28 29
29 29
26 29
25 29
24 29
30 29
23 29
31 29
22 29
32 23
32 24
32 25
32 26
32 27
32 28
32 29
19 22
19 21
19 23
19 24
19 20
19 19
19 25
19 26
20 18
21 18
22 18
19 18
0
Yes
35 18
35 19
36 19
36 18
37 19
37 18
37 20
36 20
35 20
35 21
36 21
37 21
38 20
38 19
38 18
38 21
36 22
37 22
38 22
35 22
39 18
39 19
39 20
39 21
39 22
40 19
40 20
40 21
40 18
40 22
41 18
41 19
0
Yes
34 3
34 4
33 3
33 4
35 3
35 4
34 2
34 5
33 2
33 5
35 2
35 5
32 3
32 4
36 3
36 4
32 2
32 5
34 1
34 6
36 2
36 5
33 1
33 6
35 1
35 6
31 3
31 4
32 1
32 6
36 1
36 6
31 2
31 5
34 0
33 0
35 0
31 1
32 0
36 0
31 0
0
Yes
0 4
0 5
1 5
1 4
2 5
2 4
2 6
1 6
0 6
0 7
1 7
2 7
3 6
3 5
3 4
3 7
1 8
2 8
0 8
3 8
4 4
4 5
4 6
4 7
4 8
0 9
1 9
2 9
3 9
4 9
5 5
5 6
5 7
5 8
5 4
5 9
1 10
2 10
3 10
4 10
5 10
0 10
6 4
6 5
6 6
6 7
6 8
6 9
6 10
6 3
5 3
4 3
7 5
7 6
7 7
7 8
7 4
7 9
7 3
7 10
4 2
5 2
6 2
7 2
8 4
8 5
8 6
8 7
8 8
8 3
8 9
8 2
8 10
5 1
6 1
7 1
4 1
8 1
9 3
9 4
9 5
9 6
9 7
9 8
9 2
0
No
0
Yes
17 15
16 15
16 14
17 14
16 13
17 13
18 13
18 14
18 15
15 13
15 14
15 15
18 16
17 16
16 16
15 16
19 15
19 16
19 14
19 13
18 12
17 12
16 12
15 12
14 15
14 14
14 13
14 16
14 12
17 17
16 17
18 17
15 17
19 17
14 17
17 11
16 11
15 11
18 11
14 11
13 14
13 15
13 13
13 16
13 12
13 17
13 11
16 18
15 18
17 18
18 18
14 18
13 18
16 10
15 10
17 10
14 10
13 10
18 10
12 15
12 14
12 16
12 13
12 12
12 17
12 11
12 18
12 10
17 19
16 19
15 19
14 19
13 19
18 19
12 19
17 9
16 9
15 9
14 9
13 9
12 9
11 14
11 15
11 16
11 13
11 17
11 12
11 11
11 18
11 10
11 19
11 9
16 20
15 20
14 20
13 20
17 20
12 20
18 20
11 20
16 8
15 8
14 8
13 8
12 8
0
No
0
Yes
27 2
28 2
27 1
27 3
28 1
28 3
26 2
29 2
26 1
26 3
29 1
29 3
27 0
28 0
25 2
26 0
29 0
30 2
25 1
25 3
30 1
30 3
25 0
30 0
24 2
24 1
24 0
0
Yes
41 40
41 41
42 41
42 40
43 41
43 40
44 41
44 40
44 39
43 39
42 39
42 38
43 38
44 38
43 37
42 37
44 37
0
No
0
No
0
Yes
29 5
30 5
29 4
30 4
28 5
28 4
0
No
0
Yes
37 20
37 21
36 20
36 21
38 20
38 21
37 19
37 22
36 19
36 22
38 19
38 22
35 20
35 21
35 19
35 22
37 18
36 18
38 18
0
No
0
No
0
No
0
No
0
Yes
28 32
27 32
28 31
28 33
29 32
27 31
27 33
29 31
29 33
26 32
28 30
30 32
26 31
26 33
27 30
29 30
30 31
30 33
26 30
30 30
25 32
25 31
0
Yes
5 14
6 14
5 13
5 15
6 13
6 15
4 14
7 14
4 13
4 15
7 13
7 15
5 12
5 16
6 12
6 16
3 14
4 12
4 16
7 12
7 16
8 14
3 13
3 15
8 13
8 15
5 11
6 11
3 12
3 16
8 12
8 16
4 11
7 11
2 14
9 14
2 13
2 15
9 13
9 15
3 11
8 11
2 12
2 16
9 12
9 16
1 14
10 14
1 13
1 15
2 11
9 11
10 13
10 15
1 12
1 16
10 12
10 16
1 11
10 11
0 14
0 13
0 15
0 12
0 16
0
No
0
No
0
Yes
42 2
41 2
41 1
42 1
41 0
42 0
43 0
43 1
43 2
40 0
40 1
40 2
43 3
42 3
41 3
40 3
39 2
39 1
39 3
39 0
42 4
41 4
40 4
43 4
39 4
38 1
38 2
38 3
38 0
38 4
41 5
40 5
42 5
39 5
43 5
38 5
37 2
37 3
37 4
37 5
37 1
37 0
42 6
41 6
40 6
39 6
38 6
37 6
43 6
40 7
39 7
38 7
0
Yes
5 21
4 21
5 20
5 22
6 21
4 20
4 22
6 20
6 22
3 21
5 19
5 23
7 21
3 20
3 22
4 19
4 23
6 19
6 23
7 20
7 22
3 19
3 23
7 19
7 23
2 21
5 18
5 24
8 21
2 20
2 22
4 18
4 24
6 18
6 24
8 20
8 22
2 19
2 23
3 18
3 24
7 18
7 24
8 19
8 23
1 21
5 17
9 21
1 20
1 22
4 17
6 17
9 20
9 22
2 18
2 24
8 18
8 24
1 19
1 23
3 17
7 17
9 19
9 23
0 21
1 18
1 24
2 17
8 17
9 18
0 20
0 22
0 19
0 23
1 17
9 17
0 18
0 24
0 17
0
No
0
Yes
21 17
22 17
21 16
22 16
20 17
20 16
0
No
0
No
0
Yes
40 20
41 20
40 19
40 21
41 19
41 21
39 20
39 19
39 21
40 18
41 18
39 18
0
No
2
242
29 45
29 46
29 47
29 48
29 49
30 45
30 46
30 47
30 48
30 49
31 45
31 46
31 47
31 48
31 49
32 45
32 46
32 47
32 48
32 49
33 45
33 46
33 47
33 48
33 49
34 45
34 46
34 47
34 48
34 49
35 45
35 46
35 47
35 48
291
14 34
14 35
14 36
14 37
14 38
15 34
15 35
15 36
15 37
15 38
16 34
16 35
16 36
16 37
16 38
17 34
17 35
Yes
42 35
42 36
42 37
42 38
42 39
42 40
42 41
43 35
43 36
43 37
43 38
43 39
43 40
43 41
44 35
44 36
44 37
44 38
44 39
44 40
44 41
45 35
45 36
45 37
45 38
45 39
45 40
45 41
46 35
46 36
46 37
46 38
46 39
46 40
46 41
47 35
47 36
47 37
47 38
47 39
47 40
47 41
48 35
48 36
48 37
48 38
48 39
48 40
48 41
49 35
0
Yes
34 31
34 32
34 33
34 34
34 35
34 36
34 37
34 38
34 39
34 40
34 41
35 31
35 32
35 33
35 34
35 35
35 36
35 37
35 38
35 39
35 40
35 41
36 31
36 32
36 33
36 34
36 35
36 36
36 37
36 38
36 39
36 40
36 41
37 31
37 32
37 33
37 34
37 35
37 36
37 37
37 38
37 39
37 40
37 41
38 31
38 32
38 33
38 34
38 35
38 36
38 37
38 38
38 39
38 40
38 41
39 31
39 32
39 33
39 34
39 35
39 36
39 37
39 38
39 39
39 40
39 41
40 31
40 32
40 33
40 34
40 35
40 36
40 37
40 38
40 39
40 40
40 41
41 31
41 32
41 33
41 34
41 35
41 36
41 37
41 38
41 39
41 40
41 41
0
No
0
No
0
Yes
32 32
33 32
32 31
32 33
33 31
33 33
31 32
31 31
31 33
32 30
31 30
0
Yes
48 43
47 43
47 42
48 42
47 44
48 44
49 44
49 43
49 42
46 44
46 43
46 42
49 45
48 45
47 45
46 45
45 43
45 44
45 42
45 45
44 42
44 43
44 44
1
318
0 11
0 12
0 13
0 14
0 15
0 16
1 11
1 12
1 13
1 14
1 15
1 16
2 11
2 12
2 13
2 14
2 15
2 16
3 11
3 12
3 13
3 14
3 15
Yes
36 42
36 43
36 44
36 45
36 46
36 47
36 48
36 49
37 42
37 43
37 44
37 45
37 46
37 47
37 48
37 49
38 42
38 43
38 44
38 45
38 46
38 47
38 48
38 49
39 42
39 43
39 44
39 45
39 46
39 47
39 48
39 49
40 42
40 43
40 44
40 45
40 46
40 47
40 48
40 49
41 42
41 43
41 44
41 45
41 46
41 47
41 48
41 49
42 42
42 43
42 44
42 45
42 46
42 47
42 48
42 49
43 42
43 43
43 44
43 45
43 46
43 47
43 48
43 49
44 42
44 43
44 44
44 45
44 46
44 47
44 48
44 49
45 42
45 43
45 44
45 45
45 46
45 47
45 48
45 49
46 42
46 43
0
No
0
No
0
No
0
No
0
No
0
No
0
Yes
46 31
45 31
46 30
46 32
47 31
45 30
45 32
47 30
47 32
44 31
46 29
46 33
48 31
44 30
44 32
45 29
45 33
47 29
47 33
48 30
48 32
44 29
44 33
48 29
48 33
43 31
46 28
46 34
49 31
43 30
43 32
45 28
45 34
47 28
47 34
49 30
49 32
43 29
43 33
44 28
44 34
48 28
48 34
49 29
49 33
42 31
46 27
42 30
42 32
45 27
47 27
43 28
43 34
49 28
49 34
42 29
42 33
44 27
48 27
42 28
42 34
43 27
0
Yes
14 36
14 37
15 36
15 37
13 36
13 37
14 35
14 38
15 35
15 38
16 36
16 37
13 35
13 38
16 35
16 38
12 36
12 37
14 34
15 34
12 35
12 38
13 34
16 34
12 34
0
Yes
41 46
40 46
41 45
41 47
42 46
40 45
40 47
42 45
42 47
39 46
41 44
41 48
43 46
39 45
39 47
40 44
40 48
42 44
42 48
43 45
43 47
39 44
39 48
43 44
43 48
38 46
41 43
41 49
44 46
38 45
38 47
40 43
40 49
42 43
42 49
44 45
44 47
38 44
38 48
39 43
39 49
43 43
43 49
44 44
44 48
37 46
41 42
45 46
37 45
37 47
40 42
42 42
45 45
45 47
38 43
38 49
44 43
44 49
37 44
37 48
39 42
43 42
45 44
45 48
36 46
37 43
37 49
38 42
44 42
45 43
45 49
36 45
36 47
46 45
36 44
36 48
46 44
37 42
45 42
36 43
36 49
46 43
35 46
35 45
35 47
35 44
35 48
36 42
46 42
35 43
35 49
0
No
0
Yes
44 24
44 25
43 24
43 25
45 24
45 25
44 23
44 26
43 23
43 26
45 23
45 26
42 24
42 25
42 23
42 26
44 22
43 22
45 22
42 22
0
Yes
37 36
36 36
37 35
37 37
38 36
36 35
36 37
38 35
38 37
35 36
37 34
37 38
39 36
35 35
35 37
36 34
36 38
38 34
38 38
39 35
39 37
35 34
35 38
39 34
39 38
34 36
37 33
37 39
40 36
34 35
34 37
36 33
36 39
38 33
38 39
40 35
40 37
34 34
34 38
35 33
35 39
39 33
39 39
40 34
40 38
33 36
37 32
37 40
41 36
33 35
33 37
36 32
36 40
38 32
38 40
41 35
41 37
34 33
34 39
40 33
40 39
33 34
33 38
35 32
35 40
39 32
39 40
41 34
41 38
32 36
33 33
33 39
34 32
34 40
37 31
37 41
40 32
40 40
41 33
41 39
32 35
32 37
36 31
36 41
38 31
38 41
32 34
32 38
35 31
35 41
39 31
39 41
33 32
33 40
41 32
41 40
32 33
32 39
34 31
34 41
40 31
40 41
37 30
36 30
38 30
35 30
39 30
32 32
32 40
33 31
33 41
41 31
41 41
34 30
40 30
32 31
32 41
33 30
41 30
0
Yes
28 49
27 49
27 48
28 48
29 48
29 49
28 47
27 47
29 47
30 49
30 48
30 47
26 48
26 49
26 47
25 49
25 48
25 47
27 46
28 46
29 46
26 46
30 46
31 48
31 47
31 49
31 46
32 49
32 48
32 47
32 46
24 48
24 49
24 47
29 45
30 45
31 45
32 45
23 49
23 48
23 47
24 46
23 46
33 48
33 47
33 46
33 49
33 45
30 44
31 44
32 44
29 44
33 44
34 49
34 48
34 47
34 46
34 45
34 44
22 48
22 47
22 49
29 43
30 43
31 43
32 43
33 43
34 43
28 43
21 49
21 48
21 47
30 42
31 42
32 42
33 42
34 42
21 46
20 48
20 47
20 49
20 46
31 41
30 41
29 41
20 45
19 49
19 48
19 47
19 46
19 45
29 40
30 40
0
No
0
No
0
Yes
6 0
5 0
5 1
6 1
5 2
6 2
7 2
7 1
7 0
4 2
4 1
4 0
8 0
8 1
8 2
7 3
6 3
5 3
4 3
8 3
3 0
3 1
3 2
3 3
9 1
9 2
9 3
9 0
6 4
5 4
7 4
4 4
8 4
3 4
9 4
2 1
2 2
2 3
2 0
2 4
5 5
6 5
7 5
4 5
8 5
3 5
9 5
2 5
1 0
1 1
1 2
1 3
1 4
1 5
10 5
10 4
10 3
6 6
5 6
7 6
4 6
8 6
3 6
9 6
2 6
10 6
1 6
0 1
0 2
0 3
0 4
0 5
0 6
0 0
5 7
6 7
7 7
4 7
8 7
3 7
2 7
9 7
1 7
10 7
0 7
6 8
5 8
7 8
4 8
8 8
3 8
0
No
0
No
0
Yes
46 46
46 47
46 48
46 49
47 46
47 47
47 48
47 49
48 46
48 47
48 48
48 49
49 46
49 47
49 48
49 49
0
Yes
35 26
35 27
34 26
34 27
36 26
36 27
35 25
35 28
34 25
34 28
36 25
36 28
33 26
33 27
33 25
33 28
35 24
35 29
34 24
34 29
36 24
36 29
33 24
33 29
35 23
34 23
36 23
33 23
0
No
0
No
0
No
0
No
0
Yes
42 27
41 27
41 26
41 28
40 28
40 27
40 26
39 27
39 26
39 28
38 28
38 27
38 26
39 25
40 25
41 25
38 25
39 29
38 29
40 29
41 29
37 27
37 26
37 25
37 28
37 29
0
Yes
44 0
43 0
43 1
42 1
42 0
41 1
41 0
41 2
42 2
43 2
40 2
40 1
40 0
43 3
42 3
41 3
40 3
39 0
39 1
39 2
39 3
42 4
41 4
40 4
43 4
39 4
38 1
38 2
38 3
38 0
38 4
43 5
42 5
41 5
40 5
39 5
38 5
37 0
37 1
37 2
37 3
37 4
37 5
0
Yes
49 45
48 45
48 44
49 44
48 43
49 43
47 43
47 44
47 45
47 42
48 42
0
No
0
Yes
3 12
2 12
2 11
3 11
2 10
3 10
4 10
4 11
4 12
1 10
1 11
1 12
4 13
3 13
2 13
1 13
5 12
5 11
5 13
5 10
4 9
3 9
2 9
1 9
5 9
0 12
0 11
0 10
0 13
0 9
3 14
2 14
4 14
1 14
5 14
0 14
6 11
6 12
6 13
6 10
6 14
6 9
2 8
1 8
0 8
0
Yes
48 24
48 25
47 24
47 25
49 24
49 25
48 23
48 26
47 23
47 26
49 23
49 26
46 24
46 25
46 23
46 26
48 22
47 22
49 22
0
Yes
45 38
44 38
45 37
45 39
46 38
44 37
44 39
46 37
46 39
43 38
45 36
45 40
47 38
43 37
43 39
44 36
44 40
46 36
46 40
47 37
47 39
43 36
43 40
47 36
47 40
42 38
45 35
42 37
42 39
44 35
46 35
42 36
42 40
43 35
47 35
42 35
3
339
12 34
12 35
12 36
12 37
12 38
13 34
13 35
13 36
13 37
13 38
14 34
14 35
14 36
14 37
14 38
15 34
15 35
15 36
15 37
15 38
16 34
16 35
16 36
16 37
16 38
17 34
17 35
17 36
296
7 12
7 13
7 14
7 15
7 16
8 12
8 13
8 14
8 15
8 16
9 12
9 13
9 14
9 15
9 16
10 12
10 13
10 14
10 15
311
8 34
8 35
8 36
8 37
9 34
9 35
9 36
9 37
10 34
10 35
10 36
10 37
Yes
35 18
35 19
35 20
35 21
35 22
35 23
35 24
35 25
35 26
35 27
36 18
36 19
36 20
36 21
36 22
36 23
36 24
36 25
36 26
36 27
37 18
37 19
37 20
37 21
37 22
37 23
37 24
37 25
37 26
37 27
38 18
38 19
38 20
38 21
38 22
38 23
38 24
38 25
38 26
38 27
39 18
39 19
39 20
39 21
39 22
39 23
39 24
39 25
39 26
39 27
40 18
40 19
40 20
40 21
40 22
40 23
40 24
40 25
40 26
40 27
41 18
41 19
41 20
41 21
41 22
41 23
41 24
41 25
41 26
41 27
0
No
0
Yes
27 35
27 34
28 34
28 35
29 35
29 34
29 36
30 34
30 35
30 36
30 37
29 37
29 38
30 38
31 35
31 36
31 37
31 34
31 38
31 33
30 39
31 39
31 40
31 32
31 31
0
No
0
No
0
Yes
16 33
17 33
16 32
17 32
15 33
0
No
0
No
0
No
0
No
0
No
0
No
0
Yes
26 46
26 47
26 48
26 49
27 46
27 47
27 48
27 49
28 46
28 47
28 48
28 49
29 46
29 47
29 48
29 49
0
Yes
26 30
26 31
26 32
26 33
27 30
27 31
27 32
27 33
28 30
28 31
28 32
28 33
29 30
29 31
29 32
29 33
30 30
30 31
30 32
0
No
0
Yes
48 15
49 15
48 14
49 14
47 15
0
No
0
Yes
0 0
0 1
0 2
0 3
1 0
1 1
1 2
1 3
2 0
2 1
2 2
2 3
3 0
3 1
3 2
3 3
4 0
4 1
4 2
4 3
5 0
5 1
5 2
5 3
6 0
6 1
6 2
6 3
0
No
0
No
0
No
0
Yes
0 8
0 9
0 10
0 11
0 12
0 13
0 14
0 15
0 16
1 8
1 9
1 10
1 11
1 12
1 13
1 14
1 15
1 16
2 8
2 9
2 10
2 11
2 12
2 13
2 14
2 15
2 16
3 8
3 9
3 10
3 11
3 12
3 13
3 14
3 15
3 16
4 8
4 9
4 10
4 11
4 12
4 13
4 14
4 15
4 16
5 8
5 9
5 10
5 11
5 12
5 13
5 14
5 15
5 16
6 8
6 9
6 10
6 11
6 12
6 13
6 14
6 15
6 16
7 8
7 9
0
No
0
No
0
Yes
20 47
20 48
20 49
21 47
21 48
21 49
22 47
22 48
22 49
23 47
23 48
23 49
24 47
24 48
24 49
25 47
25 48
25 49
0
No
0
Yes
7 29
7 30
7 31
7 32
7 33
8 29
8 30
8 31
8 32
8 33
0
Yes
32 30
32 31
32 32
32 33
32 34
32 35
32 36
32 37
32 38
32 39
32 40
33 30
33 31
33 32
33 33
33 34
33 35
33 36
33 37
33 38
33 39
33 40
34 30
34 31
34 32
34 33
34 34
34 35
34 36
34 37
34 38
34 39
34 40
35 30
35 31
35 32
35 33
35 34
35 35
35 36
35 37
35 38
35 39
35 40
36 30
36 31
36 32
36 33
36 34
36 35
36 36
36 37
36 38
36 39
36 40
37 30
37 31
37 32
37 33
37 34
37 35
37 36
37 37
37 38
37 39
37 40
38 30
38 31
38 32
38 33
38 34
38 35
38 36
38 37
38 38
38 39
38 40
39 30
39 31
39 32
39 33
39 34
39 35
39 36
39 37
39 38
39 39
39 40
40 30
40 31
40 32
40 33
40 34
40 35
40 36
40 37
40 38
40 39
40 40
41 30
41 31
41 32
41 33
41 34
41 35
41 36
41 37
41 38
41 39
0
No
0
Yes
22 23
22 24
22 25
22 26
22 27
22 28
22 29
23 23
23 24
23 25
23 26
23 27
23 28
23 29
24 23
24 24
24 25
24 26
24 27
24 28
24 29
25 23
25 24
25 25
25 26
25 27
25 28
25 29
26 23
26 24
26 25
26 26
26 27
26 28
26 29
27 23
27 24
27 25
27 26
27 27
27 28
27 29
28 23
28 24
28 25
28 26
28 27
28 28
28 29
29 23
29 24
29 25
29 26
29 27
29 28
29 29
30 23
30 24
30 25
30 26
30 27
30 28
30 29
31 23
31 24
31 25
31 26
31 27
31 28
31 29
32 23
32 24
32 25
32 26
32 27
32 28
32 29
33 23
33 24
33 25
33 26
33 27
33 28
33 29
34 23
34 24
34 25
34 26
34 27
34 28
0
No
0
No
0
No
0
No
0
Yes
12 44
12 43
13 43
13 44
13 45
12 45
12 46
13 46
14 44
14 45
14 43
14 46
13 42
12 42
14 42
12 41
13 41
14 41
13 47
12 47
14 47
15 43
15 44
15 45
15 42
15 46
15 41
15 47
12 48
13 48
14 48
15 48
16 44
16 43
16 45
16 42
16 46
16 47
16 48
13 40
14 40
12 40
12 39
13 39
13 49
14 49
15 49
12 49
16 49
17 45
17 44
17 46
17 47
17 48
17 49
18 44
18 45
18 46
18 47
18 48
18 49
13 38
12 38
18 43
14 38
12 37
13 37
14 37
11 37
19 43
19 44
19 45
19 46
19 47
19 48
19 49
15 37
15 38
16 38
16 37
11 36
12 36
13 36
14 36
15 36
16 36
20 45
20 46
12 35
13 35
14 35
15 35
11 35
16 35
0
Yes
48 15
49 15
48 14
49 14
47 15
0
No
0
No
0
Yes
42 35
42 36
42 37
42 38
42 39
43 35
43 36
43 37
43 38
43 39
44 35
44 36
44 37
44 38
44 39
45 35
45 36
45 37
45 38
45 39
46 35
46 36
46 37
46 38
46 39
47 35
47 36
47 37
47 38
47 39
0
No
0
Yes
0 4
0 5
0 6
0 7
1 4
1 5
1 6
1 7
2 4
2 5
2 6
2 7
3 4
3 5
3 6
3 7
4 4
0
Yes
34 44
33 44
33 43
34 43
33 45
34 45
34 42
33 42
34 46
33 46
32 43
32 44
32 45
32 42
32 46
35 42
31 44
31 43
31 45
31 42
31 46
33 41
34 41
32 41
35 41
31 41
33 47
32 47
34 47
31 47
36 41
34 48
33 48
32 48
31 48
30 43
30 44
30 45
30 42
30 46
30 47
30 41
30 48
29 44
29 43
29 45
33 49
32 49
31 49
34 49
30 49
30 40
29 41
29 40
28 43
37 41
38 41
39 41
28 41
40 41
27 43
41 41
41 40
42 40
42 41
43 41
43 40
44 40
44 41
0
No
0
No
0
No
0
No
0
Yes
7 0
7 1
7 2
8 0
8 1
8 2
9 0
9 1
9 2
0
Yes
7 25
7 26
7 27
7 28
8 25
8 26
8 27
8 28
9 25
9 26
9 27
9 28
10 25
0
Yes
7 10
7 11
7 12
7 13
7 14
8 10
8 11
8 12
8 13
8 14
9 10
9 11
9 12
9 13
9 14
10 10
10 11
10 12
10 13
10 14
0
Yes
21 47
21 48
21 49
22 47
22 48
22 49
23 47
23 48
23 49
24 47
24 48
24 49
25 47
25 48
25 49
0
No
0
Yes
22 19
22 20
22 21
22 22
23 19
23 20
23 21
23 22
24 19
24 20
24 21
24 22
25 19
25 20
25 21
25 22
26 19
26 20
26 21
26 22
27 19
27 20
27 21
27 22
28 19
28 20
28 21
28 22
0
No
0
Yes
4 20
4 21
4 22
4 23
4 24
5 20
5 21
5 22
5 23
5 24
6 20
6 21
6 22
6 23
6 24
7 20
7 21
7 22
7 23
7 24
8 20
8 21
8 22
8 23
8 24
9 20
9 21
9 22
9 23
0
No
0
No
0
No
0
No
0
No
0
Yes
0 42
0 43
0 44
0 45
0 46
0 47
0 48
0 49
1 42
1 43
1 44
1 45
1 46
1 47
1 48
1 49
2 42
2 43
2 44
2 45
2 46
2 47
2 48
2 49
3 42
3 43
3 44
3 45
3 46
3 47
3 48
3 49
4 42
4 43
4 44
4 45
4 46
4 47
0
No
0
Yes
5 44
5 45
5 46
5 47
5 48
5 49
6 44
6 45
6 46
6 47
6 48
6 49
7 44
7 45
7 46
7 47
7 48
7 49
8 44
8 45
8 46
8 47
8 48
8 49
9 44
9 45
9 46
9 47
9 48
9 49
10 44
10 45
10 46
10 47
10 48
10 49
11 44
11 45
11 46
11 47
11 48
0
No
0
No
0
Yes
46 46
45 46
45 45
46 45
45 44
46 44
47 44
47 45
47 46
44 44
44 45
44 46
47 47
46 47
45 47
44 47
48 46
48 45
48 47
48 44
47 43
46 43
45 43
44 43
48 43
43 46
43 45
43 44
43 47
43 43
46 48
45 48
47 48
44 48
48 48
43 48
49 45
49 46
49 47
49 44
49 48
49 43
46 42
45 42
47 42
44 42
48 42
43 42
49 42
42 45
42 46
42 44
42 47
42 43
42 48
42 42
45 49
46 49
47 49
44 49
43 49
42 49
48 49
49 49
47 41
46 41
45 41
48 41
49 41
41 46
41 45
41 47
41 44
41 48
41 43
41 49
41 42
0
Yes
7 41
6 41
6 40
7 40
6 39
7 39
8 39
8 40
8 41
5 39
5 40
5 41
8 42
7 42
6 42
5 42
9 41
9 40
9 42
9 39
8 38
7 38
6 38
5 38
9 38
4 41
4 40
4 39
4 38
7 43
8 43
9 43
6 43
5 43
10 40
10 41
10 42
10 39
10 43
10 38
7 37
6 37
5 37
3 40
3 39
3 41
3 38
11 41
11 40
11 42
11 39
11 43
11 38
0
No
0
No
0
No
0
Yes
7 25
7 26
7 27
7 28
8 25
8 26
8 27
8 28
9 25
9 26
9 27
9 28
10 25
0
Yes
1 39
2 39
1 38
1 40
2 38
2 40
0 39
0 38
0 40
1 37
1 41
2 37
2 41
0 37
0 41
1 36
2 36
0
Yes
30 14
30 15
31 14
31 15
29 14
29 15
30 13
31 13
29 13
0
Yes
5 11
5 12
4 11
4 12
6 11
6 12
5 10
5 13
4 10
4 13
6 10
6 13
3 11
3 12
7 11
7 12
3 10
3 13
5 9
5 14
7 10
7 13
4 9
4 14
6 9
6 14
2 11
2 12
8 11
8 12
3 9
3 14
7 9
7 14
2 10
2 13
8 10
8 13
5 8
5 15
4 8
4 15
6 8
6 15
2 9
2 14
8 9
8 14
1 11
1 12
3 8
3 15
7 8
7 15
9 11
9 12
1 10
1 13
9 10
9 13
5 7
5 16
2 8
2 15
4 7
4 16
6 7
6 16
8 8
8 15
1 9
1 14
9 9
9 14
3 7
3 16
7 7
7 16
0 11
0 12
0 10
0 13
1 8
1 15
9 8
9 15
2 7
2 16
8 7
8 16
5 6
5 17
0 9
0 14
4 6
4 17
6 6
6 17
3 6
3 17
7 6
7 17
1 7
1 16
9 7
9 16
0 8
0 15
2 6
2 17
8 6
8 17
5 5
5 18
4 5
4 18
6 5
6 18
0 7
0 16
1 6
1 17
3 5
3 18
7 5
7 18
9 6
9 17
2 5
2 18
8 5
8 18
0 6
0 17
5 4
4 4
6 4
1 5
1 18
9 5
9 18
3 4
7 4
2 4
8 4
0 5
0 18
1 4
0
No
0
Yes
1 34
0 34
0 35
1 33
0 33
0
Yes
36 49
35 49
35 48
36 48
35 47
36 47
37 47
37 48
37 49
34 47
34 48
34 49
38 49
38 48
38 47
37 46
36 46
35 46
34 46
38 46
33 49
33 48
33 47
33 46
39 48
39 47
39 49
39 46
36 45
35 45
37 45
34 45
38 45
33 45
39 45
32 48
32 47
32 46
32 49
32 45
40 49
40 48
40 47
40 46
40 45
35 44
36 44
37 44
34 44
38 44
33 44
39 44
32 44
40 44
31 49
31 48
31 47
31 46
31 45
31 44
36 43
35 43
37 43
34 43
38 43
33 43
39 43
32 43
40 43
31 43
30 43
30 44
30 45
30 46
30 47
30 48
30 49
35 42
36 42
37 42
34 42
38 42
33 42
32 42
39 42
31 42
40 42
30 42
36 41
35 41
37 41
34 41
38 41
33 41
32 41
39 41
0
Yes
10 8
10 9
10 10
10 11
10 12
10 13
10 14
10 15
10 16
10 17
10 18
10 19
10 20
11 8
11 9
11 10
11 11
11 12
11 13
11 14
11 15
11 16
11 17
11 18
11 19
11 20
12 8
12 9
12 10
12 11
12 12
12 13
12 14
12 15
12 16
12 17
12 18
12 19
12 20
13 8
13 9
13 10
13 11
13 12
13 13
13 14
13 15
13 16
13 17
13 18
13 19
13 20
14 8
14 9
14 10
14 11
14 12
14 13
14 14
14 15
14 16
14 17
14 18
14 19
14 20
15 8
15 9
15 10
15 11
15 12
15 13
15 14
15 15
15 16
15 17
15 18
15 19
15 20
16 8
16 9
16 10
16 11
16 12
16 13
16 14
16 15
16 16
16 17
16 18
16 19
16 20
0
Yes
47 3
48 3
47 2
47 4
48 2
48 4
46 3
49 3
46 2
46 4
49 2
49 4
47 1
47 5
48 1
48 5
45 3
46 1
46 5
49 1
49 5
45 2
45 4
47 0
48 0
45 1
45 5
46 0
49 0
45 0
0
No
0
Yes
6 27
6 28
5 27
6 26
5 26
0
Yes
17 21
17 20
18 20
18 21
19 20
19 21
19 19
18 19
17 19
17 18
18 18
19 18
20 19
20 20
20 21
20 18
18 17
19 17
17 17
20 17
21 21
21 20
21 19
21 18
21 17
17 16
18 16
19 16
20 16
21 16
21 22
20 22
19 22
22 20
22 19
22 18
22 21
22 17
22 22
22 16
18 15
19 15
20 15
21 15
17 15
22 15
19 23
20 23
21 23
22 23
23 21
23 20
23 19
23 18
23 17
23 22
23 16
23 23
23 15
17 14
18 14
19 14
20 14
21 14
22 14
23 14
20 24
21 24
22 24
19 24
23 24
24 20
24 21
24 22
24 19
24 18
24 17
24 16
24 23
24 15
24 24
24 14
18 13
19 13
20 13
17 13
0
Yes
2 2
3 2
2 1
2 3
3 1
3 3
1 2
4 2
1 1
1 3
4 1
4 3
2 0
3 0
0 2
1 0
4 0
0 1
0 3
0 0
0
Yes
29 3
30 3
29 2
29 4
30 2
30 4
28 3
28 2
28 4
29 1
29 5
30 1
30 5
28 1
28 5
29 0
30 0
28 0
0
Yes
48 23
49 23
48 22
48 24
49 22
49 24
47 23
47 22
47 24
48 21
47 21
0
No
0
Yes
18 11
18 12
17 11
17 12
18 10
17 10
0
Yes
27 19
26 19
26 18
27 18
26 17
27 17
28 17
28 18
28 19
25 17
25 18
25 19
28 20
27 20
26 20
25 20
29 19
29 18
29 20
29 17
28 16
27 16
26 16
25 16
29 16
27 21
26 21
28 21
25 21
29 21
30 18
30 19
30 20
30 17
30 21
30 16
27 15
26 15
25 15
26 22
27 22
28 22
29 22
25 22
30 22
31 19
31 18
31 20
31 17
31 21
31 16
31 22
27 23
28 23
29 23
26 23
30 23
25 23
31 23
32 18
32 19
32 20
32 21
32 17
32 22
32 16
32 23
26 24
27 24
28 24
29 24
30 24
31 24
25 24
32 24
33 19
33 18
33 20
33 21
33 22
33 17
33 23
33 16
33 24
0
No
0
Yes
13 38
12 38
12 37
13 37
12 36
13 36
14 36
14 37
14 38
15 38
15 37
15 36
14 35
13 35
12 35
15 35
16 37
16 36
16 35
16 38
11 35
11 36
11 37
13 34
14 34
15 34
16 34
12 34
0
No
2
416
37 0
37 1
37 2
37 3
37 4
37 5
37 6
38 0
38 1
38 2
38 3
38 4
38 5
38 6
39 0
39 1
39 2
39 3
39 4
39 5
39 6
40 0
40 1
40 2
40 3
40 4
40 5
40 6
41 0
41 1
41 2
41 3
41 4
41 5
41 6
42 0
42 1
42 2
42 3
42 4
42 5
42 6
43 0
43 1
43 2
43 3
43 4
43 5
43 6
44 0
44 1
44 2
44 3
410
0 19
0 20
0 21
0 22
0 23
0 24
1 19
1 20
1 21
1 22
1 23
1 24
2 19
2 20
2 21
2 22
2 23
2 24
3 19
3 20
3 21
3 22
3 23
3 24
4 19
4 20
4 21
4 22
4 23
4 24
5 19
5 20
5 21
5 22
5 23
5 24
6 19
6 20
Yes
2 40
2 41
2 42
2 43
2 44
2 45
2 46
2 47
2 48
2 49
3 40
3 41
3 42
3 43
3 44
3 45
3 46
3 47
3 48
3 49
4 40
4 41
4 42
4 43
4 44
4 45
4 46
4 47
4 48
4 49
5 40
5 41
5 42
5 43
5 44
5 45
5 46
5 47
5 48
5 49
6 40
6 41
6 42
6 43
6 44
6 45
6 46
6 47
6 48
6 49
7 40
7 41
7 42
7 43
7 44
7 45
7 46
7 47
7 48
7 49
8 40
8 41
8 42
8 43
8 44
8 45
8 46
8 47
8 48
8 49
9 40
9 41
9 42
9 43
9 44
9 45
9 46
9 47
9 48
9 49
10 40
10 41
10 42
10 43
10 44
10 45
10 46
10 47
10 48
10 49
11 40
11 41
11 42
11 43
11 44
11 45
11 46
11 47
11 48
11 49
12 40
12 41
12 42
12 43
12 44
12 45
12 46
12 47
12 48
12 49
13 40
13 41
13 42
13 43
13 44
13 45
13 46
13 47
13 48
13 49
14 40
14 41
14 42
14 43
14 44
14 45
14 46
14 47
0
No
0
Yes
20 49
19 49
19 48
20 48
19 47
20 47
18 47
18 48
18 49
17 49
17 48
17 47
18 46
19 46
20 46
17 46
16 48
16 47
16 49
16 46
20 45
19 45
18 45
17 45
16 45
15 49
15 48
15 47
15 46
15 45
19 44
18 44
17 44
16 44
0
Yes
2 37
2 38
1 37
1 38
3 37
3 38
2 36
1 36
3 36
0 37
0 38
0 36
0
No
0
No
0
No
0
No
0
Yes
29 41
30 41
29 40
30 40
28 41
0
No
0
No
0
No
0
Yes
29 3
30 3
29 2
29 4
30 2
30 4
28 3
28 2
28 4
29 1
29 5
30 1
30 5
28 1
28 5
29 0
30 0
28 0
0
Yes
10 14
10 15
10 16
10 17
10 18
10 19
10 20
10 21
11 14
11 15
11 16
11 17
11 18
11 19
11 20
11 21
12 14
12 15
12 16
12 17
12 18
12 19
12 20
12 21
13 14
13 15
13 16
13 17
13 18
13 19
13 20
13 21
14 14
14 15
14 16
14 17
14 18
14 19
14 20
14 21
15 14
15 15
15 16
15 17
15 18
15 19
15 20
15 21
16 14
16 15
16 16
16 17
16 18
16 19
16 20
0
No
0
Yes
48 47
47 47
47 46
48 46
47 45
48 45
49 45
49 46
49 47
46 45
46 46
46 47
49 48
48 48
47 48
46 48
49 44
48 44
47 44
46 44
45 47
45 46
45 45
45 48
45 44
48 49
47 49
46 49
45 49
49 49
48 43
47 43
46 43
49 43
45 43
44 46
44 47
44 45
44 48
44 44
44 49
44 43
47 42
46 42
48 42
45 42
49 42
44 42
43 47
43 46
43 45
43 44
43 48
43 43
43 49
43 42
48 41
47 41
46 41
45 41
44 41
49 41
43 41
42 46
42 47
42 45
42 44
42 43
42 48
42 42
42 49
42 41
47 40
46 40
45 40
44 40
48 40
43 40
49 40
42 40
41 47
41 46
41 45
41 44
41 43
41 42
41 48
41 41
41 49
41 40
48 39
49 39
0
Yes
28 2
27 2
28 1
28 3
29 2
27 1
27 3
29 1
29 3
26 2
28 0
30 2
26 1
26 3
27 0
29 0
30 1
30 3
26 0
30 0
25 2
25 1
25 3
0
Yes
7 35
7 36
7 37
7 38
7 39
8 35
8 36
8 37
8 38
8 39
9 35
9 36
9 37
9 38
9 39
10 35
10 36
10 37
10 38
10 39
11 35
11 36
11 37
11 38
11 39
12 35
12 36
12 37
12 38
12 39
13 35
13 36
13 37
13 38
13 39
14 35
14 36
14 37
14 38
0
Yes
49 0
48 0
48 1
49 1
48 2
49 2
47 2
47 1
47 0
46 0
46 1
46 2
47 3
48 3
49 3
46 3
45 1
45 2
45 3
45 0
49 4
0
Yes
49 49
48 49
48 48
49 48
48 47
49 47
47 47
47 48
47 49
46 49
46 48
46 47
47 46
48 46
49 46
46 46
45 48
45 47
45 49
45 46
49 45
48 45
47 45
46 45
45 45
44 49
44 48
44 47
44 46
44 45
48 44
47 44
46 44
45 44
49 44
44 44
43 48
43 47
43 46
43 45
43 49
43 44
49 43
48 43
47 43
46 43
45 43
44 43
43 43
42 49
42 48
42 47
42 46
42 45
42 44
42 43
48 42
47 42
46 42
45 42
44 42
43 42
49 42
42 42
41 48
41 47
41 46
41 45
41 44
41 43
41 49
41 42
49 41
48 41
47 41
46 41
45 41
44 41
43 41
42 41
41 41
40 49
40 48
40 47
40 46
40 45
40 44
40 43
40 42
40 41
48 40
47 40
46 40
45 40
44 40
43 40
49 40
42 40
41 40
39 48
39 47
39 46
39 45
39 44
39 43
39 42
39 49
39 41
38 49
38 48
38 47
38 46
38 45
0
Yes
0 39
0 40
0 41
0 42
0 43
0 44
0 45
0 46
0 47
0 48
0 49
1 39
1 40
1 41
1 42
1 43
1 44
1 45
1 46
1 47
1 48
1 49
2 39
2 40
2 41
2 42
2 43
2 44
2 45
2 46
2 47
2 48
2 49
3 39
3 40
3 41
3 42
3 43
3 44
3 45
3 46
3 47
3 48
3 49
4 39
4 40
4 41
4 42
4 43
4 44
4 45
4 46
4 47
4 48
4 49
5 39
5 40
5 41
5 42
5 43
5 44
5 45
5 46
5 47
5 48
5 49
6 39
6 40
6 41
6 42
6 43
6 44
6 45
6 46
6 47
6 48
6 49
7 39
7 40
7 41
7 42
7 43
7 44
7 45
7 46
7 47
7 48
7 49
8 39
8 40
8 41
8 42
8 43
8 44
8 45
8 46
8 47
8 48
8 49
9 39
9 40
9 41
9 42
9 43
9 44
9 45
9 46
9 47
9 48
9 49
10 39
10 40
10 41
10 42
10 43
10 44
10 45
10 46
10 47
10 48
10 49
11 39
11 40
11 41
11 42
11 43
11 44
11 45
0
Yes
12 34
12 35
12 36
12 37
12 38
13 34
13 35
13 36
13 37
13 38
14 34
14 35
14 36
14 37
14 38
15 34
15 35
15 36
15 37
15 38
16 34
16 35
16 36
16 37
16 38
17 34
17 35
17 36
0
Yes
14 14
14 15
13 14
13 15
15 14
15 15
14 13
14 16
13 13
13 16
15 13
15 16
12 14
12 15
16 14
16 15
12 13
12 16
14 12
14 17
16 13
16 16
13 12
13 17
15 12
15 17
11 14
11 15
17 14
17 15
12 12
12 17
16 12
16 17
11 13
11 16
17 13
17 16
14 11
14 18
13 11
13 18
15 11
15 18
11 12
11 17
17 12
17 17
10 14
10 15
12 11
12 18
16 11
16 18
10 13
10 16
14 10
14 19
11 11
11 18
13 10
13 19
15 10
15 19
17 11
17 18
10 12
10 17
12 10
12 19
16 10
16 19
10 11
10 18
11 10
11 19
17 10
17 19
14 9
14 20
13 9
13 20
15 9
15 20
12 9
12 20
16 9
16 20
10 10
10 19
11 9
11 20
17 9
17 20
14 8
13 8
15 8
10 9
10 20
12 8
16 8
11 8
0
Yes
9 23
8 23
8 22
9 22
8 21
9 21
7 21
7 22
7 23
6 23
6 22
6 21
7 20
8 20
9 20
6 24
7 24
8 24
9 19
8 19
7 19
0
Yes
9 37
8 37
8 36
9 36
8 35
9 35
10 35
10 36
10 37
7 35
7 36
7 37
10 38
9 38
8 38
7 38
11 37
11 38
11 36
11 35
10 34
9 34
8 34
0
Yes
0 49
0 48
1 48
1 49
2 48
2 49
2 47
1 47
0 47
0 46
1 46
2 46
3 47
3 48
3 49
3 46
1 45
2 45
0 45
3 45
4 49
4 48
0
Yes
40 3
40 4
39 3
39 4
41 3
41 4
40 2
40 5
39 2
39 5
41 2
41 5
38 3
38 4
42 3
42 4
38 2
38 5
40 1
40 6
42 2
42 5
39 1
39 6
41 1
41 6
37 3
37 4
38 1
38 6
42 1
42 6
37 2
37 5
40 0
39 0
41 0
37 1
37 6
38 0
42 0
37 0
0
Yes
10 46
9 46
10 45
10 47
11 46
9 45
9 47
11 45
11 47
8 46
10 44
10 48
12 46
8 45
8 47
9 44
9 48
11 44
11 48
12 45
12 47
8 44
8 48
12 44
12 48
7 46
10 43
10 49
13 46
7 45
7 47
9 43
9 49
11 43
11 49
13 45
13 47
7 44
7 48
8 43
8 49
12 43
12 49
13 44
13 48
6 46
10 42
14 46
6 45
6 47
9 42
11 42
14 45
14 47
7 43
7 49
13 43
13 49
6 44
6 48
8 42
12 42
14 44
14 48
5 46
6 43
6 49
7 42
13 42
14 43
14 49
5 45
5 47
5 44
5 48
6 42
14 42
5 43
5 49
5 42
0
Yes
33 49
32 49
32 48
33 48
32 47
33 47
34 47
34 48
34 49
31 47
31 48
31 49
35 49
35 48
35 47
34 46
33 46
32 46
31 46
35 46
30 49
30 48
30 47
30 46
36 48
36 47
36 49
36 46
33 45
32 45
34 45
31 45
35 45
30 45
36 45
37 45
37 46
37 47
37 48
37 49
32 44
33 44
34 44
35 44
31 44
36 44
30 44
37 44
33 43
32 43
34 43
35 43
31 43
0
Yes
46 35
47 35
46 34
46 36
47 34
47 36
45 35
48 35
45 34
45 36
48 34
48 36
46 33
46 37
47 33
47 37
44 35
45 33
45 37
48 33
48 37
49 35
44 34
44 36
49 34
49 36
46 32
46 38
47 32
47 38
44 33
44 37
49 33
49 37
45 32
45 38
48 32
48 38
43 35
43 34
43 36
44 32
44 38
49 32
49 38
43 33
43 37
46 31
46 39
47 31
47 39
45 31
45 39
48 31
48 39
43 32
43 38
44 31
44 39
49 31
49 39
46 30
47 30
45 30
48 30
43 31
43 39
44 30
49 30
43 30
0
No
0
No
0
Yes
45 27
45 28
46 27
46 28
44 27
44 28
45 26
45 29
46 26
46 29
47 27
47 28
44 26
44 29
47 26
47 29
43 27
43 28
45 25
46 25
48 27
48 28
43 26
43 29
44 25
47 25
48 26
48 29
42 27
42 28
43 25
48 25
49 27
49 28
42 26
42 29
49 26
49 29
42 25
49 25
41 27
41 28
41 26
41 29
41 25
0
Yes
19 22
19 21
18 21
20 21
20 22
20 20
19 20
18 20
21 20
21 21
21 22
19 19
20 19
18 19
21 19
22 22
22 21
22 20
22 19
21 23
20 23
19 23
22 23
18 18
19 18
20 18
21 18
22 18
23 21
23 20
23 22
23 19
23 23
23 18
19 24
20 24
21 24
22 24
23 24
19 17
20 17
21 17
22 17
18 17
23 17
24 22
24 21
24 20
24 19
24 23
24 18
0
Yes
30 18
30 19
30 20
30 21
30 22
30 23
30 24
30 25
30 26
30 27
30 28
30 29
31 18
31 19
31 20
31 21
31 22
31 23
31 24
31 25
31 26
31 27
31 28
31 29
32 18
32 19
32 20
32 21
32 22
32 23
32 24
32 25
32 26
32 27
32 28
32 29
33 18
33 19
33 20
33 21
33 22
33 23
33 24
33 25
33 26
33 27
33 28
33 29
34 18
34 19
34 20
34 21
34 22
34 23
34 24
34 25
34 26
34 27
34 28
34 29
35 18
35 19
35 20
35 21
35 22
35 23
35 24
35 25
35 26
35 27
35 28
35 29
36 18
36 19
36 20
36 21
36 22
36 23
36 24
36 25
36 26
36 27
36 28
36 29
37 18
37 19
37 20
37 21
37 22
37 23
37 24
37 25
37 26
37 27
37 28
37 29
38 18
38 19
38 20
38 21
38 22
38 23
38 24
38 25
38 26
38 27
38 28
38 29
39 18
39 19
39 20
39 21
39 22
39 23
39 24
39 25
39 26
39 27
39 28
39 29
40 18
40 19
40 20
40 21
40 22
40 23
40 24
40 25
40 26
40 27
40 28
40 29
41 18
41 19
41 20
41 21
0
No
0
No
0
No
0
No
0
Yes
35 35
34 35
34 34
35 34
34 33
35 33
36 33
36 34
36 35
33 33
33 34
33 35
36 36
35 36
34 36
33 36
37 35
37 34
37 36
37 33
36 32
35 32
34 32
33 32
37 32
32 35
32 34
32 33
32 36
32 32
35 37
34 37
36 37
33 37
37 37
32 37
38 34
38 35
38 36
38 33
38 37
38 32
35 31
34 31
36 31
33 31
37 31
32 31
38 31
34 38
35 38
36 38
33 38
37 38
32 38
38 38
39 35
39 34
39 36
39 33
39 37
39 32
39 38
39 31
34 30
35 30
36 30
37 30
33 30
38 30
39 30
32 30
35 39
34 39
36 39
37 39
33 39
38 39
32 39
39 39
40 34
40 35
40 36
40 33
40 37
40 32
40 38
40 31
40 39
40 30
34 40
35 40
36 40
37 40
38 40
33 40
32 40
39 40
40 40
41 35
41 34
41 36
41 33
41 37
41 32
41 38
41 31
41 39
41 30
35 41
34 41
36 41
33 41
37 41
38 41
0
Yes
0 39
0 40
0 41
0 42
0 43
0 44
1 39
1 40
1 41
1 42
1 43
1 44
2 39
2 40
2 41
2 42
2 43
2 44
3 39
3 40
3 41
3 42
3 43
3 44
4 39
4 40
4 41
4 42
4 43
4 44
5 39
5 40
5 41
0
No
0
No
0
Yes
19 26
19 25
20 25
20 26
21 25
21 26
22 25
22 26
22 27
21 27
20 27
23 27
23 26
23 25
24 26
24 25
24 27
25 27
25 26
25 25
24 28
23 28
22 28
25 28
26 28
26 27
26 26
26 25
22 29
23 29
24 29
25 29
26 29
26 24
25 24
24 24
27 29
27 28
27 27
27 26
27 25
27 24
23 30
24 30
25 30
26 30
22 30
27 30
28 26
28 27
28 28
28 25
28 29
28 24
28 30
27 23
26 23
25 23
28 23
22 31
23 31
24 31
25 31
26 31
27 31
28 31
29 25
29 26
29 27
29 28
29 29
29 24
29 30
29 23
29 31
21 31
21 30
21 29
25 22
26 22
27 22
28 22
29 22
25 32
26 32
27 32
28 32
29 32
21 32
22 32
23 32
30 30
30 31
30 32
26 21
27 21
28 21
25 21
29 21
26 33
27 33
28 33
29 33
30 33
25 20
26 20
27 20
28 20
29 20
26 19
27 19
28 19
25 19
29 19
25 18
26 18
27 18
28 18
29 18
0
No
0
No
0
No
0
Yes
41 4
40 4
40 3
41 3
40 2
41 2
42 2
42 3
42 4
39 2
39 3
39 4
42 5
41 5
40 5
39 5
43 4
43 3
43 5
43 2
42 1
41 1
40 1
39 1
43 1
38 4
38 3
38 2
38 5
38 1
41 6
40 6
42 6
39 6
43 6
38 6
44 3
44 4
44 5
44 2
44 6
44 1
41 0
40 0
42 0
39 0
38 0
43 0
44 0
37 3
37 4
37 2
37 5
37 6
37 1
37 0
40 7
39 7
38 7
0
No
0
Yes
10 5
10 4
9 4
11 4
11 3
10 3
9 3
0
Yes
13 37
12 37
12 36
13 36
12 35
13 35
14 35
14 36
14 37
11 35
11 36
11 37
14 38
13 38
12 38
11 38
15 37
15 36
15 38
15 35
14 34
15 34
13 34
12 34
10 37
10 36
10 38
10 35
13 39
12 39
11 39
10 39
16 36
16 35
16 34
16 37
16 38
9 36
9 37
9 38
9 35
9 39
12 40
11 40
10 40
13 40
9 40
17 35
17 34
17 36
8 37
8 38
8 36
8 39
8 35
8 40
13 41
12 41
11 41
10 41
9 41
8 41
8 34
9 34
10 34
17 33
16 33
15 33
7 36
7 37
7 38
7 39
7 40
7 41
7 35
6 37
6 38
6 39
6 40
6 41
8 33
9 33
17 32
16 32
5 37
5 38
0
Yes
30 5
29 5
29 4
30 4
28 5
28 4
30 6
0
No
0
No
0
No
0
No
0
Yes
49 5
49 6
48 5
48 6
49 4
48 4
0
No
0
Yes
23 1
23 2
24 1
24 2
22 1
22 2
23 0
24 0
22 0
0
Yes
43 3
43 4
44 3
44 4
42 3
42 4
43 2
43 5
44 2
44 5
45 3
45 4
42 2
42 5
45 2
45 5
41 3
41 4
43 1
43 6
44 1
44 6
46 3
46 4
41 2
41 5
42 1
42 6
45 1
45 6
46 2
46 5
40 3
40 4
41 1
41 6
43 0
44 0
46 1
46 6
40 2
40 5
42 0
45 0
40 1
40 6
41 0
46 0
40 0
0
Yes
10 14
10 15
10 16
10 17
10 18
10 19
10 20
10 21
11 14
11 15
11 16
11 17
11 18
11 19
11 20
11 21
12 14
12 15
12 16
12 17
12 18
12 19
12 20
12 21
13 14
13 15
13 16
13 17
13 18
13 19
13 20
13 21
14 14
14 15
14 16
14 17
14 18
14 19
14 20
14 21
15 14
15 15
15 16
15 17
15 18
15 19
15 20
15 21
16 14
16 15
16 16
16 17
16 18
16 19
16 20
0
No
0
No
0
No
0
Yes
42 30
42 31
42 32
42 33
42 34
42 35
42 36
42 37
42 38
42 39
43 30
43 31
43 32
43 33
43 34
43 35
43 36
43 37
43 38
43 39
44 30
44 31
44 32
44 33
44 34
44 35
44 36
44 37
44 38
44 39
45 30
45 31
45 32
45 33
45 34
45 35
45 36
45 37
45 38
45 39
46 30
46 31
46 32
46 33
46 34
46 35
46 36
46 37
46 38
46 39
47 30
47 31
47 32
47 33
47 34
47 35
47 36
47 37
47 38
47 39
48 30
48 31
48 32
48 33
48 34
48 35
48 36
48 37
48 38
48 39
49 30
49 31
49 32
49 33
49 34
49 35
49 36
49 37
0
No
0
Yes
7 21
7 22
8 21
8 22
6 21
6 22
7 20
7 23
8 20
8 23
9 21
9 22
6 20
6 23
9 20
9 23
5 21
5 22
7 19
8 19
5 20
5 23
6 19
9 19
5 19
0
Yes
34 23
34 24
35 23
35 24
33 23
33 24
34 22
34 25
35 22
35 25
36 23
36 24
33 22
33 25
36 22
36 25
32 23
32 24
34 21
34 26
35 21
35 26
37 23
37 24
32 22
32 25
33 21
33 26
36 21
36 26
37 22
37 25
31 23
31 24
32 21
32 26
34 20
34 27
35 20
35 27
37 21
37 26
38 23
38 24
31 22
31 25
33 20
33 27
36 20
36 27
38 22
38 25
31 21
31 26
32 20
32 27
37 20
37 27
38 21
38 26
30 23
30 24
34 19
34 28
35 19
35 28
30 22
30 25
33 19
33 28
36 19
36 28
31 20
31 27
38 20
38 27
30 21
30 26
32 19
32 28
37 19
37 28
34 18
34 29
35 18
35 29
30 20
30 27
31 19
31 28
33 18
33 29
36 18
36 29
38 19
38 28
32 18
32 29
37 18
37 29
30 19
30 28
31 18
31 29
34 17
35 17
38 18
38 29
33 17
36 17
32 17
37 17
30 18
30 29
31 17
38 17
30 17
1
501
32 0
32 1
32 2
32 3
32 4
32 5
32 6
33 0
33 1
33 2
33 3
33 4
33 5
33 6
34 0
34 1
34 2
34 3
34 4
34 5
34 6
35 0
35 1
35 2
35 3
35 4
35 5
35 6
36 0
36 1
36 2
36 3
36 4
36 5
36 6
37 0
37 1
37 2
37 3
37 4
37 5
37 6
38 0
38 1
38 2
38 3
38 4
38 5
38 6
39 0
39 1
39 2
39 3
39 4
39 5
Yes
10 8
10 9
10 10
10 11
10 12
10 13
10 14
10 15
10 16
10 17
10 18
10 19
11 8
11 9
11 10
11 11
11 12
11 13
11 14
11 15
11 16
11 17
11 18
11 19
12 8
12 9
12 10
12 11
12 12
12 13
12 14
12 15
12 16
12 17
12 18
12 19
13 8
13 9
13 10
13 11
13 12
13 13
13 14
13 15
13 16
13 17
13 18
13 19
14 8
14 9
14 10
14 11
14 12
14 13
14 14
14 15
14 16
14 17
14 18
14 19
15 8
15 9
15 10
15 11
15 12
15 13
15 14
15 15
15 16
15 17
15 18
15 19
16 8
16 9
16 10
16 11
16 12
16 13
16 14
16 15
16 16
16 17
16 18
16 19
17 8
17 9
17 10
17 11
17 12
17 13
17 14
17 15
17 16
17 17
17 18
17 19
0
Yes
10 39
9 39
9 38
10 38
9 37
10 37
11 37
11 38
11 39
8 37
8 38
8 39
11 40
10 40
9 40
8 40
12 39
12 38
12 40
12 37
11 36
10 36
9 36
8 36
12 36
7 39
7 38
7 37
7 40
7 36
10 41
9 41
11 41
8 41
12 41
7 41
13 38
13 39
13 40
13 37
13 41
13 36
10 35
9 35
11 35
8 35
12 35
13 35
7 35
6 38
6 39
6 40
6 37
6 41
14 40
14 41
14 37
14 38
14 36
14 35
0
Yes
34 7
34 8
35 8
35 7
36 7
36 8
35 9
34 9
36 9
33 9
34 10
35 10
33 10
36 10
37 8
37 9
37 7
37 10
32 10
32 9
32 8
38 7
38 8
38 9
33 11
34 11
35 11
36 11
32 11
37 11
34 12
35 12
36 12
37 12
39 9
39 10
35 13
36 13
34 13
37 13
34 14
35 14
36 14
37 14
33 14
38 13
38 14
33 15
34 15
35 15
36 15
37 15
38 15
32 15
39 14
39 13
39 15
39 12
40 12
40 13
34 16
33 16
35 16
36 16
37 16
38 16
32 16
39 16
31 16
31 15
31 14
30 14
30 15
30 16
30 13
31 13
29 13
29 14
29 15
29 16
28 16
29 17
28 17
39 17
27 17
27 16
27 15
26 15
26 16
26 17
26 14
25 16
25 15
25 17
24 15
24 16
24 17
24 14
23 14
23 15
23 16
22 15
22 14
22 16
22 13
21 13
21 14
21 15
21 16
20 14
20 15
20 13
20 16
19 13
19 14
19 15
19 16
18 14
18 15
18 13
18 16
0
No
0
No
0
No
0
Yes
29 40
29 41
30 40
30 41
30 42
31 41
31 42
32 41
32 42
32 43
31 43
30 43
30 44
31 44
32 44
31 45
30 45
32 45
29 45
29 44
29 43
33 44
33 43
33 42
33 45
29 46
30 46
31 46
32 46
33 46
34 42
34 43
34 44
34 45
34 46
30 47
31 47
32 47
33 47
29 47
34 47
35 43
35 44
35 45
35 46
35 42
35 47
29 48
30 48
31 48
32 48
33 48
34 48
35 48
36 42
36 43
36 44
36 45
36 46
36 47
36 48
30 49
31 49
32 49
33 49
34 49
35 49
29 49
36 49
28 48
28 47
28 46
28 49
37 43
37 44
37 45
37 46
37 47
37 42
37 48
37 49
27 46
27 47
27 48
27 49
38 42
38 43
38 44
26 47
26 48
26 49
26 46
25 48
25 47
0
No
0
No
0
Yes
11 7
10 7
11 6
10 6
0
Yes
46 27
46 28
47 27
47 28
45 27
45 28
46 26
46 29
47 26
47 29
48 27
48 28
45 26
45 29
48 26
48 29
44 27
44 28
46 25
47 25
49 27
49 28
44 26
44 29
45 25
48 25
49 26
49 29
43 27
43 28
44 25
49 25
43 26
43 29
0
Yes
0 0
0 1
1 1
1 0
2 1
2 0
2 2
1 2
0 2
0 3
1 3
2 3
3 2
3 1
3 0
3 3
4 0
4 1
0
Yes
9 28
8 28
8 27
9 27
8 26
9 26
7 26
7 27
7 28
6 28
6 27
6 26
7 25
8 25
9 25
5 27
5 26
0
Yes
12 46
13 46
12 45
12 47
13 45
13 47
11 46
14 46
11 45
11 47
14 45
14 47
12 44
12 48
13 44
13 48
10 46
11 44
11 48
14 44
14 48
15 46
10 45
10 47
15 45
15 47
12 43
12 49
13 43
13 49
10 44
10 48
15 44
15 48
11 43
11 49
14 43
14 49
9 46
16 46
9 45
9 47
16 45
16 47
10 43
10 49
15 43
15 49
9 44
9 48
12 42
13 42
16 44
16 48
11 42
14 42
8 46
8 45
8 47
9 43
9 49
16 43
16 49
10 42
15 42
8 44
8 48
9 42
16 42
8 43
8 49
8 42
0
Yes
44 30
43 30
43 31
44 31
43 32
44 32
45 32
45 31
45 30
42 32
42 31
42 30
46 30
46 31
46 32
45 33
44 33
43 33
42 33
46 33
47 31
47 32
47 30
47 33
44 34
45 34
43 34
46 34
42 34
47 34
48 30
48 31
48 32
48 33
48 34
43 35
44 35
45 35
46 35
47 35
42 35
48 35
49 31
49 32
49 33
49 34
49 35
49 30
44 36
45 36
46 36
47 36
43 36
48 36
42 36
49 36
43 37
44 37
0
Yes
3 44
3 45
2 44
2 45
4 44
4 45
3 43
3 46
2 43
2 46
4 43
4 46
1 44
1 45
5 44
5 45
1 43
1 46
3 42
3 47
5 43
5 46
2 42
2 47
4 42
4 47
0 44
0 45
1 42
1 47
5 42
5 47
0 43
0 46
3 41
3 48
2 41
2 48
4 41
4 48
0 42
0 47
1 41
1 48
5 41
5 48
3 40
3 49
0 41
0 48
2 40
2 49
4 40
4 49
1 40
1 49
5 40
5 49
0 40
0 49
3 39
2 39
4 39
1 39
5 39
0 39
0
Yes
48 2
49 2
48 1
48 3
49 1
49 3
47 2
47 1
47 3
48 0
49 0
47 0
0
Yes
27 22
27 23
28 22
28 23
26 22
26 23
27 21
27 24
28 21
28 24
29 22
29 23
26 21
26 24
29 21
29 24
25 22
25 23
27 20
27 25
28 20
28 25
25 21
25 24
26 20
26 25
29 20
29 25
25 20
25 25
27 19
27 26
28 19
28 26
26 19
26 26
29 19
29 26
25 19
25 26
27 18
28 18
26 18
29 18
25 18
0
No
0
No
4
508
32 18
32 19
32 20
32 21
32 22
32 23
32 24
32 25
32 26
32 27
32 28
32 29
33 18
33 19
33 20
33 21
33 22
33 23
33 24
33 25
33 26
33 27
33 28
33 29
34 18
34 19
34 20
34 21
34 22
34 23
34 24
34 25
34 26
34 27
34 28
34 29
35 18
35 19
35 20
35 21
35 22
35 23
35 24
35 25
35 26
35 27
35 28
35 29
36 18
36 19
36 20
36 21
36 22
36 23
36 24
36 25
36 26
36 27
36 28
36 29
37 18
37 19
37 20
37 21
37 22
37 23
37 24
37 25
37 26
37 27
37 28
37 29
38 18
38 19
38 20
38 21
38 22
38 23
38 24
38 25
38 26
38 27
38 28
38 29
39 18
39 19
39 20
39 21
39 22
39 23
39 24
39 25
39 26
39 27
39 28
39 29
40 18
40 19
40 20
40 21
40 22
40 23
40 24
40 25
40 26
40 27
40 28
40 29
41 18
41 19
41 20
41 21
41 22
41 23
41 24
41 25
41 26
474
42 30
42 31
42 32
42 33
42 34
42 35
42 36
42 37
43 30
43 31
43 32
43 33
43 34
43 35
43 36
43 37
44 30
44 31
44 32
44 33
44 34
44 35
44 36
44 37
45 30
45 31
45 32
45 33
45 34
45 35
45 36
45 37
46 30
46 31
46 32
46 33
46 34
46 35
46 36
46 37
47 30
47 31
47 32
47 33
47 34
47 35
47 36
47 37
48 30
48 31
48 32
526
7 35
7 36
7 37
7 38
7 39
7 40
7 41
8 35
8 36
8 37
8 38
8 39
8 40
8 41
9 35
9 36
9 37
9 38
9 39
9 40
9 41
10 35
10 36
10 37
10 38
10 39
10 40
10 41
11 35
11 36
11 37
11 38
11 39
11 40
11 41
12 35
12 36
12 37
12 38
12 39
12 40
12 41
13 35
13 36
13 37
353
0 19
0 20
0 21
0 22
0 23
1 19
1 20
1 21
1 22
1 23
2 19
2 20
2 21
2 22
2 23
3 19
3 20
3 21
3 22
3 23
4 19
4 20
4 21
4 22
4 23
Yes
22 21
22 22
22 23
22 24
22 25
22 26
22 27
22 28
22 29
22 30
22 31
23 21
23 22
23 23
23 24
23 25
23 26
23 27
23 28
23 29
23 30
23 31
24 21
24 22
24 23
24 24
24 25
24 26
24 27
24 28
24 29
24 30
24 31
25 21
25 22
25 23
25 24
25 25
25 26
25 27
25 28
25 29
25 30
25 31
26 21
26 22
26 23
26 24
26 25
26 26
26 27
26 28
26 29
26 30
26 31
27 21
27 22
27 23
27 24
27 25
27 26
27 27
27 28
27 29
27 30
27 31
28 21
28 22
28 23
28 24
28 25
28 26
28 27
28 28
28 29
28 30
28 31
29 21
29 22
29 23
29 24
29 25
29 26
29 27
29 28
29 29
29 30
29 31
30 21
30 22
30 23
30 24
30 25
30 26
30 27
30 28
30 29
30 30
30 31
31 21
31 22
31 23
31 24
31 25
31 26
31 27
31 28
31 29
31 30
31 31
0
No
0
No
0
No
0
Yes
5 0
5 1
6 1
6 0
7 1
7 0
7 2
6 2
5 2
5 3
6 3
7 3
8 2
8 1
8 0
8 3
9 0
9 1
9 2
4 2
4 3
0
Yes
47 28
48 28
47 27
47 29
48 27
48 29
46 28
49 28
46 27
46 29
49 27
49 29
47 26
47 30
48 26
48 30
45 28
46 26
46 30
49 26
49 30
45 27
45 29
47 25
48 25
45 26
45 30
46 25
49 25
45 25
0
Yes
19 26
19 25
20 25
20 26
21 25
21 26
21 24
20 24
19 24
19 23
20 23
21 23
20 22
19 22
21 22
21 21
20 21
19 21
0
No
0
No
0
Yes
47 36
48 36
47 35
47 37
48 35
48 37
46 36
49 36
46 35
46 37
49 35
49 37
47 34
47 38
48 34
48 38
45 36
46 34
46 38
49 34
49 38
45 35
45 37
47 33
47 39
48 33
48 39
45 34
45 38
46 33
46 39
49 33
49 39
45 33
45 39
47 32
47 40
48 32
48 40
46 32
46 40
49 32
49 40
45 32
45 40
47 31
48 31
46 31
49 31
45 31
0
Yes
19 43
18 43
18 44
19 44
18 45
19 45
18 46
19 46
17 46
17 45
17 44
17 47
18 47
19 47
19 48
18 48
17 48
20 47
20 46
20 48
20 45
20 49
19 49
18 49
17 49
21 48
21 47
21 49
21 46
0
Yes
30 39
30 38
29 38
31 38
31 39
31 37
30 37
29 37
30 36
29 36
31 36
31 35
30 35
29 35
0
No
0
No
0
Yes
42 44
42 45
42 46
42 47
42 48
42 49
43 44
43 45
43 46
43 47
43 48
43 49
44 44
44 45
44 46
44 47
44 48
44 49
45 44
45 45
45 46
45 47
45 48
45 49
46 44
46 45
46 46
46 47
46 48
46 49
47 44
47 45
47 46
47 47
47 48
47 49
48 44
48 45
48 46
48 47
48 48
48 49
49 44
49 45
49 46
49 47
49 48
49 49
0
Yes
28 2
29 2
28 1
28 3
29 1
29 3
27 2
30 2
27 1
27 3
30 1
30 3
28 0
29 0
26 2
27 0
30 0
31 2
26 1
26 3
31 1
31 3
26 0
31 0
25 2
25 1
25 3
25 0
0
No
0
Yes
7 47
7 48
6 47
6 48
7 46
7 49
6 46
6 49
7 45
6 45
0
No
0
No
0
Yes
2 20
1 20
1 19
2 19
1 21
2 21
3 21
3 20
3 19
0 21
0 20
0 19
4 20
4 21
4 19
3 22
2 22
1 22
0 22
4 22
2 23
1 23
3 23
0 23
4 23
1 24
2 24
3 24
4 24
0 24
2 25
3 25
0
Yes
37 49
36 49
36 48
37 48
36 47
37 47
38 47
38 48
38 49
35 47
35 48
35 49
39 49
39 48
39 47
38 46
37 46
36 46
35 46
39 46
34 49
34 48
34 47
34 46
40 48
40 47
40 49
40 46
37 45
36 45
38 45
35 45
39 45
34 45
40 45
33 48
33 47
33 46
33 49
33 45
41 49
41 48
41 47
41 46
41 45
36 44
37 44
38 44
35 44
39 44
34 44
40 44
33 44
41 44
32 49
32 48
32 47
32 46
32 45
32 44
37 43
36 43
38 43
35 43
39 43
34 43
40 43
33 43
41 43
32 43
31 43
31 44
31 45
31 46
31 47
31 48
31 49
36 42
37 42
38 42
35 42
39 42
34 42
33 42
40 42
32 42
41 42
31 42
30 42
30 43
30 44
30 45
30 46
30 47
30 48
30 49
39 41
40 41
41 41
0
No
0
No
0
Yes
28 48
27 48
28 47
28 49
29 48
27 47
27 49
29 47
29 49
26 48
28 46
26 47
26 49
27 46
29 46
26 46
0
No
0
No
0
Yes
30 41
29 41
30 40
31 41
29 40
31 40
28 41
0
No
0
Yes
21 19
20 19
21 18
21 20
22 19
20 18
20 20
22 18
22 20
19 19
21 17
23 19
19 18
19 20
20 17
22 17
23 18
23 20
19 17
23 17
18 19
18 18
18 20
18 17
0
Yes
7 2
8 2
7 1
7 3
8 1
8 3
6 2
9 2
6 1
6 3
9 1
7 0
8 0
5 2
6 0
9 0
5 1
5 3
5 0
0
Yes
2 2
3 2
2 1
2 3
3 1
3 3
1 2
4 2
1 1
1 3
4 1
4 3
2 0
3 0
0 2
1 0
4 0
0 1
0 3
0
No
0
Yes
46 46
45 46
46 45
46 47
47 46
45 45
45 47
47 45
47 47
44 46
46 44
46 48
48 46
44 45
44 47
45 44
45 48
47 44
47 48
48 45
48 47
44 44
44 48
48 44
48 48
43 46
46 43
46 49
49 46
43 45
43 47
45 43
45 49
47 43
47 49
49 45
49 47
43 44
43 48
44 43
44 49
48 43
48 49
49 44
49 48
42 46
46 42
42 45
42 47
45 42
47 42
43 43
43 49
49 43
49 49
42 44
42 48
44 42
48 42
42 43
42 49
43 42
49 42
0
No
0
No
0
Yes
28 20
27 20
27 19
28 19
27 18
28 18
29 18
29 19
29 20
26 18
26 19
26 20
30 20
30 19
30 18
29 17
28 17
27 17
26 17
30 17
25 20
25 19
25 18
25 17
31 19
31 18
31 17
31 20
28 16
27 16
29 16
26 16
30 16
25 16
31 16
24 19
24 18
24 17
24 16
24 20
27 15
26 15
25 15
0
No
0
No
0
No
0
Yes
24 13
24 14
23 14
23 15
24 15
22 15
22 14
21 15
21 14
21 16
22 16
23 16
23 17
22 17
21 17
20 16
20 15
20 14
20 17
22 18
21 18
23 18
20 18
20 13
21 13
22 13
19 14
19 15
19 16
19 17
19 13
19 18
23 19
22 19
21 19
20 19
19 19
18 13
18 14
18 15
18 16
18 17
18 18
18 19
22 20
21 20
20 20
19 20
18 20
23 20
18 21
0
No
0
Yes
38 26
39 26
38 25
38 27
39 25
39 27
37 26
40 26
37 25
37 27
40 25
40 27
38 24
38 28
39 24
39 28
36 26
37 24
37 28
40 24
40 28
41 26
36 25
36 27
41 25
41 27
38 23
38 29
39 23
39 29
36 24
36 28
41 24
41 28
37 23
37 29
40 23
40 29
35 26
42 26
35 25
35 27
42 25
42 27
36 23
36 29
41 23
41 29
35 24
35 28
38 22
39 22
42 24
42 28
37 22
40 22
34 26
43 26
34 25
34 27
35 23
35 29
42 23
42 29
43 25
43 27
36 22
41 22
34 24
34 28
43 24
43 28
35 22
42 22
34 23
34 29
43 23
43 29
33 26
44 26
33 25
33 27
44 25
44 27
33 24
33 28
44 24
44 28
34 22
43 22
33 23
33 29
44 23
44 29
32 26
32 25
32 27
32 24
32 28
33 22
44 22
32 23
0
Yes
27 18
27 19
28 18
28 19
26 18
26 19
27 17
27 20
28 17
28 20
29 18
29 19
26 17
26 20
29 17
29 20
25 18
25 19
27 16
28 16
30 18
30 19
25 17
25 20
26 16
29 16
30 17
30 20
24 18
24 19
25 16
30 16
24 17
24 20
24 16
0
Yes
28 48
27 48
28 47
28 49
29 48
27 47
27 49
29 47
29 49
26 48
28 46
26 47
26 49
27 46
29 46
26 46
0
No
0
No
0
No
0
No
0
No
0
Yes
21 17
20 17
21 16
21 18
22 17
20 16
20 18
22 16
22 18
19 17
21 15
21 19
23 17
19 16
19 18
20 15
20 19
22 15
22 19
23 16
23 18
19 15
19 19
23 15
23 19
18 17
21 14
21 20
18 16
18 18
20 14
20 20
22 14
22 20
18 15
18 19
19 14
19 20
23 14
23 20
21 13
20 13
22 13
18 14
18 20
19 13
18 13
0
Yes
48 2
49 2
48 1
48 3
49 1
49 3
47 2
47 1
47 3
48 0
49 0
0
No
0
No
0
No
0
Yes
10 47
9 47
9 46
10 46
9 45
10 45
11 45
11 46
11 47
8 45
8 46
8 47
11 48
10 48
9 48
8 48
12 47
12 46
12 48
12 45
11 44
10 44
9 44
8 44
12 44
7 47
7 46
7 45
7 48
7 44
10 49
9 49
11 49
8 49
12 49
7 49
13 46
13 47
13 48
13 45
13 49
13 44
10 43
9 43
11 43
8 43
12 43
7 43
13 43
6 46
6 47
6 45
6 44
6 43
6 48
6 49
14 47
14 46
14 45
14 48
14 44
14 49
14 43
9 42
10 42
11 42
8 42
12 42
7 42
13 42
6 42
14 42
15 46
15 47
15 45
15 44
15 48
15 43
15 49
15 42
10 41
9 41
11 41
8 41
12 41
13 41
7 41
14 41
6 41
15 41
16 47
16 46
16 45
16 44
16 48
16 49
16 43
16 42
9 40
10 40
11 40
8 40
12 40
7 40
13 40
6 40
14 40
17 46
17 47
17 48
17 45
17 44
0
Yes
7 35
7 36
7 37
7 38
7 39
8 35
8 36
8 37
8 38
8 39
9 35
9 36
9 37
9 38
9 39
10 35
10 36
10 37
10 38
10 39
11 35
11 36
11 37
11 38
11 39
12 35
12 36
12 37
12 38
12 39
0
Yes
34 46
35 46
34 45
34 47
35 45
35 47
33 46
36 46
33 45
33 47
36 45
36 47
34 44
34 48
35 44
35 48
32 46
33 44
33 48
36 44
36 48
37 46
32 45
32 47
37 45
37 47
34 43
34 49
35 43
35 49
32 44
32 48
37 44
37 48
33 43
33 49
36 43
36 49
31 46
38 46
31 45
31 47
38 45
38 47
32 43
32 49
37 43
37 49
31 44
31 48
34 42
35 42
38 44
38 48
33 42
36 42
30 46
30 45
30 47
31 43
31 49
38 43
38 49
32 42
37 42
30 44
30 48
31 42
38 42
30 43
30 49
30 42
0
Yes
10 45
10 46
9 45
9 46
11 45
11 46
10 44
10 47
9 44
9 47
11 44
11 47
8 45
8 46
12 45
12 46
8 44
8 47
10 43
10 48
12 44
12 47
9 43
9 48
11 43
11 48
7 45
7 46
13 45
13 46
8 43
8 48
12 43
12 48
7 44
7 47
13 44
13 47
10 42
10 49
9 42
9 49
11 42
11 49
7 43
7 48
13 43
13 48
6 45
6 46
8 42
8 49
12 42
12 49
6 44
6 47
10 41
7 42
7 49
9 41
11 41
13 42
13 49
6 43
6 48
8 41
12 41
6 42
6 49
7 41
13 41
6 41
0
No
0
No
0
No
0
Yes
25 47
24 47
24 46
24 48
25 48
23 48
23 47
23 46
23 49
24 49
25 49
22 49
22 48
22 47
0
No
0
Yes
21 47
20 47
20 46
21 46
20 48
21 48
19 48
19 47
19 46
19 49
20 49
21 49
18 47
18 48
18 46
18 49
18 45
19 45
20 45
17 46
17 47
17 48
17 45
17 49
16 47
16 46
16 48
16 45
16 49
17 44
18 44
19 44
16 44
15 46
15 47
15 48
15 45
15 49
0
No
0
Yes
47 45
47 46
46 45
46 46
48 45
48 46
47 44
47 47
46 44
46 47
48 44
48 47
45 45
45 46
49 45
49 46
45 44
45 47
47 43
47 48
49 44
49 47
46 43
46 48
48 43
48 48
44 45
44 46
45 43
45 48
49 43
49 48
44 44
44 47
47 42
47 49
46 42
46 49
48 42
48 49
44 43
44 48
45 42
45 49
49 42
49 49
47 41
44 42
44 49
46 41
48 41
45 41
0
Yes
4 0
3 0
3 1
4 1
3 2
4 2
2 2
2 1
2 0
1 0
1 1
1 2
2 3
1 3
3 3
4 3
0 1
0 2
0 0
0 3
0 4
0
Yes
10 45
11 45
10 44
10 46
11 44
11 46
9 45
12 45
9 44
9 46
12 44
12 46
10 43
10 47
11 43
11 47
8 45
9 43
9 47
12 43
12 47
13 45
8 44
8 46
13 44
13 46
10 42
10 48
11 42
11 48
8 43
8 47
13 43
13 47
9 42
9 48
12 42
12 48
7 45
14 45
7 44
7 46
14 44
14 46
8 42
8 48
13 42
13 48
7 43
7 47
10 41
10 49
11 41
11 49
14 43
14 47
9 41
9 49
12 41
12 49
6 45
6 44
6 46
7 42
7 48
14 42
14 48
8 41
8 49
13 41
13 49
6 43
6 47
10 40
11 40
9 40
12 40
7 41
7 49
14 41
14 49
6 42
6 48
8 40
13 40
6 41
6 49
7 40
14 40
6 40
0
Yes
11 7
10 7
11 6
10 6
0
Yes
38 25
37 25
37 24
38 24
37 23
38 23
39 23
39 24
39 25
36 23
36 24
36 25
39 26
38 26
37 26
36 26
40 25
40 24
40 26
40 23
39 22
38 22
37 22
36 22
40 22
35 25
35 24
35 23
35 26
35 22
38 27
37 27
39 27
36 27
40 27
35 27
41 24
41 25
41 26
41 23
41 27
41 22
38 21
37 21
39 21
36 21
40 21
35 21
41 21
34 24
34 25
34 23
34 26
34 22
34 27
34 21
37 28
38 28
39 28
36 28
40 28
35 28
41 28
34 28
42 25
42 24
42 26
42 23
42 27
42 22
42 28
42 21
37 20
38 20
39 20
36 20
40 20
35 20
41 20
34 20
42 20
33 25
33 24
33 26
33 23
33 22
33 27
33 21
33 28
33 20
38 29
37 29
39 29
36 29
40 29
35 29
41 29
34 29
42 29
33 29
43 24
43 25
43 26
43 27
43 23
43 22
43 28
43 29
38 19
37 19
39 19
36 19
35 19
40 19
41 19
34 19
33 19
32 24
32 25
32 26
32 23
32 27
32 22
32 21
32 28
32 20
32 29
32 19
44 25
44 24
44 26
44 27
44 23
44 28
44 22
44 29
37 18
38 18
39 18
36 18
35 18
34 18
33 18
32 18
40 18
0
Yes
29 29
28 29
28 28
29 28
28 27
29 27
30 27
30 28
30 29
27 27
27 28
27 29
30 30
29 30
28 30
27 30
31 29
31 28
31 30
31 27
30 26
29 26
28 26
27 26
31 26
26 29
26 28
26 27
26 30
26 26
29 31
28 31
30 31
27 31
31 31
26 31
29 25
28 25
30 25
27 25
31 25
26 25
25 28
25 29
25 27
25 30
25 26
25 31
25 25
28 32
29 32
27 32
30 32
26 32
31 32
25 32
28 24
29 24
27 24
30 24
26 24
31 24
25 24
24 29
24 28
24 27
24 26
24 30
24 31
24 25
24 24
29 33
28 33
30 33
27 33
31 33
26 33
29 23
28 23
27 23
26 23
30 23
25 23
31 23
24 23
23 28
23 29
23 27
23 26
23 25
23 30
23 24
0
No
0
No
0
Yes
38 35
38 36
39 35
39 36
37 35
37 36
38 34
38 37
39 34
39 37
40 35
40 36
37 34
37 37
40 34
40 37
36 35
36 36
38 33
38 38
39 33
39 38
41 35
41 36
36 34
36 37
37 33
37 38
40 33
40 38
41 34
41 37
35 35
35 36
36 33
36 38
38 32
38 39
39 32
39 39
41 33
41 38
42 35
42 36
35 34
35 37
37 32
37 39
40 32
40 39
42 34
42 37
35 33
35 38
36 32
36 39
41 32
41 39
42 33
42 38
34 35
34 36
38 31
38 40
39 31
39 40
43 35
43 36
34 34
34 37
37 31
37 40
40 31
40 40
43 34
43 37
35 32
35 39
42 32
42 39
34 33
34 38
36 31
36 40
41 31
41 40
43 33
43 38
33 35
33 36
38 30
39 30
44 35
44 36
33 34
33 37
34 32
34 39
35 31
35 40
37 30
40 30
42 31
42 40
43 32
43 39
44 34
44 37
33 33
33 38
36 30
41 30
44 33
44 38
34 31
34 40
43 31
43 40
32 35
32 36
33 32
33 39
35 30
42 30
44 32
44 39
32 34
32 37
32 33
32 38
33 31
33 40
34 30
43 30
44 31
44 40
32 32
32 39
33 30
44 30
32 31
32 40
32 30
0
Yes
48 1
48 2
49 1
49 2
47 1
47 2
48 0
49 0
47 0
0
No
0
No
0
No
0
No
0
Yes
44 30
43 30
43 31
44 31
43 32
44 32
42 32
42 31
42 30
41 30
41 31
41 32
42 33
43 33
44 33
41 33
40 31
40 32
40 30
40 33
44 34
43 34
42 34
41 34
40 34
39 30
39 31
39 32
39 33
39 34
43 35
42 35
41 35
40 35
44 35
39 35
38 31
38 32
38 33
38 34
38 30
38 35
44 36
43 36
42 36
41 36
40 36
39 36
38 36
37 30
37 31
37 32
37 33
37 34
37 35
37 36
43 37
42 37
41 37
40 37
39 37
38 37
44 37
37 37
36 31
36 32
36 33
36 34
36 35
36 36
36 30
36 37
44 38
43 38
42 38
41 38
40 38
39 38
38 38
37 38
36 38
35 30
35 31
35 32
35 33
35 34
35 35
35 36
35 37
35 38
43 39
42 39
41 39
40 39
39 39
38 39
37 39
36 39
44 39
35 39
34 31
34 32
34 33
34 34
34 35
34 36
34 37
34 38
34 30
34 39
44 40
43 40
42 40
41 40
40 40
39 40
38 40
37 40
36 40
35 40
34 40
33 30
33 31
33 32
33 33
33 34
33 35
33 36
33 37
33 38
33 39
33 40
43 41
42 41
41 41
40 41
39 41
38 41
37 41
36 41
35 41
34 41
44 41
33 41
32 31
32 32
32 33
32 34
0
Yes
39 17
38 17
38 16
39 16
38 15
39 15
37 15
37 16
37 17
36 17
36 16
36 15
37 14
38 14
39 14
36 14
35 16
35 15
35 17
35 14
39 13
38 13
37 13
36 13
35 13
34 17
34 16
34 15
34 14
34 13
37 12
36 12
35 12
34 12
0
Yes
5 35
5 36
5 37
6 37
6 38
5 38
4 38
7 38
7 37
7 36
8 36
8 37
8 38
8 35
7 35
9 35
9 36
9 37
9 38
9 34
8 34
8 33
9 33
7 33
7 32
8 32
9 32
7 39
6 39
8 39
9 39
8 31
7 31
9 31
10 34
10 35
10 36
10 37
10 38
10 39
7 30
8 30
10 32
11 35
11 36
11 37
11 38
11 39
8 29
7 29
12 36
12 37
12 38
12 35
12 39
12 34
13 35
13 36
13 37
13 38
13 34
13 39
14 34
14 35
14 36
14 37
14 38
15 35
15 36
15 37
15 34
15 38
15 33
16 34
16 35
16 36
16 37
16 33
16 38
16 32
17 35
17 34
17 36
17 33
17 32
18 32
18 31
19 31
6 33
3 38
3 37
2 37
2 38
2 36
3 36
1 36
1 37
1 38
0 37
0 36
0 38
18 35
20 31
20 32
21 32
21 31
21 30
22 31
22 32
22 30
22 29
21 29
20 29
23 32
23 31
22 28
0
Yes
31 37
30 37
31 36
31 38
32 37
30 36
30 38
32 36
32 38
29 37
31 35
31 39
29 36
29 38
30 35
30 39
32 35
32 39
29 35
31 34
30 34
29 34
0
Yes
7 2
6 2
7 1
7 3
8 2
6 1
6 3
8 1
8 3
5 2
7 0
5 1
5 3
6 0
8 0
5 0
0
No
0
Yes
38 26
37 26
38 25
38 27
39 26
37 25
37 27
39 25
39 27
36 26
38 24
38 28
40 26
36 25
36 27
37 24
37 28
39 24
39 28
40 25
40 27
36 24
36 28
40 24
40 28
35 26
38 23
38 29
41 26
35 25
35 27
37 23
37 29
39 23
39 29
41 25
41 27
35 24
35 28
36 23
36 29
40 23
40 29
41 24
41 28
34 26
38 22
42 26
34 25
34 27
37 22
39 22
42 25
42 27
35 23
35 29
41 23
41 29
34 24
34 28
36 22
40 22
42 24
42 28
33 26
34 23
34 29
35 22
41 22
42 23
42 29
43 26
33 25
33 27
43 25
43 27
33 24
33 28
43 24
43 28
34 22
42 22
33 23
33 29
43 23
43 29
32 26
32 25
32 27
32 24
32 28
33 22
43 22
32 23
0
No
0
Yes
27 15
26 15
26 16
27 16
26 17
27 17
25 17
25 16
25 15
24 15
24 16
24 17
25 18
26 18
27 18
24 18
28 18
28 17
28 16
27 19
26 19
25 19
28 19
24 19
29 16
29 17
29 18
29 19
26 20
27 20
28 20
25 20
29 20
24 20
30 17
30 18
30 19
30 16
30 20
27 21
26 21
28 21
25 21
29 21
24 21
30 21
31 16
31 17
31 18
31 19
31 20
31 21
31 15
30 15
29 15
26 22
27 22
28 22
29 22
25 22
30 22
24 22
31 22
29 14
30 14
31 14
32 15
32 16
32 17
32 18
32 19
32 20
32 21
32 22
30 13
29 13
31 13
33 16
33 17
33 18
33 19
33 20
33 21
33 15
34 15
34 16
34 17
34 18
34 19
34 20
34 21
35 16
35 17
35 18
35 19
35 20
35 15
35 21
35 14
34 14
33 14
36 15
36 16
36 17
36 18
36 19
36 20
36 14
36 21
36 13
35 13
34 13
37 14
37 15
37 16
37 17
37 18
37 19
37 20
37 13
37 21
34 12
35 12
36 12
37 12
38 15
38 16
38 17
38 18
38 19
38 14
38 13
38 20
38 21
35 11
36 11
34 11
37 11
0
No
0
Yes
44 46
43 46
44 45
44 47
45 46
43 45
43 47
45 45
45 47
42 46
44 44
44 48
46 46
42 45
42 47
43 44
43 48
45 44
45 48
46 45
46 47
42 44
42 48
46 44
46 48
41 46
44 43
44 49
47 46
41 45
41 47
43 43
43 49
45 43
45 49
47 45
47 47
41 44
41 48
42 43
42 49
46 43
46 49
47 44
47 48
40 46
44 42
48 46
40 45
40 47
43 42
45 42
48 45
48 47
41 43
41 49
47 43
47 49
40 44
40 48
42 42
46 42
48 44
48 48
39 46
40 43
40 49
41 42
47 42
48 43
48 49
49 46
39 45
39 47
49 45
49 47
39 44
39 48
49 44
49 48
40 42
48 42
39 43
39 49
49 43
49 49
38 46
38 45
38 47
38 44
38 48
39 42
49 42
38 43
0
Yes
10 21
9 21
9 20
10 20
9 22
8 22
8 21
8 20
7 21
7 20
7 22
6 22
6 21
6 20
7 19
6 19
8 19
9 19
7 23
8 23
6 23
9 23
5 21
5 22
5 23
5 20
5 19
6 24
7 24
8 24
5 24
0
Yes
28 19
29 19
28 18
28 20
29 18
29 20
27 19
30 19
27 18
27 20
30 18
30 20
28 17
28 21
29 17
29 21
26 19
27 17
27 21
30 17
30 21
31 19
26 18
26 20
31 18
31 20
28 16
28 22
29 16
29 22
26 17
26 21
31 17
31 21
27 16
27 22
30 16
30 22
25 19
32 19
25 18
25 20
32 18
32 20
26 16
26 22
31 16
31 22
25 17
25 21
29 15
32 17
32 21
27 15
30 15
24 19
24 18
24 20
25 16
25 22
32 16
32 22
26 15
31 15
24 17
24 21
25 15
32 15
24 16
24 22
24 15
0
No
0
Yes
21 24
22 24
21 23
21 25
22 23
22 25
20 24
23 24
20 23
20 25
23 23
23 25
21 22
21 26
22 22
22 26
19 24
20 22
20 26
23 22
23 26
19 23
19 25
21 21
22 21
19 22
19 26
20 21
23 21
0
Yes
29 25
29 26
28 25
28 26
30 25
30 26
29 24
29 27
28 24
28 27
30 24
30 27
27 25
27 26
31 25
31 26
27 24
27 27
29 23
31 24
31 27
28 23
30 23
26 25
26 26
27 23
31 23
26 24
26 27
26 23
0
No
0
No
0
No
0
No
0
No
0
No
0
Yes
33 21
33 20
34 20
34 21
35 20
35 21
35 19
34 19
33 19
33 18
34 18
35 18
36 19
36 20
36 21
36 18
34 17
35 17
33 17
36 17
37 21
37 20
37 19
37 18
37 17
33 16
34 16
35 16
36 16
37 16
38 20
38 19
38 18
38 17
38 21
38 16
34 15
35 15
36 15
37 15
33 15
38 15
39 21
39 20
39 19
39 18
39 17
39 16
39 15
33 14
34 14
35 14
0
Yes
28 5
28 4
29 4
29 5
30 4
30 5
30 3
29 3
28 3
28 2
29 2
30 2
31 3
31 2
31 4
31 5
29 1
30 1
28 1
31 1
28 0
29 0
30 0
31 0
27 1
27 2
27 3
0
Yes
34 13
34 12
35 12
35 13
36 12
36 13
36 11
35 11
34 11
34 10
35 10
36 10
37 11
37 12
37 13
37 10
35 9
36 9
34 9
37 9
34 8
35 8
36 8
37 8
33 9
33 10
33 11
35 7
36 7
37 7
34 7
0
No
0
Yes
32 30
31 30
31 29
32 29
31 31
30 29
30 30
30 31
30 28
31 28
30 32
31 32
29 30
29 29
29 31
29 28
29 32
31 33
30 33
29 33
28 29
28 30
28 31
28 32
28 28
28 33
27 30
27 29
27 31
27 32
27 28
27 33
28 34
27 34
26 29
26 30
26 31
26 32
26 33
26 28
25 30
25 29
25 31
25 32
25 28
27 35
28 35
25 27
24 29
24 30
24 31
24 28
24 27
24 26
25 26
25 25
24 25
23 30
23 29
23 28
23 27
23 26
23 25
24 24
25 24
23 24
25 23
24 23
23 23
22 27
22 26
22 25
22 24
22 23
21 26
21 25
21 24
21 27
21 23
23 22
22 22
21 22
20 27
20 26
20 25
20 24
20 23
20 22
22 21
21 21
23 21
20 21
23 20
22 20
21 20
20 20
19 26
19 25
19 24
19 23
19 22
19 21
19 20
18 25
22 19
21 19
20 19
23 19
19 19
23 18
22 18
21 18
20 18
19 18
22 17
21 17
20 17
23 17
19 17
18 21
18 20
18 19
18 18
18 17
23 16
22 16
21 16
20 16
19 16
18 16
0
No
0
Yes
33 14
33 15
34 15
34 14
35 15
35 14
35 16
34 16
33 16
33 17
34 17
35 17
36 16
36 15
36 14
36 17
34 18
35 18
33 18
36 18
37 14
37 15
37 16
37 17
37 18
33 19
34 19
35 19
36 19
37 19
38 15
38 16
38 17
38 18
38 14
38 19
34 20
35 20
36 20
37 20
33 20
38 20
39 14
39 15
39 16
39 17
39 18
39 19
39 20
33 21
34 21
35 21
36 21
37 21
38 21
39 21
40 18
0
No
0
No
0
No
0
No
0
Yes
21 46
20 46
20 45
20 47
21 47
19 47
19 46
19 45
19 48
20 48
21 48
18 46
18 47
18 45
18 48
21 49
20 49
19 49
18 49
17 45
17 46
17 47
0
No
0
No
0
No
0
No
0
No
0
Yes
30 49
30 48
31 48
31 49
32 48
32 49
32 47
31 47
30 47
30 46
31 46
32 46
33 47
33 48
33 49
33 46
31 45
32 45
30 45
33 45
34 49
34 48
34 47
34 46
34 45
30 44
31 44
32 44
33 44
34 44
35 48
35 47
35 46
35 45
35 49
35 44
31 43
32 43
33 43
34 43
30 43
35 43
36 49
36 48
36 47
36 46
36 45
36 44
36 43
30 42
31 42
32 42
33 42
34 42
35 42
36 42
29 43
29 44
29 45
37 48
37 47
37 46
37 45
37 44
37 43
37 49
37 42
31 41
32 41
0
No
0
No
0
No
0
No
0
No
0
No
0
Yes
48 23
49 23
48 22
48 24
49 22
49 24
47 23
47 22
47 24
0
Yes
30 14
31 14
30 13
31 13
29 14
29 13
0
Yes
40 29
39 29
39 28
40 28
39 27
40 27
41 27
41 28
41 29
38 27
38 28
38 29
42 29
42 28
42 27
41 26
40 26
39 26
38 26
42 26
37 29
37 28
37 27
37 26
43 28
43 27
43 29
43 26
40 25
39 25
41 25
38 25
42 25
37 25
43 25
36 28
36 27
36 26
36 29
36 25
44 29
44 28
44 27
44 26
44 25
39 24
40 24
41 24
38 24
42 24
37 24
43 24
36 24
44 24
35 29
35 28
35 27
35 26
35 25
35 24
40 23
39 23
41 23
38 23
42 23
37 23
43 23
36 23
44 23
35 23
34 23
34 24
34 25
34 26
34 27
34 28
34 29
39 22
40 22
41 22
38 22
42 22
37 22
36 22
43 22
35 22
44 22
34 22
45 22
45 23
0
Yes
24 31
24 30
23 30
25 30
25 31
25 29
24 29
23 29
26 29
26 30
26 31
24 28
25 28
23 28
26 28
27 31
27 30
27 29
27 28
23 27
24 27
25 27
26 27
27 27
28 30
28 29
28 28
28 31
28 27
27 32
26 32
28 32
25 32
24 26
25 26
26 26
27 26
23 26
28 26
29 31
29 30
29 29
29 28
29 27
29 32
29 26
28 33
27 33
29 33
26 33
23 25
24 25
25 25
26 25
27 25
28 25
29 25
30 30
30 31
30 29
30 28
30 27
30 32
30 26
30 33
30 25
24 24
25 24
26 24
27 24
28 24
29 24
23 24
30 24
22 25
22 26
22 27
22 24
31 31
31 30
31 29
31 28
31 27
31 26
31 25
31 24
31 32
31 33
23 23
24 23
25 23
26 23
27 23
28 23
29 23
30 23
22 23
31 23
21 27
21 26
21 25
21 24
21 23
32 30
32 29
32 28
32 27
32 26
32 25
32 24
32 23
20 26
20 25
20 24
20 23
20 27
21 22
22 22
23 22
20 22
33 29
33 28
33 27
33 26
33 25
33 24
33 23
0
No
0
No
0
No
0
Yes
33 28
32 28
32 27
33 27
32 26
33 26
31 26
31 27
31 28
31 29
32 29
33 29
30 28
30 27
30 29
30 26
31 25
32 25
33 25
30 25
30 30
31 30
32 30
29 27
29 28
29 29
29 26
29 30
29 25
33 24
32 24
31 24
30 24
29 24
29 31
30 31
31 31
28 28
28 27
28 29
28 26
28 30
28 25
28 31
28 24
32 23
31 23
30 23
29 23
28 23
33 23
31 32
30 32
29 32
28 32
27 27
27 28
27 29
27 26
27 30
27 25
27 31
27 24
27 32
27 23
27 33
28 33
29 33
30 33
31 33
26 28
26 27
26 29
26 26
26 30
26 25
26 31
26 24
26 32
26 23
26 33
25 27
25 28
25 29
25 26
25 30
25 25
25 31
25 24
25 23
25 32
24 28
24 27
24 29
24 26
24 25
24 30
24 24
24 23
24 31
23 27
23 28
23 26
0
No
0
No
0
No
0
No
0
Yes
0 4
0 3
1 3
1 2
0 2
1 1
0 1
2 1
2 2
2 3
2 0
1 0
0 0
3 3
3 2
3 1
3 0
4 2
4 1
4 3
4 0
0
No
0
Yes
32 47
33 47
32 46
32 48
33 46
33 48
31 47
34 47
31 46
31 48
34 46
34 48
32 45
32 49
33 45
33 49
30 47
31 45
31 49
34 45
34 49
35 47
30 46
30 48
35 46
35 48
32 44
33 44
30 45
30 49
35 45
35 49
31 44
34 44
29 47
29 46
29 48
30 44
35 44
29 45
29 49
29 44
0
No
0
Yes
7 2
8 2
7 1
7 3
8 1
8 3
6 2
9 2
6 1
6 3
9 1
9 3
7 0
8 0
5 2
6 0
9 0
5 1
5 3
5 0
0
No
0
Yes
18 47
17 47
18 46
18 48
19 47
17 46
17 48
19 46
19 48
16 47
18 45
18 49
20 47
16 46
16 48
17 45
17 49
19 45
19 49
20 46
20 48
16 45
16 49
20 45
20 49
15 47
18 44
15 46
15 48
17 44
19 44
15 45
15 49
16 44
15 44
0
No
0
No
0
Yes
47 43
46 43
46 42
47 42
46 44
47 44
48 42
48 43
48 44
47 41
46 41
48 41
47 45
46 45
48 45
49 43
49 42
49 44
49 41
49 45
45 42
45 43
45 44
45 41
45 45
44 43
44 42
44 44
44 45
46 46
47 46
48 46
45 46
49 46
44 46
47 47
46 47
48 47
45 47
49 47
44 47
43 42
43 43
43 44
43 45
43 46
43 47
42 43
42 44
42 45
42 46
42 42
42 47
46 48
47 48
48 48
45 48
44 48
43 48
49 48
42 48
47 49
46 49
48 49
45 49
44 49
43 49
49 49
42 49
41 42
41 43
41 44
41 45
41 46
41 47
41 48
41 49
40 43
40 44
40 45
40 46
40 47
40 48
40 42
40 49
39 42
39 43
39 44
39 45
39 46
39 47
39 48
39 49
38 43
38 44
38 45
38 46
38 47
38 48
38 42
38 49
37 42
37 43
37 44
37 45
37 46
37 47
37 48
37 49
36 43
36 44
36 45
36 46
36 47
36 48
36 42
36 49
35 42
35 43
34 43
34 42
33 42
33 43
32 43
0
No
0
No
0
Yes
41 20
41 21
42 20
42 21
40 20
40 21
41 19
40 19
0
No
0
No
0
Yes
26 23
26 24
25 23
25 24
27 23
27 24
26 22
26 25
25 22
25 25
27 22
27 25
24 23
24 24
28 23
28 24
24 22
24 25
26 21
26 26
28 22
28 25
25 21
25 26
27 21
27 26
23 23
23 24
29 23
29 24
24 21
24 26
28 21
28 26
23 22
23 25
29 22
29 25
26 20
26 27
25 20
25 27
27 20
27 27
23 21
23 26
29 21
29 26
22 23
22 24
24 20
24 27
28 20
28 27
30 23
30 24
22 22
22 25
30 22
30 25
26 19
23 20
23 27
25 19
27 19
29 20
29 27
22 21
22 26
30 21
30 26
24 19
28 19
21 23
21 24
31 23
31 24
21 22
21 25
31 22
31 25
22 20
22 27
30 20
30 27
23 19
29 19
21 21
21 26
31 21
31 26
20 23
20 24
22 19
30 19
32 23
32 24
21 20
21 27
31 20
31 27
20 22
20 25
32 22
32 25
20 21
20 26
32 21
32 26
21 19
31 19
20 20
20 27
32 20
32 27
19 23
19 24
19 22
19 25
19 21
19 26
20 19
32 19
19 20
0
No
0
No
0
No
0
Yes
35 9
34 9
34 8
35 8
34 7
35 7
36 7
36 8
36 9
36 10
35 10
34 10
37 9
37 8
37 10
37 7
36 6
35 6
34 6
37 6
35 11
36 11
34 11
37 11
38 8
38 7
38 6
38 9
35 5
36 5
37 5
34 5
38 5
34 12
35 12
36 12
37 12
33 11
33 10
33 9
39 7
39 6
39 5
34 4
35 4
36 4
37 4
38 4
39 4
35 13
36 13
37 13
34 13
32 9
32 10
32 11
33 4
33 5
33 6
35 3
36 3
37 3
34 3
38 3
33 3
39 3
32 6
32 5
32 4
32 3
34 2
35 2
36 2
37 2
33 2
38 2
32 2
39 2
31 5
31 4
31 3
31 2
31 1
32 1
33 1
34 1
35 1
36 1
37 1
38 1
39 1
30 4
30 3
30 2
30 5
30 1
30 0
31 0
32 0
33 0
34 0
35 0
36 0
37 0
38 0
39 0
29 5
29 4
29 3
29 2
29 1
29 0
28 4
28 3
28 2
28 1
28 0
28 5
0
No
0
Yes
0 49
0 48
1 48
1 49
2 49
2 48
1 47
0 47
2 47
0 46
1 46
2 46
3 48
3 47
3 49
3 46
4 49
4 48
4 47
4 46
1 45
2 45
3 45
0 45
4 45
0 44
1 44
2 44
3 44
4 44
5 48
5 47
5 46
5 45
5 49
5 44
1 43
2 43
3 43
4 43
0 43
5 43
0 42
1 42
2 42
3 42
4 42
5 42
1 41
2 41
3 41
4 41
0 41
5 41
0 40
1 40
2 40
0
Yes
47 22
47 23
47 24
48 22
48 23
48 24
49 22
49 23
49 24
0
Yes
47 39
48 39
47 38
47 40
48 38
48 40
46 39
49 39
46 38
46 40
49 38
49 40
47 37
48 37
45 39
46 37
49 37
45 38
45 40
45 37
0
No
0
Yes
21 16
20 16
21 15
21 17
22 16
20 15
20 17
22 15
22 17
19 16
21 14
21 18
23 16
19 15
19 17
20 14
20 18
22 14
22 18
23 15
23 17
19 14
19 18
23 14
23 18
18 16
21 13
18 15
18 17
20 13
22 13
18 14
18 18
19 13
18 13
0
Yes
37 18
36 18
37 17
37 19
38 18
36 17
36 19
38 17
38 19
35 18
37 16
37 20
39 18
35 17
35 19
36 16
36 20
38 16
38 20
39 17
39 19
35 16
35 20
39 16
39 20
34 18
37 15
37 21
34 17
34 19
36 15
36 21
38 15
38 21
34 16
34 20
35 15
35 21
39 15
39 21
37 14
36 14
38 14
34 15
34 21
35 14
39 14
0
Yes
7 22
6 22
7 21
7 23
8 22
6 21
6 23
8 21
8 23
5 22
7 20
7 24
9 22
5 21
5 23
6 20
6 24
8 20
8 24
9 21
9 23
5 20
5 24
9 20
4 22
7 19
4 21
4 23
6 19
8 19
4 20
4 24
5 19
9 19
4 19
0
No
0
No
0
No
0
Yes
18 31
18 32
17 32
17 33
16 33
16 32
16 34
17 34
17 35
16 35
18 35
15 34
15 33
15 35
16 36
17 36
15 36
14 35
14 34
14 36
13 34
13 35
13 36
15 37
16 37
14 37
13 37
12 35
12 36
12 34
12 37
16 38
15 38
14 38
13 38
12 38
11 36
11 35
11 37
11 38
10 35
10 36
10 37
10 38
10 34
13 39
12 39
11 39
10 39
9 34
9 35
9 36
9 37
9 38
9 39
9 33
8 33
8 34
8 35
8 36
8 37
8 38
8 39
8 32
9 32
10 32
9 31
8 31
8 30
7 31
7 32
7 33
7 30
7 29
8 29
8 28
7 28
9 28
9 27
8 27
7 27
8 26
9 26
7 26
9 25
8 25
7 25
10 25
7 35
7 36
7 37
7 38
7 39
6 33
6 28
6 27
6 26
6 37
6 38
6 39
5 27
5 26
5 38
5 37
5 39
5 36
5 40
4 39
4 38
4 40
3 38
3 39
3 40
0
No
3
609
30 29
30 30
30 31
30 32
30 33
30 34
30 35
30 36
30 37
30 38
30 39
30 40
30 41
31 29
31 30
31 31
31 32
31 33
31 34
31 35
31 36
31 37
31 38
31 39
31 40
31 41
32 29
32 30
32 31
32 32
32 33
32 34
32 35
32 36
32 37
32 38
32 39
32 40
32 41
33 29
33 30
33 31
33 32
33 33
33 34
33 35
33 36
33 37
33 38
33 39
33 40
33 41
34 29
34 30
34 31
34 32
34 33
34 34
34 35
34 36
34 37
34 38
34 39
34 40
34 41
35 29
35 30
35 31
35 32
35 33
35 34
35 35
35 36
35 37
35 38
35 39
35 40
35 41
36 29
36 30
36 31
36 32
36 33
36 34
36 35
36 36
36 37
36 38
36 39
36 40
36 41
37 29
37 30
37 31
37 32
37 33
37 34
37 35
37 36
37 37
37 38
37 39
37 40
37 41
38 29
38 30
38 31
38 32
38 33
38 34
38 35
38 36
38 37
38 38
38 39
38 40
38 41
39 29
39 30
39 31
39 32
39 33
39 34
39 35
39 36
39 37
39 38
39 39
39 40
39 41
40 29
40 30
40 31
40 32
40 33
40 34
40 35
40 36
40 37
40 38
40 39
40 40
40 41
41 29
41 30
41 31
41 32
41 33
657
35 23
35 24
35 25
35 26
35 27
35 28
36 23
36 24
36 25
36 26
36 27
36 28
37 23
37 24
37 25
37 26
37 27
37 28
38 23
38 24
38 25
38 26
38 27
38 28
39 23
39 24
39 25
39 26
39 27
39 28
40 23
40 24
40 25
40 26
40 27
40 28
41 23
41 24
41 25
41 26
41 27
41 28
42 23
42 24
42 25
42 26
42 27
42 28
43 23
43 24
43 25
43 26
43 27
43 28
44 23
44 24
44 25
44 26
44 27
44 28
45 23
45 24
45 25
45 26
45 27
45 28
46 23
46 24
46 25
46 26
46 27
46 28
47 23
47 24
47 25
47 26
47 27
47 28
48 23
48 24
48 25
48 26
48 27
48 28
49 23
49 24
49 25
49 26
49 27
49 28
690
5 0
5 1
5 2
5 3
6 0
6 1
6 2
6 3
7 0
7 1
7 2
7 3
8 0
8 1
8 2
8 3
9 0
9 1
9 2
9 3
Yes
42 29
42 30
42 31
42 32
42 33
42 34
42 35
42 36
42 37
42 38
42 39
42 40
43 29
43 30
43 31
43 32
43 33
43 34
43 35
43 36
43 37
43 38
43 39
43 40
44 29
44 30
44 31
44 32
44 33
44 34
44 35
44 36
44 37
44 38
44 39
44 40
45 29
45 30
45 31
45 32
45 33
45 34
45 35
45 36
45 37
45 38
45 39
45 40
46 29
46 30
46 31
46 32
46 33
46 34
46 35
46 36
46 37
46 38
46 39
46 40
47 29
47 30
47 31
47 32
47 33
47 34
47 35
47 36
47 37
47 38
47 39
47 40
48 29
48 30
48 31
48 32
48 33
48 34
48 35
48 36
48 37
48 38
48 39
48 40
49 29
49 30
49 31
49 32
49 33
49 34
0
No
0
No
0
No
0
No
0
No
0
No
0
No
0
No
0
No
0
No
0
No
0
No
0
Yes
25 48
24 48
24 47
25 47
24 49
25 49
26 47
26 48
26 49
27 48
27 47
27 49
23 47
23 48
23 49
26 46
27 46
23 46
24 46
22 48
22 47
22 49
28 47
28 48
28 49
28 46
21 47
21 48
21 49
21 46
20 48
20 47
20 49
20 46
20 45
19 47
19 48
19 46
19 49
19 45
18 48
18 47
18 46
18 49
18 45
19 44
18 44
17 47
17 48
17 46
17 45
17 49
17 44
18 43
19 43
16 48
16 47
16 46
16 45
16 49
16 44
15 47
15 48
15 46
15 45
15 49
15 44
16 43
0
Yes
22 28
22 29
21 29
23 29
23 28
24 28
24 29
21 30
22 30
23 30
24 30
22 31
23 31
21 31
24 31
25 29
25 30
25 28
25 31
20 31
26 28
26 29
26 30
26 31
21 32
22 32
23 32
20 32
25 32
26 32
27 29
27 30
27 31
27 28
27 32
28 28
28 29
28 30
28 31
28 32
26 33
27 33
28 33
29 29
29 30
29 31
29 32
29 28
29 33
27 34
28 34
29 34
30 28
28 35
27 35
29 35
29 36
20 29
19 31
31 28
32 28
33 28
33 27
34 27
34 28
34 26
33 26
33 25
34 25
34 24
33 24
33 23
34 23
34 22
33 22
33 21
35 22
29 37
29 38
33 20
33 19
33 18
32 18
32 17
33 17
31 17
31 18
30 18
30 17
29 17
29 18
28 18
28 17
27 17
27 18
26 18
26 17
25 17
25 18
24 18
24 17
24 16
25 16
26 16
27 16
28 16
29 16
30 16
31 16
32 16
33 16
25 15
26 15
27 15
0
No
0
No
0
Yes
0 19
0 20
1 20
1 19
2 20
2 19
2 21
1 21
0 21
0 22
1 22
2 22
3 21
3 22
3 20
3 19
1 23
2 23
0 23
3 23
0 24
1 24
2 24
0
No
0
No
0
Yes
13 18
12 18
12 17
13 17
12 16
13 16
14 16
14 17
14 18
11 16
11 17
11 18
14 19
13 19
12 19
11 19
15 18
15 17
15 19
15 16
14 15
13 15
12 15
11 15
15 15
10 18
10 17
10 16
10 19
10 15
13 20
12 20
14 20
11 20
15 20
10 20
16 17
16 18
16 19
16 16
16 20
16 15
13 14
12 14
14 14
11 14
15 14
10 14
16 14
12 21
13 21
14 21
11 21
15 21
10 21
17 18
17 17
17 16
17 19
17 15
17 20
0
Yes
40 22
39 22
39 23
40 23
39 24
40 24
41 24
41 23
41 22
38 24
38 23
38 22
42 22
42 23
42 24
41 25
40 25
39 25
38 25
42 25
37 22
37 23
37 24
37 25
43 23
43 24
43 22
43 25
40 26
39 26
41 26
38 26
42 26
37 26
43 26
36 23
36 24
36 25
36 26
36 22
44 26
39 27
40 27
41 27
38 27
42 27
37 27
43 27
36 27
44 27
40 28
39 28
41 28
38 28
42 28
37 28
43 28
36 28
44 28
35 28
35 27
35 26
35 25
35 24
35 23
0
No
0
No
0
No
0
No
0
Yes
37 19
36 19
37 18
37 20
38 19
36 18
36 20
38 18
38 20
35 19
37 17
37 21
39 19
35 18
35 20
36 17
36 21
38 17
38 21
39 18
39 20
35 17
35 21
39 17
39 21
34 19
37 16
34 18
34 20
36 16
38 16
34 17
34 21
35 16
39 16
34 16
0
No
0
Yes
49 28
48 28
48 27
49 27
48 26
49 26
47 26
47 27
47 28
46 28
46 27
46 26
47 25
48 25
49 25
46 25
45 27
45 26
45 25
45 28
49 24
48 24
47 24
0
No
0
Yes
45 23
46 23
45 22
45 24
46 24
44 23
44 22
44 24
45 21
44 21
0
No
0
No
0
No
0
No
0
No
0
No
0
Yes
2 37
2 38
1 37
1 38
3 37
2 36
1 36
3 36
0 37
0 38
0 36
0
No
0
No
0
No
0
No
0
No
0
No
0
No
0
No
0
No
0
Yes
27 48
26 48
27 47
27 49
28 48
26 47
26 49
28 47
28 49
25 48
27 46
25 47
25 49
26 46
28 46
0
Yes
14 11
13 11
14 10
14 12
15 11
13 10
13 12
15 10
15 12
12 11
14 9
14 13
16 11
12 10
12 12
13 9
13 13
15 9
15 13
16 10
16 12
12 9
12 13
16 9
16 13
11 11
14 8
17 11
11 10
11 12
13 8
15 8
17 10
17 12
11 9
11 13
12 8
16 8
17 9
17 13
10 11
10 10
10 12
11 8
17 8
10 9
10 13
10 8
0
Yes
9 23
8 23
8 22
9 22
8 21
9 21
7 21
7 22
7 23
6 23
6 22
6 21
7 20
8 20
9 20
6 20
5 22
5 21
5 23
5 20
6 24
5 24
7 24
8 24
9 19
8 19
7 19
6 19
5 19
4 23
4 22
4 21
4 20
4 24
4 19
3 22
3 21
3 23
0
No
0
Yes
5 13
4 13
5 12
5 14
6 13
4 12
4 14
6 12
6 14
3 13
5 11
5 15
7 13
3 12
3 14
4 11
4 15
6 11
6 15
7 12
7 14
3 11
3 15
7 11
7 15
2 13
5 10
5 16
8 13
2 12
2 14
4 10
4 16
6 10
6 16
8 12
8 14
2 11
2 15
3 10
3 16
7 10
7 16
8 11
8 15
1 13
5 9
5 17
9 13
1 12
1 14
4 9
4 17
6 9
6 17
9 12
9 14
2 10
2 16
8 10
8 16
1 11
1 15
3 9
3 17
7 9
7 17
9 11
9 15
0 13
1 10
1 16
2 9
2 17
5 8
5 18
8 9
8 17
9 10
9 16
0 12
0 14
4 8
4 18
6 8
6 18
0 11
0 15
3 8
3 18
7 8
7 18
1 9
1 17
9 9
9 17
0 10
0 16
2 8
2 18
8 8
8 18
5 7
4 7
6 7
3 7
7 7
0 9
0 17
1 8
1 18
9 8
9 18
2 7
8 7
0 8
0 18
1 7
9 7
0
No
0
No
0
No
0
Yes
6 22
5 22
6 21
6 23
7 22
5 21
5 23
7 21
7 23
4 22
6 20
6 24
8 22
4 21
4 23
5 20
5 24
7 20
7 24
8 21
8 23
4 20
4 24
8 20
8 24
3 22
6 19
9 22
3 21
3 23
5 19
7 19
9 21
9 23
3 20
3 24
4 19
8 19
9 20
2 22
2 21
2 23
3 19
9 19
2 20
0
No
0
Yes
23 46
23 47
22 47
24 47
24 46
24 48
23 48
22 48
23 49
22 49
24 49
21 49
21 48
0
No
0
Yes
17 46
17 47
17 48
17 49
18 46
18 47
18 48
18 49
19 46
19 47
19 48
19 49
20 46
20 47
20 48
20 49
21 46
21 47
0
Yes
10 14
10 15
10 16
10 17
10 18
10 19
10 20
10 21
11 14
11 15
11 16
11 17
11 18
11 19
11 20
11 21
12 14
12 15
12 16
12 17
12 18
12 19
12 20
12 21
13 14
13 15
13 16
13 17
13 18
13 19
13 20
13 21
14 14
14 15
14 16
14 17
14 18
14 19
14 20
14 21
15 14
15 15
15 16
15 17
15 18
15 19
15 20
15 21
16 14
16 15
16 16
16 17
16 18
16 19
0
No
0
No
0
No
0
Yes
35 3
35 4
36 3
36 4
34 3
34 4
35 2
35 5
36 2
36 5
37 3
37 4
34 2
34 5
37 2
37 5
33 3
33 4
35 1
35 6
36 1
36 6
38 3
38 4
33 2
33 5
34 1
34 6
37 1
37 6
38 2
38 5
32 3
32 4
33 1
33 6
35 0
36 0
38 1
38 6
39 3
39 4
32 2
32 5
34 0
37 0
39 2
39 5
32 1
32 6
33 0
38 0
39 1
39 6
31 3
31 4
31 2
31 5
32 0
39 0
31 1
31 0
0
Yes
13 45
14 45
13 44
13 46
14 44
14 46
12 45
15 45
12 44
12 46
15 44
15 46
13 43
13 47
14 43
14 47
11 45
12 43
12 47
15 43
15 47
16 45
11 44
11 46
16 44
16 46
13 42
13 48
14 42
14 48
11 43
11 47
16 43
16 47
12 42
12 48
15 42
15 48
10 45
10 44
10 46
11 42
11 48
16 42
16 48
10 43
10 47
13 41
13 49
14 41
14 49
12 41
12 49
15 41
15 49
10 42
10 48
11 41
11 49
16 49
13 40
14 40
12 40
10 41
10 49
11 40
10 40
0
Yes
1 21
1 22
0 21
0 22
1 20
1 23
0 20
0 23
1 19
0 19
0
Yes
7 3
7 4
8 3
8 4
6 3
6 4
7 2
7 5
8 2
8 5
9 3
9 4
6 2
6 5
9 2
9 5
5 3
5 4
7 1
7 6
8 1
8 6
5 2
5 5
6 1
6 6
9 1
9 6
5 1
5 6
7 0
8 0
6 0
9 0
0
No
0
Yes
18 44
18 45
19 44
19 45
17 44
17 45
18 43
19 43
0
No
0
Yes
2 3
2 4
3 3
3 4
1 3
1 4
2 2
2 5
3 2
3 5
4 3
4 4
1 2
1 5
4 2
4 5
0 3
0 4
2 1
2 6
3 1
3 6
0 2
0 5
1 1
1 6
4 1
4 6
0 1
0 6
2 0
3 0
1 0
4 0
0 0
0
Yes
0 40
0 41
0 42
0 43
0 44
0 45
0 46
0 47
0 48
0 49
1 40
1 41
1 42
1 43
1 44
1 45
1 46
1 47
1 48
1 49
2 40
2 41
2 42
2 43
2 44
2 45
2 46
2 47
2 48
2 49
3 40
3 41
3 42
3 43
3 44
3 45
3 46
3 47
3 48
3 49
4 40
4 41
4 42
4 43
4 44
4 45
4 46
4 47
4 48
4 49
5 40
5 41
5 42
5 43
5 44
5 45
5 46
5 47
5 48
5 49
6 40
6 41
6 42
6 43
6 44
6 45
6 46
6 47
6 48
6 49
7 40
7 41
7 42
7 43
7 44
7 45
7 46
7 47
7 48
7 49
8 40
8 41
8 42
8 43
8 44
8 45
8 46
8 47
8 48
8 49
9 40
9 41
9 42
9 43
9 44
0
Yes
47 35
47 36
46 35
46 36
48 35
48 36
47 34
47 37
46 34
46 37
48 34
48 37
45 35
45 36
49 35
49 36
45 34
45 37
47 33
47 38
49 34
49 37
46 33
46 38
48 33
48 38
44 35
44 36
45 33
45 38
49 33
49 38
44 34
44 37
47 32
47 39
46 32
46 39
48 32
48 39
44 33
44 38
45 32
45 39
49 32
49 39
47 31
47 40
44 32
44 39
46 31
46 40
48 31
48 40
45 31
45 40
49 31
49 40
44 31
44 40
47 30
46 30
48 30
45 30
49 30
0
Yes
38 21
37 21
38 20
38 22
39 21
37 20
37 22
39 20
39 22
36 21
38 19
38 23
40 21
36 20
36 22
37 19
37 23
39 19
39 23
40 20
40 22
36 19
36 23
40 19
40 23
35 21
38 18
41 21
35 20
35 22
37 18
39 18
41 20
41 22
35 19
35 23
36 18
40 18
41 19
41 23
34 21
42 21
34 20
34 22
42 20
42 22
35 18
41 18
34 19
34 23
42 23
33 21
34 18
33 20
33 22
33 19
33 23
33 18
0
Yes
37 38
36 38
37 37
37 39
38 38
36 37
36 39
38 37
38 39
35 38
37 36
37 40
39 38
35 37
35 39
36 36
36 40
38 36
38 40
39 37
39 39
35 36
35 40
39 36
39 40
34 38
37 35
37 41
40 38
34 37
34 39
36 35
36 41
38 35
38 41
40 37
40 39
34 36
34 40
35 35
35 41
39 35
39 41
40 36
40 40
33 38
37 34
41 38
33 37
33 39
36 34
38 34
41 37
41 39
34 35
34 41
40 35
40 41
33 36
33 40
35 34
39 34
41 36
41 40
32 38
33 35
33 41
34 34
40 34
41 35
41 41
42 38
32 37
32 39
42 37
42 39
32 36
32 40
42 36
42 40
33 34
41 34
32 35
32 41
42 35
42 41
31 38
43 38
31 37
31 39
43 37
43 39
31 36
31 40
43 36
43 40
32 34
42 34
31 35
31 41
43 35
43 41
30 38
30 37
30 39
31 34
43 34
30 36
30 40
30 35
30 41
30 34
0
Yes
9 28
8 28
8 27
9 27
8 26
9 26
7 26
7 27
7 28
6 28
6 27
6 26
7 25
8 25
9 25
5 27
5 26
0
Yes
38 29
39 29
38 28
38 30
39 28
39 30
37 29
40 29
37 28
37 30
40 28
40 30
38 27
38 31
39 27
39 31
36 29
37 27
37 31
40 27
40 31
41 29
36 28
36 30
41 28
41 30
38 26
38 32
39 26
39 32
36 27
36 31
41 27
41 31
37 26
37 32
40 26
40 32
35 29
42 29
35 28
35 30
42 28
42 30
36 26
36 32
41 26
41 32
35 27
35 31
38 25
38 33
39 25
39 33
42 27
42 31
37 25
37 33
40 25
40 33
34 29
43 29
34 28
34 30
35 26
35 32
42 26
42 32
43 28
43 30
36 25
36 33
41 25
41 33
34 27
34 31
43 27
43 31
38 24
39 24
37 24
40 24
35 25
35 33
42 25
42 33
34 26
34 32
43 26
43 32
33 29
33 28
33 30
36 24
41 24
33 27
33 31
34 25
34 33
43 25
43 33
35 24
42 24
33 26
33 32
34 24
43 24
33 25
33 33
33 24
0
No
0
Yes
21 2
21 3
22 3
22 2
23 3
23 2
22 1
23 1
22 0
23 0
24 0
24 1
24 2
0
No
0
Yes
16 38
15 38
15 37
16 37
15 36
16 36
14 36
14 37
14 38
13 38
13 37
13 36
14 35
15 35
16 35
13 35
12 37
12 36
12 38
12 35
16 34
15 34
14 34
13 34
12 34
11 38
11 37
11 36
11 35
17 34
17 35
17 36
0
Yes
17 21
17 20
18 20
18 21
19 20
19 21
19 19
18 19
17 19
17 18
18 18
19 18
20 19
20 20
20 21
20 18
18 17
19 17
17 17
20 17
21 21
21 20
21 19
21 18
21 17
17 16
18 16
19 16
20 16
21 16
21 22
20 22
19 22
22 20
22 19
22 18
22 21
22 17
22 22
22 16
18 15
19 15
20 15
21 15
17 15
22 15
19 23
20 23
21 23
22 23
23 21
23 20
23 19
23 18
23 17
23 22
23 16
23 23
23 15
17 14
18 14
19 14
20 14
21 14
22 14
23 14
20 24
21 24
22 24
19 24
23 24
24 20
24 21
24 22
24 19
24 18
24 17
24 16
24 23
24 15
24 24
24 14
18 13
19 13
20 13
17 13
21 13
22 13
19 25
20 25
21 25
22 25
23 25
24 25
25 21
25 20
25 22
25 19
25 23
25 18
25 17
25 24
25 16
25 15
25 25
25 26
24 26
23 26
22 26
21 26
20 26
19 26
26 20
26 21
26 22
26 19
26 23
26 18
26 24
26 17
26 25
26 16
26 26
26 15
26 27
25 27
24 27
23 27
22 27
21 27
20 27
27 21
27 20
27 22
27 19
27 23
27 18
27 24
27 17
27 25
27 16
0
Yes
33 20
32 20
32 19
33 19
32 18
33 18
34 18
34 19
34 20
31 18
31 19
31 20
34 21
33 21
32 21
31 21
35 20
35 19
35 21
35 18
34 17
33 17
32 17
31 17
35 17
30 20
30 19
30 18
30 21
30 17
33 22
32 22
34 22
31 22
35 22
30 22
36 19
36 20
36 21
36 18
36 22
36 17
33 16
32 16
34 16
31 16
35 16
30 16
36 16
29 19
29 20
29 18
29 21
29 17
29 22
29 16
32 23
33 23
34 23
31 23
35 23
30 23
36 23
29 23
37 20
37 19
37 21
37 18
37 22
37 17
37 23
37 16
32 15
33 15
34 15
31 15
35 15
30 15
36 15
29 15
37 15
28 20
28 19
28 21
28 18
28 22
28 23
28 17
28 16
31 24
30 24
32 24
29 24
28 24
38 19
38 20
38 21
38 18
38 17
38 22
38 16
38 23
38 15
33 14
34 14
35 14
36 14
37 14
38 14
31 14
30 14
29 14
32 25
31 25
30 25
29 25
28 25
39 20
39 19
39 21
39 18
39 17
39 16
39 22
39 15
0
No
0
No
0
Yes
28 2
27 2
28 1
28 3
29 2
27 1
27 3
29 1
29 3
26 2
28 0
30 2
26 1
26 3
27 0
29 0
30 1
30 3
26 0
30 0
25 2
25 1
25 3
0
Yes
11 4
10 4
11 3
10 3
0
No
0
No
0
No
0
Yes
1 34
0 34
0 35
1 33
0 33
0
No
0
No
0
No
0
No
0
Yes
32 26
31 26
31 27
32 27
31 28
32 28
30 28
30 27
30 26
29 26
29 27
29 28
30 29
31 29
32 29
29 29
28 27
28 28
28 26
0
No
0
No
0
No
0
No
0
Yes
46 2
47 2
46 1
46 3
47 1
47 3
45 2
48 2
45 1
45 3
48 1
48 3
46 0
47 0
44 2
45 0
48 0
49 2
44 1
44 3
49 1
49 3
44 0
49 0
43 2
43 1
43 3
0
Yes
38 36
37 36
38 35
38 37
39 36
37 35
37 37
39 35
39 37
36 36
38 34
38 38
40 36
36 35
36 37
37 34
37 38
39 34
39 38
40 35
40 37
36 34
36 38
40 34
40 38
35 36
38 33
38 39
41 36
35 35
35 37
37 33
37 39
39 33
39 39
41 35
41 37
35 34
35 38
36 33
36 39
40 33
40 39
41 34
41 38
34 36
38 32
38 40
42 36
34 35
34 37
37 32
37 40
39 32
39 40
42 35
42 37
35 33
35 39
41 33
41 39
34 34
34 38
36 32
36 40
40 32
40 40
42 34
42 38
33 36
34 33
34 39
35 32
35 40
38 31
38 41
41 32
41 40
42 33
42 39
43 36
33 35
33 37
37 31
37 41
39 31
39 41
43 35
43 37
33 34
33 38
36 31
36 41
40 31
40 41
43 34
43 38
34 32
34 40
42 32
42 40
33 33
33 39
35 31
35 41
41 31
41 41
43 33
43 39
32 36
38 30
32 35
32 37
37 30
39 30
32 34
32 38
36 30
40 30
33 32
33 40
34 31
34 41
42 31
42 41
43 32
43 40
32 33
32 39
35 30
41 30
33 31
33 41
43 31
43 41
32 32
32 40
34 30
42 30
32 31
32 41
33 30
43 30
32 30
0
Yes
5 19
5 20
4 19
4 20
6 19
6 20
5 18
5 21
4 18
4 21
6 18
6 21
3 19
3 20
7 19
7 20
3 18
3 21
5 17
5 22
7 18
7 21
4 17
4 22
6 17
6 22
2 19
2 20
8 19
8 20
3 17
3 22
7 17
7 22
2 18
2 21
8 18
8 21
5 16
5 23
4 16
4 23
6 16
6 23
2 17
2 22
8 17
8 22
1 19
1 20
3 16
3 23
7 16
7 23
9 19
9 20
1 18
1 21
9 18
9 21
5 15
5 24
2 16
2 23
4 15
4 24
6 15
6 24
8 16
8 23
1 17
1 22
9 17
9 22
3 15
3 24
7 15
7 24
0 19
0 20
0 18
0 21
1 16
1 23
9 16
9 23
2 15
2 24
8 15
8 24
5 14
0 17
0 22
4 14
6 14
3 14
7 14
1 15
1 24
9 15
0 16
0 23
2 14
8 14
0 15
0 24
1 14
9 14
0 14
0
Yes
49 29
48 29
48 28
49 28
48 27
49 27
47 27
47 28
47 29
46 29
46 28
46 27
47 26
48 26
49 26
46 26
45 28
45 27
45 29
45 26
49 25
48 25
47 25
46 25
45 25
44 29
44 28
44 27
44 26
44 25
48 24
47 24
46 24
45 24
49 24
44 24
43 28
43 27
43 26
43 25
43 29
43 24
49 23
48 23
47 23
46 23
45 23
44 23
43 23
42 29
42 28
42 27
42 26
42 25
42 24
42 23
48 22
47 22
49 22
45 22
44 22
43 22
42 22
41 28
41 27
41 26
41 25
41 24
41 23
41 29
41 22
40 29
40 28
40 27
40 26
40 25
40 24
40 23
40 22
39 28
39 27
39 26
39 25
39 24
39 23
39 29
39 22
40 21
41 21
42 21
39 21
38 29
38 28
38 27
38 26
38 25
38 24
38 23
38 22
38 21
42 20
41 20
40 20
39 20
38 20
37 28
37 27
37 26
37 25
37 24
37 23
37 22
37 21
37 29
37 20
0
Yes
10 21
10 20
11 20
11 21
12 20
12 21
12 19
11 19
10 19
10 18
11 18
12 18
13 19
13 20
13 21
13 18
11 17
12 17
10 17
13 17
14 21
14 20
14 19
14 18
14 17
10 16
11 16
12 16
13 16
14 16
15 20
15 19
15 18
15 17
15 16
15 21
11 15
12 15
13 15
14 15
10 15
15 15
16 19
16 18
16 17
16 20
16 16
16 15
10 14
11 14
12 14
13 14
14 14
15 14
16 14
17 20
17 19
17 18
17 17
17 16
17 15
17 14
11 13
12 13
13 13
14 13
15 13
16 13
10 13
17 13
18 19
18 18
18 17
18 16
18 15
18 14
18 20
18 13
10 12
11 12
12 12
13 12
14 12
15 12
16 12
17 12
18 12
19 20
19 19
19 18
19 17
19 16
19 15
19 14
19 13
11 11
12 11
13 11
14 11
15 11
16 11
17 11
10 11
0
Yes
31 24
32 24
31 23
31 25
32 23
32 25
30 24
33 24
30 23
30 25
33 23
33 25
31 22
31 26
32 22
32 26
29 24
30 22
30 26
33 22
33 26
34 24
29 23
29 25
34 23
34 25
31 21
31 27
32 21
32 27
29 22
29 26
34 22
34 26
30 21
30 27
33 21
33 27
28 24
35 24
28 23
28 25
35 23
35 25
29 21
29 27
34 21
34 27
28 22
28 26
31 20
31 28
32 20
32 28
35 22
35 26
30 20
30 28
33 20
33 28
27 24
36 24
27 23
27 25
28 21
28 27
35 21
35 27
36 23
36 25
29 20
29 28
34 20
34 28
27 22
27 26
36 22
36 26
31 19
31 29
32 19
32 29
30 19
30 29
33 19
33 29
28 20
28 28
35 20
35 28
27 21
27 27
36 21
36 27
26 24
26 23
26 25
29 19
29 29
34 19
34 29
26 22
26 26
27 20
27 28
31 18
32 18
36 20
36 28
28 19
28 29
35 19
35 29
30 18
33 18
26 21
26 27
29 18
34 18
27 19
27 29
36 19
36 29
26 20
26 28
28 18
35 18
26 19
26 29
27 18
36 18
26 18
0
Yes
0 13
0 12
1 12
1 13
2 12
2 13
2 11
1 11
0 11
0 10
1 10
2 10
3 11
3 12
3 13
3 10
1 9
2 9
0 9
3 9
4 13
4 12
4 11
4 10
4 9
0 8
1 8
2 8
3 8
4 8
5 12
5 11
5 10
5 9
5 13
5 8
1 7
2 7
3 7
4 7
5 7
0 7
6 13
6 12
6 11
6 10
6 9
0
Yes
27 0
26 0
26 1
27 1
26 2
27 2
28 2
28 1
28 0
25 2
25 1
25 0
29 0
29 1
29 2
28 3
27 3
29 3
26 3
25 3
30 1
30 2
30 3
30 0
30 4
29 4
28 4
28 5
29 5
30 5
26 4
0
No
0
No
0
Yes
40 29
39 29
39 28
40 28
39 27
40 27
41 27
41 28
41 29
38 27
38 28
38 29
42 29
42 28
42 27
41 26
40 26
39 26
38 26
42 26
37 29
37 28
37 27
37 26
43 28
43 27
43 29
43 26
40 25
39 25
41 25
38 25
42 25
37 25
43 25
44 29
44 28
44 27
44 26
44 25
39 24
40 24
41 24
42 24
38 24
43 24
37 24
44 24
45 28
45 27
45 26
45 25
45 29
45 24
40 23
39 23
41 23
42 23
43 23
38 23
44 23
37 23
45 23
46 29
46 28
46 27
46 26
46 25
46 24
46 23
39 22
40 22
41 22
42 22
43 22
38 22
44 22
45 22
37 22
47 28
47 27
47 26
47 25
47 24
47 29
47 23
40 21
39 21
41 21
38 21
42 21
37 21
44 21
45 21
48 29
48 28
48 27
48 26
48 25
48 24
48 23
39 20
40 20
41 20
38 20
37 20
42 20
0
Yes
42 1
41 1
42 0
41 0
43 0
40 1
40 0
0
Yes
12 49
11 49
11 48
12 48
11 47
12 47
13 47
13 48
13 49
10 47
10 48
10 49
14 49
14 48
14 47
13 46
12 46
11 46
10 46
14 46
9 49
9 48
9 47
9 46
15 48
15 47
15 49
15 46
12 45
11 45
13 45
10 45
14 45
15 45
9 45
16 45
16 46
16 47
16 48
16 49
11 44
12 44
13 44
14 44
10 44
15 44
16 44
12 43
13 43
14 43
0
Yes
1 34
0 34
0 35
1 33
0 33
0
No
0
Yes
30 46
29 46
29 45
30 45
29 44
30 44
31 44
31 45
31 46
31 47
30 47
29 47
32 46
32 45
32 47
32 44
31 43
30 43
29 43
30 48
31 48
29 48
32 48
33 45
33 46
33 47
33 44
33 48
29 49
30 49
31 49
32 49
33 49
28 48
28 47
28 46
28 49
34 46
34 47
34 45
34 48
34 44
34 49
27 46
27 47
27 48
27 49
35 45
35 46
35 47
35 48
35 44
35 49
26 47
26 48
26 49
26 46
0
Yes
0 39
0 40
0 41
0 42
0 43
0 44
0 45
0 46
0 47
0 48
0 49
1 39
1 40
1 41
1 42
1 43
1 44
1 45
1 46
1 47
1 48
1 49
2 39
2 40
2 41
2 42
2 43
2 44
2 45
2 46
2 47
2 48
2 49
3 39
3 40
3 41
3 42
3 43
3 44
3 45
3 46
3 47
3 48
3 49
4 39
4 40
4 41
4 42
4 43
4 44
4 45
4 46
4 47
4 48
4 49
5 39
5 40
5 41
5 42
5 43
5 44
5 45
5 46
5 47
5 48
5 49
6 39
6 40
6 41
6 42
6 43
6 44
6 45
6 46
6 47
6 48
6 49
7 39
7 40
7 41
7 42
7 43
7 44
7 45
7 46
7 47
7 48
7 49
8 39
8 40
8 41
8 42
8 43
8 44
8 45
8 46
0
Yes
39 19
40 19
39 18
40 18
38 19
41 19
38 18
41 18
37 19
37 18
0
No
0
No
0
Yes
19 22
19 21
18 21
20 21
20 22
20 23
19 23
19 24
20 24
21 22
21 23
21 21
21 24
20 20
21 20
20 25
19 25
21 25
18 25
22 21
22 22
22 23
22 24
22 20
22 25
21 19
20 19
22 19
19 26
20 26
21 26
22 26
23 22
23 21
23 23
23 20
23 24
23 25
23 19
23 26
20 18
21 18
22 18
23 18
20 27
21 27
22 27
23 27
24 21
24 22
24 23
24 20
24 24
24 19
24 25
24 26
24 18
24 27
21 17
22 17
23 17
20 17
24 17
25 22
25 21
25 23
25 20
25 24
25 19
25 25
25 18
25 26
25 17
25 27
20 16
21 16
22 16
23 16
24 16
25 16
22 28
23 28
24 28
25 28
21 15
22 15
23 15
24 15
20 15
25 15
20 14
21 14
22 14
23 14
24 14
23 29
24 29
22 29
25 29
21 29
21 30
22 30
23 30
24 30
25 30
26 17
26 16
26 15
21 13
22 13
20 13
22 31
23 31
24 31
0
No
0
No
0
No
0
Yes
8 12
9 12
8 11
8 13
9 11
9 13
7 12
7 11
7 13
8 10
9 10
7 10
0
No
0
Yes
12 45
11 45
11 44
12 44
11 43
12 43
13 43
13 44
13 45
10 43
10 44
10 45
13 46
12 46
11 46
10 46
14 45
14 44
14 46
14 43
13 42
12 42
11 42
10 42
14 42
9 45
9 44
9 43
9 46
9 42
12 47
11 47
13 47
10 47
14 47
9 47
15 44
15 45
15 46
15 43
15 47
15 42
12 41
11 41
13 41
10 41
14 41
9 41
15 41
11 48
12 48
13 48
10 48
14 48
9 48
15 48
16 45
16 44
16 46
16 47
16 48
16 43
16 42
11 40
12 40
13 40
10 40
9 40
14 40
12 49
11 49
13 49
14 49
10 49
15 49
9 49
16 49
17 46
17 47
17 45
17 44
17 48
17 49
12 39
11 39
10 39
9 39
13 39
8 49
8 48
8 47
18 45
18 46
18 47
18 48
18 44
0
Yes
29 13
29 14
30 13
30 14
31 13
31 14
0
Yes
45 35
46 35
45 34
45 36
46 34
46 36
44 35
47 35
44 34
44 36
47 34
47 36
45 33
45 37
46 33
46 37
43 35
44 33
44 37
47 33
47 37
48 35
43 34
43 36
48 34
48 36
45 32
45 38
46 32
46 38
43 33
43 37
48 33
48 37
44 32
44 38
47 32
47 38
42 35
49 35
42 34
42 36
49 34
49 36
43 32
43 38
48 32
48 38
42 33
42 37
45 31
45 39
46 31
46 39
49 33
49 37
44 31
44 39
47 31
47 39
41 35
41 34
41 36
42 32
42 38
49 32
49 38
43 31
43 39
48 31
48 39
41 33
41 37
45 30
46 30
44 30
47 30
42 31
42 39
49 31
49 39
41 32
41 38
43 30
48 30
41 31
41 39
42 30
49 30
41 30
0
No
0
No
0
Yes
27 30
27 31
27 32
27 33
27 34
27 35
28 30
28 31
28 32
28 33
28 34
28 35
29 30
29 31
29 32
29 33
29 34
29 35
30 30
30 31
30 32
30 33
30 34
30 35
31 30
31 31
31 32
31 33
31 34
31 35
32 30
32 31
32 32
32 33
32 34
32 35
33 30
33 31
33 32
0
No
0
No
0
Yes
41 3
41 4
42 3
42 4
40 3
40 4
41 2
42 2
40 2
1
832
13 44
13 45
13 46
13 47
13 48
13 49
14 44
14 45
14 46
14 47
14 48
14 49
15 44
15 45
15 46
15 47
15 48
15 49
16 44
16 45
16 46
16 47
16 48
16 49
17 44
17 45
17 46
17 47
17 48
17 49
18 44
18 45
18 46
18 47
18 48
18 49
19 44
19 45
19 46
Yes
30 30
30 31
30 32
30 33
30 34
30 35
30 36
30 37
30 38
30 39
31 30
31 31
31 32
31 33
31 34
31 35
31 36
31 37
31 38
31 39
32 30
32 31
32 32
32 33
32 34
32 35
32 36
32 37
32 38
32 39
33 30
33 31
33 32
33 33
33 34
33 35
33 36
33 37
33 38
33 39
34 30
34 31
34 32
34 33
34 34
34 35
34 36
34 37
34 38
34 39
35 30
35 31
35 32
35 33
35 34
35 35
35 36
35 37
35 38
35 39
36 30
36 31
36 32
36 33
36 34
36 35
36 36
36 37
36 38
36 39
37 30
37 31
37 32
37 33
37 34
37 35
37 36
37 37
37 38
37 39
38 30
38 31
38 32
38 33
38 34
38 35
38 36
38 37
38 38
38 39
39 30
39 31
39 32
39 33
39 34
39 35
39 36
39 37
39 38
39 39
40 30
40 31
40 32
0
Yes
42 7
42 6
41 6
43 6
41 5
42 5
43 5
40 5
40 6
40 7
44 5
44 6
39 7
43 4
44 4
45 6
45 5
45 4
46 5
46 6
46 4
46 7
47 4
47 5
38 7
38 8
37 8
37 7
37 9
38 9
39 9
39 10
36 7
36 8
36 9
36 10
37 10
37 11
36 11
35 8
35 9
35 10
35 7
35 11
36 12
37 12
35 12
37 13
36 13
35 13
38 13
34 7
34 8
34 9
34 10
34 11
34 12
34 13
38 14
37 14
36 14
35 14
34 14
39 14
39 13
39 12
40 12
40 13
39 15
38 15
37 15
36 15
35 15
34 15
33 9
33 10
33 11
38 16
37 16
36 16
35 16
39 16
34 16
32 10
32 9
32 11
32 8
39 17
38 17
37 17
36 17
35 17
34 17
33 14
33 15
33 16
33 17
38 18
37 18
39 18
40 18
40 19
39 19
38 19
37 19
41 19
41 18
32 15
32 16
32 17
31 16
31 15
31 17
31 14
30 14
30 15
30 16
30 17
30 13
31 13
29 13
29 14
29 15
29 16
29 17
28 16
0
No
0
No
0
Yes
8 47
8 48
9 48
9 47
10 48
10 47
10 49
9 49
8 49
11 49
11 48
11 47
12 47
12 48
12 49
11 46
10 46
9 46
12 46
9 45
10 45
11 45
12 45
10 44
11 44
9 44
12 44
9 43
10 43
11 43
12 43
10 42
11 42
9 42
0
No
0
No
0
Yes
27 31
27 32
28 31
28 32
26 31
26 32
27 30
28 30
29 31
29 32
26 30
29 30
25 31
25 32
0
No
0
Yes
35 49
34 49
34 48
35 48
34 47
35 47
33 47
33 48
33 49
32 49
32 48
32 47
33 46
34 46
35 46
32 46
31 48
31 47
31 49
31 46
35 45
34 45
33 45
32 45
31 45
30 49
30 48
30 47
30 46
30 45
34 44
33 44
32 44
31 44
30 44
35 44
29 48
29 47
29 46
29 45
0
Yes
1 34
0 34
0 35
1 33
0 33
0
No
0
Yes
48 21
47 21
47 22
48 22
47 20
0
No
0
No
0
No
0
No
0
No
0
Yes
44 45
43 45
44 44
44 46
45 45
43 44
43 46
45 44
45 46
42 45
44 43
44 47
46 45
42 44
42 46
43 43
43 47
45 43
45 47
46 44
46 46
42 43
42 47
46 43
46 47
41 45
44 42
44 48
47 45
41 44
41 46
43 42
43 48
45 42
45 48
47 44
47 46
41 43
41 47
42 42
42 48
46 42
46 48
47 43
47 47
40 45
44 41
44 49
48 45
40 44
40 46
43 41
43 49
45 41
45 49
48 44
48 46
41 42
41 48
47 42
47 48
40 43
40 47
42 41
42 49
46 41
46 49
48 43
48 47
39 45
40 42
40 48
41 41
41 49
44 40
47 41
47 49
48 42
48 48
49 45
39 44
39 46
43 40
45 40
49 44
49 46
39 43
39 47
42 40
46 40
49 43
49 47
40 41
40 49
48 41
48 49
39 42
39 48
41 40
47 40
49 42
49 48
38 45
38 44
38 46
38 43
38 47
39 41
39 49
40 40
48 40
49 41
49 49
38 42
38 48
39 40
49 40
38 41
38 49
0
No
0
No
0
No
0
Yes
19 13
18 13
18 12
18 14
19 14
17 14
17 13
17 12
17 15
18 15
19 15
16 13
16 14
16 12
16 15
19 16
18 16
17 16
16 16
16 11
17 11
18 11
15 12
15 13
15 14
15 15
15 11
15 16
18 17
17 17
16 17
19 17
15 17
18 10
17 10
16 10
15 10
14 13
14 12
14 14
14 15
14 11
14 16
14 10
14 17
19 18
18 18
17 18
16 18
15 18
14 18
17 9
16 9
15 9
14 9
13 12
13 13
13 14
13 11
13 15
13 16
13 10
13 17
13 9
13 18
18 19
17 19
16 19
15 19
14 19
19 19
13 19
16 8
15 8
14 8
13 8
17 8
12 13
12 12
12 14
12 11
12 15
12 10
12 16
12 17
12 9
12 18
12 8
12 19
19 20
18 20
17 20
16 20
15 20
14 20
13 20
12 20
11 12
11 13
11 14
11 11
11 15
11 10
11 16
11 17
11 18
11 9
11 19
11 8
11 20
11 21
12 21
13 21
14 21
15 21
10 13
10 12
10 14
10 11
10 15
10 10
10 16
10 17
10 18
10 19
10 9
10 8
10 20
10 21
10 7
11 7
12 7
9 9
9 8
9 7
9 6
10 6
11 6
0
Yes
37 48
37 49
36 48
36 49
37 47
36 47
0
Yes
2 37
2 38
1 37
1 38
3 37
3 38
2 36
1 36
3 36
0 37
0 38
0
Yes
48 15
49 15
48 14
49 14
47 15
0
Yes
38 27
37 27
37 26
38 26
37 25
38 25
39 25
39 26
39 27
39 28
38 28
37 28
40 27
40 26
40 28
40 25
39 24
38 24
37 24
40 24
38 29
39 29
40 29
37 29
41 26
41 27
41 28
41 25
41 29
41 24
38 23
39 23
40 23
37 23
41 23
42 27
42 26
42 25
42 28
42 24
42 29
42 23
37 22
38 22
39 22
40 22
41 22
42 22
43 26
43 27
43 25
43 24
43 28
43 23
43 29
43 22
38 21
39 21
40 21
41 21
42 21
37 21
44 27
44 26
44 25
44 24
44 28
44 23
44 29
44 22
37 20
38 20
39 20
40 20
41 20
42 20
45 26
45 27
45 25
45 24
45 28
45 23
45 29
45 22
38 19
39 19
40 19
41 19
37 19
46 27
46 26
46 25
46 28
46 24
46 23
46 29
37 18
38 18
39 18
40 18
41 18
47 26
47 27
47 25
47 28
0
No
0
No
0
Yes
35 15
34 15
34 14
35 14
34 13
35 13
36 13
36 14
36 15
36 16
35 16
34 16
37 15
37 14
37 16
37 13
36 12
35 12
34 12
37 12
35 17
36 17
34 17
37 17
33 16
33 15
33 17
33 14
38 14
38 15
38 16
38 13
38 17
35 11
36 11
34 11
37 11
32 17
32 16
32 15
39 15
39 14
39 13
39 16
39 17
34 10
35 10
36 10
37 10
31 15
31 16
31 17
35 9
36 9
34 9
37 9
30 16
30 15
30 17
33 9
33 10
33 11
32 11
32 10
32 9
34 8
35 8
36 8
37 8
29 17
29 16
29 15
29 14
30 14
31 14
31 13
30 13
29 13
35 7
36 7
37 7
34 7
38 7
38 8
38 9
28 17
28 16
27 17
27 16
39 12
40 13
40 12
31 10
32 8
39 9
27 15
39 10
0
No
0
No
0
No
0
No
0
Yes
28 32
28 33
27 32
27 33
29 32
29 33
28 31
28 34
27 31
27 34
29 31
29 34
26 32
26 33
26 31
28 30
27 30
29 30
26 30
0
Yes
0 13
0 12
1 12
1 13
2 12
2 13
2 11
1 11
0 11
0 10
1 10
2 10
3 11
3 12
3 13
3 10
1 9
2 9
0 9
3 9
4 13
4 12
4 11
4 10
4 9
0 8
1 8
2 8
3 8
4 8
5 12
5 11
5 10
5 9
5 13
5 8
1 7
2 7
3 7
4 7
5 7
0 7
6 13
6 12
6 11
6 10
6 9
0
No
0
Yes
2 46
2 47
3 46
3 47
1 46
1 47
2 45
2 48
3 45
3 48
4 46
4 47
1 45
1 48
4 45
4 48
0 46
0 47
2 44
2 49
3 44
3 49
0 45
0 48
1 44
1 49
4 44
4 49
0 44
0 49
2 43
3 43
1 43
4 43
0 43
0
No
0
Yes
45 22
44 22
44 23
45 23
44 24
45 24
43 24
43 23
43 22
42 22
42 23
42 24
43 25
44 25
45 25
42 25
41 23
41 24
41 22
41 25
46 25
46 24
46 23
45 26
44 26
43 26
42 26
46 26
41 26
40 22
40 23
40 24
40 25
40 26
47 23
47 24
47 25
47 26
44 27
45 27
43 27
42 27
46 27
41 27
47 27
40 27
39 23
39 24
39 25
39 26
39 22
39 27
40 21
41 21
42 21
39 21
48 24
48 25
48 26
48 23
48 27
45 28
44 28
46 28
43 28
42 28
41 28
47 28
40 28
48 28
39 28
38 22
38 23
38 24
38 25
38 26
38 27
38 21
38 28
42 20
41 20
40 20
39 20
38 20
49 23
49 24
49 25
49 26
49 27
49 28
44 29
45 29
46 29
43 29
47 29
42 29
41 29
40 29
39 29
38 29
48 29
49 29
37 21
37 22
37 23
37 24
37 25
37 26
37 27
37 20
0
Yes
40 19
39 19
40 18
41 19
39 18
41 18
38 19
0
Yes
19 20
18 20
18 19
19 19
18 18
19 18
17 18
17 19
17 20
16 20
16 19
16 18
17 17
18 17
19 17
16 17
15 19
15 18
15 20
15 17
19 16
18 16
17 16
16 16
15 16
14 20
14 19
14 18
14 17
14 16
18 15
17 15
16 15
15 15
19 15
14 15
13 19
13 18
13 17
13 16
13 20
13 15
19 14
18 14
17 14
16 14
15 14
14 14
13 14
12 20
12 19
12 18
12 17
12 16
12 15
12 14
13 21
12 21
14 21
15 21
18 13
17 13
16 13
15 13
14 13
13 13
12 13
19 13
11 19
11 18
11 17
11 16
11 15
11 20
11 14
11 21
11 13
17 12
16 12
15 12
14 12
13 12
18 12
12 12
11 12
10 20
10 19
10 18
10 17
10 16
10 15
10 14
10 13
10 12
10 21
18 11
17 11
16 11
15 11
14 11
0
Yes
17 15
16 15
16 14
17 14
16 13
17 13
18 13
18 14
18 15
15 13
15 14
15 15
18 16
17 16
16 16
15 16
19 15
19 16
19 14
19 13
18 12
17 12
16 12
15 12
14 15
14 14
14 13
14 16
14 12
17 17
16 17
18 17
15 17
19 17
14 17
17 11
16 11
15 11
18 11
14 11
13 14
13 15
13 13
13 16
13 12
13 17
13 11
16 18
17 18
15 18
18 18
14 18
19 18
13 18
16 10
15 10
17 10
14 10
13 10
18 10
12 15
12 14
12 16
12 13
12 12
12 17
12 11
12 18
12 10
17 19
16 19
15 19
14 19
18 19
13 19
19 19
12 19
17 9
16 9
15 9
14 9
13 9
12 9
11 14
11 15
11 16
11 13
11 17
11 12
11 11
11 18
11 10
11 19
11 9
16 20
17 20
15 20
14 20
13 20
12 20
11 20
18 20
19 20
16 8
15 8
14 8
13 8
12 8
11 8
17 8
10 15
10 14
10 16
10 13
10 17
10 12
10 18
10 11
10 10
10 19
10 9
10 20
10 8
15 21
0
No
0
Yes
2 2
2 3
3 2
3 3
1 2
1 3
2 1
2 4
3 1
3 4
4 2
4 3
1 1
1 4
4 1
4 4
0 2
0 3
2 0
3 0
0 1
0 4
1 0
4 0
0 0
0
No
0
Yes
35 20
34 20
34 19
35 19
34 18
35 18
36 18
36 19
36 20
33 18
33 19
33 20
36 21
35 21
34 21
33 21
32 20
32 19
32 21
32 18
35 22
34 22
33 22
36 22
32 22
31 19
31 20
31 21
31 18
31 22
34 23
33 23
35 23
32 23
36 23
31 23
30 20
30 21
30 19
30 22
30 18
30 23
35 24
34 24
33 24
32 24
31 24
36 24
30 24
29 19
29 20
29 21
29 22
29 23
29 18
29 24
34 25
33 25
32 25
31 25
35 25
30 25
36 25
29 25
28 20
28 21
28 22
28 23
28 19
28 24
28 18
28 25
35 26
34 26
33 26
32 26
31 26
30 26
29 26
36 26
28 26
27 19
27 20
27 21
27 22
27 23
27 24
27 25
27 18
27 26
34 27
33 27
32 27
31 27
30 27
29 27
35 27
28 27
36 27
27 27
37 18
37 19
26 20
26 21
26 22
26 23
26 24
26 25
26 26
26 27
26 19
26 18
35 28
34 28
33 28
32 28
31 28
30 28
29 28
28 28
27 28
36 28
26 28
34 29
33 29
32 29
31 29
30 29
29 29
28 29
35 29
27 29
36 29
0
No
0
No
0
Yes
34 43
34 44
33 43
33 44
35 43
35 44
34 42
34 45
33 42
33 45
35 42
35 45
32 43
32 44
36 43
36 44
32 42
32 45
34 41
34 46
36 42
36 45
33 41
33 46
35 41
35 46
31 43
31 44
37 43
37 44
32 41
32 46
36 41
36 46
31 42
31 45
37 42
37 45
34 40
33 40
35 40
31 41
31 46
37 41
37 46
30 43
30 44
32 40
36 40
30 42
30 45
31 40
37 40
30 41
30 46
0
No
0
No
0
Yes
32 48
32 49
33 48
33 49
31 48
31 49
32 47
33 47
34 48
34 49
31 47
34 47
30 48
30 49
35 48
35 49
30 47
35 47
29 48
29 49
29 47
0
Yes
16 38
15 38
15 37
16 37
15 36
16 36
14 36
14 37
14 38
13 38
13 37
13 36
14 35
15 35
16 35
13 35
12 37
12 36
12 38
12 35
16 34
15 34
14 34
13 34
12 34
11 38
11 37
11 36
11 35
0
No
0
No
0
No
0
Yes
20 48
21 48
20 47
20 49
21 47
21 49
19 48
19 47
19 49
20 46
21 46
0
No
0
No
0
Yes
1 41
2 41
1 40
1 42
2 40
2 42
0 41
0 40
0 42
1 39
2 39
0 39
0
Yes
0 13
0 12
1 12
1 13
2 12
2 13
2 11
1 11
0 11
0 10
1 10
2 10
3 11
3 12
3 13
3 10
1 9
2 9
0 9
3 9
4 13
4 12
4 11
4 10
4 9
0 8
1 8
2 8
3 8
4 8
5 12
5 11
5 10
5 9
5 13
5 8
1 7
2 7
3 7
4 7
0 7
5 7
6 13
6 12
6 11
6 10
6 9
6 8
6 7
0 6
1 6
2 6
3 6
4 6
5 6
6 6
7 12
7 11
7 10
7 9
7 8
7 7
7 13
7 6
1 5
2 5
3 5
4 5
5 5
6 5
7 5
0 5
8 13
8 12
8 11
8 10
8 9
8 8
8 7
8 6
8 5
5 4
0
Yes
9 46
9 47
8 46
8 47
10 46
10 47
9 45
9 48
8 45
8 48
10 45
10 48
7 46
7 47
11 46
11 47
7 45
7 48
9 44
9 49
11 45
11 48
8 44
8 49
10 44
10 49
6 46
6 47
12 46
12 47
7 44
7 49
11 44
11 49
6 45
6 48
12 45
12 48
9 43
8 43
10 43
6 44
6 49
12 44
12 49
5 46
5 47
7 43
11 43
5 45
5 48
6 43
12 43
5 44
5 49
5 43
0
Yes
8 39
9 39
8 38
8 40
9 38
9 40
7 39
10 39
7 38
7 40
10 38
10 40
8 37
8 41
9 37
9 41
6 39
7 37
7 41
10 37
10 41
6 38
6 40
8 36
8 42
9 36
9 42
6 37
6 41
7 36
7 42
10 36
10 42
6 42
8 35
9 35
7 35
10 35
0
Yes
9 0
8 0
8 1
9 1
8 2
9 2
7 2
7 1
7 0
6 0
6 1
6 2
7 3
8 3
9 3
6 3
5 1
5 2
5 3
5 0
9 4
8 4
7 4
6 4
5 4
8 5
7 5
6 5
9 5
5 5
9 6
8 6
7 6
6 6
5 6
10 5
10 4
10 3
10 6
8 7
7 7
9 7
6 7
0
Yes
29 5
30 5
29 4
30 4
30 6
28 5
28 4
29 3
30 3
28 3
0
Yes
7 11
8 11
7 10
7 12
8 10
8 12
6 11
9 11
6 10
6 12
9 10
9 12
7 9
7 13
8 9
8 13
5 11
6 9
6 13
9 9
9 13
5 10
5 12
7 8
8 8
5 9
5 13
6 8
9 8
0
No
0
No
0
Yes
23 18
22 18
23 17
23 19
24 18
22 17
22 19
24 17
24 19
21 18
23 16
23 20
25 18
21 17
21 19
22 16
22 20
24 16
24 20
25 17
25 19
21 16
21 20
25 16
25 20
20 18
23 15
23 21
20 17
20 19
22 15
22 21
24 15
24 21
20 16
20 20
21 15
21 21
25 15
25 21
23 14
22 14
24 14
20 15
20 21
21 14
0
Yes
4 0
3 0
3 1
4 1
3 2
4 2
2 2
2 1
2 0
1 0
1 1
1 2
2 3
3 3
4 3
1 3
0 1
0 2
0 3
0 0
4 4
3 4
2 4
1 4
0 4
3 5
2 5
1 5
4 5
0
Yes
17 21
18 21
19 21
19 22
20 22
20 21
20 20
20 23
19 23
19 24
20 24
21 21
21 22
21 23
21 20
21 24
21 19
20 19
20 18
21 18
20 25
19 25
21 25
18 25
22 20
22 21
22 22
22 19
22 23
22 24
22 18
22 25
19 26
20 26
21 26
22 26
21 17
20 17
22 17
20 16
21 16
22 16
23 21
23 20
23 22
23 19
23 23
23 18
23 24
23 17
23 25
23 16
23 26
20 27
21 27
22 27
23 27
24 20
24 21
24 22
24 19
24 23
24 18
24 24
24 17
24 25
24 26
24 16
24 27
21 15
22 15
23 15
20 15
24 15
20 14
21 14
22 14
23 14
24 14
25 21
25 20
25 22
25 19
25 23
25 18
25 24
25 17
25 25
25 16
25 26
25 15
25 27
22 28
23 28
24 28
25 28
21 13
22 13
20 13
26 17
26 16
26 15
23 29
24 29
22 29
25 29
21 29
21 30
22 30
23 30
24 30
25 30
24 13
22 31
23 31
24 31
21 31
25 31
0
Yes
34 7
34 8
35 8
35 7
36 8
36 7
36 9
35 9
34 9
34 10
35 10
36 10
37 9
37 8
37 7
37 10
35 11
36 11
34 11
37 11
38 7
38 8
38 9
34 12
35 12
36 12
37 12
33 11
33 10
33 9
35 13
36 13
34 13
37 13
32 9
32 10
32 11
34 14
35 14
36 14
37 14
35 15
36 15
34 15
37 15
38 15
38 14
38 13
34 16
35 16
36 16
37 16
38 16
33 16
33 15
33 14
39 13
39 14
39 15
39 16
39 17
38 17
37 17
36 17
35 17
34 17
33 17
32 17
32 16
32 15
31 15
31 16
1
902
34 13
34 14
34 15
34 16
34 17
35 13
35 14
35 15
35 16
35 17
36 13
36 14
36 15
36 16
36 17
37 13
37 14
37 15
37 16
37 17
38 13
38 14
38 15
38 16
38 17
39 13
39 14
39 15
39 16
Yes
0 8
0 9
0 10
0 11
0 12
0 13
1 8
1 9
1 10
1 11
1 12
1 13
2 8
2 9
2 10
2 11
2 12
2 13
3 8
3 9
3 10
3 11
3 12
3 13
4 8
4 9
4 10
4 11
4 12
4 13
5 8
5 9
5 10
5 11
5 12
5 13
6 8
6 9
6 10
6 11
6 12
6 13
7 8
7 9
7 10
7 11
7 12
7 13
8 8
0
Yes
28 32
27 32
28 31
28 33
29 32
27 31
27 33
29 31
29 33
26 32
28 30
26 31
26 33
27 30
29 30
26 30
0
Yes
17 47
17 48
18 47
18 48
16 47
16 48
17 46
17 49
18 46
18 49
19 47
19 48
16 46
16 49
19 46
19 49
15 47
15 48
17 45
18 45
20 47
20 48
15 46
15 49
16 45
19 45
20 46
20 49
14 47
14 48
15 45
20 45
21 47
21 48
14 46
14 49
21 46
21 49
14 45
13 47
13 48
13 46
13 49
0
No
0
Yes
9 0
8 0
8 1
9 1
8 2
9 2
7 2
7 1
7 0
6 0
6 1
6 2
7 3
8 3
9 3
6 3
5 1
5 2
5 0
5 3
9 4
8 4
7 4
6 4
5 4
4 0
4 1
4 2
4 3
4 4
8 5
7 5
6 5
5 5
9 5
4 5
3 1
3 2
3 3
3 4
3 0
3 5
10 5
10 4
10 3
9 6
8 6
7 6
6 6
5 6
4 6
10 6
3 6
2 0
2 1
2 2
2 3
2 4
2 5
2 6
11 4
11 3
8 7
7 7
6 7
5 7
4 7
9 7
3 7
10 7
2 7
1 1
1 2
1 3
1 4
1 5
1 6
1 0
1 7
9 8
8 8
7 8
6 8
5 8
4 8
3 8
2 8
1 8
0 0
0 1
0 2
0 3
0 4
0 5
0 6
0 7
0 8
8 9
7 9
6 9
5 9
4 9
3 9
2 9
1 9
9 9
0 9
9 10
8 10
7 10
6 10
5 10
4 10
3 10
2 10
1 10
0 10
8 11
7 11
6 11
5 11
4 11
3 11
2 11
1 11
9 11
0
Yes
9 19
8 19
8 18
9 18
8 20
9 20
9 17
8 17
9 21
8 21
7 18
7 19
7 20
7 17
7 21
10 21
6 19
6 18
6 20
6 17
6 21
8 16
7 16
9 16
6 16
8 22
9 22
7 22
6 22
9 15
8 15
7 15
6 15
9 23
8 23
7 23
6 23
5 18
5 19
5 20
5 17
5 21
5 16
5 22
5 15
5 23
4 19
4 18
4 20
4 17
4 21
4 16
4 22
4 15
4 23
8 14
7 14
6 14
5 14
9 14
4 14
8 24
7 24
6 24
5 24
4 24
9 13
8 13
7 13
6 13
5 13
4 13
3 18
3 19
3 20
3 17
3 21
3 16
3 22
3 15
3 23
3 14
3 24
3 13
7 25
8 25
9 25
2 19
2 18
2 20
2 17
2 21
2 16
2 22
2 15
2 23
2 14
2 24
2 13
9 26
8 26
7 26
8 12
7 12
6 12
5 12
4 12
3 12
9 12
2 12
6 26
1 18
1 19
1 20
1 17
1 21
1 16
1 22
1 15
1 23
1 14
1 13
1 24
1 12
8 27
7 27
9 27
6 27
3 25
2 25
5 27
5 26
0 19
0 18
0 20
0 17
0 21
0 16
0 22
0 15
0 23
0 14
0 13
0 24
0 12
9 28
8 28
7 28
0
No
0
No
0
Yes
28 48
27 48
28 47
28 49
29 48
27 47
27 49
29 47
29 49
26 48
28 46
30 48
26 47
26 49
27 46
29 46
30 47
30 49
26 46
30 46
25 48
25 47
25 49
0
Yes
34 48
35 48
34 47
34 49
35 47
35 49
33 48
36 48
33 47
33 49
36 47
36 49
34 46
35 46
32 48
33 46
36 46
37 48
32 47
32 49
37 47
37 49
32 46
37 46
31 48
31 47
31 49
0
Yes
1 37
1 38
2 37
2 38
0 37
0 38
1 36
2 36
0 36
0
No
0
Yes
16 32
16 33
15 33
17 33
17 32
17 34
16 34
15 34
16 35
15 35
17 35
17 36
16 36
15 36
16 37
15 37
14 36
14 35
14 34
14 37
14 38
15 38
16 38
13 34
13 35
13 36
13 37
13 38
12 35
12 36
12 37
12 38
12 34
11 36
11 37
11 38
11 35
0
Yes
8 30
8 31
9 31
7 30
7 31
8 29
7 29
0
Yes
0 42
0 41
1 41
1 42
2 41
2 42
2 40
1 40
0 40
0 39
1 39
2 39
3 40
3 41
3 42
3 39
4 42
4 41
0
Yes
9 46
9 47
8 46
8 47
10 46
10 47
9 45
9 48
8 45
8 48
10 45
10 48
7 46
7 47
11 46
11 47
7 45
7 48
9 44
9 49
11 45
11 48
8 44
8 49
10 44
10 49
6 46
6 47
12 46
12 47
7 44
7 49
11 44
11 49
6 45
6 48
12 45
12 48
9 43
8 43
10 43
6 44
6 49
12 44
12 49
5 46
5 47
7 43
11 43
5 45
5 48
6 43
12 43
5 44
5 49
0
No
0
Yes
27 48
28 48
27 47
27 49
28 47
28 49
26 48
29 48
26 47
26 49
29 47
29 49
27 46
28 46
25 48
26 46
29 46
30 48
25 47
25 49
30 47
30 49
30 46
24 48
24 47
24 49
0
Yes
45 34
46 34
45 33
45 35
46 33
46 35
44 34
47 34
44 33
44 35
47 33
47 35
45 32
45 36
46 32
46 36
43 34
44 32
44 36
47 32
47 36
48 34
43 33
43 35
48 33
48 35
45 31
45 37
46 31
46 37
43 32
43 36
48 32
48 36
44 31
44 37
47 31
47 37
42 34
49 34
42 33
42 35
49 33
49 35
43 31
43 37
48 31
48 37
42 32
42 36
45 30
46 30
49 32
49 36
44 30
47 30
41 34
41 33
41 35
42 31
42 37
49 31
49 37
43 30
48 30
41 32
41 36
42 30
49 30
41 31
41 37
41 30
0
No
0
Yes
0 5
0 4
1 4
1 5
2 4
2 5
2 6
1 6
0 6
2 3
1 3
0 3
0 7
1 7
2 7
3 6
3 5
3 4
3 3
3 7
0 2
1 2
2 2
3 2
1 8
2 8
0 8
3 8
4 5
4 4
4 6
4 3
4 7
4 2
4 8
1 1
2 1
3 1
0 1
4 1
0 9
1 9
2 9
3 9
4 9
5 4
5 5
5 6
5 3
5 7
5 2
5 8
5 1
5 9
0 0
1 0
2 0
3 0
4 0
5 0
5 10
6 5
6 4
6 6
6 3
6 7
6 2
6 8
6 1
6 9
6 0
6 10
7 4
7 5
7 6
7 3
7 7
7 2
7 8
7 1
7 9
7 0
7 10
7 11
6 11
5 11
4 11
4 10
3 10
2 10
3 11
2 11
1 10
0 10
1 11
0 11
8 5
8 4
8 6
8 3
8 7
0
Yes
38 40
37 40
37 41
36 41
36 40
35 41
35 40
35 42
36 42
37 42
34 42
34 41
34 40
37 43
36 43
35 43
34 43
33 40
33 41
33 42
33 43
36 44
35 44
34 44
37 44
33 44
32 41
32 42
32 43
32 40
32 44
37 45
36 45
35 45
34 45
33 45
32 45
0
Yes
32 3
33 3
32 2
32 4
33 2
33 4
31 3
34 3
31 2
31 4
34 2
34 4
32 1
32 5
33 1
33 5
30 3
31 1
31 5
34 1
34 5
35 3
30 2
30 4
35 2
35 4
32 0
33 0
30 1
30 5
35 1
35 5
31 0
34 0
29 3
36 3
29 2
29 4
36 2
36 4
30 0
35 0
29 1
29 5
36 1
36 5
28 3
28 2
28 4
29 0
36 0
28 1
28 5
0
Yes
17 49
16 49
16 48
17 48
16 47
17 47
18 47
18 48
18 49
15 47
15 48
15 49
19 49
19 48
19 47
18 46
17 46
16 46
15 46
19 46
14 49
14 48
14 47
14 46
20 48
20 47
20 49
20 46
17 45
16 45
18 45
15 45
19 45
14 45
20 45
13 48
13 47
13 46
13 45
13 49
16 44
17 44
15 44
18 44
19 44
0
Yes
35 3
35 4
36 3
36 4
34 3
34 4
35 2
35 5
36 2
36 5
37 3
37 4
34 2
34 5
37 2
37 5
33 3
33 4
35 1
35 6
36 1
36 6
38 3
38 4
33 2
33 5
34 1
34 6
37 1
37 6
38 2
38 5
32 3
32 4
33 1
33 6
35 0
36 0
38 1
38 6
39 3
39 4
32 2
32 5
34 0
37 0
39 2
39 5
32 1
32 6
33 0
38 0
39 1
39 6
31 3
31 4
40 3
40 4
31 2
31 5
40 2
40 5
32 0
39 0
31 1
40 1
40 6
30 3
30 4
41 3
41 4
30 2
30 5
31 0
40 0
41 2
41 5
30 1
30 6
41 1
41 6
29 3
29 4
30 0
41 0
42 3
42 4
29 2
29 5
42 2
42 5
29 1
42 1
42 6
29 0
42 0
28 3
28 4
28 2
28 5
0
Yes
29 17
29 18
29 19
29 20
29 21
29 22
29 23
29 24
29 25
29 26
29 27
29 28
29 29
30 17
30 18
30 19
30 20
30 21
30 22
30 23
30 24
30 25
30 26
30 27
30 28
30 29
31 17
31 18
31 19
31 20
31 21
31 22
31 23
31 24
31 25
31 26
31 27
31 28
31 29
32 17
32 18
32 19
32 20
32 21
32 22
32 23
32 24
32 25
32 26
32 27
32 28
32 29
33 17
33 18
33 19
33 20
33 21
33 22
33 23
33 24
33 25
33 26
33 27
33 28
33 29
34 17
34 18
34 19
34 20
34 21
34 22
34 23
34 24
34 25
34 26
34 27
34 28
34 29
35 17
35 18
35 19
35 20
35 21
35 22
35 23
35 24
35 25
35 26
35 27
35 28
35 29
36 17
36 18
36 19
36 20
36 21
36 22
36 23
36 24
36 25
36 26
36 27
36 28
36 29
0
Yes
21 23
20 23
20 22
21 22
20 21
21 21
22 21
22 22
22 23
19 21
19 22
19 23
22 24
21 24
20 24
19 24
23 23
23 22
23 24
23 21
22 20
21 20
20 20
23 20
21 25
20 25
22 25
19 25
23 25
24 22
24 23
24 24
24 21
24 25
24 20
21 19
22 19
23 19
20 19
24 19
20 26
21 26
22 26
23 26
24 26
19 26
25 23
25 22
25 24
25 21
25 25
25 20
25 26
25 19
20 18
21 18
22 18
23 18
24 18
25 18
21 27
22 27
23 27
24 27
25 27
20 27
26 22
26 23
26 24
26 21
26 25
26 20
26 26
26 19
26 27
26 18
21 17
22 17
23 17
24 17
25 17
20 17
26 17
22 28
23 28
24 28
25 28
26 28
27 23
27 22
27 24
27 21
27 25
27 20
27 26
27 19
27 27
27 18
27 28
27 17
20 16
21 16
22 16
23 16
24 16
25 16
26 16
27 16
23 29
24 29
25 29
26 29
22 29
27 29
28 22
28 23
28 24
28 21
28 25
28 20
28 26
28 19
28 27
28 18
28 28
28 17
28 29
28 16
21 15
22 15
23 15
24 15
25 15
20 15
26 15
27 15
0
No
0
Yes
25 0
25 1
25 2
25 3
26 0
26 1
26 2
26 3
27 0
27 1
27 2
27 3
28 0
0
Yes
37 0
37 1
37 2
38 0
38 1
38 2
39 0
39 1
39 2
40 0
40 1
40 2
41 0
41 1
41 2
42 0
42 1
42 2
0
Yes
29 13
29 14
29 15
29 16
30 13
30 14
30 15
30 16
31 13
31 14
31 15
0
Yes
9 3
9 4
9 5
9 6
10 3
10 4
10 5
10 6
11 3
11 4
0
No
0
Yes
42 30
42 31
42 32
42 33
42 34
42 35
43 30
43 31
43 32
43 33
43 34
43 35
44 30
44 31
44 32
44 33
44 34
44 35
45 30
45 31
45 32
45 33
45 34
45 35
46 30
46 31
46 32
46 33
46 34
46 35
47 30
47 31
47 32
47 33
47 34
47 35
48 30
48 31
48 32
48 33
48 34
48 35
49 30
49 31
49 32
49 33
49 34
0
Yes
43 36
43 37
43 38
43 39
44 36
44 37
44 38
44 39
45 36
45 37
45 38
45 39
46 36
46 37
46 38
46 39
47 36
47 37
47 38
47 39
48 36
48 37
48 38
48 39
49 36
49 37
49 38
49 39
0
No
0
No
0
Yes
29 25
29 26
29 27
29 28
29 29
30 25
30 26
30 27
30 28
30 29
31 25
31 26
31 27
31 28
31 29
32 25
32 26
32 27
32 28
32 29
0
Yes
29 17
29 18
29 19
29 20
29 21
29 22
29 23
29 24
30 17
30 18
30 19
30 20
30 21
30 22
30 23
30 24
31 17
31 18
31 19
31 20
31 21
31 22
31 23
31 24
32 17
32 18
32 19
32 20
32 21
32 22
32 23
32 24
33 17
33 18
33 19
33 20
33 21
0
Yes
34 7
34 6
33 6
35 6
35 7
35 5
34 5
33 5
36 5
36 6
36 7
34 4
35 4
33 4
36 4
37 7
37 6
37 5
37 4
36 8
35 8
34 8
37 8
32 4
32 5
32 6
33 3
34 3
35 3
36 3
32 3
37 3
38 6
38 5
38 7
38 4
38 8
38 3
34 9
35 9
36 9
37 9
38 9
31 3
31 4
31 5
34 2
33 2
35 2
32 2
36 2
31 2
39 7
39 6
39 5
39 4
39 3
35 10
36 10
37 10
34 10
30 5
30 4
30 3
30 2
33 1
34 1
32 1
35 1
31 1
36 1
30 1
40 6
40 5
40 4
40 3
40 7
34 11
35 11
36 11
37 11
29 4
29 3
29 2
29 5
29 1
34 0
33 0
32 0
31 0
35 0
30 0
36 0
29 0
33 11
33 10
33 9
41 5
41 6
41 4
41 3
35 12
34 12
36 12
37 12
32 9
32 10
32 11
28 5
28 4
28 3
28 2
28 1
42 4
42 5
42 6
42 3
36 13
37 13
35 13
34 13
0
No
0
No
0
No
0
No
0
No
0
Yes
0 36
0 37
0 38
1 36
1 37
1 38
2 36
2 37
2 38
3 36
3 37
3 38
2
947
33 14
33 15
33 16
33 17
33 18
33 19
34 14
34 15
34 16
34 17
34 18
34 19
35 14
35 15
35 16
35 17
35 18
35 19
36 14
36 15
36 16
36 17
36 18
36 19
37 14
37 15
37 16
37 17
37 18
37 19
38 14
38 15
38 16
38 17
38 18
38 19
39 14
946
13 34
13 35
13 36
13 37
13 38
14 34
14 35
14 36
14 37
14 38
15 34
15 35
15 36
15 37
15 38
16 34
16 35
16 36
16 37
16 38
Yes
29 20
29 21
29 22
29 23
29 24
29 25
29 26
29 27
29 28
30 20
30 21
30 22
30 23
30 24
30 25
30 26
30 27
30 28
31 20
31 21
31 22
31 23
31 24
31 25
31 26
31 27
31 28
32 20
32 21
32 22
32 23
32 24
32 25
32 26
32 27
32 28
33 20
33 21
33 22
33 23
33 24
33 25
33 26
33 27
33 28
34 20
34 21
34 22
34 23
34 24
34 25
34 26
34 27
34 28
35 20
35 21
35 22
35 23
35 24
35 25
35 26
35 27
35 28
36 20
36 21
36 22
36 23
36 24
36 25
36 26
0
No
0
Yes
7 29
7 30
7 31
7 32
7 33
8 29
8 30
8 31
8 32
8 33
0
No
0
No
0
Yes
0 2
0 3
0 4
0 5
0 6
0 7
0 8
0 9
0 10
0 11
1 2
1 3
1 4
1 5
1 6
1 7
1 8
1 9
1 10
1 11
2 2
2 3
2 4
2 5
2 6
2 7
2 8
2 9
2 10
2 11
3 2
3 3
3 4
3 5
3 6
3 7
3 8
3 9
3 10
3 11
4 2
4 3
4 4
4 5
4 6
4 7
4 8
4 9
4 10
4 11
5 2
5 3
5 4
5 5
5 6
5 7
5 8
5 9
5 10
5 11
6 2
6 3
6 4
6 5
6 6
6 7
6 8
6 9
6 10
6 11
7 2
7 3
7 4
7 5
7 6
7 7
7 8
7 9
7 10
7 11
0
Yes
20 29
21 29
21 30
22 30
22 31
21 31
20 31
20 32
21 32
22 32
23 31
23 30
23 32
24 30
24 31
25 31
25 30
25 32
26 30
26 31
26 32
26 33
27 31
27 32
27 30
27 33
28 30
28 31
28 32
28 33
27 34
28 34
29 31
29 32
29 33
29 30
29 34
29 29
28 35
27 35
29 35
30 29
29 36
19 31
18 31
18 32
17 32
17 33
16 33
16 32
17 34
15 33
17 35
18 35
17 36
31 29
32 29
29 37
29 38
33 29
0
Yes
0 40
0 39
1 39
1 40
2 39
2 40
2 41
1 41
0 41
2 38
1 38
0 38
0 42
1 42
2 42
3 41
3 40
3 39
3 38
3 42
0 37
1 37
2 37
3 37
1 43
2 43
0 43
3 43
4 40
4 41
4 39
4 38
4 42
4 43
1 36
2 36
0 36
3 36
0 44
1 44
2 44
3 44
4 44
5 39
5 40
5 41
5 42
5 43
5 44
5 38
5 45
4 45
3 45
2 45
1 45
0 45
6 43
6 44
6 45
6 46
5 46
4 46
3 46
2 46
1 46
0 46
7 44
7 45
7 43
7 46
7 47
6 47
5 47
4 47
3 47
2 47
1 47
0 47
8 43
8 44
8 45
8 46
8 47
8 48
7 48
6 48
5 48
4 48
3 48
2 48
1 48
0 48
9 44
9 45
9 46
9 47
9 43
9 48
9 49
8 49
7 49
6 49
5 49
4 49
3 49
2 49
1 49
0 49
10 43
10 44
0
Yes
29 25
29 26
29 27
29 28
30 25
30 26
30 27
30 28
31 25
31 26
31 27
31 28
32 25
32 26
32 27
32 28
33 25
33 26
33 27
33 28
0
Yes
0 38
0 39
0 40
0 41
0 42
0 43
0 44
0 45
0 46
0 47
0 48
0 49
1 38
1 39
1 40
1 41
1 42
1 43
1 44
1 45
1 46
1 47
1 48
1 49
2 38
2 39
2 40
2 41
2 42
2 43
2 44
2 45
2 46
2 47
2 48
2 49
3 38
3 39
3 40
3 41
3 42
3 43
3 44
3 45
3 46
3 47
3 48
3 49
4 38
4 39
4 40
4 41
4 42
4 43
4 44
4 45
4 46
4 47
4 48
4 49
5 38
5 39
5 40
5 41
5 42
5 43
5 44
5 45
5 46
5 47
5 48
5 49
6 38
6 39
6 40
6 41
6 42
6 43
6 44
6 45
6 46
6 47
6 48
6 49
7 38
7 39
7 40
7 41
7 42
7 43
7 44
7 45
7 46
7 47
7 48
7 49
8 38
8 39
8 40
8 41
8 42
8 43
8 44
8 45
8 46
8 47
8 48
8 49
9 38
9 39
9 40
9 41
9 42
9 43
9 44
9 45
9 46
9 47
9 48
9 49
10 38
10 39
0
Yes
42 24
42 25
42 26
42 27
42 28
42 29
42 30
42 31
42 32
42 33
42 34
42 35
43 24
43 25
43 26
43 27
43 28
43 29
43 30
43 31
43 32
43 33
43 34
43 35
44 24
44 25
44 26
44 27
44 28
44 29
44 30
44 31
44 32
44 33
44 34
44 35
45 24
45 25
45 26
45 27
45 28
45 29
45 30
45 31
45 32
45 33
45 34
45 35
46 24
46 25
46 26
46 27
46 28
46 29
46 30
46 31
46 32
46 33
46 34
46 35
47 24
47 25
47 26
47 27
47 28
47 29
47 30
47 31
47 32
47 33
47 34
47 35
48 24
48 25
48 26
48 27
48 28
48 29
48 30
48 31
48 32
48 33
48 34
48 35
49 24
49 25
49 26
49 27
49 28
49 29
49 30
49 31
49 32
0
Yes
34 21
34 22
34 23
34 24
34 25
34 26
34 27
34 28
34 29
35 21
35 22
35 23
35 24
35 25
35 26
35 27
35 28
35 29
36 21
36 22
36 23
36 24
36 25
36 26
36 27
36 28
36 29
37 21
37 22
37 23
37 24
37 25
37 26
37 27
37 28
37 29
38 21
38 22
38 23
38 24
38 25
38 26
38 27
38 28
38 29
39 21
39 22
39 23
39 24
39 25
39 26
39 27
39 28
39 29
40 21
40 22
40 23
40 24
40 25
40 26
40 27
40 28
40 29
41 21
41 22
41 23
41 24
41 25
41 26
0
Yes
29 15
29 16
29 17
29 18
29 19
29 20
30 15
30 16
30 17
30 18
30 19
30 20
31 15
31 16
31 17
31 18
31 19
31 20
32 15
32 16
32 17
32 18
32 19
32 20
33 15
33 16
33 17
33 18
33 19
33 20
34 15
34 16
34 17
34 18
34 19
34 20
35 15
35 16
35 17
35 18
35 19
35 20
36 15
36 16
36 17
36 18
36 19
36 20
37 15
37 16
37 17
37 18
37 19
37 20
38 15
38 16
38 17
38 18
38 19
38 20
39 15
39 16
39 17
39 18
39 19
0
Yes
43 35
43 36
43 37
43 38
43 39
44 35
44 36
44 37
44 38
44 39
45 35
45 36
45 37
45 38
45 39
46 35
46 36
46 37
46 38
46 39
47 35
47 36
47 37
47 38
47 39
48 35
48 36
48 37
48 38
48 39
49 35
49 36
49 37
49 38
0
Yes
46 23
45 23
45 22
45 24
46 24
47 24
47 23
47 22
46 25
45 25
47 25
48 23
48 24
48 22
48 25
44 22
44 23
44 24
44 25
44 21
45 21
48 21
47 21
43 23
43 22
43 24
43 25
45 26
46 26
47 26
44 26
48 26
43 26
47 20
49 22
49 23
49 24
49 25
49 26
46 27
45 27
47 27
44 27
48 27
43 27
49 27
42 22
42 23
42 24
42 25
42 26
42 27
42 21
45 28
46 28
47 28
44 28
48 28
43 28
49 28
42 28
46 29
45 29
47 29
44 29
48 29
43 29
49 29
42 29
41 27
41 28
41 29
45 30
46 30
47 30
44 30
48 30
43 30
42 30
49 30
41 30
46 31
45 31
47 31
44 31
48 31
43 31
42 31
49 31
41 31
45 32
46 32
47 32
44 32
48 32
43 32
42 32
49 32
41 32
46 33
45 33
47 33
44 33
48 33
43 33
42 33
49 33
41 33
45 34
46 34
47 34
44 34
48 34
43 34
42 34
49 34
41 34
40 33
40 34
42 35
41 35
40 35
41 36
42 36
40 36
42 37
41 37
40 37
41 38
42 38
40 38
42 39
41 39
40 39
42 20
41 20
41 19
40 19
0
Yes
0 40
0 41
0 42
0 43
0 44
0 45
0 46
0 47
0 48
0 49
1 40
1 41
1 42
1 43
1 44
1 45
1 46
1 47
1 48
1 49
2 40
2 41
2 42
2 43
2 44
2 45
2 46
2 47
2 48
2 49
3 40
3 41
3 42
3 43
3 44
3 45
3 46
3 47
3 48
3 49
4 40
4 41
4 42
4 43
4 44
4 45
4 46
4 47
4 48
4 49
5 40
5 41
5 42
5 43
5 44
5 45
5 46
5 47
5 48
5 49
6 40
6 41
6 42
6 43
6 44
6 45
6 46
6 47
6 48
6 49
7 40
7 41
7 42
7 43
7 44
7 45
7 46
7 47
7 48
7 49
8 40
8 41
8 42
8 43
8 44
8 45
8 46
8 47
8 48
8 49
9 40
9 41
9 42
9 43
9 44
9 45
9 46
9 47
9 48
9 49
10 40
10 41
10 42
10 43
10 44
10 45
10 46
10 47
10 48
10 49
11 40
11 41
11 42
11 43
11 44
11 45
11 46
11 47
11 48
11 49
12 40
12 41
12 42
12 43
12 44
12 45
12 46
12 47
12 48
12 49
0
Yes
22 14
21 14
22 13
23 14
21 13
20 14
20 13
0
No
0
No
0
Yes
0 12
0 13
0 14
0 15
0 16
0 17
0 18
0 19
0 20
0 21
0 22
1 12
1 13
1 14
1 15
1 16
1 17
1 18
1 19
1 20
1 21
1 22
2 12
2 13
2 14
2 15
2 16
2 17
2 18
2 19
2 20
2 21
2 22
3 12
3 13
3 14
3 15
3 16
3 17
3 18
3 19
3 20
3 21
3 22
4 12
4 13
4 14
4 15
4 16
4 17
4 18
4 19
4 20
4 21
4 22
5 12
5 13
5 14
5 15
5 16
5 17
5 18
5 19
5 20
5 21
5 22
6 12
6 13
6 14
6 15
6 16
6 17
6 18
6 19
6 20
6 21
6 22
7 12
7 13
7 14
7 15
7 16
7 17
7 18
7 19
7 20
7 21
7 22
8 12
8 13
8 14
8 15
8 16
8 17
8 18
8 19
8 20
8 21
8 22
9 12
9 13
9 14
9 15
9 16
9 17
9 18
9 19
0
Yes
37 0
37 1
37 2
38 0
38 1
38 2
39 0
39 1
39 2
40 0
40 1
40 2
41 0
41 1
41 2
42 0
42 1
42 2
43 0
43 1
43 2
0
Yes
0 0
0 1
1 1
1 0
2 1
2 0
2 2
1 2
0 2
0 3
1 3
2 3
3 2
3 1
3 0
3 3
1 4
2 4
0 4
3 4
4 0
4 1
4 2
4 3
4 4
0 5
1 5
2 5
3 5
4 5
5 1
5 2
5 3
5 4
5 0
5 5
1 6
2 6
3 6
4 6
0 6
5 6
6 0
6 1
6 2
6 3
6 4
6 5
6 6
0 7
1 7
2 7
3 7
4 7
5 7
6 7
7 1
7 2
7 3
7 4
7 5
7 6
7 0
7 7
1 8
2 8
3 8
4 8
5 8
6 8
0 8
7 8
8 0
8 1
8 2
8 3
8 4
8 5
8 6
8 7
8 8
0 9
1 9
2 9
3 9
4 9
5 9
6 9
7 9
8 9
9 1
9 2
9 3
9 4
9 5
9 6
9 7
9 8
9 9
9 0
1 10
2 10
3 10
4 10
5 10
6 10
7 10
8 10
0 10
9 10
10 3
10 4
10 5
10 6
10 7
10 8
10 9
10 10
0 11
1 11
2 11
3 11
4 11
5 11
6 11
7 11
8 11
9 11
10 11
11 6
11 7
11 8
11 9
11 10
11 11
12 7
12 8
12 9
12 10
0
Yes
15 16
14 16
15 15
15 17
16 16
14 15
14 17
16 15
16 17
13 16
15 14
15 18
17 16
13 15
13 17
14 14
14 18
16 14
16 18
17 15
17 17
13 14
13 18
17 14
17 18
12 16
15 13
15 19
18 16
12 15
12 17
14 13
14 19
16 13
16 19
18 15
18 17
12 14
12 18
13 13
13 19
17 13
17 19
18 14
18 18
11 16
15 12
15 20
11 15
11 17
14 12
14 20
16 12
16 20
12 13
12 19
18 13
18 19
11 14
11 18
13 12
13 20
17 12
17 20
11 13
11 19
12 12
12 20
15 11
15 21
18 12
18 20
14 11
14 21
16 11
13 11
13 21
17 11
17 21
11 12
11 20
12 11
12 21
18 11
18 21
15 10
14 10
16 10
13 10
17 10
11 21
18 10
0
Yes
19 16
19 17
19 18
19 19
19 20
19 21
19 22
19 23
19 24
19 25
19 26
20 16
20 17
20 18
20 19
20 20
20 21
20 22
20 23
20 24
20 25
20 26
21 16
21 17
21 18
21 19
21 20
21 21
21 22
21 23
21 24
21 25
21 26
22 16
22 17
22 18
22 19
22 20
22 21
22 22
22 23
22 24
22 25
22 26
23 16
23 17
23 18
23 19
23 20
23 21
23 22
23 23
23 24
23 25
23 26
24 16
24 17
24 18
24 19
24 20
24 21
24 22
24 23
24 24
24 25
24 26
25 16
25 17
25 18
25 19
25 20
25 21
25 22
25 23
25 24
25 25
25 26
26 16
26 17
26 18
26 19
26 20
26 21
26 22
26 23
26 24
26 25
26 26
27 16
27 17
27 18
27 19
27 20
27 21
27 22
27 23
27 24
27 25
27 26
28 16
28 17
28 18
28 19
28 20
28 21
28 22
28 23
28 24
28 25
28 26
29 16
29 17
0
Yes
0 12
0 13
0 14
0 15
0 16
0 17
1 12
1 13
1 14
1 15
1 16
1 17
2 12
2 13
2 14
2 15
2 16
2 17
3 12
3 13
3 14
3 15
3 16
3 17
4 12
4 13
4 14
4 15
4 16
4 17
5 12
5 13
5 14
5 15
5 16
5 17
6 12
6 13
6 14
6 15
6 16
6 17
7 12
7 13
7 14
7 15
7 16
7 17
8 12
8 13
8 14
8 15
0
Yes
24 27
24 28
24 29
25 27
25 28
25 29
26 27
26 28
26 29
27 27
27 28
27 29
28 27
28 28
28 29
29 27
29 28
0
Yes
44 0
44 1
44 2
44 3
44 4
45 0
45 1
45 2
45 3
45 4
46 0
46 1
46 2
46 3
46 4
47 0
47 1
47 2
47 3
47 4
48 0
48 1
48 2
48 3
48 4
49 0
49 1
49 2
49 3
49 4
0
Yes
0 18
0 19
0 20
0 21
0 22
0 23
0 24
1 18
1 19
1 20
1 21
1 22
1 23
1 24
2 18
2 19
2 20
2 21
2 22
2 23
2 24
3 18
3 19
3 20
3 21
3 22
3 23
3 24
4 18
4 19
4 20
4 21
4 22
4 23
4 24
5 18
5 19
5 20
0
Yes
0 0
0 1
0 2
0 3
0 4
0 5
0 6
0 7
0 8
1 0
1 1
1 2
1 3
1 4
1 5
1 6
1 7
1 8
2 0
2 1
2 2
2 3
2 4
2 5
2 6
2 7
2 8
3 0
3 1
3 2
3 3
3 4
3 5
3 6
3 7
3 8
4 0
4 1
4 2
4 3
4 4
4 5
4 6
4 7
4 8
5 0
5 1
5 2
5 3
5 4
5 5
5 6
5 7
5 8
6 0
6 1
6 2
6 3
6 4
6 5
6 6
6 7
6 8
7 0
7 1
7 2
7 3
7 4
7 5
7 6
7 7
7 8
0
Yes
0 9
0 10
0 11
0 12
0 13
0 14
0 15
0 16
0 17
1 9
1 10
1 11
1 12
1 13
1 14
1 15
1 16
1 17
2 9
2 10
2 11
2 12
2 13
2 14
2 15
2 16
2 17
3 9
3 10
3 11
3 12
3 13
3 14
3 15
3 16
3 17
4 9
4 10
4 11
4 12
4 13
4 14
4 15
4 16
4 17
5 9
5 10
5 11
5 12
5 13
5 14
5 15
5 16
5 17
6 9
6 10
6 11
6 12
6 13
6 14
0
Yes
37 41
37 42
37 43
37 44
37 45
37 46
37 47
37 48
37 49
38 41
38 42
38 43
38 44
38 45
38 46
38 47
38 48
38 49
39 41
39 42
39 43
39 44
39 45
39 46
39 47
39 48
39 49
40 41
40 42
40 43
40 44
40 45
40 46
40 47
40 48
40 49
41 41
41 42
41 43
41 44
41 45
41 46
41 47
41 48
41 49
42 41
42 42
42 43
42 44
42 45
42 46
42 47
42 48
42 49
43 41
43 42
43 43
43 44
43 45
43 46
43 47
43 48
43 49
44 41
44 42
44 43
44 44
44 45
44 46
44 47
44 48
44 49
45 41
45 42
45 43
45 44
45 45
45 46
45 47
45 48
45 49
46 41
46 42
46 43
46 44
46 45
46 46
46 47
46 48
46 49
47 41
47 42
47 43
47 44
47 45
47 46
47 47
47 48
47 49
48 41
48 42
48 43
48 44
48 45
48 46
48 47
48 48
48 49
49 41
49 42
49 43
49 44
49 45
49 46
49 47
49 48
49 49
0
Yes
18 8
17 8
17 9
16 9
16 8
15 8
15 9
14 9
14 8
14 7
13 8
13 9
12 9
12 8
12 7
12 10
11 8
11 9
11 7
11 10
11 6
11 11
10 7
10 8
10 9
10 10
10 6
10 11
10 5
10 12
9 8
9 7
9 9
9 6
9 10
9 11
9 5
9 12
9 4
10 4
11 4
11 3
10 3
9 3
8 7
8 8
8 9
8 6
8 10
8 5
8 11
8 4
8 12
8 3
9 13
10 13
8 13
10 14
9 14
8 14
9 2
8 2
7 9
7 10
7 11
7 12
7 13
7 14
9 15
8 15
10 15
7 15
10 16
9 16
8 16
7 16
8 1
9 1
9 0
8 0
9 17
8 17
10 17
7 17
10 18
9 18
8 18
7 18
6 15
6 16
6 17
6 18
9 19
8 19
7 19
10 19
6 19
10 20
9 20
8 20
7 20
6 20
9 21
8 21
7 21
10 21
6 21
8 22
9 22
7 22
6 22
9 23
8 23
7 23
6 23
5 21
5 22
5 23
8 24
7 24
6 24
5 24
7 25
8 25
9 25
9 26
8 26
7 26
8 27
9 27
7 27
6 26
6 27
9 28
8 28
7 28
6 28
5 27
5 26
8 29
7 29
0
Yes
29 15
29 14
30 14
30 15
31 14
31 15
31 13
30 13
29 13
30 16
31 16
30 17
31 17
32 17
32 16
32 15
32 18
31 18
30 18
33 15
33 16
33 17
33 18
30 19
31 19
32 19
33 19
34 16
34 17
34 18
34 15
34 19
31 20
32 20
33 20
30 20
34 20
29 20
29 19
29 18
35 15
35 16
35 17
35 18
35 19
35 20
29 21
30 21
31 21
32 21
33 21
35 14
34 14
33 14
36 16
36 17
36 18
36 15
36 19
36 14
36 20
30 22
31 22
32 22
29 22
33 22
37 15
37 16
37 17
37 18
37 19
37 14
37 20
29 23
30 23
31 23
32 23
33 23
38 14
38 15
38 16
38 17
38 18
38 19
38 20
30 24
31 24
32 24
29 24
33 24
39 15
39 16
39 17
39 18
39 19
39 14
39 20
0
Yes
47 39
46 39
46 38
47 38
46 40
47 40
48 38
48 39
48 40
47 37
46 37
48 37
49 39
49 38
49 40
49 37
45 38
45 39
45 40
45 37
44 39
44 38
44 40
44 37
46 36
47 36
48 36
45 36
49 36
44 36
47 35
46 35
48 35
45 35
49 35
44 35
43 38
43 39
43 37
43 36
43 40
43 35
42 40
41 40
40 40
39 40
38 40
37 40
36 40
36 41
35 41
35 40
35 42
36 42
36 43
35 43
35 44
36 44
36 45
35 45
34 40
34 41
34 42
34 43
34 44
34 45
35 46
36 46
34 46
36 47
35 47
34 47
33 41
33 42
33 43
33 44
33 45
33 46
33 40
33 47
35 48
34 48
36 48
33 48
36 49
35 49
34 49
33 49
32 40
32 41
32 42
32 43
32 44
32 45
32 46
32 47
32 48
32 49
31 41
31 42
31 43
31 44
31 45
31 46
31 47
31 48
31 40
31 49
30 40
30 41
30 42
30 43
30 44
30 45
0
Yes
27 27
26 27
26 28
27 28
28 28
28 27
27 29
26 29
28 29
29 27
29 28
29 29
25 28
25 27
25 29
29 26
24 27
24 28
24 29
26 30
27 30
28 30
25 30
29 30
24 30
30 26
30 27
30 28
30 29
30 25
29 25
27 31
26 31
28 31
25 31
29 31
24 31
31 27
31 26
31 28
31 25
31 29
23 28
23 29
23 30
23 27
23 31
22 27
22 28
22 29
22 30
22 31
26 32
27 32
28 32
25 32
29 32
32 26
32 27
32 28
32 25
32 29
27 33
26 33
28 33
29 33
33 27
33 26
33 28
33 25
33 29
21 29
21 30
21 31
23 32
22 32
21 32
28 34
27 34
29 34
27 35
28 35
0
Yes
43 5
43 6
44 5
44 6
45 5
45 6
46 5
46 6
0
Yes
6 15
6 16
7 16
7 15
7 14
8 15
8 14
8 16
7 17
6 17
8 17
8 13
7 13
6 18
7 18
8 18
5 18
7 12
8 12
9 14
9 15
9 16
9 13
9 17
9 12
9 18
10 15
10 14
10 16
10 13
10 17
10 12
10 18
5 19
6 19
7 19
8 19
9 19
10 19
4 19
4 18
3 18
3 19
8 11
9 11
7 11
10 11
6 20
5 20
7 20
4 20
8 20
9 20
3 20
10 20
7 10
8 10
9 10
10 10
2 19
2 18
2 20
1 18
1 19
1 20
5 21
6 21
7 21
4 21
8 21
3 21
9 21
2 21
10 21
1 21
8 9
9 9
7 9
10 9
11 11
11 10
11 9
6 22
5 22
7 22
4 22
8 22
3 22
9 22
2 22
1 22
0 19
0 20
0 21
0 18
0 22
9 8
8 8
10 8
11 8
12 10
12 9
12 8
5 23
6 23
7 23
4 23
8 23
3 23
2 23
1 23
9 23
0 23
8 7
9 7
10 7
11 7
12 7
6 24
5 24
7 24
4 24
8 24
3 24
2 24
1 24
0 24
13 9
13 8
9 6
10 6
11 6
8 6
7 25
8 25
8 5
9 5
10 5
3 25
2 25
0
Yes
38 3
38 4
38 5
38 6
39 3
39 4
39 5
39 6
40 3
40 4
40 5
40 6
41 3
41 4
41 5
41 6
42 3
42 4
42 5
42 6
43 3
43 4
0
Yes
0 0
0 1
0 2
0 3
0 4
0 5
0 6
1 0
1 1
1 2
1 3
1 4
1 5
1 6
2 0
2 1
2 2
2 3
2 4
2 5
2 6
3 0
3 1
3 2
3 3
3 4
3 5
3 6
4 0
4 1
4 2
4 3
4 4
4 5
4 6
5 0
5 1
5 2
5 3
0
Yes
0 37
0 38
0 39
1 37
1 38
1 39
2 37
2 38
2 39
0
Yes
28 0
28 1
28 2
28 3
28 4
28 5
29 0
29 1
29 2
29 3
29 4
29 5
30 0
30 1
30 2
30 3
30 4
30 5
31 0
31 1
31 2
31 3
31 4
31 5
32 0
32 1
32 2
32 3
32 4
32 5
33 0
33 1
33 2
33 3
33 4
33 5
34 0
34 1
34 2
34 3
34 4
34 5
35 0
35 1
35 2
35 3
35 4
35 5
36 0
36 1
36 2
0
Yes
31 40
31 41
31 42
31 43
31 44
31 45
31 46
31 47
31 48
31 49
32 40
32 41
32 42
32 43
32 44
32 45
32 46
32 47
32 48
32 49
33 40
33 41
33 42
33 43
33 44
33 45
33 46
33 47
33 48
33 49
34 40
34 41
34 42
34 43
34 44
34 45
34 46
34 47
34 48
34 49
35 40
35 41
35 42
35 43
35 44
35 45
35 46
35 47
35 48
35 49
36 40
36 41
36 42
36 43
36 44
36 45
36 46
36 47
36 48
36 49
37 40
37 41
37 42
37 43
37 44
37 45
37 46
37 47
37 48
37 49
38 40
38 41
38 42
38 43
38 44
38 45
38 46
38 47
38 48
38 49
39 40
39 41
39 42
39 43
39 44
39 45
39 46
39 47
39 48
39 49
40 40
40 41
40 42
40 43
40 44
40 45
40 46
40 47
40 48
40 49
41 40
41 41
41 42
41 43
41 44
41 45
41 46
41 47
41 48
41 49
42 40
42 41
42 42
42 43
42 44
42 45
42 46
42 47
42 48
42 49
43 40
43 41
43 42
43 43
43 44
43 45
43 46
43 47
43 48
43 49
44 40
44 41
44 42
44 43
44 44
44 45
44 46
44 47
44 48
44 49
45 40
45 41
45 42
45 43
45 44
45 45
45 46
0
Yes
43 5
43 6
44 5
44 6
45 5
45 6
46 5
46 6
0
Yes
0 7
0 8
0 9
0 10
0 11
0 12
0 13
0 14
0 15
1 7
1 8
1 9
1 10
1 11
1 12
1 13
1 14
1 15
2 7
2 8
2 9
2 10
2 11
2 12
2 13
2 14
2 15
3 7
3 8
3 9
3 10
3 11
3 12
3 13
3 14
3 15
4 7
4 8
4 9
4 10
4 11
4 12
4 13
4 14
4 15
5 7
5 8
5 9
5 10
5 11
5 12
5 13
5 14
5 15
6 7
6 8
6 9
6 10
6 11
6 12
6 13
6 14
0
Yes
0 36
0 37
0 38
0 39
0 40
0 41
0 42
0 43
1 36
1 37
1 38
1 39
1 40
1 41
1 42
1 43
2 36
2 37
2 38
2 39
2 40
2 41
2 42
2 43
3 36
3 37
3 38
3 39
3 40
3 41
3 42
3 43
