0
Yes
46 43
46 44
45 43
45 44
47 43
47 44
46 42
46 45
45 42
45 45
47 42
47 45
44 43
44 44
48 43
48 44
44 42
44 45
46 41
46 46
48 42
48 45
45 41
45 46
47 41
47 46
43 43
43 44
49 43
49 44
44 41
44 46
48 41
48 46
43 42
43 45
49 42
49 45
46 40
46 47
45 40
45 47
47 40
47 47
43 41
43 46
49 41
49 46
42 43
42 44
44 40
44 47
48 40
48 47
42 42
42 45
46 39
46 48
43 40
43 47
45 39
45 48
47 39
47 48
49 40
49 47
42 41
42 46
44 39
44 48
48 39
48 48
42 40
42 47
43 39
43 48
49 39
49 48
46 38
46 49
45 38
45 49
47 38
47 49
44 38
44 49
48 38
48 49
42 39
42 48
43 38
43 49
49 38
49 49
46 37
45 37
47 37
42 38
42 49
44 37
48 37
43 37
49 37
42 37
0
Yes
0 42
0 43
0 44
0 45
0 46
0 47
0 48
0 49
1 42
1 43
1 44
1 45
1 46
1 47
1 48
1 49
2 42
2 43
2 44
2 45
2 46
2 47
2 48
2 49
3 42
3 43
3 44
3 45
3 46
3 47
3 48
3 49
4 42
4 43
4 44
4 45
4 46
4 47
4 48
4 49
5 42
5 43
5 44
5 45
5 46
5 47
5 48
5 49
6 42
6 43
6 44
6 45
6 46
6 47
6 48
6 49
7 42
7 43
7 44
7 45
7 46
7 47
7 48
7 49
0
Yes
18 48
17 48
18 47
18 49
19 48
17 47
17 49
19 47
19 49
16 48
18 46
20 48
16 47
16 49
17 46
19 46
20 47
20 49
16 46
15 48
15 47
15 49
15 46
0
Yes
46 2
46 3
47 2
47 3
45 2
45 3
46 1
46 4
47 1
47 4
48 2
48 3
45 1
45 4
48 1
48 4
44 2
44 3
46 0
47 0
49 2
49 3
44 1
44 4
45 0
48 0
49 1
49 4
43 2
43 3
44 0
49 0
43 1
43 4
43 0
0
Yes
47 16
47 17
48 16
48 17
46 16
46 17
47 15
47 18
48 15
48 18
49 16
49 17
46 15
46 18
49 15
49 18
45 16
45 17
47 14
47 19
48 14
48 19
45 15
45 18
46 14
46 19
49 14
49 19
45 14
45 19
47 13
48 13
49 13
0
Yes
48 21
49 21
48 20
49 20
47 21
47 20
0
Yes
28 5
28 6
27 5
27 6
29 5
29 6
28 4
28 7
27 4
27 7
29 4
29 7
26 5
26 6
30 5
30 6
26 4
26 7
28 3
28 8
30 4
30 7
27 3
27 8
29 3
29 8
25 5
25 6
31 5
31 6
26 3
26 8
30 3
30 8
25 4
25 7
31 4
31 7
28 2
28 9
27 2
27 9
29 2
29 9
25 3
25 8
31 3
31 8
24 5
24 6
26 2
26 9
30 2
30 9
32 5
32 6
24 4
24 7
32 4
32 7
28 1
28 10
25 2
25 9
27 1
27 10
29 1
29 10
31 2
31 9
24 3
24 8
32 3
32 8
26 1
26 10
30 1
30 10
23 5
23 6
23 4
23 7
24 2
24 9
32 2
32 9
25 1
25 10
31 1
31 10
28 0
23 3
23 8
27 0
29 0
26 0
30 0
24 1
24 10
32 1
23 2
23 9
25 0
31 0
23 1
23 10
24 0
32 0
23 0
0
Yes
0 43
0 44
0 45
0 46
0 47
0 48
0 49
1 43
1 44
1 45
1 46
1 47
1 48
1 49
2 43
2 44
2 45
2 46
2 47
2 48
2 49
3 43
3 44
3 45
3 46
3 47
3 48
3 49
4 43
4 44
4 45
4 46
4 47
4 48
4 49
5 43
5 44
5 45
5 46
5 47
5 48
5 49
6 43
6 44
6 45
6 46
6 47
6 48
6 49
7 43
7 44
7 45
7 46
7 47
7 48
0
Yes
17 5
18 5
17 4
17 6
18 4
18 6
16 5
19 5
16 4
16 6
19 4
19 6
17 3
17 7
18 3
18 7
15 5
16 3
16 7
19 3
19 7
20 5
15 4
15 6
20 4
20 6
17 2
17 8
18 2
18 8
15 3
15 7
20 3
20 7
16 2
16 8
19 2
19 8
14 5
21 5
14 4
14 6
21 4
21 6
15 2
15 8
20 2
20 8
14 3
14 7
17 1
17 9
18 1
18 9
21 3
21 7
16 1
16 9
19 1
19 9
13 5
22 5
13 4
13 6
14 2
14 8
21 2
21 8
22 4
22 6
15 1
15 9
20 1
20 9
13 3
13 7
22 3
22 7
17 0
18 0
16 0
19 0
14 1
14 9
21 1
21 9
13 2
13 8
22 2
22 8
12 5
12 4
12 6
15 0
20 0
12 3
12 7
13 1
13 9
22 1
22 9
14 0
21 0
12 2
12 8
13 0
22 0
12 1
12 9
0
Yes
19 48
20 48
19 47
19 49
20 47
20 49
18 48
18 47
18 49
19 46
18 46
0
Yes
0 8
0 9
0 10
0 11
0 12
0 13
0 14
0 15
0 16
0 17
0 18
0 19
0 20
0 21
1 8
1 9
1 10
1 11
1 12
1 13
1 14
1 15
1 16
1 17
1 18
1 19
1 20
1 21
2 8
2 9
2 10
2 11
2 12
2 13
2 14
2 15
2 16
2 17
2 18
2 19
2 20
2 21
3 8
3 9
3 10
3 11
3 12
3 13
3 14
3 15
3 16
3 17
3 18
3 19
3 20
3 21
4 8
4 9
4 10
4 11
4 12
4 13
4 14
4 15
4 16
4 17
4 18
4 19
4 20
4 21
5 8
5 9
5 10
5 11
5 12
5 13
5 14
5 15
5 16
5 17
5 18
5 19
5 20
5 21
6 8
6 9
6 10
6 11
6 12
6 13
6 14
6 15
6 16
6 17
6 18
6 19
6 20
6 21
7 8
7 9
7 10
7 11
7 12
7 13
7 14
7 15
7 16
7 17
7 18
7 19
7 20
7 21
8 8
8 9
8 10
8 11
8 12
8 13
8 14
8 15
8 16
8 17
8 18
8 19
8 20
8 21
9 8
9 9
9 10
9 11
9 12
9 13
9 14
9 15
9 16
9 17
9 18
9 19
9 20
9 21
0
Yes
5 29
5 30
4 29
4 30
6 29
6 30
5 28
5 31
4 28
4 31
6 28
6 31
3 29
3 30
7 29
7 30
3 28
3 31
5 27
5 32
7 28
7 31
4 27
4 32
6 27
6 32
2 29
2 30
8 29
8 30
3 27
3 32
7 27
7 32
2 28
2 31
8 28
8 31
5 26
5 33
4 26
4 33
6 26
6 33
2 27
2 32
8 27
8 32
1 29
1 30
3 26
3 33
7 26
7 33
9 29
9 30
1 28
1 31
9 28
9 31
5 25
5 34
2 26
2 33
4 25
4 34
6 25
6 34
8 26
8 33
1 27
1 32
9 27
9 32
3 25
3 34
7 25
7 34
0 29
0 30
0 28
0 31
1 26
1 33
9 26
9 33
2 25
2 34
8 25
8 34
5 24
5 35
0 27
0 32
4 24
4 35
6 24
6 35
3 24
3 35
7 24
7 35
1 25
1 34
9 25
9 34
0 26
0 33
2 24
2 35
8 24
8 35
5 23
5 36
4 23
4 36
6 23
6 36
0 25
0 34
1 24
1 35
3 23
3 36
7 23
9 24
2 23
2 36
8 23
0 24
0 35
5 22
4 22
6 22
1 23
1 36
9 23
3 22
7 22
2 22
8 22
0 23
0 36
1 22
9 22
0
Yes
14 10
14 11
14 12
14 13
14 14
14 15
15 10
15 11
15 12
15 13
15 14
15 15
16 10
16 11
16 12
16 13
16 14
16 15
17 10
17 11
17 12
17 13
17 14
17 15
18 10
18 11
18 12
18 13
18 14
18 15
19 10
19 11
19 12
19 13
19 14
19 15
20 10
20 11
20 12
20 13
20 14
20 15
21 10
21 11
21 12
21 13
21 14
21 15
22 10
22 11
22 12
22 13
0
Yes
35 3
34 3
34 2
35 2
34 1
35 1
36 1
36 2
36 3
33 1
33 2
33 3
36 4
35 4
34 4
33 4
37 3
37 2
37 4
37 1
36 0
35 0
37 0
34 0
33 0
35 5
34 5
36 5
33 5
37 5
38 2
38 3
38 1
38 0
38 4
39 1
39 2
39 3
39 0
0
Yes
10 25
10 26
10 27
10 28
10 29
10 30
10 31
10 32
10 33
10 34
10 35
11 25
11 26
11 27
11 28
11 29
11 30
11 31
11 32
11 33
11 34
11 35
12 25
12 26
12 27
12 28
12 29
12 30
12 31
12 32
12 33
12 34
12 35
13 25
13 26
13 27
13 28
13 29
13 30
13 31
13 32
13 33
13 34
13 35
14 25
14 26
14 27
14 28
14 29
14 30
14 31
14 32
14 33
14 34
14 35
15 25
15 26
15 27
15 28
15 29
15 30
15 31
15 32
15 33
15 34
15 35
16 25
16 26
16 27
16 28
16 29
16 30
16 31
16 32
16 33
0
Yes
27 11
27 12
28 11
28 12
29 11
29 12
30 11
30 12
31 11
31 12
0
Yes
37 43
37 44
38 43
38 44
36 43
36 44
37 42
37 45
38 42
38 45
39 43
39 44
36 42
36 45
39 42
39 45
35 43
35 44
37 41
37 46
38 41
38 46
40 43
40 44
35 42
35 45
36 41
36 46
39 41
39 46
40 42
40 45
34 43
34 44
35 41
35 46
37 40
37 47
38 40
38 47
40 41
40 46
41 43
41 44
34 42
34 45
36 40
36 47
39 40
39 47
41 42
41 45
34 41
34 46
35 40
35 47
40 40
40 47
41 41
41 46
33 43
37 39
37 48
38 39
38 48
33 42
33 45
36 39
36 48
39 39
39 48
34 40
34 47
41 40
41 47
33 41
33 46
35 39
35 48
40 39
40 48
37 38
37 49
38 38
38 49
33 40
33 47
34 39
34 48
36 38
36 49
39 38
39 49
41 39
41 48
35 38
35 49
40 38
40 49
33 39
33 48
34 38
34 49
37 37
38 37
41 38
41 49
36 37
39 37
35 37
40 37
33 38
33 49
34 37
41 37
33 37
0
Yes
9 4
9 5
10 4
10 5
8 4
8 5
9 3
9 6
10 3
10 6
11 4
11 5
8 3
8 6
11 3
11 6
7 4
7 5
9 2
9 7
10 2
10 7
7 3
7 6
8 2
8 7
11 2
11 7
7 2
7 7
9 1
10 1
8 1
11 1
7 1
0
Yes
11 47
11 48
10 47
10 48
12 47
12 48
11 46
11 49
10 46
10 49
12 46
12 49
9 47
9 48
13 47
13 48
9 46
9 49
11 45
13 46
13 49
10 45
12 45
8 47
8 48
9 45
13 45
8 46
8 49
8 45
0
Yes
38 30
38 31
39 30
39 31
37 30
37 31
38 29
38 32
39 29
39 32
40 30
40 31
37 29
37 32
40 29
40 32
36 30
36 31
38 28
38 33
39 28
39 33
41 30
41 31
36 29
36 32
37 28
37 33
40 28
40 33
41 29
41 32
35 30
35 31
36 28
36 33
38 27
38 34
39 27
39 34
41 28
41 33
42 30
42 31
35 29
35 32
37 27
37 34
40 27
40 34
42 29
42 32
35 28
35 33
36 27
36 34
41 27
41 34
42 28
42 33
34 30
34 31
38 26
38 35
39 26
39 35
43 30
43 31
34 29
34 32
37 26
37 35
40 26
40 35
43 29
43 32
35 27
35 34
42 27
42 34
34 28
34 33
36 26
36 35
41 26
41 35
43 28
43 33
33 30
33 31
38 25
38 36
39 25
39 36
33 29
33 32
34 27
34 34
35 26
35 35
37 25
37 36
40 25
40 36
42 26
42 35
43 27
43 34
33 28
33 33
36 25
36 36
41 25
41 36
34 26
34 35
43 26
43 35
33 27
33 34
35 25
35 36
38 24
39 24
42 25
42 36
37 24
40 24
36 24
41 24
33 26
33 35
34 25
34 36
43 25
43 36
35 24
42 24
33 25
33 36
34 24
43 24
33 24
0
No
0
No
0
Yes
7 39
6 39
6 38
7 38
5 38
5 39
4 38
4 39
4 37
5 37
6 37
0
Yes
28 30
27 30
28 29
28 31
29 30
27 29
27 31
29 29
29 31
26 30
28 28
28 32
30 30
26 29
26 31
27 28
27 32
29 28
29 32
30 29
30 31
26 28
26 32
30 28
30 32
25 30
28 27
28 33
31 30
25 29
25 31
27 27
27 33
29 27
29 33
31 29
31 31
25 28
25 32
26 27
26 33
30 27
30 33
31 28
31 32
24 30
28 26
28 34
32 30
24 29
24 31
27 26
27 34
29 26
29 34
32 29
32 31
25 27
25 33
31 27
31 33
24 28
24 32
26 26
26 34
30 26
30 34
32 28
32 32
23 30
24 27
24 33
25 26
25 34
28 25
31 26
31 34
32 27
32 33
23 29
23 31
27 25
29 25
23 28
23 32
26 25
30 25
24 26
24 34
32 26
32 34
23 27
23 33
25 25
31 25
23 26
23 34
24 25
32 25
23 25
0
Yes
3 37
2 37
2 38
3 38
2 39
3 39
1 39
1 38
1 37
0 37
0 38
0 39
1 40
0
No
0
Yes
19 17
20 17
19 16
20 16
18 17
18 16
0
No
0
Yes
6 13
6 14
7 13
7 14
5 13
5 14
6 12
6 15
7 12
7 15
8 13
8 14
5 12
5 15
8 12
8 15
4 13
4 14
6 11
6 16
7 11
7 16
9 13
9 14
4 12
4 15
5 11
5 16
8 11
8 16
9 12
9 15
3 13
3 14
4 11
4 16
6 10
6 17
7 10
7 17
9 11
9 16
10 13
10 14
3 12
3 15
5 10
5 17
8 10
8 17
10 12
10 15
3 11
3 16
4 10
4 17
9 10
9 17
10 11
10 16
2 13
2 14
6 9
6 18
7 9
7 18
11 13
11 14
2 12
2 15
5 9
5 18
8 9
8 18
11 12
11 15
3 10
3 17
10 10
10 17
2 11
2 16
4 9
4 18
9 9
9 18
11 11
11 16
1 13
1 14
6 8
7 8
12 13
12 14
1 12
1 15
2 10
2 17
3 9
3 18
5 8
8 8
10 9
10 18
11 10
11 17
12 12
12 15
1 11
1 16
4 8
9 8
12 11
12 16
2 9
2 18
11 9
11 18
0 13
0 14
1 10
1 17
3 8
10 8
12 10
12 17
0 12
0 15
0 11
0 16
1 9
1 18
2 8
11 8
12 18
0 10
0 17
1 8
0 9
0 18
0 8
0
No
0
Yes
28 31
27 31
28 30
28 32
29 31
27 30
27 32
29 30
29 32
26 31
28 29
28 33
30 31
26 30
26 32
27 29
27 33
29 29
29 33
30 30
30 32
26 29
26 33
30 29
30 33
25 31
28 28
28 34
31 31
25 30
25 32
27 28
27 34
29 28
29 34
31 30
31 32
25 29
25 33
26 28
26 34
30 28
30 34
31 29
31 33
24 31
28 27
28 35
32 31
24 30
24 32
27 27
27 35
29 27
29 35
32 30
32 32
25 28
25 34
31 28
31 34
24 29
24 33
26 27
26 35
30 27
30 35
32 29
32 33
23 31
24 28
24 34
25 27
25 35
28 26
28 36
31 27
31 35
32 28
32 34
23 30
23 32
27 26
27 36
29 26
29 36
23 29
23 33
26 26
26 36
30 26
30 36
24 27
24 35
32 27
32 35
23 28
23 34
25 26
25 36
31 26
31 36
28 25
28 37
27 25
27 37
29 25
29 37
26 25
26 37
30 25
30 37
23 27
23 35
24 26
24 36
32 26
32 36
25 25
25 37
31 25
31 37
28 24
23 26
23 36
27 24
29 24
24 25
24 37
32 25
32 37
26 24
30 24
25 24
31 24
23 25
23 37
24 24
32 24
0
No
0
Yes
49 36
48 36
48 35
49 35
48 34
49 34
47 34
47 35
47 36
46 36
46 35
46 34
47 33
48 33
49 33
46 33
45 35
45 34
45 36
45 33
49 32
48 32
47 32
46 32
45 32
44 36
44 35
44 34
44 33
44 32
48 31
47 31
46 31
45 31
0
Yes
3 20
3 21
4 20
4 21
2 20
2 21
3 19
4 19
5 20
5 21
2 19
5 19
1 20
1 21
6 20
6 21
1 19
6 19
0 20
0 21
0 19
0
Yes
10 20
10 21
9 20
9 21
11 20
11 21
10 19
9 19
11 19
8 20
8 21
12 20
12 21
8 19
12 19
7 20
7 21
7 19
0
No
0
No
0
Yes
46 47
45 47
46 46
46 48
47 47
45 46
45 48
47 46
47 48
44 47
46 45
46 49
48 47
44 46
44 48
45 45
45 49
47 45
47 49
48 46
48 48
44 45
44 49
48 45
48 49
43 47
46 44
49 47
43 46
43 48
45 44
47 44
49 46
49 48
43 45
43 49
44 44
48 44
49 45
49 49
42 47
42 46
42 48
43 44
49 44
42 45
42 49
42 44
0
No
0
Yes
16 47
16 48
15 47
15 48
17 47
17 48
16 46
16 49
15 46
15 49
17 46
17 49
14 47
14 48
14 46
14 49
16 45
15 45
17 45
14 45
0
No
0
Yes
17 42
17 43
17 44
18 42
18 43
18 44
19 42
19 43
0
Yes
33 5
33 4
34 4
34 5
35 4
35 5
35 3
34 3
33 3
33 2
34 2
35 2
36 3
36 4
36 5
36 2
34 1
35 1
33 1
36 1
37 5
37 4
37 3
37 2
37 1
33 0
34 0
35 0
36 0
37 0
38 4
38 3
0
Yes
29 27
29 28
28 27
28 28
30 27
30 28
29 26
29 29
28 26
28 29
30 26
30 29
27 27
27 28
31 27
31 28
27 26
27 29
29 25
29 30
31 26
31 29
28 25
28 30
30 25
30 30
26 27
26 28
32 27
32 28
27 25
27 30
31 25
31 30
26 26
26 29
32 26
32 29
29 24
29 31
28 24
28 31
30 24
30 31
26 25
26 30
32 25
32 30
25 27
25 28
27 24
27 31
31 24
31 31
25 26
25 29
29 23
26 24
26 31
28 23
30 23
32 24
32 31
25 25
25 30
27 23
31 23
25 24
25 31
26 23
32 23
25 23
0
No
0
No
0
Yes
28 36
29 36
28 35
28 37
29 35
29 37
27 36
30 36
27 35
27 37
30 35
30 37
28 34
28 38
29 34
29 38
26 36
27 34
27 38
30 34
30 38
31 36
26 35
26 37
31 35
31 37
28 33
29 33
29 39
26 34
26 38
31 34
31 38
27 33
27 39
30 33
30 39
25 36
32 36
25 35
25 37
32 35
32 37
26 33
26 39
31 33
31 39
25 34
25 38
28 32
29 32
32 34
32 38
27 32
30 32
24 36
24 35
24 37
25 33
25 39
32 33
32 39
26 32
31 32
24 34
24 38
25 32
32 32
24 33
24 39
24 32
0
No
0
No
0
No
0
No
0
No
0
No
0
Yes
3 45
4 45
3 44
3 46
4 44
4 46
2 45
5 45
2 44
2 46
5 44
5 46
3 43
3 47
4 43
4 47
1 45
2 43
2 47
5 43
5 47
6 45
1 44
1 46
6 44
6 46
3 42
3 48
4 42
4 48
1 43
1 47
6 43
6 47
2 42
2 48
5 42
5 48
0 45
0 44
0 46
1 42
1 48
6 42
6 48
0 43
0 47
3 41
3 49
4 41
4 49
2 41
2 49
5 41
5 49
0 42
0 48
1 41
1 49
6 41
6 49
3 40
4 40
2 40
5 40
0 41
0 49
0
Yes
38 45
37 45
38 44
38 46
39 45
37 44
37 46
39 44
39 46
36 45
38 43
38 47
40 45
36 44
36 46
37 43
37 47
39 43
39 47
40 44
40 46
36 43
36 47
40 43
40 47
35 45
38 42
38 48
41 45
35 44
35 46
37 42
37 48
39 42
39 48
41 44
41 46
35 43
35 47
36 42
36 48
40 42
40 48
41 43
41 47
34 45
38 41
38 49
34 44
34 46
37 41
37 49
39 41
39 49
35 42
35 48
41 42
41 48
34 43
34 47
36 41
36 49
40 41
40 49
34 42
34 48
35 41
35 49
38 40
41 41
41 49
37 40
39 40
36 40
40 40
34 41
34 49
35 40
41 40
34 40
0
No
0
Yes
30 7
29 7
29 6
30 6
29 5
30 5
31 5
31 6
31 7
28 5
28 6
28 7
31 8
30 8
29 8
28 8
32 7
32 6
32 8
32 5
31 4
30 4
29 4
28 4
32 4
27 7
27 6
27 5
27 8
27 4
30 9
29 9
31 9
28 9
32 9
27 9
30 3
29 3
31 3
28 3
32 3
27 3
26 6
26 7
26 5
26 8
26 4
26 9
26 3
29 10
28 10
30 10
31 10
27 10
26 10
33 9
33 8
33 7
29 2
30 2
28 2
31 2
27 2
32 2
26 2
33 3
33 4
33 5
33 2
25 7
25 6
25 8
25 5
25 4
25 9
25 3
25 10
25 2
30 11
29 11
28 11
27 11
26 11
31 11
25 11
30 1
29 1
31 1
28 1
27 1
32 1
26 1
33 1
25 1
34 5
34 4
34 3
34 2
34 1
24 6
24 7
24 8
24 5
24 9
24 4
24 3
24 10
24 2
24 11
24 1
29 12
28 12
30 12
27 12
31 12
29 0
30 0
31 0
28 0
32 0
27 0
26 0
33 0
25 0
34 0
24 0
35 4
35 3
35 2
35 1
35 5
35 0
23 7
23 6
23 8
23 5
23 9
23 4
23 3
23 2
23 10
23 11
23 1
23 0
0
No
2
54
10 28
10 29
10 30
10 31
10 32
10 33
10 34
10 35
11 28
11 29
11 30
11 31
11 32
11 33
11 34
11 35
12 28
12 29
12 30
12 31
12 32
12 33
12 34
12 35
13 28
13 29
13 30
13 31
13 32
13 33
13 34
13 35
14 28
14 29
14 30
14 31
14 32
14 33
14 34
14 35
15 28
15 29
15 30
15 31
15 32
15 33
15 34
15 35
16 28
16 29
16 30
16 31
16 32
16 33
16 34
16 35
17 28
17 29
17 30
17 31
17 32
17 33
17 34
17 35
18 28
18 29
18 30
18 31
18 32
18 33
18 34
18 35
19 28
19 29
19 30
19 31
19 32
19 33
19 34
19 35
37
37 17
37 18
37 19
37 20
37 21
37 22
38 17
38 18
38 19
38 20
38 21
38 22
39 17
39 18
39 19
39 20
39 21
39 22
40 17
40 18
40 19
40 20
40 21
40 22
41 17
41 18
41 19
41 20
41 21
41 22
42 17
42 18
42 19
42 20
42 21
42 22
43 17
43 18
43 19
43 20
43 21
43 22
44 17
44 18
44 19
44 20
44 21
44 22
Yes
38 37
38 38
38 39
38 40
38 41
38 42
38 43
38 44
38 45
38 46
38 47
39 37
39 38
39 39
39 40
39 41
39 42
39 43
39 44
39 45
39 46
39 47
40 37
40 38
40 39
40 40
40 41
40 42
40 43
40 44
40 45
40 46
40 47
41 37
41 38
41 39
41 40
41 41
41 42
41 43
41 44
41 45
41 46
41 47
42 37
42 38
42 39
42 40
42 41
42 42
42 43
42 44
42 45
42 46
42 47
43 37
43 38
43 39
43 40
43 41
43 42
43 43
43 44
43 45
43 46
43 47
44 37
44 38
44 39
44 40
44 41
44 42
44 43
44 44
44 45
44 46
44 47
45 37
45 38
45 39
45 40
45 41
45 42
45 43
45 44
45 45
45 46
45 47
46 37
46 38
46 39
46 40
46 41
46 42
46 43
46 44
46 45
46 46
46 47
47 37
47 38
47 39
47 40
47 41
47 42
47 43
47 44
47 45
47 46
47 47
48 37
48 38
48 39
48 40
48 41
48 42
48 43
48 44
48 45
48 46
48 47
49 37
49 38
49 39
49 40
0
No
0
Yes
49 30
49 31
48 31
48 32
49 32
48 33
49 33
47 33
47 32
47 31
47 34
48 34
49 34
46 31
46 32
46 33
46 34
49 35
48 35
47 35
46 35
45 32
45 33
45 34
45 31
45 35
48 36
47 36
46 36
45 36
49 36
45 30
46 30
47 30
44 31
44 32
44 33
44 34
44 30
44 35
44 36
44 29
45 29
46 29
0
Yes
35 40
35 41
36 40
36 41
34 40
34 41
35 39
35 42
36 39
36 42
37 40
37 41
34 39
34 42
37 39
37 42
33 40
33 41
35 38
35 43
36 38
36 43
33 39
33 42
34 38
34 43
37 38
37 43
33 38
33 43
35 37
36 37
34 37
37 37
33 37
0
No
0
No
0
No
0
Yes
39 2
39 3
40 2
40 3
38 2
38 3
39 1
40 1
40 4
41 2
41 3
38 1
38 4
41 1
41 4
37 2
37 3
39 0
40 0
42 2
42 3
37 1
37 4
38 0
41 0
42 1
42 4
36 2
36 3
37 0
42 0
36 1
36 4
36 0
0
No
0
No
0
Yes
22 31
23 31
22 30
22 32
23 30
23 32
21 31
24 31
21 30
21 32
24 30
22 29
22 33
23 29
23 33
20 31
21 29
21 33
24 29
20 30
20 32
22 28
22 34
23 28
23 34
20 29
20 33
21 28
21 34
24 28
20 28
20 34
22 27
23 27
21 27
24 27
20 27
0
Yes
1 6
1 7
0 6
0 7
1 5
0
No
0
No
0
No
0
Yes
3 45
2 45
3 44
3 46
4 45
2 44
2 46
4 44
4 46
1 45
3 43
3 47
5 45
1 44
1 46
2 43
2 47
4 43
4 47
5 44
5 46
1 43
1 47
5 43
5 47
0 45
3 42
3 48
0 44
0 46
2 42
2 48
4 42
4 48
0 43
0 47
1 42
1 48
5 42
5 48
3 41
3 49
2 41
2 49
4 41
4 49
0 42
0 48
1 41
1 49
5 41
5 49
0 41
0 49
3 40
2 40
4 40
5 40
0
No
0
No
0
Yes
12 24
11 24
11 23
12 23
11 22
12 22
13 22
13 23
13 24
10 22
10 23
10 24
13 25
12 25
11 25
10 25
14 24
14 23
14 25
14 22
12 26
11 26
13 26
10 26
14 26
15 23
15 24
15 25
15 22
15 26
11 27
12 27
13 27
14 27
15 27
10 27
16 24
16 25
16 23
16 26
0
No
0
Yes
28 5
28 6
27 5
27 6
29 5
29 6
28 4
28 7
27 4
27 7
29 4
29 7
26 5
26 6
30 5
30 6
26 4
26 7
28 3
28 8
30 4
30 7
27 3
27 8
29 3
29 8
25 5
25 6
31 5
31 6
26 3
26 8
30 3
30 8
25 4
25 7
31 4
31 7
28 2
28 9
27 2
27 9
29 2
29 9
25 3
25 8
31 3
31 8
24 5
24 6
26 2
26 9
30 2
30 9
32 5
32 6
24 4
24 7
32 4
32 7
28 1
28 10
25 2
25 9
27 1
27 10
29 1
29 10
31 2
31 9
24 3
24 8
32 3
32 8
26 1
26 10
30 1
30 10
23 5
23 6
23 4
23 7
24 2
24 9
32 2
32 9
25 1
25 10
31 1
31 10
28 0
23 3
23 8
27 0
29 0
26 0
30 0
24 1
24 10
32 1
23 2
23 9
25 0
31 0
23 1
23 10
24 0
32 0
23 0
0
Yes
32 14
31 14
31 15
32 15
31 16
32 16
30 16
30 15
30 14
29 14
29 15
29 16
30 17
31 17
32 17
29 17
28 15
28 16
28 14
28 17
33 17
33 16
33 15
32 18
31 18
30 18
29 18
33 18
28 18
27 14
27 15
27 16
34 15
34 16
34 17
34 18
31 19
32 19
33 19
30 19
29 19
34 19
35 19
35 18
35 17
32 20
31 20
33 20
30 20
34 20
29 20
35 20
36 20
36 19
36 18
31 21
32 21
33 21
34 21
30 21
35 21
29 21
36 21
32 22
31 22
33 22
34 22
30 22
35 22
29 22
36 22
28 22
28 21
28 20
0
No
0
Yes
30 48
31 48
31 47
31 49
32 47
32 48
32 49
33 48
33 47
33 49
33 46
34 47
34 48
34 49
34 46
34 45
33 45
35 48
35 47
35 46
35 49
35 45
36 47
36 48
36 46
36 49
36 45
35 44
34 44
36 44
37 48
37 47
37 46
37 45
37 49
37 44
38 49
38 48
39 48
39 49
40 49
40 48
41 48
41 49
42 49
42 48
43 48
43 49
44 49
44 48
45 48
45 49
46 49
46 48
47 48
47 49
48 49
48 48
49 48
49 49
49 47
49 46
49 45
0
No
0
Yes
22 29
23 29
22 28
22 30
23 28
23 30
21 29
24 29
21 28
21 30
24 28
24 30
22 27
23 27
20 29
21 27
24 27
20 28
20 30
20 27
0
No
0
No
0
Yes
23 34
22 34
22 33
23 33
22 32
23 32
21 32
21 33
21 34
21 35
22 35
23 35
20 34
20 33
20 35
20 32
21 31
22 31
23 31
20 31
23 36
22 36
0
No
0
Yes
24 41
23 41
23 40
22 40
22 41
21 40
21 41
21 39
22 39
23 39
20 39
20 40
20 41
23 38
22 38
21 38
20 38
19 38
19 39
19 40
22 37
21 37
20 37
19 37
23 37
21 36
20 36
19 36
21 42
20 42
0
No
0
No
0
No
0
No
0
Yes
6 32
5 32
5 31
6 31
5 30
6 30
7 30
7 31
7 32
4 30
4 31
4 32
7 33
6 33
5 33
4 33
8 32
8 31
8 33
8 30
7 29
6 29
5 29
4 29
8 29
3 32
3 31
3 30
3 33
3 29
6 34
5 34
7 34
4 34
8 34
3 34
9 31
9 32
9 30
9 29
9 33
9 34
6 28
5 28
7 28
4 28
8 28
3 28
9 28
2 31
2 32
2 30
2 33
2 29
2 34
2 28
5 35
6 35
4 35
3 35
2 35
7 35
8 35
5 27
6 27
7 27
4 27
8 27
3 27
9 27
2 27
1 32
1 31
1 33
1 30
1 29
1 34
1 28
1 35
1 27
4 36
3 36
5 36
6 36
2 36
1 36
6 26
5 26
7 26
4 26
3 26
8 26
2 26
9 26
1 26
0 31
0 32
0 33
0 30
0 34
0 29
0 28
0 27
0
No
0
No
0
Yes
2 22
2 23
1 22
1 23
3 22
3 23
2 21
2 24
1 21
1 24
3 21
3 24
0 22
0 23
0 21
0 24
2 20
2 25
1 20
1 25
3 20
3 25
0 20
0 25
2 19
1 19
0
No
0
Yes
22 31
23 31
22 30
22 32
23 30
23 32
21 31
24 31
21 30
21 32
24 30
22 29
22 33
23 29
23 33
20 31
21 29
21 33
24 29
20 30
20 32
22 28
22 34
23 28
23 34
20 29
20 33
21 28
21 34
24 28
20 28
20 34
22 27
23 27
21 27
24 27
20 27
0
No
0
No
0
No
0
No
0
No
0
Yes
24 25
24 26
23 25
23 26
24 24
0
Yes
4 43
4 44
3 43
3 44
5 43
5 44
4 42
4 45
3 42
3 45
5 42
5 45
2 43
2 44
6 43
6 44
2 42
2 45
4 41
4 46
6 42
6 45
3 41
3 46
5 41
5 46
1 43
1 44
7 43
7 44
2 41
2 46
6 41
6 46
1 42
1 45
7 42
7 45
4 40
4 47
3 40
3 47
5 40
5 47
1 41
1 46
7 46
0 43
0 44
2 40
2 47
6 47
0 42
0 45
4 39
4 48
1 40
1 47
3 39
3 48
5 39
5 48
7 47
0 41
0 46
2 39
2 48
6 39
6 48
0 40
0 47
1 39
1 48
7 39
7 48
4 38
4 49
3 38
3 49
5 38
5 49
2 38
2 49
6 38
6 49
0 39
0 48
1 38
1 49
7 38
7 49
4 37
3 37
5 37
0 38
0 49
2 37
6 37
1 37
0
Yes
21 12
22 12
21 11
21 13
22 11
22 13
20 12
23 12
20 11
20 13
23 11
23 13
21 10
22 10
19 12
20 10
19 11
19 13
19 10
0
Yes
4 31
4 32
3 31
3 32
5 31
5 32
4 30
4 33
3 30
3 33
5 30
5 33
2 31
2 32
6 31
6 32
2 30
2 33
4 29
4 34
6 30
6 33
3 29
3 34
5 29
5 34
1 31
1 32
7 31
7 32
2 29
2 34
6 29
6 34
1 30
1 33
7 30
7 33
4 28
4 35
3 28
3 35
5 28
5 35
1 29
1 34
7 29
7 34
0 31
0 32
2 28
2 35
6 28
6 35
0 30
0 33
4 27
4 36
1 28
1 35
3 27
3 36
5 27
5 36
7 28
7 35
0 29
0 34
2 27
2 36
6 27
6 36
0 28
0 35
1 27
1 36
7 27
4 26
3 26
5 26
2 26
6 26
0 27
0 36
1 26
7 26
0 26
0
Yes
16 11
15 11
15 10
16 10
15 12
16 12
17 10
17 11
17 12
16 13
15 13
17 13
18 11
18 12
18 10
18 13
14 10
14 11
14 12
14 13
13 11
13 12
13 10
13 13
15 14
16 14
17 14
14 14
18 14
13 14
16 15
15 15
17 15
14 15
18 15
13 15
19 14
19 15
15 16
16 16
17 16
14 16
18 16
13 16
19 16
20 15
20 14
20 16
21 14
21 15
16 17
15 17
14 17
13 17
18 17
19 17
20 17
15 18
14 18
13 18
14 19
15 19
13 19
12 19
15 20
14 20
13 20
12 20
14 21
13 21
15 21
12 21
11 20
11 19
11 21
10 19
10 20
10 21
9 20
9 19
9 21
8 19
8 20
8 21
7 20
7 19
7 21
6 19
6 20
6 21
9 22
8 22
7 22
6 22
5 20
5 21
5 19
5 22
4 19
4 20
4 21
4 22
0
No
0
No
0
No
0
No
0
No
0
No
0
No
0
No
0
Yes
18 43
18 44
19 43
17 43
17 44
18 42
19 42
17 42
0
Yes
42 6
43 6
42 5
43 5
41 6
41 5
0
Yes
19 48
19 49
20 48
20 49
18 48
18 49
19 47
20 47
18 47
0
No
0
No
0
No
0
No
0
Yes
29 12
29 13
28 12
28 13
30 12
29 11
28 11
30 11
27 12
27 11
0
No
0
No
0
No
0
No
0
No
0
Yes
33 5
33 4
34 4
34 5
35 4
35 5
35 3
34 3
33 3
33 2
34 2
35 2
36 3
36 4
36 5
36 2
34 1
35 1
33 1
36 1
37 5
37 4
37 3
37 2
37 1
33 0
34 0
35 0
36 0
37 0
38 4
38 3
0
Yes
41 20
41 21
40 20
40 21
42 20
42 21
41 19
41 22
40 19
40 22
42 19
42 22
39 20
39 21
43 20
43 21
39 19
39 22
41 18
41 23
43 19
43 22
40 18
40 23
42 18
42 23
38 20
38 21
44 20
44 21
39 18
39 23
43 18
43 23
38 19
38 22
44 19
44 22
41 17
40 17
42 17
38 18
38 23
44 18
37 20
37 21
39 17
43 17
37 19
37 22
38 17
44 17
37 18
37 23
37 17
0
Yes
48 21
49 21
47 21
47 22
48 20
49 20
47 20
0
Yes
48 7
48 8
49 7
49 8
47 7
47 8
48 6
48 9
49 6
49 9
47 6
47 9
48 5
49 5
47 5
0
No
0
Yes
47 35
46 35
47 34
47 36
48 35
46 34
46 36
48 34
48 36
45 35
47 33
49 35
45 34
45 36
46 33
48 33
49 34
49 36
45 33
49 33
44 35
44 34
44 36
0
Yes
49 15
48 15
48 14
49 14
48 13
49 13
47 13
47 14
47 15
47 16
48 16
49 16
46 14
46 15
46 16
47 12
48 12
49 12
49 17
48 17
47 17
46 17
45 15
45 16
45 17
45 14
0
No
0
Yes
46 2
46 3
47 2
47 3
45 2
45 3
46 1
46 4
47 1
47 4
48 2
48 3
45 1
45 4
48 1
48 4
44 2
44 3
46 0
47 0
49 2
49 3
44 1
44 4
45 0
48 0
49 1
49 4
43 2
43 3
44 0
49 0
43 1
43 4
1
96
24 34
24 35
24 36
24 37
24 38
24 39
25 34
25 35
25 36
25 37
25 38
25 39
26 34
26 35
26 36
26 37
26 38
26 39
27 34
27 35
27 36
27 37
27 38
27 39
28 34
28 35
Yes
0 23
0 24
0 25
0 26
0 27
0 28
0 29
0 30
0 31
0 32
0 33
0 34
1 23
1 24
1 25
1 26
1 27
1 28
1 29
1 30
1 31
1 32
1 33
1 34
2 23
2 24
2 25
2 26
2 27
2 28
2 29
2 30
2 31
2 32
2 33
2 34
3 23
3 24
3 25
3 26
3 27
3 28
3 29
3 30
3 31
3 32
3 33
3 34
4 23
4 24
4 25
4 26
4 27
4 28
4 29
4 30
4 31
4 32
4 33
4 34
5 23
5 24
5 25
5 26
5 27
5 28
5 29
5 30
5 31
5 32
5 33
5 34
6 23
6 24
6 25
6 26
6 27
6 28
6 29
6 30
6 31
6 32
6 33
6 34
7 23
7 24
7 25
7 26
7 27
7 28
7 29
7 30
7 31
7 32
7 33
7 34
8 23
8 24
8 25
8 26
8 27
8 28
8 29
8 30
8 31
8 32
8 33
8 34
9 23
9 24
9 25
9 26
9 27
9 28
9 29
9 30
9 31
9 32
9 33
9 34
10 23
10 24
10 25
10 26
10 27
0
Yes
48 19
49 19
48 18
49 18
47 19
47 18
0
Yes
33 39
33 40
34 39
34 40
32 39
32 40
33 38
33 41
34 38
34 41
35 39
35 40
32 38
32 41
35 38
35 41
31 39
31 40
33 37
34 37
36 39
36 40
31 38
31 41
32 37
35 37
36 38
36 41
30 39
30 40
31 37
36 37
37 39
37 40
30 38
30 41
37 38
37 41
30 37
37 37
29 39
29 40
29 38
29 41
0
No
0
Yes
1 7
0 7
0 6
1 6
1 5
0
Yes
48 11
49 11
48 10
49 10
47 11
0
Yes
39 31
38 31
39 30
39 32
40 31
38 30
38 32
40 30
40 32
37 31
39 29
39 33
41 31
37 30
37 32
38 29
38 33
40 29
40 33
41 30
41 32
37 29
37 33
41 29
41 33
36 31
39 28
39 34
42 31
36 30
36 32
38 28
38 34
40 28
40 34
42 30
42 32
36 29
36 33
37 28
37 34
41 28
41 34
42 29
42 33
35 31
39 27
39 35
43 31
35 30
35 32
38 27
38 35
40 27
40 35
43 30
43 32
36 28
36 34
42 28
42 34
35 29
35 33
37 27
37 35
41 27
41 35
43 29
43 33
34 31
35 28
35 34
36 27
36 35
39 26
39 36
42 27
42 35
43 28
43 34
34 30
34 32
38 26
38 36
40 26
40 36
34 29
34 33
37 26
37 36
41 26
41 36
35 27
35 35
43 27
43 35
34 28
34 34
36 26
36 36
42 26
42 36
39 25
38 25
40 25
37 25
41 25
34 27
34 35
35 26
35 36
43 26
43 36
36 25
42 25
34 26
34 36
35 25
0
No
0
No
0
No
0
No
0
Yes
33 8
33 9
34 8
34 9
33 7
0
No
0
Yes
4 25
3 25
4 24
4 26
5 25
3 24
3 26
5 24
5 26
2 25
4 23
4 27
6 25
2 24
2 26
3 23
3 27
5 23
5 27
6 24
6 26
2 23
2 27
6 23
6 27
1 25
4 22
4 28
7 25
1 24
1 26
3 22
3 28
5 22
5 28
7 24
7 26
1 23
1 27
2 22
2 28
6 22
6 28
7 23
7 27
0 25
4 21
4 29
0 24
0 26
3 21
3 29
5 21
5 29
1 22
1 28
7 22
7 28
0 23
0 27
2 21
2 29
6 21
6 29
0 22
0 28
1 21
1 29
4 20
4 30
7 21
7 29
3 20
3 30
5 20
5 30
2 20
2 30
6 20
6 30
0 21
0 29
1 20
1 30
7 20
7 30
4 19
3 19
5 19
2 19
6 19
0 20
0 30
1 19
7 19
0 19
0
Yes
31 34
31 35
32 34
32 35
30 34
30 35
31 33
31 36
32 33
32 36
33 34
33 35
30 33
30 36
33 33
33 36
29 34
29 35
31 32
32 32
29 33
29 36
30 32
33 32
29 32
0
Yes
18 13
17 13
18 12
18 14
19 13
17 12
17 14
19 12
19 14
16 13
18 11
18 15
20 13
16 12
16 14
17 11
17 15
19 11
19 15
20 12
20 14
16 11
16 15
20 11
20 15
15 13
18 10
21 13
15 12
15 14
17 10
19 10
21 12
21 14
15 11
15 15
16 10
20 10
21 11
21 15
14 13
22 13
14 12
14 14
22 12
15 10
21 10
14 11
14 15
22 11
13 13
14 10
22 10
13 12
13 14
13 11
13 15
13 10
0
No
0
Yes
8 19
8 20
9 20
9 19
10 20
10 19
10 21
9 21
8 21
8 22
9 22
10 22
11 21
11 20
11 19
11 22
9 23
10 23
8 23
11 23
12 19
12 20
12 21
12 22
12 23
8 24
9 24
10 24
11 24
12 24
13 20
13 21
13 22
13 23
13 19
13 24
9 25
10 25
11 25
12 25
8 25
13 25
14 19
14 20
14 21
14 22
14 23
14 24
14 25
8 26
9 26
10 26
11 26
12 26
13 26
14 26
15 20
15 21
15 22
15 23
15 24
15 25
15 19
15 26
9 27
10 27
11 27
12 27
13 27
0
No
0
Yes
35 24
34 24
34 25
36 24
35 23
34 23
36 23
33 24
33 25
33 23
0
No
0
Yes
13 28
13 29
13 30
13 31
13 32
13 33
13 34
13 35
14 28
14 29
14 30
14 31
14 32
14 33
14 34
14 35
15 28
15 29
15 30
15 31
15 32
15 33
15 34
15 35
16 28
16 29
16 30
16 31
16 32
16 33
16 34
16 35
17 28
17 29
17 30
17 31
17 32
17 33
17 34
17 35
18 28
18 29
18 30
18 31
18 32
18 33
18 34
18 35
19 28
19 29
19 30
19 31
19 32
19 33
19 34
19 35
0
No
0
No
0
No
0
Yes
0 37
0 36
1 36
1 35
0 35
1 34
0 34
2 34
2 35
2 36
2 33
1 33
0 33
3 36
3 35
3 34
3 33
0 32
1 32
2 32
3 32
4 35
4 34
4 33
4 36
4 32
1 31
2 31
3 31
4 31
0 31
5 36
5 35
5 34
5 33
5 32
5 31
6 35
6 34
6 33
6 32
6 31
6 36
7 34
7 33
7 35
7 32
7 31
8 35
8 34
8 33
8 32
8 31
0
No
0
Yes
17 24
17 25
18 24
16 24
16 25
17 23
18 23
16 23
0
No
0
Yes
4 46
4 47
3 46
3 47
5 46
5 47
4 45
4 48
3 45
3 48
5 45
5 48
2 46
2 47
6 46
6 47
2 45
2 48
4 44
4 49
6 45
6 48
3 44
3 49
5 44
5 49
1 46
1 47
7 46
7 47
2 44
2 49
6 44
6 49
1 45
1 48
7 45
7 48
4 43
3 43
5 43
1 44
1 49
7 44
7 49
0 46
0 47
2 43
6 43
0 45
0 48
1 43
7 43
0 44
0 49
0
Yes
3 37
4 37
3 36
3 38
4 36
4 38
2 37
5 37
2 36
2 38
5 36
5 38
3 35
3 39
4 35
4 39
1 37
2 35
2 39
5 35
5 39
6 37
1 36
1 38
6 36
6 38
3 34
3 40
4 34
4 40
1 35
1 39
6 35
6 39
2 34
2 40
5 34
5 40
0 37
0 36
0 38
1 34
1 40
6 34
0 35
0 39
3 33
3 41
4 33
4 41
2 33
2 41
5 33
5 41
0 34
0 40
1 33
1 41
6 33
6 41
3 32
3 42
4 32
4 42
2 32
2 42
5 32
5 42
0 33
0 41
1 32
1 42
6 32
6 42
3 31
4 31
0 32
0 42
2 31
5 31
1 31
0
Yes
19 20
18 20
19 19
18 19
0
No
0
No
0
Yes
41 2
41 3
40 2
40 3
42 2
42 3
41 1
41 4
40 1
40 4
42 1
42 4
39 2
39 3
39 1
41 0
40 0
42 0
39 0
0
No
0
Yes
32 48
32 49
33 48
33 49
31 48
31 49
32 47
33 47
34 48
34 49
31 47
34 47
30 48
0
Yes
16 31
16 32
17 31
17 32
15 31
15 32
16 30
16 33
17 30
17 33
18 31
18 32
15 30
15 33
18 30
18 33
14 31
14 32
16 29
16 34
17 29
17 34
19 31
19 32
14 30
14 33
15 29
15 34
18 29
18 34
19 30
19 33
13 31
13 32
14 29
14 34
16 28
16 35
17 28
17 35
19 29
19 34
20 31
20 32
13 30
13 33
15 28
15 35
18 28
18 35
20 30
20 33
13 29
13 34
14 28
14 35
19 28
19 35
20 29
20 34
12 31
12 32
16 27
17 27
21 31
21 32
12 30
12 33
15 27
21 30
21 33
13 28
13 35
20 28
20 35
12 29
12 34
14 27
21 29
21 34
11 31
11 32
22 31
22 32
11 30
11 33
12 28
12 35
20 27
21 28
21 35
22 30
22 33
11 29
11 34
22 29
22 34
21 27
10 31
10 32
11 28
11 35
22 28
22 35
23 31
23 32
10 30
10 33
23 30
23 33
10 29
10 34
23 29
23 34
22 27
10 28
10 35
23 28
23 35
9 31
9 32
24 31
24 32
9 30
9 33
24 30
24 33
9 29
9 34
23 27
24 29
24 34
9 28
24 28
24 35
8 31
8 32
8 30
8 33
24 27
8 29
8 34
8 28
8 35
8 27
0
Yes
18 43
17 43
18 42
19 43
17 42
19 42
16 43
0
Yes
18 14
18 15
18 16
18 17
19 14
19 15
19 16
19 17
20 14
20 15
20 16
20 17
21 14
21 15
0
Yes
9 4
10 4
9 3
9 5
10 3
10 5
8 4
11 4
8 3
8 5
11 3
11 5
9 2
9 6
10 2
10 6
7 4
8 2
8 6
11 2
11 6
7 3
7 5
9 1
9 7
10 1
10 7
7 2
7 6
8 1
8 7
11 1
11 7
7 1
7 7
9 0
10 0
11 0
0
No
0
Yes
48 49
49 49
48 48
49 48
47 49
47 48
0
No
0
No
0
Yes
23 7
23 6
24 6
24 7
25 6
25 7
25 8
24 8
23 8
25 5
24 5
23 5
23 9
24 9
25 9
26 8
26 7
26 6
26 5
26 9
23 4
24 4
25 4
26 4
24 10
25 10
23 10
26 10
27 7
27 6
27 8
27 5
27 9
27 4
27 10
24 3
25 3
26 3
23 3
27 3
23 11
24 11
25 11
26 11
27 11
28 6
28 7
28 8
28 5
28 9
28 4
28 10
28 3
28 11
23 2
24 2
25 2
26 2
27 2
28 2
29 7
29 6
29 8
29 5
29 9
29 4
29 10
29 3
29 11
29 2
29 12
28 12
27 12
29 1
30 6
30 7
30 8
30 5
30 9
30 4
30 10
30 3
30 11
30 2
30 12
30 1
31 7
31 6
31 8
31 5
31 9
31 4
31 10
31 3
31 2
31 1
31 11
31 12
31 0
30 0
29 0
28 0
28 1
27 1
26 1
25 1
27 0
24 1
26 0
25 0
24 0
23 1
23 0
32 6
32 7
32 5
32 4
32 3
32 2
32 8
32 9
32 1
32 0
33 7
33 8
33 9
33 5
33 4
33 3
33 2
33 1
33 0
34 8
34 9
0
No
0
Yes
24 25
24 26
23 25
23 26
24 24
0
Yes
17 37
18 37
17 36
18 36
16 37
0
No
0
No
0
Yes
37 24
37 23
38 23
38 24
39 23
39 24
39 22
38 22
37 22
37 21
38 21
39 21
40 22
40 23
40 24
40 21
38 20
39 20
37 20
40 20
41 24
41 23
41 22
41 21
41 20
37 19
38 19
39 19
40 19
41 19
42 23
42 22
42 21
42 20
42 24
42 19
38 18
39 18
40 18
41 18
37 18
42 18
43 24
43 23
43 22
43 21
43 20
43 19
43 18
37 17
38 17
39 17
40 17
41 17
42 17
43 17
44 22
44 21
44 20
44 19
0
No
0
Yes
47 34
46 34
47 33
47 35
48 34
46 33
46 35
48 33
48 35
45 34
47 32
47 36
49 34
45 33
45 35
46 32
46 36
48 32
48 36
49 33
49 35
45 32
45 36
49 32
49 36
44 34
47 31
44 33
44 35
46 31
48 31
44 32
44 36
45 31
49 31
44 31
0
No
0
Yes
0 31
0 32
0 33
0 34
0 35
0 36
0 37
1 31
1 32
1 33
1 34
1 35
1 36
1 37
2 31
2 32
2 33
2 34
2 35
2 36
2 37
3 31
3 32
3 33
3 34
3 35
3 36
3 37
4 31
4 32
4 33
4 34
4 35
4 36
4 37
5 31
5 32
5 33
5 34
5 35
5 36
5 37
6 31
6 32
6 33
6 34
6 35
6 36
6 37
7 31
7 32
7 33
7 34
7 35
0
No
0
No
0
No
0
Yes
0 42
0 43
0 44
0 45
0 46
0 47
0 48
0 49
1 42
1 43
1 44
1 45
1 46
1 47
1 48
1 49
2 42
2 43
2 44
2 45
2 46
2 47
2 48
2 49
3 42
3 43
3 44
3 45
3 46
3 47
3 48
3 49
4 42
4 43
4 44
4 45
4 46
4 47
4 48
4 49
0
No
0
Yes
19 48
18 48
19 47
19 49
20 48
18 47
18 49
20 47
20 49
17 48
19 46
17 47
17 49
18 46
17 46
0
Yes
7 45
6 45
6 44
7 44
6 43
7 43
8 43
8 44
8 45
5 43
5 44
5 45
8 46
7 46
6 46
5 46
9 45
9 46
9 44
9 43
5 42
6 42
7 42
7 47
6 47
8 47
5 47
9 47
6 48
7 48
8 48
5 48
9 48
10 47
10 46
10 45
10 48
7 49
8 49
9 49
10 49
6 49
5 49
0
No
0
No
0
No
0
Yes
6 14
7 14
6 13
6 15
7 13
7 15
5 14
8 14
5 13
5 15
8 13
8 15
6 12
6 16
7 12
7 16
4 14
5 12
5 16
8 12
8 16
9 14
4 13
4 15
9 13
9 15
6 11
6 17
7 11
7 17
4 12
4 16
9 12
9 16
5 11
5 17
8 11
8 17
3 14
10 14
3 13
3 15
10 13
10 15
4 11
4 17
9 11
9 17
3 12
3 16
6 10
6 18
7 10
7 18
10 12
10 16
5 10
5 18
8 10
8 18
2 14
11 14
2 13
2 15
3 11
3 17
10 11
10 17
11 13
11 15
4 10
4 18
9 10
9 18
2 12
2 16
11 12
11 16
6 9
7 9
5 9
8 9
3 10
3 18
10 10
10 18
2 11
2 17
11 11
11 17
1 14
12 14
1 13
1 15
4 9
9 9
12 13
12 15
1 12
1 16
12 12
12 16
2 10
2 18
11 10
11 18
3 9
10 9
1 11
1 17
12 11
12 17
0 14
0 13
0 15
2 9
11 9
0 12
0 16
1 10
1 18
12 10
12 18
0 11
0 17
1 9
0 10
0 18
0 9
0
Yes
36 3
37 3
36 2
36 4
37 2
37 4
35 3
38 3
35 2
35 4
38 2
38 4
36 1
36 5
37 1
37 5
34 3
35 1
35 5
38 1
34 2
34 4
36 0
37 0
34 1
34 5
35 0
38 0
34 0
0
Yes
3 41
2 41
2 40
3 40
2 39
3 39
4 39
4 40
4 41
1 39
1 40
1 41
5 41
5 40
5 39
4 38
3 38
2 38
1 38
5 38
0 41
0 40
0 39
0 38
6 39
6 38
0
No
0
No
0
Yes
14 32
14 33
13 32
13 33
15 32
15 33
14 31
14 34
13 31
13 34
15 31
15 34
12 32
12 33
16 32
16 33
12 31
12 34
14 30
14 35
16 31
16 34
13 30
13 35
15 30
15 35
11 32
11 33
17 32
17 33
12 30
12 35
16 30
16 35
11 31
11 34
17 31
17 34
14 29
13 29
15 29
11 30
11 35
17 30
17 35
10 32
10 33
12 29
16 29
18 32
18 33
10 31
10 34
18 31
18 34
11 29
17 29
10 30
10 35
18 30
18 35
9 32
9 33
9 31
9 34
10 29
18 29
9 30
9 29
0
No
0
No
0
Yes
13 16
13 15
14 15
14 16
15 15
15 16
15 17
14 17
13 17
15 14
14 14
13 14
13 18
14 18
15 18
16 17
16 16
0
No
0
Yes
35 41
34 41
35 40
35 42
36 41
34 40
34 42
36 40
36 42
33 41
35 39
35 43
37 41
33 40
33 42
34 39
34 43
36 39
36 43
37 40
37 42
33 39
33 43
37 39
37 43
32 41
35 38
35 44
32 40
32 42
34 38
34 44
36 38
36 44
32 39
32 43
33 38
37 38
37 44
35 37
34 37
36 37
32 38
33 37
37 37
32 37
0
No
0
No
0
No
0
No
0
Yes
2 46
3 46
2 45
2 47
3 45
3 47
1 46
4 46
1 45
1 47
4 45
4 47
2 44
2 48
3 44
3 48
0 46
1 44
1 48
4 44
4 48
0 45
0 47
2 43
2 49
3 43
3 49
0 44
0 48
1 43
1 49
4 43
4 49
0 43
0 49
2 42
3 42
0
Yes
2 14
2 15
3 14
3 15
1 14
1 15
2 13
2 16
3 13
3 16
4 14
4 15
1 13
1 16
4 13
4 16
0 14
0 15
2 12
2 17
3 12
3 17
0 13
0 16
1 12
1 17
4 12
4 17
0 12
0 17
2 11
2 18
3 11
3 18
1 11
1 18
4 11
4 18
0 11
0 18
2 10
3 10
1 10
4 10
0
Yes
8 14
7 14
8 13
8 15
9 14
7 13
7 15
9 13
9 15
6 14
8 12
8 16
10 14
6 13
6 15
7 12
7 16
9 12
9 16
10 13
10 15
6 12
6 16
10 12
10 16
5 14
8 11
8 17
5 13
5 15
7 11
7 17
9 11
9 17
5 12
5 16
6 11
6 17
10 11
10 17
8 10
8 18
7 10
7 18
9 10
9 18
5 11
5 17
6 10
6 18
10 10
10 18
5 10
5 18
8 9
7 9
9 9
6 9
0
Yes
20 12
21 12
20 11
20 13
21 11
21 13
19 12
22 12
19 11
19 13
22 11
22 13
20 10
21 10
18 12
19 10
22 10
18 11
18 13
18 10
0
Yes
41 2
40 2
41 1
41 3
42 2
40 1
40 3
42 1
42 3
39 2
41 0
39 1
39 3
40 0
42 0
39 0
0
Yes
1 7
0 7
1 6
1 8
0 6
0 8
1 5
0
No
0
No
0
Yes
48 11
49 11
48 10
49 10
47 11
0
No
0
Yes
12 23
12 24
11 23
11 24
13 23
13 24
12 22
12 25
11 22
11 25
13 22
13 25
10 23
10 24
14 23
14 24
10 22
10 25
12 21
12 26
14 22
14 25
11 21
11 26
13 21
13 26
9 23
9 24
15 23
15 24
10 21
10 26
14 21
14 26
9 22
9 25
15 22
15 25
12 20
12 27
11 20
11 27
13 20
13 27
9 21
9 26
15 21
15 26
8 23
8 24
10 20
10 27
14 20
14 27
8 22
8 25
12 19
12 28
9 20
9 27
11 19
11 28
13 19
13 28
15 20
15 27
8 21
8 26
10 19
10 28
14 19
14 28
8 20
8 27
9 19
9 28
15 19
15 28
12 18
11 18
13 18
14 18
8 19
8 28
15 18
0
Yes
23 39
22 39
22 38
23 38
22 37
23 37
24 37
24 38
24 39
21 37
21 38
21 39
25 39
25 38
25 37
24 36
23 36
22 36
21 36
25 36
20 39
20 38
20 37
20 36
21 40
22 40
23 40
20 40
26 38
26 37
26 39
26 36
23 35
22 35
24 35
21 35
25 35
20 35
26 35
19 38
19 37
19 36
19 35
19 39
19 40
23 41
22 41
21 41
20 41
27 39
27 38
27 37
27 36
27 35
22 34
23 34
24 34
21 34
25 34
20 34
26 34
19 34
27 34
21 42
20 42
28 38
28 37
28 36
28 35
28 34
23 33
22 33
24 33
21 33
25 33
26 33
20 33
27 33
19 33
28 33
29 37
29 36
29 35
29 34
29 38
29 33
22 32
23 32
24 32
21 32
25 32
26 32
27 32
20 32
28 32
19 32
29 32
30 38
30 37
30 36
30 35
30 34
30 33
30 32
23 31
22 31
24 31
21 31
25 31
26 31
27 31
28 31
20 31
29 31
19 31
30 31
31 37
31 36
31 35
31 34
31 33
31 32
31 38
31 31
0
No
0
Yes
3 36
4 36
3 35
3 37
4 35
4 37
2 36
5 36
2 35
2 37
5 35
5 37
3 34
3 38
4 34
4 38
1 36
2 34
2 38
5 34
5 38
6 36
1 35
1 37
6 35
6 37
3 33
3 39
4 33
4 39
1 34
1 38
6 34
6 38
2 33
2 39
5 33
5 39
0 36
0 35
0 37
1 33
1 39
6 33
6 39
0 34
0 38
3 32
3 40
4 32
4 40
2 32
2 40
5 32
5 40
0 33
0 39
1 32
1 40
6 32
3 31
4 31
2 31
5 31
0 32
0 40
1 31
6 31
0 31
0
Yes
12 15
11 15
11 14
12 14
11 13
12 13
13 13
13 14
13 15
13 16
12 16
11 16
14 15
14 14
14 16
14 13
13 12
12 12
11 12
14 12
12 17
13 17
14 17
11 17
15 14
15 15
15 16
15 13
15 17
15 12
12 11
13 11
14 11
11 11
15 11
16 15
16 14
16 13
16 16
16 12
16 11
16 17
11 10
12 10
13 10
14 10
15 10
16 10
17 14
17 13
17 12
17 15
17 16
0
No
0
Yes
44 42
44 43
43 42
43 43
45 42
45 43
44 41
44 44
43 41
43 44
45 41
45 44
42 42
42 43
46 42
46 43
42 41
42 44
44 40
44 45
46 41
46 44
43 40
43 45
45 40
45 45
41 42
41 43
47 42
47 43
42 40
42 45
46 40
46 45
41 41
41 44
47 41
47 44
44 39
44 46
43 39
43 46
45 39
45 46
41 40
41 45
47 40
47 45
40 42
40 43
42 39
42 46
46 39
46 46
48 42
48 43
40 41
40 44
48 41
48 44
44 38
44 47
41 39
41 46
43 38
43 47
45 38
45 47
47 39
47 46
40 40
40 45
48 40
48 45
42 38
42 47
46 38
46 47
39 42
39 43
49 42
49 43
39 41
39 44
49 41
49 44
40 39
40 46
48 39
48 46
41 38
41 47
47 38
47 47
44 37
39 40
39 45
43 37
45 37
49 40
49 45
42 37
46 37
38 42
38 43
40 38
40 47
48 38
48 47
39 39
39 46
49 39
49 46
38 41
38 44
41 37
47 37
38 40
38 45
39 38
39 47
49 38
49 47
40 37
48 37
38 39
38 46
39 37
49 37
0
Yes
43 2
43 3
44 2
44 3
42 2
42 3
43 1
43 4
44 1
44 4
45 2
45 3
42 1
42 4
45 1
45 4
41 2
41 3
43 0
44 0
46 2
46 3
41 1
41 4
42 0
45 0
46 1
46 4
40 2
40 3
41 0
46 0
47 2
47 3
40 1
40 4
47 1
47 4
40 0
47 0
39 2
39 3
39 1
39 0
0
No
0
Yes
32 23
31 23
31 24
32 24
33 24
33 23
32 25
31 25
33 25
34 23
34 24
34 25
30 24
30 23
30 25
29 23
29 24
29 25
31 26
32 26
33 26
30 26
29 26
35 24
35 23
32 27
31 27
30 27
33 27
29 27
36 23
36 24
28 24
28 25
28 26
28 23
28 27
27 23
27 24
27 25
27 26
27 27
31 28
32 28
30 28
29 28
28 28
33 28
27 28
37 24
37 23
37 22
32 29
31 29
30 29
29 29
28 29
33 29
27 29
38 23
38 22
38 24
26 24
26 25
26 26
26 27
26 28
26 23
26 29
38 21
37 21
37 20
38 20
25 23
25 24
25 25
25 26
25 27
25 28
25 29
31 30
32 30
30 30
29 30
28 30
27 30
26 30
33 30
25 30
39 22
39 23
39 21
39 24
39 20
38 19
37 19
39 19
37 18
38 18
39 18
32 31
33 31
40 23
40 22
40 21
40 20
40 19
40 24
40 18
24 24
24 25
24 26
24 27
24 28
24 29
24 30
38 17
39 17
37 17
40 17
33 32
32 32
41 22
41 23
41 21
41 20
41 19
41 18
41 24
41 17
23 25
23 26
23 27
23 28
23 29
23 30
0
Yes
18 48
17 48
18 47
18 49
19 48
17 47
17 49
19 47
19 49
16 48
18 46
20 48
16 47
16 49
17 46
19 46
20 47
20 49
16 46
15 48
15 47
15 49
15 46
0
Yes
12 43
13 43
13 42
13 44
14 44
14 43
14 45
13 45
12 45
12 46
13 46
14 46
11 46
11 45
10 45
10 46
15 45
15 44
11 47
12 47
13 47
10 47
14 47
16 44
16 45
16 43
9 46
9 45
9 47
9 44
8 44
8 45
8 46
8 47
8 43
9 43
7 43
7 44
7 45
7 46
7 47
12 48
11 48
13 48
10 48
9 48
8 48
14 48
7 48
17 43
17 44
17 45
7 42
17 42
6 42
6 43
6 44
6 45
6 46
6 47
6 48
11 49
12 49
13 49
10 49
9 49
8 49
7 49
14 49
6 49
18 42
18 43
18 44
6 41
5 43
5 42
5 44
5 45
5 46
5 47
5 48
5 41
5 49
19 43
19 42
4 42
4 41
3 41
2 41
1 41
1 42
0 42
0 41
0
No
0
No
0
No
0
No
0
No
0
Yes
13 20
12 20
12 19
13 19
12 18
13 18
14 18
14 19
14 20
11 18
11 19
11 20
14 21
13 21
12 21
11 21
15 20
15 21
15 19
15 18
10 19
10 20
10 21
13 22
12 22
14 22
11 22
15 22
10 22
9 20
9 21
9 19
9 22
12 23
13 23
11 23
14 23
10 23
15 23
9 23
8 19
8 20
8 21
8 22
8 23
13 24
12 24
11 24
10 24
14 24
9 24
15 24
8 24
12 25
13 25
11 25
10 25
14 25
9 25
15 25
8 25
16 25
16 24
16 23
13 26
12 26
14 26
11 26
10 26
15 26
9 26
16 26
8 26
17 23
17 24
17 25
12 27
13 27
14 27
11 27
10 27
15 27
9 27
16 27
8 27
13 28
12 28
14 28
11 28
10 28
15 28
9 28
16 28
0
Yes
19 20
18 20
19 19
18 19
0
Yes
20 10
21 10
20 9
20 11
21 9
21 11
19 10
22 10
19 9
19 11
22 9
22 11
20 8
20 12
21 8
21 12
18 10
19 8
19 12
22 8
22 12
18 9
18 11
20 7
20 13
21 7
21 13
18 8
18 12
19 7
19 13
22 7
22 13
18 7
18 13
20 6
21 6
0
No
0
No
0
Yes
30 41
30 42
31 41
31 42
29 41
30 40
30 43
31 40
31 43
29 40
30 39
31 39
29 39
0
No
0
No
0
Yes
21 29
20 29
21 28
21 30
22 29
20 28
20 30
22 28
22 30
19 29
21 27
19 28
19 30
20 27
22 27
0
No
0
Yes
39 31
38 31
39 30
39 32
40 31
38 30
38 32
40 30
40 32
37 31
39 29
39 33
41 31
37 30
37 32
38 29
38 33
40 29
40 33
41 30
41 32
37 29
37 33
41 29
41 33
36 31
39 28
39 34
42 31
36 30
36 32
38 28
38 34
40 28
40 34
42 30
42 32
36 29
36 33
37 28
37 34
41 28
41 34
42 29
42 33
35 31
39 27
39 35
43 31
35 30
35 32
38 27
38 35
40 27
40 35
43 30
43 32
36 28
36 34
42 28
42 34
35 29
35 33
37 27
37 35
41 27
41 35
43 29
43 33
34 31
35 28
35 34
36 27
36 35
39 26
39 36
42 27
42 35
43 28
43 34
34 30
34 32
38 26
38 36
40 26
40 36
34 29
34 33
37 26
37 36
41 26
41 36
35 27
35 35
43 27
43 35
34 28
34 34
36 26
36 36
42 26
42 36
39 25
38 25
40 25
37 25
41 25
34 27
34 35
35 26
35 36
43 26
43 36
36 25
42 25
34 26
34 36
35 25
43 25
0
Yes
0 18
0 17
1 17
1 18
2 17
2 18
2 16
1 16
0 16
0 15
1 15
2 15
3 16
3 17
3 18
3 15
1 14
2 14
0 14
3 14
4 18
4 17
4 16
4 15
4 14
0 13
1 13
2 13
3 13
4 13
5 17
5 16
5 15
5 14
5 18
5 13
1 12
2 12
3 12
4 12
0 12
5 12
6 18
6 17
6 16
6 15
6 14
6 13
6 12
0 11
1 11
2 11
3 11
4 11
5 11
6 11
7 17
7 16
7 15
7 14
7 13
7 12
7 18
7 11
1 10
2 10
3 10
4 10
5 10
6 10
0 10
7 10
8 18
8 17
8 16
8 15
8 14
8 13
8 12
8 11
8 10
0 9
1 9
2 9
3 9
4 9
5 9
6 9
7 9
8 9
9 17
9 16
9 15
9 14
9 13
9 12
9 11
9 10
9 18
9 9
2 8
3 8
4 8
5 8
0
Yes
9 8
8 8
8 7
9 7
8 6
9 6
10 6
10 7
10 8
7 6
7 7
7 8
11 8
11 7
11 6
10 5
9 5
8 5
7 5
11 5
6 8
6 7
6 6
12 7
12 6
12 8
12 5
9 4
10 4
8 4
11 4
7 4
12 4
13 8
13 7
13 6
13 5
13 4
12 9
11 9
13 9
10 9
8 3
9 3
10 3
11 3
12 3
7 3
13 3
14 7
14 6
14 5
14 8
14 4
14 9
14 3
9 2
10 2
11 2
12 2
8 2
13 2
7 2
14 2
15 8
15 7
15 6
15 5
15 4
15 3
15 9
15 2
8 1
9 1
10 1
11 1
12 1
13 1
14 1
15 1
7 1
16 7
16 6
16 5
16 4
16 3
16 8
16 2
16 9
16 1
9 0
10 0
11 0
12 0
13 0
14 0
15 0
16 0
17 8
17 7
17 6
17 5
17 4
17 3
17 2
17 1
17 0
17 9
18 6
18 5
18 4
18 3
18 2
18 1
18 0
0
Yes
8 34
7 34
8 33
8 35
7 33
7 35
8 32
7 32
0
Yes
47 0
47 1
47 2
47 3
47 4
48 0
48 1
48 2
48 3
48 4
49 0
49 1
49 2
49 3
49 4
0
No
0
No
0
No
0
Yes
36 3
37 3
36 2
36 4
37 2
37 4
35 3
38 3
35 2
35 4
38 2
38 4
36 1
36 5
37 1
37 5
34 3
35 1
35 5
38 1
34 2
34 4
36 0
37 0
34 1
34 5
35 0
38 0
0
Yes
12 22
11 22
12 21
12 23
13 22
11 21
11 23
13 21
13 23
10 22
12 20
12 24
14 22
10 21
10 23
11 20
11 24
13 20
13 24
14 21
14 23
10 20
10 24
14 20
14 24
9 22
12 19
12 25
15 22
9 21
9 23
11 19
11 25
13 19
13 25
15 21
15 23
9 20
9 24
10 19
10 25
14 19
14 25
15 20
15 24
8 22
12 18
8 21
8 23
11 18
13 18
9 19
9 25
15 19
15 25
8 20
8 24
10 18
14 18
8 19
8 25
9 18
15 18
0
Yes
5 15
6 15
5 14
5 16
6 14
6 16
4 15
7 15
4 14
4 16
7 14
7 16
5 13
5 17
6 13
6 17
3 15
4 13
4 17
7 13
7 17
8 15
3 14
3 16
8 14
8 16
5 12
5 18
6 12
6 18
3 13
3 17
8 13
8 17
4 12
4 18
7 12
7 18
2 15
9 15
2 14
2 16
9 14
9 16
3 12
3 18
8 12
8 18
2 13
2 17
5 11
6 11
9 13
9 17
4 11
7 11
1 15
10 15
1 14
1 16
2 12
2 18
9 12
10 14
10 16
3 11
8 11
1 13
1 17
10 13
10 17
2 11
9 11
1 12
1 18
10 12
0 15
0 14
0 16
0 13
0 17
1 11
10 11
0 12
0 18
0
No
0
No
0
Yes
45 49
46 49
45 48
46 48
44 49
44 48
0
Yes
30 41
31 41
30 40
30 42
31 40
31 42
29 41
29 40
30 39
31 39
29 39
0
Yes
45 2
45 3
44 2
44 3
46 2
46 3
45 1
45 4
44 1
44 4
46 1
46 4
43 2
43 3
43 1
43 4
45 0
44 0
46 0
43 0
0
Yes
12 5
13 5
12 4
12 6
13 4
13 6
11 5
14 5
11 4
11 6
14 4
14 6
12 3
12 7
13 3
13 7
10 5
11 3
11 7
14 3
14 7
15 5
10 4
10 6
15 4
15 6
12 2
12 8
13 2
13 8
10 3
10 7
15 3
15 7
11 2
11 8
14 2
14 8
9 5
16 5
9 4
9 6
16 4
16 6
10 2
10 8
15 2
15 8
9 3
9 7
12 1
12 9
13 1
13 9
16 3
16 7
11 1
11 9
14 1
14 9
8 5
17 5
8 4
8 6
9 2
9 8
16 2
16 8
17 4
17 6
10 1
10 9
15 1
15 9
8 3
8 7
17 3
17 7
12 0
13 0
11 0
14 0
9 1
9 9
16 1
16 9
8 2
8 8
17 2
17 8
7 5
7 4
7 6
10 0
15 0
7 3
7 7
8 1
8 9
17 1
17 9
9 0
16 0
7 2
7 8
17 0
7 1
0
Yes
20 3
21 3
20 2
20 4
21 2
21 4
19 3
22 3
19 2
19 4
22 2
22 4
20 1
20 5
21 1
21 5
18 3
19 1
19 5
22 1
22 5
18 2
18 4
20 0
21 0
18 1
18 5
19 0
0
Yes
21 26
21 27
20 27
22 27
22 28
21 28
20 28
21 29
20 29
22 29
22 30
21 30
20 30
0
No
0
No
0
Yes
46 29
45 29
45 30
46 30
45 31
46 31
44 31
44 30
44 29
43 29
43 30
43 31
44 32
45 32
46 32
43 32
42 30
42 31
42 29
42 32
47 32
47 31
47 30
46 33
45 33
44 33
43 33
47 33
42 33
41 29
41 30
41 31
41 32
41 33
48 33
48 32
48 31
45 34
46 34
44 34
43 34
47 34
42 34
48 34
41 34
40 30
40 31
40 32
40 33
40 29
40 34
41 28
42 28
43 28
40 28
49 31
49 32
49 33
49 34
46 35
45 35
47 35
44 35
43 35
42 35
48 35
41 35
49 35
40 35
39 29
39 30
39 31
39 32
39 33
39 34
39 28
39 35
43 27
42 27
41 27
40 27
39 27
45 36
46 36
47 36
44 36
43 36
42 36
41 36
40 36
39 36
48 36
49 36
38 28
38 29
38 30
38 31
38 32
38 33
38 34
38 35
38 27
38 36
0
Yes
38 37
37 37
37 36
37 38
38 38
36 36
36 37
36 38
36 35
37 35
36 39
37 39
35 37
35 36
35 38
35 35
35 39
37 34
36 34
35 34
37 40
36 40
35 40
34 36
34 37
34 38
34 35
34 39
34 34
34 40
36 33
35 33
37 33
34 33
36 41
35 41
37 41
34 41
33 37
33 36
33 38
33 35
33 39
33 34
33 40
33 33
33 41
37 32
36 32
35 32
34 32
37 42
36 42
35 42
34 42
33 42
32 36
32 37
32 38
32 35
32 39
32 34
32 40
32 41
32 33
32 42
36 31
35 31
37 31
34 31
36 43
35 43
34 43
33 43
37 43
32 43
37 30
36 30
35 30
34 30
37 44
36 44
35 44
34 44
36 29
35 29
37 29
0
No
0
Yes
20 2
21 2
20 1
20 3
21 1
21 3
19 2
22 2
19 1
19 3
22 1
22 3
20 0
21 0
18 2
19 0
22 0
18 1
18 3
18 0
0
No
0
No
0
Yes
25 30
24 30
24 29
25 29
24 28
25 28
26 28
26 29
26 30
23 28
23 29
23 30
27 30
27 29
27 28
26 27
25 27
24 27
23 27
27 27
28 29
28 28
28 30
28 27
25 26
26 26
24 26
27 26
23 26
28 26
29 30
29 29
29 28
29 27
29 26
24 25
25 25
26 25
27 25
28 25
29 25
23 25
30 29
30 28
30 27
30 26
30 30
30 25
25 24
26 24
27 24
28 24
29 24
30 24
24 24
31 30
31 29
31 28
31 27
31 26
31 25
31 24
26 23
27 23
28 23
29 23
30 23
31 23
25 23
32 29
32 28
32 27
32 26
32 25
32 24
32 30
32 23
28 22
29 22
30 22
31 22
32 22
33 30
33 29
33 28
33 27
33 26
33 25
33 24
33 23
33 22
29 21
30 21
31 21
32 21
28 21
33 21
34 29
34 28
34 27
34 26
34 25
34 24
34 23
34 22
34 21
28 20
29 20
30 20
0
No
0
Yes
0 31
0 32
1 32
1 31
2 32
2 31
2 33
1 33
0 33
0 34
1 34
2 34
3 33
3 32
3 31
3 34
1 35
2 35
0 35
3 35
4 31
4 32
4 33
4 34
4 35
0 36
1 36
2 36
3 36
4 36
5 32
5 33
5 34
5 35
5 31
5 36
1 37
2 37
3 37
4 37
0 37
5 37
6 31
6 32
6 33
6 34
6 35
6 36
6 37
0 38
1 38
2 38
3 38
4 38
5 38
6 38
7 32
7 33
7 34
7 35
7 31
1 39
2 39
3 39
4 39
5 39
0 39
6 39
8 31
8 32
8 33
8 34
8 35
0 40
1 40
2 40
3 40
4 40
5 40
1 41
2 41
3 41
4 41
0 41
0
No
0
Yes
40 21
39 21
39 20
40 20
39 19
40 19
41 19
41 20
41 21
38 19
38 20
38 21
41 22
40 22
39 22
38 22
42 21
42 20
42 22
42 19
41 18
40 18
39 18
38 18
42 18
37 21
37 20
37 19
37 22
37 18
40 23
39 23
41 23
38 23
42 23
37 23
43 20
43 21
43 22
43 19
43 23
43 18
40 17
39 17
41 17
42 17
43 17
38 17
37 17
36 20
36 21
36 22
36 19
36 18
36 23
39 24
40 24
41 24
38 24
42 24
37 24
43 24
36 24
44 21
44 20
44 19
44 18
44 17
44 22
42 16
43 16
35 21
35 20
35 22
35 19
35 23
35 18
35 24
40 25
39 25
41 25
38 25
37 25
42 25
36 25
43 25
35 25
45 20
45 19
45 18
45 17
45 21
34 20
34 19
34 18
39 26
40 26
41 26
38 26
37 26
36 26
35 26
42 26
43 26
0
Yes
4 22
3 22
4 21
4 23
5 22
3 21
3 23
5 21
5 23
2 22
4 20
4 24
6 22
2 21
2 23
3 20
3 24
5 20
5 24
6 21
6 23
2 20
2 24
6 20
6 24
1 22
4 19
7 22
1 21
1 23
3 19
5 19
7 21
7 23
1 20
1 24
2 19
6 19
7 20
7 24
0 22
0 21
0 23
1 19
7 19
0 20
0 24
0
No
0
Yes
21 29
22 29
21 28
21 30
22 28
22 30
20 29
20 28
20 30
21 27
22 27
20 27
0
Yes
0 26
0 25
1 25
1 26
1 27
0 27
0 28
1 28
2 26
2 27
2 25
2 28
1 24
0 24
2 24
0 23
1 23
2 23
1 29
0 29
2 29
3 25
3 26
3 27
3 24
3 28
3 23
3 29
0 30
1 30
2 30
3 30
4 26
4 25
4 27
4 24
4 28
4 29
4 23
4 30
1 22
2 22
3 22
0 22
4 22
0 21
1 21
2 21
3 21
4 21
1 31
2 31
3 31
0 31
4 31
5 25
5 26
5 27
5 24
5 28
5 23
5 29
5 22
5 30
5 21
5 31
0 32
1 32
2 32
3 32
4 32
5 32
6 26
6 25
6 27
6 24
6 28
6 23
6 29
6 22
6 30
6 31
6 21
6 32
1 20
2 20
3 20
4 20
5 20
0 20
6 20
0 19
1 19
2 19
3 19
4 19
5 19
6 19
1 33
2 33
3 33
4 33
5 33
0 33
6 33
7 25
7 26
7 27
7 24
7 28
7 23
7 29
7 22
7 30
7 21
7 31
7 20
7 32
7 19
7 33
0 34
1 34
2 34
3 34
4 34
5 34
6 34
7 34
8 26
8 27
8 28
8 29
0
No
0
No
0
No
0
No
0
No
0
No
0
No
0
No
0
No
0
Yes
43 2
43 3
42 2
42 3
44 2
44 3
43 1
43 4
42 1
42 4
44 1
44 4
41 2
41 3
45 2
45 3
41 1
41 4
43 0
45 1
45 4
42 0
44 0
40 2
40 3
46 2
46 3
41 0
45 0
40 1
40 4
46 1
46 4
40 0
46 0
39 2
39 3
39 1
0
Yes
6 46
5 46
5 45
6 45
5 44
6 44
7 44
7 45
7 46
7 47
6 47
5 47
8 46
8 45
8 47
8 44
7 43
6 43
5 43
8 43
6 48
7 48
5 48
8 48
9 45
9 46
9 47
9 48
9 44
9 43
6 42
5 42
7 42
5 49
6 49
7 49
8 49
9 49
0
No
0
No
0
Yes
20 4
19 4
19 3
20 3
19 2
20 2
21 2
21 3
21 4
18 2
18 3
18 4
21 5
20 5
19 5
18 5
22 4
22 3
22 2
22 5
21 1
20 1
19 1
18 1
22 1
19 6
18 6
20 0
19 0
21 0
18 0
22 0
22 6
0
Yes
3 38
3 39
2 38
2 39
4 38
4 39
3 37
3 40
2 37
2 40
4 37
4 40
1 38
1 39
5 38
5 39
1 37
1 40
3 36
3 41
5 37
5 40
2 36
2 41
4 36
4 41
0 38
0 39
1 36
1 41
5 36
5 41
0 37
0 40
3 35
2 35
4 35
0 36
0 41
1 35
5 35
0 35
0
No
0
Yes
2 46
2 47
3 46
3 47
1 46
1 47
2 45
2 48
3 45
3 48
4 46
4 47
1 45
1 48
4 45
4 48
0 46
0 47
2 44
2 49
3 44
3 49
0 45
0 48
1 44
1 49
4 44
4 49
0 44
0 49
2 43
3 43
1 43
4 43
0
No
0
Yes
33 18
32 18
32 17
33 17
32 16
33 16
31 16
31 17
31 18
31 19
32 19
33 19
30 18
30 17
30 19
30 16
31 15
32 15
33 15
30 15
33 20
32 20
31 20
29 17
29 18
29 16
29 15
29 19
30 14
29 14
31 14
32 14
0
Yes
31 6
30 6
30 5
31 5
30 4
31 4
32 4
32 5
32 6
29 4
29 5
29 6
32 7
31 7
30 7
29 7
32 3
31 3
30 3
29 3
28 6
28 5
28 4
28 7
28 3
31 8
30 8
29 8
32 8
28 8
31 2
30 2
29 2
32 2
28 2
33 3
33 2
33 4
33 5
27 5
27 6
27 4
27 7
27 3
27 8
27 2
30 9
29 9
31 9
28 9
32 9
27 9
30 1
31 1
29 1
32 1
28 1
33 1
27 1
33 9
33 8
33 7
26 6
26 5
26 7
26 4
26 3
26 8
26 2
26 9
26 1
31 10
30 10
29 10
28 10
27 10
26 10
31 0
30 0
29 0
28 0
32 0
27 0
26 0
33 0
25 5
25 6
25 7
25 4
25 8
25 3
25 2
25 9
25 1
25 10
25 0
30 11
29 11
28 11
27 11
26 11
31 11
25 11
24 6
24 5
24 7
24 4
24 8
24 3
24 9
24 2
24 10
24 1
24 11
24 0
31 12
30 12
29 12
28 12
27 12
23 5
23 6
23 7
23 4
23 8
23 3
23 9
23 2
23 10
23 1
23 0
0
Yes
31 48
31 49
32 48
32 49
30 48
31 47
32 47
0
No
0
Yes
7 38
7 39
6 38
6 39
6 37
0
No
0
No
0
Yes
49 36
48 36
48 35
49 35
48 34
49 34
47 34
47 35
47 36
46 36
46 35
46 34
47 33
48 33
49 33
46 33
45 35
45 34
45 36
45 33
49 32
48 32
47 32
46 32
45 32
44 36
44 35
44 34
44 33
44 32
48 31
47 31
46 31
45 31
44 31
49 31
43 35
43 34
43 33
43 32
43 36
43 31
47 30
46 30
45 30
44 30
43 30
42 36
42 35
42 34
42 33
42 32
0
Yes
25 31
25 32
25 33
25 34
25 35
25 36
26 31
26 32
26 33
26 34
26 35
26 36
27 31
27 32
27 33
27 34
27 35
27 36
28 31
28 32
28 33
28 34
28 35
28 36
29 31
29 32
29 33
29 34
29 35
29 36
30 31
30 32
30 33
30 34
30 35
30 36
31 31
31 32
31 33
31 34
31 35
31 36
0
Yes
18 14
18 15
18 16
18 17
19 14
19 15
19 16
19 17
20 14
20 15
20 16
20 17
21 14
21 15
0
Yes
40 30
41 30
40 29
40 31
41 29
41 31
39 30
42 30
39 29
39 31
42 29
42 31
40 28
40 32
41 28
41 32
38 30
39 28
39 32
42 28
38 29
38 31
40 27
41 27
38 28
38 32
39 27
42 27
38 27
0
No
0
No
0
Yes
49 49
48 49
48 48
49 48
48 47
49 47
47 47
47 48
47 49
46 49
46 48
46 47
47 46
48 46
49 46
46 46
45 48
45 47
45 49
45 46
49 45
48 45
47 45
46 45
45 45
44 49
44 48
44 47
44 46
44 45
48 44
47 44
46 44
45 44
49 44
44 44
43 48
43 47
43 46
43 45
43 49
43 44
49 43
48 43
47 43
46 43
45 43
44 43
43 43
42 49
42 48
42 47
42 46
42 45
42 44
42 43
48 42
47 42
46 42
45 42
44 42
43 42
49 42
42 42
41 48
41 47
41 46
41 45
41 44
41 43
41 49
41 42
49 41
0
Yes
42 6
43 6
42 5
43 5
41 6
41 5
0
No
0
Yes
7 46
8 46
7 45
7 47
8 45
8 47
6 46
9 46
6 45
6 47
9 45
9 47
7 44
7 48
8 44
8 48
5 46
6 44
6 48
9 44
9 48
5 45
5 47
7 43
7 49
8 43
8 49
5 44
5 48
6 43
6 49
9 43
9 49
5 43
5 49
7 42
6 42
5 42
0
No
0
Yes
46 12
47 12
47 11
47 13
48 13
48 12
48 11
49 12
49 11
49 13
49 14
48 14
47 14
0
Yes
19 48
19 49
20 48
20 49
18 48
18 49
19 47
20 47
18 47
0
Yes
30 41
30 42
31 41
31 42
29 41
30 40
30 43
31 40
31 43
29 40
30 39
31 39
29 39
0
Yes
19 4
18 4
19 3
19 5
20 4
18 3
18 5
20 3
20 5
17 4
19 2
19 6
21 4
17 3
17 5
18 2
18 6
20 2
20 6
21 3
21 5
17 2
17 6
21 2
21 6
16 4
19 1
19 7
22 4
16 3
16 5
18 1
18 7
20 1
20 7
22 3
22 5
16 2
16 6
17 1
17 7
21 1
21 7
22 2
22 6
15 4
19 0
15 3
15 5
18 0
20 0
16 1
16 7
22 1
22 7
15 2
15 6
17 0
21 0
15 1
15 7
16 0
22 0
15 0
0
Yes
6 29
6 30
7 29
7 30
5 29
5 30
6 28
6 31
7 28
7 31
8 29
8 30
5 28
5 31
8 28
8 31
4 29
4 30
6 27
6 32
7 27
7 32
9 29
9 30
4 28
4 31
5 27
5 32
8 27
8 32
9 28
9 31
3 29
3 30
4 27
4 32
6 26
6 33
7 26
7 33
9 27
9 32
10 29
10 30
3 28
3 31
5 26
5 33
8 26
8 33
10 28
10 31
3 27
3 32
4 26
4 33
9 26
9 33
10 27
10 32
2 29
2 30
6 25
6 34
7 25
7 34
11 29
11 30
2 28
2 31
5 25
5 34
8 25
8 34
11 28
11 31
3 26
3 33
10 26
10 33
2 27
2 32
4 25
4 34
9 25
9 34
11 27
11 32
1 29
1 30
6 24
7 24
12 29
12 30
1 28
1 31
2 26
2 33
3 25
3 34
5 24
8 24
10 25
10 34
11 26
11 33
12 28
12 31
1 27
1 32
4 24
9 24
12 27
12 32
2 25
2 34
11 25
11 34
0 29
0 30
1 26
1 33
3 24
10 24
12 26
12 33
0 28
0 31
0 27
0 32
1 25
1 34
2 24
11 24
12 25
12 34
0 26
0 33
1 24
12 24
0 25
0 34
0 24
0
No
0
Yes
48 18
48 19
47 18
47 19
49 18
49 19
48 17
48 20
47 17
47 20
49 17
49 20
46 18
46 19
46 17
46 20
48 16
48 21
47 16
47 21
49 16
49 21
46 16
48 15
47 15
49 15
46 15
0
Yes
12 47
12 48
11 47
11 48
13 47
13 48
12 46
12 49
11 46
11 49
13 46
13 49
10 47
10 48
10 46
10 49
12 45
11 45
13 45
10 45
0
Yes
16 47
16 48
15 47
15 48
17 47
17 48
16 46
16 49
15 46
15 49
17 46
17 49
14 47
14 48
14 46
14 49
16 45
15 45
17 45
14 45
0
Yes
43 2
43 3
42 2
42 3
44 2
44 3
43 1
43 4
42 1
42 4
44 1
44 4
41 2
41 3
45 2
45 3
41 1
41 4
43 0
45 1
45 4
42 0
44 0
40 2
40 3
46 2
46 3
41 0
45 0
40 1
40 4
46 1
46 4
40 0
46 0
39 2
39 3
0
No
0
Yes
41 31
41 32
41 33
41 34
41 35
41 36
41 37
41 38
41 39
41 40
41 41
42 31
42 32
42 33
42 34
42 35
42 36
42 37
42 38
42 39
42 40
42 41
43 31
43 32
43 33
43 34
43 35
43 36
43 37
43 38
43 39
43 40
43 41
44 31
44 32
44 33
44 34
44 35
44 36
44 37
44 38
44 39
44 40
44 41
45 31
45 32
45 33
45 34
45 35
45 36
45 37
45 38
45 39
45 40
45 41
46 31
46 32
46 33
46 34
46 35
46 36
46 37
46 38
46 39
46 40
46 41
47 31
47 32
47 33
47 34
47 35
47 36
47 37
47 38
47 39
47 40
47 41
48 31
48 32
48 33
48 34
48 35
48 36
48 37
48 38
48 39
48 40
48 41
49 31
49 32
49 33
49 34
49 35
49 36
49 37
49 38
0
No
0
No
0
Yes
37 44
38 44
37 43
37 45
38 43
38 45
36 44
39 44
36 43
36 45
39 43
39 45
37 42
37 46
38 42
38 46
35 44
36 42
36 46
39 42
39 46
40 44
35 43
35 45
40 43
40 45
37 41
37 47
38 41
38 47
35 42
35 46
40 42
40 46
36 41
36 47
39 41
39 47
34 44
34 43
34 45
35 41
35 47
40 41
40 47
34 42
34 46
37 40
37 48
38 40
38 48
36 40
36 48
39 40
39 48
34 41
34 47
35 40
35 48
40 40
40 48
37 39
37 49
38 39
38 49
36 39
36 49
39 39
39 49
34 40
34 48
35 39
35 49
40 39
40 49
37 38
38 38
34 39
34 49
36 38
39 38
35 38
40 38
34 38
0
Yes
37 34
37 35
38 34
38 35
36 34
36 35
37 33
37 36
38 33
38 36
39 34
39 35
36 33
36 36
39 33
39 36
35 34
35 35
37 32
37 37
38 32
38 37
40 34
40 35
35 33
35 36
36 32
36 37
39 32
39 37
40 33
40 36
34 34
34 35
35 32
35 37
37 31
38 31
40 32
40 37
34 33
34 36
36 31
39 31
34 32
34 37
35 31
40 31
34 31
0
No
0
Yes
47 47
47 48
46 47
46 48
48 47
48 48
47 46
47 49
46 46
46 49
48 46
48 49
45 47
45 48
49 47
49 48
45 46
45 49
47 45
49 46
49 49
46 45
48 45
44 47
44 48
45 45
49 45
44 46
44 49
0
No
0
Yes
29 26
28 26
28 25
29 25
28 24
29 24
30 24
30 25
30 26
27 24
27 25
27 26
30 27
29 27
28 27
27 27
31 26
31 25
31 27
31 24
30 23
29 23
28 23
27 23
31 23
26 26
26 25
26 24
26 27
26 23
29 28
28 28
30 28
27 28
31 28
26 28
32 25
32 26
32 27
32 24
32 28
32 23
29 22
30 22
28 22
31 22
32 22
25 25
25 26
25 27
25 24
25 28
25 23
28 29
29 29
30 29
27 29
31 29
26 29
32 29
25 29
33 26
33 25
33 27
33 24
33 28
33 23
33 29
33 22
28 21
29 21
30 21
31 21
32 21
33 21
24 26
24 27
24 25
24 28
24 29
24 24
29 30
28 30
30 30
27 30
31 30
26 30
32 30
25 30
33 30
24 30
34 25
34 26
34 27
34 24
34 28
34 23
34 29
34 30
34 22
34 21
29 20
30 20
31 20
32 20
33 20
28 20
23 25
23 26
23 27
23 28
23 29
23 30
28 31
29 31
30 31
27 31
31 31
26 31
0
Yes
31 17
32 17
31 16
31 18
32 16
32 18
30 17
33 17
30 16
30 18
33 16
33 18
31 15
31 19
32 15
32 19
29 17
30 15
30 19
33 15
33 19
29 16
29 18
31 14
32 14
29 15
29 19
30 14
29 14
0
Yes
26 35
25 35
25 34
26 34
25 33
26 33
27 33
27 34
27 35
24 33
24 34
24 35
27 36
26 36
25 36
24 36
28 35
28 34
28 36
28 33
27 32
26 32
25 32
24 32
28 32
23 35
23 34
23 33
23 36
23 32
26 37
25 37
27 37
24 37
28 37
23 37
29 34
29 35
29 36
29 33
29 37
29 32
25 31
24 31
23 31
22 34
22 35
22 33
22 36
22 32
22 37
22 31
25 38
26 38
27 38
24 38
28 38
23 38
29 38
22 38
30 35
30 34
30 36
30 33
30 37
30 32
30 38
21 35
21 34
21 36
21 33
21 37
21 32
21 38
21 31
26 39
25 39
24 39
23 39
22 39
21 39
27 39
0
Yes
42 48
42 49
43 48
43 49
41 48
41 49
42 47
43 47
41 47
0
Yes
46 41
45 41
46 40
46 42
47 41
45 40
45 42
47 40
47 42
44 41
46 39
46 43
48 41
44 40
44 42
45 39
45 43
47 39
47 43
48 40
48 42
44 39
44 43
48 39
48 43
43 41
46 38
46 44
49 41
43 40
43 42
45 38
45 44
47 38
47 44
49 40
49 42
43 39
43 43
44 38
44 44
48 38
48 44
49 39
49 43
42 41
46 37
42 40
42 42
45 37
47 37
43 38
43 44
49 38
49 44
42 39
42 43
44 37
48 37
42 38
42 44
43 37
49 37
42 37
0
Yes
33 42
32 42
33 41
33 43
32 41
32 43
33 40
32 40
0
Yes
46 34
47 34
46 33
46 35
47 33
47 35
45 34
48 34
45 33
45 35
48 33
48 35
46 32
46 36
47 32
47 36
44 34
45 32
45 36
48 32
48 36
49 34
44 33
44 35
49 33
49 35
46 31
47 31
44 32
44 36
49 32
49 36
45 31
48 31
43 34
43 33
43 35
44 31
49 31
43 32
43 36
0
Yes
18 14
18 15
18 16
18 17
19 14
19 15
19 16
19 17
20 14
20 15
20 16
20 17
21 14
21 15
0
No
0
No
0
No
0
Yes
46 9
45 9
46 8
45 8
0
Yes
7 46
8 46
7 45
7 47
8 45
8 47
6 46
9 46
6 45
6 47
9 45
9 47
7 44
7 48
8 44
8 48
5 46
6 44
6 48
9 44
9 48
5 45
5 47
7 43
7 49
8 43
8 49
5 44
5 48
6 43
6 49
9 43
9 49
5 43
5 49
7 42
6 42
5 42
0
No
0
Yes
43 46
42 46
43 45
42 45
44 45
41 46
41 45
0
No
0
Yes
39 0
39 1
40 1
40 0
41 1
41 0
41 2
40 2
39 2
39 3
40 3
41 3
42 2
42 1
42 0
42 3
40 4
41 4
0
No
0
Yes
46 2
47 2
46 1
46 3
47 1
47 3
45 2
48 2
45 1
45 3
48 1
48 3
46 0
47 0
44 2
45 0
48 0
49 2
44 1
44 3
49 1
49 3
44 0
49 0
43 2
43 1
43 3
43 0
0
Yes
48 7
49 7
48 6
48 8
49 6
49 8
47 7
47 6
47 8
48 5
48 9
49 5
49 9
47 5
47 9
48 4
49 4
47 4
0
No
0
Yes
27 0
27 1
27 2
27 3
27 4
27 5
28 0
28 1
28 2
28 3
28 4
28 5
29 0
29 1
29 2
29 3
29 4
29 5
30 0
30 1
30 2
30 3
30 4
30 5
31 0
31 1
31 2
31 3
31 4
31 5
32 0
32 1
32 2
32 3
32 4
32 5
33 0
33 1
33 2
33 3
33 4
33 5
34 0
0
Yes
27 14
27 15
28 15
28 14
29 15
29 14
29 16
28 16
27 16
30 16
30 15
30 14
31 14
31 15
31 16
30 17
29 17
28 17
31 17
32 15
32 16
32 17
32 14
28 18
29 18
30 18
31 18
0
Yes
23 0
23 1
23 2
23 3
23 4
23 5
23 6
24 0
24 1
24 2
24 3
24 4
24 5
24 6
25 0
25 1
25 2
25 3
25 4
25 5
25 6
26 0
26 1
26 2
26 3
26 4
0
No
0
Yes
5 16
5 17
4 16
4 17
6 16
6 17
5 15
5 18
4 15
4 18
6 15
6 18
3 16
3 17
7 16
7 17
3 15
3 18
5 14
5 19
7 15
7 18
4 14
4 19
6 14
6 19
2 16
2 17
8 16
8 17
3 14
3 19
7 14
7 19
2 15
2 18
8 15
8 18
5 13
5 20
4 13
4 20
6 13
6 20
2 14
2 19
8 14
8 19
1 16
1 17
3 13
3 20
7 13
7 20
9 16
9 17
1 15
1 18
9 15
9 18
5 12
5 21
2 13
2 20
4 12
4 21
6 12
6 21
8 13
8 20
1 14
1 19
9 14
9 19
3 12
3 21
7 12
7 21
0 16
0 17
0 15
0 18
1 13
1 20
9 13
9 20
2 12
2 21
8 12
8 21
5 11
5 22
0 14
0 19
4 11
4 22
6 11
6 22
3 11
3 22
7 11
7 22
1 12
1 21
9 12
9 21
0 13
0 20
2 11
2 22
8 11
8 22
5 10
5 23
4 10
4 23
6 10
6 23
0 12
0 21
1 11
1 22
3 10
3 23
7 10
7 23
9 11
9 22
2 10
2 23
8 10
8 23
0 11
0 22
5 9
4 9
6 9
1 10
1 23
9 10
9 23
3 9
7 9
2 9
8 9
0 10
0 23
0
Yes
14 47
14 48
13 47
13 48
15 47
15 48
14 46
14 49
13 46
13 49
15 46
15 49
12 47
12 48
16 47
16 48
12 46
12 49
14 45
16 46
16 49
13 45
15 45
11 47
11 48
17 47
17 48
12 45
16 45
11 46
11 49
17 46
17 49
11 45
17 45
10 47
10 48
10 46
10 49
10 45
0
Yes
13 20
12 20
13 19
13 21
14 20
12 19
12 21
14 19
14 21
11 20
13 18
13 22
15 20
11 19
11 21
12 18
12 22
14 18
14 22
15 19
15 21
11 18
11 22
15 18
15 22
10 20
13 17
13 23
10 19
10 21
12 17
12 23
14 17
14 23
10 18
10 22
11 17
11 23
15 17
15 23
13 16
12 16
14 16
10 17
10 23
11 16
15 16
10 16
0
Yes
0 48
0 47
1 47
1 48
2 47
2 48
2 49
1 49
0 49
2 46
1 46
0 46
3 49
0
No
0
Yes
6 20
7 20
6 19
6 21
7 19
7 21
5 20
8 20
5 19
5 21
8 19
8 21
6 18
6 22
7 18
7 22
4 20
5 18
5 22
8 18
8 22
9 20
4 19
4 21
9 19
9 21
6 17
6 23
7 17
7 23
4 18
4 22
9 18
9 22
5 17
5 23
8 17
8 23
3 20
3 19
3 21
4 17
4 23
9 17
9 23
3 18
3 22
6 16
7 16
5 16
8 16
3 17
3 23
4 16
9 16
3 16
0
Yes
19 29
19 30
19 31
19 32
19 33
19 34
19 35
19 36
19 37
19 38
19 39
20 29
20 30
20 31
20 32
20 33
20 34
20 35
20 36
20 37
20 38
20 39
21 29
21 30
21 31
21 32
21 33
21 34
21 35
21 36
21 37
21 38
21 39
22 29
22 30
22 31
22 32
22 33
22 34
22 35
22 36
22 37
22 38
22 39
23 29
23 30
23 31
23 32
23 33
23 34
23 35
23 36
23 37
23 38
23 39
24 29
24 30
24 31
24 32
24 33
24 34
24 35
24 36
24 37
24 38
24 39
25 29
25 30
25 31
25 32
25 33
25 34
25 35
25 36
25 37
25 38
25 39
26 29
26 30
26 31
26 32
26 33
26 34
26 35
26 36
26 37
26 38
26 39
27 29
27 30
27 31
27 32
27 33
27 34
27 35
27 36
27 37
27 38
27 39
28 29
28 30
28 31
28 32
28 33
28 34
28 35
28 36
28 37
28 38
0
Yes
7 13
6 13
6 12
7 12
6 11
7 11
8 11
8 12
8 13
5 11
5 12
5 13
8 14
7 14
6 14
5 14
9 13
9 12
9 14
9 11
8 10
7 10
6 10
5 10
9 10
4 13
4 12
4 11
4 14
4 10
7 15
6 15
8 15
5 15
9 15
4 15
10 12
10 13
10 14
10 11
10 15
10 10
7 9
6 9
8 9
5 9
9 9
4 9
10 9
3 12
3 13
3 11
3 14
3 10
3 15
3 9
11 13
11 12
11 11
11 14
11 10
11 15
11 9
6 8
7 8
8 8
5 8
9 8
4 8
10 8
3 8
11 8
2 13
2 12
2 11
2 10
2 14
2 9
2 15
2 8
12 12
12 13
12 11
12 10
12 14
12 9
12 15
12 8
7 7
8 7
9 7
10 7
6 7
11 7
12 7
5 7
1 12
1 13
1 11
1 10
1 14
1 9
1 15
1 8
13 13
13 12
13 11
13 10
13 9
13 14
13 8
13 15
13 7
6 6
7 6
8 6
9 6
10 6
11 6
12 6
13 6
0 13
0 12
0 11
0 10
0 14
0 9
0 15
0 8
14 12
14 13
14 11
14 10
14 9
14 8
14 14
14 7
14 15
14 6
7 5
8 5
9 5
10 5
11 5
12 5
13 5
0
Yes
41 5
41 6
42 6
42 5
43 6
43 5
0
Yes
17 10
16 10
16 9
17 9
16 8
17 8
18 8
18 9
18 10
15 8
15 9
15 10
18 11
17 11
16 11
15 11
19 10
19 9
19 11
19 8
17 12
16 12
18 12
15 12
19 12
20 9
20 10
20 11
20 8
20 12
16 13
17 13
18 13
19 13
15 13
20 13
21 10
21 11
21 9
21 12
21 8
21 13
17 14
18 14
19 14
16 14
20 14
15 14
21 14
22 9
22 10
22 11
22 12
22 13
22 8
16 15
17 15
18 15
19 15
20 15
15 15
21 15
23 10
23 11
23 9
23 12
23 8
23 13
17 16
18 16
19 16
20 16
16 16
24 9
24 10
24 11
24 8
18 17
19 17
20 17
25 10
25 9
25 11
25 8
26 9
26 10
26 11
26 8
25 7
26 7
24 7
23 7
27 10
27 9
27 8
27 11
27 7
28 9
28 10
28 8
28 11
28 7
29 10
29 9
29 8
29 11
29 7
29 12
28 12
27 12
28 6
27 6
29 6
0
Yes
36 23
37 23
36 22
36 24
37 22
37 24
35 23
38 23
35 22
35 24
38 22
38 24
36 21
36 25
37 21
37 25
34 23
35 21
35 25
38 21
38 25
39 23
34 22
34 24
39 22
39 24
36 20
36 26
37 20
37 26
34 21
34 25
39 21
39 25
35 20
35 26
38 20
38 26
33 23
40 23
33 22
33 24
40 22
40 24
34 20
34 26
39 20
39 26
33 21
33 25
36 19
36 27
37 19
37 27
40 21
40 25
35 19
35 27
38 19
38 27
32 23
41 23
32 22
32 24
33 20
33 26
40 20
40 26
41 22
41 24
34 19
34 27
39 19
39 27
32 21
32 25
41 21
41 25
36 18
37 18
35 18
38 18
33 19
33 27
40 19
40 27
32 20
32 26
41 20
41 26
31 23
42 23
31 22
31 24
34 18
39 18
42 22
42 24
31 21
31 25
42 21
42 25
32 19
32 27
41 19
41 27
33 18
40 18
31 20
31 26
42 20
42 26
30 23
43 23
30 22
30 24
43 22
43 24
32 18
41 18
30 21
30 25
31 19
31 27
42 19
42 27
43 21
43 25
30 20
30 26
43 20
43 26
42 18
29 23
29 22
29 24
30 19
30 27
43 19
43 27
29 21
29 25
29 20
29 26
43 18
29 19
29 27
0
Yes
33 45
33 46
34 46
34 45
35 46
35 45
35 47
34 47
33 47
33 48
34 48
35 48
36 47
36 46
36 45
36 48
34 49
35 49
36 49
33 49
36 44
35 44
34 44
37 45
37 46
37 47
37 48
37 44
37 49
34 43
35 43
36 43
37 43
38 44
38 45
38 46
38 47
38 48
38 43
38 49
35 42
36 42
37 42
34 42
38 42
39 45
39 44
39 46
39 47
39 43
39 48
39 42
39 49
34 41
35 41
36 41
37 41
38 41
39 41
40 44
40 45
40 46
40 43
40 47
40 42
40 41
40 48
40 49
35 40
36 40
37 40
38 40
39 40
0
No
0
Yes
33 33
32 33
33 32
33 34
34 33
32 32
32 34
34 32
34 34
31 33
33 31
33 35
35 33
31 32
31 34
32 31
32 35
34 31
34 35
35 32
35 34
31 31
31 35
35 31
35 35
30 33
33 30
33 36
36 33
30 32
30 34
32 30
32 36
34 30
34 36
36 32
36 34
30 31
30 35
31 30
31 36
35 30
35 36
36 31
36 35
29 33
33 29
33 37
29 32
29 34
32 29
32 37
34 29
34 37
30 30
30 36
36 30
36 36
29 31
29 35
31 29
31 37
35 29
35 37
29 30
29 36
30 29
30 37
33 28
36 29
36 37
32 28
34 28
31 28
35 28
29 29
29 37
30 28
36 28
29 28
1
386
15 0
15 1
15 2
15 3
15 4
15 5
15 6
16 0
16 1
16 2
16 3
16 4
16 5
16 6
17 0
17 1
17 2
17 3
17 4
17 5
17 6
18 0
18 1
18 2
18 3
18 4
18 5
18 6
19 0
19 1
19 2
19 3
19 4
19 5
19 6
20 0
20 1
20 2
20 3
20 4
20 5
20 6
21 0
21 1
21 2
21 3
21 4
21 5
21 6
22 0
22 1
22 2
22 3
22 4
22 5
22 6
23 0
23 1
23 2
23 3
23 4
23 5
23 6
24 0
24 1
24 2
24 3
24 4
24 5
24 6
25 0
25 1
25 2
25 3
25 4
25 5
25 6
26 0
26 1
26 2
Yes
31 28
31 29
31 30
31 31
31 32
31 33
31 34
31 35
31 36
31 37
31 38
31 39
32 28
32 29
32 30
32 31
32 32
32 33
32 34
32 35
32 36
32 37
32 38
32 39
33 28
33 29
33 30
33 31
33 32
33 33
33 34
33 35
33 36
33 37
33 38
33 39
34 28
34 29
34 30
34 31
34 32
34 33
34 34
34 35
34 36
34 37
34 38
34 39
35 28
35 29
35 30
35 31
35 32
35 33
35 34
35 35
35 36
35 37
35 38
35 39
36 28
36 29
36 30
36 31
36 32
36 33
36 34
36 35
36 36
36 37
36 38
36 39
37 28
37 29
37 30
37 31
37 32
37 33
37 34
37 35
37 36
37 37
37 38
37 39
38 28
38 29
38 30
38 31
38 32
38 33
38 34
38 35
38 36
38 37
38 38
38 39
39 28
39 29
39 30
39 31
39 32
39 33
39 34
39 35
39 36
39 37
39 38
39 39
40 28
40 29
40 30
40 31
40 32
40 33
40 34
40 35
40 36
40 37
40 38
40 39
41 28
41 29
41 30
41 31
41 32
41 33
41 34
41 35
41 36
41 37
41 38
41 39
42 28
42 29
42 30
42 31
42 32
0
Yes
13 30
13 29
14 29
14 30
14 31
13 31
13 32
14 32
15 30
15 31
15 29
15 32
14 28
13 28
15 28
13 27
14 27
15 27
14 33
13 33
15 33
16 29
16 30
16 31
16 28
16 32
16 27
16 33
13 34
14 34
15 34
16 34
17 30
17 29
17 31
17 28
17 32
17 33
17 27
17 34
14 26
15 26
16 26
13 26
13 25
14 25
15 25
16 25
14 35
15 35
16 35
13 35
17 35
12 35
18 29
18 30
18 31
18 28
18 32
18 33
18 34
18 35
0
No
0
No
0
Yes
29 28
29 29
29 30
29 31
29 32
30 28
30 29
30 30
30 31
30 32
0
No
0
No
0
No
0
Yes
19 48
20 48
19 47
19 49
20 47
20 49
18 48
18 47
18 49
19 46
18 46
0
No
0
No
0
Yes
35 17
34 17
34 16
33 16
33 17
34 15
33 15
0
Yes
14 0
13 0
13 1
14 1
13 2
14 2
12 2
12 1
12 0
11 0
11 1
11 2
12 3
13 3
14 3
11 3
10 1
10 2
10 0
10 3
14 4
13 4
12 4
11 4
10 4
9 0
9 1
9 2
9 3
9 4
13 5
12 5
11 5
10 5
14 5
9 5
8 1
8 2
8 3
8 4
8 5
14 6
13 6
12 6
11 6
10 6
9 6
8 6
7 2
7 3
7 4
7 5
7 6
7 1
0
Yes
2 44
3 44
2 43
2 45
3 43
3 45
1 44
4 44
1 43
1 45
4 43
4 45
2 42
3 42
0 44
1 42
4 42
0 43
0 45
0
Yes
5 7
5 8
5 9
5 10
5 11
5 12
5 13
5 14
5 15
6 7
6 8
6 9
6 10
6 11
6 12
6 13
6 14
6 15
7 7
7 8
7 9
7 10
7 11
7 12
7 13
7 14
7 15
8 7
8 8
8 9
8 10
8 11
8 12
8 13
8 14
8 15
9 7
9 8
9 9
9 10
9 11
9 12
9 13
9 14
9 15
10 7
10 8
10 9
10 10
10 11
10 12
10 13
10 14
10 15
11 7
11 8
11 9
11 10
11 11
11 12
11 13
11 14
11 15
12 7
12 8
12 9
12 10
12 11
12 12
12 13
12 14
12 15
13 7
13 8
13 9
13 10
13 11
13 12
13 13
13 14
13 15
14 7
14 8
14 9
14 10
14 11
14 12
14 13
14 14
14 15
15 7
15 8
15 9
15 10
15 11
15 12
15 13
15 14
15 15
16 7
16 8
16 9
16 10
16 11
16 12
16 13
16 14
3
401
23 0
23 1
23 2
23 3
23 4
23 5
23 6
23 7
23 8
23 9
23 10
24 0
24 1
24 2
24 3
24 4
24 5
24 6
24 7
24 8
24 9
24 10
25 0
25 1
25 2
25 3
25 4
25 5
25 6
25 7
25 8
25 9
25 10
26 0
26 1
26 2
26 3
26 4
26 5
26 6
26 7
26 8
26 9
26 10
27 0
27 1
27 2
27 3
27 4
27 5
27 6
27 7
27 8
27 9
27 10
28 0
28 1
28 2
28 3
28 4
28 5
28 6
28 7
28 8
28 9
28 10
29 0
29 1
29 2
29 3
29 4
29 5
29 6
29 7
29 8
29 9
29 10
30 0
30 1
30 2
30 3
30 4
30 5
30 6
30 7
30 8
30 9
30 10
31 0
31 1
31 2
31 3
31 4
31 5
31 6
31 7
31 8
31 9
31 10
32 0
32 1
32 2
32 3
32 4
32 5
32 6
32 7
386
0 8
0 9
0 10
0 11
0 12
0 13
0 14
0 15
1 8
1 9
1 10
1 11
1 12
1 13
1 14
1 15
2 8
2 9
2 10
2 11
2 12
2 13
2 14
2 15
3 8
3 9
3 10
3 11
3 12
3 13
3 14
3 15
4 8
4 9
4 10
4 11
4 12
4 13
4 14
4 15
5 8
5 9
5 10
5 11
5 12
5 13
5 14
5 15
6 8
6 9
6 10
6 11
6 12
6 13
6 14
6 15
7 8
7 9
7 10
7 11
7 12
7 13
7 14
7 15
8 8
8 9
8 10
8 11
8 12
8 13
8 14
8 15
9 8
9 9
9 10
9 11
9 12
9 13
9 14
9 15
399
14 0
14 1
14 2
14 3
14 4
14 5
15 0
15 1
15 2
15 3
15 4
15 5
16 0
16 1
16 2
16 3
16 4
16 5
17 0
17 1
17 2
17 3
17 4
17 5
18 0
18 1
18 2
18 3
18 4
18 5
19 0
19 1
19 2
19 3
19 4
19 5
20 0
20 1
20 2
20 3
20 4
20 5
21 0
21 1
21 2
21 3
21 4
21 5
22 0
22 1
22 2
22 3
22 4
22 5
Yes
12 6
12 7
12 8
12 9
12 10
12 11
12 12
12 13
12 14
12 15
13 6
13 7
13 8
13 9
13 10
13 11
13 12
13 13
13 14
13 15
14 6
14 7
14 8
14 9
14 10
14 11
14 12
14 13
14 14
14 15
15 6
15 7
15 8
15 9
15 10
15 11
15 12
15 13
15 14
15 15
16 6
16 7
16 8
16 9
16 10
16 11
16 12
16 13
16 14
16 15
17 6
17 7
17 8
17 9
17 10
17 11
17 12
17 13
17 14
17 15
18 6
18 7
18 8
18 9
18 10
18 11
18 12
18 13
18 14
18 15
19 6
19 7
19 8
19 9
19 10
19 11
19 12
19 13
19 14
19 15
20 6
20 7
20 8
20 9
20 10
20 11
20 12
20 13
20 14
20 15
21 6
21 7
21 8
21 9
21 10
21 11
21 12
21 13
21 14
21 15
22 6
22 7
22 8
22 9
22 10
22 11
0
No
0
Yes
39 0
38 0
38 1
39 1
40 1
40 0
39 2
38 2
40 2
41 0
41 1
41 2
37 1
37 0
37 2
36 0
36 1
36 2
38 3
39 3
40 3
37 3
41 3
36 3
42 1
42 2
42 0
42 3
43 0
43 1
43 2
43 3
35 1
35 2
35 0
35 3
40 4
41 4
42 4
43 4
37 4
38 4
36 4
35 4
34 0
34 1
34 2
34 3
34 4
44 1
44 2
44 3
44 0
44 4
36 5
37 5
35 5
34 5
45 0
45 1
45 2
45 3
45 4
33 1
33 2
33 3
33 4
33 0
33 5
46 1
46 2
46 3
46 0
46 4
47 0
0
Yes
13 47
13 48
12 47
12 48
14 47
14 48
13 46
13 49
12 46
12 49
14 46
14 49
11 47
11 48
15 47
15 48
11 46
11 49
13 45
15 46
15 49
12 45
14 45
10 47
10 48
11 45
15 45
10 46
10 49
10 45
0
No
0
No
0
No
0
Yes
11 15
10 15
10 14
11 14
10 13
11 13
9 13
9 14
9 15
8 15
8 14
8 13
9 12
10 12
11 12
8 12
7 14
7 13
7 15
7 12
11 11
10 11
9 11
8 11
7 11
6 15
6 14
6 13
6 12
6 11
10 10
9 10
8 10
7 10
11 10
6 10
5 14
5 13
5 12
5 11
5 15
5 10
11 9
10 9
9 9
8 9
7 9
6 9
5 9
4 15
4 14
4 13
4 12
4 11
4 10
4 9
10 8
9 8
8 8
7 8
6 8
5 8
11 8
4 8
3 14
3 13
3 12
3 11
3 10
3 9
3 15
3 8
11 7
0
Yes
7 1
7 2
7 3
7 4
7 5
7 6
7 7
8 1
8 2
8 3
8 4
8 5
8 6
8 7
9 1
9 2
9 3
9 4
9 5
9 6
9 7
10 1
10 2
10 3
10 4
10 5
10 6
10 7
11 1
11 2
11 3
11 4
11 5
11 6
0
Yes
46 36
45 36
45 35
46 35
45 34
46 34
47 34
47 35
47 36
44 34
44 35
44 36
48 36
48 35
48 34
47 33
46 33
45 33
44 33
48 33
43 36
43 35
43 34
43 33
49 35
49 34
49 33
49 36
46 32
45 32
47 32
44 32
48 32
43 32
49 32
42 35
42 34
42 33
42 36
45 31
46 31
47 31
44 31
0
No
0
No
0
Yes
0 13
0 12
1 12
1 13
1 14
0 14
0 15
1 15
2 13
2 14
2 12
2 15
1 11
0 11
2 11
0 10
1 10
2 10
1 16
0 16
2 16
0 17
1 17
2 17
1 9
0 9
2 9
0 8
1 8
2 8
1 18
0 18
2 18
0 19
1 19
2 19
1 7
0 7
0 6
1 6
1 20
0 20
2 20
0 21
1 21
2 21
0
No
0
No
0
No
0
Yes
23 25
23 26
24 26
24 25
25 26
25 25
25 27
24 27
23 27
23 28
24 28
25 28
26 27
26 26
26 25
26 28
26 24
25 24
24 24
27 25
27 26
27 27
27 24
27 28
27 23
26 23
25 23
28 24
28 25
28 26
0
Yes
11 2
10 2
10 1
11 1
10 0
11 0
12 0
12 1
12 2
9 0
9 1
9 2
12 3
11 3
10 3
9 3
13 2
13 3
13 1
13 0
8 1
8 2
8 3
11 4
10 4
12 4
0
No
0
No
0
No
0
No
0
No
0
No
0
No
0
No
0
No
0
Yes
17 3
16 3
17 2
17 4
18 3
16 2
16 4
18 2
18 4
15 3
17 1
17 5
19 3
15 2
15 4
16 1
16 5
18 1
18 5
19 2
19 4
15 1
15 5
19 1
19 5
14 3
17 0
14 2
14 4
16 0
18 0
14 1
14 5
15 0
19 0
14 0
0
No
0
Yes
20 0
20 1
20 2
20 3
20 4
20 5
21 0
21 1
21 2
21 3
21 4
21 5
22 0
22 1
22 2
22 3
22 4
22 5
23 0
23 1
23 2
23 3
23 4
23 5
24 0
24 1
24 2
24 3
24 4
24 5
25 0
25 1
25 2
25 3
25 4
25 5
26 0
26 1
26 2
26 3
26 4
26 5
27 0
27 1
27 2
27 3
27 4
27 5
28 0
28 1
28 2
28 3
28 4
28 5
29 0
29 1
29 2
29 3
29 4
29 5
30 0
30 1
30 2
30 3
30 4
30 5
31 0
31 1
31 2
31 3
31 4
31 5
32 0
32 1
32 2
32 3
32 4
32 5
0
No
0
No
0
No
0
Yes
26 8
25 8
25 7
26 7
25 6
26 6
27 6
27 7
27 8
24 6
24 7
24 8
27 9
26 9
25 9
24 9
28 8
28 7
28 9
28 6
23 8
23 9
23 7
23 6
26 10
25 10
27 10
24 10
28 10
23 10
29 7
29 8
29 9
29 6
29 10
25 11
26 11
27 11
24 11
28 11
29 11
23 11
30 8
30 9
30 7
30 10
30 6
30 11
27 12
28 12
29 12
30 12
31 7
31 8
31 9
31 10
31 6
31 11
31 12
0
No
0
No
0
Yes
20 47
19 47
19 46
19 48
20 48
18 48
18 47
18 46
18 49
19 49
20 49
17 47
17 48
17 46
17 49
16 46
16 47
16 48
0
No
0
No
0
No
0
No
0
No
0
Yes
7 16
7 17
8 16
8 17
6 16
6 17
7 15
7 18
8 15
8 18
9 16
9 17
6 15
6 18
9 15
9 18
5 16
5 17
7 14
7 19
8 14
8 19
10 16
10 17
5 15
5 18
6 14
6 19
9 14
9 19
10 15
10 18
4 16
4 17
5 14
5 19
7 13
7 20
8 13
8 20
10 14
10 19
11 16
11 17
4 15
4 18
6 13
6 20
9 13
9 20
11 15
11 18
4 14
4 19
5 13
5 20
10 13
10 20
11 14
11 19
3 16
3 17
7 12
7 21
8 12
8 21
3 15
3 18
6 12
6 21
9 12
9 21
4 13
4 20
11 13
11 20
3 14
3 19
5 12
5 21
10 12
10 21
7 11
7 22
8 11
8 22
3 13
3 20
4 12
4 21
6 11
6 22
9 11
9 22
11 12
11 21
5 11
5 22
10 11
10 22
3 12
3 21
4 11
4 22
7 10
7 23
8 10
8 23
11 11
11 22
6 10
6 23
9 10
9 23
5 10
5 23
10 10
10 23
3 11
3 22
4 10
4 23
11 10
11 23
7 9
8 9
6 9
9 9
3 10
3 23
5 9
10 9
4 9
11 9
3 9
0
No
0
No
0
Yes
31 0
30 0
30 1
31 1
32 1
32 0
31 2
30 2
32 2
33 0
33 1
33 2
29 1
29 0
29 2
28 0
28 1
28 2
30 3
31 3
32 3
29 3
33 3
28 3
34 1
34 2
34 0
34 3
31 4
30 4
32 4
29 4
33 4
28 4
34 4
35 0
35 1
35 2
35 3
35 4
27 1
27 2
27 3
27 0
27 4
26 0
26 1
26 2
26 3
26 4
30 5
31 5
32 5
29 5
33 5
28 5
34 5
27 5
35 5
26 5
36 1
36 2
36 3
36 4
36 0
36 5
37 0
37 1
37 2
37 3
37 4
37 5
25 1
25 2
25 3
25 4
25 0
25 5
32 6
24 0
24 1
24 2
24 3
24 4
24 5
38 1
38 2
38 3
38 4
38 0
39 0
39 1
39 2
39 3
23 1
23 2
23 3
23 4
23 0
23 5
22 0
22 1
22 2
22 3
22 4
22 5
40 1
40 2
40 0
40 3
40 4
41 0
41 1
41 2
41 3
41 4
21 1
21 2
21 3
21 4
21 0
21 5
20 0
20 1
20 2
20 3
20 4
20 5
42 1
42 2
42 3
42 0
0
Yes
47 19
46 19
46 18
47 18
46 17
47 17
48 17
48 18
48 19
45 17
45 18
45 19
48 20
47 20
46 20
45 20
49 19
49 18
49 20
49 17
48 16
47 16
46 16
45 16
49 16
44 19
44 18
44 20
44 17
49 21
48 21
47 21
47 15
46 15
45 15
48 15
49 15
46 14
45 14
45 21
44 21
43 17
43 16
42 16
42 17
47 22
44 22
41 17
0
No
0
Yes
41 49
41 48
42 48
42 49
43 48
43 49
43 47
42 47
41 47
41 46
42 46
43 46
42 45
41 45
0
Yes
25 11
24 11
24 10
25 10
24 9
25 9
26 9
26 10
26 11
23 9
23 10
23 11
27 11
27 10
27 9
26 8
25 8
24 8
23 8
27 8
28 10
28 9
28 11
28 8
25 7
26 7
24 7
27 7
23 7
28 7
29 11
29 10
29 9
29 8
29 7
24 6
25 6
26 6
27 6
28 6
29 6
23 6
30 10
30 9
30 8
30 7
0
No
0
No
0
Yes
4 49
3 49
3 48
4 48
3 47
4 47
2 47
2 48
2 49
1 49
1 48
1 47
2 46
3 46
4 46
1 46
0 48
0 47
0 46
0 49
4 45
3 45
2 45
0
No
0
No
0
Yes
47 2
48 2
47 1
47 3
48 1
48 3
46 2
49 2
46 1
46 3
49 1
49 3
47 0
48 0
45 2
46 0
49 0
45 1
45 3
0
Yes
6 19
6 20
7 19
7 20
5 19
5 20
6 18
6 21
7 18
7 21
8 19
8 20
5 18
5 21
8 18
8 21
4 19
4 20
6 17
6 22
7 17
7 22
9 19
9 20
4 18
4 21
5 17
5 22
8 17
8 22
9 18
9 21
3 19
3 20
4 17
4 22
6 16
6 23
7 16
7 23
9 17
9 22
10 19
10 20
3 18
3 21
5 16
5 23
8 16
8 23
10 18
10 21
3 17
3 22
4 16
4 23
9 16
9 23
10 17
10 22
2 19
2 20
6 15
7 15
11 19
11 20
2 18
2 21
5 15
8 15
11 18
11 21
3 16
3 23
10 16
10 23
2 17
2 22
4 15
9 15
11 17
11 22
1 19
1 20
12 19
12 20
1 18
1 21
2 16
2 23
3 15
10 15
11 16
11 23
12 18
12 21
1 17
1 22
12 17
12 22
2 15
11 15
0 19
0 20
1 16
1 23
12 16
12 23
0 18
0 21
0 17
0 22
1 15
0
Yes
42 2
42 3
43 2
43 3
41 2
41 3
42 1
42 4
43 1
43 4
44 2
44 3
41 1
41 4
44 1
44 4
40 2
40 3
42 0
43 0
40 1
40 4
41 0
44 0
40 0
0
Yes
6 11
5 11
6 10
6 12
7 11
5 10
5 12
7 10
7 12
4 11
6 9
6 13
8 11
4 10
4 12
5 9
5 13
7 9
7 13
8 10
8 12
4 9
4 13
8 9
8 13
3 11
6 8
6 14
9 11
3 10
3 12
5 8
5 14
7 8
7 14
9 10
9 12
3 9
3 13
4 8
4 14
8 8
8 14
9 9
9 13
2 11
6 7
10 11
2 10
2 12
5 7
7 7
10 10
10 12
3 8
3 14
9 8
9 14
2 9
2 13
8 7
10 9
10 13
1 11
2 8
2 14
9 7
10 8
10 14
11 11
1 10
1 12
11 10
11 12
1 9
1 13
11 9
11 13
10 7
1 8
1 14
11 8
11 14
0 11
0 10
0 12
0 9
0 13
1 7
11 7
0 8
0 14
0 7
0
Yes
42 6
43 6
42 5
43 5
41 6
41 5
0
Yes
35 3
36 3
35 2
35 4
36 2
36 4
34 3
37 3
34 2
34 4
37 2
37 4
35 1
35 5
36 1
36 5
33 3
34 1
34 5
37 1
37 5
33 2
33 4
35 0
36 0
33 1
33 5
34 0
37 0
33 0
0
Yes
0 8
0 9
0 10
0 11
0 12
0 13
0 14
1 8
1 9
1 10
1 11
1 12
1 13
1 14
2 8
2 9
2 10
2 11
2 12
2 13
2 14
3 8
3 9
3 10
3 11
3 12
3 13
3 14
4 8
4 9
4 10
4 11
4 12
4 13
4 14
5 8
5 9
5 10
5 11
5 12
5 13
5 14
6 8
6 9
6 10
6 11
6 12
6 13
6 14
0
Yes
28 3
28 4
29 3
29 4
27 3
27 4
28 2
28 5
29 2
29 5
30 3
30 4
27 2
27 5
30 2
30 5
26 3
26 4
28 1
28 6
29 1
29 6
31 3
31 4
26 2
26 5
27 1
27 6
30 1
30 6
31 2
31 5
25 3
25 4
26 1
26 6
28 0
29 0
31 1
31 6
32 3
32 4
25 2
25 5
27 0
30 0
32 2
32 5
25 1
25 6
26 0
31 0
32 1
32 6
24 3
24 4
24 2
24 5
25 0
32 0
24 1
24 6
24 0
0
Yes
18 32
19 32
18 31
18 33
19 31
19 33
17 32
20 32
17 31
17 33
20 31
20 33
18 30
18 34
19 30
19 34
16 32
17 30
17 34
20 30
20 34
21 32
16 31
16 33
21 31
21 33
18 29
18 35
19 29
19 35
16 30
16 34
21 30
21 34
17 29
17 35
20 29
20 35
15 32
22 32
15 31
15 33
22 31
22 33
16 29
16 35
21 29
21 35
15 30
15 34
18 28
19 28
22 30
22 34
17 28
20 28
14 32
23 32
14 31
14 33
15 29
15 35
22 29
22 35
23 31
23 33
16 28
21 28
14 30
14 34
23 30
23 34
15 28
22 28
14 29
14 35
23 29
23 35
13 32
13 31
13 33
13 30
13 34
14 28
23 28
13 29
13 35
13 28
0
No
0
No
0
No
0
No
0
Yes
20 0
19 0
19 1
20 1
19 2
20 2
21 2
21 1
21 0
18 2
18 1
18 0
22 0
22 1
22 2
21 3
20 3
19 3
18 3
22 3
17 0
17 1
17 2
17 3
23 1
23 2
23 3
23 0
20 4
19 4
21 4
18 4
22 4
17 4
23 4
16 1
16 2
16 3
16 0
0
Yes
49 30
49 31
48 31
48 32
49 32
48 33
49 33
47 33
47 32
47 31
47 34
48 34
49 34
46 31
46 32
46 33
46 34
49 35
48 35
47 35
46 35
45 32
45 33
45 34
45 31
45 35
48 36
47 36
46 36
45 36
49 36
45 30
46 30
47 30
44 31
44 32
44 33
44 34
44 35
44 30
44 36
44 29
45 29
46 29
43 30
43 31
43 32
43 33
43 34
43 35
43 29
43 36
42 29
42 30
42 31
42 32
42 33
42 34
42 35
42 36
41 30
41 31
41 32
41 33
41 34
41 35
41 29
41 36
0
Yes
19 20
18 20
19 19
18 19
0
Yes
18 43
17 43
18 42
19 43
17 42
19 42
16 43
0
No
0
No
0
No
0
Yes
15 26
14 26
15 25
15 27
16 26
14 25
14 27
16 25
16 27
13 26
15 24
13 25
13 27
14 24
16 24
13 24
0
No
0
Yes
39 1
39 2
38 1
38 2
39 0
38 0
0
Yes
21 39
22 39
21 38
21 40
22 38
22 40
20 39
23 39
20 38
20 40
23 38
23 40
21 37
21 41
22 37
22 41
19 39
20 37
20 41
23 37
23 41
19 38
19 40
21 36
22 36
19 37
20 36
23 36
19 36
0
No
0
No
0
Yes
7 5
7 6
7 7
7 8
7 9
7 10
7 11
7 12
7 13
7 14
8 5
8 6
8 7
8 8
8 9
8 10
8 11
8 12
8 13
8 14
9 5
9 6
9 7
9 8
9 9
9 10
9 11
9 12
9 13
9 14
10 5
10 6
10 7
10 8
10 9
10 10
10 11
10 12
10 13
10 14
11 5
11 6
11 7
11 8
11 9
11 10
11 11
11 12
11 13
11 14
12 5
12 6
12 7
12 8
12 9
12 10
12 11
12 12
12 13
12 14
13 5
13 6
13 7
13 8
13 9
13 10
13 11
13 12
13 13
13 14
14 5
14 6
14 7
14 8
14 9
14 10
14 11
14 12
14 13
14 14
15 5
15 6
15 7
15 8
15 9
15 10
15 11
15 12
15 13
15 14
16 5
16 6
16 7
16 8
16 9
16 10
16 11
16 12
16 13
16 14
17 5
17 6
17 7
17 8
17 9
17 10
17 11
17 12
17 13
17 14
18 5
18 6
18 7
18 8
18 9
18 10
18 11
18 12
18 13
18 14
0
No
0
No
0
Yes
33 18
33 19
33 20
33 21
33 22
33 23
33 24
33 25
33 26
33 27
33 28
34 18
34 19
34 20
34 21
34 22
34 23
34 24
34 25
34 26
34 27
34 28
35 18
35 19
35 20
35 21
35 22
35 23
35 24
35 25
35 26
35 27
35 28
36 18
36 19
36 20
36 21
36 22
36 23
36 24
36 25
36 26
36 27
36 28
37 18
37 19
37 20
37 21
37 22
37 23
37 24
37 25
37 26
37 27
37 28
38 18
38 19
38 20
38 21
38 22
38 23
38 24
38 25
38 26
38 27
38 28
39 18
39 19
39 20
39 21
39 22
39 23
39 24
39 25
39 26
39 27
39 28
40 18
40 19
40 20
40 21
40 22
40 23
40 24
40 25
40 26
40 27
40 28
41 18
41 19
41 20
41 21
41 22
41 23
41 24
41 25
41 26
41 27
41 28
42 18
42 19
42 20
42 21
42 22
42 23
42 24
42 25
42 26
42 27
42 28
43 18
43 19
43 20
43 21
43 22
43 23
43 24
43 25
43 26
0
No
0
No
0
No
0
No
0
Yes
1 42
1 43
1 44
2 42
2 43
2 44
3 42
3 43
3 44
4 42
4 43
4 44
0
No
0
No
0
Yes
1 7
0 7
0 6
1 6
1 5
0
Yes
26 4
26 5
25 4
25 5
27 4
27 5
26 3
26 6
25 3
25 6
27 3
27 6
24 4
24 5
28 4
28 5
24 3
24 6
26 2
26 7
28 3
28 6
25 2
25 7
27 2
27 7
23 4
23 5
29 4
29 5
24 2
24 7
28 2
28 7
23 3
23 6
29 3
29 6
26 1
26 8
25 1
25 8
27 1
27 8
23 2
23 7
29 2
29 7
22 4
22 5
24 1
24 8
28 1
28 8
30 4
30 5
22 3
22 6
30 3
30 6
26 0
23 1
23 8
25 0
27 0
29 1
29 8
22 2
22 7
30 2
30 7
24 0
28 0
21 4
21 5
31 4
31 5
21 3
21 6
31 3
31 6
22 1
22 8
30 1
30 8
23 0
29 0
21 2
21 7
31 2
31 7
20 4
20 5
22 0
30 0
32 4
32 5
21 1
21 8
31 1
31 8
20 3
20 6
32 3
32 6
20 2
20 7
32 2
32 7
21 0
31 0
20 1
20 8
32 1
32 8
19 4
19 5
19 3
19 6
19 2
19 7
20 0
32 0
0
Yes
38 47
37 47
38 46
38 48
39 47
37 46
37 48
39 46
39 48
36 47
38 45
38 49
40 47
36 46
36 48
37 45
37 49
39 45
39 49
40 46
40 48
36 45
36 49
40 45
40 49
35 47
38 44
41 47
35 46
35 48
37 44
39 44
41 46
41 48
35 45
35 49
36 44
40 44
41 45
41 49
34 47
42 47
34 46
34 48
42 46
42 48
35 44
41 44
34 45
34 49
42 45
42 49
33 47
34 44
33 46
33 48
33 45
33 49
0
Yes
47 9
48 9
47 8
48 8
46 9
49 9
46 8
49 8
45 9
45 8
0
Yes
47 47
47 48
46 47
46 48
48 47
48 48
47 46
47 49
46 46
46 49
48 46
48 49
45 47
45 48
49 47
49 48
45 46
45 49
47 45
49 46
49 49
46 45
48 45
44 47
44 48
45 45
49 45
44 46
44 49
0
Yes
3 20
3 21
4 20
4 21
2 20
2 21
3 19
3 22
4 19
4 22
5 20
5 21
2 19
2 22
5 19
5 22
1 20
1 21
3 18
3 23
4 18
4 23
6 20
6 21
1 19
1 22
2 18
2 23
5 18
5 23
6 19
6 22
0 20
0 21
1 18
1 23
3 17
4 17
6 18
6 23
0 19
0 22
2 17
5 17
0 18
0 23
1 17
6 17
0 17
0
No
0
Yes
42 6
43 6
42 5
43 5
41 6
41 5
0
Yes
39 1
39 2
38 1
38 2
39 0
38 0
0
Yes
11 21
10 21
11 20
11 22
12 21
10 20
10 22
12 20
12 22
9 21
11 19
11 23
13 21
9 20
9 22
10 19
10 23
12 19
12 23
13 20
13 22
9 19
9 23
13 19
13 23
8 21
11 18
14 21
8 20
8 22
10 18
12 18
14 20
14 22
8 19
8 23
9 18
13 18
14 19
14 23
7 21
7 20
7 22
8 18
14 18
7 19
7 23
7 18
0
Yes
37 46
37 47
38 46
38 47
36 46
36 47
37 45
37 48
38 45
38 48
39 46
39 47
36 45
36 48
39 45
39 48
35 46
35 47
37 44
37 49
38 44
38 49
40 46
40 47
35 45
35 48
36 44
36 49
39 44
39 49
40 45
40 48
34 46
34 47
35 44
35 49
37 43
38 43
40 44
40 49
41 46
41 47
34 45
34 48
36 43
39 43
41 45
41 48
34 44
34 49
35 43
40 43
41 44
41 49
33 46
33 47
33 45
33 48
34 43
41 43
33 49
0
Yes
48 42
48 43
47 42
47 43
49 42
49 43
48 41
48 44
47 41
47 44
49 41
49 44
46 42
46 43
46 41
46 44
48 40
47 40
49 40
46 40
0
Yes
0 8
0 9
0 10
0 11
0 12
0 13
0 14
0 15
0 16
1 8
1 9
1 10
1 11
1 12
1 13
1 14
1 15
1 16
2 8
2 9
2 10
2 11
2 12
2 13
2 14
2 15
2 16
3 8
3 9
3 10
3 11
3 12
3 13
3 14
3 15
3 16
4 8
4 9
4 10
4 11
4 12
4 13
4 14
4 15
4 16
5 8
5 9
5 10
5 11
5 12
5 13
5 14
5 15
5 16
6 8
6 9
6 10
6 11
6 12
6 13
6 14
6 15
6 16
7 8
7 9
7 10
7 11
7 12
7 13
7 14
7 15
7 16
8 8
8 9
8 10
8 11
8 12
8 13
8 14
8 15
8 16
9 8
9 9
9 10
9 11
9 12
9 13
9 14
9 15
9 16
10 8
10 9
10 10
10 11
10 12
10 13
10 14
0
Yes
29 2
28 2
29 1
29 3
30 2
28 1
28 3
30 1
30 3
27 2
29 0
31 2
27 1
27 3
28 0
30 0
31 1
31 3
27 0
31 0
26 2
32 2
26 1
26 3
32 1
32 3
26 0
32 0
25 2
25 1
25 3
25 0
0
Yes
47 35
47 36
46 35
46 36
48 35
48 36
47 34
47 37
46 34
46 37
48 34
48 37
45 35
45 36
49 35
49 36
45 34
45 37
47 33
47 38
49 34
49 37
46 33
46 38
48 33
48 38
44 35
44 36
45 33
45 38
49 33
49 38
44 34
44 37
47 32
47 39
46 32
46 39
48 32
48 39
44 33
44 38
45 32
45 39
49 32
49 39
47 31
44 32
44 39
46 31
48 31
45 31
49 31
0
Yes
9 0
9 1
8 1
10 1
10 0
10 2
9 2
8 2
11 2
11 1
11 0
9 3
10 3
8 3
11 3
12 0
12 1
12 2
12 3
7 3
7 2
7 1
8 4
9 4
10 4
11 4
7 4
12 4
13 1
13 2
13 3
13 0
13 4
9 5
10 5
11 5
8 5
12 5
7 5
13 5
14 0
14 1
14 2
14 3
14 4
14 5
8 6
9 6
10 6
11 6
12 6
13 6
7 6
14 6
15 1
15 2
15 3
15 4
15 5
15 0
0
No
0
No
0
Yes
19 0
18 0
18 1
19 1
18 2
19 2
20 2
20 1
20 0
17 2
17 1
17 0
21 0
21 1
21 2
20 3
19 3
18 3
17 3
21 3
16 0
16 1
16 2
16 3
22 1
22 2
22 0
22 3
19 4
18 4
20 4
17 4
21 4
16 4
22 4
23 4
23 3
23 2
23 1
23 0
18 5
19 5
20 5
21 5
17 5
22 5
16 5
23 5
24 5
24 4
24 3
24 2
24 1
24 0
19 6
18 6
20 6
21 6
22 6
17 6
23 6
16 6
24 6
25 6
25 5
25 4
0
Yes
17 11
16 11
16 10
17 10
16 9
17 9
18 9
18 10
18 11
15 9
15 10
15 11
18 12
17 12
16 12
15 12
19 11
19 10
19 12
19 9
18 8
17 8
16 8
15 8
19 8
14 11
14 10
14 9
14 12
14 8
17 13
16 13
18 13
15 13
19 13
14 13
20 10
20 11
20 12
20 9
20 13
20 8
17 7
16 7
18 7
15 7
19 7
14 7
20 7
13 10
13 11
13 9
13 12
13 8
13 13
13 7
16 14
17 14
18 14
15 14
19 14
14 14
20 14
13 14
21 11
21 10
21 12
21 9
21 13
21 8
21 14
21 7
12 11
12 10
12 12
12 9
12 13
12 8
12 14
12 7
17 15
16 15
18 15
15 15
19 15
14 15
20 15
13 15
12 15
21 15
22 10
22 11
22 9
22 12
22 13
22 8
22 7
11 10
11 11
11 12
11 9
11 13
11 8
11 14
11 15
11 7
16 16
17 16
18 16
15 16
14 16
0
Yes
45 0
45 1
46 1
46 0
47 1
47 0
47 2
46 2
45 2
45 3
46 3
47 3
48 2
48 1
48 0
48 3
46 4
47 4
48 4
45 4
49 0
49 1
49 2
49 3
0
Yes
4 12
4 13
5 12
5 13
3 12
3 13
4 11
4 14
5 11
5 14
6 12
6 13
3 11
3 14
6 11
6 14
2 12
2 13
4 10
4 15
5 10
5 15
7 12
7 13
2 11
2 14
3 10
3 15
6 10
6 15
7 11
7 14
1 12
1 13
2 10
2 15
4 9
4 16
5 9
5 16
7 10
7 15
8 12
8 13
1 11
1 14
3 9
3 16
6 9
6 16
8 11
8 14
1 10
1 15
2 9
2 16
7 9
7 16
8 10
8 15
0 12
0 13
4 8
5 8
0 11
0 14
3 8
6 8
1 9
1 16
8 9
8 16
0 10
0 15
2 8
7 8
0 9
0 16
1 8
8 8
0 8
0
Yes
7 46
6 46
7 45
7 47
8 46
6 45
6 47
8 45
8 47
5 46
7 44
7 48
9 46
5 45
5 47
6 44
6 48
8 44
8 48
9 45
9 47
5 44
5 48
9 44
9 48
4 46
7 43
7 49
4 45
4 47
6 43
6 49
8 43
8 49
4 44
4 48
5 43
5 49
9 43
9 49
7 42
6 42
4 43
4 49
5 42
4 42
0
No
0
Yes
43 48
42 48
43 47
43 49
42 47
42 49
43 46
42 46
0
Yes
38 39
37 39
38 38
38 40
39 39
37 38
37 40
39 38
39 40
36 39
38 37
38 41
40 39
36 38
36 40
37 37
37 41
39 37
39 41
40 38
40 40
36 37
36 41
40 37
40 41
35 39
38 36
38 42
41 39
35 38
35 40
37 36
37 42
39 36
39 42
41 38
41 40
35 37
35 41
36 36
36 42
40 36
40 42
41 37
41 41
34 39
38 35
42 39
34 38
34 40
37 35
39 35
42 38
42 40
35 36
35 42
41 36
41 42
34 37
34 41
36 35
40 35
42 37
42 41
33 39
34 36
34 42
35 35
41 35
42 36
42 42
43 39
33 38
33 40
43 38
43 40
33 37
33 41
43 37
43 41
34 35
42 35
33 36
33 42
43 36
43 42
32 39
32 38
32 40
32 37
32 41
33 35
43 35
32 36
32 42
32 35
0
Yes
12 21
11 21
12 20
12 22
13 21
11 20
11 22
13 20
13 22
10 21
12 19
12 23
14 21
10 20
10 22
11 19
11 23
13 19
13 23
14 20
14 22
10 19
10 23
14 19
14 23
9 21
12 18
15 21
9 20
9 22
11 18
13 18
15 20
15 22
9 19
9 23
10 18
14 18
15 19
15 23
8 21
8 20
8 22
9 18
15 18
8 19
8 23
0
Yes
18 48
17 48
17 47
18 47
17 46
18 46
19 46
19 47
19 48
16 46
16 47
16 48
19 49
18 49
17 49
16 49
20 47
20 48
20 49
16 45
17 45
0
Yes
7 23
7 22
8 22
8 23
9 22
9 23
9 21
8 21
7 21
7 20
8 20
9 20
10 21
10 22
10 23
10 20
8 19
9 19
7 19
10 19
11 23
11 22
11 21
11 20
11 19
7 18
8 18
9 18
10 18
11 18
12 22
12 21
12 20
12 19
12 23
12 18
8 17
9 17
10 17
11 17
12 17
7 17
13 23
13 22
13 21
13 20
13 19
13 18
13 17
9 16
10 16
11 16
12 16
13 16
14 22
14 21
14 20
14 19
14 18
14 17
14 23
15 23
15 22
15 21
15 20
15 19
15 18
0
No
0
Yes
49 6
48 6
49 5
49 7
48 5
48 7
49 4
0
Yes
39 28
40 28
39 27
39 29
40 27
40 29
38 28
41 28
38 27
38 29
41 27
41 29
39 26
39 30
40 26
40 30
37 28
38 26
38 30
41 26
41 30
42 28
37 27
37 29
42 27
42 29
39 25
39 31
40 25
40 31
37 26
37 30
42 26
42 30
38 25
38 31
41 25
41 31
36 28
43 28
36 27
36 29
43 27
43 29
37 25
37 31
42 25
42 31
36 26
36 30
39 24
39 32
40 24
40 32
43 26
43 30
38 24
38 32
41 24
41 32
35 28
35 27
35 29
36 25
36 31
43 25
43 31
37 24
37 32
42 24
42 32
35 26
35 30
39 23
39 33
40 23
40 33
38 23
38 33
41 23
41 33
36 24
36 32
43 24
43 32
35 25
35 31
37 23
37 33
42 23
42 33
35 24
35 32
39 22
39 34
40 22
40 34
36 23
36 33
43 23
43 33
38 22
38 34
41 22
41 34
37 22
37 34
42 22
42 34
35 23
35 33
36 22
36 34
43 22
43 34
39 21
40 21
38 21
41 21
37 21
42 21
35 22
35 34
36 21
43 21
35 21
0
No
0
Yes
28 29
27 29
27 28
28 28
27 27
28 27
29 27
29 28
29 29
26 27
26 28
26 29
29 30
28 30
27 30
26 30
30 29
30 28
30 30
30 27
29 26
28 26
27 26
26 26
30 26
25 29
25 28
25 27
25 30
25 26
28 31
27 31
29 31
26 31
30 31
25 31
31 28
31 29
31 30
31 27
31 31
31 26
28 25
27 25
29 25
26 25
30 25
25 25
31 25
24 28
24 29
24 27
24 30
24 26
24 31
24 25
27 32
28 32
29 32
26 32
30 32
25 32
31 32
24 32
32 29
32 28
32 30
32 27
32 31
32 26
32 32
32 25
27 24
28 24
29 24
26 24
30 24
25 24
31 24
32 24
24 24
23 27
23 26
23 25
28 33
27 33
29 33
26 33
30 33
25 33
31 33
24 33
32 33
33 28
33 29
33 30
33 27
33 31
33 26
33 32
33 25
33 33
33 24
28 23
27 23
29 23
30 23
31 23
32 23
33 23
26 23
25 23
27 34
28 34
29 34
26 34
30 34
31 34
25 34
32 34
24 34
33 34
34 29
34 28
34 30
34 27
34 31
34 26
34 32
34 25
0
No
0
No
0
No
0
Yes
17 27
16 27
16 26
15 26
15 27
14 26
14 27
14 25
15 25
16 25
13 25
13 26
13 27
16 24
15 24
14 24
13 24
0
No
0
Yes
32 11
31 11
31 10
31 12
30 12
30 11
30 10
29 11
29 10
29 12
28 12
28 11
28 10
29 9
30 9
31 9
28 9
27 11
27 10
27 9
27 12
31 8
30 8
29 8
28 8
27 8
26 10
26 11
26 9
26 8
30 7
29 7
28 7
27 7
31 7
26 7
25 9
25 10
25 8
25 11
25 7
32 7
32 8
32 9
31 6
30 6
29 6
28 6
27 6
26 6
32 6
25 6
33 9
33 8
33 7
24 11
24 10
24 9
24 8
24 7
24 6
32 5
31 5
30 5
29 5
28 5
27 5
26 5
25 5
24 5
23 10
23 9
23 8
23 7
23 6
23 5
23 11
31 4
30 4
29 4
28 4
27 4
26 4
25 4
24 4
23 4
32 4
0
No
0
No
0
No
0
No
0
Yes
0 45
0 44
1 44
1 45
2 44
2 45
2 46
1 46
0 46
2 43
1 43
0 43
0 47
1 47
2 47
3 46
3 45
3 44
3 43
3 47
0 42
1 42
2 42
3 42
1 48
2 48
0 48
0
No
0
Yes
16 0
16 1
17 1
17 0
18 1
18 0
18 2
17 2
16 2
16 3
17 3
18 3
19 2
19 1
19 0
19 3
17 4
18 4
16 4
19 4
20 0
20 1
20 2
20 3
20 4
16 5
17 5
18 5
19 5
20 5
21 1
21 2
21 3
21 4
21 0
21 5
17 6
18 6
19 6
20 6
21 6
16 6
22 0
22 1
22 2
0
No
0
No
0
Yes
18 34
17 34
17 33
18 33
17 32
18 32
19 32
19 33
19 34
16 32
16 33
16 34
19 35
18 35
17 35
16 35
20 34
20 33
20 35
20 32
19 31
18 31
17 31
16 31
20 31
15 34
15 33
15 32
15 35
15 31
18 36
17 36
19 36
20 36
21 33
21 34
21 35
21 32
21 36
21 31
18 30
17 30
19 30
16 30
20 30
15 30
21 30
14 33
14 32
14 34
14 31
14 35
14 30
19 37
18 37
20 37
21 37
17 37
22 34
22 33
22 35
22 32
22 36
22 31
22 37
22 30
17 29
18 29
19 29
16 29
20 29
15 29
21 29
14 29
22 29
13 34
13 33
13 32
13 31
13 30
13 35
13 29
20 38
19 38
21 38
22 38
23 33
23 34
23 35
23 32
23 36
23 31
23 37
23 30
23 38
23 29
18 28
17 28
19 28
16 28
20 28
15 28
21 28
14 28
22 28
13 28
23 28
21 39
20 39
22 39
19 39
23 39
24 35
24 36
24 37
24 38
24 39
17 27
16 27
15 27
14 27
13 27
20 27
21 27
22 27
19 40
20 40
21 40
22 40
0
Yes
14 28
14 29
14 30
14 31
14 32
14 33
14 34
14 35
15 28
15 29
15 30
15 31
15 32
15 33
15 34
15 35
16 28
16 29
16 30
16 31
16 32
16 33
16 34
16 35
17 28
17 29
17 30
17 31
17 32
17 33
17 34
17 35
18 28
18 29
18 30
18 31
18 32
18 33
18 34
18 35
19 28
19 29
19 30
19 31
19 32
19 33
19 34
19 35
20 28
20 29
20 30
20 31
20 32
20 33
20 34
20 35
21 28
21 29
21 30
21 31
21 32
21 33
21 34
21 35
22 28
22 29
22 30
22 31
22 32
22 33
22 34
22 35
23 28
23 29
23 30
23 31
23 32
23 33
0
No
0
No
0
Yes
15 20
14 20
14 19
15 19
14 18
15 18
13 18
13 19
13 20
13 21
14 21
15 21
12 20
12 19
12 21
12 18
13 17
14 17
12 17
15 17
15 22
14 22
13 22
12 22
11 19
11 20
11 21
11 18
11 22
11 17
14 23
13 23
12 23
15 23
11 23
11 16
12 16
13 16
10 20
10 19
10 21
10 18
10 22
10 17
10 23
10 16
15 24
14 24
13 24
9 19
9 20
9 21
9 18
9 22
9 17
9 23
9 16
8 20
8 19
8 21
8 18
8 22
8 17
8 23
7 19
7 20
7 21
7 18
7 22
7 17
7 23
16 23
16 24
16 25
15 25
14 25
13 25
17 25
17 24
0
Yes
22 36
21 36
21 37
22 37
21 38
22 38
23 38
23 37
23 36
20 38
20 37
20 36
24 36
24 37
24 38
23 39
22 39
21 39
20 39
24 39
19 36
19 37
19 38
19 39
25 37
25 38
25 36
25 39
22 40
21 40
23 40
20 40
19 40
25 35
24 35
23 35
21 41
22 41
20 41
23 41
26 35
26 36
26 37
26 38
26 39
27 36
27 37
27 38
27 35
27 39
28 35
28 36
28 37
28 38
0
No
0
Yes
36 42
35 42
35 41
36 41
35 40
36 40
37 40
37 41
37 42
34 40
34 41
34 42
38 42
38 41
38 40
37 39
36 39
35 39
34 39
38 39
33 42
33 41
33 40
33 39
39 41
39 40
39 42
39 39
36 38
35 38
37 38
34 38
38 38
33 38
39 38
32 41
32 40
32 39
32 42
32 38
40 42
40 41
40 40
40 39
40 38
35 37
36 37
37 37
34 37
38 37
33 37
39 37
32 37
40 37
31 42
31 41
31 40
31 39
31 38
31 37
41 37
36 36
35 36
37 36
34 36
38 36
33 36
39 36
32 36
40 36
31 36
41 36
31 43
32 43
33 43
35 35
36 35
37 35
34 35
38 35
33 35
39 35
32 35
40 35
31 35
41 35
30 43
30 42
30 41
30 40
30 39
30 38
30 37
30 36
30 35
42 35
42 36
42 37
42 38
41 38
41 39
41 40
42 39
42 40
41 41
41 42
42 41
42 42
29 41
29 40
29 39
29 38
29 37
29 36
29 35
0
Yes
35 17
34 17
34 16
34 18
35 18
36 18
35 19
34 19
36 19
33 16
33 17
33 18
33 19
33 15
34 15
37 19
37 18
37 17
38 17
38 18
38 19
32 18
32 19
34 20
35 20
36 20
33 20
37 20
32 20
38 20
39 18
39 19
39 17
39 20
31 19
31 20
33 21
34 21
32 21
31 21
40 17
40 18
40 19
40 20
34 22
33 22
32 22
31 22
40 16
30 20
30 21
30 19
30 22
41 18
41 17
41 19
41 20
29 19
29 20
29 21
29 22
42 17
42 18
42 19
42 20
42 16
28 20
28 21
28 22
43 16
43 17
43 18
43 19
43 20
27 21
27 20
44 17
44 18
44 19
44 20
44 21
45 18
45 19
45 20
45 17
45 21
45 16
46 17
46 18
46 19
46 20
46 16
46 15
45 15
45 14
46 14
47 16
47 17
47 18
47 15
47 19
47 14
47 20
47 13
47 21
48 17
48 16
48 18
48 15
48 19
48 14
48 20
48 13
48 21
48 12
47 12
46 12
47 11
48 11
49 16
49 17
49 18
49 15
49 19
49 14
49 20
49 13
49 12
49 21
49 11
48 10
49 10
40 15
0
Yes
10 13
10 14
9 13
9 14
10 12
10 15
9 12
9 15
10 11
9 11
0
No
0
No
0
No
0
Yes
25 3
24 3
24 2
25 2
24 1
25 1
26 1
26 2
26 3
23 1
23 2
23 3
27 3
27 2
27 1
26 0
25 0
27 0
24 0
23 0
28 2
28 1
28 3
0
No
0
Yes
31 2
30 2
31 1
31 3
32 2
30 1
30 3
32 1
32 3
29 2
31 0
29 1
29 3
30 0
32 0
29 0
0
Yes
39 0
38 0
38 1
39 1
40 1
40 0
39 2
38 2
40 2
41 0
41 1
41 2
37 1
37 0
37 2
36 0
36 1
36 2
38 3
39 3
40 3
37 3
41 3
36 3
42 1
42 2
42 0
42 3
43 0
43 1
43 2
43 3
35 1
35 2
35 0
35 3
40 4
41 4
42 4
43 4
37 4
38 4
36 4
35 4
34 0
34 1
34 2
34 3
34 4
44 1
44 2
44 3
44 0
44 4
41 5
42 5
43 5
36 5
37 5
35 5
34 5
33 1
33 2
33 3
33 4
33 0
33 5
0
No
0
No
0
No
0
No
0
Yes
30 0
30 1
30 2
30 3
31 0
31 1
31 2
31 3
32 0
32 1
32 2
32 3
0
Yes
48 6
48 7
49 6
49 7
47 6
47 7
48 5
49 5
47 5
0
Yes
3 38
3 39
2 38
2 39
4 38
4 39
3 37
3 40
2 37
2 40
4 37
4 40
1 38
1 39
5 38
5 39
1 37
1 40
3 36
3 41
5 37
5 40
2 36
2 41
4 36
4 41
0 38
0 39
1 36
1 41
5 36
5 41
0 37
0 40
3 35
2 35
4 35
0 36
0 41
1 35
5 35
0
No
0
No
0
Yes
20 47
19 47
19 46
19 48
20 48
18 48
18 47
18 46
18 49
19 49
20 49
17 47
17 48
0
Yes
0 16
0 15
1 15
1 16
2 15
2 16
2 14
1 14
0 14
0 13
1 13
2 13
3 14
3 15
3 16
3 13
1 12
2 12
0 12
3 12
4 16
4 15
4 14
4 13
4 12
0 11
1 11
2 11
3 11
4 11
5 15
5 14
5 13
5 12
5 16
5 11
1 10
2 10
3 10
4 10
0 10
5 10
6 16
6 15
6 14
6 13
6 12
6 11
6 10
0 9
1 9
2 9
3 9
4 9
5 9
6 9
7 15
7 14
7 13
7 12
7 11
7 10
7 16
7 9
1 8
2 8
3 8
4 8
5 8
6 8
0 8
7 8
8 16
8 15
8 14
8 13
8 12
0
Yes
10 9
9 9
10 8
10 10
9 8
9 10
10 7
9 7
0
No
0
Yes
0 48
0 47
1 47
1 48
2 47
2 48
2 49
1 49
0 49
2 46
1 46
0 46
3 49
3 48
3 47
0
No
0
No
0
Yes
42 46
42 45
43 45
43 46
44 45
44 46
44 47
43 47
42 47
44 44
43 44
42 44
42 48
43 48
44 48
45 47
45 46
45 45
45 44
45 48
42 43
43 43
44 43
45 43
43 49
44 49
45 49
42 49
46 46
46 47
46 45
46 48
46 49
0
No
0
No
0
Yes
31 1
30 1
30 0
31 0
30 2
31 2
32 2
32 1
32 0
29 2
29 1
29 0
33 1
33 0
33 2
32 3
31 3
33 3
30 3
29 3
34 2
34 1
34 0
34 3
35 1
35 2
35 0
35 3
35 4
34 4
33 4
36 4
36 3
36 2
36 1
36 0
33 5
34 5
35 5
36 5
0
No
0
No
0
No
0
No
0
No
0
Yes
11 11
11 10
12 10
12 11
13 10
13 11
13 12
12 12
11 12
13 9
12 9
11 9
11 13
12 13
13 13
14 12
14 11
14 10
14 9
14 13
11 8
12 8
13 8
14 8
12 14
13 14
11 14
14 14
15 11
15 10
15 12
15 9
15 13
15 8
15 14
12 7
13 7
14 7
15 7
11 7
11 15
12 15
13 15
14 15
15 15
16 10
16 11
16 12
16 9
16 13
16 8
16 14
16 7
16 15
16 16
15 16
14 16
17 11
17 10
17 12
17 9
17 13
17 14
17 8
17 15
17 7
17 16
18 10
18 11
18 12
18 9
18 13
18 14
18 8
18 15
18 7
18 16
19 11
19 10
19 12
19 9
19 13
19 14
19 8
19 15
19 7
19 16
20 10
20 11
20 12
20 9
20 13
20 14
20 8
20 15
20 7
20 16
21 11
21 10
21 12
21 9
21 13
21 8
21 7
21 14
21 15
20 17
19 17
18 17
22 10
22 11
22 9
22 12
22 13
22 8
22 7
23 11
23 10
23 9
23 12
23 8
23 7
23 13
24 10
24 9
24 11
24 8
24 7
25 11
25 10
25 9
0
Yes
37 46
37 47
38 46
38 47
36 46
36 47
37 45
37 48
38 45
38 48
39 46
39 47
36 45
36 48
39 45
39 48
35 46
35 47
37 44
37 49
38 44
38 49
40 46
40 47
35 45
35 48
36 44
36 49
39 44
39 49
40 45
40 48
34 46
34 47
35 44
35 49
37 43
38 43
40 44
40 49
34 45
34 48
36 43
39 43
34 44
34 49
35 43
40 43
34 43
0
No
0
No
0
Yes
32 23
31 23
31 24
32 24
31 25
32 25
33 25
33 24
33 23
30 25
30 24
30 23
34 23
34 24
34 25
33 26
32 26
31 26
30 26
34 26
29 23
29 24
29 25
29 26
32 27
31 27
33 27
30 27
34 27
29 27
28 24
28 25
28 26
28 23
28 27
31 28
32 28
30 28
33 28
29 28
34 28
28 28
27 23
27 24
27 25
27 26
27 27
27 28
32 29
31 29
30 29
29 29
33 29
28 29
34 29
27 29
26 24
26 25
26 26
26 27
26 28
26 23
26 29
31 30
32 30
30 30
29 30
28 30
33 30
27 30
34 30
26 30
25 23
25 24
25 25
25 26
25 27
25 28
25 29
25 30
32 31
31 31
30 31
29 31
28 31
27 31
33 31
26 31
34 31
25 31
24 24
24 25
24 26
24 27
24 28
24 29
24 30
24 31
31 32
32 32
30 32
29 32
28 32
27 32
26 32
33 32
25 32
34 32
24 32
23 25
23 26
23 27
23 28
23 29
0
Yes
43 2
43 3
42 2
42 3
44 2
44 3
43 1
43 4
42 1
42 4
44 1
44 4
41 2
41 3
41 1
41 4
43 0
42 0
44 0
41 0
0
Yes
32 0
32 1
32 2
32 3
32 4
32 5
33 0
33 1
33 2
33 3
33 4
33 5
34 0
34 1
34 2
34 3
34 4
34 5
35 0
35 1
35 2
35 3
35 4
35 5
36 0
36 1
36 2
36 3
36 4
36 5
37 0
37 1
37 2
37 3
37 4
37 5
38 0
38 1
38 2
38 3
38 4
0
Yes
32 48
33 48
32 47
32 49
33 47
33 49
31 48
31 47
31 49
0
Yes
23 4
23 5
24 4
24 5
22 4
22 5
23 3
23 6
24 3
24 6
22 3
22 6
23 2
24 2
0
Yes
44 47
43 47
43 46
44 46
43 45
44 45
45 45
45 46
45 47
42 45
42 46
42 47
45 48
44 48
43 48
42 48
46 47
46 46
46 48
46 45
45 44
44 44
43 44
42 44
46 44
41 47
41 46
41 45
41 48
41 44
44 49
43 49
45 49
46 49
42 49
41 49
47 46
47 47
47 48
47 45
47 49
47 44
44 43
43 43
45 43
46 43
47 43
42 43
41 43
48 47
48 46
48 45
48 48
48 44
48 49
48 43
45 42
46 42
44 42
43 42
47 42
48 42
49 46
49 47
49 45
49 44
49 43
49 42
49 48
49 49
44 41
45 41
46 41
47 41
48 41
43 41
49 41
43 40
44 40
45 40
46 40
0
No
0
No
0
Yes
25 0
25 1
25 2
25 3
25 4
25 5
25 6
25 7
26 0
26 1
26 2
26 3
26 4
26 5
26 6
26 7
27 0
27 1
27 2
27 3
27 4
27 5
27 6
27 7
28 0
28 1
28 2
28 3
28 4
28 5
28 6
28 7
29 0
29 1
29 2
29 3
29 4
29 5
29 6
29 7
30 0
30 1
30 2
30 3
30 4
30 5
30 6
30 7
0
Yes
20 27
20 28
19 28
21 28
21 27
21 29
20 29
19 29
22 29
22 28
22 27
20 30
21 30
19 30
22 30
18 30
18 29
18 28
19 31
20 31
21 31
18 31
22 31
17 28
17 29
17 30
17 31
20 32
19 32
21 32
18 32
22 32
17 32
16 29
16 30
16 31
16 28
16 32
23 32
23 31
23 30
19 33
20 33
21 33
18 33
22 33
17 33
23 33
16 33
15 28
15 29
15 30
15 31
15 32
15 33
15 27
16 27
17 27
20 34
19 34
21 34
18 34
17 34
22 34
16 34
23 34
15 34
14 27
14 28
14 29
14 30
14 31
14 32
14 33
14 34
19 35
20 35
21 35
18 35
17 35
16 35
22 35
15 35
23 35
14 35
13 28
13 29
13 30
13 31
13 32
13 33
13 34
13 27
13 35
14 26
15 26
16 26
13 26
24 35
24 34
24 33
20 36
19 36
21 36
22 36
18 36
17 36
23 36
0
Yes
2 37
1 37
1 36
2 36
1 35
2 35
3 35
3 36
3 37
0 35
0 36
0 37
3 38
2 38
1 38
0 38
4 37
4 36
4 38
4 35
2 39
1 39
3 39
0 39
4 39
5 36
5 37
5 38
5 35
5 39
1 40
2 40
3 40
4 40
0 40
5 40
6 37
6 36
6 38
6 39
0
No
0
No
0
No
0
No
0
Yes
47 9
48 9
47 8
48 8
46 9
49 9
46 8
49 8
45 9
45 8
0
No
0
Yes
2 44
1 44
2 43
2 45
3 44
1 43
1 45
3 43
3 45
0 44
2 42
0 43
0 45
1 42
3 42
0 42
0
Yes
15 20
14 20
14 19
15 19
14 18
15 18
13 18
13 19
13 20
13 21
14 21
15 21
12 20
12 19
12 21
12 18
13 17
14 17
12 17
15 17
15 22
14 22
13 22
12 22
11 19
11 20
11 21
11 18
11 22
11 17
14 23
13 23
12 23
15 23
11 23
11 16
12 16
13 16
10 20
10 19
10 21
10 18
10 22
10 17
10 23
10 16
15 24
14 24
13 24
9 19
9 20
9 21
9 18
9 22
9 17
9 23
9 16
8 20
8 19
8 21
8 18
8 22
8 17
8 23
7 19
7 20
7 21
7 18
7 22
7 17
7 23
16 23
16 24
16 25
15 25
14 25
13 25
17 25
17 24
0
No
0
No
0
Yes
41 18
40 18
40 17
41 17
40 19
41 19
42 17
42 18
42 19
41 20
40 20
42 20
43 18
43 19
43 17
43 20
39 17
39 18
39 19
39 20
42 16
43 16
38 18
38 19
38 17
38 20
44 17
44 18
44 19
44 20
45 18
45 19
45 17
45 20
37 17
37 18
37 19
37 20
44 21
45 21
45 16
36 18
36 19
36 20
46 17
46 18
46 19
46 20
46 16
46 15
45 15
45 14
46 14
47 18
47 17
47 19
47 16
47 15
47 20
47 14
35 19
35 18
35 20
35 17
47 21
34 18
34 19
34 17
34 20
48 17
48 18
48 19
48 16
48 20
48 15
48 21
48 14
34 16
34 21
47 13
48 13
49 18
49 17
49 19
49 16
49 20
49 15
49 14
49 21
49 13
33 17
33 18
33 19
33 20
33 16
33 21
33 15
34 15
33 22
34 22
32 18
32 19
32 20
0
No
0
Yes
32 11
31 11
31 10
31 12
30 12
30 11
30 10
29 11
29 10
29 12
28 12
28 11
28 10
29 9
30 9
31 9
28 9
27 11
27 10
27 9
27 12
31 8
30 8
29 8
28 8
27 8
26 10
26 9
26 8
26 11
30 7
29 7
28 7
27 7
31 7
26 7
32 7
32 8
32 9
33 9
33 8
33 7
32 6
31 6
30 6
29 6
28 6
27 6
26 6
31 5
30 5
29 5
28 5
27 5
32 5
26 5
25 6
25 5
25 7
25 8
32 4
31 4
30 4
29 4
28 4
27 4
26 4
25 4
31 3
30 3
29 3
28 3
27 3
26 3
32 3
25 3
33 3
33 4
33 5
34 5
34 4
34 3
32 2
31 2
30 2
29 2
28 2
27 2
33 2
26 2
34 2
25 2
35 4
35 3
35 5
35 2
31 1
32 1
33 1
30 1
29 1
28 1
27 1
34 1
26 1
35 1
25 1
36 5
36 4
36 3
36 2
36 1
34 9
34 8
32 0
31 0
33 0
30 0
34 0
29 0
28 0
27 0
35 0
26 0
36 0
25 0
37 4
37 3
37 2
37 1
37 0
37 5
38 3
38 2
38 1
38 0
38 4
0
No
0
No
0
Yes
31 30
32 30
31 29
31 31
32 29
32 31
30 30
33 30
30 29
30 31
33 29
33 31
31 28
31 32
32 28
32 32
29 30
30 28
30 32
33 28
33 32
34 30
29 29
29 31
34 29
34 31
31 27
31 33
32 27
32 33
29 28
29 32
34 28
34 32
30 27
30 33
33 27
33 33
28 30
28 29
28 31
29 27
29 33
34 27
34 33
28 28
28 32
31 26
31 34
32 26
32 34
30 26
30 34
33 26
33 34
28 27
28 33
29 26
29 34
34 26
34 34
31 25
32 25
30 25
33 25
28 26
28 34
29 25
34 25
28 25
0
Yes
24 24
24 25
23 25
25 25
25 24
25 23
26 24
26 23
26 25
23 26
24 26
25 26
26 26
24 27
25 27
23 27
26 27
27 23
27 24
27 25
27 26
27 27
28 24
28 23
23 28
24 28
25 28
26 28
27 28
28 22
24 29
25 29
26 29
23 29
27 29
29 23
29 24
29 22
29 21
28 21
27 21
27 20
28 20
29 20
30 24
30 23
30 22
30 21
30 20
25 30
24 30
26 30
27 30
24 31
25 31
26 31
27 31
29 19
30 19
31 23
31 22
31 21
31 20
31 24
31 19
32 24
32 23
32 22
32 21
25 32
26 32
24 32
27 32
0
No
0
Yes
27 39
26 39
26 38
27 38
26 37
27 37
25 37
25 38
25 39
24 39
24 38
24 37
25 36
26 36
27 36
24 36
23 38
23 37
23 39
23 36
28 36
28 37
28 38
27 35
26 35
25 35
24 35
23 35
28 35
22 39
22 38
22 37
22 36
22 35
26 34
25 34
24 34
27 34
23 34
22 34
21 38
21 37
21 36
21 35
21 39
21 34
27 33
26 33
25 33
24 33
23 33
22 33
21 33
20 39
20 38
20 37
20 36
0
Yes
16 31
15 31
15 30
16 30
15 29
16 29
17 29
17 30
17 31
14 29
14 30
14 31
17 32
16 32
15 32
14 32
18 31
18 30
18 32
18 29
17 28
16 28
15 28
14 28
18 28
13 31
13 30
13 29
13 32
13 28
16 33
15 33
17 33
14 33
18 33
13 33
19 30
19 31
19 32
19 29
19 33
19 28
16 27
15 27
14 27
13 27
17 27
15 34
16 34
17 34
14 34
18 34
0
Yes
21 28
21 29
22 28
22 29
20 28
20 29
21 27
22 27
20 27
0
No
0
Yes
18 36
17 36
17 35
18 35
17 37
18 37
19 37
19 36
19 35
20 36
20 35
20 37
21 37
21 36
21 35
22 36
22 35
22 37
21 34
20 34
22 34
19 34
21 38
20 38
19 38
22 38
23 37
23 36
23 35
23 34
23 38
22 33
21 33
20 33
23 33
19 39
20 39
21 39
22 39
23 39
24 36
24 35
24 37
24 34
24 38
24 33
24 39
20 32
21 32
22 32
23 32
20 40
21 40
22 40
23 40
19 40
25 35
25 36
25 37
25 34
25 38
25 33
25 39
21 31
22 31
20 31
23 31
21 41
20 41
22 41
23 41
26 36
26 35
26 37
26 34
26 38
26 33
26 39
20 30
21 30
22 30
23 30
27 35
27 36
27 37
27 38
27 34
27 33
27 39
28 36
28 35
28 37
28 38
0
Yes
0 35
0 36
0 37
0 38
0 39
0 40
0 41
1 35
1 36
1 37
1 38
1 39
1 40
1 41
2 35
2 36
2 37
2 38
2 39
2 40
2 41
3 35
3 36
3 37
3 38
3 39
3 40
3 41
4 35
4 36
4 37
4 38
4 39
4 40
4 41
5 35
5 36
5 37
5 38
5 39
5 40
5 41
6 35
6 36
6 37
0
No
0
No
0
No
0
No
0
No
0
Yes
0 38
0 37
1 37
1 38
2 37
2 38
2 39
1 39
0 39
2 36
1 36
0 36
0 40
1 40
2 40
3 39
3 38
3 37
3 36
3 40
0 35
1 35
2 35
3 35
1 41
2 41
3 41
0 41
4 38
4 37
4 39
4 36
4 40
4 35
4 41
5 37
5 38
5 39
5 36
5 40
0
Yes
0 13
0 14
0 15
0 16
0 17
0 18
0 19
0 20
0 21
0 22
0 23
1 13
1 14
1 15
1 16
1 17
1 18
1 19
1 20
1 21
1 22
1 23
2 13
2 14
2 15
2 16
2 17
2 18
2 19
2 20
2 21
2 22
2 23
3 13
3 14
3 15
3 16
3 17
3 18
3 19
3 20
3 21
3 22
3 23
4 13
4 14
4 15
4 16
4 17
4 18
4 19
4 20
4 21
4 22
4 23
5 13
5 14
5 15
5 16
5 17
5 18
5 19
5 20
5 21
5 22
5 23
6 13
6 14
6 15
6 16
6 17
6 18
6 19
6 20
0
No
0
No
0
Yes
9 0
9 1
8 1
10 1
10 0
10 2
9 2
8 2
11 2
11 1
11 0
9 3
10 3
8 3
11 3
12 0
12 1
12 2
12 3
7 3
7 2
7 1
8 4
9 4
10 4
11 4
7 4
12 4
13 1
13 2
13 3
13 0
13 4
9 5
10 5
11 5
8 5
12 5
7 5
13 5
14 0
14 1
14 2
14 3
14 4
14 5
8 6
9 6
10 6
11 6
12 6
13 6
7 6
14 6
15 1
15 2
15 3
15 4
15 5
15 0
15 6
9 7
8 7
10 7
7 7
8 8
9 8
10 8
7 8
6 8
6 7
6 6
9 9
8 9
7 9
10 9
6 9
5 9
5 8
5 7
8 10
7 10
9 10
6 10
10 10
5 10
9 11
8 11
7 11
6 11
10 11
5 11
4 10
4 9
4 8
4 11
8 12
7 12
6 12
9 12
5 12
10 12
4 12
3 8
3 9
3 10
3 11
3 12
9 13
8 13
7 13
10 13
2 9
2 10
2 11
2 8
2 12
8 14
10 14
7 14
9 14
0
No
0
Yes
8 16
7 16
7 15
8 15
6 15
6 16
5 15
5 16
4 15
4 16
4 17
5 17
6 17
4 14
5 14
6 14
3 17
3 16
3 15
3 14
6 18
5 18
4 18
3 18
6 13
5 13
4 13
3 13
2 16
2 15
2 17
2 14
2 18
2 13
5 19
4 19
3 19
6 19
2 19
1 15
1 16
1 17
1 14
1 18
1 13
1 19
6 20
5 20
4 20
3 20
2 20
1 20
0 16
0 15
0 17
0 18
0 14
0 19
0 13
0 20
5 21
4 21
3 21
2 21
1 21
6 21
0 21
6 22
5 22
4 22
3 22
2 22
1 22
0 22
5 23
4 23
3 23
2 23
1 23
6 23
0 23
1 12
0
No
0
No
0
Yes
42 2
41 2
42 1
42 3
43 2
41 1
41 3
43 1
43 3
40 2
42 0
44 2
40 1
40 3
41 0
43 0
44 1
44 3
40 0
44 0
39 2
39 1
39 3
39 0
0
No
0
No
0
Yes
47 16
48 16
47 15
47 17
48 15
48 17
46 16
49 16
46 15
46 17
49 15
49 17
47 14
48 14
45 16
46 14
49 14
45 15
45 17
45 14
0
Yes
30 27
29 27
30 26
30 28
31 27
29 26
29 28
31 26
31 28
28 27
30 25
28 26
28 28
29 25
31 25
28 25
0
Yes
22 32
21 32
22 31
22 33
23 32
21 31
21 33
23 31
23 33
20 32
22 30
20 31
20 33
21 30
23 30
20 30
0
Yes
44 37
43 37
43 36
44 36
43 38
44 38
45 36
45 37
45 38
44 35
43 35
45 35
44 39
43 39
45 39
46 37
46 36
46 38
46 35
46 39
45 34
44 34
46 34
47 36
47 37
47 38
47 35
47 39
47 34
44 33
45 33
46 33
47 33
48 37
48 36
48 38
48 35
48 34
48 39
48 33
47 40
48 40
45 32
46 32
47 32
44 32
48 32
49 36
49 37
49 38
49 35
49 39
49 34
49 33
49 40
49 32
44 31
45 31
46 31
47 31
48 31
49 31
45 30
46 30
47 30
0
Yes
20 3
20 4
21 3
21 4
19 3
19 4
20 2
20 5
21 2
21 5
22 3
22 4
19 2
19 5
22 2
22 5
18 3
18 4
20 1
20 6
21 1
21 6
23 3
23 4
18 2
18 5
19 1
19 6
22 1
22 6
23 2
23 5
17 3
17 4
18 1
18 6
20 0
21 0
23 1
23 6
24 3
24 4
17 2
17 5
19 0
22 0
24 2
24 5
17 1
17 6
18 0
23 0
24 1
24 6
16 3
16 4
16 2
16 5
17 0
24 0
16 1
16 6
0
Yes
4 42
4 43
5 43
5 42
6 43
6 42
6 44
5 44
4 44
4 45
5 45
6 45
7 44
7 43
7 45
7 42
5 46
6 46
4 46
7 46
8 45
8 44
8 43
8 46
4 47
5 47
6 47
7 47
8 47
9 43
9 44
9 45
9 46
9 47
5 48
6 48
7 48
8 48
4 48
9 48
4 49
5 49
6 49
7 49
8 49
0
Yes
21 40
22 40
21 39
21 41
22 39
22 41
20 40
23 40
20 39
20 41
23 39
23 41
21 38
22 38
19 40
20 38
23 38
19 39
19 38
0
Yes
33 27
33 28
34 27
34 28
32 27
32 28
33 26
33 29
34 26
34 29
32 26
32 29
33 25
34 25
32 25
0
Yes
14 16
14 15
13 15
15 15
15 16
15 14
14 14
13 14
16 14
16 15
16 16
14 13
15 13
13 13
16 13
17 16
17 15
17 14
17 13
12 13
12 14
12 15
13 12
14 12
15 12
16 12
12 12
17 12
18 15
18 14
18 13
18 16
18 12
11 15
11 14
11 13
11 12
14 11
13 11
15 11
16 11
12 11
17 11
11 11
18 11
19 16
19 15
19 14
19 13
19 12
19 11
13 10
14 10
15 10
16 10
17 10
12 10
18 10
11 10
19 10
20 15
20 14
20 13
20 12
20 11
20 16
20 10
14 9
13 9
15 9
16 9
17 9
18 9
12 9
19 9
11 9
20 9
21 14
21 13
21 12
21 11
21 10
21 9
21 15
20 17
19 17
18 17
13 8
14 8
15 8
16 8
17 8
18 8
19 8
12 8
20 8
11 8
21 8
22 13
22 12
22 11
22 10
22 9
22 8
14 7
13 7
15 7
16 7
17 7
18 7
19 7
20 7
21 7
22 7
12 7
11 7
23 12
23 11
23 10
23 9
23 8
23 7
23 13
24 11
24 10
24 9
24 8
0
No
0
No
0
Yes
30 15
30 16
29 15
29 16
31 15
31 16
30 14
29 14
31 14
28 15
28 16
32 15
32 16
28 14
32 14
27 15
27 16
27 14
0
Yes
38 0
37 0
37 1
38 1
37 2
38 2
36 2
36 1
36 0
35 0
35 1
35 2
36 3
37 3
38 3
35 3
34 1
34 2
34 0
34 3
38 4
37 4
36 4
35 4
34 4
33 0
33 1
33 2
33 3
33 4
37 5
36 5
35 5
34 5
33 5
32 1
32 2
32 3
32 4
32 0
32 5
31 0
31 1
0
No
0
Yes
30 18
29 18
30 17
31 18
29 17
31 17
28 18
28 17
0
Yes
6 33
5 33
5 32
6 32
5 31
6 31
7 31
7 32
7 33
4 31
4 32
4 33
7 34
6 34
5 34
4 34
8 33
8 32
8 34
8 31
7 30
6 30
5 30
4 30
8 30
3 33
3 32
3 31
3 34
3 30
6 35
5 35
4 35
3 35
7 35
8 35
9 32
9 33
9 34
9 31
9 30
6 29
5 29
7 29
4 29
8 29
3 29
9 29
2 32
2 33
2 31
2 34
2 30
2 35
2 29
5 36
4 36
6 36
3 36
2 36
10 33
10 32
10 31
10 30
10 34
10 29
5 28
6 28
7 28
4 28
8 28
3 28
9 28
2 28
10 28
1 33
1 32
1 34
1 31
1 30
1 35
1 29
1 36
1 28
6 37
5 37
4 37
3 37
2 37
1 37
11 32
11 31
11 30
11 33
11 29
11 34
11 28
6 27
5 27
7 27
4 27
8 27
3 27
9 27
2 27
10 27
1 27
11 27
0 32
0 33
0 34
0 31
0 35
0 30
0 29
0 36
0 28
0 37
0 27
5 38
4 38
3 38
2 38
1 38
6 38
0 38
0
No
0
No
0
Yes
11 11
11 10
12 10
12 11
13 10
13 11
13 12
12 12
11 12
13 9
12 9
11 9
11 13
12 13
13 13
14 12
14 11
14 10
14 9
14 13
11 8
12 8
13 8
14 8
12 14
13 14
11 14
14 14
15 11
15 10
15 12
15 9
15 13
15 8
15 14
12 7
13 7
14 7
15 7
11 7
11 15
12 15
13 15
14 15
15 15
16 10
16 11
16 12
16 9
16 13
16 8
16 14
16 7
16 15
16 16
15 16
14 16
13 16
12 16
11 16
17 11
17 10
17 12
17 9
17 13
17 14
17 8
17 15
17 7
17 16
18 10
18 11
18 12
18 9
18 13
18 14
18 8
18 15
18 7
18 16
19 11
19 10
19 12
19 9
19 13
19 14
19 8
19 15
19 7
19 16
20 10
20 11
20 12
20 9
20 13
20 14
20 8
20 15
20 7
20 16
21 11
21 10
21 12
21 9
21 13
21 8
21 7
21 14
21 15
20 17
19 17
18 17
22 10
22 11
22 9
22 12
22 13
22 8
22 7
23 11
23 10
23 9
23 12
23 8
23 7
23 13
0
Yes
31 25
30 25
30 26
31 26
30 27
31 27
32 27
32 26
32 25
29 27
29 26
29 25
33 25
33 26
33 27
32 28
31 28
30 28
29 28
33 28
28 25
28 26
28 27
28 28
34 26
34 27
34 25
34 28
31 29
30 29
32 29
29 29
33 29
28 29
34 29
30 30
31 30
32 30
29 30
33 30
28 30
34 30
31 31
30 31
0
No
0
Yes
42 5
42 6
43 5
43 6
41 5
41 6
42 4
43 4
41 4
0
No
0
Yes
0 43
0 44
0 45
0 46
0 47
0 48
0 49
1 43
1 44
1 45
1 46
1 47
1 48
1 49
2 43
2 44
2 45
2 46
2 47
2 48
2 49
3 43
3 44
3 45
3 46
3 47
3 48
3 49
4 43
4 44
4 45
4 46
4 47
4 48
4 49
5 43
5 44
5 45
5 46
5 47
5 48
5 49
6 43
6 44
6 45
6 46
6 47
6 48
6 49
7 43
7 44
7 45
7 46
7 47
7 48
7 49
8 43
8 44
8 45
8 46
8 47
8 48
8 49
9 43
9 44
9 45
9 46
9 47
0
Yes
2 18
1 18
1 17
2 17
1 16
2 16
3 16
3 17
3 18
0 16
0 17
0 18
3 19
2 19
1 19
0 19
4 18
4 17
4 19
4 16
3 15
2 15
1 15
0 15
4 15
2 20
1 20
3 20
0 20
4 20
5 17
5 18
5 19
5 16
5 20
5 15
2 14
3 14
1 14
4 14
0 14
5 14
1 21
2 21
3 21
4 21
0 21
5 21
6 18
6 17
6 19
6 16
6 20
6 15
6 21
6 14
1 13
2 13
3 13
4 13
0 13
5 13
6 13
2 22
3 22
4 22
1 22
5 22
0 22
6 22
7 17
7 18
7 19
7 20
7 16
7 15
7 21
7 22
1 23
2 23
3 23
4 23
5 23
6 23
0 23
7 23
8 18
8 17
8 19
8 20
8 21
8 16
8 22
8 15
8 23
2 24
3 24
4 24
5 24
6 24
1 24
7 24
0 24
8 24
9 17
9 18
9 19
9 20
9 21
9 22
9 16
9 23
9 15
9 24
0
Yes
2 41
1 41
2 40
2 42
3 41
1 40
1 42
3 40
3 42
0 41
2 39
0 40
0 42
1 39
3 39
0 39
0
Yes
0 26
0 25
1 25
1 26
2 26
2 25
3 25
3 26
4 26
4 25
5 25
5 26
6 26
6 25
7 25
7 26
8 26
8 25
9 25
9 26
10 26
10 25
10 24
11 25
11 26
11 24
11 23
10 23
10 22
11 22
12 26
12 25
12 24
12 23
12 22
12 27
11 21
10 21
12 21
10 20
11 20
12 20
11 19
10 19
12 19
10 18
11 18
12 18
13 25
13 26
13 24
13 23
13 22
13 21
13 20
13 19
13 18
14 26
14 25
14 24
14 23
14 22
14 21
14 20
14 19
14 18
11 17
12 17
13 17
10 17
14 17
10 16
15 25
15 24
15 23
15 22
15 21
15 20
15 19
15 18
15 26
15 17
16 26
16 25
16 24
16 23
17 25
17 24
17 23
17 22
18 24
18 23
16 17
12 28
12 29
12 30
12 31
12 32
12 33
12 34
13 34
13 35
12 35
11 35
14 35
14 36
13 36
13 37
10 35
10 15
15 35
16 35
17 35
17 36
18 36
18 35
19 35
19 36
19 34
18 37
0
No
0
No
0
No
0
No
0
No
0
No
0
Yes
18 19
18 20
19 19
19 20
0
Yes
41 44
41 45
41 46
41 47
41 48
41 49
42 44
42 45
42 46
42 47
42 48
42 49
43 44
43 45
43 46
43 47
43 48
43 49
44 44
44 45
44 46
44 47
44 48
44 49
45 44
45 45
45 46
45 47
45 48
45 49
46 44
46 45
46 46
46 47
46 48
46 49
47 44
47 45
47 46
47 47
47 48
47 49
48 44
48 45
48 46
48 47
48 48
48 49
49 44
49 45
49 46
49 47
49 48
49 49
0
No
0
Yes
2 29
1 29
1 28
2 28
1 27
2 27
3 27
3 28
3 29
0 27
0 28
0 29
3 30
2 30
1 30
0 30
4 29
4 28
4 30
4 27
2 31
1 31
3 31
0 31
4 31
5 28
5 29
5 30
5 27
5 31
1 32
2 32
3 32
4 32
0 32
5 32
6 29
6 30
6 28
6 31
6 27
6 32
2 33
3 33
4 33
1 33
5 33
0 33
6 33
7 28
7 29
7 30
7 31
7 32
7 27
7 33
1 34
2 34
3 34
4 34
5 34
6 34
0 34
7 34
8 29
8 30
8 31
8 32
8 28
8 33
8 27
8 34
2 35
3 35
4 35
5 35
6 35
1 35
0 35
7 35
8 35
9 28
9 29
9 30
9 31
9 32
9 33
9 34
9 27
1 36
2 36
3 36
4 36
5 36
6 36
0 36
10 29
10 30
10 31
10 32
10 28
10 33
10 27
10 34
2 37
3 37
4 37
1 37
5 37
0 37
6 37
0
No
0
No
0
Yes
30 48
31 48
31 47
31 49
32 49
32 48
32 47
33 48
33 47
33 49
0
No
0
No
0
Yes
47 42
47 43
46 42
46 43
48 42
48 43
47 41
46 41
48 41
45 42
45 43
49 42
49 43
45 41
49 41
44 42
44 43
0
Yes
30 33
30 34
30 35
30 36
30 37
30 38
30 39
30 40
30 41
30 42
31 33
31 34
31 35
31 36
31 37
31 38
31 39
31 40
31 41
31 42
32 33
32 34
32 35
32 36
32 37
32 38
32 39
32 40
32 41
32 42
33 33
33 34
33 35
33 36
33 37
33 38
33 39
33 40
33 41
33 42
34 33
34 34
34 35
34 36
34 37
34 38
34 39
34 40
34 41
34 42
35 33
35 34
35 35
35 36
35 37
35 38
35 39
35 40
35 41
35 42
36 33
36 34
36 35
36 36
36 37
36 38
36 39
36 40
36 41
36 42
37 33
37 34
37 35
37 36
37 37
37 38
37 39
37 40
37 41
37 42
38 33
38 34
38 35
38 36
38 37
38 38
38 39
38 40
38 41
38 42
39 33
39 34
39 35
39 36
39 37
39 38
39 39
39 40
39 41
39 42
40 33
40 34
40 35
40 36
40 37
40 38
40 39
40 40
40 41
40 42
41 33
41 34
41 35
41 36
41 37
41 38
41 39
41 40
41 41
41 42
42 33
42 34
42 35
42 36
42 37
42 38
42 39
42 40
42 41
42 42
0
Yes
47 2
47 3
48 2
48 3
46 2
46 3
47 1
47 4
48 1
48 4
49 2
49 3
46 1
46 4
49 1
49 4
45 2
45 3
47 0
48 0
45 1
45 4
46 0
49 0
45 0
0
No
0
Yes
13 47
13 48
12 47
12 48
14 47
14 48
13 46
13 49
12 46
12 49
14 46
14 49
11 47
11 48
15 47
15 48
11 46
11 49
13 45
15 46
15 49
12 45
14 45
10 47
10 48
11 45
15 45
10 46
10 49
10 45
0
No
0
Yes
43 39
43 38
44 38
44 39
44 40
43 40
43 41
44 41
45 39
45 40
45 38
45 41
44 37
43 37
45 37
43 36
44 36
45 36
44 42
43 42
45 42
46 38
46 39
46 40
46 37
46 41
46 36
46 42
43 43
44 43
45 43
46 43
47 39
47 38
47 40
47 37
47 41
47 42
47 36
47 43
42 43
44 35
45 35
46 35
43 35
47 35
43 34
44 34
45 34
46 34
47 34
48 38
48 39
48 40
48 37
48 41
48 36
48 42
48 35
48 43
48 34
49 39
49 38
49 40
49 37
49 41
49 36
49 42
49 35
49 43
49 34
44 33
45 33
46 33
47 33
48 33
43 33
49 33
0
Yes
48 12
48 13
49 12
49 13
47 12
47 13
48 11
49 11
47 11
0
No
0
No
0
Yes
27 7
26 7
26 6
27 6
26 5
27 5
28 5
28 6
28 7
25 5
25 6
25 7
28 8
27 8
26 8
25 8
29 7
29 6
29 8
29 5
28 4
27 4
26 4
25 4
29 4
27 9
26 9
28 9
25 9
29 9
30 6
30 7
30 8
30 5
30 9
30 4
27 3
28 3
26 3
29 3
25 3
30 3
26 10
27 10
28 10
29 10
25 10
30 10
24 9
24 8
24 7
24 10
31 7
31 6
31 8
31 5
31 9
31 4
31 10
31 3
26 2
27 2
28 2
29 2
30 2
25 2
31 2
27 11
26 11
28 11
29 11
25 11
30 11
24 11
31 11
0
No
0
Yes
19 10
19 11
20 10
20 11
18 10
18 11
19 9
19 12
20 9
20 12
21 10
21 11
18 9
18 12
21 9
21 12
17 10
17 11
19 8
19 13
20 8
20 13
22 10
22 11
17 9
17 12
18 8
18 13
21 8
21 13
22 9
22 12
16 10
16 11
17 8
17 13
19 7
20 7
22 8
22 13
23 10
23 11
16 9
16 12
18 7
21 7
23 9
23 12
16 8
16 13
17 7
22 7
23 8
23 13
15 10
15 11
15 9
15 12
16 7
23 7
15 8
15 13
0
Yes
25 34
25 35
24 34
24 35
26 34
26 35
25 33
25 36
24 33
24 36
26 33
26 36
23 34
23 35
27 34
27 35
23 33
23 36
25 32
25 37
27 33
27 36
24 32
24 37
26 32
26 37
22 34
22 35
28 34
28 35
23 32
23 37
27 32
27 37
22 33
22 36
28 33
28 36
25 31
24 31
26 31
22 32
22 37
28 32
28 37
21 34
21 35
23 31
27 31
29 34
29 35
21 33
21 36
29 33
29 36
22 31
28 31
21 32
21 37
29 32
29 37
20 34
20 35
20 33
20 36
21 31
29 31
20 32
0
Yes
23 25
23 26
24 26
24 25
25 26
25 25
25 27
24 27
23 27
23 28
24 28
25 28
26 27
26 26
26 25
26 28
24 29
25 29
23 29
26 29
26 24
25 24
24 24
27 25
27 26
27 27
27 28
27 24
27 29
23 30
24 30
25 30
26 30
27 30
27 23
26 23
25 23
28 24
28 25
28 26
28 27
28 28
28 29
28 23
28 30
29 25
29 26
29 27
29 28
29 24
29 29
29 23
29 30
30 24
30 25
30 26
30 27
30 28
0
No
0
No
0
Yes
5 22
4 22
5 21
5 23
6 22
4 21
4 23
6 21
6 23
3 22
5 20
5 24
7 22
3 21
3 23
4 20
4 24
6 20
6 24
7 21
7 23
3 20
3 24
7 20
7 24
2 22
5 19
8 22
2 21
2 23
4 19
6 19
8 21
8 23
2 20
2 24
3 19
7 19
8 20
8 24
1 22
9 22
1 21
1 23
9 21
9 23
2 19
8 19
1 20
1 24
9 20
9 24
0 22
1 19
9 19
0 21
0 23
0 20
0 24
0 19
0
No
0
No
0
No
0
Yes
3 18
2 18
2 17
3 17
2 16
3 16
4 16
4 17
4 18
1 16
1 17
1 18
5 18
5 17
5 16
4 15
3 15
2 15
1 15
5 15
0 18
0 17
0 16
0 15
6 17
6 16
6 18
6 15
3 14
2 14
4 14
1 14
5 14
0 14
6 14
7 14
7 15
7 16
7 17
7 18
2 13
3 13
4 13
5 13
1 13
6 13
0 13
7 13
8 13
8 14
8 15
8 16
8 17
8 18
3 12
2 12
4 12
5 12
6 12
1 12
7 12
0 12
8 12
9 12
9 13
9 14
9 15
9 16
0
Yes
47 22
47 21
48 21
48 20
47 20
48 19
47 19
49 19
49 20
49 21
49 18
48 18
47 18
0
Yes
0 8
0 7
1 7
1 8
1 9
0 9
1 10
0 10
2 10
2 9
2 8
2 11
1 11
0 11
3 8
3 9
3 10
3 11
4 9
4 10
4 8
4 11
5 8
5 9
5 10
5 11
1
647
0 38
0 39
0 40
0 41
0 42
1 38
1 39
1 40
1 41
1 42
2 38
2 39
2 40
2 41
2 42
3 38
3 39
3 40
3 41
Yes
23 28
23 29
23 30
23 31
23 32
23 33
23 34
23 35
23 36
23 37
23 38
24 28
24 29
24 30
24 31
24 32
24 33
24 34
24 35
24 36
24 37
24 38
25 28
25 29
25 30
25 31
25 32
25 33
25 34
25 35
25 36
25 37
25 38
26 28
26 29
26 30
26 31
26 32
26 33
26 34
26 35
26 36
26 37
26 38
27 28
27 29
27 30
27 31
27 32
27 33
27 34
27 35
27 36
27 37
27 38
28 28
28 29
28 30
28 31
28 32
28 33
28 34
28 35
28 36
28 37
28 38
29 28
29 29
29 30
29 31
29 32
29 33
29 34
29 35
29 36
29 37
29 38
30 28
30 29
30 30
30 31
30 32
30 33
30 34
30 35
30 36
30 37
30 38
31 28
31 29
31 30
31 31
31 32
31 33
31 34
31 35
31 36
31 37
31 38
32 28
32 29
32 30
32 31
32 32
32 33
32 34
32 35
32 36
32 37
32 38
33 28
33 29
33 30
33 31
33 32
33 33
33 34
33 35
33 36
33 37
33 38
34 28
34 29
34 30
34 31
34 32
34 33
34 34
0
Yes
33 41
33 42
32 41
32 42
34 41
34 42
33 40
33 43
32 40
32 43
34 40
34 43
31 41
31 42
35 41
35 42
31 40
31 43
33 39
35 40
35 43
32 39
34 39
30 41
30 42
36 41
36 42
31 39
35 39
30 40
30 43
36 40
36 43
30 39
36 39
29 41
29 40
29 39
0
Yes
14 2
13 2
13 1
14 1
13 0
14 0
15 0
15 1
15 2
12 0
12 1
12 2
15 3
14 3
13 3
12 3
11 2
11 1
11 3
11 0
14 4
13 4
12 4
15 4
11 4
10 1
10 2
10 3
10 0
10 4
13 5
12 5
14 5
11 5
15 5
10 5
9 2
9 3
9 1
9 4
9 5
9 0
14 6
13 6
12 6
11 6
10 6
15 6
9 6
8 1
8 2
8 3
8 4
8 5
8 6
13 7
12 7
11 7
10 7
14 7
9 7
8 7
15 7
7 2
7 3
7 4
7 5
7 6
7 7
7 1
14 8
13 8
12 8
11 8
10 8
9 8
8 8
7 8
6 6
6 7
6 8
13 9
12 9
11 9
10 9
9 9
8 9
7 9
14 9
6 9
14 10
13 10
12 10
11 10
10 10
9 10
8 10
7 10
6 10
13 11
12 11
11 11
10 11
9 11
8 11
14 11
7 11
6 11
14 12
13 12
12 12
0
No
0
No
0
No
0
Yes
36 30
36 31
36 32
36 33
36 34
36 35
36 36
36 37
36 38
37 30
37 31
37 32
37 33
37 34
37 35
37 36
37 37
37 38
38 30
38 31
38 32
38 33
38 34
38 35
38 36
38 37
38 38
39 30
39 31
39 32
39 33
39 34
39 35
39 36
39 37
39 38
40 30
40 31
40 32
40 33
40 34
40 35
40 36
40 37
40 38
41 30
41 31
41 32
41 33
41 34
41 35
41 36
41 37
41 38
42 30
42 31
42 32
42 33
42 34
42 35
42 36
42 37
42 38
0
Yes
42 2
41 2
42 1
42 3
43 2
41 1
41 3
43 1
43 3
40 2
42 0
44 2
40 1
40 3
41 0
43 0
44 1
44 3
40 0
44 0
39 2
39 1
39 3
39 0
0
Yes
37 26
36 26
36 25
37 25
36 24
37 24
38 24
38 25
38 26
35 24
35 25
35 26
38 27
37 27
36 27
35 27
39 26
39 25
39 27
39 24
38 23
37 23
36 23
35 23
39 23
34 26
34 25
34 24
34 27
34 23
37 28
36 28
38 28
35 28
39 28
40 25
40 26
40 27
40 24
40 28
40 23
37 22
36 22
38 22
35 22
39 22
34 22
40 22
33 25
33 24
33 26
33 23
33 27
33 22
36 29
37 29
38 29
39 29
40 29
35 29
41 26
41 25
41 27
41 24
41 28
41 23
41 29
41 22
36 21
37 21
38 21
35 21
39 21
34 21
40 21
33 21
41 21
32 26
32 25
32 24
32 23
32 22
32 27
32 21
42 25
42 26
42 27
42 24
42 23
42 28
42 22
42 29
42 21
37 20
36 20
38 20
35 20
39 20
34 20
40 20
33 20
41 20
32 20
42 20
31 25
31 24
31 23
31 22
31 26
31 21
31 27
31 20
43 26
43 25
43 27
43 24
43 23
43 22
43 28
43 21
43 20
43 29
36 19
37 19
38 19
35 19
39 19
34 19
40 19
33 19
41 19
32 19
42 19
31 19
43 19
0
Yes
18 48
18 49
19 48
19 49
17 48
17 49
18 47
19 47
20 48
20 49
17 47
20 47
16 48
16 49
16 47
0
Yes
35 37
34 37
35 36
35 38
34 36
34 38
35 35
34 35
0
Yes
34 47
33 47
33 46
34 46
33 45
34 45
35 45
35 46
35 47
35 48
34 48
33 48
36 47
36 46
36 48
36 45
34 49
35 49
33 49
36 49
37 46
37 47
37 48
37 45
37 49
36 44
37 44
35 44
34 44
32 49
32 48
32 47
38 47
38 46
38 48
38 45
38 49
38 44
31 47
31 48
31 49
39 46
39 47
39 48
39 45
39 49
39 44
40 47
40 46
40 48
40 45
40 49
40 44
39 43
38 43
37 43
40 43
41 43
41 44
41 45
41 46
41 47
41 48
41 49
37 42
38 42
39 42
40 42
41 42
38 41
39 41
40 41
37 41
41 41
37 40
38 40
39 40
40 40
41 40
38 39
39 39
40 39
41 39
37 39
42 40
42 41
0
No
0
No
0
Yes
27 25
27 26
26 25
26 26
28 25
28 26
27 24
27 27
26 24
26 27
28 24
28 27
25 25
25 26
29 25
29 26
25 24
25 27
27 23
29 24
29 27
26 23
28 23
24 25
24 26
30 25
30 26
25 23
29 23
24 24
24 27
30 24
30 27
30 23
23 25
23 26
23 27
2
704
11 28
11 29
11 30
11 31
11 32
11 33
11 34
11 35
12 28
12 29
12 30
12 31
12 32
12 33
12 34
12 35
13 28
13 29
13 30
13 31
13 32
13 33
13 34
13 35
14 28
14 29
14 30
14 31
14 32
14 33
14 34
14 35
15 28
15 29
15 30
15 31
15 32
15 33
15 34
15 35
16 28
16 29
16 30
16 31
16 32
16 33
16 34
16 35
17 28
17 29
17 30
17 31
17 32
17 33
17 34
17 35
18 28
18 29
18 30
18 31
18 32
18 33
18 34
18 35
19 28
19 29
19 30
19 31
700
0 15
0 16
0 17
0 18
0 19
0 20
0 21
0 22
0 23
0 24
0 25
0 26
1 15
1 16
1 17
1 18
1 19
1 20
1 21
1 22
1 23
1 24
1 25
1 26
2 15
2 16
2 17
2 18
2 19
2 20
2 21
2 22
2 23
2 24
2 25
2 26
3 15
3 16
3 17
3 18
3 19
3 20
3 21
3 22
3 23
3 24
3 25
3 26
4 15
4 16
4 17
4 18
4 19
4 20
4 21
4 22
4 23
4 24
4 25
4 26
Yes
5 14
5 15
5 16
5 17
5 18
5 19
5 20
5 21
5 22
5 23
5 24
5 25
5 26
6 14
6 15
6 16
6 17
6 18
6 19
6 20
6 21
6 22
6 23
6 24
6 25
6 26
7 14
7 15
7 16
7 17
7 18
7 19
7 20
7 21
7 22
7 23
7 24
7 25
7 26
8 14
8 15
8 16
8 17
8 18
8 19
8 20
8 21
8 22
8 23
8 24
8 25
8 26
9 14
9 15
9 16
9 17
9 18
9 19
9 20
9 21
9 22
9 23
9 24
9 25
9 26
10 14
10 15
10 16
10 17
10 18
10 19
10 20
10 21
10 22
10 23
10 24
10 25
10 26
11 14
11 15
11 16
11 17
11 18
11 19
11 20
11 21
11 22
11 23
11 24
11 25
11 26
12 14
12 15
12 16
12 17
12 18
12 19
12 20
12 21
12 22
12 23
12 24
12 25
12 26
13 14
13 15
13 16
13 17
13 18
13 19
13 20
13 21
13 22
13 23
13 24
13 25
13 26
14 14
14 15
14 16
14 17
14 18
14 19
14 20
14 21
14 22
14 23
14 24
14 25
14 26
15 14
15 15
15 16
15 17
15 18
15 19
15 20
15 21
15 22
15 23
15 24
15 25
15 26
16 14
16 15
16 16
0
No
0
No
0
Yes
46 9
47 9
46 8
47 8
45 9
45 8
0
Yes
2 8
1 8
1 7
1 9
2 9
0 9
0 8
0 7
0 10
1 10
2 10
2 11
1 11
0 11
3 10
3 9
3 8
3 11
1 12
2 12
3 12
0 12
4 8
4 9
4 10
4 11
4 12
2 13
1 13
3 13
0 13
4 13
5 9
5 10
5 11
5 12
5 13
5 8
1 14
2 14
3 14
4 14
0 14
6 12
6 13
7 12
7 13
8 12
8 13
9 12
9 13
10 12
10 13
0 6
1 6
0
No
0
No
0
Yes
18 0
17 0
17 1
18 1
19 1
19 0
18 2
17 2
19 2
20 0
20 1
20 2
16 1
16 0
16 2
17 3
18 3
19 3
16 3
20 3
21 1
21 2
21 0
21 3
18 4
17 4
19 4
20 4
16 4
21 4
22 0
22 1
22 2
22 3
22 4
17 5
18 5
19 5
20 5
21 5
16 5
22 5
23 1
23 2
23 3
23 4
23 0
23 5
18 6
17 6
19 6
20 6
21 6
22 6
16 6
23 6
24 0
24 1
24 2
24 3
24 4
24 5
24 6
25 1
25 0
26 0
26 1
27 1
27 0
28 0
0
Yes
49 8
48 8
48 9
49 9
49 10
48 10
48 11
49 11
47 11
49 12
48 12
47 12
46 12
48 13
47 13
49 13
49 14
48 14
47 14
46 14
48 15
47 15
49 15
46 15
49 16
48 16
47 16
46 16
45 15
45 14
45 16
48 17
47 17
46 17
49 17
45 17
49 18
48 18
47 18
46 18
45 18
44 17
44 18
48 19
47 19
46 19
45 19
49 19
44 19
43 18
43 17
43 16
42 16
42 17
42 18
49 20
48 20
47 20
46 20
45 20
44 20
41 17
41 18
48 21
47 21
49 21
40 18
40 17
40 16
39 17
39 18
45 21
44 21
47 22
38 18
38 17
44 22
37 17
37 18
36 18
40 15
35 18
35 17
34 17
34 18
34 16
33 16
33 17
33 18
33 15
34 15
32 17
32 18
31 18
31 17
30 17
30 18
30 19
29 18
29 17
29 19
28 17
28 18
29 20
30 20
30 21
29 21
27 18
28 20
28 21
29 22
30 22
28 22
30 23
29 23
28 23
27 21
27 20
0
No
0
No
0
Yes
34 8
33 8
33 7
33 9
34 9
32 9
32 8
32 7
32 6
32 5
33 5
33 4
32 4
34 4
34 5
35 4
35 5
35 3
34 3
33 3
32 3
36 3
36 4
36 5
36 2
35 2
34 2
33 2
32 2
37 5
37 4
37 3
37 2
37 1
36 1
35 1
34 1
33 1
32 1
38 4
38 3
38 2
38 1
38 0
37 0
36 0
35 0
34 0
33 0
32 0
31 1
31 0
30 1
30 0
0
No
0
Yes
46 47
46 48
45 47
45 48
47 47
47 48
46 46
46 49
45 46
45 49
47 46
47 49
44 47
44 48
48 47
48 48
44 46
44 49
46 45
48 46
48 49
45 45
47 45
43 47
43 48
49 47
49 48
44 45
48 45
43 46
43 49
49 46
49 49
43 45
49 45
42 47
42 48
42 46
42 49
42 45
0
Yes
25 23
25 24
24 24
26 24
26 23
26 25
25 25
24 25
27 25
27 24
27 23
25 26
26 26
24 26
27 26
24 27
25 27
26 27
27 27
28 26
28 25
28 24
28 27
23 27
23 26
23 25
29 24
29 25
29 26
29 27
30 25
30 26
30 24
0
No
0
No
0
No
0
No
0
No
0
No
0
No
0
No
0
Yes
18 17
18 16
17 16
19 16
19 17
19 15
18 15
17 15
20 15
20 16
20 17
18 14
19 14
20 14
17 14
21 15
21 14
0
No
0
No
0
No
0
No
0
No
0
No
0
Yes
47 40
46 40
46 39
47 39
46 41
47 41
48 39
48 40
48 41
47 38
46 38
48 38
47 42
46 42
48 42
49 40
49 39
49 41
49 38
49 42
45 39
45 40
45 41
45 38
45 42
44 40
44 39
44 41
44 38
44 42
46 37
47 37
48 37
45 37
49 37
44 37
46 43
47 43
48 43
45 43
49 43
44 43
47 36
46 36
48 36
45 36
49 36
44 36
47 44
46 44
48 44
45 44
49 44
44 44
43 39
43 40
43 41
43 38
43 42
43 37
43 43
43 36
43 44
46 35
47 35
48 35
45 35
44 35
49 35
43 35
42 42
42 43
42 44
47 34
46 34
48 34
45 34
44 34
49 34
43 34
46 33
47 33
48 33
45 33
44 33
49 33
43 33
47 32
46 32
48 32
45 32
44 32
49 32
43 32
46 31
47 31
48 31
45 31
44 31
49 31
43 31
47 30
46 30
45 30
44 30
0
No
0
No
0
No
0
No
0
No
0
No
0
No
0
No
0
No
0
No
0
Yes
5 47
4 47
5 46
5 48
6 47
4 46
4 48
6 46
6 48
3 47
5 45
5 49
7 47
3 46
3 48
4 45
4 49
6 45
6 49
7 46
7 48
3 45
3 49
7 45
7 49
2 47
5 44
8 47
2 46
2 48
4 44
6 44
8 46
8 48
2 45
2 49
3 44
7 44
8 45
8 49
1 47
9 47
1 46
1 48
9 46
9 48
2 44
8 44
1 45
1 49
9 45
9 49
0 47
1 44
9 44
0 46
0 48
0 45
0 49
0 44
0
Yes
24 8
24 7
25 7
25 8
26 7
26 8
26 9
25 9
24 9
26 6
25 6
24 6
24 10
25 10
26 10
27 9
27 8
27 7
27 6
27 10
24 5
25 5
26 5
27 5
25 11
26 11
27 11
24 11
28 8
28 7
28 9
28 6
28 10
28 5
28 11
25 4
26 4
27 4
24 4
28 4
29 7
29 8
29 9
29 6
29 10
29 5
29 11
29 4
24 3
25 3
26 3
27 3
28 3
29 3
23 4
23 5
23 6
23 3
29 12
28 12
27 12
30 8
30 7
30 9
30 6
30 10
30 5
30 11
30 4
30 12
30 3
25 2
26 2
27 2
28 2
24 2
29 2
23 2
30 2
22 6
22 5
22 4
22 3
22 2
31 7
31 8
31 9
31 6
31 10
31 5
31 4
31 3
31 2
31 11
31 12
24 1
25 1
26 1
27 1
28 1
29 1
23 1
30 1
22 1
31 1
21 5
21 4
21 3
21 2
21 6
21 1
32 8
32 7
32 6
32 5
32 4
32 3
32 9
32 2
32 1
23 0
24 0
25 0
26 0
27 0
28 0
29 0
30 0
22 0
31 0
21 0
0
Yes
34 35
34 36
35 36
35 35
35 34
36 35
36 34
36 36
35 37
34 37
36 37
36 33
35 33
34 38
35 38
36 38
35 32
36 32
37 34
37 35
37 36
37 33
37 37
37 32
37 38
38 35
38 34
38 36
38 33
38 37
38 32
38 38
36 31
37 31
35 31
38 31
37 39
38 39
35 30
36 30
37 30
38 30
39 34
39 35
39 36
39 33
39 37
39 32
39 38
39 31
39 39
39 30
40 35
40 34
40 36
40 33
40 37
40 32
40 38
40 31
40 39
40 30
38 40
39 40
37 40
40 40
37 41
38 41
39 41
40 41
41 34
41 35
41 36
41 33
41 37
41 32
41 38
41 31
41 39
41 40
41 30
41 41
42 35
42 34
42 36
42 33
42 37
42 32
42 38
42 31
42 39
42 40
42 30
42 41
38 42
39 42
40 42
41 42
37 42
37 43
38 43
39 43
40 43
41 43
38 44
39 44
40 44
37 44
0
Yes
49 8
48 8
48 9
49 9
49 10
48 10
48 11
49 11
47 11
49 12
48 12
47 12
46 12
48 13
47 13
49 13
49 14
48 14
47 14
46 14
48 15
47 15
49 15
46 15
49 16
48 16
47 16
46 16
45 15
45 14
45 16
48 17
47 17
46 17
49 17
45 17
49 18
48 18
47 18
46 18
45 18
44 17
44 18
48 19
47 19
46 19
45 19
49 19
44 19
43 18
43 17
43 16
42 16
42 17
42 18
49 20
48 20
47 20
46 20
45 20
44 20
41 17
41 18
48 21
47 21
49 21
40 18
40 17
40 16
39 17
39 18
45 21
44 21
47 22
38 18
38 17
44 22
37 17
37 18
36 18
40 15
35 18
35 17
34 17
34 18
34 16
33 16
33 17
33 18
33 15
34 15
32 15
32 16
32 17
32 18
32 14
31 14
31 15
31 16
31 17
31 18
30 15
30 16
30 17
30 14
30 18
29 14
29 15
29 16
29 17
29 18
29 13
28 13
28 14
28 15
28 16
28 17
28 18
30 19
29 19
27 14
27 15
27 16
29 20
30 20
30 21
29 21
27 18
0
No
0
Yes
17 24
17 25
18 24
16 24
16 25
17 23
18 23
16 23
0
Yes
41 44
41 45
40 45
40 46
41 46
40 47
41 47
39 47
39 46
39 45
39 48
40 48
41 48
38 45
38 46
38 47
38 48
41 49
40 49
39 49
38 49
37 46
37 47
37 48
37 45
37 49
36 45
36 46
36 47
36 48
36 49
35 46
35 47
35 48
35 45
35 49
34 45
34 46
34 47
34 48
34 49
34 44
35 44
36 44
36 43
35 43
34 43
33 46
33 47
33 48
33 49
33 45
35 42
36 42
34 42
0
No
0
No
0
Yes
18 4
18 5
19 4
19 5
17 4
17 5
18 3
18 6
19 3
19 6
20 4
20 5
17 3
17 6
20 3
20 6
16 4
16 5
18 2
19 2
16 3
16 6
17 2
20 2
16 2
0
Yes
15 32
16 32
15 31
15 33
16 31
16 33
14 32
17 32
14 31
14 33
17 31
17 33
15 30
15 34
16 30
16 34
13 32
14 30
14 34
17 30
17 34
18 32
13 31
13 33
18 31
18 33
15 29
15 35
16 29
16 35
13 30
13 34
18 30
18 34
14 29
14 35
17 29
17 35
12 32
19 32
12 31
12 33
19 31
19 33
13 29
13 35
18 29
18 35
12 30
12 34
15 28
16 28
19 30
19 34
14 28
17 28
11 32
11 31
11 33
12 29
12 35
19 29
19 35
13 28
18 28
11 30
11 34
12 28
19 28
11 29
11 35
11 28
0
No
0
Yes
19 1
18 1
19 0
20 1
18 0
20 0
17 1
17 0
0
No
0
No
0
No
0
No
0
Yes
0 8
0 9
0 10
0 11
0 12
0 13
0 14
0 15
0 16
0 17
0 18
0 19
0 20
0 21
0 22
0 23
0 24
0 25
0 26
1 8
1 9
1 10
1 11
1 12
1 13
1 14
1 15
1 16
1 17
1 18
1 19
1 20
1 21
1 22
1 23
1 24
1 25
1 26
2 8
2 9
2 10
2 11
2 12
2 13
2 14
2 15
2 16
2 17
2 18
2 19
2 20
2 21
2 22
2 23
2 24
2 25
2 26
3 8
3 9
3 10
3 11
3 12
3 13
3 14
3 15
3 16
3 17
3 18
3 19
3 20
3 21
3 22
3 23
3 24
3 25
3 26
4 8
4 9
4 10
4 11
4 12
4 13
4 14
4 15
4 16
4 17
4 18
4 19
4 20
4 21
4 22
4 23
4 24
4 25
4 26
0
No
0
Yes
19 16
18 16
19 15
19 17
20 16
18 15
18 17
20 15
20 17
17 16
19 14
17 15
18 14
20 14
17 14
0
No
0
Yes
37 0
36 0
36 1
37 1
36 2
37 2
38 2
38 1
38 0
35 2
35 1
35 0
39 0
39 1
39 2
38 3
37 3
36 3
35 3
39 3
34 0
34 1
34 2
34 3
40 1
40 2
40 0
40 3
37 4
36 4
35 4
34 4
38 4
33 1
33 2
33 3
33 4
33 0
36 5
35 5
37 5
34 5
33 5
40 4
0
No
0
No
0
No
0
No
0
Yes
37 23
37 24
38 23
38 24
36 23
36 24
37 22
37 25
38 22
38 25
39 23
39 24
36 22
36 25
39 22
39 25
35 23
35 24
37 21
37 26
38 21
38 26
40 23
40 24
35 22
35 25
36 21
36 26
39 21
39 26
40 22
40 25
34 23
34 24
35 21
35 26
37 20
37 27
38 20
38 27
40 21
40 26
41 23
41 24
34 22
34 25
36 20
36 27
39 20
39 27
41 22
41 25
34 21
34 26
35 20
35 27
40 20
40 27
41 21
41 26
33 23
33 24
37 19
38 19
42 23
42 24
33 22
33 25
36 19
39 19
42 22
42 25
34 20
34 27
41 20
41 27
33 21
33 26
35 19
40 19
42 21
42 26
32 23
32 24
43 23
43 24
32 22
32 25
33 20
33 27
34 19
41 19
42 20
42 27
43 22
43 25
32 21
32 26
43 21
43 26
33 19
42 19
31 23
31 24
32 20
32 27
43 20
43 27
31 22
31 25
31 21
31 26
32 19
43 19
0
No
0
No
0
Yes
17 27
16 27
16 28
17 28
16 29
17 29
15 29
15 28
15 27
14 27
14 28
14 29
15 30
16 30
17 30
14 30
13 28
13 29
13 27
13 30
18 30
18 29
18 28
17 31
16 31
15 31
14 31
18 31
13 31
12 27
12 28
12 29
12 30
12 31
19 28
19 29
19 30
19 31
16 32
17 32
15 32
14 32
18 32
13 32
19 32
12 32
11 28
11 29
11 30
11 31
11 32
11 27
20 30
20 31
20 32
17 33
16 33
18 33
15 33
14 33
13 33
19 33
12 33
20 33
11 33
21 33
21 32
21 31
21 30
16 34
17 34
18 34
15 34
19 34
14 34
13 34
20 34
12 34
21 34
11 34
22 34
22 33
22 32
22 31
22 30
17 35
16 35
18 35
15 35
19 35
14 35
20 35
13 35
21 35
12 35
22 35
11 35
18 36
19 36
20 36
17 36
21 36
22 36
14 36
13 36
17 37
18 37
19 37
20 37
21 37
22 37
0
Yes
49 4
48 4
48 3
49 3
48 2
49 2
47 2
47 3
47 4
46 4
46 3
46 2
47 1
48 1
49 1
46 1
45 3
45 2
45 4
45 1
49 0
48 0
47 0
46 0
45 0
44 4
44 3
44 2
44 1
44 0
43 3
0
No
0
No
0
No
0
No
0
No
0
No
0
Yes
46 45
46 46
46 47
46 48
46 49
47 45
47 46
47 47
47 48
47 49
48 45
48 46
48 47
48 48
48 49
49 45
49 46
49 47
49 48
49 49
0
No
0
No
0
No
0
No
0
No
0
No
0
No
0
Yes
14 31
14 32
15 31
15 32
13 31
13 32
14 30
14 33
15 30
15 33
16 31
16 32
13 30
13 33
16 30
16 33
12 31
12 32
14 29
14 34
15 29
15 34
17 31
17 32
12 30
12 33
13 29
13 34
16 29
16 34
17 30
17 33
11 31
11 32
12 29
12 34
14 28
14 35
15 28
15 35
17 29
17 34
11 30
11 33
13 28
13 35
16 28
16 35
11 29
11 34
12 28
12 35
17 28
17 35
14 27
15 27
13 27
16 27
11 28
11 35
12 27
17 27
11 27
0
No
0
Yes
14 44
13 44
13 43
14 43
13 45
14 45
15 45
15 44
14 46
13 46
15 46
16 44
16 45
16 46
12 43
12 45
12 46
16 43
13 47
14 47
15 47
12 47
16 47
17 43
17 44
17 45
17 46
17 47
11 46
11 45
11 47
17 42
14 48
13 48
15 48
12 48
16 48
11 48
17 48
18 44
18 43
18 42
10 45
10 46
10 47
10 48
18 46
18 47
18 48
13 49
14 49
15 49
12 49
16 49
11 49
17 49
10 49
18 49
19 43
19 42
19 47
19 48
19 46
19 49
20 42
20 41
20 48
20 47
20 49
21 41
21 42
0
No
0
No
0
Yes
10 35
11 35
11 34
12 34
12 35
13 34
13 35
13 33
12 33
11 33
14 33
14 34
14 35
11 32
12 32
13 32
14 32
15 35
15 34
15 33
15 32
12 31
13 31
14 31
11 31
15 31
16 34
16 33
16 32
16 35
16 31
11 30
12 30
13 30
14 30
15 30
16 30
17 35
17 34
17 33
17 32
17 31
17 30
12 29
13 29
14 29
15 29
16 29
11 29
17 29
18 34
18 33
18 32
18 31
18 30
18 35
18 29
11 28
12 28
13 28
14 28
15 28
16 28
17 28
18 28
19 35
19 34
19 33
19 32
19 31
19 30
19 29
19 28
12 27
13 27
14 27
15 27
16 27
17 27
11 27
20 34
20 33
20 32
20 31
20 30
20 35
19 36
18 36
17 36
20 36
21 35
21 34
21 33
21 32
21 31
21 36
21 30
17 37
18 37
19 37
20 37
21 37
22 34
22 35
22 33
22 32
22 36
22 37
22 31
22 30
19 38
20 38
21 38
22 38
0
No
0
Yes
0 7
0 6
1 7
1 6
1 5
0
No
0
No
0
No
0
Yes
18 17
18 16
17 16
19 16
19 17
19 15
18 15
17 15
20 15
20 16
20 17
18 14
19 14
20 14
17 14
21 15
21 14
0
Yes
36 4
35 4
36 3
36 5
37 4
35 3
35 5
37 3
37 5
34 4
36 2
38 4
34 3
34 5
35 2
37 2
38 3
34 2
38 2
33 4
33 3
33 5
33 2
0
Yes
24 26
25 26
24 25
24 27
25 25
25 27
23 26
23 25
23 27
24 24
25 24
0
No
0
Yes
42 33
41 33
41 32
42 32
41 31
42 31
40 31
40 32
40 33
40 34
41 34
42 34
39 33
39 32
39 34
39 31
40 30
41 30
42 30
39 30
42 35
41 35
40 35
39 35
38 32
38 33
38 34
38 31
38 35
38 30
42 29
41 29
40 29
39 29
38 29
41 36
40 36
39 36
42 36
38 36
37 33
37 32
37 34
37 31
37 35
37 30
37 36
37 29
41 28
40 28
39 28
38 28
42 28
37 28
42 37
41 37
40 37
39 37
38 37
37 37
36 32
36 33
36 34
36 31
36 35
36 30
36 36
36 29
36 37
36 28
43 28
43 29
43 30
36 38
37 38
38 38
39 38
40 38
41 38
42 38
35 33
35 32
35 34
35 31
35 35
35 30
35 36
35 37
35 38
35 29
35 28
42 39
41 39
40 39
39 39
38 39
37 39
36 39
35 39
34 35
34 36
34 37
34 38
34 39
41 40
40 40
39 40
38 40
37 40
36 40
35 40
42 40
34 40
42 41
41 41
40 41
39 41
38 41
37 41
36 41
35 41
34 41
33 41
33 40
33 39
32 39
0
Yes
4 45
4 46
3 45
3 46
5 45
5 46
4 44
4 47
3 44
3 47
5 44
5 47
2 45
2 46
6 45
6 46
2 44
2 47
4 43
4 48
6 44
6 47
3 43
3 48
5 43
5 48
1 45
1 46
7 45
7 46
2 43
2 48
6 43
6 48
1 44
1 47
7 44
7 47
4 42
4 49
3 42
3 49
5 42
5 49
1 43
1 48
7 43
7 48
0 45
0 46
2 42
2 49
6 42
6 49
0 44
0 47
4 41
1 42
1 49
3 41
5 41
7 42
7 49
0 43
0 48
2 41
6 41
0 42
0 49
1 41
0 41
0
Yes
17 24
17 25
18 24
16 24
16 25
17 23
18 23
16 23
0
No
0
Yes
44 48
44 49
43 48
43 49
45 48
45 49
44 47
43 47
45 47
42 48
42 49
0
Yes
47 2
47 3
46 2
46 3
48 2
48 3
47 1
47 4
46 1
46 4
48 1
48 4
45 2
45 3
49 2
49 3
45 1
45 4
47 0
49 1
49 4
46 0
48 0
44 2
44 3
45 0
49 0
44 1
44 4
44 0
0
Yes
27 33
27 34
28 33
28 34
26 33
26 34
27 32
27 35
28 32
28 35
29 33
29 34
26 32
26 35
29 32
29 35
25 33
25 34
27 31
27 36
28 31
28 36
30 33
30 34
25 32
25 35
26 31
26 36
29 31
29 36
30 32
30 35
24 33
24 34
25 31
25 36
27 30
27 37
28 30
28 37
30 31
30 36
31 33
31 34
24 32
24 35
26 30
26 37
29 30
29 37
31 32
31 35
24 31
24 36
25 30
25 37
30 30
30 37
31 31
31 36
23 33
23 34
27 29
27 38
28 29
28 38
23 32
23 35
26 29
26 38
29 29
29 38
24 30
24 37
31 30
31 37
23 31
23 36
25 29
25 38
30 29
30 38
27 28
28 28
23 30
23 37
24 29
24 38
26 28
29 28
31 29
31 38
25 28
30 28
23 29
23 38
24 28
0
Yes
40 4
40 3
39 3
41 3
41 2
40 2
39 2
40 1
39 1
41 1
41 0
40 0
39 0
42 1
42 2
42 3
42 0
43 3
43 2
43 1
43 0
0
Yes
28 15
29 15
28 14
28 16
29 14
29 16
27 15
27 14
27 16
28 13
29 13
0
Yes
23 25
23 26
24 26
24 25
25 26
25 25
25 27
24 27
23 27
26 27
26 26
26 25
27 25
27 26
27 27
26 24
25 24
27 24
24 24
28 26
28 25
28 24
28 27
27 23
28 23
26 23
25 23
0
Yes
11 12
10 12
10 13
11 13
9 13
9 12
8 13
8 12
7 13
7 12
0
No
0
Yes
18 2
17 2
17 1
18 1
17 0
18 0
19 0
19 1
19 2
16 0
16 1
16 2
19 3
18 3
17 3
16 3
20 2
20 3
20 1
20 0
18 4
17 4
19 4
16 4
20 4
17 5
18 5
19 5
16 5
20 5
18 6
17 6
19 6
16 6
20 6
17 7
18 7
19 7
16 7
0
No
0
No
0
Yes
44 46
43 46
44 45
45 46
43 45
45 45
42 46
42 45
0
Yes
37 42
37 43
37 44
38 42
38 43
38 44
39 42
39 43
39 44
40 42
40 43
40 44
0
No
0
Yes
0 30
0 31
0 32
0 33
0 34
0 35
0 36
0 37
0 38
0 39
1 30
1 31
1 32
1 33
1 34
1 35
1 36
1 37
1 38
1 39
2 30
2 31
2 32
2 33
2 34
2 35
2 36
2 37
2 38
2 39
3 30
3 31
3 32
3 33
3 34
3 35
3 36
3 37
3 38
3 39
4 30
4 31
4 32
4 33
4 34
4 35
4 36
4 37
4 38
4 39
5 30
5 31
5 32
5 33
5 34
5 35
5 36
5 37
5 38
5 39
6 30
6 31
6 32
6 33
6 34
6 35
6 36
6 37
6 38
6 39
0
Yes
36 33
35 33
36 32
36 34
37 33
35 32
35 34
37 32
37 34
34 33
36 31
36 35
38 33
34 32
34 34
35 31
35 35
37 31
37 35
38 32
38 34
34 31
34 35
38 31
38 35
33 33
36 30
36 36
39 33
33 32
33 34
35 30
35 36
37 30
37 36
39 32
39 34
33 31
33 35
34 30
34 36
38 30
38 36
39 31
39 35
32 33
36 29
36 37
32 32
32 34
35 29
35 37
37 29
37 37
33 30
33 36
39 30
39 36
32 31
32 35
34 29
34 37
38 29
38 37
32 30
32 36
33 29
33 37
36 28
39 29
39 37
35 28
37 28
34 28
38 28
32 29
32 37
33 28
39 28
32 28
0
No
0
No
0
Yes
22 9
21 9
22 8
22 10
23 9
21 8
21 10
23 8
23 10
20 9
22 7
20 8
20 10
21 7
23 7
20 7
0
Yes
8 35
7 35
7 34
8 34
7 33
8 33
7 32
8 32
9 32
9 33
9 34
9 31
8 31
7 31
10 34
10 33
10 32
10 31
8 30
9 30
7 30
0
No
0
Yes
17 11
16 11
17 10
17 12
18 11
16 10
16 12
18 10
18 12
15 11
17 9
17 13
15 10
15 12
16 9
16 13
18 9
18 13
15 9
15 13
17 8
16 8
18 8
15 8
0
Yes
14 27
13 27
13 28
14 28
13 29
14 29
15 29
15 28
15 27
12 29
12 28
12 27
16 27
16 28
16 29
15 30
14 30
13 30
12 30
16 30
11 27
11 28
11 29
11 30
17 28
17 29
17 30
17 27
14 31
13 31
15 31
12 31
16 31
11 31
17 31
10 28
10 29
10 30
10 27
10 31
18 29
18 28
18 30
18 31
13 32
14 32
15 32
12 32
16 32
11 32
17 32
10 32
18 32
9 27
9 28
9 29
9 30
9 31
9 32
19 30
19 29
19 31
19 28
19 32
14 33
13 33
15 33
12 33
16 33
11 33
17 33
10 33
18 33
9 33
19 33
8 28
8 29
8 30
8 31
8 32
8 27
8 33
20 33
13 34
14 34
15 34
12 34
16 34
11 34
17 34
10 34
18 34
9 34
19 34
8 34
20 34
14 35
13 35
15 35
12 35
16 35
17 35
18 35
19 35
20 35
11 35
10 35
21 35
21 34
21 33
21 32
20 32
20 31
20 30
21 31
21 30
20 29
20 28
21 29
21 28
17 36
18 36
19 36
20 36
21 36
22 36
22 35
22 34
22 33
22 32
22 31
22 30
22 29
22 28
22 27
0
Yes
17 48
18 48
17 47
17 49
18 47
18 49
16 48
19 48
16 47
16 49
19 47
19 49
17 46
18 46
15 48
16 46
19 46
20 48
15 47
15 49
20 47
20 49
15 46
14 48
14 47
14 49
0
Yes
2 23
3 23
2 22
2 24
3 22
3 24
1 23
4 23
1 22
1 24
4 22
4 24
2 21
2 25
3 21
3 25
0 23
1 21
1 25
4 21
4 25
0 22
0 24
2 20
2 26
3 20
3 26
0 21
0 25
1 20
1 26
4 20
4 26
0 20
0 26
2 19
2 27
3 19
3 27
1 19
1 27
4 19
4 27
0 19
0 27
2 18
2 28
3 18
3 28
1 18
1 28
4 18
4 28
0 18
0 28
2 17
2 29
3 17
3 29
1 17
1 29
4 17
4 29
0 17
0 29
2 16
3 16
0
Yes
34 1
33 1
34 0
35 1
33 0
35 0
32 0
0
Yes
38 47
37 47
37 46
38 46
37 45
38 45
39 45
39 46
39 47
36 45
36 46
36 47
39 48
38 48
37 48
36 48
40 47
40 46
40 48
40 45
35 47
35 46
35 48
35 45
38 49
37 49
39 49
36 49
40 49
35 49
41 46
41 47
41 45
41 48
41 49
34 46
34 47
34 48
34 45
34 49
0
No
0
Yes
31 47
31 48
31 49
32 47
32 48
32 49
33 47
33 48
33 49
0
No
0
No
0
Yes
11 48
10 48
11 47
11 49
12 48
10 47
10 49
12 47
12 49
9 48
11 46
13 48
9 47
9 49
10 46
12 46
13 47
13 49
9 46
13 46
8 48
8 47
8 49
0
Yes
12 31
11 31
12 30
12 32
13 31
11 30
11 32
13 30
13 32
10 31
12 29
12 33
14 31
10 30
10 32
11 29
11 33
13 29
13 33
14 30
14 32
10 29
10 33
14 29
14 33
9 31
12 28
12 34
15 31
9 30
9 32
11 28
11 34
13 28
13 34
15 30
15 32
9 29
9 33
10 28
10 34
14 28
14 34
15 29
15 33
8 31
12 27
16 31
8 30
8 32
11 27
13 27
16 30
16 32
9 28
9 34
15 28
15 34
8 29
8 33
10 27
14 27
16 29
16 33
7 31
8 28
8 34
9 27
15 27
16 28
16 34
17 31
7 30
7 32
17 30
17 32
7 29
7 33
17 29
17 33
8 27
16 27
7 28
7 34
17 28
17 34
6 29
7 27
17 27
6 28
6 27
0
Yes
37 32
37 33
38 32
38 33
36 32
36 33
37 31
37 34
38 31
38 34
39 32
39 33
36 31
36 34
39 31
39 34
35 32
35 33
37 30
37 35
38 30
38 35
40 32
40 33
35 31
35 34
36 30
36 35
39 30
39 35
40 31
40 34
34 32
34 33
35 30
35 35
37 29
37 36
38 29
38 36
40 30
40 35
41 32
41 33
34 31
34 34
36 29
36 36
39 29
39 36
41 31
41 34
34 30
34 35
35 29
35 36
40 29
40 36
41 30
41 35
33 32
33 33
37 28
38 28
42 32
42 33
33 31
33 34
36 28
39 28
42 31
42 34
34 29
34 36
41 29
41 36
33 30
33 35
35 28
40 28
42 30
42 35
32 32
32 33
32 31
32 34
33 29
33 36
34 28
41 28
42 29
42 36
32 30
32 35
33 28
42 28
32 29
32 36
32 28
0
Yes
3 12
2 12
3 11
3 13
4 12
2 11
2 13
4 11
4 13
1 12
3 10
3 14
5 12
1 11
1 13
2 10
2 14
4 10
4 14
5 11
5 13
1 10
1 14
5 10
0 12
3 9
3 15
0 11
0 13
2 9
2 15
4 9
4 15
0 10
0 14
1 9
1 15
5 9
3 8
2 8
4 8
0 9
0 15
1 8
5 8
0 8
0
No
0
No
0
No
0
Yes
38 47
39 47
38 46
38 48
39 46
39 48
37 47
40 47
37 46
37 48
40 46
40 48
38 45
38 49
39 45
39 49
36 47
37 45
37 49
40 45
40 49
41 47
36 46
36 48
41 46
41 48
38 44
39 44
36 45
36 49
41 45
41 49
37 44
40 44
35 47
35 46
35 48
36 44
41 44
35 45
35 49
35 44
0
No
0
Yes
11 47
11 48
10 47
10 48
12 47
12 48
11 46
11 49
10 46
10 49
12 46
12 49
9 47
9 48
13 47
13 48
9 46
9 49
11 45
13 46
13 49
10 45
12 45
8 47
8 48
9 45
13 45
8 46
8 49
0
Yes
17 24
17 25
18 24
16 24
16 25
17 23
18 23
16 23
0
Yes
20 31
20 32
21 31
21 32
19 31
19 32
20 30
20 33
21 30
21 33
22 31
22 32
19 30
19 33
22 30
22 33
18 31
18 32
20 29
20 34
21 29
21 34
18 30
18 33
19 29
19 34
22 29
22 34
18 29
18 34
20 28
21 28
19 28
22 28
18 28
0
No
0
No
0
No
0
Yes
18 3
18 4
19 3
19 4
17 3
17 4
18 2
18 5
19 2
19 5
20 3
20 4
17 2
17 5
20 2
20 5
16 3
16 4
18 1
18 6
19 1
19 6
16 2
16 5
17 1
17 6
20 1
20 6
16 1
16 6
18 0
19 0
17 0
20 0
16 0
0
No
0
Yes
30 48
31 48
31 47
31 49
32 49
32 48
32 47
33 48
33 47
33 49
34 49
34 48
34 47
0
Yes
3 35
4 35
3 34
3 36
4 34
4 36
2 35
5 35
2 34
2 36
5 34
5 36
3 33
3 37
4 33
4 37
1 35
2 33
2 37
5 33
5 37
6 35
1 34
1 36
6 34
6 36
3 32
3 38
4 32
4 38
1 33
1 37
6 33
6 37
2 32
2 38
5 32
5 38
0 35
0 34
0 36
1 32
1 38
6 32
6 38
0 33
0 37
3 31
3 39
4 31
4 39
2 31
2 39
5 31
5 39
0 32
0 38
1 31
1 39
6 31
6 39
3 30
3 40
4 30
4 40
2 30
2 40
5 30
5 40
0 31
0 39
1 30
1 40
6 30
3 29
4 29
0 30
0 40
2 29
5 29
1 29
0 29
0
Yes
3 11
3 12
2 11
2 12
4 11
4 12
3 10
3 13
2 10
2 13
4 10
4 13
1 11
1 12
5 11
5 12
1 10
1 13
3 9
3 14
5 10
5 13
2 9
2 14
4 9
4 14
0 11
0 12
1 9
1 14
5 9
0 10
0 13
3 8
2 8
4 8
0 9
0 14
1 8
5 8
0 8
0
Yes
49 46
48 46
48 45
49 45
48 44
49 44
47 44
47 45
47 46
47 47
48 47
49 47
46 46
46 45
46 47
46 44
47 43
48 43
49 43
46 43
49 48
48 48
47 48
46 48
45 45
45 46
45 47
45 44
45 48
45 43
49 42
48 42
47 42
46 42
45 42
48 49
47 49
46 49
45 49
49 49
44 46
44 45
44 47
44 44
44 48
44 43
44 49
44 42
48 41
47 41
46 41
45 41
49 41
44 41
43 45
43 46
43 47
43 44
43 43
43 48
43 42
43 49
43 41
49 40
48 40
47 40
46 40
45 40
44 40
43 40
42 46
42 45
42 47
42 44
42 43
42 42
42 41
42 40
42 48
42 49
48 39
47 39
46 39
45 39
44 39
43 39
0
Yes
27 3
27 4
28 3
28 4
26 3
26 4
27 2
27 5
28 2
28 5
29 3
29 4
26 2
26 5
29 2
29 5
25 3
25 4
27 1
27 6
28 1
28 6
30 3
30 4
25 2
25 5
26 1
26 6
29 1
29 6
30 2
30 5
24 3
24 4
25 1
25 6
27 0
28 0
30 1
30 6
31 3
31 4
24 2
24 5
26 0
29 0
31 2
31 5
24 1
24 6
25 0
30 0
31 1
31 6
23 3
23 4
32 3
32 4
23 2
23 5
32 2
32 5
24 0
31 0
23 1
23 6
32 1
32 6
22 3
22 4
22 2
22 5
23 0
32 0
22 1
22 6
0
Yes
34 1
35 1
34 0
35 0
33 1
33 0
0
No
0
No
0
Yes
37 40
37 41
36 40
36 41
38 40
38 41
37 39
37 42
36 39
36 42
38 39
38 42
35 40
35 41
39 40
39 41
35 39
35 42
37 38
37 43
39 39
39 42
36 38
36 43
38 38
38 43
34 40
34 41
40 40
40 41
35 38
35 43
39 38
39 43
34 39
34 42
40 39
40 42
37 37
36 37
38 37
34 38
34 43
40 38
40 43
33 40
33 41
35 37
39 37
41 40
41 41
33 39
33 42
41 39
41 42
34 37
40 37
33 38
33 43
41 38
41 43
32 40
32 41
32 39
32 42
33 37
41 37
0
No
0
Yes
47 34
46 34
46 33
47 33
46 32
47 32
48 32
48 33
48 34
45 32
45 33
45 34
48 35
47 35
46 35
45 35
49 34
49 33
49 35
49 32
48 31
47 31
46 31
45 31
49 31
44 34
44 33
44 32
44 35
44 31
47 36
46 36
48 36
45 36
49 36
44 36
47 30
46 30
45 30
44 30
43 33
43 34
43 32
43 35
43 31
43 36
43 30
46 37
47 37
45 37
48 37
44 37
49 37
43 37
0
Yes
49 15
48 15
48 14
49 14
48 13
49 13
47 13
47 14
47 15
47 16
48 16
49 16
46 14
46 15
46 16
47 12
48 12
49 12
49 17
48 17
47 17
46 17
45 15
45 16
45 17
45 14
2
879
25 0
25 1
25 2
25 3
25 4
25 5
25 6
25 7
25 8
25 9
26 0
26 1
26 2
26 3
26 4
26 5
26 6
26 7
26 8
26 9
27 0
27 1
27 2
27 3
27 4
27 5
27 6
27 7
27 8
27 9
28 0
28 1
28 2
28 3
28 4
28 5
28 6
28 7
28 8
28 9
29 0
29 1
29 2
29 3
29 4
29 5
29 6
29 7
29 8
29 9
30 0
30 1
30 2
30 3
30 4
30 5
30 6
30 7
30 8
30 9
31 0
31 1
31 2
31 3
31 4
31 5
31 6
31 7
31 8
31 9
32 0
32 1
32 2
32 3
32 4
32 5
845
46 0
46 1
46 2
46 3
47 0
47 1
47 2
47 3
48 0
48 1
48 2
48 3
49 0
49 1
49 2
49 3
Yes
16 0
16 1
16 2
16 3
16 4
16 5
16 6
16 7
16 8
16 9
16 10
17 0
17 1
17 2
17 3
17 4
17 5
17 6
17 7
17 8
17 9
17 10
18 0
18 1
18 2
18 3
18 4
18 5
18 6
18 7
18 8
18 9
18 10
19 0
19 1
19 2
19 3
19 4
19 5
19 6
19 7
19 8
19 9
19 10
20 0
20 1
20 2
20 3
20 4
20 5
20 6
20 7
20 8
20 9
20 10
21 0
21 1
21 2
21 3
21 4
21 5
21 6
21 7
21 8
21 9
21 10
22 0
22 1
22 2
22 3
22 4
22 5
22 6
22 7
22 8
22 9
22 10
23 0
23 1
23 2
23 3
23 4
23 5
23 6
23 7
23 8
23 9
23 10
24 0
24 1
24 2
24 3
24 4
24 5
24 6
24 7
24 8
24 9
0
No
0
Yes
35 40
35 41
35 42
35 43
36 40
36 41
36 42
36 43
37 40
37 41
37 42
37 43
38 40
38 41
38 42
38 43
39 40
39 41
39 42
39 43
40 40
40 41
40 42
40 43
41 40
41 41
41 42
41 43
0
Yes
0 18
0 17
1 17
1 18
1 19
0 19
0 20
1 20
2 18
2 19
2 17
2 20
1 16
0 16
2 16
0 15
1 15
2 15
1 21
0 21
2 21
3 17
3 18
3 19
3 16
3 20
3 15
3 21
0 22
1 22
2 22
3 22
4 18
4 17
4 19
4 16
4 20
4 21
4 15
4 22
1 14
2 14
3 14
0 14
4 14
0 13
1 13
2 13
3 13
4 13
1 23
2 23
3 23
0 23
4 23
0 24
1 24
2 24
3 24
4 24
1 12
2 12
3 12
0 12
4 12
0 11
1 11
2 11
3 11
4 11
1 25
2 25
3 25
0 25
4 25
5 13
5 12
5 11
0 26
1 26
2 26
3 26
4 26
1 10
2 10
3 10
4 10
0 10
5 10
0
No
2
865
40 0
40 1
40 2
40 3
40 4
41 0
41 1
41 2
41 3
41 4
42 0
42 1
42 2
42 3
42 4
43 0
43 1
43 2
43 3
43 4
44 0
44 1
44 2
44 3
44 4
45 0
45 1
45 2
45 3
45 4
46 0
46 1
46 2
46 3
46 4
47 0
47 1
47 2
47 3
47 4
48 0
48 1
889
28 15
28 16
28 17
28 18
29 15
29 16
29 17
29 18
30 15
30 16
30 17
30 18
31 15
31 16
31 17
31 18
32 15
32 16
32 17
32 18
33 15
33 16
33 17
33 18
34 15
34 16
34 17
34 18
Yes
34 37
34 38
34 39
34 40
34 41
34 42
34 43
34 44
34 45
34 46
35 37
35 38
35 39
35 40
35 41
35 42
35 43
35 44
35 45
35 46
36 37
36 38
36 39
36 40
36 41
36 42
36 43
36 44
36 45
36 46
37 37
37 38
37 39
37 40
37 41
37 42
37 43
37 44
37 45
37 46
38 37
38 38
38 39
38 40
38 41
38 42
38 43
38 44
38 45
38 46
39 37
39 38
39 39
39 40
39 41
39 42
39 43
39 44
39 45
39 46
40 37
40 38
40 39
40 40
40 41
40 42
40 43
40 44
40 45
40 46
41 37
41 38
41 39
41 40
41 41
41 42
41 43
41 44
0
Yes
29 19
29 20
29 21
29 22
29 23
29 24
29 25
29 26
29 27
30 19
30 20
30 21
30 22
30 23
30 24
30 25
30 26
30 27
31 19
31 20
31 21
31 22
31 23
31 24
31 25
31 26
31 27
32 19
32 20
32 21
32 22
32 23
32 24
32 25
32 26
32 27
33 19
33 20
33 21
33 22
33 23
33 24
33 25
33 26
33 27
34 19
34 20
34 21
34 22
34 23
34 24
34 25
34 26
34 27
35 19
35 20
35 21
35 22
35 23
35 24
35 25
35 26
0
No
0
No
0
No
0
No
0
No
0
Yes
41 43
40 43
40 42
41 42
40 41
41 41
39 41
39 42
39 43
39 44
40 44
41 44
38 43
38 42
38 44
38 41
39 40
40 40
41 40
38 40
41 45
40 45
39 45
38 45
37 42
37 43
37 44
37 41
37 45
37 40
41 39
40 39
39 39
38 39
37 39
40 46
39 46
38 46
41 46
37 46
36 43
36 42
36 44
36 41
36 45
36 40
36 46
36 39
40 38
39 38
38 38
37 38
41 38
36 38
41 47
40 47
39 47
38 47
37 47
36 47
35 42
35 43
35 44
35 41
35 45
35 40
35 46
35 39
35 47
35 38
41 37
40 37
39 37
38 37
37 37
36 37
35 37
35 48
34 43
34 42
34 44
34 41
34 45
34 40
34 46
34 39
34 47
34 38
34 48
34 37
42 37
42 38
42 39
33 42
33 41
33 40
33 39
33 43
33 38
33 37
33 45
33 46
33 47
33 48
33 49
34 49
35 49
36 49
36 48
37 48
38 48
39 48
37 49
40 48
38 49
39 49
40 49
41 48
41 49
0
No
0
No
0
Yes
36 20
36 21
36 22
36 23
36 24
36 25
36 26
36 27
37 20
37 21
37 22
37 23
37 24
37 25
37 26
37 27
38 20
38 21
38 22
38 23
38 24
38 25
38 26
38 27
39 20
39 21
39 22
39 23
39 24
39 25
39 26
39 27
40 20
40 21
40 22
40 23
40 24
40 25
40 26
40 27
41 20
41 21
41 22
41 23
41 24
41 25
41 26
41 27
42 20
42 21
42 22
42 23
42 24
42 25
42 26
42 27
43 20
43 21
43 22
43 23
43 24
43 25
43 26
43 27
44 20
44 21
44 22
0
No
0
No
0
Yes
30 41
30 42
30 43
31 41
31 42
31 43
32 41
32 42
32 43
1
893
0 41
0 42
0 43
0 44
0 45
0 46
0 47
0 48
0 49
1 41
1 42
1 43
1 44
1 45
1 46
1 47
1 48
1 49
2 41
2 42
2 43
2 44
2 45
2 46
2 47
2 48
2 49
3 41
3 42
3 43
3 44
3 45
3 46
3 47
3 48
3 49
4 41
4 42
4 43
4 44
4 45
4 46
4 47
4 48
4 49
5 41
5 42
5 43
5 44
5 45
5 46
5 47
5 48
5 49
6 41
6 42
6 43
6 44
6 45
6 46
6 47
6 48
Yes
30 18
30 19
30 20
30 21
30 22
30 23
30 24
30 25
30 26
30 27
31 18
31 19
31 20
31 21
31 22
31 23
31 24
31 25
31 26
31 27
32 18
32 19
32 20
32 21
32 22
32 23
32 24
32 25
32 26
32 27
33 18
33 19
33 20
33 21
33 22
33 23
33 24
33 25
33 26
33 27
34 18
34 19
34 20
34 21
34 22
34 23
34 24
34 25
34 26
34 27
35 18
35 19
35 20
35 21
35 22
35 23
35 24
35 25
35 26
35 27
36 18
36 19
36 20
36 21
36 22
36 23
36 24
36 25
36 26
36 27
37 18
37 19
37 20
37 21
37 22
37 23
37 24
37 25
37 26
37 27
38 18
38 19
38 20
38 21
38 22
38 23
38 24
38 25
38 26
38 27
39 18
39 19
39 20
39 21
39 22
39 23
39 24
39 25
39 26
39 27
40 18
40 19
40 20
40 21
40 22
40 23
40 24
40 25
40 26
40 27
41 18
41 19
41 20
41 21
41 22
41 23
41 24
41 25
41 26
41 27
42 18
42 19
42 20
42 21
42 22
42 23
42 24
0
No
0
Yes
41 0
41 1
41 2
41 3
41 4
42 0
42 1
42 2
42 3
42 4
43 0
43 1
43 2
43 3
43 4
44 0
44 1
44 2
44 3
44 4
45 0
45 1
45 2
45 3
45 4
46 0
46 1
46 2
46 3
46 4
47 0
47 1
47 2
47 3
47 4
48 0
48 1
48 2
48 3
48 4
49 0
49 1
49 2
49 3
49 4
0
No
0
Yes
1 6
1 7
0 6
0 7
1 5
0
No
0
Yes
41 5
41 6
42 5
42 6
43 5
43 6
0
No
0
Yes
0 19
0 20
0 21
0 22
0 23
0 24
0 25
0 26
0 27
0 28
1 19
1 20
1 21
1 22
1 23
1 24
1 25
1 26
1 27
1 28
2 19
2 20
2 21
2 22
2 23
2 24
2 25
2 26
2 27
2 28
3 19
3 20
3 21
3 22
3 23
3 24
3 25
3 26
3 27
3 28
4 19
4 20
4 21
4 22
4 23
4 24
4 25
4 26
4 27
4 28
5 19
5 20
5 21
5 22
5 23
5 24
5 25
5 26
5 27
5 28
6 19
6 20
6 21
6 22
6 23
6 24
6 25
6 26
0
Yes
0 8
0 9
0 10
0 11
0 12
0 13
0 14
0 15
0 16
0 17
0 18
1 8
1 9
1 10
1 11
1 12
1 13
1 14
1 15
1 16
1 17
1 18
2 8
2 9
2 10
2 11
2 12
2 13
2 14
2 15
2 16
2 17
2 18
3 8
3 9
3 10
3 11
3 12
3 13
3 14
3 15
3 16
3 17
3 18
4 8
4 9
4 10
4 11
4 12
4 13
4 14
4 15
4 16
4 17
4 18
5 8
5 9
5 10
5 11
5 12
5 13
5 14
5 15
5 16
5 17
5 18
6 8
6 9
6 10
6 11
6 12
6 13
6 14
6 15
6 16
6 17
6 18
7 8
7 9
7 10
7 11
7 12
7 13
7 14
7 15
7 16
7 17
7 18
8 8
8 9
8 10
8 11
8 12
8 13
8 14
8 15
8 16
8 17
8 18
9 8
9 9
9 10
9 11
9 12
9 13
9 14
9 15
9 16
9 17
9 18
10 8
10 9
10 10
10 11
10 12
10 13
10 14
10 15
10 16
10 17
10 18
0
Yes
33 0
33 1
34 0
34 1
35 0
35 1
36 0
36 1
0
Yes
39 38
39 39
39 40
39 41
39 42
39 43
39 44
39 45
39 46
39 47
39 48
39 49
40 38
40 39
40 40
40 41
40 42
40 43
40 44
40 45
40 46
40 47
40 48
40 49
41 38
41 39
41 40
41 41
41 42
41 43
41 44
41 45
41 46
41 47
41 48
41 49
42 38
42 39
42 40
42 41
42 42
42 43
42 44
42 45
42 46
42 47
42 48
42 49
43 38
43 39
43 40
43 41
43 42
43 43
43 44
43 45
43 46
43 47
43 48
43 49
44 38
44 39
44 40
44 41
44 42
44 43
44 44
44 45
44 46
44 47
44 48
44 49
45 38
45 39
45 40
45 41
45 42
45 43
45 44
45 45
45 46
45 47
45 48
45 49
46 38
46 39
46 40
46 41
46 42
46 43
46 44
46 45
46 46
46 47
46 48
46 49
47 38
47 39
47 40
47 41
47 42
47 43
47 44
47 45
47 46
47 47
47 48
47 49
48 38
48 39
48 40
48 41
48 42
48 43
48 44
48 45
48 46
48 47
48 48
48 49
49 38
49 39
49 40
49 41
49 42
49 43
49 44
49 45
49 46
49 47
49 48
0
Yes
9 0
9 1
9 2
9 3
10 0
10 1
10 2
10 3
11 0
11 1
11 2
11 3
12 0
12 1
12 2
12 3
13 0
13 1
13 2
13 3
14 0
14 1
14 2
14 3
15 0
15 1
0
No
0
No
0
Yes
7 19
7 20
7 21
7 22
7 23
7 24
7 25
8 19
8 20
8 21
8 22
8 23
8 24
8 25
9 19
9 20
9 21
9 22
9 23
9 24
9 25
10 19
10 20
10 21
10 22
10 23
10 24
10 25
0
Yes
33 2
33 3
33 4
33 5
34 2
34 3
34 4
34 5
35 2
35 3
35 4
35 5
36 2
36 3
36 4
36 5
37 2
37 3
37 4
37 5
0
Yes
29 18
29 19
29 20
29 21
29 22
29 23
29 24
29 25
29 26
29 27
30 18
30 19
30 20
30 21
30 22
30 23
30 24
30 25
30 26
30 27
31 18
31 19
31 20
31 21
31 22
31 23
31 24
31 25
31 26
31 27
32 18
32 19
32 20
32 21
32 22
32 23
32 24
32 25
32 26
32 27
33 18
33 19
33 20
33 21
33 22
33 23
33 24
33 25
33 26
33 27
34 18
34 19
34 20
34 21
34 22
34 23
34 24
34 25
34 26
34 27
35 18
35 19
35 20
35 21
35 22
35 23
35 24
35 25
35 26
35 27
36 18
36 19
36 20
36 21
36 22
36 23
36 24
36 25
36 26
36 27
37 18
37 19
37 20
37 21
37 22
37 23
37 24
37 25
37 26
37 27
38 18
38 19
38 20
38 21
38 22
38 23
38 24
0
Yes
10 35
10 34
9 34
11 34
11 35
11 33
10 33
9 33
12 33
12 34
12 35
10 32
11 32
9 32
12 32
13 35
13 34
13 33
13 32
8 32
8 33
8 34
9 31
10 31
11 31
12 31
8 31
13 31
14 34
14 33
14 32
14 35
14 31
7 34
7 33
7 32
7 31
10 30
9 30
11 30
12 30
8 30
13 30
7 30
14 30
15 35
15 34
15 33
15 32
15 31
15 30
9 29
10 29
11 29
12 29
13 29
8 29
14 29
7 29
15 29
16 34
16 33
16 32
16 31
16 30
16 35
16 29
10 28
9 28
11 28
12 28
13 28
14 28
8 28
15 28
7 28
16 28
17 35
17 34
17 33
17 32
17 31
17 30
17 29
17 28
9 27
10 27
11 27
12 27
13 27
14 27
15 27
8 27
16 27
7 27
17 27
6 27
6 28
6 29
10 26
9 26
11 26
12 26
13 26
14 26
15 26
8 26
7 26
16 26
0
No
0
Yes
15 22
14 22
14 21
15 21
14 20
15 20
13 20
13 21
13 22
13 23
14 23
15 23
12 22
12 21
12 23
12 20
13 19
14 19
15 19
12 19
15 24
14 24
13 24
12 24
11 21
11 22
11 23
11 20
11 24
11 19
15 18
14 18
13 18
12 18
11 18
14 25
13 25
12 25
15 25
11 25
14 17
13 17
12 17
15 17
11 17
16 17
16 16
15 16
14 16
13 16
12 16
11 16
17 16
17 15
16 15
15 15
14 15
13 15
12 15
11 15
18 15
18 16
18 14
17 14
16 14
15 14
14 14
13 14
12 14
11 14
19 14
19 15
19 16
19 13
18 13
17 13
16 13
15 13
14 13
13 13
12 13
11 13
20 16
20 15
20 14
20 13
20 17
19 17
18 17
20 12
19 12
18 12
17 12
16 12
15 12
14 12
13 12
12 12
11 12
21 15
21 14
21 13
21 12
21 11
20 11
19 11
18 11
17 11
16 11
15 11
14 11
13 11
0
Yes
0 43
0 44
0 45
0 46
0 47
0 48
0 49
1 43
1 44
1 45
1 46
1 47
1 48
1 49
2 43
2 44
2 45
2 46
2 47
2 48
2 49
3 43
3 44
3 45
3 46
3 47
3 48
0
Yes
39 31
39 32
39 33
39 34
39 35
39 36
39 37
40 31
40 32
40 33
40 34
40 35
40 36
40 37
41 31
41 32
41 33
41 34
41 35
41 36
41 37
42 31
42 32
42 33
42 34
42 35
42 36
42 37
43 31
43 32
43 33
43 34
43 35
43 36
43 37
44 31
44 32
44 33
44 34
44 35
44 36
44 37
45 31
45 32
45 33
45 34
45 35
45 36
45 37
46 31
46 32
46 33
46 34
46 35
46 36
46 37
47 31
47 32
47 33
47 34
47 35
47 36
47 37
48 31
48 32
48 33
48 34
48 35
48 36
48 37
49 31
49 32
49 33
49 34
49 35
0
Yes
45 8
45 9
46 8
46 9
47 8
47 9
48 8
48 9
49 8
49 9
0
Yes
39 17
39 18
39 19
39 20
39 21
39 22
39 23
39 24
40 17
40 18
40 19
40 20
40 21
40 22
40 23
40 24
41 17
41 18
41 19
41 20
41 21
41 22
41 23
41 24
42 17
42 18
42 19
42 20
42 21
42 22
42 23
42 24
43 17
43 18
43 19
43 20
43 21
43 22
43 23
43 24
44 17
44 18
44 19
44 20
44 21
44 22
0
Yes
32 28
32 29
32 30
32 31
32 32
32 33
32 34
32 35
33 28
33 29
33 30
33 31
33 32
33 33
33 34
33 35
34 28
34 29
34 30
34 31
34 32
34 33
34 34
34 35
35 28
35 29
35 30
35 31
35 32
35 33
35 34
35 35
36 28
36 29
36 30
36 31
36 32
36 33
36 34
36 35
37 28
37 29
37 30
37 31
37 32
37 33
37 34
37 35
38 28
38 29
38 30
38 31
38 32
38 33
38 34
0
Yes
16 14
16 15
15 14
15 15
17 14
17 15
16 13
16 16
15 13
15 16
17 13
17 16
14 14
14 15
18 14
18 15
14 13
14 16
16 12
16 17
18 13
18 16
15 12
15 17
17 12
13 14
13 15
19 14
19 15
14 12
14 17
18 12
18 17
13 13
13 16
19 13
19 16
16 11
15 11
17 11
13 12
13 17
19 12
19 17
12 14
12 15
14 11
18 11
20 14
20 15
12 13
12 16
20 13
20 16
13 11
19 11
12 12
12 17
20 12
20 17
11 14
11 15
11 13
11 16
12 11
20 11
11 12
11 17
11 11
0
No
0
Yes
32 36
32 37
32 38
32 39
32 40
32 41
32 42
32 43
33 36
33 37
33 38
33 39
33 40
33 41
33 42
33 43
34 36
34 37
34 38
34 39
34 40
34 41
34 42
34 43
35 36
35 37
35 38
35 39
35 40
35 41
35 42
35 43
36 36
36 37
36 38
36 39
36 40
36 41
36 42
36 43
37 36
37 37
37 38
37 39
37 40
37 41
37 42
37 43
38 36
38 37
38 38
38 39
38 40
38 41
38 42
0
Yes
13 8
12 8
12 7
13 7
12 6
13 6
14 6
14 7
14 8
11 6
11 7
11 8
14 9
13 9
12 9
11 9
15 8
15 7
15 9
15 6
14 5
13 5
12 5
11 5
15 5
13 10
12 10
14 10
11 10
15 10
13 4
12 4
14 4
11 4
15 4
10 5
10 6
10 7
10 4
9 7
9 6
9 5
9 4
8 6
8 5
8 7
8 4
0
No
0
Yes
49 49
48 49
48 48
49 48
48 47
49 47
47 47
47 48
47 49
46 49
46 48
46 47
47 46
48 46
49 46
46 46
45 48
45 47
45 49
45 46
49 45
48 45
47 45
46 45
45 45
44 49
44 48
44 47
44 46
44 45
48 44
47 44
46 44
45 44
49 44
44 44
43 48
43 47
43 46
43 45
43 49
43 44
49 43
48 43
47 43
46 43
45 43
44 43
43 43
42 49
42 48
42 47
42 46
42 45
42 44
42 43
48 42
47 42
46 42
45 42
44 42
43 42
49 42
42 42
41 48
41 47
41 46
41 45
41 44
41 43
41 49
41 42
49 41
48 41
47 41
46 41
45 41
44 41
43 41
42 41
41 41
40 49
40 48
40 47
40 46
40 45
40 44
40 43
40 42
40 41
48 40
47 40
46 40
45 40
44 40
43 40
42 40
41 40
49 40
40 40
39 48
39 47
39 46
39 45
39 44
39 43
39 42
39 41
39 49
39 40
49 39
48 39
47 39
46 39
45 39
44 39
43 39
42 39
41 39
40 39
39 39
38 49
38 48
38 47
38 46
38 45
38 44
38 43
48 38
47 38
46 38
45 38
44 38
43 38
42 38
41 38
49 38
40 38
39 38
37 48
37 47
37 46
37 45
37 44
37 49
36 49
0
Yes
11 22
11 23
11 24
11 25
12 22
12 23
12 24
12 25
13 22
13 23
13 24
13 25
14 22
14 23
14 24
14 25
15 22
15 23
15 24
15 25
0
No
0
Yes
28 0
27 0
27 1
28 1
27 2
28 2
29 2
29 1
29 0
26 2
26 1
26 0
30 0
30 1
30 2
29 3
28 3
27 3
26 3
30 3
25 0
25 1
25 2
25 3
31 1
31 2
31 0
31 3
28 4
27 4
29 4
26 4
30 4
25 4
31 4
32 0
32 1
32 2
32 3
32 4
27 5
28 5
29 5
30 5
26 5
31 5
25 5
32 5
33 1
33 2
33 3
33 4
33 0
33 5
28 6
27 6
29 6
30 6
26 6
31 6
32 6
25 6
34 0
34 1
34 2
34 3
34 4
34 5
27 7
28 7
29 7
30 7
26 7
31 7
25 7
32 7
35 1
35 2
35 3
35 4
35 0
35 5
28 8
27 8
29 8
30 8
26 8
31 8
25 8
32 8
36 0
36 1
36 2
36 3
36 4
36 5
27 9
28 9
29 9
30 9
26 9
31 9
25 9
32 9
37 1
37 2
37 3
37 4
37 0
37 5
33 9
33 8
33 7
0
Yes
11 16
11 17
11 18
11 19
11 20
11 21
12 16
12 17
12 18
12 19
12 20
12 21
13 16
13 17
13 18
13 19
13 20
13 21
14 16
14 17
14 18
14 19
14 20
14 21
15 16
15 17
15 18
15 19
15 20
15 21
0
Yes
19 11
18 11
18 12
19 12
20 12
20 11
19 13
18 13
20 13
21 11
21 12
21 13
17 12
17 11
17 13
16 11
16 12
16 13
18 14
19 14
20 14
17 14
21 14
16 14
22 12
22 13
22 11
19 15
18 15
20 15
17 15
21 15
16 15
23 11
23 12
23 13
15 12
15 13
15 14
15 11
15 15
15 10
14 11
14 12
14 13
14 14
14 10
14 15
23 14
18 16
19 16
20 16
17 16
16 16
14 9
15 9
15 8
14 8
19 17
18 17
20 17
13 10
13 11
13 12
13 9
13 13
13 14
13 8
13 15
14 7
15 7
13 7
15 6
14 6
13 6
16 17
12 11
12 10
12 12
12 9
12 13
12 8
12 14
12 7
12 15
12 6
14 5
13 5
15 5
12 5
11 10
11 11
11 12
11 9
11 13
11 8
11 14
11 7
11 6
11 15
11 5
15 4
14 4
13 4
12 4
11 4
10 7
10 6
10 5
10 4
9 6
9 5
9 7
9 4
8 7
8 6
8 5
8 4
7 6
7 5
7 7
7 4
6 7
6 6
8 3
7 3
6 4
7 2
8 2
8 1
7 1
6 2
0
Yes
4 42
4 43
4 44
4 45
4 46
4 47
4 48
4 49
5 42
5 43
5 44
5 45
5 46
5 47
5 48
5 49
6 42
6 43
6 44
6 45
6 46
6 47
6 48
6 49
7 42
7 43
7 44
7 45
7 46
7 47
7 48
7 49
0
Yes
44 0
44 1
44 2
44 3
44 4
45 0
45 1
45 2
45 3
45 4
46 0
46 1
46 2
46 3
46 4
47 0
47 1
47 2
47 3
47 4
48 0
48 1
48 2
48 3
48 4
49 0
49 1
49 2
49 3
49 4
0
No
0
No
0
Yes
31 47
31 48
31 49
32 47
32 48
32 49
33 47
33 48
33 49
34 47
34 48
0
No
0
No
0
No
0
Yes
46 29
45 29
45 30
46 30
45 31
46 31
44 31
44 30
44 29
43 29
43 30
43 31
44 32
45 32
46 32
43 32
42 30
42 31
42 29
42 32
47 32
47 31
47 30
46 33
45 33
44 33
43 33
47 33
42 33
41 29
41 30
41 31
41 32
41 33
48 33
48 32
48 31
45 34
46 34
44 34
43 34
47 34
42 34
48 34
41 34
40 30
40 31
40 32
40 33
40 29
40 34
41 28
42 28
43 28
40 28
49 31
49 32
49 33
49 34
46 35
45 35
47 35
44 35
43 35
42 35
48 35
41 35
49 35
40 35
39 29
39 30
39 31
39 32
39 33
39 34
39 28
39 35
43 27
42 27
41 27
40 27
39 27
45 36
46 36
47 36
44 36
43 36
42 36
41 36
48 36
40 36
49 36
39 36
42 26
41 26
40 26
43 26
39 26
46 37
45 37
47 37
44 37
43 37
42 37
41 37
40 37
39 37
48 37
49 37
43 25
42 25
41 25
40 25
39 25
0
Yes
14 0
14 1
14 2
14 3
14 4
14 5
14 6
15 0
15 1
15 2
15 3
15 4
15 5
15 6
16 0
16 1
16 2
16 3
16 4
16 5
16 6
17 0
17 1
17 2
17 3
17 4
17 5
17 6
18 0
18 1
18 2
18 3
18 4
18 5
18 6
19 0
19 1
19 2
19 3
19 4
19 5
19 6
20 0
20 1
20 2
20 3
20 4
20 5
20 6
21 0
21 1
21 2
21 3
21 4
21 5
21 6
22 0
22 1
22 2
22 3
22 4
22 5
22 6
23 0
23 1
23 2
23 3
23 4
23 5
23 6
24 0
24 1
24 2
24 3
24 4
24 5
24 6
0
No
0
Yes
15 23
15 24
15 25
16 23
16 24
16 25
17 23
17 24
17 25
18 23
18 24
0
Yes
11 7
11 8
11 9
11 10
11 11
11 12
11 13
11 14
11 15
12 7
12 8
12 9
12 10
12 11
12 12
12 13
12 14
12 15
13 7
13 8
13 9
13 10
13 11
13 12
13 13
13 14
13 15
14 7
14 8
14 9
14 10
14 11
14 12
14 13
14 14
14 15
15 7
15 8
15 9
15 10
15 11
15 12
15 13
15 14
15 15
16 7
16 8
16 9
16 10
16 11
16 12
16 13
16 14
16 15
17 7
17 8
17 9
17 10
17 11
17 12
17 13
17 14
17 15
18 7
18 8
18 9
18 10
0
No
0
Yes
31 11
31 12
32 11
30 11
30 12
31 10
30 10
0
Yes
38 0
38 1
38 2
38 3
39 0
39 1
39 2
39 3
40 0
40 1
40 2
40 3
41 0
41 1
41 2
41 3
42 0
42 1
42 2
42 3
43 0
43 1
43 2
43 3
44 0
44 1
44 2
0
Yes
8 45
8 46
8 47
8 48
8 49
9 45
9 46
9 47
9 48
9 49
10 45
10 46
10 47
10 48
10 49
11 45
11 46
11 47
11 48
11 49
12 45
12 46
12 47
12 48
12 49
13 45
13 46
13 47
13 48
13 49
14 45
14 46
14 47
14 48
0
Yes
42 45
42 46
43 45
43 46
41 45
41 46
42 44
42 47
43 44
43 47
44 45
44 46
41 44
41 47
44 44
44 47
40 45
40 46
42 43
42 48
43 43
43 48
45 45
45 46
40 44
40 47
41 43
41 48
44 43
44 48
45 44
45 47
39 45
39 46
40 43
40 48
42 42
42 49
43 42
43 49
45 43
45 48
46 45
46 46
39 44
39 47
41 42
41 49
44 42
44 49
46 44
46 47
39 43
39 48
40 42
40 49
45 42
45 49
46 43
46 48
38 45
38 46
42 41
43 41
47 45
47 46
38 44
38 47
41 41
44 41
47 44
47 47
39 42
39 49
46 42
46 49
38 43
38 48
40 41
45 41
47 43
47 48
37 45
37 46
48 45
48 46
37 44
37 47
38 42
38 49
39 41
46 41
47 42
47 49
48 44
48 47
37 43
37 48
48 43
48 48
38 41
47 41
36 45
36 46
37 42
37 49
48 42
48 49
49 45
49 46
36 44
36 47
49 44
49 47
36 43
36 48
49 43
49 48
37 41
48 41
36 42
36 49
49 42
49 49
35 45
35 46
35 44
35 47
35 43
35 48
36 41
49 41
35 42
0
Yes
0 8
0 9
0 10
0 11
0 12
0 13
0 14
0 15
0 16
0 17
0 18
1 8
1 9
1 10
1 11
1 12
1 13
1 14
1 15
1 16
1 17
1 18
2 8
2 9
2 10
2 11
2 12
2 13
2 14
2 15
2 16
2 17
2 18
3 8
3 9
3 10
3 11
3 12
3 13
3 14
3 15
3 16
3 17
3 18
4 8
4 9
4 10
4 11
4 12
4 13
4 14
4 15
4 16
4 17
4 18
5 8
5 9
5 10
5 11
5 12
5 13
5 14
5 15
5 16
5 17
5 18
6 8
6 9
6 10
6 11
6 12
6 13
6 14
6 15
6 16
6 17
0
Yes
18 14
18 15
18 16
18 17
19 14
19 15
19 16
19 17
20 14
20 15
20 16
20 17
21 14
21 15
0
Yes
0 19
0 20
0 21
0 22
0 23
0 24
0 25
1 19
1 20
1 21
1 22
1 23
1 24
1 25
2 19
2 20
2 21
2 22
2 23
2 24
2 25
3 19
3 20
3 21
3 22
3 23
3 24
3 25
4 19
4 20
4 21
4 22
4 23
4 24
4 25
0
Yes
41 5
41 6
42 5
42 6
43 5
43 6
0
Yes
0 36
0 37
0 38
0 39
0 40
0 41
0 42
1 36
1 37
1 38
1 39
1 40
1 41
1 42
2 36
2 37
2 38
2 39
2 40
2 41
2 42
3 36
3 37
3 38
3 39
3 40
3 41
3 42
0
Yes
14 0
14 1
14 2
14 3
14 4
14 5
14 6
14 7
14 8
14 9
14 10
14 11
14 12
15 0
15 1
15 2
15 3
15 4
15 5
15 6
15 7
15 8
15 9
15 10
15 11
15 12
16 0
16 1
16 2
16 3
16 4
16 5
16 6
16 7
16 8
16 9
16 10
16 11
16 12
17 0
17 1
17 2
17 3
17 4
17 5
17 6
17 7
17 8
17 9
17 10
17 11
17 12
18 0
18 1
18 2
18 3
18 4
18 5
18 6
18 7
18 8
18 9
18 10
18 11
18 12
19 0
19 1
19 2
19 3
19 4
19 5
19 6
19 7
19 8
19 9
19 10
19 11
19 12
20 0
20 1
20 2
20 3
20 4
20 5
20 6
20 7
20 8
20 9
20 10
20 11
20 12
21 0
21 1
21 2
21 3
21 4
21 5
21 6
21 7
21 8
21 9
21 10
21 11
21 12
22 0
22 1
22 2
22 3
22 4
22 5
22 6
22 7
22 8
22 9
22 10
22 11
22 12
23 0
23 1
23 2
23 3
23 4
23 5
23 6
23 7
23 8
23 9
23 10
23 11
23 12
24 0
24 1
24 2
24 3
24 4
24 5
24 6
24 7
24 8
24 9
24 10
0
Yes
5 19
5 20
5 21
5 22
5 23
5 24
5 25
5 26
5 27
5 28
6 19
6 20
6 21
6 22
6 23
6 24
6 25
6 26
6 27
6 28
7 19
7 20
7 21
7 22
7 23
7 24
7 25
7 26
7 27
7 28
8 19
8 20
8 21
8 22
8 23
8 24
8 25
8 26
8 27
8 28
9 19
9 20
9 21
9 22
9 23
9 24
9 25
9 26
9 27
9 28
10 19
10 20
10 21
10 22
10 23
10 24
10 25
10 26
10 27
10 28
11 19
11 20
11 21
11 22
11 23
11 24
11 25
11 26
11 27
11 28
12 19
12 20
12 21
12 22
12 23
12 24
12 25
12 26
12 27
12 28
13 19
13 20
13 21
13 22
13 23
13 24
13 25
13 26
13 27
13 28
14 19
14 20
14 21
14 22
14 23
14 24
14 25
14 26
14 27
14 28
0
Yes
0 19
0 20
0 21
0 22
0 23
0 24
0 25
0 26
0 27
0 28
1 19
1 20
1 21
1 22
1 23
1 24
1 25
1 26
1 27
1 28
2 19
2 20
2 21
2 22
2 23
2 24
2 25
2 26
2 27
2 28
3 19
3 20
3 21
3 22
3 23
3 24
3 25
3 26
3 27
3 28
4 19
4 20
4 21
4 22
4 23
4 24
4 25
0
Yes
7 1
7 2
7 3
7 4
7 5
7 6
7 7
7 8
7 9
7 10
7 11
7 12
7 13
7 14
8 1
8 2
8 3
8 4
8 5
8 6
8 7
8 8
8 9
8 10
8 11
8 12
8 13
8 14
9 1
9 2
9 3
9 4
9 5
9 6
9 7
9 8
9 9
9 10
9 11
9 12
9 13
9 14
10 1
10 2
10 3
10 4
10 5
10 6
10 7
10 8
10 9
10 10
10 11
10 12
10 13
10 14
11 1
11 2
11 3
11 4
11 5
11 6
11 7
11 8
11 9
11 10
11 11
11 12
11 13
11 14
12 1
12 2
12 3
12 4
12 5
12 6
12 7
12 8
12 9
12 10
12 11
12 12
12 13
12 14
13 1
13 2
13 3
13 4
13 5
13 6
13 7
13 8
13 9
13 10
13 11
13 12
13 13
0
Yes
7 15
7 16
7 17
7 18
8 15
8 16
8 17
8 18
9 15
9 16
9 17
9 18
10 15
10 16
10 17
10 18
11 15
0
Yes
45 0
45 1
45 2
45 3
45 4
46 0
46 1
46 2
46 3
46 4
47 0
47 1
47 2
47 3
47 4
48 0
48 1
48 2
48 3
48 4
49 0
49 1
49 2
0
Yes
0 43
0 44
0 45
0 46
0 47
0 48
0 49
1 43
1 44
1 45
1 46
1 47
1 48
1 49
2 43
2 44
2 45
2 46
2 47
2 48
2 49
3 43
3 44
3 45
3 46
3 47
3 48
3 49
4 43
4 44
4 45
4 46
4 47
4 48
4 49
5 43
5 44
5 45
5 46
5 47
5 48
5 49
6 43
6 44
0
Yes
40 38
40 39
40 40
40 41
40 42
40 43
40 44
40 45
40 46
40 47
40 48
40 49
41 38
41 39
41 40
41 41
41 42
41 43
41 44
41 45
41 46
41 47
41 48
41 49
42 38
42 39
42 40
42 41
42 42
42 43
42 44
42 45
42 46
42 47
42 48
42 49
43 38
43 39
43 40
43 41
43 42
43 43
43 44
43 45
43 46
43 47
43 48
43 49
44 38
44 39
44 40
44 41
44 42
44 43
44 44
44 45
44 46
44 47
44 48
44 49
45 38
45 39
45 40
45 41
45 42
45 43
45 44
45 45
45 46
45 47
45 48
45 49
46 38
46 39
46 40
46 41
46 42
46 43
46 44
46 45
46 46
46 47
46 48
46 49
47 38
47 39
47 40
47 41
47 42
47 43
47 44
47 45
47 46
47 47
47 48
47 49
48 38
48 39
48 40
48 41
48 42
48 43
48 44
48 45
48 46
48 47
48 48
48 49
49 38
49 39
49 40
49 41
0
Yes
0 43
0 44
0 45
0 46
0 47
0 48
0 49
1 43
1 44
1 45
1 46
1 47
1 48
1 49
2 43
2 44
2 45
2 46
2 47
2 48
2 49
3 43
3 44
3 45
3 46
3 47
3 48
3 49
4 43
4 44
4 45
4 46
0
Yes
0 29
0 30
0 31
0 32
0 33
0 34
0 35
0 36
0 37
0 38
1 29
1 30
1 31
1 32
1 33
1 34
1 35
1 36
1 37
1 38
2 29
2 30
2 31
2 32
2 33
2 34
2 35
2 36
2 37
2 38
3 29
3 30
3 31
3 32
3 33
3 34
3 35
3 36
3 37
3 38
4 29
4 30
4 31
4 32
4 33
4 34
4 35
4 36
4 37
4 38
5 29
5 30
5 31
5 32
5 33
5 34
5 35
5 36
5 37
5 38
6 29
6 30
6 31
6 32
6 33
6 34
6 35
6 36
6 37
6 38
7 29
7 30
7 31
7 32
0
Yes
38 17
38 18
38 19
38 20
38 21
38 22
38 23
38 24
39 17
39 18
39 19
39 20
39 21
39 22
39 23
39 24
40 17
40 18
40 19
40 20
40 21
40 22
40 23
40 24
41 17
41 18
41 19
41 20
41 21
41 22
41 23
41 24
42 17
42 18
42 19
42 20
42 21
42 22
42 23
42 24
43 17
43 18
43 19
43 20
43 21
43 22
43 23
43 24
44 17
44 18
44 19
44 20
0
Yes
31 11
31 12
32 11
30 11
30 12
31 10
30 10
0
Yes
0 39
0 40
0 41
0 42
0 43
0 44
0 45
0 46
0 47
0 48
1 39
1 40
1 41
1 42
1 43
1 44
1 45
1 46
1 47
1 48
2 39
2 40
2 41
2 42
2 43
2 44
2 45
2 46
2 47
2 48
3 39
3 40
3 41
3 42
3 43
3 44
3 45
3 46
3 47
3 48
4 39
4 40
4 41
4 42
4 43
4 44
4 45
4 46
4 47
4 48
5 39
5 40
5 41
5 42
5 43
5 44
5 45
5 46
5 47
5 48
0
Yes
39 40
39 41
39 42
39 43
39 44
39 45
39 46
39 47
39 48
39 49
40 40
40 41
40 42
40 43
40 44
40 45
40 46
40 47
40 48
40 49
41 40
41 41
41 42
41 43
41 44
41 45
41 46
41 47
41 48
41 49
42 40
42 41
42 42
42 43
42 44
42 45
42 46
42 47
42 48
42 49
43 40
43 41
43 42
43 43
43 44
43 45
43 46
43 47
43 48
43 49
44 40
44 41
44 42
44 43
44 44
44 45
44 46
44 47
44 48
44 49
45 40
45 41
45 42
45 43
45 44
45 45
45 46
45 47
45 48
45 49
46 40
46 41
46 42
46 43
46 44
46 45
46 46
46 47
46 48
46 49
47 40
47 41
47 42
47 43
47 44
47 45
47 46
47 47
47 48
47 49
48 40
48 41
48 42
48 43
48 44
48 45
48 46
48 47
48 48
48 49
49 40
49 41
49 42
49 43
49 44
49 45
49 46
49 47
49 48
0
Yes
6 45
6 46
6 47
6 48
6 49
7 45
7 46
7 47
7 48
7 49
8 45
8 46
8 47
8 48
8 49
9 45
9 46
9 47
9 48
9 49
10 45
10 46
10 47
10 48
10 49
11 45
11 46
11 47
11 48
11 49
12 45
12 46
12 47
12 48
12 49
13 45
13 46
0
Yes
19 29
19 30
19 31
19 32
19 33
19 34
19 35
19 36
19 37
19 38
19 39
20 29
20 30
20 31
20 32
20 33
20 34
20 35
20 36
20 37
20 38
20 39
21 29
21 30
21 31
21 32
21 33
21 34
21 35
21 36
21 37
21 38
21 39
22 29
22 30
22 31
22 32
22 33
22 34
22 35
22 36
22 37
22 38
22 39
23 29
23 30
23 31
23 32
23 33
23 34
23 35
23 36
23 37
23 38
23 39
24 29
24 30
24 31
24 32
24 33
24 34
24 35
24 36
24 37
24 38
24 39
25 29
25 30
25 31
25 32
25 33
25 34
25 35
25 36
25 37
25 38
25 39
26 29
26 30
26 31
26 32
26 33
26 34
26 35
26 36
26 37
26 38
26 39
27 29
27 30
27 31
27 32
27 33
27 34
27 35
27 36
27 37
27 38
27 39
28 29
28 30
28 31
0
Yes
7 33
7 34
7 35
8 33
8 34
8 35
0
Yes
17 13
17 14
17 15
17 16
18 13
18 14
18 15
18 16
19 13
19 14
19 15
19 16
20 13
20 14
20 15
20 16
21 13
21 14
21 15
0
Yes
41 4
41 5
41 6
42 4
42 5
42 6
43 4
43 5
43 6
44 4
0
Yes
8 29
8 30
8 31
8 32
9 29
9 30
9 31
9 32
10 29
10 30
10 31
10 32
11 29
11 30
11 31
11 32
0
Yes
0 36
0 37
0 38
0 39
0 40
0 41
0 42
0 43
0 44
0 45
0 46
0 47
0 48
0 49
1 36
1 37
1 38
1 39
1 40
1 41
1 42
1 43
1 44
1 45
1 46
1 47
1 48
1 49
2 36
2 37
2 38
2 39
2 40
2 41
2 42
2 43
2 44
2 45
2 46
2 47
2 48
2 49
3 36
3 37
3 38
3 39
3 40
3 41
3 42
3 43
3 44
3 45
3 46
3 47
3 48
3 49
4 36
4 37
4 38
4 39
4 40
4 41
4 42
4 43
4 44
4 45
4 46
4 47
4 48
4 49
5 36
5 37
5 38
5 39
5 40
5 41
5 42
5 43
5 44
5 45
5 46
5 47
5 48
5 49
6 36
0
Yes
7 43
7 44
8 43
8 44
9 43
9 44
0
Yes
0 28
0 29
0 30
0 31
0 32
0 33
0 34
0 35
1 28
1 29
1 30
1 31
1 32
1 33
1 34
1 35
2 28
2 29
2 30
2 31
2 32
2 33
2 34
2 35
3 28
3 29
3 30
3 31
3 32
3 33
3 34
0
Yes
0 19
0 20
0 21
0 22
0 23
0 24
0 25
0 26
0 27
1 19
1 20
1 21
1 22
1 23
1 24
1 25
1 26
1 27
2 19
2 20
2 21
2 22
2 23
2 24
2 25
2 26
2 27
3 19
3 20
3 21
3 22
3 23
3 24
3 25
3 26
3 27
4 19
4 20
4 21
4 22
4 23
4 24
4 25
4 26
4 27
5 19
5 20
5 21
5 22
5 23
5 24
5 25
5 26
5 27
6 19
6 20
6 21
6 22
6 23
6 24
6 25
6 26
6 27
7 19
7 20
7 21
7 22
7 23
7 24
7 25
7 26
7 27
8 19
8 20
0
Yes
45 43
45 44
45 45
45 46
45 47
45 48
45 49
46 43
46 44
46 45
46 46
46 47
46 48
46 49
47 43
47 44
47 45
47 46
47 47
47 48
47 49
48 43
48 44
48 45
48 46
48 47
48 48
48 49
49 43
49 44
49 45
49 46
49 47
49 48
0
Yes
0 28
0 29
0 30
0 31
0 32
0 33
0 34
0 35
1 28
1 29
1 30
1 31
1 32
1 33
1 34
1 35
2 28
2 29
2 30
2 31
2 32
2 33
2 34
2 35
3 28
3 29
3 30
3 31
3 32
3 33
3 34
3 35
4 28
4 29
4 30
4 31
4 32
4 33
4 34
4 35
5 28
5 29
5 30
5 31
5 32
5 33
5 34
5 35
6 28
6 29
0
Yes
20 40
20 41
20 42
21 40
21 41
21 42
22 40
22 41
0
Yes
6 33
6 34
6 35
7 33
7 34
7 35
8 33
8 34
8 35
9 33
9 34
0
Yes
13 47
13 48
13 49
14 47
14 48
14 49
15 47
15 48
15 49
0
Yes
38 43
38 44
38 45
38 46
38 47
38 48
38 49
39 43
39 44
39 45
39 46
39 47
39 48
39 49
40 43
40 44
40 45
40 46
40 47
40 48
40 49
41 43
41 44
41 45
41 46
41 47
41 48
41 49
42 43
42 44
42 45
42 46
42 47
42 48
42 49
43 43
43 44
43 45
43 46
43 47
43 48
43 49
44 43
44 44
44 45
44 46
44 47
44 48
44 49
0
Yes
14 0
14 1
14 2
14 3
14 4
14 5
14 6
15 0
15 1
15 2
15 3
15 4
15 5
15 6
16 0
16 1
16 2
16 3
16 4
16 5
16 6
17 0
17 1
17 2
17 3
17 4
17 5
17 6
18 0
18 1
18 2
0
Yes
26 0
26 1
26 2
26 3
26 4
26 5
27 0
27 1
27 2
27 3
27 4
27 5
28 0
28 1
28 2
28 3
28 4
28 5
29 0
29 1
29 2
29 3
29 4
29 5
30 0
30 1
30 2
30 3
30 4
30 5
31 0
31 1
31 2
31 3
31 4
31 5
32 0
32 1
32 2
32 3
32 4
32 5
33 0
33 1
33 2
33 3
33 4
33 5
34 0
34 1
34 2
34 3
34 4
34 5
35 0
35 1
35 2
35 3
35 4
35 5
36 0
36 1
36 2
36 3
36 4
36 5
37 0
37 1
37 2
37 3
37 4
37 5
0
Yes
0 19
0 20
0 21
0 22
0 23
0 24
0 25
0 26
0 27
0 28
0 29
0 30
0 31
0 32
1 19
1 20
1 21
1 22
1 23
1 24
1 25
1 26
1 27
1 28
1 29
1 30
1 31
1 32
2 19
2 20
2 21
2 22
2 23
2 24
2 25
2 26
2 27
2 28
2 29
2 30
2 31
2 32
3 19
3 20
3 21
3 22
3 23
3 24
3 25
3 26
3 27
3 28
3 29
3 30
3 31
3 32
4 19
4 20
4 21
4 22
4 23
4 24
4 25
4 26
4 27
4 28
4 29
4 30
4 31
4 32
5 19
5 20
5 21
5 22
5 23
5 24
5 25
5 26
5 27
5 28
5 29
5 30
5 31
5 32
6 19
6 20
6 21
6 22
6 23
6 24
6 25
6 26
6 27
6 28
6 29
6 30
6 31
6 32
7 19
7 20
7 21
7 22
7 23
7 24
7 25
7 26
7 27
7 28
7 29
7 30
7 31
7 32
8 19
8 20
8 21
8 22
8 23
8 24
0
Yes
41 5
41 6
42 5
42 6
43 5
43 6
