0
Yes
3 5
3 6
4 5
4 6
2 5
2 6
3 4
3 7
4 4
4 7
5 5
5 6
2 4
2 7
5 4
5 7
1 5
1 6
3 3
3 8
4 3
4 8
6 5
6 6
1 4
1 7
2 3
2 8
5 3
5 8
6 4
6 7
0 5
0 6
1 3
1 8
3 2
3 9
4 2
4 9
6 3
6 8
0 4
0 7
2 2
2 9
5 2
5 9
0 3
0 8
1 2
1 9
6 2
6 9
3 1
3 10
4 1
4 10
2 1
2 10
5 1
5 10
0 2
0 9
1 1
1 10
6 1
6 10
3 0
4 0
0 1
0 10
2 0
5 0
1 0
6 0
0 0
0
Yes
4 17
4 18
5 17
5 18
3 17
3 18
4 16
4 19
5 16
5 19
6 17
6 18
3 16
3 19
6 16
6 19
2 17
2 18
4 15
4 20
5 15
5 20
7 17
7 18
2 16
2 19
3 15
3 20
6 15
6 20
7 16
7 19
1 17
1 18
2 15
2 20
4 14
4 21
5 14
5 21
7 15
7 20
8 17
8 18
1 16
1 19
3 14
3 21
6 14
6 21
8 16
8 19
1 15
1 20
2 14
2 21
7 14
7 21
8 15
8 20
0 17
0 18
4 13
4 22
5 13
5 22
0 16
0 19
3 13
3 22
6 13
6 22
1 14
1 21
8 14
8 21
0 15
0 20
2 13
2 22
7 13
7 22
4 12
4 23
5 12
5 23
0 14
0 21
1 13
1 22
3 12
3 23
6 12
6 23
8 13
8 22
2 12
2 23
7 12
7 23
0 13
0 22
1 12
1 23
4 11
5 11
8 12
8 23
3 11
6 11
2 11
7 11
0 12
0 23
1 11
8 11
0
Yes
14 3
13 3
14 2
14 4
15 3
13 2
13 4
15 2
15 4
12 3
14 1
14 5
16 3
12 2
12 4
13 1
13 5
15 1
15 5
16 2
16 4
12 1
12 5
16 1
11 3
14 0
17 3
11 2
11 4
13 0
15 0
17 2
11 1
11 5
12 0
16 0
17 1
10 3
10 2
10 4
11 0
17 0
10 1
10 5
10 0
0
Yes
18 0
18 1
18 2
19 0
19 1
19 2
0
Yes
8 3
9 3
8 2
8 4
9 2
9 4
7 3
7 2
7 4
8 1
8 5
9 1
9 5
7 1
7 5
8 0
9 0
7 0
0
Yes
24 3
25 3
24 2
24 4
25 2
25 4
23 3
26 3
23 2
23 4
26 2
26 4
24 1
24 5
25 1
25 5
22 3
23 1
23 5
26 1
26 5
27 3
22 2
22 4
27 2
27 4
24 0
25 0
22 1
22 5
27 1
27 5
23 0
26 0
21 3
28 3
21 2
21 4
28 2
28 4
22 0
27 0
21 1
21 5
28 1
28 5
20 3
20 2
20 4
21 0
28 0
20 1
20 0
0
Yes
41 31
41 32
41 33
42 31
42 32
42 33
43 31
43 32
0
Yes
10 8
10 9
11 8
11 9
9 8
9 9
10 7
10 10
11 7
11 10
12 8
12 9
9 7
9 10
12 7
12 10
8 8
8 9
10 6
11 6
13 8
13 9
8 7
8 10
9 6
12 6
13 7
13 10
7 8
7 9
8 6
7 7
7 10
7 6
0
Yes
29 0
29 1
29 2
29 3
29 4
29 5
29 6
29 7
29 8
29 9
29 10
30 0
30 1
30 2
30 3
30 4
30 5
30 6
30 7
30 8
30 9
30 10
31 0
31 1
31 2
31 3
31 4
31 5
31 6
31 7
31 8
31 9
31 10
32 0
32 1
32 2
32 3
32 4
32 5
32 6
32 7
32 8
32 9
32 10
33 0
33 1
33 2
33 3
33 4
33 5
33 6
33 7
33 8
33 9
33 10
34 0
34 1
34 2
34 3
34 4
34 5
34 6
34 7
34 8
34 9
34 10
35 0
35 1
35 2
35 3
35 4
35 5
35 6
35 7
35 8
35 9
35 10
36 0
36 1
36 2
36 3
36 4
36 5
36 6
36 7
36 8
36 9
36 10
37 0
37 1
37 2
37 3
37 4
37 5
37 6
37 7
37 8
37 9
37 10
38 0
38 1
38 2
38 3
38 4
38 5
38 6
38 7
38 8
38 9
38 10
39 0
39 1
39 2
39 3
39 4
39 5
39 6
39 7
39 8
39 9
39 10
40 0
40 1
40 2
40 3
40 4
40 5
40 6
40 7
40 8
40 9
40 10
41 0
41 1
41 2
41 3
41 4
41 5
41 6
41 7
41 8
41 9
0
Yes
17 1
17 2
18 1
18 2
16 1
16 2
17 0
18 0
19 1
19 2
16 0
19 0
15 1
15 2
15 0
0
Yes
3 43
3 44
4 43
4 44
2 43
2 44
3 42
3 45
4 42
4 45
5 43
5 44
2 42
2 45
5 42
5 45
1 43
1 44
3 41
3 46
4 41
4 46
6 43
6 44
1 42
1 45
2 41
2 46
5 41
5 46
6 42
6 45
0 43
0 44
1 41
1 46
3 40
3 47
4 40
4 47
6 41
6 46
0 42
0 45
2 40
2 47
5 40
5 47
0 41
0 46
1 40
1 47
6 40
6 47
3 39
3 48
4 39
4 48
2 39
2 48
5 39
5 48
0 40
0 47
1 39
1 48
6 39
6 48
3 38
3 49
4 38
4 49
0 39
0 48
2 38
2 49
5 38
5 49
1 38
1 49
6 38
6 49
0 38
0 49
3 37
4 37
2 37
5 37
1 37
6 37
0 37
0
Yes
4 30
4 31
5 30
5 31
3 30
3 31
4 29
4 32
5 29
5 32
6 30
6 31
3 29
3 32
6 29
6 32
2 30
2 31
4 28
4 33
5 28
5 33
7 30
7 31
2 29
2 32
3 28
3 33
6 28
6 33
7 29
7 32
1 30
1 31
2 28
2 33
4 27
4 34
5 27
5 34
7 28
7 33
8 30
8 31
1 29
1 32
3 27
3 34
6 27
6 34
8 29
8 32
1 28
1 33
2 27
2 34
7 27
7 34
8 28
8 33
0 30
0 31
4 26
4 35
5 26
5 35
0 29
0 32
3 26
3 35
6 26
6 35
1 27
1 34
8 27
8 34
0 28
0 33
2 26
2 35
7 26
7 35
4 25
4 36
5 25
5 36
0 27
0 34
1 26
1 35
3 25
3 36
6 25
6 36
8 26
8 35
2 25
2 36
7 25
7 36
0 26
0 35
1 25
1 36
4 24
5 24
8 25
8 36
3 24
6 24
2 24
7 24
0 25
0
Yes
25 8
26 8
25 7
25 9
26 7
26 9
24 8
24 7
25 6
26 6
24 6
0
Yes
45 19
46 19
45 18
45 20
46 18
46 20
44 19
47 19
44 18
44 20
47 18
47 20
45 17
45 21
46 17
46 21
43 19
44 17
44 21
47 17
47 21
48 19
43 18
43 20
48 18
48 20
45 16
45 22
46 16
46 22
43 17
43 21
48 17
48 21
44 16
44 22
47 16
47 22
42 19
49 19
42 18
42 20
49 18
49 20
43 16
43 22
48 16
48 22
42 17
42 21
45 15
45 23
46 15
46 23
49 17
49 21
44 15
44 23
47 15
47 23
41 19
41 18
41 20
42 16
42 22
49 16
49 22
43 15
43 23
48 15
48 23
41 17
41 21
45 14
45 24
46 14
46 24
44 14
44 24
47 14
47 24
42 15
42 23
49 15
49 23
41 16
41 22
43 14
43 24
48 14
48 24
41 15
41 23
45 13
46 13
42 14
42 24
49 14
49 24
44 13
47 13
43 13
48 13
41 14
41 24
42 13
0
Yes
7 37
7 38
7 39
7 40
7 41
7 42
7 43
7 44
7 45
7 46
7 47
7 48
7 49
8 37
8 38
8 39
8 40
8 41
8 42
8 43
8 44
8 45
8 46
8 47
8 48
8 49
9 37
9 38
9 39
9 40
9 41
9 42
9 43
9 44
9 45
9 46
9 47
9 48
9 49
10 37
10 38
10 39
10 40
10 41
10 42
10 43
10 44
10 45
10 46
10 47
10 48
10 49
11 37
11 38
11 39
11 40
11 41
11 42
11 43
11 44
11 45
11 46
11 47
11 48
11 49
12 37
12 38
12 39
12 40
12 41
12 42
12 43
12 44
12 45
12 46
12 47
12 48
12 49
13 37
13 38
13 39
13 40
13 41
13 42
13 43
13 44
13 45
13 46
13 47
13 48
13 49
14 37
14 38
14 39
14 40
14 41
14 42
14 43
14 44
14 45
14 46
14 47
14 48
14 49
15 37
15 38
15 39
15 40
15 41
15 42
15 43
15 44
15 45
15 46
15 47
15 48
15 49
16 37
16 38
16 39
16 40
16 41
16 42
16 43
16 44
16 45
16 46
16 47
16 48
16 49
17 37
17 38
17 39
17 40
17 41
17 42
17 43
17 44
17 45
17 46
17 47
17 48
17 49
18 37
18 38
18 39
18 40
18 41
18 42
0
Yes
46 25
46 26
46 27
46 28
46 29
46 30
47 25
47 26
47 27
47 28
47 29
47 30
48 25
48 26
48 27
48 28
48 29
48 30
49 25
49 26
49 27
0
Yes
9 31
9 32
9 33
9 34
9 35
9 36
10 31
10 32
10 33
10 34
10 35
10 36
11 31
11 32
11 33
11 34
11 35
11 36
12 31
12 32
12 33
12 34
12 35
12 36
13 31
13 32
13 33
13 34
13 35
13 36
14 31
14 32
14 33
14 34
14 35
14 36
15 31
15 32
15 33
15 34
15 35
15 36
16 31
16 32
16 33
16 34
16 35
16 36
17 31
17 32
17 33
17 34
17 35
17 36
18 31
18 32
18 33
18 34
18 35
0
Yes
7 0
7 1
7 2
7 3
7 4
7 5
8 0
8 1
8 2
8 3
8 4
8 5
9 0
9 1
9 2
9 3
9 4
9 5
10 0
10 1
10 2
10 3
10 4
10 5
11 0
11 1
11 2
11 3
11 4
11 5
12 0
12 1
12 2
12 3
12 4
12 5
13 0
13 1
13 2
13 3
13 4
13 5
14 0
14 1
14 2
0
Yes
28 43
28 44
28 45
28 46
28 47
28 48
28 49
29 43
29 44
29 45
29 46
29 47
29 48
29 49
30 43
30 44
30 45
30 46
30 47
30 48
30 49
31 43
31 44
31 45
31 46
31 47
31 48
31 49
32 43
32 44
32 45
32 46
32 47
32 48
32 49
33 43
33 44
33 45
33 46
33 47
33 48
33 49
34 43
34 44
34 45
34 46
0
Yes
0 11
0 12
0 13
0 14
0 15
0 16
0 17
0 18
0 19
1 11
1 12
1 13
1 14
1 15
1 16
1 17
1 18
1 19
2 11
2 12
2 13
2 14
2 15
2 16
2 17
2 18
2 19
3 11
3 12
3 13
3 14
3 15
3 16
3 17
3 18
3 19
4 11
4 12
4 13
4 14
4 15
4 16
4 17
4 18
4 19
5 11
5 12
5 13
5 14
5 15
5 16
5 17
5 18
5 19
6 11
6 12
6 13
6 14
6 15
6 16
6 17
6 18
6 19
7 11
7 12
7 13
7 14
7 15
7 16
7 17
7 18
0
No
0
No
0
No
0
Yes
18 43
18 44
18 45
18 46
18 47
18 48
18 49
19 43
19 44
19 45
19 46
19 47
19 48
19 49
20 43
20 44
20 45
20 46
20 47
20 48
20 49
21 43
21 44
21 45
21 46
21 47
21 48
21 49
22 43
22 44
22 45
22 46
22 47
22 48
22 49
23 43
23 44
23 45
23 46
23 47
23 48
23 49
24 43
24 44
24 45
24 46
24 47
24 48
24 49
25 43
25 44
25 45
25 46
25 47
25 48
0
No
0
No
0
No
0
Yes
23 43
23 44
24 43
24 44
22 43
22 44
23 42
23 45
24 42
24 45
25 43
25 44
22 42
22 45
25 42
25 45
21 43
21 44
23 41
23 46
24 41
24 46
26 43
26 44
21 42
21 45
22 41
22 46
25 41
25 46
26 42
26 45
20 43
20 44
21 41
21 46
23 40
23 47
24 40
24 47
26 41
26 46
27 43
27 44
20 42
20 45
22 40
22 47
25 40
25 47
27 42
27 45
20 41
20 46
21 40
21 47
26 40
26 47
27 41
27 46
19 43
19 44
23 39
23 48
24 39
24 48
19 42
19 45
22 39
22 48
25 39
25 48
20 40
20 47
27 40
27 47
19 41
19 46
21 39
21 48
26 39
26 48
23 38
23 49
24 38
24 49
19 40
19 47
20 39
20 48
22 38
22 49
25 38
25 49
27 39
27 48
21 38
21 49
26 38
26 49
19 39
19 48
20 38
20 49
23 37
24 37
27 38
27 49
22 37
25 37
21 37
26 37
19 38
19 49
0
Yes
27 23
26 23
26 24
27 24
26 25
27 25
25 25
25 24
25 23
25 26
26 26
27 26
27 27
26 27
25 27
28 26
28 25
28 24
28 27
26 28
27 28
28 28
25 28
24 27
24 26
24 25
24 28
29 24
29 25
29 26
29 27
29 28
27 29
26 29
28 29
25 29
29 29
24 29
23 25
23 26
23 27
23 28
23 29
30 25
30 26
30 27
30 28
30 24
30 29
26 30
27 30
28 30
25 30
29 30
24 30
30 30
23 30
22 26
22 27
22 28
22 29
22 30
22 25
31 24
31 25
31 26
31 27
31 28
31 29
31 30
27 31
26 31
28 31
0
Yes
8 11
8 12
8 13
8 14
9 11
9 12
9 13
9 14
10 11
10 12
10 13
10 14
0
Yes
0 20
0 21
0 22
0 23
0 24
1 20
1 21
1 22
1 23
1 24
2 20
2 21
2 22
0
Yes
32 23
32 24
32 25
32 26
32 27
32 28
32 29
32 30
32 31
33 23
33 24
33 25
33 26
33 27
33 28
33 29
33 30
33 31
34 23
34 24
34 25
34 26
34 27
34 28
34 29
34 30
34 31
35 23
35 24
35 25
35 26
35 27
35 28
35 29
35 30
35 31
36 23
36 24
36 25
36 26
36 27
36 28
36 29
36 30
36 31
37 23
37 24
37 25
37 26
37 27
37 28
37 29
37 30
37 31
38 23
38 24
38 25
38 26
38 27
38 28
38 29
38 30
38 31
39 23
39 24
39 25
39 26
39 27
39 28
39 29
39 30
39 31
40 23
40 24
40 25
40 26
40 27
40 28
40 29
40 30
40 31
41 23
41 24
41 25
41 26
41 27
41 28
41 29
41 30
0
Yes
49 20
48 20
48 19
49 19
48 18
49 18
47 18
47 19
47 20
47 21
48 21
49 21
46 20
46 19
46 21
46 18
47 17
48 17
49 17
46 17
49 22
48 22
47 22
46 22
45 19
45 20
45 21
45 18
45 22
45 17
49 16
48 16
47 16
46 16
45 16
48 23
47 23
46 23
49 23
45 23
44 20
44 19
44 21
44 18
44 22
44 17
44 23
44 16
48 15
47 15
46 15
45 15
49 15
44 15
49 24
48 24
47 24
46 24
45 24
44 24
43 19
43 20
43 21
43 18
43 22
43 17
43 23
43 16
43 24
43 15
49 14
48 14
47 14
46 14
45 14
44 14
43 14
43 25
42 20
42 19
42 21
42 18
42 22
42 17
42 23
42 16
42 24
42 15
42 25
42 14
41 19
41 20
41 18
41 17
41 16
41 21
41 22
41 15
41 14
41 13
42 13
43 13
44 13
45 13
46 13
47 13
48 13
40 20
40 19
40 18
40 17
40 16
40 15
40 21
40 14
40 22
0
Yes
12 31
12 32
12 33
12 34
12 35
12 36
13 31
13 32
13 33
13 34
13 35
13 36
14 31
14 32
14 33
14 34
14 35
14 36
15 31
15 32
15 33
15 34
15 35
15 36
16 31
16 32
16 33
16 34
16 35
16 36
17 31
17 32
17 33
17 34
17 35
17 36
18 31
18 32
18 33
18 34
18 35
18 36
19 31
19 32
19 33
19 34
0
Yes
20 3
20 2
21 2
21 3
22 2
22 3
22 4
21 4
20 4
22 1
21 1
20 1
23 4
23 3
23 2
23 1
20 0
21 0
22 0
23 0
23 5
0
No
0
Yes
35 17
36 17
35 16
35 18
36 16
36 18
34 17
37 17
34 16
34 18
37 16
37 18
35 15
35 19
36 15
36 19
33 17
34 15
34 19
37 15
37 19
38 17
33 16
33 18
38 16
38 18
35 14
35 20
36 14
36 20
33 15
33 19
38 15
38 19
34 14
34 20
37 14
37 20
32 17
39 17
32 16
32 18
39 16
39 18
33 14
33 20
38 14
38 20
32 15
32 19
35 13
35 21
36 13
36 21
39 15
39 19
34 13
34 21
37 13
37 21
31 17
31 16
31 18
32 14
32 20
39 14
39 20
33 13
33 21
38 13
38 21
31 15
31 19
35 12
35 22
36 12
36 22
34 12
34 22
37 12
37 22
32 13
39 13
39 21
31 14
31 20
33 12
33 22
38 12
38 22
31 13
35 11
36 11
32 12
32 22
39 12
39 22
34 11
37 11
33 11
38 11
31 12
31 22
32 11
39 11
31 11
0
Yes
11 20
11 21
12 20
12 21
0
No
0
No
0
Yes
30 3
29 3
29 2
30 2
29 1
30 1
31 1
31 2
31 3
28 1
28 2
28 3
31 4
30 4
29 4
28 4
32 3
32 2
32 4
32 1
31 0
30 0
29 0
28 0
32 0
27 3
27 2
27 1
27 4
27 0
30 5
29 5
31 5
28 5
32 5
27 5
33 2
33 3
33 4
33 1
33 5
33 0
26 2
26 3
26 4
26 1
26 5
26 0
29 6
30 6
31 6
28 6
32 6
27 6
33 6
26 6
34 3
34 2
34 4
34 1
34 5
34 0
34 6
25 3
25 2
25 4
25 1
25 5
25 0
25 6
30 7
29 7
31 7
28 7
32 7
27 7
33 7
26 7
34 7
25 7
35 2
35 3
35 4
35 5
35 1
35 6
35 0
35 7
24 2
24 3
24 4
24 5
24 6
24 7
24 1
24 0
29 8
30 8
31 8
28 8
32 8
27 8
33 8
26 8
34 8
25 8
35 8
24 8
36 3
36 2
36 4
36 5
36 6
36 1
36 7
36 0
36 8
30 9
29 9
31 9
28 9
32 9
27 9
33 9
34 9
26 9
35 9
36 9
25 9
37 2
37 3
37 4
37 5
37 6
37 7
37 1
37 8
37 0
37 9
29 10
30 10
31 10
28 10
32 10
33 10
34 10
35 10
27 10
26 10
36 10
0
Yes
9 17
8 17
9 16
8 16
8 18
9 15
8 15
0
Yes
38 0
38 1
38 2
38 3
38 4
38 5
39 0
39 1
39 2
39 3
39 4
39 5
40 0
40 1
40 2
40 3
40 4
40 5
41 0
41 1
41 2
41 3
41 4
41 5
42 0
42 1
0
Yes
0 28
0 29
0 30
0 31
0 32
0 33
0 34
0 35
0 36
1 28
1 29
1 30
1 31
1 32
1 33
1 34
1 35
1 36
2 28
2 29
2 30
2 31
2 32
2 33
2 34
2 35
2 36
3 28
3 29
3 30
3 31
3 32
3 33
3 34
3 35
3 36
4 28
4 29
4 30
4 31
4 32
4 33
4 34
4 35
4 36
5 28
5 29
5 30
5 31
5 32
5 33
5 34
5 35
5 36
6 28
6 29
6 30
6 31
6 32
6 33
6 34
6 35
6 36
7 28
7 29
7 30
7 31
7 32
7 33
7 34
7 35
7 36
8 28
8 29
8 30
8 31
8 32
8 33
8 34
8 35
8 36
9 28
9 29
9 30
9 31
9 32
9 33
9 34
9 35
9 36
10 28
10 29
10 30
10 31
10 32
10 33
10 34
10 35
10 36
11 28
11 29
11 30
11 31
11 32
11 33
11 34
11 35
11 36
12 28
12 29
12 30
0
No
0
No
0
Yes
6 10
5 10
5 9
6 9
5 8
6 8
4 8
4 9
4 10
3 10
3 9
3 8
4 7
5 7
6 7
3 7
2 9
2 8
2 10
2 7
6 6
5 6
4 6
3 6
2 6
1 10
1 9
1 8
1 7
1 6
5 5
4 5
3 5
2 5
6 5
1 5
0 9
0 8
0 7
0 6
0 5
0 10
6 4
5 4
4 4
3 4
2 4
1 4
0 4
5 3
4 3
3 3
2 3
1 3
6 3
0 3
6 2
5 2
4 2
3 2
2 2
1 2
0 2
7 3
7 4
7 5
7 2
5 1
4 1
3 1
2 1
6 1
1 1
7 1
0 1
8 5
8 4
8 3
8 2
8 1
6 0
5 0
4 0
3 0
2 0
7 0
8 0
1 0
0 0
9 4
9 3
9 2
9 1
9 5
0
No
0
No
0
Yes
0 27
0 28
0 29
0 30
0 31
0 32
0 33
0 34
0 35
0 36
1 27
1 28
1 29
1 30
1 31
1 32
1 33
1 34
1 35
1 36
2 27
2 28
2 29
2 30
2 31
2 32
2 33
2 34
2 35
2 36
3 27
3 28
3 29
3 30
3 31
3 32
3 33
3 34
3 35
3 36
4 27
4 28
4 29
4 30
4 31
4 32
4 33
4 34
4 35
4 36
5 27
5 28
5 29
5 30
5 31
5 32
5 33
5 34
5 35
5 36
6 27
6 28
6 29
6 30
6 31
6 32
6 33
6 34
6 35
6 36
7 27
7 28
7 29
7 30
7 31
7 32
7 33
7 34
7 35
7 36
8 27
8 28
8 29
8 30
8 31
8 32
8 33
8 34
8 35
8 36
9 27
9 28
9 29
9 30
9 31
9 32
9 33
9 34
9 35
9 36
10 27
10 28
10 29
10 30
10 31
10 32
10 33
10 34
10 35
10 36
11 27
11 28
11 29
11 30
11 31
11 32
11 33
11 34
11 35
11 36
12 27
12 28
0
Yes
45 15
44 15
45 14
45 16
46 15
44 14
44 16
46 14
46 16
43 15
45 13
45 17
47 15
43 14
43 16
44 13
44 17
46 13
46 17
47 14
47 16
43 13
43 17
47 13
47 17
42 15
45 12
48 15
42 14
42 16
44 12
46 12
48 14
48 16
42 13
42 17
43 12
47 12
48 13
48 17
41 15
49 15
41 14
41 16
49 14
49 16
42 12
41 13
41 17
49 17
40 15
41 12
40 14
40 16
40 13
40 17
40 12
0
No
0
No
0
No
0
No
0
Yes
44 23
43 23
43 22
44 22
43 21
44 21
45 21
45 22
45 23
42 21
42 22
42 23
45 24
44 24
43 24
42 24
46 23
46 22
46 24
46 21
45 20
44 20
43 20
42 20
46 20
41 23
41 22
41 21
41 24
41 20
44 25
43 25
45 25
42 25
46 25
41 25
47 22
47 23
47 24
47 21
47 25
47 20
44 19
43 19
45 19
42 19
46 19
41 19
47 19
40 22
40 23
40 21
40 24
40 20
40 25
40 19
43 26
44 26
45 26
42 26
46 26
41 26
47 26
40 26
48 23
48 22
48 24
48 21
48 25
48 20
48 26
48 19
43 18
44 18
45 18
42 18
46 18
47 18
48 18
41 18
40 18
39 23
39 24
39 25
39 26
44 27
43 27
45 27
42 27
46 27
41 27
47 27
40 27
48 27
39 27
49 22
49 23
49 24
49 21
49 25
49 20
49 26
49 27
49 19
49 18
38 24
38 25
38 26
38 23
38 27
43 28
44 28
45 28
42 28
46 28
41 28
47 28
40 28
48 28
39 28
38 28
49 28
37 23
37 24
37 25
0
No
0
Yes
31 38
30 38
31 37
31 39
32 38
30 37
30 39
32 37
32 39
29 38
31 36
31 40
33 38
29 37
29 39
30 36
30 40
32 36
32 40
33 37
33 39
29 36
29 40
33 36
33 40
28 38
31 35
31 41
28 37
28 39
30 35
30 41
32 35
32 41
28 36
28 40
29 35
29 41
33 35
33 41
31 34
31 42
30 34
30 42
32 34
32 42
28 35
28 41
29 34
29 42
33 34
33 42
28 34
28 42
31 33
30 33
32 33
29 33
33 33
0
Yes
34 26
34 27
35 26
35 27
33 26
33 27
34 25
34 28
35 25
35 28
36 26
36 27
33 25
33 28
36 25
36 28
32 26
32 27
34 24
34 29
35 24
35 29
32 25
32 28
33 24
33 29
36 24
36 29
32 24
32 29
34 23
35 23
33 23
36 23
0
No
0
No
0
No
0
Yes
3 20
3 21
4 21
4 20
5 21
5 20
5 22
4 22
3 22
3 23
4 23
5 23
6 22
6 21
6 20
6 23
4 24
5 24
3 24
6 24
7 20
7 21
7 22
7 23
7 24
3 25
4 25
5 25
6 25
7 25
8 21
8 22
8 23
8 24
8 20
8 25
4 26
5 26
6 26
7 26
3 26
8 26
2 25
2 26
2 24
2 23
9 20
9 21
9 22
9 23
9 24
0
Yes
29 16
29 15
28 15
30 15
30 16
30 14
29 14
28 14
29 13
28 13
30 13
30 12
29 12
28 12
27 13
27 12
27 14
27 15
0
No
0
No
0
Yes
7 33
7 34
8 33
8 34
6 33
6 34
7 32
7 35
8 32
8 35
9 33
9 34
6 32
6 35
9 32
9 35
5 33
5 34
7 31
7 36
8 31
8 36
10 33
10 34
5 32
5 35
6 31
6 36
9 31
9 36
10 32
10 35
4 33
4 34
5 31
5 36
7 30
8 30
10 31
10 36
11 33
11 34
4 32
4 35
6 30
9 30
11 32
11 35
4 31
4 36
5 30
10 30
11 31
11 36
3 33
3 34
3 32
3 35
4 30
11 30
3 31
3 36
0
No
0
No
0
No
0
No
0
No
0
No
0
Yes
27 7
26 7
26 6
27 6
26 5
27 5
28 5
28 6
28 7
25 5
25 6
25 7
28 8
27 8
26 8
25 8
29 7
29 6
29 8
29 5
28 4
27 4
26 4
25 4
29 4
24 7
24 6
24 5
24 4
24 8
27 9
26 9
28 9
29 9
25 9
30 6
30 7
30 8
30 5
30 9
30 4
27 3
26 3
28 3
25 3
29 3
24 3
30 3
28 10
27 10
26 10
29 10
30 10
31 7
31 6
31 8
31 5
31 9
31 4
31 10
31 3
26 2
27 2
28 2
29 2
25 2
30 2
24 2
31 2
27 11
28 11
29 11
30 11
26 11
32 6
32 7
32 8
32 5
32 4
32 9
32 3
32 10
32 2
27 1
26 1
28 1
29 1
30 1
25 1
31 1
24 1
32 1
33 7
33 6
33 8
33 5
33 4
33 3
33 9
33 2
33 10
33 1
26 0
27 0
28 0
29 0
30 0
31 0
32 0
33 0
25 0
24 0
34 6
34 7
34 8
34 5
34 4
34 3
34 2
34 9
34 1
34 10
34 0
35 7
35 6
35 8
0
Yes
39 0
38 0
38 1
39 1
38 2
39 2
40 2
40 1
40 0
37 2
37 1
37 0
41 0
41 1
41 2
40 3
39 3
38 3
37 3
41 3
36 0
36 1
36 2
36 3
42 1
42 2
42 0
39 4
38 4
40 4
37 4
41 4
36 4
35 1
35 2
35 3
35 4
35 0
38 5
39 5
37 5
40 5
36 5
0
Yes
11 19
10 19
10 20
11 20
12 20
11 21
12 21
0
No
0
Yes
46 23
46 24
45 23
45 24
47 23
47 24
46 22
46 25
45 22
45 25
47 22
47 25
44 23
44 24
48 23
48 24
44 22
44 25
46 21
46 26
48 22
48 25
45 21
45 26
47 21
47 26
43 23
43 24
49 23
49 24
44 21
44 26
48 21
48 26
43 22
43 25
49 22
49 25
46 20
46 27
45 20
45 27
47 20
47 27
43 21
43 26
49 21
49 26
42 23
42 24
44 20
44 27
48 20
48 27
42 22
42 25
46 19
46 28
43 20
43 27
45 19
45 28
47 19
47 28
49 20
49 27
42 21
42 26
44 19
44 28
48 19
48 28
42 20
42 27
43 19
43 28
49 19
49 28
46 18
45 18
47 18
44 18
48 18
42 19
42 28
43 18
0
No
0
Yes
12 2
13 2
12 1
12 3
13 1
13 3
11 2
14 2
11 1
11 3
14 1
14 3
12 0
13 0
10 2
11 0
14 0
10 1
10 3
0
Yes
13 11
12 11
12 10
13 10
12 9
13 9
11 9
11 10
11 11
10 11
10 10
10 9
11 8
12 8
13 8
10 8
9 10
9 9
9 11
9 8
13 7
12 7
11 7
10 7
9 7
8 11
8 10
8 9
8 8
8 7
9 12
10 12
8 12
11 12
12 6
11 6
10 6
9 6
8 6
7 10
7 9
7 8
7 11
7 12
7 7
7 6
0
Yes
41 32
41 33
42 32
42 33
43 32
0
Yes
24 0
24 1
25 1
25 0
26 1
26 0
26 2
25 2
24 2
24 3
25 3
26 3
27 2
27 1
27 0
27 3
25 4
26 4
24 4
27 4
28 0
28 1
28 2
28 3
28 4
24 5
25 5
26 5
27 5
28 5
29 1
29 2
29 3
29 4
29 0
29 5
25 6
26 6
27 6
28 6
24 6
29 6
30 0
30 1
30 2
30 3
30 4
30 5
30 6
24 7
25 7
26 7
27 7
28 7
29 7
30 7
31 1
31 2
31 3
31 4
31 5
31 6
31 0
31 7
25 8
26 8
27 8
28 8
29 8
30 8
31 8
24 8
32 0
32 1
32 2
32 3
32 4
32 5
32 6
32 7
32 8
26 9
27 9
28 9
29 9
30 9
31 9
32 9
25 9
33 1
33 2
33 3
33 4
33 5
33 6
33 7
33 8
33 0
33 9
27 10
28 10
29 10
30 10
31 10
26 10
32 10
33 10
34 0
34 1
34 2
34 3
34 4
34 5
34 6
0
No
0
Yes
23 46
23 47
22 46
22 47
24 46
24 47
23 45
23 48
22 45
22 48
24 45
24 48
21 46
21 47
25 46
25 47
21 45
21 48
23 44
23 49
25 45
25 48
22 44
22 49
24 44
24 49
20 46
20 47
26 46
26 47
21 44
21 49
25 44
25 49
20 45
20 48
26 45
26 48
23 43
22 43
24 43
20 44
20 49
26 44
26 49
19 46
19 47
21 43
25 43
27 46
27 47
19 45
19 48
27 45
27 48
20 43
26 43
19 44
19 49
27 44
27 49
18 46
18 47
18 45
18 48
19 43
27 43
0
No
0
Yes
5 32
4 32
4 31
5 31
4 30
5 30
6 30
6 31
6 32
3 30
3 31
3 32
6 33
5 33
4 33
3 33
7 32
7 31
7 33
7 30
6 29
5 29
4 29
3 29
7 29
2 32
2 31
2 30
2 33
2 29
5 34
4 34
6 34
3 34
7 34
2 34
8 31
8 32
8 33
8 30
8 34
8 29
5 28
4 28
6 28
3 28
7 28
2 28
8 28
1 31
1 32
1 30
1 33
1 29
1 34
1 28
4 35
5 35
6 35
3 35
7 35
2 35
8 35
1 35
9 32
9 31
9 33
9 30
9 34
9 29
9 35
9 28
4 27
5 27
6 27
3 27
7 27
2 27
8 27
1 27
9 27
0 32
0 31
0 33
0 30
0 29
0 34
0 28
0 35
0 27
5 36
4 36
6 36
3 36
7 36
2 36
8 36
9 36
1 36
0 36
10 31
10 32
10 33
10 30
10 34
10 29
10 35
10 28
10 36
10 27
5 26
4 26
6 26
3 26
7 26
2 26
8 26
1 26
9 26
0 26
10 26
11 32
11 31
11 33
11 30
11 34
11 29
11 28
11 27
11 26
11 35
11 36
4 25
5 25
6 25
3 25
7 25
2 25
8 25
9 25
1 25
10 25
0 25
11 25
12 30
12 29
12 28
12 27
0
Yes
9 24
8 24
8 23
9 23
8 22
9 22
7 22
7 23
7 24
6 24
6 23
6 22
7 21
8 21
9 21
6 21
5 23
5 22
5 24
5 21
9 20
8 20
7 20
6 20
5 20
4 24
4 23
4 22
4 21
4 20
8 19
7 19
6 19
5 19
4 19
9 19
3 23
3 22
3 21
3 20
3 24
3 19
7 18
6 18
5 18
8 18
4 18
3 18
2 24
2 23
2 22
2 21
2 20
2 19
2 18
8 17
7 17
6 17
5 17
4 17
3 17
2 17
1 23
1 22
1 21
1 20
1 19
1 18
1 24
1 17
7 16
6 16
5 16
4 16
3 16
2 16
8 16
1 16
0 24
0 23
0 22
0 21
0 20
0 19
0 18
0 17
0 16
8 15
7 15
6 15
5 15
4 15
3 15
2 15
1 15
0 15
9 15
9 16
9 17
9 14
8 14
7 14
6 14
5 14
4 14
0
No
0
No
0
Yes
37 4
38 4
37 3
37 5
38 3
38 5
36 4
39 4
36 3
36 5
39 3
39 5
37 2
37 6
38 2
38 6
35 4
36 2
36 6
39 2
39 6
35 3
35 5
37 1
37 7
38 1
38 7
35 2
35 6
36 1
36 7
39 1
39 7
35 1
35 7
37 0
38 0
36 0
39 0
35 0
0
No
0
No
0
No
0
Yes
0 21
0 22
0 23
0 24
1 21
1 22
1 23
1 24
2 21
2 22
2 23
2 24
3 21
3 22
3 23
3 24
4 21
4 22
4 23
4 24
5 21
5 22
5 23
5 24
0
Yes
3 11
2 11
2 12
3 12
2 13
3 13
4 13
4 12
4 11
1 13
1 12
1 11
5 11
5 12
5 13
4 14
3 14
2 14
1 14
5 14
0 11
0 12
0 13
0 14
6 12
6 13
6 14
6 11
3 15
2 15
4 15
1 15
5 15
0 15
6 15
7 15
7 14
7 13
0
Yes
34 23
33 23
33 24
34 24
33 25
34 25
35 25
35 24
35 23
32 25
32 24
32 23
36 23
36 24
36 25
35 26
34 26
33 26
32 26
36 26
37 24
37 25
37 23
37 26
34 27
35 27
33 27
36 27
32 27
37 27
38 23
38 24
38 25
38 26
38 27
33 28
34 28
35 28
36 28
37 28
32 28
38 28
39 24
39 25
39 26
39 27
39 23
39 28
34 29
35 29
36 29
37 29
33 29
38 29
32 29
39 29
40 23
40 24
40 25
40 26
40 27
40 28
40 29
33 30
34 30
35 30
36 30
37 30
38 30
39 30
32 30
40 30
41 24
41 25
41 26
41 27
41 28
41 29
41 23
41 30
34 31
35 31
36 31
37 31
38 31
39 31
33 31
40 31
32 31
41 31
42 29
42 30
42 31
33 32
34 32
35 32
36 32
37 32
38 32
39 32
32 32
0
No
0
Yes
26 38
25 38
26 37
26 39
27 38
25 37
25 39
27 37
27 39
24 38
26 36
26 40
28 38
24 37
24 39
25 36
25 40
27 36
27 40
28 37
28 39
24 36
24 40
28 36
28 40
23 38
26 35
26 41
29 38
23 37
23 39
25 35
25 41
27 35
27 41
29 37
29 39
23 36
23 40
24 35
24 41
28 35
28 41
29 36
29 40
22 38
26 34
26 42
30 38
22 37
22 39
25 34
25 42
27 34
27 42
30 37
30 39
23 35
23 41
29 35
29 41
22 36
22 40
24 34
24 42
28 34
28 42
30 36
30 40
21 38
22 35
22 41
23 34
23 42
26 33
29 34
29 42
30 35
30 41
31 38
21 37
21 39
25 33
27 33
31 37
31 39
21 36
21 40
24 33
28 33
31 36
31 40
22 34
22 42
30 34
30 42
21 35
21 41
23 33
29 33
31 35
31 41
20 38
32 38
20 37
20 39
32 37
32 39
20 36
20 40
32 36
32 40
21 34
21 42
22 33
30 33
31 34
31 42
20 35
20 41
32 35
32 41
19 38
19 37
19 39
21 33
31 33
20 34
20 42
32 34
32 42
19 36
19 40
19 35
19 41
20 33
32 33
19 42
0
Yes
40 14
40 13
41 13
41 14
42 13
42 14
42 15
41 15
40 15
42 12
41 12
40 12
40 16
41 16
42 16
43 15
43 14
43 13
43 12
43 16
40 11
41 11
42 11
43 11
41 17
42 17
40 17
43 17
44 14
44 13
44 15
44 12
44 16
44 11
44 17
41 10
42 10
43 10
40 10
44 10
45 13
45 14
45 15
45 12
45 16
45 11
45 17
45 10
45 9
44 9
43 9
42 9
41 9
40 9
46 14
46 13
46 15
46 12
46 11
46 16
46 10
46 17
46 9
46 8
45 8
44 8
43 8
42 8
41 8
40 8
47 13
47 14
47 15
47 12
47 16
47 17
47 11
47 10
0
No
0
No
0
Yes
40 7
40 6
41 6
41 7
42 6
42 7
42 5
41 5
40 5
41 4
40 4
43 5
43 6
43 7
0
No
0
No
0
Yes
38 9
38 10
37 9
37 10
39 9
39 10
38 8
37 8
39 8
36 9
36 10
36 8
0
No
0
No
0
No
0
Yes
0 0
0 1
0 2
0 3
0 4
0 5
0 6
0 7
1 0
1 1
1 2
1 3
1 4
1 5
1 6
1 7
2 0
2 1
2 2
2 3
2 4
2 5
2 6
2 7
3 0
3 1
3 2
3 3
3 4
3 5
3 6
3 7
4 0
4 1
4 2
4 3
4 4
4 5
4 6
4 7
5 0
5 1
5 2
5 3
5 4
5 5
5 6
5 7
6 0
6 1
6 2
6 3
6 4
6 5
6 6
6 7
7 0
7 1
7 2
7 3
7 4
7 5
0
Yes
6 8
5 8
5 9
6 9
5 10
6 10
4 10
4 9
4 8
3 8
3 9
3 10
4 11
5 11
6 11
3 11
2 9
2 10
2 8
2 11
6 12
5 12
4 12
3 12
2 12
1 8
1 9
1 10
1 11
1 12
5 13
4 13
3 13
2 13
6 13
1 13
0 9
0 10
0 11
0 12
0 13
0 8
6 14
0
No
0
No
0
Yes
0 14
0 15
0 16
0 17
0 18
0 19
0 20
1 14
1 15
1 16
1 17
1 18
1 19
1 20
2 14
2 15
2 16
2 17
2 18
2 19
2 20
3 14
3 15
3 16
3 17
3 18
3 19
3 20
4 14
4 15
4 16
0
Yes
5 14
5 15
6 15
6 16
5 16
7 16
7 15
7 14
5 17
6 17
7 17
8 14
8 15
8 16
8 17
4 17
8 13
7 13
7 12
8 12
4 18
5 18
6 18
7 18
8 18
9 13
9 14
9 15
9 16
9 17
9 12
8 11
7 11
9 11
7 10
8 10
9 10
5 19
6 19
7 19
4 19
8 19
10 14
10 13
10 15
10 12
10 11
10 10
8 9
9 9
7 9
10 9
4 20
5 20
6 20
7 20
8 20
7 8
8 8
9 8
10 8
11 12
11 11
11 10
11 9
11 8
9 19
9 20
6 21
7 21
8 21
9 21
8 7
9 7
10 7
7 7
11 7
12 11
12 10
12 9
12 8
12 7
10 20
10 19
11 19
11 20
7 6
8 6
9 6
10 6
11 6
12 6
7 22
8 22
6 22
9 22
13 10
13 9
13 8
13 7
13 11
6 23
7 23
8 23
9 23
11 21
12 20
12 21
8 5
9 5
10 5
11 5
12 5
7 24
8 24
6 24
9 24
10 23
14 9
9 4
10 4
11 4
8 4
12 4
8 3
9 3
13 5
13 4
0
No
0
No
0
Yes
36 28
36 29
35 28
35 29
37 28
37 29
36 27
36 30
35 27
35 30
37 27
37 30
34 28
34 29
38 28
38 29
34 27
34 30
36 26
36 31
38 27
38 30
35 26
35 31
37 26
37 31
33 28
33 29
39 28
39 29
34 26
34 31
38 26
38 31
33 27
33 30
39 27
39 30
36 25
36 32
35 25
35 32
37 25
37 32
33 26
33 31
39 26
39 31
32 28
32 29
34 25
34 32
38 25
38 32
32 27
32 30
36 24
36 33
33 25
33 32
35 24
35 33
37 24
37 33
39 25
39 32
32 26
32 31
34 24
34 33
38 24
38 33
32 25
32 32
33 24
33 33
39 24
39 33
36 23
35 23
37 23
34 23
38 23
32 24
33 23
0
Yes
28 43
28 44
29 44
29 43
30 44
30 43
30 45
29 45
28 45
28 46
29 46
30 46
31 45
31 44
31 43
31 46
29 47
30 47
28 47
31 47
32 43
32 44
32 45
32 46
32 47
28 48
29 48
30 48
31 48
32 48
33 44
33 45
33 46
33 47
33 43
33 48
29 49
30 49
31 49
32 49
33 49
28 49
34 43
34 44
0
No
0
No
0
Yes
0 0
0 1
1 1
1 0
2 1
2 0
2 2
1 2
0 2
0 3
1 3
2 3
3 2
3 1
3 0
3 3
1 4
2 4
0 4
3 4
4 0
4 1
4 2
4 3
4 4
0 5
1 5
2 5
3 5
4 5
5 1
5 2
5 3
5 4
5 0
5 5
1 6
2 6
3 6
4 6
0 6
5 6
6 0
6 1
6 2
6 3
6 4
6 5
6 6
0 7
1 7
2 7
3 7
4 7
5 7
6 7
7 1
7 2
7 3
7 4
7 5
7 6
7 0
7 7
8 0
8 1
8 2
8 3
0
No
0
No
0
Yes
41 1
41 2
42 1
42 2
40 1
40 2
41 0
42 0
40 0
0
Yes
24 39
23 39
24 38
24 40
25 39
23 38
23 40
25 38
25 40
22 39
24 37
24 41
26 39
22 38
22 40
23 37
23 41
25 37
25 41
26 38
26 40
22 37
22 41
26 37
26 41
21 39
24 36
24 42
27 39
21 38
21 40
23 36
23 42
25 36
25 42
27 38
27 40
21 37
21 41
22 36
22 42
26 36
26 42
27 37
27 41
20 39
24 35
28 39
20 38
20 40
23 35
25 35
28 38
28 40
21 36
21 42
27 36
27 42
20 37
20 41
22 35
26 35
28 37
28 41
19 39
20 36
20 42
21 35
27 35
28 36
28 42
19 38
19 40
19 37
19 41
20 35
28 35
19 36
19 42
19 35
0
Yes
37 9
37 10
36 9
36 10
38 9
38 10
37 8
36 8
38 8
35 9
35 10
39 9
39 10
35 8
39 8
34 9
34 10
34 8
0
Yes
22 25
22 26
22 27
22 28
22 29
22 30
22 31
22 32
22 33
22 34
23 25
23 26
23 27
23 28
23 29
23 30
23 31
23 32
23 33
23 34
24 25
24 26
24 27
24 28
24 29
24 30
24 31
24 32
24 33
24 34
25 25
25 26
25 27
25 28
25 29
25 30
25 31
25 32
25 33
25 34
26 25
26 26
26 27
26 28
26 29
26 30
26 31
26 32
26 33
26 34
27 25
27 26
27 27
27 28
27 29
27 30
27 31
27 32
27 33
27 34
28 25
28 26
28 27
28 28
28 29
28 30
28 31
28 32
28 33
28 34
29 25
29 26
29 27
29 28
29 29
29 30
29 31
29 32
29 33
29 34
30 25
30 26
30 27
30 28
30 29
30 30
30 31
30 32
30 33
30 34
31 25
31 26
31 27
31 28
31 29
31 30
31 31
31 32
0
Yes
43 13
44 13
43 12
43 14
44 12
44 14
42 13
45 13
42 12
42 14
45 12
45 14
43 11
43 15
44 11
44 15
41 13
42 11
42 15
45 11
45 15
46 13
41 12
41 14
46 12
46 14
43 10
43 16
44 10
44 16
41 11
41 15
46 11
46 15
42 10
42 16
45 10
45 16
40 13
40 12
40 14
41 10
41 16
46 10
46 16
40 11
40 15
43 9
43 17
44 9
44 17
42 9
42 17
45 9
45 17
40 10
40 16
41 9
41 17
46 9
46 17
43 8
44 8
42 8
45 8
40 9
40 17
41 8
0
Yes
49 18
49 17
48 17
48 16
49 16
48 15
49 15
47 15
47 16
47 17
47 14
48 14
49 14
0
Yes
0 37
0 38
0 39
0 40
0 41
0 42
0 43
0 44
1 37
1 38
1 39
1 40
1 41
1 42
1 43
1 44
2 37
2 38
2 39
2 40
2 41
2 42
2 43
2 44
3 37
3 38
3 39
3 40
3 41
3 42
3 43
3 44
4 37
4 38
4 39
4 40
4 41
4 42
4 43
4 44
5 37
5 38
5 39
5 40
5 41
5 42
5 43
5 44
6 37
6 38
6 39
6 40
6 41
6 42
6 43
6 44
0
No
0
Yes
4 14
4 15
5 14
5 15
3 14
3 15
4 13
4 16
5 13
5 16
6 14
6 15
3 13
3 16
6 13
6 16
2 14
2 15
4 12
4 17
5 12
5 17
7 14
7 15
2 13
2 16
3 12
3 17
6 12
6 17
7 13
7 16
1 14
1 15
2 12
2 17
4 11
4 18
5 11
5 18
7 12
7 17
8 14
8 15
1 13
1 16
3 11
3 18
6 11
6 18
8 13
8 16
1 12
1 17
2 11
2 18
7 11
7 18
8 12
8 17
0 14
0 15
4 10
4 19
5 10
5 19
0 13
0 16
3 10
3 19
6 10
6 19
1 11
1 18
8 11
8 18
0 12
0 17
2 10
2 19
7 10
7 19
4 9
4 20
5 9
5 20
0 11
0 18
1 10
1 19
3 9
3 20
6 9
6 20
8 10
8 19
2 9
2 20
7 9
7 20
0 10
0 19
1 9
1 20
4 8
5 8
8 9
8 20
3 8
6 8
2 8
7 8
0 9
0 20
1 8
8 8
0 8
0
No
0
Yes
14 9
13 9
13 8
13 10
12 10
12 9
12 8
11 9
11 8
11 10
10 10
10 9
10 8
11 7
12 7
10 7
13 7
11 11
10 11
12 11
13 11
9 9
9 8
9 10
9 7
9 11
0
No
0
Yes
25 23
25 24
26 23
26 24
27 23
27 24
0
No
0
Yes
28 39
27 39
28 38
28 40
29 39
27 38
27 40
29 38
29 40
26 39
28 37
28 41
30 39
26 38
26 40
27 37
27 41
29 37
29 41
30 38
30 40
26 37
26 41
30 37
30 41
25 39
28 36
28 42
31 39
25 38
25 40
27 36
27 42
29 36
29 42
31 38
31 40
25 37
25 41
26 36
26 42
30 36
30 42
31 37
31 41
24 39
28 35
32 39
24 38
24 40
27 35
29 35
32 38
32 40
25 36
25 42
31 36
31 42
24 37
24 41
26 35
30 35
32 37
32 41
23 39
24 36
24 42
25 35
31 35
32 36
32 42
33 39
23 38
23 40
33 38
33 40
23 37
23 41
33 37
33 41
24 35
32 35
23 36
23 42
33 36
33 42
22 39
22 38
22 40
22 37
22 41
23 35
33 35
22 36
0
Yes
5 25
4 25
5 24
5 26
6 25
4 24
4 26
6 24
6 26
3 25
5 23
5 27
7 25
3 24
3 26
4 23
4 27
6 23
6 27
7 24
7 26
3 23
3 27
7 23
7 27
2 25
5 22
5 28
8 25
2 24
2 26
4 22
4 28
6 22
6 28
8 24
8 26
2 23
2 27
3 22
3 28
7 22
7 28
8 23
8 27
1 25
5 21
9 25
1 24
1 26
4 21
6 21
9 24
9 26
2 22
2 28
8 22
8 28
1 23
1 27
3 21
7 21
9 23
9 27
0 25
1 22
1 28
2 21
8 21
9 22
9 28
0 24
0 26
0 23
0 27
1 21
9 21
0 22
0 28
0
No
0
No
0
No
0
No
0
No
0
No
0
Yes
7 45
7 46
6 45
6 46
8 45
8 46
7 44
7 47
6 44
6 47
8 44
8 47
5 45
5 46
9 45
9 46
5 44
5 47
7 43
7 48
9 44
9 47
6 43
6 48
8 43
8 48
4 45
4 46
10 45
10 46
5 43
5 48
9 43
9 48
4 44
4 47
10 44
10 47
7 42
7 49
6 42
6 49
8 42
8 49
4 43
4 48
10 43
10 48
3 45
3 46
5 42
5 49
9 42
9 49
11 45
11 46
3 44
3 47
11 44
11 47
7 41
4 42
4 49
6 41
8 41
10 42
10 49
3 43
3 48
11 43
11 48
5 41
9 41
2 45
2 46
12 45
12 46
2 44
2 47
12 44
12 47
3 42
3 49
11 42
11 49
4 41
10 41
2 43
2 48
12 43
12 48
1 45
1 46
3 41
11 41
13 45
13 46
2 42
2 49
12 42
12 49
1 44
1 47
13 44
13 47
1 43
1 48
13 43
13 48
2 41
12 41
1 42
1 49
13 42
13 49
0 45
0 46
0 44
0 47
0 43
0 48
0
Yes
18 49
17 49
17 48
16 48
16 49
15 48
15 49
15 47
16 47
17 47
14 47
14 48
14 49
0
Yes
36 11
35 11
35 12
36 12
35 13
36 13
37 13
37 12
37 11
34 13
34 12
34 11
38 11
38 12
38 13
37 14
36 14
35 14
34 14
38 14
33 11
33 12
33 13
33 14
39 12
39 13
39 14
39 11
36 15
35 15
37 15
34 15
38 15
33 15
39 15
32 12
32 13
32 14
32 11
32 15
35 16
36 16
37 16
34 16
38 16
33 16
39 16
32 16
31 16
31 15
31 14
31 13
31 12
31 11
36 17
35 17
37 17
34 17
33 17
38 17
0
Yes
17 36
17 37
18 36
18 37
16 36
16 37
17 35
17 38
18 35
18 38
19 36
19 37
16 35
16 38
19 35
19 38
15 36
15 37
17 34
17 39
18 34
18 39
20 36
20 37
15 35
15 38
16 34
16 39
19 34
19 39
20 35
20 38
14 36
14 37
15 34
15 39
17 33
17 40
18 33
18 40
20 34
20 39
21 36
21 37
14 35
14 38
16 33
16 40
19 33
19 40
21 35
21 38
14 34
14 39
15 33
15 40
20 33
20 40
21 34
21 39
13 36
13 37
17 32
17 41
18 32
18 41
13 35
13 38
16 32
16 41
19 32
19 41
14 33
14 40
21 33
21 40
13 34
13 39
15 32
15 41
20 32
20 41
17 31
18 31
13 33
13 40
14 32
14 41
16 31
19 31
21 32
21 41
15 31
20 31
13 32
13 41
14 31
21 31
13 31
0
No
0
Yes
4 32
3 32
4 31
4 33
5 32
3 31
3 33
5 31
5 33
2 32
4 30
4 34
6 32
2 31
2 33
3 30
3 34
5 30
5 34
6 31
6 33
2 30
2 34
6 30
6 34
1 32
4 29
7 32
1 31
1 33
3 29
5 29
7 31
7 33
1 30
1 34
2 29
6 29
7 30
7 34
0 32
0 31
0 33
1 29
7 29
0 30
0 34
0 29
0
No
0
Yes
36 16
37 16
36 15
36 17
37 15
37 17
35 16
38 16
35 15
35 17
38 15
38 17
36 14
36 18
37 14
37 18
34 16
35 14
35 18
38 14
38 18
39 16
34 15
34 17
39 15
39 17
36 13
36 19
37 13
37 19
34 14
34 18
39 14
39 18
35 13
35 19
38 13
38 19
33 16
40 16
33 15
33 17
40 15
40 17
34 13
34 19
39 13
39 19
33 14
33 18
36 12
36 20
37 12
37 20
40 14
40 18
35 12
35 20
38 12
38 20
32 16
41 16
32 15
32 17
33 13
33 19
40 13
40 19
41 15
41 17
34 12
34 20
39 12
39 20
32 14
32 18
41 14
41 18
36 11
37 11
35 11
38 11
33 12
33 20
40 12
40 20
32 13
32 19
41 13
41 19
31 16
31 15
31 17
34 11
39 11
31 14
31 18
32 12
32 20
41 12
41 20
33 11
40 11
31 13
31 19
32 11
41 11
31 12
31 20
0
Yes
47 8
46 8
46 9
48 8
47 7
46 7
48 7
45 8
45 9
45 7
0
No
0
Yes
36 28
37 28
36 27
36 29
37 27
37 29
35 28
38 28
35 27
35 29
38 27
38 29
36 26
36 30
37 26
37 30
34 28
35 26
35 30
38 26
38 30
39 28
34 27
34 29
39 27
39 29
36 25
36 31
37 25
37 31
34 26
34 30
39 26
39 30
35 25
35 31
38 25
38 31
33 28
40 28
33 27
33 29
40 27
40 29
34 25
34 31
39 25
39 31
33 26
33 30
36 24
36 32
37 24
37 32
40 26
40 30
35 24
35 32
38 24
38 32
32 28
32 27
32 29
33 25
33 31
40 25
40 31
34 24
34 32
39 24
39 32
32 26
32 30
36 23
36 33
37 23
37 33
35 23
35 33
38 23
38 33
33 24
33 32
40 24
32 25
32 31
34 23
34 33
39 23
39 33
32 24
32 32
36 22
36 34
37 22
37 34
33 23
33 33
40 23
35 22
35 34
38 22
38 34
34 22
34 34
39 22
39 34
32 23
32 33
33 22
33 34
40 22
36 21
37 21
35 21
38 21
34 21
39 21
32 22
32 34
33 21
40 21
0
Yes
41 2
41 3
42 2
40 2
40 3
41 1
42 1
40 1
0
No
0
No
0
No
0
Yes
26 3
25 3
25 2
26 2
25 1
26 1
27 1
27 2
27 3
24 1
24 2
24 3
27 4
26 4
25 4
24 4
28 3
28 2
28 4
28 1
27 0
26 0
28 0
25 0
24 0
26 5
25 5
27 5
24 5
28 5
29 2
29 3
29 4
29 1
29 5
29 0
25 6
26 6
27 6
28 6
24 6
29 6
30 3
30 2
30 4
30 1
30 5
30 0
30 6
26 7
27 7
28 7
25 7
29 7
24 7
30 7
31 2
31 3
31 4
31 5
31 1
31 6
31 0
31 7
25 8
26 8
27 8
28 8
29 8
30 8
31 8
24 8
32 3
32 2
32 4
32 5
32 6
32 1
32 7
32 0
32 8
26 9
27 9
28 9
29 9
30 9
31 9
32 9
25 9
33 2
33 3
33 4
33 5
33 6
33 7
33 1
33 8
33 0
33 9
27 10
28 10
29 10
30 10
31 10
26 10
32 10
33 10
34 3
34 2
34 4
34 5
34 1
34 6
34 7
34 0
26 11
27 11
28 11
29 11
30 11
31 11
32 11
33 11
31 12
32 12
33 12
32 13
31 13
33 13
34 13
34 12
34 11
33 14
32 14
31 14
34 14
0
Yes
18 2
19 2
18 1
19 1
17 2
17 1
17 3
18 0
19 0
17 0
0
Yes
26 46
26 47
27 46
27 47
25 46
25 47
26 45
26 48
27 45
27 48
25 45
25 48
26 44
26 49
27 44
27 49
25 44
25 49
26 43
27 43
25 43
0
No
0
No
0
Yes
26 24
26 25
27 24
27 25
25 24
25 25
26 23
27 23
25 23
0
Yes
4 38
5 38
4 37
4 39
5 37
5 39
3 38
6 38
3 37
3 39
6 37
6 39
4 36
4 40
5 36
5 40
2 38
3 36
3 40
6 36
6 40
7 38
2 37
2 39
7 37
7 39
4 35
5 35
2 36
2 40
7 36
7 40
3 35
6 35
1 38
8 38
1 37
1 39
8 37
8 39
2 35
7 35
1 36
1 40
8 36
8 40
0 38
0 37
0 39
1 35
8 35
0 36
0 40
0 35
0
Yes
3 11
2 11
2 10
3 10
2 9
3 9
4 9
4 10
4 11
1 9
1 10
1 11
4 12
3 12
2 12
1 12
5 11
5 10
5 12
5 9
4 8
3 8
2 8
1 8
5 8
0 11
0 10
0 12
0 9
0 8
3 13
2 13
4 13
1 13
5 13
0 13
6 10
6 11
6 12
6 9
6 13
6 8
2 14
3 14
4 14
1 14
5 14
0 14
6 14
7 11
7 10
7 12
7 9
7 13
7 8
7 14
3 15
2 15
4 15
5 15
1 15
6 15
0 15
7 15
8 10
8 11
8 12
8 13
8 9
8 14
8 15
8 8
2 16
3 16
4 16
5 16
6 16
1 16
7 16
0 16
8 16
9 12
9 13
9 14
9 15
9 16
3 17
2 17
4 17
5 17
6 17
7 17
1 17
0
No
0
Yes
47 30
48 30
47 29
48 29
46 30
46 29
0
Yes
27 31
26 31
27 30
27 32
28 31
26 30
26 32
28 30
28 32
25 31
27 29
27 33
29 31
25 30
25 32
26 29
26 33
28 29
28 33
29 30
29 32
25 29
25 33
29 29
29 33
24 31
27 28
27 34
30 31
24 30
24 32
26 28
26 34
28 28
28 34
30 30
30 32
24 29
24 33
25 28
25 34
29 28
29 34
30 29
30 33
23 31
27 27
31 31
23 30
23 32
26 27
28 27
31 30
31 32
24 28
24 34
30 28
30 34
23 29
23 33
25 27
29 27
31 29
31 33
22 31
23 28
23 34
24 27
30 27
31 28
31 34
22 30
22 32
22 29
22 33
23 27
31 27
22 28
22 34
0
Yes
23 26
24 26
23 25
24 25
22 26
22 25
0
Yes
15 36
16 36
15 35
15 37
16 35
16 37
14 36
17 36
14 35
14 37
17 35
17 37
15 34
15 38
16 34
16 38
13 36
14 34
14 38
17 34
17 38
18 36
13 35
13 37
18 35
18 37
15 33
15 39
16 33
16 39
13 34
13 38
18 34
18 38
14 33
14 39
17 33
17 39
12 36
19 36
12 35
12 37
19 35
19 37
13 33
13 39
18 33
18 39
12 34
12 38
15 32
15 40
16 32
16 40
19 34
19 38
14 32
14 40
17 32
17 40
11 36
20 36
11 35
11 37
12 33
12 39
19 33
19 39
20 35
20 37
13 32
13 40
18 32
18 40
11 34
11 38
20 34
20 38
15 31
16 31
14 31
17 31
12 32
12 40
19 32
19 40
11 33
11 39
20 33
20 39
10 36
21 36
10 35
10 37
13 31
18 31
21 35
21 37
10 34
10 38
21 34
21 38
11 32
11 40
20 32
20 40
12 31
19 31
10 33
10 39
21 33
21 39
9 36
9 35
9 37
11 31
20 31
9 34
9 38
10 32
10 40
21 32
21 40
9 33
9 39
10 31
21 31
9 32
9 40
0
Yes
8 34
8 33
9 33
9 34
10 33
10 34
10 32
9 32
8 32
8 31
9 31
10 31
11 32
11 33
11 34
11 31
9 30
10 30
8 30
11 30
11 35
10 35
9 35
12 34
12 33
12 32
12 31
12 35
12 30
8 29
9 29
10 29
11 29
12 29
9 36
10 36
11 36
12 36
13 33
13 34
13 32
13 31
13 35
13 30
13 36
13 29
10 28
11 28
12 28
13 28
10 37
11 37
12 37
9 37
13 37
14 34
14 33
14 35
14 32
14 31
14 36
14 37
14 30
14 29
11 27
10 27
12 27
13 27
14 38
15 33
15 34
15 35
15 36
15 32
15 31
15 37
15 38
16 34
16 33
16 35
16 36
16 32
16 37
16 31
16 38
16 39
15 39
14 39
13 39
13 38
12 38
11 38
12 39
11 39
10 38
9 38
10 39
9 39
17 33
17 34
17 35
17 36
17 37
17 32
17 38
17 31
17 39
17 40
16 40
15 40
14 40
13 40
12 40
11 40
10 40
9 40
18 34
18 33
18 35
18 36
18 37
18 38
18 32
18 39
18 31
18 40
0
Yes
10 25
10 26
11 25
11 26
12 25
0
Yes
30 25
30 26
29 25
29 26
31 25
31 26
30 24
29 24
31 24
28 25
28 26
28 24
0
Yes
5 13
5 14
4 13
4 14
6 13
6 14
5 12
5 15
4 12
4 15
6 12
6 15
3 13
3 14
7 13
7 14
3 12
3 15
5 11
5 16
7 12
7 15
4 11
4 16
6 11
6 16
2 13
2 14
8 13
8 14
3 11
3 16
7 11
7 16
2 12
2 15
8 12
8 15
5 10
5 17
4 10
4 17
6 10
6 17
2 11
2 16
8 11
8 16
1 13
1 14
3 10
3 17
7 10
7 17
9 13
9 14
1 12
1 15
9 12
9 15
5 9
5 18
2 10
2 17
4 9
4 18
6 9
6 18
8 10
8 17
1 11
1 16
9 11
9 16
3 9
3 18
7 9
7 18
0 13
0 14
0 12
0 15
1 10
1 17
9 10
9 17
2 9
2 18
8 9
8 18
5 8
0 11
0 16
4 8
6 8
3 8
7 8
1 9
1 18
9 9
0 10
0 17
2 8
8 8
0 9
0 18
1 8
9 8
0 8
0
No
0
No
0
No
0
Yes
30 12
29 12
29 13
30 13
29 14
30 14
28 14
28 13
28 12
27 12
27 13
0
Yes
36 20
35 20
35 19
36 19
35 18
36 18
37 18
37 19
37 20
34 18
34 19
34 20
38 20
38 19
38 18
37 17
36 17
35 17
34 17
38 17
33 20
33 19
33 18
33 17
39 19
39 18
39 20
39 17
36 16
35 16
37 16
34 16
38 16
33 16
39 16
32 19
32 18
32 17
32 20
32 16
40 20
40 19
40 18
40 17
40 16
35 15
36 15
37 15
34 15
38 15
33 15
39 15
32 15
40 15
31 20
31 19
31 18
31 17
31 16
31 15
41 15
36 14
37 14
38 14
39 14
35 14
40 14
41 14
35 13
36 13
37 13
38 13
39 13
40 13
41 13
42 13
42 14
42 15
42 16
41 16
41 17
41 18
42 17
41 19
41 20
42 18
36 12
37 12
38 12
39 12
40 12
41 12
35 12
42 12
43 12
43 13
43 14
43 15
43 16
43 17
35 11
36 11
37 11
38 11
39 11
40 11
41 11
42 11
43 11
44 11
44 12
44 13
44 14
44 15
44 16
44 17
0
Yes
22 42
21 42
21 41
21 43
22 43
23 43
22 44
21 44
23 44
20 41
20 42
20 43
20 44
20 40
21 40
24 44
24 43
19 42
19 41
19 43
19 40
19 44
21 39
20 39
19 39
21 45
22 45
23 45
20 45
24 45
19 45
22 46
21 46
23 46
20 46
24 46
19 46
18 41
18 42
18 43
18 44
18 45
18 46
20 38
21 38
19 38
17 42
17 43
17 44
17 45
17 41
17 46
21 37
20 37
19 37
21 47
22 47
23 47
20 47
19 47
18 47
24 47
22 48
21 48
23 48
20 48
19 48
24 48
18 48
16 41
16 42
16 43
16 44
16 45
16 46
20 36
21 36
19 36
15 42
15 43
15 44
15 45
15 41
15 46
21 35
20 35
19 35
22 35
21 49
22 49
23 49
20 49
19 49
24 49
14 41
14 42
14 43
14 44
14 45
14 46
20 34
21 34
19 34
21 33
20 33
19 33
20 32
21 32
19 32
0
No
0
Yes
12 9
12 10
11 9
11 10
13 9
13 10
12 8
12 11
11 8
11 11
13 8
13 11
10 9
10 10
10 8
10 11
12 7
11 7
13 7
10 7
0
No
0
No
0
No
0
No
0
No
0
No
0
Yes
6 38
7 38
6 37
6 39
7 37
7 39
5 38
8 38
5 37
5 39
8 37
8 39
6 36
6 40
7 36
7 40
4 38
5 36
5 40
8 36
8 40
4 37
4 39
6 35
7 35
4 36
4 40
5 35
8 35
0
No
0
No
0
No
0
Yes
28 43
28 44
28 45
28 46
28 47
28 48
28 49
29 43
29 44
29 45
29 46
29 47
29 48
29 49
30 43
30 44
30 45
30 46
30 47
30 48
30 49
31 43
31 44
31 45
31 46
31 47
31 48
31 49
32 43
32 44
32 45
32 46
0
No
0
No
0
No
0
Yes
18 1
18 2
17 1
17 2
19 1
19 2
18 0
17 0
19 0
16 1
16 2
16 0
0
No
0
No
0
No
0
No
0
No
0
No
0
No
0
No
0
Yes
41 1
41 2
42 1
42 2
40 1
40 2
41 0
42 0
40 0
0
Yes
9 40
9 39
10 39
10 40
11 39
11 40
11 38
10 38
9 38
9 37
10 37
11 37
12 38
12 39
12 40
12 37
10 36
11 36
9 36
12 36
13 40
13 39
13 38
13 37
13 36
9 35
10 35
11 35
12 35
13 35
14 39
14 38
14 37
14 36
14 40
14 35
10 34
11 34
12 34
13 34
9 34
14 34
15 40
15 39
15 38
15 37
15 36
15 35
15 34
9 33
10 33
11 33
12 33
13 33
14 33
15 33
16 39
16 38
16 37
16 36
16 35
16 34
16 40
16 33
10 32
11 32
12 32
13 32
14 32
15 32
9 32
16 32
17 40
17 39
17 38
17 37
17 36
17 35
17 34
17 33
17 32
9 31
10 31
11 31
12 31
13 31
14 31
15 31
16 31
17 31
8 32
8 33
8 34
8 31
18 39
18 38
18 37
18 36
18 35
18 34
18 33
18 32
18 31
18 40
10 30
11 30
12 30
9 30
13 30
14 30
8 30
7 34
7 33
7 32
7 31
7 30
9 29
10 29
11 29
12 29
8 29
13 29
7 29
14 29
0
Yes
3 7
2 7
2 6
3 6
4 6
4 7
3 5
2 5
4 5
5 7
5 6
5 5
1 6
1 7
1 5
0 7
0 6
0 5
2 4
3 4
4 4
1 4
5 4
0 4
6 6
6 5
6 7
6 4
3 3
2 3
4 3
1 3
5 3
0 3
6 3
7 7
7 6
7 5
7 4
7 3
2 2
3 2
4 2
1 2
5 2
6 2
0 2
7 2
8 6
8 5
8 4
8 3
8 7
8 2
3 1
2 1
4 1
1 1
5 1
6 1
7 1
0 1
8 1
9 7
9 6
9 5
9 4
9 3
9 2
9 1
2 0
3 0
4 0
1 0
5 0
6 0
7 0
8 0
0 0
9 0
10 6
10 5
10 4
10 3
10 2
10 1
10 0
11 5
11 4
11 3
11 2
11 1
11 6
11 0
12 6
12 5
0
No
0
Yes
33 47
32 47
32 46
33 46
32 45
33 45
31 45
31 46
31 47
31 48
32 48
33 48
30 47
30 46
30 48
30 45
31 44
32 44
33 44
30 44
33 49
32 49
31 49
30 49
29 46
29 47
29 48
29 45
29 49
29 44
33 43
32 43
31 43
30 43
29 43
34 44
34 45
34 46
34 43
28 47
28 46
28 45
28 44
28 43
28 48
28 49
32 42
31 42
30 42
33 42
29 42
0
No
0
Yes
20 30
20 31
21 30
21 31
19 31
20 29
21 29
0
Yes
0 19
0 20
0 21
0 22
0 23
0 24
0 25
0 26
0 27
0 28
0 29
0 30
0 31
0 32
0 33
1 19
1 20
1 21
1 22
1 23
1 24
1 25
1 26
1 27
1 28
1 29
1 30
1 31
1 32
1 33
2 19
2 20
2 21
2 22
2 23
2 24
2 25
2 26
2 27
2 28
2 29
2 30
2 31
2 32
2 33
3 19
3 20
3 21
3 22
3 23
3 24
3 25
3 26
3 27
3 28
3 29
3 30
3 31
3 32
3 33
4 19
4 20
4 21
4 22
4 23
4 24
4 25
4 26
4 27
4 28
4 29
4 30
4 31
4 32
4 33
5 19
5 20
5 21
5 22
5 23
5 24
5 25
5 26
5 27
5 28
5 29
5 30
5 31
5 32
5 33
6 19
6 20
6 21
6 22
6 23
6 24
6 25
6 26
6 27
6 28
6 29
6 30
6 31
6 32
6 33
7 19
7 20
7 21
7 22
0
Yes
30 25
30 26
31 25
31 26
29 25
29 26
30 24
31 24
29 24
0
Yes
28 5
27 5
28 4
28 6
29 5
27 4
27 6
29 4
29 6
26 5
28 3
28 7
30 5
26 4
26 6
27 3
27 7
29 3
29 7
30 4
30 6
26 3
26 7
30 3
30 7
25 5
28 2
28 8
31 5
25 4
25 6
27 2
27 8
29 2
29 8
31 4
31 6
25 3
25 7
26 2
26 8
30 2
30 8
31 3
31 7
24 5
28 1
28 9
24 4
24 6
27 1
27 9
29 1
29 9
25 2
25 8
31 2
31 8
24 3
24 7
26 1
26 9
30 1
30 9
24 2
24 8
25 1
25 9
28 0
31 1
31 9
27 0
29 0
26 0
30 0
24 1
25 0
31 0
24 0
0
No
0
Yes
0 34
0 35
1 35
1 34
2 35
2 34
2 36
1 36
0 36
0 37
1 37
2 37
3 36
3 35
3 34
3 37
1 38
2 38
0 38
3 38
4 34
4 35
4 36
4 37
4 38
0 39
1 39
2 39
3 39
4 39
5 35
5 36
5 37
5 38
5 34
5 39
1 40
2 40
3 40
4 40
0 40
5 40
6 34
6 35
6 36
6 37
6 38
6 39
6 40
7 35
7 36
7 37
0
Yes
45 21
45 22
46 21
46 22
44 21
44 22
45 20
45 23
46 20
46 23
47 21
47 22
44 20
44 23
47 20
47 23
43 21
43 22
45 19
45 24
46 19
46 24
48 21
48 22
43 20
43 23
44 19
44 24
47 19
47 24
48 20
48 23
42 21
42 22
43 19
43 24
45 18
45 25
46 18
46 25
48 19
48 24
49 21
49 22
42 20
42 23
44 18
44 25
47 18
47 25
49 20
49 23
42 19
42 24
43 18
43 25
48 18
48 25
49 19
49 24
41 21
41 22
45 17
45 26
46 17
46 26
41 20
41 23
44 17
44 26
47 17
47 26
42 18
42 25
49 18
49 25
41 19
41 24
43 17
43 26
48 17
48 26
45 16
45 27
46 16
46 27
41 18
41 25
42 17
42 26
44 16
44 27
47 16
47 27
49 17
49 26
43 16
43 27
48 16
48 27
41 17
41 26
42 16
42 27
45 15
45 28
46 15
46 28
49 16
49 27
44 15
44 28
47 15
47 28
43 15
43 28
48 15
48 28
41 16
41 27
42 15
42 28
49 15
49 28
45 14
46 14
44 14
47 14
41 15
41 28
43 14
48 14
42 14
49 14
0
Yes
4 38
5 38
4 37
4 39
5 37
5 39
3 38
6 38
3 37
3 39
6 37
6 39
4 36
4 40
5 36
5 40
2 38
3 36
3 40
6 36
6 40
7 38
2 37
2 39
7 37
7 39
4 35
5 35
2 36
2 40
7 36
7 40
3 35
6 35
1 38
8 38
1 37
1 39
8 37
8 39
2 35
7 35
1 36
1 40
8 36
8 40
0 38
0 37
0 39
1 35
8 35
0 36
0
No
0
Yes
2 32
3 32
2 31
2 33
3 31
3 33
1 32
4 32
1 31
1 33
4 31
4 33
2 30
2 34
3 30
3 34
0 32
1 30
1 34
4 30
4 34
0 31
0 33
2 29
3 29
0 30
0 34
1 29
4 29
0 29
0
No
0
Yes
13 49
12 49
12 48
13 48
12 47
13 47
11 47
11 48
11 49
10 49
10 48
10 47
11 46
12 46
13 46
10 46
9 48
9 47
9 49
9 46
13 45
12 45
11 45
10 45
9 45
8 49
8 48
8 47
8 46
8 45
12 44
11 44
10 44
9 44
13 44
8 44
7 48
7 47
7 46
7 45
7 49
7 44
13 43
12 43
11 43
10 43
9 43
8 43
7 43
6 49
6 48
6 47
6 46
6 45
6 44
6 43
12 42
11 42
10 42
9 42
8 42
7 42
13 42
6 42
5 48
5 47
5 46
5 45
5 44
5 43
5 49
5 42
13 41
12 41
11 41
10 41
9 41
8 41
7 41
6 41
5 41
4 49
0
Yes
36 28
37 28
36 27
36 29
37 27
37 29
35 28
38 28
35 27
35 29
38 27
38 29
36 26
36 30
37 26
37 30
34 28
35 26
35 30
38 26
38 30
39 28
34 27
34 29
39 27
39 29
36 25
36 31
37 25
37 31
34 26
34 30
39 26
39 30
35 25
35 31
38 25
38 31
33 28
40 28
33 27
33 29
40 27
40 29
34 25
34 31
39 25
39 31
33 26
33 30
36 24
36 32
37 24
37 32
40 26
40 30
35 24
35 32
38 24
38 32
32 28
32 27
32 29
33 25
33 31
40 25
40 31
34 24
34 32
39 24
39 32
32 26
32 30
36 23
36 33
37 23
37 33
35 23
35 33
38 23
38 33
33 24
33 32
40 24
32 25
32 31
34 23
34 33
39 23
39 33
32 24
32 32
36 22
36 34
37 22
37 34
33 23
33 33
40 23
35 22
35 34
38 22
38 34
34 22
34 34
39 22
39 34
32 23
32 33
33 22
33 34
40 22
36 21
37 21
35 21
38 21
34 21
39 21
32 22
32 34
33 21
0
No
0
Yes
29 49
28 49
28 48
29 48
28 47
29 47
30 47
30 48
30 49
27 47
27 48
27 49
31 49
31 48
31 47
30 46
29 46
28 46
27 46
31 46
26 49
26 48
26 47
26 46
32 48
32 47
32 49
32 46
29 45
28 45
30 45
27 45
31 45
26 45
32 45
25 48
25 47
25 46
25 45
25 49
33 45
28 44
29 44
30 44
27 44
31 44
26 44
32 44
25 44
33 44
29 43
28 43
30 43
27 43
31 43
26 43
32 43
25 43
33 43
34 43
34 44
34 45
34 46
33 46
33 47
33 48
33 49
28 42
29 42
30 42
27 42
31 42
26 42
32 42
33 42
25 42
29 41
28 41
30 41
27 41
31 41
26 41
32 41
25 41
33 41
0
Yes
3 24
3 25
4 24
4 25
2 24
2 25
3 23
3 26
4 23
4 26
5 24
5 25
2 23
2 26
5 23
5 26
1 24
1 25
3 22
3 27
4 22
4 27
6 24
6 25
1 23
1 26
2 22
2 27
5 22
5 27
6 23
6 26
0 24
0 25
1 22
1 27
3 21
3 28
4 21
4 28
6 22
6 27
0 23
0 26
2 21
2 28
5 21
5 28
0 22
0 27
1 21
1 28
6 21
6 28
3 20
4 20
2 20
5 20
0 21
0 28
1 20
6 20
0
No
0
No
0
Yes
0 41
0 42
0 43
0 44
0 45
0 46
0 47
0 48
0 49
1 41
1 42
1 43
1 44
1 45
1 46
1 47
1 48
1 49
2 41
2 42
2 43
2 44
2 45
2 46
2 47
2 48
2 49
3 41
3 42
3 43
3 44
3 45
3 46
3 47
3 48
3 49
4 41
4 42
4 43
4 44
4 45
4 46
4 47
0
Yes
42 31
42 32
41 31
41 32
42 30
42 33
41 30
41 33
42 29
41 29
0
Yes
4 14
3 14
4 13
4 15
5 14
3 13
3 15
5 13
5 15
2 14
4 12
4 16
6 14
2 13
2 15
3 12
3 16
5 12
5 16
6 13
6 15
2 12
2 16
6 12
6 16
1 14
4 11
4 17
7 14
1 13
1 15
3 11
3 17
5 11
5 17
7 13
7 15
1 12
1 16
2 11
2 17
6 11
6 17
7 12
7 16
0 14
4 10
4 18
0 13
0 15
3 10
3 18
5 10
5 18
1 11
1 17
7 11
7 17
0 12
0 16
2 10
2 18
6 10
6 18
0 11
0 17
1 10
1 18
4 9
4 19
7 10
7 18
3 9
3 19
5 9
5 19
2 9
2 19
6 9
6 19
0 10
0 18
1 9
1 19
7 9
7 19
4 8
3 8
5 8
2 8
6 8
0 9
0 19
1 8
7 8
0 8
0
Yes
27 5
28 5
27 4
27 6
28 4
28 6
26 5
29 5
26 4
26 6
29 4
29 6
27 3
27 7
28 3
28 7
25 5
26 3
26 7
29 3
29 7
30 5
25 4
25 6
30 4
30 6
27 2
27 8
28 2
28 8
25 3
25 7
30 3
30 7
26 2
26 8
29 2
29 8
24 5
24 4
24 6
25 2
25 8
30 2
30 8
24 3
24 7
27 1
27 9
28 1
28 9
26 1
26 9
29 1
29 9
24 2
24 8
25 1
25 9
30 1
30 9
27 0
28 0
26 0
29 0
24 1
25 0
30 0
0
Yes
36 4
35 4
36 3
36 5
37 4
35 3
35 5
37 3
37 5
34 4
36 2
36 6
38 4
34 3
34 5
35 2
35 6
37 2
37 6
38 3
38 5
34 2
34 6
38 2
38 6
33 4
36 1
36 7
39 4
33 3
33 5
35 1
35 7
37 1
37 7
39 3
39 5
33 2
33 6
34 1
34 7
38 1
38 7
39 2
39 6
32 4
36 0
40 4
32 3
32 5
35 0
37 0
40 3
40 5
33 1
33 7
39 1
39 7
32 2
32 6
34 0
38 0
40 2
40 6
31 4
32 1
32 7
33 0
39 0
40 1
40 7
31 3
31 5
31 2
31 6
32 0
40 0
31 1
31 7
0
No
0
Yes
46 31
46 30
47 30
47 29
46 29
47 28
46 28
48 28
48 29
48 30
48 27
47 27
46 27
46 26
47 26
48 26
45 27
45 28
45 26
45 29
49 26
49 27
49 28
45 25
46 25
47 25
48 25
49 25
44 26
44 27
44 28
44 25
46 24
47 24
45 24
48 24
44 24
49 24
43 28
43 27
43 26
43 25
43 24
45 23
46 23
47 23
44 23
48 23
43 23
49 23
42 27
42 26
42 25
42 24
42 28
42 23
46 22
45 22
47 22
44 22
48 22
43 22
49 22
42 22
41 28
41 27
41 26
41 25
41 24
41 23
41 22
45 21
46 21
47 21
44 21
43 21
48 21
42 21
0
Yes
36 14
36 15
35 14
35 15
37 14
37 15
36 13
36 16
35 13
35 16
37 13
37 16
34 14
34 15
38 14
38 15
34 13
34 16
36 12
36 17
38 13
38 16
35 12
35 17
37 12
37 17
33 14
33 15
39 14
39 15
34 12
34 17
38 12
38 17
33 13
33 16
39 13
39 16
36 11
36 18
35 11
35 18
37 11
37 18
33 12
33 17
39 12
39 17
32 14
32 15
34 11
34 18
38 11
38 18
40 14
40 15
32 13
32 16
40 13
40 16
36 10
36 19
33 11
33 18
35 10
35 19
37 10
37 19
39 11
39 18
32 12
32 17
40 12
40 17
34 10
34 19
38 10
38 19
31 14
31 15
31 13
31 16
32 11
32 18
40 11
40 18
33 10
33 19
39 10
39 19
36 9
36 20
31 12
31 17
35 9
35 20
37 9
37 20
34 9
34 20
38 9
38 20
32 10
32 19
40 10
40 19
31 11
31 18
33 9
33 20
39 9
39 20
36 8
35 8
37 8
31 10
31 19
32 9
32 20
34 8
38 8
40 9
40 20
33 8
39 8
31 9
31 20
32 8
40 8
31 8
0
No
0
No
0
Yes
42 2
41 2
42 1
41 1
41 3
42 0
41 0
0
Yes
27 31
27 32
26 31
26 32
28 31
28 32
27 30
27 33
26 30
26 33
28 30
28 33
25 31
25 32
29 31
29 32
25 30
25 33
27 29
27 34
29 30
29 33
26 29
26 34
28 29
28 34
24 31
24 32
30 31
30 32
25 29
25 34
29 29
29 34
24 30
24 33
30 30
30 33
27 28
27 35
26 28
26 35
28 28
28 35
24 29
24 34
30 29
30 34
23 31
23 32
25 28
25 35
29 28
29 35
31 31
31 32
23 30
23 33
31 30
31 33
27 27
24 28
24 35
26 27
28 27
30 28
30 35
23 29
23 34
31 29
31 34
25 27
29 27
22 31
22 32
22 30
22 33
23 28
23 35
31 28
31 35
24 27
30 27
22 29
22 34
23 27
31 27
22 28
22 35
0
Yes
43 32
42 32
42 31
43 31
42 33
41 33
41 32
0
Yes
13 5
13 4
12 4
14 4
14 5
14 3
13 3
12 3
15 3
15 4
15 5
13 2
14 2
12 2
15 2
12 1
13 1
14 1
15 1
13 0
14 0
12 0
0
Yes
49 15
48 15
48 14
49 14
48 16
49 16
47 16
47 15
47 14
47 17
48 17
49 17
46 15
46 16
46 14
46 17
49 18
48 18
47 18
46 18
46 13
47 13
48 13
45 14
45 15
45 16
45 17
45 13
45 18
48 19
47 19
46 19
49 19
45 19
45 12
46 12
47 12
44 15
44 14
44 16
44 17
44 13
44 18
44 12
44 19
49 20
48 20
47 20
46 20
45 20
44 20
0
Yes
18 44
18 45
19 44
19 45
17 44
17 45
18 43
18 46
19 43
19 46
20 44
20 45
17 43
17 46
20 43
20 46
16 44
16 45
18 42
18 47
19 42
19 47
21 44
21 45
16 43
16 46
17 42
17 47
20 42
20 47
21 43
21 46
15 44
15 45
16 42
16 47
18 41
18 48
19 41
19 48
21 42
21 47
22 44
22 45
15 43
15 46
17 41
17 48
20 41
20 48
22 43
22 46
15 42
15 47
16 41
16 48
21 41
21 48
22 42
22 47
14 44
14 45
18 40
18 49
19 40
19 49
23 44
23 45
14 43
14 46
17 40
17 49
20 40
20 49
23 43
23 46
15 41
15 48
22 41
22 48
14 42
14 47
16 40
16 49
21 40
21 49
23 42
23 47
13 44
13 45
18 39
19 39
24 44
24 45
13 43
13 46
14 41
14 48
15 40
15 49
17 39
20 39
22 40
22 49
23 41
23 48
24 43
24 46
13 42
13 47
16 39
21 39
24 42
24 47
14 40
14 49
23 40
23 49
12 44
12 45
13 41
13 48
15 39
22 39
24 41
24 48
12 43
12 46
12 42
12 47
13 40
13 49
14 39
23 39
24 40
24 49
12 41
12 48
13 39
24 39
12 40
12 49
12 39
0
No
0
Yes
9 48
9 49
8 48
8 49
10 48
10 49
9 47
8 47
10 47
7 48
7 49
11 48
11 49
7 47
11 47
6 48
6 49
0
No
0
Yes
27 4
28 4
27 3
27 5
28 3
28 5
26 4
29 4
26 3
26 5
29 3
29 5
27 2
27 6
28 2
28 6
25 4
26 2
26 6
29 2
29 6
30 4
25 3
25 5
30 3
30 5
27 1
27 7
28 1
28 7
25 2
25 6
30 2
30 6
26 1
26 7
29 1
29 7
24 4
24 3
24 5
25 1
25 7
30 1
30 7
24 2
24 6
27 0
28 0
26 0
29 0
24 1
24 7
25 0
30 0
24 0
0
Yes
15 31
15 32
15 33
15 34
15 35
15 36
15 37
15 38
16 31
16 32
16 33
16 34
16 35
16 36
16 37
16 38
17 31
17 32
17 33
17 34
17 35
17 36
17 37
17 38
18 31
18 32
18 33
18 34
18 35
18 36
18 37
18 38
19 31
19 32
19 33
19 34
19 35
19 36
19 37
19 38
20 31
20 32
20 33
20 34
20 35
20 36
20 37
20 38
21 31
21 32
21 33
21 34
21 35
21 36
21 37
0
Yes
14 9
13 9
13 8
13 10
12 10
12 9
12 8
11 9
11 8
11 10
10 10
10 9
10 8
11 7
12 7
13 7
10 7
11 11
10 11
12 11
13 11
0
Yes
11 37
10 37
10 36
11 36
10 35
11 35
12 35
12 36
12 37
9 35
9 36
9 37
12 38
11 38
10 38
9 38
13 37
13 36
13 38
13 35
12 34
11 34
10 34
9 34
13 34
11 39
10 39
9 39
14 36
14 35
14 34
14 37
14 38
0
Yes
0 11
0 12
0 13
0 14
0 15
0 16
0 17
0 18
0 19
1 11
1 12
1 13
1 14
1 15
1 16
1 17
1 18
1 19
2 11
2 12
2 13
2 14
2 15
2 16
2 17
2 18
2 19
3 11
3 12
3 13
3 14
3 15
3 16
3 17
3 18
3 19
4 11
4 12
4 13
4 14
4 15
4 16
4 17
4 18
4 19
5 11
5 12
5 13
5 14
5 15
5 16
5 17
5 18
5 19
6 11
6 12
6 13
6 14
6 15
6 16
6 17
6 18
6 19
7 11
7 12
7 13
7 14
7 15
7 16
7 17
7 18
0
Yes
11 31
10 31
11 30
11 32
12 31
10 30
10 32
12 30
12 32
9 31
11 29
11 33
13 31
9 30
9 32
10 29
10 33
12 29
12 33
13 30
13 32
9 29
9 33
13 29
13 33
8 31
11 28
14 31
8 30
8 32
10 28
12 28
14 30
14 32
8 29
8 33
9 28
13 28
14 29
14 33
7 31
7 30
7 32
8 28
7 29
7 33
7 28
0
No
0
No
0
Yes
24 0
24 1
24 2
24 3
24 4
24 5
24 6
25 0
25 1
25 2
25 3
25 4
25 5
25 6
26 0
26 1
26 2
26 3
26 4
26 5
26 6
27 0
27 1
27 2
27 3
27 4
27 5
27 6
28 0
28 1
28 2
28 3
28 4
28 5
28 6
29 0
29 1
29 2
29 3
29 4
29 5
29 6
30 0
30 1
30 2
30 3
30 4
30 5
30 6
31 0
0
Yes
25 31
25 32
25 33
25 34
25 35
25 36
25 37
25 38
25 39
25 40
26 31
26 32
26 33
26 34
26 35
26 36
26 37
26 38
26 39
26 40
27 31
27 32
27 33
27 34
27 35
27 36
27 37
27 38
27 39
27 40
28 31
28 32
28 33
28 34
28 35
28 36
28 37
28 38
28 39
28 40
29 31
29 32
29 33
29 34
29 35
29 36
29 37
29 38
29 39
29 40
30 31
30 32
30 33
30 34
30 35
30 36
30 37
30 38
30 39
30 40
31 31
31 32
31 33
31 34
31 35
31 36
31 37
31 38
31 39
31 40
32 31
32 32
32 33
32 34
32 35
32 36
32 37
32 38
32 39
32 40
33 31
33 32
33 33
33 34
33 35
33 36
33 37
33 38
33 39
33 40
34 31
34 32
34 33
34 34
34 35
34 36
34 37
0
No
0
No
0
No
0
Yes
37 27
36 27
36 26
37 26
36 25
37 25
38 25
38 26
38 27
35 25
35 26
35 27
38 28
37 28
36 28
35 28
39 27
39 26
39 28
39 25
38 24
37 24
36 24
35 24
39 24
34 27
34 26
34 25
34 28
34 24
37 29
36 29
38 29
35 29
39 29
34 29
40 26
40 27
40 28
40 25
40 29
40 24
37 23
36 23
38 23
35 23
39 23
34 23
40 23
33 26
33 27
33 25
33 28
33 24
33 29
33 23
36 30
37 30
38 30
35 30
39 30
34 30
40 30
33 30
36 22
37 22
38 22
35 22
39 22
34 22
40 22
33 22
32 27
32 26
32 28
32 25
32 24
32 29
32 23
32 30
32 22
37 31
38 31
36 31
0
No
0
Yes
5 44
5 43
6 43
6 44
7 43
7 44
7 45
6 45
5 45
7 42
6 42
5 42
5 46
6 46
7 46
8 45
8 44
8 43
8 42
8 46
5 41
6 41
7 41
8 41
9 44
9 43
9 45
0
Yes
0 37
0 36
1 36
1 37
2 36
2 37
2 38
1 38
0 38
2 35
1 35
0 35
0 39
1 39
2 39
3 38
3 37
3 36
3 35
3 39
1 40
2 40
3 40
0 40
4 37
4 38
4 36
4 39
4 35
4 40
5 36
5 37
5 38
5 39
5 35
5 40
6 37
6 38
6 36
6 39
6 35
6 40
7 36
7 37
7 38
7 39
7 35
7 40
8 37
8 38
8 36
8 39
8 35
8 40
7 34
6 34
5 34
8 34
6 33
0
No
0
No
0
Yes
36 4
36 5
37 4
37 5
35 4
35 5
36 3
36 6
37 3
37 6
38 4
38 5
35 3
35 6
38 3
38 6
34 4
34 5
36 2
36 7
37 2
37 7
39 4
39 5
34 3
34 6
35 2
35 7
38 2
38 7
39 3
39 6
33 4
33 5
34 2
34 7
36 1
36 8
37 1
37 8
39 2
39 7
40 4
40 5
33 3
33 6
35 1
35 8
38 1
38 8
40 3
40 6
33 2
33 7
34 1
34 8
39 1
39 8
40 2
40 7
32 4
32 5
36 0
37 0
32 3
32 6
35 0
38 0
33 1
33 8
40 1
40 8
32 2
32 7
34 0
39 0
32 1
32 8
33 0
40 0
32 0
0
Yes
43 20
42 20
42 19
43 19
42 18
43 18
41 18
41 19
41 20
40 20
40 19
40 18
41 17
42 17
43 17
40 17
39 19
39 18
39 20
39 17
43 16
42 16
41 16
40 16
39 16
38 20
38 19
38 18
38 17
38 16
39 21
38 21
40 21
41 21
42 15
41 15
40 15
39 15
43 15
38 15
37 19
37 18
37 17
37 20
37 16
37 21
37 15
43 14
42 14
41 14
40 14
39 14
38 14
37 14
36 20
36 19
36 18
36 17
36 16
36 15
36 21
36 14
42 13
41 13
40 13
39 13
38 13
37 13
43 13
36 13
35 19
35 18
35 17
35 16
35 15
35 20
35 14
35 21
35 13
43 12
42 12
41 12
40 12
39 12
38 12
37 12
36 12
35 12
34 20
34 19
34 18
34 17
34 16
34 15
34 14
34 13
34 21
34 12
42 11
41 11
40 11
39 11
38 11
37 11
36 11
0
No
0
Yes
0 35
0 36
1 36
1 35
2 36
2 35
2 37
1 37
0 37
0 38
1 38
2 38
3 37
3 36
3 35
3 38
1 39
2 39
0 39
3 39
4 35
4 36
4 37
4 38
4 39
0 40
1 40
2 40
3 40
4 40
5 36
5 37
5 38
5 39
5 35
5 40
6 35
6 36
6 37
6 38
6 39
6 40
7 36
7 37
7 38
7 39
7 35
7 40
8 35
8 36
8 37
8 38
8 39
8 40
7 34
6 34
5 34
0
Yes
5 49
4 49
4 48
5 48
4 47
5 47
3 47
3 48
3 49
2 49
2 48
2 47
3 46
4 46
5 46
2 46
1 48
1 47
1 49
1 46
5 45
4 45
3 45
2 45
1 45
0 49
0 48
0 47
0 46
0 45
6 45
6 46
6 47
4 44
3 44
2 44
5 44
1 44
6 44
0 44
7 44
7 45
7 46
5 43
4 43
3 43
2 43
6 43
1 43
7 43
0 43
8 46
8 45
8 44
8 43
4 42
5 42
6 42
3 42
2 42
7 42
1 42
8 42
0 42
9 45
9 44
9 43
9 46
9 42
5 41
4 41
6 41
3 41
7 41
2 41
8 41
9 41
1 41
0 41
10 46
10 45
10 44
10 43
10 42
0
No
0
Yes
6 31
6 32
5 31
5 32
6 30
6 33
5 30
5 33
6 29
5 29
0
No
0
Yes
46 20
45 20
45 19
46 19
45 18
46 18
47 18
47 19
47 20
44 18
44 19
44 20
48 20
48 19
48 18
47 17
46 17
45 17
44 17
48 17
43 20
43 19
43 18
43 17
49 19
49 18
49 17
49 20
46 16
45 16
47 16
44 16
48 16
43 16
49 16
42 19
42 18
42 17
42 20
42 16
45 15
46 15
47 15
44 15
48 15
43 15
49 15
42 15
41 20
41 19
41 18
41 17
41 16
41 15
46 14
45 14
47 14
44 14
43 14
48 14
42 14
41 14
49 14
40 19
40 18
40 17
40 16
40 15
40 20
40 14
45 13
46 13
44 13
43 13
42 13
47 13
41 13
40 13
48 13
39 20
39 19
39 18
39 17
39 16
39 15
39 14
39 13
46 12
45 12
44 12
43 12
42 12
41 12
47 12
40 12
39 12
38 19
38 18
38 17
38 16
38 15
38 14
38 13
38 20
38 12
0
No
0
No
0
No
2
274
15 31
15 32
15 33
15 34
15 35
15 36
15 37
15 38
16 31
16 32
16 33
16 34
16 35
16 36
16 37
16 38
17 31
17 32
17 33
17 34
17 35
17 36
17 37
17 38
18 31
18 32
18 33
18 34
18 35
18 36
18 37
18 38
19 31
19 32
19 33
19 34
19 35
19 36
19 37
19 38
20 31
20 32
20 33
20 34
20 35
20 36
20 37
20 38
21 31
21 32
21 33
21 34
21 35
21 36
21 37
21 38
22 31
250
27 11
27 12
27 13
27 14
27 15
28 11
28 12
28 13
28 14
28 15
29 11
29 12
29 13
29 14
29 15
30 11
30 12
Yes
0 35
0 36
0 37
0 38
0 39
0 40
0 41
0 42
0 43
0 44
0 45
0 46
0 47
1 35
1 36
1 37
1 38
1 39
1 40
1 41
1 42
1 43
1 44
1 45
1 46
1 47
2 35
2 36
2 37
2 38
2 39
2 40
2 41
2 42
2 43
2 44
2 45
2 46
2 47
3 35
3 36
3 37
3 38
3 39
3 40
3 41
3 42
3 43
3 44
3 45
3 46
3 47
4 35
4 36
4 37
4 38
4 39
4 40
4 41
4 42
4 43
4 44
4 45
4 46
4 47
5 35
5 36
5 37
5 38
5 39
5 40
5 41
5 42
5 43
5 44
5 45
5 46
5 47
6 35
6 36
6 37
6 38
6 39
6 40
6 41
6 42
6 43
6 44
6 45
6 46
6 47
7 35
7 36
7 37
7 38
7 39
7 40
7 41
7 42
7 43
7 44
7 45
7 46
7 47
8 35
8 36
8 37
8 38
8 39
8 40
8 41
8 42
8 43
8 44
8 45
8 46
8 47
9 35
9 36
9 37
9 38
9 39
9 40
9 41
9 42
9 43
9 44
9 45
9 46
9 47
10 35
10 36
10 37
10 38
10 39
10 40
10 41
10 42
10 43
10 44
10 45
10 46
10 47
11 35
11 36
11 37
11 38
11 39
11 40
0
Yes
28 24
28 25
28 26
28 27
28 28
28 29
28 30
29 24
29 25
29 26
29 27
29 28
29 29
29 30
30 24
30 25
30 26
30 27
30 28
30 29
30 30
31 24
31 25
31 26
31 27
31 28
31 29
31 30
0
No
0
Yes
21 35
20 35
21 34
21 36
22 35
20 34
20 36
22 34
22 36
19 35
21 33
21 37
23 35
19 34
19 36
20 33
20 37
22 33
22 37
23 34
23 36
19 33
19 37
23 33
23 37
18 35
21 32
21 38
24 35
18 34
18 36
20 32
20 38
22 32
22 38
24 34
24 36
18 33
18 37
19 32
19 38
23 32
23 38
24 33
24 37
17 35
21 31
17 34
17 36
20 31
22 31
18 32
18 38
24 32
24 38
17 33
17 37
19 31
23 31
17 32
17 38
18 31
24 31
17 31
0
No
0
Yes
31 11
31 10
30 10
32 10
32 11
32 12
31 12
31 13
32 13
33 11
33 12
33 10
33 13
30 9
31 9
32 9
33 9
30 13
29 9
29 10
31 8
30 8
29 8
28 10
28 9
28 8
30 14
31 14
32 14
33 14
34 10
34 11
34 12
34 13
34 9
34 14
31 15
32 15
33 15
30 15
34 15
35 11
35 10
35 12
35 13
35 14
35 9
35 15
30 7
29 7
31 7
28 7
27 9
27 8
27 10
27 7
31 6
26 10
26 9
26 8
26 7
26 11
30 16
31 16
32 16
33 16
34 16
35 16
36 10
36 11
36 12
36 13
36 14
36 15
36 9
36 16
29 16
31 17
32 17
33 17
34 17
35 17
36 17
37 11
37 10
37 12
37 13
37 14
37 15
37 16
37 9
37 17
25 9
25 8
25 7
32 18
33 18
34 18
35 18
36 18
31 18
37 18
38 10
38 11
38 9
24 8
24 7
31 19
32 19
33 19
34 19
35 19
36 19
37 19
39 11
39 10
39 9
30 19
30 20
31 20
32 20
33 20
34 20
35 20
36 20
37 20
40 10
40 11
40 9
41 11
41 10
41 9
33 21
34 21
35 21
36 21
37 21
41 8
42 10
42 9
42 11
42 8
42 7
41 7
0
No
0
Yes
35 25
34 25
34 24
35 24
34 23
35 23
36 23
36 24
36 25
33 23
33 24
33 25
36 26
35 26
34 26
33 26
37 25
37 24
37 26
37 23
36 22
35 22
34 22
33 22
37 22
32 25
32 24
32 23
32 26
32 22
35 27
34 27
36 27
33 27
37 27
32 27
38 24
38 25
38 26
38 23
38 27
38 22
31 24
31 25
31 26
31 27
31 23
31 22
34 28
35 28
36 28
33 28
37 28
32 28
38 28
31 28
39 25
39 24
39 26
39 23
39 27
39 22
39 28
30 25
30 26
30 24
30 27
30 28
35 29
34 29
36 29
33 29
37 29
32 29
38 29
31 29
39 29
30 29
40 24
40 25
40 26
40 27
40 23
40 28
40 22
40 29
29 24
29 25
29 26
29 27
29 28
29 29
34 30
35 30
36 30
33 30
37 30
32 30
38 30
31 30
39 30
30 30
40 30
29 30
0
No
0
Yes
15 5
14 5
14 4
15 4
14 3
15 3
13 3
13 4
13 5
13 2
14 2
15 2
15 1
14 1
13 1
16 2
16 3
16 1
16 4
12 2
12 1
12 3
12 4
14 0
15 0
16 0
13 0
12 0
17 1
17 2
17 0
17 3
0
No
0
No
0
No
0
No
0
Yes
45 25
46 25
45 24
45 26
46 24
46 26
44 25
47 25
44 24
44 26
47 24
47 26
45 23
45 27
46 23
46 27
43 25
44 23
44 27
47 23
47 27
48 25
43 24
43 26
48 24
48 26
45 22
45 28
46 22
46 28
43 23
43 27
48 23
48 27
44 22
44 28
47 22
47 28
42 25
49 25
42 24
42 26
49 24
49 26
43 22
43 28
48 22
48 28
42 23
42 27
45 21
46 21
49 23
49 27
44 21
47 21
41 25
41 24
41 26
42 22
42 28
49 22
49 28
43 21
48 21
41 23
41 27
42 21
49 21
41 22
41 28
41 21
0
Yes
12 20
11 20
11 19
11 21
12 21
10 19
10 20
9 20
9 19
9 21
8 19
8 20
8 21
8 18
8 22
9 22
9 23
8 23
10 23
7 20
7 19
7 21
7 22
7 23
8 24
9 24
7 24
9 25
8 25
7 25
10 25
10 26
9 26
8 26
7 26
11 26
11 25
12 25
12 24
11 27
10 27
9 27
8 27
7 27
12 27
12 23
8 17
9 17
9 16
8 16
8 15
9 15
10 15
10 14
9 14
8 14
11 14
9 13
10 13
8 13
10 12
9 12
8 12
11 12
9 11
8 11
8 10
9 10
0
No
0
No
0
Yes
3 5
3 6
4 5
4 6
2 5
2 6
3 4
3 7
4 4
4 7
5 5
5 6
2 4
2 7
5 4
5 7
1 5
1 6
3 3
3 8
4 3
4 8
6 5
6 6
1 4
1 7
2 3
2 8
5 3
5 8
6 4
6 7
0 5
0 6
1 3
1 8
3 2
3 9
4 2
4 9
6 3
6 8
0 4
0 7
2 2
2 9
5 2
5 9
0 3
0 8
1 2
1 9
6 2
6 9
3 1
3 10
4 1
4 10
2 1
2 10
5 1
5 10
0 2
0 9
1 1
1 10
6 1
6 10
3 0
4 0
0 1
0 10
2 0
5 0
1 0
6 0
0 0
0
Yes
8 8
8 9
9 8
9 9
7 8
7 9
8 7
9 7
7 7
7 10
8 6
9 6
7 6
0
No
0
Yes
12 38
12 37
13 37
13 38
14 37
14 38
14 36
13 36
12 36
12 35
13 35
14 35
15 36
15 37
15 38
15 35
13 34
14 34
15 34
12 34
16 38
16 37
16 36
16 35
0
No
0
Yes
17 1
17 2
16 1
16 2
18 1
18 2
17 0
16 0
18 0
15 1
15 2
19 1
19 2
15 0
19 0
14 1
14 2
14 0
0
No
0
No
0
Yes
1 11
0 11
0 12
1 12
0 13
1 13
2 13
2 12
2 11
3 11
3 12
3 13
2 14
1 14
0 14
3 14
4 12
4 13
4 11
4 14
1 15
2 15
3 15
0 15
4 15
5 11
5 12
5 13
5 14
5 15
0 16
1 16
2 16
3 16
4 16
5 16
6 12
6 13
6 14
6 15
6 11
6 16
1 17
2 17
3 17
4 17
5 17
0 17
6 17
7 11
7 12
7 13
7 14
7 15
7 16
7 17
0 18
1 18
2 18
0
Yes
32 27
32 28
33 27
33 28
31 27
31 28
32 26
32 29
33 26
33 29
34 27
34 28
31 26
31 29
34 26
34 29
30 27
30 28
32 25
32 30
33 25
33 30
35 27
35 28
30 26
30 29
31 25
31 30
34 25
34 30
35 26
35 29
29 27
29 28
30 25
30 30
32 24
33 24
35 25
35 30
36 27
36 28
29 26
29 29
31 24
34 24
36 26
36 29
29 25
29 30
30 24
35 24
36 25
36 30
28 27
28 28
37 27
37 28
28 26
28 29
37 26
37 29
29 24
36 24
28 25
28 30
37 25
37 30
27 27
27 28
38 27
38 28
27 26
27 29
28 24
37 24
38 26
38 29
27 25
27 30
38 25
38 30
26 27
26 28
27 24
38 24
39 27
39 28
26 26
26 29
39 26
39 29
26 25
26 30
39 25
39 30
26 24
39 24
25 27
25 28
40 27
40 28
25 26
25 29
40 26
40 29
25 25
25 30
40 25
40 30
25 24
40 24
24 27
24 28
24 26
24 29
24 25
0
No
0
Yes
0 28
0 27
1 27
1 28
2 27
2 28
2 26
1 26
0 26
0 25
1 25
2 25
3 26
3 27
3 28
3 25
1 24
2 24
0 24
3 24
4 28
4 27
4 26
4 25
4 24
0 23
1 23
2 23
3 23
4 23
5 27
5 26
5 25
5 24
5 28
5 23
1 22
2 22
3 22
4 22
0 22
5 22
6 28
6 27
6 26
6 25
6 24
6 23
6 22
0 21
1 21
2 21
3 21
4 21
5 21
6 21
1 20
2 20
3 20
4 20
5 20
0 20
6 20
0 19
1 19
2 19
0
Yes
5 19
4 19
5 18
6 19
4 18
6 18
3 19
3 18
0
No
0
Yes
20 26
20 27
21 27
21 28
20 28
21 29
20 29
22 29
22 28
22 27
22 30
21 30
20 30
23 27
23 28
23 29
23 30
0
Yes
29 5
28 5
29 4
29 6
30 5
28 4
28 6
30 4
30 6
27 5
29 3
29 7
31 5
27 4
27 6
28 3
28 7
30 3
30 7
31 4
31 6
27 3
27 7
31 3
31 7
26 5
29 2
29 8
32 5
26 4
26 6
28 2
28 8
30 2
30 8
32 4
32 6
26 3
26 7
27 2
27 8
31 2
31 8
32 3
32 7
25 5
29 1
29 9
25 4
25 6
28 1
28 9
30 1
30 9
26 2
26 8
32 2
32 8
25 3
25 7
27 1
27 9
31 1
31 9
25 2
25 8
26 1
26 9
29 0
32 1
32 9
28 0
30 0
27 0
31 0
25 1
25 9
26 0
32 0
25 0
0
No
0
No
0
No
0
Yes
15 4
15 5
14 4
14 5
16 4
15 3
14 3
16 3
13 4
13 5
13 3
0
No
0
Yes
2 49
3 49
2 48
3 48
1 49
4 49
1 48
4 48
0 49
0 48
0
Yes
0 29
0 30
1 30
1 29
2 30
2 29
2 31
1 31
0 31
0 32
1 32
2 32
3 31
3 30
3 29
3 32
1 33
2 33
0 33
3 33
4 29
4 30
4 31
4 32
4 33
0 34
1 34
2 34
3 34
4 34
5 30
5 31
5 32
5 33
5 29
5 34
6 29
6 30
6 31
6 32
6 33
6 34
7 30
0
No
0
No
0
Yes
27 27
27 28
28 27
28 28
26 27
26 28
27 26
27 29
28 26
28 29
29 27
29 28
26 26
26 29
29 26
29 29
25 27
25 28
27 25
27 30
28 25
28 30
30 27
30 28
25 26
25 29
26 25
26 30
29 25
29 30
30 26
30 29
24 27
24 28
25 25
25 30
27 24
28 24
30 25
30 30
31 27
31 28
24 26
24 29
26 24
29 24
31 26
31 29
24 25
24 30
25 24
30 24
31 25
31 30
23 27
23 28
23 26
23 29
31 24
23 25
23 30
0
No
0
No
0
No
0
Yes
43 25
43 26
42 25
42 26
44 25
44 26
43 24
43 27
42 24
42 27
44 24
44 27
41 25
41 26
45 25
45 26
41 24
41 27
43 23
43 28
45 24
45 27
42 23
42 28
44 23
44 28
40 25
40 26
46 25
46 26
41 23
41 28
45 23
45 28
40 24
40 27
46 24
46 27
43 22
43 29
42 22
42 29
44 22
40 23
40 28
46 23
46 28
39 25
39 26
41 22
41 29
45 22
45 29
47 25
47 26
39 24
39 27
47 24
47 27
43 21
40 22
40 29
42 21
44 21
46 22
46 29
39 23
39 28
47 23
47 28
41 21
45 21
38 25
38 26
48 25
48 26
38 24
38 27
48 24
48 27
39 22
39 29
47 22
47 29
40 21
46 21
38 23
38 28
48 23
48 28
37 25
37 26
39 21
47 21
49 25
49 26
38 22
38 29
48 22
48 29
37 24
37 27
49 24
49 27
37 23
37 28
49 23
49 28
38 21
48 21
37 22
37 29
49 22
36 25
36 26
36 24
36 27
36 23
36 28
37 21
49 21
36 22
36 29
0
No
0
Yes
47 8
48 8
47 7
48 7
46 8
46 7
0
Yes
43 32
42 32
42 31
43 31
42 33
41 33
41 32
0
Yes
3 3
3 4
4 3
4 4
2 3
2 4
3 2
3 5
4 2
4 5
5 3
5 4
2 2
2 5
5 2
5 5
1 3
1 4
3 1
3 6
4 1
4 6
6 3
6 4
1 2
1 5
2 1
2 6
5 1
5 6
6 2
6 5
0 3
0 4
1 1
1 6
3 0
4 0
6 1
6 6
0 2
0 5
2 0
5 0
0 1
0 6
1 0
6 0
0 0
0
Yes
4 14
4 15
3 14
3 15
5 14
5 15
4 13
4 16
3 13
3 16
5 13
5 16
2 14
2 15
6 14
6 15
2 13
2 16
4 12
4 17
6 13
6 16
3 12
3 17
5 12
5 17
1 14
1 15
7 14
7 15
2 12
2 17
6 12
6 17
1 13
1 16
7 13
7 16
4 11
3 11
5 11
1 12
1 17
7 12
7 17
0 14
0 15
2 11
6 11
0 13
0 16
1 11
7 11
0 12
0 17
0 11
0
No
0
Yes
25 24
25 25
25 26
25 27
25 28
25 29
25 30
25 31
25 32
25 33
25 34
25 35
25 36
25 37
26 24
26 25
26 26
26 27
26 28
26 29
26 30
26 31
26 32
26 33
26 34
26 35
26 36
26 37
27 24
27 25
27 26
27 27
27 28
27 29
27 30
27 31
27 32
27 33
27 34
27 35
27 36
27 37
28 24
28 25
28 26
28 27
28 28
28 29
28 30
28 31
28 32
28 33
28 34
28 35
28 36
28 37
29 24
29 25
29 26
29 27
29 28
29 29
29 30
29 31
29 32
29 33
29 34
29 35
29 36
29 37
30 24
30 25
30 26
30 27
30 28
30 29
30 30
30 31
30 32
30 33
30 34
30 35
30 36
30 37
31 24
31 25
31 26
31 27
31 28
31 29
31 30
31 31
31 32
31 33
31 34
31 35
31 36
31 37
32 24
32 25
32 26
32 27
32 28
32 29
32 30
32 31
32 32
32 33
32 34
32 35
32 36
32 37
33 24
33 25
33 26
33 27
33 28
33 29
33 30
33 31
33 32
33 33
33 34
33 35
33 36
33 37
34 24
34 25
34 26
34 27
34 28
34 29
34 30
34 31
34 32
34 33
34 34
34 35
34 36
34 37
0
Yes
13 0
12 0
12 1
13 1
12 2
13 2
11 2
11 1
11 0
10 0
10 1
10 2
9 1
9 0
9 2
10 3
11 3
12 3
9 3
8 2
8 1
8 0
8 3
12 4
11 4
10 4
9 4
8 4
7 0
7 1
7 2
7 3
7 4
11 5
10 5
9 5
12 5
8 5
0
Yes
31 22
31 23
32 23
32 22
33 23
33 22
0
No
0
No
0
Yes
30 41
29 41
30 40
30 42
31 41
29 40
29 42
31 40
31 42
28 41
30 39
30 43
32 41
28 40
28 42
29 39
29 43
31 39
31 43
32 40
32 42
28 39
28 43
32 39
32 43
27 41
30 38
33 41
27 40
27 42
29 38
31 38
33 40
33 42
27 39
27 43
28 38
32 38
33 39
33 43
26 41
34 41
26 40
26 42
34 40
27 38
33 38
26 39
26 43
34 39
34 43
25 41
26 38
25 40
25 42
25 39
25 43
25 38
0
Yes
37 4
37 5
38 4
38 5
36 4
36 5
37 3
37 6
38 3
38 6
39 4
39 5
36 3
36 6
39 3
39 6
35 4
35 5
37 2
37 7
38 2
38 7
40 4
40 5
35 3
35 6
36 2
36 7
39 2
39 7
40 3
40 6
34 4
34 5
35 2
35 7
37 1
37 8
38 1
38 8
40 2
40 7
41 4
41 5
34 3
34 6
36 1
36 8
39 1
39 8
41 3
41 6
34 2
34 7
35 1
35 8
40 1
40 8
41 2
41 7
33 4
33 5
37 0
38 0
33 3
33 6
36 0
39 0
34 1
34 8
41 1
41 8
33 2
33 7
35 0
40 0
33 1
33 8
34 0
41 0
33 0
0
Yes
0 42
0 43
0 44
0 45
0 46
0 47
0 48
0 49
1 42
1 43
1 44
1 45
1 46
1 47
1 48
1 49
2 42
2 43
2 44
2 45
2 46
2 47
2 48
2 49
3 42
3 43
3 44
3 45
3 46
3 47
3 48
3 49
4 42
4 43
4 44
4 45
4 46
4 47
4 48
4 49
5 42
5 43
5 44
5 45
5 46
5 47
5 48
5 49
6 42
6 43
6 44
6 45
6 46
6 47
6 48
6 49
7 42
7 43
7 44
7 45
7 46
7 47
7 48
7 49
0
Yes
29 47
28 47
29 46
29 48
30 47
28 46
28 48
30 46
30 48
27 47
29 45
29 49
31 47
27 46
27 48
28 45
28 49
30 45
30 49
31 46
31 48
27 45
27 49
31 45
31 49
26 47
29 44
32 47
26 46
26 48
28 44
30 44
32 46
32 48
26 45
26 49
27 44
31 44
32 45
32 49
25 47
25 46
25 48
26 44
32 44
25 45
25 49
0
Yes
0 33
0 32
1 32
1 33
2 32
2 33
2 34
1 34
0 34
2 31
1 31
0 31
0 35
1 35
2 35
3 34
3 33
3 32
3 31
3 35
0 30
1 30
2 30
3 30
1 36
2 36
0 36
3 36
4 33
4 32
4 34
4 31
4 35
4 30
4 36
1 29
2 29
3 29
4 29
0 29
0 37
1 37
2 37
3 37
4 37
5 32
5 33
5 34
5 31
5 35
5 30
5 36
5 29
5 37
5 38
4 38
3 38
2 38
1 38
0 38
6 33
6 32
6 34
6 31
6 35
6 36
6 30
6 37
6 29
6 38
6 39
5 39
4 39
3 39
2 39
1 39
0 39
7 32
7 33
7 34
7 31
7 35
7 36
7 37
7 30
7 38
7 29
7 39
7 40
6 40
5 40
4 40
3 40
2 40
1 40
0 40
8 33
8 32
8 34
8 31
8 35
8 36
8 37
8 38
8 30
8 39
8 29
8 40
8 41
7 41
6 41
5 41
4 41
3 41
2 41
1 41
0 41
9 32
9 33
9 34
9 31
9 35
9 36
9 37
9 38
9 39
9 30
0
Yes
0 7
0 8
1 8
1 7
2 8
2 7
2 9
1 9
0 9
0 10
1 10
2 10
3 9
3 8
3 7
3 10
1 11
2 11
0 11
3 11
4 7
4 8
4 9
4 10
4 11
0 12
1 12
2 12
3 12
4 12
5 8
5 9
5 10
5 11
5 7
5 12
1 13
2 13
3 13
4 13
0 13
5 13
6 7
0
Yes
39 34
38 34
38 33
39 33
38 32
39 32
37 32
37 33
37 34
36 34
36 33
36 32
37 31
38 31
39 31
36 31
35 33
35 32
35 34
35 31
39 30
38 30
37 30
36 30
35 30
36 35
35 35
0
Yes
13 36
14 36
13 35
13 37
14 35
14 37
12 36
15 36
12 35
12 37
15 35
15 37
13 34
13 38
14 34
14 38
11 36
12 34
12 38
15 34
15 38
16 36
11 35
11 37
16 35
16 37
13 33
14 33
11 34
11 38
16 34
16 38
12 33
15 33
10 36
10 35
10 37
11 33
16 33
10 34
10 38
10 33
0
No
0
No
0
No
0
Yes
0 49
0 48
1 48
1 49
2 48
2 49
2 47
1 47
0 47
0 46
1 46
2 46
3 47
3 48
3 49
3 46
1 45
2 45
0 45
3 45
4 49
4 48
4 47
4 46
4 45
0 44
1 44
2 44
3 44
4 44
5 48
5 47
5 46
5 45
5 49
5 44
1 43
2 43
3 43
4 43
0 43
5 43
6 49
6 48
6 47
6 46
6 45
6 44
6 43
0 42
1 42
2 42
3 42
4 42
5 42
6 42
7 48
7 47
7 46
7 45
7 44
7 43
7 49
7 42
8 49
8 48
8 47
8 46
8 45
8 44
8 43
8 42
9 48
9 47
0
Yes
32 0
31 0
31 1
32 1
31 2
32 2
30 2
30 1
30 0
29 0
29 1
29 2
30 3
31 3
32 3
29 3
28 1
28 2
28 0
28 3
32 4
31 4
30 4
29 4
28 4
27 0
27 1
27 2
27 3
27 4
31 5
30 5
29 5
28 5
32 5
27 5
26 1
26 2
26 3
26 4
26 0
26 5
32 6
31 6
30 6
29 6
28 6
27 6
26 6
25 0
25 1
25 2
25 3
25 4
25 5
25 6
31 7
30 7
29 7
28 7
27 7
26 7
32 7
25 7
24 1
24 2
24 3
24 4
24 5
24 6
24 0
24 7
32 8
31 8
30 8
0
Yes
34 17
34 18
35 17
35 18
33 17
33 18
34 16
34 19
35 16
35 19
36 17
36 18
33 16
33 19
36 16
36 19
32 17
32 18
34 15
34 20
35 15
35 20
37 17
37 18
32 16
32 19
33 15
33 20
36 15
36 20
37 16
37 19
31 17
31 18
32 15
32 20
34 14
35 14
37 15
37 20
31 16
31 19
33 14
36 14
31 15
31 20
32 14
37 14
31 14
0
No
0
Yes
29 16
29 15
28 15
30 15
30 16
28 14
29 14
30 14
27 14
27 15
29 13
28 13
30 13
27 13
31 13
28 12
29 12
30 12
27 12
31 12
26 13
29 11
28 11
30 11
27 11
31 11
32 12
32 13
32 11
33 13
33 12
33 11
26 11
28 10
29 10
30 10
27 10
31 10
32 10
26 10
33 10
34 12
34 11
34 13
34 10
35 13
35 12
35 11
35 10
29 9
28 9
30 9
27 9
31 9
32 9
33 9
34 9
26 9
35 9
25 9
28 8
29 8
27 8
26 8
25 8
36 12
36 11
36 10
36 13
36 9
37 13
37 12
37 11
37 10
37 9
24 8
38 11
38 10
38 9
39 10
39 11
39 9
40 11
40 10
40 9
41 10
41 11
41 9
42 11
42 10
42 9
43 10
43 11
43 9
42 8
43 8
44 11
44 10
44 9
44 8
43 7
42 7
42 6
43 6
45 10
45 9
45 11
45 8
46 11
46 10
46 9
43 5
42 5
45 7
0
No
0
No
0
No
0
No
0
No
0
No
0
No
0
No
0
No
0
No
0
No
0
No
0
No
0
Yes
22 3
21 3
22 2
22 4
23 3
21 2
21 4
23 2
23 4
20 3
22 1
22 5
20 2
20 4
21 1
21 5
23 1
23 5
20 1
22 0
21 0
23 0
0
Yes
3 15
2 15
2 14
3 14
2 16
3 16
4 16
4 15
4 14
1 16
1 15
1 14
5 15
5 14
5 16
4 17
3 17
2 17
1 17
5 17
0 15
0 16
0 17
0 14
6 16
6 15
6 14
6 17
3 18
2 18
4 18
5 18
6 18
1 18
0 18
7 18
7 17
7 16
0
No
0
No
0
Yes
16 38
15 38
15 37
16 37
15 36
16 36
14 36
14 37
14 38
13 38
13 37
13 36
14 35
15 35
16 35
13 35
12 37
12 36
12 38
12 35
16 34
15 34
14 34
13 34
12 34
11 38
11 37
11 36
11 35
11 34
15 33
14 33
13 33
12 33
16 33
11 33
10 37
10 36
10 35
10 34
10 38
10 33
16 32
15 32
14 32
13 32
12 32
11 32
10 32
15 31
14 31
13 31
12 31
11 31
10 31
16 31
14 30
13 30
12 30
0
No
0
No
0
Yes
37 13
36 13
36 12
37 12
37 11
36 11
35 12
35 13
35 11
38 11
34 13
34 12
34 11
36 10
37 10
35 10
38 10
34 10
39 10
39 11
40 11
40 10
37 9
36 9
38 9
35 9
39 9
34 9
40 9
33 12
33 11
33 10
33 13
33 9
32 13
32 12
32 11
32 10
32 9
41 10
41 11
41 9
42 11
42 10
42 9
31 12
31 11
31 10
31 13
31 9
43 10
43 11
43 9
30 13
30 12
30 11
30 10
30 9
30 14
42 8
43 8
44 11
44 10
44 9
44 8
29 12
29 13
29 11
29 10
29 14
29 9
29 15
30 15
30 16
29 16
43 7
42 7
45 10
45 9
45 11
45 8
42 6
43 6
28 13
28 12
28 14
28 11
28 15
28 10
28 9
46 11
46 10
46 9
29 8
28 8
43 5
42 5
45 7
27 12
27 13
27 14
27 11
27 10
27 9
27 15
27 8
47 10
47 11
0
No
0
Yes
10 45
10 46
11 45
11 46
9 45
9 46
10 44
10 47
11 44
11 47
9 44
10 43
11 43
9 43
0
Yes
29 41
30 41
29 40
29 42
30 40
30 42
28 41
31 41
28 40
28 42
31 40
31 42
29 39
29 43
30 39
30 43
27 41
28 39
28 43
31 39
31 43
32 41
27 40
27 42
32 40
32 42
29 38
30 38
27 39
27 43
32 39
32 43
28 38
31 38
26 41
33 41
26 40
26 42
33 40
33 42
27 38
32 38
26 39
26 43
33 39
33 43
25 41
25 40
25 42
26 38
33 38
25 39
0
No
0
No
1
375
24 0
24 1
24 2
24 3
24 4
24 5
24 6
24 7
25 0
25 1
25 2
25 3
25 4
25 5
25 6
25 7
26 0
26 1
26 2
26 3
26 4
26 5
26 6
26 7
27 0
27 1
27 2
27 3
27 4
27 5
27 6
27 7
28 0
28 1
28 2
28 3
28 4
28 5
28 6
28 7
29 0
29 1
29 2
29 3
29 4
29 5
29 6
29 7
30 0
30 1
30 2
30 3
30 4
30 5
30 6
30 7
31 0
31 1
31 2
Yes
0 29
0 30
0 31
0 32
0 33
0 34
0 35
0 36
0 37
0 38
0 39
0 40
1 29
1 30
1 31
1 32
1 33
1 34
1 35
1 36
1 37
1 38
1 39
1 40
2 29
2 30
2 31
2 32
2 33
2 34
2 35
2 36
2 37
2 38
2 39
2 40
3 29
3 30
3 31
3 32
3 33
3 34
3 35
3 36
3 37
3 38
3 39
3 40
4 29
4 30
4 31
4 32
4 33
4 34
4 35
4 36
4 37
4 38
4 39
4 40
5 29
5 30
5 31
5 32
5 33
5 34
5 35
5 36
5 37
5 38
5 39
5 40
6 29
6 30
6 31
6 32
6 33
6 34
6 35
6 36
6 37
6 38
6 39
6 40
7 29
7 30
7 31
7 32
7 33
7 34
7 35
7 36
7 37
7 38
7 39
7 40
8 29
8 30
8 31
8 32
8 33
8 34
8 35
8 36
8 37
8 38
8 39
8 40
9 29
9 30
9 31
9 32
9 33
9 34
9 35
9 36
9 37
9 38
9 39
9 40
10 29
10 30
10 31
10 32
10 33
10 34
10 35
10 36
10 37
10 38
10 39
10 40
11 29
11 30
11 31
11 32
11 33
11 34
11 35
11 36
11 37
11 38
11 39
11 40
12 29
12 30
12 31
12 32
12 33
0
No
0
Yes
29 0
28 0
28 1
29 1
28 2
29 2
30 2
30 1
30 0
27 2
27 1
27 0
31 0
31 1
31 2
30 3
29 3
28 3
27 3
31 3
26 0
26 1
26 2
26 3
32 1
32 2
32 3
32 0
29 4
28 4
30 4
27 4
31 4
26 4
32 4
25 1
25 2
25 3
25 0
25 4
28 5
29 5
30 5
27 5
31 5
26 5
32 5
25 5
24 5
24 4
24 3
24 2
24 1
24 0
29 6
28 6
30 6
27 6
26 6
31 6
0
No
0
No
0
No
0
No
0
No
0
No
0
Yes
22 25
22 26
22 27
23 25
23 26
23 27
24 25
24 26
24 27
0
Yes
0 14
0 15
1 15
1 14
2 15
2 14
2 16
1 16
0 16
0 17
1 17
2 17
3 16
3 15
3 14
3 17
1 18
2 18
3 18
0 18
4 14
4 15
4 16
4 17
0
No
0
Yes
35 18
34 18
35 17
35 19
36 18
34 17
34 19
36 17
36 19
33 18
35 16
35 20
37 18
33 17
33 19
34 16
34 20
36 16
36 20
37 17
37 19
33 16
33 20
37 16
37 20
32 18
35 15
35 21
32 17
32 19
34 15
34 21
36 15
36 21
32 16
32 20
33 15
33 21
37 15
35 14
34 14
36 14
32 15
33 14
37 14
32 14
0
Yes
10 5
10 6
9 5
9 6
11 5
11 6
10 4
10 7
9 4
9 7
11 4
11 7
8 5
8 6
12 5
12 6
8 4
8 7
10 3
10 8
12 4
12 7
9 3
9 8
11 3
11 8
7 5
7 6
8 3
8 8
12 3
12 8
7 4
7 7
10 2
10 9
9 2
9 9
11 2
11 9
7 3
7 8
8 2
8 9
12 2
12 9
10 1
10 10
7 2
7 9
9 1
9 10
11 1
11 10
8 1
8 10
12 1
12 10
7 1
7 10
10 0
9 0
11 0
8 0
12 0
7 0
0
No
0
No
0
Yes
7 28
7 27
8 27
8 28
9 27
9 28
9 26
8 26
7 26
7 25
8 25
9 25
10 26
10 27
10 28
10 25
8 24
9 24
7 24
0
Yes
29 16
29 15
28 15
30 15
30 16
30 14
29 14
28 14
31 14
31 15
31 16
29 13
30 13
28 13
31 13
27 13
27 14
27 15
28 12
29 12
30 12
27 12
31 12
29 11
28 11
30 11
27 11
31 11
28 10
29 10
30 10
27 10
31 10
0
Yes
10 43
11 43
10 42
10 44
11 42
11 44
9 43
9 42
9 44
10 41
11 41
9 41
0
Yes
16 4
15 4
15 3
16 3
15 2
16 2
14 2
14 3
14 4
13 4
13 3
13 2
14 1
15 1
16 1
13 1
13 5
14 5
15 5
17 1
17 2
17 3
16 0
15 0
17 0
14 0
13 0
0
Yes
16 36
16 37
15 36
15 37
17 36
17 37
16 35
16 38
15 35
15 38
17 35
17 38
14 36
14 37
18 36
18 37
14 35
14 38
16 34
18 35
18 38
15 34
17 34
13 36
13 37
19 36
19 37
14 34
18 34
13 35
13 38
19 35
19 38
13 34
19 34
12 36
12 37
12 35
12 38
12 34
0
No
0
Yes
32 10
32 9
31 9
33 9
33 10
34 9
34 10
34 11
33 11
32 11
35 11
35 10
35 9
32 12
33 12
34 12
35 12
36 10
36 11
36 9
36 12
33 13
34 13
35 13
36 13
32 13
37 9
37 10
37 11
37 12
37 13
0
Yes
4 45
4 46
3 45
3 46
5 45
5 46
4 44
4 47
3 44
3 47
5 44
5 47
2 45
2 46
6 45
6 46
2 44
2 47
4 43
4 48
6 44
6 47
3 43
3 48
5 43
5 48
1 45
1 46
7 45
7 46
2 43
2 48
6 43
6 48
1 44
1 47
7 44
7 47
4 42
4 49
3 42
3 49
5 42
5 49
1 43
1 48
7 43
7 48
0 45
0 46
2 42
2 49
6 42
6 49
0 44
0 47
4 41
1 42
1 49
3 41
5 41
7 42
7 49
0 43
0 48
2 41
6 41
0 42
0 49
1 41
7 41
0
Yes
0 19
0 20
0 21
0 22
0 23
0 24
0 25
0 26
0 27
0 28
1 19
1 20
1 21
1 22
1 23
1 24
1 25
1 26
1 27
1 28
2 19
2 20
2 21
2 22
2 23
2 24
2 25
2 26
2 27
2 28
3 19
3 20
3 21
3 22
3 23
3 24
3 25
3 26
3 27
3 28
4 19
4 20
4 21
4 22
4 23
4 24
4 25
4 26
4 27
4 28
5 19
5 20
5 21
5 22
5 23
5 24
5 25
5 26
5 27
5 28
6 19
6 20
6 21
6 22
6 23
6 24
6 25
6 26
6 27
6 28
7 19
7 20
7 21
7 22
7 23
7 24
7 25
7 26
7 27
7 28
8 19
8 20
0
No
0
No
0
Yes
22 3
21 3
22 2
22 4
23 3
21 2
21 4
23 2
23 4
20 3
22 1
22 5
20 2
20 4
21 1
21 5
23 1
23 5
20 1
22 0
21 0
23 0
20 0
0
Yes
44 10
43 10
44 9
44 11
45 10
43 9
43 11
45 9
45 11
42 10
44 8
46 10
42 9
42 11
43 8
45 8
46 9
46 11
42 8
46 8
41 10
41 9
41 11
0
Yes
0 41
0 42
0 43
0 44
0 45
0 46
0 47
0 48
0 49
1 41
1 42
1 43
1 44
1 45
1 46
1 47
1 48
1 49
2 41
2 42
2 43
2 44
2 45
2 46
2 47
2 48
2 49
3 41
3 42
3 43
3 44
3 45
3 46
3 47
3 48
3 49
4 41
4 42
4 43
4 44
4 45
4 46
4 47
4 48
4 49
5 41
5 42
5 43
5 44
5 45
5 46
5 47
5 48
5 49
6 41
6 42
6 43
6 44
6 45
6 46
6 47
6 48
6 49
7 41
7 42
7 43
7 44
7 45
7 46
0
No
0
Yes
2 3
3 3
2 2
2 4
3 2
3 4
1 3
4 3
1 2
1 4
4 2
4 4
2 1
2 5
3 1
3 5
0 3
1 1
1 5
4 1
4 5
0 2
0 4
2 0
3 0
0 1
0 5
1 0
4 0
0 0
0
No
0
No
0
No
0
No
0
Yes
47 24
48 24
47 23
47 25
48 23
48 25
46 24
49 24
46 23
46 25
49 23
49 25
47 22
47 26
48 22
48 26
45 24
46 22
46 26
49 22
49 26
45 23
45 25
47 21
48 21
45 22
45 26
46 21
49 21
45 21
0
Yes
15 32
15 33
14 32
14 33
16 32
16 33
15 31
14 31
16 31
13 32
13 33
13 31
0
Yes
19 32
19 33
18 32
18 33
20 32
20 33
19 31
18 31
20 31
17 32
17 33
17 31
0
Yes
43 6
43 7
42 6
42 7
43 5
42 5
0
Yes
42 25
42 26
41 25
41 26
43 25
43 26
42 24
42 27
41 24
41 27
43 24
43 27
40 25
40 26
44 25
44 26
40 24
40 27
42 23
42 28
44 24
44 27
41 23
41 28
43 23
43 28
39 25
39 26
40 23
40 28
44 23
44 28
39 24
39 27
42 22
42 29
41 22
41 29
43 22
43 29
39 23
39 28
40 22
40 29
44 22
42 21
39 22
39 29
41 21
43 21
40 21
44 21
0
Yes
11 25
10 25
10 26
11 26
10 27
11 27
9 27
9 26
9 25
8 25
8 26
8 27
9 28
10 28
11 28
8 28
7 26
7 27
7 25
7 28
6 25
6 26
6 27
6 28
7 24
8 24
9 24
6 24
5 26
5 25
5 27
5 24
5 28
0
No
0
Yes
9 48
10 48
9 47
9 49
10 47
10 49
8 48
11 48
8 47
8 49
11 47
11 49
9 46
10 46
7 48
8 46
11 46
7 47
7 49
0
Yes
0 49
0 48
1 48
1 49
2 48
2 49
2 47
1 47
0 47
0 46
1 46
2 46
3 47
3 48
3 49
3 46
1 45
2 45
0 45
3 45
4 49
4 48
4 47
4 46
4 45
0 44
1 44
2 44
3 44
4 44
5 48
5 47
5 46
5 45
5 49
5 44
1 43
2 43
3 43
4 43
0 43
5 43
6 49
6 48
6 47
6 46
6 45
6 44
6 43
0 42
1 42
2 42
3 42
4 42
5 42
6 42
7 46
7 45
7 44
0
Yes
0 25
0 26
0 27
0 28
1 25
1 26
1 27
1 28
2 25
2 26
2 27
2 28
3 25
3 26
3 27
3 28
4 25
4 26
4 27
4 28
0
Yes
20 0
20 1
20 2
20 3
20 4
21 0
21 1
21 2
21 3
21 4
22 0
22 1
22 2
22 3
22 4
23 0
23 1
23 2
23 3
23 4
0
Yes
4 24
3 24
3 23
4 23
3 22
4 22
2 22
2 23
2 24
1 24
1 23
1 22
2 21
3 21
4 21
1 21
0 23
0 22
0 21
0 24
5 21
5 22
5 23
4 20
3 20
2 20
1 20
5 20
0 20
6 23
6 22
6 21
6 20
3 19
4 19
2 19
5 19
1 19
6 19
0 19
7 22
7 21
7 20
7 23
7 19
4 18
3 18
5 18
2 18
6 18
1 18
7 18
0 18
8 23
8 22
8 21
8 20
8 19
8 18
3 17
4 17
5 17
2 17
6 17
1 17
7 17
0 17
8 17
0
Yes
6 31
5 31
5 30
6 30
5 29
6 29
7 29
7 30
7 31
4 29
4 30
4 31
7 32
6 32
5 32
4 32
8 31
8 30
8 32
8 29
7 28
6 28
5 28
8 28
3 31
3 30
3 32
3 29
6 33
5 33
7 33
4 33
8 33
3 33
9 30
9 31
9 32
9 29
9 33
9 28
6 27
7 27
8 27
5 27
9 27
2 30
2 31
2 32
2 29
2 33
5 34
6 34
7 34
4 34
8 34
3 34
9 34
2 34
10 31
10 30
10 32
10 29
10 33
10 28
10 34
10 27
5 26
6 26
7 26
8 26
9 26
10 26
1 31
1 32
1 30
1 33
1 29
1 34
6 35
5 35
7 35
4 35
8 35
3 35
9 35
2 35
10 35
1 35
11 30
11 31
11 32
11 29
11 33
11 28
11 34
11 27
11 35
11 26
6 25
7 25
8 25
9 25
10 25
5 25
11 25
0 30
0 31
0 32
0 33
0 34
0 35
0 29
5 36
6 36
7 36
4 36
8 36
3 36
9 36
2 36
10 36
1 36
11 36
0 36
12 31
12 30
12 29
12 28
12 27
12 32
12 33
5 24
6 24
7 24
8 24
9 24
0
No
0
Yes
35 45
34 45
34 44
34 46
35 46
33 46
33 45
33 44
32 45
32 44
32 46
31 46
31 45
31 44
32 43
33 43
31 43
34 43
30 45
30 44
30 46
30 43
31 47
32 47
33 47
30 47
31 42
32 42
33 42
30 42
29 44
29 45
29 46
29 43
29 47
29 42
33 48
32 48
31 48
30 48
29 48
33 41
32 41
31 41
30 41
29 41
28 45
28 44
28 46
28 43
28 47
28 42
28 48
28 41
32 49
31 49
30 49
29 49
28 49
33 49
32 40
31 40
30 40
29 40
33 40
28 40
27 44
27 45
27 46
27 43
27 47
27 42
27 48
27 41
27 49
27 40
33 39
32 39
31 39
30 39
29 39
28 39
27 39
34 39
34 40
34 41
26 45
26 44
26 46
26 43
26 47
26 42
26 41
26 48
26 40
26 49
26 39
32 38
31 38
30 38
29 38
28 38
33 38
27 38
26 38
25 44
25 45
25 46
25 43
25 47
25 42
25 41
25 40
25 39
0
No
0
No
0
No
0
Yes
33 0
33 1
33 2
33 3
33 4
33 5
34 0
34 1
34 2
34 3
34 4
34 5
35 0
35 1
35 2
35 3
35 4
35 5
36 0
36 1
36 2
36 3
36 4
36 5
37 0
37 1
37 2
37 3
37 4
37 5
0
Yes
5 14
6 14
5 13
5 15
6 13
6 15
4 14
7 14
4 13
4 15
7 13
7 15
5 12
5 16
6 12
6 16
3 14
4 12
4 16
7 12
7 16
8 14
3 13
3 15
8 13
8 15
5 11
5 17
6 11
6 17
3 12
3 16
8 12
8 16
4 11
4 17
7 11
7 17
2 14
9 14
2 13
2 15
9 13
9 15
3 11
3 17
8 11
8 17
2 12
2 16
5 10
6 10
9 12
9 16
4 10
7 10
1 14
10 14
1 13
1 15
2 11
2 17
9 11
9 17
10 13
10 15
3 10
8 10
1 12
1 16
10 12
2 10
9 10
1 11
1 17
10 11
0 14
0 13
0 15
0 12
0 16
1 10
10 10
0 11
0 17
0
Yes
4 22
5 22
4 21
4 23
5 21
5 23
3 22
6 22
3 21
3 23
6 21
6 23
4 20
4 24
5 20
5 24
2 22
3 20
3 24
6 20
6 24
7 22
2 21
2 23
7 21
7 23
4 19
4 25
5 19
5 25
2 20
2 24
7 20
7 24
3 19
3 25
6 19
6 25
1 22
8 22
1 21
1 23
8 21
8 23
2 19
2 25
7 19
7 25
1 20
1 24
4 18
5 18
8 20
8 24
3 18
6 18
0 22
0 21
0 23
1 19
1 25
8 19
8 25
2 18
7 18
0 20
0 24
1 18
8 18
0 19
0 25
0 18
0
Yes
5 0
5 1
5 2
5 3
5 4
5 5
5 6
6 0
6 1
6 2
6 3
6 4
6 5
6 6
7 0
7 1
7 2
7 3
7 4
7 5
7 6
8 0
8 1
8 2
8 3
8 4
8 5
8 6
9 0
9 1
9 2
9 3
9 4
9 5
9 6
10 0
10 1
10 2
10 3
10 4
10 5
10 6
11 0
11 1
11 2
11 3
11 4
11 5
11 6
12 0
12 1
12 2
12 3
12 4
12 5
12 6
13 0
13 1
13 2
13 3
13 4
0
Yes
3 31
3 32
2 31
2 32
4 31
4 32
3 30
3 33
2 30
2 33
4 30
4 33
1 31
1 32
5 31
5 32
1 30
1 33
3 29
3 34
5 30
5 33
2 29
2 34
4 29
4 34
0 31
0 32
1 29
1 34
5 29
5 34
0 30
0 33
3 28
3 35
2 28
2 35
4 28
4 35
0 29
0 34
1 28
1 35
5 28
5 35
3 27
3 36
0 28
0 35
2 27
2 36
4 27
4 36
1 27
1 36
5 27
5 36
0 27
0 36
3 26
2 26
4 26
1 26
5 26
0 26
0
Yes
47 27
46 27
46 28
47 28
46 29
47 29
48 29
48 28
48 27
45 29
45 28
45 27
49 28
49 27
48 30
47 30
46 30
0
No
0
Yes
40 1
39 1
39 0
40 0
39 2
40 2
41 2
41 1
41 0
38 2
38 1
38 0
42 1
42 0
42 2
41 3
40 3
39 3
38 3
40 4
39 4
41 4
38 4
39 5
40 5
41 5
38 5
40 6
39 6
41 6
38 6
0
Yes
3 39
3 40
4 39
4 40
2 39
2 40
3 38
3 41
4 38
4 41
5 39
5 40
2 38
2 41
5 38
5 41
1 39
1 40
3 37
4 37
6 39
6 40
1 38
1 41
2 37
5 37
6 38
6 41
0 39
0 40
1 37
6 37
0 38
0 41
0 37
0
Yes
8 29
7 29
8 28
8 30
9 29
7 28
7 30
9 28
9 30
6 29
8 27
8 31
6 28
6 30
7 27
7 31
9 27
9 31
6 27
6 31
8 26
7 26
9 26
6 26
0
No
0
No
0
Yes
18 2
17 2
17 1
18 1
17 0
18 0
19 0
19 1
19 2
16 0
16 1
16 2
15 2
15 1
15 0
14 1
14 2
14 0
15 3
16 3
14 3
17 3
0
Yes
11 26
10 26
10 25
11 25
10 27
11 27
9 27
9 26
9 25
9 28
10 28
11 28
11 29
10 29
9 29
8 28
8 27
8 26
8 29
10 30
9 30
11 30
8 30
12 29
12 28
12 27
12 30
7 26
7 27
7 28
7 29
7 30
11 31
10 31
9 31
8 31
12 31
7 31
13 27
13 28
13 29
13 30
13 31
6 27
6 28
6 29
6 30
6 31
6 26
10 32
11 32
9 32
8 32
12 32
7 32
13 32
6 32
14 29
14 30
14 31
14 32
11 33
10 33
12 33
9 33
0
Yes
9 38
10 38
9 37
9 39
10 37
10 39
8 38
11 38
8 37
8 39
11 37
11 39
9 36
9 40
10 36
10 40
7 38
8 36
8 40
11 36
11 40
7 37
7 39
9 35
9 41
10 35
10 41
7 36
7 40
8 35
8 41
11 35
11 41
7 35
7 41
9 34
10 34
8 34
11 34
7 34
0
Yes
12 21
11 21
12 20
11 20
10 20
11 19
10 19
0
Yes
35 26
35 27
36 26
36 27
34 26
34 27
35 25
35 28
36 25
36 28
37 26
37 27
34 25
34 28
37 25
37 28
33 26
33 27
35 24
35 29
36 24
36 29
38 26
38 27
33 25
33 28
34 24
34 29
37 24
37 29
38 25
38 28
32 26
32 27
33 24
33 29
35 23
35 30
36 23
36 30
38 24
38 29
32 25
32 28
34 23
34 30
37 23
37 30
32 24
32 29
33 23
33 30
38 23
38 30
35 22
36 22
34 22
37 22
32 23
32 30
33 22
38 22
32 22
0
No
0
Yes
3 3
3 4
2 3
2 4
4 3
4 4
3 2
3 5
2 2
2 5
4 2
4 5
1 3
1 4
5 3
5 4
1 2
1 5
3 1
3 6
5 2
5 5
2 1
2 6
4 1
4 6
0 3
0 4
1 1
1 6
5 1
5 6
0 2
0 5
3 0
2 0
4 0
0 1
0 6
1 0
5 0
0 0
0
No
0
No
0
No
0
Yes
6 0
6 1
6 2
6 3
6 4
6 5
6 6
7 0
7 1
7 2
7 3
7 4
7 5
7 6
8 0
8 1
8 2
8 3
8 4
8 5
8 6
9 0
9 1
9 2
9 3
9 4
9 5
9 6
10 0
10 1
10 2
10 3
10 4
10 5
10 6
11 0
11 1
11 2
11 3
11 4
11 5
11 6
12 0
12 1
12 2
12 3
12 4
12 5
12 6
13 0
13 1
13 2
13 3
13 4
13 5
0
Yes
25 38
24 38
24 37
25 37
24 36
25 36
23 36
23 37
23 38
22 38
22 37
22 36
23 35
24 35
25 35
22 35
21 37
21 36
21 38
21 35
26 35
26 36
26 37
25 34
24 34
23 34
22 34
26 34
21 34
20 38
20 37
20 36
20 35
20 34
27 37
27 36
27 35
27 34
24 33
25 33
23 33
22 33
26 33
21 33
27 33
20 33
19 37
19 36
19 35
19 34
19 38
19 33
28 36
28 35
28 34
28 37
28 33
25 32
24 32
26 32
23 32
22 32
21 32
27 32
20 32
28 32
19 32
18 38
18 37
18 36
18 35
18 34
18 33
18 32
29 37
29 36
29 35
29 34
29 33
29 32
24 31
25 31
26 31
23 31
27 31
22 31
21 31
20 31
28 31
19 31
29 31
18 31
17 37
17 36
17 35
17 34
17 33
17 32
17 38
17 31
30 31
25 30
24 30
26 30
23 30
27 30
22 30
28 30
21 30
29 30
20 30
30 30
24 29
25 29
26 29
23 29
27 29
22 29
28 29
21 29
29 29
20 29
30 29
31 29
31 30
31 31
31 32
30 32
30 33
30 34
30 35
31 33
30 36
31 34
31 35
31 36
30 37
31 37
25 28
24 28
26 28
23 28
27 28
22 28
28 28
29 28
21 28
30 28
20 28
0
No
0
No
0
No
0
Yes
3 34
3 35
4 34
4 35
2 34
2 35
3 33
3 36
4 33
4 36
5 34
5 35
2 33
2 36
5 33
5 36
1 34
1 35
3 32
4 32
6 34
6 35
1 33
1 36
2 32
5 32
6 33
6 36
0 34
0 35
1 32
0 33
0 36
0 32
0
No
0
No
0
No
0
Yes
15 4
16 4
15 3
15 5
16 3
14 4
14 3
14 5
15 2
16 2
14 2
0
No
0
No
0
No
0
Yes
18 1
18 2
17 1
17 2
19 1
19 2
18 0
17 0
19 0
16 1
16 0
0
No
0
No
0
No
0
Yes
0 26
0 27
0 28
0 29
1 26
1 27
1 28
1 29
2 26
2 27
2 28
2 29
3 26
3 27
3 28
3 29
4 26
4 27
4 28
4 29
5 26
5 27
5 28
0
No
0
Yes
32 4
32 5
31 4
31 5
33 4
33 5
32 3
32 6
31 3
31 6
33 3
33 6
30 4
30 5
34 4
34 5
30 3
30 6
32 2
32 7
34 3
34 6
31 2
31 7
33 2
33 7
29 4
29 5
35 4
35 5
30 2
30 7
34 2
34 7
29 3
29 6
35 3
35 6
32 1
32 8
31 1
31 8
33 1
33 8
29 2
29 7
35 2
35 7
28 4
28 5
30 1
30 8
34 1
34 8
36 4
36 5
28 3
28 6
36 3
36 6
32 0
29 1
29 8
31 0
33 0
35 1
35 8
28 2
28 7
36 2
36 7
30 0
34 0
27 4
27 5
37 4
37 5
27 3
27 6
37 3
37 6
28 1
28 8
36 1
36 8
29 0
35 0
27 2
27 7
37 2
37 7
26 4
26 5
28 0
36 0
27 1
27 8
37 1
37 8
26 3
26 6
26 2
26 7
27 0
37 0
26 1
26 8
26 0
0
No
0
No
0
No
0
Yes
11 20
11 21
12 20
12 21
10 20
11 19
10 19
0
No
0
Yes
0 42
0 43
1 43
1 42
2 43
2 42
2 44
1 44
0 44
0 45
1 45
2 45
3 44
3 43
3 42
3 45
1 46
2 46
0 46
3 46
4 42
4 43
4 44
4 45
4 46
0 47
1 47
2 47
3 47
4 47
5 43
5 44
5 45
5 46
5 42
5 47
1 48
2 48
3 48
4 48
0 48
5 48
6 42
6 43
6 44
6 45
6 46
6 47
6 48
0 49
1 49
2 49
3 49
4 49
5 49
6 49
7 43
7 44
7 45
7 46
7 47
7 48
7 42
7 49
8 42
8 43
8 44
8 45
8 46
8 47
8 48
8 49
9 43
9 44
9 45
9 46
9 47
9 48
9 42
9 49
10 42
10 43
10 44
10 45
10 46
10 47
0
Yes
4 21
4 22
5 21
5 22
3 21
3 22
4 20
4 23
5 20
5 23
6 21
6 22
3 20
3 23
6 20
6 23
2 21
2 22
4 19
4 24
5 19
5 24
7 21
7 22
2 20
2 23
3 19
3 24
6 19
6 24
7 20
7 23
1 21
1 22
2 19
2 24
4 18
5 18
7 19
7 24
8 21
8 22
1 20
1 23
3 18
6 18
8 20
8 23
1 19
1 24
2 18
7 18
8 19
8 24
0 21
0 22
0 20
0 23
1 18
8 18
0 19
0 24
0
No
0
No
0
Yes
0 25
0 26
0 27
0 28
0 29
0 30
0 31
0 32
0 33
0 34
0 35
0 36
1 25
1 26
1 27
1 28
1 29
1 30
1 31
1 32
1 33
1 34
1 35
1 36
2 25
2 26
2 27
2 28
2 29
2 30
2 31
2 32
2 33
2 34
2 35
2 36
3 25
3 26
3 27
3 28
3 29
3 30
3 31
3 32
3 33
3 34
3 35
3 36
4 25
4 26
4 27
4 28
4 29
4 30
4 31
4 32
4 33
4 34
4 35
4 36
5 25
5 26
5 27
5 28
5 29
5 30
5 31
5 32
5 33
5 34
5 35
5 36
6 25
6 26
6 27
6 28
6 29
6 30
6 31
6 32
6 33
6 34
6 35
6 36
7 25
7 26
7 27
7 28
7 29
7 30
7 31
7 32
7 33
7 34
7 35
7 36
8 25
8 26
8 27
8 28
8 29
8 30
8 31
8 32
8 33
8 34
8 35
8 36
9 25
9 26
9 27
9 28
9 29
9 30
9 31
9 32
9 33
9 34
9 35
9 36
10 25
10 26
10 27
10 28
0
Yes
24 2
23 2
23 1
24 1
23 0
24 0
25 0
25 1
25 2
22 0
22 1
22 2
25 3
24 3
23 3
22 3
26 2
26 1
26 3
26 0
21 2
21 1
21 3
21 0
24 4
23 4
25 4
22 4
26 4
21 4
27 1
27 2
27 3
27 0
27 4
20 1
20 2
20 0
20 3
20 4
23 5
24 5
25 5
26 5
27 5
22 5
21 5
28 2
28 3
28 1
28 4
28 0
28 5
24 6
25 6
26 6
27 6
28 6
0
Yes
35 18
34 18
35 17
35 19
36 18
34 17
34 19
36 17
36 19
33 18
35 16
35 20
37 18
33 17
33 19
34 16
34 20
36 16
36 20
37 17
37 19
33 16
33 20
37 16
37 20
32 18
35 15
35 21
32 17
32 19
34 15
34 21
36 15
36 21
32 16
32 20
33 15
33 21
37 15
37 21
35 14
34 14
36 14
32 15
33 14
37 14
32 14
0
Yes
2 8
2 9
1 8
1 9
3 8
3 9
2 7
1 7
3 7
0 8
0 9
0 7
0
Yes
32 2
31 2
31 1
32 1
31 0
32 0
33 0
33 1
33 2
30 0
30 1
30 2
33 3
32 3
31 3
30 3
34 2
34 1
34 3
34 0
29 2
29 3
29 1
29 0
32 4
31 4
33 4
30 4
34 4
29 4
35 1
35 2
35 3
35 0
35 4
31 5
32 5
33 5
30 5
34 5
29 5
35 5
36 2
36 3
36 1
36 4
36 0
36 5
32 6
31 6
33 6
34 6
30 6
35 6
29 6
36 6
37 1
37 2
37 3
37 4
37 5
37 6
37 0
31 7
32 7
33 7
34 7
35 7
30 7
36 7
29 7
37 7
32 8
31 8
33 8
34 8
35 8
30 8
36 8
29 8
37 8
30 9
29 9
28 9
28 8
28 7
0
No
0
Yes
24 0
24 1
24 2
24 3
24 4
24 5
24 6
24 7
25 0
25 1
25 2
25 3
25 4
25 5
25 6
25 7
26 0
26 1
26 2
26 3
26 4
26 5
26 6
26 7
27 0
27 1
27 2
27 3
27 4
27 5
27 6
27 7
28 0
28 1
28 2
28 3
28 4
28 5
28 6
0
Yes
34 37
33 37
33 36
34 36
33 35
34 35
32 35
32 36
32 37
31 37
31 36
31 35
32 34
33 34
34 34
31 34
30 36
30 35
30 37
30 34
35 34
35 35
35 36
34 33
33 33
32 33
31 33
35 33
30 33
29 37
29 36
29 35
29 34
29 33
36 33
36 34
36 35
33 32
34 32
32 32
31 32
35 32
30 32
36 32
29 32
28 36
28 35
28 34
28 33
28 37
28 32
0
No
0
Yes
19 45
19 46
20 45
20 46
18 45
18 46
19 44
19 47
20 44
20 47
21 45
21 46
18 44
18 47
21 44
21 47
17 45
17 46
19 43
19 48
20 43
20 48
22 45
22 46
17 44
17 47
18 43
18 48
21 43
21 48
22 44
22 47
16 45
16 46
17 43
17 48
19 42
19 49
20 42
20 49
22 43
22 48
23 45
23 46
16 44
16 47
18 42
18 49
21 42
21 49
23 44
23 47
16 43
16 48
17 42
17 49
22 42
22 49
23 43
23 48
15 45
15 46
19 41
20 41
24 45
24 46
15 44
15 47
18 41
21 41
24 44
24 47
16 42
16 49
23 42
23 49
15 43
15 48
17 41
22 41
24 43
24 48
14 45
14 46
14 44
14 47
15 42
15 49
16 41
23 41
24 42
24 49
14 43
14 48
15 41
24 41
14 42
14 49
14 41
0
Yes
37 32
37 33
37 34
38 32
38 33
38 34
39 32
39 33
39 34
0
No
0
Yes
31 29
30 29
30 28
31 28
30 27
31 27
32 27
32 28
32 29
29 27
29 28
29 29
32 30
31 30
30 30
29 30
33 29
33 28
33 30
33 27
32 26
31 26
30 26
29 26
33 26
28 29
28 28
28 27
28 30
28 26
31 31
30 31
32 31
29 31
33 31
28 31
34 28
34 29
34 30
34 27
34 31
34 26
31 25
30 25
32 25
29 25
33 25
28 25
34 25
27 28
27 29
27 27
27 30
27 26
27 31
27 25
35 29
35 28
35 27
35 30
35 26
35 31
35 25
30 24
31 24
32 24
29 24
33 24
28 24
34 24
27 24
35 24
26 29
26 28
26 27
26 26
26 30
26 25
26 31
26 24
36 28
36 29
36 27
36 26
36 30
36 25
36 31
36 24
31 23
32 23
33 23
34 23
35 23
36 23
25 28
25 29
25 27
25 26
25 30
25 25
25 31
25 24
37 29
37 28
37 27
37 26
37 25
37 30
37 24
37 31
37 23
25 23
26 23
27 23
32 22
33 22
34 22
35 22
36 22
37 22
31 22
24 29
24 28
24 27
24 30
24 26
24 25
24 31
25 32
26 32
27 32
24 32
38 28
38 29
38 27
38 26
38 25
38 24
38 30
38 23
38 31
38 22
23 28
23 29
0
Yes
13 11
12 11
12 10
13 10
12 9
13 9
11 9
11 10
11 11
11 8
12 8
13 8
13 7
12 7
11 7
10 7
10 8
0
No
0
No
0
Yes
23 26
23 27
22 26
22 27
23 25
22 25
0
No
0
Yes
31 3
31 4
32 3
32 4
30 3
30 4
31 2
31 5
32 2
32 5
33 3
33 4
30 2
30 5
33 2
33 5
29 3
29 4
31 1
31 6
32 1
32 6
34 3
34 4
29 2
29 5
30 1
30 6
33 1
33 6
34 2
34 5
28 3
28 4
29 1
29 6
31 0
32 0
34 1
34 6
35 3
35 4
28 2
28 5
30 0
33 0
35 2
35 5
28 1
28 6
29 0
34 0
35 1
35 6
27 3
27 4
36 3
36 4
27 2
27 5
36 2
36 5
28 0
35 0
27 1
27 6
36 1
36 6
26 3
26 4
37 3
37 4
26 2
26 5
27 0
36 0
37 2
37 5
26 1
26 6
37 1
37 6
25 3
25 4
26 0
37 0
25 2
25 5
25 1
25 6
25 0
0
Yes
25 3
24 3
25 2
25 4
26 3
24 2
24 4
26 2
26 4
23 3
25 1
25 5
27 3
23 2
23 4
24 1
24 5
26 1
26 5
27 2
27 4
23 1
23 5
27 1
27 5
22 3
25 0
28 3
22 2
22 4
24 0
26 0
28 2
28 4
22 1
22 5
23 0
27 0
28 1
28 5
21 3
29 3
21 2
21 4
29 2
29 4
22 0
28 0
21 1
21 5
29 1
29 5
20 3
21 0
29 0
20 2
20 4
20 1
20 0
0
Yes
0 25
0 26
0 27
0 28
0 29
0 30
0 31
0 32
0 33
0 34
0 35
1 25
1 26
1 27
1 28
1 29
1 30
1 31
1 32
1 33
1 34
1 35
2 25
2 26
2 27
2 28
2 29
2 30
2 31
2 32
2 33
2 34
2 35
3 25
3 26
3 27
3 28
3 29
3 30
3 31
3 32
3 33
3 34
3 35
4 25
4 26
4 27
4 28
4 29
4 30
4 31
4 32
4 33
4 34
4 35
5 25
5 26
5 27
5 28
5 29
5 30
5 31
5 32
5 33
5 34
5 35
6 25
6 26
6 27
6 28
6 29
6 30
6 31
6 32
6 33
6 34
6 35
7 25
7 26
7 27
7 28
7 29
7 30
7 31
7 32
7 33
7 34
7 35
8 25
8 26
8 27
8 28
8 29
8 30
8 31
8 32
8 33
8 34
8 35
9 25
9 26
9 27
9 28
9 29
9 30
9 31
9 32
9 33
9 34
9 35
10 25
10 26
10 27
10 28
10 29
10 30
10 31
10 32
10 33
0
Yes
29 44
28 44
29 43
29 45
30 44
28 43
28 45
30 43
30 45
27 44
29 42
29 46
31 44
27 43
27 45
28 42
28 46
30 42
30 46
31 43
31 45
27 42
27 46
31 42
31 46
26 44
29 41
29 47
32 44
26 43
26 45
28 41
28 47
30 41
30 47
32 43
32 45
26 42
26 46
27 41
27 47
31 41
31 47
32 42
32 46
25 44
29 40
29 48
25 43
25 45
28 40
28 48
30 40
30 48
26 41
26 47
32 41
32 47
25 42
25 46
27 40
27 48
31 40
31 48
25 41
25 47
26 40
26 48
29 39
29 49
32 40
32 48
28 39
28 49
30 39
30 49
27 39
27 49
31 39
31 49
25 40
25 48
26 39
26 49
32 39
32 49
29 38
28 38
30 38
27 38
31 38
25 39
25 49
26 38
32 38
0
Yes
8 8
8 9
7 8
7 9
9 8
9 9
8 7
7 7
9 7
6 8
6 9
6 7
0
Yes
0 25
0 26
0 27
0 28
0 29
0 30
0 31
0 32
0 33
0 34
0 35
1 25
1 26
1 27
1 28
1 29
1 30
1 31
1 32
1 33
1 34
1 35
2 25
2 26
2 27
2 28
2 29
2 30
2 31
2 32
2 33
2 34
2 35
3 25
3 26
3 27
3 28
3 29
3 30
3 31
3 32
3 33
3 34
3 35
4 25
4 26
4 27
4 28
4 29
4 30
4 31
4 32
4 33
4 34
4 35
5 25
5 26
5 27
5 28
5 29
5 30
5 31
5 32
5 33
5 34
5 35
6 25
6 26
6 27
6 28
6 29
6 30
6 31
6 32
6 33
6 34
6 35
7 25
7 26
7 27
7 28
7 29
7 30
7 31
7 32
7 33
7 34
7 35
8 25
8 26
8 27
8 28
8 29
8 30
8 31
8 32
8 33
8 34
8 35
9 25
9 26
9 27
9 28
9 29
9 30
9 31
9 32
9 33
9 34
9 35
10 25
10 26
10 27
10 28
10 29
10 30
10 31
10 32
10 33
10 34
10 35
0
Yes
0 38
0 39
0 40
0 41
0 42
0 43
0 44
0 45
0 46
0 47
0 48
0 49
1 38
1 39
1 40
1 41
1 42
1 43
1 44
1 45
1 46
1 47
1 48
1 49
2 38
2 39
2 40
2 41
2 42
2 43
2 44
2 45
2 46
2 47
2 48
2 49
3 38
3 39
3 40
3 41
3 42
3 43
3 44
3 45
3 46
3 47
3 48
3 49
4 38
4 39
4 40
4 41
4 42
4 43
4 44
4 45
4 46
4 47
4 48
4 49
5 38
5 39
5 40
5 41
5 42
5 43
5 44
5 45
5 46
5 47
5 48
5 49
6 38
6 39
6 40
6 41
6 42
6 43
6 44
6 45
6 46
6 47
6 48
6 49
7 38
7 39
7 40
7 41
7 42
7 43
7 44
7 45
7 46
7 47
7 48
7 49
8 38
8 39
8 40
8 41
8 42
8 43
8 44
8 45
8 46
8 47
8 48
8 49
0
Yes
27 8
26 8
27 7
27 9
28 8
26 7
26 9
28 7
28 9
25 8
27 6
29 8
25 7
25 9
26 6
28 6
29 7
29 9
25 6
29 6
24 8
24 7
24 6
0
Yes
34 2
34 3
33 2
33 3
35 2
35 3
34 1
34 4
33 1
33 4
35 1
35 4
32 2
32 3
36 2
36 3
32 1
32 4
34 0
36 1
36 4
33 0
35 0
31 2
31 3
37 2
37 3
32 0
36 0
31 1
31 4
37 1
37 4
31 0
37 0
30 2
30 3
30 1
0
Yes
11 46
11 47
10 46
10 47
12 46
12 47
11 45
11 48
10 45
10 48
12 45
12 48
9 46
9 47
13 46
13 47
9 45
9 48
11 44
11 49
13 45
13 48
10 44
10 49
12 44
12 49
8 46
8 47
9 44
9 49
13 44
13 49
8 45
8 48
11 43
10 43
12 43
8 44
8 49
9 43
13 43
0
Yes
0 41
0 42
0 43
0 44
0 45
0 46
0 47
0 48
0 49
1 41
1 42
1 43
1 44
1 45
1 46
1 47
1 48
1 49
2 41
2 42
2 43
2 44
2 45
2 46
2 47
2 48
2 49
3 41
3 42
3 43
3 44
3 45
3 46
3 47
3 48
3 49
4 41
4 42
4 43
4 44
4 45
4 46
4 47
4 48
4 49
5 41
5 42
5 43
5 44
5 45
5 46
5 47
0
No
0
Yes
19 36
19 37
18 36
18 37
20 36
20 37
19 35
19 38
18 35
18 38
20 35
20 38
17 36
17 37
21 36
21 37
17 35
17 38
19 34
19 39
21 35
21 38
18 34
18 39
20 34
20 39
16 36
16 37
22 36
22 37
17 34
17 39
21 34
21 39
16 35
16 38
22 35
22 38
19 33
19 40
18 33
18 40
20 33
20 40
16 34
16 39
22 34
22 39
15 36
15 37
17 33
17 40
21 33
21 40
23 36
23 37
15 35
15 38
23 35
23 38
19 32
16 33
16 40
18 32
20 32
22 33
22 40
15 34
15 39
23 34
23 39
17 32
21 32
14 36
14 37
24 36
24 37
14 35
14 38
24 35
24 38
15 33
15 40
23 33
23 40
16 32
22 32
14 34
14 39
24 34
24 39
13 36
13 37
15 32
23 32
14 33
14 40
24 33
24 40
13 35
13 38
13 34
13 39
14 32
24 32
13 33
13 40
13 32
0
No
0
No
0
Yes
9 39
9 40
10 39
10 40
8 39
8 40
9 38
9 41
10 38
10 41
11 39
11 40
8 38
8 41
11 38
11 41
7 39
7 40
9 37
9 42
10 37
10 42
12 39
12 40
7 38
7 41
8 37
8 42
11 37
11 42
12 38
12 41
6 39
6 40
7 37
7 42
9 36
10 36
12 37
12 42
6 38
6 41
8 36
11 36
6 37
6 42
7 36
12 36
6 36
0
Yes
7 44
7 43
8 43
6 44
6 43
0
Yes
34 12
35 12
34 11
34 13
35 11
35 13
33 12
36 12
33 11
33 13
36 11
36 13
34 10
34 14
35 10
35 14
32 12
33 10
33 14
36 10
36 14
37 12
32 11
32 13
37 11
37 13
34 9
34 15
35 9
35 15
32 10
32 14
37 10
37 14
33 9
33 15
36 9
36 15
31 12
31 11
31 13
32 9
32 15
37 9
37 15
31 10
31 14
34 8
34 16
35 8
35 16
33 8
33 16
36 8
36 16
31 9
31 15
32 8
32 16
37 8
37 16
34 7
34 17
35 7
35 17
33 7
33 17
36 7
36 17
31 8
31 16
32 7
32 17
37 7
37 17
34 6
34 18
35 6
35 18
31 7
31 17
33 6
33 18
36 6
36 18
32 6
32 18
37 6
37 18
31 6
31 18
34 5
35 5
33 5
36 5
32 5
37 5
31 5
0
Yes
3 4
3 5
2 4
2 5
4 4
4 5
3 3
3 6
2 3
2 6
4 3
4 6
1 4
1 5
5 4
5 5
1 3
1 6
3 2
3 7
5 3
5 6
2 2
2 7
4 2
4 7
0 4
0 5
1 2
1 7
5 2
5 7
0 3
0 6
3 1
3 8
2 1
2 8
4 1
4 8
0 2
0 7
1 1
1 8
5 1
5 8
3 0
0 1
0 8
2 0
4 0
1 0
5 0
0
No
0
No
0
Yes
36 29
35 29
36 28
36 30
37 29
35 28
35 30
37 28
37 30
34 29
36 27
36 31
38 29
34 28
34 30
35 27
35 31
37 27
37 31
38 28
38 30
34 27
34 31
38 27
38 31
33 29
36 26
33 28
33 30
35 26
37 26
33 27
33 31
34 26
38 26
33 26
0
Yes
40 3
40 4
39 3
39 4
41 3
41 4
40 2
40 5
39 2
39 5
41 2
41 5
38 3
38 4
38 2
38 5
40 1
40 6
39 1
39 6
41 1
41 6
38 1
38 6
40 0
39 0
41 0
38 0
0
No
0
No
0
Yes
18 37
18 38
19 37
19 38
17 37
17 38
18 36
18 39
19 36
19 39
20 37
20 38
17 36
17 39
20 36
20 39
16 37
16 38
18 35
18 40
19 35
19 40
21 37
21 38
16 36
16 39
17 35
17 40
20 35
20 40
21 36
21 39
15 37
15 38
16 35
16 40
18 34
19 34
21 35
21 40
22 37
22 38
15 36
15 39
17 34
20 34
22 36
22 39
15 35
15 40
16 34
21 34
22 35
22 40
14 37
14 38
23 37
23 38
14 36
14 39
23 36
23 39
15 34
22 34
14 35
14 40
23 35
23 40
13 37
13 38
13 36
13 39
14 34
23 34
13 35
13 40
0
Yes
24 40
23 40
23 39
24 39
23 38
24 38
22 38
22 39
22 40
21 40
21 39
21 38
22 37
23 37
24 37
21 37
20 39
20 38
20 40
20 37
24 36
23 36
22 36
21 36
20 36
19 40
19 39
19 38
19 37
19 36
25 36
25 37
25 38
23 35
22 35
21 35
24 35
20 35
25 35
19 35
18 39
18 38
18 37
18 36
18 40
18 35
26 35
26 36
26 37
24 34
23 34
22 34
21 34
20 34
25 34
19 34
26 34
18 34
17 40
17 39
17 38
17 37
17 36
17 35
17 34
27 37
27 36
27 35
27 34
23 33
24 33
25 33
22 33
21 33
20 33
19 33
26 33
18 33
27 33
17 33
16 39
16 38
16 37
16 36
16 35
16 34
16 40
16 33
24 32
23 32
25 32
22 32
21 32
20 32
19 32
18 32
26 32
17 32
27 32
16 32
15 40
15 39
15 38
15 37
15 36
15 35
15 34
15 33
15 32
23 31
24 31
25 31
22 31
21 31
20 31
19 31
18 31
17 31
26 31
16 31
27 31
15 31
14 39
14 38
14 37
14 36
14 35
14 34
14 33
14 32
14 40
14 31
24 30
23 30
25 30
22 30
26 30
21 30
20 30
27 30
13 40
13 39
13 38
13 37
13 36
13 35
13 34
0
No
0
Yes
31 20
32 20
31 19
32 19
30 20
30 19
0
Yes
30 7
29 7
29 6
30 6
29 8
30 8
28 8
28 7
28 6
28 9
29 9
30 9
27 7
27 8
27 6
27 9
30 10
29 10
28 10
27 10
26 6
26 7
26 8
26 9
26 10
29 11
28 11
27 11
30 11
26 11
25 7
25 8
25 6
25 9
30 12
29 12
28 12
27 12
24 6
24 7
24 8
29 13
28 13
30 13
0
Yes
48 8
47 8
47 7
48 7
46 7
46 8
45 7
0
No
0
Yes
19 37
20 37
19 36
19 38
20 36
20 38
18 37
21 37
18 36
18 38
21 36
21 38
19 35
19 39
20 35
20 39
17 37
18 35
18 39
21 35
21 39
22 37
17 36
17 38
22 36
22 38
19 34
19 40
20 34
20 40
17 35
17 39
22 35
22 39
18 34
18 40
21 34
21 40
16 37
23 37
16 36
16 38
23 36
23 38
17 34
17 40
22 34
22 40
16 35
16 39
19 33
20 33
23 35
23 39
18 33
21 33
15 37
24 37
15 36
15 38
16 34
16 40
23 34
23 40
24 36
24 38
17 33
22 33
15 35
15 39
24 35
24 39
16 33
23 33
15 34
15 40
24 34
24 40
14 37
14 36
14 38
14 35
14 39
15 33
24 33
14 34
14 40
14 33
0
Yes
34 40
34 41
33 40
33 41
34 39
33 39
0
Yes
19 36
18 36
18 35
19 35
18 34
19 34
20 34
20 35
20 36
17 34
17 35
17 36
20 37
19 37
18 37
17 37
21 36
21 35
21 37
21 34
20 33
19 33
18 33
17 33
21 33
16 36
16 35
16 34
16 37
16 33
19 38
18 38
20 38
17 38
21 38
16 38
22 35
22 36
22 37
22 34
22 38
22 33
19 32
18 32
20 32
17 32
21 32
16 32
22 32
15 35
15 36
15 34
15 37
15 33
15 38
15 32
18 39
19 39
20 39
17 39
21 39
16 39
22 39
15 39
23 36
23 35
23 37
23 34
23 38
23 33
23 39
23 32
18 31
19 31
20 31
17 31
21 31
16 31
22 31
15 31
23 31
14 36
14 35
14 37
14 34
14 33
14 38
14 32
14 39
14 31
19 40
18 40
20 40
17 40
21 40
16 40
0
No
0
No
0
No
0
Yes
10 3
10 4
11 3
11 4
9 3
9 4
10 2
10 5
11 2
11 5
12 3
12 4
9 2
9 5
12 2
12 5
8 3
8 4
10 1
10 6
11 1
11 6
13 3
13 4
8 2
8 5
9 1
9 6
12 1
12 6
13 2
13 5
7 3
7 4
8 1
8 6
10 0
11 0
13 1
14 3
14 4
7 2
7 5
9 0
12 0
14 2
14 5
7 1
7 6
8 0
13 0
14 1
6 3
6 4
6 2
6 5
7 0
14 0
6 1
6 6
6 0
0
No
0
No
0
Yes
29 35
30 35
29 34
29 36
30 34
30 36
28 35
31 35
28 34
28 36
31 34
31 36
29 33
29 37
30 33
30 37
27 35
28 33
28 37
31 33
31 37
32 35
27 34
27 36
32 34
32 36
29 32
30 32
27 33
27 37
32 33
32 37
28 32
31 32
26 35
33 35
26 34
26 36
33 34
33 36
27 32
32 32
26 33
26 37
33 33
33 37
25 35
34 35
25 34
25 36
26 32
33 32
34 34
34 36
25 33
25 37
34 33
34 37
25 32
34 32
24 35
24 34
24 36
24 33
24 37
24 32
0
Yes
25 6
24 6
24 5
25 5
24 4
25 4
26 4
26 5
26 6
26 7
25 7
24 7
27 6
27 5
27 7
27 4
26 3
25 3
24 3
27 3
25 8
26 8
27 8
24 8
28 5
28 6
28 7
28 4
28 8
28 3
25 2
26 2
27 2
24 2
28 2
23 3
23 4
23 5
23 2
26 9
27 9
28 9
25 9
29 6
29 5
29 7
29 4
29 8
29 3
29 9
29 2
24 1
25 1
26 1
27 1
28 1
23 1
29 1
22 5
22 4
22 3
22 2
22 1
27 10
26 10
28 10
29 10
30 5
30 6
30 7
30 8
30 9
30 10
30 4
25 0
24 0
26 0
27 0
23 0
28 0
22 0
29 0
21 4
21 3
21 2
21 1
21 0
21 5
28 11
27 11
29 11
30 11
26 11
20 3
20 2
20 1
20 0
20 4
29 12
28 12
27 12
30 12
19 2
19 1
19 0
0
Yes
0 18
0 19
0 20
0 21
0 22
0 23
0 24
1 18
1 19
1 20
1 21
1 22
1 23
1 24
2 18
2 19
2 20
2 21
2 22
2 23
2 24
3 18
3 19
3 20
3 21
3 22
3 23
3 24
4 18
4 19
4 20
4 21
4 22
4 23
4 24
5 18
5 19
5 20
5 21
5 22
5 23
5 24
6 18
6 19
6 20
6 21
6 22
6 23
6 24
7 18
7 19
7 20
7 21
7 22
7 23
7 24
8 18
8 19
8 20
8 21
8 22
0
Yes
4 25
3 25
3 26
4 26
3 27
4 27
5 27
5 26
5 25
2 27
2 26
2 25
6 25
6 26
6 27
5 28
4 28
3 28
2 28
6 28
1 25
1 26
1 27
1 28
7 26
7 27
7 25
7 28
4 29
3 29
5 29
2 29
6 29
1 29
7 29
0 26
0 27
0 28
0 29
0 25
8 25
8 26
8 27
8 28
8 29
3 30
4 30
5 30
2 30
6 30
1 30
7 30
0 30
8 30
9 26
9 27
9 28
9 29
9 25
9 30
4 31
3 31
5 31
2 31
6 31
7 31
1 31
8 31
0 31
9 31
10 25
10 26
10 27
10 28
10 29
10 30
10 31
3 32
4 32
5 32
2 32
6 32
7 32
8 32
1 32
9 32
0 32
10 32
11 26
11 27
11 28
11 29
11 30
11 31
11 32
11 25
4 33
3 33
5 33
2 33
6 33
7 33
8 33
9 33
1 33
10 33
0 33
11 33
12 27
12 28
12 29
12 30
12 31
12 32
12 33
3 34
4 34
5 34
2 34
6 34
7 34
8 34
9 34
10 34
1 34
11 34
0 34
12 34
13 28
13 29
13 30
13 31
13 32
13 33
13 34
13 27
4 35
3 35
5 35
2 35
6 35
7 35
8 35
9 35
10 35
11 35
1 35
12 35
0 35
0
No
0
No
0
No
0
Yes
9 8
9 9
8 8
8 9
10 8
10 9
9 7
8 7
10 7
7 8
7 9
11 8
11 9
7 7
11 7
6 8
6 9
6 7
0
No
0
No
0
Yes
0 24
0 23
1 23
1 24
2 23
2 24
2 22
1 22
0 22
0 21
1 21
2 21
3 22
3 23
3 24
3 21
1 20
2 20
0 20
3 20
4 24
4 23
4 22
4 21
4 20
0 19
1 19
2 19
3 19
4 19
5 23
5 22
5 21
5 20
5 24
5 19
1 18
2 18
3 18
4 18
5 18
0 18
6 24
6 23
6 22
6 21
6 20
6 19
6 18
7 23
7 22
7 21
7 20
0
No
0
Yes
11 45
11 46
12 45
12 46
10 45
10 46
11 44
11 47
12 44
12 47
13 45
13 46
10 44
10 47
13 44
13 47
9 45
9 46
11 43
11 48
12 43
12 48
9 44
9 47
10 43
10 48
13 43
13 48
9 43
9 48
11 42
11 49
12 42
12 49
10 42
10 49
13 42
13 49
9 42
9 49
11 41
12 41
10 41
13 41
9 41
0
No
0
Yes
0 9
0 10
0 11
0 12
0 13
0 14
0 15
0 16
0 17
1 9
1 10
1 11
1 12
1 13
1 14
1 15
1 16
1 17
2 9
2 10
2 11
2 12
2 13
2 14
2 15
2 16
2 17
3 9
3 10
3 11
3 12
3 13
3 14
3 15
3 16
3 17
4 9
4 10
4 11
4 12
4 13
4 14
4 15
4 16
4 17
5 9
5 10
5 11
5 12
5 13
5 14
5 15
5 16
5 17
6 9
6 10
6 11
6 12
6 13
6 14
6 15
6 16
6 17
7 9
7 10
7 11
7 12
7 13
7 14
7 15
7 16
7 17
0
No
0
Yes
34 43
34 44
33 43
33 44
33 42
0
Yes
44 14
43 14
43 13
44 13
43 12
44 12
45 12
45 13
45 14
42 12
42 13
42 14
45 15
44 15
43 15
42 15
46 14
46 13
46 15
46 12
45 11
44 11
43 11
42 11
46 11
41 14
41 13
41 12
41 15
41 11
44 16
43 16
45 16
42 16
46 16
41 16
47 13
47 14
47 15
47 12
47 16
47 11
44 10
43 10
45 10
42 10
46 10
41 10
47 10
40 13
40 14
40 12
40 15
40 11
40 16
40 10
43 17
44 17
45 17
42 17
46 17
41 17
47 17
40 17
48 14
48 15
48 16
48 17
48 13
43 9
44 9
42 9
45 9
41 9
40 9
46 9
39 14
39 13
39 15
39 12
39 11
39 16
39 10
39 17
39 9
44 18
43 18
45 18
42 18
46 18
41 18
47 18
40 18
48 18
39 18
49 15
49 16
49 17
49 18
49 14
44 8
43 8
42 8
41 8
40 8
39 8
45 8
38 13
38 14
38 15
38 12
38 16
38 11
38 10
38 17
38 9
38 18
38 8
0
No
0
Yes
41 32
41 33
42 32
42 33
43 32
0
Yes
7 49
6 49
7 48
8 49
6 48
8 48
5 49
5 48
0
Yes
31 22
31 23
32 23
32 22
33 23
33 22
33 24
32 24
31 24
31 25
32 25
33 25
34 24
34 23
34 22
34 25
32 26
33 26
31 26
34 26
35 22
35 23
35 24
35 25
35 26
31 27
32 27
33 27
34 27
35 27
30 26
30 25
30 24
30 27
35 21
34 21
33 21
36 23
36 24
36 25
36 22
36 26
36 21
36 27
32 28
33 28
34 28
31 28
35 28
30 28
36 28
29 24
29 25
29 26
29 27
29 28
33 20
34 20
35 20
36 20
37 22
37 23
37 24
37 25
37 26
37 21
37 27
37 20
37 28
31 29
32 29
33 29
34 29
35 29
30 29
36 29
29 29
37 29
28 25
28 26
28 27
28 28
28 24
28 29
34 19
35 19
36 19
37 19
33 19
38 21
38 22
38 23
38 24
38 25
38 26
38 27
38 20
38 28
38 19
38 29
30 30
31 30
32 30
33 30
34 30
35 30
36 30
29 30
37 30
28 30
38 30
27 24
27 25
27 26
27 27
27 28
27 29
27 30
39 20
39 19
39 21
31 31
30 31
32 31
29 31
33 31
34 31
35 31
36 31
28 31
37 31
27 31
38 31
0
No
1
517
21 0
21 1
21 2
21 3
21 4
21 5
22 0
22 1
22 2
22 3
22 4
22 5
23 0
23 1
23 2
23 3
23 4
23 5
24 0
24 1
24 2
24 3
24 4
24 5
25 0
25 1
25 2
25 3
25 4
25 5
26 0
26 1
26 2
26 3
26 4
26 5
27 0
27 1
27 2
27 3
27 4
27 5
28 0
28 1
28 2
28 3
28 4
28 5
29 0
29 1
29 2
29 3
Yes
0 36
0 37
0 38
0 39
0 40
0 41
0 42
0 43
0 44
0 45
1 36
1 37
1 38
1 39
1 40
1 41
1 42
1 43
1 44
1 45
2 36
2 37
2 38
2 39
2 40
2 41
2 42
2 43
2 44
2 45
3 36
3 37
3 38
3 39
3 40
3 41
3 42
3 43
3 44
3 45
4 36
4 37
4 38
4 39
4 40
4 41
4 42
4 43
4 44
4 45
5 36
5 37
5 38
5 39
5 40
5 41
5 42
5 43
5 44
5 45
6 36
6 37
6 38
6 39
6 40
6 41
6 42
6 43
6 44
6 45
7 36
7 37
7 38
7 39
7 40
7 41
7 42
7 43
7 44
7 45
8 36
8 37
8 38
8 39
8 40
8 41
8 42
8 43
8 44
8 45
0
No
0
Yes
2 48
3 48
2 47
2 49
3 47
3 49
1 48
4 48
1 47
1 49
4 47
4 49
2 46
3 46
0 48
1 46
4 46
0 47
0 49
0
No
0
Yes
40 2
41 2
40 1
40 3
41 1
41 3
39 2
42 2
39 1
39 3
42 1
40 0
41 0
38 2
39 0
42 0
38 1
38 3
38 0
0
Yes
35 46
34 46
34 45
35 45
33 45
0
Yes
45 24
44 24
45 23
45 25
46 24
44 23
44 25
46 23
46 25
43 24
45 22
45 26
47 24
43 23
43 25
44 22
44 26
46 22
46 26
47 23
47 25
43 22
43 26
47 22
47 26
42 24
45 21
45 27
48 24
42 23
42 25
44 21
44 27
46 21
46 27
48 23
48 25
42 22
42 26
43 21
43 27
47 21
47 27
48 22
48 26
41 24
45 20
45 28
49 24
41 23
41 25
44 20
44 28
46 20
46 28
49 23
49 25
42 21
42 27
48 21
48 27
41 22
41 26
43 20
43 28
47 20
47 28
49 22
49 26
40 24
41 21
41 27
42 20
42 28
45 19
48 20
48 28
49 21
49 27
40 23
40 25
44 19
46 19
40 22
40 26
43 19
47 19
41 20
41 28
49 20
49 28
40 21
40 27
42 19
48 19
40 20
40 28
41 19
49 19
40 19
0
Yes
39 24
38 24
38 23
39 23
38 22
39 22
37 22
37 23
37 24
37 25
38 25
39 25
36 24
36 23
36 25
36 22
37 21
38 21
39 21
36 21
39 26
38 26
37 26
36 26
35 23
35 24
35 25
35 22
35 26
35 21
39 20
38 20
37 20
36 20
35 20
38 27
37 27
36 27
39 27
35 27
34 24
34 23
34 25
34 22
34 26
34 21
34 27
34 20
38 19
37 19
36 19
35 19
34 19
39 19
39 28
38 28
37 28
36 28
35 28
34 28
33 23
33 24
33 25
33 22
33 26
33 21
33 27
33 28
33 20
33 19
33 29
34 29
35 29
36 29
37 29
38 29
39 29
32 24
32 25
32 26
32 27
32 23
32 22
32 28
32 29
32 30
33 30
34 30
35 30
36 30
37 30
38 30
39 30
31 23
31 24
31 25
31 26
31 27
31 28
31 29
31 30
31 22
31 31
32 31
33 31
34 31
35 31
36 31
37 31
38 31
39 31
30 24
0
No
0
Yes
21 5
21 4
20 4
22 4
22 5
22 3
21 3
20 3
23 3
23 4
23 5
21 2
22 2
20 2
23 2
24 5
24 4
24 3
24 2
20 1
21 1
22 1
23 1
24 1
25 4
25 3
25 2
25 5
25 1
21 0
22 0
23 0
24 0
20 0
25 0
26 5
26 4
26 3
26 2
26 1
0
No
0
Yes
31 49
30 49
30 48
31 48
30 47
31 47
32 47
32 48
32 49
29 47
29 48
29 49
33 49
33 48
33 47
32 46
31 46
30 46
29 46
33 46
28 49
28 48
28 47
28 46
31 45
30 45
32 45
29 45
28 45
27 48
27 47
27 46
27 49
27 45
30 44
29 44
31 44
28 44
32 44
27 44
26 49
26 48
26 47
26 46
26 45
26 44
31 43
30 43
29 43
28 43
27 43
32 43
26 43
25 48
25 47
25 46
25 45
25 44
25 43
25 49
30 42
29 42
28 42
27 42
31 42
26 42
32 42
25 42
31 41
30 41
29 41
28 41
27 41
26 41
0
No
0
No
0
Yes
28 40
27 40
27 39
28 39
27 38
28 38
29 38
29 39
29 40
26 38
26 39
26 40
30 40
30 39
30 38
29 37
28 37
27 37
26 37
30 37
25 40
25 39
25 38
25 37
31 39
31 38
31 40
31 37
28 36
27 36
29 36
26 36
30 36
25 36
31 36
24 39
24 38
24 37
24 36
24 40
32 40
32 39
32 38
32 37
32 36
27 35
28 35
29 35
26 35
30 35
25 35
31 35
24 35
32 35
33 35
33 36
33 37
33 38
33 39
33 40
28 34
27 34
29 34
26 34
30 34
31 34
25 34
32 34
24 34
33 34
34 34
34 35
34 36
34 37
27 33
28 33
29 33
26 33
30 33
31 33
32 33
25 33
33 33
24 33
34 33
35 33
35 34
35 35
35 36
28 32
27 32
29 32
26 32
30 32
31 32
32 32
33 32
25 32
34 32
24 32
35 32
0
Yes
30 31
29 31
29 30
30 30
29 29
30 29
28 29
28 30
28 31
27 31
27 30
27 29
28 28
29 28
30 28
27 28
26 30
26 29
26 31
26 28
30 27
29 27
28 27
27 27
26 27
25 31
25 30
25 29
25 28
25 27
29 26
28 26
27 26
26 26
30 26
25 26
24 30
24 29
24 28
24 27
24 26
24 31
30 25
29 25
28 25
27 25
26 25
25 25
24 25
23 29
23 28
23 27
23 30
23 26
23 25
29 24
28 24
27 24
26 24
25 24
22 30
22 29
22 28
22 27
22 26
22 25
27 23
26 23
25 23
21 29
21 28
21 27
21 30
20 30
20 29
0
No
0
Yes
34 2
33 2
33 1
34 1
33 0
34 0
35 0
35 1
35 2
32 0
32 1
32 2
35 3
34 3
33 3
32 3
36 2
36 1
36 3
36 0
31 2
31 1
31 3
31 0
34 4
33 4
35 4
32 4
36 4
31 4
37 1
37 2
37 3
37 4
37 0
30 1
30 2
30 3
30 0
0
Yes
0 17
0 16
1 16
1 17
2 16
2 17
2 15
1 15
0 15
0 14
1 14
2 14
3 15
3 16
3 17
3 14
1 13
2 13
0 13
3 13
4 17
4 16
4 15
4 14
4 13
0 12
1 12
2 12
3 12
4 12
5 16
5 15
5 14
5 13
5 17
5 12
1 11
2 11
3 11
4 11
0 11
5 11
6 17
6 16
6 15
6 14
6 13
6 12
6 11
0 10
1 10
2 10
3 10
4 10
5 10
6 10
7 16
7 15
7 14
7 13
7 12
7 11
7 17
7 10
1 9
0
No
0
No
0
No
0
Yes
25 9
25 8
24 8
26 8
26 9
26 7
25 7
24 7
27 7
27 8
27 9
25 6
26 6
27 6
24 6
28 9
28 8
28 7
28 6
29 8
29 7
29 9
29 6
28 10
27 10
26 10
29 10
30 9
30 8
30 7
30 10
30 6
29 5
28 5
27 5
30 5
26 11
27 11
28 11
29 11
30 11
27 4
28 4
29 4
0
Yes
48 30
47 30
47 29
48 29
47 28
48 28
46 28
46 29
46 30
46 27
47 27
48 27
48 26
47 26
46 26
45 27
45 28
45 26
45 29
47 25
46 25
48 25
45 25
49 26
49 25
49 27
49 28
44 26
44 27
44 28
44 25
0
Yes
29 16
29 15
28 15
30 15
30 16
30 14
29 14
28 14
29 13
28 13
30 13
30 12
29 12
28 12
27 13
27 14
27 15
0
Yes
12 20
12 21
11 20
11 21
11 19
0
Yes
3 21
3 22
4 21
4 22
2 21
2 22
3 20
3 23
4 20
4 23
5 21
5 22
2 20
2 23
5 20
5 23
1 21
1 22
3 19
3 24
4 19
4 24
6 21
6 22
1 20
1 23
2 19
2 24
5 19
5 24
6 20
6 23
0 21
0 22
1 19
1 24
3 18
4 18
6 19
6 24
0 20
0 23
2 18
5 18
0 19
0 24
1 18
6 18
0 18
0
Yes
30 11
29 11
29 10
30 10
29 9
30 9
28 9
28 10
28 11
27 11
27 10
27 9
28 8
29 8
30 8
27 8
26 10
26 9
26 8
26 11
30 7
29 7
28 7
27 7
26 7
25 9
25 8
25 7
29 6
28 6
27 6
26 6
30 6
25 6
24 8
24 7
24 6
0
No
0
Yes
2 46
2 47
3 46
3 47
1 46
1 47
2 45
2 48
3 45
3 48
4 46
4 47
1 45
1 48
4 45
4 48
0 46
0 47
2 44
2 49
3 44
3 49
0 45
0 48
1 44
1 49
4 44
4 49
0 44
0 49
2 43
3 43
1 43
4 43
0 43
0
Yes
0 0
0 1
0 2
0 3
0 4
0 5
0 6
0 7
1 0
1 1
1 2
1 3
1 4
1 5
1 6
1 7
2 0
2 1
2 2
2 3
2 4
2 5
2 6
2 7
3 0
3 1
3 2
3 3
3 4
3 5
3 6
3 7
4 0
4 1
4 2
4 3
4 4
4 5
4 6
4 7
5 0
5 1
5 2
5 3
0
No
0
No
0
Yes
27 0
27 1
27 2
27 3
27 4
27 5
28 0
28 1
28 2
28 3
28 4
28 5
29 0
29 1
29 2
29 3
29 4
29 5
30 0
30 1
30 2
30 3
30 4
30 5
31 0
31 1
31 2
31 3
31 4
31 5
32 0
32 1
32 2
32 3
32 4
32 5
33 0
33 1
33 2
33 3
33 4
33 5
34 0
34 1
34 2
34 3
34 4
34 5
35 0
35 1
35 2
35 3
35 4
35 5
36 0
36 1
36 2
36 3
36 4
36 5
37 0
37 1
37 2
37 3
37 4
0
Yes
47 22
48 22
47 21
47 23
48 21
48 23
46 22
49 22
46 21
46 23
49 21
49 23
47 20
47 24
48 20
48 24
45 22
46 20
46 24
49 20
49 24
45 21
45 23
47 19
48 19
45 20
45 24
46 19
49 19
45 19
0
Yes
23 2
22 2
23 1
23 3
24 2
22 1
22 3
24 1
24 3
21 2
23 0
25 2
21 1
21 3
22 0
24 0
25 1
25 3
21 0
25 0
20 2
26 2
20 1
20 3
26 1
26 3
20 0
26 0
19 2
19 1
19 0
0
No
0
Yes
22 5
21 5
22 4
23 5
21 4
23 4
20 4
0
Yes
41 22
42 22
41 21
41 23
42 21
42 23
40 22
43 22
40 21
40 23
43 21
43 23
41 20
41 24
42 20
42 24
39 22
40 20
40 24
43 20
43 24
44 22
39 21
39 23
44 21
44 23
41 19
42 19
39 20
39 24
44 20
44 24
40 19
43 19
38 22
38 21
38 23
39 19
44 19
38 20
38 24
0
Yes
49 28
48 28
48 27
49 27
48 26
49 26
47 26
47 27
47 28
46 28
46 27
46 26
47 25
46 25
48 25
49 25
45 27
45 26
45 28
45 25
46 29
47 29
48 29
45 29
44 28
44 27
0
Yes
17 1
17 2
16 1
16 2
18 1
18 2
17 0
16 0
18 0
15 1
15 2
15 0
0
Yes
42 23
43 23
42 22
42 24
43 22
43 24
41 23
44 23
41 22
41 24
44 22
44 24
42 21
42 25
43 21
43 25
40 23
41 21
41 25
44 21
44 25
40 22
40 24
42 20
42 26
43 20
43 26
40 21
40 25
41 20
41 26
44 20
44 26
40 20
40 26
42 19
43 19
41 19
44 19
0
Yes
4 37
5 37
4 36
4 38
5 36
5 38
3 37
6 37
3 36
3 38
6 36
6 38
4 35
4 39
5 35
5 39
2 37
3 35
3 39
6 35
6 39
7 37
2 36
2 38
7 36
7 38
4 34
4 40
5 34
5 40
2 35
2 39
7 35
7 39
3 34
3 40
6 34
6 40
1 37
8 37
1 36
1 38
8 36
8 38
2 34
2 40
7 34
7 40
1 35
1 39
4 33
4 41
5 33
5 41
8 35
8 39
3 33
3 41
6 33
6 41
0 37
0 36
0 38
1 34
1 40
8 34
8 40
2 33
2 41
7 33
7 41
0 35
0 39
4 32
4 42
5 32
5 42
3 32
3 42
6 32
6 42
1 33
1 41
8 33
8 41
0 34
0 40
2 32
2 42
7 32
7 42
0 33
0 41
4 31
5 31
1 32
1 42
8 32
8 42
3 31
6 31
2 31
7 31
0 32
0 42
1 31
8 31
0
Yes
13 11
12 11
12 10
13 10
12 9
13 9
11 9
11 10
11 11
10 11
10 10
10 9
11 8
12 8
13 8
10 8
9 10
9 9
9 11
9 8
13 7
12 7
11 7
10 7
9 7
8 11
8 10
8 9
0
No
0
Yes
33 12
32 12
32 11
33 11
32 10
33 10
34 10
34 11
34 12
31 10
31 11
31 12
34 13
33 13
32 13
31 13
35 12
35 11
35 13
35 10
34 9
33 9
32 9
31 9
35 9
30 12
30 11
30 10
30 13
30 9
33 14
32 14
34 14
31 14
35 14
30 14
36 11
36 12
36 13
36 10
36 14
36 9
33 8
32 8
34 8
31 8
35 8
30 8
36 8
29 11
29 12
29 10
29 13
29 9
29 14
29 8
32 15
33 15
34 15
31 15
35 15
30 15
36 15
29 15
37 12
37 11
37 13
37 10
37 14
37 9
37 15
37 8
32 7
33 7
34 7
31 7
35 7
30 7
36 7
29 7
37 7
28 12
28 11
28 13
28 10
28 9
28 14
28 8
28 15
28 7
33 16
32 16
34 16
31 16
35 16
36 16
37 16
30 16
29 16
33 6
32 6
34 6
31 6
35 6
30 6
36 6
29 6
37 6
28 6
27 11
27 12
27 13
27 10
27 9
27 8
27 7
27 6
0
No
0
Yes
43 6
42 6
42 5
43 5
42 7
43 7
41 7
41 6
41 5
40 6
40 5
40 7
39 7
39 6
39 5
38 6
38 5
38 7
39 4
40 4
41 4
38 4
0
No
0
Yes
25 5
25 6
26 5
26 6
24 5
24 6
25 4
26 4
24 4
0
No
0
Yes
38 25
38 26
37 25
37 26
39 25
39 26
38 24
38 27
37 24
37 27
39 24
39 27
36 25
36 26
40 25
40 26
36 24
36 27
38 23
38 28
40 24
40 27
37 23
37 28
39 23
39 28
35 25
35 26
41 25
41 26
36 23
36 28
40 23
40 28
35 24
35 27
41 24
41 27
38 22
38 29
37 22
37 29
39 22
39 29
35 23
35 28
41 23
41 28
34 25
34 26
36 22
36 29
40 22
40 29
42 25
42 26
34 24
34 27
42 24
42 27
38 21
38 30
35 22
35 29
37 21
37 30
39 21
39 30
41 22
41 29
34 23
34 28
42 23
42 28
36 21
36 30
40 21
40 30
33 25
33 26
33 24
33 27
34 22
34 29
42 22
42 29
35 21
35 30
41 21
41 30
38 20
38 31
33 23
33 28
37 20
37 31
39 20
39 31
36 20
36 31
40 20
40 31
34 21
34 30
42 21
42 30
33 22
33 29
35 20
35 31
41 20
41 31
38 19
37 19
39 19
33 21
33 30
34 20
34 31
36 19
40 19
42 20
42 31
35 19
41 19
33 20
33 31
34 19
42 19
33 19
0
Yes
4 28
5 28
4 27
4 29
5 27
5 29
3 28
6 28
3 27
3 29
6 27
6 29
4 26
4 30
5 26
5 30
2 28
3 26
3 30
6 26
6 30
7 28
2 27
2 29
7 27
7 29
4 25
5 25
2 26
2 30
7 26
7 30
3 25
6 25
1 28
8 28
1 27
1 29
8 27
8 29
2 25
7 25
1 26
1 30
8 26
8 30
0 28
0 27
0 29
1 25
8 25
0 26
0 30
0
No
0
Yes
29 28
28 28
29 27
29 29
30 28
28 27
28 29
30 27
30 29
27 28
29 26
29 30
31 28
27 27
27 29
28 26
28 30
30 26
30 30
31 27
31 29
27 26
27 30
31 26
31 30
26 28
29 25
29 31
32 28
26 27
26 29
28 25
28 31
30 25
30 31
32 27
32 29
26 26
26 30
27 25
27 31
31 25
31 31
32 26
32 30
25 28
29 24
25 27
25 29
28 24
30 24
26 25
26 31
32 25
32 31
25 26
25 30
27 24
31 24
25 25
25 31
26 24
32 24
25 24
0
Yes
42 33
42 32
43 32
41 33
41 32
3
589
25 41
25 42
25 43
25 44
25 45
25 46
25 47
25 48
25 49
26 41
26 42
26 43
26 44
26 45
26 46
26 47
26 48
26 49
27 41
27 42
27 43
27 44
27 45
27 46
27 47
27 48
27 49
28 41
28 42
28 43
28 44
28 45
28 46
28 47
28 48
28 49
29 41
29 42
29 43
29 44
29 45
29 46
29 47
29 48
29 49
30 41
30 42
30 43
30 44
30 45
30 46
30 47
30 48
30 49
31 41
31 42
31 43
31 44
31 45
31 46
31 47
31 48
31 49
32 41
32 42
601
0 11
0 12
0 13
0 14
0 15
0 16
0 17
1 11
1 12
1 13
1 14
1 15
1 16
1 17
2 11
2 12
2 13
2 14
2 15
2 16
2 17
3 11
3 12
3 13
3 14
3 15
3 16
3 17
4 11
4 12
4 13
4 14
4 15
4 16
4 17
5 11
5 12
5 13
5 14
5 15
5 16
5 17
6 11
6 12
614
43 19
43 20
43 21
43 22
44 19
44 20
44 21
44 22
45 19
45 20
45 21
45 22
46 19
46 20
46 21
46 22
47 19
47 20
47 21
47 22
48 19
48 20
48 21
48 22
49 19
49 20
49 21
49 22
Yes
1 0
1 1
1 2
1 3
1 4
1 5
1 6
1 7
1 8
1 9
1 10
2 0
2 1
2 2
2 3
2 4
2 5
2 6
2 7
2 8
2 9
2 10
3 0
3 1
3 2
3 3
3 4
3 5
3 6
3 7
3 8
3 9
3 10
4 0
4 1
4 2
4 3
4 4
4 5
4 6
4 7
4 8
4 9
4 10
5 0
5 1
5 2
5 3
5 4
5 5
5 6
5 7
5 8
5 9
5 10
6 0
6 1
6 2
6 3
6 4
6 5
6 6
6 7
6 8
6 9
6 10
7 0
7 1
7 2
7 3
7 4
7 5
7 6
7 7
7 8
7 9
7 10
8 0
8 1
8 2
8 3
8 4
8 5
8 6
8 7
8 8
8 9
8 10
9 0
9 1
9 2
9 3
9 4
9 5
9 6
9 7
9 8
9 9
9 10
10 0
10 1
10 2
10 3
10 4
10 5
10 6
10 7
10 8
10 9
10 10
11 0
11 1
11 2
11 3
11 4
11 5
11 6
11 7
11 8
11 9
11 10
12 0
12 1
12 2
12 3
12 4
0
Yes
48 22
47 22
48 21
48 23
49 22
47 21
47 23
49 21
49 23
46 22
48 20
48 24
46 21
46 23
47 20
47 24
49 20
49 24
46 20
46 24
48 19
47 19
49 19
46 19
0
Yes
27 27
26 27
26 26
27 26
26 25
27 25
28 25
28 26
28 27
25 25
25 26
25 27
28 28
27 28
26 28
25 28
29 27
29 26
29 28
29 25
28 24
27 24
26 24
25 24
29 24
24 27
24 26
24 25
24 28
27 29
26 29
28 29
25 29
29 29
24 29
30 26
30 27
30 28
30 25
30 29
30 24
27 23
26 23
25 23
23 26
23 27
23 28
23 25
23 29
26 30
27 30
28 30
25 30
29 30
24 30
30 30
23 30
31 27
31 26
31 28
31 25
31 29
31 24
31 30
22 27
22 28
22 29
22 30
22 26
22 25
27 31
26 31
28 31
29 31
30 31
31 31
25 31
24 31
32 26
32 27
32 28
32 29
32 25
32 24
32 30
32 31
21 28
21 27
21 29
0
No
0
No
0
Yes
5 28
4 28
5 27
5 29
6 28
4 27
4 29
6 27
6 29
3 28
5 26
5 30
7 28
3 27
3 29
4 26
4 30
6 26
6 30
7 27
7 29
3 26
3 30
7 26
7 30
2 28
5 25
8 28
2 27
2 29
4 25
6 25
8 27
8 29
2 26
2 30
3 25
7 25
8 26
8 30
1 28
9 28
1 27
1 29
9 27
9 29
2 25
8 25
1 26
1 30
9 26
9 30
0 28
1 25
9 25
0 27
0 29
0 26
0 30
0 25
0
No
0
Yes
7 45
7 46
8 45
8 46
6 45
6 46
7 44
7 47
8 44
8 47
9 45
9 46
6 44
6 47
9 44
9 47
5 45
5 46
7 43
8 43
5 44
5 47
6 43
9 43
5 43
0
No
0
No
0
No
0
No
0
No
0
Yes
30 28
29 28
30 27
30 29
31 28
29 27
29 29
31 27
31 29
28 28
30 26
30 30
32 28
28 27
28 29
29 26
29 30
31 26
31 30
32 27
32 29
28 26
28 30
32 26
32 30
27 28
30 25
30 31
27 27
27 29
29 25
29 31
31 25
31 31
27 26
27 30
28 25
28 31
32 25
32 31
30 24
29 24
31 24
27 25
27 31
28 24
32 24
0
No
0
Yes
43 14
43 15
42 14
42 15
44 14
44 15
43 13
43 16
42 13
42 16
44 13
44 16
41 14
41 15
45 14
45 15
41 13
41 16
43 12
43 17
45 13
45 16
42 12
42 17
44 12
44 17
40 14
40 15
46 14
46 15
41 12
41 17
45 12
45 17
40 13
40 16
46 13
46 16
43 11
43 18
42 11
42 18
44 11
44 18
40 12
40 17
46 12
46 17
39 14
39 15
41 11
41 18
45 11
45 18
47 14
47 15
39 13
39 16
47 13
47 16
43 10
40 11
40 18
42 10
44 10
46 11
46 18
39 12
39 17
47 12
47 17
41 10
45 10
38 14
38 15
38 13
38 16
39 11
39 18
47 11
47 18
40 10
46 10
38 12
38 17
39 10
47 10
38 11
38 18
38 10
0
No
0
Yes
29 16
29 15
28 15
30 15
30 16
30 14
29 14
28 14
31 14
31 15
31 16
29 13
30 13
28 13
31 13
32 16
32 15
32 14
32 13
27 13
27 14
27 15
28 12
29 12
30 12
31 12
27 12
32 12
33 15
33 14
33 13
33 16
33 12
29 11
30 11
31 11
28 11
32 11
27 11
33 11
34 16
34 15
34 14
34 13
34 12
34 11
33 17
32 17
31 17
34 17
28 10
29 10
30 10
31 10
32 10
33 10
27 10
34 10
35 15
35 14
35 13
35 12
35 16
35 11
35 17
35 10
31 18
32 18
33 18
34 18
35 18
29 9
30 9
31 9
32 9
33 9
28 9
34 9
27 9
35 9
36 16
36 15
36 14
36 13
36 12
36 11
36 17
36 10
36 18
36 9
28 8
29 8
30 8
31 8
32 8
33 8
34 8
35 8
27 8
36 8
26 9
26 8
26 10
26 11
37 15
37 16
37 14
37 13
37 12
37 11
37 10
37 9
37 8
37 17
37 18
29 7
28 7
30 7
31 7
32 7
33 7
34 7
35 7
27 7
36 7
26 7
37 7
38 9
38 8
38 7
25 7
25 8
25 9
28 6
29 6
30 6
27 6
31 6
32 6
33 6
34 6
35 6
36 6
26 6
37 6
25 6
38 6
0
Yes
47 26
46 26
46 25
47 25
46 24
47 24
48 24
48 25
48 26
45 24
45 25
45 26
48 27
47 27
46 27
45 27
49 26
49 25
49 27
49 24
48 23
47 23
46 23
45 23
49 23
44 26
44 25
44 24
44 27
44 23
47 28
46 28
48 28
45 28
44 28
49 28
47 22
46 22
48 22
45 22
49 22
44 22
43 25
43 26
43 24
43 27
43 23
43 22
43 28
46 29
47 29
48 29
45 29
46 21
47 21
45 21
48 21
44 21
49 21
43 21
0
No
0
Yes
29 46
28 46
29 45
29 47
30 46
28 45
28 47
30 45
30 47
27 46
29 44
29 48
31 46
27 45
27 47
28 44
28 48
30 44
30 48
31 45
31 47
27 44
27 48
31 44
31 48
26 46
29 43
29 49
32 46
26 45
26 47
28 43
28 49
30 43
30 49
32 45
32 47
26 44
26 48
27 43
27 49
31 43
31 49
32 44
32 48
25 46
29 42
25 45
25 47
28 42
30 42
26 43
26 49
32 43
32 49
25 44
25 48
27 42
31 42
25 43
25 49
26 42
32 42
25 42
0
No
0
No
0
No
0
No
0
Yes
4 30
3 30
3 29
4 29
3 28
4 28
5 28
5 29
5 30
2 28
2 29
2 30
6 30
6 29
6 28
5 27
4 27
3 27
2 27
6 27
1 30
1 29
1 28
1 27
7 29
7 28
7 30
7 27
4 26
3 26
5 26
2 26
6 26
1 26
7 26
0 29
0 28
0 27
0 26
0 30
8 26
3 25
4 25
5 25
2 25
6 25
7 25
8 25
1 25
0 25
7 24
8 24
9 24
9 25
9 26
9 27
8 27
8 28
8 29
9 28
9 29
8 30
0
Yes
30 3
31 3
30 2
30 4
31 2
31 4
29 3
32 3
29 2
29 4
32 2
32 4
30 1
30 5
31 1
31 5
28 3
29 1
29 5
32 1
32 5
33 3
28 2
28 4
33 2
33 4
30 0
31 0
28 1
28 5
33 1
33 5
29 0
32 0
27 3
27 2
27 4
28 0
33 0
27 1
27 5
27 0
0
No
0
No
0
Yes
35 3
36 3
35 2
35 4
36 2
36 4
34 3
34 2
34 4
35 1
35 5
36 1
36 5
34 1
34 5
35 0
36 0
34 0
0
Yes
9 47
9 48
10 47
10 48
8 47
8 48
9 46
9 49
10 46
10 49
11 47
11 48
8 46
8 49
11 46
11 49
7 47
7 48
9 45
10 45
12 47
12 48
7 46
7 49
8 45
11 45
12 46
12 49
6 47
6 48
7 45
12 45
13 47
13 48
6 46
6 49
13 46
13 49
6 45
13 45
5 47
5 48
5 46
5 49
5 45
0
No
0
Yes
42 2
41 2
41 1
42 1
41 0
42 0
40 0
40 1
40 2
39 2
39 1
39 0
38 1
38 2
38 0
39 3
40 3
41 3
38 3
37 0
37 1
37 2
0
No
0
No
0
No
0
Yes
19 46
18 46
18 45
19 45
18 44
19 44
20 44
20 45
20 46
17 44
17 45
17 46
20 47
19 47
18 47
17 47
21 46
21 45
21 47
21 44
20 43
19 43
18 43
17 43
21 43
16 46
16 45
16 44
16 47
16 43
19 48
18 48
20 48
17 48
21 48
16 48
22 45
22 46
22 47
22 44
22 48
22 43
19 42
18 42
20 42
17 42
21 42
16 42
22 42
15 45
15 46
15 44
15 47
15 43
15 48
15 42
18 49
19 49
20 49
17 49
21 49
16 49
22 49
15 49
23 46
23 45
23 47
23 44
23 48
23 43
23 49
23 42
18 41
19 41
20 41
17 41
21 41
16 41
22 41
15 41
23 41
14 46
14 45
14 47
14 44
14 43
14 42
14 41
14 48
14 49
24 45
24 46
24 47
24 44
24 43
24 42
24 41
24 48
24 49
19 40
18 40
20 40
17 40
21 40
16 40
22 40
15 40
23 40
14 40
13 44
13 43
13 42
13 41
13 40
18 39
19 39
20 39
17 39
21 39
16 39
15 39
22 39
14 39
23 39
0
No
0
Yes
18 35
17 35
18 34
18 36
19 35
17 34
17 36
19 34
19 36
16 35
18 33
18 37
20 35
16 34
16 36
17 33
17 37
19 33
19 37
20 34
20 36
16 33
16 37
20 33
20 37
15 35
18 32
18 38
21 35
15 34
15 36
17 32
17 38
19 32
19 38
21 34
21 36
15 33
15 37
16 32
16 38
20 32
20 38
21 33
21 37
14 35
18 31
22 35
14 34
14 36
17 31
19 31
22 34
22 36
15 32
15 38
21 32
21 38
14 33
14 37
16 31
20 31
22 33
22 37
13 35
14 32
14 38
15 31
21 31
22 32
22 38
23 35
13 34
13 36
23 34
23 36
13 33
13 37
23 33
23 37
14 31
22 31
13 32
13 38
23 32
23 38
12 35
12 34
12 36
12 33
12 37
13 31
23 31
0
Yes
3 21
3 22
2 21
2 22
4 21
4 22
3 20
3 23
2 20
2 23
4 20
4 23
1 21
1 22
5 21
5 22
1 20
1 23
3 19
3 24
5 20
5 23
2 19
2 24
4 19
4 24
0 21
0 22
1 19
1 24
5 19
5 24
0 20
0 23
3 18
2 18
4 18
0 19
0 24
1 18
5 18
0 18
0
No
0
No
0
Yes
40 2
41 2
40 1
40 3
41 1
41 3
39 2
42 2
39 1
39 3
42 1
40 0
41 0
38 2
39 0
42 0
38 1
38 3
38 0
0
No
0
Yes
35 39
34 39
34 40
33 40
33 39
32 40
32 39
32 41
33 41
34 41
31 41
31 40
31 39
30 39
30 40
30 41
31 38
32 38
33 38
30 38
29 40
29 39
29 38
29 41
33 37
32 37
31 37
30 37
29 37
28 39
28 38
28 40
28 37
28 41
32 36
31 36
30 36
29 36
33 36
28 36
27 38
27 39
27 40
27 37
27 41
27 36
33 35
32 35
31 35
30 35
29 35
28 35
27 35
34 35
34 36
34 37
26 39
26 38
26 37
26 40
26 36
26 41
26 35
34 34
33 34
32 34
31 34
30 34
29 34
28 34
27 34
26 34
35 34
35 35
35 36
25 38
25 39
25 37
25 36
25 40
25 35
25 34
25 41
35 33
34 33
33 33
32 33
31 33
30 33
29 33
28 33
27 33
26 33
25 33
24 39
24 38
24 37
24 36
24 35
24 34
24 33
24 40
36 33
36 34
36 35
34 32
33 32
32 32
31 32
30 32
29 32
28 32
27 32
26 32
35 32
25 32
36 32
24 32
37 32
37 33
37 34
26 31
25 31
24 31
38 34
38 33
38 32
25 30
26 30
24 30
39 33
39 34
39 32
24 29
25 29
26 29
26 28
25 28
24 28
0
No
0
Yes
32 23
32 22
31 23
31 22
0
Yes
10 15
9 15
9 14
10 14
9 13
10 13
8 13
8 14
8 15
7 15
7 14
7 13
8 12
9 12
10 12
7 12
6 14
6 15
6 13
7 16
8 16
9 16
6 16
10 11
9 11
8 11
7 11
9 17
8 17
7 17
6 17
0
Yes
13 49
12 49
12 48
13 48
12 47
13 47
11 47
11 48
11 49
10 49
10 48
10 47
11 46
12 46
13 46
10 46
9 48
9 47
9 49
9 46
13 45
12 45
11 45
10 45
9 45
8 49
8 48
8 47
8 46
8 45
12 44
11 44
10 44
9 44
8 44
7 48
7 47
7 46
7 45
7 49
7 44
11 43
10 43
9 43
8 43
12 43
7 43
6 49
6 48
6 47
6 46
6 45
6 44
6 43
12 42
11 42
10 42
9 42
5 48
5 47
5 46
5 45
5 44
5 49
5 43
11 41
10 41
12 41
0
No
0
No
0
No
0
Yes
20 35
20 36
21 35
21 36
19 35
19 36
20 34
20 37
21 34
21 37
22 35
22 36
19 34
19 37
22 34
22 37
18 35
18 36
20 33
20 38
21 33
21 38
23 35
23 36
18 34
18 37
19 33
19 38
22 33
22 38
23 34
23 37
17 35
17 36
18 33
18 38
20 32
21 32
23 33
23 38
17 34
17 37
19 32
22 32
17 33
17 38
18 32
23 32
17 32
0
Yes
15 4
15 5
14 4
14 5
16 4
15 3
14 3
16 3
13 4
13 5
13 3
0
No
0
Yes
13 34
14 34
13 33
13 35
14 33
14 35
12 34
15 34
12 33
12 35
15 33
15 35
13 32
13 36
14 32
14 36
11 34
12 32
12 36
15 32
15 36
16 34
11 33
11 35
16 33
16 35
13 31
13 37
14 31
14 37
11 32
11 36
16 32
16 36
12 31
12 37
15 31
15 37
10 34
10 33
10 35
11 31
11 37
16 31
16 37
10 32
10 36
13 30
13 38
14 30
14 38
12 30
12 38
15 38
10 31
10 37
11 30
11 38
16 38
13 29
14 29
12 29
10 30
10 38
11 29
10 29
0
No
0
No
0
No
0
Yes
47 8
46 8
47 7
48 8
46 7
48 7
45 8
45 7
0
Yes
10 28
9 28
9 27
10 27
9 26
10 26
11 26
11 27
11 28
8 26
8 27
8 28
12 27
12 28
11 25
10 25
9 25
8 25
7 28
7 27
7 26
7 25
9 24
8 24
7 24
6 27
6 26
6 25
6 28
6 24
7 29
8 29
9 29
6 29
8 23
7 23
9 23
6 23
5 28
5 27
5 26
5 25
5 24
5 29
5 23
9 30
8 30
7 30
6 30
5 30
9 22
8 22
7 22
6 22
5 22
4 27
4 28
4 26
4 25
4 24
4 29
4 23
4 30
4 22
8 21
7 21
6 21
5 21
9 21
4 21
3 28
3 27
3 26
3 25
3 24
3 23
3 29
3 22
3 30
3 21
9 20
8 20
7 20
6 20
5 20
4 20
3 20
13 27
13 28
2 27
2 28
2 26
2 25
2 24
2 23
2 22
2 29
2 21
2 30
2 20
8 19
7 19
6 19
5 19
4 19
3 19
9 19
2 19
1 28
1 27
1 26
1 25
1 24
1 23
1 22
1 21
1 29
1 20
1 30
1 19
7 18
6 18
5 18
4 18
3 18
2 18
1 18
8 18
0 27
0 28
0 26
0 25
0 24
0 23
0 22
0 21
0 20
0 29
0 19
0 30
0 18
10 20
10 19
11 20
11 19
0
No
0
Yes
33 0
32 0
32 1
33 1
32 2
33 2
31 2
31 1
31 0
30 0
30 1
30 2
31 3
32 3
33 3
30 3
29 1
29 2
29 0
29 3
33 4
32 4
31 4
30 4
29 4
28 0
28 1
28 2
28 3
28 4
32 5
31 5
30 5
29 5
28 5
33 5
27 1
27 2
27 3
0
Yes
13 27
12 27
12 28
13 28
11 28
11 27
10 28
10 27
0
Yes
20 26
20 27
21 27
21 28
20 28
21 29
20 29
22 29
22 28
22 27
22 30
21 30
20 30
23 27
23 28
23 29
23 30
20 31
21 31
22 31
23 31
0
No
0
Yes
29 1
29 2
28 1
28 2
30 1
30 2
29 0
28 0
30 0
27 1
27 2
27 0
0
Yes
12 20
12 21
11 20
11 21
11 19
0
No
0
No
0
Yes
3 39
3 40
2 39
2 40
4 39
4 40
3 38
3 41
2 38
2 41
4 38
4 41
1 39
1 40
5 39
5 40
1 38
1 41
3 37
3 42
5 38
5 41
2 37
2 42
4 37
4 42
0 39
0 40
1 37
1 42
5 37
5 42
0 38
0 41
3 36
2 36
4 36
0 37
0 42
1 36
5 36
0
Yes
5 23
5 24
4 23
4 24
6 23
6 24
5 22
5 25
4 22
4 25
6 22
6 25
3 23
3 24
7 23
7 24
3 22
3 25
5 21
5 26
7 22
7 25
4 21
4 26
6 21
6 26
2 23
2 24
8 23
8 24
3 21
3 26
7 21
7 26
2 22
2 25
8 22
8 25
5 20
5 27
4 20
4 27
6 20
6 27
2 21
2 26
8 21
8 26
1 23
1 24
3 20
3 27
7 20
7 27
9 23
9 24
1 22
1 25
9 22
9 25
5 19
5 28
2 20
2 27
4 19
4 28
6 19
6 28
8 20
8 27
1 21
1 26
9 21
9 26
3 19
3 28
7 19
7 28
0 23
0 24
0 22
0 25
1 20
1 27
9 20
9 27
2 19
2 28
8 19
8 28
5 18
0 21
0 26
4 18
6 18
3 18
7 18
1 19
1 28
9 19
9 28
0 20
0 27
2 18
8 18
0 19
0 28
1 18
0 18
0
No
0
No
0
No
0
Yes
0 36
0 35
1 35
1 34
0 34
1 33
0 33
2 33
2 34
2 35
2 32
1 32
0 32
3 35
3 34
3 33
3 32
0 31
1 31
2 31
3 31
4 34
4 33
4 32
4 35
4 31
1 30
2 30
3 30
0 30
4 30
5 35
5 34
5 33
5 32
5 31
5 30
0 29
1 29
2 29
3 29
4 29
5 29
6 34
6 33
6 32
6 31
6 30
6 35
6 29
7 35
7 34
7 33
7 32
7 31
7 30
7 29
8 34
8 33
8 32
8 31
8 30
8 35
8 29
8 36
7 36
6 36
6 37
7 37
8 37
9 36
9 35
9 34
9 33
9 32
9 31
9 37
9 30
9 29
7 38
8 38
6 38
9 38
6 39
7 39
8 39
9 39
0
Yes
13 41
13 40
12 40
14 40
14 41
14 39
13 39
12 39
15 39
15 40
15 41
16 41
16 40
16 39
15 42
14 42
13 42
16 42
17 40
17 41
17 42
17 39
13 43
14 43
15 43
16 43
17 43
18 41
18 40
18 42
18 39
18 43
14 44
15 44
16 44
17 44
18 44
13 44
19 40
19 41
19 42
19 43
19 39
19 44
15 45
16 45
17 45
14 45
18 45
19 45
20 41
20 42
20 43
20 40
20 44
20 39
20 45
14 46
15 46
16 46
17 46
18 46
19 46
20 46
21 40
21 41
21 42
21 43
21 44
21 45
21 39
21 46
15 47
16 47
17 47
18 47
19 47
20 47
14 47
21 47
22 41
22 42
22 43
22 44
22 45
22 40
22 46
22 39
22 47
14 48
15 48
16 48
17 48
18 48
19 48
20 48
21 48
22 48
23 40
23 41
23 42
23 43
23 44
23 45
23 46
23 47
23 48
23 39
15 49
16 49
17 49
18 49
19 49
20 49
21 49
22 49
23 49
14 49
24 41
24 42
24 43
24 44
24 45
24 46
24 47
24 48
24 49
11 39
11 40
10 39
0
No
0
No
0
No
0
Yes
2 48
1 48
2 47
2 49
3 48
1 47
1 49
3 47
3 49
0 48
2 46
0 47
0 49
1 46
3 46
0 46
0
No
0
Yes
33 47
32 47
32 46
33 46
32 45
33 45
31 45
31 46
31 47
31 48
32 48
33 48
30 47
30 46
30 48
30 45
31 44
32 44
33 44
30 44
33 49
32 49
31 49
30 49
29 46
29 47
29 48
29 45
29 49
29 44
33 43
32 43
31 43
30 43
29 43
34 44
34 45
34 46
34 43
28 47
28 46
28 45
28 48
28 44
28 49
28 43
32 42
31 42
30 42
29 42
28 42
33 42
35 45
35 46
27 46
27 47
27 45
27 44
27 48
27 43
27 49
0
No
0
Yes
0 17
0 16
1 16
1 17
2 16
2 17
2 15
1 15
0 15
0 14
1 14
2 14
3 15
3 16
3 17
3 14
1 13
2 13
0 13
3 13
4 17
4 16
4 15
4 14
4 13
0 12
1 12
2 12
3 12
4 12
5 16
5 15
5 14
5 13
5 17
5 12
1 11
2 11
3 11
4 11
5 11
0 11
6 17
6 16
6 15
6 14
6 13
6 12
6 11
7 16
7 15
7 14
7 13
0
No
0
No
0
Yes
47 18
46 18
46 17
47 17
46 16
47 16
48 16
48 17
48 18
45 16
45 17
45 18
48 19
47 19
46 19
45 19
49 18
49 17
49 19
49 16
48 15
47 15
46 15
45 15
49 15
44 18
44 17
44 16
44 19
44 15
47 20
46 20
45 20
44 20
48 20
49 20
47 14
46 14
48 14
45 14
44 14
49 14
43 17
43 18
43 16
43 15
43 14
43 19
43 20
46 13
45 13
47 13
44 13
43 13
48 13
42 16
42 15
42 17
42 18
42 14
42 13
47 12
46 12
45 12
44 12
43 12
42 12
41 18
41 17
41 16
41 15
41 14
41 13
41 12
46 11
45 11
44 11
43 11
42 11
47 11
41 11
40 17
40 16
40 15
40 14
40 13
40 12
40 18
40 11
47 10
46 10
45 10
44 10
43 10
42 10
41 10
40 10
39 18
39 17
39 16
39 15
39 14
39 13
39 12
39 11
39 10
46 9
45 9
44 9
43 9
42 9
41 9
0
No
0
Yes
0 11
0 12
0 13
0 14
0 15
0 16
0 17
1 11
1 12
1 13
1 14
1 15
1 16
1 17
2 11
2 12
2 13
2 14
2 15
2 16
2 17
3 11
3 12
3 13
3 14
3 15
3 16
3 17
4 11
4 12
4 13
4 14
4 15
4 16
4 17
5 11
5 12
5 13
5 14
5 15
5 16
5 17
6 11
6 12
6 13
6 14
6 15
6 16
6 17
7 11
7 12
0
No
0
No
0
No
0
No
0
Yes
26 24
27 24
26 23
27 23
25 24
25 23
0
No
0
Yes
0 29
0 30
1 30
1 29
2 30
2 29
2 31
1 31
0 31
0 32
1 32
2 32
3 31
3 30
3 29
3 32
1 33
2 33
0 33
3 33
4 29
4 30
4 31
4 32
4 33
0 34
1 34
2 34
3 34
4 34
5 30
5 31
5 32
5 33
5 29
5 34
1 35
2 35
3 35
4 35
5 35
0 35
6 29
6 30
6 31
0
Yes
4 14
4 15
3 14
3 15
5 14
5 15
4 13
4 16
3 13
3 16
5 13
5 16
2 14
2 15
6 14
6 15
2 13
2 16
4 12
4 17
6 13
6 16
3 12
3 17
5 12
5 17
1 14
1 15
7 14
7 15
2 12
2 17
6 12
6 17
1 13
1 16
7 13
7 16
4 11
3 11
5 11
1 12
1 17
7 12
7 17
0 14
0 15
2 11
6 11
0 13
0 16
1 11
7 11
0 12
0 17
0
Yes
26 48
25 48
26 47
26 49
25 47
25 49
26 46
25 46
0
No
0
Yes
2 44
2 45
1 44
1 45
3 44
3 45
2 43
1 43
3 43
0 44
0 45
0 43
0
No
1
724
31 0
31 1
31 2
31 3
31 4
31 5
31 6
31 7
32 0
32 1
32 2
32 3
32 4
32 5
32 6
32 7
33 0
33 1
33 2
33 3
33 4
33 5
33 6
33 7
34 0
34 1
34 2
34 3
34 4
34 5
34 6
34 7
35 0
35 1
35 2
35 3
35 4
35 5
35 6
35 7
36 0
36 1
36 2
36 3
36 4
36 5
36 6
36 7
37 0
37 1
37 2
37 3
37 4
37 5
37 6
Yes
0 11
0 12
0 13
0 14
0 15
0 16
0 17
0 18
0 19
0 20
0 21
0 22
0 23
0 24
1 11
1 12
1 13
1 14
1 15
1 16
1 17
1 18
1 19
1 20
1 21
1 22
1 23
1 24
2 11
2 12
2 13
2 14
2 15
2 16
2 17
2 18
2 19
2 20
2 21
2 22
2 23
2 24
3 11
3 12
3 13
3 14
3 15
3 16
3 17
3 18
3 19
3 20
3 21
3 22
3 23
3 24
4 11
4 12
4 13
4 14
4 15
4 16
4 17
4 18
4 19
4 20
4 21
4 22
4 23
4 24
5 11
5 12
5 13
5 14
5 15
5 16
5 17
5 18
5 19
5 20
5 21
5 22
5 23
5 24
6 11
6 12
6 13
6 14
6 15
6 16
6 17
6 18
6 19
6 20
6 21
6 22
6 23
6 24
7 11
7 12
7 13
7 14
7 15
7 16
7 17
7 18
7 19
7 20
7 21
7 22
7 23
7 24
8 11
8 12
8 13
8 14
8 15
8 16
8 17
8 18
8 19
8 20
8 21
8 22
8 23
0
Yes
0 28
0 27
1 27
1 28
2 27
2 28
2 26
1 26
0 26
0 25
1 25
2 25
3 26
3 27
3 28
3 25
4 28
4 27
4 26
4 25
5 27
5 26
5 28
5 25
6 28
6 27
0
No
0
No
0
No
0
No
0
Yes
47 17
47 18
48 17
48 18
46 17
46 18
47 16
47 19
48 16
48 19
49 17
49 18
46 16
46 19
49 16
49 19
45 17
45 18
47 15
47 20
48 15
48 20
45 16
45 19
46 15
46 20
49 15
49 20
45 15
45 20
47 14
48 14
46 14
49 14
0
No
0
No
0
Yes
47 18
46 18
47 17
47 19
48 18
46 17
46 19
48 17
48 19
45 18
47 16
47 20
49 18
45 17
45 19
46 16
46 20
48 16
48 20
49 17
49 19
45 16
45 20
49 16
49 20
44 18
47 15
44 17
44 19
46 15
48 15
44 16
44 20
45 15
49 15
44 15
0
Yes
4 49
4 48
5 48
5 49
6 48
6 49
6 47
5 47
4 47
4 46
5 46
6 46
7 47
7 48
7 49
7 46
5 45
6 45
4 45
7 45
8 49
8 48
8 47
8 46
8 45
4 44
5 44
6 44
7 44
8 44
9 48
9 47
9 46
9 45
9 49
9 44
5 43
6 43
7 43
8 43
9 43
4 43
10 49
10 48
10 47
10 46
10 45
10 44
10 43
6 42
7 42
8 42
9 42
10 42
11 48
11 47
11 46
11 45
11 44
11 43
11 49
11 42
7 41
8 41
9 41
10 41
6 41
11 41
12 49
12 48
12 47
12 46
12 45
12 44
12 43
12 42
12 41
6 40
7 40
8 40
9 40
10 40
11 40
12 40
13 48
13 47
13 46
13 45
13 44
13 43
13 42
13 41
13 49
13 40
7 39
8 39
9 39
10 39
11 39
12 39
6 39
13 39
14 49
14 48
14 47
0
No
0
Yes
42 32
42 33
41 32
41 33
0
Yes
37 33
37 34
38 33
38 34
36 33
36 34
37 32
38 32
39 33
39 34
36 32
39 32
35 33
35 34
0
No
0
Yes
17 3
16 3
16 2
17 2
16 1
17 1
15 1
15 2
15 3
14 3
14 2
14 1
15 0
16 0
17 0
14 0
13 2
13 3
13 1
13 0
14 4
15 4
13 4
16 4
18 0
18 1
18 2
0
Yes
17 45
18 45
17 44
17 46
18 44
18 46
16 45
19 45
16 44
16 46
19 44
19 46
17 43
17 47
18 43
18 47
15 45
16 43
16 47
19 43
19 47
20 45
15 44
15 46
20 44
20 46
17 42
17 48
18 42
18 48
15 43
15 47
20 43
20 47
16 42
16 48
19 42
19 48
14 45
21 45
14 44
14 46
21 44
21 46
15 42
15 48
20 42
20 48
14 43
14 47
17 41
17 49
18 41
18 49
21 43
21 47
16 41
16 49
19 41
19 49
13 45
22 45
13 44
13 46
14 42
14 48
21 42
21 48
22 44
22 46
15 41
15 49
20 41
20 49
13 43
13 47
22 43
22 47
17 40
18 40
16 40
19 40
14 41
14 49
21 41
21 49
13 42
13 48
22 42
22 48
12 45
23 45
12 44
12 46
15 40
20 40
23 44
23 46
12 43
12 47
23 43
23 47
13 41
13 49
22 41
22 49
14 40
21 40
12 42
12 48
23 42
23 48
11 45
24 45
11 44
11 46
24 44
24 46
13 40
22 40
11 43
11 47
12 41
12 49
23 41
23 49
24 43
24 47
11 42
11 48
24 42
24 48
12 40
23 40
10 45
10 44
10 46
11 41
11 49
24 41
24 49
10 43
10 47
10 42
10 48
11 40
24 40
10 41
10 49
0
Yes
4 29
3 29
4 28
4 30
5 29
3 28
3 30
5 28
5 30
2 29
4 27
4 31
6 29
2 28
2 30
3 27
3 31
5 27
5 31
6 28
6 30
2 27
2 31
6 27
6 31
1 29
4 26
4 32
7 29
1 28
1 30
3 26
3 32
5 26
5 32
7 28
7 30
1 27
1 31
2 26
2 32
6 26
6 32
7 27
7 31
0 29
4 25
0 28
0 30
3 25
5 25
1 26
1 32
7 26
7 32
0 27
0 31
2 25
6 25
0 26
0 32
1 25
7 25
0 25
0
Yes
20 35
21 35
20 34
20 36
21 34
21 36
19 35
22 35
19 34
19 36
22 34
22 36
20 33
20 37
21 33
21 37
18 35
19 33
19 37
22 33
22 37
23 35
18 34
18 36
23 34
23 36
20 32
20 38
21 32
21 38
18 33
18 37
23 33
23 37
19 32
19 38
22 32
22 38
17 35
17 34
17 36
18 32
18 38
23 32
23 38
17 33
17 37
20 31
20 39
21 31
21 39
19 31
19 39
22 31
22 39
17 32
17 38
18 31
18 39
23 31
23 39
20 30
21 30
22 30
17 31
17 39
0
Yes
24 39
24 38
25 38
25 39
26 38
26 39
26 37
25 37
24 37
24 36
25 36
26 36
27 37
27 38
27 39
27 36
25 35
26 35
24 35
27 35
27 40
26 40
25 40
28 39
28 38
28 37
28 36
28 40
28 35
24 34
25 34
26 34
27 34
28 34
25 41
26 41
27 41
28 41
29 38
29 39
29 37
29 36
29 40
29 35
29 41
29 34
25 33
26 33
27 33
28 33
24 33
29 33
26 42
25 42
27 42
30 39
30 38
30 37
30 36
30 35
30 40
30 34
30 41
30 33
24 32
25 32
26 32
27 32
28 32
29 32
30 32
31 38
31 39
31 37
31 36
31 35
31 34
31 40
31 33
31 41
31 32
32 39
32 38
32 37
32 36
32 35
32 34
32 40
32 33
32 41
32 32
0
Yes
1 34
2 34
1 33
1 35
2 33
2 35
0 34
0 33
0 35
0
No
0
Yes
32 23
32 22
31 23
31 22
0
No
0
Yes
43 20
43 19
44 19
44 20
45 19
45 20
45 18
44 18
43 18
43 17
44 17
45 17
46 18
46 19
46 20
46 17
44 16
45 16
43 16
46 16
47 20
47 19
47 18
47 17
47 16
43 15
44 15
45 15
46 15
47 15
42 16
42 17
42 18
42 15
48 19
48 18
48 17
48 16
48 20
48 15
44 14
45 14
46 14
43 14
47 14
42 14
48 14
41 18
41 17
41 16
41 15
41 14
49 20
49 19
49 18
49 17
49 16
49 15
49 14
43 13
44 13
45 13
46 13
42 13
47 13
41 13
48 13
40 17
40 16
40 15
40 14
40 18
40 13
42 12
43 12
44 12
45 12
41 12
46 12
47 12
40 12
39 18
39 17
39 16
39 15
39 14
39 13
39 12
43 11
42 11
44 11
41 11
45 11
40 11
46 11
39 11
0
No
0
No
0
Yes
5 29
5 30
4 29
4 30
6 29
6 30
5 28
5 31
4 28
4 31
6 28
6 31
3 29
3 30
7 29
7 30
3 28
3 31
5 27
5 32
7 28
7 31
4 27
4 32
6 27
6 32
2 29
2 30
8 29
8 30
3 27
3 32
7 27
7 32
2 28
2 31
8 28
8 31
5 26
5 33
4 26
4 33
6 26
6 33
2 27
2 32
8 27
8 32
1 29
1 30
3 26
3 33
7 26
7 33
9 29
9 30
1 28
1 31
9 28
9 31
5 25
2 26
4 25
6 25
8 26
8 33
1 27
1 32
9 27
9 32
3 25
7 25
0 29
0 30
0 28
0 31
1 26
9 26
9 33
2 25
8 25
0 27
0 32
1 25
9 25
0
Yes
0 39
0 38
1 38
1 39
2 38
2 39
2 40
1 40
0 40
2 37
1 37
0 37
0 41
1 41
2 41
3 40
3 39
3 38
3 37
3 41
0 36
1 36
2 36
3 36
1 42
2 42
3 42
0 42
4 39
4 38
4 40
0
Yes
7 45
7 46
6 45
6 46
8 45
8 46
7 44
7 47
6 44
6 47
8 44
8 47
5 45
5 46
9 45
9 46
5 44
5 47
7 43
7 48
9 44
9 47
6 43
6 48
8 43
8 48
4 45
4 46
5 43
5 48
9 43
9 48
4 44
4 47
7 42
7 49
6 42
6 49
8 42
8 49
4 43
4 48
5 42
5 49
9 42
9 49
7 41
4 42
4 49
6 41
8 41
5 41
9 41
0
No
0
Yes
30 28
29 28
30 27
30 29
31 28
29 27
29 29
31 27
31 29
28 28
30 26
30 30
32 28
28 27
28 29
29 26
29 30
31 26
31 30
32 27
32 29
28 26
28 30
32 26
32 30
27 28
30 25
30 31
27 27
27 29
29 25
29 31
31 25
31 31
27 26
27 30
28 25
28 31
32 25
32 31
30 24
29 24
31 24
27 25
27 31
28 24
32 24
0
Yes
33 39
33 40
33 41
34 39
34 40
34 41
35 39
0
Yes
37 16
36 16
36 15
37 15
36 14
37 14
38 14
38 15
38 16
35 14
35 15
35 16
38 17
37 17
36 17
35 17
38 13
37 13
36 13
35 13
34 16
34 15
34 14
34 17
34 13
37 18
36 18
35 18
34 18
38 18
37 12
36 12
35 12
38 12
34 12
33 15
33 16
33 14
33 17
33 13
33 18
33 12
36 11
35 11
37 11
34 11
38 11
33 11
32 16
32 15
32 14
32 13
32 17
32 12
32 18
32 11
37 10
36 10
35 10
34 10
33 10
38 10
32 10
31 15
31 16
31 14
31 13
31 12
31 17
31 11
31 18
31 10
36 9
35 9
34 9
33 9
37 9
32 9
38 9
31 9
30 14
30 13
30 12
30 11
30 15
30 16
30 10
30 9
37 8
36 8
35 8
34 8
33 8
32 8
31 8
38 8
30 8
29 16
29 15
29 14
29 13
29 12
0
Yes
28 37
27 37
28 36
28 38
29 37
27 36
27 38
29 36
29 38
26 37
28 35
28 39
30 37
26 36
26 38
27 35
27 39
29 35
29 39
30 36
30 38
26 35
26 39
30 35
30 39
25 37
28 34
28 40
31 37
25 36
25 38
27 34
27 40
29 34
29 40
31 36
31 38
25 35
25 39
26 34
26 40
30 34
30 40
31 35
31 39
24 37
28 33
28 41
24 36
24 38
27 33
27 41
29 33
29 41
25 34
25 40
31 34
31 40
24 35
24 39
26 33
26 41
30 33
30 41
24 34
25 33
25 41
28 32
31 33
31 41
27 32
29 32
26 32
30 32
24 33
25 32
31 32
24 32
0
No
0
No
0
Yes
10 40
9 40
9 39
10 39
8 39
8 40
7 39
7 40
7 38
8 38
9 38
6 38
6 39
6 40
9 37
8 37
7 37
6 37
5 40
5 39
5 38
5 37
8 36
7 36
6 36
9 36
5 36
9 35
8 35
7 35
6 35
5 35
8 34
7 34
6 34
5 34
9 34
0
Yes
0 0
0 1
0 2
0 3
0 4
0 5
0 6
0 7
0 8
0 9
0 10
1 0
1 1
1 2
1 3
1 4
1 5
1 6
1 7
1 8
1 9
1 10
2 0
2 1
2 2
2 3
2 4
2 5
2 6
2 7
2 8
2 9
2 10
3 0
3 1
3 2
3 3
3 4
3 5
3 6
3 7
3 8
3 9
3 10
4 0
4 1
4 2
4 3
4 4
4 5
4 6
4 7
4 8
4 9
4 10
5 0
5 1
5 2
5 3
5 4
5 5
5 6
5 7
5 8
5 9
5 10
6 0
6 1
6 2
6 3
6 4
6 5
6 6
6 7
6 8
6 9
6 10
7 0
7 1
7 2
7 3
7 4
7 5
7 6
7 7
7 8
7 9
7 10
8 0
8 1
8 2
8 3
8 4
8 5
8 6
8 7
8 8
8 9
8 10
9 0
9 1
9 2
9 3
9 4
9 5
9 6
9 7
9 8
9 9
9 10
10 0
10 1
10 2
10 3
10 4
10 5
10 6
10 7
10 8
10 9
10 10
11 0
11 1
11 2
11 3
11 4
11 5
11 6
11 7
0
Yes
38 18
37 18
37 17
38 17
37 16
38 16
36 16
36 17
36 18
35 18
35 17
35 16
36 15
37 15
38 15
35 15
34 17
34 16
34 18
34 15
38 14
37 14
36 14
35 14
34 14
33 18
33 17
33 16
33 15
33 14
37 13
36 13
35 13
34 13
38 13
33 13
32 17
32 16
32 15
32 14
32 18
32 13
38 12
37 12
36 12
35 12
34 12
33 12
32 12
31 18
31 17
31 16
31 15
31 14
31 13
31 12
37 11
36 11
35 11
34 11
33 11
32 11
38 11
31 11
30 16
30 15
30 14
30 13
30 12
30 11
38 10
37 10
36 10
35 10
34 10
33 10
32 10
31 10
30 10
29 15
29 14
29 13
29 12
0
Yes
33 36
34 36
33 35
33 37
34 35
34 37
32 36
32 35
32 37
33 34
33 38
34 34
32 34
32 38
33 33
34 33
32 33
0
Yes
0 11
0 12
0 13
0 14
0 15
0 16
0 17
0 18
0 19
0 20
0 21
0 22
0 23
0 24
1 11
1 12
1 13
1 14
1 15
1 16
1 17
1 18
1 19
1 20
1 21
1 22
1 23
1 24
2 11
2 12
2 13
2 14
2 15
2 16
2 17
2 18
2 19
2 20
2 21
2 22
2 23
2 24
3 11
3 12
3 13
3 14
3 15
3 16
3 17
3 18
3 19
3 20
3 21
3 22
3 23
3 24
4 11
4 12
4 13
4 14
4 15
4 16
4 17
4 18
4 19
4 20
4 21
4 22
4 23
4 24
5 11
5 12
5 13
5 14
5 15
5 16
5 17
5 18
5 19
5 20
5 21
5 22
5 23
5 24
6 11
6 12
6 13
6 14
6 15
6 16
6 17
6 18
6 19
6 20
6 21
6 22
6 23
6 24
7 11
7 12
7 13
7 14
7 15
7 16
7 17
7 18
7 19
7 20
7 21
7 22
7 23
7 24
8 11
8 12
8 13
8 14
8 15
8 16
8 17
8 18
8 19
8 20
8 21
8 22
8 23
8 24
9 11
9 12
9 13
9 14
9 15
9 16
9 17
0
No
2
669
14 0
14 1
14 2
14 3
15 0
15 1
15 2
15 3
16 0
16 1
16 2
16 3
17 0
17 1
17 2
17 3
18 0
18 1
18 2
693
39 0
39 1
39 2
40 0
40 1
40 2
41 0
41 1
41 2
42 0
42 1
42 2
Yes
25 0
25 1
25 2
25 3
25 4
25 5
25 6
25 7
25 8
25 9
26 0
26 1
26 2
26 3
26 4
26 5
26 6
26 7
26 8
26 9
27 0
27 1
27 2
27 3
27 4
27 5
27 6
27 7
27 8
27 9
28 0
28 1
28 2
28 3
28 4
28 5
28 6
28 7
28 8
28 9
29 0
29 1
29 2
29 3
29 4
29 5
29 6
29 7
29 8
29 9
30 0
30 1
30 2
30 3
30 4
30 5
30 6
30 7
30 8
30 9
31 0
31 1
31 2
31 3
31 4
31 5
31 6
31 7
31 8
31 9
32 0
32 1
32 2
32 3
32 4
32 5
32 6
32 7
32 8
32 9
33 0
33 1
33 2
33 3
33 4
33 5
33 6
33 7
33 8
33 9
34 0
34 1
34 2
34 3
34 4
34 5
34 6
34 7
34 8
34 9
35 0
35 1
35 2
35 3
35 4
35 5
35 6
35 7
35 8
35 9
36 0
36 1
36 2
36 3
36 4
36 5
36 6
36 7
36 8
36 9
37 0
37 1
37 2
37 3
37 4
37 5
37 6
37 7
37 8
37 9
38 0
38 1
38 2
38 3
38 4
0
No
0
No
0
Yes
38 5
38 6
39 6
39 5
40 6
40 5
40 7
39 7
38 7
38 8
39 8
40 8
41 7
41 6
41 5
41 8
39 9
40 9
41 9
38 9
41 4
40 4
39 4
42 5
42 6
42 7
42 8
42 9
40 10
41 10
42 10
39 10
39 3
40 3
41 3
43 6
43 7
43 8
43 9
43 10
0
Yes
34 40
34 41
33 40
33 41
34 39
33 39
35 39
32 40
32 41
32 39
0
No
0
Yes
27 24
27 25
27 26
27 27
27 28
27 29
27 30
27 31
28 24
28 25
28 26
28 27
28 28
28 29
28 30
28 31
29 24
29 25
29 26
29 27
29 28
29 29
29 30
29 31
30 24
30 25
30 26
30 27
30 28
30 29
30 30
30 31
31 24
31 25
31 26
31 27
31 28
31 29
31 30
31 31
32 24
32 25
32 26
32 27
32 28
32 29
32 30
32 31
0
No
0
No
0
No
0
No
0
Yes
39 22
39 23
40 22
40 23
38 22
38 23
39 21
39 24
40 21
40 24
41 22
41 23
38 21
38 24
41 21
41 24
37 22
37 23
39 20
39 25
40 20
40 25
42 22
42 23
37 21
37 24
38 20
38 25
41 20
41 25
42 21
42 24
36 22
36 23
37 20
37 25
39 19
40 19
42 20
42 25
36 21
36 24
38 19
41 19
36 20
36 25
37 19
42 19
36 19
0
No
0
Yes
26 48
26 49
25 48
25 49
26 47
25 47
0
No
0
Yes
1 35
2 35
1 34
2 34
0 35
0 34
1 33
2 33
0 33
0
No
0
Yes
23 3
22 3
23 2
23 4
24 3
22 2
22 4
24 2
24 4
21 3
23 1
23 5
21 2
21 4
22 1
22 5
24 1
24 5
21 1
21 5
23 0
22 0
24 0
21 0
0
Yes
7 37
7 38
8 37
8 38
6 37
6 38
7 36
7 39
8 36
8 39
9 37
9 38
6 36
6 39
9 36
9 39
5 37
5 38
7 35
7 40
8 35
8 40
5 36
5 39
6 35
6 40
9 35
9 40
5 35
5 40
7 34
8 34
6 34
0
No
0
Yes
0 1
0 2
0 3
0 4
0 5
0 6
0 7
0 8
0 9
0 10
1 1
1 2
1 3
1 4
1 5
1 6
1 7
1 8
1 9
1 10
2 1
2 2
2 3
2 4
2 5
2 6
2 7
2 8
2 9
2 10
3 1
3 2
3 3
3 4
3 5
3 6
3 7
3 8
3 9
3 10
4 1
4 2
4 3
4 4
4 5
4 6
4 7
4 8
4 9
4 10
5 1
5 2
5 3
5 4
5 5
5 6
5 7
5 8
5 9
5 10
6 1
6 2
6 3
6 4
6 5
6 6
6 7
6 8
6 9
6 10
7 1
7 2
7 3
7 4
7 5
7 6
7 7
7 8
7 9
7 10
8 1
8 2
8 3
8 4
8 5
8 6
8 7
8 8
8 9
8 10
9 1
9 2
9 3
9 4
9 5
9 6
9 7
9 8
9 9
9 10
0
No
0
Yes
32 13
32 14
31 13
31 14
33 13
33 14
32 12
32 15
31 12
31 15
33 12
33 15
30 13
30 14
34 13
34 14
30 12
30 15
32 11
32 16
34 12
34 15
31 11
31 16
33 11
33 16
29 13
29 14
35 13
35 14
30 11
30 16
34 11
34 16
29 12
29 15
35 12
35 15
32 10
31 10
33 10
29 11
29 16
35 11
35 16
28 13
28 14
30 10
34 10
36 13
36 14
28 12
28 15
36 12
36 15
29 10
35 10
28 11
36 11
36 16
27 13
27 14
27 12
27 15
28 10
36 10
0
Yes
26 34
26 35
25 34
25 35
27 34
27 35
26 33
26 36
25 33
25 36
27 33
27 36
24 34
24 35
28 34
28 35
24 33
24 36
26 32
26 37
28 33
28 36
25 32
25 37
27 32
27 37
23 34
23 35
29 34
29 35
24 32
24 37
28 32
28 37
23 33
23 36
29 33
29 36
26 31
26 38
25 31
25 38
27 31
27 38
23 32
23 37
29 32
29 37
22 34
22 35
24 31
24 38
28 31
28 38
30 34
30 35
22 33
22 36
30 33
30 36
26 30
26 39
23 31
23 38
25 30
25 39
27 30
27 39
29 31
29 38
22 32
22 37
30 32
30 37
24 30
24 39
28 30
28 39
21 34
21 35
31 34
31 35
21 33
21 36
31 33
31 36
22 31
22 38
30 31
30 38
23 30
23 39
29 30
29 39
26 29
21 32
21 37
25 29
27 29
31 32
31 37
24 29
28 29
20 34
20 35
22 30
22 39
30 30
30 39
21 31
21 38
31 31
31 38
20 33
20 36
23 29
29 29
20 32
20 37
21 30
21 39
31 30
31 39
22 29
30 29
20 31
20 38
21 29
31 29
20 30
20 39
0
No
0
Yes
49 20
48 20
48 19
49 19
48 18
49 18
47 18
47 19
47 20
46 20
46 19
46 18
47 17
48 17
49 17
46 17
45 19
45 18
45 20
45 17
49 16
48 16
47 16
46 16
45 16
44 20
44 19
44 18
44 17
44 16
48 15
47 15
46 15
45 15
49 15
44 15
43 19
43 18
43 17
43 16
43 15
43 20
49 14
48 14
47 14
46 14
45 14
44 14
43 14
42 18
42 17
42 16
42 15
42 14
48 13
47 13
46 13
45 13
44 13
43 13
42 13
41 17
41 16
41 15
41 14
41 18
41 13
47 12
46 12
45 12
44 12
43 12
42 12
41 12
40 18
40 17
40 16
40 15
40 14
40 13
40 12
46 11
45 11
44 11
43 11
42 11
41 11
47 11
40 11
39 17
39 16
39 15
39 14
39 13
39 12
39 18
39 11
47 10
46 10
45 10
44 10
43 10
42 10
41 10
40 10
39 10
38 18
38 17
38 16
38 15
38 14
38 13
38 12
38 11
38 10
46 9
45 9
44 9
43 9
42 9
41 9
40 9
39 9
38 9
37 17
37 16
37 15
37 14
37 13
37 12
37 18
37 11
37 10
45 8
44 8
43 8
42 8
41 8
40 8
39 8
46 8
38 8
43 7
42 7
41 7
40 7
39 7
0
Yes
19 31
18 31
18 32
19 32
18 33
19 33
17 33
17 32
17 31
16 31
16 32
16 33
17 34
18 34
19 34
16 34
15 32
15 33
15 31
15 34
19 35
18 35
17 35
16 35
15 35
14 31
14 32
14 33
14 34
14 35
18 36
17 36
16 36
15 36
19 36
14 36
13 32
13 33
13 34
13 35
13 31
13 36
19 37
18 37
17 37
16 37
15 37
14 37
13 37
12 31
12 32
12 33
12 34
12 35
12 36
12 37
18 38
17 38
16 38
15 38
14 38
13 38
19 38
12 38
11 32
11 33
11 34
11 35
11 36
11 37
11 31
11 38
12 30
13 30
14 30
11 30
19 39
18 39
17 39
16 39
15 39
14 39
13 39
12 39
11 39
10 31
10 32
10 33
10 34
10 35
10 36
0
Yes
26 44
26 45
25 44
25 45
26 43
26 46
25 43
25 46
0
No
0
Yes
38 22
39 22
38 21
38 23
39 21
39 23
37 22
40 22
37 21
37 23
40 21
40 23
38 20
38 24
39 20
39 24
36 22
37 20
37 24
40 20
40 24
41 22
36 21
36 23
41 21
41 23
38 19
39 19
36 20
36 24
41 20
41 24
37 19
40 19
35 22
42 22
35 21
35 23
42 21
42 23
36 19
41 19
35 20
35 24
42 20
42 24
34 22
34 21
34 23
35 19
42 19
34 20
34 24
34 19
0
No
0
No
0
Yes
12 3
11 3
12 2
12 4
13 3
11 2
11 4
13 2
13 4
10 3
12 1
12 5
10 2
10 4
11 1
11 5
13 1
13 5
10 1
10 5
12 0
11 0
13 0
10 0
0
Yes
49 25
48 25
48 24
49 24
48 23
49 23
47 23
47 24
47 25
47 26
48 26
49 26
46 25
46 24
46 26
46 23
47 22
48 22
49 22
46 22
49 27
48 27
47 27
46 27
45 24
45 25
45 26
45 23
45 27
45 22
49 21
48 21
47 21
46 21
45 21
48 28
47 28
46 28
45 28
49 28
44 25
44 24
44 26
44 23
44 27
44 22
44 28
44 21
43 24
43 25
43 26
43 23
43 27
43 28
43 22
43 21
42 25
42 26
0
Yes
26 26
25 26
25 25
26 25
25 27
26 27
27 25
27 26
27 27
26 24
25 24
27 24
26 28
25 28
27 28
28 26
28 25
28 27
28 24
28 28
24 25
24 26
24 27
24 28
23 26
23 27
23 25
23 28
25 23
26 23
27 23
29 25
29 26
29 27
29 24
29 28
30 26
30 25
30 27
30 24
30 28
22 25
22 26
22 27
22 28
21 27
21 28
31 25
31 26
31 27
31 24
31 28
0
No
0
No
0
No
0
No
0
No
0
No
0
No
0
No
0
Yes
19 36
18 36
18 35
19 35
18 34
19 34
17 34
17 35
17 36
17 37
18 37
19 37
16 36
16 35
16 37
16 34
17 33
18 33
19 33
16 33
19 38
18 38
17 38
16 38
15 35
15 36
15 37
15 34
15 38
15 33
19 32
18 32
17 32
16 32
15 32
18 39
17 39
16 39
15 39
19 39
14 36
14 35
14 37
14 34
14 38
14 33
14 39
14 32
18 31
17 31
16 31
15 31
14 31
19 31
13 35
13 36
13 37
13 34
13 33
13 38
13 32
13 39
13 31
12 36
12 35
12 37
12 34
12 33
12 38
0
Yes
41 1
41 2
42 1
42 2
40 1
40 2
41 0
42 0
40 0
0
Yes
40 14
41 14
40 13
40 15
41 13
41 15
39 14
42 14
39 13
39 15
42 13
42 15
40 12
40 16
41 12
41 16
38 14
39 12
39 16
42 12
42 16
43 14
38 13
38 15
43 13
43 15
40 11
40 17
41 11
41 17
38 12
38 16
43 12
43 16
39 11
39 17
42 11
42 17
37 14
37 13
37 15
38 11
38 17
43 11
43 17
37 12
37 16
40 10
40 18
41 10
41 18
39 10
39 18
42 10
42 18
37 11
37 17
38 10
38 18
43 10
43 18
40 9
41 9
39 9
42 9
37 10
37 18
38 9
43 9
0
Yes
20 31
20 32
20 33
20 34
20 35
20 36
20 37
20 38
20 39
21 31
21 32
21 33
21 34
21 35
21 36
21 37
21 38
21 39
22 31
22 32
22 33
22 34
22 35
22 36
22 37
22 38
22 39
23 31
23 32
23 33
23 34
23 35
23 36
23 37
23 38
23 39
24 31
24 32
24 33
24 34
24 35
24 36
24 37
24 38
24 39
25 31
25 32
25 33
25 34
25 35
25 36
25 37
25 38
25 39
26 31
26 32
26 33
26 34
26 35
26 36
26 37
26 38
26 39
27 31
27 32
27 33
27 34
27 35
27 36
27 37
27 38
27 39
0
Yes
47 17
47 18
46 17
46 18
48 17
48 18
47 16
47 19
46 16
46 19
48 16
48 19
45 17
45 18
49 17
49 18
45 16
45 19
47 15
47 20
49 16
49 19
46 15
46 20
48 15
48 20
44 17
44 18
45 15
45 20
49 15
49 20
44 16
44 19
47 14
46 14
48 14
44 15
44 20
45 14
49 14
0
Yes
4 37
4 38
3 37
3 38
5 37
5 38
4 36
4 39
3 36
3 39
5 36
5 39
2 37
2 38
6 37
6 38
2 36
2 39
4 35
4 40
6 36
6 39
3 35
3 40
5 35
5 40
1 37
1 38
7 37
7 38
2 35
2 40
6 35
6 40
1 36
1 39
7 36
7 39
4 34
3 34
5 34
1 35
1 40
7 35
7 40
0 37
0 38
2 34
6 34
0 36
0 39
1 34
7 34
0 35
0 40
0
No
0
Yes
27 41
27 42
26 41
26 42
28 41
27 40
26 40
28 40
25 41
25 42
25 40
0
Yes
0 44
0 43
1 43
1 44
2 43
2 44
2 45
1 45
0 45
2 42
1 42
0 42
0 46
1 46
2 46
3 45
3 44
3 43
3 42
3 46
0 41
1 41
2 41
3 41
1 47
2 47
0 47
3 47
4 44
4 43
4 45
4 42
4 46
4 41
4 47
4 48
3 48
2 48
1 48
0 48
5 43
5 44
5 45
5 46
5 42
5 47
5 41
5 48
5 49
4 49
3 49
2 49
1 49
0 49
6 44
6 43
6 45
6 46
0
Yes
46 12
45 12
46 11
46 13
47 12
45 11
45 13
47 11
47 13
44 12
46 10
44 11
44 13
45 10
47 10
44 10
0
Yes
29 41
29 40
30 40
30 41
31 40
31 41
31 39
30 39
29 39
29 38
30 38
31 38
32 39
32 40
32 41
32 38
30 37
31 37
29 37
32 37
33 41
33 40
33 39
33 38
33 37
29 36
30 36
31 36
32 36
33 36
28 37
28 36
28 38
28 39
34 40
34 39
34 41
0
No
0
No
0
No
0
Yes
19 2
19 1
20 1
20 2
21 1
21 2
21 0
20 0
19 0
22 0
22 1
22 2
23 2
23 1
23 0
22 3
21 3
20 3
23 3
24 1
24 2
24 3
24 0
20 4
21 4
22 4
23 4
24 4
21 5
22 5
23 5
0
No
0
No
0
Yes
12 10
11 10
12 9
12 11
13 10
11 9
11 11
13 9
13 11
10 10
12 8
10 9
10 11
11 8
13 8
10 8
0
Yes
17 35
17 36
16 35
16 36
18 35
18 36
17 34
17 37
16 34
16 37
18 34
18 37
15 35
15 36
19 35
19 36
15 34
15 37
17 33
17 38
19 34
19 37
16 33
16 38
18 33
18 38
14 35
14 36
20 35
20 36
15 33
15 38
19 33
19 38
14 34
14 37
20 34
20 37
17 32
17 39
16 32
16 39
18 32
18 39
14 33
14 38
20 33
20 38
13 35
13 36
15 32
15 39
19 32
19 39
21 35
21 36
13 34
13 37
21 34
21 37
17 31
14 32
14 39
16 31
18 31
20 32
20 39
13 33
13 38
21 33
21 38
15 31
19 31
12 35
12 36
22 35
22 36
12 34
12 37
22 34
22 37
13 32
13 39
21 32
21 39
14 31
20 31
12 33
12 38
22 33
22 38
11 35
11 36
13 31
21 31
23 35
23 36
12 32
12 39
22 32
22 39
11 34
11 37
23 34
23 37
11 33
11 38
23 33
23 38
12 31
22 31
11 32
11 39
23 32
23 39
10 35
10 36
10 34
10 37
10 33
10 38
11 31
23 31
10 32
0
Yes
30 20
30 19
31 19
31 20
32 19
32 20
33 19
33 20
33 18
32 18
31 18
31 17
32 17
33 17
1
825
38 5
38 6
38 7
38 8
38 9
38 10
38 11
39 5
39 6
39 7
39 8
39 9
39 10
39 11
40 5
40 6
40 7
40 8
40 9
40 10
40 11
41 5
41 6
41 7
41 8
41 9
41 10
41 11
42 5
42 6
42 7
42 8
42 9
42 10
42 11
43 5
43 6
Yes
24 25
24 26
24 27
24 28
24 29
24 30
24 31
24 32
24 33
24 34
24 35
24 36
25 25
25 26
25 27
25 28
25 29
25 30
25 31
25 32
25 33
25 34
25 35
25 36
26 25
26 26
26 27
26 28
26 29
26 30
26 31
26 32
26 33
26 34
26 35
26 36
27 25
27 26
27 27
27 28
27 29
27 30
27 31
27 32
27 33
27 34
27 35
27 36
28 25
28 26
28 27
28 28
28 29
28 30
28 31
28 32
28 33
28 34
28 35
28 36
29 25
29 26
29 27
29 28
29 29
29 30
29 31
29 32
29 33
29 34
29 35
29 36
30 25
30 26
30 27
30 28
30 29
30 30
30 31
30 32
30 33
30 34
30 35
30 36
31 25
31 26
31 27
31 28
31 29
31 30
31 31
31 32
31 33
31 34
31 35
31 36
32 25
32 26
32 27
32 28
32 29
32 30
32 31
32 32
32 33
32 34
32 35
32 36
33 25
33 26
33 27
33 28
33 29
33 30
33 31
33 32
33 33
33 34
33 35
33 36
34 25
34 26
34 27
34 28
34 29
34 30
34 31
34 32
34 33
34 34
34 35
34 36
35 25
35 26
35 27
35 28
35 29
35 30
35 31
35 32
35 33
35 34
35 35
35 36
36 25
0
No
0
No
0
No
0
No
0
Yes
36 29
36 28
37 28
37 29
38 28
38 29
38 30
37 30
36 30
38 27
37 27
36 27
36 31
37 31
38 31
39 30
39 29
39 28
39 27
39 31
36 26
37 26
38 26
39 26
37 32
38 32
36 32
39 32
40 29
40 28
40 30
40 27
40 31
40 26
37 25
38 25
39 25
40 25
41 28
41 29
41 27
41 30
41 31
41 26
41 25
42 29
42 30
42 31
42 28
42 27
0
Yes
3 0
2 0
2 1
3 1
2 2
3 2
4 2
4 1
4 0
1 2
1 1
1 0
5 0
5 1
5 2
4 3
3 3
2 3
1 3
5 3
0 0
0 1
0 2
0 3
6 1
6 2
6 0
6 3
3 4
2 4
4 4
1 4
5 4
0 4
6 4
7 0
7 1
7 2
7 3
7 4
2 5
3 5
4 5
5 5
1 5
6 5
0 5
7 5
8 1
8 2
8 3
8 4
8 0
8 5
3 6
2 6
4 6
5 6
6 6
1 6
7 6
0 6
8 6
9 0
9 1
9 2
9 3
9 4
9 5
9 6
2 7
3 7
4 7
5 7
6 7
7 7
1 7
8 7
0 7
9 7
10 1
10 2
10 3
10 4
10 5
10 6
10 0
10 7
3 8
2 8
4 8
5 8
6 8
7 8
1 8
8 8
9 8
0 8
11 0
11 1
11 2
11 3
11 4
11 5
11 6
11 7
2 9
3 9
4 9
5 9
6 9
7 9
1 9
8 9
0 9
9 9
12 1
12 2
12 3
12 4
12 5
12 6
12 0
12 7
3 10
2 10
4 10
5 10
6 10
7 10
1 10
8 10
0 10
9 10
0
Yes
5 18
4 18
5 17
5 19
6 18
4 17
4 19
6 17
6 19
3 18
5 16
5 20
7 18
3 17
3 19
4 16
4 20
6 16
6 20
7 17
7 19
3 16
3 20
7 16
7 20
2 18
5 15
5 21
8 18
2 17
2 19
4 15
4 21
6 15
6 21
8 17
8 19
2 16
2 20
3 15
3 21
7 15
7 21
8 16
8 20
1 18
5 14
5 22
1 17
1 19
4 14
4 22
6 14
6 22
9 17
9 19
2 15
2 21
8 15
8 21
1 16
1 20
3 14
3 22
7 14
7 22
9 16
9 20
0 18
1 15
1 21
2 14
2 22
5 13
5 23
8 14
8 22
9 15
9 21
0 17
0 19
4 13
4 23
6 13
6 23
0 16
0 20
3 13
3 23
7 13
7 23
1 14
1 22
9 14
9 22
0 15
0 21
2 13
2 23
8 13
8 23
5 12
5 24
4 12
4 24
6 12
6 24
3 12
3 24
7 12
7 24
0 14
0 22
1 13
1 23
9 13
9 23
2 12
2 24
8 12
8 24
5 11
0 13
0 23
4 11
6 11
1 12
1 24
9 12
9 24
3 11
7 11
2 11
8 11
0 12
0 24
1 11
9 11
0
No
0
Yes
47 8
48 8
47 7
48 7
46 8
46 7
0
Yes
19 35
19 36
18 35
18 36
20 35
20 36
19 34
19 37
18 34
18 37
20 34
20 37
17 35
17 36
21 35
21 36
17 34
17 37
19 33
19 38
21 34
21 37
18 33
18 38
20 33
20 38
16 35
16 36
22 35
22 36
17 33
17 38
21 33
21 38
16 34
16 37
22 34
22 37
19 32
19 39
18 32
18 39
20 32
20 39
16 33
16 38
22 33
22 38
15 35
15 36
17 32
17 39
21 32
21 39
23 35
23 36
15 34
15 37
23 34
23 37
19 31
16 32
16 39
18 31
20 31
22 32
22 39
15 33
15 38
23 33
23 38
17 31
21 31
14 35
14 36
14 34
14 37
15 32
15 39
23 32
23 39
16 31
22 31
14 33
14 38
15 31
23 31
14 32
0
Yes
49 24
48 24
48 23
49 23
48 22
49 22
47 22
47 23
47 24
47 25
48 25
49 25
46 24
46 23
46 25
46 22
47 21
46 21
48 21
49 21
49 26
48 26
47 26
46 26
45 23
45 24
45 25
45 22
45 26
45 21
48 27
47 27
46 27
49 27
45 27
44 24
44 23
44 25
44 22
44 26
44 21
44 27
49 28
48 28
47 28
46 28
45 28
44 28
43 23
43 24
43 25
43 26
43 22
43 27
0
No
0
Yes
34 10
33 10
33 11
34 11
35 11
35 10
34 12
33 12
35 12
36 10
36 11
36 12
32 11
32 10
32 12
31 10
31 11
31 12
33 13
34 13
35 13
32 13
36 13
31 13
37 11
37 12
37 10
37 13
34 14
33 14
35 14
32 14
36 14
31 14
37 14
30 11
30 12
30 13
30 10
30 14
38 12
38 13
38 14
29 10
29 11
29 12
29 13
29 14
33 15
34 15
35 15
32 15
36 15
31 15
37 15
30 15
38 15
29 15
39 13
39 14
39 12
39 15
34 16
33 16
35 16
32 16
36 16
31 16
37 16
30 16
38 16
29 16
39 16
28 11
28 12
28 13
28 14
28 15
28 10
40 12
40 13
40 14
40 15
40 16
27 10
27 11
27 12
27 13
27 14
27 15
33 17
34 17
35 17
32 17
36 17
31 17
37 17
38 17
39 17
40 17
41 13
41 14
41 15
41 16
41 12
41 17
34 18
33 18
35 18
32 18
36 18
37 18
38 18
39 18
40 18
31 18
41 18
26 11
26 10
42 12
42 13
42 14
42 15
42 16
42 17
42 18
26 13
33 19
32 19
31 19
43 13
43 14
43 15
43 16
0
Yes
30 28
31 28
30 27
30 29
31 27
31 29
29 28
32 28
29 27
29 29
32 27
32 29
30 26
30 30
31 26
31 30
28 28
29 26
29 30
32 26
32 30
33 28
28 27
28 29
33 27
33 29
30 25
30 31
31 25
31 31
28 26
28 30
33 26
33 30
29 25
29 31
32 25
32 31
27 28
34 28
27 27
27 29
34 27
34 29
28 25
28 31
33 25
33 31
27 26
27 30
30 24
31 24
34 26
34 30
29 24
32 24
26 28
35 28
26 27
26 29
27 25
27 31
34 25
34 31
35 27
35 29
28 24
33 24
26 26
26 30
35 26
35 30
27 24
26 25
26 31
35 25
35 31
25 28
25 27
25 29
25 26
25 30
26 24
25 25
25 31
25 24
0
Yes
30 36
29 36
29 35
30 35
29 34
30 34
31 34
31 35
31 36
28 34
28 35
28 36
31 37
30 37
29 37
28 37
32 36
32 35
32 37
32 34
31 33
30 33
29 33
28 33
32 33
27 36
27 35
27 34
27 37
27 33
30 38
29 38
31 38
28 38
32 38
27 38
33 35
33 36
33 37
33 34
33 38
33 33
30 32
29 32
31 32
28 32
32 32
27 32
33 32
26 35
26 36
26 34
26 37
26 33
26 38
26 32
29 39
30 39
31 39
28 39
32 39
27 39
33 39
26 39
34 36
34 35
34 34
34 33
34 32
34 37
25 36
25 35
25 37
25 34
25 38
25 33
25 39
25 32
30 40
31 40
29 40
32 40
0
No
0
Yes
22 25
22 26
23 26
23 25
24 26
24 25
24 27
23 27
22 27
22 28
23 28
24 28
23 29
22 29
24 29
24 30
23 30
22 30
21 29
21 28
21 27
21 30
20 27
20 28
20 29
20 30
0
No
0
No
0
No
0
No
0
Yes
1 12
2 12
1 11
1 13
2 11
2 13
0 12
0 11
0 13
0
Yes
15 5
14 5
15 4
14 4
16 4
13 5
13 4
0
Yes
5 28
5 29
4 28
4 29
6 28
6 29
5 27
5 30
4 27
4 30
6 27
6 30
3 28
3 29
7 28
7 29
3 27
3 30
5 26
5 31
7 27
7 30
4 26
4 31
6 26
6 31
2 28
2 29
8 28
8 29
3 26
3 31
7 26
7 31
2 27
2 30
8 27
8 30
5 25
5 32
4 25
4 32
6 25
6 32
2 26
2 31
8 26
8 31
1 28
1 29
3 25
3 32
7 25
7 32
9 28
9 29
1 27
1 30
9 27
9 30
5 24
5 33
2 25
2 32
4 24
4 33
6 24
6 33
8 25
8 32
1 26
1 31
9 26
9 31
3 24
3 33
7 24
7 33
0 28
0 29
0 27
0 30
1 25
1 32
9 25
9 32
2 24
2 33
8 24
8 33
5 23
0 26
0 31
4 23
6 23
3 23
7 23
1 24
1 33
9 24
9 33
0 25
0 32
2 23
8 23
0 24
0 33
0
No
0
Yes
6 47
6 48
7 48
7 47
8 48
8 47
8 49
7 49
6 49
9 49
9 48
0
Yes
28 0
27 0
27 1
28 1
27 2
28 2
29 2
29 1
29 0
26 2
26 1
26 0
30 0
30 1
30 2
29 3
28 3
27 3
26 3
30 3
25 0
25 1
25 2
25 3
31 1
31 2
31 0
31 3
28 4
27 4
29 4
26 4
30 4
25 4
31 4
24 1
24 2
24 3
24 0
24 4
32 0
32 1
32 2
32 3
32 4
27 5
28 5
29 5
26 5
30 5
25 5
31 5
24 5
32 5
23 0
23 1
23 2
23 3
23 4
23 5
33 5
28 6
27 6
29 6
26 6
30 6
31 6
25 6
24 6
32 6
33 6
27 7
28 7
29 7
26 7
30 7
31 7
25 7
32 7
24 7
33 7
34 7
34 6
34 5
34 4
33 4
33 3
33 2
34 3
34 2
33 1
33 0
34 1
34 0
28 8
27 8
29 8
26 8
30 8
31 8
32 8
25 8
33 8
34 8
24 8
35 8
35 7
35 6
35 5
35 4
35 3
35 2
35 1
35 0
27 9
28 9
29 9
30 9
31 9
32 9
33 9
34 9
35 9
26 9
25 9
36 9
36 8
36 7
36 6
36 5
36 4
36 3
36 2
36 1
0
Yes
0 15
0 16
0 17
0 18
0 19
0 20
0 21
0 22
1 15
1 16
1 17
1 18
1 19
1 20
1 21
1 22
2 15
2 16
2 17
2 18
2 19
2 20
2 21
2 22
3 15
3 16
3 17
3 18
3 19
3 20
3 21
3 22
4 15
4 16
4 17
4 18
4 19
4 20
4 21
4 22
5 15
5 16
5 17
5 18
5 19
5 20
5 21
0
Yes
37 33
37 34
38 33
38 34
39 33
39 34
0
Yes
45 23
45 24
45 25
45 26
45 27
45 28
45 29
46 23
46 24
46 25
46 26
46 27
46 28
46 29
47 23
47 24
47 25
47 26
47 27
47 28
47 29
48 23
48 24
48 25
48 26
48 27
48 28
48 29
49 23
49 24
49 25
49 26
49 27
49 28
0
Yes
34 19
34 20
34 21
34 22
34 23
34 24
35 19
35 20
35 21
35 22
35 23
35 24
36 19
36 20
36 21
36 22
36 23
36 24
37 19
37 20
37 21
37 22
37 23
37 24
38 19
38 20
38 21
38 22
38 23
38 24
39 19
39 20
39 21
39 22
39 23
39 24
40 19
40 20
40 21
0
Yes
32 22
32 23
33 22
33 23
31 22
31 23
33 21
0
Yes
40 22
40 23
40 24
41 22
41 23
41 24
0
Yes
14 44
14 45
14 46
14 47
14 48
14 49
15 44
15 45
15 46
15 47
15 48
15 49
16 44
16 45
16 46
16 47
16 48
16 49
17 44
17 45
17 46
17 47
17 48
17 49
18 44
18 45
18 46
18 47
18 48
18 49
19 44
19 45
19 46
19 47
19 48
19 49
20 44
20 45
20 46
20 47
20 48
20 49
21 44
21 45
21 46
21 47
21 48
21 49
22 44
22 45
22 46
22 47
22 48
22 49
23 44
23 45
23 46
23 47
23 48
23 49
24 44
24 45
24 46
24 47
24 48
24 49
0
Yes
13 0
13 1
13 2
13 3
14 0
14 1
14 2
14 3
15 0
15 1
15 2
15 3
16 0
16 1
16 2
16 3
17 0
17 1
17 2
17 3
0
No
0
No
0
Yes
45 14
45 15
45 16
45 17
45 18
45 19
45 20
45 21
45 22
46 14
46 15
46 16
46 17
46 18
46 19
46 20
46 21
46 22
47 14
47 15
47 16
47 17
47 18
47 19
47 20
47 21
47 22
48 14
48 15
48 16
48 17
48 18
48 19
48 20
48 21
48 22
49 14
49 15
49 16
49 17
49 18
49 19
49 20
0
Yes
18 0
18 1
18 2
19 0
19 1
19 2
20 0
20 1
20 2
21 0
21 1
21 2
22 0
22 1
22 2
0
Yes
16 31
16 32
16 33
16 34
16 35
16 36
16 37
16 38
16 39
16 40
16 41
16 42
16 43
17 31
17 32
17 33
17 34
17 35
17 36
17 37
17 38
17 39
17 40
17 41
17 42
17 43
18 31
18 32
18 33
18 34
18 35
18 36
18 37
18 38
18 39
18 40
18 41
18 42
18 43
19 31
19 32
19 33
19 34
19 35
19 36
19 37
19 38
19 39
19 40
19 41
19 42
19 43
20 31
20 32
20 33
20 34
20 35
20 36
20 37
20 38
20 39
20 40
20 41
20 42
20 43
21 31
21 32
21 33
21 34
21 35
21 36
21 37
21 38
21 39
21 40
21 41
21 42
21 43
22 31
22 32
22 33
22 34
22 35
22 36
22 37
22 38
22 39
22 40
22 41
22 42
22 43
23 31
23 32
23 33
23 34
23 35
23 36
23 37
23 38
23 39
23 40
23 41
23 42
23 43
24 31
24 32
24 33
24 34
24 35
24 36
24 37
24 38
0
Yes
15 31
15 32
15 33
15 34
15 35
15 36
16 31
16 32
16 33
16 34
16 35
16 36
17 31
17 32
17 33
17 34
17 35
17 36
18 31
18 32
18 33
18 34
18 35
18 36
19 31
19 32
19 33
19 34
19 35
19 36
20 31
20 32
20 33
0
Yes
12 20
12 21
11 20
11 21
11 19
0
Yes
6 16
6 17
6 18
7 16
7 17
7 18
8 16
8 17
8 18
9 16
9 17
0
No
0
Yes
27 10
27 11
27 12
27 13
27 14
27 15
28 10
28 11
28 12
28 13
28 14
28 15
29 10
29 11
29 12
29 13
29 14
29 15
30 10
30 11
30 12
30 13
30 14
30 15
31 10
31 11
31 12
31 13
31 14
31 15
32 10
32 11
32 12
32 13
32 14
32 15
33 10
33 11
33 12
33 13
33 14
33 15
34 10
34 11
34 12
34 13
34 14
34 15
35 10
35 11
35 12
35 13
35 14
35 15
0
No
0
No
0
Yes
28 0
28 1
28 2
28 3
28 4
28 5
28 6
29 0
29 1
29 2
29 3
29 4
29 5
29 6
30 0
30 1
30 2
30 3
30 4
30 5
30 6
31 0
31 1
31 2
31 3
31 4
31 5
31 6
32 0
32 1
32 2
32 3
32 4
32 5
32 6
33 0
33 1
33 2
33 3
33 4
33 5
33 6
34 0
34 1
34 2
34 3
34 4
34 5
34 6
35 0
35 1
35 2
35 3
35 4
35 5
35 6
36 0
36 1
36 2
36 3
36 4
36 5
36 6
37 0
37 1
37 2
37 3
37 4
37 5
37 6
38 0
38 1
38 2
38 3
38 4
38 5
38 6
39 0
39 1
39 2
39 3
39 4
39 5
39 6
0
Yes
37 15
37 16
37 17
37 18
37 19
37 20
37 21
37 22
37 23
37 24
37 25
37 26
37 27
37 28
38 15
38 16
38 17
38 18
38 19
38 20
38 21
38 22
38 23
38 24
38 25
38 26
38 27
38 28
39 15
39 16
39 17
39 18
39 19
39 20
39 21
39 22
39 23
39 24
39 25
39 26
39 27
39 28
40 15
40 16
40 17
40 18
40 19
40 20
40 21
40 22
40 23
40 24
40 25
40 26
40 27
40 28
41 15
41 16
41 17
41 18
41 19
41 20
41 21
41 22
41 23
41 24
41 25
41 26
41 27
41 28
42 15
42 16
42 17
42 18
42 19
42 20
42 21
42 22
42 23
42 24
42 25
42 26
42 27
42 28
43 15
43 16
43 17
43 18
43 19
43 20
43 21
43 22
43 23
43 24
43 25
43 26
43 27
43 28
44 15
44 16
44 17
44 18
44 19
44 20
44 21
44 22
44 23
44 24
44 25
44 26
44 27
44 28
0
No
0
Yes
8 19
8 20
9 19
9 20
10 19
10 20
0
No
0
No
0
Yes
24 0
24 1
24 2
24 3
24 4
24 5
24 6
24 7
24 8
25 0
25 1
25 2
25 3
25 4
25 5
25 6
25 7
25 8
26 0
26 1
26 2
26 3
26 4
26 5
26 6
26 7
26 8
27 0
27 1
27 2
27 3
27 4
27 5
27 6
27 7
27 8
28 0
28 1
28 2
28 3
28 4
28 5
28 6
28 7
28 8
29 0
29 1
29 2
29 3
29 4
29 5
29 6
29 7
29 8
30 0
30 1
30 2
30 3
30 4
30 5
30 6
30 7
30 8
31 0
31 1
31 2
31 3
31 4
31 5
31 6
31 7
31 8
32 0
32 1
32 2
32 3
32 4
32 5
32 6
32 7
32 8
0
Yes
38 6
37 6
37 5
38 5
37 4
38 4
39 4
39 5
39 6
36 4
36 5
36 6
39 7
38 7
37 7
36 7
40 6
40 5
40 7
40 4
39 3
38 3
37 3
36 3
40 3
35 6
35 5
35 4
35 7
35 3
38 8
37 8
39 8
36 8
40 8
35 8
41 5
41 6
41 7
41 4
41 8
41 3
38 2
37 2
39 2
36 2
40 2
35 2
41 2
34 5
34 6
34 4
34 7
34 3
34 8
34 2
37 9
38 9
39 9
36 9
40 9
35 9
41 9
34 9
42 6
42 7
42 5
42 8
42 9
37 1
38 1
39 1
36 1
40 1
35 1
41 1
34 1
33 6
33 5
33 7
33 4
33 3
33 8
33 2
33 9
33 1
38 10
37 10
39 10
36 10
40 10
35 10
41 10
34 10
42 10
33 10
43 5
43 6
43 7
43 8
43 9
43 10
38 0
37 0
39 0
36 0
35 0
40 0
41 0
34 0
33 0
37 11
38 11
39 11
36 11
40 11
35 11
41 11
34 11
42 11
33 11
43 11
44 8
44 9
44 10
44 11
42 0
42 1
42 2
38 12
37 12
39 12
36 12
40 12
35 12
41 12
42 12
34 12
43 12
33 12
0
Yes
14 37
14 38
14 39
14 40
14 41
14 42
14 43
15 37
15 38
15 39
15 40
15 41
15 42
15 43
16 37
16 38
16 39
16 40
16 41
16 42
16 43
17 37
17 38
17 39
17 40
17 41
17 42
17 43
18 37
18 38
18 39
18 40
18 41
18 42
18 43
19 37
19 38
19 39
19 40
19 41
19 42
19 43
20 37
20 38
20 39
20 40
20 41
20 42
20 43
21 37
21 38
21 39
21 40
21 41
21 42
21 43
22 37
22 38
22 39
22 40
22 41
22 42
22 43
23 37
23 38
23 39
23 40
23 41
23 42
23 43
24 37
24 38
24 39
0
No
0
Yes
6 19
6 20
6 21
6 22
7 19
7 20
7 21
7 22
0
No
0
Yes
36 29
36 30
36 31
36 32
36 33
36 34
37 29
37 30
37 31
37 32
37 33
37 34
38 29
38 30
38 31
38 32
38 33
38 34
39 29
39 30
39 31
39 32
39 33
39 34
40 29
40 30
0
Yes
0 44
0 45
0 46
0 47
0 48
0 49
1 44
1 45
1 46
1 47
1 48
1 49
2 44
2 45
2 46
2 47
2 48
2 49
3 44
3 45
3 46
3 47
3 48
3 49
4 44
4 45
4 46
4 47
4 48
4 49
5 44
5 45
5 46
5 47
5 48
5 49
6 44
6 45
0
Yes
31 22
31 23
32 22
32 23
0
No
0
Yes
13 42
12 42
12 41
13 41
12 43
13 43
13 40
12 40
13 44
12 44
11 41
11 42
11 43
11 40
11 44
10 42
10 41
10 43
10 40
10 44
12 39
11 39
13 39
10 39
12 45
11 45
13 45
10 45
13 38
12 38
11 38
10 38
13 46
12 46
11 46
10 46
9 41
9 42
9 43
9 40
9 44
9 39
9 45
9 38
9 46
8 42
8 41
8 43
8 40
8 44
8 39
8 45
8 38
8 46
12 37
11 37
10 37
9 37
13 37
8 37
12 47
11 47
10 47
9 47
13 47
8 47
13 36
12 36
11 36
10 36
9 36
8 36
13 48
12 48
11 48
10 48
9 48
8 48
7 41
7 42
7 43
7 44
7 45
7 46
7 47
7 48
14 36
6 42
6 43
6 41
12 35
13 35
11 35
10 35
9 35
14 35
8 35
12 49
11 49
10 49
9 49
8 49
13 49
7 49
13 34
12 34
11 34
10 34
9 34
14 34
8 34
5 41
5 42
5 43
6 46
6 47
6 48
6 49
4 42
3
859
0 25
0 26
0 27
0 28
0 29
0 30
0 31
0 32
0 33
1 25
1 26
1 27
1 28
1 29
1 30
1 31
1 32
1 33
2 25
2 26
2 27
2 28
2 29
2 30
2 31
2 32
2 33
3 25
3 26
3 27
3 28
3 29
3 30
3 31
3 32
3 33
4 25
4 26
4 27
4 28
4 29
4 30
4 31
4 32
4 33
5 25
5 26
5 27
5 28
5 29
5 30
5 31
5 32
5 33
6 25
6 26
6 27
6 28
6 29
6 30
6 31
6 32
6 33
7 25
7 26
7 27
7 28
7 29
7 30
7 31
7 32
7 33
8 25
8 26
8 27
8 28
8 29
8 30
8 31
8 32
8 33
9 25
9 26
9 27
9 28
9 29
9 30
9 31
9 32
9 33
10 25
10 26
10 27
10 28
10 29
10 30
10 31
10 32
10 33
11 25
11 26
11 27
11 28
11 29
11 30
11 31
11 32
857
23 0
23 1
23 2
24 0
24 1
24 2
25 0
25 1
25 2
893
14 3
14 4
14 5
15 3
15 4
15 5
16 3
16 4
Yes
0 11
0 12
0 13
0 14
0 15
0 16
0 17
0 18
0 19
0 20
0 21
0 22
0 23
0 24
1 11
1 12
1 13
1 14
1 15
1 16
1 17
1 18
1 19
1 20
1 21
1 22
1 23
1 24
2 11
2 12
2 13
2 14
2 15
2 16
2 17
2 18
2 19
2 20
2 21
2 22
2 23
2 24
3 11
3 12
3 13
3 14
3 15
3 16
3 17
3 18
3 19
3 20
3 21
3 22
3 23
3 24
4 11
4 12
4 13
4 14
4 15
4 16
4 17
4 18
4 19
4 20
4 21
4 22
4 23
4 24
5 11
5 12
5 13
5 14
5 15
5 16
5 17
5 18
5 19
5 20
5 21
5 22
5 23
5 24
6 11
6 12
6 13
6 14
6 15
6 16
6 17
6 18
6 19
6 20
6 21
6 22
6 23
6 24
7 11
7 12
7 13
7 14
7 15
7 16
7 17
7 18
7 19
7 20
7 21
7 22
7 23
7 24
8 11
8 12
8 13
8 14
8 15
8 16
8 17
8 18
8 19
8 20
8 21
8 22
8 23
8 24
9 11
9 12
9 13
9 14
0
Yes
29 45
30 45
29 44
29 46
30 44
30 46
28 45
31 45
28 44
28 46
31 44
31 46
29 43
29 47
30 43
30 47
27 45
28 43
28 47
31 43
31 47
32 45
27 44
27 46
32 44
32 46
29 42
29 48
30 42
30 48
27 43
27 47
32 43
32 47
28 42
28 48
31 42
31 48
26 45
33 45
26 44
26 46
33 44
33 46
27 42
27 48
32 42
32 48
26 43
26 47
29 41
29 49
30 41
30 49
33 43
33 47
28 41
28 49
31 41
31 49
25 45
25 44
25 46
26 42
26 48
33 42
33 48
27 41
27 49
32 41
32 49
25 43
25 47
28 40
26 41
26 49
33 41
33 49
25 42
25 48
27 40
25 41
25 49
26 40
33 40
25 40
0
Yes
30 8
29 8
30 7
30 9
31 8
29 7
29 9
31 7
31 9
28 8
30 6
30 10
32 8
28 7
28 9
29 6
29 10
31 6
31 10
32 7
32 9
28 6
28 10
32 6
32 10
27 8
30 5
30 11
27 7
27 9
29 5
29 11
31 5
31 11
27 6
27 10
28 5
28 11
32 5
32 11
30 4
30 12
29 4
29 12
31 4
31 12
27 5
27 11
28 4
28 12
32 4
32 12
27 4
27 12
30 3
30 13
29 3
29 13
31 3
31 13
28 3
28 13
32 3
32 13
27 3
27 13
30 2
30 14
29 2
29 14
31 2
31 14
28 2
28 14
32 2
32 14
27 2
27 14
30 1
30 15
29 1
29 15
31 1
31 15
28 1
28 15
32 1
32 15
27 1
27 15
30 0
29 0
31 0
28 0
32 0
0
Yes
36 16
35 16
35 15
36 15
35 17
36 17
36 14
35 14
36 18
35 18
34 15
34 16
34 17
34 14
34 18
37 14
33 16
33 15
33 17
33 14
33 18
35 13
36 13
34 13
37 13
33 13
35 19
34 19
36 19
33 19
38 13
38 14
39 14
39 13
36 20
35 20
34 20
33 20
32 17
32 16
32 18
32 19
32 20
31 16
31 17
31 18
31 19
31 20
40 13
40 14
35 21
34 21
33 21
36 21
41 14
41 13
36 22
35 22
34 22
33 22
30 19
30 20
42 13
42 14
35 23
34 23
36 23
33 23
43 14
43 13
36 24
35 24
34 24
0
No
0
No
0
No
0
Yes
15 0
15 1
16 0
16 1
17 0
17 1
0
No
0
No
0
No
0
No
0
No
0
Yes
22 25
22 26
22 27
22 28
22 29
22 30
22 31
23 25
23 26
23 27
23 28
23 29
23 30
23 31
24 25
24 26
24 27
24 28
24 29
24 30
24 31
0
Yes
35 45
35 46
34 45
34 46
34 44
0
No
0
Yes
8 34
8 35
8 36
8 37
8 38
8 39
8 40
8 41
8 42
8 43
8 44
9 34
9 35
9 36
9 37
9 38
9 39
9 40
9 41
9 42
9 43
9 44
10 34
10 35
10 36
10 37
10 38
10 39
10 40
10 41
10 42
10 43
10 44
11 34
11 35
11 36
11 37
11 38
11 39
11 40
11 41
11 42
11 43
11 44
12 34
12 35
12 36
12 37
12 38
12 39
12 40
12 41
12 42
12 43
12 44
13 34
13 35
13 36
13 37
13 38
13 39
13 40
13 41
13 42
13 43
13 44
14 34
14 35
14 36
0
No
0
No
0
Yes
30 8
29 8
30 7
30 9
31 8
29 7
29 9
31 7
31 9
28 8
30 6
30 10
32 8
28 7
28 9
29 6
29 10
31 6
31 10
32 7
32 9
28 6
28 10
32 6
32 10
27 8
30 5
30 11
27 7
27 9
29 5
29 11
31 5
31 11
27 6
27 10
28 5
28 11
32 5
32 11
30 4
30 12
29 4
29 12
31 4
31 12
27 5
27 11
28 4
28 12
32 4
32 12
27 4
27 12
30 3
30 13
29 3
29 13
31 3
31 13
28 3
28 13
32 3
32 13
27 3
27 13
30 2
30 14
29 2
29 14
31 2
31 14
28 2
28 14
32 2
32 14
27 2
27 14
30 1
30 15
29 1
29 15
31 1
31 15
28 1
28 15
32 1
32 15
27 1
27 15
30 0
29 0
31 0
0
No
0
No
0
Yes
0 0
0 1
0 2
0 3
0 4
1 0
1 1
1 2
1 3
1 4
2 0
2 1
2 2
2 3
2 4
3 0
3 1
3 2
3 3
3 4
4 0
4 1
4 2
4 3
4 4
5 0
5 1
5 2
5 3
5 4
6 0
6 1
6 2
6 3
6 4
7 0
7 1
7 2
7 3
7 4
8 0
8 1
8 2
8 3
8 4
9 0
9 1
9 2
9 3
9 4
0
No
0
Yes
21 3
21 4
21 5
22 3
22 4
22 5
23 3
23 4
23 5
0
Yes
10 8
9 8
9 7
10 7
9 6
10 6
11 6
11 7
11 8
8 6
8 7
8 8
11 9
10 9
9 9
8 9
12 8
12 7
12 9
12 6
11 5
10 5
9 5
8 5
12 5
7 8
7 7
7 6
7 9
7 5
10 10
9 10
11 10
8 10
12 10
7 10
13 9
13 10
13 8
13 7
12 4
11 4
10 4
6 7
6 8
6 9
6 6
6 10
6 5
11 11
10 11
12 11
13 11
10 3
11 3
12 3
5 8
5 7
5 9
5 6
5 10
5 5
13 3
13 4
13 5
11 2
12 2
10 2
13 2
14 5
14 4
14 3
14 2
4 7
4 8
4 9
4 6
4 10
4 5
10 1
11 1
12 1
13 1
14 1
15 4
15 3
15 2
15 5
3 8
3 7
3 9
3 6
3 10
3 5
11 0
12 0
13 0
10 0
14 0
0
No
0
No
0
No
0
Yes
1 34
1 35
1 36
1 37
1 38
1 39
2 34
2 35
2 36
2 37
2 38
2 39
3 34
3 35
3 36
3 37
3 38
3 39
4 34
4 35
4 36
4 37
4 38
4 39
5 34
5 35
5 36
5 37
5 38
5 39
6 34
6 35
6 36
6 37
6 38
6 39
7 34
7 35
7 36
7 37
7 38
7 39
0
No
0
Yes
23 33
22 33
22 32
23 32
22 34
23 34
24 32
24 33
24 34
23 31
22 31
24 31
23 35
22 35
24 35
21 32
21 33
21 34
21 31
21 35
20 34
20 35
22 30
23 30
24 30
21 30
22 36
23 36
21 36
24 36
20 36
23 29
22 29
24 29
21 29
20 30
20 29
22 28
23 28
21 28
24 28
20 28
0
No
0
Yes
31 25
31 26
31 27
31 28
31 29
31 30
31 31
32 25
32 26
32 27
32 28
32 29
32 30
32 31
33 25
33 26
33 27
33 28
33 29
33 30
33 31
34 25
34 26
34 27
34 28
34 29
34 30
34 31
35 25
35 26
35 27
35 28
35 29
35 30
35 31
36 25
36 26
36 27
36 28
0
No
0
No
0
No
0
No
0
No
0
No
0
Yes
31 22
31 23
31 24
32 22
32 23
32 24
0
No
0
No
0
Yes
0 43
0 44
0 45
0 46
0 47
0 48
0 49
1 43
1 44
1 45
1 46
1 47
1 48
1 49
2 43
2 44
2 45
2 46
2 47
2 48
2 49
3 43
3 44
3 45
3 46
3 47
3 48
3 49
4 43
4 44
4 45
4 46
4 47
4 48
4 49
5 43
5 44
5 45
0
No
0
No
0
No
0
Yes
0 26
0 27
0 28
0 29
0 30
0 31
0 32
0 33
1 26
1 27
1 28
1 29
1 30
1 31
1 32
1 33
2 26
2 27
2 28
2 29
2 30
2 31
2 32
2 33
3 26
3 27
3 28
3 29
3 30
3 31
3 32
3 33
4 26
4 27
4 28
4 29
4 30
4 31
4 32
4 33
5 26
5 27
5 28
5 29
5 30
5 31
5 32
5 33
6 26
6 27
6 28
6 29
6 30
6 31
6 32
6 33
7 26
7 27
7 28
7 29
7 30
7 31
7 32
7 33
8 26
8 27
8 28
0
Yes
11 20
11 21
12 20
12 21
10 20
11 19
10 19
0
Yes
0 12
0 13
0 14
0 15
0 16
0 17
0 18
1 12
1 13
1 14
1 15
1 16
1 17
1 18
2 12
2 13
2 14
2 15
2 16
2 17
2 18
3 12
3 13
3 14
3 15
3 16
3 17
3 18
4 12
4 13
4 14
4 15
4 16
4 17
4 18
5 12
5 13
5 14
5 15
5 16
5 17
0
No
0
Yes
0 19
0 20
0 21
0 22
0 23
0 24
0 25
0 26
0 27
0 28
0 29
1 19
1 20
1 21
1 22
1 23
1 24
1 25
1 26
1 27
1 28
1 29
2 19
2 20
2 21
2 22
2 23
2 24
2 25
2 26
2 27
2 28
2 29
3 19
3 20
3 21
3 22
3 23
3 24
3 25
3 26
3 27
3 28
3 29
4 19
4 20
4 21
4 22
4 23
4 24
4 25
4 26
4 27
4 28
4 29
5 19
5 20
5 21
5 22
5 23
5 24
5 25
5 26
5 27
5 28
0
Yes
0 32
0 33
0 34
0 35
0 36
0 37
0 38
0 39
0 40
0 41
0 42
1 32
1 33
1 34
1 35
1 36
1 37
1 38
1 39
1 40
1 41
1 42
2 32
2 33
2 34
2 35
2 36
2 37
2 38
2 39
2 40
2 41
2 42
3 32
3 33
3 34
3 35
3 36
3 37
3 38
3 39
3 40
3 41
3 42
4 32
4 33
4 34
4 35
4 36
4 37
4 38
4 39
4 40
4 41
4 42
5 32
5 33
5 34
5 35
5 36
5 37
5 38
5 39
5 40
5 41
5 42
6 32
6 33
6 34
6 35
6 36
6 37
6 38
6 39
6 40
6 41
6 42
7 32
7 33
7 34
7 35
7 36
7 37
7 38
7 39
7 40
7 41
7 42
0
No
0
Yes
25 44
25 45
25 46
25 47
25 48
25 49
26 44
26 45
26 46
26 47
26 48
26 49
27 44
27 45
27 46
27 47
27 48
27 49
28 44
28 45
28 46
28 47
28 48
28 49
29 44
29 45
0
No
0
Yes
8 37
8 38
8 39
8 40
8 41
8 42
8 43
8 44
8 45
8 46
8 47
8 48
8 49
9 37
9 38
9 39
9 40
9 41
9 42
9 43
9 44
9 45
9 46
9 47
9 48
9 49
10 37
10 38
10 39
10 40
10 41
10 42
10 43
10 44
10 45
10 46
10 47
10 48
10 49
11 37
11 38
11 39
11 40
11 41
11 42
11 43
11 44
11 45
11 46
11 47
11 48
11 49
12 37
12 38
12 39
12 40
12 41
12 42
12 43
12 44
12 45
12 46
12 47
12 48
12 49
13 37
13 38
13 39
13 40
13 41
13 42
13 43
13 44
13 45
13 46
13 47
13 48
13 49
0
Yes
8 30
8 31
8 32
8 33
8 34
8 35
8 36
9 30
9 31
9 32
9 33
9 34
9 35
9 36
10 30
10 31
10 32
10 33
10 34
10 35
10 36
11 30
11 31
11 32
11 33
11 34
11 35
11 36
12 30
12 31
12 32
12 33
12 34
12 35
12 36
13 30
13 31
13 32
13 33
13 34
13 35
13 36
14 30
14 31
14 32
14 33
14 34
0
No
0
Yes
25 34
25 35
25 36
25 37
25 38
25 39
25 40
25 41
25 42
25 43
26 34
26 35
26 36
26 37
26 38
26 39
26 40
26 41
26 42
26 43
27 34
27 35
27 36
27 37
27 38
27 39
27 40
27 41
27 42
27 43
28 34
28 35
28 36
28 37
28 38
28 39
28 40
28 41
28 42
28 43
29 34
29 35
29 36
29 37
29 38
29 39
29 40
29 41
29 42
29 43
30 34
30 35
30 36
30 37
30 38
30 39
30 40
30 41
30 42
30 43
31 34
31 35
31 36
31 37
31 38
31 39
31 40
31 41
31 42
31 43
32 34
32 35
32 36
32 37
32 38
32 39
32 40
32 41
32 42
32 43
33 34
33 35
33 36
33 37
33 38
33 39
33 40
33 41
33 42
33 43
34 34
34 35
34 36
34 37
0
Yes
42 14
42 15
42 16
42 17
42 18
42 19
42 20
42 21
42 22
43 14
43 15
43 16
43 17
43 18
43 19
43 20
43 21
43 22
44 14
44 15
44 16
44 17
44 18
44 19
44 20
44 21
44 22
45 14
45 15
45 16
45 17
45 18
45 19
45 20
45 21
45 22
46 14
46 15
46 16
46 17
46 18
46 19
46 20
46 21
46 22
47 14
47 15
47 16
47 17
47 18
47 19
47 20
47 21
47 22
48 14
48 15
48 16
48 17
48 18
48 19
48 20
48 21
48 22
49 14
49 15
49 16
49 17
49 18
49 19
49 20
49 21
49 22
0
Yes
0 30
0 31
1 30
1 31
2 30
2 31
0
Yes
0 7
0 8
0 9
0 10
0 11
1 7
1 8
1 9
1 10
1 11
2 7
2 8
2 9
2 10
0
Yes
27 0
27 1
27 2
27 3
27 4
27 5
27 6
27 7
28 0
28 1
28 2
28 3
28 4
28 5
28 6
28 7
29 0
29 1
29 2
29 3
29 4
29 5
29 6
29 7
30 0
30 1
30 2
30 3
30 4
30 5
30 6
30 7
31 0
31 1
31 2
31 3
31 4
31 5
31 6
31 7
32 0
32 1
32 2
32 3
32 4
32 5
32 6
0
Yes
29 46
29 47
29 48
29 49
30 46
30 47
30 48
30 49
31 46
31 47
31 48
31 49
32 46
32 47
32 48
32 49
33 46
33 47
33 48
0
Yes
26 24
26 25
26 26
26 27
26 28
26 29
26 30
26 31
26 32
26 33
27 24
27 25
27 26
27 27
27 28
27 29
27 30
27 31
27 32
27 33
28 24
28 25
28 26
28 27
28 28
28 29
28 30
28 31
28 32
28 33
29 24
29 25
29 26
29 27
29 28
29 29
29 30
29 31
29 32
29 33
30 24
30 25
30 26
30 27
30 28
30 29
30 30
30 31
30 32
30 33
31 24
31 25
31 26
31 27
31 28
31 29
31 30
31 31
31 32
31 33
32 24
32 25
32 26
32 27
32 28
32 29
32 30
32 31
32 32
32 33
33 24
33 25
33 26
33 27
33 28
33 29
33 30
33 31
33 32
33 33
34 24
34 25
34 26
34 27
34 28
34 29
34 30
34 31
34 32
34 33
35 24
35 25
35 26
35 27
35 28
35 29
35 30
35 31
35 32
35 33
36 24
36 25
36 26
36 27
36 28
36 29
36 30
36 31
36 32
36 33
37 24
37 25
37 26
37 27
37 28
37 29
37 30
37 31
37 32
37 33
38 24
38 25
38 26
38 27
38 28
38 29
38 30
38 31
38 32
38 33
39 24
39 25
39 26
39 27
39 28
39 29
39 30
39 31
39 32
39 33
40 24
40 25
40 26
40 27
40 28
40 29
40 30
40 31
0
Yes
41 19
40 19
40 18
41 18
40 17
41 17
39 17
39 18
39 19
39 20
40 20
41 20
38 19
38 18
38 20
38 17
39 16
40 16
41 16
38 16
41 21
40 21
39 21
38 21
37 18
37 19
37 20
37 17
37 21
37 16
41 15
40 15
39 15
38 15
37 15
40 22
39 22
38 22
41 22
37 22
36 19
36 18
36 20
36 17
36 21
36 16
36 22
36 15
40 14
39 14
38 14
37 14
41 14
36 14
41 23
40 23
39 23
38 23
37 23
36 23
35 18
35 19
35 20
35 17
35 21
35 16
35 22
35 15
35 23
35 14
41 13
40 13
39 13
38 13
37 13
36 13
35 13
34 19
34 18
34 20
34 17
34 21
34 16
34 15
34 22
34 14
34 23
34 13
33 18
33 19
33 20
33 17
33 21
33 16
33 15
33 22
33 14
33 23
33 13
32 19
32 18
32 17
32 16
0
Yes
41 24
41 25
41 26
41 27
41 28
41 29
42 24
42 25
42 26
42 27
42 28
42 29
43 24
43 25
43 26
43 27
43 28
43 29
44 24
44 25
44 26
44 27
44 28
0
Yes
20 30
20 29
21 29
21 30
22 29
22 30
22 31
21 31
20 31
22 28
21 28
20 28
20 32
21 32
22 32
23 31
23 30
23 29
23 28
23 32
20 27
21 27
22 27
23 27
21 33
22 33
20 33
23 33
24 30
24 29
24 31
24 28
24 32
24 27
24 33
22 26
23 26
24 26
19 33
19 32
19 31
24 34
23 34
22 34
21 34
20 34
19 34
25 29
25 30
25 31
25 28
25 27
25 26
25 32
25 33
18 31
18 32
18 33
18 34
25 25
24 25
23 25
22 25
18 35
19 35
20 35
21 35
22 35
23 35
24 35
17 32
17 33
17 34
17 31
17 35
17 36
18 36
19 36
20 36
21 36
22 36
23 36
0
No
0
Yes
8 37
8 38
8 39
8 40
8 41
8 42
8 43
8 44
9 37
9 38
9 39
9 40
9 41
9 42
9 43
9 44
10 37
10 38
10 39
10 40
10 41
10 42
10 43
10 44
11 37
11 38
11 39
11 40
11 41
11 42
11 43
11 44
12 37
12 38
12 39
12 40
12 41
12 42
12 43
12 44
13 37
13 38
13 39
0
No
0
Yes
0 45
0 46
0 47
0 48
0 49
1 45
1 46
1 47
1 48
1 49
2 45
2 46
2 47
2 48
2 49
3 45
3 46
3 47
3 48
3 49
4 45
4 46
4 47
4 48
4 49
5 45
5 46
5 47
5 48
5 49
6 45
6 46
6 47
6 48
6 49
7 45
7 46
7 47
7 48
7 49
8 45
8 46
8 47
8 48
8 49
9 45
9 46
9 47
9 48
9 49
10 45
10 46
10 47
10 48
10 49
11 45
11 46
11 47
11 48
11 49
0
Yes
26 8
26 9
26 10
26 11
27 8
27 9
27 10
27 11
28 8
28 9
28 10
28 11
29 8
29 9
29 10
29 11
30 8
30 9
30 10
30 11
31 8
31 9
31 10
31 11
32 8
32 9
32 10
32 11
0
Yes
0 43
0 44
0 45
0 46
0 47
0 48
0 49
1 43
1 44
1 45
1 46
1 47
1 48
1 49
2 43
2 44
2 45
2 46
2 47
2 48
2 49
3 43
3 44
3 45
3 46
3 47
3 48
3 49
4 43
4 44
4 45
4 46
4 47
4 48
4 49
5 43
5 44
5 45
5 46
5 47
5 48
5 49
6 43
6 44
6 45
6 46
6 47
6 48
6 49
7 43
7 44
7 45
7 46
7 47
7 48
7 49
8 43
8 44
8 45
8 46
8 47
8 48
8 49
9 43
9 44
9 45
9 46
0
Yes
34 13
34 14
34 15
34 16
34 17
34 18
34 19
34 20
34 21
34 22
35 13
35 14
35 15
35 16
35 17
35 18
35 19
35 20
35 21
35 22
36 13
36 14
36 15
36 16
36 17
36 18
36 19
36 20
36 21
36 22
37 13
37 14
37 15
37 16
37 17
37 18
37 19
37 20
37 21
37 22
38 13
38 14
38 15
38 16
38 17
38 18
38 19
38 20
38 21
38 22
39 13
39 14
39 15
39 16
39 17
39 18
39 19
39 20
39 21
39 22
40 13
40 14
40 15
40 16
40 17
40 18
40 19
40 20
40 21
40 22
41 13
41 14
41 15
41 16
41 17
41 18
41 19
41 20
41 21
41 22
42 13
42 14
42 15
42 16
42 17
42 18
42 19
42 20
42 21
42 22
43 13
43 14
43 15
43 16
43 17
43 18
43 19
43 20
43 21
43 22
44 13
44 14
44 15
44 16
44 17
44 18
44 19
44 20
44 21
44 22
45 13
45 14
45 15
45 16
45 17
45 18
45 19
45 20
45 21
45 22
46 13
46 14
46 15
46 16
46 17
46 18
46 19
46 20
46 21
46 22
47 13
47 14
47 15
47 16
47 17
47 18
47 19
47 20
47 21
47 22
48 13
48 14
48 15
48 16
48 17
48 18
48 19
48 20
48 21
0
Yes
30 44
30 45
31 44
31 45
32 44
32 45
33 44
33 45
0
Yes
17 37
17 38
17 39
17 40
17 41
17 42
17 43
18 37
18 38
18 39
18 40
18 41
18 42
18 43
19 37
19 38
19 39
19 40
19 41
19 42
19 43
20 37
20 38
20 39
20 40
20 41
20 42
20 43
21 37
21 38
21 39
21 40
21 41
21 42
21 43
22 37
22 38
22 39
22 40
22 41
22 42
22 43
23 37
23 38
23 39
23 40
23 41
23 42
23 43
24 37
24 38
24 39
24 40
24 41
24 42
0
Yes
32 22
32 23
33 22
33 23
31 22
31 23
33 21
0
Yes
8 35
8 34
9 34
9 35
10 34
10 35
10 36
9 36
8 36
10 33
9 33
8 33
8 37
9 37
10 37
11 36
11 35
11 34
11 33
11 37
8 32
9 32
10 32
11 32
9 38
10 38
8 38
11 38
12 35
12 34
12 36
12 33
12 37
12 32
12 38
9 31
10 31
11 31
8 31
12 31
8 39
9 39
10 39
11 39
12 39
13 34
13 35
13 36
13 33
13 37
13 32
13 38
13 31
13 39
8 30
9 30
10 30
11 30
12 30
13 30
13 40
14 35
14 34
14 36
14 33
14 37
14 32
14 38
14 31
14 39
14 30
14 40
15 34
15 35
15 36
15 33
15 37
15 38
15 32
15 31
15 39
15 40
15 41
14 41
13 41
12 41
12 40
11 40
10 40
11 41
10 41
9 40
8 40
9 41
8 41
16 35
16 34
16 36
16 33
16 37
16 38
16 39
16 40
16 41
16 32
16 31
16 42
15 42
14 42
13 42
12 42
11 42
10 42
9 42
8 42
7 31
7 30
7 29
8 29
9 29
10 29
11 29
12 29
13 29
14 29
0
Yes
24 0
24 1
24 2
24 3
24 4
24 5
24 6
24 7
25 0
25 1
25 2
25 3
25 4
25 5
25 6
25 7
26 0
26 1
26 2
26 3
26 4
26 5
26 6
26 7
27 0
27 1
27 2
27 3
27 4
27 5
27 6
27 7
28 0
28 1
28 2
28 3
28 4
28 5
28 6
28 7
29 0
29 1
29 2
29 3
29 4
29 5
29 6
29 7
30 0
30 1
30 2
30 3
30 4
30 5
30 6
30 7
31 0
31 1
31 2
31 3
31 4
31 5
31 6
31 7
32 0
32 1
32 2
32 3
0
Yes
34 12
34 13
34 14
34 15
34 16
34 17
34 18
34 19
34 20
34 21
34 22
34 23
35 12
35 13
35 14
35 15
35 16
35 17
35 18
35 19
35 20
35 21
35 22
35 23
36 12
36 13
36 14
36 15
36 16
36 17
36 18
36 19
36 20
36 21
36 22
36 23
37 12
37 13
37 14
37 15
37 16
37 17
37 18
37 19
37 20
37 21
37 22
37 23
38 12
38 13
38 14
38 15
38 16
38 17
38 18
38 19
38 20
38 21
38 22
38 23
39 12
39 13
39 14
39 15
39 16
39 17
39 18
39 19
39 20
39 21
39 22
39 23
40 12
40 13
40 14
40 15
40 16
40 17
40 18
40 19
40 20
40 21
40 22
40 23
41 12
41 13
41 14
41 15
41 16
41 17
41 18
41 19
41 20
41 21
41 22
41 23
42 12
42 13
42 14
42 15
42 16
42 17
42 18
42 19
42 20
42 21
42 22
42 23
43 12
43 13
43 14
43 15
43 16
43 17
43 18
43 19
43 20
43 21
43 22
43 23
44 12
44 13
44 14
44 15
44 16
44 17
44 18
44 19
44 20
44 21
44 22
44 23
0
Yes
0 5
0 6
1 5
1 6
2 5
2 6
3 5
3 6
4 5
4 6
0
Yes
0 36
0 37
0 38
0 39
0 40
0 41
0 42
1 36
1 37
1 38
1 39
1 40
1 41
1 42
2 36
2 37
2 38
2 39
2 40
2 41
2 42
3 36
3 37
3 38
3 39
3 40
3 41
3 42
4 36
4 37
4 38
4 39
4 40
4 41
4 42
5 36
5 37
5 38
5 39
5 40
5 41
5 42
0
Yes
6 36
6 37
6 38
6 39
6 40
6 41
6 42
7 36
7 37
7 38
7 39
7 40
7 41
7 42
8 36
8 37
8 38
8 39
8 40
8 41
8 42
9 36
9 37
9 38
9 39
9 40
9 41
9 42
10 36
10 37
10 38
10 39
10 40
10 41
10 42
0
Yes
33 0
33 1
33 2
33 3
33 4
33 5
33 6
34 0
34 1
34 2
34 3
34 4
34 5
34 6
35 0
35 1
35 2
35 3
35 4
35 5
35 6
36 0
36 1
36 2
36 3
36 4
36 5
36 6
37 0
37 1
37 2
37 3
37 4
37 5
37 6
38 0
38 1
38 2
38 3
38 4
38 5
38 6
39 0
39 1
39 2
39 3
39 4
39 5
39 6
40 0
40 1
40 2
40 3
40 4
40 5
40 6
41 0
41 1
41 2
41 3
41 4
41 5
41 6
0
Yes
42 14
42 15
42 16
42 17
42 18
42 19
42 20
42 21
42 22
42 23
42 24
43 14
43 15
43 16
43 17
43 18
43 19
43 20
43 21
43 22
43 23
43 24
44 14
44 15
44 16
44 17
44 18
44 19
44 20
44 21
44 22
44 23
44 24
45 14
45 15
45 16
45 17
45 18
45 19
45 20
45 21
45 22
45 23
45 24
46 14
46 15
46 16
46 17
46 18
46 19
46 20
46 21
46 22
46 23
46 24
47 14
47 15
47 16
47 17
47 18
47 19
47 20
47 21
47 22
47 23
47 24
48 14
48 15
48 16
48 17
48 18
48 19
48 20
48 21
48 22
48 23
48 24
49 14
49 15
49 16
49 17
49 18
49 19
49 20
49 21
49 22
0
Yes
35 15
35 16
35 17
35 18
35 19
35 20
35 21
35 22
35 23
36 15
36 16
36 17
36 18
36 19
36 20
36 21
36 22
36 23
37 15
37 16
37 17
37 18
37 19
37 20
37 21
37 22
37 23
38 15
38 16
38 17
38 18
38 19
38 20
38 21
38 22
38 23
39 15
39 16
39 17
39 18
39 19
39 20
39 21
39 22
39 23
40 15
40 16
40 17
40 18
40 19
40 20
40 21
40 22
40 23
41 15
41 16
41 17
41 18
41 19
41 20
41 21
41 22
41 23
0
Yes
29 46
29 47
29 48
29 49
30 46
30 47
30 48
30 49
31 46
31 47
31 48
31 49
0
Yes
10 0
10 1
10 2
10 3
10 4
10 5
11 0
11 1
11 2
11 3
11 4
11 5
12 0
12 1
12 2
12 3
12 4
12 5
13 0
13 1
13 2
13 3
13 4
13 5
14 0
14 1
14 2
14 3
14 4
14 5
15 0
15 1
15 2
15 3
15 4
15 5
0
Yes
35 34
35 35
35 36
36 34
36 35
0
Yes
0 32
0 33
0 34
0 35
0 36
0 37
0 38
0 39
0 40
0 41
0 42
1 32
1 33
1 34
1 35
1 36
1 37
1 38
1 39
1 40
1 41
1 42
2 32
2 33
2 34
2 35
2 36
2 37
2 38
2 39
2 40
2 41
2 42
3 32
3 33
3 34
3 35
3 36
3 37
3 38
3 39
3 40
3 41
3 42
4 32
4 33
4 34
4 35
4 36
4 37
4 38
4 39
4 40
4 41
4 42
5 32
5 33
5 34
5 35
5 36
5 37
5 38
5 39
5 40
5 41
5 42
6 32
6 33
6 34
6 35
6 36
6 37
6 38
6 39
6 40
6 41
6 42
7 32
7 33
7 34
7 35
7 36
7 37
7 38
7 39
7 40
7 41
7 42
8 32
8 33
8 34
8 35
8 36
8 37
8 38
8 39
8 40
8 41
8 42
9 32
9 33
9 34
9 35
9 36
9 37
0
Yes
0 7
0 8
0 9
0 10
0 11
1 7
1 8
1 9
1 10
1 11
2 7
2 8
2 9
2 10
2 11
3 7
3 8
3 9
3 10
3 11
4 7
4 8
0
Yes
9 38
9 39
9 40
9 41
9 42
10 38
10 39
10 40
10 41
10 42
11 38
11 39
11 40
11 41
11 42
12 38
12 39
12 40
12 41
12 42
13 38
13 39
13 40
13 41
13 42
14 38
14 39
14 40
14 41
14 42
15 38
15 39
15 40
15 41
15 42
16 38
16 39
16 40
16 41
16 42
0
Yes
9 47
9 48
9 49
10 47
10 48
10 49
11 47
11 48
11 49
12 47
12 48
12 49
0
Yes
0 30
0 31
0 32
0 33
0 34
0 35
0 36
0 37
0 38
0 39
0 40
0 41
0 42
1 30
1 31
1 32
1 33
1 34
1 35
1 36
1 37
1 38
1 39
1 40
1 41
1 42
2 30
2 31
2 32
2 33
2 34
2 35
2 36
2 37
2 38
2 39
2 40
2 41
2 42
3 30
3 31
3 32
3 33
3 34
3 35
3 36
3 37
3 38
3 39
3 40
3 41
3 42
4 30
4 31
4 32
4 33
4 34
4 35
4 36
4 37
4 38
4 39
4 40
4 41
4 42
5 30
5 31
5 32
5 33
5 34
5 35
5 36
5 37
5 38
5 39
5 40
5 41
5 42
6 30
6 31
6 32
6 33
6 34
6 35
6 36
6 37
6 38
6 39
6 40
6 41
6 42
7 30
7 31
7 32
7 33
7 34
7 35
7 36
7 37
7 38
7 39
7 40
0
Yes
0 0
0 1
0 2
0 3
0 4
0 5
0 6
1 0
1 1
1 2
1 3
1 4
1 5
1 6
2 0
2 1
2 2
2 3
2 4
2 5
2 6
0
Yes
3 0
3 1
3 2
3 3
3 4
3 5
4 0
4 1
4 2
4 3
4 4
4 5
5 0
5 1
5 2
5 3
5 4
5 5
6 0
6 1
6 2
6 3
6 4
6 5
7 0
7 1
7 2
7 3
7 4
7 5
8 0
8 1
8 2
8 3
8 4
8 5
9 0
9 1
9 2
9 3
0
Yes
0 38
0 39
0 40
0 41
0 42
0 43
0 44
0 45
0 46
0 47
0 48
0 49
1 38
1 39
1 40
1 41
1 42
1 43
1 44
1 45
1 46
1 47
1 48
1 49
2 38
2 39
2 40
2 41
2 42
2 43
2 44
2 45
2 46
2 47
2 48
2 49
3 38
3 39
3 40
3 41
3 42
3 43
3 44
3 45
3 46
3 47
3 48
3 49
4 38
4 39
4 40
4 41
4 42
4 43
4 44
4 45
4 46
4 47
4 48
4 49
5 38
5 39
5 40
5 41
5 42
5 43
5 44
5 45
5 46
5 47
5 48
5 49
6 38
6 39
6 40
6 41
6 42
6 43
6 44
6 45
6 46
6 47
6 48
6 49
0
Yes
3 0
3 1
3 2
3 3
3 4
4 0
4 1
4 2
4 3
4 4
5 0
5 1
5 2
5 3
5 4
6 0
6 1
