0
Yes
14 48
14 49
15 48
15 49
13 48
13 49
14 47
15 47
16 48
16 49
13 47
16 47
12 49
0
Yes
3 43
4 43
3 42
3 44
4 42
4 44
2 43
5 43
2 42
2 44
5 42
5 44
3 41
3 45
4 41
4 45
1 43
2 41
2 45
5 41
5 45
6 43
1 42
1 44
6 42
6 44
3 40
3 46
4 40
4 46
1 41
1 45
6 41
6 45
2 40
2 46
5 40
5 46
0 43
0 42
0 44
1 40
1 46
6 40
6 46
0 41
0 45
3 39
3 47
4 39
4 47
2 39
2 47
5 39
5 47
0 40
0 46
1 39
1 47
6 39
6 47
3 38
3 48
4 38
4 48
2 38
2 48
5 38
5 48
0 39
0 47
1 38
1 48
6 38
6 48
3 37
3 49
4 37
4 49
0 38
0 48
2 37
2 49
5 37
5 49
1 37
1 49
6 37
6 49
0 37
0 49
3 36
4 36
2 36
5 36
1 36
6 36
0
Yes
46 44
46 45
45 44
45 45
47 44
47 45
46 43
46 46
45 43
45 46
47 43
47 46
44 44
44 45
48 44
48 45
44 43
44 46
46 42
46 47
48 43
48 46
45 42
45 47
47 42
47 47
43 44
43 45
49 44
49 45
44 42
44 47
48 42
48 47
43 43
43 46
49 43
49 46
46 41
46 48
45 41
45 48
47 41
47 48
43 42
43 47
49 42
49 47
42 44
42 45
44 41
44 48
48 41
48 48
42 43
42 46
46 40
46 49
43 41
43 48
45 40
45 49
47 40
47 49
49 41
49 48
42 47
44 40
44 49
48 40
48 49
42 41
42 48
43 40
43 49
49 40
49 49
46 39
45 39
47 39
44 39
48 39
42 40
42 49
43 39
49 39
0
Yes
37 47
36 47
37 46
37 48
38 47
36 46
36 48
38 46
38 48
35 47
37 45
37 49
39 47
35 46
35 48
36 45
36 49
38 45
38 49
39 46
39 48
35 45
35 49
39 45
39 49
34 47
37 44
40 47
34 46
34 48
36 44
38 44
40 46
40 48
34 45
34 49
35 44
39 44
40 45
40 49
33 47
41 47
33 46
33 48
41 46
41 48
34 44
40 44
33 45
33 49
41 45
41 49
32 47
33 44
41 44
32 46
32 48
32 45
32 49
32 44
0
Yes
0 21
0 22
0 23
0 24
0 25
0 26
0 27
1 21
1 22
1 23
1 24
1 25
1 26
1 27
2 21
2 22
2 23
2 24
2 25
2 26
2 27
3 21
3 22
3 23
3 24
3 25
3 26
3 27
4 21
4 22
4 23
4 24
4 25
0
Yes
46 32
46 33
45 32
45 33
47 32
47 33
46 31
46 34
45 31
45 34
47 31
47 34
44 32
44 33
48 32
48 33
44 31
44 34
46 30
46 35
48 31
48 34
45 30
45 35
47 30
47 35
43 32
43 33
49 32
49 33
44 30
44 35
48 30
48 35
43 31
43 34
49 31
49 34
46 29
46 36
45 29
45 36
47 29
47 36
43 30
43 35
49 30
49 35
42 32
42 33
44 29
44 36
48 29
48 36
42 31
42 34
46 28
46 37
43 29
43 36
45 28
45 37
47 28
47 37
49 29
49 36
42 30
42 35
44 28
44 37
48 28
48 37
42 29
42 36
43 28
43 37
49 28
49 37
46 27
46 38
45 27
45 38
47 27
47 38
44 27
44 38
48 27
48 38
42 28
42 37
43 27
43 38
49 27
49 38
46 26
45 26
47 26
42 27
42 38
44 26
48 26
43 26
49 26
42 26
0
Yes
0 2
0 3
0 4
0 5
0 6
0 7
0 8
0 9
0 10
1 2
1 3
1 4
1 5
1 6
1 7
1 8
1 9
1 10
2 2
2 3
2 4
2 5
2 6
2 7
2 8
2 9
2 10
3 2
3 3
3 4
3 5
3 6
3 7
3 8
3 9
3 10
4 2
4 3
4 4
4 5
4 6
4 7
4 8
4 9
4 10
0
Yes
0 11
0 12
0 13
0 14
0 15
0 16
0 17
0 18
1 11
1 12
1 13
1 14
1 15
1 16
1 17
1 18
2 11
2 12
2 13
2 14
2 15
2 16
2 17
2 18
3 11
3 12
3 13
3 14
3 15
3 16
3 17
3 18
4 11
4 12
4 13
4 14
4 15
4 16
4 17
4 18
0
Yes
0 19
0 20
0 21
0 22
0 23
0 24
0 25
1 19
1 20
1 21
1 22
1 23
1 24
1 25
2 19
2 20
2 21
2 22
2 23
2 24
2 25
3 19
3 20
3 21
3 22
3 23
3 24
3 25
4 19
4 20
4 21
4 22
4 23
4 24
4 25
0
Yes
42 15
42 16
42 17
42 18
42 19
42 20
42 21
42 22
42 23
42 24
42 25
43 15
43 16
43 17
43 18
43 19
43 20
43 21
43 22
43 23
43 24
43 25
44 15
44 16
44 17
44 18
44 19
44 20
44 21
44 22
44 23
44 24
44 25
45 15
45 16
45 17
45 18
45 19
45 20
45 21
45 22
45 23
45 24
45 25
46 15
46 16
46 17
46 18
46 19
46 20
46 21
46 22
46 23
46 24
46 25
47 15
47 16
47 17
47 18
47 19
47 20
47 21
47 22
47 23
47 24
47 25
48 15
48 16
48 17
48 18
48 19
48 20
48 21
48 22
48 23
48 24
48 25
49 15
49 16
49 17
49 18
49 19
49 20
49 21
49 22
49 23
49 24
49 25
0
Yes
41 0
41 1
41 2
41 3
41 4
41 5
41 6
41 7
42 0
42 1
42 2
42 3
42 4
42 5
42 6
42 7
43 0
43 1
43 2
43 3
43 4
43 5
43 6
43 7
44 0
44 1
44 2
44 3
44 4
44 5
44 6
44 7
45 0
45 1
45 2
45 3
45 4
45 5
0
Yes
20 37
20 38
20 39
20 40
21 37
21 38
21 39
21 40
22 37
22 38
22 39
22 40
23 37
23 38
0
Yes
27 0
27 1
27 2
27 3
27 4
27 5
27 6
27 7
27 8
27 9
28 0
28 1
28 2
28 3
28 4
28 5
28 6
28 7
28 8
28 9
29 0
29 1
29 2
29 3
29 4
29 5
29 6
29 7
29 8
29 9
30 0
30 1
30 2
30 3
30 4
30 5
30 6
30 7
30 8
30 9
31 0
31 1
31 2
31 3
31 4
31 5
31 6
31 7
31 8
31 9
32 0
32 1
32 2
32 3
32 4
32 5
32 6
32 7
32 8
32 9
33 0
33 1
33 2
33 3
33 4
33 5
33 6
33 7
33 8
33 9
34 0
34 1
34 2
34 3
34 4
34 5
34 6
34 7
34 8
34 9
35 0
35 1
35 2
35 3
35 4
35 5
35 6
35 7
35 8
35 9
36 0
36 1
36 2
36 3
36 4
36 5
36 6
36 7
36 8
36 9
37 0
37 1
37 2
37 3
37 4
37 5
37 6
37 7
37 8
37 9
38 0
38 1
38 2
38 3
38 4
38 5
38 6
38 7
38 8
38 9
39 0
39 1
39 2
39 3
39 4
39 5
39 6
39 7
39 8
39 9
40 0
40 1
40 2
40 3
40 4
40 5
40 6
40 7
40 8
0
Yes
0 32
0 33
0 34
0 35
1 32
1 33
1 34
1 35
2 32
2 33
2 34
2 35
3 32
3 33
0
Yes
7 37
7 38
7 39
7 40
7 41
7 42
7 43
7 44
8 37
8 38
8 39
8 40
8 41
8 42
8 43
8 44
9 37
9 38
9 39
9 40
9 41
9 42
9 43
9 44
10 37
10 38
10 39
10 40
10 41
10 42
10 43
10 44
11 37
11 38
11 39
11 40
11 41
0
Yes
21 0
21 1
21 2
21 3
22 0
22 1
22 2
22 3
23 0
23 1
23 2
23 3
24 0
24 1
24 2
24 3
25 0
25 1
25 2
25 3
26 0
26 1
26 2
26 3
0
Yes
2 1
1 1
2 0
1 0
3 0
0 1
0 0
0
Yes
11 0
11 1
11 2
11 3
11 4
11 5
12 0
12 1
12 2
12 3
12 4
12 5
13 0
13 1
13 2
13 3
13 4
13 5
14 0
14 1
14 2
14 3
14 4
14 5
15 0
15 1
15 2
15 3
15 4
15 5
16 0
16 1
16 2
16 3
16 4
16 5
17 0
17 1
17 2
17 3
17 4
17 5
18 0
18 1
18 2
18 3
18 4
18 5
19 0
19 1
19 2
19 3
19 4
19 5
20 0
20 1
20 2
20 3
20 4
0
Yes
22 4
22 5
22 6
22 7
23 4
23 5
23 6
23 7
24 4
24 5
24 6
24 7
25 4
25 5
25 6
25 7
26 4
26 5
26 6
26 7
0
Yes
17 46
17 47
17 48
17 49
18 46
18 47
18 48
18 49
19 46
19 47
19 48
19 49
20 46
20 47
20 48
20 49
21 46
21 47
21 48
21 49
22 46
22 47
22 48
22 49
23 46
23 47
23 48
0
Yes
43 33
43 34
43 35
43 36
43 37
43 38
44 33
44 34
44 35
44 36
44 37
44 38
45 33
45 34
45 35
45 36
45 37
45 38
46 33
46 34
46 35
46 36
46 37
46 38
47 33
47 34
47 35
47 36
47 37
47 38
48 33
48 34
48 35
48 36
48 37
48 38
49 33
49 34
49 35
49 36
49 37
49 38
0
Yes
45 20
45 21
45 22
45 23
45 24
45 25
45 26
45 27
45 28
45 29
45 30
45 31
45 32
46 20
46 21
46 22
46 23
46 24
46 25
46 26
46 27
46 28
46 29
46 30
46 31
46 32
47 20
47 21
47 22
47 23
47 24
47 25
47 26
47 27
47 28
47 29
47 30
47 31
47 32
48 20
48 21
48 22
48 23
48 24
48 25
48 26
48 27
48 28
48 29
48 30
48 31
48 32
49 20
49 21
49 22
49 23
49 24
49 25
49 26
49 27
49 28
49 29
49 30
49 31
49 32
0
No
0
Yes
0 2
0 3
0 4
0 5
0 6
0 7
1 2
1 3
1 4
1 5
1 6
1 7
2 2
2 3
2 4
2 5
2 6
2 7
3 2
3 3
3 4
3 5
3 6
3 7
4 2
4 3
4 4
4 5
4 6
4 7
0
Yes
1 30
1 31
0 30
0 31
0 29
0
Yes
0 26
0 27
0 28
1 26
1 27
1 28
2 26
2 27
2 28
3 26
0
Yes
38 32
38 33
38 34
38 35
38 36
38 37
38 38
38 39
38 40
39 32
39 33
39 34
39 35
39 36
39 37
39 38
39 39
39 40
40 32
40 33
40 34
40 35
40 36
40 37
40 38
40 39
40 40
41 32
41 33
41 34
41 35
41 36
41 37
41 38
41 39
41 40
42 32
42 33
42 34
42 35
42 36
42 37
42 38
42 39
0
No
0
No
0
Yes
39 23
39 24
39 25
39 26
39 27
39 28
39 29
39 30
39 31
40 23
40 24
40 25
40 26
40 27
40 28
40 29
40 30
40 31
41 23
41 24
41 25
41 26
41 27
41 28
41 29
41 30
41 31
42 23
42 24
42 25
42 26
42 27
42 28
42 29
42 30
42 31
43 23
43 24
43 25
43 26
43 27
43 28
43 29
43 30
43 31
44 23
44 24
44 25
44 26
44 27
44 28
44 29
44 30
44 31
0
No
0
Yes
39 13
39 14
39 15
39 16
39 17
39 18
39 19
40 13
40 14
40 15
40 16
40 17
40 18
40 19
41 13
41 14
41 15
41 16
41 17
41 18
41 19
42 13
42 14
42 15
42 16
42 17
42 18
42 19
43 13
43 14
43 15
43 16
43 17
43 18
43 19
44 13
44 14
44 15
44 16
44 17
44 18
44 19
45 13
45 14
45 15
45 16
45 17
45 18
45 19
46 13
46 14
46 15
46 16
46 17
46 18
46 19
47 13
47 14
47 15
47 16
47 17
47 18
47 19
48 13
48 14
48 15
48 16
48 17
48 18
48 19
49 13
49 14
49 15
49 16
49 17
0
Yes
7 20
7 21
8 20
8 21
6 20
6 21
7 19
7 22
8 19
8 22
9 20
9 21
6 19
6 22
9 19
9 22
5 20
5 21
7 18
7 23
8 18
8 23
5 19
5 22
6 18
6 23
9 18
9 23
5 18
5 23
7 17
7 24
8 17
8 24
6 17
6 24
9 17
9 24
5 17
5 24
7 16
7 25
8 16
8 25
6 16
6 25
9 16
9 25
5 16
5 25
7 15
7 26
8 15
8 26
6 15
6 26
9 15
9 26
5 15
5 26
7 14
8 14
6 14
9 14
5 14
0
Yes
29 32
29 33
29 34
29 35
29 36
29 37
29 38
29 39
29 40
29 41
29 42
29 43
30 32
30 33
30 34
30 35
30 36
30 37
30 38
30 39
30 40
30 41
30 42
30 43
31 32
31 33
31 34
31 35
31 36
31 37
31 38
31 39
31 40
31 41
31 42
31 43
32 32
32 33
32 34
32 35
32 36
32 37
32 38
32 39
32 40
32 41
32 42
32 43
33 32
33 33
33 34
33 35
33 36
33 37
33 38
33 39
33 40
33 41
33 42
33 43
34 32
34 33
34 34
34 35
34 36
34 37
34 38
34 39
34 40
34 41
34 42
34 43
35 32
35 33
35 34
35 35
35 36
35 37
35 38
35 39
35 40
35 41
35 42
35 43
36 32
36 33
36 34
36 35
36 36
36 37
36 38
36 39
36 40
36 41
36 42
36 43
37 32
37 33
37 34
37 35
37 36
37 37
37 38
37 39
37 40
0
No
0
No
0
Yes
20 37
20 38
20 39
20 40
21 37
21 38
21 39
21 40
22 37
22 38
22 39
22 40
23 37
23 38
0
Yes
29 19
29 20
29 21
29 22
29 23
29 24
29 25
29 26
29 27
29 28
29 29
29 30
29 31
30 19
30 20
30 21
30 22
30 23
30 24
30 25
30 26
30 27
30 28
30 29
30 30
30 31
31 19
31 20
31 21
31 22
31 23
31 24
31 25
31 26
31 27
31 28
31 29
31 30
31 31
32 19
32 20
32 21
32 22
32 23
32 24
32 25
32 26
32 27
32 28
32 29
32 30
32 31
33 19
33 20
33 21
33 22
33 23
33 24
33 25
33 26
33 27
33 28
33 29
33 30
33 31
34 19
34 20
34 21
34 22
34 23
34 24
34 25
34 26
34 27
34 28
34 29
34 30
34 31
35 19
35 20
35 21
35 22
35 23
35 24
35 25
35 26
35 27
35 28
35 29
35 30
35 31
36 19
36 20
36 21
36 22
36 23
36 24
36 25
36 26
36 27
36 28
36 29
36 30
36 31
37 19
37 20
37 21
37 22
37 23
37 24
37 25
37 26
37 27
37 28
37 29
37 30
37 31
38 19
38 20
38 21
38 22
38 23
38 24
38 25
38 26
38 27
38 28
38 29
38 30
38 31
0
Yes
0 37
0 38
0 39
0 40
0 41
0 42
0 43
0 44
0 45
0 46
0 47
0 48
0 49
1 37
1 38
1 39
1 40
1 41
1 42
1 43
1 44
1 45
1 46
1 47
1 48
1 49
2 37
2 38
2 39
2 40
2 41
2 42
2 43
2 44
2 45
2 46
2 47
2 48
2 49
3 37
3 38
3 39
3 40
3 41
3 42
3 43
3 44
3 45
3 46
3 47
3 48
3 49
4 37
4 38
4 39
4 40
4 41
4 42
4 43
4 44
4 45
4 46
4 47
4 48
4 49
5 37
5 38
5 39
5 40
5 41
5 42
5 43
5 44
5 45
5 46
5 47
5 48
5 49
6 37
6 38
6 39
6 40
6 41
6 42
6 43
6 44
6 45
6 46
6 47
6 48
6 49
0
No
0
Yes
48 11
49 11
48 10
49 10
47 10
0
Yes
27 0
27 1
27 2
27 3
27 4
27 5
27 6
27 7
28 0
28 1
28 2
28 3
28 4
28 5
28 6
28 7
29 0
29 1
29 2
29 3
29 4
29 5
29 6
29 7
30 0
30 1
30 2
30 3
30 4
30 5
30 6
30 7
31 0
31 1
31 2
31 3
31 4
31 5
31 6
31 7
32 0
32 1
32 2
32 3
32 4
32 5
32 6
32 7
33 0
33 1
33 2
33 3
33 4
33 5
33 6
33 7
34 0
34 1
0
Yes
10 14
10 15
10 16
10 17
10 18
10 19
10 20
10 21
10 22
10 23
10 24
10 25
10 26
11 14
11 15
11 16
11 17
11 18
11 19
11 20
11 21
11 22
11 23
11 24
11 25
11 26
12 14
12 15
12 16
12 17
12 18
12 19
12 20
12 21
12 22
12 23
12 24
12 25
12 26
13 14
13 15
13 16
13 17
13 18
13 19
13 20
13 21
13 22
13 23
13 24
13 25
13 26
14 14
14 15
14 16
14 17
14 18
14 19
14 20
14 21
14 22
14 23
14 24
14 25
14 26
15 14
15 15
15 16
15 17
15 18
15 19
15 20
15 21
15 22
15 23
15 24
15 25
15 26
16 14
16 15
16 16
16 17
16 18
16 19
16 20
16 21
16 22
16 23
16 24
16 25
16 26
17 14
17 15
17 16
17 17
17 18
17 19
17 20
17 21
17 22
17 23
17 24
17 25
17 26
18 14
18 15
18 16
18 17
18 18
18 19
18 20
18 21
18 22
18 23
0
Yes
37 20
37 21
37 22
37 23
37 24
37 25
37 26
37 27
37 28
38 20
38 21
38 22
38 23
38 24
38 25
38 26
38 27
38 28
39 20
39 21
39 22
39 23
39 24
39 25
39 26
39 27
39 28
40 20
40 21
40 22
40 23
40 24
40 25
40 26
40 27
40 28
41 20
41 21
41 22
41 23
41 24
41 25
41 26
41 27
41 28
42 20
42 21
42 22
42 23
42 24
42 25
42 26
42 27
42 28
43 20
43 21
43 22
43 23
43 24
43 25
43 26
43 27
43 28
44 20
44 21
44 22
44 23
44 24
44 25
44 26
44 27
44 28
45 20
45 21
45 22
45 23
45 24
45 25
45 26
45 27
45 28
46 20
46 21
46 22
46 23
46 24
46 25
46 26
46 27
46 28
47 20
47 21
47 22
47 23
47 24
47 25
47 26
47 27
47 28
48 20
48 21
48 22
48 23
48 24
48 25
48 26
48 27
48 28
49 20
49 21
49 22
49 23
49 24
49 25
49 26
49 27
49 28
0
No
0
Yes
19 8
19 9
19 10
19 11
19 12
19 13
19 14
19 15
19 16
19 17
20 8
20 9
20 10
20 11
20 12
20 13
20 14
20 15
20 16
20 17
21 8
21 9
21 10
21 11
21 12
21 13
21 14
21 15
21 16
21 17
22 8
22 9
22 10
22 11
22 12
22 13
22 14
22 15
22 16
22 17
23 8
23 9
23 10
23 11
23 12
23 13
23 14
23 15
23 16
23 17
24 8
24 9
24 10
24 11
24 12
24 13
24 14
24 15
24 16
24 17
25 8
25 9
25 10
25 11
25 12
25 13
25 14
25 15
25 16
25 17
26 8
26 9
26 10
26 11
26 12
26 13
26 14
26 15
26 16
26 17
27 8
27 9
27 10
27 11
27 12
27 13
27 14
27 15
27 16
27 17
28 8
28 9
28 10
28 11
28 12
28 13
28 14
28 15
28 16
28 17
29 8
29 9
29 10
29 11
29 12
29 13
29 14
29 15
29 16
29 17
30 8
30 9
30 10
30 11
30 12
30 13
30 14
30 15
30 16
30 17
31 8
31 9
31 10
31 11
31 12
31 13
31 14
31 15
31 16
31 17
32 8
32 9
32 10
32 11
32 12
32 13
32 14
32 15
32 16
32 17
33 8
0
Yes
11 6
11 7
11 8
11 9
11 10
11 11
11 12
11 13
12 6
12 7
12 8
12 9
12 10
12 11
12 12
12 13
13 6
13 7
13 8
13 9
13 10
13 11
13 12
13 13
14 6
14 7
14 8
14 9
14 10
14 11
14 12
14 13
15 6
15 7
15 8
15 9
15 10
15 11
15 12
15 13
16 6
16 7
16 8
16 9
16 10
16 11
16 12
16 13
17 6
17 7
17 8
17 9
17 10
17 11
17 12
17 13
18 6
18 7
18 8
18 9
18 10
0
No
0
Yes
0 21
0 22
0 23
0 24
0 25
1 21
1 22
1 23
1 24
1 25
2 21
2 22
2 23
2 24
0
Yes
19 18
19 19
19 20
19 21
19 22
19 23
19 24
19 25
19 26
20 18
20 19
20 20
20 21
20 22
20 23
20 24
20 25
20 26
21 18
21 19
21 20
21 21
21 22
21 23
21 24
21 25
21 26
22 18
22 19
22 20
22 21
22 22
22 23
22 24
22 25
22 26
23 18
23 19
23 20
23 21
23 22
23 23
23 24
23 25
23 26
24 18
24 19
24 20
24 21
24 22
24 23
24 24
24 25
24 26
25 18
25 19
25 20
25 21
25 22
25 23
25 24
25 25
25 26
26 18
26 19
26 20
26 21
26 22
26 23
26 24
26 25
26 26
27 18
27 19
27 20
27 21
27 22
27 23
27 24
27 25
27 26
28 18
28 19
28 20
28 21
28 22
28 23
28 24
28 25
28 26
29 18
29 19
29 20
29 21
29 22
29 23
29 24
29 25
29 26
30 18
30 19
30 20
30 21
30 22
30 23
30 24
30 25
30 26
31 18
31 19
31 20
31 21
31 22
31 23
31 24
31 25
31 26
32 18
32 19
32 20
32 21
32 22
32 23
32 24
0
Yes
38 20
38 21
38 22
38 23
38 24
38 25
38 26
38 27
38 28
38 29
38 30
38 31
39 20
39 21
39 22
39 23
39 24
39 25
39 26
39 27
39 28
39 29
39 30
39 31
40 20
40 21
40 22
40 23
40 24
40 25
40 26
40 27
40 28
40 29
40 30
40 31
41 20
41 21
41 22
41 23
41 24
41 25
41 26
41 27
41 28
41 29
41 30
41 31
42 20
42 21
42 22
42 23
42 24
42 25
42 26
42 27
42 28
42 29
42 30
42 31
43 20
43 21
43 22
43 23
43 24
43 25
43 26
43 27
43 28
43 29
43 30
43 31
44 20
44 21
44 22
44 23
44 24
44 25
44 26
44 27
44 28
44 29
44 30
44 31
45 20
45 21
45 22
45 23
45 24
45 25
45 26
45 27
45 28
45 29
45 30
45 31
46 20
46 21
46 22
46 23
46 24
46 25
46 26
46 27
46 28
46 29
46 30
46 31
47 20
47 21
47 22
47 23
47 24
47 25
47 26
47 27
47 28
47 29
47 30
47 31
48 20
48 21
48 22
48 23
48 24
48 25
48 26
48 27
48 28
48 29
48 30
48 31
49 20
49 21
49 22
49 23
49 24
49 25
49 26
0
Yes
5 33
5 34
5 35
5 36
5 37
5 38
5 39
5 40
5 41
5 42
5 43
6 33
6 34
6 35
6 36
6 37
6 38
6 39
6 40
6 41
6 42
6 43
7 33
7 34
7 35
7 36
7 37
7 38
7 39
7 40
7 41
7 42
7 43
8 33
8 34
8 35
8 36
8 37
8 38
8 39
8 40
8 41
8 42
8 43
9 33
9 34
9 35
9 36
9 37
9 38
9 39
9 40
9 41
9 42
9 43
10 33
10 34
10 35
10 36
10 37
10 38
10 39
10 40
10 41
10 42
10 43
11 33
11 34
11 35
11 36
11 37
11 38
11 39
11 40
11 41
11 42
11 43
12 33
12 34
12 35
12 36
12 37
12 38
12 39
12 40
12 41
12 42
12 43
13 33
13 34
13 35
13 36
13 37
13 38
13 39
13 40
13 41
13 42
13 43
14 33
14 34
14 35
14 36
14 37
14 38
14 39
14 40
14 41
14 42
14 43
15 33
15 34
15 35
15 36
15 37
15 38
15 39
15 40
15 41
15 42
15 43
16 33
16 34
16 35
16 36
16 37
16 38
16 39
16 40
16 41
16 42
0
Yes
46 0
46 1
47 0
47 1
48 0
48 1
49 0
49 1
0
Yes
27 0
27 1
27 2
27 3
27 4
27 5
27 6
27 7
28 0
28 1
28 2
28 3
28 4
28 5
28 6
28 7
29 0
29 1
29 2
29 3
29 4
29 5
29 6
29 7
30 0
30 1
30 2
30 3
30 4
30 5
30 6
30 7
31 0
31 1
31 2
31 3
31 4
31 5
31 6
31 7
32 0
32 1
32 2
32 3
32 4
32 5
32 6
32 7
33 0
33 1
33 2
33 3
33 4
33 5
33 6
33 7
34 0
34 1
34 2
0
Yes
42 46
42 47
42 48
42 49
43 46
43 47
43 48
43 49
44 46
44 47
44 48
44 49
45 46
45 47
45 48
45 49
46 46
46 47
46 48
46 49
47 46
47 47
47 48
47 49
48 46
48 47
48 48
48 49
49 46
49 47
49 48
49 49
0
No
0
No
0
Yes
11 27
11 28
11 29
11 30
11 31
11 32
12 27
12 28
12 29
12 30
12 31
12 32
13 27
13 28
13 29
13 30
13 31
13 32
14 27
14 28
14 29
14 30
14 31
14 32
15 27
15 28
15 29
15 30
15 31
15 32
16 27
16 28
16 29
16 30
16 31
16 32
17 27
0
Yes
1 30
1 31
0 30
0 31
0 29
0
Yes
0 46
0 47
0 48
0 49
1 46
1 47
1 48
1 49
2 46
2 47
2 48
2 49
3 46
3 47
3 48
3 49
4 46
4 47
4 48
4 49
5 46
5 47
5 48
5 49
6 46
6 47
0
Yes
38 32
38 33
38 34
38 35
38 36
38 37
38 38
38 39
38 40
39 32
39 33
39 34
39 35
39 36
39 37
39 38
39 39
39 40
40 32
40 33
40 34
40 35
40 36
40 37
40 38
40 39
40 40
41 32
41 33
41 34
41 35
41 36
41 37
41 38
41 39
41 40
42 32
42 33
42 34
42 35
42 36
42 37
42 38
42 39
42 40
43 32
43 33
43 34
43 35
43 36
43 37
43 38
43 39
43 40
44 32
44 33
44 34
44 35
44 36
44 37
44 38
44 39
44 40
45 32
45 33
45 34
45 35
45 36
45 37
45 38
45 39
45 40
46 32
46 33
46 34
0
No
0
No
0
No
0
Yes
0 36
0 37
0 38
0 39
0 40
0 41
0 42
0 43
0 44
0 45
1 36
1 37
1 38
1 39
1 40
1 41
1 42
1 43
1 44
1 45
2 36
2 37
2 38
2 39
2 40
2 41
2 42
2 43
2 44
2 45
3 36
3 37
3 38
3 39
3 40
3 41
3 42
3 43
3 44
3 45
4 36
4 37
4 38
4 39
4 40
4 41
4 42
4 43
4 44
4 45
0
No
0
No
0
No
0
Yes
45 45
45 46
45 47
45 48
45 49
46 45
46 46
46 47
46 48
46 49
47 45
47 46
47 47
47 48
47 49
48 45
48 46
48 47
48 48
48 49
49 45
49 46
49 47
49 48
49 49
0
Yes
14 44
13 44
13 45
14 45
13 46
14 46
15 46
15 45
15 44
16 44
16 45
16 46
15 47
14 47
13 47
16 47
17 45
17 46
17 44
17 47
14 48
15 48
16 48
13 48
17 48
18 44
18 45
18 46
18 47
18 48
13 49
14 49
15 49
16 49
17 49
18 49
19 45
19 46
19 47
19 48
19 44
19 49
18 43
17 43
19 43
16 43
20 44
20 45
20 46
20 47
20 48
20 43
20 49
0
No
0
Yes
5 44
5 45
6 44
6 45
7 44
7 45
8 44
8 45
0
Yes
0 20
0 21
0 22
0 23
0 24
0 25
0 26
1 20
1 21
1 22
1 23
1 24
1 25
1 26
2 20
2 21
2 22
2 23
2 24
2 25
2 26
3 20
3 21
3 22
3 23
3 24
3 25
3 26
4 20
4 21
4 22
4 23
4 24
4 25
4 26
5 20
5 21
5 22
5 23
5 24
5 25
5 26
0
Yes
0 12
0 13
0 14
0 15
0 16
0 17
0 18
0 19
1 12
1 13
1 14
1 15
1 16
1 17
1 18
1 19
2 12
2 13
2 14
2 15
2 16
2 17
2 18
2 19
3 12
3 13
3 14
3 15
3 16
3 17
3 18
3 19
4 12
4 13
4 14
4 15
4 16
4 17
4 18
4 19
5 12
5 13
5 14
5 15
5 16
5 17
0
No
0
No
0
Yes
48 3
47 3
48 2
49 3
47 2
49 2
46 3
46 2
0
Yes
0 35
0 36
0 37
0 38
0 39
0 40
0 41
0 42
0 43
0 44
0 45
1 35
1 36
1 37
1 38
1 39
1 40
1 41
1 42
1 43
1 44
1 45
2 35
2 36
2 37
2 38
2 39
2 40
2 41
2 42
2 43
2 44
2 45
3 35
3 36
3 37
3 38
3 39
3 40
3 41
3 42
3 43
3 44
3 45
4 35
4 36
4 37
4 38
4 39
4 40
4 41
4 42
4 43
4 44
4 45
5 35
5 36
5 37
5 38
5 39
5 40
5 41
5 42
5 43
5 44
5 45
6 35
6 36
6 37
6 38
6 39
6 40
6 41
6 42
6 43
6 44
6 45
7 35
7 36
7 37
7 38
7 39
7 40
7 41
7 42
7 43
7 44
7 45
8 35
8 36
8 37
8 38
8 39
8 40
8 41
8 42
8 43
8 44
8 45
9 35
9 36
9 37
9 38
9 39
9 40
9 41
9 42
0
Yes
0 3
0 4
0 5
0 6
0 7
0 8
0 9
0 10
0 11
1 3
1 4
1 5
1 6
1 7
1 8
1 9
1 10
1 11
2 3
2 4
2 5
2 6
2 7
2 8
2 9
2 10
2 11
3 3
3 4
3 5
3 6
3 7
3 8
3 9
3 10
3 11
4 3
4 4
4 5
4 6
4 7
4 8
4 9
4 10
4 11
5 3
5 4
5 5
5 6
5 7
5 8
5 9
5 10
5 11
6 3
6 4
6 5
6 6
6 7
0
Yes
29 44
29 45
29 46
29 47
29 48
30 44
30 45
30 46
30 47
30 48
31 44
31 45
31 46
31 47
31 48
0
Yes
33 0
33 1
33 2
33 3
34 0
34 1
34 2
34 3
35 0
35 1
35 2
35 3
36 0
36 1
36 2
36 3
37 0
37 1
37 2
37 3
38 0
38 1
38 2
38 3
39 0
39 1
39 2
39 3
40 0
40 1
40 2
40 3
0
Yes
22 0
22 1
22 2
22 3
22 4
22 5
22 6
22 7
22 8
23 0
23 1
23 2
23 3
23 4
23 5
23 6
23 7
23 8
24 0
24 1
24 2
24 3
24 4
24 5
24 6
24 7
24 8
25 0
25 1
25 2
25 3
25 4
25 5
25 6
25 7
25 8
26 0
26 1
26 2
26 3
26 4
26 5
26 6
26 7
26 8
27 0
27 1
27 2
27 3
27 4
27 5
27 6
27 7
27 8
28 0
28 1
28 2
28 3
28 4
28 5
28 6
28 7
28 8
29 0
29 1
29 2
29 3
29 4
29 5
29 6
29 7
29 8
30 0
30 1
30 2
30 3
30 4
30 5
30 6
30 7
30 8
31 0
31 1
31 2
31 3
31 4
31 5
31 6
31 7
31 8
32 0
32 1
32 2
32 3
32 4
32 5
32 6
32 7
32 8
0
Yes
8 0
8 1
8 2
8 3
8 4
8 5
8 6
8 7
8 8
8 9
8 10
9 0
9 1
9 2
9 3
9 4
9 5
9 6
9 7
9 8
9 9
9 10
10 0
10 1
10 2
10 3
10 4
10 5
10 6
10 7
10 8
10 9
10 10
11 0
11 1
11 2
11 3
11 4
11 5
11 6
11 7
11 8
11 9
11 10
12 0
12 1
12 2
12 3
12 4
12 5
12 6
12 7
12 8
12 9
12 10
13 0
13 1
13 2
13 3
13 4
13 5
13 6
13 7
13 8
13 9
13 10
14 0
14 1
14 2
14 3
14 4
14 5
14 6
14 7
14 8
14 9
14 10
15 0
15 1
15 2
15 3
15 4
15 5
15 6
15 7
15 8
15 9
15 10
16 0
16 1
16 2
16 3
16 4
16 5
16 6
16 7
16 8
16 9
16 10
17 0
17 1
17 2
17 3
17 4
17 5
17 6
17 7
17 8
17 9
17 10
18 0
18 1
18 2
18 3
18 4
18 5
18 6
18 7
18 8
18 9
18 10
19 0
19 1
19 2
19 3
19 4
19 5
19 6
19 7
19 8
19 9
19 10
20 0
20 1
20 2
20 3
20 4
20 5
20 6
20 7
20 8
20 9
20 10
21 0
21 1
21 2
21 3
21 4
0
Yes
21 44
21 45
21 46
21 47
21 48
21 49
22 44
22 45
22 46
22 47
22 48
22 49
23 44
23 45
23 46
23 47
23 48
23 49
24 44
24 45
24 46
24 47
24 48
24 49
0
Yes
33 4
33 5
33 6
33 7
33 8
34 4
34 5
34 6
34 7
34 8
35 4
35 5
35 6
35 7
35 8
36 4
36 5
0
Yes
43 31
43 32
43 33
43 34
43 35
43 36
43 37
43 38
43 39
43 40
43 41
43 42
43 43
43 44
44 31
44 32
44 33
44 34
44 35
44 36
44 37
44 38
44 39
44 40
44 41
44 42
44 43
44 44
45 31
45 32
45 33
45 34
45 35
45 36
45 37
45 38
45 39
45 40
45 41
45 42
45 43
45 44
46 31
46 32
46 33
46 34
46 35
46 36
46 37
46 38
46 39
46 40
46 41
46 42
46 43
46 44
47 31
47 32
47 33
47 34
47 35
47 36
47 37
47 38
47 39
47 40
47 41
47 42
47 43
47 44
48 31
48 32
48 33
48 34
48 35
48 36
48 37
48 38
48 39
48 40
48 41
48 42
48 43
48 44
49 31
49 32
49 33
49 34
49 35
49 36
49 37
49 38
49 39
49 40
49 41
49 42
49 43
49 44
0
Yes
10 39
10 40
10 41
10 42
10 43
11 39
11 40
11 41
11 42
11 43
12 39
12 40
12 41
12 42
12 43
13 39
13 40
13 41
13 42
13 43
14 39
14 40
14 41
14 42
14 43
15 39
15 40
15 41
15 42
15 43
16 39
16 40
16 41
0
Yes
0 0
0 1
0 2
1 0
1 1
1 2
2 0
2 1
2 2
0
No
0
No
0
Yes
33 0
33 1
33 2
33 3
34 0
34 1
34 2
34 3
35 0
35 1
35 2
35 3
36 0
36 1
36 2
36 3
0
Yes
40 19
40 20
40 21
40 22
40 23
40 24
40 25
40 26
40 27
40 28
40 29
40 30
41 19
41 20
41 21
41 22
41 23
41 24
41 25
41 26
41 27
41 28
41 29
41 30
42 19
42 20
42 21
42 22
42 23
42 24
42 25
42 26
42 27
42 28
42 29
42 30
43 19
43 20
43 21
43 22
43 23
43 24
43 25
43 26
43 27
43 28
43 29
43 30
44 19
44 20
44 21
44 22
44 23
44 24
44 25
44 26
44 27
44 28
44 29
44 30
45 19
45 20
45 21
45 22
45 23
45 24
45 25
45 26
45 27
45 28
45 29
45 30
46 19
46 20
46 21
46 22
46 23
46 24
46 25
46 26
46 27
46 28
46 29
46 30
47 19
47 20
47 21
47 22
47 23
47 24
47 25
47 26
47 27
47 28
47 29
47 30
48 19
48 20
48 21
48 22
48 23
48 24
48 25
48 26
48 27
48 28
48 29
48 30
49 19
49 20
49 21
49 22
49 23
49 24
49 25
49 26
49 27
49 28
49 29
0
Yes
31 23
31 24
31 25
31 26
31 27
31 28
31 29
31 30
31 31
32 23
32 24
32 25
32 26
32 27
32 28
32 29
32 30
32 31
33 23
33 24
33 25
33 26
33 27
33 28
33 29
33 30
33 31
34 23
34 24
34 25
34 26
34 27
34 28
34 29
34 30
34 31
35 23
35 24
35 25
35 26
35 27
35 28
35 29
35 30
35 31
36 23
36 24
36 25
36 26
36 27
36 28
36 29
36 30
36 31
37 23
37 24
37 25
37 26
37 27
37 28
37 29
37 30
37 31
38 23
38 24
38 25
38 26
38 27
38 28
38 29
38 30
38 31
39 23
39 24
39 25
39 26
39 27
39 28
39 29
39 30
39 31
0
No
0
Yes
25 47
25 48
26 48
26 49
25 49
0
Yes
45 16
46 16
45 15
45 17
46 15
46 17
44 16
47 16
44 15
44 17
47 15
47 17
45 14
45 18
46 14
46 18
43 16
44 14
44 18
47 14
47 18
48 16
43 15
43 17
48 15
48 17
45 13
46 13
43 14
43 18
48 14
48 18
44 13
47 13
42 16
49 16
42 15
42 17
49 15
49 17
43 13
48 13
42 14
42 18
49 14
49 18
41 16
41 15
41 17
42 13
49 13
41 14
41 18
0
No
0
Yes
48 11
49 11
48 10
49 10
47 10
0
Yes
42 19
42 20
42 21
42 22
42 23
42 24
42 25
42 26
42 27
42 28
42 29
43 19
43 20
43 21
43 22
43 23
43 24
43 25
43 26
43 27
43 28
43 29
44 19
44 20
44 21
44 22
44 23
44 24
44 25
44 26
44 27
44 28
44 29
45 19
45 20
45 21
45 22
45 23
45 24
45 25
45 26
45 27
45 28
45 29
46 19
46 20
46 21
46 22
46 23
46 24
46 25
46 26
46 27
46 28
46 29
47 19
47 20
47 21
47 22
47 23
47 24
47 25
47 26
47 27
47 28
47 29
48 19
48 20
48 21
48 22
48 23
48 24
48 25
48 26
48 27
48 28
48 29
49 19
49 20
49 21
49 22
49 23
49 24
49 25
49 26
49 27
49 28
49 29
0
Yes
0 0
0 1
1 0
1 1
2 0
2 1
0
Yes
43 30
43 31
43 32
44 30
44 31
44 32
45 30
45 31
45 32
46 30
46 31
46 32
47 30
47 31
47 32
48 30
48 31
48 32
49 30
49 31
49 32
0
Yes
0 3
0 4
0 5
0 6
0 7
0 8
0 9
0 10
0 11
1 3
1 4
1 5
1 6
1 7
1 8
1 9
1 10
1 11
2 3
2 4
2 5
2 6
2 7
2 8
2 9
2 10
2 11
3 3
3 4
3 5
3 6
3 7
3 8
3 9
3 10
3 11
4 3
4 4
4 5
4 6
4 7
4 8
4 9
4 10
4 11
5 3
5 4
5 5
5 6
5 7
5 8
5 9
5 10
5 11
6 3
6 4
6 5
6 6
6 7
6 8
6 9
0
Yes
30 0
30 1
30 2
30 3
30 4
30 5
30 6
30 7
30 8
30 9
30 10
31 0
31 1
31 2
31 3
31 4
31 5
31 6
31 7
31 8
31 9
31 10
32 0
32 1
32 2
32 3
32 4
32 5
32 6
32 7
32 8
32 9
32 10
33 0
33 1
33 2
33 3
33 4
33 5
33 6
33 7
33 8
33 9
33 10
34 0
34 1
34 2
34 3
34 4
34 5
34 6
34 7
34 8
34 9
34 10
35 0
35 1
35 2
35 3
35 4
35 5
35 6
35 7
35 8
35 9
35 10
36 0
36 1
36 2
36 3
36 4
36 5
36 6
36 7
36 8
36 9
36 10
37 0
37 1
37 2
37 3
37 4
37 5
37 6
37 7
37 8
37 9
37 10
38 0
38 1
38 2
38 3
38 4
38 5
38 6
38 7
38 8
38 9
38 10
39 0
39 1
39 2
39 3
39 4
39 5
39 6
39 7
39 8
39 9
39 10
40 0
40 1
40 2
40 3
40 4
40 5
40 6
40 7
40 8
40 9
40 10
0
Yes
46 44
47 44
46 43
46 45
47 43
47 45
45 44
48 44
45 43
45 45
48 43
48 45
46 42
46 46
47 42
47 46
44 44
45 42
45 46
48 42
48 46
49 44
44 43
44 45
49 43
49 45
46 41
46 47
47 41
47 47
44 42
44 46
49 42
49 46
45 41
45 47
48 41
48 47
43 44
43 43
43 45
44 41
44 47
49 41
49 47
43 42
43 46
46 40
46 48
47 40
47 48
45 40
45 48
48 40
48 48
43 41
43 47
44 40
44 48
49 40
49 48
46 39
46 49
47 39
47 49
45 39
45 49
48 39
48 49
43 40
43 48
44 39
44 49
49 39
49 49
46 38
47 38
43 39
43 49
45 38
48 38
44 38
49 38
43 38
0
No
0
Yes
39 27
39 28
39 29
39 30
39 31
39 32
39 33
39 34
39 35
39 36
39 37
40 27
40 28
40 29
40 30
40 31
40 32
40 33
40 34
40 35
40 36
40 37
41 27
41 28
41 29
41 30
41 31
41 32
41 33
41 34
41 35
41 36
41 37
42 27
42 28
42 29
42 30
42 31
42 32
42 33
42 34
42 35
42 36
42 37
43 27
43 28
43 29
43 30
43 31
43 32
43 33
43 34
43 35
43 36
43 37
44 27
44 28
44 29
44 30
44 31
44 32
44 33
44 34
44 35
44 36
44 37
45 27
45 28
45 29
45 30
45 31
45 32
45 33
45 34
45 35
45 36
45 37
46 27
46 28
46 29
46 30
46 31
46 32
46 33
46 34
46 35
46 36
46 37
47 27
47 28
47 29
47 30
47 31
47 32
47 33
47 34
47 35
47 36
47 37
48 27
48 28
48 29
48 30
48 31
48 32
48 33
48 34
48 35
48 36
48 37
49 27
49 28
49 29
49 30
49 31
49 32
49 33
49 34
49 35
49 36
49 37
0
Yes
0 46
0 47
0 48
0 49
1 46
1 47
1 48
1 49
2 46
2 47
2 48
2 49
3 46
3 47
3 48
3 49
4 46
4 47
4 48
4 49
5 46
5 47
5 48
5 49
6 46
6 47
6 48
0
Yes
25 37
25 38
25 39
25 40
25 41
26 37
26 38
26 39
26 40
26 41
27 37
27 38
27 39
27 40
0
No
0
Yes
40 14
40 15
40 16
40 17
40 18
40 19
40 20
40 21
40 22
40 23
40 24
40 25
40 26
41 14
41 15
41 16
41 17
41 18
41 19
41 20
41 21
41 22
41 23
41 24
41 25
41 26
42 14
42 15
42 16
42 17
42 18
42 19
42 20
42 21
42 22
42 23
42 24
42 25
42 26
43 14
43 15
43 16
43 17
43 18
43 19
43 20
43 21
43 22
43 23
43 24
43 25
43 26
44 14
44 15
44 16
44 17
44 18
44 19
44 20
44 21
44 22
44 23
44 24
44 25
44 26
45 14
45 15
45 16
45 17
45 18
45 19
45 20
45 21
45 22
45 23
45 24
45 25
45 26
46 14
46 15
46 16
46 17
46 18
46 19
46 20
46 21
46 22
46 23
46 24
46 25
46 26
47 14
47 15
47 16
47 17
47 18
47 19
47 20
47 21
47 22
47 23
47 24
47 25
47 26
48 14
48 15
48 16
48 17
48 18
48 19
48 20
48 21
48 22
48 23
48 24
48 25
48 26
49 14
49 15
49 16
49 17
49 18
49 19
49 20
49 21
49 22
49 23
49 24
49 25
49 26
0
Yes
6 11
6 12
6 13
6 14
6 15
6 16
6 17
6 18
6 19
6 20
6 21
6 22
6 23
6 24
6 25
6 26
7 11
7 12
7 13
7 14
7 15
7 16
7 17
7 18
7 19
7 20
7 21
7 22
7 23
7 24
7 25
7 26
8 11
8 12
8 13
8 14
8 15
8 16
8 17
8 18
8 19
8 20
8 21
8 22
8 23
8 24
8 25
8 26
9 11
9 12
9 13
9 14
9 15
9 16
9 17
9 18
9 19
9 20
9 21
9 22
9 23
9 24
9 25
9 26
10 11
10 12
10 13
10 14
10 15
10 16
10 17
10 18
10 19
10 20
10 21
10 22
10 23
10 24
10 25
10 26
11 11
11 12
11 13
11 14
11 15
11 16
11 17
11 18
11 19
11 20
11 21
11 22
11 23
11 24
11 25
11 26
12 11
12 12
12 13
12 14
12 15
12 16
12 17
12 18
12 19
12 20
12 21
12 22
12 23
12 24
12 25
12 26
13 11
13 12
13 13
13 14
13 15
13 16
13 17
13 18
13 19
13 20
13 21
13 22
13 23
13 24
13 25
13 26
0
Yes
37 27
37 28
37 29
37 30
37 31
37 32
37 33
37 34
37 35
37 36
37 37
38 27
38 28
38 29
38 30
38 31
38 32
38 33
38 34
38 35
38 36
38 37
39 27
39 28
39 29
39 30
39 31
39 32
39 33
39 34
39 35
39 36
39 37
40 27
40 28
40 29
40 30
40 31
40 32
40 33
40 34
40 35
40 36
40 37
41 27
41 28
41 29
41 30
41 31
41 32
41 33
41 34
41 35
41 36
41 37
42 27
42 28
42 29
42 30
42 31
42 32
42 33
42 34
42 35
42 36
42 37
43 27
43 28
43 29
43 30
43 31
43 32
43 33
43 34
43 35
43 36
43 37
44 27
44 28
44 29
44 30
44 31
44 32
44 33
44 34
44 35
44 36
44 37
45 27
45 28
45 29
45 30
45 31
45 32
45 33
45 34
45 35
45 36
45 37
46 27
46 28
46 29
46 30
46 31
46 32
46 33
46 34
46 35
46 36
46 37
47 27
47 28
47 29
47 30
47 31
47 32
47 33
47 34
47 35
47 36
47 37
48 27
48 28
48 29
48 30
48 31
48 32
48 33
48 34
48 35
48 36
48 37
49 27
49 28
49 29
49 30
49 31
49 32
0
Yes
7 31
7 32
7 33
7 34
8 31
8 32
8 33
8 34
9 31
9 32
9 33
9 34
10 31
10 32
0
Yes
0 30
0 31
0 32
1 30
1 31
1 32
0
Yes
29 45
29 46
29 47
29 48
29 49
30 45
30 46
30 47
30 48
30 49
31 45
31 46
31 47
31 48
31 49
0
No
0
Yes
26 4
25 4
26 3
26 5
27 4
25 3
25 5
27 3
27 5
24 4
26 2
26 6
28 4
24 3
24 5
25 2
25 6
27 2
27 6
28 3
28 5
24 2
24 6
28 2
28 6
23 4
26 1
26 7
29 4
23 3
23 5
25 1
25 7
27 1
27 7
29 3
29 5
23 2
23 6
24 1
24 7
28 1
28 7
29 2
29 6
22 4
26 0
22 3
22 5
25 0
27 0
23 1
23 7
29 1
29 7
22 2
22 6
24 0
28 0
22 1
22 7
23 0
29 0
22 0
0
Yes
14 11
14 12
14 13
14 14
14 15
14 16
14 17
14 18
14 19
14 20
14 21
14 22
14 23
14 24
15 11
15 12
15 13
15 14
15 15
15 16
15 17
15 18
15 19
15 20
15 21
15 22
15 23
15 24
16 11
16 12
16 13
16 14
16 15
16 16
16 17
16 18
16 19
16 20
16 21
16 22
16 23
16 24
17 11
17 12
17 13
17 14
17 15
17 16
17 17
17 18
17 19
17 20
17 21
17 22
17 23
17 24
18 11
18 12
18 13
18 14
18 15
18 16
18 17
18 18
18 19
18 20
18 21
18 22
18 23
18 24
19 11
19 12
19 13
19 14
19 15
19 16
19 17
19 18
19 19
19 20
19 21
19 22
19 23
19 24
20 11
20 12
20 13
20 14
20 15
20 16
20 17
20 18
20 19
20 20
20 21
20 22
20 23
20 24
21 11
21 12
21 13
21 14
21 15
21 16
21 17
21 18
21 19
21 20
21 21
21 22
21 23
21 24
22 11
22 12
22 13
22 14
22 15
22 16
22 17
22 18
22 19
22 20
22 21
22 22
22 23
22 24
23 11
23 12
23 13
23 14
23 15
23 16
23 17
23 18
23 19
23 20
23 21
23 22
23 23
23 24
24 11
24 12
24 13
24 14
24 15
24 16
0
No
0
Yes
21 8
21 9
21 10
22 8
22 9
22 10
23 8
23 9
23 10
24 8
24 9
0
No
0
Yes
3 33
3 34
4 33
4 34
5 33
5 34
6 33
6 34
0
Yes
0 3
0 4
0 5
0 6
0 7
0 8
0 9
0 10
0 11
1 3
1 4
1 5
1 6
1 7
1 8
1 9
1 10
1 11
2 3
2 4
2 5
2 6
2 7
2 8
2 9
2 10
2 11
3 3
3 4
3 5
3 6
3 7
3 8
3 9
3 10
3 11
4 3
4 4
4 5
4 6
4 7
4 8
4 9
4 10
4 11
5 3
5 4
5 5
5 6
5 7
5 8
5 9
5 10
5 11
6 3
6 4
6 5
6 6
6 7
6 8
6 9
6 10
0
Yes
0 41
0 42
0 43
0 44
0 45
1 41
1 42
1 43
1 44
1 45
2 41
2 42
2 43
2 44
2 45
3 41
3 42
3 43
3 44
3 45
4 41
4 42
4 43
4 44
4 45
5 41
5 42
5 43
5 44
5 45
6 41
6 42
6 43
6 44
6 45
7 41
7 42
0
No
0
Yes
7 43
7 44
7 45
8 43
8 44
8 45
0
Yes
40 27
40 28
40 29
40 30
40 31
40 32
40 33
40 34
40 35
40 36
40 37
41 27
41 28
41 29
41 30
41 31
41 32
41 33
41 34
41 35
41 36
41 37
42 27
42 28
42 29
42 30
42 31
42 32
42 33
42 34
42 35
42 36
42 37
43 27
43 28
43 29
43 30
43 31
43 32
43 33
43 34
43 35
43 36
43 37
44 27
44 28
44 29
44 30
44 31
44 32
44 33
44 34
44 35
44 36
44 37
45 27
45 28
45 29
45 30
45 31
45 32
45 33
45 34
45 35
45 36
45 37
46 27
46 28
46 29
46 30
46 31
46 32
46 33
46 34
46 35
46 36
46 37
47 27
47 28
47 29
47 30
47 31
47 32
47 33
47 34
47 35
47 36
47 37
48 27
48 28
48 29
48 30
48 31
48 32
48 33
48 34
48 35
48 36
48 37
49 27
49 28
49 29
49 30
49 31
49 32
49 33
49 34
49 35
49 36
49 37
0
Yes
41 0
41 1
41 2
41 3
41 4
42 0
42 1
42 2
42 3
42 4
43 0
43 1
43 2
43 3
43 4
44 0
44 1
44 2
44 3
44 4
45 0
45 1
45 2
45 3
45 4
0
Yes
43 41
43 42
43 43
43 44
43 45
43 46
43 47
43 48
43 49
44 41
44 42
44 43
44 44
44 45
44 46
44 47
44 48
44 49
45 41
45 42
45 43
45 44
45 45
45 46
45 47
45 48
45 49
46 41
46 42
46 43
46 44
46 45
46 46
46 47
46 48
46 49
47 41
47 42
47 43
47 44
47 45
47 46
47 47
47 48
47 49
48 41
48 42
48 43
48 44
48 45
48 46
48 47
48 48
48 49
49 41
49 42
49 43
49 44
49 45
49 46
49 47
0
No
0
Yes
7 15
7 16
6 15
6 16
8 15
8 16
7 14
7 17
6 14
6 17
8 14
8 17
5 15
5 16
9 15
9 16
5 14
5 17
7 13
7 18
9 14
9 17
6 13
6 18
8 13
8 18
4 15
4 16
10 15
10 16
5 13
5 18
9 13
9 18
4 14
4 17
10 14
10 17
7 12
7 19
6 12
6 19
8 12
8 19
4 13
4 18
10 13
10 18
3 15
3 16
5 12
5 19
9 12
9 19
11 15
11 16
3 14
3 17
11 14
11 17
7 11
4 12
4 19
6 11
8 11
10 12
10 19
3 13
3 18
11 13
11 18
5 11
9 11
2 15
2 16
12 15
12 16
2 14
2 17
12 14
12 17
3 12
3 19
11 12
11 19
4 11
10 11
2 13
2 18
12 13
12 18
1 15
1 16
3 11
11 11
13 15
13 16
2 12
2 19
12 12
12 19
1 14
1 17
13 14
13 17
1 13
1 18
13 13
13 18
2 11
12 11
1 12
1 19
13 12
13 19
0 15
0 16
0 14
0 17
0 13
0 18
1 11
13 11
0 12
0
No
0
No
0
Yes
40 20
40 21
40 22
40 23
40 24
40 25
40 26
41 20
41 21
41 22
41 23
41 24
41 25
41 26
42 20
42 21
42 22
42 23
42 24
42 25
42 26
43 20
43 21
43 22
43 23
43 24
43 25
43 26
44 20
44 21
44 22
44 23
44 24
44 25
44 26
45 20
45 21
45 22
45 23
45 24
45 25
45 26
46 20
46 21
46 22
46 23
46 24
46 25
46 26
47 20
47 21
47 22
47 23
47 24
47 25
47 26
48 20
48 21
48 22
48 23
48 24
48 25
48 26
49 20
49 21
49 22
49 23
49 24
49 25
49 26
0
No
0
Yes
0 33
0 34
0 35
0 36
0 37
0 38
0 39
0 40
1 33
1 34
1 35
1 36
1 37
1 38
1 39
1 40
2 33
2 34
2 35
2 36
2 37
2 38
2 39
2 40
3 33
3 34
3 35
3 36
3 37
3 38
3 39
3 40
4 33
4 34
4 35
4 36
4 37
4 38
4 39
4 40
5 33
5 34
5 35
5 36
5 37
5 38
5 39
5 40
6 33
6 34
6 35
6 36
6 37
6 38
6 39
6 40
7 33
7 34
7 35
7 36
7 37
7 38
7 39
7 40
8 33
8 34
8 35
8 36
8 37
8 38
8 39
8 40
9 33
9 34
9 35
9 36
9 37
9 38
9 39
9 40
10 33
10 34
10 35
10 36
10 37
10 38
10 39
10 40
11 33
11 34
11 35
0
Yes
24 0
24 1
24 2
24 3
24 4
24 5
24 6
24 7
24 8
25 0
25 1
25 2
25 3
25 4
25 5
25 6
25 7
25 8
26 0
26 1
26 2
26 3
26 4
26 5
26 6
26 7
26 8
27 0
27 1
27 2
27 3
27 4
27 5
27 6
27 7
27 8
28 0
28 1
28 2
28 3
28 4
28 5
28 6
28 7
28 8
29 0
29 1
29 2
29 3
29 4
29 5
29 6
29 7
29 8
0
Yes
46 0
46 1
46 2
47 0
47 1
47 2
48 0
48 1
48 2
49 0
49 1
49 2
0
Yes
14 1
14 2
14 3
14 4
14 5
14 6
14 7
14 8
14 9
14 10
15 1
15 2
15 3
15 4
15 5
15 6
15 7
15 8
15 9
15 10
16 1
16 2
16 3
16 4
16 5
16 6
16 7
16 8
16 9
16 10
17 1
17 2
17 3
17 4
17 5
17 6
17 7
17 8
17 9
17 10
18 1
18 2
18 3
18 4
18 5
18 6
18 7
18 8
18 9
18 10
19 1
19 2
19 3
19 4
19 5
19 6
19 7
19 8
19 9
19 10
20 1
20 2
20 3
20 4
20 5
20 6
20 7
20 8
20 9
20 10
21 1
21 2
21 3
21 4
21 5
21 6
21 7
21 8
21 9
21 10
22 1
22 2
22 3
22 4
22 5
22 6
22 7
22 8
22 9
22 10
23 1
23 2
23 3
23 4
23 5
23 6
23 7
23 8
23 9
23 10
0
Yes
0 7
0 8
0 9
0 10
0 11
0 12
0 13
0 14
0 15
0 16
0 17
0 18
0 19
1 7
1 8
1 9
1 10
1 11
1 12
1 13
1 14
1 15
1 16
1 17
1 18
1 19
2 7
2 8
2 9
2 10
2 11
2 12
2 13
2 14
2 15
2 16
2 17
2 18
2 19
3 7
3 8
3 9
3 10
3 11
3 12
3 13
3 14
3 15
3 16
3 17
3 18
3 19
4 7
4 8
4 9
4 10
4 11
4 12
4 13
4 14
4 15
4 16
4 17
4 18
4 19
5 7
5 8
5 9
5 10
5 11
5 12
5 13
5 14
5 15
5 16
5 17
5 18
5 19
6 7
6 8
6 9
6 10
6 11
6 12
6 13
6 14
6 15
6 16
6 17
6 18
6 19
7 7
7 8
7 9
7 10
7 11
7 12
7 13
7 14
7 15
7 16
7 17
7 18
7 19
8 7
8 8
8 9
8 10
8 11
8 12
8 13
8 14
8 15
8 16
8 17
8 18
8 19
9 7
9 8
9 9
9 10
9 11
9 12
9 13
9 14
9 15
9 16
9 17
9 18
9 19
10 7
10 8
10 9
10 10
10 11
10 12
10 13
10 14
10 15
10 16
10 17
10 18
0
Yes
0 40
0 41
0 42
0 43
0 44
0 45
0 46
0 47
0 48
0 49
1 40
1 41
1 42
1 43
1 44
1 45
1 46
1 47
1 48
1 49
2 40
2 41
2 42
2 43
2 44
2 45
2 46
2 47
2 48
2 49
3 40
3 41
3 42
3 43
3 44
3 45
3 46
3 47
3 48
3 49
4 40
4 41
4 42
4 43
4 44
4 45
4 46
4 47
4 48
4 49
5 40
5 41
5 42
5 43
5 44
5 45
5 46
5 47
5 48
5 49
6 40
6 41
6 42
6 43
6 44
6 45
6 46
6 47
6 48
0
No
0
Yes
30 0
30 1
30 2
30 3
30 4
30 5
30 6
30 7
30 8
31 0
31 1
31 2
31 3
31 4
31 5
31 6
31 7
31 8
32 0
32 1
32 2
32 3
32 4
32 5
32 6
32 7
32 8
33 0
33 1
33 2
33 3
33 4
33 5
33 6
33 7
33 8
34 0
34 1
34 2
34 3
34 4
34 5
34 6
34 7
34 8
35 0
35 1
35 2
35 3
35 4
35 5
35 6
35 7
35 8
36 0
36 1
36 2
36 3
36 4
36 5
36 6
36 7
36 8
37 0
37 1
37 2
37 3
37 4
37 5
37 6
37 7
37 8
38 0
38 1
38 2
38 3
38 4
38 5
38 6
38 7
38 8
39 0
39 1
39 2
39 3
39 4
39 5
39 6
39 7
39 8
40 0
40 1
40 2
40 3
40 4
0
Yes
29 9
29 10
29 11
29 12
29 13
29 14
30 9
30 10
30 11
30 12
30 13
30 14
31 9
31 10
31 11
31 12
31 13
31 14
32 9
32 10
32 11
32 12
32 13
32 14
33 9
33 10
33 11
33 12
33 13
33 14
34 9
34 10
34 11
34 12
34 13
34 14
35 9
35 10
35 11
35 12
35 13
35 14
36 9
36 10
36 11
36 12
36 13
36 14
37 9
37 10
0
Yes
19 0
19 1
19 2
19 3
19 4
19 5
19 6
19 7
19 8
20 0
20 1
20 2
20 3
20 4
20 5
20 6
20 7
20 8
21 0
21 1
21 2
21 3
21 4
21 5
21 6
21 7
21 8
22 0
22 1
22 2
22 3
22 4
22 5
22 6
22 7
22 8
23 0
23 1
23 2
23 3
23 4
23 5
23 6
23 7
23 8
24 0
24 1
24 2
24 3
24 4
24 5
24 6
24 7
24 8
25 0
25 1
25 2
25 3
25 4
25 5
25 6
25 7
25 8
26 0
26 1
26 2
26 3
26 4
26 5
26 6
26 7
26 8
27 0
27 1
27 2
27 3
27 4
27 5
27 6
27 7
27 8
28 0
28 1
28 2
28 3
28 4
28 5
28 6
28 7
28 8
29 0
29 1
29 2
29 3
29 4
29 5
29 6
29 7
29 8
0
Yes
37 44
37 45
37 46
37 47
37 48
37 49
38 44
38 45
38 46
38 47
38 48
38 49
39 44
39 45
39 46
39 47
39 48
39 49
40 44
40 45
40 46
40 47
40 48
40 49
41 44
41 45
41 46
41 47
41 48
41 49
42 44
42 45
42 46
42 47
42 48
42 49
0
Yes
7 42
7 43
7 44
7 45
8 42
8 43
8 44
8 45
9 42
9 43
9 44
0
Yes
11 0
11 1
11 2
11 3
11 4
11 5
11 6
11 7
11 8
11 9
11 10
11 11
11 12
11 13
11 14
11 15
12 0
12 1
12 2
12 3
12 4
12 5
12 6
12 7
12 8
12 9
12 10
12 11
12 12
12 13
12 14
12 15
13 0
13 1
13 2
13 3
13 4
13 5
13 6
13 7
13 8
13 9
13 10
13 11
13 12
13 13
13 14
13 15
14 0
14 1
14 2
14 3
14 4
14 5
14 6
14 7
14 8
14 9
14 10
14 11
14 12
14 13
14 14
14 15
15 0
15 1
15 2
15 3
15 4
15 5
15 6
15 7
15 8
15 9
15 10
15 11
15 12
15 13
15 14
15 15
16 0
16 1
16 2
16 3
16 4
16 5
16 6
16 7
16 8
16 9
16 10
16 11
16 12
16 13
16 14
16 15
17 0
17 1
17 2
17 3
17 4
17 5
17 6
17 7
17 8
17 9
17 10
17 11
17 12
17 13
17 14
17 15
18 0
18 1
18 2
18 3
18 4
18 5
18 6
18 7
18 8
18 9
18 10
18 11
18 12
18 13
18 14
18 15
0
Yes
41 0
41 1
41 2
41 3
42 0
42 1
42 2
42 3
43 0
43 1
43 2
43 3
44 0
44 1
44 2
44 3
45 0
45 1
45 2
45 3
0
No
0
Yes
38 44
38 45
38 46
38 47
38 48
38 49
39 44
39 45
39 46
39 47
39 48
39 49
40 44
40 45
40 46
40 47
40 48
40 49
41 44
41 45
41 46
41 47
41 48
41 49
42 44
42 45
42 46
42 47
42 48
0
Yes
0 33
0 34
0 35
0 36
0 37
0 38
0 39
1 33
1 34
1 35
1 36
1 37
1 38
1 39
2 33
2 34
2 35
2 36
2 37
2 38
2 39
3 33
3 34
3 35
3 36
3 37
3 38
3 39
4 33
4 34
4 35
4 36
4 37
4 38
4 39
5 33
5 34
5 35
5 36
5 37
5 38
5 39
6 33
6 34
6 35
6 36
0
Yes
32 43
32 44
32 45
32 46
32 47
32 48
32 49
33 43
33 44
33 45
33 46
33 47
33 48
33 49
34 43
34 44
34 45
34 46
34 47
34 48
34 49
35 43
35 44
35 45
35 46
35 47
35 48
35 49
36 43
36 44
36 45
36 46
36 47
36 48
36 49
37 43
37 44
37 45
37 46
37 47
37 48
0
Yes
8 0
8 1
8 2
8 3
8 4
9 0
9 1
9 2
9 3
9 4
10 0
10 1
10 2
10 3
10 4
0
No
0
Yes
19 9
19 10
19 11
19 12
19 13
19 14
19 15
20 9
20 10
20 11
20 12
20 13
20 14
20 15
21 9
21 10
21 11
21 12
21 13
21 14
21 15
22 9
22 10
22 11
22 12
22 13
22 14
22 15
23 9
23 10
23 11
23 12
23 13
23 14
23 15
24 9
24 10
24 11
24 12
24 13
24 14
24 15
25 9
25 10
25 11
25 12
25 13
25 14
25 15
26 9
26 10
26 11
26 12
26 13
26 14
26 15
27 9
27 10
27 11
27 12
27 13
27 14
27 15
0
Yes
0 2
0 3
0 4
0 5
0 6
1 2
1 3
1 4
1 5
1 6
2 2
2 3
2 4
2 5
2 6
3 2
3 3
3 4
3 5
3 6
4 2
4 3
0
Yes
11 0
11 1
11 2
11 3
11 4
11 5
12 0
12 1
12 2
12 3
12 4
12 5
13 0
13 1
13 2
13 3
13 4
13 5
14 0
14 1
14 2
14 3
14 4
14 5
15 0
15 1
15 2
15 3
15 4
15 5
16 0
16 1
16 2
16 3
16 4
16 5
17 0
17 1
17 2
17 3
17 4
17 5
18 0
18 1
18 2
18 3
18 4
0
No
0
Yes
24 48
24 49
23 48
23 49
25 48
25 49
24 47
23 47
25 47
22 48
22 49
26 48
26 49
22 47
21 48
21 49
21 47
0
Yes
41 0
41 1
41 2
42 0
42 1
42 2
43 0
43 1
43 2
44 0
44 1
44 2
45 0
45 1
0
No
0
No
0
Yes
24 9
24 10
24 11
24 12
24 13
25 9
25 10
25 11
25 12
25 13
26 9
26 10
26 11
26 12
26 13
27 9
27 10
27 11
27 12
27 13
28 9
28 10
28 11
28 12
28 13
0
Yes
13 44
13 45
13 46
13 47
13 48
13 49
14 44
14 45
14 46
14 47
14 48
14 49
15 44
15 45
15 46
15 47
15 48
15 49
16 44
16 45
16 46
16 47
16 48
16 49
17 44
17 45
17 46
17 47
17 48
17 49
18 44
18 45
18 46
18 47
18 48
18 49
19 44
19 45
19 46
19 47
19 48
19 49
20 44
20 45
20 46
20 47
20 48
20 49
21 44
21 45
0
Yes
7 42
7 43
7 44
7 45
8 42
8 43
8 44
8 45
9 42
9 43
9 44
0
Yes
41 3
41 4
41 5
41 6
41 7
42 3
42 4
42 5
42 6
42 7
43 3
43 4
43 5
43 6
43 7
44 3
44 4
44 5
44 6
44 7
45 3
45 4
0
No
0
Yes
0 0
0 1
1 0
1 1
2 0
2 1
0
Yes
20 9
20 10
20 11
20 12
21 9
21 10
21 11
21 12
22 9
22 10
22 11
22 12
23 9
23 10
23 11
23 12
0
Yes
0 42
0 43
0 44
0 45
0 46
0 47
0 48
0 49
1 42
1 43
1 44
1 45
1 46
1 47
1 48
1 49
2 42
2 43
2 44
2 45
2 46
2 47
2 48
2 49
3 42
3 43
3 44
3 45
3 46
3 47
3 48
3 49
4 42
4 43
4 44
4 45
4 46
4 47
4 48
4 49
5 42
5 43
5 44
5 45
5 46
5 47
5 48
5 49
6 42
6 43
6 44
6 45
6 46
6 47
6 48
6 49
7 42
7 43
7 44
7 45
0
Yes
48 4
48 5
48 6
48 7
48 8
49 4
49 5
49 6
49 7
49 8
0
Yes
11 6
11 7
11 8
11 9
11 10
12 6
12 7
12 8
12 9
12 10
13 6
13 7
13 8
13 9
13 10
14 6
14 7
14 8
14 9
14 10
15 6
15 7
15 8
15 9
15 10
16 6
16 7
16 8
16 9
16 10
17 6
17 7
17 8
17 9
17 10
18 6
18 7
18 8
18 9
18 10
0
Yes
0 33
0 34
0 35
0 36
0 37
0 38
0 39
0 40
0 41
1 33
1 34
1 35
1 36
1 37
1 38
1 39
1 40
1 41
2 33
2 34
2 35
2 36
2 37
2 38
2 39
2 40
2 41
3 33
3 34
3 35
3 36
3 37
3 38
3 39
3 40
3 41
4 33
4 34
4 35
4 36
4 37
4 38
4 39
4 40
4 41
5 33
5 34
5 35
5 36
5 37
5 38
5 39
5 40
5 41
6 33
6 34
6 35
6 36
6 37
6 38
6 39
6 40
6 41
7 33
7 34
7 35
7 36
7 37
7 38
7 39
7 40
7 41
8 33
8 34
8 35
8 36
8 37
8 38
8 39
8 40
8 41
9 33
9 34
9 35
9 36
9 37
9 38
9 39
9 40
9 41
0
Yes
6 20
6 21
6 22
6 23
6 24
6 25
7 20
7 21
7 22
7 23
7 24
7 25
8 20
8 21
8 22
8 23
8 24
8 25
9 20
9 21
9 22
9 23
9 24
9 25
0
Yes
16 18
16 19
15 18
15 19
17 18
17 19
16 17
16 20
15 17
15 20
17 17
17 20
14 18
14 19
18 18
18 19
14 17
14 20
16 16
16 21
18 17
18 20
15 16
15 21
17 16
17 21
13 18
13 19
19 18
19 19
14 16
14 21
18 16
18 21
13 17
13 20
19 17
19 20
16 15
16 22
15 15
15 22
17 15
17 22
13 16
13 21
19 16
19 21
12 18
12 19
14 15
14 22
18 15
18 22
20 18
20 19
12 17
12 20
20 17
20 20
16 14
16 23
13 15
13 22
15 14
15 23
17 14
17 23
19 15
19 22
12 16
12 21
20 16
20 21
14 14
14 23
18 14
18 23
11 18
11 19
11 17
11 20
12 15
12 22
20 15
20 22
13 14
13 23
19 14
19 23
16 13
16 24
11 16
11 21
15 13
15 24
17 13
17 24
14 13
14 24
18 13
18 24
12 14
12 23
20 14
20 23
11 15
11 22
13 13
13 24
19 13
19 24
16 12
16 25
15 12
15 25
17 12
17 25
11 14
11 23
12 13
12 24
14 12
14 25
18 12
18 25
20 13
20 24
13 12
13 25
19 12
19 25
11 13
11 24
16 11
15 11
17 11
12 12
12 25
20 25
14 11
18 11
13 11
19 11
11 12
11 25
12 11
0
Yes
30 0
30 1
30 2
30 3
30 4
30 5
30 6
30 7
30 8
30 9
31 0
31 1
31 2
31 3
31 4
31 5
31 6
31 7
31 8
31 9
32 0
32 1
32 2
32 3
32 4
32 5
32 6
32 7
32 8
32 9
33 0
33 1
33 2
33 3
33 4
33 5
33 6
33 7
33 8
33 9
34 0
34 1
34 2
34 3
34 4
34 5
34 6
34 7
34 8
34 9
35 0
35 1
35 2
35 3
35 4
35 5
35 6
35 7
35 8
35 9
36 0
36 1
36 2
36 3
36 4
36 5
36 6
36 7
36 8
36 9
37 0
37 1
37 2
37 3
37 4
37 5
37 6
37 7
37 8
37 9
38 0
38 1
38 2
38 3
38 4
38 5
38 6
38 7
38 8
38 9
39 0
39 1
39 2
39 3
39 4
39 5
39 6
39 7
39 8
39 9
40 0
40 1
40 2
40 3
40 4
40 5
40 6
0
No
0
Yes
46 0
46 1
46 2
46 3
47 0
47 1
47 2
47 3
48 0
48 1
48 2
48 3
49 0
49 1
49 2
49 3
0
Yes
0 0
0 1
1 0
1 1
2 0
2 1
0
Yes
29 38
29 39
29 40
29 41
29 42
29 43
29 44
29 45
29 46
29 47
29 48
29 49
30 38
30 39
30 40
30 41
30 42
30 43
30 44
30 45
30 46
30 47
30 48
30 49
31 38
31 39
31 40
31 41
31 42
31 43
31 44
31 45
31 46
31 47
31 48
31 49
32 38
32 39
32 40
32 41
32 42
32 43
32 44
32 45
32 46
32 47
32 48
32 49
33 38
33 39
33 40
33 41
33 42
33 43
33 44
33 45
33 46
33 47
33 48
33 49
34 38
34 39
34 40
34 41
34 42
34 43
34 44
34 45
34 46
34 47
34 48
34 49
35 38
35 39
35 40
35 41
35 42
35 43
35 44
35 45
35 46
35 47
35 48
35 49
36 38
36 39
36 40
36 41
36 42
36 43
36 44
36 45
36 46
36 47
36 48
36 49
37 38
37 39
37 40
37 41
37 42
37 43
37 44
37 45
0
Yes
10 33
10 34
10 35
10 36
10 37
11 33
11 34
11 35
11 36
11 37
12 33
12 34
12 35
12 36
12 37
13 33
13 34
13 35
13 36
13 37
14 33
14 34
14 35
14 36
14 37
15 33
15 34
15 35
15 36
15 37
16 33
16 34
16 35
16 36
16 37
0
Yes
27 10
27 11
27 12
27 13
27 14
27 15
27 16
28 10
28 11
28 12
28 13
28 14
28 15
28 16
29 10
29 11
29 12
29 13
29 14
29 15
29 16
30 10
30 11
30 12
30 13
30 14
30 15
30 16
31 10
31 11
31 12
31 13
31 14
31 15
31 16
32 10
32 11
32 12
32 13
32 14
32 15
32 16
33 10
33 11
33 12
33 13
33 14
33 15
33 16
34 10
34 11
34 12
34 13
34 14
34 15
34 16
35 10
35 11
35 12
35 13
35 14
35 15
35 16
36 10
36 11
36 12
36 13
0
Yes
10 38
10 39
10 40
10 41
10 42
10 43
11 38
11 39
11 40
11 41
11 42
11 43
12 38
12 39
12 40
12 41
12 42
12 43
13 38
13 39
13 40
13 41
13 42
13 43
14 38
14 39
14 40
14 41
14 42
14 43
15 38
15 39
15 40
15 41
15 42
15 43
16 38
16 39
0
No
0
Yes
41 0
41 1
41 2
41 3
41 4
41 5
41 6
42 0
42 1
42 2
42 3
42 4
42 5
42 6
43 0
43 1
43 2
43 3
43 4
43 5
43 6
44 0
44 1
44 2
44 3
44 4
44 5
44 6
45 0
45 1
45 2
45 3
45 4
45 5
0
Yes
11 26
11 27
11 28
11 29
11 30
11 31
11 32
12 26
12 27
12 28
12 29
12 30
12 31
12 32
13 26
13 27
13 28
13 29
13 30
13 31
13 32
14 26
14 27
14 28
14 29
14 30
14 31
14 32
15 26
15 27
15 28
15 29
15 30
15 31
15 32
16 26
16 27
16 28
16 29
16 30
16 31
16 32
17 26
17 27
17 28
17 29
17 30
17 31
17 32
18 26
18 27
18 28
18 29
18 30
18 31
18 32
19 26
19 27
19 28
19 29
19 30
19 31
19 32
20 26
20 27
0
Yes
11 0
11 1
11 2
11 3
11 4
11 5
12 0
12 1
12 2
12 3
12 4
12 5
13 0
13 1
13 2
13 3
13 4
13 5
14 0
14 1
14 2
14 3
14 4
14 5
15 0
15 1
15 2
15 3
15 4
15 5
16 0
16 1
16 2
16 3
16 4
16 5
17 0
17 1
17 2
17 3
17 4
17 5
18 0
18 1
18 2
18 3
18 4
18 5
19 0
19 1
19 2
19 3
0
Yes
27 0
27 1
27 2
27 3
27 4
27 5
27 6
27 7
27 8
28 0
28 1
28 2
28 3
28 4
28 5
28 6
28 7
28 8
29 0
29 1
29 2
29 3
29 4
29 5
29 6
29 7
29 8
30 0
30 1
30 2
30 3
30 4
30 5
30 6
30 7
30 8
31 0
31 1
31 2
31 3
31 4
31 5
31 6
31 7
31 8
32 0
32 1
32 2
32 3
32 4
32 5
32 6
32 7
32 8
33 0
33 1
33 2
33 3
33 4
33 5
33 6
33 7
33 8
34 0
34 1
34 2
34 3
34 4
34 5
34 6
34 7
34 8
35 0
35 1
35 2
35 3
35 4
35 5
35 6
35 7
35 8
36 0
36 1
36 2
36 3
36 4
36 5
36 6
36 7
36 8
37 0
37 1
37 2
37 3
37 4
37 5
37 6
37 7
37 8
38 0
38 1
38 2
38 3
38 4
38 5
38 6
38 7
38 8
39 0
39 1
39 2
39 3
39 4
39 5
39 6
39 7
39 8
40 0
40 1
40 2
40 3
40 4
40 5
40 6
40 7
40 8
0
Yes
20 0
20 1
20 2
20 3
20 4
20 5
20 6
21 0
21 1
21 2
21 3
21 4
21 5
21 6
22 0
22 1
22 2
22 3
22 4
22 5
22 6
23 0
23 1
23 2
23 3
23 4
23 5
23 6
24 0
24 1
24 2
24 3
24 4
24 5
24 6
25 0
25 1
25 2
25 3
25 4
25 5
25 6
26 0
26 1
26 2
0
Yes
33 11
33 12
33 13
33 14
34 11
34 12
34 13
34 14
35 11
35 12
35 13
35 14
36 11
36 12
36 13
36 14
0
No
0
Yes
8 0
8 1
8 2
8 3
9 0
9 1
9 2
9 3
10 0
10 1
10 2
10 3
0
Yes
29 0
29 1
29 2
29 3
29 4
29 5
29 6
29 7
29 8
29 9
29 10
30 0
30 1
30 2
30 3
30 4
30 5
30 6
30 7
30 8
30 9
30 10
31 0
31 1
31 2
31 3
31 4
31 5
31 6
31 7
31 8
31 9
31 10
32 0
32 1
32 2
32 3
32 4
32 5
32 6
32 7
32 8
32 9
32 10
33 0
33 1
33 2
33 3
33 4
33 5
33 6
33 7
33 8
33 9
33 10
34 0
34 1
34 2
34 3
34 4
34 5
34 6
34 7
34 8
34 9
34 10
35 0
35 1
35 2
35 3
35 4
35 5
35 6
35 7
35 8
35 9
35 10
36 0
36 1
36 2
36 3
36 4
36 5
36 6
36 7
36 8
36 9
36 10
37 0
37 1
37 2
37 3
37 4
37 5
37 6
37 7
37 8
37 9
37 10
38 0
38 1
38 2
38 3
38 4
38 5
38 6
38 7
38 8
38 9
38 10
39 0
39 1
39 2
39 3
39 4
39 5
39 6
39 7
39 8
39 9
39 10
40 0
40 1
40 2
40 3
40 4
40 5
0
No
0
No
0
Yes
21 11
21 12
21 13
21 14
21 15
21 16
21 17
21 18
21 19
21 20
21 21
22 11
22 12
22 13
22 14
22 15
22 16
22 17
22 18
22 19
22 20
22 21
23 11
23 12
23 13
23 14
23 15
23 16
23 17
23 18
23 19
23 20
23 21
24 11
24 12
24 13
24 14
24 15
24 16
24 17
24 18
24 19
24 20
24 21
25 11
25 12
25 13
25 14
25 15
25 16
25 17
25 18
25 19
25 20
25 21
26 11
26 12
26 13
26 14
26 15
26 16
26 17
26 18
26 19
26 20
26 21
27 11
27 12
27 13
27 14
27 15
27 16
27 17
27 18
27 19
27 20
27 21
28 11
28 12
28 13
28 14
28 15
28 16
28 17
28 18
28 19
28 20
28 21
29 11
29 12
29 13
29 14
29 15
29 16
29 17
29 18
29 19
29 20
29 21
30 11
30 12
30 13
30 14
30 15
30 16
30 17
30 18
30 19
30 20
30 21
31 11
31 12
31 13
31 14
31 15
31 16
31 17
31 18
31 19
31 20
31 21
32 11
32 12
32 13
32 14
32 15
32 16
32 17
32 18
32 19
32 20
32 21
0
No
0
Yes
11 6
11 7
11 8
11 9
11 10
12 6
12 7
12 8
12 9
12 10
13 6
13 7
13 8
13 9
13 10
14 6
14 7
14 8
14 9
14 10
15 6
15 7
15 8
15 9
15 10
16 6
16 7
16 8
16 9
16 10
17 6
17 7
17 8
17 9
17 10
18 6
18 7
18 8
18 9
0
Yes
30 41
30 42
30 43
30 44
30 45
30 46
30 47
30 48
30 49
31 41
31 42
31 43
31 44
31 45
31 46
31 47
31 48
31 49
32 41
32 42
32 43
32 44
32 45
32 46
32 47
32 48
32 49
33 41
33 42
33 43
33 44
33 45
33 46
33 47
33 48
33 49
34 41
34 42
34 43
34 44
34 45
34 46
34 47
34 48
34 49
35 41
35 42
35 43
35 44
35 45
35 46
35 47
35 48
35 49
36 41
36 42
36 43
36 44
36 45
36 46
36 47
36 48
36 49
37 41
37 42
37 43
37 44
37 45
37 46
37 47
37 48
37 49
38 41
0
Yes
12 0
12 1
12 2
12 3
12 4
12 5
13 0
13 1
13 2
13 3
13 4
13 5
14 0
14 1
14 2
14 3
14 4
14 5
15 0
15 1
15 2
15 3
15 4
15 5
16 0
16 1
16 2
16 3
16 4
16 5
17 0
17 1
17 2
17 3
17 4
17 5
18 0
18 1
18 2
18 3
18 4
18 5
19 0
19 1
19 2
19 3
0
Yes
43 29
43 30
43 31
43 32
43 33
43 34
43 35
43 36
43 37
43 38
43 39
43 40
44 29
44 30
44 31
44 32
44 33
44 34
44 35
44 36
44 37
44 38
44 39
44 40
45 29
45 30
45 31
45 32
45 33
45 34
45 35
45 36
45 37
45 38
45 39
45 40
46 29
46 30
46 31
46 32
46 33
46 34
46 35
46 36
46 37
46 38
46 39
46 40
47 29
47 30
47 31
47 32
47 33
47 34
47 35
47 36
47 37
47 38
47 39
47 40
48 29
48 30
48 31
48 32
48 33
48 34
48 35
48 36
48 37
48 38
48 39
48 40
49 29
49 30
49 31
49 32
49 33
49 34
49 35
49 36
49 37
49 38
49 39
49 40
0
Yes
29 39
29 40
29 41
29 42
29 43
29 44
29 45
29 46
29 47
29 48
29 49
30 39
30 40
30 41
30 42
30 43
30 44
30 45
30 46
30 47
30 48
30 49
31 39
31 40
31 41
31 42
31 43
31 44
31 45
31 46
31 47
31 48
31 49
32 39
32 40
32 41
32 42
32 43
32 44
32 45
32 46
32 47
32 48
32 49
33 39
33 40
33 41
33 42
33 43
33 44
33 45
33 46
33 47
33 48
33 49
34 39
34 40
34 41
34 42
34 43
34 44
34 45
34 46
34 47
34 48
34 49
35 39
35 40
35 41
35 42
35 43
35 44
35 45
35 46
35 47
35 48
35 49
36 39
36 40
36 41
36 42
36 43
36 44
36 45
36 46
36 47
36 48
36 49
37 39
37 40
37 41
37 42
37 43
37 44
37 45
37 46
37 47
0
Yes
0 2
0 3
0 4
0 5
0 6
1 2
1 3
1 4
1 5
1 6
2 2
2 3
2 4
2 5
2 6
3 2
3 3
3 4
3 5
3 6
4 2
4 3
0
Yes
20 0
20 1
20 2
20 3
20 4
20 5
20 6
21 0
21 1
21 2
21 3
21 4
21 5
21 6
22 0
22 1
22 2
22 3
22 4
22 5
22 6
23 0
23 1
23 2
23 3
23 4
23 5
23 6
24 0
24 1
24 2
24 3
24 4
24 5
24 6
25 0
25 1
25 2
25 3
25 4
25 5
25 6
26 0
26 1
26 2
26 3
26 4
26 5
26 6
27 0
27 1
27 2
27 3
27 4
27 5
27 6
28 0
28 1
28 2
0
Yes
0 42
0 43
0 44
0 45
0 46
0 47
0 48
0 49
1 42
1 43
1 44
1 45
1 46
1 47
1 48
1 49
2 42
2 43
2 44
2 45
2 46
2 47
2 48
2 49
3 42
3 43
3 44
3 45
3 46
3 47
3 48
3 49
4 42
4 43
4 44
4 45
4 46
4 47
4 48
4 49
5 42
5 43
5 44
5 45
5 46
5 47
5 48
5 49
6 42
6 43
6 44
6 45
6 46
6 47
6 48
6 49
0
Yes
41 0
41 1
41 2
41 3
41 4
41 5
42 0
42 1
42 2
42 3
42 4
42 5
43 0
43 1
43 2
43 3
43 4
43 5
0
Yes
40 6
40 7
40 8
41 6
41 7
41 8
42 6
42 7
42 8
43 6
43 7
43 8
0
Yes
0 14
0 15
0 16
0 17
0 18
0 19
0 20
0 21
0 22
0 23
0 24
0 25
0 26
1 14
1 15
1 16
1 17
1 18
1 19
1 20
1 21
1 22
1 23
1 24
1 25
1 26
2 14
2 15
2 16
2 17
2 18
2 19
2 20
2 21
2 22
2 23
2 24
2 25
2 26
3 14
3 15
3 16
3 17
3 18
3 19
3 20
3 21
3 22
3 23
3 24
3 25
3 26
4 14
4 15
4 16
4 17
4 18
4 19
4 20
4 21
4 22
4 23
4 24
4 25
4 26
5 14
5 15
5 16
5 17
5 18
5 19
5 20
5 21
5 22
5 23
5 24
5 25
5 26
6 14
6 15
6 16
6 17
6 18
6 19
6 20
6 21
6 22
6 23
6 24
6 25
6 26
7 14
7 15
7 16
7 17
7 18
7 19
7 20
7 21
7 22
7 23
7 24
7 25
7 26
8 14
8 15
8 16
8 17
8 18
8 19
8 20
8 21
8 22
8 23
8 24
8 25
8 26
9 14
9 15
9 16
9 17
9 18
9 19
9 20
9 21
9 22
9 23
9 24
9 25
9 26
10 14
10 15
10 16
10 17
10 18
10 19
10 20
10 21
0
No
0
No
0
Yes
0 9
0 10
0 11
0 12
0 13
1 9
1 10
1 11
1 12
1 13
2 9
2 10
2 11
2 12
2 13
3 9
3 10
3 11
3 12
3 13
4 9
4 10
4 11
4 12
4 13
5 9
5 10
5 11
5 12
5 13
6 9
6 10
6 11
6 12
6 13
7 9
7 10
7 11
7 12
7 13
8 9
8 10
8 11
8 12
8 13
9 9
9 10
9 11
9 12
9 13
0
Yes
0 14
0 15
0 16
0 17
0 18
0 19
0 20
0 21
0 22
0 23
0 24
0 25
0 26
1 14
1 15
1 16
1 17
1 18
1 19
1 20
1 21
1 22
1 23
1 24
1 25
1 26
2 14
2 15
2 16
2 17
2 18
2 19
2 20
2 21
2 22
2 23
2 24
2 25
2 26
3 14
3 15
3 16
3 17
3 18
3 19
3 20
3 21
3 22
3 23
3 24
3 25
3 26
4 14
4 15
4 16
4 17
4 18
4 19
4 20
4 21
4 22
4 23
4 24
4 25
4 26
5 14
5 15
5 16
5 17
5 18
5 19
5 20
5 21
5 22
5 23
5 24
5 25
5 26
6 14
6 15
6 16
6 17
6 18
6 19
6 20
6 21
6 22
6 23
6 24
6 25
6 26
7 14
7 15
7 16
7 17
7 18
7 19
7 20
7 21
7 22
7 23
7 24
7 25
7 26
8 14
8 15
8 16
8 17
8 18
8 19
8 20
8 21
8 22
8 23
8 24
8 25
8 26
9 14
9 15
9 16
9 17
9 18
9 19
9 20
9 21
9 22
9 23
9 24
9 25
9 26
10 14
10 15
10 16
10 17
10 18
10 19
10 20
10 21
10 22
10 23
10 24
0
Yes
40 13
40 14
40 15
40 16
40 17
40 18
40 19
40 20
40 21
40 22
40 23
40 24
40 25
41 13
41 14
41 15
41 16
41 17
41 18
41 19
41 20
41 21
41 22
41 23
41 24
41 25
42 13
42 14
42 15
42 16
42 17
42 18
42 19
42 20
42 21
42 22
42 23
42 24
42 25
43 13
43 14
43 15
43 16
43 17
43 18
43 19
43 20
43 21
43 22
43 23
43 24
43 25
44 13
44 14
44 15
44 16
44 17
44 18
44 19
44 20
44 21
44 22
44 23
44 24
44 25
45 13
45 14
45 15
45 16
45 17
45 18
45 19
45 20
45 21
45 22
45 23
45 24
45 25
46 13
46 14
46 15
46 16
46 17
46 18
46 19
46 20
46 21
46 22
46 23
46 24
46 25
47 13
47 14
47 15
47 16
47 17
47 18
47 19
47 20
47 21
47 22
47 23
47 24
47 25
48 13
48 14
48 15
48 16
48 17
48 18
48 19
48 20
48 21
48 22
48 23
48 24
48 25
49 13
49 14
49 15
49 16
49 17
49 18
49 19
49 20
49 21
49 22
49 23
49 24
0
Yes
18 34
17 34
18 33
17 33
0
Yes
10 29
10 30
9 30
9 31
10 31
9 32
10 32
8 32
8 31
8 30
0
Yes
33 15
33 16
34 16
34 15
35 16
35 15
35 17
34 17
33 17
33 18
34 18
35 18
34 19
33 19
0
Yes
0 4
0 5
0 6
0 7
0 8
1 4
1 5
1 6
1 7
1 8
2 4
2 5
2 6
2 7
2 8
3 4
3 5
3 6
3 7
3 8
4 4
4 5
4 6
4 7
4 8
5 4
5 5
5 6
5 7
5 8
0
No
0
Yes
43 4
44 4
43 3
43 5
44 3
44 5
42 4
45 4
42 3
42 5
45 3
45 5
43 2
43 6
44 2
44 6
41 4
42 2
42 6
45 2
41 3
41 5
43 1
43 7
44 1
44 7
41 2
41 6
42 1
42 7
45 1
41 1
41 7
43 0
44 0
42 0
45 0
41 0
0
No
0
Yes
15 0
15 1
15 2
15 3
15 4
16 0
16 1
16 2
16 3
16 4
17 0
17 1
17 2
17 3
17 4
18 0
18 1
18 2
18 3
18 4
19 0
19 1
19 2
19 3
19 4
0
Yes
14 5
14 6
14 7
14 8
14 9
14 10
15 5
15 6
15 7
15 8
15 9
15 10
16 5
16 6
16 7
16 8
16 9
16 10
17 5
17 6
17 7
17 8
17 9
17 10
18 5
18 6
18 7
18 8
18 9
18 10
19 5
19 6
19 7
19 8
19 9
19 10
0
Yes
7 42
7 43
7 44
7 45
8 42
8 43
8 44
8 45
9 42
9 43
9 44
0
No
0
Yes
48 27
48 28
47 27
47 28
49 27
49 28
48 26
47 26
49 26
46 27
46 28
0
No
0
Yes
10 38
10 39
10 40
10 41
10 42
10 43
11 38
11 39
11 40
11 41
11 42
11 43
12 38
12 39
12 40
12 41
12 42
0
Yes
29 42
29 43
29 44
29 45
29 46
29 47
29 48
29 49
30 42
30 43
30 44
30 45
30 46
30 47
30 48
30 49
31 42
31 43
31 44
31 45
31 46
31 47
31 48
31 49
32 42
32 43
32 44
32 45
32 46
32 47
32 48
32 49
33 42
33 43
33 44
33 45
33 46
33 47
33 48
33 49
34 42
34 43
34 44
34 45
34 46
34 47
34 48
34 49
35 42
35 43
35 44
35 45
35 46
35 47
35 48
35 49
36 42
36 43
36 44
36 45
36 46
36 47
36 48
36 49
37 42
37 43
37 44
37 45
37 46
37 47
37 48
37 49
0
Yes
0 6
0 7
0 8
0 9
0 10
0 11
0 12
0 13
1 6
1 7
1 8
1 9
1 10
1 11
1 12
1 13
2 6
2 7
2 8
2 9
2 10
2 11
2 12
2 13
3 6
3 7
3 8
3 9
3 10
3 11
3 12
3 13
4 6
4 7
4 8
4 9
4 10
4 11
4 12
4 13
5 6
5 7
5 8
5 9
5 10
5 11
5 12
5 13
6 6
6 7
6 8
6 9
6 10
6 11
6 12
6 13
7 6
7 7
7 8
7 9
7 10
7 11
7 12
7 13
8 6
8 7
8 8
8 9
8 10
8 11
8 12
0
Yes
38 4
39 4
38 3
38 5
39 3
39 5
37 4
40 4
37 3
37 5
40 3
40 5
38 2
38 6
39 2
39 6
36 4
37 2
37 6
40 2
40 6
36 3
36 5
38 1
38 7
39 1
39 7
36 2
36 6
37 1
37 7
40 1
40 7
36 1
36 7
38 0
39 0
37 0
40 0
0
Yes
0 0
0 1
0 2
0 3
0 4
1 0
1 1
1 2
1 3
1 4
2 0
2 1
2 2
2 3
2 4
0
Yes
21 22
21 23
21 24
21 25
21 26
21 27
22 22
22 23
22 24
22 25
22 26
22 27
23 22
23 23
23 24
23 25
23 26
23 27
24 22
24 23
24 24
24 25
24 26
24 27
0
No
0
No
0
Yes
33 4
32 4
33 3
33 5
34 4
32 3
32 5
34 3
34 5
31 4
33 2
33 6
35 4
31 3
31 5
32 2
32 6
34 2
34 6
35 3
35 5
31 2
31 6
35 2
35 6
30 4
33 1
33 7
30 3
30 5
32 1
32 7
34 1
34 7
30 2
30 6
31 1
31 7
35 1
35 7
33 0
32 0
34 0
30 1
30 7
31 0
35 0
0
No
0
Yes
9 0
9 1
9 2
9 3
9 4
9 5
9 6
9 7
9 8
9 9
9 10
10 0
10 1
10 2
10 3
10 4
10 5
10 6
10 7
10 8
10 9
10 10
11 0
11 1
11 2
11 3
11 4
11 5
11 6
11 7
11 8
11 9
11 10
12 0
12 1
12 2
12 3
12 4
12 5
12 6
12 7
12 8
12 9
12 10
13 0
13 1
13 2
13 3
13 4
13 5
13 6
13 7
13 8
13 9
13 10
14 0
14 1
14 2
14 3
14 4
14 5
14 6
14 7
14 8
14 9
14 10
15 0
15 1
15 2
15 3
15 4
15 5
15 6
15 7
15 8
15 9
15 10
16 0
16 1
16 2
16 3
16 4
16 5
16 6
16 7
16 8
16 9
16 10
17 0
17 1
17 2
17 3
17 4
17 5
17 6
17 7
17 8
17 9
17 10
18 0
18 1
18 2
18 3
18 4
18 5
18 6
18 7
18 8
18 9
18 10
19 0
19 1
19 2
19 3
19 4
19 5
19 6
19 7
19 8
19 9
19 10
20 0
20 1
20 2
20 3
20 4
20 5
20 6
20 7
20 8
20 9
20 10
21 0
21 1
21 2
21 3
21 4
21 5
21 6
21 7
21 8
21 9
21 10
22 0
22 1
0
Yes
23 0
23 1
23 2
23 3
23 4
23 5
23 6
23 7
23 8
24 0
24 1
24 2
24 3
24 4
24 5
24 6
24 7
24 8
25 0
25 1
25 2
25 3
25 4
25 5
25 6
25 7
25 8
26 0
26 1
26 2
26 3
26 4
26 5
26 6
26 7
26 8
27 0
27 1
27 2
27 3
27 4
27 5
27 6
27 7
27 8
28 0
28 1
28 2
28 3
28 4
28 5
28 6
28 7
28 8
29 0
29 1
29 2
29 3
29 4
29 5
29 6
0
No
0
Yes
8 0
8 1
8 2
8 3
8 4
8 5
9 0
9 1
9 2
9 3
9 4
9 5
10 0
10 1
10 2
10 3
10 4
10 5
11 0
11 1
11 2
11 3
11 4
11 5
12 0
12 1
12 2
12 3
12 4
12 5
13 0
13 1
13 2
13 3
13 4
13 5
14 0
14 1
14 2
14 3
14 4
14 5
15 0
15 1
15 2
15 3
15 4
15 5
16 0
16 1
16 2
16 3
16 4
0
No
0
Yes
16 44
17 44
16 43
16 45
17 43
17 45
15 44
18 44
15 43
15 45
18 43
18 45
16 42
16 46
17 42
17 46
14 44
15 42
15 46
18 42
18 46
19 44
14 43
14 45
19 43
19 45
16 41
16 47
17 41
17 47
14 42
14 46
19 42
19 46
15 41
15 47
18 41
18 47
13 44
13 43
13 45
14 41
14 47
19 41
19 47
13 42
13 46
16 40
16 48
17 40
17 48
15 40
15 48
18 40
18 48
13 41
13 47
14 40
14 48
19 40
19 48
16 39
16 49
17 39
17 49
15 39
15 49
18 39
18 49
13 40
13 48
14 39
14 49
19 39
19 49
16 38
17 38
13 39
13 49
15 38
18 38
14 38
13 38
0
No
0
Yes
28 0
28 1
28 2
28 3
28 4
28 5
28 6
29 0
29 1
29 2
29 3
29 4
29 5
29 6
30 0
30 1
30 2
30 3
30 4
30 5
30 6
31 0
31 1
31 2
31 3
31 4
31 5
31 6
32 0
32 1
32 2
32 3
32 4
32 5
32 6
33 0
33 1
33 2
33 3
33 4
33 5
33 6
34 0
34 1
34 2
34 3
34 4
34 5
34 6
35 0
35 1
35 2
35 3
35 4
35 5
35 6
0
No
0
Yes
17 0
17 1
17 2
17 3
17 4
17 5
17 6
17 7
17 8
18 0
18 1
18 2
18 3
18 4
18 5
18 6
18 7
18 8
19 0
19 1
19 2
19 3
19 4
19 5
19 6
19 7
19 8
20 0
20 1
20 2
20 3
20 4
20 5
20 6
20 7
20 8
21 0
21 1
21 2
21 3
21 4
21 5
21 6
21 7
21 8
22 0
22 1
22 2
22 3
22 4
22 5
22 6
22 7
22 8
23 0
23 1
23 2
23 3
23 4
23 5
23 6
23 7
23 8
24 0
24 1
24 2
24 3
24 4
24 5
24 6
24 7
24 8
25 0
25 1
25 2
25 3
25 4
25 5
25 6
25 7
25 8
26 0
26 1
26 2
26 3
26 4
26 5
26 6
26 7
26 8
27 0
27 1
27 2
27 3
27 4
27 5
27 6
0
No
0
No
0
No
0
Yes
42 49
41 49
41 48
42 48
41 47
42 47
40 47
40 48
40 49
39 49
39 48
39 47
40 46
41 46
42 46
39 46
38 48
38 47
38 46
38 49
42 45
41 45
40 45
39 45
38 45
41 44
40 44
0
Yes
30 0
30 1
30 2
30 3
30 4
30 5
31 0
31 1
31 2
31 3
31 4
31 5
32 0
32 1
32 2
32 3
32 4
32 5
33 0
33 1
33 2
33 3
33 4
33 5
34 0
34 1
34 2
34 3
34 4
34 5
35 0
35 1
35 2
35 3
35 4
35 5
36 0
0
Yes
13 42
13 43
13 44
13 45
13 46
13 47
13 48
13 49
14 42
14 43
14 44
14 45
14 46
14 47
14 48
14 49
15 42
15 43
15 44
15 45
15 46
15 47
15 48
15 49
16 42
16 43
16 44
16 45
16 46
16 47
16 48
16 49
17 42
17 43
17 44
17 45
17 46
17 47
17 48
17 49
18 42
18 43
18 44
18 45
18 46
18 47
18 48
18 49
19 42
19 43
19 44
19 45
19 46
19 47
19 48
19 49
20 42
20 43
20 44
20 45
20 46
20 47
20 48
20 49
21 42
21 43
21 44
21 45
21 46
21 47
21 48
21 49
22 42
22 43
22 44
0
No
0
Yes
40 26
40 27
40 28
40 29
40 30
40 31
40 32
40 33
40 34
40 35
41 26
41 27
41 28
41 29
41 30
41 31
41 32
41 33
41 34
41 35
42 26
42 27
42 28
42 29
42 30
42 31
42 32
42 33
42 34
42 35
43 26
43 27
43 28
43 29
43 30
43 31
43 32
43 33
43 34
43 35
44 26
44 27
44 28
44 29
44 30
44 31
44 32
44 33
44 34
44 35
45 26
45 27
45 28
45 29
45 30
45 31
45 32
45 33
45 34
45 35
46 26
46 27
46 28
46 29
46 30
46 31
46 32
46 33
46 34
46 35
47 26
47 27
47 28
47 29
47 30
47 31
47 32
47 33
47 34
47 35
48 26
48 27
48 28
48 29
48 30
48 31
48 32
48 33
48 34
48 35
49 26
49 27
49 28
49 29
49 30
49 31
49 32
49 33
49 34
49 35
0
Yes
28 32
28 33
28 34
28 35
28 36
28 37
28 38
28 39
28 40
28 41
29 32
29 33
29 34
29 35
29 36
29 37
29 38
29 39
29 40
29 41
30 32
30 33
30 34
30 35
30 36
30 37
30 38
30 39
30 40
30 41
31 32
31 33
31 34
31 35
31 36
31 37
31 38
31 39
31 40
31 41
32 32
32 33
32 34
32 35
32 36
32 37
32 38
32 39
32 40
32 41
33 32
33 33
33 34
33 35
33 36
33 37
33 38
33 39
33 40
33 41
34 32
34 33
34 34
34 35
34 36
34 37
34 38
34 39
34 40
34 41
35 32
35 33
35 34
35 35
35 36
35 37
35 38
35 39
35 40
35 41
36 32
36 33
36 34
36 35
36 36
36 37
36 38
36 39
36 40
36 41
37 32
37 33
37 34
37 35
37 36
37 37
37 38
37 39
37 40
37 41
38 32
38 33
38 34
38 35
38 36
38 37
38 38
38 39
38 40
38 41
39 32
39 33
39 34
39 35
39 36
39 37
39 38
39 39
0
No
0
No
0
Yes
35 25
34 25
35 24
35 26
36 25
34 24
34 26
36 24
36 26
33 25
35 23
35 27
37 25
33 24
33 26
34 23
34 27
36 23
36 27
37 24
37 26
33 23
33 27
37 23
37 27
32 25
35 22
35 28
38 25
32 24
32 26
34 22
34 28
36 22
36 28
38 24
38 26
32 23
32 27
33 22
33 28
37 22
37 28
38 23
38 27
31 25
35 21
35 29
39 25
31 24
31 26
34 21
34 29
36 21
36 29
39 24
39 26
32 22
32 28
38 22
38 28
31 23
31 27
33 21
33 29
37 21
37 29
39 23
39 27
30 25
31 22
31 28
32 21
32 29
35 20
35 30
38 21
38 29
39 22
39 28
30 24
30 26
34 20
34 30
36 20
36 30
30 23
30 27
33 20
33 30
37 20
37 30
31 21
31 29
39 21
39 29
30 22
30 28
32 20
32 30
38 20
38 30
35 19
35 31
34 19
34 31
36 19
36 31
33 19
33 31
37 19
37 31
30 21
30 29
31 20
31 30
39 20
39 30
32 19
32 31
38 19
38 31
35 18
30 20
30 30
34 18
36 18
31 19
31 31
39 19
39 31
33 18
37 18
32 18
38 18
30 19
30 31
31 18
39 18
0
Yes
28 0
28 1
28 2
28 3
28 4
28 5
28 6
29 0
29 1
29 2
29 3
29 4
29 5
29 6
30 0
30 1
30 2
30 3
30 4
30 5
30 6
31 0
31 1
31 2
31 3
31 4
31 5
31 6
32 0
32 1
32 2
32 3
32 4
32 5
32 6
33 0
33 1
33 2
33 3
33 4
33 5
33 6
34 0
34 1
34 2
34 3
34 4
34 5
34 6
35 0
35 1
35 2
35 3
35 4
35 5
35 6
36 0
36 1
36 2
36 3
36 4
36 5
36 6
37 0
37 1
37 2
37 3
37 4
37 5
37 6
38 0
38 1
38 2
38 3
0
Yes
6 2
6 3
6 4
7 2
7 3
7 4
0
Yes
46 49
45 49
45 48
46 48
45 47
46 47
47 47
47 48
47 49
44 47
44 48
44 49
48 49
48 48
48 47
47 46
46 46
45 46
44 46
48 46
43 49
43 48
43 47
43 46
49 48
49 47
49 46
49 49
46 45
45 45
47 45
44 45
0
No
0
Yes
45 40
44 40
44 39
45 39
44 38
45 38
46 38
46 39
46 40
43 38
43 39
43 40
46 41
45 41
44 41
43 41
47 40
47 39
47 41
47 38
46 37
45 37
44 37
43 37
47 37
42 40
42 39
42 38
42 41
42 37
45 42
44 42
46 42
43 42
47 42
48 39
48 40
48 41
48 38
48 42
48 37
45 36
44 36
46 36
43 36
47 36
42 36
48 36
41 39
41 38
41 40
41 37
41 36
41 41
44 43
45 43
46 43
47 43
43 43
48 43
49 40
49 39
49 41
49 38
49 42
49 43
49 37
49 36
40 40
40 39
40 38
40 37
40 36
45 44
46 44
47 44
44 44
0
No
0
No
0
No
0
Yes
34 5
34 6
35 5
35 6
33 5
33 6
34 4
34 7
35 4
35 7
36 5
36 6
33 4
33 7
36 4
36 7
32 5
32 6
34 3
34 8
35 3
35 8
37 5
37 6
32 4
32 7
33 3
33 8
36 3
36 8
37 4
37 7
31 5
31 6
32 3
32 8
34 2
34 9
35 2
35 9
37 3
37 8
38 5
38 6
31 4
31 7
33 2
33 9
36 2
36 9
38 4
38 7
31 3
31 8
32 2
32 9
37 2
37 9
38 3
38 8
30 5
30 6
34 1
34 10
35 1
35 10
39 5
39 6
30 4
30 7
33 1
33 10
36 1
36 10
39 4
39 7
31 2
31 9
38 2
38 9
30 3
30 8
32 1
32 10
37 1
37 10
39 3
39 8
29 5
29 6
34 0
35 0
40 5
40 6
29 4
29 7
30 2
30 9
31 1
31 10
33 0
36 0
38 1
38 10
39 2
39 9
40 4
40 7
29 3
29 8
32 0
37 0
40 3
40 8
30 1
30 10
39 1
39 10
28 5
28 6
29 2
29 9
31 0
38 0
40 2
40 9
28 4
28 7
28 3
28 8
29 1
29 10
30 0
39 0
40 1
40 10
28 2
28 9
29 0
40 0
28 1
0
Yes
49 44
48 44
48 45
49 45
48 46
49 46
48 47
49 47
47 47
47 46
47 45
47 48
48 48
49 48
46 45
46 46
46 47
46 48
49 49
48 49
47 49
46 49
45 46
45 47
45 48
45 45
45 49
44 45
44 46
44 47
44 48
0
Yes
15 9
15 10
15 11
15 12
15 13
15 14
15 15
15 16
15 17
15 18
15 19
16 9
16 10
16 11
16 12
16 13
16 14
16 15
16 16
16 17
16 18
16 19
17 9
17 10
17 11
17 12
17 13
17 14
17 15
17 16
17 17
17 18
17 19
18 9
18 10
18 11
18 12
18 13
18 14
18 15
18 16
18 17
18 18
18 19
19 9
19 10
19 11
19 12
19 13
19 14
19 15
19 16
19 17
19 18
19 19
20 9
20 10
20 11
20 12
20 13
20 14
20 15
20 16
20 17
20 18
20 19
21 9
21 10
21 11
21 12
21 13
21 14
21 15
21 16
21 17
21 18
21 19
22 9
22 10
22 11
22 12
22 13
22 14
22 15
22 16
22 17
22 18
22 19
23 9
23 10
23 11
23 12
23 13
23 14
23 15
23 16
23 17
23 18
23 19
24 9
24 10
24 11
24 12
24 13
24 14
24 15
24 16
24 17
24 18
24 19
25 9
25 10
25 11
25 12
25 13
25 14
25 15
25 16
25 17
25 18
25 19
26 9
26 10
26 11
26 12
26 13
26 14
26 15
26 16
26 17
26 18
26 19
27 9
27 10
27 11
27 12
27 13
27 14
27 15
27 16
27 17
0
No
0
Yes
30 32
30 33
30 34
30 35
30 36
30 37
30 38
30 39
30 40
30 41
31 32
31 33
31 34
31 35
31 36
31 37
31 38
31 39
31 40
31 41
32 32
32 33
32 34
32 35
32 36
32 37
32 38
32 39
32 40
32 41
33 32
33 33
33 34
33 35
33 36
33 37
33 38
33 39
33 40
33 41
34 32
34 33
34 34
34 35
34 36
34 37
34 38
34 39
34 40
34 41
35 32
35 33
35 34
35 35
35 36
35 37
35 38
35 39
35 40
35 41
36 32
36 33
36 34
36 35
36 36
36 37
36 38
36 39
36 40
36 41
37 32
37 33
37 34
37 35
37 36
37 37
37 38
37 39
37 40
37 41
38 32
38 33
38 34
38 35
38 36
38 37
38 38
38 39
38 40
38 41
39 32
39 33
39 34
39 35
39 36
39 37
0
No
0
Yes
23 25
23 26
24 25
24 26
22 25
22 26
23 24
23 27
24 24
24 27
25 25
25 26
22 24
22 27
25 24
25 27
21 25
21 26
23 23
23 28
24 23
24 28
26 25
26 26
21 24
21 27
22 23
22 28
25 23
25 28
26 24
26 27
20 25
20 26
21 23
21 28
23 22
23 29
24 22
24 29
26 23
26 28
27 25
27 26
20 24
20 27
22 22
22 29
25 22
25 29
27 24
27 27
20 23
20 28
21 22
21 29
26 22
26 29
27 23
27 28
19 25
19 26
23 21
23 30
24 21
24 30
28 25
28 26
19 24
19 27
22 21
22 30
25 21
25 30
28 24
28 27
20 22
20 29
27 22
27 29
19 23
19 28
21 21
21 30
26 21
26 30
28 23
28 28
18 25
18 26
23 20
24 20
29 25
29 26
18 24
18 27
19 22
19 29
20 21
20 30
22 20
25 20
27 21
27 30
28 22
28 29
29 24
29 27
18 23
18 28
21 20
26 20
29 23
29 28
19 21
19 30
28 21
28 30
17 25
17 26
18 22
18 29
20 20
27 20
29 22
29 29
17 24
17 27
17 23
17 28
18 21
18 30
19 20
28 20
29 21
29 30
17 22
17 29
18 20
29 20
17 21
0
No
0
No
0
No
0
No
0
No
0
No
0
Yes
4 40
4 41
3 40
3 41
5 40
5 41
4 39
4 42
3 39
3 42
5 39
5 42
2 40
2 41
6 40
6 41
2 39
2 42
4 38
4 43
6 39
6 42
3 38
3 43
5 38
5 43
1 40
1 41
7 40
7 41
2 38
2 43
6 38
6 43
1 39
1 42
7 39
7 42
4 37
4 44
3 37
3 44
5 37
5 44
1 38
1 43
7 38
7 43
0 40
0 41
2 37
2 44
6 37
6 44
0 39
0 42
4 36
4 45
1 37
1 44
3 36
3 45
5 36
5 45
7 37
7 44
0 38
0 43
2 36
2 45
6 36
6 45
0 37
0 44
1 36
1 45
7 36
7 45
4 35
4 46
3 35
3 46
5 35
5 46
2 35
2 46
6 35
6 46
0 36
0 45
1 35
1 46
7 35
4 34
3 34
5 34
0 35
0 46
2 34
6 34
1 34
7 34
0 34
0
Yes
5 20
4 20
5 19
5 21
6 20
4 19
4 21
6 19
6 21
3 20
5 18
5 22
7 20
3 19
3 21
4 18
4 22
6 18
6 22
7 19
7 21
3 18
3 22
7 18
7 22
2 20
5 17
5 23
8 20
2 19
2 21
4 17
4 23
6 17
6 23
8 19
8 21
2 18
2 22
3 17
3 23
7 17
7 23
8 18
8 22
1 20
5 16
5 24
9 20
1 19
1 21
4 16
4 24
6 16
6 24
9 19
9 21
2 17
2 23
8 17
8 23
1 18
1 22
3 16
3 24
7 16
7 24
9 18
9 22
0 20
1 17
1 23
2 16
2 24
5 15
5 25
8 16
8 24
9 17
9 23
0 19
0 21
4 15
4 25
6 15
6 25
0 18
0 22
3 15
3 25
7 15
7 25
1 16
1 24
9 16
9 24
0 17
0 23
2 15
2 25
8 15
8 25
5 14
5 26
4 14
4 26
6 14
6 26
3 14
3 26
7 14
7 26
0 16
0 24
1 15
1 25
9 15
9 25
2 14
2 26
8 14
8 26
5 13
0 15
0 25
4 13
6 13
1 14
1 26
9 14
9 26
3 13
7 13
2 13
8 13
0 14
0 26
1 13
9 13
0 13
0
Yes
43 42
43 43
43 44
43 45
43 46
43 47
43 48
43 49
44 42
44 43
44 44
44 45
44 46
44 47
44 48
44 49
45 42
45 43
45 44
45 45
45 46
45 47
45 48
45 49
46 42
46 43
46 44
46 45
46 46
46 47
46 48
46 49
47 42
47 43
47 44
47 45
47 46
47 47
47 48
47 49
48 42
48 43
48 44
48 45
48 46
48 47
48 48
48 49
49 42
49 43
49 44
49 45
49 46
49 47
49 48
0
No
0
No
0
Yes
0 6
0 7
0 8
0 9
0 10
0 11
0 12
1 6
1 7
1 8
1 9
1 10
1 11
1 12
2 6
2 7
2 8
2 9
2 10
2 11
2 12
3 6
3 7
3 8
3 9
3 10
3 11
3 12
4 6
4 7
4 8
4 9
4 10
4 11
4 12
5 6
5 7
5 8
5 9
5 10
5 11
5 12
6 6
6 7
6 8
6 9
6 10
6 11
6 12
7 6
7 7
7 8
7 9
7 10
7 11
7 12
8 6
8 7
8 8
8 9
8 10
8 11
8 12
9 6
9 7
9 8
9 9
9 10
9 11
9 12
10 6
10 7
10 8
10 9
10 10
0
Yes
28 0
28 1
28 2
28 3
28 4
28 5
28 6
28 7
28 8
29 0
29 1
29 2
29 3
29 4
29 5
29 6
29 7
29 8
30 0
30 1
30 2
30 3
30 4
30 5
30 6
30 7
30 8
31 0
31 1
31 2
31 3
31 4
31 5
31 6
31 7
31 8
32 0
32 1
32 2
32 3
32 4
32 5
32 6
32 7
32 8
33 0
33 1
33 2
33 3
33 4
33 5
33 6
33 7
33 8
34 0
34 1
34 2
34 3
34 4
34 5
34 6
34 7
34 8
35 0
35 1
35 2
35 3
35 4
35 5
35 6
35 7
35 8
36 0
36 1
36 2
36 3
36 4
36 5
36 6
36 7
36 8
37 0
37 1
37 2
37 3
37 4
37 5
37 6
37 7
37 8
38 0
38 1
38 2
38 3
38 4
38 5
38 6
38 7
38 8
39 0
39 1
39 2
39 3
39 4
39 5
39 6
39 7
39 8
40 0
40 1
40 2
40 3
40 4
40 5
40 6
40 7
40 8
0
No
0
Yes
31 44
31 45
31 46
31 47
31 48
31 49
32 44
32 45
32 46
32 47
32 48
32 49
33 44
33 45
33 46
33 47
33 48
33 49
34 44
34 45
34 46
34 47
34 48
34 49
35 44
35 45
35 46
35 47
35 48
35 49
36 44
36 45
36 46
36 47
36 48
36 49
37 44
37 45
37 46
37 47
37 48
37 49
38 44
0
No
0
Yes
0 47
0 48
0 49
1 47
1 48
1 49
2 47
2 48
2 49
3 47
3 48
3 49
4 47
0
Yes
48 5
48 6
48 7
48 8
49 5
49 6
49 7
49 8
0
Yes
0 47
0 48
0 49
1 47
1 48
1 49
2 47
2 48
2 49
3 47
3 48
3 49
4 47
0
Yes
28 0
28 1
28 2
28 3
28 4
28 5
28 6
29 0
29 1
29 2
29 3
29 4
29 5
29 6
30 0
30 1
30 2
30 3
30 4
30 5
30 6
31 0
31 1
31 2
31 3
31 4
31 5
31 6
32 0
32 1
32 2
32 3
32 4
32 5
32 6
33 0
33 1
33 2
33 3
33 4
33 5
33 6
34 0
34 1
34 2
34 3
34 4
34 5
34 6
35 0
35 1
35 2
35 3
35 4
35 5
35 6
36 0
36 1
36 2
36 3
36 4
36 5
0
No
0
No
0
Yes
30 7
30 8
30 9
30 10
30 11
30 12
30 13
30 14
31 7
31 8
31 9
31 10
31 11
31 12
31 13
31 14
32 7
32 8
32 9
32 10
32 11
32 12
32 13
32 14
33 7
33 8
33 9
33 10
33 11
33 12
33 13
33 14
34 7
34 8
34 9
34 10
34 11
34 12
34 13
34 14
35 7
35 8
35 9
35 10
35 11
35 12
35 13
35 14
36 7
36 8
36 9
36 10
36 11
36 12
36 13
36 14
37 7
0
Yes
8 30
8 31
8 32
8 33
8 34
8 35
8 36
8 37
8 38
8 39
8 40
9 30
9 31
9 32
9 33
9 34
9 35
9 36
9 37
9 38
9 39
9 40
10 30
10 31
10 32
10 33
10 34
10 35
10 36
10 37
10 38
10 39
10 40
11 30
11 31
11 32
11 33
11 34
11 35
11 36
11 37
11 38
11 39
11 40
12 30
12 31
12 32
12 33
12 34
12 35
12 36
12 37
12 38
12 39
12 40
13 30
13 31
13 32
13 33
13 34
13 35
13 36
13 37
13 38
13 39
13 40
14 30
14 31
14 32
14 33
14 34
14 35
14 36
14 37
14 38
14 39
14 40
15 30
15 31
15 32
15 33
15 34
15 35
15 36
15 37
15 38
15 39
15 40
16 30
16 31
16 32
16 33
16 34
16 35
16 36
16 37
16 38
16 39
16 40
17 30
17 31
17 32
17 33
0
No
0
Yes
17 37
17 38
18 37
18 38
0
No
0
Yes
34 46
34 47
35 46
35 47
33 46
33 47
34 45
34 48
35 45
35 48
36 46
36 47
33 45
33 48
36 45
36 48
32 46
32 47
34 44
34 49
35 44
35 49
37 46
37 47
32 45
32 48
33 44
33 49
36 44
36 49
37 45
37 48
31 46
31 47
32 44
32 49
34 43
35 43
37 44
37 49
38 46
38 47
31 45
31 48
33 43
36 43
38 45
38 48
31 44
31 49
32 43
37 43
38 44
38 49
30 46
30 47
39 46
39 47
30 45
30 48
39 45
39 48
31 43
38 43
30 44
30 49
39 44
39 49
29 46
29 47
29 45
29 48
30 43
29 44
29 49
29 43
0
No
0
No
0
Yes
19 46
20 46
19 45
19 47
20 45
20 47
18 46
21 46
18 45
18 47
21 45
21 47
19 44
19 48
20 44
20 48
17 46
18 44
18 48
21 44
21 48
22 46
17 45
17 47
22 45
22 47
19 43
19 49
20 43
20 49
17 44
17 48
22 44
22 48
18 43
18 49
21 43
21 49
16 46
23 46
16 45
16 47
23 45
23 47
17 43
17 49
22 43
22 49
16 44
16 48
19 42
20 42
23 44
23 48
18 42
21 42
15 46
24 46
15 45
15 47
16 43
16 49
23 43
23 49
24 45
24 47
17 42
22 42
15 44
15 48
24 44
24 48
16 42
15 43
15 49
24 49
14 46
14 45
14 47
14 44
14 48
15 42
14 43
14 49
14 42
0
No
0
No
0
Yes
48 11
49 11
48 10
49 10
47 10
0
No
0
Yes
2 28
1 28
2 27
1 27
3 27
0 28
0 27
0
Yes
6 48
6 49
7 48
7 49
0
Yes
45 32
45 33
44 32
44 33
46 32
46 33
45 31
45 34
44 31
44 34
46 31
46 34
43 32
43 33
47 32
47 33
43 31
43 34
45 30
45 35
47 31
47 34
44 30
44 35
46 30
46 35
42 32
42 33
48 32
48 33
43 30
43 35
47 30
47 35
42 31
42 34
48 31
48 34
45 29
45 36
44 29
44 36
46 29
46 36
42 30
42 35
48 30
48 35
41 32
41 33
43 29
43 36
47 29
47 36
49 32
49 33
41 31
41 34
49 31
49 34
45 28
45 37
42 29
42 36
44 28
44 37
46 28
46 37
48 29
48 36
41 30
41 35
49 30
49 35
43 28
43 37
47 28
47 37
40 32
40 33
40 31
40 34
41 29
41 36
49 29
49 36
42 28
42 37
48 28
48 37
45 27
45 38
40 30
40 35
44 27
44 38
46 27
46 38
43 27
43 38
47 27
47 38
41 28
41 37
49 28
49 37
40 29
40 36
42 27
42 38
48 27
48 38
45 26
44 26
46 26
40 28
40 37
41 27
41 38
43 26
47 26
49 27
49 38
42 26
48 26
40 27
40 38
41 26
49 26
0
No
0
Yes
43 39
43 40
43 41
43 42
43 43
44 39
44 40
44 41
44 42
44 43
45 39
45 40
45 41
45 42
45 43
46 39
46 40
46 41
46 42
46 43
47 39
47 40
47 41
47 42
47 43
48 39
48 40
48 41
48 42
48 43
49 39
49 40
49 41
49 42
0
Yes
1 30
1 31
0 30
0 31
0 29
0
Yes
14 9
14 10
14 11
14 12
14 13
14 14
14 15
14 16
14 17
14 18
14 19
14 20
15 9
15 10
15 11
15 12
15 13
15 14
15 15
15 16
15 17
15 18
15 19
15 20
16 9
16 10
16 11
16 12
16 13
16 14
16 15
16 16
16 17
16 18
16 19
16 20
17 9
17 10
17 11
17 12
17 13
17 14
17 15
17 16
17 17
17 18
17 19
17 20
18 9
18 10
18 11
18 12
18 13
18 14
18 15
18 16
18 17
18 18
18 19
18 20
19 9
19 10
19 11
19 12
19 13
19 14
19 15
19 16
19 17
19 18
19 19
19 20
20 9
20 10
20 11
20 12
20 13
20 14
20 15
20 16
20 17
20 18
20 19
20 20
21 9
21 10
21 11
21 12
21 13
21 14
21 15
21 16
21 17
21 18
21 19
21 20
22 9
22 10
22 11
22 12
22 13
22 14
22 15
22 16
22 17
22 18
22 19
22 20
23 9
23 10
23 11
23 12
23 13
23 14
23 15
23 16
23 17
23 18
23 19
23 20
24 9
24 10
24 11
24 12
24 13
24 14
24 15
24 16
24 17
24 18
24 19
24 20
25 9
25 10
25 11
25 12
25 13
25 14
25 15
25 16
25 17
25 18
25 19
25 20
26 9
26 10
26 11
0
Yes
19 39
19 40
19 41
20 39
20 40
20 41
21 39
21 40
21 41
22 39
22 40
0
Yes
36 44
36 45
36 46
36 47
36 48
36 49
37 44
37 45
37 46
37 47
37 48
37 49
38 44
38 45
38 46
38 47
38 48
38 49
39 44
39 45
39 46
39 47
39 48
39 49
40 44
40 45
40 46
40 47
40 48
40 49
41 44
41 45
41 46
41 47
41 48
41 49
42 44
42 45
42 46
42 47
42 48
42 49
43 44
43 45
43 46
43 47
43 48
43 49
44 44
44 45
44 46
44 47
44 48
44 49
45 44
45 45
45 46
45 47
45 48
45 49
46 44
46 45
46 46
46 47
46 48
46 49
47 44
47 45
47 46
47 47
47 48
47 49
48 44
48 45
48 46
48 47
48 48
48 49
49 44
49 45
49 46
49 47
49 48
49 49
0
Yes
0 0
0 1
0 2
0 3
1 0
1 1
1 2
1 3
2 0
2 1
2 2
2 3
3 0
0
No
0
No
0
No
0
Yes
0 37
0 38
0 39
0 40
0 41
0 42
0 43
0 44
0 45
0 46
1 37
1 38
1 39
1 40
1 41
1 42
1 43
1 44
1 45
1 46
2 37
2 38
2 39
2 40
2 41
2 42
2 43
2 44
2 45
2 46
3 37
3 38
3 39
3 40
3 41
3 42
3 43
3 44
3 45
3 46
4 37
4 38
4 39
4 40
4 41
4 42
4 43
4 44
4 45
4 46
5 37
5 38
5 39
5 40
5 41
5 42
5 43
5 44
5 45
5 46
6 37
6 38
6 39
6 40
6 41
6 42
6 43
6 44
6 45
6 46
7 37
7 38
7 39
7 40
0
Yes
41 26
41 27
41 28
41 29
41 30
41 31
41 32
41 33
41 34
41 35
41 36
41 37
42 26
42 27
42 28
42 29
42 30
42 31
42 32
42 33
42 34
42 35
42 36
42 37
43 26
43 27
43 28
43 29
43 30
43 31
43 32
43 33
43 34
43 35
43 36
43 37
44 26
44 27
44 28
44 29
44 30
44 31
44 32
44 33
44 34
44 35
44 36
44 37
45 26
45 27
45 28
45 29
45 30
45 31
45 32
45 33
45 34
45 35
45 36
45 37
46 26
46 27
46 28
46 29
46 30
46 31
46 32
46 33
46 34
46 35
46 36
46 37
47 26
47 27
47 28
47 29
47 30
47 31
47 32
47 33
47 34
47 35
47 36
47 37
48 26
48 27
48 28
48 29
48 30
48 31
48 32
48 33
48 34
48 35
48 36
48 37
49 26
49 27
49 28
49 29
49 30
49 31
49 32
49 33
49 34
49 35
49 36
0
Yes
29 45
29 46
29 47
29 48
29 49
30 45
30 46
30 47
30 48
30 49
31 45
31 46
31 47
31 48
31 49
32 45
32 46
32 47
32 48
32 49
33 45
33 46
33 47
33 48
33 49
34 45
34 46
34 47
34 48
34 49
35 45
35 46
35 47
0
Yes
18 21
18 22
18 23
18 24
18 25
18 26
18 27
18 28
18 29
18 30
18 31
18 32
18 33
19 21
19 22
19 23
19 24
19 25
19 26
19 27
19 28
19 29
19 30
19 31
19 32
19 33
20 21
20 22
20 23
20 24
20 25
20 26
20 27
20 28
20 29
20 30
20 31
20 32
20 33
21 21
21 22
21 23
21 24
21 25
21 26
21 27
21 28
21 29
21 30
21 31
21 32
21 33
22 21
22 22
22 23
22 24
22 25
22 26
22 27
22 28
22 29
22 30
22 31
22 32
22 33
23 21
23 22
23 23
23 24
23 25
23 26
23 27
23 28
23 29
23 30
23 31
23 32
23 33
24 21
24 22
24 23
24 24
24 25
24 26
24 27
24 28
24 29
24 30
24 31
24 32
24 33
25 21
25 22
25 23
25 24
25 25
25 26
25 27
25 28
25 29
25 30
25 31
25 32
25 33
26 21
26 22
26 23
26 24
26 25
26 26
26 27
26 28
26 29
26 30
26 31
26 32
26 33
27 21
27 22
27 23
27 24
27 25
27 26
27 27
27 28
27 29
27 30
27 31
27 32
27 33
28 21
28 22
28 23
28 24
28 25
28 26
28 27
28 28
28 29
28 30
28 31
28 32
28 33
29 21
29 22
0
No
0
Yes
4 4
5 4
4 3
4 5
5 3
5 5
3 4
3 3
3 5
4 2
3 2
0
No
0
No
0
Yes
1 28
2 28
1 27
2 27
0 28
0 27
0
Yes
14 24
13 24
14 23
14 25
15 24
13 23
13 25
15 23
15 25
12 24
14 22
14 26
16 24
12 23
12 25
13 22
13 26
15 22
15 26
16 23
16 25
12 22
12 26
16 22
16 26
11 24
14 21
17 24
11 23
11 25
13 21
15 21
17 23
17 25
11 22
11 26
12 21
16 21
17 22
17 26
10 24
10 23
10 25
11 21
17 21
10 22
10 26
0
Yes
17 45
16 45
16 44
17 44
16 43
17 43
18 43
18 44
18 45
15 43
15 44
15 45
18 46
17 46
16 46
15 46
19 45
19 44
19 46
19 43
18 42
17 42
16 42
15 42
19 42
14 45
14 44
14 43
14 46
14 42
17 47
16 47
18 47
15 47
19 47
14 47
20 44
20 45
20 46
20 43
20 47
20 42
17 41
16 41
18 41
15 41
14 41
13 44
13 45
13 43
13 46
13 42
13 47
13 41
16 48
17 48
18 48
15 48
19 48
14 48
20 48
13 48
21 45
21 44
21 46
21 43
21 47
21 42
21 48
12 43
12 42
12 41
12 44
12 45
17 49
16 49
18 49
15 49
19 49
14 49
20 49
21 49
13 49
22 44
22 45
22 46
22 47
22 43
22 48
22 49
22 42
0
Yes
29 37
29 38
29 39
29 40
29 41
29 42
29 43
29 44
30 37
30 38
30 39
30 40
30 41
30 42
30 43
30 44
31 37
31 38
31 39
31 40
31 41
31 42
31 43
31 44
32 37
32 38
32 39
32 40
32 41
32 42
32 43
32 44
33 37
33 38
33 39
33 40
33 41
33 42
33 43
33 44
34 37
34 38
34 39
34 40
34 41
34 42
34 43
34 44
35 37
35 38
35 39
35 40
35 41
35 42
35 43
35 44
36 37
0
No
0
Yes
41 33
41 34
41 35
41 36
41 37
41 38
41 39
41 40
41 41
42 33
42 34
42 35
42 36
42 37
42 38
42 39
42 40
42 41
43 33
43 34
43 35
43 36
43 37
43 38
43 39
43 40
43 41
44 33
44 34
44 35
44 36
44 37
44 38
44 39
44 40
44 41
45 33
45 34
45 35
45 36
45 37
45 38
45 39
45 40
45 41
46 33
46 34
46 35
46 36
46 37
46 38
46 39
46 40
46 41
47 33
47 34
47 35
47 36
47 37
47 38
47 39
47 40
47 41
48 33
48 34
48 35
48 36
48 37
48 38
48 39
48 40
48 41
49 33
49 34
49 35
49 36
49 37
49 38
49 39
49 40
49 41
0
No
0
Yes
17 29
16 29
16 28
17 28
16 27
17 27
15 27
15 28
15 29
14 29
14 28
14 27
15 26
16 26
17 26
14 26
13 28
13 27
13 29
13 26
17 25
16 25
15 25
14 25
13 25
12 29
12 28
12 27
12 26
12 25
16 24
15 24
14 24
13 24
17 24
12 24
11 28
11 27
11 26
11 25
11 24
11 29
17 23
16 23
15 23
14 23
13 23
0
No
0
Yes
0 32
0 33
1 33
1 32
2 33
2 32
2 34
1 34
0 34
0 35
1 35
2 35
3 34
3 33
3 35
3 32
1 36
2 36
0 36
3 36
4 35
4 34
4 33
4 36
0 37
1 37
0
Yes
37 0
37 1
37 2
37 3
37 4
37 5
37 6
37 7
38 0
38 1
38 2
38 3
38 4
38 5
38 6
38 7
39 0
39 1
39 2
39 3
39 4
39 5
39 6
39 7
40 0
40 1
40 2
40 3
40 4
40 5
40 6
40 7
0
Yes
29 27
29 28
29 29
29 30
29 31
29 32
29 33
29 34
29 35
29 36
30 27
30 28
30 29
30 30
30 31
30 32
30 33
30 34
30 35
30 36
31 27
31 28
31 29
31 30
31 31
31 32
31 33
31 34
31 35
31 36
32 27
32 28
32 29
32 30
32 31
32 32
32 33
32 34
32 35
32 36
33 27
33 28
33 29
33 30
33 31
33 32
33 33
33 34
33 35
33 36
34 27
34 28
34 29
34 30
34 31
34 32
34 33
34 34
34 35
34 36
35 27
35 28
35 29
35 30
35 31
35 32
35 33
35 34
35 35
35 36
36 27
36 28
36 29
36 30
36 31
36 32
36 33
36 34
36 35
36 36
37 27
37 28
37 29
37 30
37 31
37 32
37 33
37 34
37 35
37 36
38 27
38 28
38 29
38 30
38 31
38 32
38 33
38 34
38 35
38 36
39 27
39 28
39 29
39 30
39 31
39 32
39 33
39 34
39 35
39 36
40 27
40 28
40 29
40 30
40 31
40 32
40 33
40 34
40 35
40 36
0
Yes
48 2
47 2
48 1
48 3
49 2
47 1
47 3
49 1
49 3
46 2
48 0
46 1
46 3
47 0
49 0
46 0
0
No
0
Yes
0 38
0 39
1 39
1 38
2 39
2 38
2 40
1 40
0 40
0 41
1 41
2 41
3 40
3 39
3 38
3 41
1 42
2 42
0 42
3 42
4 38
4 39
4 40
4 41
4 42
0 43
1 43
2 43
3 43
4 43
4 37
3 37
2 37
5 39
5 40
5 41
5 38
5 42
5 37
5 43
1 44
2 44
3 44
4 44
0 44
5 44
6 38
6 39
6 40
6 41
6 42
6 43
0
No
0
No
0
No
0
No
0
Yes
46 41
47 41
46 40
46 42
47 40
47 42
45 41
48 41
45 40
45 42
48 40
48 42
46 39
46 43
47 39
47 43
44 41
45 39
45 43
48 39
48 43
49 41
44 40
44 42
49 40
49 42
46 38
47 38
44 39
44 43
49 39
49 43
45 38
48 38
43 41
43 40
43 42
44 38
49 38
43 39
43 43
0
Yes
41 33
41 32
42 32
42 33
43 32
43 33
43 34
42 34
41 34
43 31
42 31
41 31
41 35
42 35
43 35
44 34
44 33
44 32
44 31
44 35
41 30
42 30
43 30
44 30
42 36
43 36
41 36
44 36
45 33
45 32
45 34
45 31
45 35
45 30
45 36
42 29
43 29
44 29
41 29
45 29
41 37
42 37
43 37
44 37
45 37
46 32
46 33
46 34
46 31
46 35
46 30
46 36
46 29
46 37
41 28
42 28
43 28
44 28
45 28
46 28
42 38
43 38
44 38
45 38
41 38
46 38
47 33
47 32
47 34
47 31
47 35
47 30
47 36
47 29
47 37
47 28
47 38
42 27
43 27
44 27
45 27
46 27
41 27
47 27
47 39
48 32
48 33
48 34
48 31
48 35
48 30
48 36
48 29
48 37
48 28
48 38
48 27
48 39
49 33
49 32
49 34
49 31
49 35
49 30
49 36
49 29
49 37
49 28
49 38
49 27
49 39
49 26
48 26
47 26
46 26
45 26
44 26
43 26
42 26
41 26
49 40
40 37
40 38
40 39
41 39
42 39
43 39
44 39
45 39
46 39
46 40
45 40
44 40
43 40
42 40
47 40
48 40
41 40
40 40
0
Yes
20 46
20 47
21 46
21 47
19 46
19 47
20 45
20 48
21 45
21 48
22 46
22 47
19 45
19 48
22 45
22 48
18 46
18 47
20 44
20 49
21 44
21 49
23 46
23 47
18 45
18 48
19 44
19 49
22 44
22 49
23 45
23 48
17 46
17 47
18 44
18 49
20 43
21 43
23 44
23 49
24 46
24 47
17 45
17 48
19 43
22 43
24 45
24 48
17 44
17 49
18 43
23 43
24 44
24 49
16 46
16 47
16 45
16 48
17 43
16 44
16 49
16 43
0
Yes
32 12
31 12
31 11
32 11
31 10
32 10
33 10
33 11
33 12
30 10
30 11
30 12
33 13
32 13
31 13
30 13
34 12
34 11
34 13
34 10
33 9
32 9
31 9
30 9
34 9
29 12
29 11
29 10
29 13
29 9
32 14
31 14
33 14
30 14
34 14
29 14
35 11
35 12
35 13
35 10
35 14
35 9
32 8
31 8
33 8
30 8
34 8
29 8
35 8
28 11
28 12
28 10
28 13
28 9
28 14
28 8
31 15
32 15
33 15
30 15
34 15
29 15
35 15
28 15
36 12
36 11
36 10
36 9
36 8
36 13
36 14
31 7
32 7
33 7
30 7
34 7
29 7
35 7
28 7
36 7
27 12
27 11
27 13
27 10
27 9
27 14
27 15
27 8
27 7
32 16
31 16
33 16
30 16
29 16
34 16
28 16
35 16
27 16
37 10
37 9
37 8
26 13
26 14
26 15
26 16
0
No
0
Yes
18 46
17 46
17 45
18 45
17 44
18 44
19 44
19 45
19 46
16 44
16 45
16 46
19 47
18 47
17 47
16 47
20 46
20 45
20 47
20 44
19 43
18 43
17 43
16 43
20 43
15 46
15 45
15 44
15 47
15 43
18 48
17 48
19 48
16 48
20 48
15 48
21 45
21 46
21 47
21 44
21 48
21 43
18 42
17 42
19 42
16 42
20 42
15 42
21 42
14 45
14 46
14 44
14 47
14 43
14 48
14 42
17 49
18 49
19 49
16 49
20 49
15 49
21 49
14 49
22 46
22 45
22 47
22 44
22 48
22 43
22 49
22 42
17 41
18 41
19 41
16 41
20 41
15 41
21 41
14 41
13 46
13 45
13 47
13 44
13 43
13 48
13 42
13 41
13 49
23 45
23 46
23 47
23 44
23 48
23 49
23 43
18 40
17 40
19 40
16 40
15 40
20 40
14 40
21 40
13 40
12 45
12 44
12 43
12 42
12 41
12 40
24 46
24 47
24 48
24 49
24 45
24 44
17 39
18 39
19 39
16 39
15 39
14 39
20 39
13 39
21 39
12 39
11 43
11 42
11 41
11 40
0
No
0
No
0
Yes
10 24
10 23
11 23
11 24
12 23
12 24
12 25
11 25
10 25
12 22
11 22
10 22
10 26
11 26
12 26
13 25
13 24
13 23
13 22
13 26
10 21
11 21
12 21
13 21
11 27
12 27
13 27
10 27
14 24
14 23
14 25
14 22
14 26
14 21
14 27
11 20
12 20
13 20
10 20
14 28
15 23
15 24
15 25
15 26
15 22
15 27
15 21
15 28
16 24
16 23
16 25
16 26
16 22
16 27
16 21
16 28
16 29
15 29
14 29
13 29
13 28
12 28
11 28
12 29
11 29
17 23
17 24
17 25
17 26
17 27
17 28
17 29
17 22
17 21
0
Yes
12 34
12 35
13 34
13 35
11 34
11 35
12 33
12 36
13 33
13 36
14 34
14 35
11 33
11 36
14 33
14 36
10 34
10 35
12 32
12 37
13 32
13 37
15 34
15 35
10 33
10 36
11 32
11 37
14 32
14 37
15 33
15 36
9 34
9 35
10 32
10 37
12 31
12 38
13 31
13 38
15 32
15 37
16 34
16 35
9 33
9 36
11 31
11 38
14 31
14 38
16 33
16 36
9 32
9 37
10 31
10 38
15 31
15 38
16 32
16 37
8 34
8 35
12 30
13 30
8 33
8 36
11 30
14 30
9 31
9 38
16 31
16 38
8 32
8 37
10 30
15 30
8 31
8 38
9 30
16 30
8 30
0
Yes
33 22
34 22
33 21
33 23
34 21
34 23
32 22
35 22
32 21
32 23
35 21
35 23
33 20
33 24
34 20
34 24
31 22
32 20
32 24
35 20
35 24
36 22
31 21
31 23
36 21
36 23
33 19
33 25
34 19
34 25
31 20
31 24
36 20
36 24
32 19
32 25
35 19
35 25
30 22
30 21
30 23
31 19
31 25
36 19
36 25
30 20
30 24
33 18
33 26
34 18
34 26
32 18
32 26
35 18
35 26
30 19
30 25
31 18
31 26
36 18
36 26
33 17
34 17
32 17
35 17
30 18
30 26
31 17
0
No
0
Yes
48 3
48 4
47 3
47 4
49 3
49 4
48 2
47 2
49 2
46 3
46 2
0
No
0
No
0
No
0
Yes
10 12
10 13
10 14
10 15
10 16
10 17
10 18
10 19
11 12
11 13
11 14
11 15
11 16
11 17
11 18
11 19
12 12
12 13
12 14
12 15
12 16
12 17
12 18
12 19
13 12
13 13
13 14
13 15
13 16
13 17
13 18
13 19
14 12
14 13
14 14
14 15
14 16
14 17
14 18
14 19
0
No
0
No
0
Yes
46 41
46 42
46 43
47 41
47 42
47 43
48 41
48 42
48 43
49 41
49 42
49 43
0
Yes
29 27
29 28
29 29
29 30
29 31
29 32
29 33
30 27
30 28
30 29
30 30
30 31
30 32
30 33
31 27
31 28
31 29
31 30
31 31
31 32
31 33
32 27
32 28
32 29
32 30
32 31
32 32
32 33
33 27
33 28
33 29
33 30
33 31
33 32
33 33
34 27
34 28
34 29
34 30
34 31
34 32
34 33
35 27
35 28
35 29
35 30
35 31
35 32
35 33
36 27
36 28
36 29
36 30
36 31
36 32
36 33
37 27
37 28
37 29
37 30
37 31
37 32
37 33
38 27
38 28
38 29
38 30
38 31
38 32
38 33
39 27
39 28
39 29
39 30
39 31
39 32
39 33
40 27
40 28
40 29
40 30
40 31
40 32
40 33
0
Yes
19 15
20 15
19 14
19 16
20 14
20 16
18 15
21 15
18 14
18 16
21 14
21 16
19 13
19 17
20 13
20 17
17 15
18 13
18 17
21 13
21 17
22 15
17 14
17 16
22 14
22 16
19 12
19 18
20 12
20 18
17 13
17 17
22 13
22 17
18 12
18 18
21 12
21 18
16 15
23 15
16 14
16 16
23 14
23 16
17 12
17 18
22 12
22 18
16 13
16 17
19 11
19 19
20 11
20 19
23 13
23 17
18 11
18 19
21 11
21 19
15 15
15 14
15 16
16 12
16 18
23 12
23 18
17 11
17 19
22 11
22 19
15 13
15 17
19 10
19 20
20 10
20 20
18 10
18 20
21 10
21 20
16 11
16 19
23 11
23 19
15 12
15 18
17 10
17 20
22 10
22 20
15 11
15 19
19 9
20 9
16 10
16 20
23 10
23 20
18 9
21 9
17 9
22 9
15 10
15 20
16 9
0
No
0
Yes
48 1
47 1
48 0
49 1
47 0
49 0
46 1
46 0
0
Yes
6 2
6 3
6 4
6 5
7 2
7 3
7 4
7 5
0
No
0
Yes
23 26
23 27
24 26
24 27
22 26
22 27
23 25
23 28
24 25
24 28
25 26
25 27
22 25
22 28
25 25
25 28
21 26
21 27
23 24
23 29
24 24
24 29
26 26
26 27
21 25
21 28
22 24
22 29
25 24
25 29
26 25
26 28
20 26
20 27
21 24
21 29
23 23
23 30
24 23
24 30
26 24
26 29
27 26
27 27
20 25
20 28
22 23
22 30
25 23
25 30
27 25
27 28
20 24
20 29
21 23
21 30
26 23
26 30
27 24
27 29
19 26
19 27
23 22
23 31
24 22
24 31
28 26
28 27
19 25
19 28
22 22
22 31
25 22
25 31
28 25
28 28
20 23
20 30
27 23
27 30
19 24
19 29
21 22
21 31
26 22
26 31
28 24
28 29
18 26
18 27
23 21
24 21
18 25
18 28
19 23
19 30
20 22
20 31
22 21
25 21
27 22
27 31
28 23
28 30
18 24
18 29
21 21
26 21
19 22
19 31
28 22
28 31
18 23
18 30
20 21
27 21
18 22
18 31
19 21
28 21
18 21
0
No
0
Yes
31 0
31 1
31 2
31 3
31 4
31 5
31 6
32 0
32 1
32 2
32 3
32 4
32 5
32 6
33 0
33 1
33 2
33 3
33 4
33 5
33 6
34 0
34 1
34 2
34 3
34 4
34 5
34 6
35 0
35 1
35 2
35 3
35 4
35 5
35 6
36 0
36 1
36 2
36 3
36 4
0
Yes
8 0
8 1
8 2
8 3
8 4
8 5
8 6
8 7
8 8
9 0
9 1
9 2
9 3
9 4
9 5
9 6
9 7
9 8
10 0
10 1
10 2
10 3
10 4
10 5
10 6
10 7
10 8
11 0
11 1
11 2
11 3
11 4
11 5
11 6
11 7
11 8
12 0
12 1
12 2
12 3
12 4
12 5
12 6
12 7
12 8
13 0
13 1
13 2
13 3
13 4
13 5
13 6
13 7
13 8
14 0
14 1
14 2
14 3
14 4
14 5
14 6
14 7
14 8
15 0
15 1
15 2
15 3
15 4
15 5
15 6
15 7
15 8
16 0
16 1
16 2
16 3
16 4
16 5
16 6
16 7
16 8
17 0
17 1
17 2
17 3
17 4
17 5
17 6
17 7
17 8
18 0
18 1
18 2
18 3
18 4
18 5
18 6
18 7
18 8
19 0
19 1
19 2
19 3
19 4
19 5
19 6
19 7
19 8
20 0
20 1
20 2
20 3
20 4
20 5
20 6
20 7
20 8
21 0
21 1
21 2
21 3
21 4
21 5
21 6
21 7
21 8
22 0
22 1
22 2
22 3
22 4
22 5
22 6
22 7
22 8
0
Yes
29 25
29 26
29 27
29 28
29 29
29 30
29 31
29 32
29 33
29 34
29 35
29 36
30 25
30 26
30 27
30 28
30 29
30 30
30 31
30 32
30 33
30 34
30 35
30 36
31 25
31 26
31 27
31 28
31 29
31 30
31 31
31 32
31 33
31 34
31 35
31 36
32 25
32 26
32 27
32 28
32 29
32 30
32 31
32 32
32 33
32 34
32 35
32 36
33 25
33 26
33 27
33 28
33 29
33 30
33 31
33 32
33 33
33 34
33 35
33 36
34 25
34 26
34 27
34 28
34 29
34 30
34 31
34 32
34 33
34 34
34 35
34 36
35 25
35 26
35 27
35 28
35 29
35 30
35 31
35 32
35 33
35 34
35 35
35 36
36 25
36 26
36 27
36 28
36 29
36 30
36 31
36 32
36 33
0
No
0
Yes
0 3
0 4
0 5
0 6
0 7
0 8
0 9
0 10
0 11
0 12
1 3
1 4
1 5
1 6
1 7
1 8
1 9
1 10
1 11
1 12
2 3
2 4
2 5
2 6
2 7
2 8
2 9
2 10
2 11
2 12
3 3
3 4
3 5
3 6
3 7
3 8
3 9
3 10
3 11
3 12
4 3
4 4
4 5
4 6
4 7
4 8
4 9
4 10
4 11
4 12
5 3
5 4
5 5
5 6
5 7
5 8
5 9
5 10
5 11
5 12
6 3
6 4
6 5
6 6
6 7
6 8
6 9
6 10
6 11
6 12
7 3
7 4
7 5
7 6
7 7
7 8
7 9
7 10
0
Yes
0 49
0 48
1 48
1 49
2 48
2 49
2 47
1 47
0 47
0 46
1 46
2 46
3 47
3 48
3 49
3 46
1 45
2 45
3 45
0 45
4 49
4 48
4 47
4 46
4 45
5 48
5 47
0
No
0
Yes
9 12
8 12
8 11
9 11
8 10
9 10
8 9
9 9
10 9
10 10
10 11
11 11
11 10
11 9
12 10
12 11
12 9
0
Yes
26 36
27 36
26 35
26 37
27 35
27 37
25 36
28 36
25 35
25 37
28 35
28 37
26 34
26 38
27 34
27 38
24 36
25 34
25 38
28 34
28 38
24 35
24 37
26 33
26 39
27 33
27 39
24 34
24 38
25 33
25 39
28 33
28 39
24 33
24 39
26 32
27 32
25 32
28 32
24 32
0
Yes
34 0
34 1
34 2
35 0
35 1
35 2
36 0
36 1
36 2
37 0
37 1
37 2
38 0
38 1
38 2
39 0
39 1
39 2
0
Yes
23 0
23 1
23 2
23 3
23 4
23 5
23 6
24 0
24 1
24 2
24 3
24 4
24 5
24 6
25 0
25 1
25 2
25 3
25 4
25 5
25 6
26 0
26 1
26 2
26 3
26 4
26 5
0
No
0
No
0
Yes
48 11
49 11
48 10
49 10
47 10
0
No
0
No
0
No
0
No
0
Yes
24 11
24 12
24 13
24 14
24 15
24 16
24 17
24 18
24 19
24 20
25 11
25 12
25 13
25 14
25 15
25 16
25 17
25 18
25 19
25 20
26 11
26 12
26 13
26 14
26 15
26 16
26 17
26 18
26 19
26 20
27 11
27 12
27 13
27 14
27 15
27 16
27 17
27 18
27 19
27 20
28 11
28 12
28 13
28 14
28 15
28 16
28 17
28 18
28 19
28 20
29 11
29 12
29 13
29 14
29 15
29 16
29 17
29 18
29 19
29 20
0
Yes
41 13
41 14
41 15
41 16
41 17
41 18
41 19
41 20
41 21
41 22
41 23
41 24
42 13
42 14
42 15
42 16
42 17
42 18
42 19
42 20
42 21
42 22
42 23
42 24
43 13
43 14
43 15
43 16
43 17
43 18
43 19
43 20
43 21
43 22
43 23
43 24
44 13
44 14
44 15
44 16
44 17
44 18
44 19
44 20
44 21
44 22
44 23
44 24
45 13
45 14
45 15
45 16
45 17
45 18
45 19
45 20
45 21
45 22
45 23
45 24
46 13
46 14
46 15
46 16
46 17
46 18
46 19
46 20
46 21
46 22
46 23
46 24
47 13
47 14
47 15
47 16
47 17
47 18
47 19
47 20
47 21
47 22
47 23
47 24
48 13
48 14
48 15
48 16
48 17
48 18
48 19
48 20
48 21
48 22
48 23
48 24
49 13
49 14
49 15
49 16
49 17
49 18
49 19
49 20
49 21
49 22
49 23
49 24
0
No
0
No
0
No
0
Yes
0 16
0 17
0 18
0 19
0 20
0 21
0 22
0 23
0 24
0 25
0 26
1 16
1 17
1 18
1 19
1 20
1 21
1 22
1 23
1 24
1 25
1 26
2 16
2 17
2 18
2 19
2 20
2 21
2 22
2 23
2 24
2 25
2 26
3 16
3 17
3 18
3 19
3 20
3 21
3 22
3 23
3 24
3 25
3 26
4 16
4 17
4 18
4 19
4 20
4 21
4 22
4 23
4 24
4 25
4 26
5 16
5 17
5 18
5 19
5 20
5 21
5 22
5 23
5 24
5 25
5 26
6 16
6 17
6 18
6 19
6 20
6 21
6 22
6 23
6 24
6 25
6 26
7 16
7 17
7 18
7 19
7 20
7 21
7 22
7 23
7 24
7 25
7 26
8 16
8 17
8 18
8 19
8 20
8 21
8 22
8 23
8 24
8 25
8 26
9 16
9 17
9 18
9 19
9 20
9 21
9 22
9 23
0
No
0
No
0
No
0
No
0
Yes
32 47
32 48
33 47
33 48
31 47
31 48
32 46
32 49
33 46
33 49
34 47
34 48
31 46
31 49
34 46
34 49
30 47
30 48
32 45
33 45
35 47
35 48
30 46
30 49
31 45
34 45
35 46
35 49
29 47
29 48
30 45
35 45
29 46
29 49
0
Yes
30 2
31 2
30 1
30 3
31 1
31 3
29 2
32 2
29 1
29 3
32 1
32 3
30 0
31 0
28 2
29 0
32 0
33 2
28 1
28 3
33 1
33 3
28 0
33 0
27 2
27 1
27 3
27 0
0
Yes
20 37
20 38
21 38
21 37
22 38
22 37
23 38
23 37
22 36
23 36
0
Yes
26 48
26 49
27 48
27 49
28 48
28 49
0
No
0
Yes
4 9
4 10
5 9
5 10
3 9
3 10
4 8
4 11
5 8
5 11
6 9
6 10
3 8
3 11
6 8
6 11
2 9
2 10
4 7
4 12
5 7
5 12
7 9
7 10
2 8
2 11
3 7
3 12
6 7
6 12
7 8
7 11
1 9
1 10
2 7
2 12
4 6
4 13
5 6
5 13
7 7
7 12
8 9
8 10
1 8
1 11
3 6
3 13
6 6
6 13
8 8
8 11
1 7
1 12
2 6
2 13
7 6
7 13
8 7
8 12
0 9
0 10
4 5
4 14
5 5
5 14
0 8
0 11
3 5
3 14
6 5
6 14
1 6
1 13
8 6
8 13
0 7
0 12
2 5
2 14
7 5
7 14
4 4
4 15
5 4
5 15
0 6
0 13
1 5
1 14
3 4
3 15
6 4
6 15
8 5
8 14
2 4
2 15
7 4
7 15
0 5
0 14
1 4
1 15
4 3
5 3
8 4
8 15
3 3
6 3
2 3
7 3
0 4
0 15
0
No
0
No
0
No
0
No
0
No
0
Yes
46 2
47 2
46 1
46 3
47 1
47 3
45 2
48 2
45 1
45 3
48 1
48 3
46 0
47 0
44 2
45 0
48 0
49 2
44 1
44 3
49 1
49 3
44 0
49 0
43 2
43 1
43 3
43 0
0
Yes
0 8
0 9
0 10
0 11
0 12
0 13
0 14
0 15
1 8
1 9
1 10
1 11
1 12
1 13
1 14
1 15
2 8
2 9
2 10
2 11
2 12
2 13
2 14
2 15
3 8
3 9
3 10
3 11
3 12
3 13
3 14
3 15
4 8
4 9
4 10
4 11
4 12
4 13
4 14
4 15
5 8
5 9
5 10
5 11
5 12
5 13
5 14
5 15
6 8
6 9
6 10
6 11
6 12
6 13
6 14
6 15
7 8
7 9
7 10
7 11
7 12
7 13
7 14
7 15
8 8
8 9
8 10
8 11
8 12
8 13
8 14
0
Yes
33 38
33 39
34 38
34 39
32 38
32 39
33 37
33 40
34 37
34 40
35 38
35 39
32 37
32 40
35 37
35 40
31 38
31 39
33 36
33 41
34 36
34 41
36 38
36 39
31 37
31 40
32 36
32 41
35 36
35 41
36 37
36 40
30 38
30 39
31 36
31 41
33 35
33 42
34 35
34 42
36 36
36 41
37 38
37 39
30 37
30 40
32 35
32 42
35 35
35 42
37 37
37 40
30 36
30 41
31 35
31 42
36 35
36 42
37 36
37 41
29 38
29 39
33 34
33 43
34 34
34 43
29 37
29 40
32 34
32 43
35 34
35 43
30 35
30 42
37 35
37 42
29 36
29 41
31 34
31 43
36 34
36 43
33 33
33 44
34 33
34 44
29 35
29 42
30 34
30 43
32 33
32 44
35 33
35 44
37 34
37 43
31 33
31 44
36 33
29 34
29 43
30 33
30 44
33 32
34 32
37 33
32 32
35 32
31 32
36 32
29 33
29 44
30 32
37 32
29 32
0
Yes
9 0
9 1
9 2
9 3
9 4
9 5
9 6
9 7
9 8
9 9
9 10
9 11
9 12
10 0
10 1
10 2
10 3
10 4
10 5
10 6
10 7
10 8
10 9
10 10
10 11
10 12
11 0
11 1
11 2
11 3
11 4
11 5
11 6
11 7
11 8
11 9
11 10
11 11
11 12
12 0
12 1
12 2
12 3
12 4
12 5
12 6
12 7
12 8
12 9
12 10
12 11
12 12
13 0
13 1
13 2
13 3
13 4
13 5
13 6
13 7
13 8
13 9
13 10
13 11
13 12
14 0
14 1
14 2
14 3
14 4
14 5
14 6
14 7
14 8
14 9
14 10
14 11
14 12
15 0
15 1
15 2
15 3
15 4
15 5
15 6
15 7
15 8
15 9
15 10
15 11
15 12
16 0
16 1
16 2
16 3
16 4
16 5
16 6
16 7
16 8
16 9
16 10
16 11
16 12
17 0
17 1
17 2
17 3
17 4
17 5
17 6
17 7
17 8
17 9
17 10
17 11
17 12
18 0
18 1
18 2
18 3
18 4
18 5
18 6
18 7
18 8
18 9
18 10
18 11
18 12
19 0
19 1
19 2
19 3
19 4
19 5
19 6
19 7
0
No
0
Yes
42 25
42 26
42 27
42 28
42 29
42 30
42 31
43 25
43 26
43 27
43 28
43 29
43 30
43 31
44 25
44 26
44 27
44 28
44 29
44 30
44 31
45 25
45 26
45 27
45 28
45 29
45 30
45 31
46 25
46 26
46 27
46 28
46 29
46 30
46 31
47 25
47 26
47 27
47 28
47 29
47 30
47 31
48 25
48 26
48 27
48 28
48 29
48 30
48 31
49 25
49 26
49 27
49 28
49 29
49 30
0
Yes
14 18
14 19
13 18
13 19
15 18
15 19
14 17
14 20
13 17
13 20
15 17
15 20
12 18
12 19
16 18
16 19
12 17
12 20
14 16
14 21
16 17
16 20
13 16
13 21
15 16
15 21
11 18
11 19
17 18
17 19
12 16
12 21
16 16
16 21
11 17
11 20
17 17
17 20
14 15
14 22
13 15
13 22
15 15
15 22
11 16
11 21
17 16
17 21
10 18
10 19
12 15
12 22
16 15
16 22
10 17
10 20
14 14
14 23
11 15
11 22
13 14
13 23
15 14
15 23
17 15
17 22
10 16
10 21
12 14
12 23
16 14
16 23
10 15
10 22
11 14
11 23
17 14
17 23
14 13
13 13
15 13
12 13
16 13
10 14
10 23
11 13
17 13
10 13
0
No
0
Yes
6 5
6 6
7 5
7 6
5 5
5 6
6 4
6 7
7 4
7 7
8 5
8 6
5 4
5 7
8 4
8 7
4 5
4 6
6 3
7 3
4 4
4 7
5 3
8 3
4 3
0
No
0
Yes
0 0
0 1
1 1
1 0
2 1
2 0
2 2
1 2
0 2
0 3
1 3
0
Yes
0 42
0 43
0 44
0 45
0 46
0 47
0 48
0 49
1 42
1 43
1 44
1 45
1 46
1 47
1 48
1 49
2 42
2 43
2 44
2 45
2 46
2 47
2 48
2 49
3 42
3 43
3 44
3 45
3 46
3 47
3 48
3 49
4 42
4 43
4 44
4 45
4 46
0
Yes
20 0
20 1
20 2
20 3
20 4
20 5
20 6
20 7
21 0
21 1
21 2
21 3
21 4
21 5
21 6
21 7
22 0
22 1
22 2
22 3
22 4
22 5
22 6
22 7
23 0
23 1
23 2
23 3
23 4
23 5
23 6
23 7
24 0
24 1
24 2
24 3
24 4
24 5
24 6
24 7
25 0
25 1
25 2
25 3
25 4
25 5
25 6
25 7
26 0
26 1
26 2
26 3
26 4
0
Yes
2 6
1 6
2 5
2 7
3 6
1 5
1 7
3 5
3 7
0 6
2 4
0 5
0 7
1 4
3 4
0 4
0
Yes
43 35
43 36
43 37
43 38
43 39
43 40
43 41
43 42
43 43
44 35
44 36
44 37
44 38
44 39
44 40
44 41
44 42
44 43
45 35
45 36
45 37
45 38
45 39
45 40
45 41
45 42
45 43
46 35
46 36
46 37
46 38
46 39
46 40
46 41
46 42
46 43
47 35
47 36
47 37
47 38
47 39
47 40
47 41
47 42
47 43
48 35
48 36
48 37
48 38
48 39
48 40
48 41
48 42
48 43
49 35
49 36
49 37
49 38
49 39
49 40
49 41
49 42
49 43
0
Yes
23 43
22 43
22 42
22 44
23 44
21 44
21 43
21 42
21 45
22 45
23 45
20 43
20 44
20 42
20 45
23 46
22 46
21 46
20 46
19 42
19 43
19 44
19 45
19 46
22 47
21 47
20 47
23 47
19 47
24 46
24 47
24 45
24 44
19 41
20 41
21 41
18 43
18 44
18 45
18 42
18 46
18 41
18 47
23 48
22 48
21 48
20 48
19 48
24 48
18 48
21 40
20 40
19 40
18 40
17 42
17 43
17 44
17 45
17 46
17 41
17 47
17 40
17 48
22 49
21 49
20 49
19 49
23 49
18 49
24 49
17 49
20 39
19 39
18 39
21 39
17 39
16 43
16 42
16 44
16 41
16 45
16 46
16 47
16 40
16 48
16 39
16 49
25 49
25 48
25 47
18 38
17 38
16 38
15 42
15 43
15 44
15 41
15 45
15 40
15 46
15 47
15 39
15 48
15 38
15 49
0
Yes
40 21
40 22
40 23
40 24
40 25
40 26
40 27
40 28
40 29
40 30
40 31
40 32
40 33
40 34
41 21
41 22
41 23
41 24
41 25
41 26
41 27
41 28
41 29
41 30
41 31
41 32
41 33
41 34
42 21
42 22
42 23
42 24
42 25
42 26
42 27
42 28
42 29
42 30
42 31
42 32
42 33
42 34
43 21
43 22
43 23
43 24
43 25
43 26
43 27
43 28
43 29
43 30
43 31
43 32
43 33
43 34
44 21
44 22
44 23
44 24
44 25
44 26
44 27
44 28
44 29
44 30
44 31
44 32
44 33
44 34
45 21
45 22
45 23
45 24
45 25
45 26
45 27
45 28
45 29
45 30
45 31
45 32
45 33
45 34
46 21
46 22
46 23
46 24
46 25
46 26
46 27
46 28
46 29
46 30
46 31
46 32
46 33
46 34
47 21
47 22
47 23
47 24
47 25
47 26
47 27
47 28
47 29
47 30
47 31
47 32
47 33
47 34
48 21
48 22
48 23
48 24
48 25
48 26
48 27
48 28
48 29
48 30
48 31
48 32
48 33
48 34
49 21
49 22
49 23
49 24
49 25
49 26
49 27
49 28
49 29
49 30
49 31
49 32
0
Yes
0 33
0 34
0 35
0 36
0 37
0 38
0 39
0 40
0 41
1 33
1 34
1 35
1 36
1 37
1 38
1 39
1 40
1 41
2 33
2 34
2 35
2 36
2 37
2 38
2 39
2 40
2 41
3 33
3 34
3 35
3 36
3 37
3 38
3 39
3 40
3 41
4 33
4 34
4 35
4 36
4 37
4 38
4 39
4 40
4 41
5 33
5 34
5 35
5 36
5 37
5 38
5 39
5 40
5 41
6 33
6 34
6 35
6 36
6 37
6 38
6 39
6 40
6 41
7 33
7 34
7 35
7 36
7 37
7 38
7 39
7 40
7 41
8 33
8 34
8 35
8 36
8 37
8 38
8 39
8 40
8 41
9 33
9 34
9 35
9 36
9 37
9 38
9 39
9 40
9 41
10 33
10 34
10 35
10 36
10 37
10 38
10 39
10 40
10 41
11 33
11 34
11 35
11 36
11 37
11 38
11 39
11 40
11 41
12 33
12 34
12 35
12 36
12 37
0
No
0
Yes
19 8
19 9
19 10
19 11
19 12
19 13
19 14
19 15
20 8
20 9
20 10
20 11
20 12
20 13
20 14
20 15
21 8
21 9
21 10
21 11
21 12
21 13
21 14
21 15
22 8
22 9
22 10
22 11
22 12
22 13
22 14
22 15
23 8
23 9
23 10
23 11
23 12
23 13
23 14
23 15
24 8
24 9
24 10
24 11
24 12
24 13
24 14
24 15
25 8
25 9
25 10
25 11
25 12
25 13
25 14
25 15
26 8
26 9
26 10
26 11
26 12
26 13
26 14
26 15
27 8
27 9
27 10
27 11
27 12
27 13
27 14
27 15
28 8
28 9
28 10
28 11
28 12
28 13
28 14
28 15
29 8
29 9
29 10
29 11
29 12
29 13
29 14
29 15
30 8
30 9
30 10
30 11
30 12
0
No
0
No
0
Yes
44 17
44 18
43 17
43 18
45 17
45 18
44 16
44 19
43 16
43 19
45 16
45 19
42 17
42 18
46 17
46 18
42 16
42 19
44 15
44 20
46 16
46 19
43 15
43 20
45 15
45 20
41 17
41 18
47 17
47 18
42 15
42 20
46 15
46 20
41 16
41 19
47 16
47 19
44 14
43 14
45 14
41 15
41 20
47 15
47 20
40 17
40 18
42 14
46 14
48 17
48 18
40 16
40 19
48 16
48 19
41 14
47 14
40 15
40 20
48 15
48 20
39 17
39 18
49 17
49 18
39 16
39 19
49 16
49 19
40 14
48 14
39 15
39 20
49 15
49 20
38 17
38 18
39 14
49 14
38 16
38 19
38 15
38 20
38 14
0
Yes
31 7
31 8
31 9
31 10
31 11
31 12
31 13
31 14
32 7
32 8
32 9
32 10
32 11
32 12
32 13
32 14
33 7
33 8
33 9
33 10
33 11
33 12
33 13
33 14
34 7
34 8
34 9
34 10
34 11
34 12
34 13
34 14
35 7
35 8
35 9
35 10
35 11
35 12
35 13
35 14
36 7
36 8
36 9
36 10
36 11
36 12
36 13
36 14
37 7
37 8
37 9
37 10
0
No
0
Yes
33 23
33 24
34 23
34 24
32 23
32 24
33 22
33 25
34 22
34 25
35 23
35 24
32 22
32 25
35 22
35 25
31 23
31 24
33 21
33 26
34 21
34 26
36 23
36 24
31 22
31 25
32 21
32 26
35 21
35 26
36 22
36 25
30 23
30 24
31 21
31 26
33 20
33 27
34 20
34 27
36 21
36 26
37 23
37 24
30 22
30 25
32 20
32 27
35 20
35 27
37 22
37 25
30 21
30 26
31 20
31 27
36 20
36 27
37 21
37 26
29 23
29 24
33 19
33 28
34 19
34 28
29 22
29 25
32 19
32 28
35 19
35 28
30 20
30 27
37 20
37 27
29 21
29 26
31 19
31 28
36 19
36 28
33 18
33 29
34 18
34 29
29 20
29 27
30 19
30 28
32 18
32 29
35 18
35 29
37 19
37 28
31 18
31 29
36 18
36 29
29 19
29 28
30 18
30 29
33 17
33 30
34 17
34 30
37 18
37 29
32 17
32 30
35 17
35 30
31 17
31 30
36 17
36 30
29 18
29 29
30 17
30 30
37 17
37 30
33 16
34 16
32 16
35 16
29 17
29 30
31 16
36 16
30 16
37 16
29 16
0
Yes
34 0
34 1
34 2
34 3
34 4
34 5
34 6
35 0
35 1
35 2
35 3
35 4
35 5
35 6
36 0
36 1
36 2
36 3
36 4
36 5
36 6
37 0
37 1
37 2
37 3
37 4
37 5
37 6
38 0
38 1
38 2
38 3
38 4
38 5
38 6
39 0
39 1
39 2
39 3
39 4
39 5
39 6
40 0
40 1
40 2
40 3
40 4
40 5
40 6
41 0
41 1
41 2
41 3
41 4
41 5
41 6
42 0
42 1
0
Yes
9 24
9 25
9 26
9 27
10 24
10 25
10 26
10 27
11 24
11 25
11 26
11 27
12 24
12 25
12 26
12 27
13 24
13 25
13 26
13 27
14 24
14 25
14 26
14 27
15 24
15 25
0
No
0
Yes
42 4
42 5
42 6
42 7
43 4
43 5
43 6
43 7
44 4
44 5
44 6
44 7
45 4
0
No
0
Yes
5 42
5 43
5 44
5 45
6 42
6 43
6 44
6 45
7 42
7 43
7 44
7 45
8 42
8 43
8 44
8 45
9 42
0
Yes
0 14
0 15
0 16
0 17
0 18
0 19
0 20
0 21
0 22
0 23
0 24
0 25
0 26
1 14
1 15
1 16
1 17
1 18
1 19
1 20
1 21
1 22
1 23
1 24
1 25
1 26
2 14
2 15
2 16
2 17
2 18
2 19
2 20
2 21
2 22
2 23
2 24
2 25
2 26
3 14
3 15
3 16
3 17
3 18
3 19
3 20
3 21
3 22
3 23
3 24
3 25
3 26
4 14
4 15
4 16
4 17
4 18
4 19
4 20
4 21
4 22
4 23
4 24
4 25
4 26
5 14
5 15
5 16
5 17
5 18
5 19
5 20
5 21
5 22
5 23
5 24
5 25
5 26
6 14
6 15
6 16
6 17
6 18
6 19
6 20
6 21
6 22
6 23
6 24
6 25
6 26
7 14
7 15
7 16
7 17
7 18
7 19
7 20
7 21
7 22
7 23
7 24
7 25
7 26
8 14
8 15
8 16
8 17
8 18
8 19
8 20
8 21
8 22
8 23
8 24
8 25
8 26
9 14
9 15
9 16
9 17
9 18
9 19
9 20
9 21
9 22
9 23
0
Yes
0 8
0 9
0 10
0 11
0 12
0 13
1 8
1 9
1 10
1 11
1 12
1 13
2 8
2 9
2 10
2 11
2 12
2 13
3 8
3 9
3 10
3 11
3 12
3 13
4 8
4 9
0
No
0
Yes
8 0
8 1
8 2
8 3
8 4
8 5
8 6
8 7
8 8
8 9
8 10
9 0
9 1
9 2
9 3
9 4
9 5
9 6
9 7
9 8
9 9
9 10
10 0
10 1
10 2
10 3
10 4
10 5
10 6
10 7
10 8
10 9
10 10
11 0
11 1
11 2
11 3
11 4
11 5
11 6
11 7
11 8
11 9
11 10
12 0
12 1
12 2
12 3
12 4
12 5
12 6
12 7
12 8
12 9
12 10
13 0
13 1
13 2
13 3
13 4
13 5
13 6
13 7
13 8
13 9
13 10
14 0
14 1
14 2
14 3
14 4
14 5
14 6
14 7
14 8
14 9
14 10
15 0
15 1
15 2
15 3
15 4
15 5
15 6
15 7
15 8
15 9
15 10
16 0
16 1
16 2
16 3
16 4
16 5
16 6
16 7
16 8
16 9
16 10
17 0
17 1
0
Yes
33 47
33 48
34 47
34 48
32 47
32 48
33 46
33 49
34 46
34 49
35 47
35 48
32 46
32 49
35 46
35 49
31 47
31 48
33 45
34 45
31 46
31 49
32 45
35 45
31 45
0
No
0
Yes
24 24
24 25
25 24
25 25
23 24
23 25
24 23
24 26
25 23
25 26
26 24
26 25
23 23
23 26
26 23
26 26
22 24
22 25
24 22
24 27
25 22
25 27
27 24
27 25
22 23
22 26
23 22
23 27
26 22
26 27
27 23
27 26
21 24
21 25
22 22
22 27
24 21
24 28
25 21
25 28
27 22
27 27
28 24
28 25
21 23
21 26
23 21
23 28
26 21
26 28
28 23
28 26
21 22
21 27
22 21
22 28
27 21
27 28
28 22
28 27
20 24
20 25
24 20
24 29
25 20
25 29
20 23
20 26
23 20
23 29
26 20
26 29
21 21
21 28
28 21
28 28
20 22
20 27
22 20
22 29
27 20
27 29
24 19
24 30
25 19
25 30
20 21
20 28
21 20
21 29
23 19
23 30
26 19
26 30
28 20
28 29
22 19
22 30
27 19
27 30
20 20
20 29
21 19
21 30
24 18
25 18
28 19
28 30
23 18
26 18
22 18
27 18
20 19
20 30
21 18
28 18
20 18
0
Yes
7 48
6 48
6 47
6 49
7 49
5 49
5 48
5 47
4 48
4 47
4 49
6 46
5 46
0
Yes
10 31
10 32
9 31
9 32
11 31
11 32
10 30
9 30
11 30
8 31
8 32
12 31
12 32
8 30
12 30
7 31
7 32
0
No
0
Yes
27 31
26 31
26 32
27 32
26 33
27 33
28 33
28 32
28 31
25 33
25 32
25 31
29 31
29 32
29 33
28 34
27 34
26 34
25 34
29 34
24 31
24 32
24 33
24 34
30 32
30 33
30 31
30 34
27 35
26 35
28 35
25 35
29 35
24 35
30 35
23 32
23 33
23 34
23 31
23 35
31 31
31 32
31 33
31 34
31 35
26 36
27 36
28 36
25 36
29 36
24 36
30 36
23 36
31 36
22 31
22 32
22 33
22 34
22 35
22 36
32 36
27 37
26 37
28 37
25 37
29 37
24 37
30 37
23 37
31 37
22 37
32 37
26 38
27 38
28 38
25 38
29 38
24 38
30 38
23 38
31 38
22 38
32 38
33 38
33 37
33 36
33 35
32 35
32 34
32 33
33 34
33 33
32 32
32 31
33 32
33 31
27 39
26 39
28 39
29 39
30 39
31 39
25 39
32 39
33 39
24 39
34 39
34 38
34 37
34 36
34 35
34 34
34 33
34 32
34 31
26 40
27 40
28 40
29 40
30 40
31 40
32 40
25 40
33 40
34 40
0
No
0
Yes
40 9
41 9
40 8
40 10
41 8
41 10
39 9
42 9
39 8
39 10
42 8
42 10
40 7
41 7
38 9
39 7
38 8
38 10
38 7
0
Yes
21 0
21 1
21 2
21 3
21 4
21 5
21 6
21 7
21 8
21 9
21 10
21 11
22 0
22 1
22 2
22 3
22 4
22 5
22 6
22 7
22 8
22 9
22 10
22 11
23 0
23 1
23 2
23 3
23 4
23 5
23 6
23 7
23 8
23 9
23 10
23 11
24 0
24 1
24 2
24 3
24 4
24 5
24 6
24 7
24 8
24 9
24 10
24 11
25 0
25 1
25 2
25 3
25 4
25 5
25 6
25 7
25 8
25 9
25 10
25 11
26 0
26 1
26 2
26 3
26 4
26 5
26 6
26 7
26 8
26 9
26 10
26 11
27 0
27 1
27 2
27 3
27 4
27 5
27 6
27 7
27 8
27 9
27 10
27 11
28 0
28 1
28 2
28 3
28 4
28 5
28 6
28 7
28 8
28 9
28 10
28 11
29 0
29 1
29 2
29 3
29 4
29 5
29 6
29 7
29 8
29 9
29 10
29 11
30 0
30 1
30 2
30 3
30 4
30 5
30 6
30 7
30 8
30 9
30 10
30 11
0
Yes
18 19
18 20
18 21
18 22
18 23
19 19
19 20
19 21
19 22
19 23
0
Yes
19 5
18 5
19 4
19 6
20 5
18 4
18 6
20 4
20 6
17 5
19 3
19 7
17 4
17 6
18 3
18 7
20 3
20 7
17 3
17 7
19 2
18 2
20 2
17 2
0
No
0
Yes
0 16
0 17
0 18
0 19
0 20
0 21
0 22
0 23
0 24
0 25
0 26
1 16
1 17
1 18
1 19
1 20
1 21
1 22
1 23
1 24
1 25
1 26
2 16
2 17
2 18
2 19
2 20
2 21
2 22
2 23
2 24
2 25
2 26
3 16
3 17
3 18
3 19
3 20
3 21
3 22
3 23
3 24
3 25
3 26
4 16
4 17
4 18
4 19
4 20
4 21
4 22
4 23
4 24
4 25
4 26
5 16
5 17
5 18
5 19
5 20
5 21
5 22
5 23
5 24
5 25
5 26
0
Yes
0 7
0 8
0 9
0 10
0 11
0 12
0 13
0 14
0 15
1 7
1 8
1 9
1 10
1 11
1 12
1 13
1 14
1 15
2 7
2 8
2 9
2 10
2 11
2 12
2 13
2 14
2 15
3 7
3 8
3 9
3 10
3 11
3 12
3 13
3 14
3 15
4 7
4 8
4 9
4 10
4 11
4 12
4 13
4 14
4 15
5 7
5 8
5 9
5 10
5 11
5 12
5 13
5 14
5 15
6 7
6 8
6 9
6 10
6 11
6 12
6 13
6 14
6 15
7 7
7 8
7 9
7 10
7 11
7 12
0
No
0
Yes
49 0
48 0
48 1
49 1
48 2
49 2
47 2
47 1
47 0
46 0
46 1
46 2
47 3
48 3
49 3
46 3
45 1
45 2
45 0
45 3
49 4
48 4
47 4
0
Yes
12 29
11 29
12 28
13 29
11 28
13 28
10 29
0
No
0
No
0
No
0
Yes
20 49
19 49
19 48
20 48
19 47
20 47
21 47
21 48
21 49
18 47
18 48
18 49
22 49
22 48
22 47
21 46
20 46
19 46
18 46
22 46
17 49
17 48
17 47
17 46
23 48
23 47
23 49
23 46
20 45
19 45
21 45
18 45
22 45
17 45
23 45
16 48
16 47
16 46
16 49
16 45
24 49
24 48
24 47
24 46
24 45
19 44
20 44
21 44
18 44
22 44
17 44
23 44
16 44
24 44
15 49
15 48
15 47
15 46
15 45
15 44
20 43
19 43
21 43
18 43
17 43
22 43
16 43
15 43
23 43
14 43
14 44
14 45
14 46
14 47
14 48
14 49
19 42
20 42
18 42
17 42
16 42
21 42
15 42
14 42
22 42
13 42
13 43
13 44
13 45
13 46
13 47
13 48
13 49
20 41
19 41
18 41
17 41
16 41
15 41
21 41
14 41
13 41
12 41
12 42
12 43
12 44
12 45
19 40
18 40
17 40
16 40
15 40
14 40
20 40
13 40
21 40
12 40
20 39
19 39
18 39
17 39
16 39
15 39
0
Yes
23 12
23 13
23 14
23 15
23 16
23 17
24 12
24 13
24 14
24 15
24 16
24 17
25 12
25 13
25 14
25 15
25 16
25 17
26 12
26 13
26 14
26 15
26 16
26 17
27 12
27 13
27 14
27 15
27 16
27 17
28 12
28 13
28 14
28 15
28 16
28 17
29 12
29 13
29 14
29 15
0
Yes
0 33
0 34
0 35
0 36
0 37
0 38
0 39
0 40
1 33
1 34
1 35
1 36
1 37
1 38
1 39
1 40
2 33
2 34
2 35
2 36
2 37
2 38
2 39
2 40
3 33
3 34
3 35
3 36
3 37
3 38
3 39
3 40
4 33
4 34
4 35
4 36
4 37
4 38
4 39
4 40
5 33
5 34
5 35
5 36
5 37
5 38
5 39
5 40
6 33
6 34
6 35
6 36
6 37
6 38
6 39
6 40
7 33
7 34
7 35
7 36
7 37
7 38
7 39
7 40
8 33
8 34
8 35
8 36
8 37
8 38
8 39
0
No
0
Yes
2 48
2 49
1 48
1 49
3 48
3 49
2 47
1 47
3 47
0 48
0 49
0 47
0
No
0
Yes
37 3
37 4
36 3
36 4
38 3
38 4
37 2
37 5
36 2
36 5
38 2
38 5
35 3
35 4
39 3
39 4
35 2
35 5
37 1
37 6
39 2
39 5
36 1
36 6
38 1
38 6
34 3
34 4
40 3
40 4
35 1
35 6
39 1
39 6
34 2
34 5
40 2
40 5
37 0
36 0
38 0
34 1
34 6
40 1
40 6
33 3
33 4
35 0
39 0
41 3
41 4
33 2
33 5
41 2
41 5
34 0
40 0
33 1
33 6
41 1
41 6
32 3
32 4
42 3
42 4
32 2
32 5
42 2
42 5
33 0
41 0
32 1
32 6
42 1
42 6
31 3
31 4
32 0
42 0
31 2
31 5
31 1
31 6
0
Yes
46 28
46 29
45 28
45 29
47 28
47 29
46 27
46 30
45 27
45 30
47 27
47 30
44 28
44 29
48 28
48 29
44 27
44 30
46 26
46 31
48 27
48 30
45 26
45 31
47 26
47 31
43 28
43 29
49 28
49 29
44 26
44 31
48 26
48 31
43 27
43 30
49 27
49 30
46 25
46 32
45 25
45 32
47 25
47 32
43 26
43 31
49 26
49 31
42 28
42 29
44 25
44 32
48 25
48 32
42 27
42 30
46 24
46 33
43 25
43 32
45 24
45 33
47 24
47 33
49 25
49 32
42 26
42 31
44 24
44 33
48 24
48 33
42 25
42 32
43 24
43 33
49 24
49 33
46 23
46 34
45 23
45 34
47 23
47 34
44 23
44 34
48 23
48 34
42 24
42 33
43 23
43 34
49 23
49 34
46 22
45 22
47 22
42 23
42 34
44 22
48 22
43 22
0
Yes
0 33
0 34
0 35
0 36
0 37
0 38
0 39
0 40
0 41
0 42
1 33
1 34
1 35
1 36
1 37
1 38
1 39
1 40
1 41
1 42
2 33
2 34
2 35
2 36
2 37
2 38
2 39
2 40
2 41
2 42
3 33
3 34
3 35
3 36
3 37
3 38
3 39
3 40
3 41
3 42
4 33
4 34
4 35
4 36
4 37
4 38
4 39
4 40
4 41
4 42
5 33
5 34
5 35
5 36
5 37
5 38
5 39
5 40
5 41
5 42
6 33
6 34
6 35
6 36
6 37
6 38
6 39
0
No
0
Yes
7 37
7 38
7 39
7 40
7 41
7 42
7 43
7 44
8 37
8 38
8 39
8 40
8 41
8 42
8 43
8 44
9 37
9 38
9 39
9 40
9 41
9 42
9 43
9 44
10 37
10 38
10 39
10 40
10 41
10 42
10 43
10 44
11 37
11 38
11 39
11 40
11 41
11 42
11 43
0
No
0
Yes
1 3
1 4
2 3
2 4
0 3
0 4
1 2
1 5
2 2
2 5
0 2
0 5
1 1
1 6
2 1
2 6
0 1
0 6
1 0
2 0
0 0
0
Yes
6 16
6 17
6 18
6 19
6 20
6 21
6 22
6 23
6 24
6 25
6 26
7 16
7 17
7 18
7 19
7 20
7 21
7 22
7 23
7 24
7 25
7 26
8 16
8 17
8 18
8 19
8 20
8 21
8 22
8 23
8 24
8 25
8 26
9 16
9 17
9 18
9 19
9 20
9 21
9 22
9 23
9 24
9 25
9 26
10 16
10 17
10 18
10 19
10 20
10 21
10 22
10 23
10 24
10 25
10 26
11 16
11 17
11 18
11 19
11 20
11 21
11 22
11 23
11 24
11 25
11 26
12 16
12 17
12 18
12 19
12 20
12 21
12 22
12 23
12 24
12 25
12 26
13 16
13 17
13 18
13 19
13 20
13 21
13 22
13 23
13 24
13 25
13 26
14 16
14 17
14 18
14 19
14 20
14 21
14 22
14 23
14 24
14 25
14 26
15 16
15 17
15 18
15 19
0
Yes
47 17
47 18
48 17
48 18
46 17
46 18
47 16
47 19
48 16
48 19
49 17
49 18
46 16
46 19
49 16
49 19
45 17
45 18
47 15
47 20
48 15
48 20
45 16
45 19
46 15
46 20
49 15
49 20
45 15
45 20
47 14
47 21
48 14
48 21
46 14
46 21
49 14
49 21
45 14
45 21
47 13
48 13
46 13
49 13
45 13
0
Yes
30 31
30 32
30 33
30 34
30 35
30 36
30 37
30 38
30 39
30 40
31 31
31 32
31 33
31 34
31 35
31 36
31 37
31 38
31 39
31 40
32 31
32 32
32 33
32 34
32 35
32 36
32 37
32 38
32 39
32 40
33 31
33 32
33 33
33 34
33 35
33 36
33 37
33 38
33 39
33 40
34 31
34 32
34 33
34 34
34 35
34 36
34 37
34 38
34 39
34 40
35 31
35 32
35 33
35 34
35 35
35 36
35 37
35 38
35 39
35 40
36 31
36 32
36 33
36 34
36 35
36 36
36 37
36 38
36 39
36 40
37 31
37 32
37 33
37 34
37 35
37 36
37 37
37 38
37 39
37 40
38 31
38 32
38 33
38 34
38 35
38 36
38 37
38 38
38 39
38 40
39 31
39 32
39 33
39 34
39 35
39 36
39 37
39 38
39 39
39 40
40 31
40 32
40 33
40 34
40 35
40 36
40 37
40 38
40 39
40 40
41 31
41 32
41 33
41 34
41 35
41 36
0
Yes
7 31
7 32
7 33
7 34
7 35
7 36
8 31
8 32
8 33
8 34
8 35
8 36
9 31
9 32
9 33
9 34
9 35
9 36
10 31
10 32
10 33
10 34
10 35
10 36
11 31
11 32
11 33
11 34
11 35
11 36
12 31
12 32
12 33
12 34
12 35
12 36
13 31
13 32
13 33
13 34
13 35
13 36
14 31
14 32
14 33
14 34
14 35
14 36
0
Yes
23 16
24 16
23 15
23 17
24 15
24 17
22 16
25 16
22 15
22 17
25 15
25 17
23 14
23 18
24 14
24 18
21 16
22 14
22 18
25 14
25 18
26 16
21 15
21 17
26 15
26 17
23 13
23 19
24 13
24 19
21 14
21 18
26 14
26 18
22 13
22 19
25 13
25 19
20 16
27 16
20 15
20 17
27 15
27 17
21 13
21 19
26 13
26 19
20 14
20 18
23 12
24 12
27 14
27 18
22 12
25 12
19 16
28 16
19 15
19 17
20 13
20 19
27 13
27 19
28 15
28 17
21 12
26 12
19 14
19 18
28 14
28 18
20 12
27 12
19 13
19 19
28 13
28 19
18 16
18 15
18 17
18 14
18 18
19 12
28 12
18 13
18 19
18 12
0
No
0
Yes
48 11
49 11
48 10
49 10
47 10
0
No
0
No
0
Yes
7 2
6 2
6 3
7 3
6 4
7 4
6 5
7 5
5 5
5 4
5 3
5 6
6 6
7 6
0
Yes
0 16
0 17
0 18
0 19
0 20
0 21
0 22
0 23
0 24
0 25
0 26
1 16
1 17
1 18
1 19
1 20
1 21
1 22
1 23
1 24
1 25
1 26
2 16
2 17
2 18
2 19
2 20
2 21
2 22
2 23
2 24
2 25
2 26
3 16
3 17
3 18
3 19
3 20
3 21
3 22
3 23
3 24
3 25
3 26
4 16
4 17
4 18
4 19
4 20
4 21
4 22
4 23
4 24
4 25
4 26
5 16
5 17
5 18
5 19
5 20
5 21
5 22
5 23
5 24
5 25
5 26
6 16
6 17
6 18
6 19
6 20
6 21
6 22
6 23
6 24
6 25
6 26
7 16
7 17
7 18
7 19
7 20
7 21
7 22
7 23
7 24
7 25
7 26
8 16
8 17
8 18
8 19
8 20
8 21
8 22
8 23
8 24
8 25
8 26
9 16
9 17
9 18
9 19
9 20
9 21
9 22
9 23
9 24
9 25
9 26
10 16
10 17
10 18
0
Yes
30 11
30 12
30 13
30 14
30 15
31 11
31 12
31 13
31 14
31 15
32 11
32 12
32 13
32 14
32 15
33 11
33 12
33 13
33 14
33 15
34 11
34 12
34 13
34 14
34 15
35 11
35 12
35 13
35 14
35 15
36 11
36 12
36 13
36 14
0
No
0
No
0
Yes
2 48
2 49
1 48
1 49
3 48
3 49
2 47
1 47
3 47
0 48
0 49
0
No
0
Yes
41 18
42 18
41 17
41 19
42 17
42 19
40 18
43 18
40 17
40 19
43 17
43 19
41 16
41 20
42 16
42 20
39 18
40 16
40 20
43 16
43 20
44 18
39 17
39 19
44 17
44 19
41 15
41 21
42 15
42 21
39 16
39 20
44 16
44 20
40 15
40 21
43 15
43 21
38 18
38 17
38 19
39 15
39 21
44 15
44 21
38 16
38 20
41 14
41 22
42 14
42 22
40 14
40 22
43 14
38 15
38 21
39 14
39 22
44 14
41 13
42 13
40 13
43 13
38 14
38 22
39 13
44 13
0
No
0
Yes
46 2
46 3
47 2
47 3
45 2
45 3
46 1
47 1
47 4
48 2
48 3
45 1
45 4
48 1
48 4
44 2
44 3
46 0
47 0
49 2
49 3
44 1
44 4
45 0
48 0
49 1
49 4
43 2
43 3
44 0
49 0
43 1
43 4
43 0
0
Yes
0 2
0 3
0 4
0 5
0 6
1 2
1 3
1 4
1 5
1 6
2 2
2 3
2 4
2 5
2 6
3 2
3 3
3 4
3 5
3 6
4 2
4 3
4 4
4 5
4 6
0
Yes
48 5
48 6
48 7
48 8
49 5
49 6
49 7
49 8
0
Yes
46 24
46 25
45 24
45 25
47 24
47 25
46 23
46 26
45 23
45 26
47 23
47 26
44 24
44 25
48 24
48 25
44 23
44 26
46 22
48 23
48 26
45 22
47 22
43 24
43 25
49 24
49 25
44 22
48 22
43 23
43 26
49 23
49 26
43 22
49 22
42 24
42 25
42 23
0
Yes
40 27
40 28
40 29
40 30
40 31
40 32
40 33
40 34
40 35
40 36
40 37
40 38
40 39
40 40
41 27
41 28
41 29
41 30
41 31
41 32
41 33
41 34
41 35
41 36
41 37
41 38
41 39
41 40
42 27
42 28
42 29
42 30
42 31
42 32
42 33
42 34
42 35
42 36
42 37
42 38
42 39
42 40
43 27
43 28
43 29
43 30
43 31
43 32
43 33
43 34
43 35
43 36
43 37
43 38
43 39
43 40
44 27
44 28
44 29
44 30
44 31
44 32
44 33
44 34
44 35
44 36
44 37
44 38
44 39
44 40
45 27
45 28
45 29
45 30
45 31
45 32
45 33
45 34
45 35
45 36
45 37
45 38
45 39
45 40
46 27
46 28
46 29
46 30
46 31
46 32
46 33
46 34
46 35
46 36
46 37
46 38
46 39
46 40
47 27
47 28
47 29
47 30
47 31
47 32
47 33
47 34
47 35
47 36
47 37
47 38
47 39
47 40
48 27
48 28
48 29
48 30
48 31
48 32
48 33
48 34
48 35
48 36
48 37
48 38
48 39
48 40
49 27
49 28
49 29
49 30
49 31
49 32
49 33
49 34
49 35
49 36
49 37
49 38
49 39
49 40
0
Yes
18 0
18 1
18 2
18 3
18 4
18 5
18 6
19 0
19 1
19 2
19 3
19 4
19 5
19 6
20 0
20 1
20 2
20 3
20 4
20 5
20 6
21 0
21 1
21 2
21 3
21 4
21 5
21 6
22 0
22 1
22 2
22 3
22 4
22 5
22 6
23 0
23 1
23 2
23 3
23 4
23 5
23 6
24 0
24 1
24 2
24 3
24 4
24 5
24 6
25 0
25 1
25 2
25 3
25 4
25 5
25 6
26 0
26 1
26 2
26 3
26 4
26 5
26 6
27 0
27 1
27 2
27 3
27 4
27 5
27 6
28 0
28 1
28 2
28 3
28 4
28 5
28 6
29 0
29 1
29 2
29 3
29 4
29 5
29 6
30 0
30 1
30 2
30 3
30 4
30 5
30 6
0
Yes
45 41
45 42
45 43
46 41
46 42
46 43
47 41
47 42
47 43
48 41
48 42
48 43
49 41
49 42
49 43
0
Yes
0 10
0 11
0 12
0 13
0 14
0 15
1 10
1 11
1 12
1 13
1 14
1 15
2 10
2 11
2 12
2 13
2 14
2 15
3 10
3 11
3 12
3 13
3 14
3 15
0
Yes
0 43
0 44
0 45
0 46
1 43
1 44
1 45
1 46
2 43
2 44
2 45
2 46
3 43
3 44
3 45
0
Yes
0 0
0 1
1 0
1 1
2 0
2 1
0
No
0
No
0
No
0
Yes
32 36
33 36
32 35
32 37
33 35
33 37
31 36
34 36
31 35
31 37
34 35
34 37
32 34
32 38
33 34
33 38
30 36
31 34
31 38
34 34
34 38
35 36
30 35
30 37
35 35
35 37
32 33
32 39
33 33
33 39
30 34
30 38
35 34
35 38
31 33
31 39
34 33
34 39
29 36
36 36
29 35
29 37
36 35
36 37
30 33
30 39
35 33
35 39
29 34
29 38
32 32
32 40
33 32
33 40
36 34
36 38
31 32
31 40
34 32
34 40
28 36
37 36
28 35
28 37
29 33
29 39
36 33
36 39
37 35
37 37
30 32
30 40
35 32
35 40
28 34
28 38
37 34
37 38
32 31
33 31
31 31
34 31
29 32
29 40
36 32
36 40
28 33
28 39
37 33
37 39
27 36
38 36
27 35
27 37
30 31
35 31
38 35
38 37
27 34
27 38
38 34
38 38
28 32
28 40
37 32
37 40
29 31
36 31
27 33
27 39
38 33
38 39
26 36
39 36
26 35
26 37
39 35
39 37
28 31
37 31
26 34
26 38
27 32
27 40
38 32
38 40
39 34
39 38
26 33
26 39
39 33
39 39
27 31
38 31
25 36
25 35
25 37
26 32
26 40
39 32
39 40
25 34
25 38
25 33
25 39
0
No
0
Yes
39 25
40 25
39 24
39 26
40 24
40 26
38 25
38 24
38 26
39 23
40 23
38 23
0
Yes
21 0
21 1
21 2
21 3
21 4
21 5
21 6
21 7
21 8
21 9
21 10
22 0
22 1
22 2
22 3
22 4
22 5
22 6
22 7
22 8
22 9
22 10
23 0
23 1
23 2
23 3
23 4
23 5
23 6
23 7
23 8
23 9
23 10
24 0
24 1
24 2
24 3
24 4
24 5
24 6
24 7
24 8
24 9
24 10
25 0
25 1
25 2
25 3
25 4
25 5
25 6
25 7
25 8
25 9
25 10
26 0
26 1
26 2
26 3
26 4
26 5
26 6
26 7
26 8
26 9
26 10
27 0
27 1
27 2
27 3
27 4
27 5
27 6
27 7
27 8
27 9
27 10
28 0
28 1
28 2
28 3
28 4
28 5
28 6
28 7
28 8
28 9
28 10
29 0
29 1
29 2
29 3
29 4
29 5
29 6
29 7
29 8
29 9
29 10
30 0
30 1
30 2
30 3
30 4
30 5
30 6
30 7
30 8
30 9
30 10
31 0
0
No
0
Yes
0 2
0 3
0 4
1 2
1 3
1 4
2 2
2 3
2 4
3 2
3 3
3 4
4 2
4 3
4 4
0
Yes
45 5
44 5
44 6
43 6
43 5
0
Yes
0 34
0 35
0 36
0 37
0 38
0 39
0 40
0 41
0 42
1 34
1 35
1 36
1 37
1 38
1 39
1 40
1 41
1 42
2 34
2 35
2 36
2 37
2 38
2 39
2 40
2 41
2 42
3 34
3 35
3 36
3 37
3 38
3 39
3 40
3 41
3 42
4 34
4 35
4 36
4 37
4 38
4 39
4 40
4 41
4 42
5 34
5 35
5 36
5 37
5 38
5 39
5 40
5 41
5 42
6 34
6 35
6 36
6 37
6 38
6 39
6 40
6 41
6 42
7 34
7 35
7 36
7 37
7 38
7 39
7 40
7 41
7 42
8 34
8 35
8 36
8 37
8 38
8 39
8 40
8 41
8 42
9 34
9 35
9 36
9 37
9 38
9 39
9 40
9 41
9 42
10 34
10 35
10 36
10 37
10 38
10 39
10 40
10 41
10 42
0
Yes
21 15
20 15
21 14
21 16
22 15
20 14
20 16
22 14
22 16
19 15
21 13
21 17
23 15
19 14
19 16
20 13
20 17
22 13
22 17
23 14
23 16
19 13
19 17
23 13
23 17
18 15
21 12
21 18
24 15
18 14
18 16
20 12
20 18
22 12
22 18
24 14
24 16
18 13
18 17
19 12
19 18
23 12
23 18
24 13
24 17
17 15
21 11
25 15
17 14
17 16
20 11
22 11
25 14
25 16
18 12
18 18
24 12
24 18
17 13
17 17
19 11
23 11
25 13
25 17
16 15
17 12
17 18
18 11
24 11
25 12
25 18
26 15
16 14
16 16
26 14
26 16
16 13
16 17
26 13
26 17
17 11
25 11
16 12
16 18
26 12
26 18
15 15
27 15
15 14
15 16
27 14
27 16
15 13
15 17
27 13
27 17
16 11
26 11
15 12
15 18
27 12
27 18
14 15
28 15
14 14
14 16
28 14
28 16
15 11
27 11
14 13
14 17
28 13
28 17
14 12
14 18
28 12
28 18
13 15
13 14
13 16
14 11
28 11
13 13
13 17
13 12
13 18
0
Yes
29 45
29 46
29 47
29 48
29 49
30 45
30 46
30 47
30 48
30 49
31 45
31 46
31 47
31 48
31 49
32 45
32 46
32 47
32 48
32 49
33 45
33 46
33 47
33 48
33 49
34 45
34 46
34 47
34 48
34 49
35 45
35 46
35 47
35 48
0
No
0
No
0
No
0
Yes
18 0
18 1
19 1
19 0
20 1
20 0
20 2
19 2
18 2
18 3
19 3
20 3
19 4
18 4
20 4
20 5
19 5
18 5
17 4
17 5
17 3
17 2
17 6
18 6
19 6
20 6
0
Yes
46 34
46 35
45 34
45 35
47 34
47 35
46 33
46 36
45 33
45 36
47 33
47 36
44 34
44 35
48 34
48 35
44 33
44 36
46 32
46 37
48 33
48 36
45 32
45 37
47 32
47 37
43 34
43 35
49 34
49 35
44 32
44 37
48 32
48 37
43 33
43 36
49 33
49 36
46 31
46 38
45 31
45 38
47 31
47 38
43 32
43 37
49 32
49 37
42 34
42 35
44 31
44 38
48 31
48 38
42 33
42 36
46 30
46 39
43 31
43 38
45 30
45 39
47 30
47 39
49 31
49 38
42 32
42 37
44 30
44 39
48 30
48 39
42 31
42 38
43 30
43 39
49 30
49 39
46 29
46 40
45 29
45 40
47 29
47 40
44 29
44 40
48 29
48 40
42 30
42 39
43 29
43 40
49 29
49 40
46 28
45 28
47 28
42 29
42 40
44 28
48 28
43 28
49 28
42 28
0
No
0
Yes
17 7
17 8
17 9
17 10
18 7
18 8
18 9
18 10
19 7
19 8
0
No
0
No
0
Yes
15 3
15 4
14 3
14 4
16 3
16 4
15 2
15 5
14 2
14 5
16 2
16 5
13 3
13 4
17 3
17 4
13 2
13 5
15 1
15 6
17 2
17 5
14 1
14 6
16 1
16 6
12 3
12 4
18 3
18 4
13 1
13 6
17 1
17 6
12 2
12 5
18 2
18 5
15 0
14 0
16 0
12 1
12 6
18 1
18 6
11 3
11 4
13 0
17 0
19 3
19 4
11 2
11 5
19 2
19 5
12 0
18 0
11 1
11 6
19 1
19 6
10 3
10 4
20 3
20 4
10 2
10 5
20 2
20 5
11 0
19 0
10 1
10 6
20 1
20 6
9 3
9 4
10 0
20 0
9 2
9 5
9 1
0
No
0
No
0
No
0
No
0
No
0
Yes
0 5
0 6
0 7
0 8
0 9
0 10
0 11
0 12
0 13
0 14
0 15
1 5
1 6
1 7
1 8
1 9
1 10
1 11
1 12
1 13
1 14
1 15
2 5
2 6
2 7
2 8
2 9
2 10
2 11
2 12
2 13
2 14
2 15
3 5
3 6
3 7
3 8
3 9
3 10
3 11
3 12
3 13
3 14
3 15
4 5
4 6
4 7
4 8
4 9
4 10
4 11
4 12
4 13
4 14
4 15
5 5
5 6
5 7
5 8
5 9
5 10
5 11
5 12
5 13
5 14
5 15
6 5
6 6
6 7
6 8
6 9
6 10
6 11
6 12
6 13
6 14
6 15
7 5
7 6
7 7
7 8
7 9
7 10
7 11
7 12
7 13
7 14
7 15
8 5
8 6
8 7
8 8
8 9
8 10
8 11
8 12
8 13
8 14
0
Yes
47 45
47 46
46 45
46 46
48 45
48 46
47 44
47 47
46 44
46 47
48 44
48 47
45 45
45 46
49 45
49 46
45 44
45 47
47 43
47 48
49 44
49 47
46 43
46 48
48 43
48 48
44 45
44 46
45 43
45 48
49 43
49 48
44 44
44 47
47 42
47 49
46 42
46 49
48 42
48 49
44 43
44 48
45 42
45 49
49 42
49 49
47 41
44 42
44 49
46 41
48 41
45 41
49 41
44 41
0
Yes
0 9
0 10
0 11
0 12
0 13
0 14
0 15
1 9
1 10
1 11
1 12
1 13
1 14
1 15
2 9
2 10
2 11
2 12
2 13
2 14
2 15
3 9
3 10
3 11
3 12
3 13
3 14
3 15
4 9
4 10
4 11
4 12
4 13
4 14
4 15
5 9
5 10
5 11
5 12
5 13
5 14
5 15
6 9
6 10
6 11
6 12
6 13
6 14
6 15
7 9
7 10
7 11
7 12
7 13
7 14
7 15
8 9
8 10
8 11
8 12
8 13
0
Yes
31 7
31 8
32 8
32 7
33 8
33 7
33 9
32 9
31 9
31 10
32 10
33 10
34 9
34 8
34 7
34 10
35 7
0
Yes
0 27
0 28
1 27
1 28
2 27
2 28
3 27
0
No
0
No
0
Yes
35 9
35 8
36 8
36 9
37 8
37 9
37 10
36 10
35 10
38 10
38 9
38 8
39 9
39 8
39 10
38 7
39 7
37 7
36 7
40 10
40 9
40 8
40 7
41 9
41 8
41 10
41 7
41 11
40 11
39 11
42 11
42 10
42 9
42 8
0
Yes
40 47
40 48
39 47
39 48
41 47
41 48
40 46
40 49
39 46
39 49
41 46
41 49
38 47
38 48
42 47
42 48
38 46
38 49
40 45
42 46
42 49
39 45
41 45
37 47
37 48
43 47
43 48
38 45
42 45
37 46
37 49
43 46
43 49
37 45
43 45
36 47
36 48
36 46
36 49
36 45
0
Yes
49 8
48 8
49 7
49 9
48 7
49 6
48 6
0
Yes
32 31
32 32
32 33
32 34
32 35
32 36
32 37
32 38
32 39
32 40
33 31
33 32
33 33
33 34
33 35
33 36
33 37
33 38
33 39
33 40
34 31
34 32
34 33
34 34
34 35
34 36
34 37
34 38
34 39
34 40
35 31
35 32
35 33
35 34
35 35
35 36
35 37
35 38
35 39
35 40
36 31
36 32
36 33
36 34
36 35
36 36
36 37
36 38
36 39
36 40
37 31
37 32
37 33
37 34
37 35
37 36
37 37
37 38
37 39
37 40
38 31
38 32
38 33
38 34
38 35
38 36
38 37
38 38
38 39
38 40
39 31
39 32
39 33
39 34
39 35
39 36
39 37
39 38
39 39
39 40
40 31
40 32
40 33
40 34
40 35
40 36
40 37
40 38
40 39
40 40
41 31
41 32
41 33
41 34
41 35
41 36
41 37
41 38
41 39
41 40
0
No
0
No
0
No
0
Yes
40 30
39 30
40 29
41 30
39 29
41 29
38 30
38 29
0
Yes
0 19
0 20
0 21
0 22
0 23
0 24
0 25
0 26
1 19
1 20
1 21
1 22
1 23
1 24
1 25
1 26
2 19
2 20
2 21
2 22
2 23
2 24
2 25
2 26
3 19
3 20
3 21
3 22
3 23
3 24
3 25
3 26
4 19
4 20
4 21
4 22
4 23
4 24
4 25
4 26
5 19
5 20
5 21
5 22
5 23
5 24
5 25
5 26
6 19
6 20
6 21
6 22
6 23
6 24
6 25
0
No
0
Yes
46 25
47 25
46 24
46 26
47 24
47 26
45 25
48 25
45 24
45 26
48 24
48 26
46 23
46 27
47 23
47 27
44 25
45 23
45 27
48 23
48 27
49 25
44 24
44 26
49 24
49 26
46 22
47 22
44 23
44 27
49 23
49 27
45 22
48 22
43 25
43 24
43 26
44 22
49 22
43 23
43 27
0
Yes
0 34
0 35
0 36
0 37
0 38
0 39
0 40
0 41
0 42
0 43
0 44
0 45
1 34
1 35
1 36
1 37
1 38
1 39
1 40
1 41
1 42
1 43
1 44
1 45
2 34
2 35
2 36
2 37
2 38
2 39
2 40
2 41
2 42
2 43
2 44
2 45
3 34
3 35
3 36
3 37
3 38
3 39
3 40
3 41
3 42
3 43
3 44
3 45
4 34
4 35
4 36
4 37
4 38
4 39
4 40
4 41
4 42
4 43
4 44
4 45
5 34
5 35
5 36
5 37
5 38
5 39
5 40
5 41
5 42
5 43
5 44
5 45
6 34
6 35
6 36
6 37
6 38
6 39
6 40
6 41
6 42
6 43
6 44
6 45
7 34
7 35
7 36
7 37
7 38
7 39
7 40
7 41
7 42
7 43
7 44
7 45
8 34
8 35
8 36
8 37
8 38
8 39
8 40
8 41
8 42
8 43
8 44
8 45
9 34
9 35
9 36
9 37
9 38
9 39
9 40
0
No
0
No
0
Yes
0 5
0 6
0 7
0 8
0 9
0 10
0 11
0 12
0 13
0 14
1 5
1 6
1 7
1 8
1 9
1 10
1 11
1 12
1 13
1 14
2 5
2 6
2 7
2 8
2 9
2 10
2 11
2 12
2 13
2 14
3 5
3 6
3 7
3 8
3 9
3 10
3 11
3 12
3 13
3 14
4 5
4 6
4 7
4 8
4 9
4 10
4 11
4 12
4 13
4 14
5 5
5 6
5 7
5 8
5 9
5 10
5 11
5 12
5 13
0
No
0
Yes
39 0
39 1
39 2
39 3
39 4
39 5
40 0
40 1
40 2
40 3
40 4
40 5
41 0
41 1
41 2
41 3
41 4
41 5
42 0
42 1
42 2
42 3
42 4
42 5
43 0
43 1
43 2
43 3
43 4
43 5
44 0
44 1
44 2
44 3
44 4
44 5
45 0
45 1
45 2
45 3
45 4
45 5
46 0
46 1
0
Yes
8 0
8 1
8 2
8 3
8 4
8 5
8 6
8 7
9 0
9 1
9 2
9 3
9 4
9 5
9 6
9 7
10 0
10 1
10 2
10 3
10 4
10 5
10 6
10 7
11 0
11 1
11 2
11 3
11 4
11 5
11 6
11 7
12 0
12 1
12 2
12 3
12 4
12 5
12 6
12 7
13 0
13 1
13 2
13 3
13 4
13 5
13 6
13 7
14 0
14 1
14 2
14 3
14 4
14 5
14 6
14 7
15 0
15 1
15 2
15 3
15 4
15 5
15 6
15 7
16 0
16 1
16 2
16 3
16 4
16 5
16 6
16 7
17 0
17 1
17 2
17 3
17 4
17 5
17 6
17 7
18 0
18 1
18 2
18 3
18 4
18 5
18 6
18 7
19 0
19 1
19 2
19 3
19 4
19 5
19 6
19 7
20 0
20 1
20 2
20 3
20 4
20 5
20 6
20 7
21 0
21 1
21 2
21 3
21 4
21 5
21 6
21 7
22 0
22 1
22 2
22 3
22 4
22 5
22 6
22 7
23 0
23 1
23 2
23 3
23 4
23 5
23 6
23 7
24 0
24 1
24 2
24 3
24 4
24 5
24 6
24 7
25 0
25 1
25 2
25 3
25 4
25 5
25 6
25 7
0
Yes
0 15
0 16
0 17
0 18
1 15
1 16
1 17
1 18
2 15
2 16
2 17
2 18
3 15
3 16
3 17
3 18
4 15
4 16
4 17
4 18
5 15
5 16
5 17
5 18
6 15
6 16
6 17
6 18
0
Yes
43 6
43 7
44 6
44 7
0
Yes
40 13
40 14
40 15
40 16
40 17
40 18
40 19
40 20
40 21
40 22
40 23
40 24
40 25
40 26
40 27
41 13
41 14
41 15
41 16
41 17
41 18
41 19
41 20
41 21
41 22
41 23
41 24
41 25
41 26
41 27
42 13
42 14
42 15
42 16
42 17
42 18
42 19
42 20
42 21
42 22
42 23
42 24
42 25
42 26
42 27
43 13
43 14
43 15
43 16
43 17
43 18
43 19
43 20
43 21
43 22
43 23
43 24
43 25
43 26
43 27
44 13
44 14
44 15
44 16
44 17
44 18
44 19
44 20
44 21
44 22
44 23
44 24
44 25
44 26
44 27
45 13
45 14
45 15
45 16
45 17
45 18
45 19
45 20
45 21
45 22
45 23
45 24
45 25
45 26
45 27
46 13
46 14
46 15
46 16
46 17
46 18
46 19
46 20
46 21
46 22
46 23
46 24
46 25
46 26
46 27
47 13
47 14
47 15
47 16
47 17
47 18
47 19
47 20
47 21
47 22
47 23
47 24
47 25
47 26
47 27
48 13
48 14
48 15
48 16
48 17
48 18
48 19
48 20
48 21
48 22
48 23
48 24
48 25
48 26
48 27
49 13
49 14
49 15
49 16
49 17
49 18
49 19
49 20
49 21
49 22
49 23
49 24
49 25
49 26
49 27
0
No
0
Yes
26 0
26 1
26 2
26 3
26 4
27 0
27 1
27 2
27 3
27 4
28 0
28 1
28 2
28 3
28 4
29 0
29 1
29 2
29 3
29 4
30 0
30 1
30 2
30 3
30 4
31 0
31 1
31 2
31 3
31 4
32 0
32 1
32 2
32 3
0
Yes
0 33
0 34
0 35
0 36
0 37
0 38
0 39
0 40
0 41
0 42
0 43
0 44
0 45
1 33
1 34
1 35
1 36
1 37
1 38
1 39
1 40
1 41
1 42
1 43
1 44
1 45
2 33
2 34
2 35
2 36
2 37
2 38
2 39
2 40
2 41
2 42
2 43
2 44
2 45
3 33
3 34
3 35
3 36
3 37
3 38
3 39
3 40
3 41
3 42
3 43
3 44
3 45
4 33
4 34
4 35
4 36
4 37
4 38
4 39
4 40
4 41
4 42
4 43
4 44
4 45
5 33
5 34
5 35
5 36
5 37
5 38
5 39
5 40
5 41
5 42
5 43
5 44
5 45
6 33
6 34
6 35
6 36
6 37
6 38
6 39
6 40
6 41
6 42
6 43
6 44
6 45
7 33
7 34
7 35
7 36
7 37
7 38
7 39
7 40
7 41
7 42
7 43
7 44
7 45
8 33
8 34
8 35
8 36
8 37
8 38
8 39
8 40
8 41
8 42
8 43
8 44
8 45
9 33
9 34
9 35
9 36
9 37
9 38
9 39
9 40
9 41
9 42
9 43
0
Yes
0 46
0 47
0 48
0 49
1 46
1 47
1 48
1 49
2 46
2 47
2 48
2 49
3 46
3 47
3 48
3 49
0
Yes
39 15
39 16
39 17
39 18
39 19
39 20
39 21
39 22
39 23
39 24
39 25
39 26
39 27
40 15
40 16
40 17
40 18
40 19
40 20
40 21
40 22
40 23
40 24
40 25
40 26
40 27
41 15
41 16
41 17
41 18
41 19
41 20
41 21
41 22
41 23
41 24
41 25
41 26
41 27
42 15
42 16
42 17
42 18
42 19
42 20
42 21
42 22
42 23
42 24
42 25
42 26
42 27
43 15
43 16
43 17
43 18
43 19
43 20
43 21
43 22
43 23
43 24
43 25
43 26
43 27
44 15
44 16
44 17
44 18
44 19
44 20
44 21
44 22
44 23
44 24
44 25
44 26
44 27
45 15
45 16
45 17
45 18
45 19
45 20
45 21
45 22
45 23
45 24
45 25
45 26
45 27
46 15
46 16
46 17
46 18
46 19
46 20
46 21
46 22
46 23
46 24
46 25
46 26
46 27
47 15
47 16
47 17
47 18
47 19
47 20
47 21
47 22
47 23
47 24
47 25
47 26
47 27
48 15
48 16
48 17
48 18
48 19
48 20
48 21
48 22
48 23
48 24
48 25
48 26
48 27
49 15
49 16
49 17
49 18
49 19
49 20
49 21
49 22
49 23
49 24
49 25
49 26
0
Yes
30 19
30 20
30 21
30 22
30 23
30 24
30 25
30 26
30 27
30 28
30 29
30 30
31 19
31 20
31 21
31 22
31 23
31 24
31 25
31 26
31 27
31 28
31 29
31 30
32 19
32 20
32 21
32 22
32 23
32 24
32 25
32 26
32 27
32 28
32 29
32 30
33 19
33 20
33 21
33 22
33 23
33 24
33 25
33 26
33 27
33 28
33 29
33 30
34 19
34 20
34 21
34 22
34 23
34 24
34 25
34 26
34 27
34 28
34 29
34 30
35 19
35 20
35 21
35 22
35 23
35 24
35 25
35 26
35 27
35 28
35 29
35 30
36 19
36 20
36 21
36 22
36 23
36 24
36 25
36 26
36 27
36 28
36 29
36 30
37 19
37 20
37 21
37 22
37 23
37 24
37 25
37 26
37 27
37 28
37 29
37 30
38 19
38 20
38 21
38 22
38 23
38 24
38 25
38 26
38 27
38 28
38 29
38 30
0
Yes
13 40
13 41
13 42
13 43
13 44
13 45
13 46
13 47
13 48
13 49
14 40
14 41
14 42
14 43
14 44
14 45
14 46
14 47
14 48
14 49
15 40
15 41
15 42
15 43
15 44
15 45
15 46
15 47
15 48
15 49
16 40
16 41
16 42
16 43
16 44
16 45
16 46
16 47
16 48
16 49
17 40
17 41
17 42
17 43
17 44
17 45
17 46
17 47
17 48
17 49
18 40
18 41
18 42
18 43
18 44
18 45
18 46
18 47
18 48
18 49
19 40
19 41
19 42
19 43
19 44
19 45
19 46
19 47
19 48
19 49
20 40
20 41
20 42
20 43
20 44
20 45
20 46
20 47
20 48
20 49
21 40
21 41
21 42
21 43
21 44
21 45
0
No
0
No
0
Yes
39 28
39 29
39 30
40 28
40 29
40 30
41 28
41 29
0
Yes
0 5
0 6
0 7
0 8
0 9
0 10
0 11
0 12
0 13
1 5
1 6
1 7
1 8
1 9
1 10
1 11
1 12
1 13
2 5
2 6
2 7
2 8
2 9
2 10
2 11
2 12
2 13
3 5
3 6
3 7
3 8
3 9
3 10
3 11
3 12
3 13
4 5
4 6
4 7
4 8
4 9
4 10
4 11
4 12
4 13
5 5
5 6
5 7
5 8
5 9
5 10
5 11
5 12
5 13
6 5
6 6
6 7
6 8
6 9
6 10
6 11
6 12
6 13
7 5
7 6
7 7
7 8
7 9
7 10
7 11
7 12
0
Yes
33 0
33 1
33 2
33 3
33 4
33 5
33 6
33 7
33 8
33 9
34 0
34 1
34 2
34 3
34 4
34 5
34 6
34 7
34 8
34 9
35 0
35 1
35 2
35 3
35 4
35 5
35 6
35 7
35 8
35 9
36 0
36 1
36 2
36 3
36 4
36 5
36 6
36 7
36 8
36 9
37 0
37 1
37 2
37 3
37 4
37 5
37 6
37 7
37 8
37 9
38 0
38 1
38 2
38 3
38 4
38 5
38 6
0
Yes
4 47
4 46
5 46
5 47
6 46
6 47
6 48
5 48
4 48
4 49
5 49
6 49
7 48
0
Yes
31 22
31 23
31 24
31 25
31 26
31 27
31 28
31 29
31 30
32 22
32 23
32 24
32 25
32 26
32 27
32 28
32 29
32 30
33 22
33 23
33 24
33 25
33 26
33 27
33 28
33 29
33 30
34 22
34 23
34 24
34 25
34 26
34 27
34 28
34 29
34 30
35 22
35 23
35 24
35 25
35 26
35 27
35 28
35 29
35 30
36 22
36 23
36 24
36 25
36 26
36 27
36 28
36 29
36 30
37 22
37 23
37 24
37 25
37 26
37 27
37 28
37 29
37 30
38 22
38 23
38 24
38 25
38 26
38 27
38 28
38 29
0
Yes
43 0
43 1
43 2
43 3
43 4
43 5
44 0
44 1
44 2
44 3
44 4
44 5
45 0
45 1
45 2
45 3
45 4
45 5
46 0
46 1
46 2
46 3
0
Yes
39 0
39 1
39 2
39 3
39 4
39 5
39 6
39 7
40 0
40 1
40 2
40 3
40 4
40 5
40 6
40 7
41 0
41 1
41 2
41 3
41 4
41 5
41 6
41 7
42 0
42 1
42 2
42 3
42 4
42 5
42 6
42 7
0
No
0
No
0
Yes
14 12
15 12
14 11
14 13
15 11
15 13
13 12
16 12
13 11
13 13
16 11
16 13
14 10
14 14
15 10
15 14
12 12
13 10
13 14
16 10
16 14
17 12
12 11
12 13
17 11
17 13
14 9
14 15
15 9
15 15
12 10
12 14
17 10
17 14
13 9
13 15
16 9
16 15
11 12
18 12
11 11
11 13
18 11
18 13
12 9
12 15
17 9
17 15
11 10
11 14
14 8
15 8
18 10
18 14
13 8
16 8
10 12
19 12
10 11
10 13
11 9
11 15
18 9
18 15
19 11
19 13
12 8
17 8
10 10
10 14
19 10
19 14
11 8
18 8
10 9
10 15
19 9
19 15
9 12
20 12
9 11
9 13
20 11
20 13
9 10
9 14
20 10
20 14
10 8
19 8
9 9
9 15
20 9
20 15
8 12
8 11
8 13
8 10
8 14
9 8
20 8
8 9
8 15
8 8
0
Yes
0 11
0 12
0 13
0 14
1 11
1 12
1 13
1 14
2 11
2 12
2 13
2 14
3 11
3 12
3 13
3 14
4 11
4 12
4 13
4 14
5 11
5 12
5 13
5 14
6 11
6 12
0
No
0
No
0
Yes
47 45
47 46
46 45
46 46
48 45
48 46
47 44
47 47
46 44
46 47
48 44
48 47
45 45
45 46
49 45
49 46
45 44
45 47
47 43
47 48
49 44
49 47
46 43
46 48
48 43
48 48
44 45
44 46
45 43
45 48
49 43
49 48
44 44
44 47
47 42
47 49
46 42
46 49
48 42
48 49
44 43
44 48
45 42
45 49
49 42
49 49
47 41
44 42
44 49
46 41
48 41
45 41
49 41
0
Yes
29 34
29 35
29 36
29 37
29 38
29 39
29 40
29 41
29 42
29 43
29 44
30 34
30 35
30 36
30 37
30 38
30 39
30 40
30 41
30 42
30 43
30 44
31 34
31 35
31 36
31 37
31 38
31 39
31 40
31 41
31 42
31 43
31 44
32 34
32 35
32 36
32 37
32 38
32 39
32 40
32 41
32 42
32 43
32 44
33 34
33 35
33 36
33 37
33 38
33 39
33 40
33 41
33 42
33 43
33 44
34 34
34 35
34 36
34 37
34 38
34 39
34 40
34 41
34 42
34 43
34 44
35 34
35 35
35 36
35 37
35 38
35 39
35 40
35 41
35 42
35 43
35 44
36 34
36 35
36 36
36 37
36 38
36 39
36 40
36 41
36 42
36 43
36 44
37 34
37 35
37 36
37 37
37 38
37 39
37 40
37 41
37 42
37 43
37 44
38 34
38 35
38 36
38 37
38 38
38 39
38 40
0
Yes
0 2
0 3
0 4
0 5
0 6
0 7
0 8
0 9
0 10
1 2
1 3
1 4
1 5
1 6
1 7
1 8
1 9
1 10
2 2
2 3
2 4
2 5
2 6
2 7
2 8
2 9
2 10
3 2
3 3
3 4
3 5
3 6
3 7
3 8
3 9
3 10
4 2
4 3
4 4
4 5
4 6
4 7
4 8
0
Yes
46 34
45 34
46 33
46 35
47 34
45 33
45 35
47 33
47 35
44 34
46 32
46 36
48 34
44 33
44 35
45 32
45 36
47 32
47 36
48 33
48 35
44 32
44 36
48 32
48 36
43 34
46 31
46 37
49 34
43 33
43 35
45 31
45 37
47 31
47 37
49 33
49 35
43 32
43 36
44 31
44 37
48 31
48 37
49 32
49 36
42 34
46 30
46 38
42 33
42 35
45 30
45 38
47 30
47 38
43 31
43 37
49 31
49 37
42 32
42 36
44 30
44 38
48 30
48 38
42 31
42 37
43 30
43 38
46 29
46 39
49 30
49 38
45 29
45 39
47 29
47 39
44 29
44 39
48 29
48 39
42 30
42 38
43 29
43 39
49 29
49 39
46 28
45 28
47 28
44 28
48 28
42 29
42 39
43 28
49 28
0
Yes
31 17
31 18
31 19
31 20
31 21
32 17
32 18
32 19
32 20
32 21
33 17
33 18
33 19
33 20
33 21
34 17
34 18
34 19
34 20
34 21
35 17
35 18
35 19
35 20
35 21
36 17
36 18
36 19
36 20
36 21
37 17
37 18
37 19
37 20
37 21
38 17
38 18
38 19
38 20
0
Yes
47 0
47 1
47 2
47 3
48 0
48 1
48 2
48 3
49 0
49 1
49 2
49 3
0
Yes
21 8
21 9
21 10
21 11
21 12
21 13
21 14
21 15
22 8
22 9
22 10
22 11
22 12
22 13
22 14
22 15
23 8
23 9
23 10
23 11
23 12
23 13
23 14
23 15
24 8
24 9
24 10
24 11
24 12
24 13
24 14
24 15
25 8
25 9
25 10
25 11
25 12
25 13
25 14
25 15
26 8
26 9
26 10
26 11
26 12
26 13
26 14
26 15
27 8
27 9
27 10
27 11
27 12
27 13
27 14
0
No
0
Yes
38 31
39 31
38 30
38 32
39 30
39 32
37 31
40 31
37 30
37 32
40 30
40 32
38 29
38 33
39 29
39 33
36 31
37 29
37 33
40 29
40 33
41 31
36 30
36 32
41 30
41 32
38 28
39 28
36 29
36 33
41 29
41 33
37 28
40 28
35 31
35 30
35 32
36 28
41 28
35 29
35 33
0
Yes
32 22
32 23
32 24
32 25
33 22
33 23
33 24
33 25
34 22
34 23
34 24
34 25
35 22
35 23
35 24
35 25
36 22
36 23
36 24
36 25
37 22
37 23
37 24
37 25
38 22
38 23
38 24
38 25
0
No
0
Yes
6 4
7 4
6 3
6 5
7 3
7 5
5 4
5 3
5 5
6 2
7 2
0
Yes
2 15
1 15
2 14
2 16
3 15
1 14
1 16
3 14
3 16
0 15
2 13
2 17
0 14
0 16
1 13
1 17
3 13
3 17
0 13
0 17
2 12
2 18
1 12
1 18
3 12
3 18
0 12
0 18
2 11
1 11
3 11
0
Yes
7 16
7 17
7 18
7 19
7 20
7 21
7 22
7 23
7 24
7 25
7 26
8 16
8 17
8 18
8 19
8 20
8 21
8 22
8 23
8 24
8 25
8 26
9 16
9 17
9 18
9 19
9 20
9 21
9 22
9 23
9 24
9 25
9 26
10 16
10 17
10 18
10 19
10 20
10 21
10 22
10 23
10 24
10 25
10 26
11 16
11 17
11 18
11 19
11 20
11 21
11 22
11 23
11 24
11 25
11 26
12 16
12 17
12 18
12 19
12 20
12 21
12 22
12 23
12 24
12 25
12 26
13 16
13 17
13 18
13 19
13 20
13 21
13 22
13 23
13 24
13 25
13 26
14 16
14 17
14 18
14 19
14 20
14 21
14 22
14 23
14 24
14 25
14 26
15 16
15 17
15 18
15 19
0
Yes
16 16
16 17
16 18
16 19
16 20
16 21
16 22
16 23
16 24
16 25
16 26
16 27
16 28
16 29
17 16
17 17
17 18
17 19
17 20
17 21
17 22
17 23
17 24
17 25
17 26
17 27
17 28
17 29
18 16
18 17
18 18
18 19
18 20
18 21
18 22
18 23
18 24
18 25
18 26
18 27
18 28
18 29
19 16
19 17
19 18
19 19
19 20
19 21
19 22
19 23
19 24
19 25
19 26
19 27
19 28
19 29
20 16
20 17
20 18
20 19
20 20
20 21
20 22
20 23
20 24
20 25
20 26
20 27
20 28
20 29
21 16
21 17
21 18
21 19
21 20
21 21
21 22
21 23
21 24
21 25
21 26
21 27
21 28
21 29
22 16
22 17
22 18
22 19
22 20
22 21
22 22
22 23
22 24
22 25
22 26
22 27
22 28
22 29
23 16
23 17
23 18
23 19
23 20
23 21
23 22
23 23
23 24
23 25
23 26
23 27
23 28
23 29
24 16
24 17
24 18
24 19
24 20
24 21
24 22
24 23
24 24
24 25
24 26
24 27
24 28
24 29
25 16
25 17
25 18
25 19
25 20
25 21
25 22
25 23
0
No
0
Yes
0 19
0 20
0 21
0 22
0 23
0 24
0 25
0 26
0 27
1 19
1 20
1 21
1 22
1 23
1 24
1 25
1 26
1 27
2 19
2 20
2 21
2 22
2 23
2 24
2 25
2 26
2 27
3 19
3 20
3 21
3 22
3 23
3 24
3 25
3 26
3 27
4 19
4 20
4 21
4 22
4 23
4 24
4 25
0
Yes
31 45
31 46
31 47
31 48
31 49
32 45
32 46
32 47
32 48
32 49
33 45
33 46
33 47
33 48
33 49
34 45
34 46
34 47
34 48
34 49
35 45
35 46
35 47
35 48
35 49
0
No
0
Yes
28 10
28 11
28 12
28 13
28 14
28 15
28 16
28 17
28 18
28 19
28 20
29 10
29 11
29 12
29 13
29 14
29 15
29 16
29 17
29 18
29 19
29 20
30 10
30 11
30 12
30 13
30 14
30 15
30 16
30 17
30 18
30 19
30 20
31 10
31 11
31 12
31 13
31 14
31 15
31 16
31 17
31 18
31 19
31 20
32 10
32 11
32 12
32 13
32 14
32 15
32 16
32 17
32 18
32 19
32 20
33 10
33 11
33 12
33 13
33 14
33 15
33 16
33 17
33 18
33 19
33 20
34 10
34 11
34 12
34 13
34 14
34 15
34 16
34 17
34 18
34 19
34 20
35 10
35 11
35 12
35 13
35 14
35 15
35 16
35 17
35 18
0
No
0
No
0
No
0
No
0
Yes
23 48
22 48
23 47
23 49
24 48
22 47
22 49
24 47
24 49
21 48
23 46
21 47
21 49
22 46
24 46
21 46
0
No
0
No
0
Yes
41 44
41 45
41 46
41 47
41 48
41 49
42 44
42 45
42 46
42 47
42 48
42 49
43 44
43 45
43 46
43 47
43 48
43 49
44 44
44 45
44 46
44 47
44 48
44 49
45 44
45 45
45 46
45 47
45 48
45 49
46 44
46 45
46 46
46 47
46 48
46 49
47 44
47 45
47 46
47 47
47 48
47 49
48 44
48 45
48 46
48 47
48 48
48 49
49 44
49 45
49 46
49 47
49 48
49 49
0
No
0
Yes
30 46
30 47
29 46
29 47
30 45
29 45
0
Yes
38 47
39 47
38 46
38 48
39 46
39 48
37 47
40 47
37 46
37 48
40 46
40 48
38 45
38 49
39 45
39 49
36 47
37 45
37 49
40 45
40 49
36 46
36 48
38 44
39 44
36 45
36 49
37 44
40 44
36 44
0
Yes
0 35
0 36
0 37
0 38
0 39
0 40
0 41
0 42
0 43
0 44
0 45
1 35
1 36
1 37
1 38
1 39
1 40
1 41
1 42
1 43
1 44
1 45
2 35
2 36
2 37
2 38
2 39
2 40
2 41
2 42
2 43
2 44
2 45
3 35
3 36
3 37
3 38
3 39
3 40
3 41
3 42
3 43
3 44
3 45
4 35
4 36
4 37
4 38
4 39
4 40
4 41
4 42
4 43
4 44
4 45
5 35
5 36
5 37
5 38
5 39
5 40
5 41
5 42
5 43
5 44
5 45
6 35
6 36
6 37
6 38
6 39
6 40
6 41
6 42
6 43
6 44
6 45
7 35
7 36
7 37
7 38
7 39
7 40
7 41
7 42
7 43
7 44
7 45
8 35
8 36
8 37
8 38
8 39
8 40
8 41
8 42
8 43
8 44
8 45
9 35
9 36
9 37
9 38
9 39
9 40
9 41
0
Yes
30 7
30 8
31 7
31 8
29 7
29 8
30 6
30 9
31 6
31 9
32 7
32 8
29 6
29 9
32 6
32 9
28 7
28 8
30 5
31 5
28 6
28 9
29 5
32 5
28 5
0
No
0
No
0
Yes
46 22
46 23
45 22
45 23
47 22
47 23
46 21
46 24
45 21
45 24
47 21
47 24
44 22
44 23
48 22
48 23
44 21
44 24
46 20
46 25
48 21
48 24
45 20
45 25
47 20
47 25
43 22
43 23
49 22
49 23
44 20
44 25
48 20
48 25
43 21
43 24
49 21
49 24
46 19
46 26
45 19
45 26
47 19
47 26
43 20
43 25
49 20
49 25
42 22
42 23
44 19
44 26
48 19
48 26
42 21
42 24
46 18
46 27
43 19
43 26
45 18
45 27
47 18
47 27
49 19
49 26
42 20
42 25
44 18
44 27
48 18
48 27
42 19
42 26
43 18
43 27
49 18
49 27
46 17
45 17
47 17
44 17
48 17
42 18
42 27
43 17
49 17
42 17
0
No
0
Yes
3 41
3 42
4 41
4 42
2 41
2 42
3 40
3 43
4 40
4 43
5 41
5 42
2 40
2 43
5 40
5 43
1 41
1 42
3 39
3 44
4 39
4 44
6 41
6 42
1 40
1 43
2 39
2 44
5 39
5 44
6 40
6 43
0 41
0 42
1 39
1 44
3 38
3 45
4 38
4 45
6 39
6 44
0 40
0 43
2 38
2 45
5 38
5 45
0 39
0 44
1 38
1 45
6 38
6 45
3 37
3 46
4 37
4 46
2 37
2 46
5 37
5 46
0 38
0 45
1 37
1 46
6 37
6 46
3 36
3 47
4 36
4 47
0 37
0 46
2 36
2 47
5 36
5 47
1 36
1 47
6 36
6 47
0 36
0 47
3 35
3 48
4 35
4 48
2 35
2 48
5 35
5 48
1 35
1 48
6 35
6 48
0 35
0 48
3 34
3 49
4 34
4 49
2 34
2 49
5 34
5 49
1 34
1 49
6 34
6 49
0 34
0 49
3 33
4 33
2 33
5 33
1 33
6 33
0
Yes
43 40
43 41
43 42
43 43
43 44
43 45
43 46
43 47
43 48
44 40
44 41
44 42
44 43
44 44
44 45
44 46
44 47
44 48
45 40
45 41
45 42
45 43
45 44
45 45
45 46
45 47
45 48
46 40
46 41
46 42
46 43
46 44
46 45
46 46
46 47
46 48
47 40
47 41
47 42
47 43
47 44
47 45
47 46
47 47
47 48
48 40
48 41
48 42
48 43
48 44
48 45
48 46
48 47
48 48
49 40
49 41
49 42
49 43
49 44
49 45
49 46
49 47
49 48
0
Yes
10 39
9 39
10 38
10 40
11 39
9 38
9 40
11 38
11 40
8 39
10 37
10 41
12 39
8 38
8 40
9 37
9 41
11 37
11 41
12 38
12 40
8 37
8 41
12 37
12 41
7 39
10 36
10 42
7 38
7 40
9 36
9 42
11 36
11 42
7 37
7 41
8 36
8 42
12 36
12 42
10 35
10 43
9 35
9 43
11 35
11 43
7 36
7 42
8 35
8 43
12 35
12 43
7 35
7 43
10 34
9 34
11 34
8 34
0
Yes
43 13
43 14
43 15
43 16
44 13
44 14
44 15
44 16
45 13
45 14
45 15
45 16
46 13
46 14
46 15
46 16
47 13
47 14
47 15
47 16
48 13
48 14
48 15
48 16
49 13
49 14
49 15
49 16
0
No
0
Yes
22 20
23 20
22 19
22 21
23 19
23 21
21 20
24 20
21 19
21 21
24 19
24 21
22 18
22 22
23 18
23 22
20 20
21 18
21 22
24 18
24 22
25 20
20 19
20 21
25 19
25 21
22 17
22 23
23 17
23 23
20 18
20 22
25 18
25 22
21 17
21 23
24 17
24 23
19 20
26 20
19 19
19 21
26 19
26 21
20 17
20 23
25 17
25 23
19 18
19 22
22 16
23 16
26 18
26 22
21 16
24 16
18 20
27 20
18 19
18 21
19 17
19 23
26 17
26 23
27 19
27 21
20 16
25 16
18 18
18 22
27 18
27 22
19 16
26 16
18 17
18 23
27 17
27 23
17 20
17 19
17 21
17 18
17 22
18 16
27 16
17 17
17 23
17 16
0
Yes
7 44
7 45
8 44
8 45
9 44
0
Yes
42 43
42 44
41 44
41 45
42 45
41 46
42 46
0
Yes
44 34
45 34
44 33
44 35
45 33
45 35
43 34
46 34
43 33
43 35
46 33
46 35
44 32
44 36
45 32
45 36
42 34
43 32
43 36
46 32
46 36
47 34
42 33
42 35
47 33
47 35
44 31
44 37
45 31
45 37
42 32
42 36
47 32
47 36
43 31
43 37
46 31
46 37
41 34
48 34
41 33
41 35
48 33
48 35
42 31
42 37
47 31
47 37
41 32
41 36
44 30
44 38
45 30
45 38
48 32
48 36
43 30
43 38
46 30
46 38
40 34
49 34
40 33
40 35
41 31
41 37
48 31
48 37
49 33
49 35
42 30
42 38
47 30
47 38
40 32
40 36
49 32
49 36
44 29
44 39
45 29
45 39
43 29
43 39
46 29
46 39
41 30
41 38
48 30
48 38
40 31
40 37
49 31
49 37
39 34
39 33
39 35
42 29
42 39
47 29
47 39
39 32
39 36
40 30
40 38
44 28
45 28
49 30
49 38
41 29
41 39
48 29
48 39
43 28
46 28
39 31
39 37
42 28
47 28
40 29
40 39
49 29
49 39
39 30
39 38
41 28
48 28
39 29
39 39
40 28
49 28
0
Yes
4 9
4 10
4 11
4 12
4 13
4 14
4 15
5 9
5 10
5 11
5 12
5 13
5 14
5 15
6 9
6 10
6 11
6 12
6 13
6 14
6 15
7 9
7 10
7 11
7 12
7 13
7 14
7 15
8 9
8 10
8 11
8 12
8 13
8 14
8 15
9 9
9 10
9 11
9 12
9 13
9 14
9 15
10 9
10 10
10 11
10 12
10 13
10 14
10 15
11 9
11 10
11 11
11 12
11 13
11 14
11 15
12 9
12 10
12 11
12 12
12 13
12 14
12 15
13 9
13 10
13 11
13 12
13 13
13 14
13 15
14 9
14 10
14 11
14 12
14 13
14 14
14 15
15 9
15 10
15 11
15 12
15 13
15 14
15 15
16 9
16 10
16 11
16 12
16 13
16 14
16 15
17 9
17 10
17 11
17 12
17 13
17 14
17 15
18 9
18 10
18 11
18 12
18 13
18 14
18 15
19 9
19 10
19 11
19 12
19 13
19 14
19 15
20 9
20 10
20 11
20 12
20 13
20 14
20 15
0
No
0
Yes
4 16
4 17
5 17
5 16
6 16
6 17
5 18
4 18
6 18
4 19
5 19
6 19
3 19
3 20
4 20
5 20
6 20
2 20
2 19
1 19
1 20
4 21
3 21
5 21
2 21
6 21
1 21
0 20
0 19
0 21
3 22
4 22
5 22
2 22
1 22
6 22
0 22
4 23
3 23
5 23
2 23
1 23
6 23
0 23
3 24
4 24
5 24
2 24
1 24
6 24
0 24
4 25
3 25
5 25
2 25
1 25
6 25
0 25
3 26
4 26
5 26
2 26
1 26
6 26
0 26
0
Yes
44 47
43 47
44 46
44 48
45 47
43 46
43 48
45 46
45 48
42 47
44 45
44 49
46 47
42 46
42 48
43 45
43 49
45 45
45 49
46 46
46 48
42 45
42 49
46 45
46 49
41 47
44 44
41 46
41 48
43 44
45 44
41 45
41 49
42 44
46 44
41 44
0
No
0
No
0
Yes
6 12
7 12
6 11
6 13
7 11
7 13
5 12
8 12
5 11
5 13
8 11
8 13
6 10
6 14
7 10
7 14
4 12
5 10
5 14
8 10
8 14
4 11
4 13
6 9
6 15
7 9
7 15
4 10
4 14
5 9
5 15
8 9
8 15
4 9
4 15
6 8
7 8
5 8
0
Yes
8 0
8 1
9 0
9 1
10 0
10 1
11 0
11 1
12 0
12 1
0
No
0
No
0
Yes
48 46
48 47
49 46
49 47
47 46
47 47
48 45
48 48
49 45
49 48
47 45
47 48
48 44
48 49
49 44
49 49
47 44
47 49
48 43
49 43
47 43
0
No
0
Yes
1 1
2 1
1 0
2 0
0 1
0 0
0
Yes
48 11
49 11
48 10
49 10
47 10
0
Yes
36 44
36 45
36 46
36 47
36 48
36 49
37 44
37 45
37 46
37 47
37 48
37 49
38 44
38 45
38 46
38 47
38 48
38 49
39 44
39 45
39 46
39 47
39 48
39 49
40 44
40 45
40 46
40 47
40 48
40 49
0
No
0
Yes
29 42
29 43
29 44
29 45
29 46
29 47
29 48
29 49
30 42
30 43
30 44
30 45
30 46
30 47
30 48
30 49
31 42
31 43
31 44
31 45
31 46
31 47
31 48
31 49
32 42
32 43
32 44
32 45
32 46
32 47
32 48
32 49
33 42
33 43
33 44
33 45
33 46
33 47
33 48
33 49
34 42
34 43
34 44
34 45
34 46
34 47
34 48
34 49
35 42
35 43
35 44
35 45
35 46
35 47
35 48
0
No
0
Yes
19 5
19 6
20 5
20 6
18 5
18 6
19 4
19 7
20 4
20 7
21 5
21 6
18 4
18 7
21 4
21 7
17 5
17 6
19 3
19 8
20 3
20 8
22 5
22 6
17 4
17 7
18 3
18 8
21 3
21 8
22 4
22 7
16 5
16 6
17 3
17 8
19 2
19 9
20 2
20 9
22 3
22 8
23 5
23 6
16 4
16 7
18 2
18 9
21 2
21 9
23 4
23 7
16 3
16 8
17 2
17 9
22 2
22 9
23 3
23 8
15 5
15 6
19 1
19 10
20 1
20 10
24 5
24 6
15 4
15 7
18 1
18 10
21 1
21 10
24 4
24 7
16 2
16 9
23 2
23 9
15 3
15 8
17 1
17 10
22 1
22 10
24 3
24 8
14 5
14 6
19 0
20 0
25 5
25 6
14 4
14 7
15 2
15 9
16 1
16 10
18 0
21 0
23 1
23 10
24 2
24 9
25 4
25 7
14 3
14 8
17 0
22 0
25 3
25 8
15 1
15 10
24 1
24 10
13 5
13 6
14 2
14 9
16 0
23 0
25 2
25 9
13 4
13 7
13 3
13 8
14 1
14 10
15 0
24 0
25 1
25 10
13 2
13 9
14 0
25 0
13 1
13 10
13 0
0
Yes
36 42
36 43
37 42
37 43
0
No
0
Yes
13 19
13 20
12 19
12 20
14 19
14 20
13 18
13 21
12 18
12 21
14 18
14 21
11 19
11 20
15 19
15 20
11 18
11 21
13 17
13 22
15 18
15 21
12 17
12 22
14 17
14 22
10 19
10 20
16 19
16 20
11 17
11 22
15 17
15 22
10 18
10 21
16 18
16 21
13 16
13 23
12 16
12 23
14 16
14 23
10 17
10 22
16 17
16 22
9 19
9 20
11 16
11 23
15 16
15 23
9 18
9 21
13 15
13 24
10 16
10 23
12 15
12 24
14 15
14 24
16 16
16 23
9 17
9 22
11 15
11 24
15 15
15 24
9 16
9 23
10 15
10 24
16 15
16 24
13 14
13 25
12 14
12 25
14 14
14 25
11 14
11 25
15 14
15 25
9 15
9 24
10 14
10 25
16 14
16 25
13 13
13 26
12 13
12 26
14 13
14 26
9 14
9 25
11 13
11 26
15 13
15 26
10 13
10 26
16 13
16 26
13 12
13 27
12 12
12 27
14 12
14 27
9 13
9 26
11 12
11 27
15 12
15 27
10 12
10 27
16 12
16 27
9 12
9 27
13 11
12 11
14 11
11 11
15 11
10 11
16 11
9 11
0
Yes
41 44
41 45
41 46
41 47
41 48
41 49
42 44
42 45
42 46
42 47
42 48
42 49
43 44
43 45
43 46
43 47
43 48
43 49
44 44
44 45
44 46
44 47
44 48
44 49
45 44
45 45
45 46
45 47
45 48
45 49
46 44
46 45
46 46
46 47
0
Yes
17 11
17 12
17 13
17 14
17 15
18 11
18 12
18 13
18 14
18 15
19 11
19 12
19 13
19 14
19 15
20 11
20 12
20 13
20 14
20 15
21 11
21 12
21 13
21 14
21 15
22 11
22 12
22 13
22 14
0
Yes
28 16
28 17
28 18
28 19
28 20
28 21
28 22
28 23
28 24
29 16
29 17
29 18
29 19
29 20
29 21
29 22
29 23
29 24
30 16
30 17
30 18
30 19
30 20
30 21
30 22
30 23
30 24
31 16
31 17
31 18
31 19
31 20
31 21
31 22
31 23
31 24
32 16
32 17
32 18
32 19
32 20
32 21
32 22
32 23
32 24
33 16
33 17
33 18
33 19
33 20
33 21
33 22
33 23
33 24
34 16
34 17
34 18
34 19
34 20
34 21
34 22
34 23
34 24
35 16
35 17
35 18
35 19
35 20
35 21
35 22
35 23
35 24
36 16
36 17
36 18
36 19
36 20
36 21
36 22
36 23
36 24
37 16
37 17
37 18
37 19
37 20
37 21
37 22
37 23
37 24
38 16
38 17
38 18
38 19
38 20
38 21
38 22
38 23
38 24
39 16
39 17
39 18
39 19
39 20
39 21
39 22
39 23
39 24
40 16
40 17
40 18
40 19
40 20
40 21
40 22
40 23
40 24
41 16
41 17
41 18
41 19
41 20
41 21
41 22
41 23
0
No
0
Yes
47 0
47 1
47 2
47 3
47 4
48 0
48 1
48 2
48 3
48 4
49 0
49 1
49 2
49 3
49 4
0
Yes
26 0
26 1
26 2
26 3
26 4
26 5
26 6
26 7
27 0
27 1
27 2
27 3
27 4
27 5
27 6
27 7
28 0
28 1
28 2
28 3
28 4
28 5
28 6
28 7
29 0
29 1
29 2
29 3
29 4
29 5
29 6
29 7
30 0
30 1
30 2
30 3
30 4
30 5
30 6
30 7
31 0
31 1
31 2
31 3
31 4
31 5
31 6
31 7
32 0
32 1
32 2
32 3
32 4
32 5
32 6
32 7
33 0
33 1
33 2
33 3
33 4
33 5
33 6
33 7
34 0
34 1
34 2
34 3
34 4
34 5
34 6
34 7
35 0
35 1
35 2
35 3
35 4
35 5
35 6
35 7
36 0
36 1
36 2
36 3
36 4
36 5
36 6
36 7
37 0
37 1
37 2
37 3
37 4
37 5
37 6
0
No
0
Yes
4 43
4 44
3 43
3 44
5 43
5 44
4 42
4 45
3 42
3 45
5 42
5 45
2 43
2 44
6 43
6 44
2 42
2 45
4 41
4 46
6 42
6 45
3 41
3 46
5 41
5 46
1 43
1 44
7 43
7 44
2 41
2 46
6 41
6 46
1 42
1 45
7 42
7 45
4 40
4 47
3 40
3 47
5 40
5 47
1 41
1 46
7 41
0 43
0 44
2 40
2 47
6 40
6 47
0 42
0 45
4 39
4 48
1 40
1 47
3 39
3 48
5 39
5 48
7 40
0 41
0 46
2 39
2 48
6 39
6 48
0 40
0 47
1 39
1 48
7 39
7 48
4 38
4 49
3 38
3 49
5 38
5 49
2 38
2 49
6 38
6 49
0 39
0 48
1 38
1 49
7 38
7 49
4 37
3 37
5 37
0 38
0 49
2 37
6 37
1 37
7 37
0 37
0
Yes
0 32
0 33
0 34
0 35
1 32
1 33
1 34
1 35
2 32
2 33
2 34
2 35
3 32
3 33
3 34
3 35
0
Yes
1 30
1 31
0 30
0 31
0 29
0
Yes
0 0
0 1
1 0
1 1
2 0
2 1
0
Yes
8 32
8 33
8 34
8 35
8 36
8 37
8 38
8 39
8 40
8 41
8 42
8 43
9 32
9 33
9 34
9 35
9 36
9 37
9 38
9 39
9 40
9 41
9 42
9 43
10 32
10 33
10 34
10 35
10 36
10 37
10 38
10 39
10 40
10 41
10 42
10 43
11 32
11 33
11 34
11 35
11 36
11 37
11 38
11 39
11 40
11 41
11 42
11 43
12 32
12 33
12 34
12 35
12 36
12 37
12 38
12 39
12 40
12 41
12 42
12 43
13 32
13 33
13 34
13 35
13 36
13 37
13 38
13 39
13 40
13 41
13 42
13 43
14 32
14 33
14 34
14 35
14 36
14 37
14 38
14 39
14 40
14 41
14 42
14 43
15 32
15 33
15 34
15 35
15 36
15 37
15 38
15 39
15 40
15 41
15 42
15 43
16 32
16 33
16 34
16 35
16 36
16 37
16 38
16 39
16 40
16 41
16 42
16 43
0
Yes
42 13
42 14
42 15
42 16
42 17
42 18
42 19
42 20
42 21
42 22
42 23
42 24
43 13
43 14
43 15
43 16
43 17
43 18
43 19
43 20
43 21
43 22
43 23
43 24
44 13
44 14
44 15
44 16
44 17
44 18
44 19
44 20
44 21
44 22
44 23
44 24
45 13
45 14
45 15
45 16
45 17
45 18
45 19
45 20
45 21
45 22
45 23
45 24
46 13
46 14
46 15
46 16
46 17
46 18
46 19
46 20
46 21
46 22
46 23
46 24
47 13
47 14
47 15
47 16
47 17
47 18
47 19
47 20
47 21
47 22
47 23
47 24
48 13
48 14
48 15
48 16
48 17
48 18
48 19
48 20
48 21
48 22
48 23
48 24
49 13
49 14
49 15
49 16
49 17
49 18
49 19
49 20
0
No
0
Yes
5 7
5 6
6 6
6 7
7 6
7 7
7 8
6 8
5 8
7 5
6 5
5 5
5 9
6 9
7 9
8 8
8 7
8 6
8 5
8 9
5 4
6 4
7 4
8 4
6 10
7 10
5 10
8 10
9 7
9 6
9 8
9 5
9 9
9 4
9 10
6 3
7 3
8 3
9 3
5 3
10 6
10 7
10 8
10 5
10 9
10 4
10 10
10 3
10 2
9 2
8 2
7 2
6 2
11 7
11 6
11 8
11 5
11 4
11 9
11 3
11 10
11 2
12 6
12 7
12 8
12 5
12 4
12 9
12 3
12 10
12 2
4 9
4 10
0
Yes
45 32
45 33
46 32
46 33
44 32
44 33
45 31
45 34
46 31
46 34
47 32
47 33
44 31
44 34
47 31
47 34
43 32
43 33
45 30
45 35
46 30
46 35
48 32
48 33
43 31
43 34
44 30
44 35
47 30
47 35
48 31
48 34
42 32
42 33
43 30
43 35
45 29
45 36
46 29
46 36
48 30
48 35
49 32
49 33
42 31
42 34
44 29
44 36
47 29
47 36
49 31
49 34
42 30
42 35
43 29
43 36
48 29
48 36
49 30
49 35
41 32
41 33
45 28
45 37
46 28
46 37
41 31
41 34
44 28
44 37
47 28
47 37
42 29
42 36
49 29
49 36
41 30
41 35
43 28
43 37
48 28
48 37
45 27
45 38
46 27
46 38
41 29
41 36
42 28
42 37
44 27
44 38
47 27
47 38
49 28
49 37
43 27
43 38
48 27
48 38
41 28
41 37
42 27
42 38
45 26
45 39
46 26
46 39
49 27
49 38
44 26
44 39
47 26
47 39
43 26
43 39
48 26
48 39
41 27
41 38
42 26
42 39
49 26
49 39
45 25
46 25
44 25
47 25
41 26
41 39
43 25
48 25
42 25
0
No
0
Yes
17 24
17 25
17 26
17 27
17 28
17 29
17 30
17 31
17 32
17 33
18 24
18 25
18 26
18 27
18 28
18 29
18 30
18 31
18 32
18 33
19 24
19 25
19 26
19 27
19 28
19 29
19 30
19 31
19 32
19 33
20 24
20 25
20 26
20 27
20 28
20 29
20 30
20 31
20 32
20 33
21 24
21 25
21 26
21 27
21 28
21 29
21 30
21 31
21 32
21 33
22 24
22 25
22 26
22 27
22 28
22 29
22 30
22 31
22 32
22 33
23 24
23 25
23 26
23 27
23 28
23 29
23 30
23 31
23 32
23 33
24 24
24 25
24 26
24 27
24 28
24 29
24 30
24 31
24 32
24 33
25 24
25 25
25 26
25 27
25 28
25 29
25 30
25 31
25 32
25 33
26 24
26 25
26 26
26 27
26 28
26 29
0
No
0
No
0
Yes
39 44
39 45
39 46
39 47
39 48
39 49
40 44
40 45
40 46
40 47
40 48
40 49
41 44
41 45
41 46
41 47
41 48
41 49
42 44
42 45
42 46
42 47
42 48
42 49
43 44
43 45
43 46
43 47
43 48
43 49
44 44
44 45
44 46
44 47
44 48
44 49
45 44
45 45
45 46
45 47
45 48
45 49
46 44
46 45
46 46
46 47
46 48
46 49
47 44
47 45
47 46
47 47
47 48
47 49
48 44
48 45
48 46
48 47
48 48
48 49
49 44
49 45
49 46
49 47
49 48
49 49
0
Yes
23 11
23 12
23 13
23 14
23 15
24 11
24 12
24 13
24 14
24 15
25 11
25 12
25 13
25 14
25 15
26 11
26 12
26 13
26 14
26 15
27 11
27 12
27 13
27 14
27 15
28 11
0
Yes
40 14
40 15
40 16
40 17
40 18
40 19
40 20
40 21
40 22
40 23
40 24
41 14
41 15
41 16
41 17
41 18
41 19
41 20
41 21
41 22
41 23
41 24
42 14
42 15
42 16
42 17
42 18
42 19
42 20
42 21
42 22
42 23
42 24
43 14
43 15
43 16
43 17
43 18
43 19
43 20
43 21
43 22
43 23
43 24
44 14
44 15
44 16
44 17
44 18
44 19
44 20
44 21
44 22
44 23
44 24
45 14
45 15
45 16
45 17
45 18
45 19
45 20
45 21
45 22
45 23
45 24
46 14
46 15
46 16
46 17
46 18
46 19
46 20
46 21
46 22
46 23
46 24
47 14
47 15
47 16
47 17
47 18
47 19
47 20
47 21
47 22
47 23
47 24
48 14
48 15
48 16
48 17
48 18
48 19
48 20
48 21
48 22
48 23
48 24
49 14
49 15
49 16
49 17
49 18
49 19
49 20
49 21
49 22
49 23
0
No
0
Yes
41 40
41 41
42 40
42 41
43 40
43 41
44 40
44 41
45 40
45 41
0
Yes
26 0
26 1
26 2
26 3
26 4
26 5
26 6
26 7
26 8
27 0
27 1
27 2
27 3
27 4
27 5
27 6
27 7
27 8
28 0
28 1
28 2
28 3
28 4
28 5
28 6
28 7
28 8
29 0
29 1
29 2
29 3
29 4
29 5
29 6
29 7
29 8
30 0
30 1
30 2
30 3
30 4
30 5
30 6
30 7
30 8
31 0
31 1
31 2
31 3
31 4
31 5
31 6
31 7
31 8
32 0
32 1
32 2
32 3
32 4
32 5
32 6
32 7
32 8
33 0
33 1
33 2
33 3
33 4
33 5
33 6
33 7
33 8
34 0
34 1
34 2
34 3
34 4
34 5
34 6
34 7
34 8
35 0
35 1
35 2
35 3
35 4
35 5
35 6
35 7
35 8
36 0
36 1
36 2
36 3
36 4
36 5
36 6
36 7
36 8
37 0
37 1
37 2
37 3
37 4
37 5
37 6
37 7
37 8
38 0
38 1
38 2
38 3
38 4
38 5
38 6
38 7
38 8
39 0
39 1
39 2
39 3
39 4
39 5
39 6
39 7
39 8
0
Yes
17 16
17 17
17 18
17 19
17 20
17 21
17 22
17 23
17 24
17 25
17 26
17 27
17 28
18 16
18 17
18 18
18 19
18 20
18 21
18 22
18 23
18 24
18 25
18 26
18 27
18 28
19 16
19 17
19 18
19 19
19 20
19 21
19 22
19 23
19 24
19 25
19 26
19 27
19 28
20 16
20 17
20 18
20 19
20 20
20 21
20 22
20 23
20 24
20 25
20 26
20 27
20 28
21 16
21 17
21 18
21 19
21 20
21 21
21 22
21 23
21 24
21 25
21 26
21 27
21 28
22 16
22 17
22 18
22 19
22 20
22 21
22 22
22 23
22 24
22 25
22 26
22 27
22 28
23 16
23 17
23 18
23 19
23 20
23 21
23 22
23 23
23 24
23 25
23 26
23 27
23 28
24 16
24 17
24 18
24 19
24 20
24 21
24 22
24 23
24 24
24 25
24 26
24 27
24 28
25 16
25 17
25 18
25 19
25 20
25 21
25 22
25 23
25 24
25 25
25 26
25 27
25 28
26 16
26 17
26 18
26 19
26 20
26 21
26 22
26 23
26 24
26 25
26 26
26 27
26 28
27 16
27 17
27 18
27 19
27 20
27 21
27 22
27 23
27 24
0
No
0
Yes
8 11
7 11
7 12
8 12
7 13
8 13
6 13
6 12
6 11
5 11
5 12
5 13
6 14
7 14
8 14
5 14
4 12
4 13
4 14
4 11
8 15
7 15
6 15
5 15
4 15
7 16
6 16
5 16
8 16
4 16
8 17
0
No
0
Yes
0 28
0 27
1 27
1 28
2 27
2 28
2 26
1 26
0 26
0 25
1 25
2 25
1 24
0 24
2 24
3 25
3 26
3 24
3 27
2 23
1 23
0 23
3 23
4 24
4 25
4 26
4 23
0 22
1 22
2 22
3 22
4 22
0
Yes
40 0
40 1
40 2
40 3
40 4
41 0
41 1
41 2
41 3
41 4
42 0
42 1
42 2
42 3
42 4
43 0
43 1
43 2
43 3
43 4
44 0
44 1
44 2
44 3
44 4
0
No
0
No
0
No
0
Yes
2 20
2 21
1 20
1 21
3 20
3 21
2 19
1 19
3 19
0 20
0 21
0
No
0
Yes
32 16
31 16
32 15
32 17
33 16
31 15
31 17
33 15
33 17
30 16
32 14
32 18
34 16
30 15
30 17
31 14
31 18
33 14
33 18
34 15
34 17
30 14
30 18
34 14
34 18
29 16
32 13
32 19
35 16
29 15
29 17
31 13
31 19
33 13
33 19
35 15
35 17
29 14
29 18
30 13
30 19
34 13
34 19
35 14
35 18
28 16
32 12
32 20
28 15
28 17
31 12
31 20
33 12
33 20
29 13
29 19
35 13
35 19
28 14
28 18
30 12
30 20
34 12
34 20
28 13
28 19
29 12
29 20
32 11
32 21
35 12
35 20
31 11
31 21
33 11
33 21
30 11
30 21
34 11
34 21
28 12
28 20
29 11
29 21
35 11
35 21
32 10
32 22
31 10
31 22
33 10
33 22
30 10
30 22
34 10
34 22
28 11
28 21
29 10
29 22
35 10
35 22
32 9
31 9
33 9
28 10
28 22
30 9
34 9
29 9
35 9
28 9
0
No
0
Yes
3 11
2 11
2 12
3 12
2 13
3 13
1 13
1 12
1 11
0 11
0 12
0 13
1 14
2 14
3 14
0 14
3 15
2 15
0
Yes
43 20
43 21
42 20
42 21
44 20
44 21
43 19
43 22
42 19
42 22
44 19
44 22
41 20
41 21
45 20
45 21
41 19
41 22
43 18
43 23
45 19
45 22
42 18
42 23
44 18
44 23
40 20
40 21
46 20
46 21
41 18
41 23
45 18
45 23
40 19
40 22
46 19
46 22
43 17
43 24
42 17
42 24
44 17
44 24
40 18
40 23
46 18
46 23
39 20
39 21
41 17
41 24
45 17
45 24
47 20
47 21
39 19
39 22
47 19
47 22
43 16
40 17
40 24
42 16
44 16
46 17
46 24
39 18
39 23
47 18
47 23
41 16
45 16
38 20
38 21
48 20
48 21
38 19
38 22
48 19
48 22
39 17
39 24
47 17
47 24
40 16
46 16
38 18
38 23
48 18
48 23
37 20
37 21
39 16
47 16
49 20
49 21
38 17
38 24
48 17
48 24
37 19
37 22
49 19
49 22
37 18
37 23
49 18
49 23
38 16
48 16
37 17
37 24
49 17
49 24
36 20
36 21
36 19
36 22
36 18
36 23
37 16
49 16
36 17
36 24
0
No
0
Yes
48 14
48 15
47 14
47 15
49 14
49 15
48 13
47 13
49 13
46 14
46 15
46 13
0
Yes
17 11
17 12
17 13
17 14
17 15
18 11
18 12
18 13
18 14
18 15
19 11
19 12
19 13
19 14
19 15
20 11
20 12
20 13
20 14
20 15
21 11
21 12
21 13
21 14
21 15
22 11
22 12
0
Yes
1 16
1 17
1 18
2 16
2 17
2 18
3 16
3 17
3 18
0
Yes
0 40
0 41
0 42
0 43
0 44
0 45
0 46
0 47
0 48
0 49
1 40
1 41
1 42
1 43
1 44
1 45
1 46
1 47
1 48
1 49
2 40
2 41
2 42
2 43
2 44
2 45
2 46
2 47
2 48
2 49
3 40
3 41
3 42
3 43
3 44
3 45
3 46
3 47
3 48
3 49
4 40
4 41
4 42
4 43
4 44
4 45
4 46
4 47
4 48
4 49
5 40
5 41
5 42
5 43
5 44
5 45
5 46
5 47
5 48
5 49
6 40
6 41
6 42
6 43
6 44
6 45
6 46
6 47
6 48
6 49
7 40
7 41
7 42
7 43
7 44
7 45
0
Yes
29 40
29 41
29 42
29 43
29 44
29 45
29 46
29 47
29 48
29 49
30 40
30 41
30 42
30 43
30 44
30 45
30 46
30 47
30 48
30 49
31 40
31 41
31 42
31 43
31 44
31 45
31 46
31 47
31 48
31 49
32 40
32 41
32 42
32 43
32 44
32 45
32 46
32 47
32 48
32 49
33 40
33 41
33 42
33 43
33 44
33 45
33 46
33 47
33 48
33 49
34 40
34 41
34 42
34 43
34 44
34 45
34 46
34 47
34 48
34 49
35 40
35 41
35 42
35 43
35 44
35 45
35 46
35 47
35 48
35 49
36 40
36 41
36 42
36 43
36 44
36 45
36 46
36 47
36 48
36 49
37 40
37 41
37 42
37 43
37 44
37 45
37 46
37 47
37 48
0
Yes
43 40
43 41
43 42
43 43
43 44
43 45
43 46
43 47
43 48
43 49
44 40
44 41
44 42
44 43
44 44
44 45
44 46
44 47
44 48
44 49
45 40
45 41
45 42
45 43
45 44
45 45
45 46
45 47
45 48
45 49
46 40
46 41
46 42
46 43
46 44
46 45
46 46
46 47
46 48
46 49
47 40
47 41
47 42
47 43
47 44
47 45
47 46
47 47
47 48
47 49
48 40
48 41
48 42
48 43
48 44
48 45
48 46
48 47
48 48
48 49
49 40
49 41
49 42
49 43
49 44
49 45
49 46
0
No
0
No
0
Yes
1 30
1 31
0 30
0 31
0 29
0
Yes
2 38
1 38
2 37
2 39
3 38
1 37
1 39
3 37
3 39
0 38
2 36
0 37
0 39
1 36
3 36
0 36
0
Yes
1 1
2 1
1 0
2 0
0 1
0 0
0
Yes
28 48
28 49
27 48
27 49
27 47
0
Yes
25 13
25 14
26 13
26 14
24 13
24 14
25 12
25 15
26 12
26 15
27 13
27 14
24 12
24 15
27 12
27 15
23 13
23 14
25 11
26 11
23 12
23 15
24 11
27 11
23 11
0
Yes
1 30
1 31
0 30
0 31
0 29
0
Yes
32 4
32 5
31 4
31 5
33 4
33 5
32 3
32 6
31 3
31 6
33 3
33 6
30 4
30 5
34 4
34 5
30 3
30 6
32 2
32 7
34 3
34 6
31 2
31 7
33 2
33 7
29 4
29 5
35 4
35 5
30 2
30 7
34 2
34 7
29 3
29 6
35 3
35 6
32 1
32 8
31 1
31 8
33 1
33 8
29 2
29 7
35 2
35 7
28 4
28 5
30 1
30 8
34 1
34 8
36 4
36 5
28 3
28 6
36 3
36 6
32 0
29 1
29 8
31 0
33 0
35 1
35 8
28 2
28 7
36 2
36 7
30 0
34 0
27 4
27 5
37 4
37 5
27 3
27 6
37 3
37 6
28 1
28 8
36 1
36 8
29 0
35 0
27 2
27 7
37 2
37 7
26 4
26 5
28 0
36 0
27 1
27 8
37 1
37 8
26 3
26 6
26 2
26 7
27 0
37 0
26 1
0
Yes
38 0
38 1
38 2
38 3
38 4
38 5
39 0
39 1
39 2
39 3
39 4
39 5
40 0
40 1
40 2
40 3
40 4
40 5
0
No
0
Yes
49 15
48 15
48 14
49 14
48 13
49 13
47 13
47 14
47 15
46 15
46 14
46 13
45 14
0
No
0
Yes
29 41
29 42
29 43
29 44
29 45
29 46
29 47
29 48
29 49
30 41
30 42
30 43
30 44
30 45
30 46
30 47
30 48
30 49
31 41
31 42
31 43
31 44
31 45
31 46
31 47
31 48
31 49
32 41
32 42
32 43
32 44
32 45
32 46
32 47
32 48
32 49
33 41
33 42
33 43
33 44
33 45
33 46
33 47
33 48
33 49
34 41
34 42
34 43
34 44
34 45
34 46
34 47
34 48
34 49
35 41
35 42
35 43
35 44
35 45
35 46
35 47
35 48
35 49
36 41
36 42
36 43
36 44
36 45
36 46
36 47
36 48
36 49
37 41
37 42
37 43
0
Yes
37 44
37 45
37 46
37 47
37 48
37 49
38 44
38 45
38 46
38 47
38 48
38 49
39 44
39 45
39 46
39 47
39 48
39 49
40 44
40 45
40 46
40 47
40 48
40 49
41 44
41 45
41 46
41 47
41 48
41 49
42 44
42 45
42 46
42 47
42 48
42 49
0
Yes
0 12
0 13
0 14
0 15
0 16
0 17
0 18
0 19
0 20
0 21
1 12
1 13
1 14
1 15
1 16
1 17
1 18
1 19
1 20
1 21
2 12
2 13
2 14
2 15
2 16
2 17
2 18
2 19
2 20
2 21
3 12
3 13
3 14
3 15
3 16
3 17
3 18
3 19
3 20
3 21
4 12
4 13
4 14
4 15
4 16
4 17
4 18
4 19
4 20
4 21
5 12
5 13
5 14
5 15
5 16
5 17
5 18
5 19
5 20
5 21
6 12
6 13
6 14
6 15
6 16
0
Yes
0 3
0 4
0 5
0 6
0 7
0 8
0 9
0 10
0 11
1 3
1 4
1 5
1 6
1 7
1 8
1 9
1 10
1 11
2 3
2 4
2 5
2 6
2 7
2 8
2 9
2 10
2 11
3 3
3 4
3 5
3 6
3 7
3 8
3 9
3 10
3 11
4 3
4 4
4 5
4 6
4 7
4 8
4 9
4 10
4 11
5 3
5 4
5 5
5 6
5 7
5 8
5 9
5 10
5 11
6 3
6 4
6 5
6 6
6 7
6 8
6 9
6 10
6 11
7 3
7 4
7 5
7 6
7 7
7 8
7 9
7 10
7 11
8 3
8 4
8 5
8 6
8 7
8 8
8 9
8 10
8 11
9 3
9 4
9 5
9 6
9 7
9 8
9 9
9 10
9 11
10 3
10 4
10 5
10 6
10 7
10 8
10 9
10 10
10 11
11 3
11 4
11 5
11 6
11 7
11 8
11 9
11 10
11 11
12 3
12 4
12 5
12 6
12 7
0
Yes
46 0
46 1
46 2
46 3
47 0
47 1
47 2
47 3
48 0
48 1
48 2
48 3
49 0
49 1
49 2
49 3
0
No
0
No
0
Yes
13 43
13 44
13 45
13 46
13 47
13 48
13 49
14 43
14 44
14 45
14 46
14 47
14 48
14 49
15 43
15 44
15 45
15 46
15 47
15 48
15 49
16 43
16 44
16 45
16 46
16 47
16 48
16 49
17 43
17 44
17 45
17 46
17 47
17 48
17 49
18 43
18 44
18 45
18 46
18 47
18 48
18 49
19 43
19 44
19 45
19 46
19 47
19 48
19 49
20 43
20 44
20 45
20 46
20 47
20 48
20 49
21 43
21 44
21 45
21 46
21 47
21 48
21 49
22 43
22 44
22 45
22 46
22 47
22 48
22 49
23 43
23 44
23 45
23 46
23 47
0
Yes
20 37
20 38
20 39
20 40
21 37
21 38
21 39
21 40
22 37
22 38
22 39
22 40
23 37
23 38
0
Yes
35 45
35 46
35 47
35 48
35 49
36 45
36 46
36 47
36 48
36 49
37 45
37 46
37 47
37 48
37 49
38 45
38 46
38 47
38 48
38 49
39 45
39 46
39 47
39 48
39 49
40 45
40 46
40 47
40 48
40 49
41 45
41 46
41 47
41 48
41 49
42 45
42 46
42 47
42 48
42 49
0
No
0
Yes
7 12
7 13
7 14
7 15
7 16
7 17
7 18
7 19
7 20
7 21
7 22
7 23
7 24
8 12
8 13
8 14
8 15
8 16
8 17
8 18
8 19
8 20
8 21
8 22
8 23
8 24
9 12
9 13
9 14
9 15
9 16
9 17
9 18
9 19
9 20
9 21
9 22
9 23
9 24
10 12
10 13
10 14
10 15
10 16
10 17
10 18
10 19
10 20
10 21
10 22
10 23
10 24
11 12
11 13
11 14
11 15
11 16
11 17
11 18
11 19
11 20
11 21
11 22
11 23
11 24
12 12
12 13
12 14
12 15
12 16
12 17
12 18
12 19
12 20
12 21
12 22
12 23
12 24
13 12
13 13
13 14
13 15
13 16
13 17
13 18
13 19
13 20
13 21
13 22
13 23
13 24
14 12
14 13
14 14
14 15
14 16
14 17
14 18
14 19
14 20
14 21
14 22
14 23
14 24
15 12
15 13
15 14
15 15
15 16
15 17
15 18
15 19
15 20
15 21
15 22
15 23
15 24
16 12
16 13
16 14
16 15
16 16
16 17
16 18
16 19
16 20
0
Yes
17 16
17 17
17 18
17 19
17 20
17 21
17 22
17 23
17 24
17 25
17 26
17 27
17 28
17 29
18 16
18 17
18 18
18 19
18 20
18 21
18 22
18 23
18 24
18 25
18 26
18 27
18 28
18 29
19 16
19 17
19 18
19 19
19 20
19 21
19 22
19 23
19 24
19 25
19 26
19 27
19 28
19 29
20 16
20 17
20 18
20 19
20 20
20 21
20 22
20 23
20 24
20 25
20 26
20 27
20 28
20 29
21 16
21 17
21 18
21 19
21 20
21 21
21 22
21 23
21 24
21 25
21 26
21 27
21 28
21 29
22 16
22 17
22 18
22 19
22 20
22 21
22 22
22 23
22 24
22 25
22 26
22 27
22 28
22 29
23 16
23 17
23 18
23 19
23 20
23 21
23 22
23 23
23 24
23 25
23 26
23 27
23 28
23 29
24 16
24 17
24 18
24 19
24 20
24 21
24 22
24 23
24 24
24 25
24 26
24 27
24 28
24 29
25 16
25 17
25 18
25 19
25 20
25 21
25 22
25 23
25 24
25 25
25 26
25 27
25 28
25 29
0
Yes
8 0
8 1
8 2
9 0
9 1
9 2
10 0
10 1
10 2
11 0
11 1
11 2
12 0
12 1
0
Yes
42 30
42 31
42 32
42 33
42 34
42 35
42 36
42 37
42 38
42 39
43 30
43 31
43 32
43 33
43 34
43 35
43 36
43 37
43 38
43 39
44 30
44 31
44 32
44 33
44 34
44 35
44 36
44 37
44 38
44 39
45 30
45 31
45 32
45 33
45 34
45 35
45 36
45 37
45 38
45 39
46 30
46 31
46 32
46 33
46 34
46 35
46 36
46 37
46 38
46 39
47 30
47 31
47 32
47 33
47 34
47 35
47 36
47 37
47 38
47 39
48 30
48 31
48 32
48 33
48 34
48 35
48 36
48 37
48 38
48 39
49 30
49 31
49 32
49 33
49 34
49 35
49 36
49 37
49 38
49 39
0
No
0
No
0
No
0
Yes
36 14
35 14
35 13
36 13
35 12
36 12
34 12
34 13
34 14
33 14
33 13
33 12
34 11
35 11
36 11
33 11
32 13
32 12
32 14
32 11
33 15
34 15
35 15
32 15
36 10
35 10
34 10
33 10
32 10
31 14
31 13
31 12
31 11
31 15
31 10
35 16
34 16
33 16
32 16
31 16
35 9
34 9
33 9
32 9
36 9
31 9
30 13
30 14
30 12
30 11
30 15
30 10
0
Yes
13 0
13 1
13 2
13 3
13 4
13 5
13 6
13 7
13 8
13 9
13 10
13 11
14 0
14 1
14 2
14 3
14 4
14 5
14 6
14 7
14 8
14 9
14 10
14 11
15 0
15 1
15 2
15 3
15 4
15 5
15 6
15 7
15 8
15 9
15 10
15 11
16 0
16 1
16 2
16 3
16 4
16 5
16 6
16 7
16 8
16 9
16 10
16 11
17 0
17 1
17 2
17 3
17 4
17 5
17 6
17 7
17 8
17 9
17 10
17 11
18 0
18 1
18 2
18 3
18 4
18 5
18 6
18 7
18 8
18 9
18 10
18 11
19 0
19 1
19 2
19 3
19 4
19 5
19 6
19 7
19 8
19 9
19 10
19 11
20 0
20 1
20 2
20 3
20 4
20 5
20 6
20 7
20 8
20 9
20 10
20 11
21 0
21 1
21 2
21 3
21 4
21 5
21 6
21 7
21 8
0
Yes
40 19
40 20
40 21
40 22
40 23
40 24
40 25
40 26
40 27
40 28
40 29
41 19
41 20
41 21
41 22
41 23
41 24
41 25
41 26
41 27
41 28
41 29
42 19
42 20
42 21
42 22
42 23
42 24
42 25
42 26
42 27
42 28
42 29
43 19
43 20
43 21
43 22
43 23
43 24
43 25
43 26
43 27
43 28
43 29
44 19
44 20
44 21
44 22
44 23
44 24
44 25
44 26
44 27
44 28
44 29
45 19
45 20
45 21
45 22
45 23
45 24
45 25
45 26
45 27
45 28
45 29
46 19
46 20
46 21
46 22
46 23
46 24
46 25
46 26
46 27
46 28
46 29
47 19
47 20
47 21
47 22
47 23
47 24
47 25
47 26
47 27
47 28
47 29
48 19
48 20
48 21
48 22
48 23
48 24
48 25
48 26
48 27
48 28
48 29
49 19
49 20
49 21
49 22
49 23
49 24
49 25
49 26
49 27
49 28
0
No
0
No
0
Yes
18 37
17 37
17 38
18 38
17 39
18 39
16 39
16 38
16 37
15 37
15 38
15 39
16 40
17 40
18 40
15 40
14 38
14 39
14 37
14 40
18 41
17 41
16 41
15 41
14 41
13 37
13 38
13 39
13 40
13 41
14 36
15 36
16 36
13 36
19 41
19 40
19 39
17 42
16 42
15 42
18 42
14 42
19 42
13 42
0
No
0
Yes
5 19
5 20
4 19
4 20
6 19
6 20
5 18
5 21
4 18
4 21
6 18
6 21
3 19
3 20
7 19
7 20
3 18
3 21
5 17
5 22
7 18
7 21
4 17
4 22
6 17
6 22
2 19
2 20
8 19
8 20
3 17
3 22
7 17
7 22
2 18
2 21
8 18
8 21
5 16
5 23
4 16
4 23
6 16
6 23
2 17
2 22
8 17
8 22
1 19
1 20
3 16
3 23
7 16
7 23
9 19
9 20
1 18
1 21
9 18
9 21
5 15
5 24
2 16
2 23
4 15
4 24
6 15
6 24
8 16
8 23
1 17
1 22
9 17
9 22
3 15
3 24
7 15
7 24
0 19
0 20
0 18
0 21
1 16
1 23
9 16
9 23
2 15
2 24
8 15
8 24
5 14
5 25
0 17
0 22
4 14
4 25
6 14
6 25
3 14
3 25
7 14
7 25
1 15
1 24
9 15
9 24
0 16
0 23
2 14
2 25
8 14
8 25
5 13
5 26
4 13
4 26
6 13
6 26
0 15
0 24
1 14
1 25
3 13
3 26
7 13
7 26
9 14
9 25
2 13
2 26
8 13
8 26
0 14
0 25
5 12
4 12
6 12
1 13
1 26
9 13
9 26
3 12
7 12
2 12
8 12
0 13
0 26
1 12
0
Yes
10 12
10 13
10 14
10 15
10 16
10 17
10 18
10 19
10 20
11 12
11 13
11 14
11 15
11 16
11 17
11 18
11 19
11 20
12 12
12 13
12 14
12 15
12 16
12 17
12 18
12 19
12 20
13 12
13 13
13 14
13 15
13 16
13 17
13 18
13 19
13 20
14 12
14 13
14 14
14 15
14 16
14 17
14 18
14 19
14 20
15 12
15 13
15 14
15 15
15 16
15 17
15 18
15 19
15 20
16 12
16 13
16 14
16 15
16 16
16 17
16 18
16 19
16 20
17 12
17 13
17 14
17 15
17 16
17 17
17 18
17 19
17 20
18 12
18 13
18 14
18 15
18 16
18 17
18 18
18 19
18 20
0
Yes
28 35
28 36
28 37
28 38
28 39
28 40
28 41
28 42
29 35
29 36
29 37
29 38
29 39
29 40
29 41
29 42
30 35
30 36
30 37
30 38
30 39
30 40
30 41
30 42
31 35
31 36
31 37
31 38
31 39
31 40
31 41
31 42
32 35
32 36
32 37
32 38
32 39
32 40
32 41
32 42
33 35
33 36
33 37
33 38
33 39
33 40
33 41
33 42
34 35
34 36
34 37
34 38
34 39
34 40
34 41
34 42
35 35
35 36
35 37
35 38
35 39
35 40
35 41
35 42
36 35
36 36
36 37
36 38
36 39
36 40
36 41
36 42
37 35
37 36
37 37
37 38
37 39
37 40
37 41
37 42
38 35
38 36
38 37
38 38
38 39
38 40
38 41
0
Yes
8 40
8 41
8 42
8 43
8 44
9 40
9 41
9 42
9 43
9 44
10 40
10 41
10 42
10 43
10 44
11 40
11 41
11 42
0
Yes
29 43
29 44
29 45
29 46
29 47
29 48
29 49
30 43
30 44
30 45
30 46
30 47
30 48
30 49
31 43
31 44
31 45
31 46
31 47
31 48
31 49
32 43
32 44
32 45
32 46
32 47
32 48
32 49
33 43
33 44
33 45
33 46
33 47
33 48
33 49
34 43
34 44
34 45
34 46
34 47
34 48
34 49
35 43
35 44
35 45
35 46
35 47
35 48
35 49
36 43
36 44
36 45
36 46
36 47
36 48
36 49
37 43
37 44
37 45
0
Yes
40 13
40 14
40 15
40 16
40 17
40 18
41 13
41 14
41 15
41 16
41 17
41 18
42 13
42 14
42 15
42 16
42 17
42 18
43 13
43 14
43 15
43 16
43 17
43 18
44 13
44 14
44 15
44 16
44 17
44 18
45 13
45 14
45 15
45 16
45 17
45 18
46 13
46 14
46 15
46 16
46 17
46 18
47 13
47 14
47 15
47 16
47 17
47 18
48 13
48 14
48 15
48 16
48 17
48 18
49 13
49 14
49 15
49 16
49 17
49 18
0
Yes
17 0
17 1
17 2
17 3
17 4
17 5
17 6
18 0
18 1
18 2
18 3
18 4
18 5
18 6
19 0
19 1
19 2
19 3
19 4
19 5
19 6
20 0
20 1
20 2
20 3
20 4
20 5
20 6
21 0
21 1
21 2
21 3
21 4
21 5
21 6
22 0
22 1
22 2
22 3
22 4
22 5
22 6
23 0
23 1
23 2
23 3
23 4
23 5
23 6
24 0
24 1
24 2
24 3
24 4
24 5
24 6
25 0
25 1
25 2
25 3
25 4
25 5
25 6
0
Yes
4 33
4 34
4 35
4 36
4 37
4 38
4 39
5 33
5 34
5 35
5 36
5 37
5 38
5 39
6 33
6 34
6 35
6 36
6 37
6 38
6 39
7 33
7 34
7 35
7 36
7 37
7 38
7 39
8 33
8 34
8 35
8 36
8 37
8 38
8 39
0
Yes
41 0
41 1
41 2
42 0
42 1
42 2
43 0
43 1
43 2
44 0
44 1
44 2
45 0
45 1
45 2
0
Yes
26 40
27 40
26 39
26 41
27 39
25 40
25 39
25 41
26 38
27 38
25 38
0
No
0
Yes
13 0
13 1
13 2
13 3
13 4
13 5
13 6
13 7
14 0
14 1
14 2
14 3
14 4
14 5
14 6
14 7
15 0
15 1
15 2
15 3
15 4
15 5
15 6
15 7
16 0
16 1
16 2
16 3
16 4
16 5
16 6
0
No
0
Yes
47 47
47 48
48 47
48 48
46 47
46 48
47 46
47 49
48 46
48 49
49 47
49 48
46 46
46 49
49 46
49 49
45 47
45 48
47 45
48 45
45 46
45 49
46 45
49 45
45 45
0
Yes
1 0
0 0
0 1
1 1
0 2
1 2
2 2
2 1
0
Yes
43 4
43 5
44 4
44 5
42 4
42 5
43 3
44 3
45 4
45 5
42 3
45 3
41 4
41 5
41 3
0
Yes
32 17
32 18
32 19
32 20
32 21
32 22
32 23
32 24
32 25
32 26
32 27
32 28
33 17
33 18
33 19
33 20
33 21
33 22
33 23
33 24
33 25
33 26
33 27
33 28
34 17
34 18
34 19
34 20
34 21
34 22
34 23
34 24
34 25
34 26
34 27
34 28
35 17
35 18
35 19
35 20
35 21
35 22
35 23
35 24
35 25
35 26
35 27
35 28
36 17
36 18
36 19
36 20
36 21
36 22
36 23
36 24
36 25
36 26
36 27
36 28
37 17
37 18
37 19
37 20
37 21
37 22
37 23
37 24
37 25
37 26
37 27
37 28
38 17
38 18
38 19
38 20
38 21
38 22
38 23
38 24
38 25
38 26
38 27
38 28
39 17
39 18
39 19
39 20
39 21
39 22
39 23
39 24
39 25
39 26
39 27
39 28
0
Yes
49 18
48 18
48 17
49 17
48 16
49 16
47 16
47 17
47 18
46 18
46 17
46 16
47 15
48 15
49 15
46 15
45 17
45 16
45 18
45 15
49 14
48 14
0
Yes
0 43
0 44
0 45
0 46
0 47
0 48
0 49
1 43
1 44
1 45
1 46
1 47
1 48
1 49
2 43
2 44
2 45
2 46
2 47
2 48
2 49
3 43
3 44
3 45
3 46
3 47
3 48
3 49
4 43
4 44
4 45
4 46
4 47
4 48
4 49
5 43
5 44
5 45
5 46
5 47
5 48
5 49
6 43
6 44
6 45
6 46
0
Yes
24 17
24 18
24 19
24 20
24 21
24 22
24 23
24 24
24 25
24 26
24 27
25 17
25 18
25 19
25 20
25 21
25 22
25 23
25 24
25 25
25 26
25 27
26 17
26 18
26 19
26 20
26 21
26 22
26 23
26 24
26 25
26 26
26 27
27 17
27 18
27 19
27 20
27 21
27 22
27 23
27 24
27 25
27 26
27 27
28 17
28 18
28 19
28 20
28 21
28 22
28 23
28 24
28 25
28 26
28 27
29 17
29 18
29 19
29 20
29 21
29 22
29 23
29 24
29 25
29 26
29 27
30 17
30 18
30 19
30 20
30 21
30 22
30 23
30 24
30 25
30 26
30 27
31 17
31 18
31 19
31 20
31 21
31 22
31 23
31 24
31 25
31 26
31 27
0
Yes
40 11
40 12
40 13
40 14
40 15
40 16
40 17
40 18
41 11
41 12
41 13
41 14
41 15
41 16
41 17
41 18
42 11
42 12
42 13
42 14
42 15
42 16
42 17
42 18
43 11
43 12
43 13
43 14
43 15
43 16
43 17
43 18
44 11
44 12
44 13
44 14
44 15
44 16
44 17
44 18
0
Yes
12 8
12 9
12 10
12 11
12 12
12 13
12 14
12 15
13 8
13 9
13 10
13 11
13 12
13 13
13 14
13 15
14 8
14 9
14 10
14 11
14 12
14 13
14 14
14 15
15 8
15 9
15 10
15 11
15 12
15 13
15 14
15 15
16 8
16 9
16 10
16 11
16 12
16 13
16 14
16 15
17 8
17 9
17 10
17 11
17 12
17 13
17 14
17 15
18 8
18 9
18 10
18 11
18 12
18 13
18 14
18 15
19 8
19 9
19 10
19 11
19 12
19 13
19 14
19 15
20 8
20 9
20 10
20 11
20 12
20 13
20 14
20 15
21 8
21 9
21 10
21 11
21 12
21 13
21 14
21 15
22 8
22 9
22 10
22 11
22 12
22 13
22 14
22 15
23 8
23 9
23 10
23 11
23 12
23 13
23 14
23 15
24 8
24 9
24 10
24 11
24 12
24 13
24 14
24 15
0
Yes
37 27
37 28
38 27
38 28
36 27
36 28
37 26
37 29
38 26
38 29
39 27
39 28
36 26
36 29
39 26
39 29
35 27
35 28
37 25
37 30
38 25
38 30
35 26
35 29
36 25
36 30
39 25
39 30
35 25
35 30
37 24
37 31
38 24
38 31
36 24
36 31
39 24
39 31
35 24
35 31
37 23
37 32
38 23
38 32
36 23
36 32
39 23
39 32
35 23
35 32
37 22
37 33
38 22
38 33
36 22
36 33
39 22
39 33
35 22
35 33
37 21
37 34
38 21
38 34
36 21
36 34
39 21
39 34
35 21
35 34
37 20
38 20
36 20
39 20
35 20
0
No
0
No
0
No
0
No
0
Yes
34 34
33 34
33 33
34 33
33 32
34 32
32 32
32 33
32 34
31 34
31 33
31 32
32 31
33 31
34 31
31 31
30 33
30 32
30 34
30 31
34 30
33 30
32 30
31 30
30 30
29 34
0
Yes
27 12
27 13
28 12
28 13
26 12
26 13
27 11
27 14
28 11
28 14
29 12
29 13
26 11
26 14
29 11
29 14
25 12
25 13
27 10
27 15
28 10
28 15
25 11
25 14
26 10
26 15
29 10
29 15
25 10
25 15
27 9
28 9
26 9
29 9
0
Yes
3 41
3 42
2 41
2 42
4 41
4 42
3 40
2 40
4 40
1 41
1 42
5 41
5 42
1 40
5 40
0 41
0 42
0
Yes
34 29
33 29
33 28
34 28
33 27
34 27
32 27
32 28
32 29
31 29
31 28
31 27
32 26
33 26
34 26
31 26
30 28
30 27
30 29
30 26
34 25
33 25
0
No
0
Yes
0 3
0 4
0 5
0 6
0 7
0 8
0 9
0 10
0 11
1 3
1 4
1 5
1 6
1 7
1 8
1 9
1 10
1 11
2 3
2 4
2 5
2 6
2 7
2 8
2 9
2 10
2 11
3 3
3 4
3 5
3 6
3 7
3 8
3 9
3 10
3 11
4 3
4 4
4 5
4 6
4 7
4 8
4 9
4 10
4 11
5 3
5 4
5 5
5 6
5 7
5 8
5 9
5 10
5 11
6 3
6 4
6 5
6 6
6 7
6 8
6 9
6 10
6 11
7 3
7 4
7 5
7 6
7 7
7 8
7 9
7 10
7 11
8 3
8 4
8 5
8 6
8 7
8 8
8 9
8 10
8 11
9 3
9 4
9 5
9 6
9 7
9 8
9 9
9 10
9 11
10 3
10 4
10 5
10 6
10 7
10 8
10 9
10 10
10 11
11 3
11 4
11 5
11 6
11 7
11 8
11 9
11 10
11 11
12 3
12 4
12 5
12 6
12 7
12 8
12 9
12 10
12 11
13 3
13 4
13 5
13 6
13 7
0
Yes
45 36
46 36
45 35
45 37
46 35
46 37
44 36
47 36
44 35
44 37
47 35
47 37
45 34
45 38
46 34
46 38
43 36
44 34
44 38
47 34
47 38
48 36
43 35
43 37
48 35
48 37
45 33
45 39
46 33
46 39
43 34
43 38
48 34
48 38
44 33
44 39
47 33
47 39
42 36
49 36
42 35
42 37
49 35
49 37
43 33
43 39
48 33
48 39
42 34
42 38
45 32
45 40
46 32
46 40
49 34
49 38
44 32
44 40
47 32
47 40
41 36
41 35
41 37
42 33
42 39
49 33
49 39
43 32
43 40
48 32
48 40
41 34
41 38
45 31
45 41
46 31
46 41
44 31
44 41
47 31
47 41
42 32
42 40
49 32
49 40
41 33
41 39
43 31
43 41
48 31
48 41
41 32
41 40
45 30
46 30
42 31
42 41
49 31
49 41
44 30
47 30
43 30
48 30
41 31
41 41
42 30
49 30
0
No
0
Yes
48 43
48 44
47 43
47 44
49 43
49 44
48 42
47 42
49 42
46 43
46 44
0
Yes
47 23
47 24
48 23
48 24
46 23
46 24
47 22
47 25
48 22
48 25
49 23
49 24
46 22
46 25
49 22
49 25
45 23
45 24
47 21
47 26
48 21
48 26
45 22
45 25
46 21
46 26
49 21
49 26
45 21
45 26
47 20
47 27
48 20
48 27
46 20
46 27
49 20
49 27
45 20
45 27
47 19
47 28
48 19
48 28
46 19
46 28
49 19
49 28
45 19
45 28
47 18
47 29
48 18
48 29
46 18
46 29
49 18
49 29
45 18
45 29
47 17
48 17
46 17
49 17
45 17
0
Yes
48 4
48 5
48 6
48 7
48 8
49 4
49 5
49 6
49 7
49 8
0
No
0
Yes
42 26
42 27
43 26
43 27
41 26
41 27
42 25
42 28
43 25
43 28
44 26
44 27
41 25
41 28
44 25
44 28
40 26
40 27
42 24
42 29
43 24
43 29
40 25
40 28
41 24
41 29
44 24
44 29
40 24
40 29
42 23
43 23
41 23
44 23
0
No
0
No
0
Yes
47 2
48 2
47 1
47 3
48 1
48 3
46 2
49 2
46 1
46 3
49 1
49 3
47 0
48 0
45 2
46 0
49 0
45 1
45 3
45 0
0
No
0
Yes
1 1
1 2
2 1
2 2
0 1
0 2
1 0
2 0
0 0
0
Yes
38 4
38 5
39 4
39 5
37 4
37 5
38 3
38 6
39 3
39 6
40 4
40 5
37 3
37 6
40 3
40 6
36 4
36 5
38 2
38 7
39 2
39 7
41 4
41 5
36 3
36 6
37 2
37 7
40 2
40 7
41 3
41 6
35 4
35 5
36 2
36 7
38 1
38 8
39 1
39 8
41 2
41 7
42 4
42 5
35 3
35 6
37 1
37 8
40 1
40 8
42 3
42 6
35 2
35 7
36 1
36 8
41 1
41 8
42 2
42 7
34 4
34 5
38 0
39 0
43 4
43 5
34 3
34 6
37 0
40 0
43 3
43 6
35 1
35 8
42 1
42 8
34 2
34 7
36 0
41 0
43 2
43 7
33 4
33 5
44 4
44 5
33 3
33 6
34 1
34 8
35 0
42 0
43 1
43 8
44 3
44 6
33 2
33 7
44 2
44 7
34 0
43 0
32 4
32 5
33 1
33 8
44 1
32 3
32 6
32 2
32 7
33 0
44 0
32 1
32 8
0
No
0
Yes
10 12
10 13
10 14
10 15
10 16
10 17
10 18
10 19
10 20
10 21
10 22
10 23
10 24
10 25
11 12
11 13
11 14
11 15
11 16
11 17
11 18
11 19
11 20
11 21
11 22
11 23
11 24
11 25
12 12
12 13
12 14
12 15
12 16
12 17
12 18
12 19
12 20
12 21
12 22
12 23
12 24
12 25
13 12
13 13
13 14
13 15
13 16
13 17
13 18
13 19
13 20
13 21
13 22
13 23
13 24
13 25
14 12
14 13
14 14
14 15
14 16
14 17
14 18
14 19
14 20
14 21
14 22
14 23
14 24
14 25
15 12
15 13
15 14
15 15
15 16
15 17
15 18
15 19
15 20
15 21
15 22
15 23
15 24
15 25
16 12
16 13
16 14
16 15
16 16
16 17
16 18
16 19
16 20
16 21
16 22
16 23
16 24
16 25
17 12
17 13
17 14
17 15
17 16
17 17
17 18
17 19
17 20
17 21
17 22
17 23
17 24
17 25
18 12
18 13
18 14
18 15
18 16
18 17
18 18
18 19
18 20
18 21
18 22
18 23
18 24
18 25
19 12
19 13
19 14
19 15
19 16
19 17
19 18
19 19
0
Yes
2 28
1 28
2 27
1 27
3 27
0 28
0 27
0
Yes
49 49
48 49
48 48
49 48
48 47
49 47
47 47
47 48
47 49
46 49
46 48
46 47
47 46
0
No
0
No
0
Yes
4 38
5 38
4 37
4 39
5 37
5 39
3 38
6 38
3 37
3 39
6 37
6 39
4 36
4 40
5 36
5 40
2 38
3 36
3 40
6 36
6 40
7 38
2 37
2 39
7 37
7 39
4 35
4 41
5 35
5 41
2 36
2 40
7 36
7 40
3 35
3 41
6 35
6 41
1 38
8 38
1 37
1 39
8 37
8 39
2 35
2 41
7 35
7 41
1 36
1 40
4 34
4 42
5 34
5 42
8 36
8 40
3 34
3 42
6 34
6 42
0 38
0 37
0 39
1 35
1 41
8 35
8 41
2 34
2 42
7 34
7 42
0 36
0 40
4 33
5 33
3 33
6 33
1 34
1 42
8 34
8 42
0 35
0 41
2 33
7 33
0 34
0 42
1 33
8 33
0
No
0
No
0
Yes
26 0
26 1
26 2
26 3
26 4
26 5
26 6
26 7
26 8
26 9
27 0
27 1
27 2
27 3
27 4
27 5
27 6
27 7
27 8
27 9
28 0
28 1
28 2
28 3
28 4
28 5
28 6
28 7
28 8
28 9
29 0
29 1
29 2
29 3
29 4
29 5
29 6
29 7
29 8
29 9
30 0
30 1
30 2
30 3
30 4
30 5
30 6
30 7
30 8
30 9
31 0
31 1
31 2
31 3
31 4
31 5
31 6
31 7
31 8
31 9
0
Yes
0 18
0 19
0 20
0 21
0 22
0 23
0 24
0 25
0 26
1 18
1 19
1 20
1 21
1 22
1 23
1 24
1 25
1 26
2 18
2 19
2 20
2 21
2 22
2 23
2 24
2 25
2 26
3 18
3 19
3 20
3 21
3 22
3 23
3 24
3 25
3 26
4 18
4 19
4 20
4 21
4 22
4 23
4 24
4 25
4 26
5 18
5 19
5 20
5 21
5 22
5 23
5 24
5 25
5 26
6 18
6 19
6 20
6 21
6 22
6 23
6 24
6 25
6 26
7 18
7 19
7 20
7 21
7 22
7 23
7 24
7 25
7 26
0
No
0
No
0
Yes
1 0
0 0
0 1
1 1
0 2
1 2
2 2
2 1
0
Yes
9 36
9 37
9 38
9 39
9 40
9 41
9 42
9 43
10 36
10 37
10 38
10 39
10 40
10 41
10 42
10 43
11 36
11 37
11 38
11 39
11 40
11 41
11 42
11 43
12 36
12 37
12 38
12 39
12 40
12 41
12 42
12 43
0
No
0
No
0
Yes
43 46
44 46
43 45
43 47
44 45
44 47
42 46
45 46
42 45
42 47
45 45
45 47
43 44
43 48
44 44
44 48
41 46
42 44
42 48
45 44
45 48
41 45
41 47
43 43
43 49
44 43
44 49
41 44
41 48
42 43
42 49
45 43
45 49
41 49
43 42
44 42
45 42
0
Yes
0 12
0 13
0 14
0 15
0 16
0 17
1 12
1 13
1 14
1 15
1 16
1 17
2 12
2 13
2 14
2 15
2 16
2 17
3 12
3 13
3 14
3 15
3 16
3 17
4 12
4 13
4 14
4 15
4 16
4 17
5 12
5 13
5 14
5 15
5 16
5 17
6 12
6 13
6 14
6 15
6 16
6 17
7 12
7 13
7 14
7 15
7 16
7 17
8 12
8 13
8 14
8 15
8 16
8 17
9 12
9 13
9 14
9 15
9 16
9 17
10 12
10 13
10 14
10 15
10 16
10 17
11 12
11 13
11 14
11 15
11 16
11 17
12 12
12 13
12 14
12 15
12 16
12 17
0
Yes
8 0
8 1
8 2
9 0
9 1
9 2
10 0
10 1
10 2
11 0
11 1
11 2
12 0
12 1
12 2
0
No
0
No
0
Yes
32 9
32 10
32 11
32 12
32 13
32 14
33 9
33 10
33 11
33 12
33 13
33 14
34 9
34 10
34 11
34 12
34 13
34 14
35 9
35 10
35 11
35 12
35 13
35 14
36 9
36 10
36 11
36 12
36 13
36 14
37 9
0
No
0
Yes
45 25
45 26
45 27
45 28
45 29
46 25
46 26
46 27
46 28
46 29
47 25
47 26
47 27
47 28
47 29
48 25
48 26
48 27
48 28
48 29
49 25
49 26
49 27
49 28
49 29
0
Yes
0 8
0 9
0 10
0 11
0 12
0 13
0 14
0 15
0 16
0 17
1 8
1 9
1 10
1 11
1 12
1 13
1 14
1 15
1 16
1 17
2 8
2 9
2 10
2 11
2 12
2 13
2 14
2 15
2 16
2 17
3 8
3 9
3 10
3 11
3 12
3 13
3 14
3 15
3 16
3 17
4 8
4 9
4 10
4 11
4 12
4 13
4 14
4 15
4 16
4 17
5 8
5 9
5 10
5 11
5 12
5 13
5 14
5 15
5 16
5 17
6 8
6 9
6 10
6 11
6 12
6 13
6 14
6 15
6 16
6 17
0
No
0
Yes
8 0
8 1
8 2
8 3
8 4
8 5
8 6
8 7
8 8
8 9
8 10
9 0
9 1
9 2
9 3
9 4
9 5
9 6
9 7
9 8
9 9
9 10
10 0
10 1
10 2
10 3
10 4
10 5
10 6
10 7
10 8
10 9
10 10
11 0
11 1
11 2
11 3
11 4
11 5
11 6
11 7
11 8
11 9
11 10
12 0
12 1
12 2
12 3
12 4
12 5
12 6
12 7
12 8
12 9
12 10
13 0
13 1
13 2
13 3
13 4
13 5
13 6
13 7
13 8
13 9
13 10
14 0
14 1
14 2
14 3
14 4
14 5
14 6
14 7
14 8
14 9
14 10
15 0
15 1
15 2
15 3
15 4
15 5
15 6
15 7
15 8
15 9
15 10
16 0
16 1
16 2
16 3
16 4
16 5
16 6
16 7
16 8
0
Yes
38 9
38 10
39 9
39 10
40 9
40 10
41 9
41 10
42 9
42 10
0
Yes
29 37
29 38
29 39
29 40
29 41
29 42
29 43
29 44
29 45
29 46
29 47
29 48
29 49
30 37
30 38
30 39
30 40
30 41
30 42
30 43
30 44
30 45
30 46
30 47
30 48
30 49
31 37
31 38
31 39
31 40
31 41
31 42
31 43
31 44
31 45
31 46
31 47
31 48
31 49
32 37
32 38
32 39
32 40
32 41
32 42
32 43
32 44
32 45
32 46
32 47
32 48
32 49
33 37
33 38
33 39
33 40
33 41
33 42
33 43
33 44
33 45
33 46
33 47
33 48
33 49
34 37
34 38
34 39
34 40
34 41
34 42
34 43
34 44
34 45
34 46
34 47
34 48
34 49
35 37
35 38
35 39
35 40
35 41
35 42
35 43
35 44
35 45
35 46
35 47
35 48
35 49
36 37
36 38
36 39
36 40
36 41
36 42
36 43
36 44
36 45
36 46
36 47
36 48
36 49
37 37
37 38
37 39
37 40
37 41
37 42
37 43
37 44
37 45
37 46
0
Yes
45 45
45 46
45 47
45 48
45 49
46 45
46 46
46 47
46 48
46 49
47 45
47 46
47 47
47 48
47 49
48 45
48 46
48 47
48 48
48 49
49 45
49 46
49 47
0
No
0
Yes
0 0
0 1
0 2
0 3
0 4
0 5
1 0
1 1
1 2
1 3
1 4
1 5
2 0
2 1
2 2
2 3
2 4
0
No
0
Yes
0 22
0 23
0 24
0 25
0 26
0 27
0 28
1 22
1 23
1 24
1 25
1 26
1 27
1 28
2 22
2 23
2 24
2 25
2 26
2 27
2 28
3 22
3 23
3 24
3 25
3 26
3 27
0
No
0
No
0
Yes
0 10
0 11
0 12
0 13
0 14
0 15
0 16
0 17
0 18
0 19
0 20
0 21
1 10
1 11
1 12
1 13
1 14
1 15
1 16
1 17
1 18
1 19
1 20
1 21
2 10
2 11
2 12
2 13
2 14
2 15
2 16
2 17
2 18
2 19
2 20
2 21
3 10
3 11
3 12
3 13
3 14
3 15
3 16
3 17
3 18
3 19
3 20
3 21
4 10
4 11
4 12
4 13
4 14
4 15
4 16
4 17
4 18
4 19
4 20
4 21
5 10
5 11
5 12
5 13
5 14
5 15
5 16
5 17
5 18
5 19
5 20
5 21
6 10
6 11
6 12
6 13
6 14
6 15
6 16
6 17
6 18
6 19
6 20
6 21
7 10
7 11
7 12
7 13
7 14
7 15
7 16
7 17
7 18
7 19
7 20
7 21
8 10
8 11
8 12
8 13
8 14
8 15
8 16
8 17
8 18
8 19
8 20
8 21
9 10
9 11
9 12
9 13
9 14
9 15
9 16
9 17
9 18
9 19
9 20
9 21
0
Yes
39 0
39 1
39 2
39 3
39 4
39 5
40 0
40 1
40 2
40 3
40 4
40 5
41 0
41 1
41 2
41 3
41 4
41 5
42 0
42 1
42 2
42 3
42 4
42 5
43 0
43 1
43 2
43 3
43 4
43 5
44 0
44 1
44 2
44 3
44 4
44 5
45 0
45 1
45 2
45 3
45 4
45 5
46 0
0
Yes
7 48
7 49
6 48
6 49
6 47
0
Yes
29 0
29 1
29 2
29 3
29 4
29 5
29 6
29 7
29 8
29 9
30 0
30 1
30 2
30 3
30 4
30 5
30 6
30 7
30 8
30 9
31 0
31 1
31 2
31 3
31 4
31 5
31 6
31 7
31 8
31 9
32 0
32 1
32 2
32 3
32 4
32 5
32 6
32 7
32 8
32 9
33 0
33 1
33 2
33 3
33 4
33 5
33 6
33 7
33 8
33 9
34 0
34 1
34 2
34 3
34 4
34 5
34 6
34 7
34 8
34 9
35 0
35 1
35 2
35 3
35 4
35 5
35 6
35 7
35 8
35 9
36 0
36 1
36 2
36 3
36 4
36 5
36 6
36 7
36 8
36 9
37 0
37 1
37 2
37 3
37 4
37 5
37 6
37 7
37 8
37 9
38 0
38 1
38 2
38 3
38 4
38 5
38 6
38 7
38 8
38 9
0
Yes
14 0
14 1
14 2
14 3
14 4
14 5
14 6
14 7
14 8
15 0
15 1
15 2
15 3
15 4
15 5
15 6
15 7
15 8
16 0
16 1
16 2
16 3
16 4
16 5
16 6
16 7
16 8
17 0
17 1
17 2
17 3
17 4
17 5
17 6
17 7
17 8
18 0
18 1
18 2
18 3
18 4
18 5
18 6
18 7
18 8
19 0
19 1
19 2
19 3
19 4
19 5
19 6
19 7
19 8
20 0
20 1
20 2
20 3
20 4
20 5
20 6
20 7
20 8
21 0
21 1
21 2
21 3
21 4
21 5
21 6
21 7
21 8
22 0
22 1
22 2
22 3
22 4
22 5
22 6
22 7
22 8
23 0
23 1
23 2
23 3
23 4
23 5
23 6
23 7
23 8
24 0
24 1
24 2
24 3
24 4
24 5
24 6
24 7
24 8
25 0
25 1
25 2
25 3
25 4
25 5
25 6
25 7
25 8
26 0
26 1
26 2
26 3
26 4
26 5
26 6
26 7
26 8
27 0
27 1
27 2
27 3
27 4
27 5
27 6
27 7
27 8
28 0
28 1
28 2
28 3
28 4
28 5
28 6
28 7
28 8
0
Yes
1 32
0 32
1 31
0 31
0 33
1 30
0 30
0
Yes
13 42
13 43
13 44
13 45
13 46
13 47
13 48
13 49
14 42
14 43
14 44
14 45
14 46
14 47
14 48
14 49
15 42
15 43
15 44
15 45
15 46
15 47
15 48
15 49
16 42
16 43
16 44
16 45
16 46
16 47
16 48
16 49
17 42
17 43
17 44
17 45
17 46
17 47
17 48
17 49
18 42
18 43
18 44
18 45
18 46
18 47
18 48
18 49
19 42
19 43
19 44
19 45
19 46
19 47
19 48
19 49
20 42
20 43
20 44
20 45
20 46
20 47
20 48
20 49
21 42
21 43
21 44
21 45
21 46
21 47
21 48
21 49
22 42
0
No
0
Yes
13 37
13 38
13 39
13 40
13 41
14 37
14 38
14 39
14 40
14 41
15 37
15 38
15 39
15 40
15 41
16 37
16 38
16 39
16 40
16 41
17 37
17 38
17 39
17 40
17 41
18 37
18 38
18 39
18 40
0
Yes
39 17
39 18
39 19
39 20
39 21
39 22
39 23
39 24
39 25
39 26
39 27
39 28
39 29
40 17
40 18
40 19
40 20
40 21
40 22
40 23
40 24
40 25
40 26
40 27
40 28
40 29
41 17
41 18
41 19
41 20
41 21
41 22
41 23
41 24
41 25
41 26
41 27
41 28
41 29
42 17
42 18
42 19
42 20
42 21
42 22
42 23
42 24
42 25
42 26
42 27
42 28
42 29
43 17
43 18
43 19
43 20
43 21
43 22
43 23
43 24
43 25
43 26
43 27
43 28
43 29
44 17
44 18
44 19
44 20
44 21
44 22
44 23
44 24
44 25
44 26
44 27
44 28
44 29
45 17
45 18
45 19
45 20
45 21
45 22
45 23
45 24
45 25
45 26
45 27
45 28
45 29
46 17
46 18
46 19
46 20
46 21
46 22
46 23
46 24
46 25
46 26
46 27
46 28
46 29
47 17
47 18
47 19
47 20
47 21
47 22
47 23
47 24
47 25
47 26
47 27
47 28
47 29
48 17
48 18
48 19
48 20
48 21
48 22
48 23
48 24
48 25
48 26
48 27
48 28
48 29
49 17
49 18
49 19
49 20
49 21
49 22
49 23
49 24
49 25
49 26
49 27
49 28
0
No
0
Yes
0 23
0 24
0 25
0 26
0 27
0 28
1 23
1 24
1 25
1 26
1 27
1 28
2 23
2 24
2 25
2 26
2 27
2 28
3 23
3 24
3 25
3 26
3 27
0
Yes
43 42
43 43
43 44
43 45
43 46
44 42
44 43
44 44
44 45
44 46
45 42
45 43
45 44
45 45
45 46
46 42
46 43
46 44
46 45
46 46
47 42
47 43
47 44
47 45
47 46
48 42
48 43
48 44
48 45
48 46
49 42
49 43
49 44
49 45
49 46
0
Yes
44 47
44 48
44 49
45 47
45 48
45 49
46 47
46 48
46 49
47 47
47 48
47 49
48 47
48 48
48 49
49 47
49 48
49 49
0
No
0
Yes
22 43
22 44
22 45
23 43
23 44
23 45
0
Yes
29 0
29 1
29 2
29 3
29 4
29 5
30 0
30 1
30 2
30 3
30 4
30 5
31 0
31 1
31 2
31 3
31 4
31 5
32 0
32 1
32 2
32 3
32 4
32 5
33 0
33 1
33 2
33 3
33 4
33 5
34 0
34 1
34 2
34 3
34 4
34 5
35 0
35 1
35 2
35 3
35 4
35 5
36 0
36 1
36 2
36 3
36 4
36 5
37 0
37 1
37 2
37 3
37 4
37 5
38 0
38 1
38 2
38 3
38 4
38 5
39 0
39 1
39 2
39 3
39 4
39 5
0
Yes
0 43
0 44
0 45
0 46
0 47
0 48
0 49
1 43
1 44
1 45
1 46
1 47
1 48
1 49
2 43
2 44
2 45
2 46
2 47
2 48
2 49
3 43
3 44
3 45
3 46
3 47
3 48
3 49
4 43
4 44
4 45
4 46
4 47
4 48
4 49
5 43
5 44
5 45
5 46
5 47
5 48
5 49
0
Yes
45 0
45 1
45 2
46 0
46 1
46 2
47 0
47 1
47 2
48 0
48 1
48 2
49 0
49 1
49 2
0
Yes
20 0
20 1
20 2
20 3
20 4
20 5
20 6
21 0
21 1
21 2
21 3
21 4
21 5
21 6
22 0
22 1
22 2
22 3
22 4
22 5
22 6
23 0
23 1
23 2
23 3
23 4
23 5
23 6
24 0
24 1
24 2
24 3
24 4
24 5
24 6
25 0
25 1
25 2
25 3
25 4
25 5
25 6
26 0
26 1
26 2
26 3
26 4
26 5
26 6
27 0
27 1
27 2
27 3
27 4
27 5
27 6
28 0
28 1
28 2
28 3
28 4
28 5
28 6
0
Yes
0 6
0 7
0 8
0 9
1 6
1 7
1 8
1 9
0
Yes
10 0
10 1
10 2
10 3
10 4
10 5
10 6
10 7
10 8
10 9
10 10
10 11
10 12
11 0
11 1
11 2
11 3
11 4
11 5
11 6
11 7
11 8
11 9
11 10
11 11
11 12
12 0
12 1
12 2
12 3
12 4
12 5
12 6
12 7
12 8
12 9
12 10
12 11
12 12
13 0
13 1
13 2
13 3
13 4
13 5
13 6
13 7
13 8
13 9
13 10
13 11
13 12
14 0
14 1
14 2
14 3
14 4
14 5
14 6
14 7
14 8
14 9
14 10
14 11
14 12
15 0
15 1
15 2
15 3
15 4
15 5
15 6
15 7
15 8
15 9
15 10
15 11
15 12
16 0
16 1
16 2
16 3
16 4
16 5
16 6
16 7
16 8
16 9
16 10
16 11
16 12
17 0
17 1
17 2
17 3
17 4
17 5
17 6
17 7
17 8
17 9
17 10
17 11
17 12
18 0
18 1
18 2
18 3
18 4
18 5
18 6
18 7
18 8
18 9
18 10
18 11
18 12
19 0
19 1
19 2
19 3
19 4
19 5
19 6
0
Yes
36 44
36 45
36 46
36 47
36 48
36 49
37 44
37 45
37 46
37 47
37 48
37 49
38 44
38 45
38 46
38 47
38 48
38 49
39 44
39 45
39 46
39 47
39 48
39 49
40 44
40 45
40 46
40 47
40 48
40 49
41 44
41 45
41 46
41 47
41 48
41 49
42 44
42 45
42 46
0
Yes
6 43
6 44
6 45
7 43
7 44
7 45
8 43
8 44
8 45
9 43
0
Yes
20 0
20 1
20 2
20 3
20 4
20 5
20 6
20 7
20 8
20 9
20 10
20 11
20 12
20 13
21 0
21 1
21 2
21 3
21 4
21 5
21 6
21 7
21 8
21 9
21 10
21 11
21 12
21 13
22 0
22 1
22 2
22 3
22 4
22 5
22 6
22 7
22 8
22 9
22 10
22 11
22 12
22 13
23 0
23 1
23 2
23 3
23 4
23 5
23 6
23 7
23 8
23 9
23 10
23 11
23 12
23 13
24 0
24 1
24 2
24 3
24 4
24 5
24 6
24 7
24 8
24 9
24 10
24 11
24 12
24 13
25 0
25 1
25 2
25 3
25 4
25 5
25 6
25 7
25 8
25 9
25 10
25 11
25 12
25 13
26 0
26 1
26 2
26 3
26 4
26 5
26 6
26 7
26 8
26 9
26 10
26 11
26 12
26 13
27 0
27 1
27 2
27 3
27 4
27 5
27 6
27 7
27 8
27 9
27 10
27 11
27 12
27 13
28 0
28 1
28 2
28 3
28 4
28 5
28 6
28 7
28 8
28 9
28 10
28 11
28 12
28 13
0
Yes
10 13
10 14
10 15
10 16
10 17
10 18
11 13
11 14
11 15
11 16
11 17
11 18
12 13
12 14
12 15
12 16
12 17
12 18
13 13
13 14
13 15
13 16
13 17
13 18
14 13
14 14
14 15
14 16
14 17
14 18
15 13
15 14
15 15
15 16
15 17
15 18
16 13
16 14
16 15
16 16
16 17
16 18
17 13
17 14
17 15
17 16
17 17
17 18
18 13
18 14
18 15
18 16
18 17
18 18
0
Yes
31 45
31 46
31 47
31 48
31 49
32 45
32 46
32 47
32 48
32 49
33 45
33 46
33 47
33 48
33 49
34 45
34 46
34 47
34 48
34 49
35 45
35 46
35 47
35 48
35 49
0
Yes
9 38
9 39
9 40
9 41
9 42
10 38
10 39
10 40
10 41
10 42
11 38
11 39
11 40
11 41
11 42
12 38
12 39
12 40
12 41
12 42
0
Yes
45 47
45 48
45 49
46 47
46 48
46 49
47 47
47 48
47 49
48 47
48 48
48 49
49 47
49 48
0
Yes
0 10
0 11
0 12
0 13
0 14
0 15
0 16
0 17
0 18
0 19
0 20
0 21
0 22
1 10
1 11
1 12
1 13
1 14
1 15
1 16
1 17
1 18
1 19
1 20
1 21
1 22
2 10
2 11
2 12
2 13
2 14
2 15
2 16
2 17
2 18
2 19
2 20
2 21
2 22
3 10
3 11
3 12
3 13
3 14
3 15
3 16
3 17
3 18
3 19
3 20
3 21
3 22
4 10
4 11
4 12
4 13
4 14
4 15
4 16
4 17
4 18
4 19
4 20
4 21
4 22
5 10
5 11
5 12
5 13
5 14
5 15
5 16
5 17
5 18
5 19
5 20
5 21
5 22
6 10
6 11
6 12
6 13
6 14
6 15
6 16
6 17
6 18
6 19
6 20
6 21
6 22
7 10
7 11
7 12
7 13
7 14
7 15
7 16
7 17
7 18
7 19
7 20
7 21
7 22
8 10
8 11
8 12
8 13
8 14
8 15
8 16
8 17
8 18
8 19
8 20
8 21
8 22
9 10
9 11
9 12
9 13
9 14
0
Yes
7 48
7 49
6 48
6 49
6 47
0
Yes
25 40
25 41
26 40
26 41
0
Yes
42 47
42 48
42 49
43 47
43 48
43 49
44 47
44 48
44 49
0
Yes
29 6
29 7
29 8
29 9
29 10
29 11
29 12
29 13
30 6
30 7
30 8
30 9
30 10
30 11
30 12
30 13
31 6
31 7
31 8
31 9
31 10
31 11
31 12
31 13
32 6
32 7
32 8
32 9
32 10
32 11
32 12
32 13
33 6
33 7
33 8
33 9
33 10
33 11
33 12
33 13
34 6
34 7
34 8
34 9
34 10
34 11
34 12
34 13
35 6
35 7
35 8
35 9
35 10
35 11
35 12
35 13
36 6
36 7
36 8
36 9
36 10
36 11
36 12
36 13
0
Yes
37 6
37 7
37 8
37 9
37 10
38 6
38 7
38 8
38 9
38 10
39 6
39 7
39 8
0
Yes
8 0
8 1
8 2
8 3
8 4
9 0
9 1
9 2
9 3
9 4
10 0
10 1
10 2
10 3
10 4
11 0
11 1
11 2
11 3
11 4
12 0
12 1
12 2
12 3
12 4
13 0
13 1
13 2
13 3
13 4
14 0
14 1
14 2
14 3
14 4
15 0
15 1
15 2
15 3
15 4
0
No
0
Yes
0 34
0 35
0 36
0 37
0 38
0 39
0 40
0 41
0 42
1 34
1 35
1 36
1 37
1 38
1 39
1 40
1 41
1 42
2 34
2 35
2 36
2 37
2 38
2 39
2 40
2 41
2 42
3 34
3 35
3 36
3 37
3 38
3 39
3 40
3 41
3 42
4 34
4 35
4 36
4 37
4 38
4 39
4 40
4 41
4 42
5 34
5 35
5 36
5 37
5 38
5 39
5 40
5 41
0
Yes
13 40
13 41
13 42
13 43
13 44
13 45
13 46
13 47
13 48
13 49
14 40
14 41
14 42
14 43
14 44
14 45
14 46
14 47
14 48
14 49
15 40
15 41
15 42
15 43
15 44
15 45
15 46
15 47
15 48
15 49
16 40
16 41
16 42
16 43
16 44
16 45
16 46
16 47
16 48
16 49
17 40
17 41
17 42
17 43
17 44
17 45
17 46
17 47
17 48
17 49
18 40
18 41
18 42
18 43
18 44
18 45
18 46
18 47
18 48
18 49
19 40
19 41
19 42
19 43
19 44
19 45
19 46
19 47
19 48
19 49
20 40
20 41
20 42
20 43
20 44
20 45
20 46
20 47
20 48
20 49
21 40
21 41
21 42
0
No
0
Yes
11 5
11 6
11 7
11 8
11 9
11 10
11 11
11 12
11 13
11 14
11 15
11 16
12 5
12 6
12 7
12 8
12 9
12 10
12 11
12 12
12 13
12 14
12 15
12 16
13 5
13 6
13 7
13 8
13 9
13 10
13 11
13 12
13 13
13 14
13 15
13 16
14 5
14 6
14 7
14 8
14 9
14 10
14 11
14 12
14 13
14 14
14 15
14 16
15 5
15 6
15 7
15 8
15 9
15 10
15 11
15 12
15 13
15 14
15 15
15 16
16 5
16 6
16 7
16 8
16 9
16 10
16 11
16 12
16 13
16 14
16 15
16 16
17 5
17 6
17 7
17 8
17 9
17 10
17 11
17 12
17 13
17 14
17 15
17 16
18 5
18 6
18 7
18 8
18 9
18 10
18 11
18 12
18 13
18 14
18 15
18 16
19 5
19 6
19 7
19 8
19 9
19 10
19 11
19 12
19 13
19 14
19 15
19 16
0
Yes
9 17
9 18
9 19
9 20
9 21
9 22
9 23
9 24
9 25
9 26
9 27
10 17
10 18
10 19
10 20
10 21
10 22
10 23
10 24
10 25
10 26
10 27
11 17
11 18
11 19
11 20
11 21
11 22
11 23
11 24
11 25
11 26
11 27
12 17
12 18
12 19
12 20
12 21
12 22
12 23
12 24
12 25
12 26
12 27
13 17
13 18
13 19
13 20
13 21
13 22
13 23
13 24
13 25
13 26
13 27
14 17
14 18
14 19
14 20
14 21
14 22
14 23
14 24
14 25
14 26
14 27
15 17
15 18
15 19
15 20
15 21
15 22
15 23
15 24
15 25
15 26
15 27
16 17
16 18
16 19
16 20
16 21
16 22
16 23
16 24
16 25
16 26
16 27
17 17
17 18
17 19
17 20
17 21
17 22
17 23
17 24
17 25
17 26
17 27
18 17
18 18
18 19
18 20
18 21
18 22
18 23
18 24
18 25
18 26
18 27
19 17
19 18
19 19
19 20
19 21
19 22
19 23
19 24
19 25
19 26
19 27
20 17
20 18
0
No
0
Yes
16 0
16 1
17 0
17 1
18 0
18 1
19 0
19 1
0
Yes
26 14
26 15
26 16
26 17
26 18
26 19
26 20
26 21
27 14
27 15
27 16
27 17
27 18
27 19
27 20
27 21
28 14
28 15
28 16
28 17
28 18
28 19
28 20
28 21
29 14
29 15
29 16
29 17
29 18
29 19
29 20
29 21
30 14
30 15
30 16
30 17
30 18
30 19
30 20
30 21
31 14
31 15
31 16
31 17
31 18
31 19
31 20
31 21
32 14
32 15
32 16
32 17
32 18
32 19
32 20
32 21
33 14
33 15
33 16
33 17
33 18
33 19
33 20
33 21
34 14
34 15
34 16
34 17
34 18
34 19
34 20
34 21
35 14
35 15
35 16
35 17
35 18
35 19
0
Yes
6 35
6 36
6 37
6 38
6 39
6 40
6 41
6 42
7 35
7 36
7 37
7 38
7 39
7 40
7 41
7 42
8 35
8 36
8 37
8 38
8 39
8 40
8 41
8 42
9 35
9 36
9 37
9 38
9 39
9 40
9 41
9 42
10 35
10 36
10 37
10 38
10 39
0
No
0
No
0
Yes
13 28
13 29
13 30
13 31
13 32
13 33
13 34
14 28
14 29
14 30
14 31
14 32
14 33
14 34
15 28
15 29
15 30
15 31
15 32
15 33
15 34
16 28
16 29
16 30
16 31
16 32
16 33
16 34
17 28
17 29
17 30
17 31
17 32
17 33
17 34
18 28
18 29
18 30
18 31
18 32
18 33
18 34
19 28
19 29
19 30
19 31
0
Yes
28 34
28 35
28 36
28 37
28 38
28 39
28 40
28 41
28 42
29 34
29 35
29 36
29 37
29 38
29 39
29 40
29 41
29 42
30 34
30 35
30 36
30 37
30 38
30 39
30 40
30 41
30 42
31 34
31 35
31 36
31 37
31 38
31 39
31 40
31 41
31 42
32 34
32 35
32 36
32 37
32 38
32 39
32 40
32 41
32 42
33 34
33 35
33 36
33 37
33 38
33 39
33 40
33 41
33 42
34 34
34 35
34 36
34 37
34 38
34 39
34 40
34 41
34 42
35 34
35 35
35 36
35 37
35 38
35 39
35 40
35 41
35 42
36 34
36 35
36 36
36 37
36 38
36 39
36 40
36 41
36 42
37 34
37 35
37 36
37 37
37 38
37 39
37 40
37 41
37 42
0
Yes
4 19
4 20
4 21
4 22
4 23
4 24
4 25
4 26
5 19
5 20
5 21
5 22
5 23
5 24
5 25
5 26
6 19
6 20
6 21
6 22
6 23
6 24
6 25
6 26
7 19
7 20
7 21
7 22
7 23
7 24
7 25
7 26
8 19
8 20
8 21
8 22
8 23
8 24
8 25
8 26
0
No
0
No
0
No
0
No
0
Yes
1 31
0 31
1 30
1 32
0 30
0 32
0 29
0
No
0
Yes
39 0
39 1
39 2
39 3
40 0
40 1
40 2
40 3
41 0
41 1
41 2
41 3
42 0
42 1
42 2
42 3
43 0
43 1
43 2
43 3
44 0
44 1
44 2
0
Yes
29 0
29 1
29 2
29 3
29 4
29 5
29 6
30 0
30 1
30 2
30 3
30 4
30 5
30 6
31 0
31 1
31 2
31 3
31 4
31 5
31 6
32 0
32 1
32 2
32 3
32 4
32 5
32 6
33 0
33 1
33 2
33 3
33 4
33 5
33 6
34 0
34 1
34 2
34 3
34 4
34 5
34 6
35 0
35 1
35 2
35 3
35 4
35 5
35 6
36 0
36 1
36 2
36 3
36 4
36 5
36 6
37 0
37 1
37 2
37 3
37 4
0
Yes
39 10
39 11
39 12
39 13
39 14
39 15
39 16
40 10
40 11
40 12
40 13
40 14
40 15
40 16
41 10
41 11
41 12
41 13
41 14
41 15
41 16
42 10
42 11
42 12
42 13
42 14
42 15
42 16
43 10
43 11
43 12
43 13
43 14
43 15
43 16
44 10
44 11
44 12
44 13
44 14
44 15
44 16
0
No
0
No
0
Yes
0 17
0 18
0 19
0 20
0 21
0 22
1 17
1 18
1 19
1 20
1 21
1 22
2 17
2 18
2 19
2 20
2 21
2 22
3 17
3 18
3 19
3 20
3 21
3 22
0
No
0
No
0
Yes
29 0
29 1
29 2
29 3
29 4
29 5
30 0
30 1
30 2
30 3
30 4
30 5
31 0
31 1
31 2
31 3
31 4
31 5
32 0
32 1
32 2
32 3
32 4
32 5
33 0
33 1
33 2
33 3
33 4
33 5
34 0
34 1
34 2
34 3
34 4
34 5
35 0
35 1
35 2
35 3
35 4
35 5
36 0
36 1
36 2
36 3
0
Yes
0 45
0 46
0 47
0 48
0 49
1 45
1 46
1 47
1 48
1 49
2 45
2 46
2 47
2 48
0
Yes
0 25
0 26
0 27
0 28
1 25
1 26
1 27
1 28
2 25
2 26
2 27
2 28
3 25
3 26
3 27
0
Yes
29 0
29 1
29 2
30 0
30 1
30 2
31 0
31 1
31 2
32 0
32 1
32 2
33 0
33 1
33 2
34 0
34 1
34 2
0
Yes
0 7
0 8
0 9
0 10
0 11
1 7
1 8
1 9
1 10
1 11
2 7
2 8
2 9
0
Yes
41 17
41 18
41 19
41 20
41 21
41 22
41 23
41 24
41 25
41 26
41 27
41 28
41 29
42 17
42 18
42 19
42 20
42 21
42 22
42 23
42 24
42 25
42 26
42 27
42 28
42 29
43 17
43 18
43 19
43 20
43 21
43 22
43 23
43 24
43 25
43 26
43 27
43 28
43 29
44 17
44 18
44 19
44 20
44 21
44 22
44 23
44 24
44 25
44 26
44 27
44 28
44 29
45 17
45 18
45 19
45 20
45 21
45 22
45 23
45 24
45 25
45 26
45 27
45 28
45 29
46 17
46 18
46 19
46 20
46 21
46 22
46 23
46 24
46 25
46 26
46 27
46 28
46 29
47 17
47 18
47 19
47 20
47 21
47 22
47 23
47 24
47 25
47 26
47 27
47 28
47 29
48 17
48 18
48 19
48 20
48 21
48 22
48 23
48 24
48 25
48 26
48 27
48 28
48 29
49 17
49 18
49 19
49 20
49 21
49 22
49 23
49 24
49 25
0
No
0
Yes
28 27
28 28
28 29
28 30
28 31
28 32
28 33
29 27
29 28
29 29
29 30
29 31
29 32
29 33
30 27
30 28
30 29
30 30
30 31
30 32
30 33
31 27
31 28
31 29
31 30
31 31
31 32
31 33
32 27
32 28
32 29
32 30
32 31
32 32
32 33
33 27
33 28
33 29
33 30
33 31
33 32
33 33
34 27
34 28
34 29
34 30
34 31
34 32
34 33
35 27
35 28
35 29
35 30
35 31
35 32
35 33
36 27
36 28
36 29
36 30
36 31
36 32
36 33
37 27
37 28
37 29
37 30
37 31
37 32
37 33
38 27
38 28
38 29
0
Yes
29 3
29 4
29 5
29 6
29 7
29 8
30 3
30 4
30 5
30 6
30 7
30 8
31 3
31 4
31 5
31 6
31 7
31 8
32 3
32 4
32 5
32 6
32 7
32 8
33 3
33 4
33 5
33 6
33 7
33 8
0
No
0
No
0
No
0
No
0
Yes
41 28
41 29
41 30
41 31
41 32
41 33
41 34
41 35
41 36
41 37
41 38
41 39
41 40
41 41
42 28
42 29
42 30
42 31
42 32
42 33
42 34
42 35
42 36
42 37
42 38
42 39
42 40
42 41
43 28
43 29
43 30
43 31
43 32
43 33
43 34
43 35
43 36
43 37
43 38
43 39
43 40
43 41
44 28
44 29
44 30
44 31
44 32
44 33
44 34
44 35
44 36
44 37
44 38
44 39
44 40
44 41
45 28
45 29
45 30
45 31
45 32
45 33
45 34
45 35
45 36
45 37
45 38
45 39
45 40
45 41
46 28
46 29
46 30
46 31
46 32
46 33
46 34
46 35
46 36
46 37
46 38
46 39
46 40
46 41
47 28
47 29
47 30
47 31
47 32
47 33
47 34
47 35
47 36
47 37
47 38
47 39
47 40
47 41
48 28
48 29
48 30
48 31
48 32
48 33
48 34
48 35
48 36
48 37
48 38
48 39
48 40
48 41
49 28
49 29
49 30
49 31
49 32
49 33
49 34
49 35
49 36
49 37
0
Yes
29 9
29 10
29 11
29 12
29 13
29 14
30 9
30 10
30 11
30 12
30 13
30 14
31 9
31 10
31 11
31 12
31 13
31 14
32 9
32 10
32 11
32 12
32 13
32 14
33 9
33 10
33 11
33 12
33 13
33 14
0
Yes
39 16
39 17
39 18
39 19
39 20
39 21
39 22
39 23
39 24
39 25
39 26
39 27
40 16
40 17
40 18
40 19
40 20
40 21
40 22
40 23
40 24
40 25
40 26
40 27
41 16
41 17
41 18
41 19
41 20
41 21
41 22
41 23
41 24
41 25
41 26
41 27
42 16
42 17
42 18
42 19
42 20
42 21
42 22
42 23
42 24
42 25
42 26
42 27
43 16
43 17
43 18
43 19
43 20
43 21
43 22
43 23
43 24
43 25
43 26
43 27
44 16
44 17
44 18
44 19
44 20
44 21
44 22
44 23
44 24
44 25
44 26
44 27
45 16
45 17
45 18
45 19
45 20
45 21
45 22
45 23
45 24
45 25
45 26
45 27
46 16
46 17
46 18
46 19
46 20
46 21
46 22
46 23
46 24
46 25
46 26
46 27
47 16
47 17
47 18
47 19
47 20
47 21
47 22
47 23
47 24
47 25
47 26
47 27
48 16
48 17
48 18
48 19
48 20
48 21
48 22
48 23
48 24
48 25
48 26
48 27
49 16
49 17
49 18
49 19
49 20
49 21
49 22
49 23
49 24
49 25
49 26
0
Yes
20 14
20 15
20 16
21 14
21 15
21 16
0
No
0
Yes
32 16
32 17
32 18
32 19
32 20
32 21
32 22
32 23
32 24
32 25
32 26
33 16
33 17
33 18
33 19
33 20
33 21
33 22
33 23
33 24
33 25
33 26
34 16
34 17
34 18
34 19
34 20
34 21
34 22
34 23
34 24
34 25
34 26
35 16
35 17
35 18
35 19
35 20
35 21
35 22
35 23
35 24
35 25
35 26
36 16
36 17
36 18
36 19
36 20
36 21
36 22
36 23
36 24
36 25
36 26
37 16
37 17
37 18
37 19
37 20
37 21
37 22
37 23
37 24
37 25
37 26
38 16
38 17
38 18
38 19
38 20
38 21
38 22
38 23
38 24
0
Yes
0 33
0 34
0 35
0 36
0 37
0 38
0 39
1 33
1 34
1 35
1 36
1 37
1 38
1 39
2 33
2 34
2 35
2 36
2 37
2 38
2 39
3 33
3 34
3 35
3 36
3 37
3 38
3 39
4 33
4 34
4 35
4 36
4 37
0
Yes
27 0
27 1
27 2
27 3
27 4
27 5
27 6
27 7
27 8
27 9
27 10
28 0
28 1
28 2
28 3
28 4
28 5
28 6
28 7
28 8
28 9
28 10
29 0
29 1
29 2
29 3
29 4
29 5
29 6
29 7
29 8
29 9
29 10
30 0
30 1
30 2
30 3
30 4
30 5
30 6
30 7
30 8
30 9
30 10
31 0
31 1
31 2
31 3
31 4
31 5
31 6
31 7
31 8
31 9
31 10
32 0
32 1
32 2
32 3
32 4
32 5
32 6
32 7
32 8
32 9
32 10
33 0
33 1
33 2
33 3
33 4
33 5
33 6
33 7
33 8
33 9
33 10
34 0
34 1
34 2
34 3
34 4
34 5
34 6
34 7
34 8
34 9
34 10
35 0
35 1
35 2
35 3
35 4
35 5
35 6
35 7
35 8
35 9
35 10
36 0
36 1
36 2
36 3
36 4
36 5
36 6
36 7
36 8
36 9
36 10
37 0
37 1
37 2
37 3
37 4
37 5
37 6
37 7
37 8
37 9
37 10
38 0
38 1
38 2
38 3
38 4
38 5
38 6
0
Yes
30 11
30 12
30 13
30 14
30 15
31 11
31 12
31 13
31 14
31 15
32 11
32 12
32 13
32 14
32 15
33 11
33 12
33 13
33 14
33 15
34 11
34 12
34 13
34 14
34 15
35 11
35 12
35 13
35 14
35 15
36 11
36 12
36 13
36 14
0
Yes
6 5
6 6
6 7
6 8
6 9
6 10
6 11
6 12
6 13
7 5
7 6
7 7
7 8
7 9
7 10
7 11
7 12
7 13
8 5
8 6
8 7
8 8
8 9
8 10
8 11
8 12
8 13
9 5
9 6
9 7
9 8
9 9
9 10
9 11
9 12
9 13
10 5
10 6
10 7
10 8
10 9
10 10
10 11
10 12
10 13
11 5
11 6
11 7
11 8
11 9
11 10
11 11
11 12
11 13
12 5
12 6
12 7
12 8
12 9
12 10
12 11
12 12
12 13
13 5
13 6
13 7
13 8
13 9
13 10
13 11
13 12
13 13
14 5
14 6
14 7
14 8
14 9
14 10
14 11
14 12
14 13
15 5
15 6
15 7
15 8
15 9
15 10
15 11
15 12
15 13
0
No
0
Yes
16 2
16 3
16 4
16 5
16 6
16 7
16 8
16 9
16 10
16 11
16 12
16 13
17 2
17 3
17 4
17 5
17 6
17 7
17 8
17 9
17 10
17 11
17 12
17 13
18 2
18 3
18 4
18 5
18 6
18 7
18 8
18 9
18 10
18 11
18 12
18 13
19 2
19 3
19 4
19 5
19 6
19 7
19 8
19 9
19 10
19 11
19 12
19 13
20 2
20 3
20 4
20 5
20 6
20 7
20 8
20 9
20 10
20 11
20 12
20 13
21 2
21 3
21 4
21 5
21 6
21 7
21 8
21 9
21 10
21 11
21 12
21 13
22 2
22 3
22 4
22 5
22 6
22 7
22 8
22 9
22 10
22 11
22 12
22 13
23 2
23 3
23 4
23 5
23 6
23 7
23 8
23 9
23 10
23 11
23 12
23 13
24 2
24 3
24 4
24 5
24 6
24 7
24 8
24 9
24 10
24 11
24 12
24 13
25 2
25 3
25 4
25 5
25 6
25 7
25 8
25 9
25 10
25 11
25 12
25 13
26 2
26 3
26 4
26 5
26 6
26 7
26 8
26 9
26 10
0
Yes
7 31
7 32
7 33
7 34
7 35
7 36
7 37
7 38
7 39
8 31
8 32
8 33
8 34
8 35
8 36
8 37
8 38
8 39
9 31
9 32
9 33
9 34
9 35
9 36
9 37
9 38
9 39
10 31
10 32
10 33
10 34
10 35
10 36
10 37
10 38
10 39
11 31
11 32
11 33
11 34
11 35
11 36
11 37
11 38
11 39
12 31
12 32
12 33
12 34
12 35
12 36
12 37
12 38
12 39
13 31
13 32
13 33
13 34
13 35
13 36
13 37
13 38
13 39
14 31
14 32
14 33
14 34
14 35
14 36
14 37
14 38
14 39
15 31
15 32
15 33
15 34
15 35
15 36
15 37
15 38
15 39
0
No
0
No
0
Yes
25 16
25 17
25 18
25 19
25 20
25 21
25 22
25 23
25 24
25 25
25 26
26 16
26 17
26 18
26 19
26 20
26 21
26 22
26 23
26 24
26 25
26 26
27 16
27 17
27 18
27 19
27 20
27 21
27 22
27 23
27 24
27 25
27 26
28 16
28 17
28 18
28 19
28 20
28 21
28 22
28 23
28 24
28 25
28 26
29 16
29 17
29 18
29 19
29 20
29 21
29 22
29 23
29 24
29 25
29 26
30 16
30 17
30 18
30 19
30 20
30 21
30 22
30 23
30 24
30 25
30 26
31 16
31 17
31 18
31 19
31 20
31 21
31 22
31 23
31 24
31 25
31 26
0
No
0
Yes
0 0
0 1
0 2
0 3
1 0
1 1
1 2
1 3
2 0
2 1
2 2
2 3
3 0
0
Yes
15 14
15 15
15 16
15 17
15 18
15 19
15 20
15 21
15 22
15 23
15 24
16 14
16 15
16 16
16 17
16 18
16 19
16 20
16 21
16 22
16 23
16 24
17 14
17 15
17 16
17 17
17 18
17 19
17 20
17 21
17 22
17 23
17 24
18 14
18 15
18 16
18 17
18 18
18 19
18 20
18 21
18 22
18 23
18 24
19 14
19 15
19 16
19 17
19 18
19 19
19 20
19 21
19 22
19 23
19 24
20 14
20 15
20 16
20 17
20 18
20 19
20 20
20 21
20 22
20 23
20 24
21 14
21 15
21 16
21 17
21 18
21 19
21 20
21 21
21 22
21 23
21 24
22 14
22 15
22 16
22 17
22 18
22 19
22 20
22 21
22 22
22 23
22 24
23 14
23 15
23 16
23 17
23 18
23 19
23 20
23 21
23 22
23 23
23 24
24 14
24 15
24 16
24 17
24 18
24 19
24 20
24 21
24 22
24 23
24 24
25 14
0
Yes
19 25
18 25
18 26
19 26
18 27
19 27
20 27
20 26
20 25
17 27
17 26
17 25
21 25
21 26
21 27
20 28
19 28
18 28
17 28
21 28
16 25
16 26
16 27
16 28
22 26
22 27
22 25
22 28
19 29
18 29
20 29
17 29
21 29
16 29
22 29
15 26
15 27
15 28
15 25
15 29
23 25
23 26
23 27
23 28
23 29
18 30
19 30
20 30
17 30
21 30
16 30
22 30
15 30
23 30
14 25
14 26
14 27
14 28
14 29
14 30
24 30
19 31
18 31
20 31
21 31
22 31
17 31
16 31
23 31
24 31
18 32
19 32
20 32
21 32
22 32
17 32
23 32
16 32
24 32
25 32
25 31
25 30
25 29
24 29
24 28
24 27
25 28
25 27
24 26
24 25
19 33
18 33
20 33
21 33
22 33
23 33
17 33
24 33
16 33
25 33
26 33
26 32
26 31
26 30
26 29
26 28
26 27
18 34
17 34
16 34
20 34
21 34
22 34
23 34
24 34
25 34
26 34
27 34
27 33
27 32
27 31
27 30
27 29
27 28
27 27
22 35
0
No
0
No
0
No
0
No
0
No
0
Yes
16 0
16 1
16 2
16 3
16 4
17 0
17 1
17 2
17 3
17 4
18 0
18 1
18 2
18 3
18 4
19 0
19 1
19 2
19 3
19 4
20 0
20 1
20 2
20 3
20 4
21 0
21 1
21 2
21 3
21 4
22 0
22 1
22 2
22 3
22 4
23 0
23 1
23 2
23 3
0
Yes
43 42
43 43
43 44
43 45
43 46
43 47
43 48
43 49
44 42
44 43
44 44
44 45
44 46
44 47
44 48
44 49
45 42
45 43
45 44
45 45
45 46
45 47
45 48
45 49
46 42
46 43
46 44
46 45
46 46
46 47
46 48
46 49
47 42
47 43
47 44
47 45
47 46
47 47
47 48
47 49
48 42
48 43
48 44
48 45
48 46
48 47
48 48
48 49
49 42
49 43
49 44
49 45
49 46
49 47
49 48
49 49
0
No
0
Yes
41 14
41 15
41 16
41 17
41 18
41 19
41 20
41 21
41 22
41 23
41 24
41 25
41 26
41 27
42 14
42 15
42 16
42 17
42 18
42 19
42 20
42 21
42 22
42 23
42 24
42 25
42 26
42 27
43 14
43 15
43 16
43 17
43 18
43 19
43 20
43 21
43 22
43 23
43 24
43 25
43 26
43 27
44 14
44 15
44 16
44 17
44 18
44 19
44 20
44 21
44 22
44 23
44 24
44 25
44 26
44 27
45 14
45 15
45 16
45 17
45 18
45 19
45 20
45 21
45 22
45 23
45 24
45 25
45 26
45 27
46 14
46 15
46 16
46 17
46 18
46 19
46 20
46 21
46 22
46 23
46 24
46 25
46 26
46 27
47 14
47 15
47 16
47 17
47 18
47 19
47 20
47 21
47 22
47 23
47 24
47 25
47 26
47 27
48 14
48 15
48 16
48 17
48 18
48 19
48 20
48 21
48 22
48 23
48 24
48 25
48 26
48 27
49 14
49 15
49 16
49 17
49 18
49 19
49 20
49 21
49 22
49 23
49 24
49 25
49 26
49 27
0
Yes
48 11
49 11
48 10
49 10
47 10
0
No
0
Yes
29 43
29 44
29 45
29 46
29 47
29 48
29 49
30 43
30 44
30 45
30 46
30 47
30 48
30 49
31 43
31 44
31 45
31 46
31 47
31 48
31 49
32 43
32 44
32 45
32 46
32 47
32 48
32 49
33 43
33 44
33 45
33 46
33 47
33 48
33 49
34 43
34 44
34 45
34 46
34 47
34 48
34 49
35 43
35 44
35 45
35 46
35 47
35 48
35 49
36 43
36 44
36 45
36 46
36 47
36 48
36 49
37 43
37 44
37 45
37 46
37 47
37 48
37 49
38 43
38 44
38 45
38 46
38 47
38 48
38 49
0
Yes
16 5
16 6
16 7
16 8
16 9
16 10
16 11
16 12
16 13
17 5
17 6
17 7
17 8
17 9
17 10
17 11
17 12
17 13
18 5
18 6
18 7
18 8
18 9
18 10
18 11
18 12
18 13
19 5
19 6
19 7
19 8
19 9
19 10
19 11
19 12
19 13
20 5
20 6
20 7
20 8
20 9
20 10
20 11
20 12
20 13
21 5
21 6
21 7
21 8
21 9
21 10
21 11
21 12
21 13
22 5
22 6
22 7
22 8
22 9
22 10
0
Yes
0 16
0 17
0 18
0 19
0 20
0 21
0 22
0 23
0 24
0 25
0 26
1 16
1 17
1 18
1 19
1 20
1 21
1 22
1 23
1 24
1 25
1 26
2 16
2 17
2 18
2 19
2 20
2 21
2 22
2 23
2 24
2 25
2 26
3 16
3 17
3 18
3 19
3 20
3 21
3 22
3 23
3 24
3 25
3 26
4 16
4 17
4 18
4 19
4 20
4 21
4 22
4 23
4 24
4 25
4 26
5 16
5 17
5 18
5 19
5 20
5 21
5 22
5 23
5 24
5 25
5 26
6 16
6 17
6 18
6 19
6 20
6 21
6 22
6 23
6 24
6 25
6 26
7 16
7 17
7 18
7 19
7 20
7 21
7 22
7 23
7 24
7 25
7 26
8 16
8 17
8 18
8 19
8 20
8 21
8 22
8 23
8 24
8 25
8 26
9 16
9 17
9 18
9 19
0
Yes
45 0
45 1
45 2
45 3
46 0
46 1
46 2
46 3
47 0
47 1
47 2
47 3
48 0
48 1
48 2
48 3
49 0
49 1
49 2
49 3
0
Yes
33 0
33 1
33 2
33 3
33 4
33 5
33 6
33 7
33 8
34 0
34 1
34 2
34 3
34 4
34 5
34 6
34 7
34 8
35 0
35 1
35 2
35 3
35 4
35 5
35 6
35 7
35 8
36 0
36 1
36 2
36 3
36 4
36 5
36 6
36 7
36 8
37 0
37 1
37 2
37 3
37 4
37 5
37 6
37 7
37 8
38 0
38 1
38 2
38 3
38 4
38 5
38 6
38 7
38 8
39 0
39 1
39 2
39 3
39 4
39 5
39 6
39 7
39 8
40 0
40 1
40 2
40 3
40 4
40 5
40 6
40 7
40 8
41 0
41 1
41 2
41 3
41 4
41 5
41 6
41 7
41 8
42 0
42 1
42 2
42 3
42 4
42 5
42 6
42 7
42 8
43 0
43 1
43 2
43 3
43 4
43 5
43 6
43 7
43 8
44 0
44 1
44 2
44 3
0
No
0
No
0
No
0
Yes
25 0
25 1
25 2
25 3
25 4
25 5
25 6
26 0
26 1
26 2
26 3
26 4
26 5
26 6
27 0
27 1
27 2
27 3
27 4
27 5
27 6
28 0
28 1
28 2
28 3
28 4
28 5
28 6
29 0
29 1
29 2
29 3
29 4
29 5
29 6
30 0
30 1
30 2
30 3
30 4
30 5
30 6
31 0
31 1
31 2
31 3
31 4
31 5
31 6
32 0
32 1
32 2
32 3
32 4
32 5
32 6
0
Yes
25 7
25 8
25 9
25 10
25 11
25 12
26 7
26 8
26 9
26 10
26 11
26 12
27 7
27 8
27 9
27 10
27 11
27 12
28 7
28 8
28 9
28 10
28 11
28 12
29 7
29 8
29 9
29 10
29 11
29 12
30 7
30 8
30 9
30 10
30 11
30 12
31 7
31 8
31 9
31 10
31 11
31 12
32 7
32 8
32 9
32 10
32 11
32 12
0
No
0
Yes
0 16
0 17
0 18
0 19
0 20
0 21
0 22
0 23
0 24
0 25
0 26
1 16
1 17
1 18
1 19
1 20
1 21
1 22
1 23
1 24
1 25
1 26
2 16
2 17
2 18
2 19
2 20
2 21
2 22
2 23
2 24
2 25
2 26
3 16
3 17
3 18
3 19
3 20
3 21
3 22
3 23
3 24
3 25
3 26
4 16
4 17
4 18
4 19
4 20
4 21
4 22
4 23
4 24
4 25
4 26
5 16
5 17
5 18
5 19
5 20
5 21
5 22
5 23
5 24
5 25
5 26
6 16
6 17
6 18
6 19
6 20
6 21
6 22
6 23
6 24
6 25
6 26
7 16
7 17
7 18
7 19
7 20
7 21
7 22
7 23
7 24
7 25
7 26
8 16
8 17
8 18
8 19
8 20
8 21
8 22
8 23
8 24
8 25
8 26
9 16
9 17
9 18
9 19
9 20
9 21
9 22
9 23
9 24
9 25
9 26
10 16
10 17
10 18
10 19
10 20
10 21
10 22
10 23
10 24
10 25
10 26
0
No
0
No
0
Yes
0 23
0 24
0 25
0 26
0 27
0 28
1 23
1 24
1 25
1 26
1 27
1 28
2 23
2 24
2 25
2 26
2 27
2 28
3 23
3 24
3 25
3 26
3 27
0
Yes
0 0
0 1
0 2
0 3
0 4
1 0
1 1
1 2
1 3
1 4
2 0
2 1
2 2
2 3
0
Yes
0 32
0 33
0 34
0 35
0 36
0 37
1 32
1 33
1 34
1 35
1 36
1 37
2 32
2 33
2 34
2 35
2 36
2 37
3 32
3 33
3 34
3 35
3 36
0
No
0
Yes
19 0
19 1
19 2
19 3
19 4
19 5
20 0
20 1
20 2
20 3
20 4
20 5
21 0
21 1
21 2
21 3
21 4
21 5
22 0
22 1
22 2
22 3
22 4
22 5
23 0
23 1
23 2
23 3
23 4
23 5
24 0
24 1
24 2
24 3
24 4
24 5
0
Yes
0 21
0 22
0 23
0 24
0 25
0 26
0 27
0 28
1 21
1 22
1 23
1 24
1 25
1 26
1 27
1 28
2 21
2 22
2 23
2 24
2 25
2 26
2 27
2 28
3 21
3 22
3 23
3 24
3 25
3 26
3 27
0
Yes
29 43
29 44
29 45
29 46
29 47
29 48
29 49
30 43
30 44
30 45
30 46
30 47
30 48
30 49
31 43
31 44
31 45
31 46
31 47
31 48
31 49
32 43
32 44
32 45
32 46
32 47
32 48
32 49
33 43
33 44
33 45
33 46
33 47
33 48
33 49
34 43
34 44
34 45
34 46
34 47
34 48
34 49
35 43
35 44
35 45
35 46
35 47
35 48
35 49
36 43
36 44
36 45
36 46
36 47
36 48
36 49
37 43
37 44
37 45
37 46
0
No
0
Yes
33 9
33 10
33 11
33 12
33 13
34 9
34 10
34 11
34 12
34 13
35 9
35 10
35 11
35 12
35 13
36 9
36 10
36 11
36 12
36 13
37 9
37 10
0
Yes
22 0
22 1
22 2
22 3
22 4
22 5
22 6
22 7
22 8
22 9
23 0
23 1
23 2
23 3
23 4
23 5
23 6
23 7
23 8
23 9
24 0
24 1
24 2
24 3
24 4
24 5
24 6
24 7
24 8
24 9
25 0
25 1
25 2
25 3
25 4
25 5
25 6
25 7
25 8
25 9
26 0
26 1
26 2
26 3
26 4
26 5
26 6
26 7
26 8
26 9
27 0
27 1
27 2
27 3
27 4
27 5
27 6
27 7
27 8
27 9
28 0
28 1
28 2
28 3
28 4
28 5
28 6
28 7
28 8
28 9
29 0
29 1
29 2
29 3
29 4
29 5
29 6
29 7
29 8
29 9
30 0
30 1
30 2
30 3
30 4
30 5
30 6
30 7
30 8
30 9
31 0
31 1
31 2
31 3
31 4
31 5
31 6
31 7
31 8
31 9
32 0
32 1
32 2
32 3
32 4
32 5
32 6
32 7
32 8
0
Yes
0 17
0 18
0 19
0 20
1 17
1 18
1 19
1 20
2 17
2 18
2 19
2 20
3 17
3 18
3 19
3 20
0
Yes
8 0
8 1
8 2
8 3
8 4
8 5
8 6
8 7
8 8
9 0
9 1
9 2
9 3
9 4
9 5
9 6
9 7
9 8
10 0
10 1
10 2
10 3
10 4
10 5
10 6
10 7
10 8
11 0
11 1
11 2
11 3
11 4
11 5
11 6
11 7
11 8
12 0
12 1
12 2
12 3
12 4
12 5
12 6
12 7
12 8
13 0
13 1
13 2
13 3
13 4
13 5
13 6
13 7
13 8
14 0
14 1
14 2
14 3
14 4
14 5
14 6
14 7
14 8
15 0
15 1
15 2
15 3
15 4
15 5
15 6
15 7
15 8
16 0
16 1
16 2
16 3
16 4
16 5
16 6
16 7
16 8
17 0
17 1
17 2
17 3
17 4
17 5
17 6
17 7
17 8
18 0
18 1
18 2
18 3
18 4
18 5
18 6
18 7
18 8
19 0
19 1
19 2
19 3
19 4
19 5
19 6
19 7
19 8
20 0
20 1
20 2
20 3
20 4
20 5
20 6
20 7
0
Yes
29 43
29 44
29 45
29 46
29 47
29 48
29 49
30 43
30 44
30 45
30 46
30 47
30 48
30 49
31 43
31 44
31 45
31 46
31 47
31 48
31 49
32 43
32 44
32 45
32 46
32 47
32 48
32 49
33 43
33 44
33 45
33 46
33 47
33 48
33 49
34 43
34 44
34 45
34 46
34 47
34 48
34 49
35 43
35 44
35 45
35 46
35 47
35 48
35 49
36 43
36 44
36 45
36 46
36 47
36 48
36 49
37 43
37 44
0
Yes
0 13
0 14
0 15
0 16
1 13
1 14
1 15
1 16
2 13
2 14
2 15
2 16
3 13
3 14
3 15
3 16
0
Yes
3 46
3 47
3 48
3 49
4 46
4 47
4 48
4 49
5 46
5 47
5 48
5 49
6 46
6 47
6 48
6 49
0
Yes
29 43
29 44
29 45
29 46
29 47
29 48
29 49
30 43
30 44
30 45
30 46
30 47
30 48
30 49
31 43
31 44
31 45
31 46
31 47
31 48
31 49
32 43
32 44
32 45
32 46
32 47
32 48
32 49
33 43
33 44
33 45
33 46
33 47
33 48
33 49
34 43
34 44
34 45
0
Yes
29 16
29 17
29 18
29 19
29 20
29 21
29 22
29 23
29 24
29 25
29 26
30 16
30 17
30 18
30 19
30 20
30 21
30 22
30 23
30 24
30 25
30 26
31 16
31 17
31 18
31 19
31 20
31 21
31 22
31 23
31 24
31 25
31 26
32 16
32 17
32 18
32 19
32 20
32 21
32 22
32 23
32 24
32 25
32 26
33 16
33 17
33 18
33 19
33 20
33 21
33 22
33 23
33 24
33 25
33 26
34 16
34 17
34 18
34 19
34 20
34 21
34 22
34 23
34 24
34 25
34 26
35 16
35 17
35 18
35 19
35 20
35 21
35 22
35 23
35 24
35 25
35 26
36 16
36 17
36 18
36 19
36 20
36 21
36 22
36 23
36 24
36 25
36 26
37 16
37 17
37 18
37 19
37 20
37 21
37 22
37 23
37 24
37 25
37 26
38 16
38 17
38 18
38 19
38 20
38 21
38 22
38 23
38 24
38 25
38 26
39 16
39 17
39 18
39 19
39 20
39 21
39 22
39 23
39 24
39 25
39 26
40 16
40 17
40 18
40 19
40 20
40 21
40 22
40 23
40 24
40 25
0
Yes
4 16
4 17
4 18
4 19
4 20
4 21
4 22
4 23
4 24
4 25
4 26
5 16
5 17
5 18
5 19
5 20
5 21
5 22
5 23
5 24
5 25
5 26
6 16
6 17
6 18
6 19
6 20
6 21
6 22
6 23
6 24
6 25
6 26
7 16
7 17
7 18
7 19
7 20
7 21
7 22
7 23
7 24
7 25
7 26
8 16
8 17
8 18
8 19
8 20
8 21
8 22
8 23
8 24
8 25
8 26
9 16
9 17
9 18
9 19
9 20
9 21
9 22
9 23
9 24
9 25
9 26
10 16
10 17
10 18
10 19
10 20
10 21
10 22
10 23
10 24
10 25
10 26
11 16
11 17
11 18
11 19
11 20
11 21
11 22
11 23
11 24
11 25
11 26
12 16
12 17
12 18
12 19
12 20
12 21
12 22
12 23
12 24
12 25
12 26
13 16
13 17
13 18
13 19
13 20
13 21
13 22
13 23
13 24
13 25
13 26
14 16
14 17
14 18
14 19
14 20
14 21
14 22
14 23
14 24
14 25
14 26
15 16
15 17
15 18
15 19
15 20
15 21
15 22
15 23
15 24
15 25
15 26
16 16
16 17
16 18
16 19
16 20
16 21
16 22
16 23
16 24
16 25
16 26
17 16
17 17
0
Yes
0 38
0 39
0 40
0 41
0 42
0 43
0 44
1 38
1 39
1 40
1 41
1 42
1 43
1 44
2 38
2 39
2 40
2 41
2 42
2 43
2 44
3 38
3 39
3 40
3 41
3 42
3 43
3 44
4 38
4 39
4 40
4 41
4 42
4 43
4 44
0
Yes
5 9
5 10
5 11
5 12
5 13
5 14
5 15
6 9
6 10
6 11
6 12
6 13
6 14
6 15
7 9
7 10
7 11
7 12
7 13
7 14
7 15
8 9
8 10
8 11
8 12
8 13
8 14
8 15
9 9
9 10
9 11
9 12
9 13
9 14
9 15
10 9
10 10
10 11
10 12
10 13
10 14
10 15
11 9
11 10
11 11
11 12
11 13
11 14
11 15
12 9
12 10
12 11
12 12
12 13
12 14
12 15
13 9
13 10
13 11
13 12
13 13
13 14
13 15
14 9
14 10
14 11
14 12
14 13
14 14
14 15
15 9
15 10
15 11
15 12
15 13
15 14
15 15
16 9
16 10
16 11
16 12
16 13
16 14
16 15
17 9
17 10
17 11
17 12
17 13
17 14
17 15
18 9
18 10
18 11
18 12
18 13
18 14
0
Yes
43 42
43 43
43 44
43 45
43 46
43 47
43 48
43 49
44 42
44 43
44 44
44 45
44 46
44 47
44 48
44 49
45 42
45 43
45 44
45 45
45 46
45 47
45 48
45 49
46 42
46 43
46 44
46 45
46 46
46 47
46 48
46 49
47 42
47 43
47 44
47 45
47 46
47 47
47 48
47 49
48 42
48 43
48 44
48 45
48 46
48 47
48 48
48 49
49 42
49 43
49 44
49 45
49 46
49 47
0
Yes
33 0
33 1
33 2
33 3
33 4
33 5
33 6
33 7
33 8
34 0
34 1
34 2
34 3
34 4
34 5
34 6
34 7
34 8
35 0
35 1
35 2
35 3
35 4
35 5
35 6
35 7
35 8
36 0
36 1
36 2
36 3
36 4
36 5
36 6
36 7
36 8
37 0
37 1
37 2
37 3
37 4
37 5
37 6
37 7
37 8
38 0
38 1
38 2
38 3
38 4
38 5
38 6
38 7
38 8
39 0
39 1
39 2
39 3
39 4
39 5
39 6
39 7
39 8
40 0
40 1
40 2
40 3
40 4
40 5
40 6
40 7
40 8
41 0
41 1
41 2
41 3
41 4
41 5
41 6
41 7
41 8
42 0
42 1
42 2
42 3
42 4
42 5
42 6
42 7
42 8
43 0
43 1
43 2
43 3
43 4
43 5
43 6
43 7
43 8
44 0
44 1
44 2
44 3
44 4
0
Yes
33 0
33 1
33 2
33 3
33 4
33 5
33 6
34 0
34 1
34 2
34 3
34 4
34 5
34 6
35 0
35 1
35 2
35 3
35 4
35 5
35 6
0
Yes
46 0
46 1
46 2
46 3
47 0
47 1
47 2
47 3
48 0
48 1
48 2
48 3
49 0
49 1
49 2
49 3
0
Yes
0 14
0 15
0 16
1 14
1 15
1 16
2 14
2 15
2 16
3 14
3 15
3 16
4 14
4 15
0
Yes
21 0
21 1
21 2
21 3
21 4
21 5
21 6
21 7
22 0
22 1
22 2
22 3
22 4
22 5
22 6
22 7
23 0
23 1
23 2
23 3
23 4
23 5
23 6
23 7
24 0
24 1
24 2
24 3
24 4
24 5
24 6
24 7
25 0
25 1
25 2
25 3
25 4
25 5
25 6
25 7
26 0
26 1
26 2
26 3
26 4
26 5
26 6
26 7
27 0
27 1
27 2
27 3
27 4
27 5
27 6
27 7
28 0
28 1
28 2
28 3
28 4
28 5
28 6
28 7
0
Yes
0 45
0 46
0 47
0 48
0 49
1 45
1 46
1 47
1 48
1 49
2 45
2 46
2 47
2 48
2 49
3 45
3 46
3 47
3 48
3 49
4 45
4 46
4 47
4 48
0
Yes
29 0
29 1
29 2
29 3
29 4
29 5
30 0
30 1
30 2
30 3
30 4
30 5
31 0
31 1
31 2
31 3
31 4
31 5
32 0
32 1
32 2
32 3
32 4
32 5
33 0
33 1
33 2
33 3
33 4
33 5
34 0
34 1
34 2
34 3
34 4
34 5
35 0
35 1
35 2
35 3
35 4
35 5
36 0
36 1
36 2
36 3
36 4
36 5
37 0
37 1
37 2
37 3
37 4
37 5
38 0
38 1
38 2
0
Yes
0 12
0 13
1 12
1 13
2 12
2 13
3 12
3 13
4 12
4 13
0
Yes
39 0
39 1
39 2
39 3
39 4
39 5
40 0
40 1
40 2
40 3
40 4
40 5
41 0
41 1
41 2
41 3
41 4
41 5
42 0
42 1
42 2
42 3
42 4
42 5
43 0
43 1
43 2
43 3
43 4
43 5
44 0
44 1
44 2
44 3
44 4
44 5
45 0
45 1
45 2
45 3
45 4
45 5
0
Yes
33 44
33 45
33 46
33 47
33 48
33 49
34 44
34 45
34 46
34 47
34 48
34 49
35 44
35 45
35 46
35 47
35 48
35 49
36 44
36 45
36 46
36 47
36 48
36 49
37 44
37 45
37 46
37 47
37 48
37 49
38 44
38 45
38 46
38 47
38 48
38 49
39 44
39 45
39 46
39 47
39 48
39 49
40 44
40 45
40 46
40 47
40 48
40 49
41 44
41 45
41 46
41 47
41 48
41 49
42 44
42 45
42 46
42 47
42 48
42 49
0
Yes
29 0
29 1
29 2
29 3
30 0
30 1
30 2
30 3
31 0
31 1
31 2
31 3
0
Yes
40 14
40 15
40 16
40 17
40 18
40 19
40 20
40 21
40 22
40 23
40 24
40 25
40 26
40 27
41 14
41 15
41 16
41 17
41 18
41 19
41 20
41 21
41 22
41 23
41 24
41 25
41 26
41 27
42 14
42 15
42 16
42 17
42 18
42 19
42 20
42 21
42 22
42 23
42 24
42 25
42 26
42 27
43 14
43 15
43 16
43 17
43 18
43 19
43 20
43 21
43 22
43 23
43 24
43 25
43 26
43 27
44 14
44 15
44 16
44 17
44 18
44 19
44 20
44 21
44 22
44 23
44 24
44 25
44 26
44 27
45 14
45 15
45 16
45 17
45 18
45 19
45 20
45 21
45 22
45 23
45 24
45 25
45 26
45 27
46 14
46 15
46 16
46 17
46 18
46 19
46 20
46 21
46 22
46 23
46 24
46 25
46 26
46 27
47 14
47 15
47 16
47 17
47 18
47 19
47 20
47 21
47 22
47 23
47 24
47 25
47 26
47 27
48 14
48 15
48 16
48 17
48 18
48 19
48 20
48 21
48 22
48 23
48 24
48 25
48 26
48 27
49 14
49 15
49 16
49 17
49 18
49 19
49 20
49 21
49 22
49 23
49 24
0
Yes
0 10
0 11
0 12
0 13
1 10
1 11
1 12
1 13
2 10
2 11
2 12
2 13
3 10
3 11
3 12
3 13
4 10
4 11
4 12
4 13
5 10
5 11
0
Yes
0 33
0 34
0 35
0 36
0 37
0 38
0 39
0 40
0 41
0 42
0 43
1 33
1 34
1 35
1 36
1 37
1 38
1 39
1 40
1 41
1 42
1 43
2 33
2 34
2 35
2 36
2 37
2 38
2 39
2 40
2 41
2 42
2 43
3 33
3 34
3 35
3 36
3 37
3 38
3 39
3 40
3 41
3 42
3 43
4 33
4 34
4 35
4 36
4 37
4 38
4 39
4 40
4 41
4 42
4 43
5 33
5 34
5 35
5 36
5 37
5 38
5 39
5 40
5 41
5 42
5 43
6 33
6 34
6 35
6 36
6 37
6 38
6 39
6 40
6 41
6 42
6 43
7 33
7 34
7 35
7 36
7 37
7 38
7 39
7 40
7 41
7 42
7 43
8 33
8 34
8 35
8 36
8 37
8 38
8 39
8 40
8 41
8 42
8 43
9 33
9 34
9 35
9 36
9 37
9 38
9 39
9 40
9 41
9 42
9 43
10 33
10 34
10 35
10 36
10 37
10 38
10 39
10 40
10 41
10 42
10 43
11 33
11 34
11 35
11 36
11 37
11 38
11 39
11 40
11 41
11 42
11 43
12 33
12 34
12 35
12 36
12 37
12 38
12 39
12 40
12 41
12 42
12 43
0
Yes
0 6
0 7
0 8
0 9
1 6
1 7
1 8
1 9
2 6
2 7
2 8
2 9
3 6
3 7
3 8
3 9
4 6
4 7
4 8
4 9
0
Yes
21 44
21 45
21 46
21 47
21 48
21 49
22 44
22 45
22 46
22 47
22 48
22 49
23 44
23 45
23 46
23 47
23 48
23 49
24 44
24 45
24 46
24 47
24 48
24 49
0
Yes
0 30
0 31
0 32
1 30
1 31
1 32
0
Yes
0 21
0 22
0 23
0 24
0 25
0 26
0 27
1 21
1 22
1 23
1 24
1 25
1 26
1 27
2 21
2 22
2 23
2 24
2 25
2 26
2 27
3 21
3 22
3 23
3 24
3 25
3 26
3 27
4 21
4 22
4 23
4 24
4 25
4 26
0
Yes
0 0
0 1
1 0
1 1
2 0
2 1
0
Yes
0 2
0 3
0 4
0 5
0 6
0 7
0 8
0 9
0 10
1 2
1 3
1 4
1 5
1 6
1 7
1 8
1 9
1 10
2 2
2 3
2 4
2 5
2 6
2 7
2 8
2 9
2 10
3 2
3 3
3 4
3 5
3 6
3 7
3 8
3 9
3 10
4 2
4 3
4 4
4 5
4 6
4 7
4 8
4 9
4 10
0
Yes
39 0
39 1
39 2
39 3
39 4
39 5
39 6
39 7
40 0
40 1
40 2
40 3
40 4
40 5
40 6
40 7
41 0
41 1
41 2
41 3
41 4
41 5
41 6
41 7
42 0
42 1
42 2
42 3
42 4
42 5
42 6
42 7
43 0
43 1
43 2
43 3
43 4
43 5
43 6
43 7
44 0
44 1
44 2
44 3
44 4
44 5
44 6
44 7
45 0
45 1
45 2
45 3
45 4
0
Yes
0 44
0 45
0 46
0 47
0 48
0 49
1 44
1 45
1 46
1 47
1 48
1 49
2 44
2 45
2 46
2 47
2 48
2 49
3 44
3 45
3 46
3 47
3 48
3 49
4 44
4 45
4 46
4 47
4 48
4 49
5 44
0
Yes
0 33
0 34
0 35
0 36
0 37
0 38
0 39
0 40
0 41
0 42
0 43
1 33
1 34
1 35
1 36
1 37
1 38
1 39
1 40
1 41
1 42
1 43
2 33
2 34
2 35
2 36
2 37
2 38
2 39
2 40
2 41
2 42
2 43
3 33
3 34
3 35
3 36
3 37
3 38
3 39
3 40
3 41
3 42
3 43
4 33
4 34
4 35
4 36
4 37
4 38
4 39
4 40
4 41
4 42
4 43
5 33
5 34
5 35
5 36
5 37
5 38
5 39
5 40
5 41
5 42
5 43
6 33
6 34
6 35
6 36
6 37
6 38
6 39
6 40
6 41
6 42
6 43
7 33
7 34
7 35
7 36
7 37
7 38
7 39
7 40
7 41
7 42
7 43
8 33
8 34
8 35
8 36
8 37
8 38
8 39
8 40
8 41
8 42
8 43
9 33
9 34
9 35
9 36
9 37
9 38
9 39
9 40
9 41
9 42
9 43
10 33
10 34
10 35
10 36
10 37
10 38
10 39
10 40
10 41
10 42
10 43
0
Yes
0 11
0 12
0 13
0 14
0 15
0 16
1 11
1 12
1 13
1 14
1 15
1 16
2 11
2 12
2 13
2 14
2 15
2 16
3 11
3 12
3 13
3 14
3 15
3 16
4 11
4 12
4 13
0
Yes
32 0
32 1
32 2
32 3
33 0
33 1
33 2
33 3
34 0
34 1
34 2
34 3
35 0
35 1
35 2
35 3
0
Yes
0 11
0 12
0 13
0 14
0 15
0 16
0 17
0 18
0 19
0 20
1 11
1 12
1 13
1 14
1 15
1 16
1 17
1 18
1 19
1 20
2 11
2 12
2 13
2 14
2 15
2 16
2 17
2 18
2 19
2 20
3 11
3 12
3 13
3 14
3 15
3 16
3 17
3 18
3 19
3 20
4 11
4 12
4 13
4 14
4 15
4 16
4 17
4 18
4 19
4 20
0
Yes
39 0
39 1
39 2
39 3
39 4
39 5
40 0
40 1
40 2
40 3
40 4
40 5
41 0
41 1
41 2
41 3
41 4
41 5
42 0
42 1
42 2
42 3
42 4
42 5
43 0
43 1
43 2
43 3
43 4
43 5
44 0
44 1
44 2
44 3
44 4
44 5
45 0
45 1
45 2
45 3
45 4
45 5
