0
Yes
0 42
0 43
0 44
0 45
0 46
0 47
0 48
0 49
1 42
1 43
1 44
1 45
1 46
1 47
1 48
1 49
2 42
2 43
2 44
2 45
2 46
2 47
2 48
2 49
3 42
3 43
3 44
3 45
3 46
3 47
3 48
3 49
4 42
4 43
4 44
4 45
4 46
4 47
4 48
4 49
5 42
5 43
5 44
5 45
5 46
5 47
5 48
5 49
6 42
6 43
6 44
6 45
6 46
6 47
6 48
6 49
7 42
7 43
7 44
7 45
7 46
7 47
7 48
7 49
8 42
8 43
8 44
8 45
0
Yes
46 42
46 43
46 44
46 45
46 46
46 47
46 48
46 49
47 42
47 43
47 44
47 45
47 46
47 47
47 48
47 49
48 42
48 43
48 44
48 45
48 46
48 47
48 48
48 49
49 42
49 43
49 44
49 45
49 46
49 47
49 48
0
Yes
8 0
8 1
8 2
9 0
9 1
9 2
10 0
10 1
10 2
11 0
11 1
0
Yes
48 0
48 1
49 0
49 1
0
Yes
0 4
0 5
0 6
0 7
0 8
0 9
0 10
1 4
1 5
1 6
1 7
1 8
1 9
1 10
2 4
2 5
2 6
2 7
2 8
2 9
2 10
3 4
3 5
3 6
3 7
3 8
0
Yes
32 24
32 25
33 24
33 25
34 24
34 25
0
Yes
17 0
17 1
17 2
17 3
17 4
17 5
17 6
17 7
18 0
18 1
18 2
18 3
18 4
18 5
18 6
18 7
19 0
19 1
19 2
19 3
19 4
19 5
19 6
19 7
20 0
20 1
20 2
20 3
20 4
20 5
20 6
20 7
21 0
21 1
21 2
21 3
21 4
21 5
21 6
21 7
22 0
22 1
22 2
22 3
22 4
22 5
22 6
22 7
23 0
23 1
23 2
23 3
23 4
23 5
23 6
23 7
24 0
24 1
24 2
24 3
24 4
24 5
24 6
24 7
25 0
25 1
25 2
25 3
25 4
25 5
25 6
25 7
26 0
26 1
26 2
26 3
26 4
26 5
26 6
26 7
27 0
27 1
27 2
27 3
0
Yes
13 33
13 34
13 35
13 36
13 37
13 38
13 39
13 40
13 41
14 33
14 34
14 35
14 36
14 37
14 38
14 39
14 40
14 41
15 33
15 34
15 35
15 36
15 37
15 38
15 39
15 40
15 41
16 33
16 34
16 35
16 36
16 37
16 38
16 39
16 40
16 41
17 33
17 34
17 35
17 36
17 37
17 38
17 39
17 40
17 41
18 33
18 34
18 35
18 36
18 37
18 38
18 39
18 40
18 41
19 33
19 34
19 35
19 36
19 37
19 38
19 39
19 40
19 41
20 33
20 34
20 35
20 36
20 37
20 38
20 39
20 40
20 41
21 33
21 34
21 35
21 36
21 37
21 38
21 39
21 40
21 41
0
Yes
37 9
37 10
37 11
37 12
37 13
37 14
37 15
37 16
37 17
37 18
38 9
38 10
38 11
38 12
38 13
38 14
38 15
38 16
38 17
38 18
39 9
39 10
39 11
39 12
39 13
39 14
39 15
39 16
39 17
39 18
40 9
40 10
40 11
40 12
40 13
40 14
40 15
40 16
40 17
40 18
41 9
41 10
41 11
41 12
41 13
41 14
41 15
41 16
41 17
41 18
42 9
42 10
42 11
42 12
42 13
42 14
42 15
42 16
42 17
42 18
43 9
43 10
43 11
43 12
43 13
43 14
43 15
43 16
43 17
43 18
44 9
44 10
44 11
44 12
44 13
44 14
44 15
44 16
44 17
44 18
45 9
45 10
45 11
45 12
45 13
45 14
45 15
45 16
45 17
45 18
46 9
46 10
46 11
46 12
46 13
46 14
46 15
46 16
46 17
46 18
47 9
47 10
47 11
47 12
47 13
47 14
47 15
47 16
47 17
47 18
48 9
48 10
48 11
48 12
48 13
48 14
48 15
48 16
48 17
48 18
49 9
49 10
49 11
49 12
49 13
49 14
49 15
0
Yes
29 0
29 1
29 2
29 3
29 4
29 5
29 6
29 7
29 8
29 9
29 10
29 11
29 12
29 13
29 14
29 15
30 0
30 1
30 2
30 3
30 4
30 5
30 6
30 7
30 8
30 9
30 10
30 11
30 12
30 13
30 14
30 15
31 0
31 1
31 2
31 3
31 4
31 5
31 6
31 7
31 8
31 9
31 10
31 11
31 12
31 13
31 14
31 15
32 0
32 1
32 2
32 3
32 4
32 5
32 6
32 7
32 8
32 9
32 10
32 11
32 12
32 13
32 14
32 15
33 0
33 1
33 2
33 3
33 4
33 5
33 6
33 7
33 8
33 9
33 10
33 11
33 12
33 13
33 14
33 15
34 0
34 1
34 2
34 3
34 4
34 5
34 6
34 7
34 8
34 9
34 10
34 11
34 12
34 13
34 14
34 15
35 0
35 1
35 2
35 3
35 4
35 5
35 6
35 7
35 8
35 9
35 10
35 11
35 12
35 13
35 14
35 15
36 0
36 1
36 2
36 3
36 4
36 5
36 6
36 7
36 8
36 9
36 10
36 11
36 12
36 13
36 14
36 15
37 0
37 1
37 2
37 3
0
Yes
4 25
4 26
3 25
3 26
5 25
5 26
4 24
4 27
3 24
3 27
5 24
5 27
2 25
2 26
6 25
6 26
2 24
2 27
4 23
4 28
6 24
6 27
3 23
3 28
5 23
5 28
1 25
1 26
7 25
7 26
2 23
2 28
6 28
1 24
1 27
7 24
7 27
4 22
4 29
3 22
3 29
5 22
5 29
1 23
1 28
7 23
7 28
0 25
0 26
2 22
2 29
6 29
0 24
0 27
4 21
4 30
1 22
1 29
3 21
3 30
5 21
5 30
7 29
0 23
0 28
2 21
2 30
6 21
6 30
0 22
0 29
1 21
1 30
7 30
4 20
4 31
3 20
3 31
5 20
5 31
2 20
2 31
6 20
6 31
0 21
0 30
1 20
1 31
7 20
7 31
4 19
4 32
3 19
3 32
5 19
5 32
0 20
0 31
2 19
2 32
6 19
6 32
1 19
1 32
7 19
7 32
4 18
4 33
3 18
3 33
5 18
5 33
0 19
0 32
2 18
2 33
6 18
6 33
1 18
1 33
7 18
0 18
0 33
4 17
3 17
5 17
2 17
6 17
1 17
7 17
0 17
0
Yes
2 34
2 35
2 36
2 37
2 38
2 39
2 40
2 41
3 34
3 35
3 36
3 37
3 38
3 39
3 40
3 41
4 34
4 35
4 36
4 37
4 38
4 39
4 40
4 41
5 34
5 35
5 36
5 37
5 38
5 39
5 40
5 41
6 34
6 35
6 36
6 37
6 38
6 39
6 40
6 41
7 34
7 35
7 36
7 37
7 38
7 39
7 40
7 41
8 34
8 35
8 36
8 37
8 38
8 39
8 40
8 41
9 34
0
Yes
11 8
11 9
11 10
11 11
11 12
11 13
11 14
12 8
12 9
12 10
12 11
12 12
12 13
12 14
13 8
13 9
13 10
13 11
13 12
13 13
13 14
14 8
14 9
14 10
14 11
14 12
14 13
14 14
15 8
15 9
15 10
15 11
15 12
15 13
15 14
16 8
16 9
16 10
16 11
16 12
16 13
16 14
17 8
17 9
17 10
17 11
17 12
17 13
17 14
18 8
18 9
18 10
18 11
18 12
18 13
18 14
19 8
19 9
19 10
19 11
19 12
19 13
19 14
20 8
20 9
20 10
20 11
20 12
20 13
20 14
21 8
21 9
21 10
21 11
21 12
21 13
21 14
22 8
22 9
22 10
22 11
22 12
22 13
22 14
23 8
23 9
23 10
23 11
23 12
23 13
23 14
0
Yes
11 33
11 34
11 35
11 36
11 37
11 38
11 39
11 40
11 41
12 33
12 34
12 35
12 36
12 37
12 38
12 39
12 40
12 41
13 33
13 34
13 35
13 36
13 37
13 38
13 39
13 40
13 41
14 33
14 34
14 35
14 36
14 37
14 38
14 39
14 40
14 41
15 33
15 34
15 35
15 36
15 37
15 38
15 39
15 40
15 41
16 33
16 34
16 35
16 36
16 37
16 38
16 39
16 40
16 41
17 33
17 34
17 35
17 36
17 37
17 38
17 39
17 40
17 41
18 33
18 34
18 35
18 36
18 37
18 38
18 39
18 40
18 41
19 33
19 34
19 35
19 36
19 37
19 38
19 39
19 40
19 41
20 33
20 34
20 35
20 36
20 37
20 38
20 39
20 40
20 41
21 33
21 34
21 35
21 36
21 37
21 38
21 39
21 40
0
Yes
0 12
0 13
0 14
0 15
0 16
1 12
1 13
1 14
1 15
1 16
2 12
2 13
2 14
2 15
2 16
3 12
3 13
3 14
3 15
3 16
4 12
4 13
4 14
4 15
4 16
0
Yes
24 19
24 20
24 21
24 22
24 23
24 24
24 25
24 26
24 27
24 28
24 29
24 30
24 31
24 32
25 19
25 20
25 21
25 22
25 23
25 24
25 25
25 26
25 27
25 28
25 29
25 30
25 31
25 32
26 19
26 20
26 21
26 22
26 23
26 24
26 25
26 26
26 27
26 28
26 29
26 30
26 31
26 32
27 19
27 20
27 21
27 22
27 23
27 24
27 25
27 26
27 27
27 28
27 29
27 30
27 31
27 32
28 19
28 20
28 21
28 22
28 23
28 24
28 25
28 26
28 27
28 28
28 29
28 30
28 31
28 32
29 19
29 20
29 21
29 22
29 23
29 24
29 25
29 26
29 27
29 28
29 29
29 30
29 31
29 32
30 19
30 20
30 21
30 22
30 23
30 24
30 25
30 26
30 27
30 28
30 29
30 30
30 31
30 32
31 19
31 20
31 21
0
Yes
0 39
0 40
0 41
1 39
1 40
1 41
0
Yes
43 5
42 5
43 4
43 6
44 5
42 4
42 6
44 4
44 6
41 5
43 3
43 7
45 5
41 4
41 6
42 3
42 7
44 3
44 7
45 4
45 6
41 3
41 7
45 3
45 7
40 5
43 2
43 8
46 5
40 4
40 6
42 2
42 8
44 2
46 4
46 6
40 3
40 7
41 2
41 8
45 2
45 8
46 3
46 7
39 5
43 1
47 5
39 4
39 6
42 1
44 1
47 4
47 6
40 2
40 8
46 2
46 8
39 3
39 7
41 1
45 1
47 3
47 7
38 5
39 2
39 8
40 1
46 1
47 2
47 8
48 5
38 4
38 6
48 4
48 6
38 3
38 7
48 3
48 7
39 1
47 1
38 2
38 8
48 2
48 8
37 5
49 5
37 4
37 6
49 4
49 6
37 7
49 3
49 7
37 8
49 2
49 8
0
Yes
43 45
43 46
43 47
43 48
43 49
44 45
44 46
44 47
44 48
44 49
45 45
45 46
45 47
45 48
45 49
46 45
46 46
46 47
46 48
46 49
47 45
47 46
47 47
47 48
47 49
48 45
48 46
48 47
48 48
48 49
49 45
49 46
49 47
49 48
49 49
0
Yes
45 37
45 38
46 37
46 38
44 37
44 38
45 36
45 39
46 36
46 39
47 37
47 38
44 36
44 39
47 36
47 39
43 37
43 38
45 35
45 40
46 35
46 40
48 37
48 38
43 36
43 39
44 35
44 40
47 35
47 40
48 36
48 39
42 37
42 38
43 35
43 40
45 34
45 41
46 34
46 41
48 35
48 40
49 37
49 38
42 36
42 39
44 34
44 41
47 34
47 41
49 36
49 39
42 40
43 34
43 41
48 34
48 41
49 35
49 40
41 37
41 38
45 33
45 42
46 33
46 42
41 36
41 39
44 33
44 42
47 33
47 42
42 34
42 41
49 34
49 41
41 40
43 33
43 42
48 33
48 42
45 32
45 43
46 32
46 43
41 41
42 33
42 42
44 32
44 43
47 32
47 43
49 33
49 42
43 32
43 43
48 32
48 43
41 33
41 42
42 32
42 43
45 31
46 31
49 32
49 43
44 31
47 31
43 31
41 32
41 43
0
Yes
0 0
0 1
0 2
0 3
1 0
1 1
1 2
1 3
0
Yes
21 43
21 44
21 45
21 46
21 47
21 48
21 49
22 43
22 44
22 45
22 46
22 47
22 48
22 49
23 43
23 44
23 45
23 46
23 47
23 48
23 49
24 43
24 44
24 45
24 46
24 47
24 48
24 49
25 43
25 44
25 45
25 46
25 47
25 48
25 49
26 43
26 44
26 45
26 46
26 47
26 48
26 49
0
No
0
Yes
9 16
9 17
9 18
9 19
9 20
9 21
9 22
9 23
10 16
10 17
10 18
10 19
10 20
10 21
10 22
10 23
11 16
11 17
11 18
11 19
11 20
11 21
11 22
11 23
12 16
12 17
12 18
12 19
12 20
12 21
12 22
12 23
13 16
13 17
13 18
13 19
13 20
13 21
13 22
13 23
14 16
14 17
14 18
14 19
0
No
0
No
0
Yes
3 0
3 1
3 2
4 0
4 1
0
Yes
12 0
12 1
13 0
13 1
14 0
14 1
0
Yes
2 34
2 35
2 36
2 37
2 38
2 39
2 40
2 41
2 42
2 43
2 44
2 45
2 46
3 34
3 35
3 36
3 37
3 38
3 39
3 40
3 41
3 42
3 43
3 44
3 45
3 46
4 34
4 35
4 36
4 37
4 38
4 39
4 40
4 41
4 42
4 43
4 44
4 45
4 46
5 34
5 35
5 36
5 37
5 38
5 39
5 40
5 41
5 42
5 43
5 44
5 45
5 46
6 34
6 35
6 36
6 37
6 38
6 39
6 40
6 41
6 42
6 43
6 44
6 45
6 46
7 34
7 35
7 36
7 37
7 38
7 39
7 40
7 41
7 42
7 43
7 44
7 45
7 46
8 34
8 35
8 36
8 37
8 38
8 39
8 40
8 41
8 42
8 43
8 44
8 45
8 46
9 34
9 35
9 36
9 37
9 38
9 39
9 40
9 41
9 42
9 43
9 44
9 45
9 46
10 34
10 35
10 36
10 37
10 38
10 39
10 40
10 41
10 42
10 43
10 44
0
No
0
Yes
39 0
39 1
39 2
39 3
39 4
39 5
39 6
39 7
40 0
40 1
40 2
40 3
40 4
40 5
40 6
40 7
41 0
41 1
41 2
41 3
41 4
41 5
41 6
41 7
42 0
42 1
42 2
42 3
42 4
42 5
42 6
42 7
43 0
43 1
43 2
43 3
43 4
43 5
43 6
43 7
44 0
44 1
44 2
44 3
44 4
44 5
44 6
44 7
45 0
45 1
45 2
45 3
45 4
45 5
45 6
45 7
46 0
46 1
46 2
46 3
46 4
46 5
46 6
46 7
47 0
47 1
47 2
47 3
47 4
47 5
0
Yes
0 11
0 12
0 13
0 14
0 15
0 16
1 11
1 12
1 13
1 14
1 15
1 16
2 11
2 12
2 13
2 14
2 15
2 16
3 11
3 12
3 13
3 14
3 15
3 16
4 11
4 12
4 13
4 14
4 15
4 16
5 11
0
Yes
28 0
28 1
28 2
28 3
28 4
28 5
29 0
29 1
29 2
29 3
29 4
29 5
30 0
30 1
30 2
30 3
30 4
30 5
31 0
31 1
31 2
31 3
31 4
31 5
32 0
32 1
32 2
32 3
32 4
32 5
33 0
33 1
33 2
33 3
33 4
33 5
34 0
34 1
34 2
34 3
34 4
34 5
35 0
35 1
35 2
35 3
35 4
35 5
36 0
36 1
36 2
36 3
36 4
0
No
0
No
0
Yes
42 9
42 10
42 11
42 12
42 13
42 14
42 15
42 16
42 17
42 18
43 9
43 10
43 11
43 12
43 13
43 14
43 15
43 16
43 17
43 18
44 9
44 10
44 11
44 12
44 13
44 14
44 15
44 16
44 17
44 18
45 9
45 10
45 11
45 12
45 13
45 14
45 15
45 16
45 17
45 18
46 9
46 10
46 11
46 12
46 13
46 14
46 15
46 16
46 17
46 18
47 9
47 10
47 11
47 12
47 13
47 14
47 15
47 16
47 17
47 18
48 9
48 10
48 11
48 12
48 13
48 14
48 15
48 16
48 17
48 18
49 9
49 10
49 11
49 12
49 13
49 14
49 15
49 16
0
Yes
27 7
27 8
27 9
27 10
27 11
27 12
27 13
27 14
27 15
27 16
27 17
28 7
28 8
28 9
28 10
28 11
28 12
28 13
28 14
28 15
28 16
28 17
29 7
29 8
29 9
29 10
29 11
29 12
29 13
29 14
29 15
29 16
29 17
30 7
30 8
30 9
30 10
30 11
30 12
30 13
30 14
30 15
30 16
30 17
31 7
31 8
31 9
31 10
31 11
31 12
31 13
31 14
31 15
31 16
31 17
32 7
32 8
32 9
32 10
32 11
32 12
32 13
32 14
32 15
32 16
32 17
33 7
33 8
33 9
33 10
33 11
33 12
33 13
33 14
33 15
33 16
33 17
34 7
34 8
34 9
34 10
34 11
34 12
34 13
34 14
34 15
34 16
34 17
35 7
35 8
35 9
35 10
35 11
35 12
35 13
35 14
35 15
35 16
35 17
36 7
36 8
36 9
36 10
36 11
36 12
0
Yes
34 44
34 45
34 46
34 47
34 48
34 49
35 44
35 45
35 46
35 47
35 48
35 49
36 44
36 45
36 46
36 47
36 48
36 49
37 44
37 45
37 46
37 47
37 48
37 49
38 44
38 45
38 46
38 47
38 48
38 49
39 44
39 45
39 46
39 47
39 48
39 49
40 44
40 45
40 46
40 47
40 48
40 49
41 44
41 45
41 46
41 47
41 48
41 49
42 44
42 45
42 46
42 47
42 48
0
Yes
44 24
45 24
44 23
44 25
45 23
45 25
43 24
46 24
43 23
43 25
46 23
46 25
44 22
44 26
45 26
42 24
43 22
43 26
46 22
46 26
47 24
42 23
42 25
47 23
47 25
44 21
44 27
45 21
45 27
42 22
42 26
47 22
47 26
43 21
43 27
46 21
46 27
41 24
48 24
41 23
41 25
48 23
48 25
42 21
42 27
47 21
47 27
41 22
41 26
44 20
44 28
45 20
45 28
48 22
48 26
43 20
43 28
46 20
46 28
40 24
49 24
40 23
40 25
41 21
41 27
48 21
48 27
49 23
49 25
42 20
47 20
47 28
40 22
40 26
49 22
49 26
44 19
45 19
46 19
41 20
41 28
48 20
48 28
40 21
40 27
49 21
49 27
39 24
39 23
39 25
42 19
47 19
39 22
39 26
40 20
40 28
49 20
49 28
41 19
48 19
39 21
39 27
40 19
49 19
0
No
0
Yes
46 42
46 43
47 42
47 43
45 42
45 43
46 41
46 44
47 41
47 44
48 42
48 43
45 41
45 44
48 41
48 44
44 42
44 43
46 40
46 45
47 40
47 45
49 42
49 43
44 41
44 44
45 40
45 45
48 40
48 45
49 41
49 44
43 42
43 43
44 40
44 45
46 39
46 46
47 39
47 46
49 40
49 45
43 41
45 39
45 46
48 39
48 46
43 40
43 45
44 39
44 46
49 39
49 46
46 38
46 47
47 38
47 47
45 38
45 47
48 38
48 47
43 39
43 46
44 38
44 47
49 38
49 47
46 37
46 48
47 37
47 48
43 38
43 47
45 37
45 48
48 37
48 48
44 37
44 48
49 37
49 48
43 37
43 48
46 36
46 49
47 36
47 49
45 36
45 49
48 36
48 49
44 36
44 49
49 36
49 49
43 36
43 49
46 35
47 35
45 35
48 35
44 35
49 35
43 35
0
No
0
Yes
22 38
22 39
22 40
22 41
23 38
23 39
23 40
23 41
24 38
24 39
24 40
24 41
25 38
25 39
25 40
25 41
26 38
26 39
26 40
0
No
0
Yes
16 12
15 12
16 11
16 13
17 12
15 11
15 13
17 11
17 13
14 12
16 10
16 14
18 12
14 11
14 13
15 10
15 14
17 10
17 14
18 11
18 13
14 10
14 14
18 10
18 14
13 12
16 9
19 12
13 11
13 13
15 9
15 15
17 9
19 11
19 13
13 10
13 14
14 9
14 15
18 9
18 15
19 10
19 14
12 12
16 8
20 12
12 11
12 13
15 8
17 8
20 11
20 13
13 9
13 15
19 9
19 15
12 10
12 14
14 8
18 8
20 10
20 14
11 12
12 9
12 15
13 8
19 8
20 9
20 15
21 12
11 11
11 13
21 11
21 13
11 10
11 14
21 10
21 14
12 8
20 8
11 9
21 9
21 15
10 12
22 12
10 11
10 13
22 11
22 13
10 10
22 10
22 14
11 8
21 8
10 9
22 9
22 15
9 12
23 12
9 11
9 13
23 11
23 13
10 8
22 8
9 10
9 14
23 10
23 14
9 9
9 15
10 15
23 9
23 15
8 12
8 11
8 13
9 8
23 8
24 11
24 13
8 10
8 14
24 10
24 14
8 9
8 15
24 9
24 15
8 8
24 8
7 12
7 11
7 13
7 10
7 14
7 9
7 15
7 8
0
Yes
27 25
27 26
28 25
28 26
26 25
26 26
27 24
27 27
28 24
28 27
29 25
29 26
26 24
26 27
29 24
29 27
25 25
25 26
27 23
27 28
28 23
28 28
30 25
30 26
25 24
25 27
26 23
26 28
29 23
29 28
30 24
30 27
24 25
24 26
25 23
25 28
27 22
27 29
28 22
28 29
30 23
30 28
31 25
31 26
24 24
24 27
26 22
26 29
29 22
29 29
31 24
31 27
24 23
24 28
25 22
25 29
30 22
30 29
31 28
23 25
23 26
27 21
27 30
28 21
28 30
23 27
26 21
26 30
29 21
29 30
24 22
24 29
31 22
31 29
23 23
23 28
25 21
25 30
30 21
30 30
27 20
27 31
28 20
28 31
23 22
23 29
24 21
24 30
26 20
26 31
29 20
29 31
31 21
31 30
25 20
25 31
30 20
30 31
23 21
23 30
24 20
24 31
27 19
27 32
28 19
28 32
31 20
31 31
26 19
26 32
29 19
29 32
25 19
25 32
30 19
30 32
23 20
23 31
24 19
24 32
31 19
31 32
27 18
28 18
26 18
29 18
23 19
23 32
25 18
30 18
24 18
31 18
23 18
0
Yes
46 41
45 41
46 40
46 42
47 41
45 40
45 42
47 40
47 42
44 41
46 39
46 43
48 41
44 40
44 42
45 39
45 43
47 39
47 43
48 40
48 42
44 39
44 43
48 39
48 43
43 41
46 38
46 44
49 41
43 40
43 42
45 38
45 44
47 38
47 44
49 40
49 42
43 39
43 43
44 38
44 44
48 38
48 44
49 39
49 43
42 41
46 37
46 45
42 40
42 42
45 37
45 45
47 37
47 45
43 38
49 38
49 44
42 39
42 43
44 37
44 45
48 37
48 45
42 38
43 37
43 45
46 36
46 46
49 37
49 45
45 36
45 46
47 36
47 46
44 36
44 46
48 36
48 46
42 37
43 36
43 46
49 36
49 46
46 35
46 47
45 35
45 47
47 35
47 47
44 35
44 47
48 35
48 47
42 36
43 35
43 47
49 35
49 47
46 34
46 48
45 34
45 48
47 34
47 48
44 34
44 48
48 34
48 48
43 34
43 48
49 34
49 48
46 33
46 49
42 34
45 33
45 49
47 33
47 49
44 33
44 49
48 33
48 49
43 33
43 49
49 33
49 49
42 33
42 49
46 32
45 32
47 32
44 32
48 32
0
Yes
44 4
43 4
44 3
44 5
45 4
43 3
43 5
45 3
45 5
42 4
44 2
44 6
46 4
42 3
42 5
43 2
43 6
45 2
45 6
46 3
46 5
42 2
42 6
46 2
46 6
41 4
44 1
44 7
47 4
41 3
41 5
43 1
43 7
45 1
45 7
47 3
47 5
41 2
41 6
42 1
42 7
46 1
46 7
47 2
47 6
40 4
44 0
48 4
40 3
40 5
43 0
45 0
48 3
48 5
41 1
41 7
47 1
47 7
40 2
40 6
42 0
46 0
48 2
48 6
39 4
40 1
40 7
41 0
47 0
48 7
49 4
39 3
39 5
49 3
49 5
39 2
39 6
49 2
49 6
40 0
39 1
39 7
49 7
38 4
38 3
38 5
38 2
38 6
0
Yes
22 38
22 39
22 40
22 41
23 38
23 39
23 40
23 41
24 38
24 39
24 40
24 41
25 38
25 39
25 40
25 41
26 38
26 39
26 40
0
Yes
45 40
44 40
45 39
45 41
46 40
44 39
44 41
46 39
46 41
43 40
45 38
45 42
47 40
43 39
43 41
44 38
44 42
46 38
46 42
47 39
47 41
43 38
43 42
47 38
47 42
42 40
45 37
45 43
48 40
42 39
42 41
44 37
44 43
46 37
46 43
48 39
48 41
42 38
42 42
43 37
43 43
47 37
47 43
48 38
48 42
41 40
45 36
45 44
49 40
41 39
41 41
44 36
44 44
46 36
46 44
49 39
49 41
42 37
42 43
48 37
48 43
41 38
41 42
43 36
47 36
47 44
49 38
49 42
40 40
41 37
41 43
42 36
45 35
48 36
48 44
49 37
49 43
40 39
40 41
44 35
46 35
40 38
40 42
43 35
47 35
41 36
49 36
49 44
40 37
40 43
48 35
40 36
49 35
40 35
0
Yes
0 43
0 44
0 45
0 46
0 47
0 48
0 49
1 43
1 44
1 45
1 46
1 47
1 48
1 49
2 43
2 44
2 45
2 46
2 47
2 48
2 49
3 43
3 44
3 45
3 46
3 47
3 48
3 49
4 43
4 44
4 45
4 46
4 47
4 48
4 49
5 43
5 44
5 45
5 46
0
Yes
2 34
2 35
2 36
2 37
2 38
2 39
2 40
2 41
3 34
3 35
3 36
3 37
3 38
3 39
3 40
3 41
4 34
4 35
4 36
4 37
4 38
4 39
4 40
4 41
5 34
5 35
5 36
5 37
5 38
5 39
5 40
5 41
6 34
6 35
6 36
6 37
6 38
6 39
6 40
6 41
7 34
7 35
7 36
7 37
7 38
7 39
7 40
7 41
8 34
8 35
8 36
8 37
8 38
8 39
8 40
8 41
9 34
9 35
9 36
9 37
9 38
9 39
9 40
9 41
10 34
10 35
10 36
0
No
0
Yes
3 10
3 11
4 10
4 11
2 10
2 11
3 9
3 12
4 9
4 12
5 10
5 11
2 9
2 12
5 9
5 12
1 10
1 11
3 8
3 13
4 8
4 13
6 10
6 11
1 9
1 12
2 8
2 13
5 8
6 9
6 12
0 10
0 11
1 8
1 13
3 7
3 14
4 7
4 14
6 8
0 9
0 12
2 7
2 14
5 7
5 14
0 8
0 13
1 7
1 14
6 7
6 14
3 6
3 15
4 6
4 15
2 6
2 15
5 6
5 15
0 7
0 14
1 6
1 15
6 6
6 15
3 5
3 16
4 5
4 16
0 6
0 15
2 5
2 16
5 5
5 16
1 5
1 16
6 5
6 16
0 5
0 16
3 4
0
Yes
6 42
6 43
6 44
6 45
6 46
6 47
6 48
6 49
7 42
7 43
7 44
7 45
7 46
7 47
7 48
7 49
8 42
8 43
8 44
8 45
8 46
8 47
8 48
8 49
9 42
9 43
9 44
9 45
9 46
9 47
9 48
9 49
10 42
10 43
10 44
10 45
10 46
10 47
10 48
10 49
11 42
11 43
11 44
11 45
11 46
11 47
11 48
11 49
12 42
12 43
12 44
12 45
12 46
12 47
0
Yes
43 32
43 33
43 34
43 35
43 36
43 37
43 38
43 39
43 40
44 32
44 33
44 34
44 35
44 36
44 37
44 38
44 39
44 40
45 32
45 33
45 34
45 35
45 36
45 37
45 38
45 39
45 40
46 32
46 33
46 34
46 35
46 36
46 37
46 38
46 39
46 40
47 32
47 33
47 34
47 35
47 36
47 37
47 38
47 39
47 40
48 32
48 33
48 34
48 35
48 36
48 37
48 38
48 39
48 40
49 32
49 33
49 34
49 35
49 36
49 37
49 38
49 39
0
Yes
44 24
45 24
44 23
44 25
45 23
45 25
43 24
46 24
43 23
43 25
46 23
46 25
44 22
44 26
45 26
42 24
43 22
43 26
46 22
46 26
47 24
42 23
42 25
47 23
47 25
44 21
44 27
45 21
45 27
42 22
42 26
47 22
47 26
43 21
43 27
46 21
46 27
41 24
48 24
41 23
41 25
48 23
48 25
42 21
42 27
47 21
47 27
41 22
41 26
44 20
45 20
48 22
48 26
43 20
46 20
40 24
49 24
40 23
40 25
41 21
41 27
48 21
48 27
49 23
49 25
42 20
47 20
40 22
40 26
49 22
49 26
41 20
48 20
40 21
40 27
49 21
49 27
39 24
39 23
39 25
39 22
39 26
40 20
49 20
39 21
39 27
39 20
0
Yes
20 16
20 17
20 18
21 16
21 17
21 18
22 16
22 17
22 18
23 16
23 17
0
No
0
Yes
19 0
19 1
19 2
19 3
19 4
19 5
19 6
19 7
20 0
20 1
20 2
20 3
20 4
20 5
20 6
20 7
21 0
21 1
21 2
21 3
21 4
21 5
21 6
21 7
22 0
22 1
22 2
22 3
22 4
22 5
22 6
22 7
23 0
23 1
23 2
23 3
23 4
23 5
23 6
23 7
24 0
24 1
24 2
24 3
24 4
24 5
24 6
24 7
25 0
25 1
25 2
25 3
25 4
25 5
25 6
25 7
26 0
26 1
26 2
26 3
26 4
26 5
26 6
26 7
27 0
27 1
27 2
27 3
0
No
0
Yes
41 9
41 10
41 11
41 12
41 13
41 14
41 15
41 16
41 17
41 18
42 9
42 10
42 11
42 12
42 13
42 14
42 15
42 16
42 17
42 18
43 9
43 10
43 11
43 12
43 13
43 14
43 15
43 16
43 17
43 18
44 9
44 10
44 11
44 12
44 13
44 14
44 15
44 16
44 17
44 18
45 9
45 10
45 11
45 12
45 13
45 14
45 15
45 16
45 17
45 18
46 9
46 10
46 11
46 12
46 13
46 14
46 15
46 16
46 17
46 18
47 9
47 10
47 11
47 12
47 13
47 14
47 15
47 16
47 17
47 18
48 9
48 10
48 11
48 12
48 13
48 14
48 15
48 16
48 17
48 18
49 9
49 10
49 11
49 12
49 13
0
Yes
45 5
45 6
45 7
45 8
46 5
46 6
46 7
46 8
47 5
47 6
47 7
47 8
48 5
48 6
48 7
48 8
49 5
49 6
49 7
49 8
0
Yes
0 45
0 46
0 47
0 48
0 49
1 45
1 46
1 47
1 48
1 49
2 45
2 46
2 47
2 48
2 49
3 45
3 46
3 47
3 48
3 49
4 45
4 46
4 47
4 48
4 49
5 45
5 46
5 47
5 48
0
Yes
44 24
44 25
45 24
45 25
43 24
43 25
44 23
44 26
45 23
45 26
46 24
46 25
43 23
43 26
46 23
46 26
42 24
42 25
44 22
44 27
45 27
47 24
47 25
42 23
42 26
43 22
43 27
46 22
46 27
47 23
47 26
41 24
41 25
42 22
42 27
44 21
44 28
45 21
45 28
47 22
47 27
48 24
48 25
41 23
41 26
43 21
43 28
46 21
46 28
48 23
48 26
41 22
41 27
42 21
47 21
47 28
48 22
48 27
40 24
40 25
44 20
44 29
45 20
45 29
49 24
49 25
40 23
40 26
43 20
46 20
46 29
49 23
49 26
41 21
41 28
48 21
48 28
40 22
40 27
42 20
47 20
47 29
49 22
49 27
39 24
39 25
44 19
45 19
39 23
39 26
40 21
40 28
41 20
41 29
46 19
48 20
48 29
49 21
49 28
39 22
39 27
42 19
47 19
40 20
40 29
49 20
49 29
39 21
39 28
41 19
48 19
39 20
0
No
0
No
0
No
0
Yes
7 34
7 35
7 36
7 37
7 38
7 39
7 40
8 34
8 35
8 36
8 37
8 38
8 39
8 40
9 34
9 35
9 36
9 37
9 38
9 39
9 40
10 34
10 35
10 36
10 37
10 38
10 39
10 40
0
Yes
45 46
45 47
45 48
45 49
46 46
46 47
46 48
46 49
47 46
47 47
47 48
47 49
48 46
48 47
48 48
48 49
49 46
49 47
49 48
49 49
0
No
0
No
0
Yes
8 40
7 40
8 39
8 41
9 40
7 39
7 41
9 39
9 41
6 40
8 38
8 42
10 40
6 39
6 41
7 38
7 42
9 38
9 42
10 39
10 41
6 38
6 42
10 38
10 42
5 40
8 37
8 43
11 40
5 39
5 41
7 37
7 43
9 37
9 43
11 39
11 41
5 38
5 42
6 37
6 43
10 37
10 43
11 38
11 42
4 40
8 36
8 44
12 40
4 39
4 41
7 36
7 44
9 36
9 44
12 39
12 41
5 37
5 43
11 37
11 43
4 38
4 42
6 36
6 44
10 36
10 44
12 38
12 42
3 40
4 37
4 43
5 36
5 44
8 35
8 45
11 36
11 44
12 37
12 43
13 40
3 39
3 41
7 35
7 45
9 35
9 45
13 39
13 41
3 38
3 42
6 35
6 45
10 35
10 45
13 38
4 36
4 44
12 36
12 44
3 37
3 43
5 35
11 35
11 45
13 37
13 43
2 40
8 34
2 39
2 41
7 34
9 34
2 38
2 42
6 34
10 34
3 36
3 44
4 35
12 35
12 45
13 36
13 44
2 37
2 43
5 34
11 34
3 35
13 35
13 45
2 36
2 44
4 34
12 34
2 35
3 34
13 34
2 34
0
Yes
0 0
0 1
0 2
1 0
1 1
1 2
2 0
2 1
0
Yes
44 35
44 36
44 37
44 38
44 39
44 40
44 41
44 42
44 43
44 44
44 45
45 35
45 36
45 37
45 38
45 39
45 40
45 41
45 42
45 43
45 44
45 45
46 35
46 36
46 37
46 38
46 39
46 40
46 41
46 42
46 43
46 44
46 45
47 35
47 36
47 37
47 38
47 39
47 40
47 41
47 42
47 43
47 44
47 45
48 35
48 36
48 37
48 38
48 39
48 40
48 41
48 42
48 43
48 44
48 45
49 35
49 36
49 37
49 38
49 39
49 40
49 41
49 42
49 43
49 44
0
Yes
21 43
21 44
21 45
21 46
21 47
21 48
21 49
22 43
22 44
22 45
22 46
22 47
22 48
22 49
23 43
23 44
23 45
23 46
23 47
23 48
23 49
24 43
24 44
24 45
24 46
24 47
24 48
24 49
25 43
25 44
25 45
25 46
25 47
25 48
25 49
26 43
26 44
26 45
26 46
0
No
0
Yes
0 5
0 6
0 7
0 8
0 9
0 10
0 11
0 12
1 5
1 6
1 7
1 8
1 9
1 10
1 11
1 12
2 5
2 6
2 7
2 8
2 9
2 10
2 11
2 12
3 5
3 6
3 7
3 8
3 9
3 10
3 11
3 12
4 5
4 6
4 7
4 8
4 9
4 10
4 11
4 12
5 5
5 6
5 7
5 8
5 9
5 10
5 11
5 12
6 5
6 6
6 7
6 8
6 9
6 10
6 11
6 12
7 5
7 6
7 7
7 8
7 9
7 10
7 11
7 12
8 5
8 6
8 7
8 8
8 9
8 10
8 11
8 12
9 5
9 6
9 7
9 8
9 9
9 10
9 11
9 12
10 5
10 6
10 7
0
No
0
Yes
14 34
14 35
14 36
14 37
14 38
14 39
14 40
14 41
14 42
14 43
15 34
15 35
15 36
15 37
15 38
15 39
15 40
15 41
15 42
15 43
16 34
16 35
16 36
16 37
16 38
16 39
16 40
16 41
16 42
16 43
17 34
17 35
17 36
17 37
17 38
17 39
17 40
17 41
17 42
17 43
18 34
18 35
18 36
18 37
18 38
18 39
18 40
18 41
18 42
18 43
19 34
19 35
19 36
19 37
19 38
19 39
19 40
19 41
19 42
19 43
20 34
20 35
20 36
20 37
20 38
20 39
20 40
20 41
20 42
20 43
21 34
21 35
21 36
21 37
21 38
21 39
21 40
21 41
0
Yes
37 9
37 10
37 11
37 12
37 13
37 14
37 15
37 16
37 17
37 18
38 9
38 10
38 11
38 12
38 13
38 14
38 15
38 16
38 17
38 18
39 9
39 10
39 11
39 12
39 13
39 14
39 15
39 16
39 17
39 18
40 9
40 10
40 11
40 12
40 13
40 14
40 15
40 16
40 17
40 18
41 9
41 10
41 11
41 12
41 13
41 14
41 15
41 16
41 17
41 18
42 9
42 10
42 11
42 12
42 13
42 14
42 15
42 16
42 17
42 18
43 9
43 10
43 11
43 12
43 13
43 14
43 15
43 16
43 17
43 18
44 9
44 10
44 11
44 12
44 13
44 14
44 15
44 16
44 17
44 18
45 9
45 10
45 11
45 12
45 13
45 14
45 15
45 16
45 17
45 18
46 9
46 10
46 11
46 12
46 13
46 14
46 15
46 16
46 17
46 18
47 9
47 10
47 11
47 12
47 13
47 14
47 15
47 16
47 17
47 18
48 9
48 10
48 11
48 12
48 13
48 14
48 15
48 16
48 17
48 18
49 9
49 10
49 11
49 12
49 13
49 14
49 15
0
Yes
45 32
45 33
45 34
46 32
46 33
46 34
47 32
47 33
47 34
48 32
48 33
48 34
49 32
49 33
0
Yes
11 8
11 9
11 10
11 11
11 12
11 13
11 14
12 8
12 9
12 10
12 11
12 12
12 13
12 14
13 8
13 9
13 10
13 11
13 12
13 13
13 14
14 8
14 9
14 10
14 11
14 12
14 13
14 14
15 8
15 9
15 10
15 11
15 12
15 13
15 14
16 8
16 9
16 10
16 11
16 12
16 13
16 14
17 8
17 9
17 10
17 11
17 12
17 13
17 14
18 8
18 9
18 10
18 11
18 12
18 13
18 14
19 8
19 9
19 10
19 11
19 12
19 13
19 14
20 8
20 9
20 10
20 11
20 12
20 13
20 14
21 8
21 9
21 10
21 11
21 12
21 13
21 14
22 8
22 9
22 10
22 11
22 12
22 13
22 14
0
Yes
7 46
7 47
7 48
7 49
8 46
8 47
8 48
8 49
9 46
9 47
9 48
9 49
10 46
10 47
10 48
10 49
11 46
11 47
11 48
11 49
0
Yes
32 0
32 1
32 2
32 3
32 4
32 5
32 6
33 0
33 1
33 2
33 3
33 4
33 5
33 6
34 0
34 1
34 2
34 3
34 4
34 5
34 6
35 0
35 1
35 2
35 3
35 4
35 5
35 6
36 0
36 1
36 2
36 3
36 4
36 5
36 6
37 0
37 1
37 2
37 3
37 4
37 5
0
Yes
37 11
37 12
37 13
37 14
37 15
37 16
37 17
37 18
38 11
38 12
38 13
38 14
38 15
38 16
38 17
38 18
39 11
39 12
39 13
39 14
39 15
39 16
39 17
39 18
40 11
40 12
40 13
40 14
40 15
40 16
40 17
40 18
41 11
41 12
41 13
41 14
41 15
41 16
41 17
41 18
42 11
42 12
42 13
42 14
42 15
42 16
42 17
42 18
43 11
43 12
43 13
43 14
43 15
43 16
43 17
43 18
44 11
44 12
44 13
44 14
44 15
44 16
44 17
44 18
45 11
45 12
45 13
45 14
45 15
45 16
45 17
45 18
46 11
46 12
46 13
46 14
46 15
46 16
46 17
46 18
47 11
47 12
47 13
47 14
47 15
47 16
47 17
47 18
48 11
48 12
48 13
48 14
48 15
48 16
48 17
48 18
49 11
49 12
49 13
49 14
49 15
0
Yes
17 0
17 1
17 2
17 3
17 4
17 5
17 6
17 7
18 0
18 1
18 2
18 3
18 4
18 5
18 6
18 7
19 0
19 1
19 2
19 3
19 4
19 5
19 6
19 7
20 0
20 1
20 2
20 3
20 4
20 5
20 6
20 7
21 0
21 1
21 2
21 3
21 4
21 5
21 6
21 7
22 0
22 1
22 2
22 3
22 4
22 5
22 6
22 7
23 0
23 1
0
Yes
39 0
39 1
39 2
39 3
39 4
39 5
39 6
39 7
40 0
40 1
40 2
40 3
40 4
40 5
40 6
40 7
41 0
41 1
41 2
41 3
41 4
41 5
41 6
41 7
42 0
42 1
42 2
42 3
42 4
42 5
42 6
42 7
43 0
43 1
43 2
43 3
43 4
43 5
43 6
43 7
44 0
44 1
44 2
44 3
44 4
44 5
44 6
44 7
45 0
45 1
45 2
45 3
45 4
45 5
45 6
45 7
46 0
46 1
46 2
46 3
46 4
46 5
46 6
46 7
47 0
47 1
47 2
47 3
47 4
47 5
47 6
47 7
0
Yes
5 0
5 1
5 2
5 3
5 4
6 0
6 1
6 2
6 3
6 4
7 0
7 1
7 2
7 3
7 4
8 0
8 1
8 2
8 3
8 4
9 0
0
Yes
23 7
23 8
23 9
23 10
23 11
24 7
24 8
24 9
24 10
24 11
25 7
25 8
25 9
0
No
0
Yes
24 0
24 1
24 2
24 3
24 4
24 5
25 0
25 1
25 2
25 3
25 4
25 5
26 0
26 1
26 2
26 3
26 4
26 5
27 0
27 1
27 2
27 3
27 4
27 5
28 0
28 1
28 2
28 3
28 4
28 5
29 0
29 1
29 2
29 3
0
Yes
14 39
14 40
14 41
14 42
14 43
14 44
15 39
15 40
15 41
15 42
15 43
15 44
16 39
16 40
16 41
16 42
16 43
16 44
17 39
17 40
17 41
17 42
17 43
17 44
18 39
18 40
18 41
18 42
18 43
18 44
19 39
19 40
19 41
19 42
19 43
19 44
20 39
20 40
20 41
20 42
20 43
20 44
0
Yes
19 25
19 26
19 27
19 28
20 25
20 26
20 27
20 28
21 25
21 26
21 27
21 28
22 25
22 26
0
Yes
37 9
37 10
37 11
37 12
37 13
37 14
37 15
37 16
37 17
37 18
38 9
38 10
38 11
38 12
38 13
38 14
38 15
38 16
38 17
38 18
39 9
39 10
39 11
39 12
39 13
39 14
39 15
39 16
39 17
39 18
40 9
40 10
40 11
40 12
40 13
40 14
40 15
40 16
40 17
40 18
41 9
41 10
41 11
41 12
41 13
41 14
41 15
41 16
41 17
41 18
42 9
42 10
42 11
42 12
42 13
42 14
42 15
42 16
42 17
42 18
43 9
43 10
43 11
43 12
43 13
43 14
43 15
43 16
43 17
43 18
44 9
44 10
44 11
44 12
44 13
44 14
44 15
44 16
44 17
44 18
45 9
45 10
45 11
45 12
45 13
45 14
45 15
45 16
45 17
45 18
46 9
46 10
46 11
46 12
46 13
46 14
46 15
46 16
46 17
46 18
47 9
47 10
47 11
47 12
47 13
47 14
47 15
47 16
47 17
47 18
48 9
48 10
48 11
48 12
48 13
48 14
48 15
48 16
48 17
48 18
49 9
49 10
49 11
49 12
49 13
49 14
49 15
49 16
49 17
0
No
0
Yes
38 9
38 10
38 11
38 12
38 13
38 14
38 15
38 16
38 17
38 18
39 9
39 10
39 11
39 12
39 13
39 14
39 15
39 16
39 17
39 18
40 9
40 10
40 11
40 12
40 13
40 14
40 15
40 16
40 17
40 18
41 9
41 10
41 11
41 12
41 13
41 14
41 15
41 16
41 17
41 18
42 9
42 10
42 11
42 12
42 13
42 14
42 15
42 16
42 17
42 18
43 9
43 10
43 11
43 12
43 13
43 14
43 15
43 16
43 17
43 18
44 9
44 10
44 11
44 12
44 13
44 14
44 15
44 16
44 17
44 18
45 9
45 10
45 11
45 12
45 13
45 14
45 15
45 16
45 17
45 18
46 9
46 10
46 11
46 12
46 13
46 14
46 15
46 16
46 17
46 18
47 9
47 10
47 11
47 12
47 13
47 14
47 15
47 16
47 17
47 18
48 9
48 10
48 11
48 12
48 13
48 14
48 15
48 16
48 17
48 18
49 9
49 10
49 11
49 12
49 13
49 14
49 15
49 16
49 17
49 18
0
Yes
24 18
24 19
24 20
24 21
24 22
24 23
24 24
24 25
24 26
24 27
24 28
24 29
24 30
25 18
25 19
25 20
25 21
25 22
25 23
25 24
25 25
25 26
25 27
25 28
25 29
25 30
26 18
26 19
26 20
26 21
26 22
26 23
26 24
26 25
26 26
26 27
26 28
26 29
26 30
27 18
27 19
27 20
27 21
27 22
27 23
27 24
27 25
27 26
27 27
27 28
27 29
27 30
28 18
28 19
28 20
28 21
28 22
28 23
28 24
28 25
28 26
28 27
28 28
28 29
28 30
29 18
29 19
29 20
29 21
29 22
29 23
29 24
29 25
29 26
29 27
29 28
29 29
29 30
30 18
30 19
30 20
30 21
30 22
30 23
30 24
30 25
30 26
30 27
30 28
30 29
30 30
31 18
31 19
31 20
31 21
31 22
0
Yes
24 0
24 1
24 2
24 3
24 4
24 5
25 0
25 1
25 2
25 3
25 4
25 5
26 0
26 1
26 2
26 3
26 4
26 5
27 0
27 1
27 2
27 3
27 4
27 5
28 0
28 1
28 2
28 3
28 4
28 5
29 0
29 1
29 2
29 3
29 4
29 5
30 0
30 1
30 2
30 3
30 4
30 5
31 0
31 1
31 2
31 3
31 4
0
Yes
32 20
32 21
32 22
33 20
33 21
33 22
34 20
34 21
34 22
35 20
35 21
35 22
36 20
36 21
0
Yes
47 46
47 47
47 48
47 49
48 46
48 47
48 48
48 49
49 46
49 47
49 48
49 49
0
Yes
33 43
33 44
33 45
33 46
33 47
33 48
33 49
34 43
34 44
34 45
34 46
34 47
34 48
34 49
35 43
35 44
35 45
35 46
35 47
35 48
35 49
36 43
36 44
36 45
36 46
36 47
36 48
36 49
37 43
37 44
37 45
37 46
37 47
37 48
37 49
38 43
38 44
38 45
38 46
38 47
38 48
38 49
39 43
39 44
39 45
39 46
39 47
39 48
39 49
40 43
40 44
40 45
40 46
40 47
40 48
40 49
41 43
41 44
41 45
41 46
41 47
41 48
41 49
42 43
42 44
42 45
42 46
42 47
42 48
42 49
43 43
0
Yes
16 11
17 11
16 10
16 12
17 10
17 12
15 11
18 11
15 10
15 12
18 10
18 12
16 9
16 13
17 9
17 13
14 11
15 9
15 13
18 9
18 13
19 11
14 10
14 12
19 10
19 12
16 8
16 14
17 8
17 14
14 9
14 13
19 9
19 13
15 8
15 14
18 8
18 14
13 11
20 11
13 10
13 12
20 10
20 12
14 8
14 14
19 8
19 14
13 9
13 13
16 7
20 9
20 13
12 11
21 11
12 10
12 12
13 8
13 14
20 8
20 14
21 10
21 12
14 7
12 9
12 13
21 9
21 13
13 7
12 8
12 14
21 8
21 14
11 11
22 11
11 10
11 12
22 10
22 12
11 9
11 13
22 9
22 13
12 7
11 8
11 14
22 8
22 14
10 11
10 10
10 12
10 9
10 13
11 7
0
Yes
9 16
9 17
9 18
9 19
9 20
9 21
9 22
9 23
10 16
10 17
10 18
10 19
10 20
10 21
10 22
10 23
11 16
11 17
11 18
11 19
11 20
11 21
11 22
11 23
12 16
12 17
12 18
12 19
12 20
12 21
12 22
12 23
13 16
13 17
13 18
13 19
13 20
13 21
13 22
13 23
14 16
14 17
14 18
14 19
14 20
14 21
14 22
0
Yes
0 39
0 40
0 41
0 42
0 43
0 44
0 45
0 46
0 47
0 48
0 49
1 39
1 40
1 41
1 42
1 43
1 44
1 45
1 46
1 47
1 48
1 49
2 39
2 40
2 41
2 42
2 43
2 44
2 45
2 46
2 47
2 48
2 49
3 39
3 40
3 41
3 42
3 43
3 44
3 45
3 46
3 47
3 48
3 49
4 39
4 40
4 41
4 42
4 43
4 44
4 45
4 46
4 47
4 48
4 49
5 39
5 40
5 41
5 42
5 43
5 44
5 45
5 46
5 47
5 48
5 49
6 39
6 40
6 41
6 42
6 43
6 44
6 45
6 46
6 47
6 48
6 49
7 39
7 40
7 41
7 42
7 43
7 44
7 45
7 46
7 47
7 48
7 49
8 39
8 40
8 41
8 42
8 43
8 44
8 45
8 46
8 47
8 48
8 49
9 39
9 40
9 41
9 42
9 43
0
Yes
31 33
31 32
30 32
32 32
32 33
32 34
31 34
30 34
31 35
30 35
32 35
33 33
33 34
33 32
33 35
30 31
31 31
32 31
33 31
29 31
29 32
29 33
29 34
29 35
28 33
28 32
28 34
28 31
28 35
31 30
32 30
33 30
30 36
31 36
32 36
29 36
33 36
28 36
34 32
34 33
34 34
34 31
34 35
34 30
34 36
31 37
30 37
32 37
29 37
33 37
28 37
34 37
35 33
35 32
35 34
35 31
35 35
35 36
35 30
27 32
27 33
27 34
27 35
27 36
27 31
27 37
32 29
33 29
34 29
31 29
35 29
31 28
32 28
33 28
34 28
35 28
26 34
26 35
26 36
26 37
30 38
31 38
32 38
29 38
33 38
28 38
27 38
26 38
36 32
36 33
36 34
36 31
36 35
36 30
36 29
36 28
26 31
26 32
31 39
30 39
32 39
29 39
28 39
27 39
33 39
26 39
37 33
37 32
37 34
37 31
37 30
37 29
37 35
37 28
25 32
25 31
25 33
25 34
25 35
25 36
25 37
25 38
25 39
32 27
33 27
34 27
35 27
36 27
31 27
0
Yes
16 35
15 35
16 34
16 36
17 35
15 34
15 36
17 34
17 36
14 35
16 33
16 37
18 35
14 34
14 36
15 33
15 37
17 33
17 37
18 34
18 36
14 33
14 37
18 33
18 37
13 35
16 32
16 38
19 35
13 34
13 36
15 32
15 38
17 32
17 38
19 34
19 36
13 33
13 37
14 32
14 38
18 32
18 38
19 33
19 37
12 35
16 31
20 35
12 34
12 36
17 31
20 34
20 36
13 32
13 38
19 32
19 38
12 33
12 37
14 31
18 31
20 33
20 37
11 35
12 32
12 38
13 31
19 31
20 32
20 38
21 35
11 34
11 36
21 34
21 36
11 33
11 37
21 33
21 37
12 31
20 31
11 38
21 38
10 35
10 34
10 36
10 37
0
No
0
Yes
18 23
18 24
17 23
17 24
19 24
18 22
18 25
17 22
17 25
19 22
19 25
16 23
16 24
20 24
16 22
16 25
18 21
18 26
20 25
17 21
17 26
19 21
19 26
15 23
15 24
16 21
16 26
20 21
20 26
15 22
15 25
18 20
18 27
17 20
17 27
19 20
19 27
15 21
15 26
16 20
16 27
20 20
20 27
18 19
18 28
15 20
15 27
17 19
17 28
19 19
19 28
16 19
16 28
20 19
20 28
15 19
15 28
18 18
18 29
17 18
17 29
19 18
19 29
16 18
16 29
20 18
15 29
18 17
18 30
17 17
17 30
19 17
19 30
16 17
16 30
20 17
20 30
18 16
17 16
19 16
20 16
0
Yes
8 31
8 32
9 31
9 32
10 31
0
Yes
5 0
5 1
5 2
5 3
5 4
6 0
6 1
6 2
6 3
6 4
7 0
7 1
7 2
7 3
7 4
8 0
8 1
0
Yes
23 0
23 1
23 2
23 3
23 4
23 5
24 0
24 1
24 2
24 3
24 4
24 5
25 0
25 1
25 2
25 3
25 4
25 5
26 0
26 1
26 2
26 3
26 4
26 5
27 0
27 1
27 2
27 3
27 4
27 5
28 0
28 1
28 2
28 3
28 4
28 5
29 0
29 1
29 2
29 3
29 4
29 5
30 0
30 1
30 2
30 3
30 4
30 5
31 0
31 1
31 2
31 3
31 4
31 5
0
Yes
0 0
0 1
0 2
1 0
1 1
1 2
2 0
2 1
0
Yes
21 25
21 26
22 25
22 26
23 25
23 26
0
Yes
0 39
0 40
0 41
0 42
0 43
0 44
0 45
0 46
0 47
0 48
0 49
1 39
1 40
1 41
1 42
1 43
1 44
1 45
1 46
1 47
1 48
1 49
2 39
2 40
2 41
2 42
2 43
2 44
2 45
2 46
2 47
2 48
2 49
3 39
3 40
3 41
3 42
3 43
3 44
3 45
3 46
3 47
3 48
3 49
4 39
4 40
4 41
4 42
4 43
4 44
4 45
4 46
4 47
4 48
4 49
5 39
5 40
5 41
5 42
5 43
5 44
5 45
5 46
5 47
5 48
5 49
6 39
6 40
6 41
6 42
6 43
6 44
6 45
6 46
6 47
6 48
6 49
7 39
7 40
7 41
7 42
7 43
7 44
7 45
7 46
7 47
7 48
7 49
8 39
8 40
8 41
8 42
8 43
8 44
8 45
8 46
8 47
8 48
8 49
9 39
9 40
9 41
9 42
9 43
9 44
9 45
9 46
9 47
9 48
9 49
10 39
10 40
10 41
10 42
10 43
10 44
10 45
10 46
10 47
10 48
10 49
11 39
11 40
11 41
11 42
11 43
0
Yes
19 46
19 47
19 48
19 49
20 46
20 47
20 48
20 49
21 46
21 47
21 48
21 49
22 46
22 47
22 48
22 49
23 46
23 47
23 48
23 49
24 46
24 47
24 48
24 49
25 46
25 47
25 48
25 49
26 46
26 47
26 48
0
No
0
Yes
27 8
27 9
27 10
27 11
27 12
27 13
27 14
27 15
27 16
27 17
28 8
28 9
28 10
28 11
28 12
28 13
28 14
28 15
28 16
28 17
29 8
29 9
29 10
29 11
29 12
29 13
29 14
29 15
29 16
29 17
30 8
30 9
30 10
30 11
30 12
30 13
30 14
30 15
30 16
30 17
31 8
31 9
31 10
31 11
31 12
31 13
31 14
31 15
31 16
31 17
32 8
32 9
32 10
32 11
32 12
32 13
32 14
32 15
32 16
32 17
33 8
33 9
33 10
33 11
33 12
33 13
33 14
33 15
33 16
33 17
34 8
34 9
34 10
34 11
34 12
34 13
34 14
34 15
34 16
34 17
0
Yes
39 9
39 10
39 11
39 12
39 13
39 14
39 15
39 16
39 17
39 18
40 9
40 10
40 11
40 12
40 13
40 14
40 15
40 16
40 17
40 18
41 9
41 10
41 11
41 12
41 13
41 14
41 15
41 16
41 17
41 18
42 9
42 10
42 11
42 12
42 13
42 14
42 15
42 16
42 17
42 18
43 9
43 10
43 11
43 12
43 13
43 14
43 15
43 16
43 17
43 18
44 9
44 10
44 11
44 12
44 13
44 14
44 15
44 16
44 17
44 18
45 9
45 10
45 11
45 12
45 13
45 14
45 15
45 16
45 17
45 18
46 9
46 10
46 11
46 12
46 13
46 14
46 15
46 16
46 17
46 18
47 9
47 10
47 11
47 12
47 13
47 14
47 15
47 16
47 17
47 18
48 9
48 10
48 11
48 12
48 13
48 14
48 15
48 16
48 17
48 18
49 9
49 10
49 11
49 12
49 13
49 14
49 15
0
Yes
17 0
17 1
17 2
17 3
17 4
17 5
17 6
17 7
18 0
18 1
18 2
18 3
18 4
18 5
18 6
18 7
19 0
19 1
19 2
19 3
19 4
19 5
19 6
19 7
20 0
20 1
20 2
20 3
20 4
20 5
20 6
20 7
21 0
21 1
21 2
21 3
21 4
21 5
21 6
21 7
22 0
22 1
22 2
22 3
22 4
22 5
22 6
0
Yes
46 19
46 20
46 21
46 22
47 19
47 20
47 21
47 22
48 19
48 20
48 21
48 22
49 19
49 20
49 21
49 22
0
Yes
4 25
4 26
3 25
3 26
5 25
5 26
4 24
4 27
3 24
3 27
5 24
5 27
2 25
2 26
6 25
6 26
2 24
2 27
4 23
4 28
6 24
6 27
3 23
3 28
5 23
5 28
1 25
1 26
7 25
7 26
2 23
2 28
6 28
1 24
1 27
7 24
7 27
4 22
4 29
3 22
3 29
5 22
5 29
1 23
1 28
7 23
7 28
0 25
0 26
2 22
2 29
6 29
0 24
0 27
4 21
4 30
1 22
1 29
3 21
3 30
5 21
5 30
7 29
0 23
0 28
2 21
2 30
6 21
6 30
0 22
0 29
1 21
1 30
7 30
4 20
4 31
3 20
3 31
5 20
5 31
2 20
2 31
6 20
6 31
0 21
0 30
1 20
1 31
7 20
7 31
4 19
4 32
3 19
3 32
5 19
5 32
0 20
0 31
2 19
2 32
6 19
6 32
1 19
1 32
7 19
7 32
4 18
4 33
3 18
3 33
5 18
5 33
0 19
0 32
2 18
2 33
6 18
6 33
1 18
1 33
7 18
0 18
0 33
4 17
3 17
5 17
2 17
6 17
1 17
7 17
0 17
0
No
0
Yes
48 0
48 1
48 2
48 3
48 4
49 0
49 1
49 2
49 3
49 4
0
No
0
Yes
0 42
0 43
0 44
0 45
0 46
0 47
0 48
0 49
1 42
1 43
1 44
1 45
1 46
1 47
1 48
1 49
2 42
2 43
2 44
2 45
2 46
2 47
2 48
2 49
3 42
3 43
3 44
3 45
3 46
3 47
3 48
3 49
4 42
4 43
4 44
4 45
4 46
4 47
4 48
4 49
5 42
5 43
5 44
5 45
5 46
5 47
5 48
5 49
6 42
6 43
6 44
6 45
6 46
6 47
6 48
6 49
7 42
7 43
7 44
7 45
7 46
7 47
7 48
7 49
8 42
8 43
8 44
8 45
8 46
8 47
8 48
8 49
9 42
9 43
9 44
9 45
9 46
9 47
9 48
9 49
10 42
10 43
10 44
10 45
10 46
10 47
10 48
10 49
11 42
11 43
11 44
11 45
11 46
11 47
11 48
11 49
12 42
12 43
12 44
12 45
12 46
0
Yes
12 8
12 9
12 10
12 11
12 12
12 13
12 14
13 8
13 9
13 10
13 11
13 12
13 13
13 14
14 8
14 9
14 10
14 11
14 12
14 13
14 14
15 8
15 9
15 10
15 11
15 12
15 13
15 14
16 8
16 9
16 10
16 11
16 12
16 13
16 14
17 8
17 9
17 10
17 11
17 12
17 13
17 14
18 8
18 9
18 10
18 11
18 12
18 13
18 14
19 8
19 9
19 10
19 11
19 12
19 13
19 14
20 8
20 9
20 10
20 11
20 12
20 13
20 14
21 8
21 9
21 10
21 11
21 12
21 13
21 14
22 8
22 9
22 10
22 11
22 12
22 13
22 14
23 8
23 9
23 10
23 11
23 12
23 13
23 14
24 8
24 9
24 10
0
Yes
39 0
39 1
39 2
39 3
39 4
39 5
39 6
39 7
40 0
40 1
40 2
40 3
40 4
40 5
40 6
40 7
41 0
41 1
41 2
41 3
41 4
41 5
41 6
41 7
42 0
42 1
42 2
42 3
42 4
42 5
42 6
42 7
43 0
43 1
43 2
43 3
43 4
43 5
43 6
43 7
44 0
44 1
44 2
44 3
44 4
44 5
44 6
44 7
45 0
45 1
45 2
45 3
45 4
45 5
45 6
45 7
46 0
46 1
46 2
46 3
46 4
46 5
46 6
46 7
47 0
47 1
47 2
47 3
47 4
0
Yes
9 18
9 19
9 20
9 21
9 22
9 23
10 18
10 19
10 20
10 21
10 22
10 23
11 18
11 19
11 20
11 21
11 22
11 23
12 18
12 19
12 20
12 21
12 22
12 23
13 18
13 19
13 20
13 21
13 22
13 23
14 18
14 19
14 20
14 21
14 22
14 23
0
Yes
35 38
35 39
35 40
36 38
36 39
36 40
37 38
37 39
37 40
38 38
38 39
38 40
39 38
39 39
0
No
0
No
0
No
0
No
0
Yes
45 43
44 43
45 42
45 44
46 43
44 42
44 44
46 42
46 44
43 43
45 41
45 45
47 43
43 42
44 41
44 45
46 41
46 45
47 42
47 44
43 41
43 45
47 41
47 45
42 43
45 40
45 46
48 43
42 42
42 44
44 40
44 46
46 40
46 46
48 42
48 44
42 41
42 45
43 40
43 46
47 40
48 41
48 45
41 43
45 39
45 47
49 43
41 42
41 44
44 39
44 47
46 39
46 47
49 42
49 44
42 40
42 46
48 40
41 41
41 45
43 39
43 47
47 39
49 41
49 45
40 43
41 40
41 46
42 39
42 47
45 38
45 48
48 39
49 40
40 42
40 44
44 38
44 48
46 38
46 48
40 41
40 45
43 38
43 48
47 38
41 39
41 47
49 39
40 40
40 46
42 38
42 48
48 38
45 37
45 49
44 37
44 49
46 37
46 49
43 37
43 49
47 37
40 39
40 47
41 38
41 48
49 38
42 37
42 49
48 37
45 36
40 38
40 48
44 36
46 36
41 37
41 49
49 37
43 36
47 36
42 36
48 36
40 37
40 49
41 36
49 36
40 36
0
Yes
27 7
27 8
27 9
27 10
27 11
27 12
27 13
27 14
28 7
28 8
28 9
28 10
28 11
28 12
28 13
28 14
29 7
29 8
29 9
29 10
29 11
29 12
29 13
29 14
30 7
30 8
30 9
30 10
30 11
30 12
30 13
30 14
31 7
31 8
31 9
31 10
31 11
31 12
31 13
31 14
32 7
32 8
32 9
32 10
32 11
32 12
32 13
32 14
33 7
33 8
33 9
33 10
33 11
33 12
33 13
33 14
34 7
34 8
34 9
34 10
34 11
34 12
34 13
34 14
35 7
35 8
35 9
35 10
35 11
35 12
35 13
35 14
36 7
36 8
36 9
36 10
36 11
36 12
36 13
36 14
37 7
37 8
37 9
37 10
37 11
37 12
37 13
37 14
38 7
38 8
38 9
38 10
38 11
0
Yes
0 0
0 1
1 0
1 1
0
Yes
11 8
11 9
11 10
11 11
11 12
11 13
11 14
12 8
12 9
12 10
12 11
12 12
12 13
12 14
13 8
13 9
13 10
13 11
13 12
13 13
13 14
14 8
14 9
14 10
14 11
14 12
14 13
14 14
15 8
15 9
15 10
15 11
15 12
15 13
15 14
16 8
16 9
16 10
16 11
16 12
16 13
16 14
17 8
17 9
17 10
17 11
17 12
17 13
17 14
18 8
18 9
18 10
18 11
18 12
18 13
18 14
19 8
19 9
19 10
19 11
19 12
19 13
19 14
20 8
20 9
20 10
20 11
20 12
20 13
20 14
21 8
21 9
21 10
21 11
21 12
21 13
21 14
22 8
22 9
22 10
22 11
22 12
22 13
22 14
23 8
0
No
0
No
0
No
0
Yes
24 19
24 20
24 21
24 22
24 23
24 24
24 25
24 26
24 27
24 28
24 29
24 30
24 31
24 32
25 19
25 20
25 21
25 22
25 23
25 24
25 25
25 26
25 27
25 28
25 29
25 30
25 31
25 32
26 19
26 20
26 21
26 22
26 23
26 24
26 25
26 26
26 27
26 28
26 29
26 30
26 31
26 32
27 19
27 20
27 21
27 22
27 23
27 24
27 25
27 26
27 27
27 28
27 29
27 30
27 31
27 32
28 19
28 20
28 21
28 22
28 23
28 24
28 25
28 26
28 27
28 28
28 29
28 30
28 31
28 32
29 19
29 20
29 21
29 22
29 23
29 24
29 25
29 26
29 27
29 28
29 29
29 30
29 31
29 32
30 19
30 20
30 21
30 22
30 23
30 24
30 25
30 26
30 27
30 28
30 29
30 30
30 31
30 32
31 19
0
No
0
Yes
27 7
27 8
27 9
27 10
27 11
27 12
27 13
27 14
27 15
27 16
27 17
28 7
28 8
28 9
28 10
28 11
28 12
28 13
28 14
28 15
28 16
28 17
29 7
29 8
29 9
29 10
29 11
29 12
29 13
29 14
29 15
29 16
29 17
30 7
30 8
30 9
30 10
30 11
30 12
30 13
30 14
30 15
30 16
30 17
31 7
31 8
31 9
31 10
31 11
31 12
31 13
31 14
31 15
31 16
31 17
32 7
32 8
32 9
32 10
32 11
32 12
32 13
32 14
32 15
32 16
32 17
33 7
33 8
33 9
33 10
33 11
33 12
33 13
33 14
33 15
33 16
33 17
34 7
34 8
34 9
34 10
34 11
34 12
34 13
34 14
34 15
34 16
34 17
35 7
35 8
35 9
35 10
35 11
35 12
0
Yes
44 6
44 7
43 6
43 7
45 6
45 7
44 5
43 5
43 8
45 5
45 8
42 6
42 7
46 6
46 7
42 5
42 8
44 4
46 5
46 8
43 4
43 9
44 9
45 4
45 9
41 6
41 7
47 6
47 7
42 4
42 9
46 4
46 9
41 5
41 8
47 5
47 8
44 3
44 10
43 3
43 10
45 3
45 10
41 4
41 9
47 4
47 9
40 6
40 7
42 3
42 10
46 3
46 10
48 6
48 7
40 5
40 8
48 5
48 8
44 2
44 11
41 3
41 10
43 2
43 11
45 2
45 11
47 3
47 10
40 4
40 9
48 9
42 2
42 11
46 2
46 11
39 6
39 7
49 6
49 7
39 5
39 8
49 5
49 8
40 3
40 10
48 10
41 2
41 11
47 2
47 11
44 1
44 12
39 4
39 9
43 1
43 12
45 1
45 12
49 9
42 1
42 12
46 1
46 12
38 6
38 7
40 2
40 11
48 11
39 3
39 10
49 10
38 5
38 8
41 1
41 12
47 1
47 12
38 4
38 9
44 0
43 0
45 0
39 2
39 11
49 11
40 1
40 12
42 0
46 0
48 12
38 3
38 10
41 0
47 0
39 1
39 12
49 12
38 2
38 11
40 0
38 12
39 0
0
Yes
45 20
44 20
45 19
45 21
46 20
44 19
44 21
46 19
46 21
43 20
45 18
47 20
43 21
44 18
44 22
46 18
46 22
47 19
47 21
43 18
43 22
47 18
47 22
42 20
45 17
48 20
42 19
42 21
44 17
44 23
45 23
46 17
46 23
48 19
48 21
42 18
42 22
43 17
43 23
47 17
47 23
48 18
48 22
41 20
45 16
45 24
49 20
41 19
41 21
44 16
44 24
46 16
46 24
49 19
49 21
42 17
42 23
48 17
48 23
41 18
41 22
43 16
43 24
47 16
47 24
49 18
49 22
40 20
41 17
41 23
42 16
42 24
45 15
45 25
48 16
48 24
49 17
49 23
40 19
40 21
44 15
44 25
46 15
46 25
40 18
40 22
43 15
43 25
47 15
47 25
41 16
41 24
49 16
49 24
40 17
40 23
42 15
42 25
48 15
48 25
45 14
45 26
44 14
44 26
46 14
46 26
43 14
43 26
47 14
47 26
40 16
40 24
41 15
41 25
49 15
49 25
42 14
42 26
48 14
48 26
45 13
45 27
40 15
40 25
44 13
44 27
46 13
46 27
41 14
41 26
49 14
49 26
43 13
43 27
47 13
47 27
42 13
42 27
48 13
48 27
40 14
40 26
41 13
41 27
49 13
49 27
40 13
40 27
0
Yes
0 14
0 15
0 16
0 17
0 18
0 19
0 20
0 21
0 22
0 23
1 14
1 15
1 16
1 17
1 18
1 19
1 20
1 21
1 22
1 23
2 14
2 15
2 16
2 17
2 18
2 19
2 20
2 21
2 22
2 23
3 14
3 15
3 16
3 17
3 18
3 19
3 20
3 21
3 22
3 23
4 14
4 15
4 16
4 17
4 18
4 19
4 20
4 21
4 22
4 23
5 14
5 15
5 16
5 17
5 18
5 19
5 20
5 21
5 22
5 23
6 14
6 15
6 16
6 17
6 18
0
Yes
27 7
27 8
27 9
27 10
27 11
27 12
27 13
27 14
27 15
28 7
28 8
28 9
28 10
28 11
28 12
28 13
28 14
28 15
29 7
29 8
29 9
29 10
29 11
29 12
29 13
29 14
29 15
30 7
30 8
30 9
30 10
30 11
30 12
30 13
30 14
30 15
31 7
31 8
31 9
31 10
31 11
31 12
31 13
31 14
31 15
32 7
32 8
32 9
32 10
32 11
32 12
32 13
32 14
32 15
33 7
33 8
33 9
33 10
33 11
33 12
33 13
33 14
33 15
34 7
34 8
34 9
34 10
34 11
34 12
34 13
34 14
34 15
35 7
35 8
35 9
35 10
35 11
35 12
35 13
35 14
35 15
36 7
36 8
36 9
36 10
36 11
36 12
36 13
36 14
36 15
37 7
37 8
37 9
37 10
37 11
37 12
0
Yes
4 31
4 32
5 31
5 32
3 31
3 32
4 30
4 33
5 30
5 33
6 31
6 32
3 30
3 33
6 30
6 33
2 31
2 32
4 29
4 34
5 29
5 34
7 31
7 32
2 30
2 33
3 29
3 34
6 29
6 34
7 30
1 31
1 32
2 29
2 34
4 28
4 35
5 28
5 35
7 29
7 34
8 31
8 32
1 30
1 33
3 28
3 35
6 28
6 35
8 30
1 29
1 34
2 28
2 35
7 28
7 35
8 29
8 34
0 31
0 32
4 27
4 36
5 27
5 36
0 30
0 33
3 27
3 36
6 27
6 36
1 28
8 28
8 35
0 29
0 34
2 27
2 36
7 27
7 36
4 26
4 37
5 26
5 37
0 28
0 35
1 27
3 26
3 37
6 26
6 37
8 27
8 36
2 26
2 37
7 26
7 37
0 27
0 36
1 26
4 25
4 38
5 25
5 38
8 26
8 37
3 25
3 38
6 25
6 38
2 25
2 38
7 25
7 38
0 26
0 37
1 25
8 38
4 24
5 24
3 24
6 24
0 25
2 24
7 24
1 24
0 24
0
Yes
0 2
0 3
1 2
1 3
0
No
0
Yes
31 20
31 21
31 22
32 20
32 21
32 22
33 20
33 21
33 22
34 20
34 21
34 22
35 20
35 21
35 22
0
No
0
Yes
33 43
33 44
33 45
33 46
33 47
33 48
33 49
34 43
34 44
34 45
34 46
34 47
34 48
34 49
35 43
35 44
35 45
35 46
35 47
35 48
35 49
36 43
36 44
36 45
36 46
36 47
36 48
36 49
37 43
37 44
37 45
37 46
37 47
37 48
37 49
38 43
38 44
38 45
38 46
38 47
38 48
38 49
39 43
39 44
39 45
39 46
39 47
39 48
39 49
0
Yes
0 39
0 40
0 41
1 39
1 40
1 41
2 39
2 40
2 41
3 39
3 40
3 41
4 39
4 40
4 41
0
Yes
17 0
17 1
17 2
17 3
17 4
17 5
17 6
17 7
17 8
18 0
18 1
18 2
18 3
18 4
18 5
18 6
18 7
18 8
19 0
19 1
19 2
19 3
19 4
19 5
19 6
19 7
19 8
20 0
20 1
20 2
20 3
20 4
20 5
20 6
20 7
20 8
21 0
21 1
21 2
21 3
21 4
21 5
21 6
21 7
21 8
22 0
22 1
22 2
22 3
22 4
22 5
22 6
22 7
0
No
0
Yes
47 46
47 47
47 48
47 49
48 46
48 47
48 48
48 49
49 46
49 47
49 48
49 49
0
Yes
14 37
14 38
15 37
15 38
13 37
13 38
14 36
14 39
15 36
15 39
16 37
16 38
13 36
13 39
16 36
16 39
12 37
12 38
14 35
14 40
15 35
15 40
17 37
17 38
12 36
12 39
13 35
13 40
16 35
16 40
17 36
17 39
11 37
11 38
12 35
12 40
14 34
14 41
15 34
15 41
17 35
17 40
18 37
18 38
11 36
11 39
13 34
13 41
16 34
16 41
18 36
18 39
11 35
11 40
12 34
12 41
17 34
17 41
18 35
18 40
10 37
10 38
14 33
15 33
19 37
19 38
10 36
10 39
13 33
16 33
19 36
19 39
11 34
11 41
18 34
18 41
10 35
10 40
12 33
17 33
19 35
19 40
9 37
9 38
20 37
20 38
9 36
9 39
10 34
10 41
11 33
18 33
19 34
19 41
20 36
20 39
9 35
9 40
20 35
20 40
19 33
9 34
9 41
20 34
20 41
8 39
8 40
20 33
8 41
0
Yes
23 0
23 1
23 2
23 3
23 4
23 5
24 0
24 1
24 2
24 3
24 4
24 5
25 0
25 1
25 2
25 3
25 4
25 5
26 0
26 1
26 2
26 3
26 4
26 5
27 0
27 1
27 2
27 3
27 4
27 5
28 0
28 1
28 2
28 3
28 4
28 5
29 0
29 1
29 2
29 3
29 4
29 5
30 0
30 1
30 2
30 3
30 4
30 5
31 0
31 1
31 2
31 3
31 4
31 5
0
Yes
32 0
32 1
32 2
32 3
32 4
33 0
33 1
33 2
33 3
33 4
34 0
34 1
34 2
34 3
34 4
35 0
35 1
35 2
35 3
35 4
36 0
36 1
36 2
36 3
36 4
37 0
37 1
37 2
37 3
0
Yes
44 4
43 4
44 3
44 5
45 4
43 3
43 5
45 3
45 5
42 4
44 2
44 6
46 4
42 3
42 5
43 2
43 6
45 2
45 6
46 3
46 5
42 2
42 6
46 2
46 6
41 4
44 1
44 7
47 4
41 3
41 5
43 1
43 7
45 1
45 7
47 3
47 5
41 2
41 6
42 1
42 7
46 1
46 7
47 2
47 6
40 4
44 0
48 4
40 3
40 5
43 0
45 0
48 3
48 5
41 1
41 7
47 1
47 7
40 2
40 6
42 0
46 0
48 2
48 6
39 4
40 1
40 7
41 0
47 0
48 1
48 7
49 4
39 3
39 5
49 3
49 5
39 2
39 6
49 2
49 6
40 0
48 0
39 1
39 7
49 1
49 7
38 4
38 3
38 5
38 2
0
Yes
8 0
8 1
8 2
9 0
9 1
9 2
10 0
10 1
10 2
11 0
11 1
11 2
12 0
12 1
12 2
13 0
13 1
13 2
14 0
14 1
14 2
0
No
0
Yes
0 17
0 18
0 19
0 20
0 21
0 22
0 23
1 17
1 18
1 19
1 20
1 21
1 22
1 23
2 17
2 18
2 19
2 20
2 21
2 22
2 23
3 17
3 18
3 19
3 20
3 21
3 22
3 23
4 17
4 18
4 19
4 20
4 21
4 22
4 23
5 17
5 18
5 19
5 20
5 21
5 22
5 23
6 17
6 18
6 19
6 20
6 21
0
Yes
32 0
32 1
32 2
32 3
32 4
32 5
32 6
33 0
33 1
33 2
33 3
33 4
33 5
33 6
34 0
34 1
34 2
34 3
34 4
34 5
34 6
35 0
35 1
35 2
35 3
35 4
35 5
35 6
36 0
36 1
36 2
36 3
36 4
36 5
36 6
37 0
37 1
0
Yes
31 20
31 21
31 22
32 20
32 21
32 22
33 20
33 21
33 22
0
Yes
33 24
33 25
34 24
34 25
0
Yes
9 34
9 35
9 36
9 37
9 38
9 39
9 40
9 41
10 34
10 35
10 36
10 37
10 38
10 39
10 40
10 41
11 34
11 35
11 36
11 37
11 38
11 39
11 40
11 41
12 34
12 35
12 36
12 37
12 38
12 39
12 40
12 41
13 34
13 35
13 36
13 37
13 38
13 39
13 40
13 41
14 34
14 35
14 36
14 37
14 38
14 39
14 40
14 41
15 34
15 35
15 36
15 37
15 38
15 39
15 40
15 41
16 34
16 35
16 36
16 37
16 38
16 39
16 40
16 41
17 34
17 35
17 36
17 37
17 38
17 39
17 40
17 41
18 34
18 35
18 36
18 37
18 38
18 39
18 40
18 41
19 34
19 35
19 36
19 37
19 38
19 39
19 40
19 41
20 34
20 35
20 36
20 37
20 38
20 39
20 40
20 41
21 34
21 35
21 36
21 37
21 38
21 39
0
Yes
31 27
31 28
31 29
31 30
31 31
31 32
31 33
31 34
31 35
31 36
32 27
32 28
32 29
32 30
32 31
32 32
32 33
32 34
32 35
32 36
33 27
33 28
33 29
33 30
33 31
33 32
33 33
33 34
33 35
33 36
34 27
34 28
34 29
34 30
34 31
34 32
34 33
34 34
34 35
34 36
35 27
35 28
35 29
35 30
35 31
35 32
35 33
35 34
35 35
35 36
36 27
36 28
36 29
36 30
36 31
36 32
36 33
36 34
0
Yes
16 37
15 37
16 36
16 38
17 37
15 36
15 38
17 36
17 38
14 37
16 35
16 39
18 37
14 36
14 38
15 35
15 39
17 35
17 39
18 36
18 38
14 35
14 39
18 35
18 39
13 37
16 34
16 40
19 37
13 36
13 38
15 34
15 40
17 34
17 40
19 36
19 38
13 35
13 39
14 34
14 40
18 34
18 40
19 35
19 39
12 37
16 33
16 41
20 37
12 36
12 38
15 33
15 41
17 33
17 41
20 36
20 38
13 34
13 40
19 34
19 40
12 35
12 39
14 33
14 41
18 33
18 41
20 35
20 39
11 37
12 34
12 40
13 33
13 41
16 32
19 33
19 41
20 34
20 40
21 37
11 36
11 38
15 32
17 32
21 36
21 38
11 35
11 39
14 32
18 32
21 35
21 39
12 33
12 41
20 33
20 41
11 34
11 40
13 32
19 32
21 34
21 40
10 37
10 36
10 38
22 36
22 38
10 35
10 39
22 35
22 39
11 33
11 41
12 32
20 32
21 33
21 41
10 34
10 40
22 34
22 40
9 37
9 36
9 38
23 36
23 38
10 41
22 33
22 41
9 35
9 39
23 35
23 39
9 34
9 40
23 34
23 40
22 32
9 41
23 33
23 41
8 39
8 40
23 32
0
Yes
43 9
43 10
43 11
43 12
43 13
43 14
43 15
43 16
43 17
43 18
44 9
44 10
44 11
44 12
44 13
44 14
44 15
44 16
44 17
44 18
45 9
45 10
45 11
45 12
45 13
45 14
45 15
45 16
45 17
45 18
46 9
46 10
46 11
46 12
46 13
46 14
46 15
46 16
46 17
46 18
47 9
47 10
47 11
47 12
47 13
47 14
47 15
47 16
47 17
47 18
48 9
48 10
48 11
48 12
48 13
48 14
48 15
48 16
48 17
48 18
49 9
49 10
49 11
49 12
49 13
49 14
49 15
49 16
49 17
0
No
0
Yes
2 0
2 1
3 0
3 1
4 0
4 1
5 0
5 1
0
No
0
Yes
35 38
35 39
35 40
36 38
36 39
36 40
37 38
37 39
37 40
38 38
38 39
38 40
39 38
39 39
0
Yes
44 0
44 1
44 2
44 3
44 4
44 5
45 0
45 1
45 2
45 3
45 4
45 5
46 0
46 1
46 2
46 3
46 4
46 5
47 0
47 1
47 2
47 3
47 4
47 5
48 0
48 1
48 2
48 3
48 4
48 5
49 0
49 1
49 2
49 3
49 4
49 5
0
Yes
24 17
24 18
24 19
24 20
24 21
24 22
24 23
24 24
24 25
24 26
24 27
24 28
25 17
25 18
25 19
25 20
25 21
25 22
25 23
25 24
25 25
25 26
25 27
25 28
26 17
26 18
26 19
26 20
26 21
26 22
26 23
26 24
26 25
26 26
26 27
26 28
27 17
27 18
27 19
27 20
27 21
27 22
27 23
27 24
27 25
27 26
27 27
27 28
28 17
28 18
28 19
28 20
28 21
28 22
28 23
28 24
28 25
28 26
28 27
28 28
29 17
29 18
29 19
29 20
29 21
29 22
29 23
29 24
29 25
29 26
29 27
29 28
30 17
30 18
30 19
30 20
30 21
30 22
30 23
30 24
30 25
30 26
30 27
30 28
31 17
31 18
31 19
0
Yes
5 19
5 20
5 21
6 19
6 20
6 21
7 19
7 20
0
Yes
31 24
31 25
32 24
32 25
0
Yes
23 0
23 1
23 2
23 3
23 4
23 5
24 0
24 1
24 2
24 3
24 4
24 5
25 0
25 1
25 2
25 3
25 4
25 5
26 0
26 1
26 2
26 3
26 4
26 5
27 0
27 1
27 2
27 3
27 4
27 5
28 0
28 1
28 2
28 3
28 4
28 5
29 0
29 1
29 2
29 3
29 4
29 5
0
Yes
44 23
44 24
44 25
44 26
44 27
44 28
44 29
45 23
45 24
45 25
45 26
45 27
45 28
45 29
46 23
46 24
46 25
46 26
46 27
46 28
46 29
47 23
47 24
47 25
47 26
47 27
47 28
47 29
48 23
48 24
48 25
48 26
48 27
48 28
48 29
49 23
49 24
49 25
49 26
49 27
49 28
49 29
0
No
0
Yes
40 0
40 1
40 2
40 3
41 0
41 1
41 2
41 3
42 0
42 1
42 2
42 3
43 0
43 1
43 2
43 3
0
Yes
5 11
5 12
4 11
4 12
6 11
6 12
5 10
4 10
4 13
6 10
3 11
3 12
7 11
7 12
3 10
3 13
5 9
7 10
7 13
4 9
4 14
5 14
6 9
6 14
2 11
2 12
8 11
8 12
3 9
3 14
7 9
7 14
2 10
2 13
8 10
8 13
5 8
5 15
4 8
4 15
6 8
6 15
2 9
2 14
8 9
8 14
1 11
1 12
3 8
3 15
7 8
7 15
9 11
9 12
1 10
1 13
9 10
9 13
5 7
5 16
2 8
2 15
4 7
4 16
6 7
6 16
8 8
8 15
1 9
1 14
9 9
9 14
3 7
3 16
7 7
7 16
0 11
0 12
0 10
0 13
1 8
1 15
9 8
9 15
2 7
2 16
8 7
8 16
5 6
5 17
0 9
0 14
4 6
4 17
6 6
6 17
3 6
3 17
7 6
7 17
1 7
1 16
9 7
9 16
0 8
0 15
2 6
2 17
8 6
8 17
5 5
5 18
4 5
4 18
6 5
6 18
0 7
0 16
1 6
1 17
3 5
3 18
7 5
7 18
9 6
9 17
2 5
2 18
8 5
8 18
0 6
0 17
5 4
6 4
1 5
1 18
9 5
9 18
3 4
7 4
2 4
8 4
0 5
0 18
0
Yes
0 4
0 5
0 6
0 7
0 8
0 9
0 10
1 4
1 5
1 6
1 7
1 8
1 9
1 10
2 4
2 5
2 6
2 7
2 8
2 9
2 10
3 4
3 5
3 6
3 7
3 8
3 9
0
Yes
30 0
30 1
30 2
30 3
30 4
30 5
30 6
31 0
31 1
31 2
31 3
31 4
31 5
31 6
32 0
32 1
32 2
32 3
32 4
32 5
32 6
33 0
33 1
33 2
33 3
33 4
33 5
33 6
34 0
34 1
34 2
34 3
34 4
0
Yes
0 11
0 12
0 13
0 14
0 15
0 16
0 17
0 18
1 11
1 12
1 13
1 14
1 15
1 16
1 17
1 18
2 11
2 12
2 13
2 14
2 15
2 16
2 17
2 18
3 11
3 12
3 13
3 14
3 15
3 16
3 17
3 18
4 11
4 12
4 13
4 14
4 15
0
Yes
31 24
31 25
32 24
32 25
33 24
33 25
34 24
34 25
0
Yes
0 26
0 27
0 28
0 29
0 30
0 31
0 32
1 26
1 27
1 28
1 29
1 30
1 31
1 32
2 26
2 27
2 28
2 29
2 30
2 31
2 32
3 26
3 27
3 28
3 29
3 30
3 31
3 32
4 26
4 27
4 28
4 29
4 30
4 31
4 32
5 26
5 27
5 28
5 29
5 30
5 31
5 32
6 26
6 27
6 28
6 29
6 30
6 31
6 32
7 26
7 27
7 28
7 29
7 30
7 31
7 32
8 26
8 27
8 28
8 29
8 30
8 31
8 32
9 26
9 27
9 28
9 29
9 30
9 31
0
Yes
32 16
32 17
33 16
33 17
34 16
34 17
35 16
35 17
0
Yes
10 27
10 28
10 29
11 27
11 28
11 29
12 27
12 28
12 29
13 27
13 28
0
No
0
Yes
39 9
39 10
39 11
39 12
39 13
39 14
39 15
39 16
39 17
39 18
40 9
40 10
40 11
40 12
40 13
40 14
40 15
40 16
40 17
40 18
41 9
41 10
41 11
41 12
41 13
41 14
41 15
41 16
41 17
41 18
42 9
42 10
42 11
42 12
42 13
42 14
42 15
42 16
42 17
42 18
43 9
43 10
43 11
43 12
43 13
43 14
43 15
43 16
43 17
43 18
44 9
44 10
44 11
44 12
44 13
44 14
44 15
44 16
44 17
44 18
45 9
45 10
45 11
45 12
45 13
45 14
45 15
45 16
45 17
45 18
46 9
46 10
46 11
46 12
46 13
46 14
46 15
46 16
46 17
46 18
47 9
47 10
47 11
47 12
47 13
47 14
47 15
47 16
47 17
47 18
48 9
48 10
48 11
48 12
48 13
48 14
48 15
48 16
48 17
48 18
49 9
49 10
49 11
49 12
49 13
49 14
49 15
49 16
49 17
0
Yes
23 6
23 7
23 8
23 9
24 6
24 7
24 8
24 9
25 6
25 7
25 8
25 9
26 6
26 7
0
Yes
0 43
0 44
0 45
0 46
0 47
0 48
0 49
1 43
1 44
1 45
1 46
1 47
1 48
1 49
2 43
2 44
2 45
2 46
2 47
2 48
2 49
3 43
3 44
3 45
3 46
3 47
3 48
3 49
4 43
4 44
4 45
4 46
4 47
4 48
4 49
5 43
5 44
5 45
5 46
5 47
5 48
5 49
6 43
6 44
6 45
6 46
6 47
6 48
6 49
7 43
7 44
7 45
7 46
7 47
7 48
7 49
8 43
8 44
8 45
8 46
8 47
8 48
0
Yes
0 23
0 24
0 25
1 23
1 24
1 25
2 23
2 24
2 25
3 23
3 24
3 25
4 23
4 24
4 25
5 23
5 24
5 25
0
No
0
Yes
30 2
30 3
30 4
30 5
30 6
30 7
30 8
30 9
30 10
30 11
30 12
30 13
30 14
30 15
31 2
31 3
31 4
31 5
31 6
31 7
31 8
31 9
31 10
31 11
31 12
31 13
31 14
31 15
32 2
32 3
32 4
32 5
32 6
32 7
32 8
32 9
32 10
32 11
32 12
32 13
32 14
32 15
33 2
33 3
33 4
33 5
33 6
33 7
33 8
33 9
33 10
33 11
33 12
33 13
33 14
33 15
34 2
34 3
34 4
34 5
34 6
34 7
34 8
34 9
34 10
34 11
34 12
34 13
34 14
34 15
35 2
35 3
35 4
35 5
35 6
35 7
35 8
35 9
35 10
35 11
35 12
35 13
35 14
35 15
36 2
36 3
36 4
36 5
36 6
36 7
36 8
36 9
36 10
36 11
36 12
36 13
36 14
36 15
37 2
37 3
37 4
37 5
37 6
37 7
37 8
37 9
37 10
37 11
37 12
37 13
37 14
37 15
38 2
38 3
38 4
38 5
38 6
38 7
38 8
38 9
38 10
38 11
38 12
38 13
38 14
0
Yes
22 6
22 7
22 8
22 9
22 10
22 11
23 6
23 7
23 8
23 9
23 10
23 11
24 6
24 7
24 8
24 9
24 10
24 11
25 6
25 7
25 8
25 9
0
Yes
39 4
39 5
39 6
39 7
39 8
40 4
40 5
40 6
40 7
40 8
41 4
41 5
41 6
41 7
41 8
42 4
42 5
42 6
42 7
42 8
43 4
43 5
43 6
43 7
43 8
0
Yes
45 43
45 44
44 43
44 44
46 43
46 44
45 42
45 45
44 42
44 45
46 42
46 45
43 43
47 43
47 44
43 42
43 45
45 41
45 46
47 42
47 45
44 41
44 46
46 41
46 46
42 43
42 44
48 43
48 44
43 41
43 46
47 41
42 42
42 45
48 42
48 45
45 40
45 47
44 40
44 47
46 40
46 47
42 41
42 46
48 41
41 43
41 44
43 40
43 47
47 40
49 43
49 44
41 42
41 45
49 42
49 45
45 39
45 48
42 40
42 47
44 39
44 48
46 39
46 48
48 40
41 41
41 46
49 41
43 39
43 48
47 39
40 43
40 44
40 42
40 45
41 40
41 47
49 40
42 39
42 48
48 39
45 38
45 49
40 41
40 46
44 38
44 49
46 38
46 49
43 38
43 49
47 38
41 39
41 48
49 39
40 40
40 47
42 38
42 49
48 38
45 37
44 37
46 37
40 39
40 48
41 38
41 49
43 37
47 37
49 38
42 37
48 37
40 38
40 49
0
Yes
44 13
44 14
45 13
45 14
43 13
43 14
44 12
44 15
45 12
45 15
46 13
46 14
43 12
43 15
46 12
46 15
42 13
42 14
44 11
44 16
45 11
45 16
47 13
47 14
42 12
42 15
43 11
43 16
46 11
46 16
47 12
47 15
41 13
41 14
42 11
42 16
44 10
44 17
45 10
45 17
47 11
47 16
48 13
48 14
41 12
41 15
43 10
43 17
46 10
46 17
48 12
48 15
41 11
41 16
42 10
42 17
47 10
47 17
48 11
48 16
40 13
40 14
44 9
44 18
45 9
45 18
49 13
49 14
40 12
40 15
43 9
43 18
46 9
46 18
49 12
49 15
41 10
41 17
48 10
48 17
40 11
40 16
42 9
42 18
47 9
47 18
49 11
49 16
39 13
39 14
45 8
39 12
39 15
40 10
40 17
41 9
41 18
46 8
48 9
48 18
49 10
49 17
39 11
39 16
47 8
40 9
40 18
49 9
49 18
39 10
39 17
48 8
39 9
39 18
49 8
0
Yes
0 0
0 1
1 0
1 1
2 0
2 1
3 0
3 1
4 0
4 1
0
Yes
32 43
32 44
32 45
32 46
32 47
32 48
32 49
33 43
33 44
33 45
33 46
33 47
33 48
33 49
34 43
34 44
34 45
34 46
34 47
34 48
34 49
35 43
35 44
35 45
35 46
35 47
35 48
35 49
36 43
36 44
36 45
36 46
36 47
36 48
36 49
37 43
37 44
37 45
37 46
37 47
37 48
37 49
38 43
38 44
38 45
38 46
38 47
38 48
38 49
39 43
39 44
39 45
39 46
39 47
39 48
0
Yes
0 19
0 20
0 21
0 22
0 23
0 24
0 25
0 26
0 27
0 28
1 19
1 20
1 21
1 22
1 23
1 24
1 25
1 26
1 27
1 28
2 19
2 20
2 21
2 22
2 23
2 24
2 25
2 26
2 27
2 28
3 19
3 20
3 21
3 22
3 23
3 24
3 25
3 26
3 27
3 28
4 19
4 20
4 21
4 22
4 23
4 24
4 25
4 26
4 27
4 28
5 19
5 20
5 21
5 22
5 23
5 24
5 25
5 26
5 27
5 28
0
Yes
15 47
15 48
15 49
16 47
16 48
16 49
17 47
17 48
17 49
18 47
18 48
18 49
0
No
0
Yes
15 42
15 43
15 44
16 42
16 43
16 44
17 42
17 43
17 44
18 42
18 43
18 44
19 42
19 43
19 44
20 42
20 43
20 44
0
Yes
5 4
5 5
5 6
5 7
5 8
5 9
5 10
5 11
5 12
6 4
6 5
6 6
6 7
6 8
6 9
6 10
6 11
6 12
7 4
7 5
7 6
7 7
7 8
7 9
7 10
7 11
7 12
8 4
8 5
8 6
8 7
8 8
8 9
8 10
8 11
8 12
9 4
9 5
9 6
9 7
9 8
9 9
9 10
9 11
9 12
10 4
10 5
10 6
10 7
10 8
10 9
10 10
10 11
10 12
11 4
11 5
11 6
11 7
11 8
11 9
11 10
11 11
11 12
12 4
12 5
12 6
12 7
12 8
12 9
12 10
12 11
0
Yes
45 0
45 1
45 2
45 3
45 4
46 0
46 1
46 2
46 3
46 4
47 0
47 1
47 2
47 3
47 4
48 0
48 1
48 2
48 3
48 4
49 0
49 1
49 2
49 3
49 4
0
No
0
Yes
19 8
20 8
19 7
19 9
20 7
20 9
18 8
21 8
18 7
18 9
21 7
21 9
19 6
19 10
20 6
20 10
17 8
18 6
18 10
21 6
21 10
17 7
17 9
19 5
19 11
20 5
20 11
17 6
17 10
18 5
18 11
21 5
21 11
16 8
16 7
16 9
17 5
17 11
22 5
16 10
19 4
19 12
20 4
20 12
18 4
18 12
21 4
21 12
16 11
17 4
17 12
22 4
22 12
19 3
19 13
20 3
20 13
18 3
18 13
21 3
21 13
16 4
16 12
17 3
17 13
22 3
22 13
19 2
19 14
20 2
20 14
16 3
16 13
18 2
18 14
21 2
21 14
17 2
17 14
22 2
22 14
16 2
16 14
19 1
19 15
20 1
20 15
18 1
18 15
21 1
21 15
17 1
22 1
22 15
19 0
20 0
18 0
21 0
17 0
22 0
0
Yes
21 43
21 44
21 45
22 43
22 44
22 45
23 43
23 44
23 45
24 43
24 44
24 45
25 43
25 44
25 45
0
Yes
38 45
38 46
38 47
38 48
38 49
39 45
39 46
39 47
39 48
39 49
0
Yes
45 0
45 1
45 2
45 3
45 4
45 5
45 6
46 0
46 1
46 2
46 3
46 4
46 5
46 6
47 0
47 1
47 2
47 3
47 4
47 5
47 6
48 0
48 1
48 2
48 3
48 4
48 5
48 6
49 0
49 1
49 2
49 3
49 4
0
Yes
30 0
30 1
30 2
30 3
30 4
30 5
30 6
31 0
31 1
31 2
31 3
31 4
31 5
31 6
32 0
32 1
32 2
32 3
32 4
32 5
32 6
33 0
33 1
33 2
33 3
33 4
33 5
33 6
34 0
34 1
34 2
34 3
34 4
34 5
34 6
35 0
35 1
35 2
35 3
35 4
35 5
35 6
36 0
36 1
36 2
36 3
36 4
36 5
36 6
37 0
37 1
37 2
37 3
37 4
37 5
37 6
0
Yes
33 13
32 13
33 12
33 14
34 13
32 12
32 14
34 12
34 14
31 13
33 11
33 15
35 13
31 12
31 14
32 11
32 15
34 11
34 15
35 12
35 14
31 11
31 15
35 11
35 15
30 13
33 10
33 16
36 13
30 12
30 14
32 10
32 16
34 10
34 16
36 12
36 14
30 11
30 15
31 10
31 16
35 10
35 16
36 11
36 15
29 13
33 9
33 17
37 13
29 12
29 14
32 9
32 17
34 9
34 17
37 12
37 14
30 10
30 16
36 10
29 11
29 15
31 9
31 17
35 9
35 17
37 11
37 15
28 13
29 10
29 16
30 9
30 17
33 8
36 9
36 17
37 10
37 16
38 13
28 12
28 14
32 8
34 8
34 18
38 12
38 14
28 11
28 15
31 8
31 18
35 8
35 18
38 11
38 15
29 9
29 17
37 9
37 17
28 10
28 16
30 8
30 18
36 8
36 18
38 10
38 16
27 13
33 7
27 12
27 14
32 7
34 7
27 11
27 15
31 7
35 7
28 9
28 17
29 8
29 18
37 8
37 18
38 9
38 17
27 10
27 16
30 7
36 7
28 8
28 18
38 8
38 18
27 9
27 17
29 7
37 7
27 8
27 18
28 7
0
Yes
6 19
6 20
6 21
7 19
7 20
0
Yes
27 19
27 20
27 21
27 22
28 19
28 20
28 21
28 22
29 19
29 20
29 21
29 22
30 19
30 20
30 21
30 22
31 19
31 20
31 21
31 22
0
Yes
24 24
24 25
24 26
24 27
24 28
24 29
24 30
24 31
24 32
25 24
25 25
25 26
25 27
25 28
25 29
25 30
25 31
25 32
26 24
26 25
26 26
26 27
26 28
26 29
26 30
26 31
26 32
27 24
27 25
27 26
27 27
27 28
27 29
27 30
27 31
27 32
28 24
28 25
28 26
28 27
28 28
28 29
28 30
28 31
28 32
29 24
29 25
29 26
29 27
29 28
29 29
29 30
29 31
29 32
30 24
30 25
30 26
30 27
30 28
30 29
30 30
30 31
30 32
31 24
31 25
31 26
31 27
31 28
31 29
31 30
31 31
0
No
0
Yes
28 28
29 28
28 27
28 29
29 27
29 29
27 28
30 28
27 27
27 29
30 27
30 29
28 26
28 30
29 26
29 30
26 28
27 26
27 30
30 26
30 30
31 28
26 27
26 29
31 27
31 29
28 25
28 31
29 25
29 31
26 26
26 30
31 26
31 30
27 25
27 31
30 25
30 31
25 28
32 28
25 27
25 29
32 27
32 29
26 25
26 31
31 25
31 31
25 26
25 30
28 24
28 32
29 24
29 32
32 26
32 30
27 24
27 32
30 24
30 32
24 28
33 28
24 27
24 29
25 25
25 31
32 25
32 31
33 27
33 29
26 24
26 32
31 24
31 32
24 26
24 30
33 30
28 23
29 23
27 23
30 23
25 24
25 32
32 24
32 32
24 25
24 31
33 25
33 31
23 28
23 27
23 29
26 23
23 26
23 30
24 24
24 32
33 24
33 32
25 23
23 25
23 31
24 23
0
Yes
26 42
26 43
26 44
26 45
27 42
27 43
27 44
27 45
28 42
28 43
28 44
0
Yes
17 24
16 24
17 23
17 25
18 24
16 23
16 25
18 23
18 25
15 24
17 22
17 26
19 24
15 23
15 25
16 22
16 26
18 22
18 26
19 25
15 22
15 26
19 22
19 26
14 24
17 21
17 27
20 24
14 23
14 25
16 21
16 27
18 21
18 27
20 25
14 22
14 26
15 21
15 27
19 21
19 27
20 26
13 24
17 20
17 28
13 23
13 25
16 20
16 28
18 20
18 28
14 21
14 27
20 21
20 27
13 22
13 26
15 20
15 28
19 20
19 28
13 21
13 27
14 20
14 28
17 19
17 29
20 20
20 28
16 19
16 29
18 19
18 29
15 19
15 29
19 19
19 29
13 20
13 28
14 19
14 29
20 19
17 18
16 18
18 18
19 18
13 19
13 29
0
Yes
4 36
5 36
4 35
4 37
5 35
5 37
3 36
6 36
3 35
3 37
6 35
6 37
4 34
4 38
5 34
5 38
2 36
3 34
3 38
6 34
6 38
7 36
2 35
2 37
7 35
7 37
4 33
4 39
5 33
5 39
2 34
2 38
7 34
7 38
3 33
3 39
6 33
6 39
8 36
8 35
8 37
2 33
2 39
7 39
1 34
4 32
4 40
5 32
5 40
8 34
8 38
3 32
3 40
6 32
6 40
1 33
1 39
2 32
2 40
7 32
7 40
0 34
0 35
0 36
0 37
4 31
4 41
5 31
5 41
3 31
3 41
6 31
6 41
1 32
1 40
8 32
0 33
0 39
2 31
2 41
7 31
7 41
0 32
0 40
4 30
4 42
5 30
5 42
1 31
1 41
8 31
8 41
3 30
3 42
6 30
6 42
2 30
2 42
7 30
7 42
0 31
0 41
1 30
1 42
8 30
8 42
4 29
5 29
3 29
6 29
2 29
7 29
0 30
0 42
1 29
0
Yes
16 30
16 31
17 30
17 31
18 30
18 31
19 30
19 31
0
No
0
No
0
Yes
39 5
39 6
39 7
39 8
40 5
40 6
40 7
40 8
41 5
41 6
41 7
41 8
42 5
42 6
42 7
42 8
43 5
43 6
43 7
43 8
44 5
44 6
0
Yes
0 39
0 40
0 41
0 42
0 43
0 44
0 45
0 46
0 47
0 48
0 49
1 39
1 40
1 41
1 42
1 43
1 44
1 45
1 46
1 47
1 48
1 49
2 39
2 40
2 41
2 42
2 43
2 44
2 45
2 46
2 47
2 48
2 49
3 39
3 40
3 41
3 42
3 43
3 44
3 45
3 46
3 47
3 48
3 49
4 39
4 40
4 41
4 42
4 43
4 44
4 45
4 46
4 47
4 48
4 49
5 39
5 40
5 41
5 42
5 43
5 44
5 45
5 46
5 47
5 48
5 49
6 39
6 40
6 41
6 42
6 43
6 44
6 45
6 46
6 47
6 48
6 49
7 39
7 40
7 41
7 42
7 43
7 44
7 45
7 46
7 47
7 48
7 49
8 39
8 40
8 41
8 42
8 43
8 44
8 45
8 46
0
Yes
10 27
10 28
10 29
11 27
11 28
11 29
12 27
12 28
12 29
0
Yes
21 17
21 18
21 19
21 20
21 21
21 22
22 17
22 18
22 19
22 20
22 21
22 22
23 17
23 18
23 19
23 20
23 21
23 22
24 17
24 18
24 19
24 20
24 21
24 22
25 17
25 18
25 19
25 20
25 21
25 22
26 17
26 18
26 19
26 20
26 21
26 22
27 17
27 18
27 19
27 20
27 21
27 22
28 17
28 18
28 19
28 20
28 21
28 22
29 17
29 18
29 19
29 20
29 21
29 22
30 17
30 18
30 19
30 20
30 21
30 22
31 17
31 18
31 19
31 20
31 21
0
Yes
27 7
27 8
27 9
27 10
27 11
27 12
27 13
27 14
27 15
28 7
28 8
28 9
28 10
28 11
28 12
28 13
28 14
28 15
29 7
29 8
29 9
29 10
29 11
29 12
29 13
29 14
29 15
30 7
30 8
30 9
30 10
30 11
30 12
30 13
30 14
30 15
31 7
31 8
31 9
31 10
31 11
31 12
31 13
31 14
31 15
32 7
32 8
32 9
32 10
32 11
32 12
32 13
32 14
32 15
33 7
33 8
33 9
33 10
33 11
33 12
33 13
33 14
33 15
34 7
34 8
34 9
34 10
34 11
34 12
34 13
34 14
34 15
35 7
35 8
35 9
35 10
35 11
35 12
35 13
35 14
35 15
36 7
36 8
36 9
36 10
36 11
36 12
36 13
36 14
36 15
37 7
37 8
37 9
37 10
37 11
37 12
37 13
37 14
37 15
38 7
38 8
38 9
38 10
38 11
38 12
38 13
38 14
38 15
0
No
0
Yes
12 32
12 33
12 34
12 35
12 36
12 37
12 38
12 39
13 32
13 33
13 34
13 35
13 36
13 37
13 38
13 39
14 32
14 33
14 34
14 35
14 36
14 37
14 38
14 39
15 32
15 33
15 34
15 35
15 36
15 37
15 38
15 39
16 32
16 33
16 34
16 35
16 36
16 37
16 38
16 39
17 32
17 33
17 34
17 35
17 36
17 37
17 38
17 39
18 32
18 33
18 34
18 35
18 36
18 37
18 38
18 39
19 32
19 33
19 34
19 35
19 36
19 37
19 38
19 39
20 32
20 33
20 34
20 35
20 36
20 37
20 38
20 39
0
No
0
Yes
43 24
44 24
43 23
43 25
44 23
44 25
42 24
45 24
42 23
42 25
45 23
45 25
43 22
43 26
44 22
44 26
41 24
42 22
42 26
45 26
46 24
41 23
41 25
46 23
46 25
43 21
43 27
44 21
44 27
41 22
41 26
46 22
46 26
42 21
42 27
45 21
45 27
40 24
47 24
40 23
40 25
47 23
47 25
41 21
41 27
46 21
46 27
40 22
40 26
43 20
43 28
44 20
44 28
47 22
47 26
42 20
45 20
45 28
39 24
48 24
39 23
39 25
40 21
40 27
47 21
47 27
48 23
48 25
41 20
41 28
46 20
46 28
39 22
39 26
48 22
48 26
44 19
42 19
45 19
40 20
40 28
47 20
47 28
39 21
39 27
48 21
48 27
38 24
49 24
38 23
38 25
41 19
46 19
49 23
49 25
38 22
49 22
49 26
39 20
39 28
48 20
48 28
40 19
47 19
38 21
38 27
49 21
49 27
37 24
37 23
39 19
48 19
37 22
38 20
38 28
49 20
49 28
37 21
0
Yes
34 27
34 28
34 29
34 30
34 31
35 27
35 28
35 29
35 30
35 31
36 27
36 28
36 29
36 30
36 31
0
No
0
Yes
13 26
13 25
14 25
14 26
14 27
13 27
13 28
14 28
15 26
15 27
15 25
15 28
14 24
13 24
15 24
12 24
13 23
14 23
12 23
15 23
14 29
13 29
15 29
16 25
16 26
16 27
16 24
16 28
16 23
16 29
11 23
11 24
13 30
17 26
17 25
17 27
17 24
17 28
17 23
17 29
12 22
13 22
14 22
15 22
16 22
11 22
17 22
10 22
10 23
9 23
9 22
9 24
13 21
12 21
14 21
11 21
15 21
10 21
16 21
9 21
17 21
16 30
17 30
18 25
18 26
18 27
18 24
18 28
18 23
18 29
18 22
18 30
18 21
19 26
19 25
19 27
19 24
19 28
19 29
19 30
12 20
13 20
14 20
11 20
15 20
10 20
16 20
17 20
9 20
18 20
17 31
18 31
16 31
19 31
13 19
12 19
14 19
11 19
15 19
10 19
16 19
17 19
9 19
18 19
20 25
20 26
20 27
20 28
20 24
19 22
19 21
19 20
19 19
21 26
21 25
21 27
21 28
12 18
13 18
14 18
11 18
10 18
9 18
20 30
20 31
0
Yes
2 11
2 12
3 11
3 12
1 11
1 12
2 10
2 13
3 10
3 13
4 11
4 12
1 10
1 13
4 10
4 13
0 11
0 12
2 9
2 14
3 9
3 14
0 10
0 13
1 9
1 14
4 9
4 14
0 9
0 14
2 8
2 15
3 8
3 15
1 8
1 15
4 8
4 15
0 8
0 15
2 7
2 16
3 7
3 16
1 7
1 16
4 7
4 16
0 7
0 16
2 6
2 17
3 6
3 17
1 6
1 17
4 6
4 17
0 6
0 17
2 5
2 18
3 5
3 18
1 5
1 18
4 5
4 18
0 5
0 18
2 4
3 4
1 4
0 4
0
Yes
0 0
0 1
0 2
0 3
1 0
1 1
1 2
0
Yes
23 17
23 18
23 19
23 20
23 21
23 22
24 17
24 18
24 19
24 20
24 21
24 22
25 17
25 18
25 19
25 20
25 21
25 22
26 17
26 18
26 19
26 20
26 21
26 22
27 17
27 18
27 19
27 20
27 21
27 22
28 17
28 18
28 19
28 20
28 21
28 22
29 17
29 18
29 19
29 20
29 21
29 22
30 17
30 18
30 19
30 20
30 21
30 22
31 17
31 18
31 19
31 20
31 21
0
Yes
28 37
28 38
27 37
27 38
29 37
29 38
28 36
28 39
27 36
27 39
29 36
29 39
26 37
26 38
30 37
30 38
26 36
26 39
28 35
28 40
30 36
30 39
27 35
27 40
29 35
25 37
25 38
31 37
31 38
26 35
26 40
30 35
30 40
25 36
25 39
31 36
31 39
28 34
27 34
29 34
25 35
25 40
31 35
31 40
24 37
24 38
26 34
26 41
30 34
30 41
32 37
32 38
24 36
24 39
32 36
32 39
28 33
25 34
25 41
27 33
29 33
31 34
31 41
24 35
24 40
32 35
32 40
23 38
33 37
33 38
23 36
23 39
33 36
33 39
24 34
24 41
32 34
32 41
25 33
31 33
23 35
23 40
33 35
33 40
22 38
24 33
32 33
34 37
23 34
23 41
33 34
33 41
22 36
22 39
34 36
34 39
22 35
22 40
34 35
34 40
23 33
33 33
22 34
22 41
34 34
34 41
21 38
21 37
21 36
21 39
21 35
21 40
22 33
0
Yes
5 14
5 15
5 16
5 17
5 18
6 14
6 15
6 16
6 17
6 18
7 14
7 15
7 16
7 17
7 18
8 14
8 15
8 16
8 17
8 18
9 14
9 15
9 16
9 17
0
No
0
Yes
26 42
26 43
26 44
26 45
27 42
27 43
27 44
27 45
28 42
28 43
28 44
0
Yes
0 29
0 30
0 31
0 32
0 33
0 34
1 29
1 30
1 31
1 32
1 33
1 34
2 29
2 30
2 31
2 32
2 33
2 34
3 29
3 30
3 31
3 32
3 33
3 34
4 29
4 30
4 31
4 32
4 33
4 34
5 29
5 30
5 31
5 32
5 33
5 34
0
No
0
Yes
27 25
27 26
26 25
26 26
28 25
28 26
27 24
27 27
26 24
26 27
28 24
28 27
25 25
25 26
29 25
29 26
25 24
25 27
27 23
27 28
29 24
29 27
26 23
26 28
28 23
28 28
24 25
24 26
30 25
30 26
25 23
25 28
29 23
29 28
24 24
24 27
30 24
30 27
27 22
27 29
26 22
26 29
28 22
28 29
24 23
24 28
30 23
30 28
23 25
23 26
25 22
25 29
29 22
29 29
31 25
31 26
23 27
31 24
31 27
27 21
27 30
24 22
24 29
26 21
26 30
28 21
28 30
30 22
30 29
23 23
23 28
31 28
25 21
25 30
29 21
29 30
22 25
22 26
23 22
23 29
31 22
31 29
24 21
24 30
30 21
30 30
27 20
27 31
22 23
26 20
26 31
28 20
28 31
25 20
25 31
29 20
29 31
23 21
23 30
31 21
31 30
22 22
22 29
24 20
24 31
30 20
30 31
27 19
27 32
26 19
26 32
28 19
28 32
22 21
22 30
23 20
23 31
25 19
25 32
29 19
29 32
31 20
31 31
24 19
24 32
30 19
30 32
22 20
22 31
27 18
26 18
28 18
23 19
23 32
31 19
31 32
25 18
29 18
24 18
30 18
22 19
22 32
23 18
31 18
0
No
0
Yes
32 22
32 21
33 21
33 22
34 22
34 21
33 20
32 20
34 20
35 21
35 22
35 20
34 19
33 19
36 22
36 21
36 20
36 23
36 19
37 20
34 18
35 18
36 18
35 17
34 17
36 17
33 17
33 16
34 16
35 16
32 16
32 17
31 17
31 16
30 16
30 17
29 17
29 16
37 18
37 17
28 16
28 17
27 17
27 16
37 16
38 17
38 18
38 16
38 19
26 16
26 17
25 17
25 16
26 15
25 15
24 15
25 14
26 14
24 14
26 13
25 13
24 13
23 14
23 15
23 13
23 16
22 16
22 17
23 17
24 17
21 17
21 16
21 18
22 18
25 12
20 18
20 17
20 16
20 19
21 19
21 20
20 20
20 21
21 21
21 22
23 12
19 17
19 18
19 16
18 18
18 17
18 16
17 17
17 18
17 16
16 18
16 17
36 24
36 25
35 25
35 26
36 26
36 27
35 27
34 27
34 28
35 28
36 28
33 28
33 27
32 27
32 28
32 26
37 26
37 27
37 28
32 29
33 29
34 29
35 29
36 29
37 29
33 30
34 30
35 30
36 30
32 30
37 30
32 31
33 31
34 31
35 31
36 31
37 31
38 29
38 30
38 31
33 32
34 32
35 32
36 32
37 32
32 32
38 32
39 30
39 31
39 29
40 29
40 30
40 31
0
Yes
39 0
39 1
39 2
39 3
39 4
40 0
40 1
40 2
40 3
40 4
41 0
41 1
41 2
41 3
41 4
42 0
42 1
42 2
42 3
42 4
43 0
43 1
43 2
43 3
43 4
44 0
44 1
0
Yes
6 26
6 27
6 28
6 29
6 30
6 31
6 32
7 26
7 27
7 28
7 29
7 30
7 31
7 32
8 26
8 27
8 28
8 29
8 30
8 31
8 32
9 26
9 27
9 28
9 29
9 30
9 31
9 32
10 26
10 27
10 28
0
No
0
Yes
28 25
28 26
27 25
27 26
29 25
29 26
28 24
28 27
27 24
27 27
29 24
29 27
26 25
26 26
30 25
30 26
26 24
26 27
28 23
28 28
30 24
30 27
27 23
27 28
29 23
29 28
25 25
25 26
31 25
31 26
26 23
26 28
30 23
30 28
25 24
25 27
31 24
31 27
28 22
28 29
27 22
27 29
29 22
29 29
25 23
25 28
31 28
24 25
24 26
26 22
26 29
30 22
30 29
32 25
32 26
24 24
24 27
32 24
32 27
28 21
28 30
25 22
25 29
27 21
27 30
29 21
29 30
31 22
31 29
24 23
24 28
32 28
26 21
26 30
30 21
30 30
23 25
23 26
23 27
24 22
24 29
32 22
32 29
25 21
25 30
31 21
31 30
28 20
28 31
23 23
23 28
27 20
27 31
29 20
29 31
26 20
26 31
30 20
30 31
24 21
24 30
32 21
32 30
23 22
23 29
25 20
25 31
31 20
31 31
28 19
28 32
27 19
27 32
29 19
29 32
23 21
23 30
24 20
24 31
26 19
26 32
30 19
30 32
32 20
32 31
25 19
25 32
31 19
31 32
23 20
23 31
28 18
27 18
29 18
24 19
24 32
32 32
26 18
30 18
25 18
31 18
23 19
23 32
24 18
23 18
0
Yes
42 11
42 12
42 13
42 14
42 15
42 16
42 17
42 18
43 11
43 12
43 13
43 14
43 15
43 16
43 17
43 18
44 11
44 12
44 13
44 14
44 15
44 16
44 17
44 18
45 11
45 12
45 13
45 14
45 15
45 16
45 17
45 18
46 11
46 12
46 13
46 14
46 15
46 16
46 17
46 18
47 11
47 12
47 13
47 14
47 15
47 16
47 17
47 18
48 11
48 12
48 13
48 14
48 15
48 16
48 17
48 18
49 11
49 12
49 13
49 14
49 15
49 16
49 17
49 18
0
Yes
20 24
19 24
19 25
20 25
21 25
20 26
19 26
21 26
18 25
18 24
18 26
18 23
22 26
22 25
17 24
17 25
17 23
17 26
19 27
20 27
21 27
18 27
17 27
17 22
18 22
19 22
19 21
18 21
17 21
20 21
20 20
19 20
18 20
17 20
20 28
19 28
18 28
21 28
17 28
16 23
16 24
16 25
16 22
16 26
16 21
16 27
16 20
16 28
21 20
21 21
21 22
22 22
22 21
22 20
22 23
15 24
15 23
15 25
15 22
15 26
15 21
15 27
15 20
15 28
19 19
20 19
21 19
18 19
17 19
16 19
22 19
15 19
19 29
18 29
17 29
16 29
15 29
20 18
19 18
21 18
18 18
17 18
16 18
22 18
14 23
14 24
14 25
14 22
14 26
14 21
14 27
14 20
14 28
14 19
14 29
18 30
17 30
16 30
19 30
20 30
13 24
13 23
13 25
13 22
13 26
13 21
13 27
13 20
13 28
13 19
13 29
20 31
19 31
18 31
17 31
16 31
19 17
20 17
21 17
18 17
17 17
22 17
16 17
0
No
0
Yes
47 46
47 47
47 48
47 49
48 46
48 47
48 48
48 49
49 46
49 47
49 48
49 49
0
No
0
Yes
47 7
47 8
47 9
47 10
48 7
48 8
48 9
48 10
49 7
49 8
49 9
49 10
0
Yes
30 2
30 3
30 4
30 5
30 6
30 7
30 8
30 9
30 10
30 11
30 12
30 13
30 14
30 15
31 2
31 3
31 4
31 5
31 6
31 7
31 8
31 9
31 10
31 11
31 12
31 13
31 14
31 15
32 2
32 3
32 4
32 5
32 6
32 7
32 8
32 9
32 10
32 11
32 12
32 13
32 14
32 15
33 2
33 3
33 4
33 5
33 6
33 7
33 8
33 9
33 10
33 11
33 12
33 13
33 14
33 15
34 2
34 3
34 4
34 5
34 6
34 7
34 8
34 9
34 10
34 11
34 12
34 13
34 14
34 15
35 2
35 3
35 4
35 5
35 6
35 7
35 8
35 9
35 10
35 11
35 12
35 13
35 14
35 15
36 2
36 3
36 4
36 5
36 6
36 7
36 8
36 9
36 10
36 11
36 12
36 13
36 14
36 15
37 2
37 3
37 4
37 5
37 6
37 7
37 8
37 9
37 10
37 11
37 12
37 13
37 14
37 15
38 2
38 3
38 4
38 5
38 6
38 7
38 8
38 9
38 10
38 11
38 12
38 13
38 14
38 15
39 2
39 3
39 4
39 5
39 6
39 7
39 8
39 9
39 10
39 11
39 12
39 13
39 14
0
Yes
17 14
18 14
18 15
16 14
17 13
18 13
18 16
17 16
19 14
19 15
16 13
19 13
19 16
15 14
15 15
17 12
17 17
18 12
18 17
20 14
20 15
15 13
16 12
16 17
19 12
19 17
20 13
20 16
14 14
14 15
15 12
17 11
17 18
18 11
18 18
20 12
20 17
21 14
21 15
14 13
14 16
16 11
16 18
19 11
19 18
21 13
21 16
14 12
14 17
15 11
20 11
20 18
21 12
21 17
13 14
13 15
17 10
17 19
18 10
18 19
22 14
22 15
13 13
13 16
16 10
16 19
19 10
19 19
22 13
22 16
14 11
14 18
21 11
21 18
13 12
13 17
15 10
15 19
20 10
20 19
22 12
22 17
12 14
12 15
17 9
17 20
18 9
18 20
12 13
12 16
13 11
13 18
14 10
14 19
16 9
16 20
19 9
19 20
21 10
21 19
22 18
12 12
12 17
15 9
15 20
20 9
20 20
13 10
13 19
22 19
12 18
14 9
14 20
17 8
17 21
18 8
18 21
21 9
21 20
16 8
16 21
19 8
19 21
15 8
15 21
20 8
20 21
12 19
13 9
13 20
22 20
14 8
14 21
21 8
21 21
17 7
18 7
16 7
19 7
12 20
13 8
13 21
20 7
22 21
14 7
21 7
0
Yes
43 9
43 10
43 11
43 12
43 13
43 14
43 15
43 16
43 17
43 18
44 9
44 10
44 11
44 12
44 13
44 14
44 15
44 16
44 17
44 18
45 9
45 10
45 11
45 12
45 13
45 14
45 15
45 16
45 17
45 18
46 9
46 10
46 11
46 12
46 13
46 14
46 15
46 16
46 17
46 18
47 9
47 10
47 11
47 12
47 13
47 14
47 15
47 16
47 17
47 18
48 9
48 10
48 11
48 12
48 13
48 14
48 15
48 16
48 17
48 18
49 9
49 10
49 11
49 12
49 13
49 14
49 15
0
Yes
3 10
3 11
2 10
2 11
4 10
4 11
3 9
3 12
2 9
2 12
4 9
4 12
1 10
1 11
1 9
1 12
3 8
3 13
2 8
2 13
4 8
4 13
0 10
0 11
1 8
1 13
0 9
0 12
3 7
3 14
2 7
2 14
4 7
4 14
0 8
0 13
1 7
1 14
5 14
3 6
3 15
0 7
0 14
2 6
2 15
4 6
4 15
1 6
1 15
5 15
0 6
0 15
3 5
3 16
2 5
2 16
4 5
4 16
1 5
1 16
5 16
0 5
0 16
3 4
2 4
1 4
0 4
0
Yes
5 0
5 1
5 2
5 3
6 0
6 1
6 2
6 3
7 0
7 1
7 2
7 3
8 0
8 1
8 2
8 3
0
No
0
No
0
No
0
Yes
11 0
11 1
11 2
11 3
12 0
12 1
12 2
12 3
13 0
13 1
13 2
13 3
14 0
14 1
14 2
14 3
0
Yes
16 37
15 37
16 36
16 38
17 37
15 36
15 38
17 36
17 38
14 37
16 35
16 39
18 37
14 36
14 38
15 35
15 39
17 35
17 39
18 36
18 38
14 35
14 39
18 35
18 39
13 37
16 34
16 40
19 37
13 36
13 38
15 34
15 40
17 34
17 40
19 36
19 38
13 35
13 39
14 34
14 40
18 34
18 40
19 35
19 39
12 37
16 33
16 41
20 37
12 36
12 38
15 33
15 41
17 33
17 41
20 36
20 38
13 34
13 40
19 34
19 40
12 35
12 39
14 33
14 41
18 33
18 41
20 35
20 39
11 37
12 34
12 40
13 33
13 41
16 32
19 33
19 41
20 34
20 40
11 36
11 38
15 32
17 32
11 35
11 39
14 32
18 32
12 33
12 41
20 33
20 41
11 34
11 40
13 32
19 32
11 33
11 41
12 32
0
Yes
0 24
0 25
0 26
0 27
0 28
0 29
0 30
0 31
0 32
0 33
1 24
1 25
1 26
1 27
1 28
1 29
1 30
1 31
1 32
1 33
2 24
2 25
2 26
2 27
2 28
2 29
2 30
2 31
2 32
2 33
3 24
3 25
3 26
3 27
3 28
3 29
3 30
3 31
3 32
3 33
4 24
4 25
4 26
4 27
4 28
4 29
4 30
4 31
4 32
4 33
5 24
5 25
5 26
5 27
5 28
5 29
5 30
5 31
5 32
5 33
6 24
6 25
6 26
6 27
6 28
6 29
6 30
6 31
6 32
6 33
7 24
7 25
7 26
7 27
7 28
7 29
7 30
7 31
7 32
0
No
0
No
0
Yes
27 25
26 25
27 24
27 26
28 25
26 24
26 26
28 24
28 26
25 25
27 23
27 27
29 25
25 24
25 26
26 23
26 27
28 23
28 27
29 24
29 26
25 23
25 27
29 23
29 27
24 25
27 22
27 28
30 25
24 24
24 26
26 22
26 28
28 22
28 28
30 24
30 26
24 23
24 27
25 22
25 28
29 22
29 28
30 23
30 27
23 25
27 21
27 29
23 26
26 21
26 29
28 21
28 29
24 22
24 28
30 22
30 28
23 23
23 27
25 21
25 29
29 21
29 29
23 22
23 28
24 21
24 29
27 20
27 30
30 21
30 29
26 20
26 30
28 20
28 30
25 20
25 30
29 20
29 30
23 21
23 29
24 20
24 30
30 20
30 30
27 19
27 31
26 19
26 31
28 19
28 31
25 19
25 31
29 19
29 31
23 20
23 30
24 19
24 31
30 19
30 31
27 18
27 32
26 18
26 32
28 18
28 32
23 19
23 31
25 18
25 32
29 18
29 32
24 18
24 32
30 18
30 32
27 17
23 18
23 32
26 17
28 17
25 17
29 17
24 17
30 17
23 17
0
Yes
21 34
21 35
21 36
21 37
22 34
22 35
22 36
0
No
0
Yes
31 27
31 28
31 29
31 30
31 31
31 32
31 33
31 34
32 27
32 28
32 29
32 30
32 31
32 32
32 33
32 34
33 27
33 28
33 29
33 30
33 31
33 32
33 33
33 34
34 27
34 28
34 29
34 30
34 31
34 32
34 33
34 34
35 27
35 28
35 29
35 30
35 31
35 32
35 33
35 34
36 27
36 28
36 29
36 30
36 31
36 32
36 33
36 34
37 27
37 28
37 29
37 30
37 31
37 32
37 33
37 34
38 27
38 28
38 29
38 30
0
No
0
No
0
Yes
42 0
42 1
42 2
42 3
42 4
42 5
42 6
42 7
43 0
43 1
43 2
43 3
43 4
43 5
43 6
43 7
44 0
44 1
44 2
44 3
44 4
44 5
44 6
44 7
45 0
45 1
45 2
45 3
45 4
45 5
45 6
45 7
46 0
46 1
46 2
46 3
46 4
46 5
46 6
46 7
47 0
47 1
47 2
47 3
47 4
47 5
47 6
47 7
48 0
48 1
48 2
48 3
48 4
48 5
48 6
48 7
49 0
49 1
49 2
0
Yes
30 0
30 1
30 2
30 3
30 4
30 5
30 6
30 7
30 8
31 0
31 1
31 2
31 3
31 4
31 5
31 6
31 7
31 8
32 0
32 1
32 2
32 3
32 4
32 5
32 6
32 7
32 8
33 0
33 1
33 2
33 3
33 4
33 5
33 6
33 7
33 8
34 0
34 1
34 2
34 3
34 4
34 5
34 6
34 7
34 8
35 0
35 1
35 2
35 3
35 4
35 5
35 6
35 7
35 8
36 0
36 1
36 2
36 3
36 4
36 5
36 6
36 7
36 8
37 0
37 1
37 2
37 3
0
Yes
31 24
31 25
31 26
32 24
32 25
32 26
33 24
33 25
0
Yes
2 34
2 35
2 36
2 37
2 38
3 34
3 35
3 36
3 37
3 38
4 34
4 35
4 36
4 37
4 38
5 34
5 35
5 36
5 37
5 38
6 34
6 35
6 36
6 37
6 38
7 34
7 35
7 36
7 37
7 38
8 34
8 35
8 36
8 37
8 38
9 34
9 35
9 36
9 37
9 38
10 34
10 35
10 36
10 37
10 38
0
Yes
36 13
35 13
36 12
36 14
37 13
35 12
35 14
37 12
37 14
34 13
36 11
36 15
38 13
34 12
34 14
35 11
35 15
37 11
37 15
38 12
38 14
34 11
34 15
38 11
38 15
33 13
36 10
39 13
33 12
33 14
35 10
35 16
37 10
37 16
39 12
39 14
33 11
33 15
34 10
34 16
38 10
38 16
39 11
39 15
32 13
36 9
40 13
32 12
32 14
35 9
37 9
40 12
40 14
33 10
33 16
39 10
39 16
32 11
32 15
34 9
38 9
40 11
40 15
31 13
32 10
32 16
33 9
39 9
40 10
40 16
41 13
31 12
31 14
41 12
41 14
31 11
31 15
41 11
41 15
32 9
40 9
31 10
31 16
41 10
41 16
30 13
42 13
30 12
30 14
42 12
42 14
30 11
30 15
42 11
42 15
31 9
41 9
30 10
30 16
42 10
42 16
29 13
29 12
29 14
30 9
42 9
29 11
29 15
29 10
29 16
28 13
28 12
28 14
29 9
28 11
28 15
28 10
28 16
0
No
0
No
0
No
0
Yes
21 38
21 39
21 40
21 41
22 38
22 39
22 40
22 41
23 38
23 39
23 40
23 41
24 38
24 39
24 40
24 41
25 38
25 39
25 40
0
Yes
43 24
43 25
44 24
44 25
42 24
42 25
43 23
43 26
44 23
44 26
45 24
45 25
42 23
42 26
45 23
45 26
41 24
41 25
43 22
43 27
44 22
44 27
46 24
46 25
41 23
41 26
42 22
42 27
45 27
46 23
46 26
40 24
40 25
41 22
41 27
43 21
43 28
44 21
44 28
46 22
46 27
47 24
47 25
40 23
40 26
42 21
45 21
45 28
47 23
47 26
40 22
40 27
41 21
41 28
46 21
46 28
47 22
47 27
39 24
39 25
43 20
44 20
44 29
48 24
48 25
39 23
39 26
42 20
45 20
45 29
48 23
48 26
40 21
40 28
47 21
47 28
39 22
39 27
41 20
41 29
46 20
46 29
48 22
48 27
38 24
38 25
44 19
49 24
49 25
38 23
39 21
39 28
40 20
40 29
42 19
45 19
47 20
47 29
48 21
48 28
49 23
49 26
38 22
41 19
46 19
49 22
49 27
39 20
39 29
48 20
48 29
37 24
38 21
40 19
47 19
49 21
49 28
37 23
37 22
38 20
39 19
48 19
49 20
49 29
37 21
38 19
49 19
37 20
0
Yes
17 46
17 47
18 47
16 46
16 45
16 47
19 47
19 46
17 48
18 48
15 46
16 44
17 44
18 44
16 48
19 44
19 48
20 46
15 45
15 47
20 45
20 47
17 43
17 49
18 43
18 49
15 44
15 48
20 44
20 48
16 43
16 49
19 43
19 49
14 46
21 46
14 45
14 47
21 45
21 47
15 43
15 49
20 43
20 49
14 44
14 48
17 42
18 42
21 44
21 48
16 42
19 42
13 46
22 46
13 45
13 47
14 43
14 49
21 43
21 49
22 45
22 47
15 42
20 42
13 44
13 48
22 44
22 48
14 42
13 43
13 49
22 43
22 49
12 46
23 46
12 45
12 47
23 45
23 47
12 44
23 44
23 48
12 43
12 49
23 43
23 49
11 46
24 46
11 45
11 47
24 45
24 47
11 44
11 48
12 42
24 44
24 48
11 43
11 49
24 43
24 49
10 46
25 46
10 45
10 47
25 45
25 47
11 42
10 44
10 48
25 44
25 48
10 43
10 49
25 43
25 49
9 46
10 42
9 45
9 47
9 44
9 48
9 43
9 49
9 42
0
Yes
31 24
31 25
31 26
32 24
32 25
32 26
33 24
33 25
0
No
0
Yes
0 19
0 20
0 21
0 22
0 23
1 19
1 20
1 21
1 22
1 23
2 19
2 20
2 21
2 22
2 23
3 19
3 20
3 21
3 22
3 23
4 19
4 20
4 21
4 22
4 23
5 19
5 20
5 21
5 22
5 23
0
Yes
19 0
19 1
19 2
19 3
19 4
19 5
20 0
20 1
20 2
20 3
20 4
20 5
21 0
21 1
21 2
21 3
21 4
21 5
22 0
22 1
22 2
22 3
22 4
22 5
23 0
23 1
23 2
23 3
23 4
23 5
24 0
24 1
24 2
24 3
24 4
24 5
25 0
25 1
25 2
25 3
25 4
25 5
26 0
26 1
26 2
26 3
26 4
26 5
27 0
27 1
27 2
27 3
27 4
27 5
28 0
28 1
28 2
28 3
28 4
28 5
29 0
29 1
29 2
29 3
29 4
0
Yes
5 4
5 5
5 6
5 7
5 8
5 9
5 10
5 11
5 12
6 4
6 5
6 6
6 7
6 8
6 9
6 10
6 11
6 12
7 4
7 5
7 6
7 7
7 8
7 9
7 10
7 11
7 12
8 4
8 5
8 6
8 7
8 8
8 9
8 10
8 11
8 12
9 4
9 5
9 6
9 7
9 8
9 9
9 10
9 11
9 12
10 4
10 5
10 6
10 7
10 8
10 9
10 10
10 11
10 12
11 4
11 5
11 6
11 7
11 8
11 9
11 10
0
No
0
Yes
32 45
32 46
32 47
32 48
32 49
33 45
33 46
33 47
33 48
33 49
34 45
34 46
34 47
34 48
34 49
35 45
35 46
35 47
35 48
35 49
36 45
36 46
36 47
36 48
36 49
37 45
37 46
37 47
37 48
37 49
0
No
0
No
0
Yes
22 8
22 9
22 10
22 11
23 8
23 9
23 10
23 11
24 8
24 9
24 10
24 11
25 8
0
No
0
Yes
0 0
0 1
0 2
0 3
1 0
1 1
1 2
1 3
0
Yes
44 13
44 14
44 15
44 16
44 17
44 18
44 19
44 20
44 21
45 13
45 14
45 15
45 16
45 17
45 18
45 19
45 20
45 21
46 13
46 14
46 15
46 16
46 17
46 18
46 19
46 20
46 21
47 13
47 14
47 15
47 16
47 17
47 18
47 19
47 20
47 21
48 13
48 14
48 15
48 16
48 17
48 18
48 19
48 20
48 21
49 13
49 14
49 15
49 16
49 17
49 18
49 19
0
Yes
31 24
31 25
31 26
32 24
32 25
32 26
33 24
33 25
0
Yes
9 0
9 1
9 2
10 0
10 1
10 2
11 0
11 1
11 2
12 0
12 1
12 2
13 0
13 1
13 2
0
Yes
9 34
9 35
9 36
9 37
9 38
9 39
9 40
9 41
10 34
10 35
10 36
10 37
10 38
10 39
10 40
10 41
11 34
11 35
11 36
11 37
11 38
11 39
11 40
11 41
12 34
12 35
12 36
12 37
12 38
12 39
12 40
12 41
13 34
13 35
13 36
13 37
13 38
13 39
13 40
13 41
14 34
14 35
14 36
14 37
14 38
14 39
14 40
14 41
15 34
15 35
15 36
15 37
15 38
15 39
15 40
15 41
16 34
16 35
16 36
16 37
16 38
16 39
16 40
16 41
17 34
17 35
17 36
17 37
17 38
17 39
17 40
17 41
18 34
18 35
18 36
18 37
18 38
18 39
18 40
18 41
19 34
19 35
19 36
19 37
19 38
19 39
0
Yes
20 27
20 28
21 27
21 28
0
Yes
44 0
44 1
44 2
44 3
44 4
44 5
44 6
45 0
45 1
45 2
45 3
45 4
45 5
45 6
46 0
46 1
46 2
46 3
46 4
46 5
46 6
47 0
47 1
47 2
47 3
47 4
47 5
47 6
48 0
48 1
48 2
48 3
48 4
48 5
48 6
49 0
49 1
49 2
49 3
49 4
49 5
0
Yes
17 0
17 1
17 2
17 3
17 4
17 5
17 6
18 0
18 1
18 2
18 3
18 4
18 5
18 6
19 0
19 1
19 2
19 3
19 4
19 5
19 6
20 0
20 1
20 2
20 3
20 4
20 5
20 6
21 0
21 1
21 2
21 3
21 4
21 5
21 6
22 0
22 1
22 2
22 3
22 4
22 5
22 6
23 0
23 1
23 2
23 3
23 4
23 5
23 6
24 0
24 1
24 2
24 3
24 4
24 5
24 6
25 0
25 1
25 2
25 3
25 4
25 5
0
Yes
27 28
28 28
27 27
27 29
28 27
28 29
26 28
29 28
26 27
26 29
29 27
29 29
27 26
27 30
28 26
28 30
25 28
26 26
26 30
29 26
29 30
30 28
25 27
25 29
30 27
30 29
27 25
27 31
28 25
28 31
25 26
25 30
30 26
30 30
26 25
26 31
29 25
29 31
24 28
24 27
24 29
25 25
25 31
30 25
30 31
24 26
24 30
27 24
27 32
28 24
28 32
26 24
26 32
29 24
29 32
23 28
23 27
23 29
24 25
24 31
25 24
25 32
30 24
30 32
23 26
23 30
27 23
28 23
26 23
29 23
24 24
24 32
23 25
23 31
25 23
30 23
23 32
24 23
0
Yes
46 22
46 23
46 24
46 25
46 26
46 27
46 28
46 29
47 22
47 23
47 24
47 25
47 26
47 27
47 28
47 29
48 22
48 23
48 24
48 25
48 26
48 27
48 28
48 29
49 22
49 23
49 24
49 25
49 26
49 27
49 28
0
Yes
3 2
3 1
4 1
4 0
2 1
3 0
2 0
0
Yes
33 2
33 3
33 4
33 5
33 6
33 7
33 8
33 9
33 10
33 11
34 2
34 3
34 4
34 5
34 6
34 7
34 8
34 9
34 10
34 11
35 2
35 3
35 4
35 5
35 6
35 7
35 8
35 9
35 10
35 11
36 2
36 3
36 4
36 5
36 6
36 7
36 8
36 9
36 10
36 11
37 2
37 3
37 4
37 5
37 6
37 7
37 8
37 9
37 10
37 11
38 2
38 3
38 4
38 5
38 6
38 7
38 8
38 9
38 10
38 11
39 2
39 3
39 4
39 5
39 6
39 7
39 8
39 9
39 10
39 11
40 2
40 3
40 4
40 5
40 6
40 7
40 8
40 9
40 10
40 11
41 2
41 3
41 4
41 5
41 6
41 7
41 8
41 9
41 10
41 11
42 2
42 3
42 4
42 5
42 6
42 7
42 8
42 9
42 10
42 11
43 2
43 3
43 4
43 5
43 6
43 7
43 8
43 9
43 10
0
Yes
26 0
26 1
26 2
26 3
26 4
26 5
27 0
27 1
27 2
27 3
27 4
27 5
28 0
28 1
28 2
28 3
28 4
28 5
29 0
29 1
29 2
29 3
29 4
29 5
30 0
30 1
30 2
30 3
30 4
30 5
31 0
31 1
31 2
31 3
31 4
31 5
32 0
32 1
32 2
32 3
0
No
0
Yes
25 14
25 15
25 16
25 17
25 18
25 19
25 20
25 21
25 22
26 14
26 15
26 16
26 17
26 18
26 19
26 20
26 21
26 22
27 14
27 15
27 16
27 17
27 18
27 19
27 20
27 21
27 22
28 14
28 15
28 16
28 17
28 18
28 19
28 20
28 21
28 22
29 14
29 15
29 16
29 17
29 18
29 19
29 20
29 21
29 22
30 14
30 15
30 16
30 17
30 18
30 19
30 20
30 21
30 22
31 14
31 15
31 16
31 17
31 18
31 19
31 20
31 21
0
Yes
43 45
43 46
44 45
44 46
42 45
42 46
43 47
44 44
44 47
45 45
45 46
42 44
42 47
45 44
45 47
41 45
41 46
43 48
44 43
43 43
44 48
46 45
46 46
41 44
41 47
42 43
42 48
45 43
45 48
46 44
46 47
40 45
40 46
41 43
41 48
43 42
43 49
44 42
44 49
46 43
46 48
47 45
47 46
40 44
40 47
42 42
42 49
45 42
45 49
47 44
47 47
40 43
40 48
41 42
41 49
46 42
46 49
47 43
47 48
39 45
39 46
43 41
44 41
48 45
48 46
39 44
39 47
42 41
45 41
48 44
48 47
40 42
40 49
47 42
47 49
39 43
39 48
41 41
46 41
48 43
48 48
38 45
38 46
49 45
49 46
38 44
38 47
39 42
39 49
40 41
47 41
48 42
48 49
49 44
49 47
38 43
38 48
49 43
49 48
39 41
48 41
37 45
37 46
38 49
49 42
49 49
37 44
37 47
37 43
37 48
49 41
0
Yes
43 34
43 35
43 36
43 37
43 38
43 39
43 40
44 34
44 35
44 36
44 37
44 38
44 39
44 40
45 34
45 35
45 36
45 37
45 38
45 39
45 40
46 34
46 35
46 36
46 37
46 38
46 39
46 40
47 34
47 35
47 36
47 37
47 38
47 39
47 40
48 34
48 35
48 36
48 37
48 38
48 39
48 40
49 34
49 35
49 36
49 37
49 38
49 39
49 40
0
Yes
27 32
26 32
27 31
27 33
28 32
26 31
28 31
28 33
25 32
27 30
27 34
29 32
25 31
25 33
26 30
26 34
28 30
28 34
29 31
29 33
25 30
25 34
29 30
29 34
24 32
27 29
27 35
30 32
24 31
24 33
26 29
26 35
28 29
28 35
30 31
24 30
24 34
25 29
25 35
29 29
29 35
30 30
30 34
23 32
27 28
27 36
23 31
23 33
26 28
26 36
28 28
28 36
24 29
24 35
30 29
30 35
23 30
23 34
25 28
25 36
29 28
29 36
23 29
23 35
24 28
24 36
27 27
27 37
30 28
30 36
26 27
26 37
28 27
28 37
25 27
25 37
29 27
29 37
23 28
23 36
24 27
24 37
30 27
30 37
27 26
27 38
26 26
26 38
28 26
28 38
25 26
25 38
29 26
29 38
23 27
24 26
24 38
30 26
30 38
27 25
27 39
26 25
26 39
28 25
28 39
23 26
23 38
25 25
25 39
29 25
29 39
24 25
24 39
30 25
30 39
27 24
27 40
23 25
23 39
26 24
26 40
28 24
28 40
25 24
25 40
29 24
24 24
24 40
30 24
30 40
23 40
27 23
26 23
28 23
25 23
29 23
0
No
0
Yes
39 18
39 19
38 18
38 19
40 18
40 19
39 17
39 20
38 17
38 20
40 17
40 20
37 18
41 18
41 19
37 17
37 20
39 16
39 21
41 17
41 20
38 16
38 21
40 16
40 21
36 18
36 19
42 18
42 19
37 16
37 21
41 16
41 21
36 17
36 20
42 17
42 20
39 15
39 22
38 15
38 22
40 15
40 22
36 21
42 16
42 21
35 18
37 15
37 22
41 15
41 22
43 18
35 17
35 20
43 17
43 20
39 14
39 23
36 15
36 22
38 14
38 23
40 14
40 23
42 15
42 22
35 16
35 21
43 16
43 21
37 14
37 23
41 14
41 23
34 18
34 19
34 17
34 20
35 15
35 22
43 15
43 22
36 14
36 23
42 14
42 23
39 13
39 24
34 16
34 21
38 13
38 24
40 13
40 24
37 13
37 24
41 13
41 24
35 14
43 14
43 23
34 15
34 22
36 13
36 24
42 13
42 24
39 12
38 12
40 12
34 14
35 13
37 12
41 12
43 13
43 24
36 12
42 12
34 13
0
Yes
5 0
5 1
5 2
5 3
6 0
6 1
6 2
6 3
7 0
7 1
7 2
7 3
8 0
8 1
8 2
8 3
0
No
0
Yes
44 10
44 11
44 12
44 13
44 14
44 15
44 16
44 17
44 18
44 19
44 20
44 21
45 10
45 11
45 12
45 13
45 14
45 15
45 16
45 17
45 18
45 19
45 20
45 21
46 10
46 11
46 12
46 13
46 14
46 15
46 16
46 17
46 18
46 19
46 20
46 21
47 10
47 11
47 12
47 13
47 14
47 15
47 16
47 17
47 18
47 19
47 20
47 21
48 10
48 11
48 12
48 13
48 14
48 15
48 16
48 17
48 18
48 19
48 20
48 21
49 10
49 11
49 12
49 13
49 14
49 15
49 16
49 17
49 18
49 19
49 20
0
Yes
44 32
44 33
44 34
44 35
44 36
44 37
44 38
44 39
44 40
45 32
45 33
45 34
45 35
45 36
45 37
45 38
45 39
45 40
46 32
46 33
46 34
46 35
46 36
46 37
46 38
46 39
46 40
47 32
47 33
47 34
47 35
47 36
47 37
47 38
47 39
47 40
48 32
48 33
48 34
48 35
48 36
48 37
48 38
48 39
48 40
49 32
49 33
49 34
49 35
49 36
49 37
49 38
49 39
0
No
0
No
0
Yes
17 0
17 1
17 2
17 3
17 4
17 5
17 6
18 0
18 1
18 2
18 3
18 4
18 5
18 6
19 0
19 1
19 2
19 3
19 4
19 5
19 6
20 0
20 1
20 2
20 3
20 4
20 5
20 6
21 0
21 1
21 2
21 3
21 4
21 5
21 6
22 0
22 1
22 2
22 3
22 4
22 5
22 6
23 0
23 1
23 2
23 3
23 4
23 5
23 6
24 0
24 1
0
Yes
0 5
0 6
0 7
0 8
0 9
0 10
0 11
0 12
1 5
1 6
1 7
1 8
1 9
1 10
1 11
1 12
2 5
2 6
2 7
2 8
2 9
2 10
2 11
2 12
3 5
3 6
3 7
3 8
3 9
3 10
3 11
3 12
4 5
4 6
4 7
4 8
4 9
4 10
4 11
4 12
5 5
5 6
5 7
5 8
5 9
5 10
5 11
5 12
6 5
6 6
6 7
6 8
6 9
6 10
6 11
6 12
7 5
7 6
7 7
7 8
7 9
7 10
7 11
7 12
8 5
8 6
8 7
8 8
8 9
8 10
8 11
8 12
9 5
9 6
9 7
9 8
9 9
9 10
0
No
0
Yes
0 42
0 43
0 44
0 45
0 46
0 47
0 48
0 49
1 42
1 43
1 44
1 45
1 46
1 47
1 48
1 49
2 42
2 43
2 44
2 45
2 46
2 47
2 48
2 49
3 42
3 43
3 44
3 45
3 46
3 47
3 48
3 49
4 42
4 43
4 44
4 45
4 46
4 47
4 48
4 49
5 42
5 43
5 44
5 45
5 46
5 47
5 48
5 49
6 42
6 43
6 44
6 45
6 46
6 47
6 48
6 49
7 42
7 43
7 44
7 45
7 46
7 47
7 48
7 49
0
Yes
29 2
29 3
29 4
29 5
29 6
29 7
29 8
29 9
29 10
29 11
29 12
29 13
30 2
30 3
30 4
30 5
30 6
30 7
30 8
30 9
30 10
30 11
30 12
30 13
31 2
31 3
31 4
31 5
31 6
31 7
31 8
31 9
31 10
31 11
31 12
31 13
32 2
32 3
32 4
32 5
32 6
32 7
32 8
32 9
32 10
32 11
32 12
32 13
33 2
33 3
33 4
33 5
33 6
33 7
33 8
33 9
33 10
33 11
33 12
33 13
34 2
34 3
34 4
34 5
34 6
34 7
34 8
34 9
34 10
34 11
34 12
34 13
35 2
35 3
35 4
35 5
35 6
35 7
35 8
35 9
35 10
35 11
35 12
35 13
36 2
36 3
36 4
36 5
36 6
36 7
36 8
36 9
36 10
36 11
36 12
36 13
37 2
37 3
37 4
37 5
37 6
37 7
37 8
37 9
37 10
37 11
37 12
37 13
38 2
38 3
38 4
38 5
38 6
38 7
38 8
38 9
38 10
38 11
38 12
38 13
39 2
39 3
39 4
39 5
39 6
39 7
39 8
39 9
39 10
39 11
39 12
0
Yes
36 1
35 1
36 0
37 1
35 0
37 0
34 1
34 0
33 1
33 0
0
Yes
0 13
0 14
0 15
0 16
0 17
0 18
0 19
1 13
1 14
1 15
1 16
1 17
1 18
1 19
2 13
2 14
2 15
2 16
2 17
2 18
2 19
3 13
3 14
3 15
3 16
3 17
3 18
3 19
4 13
4 14
4 15
4 16
4 17
4 18
4 19
0
Yes
40 9
40 10
40 11
40 12
40 13
40 14
40 15
40 16
40 17
40 18
41 9
41 10
41 11
41 12
41 13
41 14
41 15
41 16
41 17
41 18
42 9
42 10
42 11
42 12
42 13
42 14
42 15
42 16
42 17
42 18
43 9
43 10
43 11
43 12
43 13
43 14
43 15
43 16
43 17
43 18
44 9
44 10
44 11
44 12
44 13
44 14
44 15
44 16
44 17
44 18
45 9
45 10
45 11
45 12
45 13
45 14
45 15
45 16
45 17
45 18
46 9
46 10
46 11
46 12
46 13
46 14
46 15
46 16
46 17
46 18
47 9
47 10
47 11
47 12
47 13
47 14
47 15
47 16
47 17
47 18
48 9
48 10
48 11
48 12
48 13
48 14
48 15
48 16
48 17
48 18
49 9
49 10
49 11
49 12
0
Yes
23 23
22 23
24 23
23 22
22 22
24 22
21 22
0
Yes
26 42
26 43
26 44
26 45
27 42
27 43
27 44
27 45
28 42
28 43
28 44
0
Yes
0 39
0 40
0 41
0 42
0 43
0 44
0 45
0 46
0 47
0 48
0 49
1 39
1 40
1 41
1 42
1 43
1 44
1 45
1 46
1 47
1 48
1 49
2 39
2 40
2 41
2 42
2 43
2 44
2 45
2 46
2 47
2 48
2 49
3 39
3 40
3 41
3 42
3 43
3 44
3 45
3 46
3 47
3 48
3 49
4 39
4 40
4 41
4 42
4 43
4 44
4 45
4 46
4 47
4 48
4 49
5 39
5 40
5 41
5 42
5 43
5 44
5 45
5 46
5 47
5 48
5 49
6 39
6 40
6 41
6 42
6 43
6 44
6 45
6 46
6 47
6 48
6 49
7 39
7 40
7 41
7 42
7 43
7 44
7 45
7 46
7 47
7 48
7 49
8 39
8 40
8 41
8 42
0
Yes
5 18
5 19
5 20
5 21
6 18
6 19
6 20
6 21
7 18
7 19
7 20
0
Yes
4 26
4 27
3 26
3 27
5 26
5 27
4 25
4 28
3 25
3 28
5 25
5 28
2 26
2 27
6 26
6 27
2 25
2 28
4 24
4 29
6 25
6 28
3 24
3 29
5 24
5 29
1 26
1 27
7 26
7 27
2 24
2 29
6 24
6 29
1 25
1 28
7 25
7 28
4 23
4 30
3 23
3 30
5 23
5 30
1 24
1 29
7 24
7 29
0 26
0 27
2 23
2 30
6 30
0 25
0 28
4 22
4 31
1 23
1 30
3 22
3 31
5 22
5 31
7 23
7 30
0 24
0 29
2 22
2 31
6 31
0 23
0 30
1 22
1 31
7 31
4 21
4 32
3 21
3 32
5 32
2 21
2 32
6 32
0 22
0 31
1 21
1 32
7 32
4 20
3 20
0 21
0 32
2 20
1 20
0 20
0
Yes
17 0
17 1
17 2
17 3
17 4
17 5
17 6
18 0
18 1
18 2
18 3
18 4
18 5
18 6
19 0
19 1
19 2
19 3
19 4
19 5
19 6
20 0
20 1
20 2
20 3
20 4
20 5
20 6
21 0
21 1
21 2
21 3
21 4
21 5
21 6
22 0
22 1
22 2
22 3
22 4
22 5
22 6
23 0
23 1
23 2
23 3
0
Yes
24 0
24 1
24 2
24 3
24 4
24 5
25 0
25 1
25 2
25 3
25 4
25 5
26 0
26 1
26 2
26 3
26 4
26 5
27 0
27 1
27 2
27 3
27 4
27 5
28 0
28 1
28 2
28 3
28 4
28 5
29 0
29 1
0
Yes
43 32
43 33
43 34
43 35
43 36
43 37
43 38
43 39
43 40
44 32
44 33
44 34
44 35
44 36
44 37
44 38
44 39
44 40
45 32
45 33
45 34
45 35
45 36
45 37
45 38
45 39
45 40
46 32
46 33
46 34
46 35
46 36
46 37
46 38
46 39
46 40
47 32
47 33
47 34
47 35
47 36
47 37
47 38
47 39
47 40
48 32
48 33
48 34
48 35
48 36
48 37
48 38
48 39
48 40
49 32
49 33
49 34
49 35
49 36
49 37
49 38
49 39
49 40
0
Yes
23 17
23 18
23 19
23 20
23 21
23 22
24 17
24 18
24 19
24 20
24 21
24 22
25 17
25 18
25 19
25 20
25 21
25 22
26 17
26 18
26 19
26 20
26 21
26 22
27 17
27 18
27 19
27 20
27 21
27 22
28 17
28 18
28 19
28 20
28 21
28 22
29 17
29 18
29 19
29 20
29 21
29 22
30 17
30 18
30 19
30 20
30 21
30 22
31 17
31 18
31 19
0
Yes
17 0
17 1
17 2
17 3
17 4
17 5
17 6
18 0
18 1
18 2
18 3
18 4
18 5
18 6
19 0
19 1
19 2
19 3
19 4
19 5
19 6
20 0
20 1
20 2
20 3
20 4
20 5
20 6
21 0
21 1
21 2
21 3
21 4
21 5
21 6
22 0
22 1
22 2
22 3
22 4
22 5
22 6
23 0
23 1
23 2
23 3
23 4
23 5
23 6
0
Yes
33 21
34 21
33 20
33 22
34 20
34 22
32 21
35 21
32 20
32 22
35 20
35 22
33 19
34 19
31 21
31 20
31 22
0
Yes
14 37
13 37
14 36
14 38
15 37
13 36
13 38
15 36
15 38
12 37
14 35
14 39
16 37
12 36
12 38
13 35
13 39
15 35
15 39
16 36
16 38
12 35
12 39
16 35
16 39
11 37
14 34
14 40
17 37
11 36
11 38
13 34
13 40
15 34
15 40
17 36
17 38
11 35
11 39
12 34
12 40
16 34
16 40
17 35
17 39
10 37
14 33
14 41
18 37
10 36
10 38
13 33
13 41
15 33
15 41
18 36
18 38
11 34
11 40
17 34
17 40
10 35
10 39
12 33
12 41
16 33
16 41
18 35
18 39
9 37
10 34
10 40
11 33
11 41
14 32
17 33
17 41
18 34
18 40
19 37
9 36
9 38
13 32
15 32
19 36
19 38
9 35
9 39
12 32
16 32
19 35
19 39
10 41
18 33
18 41
9 34
9 40
17 32
19 34
19 40
8 37
8 36
8 38
8 35
9 41
18 32
19 33
19 41
8 34
19 32
0
Yes
45 0
45 1
45 2
45 3
45 4
45 5
46 0
46 1
46 2
46 3
46 4
46 5
47 0
47 1
47 2
47 3
47 4
47 5
48 0
48 1
48 2
48 3
48 4
48 5
49 0
49 1
49 2
49 3
49 4
49 5
0
Yes
40 9
40 10
40 11
40 12
40 13
40 14
40 15
40 16
40 17
40 18
41 9
41 10
41 11
41 12
41 13
41 14
41 15
41 16
41 17
41 18
42 9
42 10
42 11
42 12
42 13
42 14
42 15
42 16
42 17
42 18
43 9
43 10
43 11
43 12
43 13
43 14
43 15
43 16
43 17
43 18
44 9
44 10
44 11
44 12
44 13
44 14
44 15
44 16
44 17
44 18
45 9
45 10
45 11
45 12
45 13
45 14
45 15
45 16
45 17
45 18
46 9
46 10
46 11
46 12
46 13
46 14
46 15
46 16
46 17
46 18
47 9
47 10
47 11
47 12
47 13
47 14
47 15
47 16
47 17
47 18
48 9
48 10
48 11
48 12
48 13
48 14
48 15
48 16
48 17
48 18
49 9
49 10
49 11
49 12
49 13
49 14
49 15
0
Yes
4 22
4 23
3 22
3 23
5 22
5 23
4 21
4 24
3 21
3 24
5 21
5 24
2 22
2 23
2 21
2 24
4 20
4 25
6 21
6 24
3 20
3 25
5 20
5 25
1 22
1 23
2 20
2 25
6 20
6 25
1 21
1 24
7 24
7 23
4 19
4 26
3 19
3 26
5 19
5 26
1 20
1 25
7 20
7 25
0 22
0 23
2 19
2 26
6 19
6 26
0 21
0 24
4 18
4 27
1 19
1 26
3 18
3 27
5 18
5 27
7 19
7 26
0 20
0 25
2 18
2 27
6 18
6 27
0 19
0 26
1 18
1 27
7 18
7 27
4 17
4 28
3 17
3 28
5 17
5 28
2 17
2 28
6 17
6 28
0 18
0 27
1 17
1 28
7 17
7 28
4 16
4 29
3 16
3 29
5 16
5 29
0 17
0 28
2 16
2 29
6 16
6 29
1 16
1 29
7 16
7 29
4 15
4 30
3 15
3 30
5 15
5 30
0 16
0 29
2 15
2 30
6 15
6 30
1 15
1 30
7 15
7 30
0 15
0 30
4 14
3 14
5 14
2 14
6 14
1 14
7 14
0 14
0
Yes
0 0
0 1
0 2
1 0
1 1
1 2
2 0
2 1
0
No
0
Yes
13 22
13 23
13 24
13 25
13 26
14 22
14 23
14 24
14 25
14 26
15 22
15 23
15 24
15 25
15 26
16 22
16 23
16 24
16 25
16 26
17 22
17 23
17 24
17 25
17 26
0
Yes
20 46
19 46
20 45
20 47
21 46
19 47
21 45
21 47
20 44
20 48
22 46
18 47
19 44
19 48
21 44
21 48
22 45
22 47
18 44
18 48
22 44
22 48
20 43
20 49
23 46
17 47
17 46
19 43
19 49
21 43
21 49
23 45
23 47
17 44
17 48
18 43
18 49
22 43
22 49
23 44
23 48
16 46
20 42
24 46
16 45
16 47
19 42
24 45
24 47
17 43
17 49
23 43
23 49
16 44
16 48
18 42
24 44
24 48
15 46
16 43
16 49
17 42
24 43
24 49
25 46
15 45
15 47
25 45
25 47
15 44
15 48
25 44
25 48
16 42
15 43
15 49
25 43
25 49
14 46
26 46
14 45
14 47
26 47
14 44
14 48
26 48
15 42
14 43
14 49
26 49
13 46
13 45
13 47
14 42
13 44
13 48
13 43
13 49
0
Yes
31 27
31 28
31 29
31 30
31 31
31 32
32 27
32 28
32 29
32 30
32 31
32 32
33 27
33 28
33 29
33 30
33 31
33 32
34 27
34 28
34 29
34 30
34 31
34 32
35 27
35 28
35 29
35 30
35 31
35 32
36 27
36 28
36 29
36 30
36 31
36 32
37 27
37 28
37 29
37 30
37 31
37 32
38 27
38 28
38 29
38 30
38 31
38 32
39 27
39 28
39 29
0
Yes
32 42
32 43
32 44
32 45
32 46
32 47
32 48
32 49
33 42
33 43
33 44
33 45
33 46
33 47
33 48
33 49
34 42
34 43
34 44
34 45
34 46
34 47
34 48
34 49
35 42
35 43
35 44
35 45
35 46
35 47
35 48
35 49
36 42
36 43
36 44
36 45
36 46
36 47
36 48
0
Yes
33 35
33 36
34 35
34 36
32 35
32 36
33 34
33 37
34 34
34 37
35 35
35 36
32 34
32 37
35 34
31 35
31 36
33 33
34 33
36 35
31 34
31 37
32 33
35 33
36 34
31 33
0
No
0
Yes
42 0
42 1
42 2
42 3
42 4
42 5
42 6
42 7
43 0
43 1
43 2
43 3
43 4
43 5
43 6
43 7
44 0
44 1
44 2
44 3
44 4
44 5
44 6
44 7
45 0
45 1
45 2
45 3
45 4
45 5
45 6
45 7
46 0
46 1
46 2
46 3
46 4
46 5
46 6
46 7
47 0
47 1
47 2
47 3
47 4
47 5
47 6
47 7
48 0
48 1
48 2
48 3
48 4
48 5
48 6
48 7
49 0
49 1
49 2
49 3
49 4
0
Yes
19 25
19 26
19 27
19 28
20 25
20 26
20 27
20 28
21 25
21 26
21 27
21 28
22 25
22 26
0
No
0
No
0
Yes
0 41
0 42
0 43
0 44
0 45
0 46
0 47
0 48
0 49
1 41
1 42
1 43
1 44
1 45
1 46
1 47
1 48
1 49
2 41
2 42
2 43
2 44
2 45
2 46
2 47
2 48
2 49
3 41
3 42
3 43
3 44
3 45
3 46
3 47
3 48
3 49
4 41
4 42
4 43
4 44
4 45
4 46
4 47
4 48
4 49
5 41
5 42
5 43
5 44
5 45
5 46
5 47
5 48
5 49
6 41
6 42
6 43
6 44
6 45
6 46
6 47
6 48
6 49
7 41
7 42
7 43
7 44
7 45
7 46
7 47
7 48
7 49
8 41
8 42
8 43
8 44
8 45
8 46
8 47
8 48
8 49
0
Yes
44 41
44 42
44 43
44 44
44 45
44 46
44 47
44 48
44 49
45 41
45 42
45 43
45 44
45 45
45 46
45 47
45 48
45 49
46 41
46 42
46 43
46 44
46 45
46 46
46 47
46 48
46 49
47 41
47 42
47 43
47 44
47 45
47 46
47 47
47 48
47 49
48 41
48 42
48 43
48 44
48 45
48 46
48 47
48 48
48 49
49 41
49 42
49 43
49 44
49 45
49 46
49 47
0
Yes
0 26
0 27
0 28
0 29
0 30
0 31
0 32
1 26
1 27
1 28
1 29
1 30
1 31
1 32
2 26
2 27
2 28
2 29
2 30
2 31
2 32
3 26
3 27
3 28
3 29
3 30
3 31
3 32
4 26
4 27
4 28
4 29
4 30
4 31
4 32
5 26
5 27
5 28
5 29
5 30
5 31
5 32
6 26
6 27
6 28
6 29
6 30
6 31
6 32
7 26
7 27
7 28
7 29
7 30
7 31
7 32
8 26
8 27
8 28
8 29
8 30
8 31
8 32
9 26
9 27
9 28
9 29
9 30
9 31
9 32
10 26
10 27
10 28
10 29
0
No
0
Yes
11 33
11 34
11 35
11 36
11 37
11 38
11 39
11 40
11 41
12 33
12 34
12 35
12 36
12 37
12 38
12 39
12 40
12 41
13 33
13 34
13 35
13 36
13 37
13 38
13 39
13 40
13 41
14 33
14 34
14 35
14 36
14 37
14 38
14 39
14 40
14 41
15 33
15 34
15 35
15 36
15 37
15 38
15 39
15 40
15 41
16 33
16 34
16 35
16 36
16 37
16 38
16 39
16 40
16 41
17 33
17 34
17 35
17 36
17 37
17 38
17 39
17 40
17 41
18 33
18 34
18 35
18 36
18 37
18 38
18 39
18 40
18 41
19 33
19 34
19 35
19 36
19 37
19 38
19 39
19 40
19 41
20 33
20 34
20 35
20 36
20 37
20 38
20 39
20 40
20 41
21 33
21 34
21 35
21 36
21 37
21 38
0
Yes
46 20
46 21
47 20
47 21
45 20
45 21
46 19
47 19
48 20
48 21
45 19
48 19
44 20
44 21
49 20
49 21
44 19
0
Yes
5 0
5 1
5 2
5 3
6 0
6 1
6 2
6 3
7 0
7 1
7 2
7 3
8 0
8 1
8 2
8 3
9 0
9 1
9 2
0
Yes
27 25
28 25
27 24
27 26
28 24
28 26
26 25
29 25
26 24
26 26
29 24
29 26
27 23
27 27
28 23
28 27
25 25
26 23
26 27
29 23
29 27
30 25
25 24
25 26
30 24
30 26
27 22
27 28
28 22
28 28
25 23
25 27
30 23
30 27
26 22
26 28
29 22
29 28
24 25
31 25
24 24
24 26
31 24
31 26
25 22
25 28
30 22
30 28
24 23
24 27
27 21
27 29
28 21
28 29
26 21
26 29
29 21
29 29
23 25
23 26
24 22
24 28
31 22
25 21
25 29
30 21
30 29
23 23
23 27
27 20
27 30
28 20
28 30
26 20
26 30
29 20
29 30
24 21
24 29
31 21
23 22
23 28
25 20
25 30
30 20
30 30
23 21
23 29
27 19
27 31
28 19
28 31
24 20
24 30
31 20
26 19
26 31
29 19
29 31
25 19
25 31
30 19
30 31
23 20
23 30
24 19
24 31
31 19
27 18
27 32
28 18
28 32
26 18
26 32
29 18
29 32
25 18
25 32
30 18
30 32
23 19
23 31
24 18
24 32
31 18
27 17
28 17
26 17
29 17
23 18
23 32
25 17
30 17
24 17
31 17
23 17
0
No
0
Yes
43 34
43 35
43 36
43 37
43 38
43 39
43 40
44 34
44 35
44 36
44 37
44 38
44 39
44 40
45 34
45 35
45 36
45 37
45 38
45 39
45 40
46 34
46 35
46 36
46 37
46 38
46 39
46 40
47 34
47 35
47 36
47 37
47 38
47 39
47 40
48 34
48 35
48 36
48 37
48 38
48 39
48 40
49 34
49 35
49 36
49 37
49 38
49 39
49 40
0
Yes
20 8
20 9
21 8
21 9
19 8
19 9
20 7
20 10
21 7
21 10
22 8
22 9
19 7
19 10
22 7
22 10
18 8
18 9
20 6
20 11
21 6
21 11
23 8
23 9
18 7
18 10
19 6
19 11
22 6
22 11
23 7
23 10
17 8
17 9
18 6
18 11
20 5
20 12
21 5
21 12
23 6
23 11
24 8
24 9
17 7
17 10
19 5
19 12
22 5
22 12
24 7
24 10
17 6
17 11
18 5
18 12
23 5
23 12
24 6
24 11
16 8
16 9
20 4
20 13
21 4
21 13
16 7
16 10
19 4
19 13
22 4
22 13
17 5
17 12
24 5
16 11
18 4
18 13
23 4
23 13
20 3
20 14
21 3
21 14
16 12
17 4
17 13
19 3
19 14
22 3
22 14
24 4
24 13
18 3
18 14
23 3
23 14
16 4
16 13
17 3
17 14
20 2
20 15
21 2
21 15
24 3
24 14
19 2
19 15
22 2
22 15
18 2
18 15
23 2
23 15
16 3
16 14
17 2
24 2
24 15
20 1
20 16
21 1
21 16
19 1
19 16
22 1
22 16
16 2
18 1
18 16
23 1
23 16
17 1
17 16
24 1
20 0
21 0
19 0
22 0
18 0
23 0
17 0
24 0
16 0
0
Yes
0 16
0 17
0 18
0 19
0 20
0 21
0 22
0 23
0 24
0 25
1 16
1 17
1 18
1 19
1 20
1 21
1 22
1 23
1 24
1 25
2 16
2 17
2 18
2 19
2 20
2 21
2 22
2 23
2 24
2 25
3 16
3 17
3 18
3 19
3 20
3 21
3 22
3 23
3 24
3 25
4 16
4 17
4 18
4 19
4 20
4 21
4 22
4 23
4 24
4 25
5 16
5 17
5 18
5 19
5 20
5 21
5 22
5 23
5 24
5 25
0
Yes
26 42
26 43
26 44
26 45
27 42
27 43
27 44
27 45
28 42
28 43
28 44
0
No
0
Yes
17 0
17 1
17 2
17 3
17 4
17 5
17 6
17 7
17 8
17 9
17 10
17 11
17 12
17 13
17 14
18 0
18 1
18 2
18 3
18 4
18 5
18 6
18 7
18 8
18 9
18 10
18 11
18 12
18 13
18 14
19 0
19 1
19 2
19 3
19 4
19 5
19 6
19 7
19 8
19 9
19 10
19 11
19 12
19 13
19 14
20 0
20 1
20 2
20 3
20 4
20 5
20 6
20 7
20 8
20 9
20 10
20 11
20 12
20 13
20 14
21 0
21 1
21 2
21 3
21 4
21 5
21 6
21 7
21 8
21 9
21 10
21 11
21 12
21 13
21 14
22 0
22 1
22 2
22 3
22 4
22 5
22 6
22 7
22 8
22 9
22 10
22 11
22 12
22 13
22 14
23 0
23 1
23 2
23 3
23 4
23 5
23 6
23 7
23 8
23 9
23 10
23 11
23 12
23 13
23 14
24 0
24 1
24 2
24 3
24 4
24 5
24 6
24 7
24 8
24 9
0
Yes
44 41
44 42
44 43
44 44
44 45
44 46
44 47
44 48
44 49
45 41
45 42
45 43
45 44
45 45
45 46
45 47
45 48
45 49
46 41
46 42
46 43
46 44
46 45
46 46
46 47
46 48
46 49
47 41
47 42
47 43
47 44
47 45
47 46
47 47
47 48
47 49
48 41
48 42
48 43
48 44
48 45
48 46
48 47
48 48
48 49
49 41
49 42
49 43
49 44
49 45
49 46
49 47
49 48
49 49
0
Yes
44 6
44 7
45 6
45 7
43 6
43 7
44 5
45 5
45 8
46 6
46 7
43 5
43 8
46 5
46 8
42 6
42 7
44 4
45 4
45 9
44 9
47 6
47 7
42 5
42 8
43 4
43 9
46 4
46 9
47 5
47 8
41 6
41 7
42 4
42 9
44 3
44 10
45 3
45 10
47 4
47 9
48 6
48 7
41 5
41 8
43 3
43 10
46 3
46 10
48 5
48 8
41 4
41 9
42 3
42 10
47 3
47 10
48 4
48 9
40 6
40 7
44 2
44 11
45 2
45 11
49 6
49 7
40 5
40 8
43 2
43 11
46 2
46 11
49 5
49 8
41 3
41 10
48 3
48 10
40 4
40 9
42 2
42 11
47 2
47 11
49 4
49 9
44 1
44 12
45 1
45 12
40 3
40 10
41 2
41 11
43 1
43 12
46 1
46 12
48 2
48 11
49 3
49 10
42 1
42 12
47 1
47 12
40 2
40 11
49 2
49 11
41 1
41 12
44 0
45 0
48 1
48 12
43 0
46 0
42 0
47 0
40 1
40 12
49 1
49 12
41 0
48 0
39 1
40 0
49 0
39 0
0
Yes
32 43
32 44
32 45
32 46
32 47
32 48
32 49
33 43
33 44
33 45
33 46
33 47
33 48
33 49
34 43
34 44
34 45
34 46
34 47
34 48
34 49
35 43
35 44
35 45
35 46
35 47
35 48
35 49
36 43
36 44
36 45
36 46
36 47
36 48
36 49
37 43
37 44
37 45
37 46
37 47
37 48
37 49
38 43
38 44
38 45
38 46
38 47
38 48
38 49
39 43
39 44
39 45
39 46
39 47
39 48
39 49
40 43
40 44
40 45
40 46
40 47
40 48
40 49
41 43
41 44
41 45
41 46
41 47
0
Yes
14 37
13 37
14 36
14 38
15 37
13 36
13 38
15 36
15 38
12 37
14 35
14 39
16 37
12 36
12 38
13 35
13 39
15 35
15 39
16 36
16 38
12 35
12 39
16 35
16 39
11 37
14 34
14 40
17 37
11 36
11 38
13 34
13 40
15 34
15 40
17 36
17 38
11 35
11 39
12 34
12 40
16 34
16 40
17 35
17 39
10 37
14 33
14 41
18 37
10 36
10 38
13 33
13 41
15 33
15 41
18 36
18 38
11 34
11 40
17 34
17 40
10 35
10 39
12 33
12 41
16 33
16 41
18 35
18 39
9 37
10 34
10 40
11 33
11 41
14 32
17 33
17 41
18 34
18 40
19 37
9 36
9 38
13 32
15 32
19 36
19 38
9 35
9 39
12 32
16 32
19 35
19 39
10 41
18 33
18 41
9 34
9 40
17 32
19 34
19 40
8 37
8 36
8 38
8 35
8 39
9 41
18 32
19 33
19 41
8 34
8 40
0
Yes
23 43
23 44
23 45
24 43
24 44
24 45
25 43
25 44
25 45
0
Yes
11 0
11 1
11 2
11 3
11 4
12 0
12 1
12 2
12 3
12 4
13 0
13 1
13 2
13 3
13 4
14 0
14 1
14 2
14 3
14 4
0
Yes
24 17
24 18
24 19
24 20
24 21
24 22
24 23
24 24
24 25
24 26
24 27
24 28
24 29
24 30
24 31
24 32
25 17
25 18
25 19
25 20
25 21
25 22
25 23
25 24
25 25
25 26
25 27
25 28
25 29
25 30
25 31
25 32
26 17
26 18
26 19
26 20
26 21
26 22
26 23
26 24
26 25
26 26
26 27
26 28
26 29
26 30
26 31
26 32
27 17
27 18
27 19
27 20
27 21
27 22
27 23
27 24
27 25
27 26
27 27
27 28
27 29
27 30
27 31
27 32
28 17
28 18
28 19
28 20
28 21
28 22
28 23
28 24
28 25
28 26
28 27
28 28
28 29
28 30
28 31
28 32
29 17
29 18
29 19
29 20
29 21
29 22
29 23
29 24
29 25
29 26
29 27
29 28
29 29
29 30
29 31
29 32
30 17
30 18
30 19
30 20
30 21
30 22
30 23
30 24
30 25
30 26
30 27
30 28
30 29
30 30
30 31
30 32
31 17
31 18
31 19
31 20
31 21
0
Yes
43 32
43 33
43 34
43 35
43 36
43 37
43 38
43 39
43 40
44 32
44 33
44 34
44 35
44 36
44 37
44 38
44 39
44 40
45 32
45 33
45 34
45 35
45 36
45 37
45 38
45 39
45 40
46 32
46 33
46 34
46 35
46 36
46 37
46 38
46 39
46 40
47 32
47 33
47 34
47 35
47 36
47 37
47 38
47 39
47 40
48 32
48 33
48 34
48 35
48 36
48 37
48 38
48 39
48 40
49 32
49 33
49 34
49 35
49 36
49 37
49 38
0
Yes
0 9
0 10
0 11
0 12
0 13
0 14
0 15
1 9
1 10
1 11
1 12
1 13
1 14
1 15
2 9
2 10
2 11
2 12
2 13
2 14
2 15
3 9
3 10
3 11
3 12
3 13
3 14
3 15
4 9
4 10
4 11
4 12
4 13
4 14
4 15
0
Yes
37 45
37 46
36 45
36 46
38 45
38 46
37 44
37 47
36 44
36 47
38 44
38 47
35 45
35 46
39 45
39 46
35 44
35 47
37 43
37 48
39 44
39 47
36 43
36 48
38 43
38 48
34 45
34 46
40 45
40 46
35 43
35 48
39 43
39 48
34 44
34 47
40 44
40 47
37 42
37 49
36 42
36 49
38 49
34 43
34 48
40 43
40 48
33 45
33 46
35 42
35 49
39 42
39 49
41 45
41 46
33 44
33 47
41 44
41 47
37 41
34 42
34 49
36 41
40 42
40 49
33 43
33 48
41 43
41 48
39 41
32 45
32 46
42 45
42 46
32 44
32 47
42 44
42 47
33 42
33 49
41 42
41 49
34 41
40 41
32 43
32 48
42 43
42 48
31 46
33 41
41 41
43 45
43 46
32 42
32 49
42 42
42 49
31 44
31 47
43 47
31 43
31 48
43 43
43 48
32 41
42 41
31 42
31 49
43 42
43 49
30 46
30 45
30 44
30 47
30 43
30 48
0
Yes
9 9
10 9
9 8
9 10
10 8
10 10
8 9
11 9
8 8
8 10
11 8
11 10
9 7
9 11
10 7
10 11
7 9
8 7
8 11
11 7
11 11
12 9
7 8
7 10
12 8
12 10
9 6
9 12
10 6
10 12
7 7
7 11
12 7
12 11
8 6
8 12
11 6
11 12
6 9
13 9
6 8
6 10
13 8
13 10
7 6
7 12
12 6
12 12
6 7
6 11
9 5
9 13
10 5
10 13
13 7
13 11
8 5
8 13
11 5
11 13
5 9
5 8
5 10
6 6
6 12
13 12
7 5
7 13
12 5
12 13
5 7
5 11
9 4
10 4
8 4
6 5
13 5
13 13
5 6
5 12
7 4
5 5
6 4
5 4
0
Yes
44 45
44 46
44 47
44 48
44 49
45 45
45 46
45 47
45 48
45 49
46 45
46 46
46 47
46 48
46 49
47 45
47 46
47 47
47 48
47 49
48 45
48 46
48 47
48 48
48 49
49 45
49 46
49 47
0
Yes
42 13
42 14
42 15
42 16
42 17
42 18
43 13
43 14
43 15
43 16
43 17
43 18
44 13
44 14
44 15
44 16
44 17
44 18
45 13
45 14
45 15
45 16
45 17
45 18
46 13
46 14
46 15
46 16
46 17
46 18
47 13
47 14
47 15
47 16
47 17
47 18
48 13
48 14
48 15
48 16
48 17
48 18
49 13
49 14
49 15
49 16
0
Yes
6 24
6 25
7 24
7 25
0
No
0
Yes
29 0
29 1
29 2
29 3
29 4
29 5
29 6
29 7
29 8
29 9
29 10
29 11
29 12
29 13
30 0
30 1
30 2
30 3
30 4
30 5
30 6
30 7
30 8
30 9
30 10
30 11
30 12
30 13
31 0
31 1
31 2
31 3
31 4
31 5
31 6
31 7
31 8
31 9
31 10
31 11
31 12
31 13
32 0
32 1
32 2
32 3
32 4
32 5
32 6
32 7
32 8
32 9
32 10
32 11
32 12
32 13
33 0
33 1
33 2
33 3
33 4
33 5
33 6
33 7
33 8
33 9
33 10
33 11
33 12
33 13
34 0
34 1
34 2
34 3
34 4
34 5
34 6
34 7
34 8
34 9
34 10
34 11
34 12
34 13
35 0
35 1
35 2
35 3
35 4
35 5
35 6
35 7
35 8
35 9
35 10
35 11
35 12
35 13
36 0
36 1
36 2
36 3
36 4
36 5
36 6
36 7
36 8
36 9
36 10
36 11
36 12
36 13
37 0
37 1
37 2
37 3
37 4
37 5
37 6
37 7
37 8
37 9
0
Yes
21 6
21 7
22 6
22 7
20 6
20 7
21 5
21 8
22 5
22 8
23 6
23 7
20 5
20 8
23 5
23 8
19 6
19 7
21 4
21 9
22 4
22 9
24 6
24 7
19 5
19 8
20 4
20 9
23 4
23 9
24 5
24 8
18 6
18 7
19 4
19 9
21 3
21 10
22 3
22 10
24 4
24 9
25 6
25 7
18 5
18 8
20 3
20 10
23 3
23 10
25 5
25 8
18 4
18 9
19 3
19 10
24 3
24 10
25 4
25 9
17 6
17 7
21 2
21 11
22 2
22 11
26 6
26 7
17 5
17 8
20 2
20 11
23 2
23 11
26 5
18 3
18 10
25 3
17 4
17 9
19 2
19 11
24 2
24 11
26 4
16 7
21 1
21 12
22 1
22 12
16 8
17 3
17 10
18 2
18 11
20 1
20 12
23 1
23 12
25 2
26 3
16 4
16 9
19 1
19 12
24 1
17 2
17 11
26 2
16 3
16 10
18 1
18 12
21 0
22 0
25 1
20 0
23 0
19 0
24 0
16 2
16 11
17 1
17 12
26 1
18 0
25 0
16 12
17 0
0
Yes
5 44
4 44
5 43
5 45
6 44
4 43
4 45
6 43
6 45
3 44
5 42
5 46
7 44
3 43
3 45
4 42
4 46
6 42
6 46
7 43
7 45
3 42
3 46
7 42
7 46
2 44
5 41
5 47
8 44
2 43
2 45
4 41
4 47
6 41
6 47
8 43
8 45
2 42
2 46
3 41
3 47
7 41
7 47
8 42
8 46
1 44
5 40
5 48
9 44
1 43
1 45
4 40
4 48
6 40
6 48
9 43
9 45
2 41
2 47
8 41
8 47
1 42
1 46
3 40
3 48
7 40
7 48
9 42
9 46
0 44
1 41
1 47
2 40
2 48
5 39
5 49
8 48
9 47
0 43
0 45
4 39
4 49
6 39
6 49
0 42
0 46
3 39
3 49
7 39
7 49
1 40
1 48
9 48
0 41
0 47
2 39
2 49
8 49
5 38
4 38
6 38
3 38
7 38
0 40
0 48
1 39
1 49
9 49
2 38
0 39
0 49
0
Yes
3 0
3 1
3 2
4 0
4 1
0
Yes
29 0
29 1
29 2
29 3
29 4
29 5
29 6
29 7
29 8
29 9
29 10
29 11
30 0
30 1
30 2
30 3
30 4
30 5
30 6
30 7
30 8
30 9
30 10
30 11
31 0
31 1
31 2
31 3
31 4
31 5
31 6
31 7
31 8
31 9
31 10
31 11
32 0
32 1
32 2
32 3
32 4
32 5
32 6
32 7
32 8
32 9
32 10
32 11
33 0
33 1
33 2
33 3
33 4
33 5
33 6
33 7
33 8
33 9
33 10
33 11
34 0
34 1
34 2
34 3
34 4
34 5
34 6
34 7
34 8
34 9
34 10
34 11
35 0
35 1
35 2
35 3
35 4
35 5
35 6
35 7
35 8
35 9
35 10
35 11
36 0
36 1
36 2
36 3
36 4
36 5
36 6
36 7
36 8
36 9
36 10
36 11
37 0
37 1
37 2
37 3
37 4
37 5
37 6
37 7
37 8
37 9
37 10
37 11
0
Yes
38 9
38 10
38 11
38 12
38 13
38 14
38 15
38 16
39 9
39 10
39 11
39 12
39 13
39 14
39 15
39 16
40 9
40 10
40 11
40 12
40 13
40 14
40 15
40 16
41 9
41 10
41 11
41 12
41 13
41 14
41 15
41 16
42 9
42 10
42 11
42 12
42 13
42 14
42 15
42 16
43 9
43 10
43 11
43 12
43 13
43 14
43 15
43 16
44 9
44 10
44 11
44 12
44 13
44 14
44 15
44 16
45 9
45 10
45 11
45 12
45 13
45 14
45 15
45 16
46 9
46 10
46 11
46 12
46 13
46 14
46 15
46 16
47 9
47 10
47 11
47 12
47 13
47 14
47 15
47 16
48 9
48 10
48 11
48 12
48 13
48 14
48 15
48 16
49 9
49 10
49 11
49 12
0
Yes
10 0
10 1
10 2
11 0
11 1
11 2
12 0
12 1
12 2
13 0
13 1
13 2
14 0
14 1
14 2
0
Yes
11 3
11 4
11 5
12 3
12 4
12 5
13 3
13 4
13 5
14 3
14 4
0
Yes
39 0
39 1
39 2
39 3
39 4
39 5
40 0
40 1
40 2
40 3
40 4
40 5
41 0
41 1
41 2
41 3
41 4
41 5
42 0
42 1
42 2
42 3
42 4
42 5
43 0
43 1
43 2
43 3
43 4
43 5
44 0
44 1
44 2
44 3
44 4
44 5
45 0
45 1
45 2
45 3
45 4
45 5
46 0
46 1
46 2
46 3
46 4
46 5
47 0
47 1
47 2
47 3
47 4
47 5
48 0
48 1
48 2
48 3
48 4
48 5
49 0
49 1
49 2
49 3
49 4
0
Yes
38 17
38 18
38 19
38 20
39 17
39 18
39 19
39 20
40 17
40 18
40 19
40 20
41 17
41 18
41 19
41 20
42 17
42 18
42 19
42 20
43 17
43 18
0
Yes
42 45
42 46
42 47
42 48
42 49
43 45
43 46
43 47
43 48
43 49
44 45
44 46
44 47
44 48
44 49
45 45
45 46
45 47
45 48
45 49
46 45
46 46
46 47
46 48
46 49
47 45
47 46
47 47
47 48
47 49
48 45
48 46
48 47
48 48
48 49
49 45
49 46
49 47
49 48
49 49
0
Yes
20 43
20 44
20 45
20 46
20 47
20 48
20 49
21 43
21 44
21 45
21 46
21 47
21 48
21 49
22 43
22 44
22 45
22 46
22 47
22 48
22 49
23 43
23 44
23 45
23 46
23 47
23 48
23 49
24 43
24 44
24 45
24 46
24 47
24 48
24 49
25 43
25 44
0
Yes
32 45
32 46
32 47
32 48
32 49
33 45
33 46
33 47
33 48
33 49
34 45
34 46
34 47
34 48
34 49
35 45
35 46
35 47
35 48
35 49
36 45
36 46
36 47
36 48
36 49
37 45
37 46
37 47
37 48
37 49
38 45
38 46
38 47
38 48
38 49
39 45
39 46
39 47
39 48
39 49
40 45
40 46
40 47
40 48
40 49
41 45
41 46
41 47
41 48
41 49
0
Yes
20 33
20 34
20 35
20 36
20 37
21 33
21 34
21 35
21 36
21 37
22 33
22 34
22 35
22 36
0
No
0
Yes
44 6
44 7
43 6
43 7
45 6
45 7
44 5
43 5
43 8
45 5
45 8
42 6
42 7
46 6
46 7
42 5
42 8
44 4
46 5
46 8
43 4
43 9
44 9
45 4
45 9
41 6
41 7
47 6
47 7
42 4
42 9
46 4
46 9
41 5
41 8
47 5
47 8
44 3
44 10
43 3
43 10
45 3
45 10
41 4
41 9
47 4
47 9
40 6
40 7
42 3
42 10
46 3
46 10
48 6
48 7
40 5
40 8
48 5
48 8
44 2
44 11
41 3
41 10
43 2
43 11
45 2
45 11
47 3
47 10
40 4
40 9
48 4
48 9
42 2
42 11
46 2
46 11
39 6
39 7
49 6
49 7
39 5
39 8
49 5
49 8
40 3
40 10
48 3
48 10
41 2
41 11
47 2
47 11
44 1
44 12
39 4
39 9
43 1
43 12
45 1
45 12
49 4
49 9
42 1
42 12
46 1
46 12
38 6
38 7
40 2
40 11
48 2
48 11
39 3
39 10
49 3
49 10
38 5
38 8
41 1
41 12
47 1
47 12
38 4
38 9
44 0
43 0
45 0
39 2
39 11
49 2
49 11
40 1
40 12
42 0
46 0
48 1
48 12
38 3
38 10
41 0
47 0
39 1
39 12
49 1
0
Yes
32 43
32 44
32 45
32 46
32 47
32 48
32 49
33 43
33 44
33 45
33 46
33 47
33 48
33 49
34 43
34 44
34 45
34 46
34 47
34 48
34 49
35 43
35 44
35 45
35 46
35 47
35 48
35 49
36 43
36 44
36 45
36 46
36 47
36 48
36 49
37 43
37 44
37 45
37 46
37 47
37 48
37 49
38 43
38 44
38 45
38 46
38 47
38 48
38 49
39 43
39 44
39 45
39 46
39 47
39 48
39 49
40 43
40 44
40 45
40 46
40 47
40 48
40 49
41 43
41 44
41 45
41 46
41 47
41 48
41 49
42 43
42 44
42 45
42 46
42 47
42 48
0
No
0
Yes
29 0
29 1
29 2
29 3
29 4
29 5
29 6
29 7
29 8
29 9
29 10
29 11
29 12
29 13
30 0
30 1
30 2
30 3
30 4
30 5
30 6
30 7
30 8
30 9
30 10
30 11
30 12
30 13
31 0
31 1
31 2
31 3
31 4
31 5
31 6
31 7
31 8
31 9
31 10
31 11
31 12
31 13
32 0
32 1
32 2
32 3
32 4
32 5
32 6
32 7
32 8
32 9
32 10
32 11
32 12
32 13
33 0
33 1
33 2
33 3
33 4
33 5
33 6
33 7
33 8
33 9
33 10
33 11
33 12
33 13
34 0
34 1
34 2
34 3
34 4
34 5
34 6
34 7
34 8
34 9
34 10
34 11
34 12
34 13
35 0
35 1
35 2
35 3
35 4
35 5
35 6
35 7
35 8
35 9
35 10
35 11
35 12
35 13
36 0
36 1
36 2
36 3
36 4
36 5
36 6
36 7
36 8
36 9
36 10
36 11
36 12
36 13
37 0
37 1
37 2
37 3
37 4
37 5
0
Yes
3 0
3 1
3 2
4 0
4 1
0
No
0
Yes
43 47
43 48
43 49
44 47
44 48
44 49
45 47
45 48
45 49
46 47
46 48
46 49
47 47
47 48
47 49
48 47
48 48
48 49
49 47
49 48
49 49
0
Yes
31 27
31 28
31 29
31 30
31 31
31 32
32 27
32 28
32 29
32 30
32 31
32 32
33 27
33 28
33 29
33 30
33 31
33 32
34 27
34 28
34 29
34 30
34 31
34 32
35 27
35 28
35 29
35 30
35 31
35 32
36 27
36 28
36 29
36 30
36 31
36 32
37 27
37 28
37 29
37 30
37 31
37 32
38 27
38 28
38 29
38 30
38 31
38 32
39 27
39 28
39 29
39 30
39 31
0
Yes
0 0
0 1
0 2
1 0
1 1
1 2
2 0
0
Yes
33 43
33 44
33 45
33 46
33 47
33 48
33 49
34 43
34 44
34 45
34 46
34 47
34 48
34 49
35 43
35 44
35 45
35 46
35 47
35 48
35 49
36 43
36 44
36 45
36 46
36 47
36 48
36 49
37 43
37 44
37 45
37 46
37 47
37 48
37 49
38 43
38 44
38 45
38 46
38 47
38 48
38 49
39 43
39 44
39 45
39 46
39 47
39 48
39 49
40 43
40 44
40 45
40 46
40 47
40 48
40 49
41 43
41 44
41 45
41 46
41 47
41 48
41 49
42 43
42 44
42 45
42 46
42 47
42 48
0
Yes
0 46
0 47
0 48
0 49
1 46
1 47
1 48
1 49
2 46
2 47
2 48
2 49
3 46
3 47
3 48
3 49
4 46
4 47
4 48
4 49
5 46
5 47
0
Yes
0 24
0 25
0 26
0 27
0 28
0 29
0 30
0 31
1 24
1 25
1 26
1 27
1 28
1 29
1 30
1 31
2 24
2 25
2 26
2 27
2 28
2 29
2 30
2 31
3 24
3 25
3 26
3 27
3 28
3 29
3 30
3 31
4 24
4 25
4 26
4 27
4 28
4 29
4 30
4 31
5 24
5 25
5 26
5 27
5 28
5 29
5 30
5 31
6 24
6 25
6 26
6 27
6 28
6 29
6 30
6 31
7 24
7 25
7 26
7 27
7 28
0
Yes
0 4
0 5
0 6
0 7
0 8
1 4
1 5
1 6
1 7
1 8
2 4
2 5
2 6
2 7
2 8
3 4
3 5
3 6
3 7
3 8
0
No
0
Yes
44 37
44 38
44 39
44 40
44 41
44 42
44 43
44 44
44 45
44 46
45 37
45 38
45 39
45 40
45 41
45 42
45 43
45 44
45 45
45 46
46 37
46 38
46 39
46 40
46 41
46 42
46 43
46 44
46 45
46 46
47 37
47 38
47 39
47 40
47 41
47 42
47 43
47 44
47 45
47 46
48 37
48 38
48 39
48 40
48 41
48 42
48 43
48 44
48 45
48 46
49 37
49 38
49 39
49 40
49 41
49 42
49 43
49 44
0
Yes
5 4
5 5
5 6
5 7
5 8
5 9
5 10
5 11
5 12
6 4
6 5
6 6
6 7
6 8
6 9
6 10
6 11
6 12
7 4
7 5
7 6
7 7
7 8
7 9
7 10
7 11
7 12
8 4
8 5
8 6
8 7
8 8
8 9
8 10
8 11
8 12
9 4
9 5
9 6
9 7
9 8
9 9
9 10
9 11
9 12
10 4
10 5
10 6
10 7
10 8
10 9
10 10
10 11
10 12
11 4
11 5
11 6
11 7
11 8
11 9
11 10
11 11
11 12
12 4
12 5
12 6
12 7
12 8
12 9
12 10
12 11
12 12
13 4
0
No
0
Yes
7 41
8 41
7 40
7 42
8 40
8 42
6 41
9 41
6 40
6 42
9 40
9 42
7 39
7 43
8 39
8 43
5 41
6 39
6 43
9 39
9 43
10 41
5 40
5 42
10 40
10 42
7 38
7 44
8 38
8 44
5 39
5 43
10 39
10 43
6 38
6 44
9 38
9 44
4 41
11 41
4 40
4 42
11 40
11 42
5 38
5 44
10 38
10 44
4 39
4 43
7 37
7 45
8 37
8 45
11 39
11 43
6 37
6 45
9 37
9 45
3 41
12 41
3 40
3 42
4 38
4 44
11 38
11 44
12 40
12 42
5 37
5 45
10 37
10 45
3 39
3 43
12 39
12 43
7 36
7 46
8 36
8 46
6 36
6 46
9 36
9 46
4 37
4 45
11 37
11 45
3 38
3 44
12 38
12 44
2 41
2 40
2 42
5 36
10 36
10 46
2 39
2 43
3 37
3 45
7 35
7 47
8 35
8 47
12 37
12 45
4 36
11 36
11 46
6 35
6 47
9 35
9 47
2 38
2 44
5 35
10 35
10 47
3 36
12 36
12 46
2 37
2 45
4 35
11 35
11 47
7 34
8 34
6 34
9 34
2 36
5 34
10 34
3 35
12 35
12 47
4 34
11 34
2 35
3 34
12 34
0
Yes
26 42
26 43
26 44
26 45
27 42
27 43
27 44
27 45
28 42
28 43
28 44
28 45
0
Yes
43 0
43 1
43 2
43 3
43 4
43 5
43 6
44 0
44 1
44 2
44 3
44 4
44 5
44 6
45 0
45 1
45 2
45 3
45 4
45 5
45 6
46 0
46 1
46 2
46 3
46 4
46 5
46 6
47 0
47 1
47 2
47 3
47 4
47 5
47 6
48 0
48 1
48 2
48 3
48 4
48 5
48 6
49 0
49 1
49 2
49 3
49 4
49 5
49 6
0
Yes
39 41
39 42
40 41
40 42
41 41
41 42
0
Yes
0 14
0 15
0 16
0 17
0 18
0 19
0 20
1 14
1 15
1 16
1 17
1 18
1 19
1 20
2 14
2 15
2 16
2 17
2 18
2 19
2 20
3 14
3 15
3 16
3 17
3 18
3 19
3 20
4 14
4 15
4 16
4 17
4 18
4 19
4 20
5 14
5 15
5 16
5 17
5 18
5 19
5 20
6 14
6 15
6 16
6 17
6 18
6 19
6 20
7 14
7 15
7 16
7 17
7 18
7 19
7 20
8 14
0
Yes
0 8
0 9
0 10
0 11
0 12
0 13
1 8
1 9
1 10
1 11
1 12
1 13
2 8
2 9
2 10
2 11
2 12
2 13
3 8
3 9
3 10
3 11
3 12
3 13
4 8
4 9
4 10
4 11
0
Yes
39 0
39 1
39 2
39 3
39 4
39 5
39 6
39 7
40 0
40 1
40 2
40 3
40 4
40 5
40 6
40 7
41 0
41 1
41 2
41 3
41 4
41 5
41 6
41 7
42 0
42 1
42 2
42 3
42 4
42 5
42 6
42 7
43 0
43 1
43 2
43 3
43 4
43 5
43 6
43 7
44 0
44 1
44 2
44 3
44 4
44 5
44 6
44 7
45 0
45 1
45 2
45 3
45 4
45 5
45 6
45 7
46 0
46 1
46 2
46 3
46 4
46 5
46 6
46 7
47 0
47 1
47 2
47 3
47 4
47 5
47 6
47 7
48 0
48 1
48 2
48 3
48 4
48 5
48 6
48 7
49 0
49 1
49 2
49 3
49 4
0
Yes
33 24
33 25
34 24
34 25
0
Yes
17 0
17 1
17 2
17 3
17 4
17 5
17 6
17 7
18 0
18 1
18 2
18 3
18 4
18 5
18 6
18 7
19 0
19 1
19 2
19 3
19 4
19 5
19 6
19 7
20 0
20 1
20 2
20 3
20 4
20 5
20 6
20 7
21 0
21 1
21 2
21 3
21 4
21 5
21 6
21 7
22 0
22 1
22 2
22 3
22 4
22 5
22 6
22 7
23 0
23 1
23 2
23 3
23 4
23 5
23 6
23 7
24 0
24 1
24 2
24 3
24 4
24 5
24 6
24 7
25 0
25 1
25 2
25 3
25 4
25 5
25 6
25 7
26 0
26 1
26 2
26 3
26 4
26 5
26 6
26 7
27 0
27 1
0
Yes
21 43
21 44
21 45
21 46
21 47
21 48
21 49
22 43
22 44
22 45
22 46
22 47
22 48
22 49
23 43
23 44
23 45
23 46
23 47
23 48
23 49
24 43
24 44
24 45
24 46
24 47
24 48
24 49
25 43
25 44
25 45
25 46
25 47
0
Yes
37 10
37 11
37 12
37 13
37 14
37 15
37 16
37 17
37 18
38 10
38 11
38 12
38 13
38 14
38 15
38 16
38 17
38 18
39 10
39 11
39 12
39 13
39 14
39 15
39 16
39 17
39 18
40 10
40 11
40 12
40 13
40 14
40 15
40 16
40 17
40 18
41 10
41 11
41 12
41 13
41 14
41 15
41 16
41 17
41 18
42 10
42 11
42 12
42 13
42 14
42 15
42 16
42 17
42 18
43 10
43 11
43 12
43 13
43 14
43 15
43 16
43 17
43 18
44 10
44 11
44 12
44 13
44 14
44 15
44 16
44 17
44 18
45 10
45 11
45 12
45 13
45 14
45 15
45 16
45 17
45 18
46 10
46 11
46 12
46 13
46 14
46 15
46 16
46 17
46 18
47 10
47 11
47 12
47 13
47 14
47 15
47 16
47 17
47 18
48 10
48 11
48 12
48 13
48 14
48 15
48 16
48 17
48 18
49 10
49 11
49 12
49 13
49 14
0
Yes
2 34
2 35
2 36
2 37
2 38
2 39
2 40
2 41
2 42
2 43
2 44
2 45
2 46
3 34
3 35
3 36
3 37
3 38
3 39
3 40
3 41
3 42
3 43
3 44
3 45
3 46
4 34
4 35
4 36
4 37
4 38
4 39
4 40
4 41
4 42
4 43
4 44
4 45
4 46
5 34
5 35
5 36
5 37
5 38
5 39
5 40
5 41
5 42
5 43
5 44
5 45
5 46
6 34
6 35
6 36
6 37
6 38
6 39
6 40
6 41
6 42
6 43
6 44
6 45
6 46
7 34
7 35
7 36
7 37
7 38
7 39
7 40
7 41
7 42
7 43
7 44
7 45
7 46
8 34
8 35
8 36
8 37
8 38
8 39
8 40
8 41
8 42
8 43
8 44
8 45
8 46
9 34
9 35
9 36
9 37
9 38
9 39
9 40
9 41
9 42
9 43
9 44
9 45
9 46
10 34
10 35
10 36
10 37
10 38
10 39
10 40
10 41
10 42
10 43
10 44
10 45
10 46
11 34
11 35
11 36
11 37
11 38
11 39
11 40
11 41
11 42
11 43
11 44
11 45
11 46
12 34
12 35
12 36
12 37
12 38
12 39
12 40
12 41
12 42
12 43
12 44
12 45
12 46
0
Yes
21 38
21 39
21 40
21 41
22 38
22 39
22 40
22 41
23 38
23 39
23 40
23 41
24 38
24 39
24 40
24 41
25 38
25 39
25 40
25 41
26 38
26 39
26 40
26 41
27 38
27 39
27 40
0
Yes
0 48
0 49
1 48
1 49
0
Yes
44 0
44 1
44 2
44 3
45 0
45 1
45 2
45 3
46 0
46 1
46 2
46 3
47 0
47 1
47 2
47 3
48 0
48 1
48 2
48 3
49 0
49 1
49 2
0
Yes
21 8
20 8
21 7
21 9
22 8
20 7
20 9
22 7
22 9
19 8
21 6
21 10
23 8
19 7
19 9
20 6
20 10
22 6
22 10
23 7
23 9
19 6
19 10
23 6
23 10
18 8
21 5
21 11
24 8
18 7
18 9
20 5
20 11
22 5
22 11
24 7
24 9
18 6
18 10
19 5
19 11
23 5
23 11
24 6
24 10
17 8
21 4
21 12
17 7
17 9
20 4
20 12
22 4
22 12
18 5
18 11
24 5
24 11
17 6
17 10
19 4
19 12
23 4
23 12
17 5
17 11
18 4
18 12
21 3
21 13
24 4
20 3
20 13
22 3
22 13
19 3
19 13
23 3
23 13
17 4
17 12
18 3
18 13
24 3
24 13
21 2
21 14
20 2
20 14
22 2
22 14
19 2
19 14
23 2
23 14
17 3
17 13
18 2
18 14
24 2
24 14
21 1
21 15
20 1
20 15
22 1
22 15
17 2
17 14
19 1
19 15
23 1
23 15
18 1
18 15
24 1
24 15
21 0
17 1
20 0
22 0
19 0
23 0
18 0
24 0
17 0
0
Yes
4 26
3 26
4 25
4 27
5 26
3 25
3 27
5 25
5 27
2 26
4 24
4 28
6 26
2 25
2 27
3 24
3 28
5 24
5 28
6 25
6 27
2 24
2 28
6 24
6 28
1 26
4 23
4 29
7 26
1 25
1 27
3 23
3 29
5 23
5 29
7 25
7 27
1 24
1 28
2 23
2 29
6 29
7 24
7 28
0 26
4 22
4 30
0 25
0 27
3 22
3 30
5 22
5 30
1 23
1 29
7 23
7 29
0 24
0 28
2 22
2 30
6 30
0 23
0 29
1 22
1 30
4 21
4 31
7 30
3 21
3 31
5 21
5 31
2 21
2 31
6 21
6 31
0 22
0 30
1 21
1 31
7 31
4 20
4 32
3 20
3 32
5 20
5 32
2 20
2 32
6 20
6 32
0 21
0 31
1 20
1 32
7 20
7 32
4 19
4 33
3 19
3 33
5 19
5 33
0 20
0 32
2 19
2 33
6 19
6 33
1 19
1 33
7 19
4 18
0 19
0 33
3 18
5 18
2 18
6 18
1 18
1 34
7 18
0 18
0 34
4 17
3 17
5 17
2 17
6 17
1 17
7 17
0 17
0
Yes
0 9
0 10
0 11
0 12
0 13
0 14
0 15
0 16
1 9
1 10
1 11
1 12
1 13
1 14
1 15
1 16
2 9
2 10
2 11
2 12
2 13
2 14
2 15
2 16
3 9
3 10
3 11
3 12
3 13
3 14
3 15
3 16
4 9
4 10
4 11
4 12
4 13
4 14
4 15
4 16
0
Yes
34 43
34 44
34 45
34 46
34 47
34 48
34 49
35 43
35 44
35 45
35 46
35 47
35 48
35 49
36 43
36 44
36 45
36 46
36 47
36 48
36 49
37 43
37 44
37 45
37 46
37 47
37 48
37 49
38 43
38 44
38 45
38 46
38 47
38 48
38 49
39 43
39 44
39 45
39 46
39 47
39 48
39 49
40 43
40 44
40 45
40 46
40 47
40 48
40 49
41 43
41 44
41 45
41 46
41 47
41 48
41 49
42 43
42 44
42 45
42 46
42 47
42 48
42 49
0
Yes
24 17
24 18
24 19
24 20
24 21
24 22
24 23
24 24
24 25
24 26
24 27
24 28
24 29
24 30
24 31
24 32
25 17
25 18
25 19
25 20
25 21
25 22
25 23
25 24
25 25
25 26
25 27
25 28
25 29
25 30
25 31
25 32
26 17
26 18
26 19
26 20
26 21
26 22
26 23
26 24
26 25
26 26
26 27
26 28
26 29
26 30
26 31
26 32
27 17
27 18
27 19
27 20
27 21
27 22
27 23
27 24
27 25
27 26
27 27
27 28
27 29
27 30
27 31
27 32
28 17
28 18
28 19
28 20
28 21
28 22
28 23
28 24
28 25
28 26
28 27
28 28
28 29
28 30
28 31
28 32
29 17
29 18
29 19
29 20
29 21
29 22
29 23
29 24
29 25
29 26
29 27
29 28
29 29
29 30
29 31
29 32
30 17
30 18
30 19
30 20
30 21
30 22
30 23
30 24
30 25
30 26
30 27
30 28
30 29
30 30
30 31
30 32
31 17
0
Yes
44 37
44 38
44 39
44 40
44 41
44 42
44 43
44 44
44 45
44 46
45 37
45 38
45 39
45 40
45 41
45 42
45 43
45 44
45 45
45 46
46 37
46 38
46 39
46 40
46 41
46 42
46 43
46 44
46 45
46 46
47 37
47 38
47 39
47 40
47 41
47 42
47 43
47 44
47 45
47 46
48 37
48 38
48 39
48 40
48 41
48 42
48 43
48 44
48 45
48 46
49 37
49 38
49 39
49 40
49 41
49 42
49 43
49 44
0
No
0
Yes
39 0
39 1
39 2
39 3
39 4
39 5
39 6
39 7
40 0
40 1
40 2
40 3
40 4
40 5
40 6
40 7
41 0
41 1
41 2
41 3
41 4
41 5
41 6
41 7
42 0
42 1
42 2
42 3
42 4
42 5
42 6
42 7
43 0
43 1
43 2
43 3
43 4
0
Yes
17 41
16 41
17 40
17 42
18 41
16 40
16 42
18 40
18 42
15 41
17 39
17 43
19 41
15 40
15 42
16 39
16 43
18 39
18 43
19 40
19 42
15 39
15 43
19 39
19 43
14 41
17 38
17 44
20 41
14 40
14 42
16 38
16 44
18 38
18 44
20 40
20 42
14 39
14 43
15 38
15 44
19 38
19 44
20 39
20 43
13 41
17 37
13 40
16 37
16 45
18 37
14 38
14 44
20 38
20 44
13 39
13 43
15 37
15 45
19 37
13 38
13 44
14 37
14 45
17 36
20 37
20 45
16 36
16 46
17 46
18 36
15 36
15 46
19 36
13 37
13 45
14 36
14 46
20 36
20 46
19 46
17 35
17 47
16 35
16 47
18 35
18 47
15 35
15 47
19 35
19 47
13 36
13 46
14 35
14 47
20 35
20 47
17 34
17 48
16 34
16 48
18 34
18 48
13 35
13 47
15 34
15 48
19 34
19 48
14 34
14 48
20 34
20 48
17 33
17 49
13 34
13 48
16 33
16 49
18 33
18 49
15 33
15 49
19 33
19 49
14 33
14 49
20 33
20 49
13 33
13 49
17 32
16 32
18 32
15 32
19 32
14 32
0
No
0
Yes
0 10
0 11
0 12
0 13
0 14
0 15
0 16
1 10
1 11
1 12
1 13
1 14
1 15
1 16
2 10
2 11
2 12
2 13
2 14
2 15
2 16
3 10
3 11
3 12
3 13
3 14
3 15
3 16
4 10
4 11
4 12
4 13
4 14
4 15
4 16
0
Yes
2 41
2 42
2 43
2 44
2 45
2 46
2 47
2 48
2 49
3 41
3 42
3 43
3 44
3 45
3 46
3 47
3 48
3 49
4 41
4 42
4 43
4 44
4 45
4 46
4 47
4 48
4 49
5 41
5 42
5 43
5 44
5 45
5 46
5 47
5 48
5 49
6 41
6 42
6 43
6 44
6 45
6 46
6 47
6 48
6 49
7 41
7 42
7 43
7 44
7 45
7 46
7 47
7 48
7 49
8 41
8 42
8 43
8 44
8 45
8 46
8 47
8 48
8 49
9 41
9 42
9 43
9 44
9 45
9 46
9 47
9 48
9 49
10 41
10 42
10 43
10 44
10 45
10 46
10 47
10 48
10 49
11 41
11 42
11 43
11 44
11 45
11 46
11 47
11 48
11 49
12 41
12 42
12 43
12 44
12 45
12 46
0
Yes
39 9
39 10
39 11
39 12
39 13
39 14
39 15
39 16
40 9
40 10
40 11
40 12
40 13
40 14
40 15
40 16
41 9
41 10
41 11
41 12
41 13
41 14
41 15
41 16
42 9
42 10
42 11
42 12
42 13
42 14
42 15
42 16
43 9
43 10
43 11
43 12
43 13
43 14
43 15
43 16
44 9
44 10
44 11
44 12
44 13
44 14
44 15
44 16
45 9
45 10
45 11
45 12
45 13
45 14
45 15
45 16
46 9
46 10
46 11
46 12
46 13
46 14
46 15
46 16
47 9
47 10
47 11
47 12
47 13
47 14
47 15
47 16
48 9
48 10
48 11
48 12
48 13
48 14
48 15
48 16
49 9
49 10
49 11
49 12
49 13
49 14
49 15
49 16
0
Yes
5 4
5 5
5 6
5 7
5 8
5 9
5 10
5 11
6 4
6 5
6 6
6 7
6 8
6 9
6 10
6 11
7 4
7 5
7 6
7 7
7 8
7 9
7 10
7 11
8 4
8 5
8 6
8 7
8 8
8 9
8 10
8 11
9 4
9 5
9 6
9 7
9 8
9 9
9 10
9 11
10 4
10 5
10 6
10 7
10 8
10 9
10 10
10 11
11 4
11 5
11 6
11 7
11 8
11 9
11 10
11 11
12 4
12 5
12 6
12 7
12 8
12 9
12 10
12 11
0
Yes
24 17
24 18
24 19
24 20
24 21
24 22
24 23
24 24
24 25
24 26
24 27
24 28
24 29
24 30
24 31
25 17
25 18
25 19
25 20
25 21
25 22
25 23
25 24
25 25
25 26
25 27
25 28
25 29
25 30
25 31
26 17
26 18
26 19
26 20
26 21
26 22
26 23
26 24
26 25
26 26
26 27
26 28
26 29
26 30
26 31
27 17
27 18
27 19
27 20
27 21
27 22
27 23
27 24
27 25
27 26
27 27
27 28
27 29
27 30
27 31
28 17
28 18
28 19
28 20
28 21
28 22
28 23
28 24
28 25
28 26
28 27
28 28
28 29
28 30
28 31
29 17
29 18
29 19
29 20
29 21
29 22
29 23
29 24
29 25
29 26
29 27
29 28
29 29
29 30
29 31
30 17
30 18
30 19
30 20
30 21
30 22
30 23
30 24
30 25
30 26
30 27
30 28
30 29
30 30
30 31
31 17
31 18
31 19
31 20
31 21
31 22
0
Yes
0 25
0 26
0 27
0 28
0 29
0 30
0 31
0 32
0 33
1 25
1 26
1 27
1 28
1 29
1 30
1 31
1 32
1 33
2 25
2 26
2 27
2 28
2 29
2 30
2 31
2 32
2 33
3 25
3 26
3 27
3 28
3 29
3 30
3 31
3 32
3 33
4 25
4 26
4 27
4 28
4 29
4 30
4 31
4 32
4 33
5 25
5 26
5 27
5 28
5 29
5 30
5 31
5 32
5 33
6 25
6 26
6 27
6 28
6 29
6 30
6 31
6 32
6 33
7 25
7 26
7 27
7 28
7 29
7 30
7 31
7 32
0
Yes
0 44
0 45
0 46
0 47
1 44
1 45
1 46
1 47
0
Yes
0 17
0 18
0 19
0 20
0 21
0 22
0 23
0 24
1 17
1 18
1 19
1 20
1 21
1 22
1 23
1 24
2 17
2 18
2 19
2 20
2 21
2 22
2 23
2 24
3 17
3 18
3 19
3 20
3 21
3 22
3 23
3 24
4 17
4 18
4 19
4 20
4 21
4 22
4 23
4 24
5 17
5 18
5 19
5 20
5 21
0
Yes
37 43
37 44
37 45
37 46
37 47
37 48
37 49
38 43
38 44
38 45
38 46
38 47
38 48
38 49
39 43
39 44
39 45
39 46
39 47
39 48
39 49
40 43
40 44
40 45
40 46
40 47
40 48
40 49
41 43
41 44
41 45
41 46
41 47
41 48
41 49
42 43
42 44
42 45
42 46
42 47
42 48
42 49
43 43
0
No
0
No
0
Yes
0 25
0 26
0 27
0 28
0 29
0 30
0 31
0 32
1 25
1 26
1 27
1 28
1 29
1 30
1 31
1 32
2 25
2 26
2 27
2 28
2 29
2 30
2 31
2 32
3 25
3 26
3 27
3 28
3 29
3 30
3 31
3 32
4 25
4 26
4 27
4 28
4 29
4 30
4 31
4 32
0
Yes
2 41
2 42
2 43
2 44
2 45
2 46
2 47
2 48
2 49
3 41
3 42
3 43
3 44
3 45
3 46
3 47
3 48
3 49
4 41
4 42
4 43
4 44
4 45
4 46
4 47
4 48
4 49
5 41
5 42
5 43
5 44
5 45
5 46
5 47
5 48
5 49
6 41
6 42
6 43
6 44
6 45
6 46
6 47
6 48
6 49
7 41
7 42
7 43
7 44
7 45
7 46
7 47
7 48
7 49
8 41
8 42
8 43
8 44
8 45
8 46
8 47
8 48
8 49
9 41
9 42
9 43
9 44
9 45
9 46
9 47
9 48
9 49
10 41
10 42
10 43
10 44
10 45
10 46
10 47
10 48
10 49
11 41
11 42
11 43
11 44
11 45
11 46
11 47
11 48
11 49
12 41
12 42
0
Yes
2 37
2 38
2 39
2 40
2 41
2 42
2 43
2 44
2 45
2 46
2 47
2 48
2 49
3 37
3 38
3 39
3 40
3 41
3 42
3 43
3 44
3 45
3 46
3 47
3 48
3 49
4 37
4 38
4 39
4 40
4 41
4 42
4 43
4 44
4 45
4 46
4 47
4 48
4 49
5 37
5 38
5 39
5 40
5 41
5 42
5 43
5 44
5 45
5 46
5 47
5 48
5 49
6 37
6 38
6 39
6 40
6 41
6 42
6 43
6 44
6 45
6 46
6 47
6 48
6 49
7 37
7 38
7 39
7 40
7 41
7 42
7 43
7 44
7 45
7 46
7 47
7 48
7 49
8 37
8 38
8 39
8 40
8 41
8 42
8 43
8 44
8 45
8 46
8 47
8 48
8 49
9 37
9 38
9 39
9 40
9 41
9 42
9 43
9 44
9 45
9 46
9 47
9 48
9 49
10 37
10 38
10 39
10 40
10 41
10 42
10 43
10 44
10 45
10 46
10 47
10 48
10 49
11 37
11 38
11 39
11 40
11 41
11 42
11 43
11 44
11 45
11 46
11 47
11 48
11 49
12 37
12 38
12 39
12 40
12 41
12 42
12 43
0
Yes
25 0
25 1
25 2
25 3
25 4
26 0
26 1
26 2
26 3
26 4
27 0
27 1
27 2
27 3
27 4
28 0
28 1
28 2
28 3
28 4
0
Yes
0 25
0 26
0 27
0 28
0 29
0 30
0 31
0 32
0 33
1 25
1 26
1 27
1 28
1 29
1 30
1 31
1 32
1 33
2 25
2 26
2 27
2 28
2 29
2 30
2 31
2 32
2 33
3 25
3 26
3 27
3 28
3 29
3 30
3 31
3 32
3 33
4 25
4 26
4 27
4 28
4 29
4 30
4 31
4 32
4 33
5 25
5 26
5 27
5 28
5 29
5 30
5 31
5 32
5 33
6 25
6 26
6 27
6 28
6 29
6 30
6 31
6 32
6 33
7 25
7 26
7 27
7 28
7 29
7 30
7 31
7 32
0
No
0
Yes
2 40
2 41
2 42
2 43
2 44
2 45
2 46
2 47
2 48
2 49
3 40
3 41
3 42
3 43
3 44
3 45
3 46
3 47
3 48
3 49
4 40
4 41
4 42
4 43
4 44
4 45
4 46
4 47
4 48
4 49
5 40
5 41
5 42
5 43
5 44
5 45
5 46
5 47
5 48
5 49
6 40
6 41
6 42
6 43
6 44
6 45
6 46
6 47
6 48
6 49
7 40
7 41
7 42
7 43
7 44
7 45
7 46
7 47
7 48
7 49
8 40
8 41
8 42
8 43
8 44
8 45
8 46
8 47
8 48
8 49
9 40
9 41
9 42
9 43
9 44
9 45
9 46
9 47
9 48
9 49
10 40
10 41
10 42
10 43
10 44
10 45
10 46
10 47
10 48
10 49
11 40
11 41
11 42
11 43
11 44
11 45
11 46
11 47
11 48
11 49
12 40
12 41
12 42
12 43
0
No
0
Yes
0 17
0 18
0 19
0 20
0 21
0 22
1 17
1 18
1 19
1 20
1 21
1 22
2 17
2 18
2 19
2 20
2 21
2 22
3 17
3 18
3 19
3 20
3 21
3 22
4 17
4 18
4 19
4 20
4 21
0
Yes
8 31
8 32
9 31
9 32
10 31
0
Yes
23 25
23 26
23 27
23 28
23 29
23 30
23 31
23 32
24 25
24 26
24 27
24 28
24 29
24 30
24 31
24 32
25 25
25 26
25 27
25 28
25 29
25 30
25 31
25 32
26 25
26 26
26 27
26 28
26 29
26 30
26 31
26 32
27 25
27 26
27 27
27 28
27 29
27 30
27 31
27 32
28 25
28 26
28 27
28 28
28 29
28 30
28 31
28 32
29 25
29 26
29 27
29 28
29 29
29 30
29 31
29 32
30 25
30 26
30 27
30 28
30 29
30 30
30 31
30 32
31 25
31 26
31 27
31 28
31 29
31 30
31 31
0
Yes
26 42
26 43
26 44
26 45
27 42
27 43
27 44
27 45
28 42
28 43
28 44
28 45
0
Yes
2 34
2 35
2 36
2 37
2 38
2 39
3 34
3 35
3 36
3 37
3 38
3 39
4 34
4 35
4 36
4 37
4 38
4 39
5 34
5 35
5 36
5 37
5 38
5 39
6 34
6 35
6 36
6 37
6 38
6 39
7 34
7 35
7 36
7 37
7 38
7 39
8 34
8 35
8 36
8 37
8 38
8 39
9 34
9 35
9 36
9 37
9 38
9 39
10 34
10 35
10 36
10 37
10 38
10 39
0
Yes
0 6
0 7
0 8
0 9
1 6
1 7
1 8
1 9
2 6
2 7
2 8
2 9
3 6
3 7
3 8
3 9
4 6
4 7
4 8
4 9
0
Yes
32 42
32 43
32 44
32 45
32 46
32 47
32 48
32 49
33 42
33 43
33 44
33 45
33 46
33 47
33 48
33 49
34 42
34 43
34 44
34 45
34 46
34 47
34 48
34 49
35 42
35 43
35 44
35 45
35 46
35 47
35 48
35 49
36 42
36 43
36 44
36 45
36 46
36 47
36 48
0
Yes
44 22
44 23
43 22
43 23
45 23
44 21
44 24
43 21
43 24
45 21
45 24
42 22
42 23
46 23
46 22
42 21
42 24
44 20
44 25
46 21
46 24
43 20
43 25
45 20
45 25
41 22
41 23
47 22
47 23
42 20
42 25
46 20
46 25
41 21
41 24
47 21
47 24
44 19
44 26
43 26
45 19
45 26
41 20
41 25
47 20
47 25
40 22
40 23
42 19
42 26
46 19
46 26
48 22
48 23
40 21
40 24
48 21
48 24
44 18
44 27
41 19
41 26
43 18
43 27
45 18
45 27
47 19
47 26
40 20
40 25
48 20
48 25
42 18
42 27
46 18
46 27
39 22
39 23
49 22
49 23
39 21
39 24
49 21
49 24
40 19
40 26
48 19
48 26
41 18
41 27
47 18
47 27
44 17
39 20
39 25
43 17
45 17
49 20
49 25
42 17
46 17
38 22
38 23
40 18
40 27
48 18
48 27
39 19
39 26
49 19
49 26
38 21
38 24
41 17
47 17
38 20
38 25
39 18
39 27
49 18
49 27
40 17
48 17
38 19
0
No
0
Yes
42 36
42 37
42 38
42 39
42 40
42 41
42 42
42 43
43 36
43 37
43 38
43 39
43 40
43 41
43 42
43 43
44 36
44 37
44 38
44 39
44 40
44 41
44 42
44 43
45 36
45 37
45 38
45 39
45 40
45 41
45 42
45 43
46 36
46 37
46 38
46 39
46 40
46 41
46 42
46 43
47 36
47 37
47 38
47 39
47 40
47 41
47 42
47 43
48 36
48 37
48 38
48 39
48 40
48 41
48 42
48 43
49 36
49 37
49 38
49 39
49 40
49 41
49 42
49 43
0
Yes
16 23
15 23
16 22
16 24
17 23
15 22
15 24
17 22
17 24
14 23
16 21
16 25
18 23
14 22
14 24
15 21
15 25
17 21
17 25
18 22
18 24
14 21
14 25
18 21
18 25
13 23
16 20
16 26
13 22
13 24
15 20
15 26
17 20
17 26
19 22
19 24
13 21
13 25
14 20
14 26
18 20
18 26
19 21
19 25
12 23
16 19
16 27
12 22
12 24
15 19
15 27
17 19
17 27
20 24
13 20
13 26
19 20
19 26
12 21
14 19
14 27
18 19
18 27
20 21
20 25
11 23
12 20
13 19
13 27
16 18
16 28
19 19
19 27
20 20
20 26
11 22
11 24
15 28
17 18
17 28
11 21
14 18
14 28
18 18
18 28
12 19
12 27
20 19
20 27
11 20
13 18
13 28
19 18
19 28
16 17
16 29
15 29
17 17
17 29
14 17
14 29
18 17
18 29
11 19
11 27
12 18
12 28
20 18
20 28
13 17
13 29
19 17
19 29
11 18
11 28
17 16
12 17
12 29
20 17
14 16
18 16
13 16
19 16
11 17
11 29
12 16
20 16
11 16
0
Yes
5 18
5 19
5 20
5 21
6 18
6 19
6 20
6 21
7 18
7 19
7 20
0
Yes
26 42
26 43
26 44
26 45
27 42
27 43
27 44
27 45
28 42
28 43
28 44
0
No
0
Yes
25 0
25 1
25 2
25 3
25 4
25 5
26 0
26 1
26 2
26 3
26 4
26 5
27 0
27 1
27 2
27 3
27 4
27 5
28 0
28 1
28 2
28 3
0
Yes
25 14
25 15
25 16
25 17
25 18
25 19
25 20
25 21
25 22
26 14
26 15
26 16
26 17
26 18
26 19
26 20
26 21
26 22
27 14
27 15
27 16
27 17
27 18
27 19
27 20
27 21
27 22
28 14
28 15
28 16
28 17
28 18
28 19
28 20
28 21
28 22
29 14
29 15
29 16
29 17
29 18
29 19
29 20
29 21
29 22
30 14
30 15
30 16
30 17
30 18
30 19
30 20
30 21
30 22
31 14
31 15
31 16
31 17
31 18
31 19
31 20
31 21
31 22
32 14
32 15
32 16
32 17
0
Yes
29 46
29 47
29 48
30 46
30 47
30 48
31 46
31 47
31 48
0
Yes
20 7
20 8
21 7
21 8
19 7
19 8
20 6
20 9
21 6
21 9
22 7
22 8
19 6
19 9
22 6
22 9
18 7
18 8
20 5
20 10
21 5
21 10
23 7
23 8
18 6
18 9
19 5
19 10
22 5
22 10
23 6
23 9
17 7
17 8
18 5
18 10
20 4
20 11
21 4
21 11
23 5
23 10
24 7
24 8
17 6
17 9
19 4
19 11
22 4
22 11
24 6
24 9
17 5
17 10
18 4
18 11
23 4
23 11
24 5
24 10
16 7
16 8
20 3
20 12
21 3
21 12
16 9
19 3
19 12
22 3
22 12
17 4
17 11
24 4
24 11
16 10
18 3
18 12
23 3
23 12
20 2
20 13
21 2
21 13
16 4
16 11
17 3
17 12
19 2
19 13
22 2
22 13
24 3
18 2
18 13
23 2
23 13
16 3
16 12
17 2
17 13
20 1
20 14
21 1
21 14
24 2
24 13
19 1
19 14
22 1
22 14
18 1
18 14
23 1
23 14
16 2
16 13
17 1
17 14
24 1
24 14
20 0
21 0
19 0
22 0
16 14
18 0
23 0
17 0
24 0
16 0
0
Yes
45 41
45 42
44 41
44 42
46 41
46 42
45 40
45 43
44 40
44 43
46 40
46 43
43 41
43 42
47 41
47 42
43 40
43 43
45 39
45 44
47 40
47 43
44 39
44 44
46 39
46 44
42 41
42 42
48 41
48 42
43 39
47 39
47 44
42 40
42 43
48 40
48 43
45 38
45 45
44 38
44 45
46 38
46 45
42 39
42 44
48 39
48 44
41 41
41 42
43 38
43 45
47 38
47 45
49 41
49 42
41 40
41 43
49 40
49 43
45 37
45 46
42 38
42 45
44 37
44 46
46 37
46 46
48 38
48 45
41 39
41 44
49 39
49 44
43 37
43 46
47 37
47 46
40 41
40 42
40 40
40 43
41 38
41 45
49 38
49 45
42 37
42 46
48 37
48 46
45 36
40 39
40 44
44 36
46 36
43 36
47 36
41 37
41 46
49 37
49 46
40 38
40 45
42 36
48 36
40 37
40 46
41 36
49 36
40 36
0
Yes
21 38
21 39
21 40
21 41
22 38
22 39
22 40
22 41
23 38
23 39
23 40
0
No
0
Yes
17 0
17 1
17 2
17 3
17 4
17 5
17 6
17 7
17 8
17 9
17 10
17 11
18 0
18 1
18 2
18 3
18 4
18 5
18 6
18 7
18 8
18 9
18 10
18 11
19 0
19 1
19 2
19 3
19 4
19 5
19 6
19 7
19 8
19 9
19 10
19 11
20 0
20 1
20 2
20 3
20 4
20 5
20 6
20 7
20 8
20 9
20 10
20 11
21 0
21 1
21 2
21 3
21 4
21 5
21 6
21 7
21 8
21 9
21 10
21 11
22 0
22 1
22 2
22 3
22 4
22 5
22 6
22 7
22 8
22 9
22 10
22 11
23 0
23 1
23 2
23 3
23 4
23 5
23 6
23 7
23 8
23 9
23 10
23 11
24 0
24 1
24 2
24 3
24 4
24 5
24 6
24 7
24 8
0
No
0
Yes
32 20
32 21
32 22
33 20
33 21
33 22
34 20
34 21
34 22
35 20
35 21
35 22
0
No
0
Yes
45 4
45 5
45 6
45 7
45 8
46 4
46 5
46 6
46 7
46 8
47 4
47 5
47 6
47 7
47 8
48 4
48 5
48 6
48 7
48 8
49 4
49 5
49 6
49 7
49 8
0
Yes
2 34
2 35
2 36
2 37
2 38
2 39
3 34
3 35
3 36
3 37
3 38
3 39
4 34
4 35
4 36
4 37
4 38
4 39
5 34
5 35
5 36
5 37
5 38
5 39
6 34
6 35
6 36
6 37
6 38
6 39
7 34
7 35
7 36
7 37
7 38
7 39
8 34
0
Yes
0 0
0 1
0 2
1 0
1 1
1 2
0
Yes
8 35
8 36
8 37
8 38
8 39
9 35
9 36
9 37
9 38
9 39
10 35
10 36
10 37
10 38
10 39
11 35
11 36
11 37
11 38
11 39
12 35
12 36
12 37
0
Yes
0 24
0 25
0 26
0 27
0 28
0 29
0 30
0 31
0 32
0 33
1 24
1 25
1 26
1 27
1 28
1 29
1 30
1 31
1 32
1 33
2 24
2 25
2 26
2 27
2 28
2 29
2 30
2 31
2 32
2 33
3 24
3 25
3 26
3 27
3 28
3 29
3 30
3 31
3 32
3 33
4 24
4 25
4 26
4 27
4 28
4 29
4 30
4 31
4 32
4 33
5 24
5 25
5 26
5 27
5 28
5 29
5 30
5 31
5 32
5 33
6 24
6 25
6 26
6 27
6 28
6 29
6 30
6 31
6 32
6 33
7 24
7 25
7 26
7 27
7 28
7 29
0
Yes
40 36
40 37
40 38
40 39
40 40
40 41
40 42
40 43
41 36
41 37
41 38
41 39
41 40
41 41
41 42
41 43
42 36
42 37
42 38
42 39
42 40
42 41
42 42
42 43
43 36
43 37
43 38
43 39
43 40
43 41
43 42
43 43
44 36
44 37
44 38
44 39
44 40
44 41
44 42
44 43
45 36
45 37
45 38
45 39
45 40
45 41
45 42
45 43
46 36
46 37
46 38
46 39
46 40
46 41
46 42
46 43
47 36
47 37
47 38
47 39
47 40
47 41
47 42
47 43
48 36
48 37
48 38
48 39
48 40
48 41
48 42
48 43
49 36
49 37
49 38
49 39
49 40
49 41
0
Yes
5 4
5 5
5 6
5 7
5 8
5 9
5 10
5 11
5 12
6 4
6 5
6 6
6 7
6 8
6 9
6 10
6 11
6 12
7 4
7 5
7 6
7 7
7 8
7 9
7 10
7 11
7 12
8 4
8 5
8 6
8 7
8 8
8 9
8 10
8 11
8 12
9 4
9 5
9 6
9 7
9 8
9 9
9 10
9 11
9 12
10 4
10 5
10 6
10 7
10 8
10 9
10 10
10 11
10 12
11 4
11 5
11 6
11 7
11 8
11 9
11 10
11 11
11 12
12 4
12 5
12 6
12 7
12 8
12 9
12 10
12 11
12 12
13 4
13 5
0
No
0
No
0
Yes
7 15
7 16
8 15
8 16
6 15
6 16
7 14
7 17
8 14
8 17
9 15
9 16
6 14
6 17
9 14
9 17
5 15
5 16
7 13
8 13
10 15
10 16
5 14
5 17
9 13
10 17
0
Yes
41 9
41 10
41 11
41 12
41 13
41 14
41 15
41 16
41 17
41 18
42 9
42 10
42 11
42 12
42 13
42 14
42 15
42 16
42 17
42 18
43 9
43 10
43 11
43 12
43 13
43 14
43 15
43 16
43 17
43 18
44 9
44 10
44 11
44 12
44 13
44 14
44 15
44 16
44 17
44 18
45 9
45 10
45 11
45 12
45 13
45 14
45 15
45 16
45 17
45 18
46 9
46 10
46 11
46 12
46 13
46 14
46 15
46 16
46 17
46 18
47 9
47 10
47 11
47 12
47 13
47 14
47 15
47 16
47 17
47 18
48 9
48 10
48 11
48 12
48 13
48 14
48 15
48 16
48 17
48 18
49 9
49 10
49 11
49 12
49 13
49 14
49 15
49 16
49 17
0
Yes
7 31
7 32
8 31
8 32
9 31
9 32
10 31
0
Yes
2 34
2 35
2 36
2 37
2 38
2 39
3 34
3 35
3 36
3 37
3 38
3 39
4 34
4 35
4 36
4 37
4 38
4 39
5 34
5 35
5 36
5 37
5 38
5 39
6 34
6 35
6 36
6 37
6 38
6 39
7 34
7 35
7 36
7 37
7 38
7 39
8 34
8 35
8 36
8 37
8 38
8 39
9 34
9 35
9 36
9 37
9 38
9 39
10 34
10 35
10 36
10 37
10 38
10 39
0
Yes
14 32
14 33
14 34
14 35
14 36
14 37
14 38
14 39
14 40
14 41
14 42
14 43
14 44
15 32
15 33
15 34
15 35
15 36
15 37
15 38
15 39
15 40
15 41
15 42
15 43
15 44
16 32
16 33
16 34
16 35
16 36
16 37
16 38
16 39
16 40
16 41
16 42
16 43
16 44
17 32
17 33
17 34
17 35
17 36
17 37
17 38
17 39
17 40
17 41
17 42
17 43
17 44
18 32
18 33
18 34
18 35
18 36
18 37
18 38
18 39
18 40
18 41
18 42
18 43
18 44
19 32
19 33
19 34
19 35
19 36
19 37
19 38
19 39
19 40
19 41
19 42
19 43
19 44
20 32
20 33
20 34
20 35
20 36
20 37
20 38
20 39
20 40
20 41
20 42
20 43
0
Yes
23 25
23 26
23 27
23 28
23 29
23 30
23 31
23 32
24 25
24 26
24 27
24 28
24 29
24 30
24 31
24 32
25 25
25 26
25 27
25 28
25 29
25 30
25 31
25 32
26 25
26 26
26 27
26 28
26 29
26 30
26 31
26 32
27 25
27 26
27 27
27 28
27 29
27 30
27 31
27 32
28 25
28 26
28 27
28 28
28 29
28 30
28 31
28 32
29 25
29 26
29 27
29 28
29 29
29 30
29 31
29 32
30 25
30 26
30 27
30 28
30 29
30 30
30 31
30 32
0
No
0
Yes
29 2
29 3
29 4
29 5
29 6
29 7
29 8
29 9
29 10
29 11
30 2
30 3
30 4
30 5
30 6
30 7
30 8
30 9
30 10
30 11
31 2
31 3
31 4
31 5
31 6
31 7
31 8
31 9
31 10
31 11
32 2
32 3
32 4
32 5
32 6
32 7
32 8
32 9
32 10
32 11
33 2
33 3
33 4
33 5
33 6
33 7
33 8
33 9
33 10
33 11
34 2
34 3
34 4
34 5
34 6
34 7
34 8
34 9
34 10
34 11
35 2
35 3
35 4
35 5
35 6
35 7
35 8
35 9
35 10
35 11
36 2
36 3
36 4
36 5
36 6
36 7
36 8
36 9
36 10
36 11
37 2
37 3
37 4
37 5
37 6
37 7
37 8
37 9
37 10
37 11
38 2
38 3
38 4
38 5
38 6
38 7
38 8
38 9
38 10
38 11
39 2
39 3
39 4
39 5
39 6
39 7
39 8
39 9
39 10
39 11
40 2
40 3
40 4
40 5
40 6
40 7
40 8
40 9
40 10
40 11
41 2
41 3
41 4
41 5
41 6
41 7
41 8
0
Yes
31 27
31 28
31 29
31 30
31 31
31 32
31 33
32 27
32 28
32 29
32 30
32 31
32 32
32 33
33 27
33 28
33 29
33 30
33 31
33 32
33 33
34 27
34 28
34 29
34 30
34 31
34 32
34 33
35 27
35 28
35 29
35 30
35 31
35 32
35 33
36 27
36 28
36 29
36 30
36 31
36 32
36 33
37 27
37 28
37 29
37 30
37 31
37 32
37 33
38 27
38 28
38 29
38 30
38 31
38 32
0
Yes
32 43
32 44
32 45
32 46
32 47
32 48
32 49
33 43
33 44
33 45
33 46
33 47
33 48
33 49
34 43
34 44
34 45
34 46
34 47
34 48
34 49
35 43
35 44
35 45
35 46
35 47
35 48
35 49
36 43
36 44
36 45
36 46
36 47
36 48
36 49
37 43
37 44
37 45
37 46
37 47
37 48
37 49
38 43
38 44
38 45
38 46
38 47
38 48
38 49
39 43
39 44
39 45
39 46
39 47
39 48
39 49
40 43
40 44
40 45
40 46
40 47
40 48
40 49
41 43
41 44
41 45
41 46
41 47
41 48
41 49
42 43
42 44
42 45
42 46
42 47
42 48
0
Yes
0 10
0 11
0 12
0 13
0 14
0 15
0 16
0 17
0 18
0 19
1 10
1 11
1 12
1 13
1 14
1 15
1 16
1 17
1 18
1 19
2 10
2 11
2 12
2 13
2 14
2 15
2 16
2 17
2 18
2 19
3 10
3 11
3 12
3 13
3 14
3 15
3 16
3 17
3 18
3 19
4 10
4 11
4 12
4 13
4 14
4 15
4 16
4 17
4 18
4 19
0
Yes
13 2
12 2
13 1
13 3
14 2
12 1
12 3
14 1
14 3
11 2
13 0
15 2
11 1
11 3
12 0
14 0
11 0
0
Yes
20 43
20 44
20 45
20 46
20 47
20 48
20 49
21 43
21 44
21 45
21 46
21 47
21 48
21 49
22 43
22 44
22 45
22 46
22 47
22 48
22 49
23 43
23 44
23 45
23 46
23 47
23 48
23 49
24 43
24 44
24 45
24 46
24 47
24 48
24 49
25 43
25 44
25 45
25 46
25 47
25 48
0
Yes
0 20
0 21
0 22
0 23
1 20
1 21
1 22
1 23
2 20
2 21
2 22
2 23
3 20
3 21
3 22
3 23
4 20
4 21
4 22
0
Yes
5 0
5 1
5 2
5 3
6 0
6 1
6 2
6 3
7 0
7 1
7 2
7 3
8 0
8 1
8 2
8 3
9 0
9 1
0
Yes
3 0
3 1
3 2
4 0
4 1
0
Yes
2 34
2 35
2 36
2 37
2 38
2 39
2 40
2 41
3 34
3 35
3 36
3 37
3 38
3 39
3 40
3 41
4 34
4 35
4 36
4 37
4 38
4 39
4 40
4 41
5 34
5 35
5 36
5 37
5 38
5 39
5 40
5 41
6 34
6 35
6 36
6 37
6 38
6 39
6 40
6 41
7 34
7 35
7 36
7 37
7 38
7 39
7 40
7 41
8 34
8 35
8 36
8 37
8 38
8 39
8 40
8 41
9 34
9 35
9 36
9 37
9 38
9 39
9 40
9 41
10 34
10 35
10 36
10 37
10 38
10 39
10 40
10 41
11 34
11 35
11 36
11 37
11 38
11 39
11 40
11 41
12 34
12 35
12 36
12 37
12 38
12 39
12 40
12 41
13 34
13 35
13 36
13 37
13 38
13 39
13 40
0
Yes
44 43
44 44
44 45
44 46
44 47
44 48
44 49
45 43
45 44
45 45
45 46
45 47
45 48
45 49
46 43
46 44
46 45
46 46
46 47
46 48
46 49
47 43
47 44
47 45
47 46
47 47
47 48
47 49
48 43
48 44
48 45
48 46
48 47
48 48
48 49
49 43
49 44
49 45
49 46
49 47
49 48
49 49
0
Yes
3 21
2 21
3 20
3 22
4 21
2 20
2 22
4 20
4 22
1 21
3 19
3 23
1 20
1 22
2 19
2 23
4 19
4 23
5 22
1 19
1 23
5 23
0 21
3 18
0 20
0 22
2 18
4 18
0 19
0 23
1 18
0
No
0
Yes
0 39
0 40
0 41
0 42
0 43
0 44
0 45
0 46
0 47
0 48
0 49
1 39
1 40
1 41
1 42
1 43
1 44
1 45
1 46
1 47
1 48
1 49
2 39
2 40
2 41
2 42
2 43
2 44
2 45
2 46
2 47
2 48
2 49
3 39
3 40
3 41
3 42
3 43
3 44
3 45
3 46
3 47
3 48
3 49
4 39
4 40
4 41
4 42
4 43
4 44
4 45
4 46
4 47
4 48
4 49
5 39
5 40
5 41
5 42
5 43
5 44
5 45
5 46
5 47
5 48
5 49
6 39
6 40
6 41
6 42
6 43
6 44
6 45
6 46
6 47
6 48
6 49
7 39
7 40
7 41
7 42
7 43
7 44
7 45
7 46
7 47
7 48
7 49
8 39
8 40
8 41
8 42
8 43
0
Yes
44 15
44 16
43 15
43 16
45 15
45 16
44 14
44 17
43 14
43 17
45 14
45 17
42 15
42 16
46 15
46 16
42 14
42 17
44 13
44 18
46 14
46 17
43 13
43 18
45 13
45 18
41 15
41 16
47 15
47 16
42 13
42 18
46 13
46 18
41 14
41 17
47 14
47 17
44 12
44 19
43 12
45 12
45 19
41 13
41 18
47 13
47 18
40 15
40 16
42 12
42 19
46 12
46 19
48 15
48 16
40 14
40 17
48 14
48 17
44 11
44 20
41 12
41 19
43 11
43 20
45 11
45 20
47 12
47 19
40 13
40 18
48 13
48 18
42 11
42 20
46 11
46 20
39 15
39 16
49 15
49 16
39 14
39 17
49 14
49 17
40 12
40 19
48 12
48 19
41 11
41 20
47 11
47 20
44 10
44 21
39 13
39 18
43 10
43 21
45 10
45 21
49 13
49 18
42 10
42 21
46 10
46 21
38 15
38 16
40 20
48 11
48 20
39 12
39 19
49 12
49 19
38 14
38 17
41 10
41 21
47 10
47 21
38 13
38 18
44 9
43 9
45 9
39 20
49 11
49 20
40 21
42 9
46 9
48 10
48 21
38 12
38 19
41 9
47 9
39 21
49 10
49 21
38 20
48 9
0
Yes
8 31
8 32
9 31
9 32
10 31
0
Yes
44 32
44 33
44 34
44 35
44 36
44 37
44 38
44 39
44 40
44 41
44 42
45 32
45 33
45 34
45 35
45 36
45 37
45 38
45 39
45 40
45 41
45 42
46 32
46 33
46 34
46 35
46 36
46 37
46 38
46 39
46 40
46 41
46 42
47 32
47 33
47 34
47 35
47 36
47 37
47 38
47 39
47 40
47 41
47 42
48 32
48 33
48 34
48 35
48 36
48 37
48 38
48 39
48 40
48 41
48 42
49 32
49 33
49 34
49 35
49 36
49 37
49 38
49 39
49 40
49 41
49 42
0
Yes
6 9
7 9
6 8
6 10
7 8
7 10
5 9
8 9
5 8
5 10
8 8
8 10
6 7
6 11
7 7
7 11
4 9
5 7
5 11
8 7
8 11
9 9
4 8
4 10
9 8
9 10
6 6
6 12
7 6
7 12
4 7
4 11
9 7
9 11
5 6
5 12
8 6
8 12
3 9
10 9
3 8
3 10
10 8
10 10
4 6
4 12
9 6
9 12
3 7
3 11
6 5
7 5
7 13
10 7
10 11
5 5
8 5
8 13
2 9
11 9
2 8
2 10
3 6
3 12
10 6
10 12
11 8
11 10
4 5
4 13
9 5
9 13
2 7
2 11
11 7
11 11
6 4
7 4
5 4
8 4
3 5
3 13
10 5
10 13
2 6
2 12
11 6
11 12
1 9
12 9
1 8
1 10
9 4
12 8
12 10
1 7
1 11
12 7
12 11
2 5
2 13
11 5
11 13
3 4
10 4
1 6
1 12
12 6
12 12
0 9
0 8
0 10
2 4
11 4
0 7
0 11
1 5
1 13
12 5
12 13
0 6
0 12
1 4
12 4
0 5
0
Yes
26 42
26 43
26 44
26 45
27 42
27 43
27 44
27 45
28 42
28 43
28 44
0
Yes
44 0
44 1
44 2
44 3
44 4
45 0
45 1
45 2
45 3
45 4
46 0
46 1
46 2
46 3
46 4
47 0
47 1
47 2
47 3
47 4
48 0
48 1
48 2
48 3
48 4
49 0
49 1
49 2
49 3
0
Yes
32 43
32 44
32 45
32 46
32 47
32 48
32 49
33 43
33 44
33 45
33 46
33 47
33 48
33 49
34 43
34 44
34 45
34 46
34 47
34 48
34 49
35 43
35 44
35 45
35 46
35 47
35 48
35 49
36 43
36 44
36 45
36 46
36 47
36 48
36 49
37 43
37 44
37 45
37 46
37 47
37 48
37 49
38 43
38 44
38 45
38 46
38 47
38 48
38 49
0
Yes
0 47
0 48
0 49
1 47
1 48
1 49
2 47
2 48
2 49
3 47
3 48
3 49
4 47
0
Yes
47 47
47 48
47 49
48 47
48 48
48 49
49 47
49 48
49 49
0
Yes
39 43
39 44
39 45
39 46
39 47
39 48
39 49
40 43
40 44
40 45
40 46
40 47
40 48
40 49
41 43
41 44
41 45
41 46
41 47
41 48
41 49
42 43
42 44
42 45
42 46
42 47
42 48
42 49
0
Yes
0 14
0 15
0 16
0 17
0 18
0 19
0 20
1 14
1 15
1 16
1 17
1 18
1 19
1 20
2 14
2 15
2 16
2 17
2 18
2 19
2 20
3 14
3 15
3 16
3 17
3 18
3 19
3 20
4 14
4 15
4 16
4 17
4 18
4 19
4 20
5 14
5 15
5 16
0
Yes
0 0
0 1
0 2
0 3
1 0
1 1
1 2
1 3
2 0
2 1
0
Yes
0 39
0 40
0 41
0 42
0 43
0 44
0 45
0 46
1 39
1 40
1 41
1 42
1 43
1 44
1 45
1 46
2 39
2 40
2 41
2 42
2 43
2 44
2 45
2 46
3 39
3 40
3 41
3 42
3 43
3 44
3 45
3 46
4 39
4 40
4 41
4 42
4 43
4 44
4 45
4 46
5 39
5 40
5 41
5 42
5 43
5 44
5 45
5 46
6 39
6 40
6 41
6 42
6 43
6 44
6 45
6 46
7 39
7 40
7 41
7 42
7 43
7 44
7 45
7 46
8 39
8 40
8 41
8 42
8 43
8 44
8 45
8 46
9 39
9 40
9 41
9 42
9 43
9 44
9 45
9 46
10 39
10 40
10 41
10 42
10 43
10 44
10 45
10 46
11 39
11 40
11 41
11 42
0
Yes
3 0
3 1
3 2
4 0
4 1
0
Yes
16 40
16 41
16 42
16 43
16 44
17 40
17 41
17 42
17 43
17 44
18 40
18 41
18 42
18 43
18 44
19 40
19 41
19 42
19 43
19 44
20 40
20 41
20 42
0
Yes
0 24
0 25
0 26
0 27
0 28
0 29
0 30
0 31
1 24
1 25
1 26
1 27
1 28
1 29
1 30
1 31
2 24
2 25
2 26
2 27
2 28
2 29
2 30
2 31
3 24
3 25
3 26
3 27
3 28
3 29
3 30
3 31
4 24
4 25
4 26
4 27
4 28
4 29
4 30
4 31
5 24
5 25
5 26
5 27
5 28
5 29
5 30
5 31
6 24
6 25
6 26
6 27
6 28
6 29
6 30
6 31
7 24
7 25
7 26
7 27
7 28
7 29
7 30
7 31
0
Yes
39 45
39 46
39 47
39 48
39 49
40 45
40 46
40 47
40 48
40 49
41 45
41 46
41 47
41 48
41 49
42 45
42 46
42 47
42 48
42 49
43 45
43 46
43 47
43 48
43 49
44 45
44 46
44 47
44 48
44 49
45 45
45 46
45 47
45 48
45 49
46 45
46 46
46 47
46 48
0
Yes
44 38
45 38
44 37
44 39
45 37
45 39
43 38
46 38
43 37
43 39
46 37
46 39
44 36
44 40
45 36
45 40
42 38
43 36
43 40
46 36
46 40
47 38
42 37
42 39
47 37
47 39
44 35
44 41
45 35
45 41
42 36
42 40
47 36
47 40
43 35
43 41
46 35
46 41
41 38
48 38
41 37
41 39
48 37
48 39
42 41
47 35
47 41
41 36
41 40
44 34
44 42
45 34
45 42
48 36
48 40
43 34
43 42
46 34
46 42
40 38
49 38
40 37
40 39
41 41
48 35
48 41
49 37
49 39
42 34
42 42
47 34
47 42
40 36
40 40
49 36
49 40
44 33
44 43
45 33
45 43
43 33
43 43
46 33
46 43
41 42
48 34
48 42
40 35
40 41
49 35
49 41
39 38
39 37
39 39
42 33
42 43
47 33
47 43
39 36
40 34
40 42
44 32
44 44
45 32
45 44
49 34
49 42
41 33
41 43
48 33
48 43
43 32
46 32
46 44
39 35
39 41
42 32
42 44
47 32
47 44
40 33
40 43
49 33
49 43
39 34
39 42
41 32
41 44
48 32
48 44
44 31
45 31
43 31
46 31
39 33
39 43
42 31
47 31
40 32
40 44
49 32
49 44
41 31
39 44
0
Yes
0 21
0 22
0 23
0 24
0 25
0 26
0 27
0 28
0 29
0 30
1 21
1 22
1 23
1 24
1 25
1 26
1 27
1 28
1 29
1 30
2 21
2 22
2 23
2 24
2 25
2 26
2 27
2 28
2 29
2 30
3 21
3 22
3 23
3 24
3 25
3 26
3 27
3 28
3 29
3 30
4 21
4 22
4 23
4 24
4 25
4 26
4 27
4 28
4 29
4 30
5 21
5 22
5 23
5 24
5 25
5 26
5 27
5 28
5 29
5 30
0
Yes
25 0
25 1
25 2
25 3
25 4
25 5
26 0
26 1
26 2
26 3
26 4
26 5
27 0
27 1
27 2
27 3
27 4
27 5
28 0
28 1
28 2
28 3
28 4
28 5
29 0
29 1
0
Yes
32 44
32 45
32 46
32 47
32 48
32 49
33 44
33 45
33 46
33 47
33 48
33 49
34 44
34 45
34 46
34 47
34 48
34 49
35 44
35 45
35 46
35 47
35 48
35 49
36 44
36 45
36 46
36 47
36 48
36 49
37 44
37 45
37 46
37 47
37 48
37 49
38 44
38 45
38 46
38 47
38 48
38 49
0
Yes
6 26
6 27
6 28
6 29
6 30
7 26
7 27
7 28
7 29
7 30
8 26
8 27
8 28
8 29
8 30
9 26
9 27
9 28
9 29
9 30
10 26
10 27
10 28
10 29
0
Yes
20 8
21 8
20 7
20 9
21 7
21 9
19 8
22 8
19 7
19 9
22 7
22 9
20 6
20 10
21 6
21 10
18 8
19 6
19 10
22 6
22 10
23 8
18 7
18 9
23 7
23 9
20 5
20 11
21 5
21 11
18 6
18 10
23 6
23 10
19 5
19 11
22 5
22 11
17 8
24 8
17 7
17 9
24 7
24 9
18 5
18 11
23 5
23 11
17 6
17 10
20 4
20 12
21 4
21 12
24 6
24 10
19 4
19 12
22 4
22 12
16 8
16 7
16 9
17 5
17 11
24 5
24 11
18 4
18 12
23 4
23 12
16 10
20 3
20 13
21 3
21 13
19 3
19 13
22 3
22 13
17 4
17 12
24 4
16 11
18 3
18 13
23 3
23 13
16 4
16 12
20 2
20 14
21 2
21 14
17 3
17 13
24 3
24 13
19 2
19 14
22 2
22 14
18 2
18 14
23 2
23 14
16 3
16 13
17 2
17 14
24 2
24 14
20 1
20 15
21 1
21 15
19 1
19 15
22 1
22 15
18 1
18 15
23 1
23 15
16 2
16 14
17 1
24 1
24 15
20 0
21 0
19 0
22 0
18 0
23 0
17 0
24 0
0
Yes
0 31
0 32
0 33
0 34
1 31
1 32
1 33
1 34
2 31
2 32
2 33
2 34
3 31
0
Yes
44 36
44 37
44 38
44 39
44 40
44 41
44 42
44 43
44 44
45 36
45 37
45 38
45 39
45 40
45 41
45 42
45 43
45 44
46 36
46 37
46 38
46 39
46 40
46 41
46 42
46 43
46 44
47 36
47 37
47 38
47 39
47 40
47 41
47 42
47 43
47 44
48 36
48 37
48 38
48 39
48 40
48 41
48 42
48 43
48 44
49 36
49 37
49 38
49 39
49 40
49 41
49 42
49 43
49 44
0
No
0
Yes
0 0
0 1
0 2
1 0
1 1
1 2
2 0
2 1
0
Yes
44 15
44 16
43 15
43 16
45 15
45 16
44 14
44 17
43 14
43 17
45 14
45 17
42 15
42 16
46 15
46 16
42 14
42 17
44 13
44 18
46 14
46 17
43 13
43 18
45 13
45 18
41 15
41 16
47 15
47 16
42 13
42 18
46 13
46 18
41 14
41 17
47 14
47 17
44 12
44 19
43 12
45 12
45 19
41 13
41 18
47 13
47 18
40 15
40 16
42 12
42 19
46 12
46 19
48 15
48 16
40 14
40 17
48 14
48 17
44 11
44 20
41 12
41 19
43 11
43 20
45 11
45 20
47 12
47 19
40 13
40 18
48 13
48 18
42 11
42 20
46 11
46 20
39 15
39 16
49 15
49 16
39 14
39 17
49 14
49 17
40 12
40 19
48 12
48 19
41 11
41 20
47 11
47 20
44 10
44 21
39 13
39 18
43 10
43 21
45 10
45 21
49 13
49 18
42 10
42 21
46 10
46 21
38 15
38 16
40 20
48 11
48 20
39 12
39 19
49 12
49 19
38 14
38 17
41 10
41 21
47 10
47 21
38 13
38 18
44 9
43 9
45 9
39 20
49 11
49 20
40 21
42 9
46 9
48 10
48 21
38 12
38 19
41 9
47 9
39 21
49 10
49 21
38 20
48 9
38 21
49 9
0
Yes
3 0
3 1
3 2
4 0
4 1
0
Yes
43 0
43 1
43 2
43 3
43 4
43 5
44 0
44 1
44 2
44 3
44 4
44 5
45 0
45 1
45 2
45 3
45 4
45 5
46 0
46 1
46 2
46 3
46 4
46 5
47 0
47 1
47 2
47 3
47 4
47 5
48 0
48 1
48 2
48 3
48 4
48 5
49 0
49 1
49 2
49 3
49 4
49 5
0
Yes
0 21
0 22
0 23
0 24
0 25
0 26
1 21
1 22
1 23
1 24
1 25
1 26
2 21
2 22
2 23
2 24
2 25
2 26
3 21
3 22
3 23
3 24
3 25
3 26
4 21
4 22
4 23
4 24
4 25
4 26
5 21
5 22
5 23
5 24
5 25
5 26
0
Yes
21 25
21 26
21 27
22 25
22 26
0
No
0
Yes
19 46
19 47
19 48
19 49
20 46
20 47
20 48
20 49
21 46
21 47
21 48
21 49
22 46
22 47
22 48
22 49
23 46
23 47
23 48
23 49
24 46
24 47
24 48
24 49
25 46
25 47
25 48
25 49
0
Yes
41 9
41 10
41 11
41 12
41 13
41 14
41 15
41 16
41 17
41 18
42 9
42 10
42 11
42 12
42 13
42 14
42 15
42 16
42 17
42 18
43 9
43 10
43 11
43 12
43 13
43 14
43 15
43 16
43 17
43 18
44 9
44 10
44 11
44 12
44 13
44 14
44 15
44 16
44 17
44 18
45 9
45 10
45 11
45 12
45 13
45 14
45 15
45 16
45 17
45 18
46 9
46 10
46 11
46 12
46 13
46 14
46 15
46 16
46 17
46 18
47 9
47 10
47 11
47 12
47 13
47 14
47 15
47 16
47 17
47 18
48 9
48 10
48 11
48 12
48 13
48 14
48 15
48 16
48 17
48 18
49 9
49 10
49 11
49 12
49 13
0
Yes
29 46
29 47
29 48
30 46
30 47
30 48
31 46
31 47
31 48
0
Yes
2 34
2 35
2 36
2 37
2 38
3 34
3 35
3 36
3 37
3 38
4 34
4 35
4 36
4 37
4 38
5 34
5 35
5 36
5 37
5 38
6 34
6 35
6 36
6 37
6 38
7 34
7 35
7 36
7 37
7 38
8 34
8 35
8 36
8 37
8 38
9 34
9 35
9 36
9 37
9 38
10 34
10 35
10 36
10 37
10 38
0
No
0
Yes
43 32
43 33
43 34
43 35
43 36
43 37
43 38
43 39
43 40
43 41
43 42
43 43
44 32
44 33
44 34
44 35
44 36
44 37
44 38
44 39
44 40
44 41
44 42
44 43
45 32
45 33
45 34
45 35
45 36
45 37
45 38
45 39
45 40
45 41
45 42
45 43
46 32
46 33
46 34
46 35
46 36
46 37
46 38
46 39
46 40
46 41
46 42
46 43
47 32
47 33
47 34
47 35
47 36
47 37
47 38
47 39
47 40
47 41
47 42
47 43
48 32
48 33
48 34
48 35
48 36
48 37
48 38
48 39
48 40
48 41
48 42
48 43
49 32
49 33
49 34
49 35
49 36
49 37
49 38
49 39
49 40
49 41
0
Yes
1 27
1 28
1 29
1 30
1 31
1 32
2 27
2 28
2 29
2 30
2 31
2 32
3 27
3 28
3 29
3 30
3 31
3 32
4 27
4 28
4 29
4 30
4 31
4 32
5 27
5 28
5 29
5 30
5 31
5 32
6 27
6 28
6 29
6 30
6 31
6 32
7 27
7 28
7 29
7 30
7 31
7 32
8 27
8 28
8 29
8 30
8 31
8 32
9 27
9 28
9 29
9 30
9 31
9 32
10 27
10 28
10 29
0
Yes
5 18
5 19
5 20
6 18
6 19
6 20
7 18
7 19
7 20
8 18
0
Yes
14 33
14 34
14 35
14 36
14 37
14 38
14 39
14 40
14 41
14 42
14 43
14 44
15 33
15 34
15 35
15 36
15 37
15 38
15 39
15 40
15 41
15 42
15 43
15 44
16 33
16 34
16 35
16 36
16 37
16 38
16 39
16 40
16 41
16 42
16 43
16 44
17 33
17 34
17 35
17 36
17 37
17 38
17 39
17 40
17 41
17 42
17 43
17 44
18 33
18 34
18 35
18 36
18 37
18 38
18 39
18 40
18 41
18 42
18 43
18 44
19 33
19 34
19 35
19 36
19 37
19 38
19 39
19 40
19 41
19 42
19 43
19 44
20 33
20 34
20 35
20 36
20 37
20 38
20 39
20 40
20 41
20 42
20 43
20 44
21 33
21 34
21 35
21 36
21 37
21 38
21 39
21 40
21 41
0
Yes
22 38
22 39
22 40
22 41
23 38
23 39
23 40
23 41
24 38
24 39
24 40
24 41
25 38
25 39
25 40
25 41
26 38
26 39
26 40
26 41
27 38
27 39
27 40
0
Yes
24 17
24 18
24 19
24 20
24 21
24 22
24 23
24 24
24 25
24 26
24 27
24 28
24 29
24 30
24 31
24 32
25 17
25 18
25 19
25 20
25 21
25 22
25 23
25 24
25 25
25 26
25 27
25 28
25 29
25 30
25 31
25 32
26 17
26 18
26 19
26 20
26 21
26 22
26 23
26 24
26 25
26 26
26 27
26 28
26 29
26 30
26 31
26 32
27 17
27 18
27 19
27 20
27 21
27 22
27 23
27 24
27 25
27 26
27 27
27 28
27 29
27 30
27 31
27 32
28 17
28 18
28 19
28 20
28 21
28 22
28 23
28 24
28 25
28 26
28 27
28 28
28 29
28 30
28 31
28 32
29 17
29 18
29 19
29 20
29 21
29 22
29 23
29 24
29 25
29 26
29 27
29 28
29 29
29 30
29 31
29 32
30 17
30 18
30 19
30 20
30 21
30 22
30 23
30 24
30 25
30 26
30 27
30 28
30 29
30 30
30 31
30 32
31 17
31 18
0
No
0
No
0
No
0
Yes
27 12
27 13
27 14
27 15
27 16
28 12
28 13
28 14
28 15
28 16
29 12
29 13
29 14
29 15
29 16
30 12
30 13
30 14
30 15
30 16
31 12
31 13
31 14
31 15
31 16
32 12
32 13
32 14
32 15
0
Yes
0 47
0 48
0 49
1 47
1 48
1 49
2 47
2 48
2 49
0
No
0
Yes
40 30
40 31
40 32
40 33
41 30
41 31
41 32
41 33
42 30
42 31
42 32
42 33
43 30
43 31
0
No
0
Yes
33 0
33 1
34 0
34 1
35 0
35 1
36 0
36 1
37 0
37 1
0
Yes
0 5
0 6
0 7
0 8
0 9
0 10
0 11
0 12
1 5
1 6
1 7
1 8
1 9
1 10
1 11
1 12
2 5
2 6
2 7
2 8
2 9
2 10
2 11
2 12
3 5
3 6
3 7
3 8
3 9
3 10
3 11
3 12
4 5
4 6
4 7
4 8
4 9
4 10
4 11
4 12
5 5
5 6
5 7
5 8
5 9
5 10
5 11
5 12
6 5
6 6
6 7
6 8
6 9
6 10
6 11
6 12
7 5
7 6
7 7
7 8
7 9
7 10
7 11
7 12
8 5
8 6
8 7
8 8
8 9
8 10
8 11
8 12
9 5
9 6
9 7
9 8
9 9
9 10
9 11
9 12
10 5
10 6
10 7
10 8
10 9
10 10
10 11
10 12
11 5
11 6
11 7
11 8
11 9
11 10
11 11
11 12
12 5
12 6
12 7
0
No
0
Yes
43 16
44 16
43 15
43 17
44 15
44 17
42 16
45 16
42 15
42 17
45 15
45 17
43 14
43 18
44 14
44 18
41 16
42 14
42 18
45 14
45 18
46 16
41 15
41 17
46 15
46 17
43 13
44 13
44 19
41 14
41 18
46 14
46 18
42 13
42 19
45 13
45 19
40 16
47 16
40 15
40 17
47 15
47 17
41 13
41 19
46 13
46 19
40 14
40 18
43 12
44 12
44 20
43 20
47 14
47 18
42 12
42 20
45 12
45 20
39 16
48 16
39 15
39 17
40 13
40 19
47 13
47 19
48 15
48 17
41 12
41 20
46 12
46 20
39 14
39 18
48 14
48 18
43 11
44 11
42 11
45 11
40 12
40 20
47 12
47 20
39 13
39 19
48 13
48 19
38 16
49 16
38 15
38 17
41 11
46 11
49 15
49 17
38 14
38 18
49 14
49 18
39 12
39 20
48 12
48 20
47 11
38 13
38 19
49 13
49 19
37 16
37 15
37 17
48 11
37 14
37 18
38 12
38 20
49 12
49 20
37 13
49 11
37 12
0
Yes
43 32
43 33
43 34
43 35
43 36
43 37
43 38
43 39
43 40
44 32
44 33
44 34
44 35
44 36
44 37
44 38
44 39
44 40
45 32
45 33
45 34
45 35
45 36
45 37
45 38
45 39
45 40
46 32
46 33
46 34
46 35
46 36
46 37
46 38
46 39
46 40
47 32
47 33
47 34
47 35
47 36
47 37
47 38
47 39
47 40
48 32
48 33
48 34
48 35
48 36
48 37
48 38
48 39
48 40
49 32
49 33
49 34
49 35
49 36
49 37
49 38
49 39
49 40
0
Yes
3 0
3 1
3 2
4 0
4 1
0
Yes
0 5
0 6
0 7
0 8
0 9
0 10
0 11
0 12
1 5
1 6
1 7
1 8
1 9
1 10
1 11
1 12
2 5
2 6
2 7
2 8
2 9
2 10
2 11
2 12
3 5
3 6
3 7
3 8
3 9
3 10
3 11
3 12
4 5
4 6
4 7
4 8
4 9
4 10
4 11
4 12
5 5
5 6
5 7
5 8
5 9
5 10
5 11
5 12
6 5
6 6
6 7
6 8
6 9
6 10
6 11
6 12
7 5
7 6
7 7
7 8
7 9
7 10
7 11
7 12
8 5
8 6
8 7
8 8
8 9
8 10
8 11
8 12
9 5
9 6
9 7
9 8
9 9
9 10
9 11
9 12
10 5
10 6
10 7
10 8
0
Yes
11 0
11 1
11 2
11 3
11 4
11 5
12 0
12 1
12 2
12 3
12 4
12 5
13 0
13 1
13 2
13 3
13 4
13 5
14 0
14 1
14 2
14 3
14 4
14 5
0
Yes
27 7
27 8
27 9
27 10
27 11
27 12
27 13
27 14
27 15
28 7
28 8
28 9
28 10
28 11
28 12
28 13
28 14
28 15
29 7
29 8
29 9
29 10
29 11
29 12
29 13
29 14
29 15
30 7
30 8
30 9
30 10
30 11
30 12
30 13
30 14
30 15
31 7
31 8
31 9
31 10
31 11
31 12
31 13
31 14
31 15
32 7
32 8
32 9
32 10
32 11
32 12
32 13
32 14
32 15
33 7
33 8
33 9
33 10
33 11
33 12
33 13
33 14
33 15
34 7
34 8
34 9
34 10
34 11
34 12
34 13
34 14
34 15
35 7
35 8
35 9
35 10
35 11
35 12
35 13
35 14
35 15
36 7
36 8
36 9
36 10
36 11
36 12
36 13
36 14
36 15
37 7
37 8
37 9
37 10
37 11
37 12
37 13
37 14
37 15
38 7
38 8
38 9
38 10
38 11
38 12
38 13
38 14
38 15
0
No
0
Yes
44 12
44 13
45 12
45 13
43 12
43 13
44 11
44 14
45 11
45 14
46 12
46 13
43 11
43 14
46 11
46 14
42 12
42 13
44 10
44 15
45 10
45 15
47 12
47 13
42 11
42 14
43 10
43 15
46 10
46 15
47 11
47 14
41 12
41 13
42 10
42 15
44 9
44 16
45 9
45 16
47 10
47 15
48 12
48 13
41 11
41 14
43 9
43 16
46 9
46 16
48 11
48 14
41 10
41 15
42 9
42 16
47 9
47 16
48 10
48 15
40 12
40 13
44 17
45 8
45 17
49 12
49 13
40 11
40 14
43 8
43 17
46 8
46 17
49 11
49 14
41 9
41 16
48 9
48 16
40 10
40 15
42 8
42 17
47 8
47 17
49 10
49 15
39 12
39 13
44 18
45 7
44 7
45 18
39 11
39 14
40 9
40 16
41 8
41 17
43 7
43 18
46 7
46 18
48 8
48 17
49 9
49 16
39 10
39 15
42 7
42 18
47 7
47 18
40 8
40 17
49 8
49 17
39 9
39 16
41 7
41 18
44 6
45 6
48 7
48 18
43 6
46 6
42 6
47 6
39 8
39 17
40 7
40 18
49 7
49 18
41 6
48 6
39 7
0
Yes
32 44
32 45
32 46
32 47
32 48
32 49
33 44
33 45
33 46
33 47
33 48
33 49
34 44
34 45
34 46
34 47
34 48
34 49
35 44
35 45
35 46
35 47
35 48
35 49
36 44
36 45
36 46
36 47
36 48
36 49
37 44
37 45
37 46
37 47
37 48
37 49
38 44
38 45
38 46
38 47
38 48
38 49
39 44
0
Yes
17 0
17 1
17 2
17 3
17 4
17 5
17 6
17 7
17 8
18 0
18 1
18 2
18 3
18 4
18 5
18 6
18 7
18 8
19 0
19 1
19 2
19 3
19 4
19 5
19 6
19 7
19 8
20 0
20 1
20 2
20 3
20 4
20 5
20 6
20 7
20 8
21 0
21 1
21 2
21 3
21 4
21 5
21 6
21 7
21 8
22 0
22 1
22 2
22 3
22 4
22 5
22 6
22 7
22 8
23 0
23 1
23 2
23 3
23 4
23 5
23 6
23 7
23 8
24 0
24 1
24 2
24 3
24 4
24 5
24 6
24 7
24 8
25 0
25 1
25 2
25 3
25 4
25 5
25 6
25 7
25 8
0
Yes
39 0
39 1
39 2
39 3
39 4
39 5
40 0
40 1
40 2
40 3
40 4
40 5
41 0
41 1
41 2
41 3
41 4
41 5
42 0
42 1
42 2
42 3
42 4
42 5
43 0
43 1
43 2
43 3
43 4
43 5
44 0
44 1
44 2
44 3
44 4
44 5
45 0
45 1
45 2
45 3
45 4
45 5
46 0
46 1
46 2
46 3
46 4
46 5
47 0
47 1
47 2
47 3
47 4
47 5
48 0
48 1
48 2
48 3
48 4
48 5
49 0
49 1
49 2
49 3
49 4
0
Yes
0 47
0 48
0 49
1 47
1 48
1 49
2 47
2 48
2 49
3 47
3 48
3 49
4 47
0
Yes
26 0
26 1
26 2
26 3
26 4
26 5
27 0
27 1
27 2
27 3
27 4
27 5
28 0
28 1
28 2
28 3
28 4
28 5
29 0
29 1
29 2
29 3
29 4
29 5
30 0
30 1
30 2
30 3
30 4
30 5
31 0
0
Yes
33 10
32 10
33 9
33 11
34 10
32 9
32 11
34 9
34 11
31 10
33 8
33 12
35 10
31 9
31 11
32 8
32 12
34 8
34 12
35 9
35 11
31 8
31 12
35 8
35 12
30 10
33 7
33 13
36 10
30 9
30 11
32 7
32 13
34 7
34 13
36 9
36 11
30 8
30 12
31 7
31 13
35 7
35 13
36 8
36 12
29 10
33 6
33 14
37 10
29 9
29 11
32 6
32 14
34 6
34 14
37 9
37 11
30 7
30 13
36 7
36 13
29 8
29 12
31 6
31 14
35 6
35 14
37 8
37 12
28 10
29 7
29 13
30 6
30 14
33 5
33 15
36 6
36 14
37 7
37 13
38 10
28 9
28 11
32 5
32 15
34 5
34 15
38 9
38 11
28 8
28 12
31 5
31 15
35 5
35 15
38 8
38 12
29 6
29 14
37 6
37 14
28 7
28 13
30 15
36 5
36 15
38 7
38 13
27 10
33 4
27 9
27 11
32 4
34 4
27 8
27 12
31 4
35 4
28 14
29 15
37 5
37 15
38 6
38 14
27 7
27 13
36 4
28 15
38 5
38 15
27 14
37 4
27 15
38 4
0
Yes
44 41
44 42
44 43
44 44
44 45
44 46
44 47
44 48
44 49
45 41
45 42
45 43
45 44
45 45
45 46
45 47
45 48
45 49
46 41
46 42
46 43
46 44
46 45
46 46
46 47
46 48
46 49
47 41
47 42
47 43
47 44
47 45
47 46
47 47
47 48
47 49
48 41
48 42
48 43
48 44
48 45
48 46
48 47
48 48
48 49
49 41
49 42
49 43
49 44
49 45
49 46
49 47
49 48
0
Yes
17 0
17 1
17 2
17 3
17 4
17 5
17 6
17 7
17 8
17 9
18 0
18 1
18 2
18 3
18 4
18 5
18 6
18 7
18 8
18 9
19 0
19 1
19 2
19 3
19 4
19 5
19 6
19 7
19 8
19 9
20 0
20 1
20 2
20 3
20 4
20 5
20 6
20 7
20 8
20 9
21 0
21 1
21 2
21 3
21 4
21 5
21 6
21 7
21 8
21 9
22 0
22 1
22 2
22 3
22 4
22 5
22 6
22 7
22 8
22 9
23 0
23 1
23 2
23 3
23 4
23 5
23 6
23 7
23 8
23 9
24 0
24 1
24 2
24 3
24 4
24 5
24 6
24 7
24 8
24 9
25 0
25 1
25 2
25 3
25 4
25 5
25 6
25 7
25 8
25 9
26 0
0
Yes
0 14
0 15
0 16
0 17
0 18
0 19
0 20
0 21
1 14
1 15
1 16
1 17
1 18
1 19
1 20
1 21
2 14
2 15
2 16
2 17
2 18
2 19
2 20
2 21
3 14
3 15
3 16
3 17
3 18
3 19
3 20
3 21
4 14
4 15
4 16
4 17
4 18
4 19
4 20
4 21
5 14
5 15
5 16
5 17
5 18
5 19
5 20
5 21
6 14
6 15
6 16
6 17
6 18
6 19
6 20
6 21
7 14
7 15
0
Yes
0 22
0 23
0 24
0 25
0 26
0 27
1 22
1 23
1 24
1 25
1 26
1 27
2 22
2 23
2 24
2 25
2 26
2 27
3 22
3 23
3 24
3 25
3 26
3 27
4 22
4 23
4 24
4 25
4 26
4 27
5 22
5 23
5 24
5 25
0
No
0
Yes
0 7
0 8
0 9
0 10
0 11
0 12
0 13
1 7
1 8
1 9
1 10
1 11
1 12
1 13
2 7
2 8
2 9
2 10
2 11
2 12
2 13
3 7
3 8
3 9
3 10
3 11
3 12
3 13
4 7
4 8
4 9
4 10
4 11
4 12
4 13
5 7
5 8
5 9
5 10
5 11
5 12
0
Yes
27 23
27 24
28 23
28 24
26 23
26 24
27 22
27 25
28 22
28 25
29 23
29 24
26 22
26 25
29 22
29 25
25 23
25 24
27 21
27 26
28 21
28 26
30 23
30 24
25 22
25 25
26 21
26 26
29 21
29 26
30 22
30 25
24 23
24 24
25 21
25 26
27 20
27 27
28 20
28 27
30 21
30 26
31 24
24 22
24 25
26 20
26 27
29 20
29 27
31 22
31 25
24 21
24 26
25 20
25 27
30 20
30 27
31 21
31 26
23 23
27 19
27 28
28 19
28 28
23 22
23 25
26 19
26 28
29 19
29 28
24 20
24 27
31 20
31 27
23 21
23 26
25 19
25 28
30 19
30 28
27 18
27 29
28 18
28 29
23 20
23 27
24 19
24 28
26 18
26 29
29 18
29 29
31 19
31 28
25 18
25 29
30 18
30 29
23 19
23 28
24 18
24 29
27 17
27 30
28 17
28 30
31 18
31 29
26 17
26 30
29 17
29 30
25 17
25 30
30 17
30 30
23 18
23 29
24 17
24 30
31 17
31 30
27 16
28 16
26 16
29 16
23 17
23 30
25 16
30 16
31 16
0
Yes
18 25
18 26
18 27
18 28
19 25
19 26
19 27
19 28
20 25
20 26
20 27
20 28
21 25
21 26
21 27
21 28
22 25
22 26
0
Yes
5 0
5 1
5 2
6 0
6 1
6 2
7 0
7 1
7 2
8 0
8 1
8 2
9 0
9 1
9 2
10 0
10 1
10 2
0
Yes
5 47
5 48
5 49
6 47
6 48
6 49
7 47
7 48
7 49
8 47
8 48
8 49
9 47
9 48
9 49
10 47
10 48
10 49
11 47
11 48
11 49
0
Yes
17 0
17 1
17 2
17 3
17 4
17 5
17 6
17 7
17 8
17 9
17 10
17 11
17 12
17 13
17 14
18 0
18 1
18 2
18 3
18 4
18 5
18 6
18 7
18 8
18 9
18 10
18 11
18 12
18 13
18 14
19 0
19 1
19 2
19 3
19 4
19 5
19 6
19 7
19 8
19 9
19 10
19 11
19 12
19 13
19 14
20 0
20 1
20 2
20 3
20 4
20 5
20 6
20 7
20 8
20 9
20 10
20 11
20 12
20 13
20 14
21 0
21 1
21 2
21 3
21 4
21 5
21 6
21 7
21 8
21 9
21 10
21 11
21 12
21 13
21 14
22 0
22 1
22 2
22 3
22 4
22 5
22 6
22 7
22 8
22 9
22 10
22 11
22 12
22 13
22 14
23 0
23 1
23 2
23 3
23 4
23 5
23 6
23 7
23 8
23 9
23 10
23 11
23 12
23 13
23 14
24 0
24 1
24 2
24 3
24 4
24 5
24 6
24 7
24 8
24 9
24 10
24 11
0
Yes
22 7
22 8
21 7
21 8
23 7
23 8
22 6
22 9
21 6
21 9
23 6
23 9
20 7
20 8
24 7
24 8
20 6
20 9
22 5
22 10
24 6
24 9
21 5
21 10
23 5
23 10
19 7
19 8
25 7
25 8
20 5
20 10
24 5
24 10
19 6
19 9
25 6
25 9
22 4
22 11
21 4
21 11
23 4
23 11
19 5
19 10
25 5
18 7
18 8
20 4
20 11
24 4
24 11
26 7
18 6
18 9
26 6
22 3
22 12
19 4
19 11
21 3
21 12
23 3
23 12
25 4
18 5
18 10
26 5
20 3
20 12
24 3
17 7
17 8
17 6
17 9
18 4
18 11
26 4
19 3
19 12
25 3
22 2
22 13
17 5
17 10
21 2
21 13
23 2
23 13
20 2
20 13
24 2
24 13
18 3
18 12
26 3
17 4
17 11
19 2
19 13
25 2
25 13
25 12
22 1
22 14
21 1
21 14
23 1
23 14
17 3
17 12
18 2
18 13
20 1
20 14
24 1
24 14
26 2
26 13
19 1
19 14
25 1
25 14
17 2
17 13
22 0
21 0
23 0
18 1
18 14
26 1
26 14
20 0
24 0
19 0
25 0
17 1
17 14
18 0
26 0
17 0
0
Yes
15 38
15 39
16 38
16 39
14 38
14 39
15 37
15 40
16 37
16 40
17 38
17 39
14 37
14 40
17 37
17 40
13 38
13 39
15 36
15 41
16 36
16 41
18 38
18 39
13 37
13 40
14 36
14 41
17 36
17 41
18 37
18 40
12 38
12 39
13 36
13 41
15 35
15 42
16 35
16 42
18 36
18 41
19 38
19 39
12 37
12 40
14 35
14 42
17 35
17 42
19 37
19 40
12 36
12 41
13 35
18 35
18 42
19 36
19 41
11 38
15 34
15 43
16 34
16 43
20 38
20 39
11 37
14 34
14 43
17 34
17 43
20 37
20 40
12 35
12 42
19 35
19 42
11 36
13 34
13 43
18 34
18 43
20 36
20 41
10 38
15 33
15 44
16 33
16 44
10 37
11 35
12 34
12 43
14 33
14 44
17 33
17 44
19 34
19 43
20 35
20 42
10 36
13 33
13 44
18 33
18 44
11 34
11 43
20 34
20 43
10 35
12 33
12 44
15 32
16 32
19 33
19 44
14 32
17 32
13 32
18 32
10 34
11 33
11 44
20 33
20 44
12 32
19 32
20 32
0
No
0
Yes
0 28
0 29
0 30
0 31
1 28
1 29
1 30
1 31
2 28
2 29
2 30
2 31
3 28
3 29
3 30
3 31
0
No
0
No
0
Yes
17 0
17 1
17 2
17 3
17 4
17 5
17 6
17 7
17 8
17 9
18 0
18 1
18 2
18 3
18 4
18 5
18 6
18 7
18 8
18 9
19 0
19 1
19 2
19 3
19 4
19 5
19 6
19 7
19 8
19 9
20 0
20 1
20 2
20 3
20 4
20 5
20 6
20 7
20 8
20 9
21 0
21 1
21 2
21 3
21 4
21 5
21 6
21 7
21 8
21 9
22 0
22 1
22 2
22 3
22 4
22 5
22 6
22 7
22 8
22 9
23 0
23 1
23 2
23 3
23 4
23 5
23 6
23 7
23 8
23 9
24 0
24 1
24 2
24 3
24 4
24 5
24 6
24 7
24 8
24 9
25 0
25 1
25 2
25 3
25 4
25 5
25 6
25 7
25 8
25 9
26 0
26 1
0
No
0
Yes
0 22
0 23
0 24
0 25
0 26
1 22
1 23
1 24
1 25
1 26
2 22
2 23
2 24
2 25
2 26
3 22
3 23
3 24
3 25
3 26
4 22
4 23
4 24
4 25
4 26
5 22
5 23
5 24
5 25
5 26
0
Yes
33 0
33 1
33 2
33 3
34 0
34 1
34 2
34 3
35 0
35 1
35 2
35 3
36 0
36 1
36 2
36 3
37 0
37 1
37 2
0
Yes
21 43
21 44
21 45
21 46
21 47
21 48
21 49
22 43
22 44
22 45
22 46
22 47
22 48
22 49
23 43
23 44
23 45
23 46
23 47
23 48
23 49
24 43
24 44
24 45
24 46
24 47
24 48
24 49
25 43
25 44
25 45
25 46
25 47
25 48
25 49
26 43
26 44
26 45
26 46
26 47
26 48
26 49
27 43
27 44
0
No
0
Yes
24 24
24 25
24 26
24 27
24 28
24 29
24 30
24 31
24 32
25 24
25 25
25 26
25 27
25 28
25 29
25 30
25 31
25 32
26 24
26 25
26 26
26 27
26 28
26 29
26 30
26 31
26 32
27 24
27 25
27 26
27 27
27 28
27 29
27 30
27 31
27 32
28 24
28 25
28 26
28 27
28 28
28 29
28 30
28 31
28 32
29 24
29 25
29 26
29 27
29 28
29 29
29 30
29 31
29 32
30 24
30 25
30 26
30 27
30 28
30 29
30 30
30 31
30 32
31 24
31 25
31 26
31 27
31 28
31 29
31 30
31 31
31 32
32 24
32 25
32 26
32 27
32 28
32 29
32 30
32 31
32 32
0
Yes
44 42
44 43
44 44
44 45
44 46
44 47
44 48
44 49
45 42
45 43
45 44
45 45
45 46
45 47
45 48
45 49
46 42
46 43
46 44
46 45
46 46
46 47
46 48
46 49
47 42
47 43
47 44
47 45
47 46
47 47
47 48
47 49
48 42
48 43
48 44
48 45
48 46
48 47
48 48
48 49
49 42
49 43
49 44
49 45
49 46
49 47
0
Yes
16 38
16 39
17 38
17 39
15 38
15 39
16 37
16 40
17 37
17 40
18 38
18 39
15 37
15 40
18 37
18 40
14 38
14 39
16 36
16 41
17 36
17 41
19 38
19 39
14 37
14 40
15 36
15 41
18 36
18 41
19 37
19 40
13 38
13 39
14 36
14 41
16 35
16 42
17 35
17 42
19 36
19 41
20 38
20 39
13 37
13 40
15 35
15 42
18 35
18 42
20 37
20 40
13 36
13 41
14 35
14 42
19 35
19 42
20 36
20 41
12 38
12 39
16 34
16 43
17 34
17 43
21 38
21 39
12 37
12 40
15 34
15 43
18 34
18 43
21 37
21 40
13 35
20 35
20 42
12 36
12 41
14 34
14 43
19 34
19 43
21 36
21 41
11 38
16 33
16 44
17 33
17 44
11 37
12 35
12 42
13 34
13 43
15 33
15 44
18 33
18 44
20 34
20 43
21 35
11 36
14 33
14 44
19 33
19 44
12 34
12 43
21 34
11 35
13 33
13 44
16 32
17 32
20 33
20 44
15 32
18 32
14 32
19 32
11 34
11 43
12 33
12 44
21 33
13 32
20 32
11 33
11 44
12 32
0
Yes
32 44
32 45
32 46
32 47
32 48
32 49
33 44
33 45
33 46
33 47
33 48
33 49
34 44
34 45
34 46
34 47
34 48
34 49
35 44
35 45
35 46
35 47
35 48
35 49
36 44
36 45
36 46
36 47
36 48
36 49
37 44
37 45
37 46
37 47
37 48
37 49
38 44
38 45
38 46
38 47
38 48
38 49
39 44
39 45
39 46
39 47
39 48
39 49
40 44
40 45
40 46
40 47
40 48
40 49
41 44
41 45
41 46
41 47
41 48
41 49
42 44
42 45
42 46
42 47
42 48
42 49
0
Yes
44 23
44 24
44 25
44 26
44 27
44 28
44 29
45 23
45 24
45 25
45 26
45 27
45 28
45 29
46 23
46 24
46 25
46 26
46 27
46 28
46 29
47 23
47 24
47 25
47 26
47 27
47 28
47 29
48 23
48 24
48 25
48 26
48 27
48 28
48 29
49 23
49 24
49 25
49 26
49 27
49 28
0
Yes
24 19
24 20
24 21
24 22
24 23
24 24
24 25
24 26
24 27
24 28
24 29
24 30
24 31
24 32
25 19
25 20
25 21
25 22
25 23
25 24
25 25
25 26
25 27
25 28
25 29
25 30
25 31
25 32
26 19
26 20
26 21
26 22
26 23
26 24
26 25
26 26
26 27
26 28
26 29
26 30
26 31
26 32
27 19
27 20
27 21
27 22
27 23
27 24
27 25
27 26
27 27
27 28
27 29
27 30
27 31
27 32
28 19
28 20
28 21
28 22
28 23
28 24
28 25
28 26
28 27
28 28
28 29
28 30
28 31
28 32
29 19
29 20
29 21
29 22
29 23
29 24
29 25
29 26
29 27
29 28
29 29
29 30
29 31
29 32
30 19
30 20
30 21
30 22
30 23
30 24
30 25
30 26
30 27
30 28
30 29
30 30
30 31
30 32
31 19
31 20
31 21
31 22
0
Yes
43 32
43 33
43 34
43 35
43 36
43 37
43 38
43 39
43 40
43 41
44 32
44 33
44 34
44 35
44 36
44 37
44 38
44 39
44 40
44 41
45 32
45 33
45 34
45 35
45 36
45 37
45 38
45 39
45 40
45 41
46 32
46 33
46 34
46 35
46 36
46 37
46 38
46 39
46 40
46 41
47 32
47 33
47 34
47 35
47 36
47 37
47 38
47 39
47 40
47 41
48 32
48 33
48 34
48 35
48 36
48 37
48 38
48 39
48 40
48 41
49 32
49 33
49 34
49 35
49 36
49 37
0
Yes
29 4
29 5
29 6
29 7
29 8
29 9
29 10
29 11
29 12
29 13
29 14
29 15
30 4
30 5
30 6
30 7
30 8
30 9
30 10
30 11
30 12
30 13
30 14
30 15
31 4
31 5
31 6
31 7
31 8
31 9
31 10
31 11
31 12
31 13
31 14
31 15
32 4
32 5
32 6
32 7
32 8
32 9
32 10
32 11
32 12
32 13
32 14
32 15
33 4
33 5
33 6
33 7
33 8
33 9
33 10
33 11
33 12
33 13
33 14
33 15
34 4
34 5
34 6
34 7
34 8
34 9
34 10
34 11
34 12
34 13
34 14
34 15
35 4
35 5
35 6
35 7
35 8
35 9
35 10
35 11
35 12
35 13
35 14
35 15
36 4
36 5
36 6
36 7
36 8
36 9
36 10
36 11
36 12
36 13
36 14
36 15
37 4
37 5
37 6
37 7
37 8
37 9
37 10
37 11
37 12
37 13
37 14
37 15
38 4
38 5
38 6
0
No
0
Yes
44 24
45 24
44 23
44 25
45 23
45 25
43 24
46 24
43 23
43 25
46 23
46 25
44 22
44 26
45 26
42 24
43 22
43 26
46 22
46 26
47 24
42 23
42 25
47 23
47 25
44 21
44 27
45 21
45 27
42 22
42 26
47 22
47 26
43 21
43 27
46 21
46 27
41 24
48 24
41 23
41 25
48 23
48 25
42 21
42 27
47 21
47 27
41 22
41 26
44 20
44 28
45 20
45 28
48 22
48 26
43 20
43 28
46 20
46 28
40 24
49 24
40 23
40 25
41 21
41 27
48 21
48 27
49 23
49 25
42 20
47 20
47 28
40 22
40 26
49 22
49 26
44 19
45 19
46 19
41 20
41 28
48 20
48 28
40 21
40 27
49 21
49 27
39 24
39 23
39 25
42 19
47 19
39 22
39 26
40 20
40 28
49 20
49 28
41 19
48 19
39 21
39 27
40 19
49 19
0
No
0
Yes
22 38
22 39
22 40
22 41
23 38
23 39
23 40
23 41
24 38
24 39
24 40
24 41
25 38
25 39
25 40
25 41
26 38
26 39
0
Yes
13 11
12 11
13 10
13 12
14 11
12 10
12 12
14 10
14 12
11 11
13 9
13 13
15 11
11 10
11 12
12 9
12 13
14 9
14 13
15 10
15 12
11 9
11 13
15 9
15 13
10 11
13 8
13 14
16 11
10 10
10 12
12 8
12 14
14 8
14 14
16 10
16 12
10 9
10 13
11 8
11 14
15 8
15 14
16 9
16 13
9 11
13 7
17 11
9 10
9 12
12 7
14 7
17 10
17 12
10 8
16 8
16 14
9 9
9 13
11 7
17 13
8 11
9 8
9 14
10 7
16 7
17 14
18 11
8 10
8 12
18 10
18 12
8 9
8 13
18 13
9 7
8 8
8 14
18 14
7 11
19 11
7 10
7 12
19 10
19 12
7 9
7 13
19 13
8 7
7 8
19 14
6 11
6 10
6 12
7 7
6 9
6 8
0
Yes
0 6
0 7
0 8
0 9
0 10
0 11
0 12
0 13
1 6
1 7
1 8
1 9
1 10
1 11
1 12
1 13
2 6
2 7
2 8
2 9
2 10
2 11
2 12
2 13
3 6
3 7
3 8
3 9
3 10
3 11
3 12
3 13
4 6
4 7
4 8
4 9
4 10
4 11
4 12
4 13
5 6
5 7
5 8
5 9
5 10
0
Yes
16 25
16 26
16 27
16 28
16 29
16 30
16 31
17 25
17 26
17 27
17 28
17 29
17 30
17 31
18 25
18 26
18 27
18 28
18 29
18 30
18 31
19 25
19 26
19 27
19 28
19 29
19 30
19 31
20 25
20 26
20 27
0
No
0
Yes
43 9
43 10
43 11
43 12
43 13
43 14
43 15
43 16
43 17
43 18
44 9
44 10
44 11
44 12
44 13
44 14
44 15
44 16
44 17
44 18
45 9
45 10
45 11
45 12
45 13
45 14
45 15
45 16
45 17
45 18
46 9
46 10
46 11
46 12
46 13
46 14
46 15
46 16
46 17
46 18
47 9
47 10
47 11
47 12
47 13
47 14
47 15
47 16
47 17
47 18
48 9
48 10
48 11
48 12
48 13
48 14
48 15
48 16
48 17
48 18
49 9
49 10
49 11
49 12
49 13
49 14
49 15
49 16
49 17
49 18
0
Yes
5 33
6 33
5 32
5 34
6 32
6 34
4 33
4 32
4 34
7 32
7 34
5 31
5 35
6 31
6 35
3 33
4 31
4 35
7 31
7 35
3 32
3 34
8 32
8 34
5 30
5 36
6 30
6 36
3 31
3 35
8 31
8 35
4 30
4 36
7 30
7 36
2 33
2 32
2 34
9 32
9 34
3 30
3 36
8 30
8 36
2 31
2 35
5 29
5 37
6 29
6 37
9 31
9 35
4 29
4 37
7 29
7 37
1 33
1 32
1 34
2 30
2 36
9 30
9 36
10 34
3 29
3 37
8 29
8 37
1 31
10 31
10 35
5 28
5 38
6 28
6 38
4 28
4 38
7 28
7 38
2 29
2 37
9 29
9 37
1 30
10 36
0 33
0 32
0 34
3 28
3 38
8 28
8 38
0 31
0 35
1 29
5 27
6 27
10 29
10 37
2 28
2 38
9 28
9 38
4 27
7 27
0 30
0 36
3 27
8 27
1 28
10 28
10 38
0 29
0 37
2 27
9 27
0 28
1 27
0
Yes
0 5
0 6
0 7
0 8
0 9
0 10
0 11
0 12
1 5
1 6
1 7
1 8
1 9
1 10
1 11
1 12
2 5
2 6
2 7
2 8
2 9
2 10
2 11
2 12
3 5
3 6
3 7
3 8
3 9
3 10
3 11
3 12
4 5
4 6
4 7
4 8
4 9
4 10
4 11
4 12
5 5
5 6
5 7
5 8
5 9
5 10
5 11
5 12
6 5
6 6
6 7
6 8
6 9
6 10
6 11
6 12
7 5
7 6
7 7
7 8
7 9
7 10
7 11
7 12
8 5
8 6
8 7
8 8
8 9
8 10
8 11
8 12
9 5
9 6
9 7
9 8
9 9
9 10
9 11
0
Yes
5 0
5 1
5 2
5 3
5 4
6 0
6 1
6 2
6 3
6 4
7 0
7 1
7 2
7 3
7 4
8 0
8 1
8 2
8 3
8 4
0
No
0
Yes
0 0
0 1
0 2
0 3
1 0
1 1
1 2
1 3
2 0
2 1
0
No
0
Yes
31 16
31 17
32 16
32 17
33 16
33 17
34 16
0
Yes
6 8
5 8
6 7
6 9
7 8
5 7
5 9
7 7
7 9
4 8
6 6
6 10
8 8
4 7
4 9
5 6
5 10
7 6
7 10
8 7
8 9
4 6
4 10
8 6
8 10
3 8
6 5
6 11
9 8
3 7
3 9
5 5
5 11
7 5
7 11
9 7
9 9
3 6
3 10
4 5
4 11
8 5
8 11
9 6
9 10
2 8
6 4
6 12
10 8
2 7
2 9
5 4
5 12
7 4
7 12
10 7
10 9
3 5
3 11
9 5
9 11
2 6
2 10
4 12
8 4
8 12
10 6
10 10
1 8
2 5
2 11
3 4
3 12
6 3
9 4
9 12
10 5
10 11
11 8
1 7
1 9
5 3
7 3
11 7
11 9
1 6
1 10
8 3
11 6
11 10
2 4
2 12
10 4
10 12
1 5
1 11
11 5
11 11
0 8
0 7
0 9
0 6
0 10
1 4
1 12
11 4
11 12
0 5
0 11
0
Yes
46 37
45 37
46 36
46 38
47 37
45 36
45 38
47 36
47 38
44 37
46 35
46 39
48 37
44 36
44 38
45 35
45 39
47 35
47 39
48 36
48 38
44 35
44 39
48 35
48 39
43 37
46 34
46 40
49 37
43 36
43 38
45 34
45 40
47 34
47 40
49 36
49 38
43 35
43 39
44 34
44 40
48 34
48 40
49 35
49 39
42 37
46 33
46 41
42 36
42 38
45 33
45 41
47 33
47 41
43 34
43 40
49 34
49 40
42 39
44 33
44 41
48 33
48 41
42 34
42 40
43 33
43 41
46 32
49 33
49 41
45 32
47 32
44 32
48 32
42 33
42 41
43 32
49 32
42 32
0
Yes
21 43
21 44
21 45
21 46
21 47
21 48
21 49
22 43
22 44
22 45
22 46
22 47
22 48
22 49
23 43
23 44
23 45
23 46
23 47
23 48
23 49
24 43
24 44
24 45
24 46
24 47
24 48
24 49
25 43
25 44
25 45
25 46
25 47
25 48
25 49
26 43
26 44
26 45
26 46
26 47
26 48
0
Yes
20 15
20 16
21 15
21 16
19 15
19 16
20 14
20 17
21 14
21 17
22 15
22 16
19 14
19 17
22 14
22 17
18 15
18 16
20 13
20 18
21 13
21 18
23 15
23 16
18 14
18 17
19 13
19 18
22 13
22 18
23 14
23 17
17 16
18 13
18 18
20 12
20 19
21 12
21 19
23 13
23 18
17 14
17 17
19 12
19 19
22 12
22 19
17 13
17 18
18 12
18 19
23 12
23 19
20 11
20 20
21 11
21 20
19 11
19 20
22 11
22 20
17 12
17 19
18 11
18 20
23 11
23 20
20 10
20 21
21 10
21 21
17 11
17 20
19 10
19 21
22 10
22 21
18 10
18 21
23 10
23 21
0
Yes
0 47
0 48
0 49
1 47
1 48
1 49
2 47
2 48
2 49
3 47
3 48
3 49
4 47
0
Yes
0 16
0 17
0 18
0 19
0 20
0 21
1 16
1 17
1 18
1 19
1 20
1 21
2 16
2 17
2 18
2 19
2 20
2 21
3 16
3 17
3 18
3 19
3 20
3 21
4 16
4 17
4 18
4 19
4 20
4 21
5 16
5 17
5 18
5 19
5 20
5 21
6 16
6 17
6 18
6 19
6 20
6 21
0
Yes
9 19
9 20
9 21
9 22
9 23
10 19
10 20
10 21
10 22
10 23
11 19
11 20
11 21
11 22
11 23
12 19
12 20
12 21
12 22
12 23
13 19
13 20
13 21
13 22
13 23
14 19
14 20
14 21
14 22
14 23
0
Yes
33 31
32 31
32 30
33 30
32 32
33 32
34 30
34 31
34 32
33 29
32 29
34 29
33 33
32 33
34 33
35 31
35 30
35 32
35 29
35 33
31 30
31 31
31 32
31 29
31 33
32 28
33 28
34 28
31 28
35 28
32 34
33 34
34 34
31 34
35 34
36 30
36 31
36 32
36 29
36 33
36 28
36 34
33 27
32 27
34 27
35 27
31 27
36 27
33 35
32 35
34 35
35 35
31 35
36 35
37 31
37 30
37 32
37 29
37 33
37 28
37 34
37 27
37 35
30 34
30 35
32 26
31 26
32 36
33 36
34 36
31 36
35 36
30 36
38 30
38 31
38 32
38 29
38 28
38 27
35 26
36 26
37 26
29 35
29 34
29 36
29 33
28 33
28 34
28 35
28 36
33 37
32 37
34 37
31 37
30 37
29 37
28 37
39 31
39 30
39 29
39 28
31 25
32 25
33 25
34 25
35 25
36 25
37 36
38 35
38 36
27 34
27 35
27 36
27 33
27 37
33 24
32 24
34 24
31 24
32 38
33 38
31 38
30 38
29 38
28 38
0
Yes
20 45
20 46
19 46
21 46
21 45
21 44
22 45
22 44
22 46
19 47
20 47
21 47
22 47
18 47
22 43
21 43
20 48
19 48
21 48
18 48
22 48
23 44
23 45
23 46
23 47
23 43
23 48
24 45
24 44
24 46
24 47
24 43
24 48
19 49
20 49
21 49
22 49
23 49
18 49
24 49
17 48
17 47
17 49
17 46
16 46
16 47
16 48
16 49
16 45
15 45
15 46
15 47
15 48
15 49
25 44
25 45
25 46
25 47
25 48
25 43
25 49
26 45
26 44
26 46
26 47
26 48
26 43
26 49
14 46
14 47
14 48
14 45
14 49
26 42
13 45
13 46
13 47
13 48
13 49
27 44
27 45
27 43
27 42
27 47
27 48
27 49
28 45
28 44
28 43
28 42
12 46
12 47
12 45
28 48
28 49
12 49
11 45
0
No
0
Yes
16 7
16 8
15 8
15 9
16 9
14 9
14 8
14 7
13 7
13 8
13 9
16 10
15 10
14 10
13 10
17 10
12 8
12 9
12 7
12 10
12 6
15 11
16 11
14 11
13 11
12 11
16 12
15 12
14 12
13 12
12 12
15 13
14 13
13 13
16 13
12 13
16 14
15 14
14 14
13 14
12 14
11 13
11 14
15 15
14 15
13 15
12 15
14 16
13 16
12 16
11 16
13 17
12 17
14 17
11 17
14 18
13 18
12 18
11 18
10 17
10 16
10 18
10 15
9 15
9 16
9 17
9 18
9 14
8 14
8 15
8 16
8 17
8 18
8 13
9 13
10 13
7 13
7 14
7 15
7 16
7 17
7 18
6 14
6 15
5 15
5 14
4 14
4 15
4 13
3 13
3 14
3 15
7 19
2 14
2 13
2 15
1 13
1 14
1 15
0 14
0 13
0 15
0 12
12 5
13 5
13 4
12 4
14 4
14 5
15 5
14 3
13 3
12 3
13 2
14 2
12 2
15 2
14 1
13 1
12 1
11 3
11 2
11 1
13 0
12 0
14 0
11 0
10 2
10 1
0
No
0
No
0
No
0
No
0
No
0
Yes
34 35
34 36
35 35
35 36
33 35
33 36
34 34
34 37
35 34
36 35
33 34
33 37
36 34
32 35
32 36
34 33
35 33
37 35
37 36
32 34
32 37
33 33
33 38
36 33
37 34
37 37
31 35
31 36
32 33
32 38
34 32
35 32
37 33
37 38
36 38
35 38
35 39
34 39
38 35
38 36
31 34
31 37
33 32
33 39
36 32
36 39
38 37
31 33
31 38
32 32
32 39
37 32
37 39
38 38
30 35
30 36
34 31
34 40
35 31
35 40
30 34
30 37
33 31
33 40
36 31
36 40
31 32
31 39
38 32
38 39
30 38
32 31
32 40
37 31
37 40
34 30
34 41
35 30
30 39
31 31
31 40
33 30
33 41
36 30
36 41
38 31
38 40
32 30
32 41
37 30
37 41
30 40
31 30
31 41
34 29
34 42
35 29
35 42
38 30
33 29
33 42
36 29
36 42
32 29
32 42
37 29
37 42
30 41
31 29
31 42
38 29
34 28
34 43
35 28
35 43
33 28
33 43
36 28
36 43
32 28
32 43
37 28
37 43
31 28
31 43
38 28
38 43
34 27
35 27
33 27
36 27
30 43
32 27
37 27
31 27
38 27
0
Yes
44 36
45 36
44 35
44 37
45 35
45 37
43 36
46 36
43 35
43 37
46 35
46 37
44 34
44 38
45 34
45 38
42 36
43 34
43 38
46 34
46 38
47 36
42 37
47 35
47 37
44 33
44 39
45 33
45 39
42 34
42 38
47 34
47 38
43 33
43 39
46 33
46 39
41 36
48 36
41 37
48 35
48 37
42 33
42 39
47 33
47 39
41 38
44 32
44 40
45 32
45 40
48 34
48 38
43 32
43 40
46 32
46 40
40 36
49 36
40 35
40 37
41 33
41 39
48 33
48 39
49 35
49 37
42 32
42 40
47 32
47 40
40 34
40 38
49 34
49 38
44 31
44 41
45 31
45 41
43 31
43 41
46 31
46 41
41 32
41 40
48 32
48 40
40 33
40 39
49 33
49 39
39 36
39 35
39 37
42 31
42 41
47 31
47 41
39 34
39 38
40 32
40 40
44 30
45 30
49 32
49 40
41 31
41 41
48 41
43 30
43 42
46 30
39 33
39 39
42 30
42 42
47 30
40 31
40 41
49 31
49 41
41 30
41 42
44 29
45 29
46 29
39 31
39 41
47 29
40 30
40 42
49 30
41 29
48 29
39 30
39 42
40 29
49 29
39 29
0
Yes
0 45
0 46
0 47
0 48
0 49
1 45
1 46
1 47
1 48
1 49
2 45
2 46
2 47
2 48
2 49
3 45
3 46
3 47
3 48
3 49
4 45
4 46
4 47
4 48
4 49
5 45
0
Yes
2 37
2 36
3 36
3 37
3 38
2 38
2 39
3 39
4 37
4 38
4 36
4 39
1 39
3 35
2 35
4 35
2 34
3 34
4 34
1 34
1 40
2 40
3 40
4 40
5 36
5 37
5 38
5 35
5 39
5 34
5 40
0 40
0 39
2 41
1 41
3 41
4 41
0 41
5 41
6 37
6 36
6 38
6 35
6 39
6 40
6 34
6 41
1 33
2 33
3 33
4 33
5 33
6 33
0 33
0 34
0 35
2 32
1 32
3 32
4 32
5 32
0 32
6 32
1 42
2 42
3 42
4 42
5 42
0 42
6 42
7 36
7 37
7 38
7 35
7 39
7 34
7 40
7 41
7 42
2 43
1 43
3 43
4 43
5 43
6 43
0 43
7 43
8 37
8 36
8 38
8 35
8 39
8 40
8 41
8 42
8 34
8 43
1 31
2 31
3 31
4 31
5 31
0 31
6 31
2 30
1 30
3 30
4 30
5 30
0 30
6 30
1 44
2 44
3 44
4 44
5 44
6 44
7 44
0 44
8 44
7 32
7 31
7 30
9 36
9 37
9 38
9 35
9 39
9 40
9 41
9 42
9 43
9 34
9 44
10 37
10 36
10 38
10 35
10 39
10 40
10 41
10 42
10 43
10 34
10 44
1 29
2 29
3 29
0
No
0
Yes
7 0
7 1
7 2
8 0
8 1
8 2
9 0
9 1
9 2
10 0
10 1
10 2
11 0
11 1
0
No
0
Yes
0 0
0 1
1 0
1 1
2 0
2 1
0
Yes
34 0
34 1
34 2
34 3
35 0
35 1
35 2
35 3
36 0
36 1
36 2
36 3
37 0
37 1
37 2
37 3
0
No
0
Yes
29 0
29 1
29 2
29 3
30 0
30 1
30 2
30 3
31 0
31 1
31 2
31 3
32 0
32 1
32 2
32 3
33 0
33 1
33 2
33 3
0
Yes
0 14
0 15
0 16
0 17
0 18
0 19
0 20
0 21
0 22
0 23
0 24
0 25
0 26
0 27
1 14
1 15
1 16
1 17
1 18
1 19
1 20
1 21
1 22
1 23
1 24
1 25
1 26
1 27
2 14
2 15
2 16
2 17
2 18
2 19
2 20
2 21
2 22
2 23
2 24
2 25
2 26
2 27
3 14
3 15
3 16
3 17
3 18
3 19
3 20
3 21
3 22
3 23
3 24
3 25
3 26
3 27
4 14
4 15
4 16
4 17
4 18
4 19
4 20
4 21
4 22
4 23
4 24
4 25
4 26
4 27
5 14
5 15
5 16
5 17
5 18
5 19
5 20
5 21
5 22
5 23
5 24
5 25
5 26
5 27
6 14
6 15
6 16
6 17
6 18
6 19
6 20
6 21
0
No
0
No
0
Yes
0 5
0 6
0 7
0 8
0 9
0 10
0 11
0 12
1 5
1 6
1 7
1 8
1 9
1 10
1 11
1 12
2 5
2 6
2 7
2 8
2 9
2 10
2 11
2 12
3 5
3 6
3 7
3 8
3 9
3 10
3 11
3 12
4 5
4 6
4 7
4 8
4 9
4 10
4 11
4 12
5 5
5 6
5 7
5 8
5 9
5 10
5 11
5 12
6 5
6 6
6 7
6 8
6 9
6 10
6 11
6 12
7 5
7 6
7 7
7 8
7 9
7 10
7 11
7 12
8 5
8 6
8 7
8 8
8 9
8 10
8 11
8 12
9 5
9 6
9 7
9 8
9 9
9 10
9 11
9 12
10 5
10 6
10 7
10 8
10 9
10 10
10 11
10 12
11 5
11 6
11 7
11 8
11 9
11 10
11 11
0
Yes
42 34
42 33
41 33
43 33
43 34
43 35
44 34
44 33
44 35
41 32
42 32
43 32
44 32
40 32
40 33
40 34
44 36
43 36
42 36
39 34
39 33
42 31
41 31
43 31
40 31
44 31
42 37
43 37
44 37
39 35
40 35
40 36
41 36
41 37
39 36
40 37
39 37
45 33
45 34
45 35
45 32
45 36
45 31
45 37
46 34
46 33
46 35
46 32
46 36
46 31
46 37
41 30
42 30
43 30
44 30
45 30
40 30
46 30
41 38
42 38
43 38
40 38
44 38
45 38
39 38
46 38
39 31
39 30
42 39
41 39
43 39
40 39
44 39
45 39
39 39
46 39
47 33
47 34
47 35
47 32
47 36
47 31
47 37
47 38
47 30
47 39
40 29
41 29
39 29
44 29
45 29
46 29
47 29
48 34
48 33
48 35
48 32
48 36
48 37
48 38
48 39
41 40
42 40
43 40
40 40
44 40
45 40
46 40
47 40
48 40
39 28
42 41
41 41
43 41
44 41
45 41
46 41
47 41
40 41
48 41
49 33
49 34
49 35
49 36
49 37
49 38
49 39
49 40
49 32
49 41
39 41
49 31
48 29
41 42
42 42
43 42
40 42
39 42
42 43
41 43
40 43
43 43
39 43
41 44
42 44
40 44
39 44
0
Yes
21 43
21 44
21 45
21 46
21 47
21 48
21 49
22 43
22 44
22 45
22 46
22 47
22 48
22 49
23 43
23 44
23 45
23 46
23 47
23 48
23 49
24 43
24 44
24 45
24 46
24 47
24 48
24 49
25 43
25 44
25 45
25 46
25 47
25 48
25 49
26 43
26 44
0
Yes
37 45
37 46
37 47
37 48
37 49
38 45
38 46
38 47
38 48
38 49
39 45
39 46
39 47
39 48
39 49
40 45
40 46
40 47
40 48
40 49
41 45
41 46
41 47
41 48
41 49
42 45
42 46
42 47
42 48
42 49
43 45
43 46
0
Yes
44 43
44 44
44 45
44 46
44 47
44 48
44 49
45 43
45 44
45 45
45 46
45 47
45 48
45 49
46 43
46 44
46 45
46 46
46 47
46 48
46 49
47 43
47 44
47 45
47 46
47 47
47 48
47 49
48 43
48 44
48 45
48 46
48 47
48 48
48 49
49 43
49 44
49 45
49 46
49 47
49 48
49 49
0
Yes
27 7
27 8
27 9
27 10
27 11
27 12
27 13
27 14
27 15
28 7
28 8
28 9
28 10
28 11
28 12
28 13
28 14
28 15
29 7
29 8
29 9
29 10
29 11
29 12
29 13
29 14
29 15
30 7
30 8
30 9
30 10
30 11
30 12
30 13
30 14
30 15
31 7
31 8
31 9
31 10
31 11
31 12
31 13
31 14
31 15
32 7
32 8
32 9
32 10
32 11
32 12
32 13
32 14
32 15
33 7
33 8
33 9
33 10
33 11
33 12
33 13
33 14
33 15
34 7
34 8
34 9
34 10
34 11
34 12
34 13
34 14
34 15
35 7
35 8
35 9
35 10
35 11
35 12
35 13
35 14
35 15
36 7
36 8
36 9
36 10
36 11
36 12
36 13
36 14
36 15
37 7
37 8
37 9
37 10
37 11
37 12
37 13
37 14
37 15
38 7
38 8
38 9
38 10
38 11
38 12
38 13
38 14
38 15
39 7
39 8
39 9
39 10
39 11
39 12
39 13
39 14
39 15
40 7
40 8
40 9
40 10
40 11
40 12
40 13
40 14
40 15
41 7
41 8
41 9
41 10
41 11
41 12
41 13
41 14
41 15
42 7
42 8
42 9
42 10
42 11
42 12
42 13
0
Yes
13 46
13 47
13 48
13 49
14 46
14 47
14 48
14 49
15 46
15 47
15 48
15 49
16 46
16 47
16 48
16 49
17 46
17 47
17 48
0
Yes
26 47
26 48
26 49
27 47
27 48
27 49
0
Yes
17 0
17 1
17 2
17 3
17 4
17 5
17 6
17 7
18 0
18 1
18 2
18 3
18 4
18 5
18 6
18 7
19 0
19 1
19 2
19 3
19 4
19 5
19 6
19 7
20 0
20 1
20 2
20 3
20 4
20 5
20 6
20 7
21 0
21 1
21 2
21 3
21 4
21 5
21 6
21 7
22 0
22 1
22 2
22 3
22 4
22 5
22 6
22 7
23 0
23 1
23 2
23 3
23 4
23 5
23 6
23 7
24 0
24 1
24 2
24 3
24 4
24 5
24 6
24 7
25 0
25 1
25 2
25 3
25 4
25 5
25 6
25 7
26 0
26 1
26 2
26 3
26 4
26 5
26 6
26 7
0
Yes
30 6
30 7
30 8
30 9
30 10
30 11
30 12
30 13
30 14
30 15
31 6
31 7
31 8
31 9
31 10
31 11
31 12
31 13
31 14
31 15
32 6
32 7
32 8
32 9
32 10
32 11
32 12
32 13
32 14
32 15
33 6
33 7
33 8
33 9
33 10
33 11
33 12
33 13
33 14
33 15
34 6
34 7
34 8
34 9
34 10
34 11
34 12
34 13
34 14
34 15
35 6
35 7
35 8
35 9
35 10
35 11
35 12
35 13
35 14
35 15
36 6
36 7
36 8
36 9
36 10
36 11
36 12
36 13
36 14
36 15
37 6
37 7
37 8
37 9
37 10
37 11
37 12
37 13
37 14
37 15
38 6
38 7
38 8
38 9
38 10
38 11
38 12
38 13
38 14
38 15
39 6
39 7
39 8
39 9
39 10
39 11
39 12
39 13
39 14
39 15
40 6
40 7
40 8
40 9
40 10
40 11
40 12
40 13
40 14
40 15
41 6
41 7
41 8
41 9
41 10
41 11
41 12
41 13
41 14
41 15
42 6
42 7
42 8
42 9
42 10
42 11
42 12
42 13
42 14
42 15
43 6
43 7
43 8
43 9
43 10
43 11
0
Yes
27 0
27 1
27 2
27 3
27 4
27 5
28 0
28 1
28 2
28 3
28 4
28 5
29 0
29 1
29 2
29 3
29 4
29 5
30 0
30 1
30 2
30 3
30 4
30 5
31 0
31 1
31 2
31 3
31 4
31 5
32 0
32 1
32 2
32 3
32 4
32 5
33 0
33 1
33 2
33 3
33 4
0
Yes
7 41
6 41
7 40
7 42
8 41
6 40
6 42
8 40
8 42
5 41
7 39
7 43
9 41
5 40
5 42
6 39
6 43
8 39
8 43
9 40
9 42
5 39
5 43
9 39
9 43
4 41
7 38
7 44
10 41
4 40
4 42
6 38
6 44
8 38
8 44
10 40
10 42
4 39
4 43
5 38
5 44
9 38
9 44
10 39
10 43
3 41
7 37
7 45
11 41
3 40
3 42
6 37
6 45
8 37
8 45
11 40
11 42
4 38
4 44
10 38
10 44
3 39
3 43
5 37
9 37
9 45
11 39
2 41
3 38
3 44
4 37
7 36
7 46
10 37
10 45
2 40
2 42
6 36
6 46
8 36
8 46
2 39
2 43
5 36
5 46
9 36
9 46
3 37
11 45
2 38
2 44
4 36
10 36
10 46
7 35
7 47
6 35
6 47
8 35
8 47
5 35
5 47
9 35
9 47
2 37
3 36
11 46
4 35
10 35
10 47
7 34
2 36
6 34
8 34
3 35
11 47
5 34
9 34
4 34
10 34
2 35
3 34
2 34
0
Yes
31 24
31 25
32 24
32 25
33 24
33 25
34 24
34 25
0
Yes
0 28
0 29
0 30
0 31
0 32
0 33
1 28
1 29
1 30
1 31
1 32
1 33
2 28
2 29
2 30
2 31
2 32
2 33
3 28
3 29
3 30
3 31
3 32
3 33
4 28
4 29
4 30
4 31
4 32
4 33
5 28
5 29
5 30
5 31
5 32
5 33
6 28
6 29
6 30
6 31
6 32
6 33
7 28
7 29
7 30
7 31
0
Yes
43 35
43 36
43 37
43 38
43 39
43 40
43 41
43 42
44 35
44 36
44 37
44 38
44 39
44 40
44 41
44 42
45 35
45 36
45 37
45 38
45 39
45 40
45 41
45 42
46 35
46 36
46 37
46 38
46 39
46 40
46 41
46 42
47 35
47 36
47 37
47 38
47 39
47 40
47 41
47 42
48 35
48 36
48 37
48 38
48 39
48 40
48 41
48 42
49 35
49 36
49 37
49 38
49 39
49 40
49 41
0
Yes
2 34
2 35
2 36
2 37
2 38
2 39
2 40
2 41
3 34
3 35
3 36
3 37
3 38
3 39
3 40
3 41
4 34
4 35
4 36
4 37
4 38
4 39
4 40
4 41
5 34
5 35
5 36
5 37
5 38
5 39
5 40
5 41
6 34
6 35
6 36
6 37
6 38
6 39
6 40
6 41
7 34
7 35
7 36
7 37
7 38
7 39
7 40
7 41
8 34
8 35
8 36
8 37
8 38
8 39
8 40
8 41
9 34
9 35
9 36
9 37
9 38
9 39
9 40
9 41
10 34
10 35
10 36
10 37
10 38
10 39
10 40
10 41
0
Yes
12 8
12 9
12 10
12 11
12 12
12 13
12 14
13 8
13 9
13 10
13 11
13 12
13 13
13 14
14 8
14 9
14 10
14 11
14 12
14 13
14 14
15 8
15 9
15 10
15 11
15 12
15 13
15 14
16 8
16 9
16 10
16 11
16 12
16 13
16 14
17 8
17 9
17 10
17 11
17 12
17 13
17 14
18 8
18 9
18 10
18 11
18 12
18 13
18 14
19 8
19 9
19 10
19 11
19 12
19 13
19 14
20 8
20 9
20 10
20 11
20 12
20 13
20 14
21 8
21 9
21 10
21 11
21 12
21 13
21 14
22 8
22 9
22 10
22 11
22 12
22 13
22 14
23 8
23 9
23 10
23 11
23 12
23 13
23 14
24 8
0
Yes
9 16
9 17
9 18
9 19
9 20
9 21
9 22
9 23
10 16
10 17
10 18
10 19
10 20
10 21
10 22
10 23
11 16
11 17
11 18
11 19
11 20
11 21
11 22
11 23
12 16
12 17
12 18
12 19
12 20
12 21
12 22
12 23
13 16
13 17
13 18
13 19
13 20
13 21
13 22
13 23
14 16
14 17
14 18
14 19
14 20
14 21
14 22
0
Yes
2 34
2 35
2 36
2 37
2 38
2 39
2 40
3 34
3 35
3 36
3 37
3 38
3 39
3 40
4 34
4 35
4 36
4 37
4 38
4 39
4 40
5 34
5 35
5 36
5 37
5 38
5 39
5 40
6 34
6 35
6 36
6 37
6 38
6 39
6 40
7 34
7 35
7 36
7 37
7 38
7 39
7 40
8 34
8 35
8 36
8 37
8 38
8 39
8 40
9 34
9 35
9 36
9 37
9 38
9 39
9 40
10 34
10 35
10 36
0
Yes
29 6
29 7
29 8
29 9
29 10
29 11
29 12
29 13
29 14
29 15
30 6
30 7
30 8
30 9
30 10
30 11
30 12
30 13
30 14
30 15
31 6
31 7
31 8
31 9
31 10
31 11
31 12
31 13
31 14
31 15
32 6
32 7
32 8
32 9
32 10
32 11
32 12
32 13
32 14
32 15
33 6
33 7
33 8
33 9
33 10
33 11
33 12
33 13
33 14
33 15
34 6
34 7
34 8
34 9
34 10
34 11
34 12
34 13
34 14
34 15
35 6
35 7
35 8
35 9
35 10
35 11
35 12
35 13
35 14
35 15
36 6
36 7
36 8
36 9
36 10
36 11
36 12
36 13
36 14
36 15
37 6
37 7
37 8
37 9
37 10
37 11
37 12
37 13
37 14
37 15
38 6
38 7
38 8
38 9
38 10
38 11
38 12
38 13
38 14
38 15
39 6
39 7
39 8
39 9
39 10
39 11
39 12
39 13
39 14
39 15
40 6
40 7
40 8
40 9
40 10
40 11
40 12
40 13
40 14
40 15
41 6
41 7
41 8
41 9
41 10
41 11
41 12
41 13
41 14
41 15
42 6
42 7
42 8
42 9
42 10
42 11
42 12
0
Yes
21 43
21 44
21 45
21 46
21 47
21 48
21 49
22 43
22 44
22 45
22 46
22 47
22 48
22 49
23 43
23 44
23 45
23 46
23 47
23 48
23 49
24 43
24 44
24 45
24 46
24 47
24 48
24 49
25 43
25 44
25 45
25 46
25 47
25 48
25 49
26 43
26 44
26 45
26 46
26 47
26 48
26 49
27 43
0
No
0
Yes
46 0
46 1
46 2
46 3
47 0
47 1
47 2
47 3
48 0
48 1
48 2
48 3
49 0
49 1
49 2
49 3
0
Yes
34 0
34 1
34 2
35 0
35 1
35 2
36 0
36 1
36 2
37 0
37 1
0
Yes
0 18
0 19
0 20
0 21
0 22
0 23
0 24
0 25
0 26
0 27
1 18
1 19
1 20
1 21
1 22
1 23
1 24
1 25
1 26
1 27
2 18
2 19
2 20
2 21
2 22
2 23
2 24
2 25
2 26
2 27
3 18
3 19
3 20
3 21
3 22
3 23
3 24
3 25
3 26
3 27
4 18
4 19
4 20
4 21
4 22
4 23
4 24
4 25
4 26
4 27
5 18
5 19
5 20
5 21
5 22
5 23
5 24
5 25
5 26
5 27
0
Yes
35 5
36 5
35 4
36 4
34 5
37 5
34 4
37 4
35 3
36 3
33 5
34 3
37 3
0
No
0
Yes
18 47
18 48
18 49
19 47
19 48
19 49
20 47
20 48
20 49
0
Yes
0 4
0 5
0 6
1 4
1 5
1 6
2 4
2 5
2 6
3 4
3 5
0
Yes
15 39
14 39
15 38
15 40
16 39
14 38
14 40
16 38
16 40
13 39
15 37
15 41
17 39
13 38
13 40
14 37
14 41
16 37
16 41
17 38
17 40
13 37
13 41
17 37
17 41
12 39
15 36
15 42
18 39
12 38
12 40
14 36
14 42
16 36
16 42
18 38
18 40
12 37
12 41
13 36
17 36
17 42
18 37
18 41
11 39
15 35
15 43
19 39
11 38
11 40
14 35
14 43
16 35
16 43
19 38
19 40
12 36
12 42
18 36
18 42
11 37
11 41
13 35
13 43
17 35
17 43
19 37
19 41
10 39
11 36
11 42
12 35
12 43
15 34
15 44
18 35
18 43
19 36
19 42
10 38
10 40
14 34
14 44
16 34
16 44
10 37
10 41
13 34
13 44
17 34
17 44
11 35
11 43
19 35
19 43
10 42
12 34
12 44
18 34
18 44
15 33
15 45
14 33
14 45
16 33
16 45
13 33
13 45
17 33
10 43
11 34
11 44
19 34
19 44
12 33
12 45
18 33
15 32
10 44
14 32
16 32
11 33
11 45
19 33
13 32
17 32
12 32
18 32
10 45
0
Yes
34 43
34 44
34 45
34 46
34 47
34 48
34 49
35 43
35 44
35 45
35 46
35 47
35 48
35 49
36 43
36 44
36 45
36 46
36 47
36 48
36 49
37 43
37 44
37 45
37 46
37 47
37 48
37 49
38 43
38 44
38 45
38 46
38 47
38 48
38 49
39 43
39 44
39 45
39 46
39 47
39 48
39 49
40 43
40 44
40 45
40 46
40 47
40 48
40 49
41 43
41 44
41 45
41 46
41 47
41 48
41 49
42 43
42 44
42 45
42 46
42 47
0
Yes
43 35
43 36
43 37
43 38
43 39
43 40
43 41
43 42
44 35
44 36
44 37
44 38
44 39
44 40
44 41
44 42
45 35
45 36
45 37
45 38
45 39
45 40
45 41
45 42
46 35
46 36
46 37
46 38
46 39
46 40
46 41
46 42
47 35
47 36
47 37
47 38
47 39
47 40
47 41
47 42
48 35
48 36
48 37
48 38
48 39
48 40
48 41
48 42
49 35
49 36
49 37
49 38
49 39
49 40
49 41
49 42
0
Yes
38 9
38 10
38 11
38 12
38 13
38 14
38 15
38 16
38 17
38 18
39 9
39 10
39 11
39 12
39 13
39 14
39 15
39 16
39 17
39 18
40 9
40 10
40 11
40 12
40 13
40 14
40 15
40 16
40 17
40 18
41 9
41 10
41 11
41 12
41 13
41 14
41 15
41 16
41 17
41 18
42 9
42 10
42 11
42 12
42 13
42 14
42 15
42 16
42 17
42 18
43 9
43 10
43 11
43 12
43 13
43 14
43 15
43 16
43 17
43 18
44 9
44 10
44 11
44 12
44 13
44 14
44 15
44 16
44 17
44 18
45 9
45 10
45 11
45 12
45 13
45 14
45 15
45 16
45 17
45 18
46 9
46 10
46 11
46 12
46 13
46 14
46 15
46 16
46 17
46 18
47 9
47 10
47 11
47 12
47 13
47 14
47 15
47 16
47 17
47 18
48 9
48 10
48 11
48 12
48 13
48 14
48 15
48 16
48 17
48 18
49 9
49 10
49 11
49 12
49 13
49 14
49 15
49 16
0
Yes
32 8
31 8
32 7
32 9
33 8
31 7
31 9
33 7
33 9
30 8
32 6
32 10
34 8
30 7
30 9
31 6
31 10
33 6
33 10
34 7
34 9
30 6
30 10
34 6
34 10
29 8
32 5
32 11
35 8
29 7
29 9
31 5
31 11
33 5
33 11
35 7
35 9
29 6
29 10
30 5
30 11
34 5
34 11
35 6
35 10
28 8
32 4
32 12
36 8
28 7
28 9
31 4
31 12
33 4
33 12
36 7
36 9
29 5
29 11
35 5
35 11
28 10
30 4
30 12
34 4
34 12
36 6
36 10
27 8
28 5
28 11
29 4
29 12
32 3
32 13
35 4
35 12
36 5
36 11
27 7
27 9
31 3
31 13
33 3
33 13
27 10
30 3
30 13
34 3
34 13
28 4
28 12
36 4
36 12
27 5
27 11
29 3
29 13
35 3
35 13
32 2
32 14
31 2
31 14
33 2
33 14
30 2
30 14
34 14
27 4
27 12
28 3
28 13
36 3
36 13
29 2
29 14
35 14
32 1
32 15
27 3
27 13
31 1
31 15
33 1
33 15
28 2
28 14
36 14
30 1
30 15
34 15
29 1
29 15
35 15
27 2
27 14
32 0
28 1
28 15
31 0
33 0
36 15
30 0
29 0
27 1
27 15
28 0
0
Yes
0 9
0 10
0 11
0 12
0 13
0 14
0 15
0 16
0 17
1 9
1 10
1 11
1 12
1 13
1 14
1 15
1 16
1 17
2 9
2 10
2 11
2 12
2 13
2 14
2 15
2 16
2 17
3 9
3 10
3 11
3 12
3 13
3 14
3 15
3 16
3 17
4 9
4 10
4 11
4 12
4 13
4 14
4 15
4 16
4 17
0
No
0
Yes
23 8
23 9
23 10
23 11
24 8
24 9
24 10
24 11
25 8
25 9
0
Yes
2 34
2 35
2 36
2 37
2 38
2 39
2 40
2 41
2 42
2 43
2 44
3 34
3 35
3 36
3 37
3 38
3 39
3 40
3 41
3 42
3 43
3 44
4 34
4 35
4 36
4 37
4 38
4 39
4 40
4 41
4 42
4 43
4 44
5 34
5 35
5 36
5 37
5 38
5 39
5 40
5 41
5 42
5 43
5 44
6 34
6 35
6 36
6 37
6 38
6 39
6 40
6 41
6 42
6 43
6 44
7 34
7 35
7 36
7 37
7 38
7 39
7 40
7 41
7 42
7 43
7 44
8 34
8 35
8 36
8 37
8 38
8 39
8 40
8 41
8 42
8 43
8 44
9 34
9 35
9 36
9 37
9 38
9 39
9 40
0
Yes
27 0
27 1
27 2
27 3
27 4
28 0
28 1
28 2
28 3
28 4
29 0
29 1
29 2
29 3
29 4
30 0
30 1
30 2
30 3
30 4
31 0
31 1
31 2
31 3
31 4
32 0
32 1
32 2
32 3
32 4
33 0
33 1
33 2
0
Yes
32 11
33 11
32 10
32 12
33 10
33 12
31 11
34 11
31 10
31 12
34 10
34 12
32 9
32 13
33 9
33 13
30 11
31 9
31 13
34 9
34 13
35 11
30 10
30 12
35 10
35 12
32 8
32 14
33 8
33 14
30 9
30 13
35 9
35 13
31 8
31 14
34 8
34 14
29 11
36 11
29 10
29 12
36 10
36 12
30 8
30 14
35 8
35 14
29 9
29 13
32 7
32 15
33 7
33 15
36 9
36 13
31 7
31 15
34 7
34 15
28 11
37 11
28 10
28 12
29 8
29 14
36 8
36 14
37 10
37 12
30 7
30 15
35 7
35 15
28 9
28 13
37 9
37 13
32 6
32 16
33 6
33 16
31 6
31 16
34 6
34 16
29 7
29 15
36 7
36 15
28 8
28 14
37 8
37 14
27 11
27 10
27 12
30 6
30 16
35 6
35 16
27 9
27 13
28 7
28 15
32 5
33 5
37 7
37 15
29 6
29 16
36 6
31 5
34 5
27 8
27 14
30 5
35 5
28 16
37 6
37 16
27 7
27 15
29 5
0
Yes
33 3
33 4
34 3
34 4
35 3
35 4
36 3
0
Yes
23 17
23 18
23 19
23 20
23 21
23 22
23 23
24 17
24 18
24 19
24 20
24 21
24 22
24 23
25 17
25 18
25 19
25 20
25 21
25 22
25 23
26 17
26 18
26 19
26 20
26 21
26 22
26 23
27 17
27 18
27 19
27 20
27 21
27 22
27 23
28 17
28 18
28 19
28 20
28 21
28 22
28 23
29 17
29 18
29 19
29 20
29 21
29 22
29 23
30 17
30 18
30 19
30 20
30 21
30 22
30 23
31 17
31 18
31 19
31 20
31 21
31 22
0
Yes
45 4
45 5
45 6
45 7
45 8
46 4
46 5
46 6
46 7
46 8
47 4
47 5
47 6
47 7
47 8
48 4
48 5
48 6
48 7
48 8
49 4
49 5
49 6
49 7
49 8
0
No
0
No
0
Yes
47 46
47 47
47 48
47 49
48 46
48 47
48 48
48 49
49 46
49 47
49 48
49 49
0
Yes
41 6
41 7
41 8
42 6
42 7
42 8
43 6
43 7
43 8
44 6
44 7
0
Yes
15 46
15 47
15 48
15 49
16 46
16 47
16 48
16 49
17 46
17 47
17 48
17 49
0
Yes
0 0
0 1
0 2
0 3
1 0
1 1
1 2
1 3
2 0
2 1
0
Yes
17 0
17 1
17 2
17 3
17 4
17 5
17 6
17 7
18 0
18 1
18 2
18 3
18 4
18 5
18 6
18 7
19 0
19 1
19 2
19 3
19 4
19 5
19 6
19 7
20 0
20 1
20 2
20 3
20 4
20 5
20 6
20 7
21 0
21 1
21 2
21 3
21 4
21 5
21 6
21 7
22 0
22 1
22 2
22 3
22 4
22 5
22 6
22 7
23 0
23 1
23 2
23 3
23 4
23 5
23 6
23 7
24 0
24 1
24 2
24 3
24 4
24 5
24 6
24 7
25 0
25 1
25 2
25 3
25 4
25 5
25 6
25 7
26 0
26 1
26 2
0
Yes
9 0
9 1
9 2
10 0
10 1
10 2
11 0
11 1
11 2
12 0
12 1
12 2
13 0
13 1
13 2
14 0
14 1
14 2
0
Yes
24 24
24 25
24 26
24 27
24 28
24 29
24 30
24 31
24 32
25 24
25 25
25 26
25 27
25 28
25 29
25 30
25 31
25 32
26 24
26 25
26 26
26 27
26 28
26 29
26 30
26 31
26 32
27 24
27 25
27 26
27 27
27 28
27 29
27 30
27 31
27 32
28 24
28 25
28 26
28 27
28 28
28 29
28 30
28 31
28 32
29 24
29 25
29 26
29 27
29 28
29 29
29 30
29 31
29 32
30 24
30 25
30 26
30 27
30 28
30 29
30 30
30 31
30 32
31 24
31 25
31 26
31 27
31 28
31 29
31 30
31 31
31 32
32 24
32 25
32 26
32 27
32 28
32 29
32 30
32 31
32 32
0
Yes
29 0
29 1
29 2
29 3
29 4
29 5
29 6
29 7
29 8
29 9
29 10
29 11
29 12
29 13
30 0
30 1
30 2
30 3
30 4
30 5
30 6
30 7
30 8
30 9
30 10
30 11
30 12
30 13
31 0
31 1
31 2
31 3
31 4
31 5
31 6
31 7
31 8
31 9
31 10
31 11
31 12
31 13
32 0
32 1
32 2
32 3
32 4
32 5
32 6
32 7
32 8
32 9
32 10
32 11
32 12
32 13
33 0
33 1
33 2
33 3
33 4
33 5
33 6
33 7
33 8
33 9
33 10
33 11
33 12
33 13
34 0
34 1
34 2
34 3
34 4
34 5
34 6
34 7
34 8
34 9
34 10
34 11
34 12
34 13
35 0
35 1
35 2
35 3
35 4
35 5
35 6
35 7
35 8
35 9
35 10
35 11
35 12
35 13
36 0
36 1
36 2
36 3
36 4
36 5
36 6
36 7
36 8
36 9
36 10
36 11
36 12
36 13
37 0
37 1
37 2
37 3
37 4
37 5
37 6
37 7
37 8
37 9
0
Yes
0 17
0 18
0 19
0 20
0 21
0 22
0 23
0 24
0 25
0 26
0 27
1 17
1 18
1 19
1 20
1 21
1 22
1 23
1 24
1 25
1 26
1 27
2 17
2 18
2 19
2 20
2 21
2 22
2 23
2 24
2 25
2 26
2 27
3 17
3 18
3 19
3 20
3 21
3 22
3 23
3 24
3 25
3 26
3 27
4 17
4 18
4 19
4 20
4 21
4 22
4 23
4 24
4 25
4 26
4 27
5 17
5 18
5 19
5 20
5 21
5 22
5 23
5 24
5 25
5 26
0
No
0
Yes
43 32
43 33
43 34
43 35
43 36
43 37
43 38
43 39
43 40
43 41
43 42
43 43
44 32
44 33
44 34
44 35
44 36
44 37
44 38
44 39
44 40
44 41
44 42
44 43
45 32
45 33
45 34
45 35
45 36
45 37
45 38
45 39
45 40
45 41
45 42
45 43
46 32
46 33
46 34
46 35
46 36
46 37
46 38
46 39
46 40
46 41
46 42
46 43
47 32
47 33
47 34
47 35
47 36
47 37
47 38
47 39
47 40
47 41
47 42
47 43
48 32
48 33
48 34
48 35
48 36
48 37
48 38
48 39
48 40
48 41
48 42
48 43
49 32
49 33
49 34
49 35
49 36
49 37
49 38
49 39
49 40
49 41
0
Yes
43 14
44 14
43 13
43 15
44 13
44 15
42 14
45 14
42 13
42 15
45 13
45 15
43 12
43 16
44 12
44 16
41 14
42 12
42 16
45 12
45 16
46 14
41 13
41 15
46 13
46 15
43 11
43 17
44 11
44 17
41 12
41 16
46 12
46 16
42 11
42 17
45 11
45 17
40 14
47 14
40 13
40 15
47 13
47 15
41 11
41 17
46 11
46 17
40 12
40 16
43 10
43 18
44 10
44 18
47 12
47 16
42 10
42 18
45 10
45 18
39 14
48 14
39 13
39 15
40 11
40 17
47 11
47 17
48 13
48 15
41 10
41 18
46 10
46 18
39 12
39 16
48 12
48 16
43 9
44 9
44 19
42 9
42 19
45 9
45 19
40 10
40 18
47 10
47 18
39 11
39 17
48 11
48 17
38 14
49 14
38 13
38 15
41 9
41 19
46 9
46 19
49 13
49 15
38 12
38 16
49 12
49 16
39 10
39 18
43 8
48 10
48 18
40 9
40 19
47 9
47 19
42 8
38 11
38 17
49 11
49 17
37 14
41 8
37 13
37 15
39 9
39 19
48 9
48 19
37 12
37 16
38 10
38 18
49 10
49 18
40 8
37 11
37 17
38 9
38 19
49 9
49 19
39 8
37 10
37 18
0
Yes
8 10
7 10
8 9
8 11
9 10
7 9
7 11
9 9
9 11
6 10
8 8
8 12
10 10
6 9
6 11
7 8
7 12
9 8
9 12
10 9
10 11
6 8
6 12
10 8
10 12
5 10
8 7
8 13
11 10
5 9
5 11
7 7
7 13
9 7
9 13
11 9
11 11
5 8
5 12
6 7
10 7
10 13
11 8
11 12
4 10
8 6
12 10
4 9
4 11
7 6
9 6
12 9
12 11
5 7
11 7
11 13
4 8
4 12
6 6
10 6
12 8
12 12
3 10
4 7
4 13
5 6
11 6
12 7
12 13
13 10
3 9
3 11
13 9
13 11
3 8
3 12
13 8
13 12
4 6
12 6
3 7
3 13
13 7
13 13
2 10
14 10
2 9
2 11
14 9
14 11
2 8
2 12
14 8
14 12
3 6
2 7
2 13
14 7
14 13
1 10
15 10
1 9
1 11
15 9
15 11
1 8
1 12
15 8
15 12
1 7
1 13
15 13
0 10
0 9
0 11
0 8
0 12
0
Yes
6 18
6 19
6 20
6 21
7 18
7 19
7 20
0
No
0
Yes
17 0
17 1
17 2
17 3
17 4
17 5
17 6
17 7
17 8
17 9
18 0
18 1
18 2
18 3
18 4
18 5
18 6
18 7
18 8
18 9
19 0
19 1
19 2
19 3
19 4
19 5
19 6
19 7
19 8
19 9
20 0
20 1
20 2
20 3
20 4
20 5
20 6
20 7
20 8
20 9
21 0
21 1
21 2
21 3
21 4
21 5
21 6
21 7
21 8
21 9
22 0
22 1
22 2
22 3
22 4
22 5
22 6
22 7
22 8
22 9
23 0
23 1
23 2
23 3
23 4
23 5
23 6
23 7
23 8
23 9
24 0
24 1
24 2
24 3
24 4
24 5
24 6
24 7
24 8
24 9
25 0
25 1
25 2
25 3
25 4
25 5
25 6
25 7
25 8
25 9
26 0
26 1
26 2
26 3
26 4
26 5
26 6
0
No
0
Yes
37 9
37 10
37 11
37 12
37 13
37 14
37 15
37 16
37 17
37 18
38 9
38 10
38 11
38 12
38 13
38 14
38 15
38 16
38 17
38 18
39 9
39 10
39 11
39 12
39 13
39 14
39 15
39 16
39 17
39 18
40 9
40 10
40 11
40 12
40 13
40 14
40 15
40 16
40 17
40 18
41 9
41 10
41 11
41 12
41 13
41 14
41 15
41 16
41 17
41 18
42 9
42 10
42 11
42 12
42 13
42 14
42 15
42 16
42 17
42 18
43 9
43 10
43 11
43 12
43 13
43 14
43 15
43 16
43 17
43 18
44 9
44 10
44 11
44 12
44 13
44 14
44 15
44 16
44 17
44 18
45 9
45 10
45 11
45 12
45 13
45 14
45 15
45 16
45 17
45 18
46 9
46 10
46 11
46 12
46 13
46 14
46 15
46 16
46 17
46 18
47 9
47 10
47 11
47 12
47 13
47 14
47 15
47 16
47 17
47 18
48 9
48 10
48 11
48 12
48 13
48 14
48 15
48 16
48 17
48 18
49 9
49 10
49 11
49 12
49 13
49 14
49 15
49 16
0
Yes
29 0
29 1
29 2
29 3
29 4
29 5
29 6
29 7
29 8
29 9
29 10
29 11
29 12
29 13
29 14
30 0
30 1
30 2
30 3
30 4
30 5
30 6
30 7
30 8
30 9
30 10
30 11
30 12
30 13
30 14
31 0
31 1
31 2
31 3
31 4
31 5
31 6
31 7
31 8
31 9
31 10
31 11
31 12
31 13
31 14
32 0
32 1
32 2
32 3
32 4
32 5
32 6
32 7
32 8
32 9
32 10
32 11
32 12
32 13
32 14
33 0
33 1
33 2
33 3
33 4
33 5
33 6
33 7
33 8
33 9
33 10
33 11
33 12
33 13
33 14
34 0
34 1
34 2
34 3
34 4
34 5
34 6
34 7
34 8
34 9
34 10
34 11
34 12
34 13
34 14
35 0
35 1
35 2
35 3
35 4
35 5
35 6
35 7
35 8
35 9
35 10
35 11
35 12
35 13
35 14
36 0
36 1
36 2
36 3
36 4
36 5
36 6
36 7
36 8
36 9
36 10
36 11
36 12
36 13
36 14
37 0
37 1
37 2
37 3
37 4
37 5
37 6
37 7
37 8
0
Yes
33 24
33 25
34 24
34 25
0
Yes
24 24
24 25
24 26
24 27
24 28
24 29
24 30
24 31
24 32
25 24
25 25
25 26
25 27
25 28
25 29
25 30
25 31
25 32
26 24
26 25
26 26
26 27
26 28
26 29
26 30
26 31
26 32
27 24
27 25
27 26
27 27
27 28
27 29
27 30
27 31
27 32
28 24
28 25
28 26
28 27
28 28
28 29
28 30
28 31
28 32
29 24
29 25
29 26
29 27
29 28
29 29
29 30
29 31
29 32
30 24
30 25
30 26
30 27
30 28
30 29
30 30
30 31
30 32
31 24
31 25
31 26
31 27
31 28
31 29
31 30
31 31
31 32
32 24
0
Yes
20 43
20 44
20 45
20 46
20 47
20 48
20 49
21 43
21 44
21 45
21 46
21 47
21 48
21 49
22 43
22 44
22 45
22 46
22 47
22 48
22 49
23 43
23 44
23 45
23 46
23 47
23 48
23 49
24 43
24 44
24 45
24 46
24 47
0
Yes
29 0
29 1
29 2
29 3
29 4
29 5
29 6
29 7
29 8
29 9
29 10
29 11
30 0
30 1
30 2
30 3
30 4
30 5
30 6
30 7
30 8
30 9
30 10
30 11
31 0
31 1
31 2
31 3
31 4
31 5
31 6
31 7
31 8
31 9
31 10
31 11
32 0
32 1
32 2
32 3
32 4
32 5
32 6
32 7
32 8
32 9
32 10
32 11
33 0
33 1
33 2
33 3
33 4
33 5
33 6
33 7
33 8
33 9
33 10
33 11
34 0
34 1
34 2
34 3
34 4
34 5
34 6
34 7
34 8
34 9
34 10
34 11
35 0
35 1
35 2
35 3
35 4
35 5
35 6
35 7
35 8
35 9
35 10
35 11
36 0
36 1
36 2
36 3
36 4
36 5
36 6
36 7
36 8
36 9
36 10
36 11
37 0
37 1
37 2
37 3
37 4
37 5
37 6
0
Yes
5 0
5 1
5 2
5 3
5 4
6 0
6 1
6 2
6 3
6 4
7 0
7 1
7 2
7 3
7 4
8 0
8 1
8 2
8 3
8 4
0
Yes
32 27
32 28
32 29
32 30
32 31
32 32
32 33
32 34
32 35
33 27
33 28
33 29
33 30
33 31
33 32
33 33
33 34
33 35
34 27
34 28
34 29
34 30
34 31
34 32
34 33
34 34
34 35
35 27
35 28
35 29
35 30
35 31
35 32
35 33
35 34
35 35
36 27
36 28
36 29
36 30
36 31
36 32
36 33
36 34
36 35
37 27
37 28
37 29
37 30
37 31
37 32
37 33
37 34
37 35
38 27
38 28
38 29
38 30
38 31
0
Yes
0 0
0 1
1 0
1 1
2 0
2 1
0
Yes
0 39
0 40
0 41
0 42
0 43
0 44
1 39
1 40
1 41
1 42
1 43
1 44
2 39
2 40
2 41
2 42
2 43
2 44
3 39
3 40
3 41
3 42
3 43
3 44
4 39
4 40
4 41
4 42
4 43
4 44
5 39
5 40
5 41
5 42
5 43
5 44
6 39
6 40
6 41
6 42
6 43
0
No
0
Yes
39 0
39 1
39 2
40 0
40 1
40 2
41 0
41 1
41 2
42 0
42 1
42 2
43 0
43 1
43 2
44 0
44 1
44 2
45 0
45 1
45 2
0
No
0
Yes
43 32
43 33
43 34
43 35
43 36
43 37
43 38
43 39
43 40
43 41
43 42
43 43
44 32
44 33
44 34
44 35
44 36
44 37
44 38
44 39
44 40
44 41
44 42
44 43
45 32
45 33
45 34
45 35
45 36
45 37
45 38
45 39
45 40
45 41
45 42
45 43
46 32
46 33
46 34
46 35
46 36
46 37
46 38
46 39
46 40
46 41
46 42
46 43
47 32
47 33
47 34
47 35
47 36
47 37
47 38
47 39
47 40
47 41
47 42
47 43
48 32
48 33
48 34
48 35
48 36
48 37
48 38
48 39
48 40
48 41
48 42
48 43
49 32
49 33
49 34
49 35
49 36
49 37
49 38
49 39
49 40
49 41
49 42
49 43
0
No
0
Yes
46 0
46 1
46 2
47 0
47 1
47 2
48 0
48 1
48 2
49 0
49 1
49 2
0
Yes
0 5
0 6
0 7
0 8
0 9
0 10
0 11
0 12
1 5
1 6
1 7
1 8
1 9
1 10
1 11
1 12
2 5
2 6
2 7
2 8
2 9
2 10
2 11
2 12
3 5
3 6
3 7
3 8
3 9
3 10
3 11
3 12
4 5
4 6
4 7
4 8
4 9
4 10
4 11
4 12
5 5
5 6
5 7
5 8
5 9
5 10
5 11
5 12
6 5
6 6
6 7
6 8
6 9
6 10
6 11
6 12
7 5
7 6
7 7
7 8
7 9
7 10
7 11
7 12
8 5
8 6
8 7
8 8
8 9
8 10
8 11
8 12
9 5
9 6
9 7
9 8
9 9
9 10
9 11
9 12
10 5
10 6
10 7
10 8
0
Yes
35 38
35 39
35 40
36 38
36 39
36 40
37 38
37 39
37 40
38 38
38 39
38 40
39 38
39 39
0
Yes
40 9
40 10
40 11
40 12
40 13
40 14
40 15
40 16
40 17
40 18
41 9
41 10
41 11
41 12
41 13
41 14
41 15
41 16
41 17
41 18
42 9
42 10
42 11
42 12
42 13
42 14
42 15
42 16
42 17
42 18
43 9
43 10
43 11
43 12
43 13
43 14
43 15
43 16
43 17
43 18
44 9
44 10
44 11
44 12
44 13
44 14
44 15
44 16
44 17
44 18
45 9
45 10
45 11
45 12
45 13
45 14
45 15
45 16
45 17
45 18
46 9
46 10
46 11
46 12
46 13
46 14
46 15
46 16
46 17
46 18
47 9
47 10
47 11
47 12
47 13
47 14
47 15
47 16
47 17
47 18
48 9
48 10
48 11
48 12
48 13
48 14
48 15
48 16
48 17
48 18
49 9
49 10
49 11
49 12
49 13
49 14
49 15
49 16
49 17
49 18
0
Yes
0 45
0 46
0 47
0 48
0 49
1 45
1 46
1 47
1 48
1 49
2 45
2 46
2 47
2 48
2 49
3 45
3 46
3 47
3 48
3 49
4 45
4 46
4 47
4 48
4 49
5 45
5 46
5 47
5 48
5 49
6 45
6 46
6 47
6 48
6 49
7 45
7 46
7 47
7 48
7 49
8 45
8 46
8 47
8 48
8 49
9 45
9 46
9 47
9 48
9 49
0
Yes
8 29
8 30
8 31
8 32
9 29
9 30
9 31
9 32
0
Yes
0 20
0 21
0 22
0 23
0 24
0 25
0 26
0 27
1 20
1 21
1 22
1 23
1 24
1 25
1 26
1 27
2 20
2 21
2 22
2 23
2 24
2 25
2 26
2 27
3 20
3 21
3 22
3 23
3 24
3 25
3 26
3 27
4 20
4 21
4 22
4 23
4 24
4 25
4 26
4 27
5 20
5 21
5 22
5 23
5 24
5 25
5 26
5 27
0
Yes
2 34
2 35
2 36
2 37
2 38
2 39
2 40
2 41
2 42
2 43
2 44
3 34
3 35
3 36
3 37
3 38
3 39
3 40
3 41
3 42
3 43
3 44
4 34
4 35
4 36
4 37
4 38
4 39
4 40
4 41
4 42
4 43
4 44
5 34
5 35
5 36
5 37
5 38
5 39
5 40
5 41
5 42
5 43
5 44
6 34
6 35
6 36
6 37
6 38
6 39
6 40
6 41
6 42
6 43
6 44
7 34
7 35
7 36
7 37
7 38
7 39
7 40
7 41
7 42
7 43
7 44
8 34
8 35
8 36
8 37
8 38
8 39
8 40
8 41
8 42
8 43
8 44
9 34
9 35
9 36
9 37
9 38
9 39
9 40
9 41
9 42
9 43
9 44
10 34
10 35
10 36
10 37
10 38
10 39
10 40
10 41
10 42
10 43
10 44
11 34
11 35
11 36
11 37
11 38
11 39
11 40
11 41
11 42
11 43
11 44
12 34
12 35
12 36
12 37
12 38
12 39
12 40
12 41
12 42
12 43
12 44
13 34
13 35
13 36
13 37
0
Yes
46 0
46 1
46 2
46 3
47 0
47 1
47 2
47 3
48 0
48 1
48 2
48 3
49 0
49 1
49 2
49 3
0
Yes
19 10
19 11
19 12
20 10
20 11
20 12
21 10
21 11
21 12
22 10
22 11
22 12
23 10
23 11
23 12
24 10
24 11
0
Yes
29 0
29 1
29 2
29 3
29 4
29 5
29 6
29 7
29 8
29 9
30 0
30 1
30 2
30 3
30 4
30 5
30 6
30 7
30 8
30 9
31 0
31 1
31 2
31 3
31 4
31 5
31 6
31 7
31 8
31 9
32 0
32 1
32 2
32 3
32 4
32 5
32 6
32 7
32 8
32 9
33 0
33 1
33 2
33 3
33 4
33 5
33 6
33 7
33 8
33 9
34 0
34 1
34 2
34 3
34 4
34 5
34 6
34 7
34 8
34 9
35 0
35 1
35 2
35 3
35 4
35 5
35 6
35 7
35 8
35 9
36 0
36 1
36 2
36 3
36 4
36 5
36 6
36 7
36 8
36 9
37 0
37 1
37 2
37 3
37 4
37 5
37 6
37 7
37 8
0
No
0
Yes
0 39
0 40
0 41
0 42
0 43
1 39
1 40
1 41
1 42
1 43
0
No
0
Yes
0 13
0 14
0 15
0 16
0 17
0 18
0 19
1 13
1 14
1 15
1 16
1 17
1 18
1 19
2 13
2 14
2 15
2 16
2 17
2 18
2 19
3 13
3 14
3 15
3 16
3 17
3 18
3 19
4 13
4 14
4 15
4 16
4 17
4 18
4 19
0
Yes
17 0
17 1
17 2
17 3
17 4
17 5
17 6
17 7
18 0
18 1
18 2
18 3
18 4
18 5
18 6
18 7
19 0
19 1
19 2
19 3
19 4
19 5
19 6
19 7
20 0
20 1
20 2
20 3
20 4
20 5
20 6
20 7
21 0
21 1
21 2
21 3
21 4
21 5
21 6
21 7
22 0
22 1
22 2
22 3
22 4
22 5
22 6
22 7
23 0
23 1
23 2
23 3
23 4
23 5
23 6
23 7
24 0
24 1
24 2
24 3
24 4
24 5
24 6
24 7
25 0
25 1
25 2
25 3
25 4
25 5
25 6
25 7
26 0
26 1
26 2
26 3
26 4
26 5
26 6
26 7
27 0
27 1
27 2
27 3
27 4
27 5
0
Yes
44 9
44 10
43 9
43 10
45 9
45 10
44 11
43 8
43 11
45 8
45 11
42 9
42 10
46 9
46 10
42 8
42 11
44 12
46 8
46 11
43 7
44 7
43 12
45 7
45 12
41 9
41 10
47 9
47 10
42 7
42 12
46 7
46 12
41 8
41 11
47 8
47 11
44 6
44 13
43 6
43 13
45 6
45 13
41 7
41 12
47 7
47 12
40 9
40 10
42 6
42 13
46 6
46 13
48 9
48 10
40 8
40 11
48 8
48 11
44 5
44 14
41 6
41 13
43 5
43 14
45 5
45 14
47 6
47 13
40 7
40 12
48 7
48 12
42 5
42 14
46 5
46 14
39 9
39 10
49 9
49 10
39 8
39 11
49 8
49 11
40 6
40 13
48 6
48 13
41 5
41 14
47 5
47 14
44 4
44 15
39 7
39 12
43 4
43 15
45 4
45 15
49 7
49 12
42 4
42 15
46 4
46 15
38 9
38 10
40 5
40 14
48 5
48 14
39 6
39 13
49 6
49 13
38 8
38 11
41 4
41 15
47 4
47 15
38 7
38 12
44 3
43 3
45 3
39 5
39 14
49 5
49 14
40 4
40 15
42 3
48 4
48 15
38 6
38 13
41 3
39 4
39 15
49 4
49 15
38 5
38 14
40 3
38 4
38 15
0
Yes
0 2
0 3
0 4
1 2
1 3
1 4
0
No
0
No
0
Yes
6 8
6 9
7 8
7 9
5 8
5 9
6 7
6 10
7 7
7 10
8 8
8 9
5 7
5 10
8 7
8 10
4 8
4 9
6 6
6 11
7 6
7 11
9 8
9 9
4 7
4 10
5 6
5 11
8 6
8 11
9 7
9 10
3 8
3 9
4 6
4 11
6 5
6 12
7 5
7 12
9 6
9 11
10 8
10 9
3 7
3 10
5 5
5 12
8 5
8 12
10 7
10 10
3 6
3 11
4 5
4 12
9 5
9 12
10 6
10 11
2 8
2 9
6 4
7 4
11 8
11 9
2 7
2 10
5 4
8 4
11 7
11 10
3 5
3 12
10 5
10 12
2 6
2 11
9 4
11 6
11 11
1 8
1 9
12 8
12 9
1 7
1 10
2 5
2 12
3 4
10 4
11 5
11 12
12 7
12 10
1 6
1 11
12 6
12 11
2 4
11 4
0 8
0 9
1 5
1 12
12 5
12 12
0 7
0 10
0 6
0 11
12 4
0
Yes
0 21
0 22
0 23
0 24
0 25
0 26
0 27
1 21
1 22
1 23
1 24
1 25
1 26
1 27
2 21
2 22
2 23
2 24
2 25
2 26
2 27
3 21
3 22
3 23
3 24
3 25
3 26
3 27
4 21
4 22
4 23
4 24
4 25
4 26
4 27
5 21
5 22
5 23
5 24
5 25
0
Yes
22 8
22 9
22 10
22 11
23 8
23 9
23 10
23 11
24 8
24 9
24 10
24 11
25 8
25 9
0
Yes
2 34
2 35
2 36
2 37
2 38
2 39
2 40
2 41
2 42
2 43
2 44
3 34
3 35
3 36
3 37
3 38
3 39
3 40
3 41
3 42
3 43
3 44
4 34
4 35
4 36
4 37
4 38
4 39
4 40
4 41
4 42
4 43
4 44
5 34
5 35
5 36
5 37
5 38
5 39
5 40
5 41
5 42
5 43
5 44
6 34
6 35
6 36
6 37
6 38
6 39
6 40
6 41
6 42
6 43
6 44
7 34
7 35
7 36
7 37
7 38
7 39
7 40
7 41
7 42
7 43
7 44
8 34
8 35
8 36
8 37
8 38
8 39
8 40
8 41
8 42
8 43
8 44
9 34
9 35
9 36
9 37
9 38
9 39
9 40
9 41
9 42
9 43
9 44
10 34
10 35
10 36
10 37
10 38
10 39
10 40
10 41
10 42
0
Yes
10 46
10 47
10 48
10 49
11 46
11 47
11 48
0
Yes
0 15
0 16
0 17
0 18
0 19
0 20
1 15
1 16
1 17
1 18
1 19
1 20
2 15
2 16
2 17
2 18
2 19
2 20
3 15
3 16
3 17
3 18
3 19
3 20
4 15
4 16
4 17
4 18
4 19
4 20
5 15
5 16
5 17
5 18
5 19
5 20
6 15
6 16
6 17
6 18
6 19
6 20
7 15
7 16
7 17
7 18
7 19
7 20
0
Yes
0 28
0 29
0 30
0 31
0 32
0 33
1 28
1 29
1 30
1 31
1 32
1 33
2 28
2 29
2 30
2 31
2 32
2 33
3 28
3 29
3 30
3 31
3 32
3 33
4 28
4 29
4 30
4 31
4 32
4 33
5 28
5 29
5 30
5 31
5 32
5 33
6 28
6 29
6 30
6 31
6 32
0
Yes
29 2
29 3
29 4
29 5
29 6
29 7
29 8
29 9
29 10
29 11
29 12
29 13
29 14
29 15
30 2
30 3
30 4
30 5
30 6
30 7
30 8
30 9
30 10
30 11
30 12
30 13
30 14
30 15
31 2
31 3
31 4
31 5
31 6
31 7
31 8
31 9
31 10
31 11
31 12
31 13
31 14
31 15
32 2
32 3
32 4
32 5
32 6
32 7
32 8
32 9
32 10
32 11
32 12
32 13
32 14
32 15
33 2
33 3
33 4
33 5
33 6
33 7
33 8
33 9
33 10
33 11
33 12
33 13
33 14
33 15
34 2
34 3
34 4
34 5
34 6
34 7
34 8
34 9
34 10
34 11
34 12
34 13
34 14
34 15
35 2
35 3
35 4
35 5
35 6
35 7
35 8
35 9
35 10
35 11
35 12
35 13
35 14
35 15
36 2
36 3
36 4
36 5
36 6
36 7
36 8
36 9
36 10
36 11
36 12
36 13
36 14
36 15
37 2
37 3
37 4
37 5
37 6
37 7
37 8
37 9
37 10
37 11
37 12
37 13
37 14
37 15
38 2
38 3
38 4
38 5
38 6
38 7
38 8
38 9
38 10
38 11
38 12
38 13
38 14
38 15
39 2
39 3
39 4
39 5
39 6
39 7
39 8
39 9
0
Yes
46 44
46 45
46 46
46 47
46 48
46 49
47 44
47 45
47 46
47 47
47 48
47 49
48 44
48 45
48 46
48 47
48 48
48 49
49 44
49 45
49 46
49 47
49 48
49 49
0
Yes
0 21
0 22
0 23
0 24
0 25
0 26
0 27
1 21
1 22
1 23
1 24
1 25
1 26
1 27
2 21
2 22
2 23
2 24
2 25
2 26
2 27
3 21
3 22
3 23
3 24
3 25
3 26
0
Yes
8 0
8 1
8 2
9 0
9 1
9 2
10 0
10 1
10 2
11 0
11 1
11 2
12 0
12 1
12 2
13 0
13 1
13 2
14 0
14 1
14 2
0
Yes
43 0
43 1
43 2
43 3
44 0
44 1
44 2
44 3
45 0
45 1
45 2
45 3
46 0
46 1
46 2
46 3
47 0
47 1
47 2
47 3
48 0
48 1
48 2
48 3
49 0
49 1
49 2
49 3
0
Yes
22 0
22 1
22 2
22 3
22 4
22 5
23 0
23 1
23 2
23 3
23 4
23 5
24 0
24 1
24 2
24 3
24 4
24 5
25 0
25 1
25 2
25 3
25 4
25 5
26 0
26 1
26 2
26 3
26 4
26 5
27 0
27 1
27 2
27 3
27 4
27 5
28 0
28 1
28 2
28 3
28 4
28 5
0
Yes
0 0
0 1
1 0
1 1
0
Yes
0 13
0 14
0 15
0 16
0 17
0 18
0 19
0 20
1 13
1 14
1 15
1 16
1 17
1 18
1 19
1 20
2 13
2 14
2 15
2 16
2 17
2 18
2 19
2 20
3 13
3 14
3 15
3 16
3 17
3 18
3 19
3 20
4 13
4 14
4 15
4 16
4 17
0
Yes
2 35
2 36
2 37
2 38
2 39
2 40
2 41
2 42
2 43
2 44
3 35
3 36
3 37
3 38
3 39
3 40
3 41
3 42
3 43
3 44
4 35
4 36
4 37
4 38
4 39
4 40
4 41
4 42
4 43
4 44
5 35
5 36
5 37
5 38
5 39
5 40
5 41
5 42
5 43
5 44
6 35
6 36
6 37
6 38
6 39
6 40
6 41
6 42
6 43
6 44
7 35
7 36
7 37
7 38
7 39
7 40
7 41
7 42
7 43
7 44
8 35
8 36
8 37
8 38
8 39
8 40
8 41
8 42
8 43
8 44
9 35
9 36
9 37
9 38
9 39
9 40
9 41
9 42
9 43
9 44
10 35
10 36
10 37
10 38
10 39
10 40
10 41
10 42
10 43
0
Yes
22 6
22 7
22 8
22 9
23 6
23 7
23 8
23 9
24 6
24 7
24 8
24 9
25 6
25 7
25 8
25 9
26 6
26 7
0
Yes
36 0
36 1
37 0
37 1
0
No
0
Yes
44 15
44 16
45 15
45 16
43 15
43 16
44 14
44 17
45 14
45 17
46 15
46 16
43 14
43 17
46 14
46 17
42 15
42 16
44 13
44 18
45 13
45 18
47 15
47 16
42 14
42 17
43 13
43 18
46 13
46 18
47 14
47 17
41 15
41 16
42 13
42 18
44 12
44 19
45 12
45 19
47 13
47 18
48 15
48 16
41 14
41 17
43 12
46 12
46 19
48 14
48 17
41 13
41 18
42 12
42 19
47 12
47 19
48 13
48 18
40 15
40 16
44 11
44 20
45 11
45 20
49 15
49 16
40 14
40 17
43 11
43 20
46 11
46 20
49 14
49 17
41 12
41 19
48 12
48 19
40 13
40 18
42 11
42 20
47 11
47 20
49 13
49 18
39 15
39 16
44 10
44 21
45 10
45 21
39 14
39 17
40 12
40 19
41 11
41 20
43 10
43 21
46 10
46 21
48 11
48 20
49 12
49 19
39 13
39 18
42 10
42 21
47 10
47 21
40 11
40 20
49 11
49 20
39 12
39 19
41 10
41 21
44 9
45 9
48 10
48 21
43 9
46 9
42 9
47 9
39 11
39 20
40 10
40 21
49 10
49 21
41 9
48 9
39 10
39 21
40 9
0
Yes
0 45
0 46
0 47
0 48
0 49
1 45
1 46
1 47
1 48
1 49
2 45
2 46
2 47
2 48
2 49
3 45
3 46
3 47
3 48
3 49
4 45
4 46
4 47
4 48
4 49
5 45
5 46
5 47
5 48
5 49
6 45
6 46
6 47
6 48
6 49
7 45
7 46
7 47
7 48
7 49
8 45
8 46
8 47
8 48
0
Yes
32 43
32 44
32 45
32 46
32 47
32 48
32 49
33 43
33 44
33 45
33 46
33 47
33 48
33 49
34 43
34 44
34 45
34 46
34 47
34 48
34 49
35 43
35 44
35 45
35 46
35 47
35 48
35 49
36 43
36 44
36 45
36 46
36 47
36 48
36 49
37 43
37 44
37 45
37 46
37 47
37 48
37 49
38 43
38 44
38 45
38 46
38 47
38 48
38 49
39 43
39 44
39 45
39 46
39 47
39 48
39 49
40 43
40 44
40 45
40 46
40 47
40 48
40 49
41 43
41 44
41 45
41 46
41 47
41 48
41 49
42 43
42 44
42 45
42 46
0
Yes
17 0
17 1
17 2
17 3
17 4
17 5
18 0
18 1
18 2
18 3
18 4
18 5
19 0
19 1
19 2
19 3
19 4
19 5
20 0
20 1
20 2
20 3
20 4
20 5
21 0
21 1
21 2
21 3
21 4
21 5
0
Yes
22 10
22 11
22 12
23 10
23 11
23 12
24 10
24 11
0
No
0
Yes
0 24
0 25
0 26
0 27
0 28
0 29
0 30
0 31
0 32
0 33
1 24
1 25
1 26
1 27
1 28
1 29
1 30
1 31
1 32
1 33
2 24
2 25
2 26
2 27
2 28
2 29
2 30
2 31
2 32
2 33
3 24
3 25
3 26
3 27
3 28
3 29
3 30
3 31
3 32
3 33
4 24
4 25
4 26
4 27
4 28
4 29
4 30
4 31
4 32
4 33
5 24
5 25
5 26
5 27
5 28
5 29
5 30
5 31
5 32
5 33
6 24
6 25
6 26
6 27
6 28
6 29
6 30
6 31
6 32
6 33
7 24
7 25
7 26
7 27
7 28
0
Yes
27 7
27 8
27 9
28 7
28 8
28 9
0
Yes
0 39
0 40
0 41
0 42
0 43
0 44
0 45
0 46
0 47
0 48
0 49
1 39
1 40
1 41
1 42
1 43
1 44
1 45
1 46
1 47
1 48
1 49
2 39
2 40
2 41
2 42
2 43
2 44
2 45
2 46
2 47
2 48
2 49
3 39
3 40
3 41
3 42
3 43
3 44
3 45
3 46
3 47
3 48
3 49
4 39
4 40
4 41
4 42
4 43
4 44
4 45
4 46
4 47
4 48
4 49
5 39
5 40
5 41
5 42
5 43
5 44
5 45
5 46
5 47
5 48
5 49
6 39
6 40
6 41
6 42
6 43
6 44
6 45
6 46
6 47
6 48
6 49
7 39
7 40
7 41
7 42
7 43
7 44
7 45
7 46
7 47
7 48
7 49
8 39
8 40
8 41
8 42
8 43
8 44
8 45
8 46
8 47
8 48
8 49
9 39
9 40
9 41
9 42
9 43
0
Yes
0 24
0 25
0 26
0 27
0 28
0 29
0 30
0 31
0 32
1 24
1 25
1 26
1 27
1 28
1 29
1 30
1 31
1 32
2 24
2 25
2 26
2 27
2 28
2 29
2 30
2 31
2 32
3 24
3 25
3 26
3 27
3 28
3 29
3 30
3 31
3 32
4 24
4 25
4 26
4 27
4 28
4 29
4 30
4 31
4 32
5 24
5 25
5 26
5 27
5 28
5 29
5 30
5 31
5 32
6 24
6 25
6 26
6 27
6 28
6 29
6 30
6 31
6 32
7 24
7 25
7 26
7 27
7 28
7 29
7 30
7 31
7 32
0
Yes
11 0
11 1
11 2
11 3
12 0
12 1
12 2
12 3
13 0
13 1
13 2
13 3
14 0
14 1
14 2
14 3
0
Yes
0 16
0 17
0 18
0 19
0 20
0 21
0 22
0 23
1 16
1 17
1 18
1 19
1 20
1 21
1 22
1 23
2 16
2 17
2 18
2 19
2 20
2 21
2 22
2 23
3 16
3 17
3 18
3 19
3 20
3 21
3 22
3 23
4 16
4 17
4 18
4 19
4 20
4 21
4 22
4 23
5 16
5 17
5 18
5 19
5 20
5 21
5 22
5 23
6 16
6 17
6 18
6 19
6 20
0
Yes
15 37
16 37
15 36
15 38
16 36
16 38
14 37
17 37
14 36
14 38
17 36
17 38
15 35
15 39
16 35
16 39
13 37
14 35
14 39
17 35
17 39
18 37
13 36
13 38
18 36
18 38
15 34
15 40
16 34
16 40
13 35
13 39
18 35
18 39
14 34
14 40
17 34
17 40
12 37
19 37
12 36
12 38
19 36
19 38
13 34
13 40
18 34
18 40
12 35
12 39
15 33
15 41
16 33
16 41
19 35
19 39
14 33
14 41
17 33
17 41
11 37
20 37
11 36
11 38
12 34
12 40
19 34
19 40
20 36
20 38
13 33
13 41
18 33
18 41
11 35
11 39
20 35
20 39
15 32
16 32
14 32
17 32
12 33
12 41
19 33
19 41
11 34
11 40
20 34
20 40
10 37
21 37
10 36
10 38
13 32
18 32
21 36
21 38
10 35
10 39
21 35
21 39
11 33
11 41
20 33
20 41
12 32
19 32
10 34
10 40
21 34
21 40
9 37
9 36
9 38
20 32
9 35
10 41
21 33
21 41
9 34
0
Yes
44 37
44 38
45 37
45 38
43 37
43 38
44 36
44 39
45 36
45 39
46 37
46 38
43 36
43 39
46 36
46 39
42 37
42 38
44 35
44 40
45 35
45 40
47 37
47 38
42 36
42 39
43 35
43 40
46 35
46 40
47 36
47 39
41 37
41 38
42 40
44 34
44 41
45 34
45 41
47 35
47 40
48 37
48 38
41 36
41 39
43 34
43 41
46 34
46 41
48 36
48 39
41 40
42 34
42 41
47 34
47 41
48 35
48 40
40 37
40 38
44 33
44 42
45 33
45 42
49 37
49 38
40 36
40 39
43 33
43 42
46 33
46 42
49 36
49 39
41 41
48 34
48 41
40 35
40 40
42 33
42 42
47 33
47 42
49 35
49 40
39 37
44 32
44 43
45 32
45 43
39 36
40 34
40 41
41 33
41 42
43 32
43 43
46 32
46 43
48 33
48 42
49 34
49 41
39 35
42 32
42 43
47 32
47 43
40 33
40 42
49 33
49 42
39 34
39 41
41 32
41 43
44 31
45 31
48 32
48 43
43 31
46 31
42 31
47 31
39 33
39 42
40 32
40 43
49 32
49 43
0
Yes
24 17
24 18
24 19
24 20
24 21
24 22
24 23
24 24
24 25
24 26
24 27
24 28
24 29
24 30
24 31
24 32
25 17
25 18
25 19
25 20
25 21
25 22
25 23
25 24
25 25
25 26
25 27
25 28
25 29
25 30
25 31
25 32
26 17
26 18
26 19
26 20
26 21
26 22
26 23
26 24
26 25
26 26
26 27
26 28
26 29
26 30
26 31
26 32
27 17
27 18
27 19
27 20
27 21
27 22
27 23
27 24
27 25
27 26
27 27
27 28
27 29
27 30
27 31
27 32
28 17
28 18
28 19
28 20
28 21
28 22
28 23
28 24
28 25
28 26
28 27
28 28
28 29
28 30
28 31
28 32
29 17
29 18
29 19
29 20
29 21
29 22
29 23
29 24
29 25
29 26
29 27
29 28
29 29
29 30
29 31
29 32
30 17
30 18
30 19
30 20
30 21
30 22
30 23
30 24
30 25
30 26
30 27
30 28
30 29
30 30
30 31
30 32
31 17
31 18
31 19
31 20
31 21
0
Yes
22 38
22 39
22 40
22 41
23 38
23 39
23 40
23 41
24 38
24 39
24 40
24 41
25 38
25 39
25 40
25 41
26 38
26 39
26 40
26 41
27 38
27 39
0
Yes
7 0
7 1
7 2
8 0
8 1
8 2
9 0
9 1
9 2
10 0
10 1
10 2
0
Yes
0 24
0 25
0 26
0 27
0 28
0 29
0 30
0 31
0 32
1 24
1 25
1 26
1 27
1 28
1 29
1 30
1 31
1 32
2 24
2 25
2 26
2 27
2 28
2 29
2 30
2 31
2 32
3 24
3 25
3 26
3 27
3 28
3 29
3 30
3 31
3 32
4 24
4 25
4 26
4 27
4 28
4 29
4 30
4 31
4 32
5 24
5 25
5 26
5 27
5 28
5 29
5 30
5 31
5 32
6 24
6 25
6 26
6 27
6 28
6 29
6 30
6 31
6 32
0
No
0
Yes
20 13
19 13
20 12
20 14
21 13
19 12
19 14
21 12
21 14
18 13
20 11
20 15
22 13
18 12
18 14
19 11
19 15
21 11
21 15
22 12
22 14
18 11
18 15
22 11
22 15
17 13
20 10
20 16
23 13
17 12
17 14
19 10
19 16
21 10
21 16
23 12
23 14
17 11
18 10
18 16
22 10
22 16
23 11
23 15
16 13
20 9
20 17
16 12
16 14
19 9
19 17
21 9
21 17
17 10
17 16
23 10
23 16
16 11
18 9
18 17
22 9
22 17
16 10
17 9
17 17
20 8
20 18
23 9
23 17
19 8
19 18
21 8
21 18
18 8
18 18
22 8
22 18
16 9
16 17
17 8
17 18
23 8
23 18
20 7
20 19
19 7
19 19
21 7
21 19
18 7
18 19
22 7
22 19
16 8
16 18
17 7
17 19
23 7
23 19
20 6
19 6
21 6
16 7
16 19
18 6
22 6
17 6
23 6
0
Yes
17 0
17 1
17 2
17 3
17 4
17 5
18 0
18 1
18 2
18 3
18 4
18 5
19 0
19 1
19 2
19 3
19 4
19 5
20 0
20 1
20 2
20 3
20 4
20 5
21 0
21 1
21 2
21 3
21 4
21 5
22 0
22 1
22 2
22 3
22 4
22 5
23 0
23 1
23 2
0
Yes
13 46
13 47
13 48
13 49
14 46
14 47
14 48
14 49
15 46
15 47
15 48
15 49
16 46
16 47
16 48
16 49
17 46
17 47
17 48
0
Yes
0 0
0 1
1 0
1 1
2 0
2 1
3 0
3 1
4 0
4 1
0
Yes
21 43
21 44
21 45
21 46
21 47
21 48
21 49
22 43
22 44
22 45
22 46
22 47
22 48
22 49
23 43
23 44
23 45
23 46
23 47
23 48
23 49
24 43
24 44
24 45
24 46
24 47
24 48
24 49
25 43
25 44
25 45
25 46
25 47
25 48
25 49
26 43
26 44
26 45
26 46
26 47
26 48
26 49
27 43
0
Yes
46 22
46 23
46 24
46 25
46 26
46 27
46 28
47 22
47 23
47 24
47 25
47 26
47 27
47 28
48 22
48 23
48 24
48 25
48 26
48 27
48 28
49 22
49 23
49 24
49 25
49 26
49 27
49 28
0
Yes
0 5
0 6
0 7
0 8
0 9
0 10
0 11
0 12
1 5
1 6
1 7
1 8
1 9
1 10
1 11
1 12
2 5
2 6
2 7
2 8
2 9
2 10
2 11
2 12
3 5
3 6
3 7
3 8
3 9
3 10
3 11
3 12
4 5
4 6
4 7
4 8
4 9
4 10
4 11
4 12
5 5
5 6
5 7
5 8
5 9
5 10
5 11
5 12
6 5
6 6
6 7
6 8
6 9
6 10
6 11
6 12
0
Yes
0 39
0 40
0 41
0 42
0 43
0 44
0 45
0 46
0 47
0 48
0 49
1 39
1 40
1 41
1 42
1 43
1 44
1 45
1 46
1 47
1 48
1 49
2 39
2 40
2 41
2 42
2 43
2 44
2 45
2 46
2 47
2 48
2 49
3 39
3 40
3 41
3 42
3 43
3 44
3 45
3 46
3 47
3 48
3 49
4 39
4 40
4 41
4 42
4 43
4 44
4 45
4 46
4 47
4 48
4 49
5 39
5 40
5 41
5 42
5 43
5 44
5 45
5 46
5 47
5 48
5 49
6 39
6 40
6 41
6 42
6 43
6 44
6 45
6 46
6 47
6 48
6 49
7 39
7 40
7 41
7 42
7 43
7 44
7 45
7 46
7 47
7 48
7 49
8 39
8 40
8 41
8 42
8 43
0
Yes
2 34
2 35
2 36
2 37
2 38
3 34
3 35
3 36
3 37
3 38
4 34
4 35
4 36
4 37
4 38
5 34
5 35
5 36
5 37
5 38
6 34
6 35
6 36
6 37
6 38
7 34
7 35
7 36
7 37
7 38
8 34
8 35
8 36
8 37
0
Yes
11 14
11 13
12 14
10 13
12 13
12 15
11 12
13 14
9 13
9 14
9 15
10 15
10 12
10 16
11 16
12 12
12 16
13 13
13 15
9 12
9 16
13 12
13 16
8 14
11 11
11 17
14 14
8 13
8 15
10 11
10 17
12 11
12 17
14 13
14 15
8 12
8 16
9 11
9 17
13 11
13 17
14 12
14 16
7 14
11 10
11 18
7 13
7 15
10 10
10 18
12 10
12 18
8 11
8 17
14 11
14 17
7 12
7 16
9 10
9 18
13 10
13 18
7 11
7 17
8 10
8 18
11 9
11 19
14 10
14 18
10 9
10 19
12 9
12 19
9 9
9 19
13 9
13 19
7 10
7 18
8 9
14 9
14 19
11 8
11 20
10 8
10 20
12 8
12 20
9 8
9 20
13 8
13 20
7 9
7 19
8 8
14 8
14 20
11 7
11 21
10 7
10 21
12 7
12 21
7 8
7 20
9 7
9 21
13 7
13 21
8 7
14 7
14 21
11 6
7 7
10 6
12 6
9 6
8 6
0
No
0
Yes
8 31
8 32
9 31
9 32
10 31
0
No
0
No
0
No
0
Yes
0 39
0 40
0 41
0 42
0 43
0 44
0 45
0 46
0 47
0 48
0 49
1 39
1 40
1 41
1 42
1 43
1 44
1 45
1 46
1 47
1 48
1 49
2 39
2 40
2 41
2 42
2 43
2 44
2 45
2 46
2 47
2 48
2 49
3 39
3 40
3 41
3 42
3 43
3 44
3 45
3 46
3 47
3 48
3 49
4 39
4 40
4 41
4 42
4 43
4 44
4 45
4 46
4 47
4 48
4 49
5 39
5 40
5 41
5 42
5 43
5 44
5 45
5 46
5 47
5 48
5 49
6 39
6 40
6 41
6 42
6 43
6 44
6 45
6 46
6 47
0
Yes
24 24
24 25
24 26
24 27
24 28
24 29
24 30
24 31
24 32
25 24
25 25
25 26
25 27
25 28
25 29
25 30
25 31
25 32
26 24
26 25
26 26
26 27
26 28
26 29
26 30
26 31
26 32
27 24
27 25
27 26
27 27
27 28
27 29
27 30
27 31
27 32
28 24
28 25
28 26
28 27
28 28
28 29
28 30
28 31
28 32
29 24
29 25
29 26
29 27
29 28
29 29
29 30
29 31
29 32
30 24
30 25
30 26
30 27
30 28
30 29
30 30
30 31
30 32
31 24
31 25
31 26
31 27
31 28
31 29
31 30
31 31
31 32
32 24
32 25
32 26
32 27
32 28
32 29
32 30
32 31
32 32
0
Yes
20 25
20 26
20 27
20 28
21 25
21 26
21 27
21 28
22 25
22 26
0
Yes
45 44
45 45
45 46
45 47
45 48
45 49
46 44
46 45
46 46
46 47
46 48
46 49
47 44
47 45
47 46
47 47
47 48
47 49
48 44
48 45
48 46
48 47
48 48
48 49
49 44
49 45
49 46
49 47
49 48
49 49
0
Yes
45 6
45 7
44 6
44 7
46 6
46 7
45 5
45 8
44 5
46 5
46 8
43 6
43 7
47 6
47 7
43 5
43 8
45 4
45 9
47 5
47 8
44 4
44 9
46 4
46 9
42 6
42 7
48 6
48 7
43 4
43 9
47 4
47 9
42 5
42 8
48 5
48 8
45 3
45 10
44 3
44 10
46 3
46 10
42 4
42 9
48 4
48 9
41 6
41 7
43 3
43 10
47 3
47 10
49 6
49 7
41 5
41 8
49 5
49 8
45 2
45 11
42 3
42 10
44 2
44 11
46 2
46 11
48 3
48 10
41 4
41 9
49 4
49 9
43 2
43 11
47 2
47 11
40 6
40 7
40 5
40 8
41 3
41 10
49 3
49 10
42 2
42 11
48 2
48 11
45 1
45 12
40 4
40 9
44 1
44 12
46 1
46 12
43 1
43 12
47 1
47 12
41 2
41 11
49 2
49 11
40 3
40 10
42 1
42 12
48 1
48 12
45 0
44 0
46 0
40 2
40 11
41 1
41 12
43 0
47 0
49 1
49 12
42 0
48 0
40 1
40 12
0
Yes
45 20
46 20
45 19
45 21
46 19
46 21
44 20
47 20
44 19
44 21
47 19
47 21
45 18
46 18
46 22
43 20
44 18
44 22
47 18
47 22
48 20
43 21
48 19
48 21
45 17
46 17
46 23
45 23
43 18
43 22
48 18
48 22
44 17
44 23
47 17
47 23
42 20
49 20
42 19
42 21
49 19
49 21
43 17
43 23
48 17
48 23
42 18
42 22
45 16
45 24
46 16
46 24
49 18
49 22
44 16
44 24
47 16
47 24
41 20
41 19
41 21
42 17
42 23
49 17
49 23
43 16
43 24
48 16
48 24
41 18
41 22
45 15
45 25
46 15
46 25
44 15
44 25
47 15
47 25
42 16
42 24
49 16
49 24
41 17
41 23
43 15
43 25
48 15
48 25
41 16
41 24
45 14
45 26
46 14
46 26
42 15
42 25
49 15
49 25
44 14
44 26
47 14
47 26
43 14
43 26
48 14
48 26
41 15
41 25
42 14
42 26
49 14
49 26
45 13
45 27
46 13
46 27
44 13
44 27
47 13
47 27
43 13
43 27
48 13
48 27
41 14
41 26
42 13
42 27
49 13
49 27
41 13
0
Yes
7 42
7 43
7 44
7 45
7 46
7 47
7 48
7 49
8 42
8 43
8 44
8 45
8 46
8 47
8 48
8 49
9 42
9 43
9 44
9 45
9 46
9 47
9 48
9 49
10 42
10 43
10 44
10 45
10 46
10 47
10 48
10 49
11 42
11 43
11 44
11 45
11 46
11 47
11 48
11 49
12 42
12 43
12 44
0
Yes
0 14
0 15
0 16
0 17
0 18
0 19
0 20
0 21
0 22
0 23
1 14
1 15
1 16
1 17
1 18
1 19
1 20
1 21
1 22
1 23
2 14
2 15
2 16
2 17
2 18
2 19
2 20
2 21
2 22
2 23
3 14
3 15
3 16
3 17
3 18
3 19
3 20
3 21
3 22
3 23
4 14
4 15
4 16
4 17
4 18
4 19
4 20
4 21
4 22
4 23
5 14
5 15
5 16
5 17
5 18
5 19
5 20
5 21
5 22
5 23
6 14
6 15
6 16
6 17
6 18
6 19
6 20
0
Yes
15 37
14 37
15 36
15 38
16 37
14 36
14 38
16 36
16 38
13 37
15 35
15 39
17 37
13 36
13 38
14 35
14 39
16 35
16 39
17 36
17 38
13 35
13 39
17 35
17 39
12 37
15 34
15 40
18 37
12 36
12 38
14 34
14 40
16 34
16 40
18 36
18 38
12 35
12 39
13 34
13 40
17 34
17 40
18 35
18 39
11 37
15 33
15 41
19 37
11 36
11 38
14 33
14 41
16 33
16 41
19 36
19 38
12 34
12 40
18 34
18 40
11 35
11 39
13 33
13 41
17 33
17 41
19 35
19 39
10 37
11 34
11 40
12 33
12 41
15 32
18 33
18 41
19 34
19 40
20 37
10 36
10 38
14 32
16 32
20 36
20 38
10 35
10 39
13 32
17 32
20 35
20 39
11 33
11 41
19 33
19 41
10 34
10 40
12 32
18 32
20 34
20 40
9 37
21 37
9 36
9 38
21 36
21 38
9 35
9 39
21 35
21 39
10 41
19 32
20 33
20 41
9 34
9 40
21 34
21 40
8 37
8 36
8 38
20 32
9 41
21 33
21 41
8 35
0
Yes
43 46
43 47
43 48
43 49
44 46
44 47
44 48
44 49
45 46
45 47
45 48
45 49
46 46
46 47
46 48
46 49
47 46
47 47
47 48
47 49
48 46
48 47
48 48
48 49
49 46
49 47
49 48
49 49
0
Yes
24 17
24 18
24 19
24 20
24 21
24 22
24 23
24 24
24 25
24 26
24 27
24 28
24 29
24 30
24 31
24 32
25 17
25 18
25 19
25 20
25 21
25 22
25 23
25 24
25 25
25 26
25 27
25 28
25 29
25 30
25 31
25 32
26 17
26 18
26 19
26 20
26 21
26 22
26 23
26 24
26 25
26 26
26 27
26 28
26 29
26 30
26 31
26 32
27 17
27 18
27 19
27 20
27 21
27 22
27 23
27 24
27 25
27 26
27 27
27 28
27 29
27 30
27 31
27 32
28 17
28 18
28 19
28 20
28 21
28 22
28 23
28 24
28 25
28 26
28 27
28 28
28 29
28 30
28 31
28 32
29 17
29 18
29 19
29 20
29 21
29 22
29 23
29 24
29 25
29 26
29 27
29 28
29 29
29 30
29 31
29 32
30 17
30 18
30 19
30 20
30 21
30 22
30 23
30 24
30 25
30 26
30 27
30 28
30 29
30 30
30 31
30 32
31 17
31 18
31 19
31 20
31 21
0
Yes
15 44
14 44
15 43
15 45
16 44
14 43
14 45
16 43
16 45
13 44
15 42
17 44
13 43
13 45
14 42
16 42
17 43
0
Yes
24 0
24 1
24 2
24 3
24 4
25 0
25 1
25 2
25 3
25 4
26 0
26 1
26 2
26 3
26 4
27 0
27 1
27 2
27 3
27 4
28 0
28 1
28 2
28 3
28 4
0
No
0
Yes
18 6
18 7
18 8
18 9
18 10
18 11
18 12
18 13
18 14
18 15
18 16
18 17
18 18
18 19
19 6
19 7
19 8
19 9
19 10
19 11
19 12
19 13
19 14
19 15
19 16
19 17
19 18
19 19
20 6
20 7
20 8
20 9
20 10
20 11
20 12
20 13
20 14
20 15
20 16
20 17
20 18
20 19
21 6
21 7
21 8
21 9
21 10
21 11
21 12
21 13
21 14
21 15
21 16
21 17
21 18
21 19
22 6
22 7
22 8
22 9
22 10
22 11
22 12
22 13
22 14
22 15
22 16
22 17
22 18
22 19
23 6
23 7
23 8
23 9
23 10
23 11
23 12
23 13
23 14
23 15
23 16
23 17
23 18
23 19
24 6
24 7
24 8
24 9
24 10
24 11
0
Yes
0 13
0 14
0 15
0 16
0 17
0 18
1 13
1 14
1 15
1 16
1 17
1 18
2 13
2 14
2 15
2 16
2 17
2 18
3 13
3 14
3 15
3 16
3 17
3 18
4 13
4 14
4 15
0
Yes
31 27
31 28
31 29
31 30
31 31
31 32
31 33
31 34
31 35
32 27
32 28
32 29
32 30
32 31
32 32
32 33
32 34
32 35
33 27
33 28
33 29
33 30
33 31
33 32
33 33
33 34
33 35
34 27
34 28
34 29
34 30
34 31
34 32
34 33
34 34
34 35
35 27
35 28
35 29
35 30
35 31
35 32
35 33
35 34
35 35
36 27
36 28
36 29
36 30
36 31
36 32
36 33
36 34
36 35
37 27
37 28
37 29
37 30
37 31
37 32
37 33
37 34
37 35
38 27
38 28
38 29
38 30
0
Yes
22 33
22 34
22 35
22 36
23 33
23 34
23 35
23 36
24 33
24 34
24 35
24 36
25 33
25 34
25 35
25 36
0
No
0
Yes
7 34
7 35
7 36
7 37
7 38
7 39
7 40
7 41
8 34
8 35
8 36
8 37
8 38
8 39
8 40
8 41
9 34
9 35
9 36
9 37
9 38
9 39
9 40
9 41
10 34
10 35
10 36
10 37
10 38
10 39
10 40
10 41
11 34
11 35
11 36
11 37
11 38
11 39
11 40
11 41
12 34
12 35
12 36
12 37
12 38
12 39
12 40
12 41
13 34
13 35
13 36
13 37
13 38
13 39
13 40
13 41
14 34
14 35
14 36
14 37
14 38
14 39
14 40
14 41
15 34
15 35
15 36
15 37
15 38
15 39
15 40
15 41
16 34
16 35
16 36
16 37
16 38
16 39
16 40
16 41
17 34
17 35
17 36
17 37
17 38
17 39
17 40
17 41
18 34
18 35
18 36
18 37
18 38
18 39
18 40
18 41
19 34
19 35
19 36
19 37
19 38
19 39
19 40
19 41
20 34
20 35
20 36
20 37
20 38
20 39
20 40
20 41
21 34
21 35
21 36
21 37
0
No
0
No
0
No
0
Yes
19 14
20 14
19 13
19 15
20 13
20 15
18 14
21 14
18 13
18 15
21 13
21 15
19 12
19 16
20 12
20 16
17 14
18 12
18 16
21 12
21 16
22 14
17 13
22 13
22 15
19 11
19 17
20 11
20 17
17 12
17 16
22 12
22 16
18 11
18 17
21 11
21 17
16 14
23 14
16 13
23 13
23 15
17 11
17 17
22 11
22 17
16 12
19 10
19 18
20 10
20 18
23 12
23 16
18 10
18 18
21 10
21 18
15 14
15 13
15 15
16 11
16 17
23 11
23 17
17 10
17 18
22 10
22 18
15 12
19 9
19 19
20 9
20 19
18 9
18 19
21 9
21 19
16 10
16 18
23 10
23 18
15 11
17 9
17 19
22 9
22 19
15 10
19 8
19 20
20 8
20 20
16 9
16 19
23 9
23 19
18 8
18 20
21 8
21 20
17 8
17 20
22 8
22 20
15 9
15 19
16 8
16 20
23 8
23 20
19 7
19 21
20 7
20 21
18 7
18 21
21 7
21 21
17 7
17 21
22 7
22 21
15 8
15 20
16 7
16 21
23 7
23 21
19 6
20 6
18 6
21 6
15 21
17 6
22 6
23 6
0
Yes
0 46
0 47
0 48
0 49
1 46
1 47
1 48
1 49
2 46
2 47
2 48
2 49
3 46
3 47
3 48
3 49
4 46
4 47
4 48
4 49
5 46
5 47
5 48
5 49
0
Yes
0 39
0 40
0 41
0 42
0 43
0 44
0 45
1 39
1 40
1 41
1 42
1 43
1 44
1 45
2 39
2 40
2 41
2 42
2 43
2 44
2 45
3 39
3 40
3 41
3 42
3 43
3 44
0
Yes
11 22
11 23
11 24
12 22
12 23
12 24
13 22
13 23
13 24
14 22
14 23
14 24
15 22
15 23
15 24
0
Yes
45 40
45 41
44 40
44 41
46 40
46 41
45 39
45 42
44 39
44 42
46 39
46 42
43 40
43 41
47 40
47 41
43 39
43 42
45 38
45 43
47 39
47 42
44 38
44 43
46 38
46 43
42 40
42 41
48 40
48 41
43 38
43 43
47 38
47 43
42 39
42 42
48 39
48 42
45 37
45 44
44 37
44 44
46 37
46 44
42 38
42 43
48 38
48 43
41 40
41 41
43 37
47 37
47 44
49 40
49 41
41 39
41 42
49 39
49 42
45 36
45 45
42 37
42 44
44 36
44 45
46 36
46 45
48 37
48 44
41 38
41 43
49 38
49 43
43 36
43 45
47 36
47 45
40 40
40 41
40 39
40 42
41 37
41 44
49 37
49 44
42 36
42 45
48 36
48 45
45 35
40 38
40 43
44 35
46 35
43 35
47 35
41 36
41 45
49 36
49 45
40 37
40 44
48 35
40 36
40 45
0
Yes
0 25
0 26
0 27
0 28
0 29
0 30
0 31
0 32
0 33
0 34
1 25
1 26
1 27
1 28
1 29
1 30
1 31
1 32
1 33
1 34
2 25
2 26
2 27
2 28
2 29
2 30
2 31
2 32
2 33
2 34
3 25
3 26
3 27
3 28
3 29
3 30
3 31
3 32
3 33
3 34
4 25
4 26
4 27
4 28
4 29
4 30
4 31
4 32
4 33
4 34
5 25
5 26
5 27
5 28
5 29
5 30
5 31
5 32
5 33
5 34
6 25
6 26
6 27
6 28
6 29
6 30
6 31
6 32
6 33
6 34
7 25
7 26
7 27
7 28
7 29
7 30
7 31
7 32
0
Yes
20 43
20 44
20 45
20 46
20 47
20 48
20 49
21 43
21 44
21 45
21 46
21 47
21 48
21 49
22 43
22 44
22 45
22 46
22 47
22 48
22 49
23 43
23 44
23 45
23 46
23 47
23 48
23 49
24 43
24 44
24 45
24 46
24 47
24 48
24 49
25 43
25 44
25 45
25 46
25 47
25 48
25 49
26 43
26 44
26 45
26 46
26 47
26 48
26 49
27 43
0
Yes
42 30
42 31
42 32
42 33
42 34
43 30
43 31
43 32
43 33
43 34
44 30
44 31
44 32
44 33
44 34
45 30
45 31
45 32
45 33
45 34
46 30
46 31
46 32
46 33
46 34
47 30
47 31
47 32
47 33
0
Yes
19 25
19 26
19 27
19 28
20 25
20 26
20 27
20 28
21 25
21 26
21 27
21 28
22 25
22 26
0
Yes
24 39
24 40
25 39
25 40
23 39
23 40
24 38
24 41
25 38
25 41
26 39
26 40
23 38
23 41
26 38
26 41
22 39
22 40
24 37
25 37
27 39
27 40
22 38
22 41
26 37
27 38
21 39
21 40
27 37
21 38
21 41
0
No
0
Yes
44 7
45 7
44 6
45 6
45 8
43 7
46 7
43 6
43 8
46 6
46 8
44 5
45 5
45 9
44 9
42 7
43 5
43 9
46 5
46 9
47 7
42 6
42 8
47 6
47 8
44 4
44 10
45 4
45 10
42 5
42 9
47 5
47 9
43 4
43 10
46 4
46 10
41 7
48 7
41 6
41 8
48 6
48 8
42 4
42 10
47 4
47 10
41 5
41 9
44 3
44 11
45 3
45 11
48 5
48 9
43 3
43 11
46 3
46 11
40 7
49 7
40 6
40 8
41 4
41 10
48 4
48 10
49 6
49 8
42 3
42 11
47 3
47 11
40 5
40 9
49 5
49 9
44 2
44 12
45 2
45 12
43 2
43 12
46 2
46 12
41 3
41 11
48 3
48 11
40 4
40 10
49 4
49 10
42 2
42 12
47 2
47 12
40 3
40 11
44 1
44 13
45 1
45 13
49 3
49 11
41 2
41 12
48 2
48 12
43 1
43 13
46 1
46 13
39 10
42 1
42 13
47 1
47 13
40 2
40 12
49 2
49 12
39 11
41 1
41 13
48 1
48 13
44 0
45 0
43 0
46 0
39 12
42 0
47 0
40 1
40 13
49 1
49 13
41 0
48 0
39 1
39 13
40 0
0
Yes
43 20
44 20
43 21
44 19
44 21
42 20
45 20
42 19
42 21
45 19
45 21
43 22
44 18
43 18
44 22
41 20
42 18
42 22
45 18
46 20
41 19
41 21
46 19
46 21
43 17
43 23
44 17
44 23
41 18
41 22
46 18
46 22
42 17
42 23
45 17
45 23
40 20
47 20
40 19
40 21
47 19
47 21
41 17
41 23
46 17
46 23
40 18
40 22
43 16
43 24
44 16
44 24
47 18
47 22
42 16
42 24
45 16
45 24
39 20
48 20
39 19
39 21
40 17
40 23
47 17
47 23
48 19
48 21
41 16
41 24
46 16
46 24
39 18
39 22
48 18
48 22
43 15
43 25
44 15
44 25
42 15
42 25
45 15
45 25
40 16
40 24
47 16
47 24
39 17
39 23
48 17
48 23
38 20
49 20
38 19
38 21
41 15
41 25
46 15
46 25
49 19
49 21
38 18
38 22
49 18
49 22
39 16
39 24
43 14
44 14
48 16
48 24
40 15
40 25
47 15
47 25
42 14
45 14
38 17
38 23
49 17
49 23
37 20
41 14
46 14
37 21
39 15
39 25
48 15
48 25
37 18
37 22
38 16
38 24
49 16
49 24
40 14
47 14
37 17
37 23
38 25
49 15
49 25
39 14
48 14
37 16
37 24
49 14
0
No
0
Yes
0 6
0 7
0 8
0 9
0 10
0 11
0 12
1 6
1 7
1 8
1 9
1 10
1 11
1 12
2 6
2 7
2 8
2 9
2 10
2 11
2 12
3 6
3 7
3 8
3 9
3 10
3 11
3 12
4 6
4 7
4 8
4 9
4 10
4 11
4 12
5 6
5 7
5 8
5 9
5 10
5 11
5 12
6 6
6 7
6 8
6 9
6 10
6 11
6 12
7 6
7 7
7 8
7 9
7 10
7 11
7 12
8 6
8 7
8 8
8 9
8 10
8 11
8 12
0
Yes
0 2
0 3
0 4
1 2
1 3
1 4
0
No
0
Yes
44 9
44 10
43 9
43 10
45 9
45 10
44 11
43 8
43 11
45 8
45 11
42 9
42 10
46 9
46 10
42 8
42 11
44 12
46 8
46 11
43 7
44 7
43 12
45 7
45 12
41 9
41 10
47 9
47 10
42 7
42 12
46 7
46 12
41 8
41 11
47 8
47 11
44 6
44 13
43 6
43 13
45 6
45 13
41 7
41 12
47 7
47 12
40 9
40 10
42 6
42 13
46 6
46 13
48 9
48 10
40 8
40 11
48 8
48 11
44 5
41 6
41 13
43 5
45 5
47 6
47 13
40 7
40 12
48 7
48 12
42 5
46 5
39 10
49 9
49 10
39 11
49 8
49 11
40 6
40 13
48 6
48 13
41 5
47 5
39 12
49 7
49 12
40 5
48 5
39 13
49 6
49 13
0
Yes
16 11
17 11
16 10
16 12
17 10
17 12
15 11
18 11
15 10
15 12
18 10
18 12
16 9
16 13
17 9
17 13
14 11
15 9
15 13
18 9
18 13
19 11
14 10
14 12
19 10
19 12
16 8
16 14
17 8
17 14
14 9
14 13
19 9
19 13
15 8
15 14
18 8
18 14
13 11
20 11
13 10
13 12
20 10
20 12
14 8
14 14
19 8
19 14
13 9
13 13
16 7
17 7
20 9
20 13
15 15
18 7
18 15
12 11
21 11
12 10
12 12
13 8
13 14
20 8
20 14
21 10
21 12
14 7
14 15
19 7
19 15
12 9
12 13
21 9
21 13
17 6
18 6
13 7
13 15
20 7
20 15
12 8
12 14
21 8
21 14
11 11
22 11
11 10
11 12
19 6
22 10
22 12
11 9
11 13
22 9
22 13
12 7
12 15
21 7
21 15
20 6
11 8
11 14
22 8
22 14
10 11
23 11
10 10
10 12
23 10
23 12
12 6
21 6
10 9
10 13
11 7
22 7
22 15
23 9
23 13
10 8
23 8
23 14
11 6
22 6
9 11
9 10
9 12
10 7
23 7
23 15
9 9
9 13
9 8
0
Yes
19 22
18 22
18 21
19 21
18 23
20 21
19 20
18 20
20 20
17 21
17 22
17 23
17 20
17 24
18 24
19 24
21 20
21 21
21 22
16 22
16 21
16 23
16 20
16 24
19 25
18 25
17 25
16 25
22 22
22 21
22 20
18 19
19 19
20 19
17 19
21 19
16 19
22 19
20 25
20 24
22 23
19 18
18 18
20 18
17 18
21 18
16 18
22 18
15 21
15 22
15 23
15 20
15 24
15 19
15 25
18 26
19 26
17 26
16 26
20 26
15 26
23 21
23 22
23 20
23 19
23 23
23 18
21 26
21 25
22 25
22 26
14 22
14 21
14 23
14 20
14 24
14 25
14 19
14 26
19 27
18 27
20 27
17 27
21 27
16 27
15 27
14 27
18 17
19 17
20 17
17 17
21 17
22 17
16 17
23 17
23 26
23 25
19 16
18 16
20 16
17 16
21 16
22 16
23 16
13 21
13 22
13 23
13 20
13 24
13 25
13 26
13 19
13 27
18 28
19 28
20 28
17 28
16 28
15 28
14 28
21 28
13 28
14 18
13 18
23 27
12 22
12 21
12 23
12 20
12 24
12 19
12 18
19 29
18 29
17 29
16 29
0
No
0
No
0
Yes
28 24
28 25
27 24
27 25
29 24
29 25
28 23
28 26
27 23
27 26
29 23
29 26
26 24
26 25
30 24
30 25
26 23
26 26
28 22
28 27
30 23
30 26
27 22
27 27
29 22
29 27
25 24
25 25
31 24
31 25
26 22
26 27
30 22
30 27
25 23
25 26
31 26
28 21
28 28
27 21
27 28
29 21
29 28
25 22
25 27
31 22
24 24
24 25
26 21
26 28
30 21
30 28
24 23
24 26
28 20
28 29
25 21
25 28
27 20
27 29
29 20
29 29
31 21
24 22
24 27
26 20
26 29
30 20
30 29
24 21
24 28
25 20
25 29
31 20
28 19
28 30
27 19
27 30
29 19
29 30
26 19
26 30
30 19
30 30
24 20
24 29
25 19
25 30
31 19
28 18
28 31
27 18
27 31
29 18
29 31
24 19
24 30
26 18
26 31
30 18
30 31
25 18
25 31
31 18
28 17
28 32
27 17
27 32
29 17
29 32
24 18
24 31
26 17
26 32
30 17
30 32
25 17
25 32
31 17
24 17
24 32
28 16
27 16
29 16
26 16
30 16
25 16
31 16
0
Yes
17 0
17 1
17 2
17 3
17 4
17 5
17 6
18 0
18 1
18 2
18 3
18 4
18 5
18 6
19 0
19 1
19 2
19 3
19 4
19 5
19 6
20 0
20 1
20 2
20 3
20 4
20 5
20 6
21 0
21 1
21 2
21 3
21 4
21 5
21 6
22 0
22 1
22 2
22 3
22 4
22 5
22 6
23 0
23 1
23 2
23 3
23 4
23 5
23 6
24 0
24 1
24 2
24 3
24 4
24 5
24 6
25 0
25 1
25 2
25 3
25 4
25 5
25 6
26 0
26 1
26 2
26 3
26 4
26 5
26 6
0
Yes
26 27
27 27
26 26
26 28
27 26
27 28
25 27
28 27
25 26
25 28
28 26
28 28
26 25
26 29
27 25
27 29
24 27
25 25
25 29
28 25
28 29
29 27
24 26
24 28
29 26
29 28
26 24
26 30
27 24
27 30
24 25
24 29
29 25
29 29
25 24
25 30
28 24
28 30
30 27
23 28
30 26
30 28
24 24
24 30
29 24
29 30
23 29
26 23
26 31
27 23
27 31
30 25
30 29
25 23
25 31
28 23
28 31
23 30
30 24
30 30
24 23
24 31
29 23
29 31
22 29
26 22
26 32
27 22
27 32
25 22
25 32
28 22
28 32
23 31
30 23
30 31
22 30
24 22
24 32
29 22
29 32
22 31
26 21
27 21
23 32
30 22
30 32
25 21
28 21
24 21
29 21
22 32
0
Yes
17 11
17 12
16 11
16 12
18 11
18 12
17 10
17 13
16 10
16 13
18 10
18 13
15 11
15 12
19 11
19 12
15 10
15 13
17 9
17 14
19 10
19 13
16 9
16 14
18 9
18 14
14 11
14 12
20 11
20 12
15 9
15 14
19 9
19 14
14 10
14 13
20 10
20 13
17 8
16 8
18 8
18 15
14 9
14 14
20 9
20 14
13 11
13 12
15 8
15 15
19 8
19 15
21 11
21 12
13 10
13 13
21 10
21 13
17 7
14 8
14 15
16 7
18 7
20 8
20 15
13 9
13 14
21 9
21 14
19 7
12 11
12 12
22 11
22 12
12 10
12 13
22 10
22 13
13 8
13 15
21 8
21 15
14 7
20 7
12 9
12 14
22 9
22 14
11 11
11 12
13 7
21 7
23 11
23 12
12 8
12 15
22 8
22 15
11 10
11 13
23 10
23 13
11 9
11 14
23 9
23 14
12 7
22 7
11 8
23 8
23 15
10 11
10 12
10 10
10 13
10 9
11 7
23 7
0
Yes
42 0
42 1
42 2
42 3
42 4
43 0
43 1
43 2
43 3
43 4
44 0
44 1
44 2
44 3
44 4
45 0
45 1
45 2
45 3
45 4
46 0
46 1
46 2
46 3
46 4
47 0
47 1
47 2
47 3
47 4
48 0
48 1
48 2
48 3
48 4
49 0
49 1
49 2
49 3
49 4
0
No
0
Yes
44 44
44 45
43 45
45 44
45 45
44 43
44 46
43 43
43 46
45 43
45 46
42 45
42 44
46 44
46 45
42 43
42 46
44 42
44 47
46 43
46 46
43 42
43 47
45 42
45 47
41 44
41 45
47 44
47 45
42 42
42 47
46 42
46 47
41 43
41 46
47 43
47 46
44 41
44 48
43 41
43 48
45 41
45 48
41 42
41 47
47 42
47 47
40 44
40 45
42 41
42 48
46 41
46 48
48 44
48 45
40 43
40 46
48 43
48 46
44 40
44 49
41 41
41 48
43 40
43 49
45 40
45 49
47 41
47 48
40 42
40 47
48 42
48 47
42 40
42 49
46 40
46 49
39 44
39 45
49 44
49 45
39 43
39 46
49 43
49 46
40 41
40 48
48 41
48 48
41 40
41 49
47 40
47 49
44 39
39 42
39 47
43 39
45 39
49 42
49 47
42 39
46 39
38 44
38 45
40 40
40 49
48 40
48 49
39 41
39 48
49 41
49 48
38 43
38 46
41 39
47 39
38 47
39 49
49 40
49 49
40 39
48 39
38 48
0
No
0
No
0
Yes
44 11
45 11
44 10
44 12
45 10
45 12
43 11
46 11
43 10
43 12
46 10
46 12
44 9
44 13
45 9
45 13
42 11
43 9
43 13
46 9
46 13
47 11
42 10
42 12
47 10
47 12
44 14
45 8
45 14
42 9
42 13
47 9
47 13
43 8
43 14
46 8
46 14
41 11
48 11
41 10
41 12
48 10
48 12
42 8
42 14
47 8
47 14
41 9
41 13
44 15
45 7
44 7
45 15
48 9
48 13
43 7
43 15
46 7
46 15
40 11
49 11
40 10
40 12
41 8
41 14
48 8
48 14
49 10
49 12
42 7
42 15
47 7
47 15
40 9
40 13
49 9
49 13
44 6
44 16
45 6
45 16
43 6
43 16
46 6
46 16
41 7
41 15
48 7
48 15
40 8
40 14
49 8
49 14
39 11
39 10
39 12
42 6
42 16
47 6
47 16
39 13
40 7
40 15
44 5
45 5
49 7
49 15
41 6
41 16
48 6
48 16
43 5
46 5
39 14
42 5
47 5
40 6
40 16
49 6
49 16
39 15
41 5
48 5
39 16
40 5
49 5
0
Yes
16 7
16 8
16 9
16 10
16 11
16 12
16 13
16 14
17 7
17 8
17 9
17 10
17 11
17 12
17 13
17 14
18 7
18 8
18 9
18 10
18 11
18 12
18 13
18 14
19 7
19 8
19 9
19 10
19 11
19 12
19 13
19 14
20 7
20 8
20 9
20 10
20 11
20 12
20 13
20 14
21 7
21 8
21 9
21 10
21 11
21 12
21 13
21 14
22 7
22 8
22 9
22 10
22 11
22 12
22 13
22 14
23 7
23 8
23 9
23 10
23 11
23 12
23 13
23 14
24 7
24 8
24 9
24 10
24 11
0
Yes
0 14
0 15
0 16
0 17
0 18
0 19
0 20
0 21
1 14
1 15
1 16
1 17
1 18
1 19
1 20
1 21
2 14
2 15
2 16
2 17
2 18
2 19
2 20
2 21
3 14
3 15
3 16
3 17
3 18
3 19
3 20
3 21
4 14
4 15
4 16
4 17
4 18
4 19
4 20
4 21
5 14
5 15
5 16
5 17
5 18
5 19
5 20
5 21
6 14
6 15
6 16
6 17
6 18
6 19
6 20
6 21
0
Yes
46 24
46 25
45 24
45 25
47 24
47 25
46 23
46 26
45 23
45 26
47 23
47 26
44 24
44 25
48 24
48 25
44 23
44 26
46 22
46 27
48 23
48 26
45 27
47 22
47 27
43 24
43 25
49 24
49 25
44 22
44 27
48 22
48 27
43 23
43 26
49 23
49 26
46 21
46 28
45 21
45 28
47 21
47 28
43 22
43 27
49 22
49 27
42 24
42 25
44 21
44 28
48 21
48 28
42 23
42 26
46 20
46 29
43 21
43 28
45 20
45 29
47 20
47 29
49 21
49 28
42 22
42 27
44 20
44 29
48 20
48 29
42 21
43 20
49 20
49 29
46 19
45 19
47 19
44 19
48 19
42 20
49 19
0
Yes
1 2
1 1
1 3
2 1
0 2
0 1
0 3
1 0
2 0
0 0
0
Yes
8 0
8 1
8 2
9 0
9 1
9 2
10 0
10 1
10 2
11 0
11 1
0
No
0
Yes
31 27
31 28
31 29
31 30
31 31
31 32
31 33
31 34
31 35
32 27
32 28
32 29
32 30
32 31
32 32
32 33
32 34
32 35
33 27
33 28
33 29
33 30
33 31
33 32
33 33
33 34
33 35
34 27
34 28
34 29
34 30
34 31
34 32
34 33
34 34
34 35
35 27
35 28
35 29
35 30
35 31
35 32
35 33
35 34
35 35
36 27
36 28
36 29
36 30
36 31
36 32
36 33
36 34
36 35
37 27
37 28
37 29
37 30
37 31
37 32
37 33
37 34
37 35
0
Yes
21 38
21 39
21 40
21 41
22 38
22 39
22 40
22 41
23 38
23 39
23 40
23 41
24 38
24 39
24 40
24 41
25 38
25 39
25 40
0
No
0
Yes
6 42
6 43
6 44
6 45
6 46
6 47
6 48
6 49
7 42
7 43
7 44
7 45
7 46
7 47
7 48
7 49
8 42
8 43
8 44
8 45
8 46
8 47
8 48
8 49
9 42
9 43
9 44
9 45
9 46
9 47
9 48
9 49
10 42
10 43
10 44
10 45
10 46
10 47
10 48
10 49
11 42
11 43
11 44
11 45
11 46
11 47
11 48
11 49
12 42
12 43
12 44
12 45
12 46
12 47
0
Yes
0 5
0 6
0 7
0 8
0 9
0 10
0 11
0 12
0 13
1 5
1 6
1 7
1 8
1 9
1 10
1 11
1 12
1 13
2 5
2 6
2 7
2 8
2 9
2 10
2 11
2 12
2 13
3 5
3 6
3 7
3 8
3 9
3 10
3 11
3 12
3 13
4 5
4 6
4 7
4 8
4 9
4 10
4 11
4 12
4 13
5 5
5 6
5 7
5 8
5 9
5 10
5 11
5 12
0
No
0
Yes
43 13
43 14
43 15
43 16
43 17
43 18
44 13
44 14
44 15
44 16
44 17
44 18
45 13
45 14
45 15
45 16
45 17
45 18
46 13
46 14
46 15
46 16
46 17
46 18
47 13
47 14
47 15
47 16
47 17
47 18
48 13
48 14
48 15
48 16
48 17
48 18
49 13
49 14
49 15
49 16
49 17
0
Yes
12 32
12 33
12 34
12 35
12 36
12 37
12 38
12 39
12 40
12 41
13 32
13 33
13 34
13 35
13 36
13 37
13 38
13 39
13 40
13 41
14 32
14 33
14 34
14 35
14 36
14 37
14 38
14 39
14 40
14 41
15 32
15 33
15 34
15 35
15 36
15 37
15 38
15 39
15 40
15 41
16 32
16 33
16 34
16 35
16 36
16 37
16 38
16 39
16 40
16 41
17 32
17 33
17 34
17 35
17 36
17 37
17 38
17 39
17 40
17 41
18 32
18 33
18 34
18 35
18 36
18 37
18 38
18 39
18 40
18 41
19 32
19 33
19 34
19 35
19 36
19 37
19 38
19 39
19 40
19 41
20 32
20 33
20 34
20 35
20 36
20 37
20 38
20 39
20 40
0
Yes
0 22
0 23
0 24
1 22
1 23
1 24
2 22
2 23
2 24
0
Yes
12 0
12 1
12 2
12 3
12 4
12 5
13 0
13 1
13 2
13 3
13 4
13 5
14 0
14 1
14 2
14 3
14 4
14 5
0
Yes
20 43
20 44
20 45
20 46
20 47
20 48
20 49
21 43
21 44
21 45
21 46
21 47
21 48
21 49
22 43
22 44
22 45
22 46
22 47
22 48
22 49
23 43
23 44
23 45
23 46
23 47
23 48
23 49
24 43
24 44
24 45
24 46
24 47
24 48
24 49
25 43
25 44
25 45
25 46
25 47
25 48
25 49
26 43
26 44
26 45
26 46
0
No
0
No
0
Yes
2 34
2 35
2 36
2 37
2 38
2 39
2 40
2 41
2 42
2 43
2 44
2 45
3 34
3 35
3 36
3 37
3 38
3 39
3 40
3 41
3 42
3 43
3 44
3 45
4 34
4 35
4 36
4 37
4 38
4 39
4 40
4 41
4 42
4 43
4 44
4 45
5 34
5 35
5 36
5 37
5 38
5 39
5 40
5 41
5 42
5 43
5 44
5 45
6 34
6 35
6 36
6 37
6 38
6 39
6 40
6 41
6 42
6 43
6 44
6 45
7 34
7 35
7 36
7 37
7 38
7 39
7 40
7 41
7 42
7 43
7 44
7 45
8 34
8 35
8 36
8 37
8 38
8 39
8 40
8 41
8 42
8 43
8 44
8 45
9 34
9 35
9 36
9 37
9 38
9 39
9 40
9 41
9 42
9 43
9 44
9 45
10 34
10 35
10 36
10 37
10 38
10 39
10 40
10 41
10 42
10 43
10 44
10 45
11 34
11 35
11 36
11 37
11 38
11 39
0
Yes
29 0
29 1
29 2
29 3
29 4
29 5
29 6
29 7
29 8
29 9
29 10
29 11
29 12
29 13
29 14
29 15
30 0
30 1
30 2
30 3
30 4
30 5
30 6
30 7
30 8
30 9
30 10
30 11
30 12
30 13
30 14
30 15
31 0
31 1
31 2
31 3
31 4
31 5
31 6
31 7
31 8
31 9
31 10
31 11
31 12
31 13
31 14
31 15
32 0
32 1
32 2
32 3
32 4
32 5
32 6
32 7
32 8
32 9
32 10
32 11
32 12
32 13
32 14
32 15
33 0
33 1
33 2
33 3
33 4
33 5
33 6
33 7
33 8
33 9
33 10
33 11
33 12
33 13
33 14
33 15
34 0
34 1
34 2
34 3
34 4
34 5
34 6
34 7
34 8
34 9
34 10
34 11
34 12
34 13
34 14
34 15
35 0
35 1
35 2
35 3
35 4
35 5
35 6
35 7
35 8
35 9
35 10
35 11
35 12
35 13
35 14
35 15
36 0
36 1
36 2
36 3
36 4
36 5
36 6
36 7
36 8
36 9
36 10
36 11
36 12
36 13
36 14
36 15
37 0
37 1
37 2
37 3
37 4
37 5
37 6
37 7
37 8
0
Yes
45 42
45 43
44 42
44 43
46 42
46 43
45 41
45 44
44 41
44 44
46 41
46 44
43 42
43 43
47 42
47 43
43 41
45 40
45 45
47 41
47 44
44 40
44 45
46 40
46 45
42 42
42 43
48 42
48 43
43 40
43 45
47 40
47 45
42 41
42 44
48 41
48 44
45 39
45 46
44 39
44 46
46 39
46 46
42 40
42 45
48 40
48 45
41 42
41 43
43 39
43 46
47 39
47 46
49 42
49 43
41 41
41 44
49 41
49 44
45 38
45 47
42 39
42 46
44 38
44 47
46 38
46 47
48 39
48 46
41 40
41 45
49 40
49 45
43 38
43 47
47 38
47 47
40 42
40 43
40 41
40 44
41 39
41 46
49 39
49 46
42 38
42 47
48 38
48 47
45 37
45 48
40 40
40 45
44 37
44 48
46 37
46 48
43 37
43 48
47 37
47 48
41 38
41 47
49 38
49 47
40 39
40 46
42 37
42 48
48 37
48 48
45 36
45 49
44 36
44 49
46 36
46 49
40 38
40 47
41 37
41 48
43 36
43 49
47 36
47 49
49 37
49 48
42 36
42 49
48 36
48 49
40 37
40 48
45 35
44 35
46 35
41 36
41 49
49 36
49 49
43 35
47 35
0
Yes
45 0
45 1
45 2
45 3
45 4
45 5
45 6
45 7
45 8
46 0
46 1
46 2
46 3
46 4
46 5
46 6
46 7
46 8
47 0
47 1
47 2
47 3
47 4
47 5
47 6
47 7
47 8
48 0
48 1
48 2
48 3
48 4
48 5
48 6
48 7
48 8
49 0
49 1
49 2
49 3
49 4
49 5
49 6
49 7
0
Yes
0 24
0 25
0 26
0 27
0 28
0 29
0 30
0 31
0 32
0 33
1 24
1 25
1 26
1 27
1 28
1 29
1 30
1 31
1 32
1 33
2 24
2 25
2 26
2 27
2 28
2 29
2 30
2 31
2 32
2 33
3 24
3 25
3 26
3 27
3 28
3 29
3 30
3 31
3 32
3 33
4 24
4 25
4 26
4 27
4 28
4 29
4 30
4 31
4 32
4 33
5 24
5 25
5 26
5 27
5 28
5 29
5 30
5 31
5 32
5 33
6 24
6 25
6 26
6 27
6 28
6 29
6 30
6 31
6 32
6 33
7 24
7 25
7 26
0
Yes
0 15
0 16
0 17
0 18
0 19
0 20
0 21
0 22
0 23
1 15
1 16
1 17
1 18
1 19
1 20
1 21
1 22
1 23
2 15
2 16
2 17
2 18
2 19
2 20
2 21
2 22
2 23
3 15
3 16
3 17
3 18
3 19
3 20
3 21
3 22
3 23
4 15
4 16
4 17
4 18
4 19
4 20
4 21
4 22
4 23
5 15
5 16
5 17
5 18
5 19
5 20
5 21
5 22
5 23
6 15
6 16
6 17
6 18
0
No
0
No
0
Yes
37 9
37 10
37 11
37 12
37 13
37 14
37 15
37 16
37 17
37 18
38 9
38 10
38 11
38 12
38 13
38 14
38 15
38 16
38 17
38 18
39 9
39 10
39 11
39 12
39 13
39 14
39 15
39 16
39 17
39 18
40 9
40 10
40 11
40 12
40 13
40 14
40 15
40 16
40 17
40 18
41 9
41 10
41 11
41 12
41 13
41 14
41 15
41 16
41 17
41 18
42 9
42 10
42 11
42 12
42 13
42 14
42 15
42 16
42 17
42 18
43 9
43 10
43 11
43 12
43 13
43 14
43 15
43 16
43 17
43 18
44 9
44 10
44 11
44 12
44 13
44 14
44 15
44 16
44 17
44 18
45 9
45 10
45 11
45 12
45 13
45 14
45 15
45 16
45 17
45 18
46 9
46 10
46 11
46 12
46 13
46 14
46 15
46 16
46 17
46 18
47 9
47 10
47 11
47 12
47 13
47 14
47 15
47 16
47 17
47 18
48 9
48 10
48 11
48 12
48 13
48 14
48 15
48 16
48 17
48 18
49 9
49 10
49 11
49 12
49 13
49 14
49 15
49 16
0
Yes
0 5
0 6
0 7
0 8
0 9
0 10
0 11
0 12
1 5
1 6
1 7
1 8
1 9
1 10
1 11
1 12
2 5
2 6
2 7
2 8
2 9
2 10
2 11
2 12
3 5
3 6
3 7
3 8
3 9
3 10
3 11
3 12
4 5
4 6
4 7
4 8
4 9
4 10
4 11
4 12
5 5
5 6
5 7
5 8
5 9
5 10
5 11
5 12
6 5
6 6
6 7
6 8
6 9
6 10
6 11
6 12
7 5
7 6
7 7
7 8
7 9
7 10
7 11
7 12
8 5
8 6
8 7
8 8
8 9
8 10
8 11
8 12
9 5
9 6
9 7
9 8
9 9
9 10
9 11
9 12
10 5
10 6
10 7
10 8
0
No
0
Yes
0 24
0 25
0 26
0 27
0 28
0 29
0 30
0 31
0 32
0 33
1 24
1 25
1 26
1 27
1 28
1 29
1 30
1 31
1 32
1 33
2 24
2 25
2 26
2 27
2 28
2 29
2 30
2 31
2 32
2 33
3 24
3 25
3 26
3 27
3 28
3 29
3 30
3 31
3 32
3 33
4 24
4 25
4 26
4 27
4 28
4 29
4 30
4 31
4 32
4 33
5 24
5 25
5 26
5 27
5 28
5 29
5 30
5 31
5 32
5 33
6 24
6 25
6 26
6 27
6 28
6 29
6 30
6 31
6 32
6 33
7 24
7 25
7 26
7 27
7 28
7 29
0
Yes
6 46
6 47
6 48
6 49
7 46
7 47
7 48
7 49
8 46
8 47
8 48
8 49
9 46
9 47
9 48
9 49
10 46
10 47
10 48
10 49
11 46
11 47
0
Yes
41 0
41 1
41 2
41 3
41 4
41 5
41 6
41 7
42 0
42 1
42 2
42 3
42 4
42 5
42 6
42 7
43 0
43 1
43 2
43 3
43 4
43 5
43 6
43 7
44 0
44 1
44 2
44 3
44 4
44 5
44 6
44 7
45 0
45 1
45 2
45 3
45 4
45 5
45 6
45 7
46 0
46 1
46 2
46 3
46 4
46 5
46 6
46 7
47 0
47 1
47 2
47 3
47 4
47 5
47 6
47 7
48 0
48 1
48 2
48 3
48 4
48 5
48 6
48 7
49 0
49 1
49 2
49 3
49 4
49 5
49 6
49 7
0
Yes
0 39
0 40
0 41
0 42
1 39
1 40
1 41
1 42
0
No
0
Yes
21 43
21 44
21 45
21 46
21 47
21 48
21 49
22 43
22 44
22 45
22 46
22 47
22 48
22 49
23 43
23 44
23 45
23 46
23 47
23 48
23 49
24 43
24 44
24 45
24 46
24 47
24 48
24 49
25 43
25 44
25 45
25 46
25 47
25 48
25 49
26 43
26 44
26 45
26 46
26 47
26 48
26 49
0
No
0
Yes
29 0
29 1
29 2
29 3
29 4
29 5
29 6
29 7
29 8
29 9
29 10
29 11
29 12
30 0
30 1
30 2
30 3
30 4
30 5
30 6
30 7
30 8
30 9
30 10
30 11
30 12
31 0
31 1
31 2
31 3
31 4
31 5
31 6
31 7
31 8
31 9
31 10
31 11
31 12
32 0
32 1
32 2
32 3
32 4
32 5
32 6
32 7
32 8
32 9
32 10
32 11
32 12
33 0
33 1
33 2
33 3
33 4
33 5
33 6
33 7
33 8
33 9
33 10
33 11
33 12
34 0
34 1
34 2
34 3
34 4
34 5
34 6
34 7
34 8
34 9
34 10
34 11
34 12
35 0
35 1
35 2
35 3
35 4
35 5
35 6
35 7
35 8
35 9
35 10
35 11
35 12
36 0
36 1
36 2
36 3
36 4
36 5
36 6
36 7
36 8
36 9
36 10
36 11
36 12
37 0
37 1
37 2
37 3
37 4
37 5
37 6
37 7
37 8
37 9
0
Yes
43 14
44 14
43 13
43 15
44 13
44 15
42 14
45 14
42 13
42 15
45 13
45 15
43 12
43 16
44 12
44 16
41 14
42 12
42 16
45 12
45 16
46 14
41 13
41 15
46 13
46 15
43 11
43 17
44 11
44 17
41 12
41 16
46 12
46 16
42 11
42 17
45 11
45 17
40 14
47 14
40 13
40 15
47 13
47 15
41 11
41 17
46 11
46 17
40 12
40 16
43 10
43 18
44 10
44 18
47 12
47 16
42 10
42 18
45 10
45 18
39 14
48 14
39 13
39 15
40 11
40 17
47 11
47 17
48 13
48 15
41 10
41 18
46 10
46 18
39 12
39 16
48 12
48 16
43 9
44 9
44 19
42 9
42 19
45 9
45 19
40 10
40 18
47 10
47 18
39 11
39 17
48 11
48 17
38 14
49 14
38 13
38 15
41 9
41 19
46 9
46 19
49 13
49 15
38 12
38 16
49 12
49 16
39 10
39 18
43 8
48 10
48 18
40 9
40 19
47 9
47 19
42 8
45 8
38 11
38 17
49 11
49 17
37 14
41 8
46 8
37 13
37 15
39 9
39 19
48 9
48 19
37 12
37 16
38 10
38 18
49 10
49 18
40 8
47 8
37 11
37 17
38 9
38 19
49 9
49 19
39 8
48 8
37 10
37 18
0
Yes
0 17
0 18
0 19
0 20
0 21
0 22
0 23
1 17
1 18
1 19
1 20
1 21
1 22
1 23
2 17
2 18
2 19
2 20
2 21
2 22
2 23
3 17
3 18
3 19
3 20
3 21
3 22
3 23
4 17
4 18
4 19
4 20
4 21
4 22
4 23
5 17
5 18
5 19
5 20
5 21
5 22
5 23
0
Yes
27 42
27 43
27 44
27 45
28 42
28 43
28 44
28 45
0
Yes
20 0
20 1
20 2
20 3
20 4
20 5
20 6
20 7
20 8
20 9
21 0
21 1
21 2
21 3
21 4
21 5
21 6
21 7
21 8
21 9
22 0
22 1
22 2
22 3
22 4
22 5
22 6
22 7
22 8
22 9
23 0
23 1
23 2
23 3
23 4
23 5
23 6
23 7
23 8
23 9
24 0
24 1
24 2
24 3
24 4
24 5
24 6
24 7
24 8
24 9
25 0
25 1
25 2
25 3
25 4
25 5
25 6
25 7
25 8
25 9
26 0
26 1
26 2
26 3
26 4
26 5
26 6
26 7
0
Yes
39 0
39 1
40 0
40 1
0
Yes
29 0
29 1
29 2
29 3
29 4
29 5
29 6
30 0
30 1
30 2
30 3
30 4
30 5
30 6
31 0
31 1
31 2
31 3
31 4
31 5
31 6
32 0
32 1
32 2
32 3
32 4
32 5
32 6
33 0
33 1
33 2
33 3
33 4
33 5
33 6
34 0
34 1
34 2
34 3
34 4
34 5
34 6
35 0
35 1
35 2
35 3
35 4
35 5
35 6
36 0
36 1
36 2
36 3
36 4
36 5
36 6
37 0
37 1
37 2
37 3
37 4
37 5
37 6
0
Yes
17 0
17 1
17 2
17 3
17 4
17 5
17 6
17 7
17 8
18 0
18 1
18 2
18 3
18 4
18 5
18 6
18 7
18 8
19 0
19 1
19 2
19 3
19 4
19 5
19 6
19 7
19 8
20 0
20 1
20 2
20 3
20 4
20 5
20 6
20 7
20 8
21 0
21 1
21 2
21 3
21 4
21 5
21 6
21 7
21 8
22 0
22 1
22 2
22 3
22 4
22 5
22 6
22 7
22 8
23 0
23 1
23 2
23 3
23 4
23 5
23 6
23 7
23 8
24 0
24 1
24 2
24 3
24 4
24 5
24 6
24 7
24 8
25 0
25 1
25 2
25 3
25 4
25 5
25 6
25 7
25 8
0
Yes
21 43
21 44
21 45
21 46
21 47
21 48
21 49
22 43
22 44
22 45
22 46
22 47
22 48
22 49
23 43
23 44
23 45
23 46
23 47
23 48
23 49
24 43
24 44
24 45
24 46
24 47
24 48
24 49
25 43
25 44
25 45
25 46
25 47
25 48
25 49
26 43
26 44
26 45
26 46
26 47
26 48
26 49
0
Yes
27 7
27 8
27 9
27 10
27 11
27 12
27 13
27 14
28 7
28 8
28 9
28 10
28 11
28 12
28 13
28 14
29 7
29 8
29 9
29 10
29 11
29 12
29 13
29 14
30 7
30 8
30 9
30 10
30 11
30 12
30 13
30 14
31 7
31 8
31 9
31 10
31 11
31 12
31 13
31 14
32 7
32 8
32 9
32 10
32 11
32 12
32 13
32 14
33 7
33 8
33 9
33 10
33 11
33 12
33 13
33 14
34 7
34 8
34 9
34 10
34 11
34 12
34 13
34 14
35 7
35 8
35 9
35 10
35 11
35 12
35 13
0
Yes
17 37
16 37
17 36
17 38
18 37
16 36
16 38
18 36
18 38
15 37
17 35
17 39
19 37
15 36
15 38
16 35
16 39
18 35
18 39
19 36
19 38
15 35
15 39
19 35
19 39
14 37
17 34
17 40
20 37
14 36
14 38
16 34
16 40
18 34
18 40
20 36
20 38
14 35
14 39
15 34
15 40
19 34
19 40
20 35
20 39
13 37
17 33
17 41
21 37
13 36
13 38
16 33
16 41
18 33
18 41
21 36
21 38
14 34
14 40
20 34
20 40
13 35
13 39
15 33
15 41
19 33
19 41
21 35
21 39
12 37
13 34
13 40
14 33
14 41
17 32
17 42
20 33
20 41
21 34
21 40
12 36
12 38
16 32
16 42
18 32
18 42
12 35
12 39
15 32
15 42
19 32
19 42
13 33
13 41
21 33
21 41
12 34
12 40
14 32
14 42
20 32
20 42
17 31
16 31
18 31
19 31
12 33
12 41
0
Yes
32 44
32 45
32 46
32 47
32 48
32 49
33 44
33 45
33 46
33 47
33 48
33 49
34 44
34 45
34 46
34 47
34 48
34 49
35 44
35 45
35 46
35 47
35 48
35 49
36 44
36 45
36 46
36 47
36 48
36 49
37 44
37 45
37 46
37 47
37 48
37 49
38 44
38 45
38 46
38 47
38 48
38 49
39 44
39 45
39 46
39 47
39 48
39 49
0
Yes
0 5
0 6
0 7
0 8
0 9
0 10
0 11
0 12
1 5
1 6
1 7
1 8
1 9
1 10
1 11
1 12
2 5
2 6
2 7
2 8
2 9
2 10
2 11
2 12
3 5
3 6
3 7
3 8
3 9
3 10
3 11
3 12
4 5
4 6
4 7
4 8
4 9
4 10
4 11
4 12
5 5
5 6
5 7
5 8
5 9
5 10
5 11
5 12
6 5
6 6
6 7
6 8
6 9
6 10
6 11
6 12
7 5
7 6
7 7
7 8
7 9
7 10
7 11
7 12
8 5
8 6
8 7
8 8
8 9
8 10
8 11
8 12
9 5
9 6
9 7
9 8
9 9
9 10
9 11
9 12
10 5
10 6
10 7
10 8
10 9
10 10
10 11
10 12
11 5
11 6
11 7
0
Yes
31 24
31 25
32 24
32 25
33 24
33 25
34 24
34 25
0
Yes
46 20
46 21
46 22
46 23
46 24
46 25
47 20
47 21
47 22
47 23
47 24
47 25
48 20
48 21
48 22
48 23
48 24
48 25
49 20
49 21
49 22
49 23
49 24
49 25
0
Yes
46 28
47 28
46 27
46 29
47 27
47 29
45 28
48 28
45 27
45 29
48 27
48 29
46 26
47 26
44 28
45 26
48 26
49 28
44 27
44 29
49 27
49 29
44 26
49 26
43 28
43 27
0
Yes
7 31
7 32
8 31
8 32
9 31
9 32
10 31
0
Yes
12 32
12 33
12 34
12 35
12 36
12 37
12 38
12 39
12 40
12 41
13 32
13 33
13 34
13 35
13 36
13 37
13 38
13 39
13 40
13 41
14 32
14 33
14 34
14 35
14 36
14 37
14 38
14 39
14 40
14 41
15 32
15 33
15 34
15 35
15 36
15 37
15 38
15 39
15 40
15 41
16 32
16 33
16 34
16 35
16 36
16 37
16 38
16 39
16 40
16 41
17 32
17 33
17 34
17 35
17 36
17 37
17 38
17 39
17 40
17 41
18 32
18 33
18 34
18 35
18 36
18 37
18 38
18 39
18 40
18 41
19 32
19 33
19 34
19 35
19 36
19 37
19 38
19 39
19 40
19 41
20 32
20 33
20 34
20 35
20 36
20 37
20 38
20 39
0
Yes
42 4
41 4
42 3
42 5
43 4
41 3
41 5
43 3
43 5
40 4
42 2
42 6
44 4
40 3
40 5
41 2
41 6
43 2
43 6
44 3
44 5
40 2
40 6
44 2
44 6
39 4
42 1
42 7
45 4
39 3
39 5
41 1
41 7
43 1
43 7
45 3
45 5
39 2
39 6
40 7
44 1
44 7
45 2
45 6
38 4
42 0
46 4
38 3
38 5
41 0
43 0
46 3
46 5
39 7
45 1
45 7
38 2
38 6
44 0
46 2
46 6
37 4
38 7
45 0
46 1
46 7
47 4
37 3
37 5
47 3
47 5
37 2
37 6
47 2
47 6
46 0
37 1
37 7
47 1
47 7
36 4
48 4
36 3
36 5
48 3
48 5
36 2
36 6
48 2
48 6
37 0
47 0
36 1
36 7
48 1
48 7
35 4
49 4
35 3
35 5
49 3
49 5
36 0
48 0
35 2
35 6
49 2
49 6
35 1
49 1
49 7
34 4
34 3
34 5
35 0
49 0
34 2
34 6
34 1
0
No
0
Yes
0 15
0 16
0 17
0 18
0 19
0 20
0 21
0 22
0 23
0 24
0 25
0 26
0 27
1 15
1 16
1 17
1 18
1 19
1 20
1 21
1 22
1 23
1 24
1 25
1 26
1 27
2 15
2 16
2 17
2 18
2 19
2 20
2 21
2 22
2 23
2 24
2 25
2 26
2 27
3 15
3 16
3 17
3 18
3 19
3 20
3 21
3 22
3 23
3 24
3 25
3 26
3 27
4 15
4 16
4 17
4 18
4 19
4 20
4 21
4 22
4 23
4 24
4 25
4 26
4 27
5 15
5 16
5 17
5 18
5 19
5 20
5 21
5 22
5 23
5 24
5 25
5 26
5 27
6 15
6 16
6 17
6 18
6 19
6 20
6 21
0
Yes
0 5
0 6
0 7
0 8
0 9
0 10
0 11
0 12
1 5
1 6
1 7
1 8
1 9
1 10
1 11
1 12
2 5
2 6
2 7
2 8
2 9
2 10
2 11
2 12
3 5
3 6
3 7
3 8
3 9
3 10
3 11
3 12
4 5
4 6
4 7
4 8
4 9
4 10
4 11
4 12
5 5
5 6
5 7
5 8
5 9
5 10
5 11
5 12
6 5
6 6
6 7
6 8
6 9
6 10
6 11
6 12
7 5
7 6
7 7
7 8
7 9
7 10
7 11
7 12
8 5
8 6
8 7
8 8
8 9
8 10
8 11
8 12
9 5
9 6
9 7
9 8
9 9
9 10
9 11
9 12
10 5
10 6
10 7
10 8
10 9
10 10
10 11
10 12
11 5
11 6
11 7
11 8
11 9
0
Yes
0 28
0 29
0 30
0 31
0 32
0 33
1 28
1 29
1 30
1 31
1 32
1 33
2 28
2 29
2 30
2 31
2 32
2 33
3 28
3 29
3 30
3 31
3 32
3 33
4 28
4 29
4 30
4 31
0
Yes
0 43
0 44
0 45
0 46
1 43
1 44
1 45
0
Yes
27 48
27 49
28 48
28 49
0
Yes
23 25
23 26
23 27
23 28
23 29
23 30
23 31
23 32
24 25
24 26
24 27
24 28
24 29
24 30
24 31
24 32
25 25
25 26
25 27
25 28
25 29
25 30
25 31
25 32
26 25
26 26
26 27
26 28
26 29
26 30
26 31
26 32
27 25
27 26
27 27
27 28
27 29
27 30
27 31
27 32
28 25
28 26
28 27
28 28
28 29
28 30
28 31
28 32
29 25
29 26
29 27
29 28
29 29
29 30
29 31
29 32
30 25
30 26
30 27
30 28
30 29
30 30
30 31
30 32
31 25
31 26
31 27
31 28
31 29
31 30
31 31
31 32
32 25
32 26
32 27
32 28
32 29
32 30
0
Yes
42 4
41 4
42 3
42 5
43 4
41 3
41 5
43 3
43 5
40 4
42 2
42 6
44 4
40 3
40 5
41 2
41 6
43 2
43 6
44 3
44 5
40 2
40 6
44 2
44 6
39 4
42 1
42 7
45 4
39 3
39 5
41 1
41 7
43 1
43 7
45 3
45 5
39 2
39 6
40 7
44 1
44 7
45 2
45 6
38 4
42 0
46 4
38 3
38 5
41 0
43 0
46 3
46 5
39 7
45 1
45 7
38 2
38 6
44 0
46 2
46 6
37 4
38 7
45 0
46 1
46 7
47 4
37 3
37 5
47 3
47 5
37 2
37 6
47 2
47 6
46 0
37 1
37 7
47 1
47 7
36 4
48 4
36 3
36 5
48 3
48 5
36 2
36 6
48 2
48 6
37 0
47 0
36 1
36 7
48 1
48 7
35 4
49 4
35 3
35 5
49 3
49 5
36 0
48 0
35 2
35 6
49 2
49 6
35 1
49 1
49 7
34 4
34 3
34 5
35 0
49 0
0
Yes
24 19
25 19
24 18
24 20
25 18
25 20
23 19
26 19
23 18
23 20
26 18
26 20
24 17
24 21
25 17
25 21
22 19
23 17
23 21
26 17
26 21
27 19
22 18
22 20
27 18
27 20
24 22
25 16
25 22
22 17
22 21
27 17
27 21
23 16
23 22
26 16
26 22
21 19
28 19
21 18
21 20
28 18
28 20
22 16
22 22
27 16
27 22
21 17
21 21
24 23
25 15
24 15
25 23
28 17
28 21
23 15
23 23
26 15
26 23
20 19
29 19
20 18
20 20
21 16
21 22
28 16
28 22
29 18
29 20
22 15
22 23
27 15
27 23
20 17
20 21
29 17
29 21
24 14
25 14
23 14
26 14
21 15
28 15
28 23
20 16
29 16
29 22
19 19
30 19
19 18
19 20
22 14
30 18
30 20
19 17
19 21
30 17
30 21
20 15
29 15
29 23
21 14
19 16
19 22
30 16
30 22
18 19
31 19
18 18
18 20
31 18
31 20
20 14
18 17
18 21
19 15
30 15
30 23
31 17
31 21
18 16
18 22
31 16
31 22
19 14
17 19
17 18
17 20
18 15
18 23
31 15
17 17
17 21
17 16
17 22
18 14
0
No
0
Yes
20 25
20 26
20 27
20 28
21 25
21 26
21 27
21 28
22 25
22 26
0
No
0
No
0
No
0
Yes
0 4
0 5
0 6
0 7
0 8
0 9
1 4
1 5
1 6
1 7
1 8
1 9
2 4
2 5
2 6
2 7
2 8
2 9
3 4
3 5
3 6
3 7
3 8
3 9
0
Yes
0 10
0 11
0 12
0 13
0 14
1 10
1 11
1 12
1 13
1 14
2 10
2 11
2 12
2 13
2 14
3 10
3 11
3 12
3 13
3 14
4 10
4 11
4 12
4 13
0
Yes
5 28
5 29
5 30
5 31
5 32
6 28
6 29
6 30
6 31
6 32
7 28
7 29
7 30
7 31
7 32
8 28
8 29
8 30
8 31
8 32
9 28
9 29
9 30
9 31
9 32
0
Yes
46 20
46 21
46 22
46 23
46 24
46 25
46 26
47 20
47 21
47 22
47 23
47 24
47 25
47 26
48 20
48 21
48 22
48 23
48 24
48 25
48 26
49 20
49 21
49 22
49 23
49 24
49 25
49 26
0
Yes
22 43
22 44
22 45
22 46
22 47
22 48
22 49
23 43
23 44
23 45
23 46
23 47
23 48
23 49
24 43
24 44
24 45
24 46
24 47
24 48
24 49
25 43
25 44
25 45
25 46
25 47
25 48
25 49
26 43
26 44
26 45
26 46
26 47
26 48
26 49
27 43
27 44
0
Yes
21 7
21 8
22 7
22 8
20 7
20 8
21 6
21 9
22 6
22 9
23 7
23 8
20 6
20 9
23 6
23 9
19 7
19 8
21 5
21 10
22 5
22 10
24 7
24 8
19 6
19 9
20 5
20 10
23 5
23 10
24 6
24 9
18 7
18 8
19 5
19 10
21 4
21 11
22 4
22 11
24 5
24 10
25 7
25 8
18 6
18 9
20 4
20 11
23 4
23 11
25 6
25 9
18 5
18 10
19 4
19 11
24 4
24 11
25 5
17 7
17 8
21 3
21 12
22 3
22 12
26 7
17 6
17 9
20 3
20 12
23 3
23 12
26 6
18 4
18 11
25 4
17 5
17 10
19 3
19 12
24 3
26 5
16 7
16 8
21 2
21 13
22 2
22 13
16 9
17 4
17 11
18 3
18 12
20 2
20 13
23 2
23 13
25 3
26 4
16 10
19 2
19 13
24 2
24 13
17 3
17 12
26 3
16 4
16 11
18 2
18 13
21 1
22 1
25 2
25 13
25 12
20 1
23 1
19 1
24 1
16 3
16 12
17 2
17 13
26 2
26 13
18 1
25 1
21 0
22 0
20 0
23 0
16 2
16 13
17 1
17 14
19 0
24 0
26 1
18 0
25 0
16 14
17 0
26 0
16 0
0
Yes
11 0
11 1
11 2
11 3
11 4
12 0
12 1
12 2
12 3
12 4
13 0
13 1
13 2
13 3
13 4
14 0
14 1
14 2
14 3
14 4
0
Yes
27 0
27 1
27 2
27 3
27 4
27 5
28 0
28 1
28 2
28 3
28 4
28 5
29 0
29 1
29 2
29 3
29 4
29 5
30 0
30 1
30 2
30 3
30 4
30 5
31 0
31 1
31 2
31 3
31 4
31 5
32 0
32 1
32 2
32 3
32 4
32 5
33 0
33 1
33 2
33 3
33 4
33 5
0
Yes
41 20
41 21
41 22
42 20
42 21
42 22
43 20
43 21
43 22
44 20
44 21
44 22
45 20
45 21
0
No
0
Yes
12 33
12 34
12 35
12 36
12 37
12 38
12 39
12 40
12 41
13 33
13 34
13 35
13 36
13 37
13 38
13 39
13 40
13 41
14 33
14 34
14 35
14 36
14 37
14 38
14 39
14 40
14 41
15 33
15 34
15 35
15 36
15 37
15 38
15 39
15 40
15 41
16 33
16 34
16 35
16 36
16 37
16 38
16 39
16 40
16 41
17 33
17 34
17 35
17 36
17 37
17 38
17 39
17 40
17 41
18 33
18 34
18 35
18 36
18 37
18 38
18 39
18 40
18 41
19 33
19 34
19 35
19 36
19 37
19 38
19 39
19 40
19 41
20 33
20 34
20 35
20 36
20 37
20 38
20 39
20 40
20 41
21 33
21 34
21 35
21 36
21 37
21 38
21 39
21 40
21 41
22 33
0
Yes
45 42
45 43
46 42
46 43
44 42
44 43
45 41
45 44
46 41
46 44
47 42
47 43
44 41
44 44
47 41
47 44
43 42
43 43
45 40
45 45
46 40
46 45
48 42
48 43
43 41
44 40
44 45
47 40
47 45
48 41
48 44
42 42
42 43
43 40
43 45
45 39
45 46
46 39
46 46
48 40
48 45
49 42
49 43
42 41
42 44
44 39
44 46
47 39
47 46
49 41
49 44
42 40
42 45
43 39
43 46
48 39
48 46
49 40
49 45
41 42
41 43
45 38
45 47
46 38
46 47
41 41
41 44
44 38
44 47
47 38
47 47
42 39
42 46
49 39
49 46
41 40
41 45
43 38
43 47
48 38
48 47
45 37
45 48
46 37
46 48
41 39
41 46
42 38
42 47
44 37
44 48
47 37
47 48
49 38
49 47
43 37
43 48
48 37
48 48
41 38
41 47
42 37
42 48
45 36
45 49
46 36
46 49
49 37
49 48
44 36
44 49
47 36
47 49
43 36
43 49
48 36
48 49
41 37
41 48
42 36
42 49
49 36
49 49
45 35
46 35
44 35
47 35
41 36
41 49
43 35
48 35
0
No
0
Yes
45 0
45 1
45 2
45 3
45 4
46 0
46 1
46 2
46 3
46 4
47 0
47 1
47 2
47 3
47 4
48 0
48 1
48 2
48 3
48 4
49 0
49 1
49 2
49 3
49 4
0
Yes
37 9
37 10
37 11
37 12
37 13
37 14
37 15
37 16
37 17
37 18
38 9
38 10
38 11
38 12
38 13
38 14
38 15
38 16
38 17
38 18
39 9
39 10
39 11
39 12
39 13
39 14
39 15
39 16
39 17
39 18
40 9
40 10
40 11
40 12
40 13
40 14
40 15
40 16
40 17
40 18
41 9
41 10
41 11
41 12
41 13
41 14
41 15
41 16
41 17
41 18
42 9
42 10
42 11
42 12
42 13
42 14
42 15
42 16
42 17
42 18
43 9
43 10
43 11
43 12
43 13
43 14
43 15
43 16
43 17
43 18
44 9
44 10
44 11
44 12
44 13
44 14
44 15
44 16
44 17
44 18
45 9
45 10
45 11
45 12
45 13
45 14
45 15
45 16
45 17
45 18
46 9
46 10
46 11
46 12
46 13
46 14
46 15
46 16
46 17
46 18
47 9
47 10
47 11
47 12
47 13
47 14
47 15
47 16
47 17
47 18
48 9
48 10
48 11
48 12
48 13
48 14
48 15
48 16
48 17
48 18
49 9
49 10
0
Yes
3 47
3 48
2 47
2 48
4 47
4 48
3 46
3 49
2 46
2 49
4 46
4 49
1 47
1 48
5 47
5 48
1 46
1 49
5 46
5 49
0 47
0 48
1 45
0 46
0 49
0 45
0
Yes
18 25
18 26
18 27
18 28
19 25
19 26
19 27
19 28
20 25
20 26
20 27
20 28
21 25
21 26
21 27
21 28
22 25
22 26
0
Yes
4 21
3 21
4 20
4 22
5 21
3 20
3 22
5 20
5 22
2 21
4 19
4 23
6 21
2 20
2 22
3 19
3 23
5 19
5 23
6 20
2 19
2 23
6 19
1 21
4 18
4 24
1 20
1 22
3 18
3 24
5 18
5 24
7 20
1 19
1 23
2 18
2 24
6 18
6 24
7 19
0 21
4 17
4 25
0 20
0 22
3 17
3 25
5 17
5 25
1 18
1 24
7 18
7 24
7 23
0 19
0 23
2 17
2 25
6 17
6 25
0 18
0 24
1 17
1 25
4 16
4 26
7 17
7 25
3 16
3 26
5 16
5 26
2 16
2 26
6 16
6 26
0 17
0 25
1 16
1 26
7 16
7 26
4 15
4 27
3 15
3 27
5 15
5 27
2 15
2 27
6 15
6 27
0 16
0 26
1 15
1 27
7 15
7 27
4 14
4 28
3 14
3 28
5 14
0 15
0 27
2 14
2 28
6 14
1 14
1 28
7 14
4 13
0 14
0 28
3 13
0
Yes
0 32
0 33
0 34
0 35
1 32
1 33
1 34
0
Yes
27 7
27 8
27 9
27 10
27 11
27 12
27 13
27 14
28 7
28 8
28 9
28 10
28 11
28 12
28 13
28 14
29 7
29 8
29 9
29 10
29 11
29 12
29 13
29 14
30 7
30 8
30 9
30 10
30 11
30 12
30 13
30 14
31 7
31 8
31 9
31 10
31 11
31 12
31 13
31 14
0
Yes
0 46
0 47
0 48
0 49
1 46
1 47
1 48
1 49
2 46
2 47
2 48
2 49
3 46
3 47
3 48
3 49
4 46
4 47
4 48
4 49
5 46
5 47
0
Yes
6 46
6 47
6 48
6 49
7 46
7 47
7 48
7 49
8 46
8 47
8 48
8 49
9 46
9 47
9 48
9 49
10 46
10 47
10 48
10 49
11 46
11 47
11 48
11 49
12 46
12 47
0
Yes
0 5
0 6
0 7
0 8
0 9
0 10
0 11
0 12
1 5
1 6
1 7
1 8
1 9
1 10
1 11
1 12
2 5
2 6
2 7
2 8
2 9
2 10
2 11
2 12
3 5
3 6
3 7
3 8
3 9
3 10
3 11
3 12
4 5
4 6
4 7
4 8
4 9
4 10
4 11
4 12
5 5
5 6
5 7
5 8
5 9
5 10
5 11
5 12
6 5
6 6
6 7
6 8
6 9
6 10
6 11
6 12
7 5
7 6
7 7
7 8
7 9
7 10
7 11
7 12
8 5
8 6
8 7
8 8
8 9
8 10
8 11
8 12
9 5
9 6
9 7
9 8
9 9
9 10
9 11
9 12
10 5
10 6
10 7
10 8
10 9
10 10
10 11
10 12
11 5
11 6
11 7
0
Yes
29 0
29 1
29 2
29 3
29 4
29 5
29 6
29 7
29 8
29 9
29 10
29 11
29 12
29 13
30 0
30 1
30 2
30 3
30 4
30 5
30 6
30 7
30 8
30 9
30 10
30 11
30 12
30 13
31 0
31 1
31 2
31 3
31 4
31 5
31 6
31 7
31 8
31 9
31 10
31 11
31 12
31 13
32 0
32 1
32 2
32 3
32 4
32 5
32 6
32 7
32 8
32 9
32 10
32 11
32 12
32 13
33 0
33 1
33 2
33 3
33 4
33 5
33 6
33 7
33 8
33 9
33 10
33 11
33 12
33 13
34 0
34 1
34 2
34 3
34 4
34 5
34 6
34 7
34 8
34 9
34 10
34 11
34 12
34 13
35 0
35 1
35 2
35 3
35 4
35 5
35 6
35 7
35 8
35 9
35 10
35 11
35 12
35 13
36 0
36 1
36 2
36 3
36 4
36 5
36 6
36 7
36 8
36 9
36 10
36 11
36 12
36 13
37 0
37 1
37 2
37 3
37 4
37 5
0
Yes
39 0
39 1
39 2
39 3
39 4
39 5
39 6
39 7
39 8
40 0
40 1
40 2
40 3
40 4
40 5
40 6
40 7
40 8
41 0
41 1
41 2
41 3
41 4
41 5
41 6
41 7
41 8
42 0
42 1
42 2
42 3
42 4
42 5
42 6
42 7
42 8
43 0
43 1
43 2
43 3
43 4
43 5
43 6
43 7
43 8
44 0
44 1
44 2
44 3
44 4
44 5
0
Yes
44 23
43 23
44 22
44 24
45 23
43 22
43 24
45 24
42 23
44 21
44 25
46 23
42 22
42 24
43 21
43 25
45 21
45 25
46 22
46 24
42 21
42 25
46 21
46 25
41 23
44 20
44 26
47 23
41 22
41 24
43 20
43 26
45 20
45 26
47 22
47 24
41 21
41 25
42 20
42 26
46 20
46 26
47 21
47 25
40 23
44 19
48 23
40 22
40 24
45 19
48 22
48 24
41 20
41 26
47 20
47 26
40 21
40 25
42 19
46 19
48 21
48 25
39 23
40 20
40 26
41 19
47 19
48 20
48 26
49 23
39 22
39 24
49 22
49 24
39 21
39 25
49 21
49 25
40 19
48 19
39 20
39 26
49 20
49 26
38 23
38 22
38 24
38 21
38 25
39 19
49 19
38 20
38 19
0
Yes
0 0
0 1
0 2
1 0
1 1
1 2
0
Yes
8 0
8 1
8 2
9 0
9 1
9 2
10 0
10 1
10 2
11 0
11 1
11 2
12 0
12 1
12 2
13 0
13 1
13 2
14 0
14 1
14 2
0
Yes
23 27
23 28
23 29
23 30
23 31
23 32
24 27
24 28
24 29
24 30
24 31
24 32
25 27
25 28
25 29
25 30
25 31
25 32
26 27
26 28
26 29
26 30
26 31
26 32
27 27
27 28
27 29
27 30
27 31
27 32
28 27
28 28
28 29
28 30
28 31
28 32
29 27
29 28
29 29
29 30
29 31
29 32
30 27
30 28
30 29
30 30
30 31
30 32
31 27
31 28
31 29
31 30
31 31
31 32
32 27
32 28
32 29
32 30
32 31
32 32
33 27
33 28
33 29
33 30
33 31
33 32
34 27
34 28
34 29
34 30
34 31
34 32
35 27
35 28
35 29
35 30
35 31
35 32
36 27
36 28
36 29
36 30
36 31
36 32
37 27
37 28
37 29
37 30
37 31
37 32
38 27
38 28
38 29
38 30
38 31
38 32
0
Yes
35 46
35 47
36 46
36 47
34 46
34 47
35 45
35 48
36 45
36 48
37 46
37 47
34 45
34 48
37 45
37 48
33 46
33 47
35 44
35 49
36 44
36 49
38 46
38 47
33 45
33 48
34 44
34 49
37 44
37 49
38 45
38 48
32 46
32 47
33 44
33 49
35 43
36 43
38 44
38 49
39 46
39 47
32 45
32 48
34 43
37 43
39 45
39 48
32 44
32 49
33 43
38 43
39 44
39 49
31 46
31 47
40 46
40 47
31 48
40 45
40 48
32 43
39 43
31 44
31 49
40 44
40 49
30 46
30 47
30 45
30 48
31 43
40 43
30 44
0
Yes
29 24
29 25
29 26
30 24
30 25
30 26
31 24
31 25
31 26
32 24
32 25
32 26
33 24
0
Yes
2 0
2 1
3 0
3 1
4 0
4 1
5 0
5 1
6 0
6 1
0
Yes
0 43
0 44
0 45
0 46
0 47
0 48
0 49
1 43
1 44
1 45
1 46
1 47
1 48
1 49
2 43
2 44
2 45
2 46
2 47
2 48
2 49
3 43
3 44
3 45
3 46
3 47
3 48
3 49
4 43
4 44
4 45
4 46
4 47
4 48
4 49
5 43
5 44
5 45
5 46
5 47
5 48
5 49
6 43
6 44
0
Yes
32 20
32 21
32 22
33 20
33 21
33 22
34 20
34 21
34 22
35 20
35 21
35 22
36 20
36 21
36 22
37 20
37 21
0
Yes
42 30
42 31
42 32
42 33
42 34
43 30
43 31
43 32
43 33
43 34
44 30
44 31
44 32
44 33
44 34
45 30
45 31
45 32
45 33
45 34
46 30
46 31
46 32
46 33
46 34
47 30
0
Yes
29 2
29 3
29 4
29 5
29 6
29 7
29 8
29 9
29 10
29 11
29 12
29 13
29 14
29 15
30 2
30 3
30 4
30 5
30 6
30 7
30 8
30 9
30 10
30 11
30 12
30 13
30 14
30 15
31 2
31 3
31 4
31 5
31 6
31 7
31 8
31 9
31 10
31 11
31 12
31 13
31 14
31 15
32 2
32 3
32 4
32 5
32 6
32 7
32 8
32 9
32 10
32 11
32 12
32 13
32 14
32 15
33 2
33 3
33 4
33 5
33 6
33 7
33 8
33 9
33 10
33 11
33 12
33 13
33 14
33 15
34 2
34 3
34 4
34 5
34 6
34 7
34 8
34 9
34 10
34 11
34 12
34 13
34 14
34 15
35 2
35 3
35 4
35 5
35 6
35 7
35 8
35 9
35 10
35 11
35 12
35 13
35 14
35 15
36 2
36 3
36 4
36 5
36 6
36 7
36 8
36 9
36 10
36 11
36 12
36 13
36 14
36 15
37 2
37 3
37 4
37 5
37 6
37 7
37 8
37 9
37 10
37 11
37 12
37 13
37 14
37 15
38 2
38 3
38 4
38 5
38 6
38 7
38 8
38 9
38 10
38 11
38 12
38 13
38 14
38 15
39 2
39 3
39 4
39 5
39 6
39 7
39 8
0
Yes
42 45
42 46
42 47
42 48
42 49
43 45
43 46
43 47
43 48
43 49
44 45
44 46
44 47
44 48
44 49
45 45
45 46
45 47
45 48
45 49
46 45
46 46
46 47
46 48
46 49
47 45
47 46
47 47
47 48
47 49
48 45
48 46
48 47
48 48
48 49
49 45
49 46
49 47
49 48
49 49
0
Yes
40 0
40 1
40 2
40 3
40 4
41 0
41 1
41 2
41 3
41 4
42 0
42 1
42 2
42 3
42 4
43 0
43 1
43 2
43 3
43 4
44 0
44 1
44 2
44 3
44 4
0
Yes
22 0
22 1
22 2
22 3
22 4
22 5
23 0
23 1
23 2
23 3
23 4
23 5
24 0
24 1
24 2
24 3
24 4
24 5
25 0
25 1
25 2
25 3
25 4
25 5
26 0
26 1
26 2
26 3
26 4
26 5
27 0
27 1
27 2
27 3
27 4
27 5
28 0
28 1
28 2
28 3
28 4
28 5
29 0
29 1
0
Yes
39 9
39 10
39 11
39 12
39 13
39 14
39 15
39 16
39 17
39 18
40 9
40 10
40 11
40 12
40 13
40 14
40 15
40 16
40 17
40 18
41 9
41 10
41 11
41 12
41 13
41 14
41 15
41 16
41 17
41 18
42 9
42 10
42 11
42 12
42 13
42 14
42 15
42 16
42 17
42 18
43 9
43 10
43 11
43 12
43 13
43 14
43 15
43 16
43 17
43 18
44 9
44 10
44 11
44 12
44 13
44 14
44 15
44 16
44 17
44 18
45 9
45 10
45 11
45 12
45 13
45 14
45 15
45 16
45 17
45 18
46 9
46 10
46 11
46 12
46 13
46 14
46 15
46 16
46 17
46 18
47 9
47 10
47 11
47 12
47 13
47 14
47 15
47 16
47 17
47 18
48 9
48 10
48 11
48 12
48 13
48 14
48 15
48 16
48 17
48 18
49 9
49 10
49 11
49 12
49 13
49 14
49 15
49 16
49 17
0
Yes
0 39
0 40
0 41
0 42
0 43
0 44
0 45
0 46
0 47
0 48
0 49
1 39
1 40
1 41
1 42
1 43
1 44
1 45
1 46
1 47
1 48
1 49
2 39
2 40
2 41
2 42
2 43
2 44
2 45
2 46
2 47
2 48
2 49
3 39
3 40
3 41
3 42
3 43
3 44
3 45
3 46
3 47
3 48
3 49
4 39
4 40
4 41
4 42
4 43
4 44
4 45
4 46
4 47
4 48
4 49
5 39
5 40
5 41
5 42
5 43
5 44
5 45
5 46
5 47
5 48
5 49
6 39
6 40
6 41
6 42
6 43
6 44
6 45
6 46
6 47
6 48
6 49
7 39
7 40
7 41
7 42
7 43
7 44
7 45
7 46
7 47
7 48
7 49
8 39
8 40
8 41
8 42
8 43
8 44
8 45
8 46
8 47
8 48
8 49
0
Yes
32 24
32 25
33 24
33 25
34 24
34 25
0
Yes
29 2
29 3
29 4
29 5
29 6
29 7
29 8
29 9
29 10
29 11
29 12
29 13
30 2
30 3
30 4
30 5
30 6
30 7
30 8
30 9
30 10
30 11
30 12
30 13
31 2
31 3
31 4
31 5
31 6
31 7
31 8
31 9
31 10
31 11
31 12
31 13
32 2
32 3
32 4
32 5
32 6
32 7
32 8
32 9
32 10
32 11
32 12
32 13
33 2
33 3
33 4
33 5
33 6
33 7
33 8
33 9
33 10
33 11
33 12
33 13
34 2
34 3
34 4
34 5
34 6
34 7
34 8
34 9
34 10
34 11
34 12
34 13
35 2
35 3
35 4
35 5
35 6
35 7
35 8
35 9
35 10
35 11
35 12
35 13
36 2
36 3
36 4
36 5
36 6
36 7
36 8
36 9
36 10
36 11
36 12
36 13
37 2
37 3
37 4
37 5
37 6
37 7
37 8
37 9
37 10
37 11
37 12
37 13
38 2
38 3
38 4
38 5
38 6
38 7
38 8
38 9
38 10
38 11
0
Yes
0 5
0 6
0 7
0 8
0 9
0 10
0 11
0 12
1 5
1 6
1 7
1 8
1 9
1 10
1 11
1 12
2 5
2 6
2 7
2 8
2 9
2 10
2 11
2 12
3 5
3 6
3 7
3 8
3 9
3 10
3 11
3 12
4 5
4 6
4 7
4 8
4 9
4 10
4 11
4 12
5 5
5 6
5 7
5 8
5 9
5 10
5 11
5 12
6 5
6 6
6 7
6 8
6 9
6 10
6 11
6 12
7 5
7 6
7 7
7 8
7 9
7 10
7 11
7 12
8 5
8 6
8 7
8 8
8 9
8 10
8 11
8 12
9 5
9 6
9 7
9 8
9 9
9 10
9 11
9 12
10 5
10 6
10 7
10 8
10 9
10 10
10 11
10 12
11 5
11 6
11 7
11 8
11 9
11 10
11 11
11 12
12 5
12 6
12 7
12 8
12 9
12 10
12 11
0
Yes
0 13
0 14
0 15
0 16
0 17
1 13
1 14
1 15
1 16
1 17
2 13
2 14
2 15
2 16
2 17
3 13
3 14
3 15
3 16
3 17
4 13
4 14
4 15
0
Yes
46 5
46 6
46 7
46 8
47 5
47 6
47 7
47 8
48 5
48 6
48 7
48 8
49 5
49 6
49 7
49 8
0
Yes
0 39
0 40
0 41
0 42
0 43
0 44
0 45
0 46
0 47
0 48
0 49
1 39
1 40
1 41
1 42
1 43
1 44
1 45
1 46
1 47
1 48
1 49
2 39
2 40
2 41
2 42
2 43
2 44
2 45
2 46
2 47
2 48
2 49
3 39
3 40
3 41
3 42
3 43
3 44
3 45
3 46
3 47
3 48
3 49
4 39
4 40
4 41
4 42
4 43
4 44
4 45
4 46
4 47
4 48
4 49
5 39
5 40
5 41
5 42
5 43
5 44
5 45
5 46
5 47
5 48
5 49
6 39
6 40
6 41
6 42
6 43
6 44
6 45
6 46
6 47
6 48
6 49
7 39
7 40
7 41
7 42
7 43
7 44
7 45
7 46
7 47
7 48
7 49
8 39
8 40
8 41
8 42
8 43
8 44
8 45
8 46
8 47
8 48
8 49
0
Yes
41 45
41 46
41 47
41 48
41 49
42 45
42 46
42 47
42 48
42 49
43 45
43 46
43 47
43 48
43 49
44 45
44 46
44 47
44 48
44 49
45 45
45 46
45 47
45 48
45 49
0
Yes
2 35
2 36
2 37
2 38
3 35
3 36
3 37
3 38
4 35
4 36
4 37
4 38
5 35
5 36
5 37
5 38
6 35
6 36
6 37
6 38
7 35
7 36
7 37
0
Yes
0 14
0 15
0 16
0 17
0 18
0 19
0 20
0 21
0 22
0 23
1 14
1 15
1 16
1 17
1 18
1 19
1 20
1 21
1 22
1 23
2 14
2 15
2 16
2 17
2 18
2 19
2 20
2 21
2 22
2 23
3 14
3 15
3 16
3 17
3 18
3 19
3 20
3 21
3 22
3 23
4 14
4 15
4 16
4 17
4 18
4 19
4 20
4 21
4 22
4 23
5 14
5 15
5 16
5 17
5 18
5 19
5 20
5 21
5 22
5 23
6 14
6 15
6 16
6 17
6 18
0
Yes
17 0
17 1
17 2
17 3
17 4
17 5
17 6
18 0
18 1
18 2
18 3
18 4
18 5
18 6
19 0
19 1
19 2
19 3
19 4
19 5
19 6
20 0
20 1
20 2
20 3
20 4
20 5
20 6
21 0
21 1
21 2
21 3
21 4
21 5
21 6
0
Yes
39 5
39 6
39 7
39 8
39 9
40 5
40 6
40 7
40 8
40 9
41 5
41 6
41 7
41 8
41 9
42 5
42 6
42 7
42 8
42 9
43 5
43 6
43 7
43 8
43 9
0
Yes
0 24
0 25
0 26
0 27
0 28
0 29
0 30
0 31
0 32
0 33
0 34
1 24
1 25
1 26
1 27
1 28
1 29
1 30
1 31
1 32
1 33
1 34
2 24
2 25
2 26
2 27
2 28
2 29
2 30
2 31
2 32
2 33
2 34
3 24
3 25
3 26
3 27
3 28
3 29
3 30
3 31
3 32
3 33
3 34
4 24
4 25
4 26
4 27
4 28
4 29
4 30
4 31
4 32
4 33
4 34
5 24
5 25
5 26
5 27
5 28
5 29
5 30
5 31
5 32
5 33
5 34
6 24
6 25
6 26
6 27
6 28
6 29
6 30
6 31
6 32
6 33
6 34
7 24
7 25
7 26
7 27
7 28
7 29
7 30
