0
Yes
9 8
9 9
9 10
10 8
10 9
0
Yes
0 40
0 41
0 42
0 43
0 44
0 45
0 46
0 47
0 48
0 49
1 40
1 41
1 42
1 43
1 44
1 45
1 46
1 47
1 48
1 49
2 40
2 41
2 42
2 43
2 44
2 45
2 46
2 47
2 48
2 49
3 40
3 41
3 42
3 43
3 44
3 45
3 46
3 47
3 48
3 49
4 40
4 41
4 42
4 43
4 44
4 45
4 46
4 47
4 48
4 49
0
Yes
0 43
0 44
0 45
0 46
0 47
0 48
0 49
1 43
1 44
1 45
1 46
1 47
1 48
1 49
2 43
2 44
2 45
2 46
2 47
2 48
2 49
3 43
3 44
3 45
3 46
3 47
3 48
3 49
4 43
4 44
4 45
4 46
4 47
4 48
4 49
5 43
5 44
5 45
5 46
5 47
5 48
5 49
6 43
6 44
6 45
6 46
6 47
6 48
6 49
7 43
7 44
7 45
7 46
7 47
7 48
7 49
8 43
8 44
8 45
0
Yes
16 0
16 1
16 2
16 3
16 4
16 5
16 6
16 7
16 8
17 0
17 1
17 2
17 3
17 4
17 5
17 6
17 7
17 8
18 0
18 1
18 2
18 3
18 4
18 5
18 6
18 7
18 8
19 0
19 1
19 2
19 3
19 4
19 5
19 6
19 7
19 8
20 0
20 1
20 2
20 3
20 4
20 5
20 6
20 7
20 8
21 0
21 1
21 2
21 3
21 4
21 5
21 6
21 7
21 8
22 0
22 1
22 2
22 3
22 4
22 5
22 6
22 7
22 8
23 0
23 1
23 2
23 3
23 4
23 5
23 6
23 7
23 8
24 0
24 1
24 2
24 3
24 4
24 5
24 6
24 7
24 8
25 0
25 1
25 2
25 3
25 4
25 5
25 6
25 7
25 8
26 0
26 1
26 2
26 3
26 4
26 5
0
Yes
27 0
27 1
27 2
27 3
27 4
27 5
27 6
28 0
28 1
28 2
28 3
28 4
28 5
28 6
29 0
29 1
29 2
29 3
29 4
29 5
29 6
30 0
30 1
30 2
30 3
30 4
30 5
30 6
31 0
31 1
31 2
31 3
31 4
0
Yes
11 9
11 10
11 11
11 12
11 13
11 14
11 15
11 16
11 17
11 18
11 19
12 9
12 10
12 11
12 12
12 13
12 14
12 15
12 16
12 17
12 18
12 19
13 9
13 10
13 11
13 12
13 13
13 14
13 15
13 16
13 17
13 18
13 19
14 9
14 10
14 11
14 12
14 13
14 14
14 15
14 16
14 17
14 18
14 19
15 9
15 10
15 11
15 12
15 13
15 14
15 15
15 16
15 17
15 18
15 19
16 9
16 10
16 11
16 12
16 13
16 14
16 15
16 16
16 17
16 18
16 19
17 9
17 10
17 11
17 12
17 13
17 14
17 15
17 16
17 17
17 18
17 19
18 9
18 10
18 11
18 12
18 13
18 14
18 15
18 16
18 17
18 18
18 19
19 9
19 10
19 11
19 12
19 13
19 14
19 15
19 16
19 17
19 18
19 19
20 9
20 10
20 11
20 12
20 13
20 14
20 15
20 16
20 17
20 18
20 19
21 9
21 10
21 11
0
Yes
0 34
0 35
0 36
0 37
0 38
0 39
0 40
0 41
0 42
1 34
1 35
1 36
1 37
1 38
1 39
1 40
1 41
1 42
2 34
2 35
2 36
2 37
2 38
2 39
2 40
2 41
2 42
3 34
3 35
3 36
3 37
3 38
3 39
3 40
3 41
3 42
4 34
4 35
4 36
4 37
4 38
4 39
4 40
4 41
4 42
5 34
5 35
5 36
5 37
5 38
5 39
5 40
0
Yes
24 22
24 23
24 24
24 25
24 26
24 27
24 28
24 29
24 30
24 31
25 22
25 23
25 24
25 25
25 26
25 27
25 28
25 29
25 30
25 31
26 22
26 23
26 24
26 25
26 26
26 27
26 28
26 29
26 30
26 31
27 22
27 23
27 24
27 25
27 26
27 27
27 28
27 29
27 30
27 31
28 22
28 23
28 24
28 25
28 26
28 27
28 28
28 29
28 30
28 31
29 22
29 23
29 24
29 25
29 26
29 27
29 28
29 29
29 30
29 31
30 22
30 23
30 24
30 25
30 26
30 27
30 28
30 29
30 30
30 31
31 22
31 23
31 24
31 25
31 26
31 27
31 28
31 29
31 30
31 31
0
Yes
0 0
0 1
0 2
0 3
0 4
0 5
1 0
1 1
1 2
1 3
1 4
1 5
2 0
2 1
2 2
2 3
2 4
2 5
3 0
3 1
3 2
0
Yes
3 13
3 14
3 15
3 16
3 17
3 18
3 19
3 20
3 21
3 22
4 13
4 14
4 15
4 16
4 17
4 18
4 19
4 20
4 21
4 22
5 13
5 14
5 15
5 16
5 17
5 18
5 19
5 20
5 21
5 22
6 13
6 14
6 15
6 16
6 17
6 18
6 19
6 20
6 21
6 22
7 13
7 14
7 15
7 16
7 17
7 18
7 19
7 20
7 21
7 22
8 13
8 14
8 15
8 16
8 17
8 18
8 19
8 20
8 21
8 22
9 13
9 14
9 15
9 16
9 17
9 18
9 19
9 20
9 21
9 22
10 13
10 14
10 15
10 16
10 17
10 18
10 19
10 20
10 21
0
Yes
33 0
33 1
33 2
34 0
34 1
34 2
35 0
35 1
35 2
36 0
36 1
36 2
37 0
37 1
37 2
38 0
38 1
38 2
39 0
39 1
39 2
0
Yes
29 35
29 36
29 37
29 38
29 39
29 40
29 41
29 42
29 43
29 44
29 45
29 46
29 47
29 48
29 49
30 35
30 36
30 37
30 38
30 39
30 40
30 41
30 42
30 43
30 44
30 45
30 46
30 47
30 48
30 49
31 35
31 36
31 37
31 38
31 39
31 40
31 41
31 42
31 43
31 44
31 45
31 46
31 47
31 48
31 49
32 35
32 36
32 37
32 38
32 39
32 40
32 41
32 42
32 43
32 44
32 45
32 46
32 47
32 48
32 49
33 35
33 36
33 37
33 38
33 39
33 40
33 41
33 42
33 43
33 44
33 45
33 46
33 47
33 48
33 49
34 35
34 36
34 37
34 38
34 39
34 40
34 41
34 42
34 43
34 44
34 45
34 46
34 47
34 48
34 49
35 35
35 36
35 37
35 38
35 39
35 40
35 41
35 42
35 43
35 44
35 45
35 46
35 47
35 48
35 49
36 35
36 36
36 37
36 38
36 39
36 40
36 41
36 42
36 43
36 44
36 45
36 46
36 47
36 48
36 49
37 35
37 36
37 37
37 38
37 39
37 40
37 41
37 42
37 43
37 44
37 45
37 46
37 47
37 48
37 49
38 35
38 36
38 37
38 38
38 39
38 40
38 41
38 42
38 43
38 44
38 45
38 46
0
Yes
47 0
47 1
47 2
47 3
48 0
48 1
48 2
48 3
49 0
49 1
49 2
0
Yes
0 13
0 14
0 15
0 16
0 17
1 13
1 14
1 15
1 16
1 17
2 13
2 14
2 15
2 16
2 17
0
Yes
47 39
47 40
47 41
47 42
47 43
47 44
48 39
48 40
48 41
48 42
48 43
48 44
49 39
49 40
49 41
49 42
49 43
49 44
0
Yes
33 13
33 14
33 15
33 16
33 17
33 18
33 19
33 20
33 21
34 13
34 14
34 15
34 16
34 17
34 18
34 19
34 20
34 21
35 13
35 14
35 15
35 16
35 17
35 18
35 19
35 20
35 21
36 13
36 14
36 15
36 16
36 17
36 18
36 19
36 20
36 21
37 13
37 14
37 15
37 16
37 17
37 18
37 19
37 20
37 21
38 13
38 14
38 15
38 16
38 17
38 18
38 19
38 20
38 21
39 13
39 14
39 15
39 16
39 17
39 18
39 19
39 20
39 21
40 13
40 14
40 15
40 16
40 17
40 18
40 19
40 20
40 21
41 13
41 14
41 15
41 16
41 17
41 18
41 19
41 20
41 21
42 13
42 14
42 15
42 16
42 17
42 18
42 19
42 20
42 21
0
Yes
39 43
39 44
39 45
39 46
39 47
39 48
39 49
40 43
40 44
40 45
40 46
40 47
40 48
40 49
41 43
41 44
41 45
41 46
41 47
41 48
41 49
42 43
42 44
42 45
42 46
42 47
42 48
42 49
43 43
43 44
43 45
43 46
43 47
43 48
43 49
44 43
44 44
44 45
44 46
0
Yes
9 35
9 36
9 37
9 38
9 39
9 40
9 41
9 42
9 43
10 35
10 36
10 37
10 38
10 39
10 40
10 41
10 42
10 43
11 35
11 36
11 37
11 38
11 39
11 40
11 41
11 42
11 43
12 35
12 36
12 37
12 38
12 39
12 40
12 41
12 42
12 43
13 35
13 36
13 37
13 38
13 39
13 40
13 41
13 42
13 43
14 35
14 36
14 37
14 38
14 39
14 40
14 41
14 42
14 43
15 35
15 36
15 37
15 38
15 39
15 40
15 41
15 42
15 43
16 35
16 36
16 37
16 38
16 39
16 40
16 41
16 42
16 43
17 35
17 36
17 37
17 38
17 39
17 40
17 41
17 42
17 43
18 35
18 36
18 37
18 38
18 39
18 40
18 41
18 42
18 43
19 35
19 36
19 37
19 38
19 39
19 40
19 41
19 42
19 43
20 35
20 36
20 37
20 38
20 39
20 40
20 41
20 42
20 43
21 35
21 36
21 37
21 38
21 39
21 40
21 41
21 42
21 43
22 35
22 36
22 37
22 38
22 39
22 40
22 41
22 42
22 43
23 35
23 36
23 37
23 38
23 39
23 40
23 41
23 42
23 43
24 35
24 36
24 37
24 38
24 39
24 40
0
Yes
28 14
28 15
29 14
29 15
27 14
27 15
28 13
28 16
29 13
29 16
30 14
30 15
27 13
27 16
30 13
30 16
26 14
26 15
28 12
28 17
29 12
29 17
31 14
31 15
26 13
26 16
27 12
27 17
30 12
30 17
31 13
31 16
25 14
25 15
26 12
26 17
28 11
28 18
29 11
29 18
31 12
32 14
32 15
25 13
25 16
27 11
27 18
30 11
30 18
32 13
25 12
25 17
26 11
26 18
31 11
31 18
32 12
24 14
24 15
28 10
28 19
29 10
29 19
24 13
24 16
27 10
27 19
30 10
30 19
25 11
25 18
32 11
24 12
24 17
26 10
26 19
31 10
31 19
33 12
23 14
23 15
28 9
28 20
29 9
29 20
23 13
23 16
24 11
24 18
25 10
25 19
27 9
27 20
30 9
30 20
32 10
32 19
33 11
23 17
26 9
26 20
31 9
31 20
24 10
24 19
33 10
23 11
23 18
25 9
25 20
28 8
29 8
32 9
32 20
27 8
30 8
26 8
31 8
23 10
23 19
24 9
24 20
33 9
32 8
23 9
23 20
33 8
0
Yes
46 43
46 44
46 45
46 46
46 47
46 48
46 49
47 43
47 44
47 45
47 46
47 47
47 48
47 49
48 43
48 44
48 45
48 46
48 47
48 48
48 49
49 43
49 44
49 45
49 46
49 47
49 48
0
Yes
0 6
0 7
0 8
0 9
0 10
1 6
1 7
1 8
1 9
1 10
2 6
2 7
2 8
2 9
2 10
3 6
3 7
3 8
3 9
3 10
4 6
4 7
4 8
4 9
4 10
5 6
5 7
5 8
5 9
5 10
6 6
0
Yes
39 36
39 37
39 38
39 39
39 40
39 41
39 42
39 43
39 44
39 45
39 46
39 47
39 48
39 49
40 36
40 37
40 38
40 39
40 40
40 41
40 42
40 43
40 44
40 45
40 46
40 47
40 48
40 49
41 36
41 37
41 38
41 39
41 40
41 41
41 42
41 43
41 44
41 45
41 46
41 47
41 48
41 49
42 36
42 37
42 38
42 39
42 40
42 41
42 42
42 43
42 44
42 45
42 46
42 47
42 48
42 49
43 36
43 37
43 38
43 39
43 40
43 41
43 42
43 43
43 44
43 45
43 46
43 47
43 48
43 49
44 36
44 37
44 38
44 39
44 40
44 41
44 42
44 43
44 44
44 45
44 46
0
No
0
Yes
28 15
27 15
28 14
28 16
29 15
27 14
27 16
29 14
29 16
26 15
28 13
28 17
30 15
26 14
26 16
27 13
27 17
29 13
29 17
30 14
30 16
26 13
26 17
30 13
30 17
25 15
28 12
28 18
31 15
25 14
25 16
27 12
27 18
29 12
29 18
31 14
31 16
25 13
25 17
26 12
26 18
30 12
30 18
31 13
24 15
28 11
28 19
32 15
24 14
24 16
27 11
27 19
29 11
29 19
32 14
25 12
25 18
31 12
31 18
24 13
24 17
26 11
26 19
30 11
30 19
32 13
23 15
24 12
24 18
25 11
25 19
28 10
28 20
31 11
31 19
32 12
23 14
23 16
27 10
27 20
29 10
29 20
23 13
23 17
26 10
26 20
30 10
30 20
24 11
24 19
32 11
32 19
23 18
25 10
25 20
31 10
31 20
28 9
28 21
27 9
27 21
29 9
26 9
26 21
30 9
23 11
23 19
24 10
24 20
32 10
32 20
25 9
25 21
31 9
31 21
28 8
23 10
23 20
27 8
29 8
24 9
24 21
32 9
32 21
26 8
30 8
31 8
23 9
23 21
0
Yes
47 0
47 1
47 2
47 3
48 0
48 1
48 2
48 3
49 0
49 1
49 2
49 3
0
No
0
Yes
40 0
40 1
41 0
41 1
42 0
42 1
43 0
43 1
0
No
0
No
0
No
0
No
0
No
0
Yes
28 38
28 39
28 40
28 41
28 42
28 43
28 44
28 45
28 46
28 47
28 48
28 49
29 38
29 39
29 40
29 41
29 42
29 43
29 44
29 45
29 46
29 47
29 48
29 49
30 38
30 39
30 40
30 41
30 42
30 43
30 44
30 45
30 46
30 47
30 48
30 49
31 38
31 39
31 40
31 41
31 42
31 43
31 44
31 45
31 46
31 47
31 48
31 49
32 38
32 39
32 40
32 41
32 42
32 43
32 44
32 45
32 46
32 47
32 48
32 49
33 38
33 39
33 40
33 41
33 42
33 43
33 44
33 45
33 46
33 47
33 48
33 49
34 38
34 39
34 40
34 41
34 42
34 43
34 44
34 45
34 46
34 47
34 48
34 49
35 38
35 39
35 40
35 41
35 42
35 43
35 44
35 45
35 46
35 47
35 48
35 49
36 38
36 39
36 40
36 41
36 42
36 43
36 44
36 45
36 46
36 47
36 48
36 49
37 38
37 39
37 40
37 41
37 42
37 43
37 44
37 45
37 46
37 47
37 48
37 49
38 38
38 39
38 40
38 41
38 42
0
Yes
20 28
21 28
20 27
20 29
21 27
21 29
19 28
22 28
19 27
19 29
22 27
22 29
20 26
20 30
21 26
21 30
18 28
19 26
19 30
22 26
22 30
23 28
18 27
18 29
23 29
20 25
20 31
21 25
21 31
18 26
18 30
23 30
19 25
19 31
22 25
22 31
17 28
17 27
17 29
18 25
18 31
23 25
23 31
17 30
20 24
20 32
21 24
21 32
19 24
19 32
22 24
22 32
17 25
17 31
18 24
18 32
23 24
23 32
20 23
20 33
21 23
21 33
19 23
19 33
22 23
22 33
17 24
17 32
18 23
18 33
23 23
23 33
20 22
20 34
21 22
21 34
17 23
17 33
19 22
19 34
22 22
22 34
18 22
18 34
23 22
23 34
17 22
17 34
20 21
21 21
19 21
22 21
18 21
17 21
20 20
21 20
19 20
22 20
18 20
0
No
0
Yes
32 34
32 35
31 34
31 35
33 34
33 35
32 33
32 36
31 33
31 36
33 33
33 36
30 34
30 35
34 34
34 35
30 33
30 36
32 32
32 37
34 33
34 36
31 32
31 37
33 32
33 37
29 34
29 35
35 34
35 35
30 32
30 37
34 32
34 37
29 33
29 36
35 33
35 36
32 31
33 31
29 32
29 37
35 32
35 37
28 34
28 35
34 31
36 34
36 35
28 33
28 36
36 33
36 36
35 31
28 32
36 32
36 37
27 34
27 35
37 34
37 35
27 33
27 36
37 33
37 36
36 31
27 32
37 32
37 37
26 34
26 35
38 34
38 35
37 31
26 33
26 36
38 33
38 36
26 32
26 37
38 32
38 37
38 31
25 34
25 35
25 33
25 36
25 32
25 37
0
Yes
46 39
46 40
46 41
46 42
47 39
47 40
47 41
47 42
48 39
48 40
48 41
48 42
49 39
49 40
49 41
0
Yes
5 29
4 29
5 28
5 30
6 29
4 28
4 30
6 28
6 30
3 29
5 27
5 31
7 29
3 28
4 27
4 31
6 27
6 31
7 28
7 30
3 27
3 31
7 27
7 31
2 29
5 26
5 32
8 29
2 28
4 26
4 32
6 26
6 32
8 28
8 30
2 27
2 31
3 26
3 32
7 26
7 32
8 27
8 31
1 29
5 25
5 33
9 29
1 28
1 30
4 25
4 33
6 25
6 33
9 28
9 30
2 26
2 32
8 26
8 32
1 27
1 31
3 25
3 33
7 25
7 33
9 27
9 31
0 29
1 26
1 32
2 25
2 33
5 24
8 25
8 33
9 26
0 28
0 30
4 24
6 24
6 34
0 27
0 31
3 24
7 24
7 34
1 25
1 33
9 25
0 26
0 32
2 24
8 24
8 34
5 23
4 23
6 23
3 23
7 23
0 25
0 33
1 24
9 24
2 23
8 23
0 24
9 23
0
Yes
9 44
9 45
9 46
9 47
9 48
9 49
10 44
10 45
10 46
10 47
10 48
10 49
11 44
11 45
11 46
11 47
11 48
11 49
12 44
12 45
12 46
12 47
12 48
12 49
13 44
13 45
13 46
13 47
13 48
13 49
14 44
14 45
14 46
14 47
14 48
14 49
15 44
0
Yes
39 34
39 35
40 34
40 35
41 34
41 35
42 34
42 35
43 34
43 35
0
Yes
0 43
0 44
0 45
0 46
0 47
0 48
0 49
1 43
1 44
1 45
1 46
1 47
1 48
1 49
2 43
2 44
2 45
2 46
2 47
2 48
2 49
3 43
3 44
3 45
3 46
3 47
3 48
3 49
4 43
4 44
4 45
4 46
4 47
4 48
4 49
5 43
5 44
5 45
5 46
5 47
5 48
0
Yes
6 0
6 1
6 2
6 3
6 4
7 0
7 1
7 2
7 3
7 4
8 0
8 1
8 2
8 3
8 4
9 0
9 1
9 2
9 3
9 4
10 0
10 1
10 2
10 3
10 4
11 0
11 1
11 2
11 3
11 4
12 0
12 1
12 2
12 3
12 4
13 0
13 1
13 2
0
Yes
45 22
45 23
45 24
45 25
45 26
45 27
45 28
45 29
45 30
46 22
46 23
46 24
46 25
46 26
46 27
46 28
46 29
46 30
47 22
47 23
47 24
47 25
47 26
47 27
47 28
47 29
47 30
48 22
48 23
48 24
48 25
48 26
48 27
48 28
48 29
48 30
49 22
49 23
49 24
49 25
49 26
49 27
49 28
49 29
0
Yes
5 27
5 28
4 27
4 28
6 27
6 28
5 26
5 29
4 26
4 29
6 26
6 29
3 27
3 28
7 27
7 28
3 26
3 29
5 25
5 30
7 26
7 29
4 25
4 30
6 25
6 30
2 27
2 28
8 27
8 28
3 25
7 25
7 30
2 26
2 29
8 26
8 29
5 24
5 31
4 24
4 31
6 24
6 31
2 25
8 25
8 30
1 27
1 28
3 24
3 31
7 24
7 31
9 27
9 28
1 26
1 29
9 26
9 29
5 23
2 24
2 31
4 23
6 23
8 24
8 31
1 25
1 30
9 25
9 30
3 23
7 23
0 27
0 28
0 26
0 29
1 24
1 31
9 24
9 31
2 23
8 23
0 25
0 30
9 23
0 24
0 31
0
Yes
0 43
0 44
0 45
0 46
0 47
0 48
0 49
1 43
1 44
1 45
1 46
1 47
1 48
1 49
2 43
2 44
2 45
2 46
2 47
2 48
2 49
3 43
3 44
3 45
3 46
3 47
3 48
3 49
4 43
4 44
4 45
4 46
4 47
4 48
4 49
5 43
5 44
5 45
5 46
5 47
5 48
5 49
6 43
6 44
6 45
6 46
6 47
6 48
6 49
7 43
7 44
7 45
7 46
0
Yes
46 16
47 16
46 15
46 17
47 15
47 17
45 16
48 16
45 15
45 17
48 15
48 17
46 14
46 18
47 14
47 18
44 16
45 14
48 14
48 18
49 16
44 15
44 17
49 15
49 17
46 13
46 19
47 13
47 19
44 14
49 14
49 18
45 13
45 19
48 13
48 19
43 16
43 15
43 17
44 13
49 13
49 19
43 14
46 12
46 20
47 12
47 20
45 12
45 20
48 12
48 20
43 13
44 12
44 20
49 12
49 20
0
Yes
37 3
37 4
37 5
37 6
37 7
38 3
38 4
38 5
38 6
38 7
39 3
39 4
39 5
39 6
39 7
40 3
40 4
40 5
40 6
40 7
41 3
41 4
41 5
41 6
41 7
42 3
42 4
42 5
42 6
42 7
43 3
43 4
43 5
43 6
43 7
44 3
44 4
44 5
44 6
44 7
45 3
45 4
45 5
45 6
0
Yes
34 22
33 22
33 23
34 23
35 23
34 24
33 24
35 24
32 23
32 22
36 24
36 23
33 25
34 25
35 25
36 25
37 23
37 24
37 25
37 22
34 26
35 26
36 26
33 26
37 26
38 22
38 23
38 24
38 25
38 26
35 27
34 27
36 27
37 27
38 27
39 23
39 24
39 22
34 28
35 28
36 28
37 28
38 28
40 22
40 23
40 24
33 28
40 25
33 29
34 29
35 29
36 29
37 29
38 29
41 23
41 24
41 22
41 25
32 29
32 28
39 28
39 29
34 30
33 30
35 30
36 30
37 30
38 30
39 30
42 22
42 23
42 24
42 25
41 26
42 26
43 23
43 24
43 25
43 22
43 26
43 21
40 29
40 28
40 30
40 27
41 27
41 28
42 27
41 29
42 28
41 30
42 29
42 30
44 22
44 23
44 24
44 25
44 21
44 26
45 21
44 27
41 31
42 31
0
Yes
47 10
46 10
46 9
47 9
46 11
48 9
48 10
48 11
47 8
46 8
48 8
45 9
45 10
45 11
45 8
49 11
49 8
49 9
44 10
44 9
44 11
44 8
46 7
47 7
48 7
45 7
49 7
47 6
46 6
48 6
49 6
43 9
43 10
43 11
43 8
43 12
42 10
42 9
42 11
42 12
49 5
41 11
41 10
41 12
40 10
40 11
40 12
40 9
39 11
39 10
39 12
38 10
38 11
38 12
37 11
37 10
37 12
37 9
36 10
36 11
36 9
36 12
36 8
37 8
38 8
39 8
35 9
35 10
35 11
35 8
35 12
35 7
36 7
36 6
35 6
34 10
34 9
34 11
34 8
34 7
34 6
35 5
36 5
33 9
33 10
33 8
33 7
33 11
33 6
33 12
33 5
32 8
32 7
32 6
32 5
32 4
33 4
33 3
32 3
34 3
31 7
31 6
31 5
49 4
35 3
30 7
0
Yes
19 47
19 48
20 47
20 48
18 47
18 48
19 46
19 49
20 46
20 49
21 47
21 48
18 46
18 49
21 49
17 47
17 48
19 45
20 45
22 47
22 48
17 46
17 49
18 45
22 49
16 47
16 48
17 45
23 47
23 48
16 46
16 49
23 46
23 49
16 45
23 45
22 45
15 47
15 48
24 47
24 48
15 46
15 49
24 46
24 49
15 45
24 45
25 47
25 48
25 46
25 49
0
No
0
Yes
0 0
0 1
0 2
0 3
1 0
1 1
1 2
1 3
2 0
2 1
2 2
2 3
3 0
0
Yes
0 24
0 25
0 26
0 27
0 28
0 29
1 24
1 25
1 26
1 27
1 28
1 29
2 24
2 25
2 26
2 27
2 28
2 29
3 24
3 25
3 26
3 27
3 28
3 29
4 24
4 25
4 26
4 27
4 28
4 29
5 24
5 25
5 26
5 27
5 28
5 29
6 24
6 25
6 26
6 27
6 28
6 29
7 24
7 25
7 26
7 27
7 28
7 29
8 24
8 25
8 26
8 27
8 28
8 29
9 24
9 25
9 26
9 27
9 28
9 29
0
No
0
No
0
No
0
Yes
10 30
9 30
9 31
10 31
11 31
11 30
11 29
10 29
10 28
11 28
10 32
11 32
12 30
12 29
12 31
12 28
12 32
8 31
8 30
8 32
7 30
7 31
7 32
11 27
10 27
12 27
13 29
13 30
13 31
13 28
13 32
13 27
12 33
13 33
14 30
14 29
14 31
14 28
14 32
14 27
14 33
6 31
6 30
6 32
7 33
8 33
6 33
8 34
7 34
6 34
12 26
11 26
13 26
14 26
5 30
5 31
5 32
5 33
0
Yes
16 0
16 1
16 2
16 3
16 4
16 5
16 6
16 7
17 0
17 1
17 2
17 3
17 4
17 5
17 6
17 7
18 0
18 1
18 2
18 3
18 4
18 5
18 6
18 7
19 0
19 1
19 2
19 3
19 4
19 5
19 6
19 7
20 0
20 1
20 2
20 3
20 4
20 5
20 6
20 7
21 0
21 1
21 2
21 3
21 4
21 5
21 6
21 7
22 0
22 1
22 2
22 3
22 4
22 5
22 6
22 7
23 0
23 1
23 2
23 3
23 4
23 5
23 6
23 7
0
Yes
39 36
39 37
39 38
39 39
39 40
39 41
39 42
39 43
39 44
39 45
39 46
39 47
39 48
39 49
40 36
40 37
40 38
40 39
40 40
40 41
40 42
40 43
40 44
40 45
40 46
40 47
40 48
40 49
41 36
41 37
41 38
41 39
41 40
41 41
41 42
41 43
41 44
41 45
41 46
41 47
41 48
41 49
42 36
42 37
42 38
42 39
42 40
42 41
42 42
42 43
42 44
42 45
42 46
42 47
42 48
42 49
43 36
43 37
43 38
43 39
43 40
43 41
43 42
43 43
43 44
43 45
43 46
43 47
43 48
43 49
44 36
44 37
44 38
44 39
44 40
44 41
44 42
44 43
44 44
44 45
44 46
44 47
44 48
44 49
45 36
45 37
45 38
45 39
45 40
45 41
45 42
45 43
0
No
0
Yes
37 3
37 4
37 5
37 6
37 7
38 3
38 4
38 5
38 6
38 7
39 3
39 4
39 5
39 6
39 7
40 3
40 4
40 5
40 6
40 7
41 3
41 4
41 5
41 6
41 7
42 3
42 4
42 5
42 6
42 7
43 3
0
Yes
31 3
30 3
30 2
31 2
30 4
31 4
31 1
30 1
29 2
29 3
29 4
29 1
32 1
29 5
30 5
28 3
28 2
28 4
28 1
28 5
30 0
31 0
29 0
32 0
28 0
30 6
29 6
28 6
27 2
27 3
27 4
27 1
27 5
27 0
27 6
26 3
26 2
26 4
26 1
26 5
26 0
26 6
25 2
25 3
25 4
25 1
25 5
25 0
25 6
24 3
24 2
24 4
24 1
24 5
24 0
24 6
25 7
24 7
24 8
25 8
23 8
22 8
22 9
21 8
22 10
22 11
20 8
19 8
18 8
17 8
16 8
15 8
0
No
0
No
0
No
0
No
0
No
0
No
0
No
0
Yes
29 32
29 33
29 34
29 35
29 36
29 37
30 32
30 33
30 34
30 35
30 36
30 37
31 32
31 33
31 34
31 35
31 36
31 37
32 32
32 33
32 34
32 35
32 36
32 37
33 32
33 33
33 34
33 35
33 36
33 37
34 32
34 33
34 34
34 35
34 36
34 37
35 32
35 33
35 34
35 35
35 36
35 37
36 32
36 33
36 34
36 35
36 36
36 37
37 32
37 33
37 34
37 35
37 36
37 37
38 32
38 33
38 34
38 35
38 36
38 37
0
Yes
43 31
43 32
43 33
43 34
44 31
44 32
44 33
44 34
45 31
45 32
45 33
45 34
46 31
46 32
46 33
46 34
47 31
47 32
47 33
47 34
48 31
48 32
48 33
48 34
49 31
49 32
49 33
49 34
0
Yes
3 14
3 15
3 16
3 17
3 18
3 19
3 20
3 21
3 22
3 23
4 14
4 15
4 16
4 17
4 18
4 19
4 20
4 21
4 22
4 23
5 14
5 15
5 16
5 17
5 18
5 19
5 20
5 21
5 22
5 23
6 14
6 15
6 16
6 17
6 18
6 19
6 20
6 21
6 22
6 23
7 14
7 15
7 16
7 17
7 18
7 19
7 20
7 21
7 22
7 23
8 14
8 15
8 16
8 17
8 18
8 19
8 20
8 21
8 22
8 23
9 14
9 15
9 16
9 17
9 18
9 19
9 20
9 21
9 22
9 23
10 14
10 15
10 16
10 17
10 18
10 19
10 20
0
Yes
17 23
17 24
16 23
16 24
18 23
18 24
17 22
17 25
16 22
16 25
18 22
18 25
15 23
15 24
19 23
19 24
15 22
15 25
17 21
19 22
19 25
16 21
18 21
18 26
14 23
14 24
20 23
20 24
15 21
19 21
19 26
14 22
14 25
20 22
20 25
17 20
16 20
18 20
14 21
20 21
20 26
13 23
15 20
19 20
21 23
21 24
13 22
21 22
21 25
14 20
20 20
13 21
21 21
21 26
12 23
22 23
22 24
12 22
22 22
22 25
13 20
21 20
12 21
22 21
22 26
11 23
11 24
23 23
23 24
12 20
22 20
11 22
11 25
12 25
23 22
23 25
11 21
11 20
10 23
10 24
10 22
10 21
0
Yes
0 0
0 1
1 0
1 1
2 0
2 1
3 0
3 1
0
Yes
46 12
46 13
46 14
46 15
46 16
46 17
46 18
47 12
47 13
47 14
47 15
47 16
47 17
47 18
48 12
48 13
48 14
48 15
48 16
48 17
48 18
49 12
49 13
49 14
49 15
49 16
49 17
0
No
0
Yes
33 0
33 1
33 2
34 0
34 1
34 2
35 0
35 1
35 2
36 0
36 1
36 2
37 0
37 1
37 2
38 0
38 1
38 2
39 0
39 1
39 2
0
Yes
33 13
33 14
33 15
33 16
33 17
33 18
33 19
33 20
33 21
34 13
34 14
34 15
34 16
34 17
34 18
34 19
34 20
34 21
35 13
35 14
35 15
35 16
35 17
35 18
35 19
35 20
35 21
36 13
36 14
36 15
36 16
36 17
36 18
36 19
36 20
36 21
37 13
37 14
37 15
37 16
37 17
37 18
37 19
37 20
37 21
38 13
38 14
38 15
38 16
38 17
38 18
38 19
38 20
38 21
39 13
39 14
39 15
39 16
39 17
39 18
39 19
39 20
39 21
40 13
40 14
40 15
40 16
40 17
40 18
40 19
40 20
40 21
41 13
41 14
41 15
41 16
41 17
41 18
41 19
41 20
41 21
42 13
42 14
42 15
42 16
42 17
42 18
42 19
42 20
42 21
43 13
0
Yes
29 40
29 41
29 42
29 43
29 44
29 45
29 46
29 47
29 48
29 49
30 40
30 41
30 42
30 43
30 44
30 45
30 46
30 47
30 48
30 49
31 40
31 41
31 42
31 43
31 44
31 45
31 46
31 47
31 48
31 49
32 40
32 41
32 42
32 43
32 44
32 45
32 46
32 47
32 48
32 49
33 40
33 41
33 42
33 43
33 44
33 45
33 46
33 47
33 48
33 49
34 40
34 41
34 42
34 43
34 44
34 45
34 46
34 47
34 48
34 49
35 40
35 41
35 42
35 43
35 44
35 45
35 46
35 47
35 48
35 49
36 40
36 41
36 42
36 43
36 44
36 45
36 46
36 47
36 48
36 49
37 40
37 41
37 42
37 43
37 44
37 45
37 46
37 47
37 48
37 49
38 40
38 41
38 42
38 43
38 44
38 45
38 46
0
No
0
Yes
0 0
0 1
0 2
0 3
0 4
1 0
1 1
1 2
1 3
1 4
2 0
2 1
2 2
2 3
2 4
3 0
3 1
3 2
3 3
0
Yes
22 27
21 27
21 28
22 28
23 28
22 29
21 29
23 29
20 28
20 27
20 29
19 27
19 28
19 29
21 30
22 30
20 30
23 30
19 30
22 31
21 31
20 31
23 31
19 31
18 28
18 29
18 30
18 27
18 31
17 27
17 28
17 29
17 30
17 31
21 32
22 32
20 32
19 32
18 32
23 32
17 32
24 32
22 33
21 33
23 33
20 33
19 33
18 33
24 33
17 33
16 28
16 29
16 30
16 31
16 32
25 33
25 32
26 32
26 33
21 34
22 34
23 34
20 34
24 34
19 34
25 34
18 34
26 34
17 34
15 29
15 28
27 33
27 32
27 34
28 32
28 33
28 34
25 35
26 35
27 35
28 35
0
Yes
46 23
46 24
46 25
46 26
46 27
46 28
46 29
46 30
47 23
47 24
47 25
47 26
47 27
47 28
47 29
47 30
48 23
48 24
48 25
48 26
48 27
48 28
48 29
48 30
49 23
49 24
49 25
49 26
49 27
49 28
49 29
49 30
0
No
0
No
0
Yes
9 10
9 9
10 9
10 8
9 8
11 8
9 7
10 7
11 7
8 7
8 6
9 6
10 6
11 6
12 7
12 8
12 6
7 6
7 7
7 8
6 8
6 7
6 6
6 9
7 9
5 9
5 8
5 7
5 6
5 10
4 10
4 9
4 8
4 7
4 6
9 5
8 5
10 5
7 5
11 5
6 5
5 5
12 5
4 5
3 9
3 8
3 7
3 6
3 10
3 5
2 10
2 9
2 8
2 7
2 6
2 5
5 4
4 4
3 4
1 9
1 8
1 7
1 6
1 10
1 5
1 11
4 3
5 3
5 2
4 2
0 10
0 9
0 8
0 7
0 6
0 11
0 5
0 12
1 12
5 11
6 11
6 12
5 12
0
No
0
Yes
45 0
45 1
45 2
45 3
45 4
46 0
46 1
46 2
46 3
46 4
0
Yes
39 47
39 48
39 49
40 47
40 48
40 49
41 47
41 48
41 49
42 47
42 48
42 49
43 47
43 48
43 49
44 47
44 48
44 49
0
Yes
43 43
42 43
42 42
43 42
42 44
43 44
44 42
44 43
44 44
43 41
42 41
44 41
43 45
42 45
44 45
45 43
45 42
45 41
41 42
41 43
41 44
41 41
41 45
40 43
40 42
40 44
40 41
40 45
42 40
43 40
44 40
41 40
45 40
40 40
42 46
43 46
41 46
44 46
40 46
45 46
43 39
42 39
44 39
41 39
45 39
40 39
39 42
39 43
39 44
39 41
39 45
39 40
39 46
39 39
45 47
46 47
46 46
46 45
46 44
46 43
47 43
47 44
47 45
47 46
47 47
42 38
43 38
44 38
41 38
40 38
45 38
39 38
48 44
48 45
48 46
48 43
48 47
46 38
46 48
47 48
45 48
48 48
43 37
42 37
44 37
41 37
45 37
40 37
46 37
39 37
49 43
49 44
49 45
49 46
49 47
49 48
49 42
45 49
46 49
47 49
48 49
49 49
38 39
38 38
42 36
43 36
44 36
41 36
45 36
40 36
46 36
39 36
47 37
37 38
37 39
43 35
42 35
41 35
40 35
39 35
0
No
0
Yes
46 6
46 7
46 8
46 9
46 10
47 6
47 7
47 8
47 9
47 10
48 6
48 7
48 8
48 9
48 10
49 6
49 7
49 8
0
No
0
Yes
28 42
28 43
28 44
28 45
28 46
28 47
28 48
28 49
29 42
29 43
29 44
29 45
29 46
29 47
29 48
29 49
30 42
30 43
30 44
30 45
30 46
30 47
30 48
30 49
31 42
31 43
31 44
31 45
31 46
31 47
31 48
31 49
32 42
32 43
32 44
32 45
32 46
32 47
32 48
32 49
33 42
33 43
33 44
33 45
33 46
33 47
33 48
33 49
34 42
34 43
34 44
34 45
34 46
34 47
34 48
34 49
35 42
35 43
35 44
35 45
35 46
35 47
35 48
35 49
36 42
36 43
36 44
36 45
36 46
36 47
36 48
36 49
37 42
37 43
37 44
37 45
37 46
37 47
37 48
37 49
38 42
38 43
38 44
0
No
0
No
0
No
0
No
0
Yes
5 46
4 46
4 45
5 45
4 47
5 47
6 45
6 46
6 47
5 44
4 44
6 44
5 48
4 48
6 48
7 46
7 45
7 47
7 44
7 48
3 45
3 46
3 47
3 44
3 48
2 46
2 45
2 47
2 44
2 48
4 43
5 43
6 43
3 43
7 43
2 43
4 49
5 49
6 49
3 49
7 49
2 49
8 45
8 46
8 47
8 44
8 48
8 43
8 49
1 45
1 46
1 47
1 44
1 48
1 43
1 49
7 42
8 42
0 46
0 45
0 47
0 44
0 48
0 43
0 49
8 41
7 41
6 41
6 40
7 40
8 40
7 39
6 39
8 39
0
Yes
46 12
45 12
46 11
46 13
47 12
45 11
45 13
47 13
44 12
46 10
46 14
48 12
44 11
44 13
45 10
45 14
47 10
47 14
48 11
48 13
44 10
44 14
48 10
48 14
43 12
46 9
46 15
49 12
43 11
45 9
45 15
47 9
47 15
49 11
49 13
43 10
43 14
44 9
44 15
48 9
48 15
49 14
42 12
46 8
46 16
42 11
45 8
45 16
47 8
47 16
43 9
43 15
49 9
49 15
42 10
44 8
44 16
48 8
48 16
42 9
43 8
43 16
46 7
46 17
49 8
49 16
45 7
45 17
47 7
47 17
44 7
44 17
48 7
48 17
43 7
43 17
49 7
49 17
0
No
0
Yes
9 35
9 36
9 37
9 38
9 39
9 40
9 41
9 42
9 43
10 35
10 36
10 37
10 38
10 39
10 40
10 41
10 42
10 43
11 35
11 36
11 37
11 38
11 39
11 40
11 41
11 42
11 43
12 35
12 36
12 37
12 38
12 39
12 40
12 41
12 42
12 43
13 35
13 36
13 37
13 38
13 39
13 40
13 41
13 42
13 43
14 35
14 36
14 37
14 38
14 39
14 40
14 41
14 42
14 43
15 35
15 36
15 37
15 38
15 39
15 40
15 41
15 42
15 43
16 35
16 36
16 37
16 38
16 39
16 40
16 41
16 42
16 43
17 35
17 36
17 37
17 38
17 39
17 40
17 41
17 42
17 43
18 35
18 36
18 37
18 38
0
Yes
19 36
19 37
19 38
19 39
19 40
19 41
19 42
20 36
20 37
20 38
20 39
20 40
20 41
20 42
21 36
21 37
21 38
21 39
21 40
21 41
21 42
22 36
22 37
22 38
22 39
22 40
22 41
22 42
23 36
23 37
23 38
23 39
23 40
23 41
23 42
24 36
24 37
24 38
24 39
24 40
24 41
24 42
25 36
25 37
25 38
25 39
25 40
25 41
25 42
26 36
26 37
26 38
26 39
26 40
26 41
26 42
0
No
0
Yes
38 15
38 16
39 15
39 16
37 15
37 16
38 14
38 17
39 14
39 17
40 15
40 16
37 14
37 17
40 14
40 17
36 15
36 16
38 13
38 18
39 13
39 18
41 15
41 16
36 14
36 17
37 13
37 18
40 13
40 18
41 14
41 17
35 15
35 16
36 13
36 18
38 12
38 19
39 12
39 19
41 13
41 18
42 15
42 16
35 14
35 17
37 12
37 19
40 12
40 19
42 14
42 17
35 13
35 18
36 12
36 19
41 12
41 19
42 13
42 18
34 15
34 16
38 11
38 20
39 11
39 20
43 15
43 16
34 14
34 17
37 11
37 20
40 11
40 20
43 14
43 17
35 12
35 19
42 12
42 19
34 13
34 18
36 11
36 20
41 11
41 20
43 13
33 15
33 16
38 10
38 21
39 10
39 21
44 15
44 16
33 14
33 17
34 19
35 11
35 20
37 10
37 21
40 10
40 21
42 11
42 20
43 12
43 19
44 14
44 17
33 13
33 18
36 10
36 21
41 10
41 21
44 13
34 11
34 20
43 11
43 20
33 12
33 19
35 10
35 21
42 10
42 21
44 12
37 9
40 9
36 9
33 11
33 20
34 10
34 21
43 10
44 11
44 20
35 9
42 9
33 10
33 21
44 10
34 9
43 9
33 9
0
Yes
47 0
47 1
48 1
48 0
49 0
49 1
48 2
47 2
49 2
47 3
48 3
49 3
49 4
49 5
49 6
48 6
48 7
49 7
47 7
47 6
46 6
46 7
45 7
45 6
45 5
44 5
44 6
44 7
44 4
43 4
43 5
43 6
43 7
47 8
46 8
48 8
45 8
44 8
49 8
43 8
46 9
47 9
48 9
45 9
44 9
49 9
47 10
46 10
48 10
45 10
46 11
45 11
48 11
49 11
45 12
46 12
47 12
48 12
49 12
47 13
46 13
48 13
45 13
49 13
46 14
47 14
48 14
45 14
49 14
47 15
46 15
48 15
45 15
49 15
46 16
47 16
48 16
45 16
49 16
47 17
46 17
48 17
45 17
49 17
46 18
47 18
48 18
49 18
47 19
48 19
46 19
49 19
45 19
46 20
47 20
48 20
45 20
49 20
47 21
46 21
46 22
47 22
0
Yes
3 37
4 37
3 36
3 38
4 36
4 38
2 37
5 37
2 36
2 38
5 36
5 38
3 35
3 39
4 35
4 39
1 37
2 35
2 39
5 35
5 39
6 37
1 36
1 38
6 36
6 38
3 34
3 40
4 34
4 40
1 35
1 39
6 35
2 34
2 40
5 34
5 40
0 37
0 36
0 38
1 34
1 40
0 35
0 39
3 33
3 41
4 33
4 41
2 33
2 41
0 34
0 40
1 33
1 41
3 32
3 42
4 32
4 42
2 32
2 42
0 33
0 41
1 32
1 42
3 31
4 31
0 32
0 42
2 31
0
No
0
Yes
47 0
47 1
47 2
47 3
48 0
48 1
48 2
48 3
49 0
49 1
49 2
49 3
0
Yes
0 0
0 1
0 2
1 0
1 1
1 2
2 0
2 1
2 2
3 0
3 1
3 2
0
No
0
No
0
No
0
Yes
27 38
27 39
27 40
27 41
28 38
28 39
28 40
28 41
29 38
29 39
29 40
29 41
30 38
30 39
30 40
30 41
31 38
31 39
31 40
31 41
32 38
32 39
0
Yes
35 0
35 1
35 2
36 0
36 1
36 2
37 0
37 1
37 2
38 0
38 1
38 2
39 0
39 1
39 2
40 0
40 1
0
No
0
Yes
24 0
24 1
24 2
24 3
24 4
24 5
24 6
25 0
25 1
25 2
25 3
25 4
25 5
25 6
26 0
26 1
26 2
26 3
26 4
26 5
26 6
27 0
27 1
27 2
27 3
27 4
27 5
27 6
28 0
28 1
28 2
28 3
28 4
28 5
28 6
29 0
29 1
0
Yes
33 13
33 14
33 15
33 16
33 17
33 18
33 19
33 20
33 21
34 13
34 14
34 15
34 16
34 17
34 18
34 19
34 20
34 21
35 13
35 14
35 15
35 16
35 17
35 18
35 19
35 20
35 21
36 13
36 14
36 15
36 16
36 17
36 18
36 19
36 20
36 21
37 13
37 14
37 15
37 16
37 17
37 18
37 19
37 20
37 21
38 13
38 14
38 15
38 16
38 17
38 18
38 19
38 20
38 21
39 13
39 14
39 15
39 16
39 17
39 18
39 19
39 20
39 21
40 13
40 14
40 15
40 16
40 17
40 18
40 19
40 20
40 21
41 13
41 14
41 15
41 16
41 17
41 18
41 19
41 20
41 21
42 13
42 14
42 15
42 16
0
Yes
8 4
8 5
9 4
9 5
7 4
7 5
8 3
8 6
9 3
9 6
10 4
10 5
7 3
7 6
10 3
10 6
6 4
6 5
8 2
8 7
9 2
9 7
11 4
11 5
6 3
6 6
7 2
7 7
10 2
10 7
11 3
11 6
5 4
5 5
6 2
6 7
8 1
9 1
9 8
11 2
11 7
12 4
12 5
5 3
5 6
7 1
7 8
10 1
10 8
12 3
12 6
5 2
5 7
6 1
6 8
11 1
11 8
12 2
12 7
4 4
4 5
8 0
9 0
13 4
4 3
4 6
7 0
10 0
13 3
5 1
5 8
12 1
12 8
4 2
4 7
6 0
11 0
13 2
3 4
3 5
3 3
3 6
4 8
12 0
13 1
3 7
0
Yes
15 45
15 46
15 47
15 48
15 49
16 45
16 46
16 47
16 48
16 49
17 45
17 46
17 47
17 48
17 49
18 45
18 46
18 47
18 48
18 49
19 45
19 46
19 47
19 48
19 49
20 45
20 46
0
Yes
46 11
46 10
46 12
47 10
47 12
45 11
45 10
45 12
48 10
48 11
48 12
46 9
46 13
47 9
47 13
44 11
45 9
45 13
48 9
48 13
49 11
44 10
44 12
49 12
46 8
46 14
47 8
47 14
44 9
44 13
49 9
49 13
45 8
45 14
48 8
48 14
43 11
43 10
43 12
44 8
44 14
49 8
49 14
43 9
43 13
46 7
46 15
47 7
47 15
45 7
45 15
48 7
48 15
43 8
43 14
44 7
44 15
49 7
49 15
46 6
46 16
47 6
47 16
45 6
45 16
48 6
48 16
43 7
43 15
44 6
44 16
49 6
49 16
43 6
43 16
0
No
0
Yes
46 31
46 32
46 33
46 34
46 35
47 31
47 32
47 33
47 34
47 35
48 31
48 32
48 33
48 34
48 35
49 31
49 32
49 33
49 34
49 35
0
No
0
No
0
Yes
48 17
48 18
48 19
48 20
49 17
49 18
49 19
49 20
0
No
0
Yes
33 0
32 0
32 1
33 1
34 1
34 0
33 2
34 2
31 1
31 0
31 2
30 0
30 1
30 2
34 3
33 3
32 3
31 3
30 3
35 3
33 4
32 4
31 4
30 4
29 1
29 2
29 3
29 0
29 4
28 0
28 1
28 2
28 3
28 4
32 5
31 5
30 5
29 5
33 5
28 5
33 6
32 6
31 6
30 6
29 6
28 6
27 1
27 2
27 3
27 4
27 5
27 0
27 6
34 6
26 0
26 1
26 2
26 3
26 4
26 5
26 6
32 7
33 7
31 7
30 7
34 7
35 7
35 6
35 5
36 5
36 6
36 7
37 6
37 5
37 7
37 4
38 4
38 5
38 6
38 7
38 3
37 3
39 3
39 4
39 5
39 6
39 7
33 8
32 8
34 8
35 8
36 8
37 8
38 8
39 8
25 1
25 2
25 3
25 4
25 5
25 0
25 6
40 4
40 5
40 6
40 7
40 3
41 3
41 4
41 5
41 6
41 7
24 0
24 1
24 2
24 3
24 4
24 5
24 6
34 9
33 9
35 9
36 9
37 9
42 4
42 5
42 6
42 3
42 7
0
No
0
No
0
Yes
9 30
8 30
9 29
9 31
10 30
8 29
8 31
10 29
10 31
7 30
9 28
11 30
7 29
7 31
8 28
8 32
10 28
10 32
11 29
11 31
7 28
7 32
11 28
11 32
6 30
9 27
12 30
6 29
6 31
8 27
8 33
10 27
12 29
12 31
6 28
6 32
7 27
7 33
11 27
12 28
12 32
5 30
9 26
13 30
5 29
5 31
8 26
13 29
13 31
6 27
6 33
12 27
12 33
5 28
5 32
7 26
11 26
13 28
13 32
4 30
5 27
5 33
6 26
12 26
13 27
13 33
14 30
4 29
14 29
14 31
4 28
14 28
14 32
5 26
13 26
4 27
14 27
14 33
3 29
3 28
4 26
14 26
3 27
3 26
0
Yes
47 0
47 1
47 2
48 0
48 1
48 2
49 0
49 1
49 2
0
Yes
0 3
0 4
0 5
0 6
0 7
0 8
0 9
1 3
1 4
1 5
1 6
1 7
1 8
1 9
2 3
2 4
2 5
2 6
2 7
2 8
2 9
0
Yes
18 23
18 24
17 23
17 24
19 23
19 24
18 22
18 25
17 22
17 25
19 22
19 25
16 23
16 24
20 23
20 24
16 22
16 25
18 21
18 26
20 22
20 25
17 21
19 21
19 26
15 23
15 24
21 23
21 24
16 21
20 21
20 26
15 22
15 25
21 22
21 25
18 20
17 20
19 20
15 21
21 21
21 26
14 23
14 24
16 20
20 20
22 23
22 24
14 22
14 25
22 22
22 25
15 20
21 20
14 21
22 21
22 26
13 23
23 23
23 24
13 22
23 22
23 25
14 20
22 20
13 21
12 23
13 20
12 22
12 21
0
No
0
Yes
36 27
36 28
35 27
35 28
37 27
37 28
36 26
36 29
35 26
35 29
37 26
37 29
34 27
34 28
38 27
38 28
34 26
34 29
36 25
36 30
38 26
38 29
35 25
35 30
37 25
37 30
33 28
34 25
34 30
38 25
38 30
33 26
33 29
36 24
36 31
35 24
35 31
37 24
37 31
33 25
33 30
34 24
34 31
38 24
38 31
36 23
33 24
33 31
0
No
0
No
0
Yes
38 26
37 26
37 25
38 25
37 27
38 27
38 24
37 24
38 28
37 28
36 25
36 26
36 27
36 24
36 28
39 24
39 28
35 26
35 25
35 27
35 24
35 28
37 23
38 23
36 23
39 23
35 23
37 29
38 29
36 29
39 29
35 29
40 23
40 24
40 25
41 25
41 24
41 23
41 26
40 29
40 28
40 27
41 27
41 28
41 29
38 22
37 22
39 22
40 22
41 22
38 30
37 30
39 30
36 30
40 30
35 30
41 30
42 26
42 25
42 27
42 24
42 28
42 23
42 29
42 22
42 30
34 25
34 26
34 27
34 24
34 28
34 29
34 23
34 30
33 26
33 25
33 24
33 23
37 31
38 31
36 31
35 31
34 31
43 25
43 26
43 24
43 23
43 22
33 28
33 29
33 30
33 31
34 22
33 22
0
No
0
No
0
Yes
16 0
16 1
16 2
16 3
16 4
17 0
17 1
17 2
17 3
17 4
18 0
18 1
18 2
18 3
18 4
19 0
19 1
19 2
19 3
19 4
20 0
20 1
20 2
20 3
20 4
21 0
21 1
21 2
21 3
21 4
22 0
22 1
22 2
22 3
22 4
23 0
23 1
0
No
0
Yes
0 24
0 25
0 26
0 27
0 28
0 29
1 24
1 25
1 26
1 27
1 28
1 29
2 24
2 25
2 26
2 27
2 28
2 29
0
Yes
0 0
0 1
0 2
1 0
1 1
1 2
2 0
2 1
2 2
3 0
3 1
0
No
0
Yes
41 0
41 1
42 0
42 1
43 0
0
Yes
28 38
28 39
28 40
28 41
28 42
28 43
28 44
28 45
28 46
28 47
28 48
28 49
29 38
29 39
29 40
29 41
29 42
29 43
29 44
29 45
29 46
29 47
29 48
29 49
30 38
30 39
30 40
30 41
30 42
30 43
30 44
30 45
30 46
30 47
30 48
30 49
31 38
31 39
31 40
31 41
31 42
31 43
31 44
31 45
31 46
31 47
31 48
31 49
32 38
32 39
32 40
32 41
32 42
32 43
32 44
32 45
32 46
32 47
32 48
32 49
33 38
33 39
33 40
33 41
33 42
33 43
33 44
33 45
33 46
33 47
33 48
33 49
34 38
34 39
34 40
34 41
34 42
34 43
34 44
34 45
34 46
34 47
34 48
34 49
35 38
35 39
35 40
35 41
35 42
35 43
35 44
35 45
35 46
35 47
35 48
35 49
36 38
36 39
36 40
36 41
36 42
36 43
36 44
36 45
36 46
36 47
36 48
36 49
37 38
37 39
37 40
37 41
37 42
37 43
37 44
37 45
37 46
37 47
37 48
37 49
38 38
38 39
38 40
0
Yes
3 13
3 14
3 15
3 16
3 17
3 18
3 19
3 20
3 21
3 22
3 23
3 24
4 13
4 14
4 15
4 16
4 17
4 18
4 19
4 20
4 21
4 22
4 23
4 24
5 13
5 14
5 15
5 16
5 17
5 18
5 19
5 20
5 21
5 22
5 23
5 24
6 13
6 14
6 15
6 16
6 17
6 18
6 19
6 20
6 21
6 22
6 23
6 24
7 13
7 14
7 15
7 16
7 17
7 18
7 19
7 20
7 21
7 22
7 23
7 24
8 13
8 14
8 15
8 16
8 17
8 18
8 19
8 20
8 21
8 22
8 23
8 24
9 13
9 14
9 15
9 16
9 17
9 18
9 19
9 20
9 21
9 22
9 23
9 24
10 13
10 14
10 15
10 16
10 17
10 18
10 19
10 20
10 21
10 22
10 23
10 24
0
Yes
8 0
8 1
8 2
8 3
8 4
8 5
8 6
8 7
9 0
9 1
9 2
9 3
9 4
9 5
9 6
9 7
10 0
10 1
10 2
10 3
10 4
10 5
10 6
10 7
11 0
11 1
11 2
11 3
11 4
11 5
11 6
11 7
12 0
12 1
12 2
12 3
12 4
12 5
12 6
12 7
13 0
13 1
13 2
0
Yes
37 0
37 1
37 2
38 0
38 1
38 2
39 0
39 1
39 2
40 0
40 1
0
Yes
0 13
0 14
0 15
0 16
0 17
1 13
1 14
1 15
1 16
1 17
2 13
2 14
2 15
0
No
0
No
0
Yes
20 47
20 48
20 49
21 47
21 48
21 49
22 47
22 48
22 49
23 47
23 48
23 49
24 47
24 48
0
Yes
11 20
11 21
11 22
11 23
12 20
12 21
12 22
12 23
13 20
13 21
13 22
13 23
14 20
14 21
0
No
0
No
0
Yes
45 22
45 23
45 24
45 25
45 26
45 27
45 28
45 29
45 30
45 31
46 22
46 23
46 24
46 25
46 26
46 27
46 28
46 29
46 30
46 31
47 22
47 23
47 24
47 25
47 26
47 27
47 28
47 29
47 30
47 31
48 22
48 23
48 24
48 25
48 26
48 27
48 28
48 29
48 30
48 31
49 22
49 23
49 24
49 25
49 26
49 27
49 28
49 29
49 30
49 31
0
Yes
43 44
44 44
43 43
43 45
44 43
44 45
42 44
42 43
42 45
45 43
43 42
43 46
44 42
44 46
41 44
42 42
42 46
45 42
45 46
41 43
41 45
46 43
46 44
46 45
43 41
43 47
44 41
44 47
41 42
41 46
46 42
46 46
42 41
42 47
45 41
45 47
40 44
47 44
40 43
40 45
47 43
47 45
41 41
41 47
46 41
46 47
40 42
40 46
43 40
43 48
44 40
44 48
47 42
47 46
42 40
42 48
45 40
45 48
39 44
48 44
39 43
39 45
40 41
40 47
47 41
47 47
48 43
48 45
41 40
41 48
46 40
46 48
39 42
39 46
48 42
48 46
43 39
43 49
44 39
44 49
42 39
42 49
45 39
45 49
40 40
40 48
47 40
47 48
39 41
39 47
48 41
48 47
38 44
49 44
38 43
38 45
41 39
41 49
46 39
46 49
49 43
49 45
38 42
38 46
49 42
49 46
39 40
39 48
43 38
44 38
48 40
48 48
40 39
40 49
47 39
47 49
42 38
45 38
38 41
49 41
49 47
41 38
46 38
39 39
39 49
48 39
48 49
49 40
49 48
40 38
38 49
49 39
49 49
39 38
0
No
0
Yes
38 16
37 16
38 15
38 17
39 16
37 15
37 17
39 15
39 17
36 16
38 14
38 18
40 16
36 15
36 17
37 14
37 18
39 14
39 18
40 15
40 17
36 14
36 18
40 14
40 18
35 16
38 13
38 19
41 16
35 15
35 17
37 13
37 19
39 13
39 19
41 15
41 17
35 14
35 18
36 13
36 19
40 13
40 19
41 14
41 18
34 16
38 12
38 20
42 16
34 15
34 17
37 12
37 20
39 12
39 20
42 15
42 17
35 13
35 19
41 13
41 19
34 14
34 18
36 12
36 20
40 12
40 20
42 14
42 18
33 16
34 13
34 19
35 12
35 20
38 11
38 21
41 12
41 20
42 13
42 19
33 15
33 17
37 11
37 21
39 11
39 21
43 17
33 14
33 18
36 11
36 21
40 11
40 21
34 20
42 12
42 20
33 13
33 19
35 11
35 21
41 11
41 21
43 19
38 10
32 15
37 10
39 10
32 14
36 10
40 10
33 12
33 20
34 11
34 21
42 11
42 21
43 20
32 13
32 19
35 10
41 10
33 11
33 21
43 21
32 12
32 20
34 10
42 10
32 11
32 21
33 10
32 10
0
No
0
Yes
25 8
25 9
25 10
25 11
25 12
25 13
25 14
25 15
25 16
25 17
25 18
26 8
26 9
26 10
26 11
26 12
26 13
26 14
26 15
26 16
26 17
26 18
27 8
27 9
27 10
27 11
27 12
27 13
27 14
27 15
27 16
27 17
27 18
28 8
28 9
28 10
28 11
28 12
28 13
28 14
28 15
28 16
28 17
28 18
29 8
29 9
29 10
29 11
29 12
29 13
29 14
29 15
29 16
29 17
29 18
30 8
30 9
30 10
30 11
30 12
30 13
30 14
30 15
30 16
30 17
30 18
31 8
31 9
31 10
31 11
31 12
31 13
31 14
31 15
31 16
0
No
0
Yes
3 14
3 15
3 16
3 17
3 18
3 19
3 20
3 21
3 22
3 23
3 24
3 25
4 14
4 15
4 16
4 17
4 18
4 19
4 20
4 21
4 22
4 23
4 24
4 25
5 14
5 15
5 16
5 17
5 18
5 19
5 20
5 21
5 22
5 23
5 24
5 25
6 14
6 15
6 16
6 17
6 18
6 19
6 20
6 21
6 22
6 23
6 24
6 25
7 14
7 15
7 16
7 17
7 18
7 19
7 20
7 21
7 22
7 23
7 24
7 25
8 14
8 15
8 16
8 17
8 18
8 19
8 20
8 21
8 22
8 23
8 24
8 25
9 14
9 15
9 16
9 17
9 18
9 19
9 20
9 21
9 22
9 23
9 24
9 25
10 14
10 15
10 16
10 17
10 18
10 19
10 20
10 21
10 22
0
No
0
No
0
Yes
25 8
25 9
25 10
25 11
25 12
25 13
25 14
25 15
25 16
25 17
25 18
26 8
26 9
26 10
26 11
26 12
26 13
26 14
26 15
26 16
26 17
26 18
27 8
27 9
27 10
27 11
27 12
27 13
27 14
27 15
27 16
27 17
27 18
28 8
28 9
28 10
28 11
28 12
28 13
28 14
28 15
28 16
28 17
28 18
29 8
29 9
29 10
29 11
29 12
29 13
29 14
29 15
29 16
29 17
29 18
30 8
30 9
30 10
30 11
30 12
30 13
30 14
30 15
30 16
30 17
30 18
31 8
31 9
31 10
31 11
31 12
31 13
31 14
0
Yes
16 0
16 1
16 2
16 3
16 4
16 5
16 6
16 7
16 8
17 0
17 1
17 2
17 3
17 4
17 5
17 6
17 7
17 8
18 0
18 1
18 2
18 3
18 4
18 5
18 6
18 7
18 8
19 0
19 1
19 2
19 3
19 4
19 5
19 6
19 7
19 8
20 0
20 1
20 2
20 3
20 4
20 5
20 6
20 7
20 8
21 0
21 1
21 2
21 3
21 4
21 5
21 6
21 7
21 8
22 0
22 1
22 2
22 3
22 4
22 5
22 6
22 7
22 8
23 0
23 1
0
Yes
0 10
0 11
0 12
1 10
1 11
1 12
2 10
0
Yes
9 35
9 36
9 37
9 38
9 39
9 40
9 41
9 42
9 43
9 44
9 45
9 46
9 47
9 48
9 49
10 35
10 36
10 37
10 38
10 39
10 40
10 41
10 42
10 43
10 44
10 45
10 46
10 47
10 48
10 49
11 35
11 36
11 37
11 38
11 39
11 40
11 41
11 42
11 43
11 44
11 45
11 46
11 47
11 48
11 49
12 35
12 36
12 37
12 38
12 39
12 40
12 41
12 42
12 43
12 44
12 45
12 46
12 47
12 48
12 49
13 35
13 36
13 37
13 38
13 39
13 40
13 41
13 42
13 43
13 44
13 45
13 46
13 47
13 48
13 49
14 35
14 36
14 37
14 38
14 39
14 40
14 41
14 42
14 43
14 44
14 45
14 46
14 47
14 48
14 49
15 35
15 36
15 37
15 38
15 39
15 40
15 41
15 42
15 43
15 44
0
Yes
33 28
32 28
32 29
33 29
34 29
34 28
34 27
33 30
34 30
35 28
35 29
35 27
35 30
35 26
34 26
33 26
33 25
34 25
35 25
34 31
33 31
35 31
32 31
36 27
36 28
36 29
36 26
36 30
36 25
36 31
37 28
37 27
37 29
37 26
37 30
37 25
37 31
34 24
35 24
36 24
33 24
37 24
33 23
34 23
35 23
36 23
37 23
32 23
38 27
38 28
38 29
38 26
38 30
38 25
38 24
38 31
38 23
39 28
39 29
39 30
32 22
33 22
34 22
40 29
40 28
40 30
40 27
37 22
38 22
39 24
39 23
39 22
41 28
41 29
41 27
41 30
41 26
41 31
40 23
40 24
40 22
40 25
41 25
41 24
41 23
41 22
42 27
42 28
42 29
42 26
42 30
42 25
42 24
42 23
42 31
42 22
42 32
41 32
40 32
40 33
41 33
42 33
39 33
39 34
40 34
41 34
42 34
40 35
41 35
39 35
42 35
39 36
40 36
41 36
42 36
43 26
43 25
43 24
43 23
43 22
43 31
43 32
43 33
43 34
43 35
43 36
40 37
41 37
42 37
39 37
43 37
44 25
44 24
44 23
44 26
44 22
0
Yes
15 4
15 5
16 4
16 5
14 4
14 5
15 6
16 3
16 6
17 4
17 5
14 3
14 6
17 3
17 6
13 4
15 7
16 2
16 7
18 4
18 5
13 3
14 2
17 2
17 7
18 3
18 6
12 4
12 5
13 2
15 8
16 1
16 8
18 2
18 7
19 4
19 5
12 3
12 6
14 8
17 1
17 8
19 3
19 6
12 2
12 7
13 1
18 1
18 8
19 2
19 7
11 4
11 5
16 0
15 0
20 4
20 5
11 3
11 6
14 0
17 0
20 3
20 6
12 1
12 8
19 1
19 8
11 2
11 7
13 0
18 0
20 2
20 7
10 4
10 5
21 4
21 5
10 3
10 6
11 1
11 8
12 0
19 0
20 1
20 8
21 3
21 6
10 2
10 7
21 2
21 7
11 0
20 0
9 4
9 5
10 1
10 8
21 1
21 8
22 4
22 5
9 3
9 6
22 3
22 6
9 2
9 7
22 2
22 7
10 0
21 0
9 1
9 8
22 1
22 8
8 4
8 5
23 4
23 5
8 3
8 6
23 3
23 6
8 2
8 7
9 0
22 0
23 2
23 7
8 1
23 1
23 8
7 4
7 5
7 3
7 6
8 0
23 0
0
No
0
Yes
35 0
35 1
35 2
36 0
36 1
36 2
37 0
37 1
37 2
38 0
38 1
38 2
39 0
39 1
39 2
0
No
0
Yes
6 0
6 1
6 2
6 3
7 0
7 1
7 2
0
No
0
Yes
0 37
0 38
0 39
0 40
0 41
0 42
1 37
1 38
1 39
1 40
1 41
1 42
2 37
2 38
2 39
2 40
2 41
2 42
3 37
3 38
3 39
3 40
3 41
3 42
4 37
4 38
4 39
4 40
4 41
4 42
5 37
5 38
5 39
0
No
0
Yes
47 0
47 1
47 2
47 3
48 0
48 1
48 2
48 3
49 0
49 1
49 2
0
Yes
0 31
0 32
0 33
0 34
0 35
0 36
1 31
1 32
1 33
1 34
1 35
1 36
2 31
2 32
2 33
2 34
2 35
2 36
3 31
3 32
3 33
3 34
3 35
3 36
4 31
4 32
4 33
4 34
4 35
4 36
5 31
5 32
5 33
0
Yes
9 8
9 9
9 10
10 8
10 9
0
Yes
8 0
8 1
8 2
8 3
8 4
8 5
8 6
8 7
9 0
9 1
9 2
9 3
9 4
9 5
9 6
9 7
10 0
10 1
10 2
10 3
10 4
10 5
10 6
10 7
11 0
11 1
11 2
11 3
11 4
11 5
11 6
11 7
12 0
12 1
12 2
12 3
12 4
12 5
12 6
12 7
13 0
13 1
13 2
13 3
0
Yes
24 8
24 9
24 10
24 11
24 12
24 13
24 14
24 15
24 16
24 17
24 18
25 8
25 9
25 10
25 11
25 12
25 13
25 14
25 15
25 16
25 17
25 18
26 8
26 9
26 10
26 11
26 12
26 13
26 14
26 15
26 16
26 17
26 18
27 8
27 9
27 10
27 11
27 12
27 13
27 14
27 15
27 16
27 17
27 18
28 8
28 9
28 10
28 11
28 12
28 13
28 14
28 15
28 16
28 17
28 18
29 8
29 9
29 10
29 11
29 12
29 13
29 14
29 15
29 16
29 17
29 18
30 8
30 9
30 10
30 11
30 12
30 13
30 14
30 15
30 16
30 17
30 18
31 8
31 9
31 10
31 11
31 12
31 13
0
Yes
48 17
48 18
48 19
48 20
49 17
49 18
49 19
49 20
0
Yes
14 20
14 21
14 22
14 23
14 24
14 25
15 20
15 21
15 22
15 23
15 24
15 25
16 20
16 21
16 22
16 23
16 24
16 25
17 20
17 21
17 22
17 23
17 24
17 25
18 20
18 21
18 22
18 23
18 24
18 25
19 20
19 21
19 22
19 23
19 24
19 25
20 20
20 21
20 22
20 23
20 24
20 25
21 20
21 21
21 22
21 23
21 24
21 25
22 20
22 21
22 22
22 23
22 24
22 25
23 20
23 21
23 22
23 23
23 24
23 25
24 20
24 21
24 22
24 23
24 24
24 25
25 20
25 21
25 22
25 23
25 24
25 25
26 20
26 21
26 22
26 23
26 24
26 25
27 20
27 21
27 22
27 23
27 24
27 25
28 20
0
No
0
No
0
No
0
Yes
0 39
0 40
0 41
0 42
1 39
1 40
1 41
1 42
2 39
2 40
2 41
2 42
3 39
3 40
3 41
3 42
4 39
4 40
4 41
4 42
5 39
5 40
0
Yes
10 35
10 36
10 37
10 38
10 39
10 40
10 41
10 42
10 43
11 35
11 36
11 37
11 38
11 39
11 40
11 41
11 42
11 43
12 35
12 36
12 37
12 38
12 39
12 40
12 41
12 42
12 43
13 35
13 36
13 37
13 38
13 39
13 40
13 41
13 42
13 43
14 35
14 36
14 37
14 38
14 39
14 40
14 41
14 42
14 43
15 35
15 36
15 37
15 38
15 39
15 40
15 41
15 42
15 43
16 35
16 36
16 37
16 38
16 39
16 40
16 41
16 42
16 43
17 35
17 36
17 37
17 38
17 39
17 40
17 41
17 42
17 43
18 35
18 36
18 37
18 38
18 39
18 40
18 41
18 42
18 43
0
Yes
45 0
45 1
45 2
46 0
46 1
46 2
0
No
0
No
0
No
0
Yes
45 28
46 28
45 27
45 29
46 27
46 29
44 28
47 28
44 27
44 29
47 27
47 29
45 26
45 30
46 26
46 30
44 26
47 26
47 30
48 28
48 27
48 29
45 25
45 31
46 25
46 31
43 26
48 26
48 30
44 25
44 31
47 25
47 31
49 28
49 27
49 29
43 25
43 31
48 25
48 31
42 26
42 27
42 28
42 29
42 30
45 24
45 32
46 24
46 32
49 26
49 30
44 24
44 32
47 24
47 32
41 28
41 27
41 29
42 25
42 31
49 25
49 31
43 24
43 32
48 24
48 32
41 26
41 30
45 23
45 33
46 23
46 33
44 23
44 33
47 23
47 33
42 24
42 32
49 24
49 32
41 25
41 31
43 23
43 33
48 23
48 33
41 24
41 32
45 22
46 22
42 23
42 33
49 23
49 33
44 22
47 22
43 22
48 22
41 23
41 33
42 22
49 22
0
Yes
24 26
24 25
23 25
25 25
25 26
25 27
24 27
24 28
25 28
26 26
26 27
26 25
26 28
23 24
24 24
25 24
26 24
22 24
22 25
22 26
21 26
21 25
21 24
24 23
23 23
25 23
22 23
26 23
21 23
25 29
24 29
26 29
27 25
27 26
27 27
27 24
27 28
27 23
27 29
24 30
25 30
26 30
27 30
28 26
28 25
28 27
28 24
28 28
28 29
28 23
28 30
20 25
20 24
20 26
20 23
23 22
24 22
25 22
22 22
26 22
21 22
27 22
20 22
28 22
19 26
19 25
19 24
19 23
19 22
24 21
23 21
25 21
22 21
26 21
21 21
27 21
20 21
28 21
19 21
25 31
26 31
27 31
24 31
28 31
29 25
29 26
29 27
29 24
29 28
29 23
29 29
29 22
29 30
29 31
30 26
30 25
30 27
30 24
30 28
30 23
30 29
30 30
30 22
30 31
18 25
18 24
18 23
18 22
18 26
18 21
23 20
24 20
25 20
22 20
26 20
21 20
27 20
20 20
19 20
28 20
18 20
24 19
23 19
25 19
22 19
26 19
21 19
27 19
28 19
31 25
31 26
31 27
31 24
31 28
31 23
0
No
0
Yes
0 0
0 1
0 2
1 0
1 1
1 2
2 0
2 1
2 2
0
Yes
19 43
19 44
18 44
20 44
20 43
21 43
21 44
18 45
19 45
20 45
17 45
19 46
18 46
20 46
17 46
22 44
22 43
22 45
23 43
23 44
23 45
18 47
19 47
20 47
17 47
16 46
16 45
16 47
15 45
15 46
15 47
15 44
21 47
19 48
18 48
20 48
17 48
16 48
21 48
15 48
23 46
14 44
14 45
14 46
14 47
14 48
24 44
24 45
24 43
24 46
22 48
22 47
23 47
23 48
24 47
24 48
18 49
19 49
20 49
17 49
21 49
16 49
22 49
15 49
23 49
14 49
24 49
13 45
13 46
13 47
13 48
13 44
13 49
25 45
25 44
25 46
25 47
25 48
25 49
12 44
12 45
12 46
12 47
12 48
12 49
26 46
26 45
26 47
26 48
26 49
11 45
11 46
11 47
11 48
11 44
11 49
27 45
27 46
27 47
27 48
27 49
10 44
10 45
10 46
10 47
10 48
10 49
0
Yes
16 0
16 1
16 2
16 3
16 4
16 5
17 0
17 1
17 2
17 3
17 4
17 5
18 0
18 1
18 2
18 3
18 4
18 5
19 0
19 1
19 2
19 3
19 4
19 5
20 0
20 1
20 2
20 3
20 4
20 5
21 0
21 1
21 2
21 3
21 4
21 5
22 0
22 1
22 2
22 3
22 4
22 5
23 0
23 1
23 2
23 3
0
Yes
14 20
14 21
14 22
14 23
14 24
14 25
15 20
15 21
15 22
15 23
15 24
15 25
16 20
16 21
16 22
16 23
16 24
16 25
17 20
17 21
17 22
17 23
17 24
17 25
18 20
18 21
18 22
18 23
18 24
18 25
19 20
19 21
19 22
19 23
19 24
19 25
20 20
20 21
20 22
20 23
20 24
20 25
21 20
21 21
21 22
21 23
21 24
21 25
22 20
22 21
22 22
22 23
22 24
22 25
23 20
23 21
23 22
23 23
23 24
23 25
24 20
24 21
24 22
24 23
24 24
24 25
25 20
25 21
25 22
25 23
25 24
25 25
26 20
26 21
26 22
26 23
26 24
26 25
27 20
27 21
27 22
27 23
27 24
27 25
0
No
0
No
0
No
0
Yes
24 26
24 27
24 28
24 29
24 30
24 31
25 26
25 27
25 28
25 29
25 30
25 31
26 26
26 27
26 28
26 29
26 30
26 31
27 26
27 27
27 28
27 29
27 30
27 31
28 26
28 27
28 28
28 29
28 30
28 31
29 26
29 27
29 28
29 29
29 30
29 31
30 26
30 27
30 28
30 29
30 30
30 31
31 26
31 27
31 28
31 29
31 30
0
Yes
12 33
12 32
11 32
13 32
13 33
13 34
12 34
11 34
14 33
14 32
14 34
11 31
12 31
13 31
14 31
10 31
10 32
12 30
11 30
13 30
10 30
14 30
15 34
15 33
11 29
12 29
13 29
10 29
14 29
9 30
9 31
9 29
8 31
8 30
8 29
8 32
12 28
11 28
13 28
10 28
9 28
14 28
8 28
7 32
7 31
7 30
7 29
7 28
7 33
8 33
8 34
7 34
7 35
8 35
9 35
9 36
8 36
7 36
8 37
9 37
7 37
9 38
8 38
7 38
6 33
6 32
6 34
6 31
6 35
6 30
6 36
6 29
6 37
6 28
6 38
11 27
12 27
13 27
10 27
9 27
8 27
7 27
14 27
6 27
12 26
11 26
13 26
14 26
5 34
5 35
5 36
5 37
5 38
5 30
5 29
5 28
5 27
9 26
8 26
7 26
6 26
5 26
11 25
12 25
4 29
4 28
4 27
4 30
4 26
4 37
4 38
3 28
3 29
3 27
3 26
3 38
3 37
2 29
2 28
2 27
2 26
2 37
2 38
1 28
1 27
1 29
1 26
1 30
1 38
1 37
0 30
0 29
0 28
0 27
0 26
0 37
0 38
2 25
1 25
0 25
1 24
2 24
0 24
0
Yes
34 23
34 24
34 25
34 26
34 27
34 28
34 29
34 30
34 31
35 23
35 24
35 25
35 26
35 27
35 28
35 29
35 30
35 31
36 23
36 24
36 25
36 26
36 27
36 28
36 29
36 30
36 31
37 23
37 24
37 25
37 26
37 27
37 28
37 29
37 30
37 31
38 23
38 24
38 25
38 26
38 27
38 28
38 29
38 30
38 31
39 23
0
No
0
No
0
No
0
No
0
Yes
11 12
11 13
11 14
11 15
11 16
11 17
11 18
11 19
12 12
12 13
12 14
12 15
12 16
12 17
12 18
12 19
13 12
13 13
13 14
13 15
13 16
13 17
13 18
13 19
14 12
14 13
14 14
14 15
14 16
14 17
14 18
14 19
15 12
15 13
15 14
15 15
15 16
15 17
15 18
15 19
16 12
16 13
16 14
16 15
16 16
16 17
16 18
16 19
17 12
17 13
17 14
17 15
17 16
17 17
17 18
17 19
18 12
18 13
18 14
18 15
18 16
18 17
18 18
18 19
19 12
19 13
19 14
19 15
19 16
19 17
19 18
19 19
20 12
20 13
20 14
20 15
20 16
20 17
20 18
0
Yes
0 37
0 38
0 39
0 40
0 41
0 42
1 37
1 38
1 39
1 40
1 41
1 42
2 37
2 38
2 39
2 40
2 41
2 42
3 37
3 38
3 39
3 40
3 41
3 42
4 37
4 38
4 39
0
Yes
35 0
35 1
35 2
36 0
36 1
36 2
37 0
37 1
37 2
38 0
38 1
38 2
39 0
0
Yes
24 0
24 1
24 2
24 3
24 4
24 5
24 6
25 0
25 1
25 2
25 3
25 4
25 5
25 6
26 0
26 1
26 2
26 3
26 4
26 5
26 6
27 0
27 1
27 2
27 3
27 4
27 5
27 6
28 0
28 1
28 2
28 3
28 4
28 5
28 6
29 0
29 1
29 2
29 3
29 4
29 5
29 6
30 0
30 1
30 2
0
No
0
Yes
30 3
30 4
30 5
30 6
30 7
31 3
31 4
31 5
31 6
31 7
32 3
32 4
32 5
32 6
32 7
33 3
33 4
33 5
33 6
33 7
34 3
0
Yes
45 6
45 7
45 8
45 9
45 10
46 6
46 7
46 8
46 9
46 10
47 6
47 7
47 8
47 9
47 10
48 6
48 7
48 8
48 9
48 10
49 6
49 7
49 8
49 9
0
Yes
15 34
14 34
14 33
15 33
13 33
13 34
13 32
14 32
12 34
12 33
12 32
14 31
13 31
12 31
11 32
11 31
13 30
12 30
14 30
11 30
14 29
13 29
12 29
11 29
10 31
10 30
10 32
10 29
13 28
12 28
11 28
14 28
10 28
14 27
13 27
12 27
11 27
10 27
9 30
9 31
9 29
9 28
9 27
8 31
8 30
8 29
8 28
8 27
8 32
7 32
7 31
7 30
7 29
7 28
7 27
7 33
8 33
8 34
7 34
7 35
8 35
9 35
9 36
8 36
7 36
8 37
9 37
7 37
9 38
8 38
7 38
13 26
12 26
11 26
14 26
6 34
6 33
6 35
6 32
6 36
6 31
6 37
6 30
6 29
6 28
6 38
6 27
12 25
11 25
9 26
8 26
7 26
6 26
5 35
5 34
5 36
5 37
5 38
5 30
5 29
5 28
5 27
0
Yes
4 2
4 3
4 4
4 5
4 6
4 7
4 8
4 9
5 2
5 3
5 4
5 5
5 6
5 7
5 8
5 9
6 2
6 3
6 4
6 5
6 6
6 7
6 8
6 9
7 2
7 3
7 4
7 5
7 6
7 7
7 8
7 9
0
Yes
39 7
38 7
38 6
39 6
38 8
39 8
40 6
40 7
39 5
38 5
40 5
41 7
41 6
41 5
37 6
37 7
37 8
37 5
37 9
36 7
36 6
36 8
36 5
36 9
38 4
39 4
40 4
37 4
41 4
42 6
42 5
42 7
42 4
39 3
38 3
40 3
41 3
37 3
42 3
43 7
43 6
43 5
43 4
43 3
35 6
35 7
35 8
35 5
35 9
43 8
34 7
34 6
34 8
34 9
44 6
44 7
44 5
44 4
44 8
44 3
44 9
43 9
42 9
43 10
44 10
42 2
43 2
44 2
33 8
33 9
45 5
45 4
45 3
44 11
43 11
43 12
44 12
43 1
42 1
41 1
45 11
45 12
32 9
32 8
41 0
42 0
43 0
40 0
40 1
39 1
39 2
46 4
46 3
44 13
43 13
45 13
43 14
44 14
45 14
46 12
46 13
46 11
46 14
44 15
45 15
43 15
46 15
43 16
44 16
45 16
46 16
47 13
47 12
47 14
47 15
47 16
48 12
48 13
48 14
48 15
48 16
48 11
49 11
49 12
49 13
49 14
49 15
49 16
44 17
45 17
46 17
47 17
46 18
47 18
47 19
46 19
0
No
0
Yes
48 0
48 1
48 2
48 3
49 0
49 1
49 2
0
No
0
Yes
11 20
11 21
11 22
11 23
12 20
12 21
12 22
12 23
13 20
13 21
13 22
13 23
0
Yes
0 26
0 27
0 28
0 29
1 26
1 27
1 28
1 29
2 26
2 27
2 28
2 29
3 26
3 27
3 28
3 29
4 26
4 27
4 28
4 29
5 26
0
Yes
21 15
21 16
21 17
21 18
22 15
22 16
22 17
22 18
23 15
23 16
23 17
0
No
0
No
0
Yes
31 0
31 1
32 0
32 1
33 0
33 1
34 0
0
No
0
Yes
32 22
32 23
33 22
33 23
34 22
0
Yes
18 6
18 7
18 8
18 9
18 10
18 11
19 6
19 7
19 8
19 9
19 10
19 11
20 6
20 7
20 8
20 9
20 10
20 11
21 6
21 7
21 8
21 9
21 10
21 11
22 6
22 7
22 8
22 9
22 10
22 11
23 6
23 7
23 8
23 9
23 10
23 11
0
Yes
19 37
19 38
19 39
19 40
19 41
19 42
20 37
20 38
20 39
20 40
20 41
20 42
21 37
21 38
21 39
21 40
21 41
21 42
22 37
22 38
22 39
22 40
22 41
22 42
23 37
23 38
23 39
23 40
23 41
23 42
24 37
24 38
24 39
24 40
24 41
24 42
25 37
25 38
25 39
25 40
25 41
25 42
0
No
0
No
0
No
0
No
0
No
0
Yes
33 38
32 38
32 39
33 39
34 39
34 38
33 40
32 40
34 40
35 38
35 39
35 40
31 39
31 38
31 40
30 38
30 39
30 40
32 41
33 41
34 41
31 41
35 41
30 41
36 39
36 40
36 38
36 41
33 42
32 42
34 42
31 42
35 42
30 42
36 42
37 38
37 39
37 40
37 41
37 42
29 39
29 40
29 41
29 38
29 42
28 38
28 39
28 40
28 41
28 42
32 43
33 43
34 43
31 43
35 43
30 43
36 43
29 43
37 43
28 43
38 39
38 40
38 38
33 44
32 44
34 44
31 44
35 44
30 44
36 44
29 44
37 44
28 44
27 39
27 40
27 41
27 42
27 43
27 38
26 38
26 39
26 40
26 41
26 42
26 37
32 45
33 45
34 45
31 45
35 45
30 45
36 45
29 45
37 45
28 45
33 46
32 46
34 46
31 46
35 46
30 46
36 46
29 46
37 46
28 46
32 47
33 47
34 47
31 47
35 47
30 47
36 47
29 47
37 47
28 47
33 48
32 48
34 48
31 48
35 48
30 48
36 48
29 48
37 48
28 48
32 49
33 49
34 49
31 49
35 49
30 49
36 49
29 49
37 49
28 49
26 36
27 36
27 35
26 35
28 35
28 36
28 34
27 34
26 34
27 33
28 33
26 33
28 32
27 32
26 32
0
Yes
24 0
24 1
24 2
24 3
24 4
24 5
24 6
25 0
25 1
25 2
25 3
25 4
25 5
25 6
26 0
26 1
26 2
26 3
26 4
26 5
26 6
27 0
27 1
27 2
27 3
27 4
27 5
27 6
28 0
28 1
28 2
28 3
28 4
28 5
28 6
29 0
29 1
29 2
29 3
29 4
0
No
0
Yes
34 23
34 24
34 25
34 26
34 27
34 28
34 29
35 23
35 24
35 25
35 26
35 27
35 28
35 29
36 23
36 24
36 25
36 26
36 27
36 28
36 29
37 23
37 24
37 25
37 26
37 27
37 28
37 29
38 23
38 24
38 25
38 26
38 27
38 28
38 29
39 23
39 24
0
No
0
No
0
No
0
Yes
0 31
0 32
0 33
0 34
0 35
0 36
1 31
1 32
1 33
1 34
1 35
1 36
2 31
2 32
2 33
2 34
2 35
2 36
3 31
3 32
3 33
3 34
3 35
3 36
4 31
4 32
4 33
4 34
4 35
0
Yes
14 20
14 21
14 22
14 23
14 24
14 25
15 20
15 21
15 22
15 23
15 24
15 25
16 20
16 21
16 22
16 23
16 24
16 25
17 20
17 21
17 22
17 23
17 24
0
Yes
9 44
9 45
9 46
9 47
9 48
9 49
10 44
10 45
10 46
10 47
10 48
10 49
11 44
11 45
11 46
11 47
11 48
11 49
12 44
12 45
12 46
12 47
12 48
12 49
13 44
13 45
13 46
13 47
13 48
13 49
14 44
14 45
14 46
14 47
0
Yes
7 22
6 22
6 21
7 21
6 23
7 23
8 21
8 22
8 23
7 20
6 20
8 20
7 24
6 24
8 24
9 22
9 21
9 23
9 20
9 24
5 21
5 22
5 23
5 20
5 24
4 22
4 21
4 23
4 20
4 24
6 19
7 19
8 19
5 19
9 19
4 19
6 25
7 25
8 25
5 25
9 25
4 25
10 21
10 22
10 23
10 20
10 24
10 19
7 18
6 18
8 18
5 18
9 18
4 18
10 18
3 21
3 22
3 23
3 20
3 24
3 19
3 25
3 18
5 26
4 26
3 26
11 24
2 23
2 24
2 25
2 26
6 17
7 17
8 17
5 17
9 17
4 17
10 17
3 17
2 20
2 21
4 27
3 27
2 27
7 16
6 16
8 16
5 16
9 16
4 16
10 16
3 16
1 24
1 25
1 26
1 27
2 17
2 16
6 15
7 15
8 15
5 15
9 15
4 15
3 15
10 15
3 28
2 28
4 28
1 28
0 25
0 26
0 27
0 24
0 28
0 23
4 29
3 29
2 29
1 29
0 29
7 14
6 14
8 14
5 14
9 14
4 14
10 14
3 14
6 13
7 13
8 13
5 13
9 13
4 13
10 13
3 13
1 30
0 30
7 12
6 12
8 12
5 12
9 12
10 12
0
Yes
21 19
21 20
21 21
21 22
21 23
21 24
21 25
22 19
22 20
22 21
22 22
22 23
22 24
22 25
23 19
23 20
23 21
23 22
23 23
23 24
23 25
24 19
24 20
24 21
24 22
24 23
24 24
24 25
25 19
25 20
25 21
25 22
25 23
25 24
25 25
26 19
26 20
26 21
26 22
26 23
26 24
26 25
27 19
27 20
27 21
27 22
27 23
27 24
27 25
28 19
28 20
28 21
28 22
28 23
28 24
28 25
0
No
0
Yes
43 12
43 13
43 14
43 15
43 16
44 12
44 13
44 14
44 15
44 16
45 12
45 13
45 14
45 15
45 16
46 12
46 13
46 14
46 15
46 16
47 12
47 13
47 14
47 15
47 16
48 12
48 13
48 14
48 15
48 16
49 12
49 13
49 14
49 15
0
No
0
Yes
24 32
23 32
23 31
23 33
24 33
25 33
25 32
24 34
23 34
25 34
22 31
22 32
22 33
22 34
22 30
23 30
21 32
21 31
21 33
21 30
21 34
23 29
22 29
21 29
23 35
24 35
22 35
25 35
21 35
24 36
23 36
22 36
25 36
21 36
20 31
20 32
20 33
20 30
20 34
20 35
20 29
20 36
22 28
21 28
23 28
20 28
19 32
19 31
19 33
19 30
19 34
19 29
19 35
19 28
19 36
21 27
22 27
20 27
19 27
18 31
18 32
18 33
18 30
18 34
18 29
18 28
18 27
22 26
21 26
20 26
19 26
18 26
17 32
17 31
17 33
17 30
17 29
17 28
17 27
17 34
16 31
16 32
16 30
16 29
16 28
20 25
19 25
18 25
19 24
20 24
18 24
0
Yes
41 6
40 6
41 5
41 7
42 6
40 5
40 7
42 5
42 7
39 6
41 4
43 6
39 5
39 7
40 4
42 4
43 5
43 7
39 4
39 8
43 4
43 8
38 6
41 3
44 6
38 5
38 7
40 3
42 3
44 5
44 7
38 4
38 8
39 3
43 3
44 4
44 8
37 6
37 5
37 7
45 5
38 3
44 3
37 4
37 8
45 4
36 6
37 3
45 3
36 5
36 7
36 8
46 4
46 3
35 6
35 5
35 7
0
Yes
0 44
0 45
0 46
0 47
0 48
0 49
1 44
1 45
1 46
1 47
1 48
1 49
2 44
2 45
2 46
2 47
2 48
2 49
3 44
3 45
3 46
3 47
3 48
3 49
4 44
4 45
4 46
4 47
4 48
4 49
5 44
5 45
5 46
5 47
5 48
5 49
6 44
6 45
6 46
6 47
6 48
6 49
7 44
7 45
7 46
7 47
7 48
7 49
8 44
8 45
8 46
0
No
0
No
0
No
0
No
0
Yes
23 45
23 46
23 47
23 48
23 49
24 45
24 46
24 47
24 48
24 49
25 45
25 46
25 47
25 48
25 49
26 45
26 46
26 47
26 48
26 49
27 45
27 46
27 47
0
Yes
43 4
42 4
42 3
43 3
42 5
43 5
44 3
44 4
44 5
43 2
42 2
44 2
43 6
42 6
44 6
45 4
45 3
45 5
45 6
41 3
41 4
41 5
41 6
40 4
40 5
40 3
40 6
42 1
43 1
42 7
43 7
44 7
41 7
45 7
40 7
46 3
46 4
41 1
46 6
46 7
43 0
42 0
41 0
43 8
44 8
45 8
46 8
39 3
39 4
39 5
39 6
39 7
39 2
38 4
38 3
38 5
38 6
38 2
38 7
40 0
40 1
39 1
39 0
38 1
38 0
47 7
47 6
47 8
44 9
45 9
46 9
43 9
47 9
42 9
48 6
48 7
48 8
48 9
39 8
38 8
43 10
44 10
45 10
46 10
47 10
48 10
37 3
37 4
37 5
37 2
37 6
37 1
37 7
37 0
37 8
49 7
49 8
49 9
49 6
49 5
36 5
36 6
36 7
36 8
44 11
45 11
46 11
43 11
36 2
36 1
0
Yes
15 45
15 46
15 47
15 48
15 49
16 45
16 46
16 47
16 48
16 49
17 45
17 46
17 47
17 48
17 49
18 45
18 46
18 47
18 48
18 49
19 45
19 46
19 47
19 48
19 49
20 45
20 46
20 47
20 48
20 49
0
Yes
11 9
11 10
11 11
12 9
12 10
12 11
13 9
13 10
13 11
14 9
14 10
14 11
15 9
15 10
15 11
16 9
16 10
0
No
0
Yes
18 6
18 7
18 8
18 9
18 10
18 11
19 6
19 7
19 8
19 9
19 10
19 11
20 6
20 7
20 8
20 9
20 10
20 11
21 6
21 7
21 8
21 9
21 10
21 11
22 6
22 7
22 8
22 9
22 10
22 11
23 6
23 7
23 8
23 9
23 10
23 11
0
No
0
Yes
0 10
0 11
0 12
1 10
1 11
1 12
0
Yes
48 11
48 12
48 13
49 11
49 12
49 13
0
Yes
38 16
37 16
38 15
38 17
39 16
37 15
37 17
39 15
39 17
36 16
38 14
38 18
40 16
36 15
36 17
37 14
37 18
39 14
39 18
40 15
40 17
36 14
36 18
40 14
40 18
35 16
38 13
38 19
41 16
35 15
35 17
37 13
37 19
39 13
39 19
41 15
41 17
35 14
35 18
36 13
36 19
40 13
40 19
41 14
41 18
34 16
38 12
38 20
42 16
34 15
34 17
37 12
37 20
39 12
39 20
42 15
42 17
35 13
35 19
41 13
41 19
34 14
34 18
36 12
36 20
40 12
40 20
42 14
42 18
33 16
34 13
34 19
35 12
35 20
38 11
38 21
41 12
41 20
42 13
42 19
43 16
33 15
33 17
37 11
37 21
39 11
39 21
43 15
43 17
33 14
33 18
36 11
36 21
40 11
40 21
43 14
34 20
42 12
42 20
33 13
33 19
35 11
35 21
41 11
41 21
43 13
43 19
38 10
32 15
37 10
39 10
32 14
36 10
40 10
33 12
33 20
34 11
34 21
42 11
42 21
43 12
43 20
32 13
32 19
35 10
41 10
33 11
33 21
43 21
32 12
32 20
34 10
42 10
32 11
32 21
33 10
32 10
0
Yes
25 8
25 9
25 10
25 11
25 12
25 13
25 14
25 15
26 8
26 9
26 10
26 11
26 12
26 13
26 14
26 15
27 8
27 9
27 10
27 11
27 12
27 13
27 14
27 15
28 8
28 9
28 10
28 11
28 12
28 13
28 14
28 15
29 8
29 9
29 10
29 11
29 12
29 13
29 14
29 15
30 8
30 9
30 10
30 11
30 12
30 13
30 14
30 15
31 8
31 9
31 10
31 11
31 12
31 13
31 14
31 15
32 8
0
No
0
No
0
Yes
0 44
0 45
0 46
0 47
0 48
0 49
1 44
1 45
1 46
1 47
1 48
1 49
2 44
2 45
2 46
2 47
2 48
2 49
3 44
3 45
3 46
3 47
3 48
3 49
4 44
4 45
4 46
4 47
4 48
4 49
5 44
5 45
5 46
5 47
5 48
5 49
6 44
6 45
6 46
6 47
6 48
6 49
7 44
7 45
7 46
7 47
7 48
7 49
8 44
8 45
8 46
8 47
8 48
8 49
9 44
9 45
9 46
9 47
9 48
9 49
10 44
10 45
10 46
10 47
10 48
10 49
11 44
11 45
11 46
11 47
11 48
11 49
12 44
0
Yes
11 10
11 11
11 12
11 13
11 14
11 15
11 16
11 17
11 18
11 19
11 20
11 21
11 22
11 23
12 10
12 11
12 12
12 13
12 14
12 15
12 16
12 17
12 18
12 19
12 20
12 21
12 22
12 23
13 10
13 11
13 12
13 13
13 14
13 15
13 16
13 17
13 18
13 19
13 20
13 21
13 22
13 23
14 10
14 11
14 12
14 13
14 14
14 15
14 16
14 17
14 18
14 19
14 20
14 21
14 22
14 23
15 10
15 11
15 12
15 13
15 14
15 15
15 16
15 17
15 18
15 19
15 20
15 21
15 22
15 23
16 10
16 11
16 12
16 13
16 14
16 15
16 16
16 17
16 18
16 19
16 20
16 21
16 22
16 23
17 10
17 11
17 12
17 13
17 14
17 15
17 16
17 17
17 18
17 19
17 20
17 21
17 22
17 23
18 10
18 11
18 12
18 13
18 14
18 15
18 16
18 17
18 18
18 19
18 20
18 21
18 22
18 23
19 10
19 11
19 12
19 13
19 14
19 15
19 16
19 17
19 18
19 19
19 20
19 21
19 22
19 23
20 10
20 11
20 12
20 13
20 14
20 15
20 16
20 17
20 18
20 19
20 20
20 21
20 22
20 23
21 10
0
Yes
0 31
0 32
0 33
0 34
1 31
1 32
1 33
1 34
2 31
2 32
2 33
2 34
3 31
3 32
3 33
3 34
4 31
4 32
4 33
4 34
5 31
5 32
5 33
0
Yes
30 20
29 20
29 19
30 19
31 19
31 20
31 21
30 18
29 18
31 18
28 18
29 17
30 17
28 17
30 16
29 16
28 16
31 16
27 17
27 18
27 16
26 18
26 17
26 16
25 17
25 18
25 16
24 18
24 17
24 16
23 17
23 18
23 16
24 15
23 15
22 18
22 17
22 16
22 15
23 14
24 14
24 13
23 13
21 17
21 16
21 18
21 15
22 13
31 22
30 22
32 22
30 23
31 23
32 23
29 23
29 22
29 24
30 24
31 24
33 23
33 22
34 22
30 25
29 25
31 25
33 24
29 26
30 26
31 26
28 26
30 27
29 27
31 27
28 27
27 27
27 26
26 26
26 27
29 28
30 28
28 28
27 28
31 28
26 28
32 28
25 27
25 26
25 28
24 26
24 27
24 28
30 29
29 29
31 29
28 29
27 29
26 29
25 29
32 29
24 29
33 29
33 28
29 30
30 30
31 30
28 30
27 30
26 30
25 30
24 30
33 30
34 30
30 31
29 31
28 31
27 31
26 31
25 31
31 31
24 31
32 31
33 31
34 31
35 31
35 30
36 30
36 31
37 31
37 30
38 30
38 31
0
No
0
No
0
No
3
232
0 0
0 1
1 0
1 1
2 0
2 1
3 0
202
16 0
16 1
16 2
16 3
16 4
16 5
16 6
16 7
16 8
16 9
17 0
17 1
17 2
17 3
17 4
17 5
17 6
17 7
17 8
17 9
18 0
18 1
18 2
18 3
18 4
18 5
18 6
18 7
18 8
18 9
19 0
19 1
19 2
19 3
19 4
19 5
19 6
19 7
19 8
19 9
20 0
20 1
20 2
20 3
20 4
20 5
243
0 35
0 36
0 37
0 38
0 39
0 40
0 41
0 42
1 35
1 36
1 37
1 38
1 39
1 40
1 41
1 42
2 35
2 36
2 37
2 38
2 39
2 40
2 41
2 42
3 35
3 36
3 37
3 38
3 39
3 40
3 41
3 42
4 35
4 36
4 37
4 38
4 39
4 40
4 41
4 42
Yes
21 0
21 1
21 2
21 3
21 4
21 5
21 6
22 0
22 1
22 2
22 3
22 4
22 5
22 6
23 0
23 1
23 2
23 3
23 4
23 5
23 6
24 0
24 1
24 2
24 3
24 4
24 5
24 6
25 0
25 1
25 2
25 3
25 4
25 5
25 6
26 0
26 1
26 2
26 3
26 4
26 5
26 6
27 0
27 1
27 2
27 3
27 4
27 5
27 6
28 0
28 1
28 2
28 3
28 4
28 5
28 6
29 0
29 1
29 2
29 3
29 4
29 5
29 6
30 0
30 1
30 2
30 3
30 4
30 5
30 6
31 0
31 1
31 2
31 3
31 4
31 5
31 6
0
Yes
12 45
12 46
12 47
12 48
12 49
13 45
13 46
13 47
13 48
13 49
14 45
14 46
14 47
14 48
14 49
15 45
15 46
15 47
15 48
15 49
16 45
16 46
16 47
16 48
16 49
17 45
17 46
17 47
17 48
17 49
18 45
18 46
18 47
18 48
18 49
19 45
19 46
19 47
0
No
0
Yes
25 8
25 9
25 10
25 11
25 12
25 13
25 14
26 8
26 9
26 10
26 11
26 12
26 13
26 14
27 8
27 9
27 10
27 11
27 12
27 13
27 14
28 8
28 9
28 10
28 11
28 12
28 13
28 14
29 8
29 9
29 10
29 11
29 12
29 13
29 14
30 8
30 9
30 10
30 11
30 12
30 13
0
No
0
Yes
24 26
24 27
24 28
24 29
24 30
24 31
25 26
25 27
25 28
25 29
25 30
25 31
26 26
26 27
26 28
26 29
26 30
26 31
27 26
27 27
27 28
27 29
27 30
27 31
28 26
28 27
28 28
28 29
28 30
28 31
29 26
29 27
29 28
29 29
29 30
29 31
30 26
30 27
30 28
30 29
30 30
30 31
31 26
31 27
0
Yes
0 13
0 14
0 15
0 16
0 17
1 13
1 14
1 15
1 16
1 17
2 13
2 14
2 15
2 16
2 17
3 13
3 14
3 15
3 16
3 17
4 13
4 14
4 15
4 16
0
Yes
19 34
19 35
19 36
19 37
19 38
19 39
19 40
19 41
19 42
19 43
19 44
20 34
20 35
20 36
20 37
20 38
20 39
20 40
20 41
20 42
20 43
20 44
21 34
21 35
21 36
21 37
21 38
21 39
21 40
21 41
21 42
21 43
21 44
22 34
22 35
22 36
22 37
22 38
22 39
22 40
22 41
22 42
22 43
22 44
23 34
23 35
23 36
23 37
23 38
23 39
23 40
23 41
23 42
23 43
23 44
24 34
24 35
24 36
24 37
24 38
24 39
24 40
24 41
24 42
24 43
24 44
25 34
25 35
25 36
25 37
25 38
25 39
25 40
25 41
0
Yes
5 12
5 13
5 14
5 15
5 16
5 17
5 18
5 19
6 12
6 13
6 14
6 15
6 16
6 17
6 18
6 19
7 12
7 13
7 14
7 15
7 16
7 17
7 18
7 19
8 12
8 13
8 14
8 15
8 16
8 17
8 18
8 19
9 12
9 13
9 14
9 15
9 16
9 17
9 18
9 19
10 12
10 13
10 14
10 15
10 16
10 17
0
Yes
39 12
39 13
39 14
39 15
39 16
39 17
40 12
40 13
40 14
40 15
40 16
40 17
41 12
41 13
41 14
41 15
41 16
41 17
42 12
42 13
42 14
42 15
42 16
42 17
43 12
43 13
43 14
43 15
43 16
43 17
44 12
44 13
44 14
44 15
44 16
44 17
45 12
45 13
45 14
45 15
45 16
45 17
46 12
46 13
46 14
46 15
46 16
46 17
47 12
47 13
47 14
47 15
0
Yes
0 27
0 28
0 29
0 30
1 27
1 28
1 29
1 30
2 27
2 28
2 29
0
No
0
Yes
21 15
21 16
21 17
21 18
22 15
22 16
22 17
22 18
23 15
23 16
23 17
23 18
24 15
24 16
24 17
24 18
25 15
25 16
25 17
25 18
26 15
26 16
26 17
26 18
27 15
27 16
27 17
27 18
0
Yes
33 13
33 14
33 15
33 16
33 17
33 18
33 19
33 20
33 21
34 13
34 14
34 15
34 16
34 17
34 18
34 19
34 20
34 21
35 13
35 14
35 15
35 16
35 17
35 18
35 19
35 20
35 21
36 13
36 14
36 15
36 16
36 17
36 18
36 19
36 20
36 21
37 13
37 14
37 15
37 16
37 17
37 18
37 19
37 20
37 21
38 13
38 14
38 15
38 16
38 17
0
No
0
Yes
16 28
16 29
16 30
16 31
16 32
17 28
17 29
17 30
17 31
17 32
18 28
18 29
18 30
18 31
18 32
19 28
19 29
19 30
19 31
19 32
20 28
20 29
20 30
20 31
20 32
21 28
21 29
21 30
21 31
21 32
22 28
22 29
22 30
22 31
22 32
23 28
23 29
0
Yes
46 29
46 30
46 31
46 32
46 33
46 34
46 35
47 29
47 30
47 31
47 32
47 33
47 34
47 35
48 29
48 30
48 31
48 32
48 33
48 34
48 35
49 29
49 30
49 31
49 32
49 33
0
No
0
Yes
45 22
45 23
45 24
45 25
45 26
45 27
45 28
46 22
46 23
46 24
46 25
46 26
46 27
46 28
47 22
47 23
47 24
47 25
47 26
47 27
47 28
48 22
48 23
48 24
48 25
48 26
48 27
48 28
49 22
49 23
49 24
49 25
49 26
0
Yes
12 39
12 40
11 39
11 40
13 39
13 40
12 38
12 41
11 38
11 41
13 38
13 41
10 39
10 40
14 39
14 40
10 38
10 41
12 37
12 42
14 38
14 41
11 37
11 42
13 37
13 42
9 39
9 40
15 39
15 40
10 37
10 42
14 37
14 42
9 38
9 41
15 38
15 41
12 36
12 43
11 36
11 43
13 36
13 43
9 37
9 42
15 37
15 42
8 39
8 40
10 36
10 43
14 36
14 43
16 39
16 40
8 38
8 41
16 38
16 41
12 35
9 36
9 43
11 35
13 35
13 44
15 36
15 43
8 37
8 42
16 37
16 42
10 35
14 35
14 44
7 39
7 40
17 39
17 40
7 38
7 41
17 38
17 41
8 36
8 43
16 36
16 43
9 35
15 35
15 44
12 34
7 37
7 42
11 34
13 34
17 37
17 42
10 34
14 34
6 39
6 40
8 35
16 35
18 39
18 40
7 36
7 43
17 36
17 43
6 38
6 41
18 38
18 41
15 34
6 37
18 37
18 42
7 35
17 35
8 34
6 36
6 43
18 36
18 43
5 39
5 40
5 38
5 37
7 34
17 34
6 35
18 35
18 44
5 36
5 43
6 34
18 34
5 35
0
No
0
Yes
34 0
34 1
35 0
35 1
36 0
0
No
0
Yes
7 24
7 25
6 24
6 25
8 24
8 25
7 23
7 26
6 23
6 26
8 23
8 26
5 24
5 25
9 24
9 25
5 23
5 26
7 22
7 27
9 23
9 26
6 22
6 27
8 22
8 27
4 24
4 25
10 24
5 22
5 27
9 22
9 27
4 23
4 26
10 23
7 21
7 28
6 21
6 28
8 21
8 28
4 22
4 27
10 22
10 27
3 24
3 25
5 21
5 28
9 21
9 28
3 23
3 26
7 20
7 29
4 21
4 28
6 20
6 29
8 20
8 29
10 21
10 28
3 22
3 27
5 20
5 29
9 20
9 29
3 21
3 28
4 20
4 29
10 20
10 29
7 19
7 30
6 19
6 30
8 19
8 30
5 19
5 30
9 19
9 30
3 20
3 29
4 19
4 30
10 19
10 30
7 18
7 31
6 18
6 31
8 18
8 31
3 19
5 18
9 18
9 31
4 18
10 18
10 31
7 17
6 17
8 17
3 18
5 17
9 17
4 17
10 17
0
No
0
No
0
Yes
5 12
5 13
5 14
5 15
5 16
5 17
5 18
6 12
6 13
6 14
6 15
6 16
6 17
6 18
7 12
7 13
7 14
7 15
7 16
7 17
7 18
8 12
8 13
8 14
8 15
8 16
8 17
8 18
9 12
9 13
9 14
9 15
9 16
9 17
9 18
10 12
10 13
10 14
10 15
10 16
10 17
0
No
0
Yes
16 0
16 1
16 2
17 0
17 1
17 2
18 0
18 1
18 2
19 0
19 1
0
Yes
19 35
19 34
20 34
20 35
20 36
19 36
19 37
20 37
21 35
21 36
21 34
21 37
20 33
19 33
21 33
18 33
19 32
20 32
18 32
21 32
20 38
19 38
21 38
22 34
22 35
22 36
22 33
22 37
22 32
22 38
17 32
17 33
19 39
20 39
21 39
22 39
23 35
23 34
23 36
23 33
23 37
23 38
23 32
23 39
18 31
19 31
20 31
21 31
22 31
17 31
23 31
16 31
16 32
19 30
18 30
20 30
17 30
21 30
22 30
16 30
23 30
20 40
21 40
22 40
19 40
23 40
24 34
24 35
24 36
24 33
24 37
24 32
24 38
24 39
24 40
19 41
20 41
21 41
22 41
23 41
24 41
25 35
25 34
25 36
25 33
25 37
25 38
25 39
25 40
25 32
25 41
18 29
19 29
20 29
17 29
21 29
22 29
16 29
23 29
19 28
18 28
20 28
17 28
21 28
22 28
16 28
23 28
20 42
21 42
22 42
23 42
24 42
19 42
25 42
15 29
15 28
19 43
20 43
21 43
22 43
23 43
24 43
18 27
19 27
20 27
17 27
21 27
0
No
0
Yes
3 19
3 20
3 21
3 22
3 23
3 24
3 25
3 26
3 27
4 19
4 20
4 21
4 22
4 23
4 24
4 25
4 26
4 27
5 19
5 20
5 21
5 22
5 23
5 24
5 25
5 26
5 27
6 19
6 20
6 21
6 22
6 23
6 24
6 25
6 26
6 27
7 19
7 20
7 21
7 22
7 23
7 24
7 25
7 26
7 27
8 19
8 20
8 21
8 22
8 23
8 24
8 25
8 26
8 27
9 19
9 20
9 21
9 22
9 23
9 24
9 25
9 26
9 27
10 19
10 20
10 21
0
Yes
36 34
36 35
37 34
37 35
35 34
35 35
36 33
36 36
37 33
37 36
38 34
38 35
35 33
35 36
38 33
38 36
34 34
34 35
36 32
36 37
37 32
37 37
39 34
39 35
34 33
34 36
35 32
35 37
38 32
38 37
39 33
39 36
33 34
33 35
34 32
34 37
36 31
37 31
39 37
40 34
40 35
33 33
33 36
35 31
38 31
40 33
40 36
33 32
33 37
34 31
40 32
40 37
32 34
32 35
41 34
41 35
32 33
32 36
41 33
41 36
33 31
32 32
32 37
41 32
41 37
31 34
31 35
42 34
42 35
31 33
31 36
32 31
41 31
42 33
42 36
31 32
31 37
42 32
42 37
30 34
30 35
31 31
42 31
43 34
43 35
30 33
30 36
43 33
43 36
30 32
30 37
43 32
43 37
30 31
43 31
29 34
29 35
29 33
29 36
29 32
29 37
29 31
0
Yes
9 35
9 36
9 37
9 38
9 39
9 40
9 41
9 42
9 43
10 35
10 36
10 37
10 38
10 39
10 40
10 41
10 42
10 43
11 35
11 36
11 37
11 38
11 39
11 40
11 41
11 42
11 43
12 35
12 36
12 37
12 38
12 39
12 40
12 41
12 42
12 43
13 35
13 36
13 37
13 38
13 39
13 40
13 41
13 42
13 43
14 35
14 36
14 37
14 38
14 39
14 40
14 41
14 42
14 43
15 35
15 36
15 37
15 38
15 39
15 40
15 41
15 42
15 43
16 35
16 36
16 37
16 38
16 39
16 40
16 41
16 42
16 43
17 35
17 36
17 37
17 38
17 39
17 40
17 41
17 42
17 43
18 35
18 36
18 37
18 38
18 39
18 40
18 41
18 42
0
Yes
0 37
0 38
0 39
0 40
0 41
0 42
0 43
1 37
1 38
1 39
1 40
1 41
1 42
1 43
2 37
2 38
2 39
2 40
2 41
2 42
2 43
3 37
3 38
3 39
3 40
3 41
3 42
3 43
4 37
4 38
4 39
4 40
4 41
4 42
0
Yes
6 0
6 1
6 2
6 3
6 4
7 0
7 1
7 2
7 3
7 4
0
No
0
No
0
Yes
28 13
27 13
28 12
28 14
29 13
27 12
27 14
29 12
29 14
26 13
28 11
28 15
30 13
26 12
26 14
27 11
27 15
29 11
29 15
30 12
30 14
26 11
26 15
30 11
30 15
25 13
28 10
28 16
31 13
25 12
25 14
27 10
27 16
29 10
29 16
31 12
31 14
25 11
25 15
26 10
26 16
30 10
30 16
31 11
31 15
24 13
28 9
28 17
32 13
24 12
24 14
27 9
27 17
29 9
29 17
32 12
32 14
25 10
25 16
31 10
31 16
24 11
24 15
26 9
26 17
30 9
30 17
32 11
32 15
23 13
24 10
24 16
25 9
25 17
28 8
28 18
31 9
32 10
23 14
27 8
27 18
29 8
29 18
23 11
23 15
26 8
26 18
30 8
30 18
24 9
24 17
32 9
23 10
23 16
25 8
25 18
31 8
31 18
30 7
23 9
23 17
24 8
24 18
32 8
25 7
31 7
23 8
23 18
24 7
32 7
23 7
0
No
0
Yes
44 20
43 20
43 19
43 21
44 21
45 21
45 20
45 19
44 22
43 22
45 22
46 20
46 21
46 19
46 22
42 19
42 20
42 21
42 22
42 18
46 18
41 20
41 19
41 21
41 18
41 22
43 23
44 23
45 23
42 23
46 23
41 23
47 19
47 20
47 21
47 22
47 18
47 23
44 24
43 24
45 24
42 24
46 24
41 24
47 24
40 19
40 20
40 21
40 22
40 23
40 18
40 24
47 17
48 22
48 23
48 24
39 20
39 19
39 21
39 22
39 18
43 25
44 25
45 25
42 25
46 25
41 25
47 25
40 25
48 25
49 23
49 24
49 22
49 25
44 26
43 26
45 26
42 26
46 26
41 26
47 26
48 26
49 26
38 19
38 20
38 21
38 18
38 22
38 17
37 20
37 19
37 21
37 18
37 22
37 17
45 27
44 27
46 27
47 27
48 27
49 27
42 27
41 27
44 28
45 28
46 28
47 28
48 28
49 28
36 19
36 20
36 21
36 18
36 17
37 16
38 16
36 16
38 15
37 15
36 15
0
Yes
0 35
0 36
1 36
1 35
2 35
2 36
1 37
0 37
2 37
0 38
1 38
2 38
3 36
3 37
3 35
3 38
4 35
4 36
4 37
4 38
1 39
2 39
3 39
0 39
4 39
0 40
1 40
2 40
3 40
4 40
5 36
5 37
5 38
5 39
5 35
5 40
5 34
6 35
6 36
6 37
6 38
6 39
6 34
6 40
1 41
2 41
3 41
4 41
0 41
6 33
0 42
1 42
2 42
3 42
4 42
7 34
7 35
7 36
7 37
7 38
7 39
7 33
7 40
7 32
6 32
6 31
7 31
8 35
8 34
8 36
8 33
8 37
8 32
8 38
8 39
8 31
8 40
1 43
2 43
3 43
0 43
4 43
6 41
7 41
8 41
7 30
6 30
8 30
5 30
5 29
6 29
7 29
8 29
4 29
4 30
4 28
5 28
6 28
7 28
8 28
0
Yes
39 45
39 46
39 47
39 48
39 49
40 45
40 46
40 47
40 48
40 49
41 45
41 46
41 47
41 48
41 49
42 45
42 46
42 47
42 48
42 49
43 45
43 46
43 47
43 48
43 49
44 45
44 46
44 47
44 48
0
No
0
Yes
48 49
47 49
47 48
48 48
49 48
49 49
48 47
47 47
49 47
46 48
46 49
46 47
45 49
45 48
45 47
47 46
48 46
46 46
49 46
45 46
48 45
47 45
46 45
49 45
47 44
48 44
49 44
46 44
48 43
47 43
49 43
46 43
45 43
47 42
48 42
46 42
49 42
45 42
48 41
47 41
46 41
49 41
45 41
44 42
44 43
44 41
44 44
43 44
43 43
43 42
43 41
42 43
42 42
42 44
42 41
41 44
41 43
41 42
41 41
47 40
48 40
46 40
45 40
44 40
43 40
42 40
49 40
41 40
40 43
40 42
40 41
40 44
40 40
48 39
47 39
46 39
45 39
44 39
43 39
42 39
41 39
49 39
40 39
39 44
39 43
39 42
39 41
39 40
39 39
46 38
45 38
44 38
43 38
42 38
41 38
40 38
0
Yes
28 29
29 29
28 28
28 30
29 28
29 30
27 29
30 29
27 28
27 30
30 28
30 30
28 27
28 31
29 27
26 29
27 27
27 31
30 27
31 29
26 28
26 30
31 28
31 30
28 26
29 26
26 27
26 31
31 27
27 26
30 26
25 29
32 29
25 28
25 30
32 28
26 26
31 26
25 27
25 31
24 29
24 28
24 30
25 26
24 27
24 31
24 26
0
Yes
0 10
0 11
0 12
1 10
1 11
1 12
0
Yes
17 47
17 48
16 47
16 48
18 47
18 48
17 46
17 49
16 46
16 49
18 46
18 49
15 47
15 48
19 47
19 48
15 46
15 49
17 45
19 46
19 49
16 45
18 45
14 47
14 48
20 47
20 48
15 45
19 45
14 46
14 49
20 46
20 49
14 45
20 45
13 47
13 48
21 47
21 48
13 46
13 49
21 49
13 45
12 47
12 48
12 46
12 49
12 45
0
Yes
44 31
44 32
44 33
44 34
45 31
45 32
45 33
45 34
46 31
46 32
46 33
46 34
47 31
47 32
47 33
47 34
48 31
48 32
48 33
48 34
49 31
49 32
49 33
49 34
0
Yes
9 6
8 6
8 5
9 5
8 7
9 7
10 5
10 6
10 7
9 4
8 4
10 4
9 8
10 8
11 6
11 5
11 7
11 4
11 8
7 5
7 6
7 7
7 4
7 8
6 6
6 5
6 7
6 4
6 8
8 3
9 3
10 3
7 3
11 3
6 3
10 9
9 9
11 9
12 5
12 6
12 7
12 4
12 8
12 3
12 9
9 2
8 2
10 2
7 2
11 2
6 2
12 2
9 10
5 5
5 6
5 7
5 4
5 3
5 8
5 2
6 9
7 9
5 9
13 4
13 3
13 2
4 6
4 5
4 7
4 4
4 8
4 3
4 9
4 2
13 9
8 1
9 1
10 1
7 1
11 1
6 1
12 1
5 1
13 1
5 10
4 10
14 3
14 2
14 4
14 5
9 0
8 0
10 0
7 0
11 0
6 0
12 0
13 0
3 5
3 6
3 7
3 4
3 8
3 3
3 9
3 2
3 10
15 5
15 4
15 6
14 6
16 6
16 5
16 4
16 7
15 7
15 8
16 8
14 8
14 9
15 9
16 9
16 3
0
Yes
5 12
5 13
5 14
5 15
5 16
5 17
5 18
6 12
6 13
6 14
6 15
6 16
6 17
6 18
7 12
7 13
7 14
7 15
7 16
7 17
7 18
8 12
8 13
8 14
8 15
8 16
8 17
8 18
9 12
9 13
9 14
9 15
9 16
9 17
9 18
10 12
10 13
10 14
10 15
10 16
10 17
10 18
0
No
0
No
0
Yes
0 0
0 1
1 0
1 1
2 0
2 1
3 0
3 1
0
Yes
19 37
19 38
19 39
19 40
19 41
19 42
19 43
19 44
20 37
20 38
20 39
20 40
20 41
20 42
20 43
20 44
21 37
21 38
21 39
21 40
21 41
21 42
21 43
21 44
22 37
22 38
22 39
22 40
22 41
22 42
22 43
22 44
23 37
23 38
23 39
23 40
23 41
23 42
23 43
23 44
24 37
24 38
24 39
24 40
24 41
24 42
24 43
24 44
25 37
25 38
0
Yes
19 30
19 31
19 32
19 33
19 34
19 35
19 36
20 30
20 31
20 32
20 33
20 34
20 35
20 36
21 30
21 31
21 32
21 33
21 34
21 35
21 36
22 30
22 31
22 32
22 33
22 34
22 35
22 36
23 30
23 31
23 32
23 33
23 34
23 35
23 36
24 30
24 31
24 32
24 33
24 34
24 35
24 36
25 30
25 31
25 32
25 33
0
No
0
Yes
24 26
24 25
23 25
25 25
25 26
25 27
24 27
24 28
25 28
26 26
26 27
26 25
26 28
23 24
24 24
25 24
26 24
23 28
22 24
22 25
22 26
22 27
22 28
21 26
21 25
21 27
21 24
21 28
24 23
23 23
25 23
22 23
26 23
21 23
23 29
24 29
25 29
22 29
26 29
21 29
27 25
27 26
27 27
27 24
27 28
27 23
27 29
28 26
28 25
28 27
28 24
28 28
28 23
28 29
20 25
20 26
20 27
20 24
20 28
20 29
23 22
24 22
25 22
22 22
26 22
27 22
21 22
28 22
26 30
27 30
28 30
19 26
19 25
19 27
19 28
19 24
19 29
24 21
23 21
25 21
22 21
26 21
27 21
21 21
28 21
29 25
29 26
29 27
29 24
29 28
29 23
29 29
29 22
29 30
27 31
28 31
26 31
30 26
30 25
30 27
30 24
30 28
30 23
30 29
30 22
30 30
18 25
18 26
18 27
18 28
18 24
18 29
23 20
24 20
25 20
22 20
26 20
27 20
21 20
28 20
24 19
23 19
25 19
22 19
26 19
27 19
21 19
28 19
17 27
17 28
17 29
31 25
31 26
31 27
31 24
31 28
31 23
31 29
31 22
31 30
0
No
0
No
0
No
0
Yes
33 23
33 24
33 25
33 26
34 23
34 24
34 25
34 26
35 23
35 24
35 25
35 26
36 23
36 24
36 25
36 26
37 23
37 24
37 25
37 26
38 23
38 24
38 25
38 26
39 23
39 24
0
Yes
45 0
45 1
45 2
46 0
46 1
46 2
47 0
47 1
47 2
0
No
0
No
0
Yes
0 10
0 11
0 12
1 10
1 11
1 12
0
Yes
0 25
0 26
0 27
0 28
0 29
0 30
1 25
1 26
1 27
1 28
1 29
1 30
2 25
2 26
2 27
2 28
2 29
0
No
0
No
0
Yes
0 44
0 45
0 46
0 47
0 48
0 49
1 44
1 45
1 46
1 47
1 48
1 49
2 44
2 45
2 46
2 47
2 48
2 49
3 44
3 45
3 46
3 47
3 48
3 49
0
No
0
Yes
19 35
19 36
19 37
19 38
19 39
19 40
19 41
19 42
19 43
19 44
20 35
20 36
20 37
20 38
20 39
20 40
20 41
20 42
20 43
20 44
21 35
21 36
21 37
21 38
21 39
21 40
21 41
21 42
21 43
21 44
22 35
22 36
22 37
22 38
22 39
22 40
22 41
22 42
22 43
22 44
23 35
23 36
23 37
23 38
23 39
23 40
23 41
23 42
23 43
23 44
24 35
24 36
24 37
24 38
24 39
24 40
24 41
24 42
24 43
24 44
25 35
25 36
25 37
25 38
25 39
25 40
0
No
0
No
0
Yes
20 30
20 31
20 32
20 33
20 34
21 30
21 31
21 32
21 33
21 34
22 30
22 31
22 32
22 33
22 34
23 30
23 31
23 32
23 33
23 34
24 30
24 31
24 32
24 33
24 34
25 30
25 31
25 32
25 33
0
No
0
No
0
No
0
Yes
0 0
0 1
1 0
1 1
2 0
2 1
3 0
0
No
0
No
0
Yes
33 13
33 14
33 15
33 16
33 17
33 18
33 19
33 20
33 21
34 13
34 14
34 15
34 16
34 17
34 18
34 19
34 20
34 21
35 13
35 14
35 15
35 16
35 17
35 18
35 19
35 20
35 21
36 13
36 14
36 15
36 16
36 17
36 18
36 19
36 20
36 21
37 13
37 14
37 15
37 16
37 17
37 18
37 19
37 20
37 21
38 13
38 14
38 15
38 16
38 17
38 18
38 19
38 20
38 21
39 13
39 14
39 15
39 16
39 17
39 18
39 19
39 20
39 21
40 13
40 14
40 15
40 16
40 17
40 18
40 19
40 20
40 21
41 13
41 14
41 15
41 16
41 17
41 18
41 19
41 20
41 21
42 13
42 14
42 15
42 16
42 17
42 18
42 19
42 20
42 21
0
Yes
9 8
9 9
9 10
10 8
10 9
0
No
0
Yes
46 39
46 40
46 41
46 42
46 43
46 44
46 45
47 39
47 40
47 41
47 42
47 43
47 44
47 45
48 39
48 40
48 41
48 42
48 43
48 44
48 45
49 39
49 40
49 41
49 42
49 43
0
Yes
47 14
47 15
47 16
47 17
47 18
47 19
47 20
48 14
48 15
48 16
48 17
48 18
48 19
48 20
49 14
49 15
49 16
49 17
49 18
49 19
49 20
0
Yes
16 30
16 31
16 32
17 30
17 31
17 32
18 30
18 31
18 32
19 30
19 31
0
Yes
44 36
44 37
44 38
44 39
45 36
45 37
45 38
45 39
46 36
46 37
46 38
0
Yes
28 0
28 1
28 2
29 0
29 1
29 2
30 0
30 1
30 2
31 0
31 1
31 2
32 0
32 1
0
Yes
45 0
45 1
45 2
46 0
46 1
46 2
47 0
47 1
47 2
0
Yes
11 13
11 14
11 15
11 16
11 17
11 18
11 19
11 20
11 21
11 22
11 23
12 13
12 14
12 15
12 16
12 17
12 18
12 19
12 20
12 21
12 22
12 23
13 13
13 14
13 15
13 16
13 17
13 18
13 19
13 20
13 21
13 22
13 23
14 13
14 14
14 15
14 16
14 17
14 18
14 19
14 20
14 21
14 22
14 23
15 13
15 14
15 15
15 16
15 17
15 18
15 19
15 20
15 21
15 22
15 23
16 13
16 14
16 15
16 16
16 17
16 18
16 19
16 20
16 21
16 22
16 23
17 13
17 14
17 15
17 16
17 17
17 18
17 19
17 20
17 21
17 22
17 23
18 13
18 14
18 15
18 16
18 17
18 18
18 19
18 20
18 21
18 22
18 23
19 13
19 14
19 15
19 16
19 17
19 18
19 19
19 20
19 21
19 22
19 23
20 13
20 14
20 15
20 16
20 17
0
No
0
Yes
21 8
20 8
20 7
21 7
20 9
21 9
22 7
22 8
22 9
21 6
20 6
22 6
21 10
20 10
22 10
19 7
19 8
19 9
19 6
19 10
23 6
18 8
18 7
18 9
18 6
18 10
20 5
21 5
22 5
19 5
23 5
18 5
20 11
21 11
19 11
22 11
18 11
21 4
20 4
22 4
19 4
23 4
18 4
17 7
17 8
17 9
17 6
17 10
17 5
17 11
17 4
24 5
24 6
24 4
19 12
20 12
18 12
17 12
25 6
25 5
25 4
16 8
16 7
16 9
16 6
16 10
16 5
16 11
16 4
16 12
20 3
21 3
22 3
19 3
23 3
18 3
24 3
17 3
25 3
16 3
26 5
26 4
26 6
26 3
21 2
20 2
22 2
19 2
23 2
24 2
25 2
26 2
15 7
15 8
15 9
15 6
15 10
15 5
15 11
15 4
15 12
27 6
27 5
27 4
27 3
27 2
14 8
14 9
14 10
14 11
14 12
20 1
21 1
22 1
23 1
24 1
25 1
26 1
27 1
14 6
14 5
14 4
28 5
28 4
28 3
28 6
21 0
22 0
23 0
24 0
25 0
26 0
20 0
27 0
13 9
13 10
13 11
13 12
29 6
29 5
29 4
0
No
0
No
0
Yes
4 44
4 45
4 46
4 47
4 48
4 49
5 44
5 45
5 46
5 47
5 48
5 49
6 44
6 45
6 46
6 47
6 48
6 49
7 44
7 45
7 46
7 47
7 48
7 49
8 44
8 45
8 46
8 47
8 48
8 49
9 44
9 45
9 46
9 47
9 48
9 49
10 44
10 45
10 46
10 47
10 48
10 49
11 44
11 45
11 46
11 47
0
Yes
45 22
45 23
45 24
45 25
45 26
45 27
45 28
45 29
45 30
46 22
46 23
46 24
46 25
46 26
46 27
46 28
46 29
46 30
47 22
47 23
47 24
47 25
47 26
47 27
47 28
47 29
47 30
48 22
48 23
48 24
48 25
48 26
48 27
48 28
48 29
48 30
49 22
49 23
49 24
49 25
49 26
49 27
49 28
49 29
0
Yes
0 2
0 3
0 4
0 5
0 6
0 7
1 2
1 3
1 4
1 5
1 6
1 7
2 2
2 3
2 4
2 5
2 6
2 7
3 2
3 3
3 4
3 5
3 6
3 7
4 2
4 3
4 4
4 5
4 6
4 7
5 2
5 3
5 4
5 5
5 6
5 7
6 2
6 3
6 4
6 5
6 6
6 7
7 2
7 3
7 4
7 5
7 6
7 7
8 2
8 3
8 4
8 5
8 6
8 7
9 2
9 3
9 4
9 5
9 6
9 7
10 2
10 3
10 4
10 5
10 6
10 7
11 2
11 3
11 4
11 5
11 6
11 7
12 2
12 3
12 4
12 5
12 6
12 7
13 2
0
Yes
44 39
44 40
44 41
44 42
44 43
45 39
45 40
45 41
45 42
45 43
46 39
46 40
46 41
46 42
46 43
47 39
47 40
47 41
47 42
47 43
48 39
48 40
48 41
48 42
48 43
49 39
49 40
49 41
49 42
49 43
0
Yes
18 28
18 29
18 30
18 31
18 32
18 33
18 34
19 28
19 29
19 30
19 31
19 32
19 33
19 34
20 28
20 29
20 30
20 31
20 32
20 33
20 34
21 28
21 29
21 30
21 31
21 32
21 33
21 34
22 28
22 29
22 30
22 31
22 32
22 33
22 34
23 28
23 29
23 30
23 31
23 32
23 33
23 34
24 28
24 29
24 30
24 31
24 32
24 33
24 34
25 28
25 29
25 30
25 31
25 32
25 33
25 34
26 28
26 29
26 30
26 31
0
Yes
45 46
45 47
45 48
45 49
46 46
46 47
46 48
46 49
47 46
47 47
47 48
47 49
48 46
48 47
48 48
48 49
49 46
49 47
49 48
0
Yes
24 23
25 23
24 22
24 24
25 22
25 24
23 23
26 23
23 22
23 24
26 22
26 24
24 21
24 25
25 21
25 25
22 23
23 21
23 25
26 21
26 25
27 23
22 22
22 24
27 22
27 24
24 20
24 26
25 20
25 26
22 21
22 25
27 21
27 25
23 20
26 20
26 26
21 23
28 23
21 22
21 24
28 22
28 24
22 20
22 26
27 20
27 26
21 21
21 25
24 19
25 19
28 21
28 25
23 19
26 19
20 23
20 22
20 24
21 20
21 26
28 20
28 26
22 19
27 19
20 21
20 25
21 19
28 19
20 20
20 26
20 19
0
No
0
No
0
Yes
38 26
38 27
38 25
38 28
39 28
40 28
40 27
37 26
37 27
41 27
41 26
37 25
37 28
39 29
41 25
40 25
41 28
38 24
39 24
38 29
40 24
40 29
36 26
36 27
42 26
42 27
37 24
37 29
41 24
41 29
36 25
36 28
42 25
42 28
39 23
39 30
38 23
38 30
40 23
40 30
36 24
36 29
42 24
42 29
35 26
35 27
37 23
37 30
41 23
41 30
35 25
35 28
39 22
36 23
36 30
38 22
40 22
42 23
42 30
35 24
35 29
37 22
41 22
35 23
35 30
0
Yes
0 8
0 9
0 10
0 11
0 12
1 8
1 9
1 10
1 11
1 12
2 8
2 9
2 10
0
Yes
48 11
48 12
48 13
49 11
49 12
49 13
0
Yes
25 8
25 9
25 10
25 11
25 12
25 13
25 14
25 15
25 16
25 17
25 18
26 8
26 9
26 10
26 11
26 12
26 13
26 14
26 15
26 16
26 17
26 18
27 8
27 9
27 10
27 11
27 12
27 13
27 14
27 15
27 16
27 17
27 18
28 8
28 9
28 10
28 11
28 12
28 13
28 14
28 15
28 16
28 17
28 18
29 8
29 9
29 10
29 11
29 12
29 13
29 14
29 15
29 16
29 17
29 18
30 8
30 9
30 10
30 11
30 12
30 13
30 14
30 15
30 16
30 17
30 18
31 8
31 9
31 10
31 11
31 12
31 13
31 14
31 15
31 16
0
No
0
No
0
Yes
0 19
0 20
1 19
1 20
0
No
0
Yes
6 8
6 9
7 8
7 9
0
Yes
14 39
13 39
14 38
14 40
15 39
13 38
13 40
15 38
15 40
12 39
14 37
14 41
16 39
12 38
12 40
13 37
13 41
15 37
15 41
16 38
16 40
12 37
12 41
16 37
16 41
11 39
14 36
14 42
17 39
11 38
11 40
13 36
13 42
15 36
15 42
17 38
17 40
11 37
11 41
12 36
12 42
16 36
16 42
17 37
17 41
10 39
14 35
14 43
18 39
10 38
10 40
13 35
13 43
15 35
15 43
18 38
18 40
11 36
11 42
17 36
17 42
10 37
10 41
12 35
12 43
16 35
16 43
18 37
18 41
9 39
10 36
10 42
11 35
11 43
14 34
14 44
17 35
17 43
18 36
18 42
9 38
9 40
13 34
13 44
15 34
15 44
9 37
9 41
12 34
12 44
10 35
10 43
18 35
18 43
9 36
9 42
11 34
17 34
14 33
13 33
15 33
12 33
9 35
0
Yes
0 24
0 25
0 26
0 27
1 24
1 25
1 26
1 27
2 24
2 25
2 26
2 27
0
No
0
Yes
19 33
19 34
19 35
19 36
19 37
19 38
19 39
19 40
19 41
19 42
20 33
20 34
20 35
20 36
20 37
20 38
20 39
20 40
20 41
20 42
21 33
21 34
21 35
21 36
21 37
21 38
21 39
21 40
21 41
21 42
22 33
22 34
22 35
22 36
22 37
22 38
22 39
22 40
22 41
22 42
23 33
23 34
23 35
23 36
23 37
23 38
23 39
23 40
23 41
23 42
24 33
24 34
24 35
24 36
24 37
24 38
24 39
24 40
24 41
24 42
25 33
25 34
25 35
25 36
25 37
25 38
25 39
25 40
25 41
25 42
0
Yes
6 0
6 1
7 0
7 1
8 0
8 1
9 0
9 1
10 0
10 1
0
No
0
Yes
20 7
21 7
20 6
20 8
21 6
21 8
19 7
22 7
19 6
19 8
22 6
22 8
20 5
20 9
21 5
21 9
18 7
19 5
19 9
22 5
22 9
23 7
18 6
18 8
23 6
23 8
20 4
20 10
21 4
21 10
18 5
18 9
23 5
23 9
19 4
19 10
22 4
22 10
17 7
24 7
17 6
17 8
24 6
24 8
18 4
18 10
23 4
23 10
17 5
17 9
20 3
20 11
21 3
21 11
24 5
24 9
19 3
19 11
22 3
22 11
16 7
25 7
16 6
16 8
17 4
17 10
24 4
24 10
25 6
18 3
18 11
23 3
23 11
16 5
16 9
25 5
20 2
20 12
21 2
19 2
19 12
22 2
17 3
17 11
24 3
24 11
16 4
16 10
25 4
15 7
15 6
15 8
18 12
23 2
15 5
15 9
16 3
16 11
20 1
21 1
25 3
17 12
24 2
24 12
22 1
15 4
15 10
23 1
16 12
25 2
15 11
24 1
15 12
25 1
0
Yes
0 31
0 32
0 33
0 34
1 31
1 32
1 33
1 34
2 31
2 32
2 33
2 34
3 31
3 32
3 33
3 34
4 31
4 32
4 33
4 34
5 31
5 32
5 33
0
No
0
No
0
Yes
22 34
21 34
21 33
22 33
21 35
22 35
23 33
23 34
23 35
22 32
21 32
23 32
22 36
21 36
23 36
24 34
24 33
24 35
24 32
24 36
20 33
20 34
20 35
20 32
20 36
19 34
19 33
19 35
19 32
19 36
21 31
22 31
23 31
20 31
24 31
19 31
21 37
22 37
23 37
20 37
24 37
19 37
25 33
25 34
25 35
25 32
25 36
25 31
25 37
22 30
21 30
23 30
20 30
24 30
19 30
25 30
22 38
21 38
23 38
20 38
24 38
19 38
25 38
18 33
18 34
18 32
18 31
18 30
26 31
26 30
21 29
22 29
23 29
20 29
24 29
19 29
25 29
18 29
26 29
21 39
22 39
23 39
20 39
24 39
19 39
25 39
17 32
17 33
17 31
17 30
17 29
22 28
21 28
23 28
20 28
24 28
19 28
25 28
18 28
26 28
17 28
22 40
21 40
23 40
20 40
24 40
19 40
25 40
27 30
27 29
27 31
27 28
16 31
16 32
16 30
16 29
16 28
28 31
28 30
28 29
28 28
21 27
22 27
20 27
19 27
18 27
17 27
21 41
22 41
23 41
20 41
24 41
19 41
25 41
24 27
25 27
26 27
27 27
28 27
22 42
21 42
23 42
20 42
24 42
19 42
25 42
29 30
29 29
29 28
29 27
0
Yes
33 4
32 4
32 3
33 3
32 5
33 5
34 3
33 2
34 2
33 6
32 6
31 3
31 4
31 5
31 6
34 6
31 2
35 2
35 3
30 4
30 3
30 5
30 2
30 6
32 7
33 7
31 7
34 7
30 7
35 7
35 6
35 5
33 8
32 8
34 8
35 8
29 3
29 4
29 5
29 6
29 2
30 1
31 1
29 1
32 1
33 1
33 0
32 0
31 0
30 0
29 0
28 4
28 3
28 5
28 2
28 1
28 6
28 0
32 9
33 9
34 9
35 9
36 9
33 10
34 10
35 10
32 10
36 10
27 3
27 4
27 5
27 2
27 1
27 6
27 0
26 4
26 3
26 5
26 2
26 1
26 6
26 0
32 11
33 11
34 11
35 11
36 11
37 10
37 9
37 11
33 12
32 12
35 12
36 12
37 12
0
No
0
Yes
0 28
0 29
0 30
1 28
1 29
1 30
0
No
0
Yes
19 37
19 38
19 39
19 40
19 41
19 42
19 43
19 44
20 37
20 38
20 39
20 40
20 41
20 42
20 43
20 44
21 37
21 38
21 39
21 40
21 41
21 42
21 43
21 44
22 37
22 38
22 39
22 40
22 41
22 42
22 43
22 44
23 37
23 38
23 39
23 40
23 41
23 42
23 43
23 44
24 37
24 38
24 39
24 40
24 41
24 42
24 43
24 44
25 37
25 38
0
Yes
19 30
19 31
19 32
19 33
19 34
19 35
19 36
19 37
19 38
19 39
19 40
19 41
19 42
20 30
20 31
20 32
20 33
20 34
20 35
20 36
20 37
20 38
20 39
20 40
20 41
20 42
21 30
21 31
21 32
21 33
21 34
21 35
21 36
21 37
21 38
21 39
21 40
21 41
21 42
22 30
22 31
22 32
22 33
22 34
22 35
22 36
22 37
22 38
22 39
22 40
22 41
22 42
23 30
23 31
23 32
23 33
23 34
23 35
23 36
23 37
23 38
23 39
23 40
23 41
23 42
24 30
24 31
24 32
24 33
24 34
24 35
24 36
24 37
24 38
24 39
24 40
24 41
24 42
25 30
25 31
25 32
25 33
25 34
25 35
25 36
25 37
25 38
25 39
25 40
25 41
25 42
26 30
0
Yes
18 0
18 1
18 2
18 3
18 4
18 5
18 6
18 7
18 8
18 9
18 10
18 11
19 0
19 1
19 2
19 3
19 4
19 5
19 6
19 7
19 8
19 9
19 10
19 11
20 0
20 1
20 2
20 3
20 4
20 5
20 6
20 7
20 8
20 9
20 10
20 11
21 0
21 1
21 2
21 3
21 4
21 5
21 6
21 7
21 8
21 9
21 10
21 11
22 0
22 1
22 2
22 3
22 4
22 5
22 6
22 7
22 8
22 9
22 10
22 11
23 0
23 1
23 2
23 3
23 4
23 5
23 6
23 7
23 8
23 9
23 10
23 11
24 0
24 1
24 2
24 3
24 4
24 5
24 6
24 7
24 8
24 9
24 10
24 11
25 0
25 1
25 2
25 3
25 4
25 5
25 6
0
Yes
44 36
44 37
44 38
45 36
45 37
45 38
46 36
46 37
46 38
0
Yes
4 44
4 45
4 46
4 47
4 48
4 49
5 44
5 45
5 46
5 47
5 48
5 49
6 44
6 45
6 46
6 47
6 48
6 49
7 44
7 45
7 46
7 47
7 48
7 49
8 44
8 45
8 46
8 47
8 48
8 49
9 44
9 45
9 46
9 47
9 48
9 49
10 44
10 45
10 46
10 47
10 48
10 49
11 44
11 45
11 46
0
No
0
Yes
11 12
11 13
11 14
11 15
11 16
11 17
11 18
11 19
11 20
11 21
12 12
12 13
12 14
12 15
12 16
12 17
12 18
12 19
12 20
12 21
13 12
13 13
13 14
13 15
13 16
13 17
13 18
13 19
13 20
13 21
14 12
14 13
14 14
14 15
14 16
14 17
14 18
14 19
14 20
14 21
15 12
15 13
15 14
15 15
15 16
15 17
15 18
15 19
15 20
15 21
16 12
16 13
16 14
16 15
16 16
16 17
16 18
16 19
16 20
16 21
17 12
17 13
17 14
17 15
17 16
17 17
17 18
17 19
17 20
17 21
18 12
18 13
18 14
18 15
18 16
18 17
18 18
18 19
18 20
18 21
19 12
19 13
19 14
19 15
19 16
19 17
19 18
19 19
19 20
19 21
20 12
20 13
20 14
20 15
20 16
20 17
20 18
0
No
0
Yes
16 28
16 29
16 30
16 31
16 32
17 28
17 29
17 30
17 31
17 32
18 28
18 29
18 30
18 31
18 32
19 28
19 29
0
No
0
Yes
0 2
0 3
0 4
0 5
0 6
0 7
1 2
1 3
1 4
1 5
1 6
1 7
2 2
2 3
2 4
2 5
2 6
2 7
3 2
3 3
3 4
3 5
3 6
3 7
4 2
4 3
4 4
4 5
4 6
4 7
5 2
5 3
5 4
5 5
5 6
5 7
6 2
6 3
6 4
6 5
6 6
6 7
7 2
7 3
7 4
7 5
7 6
7 7
8 2
8 3
8 4
8 5
8 6
8 7
9 2
9 3
9 4
9 5
9 6
9 7
10 2
10 3
10 4
10 5
10 6
10 7
11 2
11 3
11 4
11 5
11 6
11 7
12 2
12 3
12 4
12 5
0
Yes
0 8
0 9
0 10
1 8
1 9
1 10
2 8
2 9
2 10
3 8
3 9
3 10
4 8
4 9
4 10
5 8
5 9
5 10
0
Yes
25 8
25 9
25 10
25 11
25 12
25 13
25 14
25 15
25 16
25 17
26 8
26 9
26 10
26 11
26 12
26 13
26 14
26 15
26 16
26 17
27 8
27 9
27 10
27 11
27 12
27 13
27 14
27 15
27 16
27 17
28 8
28 9
28 10
28 11
28 12
28 13
28 14
28 15
28 16
28 17
29 8
29 9
29 10
29 11
29 12
29 13
29 14
29 15
29 16
29 17
30 8
30 9
30 10
30 11
30 12
30 13
30 14
30 15
30 16
30 17
31 8
31 9
31 10
31 11
31 12
31 13
31 14
31 15
31 16
0
No
0
Yes
35 25
34 25
34 24
35 24
34 26
35 26
36 24
36 25
36 26
35 23
34 23
36 23
35 27
34 27
36 27
37 25
37 24
37 26
37 23
37 27
33 24
33 25
33 26
33 23
34 22
33 22
34 28
35 28
36 28
37 28
38 24
38 25
38 26
38 27
38 23
38 28
32 23
32 22
33 28
37 22
38 22
35 29
34 29
36 29
37 29
33 29
38 29
39 23
39 24
39 22
31 22
31 23
31 24
32 21
31 21
32 29
32 28
31 28
31 29
31 27
39 28
39 29
30 24
30 23
30 22
30 25
31 25
31 26
30 26
30 27
30 28
30 29
34 30
35 30
36 30
33 30
37 30
38 30
39 30
40 24
40 23
40 22
40 25
29 25
29 24
29 26
29 23
29 27
29 28
29 22
29 29
41 25
41 24
41 23
41 22
41 26
31 20
32 20
31 30
30 30
29 30
40 29
40 28
40 30
40 27
41 27
41 28
41 29
41 30
32 19
31 19
30 20
30 19
42 24
42 25
42 26
42 23
42 27
42 28
42 29
42 22
42 30
28 27
28 28
28 29
28 30
43 25
43 24
43 26
43 23
43 22
31 18
30 18
29 19
29 20
29 18
27 28
27 29
27 27
27 30
43 21
44 24
44 25
44 23
44 22
44 26
0
No
0
Yes
46 4
45 4
45 3
46 3
45 5
47 3
46 2
45 2
47 2
44 3
44 4
44 5
44 2
44 6
45 6
46 6
43 4
43 3
43 5
43 2
43 6
46 7
45 7
44 7
43 7
45 1
46 1
47 1
47 7
47 6
48 6
48 7
46 0
45 0
47 0
42 3
42 4
42 5
42 6
42 2
42 7
45 8
46 8
47 8
44 8
43 8
48 8
43 1
42 1
49 7
49 6
49 8
49 5
41 4
41 3
41 5
41 6
41 7
46 9
45 9
47 9
44 9
48 9
43 9
49 9
42 0
43 0
41 1
41 0
40 3
40 4
40 5
40 6
40 7
45 10
46 10
47 10
44 10
48 10
43 10
42 9
42 10
39 4
39 5
39 6
39 3
39 7
46 11
45 11
44 11
43 11
42 11
40 0
40 1
39 2
39 1
39 0
48 11
49 11
41 10
41 11
38 3
38 4
38 5
38 2
38 6
38 1
38 7
38 0
39 8
38 8
45 12
44 12
43 12
42 12
46 12
41 12
47 12
48 12
49 12
37 4
37 3
37 5
37 2
37 6
37 1
37 7
37 0
37 8
46 13
45 13
47 13
44 13
48 13
43 13
49 13
40 11
40 10
40 12
40 9
39 10
39 11
39 12
36 5
36 6
36 7
36 8
0
Yes
0 2
0 3
0 4
0 5
0 6
0 7
1 2
1 3
1 4
1 5
1 6
1 7
2 2
2 3
2 4
2 5
2 6
2 7
3 2
3 3
3 4
3 5
3 6
3 7
4 2
4 3
4 4
4 5
4 6
4 7
5 2
5 3
5 4
5 5
5 6
5 7
6 2
6 3
6 4
6 5
6 6
6 7
7 2
7 3
7 4
7 5
7 6
7 7
8 2
8 3
8 4
8 5
8 6
8 7
9 2
9 3
9 4
9 5
9 6
9 7
10 2
10 3
10 4
10 5
10 6
10 7
11 2
11 3
11 4
11 5
0
Yes
12 45
12 46
12 47
12 48
12 49
13 45
13 46
13 47
13 48
13 49
14 45
14 46
14 47
14 48
14 49
15 45
15 46
15 47
15 48
15 49
16 45
16 46
16 47
16 48
16 49
17 45
17 46
17 47
17 48
17 49
18 45
18 46
18 47
18 48
18 49
19 45
19 46
19 47
19 48
19 49
20 45
20 46
20 47
0
Yes
43 14
43 15
43 16
43 17
44 14
44 15
44 16
44 17
45 14
45 15
45 16
45 17
46 14
46 15
46 16
46 17
0
Yes
8 36
7 36
7 35
8 35
7 37
8 37
8 34
7 34
8 38
7 38
6 35
6 36
6 37
6 34
6 38
5 36
5 35
5 37
5 34
5 38
7 33
6 33
8 33
7 39
6 39
8 39
5 39
8 32
7 32
6 32
8 40
7 40
6 40
5 40
4 35
4 36
4 37
4 38
4 39
4 40
3 36
3 37
3 38
3 39
3 35
3 40
7 31
8 31
6 31
7 41
6 41
8 41
9 31
8 30
7 30
9 30
6 30
8 42
7 42
2 35
2 36
2 37
2 38
2 39
2 40
10 30
10 31
10 32
11 32
11 31
11 30
4 41
3 41
2 41
12 31
12 32
12 30
13 32
13 31
13 30
5 30
1 36
1 37
1 38
1 39
1 40
1 35
1 41
7 29
8 29
9 29
6 29
10 29
11 29
12 29
5 29
13 29
7 43
8 43
9 43
6 43
3 42
2 42
4 42
1 42
14 31
14 30
14 32
14 29
8 28
7 28
9 28
6 28
10 28
11 28
12 28
13 28
5 28
14 28
0 35
0 36
0 37
0 38
0 39
0 40
0 41
0 42
4 29
4 30
4 28
4 43
3 43
2 43
1 43
5 43
0 43
10 27
11 27
12 27
13 27
14 27
3 28
3 29
2 29
2 28
15 29
15 28
11 26
12 26
0
No
0
No
0
No
0
Yes
46 39
46 40
46 41
46 42
46 43
46 44
46 45
47 39
47 40
47 41
47 42
47 43
47 44
47 45
48 39
48 40
48 41
48 42
48 43
48 44
48 45
49 39
49 40
49 41
49 42
49 43
0
No
0
Yes
45 0
45 1
45 2
45 3
46 0
46 1
46 2
46 3
47 0
47 1
47 2
47 3
48 0
48 1
48 2
48 3
49 0
49 1
0
No
0
Yes
14 16
14 17
14 18
14 19
14 20
14 21
14 22
14 23
14 24
15 16
15 17
15 18
15 19
15 20
15 21
15 22
15 23
15 24
16 16
16 17
16 18
16 19
16 20
16 21
16 22
16 23
16 24
17 16
17 17
17 18
17 19
17 20
17 21
17 22
17 23
17 24
18 16
18 17
18 18
18 19
18 20
18 21
18 22
18 23
18 24
19 16
19 17
19 18
19 19
19 20
19 21
19 22
19 23
19 24
20 16
20 17
20 18
0
No
0
Yes
47 23
46 23
46 22
47 22
46 24
47 24
48 22
48 23
48 24
47 21
46 21
47 25
46 25
48 25
49 23
49 24
49 22
49 25
45 22
45 23
45 24
45 21
45 25
46 20
47 20
45 20
46 26
47 26
48 26
45 26
49 26
48 20
44 21
44 20
47 19
46 19
45 19
48 19
47 27
46 27
48 27
45 27
49 27
49 19
49 20
43 20
44 27
46 18
47 18
48 18
49 18
46 28
47 28
48 28
45 28
49 28
44 28
43 19
47 17
48 17
46 17
49 17
47 29
46 29
48 29
45 29
49 29
44 29
45 17
46 16
47 16
48 16
45 16
49 16
46 30
47 30
48 30
45 30
49 30
44 16
44 17
43 17
43 16
47 15
46 15
48 15
45 15
44 15
49 15
43 15
47 31
46 31
48 31
45 31
49 31
44 31
46 14
47 14
48 14
45 14
44 14
49 14
43 14
46 32
47 32
48 32
45 32
49 32
44 32
47 13
46 13
48 13
45 13
44 13
49 13
43 13
47 33
46 33
48 33
45 33
49 33
44 33
46 12
47 12
48 12
45 12
44 12
49 12
43 12
46 34
47 34
48 34
45 34
49 34
44 34
47 35
46 35
48 35
49 35
48 11
49 11
0
Yes
42 43
42 44
41 43
41 44
43 43
43 44
42 42
42 45
41 42
41 45
43 42
43 45
40 43
40 44
44 43
44 44
40 42
40 45
42 41
42 46
44 42
44 45
41 41
41 46
43 41
43 46
39 43
39 44
45 43
40 41
40 46
44 41
44 46
39 42
39 45
45 42
42 40
42 47
41 40
41 47
43 40
43 47
39 41
39 46
45 41
45 46
38 43
38 44
40 40
40 47
44 40
44 47
38 42
38 45
42 39
42 48
39 40
39 47
41 39
41 48
43 39
43 48
45 40
45 47
38 41
38 46
40 39
40 48
44 39
44 48
39 39
39 48
45 39
45 48
42 38
42 49
41 38
41 49
43 38
43 49
40 38
40 49
44 38
44 49
39 38
0
Yes
0 13
0 14
0 15
0 16
0 17
1 13
1 14
1 15
1 16
1 17
2 13
2 14
2 15
2 16
2 17
3 13
3 14
3 15
3 16
3 17
4 13
4 14
4 15
0
No
0
Yes
21 47
21 48
21 49
22 47
22 48
22 49
23 47
23 48
23 49
24 47
24 48
24 49
25 47
25 48
25 49
26 47
26 48
26 49
27 47
27 48
27 49
0
No
0
Yes
0 25
0 26
0 27
0 28
0 29
0 30
1 25
1 26
1 27
1 28
1 29
1 30
2 25
2 26
2 27
2 28
2 29
0
Yes
37 0
37 1
37 2
37 3
37 4
38 0
38 1
38 2
38 3
38 4
39 0
39 1
39 2
39 3
39 4
40 0
40 1
0
Yes
46 46
46 47
46 48
46 49
47 46
47 47
47 48
47 49
48 46
48 47
48 48
48 49
49 46
49 47
49 48
49 49
0
Yes
0 31
0 32
0 33
0 34
0 35
0 36
0 37
0 38
0 39
1 31
1 32
1 33
1 34
1 35
1 36
1 37
1 38
1 39
2 31
2 32
2 33
2 34
2 35
2 36
2 37
2 38
2 39
3 31
3 32
3 33
3 34
3 35
3 36
3 37
3 38
3 39
4 31
4 32
4 33
4 34
4 35
4 36
4 37
4 38
4 39
5 31
5 32
5 33
5 34
5 35
5 36
5 37
5 38
5 39
6 31
6 32
6 33
6 34
6 35
6 36
6 37
6 38
6 39
7 31
7 32
7 33
7 34
7 35
7 36
7 37
7 38
7 39
8 31
8 32
8 33
8 34
8 35
8 36
8 37
0
Yes
44 36
44 37
44 38
44 39
45 36
45 37
45 38
45 39
46 36
46 37
46 38
0
Yes
4 43
4 44
4 45
4 46
4 47
4 48
4 49
5 43
5 44
5 45
5 46
5 47
5 48
5 49
6 43
6 44
6 45
6 46
6 47
6 48
6 49
7 43
7 44
7 45
7 46
7 47
7 48
7 49
8 43
8 44
8 45
8 46
8 47
8 48
8 49
9 43
9 44
9 45
9 46
9 47
9 48
9 49
0
Yes
0 11
0 12
1 11
1 12
0
Yes
45 6
45 7
45 8
45 9
45 10
46 6
46 7
46 8
46 9
46 10
47 6
47 7
47 8
47 9
47 10
48 6
48 7
48 8
48 9
48 10
49 6
49 7
49 8
0
Yes
28 44
28 45
28 46
28 47
28 48
28 49
29 44
29 45
29 46
29 47
29 48
29 49
30 44
30 45
30 46
30 47
30 48
30 49
31 44
31 45
31 46
31 47
31 48
31 49
32 44
32 45
32 46
32 47
32 48
32 49
33 44
33 45
33 46
33 47
33 48
33 49
34 44
34 45
34 46
34 47
34 48
34 49
35 44
35 45
35 46
35 47
35 48
35 49
36 44
36 45
36 46
36 47
36 48
0
Yes
39 46
39 47
39 48
39 49
40 46
40 47
40 48
40 49
41 46
41 47
41 48
41 49
42 46
42 47
42 48
42 49
43 46
43 47
43 48
43 49
44 46
44 47
44 48
44 49
45 46
45 47
45 48
0
No
0
Yes
33 13
33 14
33 15
33 16
33 17
33 18
33 19
33 20
33 21
34 13
34 14
34 15
34 16
34 17
34 18
34 19
34 20
34 21
35 13
35 14
35 15
35 16
35 17
35 18
35 19
35 20
35 21
36 13
36 14
36 15
36 16
36 17
36 18
36 19
36 20
36 21
37 13
37 14
37 15
37 16
37 17
37 18
37 19
37 20
37 21
38 13
38 14
38 15
38 16
38 17
38 18
38 19
38 20
38 21
39 13
39 14
39 15
39 16
39 17
39 18
39 19
39 20
39 21
40 13
40 14
40 15
40 16
40 17
40 18
40 19
40 20
40 21
41 13
41 14
41 15
41 16
41 17
41 18
41 19
41 20
41 21
42 13
42 14
42 15
0
Yes
17 28
17 29
17 30
17 31
17 32
17 33
17 34
17 35
17 36
17 37
17 38
17 39
17 40
17 41
18 28
18 29
18 30
18 31
18 32
18 33
18 34
18 35
18 36
18 37
18 38
18 39
18 40
18 41
19 28
19 29
19 30
19 31
19 32
19 33
19 34
19 35
19 36
19 37
19 38
19 39
19 40
19 41
20 28
20 29
20 30
20 31
20 32
20 33
20 34
20 35
20 36
20 37
20 38
20 39
20 40
20 41
21 28
21 29
21 30
21 31
21 32
21 33
21 34
21 35
21 36
21 37
21 38
21 39
21 40
21 41
22 28
22 29
22 30
22 31
22 32
22 33
22 34
22 35
22 36
22 37
22 38
22 39
22 40
22 41
23 28
23 29
23 30
23 31
23 32
23 33
23 34
23 35
23 36
23 37
23 38
23 39
23 40
23 41
24 28
24 29
24 30
24 31
24 32
24 33
24 34
24 35
24 36
24 37
24 38
24 39
24 40
24 41
25 28
25 29
25 30
25 31
25 32
25 33
25 34
25 35
25 36
25 37
25 38
25 39
25 40
25 41
26 28
26 29
26 30
26 31
26 32
26 33
26 34
26 35
26 36
26 37
26 38
26 39
26 40
26 41
27 28
27 29
27 30
27 31
27 32
27 33
27 34
27 35
27 36
0
Yes
5 12
5 13
5 14
5 15
5 16
5 17
5 18
6 12
6 13
6 14
6 15
6 16
6 17
6 18
7 12
7 13
7 14
7 15
7 16
7 17
7 18
8 12
8 13
8 14
8 15
8 16
8 17
8 18
9 12
9 13
9 14
9 15
9 16
9 17
9 18
10 12
10 13
10 14
10 15
10 16
10 17
10 18
11 12
11 13
11 14
11 15
11 16
11 17
11 18
12 12
12 13
12 14
12 15
12 16
12 17
0
Yes
27 38
27 39
27 40
27 41
27 42
27 43
28 38
28 39
28 40
28 41
28 42
28 43
29 38
29 39
29 40
29 41
29 42
29 43
30 38
30 39
30 40
30 41
30 42
30 43
31 38
31 39
31 40
31 41
31 42
31 43
32 38
32 39
32 40
32 41
32 42
32 43
33 38
33 39
33 40
33 41
33 42
33 43
34 38
34 39
34 40
34 41
34 42
34 43
35 38
35 39
35 40
35 41
35 42
35 43
36 38
36 39
36 40
36 41
36 42
36 43
37 38
37 39
37 40
37 41
37 42
37 43
38 38
38 39
38 40
38 41
38 42
38 43
39 38
39 39
39 40
39 41
39 42
39 43
40 38
40 39
40 40
40 41
40 42
0
Yes
10 37
10 38
10 39
10 40
10 41
10 42
10 43
10 44
11 37
11 38
11 39
11 40
11 41
11 42
11 43
11 44
12 37
12 38
12 39
12 40
12 41
12 42
12 43
12 44
13 37
13 38
13 39
13 40
13 41
13 42
13 43
13 44
14 37
14 38
14 39
14 40
14 41
14 42
14 43
14 44
15 37
15 38
15 39
15 40
15 41
15 42
15 43
15 44
16 37
16 38
16 39
16 40
16 41
16 42
16 43
0
No
0
Yes
16 0
16 1
16 2
17 0
17 1
17 2
0
Yes
28 30
28 29
29 29
29 30
30 30
30 29
29 28
28 28
30 28
28 27
29 27
30 27
27 27
31 29
31 28
31 30
31 27
29 26
30 26
31 26
32 28
32 29
33 29
33 28
33 30
30 25
29 25
31 25
34 30
34 29
34 28
29 24
30 24
31 24
34 27
35 29
35 28
35 30
35 27
30 23
29 23
31 23
36 30
36 29
36 28
36 27
29 22
30 22
31 22
32 23
32 22
35 26
34 26
36 26
33 26
33 25
34 25
35 25
36 25
33 24
34 24
35 24
33 23
34 23
33 22
35 23
34 22
36 24
36 23
37 29
37 28
37 27
37 26
37 25
37 24
37 30
37 23
31 21
32 21
38 30
38 29
38 28
38 27
38 26
38 25
38 24
38 23
32 20
31 20
0
Yes
16 12
15 12
16 11
16 13
17 12
15 11
15 13
17 11
17 13
14 12
16 10
16 14
18 12
14 11
14 13
15 10
15 14
17 10
17 14
18 13
14 10
14 14
18 14
13 12
16 9
16 15
13 11
13 13
15 9
15 15
17 9
17 15
13 10
13 14
14 9
14 15
18 15
16 8
15 8
17 8
13 9
13 15
14 8
0
Yes
10 30
9 30
9 29
10 29
9 31
10 31
11 29
11 30
11 31
10 28
9 28
11 28
10 32
11 32
12 30
12 29
12 31
12 28
12 32
8 29
8 30
8 28
7 30
7 29
7 28
11 27
10 27
12 27
13 29
13 30
13 31
13 28
13 32
13 27
12 33
13 33
14 30
14 29
14 31
14 28
14 32
14 27
14 33
6 29
6 30
6 28
12 26
11 26
13 26
14 26
5 30
5 29
5 28
13 34
12 34
14 34
11 34
11 25
12 25
11 35
12 35
13 35
14 35
10 35
10 34
15 29
15 28
15 33
15 34
15 35
10 36
11 36
12 36
13 36
14 36
15 36
4 29
4 30
4 28
9 36
0
No
0
Yes
0 41
0 42
0 43
1 41
1 42
1 43
2 41
2 42
2 43
3 41
3 42
3 43
4 41
4 42
0
No
0
No
0
No
0
No
0
No
0
No
0
Yes
28 44
28 45
28 46
28 47
28 48
28 49
29 44
29 45
29 46
29 47
29 48
29 49
30 44
30 45
30 46
30 47
30 48
30 49
31 44
31 45
31 46
31 47
31 48
31 49
32 44
32 45
32 46
32 47
32 48
32 49
33 44
33 45
33 46
33 47
33 48
33 49
0
Yes
29 38
29 39
29 40
29 41
29 42
29 43
29 44
29 45
29 46
29 47
29 48
29 49
30 38
30 39
30 40
30 41
30 42
30 43
30 44
30 45
30 46
30 47
30 48
30 49
31 38
31 39
31 40
31 41
31 42
31 43
31 44
31 45
31 46
31 47
31 48
31 49
32 38
32 39
32 40
32 41
32 42
32 43
32 44
32 45
32 46
32 47
32 48
32 49
33 38
33 39
33 40
33 41
33 42
33 43
33 44
33 45
33 46
33 47
33 48
33 49
34 38
34 39
34 40
34 41
34 42
34 43
34 44
34 45
34 46
34 47
34 48
34 49
35 38
35 39
35 40
35 41
35 42
35 43
35 44
35 45
35 46
35 47
35 48
35 49
36 38
36 39
36 40
36 41
36 42
36 43
36 44
36 45
36 46
36 47
36 48
36 49
37 38
37 39
37 40
37 41
37 42
37 43
37 44
37 45
37 46
37 47
37 48
0
Yes
16 0
16 1
16 2
16 3
16 4
17 0
17 1
17 2
17 3
17 4
18 0
18 1
18 2
18 3
18 4
19 0
19 1
19 2
19 3
19 4
20 0
20 1
20 2
20 3
20 4
21 0
21 1
21 2
21 3
21 4
22 0
22 1
22 2
22 3
22 4
23 0
23 1
23 2
23 3
23 4
24 0
24 1
24 2
24 3
0
Yes
5 12
5 13
5 14
5 15
5 16
5 17
5 18
6 12
6 13
6 14
6 15
6 16
6 17
6 18
7 12
7 13
7 14
7 15
7 16
7 17
7 18
8 12
8 13
8 14
8 15
8 16
8 17
8 18
9 12
9 13
9 14
9 15
9 16
9 17
9 18
10 12
10 13
0
No
0
Yes
0 0
0 1
1 0
1 1
2 0
2 1
3 0
3 1
0
No
0
Yes
0 27
0 28
0 29
0 30
1 27
1 28
1 29
1 30
2 27
2 28
2 29
0
Yes
10 46
10 47
10 48
10 49
11 46
11 47
11 48
11 49
0
Yes
0 13
0 14
0 15
0 16
0 17
1 13
1 14
1 15
1 16
1 17
2 13
2 14
2 15
2 16
2 17
3 13
3 14
3 15
3 16
3 17
4 13
4 14
4 15
4 16
4 17
0
No
0
Yes
38 38
38 39
38 40
38 41
38 42
38 43
39 38
39 39
39 40
39 41
39 42
39 43
40 38
40 39
40 40
40 41
40 42
40 43
41 38
41 39
41 40
41 41
41 42
41 43
42 38
42 39
42 40
42 41
42 42
42 43
43 38
43 39
43 40
43 41
0
Yes
16 0
16 1
16 2
16 3
16 4
17 0
17 1
17 2
17 3
17 4
18 0
18 1
18 2
18 3
18 4
19 0
19 1
19 2
19 3
19 4
20 0
20 1
20 2
20 3
20 4
21 0
21 1
21 2
21 3
21 4
22 0
22 1
22 2
22 3
22 4
23 0
23 1
23 2
23 3
23 4
24 0
24 1
24 2
24 3
0
Yes
0 13
0 14
0 15
0 16
0 17
1 13
1 14
1 15
1 16
1 17
2 13
2 14
2 15
2 16
2 17
3 13
3 14
3 15
3 16
3 17
4 13
4 14
4 15
0
Yes
17 32
17 33
17 34
17 35
17 36
17 37
17 38
17 39
17 40
17 41
17 42
18 32
18 33
18 34
18 35
18 36
18 37
18 38
18 39
18 40
18 41
18 42
19 32
19 33
19 34
19 35
19 36
19 37
19 38
19 39
19 40
19 41
19 42
20 32
20 33
20 34
20 35
20 36
20 37
20 38
20 39
20 40
20 41
20 42
21 32
21 33
21 34
21 35
21 36
21 37
21 38
21 39
21 40
21 41
21 42
22 32
22 33
22 34
22 35
22 36
22 37
22 38
22 39
22 40
22 41
22 42
23 32
23 33
23 34
23 35
23 36
23 37
23 38
23 39
23 40
23 41
23 42
24 32
24 33
24 34
24 35
24 36
24 37
24 38
24 39
24 40
24 41
24 42
25 32
25 33
25 34
25 35
25 36
25 37
25 38
25 39
25 40
25 41
25 42
26 32
26 33
26 34
26 35
26 36
26 37
26 38
26 39
26 40
26 41
26 42
0
No
0
No
0
Yes
39 28
39 29
39 30
40 28
40 29
40 30
41 28
41 29
41 30
42 28
42 29
42 30
0
Yes
15 5
15 6
15 7
15 8
15 9
15 10
15 11
15 12
15 13
15 14
15 15
16 5
16 6
16 7
16 8
16 9
16 10
16 11
16 12
16 13
16 14
16 15
17 5
17 6
17 7
17 8
17 9
17 10
17 11
17 12
17 13
17 14
17 15
18 5
18 6
18 7
18 8
18 9
18 10
18 11
18 12
18 13
18 14
18 15
19 5
19 6
19 7
19 8
19 9
19 10
19 11
19 12
19 13
19 14
19 15
20 5
20 6
20 7
20 8
20 9
20 10
20 11
20 12
20 13
20 14
0
Yes
24 8
24 9
24 10
24 11
24 12
24 13
24 14
24 15
24 16
24 17
24 18
25 8
25 9
25 10
25 11
25 12
25 13
25 14
25 15
25 16
25 17
25 18
26 8
26 9
26 10
26 11
26 12
26 13
26 14
26 15
26 16
26 17
26 18
27 8
27 9
27 10
27 11
27 12
27 13
27 14
27 15
27 16
27 17
27 18
28 8
28 9
28 10
28 11
28 12
28 13
28 14
28 15
28 16
28 17
28 18
29 8
29 9
29 10
29 11
29 12
29 13
29 14
29 15
29 16
29 17
29 18
30 8
30 9
30 10
30 11
30 12
30 13
30 14
30 15
30 16
30 17
30 18
31 8
31 9
31 10
31 11
31 12
31 13
31 14
31 15
0
Yes
33 15
33 16
33 17
33 18
33 19
33 20
33 21
34 15
34 16
34 17
34 18
34 19
34 20
34 21
35 15
35 16
35 17
35 18
35 19
35 20
35 21
36 15
36 16
36 17
36 18
36 19
36 20
36 21
37 15
37 16
37 17
37 18
37 19
37 20
37 21
38 15
38 16
38 17
38 18
38 19
38 20
38 21
39 15
39 16
39 17
39 18
39 19
39 20
39 21
40 15
40 16
40 17
40 18
40 19
40 20
40 21
41 15
41 16
41 17
41 18
41 19
41 20
41 21
42 15
42 16
42 17
42 18
42 19
42 20
0
No
0
No
0
Yes
21 11
21 10
22 10
22 11
23 11
23 10
22 9
21 9
23 9
21 8
22 8
23 8
22 7
21 7
23 7
21 6
22 6
23 6
24 7
24 6
22 5
23 5
21 5
24 5
25 6
25 7
25 5
21 4
22 4
23 4
24 4
25 4
20 4
20 3
21 3
22 3
23 3
24 3
25 3
19 3
19 4
18 4
18 3
17 3
17 4
16 4
16 3
21 2
20 2
22 2
19 2
23 2
18 2
24 2
17 2
25 2
16 2
20 1
21 1
22 1
19 1
23 1
18 1
24 1
17 1
25 1
16 1
21 0
20 0
22 0
19 0
23 0
18 0
24 0
17 0
25 0
16 0
15 0
15 4
14 4
14 5
14 3
13 3
13 4
12 4
12 3
12 5
13 2
14 2
12 2
12 1
0
Yes
16 28
16 29
16 30
16 31
17 28
17 29
17 30
17 31
18 28
18 29
18 30
18 31
19 28
19 29
19 30
19 31
20 28
20 29
20 30
20 31
21 28
21 29
21 30
21 31
22 28
22 29
22 30
22 31
23 28
23 29
23 30
23 31
24 28
24 29
24 30
24 31
25 28
25 29
25 30
25 31
26 28
26 29
26 30
26 31
27 28
27 29
27 30
27 31
0
Yes
10 28
9 28
9 29
10 29
11 29
11 28
11 27
10 27
10 30
9 30
11 30
12 28
12 29
12 27
12 30
8 29
8 28
8 30
12 26
11 26
7 28
7 29
7 30
9 31
10 31
11 31
12 31
11 25
12 25
13 27
13 28
13 29
13 26
13 30
13 31
10 32
11 32
12 32
13 32
14 28
14 27
14 29
14 30
14 31
14 26
14 32
6 29
6 28
6 30
5 28
5 29
5 30
14 25
15 29
15 28
12 33
13 33
14 33
15 25
4 29
4 28
4 30
13 34
12 34
14 34
11 34
3 28
3 29
11 35
12 35
13 35
14 35
10 35
10 34
15 33
15 34
15 35
10 36
11 36
12 36
13 36
14 36
15 36
2 29
2 28
2 27
9 36
9 35
1 28
1 27
1 29
9 37
1 26
2 26
2 25
1 25
1 30
16 35
16 36
1 24
2 24
2 23
0 27
0 28
0 29
0 26
0 25
0 30
0 24
0 23
11 24
10 24
0
Yes
42 46
42 47
42 48
42 49
43 46
43 47
43 48
43 49
44 46
44 47
44 48
44 49
45 46
45 47
45 48
45 49
46 46
46 47
46 48
46 49
47 46
47 47
47 48
47 49
48 46
48 47
48 48
48 49
49 46
49 47
49 48
49 49
0
No
0
Yes
23 45
23 46
23 47
23 48
23 49
24 45
24 46
24 47
24 48
24 49
25 45
25 46
25 47
25 48
25 49
26 45
26 46
26 47
26 48
26 49
27 45
27 46
27 47
27 48
27 49
28 45
28 46
0
No
0
No
0
No
0
No
0
Yes
29 38
29 39
29 40
29 41
29 42
29 43
29 44
29 45
29 46
29 47
29 48
29 49
30 38
30 39
30 40
30 41
30 42
30 43
30 44
30 45
30 46
30 47
30 48
30 49
31 38
31 39
31 40
31 41
31 42
31 43
31 44
31 45
31 46
31 47
31 48
31 49
32 38
32 39
32 40
32 41
32 42
32 43
32 44
32 45
32 46
32 47
32 48
32 49
33 38
33 39
33 40
33 41
33 42
33 43
33 44
33 45
33 46
33 47
33 48
33 49
34 38
34 39
34 40
34 41
34 42
34 43
34 44
34 45
34 46
34 47
34 48
34 49
35 38
35 39
35 40
35 41
35 42
35 43
35 44
35 45
35 46
35 47
35 48
35 49
36 38
36 39
36 40
36 41
36 42
36 43
36 44
36 45
36 46
36 47
36 48
36 49
37 38
37 39
37 40
37 41
37 42
37 43
37 44
37 45
37 46
37 47
37 48
37 49
38 38
38 39
38 40
0
Yes
41 42
42 42
41 41
41 43
42 41
42 43
40 42
43 42
40 41
40 43
43 41
43 43
41 40
41 44
42 40
42 44
39 42
40 40
40 44
43 40
43 44
44 42
39 41
39 43
44 41
44 43
41 39
41 45
42 39
42 45
39 40
39 44
44 40
44 44
40 39
40 45
43 39
43 45
38 42
38 41
38 43
39 39
39 45
44 45
38 44
41 38
42 38
40 38
43 38
38 45
39 38
0
Yes
12 13
12 14
13 13
13 14
11 13
11 14
12 12
12 15
13 12
13 15
14 13
14 14
11 12
11 15
14 12
14 15
10 14
12 11
12 16
13 11
13 16
10 15
11 11
11 16
14 11
10 16
12 10
12 17
13 10
13 17
11 10
11 17
14 10
10 17
12 9
12 18
13 9
13 18
11 9
11 18
14 9
10 9
10 18
12 8
11 8
14 8
10 8
0
No
0
Yes
23 38
22 38
23 37
23 39
24 38
22 37
22 39
24 37
24 39
21 38
23 36
23 40
25 38
21 37
21 39
22 36
22 40
24 36
24 40
25 37
25 39
21 36
21 40
25 36
25 40
20 38
23 35
23 41
26 38
20 37
20 39
22 35
22 41
24 35
24 41
26 37
26 39
20 36
20 40
21 35
21 41
25 35
25 41
26 36
26 40
19 38
23 34
23 42
27 38
19 37
19 39
22 34
22 42
24 34
24 42
27 39
20 35
20 41
26 35
26 41
19 36
19 40
21 34
21 42
25 34
25 42
27 36
27 40
18 38
19 35
19 41
20 34
20 42
23 33
23 43
26 34
26 42
27 35
27 41
28 38
18 37
18 39
22 33
22 43
24 33
24 43
28 39
18 36
18 40
21 33
21 43
25 33
28 36
28 40
19 34
19 42
27 34
27 42
18 35
18 41
20 33
20 43
26 33
28 35
28 41
17 38
23 32
17 37
17 39
22 32
24 32
17 36
17 40
21 32
25 32
18 34
18 42
19 33
19 43
27 33
27 43
28 34
28 42
17 35
17 41
20 32
26 32
18 33
18 43
28 33
28 43
17 34
17 42
19 32
27 32
17 33
17 43
18 32
28 32
0
No
0
Yes
23 38
22 38
23 37
23 39
24 38
22 37
22 39
24 37
24 39
21 38
23 36
23 40
25 38
21 37
21 39
22 36
22 40
24 36
24 40
25 37
25 39
21 36
21 40
25 36
25 40
20 38
23 35
23 41
26 38
20 37
20 39
22 35
22 41
24 35
24 41
26 37
26 39
20 36
20 40
21 35
21 41
25 35
25 41
26 36
26 40
19 38
23 34
23 42
27 38
19 37
19 39
22 34
22 42
24 34
24 42
27 39
20 35
20 41
26 35
26 41
19 36
19 40
21 34
21 42
25 34
25 42
27 36
27 40
18 38
19 35
19 41
20 34
20 42
23 33
23 43
26 34
26 42
27 35
27 41
28 38
18 37
18 39
22 33
22 43
24 33
24 43
28 39
18 36
18 40
21 33
21 43
25 33
28 36
28 40
19 34
19 42
27 34
27 42
18 35
18 41
20 33
20 43
26 33
28 35
28 41
17 38
23 32
17 37
17 39
22 32
24 32
17 36
17 40
21 32
25 32
18 34
18 42
19 33
19 43
27 33
27 43
28 34
28 42
17 35
17 41
20 32
26 32
18 33
18 43
28 33
28 43
17 34
17 42
19 32
27 32
17 33
17 43
18 32
0
Yes
0 45
0 46
0 47
0 48
0 49
1 45
1 46
1 47
1 48
1 49
2 45
2 46
2 47
2 48
2 49
3 45
3 46
3 47
0
No
0
No
0
No
0
Yes
43 46
43 47
43 48
43 49
44 46
44 47
44 48
44 49
45 46
45 47
45 48
45 49
46 46
46 47
46 48
46 49
47 46
47 47
47 48
47 49
48 46
48 47
48 48
48 49
49 46
49 47
49 48
49 49
0
No
0
Yes
26 0
26 1
26 2
26 3
26 4
26 5
26 6
27 0
27 1
27 2
27 3
27 4
27 5
27 6
28 0
28 1
28 2
28 3
28 4
28 5
28 6
29 0
29 1
29 2
29 3
29 4
29 5
29 6
30 0
30 1
30 2
0
Yes
0 31
0 32
0 33
0 34
0 35
0 36
0 37
0 38
1 31
1 32
1 33
1 34
1 35
1 36
1 37
1 38
2 31
2 32
2 33
2 34
2 35
2 36
2 37
2 38
3 31
3 32
3 33
3 34
3 35
3 36
3 37
3 38
4 31
4 32
4 33
4 34
4 35
4 36
4 37
4 38
5 31
5 32
5 33
5 34
5 35
5 36
5 37
5 38
6 31
6 32
6 33
6 34
6 35
6 36
6 37
0
No
0
Yes
16 15
16 16
16 17
16 18
16 19
16 20
16 21
16 22
16 23
16 24
16 25
17 15
17 16
17 17
17 18
17 19
17 20
17 21
17 22
17 23
17 24
17 25
18 15
18 16
18 17
18 18
18 19
18 20
18 21
18 22
18 23
18 24
18 25
19 15
19 16
19 17
19 18
19 19
19 20
19 21
19 22
19 23
19 24
19 25
20 15
20 16
20 17
20 18
20 19
20 20
20 21
20 22
20 23
20 24
20 25
21 15
21 16
21 17
21 18
21 19
21 20
21 21
21 22
21 23
21 24
21 25
22 15
22 16
22 17
22 18
22 19
22 20
22 21
22 22
22 23
22 24
22 25
23 15
23 16
23 17
23 18
23 19
23 20
23 21
23 22
23 23
23 24
23 25
24 15
24 16
24 17
24 18
24 19
24 20
24 21
24 22
24 23
24 24
24 25
25 15
25 16
25 17
25 18
25 19
25 20
25 21
25 22
25 23
25 24
25 25
26 15
26 16
26 17
26 18
26 19
26 20
26 21
26 22
26 23
26 24
26 25
27 15
27 16
27 17
27 18
27 19
27 20
27 21
27 22
27 23
27 24
27 25
28 15
28 16
28 17
28 18
28 19
28 20
28 21
28 22
28 23
28 24
28 25
29 15
29 16
29 17
0
No
0
Yes
45 22
45 23
45 24
45 25
45 26
45 27
45 28
45 29
45 30
45 31
46 22
46 23
46 24
46 25
46 26
46 27
46 28
46 29
46 30
46 31
47 22
47 23
47 24
47 25
47 26
47 27
47 28
47 29
47 30
47 31
48 22
48 23
48 24
48 25
48 26
48 27
48 28
48 29
48 30
48 31
49 22
49 23
49 24
49 25
49 26
49 27
49 28
49 29
49 30
49 31
0
Yes
18 32
18 33
18 34
18 35
18 36
18 37
18 38
18 39
18 40
18 41
18 42
18 43
18 44
19 32
19 33
19 34
19 35
19 36
19 37
19 38
19 39
19 40
19 41
19 42
19 43
19 44
20 32
20 33
20 34
20 35
20 36
20 37
20 38
20 39
20 40
20 41
20 42
20 43
20 44
21 32
21 33
21 34
21 35
21 36
21 37
21 38
21 39
21 40
21 41
21 42
21 43
21 44
22 32
22 33
22 34
22 35
22 36
22 37
22 38
22 39
22 40
22 41
22 42
22 43
22 44
23 32
23 33
23 34
23 35
23 36
23 37
23 38
23 39
23 40
23 41
23 42
23 43
23 44
24 32
24 33
24 34
24 35
24 36
24 37
24 38
24 39
24 40
24 41
24 42
24 43
24 44
25 32
25 33
25 34
25 35
25 36
25 37
25 38
25 39
25 40
25 41
25 42
0
Yes
46 39
46 40
46 41
46 42
46 43
46 44
46 45
47 39
47 40
47 41
47 42
47 43
47 44
47 45
48 39
48 40
48 41
48 42
48 43
48 44
48 45
49 39
49 40
49 41
49 42
49 43
49 44
49 45
0
Yes
44 36
44 37
44 38
45 36
45 37
45 38
46 36
46 37
46 38
0
Yes
44 22
44 23
44 24
44 25
44 26
44 27
44 28
44 29
45 22
45 23
45 24
45 25
45 26
45 27
45 28
45 29
46 22
46 23
46 24
46 25
46 26
46 27
46 28
46 29
47 22
47 23
47 24
47 25
47 26
47 27
47 28
47 29
48 22
48 23
48 24
48 25
48 26
48 27
48 28
48 29
49 22
49 23
49 24
49 25
49 26
49 27
49 28
0
No
0
Yes
15 5
15 6
15 7
15 8
15 9
15 10
15 11
15 12
15 13
15 14
16 5
16 6
16 7
16 8
16 9
16 10
16 11
16 12
16 13
16 14
17 5
17 6
17 7
17 8
17 9
17 10
17 11
17 12
17 13
17 14
18 5
18 6
18 7
18 8
18 9
18 10
18 11
18 12
18 13
18 14
19 5
19 6
19 7
19 8
19 9
19 10
19 11
19 12
19 13
19 14
20 5
20 6
20 7
20 8
20 9
20 10
20 11
20 12
20 13
20 14
0
Yes
0 43
0 44
0 45
0 46
0 47
0 48
0 49
1 43
1 44
1 45
1 46
1 47
1 48
1 49
2 43
2 44
2 45
2 46
2 47
2 48
2 49
3 43
3 44
3 45
3 46
3 47
3 48
0
Yes
34 49
33 49
33 48
34 48
35 48
35 49
34 47
33 47
35 47
36 49
36 48
36 47
32 48
32 49
32 47
31 49
31 48
31 47
33 46
34 46
35 46
32 46
36 46
31 46
37 48
37 47
37 49
37 46
34 45
33 45
35 45
32 45
36 45
31 45
37 45
38 49
30 48
30 47
30 46
30 49
30 45
29 49
29 48
29 47
29 46
29 45
38 46
33 44
34 44
35 44
32 44
36 44
31 44
30 44
37 44
29 44
34 43
33 43
35 43
32 43
36 43
31 43
30 43
37 43
29 43
28 48
28 47
28 49
33 42
34 42
35 42
32 42
36 42
31 42
30 42
37 42
29 42
28 44
28 43
28 42
34 41
33 41
35 41
32 41
36 41
31 41
30 41
29 41
37 41
28 41
33 40
34 40
35 40
32 40
36 40
31 40
30 40
29 40
37 40
28 40
27 43
27 42
27 41
27 40
38 40
34 39
33 39
35 39
32 39
36 39
31 39
37 39
30 39
29 39
28 39
38 39
27 39
26 42
26 41
26 40
26 39
33 38
34 38
35 38
32 38
36 38
31 38
37 38
30 38
29 38
28 38
27 38
38 38
26 38
26 37
39 49
39 48
0
Yes
24 8
24 9
24 10
24 11
24 12
24 13
24 14
25 8
25 9
25 10
25 11
25 12
25 13
25 14
26 8
26 9
26 10
26 11
26 12
26 13
26 14
27 8
27 9
27 10
27 11
27 12
27 13
27 14
28 8
28 9
28 10
28 11
28 12
28 13
28 14
29 8
29 9
29 10
29 11
29 12
29 13
29 14
30 8
30 9
30 10
30 11
30 12
30 13
30 14
31 8
31 9
31 10
31 11
0
Yes
13 41
14 41
13 40
13 42
14 40
14 42
12 41
15 41
12 40
12 42
15 40
15 42
13 39
13 43
14 39
14 43
11 41
12 39
12 43
15 39
15 43
16 41
11 40
11 42
16 40
16 42
13 38
13 44
14 38
14 44
11 39
11 43
16 39
16 43
12 38
12 44
15 38
15 44
10 41
17 41
10 40
10 42
17 40
17 42
11 38
11 44
16 38
10 39
10 43
13 37
14 37
17 39
17 43
12 37
15 37
9 41
9 40
9 42
10 38
10 44
17 38
11 37
16 37
9 39
10 37
17 37
9 38
0
No
0
Yes
26 32
26 33
26 34
26 35
26 36
27 32
27 33
27 34
27 35
27 36
28 32
28 33
28 34
28 35
0
Yes
0 13
0 14
0 15
0 16
0 17
1 13
1 14
1 15
1 16
1 17
2 13
2 14
2 15
2 16
2 17
3 13
3 14
0
No
0
Yes
31 4
30 4
31 3
31 5
32 4
30 3
30 5
32 3
32 5
29 4
31 2
31 6
33 4
29 3
29 5
30 2
30 6
32 6
33 3
33 5
29 2
29 6
33 2
33 6
28 4
31 1
31 7
28 3
28 5
30 1
30 7
32 1
32 7
34 3
28 2
28 6
29 1
33 1
33 7
34 2
34 6
27 4
31 0
27 3
27 5
30 0
32 0
35 3
28 1
34 1
34 7
27 2
27 6
29 0
33 0
35 2
35 6
35 5
26 4
27 1
28 0
34 0
35 1
35 7
26 3
26 5
26 2
26 6
27 0
35 0
26 1
26 0
0
No
0
Yes
42 42
42 43
41 42
41 43
43 42
43 43
42 41
42 44
41 41
41 44
43 41
43 44
40 42
40 43
44 42
44 43
40 41
40 44
42 40
42 45
44 41
44 44
41 40
41 45
43 40
43 45
39 42
39 43
45 42
45 43
40 40
40 45
44 40
44 45
39 41
39 44
45 41
42 39
42 46
41 39
41 46
43 39
39 40
39 45
45 40
38 42
38 43
40 39
40 46
44 39
38 41
38 44
42 38
39 39
39 46
41 38
43 38
45 39
38 45
40 38
44 38
39 38
45 38
0
Yes
46 30
46 31
46 32
46 33
46 34
46 35
47 30
47 31
47 32
47 33
47 34
47 35
48 30
48 31
48 32
48 33
48 34
48 35
49 30
49 31
49 32
49 33
49 34
49 35
0
Yes
43 13
43 14
43 15
43 16
43 17
44 13
44 14
44 15
44 16
44 17
45 13
45 14
45 15
45 16
45 17
46 13
46 14
46 15
46 16
46 17
47 13
47 14
47 15
47 16
47 17
48 13
48 14
48 15
48 16
48 17
49 13
49 14
49 15
49 16
0
No
0
Yes
15 6
15 7
15 8
15 9
15 10
15 11
15 12
15 13
15 14
16 6
16 7
16 8
16 9
16 10
16 11
16 12
16 13
16 14
17 6
17 7
17 8
17 9
17 10
17 11
17 12
17 13
17 14
18 6
18 7
18 8
18 9
18 10
18 11
18 12
18 13
18 14
19 6
19 7
19 8
19 9
19 10
19 11
19 12
19 13
19 14
20 6
20 7
20 8
20 9
20 10
20 11
20 12
20 13
20 14
0
Yes
39 28
39 29
39 30
40 28
40 29
40 30
41 28
41 29
41 30
42 28
42 29
42 30
0
Yes
39 7
38 7
38 6
39 6
38 8
39 8
40 6
40 7
39 5
38 5
40 5
41 7
41 6
41 5
37 6
37 7
37 8
37 5
37 9
36 7
36 6
36 8
36 5
36 9
38 4
39 4
40 4
37 4
41 4
42 6
42 5
42 7
42 4
39 3
38 3
40 3
41 3
37 3
42 3
43 7
43 6
43 5
43 4
43 3
35 8
35 9
43 8
36 10
37 10
35 10
38 10
38 11
37 11
36 11
35 11
39 11
39 10
40 10
40 11
40 9
41 11
41 10
42 10
42 11
42 9
43 9
43 10
43 11
39 12
38 12
40 12
37 12
41 12
36 12
42 12
35 12
43 12
38 2
39 2
37 2
44 6
44 7
44 8
44 5
44 9
44 4
44 10
44 11
44 3
44 12
34 9
34 10
34 11
34 8
36 2
42 2
43 2
44 2
39 1
38 1
37 1
36 1
33 8
33 9
33 10
33 11
38 13
39 13
40 13
37 13
41 13
36 13
42 13
35 13
40 1
41 1
42 1
43 1
45 5
45 4
39 14
38 14
40 14
37 14
41 14
36 14
42 14
35 14
38 0
39 0
40 0
37 0
41 0
42 0
36 0
43 0
45 11
45 12
0
No
0
No
0
Yes
6 0
6 1
6 2
6 3
6 4
6 5
6 6
6 7
7 0
7 1
7 2
7 3
7 4
7 5
7 6
7 7
8 0
8 1
8 2
8 3
8 4
8 5
8 6
8 7
9 0
9 1
9 2
9 3
9 4
9 5
9 6
9 7
10 0
10 1
10 2
10 3
10 4
10 5
10 6
10 7
11 0
11 1
11 2
11 3
0
Yes
29 31
29 32
29 33
29 34
29 35
29 36
29 37
30 31
30 32
30 33
30 34
30 35
30 36
30 37
31 31
31 32
31 33
31 34
31 35
31 36
31 37
32 31
32 32
32 33
32 34
32 35
32 36
32 37
33 31
33 32
33 33
33 34
33 35
33 36
33 37
34 31
34 32
34 33
34 34
34 35
34 36
34 37
35 31
35 32
35 33
35 34
35 35
35 36
35 37
36 31
36 32
36 33
36 34
36 35
36 36
36 37
37 31
37 32
37 33
37 34
37 35
37 36
37 37
38 31
38 32
38 33
38 34
38 35
0
Yes
0 0
0 1
0 2
0 3
0 4
0 5
1 0
1 1
1 2
1 3
1 4
1 5
2 0
2 1
2 2
2 3
2 4
2 5
3 0
3 1
3 2
3 3
3 4
0
Yes
0 39
0 40
0 41
0 42
1 39
1 40
1 41
1 42
2 39
2 40
2 41
2 42
3 39
3 40
3 41
3 42
4 39
4 40
4 41
4 42
5 39
0
Yes
26 34
26 35
26 36
27 34
27 35
27 36
28 34
28 35
28 36
0
Yes
42 38
42 39
43 38
43 39
41 38
41 39
42 37
42 40
43 37
43 40
44 38
44 39
41 37
41 40
44 37
44 40
40 38
40 39
42 36
42 41
43 36
43 41
45 38
45 39
40 37
40 40
41 36
41 41
44 36
44 41
45 37
45 40
39 38
39 39
40 36
40 41
42 35
42 42
43 35
43 42
45 36
45 41
39 37
39 40
41 35
41 42
44 42
39 36
39 41
40 35
40 42
45 42
42 34
42 43
43 34
43 43
41 34
41 43
44 34
44 43
39 35
39 42
40 34
40 43
45 34
45 43
42 33
42 44
43 33
43 44
39 34
39 43
41 33
41 44
44 33
44 44
40 33
40 44
45 33
39 33
39 44
42 32
42 45
43 32
43 45
41 32
41 45
44 32
44 45
40 32
40 45
45 32
39 45
0
No
0
Yes
24 26
24 27
25 26
25 27
26 26
26 27
0
Yes
22 7
21 7
21 6
22 6
21 8
22 8
23 6
23 7
23 8
22 5
21 5
23 5
22 9
21 9
23 9
24 7
24 6
24 8
24 5
24 9
20 5
21 4
22 4
23 4
20 4
24 4
21 10
22 10
23 10
24 10
25 6
25 7
25 8
25 5
25 9
25 4
25 10
22 3
21 3
23 3
24 3
20 3
25 3
22 11
23 11
24 11
21 11
25 11
26 8
26 9
26 10
26 11
19 4
19 5
19 3
18 5
18 4
18 3
21 2
22 2
23 2
20 2
24 2
19 2
25 2
18 2
24 12
25 12
26 12
27 9
27 10
27 11
27 8
27 12
17 4
17 3
17 5
17 2
22 1
21 1
23 1
20 1
24 1
19 1
18 1
25 1
17 1
28 8
28 9
28 10
28 11
28 12
16 5
16 4
16 3
16 2
16 1
25 13
26 13
27 13
24 13
28 13
23 13
21 0
22 0
23 0
20 0
24 0
19 0
18 0
17 0
25 0
16 0
23 14
24 14
25 14
26 14
27 14
28 14
29 9
29 10
29 11
29 12
29 13
29 8
29 14
0
Yes
20 47
20 48
20 49
21 47
21 48
21 49
22 47
22 48
22 49
0
Yes
14 43
14 44
13 43
13 44
15 43
15 44
14 42
14 45
13 42
13 45
15 42
15 45
12 43
12 44
16 43
12 42
12 45
14 41
14 46
16 42
16 45
13 41
13 46
15 41
15 46
11 43
11 44
17 43
12 41
12 46
16 41
16 46
11 42
11 45
17 42
17 45
14 40
14 47
13 40
13 47
15 40
15 47
11 41
11 46
17 41
17 46
10 43
10 44
12 40
12 47
16 40
16 47
10 42
10 45
14 39
14 48
11 40
11 47
13 39
13 48
15 39
15 48
17 40
17 47
10 41
10 46
12 39
12 48
16 39
16 48
10 40
10 47
11 39
11 48
17 39
17 48
14 38
14 49
13 38
13 49
15 38
15 49
12 38
12 49
16 38
16 49
10 39
10 48
11 38
11 49
17 38
17 49
14 37
13 37
15 37
10 38
10 49
12 37
0
Yes
11 20
11 19
12 19
12 20
12 21
11 21
11 22
12 22
13 20
13 21
13 19
13 22
10 22
10 23
11 23
12 23
13 23
14 19
14 20
14 21
14 22
14 23
14 18
15 20
15 19
15 21
15 22
15 18
15 23
14 24
15 24
15 17
14 17
14 16
15 16
15 15
15 14
16 14
16 13
15 13
15 12
16 12
17 13
17 14
17 12
18 14
18 13
18 12
16 11
17 11
15 11
18 11
19 13
19 12
19 14
19 11
15 10
16 10
17 10
18 10
19 10
20 14
20 13
20 12
20 11
20 10
16 9
17 9
18 9
19 9
15 9
20 9
15 8
16 8
17 8
18 8
19 8
20 8
16 7
17 7
18 7
19 7
15 7
20 7
15 6
16 6
17 6
18 6
19 6
20 6
0
No
0
Yes
42 39
41 39
42 38
42 40
43 39
41 38
41 40
43 38
43 40
40 39
42 37
42 41
44 39
40 38
40 40
41 37
41 41
43 37
43 41
44 38
44 40
40 37
40 41
44 37
44 41
39 39
42 36
42 42
45 39
39 38
39 40
41 36
41 42
43 36
43 42
45 38
45 40
39 37
39 41
40 36
40 42
44 36
44 42
45 37
45 41
42 35
42 43
41 35
41 43
43 35
43 43
39 36
39 42
45 36
45 42
38 37
38 41
40 35
40 43
44 43
38 36
38 42
39 35
39 43
42 34
42 44
45 43
41 34
41 44
43 34
43 44
40 34
40 44
44 34
44 44
38 43
39 34
39 44
45 34
42 33
42 45
41 33
41 45
43 33
43 45
40 33
40 45
44 33
44 45
38 44
39 33
39 45
45 33
42 32
41 32
43 32
38 45
40 32
44 32
0
Yes
26 0
26 1
26 2
26 3
26 4
26 5
26 6
27 0
27 1
27 2
27 3
27 4
27 5
27 6
28 0
28 1
28 2
28 3
28 4
28 5
28 6
29 0
29 1
29 2
29 3
29 4
29 5
0
Yes
35 2
34 2
34 1
35 1
34 3
35 3
35 0
34 0
33 1
33 2
33 3
33 0
33 4
32 3
32 4
32 0
32 1
31 1
31 0
31 2
31 3
31 4
32 5
33 5
31 5
33 6
32 6
31 6
34 6
30 2
30 1
30 3
30 4
30 5
30 0
30 6
34 7
33 7
32 7
31 7
30 7
35 7
35 6
35 5
32 8
31 8
30 8
29 6
31 9
32 9
30 9
32 10
31 10
30 10
31 11
32 11
30 11
32 12
31 12
30 12
33 12
33 13
32 13
31 13
30 13
34 13
34 14
33 14
32 14
31 14
30 14
32 15
31 15
30 15
31 16
30 16
0
Yes
26 38
26 39
26 40
26 41
26 42
27 38
27 39
27 40
27 41
27 42
28 38
28 39
28 40
28 41
28 42
29 38
29 39
29 40
29 41
29 42
30 38
30 39
30 40
30 41
30 42
31 38
31 39
31 40
31 41
31 42
0
Yes
37 37
37 38
37 39
37 40
37 41
37 42
37 43
37 44
37 45
38 37
38 38
38 39
38 40
38 41
38 42
38 43
38 44
38 45
39 37
39 38
39 39
39 40
39 41
39 42
39 43
39 44
39 45
40 37
40 38
40 39
40 40
40 41
40 42
40 43
40 44
40 45
41 37
41 38
41 39
41 40
41 41
41 42
41 43
41 44
41 45
42 37
42 38
42 39
42 40
42 41
42 42
42 43
42 44
42 45
43 37
43 38
43 39
43 40
43 41
43 42
43 43
43 44
43 45
44 37
44 38
44 39
44 40
44 41
44 42
44 43
44 44
44 45
45 37
45 38
45 39
45 40
45 41
45 42
45 43
0
No
0
Yes
0 45
0 46
0 47
0 48
0 49
1 45
1 46
1 47
1 48
1 49
2 45
2 46
2 47
2 48
2 49
3 45
3 46
3 47
0
Yes
0 13
0 14
0 15
0 16
0 17
1 13
1 14
1 15
1 16
1 17
2 13
2 14
2 15
2 16
2 17
3 13
3 14
3 15
3 16
3 17
4 13
4 14
4 15
4 16
4 17
5 13
0
Yes
3 22
3 23
3 24
3 25
3 26
3 27
4 22
4 23
4 24
4 25
4 26
4 27
5 22
5 23
5 24
5 25
5 26
5 27
6 22
6 23
6 24
6 25
6 26
6 27
7 22
7 23
7 24
7 25
7 26
7 27
8 22
8 23
8 24
8 25
8 26
8 27
9 22
9 23
9 24
9 25
9 26
9 27
0
Yes
33 47
33 48
33 49
34 47
34 48
34 49
35 47
35 48
35 49
36 47
36 48
36 49
37 47
37 48
37 49
0
Yes
32 31
32 32
32 33
32 34
32 35
32 36
32 37
32 38
32 39
32 40
32 41
32 42
33 31
33 32
33 33
33 34
33 35
33 36
33 37
33 38
33 39
33 40
33 41
33 42
34 31
34 32
34 33
34 34
34 35
34 36
34 37
34 38
34 39
34 40
34 41
34 42
35 31
35 32
35 33
35 34
35 35
35 36
35 37
35 38
35 39
35 40
35 41
35 42
36 31
36 32
36 33
36 34
36 35
36 36
36 37
36 38
36 39
36 40
36 41
36 42
37 31
37 32
37 33
37 34
37 35
37 36
37 37
37 38
37 39
37 40
37 41
37 42
38 31
38 32
38 33
38 34
38 35
38 36
38 37
38 38
38 39
38 40
38 41
38 42
0
Yes
18 45
18 46
18 47
18 48
19 45
19 46
19 47
19 48
20 45
20 46
0
No
0
Yes
43 41
42 41
43 40
43 42
44 41
42 40
42 42
44 40
44 42
41 41
43 39
43 43
45 41
41 40
41 42
42 39
42 43
44 39
44 43
45 40
45 42
41 39
41 43
45 39
45 43
40 41
43 38
43 44
40 40
40 42
42 38
42 44
44 38
44 44
40 39
40 43
41 38
41 44
45 38
39 41
43 37
43 45
39 40
39 42
42 37
42 45
44 37
44 45
40 38
40 44
46 38
39 39
39 43
41 37
41 45
45 37
39 38
39 44
40 37
40 45
43 36
46 37
42 36
42 46
44 36
41 36
41 46
45 36
39 37
39 45
40 36
40 46
46 36
43 35
42 35
41 35
39 36
39 46
0
No
0
Yes
7 18
6 18
7 17
7 19
8 18
6 17
6 19
8 17
8 19
5 18
7 16
7 20
9 18
5 17
5 19
6 16
6 20
8 16
8 20
9 17
9 19
5 16
5 20
9 16
9 20
4 18
7 15
7 21
4 19
6 15
6 21
8 15
8 21
10 19
4 20
5 15
5 21
9 15
9 21
10 20
3 18
7 14
3 19
6 14
8 14
4 21
10 21
3 20
5 14
9 14
3 21
0
No
0
Yes
10 41
10 42
10 43
10 44
10 45
10 46
10 47
10 48
10 49
11 41
11 42
11 43
11 44
11 45
11 46
11 47
11 48
11 49
12 41
12 42
12 43
12 44
12 45
12 46
12 47
12 48
12 49
13 41
13 42
13 43
13 44
13 45
13 46
13 47
13 48
13 49
14 41
14 42
14 43
14 44
14 45
14 46
14 47
14 48
14 49
15 41
15 42
15 43
15 44
15 45
15 46
15 47
15 48
15 49
16 41
16 42
16 43
0
Yes
32 36
32 37
32 38
32 39
32 40
32 41
32 42
32 43
32 44
32 45
32 46
33 36
33 37
33 38
33 39
33 40
33 41
33 42
33 43
33 44
33 45
33 46
34 36
34 37
34 38
34 39
34 40
34 41
34 42
34 43
34 44
34 45
34 46
35 36
35 37
35 38
35 39
35 40
35 41
35 42
35 43
35 44
35 45
35 46
36 36
36 37
36 38
36 39
36 40
36 41
36 42
36 43
36 44
36 45
36 46
37 36
37 37
37 38
37 39
37 40
37 41
37 42
37 43
37 44
37 45
37 46
38 36
38 37
38 38
38 39
38 40
38 41
38 42
38 43
38 44
38 45
38 46
0
No
0
Yes
31 31
31 32
31 33
31 34
31 35
32 31
32 32
32 33
32 34
32 35
33 31
33 32
33 33
33 34
33 35
34 31
34 32
34 33
34 34
34 35
35 31
35 32
35 33
35 34
35 35
36 31
36 32
36 33
36 34
36 35
37 31
37 32
37 33
37 34
37 35
38 31
38 32
38 33
38 34
38 35
0
No
0
Yes
29 18
29 19
29 20
30 18
30 19
30 20
31 18
31 19
0
No
0
No
0
Yes
0 31
0 32
0 33
0 34
0 35
0 36
0 37
1 31
1 32
1 33
1 34
1 35
1 36
1 37
2 31
2 32
2 33
2 34
2 35
2 36
2 37
3 31
3 32
3 33
3 34
3 35
3 36
3 37
4 31
4 32
4 33
4 34
4 35
4 36
4 37
5 31
5 32
5 33
5 34
5 35
5 36
5 37
6 31
6 32
6 33
6 34
6 35
6 36
6 37
7 31
7 32
7 33
7 34
7 35
7 36
7 37
8 31
8 32
8 33
8 34
8 35
8 36
8 37
0
Yes
46 28
46 29
46 30
46 31
46 32
46 33
46 34
46 35
47 28
47 29
47 30
47 31
47 32
47 33
47 34
47 35
48 28
48 29
48 30
48 31
48 32
48 33
48 34
48 35
49 28
49 29
49 30
49 31
49 32
49 33
49 34
49 35
0
Yes
8 4
7 4
8 3
8 5
9 4
7 3
7 5
9 3
9 5
6 4
8 2
8 6
10 4
6 3
6 5
7 2
7 6
9 2
9 6
10 3
10 5
6 2
6 6
10 2
10 6
5 4
8 1
8 7
11 4
5 3
5 5
7 1
7 7
9 1
9 7
11 3
11 5
5 2
5 6
6 1
6 7
10 1
10 7
11 2
11 6
4 4
8 0
12 4
4 3
4 5
7 0
9 0
12 3
12 5
5 1
5 7
11 1
11 7
4 2
4 6
6 0
10 0
12 2
12 6
4 7
11 0
12 1
12 7
3 5
3 6
12 0
0
Yes
45 0
45 1
45 2
46 0
46 1
46 2
47 0
47 1
47 2
48 0
48 1
48 2
49 0
49 1
49 2
0
Yes
0 45
0 46
0 47
0 48
0 49
1 45
1 46
1 47
1 48
1 49
2 45
2 46
2 47
2 48
2 49
3 45
3 46
0
Yes
44 22
44 23
44 24
44 25
44 26
44 27
45 22
45 23
45 24
45 25
45 26
45 27
46 22
46 23
46 24
46 25
46 26
46 27
47 22
47 23
47 24
47 25
47 26
47 27
48 22
48 23
48 24
48 25
48 26
48 27
49 22
49 23
49 24
0
No
0
Yes
17 31
17 32
17 33
17 34
17 35
17 36
17 37
17 38
17 39
17 40
17 41
17 42
18 31
18 32
18 33
18 34
18 35
18 36
18 37
18 38
18 39
18 40
18 41
18 42
19 31
19 32
19 33
19 34
19 35
19 36
19 37
19 38
19 39
19 40
19 41
19 42
20 31
20 32
20 33
20 34
20 35
20 36
20 37
20 38
20 39
20 40
20 41
20 42
21 31
21 32
21 33
21 34
21 35
21 36
21 37
21 38
21 39
21 40
21 41
21 42
22 31
22 32
22 33
22 34
22 35
22 36
22 37
22 38
22 39
22 40
22 41
22 42
23 31
23 32
23 33
23 34
23 35
23 36
23 37
23 38
23 39
23 40
23 41
23 42
24 31
24 32
24 33
24 34
24 35
24 36
24 37
24 38
24 39
24 40
24 41
24 42
25 31
25 32
25 33
25 34
25 35
25 36
25 37
25 38
25 39
25 40
25 41
25 42
26 31
26 32
26 33
26 34
26 35
26 36
26 37
26 38
26 39
26 40
26 41
26 42
27 31
0
No
0
No
0
Yes
40 9
40 10
39 10
41 10
40 11
38 10
39 11
41 11
42 10
42 9
38 11
42 11
40 12
43 9
37 10
37 9
37 8
38 8
39 8
39 7
40 7
41 7
38 7
42 7
40 6
39 6
39 12
41 6
41 12
43 8
43 10
37 7
37 11
38 6
38 12
42 6
42 12
43 7
43 11
36 9
40 5
40 13
44 9
36 8
36 10
39 5
39 13
41 5
41 13
44 8
44 10
37 6
37 12
43 6
43 12
36 7
36 11
38 5
38 13
42 5
42 13
44 7
44 11
35 9
36 6
36 12
37 5
37 13
40 4
40 14
43 5
43 13
44 6
44 12
35 8
35 10
39 4
39 14
41 4
41 14
35 11
38 4
38 14
42 4
42 14
36 5
36 13
44 5
44 13
35 12
37 4
37 14
43 4
43 14
40 3
39 3
41 3
38 3
42 3
35 13
36 14
44 4
44 14
0
No
0
Yes
17 28
17 29
17 30
17 31
17 32
17 33
17 34
17 35
17 36
17 37
18 28
18 29
18 30
18 31
18 32
18 33
18 34
18 35
18 36
18 37
19 28
19 29
19 30
19 31
19 32
19 33
19 34
19 35
19 36
19 37
20 28
20 29
20 30
20 31
20 32
20 33
20 34
20 35
20 36
20 37
21 28
21 29
21 30
21 31
21 32
21 33
21 34
21 35
21 36
21 37
22 28
22 29
22 30
22 31
22 32
22 33
22 34
22 35
22 36
22 37
23 28
23 29
23 30
23 31
23 32
23 33
23 34
23 35
23 36
23 37
24 28
24 29
24 30
24 31
24 32
24 33
24 34
24 35
24 36
24 37
25 28
25 29
25 30
25 31
25 32
25 33
25 34
25 35
25 36
25 37
26 28
26 29
26 30
26 31
26 32
26 33
26 34
26 35
26 36
26 37
27 28
27 29
27 30
0
No
0
Yes
20 6
20 7
21 6
21 7
19 6
19 7
20 5
20 8
21 5
21 8
22 6
22 7
19 5
19 8
22 5
22 8
18 6
18 7
20 4
20 9
21 4
21 9
23 6
23 7
18 5
18 8
19 4
19 9
22 4
22 9
23 5
23 8
17 6
17 7
18 4
18 9
20 3
20 10
21 3
21 10
23 4
23 9
24 6
24 7
17 5
17 8
19 3
19 10
22 3
22 10
24 5
24 8
17 4
17 9
18 3
18 10
23 3
23 10
24 4
24 9
16 6
16 7
20 2
20 11
21 2
21 11
25 6
25 7
16 5
16 8
19 2
19 11
22 2
22 11
25 5
25 8
17 3
17 10
24 3
24 10
16 4
16 9
18 2
18 11
23 2
23 11
25 4
25 9
15 6
15 7
20 1
20 12
21 1
15 5
15 8
16 3
16 10
17 2
17 11
19 1
19 12
22 1
24 2
24 11
25 3
25 10
15 4
15 9
18 1
18 12
23 1
16 2
16 11
25 2
25 11
15 10
17 1
17 12
20 0
21 0
24 1
24 12
19 0
22 0
18 0
23 0
15 11
16 1
16 12
25 1
25 12
17 0
24 0
15 12
0
Yes
25 41
24 41
25 40
25 42
26 41
24 40
24 42
26 40
26 42
23 41
25 39
27 41
23 40
23 42
24 39
24 43
26 39
27 40
27 42
23 39
23 43
27 39
27 43
22 41
25 38
28 41
22 40
22 42
24 38
24 44
25 44
26 38
28 40
28 42
22 39
22 43
23 38
23 44
27 38
28 39
28 43
21 41
29 41
21 40
21 42
29 40
29 42
22 38
22 44
28 38
28 44
21 39
21 43
29 39
29 43
20 41
21 38
21 44
29 38
29 44
30 41
20 40
20 42
30 40
30 42
20 39
20 43
30 39
30 43
29 37
20 38
20 44
30 38
30 44
19 41
31 41
19 40
19 42
31 40
31 42
19 39
19 43
31 39
31 43
30 37
19 38
19 44
31 38
31 44
18 41
18 40
18 42
31 37
18 39
18 43
18 38
18 44
0
No
0
Yes
7 25
6 25
7 24
7 26
8 25
6 24
6 26
8 24
8 26
5 25
7 23
7 27
9 25
5 24
5 26
6 23
6 27
8 23
8 27
9 24
9 26
5 23
5 27
9 23
9 27
4 25
7 22
4 24
4 26
6 22
8 22
4 23
4 27
5 22
9 22
10 23
3 25
3 24
3 26
4 22
10 22
3 23
3 27
11 23
3 22
11 22
0
No
0
Yes
40 37
39 37
39 36
40 36
39 38
40 38
41 36
41 37
41 38
40 35
39 35
41 35
40 39
39 39
41 39
42 37
42 36
42 38
42 35
42 39
39 34
40 34
41 34
42 34
39 40
40 40
41 40
42 40
43 36
43 37
43 38
43 35
43 39
43 34
43 40
40 33
41 33
42 33
39 33
43 33
40 41
41 41
42 41
39 41
43 41
44 37
44 36
44 38
44 39
44 40
44 41
44 34
44 33
39 42
40 42
41 42
42 42
43 42
44 42
41 32
40 32
42 32
43 32
44 32
45 36
45 37
45 38
45 39
45 40
45 41
45 42
40 43
41 43
42 43
43 43
44 43
39 43
45 43
46 37
46 38
46 36
42 31
41 31
43 31
44 31
45 33
45 32
45 34
45 31
39 44
40 44
41 44
42 44
43 44
44 44
41 30
42 30
40 30
40 29
41 29
42 29
40 45
41 45
42 45
43 45
39 45
44 45
39 29
39 30
45 30
39 28
40 28
41 28
42 28
39 46
40 46
41 46
42 46
40 27
41 27
42 27
40 47
41 47
39 47
42 47
39 48
40 48
41 48
42 48
0
Yes
40 22
39 22
39 23
40 23
41 23
41 22
40 24
39 24
41 24
42 22
42 23
42 24
42 21
41 25
40 25
42 25
43 21
43 22
43 23
43 24
43 25
43 20
44 22
44 21
44 23
44 24
44 20
44 25
42 26
41 26
43 26
44 26
45 21
45 22
45 23
45 24
45 25
45 20
45 26
45 19
46 22
46 21
46 23
46 20
46 24
46 25
46 19
46 26
44 27
45 27
46 27
47 21
47 22
47 23
47 20
47 24
47 25
47 26
47 19
47 27
46 18
47 18
45 28
46 28
44 28
47 28
48 22
48 23
48 24
48 25
48 26
48 27
48 28
44 29
45 29
46 29
47 29
48 29
48 20
48 19
48 18
47 17
46 17
48 17
45 17
45 16
46 16
47 16
48 16
44 16
44 17
43 17
43 16
43 15
44 15
45 15
46 15
47 15
48 15
49 23
49 24
49 25
49 26
49 27
49 28
49 22
49 29
45 14
46 14
47 14
48 14
49 19
49 18
49 17
49 16
49 15
49 20
49 14
46 30
47 30
48 30
49 30
46 13
47 13
48 13
45 13
49 13
45 12
46 12
47 12
48 12
49 12
47 31
48 31
46 31
49 31
0
No
0
No
0
No
0
Yes
7 38
7 39
7 40
7 41
7 42
7 43
7 44
7 45
7 46
7 47
7 48
7 49
8 38
8 39
8 40
8 41
8 42
8 43
8 44
8 45
8 46
8 47
8 48
8 49
9 38
9 39
9 40
9 41
9 42
9 43
9 44
9 45
9 46
9 47
9 48
9 49
10 38
10 39
10 40
10 41
10 42
10 43
10 44
10 45
10 46
10 47
10 48
10 49
11 38
11 39
11 40
11 41
11 42
11 43
11 44
11 45
11 46
11 47
11 48
11 49
12 38
12 39
12 40
12 41
12 42
12 43
12 44
12 45
12 46
12 47
12 48
12 49
13 38
13 39
13 40
13 41
13 42
13 43
13 44
13 45
13 46
13 47
13 48
13 49
14 38
14 39
14 40
14 41
14 42
14 43
14 44
14 45
14 46
14 47
14 48
14 49
15 38
15 39
15 40
15 41
15 42
15 43
15 44
15 45
15 46
15 47
15 48
15 49
16 38
16 39
16 40
16 41
16 42
16 43
0
Yes
0 31
0 32
0 33
0 34
0 35
0 36
0 37
0 38
0 39
0 40
1 31
1 32
1 33
1 34
1 35
1 36
1 37
1 38
1 39
1 40
2 31
2 32
2 33
2 34
2 35
2 36
2 37
2 38
2 39
2 40
3 31
3 32
3 33
3 34
3 35
3 36
3 37
3 38
3 39
3 40
4 31
4 32
4 33
4 34
4 35
4 36
4 37
4 38
4 39
4 40
5 31
5 32
5 33
5 34
5 35
5 36
5 37
5 38
5 39
5 40
6 31
6 32
6 33
6 34
6 35
6 36
6 37
6 38
6 39
0
Yes
4 5
4 6
5 5
5 6
3 5
3 6
4 4
4 7
5 4
5 7
6 5
6 6
3 4
3 7
6 4
6 7
2 5
2 6
4 3
4 8
5 3
5 8
7 5
7 6
2 4
2 7
3 3
3 8
6 3
6 8
7 4
7 7
1 5
1 6
2 3
2 8
4 2
4 9
5 2
5 9
7 3
7 8
8 5
8 6
1 4
1 7
3 2
3 9
6 2
6 9
8 4
8 7
1 3
1 8
2 2
2 9
7 2
7 9
8 3
0 5
0 6
4 10
5 1
5 10
0 4
0 7
3 1
3 10
6 1
1 2
1 9
8 2
0 3
0 8
2 1
2 10
7 1
0 2
0 9
1 1
1 10
3 0
6 0
8 1
2 0
7 0
0 1
0 10
1 0
8 0
0 0
0
Yes
42 43
43 43
42 42
42 44
43 42
43 44
41 43
44 43
41 42
41 44
44 42
44 44
42 41
42 45
43 41
43 45
40 43
41 41
41 45
44 41
44 45
45 43
40 42
40 44
45 42
42 40
42 46
43 40
40 41
40 45
45 41
41 40
41 46
44 40
39 43
39 42
39 44
40 40
40 46
45 40
39 41
39 45
42 39
42 47
43 39
41 39
41 47
44 39
39 40
39 46
40 39
40 47
45 39
42 38
42 48
43 38
41 38
41 48
44 38
39 39
39 47
40 38
40 48
45 38
42 37
42 49
43 37
39 38
39 48
41 37
41 49
44 37
40 37
40 49
45 37
39 37
39 49
42 36
43 36
41 36
44 36
40 36
45 36
0
Yes
28 44
28 43
27 43
28 45
27 45
29 44
26 45
29 43
29 45
27 42
27 46
28 42
28 46
26 42
26 46
29 42
29 46
30 44
25 45
25 44
30 43
30 45
27 41
27 47
28 41
28 47
25 42
25 46
30 42
30 46
26 41
26 47
29 41
29 47
24 44
31 44
24 43
24 45
31 43
31 45
25 41
25 47
30 41
30 47
24 42
24 46
27 40
27 48
28 40
28 48
31 42
31 46
26 40
26 48
29 40
29 48
23 44
23 43
23 45
24 41
24 47
31 41
31 47
25 40
25 48
30 40
30 48
23 42
23 46
27 39
27 49
28 39
28 49
26 39
26 49
29 39
29 49
24 40
24 48
31 40
31 48
23 41
23 47
32 47
22 44
22 43
22 45
25 39
25 49
30 39
30 49
22 42
23 40
23 48
27 38
28 38
32 48
24 39
24 49
31 39
31 49
26 38
29 38
22 41
22 47
25 38
30 38
23 39
23 49
32 49
22 40
22 48
24 38
31 38
22 39
22 49
23 38
0
Yes
45 0
45 1
45 2
45 3
46 0
46 1
46 2
46 3
47 0
47 1
47 2
47 3
48 0
48 1
48 2
48 3
49 0
49 1
0
Yes
24 26
24 27
25 26
25 27
26 26
26 27
0
Yes
0 44
0 45
0 46
0 47
0 48
0 49
1 44
1 45
1 46
1 47
1 48
1 49
2 44
2 45
2 46
2 47
2 48
2 49
3 44
3 45
3 46
3 47
3 48
3 49
4 44
4 45
4 46
4 47
4 48
4 49
5 44
5 45
5 46
5 47
5 48
5 49
6 44
6 45
6 46
6 47
0
Yes
17 15
17 16
17 17
17 18
17 19
17 20
17 21
17 22
17 23
17 24
17 25
18 15
18 16
18 17
18 18
18 19
18 20
18 21
18 22
18 23
18 24
18 25
19 15
19 16
19 17
19 18
19 19
19 20
19 21
19 22
19 23
19 24
19 25
20 15
20 16
20 17
20 18
20 19
20 20
20 21
20 22
20 23
20 24
20 25
21 15
21 16
21 17
21 18
21 19
21 20
21 21
21 22
21 23
21 24
21 25
22 15
22 16
22 17
22 18
22 19
22 20
22 21
22 22
22 23
22 24
22 25
23 15
23 16
23 17
23 18
23 19
23 20
23 21
23 22
23 23
23 24
23 25
24 15
24 16
24 17
24 18
24 19
24 20
24 21
24 22
24 23
24 24
24 25
25 15
25 16
25 17
25 18
25 19
25 20
25 21
25 22
25 23
25 24
25 25
26 15
26 16
26 17
26 18
26 19
26 20
26 21
26 22
26 23
26 24
26 25
27 15
27 16
27 17
27 18
27 19
27 20
27 21
27 22
27 23
27 24
27 25
28 15
28 16
28 17
28 18
28 19
28 20
28 21
28 22
28 23
28 24
0
Yes
46 28
47 28
46 27
46 29
47 27
47 29
45 28
48 28
45 27
45 29
48 27
48 29
46 26
46 30
47 26
47 30
44 28
45 26
45 30
48 26
48 30
49 28
44 27
44 29
49 27
49 29
46 25
46 31
47 25
47 31
44 26
49 26
49 30
45 25
45 31
48 25
48 31
44 25
44 31
49 25
49 31
43 26
46 24
46 32
47 24
47 32
45 24
45 32
48 24
48 32
43 25
43 31
44 24
44 32
49 24
49 32
46 23
46 33
47 23
47 33
45 23
45 33
48 23
48 33
43 24
43 32
44 23
44 33
49 23
49 33
46 22
46 34
47 22
47 34
43 23
43 33
45 22
45 34
48 22
48 34
44 22
44 34
49 22
49 34
43 22
43 34
46 21
46 35
47 21
47 35
45 21
48 35
44 21
49 35
43 21
43 35
46 20
0
Yes
26 8
26 9
26 10
26 11
26 12
27 8
27 9
27 10
27 11
27 12
28 8
28 9
28 10
28 11
28 12
29 8
29 9
29 10
0
Yes
16 45
16 46
16 47
16 48
16 49
17 45
17 46
17 47
17 48
17 49
18 45
18 46
18 47
18 48
18 49
19 45
19 46
19 47
19 48
19 49
20 45
20 46
0
Yes
0 24
0 25
0 26
0 27
0 28
0 29
1 24
1 25
1 26
1 27
1 28
1 29
2 24
2 25
2 26
2 27
2 28
2 29
0
Yes
47 15
47 16
47 17
47 18
47 19
47 20
48 15
48 16
48 17
48 18
48 19
48 20
49 15
49 16
49 17
49 18
49 19
49 20
0
Yes
42 15
41 15
41 16
42 16
43 16
43 15
42 17
41 17
43 17
44 15
44 16
44 17
40 16
40 15
40 17
39 15
39 16
39 17
41 18
42 18
40 18
39 18
45 16
45 15
45 17
45 14
42 19
41 19
40 19
39 19
46 15
46 16
46 14
46 17
38 16
38 17
38 18
38 15
38 19
43 19
46 13
45 13
45 12
46 12
37 15
37 16
37 17
37 18
37 19
46 18
41 20
42 20
40 20
39 20
38 20
43 20
37 20
47 14
47 13
47 12
44 20
46 11
45 11
45 10
46 10
42 21
41 21
40 21
39 21
38 21
37 21
36 16
36 17
36 18
36 19
36 20
36 15
36 21
48 13
48 14
48 12
35 15
35 16
35 17
35 18
35 19
35 20
35 21
35 14
41 22
40 22
39 22
38 22
37 22
42 22
47 10
49 14
49 13
49 12
46 9
45 9
47 9
48 11
48 10
49 11
48 9
45 8
46 8
47 8
48 8
42 23
41 23
40 23
39 23
34 16
34 15
34 17
34 18
34 19
34 20
34 21
46 7
47 7
45 7
48 7
33 15
33 16
33 17
33 18
33 19
33 20
33 21
41 24
40 24
42 24
39 24
49 9
49 8
49 7
0
Yes
16 29
15 29
15 28
16 28
14 28
14 29
14 30
14 27
13 29
13 28
13 30
13 27
13 31
14 31
14 32
13 32
12 28
12 29
12 30
12 31
12 27
12 32
13 26
14 26
12 26
14 25
15 25
11 29
11 28
11 30
11 27
11 31
11 26
11 32
13 33
12 33
14 33
15 33
15 24
14 24
16 24
16 25
15 34
14 34
13 34
12 34
12 25
11 25
16 23
15 23
14 23
10 28
10 29
10 30
10 27
10 31
10 32
14 35
13 35
15 35
12 35
16 35
13 23
9 29
9 28
9 30
9 31
16 36
15 36
14 36
13 36
12 36
11 24
11 34
11 35
11 36
15 22
14 22
16 22
13 22
10 24
16 21
15 21
14 21
13 21
8 28
8 29
8 30
8 31
12 22
12 23
12 21
15 37
14 37
13 37
12 37
16 37
11 37
10 35
10 36
10 34
10 37
8 32
7 29
7 30
7 31
7 28
7 32
15 20
14 20
13 20
16 20
12 20
11 21
11 20
7 33
8 33
8 34
7 34
9 36
9 35
8 35
8 36
9 37
7 35
8 37
7 36
7 37
16 19
15 19
14 19
13 19
12 19
11 19
6 28
6 29
6 30
0
Yes
1 13
1 14
1 15
1 16
1 17
2 13
2 14
2 15
2 16
2 17
3 13
3 14
3 15
3 16
3 17
4 13
4 14
4 15
4 16
4 17
5 13
0
No
0
No
0
Yes
39 10
39 11
39 12
39 13
39 14
39 15
39 16
39 17
40 10
40 11
40 12
40 13
40 14
40 15
40 16
40 17
41 10
41 11
41 12
41 13
41 14
41 15
41 16
41 17
42 10
42 11
42 12
42 13
42 14
42 15
42 16
42 17
43 10
43 11
43 12
43 13
43 14
43 15
43 16
43 17
44 10
44 11
44 12
44 13
44 14
44 15
44 16
44 17
45 10
45 11
45 12
45 13
45 14
45 15
45 16
45 17
46 10
46 11
46 12
46 13
46 14
46 15
46 16
46 17
0
Yes
18 13
18 14
19 13
19 14
20 13
20 14
0
No
0
Yes
28 44
28 43
28 45
29 44
27 43
27 45
29 43
29 45
28 42
28 46
30 44
26 45
27 42
27 46
29 42
29 46
30 43
30 45
26 42
26 46
30 42
30 46
28 41
28 47
31 44
25 45
25 44
27 41
27 47
29 41
29 47
31 43
31 45
25 42
25 46
26 41
26 47
30 41
30 47
31 42
31 46
24 44
28 40
28 48
24 43
24 45
27 40
27 48
29 40
29 48
25 41
25 47
31 41
31 47
24 42
24 46
26 40
26 48
30 40
30 48
23 44
24 41
24 47
25 40
25 48
28 39
28 49
31 40
31 48
32 47
23 43
23 45
27 39
27 49
29 39
29 49
23 42
23 46
26 39
26 49
30 39
30 49
24 40
24 48
32 48
23 41
23 47
25 39
25 49
31 39
31 49
28 38
27 38
29 38
26 38
30 38
23 40
23 48
24 39
24 49
32 49
25 38
31 38
23 39
23 49
24 38
23 38
0
No
0
Yes
33 15
33 16
33 17
33 18
33 19
33 20
33 21
34 15
34 16
34 17
34 18
34 19
34 20
34 21
35 15
35 16
35 17
35 18
35 19
35 20
35 21
36 15
36 16
36 17
36 18
36 19
36 20
36 21
37 15
37 16
37 17
37 18
37 19
37 20
37 21
38 15
38 16
38 17
0
Yes
42 0
41 0
41 1
42 1
43 1
43 0
42 2
43 2
40 1
40 0
44 2
39 0
39 1
43 3
42 3
44 3
41 3
39 2
42 4
43 4
41 4
44 4
38 1
38 0
38 2
40 4
40 3
39 3
38 3
39 4
38 4
37 0
37 1
37 2
37 3
37 4
45 4
41 5
42 5
43 5
40 5
44 5
39 5
38 5
45 5
37 5
42 6
41 6
43 6
40 6
44 6
39 6
38 6
45 6
37 6
36 1
36 2
36 0
41 7
42 7
43 7
40 7
44 7
39 7
38 7
45 7
37 7
46 6
46 7
36 5
36 6
36 7
43 8
44 8
45 8
46 8
39 8
38 8
37 8
36 8
47 7
47 6
47 8
48 6
48 7
48 8
44 9
45 9
46 9
47 9
43 9
48 9
42 9
0
No
0
Yes
12 31
12 32
13 31
13 32
11 31
11 32
12 30
12 33
13 30
13 33
14 31
14 32
11 30
14 30
14 33
10 31
10 32
12 29
12 34
13 29
13 34
10 30
11 29
11 34
14 29
14 34
10 29
10 34
12 28
12 35
13 28
13 35
11 28
11 35
14 28
14 35
10 28
10 35
12 27
12 36
13 27
13 36
11 27
11 36
14 27
14 36
10 27
10 36
12 26
12 37
13 26
13 37
11 26
11 37
14 26
14 37
10 37
12 25
11 25
0
No
0
Yes
22 33
21 33
22 32
22 34
23 33
21 32
21 34
23 32
23 34
20 33
22 31
22 35
24 33
20 32
20 34
21 31
21 35
23 31
23 35
24 32
24 34
20 31
20 35
24 31
24 35
19 33
22 30
22 36
25 33
19 32
19 34
21 30
21 36
23 30
23 36
25 32
25 34
19 31
19 35
20 30
20 36
24 30
24 36
25 31
25 35
18 33
22 29
22 37
26 33
18 32
18 34
21 29
21 37
23 29
23 37
26 32
26 34
19 30
19 36
25 30
25 36
18 31
18 35
20 29
20 37
24 29
24 37
26 31
26 35
17 33
18 30
18 36
19 29
19 37
22 28
25 29
25 37
26 30
26 36
27 33
17 32
17 34
21 28
23 28
27 32
27 34
17 31
17 35
20 28
24 28
27 31
27 35
18 29
18 37
26 29
26 37
17 30
17 36
19 28
25 28
27 30
27 36
16 32
16 31
16 35
17 29
17 37
18 28
26 28
27 29
16 30
16 36
17 28
27 28
16 29
16 37
0
Yes
0 11
0 12
0 13
1 11
1 12
0
No
0
No
0
Yes
38 18
38 19
38 20
39 18
39 19
39 20
40 18
40 19
40 20
41 18
41 19
41 20
42 18
0
Yes
4 28
4 29
4 30
5 28
5 29
5 30
6 28
6 29
6 30
7 28
7 29
0
Yes
16 0
16 1
16 2
16 3
16 4
17 0
17 1
17 2
17 3
17 4
18 0
18 1
18 2
18 3
18 4
19 0
19 1
19 2
19 3
19 4
20 0
20 1
20 2
20 3
20 4
21 0
21 1
21 2
21 3
21 4
22 0
22 1
22 2
22 3
22 4
23 0
23 1
23 2
23 3
23 4
0
Yes
14 16
14 17
14 18
14 19
14 20
14 21
14 22
14 23
14 24
14 25
15 16
15 17
15 18
15 19
15 20
15 21
15 22
15 23
15 24
15 25
16 16
16 17
16 18
16 19
16 20
16 21
16 22
16 23
16 24
16 25
17 16
17 17
17 18
17 19
17 20
17 21
17 22
17 23
17 24
17 25
18 16
18 17
18 18
18 19
18 20
18 21
18 22
18 23
18 24
18 25
19 16
19 17
19 18
19 19
19 20
19 21
19 22
19 23
19 24
19 25
20 16
20 17
20 18
20 19
20 20
20 21
20 22
20 23
20 24
20 25
21 16
21 17
21 18
21 19
21 20
21 21
21 22
21 23
21 24
21 25
22 16
22 17
22 18
22 19
22 20
22 21
22 22
22 23
22 24
22 25
23 16
23 17
23 18
23 19
23 20
23 21
23 22
23 23
23 24
23 25
24 16
24 17
24 18
24 19
24 20
24 21
24 22
24 23
24 24
24 25
25 16
25 17
25 18
25 19
25 20
25 21
25 22
25 23
25 24
25 25
0
No
0
Yes
13 44
12 44
12 43
13 43
12 45
13 45
14 43
14 44
14 45
13 42
12 42
14 42
13 46
12 46
14 46
15 44
15 43
15 45
15 42
15 46
11 43
11 44
11 45
11 42
11 46
10 44
10 43
10 45
10 42
10 46
12 41
13 41
14 41
11 41
15 41
10 41
12 47
13 47
14 47
11 47
15 47
10 47
16 43
16 42
16 41
13 40
12 40
14 40
11 40
15 40
10 40
16 40
13 48
12 48
14 48
11 48
15 48
10 48
9 43
9 44
9 45
9 42
9 46
9 41
9 47
9 40
9 48
17 42
17 41
17 43
17 40
8 44
8 43
8 45
8 42
8 46
8 41
8 47
8 40
8 48
12 39
13 39
14 39
11 39
15 39
10 39
16 39
9 39
17 39
8 39
12 49
13 49
14 49
11 49
10 49
9 49
15 49
8 49
18 43
18 42
18 41
18 40
18 39
18 44
13 38
12 38
14 38
11 38
15 38
10 38
16 38
9 38
17 38
8 38
18 38
19 44
19 43
19 42
19 41
19 40
19 39
19 38
7 43
7 44
7 45
7 42
7 46
7 41
7 47
7 40
7 48
7 39
7 49
7 38
20 43
20 42
0
Yes
0 19
0 20
1 19
1 20
0
Yes
32 36
32 37
32 38
32 39
32 40
32 41
32 42
32 43
32 44
32 45
32 46
33 36
33 37
33 38
33 39
33 40
33 41
33 42
33 43
33 44
33 45
33 46
34 36
34 37
34 38
34 39
34 40
34 41
34 42
34 43
34 44
34 45
34 46
35 36
35 37
35 38
35 39
35 40
35 41
35 42
35 43
35 44
35 45
35 46
36 36
36 37
36 38
36 39
36 40
36 41
36 42
36 43
36 44
36 45
36 46
37 36
37 37
37 38
37 39
37 40
37 41
37 42
37 43
37 44
37 45
37 46
38 36
38 37
38 38
38 39
38 40
38 41
38 42
38 43
0
Yes
32 12
33 12
32 11
32 13
33 11
33 13
31 12
31 11
31 13
34 11
34 13
32 10
32 14
33 10
33 14
30 12
31 10
31 14
34 10
34 14
30 11
30 13
35 11
35 12
35 13
32 9
32 15
33 9
30 10
30 14
35 10
35 14
31 9
31 15
34 9
29 12
36 12
29 11
29 13
36 11
36 13
30 9
30 15
35 9
29 10
29 14
32 8
33 8
36 10
36 14
31 8
34 8
28 12
37 12
28 11
28 13
29 9
29 15
36 9
37 11
37 13
30 8
35 8
28 10
28 14
37 10
37 14
29 8
28 9
28 15
37 9
27 12
38 12
27 11
27 13
38 11
38 13
27 10
27 14
38 10
38 14
28 8
27 9
27 15
26 12
26 11
26 13
26 10
26 14
27 8
26 9
26 15
25 12
25 11
25 13
26 8
25 10
25 14
25 9
25 15
25 8
0
Yes
15 10
15 11
15 12
15 13
15 14
15 15
16 10
16 11
16 12
16 13
16 14
16 15
17 10
17 11
17 12
17 13
17 14
17 15
18 10
18 11
18 12
18 13
18 14
18 15
19 10
19 11
19 12
19 13
19 14
19 15
20 10
20 11
20 12
20 13
20 14
20 15
0
Yes
32 38
32 39
32 40
32 41
32 42
32 43
32 44
32 45
32 46
33 38
33 39
33 40
33 41
33 42
33 43
33 44
33 45
33 46
34 38
34 39
34 40
34 41
34 42
34 43
34 44
34 45
34 46
35 38
35 39
35 40
35 41
35 42
35 43
35 44
35 45
35 46
36 38
36 39
36 40
36 41
36 42
36 43
36 44
36 45
36 46
37 38
37 39
37 40
37 41
37 42
37 43
37 44
37 45
37 46
38 38
38 39
38 40
38 41
38 42
38 43
38 44
0
Yes
39 28
39 29
39 30
40 28
40 29
40 30
41 28
41 29
41 30
42 28
42 29
0
No
0
Yes
0 37
0 38
0 39
0 40
0 41
0 42
0 43
1 37
1 38
1 39
1 40
1 41
1 42
1 43
2 37
2 38
2 39
2 40
2 41
2 42
2 43
3 37
3 38
3 39
3 40
3 41
3 42
3 43
4 37
4 38
4 39
4 40
4 41
4 42
0
Yes
9 0
9 1
9 2
9 3
9 4
9 5
9 6
9 7
10 0
10 1
10 2
10 3
10 4
10 5
10 6
10 7
11 0
11 1
11 2
11 3
11 4
11 5
11 6
11 7
12 0
12 1
12 2
12 3
12 4
12 5
12 6
12 7
13 0
13 1
13 2
13 3
13 4
0
Yes
20 47
20 48
20 49
21 47
21 48
21 49
22 47
22 48
22 49
0
Yes
0 30
0 31
0 32
1 30
1 31
0
Yes
36 21
35 21
35 20
36 20
37 20
37 21
37 22
36 19
35 19
37 19
38 21
38 20
38 22
38 19
34 20
34 21
34 19
34 22
38 23
37 23
36 23
35 23
34 23
33 21
33 20
33 22
33 19
33 23
36 24
35 24
37 24
34 24
38 24
33 24
35 18
36 18
37 18
34 18
38 18
33 18
39 20
39 21
39 22
39 19
39 23
39 18
39 24
36 17
35 17
37 17
34 17
38 17
33 17
39 17
40 21
40 20
40 22
40 19
40 23
40 18
40 24
40 17
32 20
32 21
32 22
32 19
32 23
35 25
36 25
37 25
34 25
38 25
33 25
31 21
31 20
31 22
31 19
31 23
36 26
35 26
37 26
34 26
38 26
33 26
35 16
36 16
37 16
34 16
38 16
39 16
33 16
40 16
41 20
41 21
41 22
41 19
41 23
41 18
41 17
41 24
41 16
40 25
41 25
31 18
31 24
36 15
35 15
37 15
34 15
38 15
39 15
40 15
33 15
41 15
42 21
42 20
42 22
42 19
42 23
42 18
42 24
42 17
42 16
42 25
42 15
30 20
30 19
30 18
30 22
30 23
30 24
35 27
36 27
37 27
34 27
38 27
0
No
0
Yes
23 45
23 46
23 47
23 48
23 49
24 45
24 46
24 47
24 48
24 49
25 45
25 46
25 47
25 48
25 49
26 45
26 46
26 47
26 48
26 49
27 45
27 46
27 47
27 48
27 49
28 45
28 46
28 47
28 48
28 49
29 45
29 46
29 47
29 48
29 49
30 45
30 46
30 47
30 48
30 49
31 45
31 46
31 47
0
Yes
8 31
7 31
7 30
8 30
7 32
8 32
9 30
9 31
8 29
9 29
8 33
7 33
10 31
10 30
10 29
6 32
6 31
6 33
10 32
5 31
5 32
5 33
7 34
6 34
8 34
5 34
9 28
8 28
10 28
11 30
11 31
11 29
11 32
11 28
8 35
7 35
6 35
5 35
12 31
12 30
12 29
12 32
12 28
4 32
4 33
4 34
4 31
4 35
9 35
10 27
11 27
12 27
12 33
3 31
3 32
3 33
3 34
3 35
7 36
8 36
6 36
5 36
4 36
9 36
3 36
13 30
13 31
13 32
13 29
13 28
13 33
13 27
10 36
10 35
10 34
11 34
11 35
12 34
12 35
11 36
13 34
12 36
13 35
13 36
11 26
12 26
13 26
8 37
7 37
9 37
6 37
10 37
5 37
11 37
12 37
13 37
14 31
14 30
14 32
14 29
14 33
14 28
14 34
14 27
14 35
14 36
14 26
14 37
2 32
2 33
2 34
2 35
2 31
2 36
12 25
11 25
1 33
1 32
1 34
1 35
1 36
6 38
5 38
15 29
15 28
15 33
15 34
15 35
15 36
15 37
0
No
0
Yes
0 44
0 45
0 46
0 47
0 48
0 49
1 44
1 45
1 46
1 47
1 48
1 49
2 44
2 45
2 46
2 47
2 48
2 49
3 44
3 45
3 46
3 47
3 48
3 49
4 44
4 45
4 46
4 47
4 48
4 49
5 44
5 45
5 46
5 47
5 48
5 49
6 44
6 45
0
Yes
16 0
16 1
16 2
16 3
16 4
16 5
16 6
17 0
17 1
17 2
17 3
17 4
17 5
17 6
18 0
18 1
18 2
18 3
18 4
18 5
18 6
19 0
19 1
19 2
19 3
19 4
19 5
19 6
20 0
20 1
20 2
20 3
20 4
20 5
20 6
21 0
21 1
21 2
21 3
21 4
21 5
21 6
22 0
22 1
22 2
22 3
22 4
22 5
22 6
23 0
23 1
23 2
23 3
23 4
23 5
23 6
24 0
24 1
24 2
24 3
24 4
24 5
24 6
25 0
25 1
25 2
0
Yes
21 38
21 39
21 40
21 41
21 42
22 38
22 39
22 40
22 41
22 42
23 38
23 39
23 40
23 41
23 42
24 38
24 39
24 40
24 41
24 42
25 38
25 39
25 40
25 41
25 42
26 38
26 39
26 40
26 41
26 42
27 38
27 39
27 40
27 41
27 42
28 38
28 39
28 40
28 41
28 42
29 38
29 39
29 40
29 41
29 42
30 38
0
Yes
43 14
42 14
43 13
43 15
44 14
42 13
44 13
44 15
41 14
43 12
43 16
45 14
41 13
42 12
44 12
44 16
45 13
45 15
41 12
45 12
45 16
40 14
43 11
43 17
46 14
40 13
42 11
44 11
44 17
46 13
46 15
40 12
41 11
45 11
45 17
46 12
46 16
39 14
43 10
39 13
42 10
44 10
40 11
46 11
46 17
39 12
41 10
45 10
39 11
40 10
46 10
39 10
0
No
0
Yes
46 39
46 40
46 41
46 42
46 43
46 44
46 45
47 39
47 40
47 41
47 42
47 43
47 44
47 45
48 39
48 40
48 41
48 42
48 43
48 44
48 45
49 39
49 40
49 41
49 42
49 43
0
Yes
5 11
5 12
6 11
6 12
0
Yes
28 13
28 14
29 13
29 14
27 13
27 14
28 12
28 15
29 12
29 15
30 13
30 14
27 12
27 15
30 12
30 15
26 13
26 14
28 11
28 16
29 11
29 16
31 13
31 14
26 12
26 15
27 11
27 16
30 11
30 16
31 12
31 15
25 13
25 14
26 11
26 16
28 10
28 17
29 10
29 17
31 11
31 16
32 13
32 14
25 12
25 15
27 10
27 17
30 10
30 17
32 12
32 15
25 11
26 10
26 17
31 10
32 11
24 13
24 14
28 9
28 18
29 9
29 18
24 12
24 15
27 9
27 18
30 9
25 10
32 10
24 11
26 9
26 18
31 9
28 8
29 8
24 10
25 9
27 8
30 8
32 9
26 8
31 8
24 9
25 8
32 8
0
Yes
9 8
9 9
10 8
10 9
11 8
11 9
12 8
0
No
0
Yes
27 8
27 9
27 10
27 11
27 12
27 13
27 14
27 15
27 16
28 8
28 9
28 10
28 11
28 12
28 13
28 14
28 15
28 16
29 8
29 9
29 10
29 11
29 12
29 13
29 14
29 15
29 16
30 8
30 9
30 10
30 11
30 12
30 13
30 14
30 15
30 16
31 8
31 9
31 10
31 11
31 12
31 13
31 14
31 15
31 16
32 8
32 9
32 10
32 11
32 12
32 13
0
No
0
Yes
0 2
0 3
0 4
0 5
0 6
0 7
0 8
0 9
0 10
1 2
1 3
1 4
1 5
1 6
1 7
1 8
1 9
1 10
2 2
2 3
2 4
2 5
2 6
2 7
2 8
2 9
2 10
3 2
3 3
3 4
3 5
3 6
3 7
3 8
3 9
3 10
4 2
4 3
4 4
4 5
4 6
4 7
4 8
4 9
4 10
0
No
0
Yes
26 24
26 23
27 23
27 24
27 25
26 25
26 26
27 26
28 24
28 25
28 23
28 26
25 26
27 22
26 22
28 22
26 21
27 21
28 21
25 27
26 27
27 27
28 27
29 23
29 24
29 25
29 22
29 26
29 27
24 27
24 26
27 20
26 20
28 20
30 25
30 26
30 27
28 28
29 28
30 28
26 19
27 19
28 19
29 20
29 19
31 26
31 27
31 25
31 28
29 29
30 29
28 29
31 29
27 18
28 18
26 18
29 18
28 30
29 30
30 30
31 30
26 17
27 17
28 17
0
Yes
0 0
0 1
1 0
1 1
2 0
2 1
3 0
3 1
0
No
0
Yes
16 45
16 46
16 47
16 48
16 49
17 45
17 46
17 47
17 48
17 49
18 45
18 46
18 47
18 48
18 49
19 45
19 46
19 47
19 48
19 49
20 45
0
Yes
11 24
10 24
10 23
11 23
12 23
11 22
10 22
12 22
9 23
9 24
9 22
9 25
13 22
13 23
8 24
8 23
8 25
8 22
12 21
11 21
13 21
8 26
9 26
9 27
8 27
11 20
12 20
13 20
7 23
7 24
7 25
7 26
7 22
7 27
6 24
6 23
6 25
6 26
6 22
6 27
12 19
11 19
13 19
7 28
6 28
11 18
12 18
13 18
5 23
5 24
5 25
5 26
5 27
5 22
5 28
10 18
4 24
4 23
4 25
4 26
4 27
4 22
4 28
6 29
5 29
7 29
4 29
10 17
11 17
12 17
13 17
11 16
12 16
10 16
13 16
3 23
3 24
3 25
3 26
3 27
3 28
3 22
3 29
5 30
6 30
4 30
10 15
11 15
12 15
0
Yes
35 6
34 6
34 7
35 7
35 8
34 8
33 7
33 6
33 8
33 5
32 6
32 7
32 5
34 9
35 9
33 9
36 9
32 4
33 4
33 3
32 3
34 3
35 10
34 10
36 10
33 10
31 5
31 6
31 4
31 7
31 3
34 2
33 2
35 2
35 3
37 10
37 9
30 6
30 5
30 4
30 7
30 3
35 1
34 1
33 1
34 11
35 11
36 11
33 11
37 11
31 2
30 2
32 1
31 1
30 1
38 11
38 10
35 12
36 12
37 12
38 12
34 0
33 0
32 0
31 0
35 0
30 0
33 12
36 13
37 13
35 13
38 13
34 13
33 13
35 14
34 14
36 14
37 14
33 14
0
Yes
13 22
12 22
12 21
13 21
12 23
13 23
13 20
12 20
11 21
11 22
11 23
11 20
11 24
10 22
10 23
10 24
12 19
13 19
11 19
13 18
12 18
11 18
9 23
9 22
9 24
8 22
8 23
8 24
9 25
8 25
10 18
12 17
11 17
13 17
10 17
13 16
12 16
11 16
10 16
7 23
7 24
7 22
7 25
8 26
9 26
7 26
9 27
8 27
7 27
6 22
6 23
6 24
6 25
6 26
6 27
12 15
11 15
13 15
10 15
14 15
13 14
12 14
11 14
14 14
10 14
5 23
5 24
5 25
5 26
5 22
5 27
7 28
6 28
5 28
4 22
4 23
4 24
4 25
4 26
4 27
4 28
12 13
13 13
11 13
14 13
10 13
9 13
6 29
5 29
7 29
4 29
13 12
12 12
11 12
10 12
14 12
9 12
3 23
3 24
3 25
3 26
3 27
3 28
3 22
3 29
12 11
13 11
11 11
14 11
2 24
2 23
2 25
2 26
2 27
2 28
2 29
8 12
8 13
7 13
7 12
5 30
6 30
4 30
13 10
12 10
14 10
11 10
8 11
1 25
1 24
1 26
1 27
1 28
1 29
12 9
13 9
14 9
0 24
0 25
0 26
0 27
0 28
0 29
0
No
0
No
0
Yes
4 5
4 6
5 5
5 6
3 5
3 6
4 4
4 7
5 4
5 7
6 5
6 6
3 4
3 7
6 4
6 7
2 5
2 6
4 3
4 8
5 3
5 8
7 5
7 6
2 4
2 7
3 3
3 8
6 3
6 8
7 4
7 7
1 5
1 6
2 3
2 8
4 2
4 9
5 2
5 9
7 3
7 8
8 5
8 6
1 4
1 7
3 2
3 9
6 2
6 9
8 4
8 7
1 3
1 8
2 2
2 9
7 2
7 9
8 3
0 5
0 6
4 10
5 1
5 10
0 4
0 7
3 1
3 10
6 1
1 2
1 9
8 2
0 3
0 8
2 1
2 10
7 1
0 2
0 9
1 1
1 10
3 0
6 0
8 1
2 0
7 0
0 1
0
Yes
25 7
24 7
24 8
25 8
26 8
25 9
24 9
26 9
23 8
23 7
23 9
22 7
22 8
22 9
24 10
25 10
23 10
26 10
22 10
25 11
24 11
23 11
26 11
22 11
21 8
21 9
21 10
21 7
21 11
20 7
20 8
20 9
24 12
25 12
26 12
25 13
24 13
26 13
19 8
19 7
19 9
23 13
18 7
18 8
18 9
24 14
25 14
26 14
23 14
25 15
24 15
26 15
23 15
17 8
17 7
17 9
22 15
0
Yes
14 4
14 5
14 6
15 4
15 5
15 6
0
No
0
No
0
Yes
33 15
33 16
33 17
33 18
33 19
33 20
33 21
34 15
34 16
34 17
34 18
34 19
34 20
34 21
35 15
35 16
35 17
35 18
35 19
35 20
35 21
36 15
36 16
36 17
36 18
36 19
36 20
36 21
37 15
37 16
37 17
37 18
37 19
37 20
37 21
38 15
38 16
38 17
38 18
38 19
38 20
38 21
39 15
0
Yes
47 12
47 13
47 14
47 15
48 12
48 13
48 14
48 15
49 12
49 13
49 14
0
No
0
Yes
31 36
31 37
31 38
31 39
31 40
31 41
31 42
31 43
31 44
32 36
32 37
32 38
32 39
32 40
32 41
32 42
32 43
32 44
33 36
33 37
33 38
33 39
33 40
33 41
33 42
33 43
33 44
34 36
34 37
34 38
34 39
34 40
34 41
34 42
34 43
34 44
35 36
35 37
35 38
35 39
35 40
35 41
35 42
35 43
35 44
36 36
36 37
36 38
36 39
36 40
36 41
36 42
36 43
36 44
37 36
37 37
37 38
37 39
37 40
37 41
37 42
37 43
37 44
38 36
38 37
38 38
38 39
38 40
38 41
38 42
38 43
38 44
39 36
0
Yes
4 5
5 5
4 4
4 6
5 4
5 6
3 5
6 5
3 4
3 6
6 4
6 6
4 3
4 7
5 3
5 7
2 5
3 3
3 7
6 3
6 7
7 5
2 4
2 6
7 4
7 6
4 2
4 8
5 2
5 8
2 3
2 7
7 3
7 7
3 2
3 8
6 2
6 8
1 5
8 5
1 4
1 6
8 4
8 6
2 2
2 8
7 2
7 8
1 3
1 7
4 9
5 1
5 9
8 3
8 7
3 1
3 9
6 1
6 9
0 5
0 4
0 6
1 2
1 8
8 2
2 1
2 9
7 1
7 9
0 3
0 7
3 0
6 0
1 1
1 9
8 1
0 2
0 8
2 0
7 0
0 1
0 9
1 0
8 0
0 0
0
No
0
No
0
Yes
16 0
16 1
16 2
16 3
16 4
17 0
17 1
17 2
17 3
17 4
18 0
18 1
18 2
18 3
18 4
19 0
19 1
19 2
19 3
19 4
20 0
20 1
20 2
20 3
20 4
21 0
21 1
21 2
21 3
21 4
0
No
0
Yes
45 0
45 1
45 2
45 3
46 0
46 1
46 2
46 3
47 0
47 1
47 2
47 3
48 0
48 1
48 2
48 3
49 0
0
No
0
Yes
15 11
15 12
15 13
15 14
15 15
16 11
16 12
16 13
16 14
16 15
17 11
17 12
17 13
17 14
17 15
18 11
18 12
18 13
18 14
18 15
19 11
19 12
19 13
19 14
19 15
20 11
20 12
20 13
20 14
0
No
0
No
0
Yes
0 11
0 12
0 13
1 11
1 12
0
No
0
No
0
Yes
22 0
22 1
22 2
22 3
22 4
22 5
22 6
23 0
23 1
23 2
23 3
23 4
23 5
23 6
24 0
24 1
24 2
24 3
24 4
24 5
24 6
25 0
25 1
25 2
25 3
25 4
25 5
0
No
0
Yes
46 44
46 45
47 44
47 45
48 44
48 45
49 44
0
No
0
Yes
32 38
32 39
32 40
32 41
32 42
32 43
32 44
32 45
32 46
33 38
33 39
33 40
33 41
33 42
33 43
33 44
33 45
33 46
34 38
34 39
34 40
34 41
34 42
34 43
34 44
34 45
34 46
35 38
35 39
35 40
35 41
35 42
35 43
35 44
35 45
35 46
36 38
36 39
36 40
36 41
36 42
36 43
36 44
36 45
36 46
37 38
37 39
37 40
37 41
37 42
37 43
37 44
37 45
37 46
38 38
38 39
38 40
38 41
38 42
38 43
38 44
38 45
38 46
0
No
0
Yes
0 2
0 3
0 4
0 5
0 6
0 7
0 8
0 9
0 10
1 2
1 3
1 4
1 5
1 6
1 7
1 8
1 9
1 10
2 2
2 3
2 4
2 5
2 6
2 7
2 8
2 9
2 10
3 2
3 3
3 4
3 5
3 6
3 7
3 8
3 9
3 10
4 2
4 3
4 4
4 5
4 6
4 7
4 8
4 9
4 10
5 2
5 3
5 4
5 5
5 6
5 7
5 8
5 9
5 10
6 2
6 3
6 4
6 5
6 6
6 7
6 8
0
No
0
Yes
0 0
0 1
1 0
1 1
2 0
2 1
3 0
0
Yes
16 45
16 46
16 47
16 48
16 49
17 45
17 46
17 47
17 48
17 49
18 45
18 46
18 47
18 48
18 49
19 45
19 46
19 47
19 48
19 49
20 45
20 46
0
Yes
46 39
46 40
46 41
46 42
46 43
46 44
47 39
47 40
47 41
47 42
47 43
47 44
48 39
48 40
48 41
48 42
48 43
48 44
49 39
49 40
49 41
49 42
49 43
49 44
0
Yes
27 8
27 9
27 10
27 11
27 12
27 13
28 8
28 9
28 10
28 11
28 12
28 13
29 8
29 9
29 10
29 11
29 12
29 13
30 8
30 9
30 10
30 11
30 12
30 13
31 8
31 9
31 10
31 11
31 12
31 13
32 8
32 9
32 10
0
No
0
Yes
44 22
45 22
44 21
44 23
45 21
45 23
43 22
46 22
43 21
43 23
46 21
46 23
44 20
44 24
45 20
45 24
42 22
43 20
43 24
46 20
46 24
47 22
42 21
42 23
47 21
47 23
44 25
45 19
45 25
42 20
42 24
47 20
47 24
43 19
43 25
46 19
46 25
41 22
48 22
41 21
41 23
48 23
42 19
42 25
47 19
47 25
41 20
41 24
44 26
45 26
48 20
48 24
43 26
46 18
46 26
40 22
49 22
40 21
40 23
41 19
41 25
48 19
48 25
49 23
42 18
42 26
47 18
47 26
40 20
40 24
49 20
49 24
44 27
45 27
46 27
41 18
41 26
48 18
48 26
40 19
40 25
49 19
49 25
39 22
39 21
39 23
42 17
42 27
47 17
47 27
39 20
39 24
40 18
49 18
49 26
41 17
41 27
48 17
48 27
39 19
42 16
47 16
40 17
40 27
49 17
49 27
39 18
41 16
48 16
39 17
40 16
49 16
39 16
0
Yes
45 28
45 29
45 30
45 31
45 32
45 33
45 34
46 28
46 29
46 30
46 31
46 32
46 33
46 34
47 28
47 29
47 30
47 31
47 32
47 33
47 34
48 28
48 29
48 30
48 31
48 32
48 33
48 34
49 28
49 29
49 30
49 31
49 32
49 33
49 34
0
Yes
11 32
10 32
10 31
11 31
12 31
12 32
12 33
11 30
10 30
12 30
13 32
13 31
13 33
13 30
9 31
9 30
13 34
12 34
11 34
11 35
12 35
13 35
10 29
11 29
12 29
9 29
13 29
10 35
10 34
14 31
14 32
14 33
14 30
14 34
14 29
14 35
8 30
8 31
8 29
8 32
7 32
7 31
7 30
11 28
10 28
12 28
9 28
13 28
8 28
14 28
7 33
8 33
8 34
7 34
10 36
11 36
12 36
13 36
14 36
15 33
15 34
15 35
15 36
9 36
9 35
8 35
7 35
8 36
7 36
11 37
10 37
12 37
9 37
13 37
8 37
14 37
7 37
15 37
15 29
15 28
6 31
6 32
6 33
6 34
6 35
6 36
6 37
10 27
11 27
12 27
13 27
14 27
5 32
5 33
5 34
5 35
5 36
5 31
5 37
11 26
12 26
13 26
14 26
0
Yes
45 0
45 1
45 2
45 3
46 0
46 1
46 2
46 3
47 0
47 1
47 2
47 3
48 0
48 1
48 2
48 3
49 0
49 1
49 2
49 3
0
Yes
34 23
34 24
34 25
34 26
34 27
35 23
35 24
35 25
35 26
35 27
36 23
36 24
36 25
36 26
36 27
37 23
37 24
37 25
37 26
37 27
38 23
38 24
38 25
38 26
38 27
0
Yes
26 41
26 42
25 41
25 42
27 41
27 42
26 40
25 40
27 40
27 43
24 41
24 42
28 41
28 42
24 40
24 43
26 39
28 40
28 43
25 39
27 39
23 41
23 42
29 41
29 42
24 39
24 44
25 44
28 39
28 44
23 40
23 43
29 40
29 43
26 38
25 38
27 38
23 39
23 44
29 39
29 44
22 41
22 42
24 38
28 38
30 41
30 42
22 40
22 43
30 40
30 43
23 38
29 38
22 39
22 44
30 39
30 44
21 41
21 42
31 41
31 42
21 40
21 43
31 40
31 43
22 38
30 38
21 39
21 44
31 39
31 44
20 41
21 38
31 38
20 40
0
Yes
16 0
16 1
16 2
16 3
16 4
16 5
16 6
17 0
17 1
17 2
17 3
17 4
17 5
17 6
18 0
18 1
18 2
18 3
18 4
18 5
18 6
19 0
19 1
19 2
19 3
19 4
19 5
19 6
20 0
20 1
20 2
20 3
20 4
20 5
20 6
21 0
21 1
21 2
21 3
21 4
21 5
21 6
22 0
22 1
22 2
22 3
22 4
22 5
22 6
0
Yes
20 26
20 27
21 26
21 27
22 26
22 27
0
Yes
43 46
43 47
43 48
43 49
44 46
44 47
44 48
44 49
45 46
45 47
45 48
45 49
46 46
46 47
46 48
46 49
47 46
47 47
47 48
47 49
48 46
48 47
48 48
48 49
49 46
49 47
49 48
0
Yes
38 28
37 28
37 27
38 27
37 29
38 29
39 29
39 28
38 26
37 26
38 30
37 30
39 30
40 28
40 29
40 30
36 27
36 28
36 29
36 26
36 30
35 28
35 27
35 29
35 26
35 30
37 25
36 25
38 25
35 25
41 29
41 28
41 30
38 24
37 24
36 24
35 24
42 28
42 29
42 30
34 27
34 28
34 29
34 26
34 25
34 30
34 24
41 31
42 31
33 28
33 29
33 30
37 23
36 23
35 23
38 23
34 23
33 26
33 25
33 24
33 23
42 32
41 32
40 32
40 33
41 33
42 33
39 33
43 31
43 32
43 33
38 22
37 22
32 29
32 28
39 34
40 34
41 34
42 34
43 34
34 22
33 22
44 32
44 33
44 31
44 34
40 35
41 35
42 35
43 35
39 35
32 23
32 22
39 36
0
Yes
7 0
7 1
7 2
7 3
7 4
8 0
8 1
8 2
8 3
8 4
9 0
9 1
9 2
9 3
9 4
10 0
10 1
10 2
10 3
10 4
11 0
11 1
11 2
11 3
11 4
12 0
12 1
12 2
12 3
12 4
13 0
13 1
13 2
13 3
13 4
0
No
0
No
0
Yes
45 0
45 1
45 2
45 3
46 0
46 1
46 2
46 3
47 0
47 1
47 2
47 3
48 0
48 1
48 2
48 3
49 0
0
Yes
9 4
9 5
9 6
9 7
9 8
9 9
10 4
10 5
10 6
10 7
10 8
10 9
11 4
11 5
11 6
11 7
11 8
11 9
12 4
12 5
12 6
12 7
12 8
0
No
0
No
0
Yes
9 9
9 8
10 8
10 9
11 9
11 8
10 7
9 7
11 7
8 7
9 6
10 6
8 6
11 6
12 8
12 7
12 6
7 6
7 7
7 8
6 8
6 7
6 6
6 9
7 9
5 9
5 8
5 7
5 6
5 10
8 5
9 5
10 5
7 5
11 5
6 5
12 5
5 5
9 4
8 4
10 4
7 4
11 4
6 4
12 4
5 4
4 8
4 9
4 7
4 6
4 5
4 10
4 4
3 9
3 8
3 7
3 6
3 5
3 10
3 4
8 3
9 3
10 3
7 3
11 3
6 3
5 3
4 3
12 3
3 3
13 4
13 3
9 2
8 2
10 2
7 2
11 2
6 2
12 2
5 2
4 2
13 2
3 2
2 8
2 9
2 7
2 6
2 5
2 4
2 3
2 10
2 2
14 3
14 2
1 9
1 8
1 7
1 6
1 5
1 4
1 3
1 10
1 2
8 1
9 1
10 1
7 1
11 1
6 1
12 1
5 1
13 1
1 11
9 0
8 0
10 0
7 0
11 0
6 0
12 0
13 0
0 8
0 9
0 10
0 7
0 6
0 5
0 4
0 3
0 11
0 2
0 12
1 12
0
Yes
15 7
15 8
15 9
15 10
16 7
16 8
16 9
0
Yes
43 13
43 14
42 13
42 14
44 13
44 14
43 12
43 15
42 12
42 15
44 12
44 15
41 13
41 14
45 13
45 14
41 12
41 15
43 11
43 16
45 12
45 15
42 11
44 11
44 16
40 13
40 14
46 13
46 14
41 11
45 11
45 16
40 12
40 15
46 12
46 15
43 10
43 17
42 10
44 10
44 17
40 11
46 11
46 16
39 13
39 14
41 10
45 10
45 17
39 12
40 10
46 10
46 17
39 11
39 10
40 9
0
No
0
No
0
Yes
0 13
0 14
0 15
0 16
0 17
1 13
1 14
1 15
1 16
1 17
2 13
2 14
2 15
2 16
2 17
3 13
3 14
3 15
3 16
3 17
4 13
4 14
4 15
4 16
0
No
0
Yes
12 42
11 42
12 41
12 43
13 42
11 41
11 43
13 41
13 43
10 42
12 40
12 44
14 42
10 41
10 43
11 40
11 44
13 40
13 44
14 41
14 43
10 40
10 44
14 40
14 44
9 42
12 39
12 45
15 42
9 41
9 43
11 39
11 45
13 39
13 45
15 41
15 43
9 40
9 44
10 39
10 45
14 39
14 45
15 40
15 44
8 42
12 38
12 46
16 42
8 41
8 43
11 38
11 46
13 38
13 46
16 41
16 43
9 39
9 45
15 39
15 45
8 40
8 44
10 38
10 46
14 38
14 46
16 40
7 42
8 39
8 45
9 38
9 46
12 37
12 47
15 38
15 46
16 39
7 41
7 43
11 37
11 47
13 37
13 47
7 40
7 44
10 37
10 47
14 37
14 47
8 38
8 46
16 38
7 39
7 45
9 37
9 47
15 37
15 47
12 36
12 48
11 36
11 48
13 36
13 48
10 36
10 48
14 36
14 48
7 38
7 46
8 37
8 47
9 36
9 48
15 36
15 48
12 35
12 49
7 37
7 47
11 35
11 49
13 35
13 49
8 36
8 48
10 35
10 49
14 35
14 49
9 35
9 49
15 35
15 49
7 36
7 48
12 34
8 35
8 49
11 34
13 34
10 34
14 34
15 34
7 35
7 49
8 34
0
No
0
No
0
Yes
42 42
43 42
42 41
42 43
43 41
43 43
41 42
44 42
41 41
41 43
44 41
44 43
42 40
42 44
43 40
43 44
40 42
41 40
41 44
44 40
44 44
45 42
40 41
40 43
45 41
45 43
42 39
42 45
43 39
43 45
40 40
40 44
45 40
41 39
41 45
44 39
44 45
39 42
39 41
39 43
40 39
40 45
45 39
39 40
39 44
42 38
42 46
43 38
41 38
41 46
44 38
39 39
39 45
40 38
40 46
45 38
42 37
42 47
43 37
41 37
41 47
44 37
39 38
39 46
40 37
40 47
45 37
42 36
43 36
39 37
39 47
41 36
44 36
40 36
45 36
0
No
0
Yes
5 14
5 15
5 16
5 17
5 18
5 19
5 20
5 21
6 14
6 15
6 16
6 17
6 18
6 19
6 20
6 21
7 14
7 15
7 16
7 17
7 18
7 19
7 20
7 21
8 14
8 15
8 16
8 17
8 18
8 19
8 20
8 21
9 14
9 15
9 16
9 17
9 18
9 19
9 20
9 21
0
Yes
0 25
0 26
0 27
0 28
0 29
1 25
1 26
1 27
1 28
1 29
2 25
2 26
2 27
2 28
2 29
3 25
3 26
3 27
3 28
3 29
4 25
4 26
4 27
4 28
4 29
0
No
0
Yes
46 24
46 25
46 26
46 27
47 24
47 25
47 26
47 27
48 24
48 25
48 26
48 27
49 24
49 25
49 26
49 27
0
Yes
5 22
5 23
5 24
5 25
5 26
5 27
5 28
5 29
5 30
5 31
6 22
6 23
6 24
6 25
6 26
6 27
6 28
6 29
6 30
6 31
7 22
7 23
7 24
7 25
7 26
7 27
7 28
7 29
7 30
7 31
8 22
8 23
8 24
8 25
8 26
8 27
8 28
8 29
8 30
8 31
9 22
9 23
9 24
9 25
9 26
9 27
9 28
9 29
9 30
9 31
10 22
10 23
0
No
0
No
0
No
0
Yes
40 41
39 41
39 40
40 40
39 42
40 42
41 40
41 41
41 42
40 39
39 39
41 39
40 43
39 43
41 43
42 41
42 40
42 42
42 39
42 43
39 38
40 38
41 38
42 38
39 44
40 44
41 44
42 44
43 40
43 41
43 42
43 39
43 43
43 38
43 44
40 37
41 37
42 37
39 37
43 37
40 45
41 45
42 45
39 45
43 45
44 41
44 40
44 42
44 39
44 43
44 38
44 44
44 37
44 45
38 37
39 46
40 46
41 46
42 46
41 36
40 36
42 36
43 36
44 36
45 40
45 41
45 42
45 39
45 43
45 38
45 37
45 36
38 36
37 36
37 37
36 37
36 36
40 47
41 47
39 47
42 47
46 38
46 37
46 36
35 36
35 37
39 48
40 48
41 48
42 48
34 37
34 36
40 49
41 49
39 49
42 49
0
Yes
14 30
13 30
13 29
14 29
13 31
14 31
15 29
14 28
13 28
15 28
14 32
13 32
12 29
12 30
12 31
12 28
12 32
16 28
11 30
11 29
11 31
11 28
11 32
13 27
14 27
12 27
11 27
13 33
12 33
14 33
15 33
14 26
13 26
12 26
11 26
10 29
10 30
10 31
10 28
10 27
10 32
12 25
11 25
11 24
10 24
11 23
12 23
12 22
11 22
13 22
13 23
13 21
12 21
11 21
10 21
12 20
11 20
13 20
10 20
13 19
12 19
11 19
10 19
12 18
11 18
13 18
10 18
13 17
12 17
11 17
10 17
12 16
11 16
13 16
10 16
13 15
12 15
11 15
10 15
14 15
14 14
13 14
12 14
11 14
10 14
13 13
12 13
11 13
14 13
10 13
9 13
14 12
13 12
12 12
11 12
10 12
9 12
8 12
8 13
7 13
7 12
13 11
12 11
11 11
14 11
8 11
14 10
13 10
12 10
11 10
15 10
13 9
14 9
12 9
15 9
16 9
16 10
0
Yes
42 23
41 23
42 22
42 24
43 23
41 22
41 24
43 22
43 24
40 23
42 21
42 25
44 23
40 22
40 24
41 21
41 25
43 21
43 25
44 22
44 24
40 21
40 25
44 21
44 25
39 23
42 20
42 26
45 23
39 22
39 24
41 20
41 26
43 20
43 26
45 22
45 24
39 21
40 20
44 20
44 26
45 21
45 25
42 19
41 19
43 19
39 20
45 20
45 26
40 19
39 19
0
Yes
30 22
30 23
30 24
31 22
31 23
31 24
0
No
0
No
0
Yes
11 42
11 43
10 42
10 43
12 42
12 43
11 41
11 44
10 41
10 44
12 41
12 44
9 42
9 43
13 42
13 43
9 41
9 44
11 40
11 45
13 41
13 44
10 40
10 45
12 40
12 45
8 42
8 43
14 42
14 43
9 40
9 45
13 40
13 45
8 41
8 44
14 41
14 44
11 39
11 46
10 39
10 46
12 39
12 46
8 40
8 45
14 40
14 45
7 42
7 43
9 39
9 46
13 39
13 46
15 42
15 43
7 41
7 44
15 41
15 44
11 38
11 47
8 39
8 46
10 38
10 47
12 38
12 47
14 39
14 46
7 40
7 45
15 40
15 45
9 38
9 47
13 38
13 47
6 43
6 41
6 44
7 39
7 46
15 39
15 46
8 38
8 47
14 38
14 47
11 37
11 48
6 40
6 45
10 37
10 48
12 37
12 48
9 37
9 48
13 37
13 48
7 38
7 47
15 38
15 47
6 39
6 46
8 37
8 48
14 37
14 48
11 36
11 49
10 36
10 49
12 36
12 49
6 38
6 47
7 37
7 48
9 36
9 49
13 36
13 49
15 37
15 48
8 36
8 49
14 36
14 49
6 37
6 48
11 35
10 35
12 35
7 36
7 49
15 36
15 49
9 35
13 35
8 35
14 35
6 36
6 49
7 35
15 35
0
No
0
Yes
23 0
23 1
23 2
23 3
23 4
23 5
23 6
24 0
24 1
24 2
24 3
24 4
24 5
24 6
25 0
25 1
25 2
25 3
25 4
25 5
25 6
26 0
26 1
26 2
26 3
26 4
26 5
26 6
27 0
27 1
27 2
27 3
27 4
27 5
27 6
28 0
28 1
28 2
28 3
28 4
28 5
28 6
29 0
29 1
29 2
29 3
29 4
29 5
0
Yes
0 44
0 45
0 46
0 47
0 48
0 49
1 44
1 45
1 46
1 47
1 48
1 49
2 44
2 45
2 46
2 47
2 48
2 49
3 44
3 45
3 46
3 47
3 48
3 49
4 44
4 45
4 46
4 47
4 48
4 49
5 44
5 45
5 46
5 47
5 48
5 49
6 44
6 45
6 46
6 47
6 48
6 49
7 44
7 45
7 46
7 47
7 48
7 49
8 44
8 45
8 46
8 47
8 48
8 49
9 44
9 45
9 46
0
Yes
46 22
46 23
46 24
46 25
46 26
46 27
46 28
46 29
47 22
47 23
47 24
47 25
47 26
47 27
47 28
47 29
48 22
48 23
48 24
48 25
48 26
48 27
48 28
48 29
49 22
49 23
49 24
49 25
49 26
49 27
49 28
0
No
0
Yes
39 16
39 17
40 16
40 17
41 16
41 17
42 16
42 17
0
Yes
8 35
8 36
8 37
8 38
8 39
8 40
8 41
8 42
8 43
9 35
9 36
9 37
9 38
9 39
9 40
9 41
9 42
9 43
10 35
10 36
10 37
10 38
10 39
10 40
10 41
10 42
10 43
11 35
11 36
11 37
11 38
11 39
11 40
11 41
11 42
11 43
12 35
12 36
12 37
12 38
12 39
12 40
12 41
12 42
12 43
13 35
13 36
13 37
13 38
13 39
13 40
13 41
13 42
13 43
14 35
14 36
14 37
14 38
14 39
14 40
14 41
14 42
14 43
15 35
15 36
15 37
15 38
15 39
15 40
15 41
15 42
0
Yes
16 38
16 39
16 40
16 41
16 42
17 38
17 39
17 40
17 41
17 42
18 38
18 39
18 40
18 41
18 42
19 38
19 39
19 40
19 41
0
Yes
3 32
3 33
3 34
3 35
3 36
4 32
4 33
4 34
4 35
4 36
5 32
5 33
5 34
5 35
5 36
6 32
6 33
6 34
6 35
6 36
7 32
7 33
7 34
7 35
7 36
8 32
8 33
8 34
0
No
0
Yes
15 45
15 46
15 47
15 48
15 49
16 45
16 46
16 47
16 48
16 49
17 45
17 46
17 47
17 48
17 49
18 45
18 46
18 47
18 48
18 49
19 45
19 46
19 47
19 48
19 49
20 45
20 46
20 47
20 48
20 49
0
Yes
22 32
22 33
21 32
21 33
23 32
23 33
22 31
22 34
21 31
21 34
23 31
23 34
20 32
20 33
24 32
24 33
20 31
20 34
22 30
22 35
24 31
24 34
21 30
21 35
23 30
23 35
19 32
19 33
25 32
25 33
20 30
20 35
24 30
24 35
19 31
19 34
25 31
25 34
22 29
22 36
21 29
21 36
23 29
23 36
19 30
19 35
25 30
25 35
18 32
18 33
20 29
20 36
24 29
24 36
26 32
26 33
18 31
18 34
26 31
26 34
22 28
22 37
19 29
19 36
21 28
21 37
23 28
23 37
25 29
25 36
18 30
18 35
26 30
26 35
20 28
20 37
24 28
24 37
17 32
17 33
27 32
27 33
17 31
17 34
27 31
27 34
18 29
18 36
26 29
26 36
19 28
19 37
25 28
25 37
22 27
17 30
17 35
21 27
27 30
27 35
20 27
16 32
18 28
18 37
26 28
26 37
17 29
17 36
27 29
27 36
16 31
19 27
16 30
16 35
17 28
17 37
27 28
18 27
16 29
16 36
17 27
16 37
0
No
0
Yes
6 0
6 1
6 2
6 3
6 4
6 5
6 6
6 7
7 0
7 1
7 2
7 3
7 4
7 5
7 6
7 7
8 0
8 1
8 2
8 3
8 4
8 5
8 6
8 7
9 0
9 1
9 2
9 3
9 4
9 5
9 6
9 7
10 0
10 1
10 2
10 3
10 4
10 5
10 6
10 7
11 0
11 1
11 2
11 3
11 4
11 5
11 6
11 7
12 0
12 1
12 2
12 3
12 4
12 5
12 6
12 7
0
Yes
4 9
3 9
3 8
4 8
3 10
4 10
5 8
5 9
5 10
4 7
3 7
5 7
6 9
6 8
2 8
2 9
2 10
2 7
5 11
6 11
1 9
1 8
1 10
1 7
3 6
4 6
2 6
5 6
1 6
7 8
7 9
1 11
6 12
5 12
4 5
3 5
2 5
5 5
1 5
0 8
0 9
0 10
0 7
0 6
0 11
0 5
5 13
6 13
0 12
1 12
3 4
4 4
2 4
1 4
5 4
0 4
4 3
3 3
2 3
1 3
5 3
0 3
3 2
4 2
2 2
1 2
5 2
0 2
0
Yes
3 31
2 31
2 32
1 32
1 33
2 33
2 34
1 34
0 33
0 34
1 35
2 35
0 35
2 36
1 36
0 36
4 31
4 30
5 30
5 31
5 29
6 31
6 30
6 29
7 30
7 31
7 29
6 28
5 28
7 28
5 27
6 27
7 27
8 31
8 30
8 29
8 28
8 27
6 26
7 26
5 26
8 26
9 30
9 29
9 28
9 27
9 31
9 26
5 25
6 25
7 25
8 25
9 25
6 24
7 24
8 24
5 24
9 24
4 24
4 23
5 23
6 23
7 23
8 23
9 23
3 23
3 24
2 24
2 23
3 22
4 22
5 22
6 22
7 22
8 22
9 22
4 21
3 21
2 21
10 23
10 22
3 20
2 20
4 20
1 20
4 19
3 19
1 19
0 19
0 20
3 18
4 18
0
Yes
43 46
43 47
43 48
43 49
44 46
44 47
44 48
44 49
45 46
45 47
45 48
45 49
46 46
46 47
46 48
46 49
47 46
47 47
47 48
47 49
48 46
48 47
48 48
48 49
49 46
49 47
49 48
49 49
0
Yes
22 44
21 44
21 43
22 43
23 43
23 44
22 42
21 42
23 42
24 44
24 43
24 42
20 43
20 44
20 42
19 44
19 43
19 42
21 41
22 41
23 41
20 41
24 41
19 41
25 42
25 41
22 40
21 40
23 40
20 40
24 40
19 40
25 40
18 43
18 42
18 41
18 44
18 40
26 41
26 42
26 40
21 39
22 39
23 39
20 39
24 39
19 39
25 39
18 39
26 39
17 42
17 43
17 41
17 40
17 39
27 42
27 41
27 40
27 39
27 43
22 38
21 38
23 38
20 38
24 38
19 38
25 38
18 38
26 38
17 38
27 38
16 43
16 42
16 41
16 40
16 39
16 38
28 43
28 42
28 41
28 40
28 39
28 38
28 44
29 44
29 43
29 42
29 41
29 40
29 39
29 38
30 43
30 42
30 41
30 40
30 39
30 44
30 38
31 44
31 43
31 42
31 41
31 40
31 39
31 38
29 37
30 37
31 37
30 36
29 36
31 36
28 36
28 35
29 35
30 35
29 34
28 34
30 34
0
No
0
No
0
Yes
30 0
30 1
30 2
31 0
31 1
31 2
32 0
32 1
0
Yes
26 16
27 16
27 15
28 15
28 16
28 14
27 14
29 16
29 15
29 14
29 17
30 15
30 16
30 17
30 14
30 18
31 16
31 15
31 14
31 18
31 19
30 19
30 20
31 20
32 15
32 14
32 13
32 19
32 20
31 21
32 21
33 14
33 15
33 13
33 16
34 16
34 15
34 14
34 13
33 12
32 12
32 11
33 11
33 20
33 19
33 21
33 18
33 17
34 17
34 18
34 19
34 20
34 21
35 15
35 16
35 17
35 14
35 18
35 19
35 20
35 13
35 21
33 10
34 11
34 10
35 12
35 11
35 10
36 16
36 15
36 17
36 14
36 18
36 13
36 19
36 12
36 20
36 11
36 21
36 10
34 9
35 9
33 9
36 9
33 8
34 8
35 8
37 15
37 16
37 17
37 14
37 18
37 13
37 19
37 12
37 20
37 11
37 10
37 21
37 9
38 16
38 15
38 17
38 14
38 18
38 13
38 19
38 12
38 20
38 11
38 10
38 21
34 7
33 7
35 7
32 7
32 6
33 6
34 6
35 6
31 6
31 7
30 7
30 6
29 6
30 5
31 5
32 5
33 5
31 4
32 4
30 4
33 4
39 15
0
No
0
No
0
No
0
No
0
No
0
Yes
17 28
17 29
17 30
17 31
17 32
17 33
17 34
17 35
17 36
17 37
18 28
18 29
18 30
18 31
18 32
18 33
18 34
18 35
18 36
18 37
19 28
19 29
19 30
19 31
19 32
19 33
19 34
19 35
19 36
19 37
20 28
20 29
20 30
20 31
20 32
20 33
20 34
20 35
20 36
20 37
21 28
21 29
21 30
21 31
21 32
21 33
21 34
21 35
21 36
21 37
22 28
22 29
22 30
22 31
22 32
22 33
22 34
22 35
22 36
22 37
23 28
23 29
23 30
23 31
23 32
23 33
23 34
23 35
23 36
23 37
24 28
24 29
24 30
24 31
24 32
24 33
24 34
24 35
24 36
24 37
25 28
25 29
25 30
25 31
25 32
25 33
25 34
25 35
25 36
25 37
26 28
26 29
26 30
26 31
26 32
26 33
26 34
26 35
26 36
26 37
27 28
0
Yes
0 25
0 26
0 27
0 28
0 29
1 25
1 26
1 27
1 28
1 29
2 25
2 26
2 27
2 28
2 29
3 25
3 26
3 27
3 28
3 29
4 25
4 26
4 27
4 28
4 29
5 25
5 26
5 27
5 28
5 29
6 25
6 26
6 27
6 28
6 29
7 25
7 26
7 27
7 28
7 29
8 25
8 26
8 27
8 28
8 29
9 25
9 26
9 27
9 28
9 29
0
Yes
44 37
43 37
43 36
44 36
43 38
44 38
45 36
45 37
45 38
44 39
43 39
45 39
46 37
46 38
46 36
42 36
42 37
42 38
42 39
46 35
41 37
41 38
41 36
41 39
43 40
44 40
42 40
45 40
41 40
47 35
44 41
43 41
42 41
45 41
41 41
40 36
40 37
40 38
40 39
40 40
40 41
47 34
46 34
45 34
45 33
46 33
47 33
39 37
39 38
39 39
39 40
39 41
48 34
48 35
48 33
43 42
44 42
42 42
41 42
40 42
45 42
39 42
46 32
47 32
45 32
48 32
49 35
49 34
49 33
49 32
49 36
44 43
43 43
42 43
41 43
40 43
45 43
39 43
45 31
46 31
47 31
48 31
49 31
43 44
44 44
42 44
41 44
40 44
39 44
46 30
47 30
48 30
45 30
49 30
44 45
43 45
42 45
41 45
40 45
39 45
45 29
44 29
44 28
45 28
42 46
41 46
40 46
39 46
49 29
45 27
44 27
41 47
40 47
42 47
39 47
42 48
41 48
40 48
39 48
41 49
40 49
42 49
39 49
38 49
47 37
49 37
0
No
0
Yes
16 0
16 1
16 2
16 3
16 4
16 5
17 0
17 1
17 2
17 3
17 4
17 5
18 0
18 1
18 2
18 3
18 4
18 5
19 0
19 1
19 2
19 3
19 4
19 5
20 0
20 1
20 2
20 3
20 4
20 5
21 0
21 1
21 2
21 3
21 4
21 5
22 0
22 1
22 2
22 3
22 4
0
Yes
41 12
41 13
41 14
41 15
41 16
41 17
42 12
42 13
42 14
42 15
42 16
42 17
43 12
43 13
43 14
43 15
43 16
43 17
44 12
44 13
44 14
44 15
44 16
44 17
45 12
45 13
45 14
45 15
45 16
45 17
46 12
46 13
46 14
46 15
46 16
46 17
47 12
47 13
47 14
47 15
47 16
47 17
48 12
48 13
48 14
48 15
48 16
48 17
49 12
49 13
49 14
49 15
49 16
0
Yes
0 35
0 36
0 37
0 38
0 39
0 40
0 41
0 42
1 35
1 36
1 37
1 38
1 39
1 40
1 41
1 42
2 35
2 36
2 37
2 38
2 39
2 40
2 41
2 42
3 35
3 36
3 37
3 38
3 39
3 40
3 41
3 42
4 35
4 36
4 37
4 38
4 39
4 40
4 41
4 42
5 35
5 36
5 37
5 38
5 39
5 40
0
No
0
Yes
6 41
6 40
7 40
7 41
7 42
7 39
6 39
6 38
7 38
7 37
6 37
6 36
7 36
7 35
6 35
6 34
7 34
5 34
8 34
5 33
6 33
7 33
8 33
4 33
4 34
3 34
3 33
2 33
2 34
1 34
1 33
6 32
5 32
7 32
4 32
3 32
2 32
8 32
1 32
0 33
0 34
5 31
6 31
7 31
4 31
3 31
2 31
8 31
9 31
6 30
5 30
7 30
4 30
8 30
9 30
7 43
6 43
6 44
7 44
5 44
5 43
4 43
4 44
8 44
5 45
6 45
7 45
4 45
8 45
3 44
3 43
3 45
2 43
2 44
2 45
6 46
5 46
7 46
4 46
3 46
8 46
2 46
9 45
9 44
9 46
10 44
10 45
10 46
1 44
1 45
1 43
1 46
5 47
6 47
7 47
4 47
8 47
3 47
9 47
2 47
10 47
1 47
0 43
0 44
0 45
0 46
0 47
11 45
11 46
11 44
11 47
12 44
12 45
12 46
12 47
6 48
5 48
7 48
4 48
8 48
3 48
9 48
2 48
10 48
1 48
11 48
0 48
12 48
5 49
6 49
7 49
4 49
8 49
3 49
9 49
2 49
10 49
1 49
11 49
0 49
0
No
0
No
0
Yes
39 36
39 37
39 38
39 39
39 40
39 41
39 42
39 43
39 44
39 45
40 36
40 37
40 38
40 39
40 40
40 41
40 42
40 43
40 44
40 45
41 36
41 37
41 38
41 39
41 40
41 41
41 42
41 43
41 44
41 45
42 36
42 37
42 38
42 39
42 40
42 41
42 42
42 43
42 44
42 45
43 36
43 37
43 38
43 39
43 40
43 41
43 42
43 43
43 44
43 45
44 36
44 37
44 38
44 39
44 40
44 41
44 42
44 43
44 44
44 45
45 36
45 37
45 38
45 39
45 40
45 41
45 42
45 43
0
Yes
45 0
45 1
45 2
45 3
46 0
46 1
46 2
46 3
47 0
47 1
47 2
47 3
48 0
48 1
48 2
48 3
49 0
0
No
0
Yes
22 33
23 33
22 32
22 34
23 32
23 34
21 33
24 33
21 32
21 34
24 32
24 34
22 31
22 35
23 31
23 35
20 33
21 31
21 35
24 31
24 35
25 33
20 32
20 34
25 32
25 34
22 30
22 36
23 30
23 36
20 31
20 35
25 31
25 35
21 30
21 36
24 30
24 36
19 33
26 33
19 32
19 34
26 32
26 34
20 30
20 36
25 30
25 36
19 31
19 35
22 29
22 37
23 29
23 37
26 31
26 35
21 29
21 37
24 29
24 37
18 33
27 33
18 32
18 34
19 30
19 36
26 30
26 36
27 32
27 34
20 29
20 37
25 29
25 37
18 31
18 35
27 31
27 35
22 28
23 28
21 28
24 28
19 29
19 37
26 29
26 37
18 30
18 36
27 30
27 36
17 33
17 32
17 34
20 28
25 28
17 31
17 35
18 29
18 37
22 27
27 29
19 28
26 28
21 27
17 30
17 36
20 27
18 28
27 28
17 29
17 37
19 27
17 28
0
Yes
38 29
37 29
37 28
38 28
37 30
38 30
39 28
39 29
39 30
38 27
37 27
40 29
40 28
40 30
36 28
36 29
36 30
36 27
40 27
35 29
35 28
35 30
35 27
37 26
36 26
38 26
35 26
41 28
41 29
41 30
41 27
41 31
38 25
37 25
36 25
35 25
42 29
42 28
42 30
42 27
42 31
34 28
34 29
34 27
34 26
34 30
34 25
33 29
33 28
33 30
42 32
41 32
40 32
40 33
41 33
42 33
39 33
37 24
36 24
35 24
38 24
34 24
39 34
40 34
41 34
42 34
43 31
43 32
43 33
43 34
33 26
33 25
33 24
38 23
37 23
36 23
35 23
34 23
33 23
32 28
32 29
40 35
41 35
42 35
39 35
43 35
44 32
44 33
44 34
44 31
37 22
38 22
45 31
45 32
45 33
45 34
0
Yes
46 30
46 31
46 32
46 33
46 34
46 35
47 30
47 31
47 32
47 33
47 34
47 35
48 30
48 31
48 32
48 33
48 34
48 35
49 30
49 31
49 32
49 33
49 34
49 35
0
Yes
22 44
21 44
21 43
22 43
23 43
23 44
22 42
21 42
23 42
24 44
24 43
24 42
20 43
20 44
20 42
19 44
19 43
19 42
21 41
22 41
23 41
20 41
24 41
19 41
25 42
25 41
22 40
21 40
23 40
20 40
24 40
19 40
25 40
18 43
18 42
18 41
18 44
18 40
26 41
26 42
26 40
21 39
22 39
23 39
20 39
24 39
19 39
25 39
18 39
26 39
17 42
17 43
17 41
17 40
17 39
27 42
27 41
27 40
27 39
27 43
22 38
21 38
23 38
20 38
24 38
19 38
25 38
18 38
26 38
17 38
27 38
16 43
16 42
16 41
16 40
16 39
16 38
28 43
28 42
28 41
28 40
28 39
28 38
28 44
29 44
29 43
29 42
29 41
29 40
29 39
29 38
30 43
30 42
30 41
30 40
30 39
30 44
30 38
31 44
31 43
31 42
31 41
31 40
31 39
31 38
16 37
29 37
30 37
31 37
30 36
29 36
31 36
28 36
28 35
29 35
30 35
29 34
28 34
30 34
32 37
32 36
28 33
29 33
30 33
33 36
33 37
29 32
28 32
30 32
34 37
34 36
28 31
29 31
30 31
35 36
35 37
0
No
0
Yes
0 30
0 31
0 32
1 30
1 31
0
Yes
0 6
0 7
0 8
0 9
0 10
1 6
1 7
1 8
1 9
1 10
2 6
2 7
2 8
2 9
2 10
3 6
3 7
3 8
3 9
3 10
4 6
4 7
4 8
4 9
4 10
0
Yes
23 38
23 39
23 40
23 41
23 42
24 38
24 39
24 40
24 41
24 42
25 38
25 39
25 40
25 41
25 42
26 38
26 39
26 40
26 41
26 42
27 38
27 39
27 40
27 41
27 42
28 38
28 39
28 40
28 41
28 42
29 38
29 39
29 40
29 41
29 42
30 38
30 39
30 40
30 41
30 42
31 38
31 39
31 40
31 41
31 42
0
Yes
5 14
5 15
5 16
5 17
5 18
5 19
5 20
5 21
5 22
5 23
5 24
6 14
6 15
6 16
6 17
6 18
6 19
6 20
6 21
6 22
6 23
6 24
7 14
7 15
7 16
7 17
7 18
7 19
7 20
7 21
7 22
7 23
7 24
8 14
8 15
8 16
8 17
8 18
8 19
8 20
8 21
8 22
8 23
8 24
9 14
9 15
9 16
9 17
9 18
9 19
9 20
9 21
9 22
9 23
9 24
0
No
0
No
0
No
0
Yes
17 20
16 20
16 19
17 19
16 21
17 21
18 19
18 20
18 21
17 18
16 18
18 18
17 22
16 22
18 22
19 20
19 19
19 21
19 18
19 22
15 19
15 20
15 21
15 18
15 22
14 20
14 19
14 21
14 18
14 22
16 17
17 17
18 17
15 17
19 17
14 17
16 23
17 23
18 23
15 23
19 23
14 23
20 19
20 20
20 21
20 18
20 22
20 17
20 23
17 16
16 16
18 16
15 16
19 16
14 16
20 16
17 24
16 24
18 24
15 24
19 24
14 24
20 24
21 20
21 19
21 21
21 18
21 22
21 17
21 23
21 16
21 24
16 25
17 25
18 25
15 25
19 25
20 25
14 25
21 25
22 19
22 20
22 21
22 18
22 22
22 17
22 23
22 24
22 16
22 25
20 15
21 15
22 15
23 20
23 19
23 21
23 18
23 22
23 17
23 23
23 16
23 24
23 15
23 25
18 26
19 26
20 26
21 26
22 26
24 19
24 20
24 21
24 18
24 22
24 17
24 23
24 16
24 24
24 15
24 25
25 20
25 19
25 21
25 18
25 22
25 17
25 23
25 16
25 24
25 15
25 25
23 14
0
Yes
39 10
39 11
39 12
39 13
39 14
40 10
40 11
40 12
40 13
40 14
41 10
41 11
41 12
41 13
41 14
42 10
42 11
42 12
42 13
42 14
43 10
43 11
43 12
43 13
43 14
44 10
44 11
44 12
44 13
44 14
45 10
45 11
45 12
45 13
0
Yes
14 39
13 39
14 38
14 40
15 39
13 38
13 40
15 38
15 40
12 39
14 37
14 41
16 39
12 38
12 40
13 37
13 41
15 37
15 41
16 38
16 40
12 37
12 41
16 37
16 41
11 39
14 36
14 42
17 39
11 38
11 40
13 36
13 42
15 36
15 42
17 38
17 40
11 37
11 41
12 36
12 42
16 36
16 42
17 41
10 39
14 35
14 43
18 39
10 38
10 40
13 35
13 43
15 35
15 43
18 38
18 40
11 36
11 42
17 42
10 37
10 41
12 35
12 43
16 35
16 43
18 41
9 39
10 36
10 42
11 35
11 43
14 34
17 43
18 42
19 39
9 38
9 40
13 34
15 34
19 38
19 40
9 37
9 41
12 34
19 41
10 35
10 43
18 43
9 36
9 42
11 34
19 42
8 39
8 38
8 40
8 37
8 41
9 35
9 43
10 34
0
Yes
30 0
30 1
30 2
30 3
31 0
31 1
31 2
31 3
32 0
32 1
0
No
0
No
0
No
0
Yes
44 14
45 14
44 13
44 15
45 13
45 15
43 14
46 14
43 13
43 15
46 13
46 15
44 12
44 16
45 12
45 16
42 14
43 12
43 16
46 12
46 16
47 14
42 13
42 15
47 13
47 15
44 11
44 17
45 11
45 17
42 12
42 16
47 12
47 16
43 11
43 17
46 11
46 17
41 14
48 14
41 13
41 15
48 13
48 15
42 11
42 17
47 17
41 12
41 16
44 10
45 10
48 12
48 16
43 10
46 10
40 14
49 14
40 13
40 15
41 11
41 17
48 11
48 17
49 13
49 15
42 10
47 10
40 12
40 16
49 12
49 16
41 10
48 10
40 11
40 17
49 11
49 17
39 14
39 13
39 12
0
No
0
No
0
No
0
Yes
0 0
0 1
0 2
1 0
1 1
1 2
2 0
2 1
2 2
3 0
3 1
3 2
0
No
0
Yes
29 4
28 4
28 3
29 3
28 5
29 5
29 2
28 2
27 3
27 4
27 5
27 2
27 6
28 6
26 4
26 3
26 5
26 2
26 6
28 1
27 1
29 1
26 1
29 0
28 0
27 0
26 0
25 3
25 4
25 5
25 2
25 1
25 6
25 0
24 4
24 3
24 5
24 2
24 1
24 6
24 0
25 7
24 7
23 3
23 4
23 5
23 2
23 6
23 1
23 7
23 0
24 8
25 8
23 8
26 8
26 9
25 9
24 9
23 9
22 5
22 6
22 7
22 8
22 9
25 10
24 10
23 10
26 10
22 10
26 11
25 11
24 11
23 11
22 11
0
Yes
41 4
41 5
42 4
42 5
40 4
40 5
41 3
41 6
42 3
42 6
43 4
43 5
40 3
40 6
43 3
43 6
39 4
39 5
41 7
42 2
42 7
44 4
44 5
39 3
39 6
40 7
43 2
43 7
44 3
44 6
38 4
38 5
39 2
39 7
42 1
41 1
44 2
44 7
45 4
45 5
38 3
38 6
40 1
43 1
43 8
45 6
38 2
38 7
39 1
39 8
44 8
45 7
37 4
37 5
41 0
42 0
37 3
37 6
40 0
43 0
38 1
38 8
45 8
37 2
37 7
39 0
37 1
37 8
38 0
37 0
0
No
0
Yes
20 38
20 39
20 40
20 41
20 42
21 38
21 39
21 40
21 41
21 42
22 38
22 39
22 40
22 41
22 42
23 38
23 39
23 40
23 41
23 42
24 38
24 39
24 40
24 41
24 42
25 38
25 39
25 40
25 41
25 42
26 38
26 39
26 40
26 41
26 42
27 38
27 39
27 40
27 41
27 42
28 38
28 39
28 40
28 41
28 42
29 38
29 39
29 40
29 41
29 42
30 38
30 39
30 40
30 41
30 42
31 38
31 39
31 40
0
No
0
Yes
38 19
37 19
37 18
38 18
37 20
38 20
39 18
38 17
37 17
39 17
38 21
37 21
36 18
36 19
36 20
36 17
36 21
35 19
35 18
35 20
35 17
35 21
37 16
38 16
36 16
39 16
35 16
37 22
38 22
38 15
37 15
36 15
39 15
35 15
38 23
37 23
34 18
34 19
34 20
34 17
34 16
34 21
34 15
36 23
33 19
33 18
33 20
33 17
33 16
33 21
33 15
34 22
33 22
37 14
38 14
36 14
35 14
34 14
33 14
37 24
38 24
36 24
35 24
35 23
34 23
33 23
34 24
33 24
38 13
37 13
36 13
35 13
34 13
33 13
38 25
37 25
36 25
35 25
34 25
33 25
32 20
32 19
32 21
32 22
32 23
31 19
31 20
31 21
31 22
31 23
31 18
37 12
36 12
35 12
38 12
37 26
36 26
35 26
34 26
38 26
33 26
32 15
32 14
32 13
38 11
37 11
36 11
35 11
38 27
37 27
36 27
35 27
34 27
30 18
30 19
0
Yes
24 38
23 38
23 39
24 39
25 39
25 38
24 40
23 40
25 40
26 38
26 39
26 40
22 39
22 38
22 40
21 38
21 39
21 40
23 41
24 41
25 41
22 41
26 41
21 41
27 39
27 40
27 38
27 41
24 42
23 42
25 42
22 42
26 42
21 42
27 42
28 38
28 39
28 40
28 41
28 42
20 39
20 40
20 41
20 38
20 42
23 43
24 43
22 43
21 43
20 43
29 39
29 40
29 41
29 38
29 42
29 37
27 43
28 43
29 43
24 44
23 44
22 44
21 44
20 44
30 38
30 39
30 40
30 41
30 42
30 37
30 43
25 44
30 36
29 36
28 36
28 35
29 35
30 35
29 34
28 34
30 34
28 33
29 33
30 33
19 43
19 44
31 37
31 38
31 39
31 36
31 40
31 41
31 42
31 43
28 44
29 44
30 44
31 44
0
Yes
0 11
0 12
1 11
1 12
0
Yes
12 39
12 40
13 39
13 40
11 39
11 40
12 38
12 41
13 38
13 41
14 39
14 40
11 38
11 41
14 38
14 41
10 39
10 40
12 37
12 42
13 37
13 42
15 39
15 40
10 38
10 41
11 37
11 42
14 37
14 42
15 38
15 41
9 39
9 40
10 37
10 42
12 36
12 43
13 36
13 43
15 37
15 42
16 39
16 40
9 38
9 41
11 36
11 43
14 36
14 43
16 38
16 41
9 37
9 42
10 36
10 43
15 36
15 43
16 37
16 42
8 39
8 40
12 35
13 35
13 44
8 38
8 41
11 35
14 35
14 44
9 36
9 43
16 36
16 43
8 37
8 42
10 35
15 35
15 44
12 34
13 34
8 36
8 43
9 35
11 34
14 34
16 35
10 34
15 34
8 35
0
Yes
39 46
39 47
39 48
39 49
40 46
40 47
40 48
40 49
41 46
41 47
41 48
41 49
42 46
42 47
42 48
42 49
43 46
43 47
43 48
43 49
44 46
44 47
44 48
44 49
45 46
45 47
45 48
45 49
46 46
46 47
46 48
46 49
47 46
47 47
47 48
0
Yes
0 3
0 4
0 5
0 6
0 7
0 8
0 9
0 10
1 3
1 4
1 5
1 6
1 7
1 8
1 9
1 10
2 3
2 4
2 5
2 6
2 7
2 8
2 9
2 10
3 3
3 4
3 5
3 6
3 7
3 8
3 9
3 10
4 3
4 4
4 5
4 6
4 7
4 8
4 9
4 10
0
Yes
24 38
24 39
24 40
24 41
24 42
25 38
25 39
25 40
25 41
25 42
26 38
26 39
26 40
26 41
26 42
27 38
27 39
27 40
27 41
27 42
28 38
28 39
28 40
28 41
28 42
29 38
29 39
29 40
29 41
29 42
30 38
30 39
30 40
30 41
30 42
31 38
31 39
31 40
31 41
31 42
0
No
0
No
0
Yes
35 36
35 37
36 36
36 37
37 36
37 37
38 36
0
No
0
No
0
No
0
Yes
21 47
21 48
21 49
22 47
22 48
22 49
0
No
0
Yes
8 0
8 1
8 2
8 3
8 4
8 5
8 6
8 7
9 0
9 1
9 2
9 3
9 4
9 5
9 6
9 7
10 0
10 1
10 2
10 3
10 4
10 5
10 6
10 7
11 0
11 1
11 2
11 3
11 4
11 5
11 6
11 7
12 0
12 1
12 2
12 3
12 4
12 5
12 6
12 7
13 0
13 1
13 2
13 3
13 4
0
Yes
16 0
16 1
16 2
16 3
16 4
16 5
16 6
17 0
17 1
17 2
17 3
17 4
17 5
17 6
18 0
18 1
18 2
18 3
18 4
18 5
18 6
19 0
19 1
19 2
19 3
19 4
19 5
19 6
20 0
20 1
20 2
20 3
20 4
20 5
20 6
21 0
21 1
21 2
21 3
21 4
21 5
21 6
0
Yes
46 18
46 19
46 20
47 18
47 19
47 20
48 18
48 19
48 20
49 18
49 19
49 20
0
Yes
8 38
8 39
8 40
8 41
8 42
8 43
9 38
9 39
9 40
9 41
9 42
9 43
10 38
10 39
10 40
10 41
10 42
10 43
11 38
11 39
11 40
11 41
11 42
11 43
12 38
12 39
12 40
12 41
12 42
12 43
13 38
13 39
13 40
13 41
13 42
13 43
14 38
14 39
14 40
14 41
14 42
14 43
15 38
15 39
15 40
15 41
15 42
15 43
16 38
16 39
16 40
16 41
16 42
16 43
17 38
17 39
17 40
17 41
17 42
17 43
18 38
18 39
18 40
18 41
18 42
18 43
19 38
19 39
19 40
19 41
19 42
19 43
20 38
20 39
20 40
20 41
20 42
20 43
21 38
21 39
21 40
21 41
21 42
21 43
22 38
22 39
22 40
22 41
22 42
22 43
23 38
23 39
23 40
23 41
23 42
23 43
0
Yes
33 13
33 14
33 15
33 16
33 17
33 18
33 19
33 20
33 21
34 13
34 14
34 15
34 16
34 17
34 18
34 19
34 20
34 21
35 13
35 14
35 15
35 16
35 17
35 18
35 19
35 20
35 21
36 13
36 14
36 15
36 16
36 17
36 18
36 19
36 20
36 21
37 13
37 14
37 15
37 16
37 17
37 18
37 19
37 20
37 21
38 13
38 14
38 15
38 16
38 17
38 18
0
Yes
11 9
11 10
11 11
11 12
11 13
11 14
12 9
12 10
12 11
12 12
12 13
12 14
13 9
13 10
13 11
13 12
13 13
13 14
14 9
14 10
14 11
14 12
14 13
14 14
15 9
15 10
15 11
15 12
15 13
15 14
16 9
16 10
16 11
16 12
16 13
16 14
17 9
17 10
17 11
17 12
17 13
17 14
18 9
18 10
18 11
18 12
18 13
18 14
19 9
19 10
19 11
19 12
19 13
19 14
20 9
20 10
20 11
20 12
20 13
20 14
0
No
0
Yes
33 23
32 23
32 22
33 22
34 22
34 23
34 24
33 24
33 25
34 25
35 23
35 24
35 25
31 22
31 23
31 24
31 21
32 21
30 23
30 22
30 24
32 20
31 20
34 26
33 26
35 26
36 24
36 25
36 23
36 26
30 25
31 25
31 26
30 26
37 23
37 24
37 25
37 26
29 22
29 23
29 24
29 25
29 26
37 22
30 20
31 19
32 19
30 19
35 27
34 27
36 27
37 27
28 23
28 24
28 25
28 22
28 26
30 27
29 27
31 27
28 27
34 28
35 28
36 28
37 28
33 28
32 28
31 28
30 28
29 28
28 28
38 22
38 23
38 24
38 25
38 26
38 27
38 28
28 21
38 21
29 19
29 20
28 20
28 19
30 18
31 18
29 18
28 18
33 29
32 29
34 29
31 29
35 29
30 29
36 29
29 29
37 29
28 29
38 29
27 22
27 23
27 24
27 21
27 25
27 20
27 26
27 19
27 27
27 18
26 23
26 22
26 24
26 21
26 25
26 20
26 26
26 19
26 27
26 18
34 30
33 30
35 30
36 30
37 30
38 30
29 17
30 17
28 17
27 17
26 17
31 30
30 30
29 30
28 30
30 16
29 16
28 16
27 16
26 16
31 16
39 28
39 29
39 30
0
Yes
10 28
10 29
10 30
10 31
10 32
11 28
11 29
11 30
11 31
11 32
12 28
12 29
12 30
12 31
12 32
13 28
13 29
13 30
13 31
13 32
14 28
14 29
14 30
14 31
14 32
0
No
0
Yes
37 0
36 0
36 1
37 1
38 1
38 0
37 2
36 2
38 2
39 0
39 1
39 2
35 1
35 0
35 2
34 0
34 1
34 2
38 3
37 3
39 3
40 1
40 0
35 3
34 3
37 4
38 4
39 4
41 0
41 1
33 1
33 2
33 0
33 3
40 3
40 4
32 0
32 1
38 5
39 5
37 5
40 5
36 5
42 1
42 0
42 2
33 4
41 4
41 3
42 3
41 5
42 4
42 5
32 3
32 4
37 6
38 6
39 6
40 6
41 6
36 6
42 6
43 0
43 1
43 2
43 3
43 4
43 5
43 6
31 1
31 0
31 2
31 3
31 4
35 6
35 5
30 0
30 1
30 2
30 3
30 4
32 5
31 5
33 5
30 5
36 7
37 7
38 7
39 7
40 7
41 7
42 7
35 7
43 7
33 6
34 6
34 7
32 6
31 6
33 7
32 7
30 6
31 7
30 7
44 2
44 3
44 4
44 5
44 6
44 7
37 8
36 8
38 8
35 8
39 8
34 8
33 8
45 4
45 5
45 6
45 7
36 9
37 9
35 9
34 9
33 9
29 6
37 10
36 10
35 10
34 10
33 10
43 8
44 8
45 8
0
No
0
Yes
31 48
31 49
32 48
32 49
33 48
33 49
0
No
0
No
0
Yes
3 18
3 19
3 20
3 21
3 22
3 23
3 24
4 18
4 19
4 20
4 21
4 22
4 23
4 24
5 18
5 19
5 20
5 21
5 22
5 23
5 24
6 18
6 19
6 20
6 21
6 22
6 23
6 24
7 18
7 19
7 20
7 21
7 22
7 23
7 24
8 18
8 19
8 20
8 21
8 22
8 23
8 24
9 18
9 19
9 20
9 21
9 22
9 23
9 24
10 18
10 19
10 20
10 21
10 22
10 23
10 24
11 18
11 19
11 20
11 21
11 22
11 23
0
Yes
15 39
15 40
14 39
14 40
16 39
16 40
15 38
15 41
14 38
14 41
16 38
16 41
13 39
13 40
17 39
17 40
13 38
13 41
15 37
15 42
17 38
17 41
14 37
14 42
16 37
16 42
12 39
12 40
18 39
18 40
13 37
13 42
17 42
12 38
12 41
18 38
18 41
15 36
15 43
14 36
14 43
16 36
16 43
12 37
12 42
18 42
11 39
11 40
13 36
13 43
17 43
19 39
19 40
11 38
11 41
19 38
19 41
15 35
12 36
12 43
14 35
16 35
18 43
11 37
11 42
19 42
13 35
10 39
10 40
20 39
20 40
10 38
10 41
20 38
20 41
11 36
11 43
19 43
12 35
10 37
10 42
20 42
9 39
9 40
11 35
21 39
21 40
10 36
10 43
20 43
9 38
9 41
21 38
21 41
9 37
9 42
21 42
10 35
9 36
9 43
21 43
8 39
8 40
8 38
8 41
8 37
8 42
9 35
8 36
0
Yes
7 8
6 8
6 7
7 7
6 9
7 9
7 6
6 6
5 7
5 8
5 9
5 6
5 10
6 5
7 5
5 5
7 4
6 4
5 4
6 3
7 3
5 3
7 2
6 2
5 2
4 2
6 1
5 1
7 1
7 0
6 0
5 11
6 11
6 12
5 12
7 12
7 13
6 13
5 13
8 13
8 12
8 11
9 12
9 13
4 13
10 13
10 12
6 14
7 14
8 14
5 14
9 14
4 14
10 14
7 15
6 15
8 15
5 15
9 15
4 15
10 15
3 14
3 13
3 15
3 12
2 13
2 14
2 15
6 16
7 16
8 16
5 16
9 16
4 16
3 16
10 16
2 16
11 15
11 16
1 14
1 15
1 13
1 16
0 13
0 14
0 15
0 16
7 17
6 17
8 17
5 17
9 17
4 17
10 17
3 17
2 17
1 17
11 17
0 17
12 16
12 15
12 17
0
No
0
No
0
No
0
No
0
Yes
37 4
38 4
37 3
37 5
38 3
38 5
39 4
36 5
39 3
39 5
37 2
37 6
38 2
38 6
36 2
36 6
39 2
39 6
40 4
35 5
40 3
40 5
37 1
37 7
38 1
38 7
35 2
35 3
35 6
40 6
36 1
36 7
39 1
39 7
41 4
34 3
41 3
41 5
35 1
35 7
40 1
40 7
34 2
34 6
37 0
38 0
41 6
36 0
39 0
42 4
33 3
33 4
33 5
34 1
34 7
41 1
41 7
42 3
42 5
35 0
40 0
33 2
33 6
42 2
42 6
34 0
41 0
33 1
33 7
42 1
42 7
32 4
43 4
32 3
32 5
43 3
43 5
32 6
43 2
43 6
33 0
42 0
32 1
32 7
43 1
43 7
31 4
44 4
31 3
31 5
44 3
44 5
31 2
31 6
32 0
43 0
44 2
44 6
31 1
31 7
44 7
30 4
30 3
30 5
31 0
30 2
30 6
30 1
30 7
0
Yes
28 31
28 32
28 33
28 34
28 35
29 31
29 32
29 33
29 34
29 35
30 31
30 32
30 33
0
Yes
9 8
9 9
9 10
10 8
10 9
0
No
0
Yes
37 10
37 11
38 10
38 11
39 10
39 11
40 10
0
No
0
No
0
No
0
No
0
Yes
0 0
0 1
0 2
0 3
1 0
1 1
1 2
1 3
2 0
2 1
2 2
2 3
3 0
0
Yes
0 4
0 5
0 6
0 7
0 8
0 9
0 10
1 4
1 5
1 6
1 7
1 8
1 9
1 10
2 4
2 5
2 6
2 7
2 8
2 9
2 10
3 4
3 5
3 6
3 7
3 8
3 9
3 10
4 4
4 5
4 6
4 7
4 8
4 9
4 10
0
No
0
Yes
0 37
0 38
0 39
0 40
0 41
0 42
1 37
1 38
1 39
1 40
1 41
1 42
2 37
2 38
2 39
2 40
2 41
2 42
3 37
3 38
3 39
3 40
3 41
3 42
4 37
4 38
4 39
4 40
4 41
4 42
5 37
5 38
5 39
0
Yes
16 47
16 48
16 49
17 47
17 48
17 49
18 47
18 48
18 49
19 47
19 48
19 49
20 47
20 48
20 49
21 47
21 48
21 49
22 47
22 48
22 49
0
No
0
Yes
16 0
16 1
16 2
16 3
16 4
16 5
16 6
16 7
17 0
17 1
17 2
17 3
17 4
17 5
17 6
17 7
18 0
18 1
18 2
18 3
18 4
18 5
18 6
18 7
19 0
19 1
19 2
19 3
19 4
19 5
19 6
19 7
20 0
20 1
20 2
20 3
20 4
20 5
20 6
20 7
21 0
21 1
21 2
21 3
21 4
21 5
21 6
21 7
22 0
22 1
22 2
22 3
22 4
22 5
22 6
22 7
23 0
23 1
23 2
23 3
23 4
23 5
23 6
23 7
24 0
24 1
24 2
24 3
24 4
24 5
24 6
0
Yes
25 0
25 1
25 2
25 3
25 4
25 5
25 6
26 0
26 1
26 2
26 3
26 4
26 5
26 6
27 0
27 1
27 2
27 3
27 4
27 5
27 6
28 0
28 1
28 2
28 3
28 4
28 5
28 6
29 0
29 1
29 2
29 3
29 4
29 5
29 6
30 0
30 1
0
Yes
46 44
46 45
46 46
46 47
46 48
46 49
47 44
47 45
47 46
47 47
47 48
47 49
48 44
48 45
48 46
48 47
48 48
48 49
49 44
49 45
49 46
49 47
49 48
49 49
0
Yes
32 36
32 37
32 38
32 39
32 40
32 41
32 42
32 43
32 44
32 45
32 46
33 36
33 37
33 38
33 39
33 40
33 41
33 42
33 43
33 44
33 45
33 46
34 36
34 37
34 38
34 39
34 40
34 41
34 42
34 43
34 44
34 45
34 46
35 36
35 37
35 38
35 39
35 40
35 41
35 42
35 43
35 44
35 45
35 46
36 36
36 37
36 38
36 39
36 40
36 41
36 42
36 43
36 44
36 45
36 46
37 36
37 37
37 38
37 39
37 40
37 41
37 42
37 43
37 44
37 45
37 46
38 36
38 37
38 38
38 39
38 40
38 41
38 42
38 43
38 44
38 45
38 46
39 36
39 37
39 38
39 39
39 40
39 41
39 42
39 43
39 44
39 45
39 46
40 36
40 37
40 38
40 39
40 40
40 41
40 42
40 43
40 44
40 45
0
Yes
44 27
44 28
44 29
45 27
45 28
0
No
0
Yes
44 11
44 12
43 11
43 12
45 11
45 12
44 10
44 13
43 10
43 13
45 10
45 13
42 11
42 12
46 11
46 12
42 10
42 13
44 9
44 14
46 10
46 13
43 9
43 14
45 9
45 14
41 11
41 12
47 12
42 9
42 14
46 9
46 14
41 10
41 13
47 10
47 13
44 8
44 15
43 8
43 15
45 8
45 15
41 14
47 9
47 14
40 11
40 12
42 15
46 8
46 15
48 12
48 11
40 10
40 13
48 10
48 13
44 7
44 16
41 15
43 7
43 16
45 7
45 16
47 8
47 15
40 9
40 14
48 9
48 14
42 7
42 16
46 7
46 16
39 11
39 12
49 11
49 12
39 10
39 13
49 13
40 15
48 8
48 15
41 7
41 16
47 7
47 16
44 6
44 17
39 14
43 6
43 17
45 6
45 17
49 9
49 14
42 6
42 17
46 6
46 17
38 11
38 12
40 7
40 16
48 7
48 16
39 15
49 8
49 15
38 10
41 6
41 17
47 6
47 17
44 5
43 5
45 5
39 7
39 8
39 16
49 7
49 16
40 6
40 17
42 5
48 6
48 17
38 8
41 5
39 6
39 17
49 6
49 17
38 7
40 5
38 6
39 5
49 5
0
Yes
15 7
15 6
14 6
14 5
15 5
15 4
14 4
13 4
14 3
13 3
12 3
12 4
12 5
11 5
11 4
11 3
11 6
12 6
12 7
11 7
11 8
12 8
12 9
11 9
13 9
13 10
12 10
11 10
14 10
14 9
14 8
15 8
15 9
15 10
16 8
16 9
16 10
17 9
17 8
17 10
18 8
18 9
18 10
15 11
14 11
16 11
13 11
17 11
12 11
18 11
11 11
19 9
19 10
19 8
19 11
10 7
10 6
10 5
10 4
10 3
14 12
15 12
16 12
13 12
17 12
12 12
18 12
11 12
19 12
20 8
20 9
20 10
20 11
20 12
13 2
12 2
11 2
14 2
10 2
15 13
14 13
16 13
13 13
17 13
12 13
18 13
19 13
11 13
20 13
9 6
9 5
9 4
9 3
9 7
9 2
21 9
21 10
21 11
21 8
12 1
13 1
11 1
10 1
9 1
8 7
8 6
8 5
8 4
8 3
8 2
8 1
14 14
15 14
16 14
13 14
17 14
12 14
18 14
19 14
11 14
20 14
22 8
22 9
22 10
22 11
13 0
12 0
11 0
10 0
9 0
8 0
14 0
15 15
14 15
16 15
13 15
17 15
18 15
19 15
23 9
23 10
23 8
23 11
0
No
0
Yes
35 6
35 7
35 8
35 9
35 10
35 11
35 12
36 6
36 7
36 8
36 9
36 10
36 11
36 12
37 6
37 7
37 8
37 9
37 10
37 11
37 12
0
Yes
40 0
40 1
41 0
41 1
42 0
42 1
43 0
0
Yes
3 18
3 19
3 20
3 21
3 22
3 23
3 24
4 18
4 19
4 20
4 21
4 22
4 23
4 24
5 18
5 19
5 20
5 21
5 22
5 23
5 24
6 18
6 19
6 20
6 21
6 22
6 23
6 24
7 18
7 19
7 20
7 21
7 22
7 23
7 24
8 18
8 19
8 20
8 21
8 22
8 23
8 24
9 18
9 19
9 20
9 21
9 22
9 23
9 24
10 18
10 19
10 20
10 21
10 22
10 23
10 24
11 18
11 19
11 20
11 21
11 22
11 23
11 24
12 18
12 19
12 20
0
Yes
32 47
32 48
32 49
33 47
33 48
33 49
34 47
34 48
34 49
35 47
35 48
35 49
36 47
36 48
36 49
37 47
37 48
37 49
0
Yes
45 40
46 40
45 39
45 41
46 39
46 41
44 40
47 40
44 39
44 41
47 39
47 41
45 38
45 42
46 38
46 42
43 40
44 38
44 42
47 42
48 40
43 39
43 41
48 39
48 41
45 37
45 43
46 37
46 43
43 38
43 42
48 42
44 37
44 43
47 37
47 43
42 40
49 40
42 39
42 41
49 39
49 41
43 37
43 43
48 43
42 38
42 42
45 36
46 36
49 42
44 36
41 40
41 39
41 41
42 37
42 43
49 43
43 36
41 38
41 42
42 36
41 37
41 43
0
Yes
32 28
31 28
31 27
31 29
32 29
33 29
33 28
34 28
34 29
30 27
30 28
30 29
33 30
34 30
34 27
30 26
31 26
30 30
31 30
29 28
29 27
29 29
29 26
29 30
31 25
30 25
29 25
35 27
35 28
35 29
35 30
35 26
34 26
33 26
33 25
34 25
35 25
36 28
36 27
36 29
36 26
36 30
36 25
28 27
28 28
28 29
28 26
28 30
28 25
29 31
30 31
28 31
30 24
29 24
31 24
28 24
30 32
29 32
28 32
34 24
35 24
33 24
36 24
31 23
30 23
29 23
28 23
32 23
33 23
34 23
35 23
36 23
37 27
37 28
37 29
37 26
37 25
37 24
37 30
37 23
27 26
27 27
27 25
27 24
27 23
29 33
30 33
28 33
32 22
31 22
33 22
30 22
34 22
29 22
28 22
27 22
38 28
38 27
38 29
38 26
38 25
38 24
38 30
38 23
26 27
26 26
26 25
26 24
26 23
26 22
30 34
29 34
28 34
31 21
32 21
39 29
39 28
39 30
25 26
25 27
0
No
0
Yes
14 16
14 17
14 18
14 19
14 20
14 21
14 22
14 23
14 24
14 25
15 16
15 17
15 18
15 19
15 20
15 21
15 22
15 23
15 24
15 25
16 16
16 17
16 18
16 19
16 20
16 21
16 22
16 23
16 24
16 25
17 16
17 17
17 18
17 19
17 20
17 21
17 22
17 23
17 24
17 25
18 16
18 17
18 18
18 19
18 20
18 21
18 22
18 23
18 24
18 25
19 16
19 17
19 18
19 19
19 20
19 21
19 22
19 23
19 24
19 25
20 16
20 17
20 18
20 19
20 20
20 21
20 22
20 23
20 24
20 25
21 16
21 17
21 18
21 19
21 20
21 21
21 22
21 23
21 24
21 25
22 16
22 17
22 18
22 19
22 20
22 21
22 22
22 23
22 24
22 25
23 16
23 17
23 18
23 19
23 20
23 21
23 22
23 23
23 24
23 25
0
Yes
0 2
0 3
0 4
0 5
0 6
0 7
0 8
0 9
0 10
1 2
1 3
1 4
1 5
1 6
1 7
1 8
1 9
1 10
2 2
2 3
2 4
2 5
2 6
2 7
2 8
2 9
2 10
3 2
3 3
3 4
3 5
3 6
3 7
3 8
3 9
3 10
4 2
4 3
4 4
4 5
4 6
4 7
4 8
4 9
4 10
5 2
5 3
5 4
5 5
5 6
5 7
5 8
5 9
0
Yes
34 42
33 42
33 41
34 41
33 43
34 43
35 41
35 42
35 43
34 40
33 40
35 40
34 44
33 44
35 44
36 42
36 41
36 43
36 40
36 44
32 41
32 42
32 43
32 40
32 44
31 43
31 44
33 39
34 39
35 39
32 39
36 39
33 45
34 45
35 45
32 45
36 45
31 45
37 41
37 42
37 43
37 40
37 44
37 39
37 45
34 38
33 38
35 38
36 38
32 38
37 38
34 46
33 46
35 46
32 46
36 46
31 46
37 46
38 42
38 41
38 43
38 40
38 44
38 39
38 45
38 38
38 46
30 44
30 45
30 43
30 46
29 43
29 44
29 45
29 46
33 37
34 37
35 37
36 37
37 37
32 37
38 37
39 41
39 42
39 43
39 40
39 44
39 39
39 45
39 38
39 46
39 37
31 37
31 47
30 47
29 47
34 36
33 36
35 36
32 36
36 36
37 36
38 36
31 36
39 36
40 42
40 41
40 43
40 40
40 44
40 39
40 45
40 38
40 37
40 46
40 36
28 44
28 45
0
Yes
14 38
13 38
13 37
14 37
13 39
14 39
15 37
15 38
15 39
14 36
13 36
15 36
14 40
13 40
15 40
16 38
16 37
16 39
16 36
16 40
12 37
12 38
12 39
12 36
12 40
11 38
11 37
11 39
11 36
11 40
13 35
14 35
15 35
12 35
16 35
11 35
13 41
14 41
15 41
12 41
16 41
11 41
17 39
17 38
17 40
17 41
14 34
13 34
15 34
12 34
11 34
14 42
13 42
15 42
12 42
16 42
11 42
17 42
18 38
18 39
18 40
18 41
18 42
10 37
10 38
10 39
10 36
10 40
10 35
10 41
10 34
10 42
9 38
9 37
9 39
9 36
9 40
9 35
9 41
9 42
13 33
14 33
12 33
15 33
13 43
14 43
15 43
12 43
16 43
11 43
17 43
10 43
18 43
9 43
19 39
19 40
19 41
19 42
19 38
19 43
14 32
13 32
12 32
14 44
13 44
15 44
20 38
20 39
20 40
20 41
20 42
20 43
8 37
8 38
8 39
8 36
8 40
8 41
8 42
8 35
8 43
11 32
0
No
0
Yes
32 36
32 37
32 38
32 39
32 40
32 41
32 42
32 43
33 36
33 37
33 38
33 39
33 40
33 41
33 42
33 43
34 36
34 37
34 38
34 39
34 40
34 41
34 42
34 43
35 36
35 37
35 38
35 39
35 40
35 41
35 42
35 43
36 36
36 37
36 38
36 39
36 40
36 41
36 42
36 43
37 36
37 37
37 38
37 39
37 40
37 41
37 42
37 43
38 36
38 37
38 38
38 39
38 40
38 41
38 42
38 43
39 36
39 37
39 38
39 39
39 40
39 41
39 42
39 43
40 36
40 37
40 38
40 39
40 40
40 41
40 42
40 43
41 36
0
No
0
Yes
14 16
14 17
14 18
14 19
14 20
14 21
14 22
14 23
14 24
14 25
15 16
15 17
15 18
15 19
15 20
15 21
15 22
15 23
15 24
15 25
16 16
16 17
16 18
16 19
16 20
16 21
16 22
16 23
16 24
16 25
17 16
17 17
17 18
17 19
17 20
17 21
17 22
17 23
17 24
17 25
18 16
18 17
18 18
18 19
18 20
18 21
18 22
18 23
18 24
18 25
19 16
19 17
19 18
19 19
19 20
19 21
19 22
19 23
19 24
19 25
20 16
20 17
20 18
20 19
20 20
20 21
20 22
20 23
20 24
20 25
21 16
21 17
21 18
21 19
21 20
21 21
21 22
21 23
21 24
21 25
22 16
22 17
22 18
22 19
22 20
22 21
22 22
22 23
22 24
22 25
23 16
23 17
23 18
23 19
23 20
23 21
23 22
23 23
23 24
23 25
24 16
24 17
24 18
24 19
24 20
24 21
24 22
24 23
24 24
24 25
25 16
25 17
25 18
25 19
25 20
25 21
25 22
25 23
0
Yes
16 0
16 1
16 2
16 3
16 4
16 5
16 6
16 7
17 0
17 1
17 2
17 3
17 4
17 5
17 6
17 7
18 0
18 1
18 2
18 3
18 4
18 5
18 6
18 7
19 0
19 1
19 2
19 3
19 4
19 5
19 6
19 7
20 0
20 1
20 2
20 3
20 4
20 5
0
Yes
16 38
15 38
15 37
16 37
15 39
16 39
17 39
17 38
16 36
15 36
16 40
15 40
17 40
18 38
18 39
18 40
14 37
14 38
14 39
14 36
14 40
13 38
13 37
13 39
13 36
13 40
15 35
14 35
16 35
13 35
15 41
16 41
17 41
14 41
18 41
13 41
19 39
19 40
19 38
19 41
16 42
15 42
17 42
14 42
18 42
13 42
19 42
20 38
20 39
20 40
20 41
20 42
12 37
12 38
12 39
12 36
12 40
12 41
12 35
12 42
14 34
15 34
13 34
12 34
11 38
11 37
11 39
11 36
11 40
11 35
11 41
11 34
11 42
15 33
14 33
13 33
12 33
15 43
16 43
17 43
14 43
18 43
13 43
19 43
12 43
20 43
11 43
21 39
21 40
21 41
21 42
21 38
21 43
22 38
22 39
22 40
22 41
22 42
22 43
10 37
10 38
10 39
10 36
10 40
10 35
10 41
10 42
10 34
10 43
14 32
13 32
12 32
14 44
15 44
13 44
18 44
19 44
20 44
21 44
22 44
9 38
9 37
9 39
9 36
9 40
9 35
9 41
9 42
9 43
0
Yes
47 6
47 7
47 8
47 9
47 10
48 6
48 7
48 8
48 9
48 10
49 6
49 7
49 8
49 9
0
Yes
44 13
44 14
45 13
45 14
43 13
43 14
44 12
44 15
45 12
45 15
46 13
46 14
43 12
43 15
46 12
46 15
42 13
42 14
44 11
44 16
45 11
45 16
47 13
47 14
42 12
42 15
43 11
43 16
46 11
46 16
47 12
47 15
41 13
41 14
42 11
42 16
44 10
44 17
45 10
45 17
47 16
48 13
48 14
41 12
41 15
43 10
43 17
46 10
46 17
48 12
48 15
41 11
41 16
42 10
42 17
47 17
48 11
48 16
40 13
40 14
44 9
45 9
49 13
49 14
40 12
40 15
43 9
46 9
49 12
49 15
41 10
41 17
48 17
40 11
40 16
42 9
49 11
49 16
39 13
39 14
39 12
39 15
40 10
40 17
49 17
39 11
39 16
40 9
39 10
0
Yes
49 24
48 24
48 23
49 23
48 25
49 25
49 22
48 22
49 26
48 26
47 23
47 24
47 25
47 22
47 26
46 24
46 23
46 25
46 22
46 26
48 27
47 27
49 27
46 27
47 21
46 21
49 28
48 28
47 28
46 28
45 23
45 24
45 25
45 22
45 26
45 27
45 21
45 28
44 24
44 23
44 25
44 22
44 26
44 27
44 21
44 28
48 29
47 29
46 29
45 29
49 29
44 29
45 20
44 20
43 23
43 24
43 25
43 22
43 26
43 21
43 20
42 24
42 23
42 25
42 22
42 21
42 26
42 20
45 30
42 27
43 19
42 19
41 23
41 24
41 25
41 22
41 26
41 21
41 20
41 27
41 19
41 28
42 28
42 29
41 29
40 24
40 23
40 25
40 22
40 21
40 20
40 19
42 18
41 18
40 18
40 27
40 28
40 29
41 30
42 30
40 30
42 31
41 31
43 31
44 31
45 31
45 32
44 32
43 32
42 32
41 32
39 23
39 24
39 22
39 21
39 20
39 19
39 18
44 33
43 33
42 33
45 33
41 33
45 34
44 34
43 34
42 34
0
No
0
No
0
Yes
47 0
47 1
47 2
47 3
48 0
48 1
48 2
48 3
49 0
49 1
49 2
49 3
0
Yes
21 6
20 6
21 5
21 7
22 6
20 5
20 7
22 5
22 7
19 6
21 4
21 8
23 6
19 5
19 7
20 4
20 8
22 4
22 8
23 5
23 7
19 4
19 8
23 4
23 8
18 6
21 3
21 9
24 6
18 5
18 7
20 3
20 9
22 3
22 9
24 5
24 7
18 4
18 8
19 3
19 9
23 3
23 9
24 4
24 8
17 6
21 2
21 10
17 5
17 7
20 2
20 10
22 2
22 10
25 7
18 3
18 9
24 3
24 9
17 4
17 8
19 2
19 10
23 2
23 10
25 8
16 6
17 3
17 9
18 2
18 10
21 1
21 11
24 2
24 10
25 9
16 5
16 7
20 1
20 11
22 1
22 11
16 4
16 8
19 1
19 11
23 1
23 11
17 2
17 10
25 10
16 3
16 9
18 1
18 11
24 1
24 11
21 0
20 0
22 0
19 0
23 0
16 2
16 10
17 1
17 11
25 11
18 0
24 0
16 1
16 11
17 0
0
No
0
No
0
No
0
No
0
Yes
16 0
16 1
16 2
16 3
16 4
16 5
16 6
16 7
16 8
16 9
17 0
17 1
17 2
17 3
17 4
17 5
17 6
17 7
17 8
17 9
18 0
18 1
18 2
18 3
18 4
18 5
18 6
18 7
18 8
18 9
19 0
19 1
19 2
19 3
19 4
19 5
19 6
19 7
19 8
19 9
20 0
20 1
20 2
20 3
20 4
20 5
20 6
20 7
20 8
20 9
21 0
21 1
21 2
21 3
21 4
21 5
21 6
21 7
21 8
21 9
22 0
22 1
22 2
22 3
22 4
22 5
22 6
22 7
22 8
22 9
23 0
23 1
23 2
23 3
23 4
23 5
23 6
23 7
23 8
23 9
24 0
24 1
24 2
24 3
24 4
24 5
24 6
24 7
24 8
24 9
0
No
0
No
0
Yes
27 43
28 43
28 44
27 42
28 42
28 45
27 45
29 43
29 44
26 42
26 45
29 42
29 45
27 41
27 46
28 41
28 46
30 43
30 44
25 42
25 45
25 44
26 41
26 46
29 41
29 46
30 42
30 45
24 44
24 43
25 41
25 46
27 40
27 47
28 40
28 47
30 41
30 46
31 43
31 44
24 42
24 45
26 40
26 47
29 40
29 47
31 42
31 45
24 41
24 46
25 40
25 47
30 40
30 47
31 41
31 46
23 43
23 44
27 39
27 48
28 39
28 48
23 42
23 45
26 39
26 48
29 39
29 48
24 40
24 47
31 40
31 47
23 41
23 46
25 39
25 48
30 39
30 48
27 38
27 49
28 38
28 49
23 40
23 47
24 39
24 48
26 38
26 49
29 38
29 49
31 39
31 48
25 38
25 49
30 38
30 49
23 39
23 48
24 38
24 49
31 38
31 49
29 37
30 37
23 38
23 49
31 37
0
Yes
20 47
20 48
20 49
21 47
21 48
21 49
22 47
22 48
22 49
0
Yes
29 8
28 8
29 9
30 8
28 9
30 7
30 9
27 8
29 10
31 8
27 9
28 10
30 6
29 6
28 6
30 10
31 7
31 9
27 6
27 10
31 6
31 10
26 8
29 5
29 11
32 8
26 9
28 5
28 11
30 5
30 11
32 7
32 9
26 6
26 10
27 5
27 11
31 5
31 11
32 6
32 10
25 8
29 4
29 12
33 8
25 7
25 9
28 4
28 12
30 4
30 12
33 7
33 9
26 5
26 11
32 5
32 11
25 6
25 10
27 4
27 12
31 4
31 12
33 6
33 10
25 5
25 11
26 4
26 12
29 3
29 13
32 4
32 12
33 5
33 11
28 3
28 13
30 3
30 13
24 10
27 3
27 13
31 3
31 13
25 4
25 12
33 4
33 12
24 11
26 3
26 13
32 3
32 13
29 2
29 14
28 2
28 14
30 2
30 14
27 2
27 14
31 2
31 14
24 12
25 3
25 13
33 3
26 2
26 14
32 14
29 1
29 15
24 13
28 1
28 15
30 1
30 15
25 2
25 14
33 2
27 1
27 15
31 1
31 15
26 1
26 15
32 1
32 15
24 14
29 0
25 1
25 15
28 0
30 0
33 1
27 0
31 0
26 0
32 0
24 15
25 0
0
Yes
13 45
13 46
13 47
13 48
13 49
14 45
14 46
14 47
14 48
14 49
15 45
15 46
15 47
15 48
15 49
16 45
16 46
16 47
16 48
16 49
17 45
17 46
17 47
17 48
17 49
18 45
18 46
18 47
18 48
18 49
0
No
0
Yes
0 13
0 14
0 15
0 16
0 17
1 13
1 14
1 15
1 16
1 17
2 13
2 14
2 15
2 16
2 17
3 13
3 14
3 15
3 16
3 17
4 13
4 14
4 15
4 16
4 17
5 13
5 14
5 15
5 16
5 17
6 13
6 14
6 15
6 16
6 17
7 13
7 14
7 15
7 16
7 17
8 13
8 14
8 15
0
Yes
6 0
6 1
6 2
6 3
6 4
6 5
7 0
7 1
7 2
7 3
7 4
7 5
8 0
8 1
8 2
8 3
8 4
8 5
9 0
9 1
9 2
9 3
9 4
9 5
10 0
10 1
10 2
10 3
10 4
10 5
11 0
11 1
11 2
11 3
11 4
11 5
12 0
12 1
12 2
12 3
12 4
12 5
13 0
13 1
13 2
13 3
0
No
0
Yes
16 0
16 1
16 2
16 3
16 4
16 5
16 6
16 7
17 0
17 1
17 2
17 3
17 4
17 5
17 6
17 7
18 0
18 1
18 2
18 3
18 4
18 5
18 6
18 7
19 0
19 1
19 2
19 3
19 4
19 5
19 6
19 7
20 0
20 1
20 2
20 3
20 4
20 5
20 6
20 7
21 0
21 1
21 2
21 3
21 4
21 5
21 6
21 7
22 0
22 1
22 2
22 3
22 4
22 5
22 6
22 7
23 0
23 1
23 2
23 3
23 4
23 5
23 6
23 7
24 0
24 1
24 2
24 3
24 4
24 5
0
No
0
No
0
No
0
Yes
0 0
0 1
0 2
0 3
1 0
1 1
1 2
1 3
2 0
2 1
2 2
2 3
3 0
3 1
3 2
3 3
0
Yes
32 44
32 45
32 46
32 47
32 48
32 49
33 44
33 45
33 46
33 47
33 48
33 49
34 44
34 45
34 46
34 47
34 48
34 49
35 44
35 45
35 46
35 47
35 48
35 49
36 44
36 45
36 46
36 47
36 48
36 49
37 44
37 45
37 46
0
Yes
41 39
41 40
41 41
41 42
41 43
42 39
42 40
42 41
42 42
42 43
43 39
43 40
43 41
43 42
43 43
44 39
44 40
44 41
44 42
44 43
45 39
45 40
45 41
45 42
45 43
46 39
46 40
46 41
46 42
46 43
47 39
47 40
47 41
47 42
47 43
48 39
48 40
48 41
48 42
48 43
49 39
49 40
49 41
49 42
49 43
0
Yes
11 9
11 10
11 11
11 12
11 13
11 14
11 15
12 9
12 10
12 11
12 12
12 13
12 14
12 15
13 9
13 10
13 11
13 12
13 13
13 14
13 15
14 9
14 10
14 11
14 12
14 13
14 14
14 15
15 9
15 10
15 11
15 12
15 13
15 14
15 15
16 9
16 10
16 11
16 12
16 13
16 14
16 15
17 9
17 10
17 11
17 12
17 13
17 14
17 15
18 9
18 10
18 11
18 12
18 13
18 14
18 15
19 9
19 10
19 11
19 12
19 13
19 14
19 15
20 9
20 10
20 11
20 12
20 13
20 14
20 15
21 9
21 10
21 11
0
Yes
46 30
46 31
46 32
47 30
47 31
47 32
48 30
48 31
48 32
49 30
49 31
49 32
0
Yes
41 13
41 14
42 13
42 14
40 13
40 14
41 12
41 15
42 12
42 15
43 13
43 14
40 12
40 15
43 12
43 15
39 13
39 14
41 11
41 16
42 11
42 16
44 13
44 14
39 12
39 15
40 11
40 16
43 11
43 16
44 12
44 15
38 13
38 14
39 11
39 16
41 10
41 17
42 10
42 17
44 11
44 16
45 13
45 14
38 12
38 15
40 10
40 17
43 10
43 17
45 12
45 15
38 11
38 16
39 10
39 17
44 10
44 17
45 11
45 16
37 13
37 14
42 9
46 13
46 14
37 12
37 15
40 9
43 9
46 12
46 15
38 10
38 17
45 10
45 17
37 11
37 16
44 9
46 11
46 16
36 13
36 14
47 13
47 14
36 12
36 15
37 10
37 17
45 9
46 10
46 17
47 12
47 15
36 11
36 16
47 16
37 9
46 9
35 13
35 14
36 10
36 17
47 10
47 17
48 13
48 14
35 12
35 15
48 12
48 15
35 11
35 16
48 11
48 16
36 9
47 9
35 10
35 17
48 10
48 17
34 13
34 14
49 13
49 14
34 15
49 12
49 15
34 11
34 16
35 9
48 9
49 11
49 16
34 10
34 17
49 17
33 13
33 14
33 15
34 9
49 9
33 16
33 17
0
No
0
No
0
Yes
12 9
12 10
12 11
12 12
12 13
12 14
12 15
13 9
13 10
13 11
13 12
13 13
13 14
13 15
14 9
14 10
14 11
14 12
14 13
14 14
14 15
15 9
15 10
15 11
15 12
15 13
15 14
15 15
16 9
16 10
16 11
16 12
16 13
16 14
16 15
17 9
17 10
17 11
17 12
17 13
17 14
17 15
18 9
18 10
18 11
18 12
18 13
18 14
18 15
19 9
19 10
19 11
19 12
19 13
19 14
19 15
20 9
20 10
20 11
20 12
20 13
20 14
20 15
0
No
0
Yes
31 31
31 32
31 33
31 34
31 35
32 31
32 32
32 33
32 34
32 35
33 31
33 32
33 33
33 34
33 35
34 31
34 32
34 33
34 34
34 35
35 31
35 32
35 33
35 34
35 35
36 31
36 32
0
Yes
0 0
0 1
0 2
0 3
0 4
1 0
1 1
1 2
1 3
1 4
2 0
2 1
2 2
2 3
2 4
3 0
3 1
0
Yes
20 33
19 33
19 32
20 32
19 34
20 34
21 32
21 33
21 34
20 31
19 31
21 31
20 35
19 35
21 35
22 33
22 32
22 34
22 31
22 35
18 32
18 33
18 34
18 31
18 35
17 33
17 32
17 34
17 31
17 35
19 30
20 30
21 30
18 30
22 30
17 30
19 36
20 36
21 36
18 36
22 36
17 36
23 32
23 33
23 34
23 31
23 35
23 30
23 36
20 29
19 29
21 29
18 29
22 29
17 29
23 29
20 37
19 37
21 37
18 37
22 37
17 37
23 37
24 33
24 32
24 34
24 31
24 35
24 30
24 36
24 29
24 37
16 32
16 31
16 30
16 29
19 28
20 28
21 28
18 28
22 28
17 28
23 28
16 28
24 28
25 32
25 33
25 34
25 31
25 35
25 30
25 36
25 29
25 37
25 28
23 38
24 38
25 38
20 27
19 27
21 27
18 27
22 27
17 27
26 33
26 32
26 34
26 31
26 35
26 30
26 36
26 29
26 37
26 28
26 38
15 29
15 28
19 26
20 26
21 26
18 26
22 26
27 32
27 33
27 34
27 31
27 35
27 30
27 36
27 29
27 28
0
Yes
44 47
45 47
44 46
44 48
45 46
45 48
43 47
46 47
43 46
43 48
46 46
46 48
44 45
44 49
45 49
42 47
43 45
43 49
46 45
46 49
47 47
42 46
42 48
47 46
47 48
44 44
42 45
42 49
47 45
47 49
43 44
46 44
41 47
48 47
41 46
41 48
48 46
48 48
42 44
47 44
41 45
41 49
48 45
48 49
40 47
49 47
40 46
40 48
41 44
48 44
49 46
49 48
40 45
40 49
49 45
49 49
40 44
49 44
39 47
39 46
0
Yes
45 0
45 1
45 2
45 3
46 0
46 1
46 2
46 3
47 0
47 1
47 2
47 3
48 0
48 1
48 2
48 3
49 0
0
Yes
7 15
8 15
7 14
7 16
8 14
8 16
6 15
9 15
6 14
6 16
9 14
9 16
7 13
7 17
8 13
8 17
5 15
6 13
6 17
9 13
9 17
10 15
5 14
5 16
10 14
10 16
7 12
8 12
5 13
5 17
10 13
10 17
6 12
9 12
4 15
11 15
4 14
4 16
11 14
11 16
5 12
10 12
4 13
4 17
11 13
11 17
3 15
3 14
3 16
11 12
12 16
3 13
3 17
12 17
3 12
2 15
2 14
2 16
13 16
2 13
2 17
13 17
1 15
1 14
1 16
1 13
1 17
1 12
0 15
0 14
0 16
0 13
0 17
0
Yes
0 25
0 26
0 27
0 28
0 29
1 25
1 26
1 27
1 28
1 29
2 25
2 26
2 27
2 28
2 29
3 25
3 26
3 27
3 28
3 29
4 25
4 26
4 27
4 28
4 29
5 25
5 26
5 27
5 28
5 29
6 25
6 26
6 27
6 28
6 29
7 25
7 26
7 27
7 28
7 29
8 25
8 26
8 27
8 28
8 29
9 25
9 26
9 27
9 28
9 29
0
Yes
0 43
0 44
0 45
0 46
0 47
0 48
0 49
1 43
1 44
1 45
1 46
1 47
1 48
1 49
2 43
2 44
2 45
2 46
2 47
2 48
2 49
3 43
3 44
3 45
3 46
3 47
3 48
3 49
4 43
4 44
4 45
4 46
4 47
4 48
4 49
5 43
5 44
5 45
5 46
5 47
5 48
5 49
6 43
6 44
0
Yes
25 0
25 1
25 2
25 3
25 4
25 5
25 6
26 0
26 1
26 2
26 3
26 4
26 5
26 6
27 0
27 1
27 2
27 3
27 4
27 5
27 6
28 0
28 1
28 2
28 3
28 4
28 5
28 6
29 0
29 1
29 2
29 3
29 4
29 5
0
Yes
0 33
0 34
0 35
0 36
0 37
0 38
0 39
0 40
1 33
1 34
1 35
1 36
1 37
1 38
1 39
1 40
2 33
2 34
2 35
2 36
2 37
2 38
2 39
2 40
3 33
3 34
3 35
3 36
3 37
3 38
3 39
3 40
4 33
4 34
4 35
4 36
4 37
4 38
4 39
4 40
5 33
5 34
5 35
5 36
5 37
5 38
5 39
5 40
6 33
6 34
6 35
6 36
6 37
6 38
6 39
6 40
7 33
7 34
7 35
7 36
7 37
7 38
7 39
7 40
0
Yes
45 0
45 1
45 2
45 3
46 0
46 1
46 2
46 3
47 0
47 1
47 2
47 3
48 0
48 1
48 2
48 3
49 0
49 1
49 2
49 3
0
Yes
0 41
0 42
1 41
1 42
2 41
2 42
3 41
3 42
4 41
4 42
0
Yes
46 39
46 40
46 41
46 42
46 43
47 39
47 40
47 41
47 42
47 43
48 39
48 40
48 41
48 42
48 43
49 39
49 40
49 41
49 42
0
Yes
33 0
33 1
33 2
33 3
34 0
34 1
34 2
34 3
35 0
35 1
35 2
35 3
36 0
36 1
36 2
0
Yes
0 5
0 6
0 7
0 8
0 9
0 10
1 5
1 6
1 7
1 8
1 9
1 10
2 5
2 6
2 7
2 8
2 9
2 10
3 5
3 6
3 7
3 8
3 9
3 10
4 5
4 6
4 7
4 8
4 9
4 10
5 5
0
Yes
28 40
28 41
28 42
28 43
28 44
28 45
28 46
28 47
28 48
28 49
29 40
29 41
29 42
29 43
29 44
29 45
29 46
29 47
29 48
29 49
30 40
30 41
30 42
30 43
30 44
30 45
30 46
30 47
30 48
30 49
31 40
31 41
31 42
31 43
31 44
31 45
31 46
31 47
31 48
31 49
32 40
32 41
32 42
32 43
32 44
32 45
32 46
32 47
32 48
32 49
33 40
33 41
33 42
33 43
33 44
33 45
33 46
33 47
33 48
33 49
34 40
34 41
34 42
34 43
34 44
34 45
34 46
34 47
34 48
34 49
35 40
35 41
35 42
35 43
35 44
35 45
35 46
35 47
35 48
35 49
36 40
36 41
36 42
36 43
36 44
36 45
36 46
36 47
36 48
36 49
37 40
37 41
37 42
37 43
37 44
37 45
37 46
37 47
37 48
37 49
0
Yes
12 41
12 42
11 41
11 42
13 41
13 42
12 40
12 43
11 40
11 43
13 40
13 43
10 41
10 42
14 41
14 42
10 40
10 43
12 39
12 44
14 40
14 43
11 39
11 44
13 39
13 44
9 41
9 42
15 41
15 42
10 39
10 44
14 39
14 44
9 40
9 43
15 40
15 43
12 38
12 45
11 38
11 45
13 38
13 45
9 39
9 44
15 39
15 44
8 41
8 42
10 38
10 45
14 38
14 45
16 41
16 42
8 40
8 43
16 40
16 43
12 37
12 46
9 38
9 45
11 37
11 46
13 37
13 46
15 38
15 45
8 39
8 44
16 39
10 37
10 46
14 37
14 46
7 41
7 42
7 43
8 38
8 45
16 38
16 45
9 37
9 46
15 37
15 46
12 36
12 47
7 44
11 36
11 47
13 36
13 47
10 36
10 47
14 36
14 47
8 37
8 46
16 37
16 46
7 45
9 36
9 47
15 36
15 47
12 35
12 48
11 35
11 48
13 35
13 48
7 46
8 36
8 47
10 35
10 48
14 35
14 48
16 36
16 47
9 35
9 48
15 35
15 48
7 47
12 34
12 49
11 34
11 49
13 34
13 49
8 35
8 48
16 35
16 48
10 34
10 49
14 34
14 49
9 49
15 34
15 49
0
Yes
33 18
33 19
33 20
33 21
34 18
34 19
34 20
34 21
35 18
35 19
35 20
35 21
36 18
36 19
36 20
36 21
0
Yes
2 31
2 32
3 31
3 32
4 31
4 32
5 31
0
Yes
46 16
46 17
46 18
46 19
46 20
47 16
47 17
47 18
47 19
47 20
48 16
48 17
48 18
48 19
48 20
49 16
49 17
49 18
49 19
49 20
0
Yes
41 14
41 15
40 14
40 15
42 14
42 15
41 13
41 16
40 13
40 16
42 13
42 16
39 14
39 15
43 14
43 15
39 13
39 16
41 12
41 17
43 13
43 16
40 12
40 17
42 12
42 17
38 14
38 15
44 14
44 15
39 12
39 17
43 12
43 17
38 13
38 16
44 13
44 16
41 11
40 11
42 11
38 12
38 17
44 12
44 17
37 14
37 15
39 11
43 11
45 14
45 15
37 13
37 16
45 13
45 16
41 10
38 11
38 18
40 10
42 10
44 11
37 12
37 17
45 12
45 17
39 10
43 10
36 14
36 15
46 14
46 15
36 13
36 16
46 13
46 16
37 11
37 18
45 11
38 10
44 10
36 12
36 17
46 12
46 17
35 14
35 15
37 10
45 10
47 14
47 15
36 11
36 18
46 11
46 18
35 13
35 16
47 13
47 16
35 12
35 17
47 12
47 17
36 10
46 10
35 11
35 18
47 18
34 14
34 15
48 14
48 15
34 13
34 16
48 13
48 16
34 17
48 12
48 17
35 10
47 10
34 11
34 18
48 11
48 18
33 14
33 15
49 14
49 15
33 13
33 16
49 13
49 16
34 10
48 10
33 12
33 17
49 12
49 17
33 11
33 18
49 11
49 18
32 14
32 15
32 13
33 10
32 12
32 11
32 10
0
Yes
41 39
40 39
41 38
41 40
42 39
40 38
40 40
42 38
42 40
39 39
41 37
41 41
43 39
39 38
39 40
40 37
40 41
42 37
42 41
43 38
43 40
39 37
39 41
43 37
43 41
38 39
41 36
41 42
44 39
38 38
38 40
40 36
40 42
42 36
42 42
44 38
44 40
38 37
38 41
39 36
39 42
43 36
43 42
44 37
44 41
37 39
41 35
41 43
45 39
37 38
40 35
40 43
42 35
42 43
45 38
45 40
38 36
38 42
44 36
44 42
37 37
39 35
39 43
43 35
43 43
45 37
45 41
36 39
37 36
38 35
38 43
41 34
44 43
45 36
45 42
36 38
40 34
36 37
39 34
37 35
45 43
36 36
38 34
36 35
37 34
0
Yes
17 28
17 29
17 30
17 31
17 32
17 33
17 34
17 35
17 36
17 37
17 38
18 28
18 29
18 30
18 31
18 32
18 33
18 34
18 35
18 36
18 37
18 38
19 28
19 29
19 30
19 31
19 32
19 33
19 34
19 35
19 36
19 37
19 38
20 28
20 29
20 30
20 31
20 32
20 33
20 34
20 35
20 36
20 37
20 38
21 28
21 29
21 30
21 31
21 32
21 33
21 34
21 35
21 36
21 37
21 38
22 28
22 29
22 30
22 31
22 32
22 33
22 34
22 35
22 36
22 37
22 38
23 28
23 29
23 30
23 31
23 32
23 33
23 34
23 35
23 36
23 37
23 38
24 28
24 29
24 30
24 31
24 32
24 33
24 34
24 35
24 36
24 37
24 38
25 28
25 29
25 30
25 31
25 32
25 33
25 34
25 35
25 36
25 37
25 38
26 28
26 29
26 30
26 31
26 32
26 33
26 34
26 35
26 36
26 37
26 38
27 28
27 29
27 30
27 31
27 32
27 33
27 34
27 35
0
Yes
0 0
0 1
0 2
1 0
1 1
1 2
2 0
2 1
2 2
3 0
3 1
0
Yes
7 39
7 40
7 41
7 42
7 43
7 44
7 45
7 46
7 47
7 48
7 49
8 39
8 40
8 41
8 42
8 43
8 44
8 45
8 46
8 47
8 48
8 49
9 39
9 40
9 41
9 42
9 43
9 44
9 45
9 46
9 47
9 48
9 49
10 39
10 40
10 41
10 42
10 43
10 44
10 45
10 46
10 47
10 48
10 49
11 39
11 40
11 41
11 42
11 43
11 44
11 45
11 46
11 47
11 48
11 49
12 39
12 40
12 41
12 42
12 43
12 44
12 45
12 46
12 47
12 48
12 49
13 39
13 40
13 41
13 42
13 43
13 44
13 45
13 46
13 47
13 48
13 49
14 39
14 40
14 41
14 42
14 43
14 44
14 45
14 46
14 47
14 48
14 49
15 39
15 40
15 41
15 42
15 43
15 44
15 45
0
Yes
46 19
46 20
47 19
47 20
48 19
48 20
49 19
0
Yes
46 6
46 7
46 8
46 9
46 10
47 6
47 7
47 8
47 9
47 10
48 6
48 7
48 8
48 9
48 10
49 6
49 7
49 8
49 9
0
Yes
5 32
5 33
4 32
4 33
6 32
6 33
5 31
5 34
4 31
4 34
6 31
6 34
3 32
3 33
7 32
7 33
3 31
3 34
5 30
5 35
7 31
7 34
4 30
4 35
6 30
6 35
2 32
2 33
8 32
8 33
3 35
7 30
7 35
2 31
2 34
8 31
8 34
5 29
5 36
4 29
4 36
6 29
6 36
2 35
8 30
8 35
1 32
1 33
3 29
3 36
7 29
7 36
1 31
1 34
9 31
5 28
5 37
2 29
2 36
4 28
4 37
6 28
6 37
8 29
8 36
1 30
1 35
9 30
9 35
3 28
3 37
7 28
7 37
0 32
0 33
0 31
0 34
1 29
1 36
9 29
9 36
2 28
2 37
8 28
8 37
5 27
5 38
0 30
0 35
4 27
4 38
6 27
6 38
3 27
3 38
7 27
7 38
1 28
1 37
9 28
9 37
0 29
0 36
2 27
2 38
8 27
8 38
5 26
5 39
4 26
4 39
6 26
6 39
0 28
0 37
1 27
1 38
3 26
3 39
7 26
9 27
9 38
2 26
2 39
8 26
0 27
0 38
5 25
5 40
4 25
4 40
6 25
6 40
1 26
1 39
9 26
3 25
3 40
7 25
2 25
2 40
8 25
0 26
0 39
1 25
1 40
9 25
0 25
0
Yes
26 8
26 9
26 10
26 11
26 12
26 13
26 14
26 15
26 16
27 8
27 9
27 10
27 11
27 12
27 13
27 14
27 15
27 16
28 8
28 9
28 10
28 11
28 12
28 13
28 14
28 15
28 16
29 8
29 9
29 10
29 11
29 12
29 13
29 14
29 15
29 16
30 8
30 9
30 10
30 11
30 12
30 13
30 14
30 15
30 16
31 8
31 9
31 10
31 11
31 12
31 13
31 14
31 15
31 16
32 8
32 9
32 10
32 11
0
Yes
46 39
46 40
46 41
46 42
46 43
47 39
47 40
47 41
47 42
47 43
48 39
48 40
48 41
48 42
48 43
49 39
49 40
49 41
49 42
49 43
0
Yes
24 4
24 5
25 4
25 5
23 4
23 5
24 3
24 6
25 3
25 6
26 4
26 5
23 3
23 6
26 3
26 6
22 4
22 5
24 2
24 7
25 2
25 7
27 4
27 5
22 3
22 6
23 2
23 7
26 2
27 3
27 6
21 4
21 5
22 2
22 7
24 1
24 8
25 1
25 8
27 2
28 4
28 5
21 3
21 6
23 1
23 8
26 1
28 3
28 6
21 2
21 7
22 1
22 8
27 1
28 2
20 4
20 5
24 0
25 0
29 4
29 5
20 3
20 6
23 0
26 0
29 3
29 6
21 1
21 8
28 1
20 2
20 7
22 0
27 0
29 2
19 4
19 5
30 4
30 5
19 3
19 6
20 1
20 8
21 0
28 0
29 1
30 3
30 6
19 2
19 7
30 2
30 7
20 0
29 0
18 4
18 5
19 1
19 8
30 1
31 4
31 5
18 3
18 6
31 3
31 6
18 2
18 7
31 2
31 7
19 0
30 0
18 1
18 8
31 1
17 4
17 5
32 4
32 5
17 3
17 6
32 3
32 6
17 2
17 7
18 0
31 0
32 7
17 1
17 8
32 1
16 4
16 5
16 3
16 6
17 0
32 0
16 2
16 7
16 1
16 8
16 0
0
Yes
0 41
0 42
0 43
0 44
0 45
0 46
0 47
0 48
0 49
1 41
1 42
1 43
1 44
1 45
1 46
1 47
1 48
1 49
2 41
2 42
2 43
2 44
2 45
2 46
2 47
2 48
2 49
3 41
3 42
3 43
3 44
3 45
3 46
3 47
3 48
3 49
4 41
4 42
4 43
4 44
4 45
4 46
4 47
0
Yes
14 17
14 18
14 19
14 20
14 21
14 22
14 23
14 24
14 25
15 17
15 18
15 19
15 20
15 21
15 22
15 23
15 24
15 25
16 17
16 18
16 19
16 20
16 21
16 22
16 23
16 24
16 25
17 17
17 18
17 19
17 20
17 21
17 22
17 23
17 24
17 25
18 17
18 18
18 19
18 20
18 21
18 22
18 23
18 24
18 25
19 17
19 18
19 19
19 20
19 21
19 22
19 23
19 24
19 25
20 17
20 18
20 19
20 20
20 21
20 22
20 23
20 24
20 25
21 17
21 18
21 19
21 20
21 21
21 22
21 23
21 24
21 25
22 17
22 18
22 19
22 20
22 21
22 22
22 23
22 24
22 25
23 17
23 18
23 19
23 20
23 21
23 22
23 23
23 24
23 25
24 17
24 18
24 19
24 20
24 21
24 22
24 23
24 24
24 25
25 17
25 18
25 19
25 20
25 21
25 22
25 23
25 24
25 25
26 17
26 18
26 19
26 20
26 21
26 22
26 23
26 24
26 25
27 17
27 18
27 19
27 20
27 21
27 22
27 23
27 24
27 25
28 17
28 18
28 19
28 20
28 21
28 22
28 23
28 24
0
Yes
23 4
23 5
22 4
22 5
24 4
24 5
23 3
23 6
22 3
22 6
24 3
24 6
21 4
21 5
25 4
25 5
21 3
21 6
23 2
23 7
25 3
25 6
22 2
22 7
24 2
24 7
20 4
20 5
26 4
26 5
21 2
21 7
25 2
25 7
20 3
20 6
26 3
26 6
23 1
23 8
22 1
22 8
24 1
24 8
20 2
20 7
26 2
19 4
19 5
21 1
21 8
25 1
25 8
27 4
27 5
19 3
19 6
27 3
27 6
23 0
20 1
20 8
22 0
24 0
26 1
19 2
19 7
27 2
21 0
25 0
18 4
18 5
28 4
28 5
18 3
18 6
28 3
28 6
19 1
19 8
27 1
20 0
26 0
18 2
18 7
28 2
17 4
17 5
19 0
27 0
29 4
29 5
18 1
18 8
28 1
17 3
17 6
29 3
29 6
17 2
17 7
29 2
18 0
28 0
17 1
17 8
29 1
16 4
16 5
16 3
16 6
16 2
16 7
17 0
29 0
16 1
16 8
16 0
0
Yes
44 44
43 44
44 43
44 45
43 43
43 45
45 43
42 44
44 42
44 46
42 43
42 45
43 42
43 46
45 42
45 46
46 43
46 44
46 45
42 42
42 46
46 42
46 46
41 44
44 41
44 47
47 44
41 43
41 45
43 41
43 47
45 41
45 47
47 43
47 45
41 42
41 46
42 41
42 47
46 41
46 47
47 42
47 46
40 44
44 40
44 48
48 44
40 43
40 45
43 40
43 48
45 40
45 48
48 43
48 45
41 41
41 47
47 41
47 47
40 42
40 46
42 40
42 48
46 40
46 48
48 42
48 46
39 44
40 41
40 47
41 40
41 48
44 39
44 49
47 40
47 48
48 41
48 47
49 44
39 43
39 45
43 39
43 49
45 39
45 49
49 43
49 45
39 42
39 46
42 39
42 49
46 39
46 49
49 42
49 46
40 40
40 48
48 40
48 48
39 41
39 47
41 39
41 49
47 39
47 49
49 41
49 47
38 44
44 38
38 43
38 45
43 38
45 38
38 42
38 46
42 38
46 38
39 40
39 48
40 39
40 49
48 39
48 49
49 40
49 48
38 41
41 38
39 39
39 49
49 39
49 49
38 40
40 38
38 39
0
Yes
8 18
7 18
8 17
8 19
9 18
7 17
7 19
9 17
9 19
6 18
8 16
8 20
10 18
6 17
6 19
7 16
7 20
9 16
9 20
10 17
10 19
6 16
6 20
10 16
10 20
5 18
8 15
8 21
11 18
5 17
5 19
7 15
7 21
9 15
9 21
11 17
11 19
5 16
5 20
6 15
6 21
10 15
10 21
11 16
11 20
4 18
8 14
8 22
12 18
4 17
4 19
7 14
7 22
9 14
9 22
12 17
12 19
5 15
5 21
11 15
11 21
4 16
4 20
6 14
6 22
10 14
10 22
12 16
12 20
3 18
4 15
4 21
5 14
5 22
8 13
8 23
11 14
11 22
12 21
13 18
3 17
3 19
7 13
7 23
9 13
9 23
13 17
13 19
3 16
3 20
6 13
6 23
10 13
10 23
13 16
13 20
4 14
4 22
12 22
3 15
3 21
5 13
5 23
11 13
11 23
13 21
8 12
8 24
2 17
7 12
7 24
9 12
9 24
2 16
2 20
6 12
6 24
10 12
10 24
3 14
3 22
4 13
4 23
12 23
13 22
2 15
2 21
5 12
5 24
11 12
11 24
8 11
3 13
3 23
13 23
2 14
4 24
6 11
5 11
11 11
2 13
2 23
3 12
3 24
2 24
0
Yes
18 26
18 27
19 26
19 27
20 26
20 27
21 26
21 27
22 26
22 27
0
Yes
23 45
23 46
23 47
23 48
23 49
24 45
24 46
24 47
24 48
24 49
25 45
25 46
25 47
25 48
25 49
26 45
26 46
26 47
26 48
26 49
27 45
27 46
27 47
27 48
27 49
0
Yes
28 40
28 41
28 42
28 43
28 44
28 45
28 46
28 47
28 48
28 49
29 40
29 41
29 42
29 43
29 44
29 45
29 46
29 47
29 48
29 49
30 40
30 41
30 42
30 43
30 44
30 45
30 46
30 47
30 48
30 49
31 40
31 41
31 42
31 43
31 44
31 45
31 46
31 47
31 48
31 49
32 40
32 41
32 42
32 43
32 44
32 45
32 46
32 47
32 48
32 49
33 40
33 41
33 42
33 43
33 44
33 45
33 46
33 47
33 48
33 49
34 40
34 41
34 42
34 43
34 44
34 45
34 46
34 47
34 48
34 49
35 40
35 41
35 42
35 43
35 44
35 45
35 46
35 47
35 48
35 49
36 40
36 41
36 42
36 43
36 44
36 45
36 46
36 47
36 48
36 49
37 40
37 41
37 42
37 43
37 44
37 45
37 46
37 47
37 48
37 49
0
Yes
0 0
0 1
0 2
0 3
1 0
1 1
1 2
1 3
2 0
2 1
2 2
2 3
3 0
0
Yes
16 0
16 1
16 2
16 3
16 4
16 5
16 6
16 7
16 8
16 9
16 10
16 11
17 0
17 1
17 2
17 3
17 4
17 5
17 6
17 7
17 8
17 9
17 10
17 11
18 0
18 1
18 2
18 3
18 4
18 5
18 6
18 7
18 8
18 9
18 10
18 11
19 0
19 1
19 2
19 3
19 4
19 5
19 6
19 7
19 8
19 9
19 10
19 11
20 0
20 1
20 2
20 3
20 4
20 5
20 6
20 7
20 8
20 9
20 10
20 11
21 0
21 1
21 2
21 3
21 4
21 5
21 6
21 7
21 8
21 9
21 10
21 11
22 0
22 1
22 2
22 3
22 4
22 5
22 6
22 7
22 8
22 9
22 10
22 11
23 0
23 1
23 2
23 3
23 4
23 5
23 6
23 7
23 8
23 9
23 10
23 11
24 0
24 1
24 2
24 3
24 4
24 5
0
Yes
45 0
45 1
45 2
45 3
46 0
46 1
46 2
46 3
47 0
47 1
47 2
47 3
48 0
48 1
48 2
48 3
49 0
49 1
49 2
49 3
