0
Yes
7 0
7 1
7 2
7 3
8 0
8 1
8 2
8 3
9 0
9 1
9 2
9 3
10 0
10 1
10 2
0
Yes
40 29
40 30
40 31
40 32
40 33
40 34
40 35
40 36
40 37
40 38
40 39
40 40
40 41
41 29
41 30
41 31
41 32
41 33
41 34
41 35
41 36
41 37
41 38
41 39
41 40
41 41
42 29
42 30
42 31
42 32
42 33
42 34
42 35
42 36
42 37
42 38
42 39
42 40
42 41
43 29
43 30
43 31
43 32
43 33
43 34
43 35
43 36
43 37
43 38
43 39
43 40
43 41
44 29
44 30
44 31
44 32
44 33
44 34
44 35
44 36
44 37
44 38
44 39
44 40
44 41
45 29
45 30
45 31
45 32
45 33
45 34
45 35
45 36
45 37
45 38
45 39
45 40
45 41
46 29
46 30
46 31
46 32
46 33
46 34
46 35
46 36
46 37
46 38
46 39
46 40
46 41
47 29
47 30
47 31
47 32
47 33
47 34
47 35
47 36
47 37
47 38
47 39
47 40
47 41
48 29
48 30
48 31
48 32
48 33
48 34
48 35
48 36
48 37
48 38
48 39
48 40
48 41
49 29
49 30
49 31
49 32
49 33
49 34
49 35
49 36
49 37
49 38
49 39
49 40
0
Yes
29 41
29 42
29 43
29 44
29 45
29 46
29 47
29 48
29 49
30 41
30 42
30 43
30 44
30 45
30 46
30 47
30 48
30 49
31 41
31 42
31 43
31 44
31 45
31 46
31 47
31 48
31 49
32 41
32 42
32 43
32 44
32 45
32 46
32 47
32 48
32 49
33 41
33 42
33 43
33 44
33 45
33 46
33 47
33 48
33 49
34 41
34 42
34 43
34 44
34 45
34 46
34 47
34 48
34 49
35 41
35 42
35 43
35 44
35 45
35 46
35 47
35 48
35 49
36 41
36 42
36 43
36 44
36 45
36 46
36 47
36 48
36 49
37 41
37 42
37 43
0
Yes
28 0
28 1
28 2
28 3
28 4
28 5
28 6
28 7
29 0
29 1
29 2
29 3
29 4
29 5
29 6
29 7
30 0
30 1
30 2
30 3
30 4
30 5
30 6
30 7
31 0
31 1
31 2
31 3
31 4
31 5
31 6
31 7
32 0
32 1
32 2
32 3
32 4
32 5
32 6
32 7
33 0
33 1
33 2
33 3
33 4
33 5
33 6
33 7
34 0
34 1
34 2
34 3
34 4
34 5
34 6
34 7
35 0
35 1
35 2
35 3
35 4
35 5
35 6
35 7
36 0
36 1
36 2
36 3
36 4
36 5
36 6
36 7
37 0
37 1
37 2
37 3
37 4
37 5
37 6
37 7
38 0
38 1
38 2
38 3
38 4
38 5
38 6
38 7
39 0
39 1
39 2
39 3
39 4
39 5
39 6
0
Yes
13 0
13 1
14 0
14 1
15 0
15 1
0
Yes
44 23
44 24
44 25
44 26
44 27
44 28
45 23
45 24
45 25
45 26
45 27
45 28
46 23
46 24
46 25
46 26
46 27
46 28
47 23
47 24
47 25
47 26
47 27
47 28
48 23
48 24
48 25
48 26
48 27
48 28
49 23
49 24
49 25
49 26
49 27
49 28
0
Yes
13 11
13 12
13 13
14 11
14 12
14 13
15 11
0
Yes
0 0
0 1
0 2
0 3
0 4
0 5
1 0
1 1
1 2
1 3
1 4
1 5
2 0
2 1
2 2
2 3
2 4
2 5
3 0
3 1
3 2
3 3
3 4
3 5
0
Yes
44 0
44 1
44 2
44 3
44 4
45 0
45 1
45 2
45 3
45 4
46 0
46 1
46 2
46 3
46 4
0
Yes
14 31
14 32
14 33
14 34
14 35
14 36
14 37
14 38
14 39
14 40
15 31
15 32
15 33
15 34
15 35
15 36
15 37
15 38
15 39
15 40
16 31
16 32
16 33
16 34
16 35
16 36
16 37
16 38
16 39
16 40
17 31
17 32
17 33
17 34
17 35
17 36
17 37
17 38
17 39
17 40
18 31
18 32
18 33
18 34
18 35
18 36
18 37
18 38
18 39
18 40
19 31
19 32
19 33
19 34
19 35
19 36
19 37
19 38
19 39
19 40
20 31
20 32
20 33
20 34
20 35
20 36
20 37
20 38
20 39
20 40
21 31
21 32
21 33
21 34
21 35
21 36
21 37
21 38
21 39
21 40
22 31
22 32
22 33
22 34
22 35
22 36
22 37
22 38
22 39
22 40
23 31
23 32
23 33
23 34
23 35
23 36
23 37
23 38
23 39
23 40
24 31
24 32
24 33
24 34
24 35
24 36
24 37
24 38
24 39
24 40
25 31
25 32
25 33
25 34
25 35
25 36
25 37
25 38
0
Yes
0 0
0 1
0 2
0 3
0 4
0 5
0 6
1 0
1 1
1 2
1 3
1 4
1 5
1 6
2 0
2 1
2 2
2 3
2 4
2 5
2 6
3 0
3 1
3 2
3 3
3 4
3 5
0
Yes
4 31
4 32
4 33
4 34
4 35
4 36
4 37
5 31
5 32
5 33
5 34
5 35
5 36
5 37
6 31
6 32
6 33
6 34
6 35
6 36
6 37
7 31
7 32
7 33
7 34
7 35
7 36
7 37
8 31
8 32
8 33
8 34
8 35
8 36
8 37
9 31
9 32
9 33
9 34
9 35
9 36
9 37
10 31
10 32
10 33
10 34
10 35
10 36
10 37
11 31
11 32
11 33
11 34
11 35
11 36
11 37
12 31
12 32
12 33
12 34
12 35
12 36
12 37
13 31
13 32
13 33
13 34
0
Yes
30 8
30 9
30 10
30 11
30 12
30 13
30 14
30 15
30 16
30 17
31 8
31 9
31 10
31 11
31 12
31 13
31 14
31 15
31 16
31 17
32 8
32 9
32 10
32 11
32 12
32 13
32 14
32 15
32 16
32 17
33 8
33 9
33 10
33 11
33 12
33 13
33 14
33 15
33 16
33 17
34 8
34 9
34 10
34 11
34 12
34 13
34 14
34 15
34 16
34 17
35 8
35 9
35 10
35 11
35 12
35 13
35 14
35 15
35 16
35 17
36 8
36 9
36 10
36 11
36 12
36 13
36 14
36 15
36 16
36 17
37 8
37 9
37 10
37 11
37 12
37 13
37 14
37 15
37 16
37 17
0
Yes
17 9
17 10
17 11
17 12
17 13
17 14
18 9
18 10
18 11
18 12
18 13
18 14
19 9
19 10
19 11
19 12
19 13
19 14
20 9
20 10
20 11
20 12
20 13
20 14
21 9
21 10
21 11
21 12
21 13
21 14
22 9
22 10
22 11
22 12
22 13
22 14
23 9
23 10
23 11
23 12
23 13
23 14
24 9
24 10
24 11
24 12
24 13
0
Yes
11 15
11 16
11 17
11 18
11 19
11 20
11 21
12 15
12 16
12 17
12 18
12 19
12 20
12 21
13 15
13 16
13 17
13 18
13 19
13 20
13 21
14 15
14 16
14 17
14 18
14 19
14 20
14 21
15 15
15 16
15 17
15 18
15 19
15 20
15 21
16 15
16 16
16 17
16 18
16 19
16 20
16 21
17 15
17 16
17 17
17 18
17 19
17 20
17 21
18 15
18 16
18 17
18 18
18 19
18 20
18 21
19 15
19 16
19 17
19 18
19 19
19 20
19 21
20 15
20 16
20 17
20 18
20 19
20 20
20 21
21 15
21 16
21 17
21 18
21 19
21 20
21 21
0
Yes
0 7
0 8
0 9
0 10
0 11
0 12
0 13
1 7
1 8
1 9
1 10
1 11
1 12
1 13
2 7
2 8
2 9
2 10
2 11
2 12
2 13
3 7
3 8
3 9
3 10
3 11
3 12
3 13
4 7
4 8
4 9
4 10
4 11
4 12
4 13
5 7
5 8
5 9
5 10
5 11
5 12
5 13
0
Yes
38 9
38 10
38 11
38 12
38 13
38 14
38 15
38 16
38 17
38 18
38 19
38 20
39 9
39 10
39 11
39 12
39 13
39 14
39 15
39 16
39 17
39 18
39 19
39 20
40 9
40 10
40 11
40 12
40 13
40 14
40 15
40 16
40 17
40 18
40 19
40 20
41 9
41 10
41 11
41 12
41 13
41 14
41 15
41 16
41 17
41 18
41 19
41 20
42 9
42 10
42 11
42 12
42 13
42 14
42 15
42 16
42 17
42 18
42 19
42 20
43 9
43 10
43 11
43 12
43 13
43 14
43 15
43 16
43 17
43 18
43 19
43 20
44 9
44 10
44 11
44 12
44 13
44 14
44 15
44 16
44 17
44 18
44 19
44 20
45 9
45 10
45 11
45 12
45 13
45 14
45 15
45 16
45 17
45 18
45 19
45 20
46 9
46 10
46 11
46 12
46 13
46 14
46 15
46 16
0
Yes
23 24
23 25
23 26
23 27
23 28
23 29
23 30
24 24
24 25
24 26
24 27
24 28
24 29
24 30
25 24
25 25
25 26
25 27
25 28
25 29
25 30
26 24
26 25
26 26
26 27
26 28
26 29
26 30
27 24
27 25
27 26
27 27
27 28
27 29
27 30
28 24
28 25
28 26
28 27
28 28
28 29
28 30
29 24
29 25
29 26
29 27
29 28
29 29
29 30
30 24
30 25
30 26
30 27
30 28
30 29
0
Yes
2 23
1 23
1 22
2 22
1 24
3 22
3 23
2 21
1 21
3 21
4 23
4 22
4 21
0 22
0 23
0 24
0 21
0 25
1 25
2 25
2 26
1 26
0 26
1 20
2 20
3 20
0 20
4 20
3 26
5 22
5 21
5 23
5 20
2 19
1 19
3 19
4 19
0 19
5 19
6 23
6 22
6 21
6 20
6 19
1 27
2 27
3 27
0 27
4 27
4 26
4 25
5 26
5 27
2 28
1 28
3 28
4 28
0 28
5 28
1 18
2 18
3 18
4 18
5 18
6 18
7 22
7 21
7 20
7 19
7 23
7 18
7 24
6 27
6 26
6 28
6 25
7 25
7 26
8 23
8 22
8 24
8 21
8 25
8 20
8 19
8 26
8 18
1 29
2 29
3 29
4 29
5 29
0 29
3 17
4 17
5 17
6 17
7 17
2 30
1 30
3 30
4 30
0 30
5 30
9 22
9 23
9 24
9 21
9 25
9 20
9 19
9 26
9 18
8 27
9 27
4 16
5 16
6 16
3 16
7 16
0
Yes
39 31
38 31
38 30
39 30
38 32
39 32
39 29
38 29
39 33
38 33
37 30
37 31
37 32
37 29
37 33
36 31
36 30
36 32
36 29
36 33
38 28
37 28
39 28
36 28
38 34
39 34
40 28
39 27
38 27
40 27
39 35
38 35
35 30
35 31
35 32
35 29
35 33
35 28
37 35
41 27
41 28
42 28
42 27
34 31
34 30
34 32
34 29
34 33
34 28
38 26
39 26
40 26
41 26
42 26
38 36
39 36
35 27
34 27
43 27
43 28
43 26
34 34
39 37
33 30
33 31
33 32
33 29
33 33
33 28
33 34
40 25
41 25
42 25
43 25
32 31
32 30
32 32
32 29
32 33
32 28
32 34
34 26
35 26
36 26
33 35
34 35
32 35
35 35
34 36
33 36
41 24
42 24
40 24
43 24
39 24
39 23
40 23
41 23
42 23
43 23
31 30
31 31
31 32
31 29
31 33
31 34
31 28
31 35
32 27
31 27
38 23
38 24
30 31
30 30
30 32
38 22
39 22
40 22
41 22
42 22
43 22
37 22
39 21
38 21
40 21
41 21
42 21
37 21
43 21
44 22
44 21
0
No
0
Yes
0 45
0 44
1 44
1 45
1 46
2 45
2 44
2 46
1 43
0 43
2 43
2 47
0 42
3 44
3 45
3 46
3 43
3 47
2 42
3 42
4 45
4 44
4 46
4 43
4 47
4 42
3 48
2 48
4 48
2 49
3 49
4 49
1 49
3 41
2 41
4 41
5 44
5 45
5 46
5 43
5 47
5 42
5 48
5 41
5 49
2 40
3 40
4 40
5 40
3 39
4 39
2 39
5 39
1 39
6 42
6 41
6 40
6 39
6 48
6 49
1 38
2 38
0 38
0 39
0 40
0 41
0 37
1 37
4 38
5 38
6 38
7 41
7 40
7 39
7 42
7 38
7 43
7 49
8 43
8 42
8 41
8 40
8 39
8 38
8 44
1 36
0 36
9 44
9 43
9 42
9 41
9 40
9 39
9 38
9 45
0 35
1 35
10 45
10 44
10 43
1 34
0 34
11 44
11 45
11 43
10 40
10 39
10 38
0
No
0
No
0
Yes
32 21
31 21
32 20
32 22
33 21
31 20
31 22
33 20
33 22
30 21
32 19
32 23
34 21
30 20
30 22
31 19
31 23
33 19
33 23
34 20
34 22
30 19
30 23
34 19
34 23
29 21
32 18
35 21
29 20
29 22
31 18
33 18
35 20
35 22
29 23
30 18
34 18
35 19
35 23
28 21
36 21
28 22
36 20
36 22
29 18
35 18
28 23
36 19
36 23
27 21
36 18
27 20
27 22
37 20
27 19
27 23
37 19
27 18
37 18
26 21
26 20
26 22
26 19
26 23
26 18
25 21
25 20
25 22
25 19
0
No
0
Yes
27 3
26 3
26 2
27 2
26 4
27 4
27 1
26 1
27 5
26 5
25 2
25 3
25 4
25 1
25 5
24 3
24 2
24 4
24 5
26 0
27 0
25 0
26 6
27 6
27 7
26 7
23 2
23 3
23 4
23 5
24 0
22 3
22 4
22 2
22 5
23 6
22 6
26 8
27 8
28 8
25 8
27 9
26 9
28 9
25 9
21 5
21 6
29 9
29 8
26 10
27 10
28 10
25 10
29 10
21 7
20 6
20 5
20 7
27 11
26 11
28 11
25 11
29 11
19 5
19 6
19 7
26 12
27 12
28 12
25 12
29 12
19 8
18 6
18 7
18 5
18 8
17 5
17 6
17 7
0
Yes
13 11
13 12
13 13
14 11
14 12
14 13
15 11
0
Yes
16 22
16 23
16 24
16 25
17 22
17 23
17 24
17 25
18 22
18 23
18 24
18 25
19 22
19 23
19 24
19 25
0
No
0
Yes
6 11
6 12
6 13
6 14
7 11
7 12
7 13
7 14
8 11
8 12
8 13
0
Yes
0 6
0 5
1 5
1 6
2 6
2 5
1 4
0 4
2 4
0 3
1 3
2 3
3 5
3 4
3 6
3 3
4 6
4 5
4 4
4 3
1 2
2 2
3 2
0 2
4 2
0 1
1 1
2 1
3 1
4 1
5 5
5 4
5 3
5 2
5 6
6 6
6 5
6 4
6 3
6 2
1 0
2 0
3 0
0 0
6 7
7 5
7 6
7 4
7 7
7 8
6 8
6 9
7 9
8 6
8 7
8 8
8 9
7 10
6 10
8 10
9 7
9 8
9 6
9 10
10 6
10 7
10 8
9 11
11 8
10 10
0
No
0
No
0
No
0
Yes
22 18
22 19
22 20
22 21
22 22
22 23
23 18
23 19
23 20
23 21
23 22
23 23
24 18
24 19
24 20
24 21
24 22
24 23
0
Yes
37 44
37 45
37 46
38 44
38 45
38 46
39 44
39 45
39 46
0
No
0
Yes
35 28
35 29
35 30
35 31
35 32
35 33
36 28
36 29
36 30
36 31
36 32
36 33
37 28
37 29
37 30
37 31
37 32
37 33
38 28
38 29
38 30
38 31
38 32
38 33
39 28
39 29
39 30
39 31
39 32
39 33
40 28
0
Yes
45 25
45 26
44 25
44 26
46 25
46 26
45 24
45 27
44 24
44 27
46 24
46 27
43 25
43 26
47 25
47 26
43 24
43 27
45 23
45 28
47 24
47 27
44 23
44 28
46 23
46 28
42 25
42 26
48 25
48 26
43 23
43 28
47 23
47 28
42 24
42 27
48 24
48 27
45 22
44 22
46 22
42 23
42 28
48 23
48 28
41 25
41 26
43 22
49 25
49 26
41 24
41 27
49 24
49 27
42 22
48 22
41 23
41 28
49 23
49 28
40 25
40 26
40 24
40 27
41 22
40 23
40 22
0
No
0
Yes
47 11
47 12
47 13
47 14
47 15
48 11
48 12
48 13
48 14
48 15
49 11
49 12
49 13
49 14
49 15
0
No
0
Yes
25 47
25 48
25 49
26 47
26 48
26 49
27 47
27 48
27 49
28 47
28 48
0
No
0
Yes
47 0
47 1
48 0
48 1
49 0
0
Yes
37 44
37 45
37 46
38 44
38 45
38 46
39 44
39 45
39 46
0
Yes
26 32
26 31
27 31
27 32
27 30
26 30
25 30
28 30
28 31
26 29
27 29
25 29
28 29
29 31
29 30
29 29
24 29
24 30
23 30
23 29
25 28
26 28
27 28
24 28
28 28
23 28
29 28
30 30
30 29
30 31
30 28
30 32
22 29
22 30
22 28
26 27
25 27
27 27
24 27
28 27
23 27
29 27
22 27
30 27
31 32
31 31
31 30
31 29
31 28
31 27
31 33
21 30
25 26
26 26
27 26
24 26
28 26
23 26
29 26
30 26
32 31
32 32
32 30
32 29
32 28
32 33
32 27
32 34
31 34
31 35
32 35
26 25
25 25
27 25
24 25
28 25
29 25
23 25
30 25
33 32
33 31
33 33
33 30
33 34
33 29
33 28
33 35
22 25
25 24
26 24
27 24
24 24
28 24
23 24
29 24
22 24
30 24
33 36
34 31
34 32
34 33
34 30
34 34
34 29
34 35
34 28
34 36
31 25
31 24
0
Yes
0 0
0 1
0 2
0 3
0 4
1 0
1 1
1 2
1 3
1 4
2 0
2 1
2 2
2 3
2 4
3 0
3 1
3 2
3 3
3 4
0
Yes
1 18
1 19
1 20
1 21
1 22
1 23
2 18
2 19
2 20
2 21
2 22
2 23
3 18
3 19
3 20
3 21
3 22
3 23
4 18
4 19
4 20
4 21
4 22
4 23
5 18
5 19
5 20
5 21
5 22
5 23
6 18
6 19
6 20
6 21
6 22
6 23
7 18
7 19
7 20
7 21
7 22
7 23
0
No
0
No
0
No
0
Yes
25 8
25 9
25 10
25 11
25 12
26 8
26 9
26 10
26 11
26 12
27 8
27 9
27 10
27 11
27 12
28 8
28 9
28 10
28 11
28 12
29 8
0
Yes
32 41
32 42
32 43
32 44
32 45
32 46
32 47
33 41
33 42
33 43
33 44
33 45
33 46
33 47
34 41
34 42
34 43
34 44
34 45
34 46
34 47
35 41
35 42
35 43
35 44
35 45
35 46
35 47
36 41
36 42
36 43
36 44
36 45
36 46
36 47
37 41
37 42
37 43
0
No
0
Yes
23 24
23 25
23 26
23 27
23 28
23 29
23 30
24 24
24 25
24 26
24 27
24 28
24 29
24 30
25 24
25 25
25 26
25 27
25 28
25 29
25 30
26 24
26 25
26 26
26 27
26 28
26 29
26 30
27 24
27 25
27 26
27 27
27 28
27 29
27 30
28 24
28 25
28 26
28 27
28 28
28 29
28 30
29 24
29 25
29 26
29 27
29 28
29 29
29 30
30 24
30 25
30 26
30 27
30 28
30 29
30 30
31 24
0
No
0
Yes
33 48
33 49
34 48
34 49
35 48
35 49
36 48
36 49
0
Yes
27 28
26 28
27 27
27 29
28 28
26 27
26 29
28 27
28 29
25 28
27 26
27 30
29 28
25 27
25 29
26 26
26 30
28 26
28 30
29 27
29 29
25 26
25 30
29 26
29 30
24 28
27 25
27 31
30 28
24 27
24 29
26 25
26 31
28 25
28 31
30 27
30 29
24 26
24 30
25 25
29 25
29 31
30 26
30 30
23 28
27 24
23 27
23 29
26 24
28 24
24 25
30 25
30 31
23 26
23 30
25 24
29 24
23 25
24 24
30 24
0
No
0
Yes
6 30
5 30
5 29
4 29
4 30
4 28
5 28
6 28
3 30
3 29
3 28
6 27
5 27
4 27
3 27
2 29
2 28
2 30
2 27
5 26
4 26
3 26
6 26
2 26
7 26
1 30
1 29
1 28
1 27
1 26
6 25
7 25
1 31
4 25
8 25
8 26
8 27
9 27
9 26
9 25
10 26
10 27
10 25
11 27
11 26
11 25
11 28
0 29
0 30
0 28
0 27
0 31
0 26
7 24
8 24
9 24
10 24
11 24
0 32
1 32
2 32
12 28
12 27
12 26
12 29
11 29
10 29
10 30
11 30
12 30
9 30
9 29
2 25
1 25
0 25
13 30
13 29
13 28
13 27
13 26
8 23
9 23
10 23
11 23
1 24
0 24
14 29
14 28
14 30
12 24
9 22
10 22
8 22
11 22
15 30
15 29
15 28
0
Yes
15 41
15 42
15 43
15 44
15 45
16 41
16 42
16 43
16 44
16 45
17 41
17 42
17 43
17 44
17 45
18 41
18 42
18 43
18 44
18 45
19 41
0
Yes
28 43
28 44
27 43
27 44
29 43
29 44
28 42
28 45
27 42
27 45
29 42
29 45
26 43
26 44
30 43
30 44
26 42
26 45
28 41
28 46
30 42
30 45
27 41
27 46
29 41
29 46
25 43
25 44
31 43
31 44
26 41
26 46
30 41
30 46
25 42
25 45
31 42
31 45
28 40
27 40
29 40
25 41
31 41
31 46
24 43
24 44
26 40
30 40
24 45
25 40
31 40
0
No
0
No
0
No
0
Yes
31 29
31 30
31 31
31 32
31 33
31 34
31 35
32 29
32 30
32 31
32 32
32 33
32 34
32 35
33 29
33 30
33 31
33 32
33 33
33 34
33 35
34 29
34 30
34 31
34 32
34 33
34 34
34 35
0
No
0
Yes
45 42
45 43
45 44
45 45
45 46
45 47
46 42
46 43
46 44
46 45
46 46
46 47
47 42
47 43
47 44
47 45
47 46
47 47
48 42
48 43
48 44
48 45
48 46
48 47
49 42
49 43
49 44
49 45
0
No
0
Yes
25 4
25 5
24 4
24 5
26 4
26 5
25 3
24 3
26 3
26 6
23 4
23 5
27 4
27 5
23 3
23 6
25 2
27 3
27 6
24 2
26 2
22 4
22 5
23 2
27 2
22 3
22 6
22 2
0
Yes
35 30
35 31
35 32
35 33
36 30
36 31
36 32
36 33
37 30
37 31
37 32
37 33
38 30
38 31
38 32
38 33
39 30
39 31
39 32
39 33
0
No
0
No
0
Yes
30 45
29 45
29 44
30 44
29 46
30 46
31 44
31 45
31 46
30 43
29 43
31 43
30 47
29 47
31 47
32 45
32 44
32 46
32 43
32 47
28 44
28 45
28 46
28 43
28 47
27 45
27 44
27 46
27 43
27 47
29 42
30 42
31 42
28 42
32 42
27 42
29 48
30 48
31 48
28 48
32 48
27 48
33 44
33 45
33 46
33 43
33 47
33 42
30 41
29 41
31 41
28 41
32 41
27 41
33 41
30 49
29 49
31 49
28 49
32 49
27 49
34 45
34 44
34 46
34 43
34 42
34 47
34 41
26 44
26 45
26 46
26 43
26 47
26 42
26 48
26 41
26 49
25 45
25 44
25 43
25 42
25 41
29 40
30 40
31 40
28 40
32 40
27 40
26 40
25 40
35 44
35 45
35 46
35 43
35 42
35 47
35 41
25 47
25 48
25 49
30 39
29 39
31 39
32 39
36 45
36 44
36 46
36 43
36 42
36 47
36 41
24 44
24 43
24 45
33 39
29 38
30 38
31 38
32 38
33 38
24 41
0
Yes
36 0
36 1
36 2
36 3
36 4
37 0
37 1
37 2
37 3
37 4
38 0
38 1
38 2
38 3
38 4
39 0
39 1
39 2
39 3
39 4
0
Yes
32 22
31 22
31 21
32 21
31 23
32 23
33 21
33 22
33 23
32 20
31 20
33 20
34 22
34 21
34 23
34 20
30 21
30 22
30 23
30 20
33 24
34 24
29 22
29 21
29 23
29 20
31 19
32 19
33 19
30 19
34 19
35 21
35 22
35 23
35 20
35 24
35 19
34 25
32 18
31 18
33 18
34 18
30 18
35 18
36 22
36 21
36 23
36 20
36 19
36 18
28 21
28 22
28 23
27 22
27 21
27 23
29 18
37 21
37 22
37 20
37 19
37 18
27 20
38 22
38 21
26 21
26 22
26 23
26 20
38 23
26 19
27 19
27 18
26 18
25 22
25 21
25 20
25 19
25 23
39 21
39 22
39 23
39 24
38 24
24 21
24 22
24 20
24 23
24 19
24 18
23 22
23 21
23 20
23 19
23 23
23 18
23 24
22 21
22 22
22 23
22 20
22 19
22 24
22 18
22 25
21 22
21 23
21 24
0
Yes
4 31
4 32
4 33
4 34
4 35
4 36
5 31
5 32
5 33
5 34
5 35
5 36
6 31
6 32
6 33
6 34
6 35
6 36
7 31
7 32
7 33
7 34
7 35
7 36
8 31
8 32
8 33
8 34
8 35
8 36
9 31
9 32
9 33
9 34
9 35
9 36
10 31
10 32
10 33
10 34
10 35
10 36
11 31
11 32
11 33
11 34
11 35
11 36
12 31
12 32
12 33
12 34
12 35
12 36
13 31
13 32
13 33
13 34
13 35
13 36
0
No
0
No
0
No
0
Yes
43 7
42 7
42 6
42 8
43 8
41 6
41 7
41 8
40 7
40 6
40 8
40 5
39 6
39 7
39 8
39 5
38 7
38 6
38 8
38 5
37 6
37 7
37 5
36 7
36 6
36 5
35 6
35 7
35 5
35 4
34 7
34 6
34 5
34 4
34 3
35 3
35 2
34 2
33 6
33 5
33 4
33 3
33 7
33 2
34 1
35 1
33 1
35 0
34 0
33 0
32 7
32 6
32 5
32 4
32 3
32 2
32 1
32 0
31 6
31 5
31 4
31 3
31 2
31 1
31 7
31 0
30 7
30 6
30 5
30 4
30 3
30 2
30 1
30 0
29 6
29 5
29 4
29 3
29 2
29 1
29 7
29 0
28 7
28 6
28 5
28 4
28 3
28 2
28 1
28 0
27 1
27 0
26 0
26 1
25 1
25 0
24 0
0
No
0
No
0
Yes
19 9
19 10
19 11
19 12
19 13
20 9
20 10
20 11
20 12
20 13
21 9
21 10
21 11
21 12
21 13
22 9
22 10
22 11
22 12
22 13
23 9
23 10
23 11
23 12
23 13
24 9
24 10
24 11
24 12
24 13
0
Yes
15 7
15 8
15 9
15 10
15 11
16 7
16 8
16 9
16 10
16 11
17 7
17 8
17 9
17 10
17 11
18 7
18 8
18 9
18 10
18 11
0
Yes
10 6
9 6
9 7
10 7
10 8
9 8
8 7
8 6
8 8
11 8
7 6
7 7
7 8
7 5
8 9
7 9
6 5
6 6
6 7
6 8
6 9
6 4
7 4
5 6
5 5
5 4
7 10
8 10
6 10
0
No
0
Yes
4 31
4 32
4 33
4 34
4 35
4 36
4 37
5 31
5 32
5 33
5 34
5 35
5 36
5 37
6 31
6 32
6 33
6 34
6 35
6 36
6 37
7 31
7 32
7 33
7 34
7 35
7 36
7 37
8 31
8 32
8 33
8 34
8 35
8 36
8 37
9 31
9 32
9 33
9 34
9 35
9 36
9 37
10 31
10 32
10 33
10 34
0
No
0
Yes
16 20
16 21
16 22
16 23
16 24
16 25
17 20
17 21
17 22
17 23
17 24
17 25
18 20
18 21
18 22
18 23
18 24
18 25
19 20
19 21
19 22
19 23
19 24
19 25
20 20
20 21
20 22
20 23
0
Yes
13 0
13 1
14 0
14 1
15 0
15 1
0
Yes
26 34
26 35
26 36
27 34
27 35
27 36
28 34
28 35
0
No
0
Yes
11 15
11 16
11 17
11 18
11 19
11 20
11 21
12 15
12 16
12 17
12 18
12 19
12 20
12 21
13 15
13 16
13 17
13 18
13 19
13 20
13 21
14 15
14 16
14 17
14 18
14 19
14 20
14 21
15 15
15 16
15 17
15 18
15 19
15 20
15 21
16 15
16 16
0
Yes
24 24
24 25
24 26
24 27
24 28
24 29
24 30
25 24
25 25
25 26
25 27
25 28
25 29
25 30
26 24
26 25
26 26
26 27
26 28
26 29
26 30
27 24
27 25
27 26
27 27
27 28
27 29
27 30
28 24
28 25
28 26
28 27
28 28
28 29
28 30
29 24
29 25
29 26
29 27
29 28
29 29
29 30
30 24
30 25
30 26
30 27
30 28
0
No
0
Yes
4 31
4 32
4 33
4 34
4 35
4 36
4 37
5 31
5 32
5 33
5 34
5 35
5 36
5 37
6 31
6 32
6 33
6 34
6 35
6 36
6 37
7 31
7 32
7 33
7 34
7 35
7 36
7 37
8 31
8 32
8 33
8 34
8 35
8 36
8 37
9 31
9 32
9 33
9 34
9 35
9 36
9 37
10 31
10 32
10 33
10 34
10 35
10 36
10 37
11 31
11 32
11 33
11 34
11 35
11 36
11 37
12 31
12 32
12 33
0
Yes
19 17
20 17
19 16
19 18
20 16
20 18
18 17
21 17
18 16
18 18
21 16
21 18
19 15
19 19
20 15
20 19
17 17
18 15
18 19
21 15
21 19
17 16
17 18
22 16
19 14
20 14
17 15
17 19
22 15
18 14
21 14
16 17
16 18
17 14
22 14
16 19
0
No
0
Yes
7 0
7 1
7 2
8 0
8 1
8 2
9 0
9 1
9 2
10 0
10 1
10 2
0
Yes
38 10
38 11
38 12
38 13
38 14
38 15
38 16
38 17
38 18
38 19
38 20
39 10
39 11
39 12
39 13
39 14
39 15
39 16
39 17
39 18
39 19
39 20
40 10
40 11
40 12
40 13
40 14
40 15
40 16
40 17
40 18
40 19
40 20
41 10
41 11
41 12
41 13
41 14
41 15
41 16
41 17
41 18
41 19
41 20
42 10
42 11
42 12
42 13
42 14
42 15
42 16
42 17
42 18
42 19
42 20
43 10
43 11
43 12
43 13
43 14
43 15
43 16
43 17
43 18
43 19
43 20
44 10
44 11
44 12
44 13
44 14
44 15
44 16
44 17
44 18
44 19
44 20
45 10
45 11
45 12
45 13
45 14
45 15
45 16
45 17
45 18
45 19
45 20
46 10
46 11
46 12
46 13
46 14
46 15
46 16
0
No
0
No
0
Yes
46 5
46 6
46 7
46 8
47 5
47 6
47 7
47 8
48 5
48 6
48 7
48 8
49 5
49 6
49 7
49 8
0
Yes
15 42
15 43
15 44
15 45
16 42
16 43
16 44
16 45
17 42
17 43
17 44
17 45
18 42
18 43
18 44
0
Yes
6 11
6 12
6 13
6 14
7 11
7 12
7 13
7 14
8 11
8 12
8 13
0
No
0
No
0
Yes
0 5
0 6
0 7
0 8
0 9
0 10
0 11
1 5
1 6
1 7
1 8
1 9
1 10
1 11
2 5
2 6
2 7
2 8
2 9
2 10
2 11
3 5
3 6
3 7
3 8
3 9
3 10
3 11
4 5
4 6
4 7
4 8
4 9
0
Yes
31 28
31 29
31 30
31 31
31 32
31 33
31 34
31 35
32 28
32 29
32 30
32 31
32 32
32 33
32 34
32 35
33 28
33 29
33 30
33 31
33 32
33 33
33 34
33 35
34 28
34 29
34 30
34 31
34 32
34 33
34 34
34 35
0
No
0
No
0
No
0
No
0
No
0
No
0
Yes
2 42
2 43
2 44
2 45
2 46
2 47
2 48
2 49
3 42
3 43
3 44
3 45
3 46
3 47
3 48
3 49
4 42
4 43
4 44
4 45
4 46
4 47
4 48
4 49
5 42
5 43
5 44
5 45
5 46
5 47
5 48
0
Yes
13 0
13 1
14 0
14 1
15 0
15 1
0
Yes
0 5
0 6
0 7
0 8
0 9
0 10
0 11
1 5
1 6
1 7
1 8
1 9
1 10
1 11
2 5
2 6
2 7
2 8
2 9
2 10
2 11
3 5
3 6
3 7
3 8
3 9
3 10
3 11
4 5
4 6
4 7
4 8
4 9
4 10
4 11
5 5
5 6
5 7
5 8
5 9
5 10
0
No
0
No
0
Yes
32 44
32 45
32 46
32 47
32 48
32 49
33 44
33 45
33 46
33 47
33 48
33 49
34 44
34 45
34 46
34 47
34 48
34 49
35 44
35 45
35 46
35 47
35 48
35 49
36 44
36 45
36 46
36 47
36 48
36 49
37 44
37 45
37 46
0
Yes
38 9
38 10
38 11
38 12
38 13
38 14
38 15
38 16
39 9
39 10
39 11
39 12
39 13
39 14
39 15
39 16
40 9
40 10
40 11
40 12
40 13
40 14
40 15
40 16
41 9
41 10
41 11
41 12
41 13
41 14
41 15
41 16
42 9
42 10
42 11
42 12
42 13
42 14
42 15
42 16
43 9
43 10
43 11
43 12
43 13
43 14
43 15
43 16
44 9
44 10
44 11
44 12
44 13
44 14
44 15
44 16
45 9
45 10
45 11
45 12
45 13
45 14
45 15
45 16
0
Yes
26 44
26 45
26 46
26 47
26 48
26 49
27 44
27 45
27 46
27 47
27 48
27 49
28 44
28 45
28 46
28 47
28 48
28 49
29 44
29 45
29 46
29 47
29 48
29 49
30 44
30 45
30 46
30 47
30 48
30 49
31 44
31 45
31 46
0
Yes
22 27
22 28
23 28
23 27
23 26
24 27
24 26
24 28
23 29
22 29
24 29
24 25
23 25
22 30
23 30
24 30
21 30
25 26
25 27
25 28
25 29
25 25
25 30
26 27
26 26
26 28
26 29
26 25
26 30
25 24
24 24
26 24
27 26
27 27
27 28
27 25
27 29
27 24
27 30
26 31
27 31
28 27
28 26
28 28
28 25
28 29
28 30
28 24
28 31
27 32
26 32
29 26
29 27
29 28
29 25
29 29
29 30
29 24
29 31
26 33
30 27
30 26
30 28
30 25
30 29
30 30
30 24
30 31
31 25
31 24
30 32
26 34
27 34
27 35
26 35
26 36
27 36
28 35
28 34
27 37
26 37
28 37
28 38
29 38
29 37
30 37
30 38
29 39
30 39
31 38
31 39
30 40
29 40
31 40
28 40
28 41
29 41
30 41
31 41
27 41
27 40
26 40
26 41
26 39
25 39
25 40
25 41
24 41
25 42
26 42
27 42
28 42
29 42
30 42
31 42
32 39
32 40
32 41
32 38
32 42
32 37
33 38
33 39
26 43
27 43
28 43
0
Yes
11 38
10 38
10 39
9 39
9 38
9 40
10 40
11 40
8 38
8 39
8 40
7 39
7 38
7 40
8 41
9 41
7 41
9 42
8 42
7 42
6 38
6 39
6 40
6 41
6 42
8 43
7 43
9 43
10 43
5 39
5 40
5 41
5 38
10 44
9 44
8 44
11 44
11 43
11 42
12 42
12 43
13 43
13 42
13 41
14 41
14 42
14 43
13 44
4 38
4 39
4 40
4 41
11 45
10 45
9 45
3 39
3 40
3 41
2 40
2 39
2 41
0
Yes
28 0
28 1
28 2
28 3
28 4
28 5
29 0
29 1
29 2
29 3
29 4
29 5
30 0
30 1
30 2
30 3
30 4
30 5
31 0
31 1
31 2
31 3
31 4
31 5
32 0
32 1
32 2
32 3
32 4
32 5
33 0
33 1
33 2
33 3
33 4
33 5
34 0
34 1
34 2
34 3
34 4
34 5
35 0
35 1
35 2
35 3
35 4
35 5
0
No
0
No
0
No
0
No
0
Yes
35 28
35 29
35 30
35 31
35 32
35 33
36 28
36 29
36 30
36 31
36 32
36 33
37 28
37 29
37 30
37 31
37 32
37 33
38 28
38 29
38 30
38 31
38 32
38 33
39 28
39 29
39 30
39 31
39 32
39 33
40 28
0
No
0
No
0
No
0
Yes
35 44
35 45
36 44
36 45
34 44
34 45
35 43
35 46
36 43
36 46
37 44
37 45
34 43
34 46
37 43
37 46
33 44
33 45
35 42
35 47
36 42
36 47
38 44
38 45
33 43
33 46
34 42
34 47
37 42
38 43
38 46
32 44
32 45
33 42
33 47
35 41
36 41
38 42
38 47
32 43
32 46
34 41
37 41
32 47
33 41
0
Yes
44 0
44 1
44 2
44 3
44 4
45 0
45 1
45 2
45 3
45 4
46 0
46 1
46 2
46 3
0
Yes
36 0
36 1
36 2
37 0
37 1
37 2
38 0
38 1
38 2
39 0
39 1
0
No
0
No
0
No
0
Yes
0 34
0 35
0 36
0 37
1 34
1 35
1 36
0
Yes
8 24
7 24
7 25
8 25
9 25
9 24
9 23
8 23
8 22
9 22
8 26
7 26
9 26
10 24
10 23
10 25
10 22
10 26
6 25
6 26
9 21
8 21
10 21
9 27
8 27
10 27
11 23
11 24
11 25
11 22
11 26
11 27
5 26
6 27
5 27
8 20
9 20
10 20
12 24
12 22
12 26
12 27
4 27
4 26
4 25
5 28
6 28
4 28
11 28
12 28
9 19
8 19
10 19
3 26
3 27
3 28
13 27
13 26
13 28
8 18
9 18
10 18
4 29
5 29
3 29
12 29
11 29
13 29
10 29
10 30
11 30
12 30
13 30
9 30
9 29
2 27
2 28
2 26
2 29
2 25
5 30
4 30
3 30
2 30
6 30
1 25
1 26
1 27
1 28
1 29
1 30
1 24
9 17
10 17
14 28
14 29
14 30
0 24
0 25
0 26
0 27
0 28
0 29
0 30
0
Yes
32 45
32 46
32 47
32 48
32 49
33 45
33 46
33 47
33 48
33 49
34 45
34 46
34 47
34 48
34 49
35 45
35 46
35 47
35 48
35 49
36 45
36 46
36 47
36 48
36 49
37 45
37 46
0
Yes
24 16
23 16
22 16
22 15
21 15
21 16
21 17
21 14
22 14
23 14
20 16
20 15
20 17
20 14
20 18
21 18
21 19
20 19
19 15
19 16
19 17
19 18
19 14
19 19
18 16
18 15
18 17
18 18
18 14
18 19
18 13
17 15
17 16
17 17
17 14
17 18
17 13
17 19
16 17
16 18
16 19
17 12
18 12
0
No
0
No
0
Yes
19 5
19 6
19 7
20 5
20 6
20 7
21 5
21 6
21 7
0
Yes
8 6
8 7
8 8
9 6
9 7
9 8
10 6
10 7
10 8
0
Yes
30 10
30 11
30 12
30 13
30 14
30 15
30 16
30 17
31 10
31 11
31 12
31 13
31 14
31 15
31 16
31 17
32 10
32 11
32 12
32 13
32 14
32 15
32 16
32 17
33 10
33 11
33 12
33 13
33 14
33 15
33 16
33 17
34 10
34 11
34 12
34 13
34 14
34 15
34 16
34 17
35 10
35 11
35 12
35 13
35 14
35 15
35 16
35 17
36 10
36 11
36 12
36 13
36 14
36 15
36 16
36 17
37 10
37 11
37 12
37 13
37 14
37 15
37 16
0
No
0
Yes
36 3
36 4
36 5
36 6
36 7
37 3
37 4
37 5
37 6
37 7
38 3
38 4
38 5
38 6
38 7
39 3
39 4
39 5
39 6
39 7
40 3
40 4
40 5
0
No
0
Yes
30 6
30 7
30 8
30 9
31 6
31 7
31 8
31 9
32 6
32 7
32 8
32 9
33 6
33 7
33 8
33 9
34 6
34 7
34 8
34 9
35 6
0
No
0
Yes
33 41
33 42
33 43
33 44
34 41
34 42
34 43
34 44
35 41
35 42
35 43
35 44
36 41
36 42
36 43
36 44
37 41
37 42
37 43
37 44
0
No
0
Yes
38 17
38 18
38 19
38 20
39 17
39 18
39 19
39 20
40 17
40 18
40 19
40 20
41 17
41 18
41 19
41 20
42 17
42 18
42 19
42 20
43 17
43 18
43 19
43 20
44 17
44 18
44 19
44 20
45 17
45 18
45 19
45 20
0
No
0
Yes
27 12
26 12
26 11
27 11
28 11
28 12
27 10
26 10
28 10
29 12
29 11
29 10
25 11
25 12
25 10
26 9
27 9
28 9
25 9
29 9
30 11
30 10
30 12
30 13
27 8
26 8
28 8
25 8
29 8
31 12
31 11
31 13
31 10
31 14
30 14
30 15
31 15
29 15
29 16
30 16
31 16
28 16
28 15
26 7
27 7
28 7
29 7
32 11
32 12
32 13
32 14
32 15
32 10
32 16
30 17
31 17
32 17
33 12
33 11
33 13
33 14
33 15
33 16
33 10
33 17
28 6
29 6
34 11
34 12
34 13
34 14
34 15
34 16
34 10
34 17
35 12
35 11
35 13
35 14
35 15
35 16
35 10
35 17
35 9
36 11
36 12
36 13
36 10
36 14
36 15
36 16
36 9
36 17
36 8
35 8
35 7
37 12
37 11
37 13
37 10
37 14
37 9
37 15
37 16
37 8
37 17
0
No
0
No
0
No
0
No
0
Yes
34 0
34 1
34 2
35 0
35 1
35 2
36 0
36 1
36 2
37 0
37 1
37 2
38 0
38 1
38 2
39 0
39 1
39 2
0
No
0
No
0
Yes
0 0
0 1
0 2
0 3
0 4
1 0
1 1
1 2
1 3
1 4
2 0
2 1
2 2
2 3
2 4
3 0
3 1
3 2
3 3
3 4
0
No
0
Yes
16 20
16 21
16 22
16 23
16 24
16 25
17 20
17 21
17 22
17 23
17 24
17 25
18 20
18 21
18 22
18 23
18 24
18 25
19 20
19 21
19 22
19 23
19 24
19 25
20 20
20 21
20 22
20 23
20 24
0
No
0
Yes
28 0
28 1
28 2
28 3
28 4
28 5
29 0
29 1
29 2
29 3
29 4
29 5
30 0
30 1
30 2
30 3
30 4
30 5
31 0
31 1
31 2
31 3
31 4
31 5
32 0
32 1
32 2
32 3
32 4
32 5
33 0
33 1
33 2
33 3
33 4
33 5
34 0
34 1
34 2
34 3
34 4
34 5
35 0
35 1
35 2
35 3
35 4
0
Yes
4 18
5 18
4 17
4 19
5 17
5 19
3 18
6 18
3 17
3 19
6 17
6 19
4 16
4 20
5 16
5 20
2 18
3 16
3 20
6 16
6 20
7 18
2 19
7 17
7 19
4 15
4 21
5 15
5 21
2 20
7 16
7 20
3 15
3 21
6 21
1 18
1 19
2 15
2 21
7 21
1 20
4 14
4 22
5 14
5 22
3 14
3 22
6 22
1 15
1 21
2 14
2 22
7 22
4 13
4 23
5 13
5 23
3 13
3 23
6 23
1 14
1 22
2 13
2 23
7 23
4 12
5 12
1 13
1 23
3 12
0
No
0
No
0
Yes
33 3
32 3
33 2
33 4
34 3
32 2
32 4
34 2
34 4
31 3
33 1
33 5
35 3
31 2
31 4
32 1
32 5
34 1
34 5
35 2
35 4
31 1
31 5
35 1
35 5
30 3
33 0
30 2
30 4
32 0
34 0
36 2
30 1
30 5
31 0
35 0
36 1
29 3
29 2
29 4
37 2
30 0
36 0
29 1
29 5
37 1
28 3
29 0
37 0
28 2
28 4
28 1
28 5
28 0
0
Yes
38 44
38 45
38 46
38 47
39 44
39 45
39 46
0
No
0
No
0
Yes
47 42
47 43
47 44
47 45
47 46
47 47
48 42
48 43
48 44
48 45
48 46
48 47
49 42
49 43
49 44
49 45
49 46
0
Yes
19 9
19 10
19 11
19 12
19 13
19 14
19 15
19 16
20 9
20 10
20 11
20 12
20 13
20 14
20 15
20 16
21 9
21 10
21 11
21 12
21 13
21 14
21 15
21 16
22 9
22 10
22 11
22 12
22 13
22 14
22 15
22 16
23 9
23 10
23 11
23 12
23 13
0
No
0
No
0
Yes
0 26
0 27
0 28
0 29
0 30
1 26
1 27
1 28
1 29
1 30
2 26
2 27
2 28
2 29
2 30
3 26
3 27
3 28
3 29
3 30
4 26
4 27
4 28
4 29
4 30
5 26
5 27
5 28
5 29
5 30
0
No
0
No
0
No
0
No
0
No
0
Yes
30 18
30 19
30 20
30 21
30 22
30 23
31 18
31 19
31 20
31 21
31 22
31 23
32 18
32 19
32 20
32 21
32 22
32 23
33 18
33 19
33 20
33 21
33 22
33 23
34 18
34 19
34 20
34 21
34 22
34 23
35 18
35 19
35 20
35 21
35 22
35 23
36 18
36 19
36 20
36 21
36 22
36 23
37 18
37 19
37 20
0
No
0
Yes
30 15
29 15
29 16
30 16
31 16
31 15
31 14
30 14
30 13
31 13
30 17
31 17
32 15
32 14
32 16
32 13
32 17
28 16
28 15
31 12
30 12
32 12
29 12
33 14
33 15
33 16
33 13
33 17
33 12
30 11
31 11
32 11
29 11
33 11
34 15
34 14
34 16
34 13
34 12
34 17
34 11
28 11
28 12
27 12
27 11
29 10
30 10
31 10
28 10
32 10
33 10
27 10
34 10
35 14
35 15
35 16
35 13
35 12
35 11
35 17
35 10
26 11
26 12
26 10
25 12
25 11
25 10
36 15
36 14
36 16
36 13
36 12
36 11
36 17
36 10
28 9
29 9
27 9
26 9
25 9
29 8
28 8
27 8
26 8
25 8
37 14
37 15
37 16
37 13
37 12
37 11
37 17
37 10
24 11
24 10
24 9
24 12
0
No
0
No
0
Yes
2 38
1 38
1 37
1 39
2 39
3 39
2 40
3 40
0 39
0 38
0 40
4 40
4 39
4 38
5 38
5 39
5 40
3 41
4 41
2 41
5 41
2 42
3 42
4 42
5 42
6 39
6 40
6 41
6 38
6 42
7 38
7 39
7 40
7 41
7 42
3 43
4 43
5 43
2 43
1 43
2 44
3 44
4 44
1 44
5 44
8 39
8 40
8 41
8 38
8 42
0 44
0 43
0 42
0 41
9 38
9 39
9 40
9 41
9 42
1 45
2 45
3 45
4 45
0 45
5 45
7 43
8 43
9 43
2 46
1 46
3 46
4 46
5 46
10 39
10 40
10 38
8 44
9 44
11 38
3 47
2 47
4 47
5 47
11 40
10 43
10 44
9 45
10 45
2 48
3 48
4 48
5 48
6 48
11 44
11 43
11 45
11 42
12 42
12 43
3 49
4 49
5 49
2 49
6 49
1 49
7 49
13 43
13 42
13 41
14 41
14 42
14 43
13 44
15 42
15 41
15 43
15 44
16 41
16 42
16 43
16 44
17 42
17 43
17 41
17 44
16 45
15 45
17 45
0
No
0
Yes
22 22
21 22
21 21
22 21
21 23
22 23
23 21
23 22
23 23
22 20
21 20
23 20
22 24
21 24
23 24
24 22
24 21
24 23
24 20
21 19
22 19
23 19
24 19
25 21
25 22
25 20
25 23
25 19
20 19
22 18
21 18
23 18
24 18
20 18
26 22
26 21
26 20
26 23
26 19
19 18
19 19
18 19
18 18
21 17
20 17
19 17
18 17
27 21
27 22
27 20
27 23
27 19
26 18
27 18
28 22
28 21
28 23
17 18
17 19
17 17
16 19
16 18
16 17
27 17
29 21
29 22
29 23
0
No
0
No
0
No
0
Yes
7 6
7 7
7 8
8 6
8 7
8 8
9 6
9 7
9 8
10 6
10 7
10 8
11 6
0
Yes
43 0
43 1
43 2
44 0
44 1
44 2
45 0
45 1
45 2
46 0
46 1
46 2
0
Yes
24 21
24 22
25 21
25 22
23 21
23 22
24 20
24 23
25 20
25 23
26 21
26 22
23 20
23 23
26 20
26 23
22 21
22 22
24 19
25 19
27 21
27 22
22 20
22 23
23 19
23 24
26 19
27 20
27 23
21 21
21 22
22 19
22 24
24 18
27 19
21 20
21 23
23 18
26 18
21 19
21 24
22 18
27 18
21 18
0
Yes
31 28
31 29
31 30
31 31
31 32
31 33
32 28
32 29
32 30
32 31
32 32
32 33
33 28
33 29
33 30
33 31
33 32
33 33
34 28
34 29
34 30
34 31
34 32
34 33
35 28
35 29
35 30
35 31
35 32
35 33
36 28
36 29
36 30
36 31
36 32
36 33
37 28
37 29
37 30
37 31
0
Yes
31 34
31 35
32 34
32 35
33 34
33 35
34 34
34 35
0
No
0
No
0
Yes
8 0
8 1
8 2
9 0
9 1
9 2
10 0
10 1
10 2
11 0
0
Yes
43 26
42 26
42 25
43 25
42 27
43 27
44 25
44 26
44 27
43 24
42 24
44 24
43 28
42 28
44 28
45 26
45 25
45 27
45 24
45 28
41 25
41 26
41 27
41 24
41 28
40 26
40 25
40 27
40 24
40 28
42 23
43 23
44 23
41 23
45 23
40 23
46 25
46 26
46 27
46 24
46 28
46 23
43 22
42 22
44 22
41 22
45 22
40 22
46 22
47 26
47 25
47 27
47 24
47 23
47 28
39 27
39 26
39 28
39 24
39 23
39 22
38 26
38 27
38 28
39 29
38 29
42 21
43 21
44 21
41 21
40 21
39 21
48 25
48 26
48 27
48 24
48 28
48 23
38 23
38 22
38 24
38 21
49 26
49 25
49 27
49 24
49 28
49 23
38 30
39 30
39 31
38 31
48 22
37 22
37 21
0
No
0
Yes
38 32
38 33
38 34
38 35
38 36
39 32
39 33
39 34
39 35
39 36
0
Yes
27 17
27 18
26 18
26 19
27 19
25 19
27 20
26 20
25 20
26 21
27 21
25 21
28 21
24 20
24 19
24 21
24 18
23 18
23 19
23 20
23 21
27 22
26 22
25 22
24 22
28 22
23 22
22 19
22 20
22 21
22 18
22 22
29 22
29 21
29 20
21 18
21 19
21 20
21 21
21 22
21 17
26 23
27 23
28 23
25 23
24 23
23 23
22 23
29 23
21 23
20 17
20 18
20 19
19 18
19 17
19 19
23 24
22 24
21 24
18 17
18 18
18 19
18 16
22 25
17 16
17 17
17 18
17 19
17 15
18 15
18 14
17 14
17 13
18 13
18 12
17 12
16 17
16 18
16 19
17 11
18 11
18 10
17 10
16 12
16 11
16 10
17 9
18 9
16 9
0
Yes
13 11
13 12
13 13
14 11
14 12
14 13
15 11
0
No
0
Yes
20 31
20 32
20 33
20 34
20 35
20 36
20 37
20 38
20 39
20 40
21 31
21 32
21 33
21 34
21 35
21 36
21 37
21 38
21 39
21 40
22 31
22 32
22 33
22 34
22 35
22 36
22 37
22 38
22 39
22 40
23 31
23 32
23 33
23 34
23 35
23 36
23 37
23 38
23 39
23 40
24 31
24 32
24 33
24 34
24 35
24 36
24 37
24 38
24 39
24 40
0
No
0
Yes
26 43
26 44
26 45
26 46
26 47
26 48
26 49
27 43
27 44
27 45
27 46
27 47
27 48
27 49
28 43
28 44
28 45
28 46
28 47
28 48
28 49
29 43
29 44
29 45
29 46
29 47
29 48
29 49
30 43
30 44
30 45
30 46
30 47
30 48
30 49
31 43
31 44
31 45
31 46
31 47
0
Yes
45 42
45 43
45 44
45 45
45 46
45 47
46 42
46 43
46 44
46 45
46 46
46 47
47 42
47 43
47 44
47 45
47 46
47 47
48 42
48 43
48 44
48 45
48 46
48 47
49 42
49 43
49 44
49 45
49 46
0
Yes
0 0
0 1
0 2
1 0
1 1
1 2
2 0
2 1
2 2
3 0
3 1
0
No
0
Yes
37 0
37 1
37 2
38 0
38 1
38 2
39 0
39 1
39 2
0
No
0
Yes
46 8
46 9
46 10
46 11
46 12
46 13
46 14
46 15
47 8
47 9
47 10
47 11
47 12
47 13
47 14
47 15
48 8
48 9
48 10
48 11
48 12
48 13
48 14
48 15
49 8
49 9
49 10
49 11
49 12
49 13
49 14
49 15
0
Yes
31 34
31 35
32 34
32 35
33 34
33 35
34 34
0
Yes
25 3
24 3
24 2
25 2
24 4
25 4
26 2
26 3
26 4
25 1
26 1
25 5
24 5
26 5
27 3
27 2
27 4
27 1
27 5
23 2
23 3
23 4
23 5
22 3
22 4
22 2
22 5
26 0
25 0
27 0
24 0
26 6
27 6
28 2
28 3
28 4
28 1
28 5
28 0
28 6
23 6
22 6
29 3
29 2
29 4
29 1
29 5
29 0
29 6
21 5
21 6
27 7
28 7
26 7
29 7
30 2
30 3
30 4
30 1
30 5
30 0
21 7
20 6
20 5
20 7
31 3
31 2
31 4
31 1
31 5
31 0
19 5
19 6
19 7
32 2
32 3
32 4
32 1
32 5
32 0
18 6
18 5
18 7
19 8
18 8
33 3
33 2
33 4
33 1
33 5
33 0
17 5
17 6
17 7
17 8
17 4
34 2
34 3
34 4
34 1
34 5
34 0
16 6
16 5
16 7
16 8
35 3
35 2
35 4
35 1
35 5
35 0
0
Yes
33 18
33 19
33 20
33 21
33 22
33 23
33 24
34 18
34 19
34 20
34 21
34 22
34 23
34 24
35 18
35 19
35 20
35 21
35 22
35 23
35 24
36 18
36 19
36 20
36 21
36 22
36 23
0
Yes
26 26
26 27
27 26
27 27
25 26
25 27
26 25
26 28
27 25
27 28
28 26
28 27
25 25
25 28
28 25
28 28
24 26
24 27
26 24
26 29
27 24
27 29
29 26
29 27
24 25
24 28
25 24
25 29
28 24
28 29
29 25
29 28
23 26
23 27
24 24
24 29
26 23
26 30
27 23
27 30
29 24
29 29
30 26
30 27
23 25
23 28
25 23
25 30
28 23
28 30
30 25
30 28
23 24
23 29
24 23
24 30
29 23
29 30
30 24
30 29
22 27
26 22
26 31
27 22
27 31
22 25
22 28
25 22
25 31
28 22
28 31
23 23
23 30
30 23
30 30
22 24
22 29
24 22
29 22
29 31
26 21
27 21
22 23
22 30
23 22
25 21
28 21
30 22
30 31
24 21
0
Yes
25 34
25 35
25 36
26 34
26 35
26 36
27 34
27 35
27 36
28 34
28 35
0
Yes
16 19
16 20
16 21
16 22
16 23
16 24
16 25
17 19
17 20
17 21
17 22
17 23
17 24
17 25
18 19
18 20
18 21
18 22
18 23
18 24
18 25
19 19
19 20
19 21
19 22
19 23
19 24
19 25
0
No
0
Yes
13 30
13 31
13 32
13 33
13 34
14 30
14 31
14 32
14 33
14 34
15 30
15 31
15 32
15 33
15 34
16 30
16 31
16 32
16 33
16 34
17 30
17 31
17 32
17 33
17 34
18 30
18 31
18 32
18 33
18 34
19 30
19 31
19 32
0
Yes
32 41
32 42
32 43
32 44
33 41
33 42
33 43
33 44
34 41
34 42
34 43
34 44
35 41
35 42
35 43
35 44
36 41
36 42
36 43
36 44
37 41
37 42
37 43
0
No
0
Yes
7 49
6 49
6 48
5 48
5 49
5 47
4 49
4 48
4 47
3 48
3 49
3 47
4 46
5 46
3 46
5 45
4 45
3 45
2 49
2 48
2 47
2 46
2 45
4 44
3 44
5 44
2 44
5 43
4 43
3 43
2 43
1 46
1 45
1 44
1 43
4 42
3 42
2 42
5 42
6 42
0 45
0 44
0 43
6 41
5 41
4 41
3 41
2 41
7 41
7 42
7 43
8 43
8 42
8 41
8 44
9 44
9 43
9 42
9 41
9 45
10 45
10 44
10 43
11 44
11 45
11 43
12 43
11 42
12 42
7 40
6 40
8 40
5 40
4 40
3 40
9 40
2 40
13 42
13 43
13 44
14 43
14 42
10 40
0 42
13 41
14 41
6 39
7 39
8 39
5 39
9 39
4 39
3 39
10 39
2 39
15 42
15 43
15 41
15 44
16 44
16 43
16 42
16 41
16 45
15 45
17 45
17 44
17 43
17 42
17 41
17 46
7 38
6 38
8 38
5 38
9 38
4 38
10 38
14 40
15 40
16 40
17 40
18 46
18 45
18 44
18 43
18 42
18 41
0
No
0
Yes
17 38
16 38
17 37
17 39
18 38
16 37
16 39
18 37
18 39
15 38
17 36
19 38
15 37
15 39
16 36
18 36
18 40
19 37
19 39
15 36
19 36
19 40
14 38
17 35
14 37
14 39
16 35
18 35
14 36
15 35
19 35
14 35
0
Yes
7 6
7 7
7 8
8 6
8 7
8 8
9 6
9 7
9 8
10 6
10 7
10 8
11 6
0
No
0
No
0
Yes
23 25
22 25
22 24
23 24
24 24
24 25
24 26
23 26
23 23
22 23
24 23
23 27
24 27
25 25
25 24
25 26
25 23
25 27
21 24
21 23
22 27
22 22
23 22
24 22
21 22
25 22
22 28
23 28
24 28
25 28
26 24
26 25
26 26
26 23
26 27
26 22
26 28
20 23
20 24
20 22
23 21
22 21
24 21
21 21
25 21
20 21
26 21
23 29
24 29
25 29
22 29
26 29
27 25
27 24
27 26
27 23
27 27
27 22
27 28
27 21
27 29
22 20
23 20
24 20
21 20
25 20
26 20
20 20
27 20
22 30
23 30
24 30
25 30
26 30
27 30
28 24
28 25
28 26
28 23
28 27
28 22
28 28
28 21
28 29
28 30
21 30
23 19
22 19
24 19
21 19
25 19
26 19
20 19
27 19
29 25
29 24
29 26
29 23
29 27
29 22
29 28
29 29
29 21
29 30
25 31
26 31
27 31
28 31
29 31
22 18
23 18
24 18
21 18
20 18
30 24
30 25
30 26
30 23
30 27
30 22
30 28
30 29
30 30
30 21
30 31
26 18
27 18
26 32
27 32
25 32
29 20
30 20
31 25
31 24
31 23
31 22
31 21
31 20
19 18
21 17
20 17
19 17
25 33
26 33
0
No
0
Yes
11 22
10 22
10 21
10 23
11 23
11 24
10 24
9 21
9 22
9 23
9 24
12 24
9 20
10 20
8 22
8 21
8 23
8 20
8 24
10 19
9 19
8 19
10 25
11 25
9 25
8 25
11 26
10 26
9 26
8 26
12 26
7 24
7 25
7 26
9 18
10 18
8 18
10 17
9 17
10 27
11 27
9 27
8 27
12 27
13 27
13 26
6 25
6 26
11 28
12 28
0
Yes
14 0
14 1
15 0
15 1
0
No
0
No
0
No
0
No
0
Yes
25 40
25 39
26 39
26 40
26 41
25 41
24 41
25 42
26 42
27 40
27 41
27 42
28 41
28 40
28 42
29 40
29 41
29 42
29 39
30 39
30 40
30 41
30 42
30 38
29 38
28 38
28 37
29 37
30 37
27 37
31 40
31 39
31 41
31 38
31 42
32 39
32 40
32 41
32 38
32 42
32 37
32 43
33 41
33 42
33 43
33 38
33 39
33 44
32 44
34 42
34 43
34 41
34 44
35 41
35 42
35 43
35 44
36 42
36 43
36 41
36 44
37 41
37 42
37 43
37 44
38 42
38 43
0
No
0
No
0
No
0
No
0
No
0
Yes
46 5
46 6
46 7
47 5
47 6
47 7
48 5
48 6
48 7
49 5
49 6
49 7
0
No
0
Yes
32 15
32 16
32 17
32 18
32 19
32 20
32 21
32 22
32 23
33 15
33 16
33 17
33 18
33 19
33 20
33 21
33 22
33 23
34 15
34 16
34 17
34 18
34 19
34 20
34 21
34 22
34 23
35 15
35 16
35 17
35 18
35 19
35 20
35 21
35 22
35 23
36 15
36 16
36 17
36 18
36 19
36 20
36 21
36 22
36 23
37 15
37 16
37 17
37 18
37 19
37 20
0
No
0
Yes
6 10
6 11
6 12
6 13
7 10
7 11
7 12
7 13
8 10
8 11
8 12
8 13
9 10
9 11
9 12
0
Yes
42 29
42 30
42 31
42 32
42 33
42 34
42 35
42 36
42 37
43 29
43 30
43 31
43 32
43 33
43 34
43 35
43 36
43 37
44 29
44 30
44 31
44 32
44 33
44 34
44 35
44 36
44 37
45 29
45 30
45 31
45 32
45 33
45 34
45 35
45 36
45 37
46 29
46 30
46 31
46 32
46 33
46 34
46 35
46 36
46 37
47 29
47 30
47 31
47 32
47 33
47 34
47 35
47 36
47 37
48 29
48 30
48 31
48 32
48 33
48 34
48 35
48 36
48 37
49 29
49 30
49 31
49 32
49 33
49 34
49 35
49 36
0
Yes
10 26
9 26
9 25
10 25
9 27
10 27
11 25
11 26
11 27
10 24
9 24
11 24
12 26
12 27
8 25
8 26
8 27
8 24
11 28
12 28
12 24
7 26
7 25
7 24
9 23
10 23
11 23
8 23
13 27
13 26
13 28
12 29
11 29
13 29
10 29
10 22
9 22
11 22
8 22
10 30
11 30
12 30
6 25
6 26
6 27
9 30
9 29
12 22
14 28
14 29
9 21
10 21
8 21
9 31
10 31
11 31
12 31
8 31
15 29
15 28
15 27
10 20
9 20
8 20
10 32
9 32
11 32
8 32
12 32
7 32
7 31
7 30
6 30
6 31
6 32
5 31
5 32
9 19
10 19
8 19
9 33
10 33
11 33
8 33
7 33
6 33
12 33
5 33
10 18
9 18
8 18
10 34
9 34
11 34
8 34
7 34
6 34
12 34
5 34
4 32
4 33
4 31
4 34
9 17
10 17
9 35
10 35
11 35
8 35
7 35
6 35
5 35
12 35
4 35
13 35
10 36
9 36
11 36
8 36
12 36
7 36
6 36
5 36
13 36
4 36
9 37
10 37
11 37
8 37
12 37
7 37
6 37
5 37
4 37
3 35
3 36
11 38
6 28
13 22
15 26
16 29
17 29
17 28
0
Yes
33 10
33 11
34 10
34 11
32 10
32 11
33 9
33 12
34 9
34 12
35 10
35 11
32 9
32 12
35 9
35 12
31 10
31 11
33 8
33 13
34 8
34 13
36 10
36 11
31 9
31 12
32 8
32 13
35 8
35 13
36 9
36 12
30 10
30 11
31 8
31 13
33 7
33 14
34 7
34 14
36 8
36 13
37 10
37 11
30 9
30 12
32 7
32 14
35 7
35 14
37 9
37 12
30 8
30 13
31 7
31 14
36 14
37 8
37 13
29 10
29 11
33 6
34 6
29 9
29 12
32 6
35 6
30 7
30 14
37 14
29 8
0
Yes
13 11
13 12
13 13
14 11
14 12
14 13
15 11
0
Yes
43 41
42 41
42 40
43 40
42 42
43 42
44 40
44 41
44 42
43 39
42 39
44 39
43 43
44 43
45 41
45 40
45 42
45 39
45 43
41 40
41 41
41 39
40 41
40 40
40 39
42 38
43 38
44 38
41 38
45 38
40 38
44 44
45 44
46 40
46 41
46 42
46 39
46 43
46 38
46 44
47 41
47 40
47 42
47 39
47 43
47 38
47 44
39 40
39 39
39 38
41 37
40 37
39 37
45 45
46 45
47 45
48 40
48 41
48 42
48 39
48 43
48 44
48 38
48 45
38 39
40 36
41 36
46 46
47 46
45 46
48 46
44 46
49 41
49 40
49 42
49 39
49 43
49 44
49 45
49 38
49 46
44 47
45 47
46 47
47 47
48 47
43 47
43 46
42 46
42 47
41 35
40 35
0
Yes
16 19
16 20
16 21
16 22
16 23
16 24
16 25
17 19
17 20
17 21
17 22
17 23
17 24
17 25
18 19
18 20
18 21
18 22
18 23
18 24
18 25
19 19
19 20
19 21
19 22
19 23
19 24
19 25
0
No
0
No
0
No
0
Yes
45 25
45 26
44 25
44 26
46 25
46 26
45 24
45 27
44 24
44 27
46 24
46 27
43 25
43 26
47 25
47 26
43 24
43 27
45 23
45 28
47 24
47 27
44 23
44 28
46 23
46 28
42 25
42 26
48 25
48 26
43 23
43 28
47 23
47 28
42 24
42 27
48 24
48 27
45 22
44 22
46 22
42 23
42 28
48 23
48 28
41 25
41 26
43 22
49 25
49 26
41 24
41 27
49 24
49 27
42 22
44 21
48 22
41 23
41 28
49 23
49 28
43 21
40 25
40 26
40 24
40 27
41 22
41 29
42 21
40 23
40 28
41 21
40 22
40 29
0
No
0
No
0
Yes
30 15
30 16
30 17
30 18
30 19
31 15
31 16
31 17
31 18
31 19
32 15
32 16
32 17
32 18
32 19
33 15
33 16
33 17
33 18
33 19
34 15
34 16
34 17
34 18
34 19
35 15
35 16
35 17
35 18
35 19
36 15
36 16
36 17
36 18
36 19
37 15
37 16
37 17
0
Yes
25 8
25 9
25 10
25 11
25 12
26 8
26 9
26 10
26 11
26 12
27 8
27 9
27 10
27 11
27 12
28 8
28 9
28 10
28 11
0
Yes
46 8
46 9
46 10
46 11
46 12
47 8
47 9
47 10
47 11
47 12
48 8
48 9
48 10
48 11
48 12
49 8
49 9
49 10
49 11
0
No
0
Yes
7 19
6 19
6 18
7 18
6 20
7 20
8 18
8 19
8 20
7 17
6 17
7 21
6 21
8 21
9 19
9 20
9 18
9 21
5 18
5 19
5 20
5 17
5 21
9 17
4 19
4 18
4 20
4 17
4 21
6 16
5 16
7 16
4 16
6 22
7 22
8 22
5 22
9 22
4 22
10 18
10 19
10 20
10 21
10 17
10 22
7 23
6 23
8 23
5 23
9 23
4 23
10 23
3 18
3 19
3 20
3 17
3 21
3 22
3 16
3 23
5 15
4 15
3 15
2 19
2 18
2 20
2 21
2 22
2 23
11 22
11 23
8 24
7 24
9 24
10 24
11 24
4 14
5 14
3 14
6 14
7 25
8 25
9 25
10 25
11 25
1 18
1 19
1 20
1 21
1 22
1 23
6 13
5 13
4 13
3 13
7 13
7 14
6 25
2 15
2 14
2 13
0 19
0 20
0 21
0 22
0 23
7 12
6 12
5 12
4 12
3 12
2 12
6 26
7 26
8 26
9 26
10 26
11 26
0
No
0
No
0
Yes
8 34
9 34
8 33
8 35
9 33
9 35
7 34
10 34
7 33
7 35
10 33
10 35
8 32
8 36
9 32
9 36
6 34
7 32
7 36
10 32
10 36
11 34
6 33
6 35
11 33
11 35
8 31
8 37
9 31
9 37
6 32
6 36
11 32
11 36
7 31
7 37
10 31
10 37
5 34
12 34
5 33
5 35
12 33
12 35
6 31
6 37
11 31
11 37
5 32
5 36
9 30
12 32
12 36
7 30
10 30
4 34
4 33
4 35
5 31
5 37
12 31
12 37
6 30
11 30
4 32
4 36
12 30
4 31
4 37
0
Yes
1 4
0 4
0 3
1 3
2 3
2 4
3 4
3 3
3 2
4 3
4 4
4 2
5 4
5 3
5 2
4 1
6 3
6 4
6 2
6 5
7 4
7 3
7 5
7 2
7 1
8 3
8 2
8 1
8 0
7 0
9 2
9 1
9 3
9 0
9 4
10 1
10 2
10 0
11 0
6 6
6 7
6 8
6 9
7 9
7 10
6 10
6 11
7 11
5 11
8 10
8 9
8 11
8 12
9 11
9 10
9 12
10 10
8 13
12 0
13 0
13 1
14 1
14 0
15 0
15 1
0
Yes
18 21
17 21
17 20
18 20
17 22
18 22
19 20
19 21
19 22
18 19
17 19
19 19
18 23
17 23
19 23
16 20
16 21
16 22
16 19
16 23
15 22
15 23
17 18
18 18
16 18
17 24
18 24
16 24
19 24
18 17
17 17
16 17
18 25
17 25
19 25
16 25
17 16
18 16
18 15
17 15
17 14
18 14
18 13
17 13
17 12
18 12
16 12
18 11
17 11
16 11
0
No
0
No
0
No
0
Yes
0 2
0 3
0 4
0 5
0 6
0 7
0 8
1 2
1 3
1 4
1 5
1 6
1 7
1 8
2 2
2 3
2 4
2 5
2 6
2 7
2 8
3 2
3 3
3 4
3 5
3 6
3 7
3 8
4 2
4 3
4 4
4 5
4 6
4 7
4 8
5 2
5 3
5 4
5 5
5 6
5 7
5 8
6 2
6 3
6 4
6 5
6 6
6 7
6 8
7 2
7 3
7 4
0
Yes
46 39
45 39
45 38
46 38
45 40
46 40
47 38
47 39
47 40
46 41
45 41
47 41
48 39
48 40
48 38
48 41
44 38
44 39
44 40
44 41
43 39
43 40
43 38
43 41
45 42
46 42
47 42
44 42
48 42
43 42
49 38
49 39
49 40
49 41
49 42
49 37
46 43
45 43
47 43
44 43
48 43
43 43
49 43
42 38
42 39
42 40
42 41
42 42
41 39
41 40
41 41
41 38
45 44
46 44
47 44
44 44
48 44
49 44
41 37
46 45
45 45
47 45
48 45
49 45
40 38
40 39
40 40
40 37
40 41
40 36
41 36
41 35
40 35
39 39
39 38
39 40
39 37
39 36
39 35
45 46
46 46
47 46
48 46
49 46
44 46
40 34
41 34
39 34
41 33
40 33
39 33
46 47
45 47
47 47
48 47
44 47
38 36
38 35
38 34
0
No
0
Yes
13 0
13 1
14 0
14 1
15 0
15 1
0
Yes
38 44
38 45
38 46
38 47
39 44
39 45
39 46
0
No
0
Yes
11 15
11 16
11 17
11 18
11 19
11 20
11 21
12 15
12 16
12 17
12 18
12 19
12 20
12 21
13 15
13 16
13 17
13 18
13 19
13 20
13 21
14 15
14 16
14 17
14 18
14 19
14 20
14 21
15 15
15 16
15 17
15 18
15 19
15 20
15 21
16 15
16 16
16 17
16 18
16 19
16 20
16 21
17 15
17 16
17 17
17 18
17 19
17 20
17 21
0
Yes
38 9
38 10
38 11
38 12
38 13
38 14
38 15
38 16
38 17
38 18
38 19
38 20
39 9
39 10
39 11
39 12
39 13
39 14
39 15
39 16
39 17
39 18
39 19
39 20
40 9
40 10
40 11
40 12
40 13
40 14
40 15
40 16
40 17
40 18
40 19
40 20
41 9
41 10
41 11
41 12
41 13
41 14
41 15
41 16
41 17
41 18
41 19
41 20
42 9
42 10
42 11
42 12
42 13
42 14
42 15
42 16
42 17
42 18
42 19
42 20
43 9
43 10
43 11
43 12
43 13
43 14
43 15
43 16
43 17
43 18
43 19
43 20
44 9
44 10
44 11
44 12
44 13
44 14
44 15
44 16
44 17
44 18
44 19
44 20
45 9
45 10
45 11
45 12
45 13
45 14
45 15
45 16
45 17
0
No
0
Yes
32 0
32 1
32 2
32 3
32 4
32 5
33 0
33 1
33 2
33 3
33 4
33 5
34 0
34 1
34 2
34 3
34 4
34 5
35 0
35 1
35 2
35 3
35 4
35 5
36 0
36 1
36 2
36 3
36 4
36 5
37 0
37 1
37 2
37 3
37 4
37 5
38 0
38 1
38 2
38 3
38 4
38 5
39 0
39 1
39 2
39 3
39 4
39 5
0
No
0
No
0
No
0
Yes
24 2
23 2
23 3
24 3
25 3
25 2
25 1
24 4
23 4
25 4
26 2
26 3
26 1
26 4
22 3
22 2
22 4
26 0
25 0
24 0
23 5
24 5
25 5
22 5
26 5
27 1
27 2
27 3
27 4
27 0
27 5
28 2
28 1
28 3
28 4
28 0
28 5
21 5
22 6
23 6
21 6
26 6
27 6
28 6
29 1
29 2
29 3
29 4
29 5
29 0
29 6
20 6
20 5
19 5
19 6
21 7
20 7
19 7
27 7
28 7
26 7
29 7
30 2
30 1
30 3
30 4
30 5
30 6
30 0
31 1
31 2
31 3
31 4
31 5
31 0
31 6
18 6
18 5
18 7
0
Yes
31 27
31 28
32 28
32 27
32 29
31 29
33 29
33 28
31 30
32 30
33 30
34 28
34 29
34 30
34 27
35 27
35 28
35 29
35 30
32 31
33 31
34 31
31 31
35 31
35 26
34 26
34 25
31 32
32 32
33 32
34 32
35 32
30 32
36 26
36 28
36 29
36 30
36 31
36 32
32 33
31 33
33 33
34 33
35 33
36 33
37 29
37 30
37 31
37 32
37 28
37 33
31 34
32 34
33 34
34 34
38 28
38 29
38 30
38 31
38 32
38 33
38 27
39 27
39 28
39 29
39 30
39 31
39 32
32 35
33 35
31 35
34 35
39 26
38 26
35 35
33 36
34 36
40 30
40 31
40 32
41 31
41 30
41 32
34 24
33 24
33 23
34 23
32 23
35 24
35 23
32 22
33 22
34 22
35 22
33 21
34 21
32 21
35 21
36 23
36 22
36 21
32 20
33 20
34 20
35 20
36 20
37 22
37 21
37 20
33 19
34 19
35 19
36 19
32 19
37 19
31 19
31 18
32 18
33 18
0
Yes
17 18
16 18
16 17
17 17
16 19
17 19
18 17
18 18
18 19
17 16
16 16
18 16
17 20
16 20
18 20
15 17
15 18
15 19
15 16
15 20
19 19
19 20
14 18
14 17
14 19
14 16
14 20
16 15
17 15
15 15
18 15
14 15
16 21
17 21
18 21
15 21
19 21
14 21
17 14
18 14
17 22
16 22
18 22
15 22
19 22
13 17
13 18
13 19
13 16
13 20
13 15
13 21
12 18
12 17
12 19
12 16
12 20
12 15
12 21
16 23
17 23
18 23
15 23
19 23
18 13
17 13
13 22
12 22
17 12
18 12
17 24
16 24
18 24
19 24
11 17
11 18
11 19
11 16
11 20
11 21
11 15
16 12
12 14
11 14
16 11
17 11
18 11
16 25
17 25
18 25
19 25
15 11
17 10
16 10
18 10
0
No
0
Yes
0 4
0 5
0 6
0 7
0 8
0 9
0 10
0 11
1 4
1 5
1 6
1 7
1 8
1 9
1 10
1 11
2 4
2 5
2 6
2 7
2 8
2 9
2 10
2 11
3 4
3 5
3 6
3 7
3 8
3 9
3 10
3 11
4 4
4 5
4 6
4 7
4 8
4 9
4 10
4 11
5 4
5 5
5 6
5 7
5 8
5 9
5 10
5 11
6 4
6 5
6 6
6 7
6 8
6 9
6 10
6 11
7 4
7 5
0
Yes
29 46
29 47
28 46
28 47
30 46
30 47
29 45
29 48
28 45
28 48
30 45
30 48
27 46
27 47
31 46
31 47
27 45
27 48
29 44
29 49
31 45
31 48
28 44
28 49
30 44
30 49
26 46
26 47
27 44
27 49
31 44
31 49
26 45
26 48
29 43
28 43
30 43
26 44
26 49
25 47
27 43
31 43
25 45
25 48
26 43
0
No
0
No
0
No
0
No
0
Yes
4 31
4 32
4 33
4 34
4 35
4 36
4 37
4 38
4 39
4 40
4 41
4 42
5 31
5 32
5 33
5 34
5 35
5 36
5 37
5 38
5 39
5 40
5 41
5 42
6 31
6 32
6 33
6 34
6 35
6 36
6 37
6 38
6 39
6 40
6 41
6 42
7 31
7 32
7 33
7 34
7 35
7 36
7 37
7 38
7 39
7 40
7 41
7 42
8 31
8 32
8 33
8 34
8 35
8 36
8 37
8 38
8 39
8 40
8 41
8 42
9 31
9 32
9 33
9 34
9 35
9 36
9 37
9 38
9 39
9 40
9 41
9 42
10 31
10 32
10 33
10 34
10 35
10 36
10 37
0
Yes
31 29
31 30
31 31
31 32
31 33
31 34
31 35
32 29
32 30
32 31
32 32
32 33
32 34
32 35
33 29
33 30
33 31
33 32
33 33
33 34
33 35
34 29
34 30
34 31
34 32
34 33
34 34
34 35
35 29
35 30
35 31
35 32
35 33
0
Yes
41 14
42 14
41 13
41 15
42 13
42 15
40 14
43 14
40 13
40 15
43 13
43 15
41 12
41 16
42 12
42 16
39 14
40 12
40 16
43 12
43 16
44 14
39 13
39 15
44 13
44 15
41 11
41 17
42 11
42 17
39 12
39 16
44 12
44 16
40 11
40 17
43 11
43 17
38 14
45 14
38 13
38 15
45 13
45 15
39 11
39 17
44 11
44 17
38 12
38 16
41 10
41 18
42 10
42 18
45 12
45 16
40 10
40 18
43 10
43 18
37 15
38 11
38 17
45 11
45 17
39 10
39 18
44 10
44 18
37 16
41 9
41 19
42 9
42 19
40 9
40 19
43 9
43 19
38 10
38 18
45 10
45 18
37 17
39 9
39 19
44 9
44 19
37 18
41 8
41 20
42 8
42 20
38 9
38 19
45 9
45 19
40 8
40 20
43 8
43 20
39 8
39 20
44 20
37 19
38 8
38 20
45 8
45 20
41 7
42 7
40 7
40 21
43 7
39 7
39 21
37 20
38 7
38 21
45 7
41 6
42 6
40 6
37 7
37 21
39 6
38 6
0
No
0
Yes
21 31
20 31
20 32
21 32
22 32
22 31
21 33
20 33
22 33
23 31
23 32
23 33
19 32
19 31
19 33
19 30
18 31
18 32
18 30
18 33
20 34
21 34
22 34
19 34
23 34
18 34
24 32
24 33
24 31
24 34
21 35
20 35
22 35
23 35
24 35
17 30
17 31
17 32
17 33
17 34
17 29
16 31
16 30
16 32
16 33
16 29
16 34
25 34
25 35
20 36
21 36
22 36
23 36
24 36
25 36
21 37
22 37
23 37
24 37
20 37
25 37
15 30
15 31
15 32
15 33
15 29
15 34
26 35
26 36
26 34
26 37
15 28
27 34
27 35
27 36
27 37
14 31
14 30
14 32
14 29
14 33
14 28
14 34
20 38
21 38
22 38
23 38
24 38
25 38
21 39
22 39
23 39
24 39
20 39
25 39
13 30
13 31
13 32
13 29
13 33
13 28
13 34
28 35
28 34
0
Yes
7 0
7 1
7 2
7 3
8 0
8 1
8 2
8 3
9 0
9 1
9 2
9 3
10 0
10 1
10 2
0
No
0
Yes
13 11
13 12
13 13
14 11
14 12
14 13
0
Yes
26 44
26 45
26 46
26 47
26 48
26 49
27 44
27 45
27 46
27 47
27 48
27 49
28 44
28 45
28 46
28 47
28 48
28 49
29 44
29 45
29 46
29 47
29 48
29 49
30 44
30 45
30 46
30 47
30 48
30 49
31 44
31 45
31 46
31 47
31 48
31 49
32 44
0
Yes
2 44
2 45
2 46
2 47
2 48
2 49
3 44
3 45
3 46
3 47
3 48
3 49
4 44
4 45
4 46
4 47
4 48
4 49
5 44
5 45
5 46
5 47
0
No
0
Yes
45 41
45 42
45 43
45 44
45 45
45 46
45 47
46 41
46 42
46 43
46 44
46 45
46 46
46 47
47 41
47 42
47 43
47 44
47 45
47 46
47 47
48 41
48 42
48 43
48 44
48 45
48 46
48 47
49 41
49 42
49 43
49 44
49 45
49 46
0
Yes
14 40
14 41
14 42
15 40
15 41
15 42
16 40
16 41
16 42
17 40
17 41
0
Yes
0 0
0 1
0 2
0 3
1 0
1 1
1 2
1 3
2 0
2 1
2 2
2 3
3 0
3 1
0
Yes
41 23
41 24
41 25
41 26
41 27
41 28
41 29
41 30
41 31
41 32
41 33
41 34
41 35
41 36
41 37
42 23
42 24
42 25
42 26
42 27
42 28
42 29
42 30
42 31
42 32
42 33
42 34
42 35
42 36
42 37
43 23
43 24
43 25
43 26
43 27
43 28
43 29
43 30
43 31
43 32
43 33
43 34
43 35
43 36
43 37
44 23
44 24
44 25
44 26
44 27
44 28
44 29
44 30
44 31
44 32
44 33
44 34
44 35
44 36
44 37
45 23
45 24
45 25
45 26
45 27
45 28
45 29
45 30
45 31
45 32
45 33
45 34
45 35
45 36
45 37
46 23
46 24
46 25
46 26
46 27
46 28
46 29
46 30
46 31
46 32
46 33
46 34
46 35
46 36
46 37
47 23
47 24
47 25
47 26
47 27
47 28
47 29
47 30
47 31
47 32
47 33
47 34
47 35
47 36
47 37
48 23
48 24
48 25
48 26
48 27
48 28
48 29
48 30
48 31
48 32
48 33
48 34
48 35
48 36
48 37
49 23
49 24
49 25
49 26
49 27
49 28
49 29
49 30
49 31
49 32
49 33
49 34
49 35
49 36
0
Yes
37 28
36 28
36 29
37 29
38 29
38 28
38 27
37 30
36 30
38 30
39 28
39 29
39 27
39 30
39 26
38 26
36 31
37 31
38 31
39 31
40 27
40 28
40 29
40 30
40 26
40 31
37 32
38 32
39 32
36 32
40 32
40 25
36 33
37 33
38 33
39 33
40 33
38 34
39 34
40 34
39 35
38 35
40 35
37 35
38 36
39 36
40 36
39 37
40 37
40 38
39 38
41 38
39 39
40 39
41 39
38 39
42 39
42 38
43 38
43 39
40 40
39 40
41 40
42 40
43 40
44 39
44 38
44 40
45 38
45 39
45 40
41 41
40 41
42 41
43 41
44 41
46 39
46 38
46 40
47 38
47 39
47 40
42 42
43 42
44 42
48 39
48 38
48 40
49 38
49 39
49 40
49 37
0
No
0
Yes
46 13
46 14
46 15
47 13
47 14
47 15
48 13
48 14
48 15
49 13
49 14
49 15
0
Yes
38 22
38 23
38 24
39 22
39 23
39 24
40 22
40 23
40 24
0
No
0
Yes
29 4
28 4
29 3
29 5
30 4
28 3
28 5
30 3
30 5
27 4
29 2
29 6
31 4
27 3
27 5
28 2
28 6
30 2
30 6
31 3
31 5
27 2
27 6
31 2
31 6
26 4
29 1
29 7
26 3
26 5
28 1
28 7
30 1
26 2
26 6
27 1
27 7
31 1
29 0
28 0
30 0
26 1
26 7
27 0
31 0
26 0
0
Yes
43 26
43 27
43 28
43 29
43 30
43 31
43 32
43 33
43 34
43 35
43 36
43 37
44 26
44 27
44 28
44 29
44 30
44 31
44 32
44 33
44 34
44 35
44 36
44 37
45 26
45 27
45 28
45 29
45 30
45 31
45 32
45 33
45 34
45 35
45 36
45 37
46 26
46 27
46 28
46 29
46 30
46 31
46 32
46 33
46 34
46 35
46 36
46 37
47 26
47 27
47 28
47 29
47 30
47 31
47 32
47 33
47 34
47 35
47 36
47 37
48 26
48 27
48 28
48 29
48 30
48 31
48 32
48 33
48 34
48 35
48 36
48 37
49 26
49 27
49 28
49 29
49 30
49 31
49 32
49 33
49 34
49 35
49 36
0
Yes
43 0
43 1
43 2
44 0
44 1
44 2
45 0
45 1
45 2
46 0
46 1
46 2
0
Yes
19 40
18 40
18 39
19 39
18 41
19 41
20 41
20 40
19 38
18 38
19 42
18 42
21 40
21 41
17 39
17 40
17 41
17 38
17 42
16 40
16 39
16 41
16 38
16 42
18 37
17 37
19 37
16 37
18 43
17 43
16 43
19 36
18 36
17 36
16 36
15 39
15 40
15 41
15 38
15 42
15 37
15 43
15 36
17 44
16 44
18 44
15 44
14 40
14 39
14 41
14 38
14 42
14 37
14 43
14 36
18 35
17 35
16 35
15 35
19 35
14 35
18 45
17 45
16 45
15 45
19 45
19 46
18 46
17 46
13 39
13 41
13 42
13 43
0
Yes
0 34
0 35
0 36
0 37
1 34
1 35
1 36
0
No
0
No
0
Yes
31 18
30 18
30 17
31 17
30 19
31 19
32 17
32 18
32 19
31 16
30 16
32 16
33 18
33 17
33 19
33 16
32 20
33 20
29 16
30 15
31 15
32 15
29 15
33 15
34 17
34 18
34 19
34 16
34 20
34 15
33 21
32 21
34 21
35 18
35 17
35 19
35 16
35 20
35 15
35 21
32 22
33 22
34 22
35 22
28 15
28 16
36 17
36 18
36 19
36 16
36 20
36 21
36 15
36 22
33 23
34 23
35 23
32 23
36 23
34 24
33 24
0
Yes
33 31
33 32
32 31
32 32
34 31
34 32
33 30
33 33
32 30
32 33
34 30
34 33
31 31
31 32
35 31
35 32
31 30
31 33
33 29
33 34
35 30
35 33
32 29
32 34
34 29
34 34
30 32
31 29
31 34
35 29
33 28
33 35
32 28
32 35
34 28
34 35
31 28
31 35
35 28
0
Yes
37 35
38 35
38 34
38 36
39 34
39 35
39 36
39 33
38 33
37 33
39 37
37 32
38 32
39 32
40 35
40 34
40 36
40 33
40 37
40 32
36 32
36 33
36 31
37 31
38 31
39 31
40 31
41 34
41 35
41 36
41 33
41 32
41 37
41 31
40 38
39 38
41 38
39 39
40 39
41 39
38 39
37 30
38 30
39 30
40 30
36 30
41 30
42 35
42 34
42 36
42 33
42 37
42 32
42 38
42 31
42 39
42 30
40 40
39 40
41 40
42 40
36 29
37 29
38 29
39 29
40 29
41 29
42 29
43 38
43 39
43 40
37 28
38 28
39 28
40 28
41 28
36 28
42 28
41 41
40 41
42 41
43 41
38 27
39 27
40 27
41 27
42 27
44 39
44 40
44 38
44 41
45 38
45 39
45 40
42 42
43 42
44 42
39 26
40 26
41 26
38 26
42 26
0
No
0
No
0
Yes
25 40
25 41
25 42
25 43
26 40
26 41
26 42
26 43
27 40
27 41
27 42
27 43
28 40
28 41
28 42
28 43
29 40
29 41
29 42
29 43
30 40
30 41
30 42
30 43
31 40
31 41
31 42
31 43
32 40
32 41
32 42
0
Yes
22 2
22 3
22 4
22 5
23 2
23 3
23 4
23 5
24 2
24 3
24 4
24 5
25 2
25 3
25 4
25 5
0
Yes
41 16
42 16
41 15
41 17
42 15
42 17
40 16
43 16
40 15
40 17
43 15
43 17
41 14
41 18
42 14
42 18
39 16
40 14
40 18
43 14
43 18
44 16
39 15
39 17
44 15
44 17
41 13
41 19
42 13
42 19
39 14
39 18
44 14
44 18
40 13
40 19
43 13
43 19
38 16
45 16
38 15
38 17
45 15
45 17
39 13
39 19
44 13
44 19
38 14
38 18
41 12
41 20
42 12
42 20
45 14
45 18
40 12
40 20
43 12
43 20
37 16
37 15
37 17
38 13
38 19
45 13
45 19
39 12
39 20
44 12
44 20
37 18
41 11
41 21
42 11
42 21
40 11
40 21
43 11
43 21
38 12
38 20
45 12
45 20
37 19
39 11
39 21
44 11
44 21
37 20
41 10
41 22
42 10
42 22
38 11
38 21
45 11
40 10
40 22
43 10
43 22
39 10
39 22
44 10
44 22
37 21
38 10
38 22
45 10
45 22
41 9
41 23
42 9
42 23
40 9
40 23
43 9
43 23
39 9
39 23
44 9
44 23
37 22
38 9
38 23
45 9
45 23
41 8
41 24
42 8
42 24
40 8
40 24
43 8
43 24
39 8
39 24
44 24
38 8
38 24
45 8
45 24
41 7
42 7
40 7
43 7
39 7
38 7
45 7
0
Yes
14 42
13 42
13 41
14 41
13 43
14 43
15 41
15 42
15 43
14 40
15 40
16 42
16 41
16 43
16 40
12 43
12 42
15 44
16 44
11 42
11 43
15 39
14 39
16 39
13 39
17 41
17 42
17 43
17 40
17 44
17 39
11 44
16 45
15 45
17 45
14 38
15 38
16 38
17 38
18 42
18 41
18 43
18 40
18 44
18 39
18 45
18 38
10 43
10 44
10 45
11 45
17 46
18 46
15 37
16 37
17 37
14 37
18 37
19 41
19 42
19 40
19 39
19 38
19 37
9 44
9 43
9 45
19 45
19 46
14 36
15 36
16 36
17 36
18 36
19 36
8 43
8 44
13 36
20 40
20 41
18 47
17 47
16 47
16 48
17 48
18 48
15 48
13 35
14 35
15 35
16 35
17 35
18 35
19 35
0
No
0
No
0
Yes
10 38
10 39
11 38
11 37
12 37
12 36
11 36
11 35
12 35
12 34
11 34
11 33
12 33
12 32
11 32
11 31
12 31
12 30
11 30
10 30
10 29
11 29
12 29
9 29
9 30
11 28
12 28
12 27
11 27
10 27
13 27
13 26
12 26
10 40
11 40
9 27
0
Yes
42 27
42 28
42 29
42 30
42 31
42 32
42 33
42 34
42 35
42 36
42 37
42 38
42 39
42 40
43 27
43 28
43 29
43 30
43 31
43 32
43 33
43 34
43 35
43 36
43 37
43 38
43 39
43 40
44 27
44 28
44 29
44 30
44 31
44 32
44 33
44 34
44 35
44 36
44 37
44 38
44 39
44 40
45 27
45 28
45 29
45 30
45 31
45 32
45 33
45 34
45 35
45 36
45 37
45 38
45 39
45 40
46 27
46 28
46 29
46 30
46 31
46 32
46 33
46 34
46 35
46 36
46 37
46 38
46 39
46 40
47 27
47 28
47 29
47 30
47 31
47 32
47 33
47 34
47 35
47 36
47 37
47 38
47 39
47 40
48 27
48 28
48 29
48 30
48 31
48 32
48 33
48 34
48 35
48 36
48 37
48 38
48 39
48 40
49 27
49 28
49 29
49 30
49 31
49 32
49 33
49 34
49 35
49 36
49 37
49 38
49 39
0
Yes
36 28
36 29
36 30
36 31
36 32
36 33
37 28
37 29
37 30
37 31
37 32
37 33
38 28
38 29
38 30
38 31
38 32
38 33
39 28
39 29
39 30
39 31
39 32
39 33
40 28
40 29
40 30
40 31
40 32
40 33
41 28
41 29
41 30
41 31
41 32
0
Yes
20 31
20 32
20 33
20 34
20 35
20 36
21 31
21 32
21 33
21 34
21 35
21 36
22 31
22 32
22 33
22 34
22 35
22 36
23 31
23 32
23 33
23 34
23 35
23 36
24 31
24 32
24 33
24 34
24 35
24 36
0
No
0
No
0
No
0
No
0
Yes
33 41
33 42
33 43
33 44
34 41
34 42
34 43
34 44
35 41
35 42
35 43
35 44
36 41
36 42
36 43
36 44
37 41
0
Yes
13 0
13 1
14 0
14 1
15 0
15 1
0
Yes
11 15
11 16
11 17
11 18
11 19
11 20
11 21
12 15
12 16
12 17
12 18
12 19
12 20
12 21
13 15
13 16
13 17
13 18
13 19
13 20
13 21
14 15
14 16
14 17
14 18
14 19
14 20
14 21
15 15
15 16
15 17
15 18
15 19
15 20
15 21
16 15
16 16
16 17
16 18
16 19
16 20
16 21
17 15
17 16
17 17
17 18
17 19
17 20
17 21
18 15
18 16
18 17
18 18
18 19
18 20
0
Yes
25 34
25 35
25 36
26 34
26 35
26 36
27 34
27 35
27 36
28 34
28 35
0
Yes
10 34
9 34
9 33
10 33
9 35
10 35
11 33
11 34
11 35
10 32
9 32
11 32
10 36
9 36
11 36
12 34
12 33
12 35
12 32
12 36
8 33
8 34
8 35
8 32
8 36
7 34
7 33
7 35
7 32
7 36
9 31
10 31
11 31
8 31
12 31
7 31
9 37
10 37
11 37
8 37
12 37
7 37
13 33
13 34
13 32
13 31
10 30
9 30
11 30
12 30
13 30
10 38
9 38
11 38
8 38
7 38
14 34
14 33
14 32
14 31
14 30
6 33
6 34
6 35
6 32
6 36
6 37
6 31
6 38
5 34
5 33
5 35
5 32
5 36
5 37
5 31
5 38
7 30
6 30
9 29
10 29
11 29
12 29
13 29
14 29
9 39
10 39
8 39
7 39
6 39
5 39
15 33
15 32
15 31
15 30
15 34
15 29
10 40
9 40
8 40
7 40
6 40
5 40
16 34
16 33
16 32
16 31
16 30
16 29
4 33
4 34
4 35
4 32
4 36
4 37
4 38
4 39
4 31
4 40
11 28
12 28
13 28
14 28
15 28
11 40
3 35
3 36
0
Yes
47 0
47 1
48 0
48 1
49 0
49 1
0
Yes
0 4
0 5
0 6
0 7
0 8
0 9
0 10
0 11
1 4
1 5
1 6
1 7
1 8
1 9
1 10
1 11
2 4
2 5
2 6
2 7
2 8
2 9
2 10
2 11
3 4
3 5
3 6
3 7
3 8
3 9
3 10
3 11
4 4
4 5
4 6
4 7
4 8
4 9
4 10
4 11
5 4
5 5
5 6
5 7
5 8
5 9
5 10
5 11
6 4
6 5
6 6
6 7
6 8
6 9
6 10
6 11
7 4
7 5
7 6
7 7
7 8
7 9
0
Yes
33 18
33 19
32 18
32 19
34 18
34 19
33 17
33 20
32 17
32 20
34 17
34 20
31 18
31 19
35 18
35 19
31 17
33 16
33 21
35 17
35 20
32 16
32 21
34 16
34 21
30 18
30 19
36 18
36 19
31 16
35 16
35 21
30 17
36 17
36 20
33 15
32 15
34 15
30 16
36 16
36 21
29 18
31 15
35 15
30 15
36 15
0
Yes
16 24
16 25
17 24
17 25
18 24
18 25
19 24
19 25
0
No
0
Yes
15 22
15 23
16 22
16 23
17 22
17 23
18 22
18 23
19 22
19 23
0
Yes
31 31
31 32
31 33
31 34
31 35
32 31
32 32
32 33
32 34
32 35
33 31
33 32
33 33
33 34
33 35
34 31
34 32
34 33
34 34
34 35
35 31
35 32
35 33
0
No
0
No
0
Yes
38 44
38 45
38 46
38 47
39 44
39 45
39 46
0
Yes
0 19
0 20
0 21
0 22
0 23
1 19
1 20
1 21
1 22
1 23
2 19
2 20
2 21
2 22
2 23
3 19
3 20
3 21
3 22
3 23
4 19
4 20
4 21
4 22
4 23
5 19
5 20
5 21
5 22
5 23
6 19
6 20
6 21
6 22
6 23
7 19
7 20
7 21
7 22
7 23
8 19
8 20
8 21
8 22
8 23
9 19
9 20
9 21
9 22
9 23
0
No
0
Yes
36 30
36 31
37 30
37 31
35 30
35 31
36 29
36 32
37 29
37 32
38 30
38 31
35 29
35 32
38 29
38 32
34 30
34 31
36 28
36 33
37 28
37 33
39 30
39 31
34 29
34 32
35 28
35 33
38 28
38 33
39 29
39 32
33 30
33 31
34 28
34 33
39 28
39 33
40 30
40 31
33 29
33 32
35 27
38 27
38 34
40 29
40 32
33 28
33 33
34 27
34 34
39 27
39 34
40 28
40 33
32 30
32 31
41 30
41 31
32 29
32 32
35 26
36 26
38 26
41 29
41 32
33 34
40 27
40 34
32 28
32 33
34 26
39 26
41 28
41 33
31 30
31 31
31 29
31 32
32 27
32 34
40 26
41 27
41 34
31 28
31 33
41 26
31 27
0
No
0
Yes
33 6
32 6
32 7
33 7
34 7
34 6
33 8
32 8
34 8
35 6
35 7
35 8
31 7
31 6
31 8
31 5
30 6
30 7
30 5
30 8
32 9
33 9
34 9
31 9
35 9
30 9
36 7
36 8
36 6
36 9
30 4
31 4
31 3
30 3
33 10
32 10
34 10
31 10
35 10
30 10
36 10
37 6
37 7
37 8
37 9
37 10
29 5
29 6
29 7
29 4
29 8
29 9
29 3
29 10
28 6
28 5
28 7
28 4
28 8
28 9
28 3
28 10
30 2
29 2
31 2
28 2
32 11
33 11
34 11
31 11
35 11
30 11
36 11
29 11
37 11
28 11
31 1
30 1
29 1
28 1
33 12
32 12
34 12
31 12
35 12
30 12
36 12
29 12
37 12
28 12
27 5
27 6
27 7
27 4
27 8
27 3
27 9
27 2
27 10
27 11
27 1
27 12
30 0
29 0
28 0
31 0
27 0
26 6
26 5
26 7
26 4
26 8
26 3
26 9
26 2
26 10
26 1
26 11
26 0
26 12
32 13
33 13
34 13
31 13
35 13
30 13
36 13
37 13
33 14
32 14
34 14
31 14
35 14
36 14
30 14
37 14
25 5
25 4
25 3
25 2
25 1
25 0
25 8
25 9
25 10
25 11
25 12
0
No
0
Yes
33 10
33 11
32 10
32 11
34 10
34 11
33 9
33 12
32 9
32 12
34 9
34 12
31 10
31 11
35 10
35 11
31 9
31 12
33 8
33 13
35 9
35 12
32 8
32 13
34 8
34 13
30 10
30 11
36 10
36 11
31 8
31 13
35 8
35 13
30 9
30 12
36 9
36 12
33 7
33 14
32 7
32 14
34 7
34 14
30 8
30 13
36 8
36 13
29 10
29 11
31 7
31 14
35 7
35 14
37 10
37 11
29 9
29 12
37 9
37 12
33 6
30 7
30 14
32 6
34 6
36 7
36 14
29 8
37 8
37 13
31 6
35 6
28 10
28 11
28 9
28 12
29 7
37 7
37 14
30 6
36 6
28 8
27 10
27 11
29 6
37 6
28 7
27 9
27 12
27 8
28 6
0
No
0
Yes
15 22
15 23
16 22
16 23
17 22
17 23
0
Yes
26 44
26 45
26 46
26 47
26 48
26 49
27 44
27 45
27 46
27 47
27 48
27 49
28 44
28 45
28 46
28 47
28 48
28 49
29 44
29 45
29 46
29 47
29 48
29 49
30 44
30 45
30 46
30 47
30 48
30 49
31 44
31 45
31 46
31 47
0
No
0
Yes
4 31
4 32
4 33
4 34
4 35
4 36
4 37
4 38
4 39
4 40
4 41
5 31
5 32
5 33
5 34
5 35
5 36
5 37
5 38
5 39
5 40
5 41
6 31
6 32
6 33
6 34
6 35
6 36
6 37
6 38
6 39
6 40
6 41
7 31
7 32
7 33
7 34
7 35
7 36
7 37
7 38
7 39
7 40
7 41
8 31
8 32
8 33
8 34
8 35
8 36
8 37
8 38
8 39
8 40
8 41
9 31
9 32
9 33
9 34
9 35
9 36
9 37
9 38
9 39
9 40
9 41
10 31
10 32
10 33
10 34
10 35
10 36
10 37
10 38
10 39
10 40
0
Yes
26 0
26 1
26 2
26 3
26 4
26 5
27 0
27 1
27 2
27 3
27 4
27 5
28 0
28 1
28 2
28 3
28 4
28 5
29 0
29 1
29 2
29 3
29 4
29 5
30 0
30 1
30 2
30 3
30 4
30 5
31 0
31 1
31 2
31 3
31 4
31 5
0
No
0
No
0
Yes
17 14
17 13
18 13
18 14
18 15
17 15
16 15
17 16
16 16
18 16
18 12
17 12
16 12
15 16
15 15
17 11
16 11
18 11
14 15
14 16
16 17
17 17
15 17
18 17
14 17
15 11
17 18
16 18
15 18
18 18
14 18
16 10
17 10
18 10
15 10
13 16
13 17
13 15
13 18
14 10
14 11
14 12
13 12
13 11
13 13
14 13
17 9
16 9
15 9
18 9
14 9
12 15
12 16
12 17
12 18
12 14
16 19
17 19
15 19
14 19
13 19
18 19
12 19
19 19
11 14
11 15
11 16
11 17
11 18
11 19
17 20
16 20
18 20
15 20
14 20
13 20
12 20
19 20
11 20
16 8
17 8
15 8
18 8
19 8
17 7
16 7
18 7
15 7
19 7
16 21
17 21
18 21
15 21
14 21
13 21
12 21
19 21
11 21
10 17
10 18
10 19
10 20
10 21
20 7
17 22
16 22
18 22
15 22
19 22
16 6
17 6
18 6
19 6
20 6
9 18
9 17
13 22
12 22
11 22
10 22
21 6
21 7
17 5
18 5
19 5
20 5
16 5
21 5
16 23
17 23
18 23
15 23
0
Yes
12 24
11 24
11 23
11 25
10 23
10 24
10 25
10 26
11 26
12 26
9 24
9 25
9 26
12 27
11 27
10 27
9 27
13 27
13 26
8 25
8 26
8 24
8 27
11 28
12 28
13 28
14 28
7 24
7 25
7 26
12 29
13 29
11 29
14 29
10 29
15 29
15 28
15 27
6 25
6 26
11 30
12 30
13 30
14 30
10 30
15 30
6 27
9 30
9 29
12 31
11 31
13 31
14 31
15 31
16 30
16 29
16 31
17 29
17 30
17 31
17 28
5 26
5 27
5 28
6 28
11 32
12 32
13 32
14 32
15 32
16 32
17 32
18 30
18 31
18 32
4 27
4 26
4 28
4 25
12 33
13 33
14 33
15 33
16 33
17 33
11 33
18 33
3 26
3 27
3 28
4 29
5 29
3 29
5 30
4 30
3 30
6 30
19 31
19 32
19 30
19 33
19 29
11 34
12 34
13 34
14 34
15 34
16 34
17 34
18 34
19 34
2 27
2 28
2 29
2 26
2 30
0
Yes
43 0
43 1
43 2
44 0
44 1
44 2
45 0
45 1
45 2
46 0
46 1
46 2
0
No
0
Yes
33 35
33 36
34 35
34 36
35 35
0
Yes
4 15
3 15
4 14
4 16
5 15
3 14
3 16
5 14
5 16
2 15
4 13
4 17
2 14
3 13
3 17
5 13
5 17
6 14
6 16
2 13
6 13
6 17
1 15
4 12
4 18
1 14
3 12
3 18
5 12
5 18
1 13
2 12
2 18
6 12
6 18
1 12
0
No
0
No
0
Yes
8 6
8 7
8 8
9 6
9 7
9 8
10 6
10 7
10 8
11 6
0
No
0
No
0
Yes
4 6
3 6
4 5
4 7
5 6
3 5
3 7
5 5
5 7
2 6
4 4
4 8
6 6
2 5
2 7
3 4
3 8
5 4
5 8
6 5
6 7
2 4
2 8
6 4
6 8
1 6
4 3
4 9
7 6
1 5
1 7
3 3
3 9
5 3
5 9
7 5
7 7
1 4
1 8
2 3
2 9
6 3
6 9
7 4
7 8
0 6
4 2
4 10
0 5
0 7
3 2
3 10
5 2
5 10
1 3
1 9
7 3
7 9
0 4
0 8
2 2
2 10
6 2
6 10
0 3
0 9
1 2
1 10
4 1
4 11
7 2
7 10
3 1
3 11
5 11
2 1
2 11
6 11
0 2
0 10
1 1
1 11
7 1
7 11
3 0
2 0
0 1
0 11
1 0
7 0
0 0
0
Yes
32 0
32 1
32 2
32 3
32 4
32 5
33 0
33 1
33 2
33 3
33 4
33 5
34 0
34 1
34 2
34 3
34 4
34 5
35 0
35 1
35 2
35 3
35 4
35 5
0
Yes
18 17
17 17
17 16
18 16
17 18
18 18
18 15
17 15
18 19
17 19
16 16
16 17
16 18
16 15
16 19
19 19
15 17
15 16
15 18
15 15
15 19
17 14
18 14
17 20
18 20
16 20
19 20
15 20
18 13
17 13
18 21
17 21
16 21
19 21
15 21
14 16
14 17
14 18
14 19
14 20
14 15
14 21
13 17
13 16
13 18
13 19
13 20
13 15
13 21
17 12
18 12
17 22
18 22
16 22
15 22
19 22
16 12
18 11
17 11
16 11
18 23
17 23
16 23
19 23
15 23
12 16
12 17
12 18
12 19
12 20
12 15
12 21
12 14
15 11
11 17
11 16
11 18
11 15
11 19
11 20
11 14
11 21
13 22
12 22
11 22
17 10
16 10
18 10
15 10
17 24
18 24
16 24
19 24
18 9
17 9
16 9
15 9
18 25
17 25
19 25
16 25
10 18
10 17
10 19
10 20
10 21
10 22
14 10
14 11
14 9
14 12
13 12
13 11
13 13
0
Yes
46 15
46 14
47 14
47 15
48 15
48 14
47 13
46 13
48 13
48 16
46 12
47 12
48 12
49 14
49 15
49 13
49 12
47 11
48 11
46 11
49 11
46 10
47 10
48 10
49 10
47 9
48 9
46 9
49 9
46 8
47 8
48 8
49 8
47 7
48 7
46 7
49 7
46 6
47 6
48 6
49 6
45 6
47 5
46 5
48 5
49 5
46 4
47 4
48 4
45 4
45 3
46 3
44 3
44 4
43 4
46 16
46 17
0
No
0
Yes
31 38
31 39
32 38
32 39
33 38
33 39
0
No
0
Yes
16 24
16 25
17 24
17 25
18 24
18 25
19 24
19 25
0
Yes
43 17
42 17
42 16
43 16
42 18
43 18
44 16
44 17
44 18
43 15
42 15
44 15
43 19
42 19
44 19
45 17
45 16
45 18
45 15
45 19
41 16
41 17
41 18
41 15
41 19
40 17
40 16
40 18
40 15
40 19
42 14
43 14
44 14
41 14
45 14
40 14
42 20
43 20
44 20
41 20
45 20
40 20
46 19
43 13
42 13
44 13
41 13
45 13
40 13
43 21
42 21
44 21
41 21
40 21
39 16
39 17
39 18
39 15
39 19
39 14
39 20
39 13
39 21
38 17
38 16
38 18
38 15
38 19
38 14
38 20
38 13
38 21
42 12
43 12
44 12
41 12
40 12
39 12
45 12
38 12
42 22
43 22
41 22
40 22
39 22
44 22
38 22
45 22
43 11
42 11
44 11
41 11
40 11
39 11
45 11
38 11
43 23
42 23
44 23
41 23
40 23
39 23
45 23
38 23
37 16
37 17
37 18
37 15
37 19
37 20
37 21
37 22
46 23
46 22
42 10
43 10
44 10
41 10
40 10
39 10
45 10
38 10
42 24
43 24
44 24
41 24
45 24
40 24
39 24
46 24
38 24
43 9
42 9
44 9
41 9
40 9
39 9
45 9
38 9
43 25
42 25
44 25
41 25
0
Yes
10 17
10 18
10 19
10 20
10 21
10 22
11 17
11 18
11 19
11 20
11 21
11 22
12 17
12 18
12 19
12 20
12 21
12 22
13 17
13 18
13 19
13 20
13 21
13 22
14 17
14 18
0
Yes
0 2
0 3
0 4
0 5
0 6
0 7
0 8
0 9
0 10
1 2
1 3
1 4
1 5
1 6
1 7
1 8
1 9
1 10
2 2
2 3
2 4
2 5
2 6
2 7
2 8
2 9
2 10
3 2
3 3
3 4
3 5
3 6
3 7
3 8
3 9
3 10
4 2
4 3
4 4
4 5
4 6
4 7
4 8
4 9
4 10
5 2
5 3
5 4
5 5
5 6
5 7
5 8
5 9
5 10
6 2
6 3
6 4
6 5
6 6
6 7
6 8
6 9
6 10
7 2
7 3
7 4
7 5
7 6
7 7
7 8
0
No
0
Yes
25 47
25 48
25 49
26 47
26 48
26 49
27 47
27 48
27 49
28 47
28 48
28 49
29 47
29 48
29 49
30 47
30 48
30 49
31 47
31 48
31 49
0
Yes
0 2
0 3
0 4
0 5
0 6
0 7
0 8
0 9
0 10
0 11
0 12
1 2
1 3
1 4
1 5
1 6
1 7
1 8
1 9
1 10
1 11
1 12
2 2
2 3
2 4
2 5
2 6
2 7
2 8
2 9
2 10
2 11
2 12
3 2
3 3
3 4
3 5
3 6
3 7
3 8
3 9
3 10
3 11
3 12
4 2
4 3
4 4
4 5
4 6
4 7
4 8
4 9
4 10
4 11
4 12
5 2
5 3
5 4
5 5
5 6
5 7
5 8
5 9
5 10
5 11
5 12
6 2
6 3
6 4
6 5
6 6
6 7
6 8
6 9
6 10
6 11
6 12
7 2
7 3
7 4
7 5
7 6
7 7
7 8
7 9
0
Yes
24 25
24 26
24 27
24 28
24 29
24 30
24 31
25 25
25 26
25 27
25 28
25 29
25 30
25 31
26 25
26 26
26 27
26 28
26 29
26 30
26 31
27 25
27 26
27 27
27 28
27 29
27 30
27 31
28 25
28 26
28 27
28 28
28 29
28 30
28 31
29 25
29 26
29 27
29 28
29 29
29 30
29 31
30 25
30 26
30 27
30 28
30 29
30 30
30 31
0
No
0
Yes
33 12
32 12
32 11
33 11
32 13
33 13
34 11
34 12
34 13
33 10
32 10
34 10
33 14
32 14
34 14
35 12
35 11
35 13
35 10
35 14
31 11
31 12
31 13
31 10
31 14
30 12
30 11
30 13
30 10
30 14
32 9
33 9
34 9
31 9
35 9
30 9
36 11
36 12
36 13
36 10
36 14
36 9
33 8
32 8
34 8
31 8
35 8
30 8
36 8
37 12
37 11
37 13
37 10
37 9
37 14
37 8
29 11
29 12
29 10
29 9
29 8
28 12
28 11
28 10
28 9
28 8
32 7
33 7
34 7
31 7
35 7
30 7
36 7
29 7
37 7
28 7
33 6
32 6
34 6
31 6
35 6
30 6
36 6
29 6
37 6
28 6
27 11
27 10
27 9
27 8
27 7
27 12
27 6
38 8
38 7
38 6
26 12
26 11
26 10
26 9
26 8
26 7
26 6
36 5
37 5
38 5
39 7
39 6
39 8
39 5
25 11
25 10
25 9
25 8
25 12
40 8
40 7
40 6
40 5
37 4
38 4
39 4
36 4
40 4
24 12
24 11
24 10
24 9
0
Yes
15 18
15 19
15 20
15 21
15 22
15 23
16 18
16 19
16 20
16 21
16 22
16 23
17 18
17 19
17 20
17 21
17 22
17 23
18 18
18 19
18 20
18 21
18 22
18 23
19 18
19 19
19 20
19 21
19 22
19 23
20 18
20 19
20 20
20 21
20 22
20 23
21 18
21 19
21 20
21 21
21 22
21 23
22 18
22 19
22 20
22 21
22 22
22 23
23 18
23 19
23 20
23 21
23 22
23 23
24 18
24 19
24 20
0
Yes
18 30
17 30
17 29
17 31
18 31
19 31
19 30
19 29
18 32
17 32
19 32
16 29
16 30
16 31
16 32
20 32
20 31
15 30
15 31
15 29
15 32
17 33
18 33
19 33
16 33
20 33
15 33
21 31
21 32
21 33
21 30
15 28
18 34
17 34
19 34
16 34
20 34
15 34
21 34
22 30
22 31
22 32
22 33
22 34
14 29
14 30
14 31
14 32
14 33
14 28
14 34
22 29
13 30
13 29
13 31
13 32
13 33
13 28
13 34
23 29
23 30
23 31
23 32
23 33
23 34
20 35
21 35
22 35
23 35
23 28
22 28
22 27
23 27
13 27
12 29
12 30
12 31
12 28
12 32
12 33
12 27
12 34
24 32
24 33
24 34
24 35
23 26
21 36
22 36
23 36
20 36
24 36
11 30
11 29
11 31
11 28
11 32
11 33
11 27
0
Yes
36 0
36 1
36 2
36 3
37 0
37 1
37 2
37 3
38 0
38 1
38 2
38 3
39 0
39 1
39 2
39 3
0
No
0
Yes
8 6
8 7
8 8
9 6
9 7
9 8
10 6
10 7
10 8
11 6
0
Yes
11 14
11 15
12 15
12 14
12 16
11 16
13 16
13 15
11 17
12 17
13 17
10 17
14 15
14 16
14 17
10 18
11 18
12 18
13 18
14 18
9 18
9 17
15 16
15 17
15 15
11 19
10 19
12 19
13 19
14 19
16 15
16 16
16 17
10 20
11 20
12 20
13 20
14 20
17 16
17 15
17 17
17 14
11 21
12 21
13 21
10 21
14 21
18 14
18 15
18 16
18 17
18 13
17 13
17 12
18 12
16 12
16 11
17 11
18 11
15 11
15 10
16 10
17 10
18 10
14 10
14 11
13 11
13 12
14 12
12 12
13 13
14 13
14 9
15 9
16 9
17 9
18 9
15 8
16 8
17 8
18 8
10 22
11 22
12 22
13 22
0
Yes
2 26
2 27
2 28
2 29
2 30
3 26
3 27
3 28
3 29
3 30
4 26
4 27
4 28
4 29
4 30
5 26
5 27
5 28
5 29
5 30
6 26
6 27
6 28
0
Yes
27 3
27 4
26 3
26 4
28 3
28 4
27 2
27 5
26 2
26 5
28 2
28 5
25 3
25 4
29 3
29 4
25 2
25 5
27 1
29 2
29 5
26 1
28 1
24 3
24 4
30 3
30 4
25 1
29 1
24 2
24 5
30 2
30 5
27 0
26 0
28 0
30 1
23 3
23 4
25 0
29 0
31 3
31 4
23 2
23 5
31 2
31 5
24 0
30 0
23 6
31 1
22 3
22 4
22 2
22 5
31 0
22 6
0
Yes
32 43
32 44
32 45
32 46
32 47
32 48
32 49
33 43
33 44
33 45
33 46
33 47
33 48
33 49
34 43
34 44
34 45
34 46
34 47
34 48
34 49
35 43
35 44
35 45
35 46
35 47
35 48
35 49
36 43
36 44
36 45
36 46
36 47
36 48
36 49
0
No
0
Yes
24 22
24 23
24 24
24 25
24 26
24 27
24 28
24 29
24 30
24 31
25 22
25 23
25 24
25 25
25 26
25 27
25 28
25 29
25 30
25 31
26 22
26 23
26 24
26 25
26 26
26 27
26 28
26 29
26 30
26 31
27 22
27 23
27 24
27 25
27 26
27 27
27 28
27 29
27 30
27 31
28 22
28 23
28 24
28 25
28 26
28 27
28 28
28 29
28 30
28 31
29 22
29 23
29 24
29 25
29 26
29 27
29 28
29 29
29 30
29 31
30 22
30 23
30 24
30 25
30 26
30 27
30 28
30 29
30 30
30 31
31 22
31 23
31 24
31 25
0
Yes
16 5
16 6
16 7
17 5
17 6
17 7
18 5
18 6
18 7
19 5
19 6
19 7
20 5
20 6
20 7
21 5
21 6
21 7
0
Yes
2 42
2 43
2 44
2 45
2 46
2 47
2 48
2 49
3 42
3 43
3 44
3 45
3 46
3 47
3 48
3 49
4 42
4 43
4 44
4 45
4 46
4 47
4 48
4 49
5 42
5 43
5 44
5 45
5 46
5 47
5 48
5 49
0
Yes
40 34
40 35
40 36
40 37
40 38
40 39
40 40
41 34
41 35
41 36
41 37
41 38
41 39
41 40
42 34
42 35
42 36
42 37
42 38
42 39
42 40
43 34
43 35
43 36
43 37
43 38
43 39
43 40
44 34
44 35
44 36
44 37
44 38
44 39
44 40
45 34
45 35
45 36
45 37
45 38
45 39
45 40
46 34
46 35
46 36
46 37
46 38
46 39
46 40
47 34
47 35
47 36
47 37
47 38
47 39
47 40
48 34
48 35
48 36
48 37
48 38
48 39
48 40
49 34
49 35
49 36
49 37
49 38
49 39
49 40
0
Yes
13 0
13 1
14 0
14 1
15 0
0
Yes
41 26
41 27
41 28
41 29
41 30
41 31
41 32
41 33
42 26
42 27
42 28
42 29
42 30
42 31
42 32
42 33
43 26
43 27
43 28
43 29
43 30
43 31
43 32
43 33
44 26
44 27
44 28
44 29
44 30
44 31
44 32
44 33
45 26
45 27
45 28
45 29
45 30
45 31
45 32
45 33
46 26
46 27
46 28
46 29
46 30
46 31
46 32
46 33
47 26
47 27
47 28
47 29
47 30
47 31
47 32
47 33
48 26
48 27
48 28
48 29
48 30
48 31
48 32
48 33
49 26
49 27
49 28
49 29
49 30
49 31
0
No
0
No
0
Yes
28 26
28 27
29 26
29 27
27 26
27 27
28 25
28 28
29 25
29 28
30 26
30 27
27 25
27 28
30 25
30 28
26 26
26 27
28 24
28 29
29 24
29 29
31 27
26 25
26 28
27 24
27 29
30 24
30 29
31 25
31 28
25 26
25 27
26 24
26 29
28 23
28 30
29 23
29 30
31 24
31 29
32 27
25 25
25 28
27 23
27 30
30 23
30 30
32 28
25 24
25 29
26 23
26 30
31 23
31 30
32 29
24 26
24 27
28 22
28 31
29 22
29 31
24 25
24 28
27 22
27 31
30 22
30 31
25 23
25 30
32 23
32 30
24 24
24 29
26 22
26 31
31 22
31 31
28 21
29 21
24 23
24 30
25 22
25 31
27 21
27 32
30 21
30 32
32 22
32 31
26 21
26 32
31 21
31 32
24 22
24 31
25 21
25 32
29 20
32 32
27 20
30 20
26 20
31 20
24 21
25 20
0
Yes
42 46
42 47
43 46
43 47
44 46
44 47
0
Yes
28 41
28 42
28 43
28 44
28 45
28 46
29 41
29 42
29 43
29 44
29 45
29 46
30 41
30 42
30 43
30 44
30 45
30 46
31 41
31 42
31 43
31 44
31 45
31 46
32 41
32 42
32 43
32 44
32 45
32 46
33 41
33 42
33 43
33 44
33 45
33 46
34 41
34 42
34 43
34 44
34 45
34 46
35 41
35 42
35 43
35 44
35 45
35 46
36 41
36 42
36 43
36 44
36 45
36 46
37 41
37 42
37 43
37 44
37 45
37 46
0
Yes
44 38
45 38
44 37
44 39
45 37
45 39
43 38
46 38
43 37
43 39
46 37
46 39
44 36
44 40
45 36
45 40
42 38
43 36
43 40
46 36
46 40
47 38
42 37
42 39
47 37
47 39
44 35
44 41
45 35
42 36
42 40
47 36
47 40
43 35
43 41
46 35
41 38
48 38
41 37
41 39
48 37
48 39
42 35
42 41
47 35
41 36
41 40
44 34
45 34
48 36
48 40
43 34
46 34
40 38
49 38
40 37
40 39
41 35
41 41
48 35
49 37
49 39
42 34
47 34
40 36
40 40
49 36
49 40
41 34
48 34
40 35
40 41
49 35
39 38
39 37
39 39
39 36
39 40
40 34
49 34
39 35
0
Yes
20 22
19 22
20 21
20 23
21 22
19 21
19 23
21 21
21 23
18 22
20 20
20 24
22 22
18 21
18 23
19 20
19 24
21 20
21 24
22 21
22 23
18 20
18 24
22 20
22 24
17 22
20 19
23 22
17 21
17 23
19 19
19 25
21 19
23 21
23 23
17 20
17 24
18 19
18 25
22 19
22 25
23 20
23 24
16 22
20 18
16 21
16 23
19 18
21 18
17 19
17 25
23 19
23 25
16 20
16 24
18 18
22 18
24 20
15 22
16 19
16 25
17 18
23 18
24 19
15 21
15 23
15 20
16 18
24 18
15 19
15 18
0
Yes
32 0
32 1
32 2
32 3
32 4
32 5
33 0
33 1
33 2
33 3
33 4
33 5
34 0
34 1
34 2
34 3
34 4
34 5
35 0
35 1
35 2
35 3
35 4
0
No
0
No
0
No
0
Yes
14 37
14 38
14 39
14 40
14 41
15 37
15 38
15 39
15 40
15 41
16 37
16 38
16 39
16 40
16 41
17 37
17 38
17 39
17 40
17 41
18 37
18 38
18 39
18 40
18 41
19 37
19 38
19 39
19 40
19 41
20 37
20 38
20 39
20 40
20 41
21 37
21 38
21 39
21 40
21 41
22 37
22 38
22 39
22 40
0
No
0
No
0
Yes
32 47
32 48
32 49
33 47
33 48
33 49
34 47
34 48
34 49
35 47
35 48
35 49
36 47
0
Yes
35 35
34 35
34 34
34 36
33 34
33 35
33 36
33 33
34 33
35 33
32 35
32 34
32 33
35 32
34 32
33 32
36 32
36 33
37 33
37 32
31 34
31 35
31 33
34 31
35 31
36 31
33 31
37 31
38 32
38 33
38 31
38 34
39 34
39 33
39 32
39 31
35 30
34 30
36 30
37 30
38 30
33 30
39 30
40 33
40 32
40 31
40 30
34 29
35 29
36 29
37 29
38 29
39 29
33 29
40 29
35 28
34 28
36 28
37 28
38 28
39 28
33 28
40 28
34 27
35 27
38 27
39 27
40 27
0
Yes
26 6
26 7
26 8
26 9
26 10
26 11
26 12
27 6
27 7
27 8
27 9
27 10
27 11
27 12
28 6
28 7
28 8
28 9
28 10
28 11
28 12
29 6
29 7
29 8
29 9
29 10
29 11
29 12
30 6
30 7
30 8
30 9
30 10
30 11
30 12
31 6
31 7
31 8
31 9
31 10
31 11
31 12
32 6
32 7
32 8
32 9
32 10
32 11
32 12
33 6
33 7
33 8
33 9
33 10
33 11
33 12
34 6
34 7
34 8
34 9
0
No
0
Yes
32 10
32 11
33 10
33 11
31 10
31 11
32 9
32 12
33 9
33 12
34 10
34 11
31 9
31 12
34 9
34 12
30 10
30 11
32 8
32 13
33 8
33 13
35 10
35 11
30 9
30 12
31 8
31 13
34 8
34 13
35 9
35 12
29 10
29 11
30 8
30 13
32 7
32 14
33 7
33 14
35 8
35 13
36 10
36 11
29 9
29 12
31 7
31 14
34 7
34 14
36 9
36 12
29 8
30 7
30 14
35 7
35 14
36 8
36 13
28 10
28 11
32 6
33 6
37 10
37 11
28 9
28 12
31 6
34 6
37 9
37 12
29 7
36 7
36 14
28 8
30 6
35 6
37 8
37 13
27 10
27 11
27 9
27 12
28 7
29 6
36 6
37 7
37 14
27 8
28 6
37 6
0
Yes
19 14
19 15
19 16
19 17
20 14
20 15
20 16
20 17
21 14
21 15
21 16
21 17
0
No
0
No
0
Yes
20 18
20 19
20 20
20 21
20 22
20 23
20 24
21 18
21 19
21 20
21 21
21 22
21 23
21 24
22 18
22 19
22 20
22 21
22 22
22 23
22 24
23 18
23 19
23 20
23 21
23 22
23 23
23 24
0
Yes
28 15
28 16
29 15
29 16
0
No
0
Yes
38 10
38 11
38 12
38 13
38 14
38 15
38 16
38 17
38 18
39 10
39 11
39 12
39 13
39 14
39 15
39 16
39 17
39 18
40 10
40 11
40 12
40 13
40 14
40 15
40 16
40 17
40 18
41 10
41 11
41 12
41 13
41 14
41 15
41 16
41 17
41 18
42 10
42 11
42 12
42 13
42 14
42 15
42 16
42 17
42 18
43 10
43 11
43 12
43 13
43 14
43 15
43 16
43 17
43 18
44 10
44 11
44 12
44 13
44 14
44 15
44 16
44 17
44 18
45 10
45 11
45 12
45 13
45 14
45 15
45 16
45 17
45 18
46 10
46 11
46 12
46 13
46 14
46 15
46 16
46 17
0
Yes
30 41
30 42
30 43
30 44
30 45
30 46
31 41
31 42
31 43
31 44
31 45
31 46
32 41
32 42
32 43
32 44
32 45
32 46
33 41
33 42
33 43
33 44
33 45
33 46
34 41
34 42
34 43
34 44
34 45
34 46
35 41
35 42
35 43
35 44
35 45
35 46
36 41
36 42
36 43
36 44
36 45
36 46
37 41
37 42
37 43
37 44
0
No
0
Yes
0 26
0 27
0 28
0 29
1 26
1 27
1 28
1 29
2 26
2 27
2 28
2 29
3 26
3 27
3 28
3 29
4 26
4 27
4 28
4 29
5 26
5 27
5 28
5 29
6 26
6 27
6 28
0
No
0
Yes
25 47
25 48
25 49
26 47
26 48
26 49
27 47
27 48
27 49
28 47
28 48
28 49
29 47
29 48
29 49
30 47
30 48
30 49
31 47
31 48
31 49
0
No
0
Yes
21 9
21 10
21 11
21 12
21 13
21 14
22 9
22 10
22 11
22 12
22 13
22 14
23 9
23 10
23 11
23 12
23 13
23 14
24 9
24 10
24 11
24 12
24 13
0
Yes
24 21
24 22
24 23
24 24
24 25
24 26
24 27
24 28
24 29
24 30
25 21
25 22
25 23
25 24
25 25
25 26
25 27
25 28
25 29
25 30
26 21
26 22
26 23
26 24
26 25
26 26
26 27
26 28
26 29
26 30
27 21
27 22
27 23
27 24
27 25
27 26
27 27
27 28
27 29
27 30
28 21
28 22
28 23
28 24
28 25
28 26
28 27
28 28
28 29
28 30
29 21
29 22
29 23
29 24
29 25
29 26
29 27
29 28
29 29
29 30
30 21
30 22
30 23
30 24
30 25
30 26
30 27
30 28
30 29
30 30
31 21
31 22
31 23
31 24
31 25
0
Yes
3 16
3 17
3 18
4 16
4 17
4 18
5 16
5 17
5 18
6 16
6 17
6 18
7 16
7 17
0
Yes
15 18
15 19
15 20
15 21
15 22
15 23
16 18
16 19
16 20
16 21
16 22
16 23
17 18
17 19
17 20
17 21
17 22
17 23
18 18
18 19
18 20
18 21
18 22
18 23
19 18
19 19
19 20
19 21
19 22
19 23
20 18
20 19
20 20
20 21
20 22
20 23
21 18
21 19
21 20
21 21
21 22
21 23
22 18
22 19
22 20
22 21
22 22
0
Yes
45 41
45 42
45 43
45 44
45 45
45 46
45 47
46 41
46 42
46 43
46 44
46 45
46 46
46 47
47 41
47 42
47 43
47 44
47 45
47 46
47 47
48 41
48 42
48 43
48 44
48 45
48 46
48 47
49 41
49 42
49 43
49 44
49 45
49 46
0
No
0
No
0
Yes
35 22
34 22
34 23
35 23
36 23
36 22
35 24
34 24
37 22
33 23
33 22
33 24
37 21
32 22
32 23
34 25
38 21
38 22
38 23
38 20
37 20
37 19
38 19
39 22
39 21
39 20
39 23
39 19
39 24
38 24
40 21
40 22
40 23
40 20
40 24
40 19
40 25
41 22
41 21
41 23
41 20
41 24
41 19
41 25
42 21
42 22
42 23
42 20
42 24
42 19
42 25
43 22
43 21
43 23
43 20
43 24
43 19
43 25
44 21
44 22
44 23
44 20
44 24
44 19
44 25
45 22
45 23
45 24
45 25
45 20
45 19
46 23
46 24
46 22
46 25
46 19
47 24
47 23
47 25
48 23
48 24
48 25
48 22
49 24
49 23
49 25
34 26
35 26
36 26
0
No
0
Yes
26 2
25 2
25 1
26 1
25 3
26 3
27 1
27 2
27 3
26 0
25 0
27 0
26 4
25 4
27 4
28 2
28 1
28 3
28 0
28 4
24 3
24 2
24 4
24 0
23 2
23 3
23 4
25 5
26 5
27 5
24 5
28 5
23 5
29 1
29 2
29 3
29 4
29 0
29 5
26 6
27 6
30 2
30 1
30 3
30 4
30 0
30 5
22 3
22 4
22 2
22 5
23 6
22 6
27 7
26 7
31 1
31 2
31 3
31 4
31 0
31 5
26 8
25 8
25 9
26 9
24 9
26 10
25 10
24 10
23 10
23 9
22 9
22 10
25 11
24 11
23 11
26 11
22 11
21 10
21 9
21 11
20 9
20 10
20 11
26 12
25 12
24 12
23 12
22 12
21 12
20 12
19 10
19 11
19 9
19 12
19 8
24 13
23 13
22 13
21 13
20 13
19 13
23 14
22 14
21 14
20 14
19 14
22 15
21 15
20 15
19 15
21 16
20 16
22 16
0
Yes
25 40
25 41
25 42
25 43
25 44
26 40
26 41
26 42
26 43
26 44
27 40
27 41
27 42
27 43
27 44
28 40
28 41
28 42
28 43
28 44
29 40
29 41
29 42
29 43
29 44
0
Yes
47 8
47 9
47 10
47 11
47 12
47 13
47 14
47 15
48 8
48 9
48 10
48 11
48 12
48 13
48 14
48 15
49 8
49 9
49 10
49 11
49 12
49 13
49 14
0
Yes
44 9
43 9
43 8
42 8
42 9
42 7
43 7
41 9
41 8
41 7
40 8
40 9
40 7
41 6
42 6
40 6
39 9
39 8
39 7
39 6
40 5
39 5
38 8
38 7
38 6
38 9
38 5
39 4
40 4
38 4
40 3
37 5
37 4
36 4
36 5
35 5
45 9
45 8
46 8
46 9
46 7
45 7
45 6
46 6
47 7
47 6
46 5
47 5
48 6
48 7
48 5
49 7
49 6
49 5
47 4
48 4
0
Yes
4 18
3 18
3 17
4 17
3 19
4 19
5 17
5 18
5 19
4 16
3 16
5 16
4 20
3 20
5 20
6 18
6 17
6 19
6 16
6 20
2 19
2 18
2 20
1 18
1 19
1 20
3 15
4 15
5 15
3 21
4 21
5 21
2 21
6 21
1 21
7 17
7 18
7 19
7 20
7 16
7 21
2 15
4 14
3 14
5 14
2 14
4 22
3 22
5 22
2 22
6 22
1 22
7 22
8 18
8 19
8 20
8 21
8 22
0 19
0 20
0 21
0 22
6 14
1 14
1 15
3 13
4 13
5 13
2 13
6 13
1 13
3 23
4 23
5 23
2 23
6 23
1 23
7 23
0 23
8 23
9 19
9 20
9 21
9 22
0
Yes
9 29
9 30
10 29
10 30
0
Yes
17 45
18 45
17 44
17 46
18 44
18 46
16 45
19 45
16 44
19 46
17 43
17 47
18 43
18 47
15 45
16 43
16 47
15 44
17 42
17 48
18 42
18 48
15 43
16 42
16 48
19 42
15 42
0
No
0
Yes
0 0
0 1
0 2
0 3
0 4
0 5
1 0
1 1
1 2
1 3
1 4
1 5
2 0
2 1
2 2
2 3
2 4
2 5
3 0
3 1
3 2
3 3
3 4
3 5
0
Yes
5 8
4 8
4 7
5 7
4 9
5 9
6 7
6 8
6 9
5 6
4 6
6 6
5 10
4 10
6 10
7 8
7 7
7 9
7 6
7 10
3 7
3 8
3 9
3 6
3 10
2 8
2 7
2 9
2 6
2 10
4 5
5 5
6 5
7 5
4 11
5 11
6 11
3 11
7 11
2 11
8 7
8 8
8 9
8 6
8 10
8 11
5 4
6 4
4 4
7 4
5 12
4 12
6 12
3 12
7 12
2 12
8 12
9 8
9 7
9 6
1 7
1 8
1 9
1 10
1 11
1 6
1 12
9 10
9 11
9 12
0 8
0 7
0 9
0 10
0 11
0 6
0 12
4 3
5 3
6 3
7 3
10 7
10 8
10 6
7 13
8 13
8 3
5 2
6 2
7 2
4 2
8 2
11 8
11 6
0
No
0
Yes
44 34
44 35
44 36
44 37
44 38
44 39
45 34
45 35
45 36
45 37
45 38
45 39
46 34
46 35
46 36
46 37
46 38
46 39
47 34
47 35
47 36
47 37
47 38
47 39
48 34
48 35
48 36
48 37
48 38
48 39
49 34
49 35
49 36
49 37
49 38
49 39
0
Yes
27 34
27 35
27 36
28 34
28 35
0
Yes
28 0
28 1
28 2
28 3
28 4
28 5
29 0
29 1
29 2
29 3
29 4
29 5
30 0
30 1
30 2
30 3
30 4
30 5
31 0
31 1
31 2
31 3
31 4
31 5
32 0
32 1
32 2
32 3
32 4
32 5
33 0
33 1
33 2
33 3
33 4
33 5
34 0
34 1
34 2
34 3
34 4
34 5
35 0
35 1
35 2
35 3
35 4
0
No
0
Yes
0 6
0 7
0 8
0 9
0 10
0 11
0 12
1 6
1 7
1 8
1 9
1 10
1 11
1 12
2 6
2 7
2 8
2 9
2 10
2 11
2 12
3 6
3 7
3 8
3 9
3 10
3 11
3 12
4 6
4 7
4 8
4 9
4 10
4 11
4 12
5 6
5 7
5 8
5 9
5 10
5 11
5 12
6 6
6 7
6 8
6 9
6 10
6 11
6 12
7 6
7 7
0
Yes
43 0
43 1
43 2
44 0
44 1
44 2
45 0
45 1
45 2
46 0
46 1
46 2
47 0
47 1
0
No
0
Yes
19 17
18 17
18 16
19 16
20 16
20 17
19 15
18 15
20 15
21 17
21 16
21 15
17 16
17 17
17 15
16 17
16 16
16 15
18 14
19 14
20 14
17 14
21 14
22 16
22 15
22 14
19 13
18 13
20 13
21 13
17 13
22 13
15 16
15 17
15 15
14 17
14 16
14 15
23 14
23 13
14 18
18 12
19 12
20 12
21 12
22 12
17 12
23 12
16 12
19 11
18 11
20 11
17 11
21 11
22 11
16 11
23 11
13 16
13 17
13 18
13 15
13 19
14 19
14 20
13 20
24 13
24 12
24 11
12 17
12 16
12 18
12 19
12 15
12 20
18 10
19 10
20 10
17 10
21 10
22 10
23 10
16 10
24 10
13 21
14 21
12 21
15 11
15 10
12 14
25 12
25 11
25 10
19 9
18 9
20 9
17 9
21 9
16 9
22 9
23 9
24 9
15 9
25 9
11 16
11 17
11 18
11 15
11 19
11 20
11 14
11 21
12 22
13 22
11 22
14 10
14 11
14 9
14 12
13 12
13 11
13 13
14 13
10 17
10 18
10 19
10 20
10 21
10 22
18 8
19 8
17 8
16 8
15 8
26 11
26 10
26 12
26 9
11 23
10 23
19 7
18 7
17 7
16 7
15 7
9 18
9 17
0
Yes
15 42
15 43
15 44
15 45
16 42
16 43
16 44
16 45
17 42
17 43
17 44
17 45
18 42
18 43
18 44
18 45
0
Yes
16 24
16 25
17 24
17 25
18 24
18 25
0
Yes
18 36
17 36
17 35
18 35
19 35
19 36
18 34
17 34
19 34
20 36
20 35
20 34
16 35
16 36
16 34
15 36
15 35
15 34
17 33
18 33
19 33
16 33
20 33
15 33
21 35
21 34
21 36
21 33
18 32
17 32
19 32
16 32
20 32
15 32
21 32
22 36
22 35
22 34
22 33
22 32
14 35
14 34
14 33
14 36
14 32
13 36
13 35
13 34
13 33
13 32
17 31
18 31
19 31
16 31
20 31
15 31
21 31
14 31
22 31
13 31
23 35
23 34
23 33
23 32
23 36
23 31
23 37
18 30
17 30
19 30
16 30
15 30
14 30
13 30
24 36
24 35
24 34
24 33
24 32
24 37
24 31
12 35
12 34
12 33
12 32
12 31
12 36
12 30
12 37
24 38
23 38
23 39
24 39
21 30
22 30
23 30
11 36
11 35
11 34
11 33
11 32
11 31
11 37
11 30
17 29
16 29
15 29
14 29
13 29
12 29
11 29
19 29
25 35
25 36
25 37
25 34
25 38
25 33
25 32
25 39
25 31
24 40
23 40
11 38
26 36
26 35
26 37
26 34
26 33
26 32
26 31
22 29
23 29
15 28
14 28
13 28
12 28
11 28
0
Yes
40 19
40 20
40 21
40 22
40 23
40 24
40 25
41 19
41 20
41 21
41 22
41 23
41 24
41 25
42 19
42 20
42 21
42 22
42 23
42 24
42 25
43 19
43 20
43 21
43 22
43 23
43 24
43 25
44 19
44 20
44 21
44 22
44 23
44 24
44 25
45 19
45 20
0
No
0
Yes
42 38
42 39
41 38
41 39
43 38
43 39
42 37
42 40
41 37
41 40
43 37
43 40
40 38
40 39
40 37
40 40
42 36
42 41
44 40
41 36
41 41
43 36
43 41
39 38
39 39
40 36
40 41
44 41
39 37
39 40
42 35
42 42
41 35
43 35
43 42
39 36
40 35
44 42
42 34
39 35
41 34
43 34
0
No
0
No
0
Yes
31 3
31 4
30 3
30 4
32 3
32 4
31 2
31 5
30 2
30 5
32 2
32 5
29 3
29 4
33 3
33 4
29 2
29 5
31 1
33 2
33 5
30 1
32 1
28 3
28 4
34 3
34 4
29 1
33 1
28 2
28 5
34 2
34 5
31 0
30 0
32 0
28 1
34 1
27 3
27 4
29 0
33 0
35 3
35 4
27 2
27 5
35 2
28 0
34 0
27 1
27 6
35 1
26 3
26 4
26 2
26 5
27 0
35 0
26 1
26 6
25 3
25 4
26 0
25 2
25 5
25 1
0
Yes
19 9
19 10
19 11
19 12
19 13
20 9
20 10
20 11
20 12
20 13
21 9
21 10
21 11
21 12
21 13
22 9
22 10
22 11
22 12
22 13
23 9
23 10
23 11
23 12
23 13
24 9
24 10
24 11
24 12
24 13
25 9
25 10
25 11
25 12
0
Yes
39 22
38 22
38 21
39 21
38 23
39 23
39 20
38 20
39 24
38 24
37 21
37 22
37 20
36 22
36 21
36 20
36 23
38 19
37 19
39 19
36 19
35 21
35 22
35 20
35 23
35 19
35 24
37 18
36 18
35 18
34 22
34 21
34 23
34 20
34 19
34 24
34 18
34 25
36 17
35 17
37 17
34 17
33 21
33 22
33 23
33 20
33 24
33 19
33 18
33 17
37 16
36 16
35 16
34 16
33 16
32 22
32 21
32 23
32 20
32 19
32 18
32 17
32 16
36 15
35 15
34 15
33 15
37 15
32 15
31 20
31 19
31 18
31 17
31 16
31 15
30 19
30 18
30 17
30 16
30 20
30 15
29 20
29 18
29 16
29 15
28 15
28 16
34 26
0
Yes
13 17
12 17
12 16
13 16
12 18
13 18
14 16
14 17
14 18
13 15
12 15
14 15
13 19
12 19
14 19
15 17
15 16
15 15
11 16
11 17
11 18
11 15
11 19
10 17
10 18
10 19
12 14
11 14
12 20
13 20
11 20
14 20
10 20
16 16
16 17
16 15
13 21
12 21
11 21
14 21
10 21
17 17
17 16
17 15
9 18
9 17
17 14
12 22
13 22
11 22
10 22
18 16
18 15
18 17
18 14
19 17
19 16
19 15
19 14
0
Yes
7 37
7 38
6 37
6 38
8 37
8 38
7 36
7 39
6 36
6 39
8 36
8 39
5 37
5 38
9 37
9 38
5 36
5 39
7 35
7 40
9 36
9 39
6 35
6 40
8 35
8 40
4 37
4 38
10 37
10 38
5 35
5 40
9 35
9 40
4 36
4 39
10 36
10 39
7 34
7 41
6 34
6 41
8 34
8 41
4 35
4 40
10 35
10 40
5 34
5 41
9 34
9 41
3 36
3 39
7 33
7 42
4 34
4 41
6 33
6 42
8 33
8 42
10 34
3 35
3 40
5 33
5 42
9 33
9 42
3 41
4 33
4 42
10 33
7 32
7 43
6 32
8 32
8 43
5 32
5 43
9 32
9 43
3 42
4 32
4 43
10 32
10 43
7 31
6 31
8 31
3 43
5 31
9 31
4 31
0
Yes
2 44
2 45
2 46
2 47
2 48
2 49
3 44
3 45
3 46
3 47
3 48
3 49
4 44
4 45
4 46
4 47
4 48
4 49
5 44
5 45
5 46
5 47
5 48
5 49
0
No
0
Yes
26 46
26 47
26 48
26 49
27 46
27 47
27 48
27 49
28 46
28 47
28 48
28 49
29 46
29 47
29 48
29 49
30 46
30 47
30 48
30 49
31 46
31 47
31 48
31 49
0
No
0
No
0
Yes
7 0
7 1
7 2
7 3
8 0
8 1
8 2
8 3
9 0
9 1
9 2
9 3
10 0
10 1
10 2
0
Yes
48 0
48 1
49 0
49 1
0
Yes
3 27
2 27
2 26
3 26
2 28
3 28
4 26
4 27
4 28
3 29
2 29
4 29
5 27
5 28
5 26
5 29
1 26
1 27
1 28
1 29
4 25
1 25
2 25
0 27
0 26
0 28
0 25
0 29
2 30
3 30
4 30
1 30
5 30
0 30
6 26
6 27
6 28
6 25
0 24
1 24
6 30
1 31
0 31
7 25
7 26
7 24
8 26
8 25
8 24
8 27
0 32
1 32
2 32
9 27
9 26
9 25
9 24
10 26
10 25
10 27
10 24
9 23
10 23
11 27
11 26
11 25
11 24
11 23
12 26
12 27
12 24
13 27
13 26
7 30
0 33
0 34
1 34
1 35
0 35
0 36
1 36
1 37
0 37
0 38
1 38
0
No
0
Yes
26 41
26 42
26 43
26 44
26 45
27 41
27 42
27 43
27 44
27 45
28 41
28 42
28 43
28 44
28 45
29 41
29 42
29 43
29 44
29 45
30 41
30 42
30 43
30 44
30 45
31 41
31 42
31 43
31 44
31 45
32 41
32 42
32 43
32 44
32 45
33 41
33 42
33 43
33 44
33 45
34 41
34 42
34 43
34 44
34 45
35 41
35 42
35 43
35 44
35 45
36 41
36 42
36 43
36 44
36 45
37 41
0
Yes
43 23
42 23
43 22
43 24
44 23
42 22
42 24
44 22
44 24
41 23
43 21
43 25
45 23
41 22
41 24
42 21
42 25
44 21
44 25
45 22
45 24
41 21
41 25
45 25
40 23
43 20
40 22
40 24
42 20
44 20
40 21
40 25
41 20
45 20
43 19
42 19
44 19
40 20
40 26
41 19
45 19
40 19
0
Yes
15 7
15 8
15 9
15 10
15 11
16 7
16 8
16 9
16 10
16 11
17 7
17 8
17 9
17 10
17 11
18 7
18 8
18 9
18 10
18 11
19 7
19 8
0
No
0
Yes
39 36
39 37
39 38
39 39
39 40
40 36
40 37
40 38
40 39
40 40
41 36
41 37
41 38
41 39
41 40
42 36
42 37
42 38
42 39
42 40
43 36
43 37
43 38
43 39
43 40
0
No
0
Yes
28 37
28 38
29 37
29 38
30 37
0
Yes
18 40
17 40
18 39
18 41
19 40
17 39
17 41
19 39
19 41
16 40
18 38
20 40
16 39
16 41
17 38
19 38
19 42
20 39
20 41
16 38
20 38
15 40
18 37
21 40
15 39
15 41
17 37
19 37
21 39
21 41
15 38
16 37
20 37
21 38
14 40
22 40
14 39
14 41
22 39
15 37
21 37
14 38
14 42
22 38
14 37
22 37
13 39
13 41
13 42
0
Yes
7 10
7 11
7 12
7 13
8 10
8 11
8 12
8 13
9 10
9 11
9 12
0
Yes
0 0
0 1
0 2
0 3
1 0
1 1
1 2
1 3
2 0
2 1
2 2
2 3
3 0
3 1
3 2
3 3
0
Yes
8 6
8 7
8 8
9 6
9 7
9 8
10 6
10 7
10 8
11 6
0
No
0
Yes
22 2
22 3
22 4
22 5
22 6
23 2
23 3
23 4
23 5
23 6
24 2
24 3
24 4
0
Yes
42 13
42 14
43 13
43 14
41 13
41 14
42 12
42 15
43 12
43 15
44 13
44 14
41 12
41 15
44 12
44 15
40 13
40 14
42 11
42 16
43 11
43 16
45 13
45 14
40 12
40 15
41 11
41 16
44 11
44 16
45 12
45 15
39 13
39 14
40 11
40 16
42 10
42 17
43 10
43 17
45 11
45 16
46 13
46 14
39 12
39 15
41 10
41 17
44 10
44 17
46 12
46 15
39 11
39 16
40 10
40 17
45 10
45 17
46 11
46 16
38 13
38 14
42 9
42 18
43 9
43 18
38 12
38 15
41 9
41 18
44 9
44 18
39 10
39 17
46 10
46 17
38 11
38 16
40 9
40 18
45 9
45 18
42 8
43 8
38 10
38 17
39 9
39 18
41 8
46 9
40 8
45 8
38 9
38 18
39 8
46 8
38 8
0
Yes
46 31
45 31
45 30
46 30
45 32
46 32
47 30
47 31
47 32
46 29
45 29
47 29
46 33
45 33
47 33
48 31
48 30
48 32
48 29
48 33
44 30
44 31
44 32
44 29
44 33
43 31
43 30
43 32
43 29
43 33
45 28
46 28
47 28
44 28
48 28
43 28
49 30
49 31
49 32
49 29
49 33
49 28
46 27
45 27
47 27
44 27
48 27
43 27
49 27
42 30
42 31
42 32
42 29
42 28
42 33
42 27
43 34
42 34
41 31
41 30
41 32
41 29
41 33
41 28
41 34
41 27
45 26
46 26
47 26
44 26
48 26
43 26
42 26
49 26
41 26
42 35
43 35
41 35
43 36
42 36
41 36
46 25
47 25
48 25
49 25
40 34
40 35
40 36
47 24
48 24
46 24
49 24
42 37
41 37
43 37
40 37
43 38
42 38
41 38
40 38
46 23
47 23
48 23
49 23
39 35
39 36
39 37
39 38
42 39
41 39
40 39
43 39
39 39
0
Yes
18 24
18 25
19 24
19 25
20 24
0
Yes
13 11
13 12
13 13
14 11
14 12
14 13
0
Yes
15 42
15 43
15 44
15 45
16 42
16 43
16 44
16 45
17 42
17 43
17 44
17 45
18 42
18 43
0
No
0
Yes
42 46
42 47
43 46
43 47
44 46
44 47
0
Yes
4 31
4 32
4 33
4 34
4 35
4 36
5 31
5 32
5 33
5 34
5 35
5 36
6 31
6 32
6 33
6 34
6 35
6 36
7 31
7 32
7 33
7 34
7 35
7 36
8 31
8 32
8 33
8 34
8 35
8 36
9 31
9 32
9 33
9 34
9 35
9 36
10 31
10 32
10 33
10 34
10 35
10 36
0
Yes
34 10
34 11
34 12
34 13
34 14
35 10
35 11
35 12
35 13
35 14
36 10
36 11
36 12
36 13
36 14
37 10
37 11
37 12
37 13
37 14
0
No
0
Yes
44 3
44 4
45 3
45 4
46 3
0
Yes
7 0
7 1
7 2
8 0
8 1
8 2
9 0
9 1
9 2
10 0
10 1
10 2
0
No
0
Yes
30 6
30 7
30 8
30 9
30 10
30 11
30 12
30 13
30 14
31 6
31 7
31 8
31 9
31 10
31 11
31 12
31 13
31 14
32 6
32 7
32 8
32 9
32 10
32 11
32 12
32 13
32 14
33 6
33 7
33 8
33 9
33 10
33 11
33 12
33 13
33 14
34 6
34 7
34 8
34 9
34 10
34 11
34 12
34 13
34 14
35 6
35 7
35 8
35 9
35 10
35 11
35 12
35 13
35 14
36 6
36 7
36 8
36 9
36 10
36 11
36 12
36 13
36 14
37 6
37 7
37 8
37 9
37 10
37 11
37 12
37 13
37 14
38 6
38 7
38 8
38 9
38 10
38 11
38 12
38 13
38 14
39 6
39 7
39 8
39 9
39 10
39 11
39 12
39 13
39 14
40 6
40 7
40 8
40 9
40 10
40 11
40 12
40 13
40 14
41 6
41 7
41 8
41 9
41 10
41 11
0
Yes
41 26
41 27
41 28
41 29
41 30
41 31
41 32
41 33
42 26
42 27
42 28
42 29
42 30
42 31
42 32
42 33
43 26
43 27
43 28
43 29
43 30
43 31
43 32
43 33
44 26
44 27
44 28
44 29
44 30
44 31
44 32
44 33
45 26
45 27
45 28
45 29
45 30
45 31
45 32
45 33
46 26
46 27
46 28
46 29
46 30
46 31
46 32
46 33
47 26
47 27
47 28
47 29
47 30
47 31
47 32
47 33
48 26
48 27
48 28
48 29
48 30
48 31
48 32
48 33
49 26
49 27
49 28
49 29
49 30
49 31
49 32
49 33
0
Yes
25 0
25 1
25 2
25 3
25 4
25 5
26 0
26 1
26 2
26 3
26 4
26 5
27 0
27 1
27 2
27 3
27 4
27 5
28 0
28 1
28 2
28 3
28 4
28 5
29 0
29 1
29 2
29 3
29 4
29 5
30 0
30 1
30 2
30 3
30 4
30 5
31 0
31 1
31 2
31 3
31 4
31 5
32 0
32 1
32 2
32 3
32 4
32 5
33 0
0
Yes
24 21
24 22
24 23
24 24
24 25
24 26
24 27
24 28
24 29
24 30
25 21
25 22
25 23
25 24
25 25
25 26
25 27
25 28
25 29
25 30
26 21
26 22
26 23
26 24
26 25
26 26
26 27
26 28
26 29
26 30
27 21
27 22
27 23
27 24
27 25
27 26
27 27
27 28
27 29
27 30
28 21
28 22
28 23
28 24
28 25
28 26
28 27
28 28
28 29
28 30
29 21
29 22
29 23
29 24
29 25
29 26
29 27
29 28
29 29
29 30
30 21
30 22
30 23
30 24
30 25
30 26
30 27
30 28
30 29
30 30
31 21
31 22
31 23
31 24
0
Yes
44 40
44 41
44 42
44 43
44 44
45 40
45 41
45 42
45 43
45 44
46 40
46 41
46 42
46 43
46 44
47 40
47 41
47 42
47 43
47 44
48 40
48 41
48 42
48 43
48 44
49 40
49 41
49 42
49 43
49 44
0
Yes
40 34
40 35
40 36
40 37
40 38
40 39
41 34
41 35
41 36
41 37
41 38
41 39
42 34
42 35
42 36
42 37
42 38
42 39
43 34
43 35
43 36
43 37
43 38
43 39
44 34
44 35
44 36
44 37
44 38
44 39
45 34
45 35
45 36
45 37
45 38
45 39
46 34
46 35
46 36
46 37
46 38
46 39
47 34
47 35
47 36
47 37
47 38
47 39
48 34
48 35
48 36
48 37
48 38
48 39
49 34
49 35
0
Yes
4 31
4 32
4 33
4 34
4 35
4 36
5 31
5 32
5 33
5 34
5 35
5 36
6 31
6 32
6 33
6 34
6 35
6 36
7 31
7 32
7 33
7 34
7 35
7 36
8 31
8 32
8 33
8 34
8 35
8 36
9 31
9 32
9 33
9 34
9 35
9 36
10 31
10 32
10 33
10 34
10 35
10 36
0
Yes
38 20
39 20
38 19
38 21
39 19
39 21
37 20
40 20
37 19
37 21
40 19
40 21
38 18
38 22
39 18
39 22
36 20
37 18
37 22
40 18
40 22
41 20
36 19
36 21
41 19
41 21
38 17
38 23
39 17
39 23
36 18
36 22
41 18
41 22
37 17
40 17
40 23
35 20
42 20
35 19
35 21
42 19
42 21
36 17
36 23
41 17
41 23
35 18
35 22
38 16
38 24
39 16
39 24
42 18
42 22
37 16
40 16
40 24
34 20
43 20
34 19
34 21
35 17
35 23
42 17
42 23
43 19
43 21
36 16
41 16
41 24
34 18
34 22
43 18
43 22
38 15
39 15
37 15
40 15
35 16
35 24
42 16
42 24
34 17
34 23
43 17
43 23
33 20
44 20
33 19
33 21
36 15
41 15
44 19
44 21
33 18
33 22
44 18
44 22
34 16
34 24
43 16
43 24
35 15
42 15
33 17
33 23
44 17
44 23
32 20
32 19
32 21
34 15
43 15
32 18
32 22
33 16
33 24
44 16
44 24
32 17
32 23
33 15
44 15
32 16
32 15
0
Yes
28 15
28 16
29 15
29 16
0
No
0
Yes
0 0
0 1
0 2
0 3
1 0
1 1
1 2
1 3
2 0
2 1
2 2
2 3
3 0
3 1
3 2
3 3
0
No
0
Yes
45 45
45 46
45 47
46 45
46 46
46 47
47 45
47 46
47 47
48 45
48 46
48 47
49 45
0
Yes
9 43
9 44
9 45
10 43
10 44
10 45
11 43
11 44
11 45
12 43
0
No
0
No
0
Yes
1 18
1 19
1 20
1 21
1 22
1 23
2 18
2 19
2 20
2 21
2 22
2 23
3 18
3 19
3 20
3 21
3 22
3 23
4 18
4 19
4 20
4 21
4 22
4 23
5 18
5 19
5 20
5 21
5 22
5 23
6 18
6 19
6 20
6 21
6 22
6 23
7 18
7 19
7 20
7 21
7 22
0
Yes
32 15
32 16
32 17
32 18
32 19
32 20
32 21
32 22
33 15
33 16
33 17
33 18
33 19
33 20
33 21
33 22
34 15
34 16
34 17
34 18
34 19
34 20
34 21
34 22
35 15
35 16
35 17
35 18
35 19
35 20
35 21
35 22
36 15
36 16
36 17
36 18
36 19
36 20
36 21
36 22
37 15
37 16
37 17
37 18
37 19
37 20
37 21
37 22
38 15
38 16
38 17
38 18
38 19
38 20
38 21
38 22
39 15
39 16
39 17
39 18
39 19
39 20
39 21
39 22
40 15
40 16
40 17
40 18
40 19
40 20
40 21
40 22
41 15
41 16
41 17
41 18
41 19
41 20
41 21
41 22
42 15
42 16
42 17
42 18
42 19
42 20
42 21
42 22
43 15
43 16
43 17
43 18
43 19
43 20
43 21
43 22
44 15
44 16
44 17
44 18
44 19
44 20
44 21
44 22
45 15
45 16
45 17
0
No
0
Yes
43 34
43 35
43 36
43 37
43 38
43 39
44 34
44 35
44 36
44 37
44 38
44 39
45 34
45 35
45 36
45 37
45 38
45 39
46 34
46 35
46 36
46 37
46 38
46 39
47 34
47 35
47 36
47 37
47 38
47 39
48 34
48 35
48 36
48 37
48 38
48 39
49 34
49 35
49 36
49 37
49 38
49 39
0
No
0
Yes
0 28
0 29
0 30
0 31
0 32
1 28
1 29
1 30
1 31
1 32
2 28
2 29
2 30
0
Yes
0 4
0 5
0 6
0 7
0 8
0 9
0 10
1 4
1 5
1 6
1 7
1 8
1 9
1 10
2 4
2 5
2 6
2 7
2 8
2 9
2 10
3 4
3 5
3 6
3 7
3 8
3 9
3 10
4 4
4 5
4 6
4 7
4 8
4 9
4 10
5 4
5 5
5 6
5 7
5 8
5 9
5 10
6 4
6 5
6 6
6 7
6 8
6 9
6 10
7 4
7 5
7 6
7 7
0
Yes
3 26
3 27
3 28
3 29
3 30
4 26
4 27
4 28
4 29
4 30
5 26
5 27
5 28
5 29
5 30
6 26
6 27
6 28
0
Yes
26 6
26 7
26 8
26 9
26 10
26 11
26 12
27 6
27 7
27 8
27 9
27 10
27 11
27 12
28 6
28 7
28 8
28 9
28 10
28 11
28 12
29 6
29 7
29 8
29 9
29 10
29 11
29 12
30 6
30 7
30 8
30 9
30 10
30 11
30 12
31 6
31 7
31 8
31 9
31 10
31 11
31 12
32 6
32 7
32 8
32 9
32 10
32 11
32 12
33 6
33 7
33 8
33 9
33 10
33 11
33 12
34 6
34 7
34 8
34 9
34 10
34 11
34 12
35 6
35 7
35 8
35 9
35 10
35 11
35 12
36 6
36 7
36 8
36 9
36 10
36 11
0
Yes
8 24
8 25
8 26
8 27
9 24
9 25
9 26
9 27
10 24
10 25
10 26
10 27
11 24
11 25
11 26
11 27
12 24
0
Yes
2 46
2 47
2 48
2 49
3 46
3 47
3 48
3 49
4 46
4 47
4 48
4 49
5 46
5 47
5 48
5 49
0
Yes
35 0
35 1
35 2
36 0
36 1
36 2
37 0
37 1
37 2
38 0
38 1
38 2
39 0
39 1
39 2
0
Yes
48 4
47 4
47 5
48 5
49 5
48 6
47 6
49 6
46 5
46 4
46 6
47 7
48 7
49 7
46 7
45 6
45 7
48 8
47 8
46 8
49 8
45 8
47 9
48 9
46 9
49 9
45 9
48 10
47 10
46 10
49 10
45 10
44 9
44 10
47 11
48 11
46 11
45 11
49 11
44 11
43 10
43 9
43 11
43 8
42 8
42 9
42 10
42 11
42 7
43 7
41 7
41 8
41 9
41 10
41 11
41 6
42 6
48 12
47 12
46 12
45 12
44 12
43 12
42 12
49 12
41 12
40 6
40 7
40 8
40 9
40 10
40 11
40 12
40 5
39 5
39 6
39 7
39 8
39 9
39 10
39 11
39 12
39 4
40 4
40 3
39 3
47 13
48 13
46 13
45 13
44 13
43 13
42 13
41 13
40 13
49 13
39 13
38 4
38 5
38 6
38 7
38 8
38 9
38 10
38 11
38 12
38 3
38 13
48 14
47 14
46 14
45 14
44 14
43 14
42 14
41 14
40 14
39 14
49 14
38 14
37 3
37 4
37 5
37 6
37 7
37 8
37 9
37 10
37 11
37 12
0
Yes
19 37
19 38
19 39
19 40
19 41
20 37
20 38
20 39
20 40
20 41
21 37
21 38
21 39
21 40
21 41
22 37
22 38
22 39
22 40
0
No
0
Yes
4 31
4 32
4 33
4 34
4 35
4 36
4 37
4 38
5 31
5 32
5 33
5 34
5 35
5 36
5 37
5 38
6 31
6 32
6 33
6 34
6 35
6 36
6 37
6 38
7 31
7 32
7 33
7 34
7 35
7 36
7 37
7 38
8 31
8 32
8 33
8 34
8 35
8 36
8 37
8 38
9 31
9 32
9 33
9 34
9 35
9 36
9 37
9 38
10 31
10 32
10 33
0
Yes
16 41
16 42
17 41
17 42
15 41
15 42
16 40
16 43
17 40
17 43
18 41
18 42
15 40
15 43
18 40
18 43
14 41
14 42
16 39
16 44
17 39
17 44
14 40
14 43
15 39
15 44
18 39
18 44
14 39
16 38
16 45
17 38
17 45
15 38
15 45
18 38
18 45
14 38
16 37
17 37
15 37
18 37
14 37
0
No
0
Yes
16 24
16 25
17 24
17 25
18 24
18 25
19 24
19 25
0
No
0
Yes
45 23
45 24
45 25
46 23
46 24
46 25
47 23
47 24
47 25
48 23
48 24
48 25
49 23
49 24
49 25
0
Yes
21 9
21 10
21 11
21 12
21 13
22 9
22 10
22 11
22 12
22 13
23 9
23 10
23 11
23 12
23 13
24 9
24 10
24 11
24 12
24 13
25 9
25 10
25 11
25 12
0
Yes
2 40
2 41
2 42
2 43
2 44
2 45
3 40
3 41
3 42
3 43
3 44
3 45
4 40
4 41
4 42
4 43
4 44
4 45
5 40
5 41
5 42
5 43
5 44
5 45
6 40
6 41
6 42
0
No
0
No
0
No
0
Yes
30 38
30 39
30 40
31 38
31 39
31 40
32 38
32 39
32 40
33 38
33 39
0
Yes
10 32
9 32
9 31
10 31
9 33
10 33
10 30
9 30
10 34
9 34
8 31
8 32
8 33
8 34
7 32
7 33
7 31
7 34
9 29
10 29
9 35
8 35
10 35
7 35
7 30
10 36
9 36
8 36
7 36
6 31
6 32
6 33
6 34
6 35
6 30
6 36
5 32
5 31
5 33
5 34
5 35
5 30
5 36
9 37
8 37
7 37
6 37
10 37
5 37
5 29
10 38
9 38
8 38
7 38
6 38
5 38
4 31
4 32
4 33
4 30
4 34
4 35
4 36
4 37
4 29
4 38
9 39
8 39
7 39
6 39
5 39
10 39
4 39
4 28
5 28
6 28
6 27
5 27
4 27
3 30
3 29
3 28
3 27
3 35
3 36
5 26
4 26
6 26
3 26
7 26
7 25
6 25
8 25
8 26
8 27
9 27
9 26
9 25
10 26
10 27
10 25
11 27
11 26
11 25
12 26
12 27
13 27
13 26
10 24
9 24
8 24
7 24
11 24
10 40
9 40
8 40
7 40
11 40
12 24
9 23
10 23
11 23
8 23
7 23
9 41
8 41
0
No
0
Yes
0 4
0 5
0 6
0 7
0 8
0 9
0 10
1 4
1 5
1 6
1 7
1 8
1 9
1 10
2 4
2 5
2 6
2 7
2 8
2 9
2 10
3 4
3 5
3 6
3 7
3 8
3 9
3 10
4 4
4 5
4 6
4 7
4 8
4 9
4 10
5 4
5 5
5 6
5 7
5 8
5 9
5 10
0
Yes
0 19
0 20
0 21
0 22
0 23
1 19
1 20
1 21
1 22
1 23
2 19
2 20
2 21
2 22
2 23
3 19
3 20
3 21
3 22
3 23
4 19
4 20
4 21
4 22
4 23
5 19
5 20
5 21
5 22
5 23
6 19
6 20
6 21
6 22
6 23
0
Yes
20 9
20 10
20 11
20 12
20 13
20 14
20 15
21 9
21 10
21 11
21 12
21 13
21 14
21 15
22 9
22 10
22 11
22 12
22 13
22 14
22 15
23 9
23 10
23 11
23 12
23 13
23 14
0
Yes
31 10
31 11
30 10
30 11
32 10
32 11
31 9
31 12
30 9
30 12
32 9
32 12
29 10
29 11
33 10
33 11
29 9
29 12
31 8
31 13
33 9
33 12
30 8
30 13
32 8
32 13
28 10
28 11
34 10
34 11
29 8
33 8
33 13
28 9
28 12
34 9
34 12
31 7
31 14
30 7
30 14
32 7
32 14
28 8
34 8
34 13
27 10
27 11
29 7
33 7
33 14
35 10
35 11
27 9
27 12
35 9
35 12
31 6
28 7
30 6
32 6
34 7
34 14
27 8
35 8
35 13
29 6
33 6
26 10
26 11
36 10
36 11
26 9
26 12
36 9
36 12
27 7
35 7
35 14
28 6
34 6
26 8
36 8
36 13
25 10
25 11
27 6
35 6
26 7
36 7
36 14
25 9
25 12
25 8
0
Yes
23 21
23 22
23 23
23 24
23 25
23 26
23 27
23 28
24 21
24 22
24 23
24 24
24 25
24 26
24 27
24 28
25 21
25 22
25 23
25 24
25 25
25 26
25 27
25 28
26 21
26 22
26 23
26 24
26 25
26 26
26 27
26 28
27 21
27 22
27 23
27 24
27 25
27 26
27 27
27 28
28 21
28 22
28 23
28 24
28 25
28 26
28 27
28 28
29 21
29 22
29 23
29 24
29 25
29 26
29 27
29 28
30 21
30 22
30 23
30 24
30 25
30 26
30 27
0
Yes
13 11
13 12
13 13
14 11
14 12
14 13
0
Yes
0 34
0 35
0 36
0 37
1 34
1 35
1 36
1 37
0
No
0
No
0
Yes
4 11
3 11
3 10
4 10
3 12
4 12
5 10
5 11
5 12
4 9
3 9
5 9
4 13
3 13
5 13
6 11
6 10
6 12
6 9
6 13
2 10
2 11
2 12
2 9
2 13
1 11
1 10
1 12
1 9
1 13
3 8
4 8
5 8
2 8
6 8
1 8
3 14
4 14
5 14
2 14
6 14
1 14
7 10
7 11
7 12
7 9
7 13
7 8
7 14
4 7
3 7
5 7
2 7
6 7
1 7
7 7
4 15
3 15
5 15
2 15
1 15
8 11
8 10
8 12
8 9
8 13
8 8
8 7
0 10
0 11
0 12
0 9
0 13
0 8
0 7
3 6
4 6
5 6
2 6
6 6
1 6
7 6
0 6
8 6
3 16
4 16
5 16
9 10
9 11
9 12
6 16
9 8
9 7
9 6
4 5
3 5
5 5
2 5
6 5
1 5
7 5
0 5
4 17
5 17
3 17
6 17
7 17
7 16
3 4
4 4
5 4
2 4
6 4
1 4
7 4
0 4
3 18
4 18
5 18
6 18
7 18
10 7
10 8
10 6
0
No
0
No
0
Yes
26 46
26 47
26 48
26 49
27 46
27 47
27 48
27 49
28 46
28 47
28 48
28 49
29 46
29 47
29 48
29 49
30 46
30 47
30 48
30 49
31 46
31 47
31 48
31 49
0
No
0
Yes
14 37
14 38
14 39
14 40
14 41
14 42
14 43
15 37
15 38
15 39
15 40
15 41
15 42
15 43
16 37
16 38
16 39
16 40
16 41
16 42
16 43
17 37
17 38
17 39
17 40
17 41
17 42
17 43
18 37
18 38
18 39
18 40
18 41
18 42
18 43
0
No
0
Yes
16 24
16 25
17 24
17 25
18 24
18 25
19 24
19 25
0
Yes
39 35
39 36
39 37
39 38
39 39
39 40
40 35
40 36
40 37
40 38
40 39
40 40
41 35
41 36
41 37
41 38
41 39
41 40
42 35
42 36
42 37
42 38
42 39
42 40
0
Yes
29 0
29 1
29 2
29 3
29 4
29 5
30 0
30 1
30 2
30 3
30 4
30 5
31 0
31 1
31 2
31 3
31 4
31 5
32 0
32 1
32 2
32 3
32 4
32 5
33 0
33 1
33 2
33 3
33 4
33 5
34 0
34 1
34 2
34 3
34 4
34 5
0
No
0
Yes
22 13
21 13
22 12
22 14
23 13
21 12
21 14
23 12
23 14
20 13
22 11
22 15
24 13
20 12
20 14
21 11
21 15
23 11
24 12
20 11
20 15
24 11
19 13
22 10
22 16
19 12
21 10
21 16
23 10
23 16
19 11
20 10
20 16
24 10
24 16
22 9
21 9
23 9
19 10
20 9
24 9
19 9
0
Yes
2 40
2 41
2 42
2 43
2 44
2 45
3 40
3 41
3 42
3 43
3 44
3 45
4 40
4 41
4 42
4 43
4 44
4 45
5 40
5 41
5 42
5 43
5 44
5 45
6 40
0
Yes
25 0
25 1
25 2
25 3
25 4
26 0
26 1
26 2
26 3
26 4
27 0
27 1
27 2
27 3
27 4
28 0
28 1
28 2
28 3
0
Yes
21 7
20 7
20 6
21 6
22 6
21 5
20 5
22 5
19 6
19 5
23 5
23 6
22 4
23 4
18 5
18 6
17 6
17 5
24 4
24 5
23 3
22 3
24 3
21 3
25 5
17 4
22 2
23 2
24 2
16 5
16 6
20 3
19 3
26 5
26 6
27 6
27 5
27 7
26 7
26 8
27 8
25 8
25 9
26 9
27 9
26 10
25 10
27 10
25 11
26 11
27 11
28 7
28 6
28 8
28 9
28 10
28 5
28 11
26 12
27 12
25 12
28 12
28 4
29 6
29 7
29 8
29 9
29 10
29 11
29 12
30 7
30 8
30 9
30 10
30 11
30 6
30 12
31 6
31 7
31 8
31 9
31 10
31 11
31 12
30 13
31 13
32 7
32 8
32 9
32 10
32 11
32 12
32 6
32 13
33 6
33 7
33 8
33 9
33 10
33 11
33 12
33 13
31 14
32 14
30 14
33 14
30 15
31 15
29 15
29 16
30 16
31 16
28 16
28 15
34 7
34 8
34 9
34 10
34 11
34 12
34 13
34 6
34 14
30 17
31 17
35 6
35 7
35 8
35 9
35 10
35 11
35 12
35 13
35 14
35 5
31 18
30 18
29 18
30 19
31 19
36 7
36 6
36 8
36 9
36 10
36 11
36 12
36 13
36 5
36 14
0
Yes
20 9
20 10
20 11
20 12
20 13
20 14
21 9
21 10
21 11
21 12
21 13
21 14
22 9
22 10
22 11
22 12
22 13
22 14
23 9
23 10
23 11
23 12
23 13
23 14
24 9
24 10
24 11
24 12
24 13
0
No
0
No
0
Yes
13 0
13 1
14 0
14 1
15 0
15 1
0
Yes
4 2
4 3
4 4
4 5
4 6
4 7
5 2
5 3
5 4
5 5
5 6
5 7
6 2
6 3
6 4
6 5
6 6
6 7
7 2
7 3
7 4
7 5
7 6
7 7
8 2
8 3
0
Yes
4 11
3 11
3 10
4 10
3 12
4 12
5 10
5 11
5 12
4 9
3 9
5 9
4 13
3 13
5 13
6 11
6 10
6 12
6 9
6 13
2 10
2 11
2 12
2 9
2 13
1 11
1 10
1 12
1 9
1 13
3 8
4 8
5 8
2 8
6 8
1 8
3 14
4 14
5 14
2 14
6 14
1 14
7 10
7 11
7 12
7 9
7 13
7 8
7 14
4 15
3 15
5 15
2 15
1 15
8 11
8 10
8 12
8 9
8 13
8 8
0 10
0 11
0 12
0 9
0 13
0 8
2 7
3 7
1 7
0 7
3 6
2 6
1 6
0 6
3 16
4 16
5 16
9 10
9 11
9 12
6 16
8 7
9 8
9 7
4 17
5 17
3 17
6 17
2 5
1 5
3 5
0 5
7 17
7 16
3 4
2 4
1 4
0 4
3 18
4 18
5 18
6 18
7 18
9 6
8 6
10 7
10 8
0
No
0
No
0
No
0
No
0
No
0
No
0
No
0
Yes
9 43
9 44
9 45
10 43
10 44
10 45
11 43
11 44
11 45
0
No
0
Yes
45 34
45 35
45 36
45 37
45 38
45 39
46 34
46 35
46 36
46 37
46 38
46 39
47 34
47 35
47 36
47 37
47 38
47 39
48 34
48 35
48 36
48 37
48 38
48 39
49 34
49 35
49 36
49 37
49 38
0
No
0
No
0
Yes
21 21
22 21
21 20
21 22
22 20
22 22
20 21
20 20
20 22
23 20
21 19
21 23
22 19
22 23
19 21
20 19
20 23
23 19
19 20
19 22
24 20
21 18
22 18
19 19
19 23
24 19
20 18
23 18
18 21
18 20
18 22
25 20
19 18
24 18
18 19
18 23
25 19
17 21
17 20
17 22
18 18
26 20
17 19
17 23
26 19
17 18
26 18
16 21
16 20
16 22
27 20
16 19
16 23
27 19
16 18
27 18
15 21
15 20
15 22
15 19
15 23
0
Yes
27 34
27 35
27 36
28 34
28 35
0
No
0
No
0
Yes
35 32
34 32
35 31
35 33
36 32
34 31
34 33
36 31
36 33
33 32
35 30
37 32
33 31
33 33
34 30
34 34
36 30
37 31
37 33
33 30
33 34
37 30
32 32
35 29
38 32
32 31
32 33
34 29
34 35
35 35
36 29
38 31
38 33
32 30
32 34
33 29
33 35
37 29
38 30
38 34
31 32
35 28
39 32
31 31
31 33
34 28
36 28
39 31
39 33
32 29
32 35
38 29
38 35
37 35
31 30
31 34
33 28
37 28
39 30
39 34
30 32
31 29
31 35
32 28
38 28
39 29
39 35
40 32
30 31
40 31
40 33
30 30
40 30
40 34
31 28
39 28
30 29
40 29
40 35
29 31
29 30
30 28
40 28
29 29
0
Yes
34 26
34 27
35 26
35 27
0
No
0
No
0
No
0
No
0
Yes
13 11
13 12
13 13
14 11
14 12
14 13
0
Yes
33 23
33 24
34 23
34 24
35 23
35 24
36 23
0
Yes
21 13
20 13
20 12
21 12
20 14
21 14
22 12
22 13
22 14
21 11
20 11
22 11
21 15
20 15
22 15
23 13
23 12
23 14
23 11
19 12
19 13
19 14
19 11
19 15
18 13
18 12
18 14
18 15
20 10
21 10
22 10
19 10
23 10
20 16
21 16
19 16
22 16
18 16
24 12
24 13
24 11
24 10
23 16
21 9
20 9
22 9
23 9
19 9
24 9
21 17
20 17
19 17
18 17
17 12
17 13
17 14
17 15
17 16
17 17
16 15
16 16
16 17
15 16
15 15
15 17
14 15
14 16
14 17
15 18
14 18
13 16
13 17
13 15
13 18
12 15
12 16
12 17
12 18
12 14
14 19
13 19
12 19
11 14
11 15
11 16
11 17
11 18
11 19
13 20
12 20
14 20
11 20
14 21
13 21
12 21
11 21
10 17
10 18
10 19
10 20
10 21
13 22
12 22
11 22
10 22
9 18
9 19
9 20
9 21
9 17
9 22
8 19
8 18
8 20
8 21
8 22
7 20
7 19
7 21
7 22
24 16
0
No
0
Yes
15 44
15 45
16 44
16 45
17 44
17 45
18 44
18 45
0
Yes
33 41
33 42
33 43
33 44
33 45
33 46
33 47
34 41
34 42
34 43
34 44
34 45
34 46
34 47
35 41
35 42
35 43
35 44
35 45
35 46
35 47
36 41
36 42
36 43
36 44
36 45
36 46
36 47
37 41
37 42
37 43
37 44
37 45
37 46
0
No
0
Yes
32 41
31 41
31 42
32 42
32 43
31 43
30 42
30 41
30 43
29 41
29 42
29 43
29 40
31 44
30 44
32 44
29 44
32 45
31 45
30 45
29 45
28 40
28 41
28 42
28 43
28 44
28 45
27 41
27 42
27 43
27 44
27 40
27 45
26 40
26 41
26 42
26 43
26 44
26 45
26 39
25 41
25 40
25 42
25 43
25 44
25 45
24 43
24 44
24 45
23 44
29 39
29 38
28 38
28 37
29 37
30 37
0
No
0
No
0
Yes
0 34
0 35
0 36
0 37
0 38
1 34
1 35
1 36
1 37
1 38
0
No
0
No
0
No
0
Yes
25 40
25 41
25 42
25 43
25 44
25 45
26 40
26 41
26 42
26 43
26 44
26 45
27 40
27 41
27 42
27 43
27 44
27 45
28 40
28 41
28 42
28 43
28 44
28 45
29 40
29 41
29 42
29 43
0
Yes
26 6
26 7
26 8
26 9
26 10
26 11
26 12
27 6
27 7
27 8
27 9
27 10
27 11
27 12
28 6
28 7
28 8
28 9
28 10
28 11
28 12
29 6
29 7
29 8
29 9
29 10
29 11
29 12
30 6
30 7
30 8
30 9
30 10
30 11
30 12
31 6
31 7
31 8
31 9
31 10
31 11
31 12
32 6
32 7
32 8
32 9
32 10
32 11
32 12
33 6
33 7
33 8
0
Yes
7 0
7 1
7 2
8 0
8 1
8 2
9 0
9 1
9 2
10 0
10 1
10 2
11 0
0
No
0
Yes
44 40
44 41
44 42
44 43
44 44
45 40
45 41
45 42
45 43
45 44
46 40
46 41
46 42
46 43
46 44
47 40
47 41
47 42
47 43
47 44
48 40
48 41
48 42
48 43
48 44
49 40
49 41
49 42
49 43
0
No
0
Yes
35 8
34 8
34 7
35 7
34 9
35 9
36 7
36 8
36 9
35 6
34 6
36 6
35 10
34 10
36 10
33 9
33 10
34 11
35 11
36 11
33 11
36 5
35 5
35 4
36 4
35 12
34 12
36 12
33 12
34 13
35 13
36 13
33 13
36 3
35 3
37 13
32 13
35 14
34 14
36 14
33 14
37 14
32 14
31 14
31 13
30 13
30 14
31 15
2
647
39 36
39 37
39 38
39 39
39 40
40 36
40 37
40 38
40 39
40 40
41 36
41 37
41 38
41 39
41 40
42 36
42 37
42 38
42 39
42 40
43 36
43 37
43 38
43 39
43 40
44 36
44 37
44 38
593
42 23
42 24
42 25
43 23
43 24
43 25
44 23
44 24
44 25
45 23
45 24
45 25
46 23
46 24
46 25
47 23
47 24
47 25
48 23
48 24
48 25
49 23
49 24
49 25
Yes
26 41
26 42
26 43
26 44
26 45
26 46
26 47
26 48
27 41
27 42
27 43
27 44
27 45
27 46
27 47
27 48
28 41
28 42
28 43
28 44
28 45
28 46
28 47
28 48
29 41
29 42
29 43
29 44
29 45
29 46
29 47
29 48
30 41
30 42
30 43
30 44
30 45
30 46
30 47
30 48
31 41
31 42
31 43
31 44
31 45
31 46
31 47
31 48
32 41
32 42
32 43
32 44
32 45
0
No
0
Yes
21 13
20 13
21 12
21 14
22 13
20 12
20 14
22 12
22 14
19 13
21 11
21 15
23 13
19 12
19 14
20 11
20 15
22 11
22 15
23 12
23 14
19 11
19 15
23 11
18 13
21 10
21 16
24 13
18 12
18 14
20 10
20 16
22 10
22 16
24 12
18 15
19 10
19 16
23 10
23 16
24 11
17 13
21 9
17 12
17 14
20 9
22 9
18 16
24 10
24 16
17 15
19 9
23 9
17 16
24 9
0
No
0
Yes
19 9
19 10
19 11
19 12
19 13
20 9
20 10
20 11
20 12
20 13
21 9
21 10
21 11
21 12
21 13
22 9
22 10
22 11
22 12
22 13
23 9
23 10
23 11
23 12
23 13
24 9
24 10
24 11
24 12
24 13
25 9
25 10
25 11
25 12
0
Yes
0 25
0 26
0 27
0 28
0 29
0 30
1 25
1 26
1 27
1 28
1 29
1 30
2 25
2 26
2 27
2 28
2 29
2 30
0
Yes
4 9
4 10
5 9
5 10
3 9
3 10
4 8
4 11
5 8
5 11
6 9
6 10
3 8
3 11
6 8
6 11
2 9
2 10
4 7
4 12
5 7
5 12
7 9
7 10
2 8
2 11
3 7
3 12
6 7
6 12
7 8
7 11
1 9
1 10
2 7
2 12
4 6
4 13
5 6
5 13
7 7
7 12
8 9
8 10
1 8
1 11
3 6
3 13
6 6
6 13
8 8
8 11
1 7
1 12
2 6
2 13
7 6
7 13
8 7
8 12
0 9
0 10
4 5
4 14
5 5
5 14
0 8
0 11
3 5
3 14
6 5
6 14
1 6
1 13
8 6
8 13
0 7
0 12
2 5
2 14
7 5
7 14
4 4
5 4
0 6
0 13
1 5
1 14
3 4
6 4
2 4
7 4
0 5
0
No
0
Yes
22 2
22 3
22 4
22 5
23 2
23 3
23 4
23 5
24 2
24 3
24 4
24 5
0
Yes
11 15
11 16
11 17
11 18
11 19
11 20
12 15
12 16
12 17
12 18
12 19
12 20
13 15
13 16
13 17
13 18
13 19
13 20
14 15
14 16
14 17
14 18
14 19
14 20
15 15
15 16
0
No
0
No
0
No
0
Yes
16 5
16 6
16 7
17 5
17 6
17 7
18 5
18 6
18 7
19 5
19 6
19 7
20 5
20 6
20 7
21 5
21 6
0
Yes
0 0
0 1
0 2
0 3
1 0
1 1
1 2
1 3
2 0
2 1
2 2
2 3
3 0
3 1
3 2
3 3
0
Yes
49 40
48 40
48 41
49 41
49 42
48 42
47 41
47 40
47 42
46 40
46 41
46 42
48 43
47 43
49 43
46 43
49 44
48 44
47 44
46 44
45 41
45 42
45 43
45 40
45 44
44 40
44 41
44 42
44 43
44 44
44 39
43 39
43 40
43 41
43 42
43 43
43 38
44 38
44 37
43 37
42 40
42 39
42 41
42 38
42 42
42 37
43 36
44 36
42 36
44 35
43 35
42 35
41 39
41 40
41 41
41 38
41 37
41 36
41 35
43 34
42 34
44 34
41 34
44 33
43 33
42 33
41 33
45 33
45 32
44 32
43 32
42 32
41 32
46 32
46 33
47 33
47 32
48 32
48 33
49 33
49 32
40 40
40 39
40 38
40 37
40 36
40 41
49 31
48 31
47 31
46 31
45 31
44 31
43 31
42 31
41 31
39 39
39 40
39 38
39 37
39 36
48 30
47 30
46 30
45 30
44 30
43 30
42 30
49 30
41 30
49 29
48 29
47 29
46 29
45 29
44 29
43 29
42 29
41 29
38 36
48 28
47 28
46 28
45 28
44 28
43 28
42 28
49 28
41 28
49 27
48 27
47 27
46 27
45 27
44 27
43 27
42 27
41 27
48 26
47 26
46 26
45 26
44 26
0
No
0
Yes
26 6
26 7
26 8
26 9
26 10
26 11
26 12
27 6
27 7
27 8
27 9
27 10
27 11
27 12
28 6
28 7
28 8
28 9
28 10
28 11
28 12
29 6
29 7
29 8
29 9
29 10
29 11
29 12
30 6
30 7
30 8
30 9
30 10
30 11
30 12
31 6
31 7
31 8
31 9
31 10
31 11
31 12
32 6
32 7
32 8
32 9
32 10
32 11
32 12
0
No
0
Yes
18 9
18 10
17 9
17 10
18 8
18 11
17 8
17 11
19 8
16 9
16 10
16 8
16 11
18 7
18 12
17 7
17 12
19 7
15 9
15 10
16 7
16 12
20 7
15 8
15 11
18 6
18 13
17 6
17 13
19 6
15 7
16 6
20 6
18 5
17 5
19 5
16 5
20 5
15 5
0
Yes
0 20
0 21
0 22
0 23
1 20
1 21
1 22
1 23
2 20
2 21
2 22
2 23
3 20
3 21
3 22
3 23
0
No
0
No
0
Yes
4 17
4 18
4 19
4 20
4 21
4 22
4 23
5 17
5 18
5 19
5 20
5 21
5 22
5 23
6 17
6 18
6 19
6 20
6 21
6 22
6 23
7 17
7 18
7 19
7 20
7 21
0
Yes
26 6
26 7
26 8
26 9
26 10
26 11
26 12
27 6
27 7
27 8
27 9
27 10
27 11
27 12
28 6
28 7
28 8
28 9
28 10
28 11
28 12
29 6
29 7
29 8
29 9
29 10
29 11
29 12
30 6
30 7
30 8
30 9
30 10
30 11
30 12
31 6
31 7
31 8
31 9
31 10
31 11
31 12
32 6
32 7
32 8
32 9
32 10
32 11
32 12
0
No
0
Yes
28 41
28 42
28 43
28 44
28 45
28 46
28 47
28 48
28 49
29 41
29 42
29 43
29 44
29 45
29 46
29 47
29 48
29 49
30 41
30 42
30 43
30 44
30 45
30 46
30 47
30 48
30 49
31 41
31 42
31 43
31 44
31 45
31 46
31 47
31 48
31 49
32 41
32 42
32 43
32 44
32 45
32 46
32 47
0
Yes
13 19
12 19
12 18
13 18
12 20
13 20
14 18
14 19
14 20
13 17
12 17
14 17
13 21
12 21
14 21
11 18
11 19
11 20
11 17
11 21
15 17
15 18
10 19
10 18
10 20
10 17
10 21
12 16
13 16
14 16
11 16
15 16
12 22
13 22
11 22
10 22
13 15
12 15
14 15
11 15
15 15
9 18
9 19
9 20
9 21
9 17
9 22
16 16
16 17
16 15
17 17
17 16
17 15
8 19
8 18
8 20
8 21
8 22
12 14
11 14
18 16
18 17
18 15
19 17
19 16
19 15
0
No
0
No
0
Yes
35 0
35 1
35 2
36 0
36 1
36 2
37 0
37 1
37 2
38 0
38 1
38 2
39 0
39 1
0
Yes
32 28
32 29
32 30
32 31
32 32
32 33
33 28
33 29
33 30
33 31
33 32
33 33
34 28
34 29
34 30
34 31
34 32
34 33
35 28
35 29
35 30
35 31
35 32
35 33
36 28
36 29
36 30
36 31
36 32
36 33
37 28
37 29
37 30
37 31
37 32
37 33
38 28
38 29
38 30
38 31
38 32
38 33
39 28
39 29
39 30
39 31
39 32
39 33
40 28
40 29
40 30
40 31
40 32
0
Yes
0 19
0 20
0 21
0 22
0 23
1 19
1 20
1 21
1 22
1 23
2 19
2 20
2 21
2 22
2 23
3 19
3 20
3 21
3 22
3 23
4 19
4 20
4 21
4 22
4 23
5 19
5 20
5 21
5 22
5 23
6 19
6 20
6 21
6 22
6 23
7 19
7 20
7 21
7 22
0
Yes
26 21
26 22
26 23
26 24
26 25
27 21
27 22
27 23
27 24
27 25
28 21
28 22
28 23
28 24
28 25
29 21
29 22
29 23
29 24
29 25
30 21
30 22
30 23
30 24
30 25
31 21
31 22
31 23
31 24
31 25
0
Yes
40 23
40 24
40 25
40 26
41 23
41 24
41 25
41 26
42 23
42 24
42 25
42 26
43 23
43 24
43 25
43 26
0
Yes
32 27
31 27
31 28
30 28
30 27
30 26
30 29
31 29
29 27
29 28
29 26
29 29
31 30
30 30
29 30
28 26
28 27
28 28
28 29
28 30
30 31
29 31
31 31
28 31
27 27
27 28
27 29
27 30
27 26
27 31
31 32
30 32
26 26
26 27
26 28
26 29
26 30
25 27
25 28
25 29
25 26
25 30
27 32
25 25
24 26
24 27
24 28
24 29
24 25
24 30
24 24
25 24
25 23
24 23
23 27
23 26
23 28
23 25
23 24
23 23
24 22
25 22
23 22
25 21
24 21
23 21
22 28
22 27
22 25
22 24
0
Yes
27 29
28 29
27 28
27 30
28 28
28 30
26 29
29 29
26 28
26 30
29 28
29 30
27 27
27 31
28 27
28 31
25 29
26 27
29 27
29 31
30 29
25 28
25 30
30 28
30 30
27 26
28 26
25 27
30 27
30 31
26 26
29 26
24 29
31 29
24 28
24 30
31 28
31 30
25 26
30 26
24 27
31 27
31 31
23 28
24 26
23 27
23 26
0
No
0
No
0
Yes
4 32
4 33
4 34
4 35
4 36
4 37
4 38
4 39
5 32
5 33
5 34
5 35
5 36
5 37
5 38
5 39
6 32
6 33
6 34
6 35
6 36
6 37
6 38
6 39
7 32
7 33
7 34
7 35
7 36
7 37
7 38
7 39
8 32
8 33
8 34
8 35
8 36
8 37
8 38
8 39
9 32
9 33
9 34
9 35
9 36
9 37
9 38
9 39
10 32
10 33
10 34
10 35
10 36
0
Yes
0 26
0 27
0 28
0 29
0 30
1 26
1 27
1 28
1 29
1 30
2 26
2 27
2 28
2 29
2 30
3 26
3 27
3 28
3 29
3 30
4 26
4 27
4 28
4 29
4 30
5 26
5 27
5 28
5 29
5 30
6 26
6 27
0
Yes
20 9
20 10
20 11
20 12
20 13
21 9
21 10
21 11
21 12
21 13
22 9
22 10
22 11
22 12
22 13
23 9
23 10
23 11
23 12
23 13
24 9
24 10
24 11
24 12
24 13
25 9
25 10
25 11
25 12
0
Yes
26 43
26 44
26 45
26 46
26 47
26 48
26 49
27 43
27 44
27 45
27 46
27 47
27 48
27 49
28 43
28 44
28 45
28 46
28 47
28 48
28 49
29 43
29 44
29 45
29 46
29 47
29 48
29 49
30 43
30 44
30 45
30 46
30 47
30 48
30 49
31 43
31 44
31 45
31 46
31 47
31 48
31 49
32 43
32 44
32 45
32 46
32 47
32 48
32 49
0
No
0
No
0
Yes
0 19
0 20
0 21
0 22
0 23
1 19
1 20
1 21
1 22
1 23
2 19
2 20
2 21
2 22
2 23
3 19
3 20
3 21
3 22
3 23
4 19
4 20
4 21
4 22
4 23
5 19
5 20
5 21
5 22
5 23
6 19
6 20
6 21
6 22
6 23
7 19
7 20
7 21
0
No
0
Yes
43 9
43 10
43 11
43 12
43 13
43 14
44 9
44 10
44 11
44 12
44 13
44 14
45 9
45 10
45 11
45 12
45 13
45 14
46 9
46 10
46 11
46 12
46 13
46 14
47 9
47 10
47 11
47 12
47 13
47 14
48 9
48 10
48 11
48 12
48 13
48 14
49 9
49 10
49 11
49 12
49 13
49 14
0
Yes
46 5
46 6
46 7
46 8
47 5
47 6
47 7
47 8
48 5
48 6
48 7
48 8
49 5
49 6
49 7
49 8
0
No
0
No
0
No
0
No
0
No
0
Yes
0 4
0 5
0 6
0 7
0 8
0 9
0 10
0 11
0 12
1 4
1 5
1 6
1 7
1 8
1 9
1 10
1 11
1 12
2 4
2 5
2 6
2 7
2 8
2 9
2 10
2 11
2 12
3 4
3 5
3 6
3 7
3 8
3 9
3 10
3 11
3 12
4 4
4 5
4 6
4 7
4 8
4 9
4 10
0
No
0
Yes
33 3
33 4
33 5
33 6
33 7
34 3
34 4
34 5
34 6
34 7
35 3
35 4
35 5
35 6
35 7
36 3
36 4
36 5
36 6
36 7
37 3
37 4
37 5
37 6
37 7
38 3
38 4
38 5
38 6
38 7
39 3
39 4
39 5
39 6
39 7
40 3
40 4
0
Yes
29 0
29 1
29 2
29 3
29 4
29 5
30 0
30 1
30 2
30 3
30 4
30 5
31 0
31 1
31 2
31 3
31 4
31 5
32 0
32 1
32 2
32 3
32 4
32 5
33 0
33 1
0
Yes
43 0
43 1
43 2
44 0
44 1
44 2
45 0
45 1
45 2
0
Yes
33 8
33 9
33 10
33 11
33 12
33 13
33 14
34 8
34 9
34 10
34 11
34 12
34 13
34 14
35 8
35 9
35 10
35 11
35 12
35 13
35 14
36 8
36 9
36 10
36 11
36 12
36 13
36 14
37 8
37 9
37 10
37 11
37 12
37 13
37 14
38 8
38 9
38 10
38 11
38 12
38 13
38 14
39 8
39 9
39 10
39 11
39 12
39 13
39 14
40 8
40 9
40 10
40 11
40 12
40 13
40 14
0
Yes
14 37
14 38
14 39
14 40
14 41
15 37
15 38
15 39
15 40
15 41
16 37
16 38
16 39
16 40
16 41
17 37
17 38
17 39
17 40
17 41
18 37
18 38
18 39
18 40
0
Yes
28 15
28 16
29 15
29 16
0
Yes
27 34
27 35
27 36
28 34
28 35
0
Yes
27 40
27 41
27 42
27 43
27 44
27 45
27 46
27 47
27 48
27 49
28 40
28 41
28 42
28 43
28 44
28 45
28 46
28 47
28 48
28 49
29 40
29 41
29 42
29 43
29 44
29 45
29 46
29 47
29 48
29 49
30 40
30 41
30 42
30 43
30 44
30 45
30 46
30 47
30 48
30 49
31 40
31 41
31 42
31 43
31 44
31 45
31 46
31 47
31 48
31 49
32 40
32 41
32 42
32 43
32 44
32 45
32 46
32 47
0
Yes
0 43
0 44
0 45
1 43
1 44
1 45
0
Yes
26 42
26 43
26 44
26 45
26 46
26 47
26 48
26 49
27 42
27 43
27 44
27 45
27 46
27 47
27 48
27 49
28 42
28 43
28 44
28 45
28 46
28 47
28 48
28 49
29 42
29 43
29 44
29 45
29 46
29 47
29 48
29 49
30 42
30 43
30 44
30 45
30 46
30 47
30 48
30 49
31 42
31 43
31 44
31 45
31 46
31 47
31 48
31 49
32 42
32 43
32 44
32 45
32 46
32 47
32 48
0
Yes
4 8
5 8
4 7
4 9
5 7
5 9
3 8
6 8
3 7
3 9
6 7
6 9
4 6
4 10
5 6
5 10
2 8
3 6
3 10
6 6
6 10
7 8
2 7
2 9
7 7
7 9
4 5
4 11
5 5
5 11
2 6
2 10
7 6
7 10
3 5
3 11
6 5
6 11
1 8
8 8
1 7
1 9
8 7
8 9
2 5
2 11
7 5
7 11
1 6
1 10
4 4
4 12
5 4
5 12
8 6
8 10
3 4
3 12
6 4
6 12
0 8
0 7
0 9
1 5
1 11
8 11
2 4
2 12
7 4
7 12
0 6
0 10
4 3
4 13
5 3
5 13
3 3
3 13
6 3
6 13
1 4
1 12
8 12
0 5
0 11
2 3
2 13
7 3
7 13
0 4
0 12
4 2
4 14
5 2
5 14
1 3
1 13
8 3
8 13
3 2
3 14
6 2
6 14
2 2
2 14
7 2
7 14
0 3
0 13
1 2
1 14
8 2
4 1
4 15
5 15
3 1
3 15
2 1
2 15
7 1
0 2
1 1
1 15
8 1
3 0
0 1
2 0
7 0
1 0
0
No
0
Yes
36 9
36 10
36 11
36 12
36 13
36 14
37 9
37 10
37 11
37 12
37 13
37 14
38 9
38 10
38 11
38 12
38 13
38 14
39 9
39 10
39 11
39 12
39 13
39 14
40 9
40 10
40 11
40 12
40 13
40 14
41 9
41 10
41 11
41 12
41 13
41 14
42 9
42 10
42 11
42 12
42 13
42 14
43 9
43 10
43 11
43 12
43 13
43 14
44 9
44 10
44 11
44 12
44 13
44 14
45 9
45 10
45 11
45 12
45 13
45 14
46 9
46 10
46 11
46 12
46 13
46 14
47 9
47 10
47 11
47 12
47 13
47 14
48 9
48 10
48 11
48 12
48 13
48 14
49 9
49 10
49 11
49 12
49 13
49 14
0
Yes
8 20
7 20
8 19
8 21
9 20
7 19
7 21
9 19
9 21
6 20
8 18
8 22
10 20
6 19
6 21
7 18
7 22
9 18
9 22
10 19
10 21
6 18
6 22
10 18
10 22
5 20
8 23
11 20
5 19
5 21
7 17
7 23
9 17
9 23
11 19
11 21
5 18
5 22
6 17
6 23
10 17
10 23
11 18
11 22
4 20
12 20
4 19
4 21
7 16
12 19
12 21
5 17
5 23
11 17
11 23
4 18
4 22
6 16
12 18
12 22
3 20
4 17
4 23
5 16
11 16
12 17
13 20
3 19
3 21
13 19
13 21
3 18
3 22
13 18
13 22
4 16
12 16
3 17
3 23
13 17
2 20
14 20
2 19
2 21
14 19
14 21
2 18
2 22
14 18
3 16
13 16
2 23
14 17
0
Yes
22 13
22 14
23 13
23 14
21 13
21 14
22 12
22 15
23 12
24 13
21 12
21 15
24 12
20 13
20 14
22 11
22 16
23 11
23 16
20 12
20 15
21 11
21 16
24 11
24 16
25 12
19 13
19 14
20 11
20 16
22 10
23 10
25 11
19 12
19 15
21 10
21 17
24 10
19 11
19 16
20 10
20 17
25 10
22 9
23 9
21 9
24 9
19 10
19 17
20 9
25 9
0
Yes
23 21
23 22
23 23
23 24
23 25
23 26
23 27
24 21
24 22
24 23
24 24
24 25
24 26
24 27
25 21
25 22
25 23
25 24
25 25
25 26
25 27
26 21
26 22
26 23
26 24
26 25
26 26
26 27
27 21
27 22
27 23
27 24
27 25
27 26
27 27
28 21
28 22
28 23
0
No
0
No
0
No
0
Yes
33 8
33 9
33 10
33 11
33 12
33 13
33 14
34 8
34 9
34 10
34 11
34 12
34 13
34 14
35 8
35 9
35 10
35 11
35 12
35 13
35 14
36 8
36 9
36 10
36 11
36 12
36 13
36 14
37 8
37 9
37 10
37 11
37 12
37 13
37 14
38 8
38 9
38 10
38 11
38 12
38 13
38 14
0
Yes
29 38
29 39
29 40
29 41
30 38
30 39
30 40
30 41
31 38
31 39
31 40
31 41
32 38
32 39
32 40
32 41
33 38
33 39
0
Yes
9 24
9 25
9 26
9 27
10 24
10 25
10 26
10 27
11 24
11 25
11 26
11 27
12 24
0
No
0
No
0
Yes
41 23
41 24
41 25
41 26
41 27
41 28
41 29
42 23
42 24
42 25
42 26
42 27
42 28
42 29
43 23
43 24
43 25
43 26
43 27
43 28
43 29
44 23
44 24
44 25
44 26
44 27
44 28
44 29
45 23
45 24
45 25
45 26
45 27
45 28
45 29
46 23
46 24
46 25
46 26
46 27
46 28
46 29
47 23
47 24
47 25
47 26
47 27
47 28
47 29
48 23
48 24
48 25
48 26
48 27
48 28
48 29
49 23
49 24
49 25
49 26
49 27
49 28
49 29
0
Yes
44 35
44 36
45 35
45 36
43 35
43 36
44 34
44 37
45 34
45 37
46 35
46 36
43 34
43 37
46 34
46 37
42 35
42 36
44 33
44 38
45 33
45 38
47 35
47 36
42 34
42 37
43 33
43 38
46 33
46 38
47 34
47 37
41 35
41 36
42 33
42 38
44 32
44 39
45 32
45 39
47 33
47 38
48 35
48 36
41 34
41 37
43 32
43 39
46 32
46 39
48 34
48 37
41 33
41 38
42 32
42 39
47 32
47 39
48 33
48 38
40 35
40 36
44 31
44 40
45 31
45 40
49 35
49 36
40 34
40 37
43 31
43 40
46 31
46 40
49 34
49 37
41 32
41 39
48 32
48 39
40 33
40 38
42 31
42 40
47 31
47 40
49 33
49 38
39 35
39 36
44 30
44 41
45 30
45 41
39 34
39 37
40 32
40 39
41 31
41 40
43 30
43 41
46 30
46 41
48 31
48 40
49 32
49 39
39 33
39 38
42 30
42 41
47 30
47 41
40 31
40 40
49 31
49 40
39 32
39 39
41 30
41 41
48 30
48 41
39 31
39 40
40 30
40 41
49 30
0
Yes
39 10
39 11
39 12
39 13
39 14
40 10
40 11
40 12
40 13
40 14
41 10
41 11
41 12
41 13
41 14
42 10
42 11
42 12
42 13
42 14
43 10
43 11
43 12
43 13
43 14
44 10
44 11
44 12
44 13
44 14
45 10
45 11
45 12
45 13
45 14
46 10
46 11
46 12
46 13
46 14
47 10
47 11
47 12
47 13
47 14
48 10
48 11
48 12
48 13
48 14
49 10
49 11
49 12
49 13
49 14
0
Yes
33 31
34 31
33 30
33 32
34 30
34 32
32 31
35 31
32 30
32 32
35 30
35 32
33 29
33 33
34 29
34 33
31 31
32 29
32 33
35 29
35 33
36 31
31 30
31 32
36 30
36 32
33 28
34 28
31 29
31 33
36 29
36 33
32 28
35 28
30 31
37 31
30 30
30 32
37 30
37 32
31 28
36 28
30 29
37 29
37 33
29 31
38 31
29 30
30 28
37 28
38 30
38 32
29 29
38 29
38 33
29 28
38 28
28 31
28 30
39 30
28 29
39 29
28 28
39 28
0
Yes
17 33
18 33
17 32
17 34
18 32
18 34
16 33
19 33
16 32
16 34
19 32
19 34
17 31
17 35
18 31
18 35
15 33
16 31
16 35
19 31
19 35
20 33
15 32
15 34
20 32
20 34
17 30
17 36
18 30
18 36
15 31
15 35
20 31
20 35
16 30
16 36
19 30
19 36
14 33
21 33
14 32
14 34
21 32
21 34
15 30
15 36
20 36
14 31
14 35
17 29
21 31
21 35
16 29
19 29
13 33
22 33
13 32
13 34
14 30
14 36
21 30
21 36
22 32
22 34
15 29
13 31
13 35
22 31
22 35
14 29
13 30
13 36
22 30
22 36
12 33
23 33
12 32
12 34
23 32
23 34
12 31
12 35
23 31
23 35
13 29
22 29
12 30
12 36
23 30
23 36
11 33
24 33
11 32
11 34
24 32
24 34
11 31
11 35
12 29
23 29
24 31
24 35
11 30
11 36
24 30
24 36
25 33
25 32
25 34
11 29
24 29
10 31
25 31
25 35
10 30
25 30
25 36
10 29
0
No
0
No
0
Yes
0 34
0 35
0 36
0 37
0 38
1 34
1 35
1 36
1 37
1 38
0
No
0
Yes
12 31
12 32
12 33
12 34
12 35
12 36
13 31
13 32
13 33
13 34
13 35
13 36
14 31
14 32
14 33
14 34
14 35
14 36
15 31
15 32
15 33
15 34
15 35
15 36
16 31
16 32
16 33
16 34
16 35
16 36
17 31
17 32
17 33
17 34
17 35
17 36
18 31
18 32
18 33
18 34
18 35
18 36
19 31
19 32
19 33
19 34
19 35
19 36
20 31
20 32
20 33
20 34
20 35
20 36
21 31
21 32
21 33
21 34
21 35
21 36
22 31
22 32
22 33
22 34
22 35
22 36
23 31
23 32
23 33
23 34
23 35
23 36
24 31
24 32
24 33
24 34
24 35
24 36
25 31
25 32
25 33
25 34
25 35
25 36
26 31
26 32
26 33
26 34
26 35
26 36
27 31
27 32
0
No
0
Yes
34 26
34 27
35 26
35 27
36 26
0
No
0
Yes
17 45
17 46
17 47
17 48
18 45
18 46
18 47
18 48
19 45
19 46
0
Yes
4 31
4 32
4 33
4 34
4 35
4 36
4 37
4 38
5 31
5 32
5 33
5 34
5 35
5 36
5 37
5 38
6 31
6 32
6 33
6 34
6 35
6 36
6 37
6 38
7 31
7 32
7 33
7 34
7 35
7 36
7 37
7 38
8 31
8 32
8 33
8 34
8 35
8 36
8 37
8 38
9 31
9 32
9 33
9 34
9 35
9 36
9 37
9 38
10 31
10 32
10 33
10 34
10 35
10 36
10 37
10 38
11 31
11 32
11 33
11 34
11 35
11 36
11 37
11 38
0
Yes
20 21
20 22
21 21
21 22
19 21
19 22
20 20
20 23
21 20
21 23
22 21
22 22
19 20
19 23
22 20
22 23
18 21
18 22
20 19
20 24
21 19
21 24
23 21
23 22
18 20
18 23
19 19
19 24
22 19
22 24
23 20
23 23
17 21
17 22
18 19
18 24
20 18
21 18
23 19
23 24
24 21
24 22
17 20
17 23
19 18
19 25
22 18
22 25
24 20
24 23
17 19
17 24
18 18
18 25
23 18
23 25
24 19
24 24
16 21
16 22
25 21
25 22
16 20
16 23
25 20
25 23
17 18
17 25
24 18
24 25
16 19
16 24
18 17
25 19
25 24
15 21
15 22
15 20
15 23
16 18
16 25
17 17
25 25
15 19
16 17
15 18
15 17
0
Yes
45 42
45 43
45 44
45 45
45 46
45 47
46 42
46 43
46 44
46 45
46 46
46 47
47 42
47 43
47 44
47 45
47 46
47 47
48 42
48 43
48 44
48 45
48 46
48 47
49 42
49 43
0
Yes
7 39
6 39
6 38
7 38
6 40
7 40
8 38
8 39
8 40
7 37
6 37
8 37
7 41
6 41
8 41
9 39
9 38
9 40
9 37
9 41
5 38
5 39
5 40
5 37
5 41
4 39
4 38
4 40
4 37
4 41
6 36
7 36
8 36
5 36
9 36
4 36
6 42
7 42
8 42
5 42
9 42
4 42
10 38
10 39
10 40
10 37
10 36
7 35
6 35
8 35
5 35
9 35
4 35
10 35
7 43
8 43
3 40
3 39
3 41
3 42
11 40
5 43
4 43
3 43
11 37
11 38
11 36
11 35
2 39
2 40
2 41
2 42
2 43
3 36
3 35
2 38
6 34
7 34
8 34
5 34
9 34
4 34
10 34
11 34
8 44
4 44
3 44
5 44
2 44
7 33
6 33
8 33
5 33
9 33
10 33
4 33
11 33
5 45
4 45
3 45
2 45
6 32
7 32
8 32
5 32
9 32
10 32
4 32
11 32
1 43
1 44
1 45
7 31
6 31
8 31
5 31
9 31
10 31
4 31
11 31
0 44
0 43
0 45
0 42
6 30
7 30
1 46
9 30
10 30
11 30
12 30
10 29
11 29
9 29
12 29
13 29
13 30
14 30
14 29
11 28
12 28
13 28
14 28
15 29
15 30
15 28
16 30
16 29
0
No
0
Yes
3 16
3 17
4 16
4 17
5 16
5 17
6 16
6 17
7 16
7 17
0
Yes
28 15
28 16
29 15
29 16
0
Yes
1 18
1 19
1 20
1 21
1 22
1 23
2 18
2 19
2 20
2 21
2 22
2 23
3 18
3 19
3 20
3 21
3 22
3 23
4 18
4 19
4 20
4 21
4 22
4 23
5 18
5 19
5 20
5 21
5 22
5 23
6 18
6 19
6 20
6 21
6 22
6 23
7 18
7 19
7 20
7 21
7 22
7 23
8 18
8 19
0
Yes
22 2
22 3
22 4
22 5
23 2
23 3
23 4
23 5
24 2
24 3
24 4
24 5
25 2
25 3
25 4
25 5
26 2
26 3
26 4
26 5
27 2
27 3
27 4
27 5
28 2
28 3
0
Yes
25 30
24 30
24 29
25 29
26 29
26 30
25 28
24 28
26 28
27 30
27 29
27 28
23 29
23 30
23 28
22 30
22 29
22 28
24 27
25 27
26 27
23 27
27 27
22 27
25 26
24 26
26 26
23 26
27 26
28 27
28 26
26 25
27 25
28 25
29 26
29 27
29 25
30 27
30 26
30 25
27 24
28 24
29 24
26 24
30 24
26 23
27 23
28 23
29 23
30 23
31 25
31 24
31 23
27 22
28 22
29 22
30 22
26 22
31 22
26 21
27 21
28 21
29 21
0
Yes
41 30
41 31
41 32
41 33
41 34
41 35
41 36
41 37
41 38
41 39
41 40
41 41
42 30
42 31
42 32
42 33
42 34
42 35
42 36
42 37
42 38
42 39
42 40
42 41
43 30
43 31
43 32
43 33
43 34
43 35
43 36
43 37
43 38
43 39
43 40
43 41
44 30
44 31
44 32
44 33
44 34
44 35
44 36
44 37
44 38
44 39
44 40
44 41
45 30
45 31
45 32
45 33
45 34
45 35
45 36
45 37
45 38
45 39
45 40
45 41
46 30
46 31
46 32
46 33
46 34
46 35
46 36
46 37
46 38
46 39
46 40
46 41
47 30
47 31
47 32
47 33
47 34
47 35
47 36
47 37
47 38
47 39
47 40
47 41
48 30
48 31
48 32
48 33
48 34
48 35
48 36
48 37
48 38
48 39
48 40
48 41
49 30
49 31
49 32
49 33
49 34
49 35
49 36
49 37
49 38
0
Yes
11 20
12 20
11 19
11 21
12 19
12 21
10 20
13 20
10 19
10 21
13 19
13 21
11 18
11 22
12 18
12 22
9 20
10 18
10 22
13 18
13 22
14 20
9 19
9 21
14 19
14 21
11 17
11 23
12 17
9 18
9 22
14 18
10 17
10 23
13 17
8 20
8 21
9 17
9 23
14 17
8 22
11 16
12 16
13 16
0
Yes
15 42
15 43
15 44
15 45
16 42
16 43
16 44
16 45
17 42
17 43
17 44
0
Yes
13 0
13 1
14 0
14 1
15 0
15 1
0
Yes
17 8
16 8
16 7
17 7
16 9
17 9
18 7
18 8
18 9
17 6
16 6
18 6
17 10
16 10
18 10
19 8
19 7
19 9
19 6
15 7
15 8
15 9
15 10
14 9
14 10
16 5
17 5
18 5
19 5
16 11
17 11
15 11
18 11
14 11
20 7
20 6
20 5
15 5
17 4
17 12
16 12
18 12
21 6
21 7
21 5
13 11
14 12
13 12
18 13
17 13
17 14
18 14
12 12
13 13
14 13
18 15
17 15
16 15
17 16
16 16
18 16
15 16
15 15
14 15
14 16
22 6
23 6
0
No
0
Yes
15 18
15 19
15 20
15 21
15 22
15 23
16 18
16 19
16 20
16 21
16 22
16 23
17 18
17 19
17 20
17 21
17 22
17 23
18 18
18 19
18 20
18 21
18 22
18 23
19 18
19 19
19 20
19 21
19 22
19 23
20 18
20 19
20 20
20 21
20 22
20 23
21 18
21 19
21 20
21 21
21 22
21 23
22 18
22 19
22 20
22 21
22 22
22 23
23 18
23 19
23 20
23 21
23 22
23 23
24 18
24 19
24 20
24 21
24 22
24 23
0
Yes
48 7
47 7
47 6
48 6
47 8
48 8
49 6
49 7
49 8
48 5
47 5
49 5
48 9
47 9
49 9
46 6
46 7
46 8
46 5
46 9
45 7
45 6
45 8
45 9
47 4
48 4
46 4
45 4
44 9
46 3
45 3
44 3
44 4
43 4
43 9
43 8
42 8
42 9
42 7
43 7
41 7
41 8
41 9
41 6
42 6
40 6
40 7
40 8
40 9
40 5
0
Yes
34 0
34 1
34 2
35 0
35 1
35 2
36 0
36 1
36 2
37 0
37 1
37 2
38 0
38 1
38 2
39 0
39 1
39 2
0
No
0
Yes
29 38
29 39
29 40
29 41
30 38
30 39
30 40
30 41
31 38
31 39
31 40
31 41
32 38
32 39
32 40
32 41
33 38
0
No
0
Yes
16 39
16 40
15 39
15 40
17 39
17 40
16 38
16 41
15 38
15 41
17 38
17 41
14 39
14 40
18 39
18 40
14 38
14 41
16 37
18 38
18 41
15 37
17 37
13 39
14 37
18 37
13 41
0
No
0
Yes
24 40
24 41
25 40
25 41
26 40
26 41
27 40
27 41
28 40
28 41
0
No
0
No
0
No
0
No
0
No
0
Yes
33 8
33 9
33 10
33 11
33 12
33 13
33 14
34 8
34 9
34 10
34 11
34 12
34 13
34 14
35 8
35 9
35 10
35 11
35 12
35 13
35 14
36 8
36 9
36 10
36 11
36 12
36 13
36 14
37 8
37 9
37 10
37 11
37 12
37 13
37 14
38 8
38 9
38 10
38 11
38 12
38 13
38 14
39 8
39 9
39 10
39 11
39 12
39 13
0
No
0
No
0
Yes
19 37
19 38
19 39
19 40
20 37
20 38
20 39
20 40
21 37
21 38
21 39
21 40
22 37
22 38
22 39
22 40
23 37
23 38
23 39
23 40
24 37
0
No
0
Yes
40 23
40 24
40 25
40 26
40 27
40 28
40 29
41 23
41 24
41 25
41 26
41 27
41 28
41 29
42 23
42 24
42 25
42 26
42 27
42 28
42 29
43 23
43 24
43 25
43 26
43 27
43 28
43 29
44 23
44 24
44 25
44 26
44 27
44 28
44 29
45 23
45 24
45 25
45 26
45 27
45 28
45 29
46 23
46 24
46 25
46 26
46 27
46 28
46 29
47 23
47 24
47 25
47 26
47 27
47 28
47 29
48 23
48 24
48 25
48 26
48 27
48 28
48 29
49 23
0
No
0
Yes
16 24
16 25
17 24
17 25
18 24
18 25
0
No
0
Yes
26 6
26 7
26 8
26 9
26 10
26 11
26 12
27 6
27 7
27 8
27 9
27 10
27 11
27 12
28 6
28 7
28 8
28 9
28 10
28 11
28 12
29 6
29 7
29 8
29 9
29 10
29 11
29 12
30 6
30 7
30 8
30 9
30 10
30 11
30 12
31 6
31 7
31 8
31 9
31 10
31 11
31 12
32 6
32 7
0
No
0
No
0
No
0
No
0
Yes
16 24
16 25
17 24
17 25
18 24
18 25
19 24
19 25
0
No
0
Yes
0 37
0 36
1 36
1 37
1 38
0 38
0 39
1 39
1 35
0 35
2 38
2 39
0 34
1 34
2 40
3 39
3 40
3 41
2 41
4 40
4 39
4 41
4 38
5 38
5 39
5 40
5 41
5 37
4 37
4 36
5 36
3 36
3 35
4 35
5 35
4 34
5 34
2 42
3 42
4 42
5 42
6 37
6 36
6 38
6 35
6 39
6 40
6 41
6 34
6 42
5 33
4 33
6 33
4 32
5 32
6 32
3 43
4 43
5 43
2 43
1 43
1 44
2 44
3 44
4 44
5 44
0 44
0 43
0 42
7 36
7 37
7 38
7 35
7 39
7 34
7 40
7 33
7 41
7 32
7 42
5 31
6 31
4 31
7 31
0 45
1 45
2 45
3 45
4 45
5 45
8 37
8 36
8 38
8 35
8 39
8 34
8 40
8 33
8 41
8 32
8 42
8 31
1 46
2 46
3 46
4 46
5 46
9 36
9 37
9 38
9 35
9 39
9 34
9 40
9 33
9 41
9 32
9 42
9 31
6 30
7 30
7 43
8 43
10 37
10 36
10 38
10 35
10 39
10 34
10 40
10 33
10 32
10 31
2 47
3 47
4 47
5 47
8 44
11 36
11 37
11 38
11 35
11 34
11 33
11 32
11 31
0
Yes
19 5
19 6
19 7
20 5
20 6
20 7
21 5
21 6
21 7
0
No
0
No
0
Yes
40 23
40 24
40 25
40 26
40 27
40 28
40 29
41 23
41 24
41 25
41 26
41 27
41 28
41 29
42 23
42 24
42 25
42 26
42 27
42 28
42 29
43 23
43 24
43 25
43 26
43 27
43 28
43 29
44 23
44 24
44 25
44 26
44 27
44 28
44 29
45 23
45 24
45 25
45 26
45 27
45 28
45 29
46 23
46 24
46 25
46 26
46 27
46 28
46 29
47 23
47 24
47 25
47 26
47 27
47 28
47 29
48 23
48 24
48 25
48 26
48 27
48 28
48 29
49 23
49 24
49 25
49 26
49 27
49 28
49 29
0
Yes
2 18
2 19
2 20
2 21
2 22
2 23
3 18
3 19
3 20
3 21
3 22
3 23
4 18
4 19
4 20
4 21
4 22
4 23
5 18
5 19
5 20
5 21
5 22
5 23
6 18
6 19
6 20
6 21
6 22
6 23
7 18
7 19
7 20
7 21
7 22
7 23
8 18
8 19
0
No
0
No
0
Yes
22 2
22 3
22 4
22 5
23 2
23 3
23 4
23 5
24 2
24 3
24 4
24 5
25 2
25 3
25 4
25 5
26 2
26 3
26 4
26 5
27 2
27 3
27 4
27 5
28 2
28 3
28 4
0
No
0
Yes
11 14
11 15
12 14
12 15
0
Yes
38 10
38 11
38 12
38 13
38 14
39 10
39 11
39 12
39 13
39 14
40 10
40 11
40 12
40 13
40 14
41 10
41 11
41 12
41 13
41 14
42 10
42 11
42 12
42 13
42 14
43 10
43 11
43 12
43 13
43 14
44 10
44 11
44 12
44 13
44 14
45 10
45 11
45 12
45 13
45 14
46 10
46 11
46 12
46 13
46 14
47 10
47 11
47 12
47 13
47 14
48 10
48 11
48 12
48 13
48 14
49 10
49 11
49 12
49 13
49 14
0
Yes
21 12
22 12
21 11
21 13
22 11
22 13
20 12
23 12
20 11
20 13
23 11
23 13
21 10
21 14
22 10
22 14
19 12
20 10
20 14
23 10
23 14
24 12
19 11
19 13
24 11
24 13
21 9
21 15
22 9
22 15
19 10
19 14
24 10
20 9
20 15
23 9
18 12
25 12
18 11
18 13
25 11
19 9
19 15
24 9
18 10
18 14
25 10
17 12
17 11
17 13
18 9
18 15
25 9
19 8
17 10
17 14
18 8
25 8
17 9
17 15
17 8
0
No
0
No
0
No
0
Yes
20 33
19 33
19 32
20 32
19 34
20 34
21 32
21 33
21 34
20 31
19 31
21 31
20 35
19 35
21 35
22 33
22 32
22 34
22 31
22 35
18 32
18 33
18 34
18 31
18 35
17 33
17 32
17 34
17 31
17 35
19 30
18 30
17 30
19 36
20 36
21 36
18 36
22 36
17 36
21 30
23 32
23 33
23 34
23 35
23 31
23 36
20 37
19 37
21 37
22 37
23 37
24 33
24 32
24 34
24 35
24 36
24 31
24 37
16 32
16 33
16 34
16 31
16 35
16 30
16 36
15 33
15 32
15 34
15 31
15 35
15 30
15 36
17 29
16 29
15 29
19 38
20 38
21 38
22 38
23 38
24 38
25 32
25 33
25 34
25 35
25 36
25 37
25 31
25 38
20 39
21 39
22 39
23 39
24 39
19 39
25 39
26 33
26 32
26 34
26 35
26 36
26 37
26 31
14 32
14 33
14 34
14 31
14 35
14 30
14 36
14 29
13 33
13 32
13 34
13 31
13 35
13 30
13 36
13 29
15 28
14 28
13 28
19 40
20 40
21 40
22 40
23 40
24 40
25 40
27 32
27 31
27 34
27 35
27 36
27 37
20 41
21 41
19 41
12 32
12 33
12 34
12 31
12 35
12 30
12 29
12 36
12 28
28 35
28 34
0
No
0
Yes
32 8
32 9
32 10
32 11
33 8
33 9
33 10
33 11
34 8
34 9
34 10
0
No
0
Yes
8 36
8 37
7 36
7 37
9 36
9 37
8 35
8 38
7 35
7 38
9 35
9 38
6 36
6 37
10 36
10 37
6 35
6 38
8 34
8 39
10 35
10 38
7 34
7 39
9 34
9 39
5 36
5 37
11 36
11 37
6 34
6 39
10 34
10 39
5 35
5 38
11 35
11 38
8 33
8 40
7 33
7 40
9 33
9 40
5 34
5 39
11 34
4 36
4 37
6 33
6 40
10 33
10 40
4 35
4 38
8 32
8 41
5 33
5 40
7 32
7 41
9 32
9 41
11 33
11 40
4 34
4 39
6 32
6 41
10 32
4 33
4 40
5 32
5 41
11 32
8 31
8 42
7 31
7 42
9 31
9 42
6 31
6 42
10 31
4 32
4 41
5 31
5 42
11 31
8 43
7 30
7 43
9 30
4 31
4 42
6 30
10 30
5 43
11 30
9 29
4 43
10 29
11 29
0
No
0
Yes
37 44
37 45
37 46
38 44
38 45
38 46
39 44
39 45
39 46
0
Yes
30 46
29 46
30 45
30 47
31 46
29 45
29 47
31 45
31 47
28 46
30 44
30 48
32 46
28 45
28 47
29 44
29 48
31 44
31 48
32 45
32 47
28 44
28 48
32 44
32 48
27 46
30 43
30 49
33 46
27 45
27 47
29 43
29 49
31 43
31 49
33 45
33 47
27 44
27 48
28 43
28 49
32 43
32 49
33 44
33 48
26 46
30 42
34 46
26 45
26 47
29 42
31 42
34 45
34 47
27 43
27 49
33 43
33 49
26 44
26 48
28 42
32 42
34 44
34 48
26 43
26 49
27 42
33 42
34 43
34 49
35 46
25 45
25 47
35 45
35 47
25 44
25 48
35 44
35 48
26 42
34 42
25 43
25 49
35 43
35 49
36 46
24 45
36 45
36 47
24 44
36 44
36 48
25 42
35 42
24 43
36 43
36 49
0
Yes
16 5
16 6
16 7
17 5
17 6
17 7
18 5
18 6
18 7
0
No
0
No
0
Yes
30 6
30 7
29 6
29 7
31 6
31 7
30 5
30 8
29 5
29 8
31 5
31 8
28 6
28 7
32 6
32 7
28 5
28 8
30 4
30 9
32 5
32 8
29 4
29 9
31 4
31 9
27 6
27 7
28 4
28 9
32 4
32 9
27 5
27 8
33 8
30 3
30 10
29 3
29 10
31 3
31 10
27 4
27 9
33 9
26 6
26 7
28 3
28 10
32 3
32 10
26 5
26 8
30 2
30 11
27 3
27 10
29 2
29 11
31 2
31 11
33 10
26 4
26 9
28 2
28 11
32 2
32 11
26 3
26 10
27 2
27 11
33 2
33 11
30 1
30 12
29 1
29 12
31 1
31 12
28 1
28 12
32 1
32 12
26 2
26 11
27 1
27 12
33 1
33 12
30 0
29 0
31 0
26 1
26 12
28 0
32 0
27 0
33 0
0
No
0
Yes
26 0
26 1
26 2
26 3
26 4
26 5
26 6
26 7
26 8
26 9
26 10
27 0
27 1
27 2
27 3
27 4
27 5
27 6
27 7
27 8
27 9
27 10
28 0
28 1
28 2
28 3
28 4
28 5
28 6
28 7
28 8
28 9
28 10
29 0
29 1
29 2
29 3
29 4
29 5
29 6
29 7
29 8
29 9
29 10
30 0
30 1
30 2
30 3
30 4
30 5
30 6
30 7
30 8
30 9
30 10
31 0
31 1
31 2
31 3
31 4
31 5
31 6
31 7
31 8
31 9
31 10
32 0
32 1
32 2
32 3
32 4
32 5
32 6
32 7
32 8
0
No
0
Yes
20 13
20 14
21 13
21 14
19 13
19 14
20 12
20 15
21 12
21 15
22 13
22 14
19 12
19 15
22 12
22 15
18 13
18 14
20 11
20 16
21 11
21 16
23 13
23 14
18 12
18 15
19 11
19 16
22 11
22 16
23 12
17 13
17 14
18 11
18 16
20 10
20 17
21 10
21 17
23 11
23 16
24 13
17 12
17 15
19 10
19 17
22 10
24 12
17 11
17 16
18 10
18 17
23 10
24 11
24 16
20 9
21 9
16 12
16 15
19 9
22 9
17 10
17 17
24 10
16 11
16 16
18 9
23 9
16 10
16 17
17 9
24 9
16 9
0
Yes
35 11
35 12
34 11
34 12
36 11
36 12
35 10
35 13
34 10
34 13
36 10
36 13
33 11
33 12
37 11
37 12
33 10
33 13
35 9
35 14
37 10
37 13
34 9
34 14
36 9
36 14
32 11
32 12
33 9
33 14
37 9
37 14
32 10
32 13
35 8
34 8
36 8
32 9
32 14
33 8
37 8
0
Yes
4 20
5 20
4 19
4 21
5 19
5 21
3 20
6 20
3 19
3 21
6 19
6 21
4 18
4 22
5 18
5 22
2 20
3 18
3 22
6 18
6 22
7 20
2 19
2 21
7 19
7 21
4 17
4 23
5 17
5 23
2 18
2 22
7 18
7 22
3 17
3 23
6 17
6 23
1 20
1 19
1 21
8 19
2 23
7 17
7 23
1 18
1 22
4 16
5 16
8 18
3 16
6 16
0 20
0 19
0 21
1 23
8 23
7 16
0 22
0
Yes
16 42
17 42
16 41
16 43
17 41
17 43
15 42
18 42
15 41
15 43
18 41
18 43
16 40
16 44
17 40
17 44
14 42
15 40
15 44
18 40
18 44
14 41
14 43
16 39
16 45
17 39
17 45
14 40
15 39
15 45
18 39
18 45
14 39
16 38
17 38
17 46
15 38
18 38
18 46
14 38
16 37
17 37
15 37
18 37
0
No
0
No
0
Yes
2 44
2 45
2 46
2 47
2 48
2 49
3 44
3 45
3 46
3 47
3 48
3 49
4 44
4 45
4 46
4 47
4 48
4 49
5 44
5 45
5 46
5 47
0
No
0
Yes
14 37
14 38
14 39
14 40
14 41
15 37
15 38
15 39
15 40
15 41
16 37
16 38
16 39
16 40
16 41
17 37
17 38
17 39
17 40
17 41
18 37
18 38
18 39
18 40
18 41
0
No
0
No
0
No
0
Yes
22 2
22 3
22 4
22 5
22 6
23 2
23 3
23 4
23 5
23 6
24 2
24 3
24 4
24 5
0
Yes
37 15
37 16
37 17
37 18
37 19
37 20
37 21
37 22
38 15
38 16
38 17
38 18
38 19
38 20
38 21
38 22
39 15
39 16
39 17
39 18
39 19
39 20
39 21
39 22
40 15
40 16
40 17
40 18
40 19
40 20
40 21
40 22
41 15
41 16
41 17
41 18
41 19
41 20
41 21
41 22
42 15
42 16
42 17
42 18
42 19
42 20
42 21
42 22
43 15
43 16
43 17
43 18
43 19
43 20
43 21
43 22
44 15
44 16
44 17
44 18
44 19
44 20
44 21
44 22
45 15
0
No
0
Yes
34 24
33 24
33 23
34 23
35 23
35 24
34 22
33 22
35 22
32 23
32 22
36 22
36 23
33 21
34 21
35 21
32 21
36 21
34 20
33 20
35 20
32 20
36 20
31 21
31 20
33 19
34 19
35 19
32 19
36 19
31 19
30 20
30 21
30 19
34 18
33 18
35 18
32 18
31 18
36 18
30 18
33 17
34 17
35 17
32 17
31 17
36 17
30 17
29 18
34 16
33 16
35 16
32 16
31 16
36 16
30 16
33 15
34 15
35 15
32 15
31 15
36 15
30 15
29 16
29 15
31 14
30 14
28 15
28 16
30 13
31 13
31 12
30 12
29 12
30 11
31 11
29 11
0
Yes
16 19
16 20
16 21
16 22
16 23
16 24
16 25
17 19
17 20
17 21
17 22
17 23
17 24
17 25
18 19
18 20
18 21
18 22
18 23
18 24
18 25
19 19
19 20
19 21
19 22
19 23
19 24
19 25
20 19
20 20
20 21
20 22
20 23
20 24
0
No
0
Yes
21 19
21 20
21 21
21 22
21 23
21 24
22 19
22 20
22 21
22 22
22 23
22 24
23 19
23 20
23 21
23 22
23 23
23 24
24 19
24 20
24 21
24 22
24 23
24 24
25 19
25 20
25 21
25 22
25 23
25 24
0
No
0
No
0
No
0
No
0
Yes
45 44
45 45
45 46
45 47
46 44
46 45
46 46
46 47
47 44
47 45
47 46
47 47
48 44
48 45
48 46
48 47
49 44
49 45
49 46
0
No
0
Yes
28 42
28 43
28 44
28 45
28 46
28 47
28 48
28 49
29 42
29 43
29 44
29 45
29 46
29 47
29 48
29 49
30 42
30 43
30 44
30 45
30 46
30 47
30 48
30 49
31 42
31 43
31 44
31 45
31 46
31 47
31 48
31 49
32 42
32 43
32 44
32 45
32 46
32 47
32 48
32 49
33 42
33 43
33 44
33 45
33 46
33 47
33 48
33 49
34 42
34 43
34 44
34 45
34 46
34 47
34 48
34 49
35 42
35 43
35 44
35 45
35 46
35 47
35 48
35 49
36 42
36 43
36 44
36 45
36 46
36 47
36 48
36 49
37 42
37 43
0
No
0
Yes
14 19
13 19
13 18
14 18
13 20
14 20
15 18
15 19
15 20
14 17
13 17
15 17
14 21
13 21
15 21
16 19
16 18
16 20
16 21
12 18
12 19
12 20
12 17
12 21
11 19
11 18
11 20
11 17
11 21
13 16
14 16
12 16
15 16
11 16
13 22
12 22
11 22
15 22
16 22
17 18
17 19
17 20
17 21
17 22
14 15
13 15
15 15
18 19
18 20
18 21
18 18
18 22
10 18
10 19
10 20
10 17
10 21
10 22
16 23
17 23
15 23
18 23
9 19
9 18
9 20
9 21
9 17
9 22
11 23
10 23
9 23
19 18
19 19
19 20
19 21
19 22
19 23
17 24
16 24
18 24
19 24
20 19
20 20
20 21
20 22
20 23
20 18
20 24
8 20
8 21
8 22
16 25
17 25
18 25
19 25
0
Yes
15 42
15 43
15 44
15 45
16 42
16 43
16 44
16 45
17 42
17 43
17 44
17 45
18 42
18 43
18 44
18 45
0
Yes
18 18
17 18
17 19
18 19
19 19
19 18
18 20
17 20
19 20
20 18
20 19
20 20
16 19
16 18
16 20
15 18
15 19
15 20
15 17
17 21
18 21
19 21
16 21
20 21
15 21
18 22
17 22
19 22
16 22
20 22
15 22
14 17
14 18
14 19
14 20
14 21
14 16
15 16
15 15
14 15
13 18
13 17
13 19
13 16
13 20
13 15
13 21
17 23
18 23
19 23
16 23
20 23
15 23
18 24
17 24
19 24
16 24
20 24
12 17
12 18
12 19
12 16
12 20
12 21
13 22
12 22
11 18
11 17
11 19
11 20
11 21
11 16
11 22
17 25
18 25
19 25
16 25
10 17
10 18
10 19
10 20
10 21
10 22
11 23
10 23
9 18
9 19
9 20
9 21
9 22
9 17
0
No
0
Yes
2 44
2 45
2 46
2 47
2 48
2 49
3 44
3 45
3 46
3 47
3 48
3 49
4 44
4 45
4 46
4 47
4 48
4 49
5 44
5 45
5 46
5 47
5 48
5 49
0
No
0
Yes
11 40
10 40
10 39
9 39
9 40
9 41
9 38
10 38
11 38
8 40
8 39
8 41
8 38
11 37
10 37
9 37
8 37
12 37
8 42
9 42
7 39
7 40
7 41
7 38
7 42
7 37
10 36
11 36
9 36
8 36
7 36
6 40
6 39
6 41
6 38
6 37
6 42
6 36
7 43
8 43
8 44
11 35
10 35
9 35
8 35
7 35
6 35
5 39
5 40
5 41
5 38
5 37
5 36
5 42
5 35
10 34
9 34
8 34
7 34
6 34
11 34
5 34
5 43
4 40
4 39
4 41
4 38
4 42
4 37
4 36
4 35
4 43
4 34
11 33
10 33
9 33
8 33
7 33
6 33
5 33
4 33
3 39
3 40
3 41
3 42
3 43
10 32
9 32
8 32
7 32
6 32
5 32
11 32
4 32
3 36
3 35
2 40
2 41
2 42
2 39
2 43
11 31
10 31
9 31
8 31
7 31
6 31
5 31
4 31
0
No
0
Yes
4 31
4 32
4 33
4 34
4 35
4 36
4 37
4 38
4 39
5 31
5 32
5 33
5 34
5 35
5 36
5 37
5 38
5 39
6 31
6 32
6 33
6 34
6 35
6 36
6 37
6 38
6 39
7 31
7 32
7 33
7 34
7 35
7 36
7 37
7 38
7 39
8 31
8 32
8 33
8 34
8 35
8 36
8 37
8 38
8 39
9 31
9 32
9 33
9 34
9 35
9 36
9 37
9 38
9 39
10 31
10 32
10 33
10 34
10 35
10 36
10 37
10 38
10 39
11 31
11 32
11 33
11 34
11 35
11 36
11 37
11 38
0
No
0
Yes
5 49
4 49
4 48
5 48
6 48
6 49
5 47
4 47
7 49
3 48
3 49
3 47
2 49
2 48
2 47
4 46
3 46
5 46
2 46
5 45
4 45
3 45
2 45
1 46
1 45
4 44
3 44
2 44
5 44
1 44
5 43
4 43
3 43
2 43
1 43
0 45
0 44
0 43
4 42
3 42
2 42
5 42
6 42
5 41
4 41
3 41
6 41
2 41
7 41
7 42
7 43
8 43
8 42
8 41
8 44
9 42
9 41
0 42
4 40
5 40
6 40
3 40
7 40
8 40
2 40
9 40
0
No
0
Yes
33 0
33 1
33 2
33 3
33 4
33 5
34 0
34 1
34 2
34 3
34 4
34 5
35 0
35 1
35 2
35 3
35 4
35 5
36 0
36 1
36 2
36 3
36 4
36 5
37 0
37 1
37 2
37 3
37 4
37 5
38 0
38 1
38 2
38 3
38 4
38 5
39 0
39 1
39 2
39 3
39 4
39 5
0
No
0
No
0
No
0
No
0
No
0
No
0
No
0
Yes
14 37
14 38
14 39
14 40
14 41
15 37
15 38
15 39
15 40
15 41
16 37
16 38
16 39
16 40
16 41
17 37
17 38
17 39
17 40
17 41
18 37
0
No
0
No
0
No
0
Yes
0 34
0 35
0 36
0 37
0 38
1 34
1 35
1 36
1 37
1 38
0
Yes
3 16
3 17
3 18
4 16
4 17
4 18
5 16
5 17
5 18
6 16
6 17
6 18
7 16
7 17
0
Yes
0 19
0 20
0 21
0 22
0 23
1 19
1 20
1 21
1 22
1 23
2 19
2 20
2 21
2 22
2 23
3 19
3 20
3 21
3 22
3 23
4 19
4 20
4 21
4 22
4 23
5 19
5 20
5 21
5 22
5 23
6 19
6 20
6 21
6 22
6 23
7 19
7 20
7 21
0
Yes
29 0
29 1
29 2
29 3
29 4
29 5
29 6
30 0
30 1
30 2
30 3
30 4
30 5
30 6
31 0
31 1
31 2
31 3
31 4
31 5
31 6
32 0
32 1
32 2
32 3
32 4
32 5
32 6
33 0
33 1
33 2
33 3
33 4
33 5
33 6
34 0
34 1
34 2
34 3
34 4
34 5
34 6
35 0
35 1
35 2
35 3
35 4
35 5
35 6
36 0
36 1
36 2
36 3
36 4
36 5
36 6
37 0
37 1
37 2
37 3
37 4
37 5
37 6
38 0
38 1
38 2
38 3
38 4
38 5
38 6
39 0
39 1
39 2
0
Yes
45 6
45 7
45 8
45 9
45 10
45 11
45 12
45 13
46 6
46 7
46 8
46 9
46 10
46 11
46 12
46 13
47 6
47 7
47 8
47 9
47 10
47 11
47 12
47 13
48 6
48 7
48 8
48 9
48 10
48 11
48 12
48 13
49 6
49 7
49 8
49 9
49 10
49 11
49 12
49 13
0
No
0
Yes
38 9
38 10
38 11
38 12
38 13
38 14
38 15
38 16
38 17
38 18
38 19
39 9
39 10
39 11
39 12
39 13
39 14
39 15
39 16
39 17
39 18
39 19
40 9
40 10
40 11
40 12
40 13
40 14
40 15
40 16
40 17
40 18
40 19
41 9
41 10
41 11
41 12
41 13
41 14
41 15
41 16
41 17
41 18
41 19
42 9
42 10
42 11
42 12
42 13
42 14
42 15
42 16
42 17
42 18
42 19
43 9
43 10
43 11
43 12
43 13
43 14
43 15
43 16
43 17
43 18
43 19
44 9
44 10
44 11
44 12
44 13
44 14
44 15
44 16
44 17
44 18
44 19
0
No
0
Yes
0 19
0 20
0 21
0 22
0 23
1 19
1 20
1 21
1 22
1 23
2 19
2 20
2 21
2 22
2 23
3 19
3 20
3 21
3 22
3 23
4 19
4 20
4 21
4 22
4 23
5 19
5 20
5 21
5 22
5 23
6 19
6 20
6 21
6 22
6 23
0
Yes
2 43
2 44
2 45
2 46
2 47
2 48
2 49
3 43
3 44
3 45
3 46
3 47
3 48
3 49
4 43
4 44
4 45
4 46
4 47
4 48
4 49
5 43
5 44
5 45
5 46
5 47
0
No
0
Yes
23 22
24 22
23 21
23 23
24 21
24 23
22 22
25 22
22 21
22 23
25 21
25 23
23 20
23 24
24 20
24 24
21 22
22 20
22 24
25 20
25 24
26 22
21 21
21 23
26 21
26 23
23 19
23 25
24 19
24 25
21 20
21 24
26 20
26 24
22 19
22 25
25 19
25 25
20 22
27 22
20 21
20 23
27 21
27 23
21 19
26 19
26 25
20 20
20 24
23 18
24 18
27 20
27 24
22 18
19 22
28 22
19 21
19 23
20 19
27 19
27 25
28 21
28 23
21 18
26 18
19 20
19 24
28 24
20 18
27 18
19 19
19 25
28 25
18 22
29 22
18 21
18 23
29 21
29 23
18 20
18 24
29 20
29 24
19 18
18 19
18 25
29 25
17 22
30 22
17 21
17 23
30 23
17 20
17 24
18 18
30 24
17 19
17 25
30 25
16 22
31 22
16 21
16 23
31 23
17 18
16 20
16 24
31 24
16 19
16 25
31 25
15 22
16 18
15 21
15 23
15 20
15 19
15 18
0
Yes
9 6
9 7
9 8
10 6
10 7
10 8
11 6
0
Yes
8 36
8 37
7 36
7 37
9 36
9 37
8 35
8 38
7 35
7 38
9 35
9 38
6 36
6 37
10 36
10 37
6 35
6 38
8 34
8 39
10 35
10 38
7 34
7 39
9 34
9 39
5 36
5 37
11 36
11 37
6 34
6 39
10 34
10 39
5 35
5 38
11 35
11 38
8 33
8 40
7 33
7 40
9 33
9 40
5 34
5 39
11 34
4 36
4 37
6 33
6 40
10 33
10 40
4 35
4 38
8 32
8 41
5 33
5 40
7 32
7 41
9 32
9 41
11 33
11 40
4 34
4 39
6 32
6 41
10 32
4 33
4 40
5 32
5 41
11 32
8 31
8 42
7 31
7 42
9 31
9 42
6 31
6 42
10 31
4 32
4 41
5 31
5 42
11 31
0
No
0
Yes
32 10
31 10
31 9
32 9
33 9
33 10
33 11
32 11
32 8
31 8
33 8
32 12
33 12
34 10
34 9
34 11
34 8
34 12
30 9
30 10
30 8
29 10
29 9
29 8
31 7
32 7
33 7
30 7
34 7
29 7
33 13
32 13
34 13
35 9
35 10
35 11
35 8
35 12
35 7
35 13
32 14
33 14
34 14
35 14
36 10
36 9
36 11
36 8
36 12
36 13
36 7
36 14
28 9
28 8
28 10
28 7
28 11
27 10
27 9
27 8
27 11
27 7
37 9
37 10
37 11
37 8
37 12
37 13
37 7
37 14
27 12
28 12
28 6
27 6
26 9
26 10
26 11
26 8
26 7
26 12
26 6
38 8
38 7
25 10
25 9
25 11
25 8
25 12
27 5
28 5
26 5
0
Yes
13 26
12 26
12 27
13 27
11 27
11 26
11 25
11 28
10 26
10 27
10 25
10 24
11 24
12 24
11 23
10 23
9 25
9 26
9 24
9 27
9 23
8 26
8 25
8 24
8 27
8 23
10 22
9 22
11 22
8 22
12 22
12 21
11 21
10 21
9 21
8 21
13 21
13 22
13 20
12 20
11 20
10 20
9 20
8 20
7 25
7 26
7 24
7 23
7 22
7 21
7 20
14 20
14 21
12 19
13 19
11 19
10 19
9 19
8 19
14 19
7 19
13 18
12 18
11 18
10 18
9 18
8 18
14 18
7 18
12 17
13 17
11 17
10 17
9 17
14 17
15 17
13 16
12 16
14 16
11 16
15 16
12 15
13 15
14 15
11 15
15 15
11 14
12 14
11 29
10 29
10 30
11 30
0
Yes
47 11
48 11
47 10
47 12
48 10
48 12
46 11
49 11
46 10
46 12
49 10
49 12
47 9
47 13
48 9
48 13
45 11
46 9
46 13
49 9
49 13
45 10
45 12
47 8
47 14
48 8
48 14
45 9
45 13
46 8
46 14
49 8
49 14
45 8
45 14
47 7
47 15
48 7
48 15
46 7
46 15
49 7
49 15
45 7
45 15
47 6
48 6
48 16
46 6
46 16
49 6
45 6
45 16
47 5
48 5
46 5
46 17
49 5
45 17
47 4
48 4
46 4
0
Yes
41 20
41 21
41 22
42 20
42 21
42 22
43 20
43 21
43 22
44 20
44 21
44 22
45 20
0
No
0
Yes
45 42
45 43
45 44
45 45
45 46
45 47
46 42
46 43
46 44
46 45
46 46
46 47
47 42
47 43
47 44
47 45
47 46
47 47
48 42
48 43
48 44
48 45
48 46
48 47
49 42
49 43
49 44
49 45
49 46
0
Yes
9 43
9 44
9 45
10 43
10 44
10 45
11 43
11 44
11 45
12 43
0
Yes
3 46
2 46
3 45
3 47
4 46
2 45
2 47
4 45
4 47
1 46
3 44
3 48
5 46
1 45
2 44
2 48
4 44
4 48
5 45
5 47
1 44
5 44
5 48
3 43
3 49
0 45
2 43
2 49
4 43
4 49
0 44
1 43
1 49
5 43
5 49
3 42
2 42
4 42
0 43
0
No
0
No
0
No
0
Yes
46 45
47 45
46 44
46 46
47 44
47 46
45 45
48 45
45 44
45 46
48 44
48 46
46 43
46 47
47 43
47 47
45 43
45 47
48 43
48 47
49 45
44 44
44 46
49 44
49 46
46 42
47 42
44 43
44 47
49 43
45 42
48 42
43 46
44 42
49 42
43 43
43 47
43 42
0
Yes
7 49
6 49
6 48
5 48
5 49
5 47
4 49
4 48
4 47
3 48
3 49
3 47
4 46
5 46
3 46
5 45
4 45
3 45
2 49
2 48
2 47
2 46
2 45
4 44
3 44
5 44
2 44
5 43
4 43
3 43
2 43
1 46
1 45
1 44
1 43
4 42
3 42
2 42
0 45
0 44
0 43
3 41
2 41
0 42
2 40
3 40
0
No
0
No
0
Yes
43 0
43 1
43 2
44 0
44 1
44 2
45 0
45 1
45 2
46 0
46 1
0
No
0
Yes
0 34
0 35
0 36
0 37
0 38
1 34
1 35
1 36
1 37
1 38
0
Yes
22 22
22 23
23 22
23 23
21 22
21 23
22 21
22 24
23 21
23 24
24 22
24 23
21 21
21 24
24 21
24 24
20 22
20 23
22 20
22 25
23 20
23 25
25 22
25 23
20 21
20 24
21 20
24 20
24 25
25 21
25 24
19 22
19 23
20 20
22 19
23 19
23 26
25 20
25 25
26 22
26 23
19 21
19 24
21 19
24 19
24 26
26 21
26 24
19 20
19 25
20 19
25 19
25 26
26 20
26 25
18 22
18 23
22 18
23 18
27 22
27 23
18 21
18 24
21 18
24 18
27 21
27 24
19 19
26 19
26 26
18 20
18 25
20 18
27 20
27 25
17 22
17 23
28 22
28 23
17 21
17 24
18 19
19 18
26 18
27 19
27 26
28 21
28 24
17 20
17 25
28 25
18 18
27 18
16 22
16 23
17 19
28 26
29 22
29 23
16 21
16 24
29 21
29 24
16 20
16 25
29 20
29 25
17 18
16 19
29 26
15 22
15 23
15 21
15 20
16 18
0
No
0
No
0
No
0
No
0
No
0
Yes
32 41
32 42
32 43
32 44
32 45
32 46
32 47
33 41
33 42
33 43
33 44
33 45
33 46
33 47
34 41
34 42
34 43
34 44
34 45
34 46
34 47
35 41
35 42
35 43
35 44
35 45
35 46
35 47
36 41
36 42
36 43
36 44
36 45
36 46
36 47
37 41
37 42
37 43
37 44
37 45
37 46
0
No
0
No
0
No
0
Yes
20 21
20 22
19 21
19 22
21 21
21 22
20 20
20 23
19 20
19 23
21 20
21 23
18 21
18 22
22 21
22 22
18 20
18 23
20 19
20 24
22 20
22 23
19 19
19 24
21 19
21 24
17 21
17 22
23 21
23 22
18 19
18 24
22 19
22 24
17 20
17 23
23 20
23 23
20 18
19 18
19 25
21 18
17 19
17 24
23 19
23 24
16 21
16 22
18 18
18 25
22 18
22 25
24 21
24 22
16 20
16 23
24 20
24 23
17 18
17 25
23 18
23 25
16 19
16 24
24 19
24 24
15 21
15 22
15 20
15 23
16 18
16 25
24 18
24 25
15 19
15 18
0
Yes
25 42
25 41
24 41
26 41
26 42
26 43
25 43
24 43
25 44
24 44
26 44
27 42
27 43
27 41
27 44
26 40
27 40
23 44
24 45
25 45
26 45
27 45
28 41
28 42
28 43
28 44
28 40
28 45
29 42
29 41
29 43
29 44
29 40
29 45
26 46
27 46
28 46
29 46
29 39
30 41
30 42
30 43
30 40
30 44
30 45
30 39
30 46
27 47
28 47
29 47
26 47
30 47
25 47
25 48
26 48
27 48
28 48
29 48
30 48
31 42
31 41
31 43
31 40
31 44
31 45
31 46
31 47
31 39
31 48
30 38
29 38
31 38
28 38
28 37
29 37
30 37
26 49
27 49
28 49
29 49
30 49
25 49
31 49
0
Yes
9 6
9 7
9 8
10 6
10 7
10 8
11 6
0
Yes
34 11
33 11
34 10
34 12
35 11
33 10
33 12
35 10
35 12
32 11
34 9
34 13
36 11
32 10
32 12
33 9
33 13
35 9
35 13
36 10
36 12
32 9
32 13
36 9
36 13
34 8
34 14
37 11
31 10
33 8
33 14
35 8
35 14
37 10
37 12
31 9
32 8
32 14
36 8
36 14
37 9
37 13
34 7
30 10
33 7
35 7
31 8
37 8
37 14
30 9
32 7
36 7
30 8
31 7
37 7
0
No
0
No
0
No
0
No
0
No
0
Yes
16 5
16 6
16 7
16 8
17 5
17 6
17 7
17 8
18 5
18 6
18 7
18 8
19 5
19 6
19 7
19 8
20 5
20 6
20 7
0
Yes
25 0
25 1
25 2
25 3
26 0
26 1
26 2
26 3
27 0
27 1
27 2
27 3
28 0
28 1
28 2
28 3
0
No
0
Yes
28 25
28 26
29 25
29 26
27 25
27 26
28 24
28 27
29 24
29 27
30 25
30 26
27 24
27 27
30 24
30 27
26 25
26 26
28 23
29 23
31 25
26 24
26 27
27 23
27 28
30 23
31 24
31 27
25 25
25 26
26 23
26 28
28 22
29 22
31 23
25 24
25 27
27 22
27 29
30 22
25 23
25 28
26 22
26 29
31 22
28 21
29 21
27 21
25 22
25 29
26 21
25 21
0
Yes
25 34
25 35
25 36
25 37
26 34
26 35
26 36
26 37
27 34
27 35
27 36
27 37
28 34
28 35
0
Yes
12 31
12 32
12 33
12 34
12 35
12 36
13 31
13 32
13 33
13 34
13 35
13 36
14 31
14 32
14 33
14 34
14 35
14 36
15 31
15 32
15 33
15 34
15 35
15 36
16 31
16 32
16 33
16 34
16 35
16 36
17 31
17 32
17 33
17 34
17 35
17 36
18 31
18 32
18 33
18 34
18 35
18 36
19 31
19 32
19 33
19 34
19 35
19 36
20 31
20 32
20 33
20 34
20 35
20 36
21 31
21 32
21 33
21 34
21 35
21 36
22 31
22 32
22 33
22 34
22 35
22 36
23 31
23 32
23 33
0
No
0
Yes
25 39
24 39
24 38
25 38
24 40
25 40
23 38
23 39
23 40
23 37
24 37
22 39
22 38
22 40
22 37
24 36
23 36
21 38
21 39
21 40
21 37
21 41
23 35
24 35
20 39
20 38
20 40
20 37
20 41
24 34
23 34
19 38
19 39
19 40
19 37
19 41
19 42
18 39
18 38
18 40
18 41
18 42
18 43
17 42
17 43
17 44
18 44
18 45
17 45
19 45
19 46
18 46
17 46
20 46
16 43
16 44
16 45
16 42
15 42
15 43
15 44
15 45
18 47
17 47
14 43
14 42
0
Yes
25 0
25 1
25 2
26 0
26 1
26 2
27 0
27 1
27 2
28 0
28 1
28 2
0
No
0
No
0
Yes
0 0
0 1
0 2
0 3
0 4
1 0
1 1
1 2
1 3
1 4
2 0
2 1
2 2
2 3
2 4
3 0
3 1
3 2
3 3
3 4
0
No
0
No
0
Yes
0 19
0 20
0 21
0 22
0 23
1 19
1 20
1 21
1 22
1 23
2 19
2 20
2 21
2 22
2 23
3 19
3 20
3 21
3 22
3 23
4 19
4 20
4 21
4 22
4 23
5 19
5 20
5 21
5 22
5 23
0
Yes
0 5
0 6
0 7
0 8
0 9
0 10
0 11
0 12
1 5
1 6
1 7
1 8
1 9
1 10
1 11
1 12
2 5
2 6
2 7
2 8
2 9
2 10
2 11
2 12
3 5
3 6
3 7
3 8
3 9
3 10
3 11
3 12
4 5
4 6
4 7
4 8
4 9
4 10
4 11
4 12
5 5
5 6
5 7
5 8
5 9
5 10
5 11
0
Yes
7 0
7 1
7 2
8 0
8 1
8 2
9 0
9 1
9 2
10 0
10 1
10 2
11 0
0
No
0
Yes
41 26
41 27
41 28
41 29
41 30
41 31
41 32
41 33
41 34
41 35
41 36
41 37
41 38
41 39
41 40
41 41
42 26
42 27
42 28
42 29
42 30
42 31
42 32
42 33
42 34
42 35
42 36
42 37
42 38
42 39
42 40
42 41
43 26
43 27
43 28
43 29
43 30
43 31
43 32
43 33
43 34
43 35
43 36
43 37
43 38
43 39
43 40
43 41
44 26
44 27
44 28
44 29
44 30
44 31
44 32
44 33
44 34
44 35
44 36
44 37
44 38
44 39
44 40
44 41
45 26
45 27
45 28
45 29
45 30
45 31
45 32
45 33
45 34
45 35
45 36
45 37
45 38
45 39
45 40
45 41
46 26
46 27
46 28
46 29
46 30
46 31
46 32
46 33
46 34
46 35
46 36
46 37
46 38
46 39
46 40
46 41
47 26
47 27
47 28
47 29
47 30
47 31
47 32
47 33
47 34
47 35
47 36
47 37
47 38
47 39
47 40
47 41
48 26
48 27
48 28
48 29
48 30
48 31
48 32
48 33
48 34
48 35
48 36
48 37
48 38
48 39
48 40
48 41
49 26
49 27
49 28
49 29
49 30
49 31
49 32
49 33
49 34
49 35
49 36
49 37
49 38
49 39
49 40
49 41
0
Yes
30 12
30 13
30 14
30 15
30 16
30 17
30 18
30 19
30 20
30 21
31 12
31 13
31 14
31 15
31 16
31 17
31 18
31 19
31 20
31 21
32 12
32 13
32 14
32 15
32 16
32 17
32 18
32 19
32 20
32 21
33 12
33 13
33 14
33 15
33 16
33 17
33 18
33 19
33 20
33 21
34 12
34 13
34 14
34 15
34 16
34 17
34 18
34 19
34 20
34 21
35 12
35 13
35 14
35 15
35 16
35 17
35 18
35 19
35 20
35 21
36 12
36 13
36 14
36 15
36 16
36 17
36 18
36 19
36 20
36 21
37 12
37 13
37 14
37 15
37 16
37 17
0
Yes
46 0
46 1
47 0
47 1
48 0
48 1
49 0
49 1
0
Yes
34 31
34 32
35 31
35 32
33 31
33 32
34 30
34 33
35 30
35 33
36 31
36 32
33 30
33 33
36 30
36 33
32 31
32 32
34 29
34 34
35 29
37 31
37 32
32 30
32 33
33 29
33 34
36 29
37 30
37 33
31 31
31 32
32 29
32 34
34 28
35 28
37 29
38 31
38 32
31 30
31 33
33 28
36 28
38 30
38 33
31 29
31 34
32 28
37 28
38 29
38 34
30 31
30 32
39 31
39 32
30 30
39 30
39 33
31 28
38 28
30 29
39 29
39 34
29 31
40 31
40 32
29 30
30 28
39 28
40 30
40 33
29 29
40 29
40 34
28 31
29 28
40 28
28 30
0
Yes
10 17
9 17
9 18
10 18
11 18
11 17
11 16
10 19
9 19
11 19
12 17
12 18
12 16
12 19
8 18
8 19
12 15
11 15
9 20
10 20
11 20
8 20
12 20
11 14
12 14
13 16
13 17
13 18
13 15
13 19
13 20
7 19
7 18
7 20
10 21
9 21
11 21
8 21
12 21
7 21
13 21
14 17
14 16
14 18
14 19
14 20
14 15
14 21
6 20
6 19
6 21
9 22
10 22
11 22
8 22
12 22
7 22
13 22
6 22
15 16
15 17
15 15
10 23
9 23
11 23
8 23
7 23
6 23
9 24
10 24
8 24
7 24
11 24
12 24
10 25
9 25
11 25
8 25
7 25
6 25
9 26
10 26
8 26
7 26
11 26
12 26
10 27
9 27
11 27
8 27
12 27
13 27
13 26
11 28
12 28
13 28
14 28
12 29
13 29
11 29
14 29
10 29
10 30
11 30
12 30
13 30
14 30
15 29
15 28
15 30
0
No
0
Yes
45 6
45 7
45 8
45 9
45 10
45 11
45 12
45 13
46 6
46 7
46 8
46 9
46 10
46 11
46 12
46 13
47 6
47 7
47 8
47 9
47 10
47 11
47 12
47 13
48 6
48 7
48 8
48 9
48 10
48 11
48 12
48 13
49 6
49 7
49 8
49 9
49 10
0
Yes
28 15
28 16
29 15
29 16
0
Yes
20 46
19 46
19 45
18 45
18 46
18 47
18 44
17 46
17 45
17 47
17 44
17 48
18 48
16 45
16 44
16 47
16 48
17 43
18 43
16 43
18 42
17 42
16 42
19 42
16 49
19 41
18 41
17 41
16 41
20 41
15 44
15 43
15 42
15 45
15 41
15 48
15 49
20 40
19 40
18 40
17 40
16 40
15 40
21 40
21 41
14 43
14 42
14 41
14 40
19 39
20 39
18 39
17 39
16 39
15 39
21 39
14 39
22 39
22 40
23 40
23 39
20 38
19 38
21 38
18 38
22 38
17 38
16 38
15 38
23 38
14 38
13 42
13 41
13 43
13 44
24 39
24 40
24 38
25 40
25 39
25 38
19 37
20 37
21 37
18 37
22 37
17 37
23 37
16 37
24 37
15 37
25 37
14 37
26 39
13 39
23 36
24 36
25 36
26 37
26 36
24 35
25 35
23 35
26 35
27 36
27 37
27 35
23 34
24 34
25 34
26 34
27 34
24 33
25 33
26 33
28 35
28 34
25 32
24 32
26 32
24 31
25 31
26 31
27 32
27 31
25 30
26 30
24 30
27 30
23 30
23 29
24 29
22 29
22 30
21 30
22 28
23 28
24 28
23 27
22 27
24 27
0
No
0
Yes
0 19
0 20
0 21
0 22
0 23
1 19
1 20
1 21
1 22
1 23
2 19
2 20
2 21
2 22
2 23
3 19
3 20
3 21
3 22
3 23
4 19
4 20
4 21
4 22
4 23
5 19
5 20
5 21
5 22
5 23
6 19
6 20
6 21
6 22
6 23
7 19
7 20
7 21
7 22
0
Yes
22 2
22 3
22 4
22 5
22 6
23 2
23 3
23 4
23 5
23 6
24 2
24 3
24 4
24 5
0
Yes
32 41
32 42
32 43
32 44
32 45
32 46
32 47
32 48
32 49
33 41
33 42
33 43
33 44
33 45
33 46
33 47
33 48
33 49
34 41
34 42
34 43
34 44
34 45
34 46
34 47
34 48
34 49
35 41
35 42
35 43
35 44
35 45
35 46
35 47
35 48
35 49
36 41
36 42
36 43
36 44
36 45
36 46
36 47
0
Yes
35 3
35 4
35 5
35 6
35 7
35 8
36 3
36 4
36 5
36 6
36 7
36 8
37 3
37 4
37 5
37 6
37 7
37 8
38 3
38 4
38 5
38 6
38 7
38 8
39 3
39 4
39 5
39 6
39 7
39 8
40 3
40 4
40 5
40 6
40 7
40 8
0
Yes
2 46
2 47
2 48
2 49
3 46
3 47
3 48
3 49
4 46
4 47
4 48
4 49
5 46
5 47
5 48
5 49
0
Yes
45 42
45 43
45 44
45 45
45 46
45 47
46 42
46 43
46 44
46 45
46 46
46 47
47 42
47 43
47 44
47 45
47 46
47 47
48 42
48 43
48 44
48 45
48 46
48 47
49 42
49 43
0
Yes
2 38
2 39
1 39
3 39
3 40
2 40
4 40
4 39
4 38
2 41
3 41
4 41
5 38
5 39
5 40
5 41
5 37
4 37
4 36
5 36
3 36
3 35
4 35
5 35
3 42
4 42
2 42
5 42
6 37
6 38
6 39
6 36
6 40
6 41
6 35
6 42
4 34
5 34
6 34
2 43
3 43
4 43
5 43
7 38
7 37
7 39
7 36
7 40
7 35
7 41
7 34
7 42
1 43
5 33
6 33
4 33
7 33
1 44
2 44
3 44
4 44
5 44
8 37
8 38
8 39
8 36
8 40
8 35
8 41
8 34
8 42
8 33
0 44
0 43
0 42
4 32
5 32
6 32
7 32
8 32
2 45
1 45
3 45
4 45
0 45
5 45
9 38
9 37
9 39
9 36
9 40
9 35
9 41
9 34
9 33
9 42
9 32
7 43
8 43
9 43
5 31
6 31
7 31
8 31
4 31
9 31
1 46
2 46
3 46
4 46
5 46
10 37
10 38
10 39
10 36
10 40
10 35
10 34
10 33
10 32
10 31
8 44
9 44
6 30
7 30
2 47
3 47
4 47
5 47
11 38
11 37
11 36
11 35
11 34
11 33
11 32
11 31
11 40
10 43
10 44
9 45
10 45
3 48
4 48
2 48
5 48
0
Yes
29 0
29 1
29 2
29 3
29 4
29 5
30 0
30 1
30 2
30 3
30 4
30 5
31 0
31 1
31 2
31 3
31 4
31 5
32 0
32 1
32 2
32 3
32 4
32 5
33 0
33 1
33 2
33 3
33 4
33 5
34 0
34 1
34 2
34 3
34 4
34 5
0
Yes
26 3
26 4
26 5
26 6
26 7
26 8
27 3
27 4
27 5
27 6
27 7
27 8
28 3
28 4
28 5
28 6
28 7
28 8
0
Yes
0 0
0 1
0 2
0 3
0 4
0 5
1 0
1 1
1 2
1 3
1 4
1 5
2 0
2 1
2 2
2 3
2 4
2 5
3 0
3 1
3 2
0
Yes
41 23
41 24
41 25
41 26
41 27
41 28
41 29
41 30
41 31
41 32
41 33
42 23
42 24
42 25
42 26
42 27
42 28
42 29
42 30
42 31
42 32
42 33
43 23
43 24
43 25
43 26
43 27
43 28
43 29
43 30
43 31
43 32
43 33
44 23
44 24
44 25
44 26
44 27
44 28
44 29
44 30
44 31
44 32
44 33
45 23
45 24
45 25
45 26
45 27
45 28
45 29
45 30
45 31
45 32
45 33
46 23
46 24
46 25
46 26
46 27
46 28
46 29
46 30
46 31
46 32
46 33
47 23
47 24
47 25
47 26
47 27
47 28
47 29
47 30
47 31
47 32
47 33
48 23
48 24
48 25
48 26
48 27
48 28
48 29
48 30
48 31
48 32
48 33
49 23
49 24
49 25
49 26
49 27
49 28
49 29
49 30
49 31
49 32
0
Yes
0 6
0 7
0 8
0 9
0 10
0 11
0 12
0 13
1 6
1 7
1 8
1 9
1 10
1 11
1 12
1 13
2 6
2 7
2 8
2 9
2 10
2 11
2 12
2 13
3 6
3 7
3 8
3 9
3 10
3 11
3 12
3 13
4 6
4 7
4 8
4 9
4 10
4 11
0
Yes
26 0
25 0
25 1
26 1
27 1
27 0
26 2
25 2
27 2
28 0
28 1
28 2
25 3
26 3
27 3
28 3
29 1
29 2
29 0
29 3
26 4
27 4
28 4
25 4
29 4
30 0
30 1
30 2
30 3
30 4
25 5
26 5
27 5
28 5
29 5
30 5
31 1
31 2
31 3
31 4
31 0
31 5
26 6
27 6
28 6
29 6
30 6
31 6
32 0
32 1
32 2
32 3
32 4
32 5
32 6
27 7
28 7
29 7
30 7
31 7
26 7
32 7
33 1
33 2
33 3
33 4
33 5
33 6
33 0
33 7
26 8
27 8
28 8
29 8
30 8
31 8
32 8
33 8
34 0
34 1
34 2
34 3
34 4
34 5
34 6
34 7
34 8
25 8
25 9
26 9
27 9
28 9
29 9
30 9
31 9
32 9
33 9
34 9
35 1
35 2
35 0
26 10
27 10
28 10
29 10
30 10
31 10
32 10
33 10
25 10
34 10
36 0
36 1
36 2
25 11
26 11
27 11
28 11
29 11
30 11
31 11
32 11
33 11
34 11
37 1
37 0
37 2
26 12
27 12
28 12
29 12
25 12
38 0
38 1
38 2
35 9
35 10
35 11
39 1
39 0
0
Yes
13 0
13 1
14 0
14 1
15 0
15 1
0
Yes
23 22
24 22
23 21
23 23
24 21
24 23
22 22
25 22
22 21
22 23
25 21
25 23
23 20
23 24
24 20
24 24
21 22
22 20
22 24
25 20
25 24
26 22
21 21
21 23
26 21
26 23
23 19
23 25
24 19
24 25
21 20
21 24
26 20
26 24
22 19
22 25
25 19
25 25
20 22
27 22
20 21
20 23
27 21
27 23
21 19
26 19
26 25
20 20
20 24
23 18
24 18
27 20
27 24
22 18
19 22
28 22
19 21
19 23
20 19
27 19
27 25
28 21
28 23
21 18
26 18
19 20
19 24
28 24
20 18
27 18
19 19
19 25
28 25
18 22
29 22
18 21
18 23
29 21
29 23
18 20
18 24
29 20
29 24
19 18
18 19
18 25
29 25
17 22
30 22
17 21
17 23
30 23
17 20
17 24
18 18
30 24
17 19
17 25
30 25
16 22
31 22
16 21
16 23
31 23
17 18
16 20
16 24
31 24
16 19
16 25
31 25
15 22
16 18
15 21
15 23
15 20
15 19
15 18
0
Yes
14 37
14 38
14 39
14 40
14 41
15 37
15 38
15 39
15 40
15 41
16 37
16 38
16 39
16 40
16 41
17 37
17 38
17 39
17 40
17 41
18 37
18 38
18 39
18 40
18 41
19 37
19 38
19 39
19 40
19 41
20 37
20 38
20 39
20 40
20 41
21 37
21 38
21 39
21 40
21 41
22 37
22 38
22 39
0
Yes
4 10
5 10
4 9
4 11
5 9
5 11
3 10
6 10
3 9
3 11
6 9
6 11
4 8
4 12
5 8
5 12
2 10
3 8
3 12
6 8
6 12
7 10
2 9
2 11
7 9
7 11
4 7
4 13
5 7
5 13
2 8
2 12
7 8
7 12
3 7
3 13
6 7
6 13
1 10
8 10
1 9
1 11
8 9
8 11
2 7
2 13
7 7
7 13
1 8
1 12
4 6
4 14
5 6
5 14
8 8
8 12
3 6
3 14
6 6
6 14
0 10
0 9
0 11
1 7
1 13
8 7
8 13
2 6
2 14
7 6
7 14
0 8
0 12
4 5
4 15
5 5
5 15
3 5
3 15
6 5
1 6
1 14
8 6
0 7
0 13
2 15
7 5
0 6
4 4
5 4
1 15
3 4
6 4
0
Yes
26 42
26 43
26 44
26 45
26 46
26 47
26 48
26 49
27 42
27 43
27 44
27 45
27 46
27 47
27 48
27 49
28 42
28 43
28 44
28 45
28 46
28 47
28 48
28 49
29 42
29 43
29 44
29 45
29 46
29 47
29 48
29 49
30 42
30 43
30 44
30 45
30 46
30 47
30 48
30 49
31 42
31 43
31 44
31 45
31 46
31 47
0
Yes
44 40
43 40
43 39
44 39
43 41
44 41
45 39
45 40
45 41
44 38
43 38
45 38
44 42
43 42
45 42
46 40
46 39
46 41
46 38
46 42
42 39
42 40
42 41
42 38
42 42
41 40
41 39
41 41
41 38
43 37
44 37
45 37
42 37
46 37
41 37
43 43
44 43
45 43
46 43
47 39
47 40
47 41
47 38
47 42
47 37
47 43
44 36
43 36
45 36
42 36
46 36
41 36
47 36
44 44
45 44
46 44
47 44
48 40
48 39
48 41
48 38
48 42
48 37
48 43
48 36
48 44
40 39
40 40
40 38
40 37
40 41
40 36
39 40
39 39
39 38
39 37
39 36
43 35
44 35
45 35
42 35
46 35
41 35
47 35
40 35
48 35
39 35
45 45
46 45
47 45
48 45
49 39
49 40
49 41
49 38
49 42
49 37
49 43
49 36
49 44
49 35
49 45
44 34
43 34
45 34
42 34
46 34
41 34
47 34
48 34
49 34
38 39
46 46
47 46
48 46
45 46
49 46
44 46
44 47
45 47
46 47
47 47
48 47
0
Yes
6 18
5 18
5 17
6 17
7 17
7 18
6 16
5 16
7 16
8 18
4 17
4 18
4 16
8 19
3 18
3 17
3 16
9 19
9 18
9 17
9 20
8 20
8 21
9 21
10 18
10 19
10 20
10 17
10 21
9 22
8 22
10 22
11 17
11 18
11 19
11 20
11 21
11 22
8 23
9 23
10 23
11 23
7 23
11 16
12 18
12 17
12 19
12 20
12 21
12 22
12 16
7 24
8 24
9 24
10 24
11 24
12 15
11 15
11 14
12 14
13 17
13 18
13 19
13 16
13 20
13 15
13 21
13 22
8 25
9 25
10 25
7 25
11 25
6 25
14 18
14 17
14 19
14 16
14 20
14 21
14 15
7 26
8 26
9 26
10 26
11 26
12 24
15 17
15 16
15 15
8 27
9 27
10 27
11 27
0
Yes
22 15
21 15
21 14
22 14
21 16
22 16
23 14
23 16
22 13
21 13
23 13
20 14
20 15
20 16
20 13
20 17
21 17
24 13
19 15
19 14
19 16
19 13
19 17
21 12
22 12
23 12
20 12
24 12
19 12
22 11
21 11
23 11
20 11
24 11
19 11
18 14
18 15
18 16
18 13
18 12
18 17
18 11
17 15
17 14
17 16
17 13
17 12
17 17
17 11
21 10
22 10
23 10
20 10
19 10
18 10
24 10
17 10
22 9
21 9
23 9
20 9
19 9
18 9
24 9
17 9
16 16
16 15
16 17
16 12
16 11
16 10
16 9
19 8
18 8
17 8
16 8
15 11
15 10
15 9
15 8
18 7
17 7
16 7
19 7
15 7
20 7
20 6
19 6
18 6
17 6
16 6
0
Yes
41 23
41 24
41 25
41 26
41 27
41 28
41 29
41 30
41 31
41 32
41 33
42 23
42 24
42 25
42 26
42 27
42 28
42 29
42 30
42 31
42 32
42 33
43 23
43 24
43 25
43 26
43 27
43 28
43 29
43 30
43 31
43 32
43 33
44 23
44 24
44 25
44 26
44 27
44 28
44 29
44 30
44 31
44 32
44 33
45 23
45 24
45 25
45 26
45 27
45 28
45 29
45 30
45 31
45 32
45 33
46 23
46 24
46 25
46 26
46 27
46 28
46 29
46 30
46 31
46 32
46 33
47 23
47 24
47 25
47 26
47 27
47 28
47 29
47 30
47 31
47 32
47 33
48 23
48 24
48 25
48 26
48 27
48 28
48 29
48 30
48 31
48 32
48 33
49 23
49 24
49 25
49 26
49 27
49 28
49 29
0
Yes
29 38
29 39
29 40
29 41
30 38
30 39
30 40
30 41
31 38
31 39
31 40
31 41
32 38
32 39
32 40
32 41
33 38
33 39
0
Yes
45 28
45 29
44 28
44 29
46 28
46 29
45 27
45 30
44 27
44 30
46 27
46 30
43 28
43 29
47 28
47 29
43 27
43 30
45 26
45 31
47 27
47 30
44 26
44 31
46 26
46 31
42 28
42 29
48 28
48 29
43 26
43 31
47 26
47 31
42 27
42 30
48 27
48 30
45 25
45 32
44 25
44 32
46 25
46 32
42 26
42 31
48 26
48 31
41 28
41 29
43 25
43 32
47 25
47 32
49 28
49 29
41 27
41 30
49 27
49 30
45 24
45 33
42 25
42 32
44 24
44 33
46 24
46 33
48 25
48 32
41 26
41 31
49 26
49 31
43 24
43 33
47 24
47 33
40 27
41 25
41 32
49 25
49 32
42 24
42 33
48 24
48 33
45 23
40 26
44 23
46 23
43 23
47 23
41 24
41 33
49 24
49 33
40 25
42 23
48 23
40 24
41 23
49 23
40 23
0
Yes
7 0
7 1
7 2
7 3
8 0
8 1
8 2
8 3
9 0
9 1
9 2
9 3
10 0
10 1
10 2
0
Yes
32 45
32 46
32 47
32 48
32 49
33 45
33 46
33 47
33 48
33 49
34 45
34 46
34 47
34 48
34 49
35 45
35 46
35 47
35 48
35 49
36 45
36 46
36 47
36 48
36 49
37 45
37 46
0
Yes
16 21
16 22
16 23
16 24
16 25
17 21
17 22
17 23
17 24
17 25
18 21
18 22
18 23
18 24
18 25
19 21
19 22
19 23
19 24
19 25
20 21
20 22
20 23
20 24
0
Yes
25 25
25 26
24 25
24 26
26 25
26 26
25 24
25 27
24 24
24 27
26 24
26 27
23 25
23 26
27 25
27 26
23 24
23 27
25 23
25 28
27 24
27 27
24 23
24 28
26 23
26 28
22 25
28 25
28 26
23 23
23 28
27 23
27 28
22 24
22 27
28 24
28 27
25 22
25 29
24 22
24 29
26 22
26 29
22 23
22 28
28 23
28 28
23 22
23 29
27 22
27 29
21 24
25 21
25 30
22 22
22 29
24 21
24 30
26 21
26 30
28 22
28 29
21 23
23 21
23 30
27 21
27 30
21 22
22 21
22 30
28 21
25 20
24 20
26 20
23 20
27 20
21 21
0
Yes
15 18
15 19
15 20
16 18
16 19
16 20
17 18
17 19
17 20
18 18
18 19
18 20
19 18
19 19
19 20
20 18
20 19
20 20
0
Yes
4 31
4 32
4 33
4 34
4 35
4 36
4 37
4 38
5 31
5 32
5 33
5 34
5 35
5 36
5 37
5 38
6 31
6 32
6 33
6 34
6 35
6 36
6 37
6 38
7 31
7 32
7 33
7 34
7 35
7 36
7 37
7 38
8 31
8 32
8 33
8 34
8 35
8 36
8 37
8 38
9 31
9 32
9 33
9 34
9 35
9 36
9 37
9 38
10 31
10 32
0
Yes
6 42
5 42
5 41
6 41
5 43
7 41
7 42
7 43
6 40
5 40
7 40
8 42
8 41
8 43
8 40
4 41
4 42
4 43
4 40
4 44
5 44
8 44
3 42
3 41
3 43
3 40
3 44
5 39
6 39
7 39
4 39
8 39
3 39
5 45
4 45
3 45
9 41
9 42
9 43
9 40
9 44
9 39
2 41
2 42
2 43
2 40
2 44
2 39
2 45
10 43
10 44
9 45
10 45
4 46
3 46
5 46
2 46
10 40
10 39
1 43
1 44
1 45
1 46
0
Yes
30 0
30 1
30 2
30 3
30 4
30 5
30 6
30 7
31 0
31 1
31 2
31 3
31 4
31 5
31 6
31 7
32 0
32 1
32 2
32 3
32 4
32 5
32 6
32 7
33 0
33 1
33 2
33 3
33 4
33 5
33 6
33 7
34 0
34 1
34 2
34 3
34 4
34 5
34 6
34 7
35 0
35 1
35 2
35 3
35 4
35 5
35 6
35 7
36 0
36 1
36 2
36 3
36 4
36 5
36 6
36 7
37 0
37 1
37 2
37 3
37 4
37 5
37 6
37 7
38 0
38 1
38 2
38 3
38 4
38 5
38 6
38 7
39 0
39 1
39 2
39 3
39 4
39 5
39 6
39 7
0
Yes
41 15
41 16
40 15
40 16
42 15
42 16
41 14
41 17
40 14
40 17
42 14
42 17
39 15
39 16
43 15
43 16
39 14
39 17
41 13
41 18
43 14
43 17
40 13
40 18
42 13
42 18
38 15
38 16
44 15
44 16
39 13
39 18
43 13
43 18
38 14
38 17
44 14
44 17
41 12
41 19
40 12
40 19
42 12
42 19
38 13
38 18
44 13
44 18
39 12
39 19
43 12
43 19
41 11
38 12
38 19
40 11
40 20
42 11
44 12
44 19
37 18
39 11
39 20
43 11
37 19
38 11
38 20
44 11
41 10
40 10
40 21
42 10
39 10
39 21
43 10
37 11
37 20
38 10
38 21
44 10
41 9
40 9
40 22
42 9
37 10
37 21
39 9
39 22
43 9
38 9
38 22
44 9
41 8
40 8
42 8
37 9
37 22
39 8
43 8
38 8
37 8
0
Yes
35 32
34 32
34 31
35 31
34 33
35 33
36 31
36 32
36 33
35 30
34 30
36 30
37 32
37 31
37 33
37 30
33 31
33 32
33 33
33 30
33 34
34 34
32 32
32 31
32 33
32 30
32 34
34 29
35 29
36 29
33 29
37 29
32 29
34 35
33 35
32 35
35 35
38 31
38 32
38 30
38 33
38 29
38 34
35 28
34 28
36 28
33 28
37 28
32 28
38 28
39 32
39 31
39 33
39 30
39 29
39 34
39 28
31 31
31 32
31 33
31 30
31 34
31 29
31 35
31 28
33 36
34 36
30 32
30 31
30 30
30 29
30 28
34 27
35 27
40 31
40 32
40 33
40 30
40 29
40 34
40 28
32 27
31 27
30 27
38 27
39 27
0
Yes
0 19
0 20
0 21
0 22
0 23
1 19
1 20
1 21
1 22
1 23
2 19
2 20
2 21
2 22
2 23
3 19
3 20
3 21
3 22
3 23
4 19
4 20
4 21
4 22
4 23
5 19
5 20
5 21
5 22
5 23
0
Yes
7 0
7 1
7 2
7 3
8 0
8 1
8 2
8 3
9 0
9 1
9 2
9 3
10 0
10 1
10 2
0
Yes
41 13
41 14
42 13
42 14
40 13
40 14
41 12
41 15
42 12
42 15
43 13
43 14
40 12
40 15
43 12
43 15
39 13
39 14
41 11
41 16
42 11
42 16
44 13
44 14
39 12
39 15
40 11
40 16
43 11
43 16
44 12
44 15
38 13
38 14
39 11
39 16
41 10
41 17
42 10
42 17
44 11
44 16
38 12
38 15
40 10
40 17
43 10
43 17
38 11
38 16
39 10
39 17
44 10
44 17
41 9
41 18
42 9
42 18
40 9
40 18
43 9
43 18
38 10
38 17
39 9
39 18
44 9
44 18
41 8
41 19
42 8
42 19
38 9
38 18
40 8
40 19
43 8
43 19
39 8
39 19
44 19
38 8
38 19
41 7
42 7
40 7
43 7
0
Yes
7 34
8 34
7 33
7 35
8 33
8 35
6 34
9 34
6 33
6 35
9 33
9 35
7 32
7 36
8 32
8 36
5 34
6 32
6 36
9 32
9 36
10 34
5 33
5 35
10 33
10 35
7 31
7 37
8 31
8 37
5 32
5 36
10 32
10 36
6 31
6 37
9 31
9 37
4 34
11 34
4 33
4 35
11 33
11 35
5 31
5 37
10 31
10 37
4 32
4 36
7 30
7 38
8 38
11 32
11 36
6 30
6 38
9 30
9 38
3 35
4 31
4 37
11 31
11 37
5 30
5 38
10 30
10 38
3 36
9 29
4 30
4 38
11 30
11 38
5 29
10 29
3 30
4 29
0
Yes
0 0
0 1
0 2
0 3
0 4
1 0
1 1
1 2
1 3
1 4
2 0
2 1
2 2
2 3
2 4
3 0
3 1
0
Yes
16 23
16 24
16 25
17 23
17 24
17 25
18 23
18 24
18 25
19 23
19 24
19 25
20 23
20 24
0
Yes
0 26
0 27
0 28
1 26
1 27
1 28
2 26
2 27
2 28
3 26
3 27
3 28
4 26
4 27
4 28
5 26
5 27
5 28
6 26
6 27
6 28
0
Yes
32 44
32 45
32 46
32 47
32 48
32 49
33 44
33 45
33 46
33 47
33 48
33 49
34 44
34 45
34 46
34 47
34 48
34 49
35 44
35 45
35 46
35 47
35 48
35 49
36 44
36 45
36 46
36 47
36 48
36 49
0
Yes
0 19
0 20
0 21
0 22
0 23
1 19
1 20
1 21
1 22
1 23
2 19
2 20
2 21
2 22
2 23
3 19
3 20
3 21
3 22
3 23
4 19
4 20
4 21
4 22
4 23
5 19
5 20
5 21
5 22
5 23
6 19
6 20
6 21
6 22
6 23
7 19
7 20
7 21
7 22
0
Yes
14 37
14 38
14 39
14 40
14 41
15 37
15 38
15 39
15 40
15 41
16 37
16 38
16 39
16 40
16 41
17 37
17 38
17 39
17 40
17 41
18 37
18 38
18 39
18 40
18 41
19 37
19 38
19 39
19 40
19 41
20 37
20 38
20 39
20 40
20 41
