0
Yes
0 42
0 43
0 44
0 45
0 46
0 47
0 48
0 49
1 42
1 43
1 44
1 45
1 46
1 47
1 48
1 49
2 42
2 43
2 44
2 45
2 46
2 47
2 48
2 49
3 42
3 43
3 44
3 45
3 46
3 47
3 48
3 49
4 42
4 43
4 44
4 45
4 46
4 47
4 48
4 49
5 42
5 43
5 44
5 45
5 46
5 47
5 48
5 49
6 42
6 43
6 44
6 45
6 46
6 47
6 48
6 49
7 42
7 43
7 44
7 45
7 46
7 47
7 48
7 49
8 42
8 43
8 44
8 45
8 46
8 47
8 48
8 49
9 42
9 43
9 44
9 45
9 46
9 47
9 48
9 49
10 42
10 43
10 44
10 45
10 46
10 47
10 48
10 49
11 42
11 43
11 44
11 45
11 46
11 47
11 48
11 49
12 42
12 43
12 44
12 45
12 46
12 47
12 48
12 49
13 42
13 43
13 44
13 45
13 46
13 47
13 48
0
Yes
44 45
44 46
44 47
44 48
44 49
45 45
45 46
45 47
45 48
45 49
46 45
46 46
46 47
46 48
46 49
47 45
47 46
47 47
47 48
47 49
48 45
48 46
48 47
48 48
48 49
49 45
49 46
49 47
49 48
49 49
0
Yes
3 0
3 1
3 2
4 0
4 1
4 2
5 0
5 1
5 2
6 0
6 1
6 2
7 0
0
Yes
41 0
41 1
41 2
41 3
41 4
42 0
42 1
42 2
42 3
42 4
43 0
43 1
43 2
43 3
43 4
44 0
44 1
44 2
44 3
44 4
45 0
45 1
45 2
45 3
45 4
46 0
46 1
46 2
46 3
46 4
47 0
47 1
47 2
47 3
47 4
48 0
48 1
48 2
48 3
48 4
49 0
49 1
49 2
49 3
49 4
0
Yes
14 42
14 43
14 44
14 45
14 46
14 47
14 48
14 49
15 42
15 43
15 44
15 45
15 46
15 47
15 48
15 49
16 42
16 43
16 44
16 45
16 46
16 47
16 48
16 49
17 42
17 43
17 44
17 45
17 46
17 47
17 48
17 49
18 42
18 43
18 44
18 45
18 46
18 47
18 48
18 49
19 42
19 43
19 44
19 45
19 46
19 47
19 48
19 49
20 42
20 43
20 44
20 45
20 46
20 47
20 48
20 49
21 42
21 43
21 44
21 45
21 46
21 47
21 48
21 49
22 42
0
Yes
41 5
41 6
41 7
41 8
41 9
41 10
41 11
42 5
42 6
42 7
42 8
42 9
42 10
42 11
43 5
43 6
43 7
43 8
43 9
43 10
43 11
44 5
44 6
44 7
44 8
44 9
44 10
44 11
45 5
45 6
45 7
45 8
45 9
45 10
45 11
46 5
46 6
46 7
46 8
46 9
46 10
46 11
47 5
47 6
47 7
47 8
47 9
47 10
47 11
48 5
48 6
48 7
48 8
48 9
48 10
48 11
49 5
49 6
49 7
49 8
49 9
49 10
49 11
0
Yes
43 12
43 13
43 14
43 15
43 16
43 17
43 18
43 19
43 20
44 12
44 13
44 14
44 15
44 16
44 17
44 18
44 19
44 20
45 12
45 13
45 14
45 15
45 16
45 17
45 18
45 19
45 20
46 12
46 13
46 14
46 15
46 16
46 17
46 18
46 19
46 20
47 12
47 13
47 14
47 15
47 16
47 17
47 18
47 19
47 20
48 12
48 13
48 14
48 15
48 16
48 17
48 18
48 19
48 20
49 12
49 13
49 14
49 15
49 16
49 17
49 18
49 19
0
Yes
29 16
29 17
29 18
29 19
29 20
29 21
29 22
29 23
29 24
29 25
29 26
29 27
29 28
30 16
30 17
30 18
30 19
30 20
30 21
30 22
30 23
30 24
30 25
30 26
30 27
30 28
31 16
31 17
31 18
31 19
31 20
31 21
31 22
31 23
31 24
31 25
31 26
31 27
31 28
32 16
32 17
32 18
32 19
32 20
32 21
32 22
32 23
32 24
32 25
32 26
32 27
32 28
33 16
33 17
33 18
33 19
33 20
33 21
33 22
33 23
33 24
33 25
33 26
33 27
33 28
34 16
34 17
34 18
34 19
34 20
34 21
34 22
34 23
34 24
34 25
34 26
34 27
34 28
35 16
35 17
35 18
35 19
35 20
35 21
35 22
35 23
35 24
35 25
35 26
35 27
35 28
36 16
36 17
36 18
36 19
36 20
36 21
36 22
36 23
36 24
36 25
36 26
36 27
36 28
37 16
37 17
37 18
37 19
37 20
37 21
37 22
37 23
37 24
37 25
0
Yes
12 0
12 1
12 2
12 3
12 4
12 5
13 0
13 1
13 2
13 3
13 4
13 5
14 0
14 1
14 2
14 3
14 4
14 5
15 0
15 1
15 2
15 3
15 4
15 5
16 0
16 1
16 2
16 3
16 4
16 5
17 0
17 1
17 2
17 3
17 4
17 5
18 0
18 1
18 2
18 3
18 4
18 5
19 0
19 1
19 2
19 3
19 4
19 5
20 0
20 1
20 2
0
Yes
0 0
0 1
1 0
1 1
2 0
2 1
0
Yes
45 24
45 25
45 26
45 27
45 28
45 29
45 30
45 31
45 32
46 24
46 25
46 26
46 27
46 28
46 29
46 30
46 31
46 32
47 24
47 25
47 26
47 27
47 28
47 29
47 30
47 31
47 32
48 24
48 25
48 26
48 27
48 28
48 29
48 30
48 31
48 32
49 24
49 25
49 26
49 27
49 28
49 29
49 30
49 31
49 32
0
Yes
11 17
11 18
12 17
12 18
10 17
10 18
11 16
11 19
12 16
12 19
13 17
13 18
10 16
10 19
13 16
13 19
9 17
9 18
11 15
11 20
12 15
12 20
14 17
14 18
9 16
9 19
10 15
10 20
13 15
13 20
14 16
14 19
8 17
8 18
9 15
9 20
11 14
11 21
12 14
12 21
14 15
14 20
15 17
15 18
8 16
8 19
10 14
10 21
13 14
13 21
15 16
15 19
8 15
8 20
9 14
14 14
14 21
15 15
15 20
7 17
7 18
11 13
12 13
16 17
16 18
7 16
7 19
10 13
13 13
16 16
16 19
8 14
15 14
15 21
7 15
7 20
9 13
16 15
16 20
6 17
6 18
17 17
17 18
6 16
6 19
7 14
8 13
16 21
17 16
17 19
6 15
6 20
17 15
17 20
7 13
5 17
6 14
17 14
17 21
18 17
18 18
5 16
5 19
18 16
18 19
5 15
5 20
18 15
18 20
6 13
5 14
4 17
4 16
4 15
5 13
4 14
4 13
0
Yes
22 6
22 5
21 5
23 5
21 4
22 4
23 4
20 4
24 4
24 5
22 3
21 3
23 3
20 3
24 3
25 5
25 4
25 3
25 6
26 6
26 5
26 4
26 3
21 2
22 2
23 2
24 2
25 2
20 2
26 2
26 7
19 3
19 4
19 2
19 5
18 5
18 4
18 3
18 2
18 6
17 6
17 5
17 4
17 3
17 2
22 1
21 1
23 1
20 1
24 1
19 1
25 1
18 1
26 1
17 1
27 5
27 6
27 4
27 3
27 2
27 7
27 1
27 8
26 8
25 8
26 9
27 9
28 6
28 5
28 7
28 4
28 8
28 3
28 2
28 9
28 1
16 5
16 4
16 3
16 2
16 1
21 0
22 0
23 0
20 0
24 0
19 0
25 0
18 0
26 0
17 0
27 0
16 0
28 0
27 10
26 10
28 10
26 11
29 5
29 6
29 7
29 4
29 8
29 3
29 9
29 2
29 1
29 10
29 0
15 4
15 3
15 2
15 1
15 5
15 0
15 6
30 6
30 5
30 7
30 8
30 9
30 10
14 5
14 4
14 3
14 2
14 1
14 0
30 3
30 2
30 1
30 0
0
Yes
39 19
38 19
38 18
39 18
38 20
39 20
40 18
40 19
40 20
39 17
38 17
40 17
39 21
38 21
40 21
41 19
41 18
41 20
41 17
41 21
38 16
39 16
40 16
41 16
38 22
39 22
40 22
41 22
42 18
42 19
42 20
42 17
42 21
42 16
42 22
39 15
40 15
41 15
38 15
42 15
39 23
40 23
41 23
38 23
42 23
37 15
43 21
43 22
43 23
38 14
39 14
40 14
41 14
37 14
42 14
38 24
39 24
40 24
41 24
42 24
43 24
36 14
36 15
35 15
35 14
44 22
44 23
44 21
44 24
39 13
38 13
40 13
37 13
41 13
36 13
42 13
35 13
39 25
40 25
41 25
42 25
43 25
38 25
44 25
45 21
45 22
45 23
34 14
34 15
34 13
38 12
39 12
40 12
37 12
41 12
36 12
42 12
38 26
39 26
40 26
41 26
42 26
43 26
44 26
0
Yes
21 41
21 42
21 43
21 44
21 45
21 46
21 47
21 48
21 49
22 41
22 42
22 43
22 44
22 45
22 46
22 47
22 48
22 49
23 41
23 42
23 43
23 44
23 45
23 46
23 47
23 48
23 49
24 41
24 42
24 43
24 44
24 45
24 46
24 47
24 48
24 49
25 41
25 42
25 43
25 44
25 45
25 46
25 47
25 48
25 49
26 41
26 42
26 43
26 44
26 45
26 46
26 47
26 48
26 49
0
Yes
0 13
0 14
0 15
0 16
0 17
1 13
1 14
1 15
1 16
1 17
2 13
2 14
2 15
2 16
2 17
3 13
3 14
3 15
3 16
0
Yes
17 43
18 43
17 42
17 44
18 42
18 44
16 43
19 43
16 42
16 44
19 42
19 44
17 41
17 45
18 41
18 45
15 43
16 41
16 45
19 41
19 45
20 43
15 42
15 44
20 42
20 44
17 40
17 46
18 40
18 46
15 41
15 45
20 41
20 45
16 40
16 46
19 40
19 46
14 43
14 42
14 44
15 46
20 40
20 46
14 45
17 39
17 47
18 39
18 47
16 47
19 39
19 47
14 46
15 47
20 39
20 47
17 38
17 48
18 38
18 48
16 38
16 48
19 38
19 48
14 47
15 48
20 38
20 48
17 37
17 49
18 37
18 49
14 48
16 37
16 49
19 37
19 49
15 37
15 49
20 49
14 49
17 36
18 36
16 36
19 36
0
Yes
32 29
32 30
32 31
32 32
32 33
32 34
32 35
32 36
33 29
33 30
33 31
33 32
33 33
33 34
33 35
33 36
34 29
34 30
34 31
34 32
34 33
34 34
34 35
34 36
35 29
35 30
35 31
35 32
35 33
0
Yes
0 36
0 37
0 38
0 39
0 40
1 36
1 37
1 38
1 39
1 40
2 36
2 37
2 38
0
Yes
26 24
25 24
26 23
26 25
27 24
25 23
25 25
27 23
27 25
24 24
26 22
26 26
28 24
24 25
25 22
25 26
27 22
27 26
28 23
28 25
24 22
24 26
28 22
28 26
26 21
26 27
23 25
25 21
25 27
27 21
27 27
23 22
23 26
24 21
24 27
28 21
26 20
26 28
25 20
25 28
27 20
23 21
24 20
28 20
23 20
26 19
25 19
27 19
24 19
28 19
0
No
0
Yes
7 15
7 16
7 17
7 18
7 19
7 20
8 15
8 16
8 17
8 18
8 19
8 20
9 15
9 16
9 17
9 18
9 19
9 20
10 15
10 16
10 17
10 18
10 19
10 20
11 15
11 16
11 17
11 18
11 19
11 20
12 15
12 16
12 17
12 18
12 19
12 20
13 15
13 16
13 17
13 18
13 19
13 20
14 15
14 16
14 17
14 18
14 19
14 20
15 15
15 16
15 17
15 18
15 19
15 20
16 15
16 16
16 17
16 18
16 19
16 20
17 15
17 16
17 17
17 18
17 19
17 20
18 15
18 16
18 17
18 18
18 19
0
Yes
46 39
46 40
46 41
46 42
47 39
47 40
47 41
47 42
48 39
48 40
48 41
48 42
49 39
49 40
49 41
49 42
0
No
0
Yes
0 7
0 8
1 7
1 8
0
Yes
11 4
10 4
10 3
11 3
12 3
12 4
12 5
11 2
10 2
12 2
13 4
13 3
13 5
13 2
9 2
13 6
12 6
11 6
10 1
11 1
12 1
9 1
13 1
12 7
13 7
11 0
10 0
12 0
9 0
13 0
8 1
8 0
13 8
12 8
14 8
12 9
13 9
14 9
13 10
12 10
14 10
11 10
15 9
15 8
15 10
11 11
12 11
13 11
14 11
10 11
10 10
10 9
10 12
11 12
12 12
13 12
14 12
9 12
11 13
10 13
12 13
13 13
9 13
8 13
8 12
8 11
7 11
7 12
7 13
10 14
11 14
12 14
9 14
8 14
0
No
0
No
0
No
0
Yes
15 30
14 30
14 29
15 29
14 31
15 31
16 31
16 30
15 28
14 28
13 29
13 30
13 31
13 28
13 32
14 32
12 31
12 32
14 27
13 27
14 33
13 33
12 33
12 28
12 27
11 32
13 26
12 26
11 26
12 25
13 25
11 25
13 24
12 24
11 24
14 24
10 25
10 24
14 23
13 23
12 23
11 23
10 23
15 23
15 22
14 22
13 22
12 22
11 22
10 22
16 22
16 23
14 21
15 21
13 21
12 21
11 21
16 21
10 21
0
Yes
30 12
30 13
30 14
30 15
31 12
31 13
31 14
31 15
32 12
32 13
32 14
32 15
33 12
33 13
33 14
33 15
0
No
0
No
0
Yes
29 16
29 17
29 18
29 19
29 20
29 21
29 22
29 23
29 24
29 25
30 16
30 17
30 18
30 19
30 20
30 21
30 22
30 23
30 24
30 25
31 16
31 17
31 18
31 19
31 20
31 21
31 22
31 23
31 24
31 25
32 16
32 17
32 18
32 19
32 20
32 21
32 22
32 23
32 24
32 25
33 16
33 17
33 18
33 19
33 20
33 21
33 22
33 23
33 24
33 25
34 16
34 17
34 18
34 19
34 20
34 21
34 22
34 23
34 24
34 25
35 16
35 17
35 18
35 19
35 20
35 21
35 22
35 23
35 24
35 25
36 16
36 17
36 18
36 19
36 20
36 21
36 22
36 23
36 24
36 25
37 16
37 17
37 18
37 19
37 20
37 21
37 22
37 23
37 24
37 25
0
Yes
21 44
21 43
22 43
22 44
22 45
21 45
21 46
22 46
23 44
23 45
23 43
23 46
22 42
21 42
23 42
21 41
22 41
23 41
22 47
21 47
23 47
24 43
24 44
24 45
24 42
24 46
24 41
24 47
21 48
22 48
23 48
24 48
25 44
25 43
25 45
25 42
25 46
25 47
25 41
25 48
22 40
23 40
24 40
21 40
25 40
21 39
22 39
23 39
24 39
25 39
22 49
23 49
24 49
21 49
25 49
26 43
26 44
26 45
26 42
26 46
26 41
26 47
26 40
26 48
26 39
26 49
27 44
27 45
23 38
27 41
27 47
27 48
27 49
26 38
27 39
27 38
28 48
28 47
28 49
28 38
29 49
29 48
30 48
28 37
29 37
29 38
30 38
30 37
30 39
31 39
31 38
31 37
29 36
32 38
32 39
32 37
31 36
32 36
33 37
33 38
33 36
32 35
31 35
33 35
31 34
32 34
33 34
34 38
34 37
34 36
34 35
34 34
32 33
33 33
31 33
34 33
35 37
35 38
0
Yes
6 17
5 17
5 16
6 16
6 15
5 15
4 16
4 17
4 15
5 14
6 14
4 14
7 14
3 15
3 16
3 14
6 13
5 13
4 13
7 13
3 13
2 16
2 15
2 14
2 13
2 17
8 13
8 14
9 14
9 13
1 17
1 16
1 15
1 14
1 13
1 18
2 18
2 19
1 19
5 12
4 12
3 12
7 12
8 12
9 12
10 13
10 14
10 12
11 14
11 13
11 12
0 16
0 17
0 18
0 15
0 14
0 19
0 13
4 11
3 11
8 11
7 11
0 20
10 11
11 11
12 13
12 12
12 14
12 11
3 10
13 14
13 13
13 12
13 11
0 12
11 10
12 10
10 10
13 10
10 9
14 12
14 11
14 10
12 9
13 9
14 9
13 8
12 8
14 8
15 10
15 9
15 8
12 7
13 7
16 9
13 6
12 6
11 6
12 5
13 5
0
Yes
5 19
5 20
6 19
6 20
0
No
0
Yes
38 42
38 43
38 44
38 45
38 46
39 42
39 43
39 44
39 45
39 46
40 42
40 43
40 44
0
Yes
10 0
10 1
10 2
10 3
10 4
11 0
11 1
11 2
11 3
11 4
12 0
12 1
12 2
12 3
12 4
13 0
13 1
13 2
13 3
0
No
0
No
0
Yes
14 33
13 33
13 32
14 32
14 31
13 31
12 32
12 33
12 31
15 31
13 30
14 30
15 30
16 30
16 31
17 31
14 29
15 29
13 29
13 28
14 28
15 28
12 28
14 27
13 27
12 27
13 26
12 26
11 26
12 25
13 25
11 25
10 25
13 24
12 24
11 24
10 24
14 24
14 23
13 23
12 23
11 23
10 23
15 23
13 22
14 22
12 22
11 22
15 22
10 22
9 23
9 22
16 22
16 23
14 21
13 21
15 21
12 21
11 21
10 21
16 21
17 21
8 22
8 23
7 23
7 22
0
No
0
Yes
17 45
16 45
17 44
17 46
18 45
16 44
16 46
18 44
18 46
15 45
17 43
17 47
19 45
15 44
15 46
16 43
16 47
18 43
18 47
19 44
19 46
15 43
15 47
19 43
19 47
14 45
17 42
17 48
20 45
14 44
14 46
16 42
16 48
18 42
18 48
20 44
20 46
14 43
14 47
15 42
15 48
19 42
19 48
20 43
20 47
17 41
17 49
16 41
16 49
18 41
18 49
14 42
14 48
20 42
20 48
15 41
15 49
19 41
19 49
14 49
17 40
20 41
20 49
16 40
0
No
0
No
0
Yes
39 27
39 26
38 26
40 26
40 27
41 27
41 26
38 25
39 25
40 25
41 25
39 24
40 24
38 24
41 24
42 26
42 25
42 27
42 24
42 28
43 27
43 26
43 25
43 28
43 24
38 23
39 23
40 23
41 23
42 23
43 23
43 29
39 22
40 22
41 22
42 22
38 22
43 22
44 26
44 27
44 28
44 25
44 24
44 23
44 29
44 22
38 21
39 21
40 21
41 21
42 21
43 21
44 21
39 20
40 20
41 20
42 20
38 20
45 23
45 22
45 21
38 19
39 19
40 19
41 19
42 19
46 22
46 23
46 21
47 23
47 22
47 21
39 18
40 18
41 18
38 18
42 18
38 17
39 17
40 17
41 17
42 17
48 22
48 23
48 21
49 23
49 22
49 21
39 16
40 16
41 16
38 16
42 16
38 15
39 15
40 15
41 15
42 15
37 15
49 20
39 14
38 14
40 14
41 14
37 14
42 14
36 14
36 15
35 15
35 14
34 14
34 15
38 13
39 13
40 13
37 13
41 13
36 13
35 13
42 13
34 13
39 12
38 12
40 12
37 12
41 12
36 12
42 12
0
No
0
Yes
38 12
38 13
38 14
38 15
38 16
38 17
38 18
38 19
38 20
38 21
38 22
38 23
39 12
39 13
39 14
39 15
39 16
39 17
39 18
39 19
39 20
39 21
39 22
39 23
40 12
40 13
40 14
40 15
40 16
40 17
40 18
40 19
40 20
40 21
40 22
40 23
41 12
41 13
41 14
41 15
41 16
41 17
41 18
41 19
41 20
41 21
41 22
41 23
42 12
42 13
42 14
42 15
42 16
42 17
42 18
42 19
42 20
42 21
0
Yes
3 0
3 1
3 2
4 0
4 1
4 2
5 0
5 1
5 2
6 0
6 1
6 2
0
Yes
38 47
38 48
38 49
39 47
39 48
39 49
40 47
40 48
40 49
41 47
41 48
41 49
42 47
42 48
42 49
43 47
43 48
43 49
0
Yes
0 0
0 1
1 0
1 1
2 0
0
Yes
0 15
0 16
0 17
0 18
0 19
1 15
1 16
1 17
1 18
1 19
2 15
2 16
2 17
2 18
2 19
0
No
0
No
0
Yes
34 26
33 26
33 27
34 27
35 27
35 26
34 28
33 28
35 28
36 26
36 27
36 28
32 27
32 26
32 28
31 26
31 27
31 28
33 29
34 29
35 29
32 29
36 29
31 29
37 27
37 26
34 30
33 30
35 30
32 30
36 30
31 30
38 26
30 27
30 28
30 29
30 26
30 30
38 25
29 26
29 27
29 28
37 30
33 31
34 31
35 31
32 31
36 31
31 31
39 25
39 26
39 27
39 24
38 24
34 32
33 32
35 32
32 32
0
No
0
Yes
11 4
10 4
10 3
11 3
12 3
12 4
12 5
11 2
10 2
12 2
13 4
13 3
13 5
13 2
9 2
13 6
12 6
11 6
10 1
11 1
12 1
9 1
13 1
12 7
13 7
11 0
10 0
12 0
9 0
13 0
8 1
8 0
13 8
12 8
14 8
12 9
13 9
14 9
7 0
13 10
12 10
14 10
11 10
15 9
15 8
15 10
11 11
12 11
13 11
14 11
10 11
10 10
10 9
10 12
11 12
12 12
13 12
14 12
9 12
11 13
10 13
12 13
13 13
9 13
8 13
8 12
8 11
7 11
7 12
7 13
10 14
11 14
12 14
9 14
8 14
13 14
7 14
6 13
6 14
14 14
5 14
5 13
5 12
4 12
4 13
4 14
4 11
3 11
3 12
3 13
3 14
0
No
0
Yes
0 36
0 37
0 38
0 39
0 40
1 36
1 37
1 38
1 39
1 40
2 36
2 37
2 38
2 39
0
No
0
Yes
21 3
22 3
21 2
21 4
22 2
22 4
20 3
23 3
20 2
20 4
23 2
23 4
21 1
21 5
22 1
22 5
19 3
20 1
23 1
23 5
24 3
19 2
19 4
24 2
24 4
21 0
22 0
19 1
19 5
24 1
24 5
20 0
23 0
18 3
25 3
18 2
18 4
25 2
25 4
19 0
24 0
18 1
18 5
25 1
25 5
17 3
26 3
17 2
17 4
18 0
25 0
26 2
26 4
17 1
17 5
26 1
26 5
17 0
26 0
16 3
27 3
16 2
16 4
27 2
27 4
16 1
16 5
27 1
27 5
16 0
27 0
15 3
28 3
15 2
15 4
28 2
28 4
15 1
15 5
28 1
28 5
15 0
28 0
14 3
14 2
14 4
0
No
0
Yes
38 3
39 3
38 2
38 4
39 2
39 4
37 3
40 3
37 2
37 4
40 2
40 4
38 1
38 5
39 1
39 5
36 3
37 1
37 5
40 1
40 5
36 2
38 0
39 0
36 1
37 0
40 0
36 0
0
No
0
Yes
40 26
40 25
41 25
41 26
41 27
40 27
42 26
42 25
42 27
41 24
40 24
42 24
42 28
43 25
43 26
43 27
43 24
43 28
42 23
43 23
44 26
44 25
44 27
44 24
44 28
44 23
43 29
44 29
43 22
42 22
44 22
45 23
45 22
44 21
43 21
45 21
46 22
46 23
46 21
47 23
47 22
47 21
48 22
48 23
48 21
49 23
49 22
0
No
0
Yes
35 0
35 1
35 2
36 0
36 1
36 2
37 0
37 1
37 2
38 0
38 1
38 2
39 0
39 1
39 2
40 0
40 1
0
Yes
12 18
12 19
13 18
13 19
11 18
11 19
12 17
12 20
13 17
13 20
14 18
14 19
11 17
11 20
14 17
14 20
10 18
10 19
12 16
12 21
13 16
13 21
15 18
15 19
10 17
10 20
11 16
11 21
14 16
14 21
15 17
15 20
9 18
9 19
10 16
10 21
12 15
13 15
15 16
15 21
16 18
16 19
9 17
9 20
11 15
14 15
16 17
16 20
9 16
10 15
15 15
16 16
16 21
8 18
8 19
17 18
17 19
8 17
8 20
17 17
17 20
9 15
16 15
8 16
17 16
17 21
7 18
7 19
18 18
18 19
7 17
7 20
8 15
17 15
18 17
18 20
7 16
18 16
6 18
7 15
18 15
6 17
6 16
0
Yes
38 5
38 6
38 7
38 8
38 9
38 10
38 11
39 5
39 6
39 7
39 8
39 9
39 10
39 11
40 5
40 6
40 7
40 8
40 9
40 10
40 11
41 5
41 6
41 7
41 8
41 9
41 10
41 11
42 5
42 6
42 7
42 8
42 9
42 10
42 11
43 5
43 6
43 7
43 8
43 9
43 10
43 11
44 5
44 6
44 7
44 8
44 9
44 10
44 11
45 5
45 6
0
No
0
No
0
Yes
29 0
29 1
29 2
30 0
30 1
30 2
31 0
31 1
31 2
0
Yes
1 30
1 31
2 30
2 31
3 30
3 31
4 30
4 31
0
No
0
Yes
26 6
26 7
26 8
26 9
26 10
27 6
27 7
27 8
27 9
27 10
28 6
28 7
28 8
28 9
28 10
29 6
29 7
29 8
0
Yes
5 23
5 24
6 23
6 24
7 23
7 24
8 23
0
No
0
No
0
Yes
34 13
34 14
34 15
35 13
35 14
35 15
36 13
36 14
36 15
37 13
37 14
0
No
0
No
0
No
0
Yes
21 0
21 1
21 2
21 3
21 4
21 5
22 0
22 1
22 2
22 3
22 4
22 5
23 0
23 1
23 2
23 3
23 4
23 5
24 0
24 1
24 2
24 3
24 4
24 5
25 0
25 1
25 2
25 3
25 4
25 5
26 0
26 1
26 2
26 3
26 4
26 5
27 0
27 1
27 2
27 3
27 4
27 5
28 0
28 1
28 2
28 3
28 4
28 5
29 0
29 1
29 2
29 3
29 4
29 5
0
Yes
26 9
26 10
26 11
27 9
27 10
0
Yes
0 44
0 45
0 46
0 47
0 48
0 49
1 44
1 45
1 46
1 47
1 48
1 49
2 44
2 45
2 46
2 47
2 48
2 49
3 44
3 45
3 46
3 47
3 48
3 49
4 44
4 45
4 46
4 47
4 48
4 49
5 44
5 45
5 46
5 47
5 48
5 49
6 44
6 45
6 46
6 47
6 48
6 49
7 44
7 45
7 46
7 47
7 48
7 49
8 44
8 45
8 46
8 47
8 48
8 49
9 44
9 45
9 46
9 47
9 48
9 49
10 44
10 45
10 46
10 47
10 48
10 49
1
3
45 24
45 25
45 26
45 27
45 28
45 29
45 30
45 31
45 32
46 24
46 25
46 26
46 27
46 28
46 29
46 30
46 31
46 32
47 24
47 25
47 26
47 27
47 28
47 29
47 30
47 31
47 32
48 24
48 25
48 26
48 27
48 28
48 29
48 30
48 31
48 32
49 24
49 25
49 26
49 27
49 28
49 29
49 30
49 31
49 32
Yes
38 3
38 4
38 5
38 6
38 7
38 8
38 9
38 10
38 11
39 3
39 4
39 5
39 6
39 7
39 8
39 9
39 10
39 11
40 3
40 4
40 5
40 6
40 7
40 8
40 9
40 10
40 11
41 3
41 4
41 5
41 6
41 7
41 8
41 9
41 10
41 11
42 3
42 4
42 5
42 6
42 7
42 8
42 9
42 10
42 11
43 3
43 4
43 5
43 6
43 7
43 8
43 9
43 10
43 11
44 3
44 4
44 5
44 6
44 7
44 8
44 9
44 10
44 11
45 3
45 4
45 5
45 6
45 7
45 8
45 9
45 10
45 11
46 3
46 4
46 5
46 6
46 7
46 8
46 9
46 10
46 11
47 3
47 4
47 5
47 6
47 7
47 8
47 9
47 10
47 11
48 3
48 4
48 5
48 6
48 7
48 8
48 9
48 10
48 11
49 3
49 4
49 5
0
No
0
No
0
No
0
No
0
No
0
No
0
No
0
Yes
45 43
45 44
46 43
46 44
47 43
47 44
48 43
48 44
49 43
49 44
0
Yes
14 0
14 1
14 2
14 3
14 4
14 5
15 0
15 1
15 2
15 3
15 4
15 5
16 0
16 1
16 2
16 3
16 4
16 5
17 0
17 1
17 2
17 3
17 4
17 5
18 0
18 1
18 2
18 3
18 4
18 5
19 0
19 1
19 2
19 3
19 4
19 5
20 0
20 1
0
No
0
No
0
Yes
4 0
4 1
4 2
5 0
5 1
5 2
6 0
6 1
6 2
0
No
0
Yes
47 34
47 35
47 36
48 34
48 35
48 36
49 34
49 35
49 36
0
Yes
44 45
44 46
44 47
44 48
44 49
45 45
45 46
45 47
45 48
45 49
46 45
46 46
46 47
46 48
46 49
47 45
47 46
47 47
47 48
47 49
48 45
48 46
48 47
48 48
48 49
49 45
0
No
0
Yes
2 20
2 19
1 19
1 18
2 18
0 18
0 19
0 20
2 17
1 17
0 17
1 16
2 16
0 16
3 16
2 15
1 15
3 15
0 15
4 15
4 16
4 17
5 17
5 16
5 15
1 14
2 14
3 14
4 14
0 14
5 14
6 15
6 14
2 13
1 13
3 13
4 13
5 13
0 13
6 13
7 14
7 13
3 12
4 12
5 12
0 12
4 11
3 11
8 13
8 14
9 14
9 13
7 12
8 12
9 12
3 10
10 13
10 14
10 12
8 11
7 11
11 14
11 13
11 12
10 11
11 11
12 13
12 12
12 14
12 11
13 14
13 13
13 12
13 11
11 10
12 10
10 10
13 10
10 9
14 12
14 11
14 10
12 9
13 9
14 9
13 8
12 8
14 8
12 7
13 7
15 10
15 9
15 8
13 6
12 6
11 6
16 9
12 5
13 5
13 4
12 4
11 4
11 3
12 3
13 3
10 3
10 4
9 4
9 5
10 2
11 2
12 2
13 2
9 2
9 1
10 1
11 1
12 1
13 1
8 1
8 0
9 0
10 0
11 0
12 0
13 0
7 0
3 9
0
Yes
31 26
31 27
31 28
31 29
31 30
31 31
32 26
32 27
32 28
32 29
32 30
32 31
33 26
33 27
33 28
33 29
33 30
33 31
34 26
34 27
34 28
34 29
34 30
34 31
35 26
35 27
35 28
35 29
35 30
35 31
36 26
36 27
36 28
36 29
36 30
36 31
0
No
0
Yes
17 35
17 36
17 37
18 35
18 36
18 37
19 35
19 36
19 37
20 35
0
No
0
Yes
46 39
46 40
46 41
46 42
47 39
47 40
47 41
47 42
48 39
48 40
48 41
48 42
49 39
49 40
49 41
49 42
0
Yes
13 49
12 49
12 48
13 48
14 48
14 49
13 47
12 47
14 47
15 49
15 48
15 47
11 48
11 49
11 47
12 46
13 46
14 46
11 46
15 46
16 48
16 47
16 49
16 46
13 45
12 45
14 45
15 45
11 45
16 45
17 49
17 48
17 47
17 46
17 45
12 44
13 44
14 44
15 44
16 44
11 44
17 44
18 48
18 47
18 46
18 45
18 49
18 44
13 43
12 43
14 43
15 43
16 43
17 43
11 43
18 43
19 49
19 48
19 47
19 46
19 45
19 44
19 43
10 43
12 42
13 42
14 42
11 42
15 42
16 42
17 42
18 42
10 42
19 42
20 48
20 47
20 46
20 45
20 44
20 43
20 49
20 42
13 41
12 41
11 41
9 42
9 43
8 43
8 42
15 41
16 41
17 41
18 41
19 41
20 41
9 41
8 41
12 40
13 40
7 42
7 43
7 41
6 43
6 42
6 41
16 40
17 40
18 40
19 40
20 40
5 42
5 43
17 39
18 39
19 39
20 39
4 43
4 42
7 40
4 41
18 38
19 38
17 38
20 38
16 38
3 42
3 43
3 41
0
Yes
21 0
21 1
21 2
21 3
21 4
21 5
22 0
22 1
22 2
22 3
22 4
22 5
23 0
23 1
23 2
23 3
23 4
23 5
24 0
24 1
24 2
24 3
24 4
24 5
25 0
25 1
25 2
25 3
25 4
25 5
26 0
26 1
26 2
26 3
26 4
26 5
27 0
27 1
27 2
27 3
27 4
27 5
0
Yes
28 8
29 8
28 7
28 9
29 7
29 9
27 8
30 8
27 7
27 9
30 7
30 9
28 6
28 10
29 6
29 10
26 8
27 6
27 10
30 6
30 10
31 8
26 7
26 9
31 7
31 9
28 5
29 5
26 6
26 10
30 5
25 8
0
No
0
No
0
Yes
28 0
28 1
28 2
28 3
29 0
29 1
29 2
29 3
30 0
30 1
30 2
30 3
31 0
31 1
31 2
0
No
0
No
0
No
0
Yes
12 26
13 26
12 25
12 27
13 25
13 27
11 26
11 25
14 27
12 24
12 28
13 24
13 28
11 24
14 24
14 28
10 25
12 23
13 23
13 29
10 24
11 23
14 23
14 29
10 23
12 22
13 22
11 22
14 22
0
No
0
Yes
23 0
23 1
23 2
23 3
23 4
23 5
24 0
24 1
24 2
24 3
24 4
24 5
25 0
25 1
25 2
25 3
25 4
25 5
26 0
26 1
26 2
26 3
26 4
26 5
27 0
27 1
27 2
27 3
27 4
27 5
0
Yes
44 0
44 1
44 2
45 0
45 1
45 2
46 0
46 1
46 2
47 0
47 1
47 2
48 0
48 1
48 2
49 0
49 1
0
No
0
Yes
21 19
22 19
21 18
22 18
22 20
20 19
23 19
20 18
20 20
23 18
21 17
22 17
22 21
19 19
20 17
20 21
19 18
21 16
22 16
19 17
19 16
0
No
0
No
0
Yes
37 12
37 13
37 14
37 15
38 12
38 13
38 14
38 15
39 12
39 13
39 14
39 15
40 12
40 13
40 14
40 15
41 12
41 13
41 14
41 15
42 12
42 13
42 14
42 15
0
Yes
47 39
47 40
47 41
47 42
48 39
48 40
48 41
48 42
49 39
49 40
49 41
49 42
0
Yes
45 30
45 31
45 32
46 30
46 31
46 32
47 30
47 31
47 32
48 30
48 31
48 32
49 30
49 31
49 32
0
Yes
45 24
45 25
45 26
46 24
46 25
46 26
47 24
47 25
47 26
48 24
48 25
48 26
49 24
49 25
0
Yes
38 16
38 17
38 18
38 19
38 20
38 21
38 22
38 23
38 24
38 25
38 26
39 16
39 17
39 18
39 19
39 20
39 21
39 22
39 23
39 24
39 25
39 26
40 16
40 17
40 18
40 19
40 20
40 21
40 22
40 23
40 24
40 25
40 26
41 16
41 17
41 18
41 19
41 20
41 21
41 22
41 23
41 24
41 25
41 26
42 16
42 17
42 18
42 19
42 20
42 21
42 22
42 23
0
No
0
No
0
No
0
Yes
42 20
41 20
41 19
42 19
41 21
42 21
43 21
42 18
41 18
42 22
41 22
43 22
40 19
40 20
40 21
40 18
40 22
44 22
44 21
39 20
39 19
39 21
39 18
39 22
41 17
40 17
42 17
39 17
41 23
42 23
43 23
40 23
44 23
39 23
45 21
45 22
45 23
42 16
41 16
40 16
39 16
42 24
41 24
43 24
40 24
44 24
39 24
38 19
38 20
38 21
38 18
38 22
38 17
38 23
38 16
38 24
46 22
46 21
46 23
41 25
42 25
43 25
40 25
39 25
44 25
38 25
47 21
47 22
47 23
42 26
41 26
43 26
40 26
39 26
44 26
38 26
48 22
48 21
48 23
41 27
42 27
43 27
40 27
39 27
44 27
49 21
49 22
0
Yes
28 6
27 6
27 7
28 7
29 7
29 6
29 5
28 5
28 4
29 4
28 8
27 8
29 8
30 6
30 5
30 7
30 8
26 7
26 6
26 8
25 6
27 9
28 9
29 9
26 9
30 9
31 5
31 7
31 8
31 9
25 8
28 10
27 10
29 10
30 10
26 10
32 8
29 11
30 11
26 11
0
No
0
No
0
No
0
No
0
No
0
No
0
No
0
No
0
Yes
0 7
0 8
1 7
1 8
2 7
0
No
0
Yes
47 5
47 6
47 7
47 8
47 9
47 10
47 11
48 5
48 6
48 7
48 8
48 9
48 10
48 11
49 5
49 6
49 7
49 8
49 9
49 10
49 11
0
No
0
Yes
44 45
44 46
44 47
44 48
44 49
45 45
45 46
45 47
45 48
45 49
46 45
46 46
46 47
46 48
46 49
47 45
47 46
47 47
47 48
47 49
48 45
48 46
48 47
48 48
48 49
49 45
49 46
0
No
0
No
0
No
0
Yes
0 44
0 45
0 46
0 47
0 48
0 49
1 44
1 45
1 46
1 47
1 48
1 49
2 44
2 45
2 46
2 47
2 48
2 49
3 44
3 45
3 46
3 47
3 48
3 49
4 44
4 45
4 46
4 47
4 48
4 49
5 44
5 45
5 46
5 47
5 48
5 49
6 44
6 45
6 46
6 47
6 48
6 49
7 44
7 45
7 46
7 47
0
Yes
38 3
38 4
38 5
38 6
38 7
38 8
38 9
38 10
38 11
39 3
39 4
39 5
39 6
39 7
39 8
39 9
39 10
39 11
40 3
40 4
40 5
40 6
40 7
40 8
40 9
40 10
40 11
41 3
41 4
41 5
41 6
41 7
41 8
41 9
41 10
41 11
42 3
42 4
42 5
42 6
42 7
42 8
42 9
42 10
42 11
43 3
43 4
43 5
43 6
43 7
43 8
43 9
43 10
43 11
44 3
44 4
44 5
44 6
44 7
44 8
44 9
44 10
44 11
45 3
45 4
45 5
45 6
0
No
0
No
0
Yes
0 44
0 45
0 46
0 47
0 48
0 49
1 44
1 45
1 46
1 47
1 48
1 49
2 44
2 45
2 46
2 47
2 48
2 49
3 44
3 45
3 46
3 47
3 48
3 49
4 44
4 45
4 46
4 47
4 48
4 49
5 44
5 45
5 46
5 47
5 48
5 49
6 44
6 45
6 46
6 47
6 48
6 49
7 44
7 45
7 46
7 47
7 48
7 49
8 44
8 45
8 46
8 47
8 48
8 49
9 44
9 45
9 46
0
Yes
46 39
46 40
46 41
46 42
47 39
47 40
47 41
47 42
48 39
48 40
48 41
48 42
49 39
49 40
49 41
49 42
0
Yes
4 0
4 1
4 2
5 0
5 1
5 2
6 0
6 1
6 2
0
Yes
21 41
21 42
21 43
21 44
21 45
21 46
21 47
21 48
21 49
22 41
22 42
22 43
22 44
22 45
22 46
22 47
22 48
22 49
23 41
23 42
23 43
23 44
23 45
23 46
23 47
23 48
23 49
24 41
24 42
24 43
24 44
24 45
24 46
24 47
24 48
24 49
25 41
25 42
25 43
25 44
25 45
25 46
25 47
25 48
25 49
26 41
26 42
26 43
26 44
26 45
26 46
26 47
26 48
0
No
0
No
0
No
0
Yes
0 36
0 37
0 38
0 39
0 40
1 36
1 37
1 38
1 39
1 40
2 36
2 37
2 38
2 39
0
No
0
Yes
45 12
45 13
45 14
45 15
45 16
45 17
45 18
45 19
45 20
46 12
46 13
46 14
46 15
46 16
46 17
46 18
46 19
46 20
47 12
47 13
47 14
47 15
47 16
47 17
47 18
47 19
47 20
48 12
48 13
48 14
48 15
48 16
48 17
48 18
48 19
48 20
49 12
49 13
49 14
49 15
49 16
49 17
49 18
49 19
0
Yes
45 28
45 29
45 30
45 31
45 32
46 28
46 29
46 30
46 31
46 32
47 28
47 29
47 30
47 31
47 32
48 28
48 29
48 30
48 31
48 32
49 28
49 29
49 30
49 31
49 32
0
Yes
46 0
46 1
46 2
46 3
47 0
47 1
47 2
47 3
48 0
48 1
48 2
48 3
49 0
49 1
49 2
49 3
0
Yes
43 21
42 21
42 20
43 20
42 22
43 22
44 20
44 21
44 22
43 19
42 19
44 19
43 23
42 23
44 23
45 21
45 22
45 23
41 20
41 21
41 22
41 19
41 23
40 21
40 20
40 22
40 19
40 23
42 18
43 18
41 18
44 18
40 18
42 24
43 24
44 24
41 24
40 24
46 22
46 21
46 23
43 17
42 17
41 17
44 17
40 17
43 25
42 25
41 25
44 25
40 25
47 21
47 22
47 23
39 20
39 21
39 22
39 19
39 23
39 18
39 24
39 17
39 25
38 21
38 20
38 22
38 19
38 23
38 18
38 24
38 17
38 25
42 16
43 16
41 16
40 16
39 16
44 16
38 16
42 26
43 26
41 26
40 26
39 26
44 26
38 26
48 22
48 21
48 23
43 15
44 15
43 27
42 27
41 27
40 27
39 27
44 27
49 21
49 22
49 23
49 20
0
Yes
25 19
25 20
25 21
25 22
25 23
25 24
25 25
25 26
26 19
26 20
26 21
26 22
26 23
26 24
26 25
26 26
27 19
27 20
27 21
27 22
27 23
27 24
27 25
27 26
28 19
28 20
28 21
28 22
28 23
28 24
28 25
28 26
0
No
0
Yes
5 17
4 17
4 16
5 16
5 15
4 15
3 16
3 15
6 15
4 14
5 14
6 14
3 14
2 15
2 16
2 14
2 17
7 14
1 17
1 16
1 15
1 14
5 13
4 13
6 13
3 13
2 13
7 13
1 13
1 18
2 18
2 19
1 19
8 13
8 14
9 14
9 13
0 16
0 17
0 18
0 15
0 14
0 19
0 13
4 12
5 12
3 12
7 12
8 12
9 12
0 20
3 11
4 11
10 13
10 14
10 12
8 11
7 11
11 14
11 13
11 12
0 12
10 11
11 11
12 13
12 12
12 14
12 11
13 14
13 13
13 12
13 11
11 10
12 10
10 10
13 10
10 9
14 12
14 11
14 10
12 9
13 9
14 9
13 8
12 8
14 8
12 7
13 7
15 10
15 9
15 8
13 6
12 6
11 6
16 9
12 5
13 5
13 4
12 4
11 4
11 3
12 3
13 3
0
Yes
4 0
4 1
4 2
5 0
5 1
5 2
6 0
6 1
6 2
7 0
0
No
0
No
0
No
0
Yes
17 35
17 36
17 37
18 35
18 36
18 37
19 35
19 36
19 37
20 35
0
No
0
Yes
21 39
21 40
21 41
21 42
21 43
21 44
21 45
21 46
21 47
21 48
21 49
22 39
22 40
22 41
22 42
22 43
22 44
22 45
22 46
22 47
22 48
22 49
23 39
23 40
23 41
23 42
23 43
23 44
23 45
23 46
23 47
23 48
23 49
24 39
24 40
24 41
24 42
24 43
24 44
24 45
24 46
24 47
24 48
24 49
25 39
25 40
25 41
25 42
25 43
25 44
25 45
25 46
25 47
25 48
25 49
26 39
26 40
26 41
26 42
26 43
26 44
26 45
26 46
26 47
26 48
26 49
27 39
0
Yes
11 4
10 4
10 3
11 3
12 3
12 4
12 5
11 2
10 2
12 2
13 4
13 3
13 5
13 2
9 2
13 6
12 6
11 6
10 1
11 1
12 1
9 1
13 1
12 7
13 7
11 0
10 0
12 0
9 0
13 0
8 1
8 0
13 8
12 8
14 8
12 9
13 9
14 9
13 10
12 10
14 10
11 10
15 9
15 8
15 10
11 11
12 11
13 11
14 11
10 11
10 10
10 9
10 12
11 12
12 12
13 12
14 12
9 12
11 13
10 13
12 13
13 13
9 13
8 13
8 12
8 11
7 11
7 12
7 13
10 14
11 14
12 14
9 14
8 14
13 14
7 14
6 13
6 14
14 14
5 14
5 13
5 12
4 12
4 13
4 14
4 11
3 11
3 12
3 13
3 14
3 10
6 15
5 15
4 15
3 15
2 13
2 14
2 15
5 16
4 16
3 16
2 16
1 14
1 15
1 13
1 16
0 13
0 14
0 15
0 16
0
No
0
Yes
38 42
38 43
38 44
38 45
38 46
39 42
39 43
39 44
39 45
39 46
40 42
40 43
40 44
0
Yes
21 0
21 1
21 2
21 3
21 4
21 5
22 0
22 1
22 2
22 3
22 4
22 5
23 0
23 1
23 2
23 3
23 4
23 5
24 0
24 1
24 2
24 3
24 4
24 5
25 0
25 1
25 2
25 3
25 4
25 5
26 0
26 1
26 2
26 3
26 4
26 5
27 0
0
No
0
Yes
21 41
21 42
21 43
21 44
21 45
21 46
21 47
21 48
21 49
22 41
22 42
22 43
22 44
22 45
22 46
22 47
22 48
22 49
23 41
23 42
23 43
23 44
23 45
23 46
23 47
23 48
23 49
24 41
24 42
24 43
24 44
24 45
24 46
24 47
24 48
24 49
25 41
25 42
25 43
25 44
25 45
25 46
25 47
25 48
25 49
26 41
26 42
26 43
26 44
26 45
26 46
26 47
26 48
26 49
0
No
0
No
0
Yes
35 32
34 32
34 33
35 33
33 33
33 32
33 34
34 34
32 32
32 33
32 34
34 35
33 35
32 35
31 33
31 34
31 35
33 36
32 36
34 36
31 36
34 37
33 37
32 37
31 37
35 37
35 38
34 38
33 38
32 38
31 38
36 38
30 37
30 38
32 39
31 39
30 39
29 38
29 37
29 36
28 37
28 38
27 38
27 39
26 39
26 38
26 40
25 40
25 39
24 39
24 40
23 40
23 39
23 38
22 39
22 40
21 40
21 39
0
No
0
Yes
1 30
1 31
2 30
2 31
3 30
3 31
4 30
4 31
0
No
0
Yes
12 15
12 16
12 17
12 18
12 19
12 20
12 21
13 15
13 16
13 17
13 18
13 19
13 20
13 21
14 15
14 16
14 17
14 18
14 19
14 20
14 21
15 15
15 16
15 17
15 18
15 19
15 20
15 21
16 15
16 16
16 17
16 18
16 19
16 20
16 21
17 15
17 16
17 17
17 18
17 19
17 20
17 21
18 15
18 16
18 17
18 18
18 19
0
No
0
Yes
7 22
7 23
8 22
8 23
9 22
9 23
0
No
0
Yes
45 45
45 46
45 47
45 48
45 49
46 45
46 46
46 47
46 48
46 49
47 45
47 46
47 47
47 48
47 49
48 45
48 46
48 47
48 48
48 49
49 45
49 46
49 47
0
Yes
0 36
0 37
0 38
0 39
0 40
0 41
1 36
1 37
1 38
1 39
1 40
1 41
2 36
2 37
2 38
2 39
2 40
0
Yes
21 44
21 45
21 46
21 47
21 48
21 49
22 44
22 45
22 46
22 47
22 48
22 49
23 44
23 45
23 46
23 47
23 48
23 49
24 44
24 45
24 46
24 47
24 48
24 49
25 44
25 45
25 46
25 47
25 48
25 49
26 44
26 45
26 46
0
Yes
38 47
38 48
38 49
39 47
39 48
39 49
40 47
40 48
40 49
41 47
41 48
41 49
42 47
42 48
42 49
43 47
43 48
43 49
0
Yes
17 35
17 36
17 37
18 35
18 36
18 37
19 35
19 36
19 37
20 35
0
No
0
No
0
No
0
No
0
Yes
23 0
22 0
22 1
23 1
24 1
24 0
23 2
22 2
24 2
25 0
25 1
25 2
21 1
21 0
21 2
22 3
23 3
24 3
21 3
25 3
26 1
26 2
26 0
26 3
20 2
20 3
23 4
22 4
24 4
21 4
25 4
20 4
26 4
27 0
27 1
27 2
27 3
27 4
22 5
23 5
24 5
21 5
25 5
26 5
27 5
25 6
26 6
27 6
28 4
28 5
28 6
26 7
27 7
28 7
29 5
29 6
29 4
29 7
27 8
28 8
26 8
29 8
25 8
30 6
30 5
30 7
30 8
31 5
0
Yes
45 45
45 46
45 47
45 48
45 49
46 45
46 46
46 47
46 48
46 49
47 45
47 46
47 47
47 48
47 49
48 45
48 46
48 47
48 48
48 49
49 45
49 46
49 47
49 48
49 49
0
Yes
46 4
46 5
46 6
46 7
46 8
46 9
47 4
47 5
47 6
47 7
47 8
47 9
48 4
48 5
48 6
48 7
48 8
48 9
49 4
49 5
49 6
49 7
0
No
0
Yes
38 16
38 17
38 18
38 19
38 20
39 16
39 17
39 18
39 19
39 20
40 16
40 17
40 18
40 19
40 20
41 16
41 17
41 18
41 19
41 20
42 16
42 17
42 18
42 19
42 20
43 16
43 17
43 18
43 19
43 20
44 16
44 17
0
Yes
38 21
38 22
38 23
38 24
38 25
38 26
39 21
39 22
39 23
39 24
39 25
39 26
40 21
40 22
40 23
40 24
40 25
40 26
41 21
41 22
41 23
41 24
41 25
41 26
42 21
42 22
42 23
42 24
42 25
42 26
43 21
43 22
43 23
43 24
43 25
43 26
44 21
44 22
44 23
44 24
0
Yes
0 0
0 1
1 0
1 1
2 0
2 1
3 0
0
Yes
40 0
40 1
40 2
41 0
41 1
41 2
42 0
42 1
42 2
43 0
43 1
43 2
44 0
44 1
44 2
45 0
45 1
45 2
0
No
0
Yes
15 43
14 43
14 42
15 42
14 44
15 44
16 42
16 43
16 44
15 41
16 41
15 45
14 45
16 45
17 43
17 42
17 44
17 41
17 45
13 42
13 43
13 44
13 45
13 41
12 43
12 42
12 44
12 41
12 45
14 46
15 46
16 46
13 46
17 46
12 46
16 40
17 40
18 42
18 43
18 44
18 41
18 45
18 40
18 46
15 47
14 47
16 47
13 47
17 47
12 47
18 47
19 43
19 42
19 44
19 41
19 45
19 46
19 40
19 47
11 42
11 43
11 44
11 45
11 46
11 41
11 47
12 40
13 40
17 39
18 39
19 39
10 43
10 42
10 44
10 45
10 46
10 47
14 48
15 48
16 48
13 48
17 48
12 48
18 48
11 48
19 48
10 48
20 42
20 43
20 44
20 41
20 45
20 40
20 46
20 47
20 39
20 48
18 38
19 38
17 38
20 38
16 38
15 49
14 49
16 49
13 49
17 49
12 49
18 49
11 49
19 49
10 49
20 49
21 43
21 42
21 41
0
Yes
35 0
35 1
35 2
36 0
36 1
36 2
37 0
37 1
37 2
38 0
38 1
38 2
39 0
39 1
39 2
0
Yes
41 24
41 25
42 24
42 25
40 24
40 25
41 23
41 26
42 23
42 26
43 24
43 25
40 23
40 26
43 23
43 26
39 24
39 25
41 22
41 27
42 22
42 27
44 24
44 25
39 23
39 26
40 22
40 27
43 22
43 27
44 23
44 26
38 24
38 25
39 22
39 27
41 21
42 21
44 22
44 27
38 23
38 26
40 21
43 21
38 22
39 21
0
Yes
7 17
6 17
6 16
7 16
6 18
7 18
8 16
8 17
8 18
7 15
8 15
7 19
6 19
8 19
9 17
9 16
9 18
9 15
9 19
5 19
6 20
7 20
8 20
5 20
9 20
10 16
10 17
10 18
10 19
10 15
10 20
11 17
11 16
11 18
11 19
11 15
11 20
10 21
11 21
11 22
10 22
9 22
9 23
10 23
11 23
8 23
8 22
7 22
7 23
6 23
7 24
6 24
12 22
12 23
5 24
5 23
5 22
10 24
11 24
12 24
13 23
13 22
13 24
14 22
14 23
14 24
11 25
12 25
13 25
10 25
15 23
15 22
12 26
11 26
13 26
16 22
16 23
13 27
12 27
12 28
13 28
0
Yes
33 13
33 14
32 13
32 14
34 13
34 14
33 12
33 15
32 12
32 15
34 15
31 13
31 14
35 13
35 14
31 12
31 15
35 15
30 13
30 14
36 13
36 14
31 11
30 12
30 15
36 12
36 15
30 11
29 14
29 15
29 11
0
No
0
Yes
6 41
6 42
6 43
7 41
7 42
7 43
8 41
8 42
8 43
9 41
9 42
9 43
0
No
0
Yes
42 25
42 26
41 25
41 26
43 25
43 26
42 24
42 27
41 24
41 27
43 24
43 27
40 25
40 26
44 25
44 26
40 24
40 27
42 23
42 28
44 24
44 27
41 23
43 23
43 28
39 25
39 26
40 23
44 23
44 28
39 24
39 27
45 27
42 22
41 22
43 22
43 29
39 23
39 28
45 23
38 25
38 26
40 22
44 22
44 29
38 24
42 21
39 22
41 21
43 21
45 22
38 23
40 21
44 21
38 22
39 21
45 21
38 21
0
No
0
No
0
No
0
No
0
No
0
No
0
No
0
No
0
No
0
No
0
Yes
10 43
10 44
10 45
10 46
10 47
10 48
10 49
11 43
11 44
11 45
11 46
11 47
11 48
11 49
12 43
12 44
12 45
12 46
12 47
12 48
12 49
13 43
13 44
13 45
13 46
13 47
13 48
13 49
14 43
14 44
14 45
14 46
14 47
14 48
14 49
15 43
15 44
15 45
15 46
15 47
15 48
15 49
16 43
16 44
16 45
16 46
16 47
16 48
16 49
17 43
17 44
17 45
17 46
17 47
17 48
17 49
18 43
18 44
18 45
18 46
18 47
18 48
18 49
19 43
19 44
19 45
19 46
19 47
19 48
19 49
20 43
20 44
20 45
20 46
20 47
0
Yes
0 43
0 42
1 42
1 43
2 43
2 42
1 41
0 41
2 41
0 40
1 40
2 40
3 42
3 41
3 43
3 40
4 43
4 42
4 41
4 40
1 39
2 39
0 39
0 38
1 38
2 38
5 42
5 43
4 39
6 43
6 42
1 37
0 37
2 37
6 41
3 37
0 36
1 36
2 36
7 42
7 43
7 41
7 40
8 43
8 42
8 41
9 42
9 43
9 41
10 42
11 42
11 41
12 41
12 42
12 40
13 42
13 41
13 40
14 42
15 42
15 41
16 41
16 42
16 40
17 42
17 41
17 40
17 39
18 41
18 40
18 42
18 39
18 38
17 38
16 38
16 37
15 37
15 36
16 36
19 42
19 41
19 40
19 39
19 38
20 41
20 40
20 39
20 42
20 38
21 42
21 41
21 43
21 38
22 43
22 42
0
Yes
33 29
34 29
33 28
33 30
34 28
34 30
32 29
35 29
32 28
32 30
35 28
35 30
33 27
33 31
34 27
34 31
31 29
32 27
32 31
35 27
35 31
36 29
31 28
31 30
36 28
36 30
33 26
34 26
31 27
31 31
36 27
36 31
32 26
35 26
30 29
30 28
30 30
31 26
36 26
0
Yes
41 17
42 17
41 16
41 18
42 16
42 18
40 17
43 17
40 16
40 18
43 16
43 18
41 19
42 19
39 17
40 19
43 15
43 19
44 17
39 16
39 18
44 16
44 18
41 20
42 20
39 19
44 15
44 19
40 20
43 14
43 20
38 17
38 16
38 18
39 20
44 14
44 20
38 19
43 13
38 20
44 13
0
Yes
28 0
28 1
28 2
28 3
29 0
29 1
29 2
29 3
30 0
30 1
30 2
30 3
31 0
31 1
0
No
0
Yes
5 17
4 17
4 16
5 16
5 15
4 15
3 16
3 15
6 15
4 14
5 14
6 14
3 14
2 15
2 16
2 14
2 17
7 14
1 17
1 16
1 15
1 14
5 13
4 13
6 13
3 13
2 13
7 13
1 13
1 18
2 18
2 19
1 19
8 13
8 14
9 14
9 13
0 16
0 17
0 18
0 15
0 14
0 19
0 13
4 12
5 12
3 12
7 12
8 12
9 12
0 20
3 11
4 11
10 13
10 14
10 12
8 11
7 11
0
Yes
12 8
12 9
12 10
12 11
12 12
13 8
13 9
13 10
13 11
13 12
14 8
14 9
14 10
14 11
14 12
15 8
15 9
0
No
0
No
0
No
0
No
0
No
0
Yes
11 2
10 2
10 1
11 1
10 3
11 3
12 1
12 2
12 3
11 0
10 0
12 0
11 4
10 4
12 4
13 2
13 1
13 3
13 0
13 4
9 1
9 2
9 0
9 4
12 5
13 5
8 0
8 1
9 5
13 6
12 6
11 6
12 7
13 7
13 8
12 8
14 8
12 9
13 9
14 9
15 9
15 8
13 10
14 10
12 10
15 10
11 10
11 11
12 11
13 11
14 11
10 11
10 10
10 9
12 12
11 12
13 12
14 12
11 13
12 13
13 13
0
No
0
No
0
No
0
Yes
0 7
0 8
1 7
1 8
2 7
0
Yes
38 42
38 43
38 44
38 45
38 46
39 42
39 43
39 44
39 45
39 46
40 42
40 43
40 44
0
No
0
Yes
13 4
12 4
12 3
13 3
12 5
13 5
13 2
12 2
13 6
12 6
11 3
11 4
11 2
11 6
10 4
10 3
10 2
12 1
11 1
13 1
10 1
12 7
13 7
13 0
12 0
11 0
10 0
13 8
12 8
14 8
9 2
9 1
9 0
12 9
13 9
14 9
15 9
15 8
8 1
8 0
13 10
0
No
0
Yes
2 30
2 31
3 30
3 31
4 30
4 31
0
No
0
Yes
12 16
12 17
12 18
12 19
12 20
12 21
13 16
13 17
13 18
13 19
13 20
13 21
14 16
14 17
14 18
14 19
14 20
14 21
15 16
15 17
15 18
15 19
15 20
15 21
16 16
16 17
16 18
16 19
16 20
16 21
17 16
17 17
17 18
17 19
17 20
17 21
18 16
18 17
18 18
18 19
18 20
0
No
0
Yes
44 43
44 44
44 45
44 46
44 47
44 48
44 49
45 43
45 44
45 45
45 46
45 47
45 48
45 49
46 43
46 44
46 45
46 46
46 47
46 48
46 49
47 43
47 44
47 45
47 46
47 47
47 48
47 49
48 43
48 44
48 45
48 46
48 47
48 48
48 49
49 43
49 44
49 45
49 46
49 47
49 48
0
Yes
38 16
38 17
38 18
38 19
38 20
39 16
39 17
39 18
39 19
39 20
40 16
40 17
40 18
40 19
40 20
41 16
41 17
41 18
41 19
41 20
42 16
42 17
42 18
42 19
42 20
43 16
43 17
43 18
43 19
43 20
44 16
44 17
44 18
0
No
0
Yes
24 40
23 40
23 39
24 39
23 41
24 41
25 39
25 40
25 41
24 42
23 42
25 42
26 40
26 41
26 39
26 42
22 39
22 40
22 41
26 38
21 40
21 39
23 43
24 43
25 43
26 43
27 39
27 38
27 41
24 44
25 44
23 44
26 44
22 44
28 38
27 44
28 37
23 45
24 45
25 45
26 45
22 45
27 45
21 45
21 44
29 37
29 38
24 46
23 46
25 46
22 46
26 46
21 46
30 38
30 37
30 39
29 36
23 47
24 47
25 47
22 47
26 47
21 47
31 39
31 38
31 37
27 47
24 48
23 48
25 48
22 48
26 48
21 48
27 48
31 36
32 38
32 37
32 39
32 36
20 48
28 48
28 47
23 49
24 49
25 49
22 49
26 49
21 49
27 49
20 49
28 49
32 35
31 35
31 34
32 34
33 37
33 38
33 36
33 35
33 34
34 38
34 37
34 36
34 35
34 34
0
Yes
29 16
29 17
29 18
30 16
30 17
30 18
31 16
31 17
31 18
32 16
32 17
32 18
33 16
33 17
33 18
34 16
34 17
34 18
35 16
35 17
35 18
0
No
0
Yes
29 19
29 20
29 21
29 22
29 23
29 24
29 25
30 19
30 20
30 21
30 22
30 23
30 24
30 25
31 19
31 20
31 21
31 22
31 23
31 24
31 25
32 19
32 20
32 21
32 22
32 23
32 24
32 25
33 19
33 20
33 21
33 22
33 23
33 24
33 25
34 19
34 20
34 21
34 22
34 23
34 24
34 25
35 19
35 20
35 21
35 22
35 23
35 24
35 25
36 19
36 20
36 21
36 22
36 23
36 24
36 25
37 19
37 20
37 21
37 22
0
No
0
Yes
13 2
12 2
12 1
13 1
12 3
13 3
13 0
12 0
13 4
12 4
11 1
11 2
11 3
11 0
11 4
10 2
10 1
10 3
10 0
10 4
12 5
13 5
13 6
12 6
9 1
9 2
9 0
9 4
11 6
9 5
12 7
13 7
8 0
8 1
13 8
12 8
14 8
12 9
13 9
14 9
15 9
15 8
13 10
14 10
12 10
15 10
11 10
12 11
13 11
14 11
11 11
10 11
10 10
10 9
13 12
12 12
11 12
14 12
12 13
13 13
11 13
13 14
12 14
11 14
14 14
12 15
13 15
14 15
15 15
15 14
0
Yes
17 35
17 36
17 37
18 35
18 36
18 37
19 35
19 36
19 37
0
Yes
45 10
45 11
45 12
45 13
45 14
45 15
45 16
45 17
45 18
46 10
46 11
46 12
46 13
46 14
46 15
46 16
46 17
46 18
47 10
47 11
47 12
47 13
47 14
47 15
47 16
47 17
47 18
48 10
48 11
48 12
48 13
48 14
48 15
48 16
48 17
48 18
49 10
49 11
49 12
49 13
49 14
0
Yes
4 0
4 1
4 2
5 0
5 1
5 2
6 0
6 1
6 2
0
No
0
Yes
48 39
47 39
49 39
49 38
48 40
47 40
49 37
48 37
49 40
46 39
46 38
46 40
48 36
48 41
47 36
47 41
49 36
49 41
46 36
46 41
48 35
48 42
47 35
47 42
49 35
49 42
46 42
48 34
47 34
49 34
0
No
0
Yes
46 21
46 22
47 21
47 22
46 20
46 23
47 20
47 23
48 21
48 22
45 20
48 20
48 23
46 19
47 19
49 21
49 22
44 20
45 19
48 19
49 20
49 23
44 19
0
Yes
47 0
47 1
47 2
48 0
48 1
48 2
49 0
49 1
49 2
0
Yes
37 2
36 2
37 1
37 3
38 2
36 1
36 3
38 1
35 2
37 0
39 2
35 1
36 0
38 0
39 1
35 0
39 0
0
No
0
No
0
No
0
No
0
No
0
No
0
No
0
Yes
33 30
32 30
33 29
33 31
34 30
32 29
32 31
34 29
34 31
31 30
33 28
33 32
35 30
31 29
31 31
32 28
32 32
34 28
34 32
35 29
35 31
31 28
35 28
35 32
30 30
33 27
33 33
36 30
30 29
32 27
32 33
34 27
34 33
36 29
36 31
30 28
31 27
31 33
35 27
35 33
36 28
29 30
33 26
32 26
34 26
30 27
36 27
29 28
31 26
35 26
29 27
30 26
36 26
29 26
0
Yes
17 35
17 36
17 37
18 35
18 36
18 37
19 35
19 36
19 37
0
Yes
1 16
0 16
0 15
1 15
0 17
1 17
2 15
2 16
2 17
1 14
0 14
2 14
1 18
0 18
2 18
3 16
3 15
3 14
0 13
1 13
2 13
3 13
0 19
1 19
2 19
4 15
4 14
4 16
4 13
4 17
5 16
5 15
5 14
5 17
5 13
2 20
3 12
4 12
5 12
6 15
6 14
6 13
4 11
3 11
0
No
0
Yes
36 18
36 17
37 17
37 18
38 18
38 17
37 16
36 16
38 16
38 19
36 15
35 15
39 17
39 18
39 19
39 16
39 20
38 20
40 18
40 17
40 19
40 16
40 20
35 14
36 14
34 14
34 15
33 15
33 14
36 13
35 13
34 13
33 13
41 17
41 18
41 19
41 16
41 20
32 14
32 15
32 13
31 15
31 14
31 13
42 18
42 17
42 19
42 16
42 20
33 12
32 12
31 12
43 17
43 18
43 19
43 16
43 20
30 14
30 13
30 15
30 12
29 15
29 14
43 15
44 18
44 17
44 16
44 15
31 11
30 11
28 14
0
No
0
No
0
Yes
13 29
13 30
13 31
13 32
13 33
14 29
14 30
14 31
14 32
14 33
15 29
15 30
15 31
0
No
0
Yes
26 9
26 10
27 9
27 10
28 9
28 10
29 9
29 10
30 9
30 10
0
No
0
No
0
No
1
263
47 3
47 4
47 5
47 6
47 7
47 8
47 9
48 3
48 4
48 5
48 6
48 7
48 8
48 9
49 3
49 4
49 5
49 6
49 7
49 8
49 9
Yes
29 16
29 17
29 18
29 19
29 20
29 21
29 22
29 23
29 24
29 25
30 16
30 17
30 18
30 19
30 20
30 21
30 22
30 23
30 24
30 25
31 16
31 17
31 18
31 19
31 20
31 21
31 22
31 23
31 24
31 25
32 16
32 17
32 18
32 19
32 20
32 21
32 22
32 23
32 24
32 25
33 16
33 17
33 18
33 19
33 20
33 21
33 22
33 23
33 24
33 25
34 16
34 17
34 18
34 19
34 20
34 21
34 22
34 23
34 24
34 25
35 16
35 17
35 18
35 19
35 20
35 21
35 22
35 23
0
Yes
47 23
47 24
48 23
48 24
46 23
46 24
47 22
47 25
48 22
48 25
49 23
49 24
46 22
46 25
49 22
49 25
45 24
47 21
47 26
48 21
48 26
45 25
46 21
46 26
49 21
49 26
45 26
47 20
47 27
48 20
48 27
46 20
46 27
49 20
49 27
45 20
47 19
48 19
46 19
49 19
0
No
0
No
0
No
0
No
0
No
0
No
0
Yes
0 7
0 8
1 7
1 8
2 7
0
No
0
No
0
Yes
16 49
15 49
15 48
16 48
17 48
17 49
16 47
15 47
17 47
18 49
18 48
18 47
14 48
14 49
14 47
13 49
13 48
13 47
15 46
16 46
17 46
14 46
18 46
13 46
19 48
19 47
19 49
19 46
16 45
15 45
17 45
14 45
18 45
13 45
19 45
20 49
20 48
20 47
20 46
20 45
12 48
12 47
12 46
12 49
12 45
11 49
11 48
11 47
11 46
11 45
15 44
16 44
17 44
14 44
18 44
13 44
19 44
12 44
20 44
11 44
21 48
21 47
21 46
21 45
21 49
21 44
16 43
15 43
17 43
14 43
18 43
13 43
19 43
12 43
20 43
11 43
22 49
22 48
22 47
22 46
22 45
22 44
10 48
10 47
10 46
10 45
10 44
10 49
10 43
9 49
9 48
9 47
23 48
23 47
23 46
23 45
23 49
23 44
24 49
24 48
24 47
24 46
24 45
24 44
25 48
25 47
25 46
25 45
25 49
25 44
23 43
24 43
25 43
26 49
26 48
26 47
26 46
26 45
26 44
26 43
24 42
25 42
23 42
26 42
23 41
24 41
25 41
26 41
0
No
0
Yes
6 16
6 17
5 16
5 17
7 16
7 17
6 15
6 18
5 15
7 15
7 18
4 16
4 17
8 16
8 17
4 15
6 14
6 19
8 15
8 18
5 14
5 19
7 14
7 19
3 16
9 16
9 17
4 14
8 14
8 19
3 15
9 15
9 18
6 13
6 20
5 13
5 20
7 13
7 20
3 14
9 14
9 19
2 16
2 17
4 13
8 13
8 20
10 16
10 17
2 15
2 18
10 15
10 18
3 13
5 12
7 12
9 13
9 20
2 14
2 19
10 14
10 19
4 12
8 12
1 16
1 17
11 16
11 17
1 15
1 18
11 15
11 18
2 13
2 20
10 13
10 20
3 12
9 12
1 14
1 19
11 19
0 16
0 17
10 12
1 13
11 20
0 15
0 18
0 14
0 19
0 13
0 20
0
No
0
Yes
37 47
37 48
37 49
38 47
38 48
38 49
39 47
39 48
39 49
40 47
40 48
40 49
41 47
41 48
41 49
42 47
42 48
42 49
43 47
43 48
43 49
0
Yes
47 34
47 35
47 36
48 34
48 35
48 36
49 34
49 35
49 36
0
Yes
31 34
31 35
31 36
32 34
32 35
32 36
33 34
33 35
33 36
34 34
34 35
0
No
0
Yes
25 27
25 28
25 29
26 27
26 28
0
Yes
21 0
21 1
21 2
21 3
21 4
21 5
22 0
22 1
22 2
22 3
22 4
22 5
23 0
23 1
23 2
23 3
23 4
23 5
24 0
24 1
24 2
24 3
24 4
24 5
25 0
25 1
25 2
25 3
25 4
25 5
0
No
0
No
0
No
0
No
0
Yes
6 20
5 20
5 19
6 19
7 19
7 20
6 18
7 18
8 20
8 19
8 18
7 17
6 17
8 17
5 17
9 19
9 18
9 20
9 17
6 16
7 16
8 16
5 16
9 16
10 20
10 19
10 18
10 17
10 16
10 21
4 16
4 17
5 15
6 15
7 15
8 15
9 15
4 15
10 15
11 19
11 20
11 18
11 17
11 16
11 21
11 15
11 22
10 22
9 22
9 23
10 23
11 23
8 23
8 22
7 22
7 23
6 23
6 24
7 24
5 24
5 23
5 22
10 24
11 24
3 15
3 16
2 16
2 15
2 17
1 17
1 16
1 15
1 18
2 18
2 19
1 19
6 14
5 14
7 14
4 14
8 14
3 14
9 14
2 14
10 14
1 14
0 19
0 18
0 17
0 16
0 15
0 14
0 20
12 22
12 23
12 24
5 13
6 13
7 13
4 13
8 13
3 13
9 13
2 13
1 13
10 13
0 13
11 25
10 25
12 25
13 23
13 24
13 22
13 25
7 12
8 12
9 12
10 12
4 12
5 12
3 12
14 22
14 23
14 24
12 26
11 26
13 26
8 11
7 11
0
No
0
Yes
46 21
46 22
46 23
46 24
46 25
46 26
46 27
47 21
47 22
47 23
47 24
47 25
47 26
47 27
48 21
48 22
48 23
48 24
48 25
48 26
48 27
49 21
49 22
49 23
49 24
49 25
0
Yes
38 16
37 16
37 17
38 17
39 17
39 16
38 18
37 18
39 18
40 16
40 17
40 18
36 17
36 16
36 18
36 15
35 15
37 19
38 19
39 19
36 19
40 19
41 17
41 18
41 16
41 19
35 14
36 14
36 13
35 13
38 20
37 20
39 20
40 20
36 20
41 20
42 16
42 17
42 18
42 19
42 20
34 14
34 15
34 13
33 15
33 14
33 13
37 21
36 21
43 17
43 18
43 19
43 16
43 20
43 15
44 16
44 17
44 18
44 19
44 15
44 20
32 14
32 15
32 13
36 22
37 22
44 14
43 14
43 13
44 13
33 12
32 12
31 15
31 14
31 13
31 12
37 23
36 23
44 12
43 12
45 19
45 20
30 14
30 13
30 15
30 12
36 24
37 24
35 24
31 11
30 11
46 20
46 19
29 15
29 14
37 25
36 25
35 25
47 19
47 20
28 14
29 11
0
No
0
Yes
22 40
21 40
21 39
22 39
23 39
23 40
24 40
24 39
23 38
25 39
25 40
26 40
26 39
26 38
27 39
27 38
28 38
28 37
29 37
29 38
29 36
30 38
30 37
30 39
31 39
31 38
31 37
31 36
32 38
32 37
32 39
32 36
32 35
31 35
31 34
32 34
33 37
33 38
33 36
33 35
33 34
34 38
34 37
34 36
34 35
34 34
35 37
35 38
35 39
36 38
0
No
0
No
0
Yes
46 39
46 40
46 41
46 42
47 39
47 40
47 41
47 42
48 39
48 40
48 41
48 42
49 39
49 40
0
Yes
10 43
10 44
10 45
10 46
10 47
10 48
10 49
11 43
11 44
11 45
11 46
11 47
11 48
11 49
12 43
12 44
12 45
12 46
12 47
12 48
12 49
13 43
13 44
13 45
13 46
13 47
13 48
13 49
14 43
14 44
14 45
14 46
14 47
14 48
14 49
15 43
15 44
15 45
15 46
15 47
15 48
15 49
16 43
16 44
16 45
16 46
16 47
16 48
16 49
17 43
17 44
17 45
17 46
17 47
17 48
17 49
18 43
18 44
18 45
18 46
18 47
18 48
18 49
19 43
19 44
0
Yes
45 28
45 29
45 30
45 31
45 32
46 28
46 29
46 30
46 31
46 32
47 28
47 29
47 30
47 31
47 32
48 28
48 29
48 30
48 31
48 32
49 28
49 29
0
No
0
Yes
42 0
42 1
42 2
43 0
43 1
43 2
44 0
44 1
44 2
45 0
45 1
45 2
46 0
46 1
0
No
0
No
0
Yes
46 3
46 4
46 5
46 6
46 7
46 8
46 9
47 3
47 4
47 5
47 6
47 7
47 8
47 9
48 3
48 4
48 5
48 6
48 7
48 8
48 9
49 3
49 4
49 5
49 6
49 7
49 8
0
Yes
23 44
22 44
22 43
23 43
22 45
23 45
24 43
24 44
24 45
23 42
22 42
24 42
23 46
22 46
24 46
25 44
25 43
25 45
25 42
25 46
21 43
21 44
21 45
21 42
21 46
20 44
20 43
20 45
20 42
20 46
22 41
23 41
24 41
21 41
25 41
20 41
22 47
23 47
24 47
21 47
25 47
20 47
26 43
26 44
26 45
26 42
26 46
26 41
26 47
23 48
22 48
24 48
21 48
25 48
20 48
26 48
27 44
27 45
19 45
19 46
19 47
19 48
19 42
19 41
20 40
19 40
27 41
27 47
27 48
22 49
23 49
24 49
21 49
25 49
20 49
26 49
19 49
27 49
18 41
18 42
18 40
17 42
17 41
17 40
19 39
18 39
20 39
17 39
28 48
28 47
28 49
20 38
19 38
18 38
17 38
21 38
16 41
16 40
16 42
29 49
29 48
0
Yes
33 13
32 13
32 12
33 12
32 14
33 14
34 14
34 13
33 15
32 15
34 15
35 13
35 14
35 15
31 12
31 13
31 14
31 15
31 11
30 13
30 12
30 14
30 11
30 15
36 14
36 13
36 15
36 12
29 14
29 15
30 10
36 16
29 11
29 10
37 16
29 9
30 9
31 9
31 8
30 8
29 8
32 8
37 17
36 17
28 10
28 9
28 8
36 18
37 18
38 17
38 16
38 18
30 7
31 7
29 7
28 7
39 16
39 17
39 18
27 9
27 8
27 10
27 7
37 19
38 19
36 19
39 19
26 10
26 9
26 8
26 7
26 11
36 20
37 20
38 20
39 20
29 6
30 6
28 6
27 6
26 6
40 17
40 18
40 19
40 16
40 20
30 5
29 5
28 5
27 5
26 5
31 5
41 16
41 17
41 18
41 19
41 20
37 21
36 21
25 8
36 22
37 22
29 4
28 4
27 4
26 4
42 17
42 18
42 19
42 16
42 20
43 16
43 17
43 18
43 19
43 20
0
Yes
0 37
0 38
0 39
1 37
1 38
1 39
2 37
2 38
2 39
3 37
0
No
0
No
0
No
0
No
0
No
0
Yes
40 47
40 48
40 49
41 47
41 48
41 49
42 47
42 48
42 49
43 47
43 48
43 49
0
Yes
0 0
0 1
1 0
1 1
2 0
2 1
3 0
0
No
0
Yes
0 40
0 41
0 42
0 43
1 40
1 41
1 42
1 43
2 40
2 41
2 42
0
Yes
36 16
36 17
36 18
36 19
36 20
37 16
37 17
37 18
37 19
37 20
38 16
38 17
38 18
38 19
38 20
39 16
39 17
39 18
39 19
39 20
40 16
40 17
40 18
40 19
40 20
41 16
41 17
41 18
41 19
41 20
42 16
0
No
0
Yes
24 3
23 3
24 2
24 4
25 3
23 2
23 4
25 2
25 4
22 3
24 1
24 5
26 3
22 2
22 4
23 1
23 5
25 1
25 5
26 2
26 4
22 1
22 5
26 1
26 5
21 3
24 0
27 3
21 2
21 4
23 0
25 0
27 2
27 4
21 1
21 5
22 0
26 0
27 1
27 5
20 3
20 2
20 4
21 0
0
No
0
No
0
No
0
No
0
No
0
Yes
26 6
26 7
26 8
26 9
26 10
27 6
27 7
27 8
27 9
27 10
28 6
28 7
28 8
28 9
28 10
29 6
29 7
29 8
29 9
29 10
0
No
0
No
0
Yes
30 12
30 13
30 14
30 15
31 12
31 13
31 14
31 15
32 12
32 13
32 14
32 15
33 12
33 13
33 14
33 15
0
Yes
37 0
37 1
37 2
38 0
38 1
38 2
39 0
39 1
39 2
40 0
40 1
40 2
41 0
41 1
41 2
0
No
0
No
0
No
0
No
2
350
44 43
44 44
44 45
44 46
44 47
44 48
44 49
45 43
45 44
45 45
45 46
45 47
45 48
45 49
46 43
46 44
46 45
46 46
46 47
46 48
46 49
47 43
47 44
47 45
47 46
47 47
47 48
47 49
48 43
48 44
48 45
127
46 4
46 5
46 6
46 7
46 8
46 9
47 4
47 5
47 6
47 7
47 8
47 9
48 4
48 5
48 6
48 7
48 8
48 9
49 4
49 5
49 6
49 7
49 8
49 9
Yes
36 12
36 13
36 14
36 15
36 16
36 17
36 18
36 19
36 20
37 12
37 13
37 14
37 15
37 16
37 17
37 18
37 19
37 20
38 12
38 13
38 14
38 15
38 16
38 17
38 18
38 19
38 20
39 12
39 13
39 14
39 15
39 16
39 17
39 18
39 19
39 20
40 12
40 13
40 14
40 15
40 16
40 17
40 18
40 19
40 20
41 12
41 13
41 14
41 15
41 16
41 17
41 18
41 19
41 20
42 12
42 13
42 14
42 15
42 16
42 17
42 18
42 19
42 20
43 12
43 13
43 14
43 15
43 16
43 17
43 18
43 19
43 20
44 12
44 13
44 14
44 15
0
No
0
No
0
Yes
0 36
0 37
0 38
0 39
0 40
0 41
1 36
1 37
1 38
1 39
1 40
1 41
2 36
2 37
2 38
2 39
2 40
2 41
0
Yes
29 22
29 23
29 24
29 25
30 22
30 23
30 24
30 25
31 22
31 23
31 24
31 25
32 22
32 23
32 24
32 25
33 22
33 23
33 24
33 25
34 22
34 23
34 24
34 25
35 22
35 23
35 24
35 25
36 22
36 23
36 24
36 25
0
Yes
38 42
38 43
38 44
38 45
38 46
39 42
39 43
39 44
39 45
39 46
40 42
40 43
40 44
0
No
0
No
0
No
0
No
0
No
0
Yes
29 16
29 17
29 18
29 19
29 20
29 21
30 16
30 17
30 18
30 19
30 20
30 21
31 16
31 17
31 18
31 19
31 20
31 21
32 16
32 17
32 18
32 19
32 20
32 21
33 16
33 17
33 18
33 19
0
No
0
No
0
Yes
13 4
12 4
12 3
13 3
12 5
13 5
13 2
12 2
13 6
12 6
11 3
11 4
11 2
11 6
10 4
10 3
10 2
12 1
11 1
13 1
10 1
12 7
13 7
13 0
12 0
11 0
10 0
13 8
12 8
14 8
9 2
9 1
9 0
12 9
13 9
14 9
15 9
15 8
8 1
8 0
13 10
14 10
12 10
15 10
11 10
12 11
13 11
14 11
11 11
7 0
10 11
10 10
10 9
13 12
12 12
11 12
14 12
12 13
13 13
11 13
13 14
12 14
11 14
0
No
0
Yes
38 6
38 7
38 8
38 9
38 10
38 11
39 6
39 7
39 8
39 9
39 10
39 11
40 6
40 7
40 8
40 9
40 10
40 11
41 6
41 7
41 8
41 9
41 10
41 11
42 6
42 7
42 8
42 9
42 10
42 11
43 6
43 7
43 8
43 9
43 10
43 11
44 6
44 7
44 8
44 9
44 10
44 11
45 6
45 7
45 8
0
Yes
36 0
36 1
36 2
36 3
37 0
37 1
37 2
37 3
38 0
38 1
38 2
38 3
39 0
39 1
39 2
39 3
40 0
40 1
40 2
40 3
41 0
41 1
0
Yes
14 0
14 1
14 2
14 3
14 4
14 5
15 0
15 1
15 2
15 3
15 4
15 5
16 0
16 1
16 2
16 3
16 4
16 5
17 0
17 1
17 2
17 3
17 4
17 5
18 0
18 1
18 2
18 3
18 4
18 5
19 0
19 1
19 2
19 3
19 4
19 5
20 0
20 1
0
Yes
0 0
0 1
1 0
1 1
2 0
2 1
3 0
0
No
0
No
0
Yes
21 44
20 44
20 43
21 43
20 45
21 45
22 43
22 44
22 45
21 42
20 42
22 42
21 46
20 46
22 46
23 44
23 43
23 45
23 42
23 46
19 45
19 46
19 42
20 41
21 41
22 41
19 41
23 41
20 47
21 47
22 47
19 47
23 47
24 43
24 44
24 45
24 42
24 46
24 41
24 47
21 40
20 40
22 40
23 40
19 40
24 40
21 48
20 48
22 48
23 48
19 48
24 48
25 44
25 43
25 45
25 42
25 46
25 41
25 47
25 40
25 48
18 41
18 42
18 40
17 42
17 41
17 40
20 39
21 39
22 39
19 39
23 39
18 39
24 39
17 39
25 39
20 49
21 49
22 49
23 49
24 49
19 49
25 49
26 43
26 44
26 45
26 42
26 46
26 41
26 47
26 40
26 48
26 39
26 49
16 41
16 40
16 42
21 38
20 38
19 38
18 38
17 38
0
No
0
Yes
31 34
31 35
31 36
31 37
31 38
32 34
32 35
32 36
32 37
32 38
33 34
33 35
33 36
33 37
33 38
34 34
34 35
34 36
34 37
0
Yes
42 0
42 1
42 2
42 3
42 4
42 5
43 0
43 1
43 2
43 3
43 4
43 5
44 0
44 1
44 2
44 3
44 4
44 5
45 0
45 1
45 2
45 3
45 4
45 5
46 0
46 1
0
Yes
0 7
0 8
1 7
1 8
2 7
0
Yes
29 17
29 18
29 19
29 20
29 21
29 22
29 23
29 24
29 25
30 17
30 18
30 19
30 20
30 21
30 22
30 23
30 24
30 25
31 17
31 18
31 19
31 20
31 21
31 22
31 23
31 24
31 25
32 17
32 18
32 19
32 20
32 21
32 22
32 23
32 24
32 25
33 17
33 18
33 19
33 20
33 21
33 22
33 23
33 24
33 25
34 17
34 18
34 19
34 20
34 21
34 22
34 23
34 24
34 25
35 17
35 18
35 19
35 20
35 21
35 22
35 23
35 24
35 25
0
No
0
No
0
Yes
8 0
7 0
8 1
9 1
9 0
10 0
10 1
9 2
10 2
11 1
11 0
11 2
10 3
11 3
12 0
12 1
12 2
12 3
11 4
10 4
12 4
9 4
9 5
13 1
13 2
13 3
13 0
13 4
12 5
13 5
13 6
12 6
11 6
12 7
13 7
13 8
12 8
12 9
13 9
14 8
14 9
13 10
12 10
14 10
11 10
11 11
12 11
13 11
14 11
10 11
10 10
10 9
15 9
15 10
15 8
12 12
11 12
13 12
14 12
11 13
12 13
13 13
12 14
11 14
13 14
14 14
13 15
12 15
14 15
15 15
15 14
6 0
6 1
5 1
5 0
5 2
6 2
4 0
4 1
4 2
3 1
3 2
3 3
0
Yes
47 34
47 35
47 36
48 34
48 35
48 36
49 34
49 35
49 36
0
Yes
32 13
31 13
31 12
32 12
31 14
32 14
33 12
33 13
33 14
32 15
31 15
33 15
34 13
34 14
34 15
30 12
30 13
30 14
30 15
30 11
31 11
29 14
29 15
31 16
32 16
33 16
30 16
34 16
29 16
35 14
35 15
35 13
35 16
29 11
30 10
28 14
30 9
31 9
31 8
30 8
32 8
30 7
31 7
30 6
30 5
31 5
29 5
29 4
28 4
28 5
0
No
0
Yes
2 18
1 18
1 17
2 17
1 19
2 19
2 16
1 16
2 20
0 17
0 18
0 19
0 16
3 16
0 20
1 15
2 15
3 15
0 15
4 15
4 16
4 17
5 17
5 16
5 15
2 14
1 14
3 14
4 14
0 14
5 14
6 16
6 15
6 17
6 14
6 18
7 18
7 17
7 16
7 15
7 14
1 13
2 13
3 13
4 13
5 13
6 13
0 13
7 13
7 19
6 19
5 19
5 20
6 20
7 20
3 12
4 12
5 12
8 17
8 18
8 19
8 16
8 15
8 14
8 20
8 13
0 12
9 18
9 17
9 19
9 16
9 15
9 14
9 20
9 13
4 11
3 11
7 12
8 12
9 12
3 10
10 17
10 18
10 19
10 16
10 15
10 14
10 13
10 20
10 12
10 21
11 18
11 17
11 19
11 16
11 20
11 15
11 21
8 11
7 11
11 22
10 22
0
No
0
Yes
45 17
44 17
44 16
45 16
44 18
45 18
46 16
46 17
46 18
45 15
46 15
45 19
44 19
46 19
47 17
47 16
47 18
47 15
47 19
44 20
45 20
46 20
47 20
46 14
45 14
47 14
48 16
48 17
48 18
48 15
48 19
48 14
48 20
45 13
46 13
47 13
48 13
45 21
44 21
49 17
49 16
49 18
49 15
49 19
49 14
49 20
49 13
43 21
44 22
45 22
43 22
46 12
47 12
48 12
45 12
49 12
42 22
42 21
41 21
41 22
45 11
46 11
47 11
48 11
49 11
45 23
44 23
43 23
42 23
41 23
40 22
40 21
40 23
44 24
43 24
42 24
41 24
45 24
40 24
46 10
47 10
48 10
45 10
49 10
39 21
39 22
39 23
39 24
45 9
46 9
47 9
48 9
49 9
45 25
44 25
43 25
42 25
41 25
40 25
39 25
38 22
38 23
38 24
38 21
38 25
37 21
37 22
37 23
37 24
37 25
44 26
43 26
42 26
41 26
40 26
39 26
38 26
45 26
37 26
46 8
47 8
48 8
49 8
45 27
44 27
43 27
42 27
41 27
40 27
39 27
47 7
48 7
46 7
49 7
36 22
36 23
36 24
36 25
36 21
44 28
43 28
42 28
0
No
0
No
0
Yes
27 48
27 49
28 48
28 49
29 48
29 49
30 48
0
Yes
0 36
0 37
0 38
0 39
0 40
0 41
1 36
1 37
1 38
1 39
1 40
1 41
2 36
2 37
2 38
2 39
2 40
2 41
0
No
0
Yes
28 0
28 1
28 2
28 3
29 0
29 1
29 2
29 3
30 0
30 1
30 2
30 3
31 0
31 1
0
No
0
No
0
No
0
Yes
46 43
46 44
46 45
46 46
46 47
46 48
46 49
47 43
47 44
47 45
47 46
47 47
47 48
47 49
48 43
48 44
48 45
48 46
48 47
48 48
48 49
49 43
49 44
49 45
49 46
49 47
49 48
0
No
0
Yes
40 47
39 47
39 46
39 48
40 48
41 48
41 47
40 49
39 49
41 49
42 47
42 48
42 49
38 46
38 47
38 48
38 49
38 45
39 45
37 47
37 46
37 48
37 49
39 44
38 44
40 44
43 48
43 47
43 49
40 43
39 43
38 43
44 47
44 48
44 49
36 46
36 48
36 49
41 43
44 46
37 43
39 42
40 42
38 42
37 42
45 46
45 47
45 48
45 49
35 49
35 48
0
No
0
No
0
No
0
Yes
12 24
11 24
11 23
12 23
11 25
12 25
13 23
13 24
13 25
12 22
13 22
12 26
11 26
13 26
14 24
14 23
14 22
10 23
10 24
10 25
13 27
12 27
15 23
15 22
14 27
12 28
13 28
14 28
0
Yes
46 3
46 4
46 5
46 6
47 3
47 4
47 5
47 6
48 3
48 4
48 5
48 6
49 3
0
No
0
Yes
23 21
22 21
22 20
23 20
24 20
24 21
24 22
23 22
23 19
22 19
24 19
21 19
22 18
23 18
21 18
20 18
20 19
20 20
19 19
19 18
21 17
22 17
20 17
19 17
22 16
21 16
19 16
0
No
0
No
0
No
2
384
14 0
14 1
14 2
14 3
14 4
14 5
15 0
15 1
15 2
15 3
15 4
15 5
16 0
16 1
16 2
16 3
16 4
16 5
17 0
17 1
17 2
17 3
383
36 15
36 16
36 17
36 18
36 19
36 20
37 15
37 16
37 17
37 18
37 19
37 20
38 15
38 16
38 17
38 18
38 19
38 20
39 15
39 16
39 17
39 18
39 19
39 20
40 15
40 16
40 17
40 18
40 19
40 20
41 15
41 16
41 17
41 18
41 19
41 20
42 15
42 16
42 17
42 18
42 19
42 20
43 15
43 16
43 17
Yes
38 0
38 1
38 2
38 3
38 4
38 5
38 6
38 7
38 8
38 9
38 10
38 11
38 12
38 13
38 14
39 0
39 1
39 2
39 3
39 4
39 5
39 6
39 7
39 8
39 9
39 10
39 11
39 12
39 13
39 14
40 0
40 1
40 2
40 3
40 4
40 5
40 6
40 7
40 8
40 9
40 10
40 11
40 12
40 13
40 14
41 0
41 1
41 2
41 3
41 4
41 5
41 6
41 7
41 8
41 9
41 10
41 11
41 12
41 13
41 14
42 0
42 1
42 2
42 3
42 4
42 5
42 6
42 7
42 8
42 9
42 10
42 11
42 12
42 13
42 14
43 0
43 1
43 2
43 3
43 4
43 5
43 6
43 7
43 8
43 9
43 10
43 11
43 12
43 13
43 14
44 0
44 1
44 2
44 3
44 4
44 5
44 6
44 7
44 8
44 9
44 10
44 11
44 12
44 13
44 14
45 0
45 1
45 2
0
No
0
No
0
No
0
No
0
No
0
No
0
No
0
Yes
38 0
38 1
38 2
38 3
38 4
38 5
38 6
38 7
38 8
38 9
38 10
38 11
38 12
38 13
38 14
39 0
39 1
39 2
39 3
39 4
39 5
39 6
39 7
39 8
39 9
39 10
39 11
39 12
39 13
39 14
40 0
40 1
40 2
40 3
40 4
40 5
40 6
40 7
40 8
40 9
40 10
40 11
40 12
40 13
40 14
41 0
41 1
41 2
41 3
41 4
41 5
41 6
41 7
41 8
41 9
41 10
41 11
41 12
41 13
41 14
42 0
42 1
42 2
42 3
42 4
42 5
42 6
42 7
42 8
42 9
42 10
42 11
42 12
42 13
42 14
43 0
43 1
43 2
43 3
43 4
43 5
43 6
43 7
43 8
43 9
43 10
43 11
43 12
43 13
43 14
44 0
44 1
44 2
44 3
44 4
44 5
44 6
44 7
44 8
44 9
44 10
44 11
44 12
44 13
44 14
45 0
45 1
45 2
0
No
0
No
0
No
0
No
0
No
0
No
0
No
0
Yes
32 27
32 28
32 29
32 30
32 31
32 32
32 33
33 27
33 28
33 29
33 30
33 31
33 32
33 33
34 27
34 28
34 29
34 30
34 31
34 32
34 33
35 27
35 28
35 29
35 30
35 31
35 32
35 33
36 27
36 28
36 29
36 30
36 31
0
Yes
47 30
47 31
48 30
48 31
46 30
46 31
47 29
47 32
48 29
48 32
49 30
49 31
46 29
46 32
49 29
49 32
45 30
45 31
47 28
48 28
45 29
45 32
46 28
49 28
49 33
45 28
0
Yes
1 30
1 31
2 30
2 31
3 30
3 31
4 30
4 31
0
No
0
No
0
Yes
0 36
0 37
0 38
0 39
0 40
0 41
0 42
0 43
1 36
1 37
1 38
1 39
1 40
1 41
1 42
1 43
2 36
2 37
2 38
2 39
2 40
2 41
2 42
2 43
0
No
0
No
0
No
0
Yes
36 15
36 16
36 17
36 18
36 19
36 20
37 15
37 16
37 17
37 18
37 19
37 20
38 15
38 16
38 17
38 18
38 19
38 20
39 15
39 16
39 17
39 18
39 19
39 20
40 15
40 16
40 17
40 18
40 19
40 20
41 15
41 16
41 17
41 18
41 19
41 20
42 15
42 16
42 17
42 18
42 19
42 20
43 15
43 16
43 17
43 18
43 19
0
No
0
No
0
Yes
3 0
3 1
3 2
4 0
4 1
4 2
5 0
5 1
5 2
6 0
6 1
6 2
7 0
0
Yes
5 19
5 20
6 19
6 20
7 19
7 20
8 19
8 20
9 19
9 20
0
Yes
38 3
38 4
38 5
38 6
38 7
38 8
38 9
38 10
38 11
38 12
38 13
38 14
39 3
39 4
39 5
39 6
39 7
39 8
39 9
39 10
39 11
39 12
39 13
39 14
40 3
40 4
40 5
40 6
40 7
40 8
40 9
40 10
40 11
40 12
40 13
40 14
41 3
41 4
41 5
41 6
41 7
41 8
41 9
41 10
41 11
41 12
41 13
41 14
42 3
42 4
42 5
42 6
42 7
42 8
42 9
42 10
42 11
42 12
42 13
42 14
43 3
43 4
43 5
43 6
43 7
43 8
43 9
43 10
43 11
43 12
43 13
43 14
44 3
44 4
44 5
44 6
44 7
44 8
44 9
44 10
44 11
44 12
44 13
44 14
45 3
45 4
45 5
45 6
45 7
45 8
45 9
45 10
45 11
45 12
45 13
45 14
46 3
46 4
46 5
46 6
46 7
46 8
46 9
46 10
46 11
46 12
46 13
46 14
47 3
47 4
47 5
47 6
47 7
47 8
47 9
47 10
47 11
47 12
47 13
47 14
48 3
48 4
48 5
48 6
48 7
48 8
48 9
48 10
48 11
48 12
48 13
48 14
49 3
49 4
49 5
49 6
49 7
0
Yes
12 43
12 44
12 45
12 46
12 47
12 48
12 49
13 43
13 44
13 45
13 46
13 47
13 48
13 49
14 43
14 44
14 45
14 46
14 47
14 48
14 49
15 43
15 44
15 45
15 46
15 47
15 48
15 49
16 43
16 44
16 45
16 46
16 47
16 48
16 49
17 43
17 44
17 45
17 46
17 47
17 48
17 49
18 43
18 44
18 45
18 46
18 47
18 48
18 49
0
Yes
44 15
44 16
44 17
44 18
44 19
44 20
44 21
44 22
44 23
45 15
45 16
45 17
45 18
45 19
45 20
45 21
45 22
45 23
46 15
46 16
46 17
46 18
46 19
46 20
46 21
46 22
46 23
47 15
47 16
47 17
47 18
47 19
47 20
47 21
47 22
47 23
48 15
48 16
48 17
48 18
48 19
48 20
48 21
48 22
48 23
49 15
49 16
49 17
49 18
49 19
0
No
0
Yes
39 28
39 27
40 27
40 26
39 26
38 26
41 26
41 27
39 25
40 25
38 25
41 25
42 27
42 26
42 25
42 28
37 25
37 26
37 27
36 26
36 25
43 28
43 27
43 26
43 25
38 24
39 24
40 24
37 24
41 24
42 24
36 24
43 24
43 29
39 23
38 23
40 23
37 23
41 23
42 23
36 23
43 23
44 27
44 28
44 26
44 25
44 24
44 29
38 22
39 22
40 22
37 22
41 22
42 22
36 22
43 22
45 26
45 27
45 25
45 24
39 21
38 21
40 21
37 21
41 21
42 21
36 21
43 21
46 27
46 26
46 25
46 24
47 26
47 25
47 27
47 24
43 20
48 27
48 26
48 25
48 24
49 26
49 25
49 27
49 24
0
Yes
0 0
0 1
1 0
1 1
2 0
2 1
0
Yes
11 6
12 6
12 5
12 7
13 5
13 6
13 7
13 4
12 4
11 4
13 8
12 8
11 3
12 3
13 3
10 3
10 4
9 4
9 5
12 9
13 9
14 8
14 9
10 2
11 2
12 2
13 2
9 2
13 10
12 10
14 10
11 10
11 1
10 1
12 1
9 1
13 1
11 11
12 11
13 11
14 11
15 9
15 10
15 8
10 11
10 10
10 9
8 1
10 0
11 0
12 0
9 0
13 0
8 0
10 12
11 12
12 12
13 12
14 12
9 12
11 13
10 13
12 13
13 13
9 13
8 13
8 12
8 11
7 11
7 12
7 13
10 14
11 14
12 14
9 14
8 14
13 14
7 14
14 14
6 13
6 14
11 15
10 15
12 15
9 15
13 15
8 15
7 15
14 15
6 15
15 15
15 14
5 14
5 13
5 15
5 12
4 12
4 13
4 14
4 15
4 11
3 11
3 12
3 13
3 14
3 15
3 10
10 16
11 16
9 16
8 16
7 16
6 16
5 16
4 16
3 16
11 17
10 17
9 17
8 17
7 17
6 17
5 17
4 17
2 13
2 14
2 15
2 16
10 18
9 18
8 18
7 18
6 18
11 18
1 14
1 15
1 13
1 16
0
No
0
Yes
23 25
23 26
24 25
24 26
0
Yes
5 17
4 17
4 16
5 16
6 16
6 17
6 18
5 15
4 15
6 15
7 17
7 16
7 18
7 15
3 16
3 15
7 19
6 19
5 19
5 20
6 20
7 20
4 14
5 14
6 14
3 14
7 14
8 16
8 17
8 18
8 15
8 19
8 14
8 20
2 15
2 16
2 14
2 17
1 17
1 16
1 15
1 14
5 13
4 13
6 13
3 13
7 13
2 13
8 13
1 13
9 17
9 16
9 18
9 15
9 19
9 14
9 20
9 13
1 18
2 18
2 19
1 19
0 16
0 17
0 18
0 15
0 14
0 19
0 13
4 12
5 12
3 12
10 16
10 17
10 18
10 15
10 19
10 14
10 20
10 13
7 12
8 12
9 12
10 12
0 20
11 17
11 16
11 18
11 15
11 19
11 14
11 13
11 20
11 12
3 11
4 11
10 21
11 21
8 11
7 11
0 12
12 15
12 14
12 13
12 12
10 11
11 11
12 11
0
Yes
45 43
45 44
45 45
45 46
45 47
45 48
45 49
46 43
46 44
46 45
46 46
46 47
46 48
46 49
47 43
47 44
47 45
47 46
47 47
47 48
47 49
48 43
48 44
48 45
48 46
48 47
48 48
48 49
49 43
49 44
49 45
49 46
49 47
0
Yes
0 36
0 37
0 38
1 36
1 37
1 38
2 36
2 37
2 38
0
No
0
Yes
5 43
4 43
4 42
5 42
6 42
6 43
7 43
7 42
3 42
3 43
6 41
7 41
3 41
4 41
2 43
2 42
2 41
4 40
3 40
2 40
8 42
8 43
8 41
7 40
9 43
9 42
9 41
1 42
1 41
1 43
1 40
0 43
0 42
0 41
0 40
2 39
1 39
0 39
10 42
10 43
10 44
11 43
11 42
11 44
11 41
11 45
10 45
10 46
11 46
12 42
12 41
11 47
10 47
9 47
9 48
10 48
11 48
12 40
10 49
9 49
11 49
13 41
13 42
13 40
0
No
0
No
0
No
0
No
0
Yes
0 44
0 45
0 46
0 47
0 48
0 49
1 44
1 45
1 46
1 47
1 48
1 49
2 44
2 45
2 46
2 47
2 48
2 49
3 44
3 45
3 46
3 47
3 48
3 49
4 44
4 45
4 46
4 47
4 48
4 49
5 44
5 45
5 46
5 47
5 48
5 49
0
Yes
33 14
33 15
32 14
32 15
34 14
34 15
33 13
33 16
32 13
32 16
34 13
34 16
31 14
31 15
35 14
35 15
31 13
31 16
33 12
35 13
35 16
32 12
30 14
30 15
31 12
30 13
30 16
30 12
0
Yes
21 16
21 17
22 16
22 17
0
No
0
Yes
22 0
22 1
22 2
22 3
22 4
22 5
23 0
23 1
23 2
23 3
23 4
23 5
24 0
24 1
24 2
24 3
24 4
24 5
25 0
25 1
25 2
25 3
25 4
25 5
26 0
26 1
26 2
26 3
26 4
26 5
27 0
27 1
27 2
27 3
27 4
27 5
28 0
28 1
28 2
28 3
28 4
28 5
29 0
29 1
29 2
29 3
29 4
29 5
30 0
30 1
30 2
30 3
0
Yes
38 0
38 1
38 2
38 3
38 4
38 5
38 6
38 7
38 8
39 0
39 1
39 2
39 3
39 4
39 5
39 6
39 7
39 8
40 0
40 1
40 2
40 3
40 4
40 5
40 6
40 7
40 8
41 0
41 1
41 2
41 3
41 4
41 5
41 6
41 7
41 8
42 0
42 1
42 2
42 3
42 4
42 5
42 6
42 7
42 8
43 0
43 1
43 2
43 3
43 4
43 5
43 6
43 7
43 8
44 0
44 1
44 2
44 3
44 4
44 5
44 6
44 7
44 8
45 0
45 1
45 2
45 3
45 4
45 5
45 6
45 7
45 8
46 0
46 1
46 2
46 3
46 4
46 5
46 6
46 7
46 8
47 0
47 1
47 2
47 3
47 4
47 5
47 6
47 7
47 8
48 0
48 1
48 2
48 3
48 4
48 5
48 6
48 7
48 8
49 0
49 1
0
Yes
46 39
46 40
46 41
46 42
47 39
47 40
47 41
47 42
48 39
48 40
48 41
48 42
49 39
49 40
49 41
49 42
0
Yes
46 9
46 10
46 11
46 12
46 13
46 14
47 9
47 10
47 11
47 12
47 13
47 14
48 9
48 10
48 11
48 12
48 13
48 14
49 9
49 10
49 11
49 12
49 13
0
No
0
No
0
Yes
27 48
27 49
28 48
28 49
29 48
29 49
30 48
0
No
0
No
0
No
0
Yes
19 40
19 41
19 42
19 43
19 44
19 45
19 46
19 47
19 48
19 49
20 40
20 41
20 42
20 43
20 44
20 45
20 46
20 47
20 48
20 49
21 40
21 41
21 42
21 43
21 44
21 45
21 46
21 47
21 48
21 49
22 40
22 41
22 42
22 43
22 44
22 45
22 46
22 47
22 48
22 49
23 40
23 41
23 42
23 43
23 44
23 45
23 46
23 47
23 48
23 49
24 40
24 41
24 42
24 43
24 44
24 45
24 46
24 47
24 48
24 49
25 40
25 41
25 42
25 43
25 44
25 45
25 46
25 47
25 48
25 49
26 40
26 41
26 42
26 43
26 44
26 45
26 46
0
No
0
Yes
39 47
39 48
39 49
40 47
40 48
40 49
41 47
41 48
41 49
42 47
42 48
42 49
43 47
43 48
43 49
44 47
44 48
44 49
0
Yes
44 9
44 10
44 11
44 12
44 13
44 14
45 9
45 10
45 11
45 12
45 13
45 14
46 9
46 10
46 11
46 12
46 13
46 14
47 9
47 10
47 11
47 12
47 13
47 14
48 9
48 10
48 11
48 12
48 13
48 14
49 9
49 10
49 11
49 12
49 13
0
Yes
31 17
31 18
31 19
31 20
31 21
31 22
31 23
31 24
32 17
32 18
32 19
32 20
32 21
32 22
32 23
32 24
33 17
33 18
33 19
33 20
33 21
33 22
33 23
33 24
34 17
34 18
34 19
34 20
34 21
34 22
34 23
34 24
35 17
35 18
35 19
35 20
35 21
35 22
35 23
35 24
0
No
0
Yes
38 9
38 10
38 11
38 12
38 13
38 14
39 9
39 10
39 11
39 12
39 13
39 14
40 9
40 10
40 11
40 12
40 13
40 14
41 9
41 10
41 11
41 12
41 13
41 14
42 9
42 10
0
Yes
41 15
41 16
41 17
41 18
41 19
41 20
41 21
41 22
41 23
41 24
41 25
42 15
42 16
42 17
42 18
42 19
42 20
42 21
42 22
42 23
42 24
42 25
43 15
43 16
43 17
43 18
43 19
43 20
43 21
43 22
43 23
43 24
43 25
44 15
44 16
44 17
44 18
44 19
44 20
44 21
44 22
44 23
44 24
44 25
45 15
45 16
45 17
45 18
45 19
45 20
45 21
45 22
45 23
45 24
45 25
46 15
46 16
46 17
46 18
46 19
46 20
46 21
46 22
46 23
46 24
46 25
47 15
47 16
47 17
47 18
47 19
47 20
47 21
47 22
47 23
47 24
47 25
48 15
48 16
48 17
48 18
48 19
48 20
48 21
48 22
48 23
48 24
48 25
49 15
49 16
49 17
49 18
49 19
49 20
49 21
49 22
49 23
0
Yes
0 0
0 1
1 0
1 1
2 0
2 1
0
Yes
36 15
36 16
36 17
36 18
36 19
36 20
36 21
36 22
36 23
36 24
37 15
37 16
37 17
37 18
37 19
37 20
37 21
37 22
37 23
37 24
38 15
38 16
38 17
38 18
38 19
38 20
38 21
38 22
38 23
38 24
39 15
39 16
39 17
39 18
39 19
39 20
39 21
39 22
39 23
39 24
40 15
40 16
40 17
40 18
40 19
40 20
40 21
40 22
40 23
0
Yes
20 22
20 21
20 20
20 19
19 19
21 19
19 18
20 18
21 18
22 18
22 19
22 20
23 20
23 19
23 18
23 21
22 21
24 21
24 20
24 19
24 22
23 22
20 17
21 17
22 17
19 17
25 22
25 21
25 20
25 19
25 23
19 16
21 16
22 16
26 21
26 22
26 20
26 23
26 19
26 24
25 24
24 24
25 25
26 25
27 22
27 21
27 23
27 20
27 24
27 19
27 25
26 18
27 18
26 26
25 26
27 26
25 27
26 27
27 27
24 27
28 21
28 22
28 23
28 20
28 24
28 19
28 25
28 26
28 18
26 28
25 28
25 29
27 17
29 22
29 21
29 23
29 20
29 24
29 19
29 25
29 18
29 26
30 21
30 22
30 23
30 20
30 24
30 19
30 25
30 18
30 26
29 17
30 17
29 27
30 27
31 25
31 26
31 27
30 28
29 28
31 28
32 26
32 25
31 29
30 29
30 30
31 30
29 30
33 25
33 26
31 31
34 26
34 25
35 25
35 26
36 26
0
Yes
24 39
23 39
23 38
25 39
22 39
26 39
26 38
27 38
27 39
21 39
21 38
20 38
20 39
19 39
19 38
19 37
18 38
18 39
18 37
18 40
18 36
19 36
19 35
18 35
20 35
17 39
17 38
17 37
17 36
17 40
17 35
17 41
18 41
18 42
17 42
16 38
16 37
16 36
16 40
16 41
16 42
15 37
15 36
15 41
15 42
14 42
28 38
28 37
29 37
29 38
29 36
30 38
30 37
30 39
31 39
31 38
31 37
31 36
32 38
32 37
32 39
32 36
32 35
31 35
31 34
32 34
33 37
33 38
33 36
33 35
33 34
32 33
31 33
33 33
34 38
34 37
34 36
34 35
34 34
34 33
35 37
35 38
35 39
33 32
32 32
34 32
32 31
33 31
34 31
36 38
35 33
35 32
35 31
33 30
34 30
32 30
35 30
32 29
33 29
34 29
35 29
33 28
34 28
32 28
35 28
32 27
33 27
34 27
35 27
36 31
36 30
36 29
36 28
36 27
37 30
37 27
37 26
38 26
38 25
37 25
36 25
39 25
39 26
39 27
40 27
40 26
40 25
41 26
41 27
42 27
42 26
42 28
40 24
43 28
43 27
43 26
0
No
0
Yes
15 0
15 1
15 2
15 3
15 4
16 0
16 1
16 2
16 3
16 4
17 0
17 1
17 2
17 3
17 4
18 0
18 1
18 2
18 3
18 4
19 0
19 1
19 2
19 3
19 4
20 0
20 1
20 2
20 3
20 4
21 0
21 1
21 2
21 3
0
Yes
38 0
38 1
38 2
38 3
38 4
38 5
38 6
38 7
39 0
39 1
39 2
39 3
39 4
39 5
39 6
39 7
40 0
40 1
40 2
40 3
40 4
40 5
40 6
40 7
41 0
41 1
41 2
41 3
41 4
41 5
41 6
41 7
42 0
42 1
42 2
42 3
42 4
42 5
42 6
42 7
43 0
43 1
43 2
43 3
43 4
43 5
43 6
43 7
44 0
44 1
44 2
44 3
44 4
44 5
44 6
44 7
45 0
45 1
45 2
45 3
45 4
45 5
45 6
45 7
46 0
46 1
46 2
46 3
46 4
46 5
46 6
46 7
47 0
47 1
47 2
47 3
47 4
47 5
47 6
47 7
48 0
48 1
48 2
48 3
48 4
48 5
48 6
48 7
49 0
49 1
49 2
49 3
49 4
49 5
49 6
49 7
0
Yes
37 42
37 43
38 42
38 43
39 42
39 43
40 42
40 43
0
Yes
15 3
16 3
15 2
15 4
16 2
16 4
14 3
17 3
14 2
14 4
17 2
17 4
15 1
15 5
16 1
16 5
13 3
14 1
14 5
17 1
17 5
18 3
13 2
13 4
18 2
18 4
15 0
16 0
13 1
13 5
18 1
18 5
14 0
17 0
12 3
19 3
12 2
12 4
19 2
19 4
13 0
18 0
12 1
12 5
19 1
19 5
11 3
20 3
11 2
11 4
12 0
19 0
20 2
20 4
11 1
20 1
11 0
20 0
10 3
21 3
10 2
10 4
21 2
21 4
10 1
21 1
21 5
10 0
21 0
9 2
9 4
9 1
0
No
0
Yes
6 42
6 43
6 44
6 45
6 46
6 47
6 48
6 49
7 42
7 43
7 44
7 45
7 46
7 47
7 48
7 49
8 42
8 43
8 44
8 45
8 46
8 47
8 48
8 49
9 42
9 43
9 44
9 45
9 46
9 47
9 48
9 49
10 42
10 43
10 44
10 45
10 46
10 47
10 48
10 49
11 42
11 43
11 44
11 45
11 46
11 47
0
Yes
38 42
38 43
38 44
38 45
38 46
39 42
39 43
39 44
39 45
39 46
40 42
40 43
40 44
0
No
0
No
0
Yes
8 16
8 17
7 16
7 17
9 16
9 17
8 15
8 18
7 15
7 18
9 15
9 18
6 16
6 17
10 16
10 17
6 15
6 18
8 14
8 19
10 15
10 18
7 14
7 19
9 14
9 19
5 16
5 17
11 16
11 17
6 14
6 19
10 14
10 19
5 15
11 15
11 18
8 13
8 20
7 13
7 20
9 13
9 20
5 14
5 19
11 14
11 19
4 16
4 17
6 13
6 20
10 13
10 20
4 15
8 12
5 13
5 20
7 12
9 12
11 13
11 20
4 14
10 12
4 13
5 12
11 12
4 12
0
No
0
No
0
Yes
43 0
43 1
43 2
43 3
43 4
43 5
43 6
44 0
44 1
44 2
44 3
44 4
44 5
44 6
45 0
45 1
45 2
45 3
45 4
45 5
45 6
46 0
46 1
46 2
46 3
46 4
46 5
46 6
47 0
47 1
47 2
47 3
47 4
47 5
47 6
48 0
48 1
48 2
48 3
48 4
48 5
48 6
49 0
49 1
49 2
49 3
49 4
49 5
49 6
0
Yes
38 8
38 9
38 10
38 11
38 12
38 13
38 14
39 8
39 9
39 10
39 11
39 12
39 13
39 14
40 8
40 9
40 10
40 11
40 12
40 13
40 14
41 8
41 9
41 10
41 11
41 12
41 13
41 14
42 8
42 9
42 10
42 11
42 12
42 13
42 14
43 8
43 9
43 10
43 11
43 12
43 13
0
Yes
46 38
46 39
47 39
47 40
46 40
48 40
48 39
46 41
47 41
48 41
45 41
49 39
49 40
49 41
49 38
47 42
46 42
48 42
49 42
46 43
47 43
48 43
49 43
45 43
45 44
46 44
47 44
48 44
49 44
44 44
44 43
46 45
45 45
47 45
48 45
44 45
49 45
43 45
43 44
45 46
46 46
47 46
44 46
48 46
49 46
46 47
45 47
47 47
48 47
44 47
49 47
43 47
45 48
46 48
47 48
44 48
48 48
43 48
49 48
42 48
42 47
41 47
41 48
46 49
45 49
47 49
44 49
48 49
43 49
42 49
49 49
41 49
40 48
40 47
40 49
39 47
39 48
39 49
38 48
38 47
38 49
37 47
37 48
37 49
37 46
36 46
36 48
36 49
35 49
35 48
34 48
34 49
34 47
33 49
49 37
48 37
48 36
49 36
47 36
47 35
48 35
49 35
48 34
47 34
49 34
49 33
46 36
49 32
48 32
48 31
49 31
47 31
47 32
46 32
46 31
45 31
45 32
44 32
46 30
47 30
48 30
45 30
49 30
45 29
0
Yes
36 15
36 16
36 17
36 18
36 19
36 20
36 21
36 22
36 23
36 24
36 25
37 15
37 16
37 17
37 18
37 19
37 20
37 21
37 22
37 23
37 24
37 25
38 15
38 16
38 17
38 18
38 19
38 20
38 21
38 22
38 23
38 24
38 25
39 15
39 16
39 17
39 18
39 19
39 20
39 21
39 22
39 23
39 24
39 25
40 15
40 16
40 17
40 18
40 19
40 20
40 21
40 22
40 23
40 24
0
No
0
Yes
8 16
8 17
7 16
7 17
9 16
9 17
8 15
8 18
7 15
7 18
9 15
9 18
6 16
6 17
10 16
10 17
6 15
6 18
8 14
8 19
10 15
10 18
7 14
7 19
9 14
9 19
5 16
5 17
11 16
11 17
6 14
6 19
10 14
10 19
5 15
11 15
11 18
8 13
8 20
7 13
7 20
9 13
9 20
5 14
5 19
11 14
11 19
4 16
4 17
6 13
6 20
10 13
10 20
4 15
8 12
5 13
5 20
7 12
9 12
11 13
11 20
4 14
10 12
4 13
0
Yes
26 0
26 1
26 2
26 3
27 0
27 1
27 2
27 3
28 0
28 1
28 2
28 3
29 0
29 1
29 2
29 3
30 0
30 1
30 2
30 3
31 0
31 1
31 2
0
Yes
36 25
36 24
37 24
37 25
37 26
38 25
38 24
38 26
37 23
36 23
38 23
36 22
37 22
38 22
39 24
39 25
39 23
39 26
39 22
39 27
40 25
40 24
40 26
40 23
40 27
40 22
37 21
38 21
39 21
36 21
40 21
36 20
37 20
38 20
39 20
40 20
41 26
41 27
37 19
38 19
39 19
36 19
40 19
42 27
42 26
42 28
36 18
37 18
38 18
39 18
40 18
43 26
43 27
43 28
37 17
38 17
39 17
36 17
40 17
43 29
44 27
44 28
44 26
44 29
36 16
37 16
38 16
39 16
40 16
45 26
0
Yes
0 39
0 40
0 41
0 42
0 43
1 39
1 40
1 41
1 42
1 43
2 39
2 40
2 41
2 42
0
No
0
Yes
29 37
28 37
28 38
29 38
30 38
30 37
31 37
31 38
27 38
30 39
31 39
31 36
27 39
32 36
32 37
32 38
32 39
26 39
26 38
32 35
31 35
31 34
32 34
33 37
33 36
33 38
33 35
33 34
32 33
31 33
33 33
34 36
34 37
34 35
34 34
34 38
34 33
35 37
35 38
35 39
33 32
32 32
34 32
32 31
33 31
34 31
36 38
35 33
35 32
35 31
33 30
34 30
32 30
35 30
32 29
33 29
34 29
35 29
36 31
36 30
36 29
33 28
34 28
35 28
32 28
36 28
32 27
33 27
34 27
35 27
36 27
37 30
37 27
29 36
25 39
24 39
23 39
23 38
35 40
34 40
22 39
21 39
0
No
0
Yes
0 16
0 17
0 18
0 19
1 16
1 17
1 18
1 19
2 16
2 17
2 18
2 19
3 16
0
Yes
0 0
0 1
1 0
1 1
2 0
2 1
0
No
0
Yes
12 8
12 9
12 10
12 11
12 12
13 8
13 9
13 10
13 11
13 12
14 8
14 9
14 10
14 11
14 12
15 8
15 9
15 10
0
Yes
5 17
4 17
4 16
5 16
6 16
6 17
6 18
5 15
4 15
6 15
7 17
7 16
7 18
7 15
3 15
7 19
6 19
5 19
5 20
6 20
7 20
4 14
5 14
6 14
3 14
7 14
8 16
8 17
8 18
8 15
8 19
8 14
8 20
5 13
4 13
6 13
7 13
3 13
8 13
9 17
9 16
9 18
9 15
9 19
9 14
9 20
9 13
2 14
2 15
2 13
1 15
1 14
1 13
4 12
5 12
3 12
10 16
10 17
10 18
10 15
10 19
10 14
10 20
10 13
7 12
8 12
9 12
10 12
0 14
0 15
0 13
11 17
11 16
11 18
11 15
11 19
11 14
11 13
11 20
11 12
3 11
4 11
10 21
11 21
8 11
7 11
0
Yes
30 37
30 38
30 39
31 37
31 38
31 39
32 37
32 38
32 39
33 37
33 38
0
Yes
30 24
29 24
29 23
30 23
29 25
30 25
31 25
30 22
29 22
30 26
29 26
31 26
28 23
28 24
28 25
28 22
28 26
32 26
32 25
27 24
27 23
27 25
27 22
27 26
29 21
28 21
30 21
27 21
29 27
30 27
31 27
32 27
33 25
33 26
33 27
30 20
29 20
28 20
27 20
30 28
31 28
32 28
29 28
33 28
26 23
26 24
26 25
26 22
26 21
26 26
26 20
27 27
26 27
34 26
34 27
34 25
34 28
25 24
25 23
25 25
25 22
25 26
25 21
25 27
25 20
29 19
28 19
27 19
26 19
30 19
25 19
31 29
30 29
32 29
33 29
34 29
35 25
35 26
35 27
35 28
35 29
26 28
25 28
30 18
29 18
28 18
27 18
26 18
30 30
31 30
32 30
33 30
34 30
35 30
24 25
24 24
24 26
24 27
29 30
24 22
24 21
24 20
24 19
36 26
36 27
36 28
36 29
36 30
0
No
0
Yes
17 35
17 36
17 37
18 35
18 36
18 37
19 35
19 36
19 37
20 35
0
No
0
Yes
49 41
48 41
48 40
49 40
48 42
49 42
49 39
48 39
49 43
48 43
47 40
47 41
47 42
47 39
47 43
46 41
46 40
46 42
46 39
46 43
48 44
47 44
49 44
46 44
49 45
48 45
47 45
46 45
46 38
45 43
45 44
45 45
48 46
47 46
46 46
49 46
45 46
44 44
44 45
44 43
44 46
49 47
48 47
47 47
46 47
45 47
44 47
48 48
47 48
46 48
45 48
49 48
44 48
43 45
43 44
49 49
48 49
47 49
46 49
45 49
44 49
43 47
43 48
43 49
42 48
42 47
42 49
41 47
41 48
41 49
40 48
40 47
40 49
39 47
39 48
39 49
38 48
38 47
38 49
37 47
37 48
37 49
0
No
0
Yes
3 0
3 1
3 2
4 0
4 1
4 2
5 0
5 1
5 2
6 0
6 1
0
No
0
Yes
30 13
30 12
31 12
31 13
31 14
30 14
29 14
30 15
29 15
31 15
32 13
32 14
32 12
32 15
31 11
30 11
29 11
30 10
29 10
29 16
30 16
31 16
32 16
33 12
33 13
33 14
33 15
33 16
28 10
30 17
31 17
32 17
29 17
33 17
34 13
34 14
34 15
34 16
34 17
29 9
30 9
28 9
31 9
27 9
27 10
26 10
26 9
26 11
30 8
29 8
28 8
27 8
31 8
26 8
31 18
32 18
33 18
34 18
35 14
35 15
35 16
35 17
35 13
35 18
32 8
36 13
36 14
36 15
29 7
30 7
31 7
28 7
27 7
26 7
36 12
32 19
33 19
34 19
31 19
35 19
30 6
29 6
28 6
27 6
26 6
25 8
31 20
32 20
33 20
34 20
35 20
37 12
37 13
37 14
37 15
29 5
28 5
27 5
30 5
26 5
0
No
0
Yes
41 8
41 9
40 8
40 9
42 8
42 9
41 7
41 10
40 7
40 10
42 7
42 10
39 8
39 9
43 8
43 9
39 7
39 10
41 6
41 11
43 7
43 10
40 6
40 11
42 6
42 11
38 8
38 9
39 6
39 11
43 11
38 7
38 10
41 5
41 12
40 5
40 12
42 5
42 12
38 6
38 11
39 5
39 12
43 12
41 4
41 13
38 5
38 12
40 4
40 13
42 4
42 13
39 4
39 13
43 13
38 4
38 13
41 3
41 14
40 3
40 14
42 3
42 14
39 3
39 14
43 14
38 3
38 14
41 2
40 2
40 15
42 2
39 2
39 15
38 2
38 15
0
No
0
Yes
5 23
5 24
6 23
6 24
7 23
7 24
8 23
0
No
0
Yes
31 21
31 22
31 23
31 24
32 21
32 22
32 23
32 24
33 21
33 22
33 23
33 24
0
Yes
0 36
0 37
0 38
1 36
1 37
1 38
2 36
2 37
2 38
0
Yes
21 44
21 45
20 44
20 45
22 44
22 45
21 43
21 46
20 43
20 46
22 43
22 46
19 44
19 45
23 44
23 45
19 43
19 46
21 42
21 47
23 43
23 46
20 42
20 47
22 42
22 47
18 44
18 45
24 44
24 45
19 42
19 47
23 42
23 47
18 43
18 46
24 43
24 46
21 41
21 48
20 41
20 48
22 41
22 48
18 42
18 47
24 42
24 47
17 44
17 45
19 41
19 48
23 41
23 48
25 44
25 45
17 43
17 46
25 43
25 46
21 40
21 49
18 41
18 48
20 40
20 49
22 40
22 49
24 41
24 48
17 42
17 47
25 42
25 47
19 40
19 49
23 40
23 49
16 44
16 45
26 44
26 45
16 43
16 46
26 43
26 46
17 41
17 48
25 41
25 48
18 40
18 49
24 40
24 49
21 39
16 42
16 47
20 39
22 39
26 42
26 47
19 39
23 39
15 44
15 45
17 40
17 49
25 40
25 49
16 41
16 48
26 41
26 48
15 43
15 46
18 39
24 39
15 42
15 47
16 40
16 49
26 40
26 49
17 39
25 39
15 41
15 48
26 39
0
Yes
12 42
12 43
12 44
12 45
12 46
12 47
12 48
12 49
13 42
13 43
13 44
13 45
13 46
13 47
13 48
13 49
14 42
14 43
14 44
14 45
14 46
14 47
14 48
14 49
15 42
15 43
15 44
15 45
15 46
15 47
15 48
15 49
16 42
16 43
16 44
16 45
16 46
16 47
16 48
16 49
17 42
17 43
17 44
17 45
17 46
17 47
17 48
17 49
18 42
18 43
18 44
18 45
18 46
18 47
18 48
18 49
0
Yes
23 0
22 0
22 1
23 1
24 1
24 0
23 2
22 2
24 2
25 0
25 1
25 2
21 1
21 0
21 2
20 0
20 1
20 2
22 3
23 3
24 3
21 3
25 3
20 3
26 1
26 2
26 0
26 3
23 4
22 4
24 4
21 4
25 4
20 4
26 4
27 0
27 1
27 2
27 3
27 4
19 1
19 2
19 3
19 0
19 4
18 0
18 1
18 2
18 3
18 4
22 5
23 5
24 5
21 5
25 5
28 1
28 2
28 3
28 0
28 4
29 0
29 1
29 2
29 3
29 4
17 1
17 2
17 3
17 0
17 4
25 6
19 5
18 5
17 5
16 0
16 1
16 2
16 3
16 4
16 5
30 1
30 2
30 3
30 0
18 6
17 6
31 0
31 1
31 2
15 1
15 2
15 3
15 4
15 0
15 5
14 0
14 1
14 2
14 3
14 4
14 5
15 6
13 1
13 2
13 3
13 4
13 0
13 5
0
Yes
19 39
19 40
19 41
19 42
19 43
19 44
19 45
19 46
19 47
19 48
19 49
20 39
20 40
20 41
20 42
20 43
20 44
20 45
20 46
20 47
20 48
20 49
21 39
21 40
21 41
21 42
21 43
21 44
21 45
21 46
21 47
21 48
21 49
22 39
22 40
22 41
22 42
22 43
22 44
22 45
22 46
22 47
22 48
22 49
23 39
23 40
23 41
23 42
23 43
23 44
23 45
23 46
23 47
23 48
23 49
24 39
24 40
24 41
24 42
24 43
24 44
24 45
24 46
24 47
24 48
24 49
25 39
25 40
25 41
25 42
25 43
25 44
25 45
25 46
25 47
25 48
25 49
26 39
26 40
26 41
26 42
26 43
26 44
26 45
26 46
0
Yes
23 47
23 48
23 49
24 47
24 48
24 49
25 47
25 48
25 49
26 47
26 48
26 49
27 47
27 48
27 49
28 47
28 48
28 49
0
Yes
23 46
22 46
22 45
23 45
22 47
24 45
24 46
23 44
22 44
24 44
25 46
25 45
25 44
21 45
21 46
21 47
21 44
21 48
22 48
20 46
20 45
20 47
20 44
20 48
22 43
23 43
24 43
21 43
25 43
20 43
22 49
21 49
20 49
26 45
26 44
26 46
26 43
23 42
22 42
24 42
21 42
25 42
20 42
26 42
19 45
19 46
19 47
19 44
19 48
19 43
19 49
19 42
27 44
27 45
22 41
23 41
24 41
21 41
25 41
20 41
26 41
19 41
23 40
22 40
24 40
21 40
25 40
20 40
26 40
19 40
27 41
18 41
18 40
22 39
23 39
24 39
21 39
25 39
20 39
19 39
26 39
18 39
23 38
27 39
21 38
20 38
19 38
18 38
0
Yes
34 21
34 22
35 22
35 21
36 21
36 22
35 23
34 23
36 23
36 20
34 24
35 24
36 24
37 20
37 21
37 22
37 23
37 24
37 19
36 19
36 18
37 18
38 21
38 20
38 22
38 19
38 23
38 18
38 24
36 25
37 25
38 25
37 17
36 17
38 17
39 20
39 21
39 22
39 19
39 23
39 18
39 24
39 17
39 25
36 16
37 16
38 16
39 16
37 26
38 26
39 26
40 21
40 20
40 22
40 19
40 23
40 18
40 24
40 17
40 25
40 16
40 26
39 27
40 27
41 26
41 27
42 27
42 26
43 26
43 27
42 28
43 28
44 27
44 26
44 28
43 29
44 29
45 26
45 27
45 28
45 29
46 27
46 28
46 26
46 29
47 26
47 27
47 28
47 29
45 30
46 30
47 30
48 27
48 28
48 29
48 26
48 30
46 31
47 31
45 31
48 31
45 32
46 32
47 32
48 32
44 32
49 26
49 27
49 28
49 29
49 30
49 31
49 32
49 25
49 33
37 27
39 28
49 24
49 34
48 34
48 35
49 35
47 35
47 34
0
No
0
No
0
No
0
No
0
Yes
0 7
0 8
1 7
1 8
2 7
0
Yes
10 0
10 1
10 2
10 3
10 4
11 0
11 1
11 2
11 3
11 4
12 0
12 1
12 2
12 3
12 4
13 0
13 1
13 2
13 3
13 4
14 0
14 1
14 2
14 3
14 4
15 0
15 1
15 2
15 3
15 4
16 0
16 1
16 2
16 3
16 4
17 0
17 1
17 2
17 3
17 4
18 0
18 1
18 2
18 3
18 4
19 0
19 1
19 2
19 3
19 4
20 0
20 1
20 2
20 3
20 4
21 0
21 1
21 2
21 3
21 4
22 0
22 1
22 2
22 3
22 4
23 0
23 1
23 2
23 3
23 4
24 0
24 1
24 2
24 3
24 4
25 0
25 1
25 2
25 3
25 4
26 0
26 1
26 2
26 3
26 4
27 0
27 1
27 2
27 3
27 4
28 0
28 1
28 2
28 3
28 4
29 0
29 1
29 2
29 3
29 4
30 0
30 1
0
No
1
506
43 0
43 1
43 2
43 3
43 4
43 5
43 6
44 0
44 1
44 2
44 3
44 4
44 5
44 6
45 0
45 1
45 2
45 3
45 4
45 5
45 6
46 0
46 1
46 2
46 3
46 4
46 5
46 6
47 0
47 1
47 2
47 3
47 4
47 5
47 6
48 0
48 1
48 2
48 3
48 4
48 5
48 6
49 0
49 1
49 2
49 3
Yes
0 42
0 43
0 44
0 45
0 46
0 47
0 48
0 49
1 42
1 43
1 44
1 45
1 46
1 47
1 48
1 49
2 42
2 43
2 44
2 45
2 46
2 47
2 48
2 49
3 42
3 43
3 44
3 45
3 46
3 47
3 48
3 49
4 42
4 43
4 44
4 45
4 46
4 47
4 48
4 49
5 42
5 43
5 44
5 45
5 46
5 47
5 48
5 49
6 42
6 43
6 44
6 45
6 46
6 47
6 48
6 49
7 42
7 43
7 44
7 45
7 46
7 47
7 48
7 49
8 42
8 43
8 44
8 45
8 46
8 47
8 48
8 49
9 42
9 43
9 44
9 45
9 46
9 47
9 48
9 49
10 42
10 43
10 44
10 45
10 46
10 47
10 48
10 49
11 42
11 43
11 44
11 45
11 46
11 47
11 48
11 49
0
Yes
32 39
31 39
31 38
32 38
33 38
32 37
31 37
33 37
30 38
30 39
30 37
34 37
34 38
31 36
32 36
33 36
34 36
35 38
35 37
35 39
29 37
29 38
32 35
33 35
31 35
34 35
28 38
28 37
29 36
31 34
32 34
33 34
34 34
32 33
33 33
31 33
34 33
35 33
33 32
32 32
34 32
35 32
32 31
33 31
34 31
35 31
31 31
36 31
35 40
34 40
36 38
0
No
0
Yes
17 31
16 31
16 30
15 30
15 31
15 29
14 31
14 30
14 29
14 32
13 30
13 31
13 32
13 29
14 28
15 28
13 28
13 33
14 33
14 34
15 34
12 31
12 32
12 33
13 27
14 27
12 28
12 27
11 32
12 26
13 26
13 25
12 25
11 26
11 25
12 24
13 24
11 24
14 24
14 23
13 23
12 23
11 23
15 23
10 25
10 24
10 23
15 22
14 22
13 22
12 22
11 22
10 22
16 22
16 23
9 23
9 22
0
Yes
26 48
26 49
27 48
27 49
25 48
25 49
26 47
27 47
28 48
28 49
25 47
28 47
24 48
24 49
29 48
29 49
24 47
23 48
23 49
30 48
23 47
0
Yes
0 39
0 40
0 41
1 39
1 40
1 41
2 39
2 40
2 41
0
Yes
0 0
0 1
1 0
1 1
2 0
2 1
0
No
0
No
0
Yes
10 0
10 1
10 2
10 3
10 4
11 0
11 1
11 2
11 3
11 4
12 0
12 1
12 2
12 3
12 4
13 0
13 1
13 2
13 3
13 4
14 0
14 1
14 2
14 3
14 4
15 0
15 1
15 2
15 3
15 4
16 0
16 1
16 2
16 3
16 4
17 0
17 1
17 2
17 3
17 4
18 0
18 1
18 2
18 3
18 4
19 0
19 1
19 2
19 3
19 4
20 0
20 1
20 2
20 3
20 4
21 0
21 1
21 2
21 3
21 4
22 0
22 1
22 2
22 3
22 4
23 0
23 1
23 2
23 3
23 4
24 0
24 1
24 2
24 3
24 4
25 0
25 1
25 2
25 3
25 4
26 0
26 1
26 2
26 3
26 4
27 0
27 1
27 2
27 3
27 4
28 0
28 1
28 2
28 3
28 4
29 0
29 1
0
Yes
25 24
25 25
25 26
25 27
25 28
26 24
26 25
26 26
26 27
26 28
27 24
27 25
27 26
27 27
0
No
0
Yes
1 30
1 31
2 30
2 31
3 30
3 31
4 30
4 31
0
No
0
No
0
No
0
No
0
Yes
12 17
12 18
12 19
12 20
12 21
13 17
13 18
13 19
13 20
13 21
14 17
14 18
14 19
14 20
14 21
15 17
15 18
15 19
15 20
15 21
16 17
16 18
16 19
16 20
16 21
17 17
17 18
17 19
17 20
17 21
18 17
18 18
18 19
18 20
0
No
0
No
0
No
0
No
0
Yes
25 5
24 5
24 4
25 4
26 4
25 3
24 3
26 3
23 4
23 5
23 3
27 3
27 4
22 5
22 4
22 3
22 6
24 2
25 2
26 2
23 2
27 2
22 2
28 4
28 3
28 2
25 1
24 1
26 1
23 1
27 1
22 1
28 1
21 4
21 5
21 3
21 2
21 1
29 3
29 2
29 4
29 1
24 0
25 0
26 0
23 0
27 0
22 0
28 0
21 0
29 0
20 3
20 4
20 2
20 1
20 0
30 2
30 3
30 1
30 0
19 4
19 3
19 2
19 1
19 0
19 5
18 5
18 4
18 3
18 2
18 1
18 0
18 6
31 1
31 2
31 0
17 4
17 5
17 3
17 2
17 1
17 6
17 0
16 5
16 4
16 3
16 2
16 1
16 0
15 4
15 3
15 2
15 1
15 5
15 0
15 6
14 5
14 4
14 3
14 2
14 1
14 0
13 4
13 3
13 2
13 1
13 5
13 0
13 6
12 5
12 4
12 3
12 2
12 1
12 6
12 0
12 7
13 7
0
Yes
45 43
45 44
45 45
45 46
45 47
45 48
45 49
46 43
46 44
46 45
46 46
46 47
46 48
46 49
47 43
47 44
47 45
47 46
47 47
47 48
47 49
48 43
48 44
48 45
48 46
48 47
48 48
48 49
49 43
49 44
49 45
49 46
49 47
49 48
0
Yes
33 21
32 21
32 22
33 22
33 23
32 23
31 22
31 21
31 23
30 21
30 22
30 23
30 20
32 24
31 24
33 24
30 24
33 25
32 25
31 25
30 25
29 20
29 21
29 22
29 23
29 24
29 25
34 25
29 19
30 19
30 18
29 18
28 21
28 20
28 22
28 19
28 23
28 24
28 18
28 25
32 26
33 26
31 26
30 26
29 26
34 26
28 26
35 26
35 25
33 27
32 27
34 27
31 27
30 27
29 27
35 27
27 20
27 21
27 22
27 19
27 23
27 24
27 25
27 18
27 26
36 27
36 26
26 21
26 20
26 22
26 19
26 23
26 24
26 25
26 18
26 26
32 28
33 28
34 28
31 28
35 28
30 28
36 28
29 28
27 17
33 29
32 29
34 29
31 29
35 29
30 29
36 29
25 20
25 21
25 22
25 19
25 23
25 24
25 25
25 26
27 27
26 27
25 27
24 21
24 20
24 22
24 19
32 30
33 30
34 30
31 30
35 30
30 30
36 30
24 24
24 25
24 26
24 27
29 30
0
Yes
39 47
39 48
39 49
40 47
40 48
40 49
41 47
41 48
41 49
42 47
42 48
42 49
43 47
43 48
43 49
44 47
44 48
0
Yes
0 36
0 37
0 38
1 36
1 37
1 38
2 36
0
No
0
No
0
No
0
No
0
No
0
No
0
No
0
No
0
Yes
36 16
36 17
36 18
36 19
36 20
37 16
37 17
37 18
37 19
37 20
38 16
38 17
38 18
38 19
38 20
39 16
39 17
39 18
39 19
39 20
40 16
40 17
0
No
0
Yes
47 29
46 29
47 28
47 30
48 29
46 28
46 30
48 28
48 30
45 29
47 27
47 31
49 29
45 28
45 30
46 27
46 31
48 27
48 31
49 28
49 30
45 27
45 31
49 27
49 31
44 29
47 26
47 32
44 28
46 26
46 32
48 26
48 32
44 27
45 26
45 32
49 26
49 32
44 26
0
No
0
Yes
44 20
44 21
45 20
45 21
43 20
43 21
44 19
44 22
45 19
45 22
46 20
46 21
43 19
43 22
46 19
46 22
42 20
42 21
44 18
44 23
45 18
45 23
47 20
47 21
42 19
42 22
43 18
43 23
46 18
46 23
47 19
47 22
41 20
41 21
42 18
42 23
44 17
44 24
45 17
45 24
47 18
47 23
48 20
48 21
41 19
41 22
43 17
43 24
46 17
46 24
48 19
48 22
41 18
41 23
42 17
42 24
47 17
47 24
48 18
48 23
40 20
40 21
44 16
44 25
45 16
45 25
49 20
49 21
40 19
40 22
43 16
43 25
46 16
46 25
49 19
49 22
41 17
41 24
48 17
48 24
40 18
40 23
42 16
42 25
47 16
47 25
49 18
49 23
39 21
44 15
45 15
39 22
40 24
41 16
41 25
43 15
46 15
48 16
48 25
49 17
49 24
39 23
42 15
47 15
40 25
49 16
49 25
39 24
41 15
48 15
39 25
49 15
0
Yes
49 49
48 49
48 48
49 48
49 47
48 47
47 48
47 49
47 47
46 49
46 48
46 47
48 46
47 46
49 46
46 46
49 45
48 45
47 45
46 45
45 48
45 47
45 46
45 49
45 45
44 49
48 44
47 44
46 44
49 44
45 44
44 46
44 45
44 44
49 43
48 43
47 43
46 43
45 43
44 43
48 42
47 42
46 42
49 42
43 45
43 44
49 41
48 41
47 41
46 41
45 41
48 40
47 40
46 40
49 40
49 39
48 39
47 39
46 39
46 38
49 38
49 37
48 37
48 36
49 36
47 36
49 35
0
No
0
No
0
No
0
No
0
Yes
21 16
21 17
21 18
22 16
22 17
22 18
0
No
0
Yes
5 23
5 24
6 23
6 24
7 23
7 24
8 23
0
Yes
12 44
12 45
12 46
12 47
12 48
12 49
13 44
13 45
13 46
13 47
13 48
13 49
14 44
14 45
14 46
14 47
14 48
14 49
15 44
15 45
15 46
15 47
15 48
15 49
16 44
16 45
16 46
16 47
16 48
16 49
17 44
17 45
17 46
17 47
17 48
17 49
18 44
18 45
18 46
0
No
0
No
0
No
0
Yes
43 0
43 1
43 2
43 3
43 4
43 5
44 0
44 1
44 2
44 3
44 4
44 5
45 0
45 1
45 2
45 3
45 4
45 5
46 0
46 1
46 2
46 3
46 4
46 5
47 0
47 1
47 2
47 3
47 4
47 5
48 0
48 1
48 2
48 3
48 4
48 5
49 0
49 1
49 2
49 3
0
Yes
31 33
31 34
31 35
31 36
32 33
32 34
32 35
32 36
33 33
33 34
33 35
33 36
34 33
34 34
34 35
34 36
35 33
0
No
0
No
0
Yes
30 21
30 22
30 23
30 24
30 25
30 26
30 27
30 28
30 29
30 30
31 21
31 22
31 23
31 24
31 25
31 26
31 27
31 28
31 29
31 30
32 21
32 22
32 23
32 24
32 25
32 26
32 27
32 28
32 29
32 30
33 21
33 22
33 23
33 24
33 25
33 26
33 27
33 28
33 29
33 30
34 21
34 22
34 23
34 24
34 25
34 26
34 27
34 28
34 29
34 30
35 21
35 22
35 23
35 24
35 25
35 26
35 27
35 28
35 29
35 30
36 21
36 22
36 23
36 24
36 25
36 26
36 27
36 28
36 29
36 30
37 21
37 22
37 23
37 24
0
No
0
No
0
No
0
No
0
Yes
43 0
43 1
43 2
43 3
43 4
43 5
43 6
44 0
44 1
44 2
44 3
44 4
44 5
44 6
45 0
45 1
45 2
45 3
45 4
45 5
45 6
46 0
46 1
46 2
46 3
46 4
46 5
46 6
47 0
47 1
47 2
47 3
47 4
47 5
47 6
48 0
48 1
48 2
48 3
48 4
48 5
48 6
49 0
49 1
49 2
49 3
49 4
49 5
0
No
0
Yes
0 7
0 8
1 7
1 8
2 7
0
Yes
46 4
46 5
45 4
45 5
47 4
47 5
46 3
46 6
45 3
45 6
47 3
47 6
44 4
44 5
48 4
48 5
44 3
44 6
46 2
46 7
48 3
48 6
45 2
45 7
47 2
47 7
43 4
43 5
49 4
49 5
44 2
44 7
48 2
48 7
43 3
43 6
49 3
49 6
46 1
46 8
45 1
45 8
47 1
47 8
43 2
49 2
49 7
44 1
44 8
48 1
48 8
46 0
43 1
45 0
47 0
49 1
49 8
44 0
0
Yes
22 19
22 20
22 21
23 19
23 20
23 21
24 19
24 20
24 21
25 19
25 20
25 21
26 19
26 20
26 21
27 19
27 20
27 21
28 19
28 20
28 21
0
Yes
27 24
28 24
27 23
27 25
28 23
28 25
26 24
29 24
26 23
26 25
29 23
29 25
27 22
27 26
28 22
28 26
25 24
26 22
26 26
29 22
29 26
25 23
25 25
25 22
25 26
29 21
0
No
0
No
0
Yes
38 0
38 1
38 2
38 3
38 4
38 5
38 6
38 7
39 0
39 1
39 2
39 3
39 4
39 5
39 6
39 7
40 0
40 1
40 2
40 3
40 4
40 5
40 6
40 7
41 0
41 1
41 2
41 3
41 4
41 5
41 6
41 7
42 0
42 1
42 2
42 3
42 4
42 5
42 6
42 7
43 0
43 1
43 2
43 3
43 4
43 5
43 6
43 7
44 0
44 1
44 2
44 3
44 4
44 5
44 6
44 7
45 0
45 1
45 2
45 3
45 4
45 5
45 6
45 7
46 0
46 1
46 2
46 3
46 4
46 5
46 6
46 7
47 0
47 1
47 2
47 3
47 4
47 5
47 6
47 7
48 0
48 1
48 2
48 3
48 4
48 5
48 6
48 7
49 0
49 1
49 2
0
No
0
Yes
41 8
41 9
41 10
41 11
41 12
41 13
41 14
42 8
42 9
42 10
42 11
42 12
42 13
42 14
43 8
43 9
43 10
43 11
43 12
43 13
43 14
0
No
0
No
0
No
0
Yes
21 0
21 1
21 2
21 3
21 4
21 5
22 0
22 1
22 2
22 3
22 4
22 5
23 0
23 1
23 2
23 3
23 4
23 5
24 0
24 1
24 2
24 3
24 4
24 5
25 0
25 1
25 2
25 3
0
No
0
Yes
22 44
22 45
21 44
21 45
23 44
23 45
22 43
22 46
21 43
21 46
23 43
23 46
20 44
20 45
24 44
24 45
20 43
20 46
22 42
22 47
24 43
24 46
21 42
21 47
23 42
23 47
19 44
19 45
25 44
25 45
20 42
20 47
24 42
24 47
19 43
19 46
25 43
25 46
22 41
22 48
21 41
21 48
23 41
23 48
19 42
19 47
25 42
25 47
20 41
20 48
24 41
24 48
26 44
26 45
18 43
26 43
26 46
22 40
22 49
19 41
19 48
21 40
21 49
23 40
23 49
25 41
25 48
18 42
18 47
26 42
26 47
20 40
20 49
24 40
24 49
17 43
18 41
18 48
26 41
26 48
19 40
19 49
25 40
25 49
22 39
17 42
21 39
23 39
20 39
24 39
18 40
18 49
26 40
26 49
17 41
19 39
25 39
17 40
18 39
26 39
17 39
0
Yes
12 2
11 2
11 1
12 1
11 3
12 3
13 1
13 2
13 3
12 0
11 0
13 0
12 4
11 4
13 4
14 2
14 1
14 3
14 0
14 4
10 1
10 2
10 3
10 0
10 4
9 2
9 1
9 0
13 5
12 5
14 5
15 1
15 2
15 3
15 4
15 0
15 5
9 4
12 6
13 6
16 2
16 1
16 3
16 4
16 0
16 5
8 1
8 0
11 6
9 5
15 6
13 7
12 7
17 1
17 2
17 3
17 4
17 0
17 5
7 0
18 2
18 1
18 3
18 4
18 0
18 5
17 6
18 6
19 1
19 2
19 3
19 4
19 5
19 0
20 2
20 1
20 3
20 4
20 0
6 0
6 1
5 1
5 0
5 2
6 2
4 2
4 1
4 0
3 1
3 2
3 0
0
No
0
Yes
37 20
36 20
36 19
37 19
38 19
38 20
38 21
37 18
36 18
38 18
39 20
39 19
39 18
36 17
37 17
38 17
39 17
37 16
38 16
36 16
39 16
40 17
40 16
38 15
39 15
40 15
39 14
38 14
40 14
38 13
39 13
40 13
39 12
38 12
40 12
38 11
39 11
40 11
39 10
38 10
40 10
37 10
38 9
39 9
40 9
39 8
38 8
40 8
37 8
0
No
0
No
0
Yes
28 2
28 3
29 2
29 3
27 2
27 3
28 1
28 4
29 1
29 4
30 2
30 3
27 1
27 4
30 1
26 2
26 3
28 0
29 0
31 2
26 1
26 4
27 0
30 0
31 1
26 0
0
Yes
10 22
10 23
10 24
10 25
11 22
11 23
11 24
11 25
12 22
12 23
12 24
12 25
13 22
13 23
13 24
13 25
0
Yes
25 27
25 28
25 29
26 27
26 28
0
No
0
No
0
Yes
0 0
0 1
1 0
1 1
2 0
2 1
0
No
0
Yes
29 14
29 15
29 16
29 17
29 18
29 19
29 20
30 14
30 15
30 16
30 17
30 18
30 19
30 20
31 14
31 15
31 16
31 17
31 18
31 19
31 20
32 14
32 15
32 16
32 17
32 18
32 19
32 20
33 14
33 15
33 16
33 17
33 18
33 19
33 20
34 14
34 15
34 16
34 17
34 18
34 19
34 20
35 14
35 15
35 16
35 17
35 18
35 19
35 20
0
No
0
Yes
46 0
46 1
46 2
46 3
46 4
46 5
46 6
46 7
47 0
47 1
47 2
47 3
47 4
47 5
47 6
47 7
48 0
48 1
48 2
48 3
48 4
48 5
48 6
48 7
49 0
49 1
49 2
49 3
49 4
49 5
49 6
49 7
0
Yes
44 21
43 21
43 20
44 20
43 22
44 22
45 20
45 21
45 22
44 19
43 19
45 19
44 23
43 23
45 23
46 21
46 20
46 22
46 19
46 23
42 20
42 21
42 22
42 19
42 23
41 21
41 20
41 22
41 19
41 23
43 18
44 18
45 18
42 18
46 18
41 18
43 24
44 24
45 24
42 24
46 24
41 24
47 20
47 21
47 22
47 19
47 23
47 18
47 24
44 17
43 17
45 17
42 17
46 17
41 17
47 17
44 25
43 25
45 25
42 25
46 25
41 25
47 25
48 21
48 20
48 22
48 19
48 23
48 18
48 24
48 17
48 25
40 20
40 21
40 22
40 19
40 23
40 18
40 24
40 25
39 21
39 22
39 23
39 24
39 25
43 16
44 16
45 16
42 16
46 16
47 16
41 16
48 16
43 26
42 26
41 26
40 26
39 26
49 20
49 21
49 22
49 19
49 23
49 18
49 24
49 17
49 25
49 16
44 15
43 15
45 15
42 15
46 15
47 15
48 15
41 15
49 15
38 22
38 23
38 24
38 25
38 26
42 27
41 27
40 27
39 27
43 27
0
No
0
No
0
Yes
41 15
41 16
41 17
41 18
41 19
41 20
41 21
41 22
41 23
42 15
42 16
42 17
42 18
42 19
42 20
42 21
42 22
42 23
43 15
43 16
43 17
43 18
43 19
43 20
43 21
43 22
43 23
44 15
44 16
44 17
44 18
44 19
44 20
44 21
44 22
44 23
45 15
45 16
45 17
45 18
45 19
45 20
45 21
45 22
45 23
46 15
46 16
46 17
46 18
46 19
46 20
46 21
46 22
46 23
47 15
47 16
47 17
47 18
47 19
47 20
47 21
47 22
47 23
48 15
48 16
48 17
48 18
48 19
48 20
48 21
48 22
48 23
49 15
49 16
49 17
49 18
49 19
49 20
49 21
49 22
0
Yes
26 5
26 6
26 7
26 8
26 9
26 10
27 5
27 6
27 7
27 8
27 9
27 10
28 5
28 6
28 7
28 8
28 9
28 10
29 5
29 6
29 7
29 8
29 9
29 10
30 5
30 6
30 7
30 8
30 9
30 10
31 5
0
No
0
Yes
12 14
12 15
12 16
12 17
12 18
12 19
13 14
13 15
13 16
13 17
13 18
13 19
14 14
14 15
14 16
14 17
14 18
14 19
15 14
15 15
15 16
15 17
15 18
15 19
0
No
0
Yes
36 12
36 13
36 14
36 15
36 16
36 17
37 12
37 13
37 14
37 15
37 16
37 17
38 12
38 13
38 14
38 15
38 16
38 17
39 12
39 13
39 14
39 15
39 16
39 17
40 12
40 13
40 14
40 15
0
Yes
39 47
39 48
39 49
40 47
40 48
40 49
41 47
41 48
41 49
42 47
42 48
42 49
43 47
43 48
43 49
44 47
44 48
0
No
0
Yes
38 6
38 5
37 5
39 5
39 6
39 7
38 7
38 8
39 8
40 6
40 7
40 5
40 8
37 4
38 4
39 4
40 4
37 8
38 3
39 3
37 3
40 3
39 9
38 9
40 9
41 5
41 6
41 7
41 4
41 3
36 3
38 10
39 10
40 10
42 6
42 5
42 4
42 7
42 3
37 2
38 2
39 2
40 2
41 2
36 2
42 2
37 10
35 2
38 1
37 1
39 1
36 1
40 1
41 1
35 1
42 1
39 11
38 11
40 11
43 5
43 6
43 4
43 3
43 2
43 7
43 1
44 6
44 5
44 4
44 3
44 2
44 7
44 1
37 0
38 0
39 0
36 0
40 0
41 0
42 0
43 0
35 0
44 0
44 8
34 1
34 0
45 5
45 6
45 7
45 4
45 3
45 2
45 1
45 8
45 0
33 0
46 8
47 8
48 8
49 8
0
Yes
26 18
26 19
25 19
27 19
27 18
27 17
28 18
28 19
25 20
26 20
27 20
28 20
24 20
24 19
26 21
25 21
27 21
24 21
28 21
23 19
23 20
23 21
23 18
29 19
29 20
29 18
29 17
22 18
22 19
22 20
22 21
30 18
30 19
30 17
30 20
22 17
24 22
23 22
30 16
29 16
29 15
30 15
21 17
21 18
21 19
31 17
31 18
31 19
31 16
31 20
31 15
21 16
22 16
30 14
29 14
31 14
28 14
20 18
20 17
20 19
32 18
32 17
32 19
32 16
32 15
32 20
32 14
20 20
19 17
19 18
19 19
31 13
30 13
32 13
33 17
33 18
33 19
33 16
33 15
33 14
33 20
33 13
30 12
31 12
32 12
33 12
19 16
18 18
18 17
18 19
18 16
34 18
34 17
34 19
34 16
34 15
34 14
34 13
34 20
18 20
18 15
31 11
30 11
29 11
17 17
17 18
17 19
17 16
17 20
17 15
35 17
35 18
35 19
35 16
35 15
35 14
35 20
35 13
17 21
17 14
16 18
16 17
16 19
16 16
16 20
16 15
16 21
36 18
36 19
0
No
0
No
0
Yes
25 21
24 21
24 20
25 20
24 22
26 20
26 21
25 19
24 19
26 19
27 21
27 20
27 19
23 20
23 21
23 22
23 19
22 21
22 20
22 19
26 18
27 18
28 20
28 19
28 21
28 18
23 18
22 18
21 19
21 18
27 17
29 19
29 20
29 18
22 17
21 17
30 20
30 19
30 18
29 17
30 17
20 18
20 19
20 17
20 20
19 19
19 18
19 17
31 19
31 18
31 20
31 17
21 16
22 16
30 16
29 16
31 16
32 20
32 19
32 18
32 17
32 16
29 15
30 15
31 15
32 15
18 18
18 19
18 17
18 20
19 16
18 16
17 20
17 19
17 18
17 17
17 16
17 21
33 19
33 18
33 17
33 16
33 20
33 15
30 14
31 14
32 14
29 14
33 14
28 14
16 21
16 20
16 19
16 18
16 17
16 16
16 22
34 20
34 19
34 18
34 17
34 16
34 15
34 14
18 15
17 15
16 15
31 13
30 13
32 13
33 13
34 13
15 20
15 21
15 22
15 23
16 23
35 19
35 18
35 17
35 16
35 15
35 14
35 20
35 13
30 12
31 12
32 12
33 12
17 14
14 21
14 22
14 20
14 23
36 20
36 19
36 18
14 24
31 11
30 11
29 11
0
Yes
10 9
10 10
11 10
11 11
10 11
12 11
12 10
12 9
13 9
13 10
13 11
13 8
12 8
12 12
13 12
14 8
14 9
14 10
14 11
14 12
13 13
12 13
15 9
15 10
15 8
12 14
13 14
14 14
13 15
12 15
14 15
12 16
13 16
14 16
15 15
15 14
15 16
13 17
14 17
12 17
15 17
12 18
13 18
14 18
15 18
13 19
14 19
12 19
15 19
0
Yes
46 24
45 24
45 25
46 25
47 25
47 24
48 24
48 25
44 25
44 24
43 24
43 25
49 25
49 24
49 23
43 26
42 25
42 24
42 26
41 24
41 25
41 26
42 27
43 27
41 27
43 28
42 28
40 25
40 26
40 24
40 27
40 23
39 24
39 25
39 26
39 23
39 27
39 22
40 22
40 21
39 21
38 23
38 24
38 25
38 22
38 26
38 21
39 20
40 20
38 20
40 19
39 19
38 19
39 28
37 25
37 26
39 18
40 18
38 18
40 17
37 27
37 20
37 19
37 18
43 29
0
Yes
27 48
27 49
28 48
28 49
29 48
29 49
30 48
0
Yes
27 38
26 38
26 39
27 39
25 39
25 40
26 40
26 41
25 41
27 41
24 40
24 39
24 41
23 39
23 40
23 41
23 38
25 42
26 42
24 42
23 42
26 43
25 43
24 43
23 43
22 40
22 39
22 41
22 42
22 43
21 39
21 40
21 41
21 42
21 43
21 38
25 44
24 44
23 44
22 44
26 44
21 44
27 44
20 38
20 39
20 40
20 41
20 42
20 43
20 44
27 45
26 45
25 45
24 45
23 45
22 45
21 45
20 45
19 39
19 40
19 41
19 42
19 43
19 44
19 38
19 45
19 37
26 46
25 46
24 46
23 46
22 46
21 46
20 46
19 46
18 38
18 39
18 40
18 41
18 42
18 43
18 37
18 36
19 36
19 35
18 35
20 35
25 47
24 47
23 47
22 47
21 47
20 47
26 47
19 47
27 47
17 37
17 38
17 39
17 36
17 40
17 41
17 42
17 35
17 43
26 48
25 48
24 48
23 48
22 48
21 48
20 48
19 48
16 38
16 37
16 36
16 40
16 41
16 42
16 43
25 49
24 49
23 49
22 49
21 49
20 49
26 49
19 49
15 37
15 36
15 41
15 42
0
No
0
No
0
Yes
0 36
0 37
0 38
1 36
1 37
1 38
2 36
2 37
0
Yes
35 48
35 49
36 48
36 49
37 48
37 49
38 48
38 49
0
Yes
30 39
30 38
29 38
31 38
31 39
32 39
32 38
29 37
30 37
31 37
32 37
28 37
28 38
31 36
32 36
33 38
33 37
33 36
32 35
31 35
33 35
34 37
34 36
34 38
34 35
31 34
32 34
33 34
34 34
35 38
35 37
35 39
32 33
33 33
31 33
34 33
33 32
32 32
34 32
35 33
35 32
32 31
33 31
34 31
35 31
0
No
0
Yes
5 23
5 24
6 23
6 24
7 23
7 24
0
No
0
Yes
47 34
47 35
48 34
48 35
49 34
0
No
0
Yes
14 24
13 24
13 23
14 23
13 25
15 23
14 22
13 22
15 22
12 23
12 24
12 25
12 22
12 26
13 26
16 22
16 23
11 24
11 23
11 25
11 22
11 26
13 21
14 21
15 21
12 21
16 21
13 27
12 27
14 27
14 20
13 20
15 20
12 20
16 20
14 28
13 28
12 28
10 23
10 24
10 25
10 22
15 28
17 21
17 20
13 29
14 29
15 29
9 22
9 23
16 19
17 19
18 20
18 19
14 30
13 30
15 30
8 23
8 22
16 30
17 18
16 18
18 18
13 31
14 31
15 31
16 31
19 19
19 18
7 22
12 31
16 17
17 17
18 17
19 17
17 31
14 32
13 32
12 32
20 18
20 19
20 17
20 20
11 32
17 16
18 16
19 16
16 16
21 19
21 18
21 17
13 33
12 33
14 33
16 15
17 15
18 15
14 34
22 18
22 19
22 17
22 20
23 20
23 19
23 18
23 21
22 21
15 34
17 14
24 21
24 20
24 19
24 22
23 22
21 16
22 16
25 20
25 21
0
No
0
No
0
No
0
Yes
0 16
0 17
0 18
0 19
1 16
1 17
1 18
1 19
2 16
2 17
2 18
2 19
3 16
0
Yes
0 40
0 41
1 40
1 41
2 40
2 41
3 40
3 41
4 40
4 41
0
Yes
33 16
33 17
32 16
32 17
34 16
34 17
33 15
33 18
32 15
32 18
34 15
34 18
31 16
31 17
35 16
35 17
31 15
31 18
33 14
33 19
35 15
35 18
32 14
32 19
34 14
34 19
30 16
30 17
31 14
31 19
35 14
35 19
30 15
30 18
36 18
33 13
33 20
32 13
32 20
34 13
34 20
30 14
30 19
36 19
29 16
29 17
31 13
31 20
35 13
35 20
29 15
29 18
33 12
30 13
30 20
32 12
36 20
29 14
29 19
31 12
0
No
0
Yes
26 1
25 1
25 0
26 0
25 2
26 2
27 0
27 1
27 2
26 3
25 3
27 3
28 1
28 2
28 0
28 3
24 0
24 1
24 2
24 3
23 1
23 2
23 0
23 3
25 4
26 4
27 4
24 4
28 4
23 4
29 0
29 1
29 2
29 3
29 4
30 1
30 2
30 3
30 0
22 0
22 1
22 2
22 3
22 4
24 5
25 5
23 5
22 5
21 1
21 2
21 3
21 4
21 0
21 5
25 6
31 0
31 1
31 2
22 6
0
No
0
No
0
Yes
37 42
37 43
38 42
38 43
39 42
39 43
40 42
0
No
0
No
0
Yes
46 39
46 40
46 41
46 42
46 43
46 44
47 39
47 40
47 41
47 42
47 43
47 44
48 39
48 40
48 41
48 42
48 43
48 44
49 39
49 40
49 41
49 42
49 43
0
No
0
Yes
47 45
47 46
47 47
47 48
47 49
48 45
48 46
48 47
48 48
48 49
49 45
49 46
49 47
49 48
49 49
0
No
0
No
0
No
0
No
0
Yes
7 45
7 46
6 45
6 46
8 45
8 46
7 44
7 47
6 44
6 47
8 44
8 47
5 45
5 46
9 45
9 46
5 44
5 47
7 43
7 48
9 44
9 47
6 43
6 48
8 43
8 48
4 45
4 46
10 45
10 46
5 43
5 48
9 43
9 48
4 44
4 47
10 44
10 47
7 42
7 49
6 42
6 49
8 42
8 49
4 43
4 48
10 43
10 48
3 45
3 46
5 42
5 49
9 42
9 49
11 45
11 46
3 44
3 47
11 44
11 47
7 41
4 42
4 49
6 41
8 41
10 42
10 49
3 43
3 48
11 43
11 48
9 41
2 45
2 46
2 44
2 47
3 42
3 49
11 42
11 49
2 43
2 48
12 43
1 45
1 46
11 41
2 42
2 49
12 42
1 44
1 47
1 43
1 48
13 43
12 41
1 42
1 49
13 42
0 45
0 46
0 44
0 47
0 43
0 48
13 41
0 42
0 49
0
Yes
37 42
37 43
38 42
38 43
39 42
39 43
0
Yes
38 44
38 45
38 46
39 44
39 45
39 46
40 44
0
No
0
No
0
Yes
42 15
42 16
42 17
42 18
42 19
42 20
42 21
43 15
43 16
43 17
43 18
43 19
43 20
43 21
44 15
44 16
44 17
44 18
44 19
44 20
44 21
45 15
45 16
45 17
45 18
45 19
45 20
45 21
46 15
46 16
46 17
46 18
46 19
46 20
46 21
47 15
47 16
47 17
47 18
47 19
47 20
47 21
48 15
48 16
48 17
48 18
48 19
48 20
48 21
49 15
49 16
49 17
49 18
49 19
49 20
0
Yes
26 18
26 19
26 20
27 18
27 19
27 20
28 18
28 19
28 20
0
No
0
Yes
27 5
27 6
27 7
28 5
28 6
28 7
29 5
29 6
29 7
30 5
30 6
30 7
31 5
0
Yes
5 23
5 24
6 23
6 24
7 23
7 24
0
No
0
No
0
No
0
No
0
No
0
No
0
No
0
No
0
No
0
Yes
39 0
39 1
39 2
39 3
39 4
39 5
39 6
40 0
40 1
40 2
40 3
40 4
40 5
40 6
41 0
41 1
41 2
41 3
41 4
41 5
41 6
42 0
42 1
42 2
42 3
42 4
42 5
42 6
43 0
43 1
43 2
43 3
43 4
43 5
43 6
44 0
44 1
44 2
44 3
44 4
44 5
44 6
45 0
45 1
45 2
45 3
45 4
45 5
45 6
0
Yes
38 7
38 8
38 9
38 10
38 11
39 7
39 8
39 9
39 10
39 11
40 7
40 8
40 9
40 10
40 11
0
No
0
No
0
Yes
26 7
26 8
26 9
26 10
27 7
27 8
27 9
27 10
28 7
28 8
28 9
28 10
29 7
29 8
29 9
29 10
30 7
30 8
30 9
30 10
31 7
31 8
0
No
0
No
0
No
0
No
0
Yes
37 0
37 1
37 2
37 3
37 4
37 5
38 0
38 1
38 2
38 3
38 4
38 5
39 0
39 1
39 2
39 3
39 4
39 5
40 0
40 1
40 2
40 3
40 4
40 5
41 0
41 1
41 2
41 3
41 4
0
Yes
44 0
44 1
44 2
44 3
45 0
45 1
45 2
45 3
46 0
46 1
46 2
46 3
47 0
47 1
47 2
47 3
48 0
48 1
48 2
48 3
49 0
49 1
49 2
0
No
0
Yes
29 15
29 16
29 17
29 18
29 19
29 20
30 15
30 16
30 17
30 18
30 19
30 20
31 15
31 16
31 17
31 18
31 19
31 20
32 15
32 16
32 17
32 18
32 19
32 20
33 15
33 16
33 17
33 18
33 19
33 20
34 15
34 16
34 17
34 18
34 19
34 20
35 15
35 16
0
No
0
Yes
41 15
41 16
41 17
41 18
41 19
41 20
41 21
41 22
41 23
42 15
42 16
42 17
42 18
42 19
42 20
42 21
42 22
42 23
43 15
43 16
43 17
43 18
43 19
43 20
43 21
43 22
43 23
44 15
44 16
44 17
44 18
44 19
44 20
44 21
44 22
44 23
45 15
45 16
45 17
45 18
45 19
45 20
45 21
45 22
45 23
46 15
46 16
46 17
46 18
46 19
46 20
46 21
46 22
46 23
47 15
47 16
47 17
47 18
47 19
47 20
47 21
47 22
47 23
48 15
48 16
48 17
48 18
48 19
48 20
48 21
48 22
48 23
49 15
49 16
0
Yes
12 31
12 32
12 33
13 31
13 32
13 33
14 31
14 32
14 33
15 31
0
Yes
0 36
0 37
0 38
0 39
1 36
1 37
1 38
1 39
2 36
2 37
2 38
2 39
0
Yes
0 0
0 1
1 0
1 1
0
Yes
25 27
25 28
25 29
26 27
26 28
0
Yes
16 17
16 16
17 16
17 17
17 18
16 18
16 19
17 19
18 17
18 18
18 16
18 19
17 15
16 15
18 15
17 20
16 20
18 20
15 20
19 16
19 17
19 18
19 19
16 21
17 21
15 21
20 17
20 18
20 19
14 21
14 20
13 20
13 21
20 20
15 22
16 22
14 22
13 22
21 18
21 19
21 17
21 16
12 21
12 20
12 22
16 23
15 23
14 23
13 23
12 23
22 17
22 18
22 16
22 19
22 20
11 22
11 23
23 18
23 19
23 20
14 24
13 24
12 24
11 24
23 21
22 21
24 19
24 20
24 21
10 23
10 22
10 24
13 25
12 25
11 25
10 25
9 22
9 23
24 22
23 22
25 20
25 21
25 19
12 26
11 26
13 26
8 23
8 22
7 22
7 23
2
733
45 27
45 28
45 29
45 30
45 31
45 32
46 27
46 28
46 29
46 30
46 31
46 32
47 27
47 28
47 29
47 30
47 31
47 32
48 27
48 28
48 29
48 30
48 31
48 32
49 27
49 28
49 29
49 30
49 31
734
26 7
26 8
26 9
26 10
27 7
27 8
27 9
27 10
28 7
28 8
28 9
28 10
29 7
29 8
29 9
29 10
30 7
30 8
30 9
30 10
31 7
31 8
31 9
Yes
41 0
41 1
41 2
41 3
41 4
41 5
41 6
41 7
41 8
42 0
42 1
42 2
42 3
42 4
42 5
42 6
42 7
42 8
43 0
43 1
43 2
43 3
43 4
43 5
43 6
43 7
43 8
44 0
44 1
44 2
44 3
44 4
44 5
44 6
44 7
44 8
45 0
45 1
45 2
45 3
45 4
45 5
45 6
45 7
45 8
46 0
46 1
46 2
46 3
46 4
46 5
46 6
46 7
46 8
47 0
47 1
47 2
47 3
47 4
47 5
47 6
47 7
47 8
48 0
48 1
48 2
48 3
48 4
48 5
48 6
48 7
48 8
49 0
49 1
49 2
49 3
49 4
0
No
0
Yes
38 3
38 4
37 3
37 4
39 3
39 4
38 2
38 5
37 2
37 5
39 2
39 5
36 3
40 3
40 4
36 2
38 1
38 6
40 2
40 5
37 1
39 1
39 6
36 1
40 1
40 6
35 2
38 0
37 0
39 0
35 1
36 0
40 0
35 0
0
No
0
No
0
No
0
No
0
No
0
No
0
Yes
27 48
27 49
28 48
28 49
29 48
29 49
30 48
0
No
0
No
0
Yes
39 47
39 48
39 49
40 47
40 48
40 49
41 47
41 48
41 49
42 47
42 48
42 49
43 47
43 48
0
Yes
41 17
41 18
41 19
41 20
41 21
41 22
41 23
42 17
42 18
42 19
42 20
42 21
42 22
42 23
43 17
43 18
43 19
43 20
43 21
43 22
43 23
44 17
44 18
44 19
44 20
44 21
44 22
44 23
45 17
45 18
45 19
45 20
45 21
45 22
45 23
46 17
46 18
46 19
46 20
46 21
46 22
46 23
47 17
47 18
47 19
47 20
47 21
47 22
47 23
48 17
48 18
48 19
48 20
48 21
48 22
48 23
49 17
49 18
49 19
49 20
49 21
49 22
0
Yes
26 21
26 22
26 23
26 24
26 25
26 26
27 21
27 22
27 23
27 24
27 25
27 26
28 21
28 22
28 23
28 24
28 25
28 26
29 21
29 22
29 23
29 24
29 25
29 26
0
No
0
No
0
Yes
15 0
14 0
14 1
15 1
16 1
16 0
15 2
14 2
16 2
17 0
17 1
17 2
13 1
13 0
13 2
12 0
12 1
12 2
14 3
15 3
16 3
13 3
17 3
12 3
18 1
18 2
18 0
18 3
15 4
14 4
16 4
13 4
17 4
12 4
18 4
19 0
19 1
19 2
19 3
19 4
11 1
11 2
11 3
11 0
11 4
10 0
10 1
10 2
10 3
10 4
14 5
15 5
16 5
13 5
17 5
12 5
18 5
19 5
20 1
20 2
20 3
20 4
20 0
15 6
9 1
9 2
9 0
13 6
12 6
17 6
18 6
8 0
8 1
9 4
11 6
12 7
13 7
9 5
7 0
6 0
6 1
5 1
5 0
5 2
6 2
4 0
4 1
4 2
3 1
3 0
3 2
3 3
2 0
2 1
0
Yes
42 13
43 13
42 12
42 14
43 12
43 14
41 13
41 12
41 14
42 11
42 15
43 11
43 15
41 11
41 15
44 15
42 10
42 16
43 10
43 16
40 11
41 10
41 16
44 16
40 10
40 16
42 9
43 9
41 9
40 9
0
No
0
No
0
No
0
No
0
No
0
Yes
45 15
45 16
45 17
45 18
45 19
45 20
45 21
45 22
45 23
46 15
46 16
46 17
46 18
46 19
46 20
46 21
46 22
46 23
47 15
47 16
47 17
47 18
47 19
47 20
47 21
47 22
47 23
48 15
48 16
48 17
48 18
48 19
48 20
48 21
48 22
48 23
49 15
49 16
49 17
49 18
49 19
49 20
49 21
0
Yes
3 0
3 1
3 2
4 0
4 1
4 2
5 0
5 1
5 2
6 0
6 1
6 2
7 0
0
Yes
29 5
29 6
30 5
30 6
31 5
0
Yes
13 0
13 1
13 2
13 3
13 4
13 5
14 0
14 1
14 2
14 3
14 4
14 5
15 0
15 1
15 2
15 3
15 4
15 5
16 0
16 1
16 2
16 3
16 4
16 5
17 0
17 1
17 2
17 3
17 4
17 5
18 0
18 1
18 2
18 3
18 4
18 5
19 0
19 1
19 2
19 3
19 4
19 5
20 0
0
No
0
No
0
Yes
12 27
12 28
13 27
13 28
14 27
0
No
3
711
13 8
13 9
13 10
14 8
14 9
14 10
15 8
15 9
15 10
736
45 25
45 26
45 27
45 28
45 29
45 30
45 31
45 32
46 25
46 26
46 27
46 28
46 29
46 30
46 31
46 32
47 25
47 26
47 27
47 28
47 29
47 30
47 31
47 32
48 25
48 26
48 27
48 28
48 29
48 30
48 31
48 32
49 25
49 26
49 27
49 28
49 29
49 30
671
40 17
40 18
40 19
40 20
40 21
40 22
40 23
41 17
41 18
41 19
41 20
41 21
41 22
41 23
42 17
42 18
42 19
42 20
42 21
42 22
42 23
43 17
43 18
43 19
43 20
43 21
43 22
43 23
44 17
44 18
44 19
44 20
44 21
44 22
44 23
45 17
45 18
45 19
45 20
45 21
45 22
45 23
46 17
46 18
46 19
46 20
46 21
46 22
46 23
47 17
47 18
47 19
47 20
47 21
47 22
47 23
48 17
48 18
48 19
48 20
48 21
48 22
48 23
49 17
49 18
Yes
26 18
26 19
26 20
26 21
26 22
26 23
26 24
26 25
26 26
27 18
27 19
27 20
27 21
27 22
27 23
27 24
27 25
27 26
28 18
28 19
28 20
28 21
28 22
28 23
28 24
28 25
28 26
29 18
29 19
29 20
29 21
29 22
29 23
29 24
29 25
29 26
30 18
30 19
30 20
30 21
30 22
30 23
30 24
30 25
30 26
31 18
31 19
31 20
31 21
31 22
31 23
31 24
31 25
31 26
32 18
32 19
32 20
32 21
32 22
32 23
32 24
32 25
32 26
33 18
33 19
33 20
33 21
33 22
33 23
33 24
33 25
33 26
34 18
34 19
34 20
34 21
34 22
34 23
34 24
34 25
34 26
35 18
35 19
35 20
35 21
35 22
35 23
35 24
35 25
35 26
36 18
36 19
36 20
36 21
36 22
36 23
36 24
36 25
36 26
37 18
37 19
37 20
37 21
37 22
37 23
37 24
37 25
37 26
38 18
38 19
38 20
38 21
38 22
38 23
38 24
38 25
38 26
39 18
39 19
39 20
39 21
39 22
39 23
39 24
39 25
0
Yes
39 26
39 27
39 28
40 26
40 27
0
No
0
Yes
12 14
12 15
12 16
12 17
12 18
12 19
13 14
13 15
13 16
13 17
13 18
13 19
14 14
14 15
14 16
14 17
14 18
14 19
15 14
15 15
15 16
15 17
15 18
0
No
0
Yes
32 14
32 15
33 14
33 15
31 14
31 15
32 13
32 16
33 13
33 16
34 14
34 15
31 13
31 16
34 13
34 16
30 14
30 15
32 12
32 17
33 12
33 17
35 14
35 15
30 13
30 16
31 12
31 17
34 17
35 13
35 16
29 14
29 15
30 12
30 17
35 17
29 16
31 11
29 17
30 11
0
No
0
Yes
37 42
37 43
38 42
38 43
39 42
39 43
40 42
0
No
0
No
0
Yes
22 44
22 45
21 44
21 45
23 44
23 45
22 43
22 46
21 43
21 46
23 43
23 46
20 44
20 45
24 44
24 45
20 43
20 46
22 42
22 47
24 43
24 46
21 42
21 47
23 42
23 47
19 44
19 45
25 44
25 45
20 42
20 47
24 42
24 47
19 43
19 46
25 43
25 46
22 41
22 48
21 41
21 48
23 41
23 48
19 42
19 47
25 42
25 47
20 41
20 48
24 41
24 48
26 44
26 45
18 43
26 43
26 46
22 40
22 49
19 41
19 48
21 40
21 49
23 40
23 49
25 41
25 48
18 42
18 47
26 42
26 47
20 40
20 49
24 40
24 49
17 43
18 41
18 48
26 41
26 48
19 40
19 49
25 40
25 49
22 39
17 42
21 39
23 39
20 39
24 39
18 40
18 49
26 40
26 49
17 41
19 39
25 39
17 40
18 39
0
No
0
Yes
45 28
45 29
45 30
45 31
45 32
46 28
46 29
46 30
46 31
46 32
47 28
47 29
47 30
47 31
47 32
48 28
48 29
48 30
48 31
48 32
49 28
49 29
49 30
49 31
49 32
0
No
0
No
0
Yes
27 48
27 49
28 48
28 49
29 48
29 49
30 48
0
No
0
No
0
No
0
No
0
Yes
5 45
4 45
4 44
5 44
4 46
5 46
6 44
6 45
6 46
5 43
4 43
6 43
5 47
4 47
6 47
7 45
7 44
7 46
7 43
7 47
3 44
3 45
3 46
3 43
3 47
2 45
2 44
2 46
2 43
2 47
4 42
5 42
6 42
3 42
7 42
2 42
4 48
5 48
6 48
3 48
7 48
2 48
8 44
8 45
8 46
8 43
8 47
8 42
8 48
5 49
4 49
6 49
3 49
7 49
2 49
8 49
9 45
9 44
9 46
9 43
9 47
9 48
9 42
9 49
1 44
1 45
1 46
1 43
1 47
1 48
1 42
1 49
6 41
7 41
8 41
9 41
3 41
4 41
2 41
1 41
0 45
0 44
0 46
0 43
0 47
0 42
0 48
0 41
0 49
4 40
3 40
2 40
1 40
0 40
10 44
10 45
10 46
10 43
10 47
10 42
10 48
10 49
7 40
11 45
11 44
11 46
11 43
11 47
11 48
11 42
11 49
2 39
1 39
0 39
11 41
12 43
12 42
12 41
1 38
2 38
0 38
2 37
1 37
0 37
3 37
13 42
13 43
13 41
12 40
13 40
14 43
14 42
1 36
2 36
0 36
15 42
15 43
0
Yes
32 27
32 28
32 29
32 30
33 27
33 28
33 29
33 30
34 27
34 28
34 29
34 30
35 27
35 28
35 29
35 30
36 27
36 28
36 29
0
No
0
Yes
0 7
0 8
1 7
1 8
2 7
0
No
0
Yes
49 9
48 9
48 10
49 10
49 11
48 11
47 10
47 9
47 11
46 9
46 10
46 11
48 12
47 12
49 12
46 12
49 13
48 13
47 13
46 13
45 10
45 11
45 12
45 9
45 13
44 9
44 10
44 11
44 12
44 13
48 14
47 14
46 14
45 14
49 14
44 14
49 15
48 15
47 15
46 15
45 15
44 15
43 10
43 11
43 12
43 13
43 14
43 9
43 15
42 9
42 10
42 11
42 12
42 13
42 14
42 15
48 16
47 16
46 16
45 16
44 16
43 16
49 16
42 16
41 10
41 11
41 12
41 13
41 14
41 15
41 9
41 16
40 9
40 10
40 11
40 8
39 8
39 9
39 10
39 11
39 7
40 7
40 6
39 6
39 5
40 5
40 4
39 4
38 9
38 8
38 10
38 7
38 6
38 5
38 11
38 4
40 16
39 3
40 3
38 3
40 2
39 2
38 2
37 8
37 10
37 5
37 4
37 3
37 2
39 1
38 1
40 1
37 1
0
Yes
10 4
9 4
9 5
10 3
11 3
11 4
12 4
12 3
11 2
10 2
12 2
9 2
12 5
10 1
11 1
9 1
12 1
8 1
9 0
10 0
11 0
8 0
12 0
7 0
12 6
11 6
13 6
13 7
12 7
12 8
13 8
14 8
13 9
12 9
14 9
12 10
13 10
14 10
11 10
11 11
12 11
13 11
14 11
10 11
10 10
10 9
15 9
15 10
15 8
12 12
13 12
14 12
13 13
12 13
12 14
13 14
14 14
13 15
12 15
14 15
15 15
15 14
12 16
13 16
14 16
15 16
13 17
14 17
12 17
15 17
12 18
13 18
14 18
15 18
13 19
14 19
12 19
15 19
6 0
6 1
5 1
5 0
5 2
6 2
0
No
0
No
0
No
0
No
0
Yes
13 28
13 29
13 30
13 31
13 32
14 28
14 29
14 30
14 31
14 32
15 28
15 29
15 30
15 31
0
Yes
44 24
44 25
44 26
44 27
45 24
45 25
45 26
45 27
46 24
46 25
46 26
46 27
47 24
47 25
47 26
47 27
48 24
48 25
48 26
48 27
49 24
49 25
49 26
49 27
0
Yes
40 24
40 25
40 26
40 27
41 24
41 25
41 26
41 27
42 24
42 25
42 26
42 27
43 24
43 25
43 26
43 27
0
Yes
29 14
29 15
29 16
29 17
30 14
30 15
30 16
30 17
31 14
31 15
31 16
31 17
32 14
32 15
32 16
32 17
33 14
33 15
33 16
33 17
34 14
34 15
34 16
34 17
0
Yes
20 44
20 45
20 46
20 47
20 48
20 49
21 44
21 45
21 46
21 47
21 48
21 49
22 44
22 45
22 46
22 47
22 48
22 49
23 44
23 45
23 46
23 47
23 48
23 49
24 44
24 45
24 46
24 47
24 48
24 49
25 44
25 45
25 46
25 47
25 48
25 49
26 44
26 45
26 46
26 47
26 48
26 49
27 44
27 45
0
Yes
1 30
1 31
2 30
2 31
3 30
3 31
4 30
4 31
0
Yes
26 38
26 39
27 38
27 39
0
Yes
35 48
35 49
36 48
36 49
37 48
37 49
38 48
38 49
0
No
0
No
0
Yes
20 42
19 42
19 41
20 41
19 43
20 43
21 41
21 42
21 43
20 40
19 40
21 40
22 42
22 41
22 43
22 40
18 41
18 42
18 43
18 40
17 42
17 41
17 43
17 40
19 39
20 39
21 39
18 39
22 39
17 39
23 41
23 42
23 40
23 43
23 39
20 38
19 38
21 38
18 38
17 38
24 42
24 41
24 40
24 43
24 39
16 41
16 42
16 40
16 43
23 38
19 37
18 37
17 37
25 41
25 42
25 40
25 43
25 39
16 38
16 37
26 42
26 41
26 40
26 43
18 36
17 36
19 36
16 36
15 37
15 36
0
Yes
45 47
45 48
46 47
46 48
44 47
44 48
45 46
45 49
46 46
46 49
44 46
44 49
45 45
46 45
43 49
44 45
0
No
0
No
0
No
0
No
0
No
0
No
0
No
0
Yes
30 27
30 28
30 29
30 30
31 27
31 28
31 29
31 30
32 27
32 28
32 29
32 30
33 27
33 28
33 29
33 30
34 27
34 28
34 29
34 30
35 27
35 28
35 29
35 30
36 27
36 28
0
Yes
26 19
26 20
26 21
26 22
26 23
26 24
26 25
26 26
27 19
27 20
27 21
27 22
27 23
27 24
27 25
27 26
28 19
28 20
28 21
28 22
28 23
28 24
28 25
28 26
29 19
29 20
29 21
29 22
29 23
29 24
29 25
29 26
30 19
30 20
30 21
30 22
30 23
30 24
30 25
30 26
31 19
31 20
31 21
31 22
31 23
31 24
31 25
31 26
32 19
32 20
32 21
32 22
32 23
32 24
32 25
32 26
33 19
33 20
33 21
33 22
33 23
33 24
33 25
33 26
34 19
34 20
34 21
34 22
34 23
34 24
34 25
34 26
35 19
35 20
35 21
35 22
35 23
35 24
35 25
35 26
36 19
36 20
36 21
36 22
36 23
36 24
36 25
36 26
37 19
37 20
37 21
37 22
37 23
37 24
37 25
37 26
38 19
38 20
38 21
38 22
38 23
38 24
38 25
38 26
39 19
39 20
39 21
39 22
39 23
39 24
39 25
39 26
0
No
0
No
0
No
0
Yes
0 42
0 43
0 44
0 45
0 46
0 47
0 48
0 49
1 42
1 43
1 44
1 45
1 46
1 47
1 48
1 49
2 42
2 43
2 44
2 45
2 46
2 47
2 48
2 49
3 42
3 43
3 44
3 45
3 46
3 47
3 48
3 49
4 42
4 43
4 44
4 45
4 46
4 47
4 48
0
No
0
No
0
No
0
Yes
0 36
0 37
0 38
0 39
0 40
0 41
1 36
1 37
1 38
1 39
1 40
1 41
2 36
2 37
2 38
2 39
2 40
2 41
0
No
0
Yes
5 43
5 44
5 45
5 46
5 47
5 48
5 49
6 43
6 44
6 45
6 46
6 47
6 48
6 49
7 43
7 44
7 45
7 46
7 47
7 48
7 49
8 43
8 44
8 45
8 46
8 47
8 48
8 49
9 43
9 44
9 45
9 46
9 47
9 48
9 49
10 43
10 44
10 45
10 46
10 47
10 48
10 49
11 43
11 44
11 45
11 46
0
Yes
19 49
18 49
18 48
19 48
19 47
18 47
17 48
17 49
17 47
16 49
16 48
16 47
18 46
17 46
19 46
16 46
19 45
18 45
17 45
16 45
15 48
15 47
15 46
15 49
15 45
14 49
14 48
14 47
14 46
14 45
18 44
17 44
16 44
15 44
19 44
14 44
13 48
13 47
13 46
13 45
13 49
13 44
12 49
12 48
12 47
12 46
12 45
12 44
15 43
14 43
13 43
12 43
11 48
11 47
11 49
14 42
13 42
15 42
12 42
15 41
13 41
12 41
0
Yes
0 0
0 1
1 0
1 1
2 0
2 1
0
No
0
No
0
No
0
Yes
11 47
11 48
11 49
12 47
12 48
12 49
13 47
13 48
13 49
14 47
14 48
14 49
15 47
15 48
15 49
16 47
16 48
16 49
17 47
17 48
17 49
0
No
0
Yes
41 17
41 18
41 19
41 20
41 21
41 22
41 23
42 17
42 18
42 19
42 20
42 21
42 22
42 23
43 17
43 18
43 19
43 20
43 21
43 22
43 23
44 17
44 18
44 19
44 20
44 21
44 22
44 23
45 17
45 18
45 19
45 20
45 21
45 22
45 23
46 17
46 18
46 19
46 20
46 21
46 22
46 23
47 17
47 18
47 19
47 20
47 21
47 22
47 23
48 17
48 18
48 19
48 20
48 21
48 22
48 23
49 17
49 18
49 19
49 20
49 21
0
No
0
No
0
No
0
No
0
Yes
44 46
44 47
44 48
44 49
45 46
45 47
45 48
45 49
46 46
46 47
46 48
46 49
47 46
47 47
47 48
47 49
48 46
48 47
48 48
48 49
49 46
49 47
49 48
0
No
0
No
0
Yes
46 21
46 22
46 23
46 24
46 25
46 26
46 27
47 21
47 22
47 23
47 24
47 25
47 26
47 27
48 21
48 22
48 23
48 24
48 25
48 26
48 27
49 21
49 22
49 23
49 24
49 25
49 26
49 27
0
Yes
18 44
18 45
18 46
18 47
18 48
18 49
19 44
19 45
19 46
19 47
19 48
19 49
20 44
20 45
20 46
20 47
20 48
20 49
21 44
21 45
21 46
21 47
21 48
21 49
22 44
22 45
22 46
22 47
22 48
22 49
0
Yes
41 0
41 1
41 2
41 3
41 4
41 5
41 6
41 7
41 8
42 0
42 1
42 2
42 3
42 4
42 5
42 6
42 7
42 8
43 0
43 1
43 2
43 3
43 4
43 5
43 6
43 7
43 8
44 0
44 1
44 2
44 3
44 4
44 5
44 6
44 7
44 8
45 0
45 1
45 2
45 3
45 4
45 5
45 6
45 7
45 8
46 0
46 1
46 2
46 3
46 4
46 5
46 6
46 7
46 8
47 0
47 1
47 2
47 3
47 4
47 5
47 6
47 7
47 8
48 0
48 1
48 2
48 3
48 4
48 5
48 6
48 7
48 8
49 0
0
No
0
Yes
40 17
40 18
40 19
40 20
40 21
40 22
40 23
41 17
41 18
41 19
41 20
41 21
41 22
41 23
42 17
42 18
42 19
42 20
42 21
42 22
42 23
43 17
43 18
43 19
43 20
43 21
43 22
43 23
44 17
44 18
44 19
44 20
44 21
44 22
44 23
45 17
45 18
45 19
45 20
45 21
45 22
45 23
46 17
46 18
0
No
0
No
0
Yes
30 18
29 18
29 17
30 17
31 17
31 18
30 16
29 16
31 16
32 18
32 17
32 16
29 15
30 15
31 15
32 15
33 17
33 16
33 18
33 15
30 14
31 14
32 14
29 14
33 14
34 18
34 17
34 16
34 15
34 14
28 14
31 13
30 13
32 13
33 13
34 13
35 17
35 16
35 15
35 14
35 18
35 13
30 12
31 12
32 12
33 12
36 18
31 11
30 11
29 11
28 18
27 18
27 17
26 18
0
Yes
11 6
12 6
12 5
12 7
13 7
13 6
13 8
12 8
12 9
13 9
14 8
14 9
13 10
12 10
14 10
11 10
11 11
12 11
13 11
14 11
15 9
15 10
15 8
10 11
10 10
10 9
12 12
13 12
14 12
13 13
12 13
12 14
13 14
14 14
13 15
12 15
14 15
15 15
15 14
12 16
13 16
14 16
15 16
13 17
14 17
12 17
15 17
12 18
13 18
14 18
15 18
13 19
14 19
12 19
15 19
12 4
11 4
11 3
12 3
0
Yes
26 47
27 47
26 46
26 48
27 48
25 47
28 47
25 46
25 48
28 48
26 45
26 49
27 45
27 49
24 47
25 45
25 49
28 49
24 46
24 48
29 48
26 44
27 44
24 45
24 49
29 49
25 44
28 44
23 47
23 46
23 48
24 44
23 45
23 49
0
No
0
Yes
32 27
32 28
32 29
32 30
33 27
33 28
33 29
33 30
34 27
34 28
34 29
34 30
35 27
35 28
35 29
35 30
36 27
36 28
36 29
0
Yes
15 44
15 45
14 44
14 45
16 44
16 45
15 43
15 46
14 43
14 46
16 46
13 44
13 45
17 44
17 45
13 43
13 46
15 42
17 46
14 42
12 44
12 45
13 42
12 43
12 46
0
No
0
No
0
No
0
No
0
No
0
Yes
26 47
25 47
26 46
26 48
27 47
25 46
25 48
27 48
24 47
26 45
26 49
28 47
24 46
24 48
25 45
25 49
27 45
27 49
28 48
24 45
24 49
28 49
23 47
26 44
23 46
23 48
25 44
27 44
23 45
23 49
24 44
28 44
23 44
0
Yes
3 0
3 1
3 2
4 0
4 1
4 2
5 0
5 1
5 2
6 0
6 1
6 2
7 0
0
Yes
6 13
6 14
6 15
6 16
6 17
6 18
6 19
6 20
7 13
7 14
7 15
7 16
7 17
7 18
7 19
7 20
8 13
8 14
8 15
8 16
8 17
8 18
8 19
8 20
9 13
9 14
9 15
9 16
9 17
9 18
9 19
9 20
10 13
10 14
10 15
10 16
10 17
0
Yes
16 23
15 23
15 22
16 22
16 21
15 21
14 22
14 23
14 21
14 24
17 21
13 23
13 22
13 24
13 21
15 20
16 20
14 20
17 20
13 20
13 25
18 20
16 19
17 19
18 19
12 22
12 23
12 24
12 21
12 25
12 20
11 23
11 22
11 24
11 21
11 25
11 20
12 26
13 26
11 26
13 27
12 27
14 27
19 19
17 18
18 18
16 18
19 18
14 28
13 28
12 28
15 28
16 17
17 17
18 17
19 17
10 22
10 23
10 24
10 21
10 25
10 20
15 29
14 29
13 29
0
No
0
No
0
Yes
0 41
0 40
1 40
1 41
1 42
0 42
0 43
1 43
2 41
2 42
2 40
2 43
1 39
0 39
2 39
0 38
1 38
2 38
1 44
0 44
2 44
3 40
3 41
3 42
3 43
3 44
0 45
1 45
2 45
3 45
4 41
4 42
4 43
4 44
4 40
4 45
1 37
0 37
2 37
4 39
0 36
1 36
2 36
3 37
1 46
2 46
3 46
0 46
4 46
5 42
0 47
1 47
2 47
3 47
4 47
1 48
2 48
3 48
0 48
4 48
0 49
1 49
2 49
3 49
4 49
6 42
6 41
7 41
7 42
7 40
8 42
8 41
9 41
9 42
10 42
11 42
11 41
12 41
12 42
12 40
12 43
13 40
13 41
13 42
13 43
13 44
12 44
12 45
13 45
13 46
12 46
14 42
14 43
14 44
14 45
14 46
15 43
15 44
15 45
15 42
15 46
15 41
16 44
16 45
16 46
0
Yes
4 13
4 14
4 15
4 16
4 17
5 13
5 14
5 15
5 16
5 17
0
No
0
Yes
15 3
16 3
15 2
15 4
16 2
16 4
14 3
17 3
14 2
14 4
17 2
17 4
15 1
15 5
16 1
16 5
13 3
14 1
14 5
17 1
17 5
18 3
13 2
13 4
18 2
18 4
15 0
16 0
13 1
13 5
18 1
18 5
14 0
17 0
19 3
12 2
19 2
19 4
13 0
18 0
12 1
19 1
19 5
20 3
11 2
12 0
19 0
20 2
20 4
11 1
20 1
11 0
20 0
10 2
0
Yes
17 14
17 15
16 15
18 15
16 16
17 16
18 16
19 16
17 17
18 17
16 17
19 17
16 18
17 18
18 18
19 18
20 17
20 18
17 19
18 19
19 19
16 19
20 19
21 18
21 17
21 19
21 16
22 16
22 17
22 18
22 19
16 20
17 20
18 20
15 20
20 20
17 21
16 21
15 21
23 18
23 19
14 21
14 20
13 20
13 21
22 20
23 20
16 22
15 22
14 22
13 22
12 21
12 20
12 22
11 20
11 21
11 22
11 19
10 19
10 20
10 21
10 22
10 18
11 18
11 17
24 19
24 20
15 23
14 23
13 23
12 23
11 23
16 23
10 23
23 21
22 21
24 21
25 20
25 19
25 21
14 24
13 24
12 24
11 24
10 24
24 22
23 22
25 22
9 22
9 23
13 25
12 25
11 25
10 25
0
Yes
47 24
46 24
47 23
47 25
48 24
46 23
46 25
48 23
48 25
45 24
47 22
47 26
49 24
45 25
46 22
46 26
48 22
48 26
49 23
49 25
45 26
49 22
49 26
44 24
47 21
47 27
44 25
46 21
46 27
48 21
48 27
44 26
45 27
49 21
49 27
47 20
46 20
48 20
0
No
0
No
0
Yes
0 7
0 8
1 7
1 8
2 7
0
No
0
No
0
No
2
850
36 12
36 13
36 14
36 15
36 16
37 12
37 13
37 14
37 15
37 16
38 12
38 13
38 14
38 15
38 16
39 12
39 13
39 14
39 15
39 16
40 12
40 13
40 14
698
31 27
31 28
31 29
31 30
32 27
32 28
32 29
32 30
33 27
33 28
33 29
33 30
34 27
34 28
34 29
34 30
35 27
35 28
35 29
35 30
36 27
36 28
36 29
Yes
44 43
44 44
44 45
44 46
44 47
44 48
45 43
45 44
45 45
45 46
45 47
45 48
46 43
46 44
46 45
46 46
46 47
46 48
47 43
47 44
47 45
47 46
47 47
47 48
48 43
48 44
48 45
48 46
48 47
48 48
49 43
49 44
49 45
49 46
49 47
49 48
0
No
0
No
0
Yes
11 4
10 4
10 3
11 3
12 3
12 4
12 5
11 2
10 2
12 2
13 4
13 3
13 5
13 2
9 2
13 6
12 6
11 6
10 1
11 1
12 1
9 1
13 1
12 7
13 7
14 3
14 4
14 5
14 2
14 1
11 0
10 0
12 0
13 0
9 0
14 0
15 4
15 3
15 2
15 1
15 5
15 0
8 1
8 0
13 8
12 8
15 6
14 8
12 9
13 9
14 9
16 3
16 4
16 5
16 2
16 1
16 0
17 4
17 3
17 2
17 1
17 5
17 0
13 10
12 10
14 10
11 10
17 6
15 9
15 8
15 10
11 11
12 11
13 11
14 11
10 11
10 10
10 9
18 3
18 4
18 5
18 2
18 1
18 6
18 0
19 4
19 3
19 5
19 2
19 1
19 0
10 12
11 12
12 12
13 12
14 12
9 12
11 13
12 13
13 13
20 3
20 4
20 2
20 1
20 0
12 14
11 14
13 14
14 14
11 15
12 15
13 15
14 15
15 15
15 14
12 16
13 16
14 16
11 16
0
Yes
0 36
0 37
0 38
0 39
0 40
0 41
1 36
1 37
1 38
1 39
1 40
1 41
2 36
2 37
2 38
2 39
2 40
2 41
0
No
0
Yes
2 45
2 46
3 45
3 46
1 45
1 46
2 44
2 47
3 44
3 47
4 45
4 46
1 44
1 47
4 44
4 47
0 45
0 46
2 43
2 48
3 43
3 48
0 44
0 47
1 43
1 48
4 43
4 48
0 43
0 48
2 42
2 49
3 42
3 49
1 42
1 49
4 42
4 49
0 42
0 49
3 41
4 41
0
No
0
No
0
Yes
19 43
18 43
18 42
19 42
20 42
20 43
19 41
18 41
20 41
21 43
21 42
21 41
17 42
17 43
17 41
17 44
16 43
16 42
16 44
16 41
18 40
19 40
20 40
17 40
21 40
16 40
22 42
22 41
22 43
22 40
16 45
17 45
17 46
16 46
19 39
18 39
20 39
17 39
21 39
22 39
23 43
23 42
23 41
23 40
23 39
15 42
15 43
15 44
15 41
15 45
15 46
14 43
14 42
14 44
14 45
14 46
18 38
19 38
20 38
21 38
17 38
24 42
24 41
24 40
24 43
24 39
16 38
19 37
18 37
17 37
16 37
25 43
25 42
25 41
25 40
25 39
13 42
13 43
13 44
13 45
13 46
13 41
23 38
12 43
12 42
12 44
12 45
12 41
12 46
18 36
17 36
19 36
16 36
26 42
26 41
26 40
26 43
0
No
0
No
0
No
0
No
0
No
0
Yes
4 17
4 16
3 16
5 16
5 17
6 17
6 16
3 15
4 15
5 15
6 15
6 18
2 15
2 16
2 17
1 17
1 16
1 15
4 14
3 14
5 14
2 14
6 14
1 14
1 18
2 18
2 19
1 19
7 16
7 17
7 15
7 18
7 14
7 19
6 19
5 19
5 20
6 20
7 20
8 17
8 16
8 18
8 15
8 19
8 14
8 20
0 16
0 17
0 18
0 15
0 19
0 14
3 13
4 13
5 13
2 13
6 13
1 13
7 13
0 13
8 13
0 20
4 12
3 12
5 12
9 16
9 17
9 18
9 15
9 19
9 14
9 20
9 13
7 12
8 12
10 17
10 16
10 15
10 14
10 13
3 11
4 11
0 12
0
No
0
Yes
9 5
9 4
10 4
10 3
11 3
11 4
12 4
12 3
12 5
11 2
10 2
12 2
9 2
9 1
10 1
11 1
12 1
13 5
13 4
13 3
13 2
13 1
8 1
13 6
12 6
11 6
12 7
13 7
13 8
12 8
12 9
13 9
8 0
9 0
10 0
11 0
12 0
13 0
14 4
14 5
14 3
14 2
14 1
14 0
7 0
14 8
14 9
15 5
15 4
15 3
15 2
15 1
15 0
15 6
13 10
12 10
14 10
11 10
11 11
12 11
13 11
14 11
10 11
10 10
10 9
10 12
11 12
12 12
13 12
14 12
9 12
16 4
16 5
16 3
16 2
16 1
16 0
15 9
15 10
15 8
17 5
17 4
17 3
17 2
17 1
17 0
17 6
11 13
12 13
13 13
18 4
18 5
18 3
18 2
18 1
18 6
18 0
12 14
11 14
13 14
19 5
19 4
19 3
19 2
19 1
19 0
11 15
12 15
13 15
14 14
14 15
20 4
20 3
20 2
20 1
20 0
12 16
13 16
11 16
14 16
15 15
15 14
15 16
13 17
12 17
14 17
15 17
12 18
13 18
14 18
15 18
13 19
14 19
12 19
15 19
6 0
6 1
5 1
5 0
5 2
6 2
4 2
4 1
4 0
2
843
45 28
45 29
45 30
45 31
45 32
46 28
46 29
46 30
46 31
46 32
47 28
47 29
47 30
47 31
47 32
48 28
48 29
48 30
48 31
48 32
49 28
895
44 43
44 44
44 45
44 46
44 47
44 48
44 49
45 43
45 44
45 45
45 46
45 47
45 48
45 49
46 43
46 44
46 45
46 46
46 47
46 48
46 49
47 43
47 44
47 45
47 46
47 47
47 48
47 49
48 43
48 44
48 45
48 46
48 47
48 48
48 49
49 43
49 44
49 45
49 46
49 47
49 48
49 49
Yes
0 42
0 43
0 44
0 45
0 46
0 47
0 48
0 49
1 42
1 43
1 44
1 45
1 46
1 47
1 48
1 49
2 42
2 43
2 44
2 45
2 46
2 47
2 48
2 49
3 42
3 43
3 44
3 45
3 46
3 47
3 48
3 49
4 42
4 43
4 44
4 45
4 46
4 47
4 48
4 49
5 42
5 43
5 44
5 45
5 46
5 47
5 48
5 49
6 42
6 43
6 44
6 45
6 46
6 47
6 48
6 49
7 42
7 43
7 44
7 45
7 46
7 47
7 48
7 49
8 42
8 43
8 44
8 45
8 46
8 47
8 48
8 49
9 42
9 43
9 44
9 45
9 46
9 47
9 48
9 49
10 42
10 43
10 44
10 45
10 46
10 47
10 48
10 49
11 42
11 43
11 44
11 45
11 46
11 47
11 48
0
Yes
0 0
0 1
1 0
1 1
2 0
2 1
0
No
0
No
0
Yes
0 36
0 37
0 38
0 39
0 40
0 41
1 36
1 37
1 38
1 39
1 40
1 41
2 36
2 37
2 38
2 39
2 40
0
Yes
44 43
44 44
44 45
44 46
44 47
44 48
44 49
45 43
45 44
45 45
45 46
45 47
45 48
45 49
46 43
46 44
46 45
46 46
46 47
46 48
46 49
47 43
47 44
47 45
47 46
47 47
47 48
47 49
48 43
48 44
48 45
48 46
48 47
48 48
48 49
49 43
49 44
49 45
0
Yes
44 17
44 18
44 19
44 20
44 21
44 22
44 23
44 24
45 17
45 18
45 19
45 20
45 21
45 22
45 23
45 24
46 17
46 18
46 19
46 20
46 21
46 22
46 23
46 24
47 17
47 18
47 19
47 20
47 21
47 22
47 23
47 24
48 17
48 18
48 19
48 20
48 21
48 22
48 23
48 24
49 17
49 18
49 19
49 20
49 21
49 22
0
Yes
44 0
44 1
44 2
44 3
44 4
44 5
44 6
44 7
44 8
45 0
45 1
45 2
45 3
45 4
45 5
45 6
45 7
45 8
46 0
46 1
46 2
46 3
46 4
46 5
46 6
46 7
46 8
47 0
47 1
47 2
47 3
47 4
47 5
47 6
47 7
47 8
48 0
48 1
48 2
48 3
48 4
48 5
48 6
48 7
48 8
49 0
49 1
49 2
49 3
49 4
49 5
49 6
49 7
0
Yes
22 46
21 46
21 45
22 45
21 47
22 47
22 44
21 44
22 48
21 48
20 45
20 46
20 47
20 44
20 48
19 46
19 45
19 47
19 44
19 48
21 43
20 43
22 43
19 43
21 49
20 49
22 49
19 49
23 43
22 42
21 42
20 42
23 42
19 42
18 45
18 46
18 47
18 44
18 48
18 43
18 49
18 42
24 42
24 43
25 43
25 42
17 46
17 45
17 47
17 44
17 48
17 43
17 49
17 42
21 41
22 41
23 41
20 41
24 41
19 41
18 41
25 41
17 41
26 42
26 43
26 41
22 40
21 40
23 40
20 40
24 40
19 40
25 40
18 40
26 40
17 40
16 45
16 46
16 47
16 44
16 48
16 43
16 42
16 41
16 49
16 40
15 46
15 45
15 47
15 44
15 48
15 43
15 42
15 41
15 49
21 39
22 39
23 39
20 39
24 39
19 39
25 39
18 39
17 39
26 39
27 41
14 45
14 46
14 47
14 44
14 48
14 43
14 42
14 49
23 38
20 38
21 38
19 38
18 38
17 38
27 39
26 38
27 38
13 46
13 45
13 47
13 44
13 48
13 43
13 49
13 42
19 37
18 37
17 37
16 38
16 37
12 45
12 46
12 47
12 44
12 48
12 43
12 49
0
No
0
Yes
12 31
12 32
12 33
13 31
13 32
13 33
14 31
14 32
14 33
15 31
0
Yes
32 32
32 31
31 31
33 31
33 32
33 33
32 33
31 33
32 34
31 34
33 34
34 32
34 33
34 31
34 34
31 30
32 30
33 30
34 30
30 30
32 29
31 29
33 29
30 29
34 29
31 35
32 35
33 35
34 35
35 31
35 32
35 33
35 30
35 29
32 36
33 36
31 36
34 36
31 28
32 28
33 28
34 28
30 28
35 28
36 30
36 31
36 29
36 28
29 28
32 27
31 27
33 27
30 27
34 27
35 27
29 27
36 27
31 37
32 37
0
No
0
No
0
Yes
5 23
5 24
6 23
6 24
7 23
7 24
8 23
0
No
0
Yes
26 18
26 19
26 20
26 21
26 22
26 23
26 24
26 25
26 26
27 18
27 19
27 20
27 21
27 22
27 23
27 24
27 25
27 26
28 18
28 19
28 20
28 21
28 22
28 23
28 24
28 25
28 26
29 18
29 19
29 20
29 21
29 22
29 23
29 24
29 25
29 26
30 18
30 19
30 20
30 21
30 22
30 23
30 24
30 25
30 26
31 18
31 19
31 20
31 21
31 22
31 23
31 24
31 25
31 26
32 18
32 19
32 20
32 21
32 22
32 23
32 24
32 25
32 26
33 18
33 19
33 20
33 21
33 22
33 23
33 24
33 25
33 26
34 18
34 19
34 20
34 21
34 22
34 23
34 24
34 25
34 26
35 18
35 19
35 20
35 21
35 22
35 23
35 24
35 25
35 26
36 18
36 19
36 20
36 21
36 22
36 23
36 24
36 25
36 26
37 18
37 19
37 20
37 21
37 22
37 23
37 24
37 25
37 26
38 18
38 19
38 20
38 21
38 22
38 23
38 24
38 25
38 26
39 18
39 19
39 20
39 21
39 22
39 23
39 24
39 25
39 26
40 18
40 19
40 20
40 21
40 22
40 23
0
Yes
41 17
41 18
41 19
41 20
41 21
41 22
41 23
42 17
42 18
42 19
42 20
42 21
42 22
42 23
43 17
43 18
43 19
43 20
43 21
43 22
43 23
0
No
0
Yes
20 44
20 45
21 44
21 45
19 44
19 45
20 43
20 46
21 43
21 46
22 44
22 45
19 43
19 46
22 43
22 46
18 44
18 45
20 42
20 47
21 42
21 47
23 44
23 45
18 43
18 46
19 42
19 47
22 42
22 47
23 43
23 46
17 44
17 45
18 42
18 47
20 41
20 48
21 41
21 48
23 42
23 47
24 44
24 45
17 43
17 46
19 41
19 48
22 41
22 48
24 43
24 46
17 42
17 47
18 41
18 48
23 41
23 48
24 42
24 47
16 44
16 45
20 40
20 49
21 40
21 49
25 44
25 45
16 43
16 46
19 40
19 49
22 40
22 49
25 43
25 46
17 41
17 48
24 41
24 48
16 42
16 47
18 40
18 49
23 40
23 49
25 42
25 47
15 44
15 45
20 39
21 39
26 44
26 45
15 43
15 46
16 41
16 48
17 40
17 49
19 39
22 39
24 40
24 49
25 41
25 48
26 43
26 46
15 42
15 47
18 39
23 39
26 42
26 47
16 40
16 49
25 40
25 49
14 44
14 45
15 41
15 48
17 39
24 39
26 41
26 48
14 43
14 46
14 42
14 47
15 49
25 39
26 40
26 49
14 48
26 39
0
Yes
28 0
28 1
28 2
29 0
29 1
29 2
30 0
30 1
30 2
31 0
31 1
31 2
0
Yes
41 0
41 1
41 2
41 3
41 4
41 5
41 6
41 7
41 8
42 0
42 1
42 2
42 3
42 4
42 5
42 6
42 7
42 8
43 0
43 1
43 2
43 3
43 4
43 5
43 6
43 7
43 8
44 0
44 1
44 2
44 3
44 4
44 5
44 6
44 7
44 8
45 0
45 1
45 2
45 3
45 4
45 5
45 6
45 7
45 8
46 0
46 1
46 2
46 3
46 4
46 5
46 6
46 7
46 8
47 0
47 1
47 2
47 3
47 4
47 5
47 6
47 7
47 8
48 0
48 1
48 2
48 3
48 4
48 5
48 6
48 7
48 8
49 0
49 1
49 2
49 3
49 4
49 5
49 6
49 7
49 8
0
No
0
No
0
No
0
Yes
21 0
21 1
21 2
21 3
21 4
21 5
22 0
22 1
22 2
22 3
22 4
22 5
23 0
23 1
23 2
23 3
23 4
23 5
24 0
24 1
24 2
24 3
24 4
24 5
25 0
25 1
25 2
25 3
25 4
25 5
26 0
0
Yes
44 47
44 48
44 49
45 47
45 48
45 49
46 47
46 48
46 49
47 47
47 48
47 49
48 47
48 48
48 49
49 47
49 48
49 49
0
Yes
0 42
0 43
0 44
0 45
0 46
0 47
0 48
0 49
1 42
1 43
1 44
1 45
1 46
1 47
1 48
1 49
2 42
2 43
2 44
2 45
2 46
2 47
2 48
2 49
3 42
3 43
3 44
3 45
3 46
3 47
3 48
3 49
4 42
4 43
4 44
4 45
4 46
4 47
4 48
4 49
5 42
5 43
5 44
5 45
5 46
5 47
5 48
5 49
6 42
6 43
6 44
6 45
6 46
6 47
6 48
0
No
0
Yes
39 47
39 48
39 49
40 47
40 48
40 49
41 47
41 48
41 49
42 47
42 48
42 49
0
Yes
7 43
7 44
7 45
7 46
7 47
7 48
7 49
8 43
8 44
8 45
8 46
8 47
8 48
8 49
9 43
9 44
9 45
9 46
9 47
9 48
9 49
10 43
10 44
10 45
10 46
10 47
10 48
10 49
11 43
11 44
11 45
11 46
11 47
11 48
11 49
12 43
12 44
12 45
12 46
12 47
12 48
12 49
13 43
13 44
13 45
13 46
0
No
0
Yes
7 42
7 43
7 44
7 45
7 46
7 47
7 48
7 49
8 42
8 43
8 44
8 45
8 46
8 47
8 48
8 49
9 42
9 43
9 44
9 45
9 46
9 47
9 48
9 49
10 42
10 43
10 44
10 45
10 46
10 47
10 48
10 49
11 42
11 43
11 44
11 45
11 46
11 47
11 48
11 49
12 42
12 43
12 44
12 45
12 46
12 47
12 48
12 49
0
Yes
21 44
21 45
20 44
20 45
22 44
22 45
21 43
21 46
20 43
20 46
22 43
22 46
19 44
19 45
23 44
23 45
19 43
19 46
21 42
21 47
23 43
23 46
20 42
20 47
22 42
22 47
18 44
18 45
24 44
24 45
19 42
19 47
23 42
23 47
18 43
18 46
24 43
24 46
21 41
21 48
20 41
20 48
22 41
22 48
18 42
18 47
24 42
24 47
17 44
17 45
19 41
19 48
23 41
23 48
25 44
25 45
17 43
17 46
25 43
25 46
21 40
21 49
18 41
18 48
20 40
20 49
22 40
22 49
24 41
24 48
17 42
17 47
25 42
25 47
19 40
19 49
23 40
23 49
16 44
16 45
26 44
26 45
16 43
16 46
26 43
26 46
17 41
17 48
25 41
25 48
18 40
18 49
24 40
24 49
21 39
16 42
16 47
20 39
22 39
26 42
26 47
19 39
23 39
15 44
15 45
17 40
17 49
25 40
25 49
16 41
16 48
26 41
26 48
15 43
15 46
18 39
24 39
15 42
15 47
16 40
16 49
26 40
26 49
17 39
25 39
15 41
15 48
26 39
0
No
0
Yes
44 17
44 18
44 19
44 20
44 21
44 22
44 23
44 24
44 25
44 26
44 27
44 28
44 29
45 17
45 18
45 19
45 20
45 21
45 22
45 23
45 24
45 25
45 26
45 27
45 28
45 29
46 17
46 18
46 19
46 20
46 21
46 22
46 23
46 24
46 25
46 26
46 27
46 28
46 29
47 17
47 18
47 19
47 20
47 21
47 22
47 23
47 24
47 25
47 26
47 27
47 28
47 29
48 17
48 18
48 19
48 20
48 21
48 22
48 23
48 24
48 25
48 26
48 27
48 28
48 29
49 17
49 18
49 19
49 20
49 21
49 22
49 23
49 24
49 25
49 26
49 27
49 28
0
Yes
44 43
44 44
44 45
44 46
44 47
44 48
44 49
45 43
45 44
45 45
45 46
45 47
45 48
45 49
46 43
46 44
46 45
46 46
46 47
46 48
46 49
47 43
47 44
47 45
47 46
47 47
47 48
47 49
48 43
48 44
48 45
48 46
48 47
48 48
48 49
49 43
49 44
0
Yes
29 0
29 1
29 2
29 3
30 0
30 1
30 2
30 3
31 0
31 1
31 2
0
Yes
40 12
39 12
39 13
40 13
40 14
39 14
38 13
38 12
38 14
37 12
37 13
37 14
39 15
38 15
40 15
37 15
36 13
36 14
36 12
36 15
38 16
39 16
37 16
36 16
39 17
38 17
37 17
36 17
40 17
35 14
35 13
35 15
35 16
35 17
34 13
34 14
34 15
34 16
34 17
33 14
33 15
33 16
33 13
33 17
33 12
32 12
32 13
32 14
32 15
32 16
32 17
31 13
31 14
31 15
31 16
31 12
31 17
31 11
30 12
30 13
30 14
30 15
30 16
30 11
30 17
30 10
29 11
29 10
29 14
29 15
29 16
29 17
29 9
30 9
31 9
31 8
30 8
29 8
32 8
30 7
31 7
29 7
28 10
28 9
28 8
28 7
0
Yes
41 0
41 1
41 2
41 3
41 4
41 5
41 6
41 7
41 8
42 0
42 1
42 2
42 3
42 4
42 5
42 6
42 7
42 8
43 0
43 1
43 2
43 3
43 4
43 5
43 6
43 7
43 8
44 0
44 1
44 2
44 3
44 4
44 5
44 6
44 7
44 8
45 0
45 1
45 2
45 3
45 4
45 5
45 6
45 7
45 8
46 0
46 1
46 2
46 3
46 4
46 5
46 6
46 7
46 8
47 0
47 1
47 2
47 3
47 4
47 5
47 6
47 7
47 8
48 0
48 1
48 2
48 3
48 4
48 5
48 6
48 7
48 8
49 0
49 1
49 2
0
Yes
30 13
30 14
30 15
30 16
30 17
31 13
31 14
31 15
31 16
31 17
32 13
32 14
32 15
32 16
32 17
33 13
33 14
33 15
33 16
33 17
34 13
34 14
34 15
34 16
34 17
35 13
35 14
35 15
35 16
35 17
36 13
36 14
36 15
36 16
36 17
37 13
37 14
37 15
37 16
37 17
38 13
38 14
38 15
38 16
38 17
39 13
39 14
39 15
39 16
39 17
0
Yes
21 0
21 1
21 2
21 3
21 4
21 5
22 0
22 1
22 2
22 3
22 4
22 5
23 0
23 1
23 2
23 3
23 4
23 5
24 0
24 1
24 2
24 3
24 4
24 5
25 0
25 1
25 2
25 3
25 4
25 5
26 0
26 1
26 2
26 3
0
No
0
Yes
31 33
31 34
31 35
31 36
32 33
32 34
32 35
32 36
33 33
33 34
33 35
33 36
34 33
34 34
34 35
34 36
35 33
0
Yes
8 43
8 44
8 45
8 46
8 47
8 48
8 49
9 43
9 44
9 45
9 46
9 47
9 48
9 49
10 43
10 44
10 45
10 46
10 47
10 48
10 49
11 43
11 44
11 45
11 46
11 47
11 48
11 49
12 43
12 44
12 45
12 46
12 47
12 48
12 49
13 43
13 44
13 45
13 46
13 47
13 48
13 49
14 43
14 44
14 45
14 46
14 47
14 48
14 49
0
No
0
Yes
46 42
46 41
45 41
47 41
47 42
47 43
46 43
45 43
46 44
45 44
47 44
48 42
48 43
48 41
48 44
47 40
46 40
48 40
44 44
44 43
46 39
47 39
48 39
45 45
46 45
47 45
44 45
48 45
49 41
49 42
49 43
49 40
49 44
49 39
49 45
46 46
45 46
47 46
48 46
44 46
49 46
43 45
43 44
49 38
45 47
46 47
47 47
48 47
44 47
49 47
43 47
46 48
45 48
47 48
44 48
48 48
43 48
49 48
45 49
46 49
47 49
44 49
48 49
43 49
49 49
46 38
49 37
48 37
0
No
0
Yes
30 37
30 38
30 39
31 37
31 38
31 39
32 37
32 38
32 39
33 37
33 38
0
Yes
0 43
0 44
0 45
0 46
0 47
0 48
0 49
1 43
1 44
1 45
1 46
1 47
1 48
1 49
2 43
2 44
2 45
2 46
2 47
2 48
2 49
3 43
3 44
3 45
3 46
3 47
3 48
3 49
4 43
4 44
4 45
4 46
4 47
4 48
4 49
5 43
5 44
5 45
5 46
5 47
5 48
5 49
6 43
6 44
6 45
6 46
6 47
6 48
6 49
7 43
7 44
7 45
7 46
7 47
0
No
0
Yes
26 18
26 19
26 20
26 21
26 22
26 23
26 24
26 25
26 26
27 18
27 19
27 20
27 21
27 22
27 23
27 24
27 25
27 26
28 18
28 19
28 20
28 21
28 22
28 23
28 24
28 25
28 26
29 18
29 19
29 20
29 21
29 22
29 23
29 24
29 25
29 26
30 18
30 19
30 20
30 21
30 22
30 23
30 24
30 25
30 26
31 18
31 19
31 20
31 21
31 22
31 23
31 24
31 25
31 26
32 18
32 19
32 20
32 21
32 22
32 23
32 24
32 25
32 26
33 18
33 19
33 20
33 21
33 22
33 23
33 24
33 25
33 26
34 18
34 19
34 20
34 21
34 22
34 23
34 24
34 25
34 26
35 18
35 19
35 20
35 21
35 22
35 23
35 24
35 25
35 26
36 18
36 19
36 20
36 21
36 22
36 23
36 24
36 25
36 26
37 18
37 19
37 20
37 21
37 22
37 23
37 24
37 25
37 26
38 18
38 19
38 20
38 21
38 22
38 23
38 24
0
Yes
42 9
42 10
42 11
42 12
42 13
42 14
42 15
42 16
43 9
43 10
43 11
43 12
43 13
43 14
43 15
43 16
44 9
44 10
44 11
44 12
44 13
44 14
44 15
44 16
45 9
45 10
45 11
45 12
45 13
45 14
45 15
45 16
46 9
46 10
46 11
46 12
46 13
46 14
46 15
46 16
47 9
47 10
47 11
47 12
47 13
47 14
47 15
47 16
48 9
48 10
48 11
48 12
48 13
48 14
48 15
48 16
49 9
49 10
49 11
49 12
49 13
0
Yes
15 41
15 42
15 43
15 44
15 45
15 46
15 47
15 48
15 49
16 41
16 42
16 43
16 44
16 45
16 46
16 47
16 48
16 49
17 41
17 42
17 43
17 44
17 45
17 46
17 47
17 48
17 49
18 41
18 42
18 43
18 44
18 45
18 46
18 47
18 48
18 49
19 41
19 42
19 43
19 44
19 45
19 46
19 47
19 48
19 49
20 41
20 42
20 43
20 44
20 45
20 46
20 47
20 48
20 49
21 41
21 42
21 43
21 44
21 45
21 46
21 47
21 48
21 49
0
Yes
21 0
21 1
21 2
21 3
21 4
21 5
22 0
22 1
22 2
22 3
22 4
22 5
23 0
23 1
23 2
23 3
23 4
23 5
24 0
24 1
24 2
24 3
24 4
24 5
25 0
25 1
25 2
25 3
25 4
25 5
26 0
26 1
26 2
26 3
26 4
26 5
27 0
27 1
0
Yes
22 39
22 40
22 41
22 42
22 43
22 44
22 45
22 46
22 47
22 48
22 49
23 39
23 40
23 41
23 42
23 43
23 44
23 45
23 46
23 47
23 48
23 49
24 39
24 40
24 41
24 42
24 43
24 44
24 45
24 46
24 47
24 48
24 49
25 39
25 40
25 41
25 42
25 43
25 44
25 45
25 46
25 47
25 48
25 49
26 39
26 40
26 41
26 42
26 43
26 44
26 45
26 46
26 47
26 48
0
Yes
25 27
25 28
25 29
26 27
26 28
0
Yes
35 17
34 17
34 16
35 16
36 16
36 17
35 15
34 15
36 15
37 17
37 16
37 15
33 16
33 17
33 15
32 17
32 16
32 15
34 14
35 14
36 14
33 14
37 14
32 14
38 16
38 15
38 17
38 14
35 13
34 13
36 13
33 13
37 13
32 13
38 13
39 17
39 16
39 15
39 14
39 13
31 16
31 15
31 14
31 17
31 13
39 18
30 17
30 16
30 15
30 14
30 13
36 12
37 12
38 12
39 12
40 16
40 17
40 15
40 14
40 13
40 18
40 12
33 12
32 12
31 12
30 12
40 19
39 19
39 20
40 20
41 17
41 16
41 18
41 15
41 19
41 14
41 13
41 20
41 12
29 16
29 15
29 14
29 17
0
Yes
36 0
36 1
36 2
36 3
37 0
37 1
37 2
37 3
38 0
38 1
38 2
38 3
39 0
39 1
39 2
39 3
40 0
40 1
40 2
0
No
0
Yes
0 43
0 44
0 45
0 46
0 47
0 48
0 49
1 43
1 44
1 45
1 46
1 47
1 48
1 49
2 43
2 44
2 45
2 46
2 47
2 48
2 49
3 43
3 44
3 45
3 46
3 47
3 48
3 49
4 43
4 44
4 45
4 46
4 47
4 48
4 49
5 43
5 44
5 45
5 46
5 47
5 48
5 49
6 43
6 44
6 45
6 46
6 47
6 48
6 49
7 43
7 44
7 45
0
No
0
Yes
34 48
34 49
35 48
35 49
36 48
36 49
37 48
37 49
38 48
38 49
0
No
0
Yes
47 39
46 39
46 38
46 40
47 40
48 40
48 39
47 41
46 41
48 41
49 39
49 40
49 41
49 38
45 41
46 42
47 42
48 42
49 42
47 43
48 43
46 43
49 43
45 43
46 44
47 44
48 44
45 44
49 44
44 44
44 43
47 45
46 45
48 45
45 45
49 45
44 45
46 46
47 46
48 46
45 46
49 46
44 46
43 45
43 44
47 47
46 47
48 47
45 47
49 47
44 47
43 47
46 48
47 48
48 48
45 48
44 48
49 48
43 48
47 49
46 49
48 49
45 49
44 49
49 49
43 49
49 37
48 37
48 36
49 36
0
No
0
Yes
28 44
27 44
27 45
26 45
26 44
26 43
26 46
25 44
25 45
25 43
25 46
25 42
26 42
26 41
25 41
27 41
24 43
24 44
24 45
24 42
24 46
24 41
25 47
26 47
24 47
27 47
27 48
26 48
25 48
24 48
28 48
28 47
23 44
23 43
23 45
23 42
23 46
23 47
23 41
23 48
25 40
26 40
24 40
23 40
28 49
27 49
26 49
25 49
24 49
23 49
29 49
29 48
30 48
26 39
25 39
24 39
23 39
27 39
22 43
22 44
22 45
22 42
22 46
22 41
22 47
22 40
22 48
22 39
22 49
27 38
26 38
28 38
0
Yes
0 0
0 1
1 0
1 1
2 0
2 1
3 0
0
Yes
26 18
26 19
26 20
26 21
26 22
26 23
26 24
26 25
26 26
27 18
27 19
27 20
27 21
27 22
27 23
27 24
27 25
27 26
28 18
28 19
28 20
28 21
28 22
28 23
28 24
28 25
28 26
29 18
29 19
29 20
29 21
29 22
29 23
29 24
29 25
29 26
30 18
30 19
30 20
30 21
30 22
30 23
30 24
30 25
30 26
31 18
31 19
31 20
31 21
31 22
31 23
31 24
31 25
31 26
32 18
32 19
32 20
32 21
32 22
32 23
32 24
32 25
32 26
33 18
33 19
0
Yes
34 17
34 18
34 19
34 20
34 21
34 22
34 23
34 24
34 25
34 26
35 17
35 18
35 19
35 20
35 21
35 22
35 23
35 24
35 25
35 26
36 17
36 18
36 19
36 20
36 21
36 22
36 23
36 24
36 25
36 26
37 17
37 18
37 19
37 20
37 21
37 22
37 23
37 24
37 25
37 26
38 17
38 18
38 19
38 20
38 21
38 22
38 23
38 24
38 25
38 26
39 17
39 18
39 19
39 20
39 21
39 22
39 23
39 24
39 25
39 26
40 17
40 18
40 19
40 20
40 21
40 22
40 23
40 24
40 25
40 26
41 17
41 18
41 19
41 20
41 21
41 22
41 23
41 24
41 25
41 26
42 17
42 18
42 19
42 20
42 21
42 22
42 23
42 24
42 25
42 26
43 17
43 18
43 19
43 20
43 21
0
Yes
6 16
6 17
6 18
6 19
6 20
7 16
7 17
7 18
7 19
7 20
8 16
8 17
8 18
8 19
8 20
9 16
9 17
9 18
9 19
9 20
10 16
10 17
0
Yes
45 43
45 44
45 45
45 46
45 47
45 48
45 49
46 43
46 44
46 45
46 46
46 47
46 48
46 49
47 43
47 44
47 45
47 46
47 47
47 48
47 49
48 43
48 44
48 45
48 46
48 47
48 48
48 49
49 43
49 44
49 45
49 46
49 47
0
Yes
37 12
36 12
36 13
37 13
38 13
38 12
38 11
37 14
36 14
38 14
39 12
39 13
39 11
39 14
35 13
35 14
39 10
38 10
37 10
36 15
37 15
38 15
35 15
39 15
38 9
39 9
40 11
40 12
40 13
40 10
40 14
40 9
40 15
34 14
34 13
34 15
37 16
36 16
38 16
35 16
39 16
34 16
40 16
41 12
41 11
41 13
41 10
41 14
41 15
41 9
41 16
33 13
33 14
33 15
33 16
33 12
39 8
40 8
38 8
37 8
32 12
32 13
32 14
32 15
32 16
38 7
39 7
40 7
31 13
31 14
31 15
31 12
31 16
31 11
39 6
38 6
40 6
33 17
32 17
31 17
30 12
30 13
30 14
30 15
30 16
30 11
30 17
38 5
39 5
40 5
37 5
30 10
37 4
38 4
39 4
40 4
29 11
29 10
29 14
29 15
29 16
29 17
29 9
30 9
31 9
31 8
30 8
29 8
32 8
30 7
31 7
29 7
28 10
28 9
28 8
28 7
0
Yes
46 23
46 24
45 23
45 24
47 23
47 24
46 22
46 25
45 22
45 25
47 22
47 25
44 23
44 24
48 23
48 24
44 22
44 25
46 21
46 26
48 22
48 25
45 21
45 26
47 21
47 26
43 23
43 24
49 23
49 24
44 21
44 26
48 21
48 26
43 22
43 25
49 22
49 25
46 20
46 27
45 20
45 27
47 20
47 27
43 26
49 21
49 26
44 20
44 27
48 20
48 27
46 19
46 28
43 27
45 19
45 28
47 19
47 28
49 20
49 27
44 19
44 28
48 19
48 28
42 27
43 28
49 19
49 28
46 18
46 29
45 18
45 29
47 18
47 29
44 18
44 29
48 18
48 29
42 28
43 29
49 18
49 29
46 17
45 17
47 17
44 17
48 17
0
Yes
0 43
0 42
1 42
1 43
1 44
0 44
0 45
1 45
2 43
2 44
2 42
2 45
1 41
0 41
2 41
0 40
1 40
2 40
1 46
0 46
2 46
3 42
3 43
3 44
3 41
3 45
3 40
3 46
0 47
1 47
2 47
3 47
4 43
4 42
4 44
4 41
4 45
4 46
4 40
4 47
1 39
2 39
0 39
0 38
1 38
2 38
1 48
2 48
3 48
0 48
4 48
5 42
5 43
5 44
5 45
5 46
5 47
5 48
4 39
0 49
1 49
2 49
3 49
4 49
5 49
6 43
6 44
6 45
6 46
6 47
6 48
6 42
6 49
1 37
0 37
2 37
6 41
3 37
0 36
1 36
2 36
7 42
7 43
7 44
7 45
7 46
7 47
7 48
7 41
7 49
7 40
8 41
0
Yes
31 27
31 28
31 29
31 30
31 31
32 27
32 28
32 29
32 30
32 31
33 27
33 28
33 29
33 30
33 31
34 27
34 28
34 29
34 30
34 31
35 27
35 28
35 29
35 30
35 31
36 27
36 28
36 29
36 30
36 31
0
Yes
29 22
29 23
28 22
28 23
30 22
30 23
29 21
29 24
28 21
28 24
30 21
30 24
27 22
27 23
31 22
31 23
27 21
27 24
29 20
29 25
31 21
31 24
28 20
28 25
30 20
30 25
26 22
26 23
32 22
32 23
27 20
27 25
31 20
31 25
26 21
26 24
32 21
32 24
29 19
29 26
28 19
28 26
30 19
30 26
26 20
26 25
32 20
32 25
25 23
27 19
27 26
31 19
31 26
33 22
33 23
25 24
33 21
33 24
29 18
26 19
26 26
28 18
30 18
32 19
32 26
25 25
33 20
33 25
27 18
31 18
24 24
25 26
33 19
33 26
26 18
32 18
24 25
33 18
0
No
0
No
0
Yes
21 0
21 1
21 2
21 3
21 4
21 5
22 0
22 1
22 2
22 3
22 4
22 5
23 0
23 1
23 2
23 3
23 4
23 5
24 0
24 1
24 2
24 3
24 4
24 5
25 0
25 1
25 2
25 3
25 4
0
Yes
0 13
0 14
0 15
0 16
0 17
1 13
1 14
1 15
1 16
1 17
2 13
2 14
2 15
2 16
2 17
3 13
3 14
3 15
3 16
0
Yes
8 43
8 44
8 45
8 46
8 47
8 48
8 49
9 43
9 44
9 45
9 46
9 47
9 48
9 49
10 43
10 44
10 45
10 46
10 47
10 48
10 49
11 43
11 44
11 45
11 46
11 47
11 48
11 49
12 43
12 44
12 45
12 46
12 47
12 48
12 49
13 43
13 44
13 45
13 46
13 47
13 48
13 49
14 43
14 44
14 45
14 46
0
Yes
44 17
44 18
44 19
44 20
44 21
44 22
44 23
44 24
44 25
44 26
45 17
45 18
45 19
45 20
45 21
45 22
45 23
45 24
45 25
45 26
46 17
46 18
46 19
46 20
46 21
46 22
46 23
46 24
46 25
46 26
47 17
47 18
47 19
47 20
47 21
47 22
47 23
47 24
47 25
47 26
48 17
48 18
48 19
48 20
48 21
48 22
48 23
48 24
48 25
48 26
49 17
49 18
49 19
49 20
49 21
49 22
49 23
49 24
49 25
0
Yes
39 47
39 48
39 49
40 47
40 48
40 49
41 47
41 48
41 49
42 47
42 48
42 49
43 47
43 48
43 49
44 47
44 48
44 49
0
Yes
0 7
0 8
1 7
1 8
2 7
0
Yes
42 9
42 10
42 11
42 12
42 13
42 14
42 15
42 16
43 9
43 10
43 11
43 12
43 13
43 14
43 15
43 16
44 9
44 10
44 11
44 12
44 13
44 14
44 15
44 16
45 9
45 10
45 11
45 12
45 13
45 14
45 15
45 16
46 9
46 10
46 11
46 12
46 13
46 14
46 15
46 16
47 9
47 10
47 11
47 12
47 13
47 14
47 15
47 16
48 9
48 10
48 11
48 12
48 13
48 14
48 15
48 16
49 9
0
Yes
36 0
36 1
36 2
36 3
37 0
37 1
37 2
37 3
38 0
38 1
38 2
38 3
39 0
39 1
39 2
39 3
40 0
40 1
40 2
0
Yes
45 29
45 30
45 31
45 32
46 29
46 30
46 31
46 32
47 29
47 30
47 31
47 32
48 29
48 30
48 31
48 32
49 29
49 30
49 31
49 32
0
Yes
24 27
24 26
23 26
25 26
25 27
25 28
26 27
26 26
26 28
23 25
24 25
25 25
26 25
24 24
25 24
26 24
27 26
27 27
27 25
27 24
25 23
26 23
27 23
28 25
28 26
28 24
28 23
29 26
29 25
29 24
29 23
29 27
26 22
27 22
28 22
25 22
29 22
24 22
24 21
25 21
26 21
27 21
28 21
29 21
30 27
30 26
30 25
30 24
30 23
30 22
30 21
23 21
23 22
30 28
29 28
23 20
24 20
25 20
26 20
27 20
28 20
29 20
30 20
31 26
31 27
31 25
31 24
31 23
31 22
31 21
31 28
31 20
22 20
22 21
31 29
30 29
30 30
31 30
29 30
24 19
23 19
25 19
26 19
27 19
28 19
29 19
30 19
22 19
31 19
32 27
32 26
32 28
32 25
32 29
32 24
32 23
32 22
32 21
32 20
32 30
32 19
31 31
32 31
21 19
23 18
22 18
21 18
33 26
33 27
33 28
33 25
33 29
33 24
33 30
33 23
33 22
33 21
33 20
33 31
33 19
26 18
27 18
28 18
29 18
30 18
31 18
32 18
33 18
32 32
33 32
0
Yes
45 29
45 30
45 31
45 32
46 29
46 30
46 31
46 32
47 29
47 30
47 31
47 32
48 29
48 30
48 31
48 32
49 29
49 30
49 31
49 32
0
Yes
26 0
26 1
26 2
26 3
27 0
27 1
27 2
27 3
28 0
28 1
28 2
28 3
29 0
29 1
29 2
29 3
30 0
30 1
30 2
30 3
31 0
0
Yes
8 43
8 44
8 45
8 46
8 47
8 48
8 49
9 43
9 44
9 45
9 46
9 47
9 48
9 49
10 43
10 44
10 45
10 46
10 47
10 48
10 49
11 43
11 44
11 45
11 46
11 47
11 48
11 49
12 43
12 44
12 45
12 46
12 47
12 48
12 49
13 43
13 44
13 45
13 46
13 47
13 48
0
Yes
17 39
17 40
17 41
17 42
17 43
17 44
17 45
17 46
17 47
17 48
17 49
18 39
18 40
18 41
18 42
18 43
18 44
18 45
18 46
18 47
18 48
18 49
19 39
19 40
19 41
19 42
19 43
19 44
19 45
19 46
19 47
19 48
19 49
20 39
20 40
20 41
20 42
20 43
20 44
20 45
20 46
20 47
20 48
20 49
21 39
21 40
21 41
21 42
21 43
21 44
21 45
21 46
21 47
21 48
21 49
22 39
22 40
22 41
22 42
22 43
22 44
22 45
22 46
22 47
22 48
22 49
23 39
23 40
23 41
23 42
23 43
23 44
23 45
23 46
23 47
23 48
23 49
24 39
24 40
24 41
24 42
24 43
24 44
24 45
24 46
24 47
24 48
24 49
25 39
25 40
25 41
25 42
25 43
25 44
25 45
25 46
25 47
25 48
25 49
26 39
26 40
26 41
26 42
26 43
26 44
26 45
26 46
26 47
26 48
26 49
27 39
